OBJECTID,MasterFile,AgencyORINumber,LocalCode,CollisionDate,CollisionTime,CollisionDayWeekCode,RoadwayName,RoadwayName_Direction_,RoadwayName_RoadwaySuffix_,RoadwayfromReport,CurrentRoadwayNumber,RoadwayNumberCoupletID,RSEUniqueGIS,RoadwayIdentifier,ParkingLotIndicator,IntersectionWith_Indicator_,IntersectionWith_NameRoadway_,IntersectionWith_Direction_,IntersectionWith_RoadwaySuffix_,BetweenStreets_Indicator_,BetweenStreets1_NameRoadway_,BetweenStreet1_Direction_,BetweenStreets1_RoadwaySuffix_,BetweenStreets2_NameRoadway_,BetweenStreets2_Direction_,BetweenStreets2_RoadwaySuffix_,Milepoint,ReportMilepointDeriveNumber,CurrentDerivedMiepointNumber,MilestoMilepoint,FeettoMilepoint,DirectionfromMilepoint_NSEW_,ValidMilepointIndicator,NumberInjured,NumberKilled,ofUnits,ofMotorVehicleUnits,Hit&RunIndicator,OneWayIndicator,SpeedLimitNumber,KilometersIndicator,CountyCode,CityCountyCode,MilesFromCity,DirectionFromCity_NSEW_,InCityLimitsIndicator,Latitude,Longitude,RampIndicator,RampFromIdentifier,RampFromDirCode,RampFromCoupletID,RSEUniqueGISRampFrom,RampToidentifier,RampToDirCode,RampToCoupletID,RSEUniqueGisRampTo,MannerofCollisionCode,LocationFirstEventCode,TotalLanes,RoadwayCharacterCode,RoadwaySurfaceCode,RoadwayConditionCode,WeatherCode,LightConditionCode,LandUseCode,SchoolBusRelatedCode,FirstAidSceneIndicator,CollDescPresentInd,InvestigationCompleteIndicator,PhotosTakenIndicator,TimeNotified,TimeArrived,TimeRoadwayOpened,PropertyDamageIndicator,DiagramPresentIndicator,DirectionalAnalysis,FunctionClassCode,NationalHwySysCode,EnforcementsIndicator,KARSCityCode,SecondaryCollisionIndicator,MedianCrossoverIndicator,RT_UNIQUE,MapIt,TimeLastLeft,YR,KABCO,MFNY,WorkingRID,RT_CONFIDENCE,KTC_RT,KTC_MP,Motorcyclist,Commercial Vehicle,Young Driver,Mature Driver,Pedestrian,Bicyclist,Distracted,Aggressive,Impaired,Unrestrained,Intersection,Roadway Departure,Median Cross-over,City Crash
1,72353560,KSP0900,19-16042,20190505,230,,KY1499,,,KY1499,KY1499,0,098 KY-1499,KY1499,N,N,NULL,NULL,NULL,N,NULL,NULL,NULL,NULL,NULL,NULL,1.137,NULL,NULL,NULL,NULL,,NULL,1,0,1,1,N,N,55,NULL,98,9847,2,N,N,37.39692,-82.25713,N,NULL,NULL,NULL,NULL,NULL,NULL,NULL,NULL,9,4,2,6,1,5,6,4,6,3,N,NULL,Y,Y,230,258,,N,NULL,44,7,0,Y,,N,N,098-KY-1499-0,NULL,NULL,2019,B,7.24E+11,098-KY-1499  -000,HIGH,098-KY-1499  -000,1.137,0,0,0,0,0,0,0,0,1,1,0,1,0,0
2,72353352,KSP0900,19-17032,20190511,1836,,US23,,,US0023,US0023,0,098 US-23-10,US0023,Y,N,NULL,NULL,NULL,N,NULL,NULL,NULL,NULL,NULL,NULL,28.92,NULL,NULL,NULL,NULL,,NULL,0,0,2,2,N,N,15,NULL,98,9807,NULL,,Y,37.52266,-82.5714,N,NULL,NULL,NULL,NULL,NULL,NULL,NULL,NULL,2,97,1,6,1,5,3,2,1,3,N,NULL,Y,N,1836,1851,1836,N,NULL,90,,1,N,,N,N,098-US-0023-10,NULL,NULL,2019,O,7.24E+11,098-US-0023  -010,HIGH,098-US-0023  -000,28.92,0,0,0,1,0,0,1,0,0,0,0,0,0,0
3,72331919,980100,2.02E+11,20190323,1126,,CASSIDY,,BLVD,,,0,098 CS-1191,CS1191,Y,N,NULL,NULL,NULL,N,NULL,NULL,NULL,NULL,NULL,NULL,0.062,NULL,NULL,NULL,NULL,,NULL,0,0,2,2,N,N,15,NULL,98,9801,NULL,,Y,37.50367,-82.53316,N,NULL,NULL,NULL,NULL,NULL,NULL,NULL,NULL,2,97,1,6,1,1,2,2,1,3,N,NULL,Y,N,1127,1137,,N,NULL,90,,,N,,N,N,098-CS-1191-0,NULL,NULL,2019,O,7.23E+11,098-CS-1191  -000,HIGH,098-CS-1191  -000,0.062,0,0,0,1,0,0,1,0,0,0,0,0,0,1
4,72391537,980000,19-07-001,20190720,2209,,PINSONFORK,,RD,,,0,098 CR-1544J,CR1544J,N,N,NULL,NULL,NULL,N,NULL,NULL,NULL,NULL,NULL,NULL,0.022,NULL,NULL,NULL,NULL,,NULL,1,0,1,1,N,N,35,NULL,98,9872,NULL,,Y,37.56794,-82.26817,N,NULL,NULL,NULL,NULL,NULL,NULL,NULL,NULL,9,3,2,3,1,1,2,6,6,3,Y,NULL,N,Y,2200,2240,2255,N,NULL,44,,,Y,,N,N,098-CR-1544J-0,NULL,NULL,2019,B,7.24E+11,098-CR-1544J -000,HIGH,098-CR-1544J -000,0.022,0,0,0,0,0,0,0,0,1,0,0,1,0,0
5,72337165,980100,2.02E+11,20190409,1635,,US23,,,US0023,US0023,,,,N,N,NULL,NULL,NULL,N,NULL,NULL,NULL,NULL,NULL,NULL,23.066,NULL,NULL,NULL,NULL,,NULL,0,0,2,2,N,N,55,NULL,98,9801,NULL,,Y,37.46585,-82.5282,N,NULL,NULL,NULL,NULL,NULL,NULL,NULL,NULL,5,3,4,6,1,1,2,2,1,3,N,NULL,Y,N,1635,1636,,N,NULL,49,,1,N,,N,N,,NULL,NULL,2019,O,7.23E+11,098-US-0023  -010,MEDIUM,098-US-0023  -000,23.066,0,0,0,0,0,0,1,0,0,0,0,0,0,1
6,72335047,KSP0900,19-10639,20190331,916,,KY195,,,KY0195,KY0195,0,098 KY-195,KY0195,N,N,NULL,NULL,NULL,N,NULL,NULL,NULL,NULL,NULL,NULL,10.789,NULL,NULL,NULL,NULL,,NULL,1,0,1,1,N,N,55,NULL,98,9802,NULL,,Y,37.35875,-82.41771,N,NULL,NULL,NULL,NULL,NULL,NULL,NULL,NULL,9,3,2,3,1,5,6,2,7,3,N,NULL,Y,Y,916,946,,N,NULL,70,7,0,N,,N,N,098-KY-0195-0,NULL,NULL,2019,C,7.23E+11,098-KY-0195  -000,HIGH,098-KY-0195  -000,10.789,0,0,0,1,0,0,1,0,0,0,0,1,0,0
7,72577101,KSP0900,20-826552,20201212,2243,,LEFT FORK ISLAND,,CRK,,,0,098 CR-1233Q3,CR1233Q3,N,N,NULL,NULL,NULL,N,NULL,NULL,NULL,NULL,NULL,NULL,0.689,NULL,NULL,NULL,NULL,,NULL,0,0,1,1,N,N,35,NULL,98,9801,NULL,,Y,37.43333,-82.56612,N,NULL,NULL,NULL,NULL,NULL,NULL,NULL,NULL,9,3,1,3,1,5,10,6,7,3,N,NULL,Y,N,2247,2300,,N,NULL,44,,,N,,N,N,098-CR-1233Q3-0,NULL,NULL,2020,O,7.26E+11,098-CR-1233Q3-000,HIGH,098-CR-1233Q3-000,0.689,0,0,0,0,0,0,1,0,0,0,0,1,0,0
8,72423400,KSP0900,19-41254,20191020,1046,,KY122,,,KY0122,KY0122,0,098 KY-122,KY0122,N,N,NULL,NULL,NULL,N,NULL,NULL,NULL,NULL,NULL,NULL,12.096,NULL,NULL,NULL,NULL,,NULL,2,0,1,1,N,N,55,NULL,98,9801,NULL,,Y,37.39451,-82.52307,N,NULL,NULL,NULL,NULL,NULL,NULL,NULL,NULL,9,3,2,3,1,5,3,2,7,3,N,NULL,Y,Y,1048,1111,,N,NULL,70,,0,N,,N,N,098-KY-0122-0,NULL,NULL,2019,C,7.24E+11,098-KY-0122  -000,HIGH,098-KY-0122  -000,12.096,0,0,0,0,0,0,0,1,0,0,0,1,0,0
9,72312452,KSP0900,19-3419,20190201,1847,,TOLER,,RD,KY0319,KY0319,0,098 KY-319,KY0319,N,N,NULL,NULL,NULL,N,NULL,NULL,NULL,NULL,NULL,NULL,3.098,NULL,NULL,NULL,NULL,,NULL,0,0,1,1,N,N,55,NULL,98,9842,NULL,,Y,37.60436,-82.21901,N,NULL,NULL,NULL,NULL,NULL,NULL,NULL,NULL,9,3,2,6,1,5,3,6,7,3,N,NULL,Y,N,1851,1905,1905,N,NULL,38,7,0,N,,N,N,098-KY-0319-0,NULL,NULL,2019,O,7.23E+11,098-KY-0319  -000,HIGH,098-KY-0319  -000,3.098,0,0,0,0,0,0,0,0,0,0,0,0,0,0
10,72375765,980500,2019AR050,20190703,2236,,MAYO TRAIL,N,ST,,,0,098 CS-3000,CS3000,Y,N,NULL,NULL,NULL,N,NULL,NULL,NULL,NULL,NULL,NULL,,NULL,NULL,NULL,NULL,NULL,NULL,0,0,2,2,Y,N,15,NULL,98,9807,NULL,,Y,37.51844,-82.56601,N,NULL,NULL,NULL,NULL,NULL,NULL,NULL,NULL,2,7,,6,1,1,2,5,1,3,N,NULL,Y,N,2240,2241,,N,NULL,90,,,N,,N,N,098-CS-3000-0,NULL,NULL,2019,O,7.24E+11,098-CS-3000  -000,HIGH,098-CS-3000  -000,0.425,0,0,0,0,0,0,0,0,0,0,0,0,0,0
11,72314186,980100,2.02E+11,20190207,1951,,HUFFMAN,,AVE,,,,,,N,N,NULL,NULL,NULL,N,NULL,NULL,NULL,NULL,NULL,NULL,0.09,NULL,NULL,NULL,NULL,,NULL,1,0,2,1,N,N,25,NULL,98,9801,NULL,,Y,37.47763,-82.51842,N,NULL,NULL,NULL,NULL,NULL,NULL,NULL,NULL,9,3,3,6,1,1,3,5,1,3,Y,NULL,Y,Y,1951,1953,2000,N,NULL,36,,,N,,N,N,,NULL,NULL,2019,C,7.23E+11,098-CS-1123  -000,HIGH,098-CS-1123  -000,0.09,0,0,0,0,1,0,0,0,0,0,0,0,0,1
12,72416757,980100,2.02E+11,20191006,1006,,KY3496,,,KY3496,KY3496,,,,Y,N,NULL,NULL,NULL,N,NULL,NULL,NULL,NULL,NULL,NULL,0.119,NULL,NULL,NULL,NULL,,NULL,0,0,2,2,N,Y,15,NULL,98,9801,NULL,,Y,37.46607,-82.52985,N,NULL,NULL,NULL,NULL,NULL,NULL,NULL,NULL,2,97,1,6,1,1,3,2,1,3,N,NULL,Y,N,1012,1018,,N,NULL,90,16,0,N,,N,N,,NULL,NULL,2019,O,7.24E+11,098-KY-3496  -000,HIGH,098-KY-3496  -000,0.119,0,0,0,0,0,0,1,0,0,0,0,0,0,1
13,72433738,KSP0900,19-44016,20191108,1542,,KY80,,,KY0080,KY0080,0,098 KY-80,KY0080,N,N,NULL,NULL,NULL,N,NULL,NULL,NULL,NULL,NULL,NULL,5.197,NULL,NULL,NULL,NULL,,NULL,1,0,1,1,N,N,55,NULL,98,9802,NULL,,Y,37.29691,-82.32729,N,NULL,NULL,NULL,NULL,NULL,NULL,NULL,NULL,9,5,2,2,1,1,2,2,7,3,Y,NULL,N,Y,1542,1640,,N,NULL,40,7,0,N,,N,N,098-KY-0080-0,NULL,NULL,2019,C,7.24E+11,098-KY-0080  -000,HIGH,098-KY-0080  -000,5.197,0,0,0,0,0,0,0,0,0,0,0,1,0,0
14,72496838,KSP0900,20-15501,20200426,1205,,KY632,,,KY0632,KY0632,0,098 KY-632,KY0632,N,N,NULL,NULL,NULL,N,NULL,NULL,NULL,NULL,NULL,NULL,3.162,NULL,NULL,NULL,NULL,,NULL,2,0,1,1,N,N,55,NULL,98,9817,NULL,,Y,37.48616,-82.30417,N,NULL,NULL,NULL,NULL,NULL,NULL,NULL,NULL,9,5,2,3,1,5,6,2,7,3,N,NULL,Y,Y,1207,1237,1313,N,NULL,44,6,0,N,,N,N,098-KY-0632-0,NULL,NULL,2020,A,7.25E+11,098-KY-0632  -000,HIGH,098-KY-0632  -000,3.162,0,0,0,0,0,0,0,1,0,1,0,1,0,0
15,72299989,980100,2.02E+11,20190107,1525,,ELM,N,ST,,,0,098 CS-1169,CS1169,Y,N,NULL,NULL,NULL,N,NULL,NULL,NULL,NULL,NULL,NULL,0.048,NULL,NULL,NULL,NULL,,NULL,0,0,2,2,Y,N,,NULL,98,9801,NULL,,Y,37.47759,-82.52225,N,NULL,NULL,NULL,NULL,NULL,NULL,NULL,NULL,8,97,,5,1,1,2,2,5,3,N,NULL,Y,N,1525,1531,1531,N,NULL,90,,,N,,N,N,098-CS-1169-0,NULL,NULL,2019,O,7.23E+11,098-CS-1169  -000,HIGH,098-CS-1169  -000,0.048,0,0,0,0,0,0,0,0,0,0,0,0,0,1
16,72327954,KSP0900,19-8665,20190316,1722,,VIRGIE,,RD,KY0610,KY0610,0,098 KY-610,KY0610,N,N,NULL,NULL,NULL,N,NULL,NULL,NULL,NULL,NULL,NULL,7.453,NULL,NULL,NULL,NULL,,NULL,0,0,1,1,Y,N,35,NULL,98,9827,10,SE,N,37.33383,-82.57974,N,NULL,NULL,NULL,NULL,NULL,NULL,NULL,NULL,9,97,2,6,1,1,2,2,5,3,N,NULL,Y,N,1722,2125,2125,Y,NULL,70,7,0,N,,N,N,098-KY-0610-0,NULL,NULL,2019,O,7.23E+11,098-KY-0610  -000,HIGH,098-KY-0610  -000,7.453,0,0,0,0,0,0,1,0,0,0,0,0,0,0
17,72369004,KSP0900,19-21439,20190609,2310,,KY3418,,,KY3418,KY3418,0,098 KY-3418,KY3418,N,N,NULL,NULL,NULL,N,NULL,NULL,NULL,NULL,NULL,NULL,7.301,NULL,NULL,NULL,NULL,,NULL,2,0,2,2,Y,N,40,NULL,98,9850,NULL,,Y,37.46571,-82.40283,N,NULL,NULL,NULL,NULL,NULL,NULL,NULL,NULL,7,3,2,2,1,1,2,6,7,3,Y,NULL,Y,Y,2310,2330,2330,N,NULL,54,9,0,N,,N,N,098-KY-3418-0,NULL,NULL,2019,C,7.24E+11,098-KY-3418  -000,HIGH,098-KY-3418  -000,7.301,0,0,0,1,0,0,0,0,0,0,0,1,0,0
18,72348054,980000,19-05-001,20190503,1128,,TOWN MOUNTAIN,,RD,KY1426,KY1426,0,098 KY-1426,KY1426,N,N,NULL,NULL,NULL,N,NULL,NULL,NULL,NULL,NULL,NULL,6.781,NULL,NULL,NULL,NULL,,NULL,0,0,2,2,N,N,55,NULL,98,9801,NULL,,Y,37.48484,-82.51103,N,NULL,NULL,NULL,NULL,NULL,NULL,NULL,NULL,2,5,2,2,1,1,3,2,7,2,N,NULL,Y,Y,1128,1133,1133,N,NULL,47,,0,N,,N,N,098-KY-1426-0,NULL,NULL,2019,O,7.23E+11,098-KY-1426  -000,HIGH,098-KY-1426  -000,6.781,0,0,0,0,0,0,1,0,0,0,0,0,0,1
19,72434334,980100,2.02E+11,20191110,1339,,BYPASS,S,RD,KY1426,KY1426,,,,N,N,NULL,NULL,NULL,N,NULL,NULL,NULL,NULL,NULL,NULL,6.159,NULL,NULL,NULL,NULL,,NULL,1,0,3,3,N,N,35,NULL,98,9801,NULL,,Y,37.4774,-82.51654,N,NULL,NULL,NULL,NULL,NULL,NULL,NULL,NULL,5,3,2,6,1,1,2,2,1,3,N,NULL,Y,Y,1339,1341,,N,NULL,49,,0,N,,N,N,,NULL,NULL,2019,C,7.24E+11,098-KY-1426  -000,HIGH,098-KY-1426  -000,6.159,0,0,0,1,0,0,1,1,0,0,0,0,0,1
20,72463531,KSP0900,20-1722,20190113,1200,,US119,,,US0119,US0119,0,098 US-119,US0119,N,N,NULL,NULL,NULL,N,NULL,NULL,NULL,NULL,NULL,NULL,24.271,NULL,NULL,NULL,NULL,,NULL,0,0,2,2,N,N,55,NULL,98,9834,NULL,,Y,37.65902,-82.27254,N,NULL,NULL,NULL,NULL,NULL,NULL,NULL,NULL,7,3,4,6,1,1,3,2,7,3,N,NULL,N,N,1200,1205,1208,N,NULL,54,2,1,N,,N,N,098-US-0119-0,NULL,NULL,2019,O,7.25E+11,098-US-0119  -000,HIGH,098-US-0119  -000,24.271,0,0,0,1,0,0,1,1,0,0,0,1,0,0
21,72979612,KSP0900,23-473819,20231128,1823,,KY122,,,KY0122,KY0122,0,098 KY-122,KY0122,N,N,NULL,NULL,NULL,N,NULL,NULL,NULL,NULL,NULL,NULL,10.16,NULL,NULL,NULL,NULL,,NULL,0,0,1,1,N,N,55,NULL,98,9801,NULL,,Y,37.38599,-82.54739,N,NULL,NULL,NULL,NULL,NULL,NULL,NULL,NULL,9,3,2,3,1,1,2,1,7,3,N,NULL,Y,Y,1823,1849,1915,N,NULL,44,,0,N,,N,N,098-KY-0122-0,NULL,NULL,2023,O,7.30E+11,098-KY-0122  -000,HIGH,098-KY-0122  -000,10.157,0,0,0,0,0,0,0,0,1,1,0,1,0,0
22,72388271,KSP0900,19-29344,20190801,1649,,US119,,,US0119,US0119,0,098 US-119,US0119,Y,N,NULL,NULL,NULL,N,NULL,NULL,NULL,NULL,NULL,NULL,24.821,NULL,NULL,NULL,NULL,,NULL,0,0,1,1,N,N,55,NULL,98,9834,NULL,,Y,37.66617,-82.27517,N,NULL,NULL,NULL,NULL,NULL,NULL,NULL,NULL,9,97,4,6,1,1,2,2,1,3,N,NULL,Y,N,1649,1723,1723,Y,NULL,90,2,1,N,,N,N,098-US-0119-0,NULL,NULL,2019,O,7.24E+11,098-US-0119  -000,HIGH,098-US-0119  -000,24.821,0,0,0,0,0,0,0,0,0,0,0,1,0,0
23,72309614,KSP0900,19-2859,20190127,941,,KY1056,,,KY1056,KY1056,,,,N,N,NULL,NULL,NULL,N,NULL,NULL,NULL,NULL,NULL,NULL,4.356,NULL,NULL,NULL,NULL,,NULL,0,0,1,1,N,N,35,NULL,98,9879,NULL,,Y,37.55185,-82.2056,N,NULL,NULL,NULL,NULL,NULL,NULL,NULL,NULL,9,3,2,6,1,2,3,2,7,3,N,NULL,Y,N,1043,1052,1111,N,NULL,40,8,0,N,,N,N,,NULL,NULL,2019,O,7.23E+11,098-KY-1056  -000,HIGH,098-KY-1056  -000,4.356,0,0,0,1,0,0,0,0,0,0,0,1,0,0
24,72372928,980100,2.02E+11,20190628,1412,,THOMPSON,,RD,,,0,098 CS-1215,CS1215,Y,N,NULL,NULL,NULL,N,NULL,NULL,NULL,NULL,NULL,NULL,0.478,NULL,NULL,NULL,NULL,,NULL,0,0,2,2,N,N,,NULL,98,9801,NULL,,Y,37.50624,-82.54418,N,NULL,NULL,NULL,NULL,NULL,NULL,NULL,NULL,2,97,,6,1,1,2,2,5,3,N,NULL,Y,N,1412,1422,1422,N,NULL,90,,,N,,N,N,098-CS-1215-0,NULL,NULL,2019,O,7.24E+11,098-CS-1215  -000,HIGH,098-CS-1215  -000,0.478,0,0,0,0,0,0,1,0,0,0,0,0,0,1
25,72374795,980000,19-06-007,20190627,1140,,US119,,,US0119,US0119,0,098 US-119,US0119,Y,N,NULL,NULL,NULL,N,NULL,NULL,NULL,NULL,NULL,NULL,24.182,NULL,NULL,NULL,NULL,,NULL,0,0,2,2,N,N,15,NULL,98,9834,NULL,,Y,37.65815,-82.27133,N,NULL,NULL,NULL,NULL,NULL,NULL,NULL,NULL,8,97,2,6,1,1,2,2,1,3,N,NULL,Y,Y,1201,1228,1253,N,NULL,90,2,1,N,,N,N,098-US-0119-0,NULL,NULL,2019,O,7.24E+11,098-US-0119  -000,HIGH,098-US-0119  -000,24.182,0,0,0,0,0,0,0,0,0,0,0,0,0,0
26,72348352,980100,2.02E+11,20190423,1633,,LOWES PARKING LOT,,,,,,,,Y,N,NULL,NULL,NULL,N,NULL,NULL,NULL,NULL,NULL,NULL,,NULL,NULL,NULL,NULL,NULL,NULL,0,0,2,2,N,N,,NULL,98,9801,NULL,,Y,37.50339,-82.53522,N,NULL,NULL,NULL,NULL,NULL,NULL,NULL,NULL,2,97,1,6,1,1,2,2,1,3,N,NULL,Y,N,1633,1633,1633,N,NULL,90,,,N,,N,N,,NULL,NULL,2019,O,7.23E+11,098-CS-1191  -000,MEDIUM,098-CS-1191  -000,0.154,0,0,0,0,0,0,1,0,0,0,0,0,0,1
27,72391235,980100,2.02E+11,20190809,1739,,THOMPSON,,RD,,,0,098 CS-1215,CS1215,Y,N,NULL,NULL,NULL,N,NULL,NULL,NULL,NULL,NULL,NULL,0.492,NULL,NULL,NULL,NULL,,NULL,0,0,2,2,N,N,,NULL,98,9801,NULL,,Y,37.50613,-82.54396,N,NULL,NULL,NULL,NULL,NULL,NULL,NULL,NULL,6,97,,6,1,1,2,2,5,3,N,NULL,Y,N,1740,1754,1754,N,NULL,90,,,N,,N,N,098-CS-1215-0,NULL,NULL,2019,O,7.24E+11,098-CS-1215  -000,HIGH,098-CS-1215  -000,0.492,0,0,0,0,0,0,1,0,0,0,0,0,0,1
28,72376846,370200,2019-00024998,20190703,1928,,US23,,,US0023,US0023,0,098 US-23,US0023,N,N,NULL,NULL,NULL,N,NULL,NULL,NULL,NULL,NULL,NULL,14.557,NULL,NULL,NULL,NULL,,NULL,5,0,2,2,N,N,55,NULL,98,9827,5,N,N,37.3916,-82.53211,N,NULL,NULL,NULL,NULL,NULL,NULL,NULL,NULL,3,3,4,4,1,5,6,3,7,3,Y,NULL,Y,Y,1736,1747,1856,N,NULL,52,,1,N,,N,Y,098-US-0023-0,NULL,NULL,2019,A,7.24E+11,098-US-0023  -000,HIGH,098-US-0023  -000,14.557,0,1,0,0,0,0,0,0,0,0,0,1,1,0
29,72488518,980100,2.02E+11,20200311,2003,,SOUTH BYPASS ROAD,,,,,,,,N,Y,BAIRDE AVE,,,N,NULL,NULL,NULL,NULL,NULL,NULL,,NULL,NULL,NULL,NULL,NULL,NULL,1,0,2,2,N,N,35,NULL,98,9801,NULL,,Y,37.47228,-82.52685,N,NULL,NULL,NULL,NULL,NULL,NULL,NULL,NULL,4,3,2,6,1,1,2,5,1,3,Y,NULL,Y,Y,2004,2010,2044,N,NULL,16,,,N,,N,N,,NULL,NULL,2020,C,7.25E+11,098-KY-1426  -000,MEDIUM,098-KY-1426  -000,5.464,0,0,0,0,0,0,0,1,0,0,1,0,0,1
30,72318426,KSP0900,19-4164,20190207,1953,,US119,,,US0119,US0119,0,098 US-119,US0119,N,N,NULL,NULL,NULL,N,NULL,NULL,NULL,NULL,NULL,NULL,24.826,NULL,NULL,NULL,NULL,,NULL,0,0,2,2,N,N,55,NULL,98,9834,NULL,,Y,37.66623,-82.27524,N,NULL,NULL,NULL,NULL,NULL,NULL,NULL,NULL,1,3,4,6,1,1,2,5,1,3,N,NULL,Y,N,2000,2100,2100,N,NULL,55,2,1,N,,N,N,098-US-0119-0,NULL,NULL,2019,O,7.23E+11,098-US-0119  -000,HIGH,098-US-0119  -000,24.826,0,0,0,0,0,0,1,0,0,0,0,0,0,0
31,72414650,980100,2.02E+11,20190928,51,,PHYLLIS,,LN,,,,,,N,N,NULL,NULL,NULL,N,NULL,NULL,NULL,NULL,NULL,NULL,0.112,NULL,NULL,NULL,NULL,,NULL,0,0,1,1,N,N,35,NULL,98,9801,NULL,,Y,37.4868,-82.52647,N,NULL,NULL,NULL,NULL,NULL,NULL,NULL,NULL,9,3,1,2,1,1,2,5,6,3,N,NULL,Y,N,51,56,56,N,NULL,40,,,N,,N,N,,NULL,NULL,2019,O,7.24E+11,098-CS-1090  -000,HIGH,098-CS-1090  -000,0.112,0,0,1,0,0,0,1,0,0,0,0,1,0,1
32,72403389,980100,2.02E+11,20190903,1045,,BAIRD,,AVE,,,,,,N,N,NULL,NULL,NULL,N,NULL,NULL,NULL,NULL,NULL,NULL,,NULL,NULL,NULL,NULL,NULL,NULL,0,0,2,1,N,Y,15,NULL,98,9801,NULL,,Y,37.4731,-82.52789,N,NULL,NULL,NULL,NULL,NULL,NULL,NULL,NULL,9,97,1,6,1,1,2,2,1,3,Y,NULL,Y,N,1045,1104,1104,N,NULL,36,,,N,,N,N,,NULL,NULL,2019,O,7.24E+11,098-KY-1426  -000,HIGH,098-KY-1426  -000,5.399,0,0,0,1,1,0,0,0,0,0,0,0,0,1
33,72345338,980100,2.02E+11,20190420,2042,,KY3496,,,KY3496,KY3496,,,,N,N,NULL,NULL,NULL,N,NULL,NULL,NULL,NULL,NULL,NULL,0.018,NULL,NULL,NULL,NULL,,NULL,0,0,2,2,N,N,35,NULL,98,9801,NULL,,Y,37.46572,-82.5282,N,NULL,NULL,NULL,NULL,NULL,NULL,NULL,NULL,8,3,4,6,1,5,6,5,1,3,N,NULL,Y,N,2042,2050,2050,N,NULL,53,16,0,N,,N,N,,NULL,NULL,2019,O,7.23E+11,098-KY-3496  -000,MEDIUM,098-KY-3496  -000,0.018,0,0,0,1,0,0,0,0,0,0,0,1,0,1
34,72396009,980100,2.02E+11,20190819,2142,,CHLOE,,RD,KY1460,KY1460,0,098 KY-1460,KY1460,N,N,NULL,NULL,NULL,N,NULL,NULL,NULL,NULL,NULL,NULL,,NULL,NULL,NULL,NULL,NULL,NULL,0,0,1,1,N,N,45,NULL,98,9801,NULL,,Y,37.46644,-82.47878,N,NULL,NULL,NULL,NULL,NULL,NULL,NULL,NULL,9,3,2,1,1,1,2,6,6,3,N,NULL,Y,N,2142,2147,2147,N,NULL,38,,0,N,,N,N,098-KY-1460-0,NULL,NULL,2019,O,7.24E+11,098-KY-1460  -000,HIGH,098-KY-1460  -000,2.558,0,0,0,0,0,0,0,0,0,0,0,0,0,1
35,72403692,980000,1909004,20190905,2000,,MALL,,RD,,,0,098 CR-1037,CR1037,Y,N,NULL,NULL,NULL,N,NULL,NULL,NULL,NULL,NULL,NULL,,NULL,NULL,NULL,NULL,,NULL,0,0,2,2,Y,N,5,NULL,98,9812,NULL,,Y,37.65236,-82.26928,N,NULL,NULL,NULL,NULL,NULL,NULL,NULL,NULL,5,7,2,6,1,1,2,5,1,3,N,NULL,N,Y,2010,2025,2035,N,NULL,90,,,N,,N,N,098-CR-1037-0,NULL,NULL,2019,O,7.24E+11,098-CR-1037  -000,HIGH,098-CR-1037  -000,0.075,0,0,0,1,0,0,0,0,0,0,0,0,0,0
36,72350102,KSP0900,19-16028,20190504,2318,,US23,,,US0023,US0023,0,098 US-23-10,US0023,N,N,NULL,NULL,NULL,N,NULL,NULL,NULL,NULL,NULL,NULL,31.741,NULL,NULL,NULL,NULL,,NULL,0,0,1,1,N,N,55,NULL,98,9801,NULL,,Y,37.53716,-82.60412,N,NULL,NULL,NULL,NULL,NULL,NULL,NULL,NULL,9,5,4,6,1,5,6,4,1,3,N,NULL,Y,N,2318,2318,,Y,NULL,44,,1,N,,N,N,098-US-0023-10,NULL,NULL,2019,O,7.24E+11,098-US-0023  -010,HIGH,098-US-0023  -000,31.741,0,0,0,0,0,0,0,0,0,0,0,1,0,1
37,72300901,980500,2019AR002,20190107,1316,,US23,,,US0023,US0023,0,098 US-23,US0023,N,N,NULL,NULL,NULL,N,NULL,NULL,NULL,NULL,NULL,NULL,28.875,NULL,NULL,NULL,NULL,,NULL,3,0,3,3,N,N,45,NULL,98,9807,NULL,,Y,37.52252,-82.57055,N,NULL,NULL,NULL,NULL,NULL,NULL,NULL,NULL,1,3,6,6,1,1,2,2,1,3,Y,NULL,Y,Y,1316,1317,1435,N,NULL,55,,1,Y,,N,N,098-US-0023-0,NULL,NULL,2019,B,7.23E+11,098-US-0023  -000,HIGH,098-US-0023  -000,28.875,0,0,0,0,0,0,0,1,0,0,0,0,0,0
38,72305093,980100,2.02E+11,20190119,1500,,CASSIDY,,BLVD,,,,,,Y,N,NULL,NULL,NULL,N,NULL,NULL,NULL,NULL,NULL,NULL,,NULL,NULL,NULL,NULL,,NULL,0,0,2,2,N,N,15,NULL,98,9801,NULL,,Y,37.50493,-82.53924,N,NULL,NULL,NULL,NULL,NULL,NULL,NULL,NULL,1,97,2,6,1,5,6,2,1,3,N,NULL,N,N,1403,1410,1423,N,NULL,90,,,N,,N,N,,NULL,NULL,2019,O,7.23E+11,098-CS-1191  -000,MEDIUM,098-CS-1191  -000,0.414,0,0,0,0,0,0,1,0,0,0,0,0,0,1