OBJECTID,MasterFile,AgencyORINumber,LocalCode,CollisionDate,CollisionTime,CollisionDayWeekCode,RoadwayName,RoadwayName_Direction_,RoadwayName_RoadwaySuffix_,RoadwayfromReport,CurrentRoadwayNumber,RoadwayNumberCoupletID,RSEUniqueGIS,RoadwayIdentifier,ParkingLotIndicator,IntersectionWith_Indicator_,IntersectionWith_NameRoadway_,IntersectionWith_Direction_,IntersectionWith_RoadwaySuffix_,BetweenStreets_Indicator_,BetweenStreets1_NameRoadway_,BetweenStreet1_Direction_,BetweenStreets1_RoadwaySuffix_,BetweenStreets2_NameRoadway_,BetweenStreets2_Direction_,BetweenStreets2_RoadwaySuffix_,Milepoint,ReportMilepointDeriveNumber,CurrentDerivedMiepointNumber,MilestoMilepoint,FeettoMilepoint,DirectionfromMilepoint_NSEW_,ValidMilepointIndicator,NumberInjured,NumberKilled,ofUnits,ofMotorVehicleUnits,Hit&RunIndicator,OneWayIndicator,SpeedLimitNumber,KilometersIndicator,CountyCode,CityCountyCode,MilesFromCity,DirectionFromCity_NSEW_,InCityLimitsIndicator,Latitude,Longitude,RampIndicator,RampFromIdentifier,RampFromDirCode,RampFromCoupletID,RSEUniqueGISRampFrom,RampToidentifier,RampToDirCode,RampToCoupletID,RSEUniqueGisRampTo,MannerofCollisionCode,LocationFirstEventCode,TotalLanes,RoadwayCharacterCode,RoadwaySurfaceCode,RoadwayConditionCode,WeatherCode,LightConditionCode,LandUseCode,SchoolBusRelatedCode,FirstAidSceneIndicator,CollDescPresentInd,InvestigationCompleteIndicator,PhotosTakenIndicator,TimeNotified,TimeArrived,TimeRoadwayOpened,PropertyDamageIndicator,DiagramPresentIndicator,DirectionalAnalysis,FunctionClassCode,NationalHwySysCode,EnforcementsIndicator,KARSCityCode,SecondaryCollisionIndicator,MedianCrossoverIndicator,RT_UNIQUE,MapIt,TimeLastLeft,YR,KABCO,MFNY,WorkingRID,RT_CONFIDENCE,KTC_RT,KTC_MP,Motorcyclist,Commercial Vehicle,Young Driver,Mature Driver,Pedestrian,Bicyclist,Distracted,Aggressive,Impaired,Unrestrained,Intersection,Roadway Departure,Median Cross-over,City Crash
39,72456715,980100,2.02E+11,20191227,1710,,US23,,,US0023,US0023,0,098 US-23-10,US0023,N,N,NULL,NULL,NULL,N,NULL,NULL,NULL,NULL,NULL,NULL,29.639,NULL,NULL,NULL,NULL,,NULL,0,0,2,2,N,N,55,NULL,98,9801,NULL,,Y,37.53202,-82.57735,N,NULL,NULL,NULL,NULL,NULL,NULL,NULL,NULL,5,3,5,6,1,1,2,5,7,3,N,NULL,Y,N,1712,1723,1723,N,NULL,49,,1,N,,N,N,098-US-0023-10,NULL,NULL,2019,O,7.25E+11,098-US-0023  -010,HIGH,098-US-0023  -000,29.639,0,0,0,1,0,0,0,0,0,0,0,0,0,1
40,72413120,KSP0900,19-37832,20190927,510,,IVY FORK,,CRK,,,0,098 CR-1313,CR1313,N,N,NULL,NULL,NULL,N,NULL,NULL,NULL,NULL,NULL,NULL,0.582,NULL,NULL,NULL,NULL,,NULL,1,0,1,1,N,N,35,NULL,98,9801,3,S,N,37.47034,-82.46476,N,NULL,NULL,NULL,NULL,NULL,NULL,NULL,NULL,9,4,2,6,2,1,2,6,7,3,Y,NULL,Y,Y,520,610,800,Y,NULL,51,,,Y,,N,N,098-CR-1313-0,NULL,NULL,2019,C,7.24E+11,098-CR-1313  -000,HIGH,098-CR-1313  -000,0.582,0,0,0,0,0,0,0,0,1,0,0,1,0,0
41,72328885,KSP0900,19-8886,20190318,1402,,KY194,,,KY0194,KY0194,0,098 KY-194,KY0194,N,N,NULL,NULL,NULL,N,NULL,NULL,NULL,NULL,NULL,NULL,11.137,NULL,NULL,NULL,NULL,,NULL,0,0,2,2,N,N,55,NULL,98,9801,NULL,,Y,37.60113,-82.51308,N,NULL,NULL,NULL,NULL,NULL,NULL,NULL,NULL,1,3,2,6,1,1,2,2,7,3,N,NULL,Y,N,1402,1444,1402,N,NULL,55,7,0,N,,N,N,098-KY-0194-0,NULL,NULL,2019,O,7.23E+11,098-KY-0194  -000,HIGH,098-KY-0194  -000,11.137,0,0,1,0,0,0,0,0,0,0,0,0,0,0
42,72453990,980100,2.02E+11,20191219,1414,,CASSIDY,,BLVD,,,0,098 CS-1191,CS1191,Y,N,NULL,NULL,NULL,N,NULL,NULL,NULL,NULL,NULL,NULL,0.278,NULL,NULL,NULL,NULL,,NULL,0,0,2,2,N,N,15,NULL,98,9801,NULL,,Y,37.50437,-82.53641,N,NULL,NULL,NULL,NULL,NULL,NULL,NULL,NULL,2,97,2,6,1,1,2,2,1,3,N,NULL,Y,N,1414,1419,,N,NULL,90,,,N,,N,N,098-CS-1191-0,NULL,NULL,2019,O,7.25E+11,098-CS-1191  -000,HIGH,098-CS-1191  -000,0.278,0,0,0,1,0,0,1,0,0,0,0,0,0,1
43,72427358,KSP0900,19-41533,20191022,1145,,KY195,,,KY0195,KY0195,0,098 KY-195,KY0195,N,N,NULL,NULL,NULL,N,NULL,NULL,NULL,NULL,NULL,NULL,10.759,NULL,NULL,NULL,NULL,,NULL,0,0,1,1,N,N,35,NULL,98,9830,NULL,,Y,37.35895,-82.41866,N,NULL,NULL,NULL,NULL,NULL,NULL,NULL,NULL,9,4,2,1,1,5,2,2,7,3,Y,NULL,Y,Y,1145,1155,,N,NULL,38,7,0,N,,N,N,098-KY-0195-0,NULL,NULL,2019,O,7.24E+11,098-KY-0195  -000,HIGH,098-KY-0195  -000,10.759,0,0,0,0,0,0,0,0,0,0,0,0,0,0
44,72413863,980100,2.02E+11,20190920,2115,,MAYO,N,TRL,US0023,US0023,0,098 US-23-10,US0023,N,N,NULL,NULL,NULL,N,NULL,NULL,NULL,NULL,NULL,NULL,26.315,NULL,NULL,NULL,NULL,,NULL,0,0,2,2,N,N,55,NULL,98,9801,NULL,,Y,37.50411,-82.5324,N,NULL,NULL,NULL,NULL,NULL,NULL,NULL,NULL,5,3,4,6,1,1,2,5,7,3,N,NULL,Y,N,2115,2122,2133,N,NULL,49,,1,N,,N,N,098-US-0023-10,NULL,NULL,2019,O,7.24E+11,098-US-0023  -010,HIGH,098-US-0023  -000,26.315,0,0,0,0,0,0,1,0,0,0,0,0,0,1
45,72448210,980100,2.02E+11,20191209,1001,,US23,,,US0023,US0023,,,,N,N,NULL,NULL,NULL,N,NULL,NULL,NULL,NULL,NULL,NULL,26.313,NULL,NULL,NULL,NULL,,NULL,0,0,2,2,N,N,55,NULL,98,9801,NULL,,Y,37.50402,-82.53246,N,NULL,NULL,NULL,NULL,NULL,NULL,NULL,NULL,5,3,4,6,1,5,3,2,1,3,N,NULL,Y,N,1001,1001,1001,N,NULL,49,,1,N,,N,N,,NULL,NULL,2019,O,7.24E+11,098-US-0023  -010,MEDIUM,098-US-0023  -000,26.313,0,0,0,0,0,0,1,0,0,0,0,0,0,1
46,72325913,980100,2.02E+11,20190303,1409,,CASSIDY,,BLVD,,,,,,N,N,NULL,NULL,NULL,N,NULL,NULL,NULL,NULL,NULL,NULL,0.326,NULL,NULL,NULL,NULL,,NULL,0,0,2,2,N,N,25,NULL,98,9801,NULL,,Y,37.50522,-82.53738,N,NULL,NULL,NULL,NULL,NULL,NULL,NULL,NULL,8,3,2,1,1,5,6,2,1,3,N,NULL,Y,N,1409,1419,1419,N,NULL,53,,,N,,N,N,,NULL,NULL,2019,O,7.23E+11,098-CS-1191  -000,HIGH,098-CS-1191  -000,0.326,0,0,1,0,0,0,1,0,0,0,0,1,0,1
47,72531300,980100,20200009502,20200804,2031,,BAIRD,,AVE,KY1426,KY1426,0,098 KY-1426,KY1426,Y,N,NULL,NULL,NULL,N,NULL,NULL,NULL,NULL,NULL,NULL,5.388,NULL,NULL,NULL,NULL,,NULL,0,0,2,2,N,N,15,NULL,98,9801,NULL,,Y,37.47328,-82.5273,N,NULL,NULL,NULL,NULL,NULL,NULL,NULL,NULL,5,97,2,6,1,1,2,2,1,3,N,NULL,Y,N,2031,2032,2046,N,NULL,90,,0,N,,N,N,098-KY-1426-0,NULL,NULL,2020,O,7.25E+11,098-KY-1426  -000,HIGH,098-KY-1426  -000,5.388,0,0,0,0,0,0,0,0,0,0,0,0,0,1
48,72368600,KSP0900,19-22699,20190617,2200,,DOUGLAS,,PARK,,,0,098 CR-1704,CR1704,N,N,NULL,NULL,NULL,N,NULL,NULL,NULL,NULL,NULL,NULL,0.383,NULL,NULL,NULL,NULL,,NULL,0,0,2,2,N,N,15,NULL,98,9801,4,S,N,37.38128,-82.53614,N,NULL,NULL,NULL,NULL,NULL,NULL,NULL,NULL,2,3,1,6,1,1,2,5,6,3,N,NULL,Y,N,1746,1830,,N,NULL,47,,,N,,N,N,098-CR-1704-0,NULL,NULL,2019,O,7.24E+11,098-CR-1704  -000,HIGH,098-CR-1704  -000,0.383,0,0,0,0,0,0,0,0,0,0,0,0,0,0
49,72394486,980100,2.02E+12,20190817,1114,,CASSIDY,,BLVD,,,0,098 CS-1191,CS1191,N,N,NULL,NULL,NULL,N,NULL,NULL,NULL,NULL,NULL,NULL,,NULL,NULL,NULL,NULL,NULL,NULL,0,0,2,2,N,N,25,NULL,98,9801,NULL,,Y,37.5041,-82.5353,N,NULL,NULL,NULL,NULL,NULL,NULL,NULL,NULL,8,3,4,6,1,1,2,2,1,3,N,NULL,Y,N,1114,1122,1122,N,NULL,53,,,N,,N,N,098-CS-1191-0,NULL,NULL,2019,O,7.24E+11,098-CS-1191  -000,HIGH,098-CS-1191  -000,0.186,0,0,0,1,0,0,0,0,0,0,0,1,0,1
50,72457315,980000,19-12-002,20191203,1001,,VIRGIE,,RD,KY0610,KY0610,0,098 KY-610,KY0610,Y,N,NULL,NULL,NULL,N,NULL,NULL,NULL,NULL,NULL,NULL,,NULL,NULL,NULL,NULL,,NULL,0,0,2,2,N,N,15,NULL,98,9827,NULL,,Y,37.33783,-82.58546,N,NULL,NULL,NULL,NULL,NULL,NULL,NULL,NULL,1,97,2,4,1,5,9,2,1,3,N,NULL,Y,Y,1001,1017,1017,N,NULL,90,7,0,N,,N,N,098-KY-0610-0,NULL,NULL,2019,O,7.25E+11,098-KY-0610  -000,HIGH,098-KY-0610  -000,7.9,0,0,0,0,0,0,0,0,0,0,0,0,0,0
51,72617447,980100,2.02E+11,20210422,1521,,US23,,,US0023,US0023,0,098 US-23-10,US0023,N,Y,US119,,,N,NULL,NULL,NULL,NULL,NULL,NULL,26.33,NULL,NULL,NULL,NULL,,NULL,0,0,2,2,N,N,55,NULL,98,9801,NULL,,Y,37.50377,-82.53218,N,NULL,NULL,NULL,NULL,NULL,NULL,NULL,NULL,5,3,4,6,1,1,3,2,7,3,N,NULL,Y,N,1521,1525,,N,NULL,35,,1,N,,N,N,098-US-0023-10,NULL,NULL,2021,O,7.26E+11,098-US-0023  -010,HIGH,098-US-0023  -000,26.33,0,0,0,0,0,0,1,0,0,0,1,0,0,1
52,72307523,KSP0900,19-2265,20190121,1526,,KY1426,,,KY1426,KY1426,0,098 KY-1426,KY1426,N,N,NULL,NULL,NULL,N,NULL,NULL,NULL,NULL,NULL,NULL,10.597,NULL,NULL,NULL,NULL,,NULL,1,0,1,1,N,N,55,NULL,98,9828,NULL,,Y,37.5181,-82.47388,N,NULL,NULL,NULL,NULL,NULL,NULL,NULL,NULL,9,5,2,6,1,1,2,2,7,3,N,NULL,Y,Y,1528,1544,1600,N,NULL,51,7,0,N,,N,N,098-KY-1426-0,NULL,NULL,2019,C,7.23E+11,098-KY-1426  -000,HIGH,098-KY-1426  -000,10.597,0,0,0,0,0,0,0,0,0,0,0,1,0,0
53,72335735,980100,2.02E+11,20190405,331,,US23,,,US0023,US0023,0,098 US-23,US0023,N,N,NULL,NULL,NULL,N,NULL,NULL,NULL,NULL,NULL,NULL,20.75,NULL,NULL,NULL,NULL,,NULL,0,0,1,1,N,N,55,NULL,98,9801,NULL,,Y,37.44297,-82.5223,N,NULL,NULL,NULL,NULL,NULL,NULL,NULL,NULL,9,3,4,3,1,5,6,5,7,3,N,NULL,Y,N,331,337,337,N,NULL,40,,1,N,,N,N,098-US-0023-0,NULL,NULL,2019,O,7.23E+11,098-US-0023  -000,HIGH,098-US-0023  -000,20.75,0,0,0,0,0,0,0,0,0,0,0,1,0,1
54,72437292,KSP0900,19-44950,20191115,1803,,US119,,,US0119,US0119,0,098 US-119,US0119,N,N,NULL,NULL,NULL,N,NULL,NULL,NULL,NULL,NULL,NULL,24.987,NULL,NULL,NULL,NULL,,NULL,0,0,2,2,N,N,55,NULL,98,9834,NULL,,Y,37.66805,-82.27711,N,NULL,NULL,NULL,NULL,NULL,NULL,NULL,NULL,8,3,4,6,1,1,2,3,7,3,N,NULL,Y,N,1812,1836,1812,N,NULL,53,2,1,N,,N,N,098-US-0119-0,NULL,NULL,2019,O,7.24E+11,098-US-0119  -000,HIGH,098-US-0119  -000,24.987,0,0,0,1,0,0,0,0,0,0,0,1,0,0
55,72318487,KSP0900,19-5396,20190218,1944,,US23,,,US0023,US0023,0,098 US-23-10,US0023,N,N,NULL,NULL,NULL,N,NULL,NULL,NULL,NULL,NULL,NULL,5.89,NULL,NULL,NULL,NULL,,NULL,0,0,1,1,N,N,55,NULL,98,9809,NULL,,Y,37.289,-82.55334,N,NULL,NULL,NULL,NULL,NULL,NULL,NULL,NULL,9,3,4,3,1,1,3,6,1,3,N,NULL,Y,N,1952,2002,,N,NULL,70,,1,Y,,N,N,098-US-0023-10,NULL,NULL,2019,O,7.23E+11,098-US-0023  -010,HIGH,098-US-0023  -000,5.89,0,0,0,0,0,0,0,0,1,1,0,1,0,0
56,72394187,980500,2019AR058,20190815,1305,,US23,,,US0023,US0023,0,098 US-23-10,US0023,Y,N,NULL,NULL,NULL,N,NULL,NULL,NULL,NULL,NULL,NULL,,NULL,NULL,NULL,NULL,NULL,NULL,0,0,2,2,N,N,15,NULL,98,9807,NULL,,Y,37.5239,-82.57247,N,NULL,NULL,NULL,NULL,NULL,NULL,NULL,NULL,8,97,2,5,1,1,2,2,1,3,N,NULL,Y,Y,1308,1313,1313,N,NULL,90,,1,N,,N,N,098-US-0023-10,NULL,NULL,2019,O,7.24E+11,098-US-0023  -010,HIGH,098-US-0023  -000,29.019,0,0,0,1,0,0,1,0,0,0,0,0,0,0
57,72391880,KSP0900,19-30348,20190808,750,,US119,,,US0119,US0119,0,098 US-119-10,US0119,Y,N,NULL,NULL,NULL,N,NULL,NULL,NULL,NULL,NULL,NULL,23.597,NULL,NULL,NULL,NULL,,NULL,0,0,2,2,N,N,,NULL,98,9834,NULL,,Y,37.65011,-82.26763,N,NULL,NULL,NULL,NULL,NULL,NULL,NULL,NULL,2,97,2,6,1,1,3,2,1,3,N,NULL,Y,N,752,754,805,N,NULL,90,2,1,N,,N,N,098-US-0119-10,NULL,NULL,2019,O,7.24E+11,098-US-0119  -010,HIGH,098-US-0119  -000,23.597,0,0,0,0,0,0,1,0,0,0,0,0,0,0
58,72401486,KSP0900,19-33938,20190831,1821,,COLLINS,,HWY,KY0122,KY0122,0,098 KY-122,KY0122,Y,N,NULL,NULL,NULL,N,NULL,NULL,NULL,NULL,NULL,NULL,10.455,NULL,NULL,NULL,NULL,,NULL,0,0,2,2,N,N,15,NULL,98,9827,NULL,,Y,37.38778,-82.54285,N,NULL,NULL,NULL,NULL,NULL,NULL,NULL,NULL,3,97,2,6,1,1,2,2,1,3,N,NULL,N,N,1836,1846,1846,N,NULL,90,,0,N,,N,N,098-KY-0122-0,NULL,NULL,2019,O,7.24E+11,098-KY-0122  -000,HIGH,098-KY-0122  -000,10.455,0,0,0,1,0,0,1,0,0,0,0,0,0,0
59,72382318,980100,2.02E+11,20190714,1629,,BAIRD,,AVE,KY1426,KY1426,0,098 KY-1426,KY1426,N,N,NULL,NULL,NULL,N,NULL,NULL,NULL,NULL,NULL,NULL,5.371,NULL,NULL,NULL,NULL,,NULL,0,0,2,2,N,N,35,NULL,98,9801,NULL,,Y,37.47361,-82.52719,N,NULL,NULL,NULL,NULL,NULL,NULL,NULL,NULL,5,3,2,6,1,1,2,2,7,3,N,NULL,N,N,1629,1634,1649,N,NULL,70,,0,Y,,N,N,098-KY-1426-0,NULL,NULL,2019,O,7.24E+11,098-KY-1426  -000,HIGH,098-KY-1426  -000,5.371,0,0,0,0,0,0,1,0,0,0,0,0,0,1
60,72413232,KSP0900,19-37141,20190922,1141,,GRAPEVINE,,RD,KY0194,KY0194,0,098 KY-194,KY0194,N,N,NULL,NULL,NULL,N,NULL,NULL,NULL,NULL,NULL,NULL,32.781,NULL,NULL,NULL,NULL,,NULL,1,0,1,1,N,N,35,NULL,98,9839,NULL,,Y,37.43962,-82.3402,N,NULL,NULL,NULL,NULL,NULL,NULL,NULL,NULL,9,3,2,6,1,1,2,2,7,3,N,NULL,N,Y,1141,1158,,N,NULL,70,7,0,N,,N,N,098-KY-0194-0,NULL,NULL,2019,C,7.24E+11,098-KY-0194  -000,HIGH,098-KY-0194  -000,32.781,0,0,1,0,0,0,0,0,0,0,0,1,0,0
61,72616371,KSP0900,21-156605,20210419,1540,,COLEMAN,,RD,,,0,098 CR-1066,CR1066,Y,N,NULL,NULL,NULL,N,NULL,NULL,NULL,NULL,NULL,NULL,0.129,NULL,NULL,NULL,NULL,,NULL,0,0,2,2,N,N,10,NULL,98,9842,NULL,,Y,37.63838,-82.26317,N,NULL,NULL,NULL,NULL,NULL,NULL,NULL,NULL,2,97,,6,1,1,2,2,1,3,N,NULL,Y,N,1540,1545,1600,N,NULL,90,,,N,,N,N,098-CR-1066-0,NULL,NULL,2021,O,7.26E+11,098-CR-1066  -000,HIGH,098-CR-1066  -000,0.129,0,0,0,0,0,0,1,0,0,0,0,0,0,0
62,72418857,980100,2.02E+11,20191010,1247,,KY1460,,,KY1460,KY1460,0,098 KY-1460,KY1460,N,N,NULL,NULL,NULL,N,NULL,NULL,NULL,NULL,NULL,NULL,6.975,NULL,NULL,NULL,NULL,,NULL,0,0,2,2,N,N,35,NULL,98,9801,NULL,,Y,37.48538,-82.54385,N,NULL,NULL,NULL,NULL,NULL,NULL,NULL,NULL,1,3,2,6,1,1,2,2,7,3,N,NULL,Y,N,1247,1253,1255,N,NULL,55,16,0,N,,N,N,098-KY-1460-0,NULL,NULL,2019,O,7.24E+11,098-KY-1460  -000,HIGH,098-KY-1460  -000,6.975,0,0,0,1,0,0,1,0,0,0,0,0,0,1
63,72343633,KSP0900,2019-12599,20190412,1223,,US119,,,US0119,US0119,0,098 US-119,US0119,N,N,NULL,NULL,NULL,N,NULL,NULL,NULL,NULL,NULL,NULL,24.53,NULL,NULL,NULL,NULL,,NULL,0,0,2,2,N,N,5,NULL,98,9834,NULL,,Y,37.66246,-82.27343,N,NULL,NULL,NULL,NULL,NULL,NULL,NULL,NULL,2,97,4,6,1,5,6,2,1,3,N,NULL,N,Y,1233,1253,1253,N,NULL,56,2,1,N,,N,N,098-US-0119-0,NULL,NULL,2019,O,7.23E+11,098-US-0119  -000,HIGH,098-US-0119  -000,24.53,0,0,0,1,0,0,1,0,0,0,0,0,0,0
64,72422442,KSP0900,19-40783,20191016,1639,,US119,,,US0119,US0119,0,098 US-119,US0119,N,N,NULL,NULL,NULL,N,NULL,NULL,NULL,NULL,NULL,NULL,24.994,NULL,NULL,NULL,NULL,,NULL,1,0,2,2,N,N,55,NULL,98,9834,NULL,,Y,37.66812,-82.27721,N,NULL,NULL,NULL,NULL,NULL,NULL,NULL,NULL,4,3,4,6,1,1,2,2,7,3,Y,NULL,Y,Y,1641,1658,1720,N,NULL,70,2,1,N,,N,N,098-US-0119-0,NULL,NULL,2019,C,7.24E+11,098-US-0119  -000,HIGH,098-US-0119  -000,24.994,0,0,1,0,0,0,1,0,0,0,0,0,0,0
65,72534988,KSP0900,20-619423,20200726,1416,,US23,,,US0023,US0023,0,098 US-23,US0023,N,N,NULL,NULL,NULL,N,NULL,NULL,NULL,NULL,NULL,NULL,29.074,NULL,NULL,NULL,NULL,,NULL,1,0,1,1,N,N,45,NULL,98,9807,NULL,,Y,37.52472,-82.57275,N,NULL,NULL,NULL,NULL,NULL,NULL,NULL,NULL,9,3,6,6,1,5,6,2,7,3,Y,NULL,N,Y,1416,1420,,N,NULL,70,,1,N,,N,N,098-US-0023-0,NULL,NULL,2020,B,7.25E+11,098-US-0023  -000,HIGH,098-US-0023  -000,29.074,1,0,0,0,0,0,0,0,0,0,0,1,0,0
66,72323001,980100,2.02E+11,20190116,1447,,BOB AMOS,,DR,,,0,098 CS-1025,CS1025,N,N,NULL,NULL,NULL,N,NULL,NULL,NULL,NULL,NULL,NULL,1.017,NULL,NULL,NULL,NULL,,NULL,1,2,1,1,N,N,35,NULL,98,9801,NULL,,Y,37.46568,-82.54294,N,NULL,NULL,NULL,NULL,NULL,NULL,NULL,NULL,9,97,2,4,1,1,3,2,1,3,Y,NULL,Y,Y,1447,1451,1711,N,NULL,44,,,N,,N,N,098-CS-1025-0,NULL,NULL,2019,K,7.23E+11,098-CS-1025  -000,HIGH,098-CS-1025  -000,1.017,0,0,0,0,0,0,0,1,0,1,0,1,0,1
67,72977038,980100,2.02E+11,20231117,1219,,JUSTICE,,WAY,,,0,098 CS-1215,CS1215,Y,N,NULL,NULL,NULL,N,NULL,NULL,NULL,NULL,NULL,NULL,,NULL,NULL,NULL,NULL,NULL,NULL,0,0,2,2,N,N,,NULL,98,9801,NULL,,Y,37.50534,-82.54134,N,NULL,NULL,NULL,NULL,NULL,NULL,NULL,NULL,8,97,,6,1,1,2,2,1,3,N,NULL,Y,N,1219,1219,1219,N,NULL,90,,,N,,N,N,098-CS-1215-0,NULL,NULL,2023,O,7.30E+11,098-CS-1215  -000,HIGH,098-CS-1215  -000,0.646,0,0,0,0,0,0,0,0,0,0,0,0,0,1
68,72310814,980100,2.02E+11,20190131,1743,,POPLAR,,ST,,,,,,N,Y,WILLOW,,ST,N,NULL,NULL,NULL,NULL,NULL,NULL,0.168,NULL,NULL,NULL,NULL,,NULL,1,0,1,1,N,N,15,NULL,98,9801,NULL,,Y,37.4809,-82.52219,N,NULL,NULL,NULL,NULL,NULL,NULL,NULL,NULL,9,5,1,4,1,1,2,2,6,3,Y,NULL,Y,Y,1743,1747,1835,Y,NULL,4,,,N,,N,N,,NULL,NULL,2019,C,7.23E+11,098-CS-1160  -000,MEDIUM,098-CS-1160  -000,0.168,0,0,0,0,0,0,0,0,0,0,1,0,0,1
69,72403415,980100,2.02E+11,20190904,1155,,CASSIDY,,BLVD,,,,,,Y,N,NULL,NULL,NULL,N,NULL,NULL,NULL,NULL,NULL,NULL,,NULL,NULL,NULL,NULL,,NULL,0,0,2,2,N,N,,NULL,98,9801,NULL,,Y,37.50552,-82.53689,N,NULL,NULL,NULL,NULL,NULL,NULL,NULL,NULL,2,97,2,6,1,1,2,2,1,3,N,NULL,Y,N,1155,1203,,N,NULL,90,,,N,,N,N,,NULL,NULL,2019,O,7.24E+11,098-CS-1191  -000,HIGH,098-CS-1191  -000,0.307,0,1,0,0,0,0,1,0,0,0,0,0,0,1
70,72356821,980100,2.02E+11,20190518,1719,,CASSIDY,,BLVD,,,0,098 CS-1191,CS1191,N,N,NULL,NULL,NULL,N,NULL,NULL,NULL,NULL,NULL,NULL,0.054,NULL,NULL,NULL,NULL,,NULL,0,0,2,2,N,N,55,NULL,98,9801,NULL,,Y,37.50368,-82.53302,N,NULL,NULL,NULL,NULL,NULL,NULL,NULL,NULL,1,3,3,6,1,1,2,2,7,3,N,NULL,Y,N,1719,1727,1728,N,NULL,55,,,N,,N,N,098-CS-1191-0,NULL,NULL,2019,O,7.24E+11,098-CS-1191  -000,HIGH,098-CS-1191  -000,0.054,0,0,1,0,0,0,0,1,0,0,0,0,0,1
71,72367789,980500,2019AR044,20190614,826,,US23,,,US0023,US0023,0,098 US-23-10,US0023,N,Y,WEDDINGTON BRANCH,,RD,N,NULL,NULL,NULL,NULL,NULL,NULL,28.88,NULL,NULL,NULL,NULL,,NULL,1,0,2,2,N,N,45,NULL,98,9807,NULL,,Y,37.52236,-82.57076,N,NULL,NULL,NULL,NULL,NULL,NULL,NULL,NULL,3,3,6,6,1,1,2,2,1,3,Y,NULL,Y,Y,826,827,935,N,NULL,52,,1,N,,N,N,098-US-0023-10,NULL,NULL,2019,A,7.24E+11,098-US-0023  -010,HIGH,098-US-0023  -000,28.88,0,0,0,1,0,0,1,0,0,0,1,0,0,0
72,72442564,KSP0900,19-46447,20191126,1300,,KY194,,,KY0194,KY0194,0,098 KY-194,KY0194,N,N,NULL,NULL,NULL,N,NULL,NULL,NULL,NULL,NULL,NULL,4.943,NULL,NULL,NULL,NULL,,NULL,1,0,1,1,N,N,55,NULL,98,9801,5,NE,N,37.63509,-82.56657,N,NULL,NULL,NULL,NULL,NULL,NULL,NULL,NULL,9,3,2,6,1,1,2,2,7,3,Y,NULL,Y,N,1327,1420,1435,N,NULL,40,8,0,N,,N,N,098-KY-0194-0,NULL,NULL,2019,C,7.24E+11,098-KY-0194  -000,HIGH,098-KY-0194  -000,4.943,0,0,0,0,0,0,0,0,0,0,0,1,0,0
73,72508287,KSP0900,20-21269,20200605,1127,,VIRGINIA,,AVE,,,0,098 CR-1035K,CR1035K,Y,N,NULL,NULL,NULL,N,NULL,NULL,NULL,NULL,NULL,NULL,0.025,NULL,NULL,NULL,NULL,,NULL,0,0,2,2,N,N,,NULL,98,9834,NULL,,Y,37.67302,-82.28248,N,NULL,NULL,NULL,NULL,NULL,NULL,NULL,NULL,2,97,,6,1,1,2,2,1,3,N,NULL,Y,N,1127,1140,1140,N,NULL,90,,,N,,N,N,098-CR-1035K-0,NULL,NULL,2020,O,7.25E+11,098-CR-1035K -000,HIGH,098-CR-1035K -000,0.025,0,0,0,1,0,0,1,0,0,0,0,0,0,0
74,72308693,KSP0900,19-2857,20190127,1000,,KY612,,,KY0612,KY0612,0,098 KY-612,KY0612,N,N,NULL,NULL,NULL,N,NULL,NULL,NULL,NULL,NULL,NULL,7.738,NULL,NULL,NULL,NULL,,NULL,0,0,1,1,N,N,45,NULL,98,9834,NULL,,Y,37.66562,-82.30689,N,NULL,NULL,NULL,NULL,NULL,NULL,NULL,NULL,9,5,2,3,1,2,2,2,7,3,N,NULL,Y,N,1000,1030,1100,N,NULL,51,8,0,N,,N,N,098-KY-0612-0,NULL,NULL,2019,O,7.23E+11,098-KY-0612  -000,HIGH,098-KY-0612  -000,7.738,0,0,1,0,0,0,0,0,0,0,0,1,0,0
75,72320907,980100,2.02E+11,20190213,1320,,CASSIDY,,BLVD,,,,,,Y,N,NULL,NULL,NULL,N,NULL,NULL,NULL,NULL,NULL,NULL,0.05,NULL,NULL,NULL,NULL,,NULL,0,0,2,2,N,N,15,NULL,98,9801,NULL,,Y,37.50369,-82.53297,N,NULL,NULL,NULL,NULL,NULL,NULL,NULL,NULL,2,97,,6,1,1,2,2,1,3,N,NULL,Y,N,1320,1327,,N,NULL,90,,,N,,N,N,,NULL,NULL,2019,O,7.23E+11,098-CS-1191  -000,HIGH,098-CS-1191  -000,0.05,0,0,1,0,0,0,1,0,0,0,0,0,0,1
76,72413375,980100,2.02E+11,20190928,1600,,CASSIDY,,BLVD,,,0,098 CS-1191,CS1191,Y,N,NULL,NULL,NULL,N,NULL,NULL,NULL,NULL,NULL,NULL,0.045,NULL,NULL,NULL,NULL,,NULL,0,0,1,1,N,N,,NULL,98,9801,NULL,,Y,37.5037,-82.53289,N,NULL,NULL,NULL,NULL,NULL,NULL,NULL,NULL,9,97,1,6,1,1,2,2,1,3,N,NULL,Y,N,1600,1604,1605,N,NULL,90,,,N,,N,N,098-CS-1191-0,NULL,NULL,2019,O,7.24E+11,098-CS-1191  -000,HIGH,098-CS-1191  -000,0.045,0,0,0,0,0,0,0,0,0,0,0,1,0,1