OBJECTID,MasterFile,AgencyORINumber,LocalCode,CollisionDate,CollisionTime,CollisionDayWeekCode,RoadwayName,RoadwayName_Direction_,RoadwayName_RoadwaySuffix_,RoadwayfromReport,CurrentRoadwayNumber,RoadwayNumberCoupletID,RSEUniqueGIS,RoadwayIdentifier,ParkingLotIndicator,IntersectionWith_Indicator_,IntersectionWith_NameRoadway_,IntersectionWith_Direction_,IntersectionWith_RoadwaySuffix_,BetweenStreets_Indicator_,BetweenStreets1_NameRoadway_,BetweenStreet1_Direction_,BetweenStreets1_RoadwaySuffix_,BetweenStreets2_NameRoadway_,BetweenStreets2_Direction_,BetweenStreets2_RoadwaySuffix_,Milepoint,ReportMilepointDeriveNumber,CurrentDerivedMiepointNumber,MilestoMilepoint,FeettoMilepoint,DirectionfromMilepoint_NSEW_,ValidMilepointIndicator,NumberInjured,NumberKilled,ofUnits,ofMotorVehicleUnits,Hit&RunIndicator,OneWayIndicator,SpeedLimitNumber,KilometersIndicator,CountyCode,CityCountyCode,MilesFromCity,DirectionFromCity_NSEW_,InCityLimitsIndicator,Latitude,Longitude,RampIndicator,RampFromIdentifier,RampFromDirCode,RampFromCoupletID,RSEUniqueGISRampFrom,RampToidentifier,RampToDirCode,RampToCoupletID,RSEUniqueGisRampTo,MannerofCollisionCode,LocationFirstEventCode,TotalLanes,RoadwayCharacterCode,RoadwaySurfaceCode,RoadwayConditionCode,WeatherCode,LightConditionCode,LandUseCode,SchoolBusRelatedCode,FirstAidSceneIndicator,CollDescPresentInd,InvestigationCompleteIndicator,PhotosTakenIndicator,TimeNotified,TimeArrived,TimeRoadwayOpened,PropertyDamageIndicator,DiagramPresentIndicator,DirectionalAnalysis,FunctionClassCode,NationalHwySysCode,EnforcementsIndicator,KARSCityCode,SecondaryCollisionIndicator,MedianCrossoverIndicator,RT_UNIQUE,MapIt,TimeLastLeft,YR,KABCO,MFNY,WorkingRID,RT_CONFIDENCE,KTC_RT,KTC_MP,Motorcyclist,Commercial Vehicle,Young Driver,Mature Driver,Pedestrian,Bicyclist,Distracted,Aggressive,Impaired,Unrestrained,Intersection,Roadway Departure,Median Cross-over,City Crash
77,72348496,980100,2.02E+11,20190504,2049,,KY1426,,,KY1426,KY1426,,,,N,N,NULL,NULL,NULL,N,NULL,NULL,NULL,NULL,NULL,NULL,5.339,NULL,NULL,NULL,NULL,,NULL,1,0,2,2,N,N,35,NULL,98,9801,NULL,,Y,37.47396,-82.52721,N,NULL,NULL,NULL,NULL,NULL,NULL,NULL,NULL,4,3,2,6,1,6,6,5,1,3,N,NULL,Y,Y,2049,2051,,N,NULL,70,,0,N,,N,N,,NULL,NULL,2019,C,7.23E+11,098-KY-1426  -000,MEDIUM,098-KY-1426  -000,5.339,0,0,1,1,0,0,1,1,0,0,0,0,0,1
78,72338068,KSP0900,19-11824,20190407,1353,,,,,US0119,US0119,,,,N,Y,KY194,,,N,NULL,NULL,NULL,NULL,NULL,NULL,0.889,NULL,NULL,NULL,NULL,NULL,NULL,0,0,2,2,N,N,55,NULL,98,9820,NULL,,Y,37.55793,-82.43018,N,NULL,NULL,NULL,NULL,NULL,NULL,NULL,NULL,1,3,2,6,1,1,3,2,7,3,N,NULL,Y,N,1523,1540,1540,N,NULL,10,2,1,N,,N,N,,NULL,NULL,2019,O,7.23E+11,098-US-0119  -211,HIGH,098-US-0119  -211,0.889,0,0,0,0,0,0,0,1,0,0,1,0,0,0
79,72394517,980100,2.02E+11,20190814,1730,,CASSIDY,,BLVD,,,,,,Y,N,NULL,NULL,NULL,N,NULL,NULL,NULL,NULL,NULL,NULL,0.272,NULL,NULL,NULL,NULL,,NULL,0,0,2,2,N,N,,NULL,98,9801,NULL,,Y,37.50476,-82.5363,N,NULL,NULL,NULL,NULL,NULL,NULL,NULL,NULL,2,97,,6,1,1,2,2,1,3,N,NULL,N,N,1730,1736,1736,N,NULL,90,,,N,,N,N,,NULL,NULL,2019,O,7.24E+11,098-CS-1191  -000,MEDIUM,098-CS-1191  -000,0.272,0,0,0,0,0,0,1,0,0,0,0,0,0,1
80,72454085,980100,2.02E+11,20191220,1237,,KY3496 TURN LANE,,,KY3496,KY3496,,,,N,N,NULL,NULL,NULL,N,NULL,NULL,NULL,NULL,NULL,NULL,0.019,NULL,NULL,NULL,NULL,,NULL,0,0,2,2,N,N,35,NULL,98,9801,NULL,,Y,37.46569,-82.52823,N,NULL,NULL,NULL,NULL,NULL,NULL,NULL,NULL,5,3,2,3,1,1,2,2,1,3,N,NULL,Y,N,1237,1238,1252,N,NULL,49,16,0,N,,N,N,,NULL,NULL,2019,O,7.25E+11,098-KY-3496  -020,MEDIUM,098-KY-3496  -020,0.019,0,0,0,0,0,0,1,0,0,0,0,0,0,1
81,72386900,KSP0900,19-28626,20190727,1206,,US119,,,US0119,US0119,0,098 US-119-10,US0119,N,N,NULL,NULL,NULL,N,NULL,NULL,NULL,NULL,NULL,NULL,23.249,NULL,NULL,NULL,NULL,,NULL,1,0,2,2,N,N,55,NULL,98,9836,NULL,,Y,37.64505,-82.26723,N,NULL,NULL,NULL,NULL,NULL,NULL,NULL,NULL,1,3,2,6,1,1,2,2,7,3,Y,NULL,Y,Y,1206,1212,1212,N,NULL,55,2,1,N,,N,N,098-US-0119-10,NULL,NULL,2019,B,7.24E+11,098-US-0119  -010,HIGH,098-US-0119  -000,23.249,0,0,0,0,0,0,1,0,0,0,0,0,0,0
82,72399958,980100,2.02E+11,20190827,1308,,HUFFMAN,,AVE,,,0,098 CS-1123,CS1123,Y,N,NULL,NULL,NULL,N,NULL,NULL,NULL,NULL,NULL,NULL,0.019,NULL,NULL,NULL,NULL,,NULL,0,0,2,2,N,N,15,NULL,98,9801,NULL,,Y,37.47731,-82.51721,N,NULL,NULL,NULL,NULL,NULL,NULL,NULL,NULL,8,97,1,6,2,1,2,2,1,3,N,NULL,Y,N,1308,1312,1312,N,NULL,90,,,N,,N,N,098-CS-1123-0,NULL,NULL,2019,O,7.24E+11,098-CS-1123  -000,HIGH,098-CS-1123  -000,0.019,0,0,0,0,0,0,0,0,0,0,0,0,0,1
83,72375440,980200,ELK4125-113-19,20190703,1700,,KY80,,,KY0080,KY0080,0,098 KY-80,KY0080,N,N,NULL,NULL,NULL,N,NULL,NULL,NULL,NULL,NULL,NULL,1.887,NULL,NULL,NULL,NULL,,NULL,0,0,2,2,Y,N,55,NULL,98,9802,NULL,,Y,37.31707,-82.36269,N,NULL,NULL,NULL,NULL,NULL,NULL,NULL,NULL,7,3,2,6,1,5,10,2,1,3,N,NULL,N,N,1655,1700,1726,N,NULL,54,7,5,N,,N,Y,098-KY-0080-0,NULL,NULL,2019,O,7.24E+11,098-KY-0080  -000,HIGH,098-KY-0080  -000,1.887,0,0,0,0,0,0,0,0,0,0,0,1,1,0
84,72451189,980100,2.02E+11,20191214,1754,,CASSIDY,,BLVD,,,,,,N,N,NULL,NULL,NULL,N,NULL,NULL,NULL,NULL,NULL,NULL,0.16,NULL,NULL,NULL,NULL,,NULL,0,0,2,2,N,N,35,NULL,98,9801,NULL,,Y,37.50369,-82.53466,N,NULL,NULL,NULL,NULL,NULL,NULL,NULL,NULL,1,3,4,3,1,5,6,5,1,3,N,NULL,Y,N,1754,1800,,N,NULL,55,,,N,,N,N,,NULL,NULL,2019,O,7.25E+11,098-CS-1191  -000,MEDIUM,098-CS-1191  -000,0.16,0,0,0,1,0,0,1,1,0,0,0,0,0,1
85,72419663,980100,2.02E+11,20191009,1705,,BYPASS,S,RD,KY1426,KY1426,0,098 KY-1426,KY1426,N,N,NULL,NULL,NULL,N,NULL,NULL,NULL,NULL,NULL,NULL,5.517,NULL,NULL,NULL,NULL,,NULL,0,0,2,2,N,N,25,NULL,98,9801,NULL,,Y,37.47233,-82.52596,N,NULL,NULL,NULL,NULL,NULL,NULL,NULL,NULL,1,3,2,6,1,1,2,2,1,3,N,NULL,Y,N,1705,1710,1710,N,NULL,55,,0,N,,N,N,098-KY-1426-0,NULL,NULL,2019,O,7.24E+11,098-KY-1426  -000,HIGH,098-KY-1426  -000,5.517,0,0,0,0,0,0,0,0,0,0,0,0,0,1
86,72437774,980100,2.02E+11,20191109,1235,,CASSIDY,,BLVD,,,0,098 CS-1191,CS1191,Y,N,NULL,NULL,NULL,N,NULL,NULL,NULL,NULL,NULL,NULL,0.07,NULL,NULL,NULL,NULL,,NULL,0,0,2,2,N,N,15,NULL,98,9801,NULL,,Y,37.50365,-82.53328,N,NULL,NULL,NULL,NULL,NULL,NULL,NULL,NULL,2,97,1,6,1,1,2,2,1,3,N,NULL,Y,N,1236,1241,,N,NULL,90,,,N,,N,N,098-CS-1191-0,NULL,NULL,2019,O,7.24E+11,098-CS-1191  -000,HIGH,098-CS-1191  -000,0.07,0,0,0,0,0,0,1,0,0,0,0,0,0,1
87,72417161,KSP0900,19-38840,20191003,1440,,KY632,,,KY0632,KY0632,0,098 KY-632,KY0632,Y,N,NULL,NULL,NULL,N,NULL,NULL,NULL,NULL,NULL,NULL,12.94,NULL,NULL,NULL,NULL,,NULL,0,0,2,2,N,N,15,NULL,98,9804,NULL,,Y,37.50433,-82.16125,N,NULL,NULL,NULL,NULL,NULL,NULL,NULL,NULL,2,97,2,6,1,1,2,2,1,3,N,NULL,Y,N,1440,1503,1440,N,NULL,90,6,0,N,,N,N,098-KY-0632-0,NULL,NULL,2019,O,7.24E+11,098-KY-0632  -000,HIGH,098-KY-0632  -000,12.94,0,0,0,0,0,0,1,0,0,0,0,0,0,0
88,72388609,KSP0900,19-28723,20190728,123,,BEAVER CK,,RD,KY1373,KY1373,0,098 KY-1373,KY1373,N,N,NULL,NULL,NULL,N,NULL,NULL,NULL,NULL,NULL,NULL,0.742,NULL,NULL,NULL,NULL,,NULL,1,0,1,1,N,N,55,NULL,98,9802,NULL,,Y,37.31792,-82.34795,N,NULL,NULL,NULL,NULL,NULL,NULL,NULL,NULL,9,3,2,6,1,1,2,4,6,3,N,NULL,Y,Y,129,132,,N,NULL,40,8,0,N,,N,N,098-KY-1373-0,NULL,NULL,2019,C,7.24E+11,098-KY-1373  -000,HIGH,098-KY-1373  -000,0.742,0,0,0,0,0,0,0,0,1,1,0,1,0,0
89,72430933,KSP0900,19-43081,20191101,2312,,WELL DIGGER,,HOLW,,,0,098 CR-1010,CR1010,N,N,NULL,NULL,NULL,N,NULL,NULL,NULL,NULL,NULL,NULL,0.071,NULL,NULL,NULL,NULL,,NULL,0,0,2,2,N,N,25,NULL,98,9834,NULL,,Y,37.6881,-82.31245,N,NULL,NULL,NULL,NULL,NULL,NULL,NULL,NULL,2,7,1,4,97,1,2,6,7,3,N,NULL,Y,N,2314,11,11,N,NULL,47,,,N,,N,N,098-CR-1010-0,NULL,NULL,2019,O,7.24E+11,098-CR-1010  -000,HIGH,098-CR-1010  -000,0.071,0,0,0,0,0,0,0,0,0,0,0,0,0,0
90,72448993,370200,2019-48314,20191210,1429,,US23,,,US0023,US0023,0,098 US-23-10,US0023,N,N,NULL,NULL,NULL,N,NULL,NULL,NULL,NULL,NULL,NULL,29.468,NULL,NULL,NULL,NULL,,NULL,0,0,2,2,N,N,45,NULL,98,9807,NULL,,Y,37.52975,-82.57605,N,NULL,NULL,NULL,NULL,NULL,NULL,NULL,NULL,5,3,6,6,1,5,6,2,7,3,N,NULL,Y,N,1429,1429,1429,N,NULL,70,,1,N,,N,N,098-US-0023-10,NULL,NULL,2019,O,7.24E+11,098-US-0023  -010,HIGH,098-US-0023  -000,29.468,0,0,0,0,0,0,0,0,0,0,0,0,0,1
91,72302555,980100,2.02E+11,20190113,1814,,US23 TURN LANE,,,US0023,US0023,0,098 US-23-21,US0023,N,N,NULL,NULL,NULL,N,NULL,NULL,NULL,NULL,NULL,NULL,0.015,NULL,NULL,NULL,NULL,,NULL,0,0,3,3,N,N,55,NULL,98,9801,NULL,,Y,37.50365,-82.53222,N,NULL,NULL,NULL,NULL,NULL,NULL,NULL,NULL,5,3,4,6,1,5,6,5,7,3,N,NULL,Y,N,1814,1824,1824,N,NULL,70,,1,N,,N,N,098-US-0023-21,NULL,NULL,2019,O,7.23E+11,098-US-0023  -021,HIGH,098-US-0023  -021,0.015,0,0,1,1,0,0,1,0,0,0,0,0,0,1
92,72424995,KSP0900,19-41483,20191021,1051,,COWPEN,,RD,KY2061,KY2061,0,098 KY-2061,KY2061,N,N,NULL,NULL,NULL,N,NULL,NULL,NULL,NULL,NULL,NULL,1.335,NULL,NULL,NULL,NULL,,NULL,0,0,1,1,N,N,35,NULL,98,9807,NULL,,Y,37.54494,-82.56217,N,NULL,NULL,NULL,NULL,NULL,NULL,NULL,NULL,9,1,2,6,1,1,2,6,7,3,N,NULL,Y,Y,1055,1117,1130,N,NULL,70,,0,Y,,N,N,098-KY-2061-0,NULL,NULL,2019,O,7.24E+11,098-KY-2061  -000,HIGH,098-KY-2061  -000,1.335,0,0,0,0,0,0,0,0,1,0,0,1,0,0
93,72325827,KSP0900,19-7772,20190310,1429,,KY632,,,KY0632,KY0632,0,098 KY-632,KY0632,N,N,NULL,NULL,NULL,N,NULL,NULL,NULL,NULL,NULL,NULL,13.906,NULL,NULL,NULL,NULL,,NULL,0,0,2,2,N,N,35,NULL,98,9804,NULL,,Y,37.51366,-82.15407,N,NULL,NULL,NULL,NULL,NULL,NULL,NULL,NULL,2,3,2,6,1,1,2,2,7,3,N,NULL,N,N,1429,1456,1510,N,NULL,56,6,0,N,,N,N,098-KY-0632-0,NULL,NULL,2019,O,7.23E+11,098-KY-0632  -000,HIGH,098-KY-0632  -000,13.906,0,0,0,0,0,0,1,0,0,0,0,0,0,0
94,72298847,980500,2019AR001,20190103,1216,,N MAYO TRAIL,,,,,,,,Y,N,NULL,NULL,NULL,N,NULL,NULL,NULL,NULL,NULL,NULL,,NULL,NULL,NULL,NULL,NULL,NULL,0,0,2,2,N,N,15,NULL,98,9807,NULL,,Y,37.52573,-82.57388,N,NULL,NULL,NULL,NULL,NULL,NULL,NULL,NULL,2,97,2,6,1,1,2,2,1,3,N,NULL,Y,N,1216,1218,1240,N,NULL,90,,,N,,N,N,,NULL,NULL,2019,O,7.23E+11,098-US-0023  -010,MEDIUM,098-US-0023  -000,29.164,0,0,0,1,0,0,1,0,0,0,0,0,0,0
95,72375335,KSP0900,19-23651,20190624,2206,,KY194,,,KY0194,KY0194,0,098 KY-194,KY0194,Y,N,NULL,NULL,NULL,N,NULL,NULL,NULL,NULL,NULL,NULL,23.403,NULL,NULL,NULL,NULL,,NULL,0,0,2,2,N,N,10,NULL,98,9817,NULL,,Y,37.53378,-82.36851,N,NULL,NULL,NULL,NULL,NULL,NULL,NULL,NULL,2,97,1,6,1,5,2,6,6,3,N,NULL,Y,N,2206,2240,2206,N,NULL,90,6,0,N,,N,N,098-KY-0194-0,NULL,NULL,2019,O,7.24E+11,098-KY-0194  -000,HIGH,098-KY-0194  -000,23.403,0,0,1,0,0,0,1,0,0,0,0,0,0,0
96,72378213,980100,2.02E+11,20190711,1216,,BAIRD AVE,,,,,,,,Y,N,NULL,NULL,NULL,N,NULL,NULL,NULL,NULL,NULL,NULL,,NULL,NULL,NULL,NULL,,NULL,0,0,2,2,N,N,15,NULL,98,9801,NULL,,Y,37.47281,-82.52795,N,NULL,NULL,NULL,NULL,NULL,NULL,NULL,NULL,1,97,2,6,1,1,3,2,1,3,N,NULL,Y,N,1216,1216,1216,N,NULL,90,,,N,,N,N,,NULL,NULL,2019,O,7.24E+11,098-KY-1426  -000,MEDIUM,098-KY-1426  -000,5.418,0,0,0,1,0,0,1,0,0,0,0,0,0,1
97,72369003,KSP0900,2019-19294,20190526,2220,,KY194,,,KY0194,KY0194,0,098 KY-194,KY0194,N,N,NULL,NULL,NULL,N,NULL,NULL,NULL,NULL,NULL,NULL,59.199,NULL,NULL,NULL,NULL,,NULL,0,0,1,1,N,N,35,NULL,98,9811,NULL,,Y,37.55361,-82.15792,N,NULL,NULL,NULL,NULL,NULL,NULL,NULL,NULL,9,3,2,3,1,5,6,6,7,3,N,NULL,Y,Y,2220,2350,40,Y,NULL,40,7,0,N,,N,N,098-KY-0194-0,NULL,NULL,2019,O,7.24E+11,098-KY-0194  -000,HIGH,098-KY-0194  -000,59.199,0,0,0,0,0,0,0,0,0,0,0,1,0,0
98,72363244,980100,2.02E+11,20190606,1319,,BYPASS ROAD,,,,,,,,Y,N,NULL,NULL,NULL,N,NULL,NULL,NULL,NULL,NULL,NULL,,NULL,NULL,NULL,NULL,,NULL,0,0,2,2,N,N,15,NULL,98,9801,NULL,,Y,37.47326,-82.52575,N,NULL,NULL,NULL,NULL,NULL,NULL,NULL,NULL,1,97,2,6,1,1,3,2,1,3,N,NULL,Y,N,1319,1324,1335,N,NULL,90,,,N,,N,N,,NULL,NULL,2019,O,7.24E+11,098-CS-1054  -000,MEDIUM,098-CS-1054  -000,0.265,0,0,0,1,0,0,1,0,0,0,0,0,0,0
99,72453767,KSP0900,19-49258,20191217,2250,,LITTLE ROBINSON CREEK,,RD,KY3415,KY3415,0,098 KY-3415,KY3415,N,N,NULL,NULL,NULL,N,NULL,NULL,NULL,NULL,NULL,NULL,1.869,NULL,NULL,NULL,NULL,,NULL,0,0,1,1,N,N,45,NULL,98,9801,NULL,,Y,37.36902,-82.61406,N,NULL,NULL,NULL,NULL,NULL,NULL,NULL,NULL,9,3,1,3,1,2,3,6,7,3,N,NULL,Y,N,2250,2320,0,N,NULL,70,9,0,N,,N,N,098-KY-3415-0,NULL,NULL,2019,O,7.25E+11,098-KY-3415  -000,HIGH,098-KY-3415  -000,1.869,0,0,0,0,0,0,0,0,0,0,0,1,0,0
100,72355629,980200,980200,20190425,1000,,KY80,,,KY0080,KY0080,0,098 KY-80,KY0080,N,Y,CENTER CREEK,,RD,N,NULL,NULL,NULL,NULL,NULL,NULL,6.691,NULL,NULL,NULL,NULL,,NULL,0,0,2,2,N,N,55,NULL,98,9802,2,E,N,37.30181,-82.31113,N,NULL,NULL,NULL,NULL,NULL,NULL,NULL,NULL,4,3,2,1,1,1,3,2,7,3,N,NULL,N,Y,1001,1006,1100,N,NULL,16,7,0,N,,N,N,098-KY-0080-0,NULL,NULL,2019,O,7.24E+11,098-KY-0080  -000,HIGH,098-KY-0080  -000,6.691,0,0,0,0,0,0,1,0,0,0,1,0,0,0
101,72330225,980100,2.02E+11,20190321,500,,US23/US119 INTERSECTION,,,,,,,,N,N,NULL,NULL,NULL,N,NULL,NULL,NULL,NULL,NULL,NULL,,NULL,NULL,NULL,NULL,,NULL,0,0,2,2,N,N,55,NULL,98,9801,NULL,,Y,37.50373,-82.53223,N,NULL,NULL,NULL,NULL,NULL,NULL,NULL,NULL,1,3,4,6,1,5,6,2,7,3,N,NULL,Y,N,1654,1659,1702,N,NULL,55,,,N,,N,N,,NULL,NULL,2019,O,7.23E+11,098-CS-1191  -000,MEDIUM,098-CS-1191  -000,0.004,0,0,0,0,0,0,1,0,0,0,0,0,0,1
102,72370610,980100,2.02E+11,20190623,1750,,US23,,,US0023,US0023,,,,N,Y,RATLIFF CREEK,,RD,N,NULL,NULL,NULL,NULL,NULL,NULL,25.735,NULL,NULL,NULL,NULL,,NULL,0,0,2,2,N,N,55,NULL,98,9801,NULL,,Y,37.49587,-82.53106,N,NULL,NULL,NULL,NULL,NULL,NULL,NULL,NULL,7,3,4,3,1,1,2,2,7,3,N,NULL,Y,N,1750,1755,1755,N,NULL,17,,1,N,,N,N,,NULL,NULL,2019,O,7.24E+11,098-US-0023  -000,MEDIUM,098-US-0023  -000,25.735,0,0,0,1,0,0,1,1,0,0,1,0,0,1
103,72401158,KSP0900,19-33912,20190831,1550,,ISLAND CREEK,,RD,KY1426,KY1426,0,098 KY-1426,KY1426,Y,N,NULL,NULL,NULL,N,NULL,NULL,NULL,NULL,NULL,NULL,1.653,NULL,NULL,NULL,NULL,,NULL,0,0,2,2,Y,N,35,NULL,98,9801,NULL,,Y,37.45995,-82.56538,N,NULL,NULL,NULL,NULL,NULL,NULL,NULL,NULL,1,7,2,6,3,8,2,2,6,3,N,NULL,N,Y,1550,1619,,N,NULL,90,8,0,N,,N,N,098-KY-1426-0,NULL,NULL,2019,O,7.24E+11,098-KY-1426  -000,HIGH,098-KY-1426  -000,1.653,0,0,0,0,0,0,0,0,0,0,0,0,0,0
104,72441925,980100,2.02E+11,20191125,855,,HAROLDS BRANCH,,RD,,,0,098 CS-1223,CS1223,Y,N,NULL,NULL,NULL,N,NULL,NULL,NULL,NULL,NULL,NULL,0.021,NULL,NULL,NULL,NULL,,NULL,0,0,2,2,N,N,15,NULL,98,9801,NULL,,Y,37.47253,-82.52258,N,NULL,NULL,NULL,NULL,NULL,NULL,NULL,NULL,5,97,,6,1,1,2,2,1,3,N,NULL,Y,N,855,915,915,N,NULL,90,,,N,,N,N,098-CS-1223-0,NULL,NULL,2019,O,7.24E+11,098-CS-1223  -000,HIGH,098-CS-1223  -000,0.021,0,0,0,1,0,0,1,0,0,0,0,0,0,1
105,72330609,KSP0900,19-9604,20190324,743,,KY195,,,KY0195,KY0195,0,098 KY-195,KY0195,N,N,NULL,NULL,NULL,N,NULL,NULL,NULL,NULL,NULL,NULL,10.478,NULL,NULL,NULL,NULL,,NULL,0,0,1,1,N,N,35,NULL,98,9801,NULL,,Y,37.35659,-82.42215,N,NULL,NULL,NULL,NULL,NULL,NULL,NULL,NULL,9,97,2,6,1,1,2,2,7,3,N,NULL,Y,N,743,755,,N,NULL,70,7,0,N,,N,N,098-KY-0195-0,NULL,NULL,2019,O,7.23E+11,098-KY-0195  -000,HIGH,098-KY-0195  -000,10.478,0,0,0,1,0,0,0,0,0,0,0,0,0,0
106,72379531,KSP0900,19-26569,20190713,343,,US119,,,US0119,US0119,0,098 US-119-10,US0119,N,N,NULL,NULL,NULL,N,NULL,NULL,NULL,NULL,NULL,NULL,8.343,NULL,NULL,NULL,NULL,,NULL,0,0,1,1,N,N,55,NULL,98,9820,NULL,,Y,37.56282,-82.42091,N,NULL,NULL,NULL,NULL,NULL,NULL,NULL,NULL,9,5,4,6,1,1,10,5,7,3,N,NULL,Y,N,343,417,343,N,NULL,51,2,1,N,,N,N,098-US-0119-10,NULL,NULL,2019,O,7.24E+11,098-US-0119  -010,HIGH,098-US-0119  -000,8.343,0,0,0,0,0,0,0,0,0,0,0,1,0,0
107,72301621,980500,2019AR003,20190111,1105,,WEDDINGTON BRANCH,,RD,,,0,098 CS-3026,CS3026,Y,Y,FAE RAMSEY,,LN,N,NULL,NULL,NULL,NULL,NULL,NULL,0.049,NULL,NULL,NULL,NULL,,NULL,0,0,2,2,N,N,15,NULL,98,9807,NULL,,Y,37.52315,-82.56998,N,NULL,NULL,NULL,NULL,NULL,NULL,NULL,NULL,2,97,2,6,1,1,2,2,1,3,N,NULL,Y,N,1105,1107,1124,N,NULL,90,,,N,,N,N,098-CS-3026-0,NULL,NULL,2019,O,7.23E+11,098-CS-3026  -000,HIGH,098-CS-3026  -000,0.049,0,0,0,0,0,0,1,0,0,0,1,0,0,0
108,72424342,980200,ELK4125-130-19,20191015,1520,,RUSSELL,W,ST,KY0197,KY0197,0,098 KY-197,KY0197,Y,N,NULL,NULL,NULL,N,NULL,NULL,NULL,NULL,NULL,NULL,16.001,NULL,NULL,NULL,NULL,,NULL,0,0,2,2,N,N,5,NULL,98,9802,NULL,,Y,37.29697,-82.35662,N,NULL,NULL,NULL,NULL,NULL,NULL,NULL,NULL,8,97,2,6,1,1,2,2,5,3,N,NULL,Y,N,1515,1520,1520,N,NULL,90,7,0,N,,N,N,098-KY-0197-0,NULL,NULL,2019,O,7.24E+11,098-KY-0197  -000,HIGH,098-KY-0197  -000,16.001,0,1,0,0,0,0,0,0,0,0,0,0,0,0
109,72357921,KSP0900,19-19102,20190525,1704,,LICK BRANCH,,RD,,,0,098 CR-1241,CR1241,N,N,NULL,NULL,NULL,N,NULL,NULL,NULL,NULL,NULL,NULL,0.085,NULL,NULL,NULL,NULL,,NULL,1,0,2,2,N,N,35,NULL,98,9824,NULL,,Y,37.333,-82.43673,N,NULL,NULL,NULL,NULL,NULL,NULL,NULL,NULL,3,3,1,2,1,1,2,2,7,3,N,NULL,N,N,1704,1731,,N,NULL,52,,,Y,,N,N,098-CR-1241-0,NULL,NULL,2019,C,7.24E+11,098-CR-1241  -000,HIGH,098-CR-1241  -000,0.085,0,0,0,0,0,0,1,1,0,0,0,1,0,0
110,72397473,980100,2.02E+11,20190821,2035,,BYPASS,S,RD,KY1426,KY1426,,,,Y,N,NULL,NULL,NULL,N,NULL,NULL,NULL,NULL,NULL,NULL,6.528,NULL,NULL,NULL,NULL,,NULL,0,0,2,2,Y,N,15,NULL,98,9801,NULL,,Y,37.48207,-82.51394,N,NULL,NULL,NULL,NULL,NULL,NULL,NULL,NULL,2,97,,6,1,1,2,8,1,3,N,NULL,Y,N,2036,2041,,N,NULL,90,,0,N,,N,N,,NULL,NULL,2019,O,7.24E+11,098-KY-1426  -000,HIGH,098-KY-1426  -000,6.528,0,0,0,0,0,0,0,0,0,1,0,0,0,1
111,72368188,980100,2.02E+11,20190611,1619,,CASSIDY,,BLVD,,,,,,Y,N,NULL,NULL,NULL,N,NULL,NULL,NULL,NULL,NULL,NULL,0.356,NULL,NULL,NULL,NULL,,NULL,1,0,2,1,N,N,,NULL,98,9801,NULL,,Y,37.50506,-82.53791,N,NULL,NULL,NULL,NULL,NULL,NULL,NULL,NULL,9,97,,6,1,1,2,2,1,3,Y,NULL,Y,N,1620,1627,1645,N,NULL,90,,,N,,N,N,,NULL,NULL,2019,C,7.24E+11,098-CS-1191  -000,HIGH,098-CS-1191  -000,0.356,0,0,0,1,1,0,0,0,0,0,0,0,0,1
112,72356820,980100,2.02E+11,20190522,1920,,BYPASS RD,,RD,,,0,098 CS-1223,CS1223,Y,N,NULL,NULL,NULL,N,NULL,NULL,NULL,NULL,NULL,NULL,,NULL,NULL,NULL,NULL,NULL,NULL,0,0,2,2,N,N,,NULL,98,9801,NULL,,Y,37.47128,-82.52117,N,NULL,NULL,NULL,NULL,NULL,NULL,NULL,NULL,1,97,1,6,2,1,2,2,1,3,N,NULL,Y,N,1920,1923,1923,N,NULL,90,,,N,,N,N,098-CS-1223-0,NULL,NULL,2019,O,7.24E+11,098-CS-1223  -000,HIGH,098-CS-1223  -000,0.135,0,0,0,0,0,0,1,0,0,0,0,0,0,1
113,72362622,KSP0900,19-19972,20190531,1321,,KY611,,,KY0611,KY0611,0,098 KY-611,KY0611,N,N,NULL,NULL,NULL,N,NULL,NULL,NULL,NULL,NULL,NULL,3.035,NULL,NULL,NULL,NULL,,NULL,0,0,2,2,N,N,55,NULL,98,9801,NULL,,Y,37.3165,-82.50105,N,NULL,NULL,NULL,NULL,NULL,NULL,NULL,NULL,7,3,1,1,1,1,2,2,7,3,N,NULL,Y,N,1324,1346,,N,NULL,54,8,0,N,,N,N,098-KY-0611-0,NULL,NULL,2019,O,7.24E+11,098-KY-0611  -000,HIGH,098-KY-0611  -000,3.035,0,0,0,0,0,0,1,0,0,0,0,1,0,0
114,72319108,980000,19 02 007,20190222,1230,,US119 SOUTH,,,,,,,,N,N,NULL,NULL,NULL,N,NULL,NULL,NULL,NULL,NULL,NULL,,NULL,NULL,NULL,NULL,NULL,NULL,0,0,2,2,N,N,45,NULL,98,9812,27,S,N,37.6566,-82.27077,N,NULL,NULL,NULL,NULL,NULL,NULL,NULL,NULL,5,3,4,6,1,5,3,2,7,3,N,NULL,Y,Y,1238,1249,1257,N,NULL,70,,,N,,N,N,,NULL,NULL,2019,O,7.23E+11,098-US-0119  -010,MEDIUM,098-US-0119  -000,24.069,0,0,0,0,0,0,1,0,0,0,0,0,0,0
115,72410088,KSP0900,19-36922,20190920,1933,,KY194,,,KY0194,KY0194,0,098 KY-194,KY0194,N,N,NULL,NULL,NULL,N,NULL,NULL,NULL,NULL,NULL,NULL,69.995,NULL,NULL,NULL,NULL,,NULL,0,0,1,1,N,N,45,NULL,98,9825,NULL,,Y,37.49905,-82.05679,N,NULL,NULL,NULL,NULL,NULL,NULL,NULL,NULL,9,3,2,5,1,1,2,3,7,3,N,NULL,Y,Y,1933,2018,2145,N,NULL,38,7,0,N,,N,N,098-KY-0194-0,NULL,NULL,2019,O,7.24E+11,098-KY-0194  -000,HIGH,098-KY-0194  -000,69.995,0,0,0,0,0,0,0,0,0,0,0,0,0,0