OBJECTID,MasterFile,AgencyORINumber,LocalCode,CollisionDate,CollisionTime,CollisionDayWeekCode,RoadwayName,RoadwayName_Direction_,RoadwayName_RoadwaySuffix_,RoadwayfromReport,CurrentRoadwayNumber,RoadwayNumberCoupletID,RSEUniqueGIS,RoadwayIdentifier,ParkingLotIndicator,IntersectionWith_Indicator_,IntersectionWith_NameRoadway_,IntersectionWith_Direction_,IntersectionWith_RoadwaySuffix_,BetweenStreets_Indicator_,BetweenStreets1_NameRoadway_,BetweenStreet1_Direction_,BetweenStreets1_RoadwaySuffix_,BetweenStreets2_NameRoadway_,BetweenStreets2_Direction_,BetweenStreets2_RoadwaySuffix_,Milepoint,ReportMilepointDeriveNumber,CurrentDerivedMiepointNumber,MilestoMilepoint,FeettoMilepoint,DirectionfromMilepoint_NSEW_,ValidMilepointIndicator,NumberInjured,NumberKilled,ofUnits,ofMotorVehicleUnits,Hit&RunIndicator,OneWayIndicator,SpeedLimitNumber,KilometersIndicator,CountyCode,CityCountyCode,MilesFromCity,DirectionFromCity_NSEW_,InCityLimitsIndicator,Latitude,Longitude,RampIndicator,RampFromIdentifier,RampFromDirCode,RampFromCoupletID,RSEUniqueGISRampFrom,RampToidentifier,RampToDirCode,RampToCoupletID,RSEUniqueGisRampTo,MannerofCollisionCode,LocationFirstEventCode,TotalLanes,RoadwayCharacterCode,RoadwaySurfaceCode,RoadwayConditionCode,WeatherCode,LightConditionCode,LandUseCode,SchoolBusRelatedCode,FirstAidSceneIndicator,CollDescPresentInd,InvestigationCompleteIndicator,PhotosTakenIndicator,TimeNotified,TimeArrived,TimeRoadwayOpened,PropertyDamageIndicator,DiagramPresentIndicator,DirectionalAnalysis,FunctionClassCode,NationalHwySysCode,EnforcementsIndicator,KARSCityCode,SecondaryCollisionIndicator,MedianCrossoverIndicator,RT_UNIQUE,MapIt,TimeLastLeft,YR,KABCO,MFNY,WorkingRID,RT_CONFIDENCE,KTC_RT,KTC_MP,Motorcyclist,Commercial Vehicle,Young Driver,Mature Driver,Pedestrian,Bicyclist,Distracted,Aggressive,Impaired,Unrestrained,Intersection,Roadway Departure,Median Cross-over,City Crash
116,72415158,KSP0900,19-36862,20190920,1245,,US119,,,US0119,US0119,0,098 US-119,US0119,N,N,NULL,NULL,NULL,N,NULL,NULL,NULL,NULL,NULL,NULL,25.36,NULL,NULL,NULL,NULL,,NULL,0,0,2,2,N,N,55,NULL,98,9834,NULL,,Y,37.67255,-82.28082,N,NULL,NULL,NULL,NULL,NULL,NULL,NULL,NULL,5,3,2,6,1,1,3,2,7,3,N,NULL,Y,N,1245,1250,1250,N,NULL,70,2,1,N,,N,N,098-US-0119-0,NULL,NULL,2019,O,7.24E+11,098-US-0119  -000,HIGH,098-US-0119  -000,25.36,0,0,0,0,0,0,1,0,0,0,0,0,0,0
117,72387243,980100,2.02E+11,20190726,1113,,2ND,,ST,,,,,,Y,N,NULL,NULL,NULL,N,NULL,NULL,NULL,NULL,NULL,NULL,0.312,NULL,NULL,NULL,NULL,,NULL,0,0,1,1,N,N,,NULL,98,9801,NULL,,Y,37.47965,-82.51856,N,NULL,NULL,NULL,NULL,NULL,NULL,NULL,NULL,9,97,1,6,1,1,2,2,1,3,N,NULL,Y,N,1113,1115,,Y,NULL,90,,,N,,N,N,,NULL,NULL,2019,O,7.24E+11,098-CS-1117  -000,MEDIUM,098-CS-1117  -000,0.312,0,0,0,1,0,0,0,0,0,0,0,1,0,1
118,72317070,980100,2.02E+11,20190215,1818,,CASSIDY,,BLVD,,,,,,N,N,NULL,NULL,NULL,N,NULL,NULL,NULL,NULL,NULL,NULL,0.29,NULL,NULL,NULL,NULL,,NULL,2,0,2,2,N,N,25,NULL,98,9801,NULL,,Y,37.50497,-82.53662,N,NULL,NULL,NULL,NULL,NULL,NULL,NULL,NULL,1,3,4,6,1,1,3,5,1,3,Y,NULL,Y,Y,1819,1821,1906,N,NULL,55,,,N,,N,N,,NULL,NULL,2019,C,7.23E+11,098-CS-1191  -000,HIGH,098-CS-1191  -000,0.29,0,0,0,0,0,0,1,1,0,0,0,0,0,1
119,72302738,980500,2019AR005,20190114,845,,US23,,,US0023,US0023,0,098 US-23-10,US0023,N,N,NULL,NULL,NULL,N,NULL,NULL,NULL,NULL,NULL,NULL,28.053,NULL,NULL,NULL,NULL,,NULL,0,0,2,2,N,N,45,NULL,98,9807,NULL,,Y,37.51515,-82.5593,N,NULL,NULL,NULL,NULL,NULL,NULL,NULL,NULL,8,3,6,6,1,5,9,2,1,3,N,NULL,Y,N,845,847,905,N,NULL,53,,1,N,,N,N,098-US-0023-10,NULL,NULL,2019,O,7.23E+11,098-US-0023  -010,HIGH,098-US-0023  -000,28.053,0,0,0,0,0,0,0,0,0,0,0,1,0,0
120,72433034,KSP0900,19-42891,20191031,1500,,US119,,,US0119,US0119,0,098 US-119-10,US0119,N,N,NULL,NULL,NULL,N,NULL,NULL,NULL,NULL,NULL,NULL,24.737,NULL,NULL,NULL,NULL,,NULL,2,0,2,2,N,N,55,NULL,98,9834,NULL,,Y,37.66519,-82.2743,N,NULL,NULL,NULL,NULL,NULL,NULL,NULL,NULL,1,3,4,6,1,5,6,2,7,3,Y,NULL,Y,Y,1500,1505,1545,N,NULL,55,2,1,N,,N,N,098-US-0119-10,NULL,NULL,2019,C,7.24E+11,098-US-0119  -010,HIGH,098-US-0119  -000,24.737,0,0,0,0,0,0,1,0,0,0,0,0,0,0
121,72385572,KSP0900,19-26961,20190715,2100,,GOODY,,LOOP,,,0,098 PR-1024,PR1024,Y,N,NULL,NULL,NULL,N,NULL,NULL,NULL,NULL,NULL,NULL,0.049,NULL,NULL,NULL,NULL,,NULL,0,0,1,1,N,N,15,NULL,98,9834,NULL,,Y,37.65962,-82.27252,N,NULL,NULL,NULL,NULL,NULL,NULL,NULL,NULL,9,97,2,6,1,1,2,5,1,3,N,NULL,Y,N,2130,2130,2150,N,NULL,90,,,N,,N,N,098-PR-1024-0,NULL,NULL,2019,O,7.24E+11,098-PR-1024  -000,HIGH,098-PR-1024  -000,0.049,0,0,0,0,0,0,1,0,0,0,0,1,0,0
122,72427474,KSP0900,19-41506,20191022,843,,KY1426,,,KY1426,KY1426,0,098 KY-1426,KY1426,N,N,NULL,NULL,NULL,N,NULL,NULL,NULL,NULL,NULL,NULL,16.864,NULL,NULL,NULL,NULL,,NULL,0,0,1,1,N,N,45,NULL,98,9820,NULL,,Y,37.57119,-82.43686,N,NULL,NULL,NULL,NULL,NULL,NULL,NULL,NULL,9,6,2,3,1,5,6,2,7,3,N,NULL,Y,N,845,910,945,N,NULL,44,7,0,N,,N,N,098-KY-1426-0,NULL,NULL,2019,O,7.24E+11,098-KY-1426  -000,HIGH,098-KY-1426  -000,16.864,0,0,0,0,0,0,0,0,0,0,0,1,0,0
123,72415766,KSP0900,19-38889,20191003,1903,,ROAD,,FRK,,,0,098 CR-1377Q4,CR1377Q4,N,N,NULL,NULL,NULL,N,NULL,NULL,NULL,NULL,NULL,NULL,0.466,NULL,NULL,NULL,NULL,,NULL,1,0,1,1,N,N,15,NULL,98,9801,NULL,,Y,37.59455,-82.37224,N,NULL,NULL,NULL,NULL,NULL,NULL,NULL,NULL,9,3,1,1,3,1,2,2,7,3,N,NULL,Y,Y,1903,1903,,N,NULL,70,,,N,,N,N,098-CR-1377Q4-0,NULL,NULL,2019,C,7.24E+11,098-CR-1377Q4-000,HIGH,098-CR-1377Q4-000,0.466,0,0,0,0,0,0,0,1,0,0,0,1,0,0
124,72415354,980100,2.02E+11,20191001,1233,,BYPASS,S,RD,KY1426,KY1426,0,098 KY-1426,KY1426,N,N,NULL,NULL,NULL,N,NULL,NULL,NULL,NULL,NULL,NULL,5.639,NULL,NULL,NULL,NULL,,NULL,1,0,2,2,N,N,55,NULL,98,9801,NULL,,Y,37.47261,-82.52362,N,NULL,NULL,NULL,NULL,NULL,NULL,NULL,NULL,1,3,2,6,1,1,2,2,1,3,Y,NULL,Y,Y,1234,1235,1250,Y,NULL,55,,0,N,,N,N,098-KY-1426-0,NULL,NULL,2019,C,7.24E+11,098-KY-1426  -000,HIGH,098-KY-1426  -000,5.639,0,0,0,1,0,0,1,0,0,0,0,0,0,1
125,72401022,KSP0900,19-33760,20190830,1555,,US23,,,US0023,US0023,0,098 US-23,US0023,N,N,NULL,NULL,NULL,N,NULL,NULL,NULL,NULL,NULL,NULL,10.308,NULL,NULL,NULL,NULL,,NULL,0,0,2,2,N,N,55,NULL,98,9827,NULL,,Y,37.34208,-82.55069,N,NULL,NULL,NULL,NULL,NULL,NULL,NULL,NULL,2,97,1,6,1,1,2,2,5,3,N,NULL,Y,N,1355,1426,1443,N,NULL,47,,1,N,,N,N,098-US-0023-0,NULL,NULL,2019,O,7.24E+11,098-US-0023  -000,HIGH,098-US-0023  -000,10.308,0,0,0,0,0,0,0,0,0,0,0,0,0,0
126,72399646,KSP0900,19-32821,20190824,623,,FISHTRAP,,RD,KY1441,KY1441,0,098 KY-1441,KY1441,N,N,NULL,NULL,NULL,N,NULL,NULL,NULL,NULL,NULL,NULL,6.057,NULL,NULL,NULL,NULL,,NULL,0,0,1,1,N,N,35,NULL,98,9850,NULL,,Y,37.46958,-82.42747,N,NULL,NULL,NULL,NULL,NULL,NULL,NULL,NULL,9,3,2,2,1,1,2,2,7,3,N,NULL,Y,N,623,758,815,N,NULL,70,8,0,N,,N,N,098-KY-1441-0,NULL,NULL,2019,O,7.24E+11,098-KY-1441  -000,HIGH,098-KY-1441  -000,6.057,0,0,0,0,0,0,0,0,0,0,0,1,0,0
127,72401763,980000,1909-001,20190902,1640,,COLLINS,,HWY,KY0122,KY0122,0,098 KY-122,KY0122,N,N,NULL,NULL,NULL,N,NULL,NULL,NULL,NULL,NULL,NULL,11.887,NULL,NULL,NULL,NULL,,NULL,0,0,1,1,N,N,55,NULL,98,9808,0.9,S,N,37.39189,-82.52334,N,NULL,NULL,NULL,NULL,NULL,NULL,NULL,NULL,9,5,2,6,1,1,2,2,7,3,N,NULL,Y,Y,1803,1821,1821,N,NULL,40,,0,N,,N,N,098-KY-0122-0,NULL,NULL,2019,O,7.24E+11,098-KY-0122  -000,HIGH,098-KY-0122  -000,11.887,0,0,0,0,0,0,0,0,0,0,0,1,0,0
128,72407978,KSP0900,19-36107,20190915,1317,,US119,,,US0119,US0119,0,098 US-119,US0119,Y,N,NULL,NULL,NULL,N,NULL,NULL,NULL,NULL,NULL,NULL,25.235,NULL,NULL,NULL,NULL,,NULL,0,0,2,2,N,N,55,NULL,98,9834,NULL,,Y,37.67102,-82.27969,N,NULL,NULL,NULL,NULL,NULL,NULL,NULL,NULL,2,97,0,6,1,1,2,2,1,3,N,NULL,N,N,1317,1356,1356,N,NULL,90,2,1,N,,N,N,098-US-0119-0,NULL,NULL,2019,O,7.24E+11,098-US-0119  -000,HIGH,098-US-0119  -000,25.235,0,0,0,1,0,0,1,0,0,0,0,0,0,0
129,72409462,980100,2.02E+11,20190919,14,,HUFFMAN,,AVE,,,,,,Y,N,NULL,NULL,NULL,N,NULL,NULL,NULL,NULL,NULL,NULL,0.149,NULL,NULL,NULL,NULL,,NULL,0,0,1,1,N,N,15,NULL,98,9801,NULL,,Y,37.47837,-82.51954,N,NULL,NULL,NULL,NULL,NULL,NULL,NULL,NULL,9,97,,6,2,1,2,5,1,3,N,NULL,Y,N,14,18,,N,NULL,90,,,N,,N,N,,NULL,NULL,2019,O,7.24E+11,098-CS-1123  -000,MEDIUM,098-CS-1123  -000,0.149,0,0,1,0,0,0,0,0,0,0,0,1,0,1
130,72361329,KSP0900,19-19619,20190529,745,,SHELBY DRY,,FRK,,,0,098 CR-1257,CR1257,N,N,NULL,NULL,NULL,N,NULL,NULL,NULL,NULL,NULL,NULL,1.116,NULL,NULL,NULL,NULL,,NULL,1,0,1,1,N,N,35,NULL,98,9824,NULL,,Y,37.40953,-82.49435,N,NULL,NULL,NULL,NULL,NULL,NULL,NULL,NULL,9,5,1,6,1,1,2,2,7,3,Y,NULL,Y,Y,745,820,,N,NULL,51,,,N,,N,N,098-CR-1257-0,NULL,NULL,2019,C,7.24E+11,098-CR-1257  -000,HIGH,098-CR-1257  -000,1.116,0,0,0,0,0,0,1,0,0,0,0,1,0,0
131,72406562,KSP0900,19-34548,20190904,2056,,US23,,,US0023,US0023,0,098 US-23-10,US0023,N,N,NULL,NULL,NULL,N,NULL,NULL,NULL,NULL,NULL,NULL,28.906,NULL,NULL,NULL,NULL,,NULL,0,0,2,2,N,N,55,NULL,98,9807,NULL,,Y,37.52264,-82.57109,N,NULL,NULL,NULL,NULL,NULL,NULL,NULL,NULL,8,3,4,6,1,1,2,2,7,3,N,NULL,N,N,2056,2106,,N,NULL,53,,1,N,,N,N,098-US-0023-10,NULL,NULL,2019,O,7.24E+11,098-US-0023  -010,HIGH,098-US-0023  -000,28.906,0,0,0,0,0,0,1,0,0,0,0,1,0,0
132,72423723,KSP0900,19-41294,20191020,1607,,US119,,,US0119,US0119,0,098 US-119,US0119,N,N,NULL,NULL,NULL,N,NULL,NULL,NULL,NULL,NULL,NULL,3.5,NULL,NULL,NULL,NULL,,NULL,0,0,1,1,N,N,55,NULL,98,9801,NULL,,Y,37.51308,-82.47272,N,NULL,NULL,NULL,NULL,NULL,NULL,NULL,NULL,9,3,2,5,1,1,3,2,7,3,N,NULL,Y,N,1607,1607,1627,N,NULL,38,2,1,N,,N,N,098-US-0119-0,NULL,NULL,2019,O,7.24E+11,098-US-0119  -000,HIGH,098-US-0119  -000,3.5,0,0,0,0,0,0,0,0,0,0,0,0,0,0
133,72368872,KSP0900,19-22032,20190614,33,,KY122,,,KY0122,KY0122,0,098 KY-122,KY0122,N,N,NULL,NULL,NULL,N,NULL,NULL,NULL,NULL,NULL,NULL,12.045,NULL,NULL,NULL,NULL,,NULL,0,0,1,1,N,N,35,NULL,98,9823,NULL,,Y,37.39399,-82.5237,N,NULL,NULL,NULL,NULL,NULL,NULL,NULL,NULL,9,3,2,3,1,1,2,6,7,3,N,NULL,Y,N,33,56,135,N,NULL,70,,0,N,,N,N,098-KY-0122-0,NULL,NULL,2019,O,7.24E+11,098-KY-0122  -000,HIGH,098-KY-0122  -000,12.045,0,1,0,0,0,0,0,0,0,0,0,1,0,0
134,72369485,980000,16-06-007,20190619,2300,,KY194,,,KY0194,KY0194,0,098 KY-194,KY0194,N,N,NULL,NULL,NULL,N,NULL,NULL,NULL,NULL,NULL,NULL,20.13,NULL,NULL,NULL,NULL,,NULL,0,0,1,1,N,N,55,NULL,98,9820,NULL,,Y,37.54657,-82.40212,N,NULL,NULL,NULL,NULL,NULL,NULL,NULL,NULL,9,3,2,3,1,5,6,6,7,3,N,NULL,Y,Y,2300,2300,2308,N,NULL,44,6,0,N,,N,N,098-KY-0194-0,NULL,NULL,2019,O,7.24E+11,098-KY-0194  -000,HIGH,098-KY-0194  -000,20.13,0,0,1,0,0,0,0,1,0,0,0,1,0,0
135,72407138,KSP0900,19-35975,20190914,1650,,VIRGIE,,RD,KY0610,KY0610,0,098 KY-610,KY0610,Y,N,NULL,NULL,NULL,N,NULL,NULL,NULL,NULL,NULL,NULL,8.24,NULL,NULL,NULL,NULL,,NULL,1,0,1,1,N,N,35,NULL,98,9827,NULL,,Y,37.34073,-82.59027,N,NULL,NULL,NULL,NULL,NULL,NULL,NULL,NULL,9,97,2,6,1,1,2,2,1,3,Y,NULL,N,Y,1645,1650,,Y,NULL,90,7,0,N,,N,N,098-KY-0610-0,NULL,NULL,2019,C,7.24E+11,098-KY-0610  -000,HIGH,098-KY-0610  -000,8.24,0,0,0,0,0,0,0,0,0,0,0,0,0,0
136,72320592,KSP0900,19-5276,20190217,1714,,US119,,,US0119,US0119,,,,N,N,NULL,NULL,NULL,N,NULL,NULL,NULL,NULL,NULL,NULL,24.08,NULL,NULL,NULL,NULL,,NULL,0,0,2,2,N,N,45,NULL,98,9834,NULL,,Y,37.65671,-82.27081,N,NULL,NULL,NULL,NULL,NULL,NULL,NULL,NULL,5,3,3,6,1,5,6,3,7,3,N,NULL,N,N,1714,1727,1727,N,NULL,70,2,1,N,,N,N,,NULL,NULL,2019,O,7.23E+11,098-US-0119  -000,MEDIUM,098-US-0119  -000,24.08,0,0,1,0,0,0,1,0,0,1,0,0,0,0
137,72314338,980000,19-01-005,20190115,1300,,KY3418,,,KY3418,KY3418,0,098 KY-3418,KY3418,N,N,NULL,NULL,NULL,N,NULL,NULL,NULL,NULL,NULL,NULL,8.484,NULL,NULL,NULL,NULL,,NULL,0,0,1,1,N,N,55,NULL,98,9817,NULL,,Y,37.47342,-82.40781,N,NULL,NULL,NULL,NULL,NULL,NULL,NULL,NULL,9,5,2,3,1,5,3,2,7,3,N,NULL,Y,Y,1300,1300,1312,N,NULL,51,9,0,N,,N,N,098-KY-3418-0,NULL,NULL,2019,O,7.23E+11,098-KY-3418  -000,HIGH,098-KY-3418  -000,8.484,0,1,0,0,0,0,0,0,0,0,0,1,0,0
138,72611229,KSP0900,21-138784,20210407,1809,,US119,,,US0119,US0119,0,098 US-119,US0119,N,N,NULL,NULL,NULL,N,NULL,NULL,NULL,NULL,NULL,NULL,24.057,NULL,NULL,NULL,NULL,,NULL,0,0,2,2,N,N,55,NULL,98,9836,NULL,,Y,37.65651,-82.27049,N,NULL,NULL,NULL,NULL,NULL,NULL,NULL,NULL,5,3,4,6,1,1,2,2,7,3,N,NULL,Y,N,1809,1815,1815,N,NULL,49,2,1,N,,N,N,098-US-0119-0,NULL,NULL,2021,O,7.26E+11,098-US-0119  -000,HIGH,098-US-0119  -000,24.057,0,0,0,0,0,0,1,0,0,0,0,0,0,0
139,72309013,980100,2.02E+11,20190129,1213,,US23,,,US0023,US0023,0,098 US-23,US0023,N,N,NULL,NULL,NULL,N,NULL,NULL,NULL,NULL,NULL,NULL,26.281,NULL,NULL,NULL,NULL,,NULL,0,0,2,2,N,N,55,NULL,98,9801,NULL,,Y,37.50362,-82.53215,N,NULL,NULL,NULL,NULL,NULL,NULL,NULL,NULL,5,3,4,6,1,1,3,2,1,3,N,NULL,N,N,1213,1221,1221,N,NULL,49,,1,N,,N,N,098-US-0023-0,NULL,NULL,2019,O,7.23E+11,098-US-0023  -000,HIGH,098-US-0023  -000,26.281,0,0,0,1,0,0,0,0,0,0,0,0,0,1
140,72413475,980100,2.02E+11,20190928,1808,,THOMPSON,,RD,,,,,,Y,N,NULL,NULL,NULL,N,NULL,NULL,NULL,NULL,NULL,NULL,0.467,NULL,NULL,NULL,NULL,,NULL,0,0,2,2,N,N,,NULL,98,9801,NULL,,Y,37.50619,-82.54424,N,NULL,NULL,NULL,NULL,NULL,NULL,NULL,NULL,2,97,2,6,1,1,2,2,1,3,N,NULL,Y,N,1808,1816,,N,NULL,90,,,N,,N,N,,NULL,NULL,2019,O,7.24E+11,098-CS-1215  -000,HIGH,098-CS-1215  -000,0.467,0,0,1,1,0,0,1,0,0,0,0,0,0,1
141,72374363,980100,2.02E+11,20190702,811,,NIGHTINGALE,,CT,,,,,,N,N,NULL,NULL,NULL,N,NULL,NULL,NULL,NULL,NULL,NULL,0.069,NULL,NULL,NULL,NULL,,NULL,0,0,2,2,N,N,15,NULL,98,9801,NULL,,Y,37.46646,-82.56274,N,NULL,NULL,NULL,NULL,NULL,NULL,NULL,NULL,2,3,1,5,1,1,2,2,6,3,N,NULL,Y,Y,811,817,837,N,NULL,47,,,N,,N,N,,NULL,NULL,2019,O,7.24E+11,098-CS-1047  -000,HIGH,098-CS-1047  -000,0.069,0,0,0,0,0,0,1,0,0,0,0,0,0,1
142,72875635,KSP0900,23-97958,20230314,635,,US119,,,US0119,US0119,,,,N,N,NULL,NULL,NULL,N,NULL,NULL,NULL,NULL,NULL,NULL,4.939,NULL,NULL,NULL,NULL,,NULL,0,0,2,2,Y,N,55,NULL,98,9801,NULL,,Y,37.52516,-82.45351,N,NULL,NULL,NULL,NULL,NULL,NULL,NULL,NULL,1,3,2,6,1,2,3,6,7,3,N,NULL,Y,N,635,703,703,N,NULL,55,2,1,Y,,N,N,,NULL,NULL,2023,O,7.29E+11,098-US-0119  -000,MEDIUM,098-US-0119  -000,4.978,0,0,0,0,0,0,0,0,0,0,0,0,0,0
143,72466365,KSP0900,20-1641,20200112,1935,,ADAMS,,BR,,,0,098 CR-1635,CR1635,N,N,NULL,NULL,NULL,N,NULL,NULL,NULL,NULL,NULL,NULL,0.775,NULL,NULL,NULL,NULL,,NULL,1,0,1,1,Y,N,35,NULL,98,9802,5,S,N,37.2833,-82.40823,N,NULL,NULL,NULL,NULL,NULL,NULL,NULL,NULL,9,97,1,1,1,1,2,6,7,3,N,NULL,Y,Y,2001,2105,2001,N,NULL,44,,,N,,N,N,098-CR-1635-0,NULL,NULL,2020,C,7.25E+11,098-CR-1635  -000,HIGH,098-CR-1635  -000,0.775,0,0,0,0,0,0,0,0,1,0,0,1,0,0
144,72409461,980100,2.02E+11,20190914,251,,MAIN,,ST,,,0,098 CS-1112,CS1112,N,N,NULL,NULL,NULL,N,NULL,NULL,NULL,NULL,NULL,NULL,0.182,NULL,NULL,NULL,NULL,,NULL,0,0,2,2,N,Y,35,NULL,98,9801,NULL,,Y,37.48005,-82.51704,N,NULL,NULL,NULL,NULL,NULL,NULL,NULL,NULL,5,3,2,6,1,7,2,5,6,3,N,NULL,Y,N,251,255,344,N,NULL,49,,,Y,,N,N,098-CS-1112-0,NULL,NULL,2019,O,7.24E+11,098-CS-1112  -000,HIGH,098-CS-1112  -000,0.182,0,0,0,0,0,0,0,0,1,1,0,0,0,1
145,72376584,980100,2.02E+11,20190707,350,,CASSIDY,,BLVD,,,,,,Y,N,NULL,NULL,NULL,N,NULL,NULL,NULL,NULL,NULL,NULL,,NULL,NULL,NULL,NULL,NULL,NULL,0,0,2,2,Y,N,15,NULL,98,9801,NULL,,Y,37.50691,-82.53931,N,NULL,NULL,NULL,NULL,NULL,NULL,NULL,NULL,7,97,,6,1,1,2,5,1,3,N,NULL,Y,N,350,355,,N,NULL,90,,,N,,N,N,,NULL,NULL,2019,O,7.24E+11,098-CS-1191  -000,HIGH,098-CS-1191  -000,0.366,0,0,0,0,0,0,0,0,0,0,0,0,0,1
146,72762661,980100,2.02E+11,20220423,1330,,HAMBLEY,,BLVD,,,0,098 CS-1222,CS1222,N,N,NULL,NULL,NULL,N,NULL,NULL,NULL,NULL,NULL,NULL,0.349,NULL,NULL,NULL,NULL,,NULL,1,0,2,1,N,N,25,NULL,98,9801,NULL,,Y,37.47673,-82.52211,N,NULL,NULL,NULL,NULL,NULL,NULL,NULL,NULL,9,3,3,6,1,1,2,2,7,3,N,NULL,Y,N,1949,1949,1949,N,NULL,36,,,N,,N,N,098-CS-1222-0,NULL,NULL,2022,C,7.28E+11,098-CS-1222  -000,HIGH,098-CS-1222  -000,0.349,0,0,0,0,1,0,0,0,0,0,0,0,0,1
147,72445894,KSP0900,19-47321,20191203,930,,ASHWOOD,,CT,,,0,098 PR-1042,PR1042,Y,N,NULL,NULL,NULL,N,NULL,NULL,NULL,NULL,NULL,NULL,0.021,NULL,NULL,NULL,NULL,,NULL,0,0,2,2,N,N,10,NULL,98,9863,NULL,,Y,37.62037,-82.16753,N,NULL,NULL,NULL,NULL,NULL,NULL,NULL,NULL,8,97,,6,1,1,2,2,7,3,N,NULL,Y,N,930,935,1000,N,NULL,90,,,N,,N,N,098-PR-1042-0,NULL,NULL,2019,O,7.24E+11,098-PR-1042  -000,HIGH,098-PR-1042  -000,0.021,0,0,0,1,0,0,1,0,0,0,0,0,0,0
148,72349342,980100,2.02E+11,20190430,839,,CHLOE,,RD,KY1460,KY1460,,,,Y,N,NULL,NULL,NULL,N,NULL,NULL,NULL,NULL,NULL,NULL,3.817,NULL,NULL,NULL,NULL,,NULL,0,0,2,2,Y,N,35,NULL,98,9801,NULL,,Y,37.47721,-82.49356,N,NULL,NULL,NULL,NULL,NULL,NULL,NULL,NULL,7,3,2,3,1,1,2,2,7,3,N,NULL,Y,N,839,841,841,N,NULL,90,,0,N,,N,N,,NULL,NULL,2019,O,7.23E+11,098-KY-1460  -000,HIGH,098-KY-1460  -000,3.817,0,0,0,0,0,0,1,0,0,0,0,0,0,1
149,72336351,980100,2.02E+11,20190406,1803,,MULLINS SCHOOL PARKING LOT,,,,,,,,Y,N,NULL,NULL,NULL,N,NULL,NULL,NULL,NULL,NULL,NULL,,NULL,NULL,NULL,NULL,NULL,NULL,0,0,2,2,N,N,15,NULL,98,9801,1,N,N,37.51579,-82.50384,N,NULL,NULL,NULL,NULL,NULL,NULL,NULL,NULL,2,97,2,6,1,1,2,2,7,3,N,NULL,N,N,1809,1812,1812,N,NULL,90,,,N,,N,N,,NULL,NULL,2019,O,7.23E+11,098-US-0119  -010,MEDIUM,098-US-0119  -000,1.725,0,0,1,0,0,0,1,0,0,0,0,0,0,1
150,72309309,980100,2.02E+11,20190119,1631,,ABNER MOUNTAIN,,RD,KY0122,KY0122,0,098 KY-122,KY0122,N,N,NULL,NULL,NULL,N,NULL,NULL,NULL,NULL,NULL,NULL,0.513,NULL,NULL,NULL,NULL,,NULL,0,0,2,2,N,N,55,NULL,98,9801,10,S,N,37.34645,-82.64983,N,NULL,NULL,NULL,NULL,NULL,NULL,NULL,NULL,7,3,2,1,1,5,3,2,1,3,N,NULL,Y,N,1631,1631,,N,NULL,54,,0,N,,N,N,098-KY-0122-0,NULL,NULL,2019,O,7.23E+11,098-KY-0122  -000,HIGH,098-KY-0122  -000,0.513,0,0,0,0,0,0,0,0,0,0,0,1,0,0
151,72369110,980100,2.02E+11,20190619,1205,,US23,,,US0023,US0023,0,098 US-23,US0023,N,N,NULL,NULL,NULL,N,NULL,NULL,NULL,NULL,NULL,NULL,26.257,NULL,NULL,NULL,NULL,,NULL,0,0,2,2,N,N,55,NULL,98,9801,NULL,,Y,37.50329,-82.53209,N,NULL,NULL,NULL,NULL,NULL,NULL,NULL,NULL,5,3,4,6,1,5,6,2,7,3,N,NULL,Y,N,1205,1210,1218,N,NULL,70,,1,N,,N,N,098-US-0023-0,NULL,NULL,2019,O,7.24E+11,098-US-0023  -000,HIGH,098-US-0023  -000,26.257,0,0,0,0,0,0,0,0,0,0,0,0,0,1
152,72467050,KSP0900,20-3925,20200123,1832,,KY1426,,,KY1426,KY1426,0,098 KY-1426,KY1426,N,N,NULL,NULL,NULL,N,NULL,NULL,NULL,NULL,NULL,NULL,12.257,NULL,NULL,NULL,NULL,,NULL,0,0,2,2,N,N,55,NULL,98,9828,NULL,,Y,37.5394,-82.46848,N,NULL,NULL,NULL,NULL,NULL,NULL,NULL,NULL,3,3,2,3,1,1,3,3,7,3,N,NULL,Y,N,1927,1944,2010,N,NULL,52,7,0,N,,N,N,098-KY-1426-0,NULL,NULL,2020,O,7.25E+11,098-KY-1426  -000,HIGH,098-KY-1426  -000,12.257,0,0,0,1,0,0,0,0,0,0,0,1,0,0
153,72421763,980500,2019AR065,20191016,1845,,MAYO,N,TRL,US0023,US0023,0,098 US-23-10,US0023,N,N,NULL,NULL,NULL,N,NULL,NULL,NULL,NULL,NULL,NULL,27.929,NULL,NULL,NULL,NULL,,NULL,0,0,2,2,N,N,55,NULL,98,9807,NULL,,Y,37.51413,-82.55744,N,NULL,NULL,NULL,NULL,NULL,NULL,NULL,NULL,8,3,6,6,1,1,2,5,7,3,N,NULL,Y,N,1850,1852,,N,NULL,53,,1,N,,N,N,098-US-0023-10,NULL,NULL,2019,O,7.24E+11,098-US-0023  -010,HIGH,098-US-0023  -000,27.929,0,0,0,0,0,0,1,0,0,0,0,1,0,0