OBJECTID,MasterFile,AgencyORINumber,LocalCode,CollisionDate,CollisionTime,CollisionDayWeekCode,RoadwayName,RoadwayName_Direction_,RoadwayName_RoadwaySuffix_,RoadwayfromReport,CurrentRoadwayNumber,RoadwayNumberCoupletID,RSEUniqueGIS,RoadwayIdentifier,ParkingLotIndicator,IntersectionWith_Indicator_,IntersectionWith_NameRoadway_,IntersectionWith_Direction_,IntersectionWith_RoadwaySuffix_,BetweenStreets_Indicator_,BetweenStreets1_NameRoadway_,BetweenStreet1_Direction_,BetweenStreets1_RoadwaySuffix_,BetweenStreets2_NameRoadway_,BetweenStreets2_Direction_,BetweenStreets2_RoadwaySuffix_,Milepoint,ReportMilepointDeriveNumber,CurrentDerivedMiepointNumber,MilestoMilepoint,FeettoMilepoint,DirectionfromMilepoint_NSEW_,ValidMilepointIndicator,NumberInjured,NumberKilled,ofUnits,ofMotorVehicleUnits,Hit&RunIndicator,OneWayIndicator,SpeedLimitNumber,KilometersIndicator,CountyCode,CityCountyCode,MilesFromCity,DirectionFromCity_NSEW_,InCityLimitsIndicator,Latitude,Longitude,RampIndicator,RampFromIdentifier,RampFromDirCode,RampFromCoupletID,RSEUniqueGISRampFrom,RampToidentifier,RampToDirCode,RampToCoupletID,RSEUniqueGisRampTo,MannerofCollisionCode,LocationFirstEventCode,TotalLanes,RoadwayCharacterCode,RoadwaySurfaceCode,RoadwayConditionCode,WeatherCode,LightConditionCode,LandUseCode,SchoolBusRelatedCode,FirstAidSceneIndicator,CollDescPresentInd,InvestigationCompleteIndicator,PhotosTakenIndicator,TimeNotified,TimeArrived,TimeRoadwayOpened,PropertyDamageIndicator,DiagramPresentIndicator,DirectionalAnalysis,FunctionClassCode,NationalHwySysCode,EnforcementsIndicator,KARSCityCode,SecondaryCollisionIndicator,MedianCrossoverIndicator,RT_UNIQUE,MapIt,TimeLastLeft,YR,KABCO,MFNY,WorkingRID,RT_CONFIDENCE,KTC_RT,KTC_MP,Motorcyclist,Commercial Vehicle,Young Driver,Mature Driver,Pedestrian,Bicyclist,Distracted,Aggressive,Impaired,Unrestrained,Intersection,Roadway Departure,Median Cross-over,City Crash
154,72407478,980100,2.02E+11,20190913,1433,,BYPASS,N,RD,KY1460,KY1460,,,,N,N,NULL,NULL,NULL,N,NULL,NULL,NULL,NULL,NULL,NULL,5.107,NULL,NULL,NULL,NULL,,NULL,0,0,2,2,N,N,45,NULL,98,9801,NULL,,Y,37.4831,-82.51358,N,NULL,NULL,NULL,NULL,NULL,NULL,NULL,NULL,5,3,2,6,1,1,2,2,1,3,N,NULL,Y,N,1433,1437,1438,N,NULL,49,16,0,N,,N,N,,NULL,NULL,2019,O,7.24E+11,098-KY-1460  -000,MEDIUM,098-KY-1460  -000,5.107,0,0,0,1,0,0,1,0,0,0,0,0,0,1
155,72438702,980200,ELK4125-133-19,20191024,1756,,ELKHORN,,CRK,KY0197,KY0197,0,098 KY-197,KY0197,N,N,NULL,NULL,NULL,N,NULL,NULL,NULL,NULL,NULL,NULL,8.391,NULL,NULL,NULL,NULL,,NULL,0,0,2,2,N,N,55,NULL,98,9864,8,S,N,37.26237,-82.45253,N,NULL,NULL,NULL,NULL,NULL,NULL,NULL,NULL,5,3,2,3,1,1,2,2,6,3,N,NULL,Y,N,1730,1745,1800,N,NULL,49,7,0,N,,N,N,098-KY-0197-0,NULL,NULL,2019,O,7.24E+11,098-KY-0197  -000,HIGH,098-KY-0197  -000,8.391,0,0,0,0,0,0,0,0,0,0,0,0,0,0
156,72411127,980000,19-09-008,20190923,1230,,FERRELLS CREEK,,RD,US0460,US0460,0,098 US-460,US0460,N,N,NULL,NULL,NULL,N,NULL,NULL,NULL,NULL,NULL,NULL,15.732,NULL,NULL,NULL,NULL,,NULL,0,0,1,1,N,N,55,NULL,98,9874,3,E,N,37.34846,-82.35128,N,NULL,NULL,NULL,NULL,NULL,NULL,NULL,NULL,9,3,2,3,1,1,3,2,7,3,N,NULL,Y,Y,1605,1638,1638,N,NULL,38,,1,N,,N,N,098-US-0460-0,NULL,NULL,2019,O,7.24E+11,098-US-0460  -000,HIGH,098-US-0460  -000,15.732,0,0,0,0,0,0,1,0,0,0,0,0,0,0
157,72918740,980100,2.02E+11,20230630,1404,,CASSIDY,,BLVD,,,0,098 CS-1191,CS1191,Y,N,NULL,NULL,NULL,N,NULL,NULL,NULL,NULL,NULL,NULL,0.202,NULL,NULL,NULL,NULL,,NULL,0,0,2,2,N,N,,NULL,98,9801,NULL,,Y,37.50407,-82.53526,N,NULL,NULL,NULL,NULL,NULL,NULL,NULL,NULL,6,97,,6,1,1,2,2,1,3,N,NULL,Y,N,1404,1413,1413,N,NULL,90,,,N,,N,N,098-CS-1191-0,NULL,NULL,2023,O,7.29E+11,098-CS-1191  -000,HIGH,098-CS-1191  -000,0.183,0,0,0,1,0,0,1,0,0,0,0,0,0,1
158,72308007,980100,2.02E+11,20190125,1700,,HAROLDS BRANCH,,RD,,,0,098 CS-1223,CS1223,N,N,NULL,NULL,NULL,N,NULL,NULL,NULL,NULL,NULL,NULL,0.011,NULL,NULL,NULL,NULL,,NULL,0,0,2,2,N,N,35,NULL,98,9801,NULL,,Y,37.47269,-82.52261,N,NULL,NULL,NULL,NULL,NULL,NULL,NULL,NULL,5,3,3,6,1,1,3,2,7,3,N,NULL,Y,N,1700,1702,1702,N,NULL,70,,,N,,N,N,098-CS-1223-0,NULL,NULL,2019,O,7.23E+11,098-CS-1223  -000,HIGH,098-CS-1223  -000,0.011,0,0,0,0,0,0,1,0,0,0,0,0,0,1
159,72341990,KSP0900,19-13411,20190418,2309,,US119,,,US0119,US0119,0,098 US-119-10,US0119,N,N,NULL,NULL,NULL,N,NULL,NULL,NULL,NULL,NULL,NULL,1.748,NULL,NULL,NULL,NULL,,NULL,2,0,1,1,N,N,55,NULL,98,9801,NULL,,Y,37.51321,-82.50362,N,NULL,NULL,NULL,NULL,NULL,NULL,NULL,NULL,9,3,2,1,1,1,2,2,7,3,N,NULL,Y,Y,2313,2325,,N,NULL,40,2,1,N,,N,N,098-US-0119-10,NULL,NULL,2019,B,7.23E+11,098-US-0119  -010,HIGH,098-US-0119  -000,1.748,0,0,0,0,0,0,0,0,0,0,0,1,0,1
160,72392155,KSP0900,19-30797,20190810,2128,,GOODY,,LOOP,,,,,,N,N,NULL,NULL,NULL,N,NULL,NULL,NULL,NULL,NULL,NULL,0.008,NULL,NULL,NULL,NULL,,NULL,0,0,2,2,N,N,55,NULL,98,9834,NULL,,Y,37.65989,-82.27307,N,NULL,NULL,NULL,NULL,NULL,NULL,NULL,NULL,5,3,2,5,1,1,2,5,7,3,N,NULL,N,N,2128,2141,2141,N,NULL,49,,,N,,N,N,,NULL,NULL,2019,O,7.24E+11,098-PR-1024  -000,HIGH,098-PR-1024  -000,0.008,0,0,0,0,0,0,1,0,0,0,0,0,0,0
161,72336266,980100,2.02E+11,20190331,1637,,THOMPSON,,RD,,,,,,Y,N,NULL,NULL,NULL,N,NULL,NULL,NULL,NULL,NULL,NULL,0.485,NULL,NULL,NULL,NULL,,NULL,0,0,2,2,N,N,,NULL,98,9801,NULL,,Y,37.5061,-82.54392,N,NULL,NULL,NULL,NULL,NULL,NULL,NULL,NULL,2,97,,6,1,1,2,2,1,3,N,NULL,Y,N,1637,1642,,N,NULL,90,,,N,,N,N,,NULL,NULL,2019,O,7.23E+11,098-CS-1215  -000,HIGH,098-CS-1215  -000,0.485,0,0,0,0,0,0,1,0,0,0,0,0,0,1
162,72392320,980100,2.02E+11,20190812,1840,,CASSIDY,,BLVD,,,0,098 CS-1191,CS1191,Y,N,NULL,NULL,NULL,N,NULL,NULL,NULL,NULL,NULL,NULL,,NULL,NULL,NULL,NULL,,NULL,0,0,2,2,N,N,15,NULL,98,9801,NULL,,Y,37.50616,-82.53736,N,NULL,NULL,NULL,NULL,NULL,NULL,NULL,NULL,2,97,2,6,1,1,2,2,1,3,N,NULL,Y,N,1840,1840,1845,N,NULL,90,,,N,,N,N,098-CS-1191-0,NULL,NULL,2019,O,7.24E+11,098-CS-1191  -000,HIGH,098-CS-1191  -000,0.328,0,0,0,0,0,0,1,0,0,0,0,0,0,1
163,72427420,KSP0900,19-41534,20191022,1200,,KY194,,,KY0194,KY0194,0,098 KY-194,KY0194,N,N,NULL,NULL,NULL,N,NULL,NULL,NULL,NULL,NULL,NULL,28.81,NULL,NULL,NULL,NULL,,NULL,0,0,1,1,N,N,55,NULL,98,9849,NULL,,Y,37.47021,-82.35535,N,NULL,NULL,NULL,NULL,NULL,NULL,NULL,NULL,9,3,2,1,1,1,2,2,7,3,N,NULL,Y,N,1215,1240,1240,N,NULL,44,7,0,N,,N,N,098-KY-0194-0,NULL,NULL,2019,O,7.24E+11,098-KY-0194  -000,HIGH,098-KY-0194  -000,28.81,0,0,0,0,0,0,0,0,0,0,0,1,0,0
164,72883668,980100,2.02E+11,20230323,1449,,BAIRD,,AVE,KY1426,KY1426,,,,N,N,NULL,NULL,NULL,N,NULL,NULL,NULL,NULL,NULL,NULL,5.431,NULL,NULL,NULL,NULL,,NULL,0,0,2,2,N,N,35,NULL,98,9801,NULL,,Y,37.47276,-82.52699,N,NULL,NULL,NULL,NULL,NULL,NULL,NULL,NULL,5,3,4,6,1,1,2,2,1,3,N,NULL,Y,N,1449,1454,1454,N,NULL,70,,0,N,,N,N,,NULL,NULL,2023,O,7.29E+11,098-KY-1426  -000,MEDIUM,098-KY-1426  -000,5.432,0,0,0,0,0,0,1,0,0,0,0,0,0,1
165,72349699,KSP0900,19-16170,20190505,2031,,CHURCH,,ST,,,0,098 CS-3002,CS3002,N,N,NULL,NULL,NULL,N,NULL,NULL,NULL,NULL,NULL,NULL,0.073,NULL,NULL,NULL,NULL,,NULL,0,0,2,2,N,N,35,NULL,98,9807,NULL,,Y,37.51644,-82.56482,N,NULL,NULL,NULL,NULL,NULL,NULL,NULL,NULL,8,3,1,6,1,5,3,2,6,1,N,NULL,N,N,1950,2016,2148,Y,NULL,53,,,Y,,N,N,098-CS-3002-0,NULL,NULL,2019,O,7.23E+11,098-CS-3002  -000,HIGH,098-CS-3002  -000,0.073,0,0,0,0,0,0,0,0,0,0,0,1,0,0
166,72405753,980100,2.02E+11,20190911,1624,,CASSIDY,,BLVD,,,,,,Y,N,NULL,NULL,NULL,N,NULL,NULL,NULL,NULL,NULL,NULL,0.345,NULL,NULL,NULL,NULL,,NULL,0,0,2,2,N,Y,15,NULL,98,9801,NULL,,Y,37.50522,-82.53779,N,NULL,NULL,NULL,NULL,NULL,NULL,NULL,NULL,2,97,1,6,1,1,2,2,1,3,N,NULL,Y,N,1624,1634,,N,NULL,90,,,N,,N,N,,NULL,NULL,2019,O,7.24E+11,098-CS-1191  -000,HIGH,098-CS-1191  -000,0.345,0,0,0,1,0,0,1,0,0,0,0,0,0,1
167,72344298,KSP0900,19-14047,20190422,954,,US460,,,US0460,US0460,0,098 US-460,US0460,N,N,NULL,NULL,NULL,N,NULL,NULL,NULL,NULL,NULL,NULL,0.727,NULL,NULL,NULL,NULL,,NULL,0,0,1,1,N,N,55,NULL,98,9801,NULL,,Y,37.43378,-82.50689,N,NULL,NULL,NULL,NULL,NULL,NULL,NULL,NULL,9,5,2,6,1,1,2,2,7,3,N,NULL,Y,Y,954,954,1400,N,NULL,40,,1,N,,N,N,098-US-0460-0,NULL,NULL,2019,O,7.23E+11,098-US-0460  -000,HIGH,098-US-0460  -000,0.727,0,1,0,0,0,0,0,0,0,0,0,1,0,0
168,72394624,980200,ELK4125-116-19,20190808,1538,,KY80,,,KY0080,KY0080,0,098 KY-80,KY0080,Y,N,NULL,NULL,NULL,N,NULL,NULL,NULL,NULL,NULL,NULL,2.801,NULL,NULL,NULL,NULL,,NULL,0,0,2,2,N,N,5,NULL,98,9802,NULL,,Y,37.30737,-82.3531,N,NULL,NULL,NULL,NULL,NULL,NULL,NULL,NULL,2,97,2,6,1,1,2,2,1,3,N,NULL,Y,N,1534,1538,1538,N,NULL,90,7,0,N,,N,N,098-KY-0080-0,NULL,NULL,2019,O,7.24E+11,098-KY-0080  -000,HIGH,098-KY-0080  -000,2.801,0,0,0,0,0,0,0,0,0,0,0,0,0,0
169,72304271,KSP0900,19-1810,20190117,252,,BIG CREEK,E,RD,KY3220,KY3220,,,,N,N,NULL,NULL,NULL,N,NULL,NULL,NULL,NULL,NULL,NULL,2.13,NULL,NULL,NULL,NULL,,NULL,0,0,1,1,N,N,55,NULL,98,9833,NULL,,Y,37.61142,-82.33577,N,NULL,NULL,NULL,NULL,NULL,NULL,NULL,NULL,9,3,2,6,1,1,2,6,7,3,N,NULL,Y,N,254,330,400,N,NULL,70,8,0,N,,N,N,,NULL,NULL,2019,O,7.23E+11,098-KY-3220  -000,HIGH,098-KY-3220  -000,2.13,0,0,0,0,0,0,0,0,0,0,0,0,0,0
170,72355454,980100,2.02E+11,20190520,1224,,CHLOE,,RD,KY1460,KY1460,0,098 KY-1460,KY1460,Y,N,NULL,NULL,NULL,N,NULL,NULL,NULL,NULL,NULL,NULL,4.306,NULL,NULL,NULL,NULL,,NULL,0,0,2,2,N,N,35,NULL,98,9801,NULL,,Y,37.47675,-82.50209,N,NULL,NULL,NULL,NULL,NULL,NULL,NULL,NULL,7,97,2,6,1,1,2,2,5,3,N,NULL,Y,N,1224,1234,1234,N,NULL,90,,0,N,,N,N,098-KY-1460-0,NULL,NULL,2019,O,7.24E+11,098-KY-1460  -000,HIGH,098-KY-1460  -000,4.306,0,0,0,1,0,0,1,0,0,0,0,0,0,1
171,72431306,KSP0900,19-42842,20191031,1100,,KY632,,,KY0632,KY0632,0,098 KY-632,KY0632,N,N,NULL,NULL,NULL,N,NULL,NULL,NULL,NULL,NULL,NULL,3.014,NULL,NULL,NULL,NULL,,NULL,0,0,1,1,N,N,55,NULL,98,9817,NULL,,Y,37.48475,-82.30721,N,NULL,NULL,NULL,NULL,NULL,NULL,NULL,NULL,9,6,2,3,1,5,6,2,7,3,N,NULL,Y,N,1110,1145,1110,N,NULL,40,6,0,N,,N,N,098-KY-0632-0,NULL,NULL,2019,O,7.24E+11,098-KY-0632  -000,HIGH,098-KY-0632  -000,3.014,0,0,0,0,0,0,0,0,0,0,0,1,0,0
172,72374734,KSP0900,19-24586,20190701,1130,,LONG BRANCH,,RD,KY1758,KY1758,0,098 KY-1758,KY1758,N,N,NULL,NULL,NULL,N,NULL,NULL,NULL,NULL,NULL,NULL,5.648,NULL,NULL,NULL,NULL,,NULL,0,0,1,1,N,N,55,NULL,98,9817,NULL,,Y,37.4684,-82.26747,N,NULL,NULL,NULL,NULL,NULL,NULL,NULL,NULL,9,3,2,6,3,1,2,2,7,3,N,NULL,N,N,1130,1135,1205,N,NULL,44,8,0,N,,N,N,098-KY-1758-0,NULL,NULL,2019,O,7.24E+11,098-KY-1758  -000,HIGH,098-KY-1758  -000,5.648,0,0,0,0,0,0,0,0,0,0,0,1,0,0
173,72417403,980100,2.02E+11,20191007,1320,,US23,,,US0023,US0023,0,098 US-23,US0023,N,N,NULL,NULL,NULL,N,NULL,NULL,NULL,NULL,NULL,NULL,22.93,NULL,NULL,NULL,NULL,,NULL,0,0,2,2,Y,N,55,NULL,98,9801,NULL,,Y,37.46545,-82.52577,N,NULL,NULL,NULL,NULL,NULL,NULL,NULL,NULL,5,3,4,6,1,5,6,2,1,3,N,NULL,Y,N,1320,1323,,N,NULL,49,,1,N,,N,N,098-US-0023-0,NULL,NULL,2019,O,7.24E+11,098-US-0023  -000,HIGH,098-US-0023  -000,22.93,0,0,0,0,0,0,0,0,0,0,0,0,0,1
174,72370505,980100,2.02E+11,20190617,1200,,PHYLLIS,,LN,,,,,,Y,N,NULL,NULL,NULL,N,NULL,NULL,NULL,NULL,NULL,NULL,0.019,NULL,NULL,NULL,NULL,,NULL,0,0,2,2,N,N,15,NULL,98,9801,NULL,,Y,37.48704,-82.52475,N,NULL,NULL,NULL,NULL,NULL,NULL,NULL,NULL,2,97,1,6,1,1,2,2,6,3,N,NULL,Y,N,1200,1202,1202,N,NULL,90,,,N,,N,N,,NULL,NULL,2019,O,7.24E+11,098-CS-1090  -000,HIGH,098-CS-1090  -000,0.019,0,0,0,0,0,0,1,0,0,0,0,0,0,1
175,72427380,KSP0900,19-42105,20191026,1214,,US460,,,US0460,US0460,0,098 US-460,US0460,N,N,NULL,NULL,NULL,N,NULL,NULL,NULL,NULL,NULL,NULL,13.338,NULL,NULL,NULL,NULL,,NULL,1,0,1,1,N,N,55,NULL,98,9802,3,NW,N,37.33356,-82.38803,N,NULL,NULL,NULL,NULL,NULL,NULL,NULL,NULL,9,4,2,3,1,5,3,2,7,3,Y,NULL,Y,N,1215,1240,1315,N,NULL,44,,1,N,,N,N,098-US-0460-0,NULL,NULL,2019,C,7.24E+11,098-US-0460  -000,HIGH,098-US-0460  -000,13.338,0,0,0,0,0,0,0,1,0,0,0,1,0,0
176,72442309,980100,2.02E+11,20191125,1556,,MAYO,S,TRL,KY3496,KY3496,0,098 KY-3496,KY3496,Y,N,NULL,NULL,NULL,N,NULL,NULL,NULL,NULL,NULL,NULL,,NULL,NULL,NULL,NULL,NULL,NULL,0,0,2,2,N,N,35,NULL,98,9801,NULL,,Y,37.47184,-82.52946,N,NULL,NULL,NULL,NULL,NULL,NULL,NULL,NULL,2,97,2,6,1,1,3,2,1,3,N,NULL,Y,N,1556,1600,1621,N,NULL,90,16,0,N,,N,N,098-KY-3496-0,NULL,NULL,2019,O,7.24E+11,098-KY-3496  -000,HIGH,098-KY-3496  -000,0.804,0,0,0,0,0,0,1,0,0,0,0,0,0,1
177,72434529,980100,2.02E+11,20191110,1715,,CASSIDY,,BLVD,,,,,,Y,N,NULL,NULL,NULL,N,NULL,NULL,NULL,NULL,NULL,NULL,0.284,NULL,NULL,NULL,NULL,,NULL,0,0,2,2,N,N,,NULL,98,9801,NULL,,Y,37.50491,-82.5365,N,NULL,NULL,NULL,NULL,NULL,NULL,NULL,NULL,1,97,,6,1,1,2,2,1,3,N,NULL,Y,N,1715,1722,1722,N,NULL,90,,,N,,N,N,,NULL,NULL,2019,O,7.24E+11,098-CS-1191  -000,MEDIUM,098-CS-1191  -000,0.284,0,0,1,0,0,0,1,0,0,1,0,0,0,1
178,72344408,980100,2.02E+11,20190419,1644,,CASSIDY,,BLVD,,,,,,N,N,NULL,NULL,NULL,N,NULL,NULL,NULL,NULL,NULL,NULL,0.301,NULL,NULL,NULL,NULL,,NULL,1,0,2,2,N,N,35,NULL,98,9801,NULL,,Y,37.5051,-82.53684,N,NULL,NULL,NULL,NULL,NULL,NULL,NULL,NULL,1,3,5,3,1,5,6,2,1,3,Y,NULL,Y,Y,1645,1649,,N,NULL,55,,,Y,,N,N,,NULL,NULL,2019,C,7.23E+11,098-CS-1191  -000,HIGH,098-CS-1191  -000,0.301,0,0,0,0,0,0,1,1,0,1,0,0,0,1
179,72406563,KSP0900,19-34915,20190907,1616,,KY122,,,KY0122,KY0122,0,098 KY-122,KY0122,N,N,NULL,NULL,NULL,N,NULL,NULL,NULL,NULL,NULL,NULL,2.064,NULL,NULL,NULL,NULL,,NULL,0,0,1,1,N,N,55,NULL,98,9827,NULL,,Y,37.33609,-82.63895,N,NULL,NULL,NULL,NULL,NULL,NULL,NULL,NULL,9,5,2,6,1,1,2,2,7,3,N,NULL,N,Y,1616,1640,,Y,NULL,41,,0,N,,N,N,098-KY-0122-0,NULL,NULL,2019,O,7.24E+11,098-KY-0122  -000,HIGH,098-KY-0122  -000,2.064,0,0,0,0,0,0,0,0,0,0,0,1,0,0
180,72330342,980100,2.02E+11,20190318,1222,,MAYO,N,TRL,US0023,US0023,0,098 US-23-10,US0023,N,N,NULL,NULL,NULL,N,NULL,NULL,NULL,NULL,NULL,NULL,29.611,NULL,NULL,NULL,NULL,,NULL,0,0,2,2,N,N,55,NULL,98,9801,NULL,,Y,37.53163,-82.57718,N,NULL,NULL,NULL,NULL,NULL,NULL,NULL,NULL,5,3,5,6,1,1,3,2,7,3,N,NULL,Y,N,1223,1230,1315,N,NULL,49,,1,N,,N,N,098-US-0023-10,NULL,NULL,2019,O,7.23E+11,098-US-0023  -010,HIGH,098-US-0023  -000,29.611,0,0,0,1,0,0,1,0,0,0,0,0,0,1
181,72343217,KSP0900,19-13968,20190421,1924,,REGINA-BELCHER,,HWY,US0460,US0460,0,098 US-460,US0460,N,N,NULL,NULL,NULL,N,NULL,NULL,NULL,NULL,NULL,NULL,8.321,NULL,NULL,NULL,NULL,,NULL,0,0,1,1,N,N,45,NULL,98,9830,NULL,,Y,37.37463,-82.43062,N,NULL,NULL,NULL,NULL,NULL,NULL,NULL,NULL,9,3,2,6,1,1,2,2,7,3,N,NULL,Y,N,1929,1948,2020,N,NULL,70,,1,N,,N,N,098-US-0460-0,NULL,NULL,2019,O,7.23E+11,098-US-0460  -000,HIGH,098-US-0460  -000,8.321,0,0,1,0,0,0,0,0,0,0,0,1,0,0
182,72307776,KSP0900,19-2286,20190122,1854,,ELKHORN,,CRK,KY0197,KY0197,0,098 KY-197,KY0197,N,N,NULL,NULL,NULL,N,NULL,NULL,NULL,NULL,NULL,NULL,12.845,NULL,NULL,NULL,NULL,,NULL,1,0,1,1,N,N,55,NULL,98,9802,25,SE,N,37.27868,-82.39401,N,NULL,NULL,NULL,NULL,NULL,NULL,NULL,NULL,9,3,2,3,1,2,3,6,7,3,Y,NULL,Y,Y,34,57,57,N,NULL,44,7,0,N,,N,N,098-KY-0197-0,NULL,NULL,2019,C,7.23E+11,098-KY-0197  -000,HIGH,098-KY-0197  -000,12.845,0,0,0,1,0,0,0,1,0,0,0,1,0,0
183,72437224,980100,2.02E+11,20191114,1204,,US23,,,US0023,US0023,0,098 US-23-10,US0023,N,N,NULL,NULL,NULL,N,NULL,NULL,NULL,NULL,NULL,NULL,29.591,NULL,NULL,NULL,NULL,,NULL,2,0,2,2,N,N,55,NULL,98,9807,NULL,,Y,37.53138,-82.57702,N,NULL,NULL,NULL,NULL,NULL,NULL,NULL,NULL,1,3,6,6,1,1,2,2,7,3,Y,NULL,Y,Y,1204,1213,1244,N,NULL,55,,1,N,,N,N,098-US-0023-10,NULL,NULL,2019,C,7.24E+11,098-US-0023  -010,HIGH,098-US-0023  -000,29.591,0,0,1,0,0,0,1,1,0,0,0,0,0,1
184,72379554,980100,2.02E+11,20190710,1104,,BYPASS,S,RD,KY1426,KY1426,,,,Y,N,NULL,NULL,NULL,N,NULL,NULL,NULL,NULL,NULL,NULL,5.681,NULL,NULL,NULL,NULL,,NULL,0,0,2,2,N,N,15,NULL,98,9801,NULL,,Y,37.47273,-82.523,N,NULL,NULL,NULL,NULL,NULL,NULL,NULL,NULL,2,97,1,6,2,1,2,2,1,3,N,NULL,Y,N,1104,1111,1111,N,NULL,90,,0,N,,N,N,,NULL,NULL,2019,O,7.24E+11,098-KY-1426  -000,HIGH,098-KY-1426  -000,5.681,0,0,0,1,0,0,1,1,0,0,0,0,0,1
185,72433179,980100,2.02E+11,20191107,1527,,KY1460,,,KY1460,KY1460,,,,N,N,NULL,NULL,NULL,N,NULL,NULL,NULL,NULL,NULL,NULL,7.033,NULL,NULL,NULL,NULL,,NULL,0,0,2,2,N,N,45,NULL,98,9801,NULL,,Y,37.48588,-82.54346,N,NULL,NULL,NULL,NULL,NULL,NULL,NULL,NULL,5,3,2,1,1,5,6,2,7,3,N,NULL,Y,N,1527,1530,1530,N,NULL,70,16,0,N,,N,N,,NULL,NULL,2019,O,7.24E+11,098-KY-1460  -000,HIGH,098-KY-1460  -000,7.033,0,0,0,0,0,0,1,0,0,0,0,0,0,1
186,72319699,KSP0900,19-4129,20190207,1541,,RATLIFF CREEK,,RD,,,0,098 CR-1484,CR1484,N,N,NULL,NULL,NULL,N,NULL,NULL,NULL,NULL,NULL,NULL,2.209,NULL,NULL,NULL,NULL,,NULL,0,0,2,2,N,N,35,NULL,98,9801,NULL,,Y,37.50397,-82.49456,N,NULL,NULL,NULL,NULL,NULL,NULL,NULL,NULL,5,3,1,6,1,1,2,2,7,3,N,NULL,Y,N,1603,1604,,N,NULL,49,,,N,,N,N,098-CR-1484-0,NULL,NULL,2019,O,7.23E+11,098-CR-1484  -000,HIGH,098-CR-1484  -000,2.209,0,0,0,0,0,0,1,0,0,0,0,0,0,0
187,72344637,KSP0900,19-14315,20190423,2219,,TURKEY CREEK,,RD,KY0612,KY0612,0,098 KY-612,KY0612,N,N,NULL,NULL,NULL,N,NULL,NULL,NULL,NULL,NULL,NULL,6.499,NULL,NULL,NULL,NULL,,NULL,1,0,1,1,N,N,45,NULL,98,9826,NULL,,Y,37.64948,-82.31044,N,NULL,NULL,NULL,NULL,NULL,NULL,NULL,NULL,9,4,2,3,1,1,2,6,7,3,Y,NULL,Y,Y,2219,2220,2233,N,NULL,44,8,0,Y,,N,N,098-KY-0612-0,NULL,NULL,2019,C,7.23E+11,098-KY-0612  -000,HIGH,098-KY-0612  -000,6.499,0,0,0,0,0,0,0,0,1,0,0,1,0,0
188,72457835,980000,19-11-004,20191121,750,,KY1469,,,KY1469,KY1469,0,098 KY-1469,KY1469,N,Y,US23,,,N,NULL,NULL,NULL,NULL,NULL,NULL,14.075,NULL,NULL,NULL,NULL,,NULL,0,0,2,2,N,N,55,NULL,98,9865,NULL,,Y,37.36016,-82.55534,N,NULL,NULL,NULL,NULL,NULL,NULL,NULL,NULL,5,3,2,6,1,1,2,2,7,3,N,NULL,Y,N,805,805,810,N,NULL,35,7,0,N,,N,N,098-KY-1469-0,NULL,NULL,2019,O,7.25E+11,098-KY-1469  -000,HIGH,098-KY-1469  -000,14.075,0,0,1,0,0,0,1,0,0,0,1,0,0,0
189,72393952,980000,19-08-002,20190802,715,,FOREST HILLS,,RD,KY0308,KY0308,0,098 KY-308,KY0308,N,N,NULL,NULL,NULL,N,NULL,NULL,NULL,NULL,NULL,NULL,1.27,NULL,NULL,NULL,NULL,,NULL,0,0,2,2,N,N,35,NULL,98,9885,NULL,,Y,37.6404,-82.28951,N,NULL,NULL,NULL,NULL,NULL,NULL,NULL,NULL,7,3,1,3,1,1,2,1,6,1,N,NULL,Y,Y,715,733,733,N,NULL,54,8,0,N,,N,N,098-KY-0308-0,NULL,NULL,2019,O,7.24E+11,098-KY-0308  -000,HIGH,098-KY-0308  -000,1.27,0,0,1,0,0,0,0,0,0,0,0,1,0,0
190,72427359,KSP0900,19-41509,20191022,900,,KY1056,,,KY1056,KY1056,0,098 KY-1056,KY1056,N,N,NULL,NULL,NULL,N,NULL,NULL,NULL,NULL,NULL,NULL,6.414,NULL,NULL,NULL,NULL,,NULL,2,0,1,1,N,N,55,NULL,98,9863,NULL,,Y,37.56853,-82.18766,N,NULL,NULL,NULL,NULL,NULL,NULL,NULL,NULL,9,3,2,3,1,5,6,2,4,3,Y,NULL,Y,N,900,920,920,N,NULL,44,7,0,N,,N,N,098-KY-1056-0,NULL,NULL,2019,C,7.24E+11,098-KY-1056  -000,HIGH,098-KY-1056  -000,6.414,0,0,0,0,0,0,0,1,0,0,0,1,0,0
191,72379014,KSP0900,19-26467,20190712,1340,,MALL,,RD,,,0,098 CR-1037,CR1037,Y,N,NULL,NULL,NULL,N,NULL,NULL,NULL,NULL,NULL,NULL,0.047,NULL,NULL,NULL,NULL,,NULL,0,0,2,2,N,N,,NULL,98,9834,NULL,,Y,37.65229,-82.26886,N,NULL,NULL,NULL,NULL,NULL,NULL,NULL,NULL,2,97,2,6,1,1,2,2,5,3,N,NULL,Y,N,1344,1355,,N,NULL,90,,,N,,N,N,098-CR-1037-0,NULL,NULL,2019,O,7.24E+11,098-CR-1037  -000,HIGH,098-CR-1037  -000,0.047,0,0,0,0,0,0,0,0,0,0,0,0,0,0