OBJECTID,MasterFile,AgencyORINumber,LocalCode,CollisionDate,CollisionTime,CollisionDayWeekCode,RoadwayName,RoadwayName_Direction_,RoadwayName_RoadwaySuffix_,RoadwayfromReport,CurrentRoadwayNumber,RoadwayNumberCoupletID,RSEUniqueGIS,RoadwayIdentifier,ParkingLotIndicator,IntersectionWith_Indicator_,IntersectionWith_NameRoadway_,IntersectionWith_Direction_,IntersectionWith_RoadwaySuffix_,BetweenStreets_Indicator_,BetweenStreets1_NameRoadway_,BetweenStreet1_Direction_,BetweenStreets1_RoadwaySuffix_,BetweenStreets2_NameRoadway_,BetweenStreets2_Direction_,BetweenStreets2_RoadwaySuffix_,Milepoint,ReportMilepointDeriveNumber,CurrentDerivedMiepointNumber,MilestoMilepoint,FeettoMilepoint,DirectionfromMilepoint_NSEW_,ValidMilepointIndicator,NumberInjured,NumberKilled,ofUnits,ofMotorVehicleUnits,Hit&RunIndicator,OneWayIndicator,SpeedLimitNumber,KilometersIndicator,CountyCode,CityCountyCode,MilesFromCity,DirectionFromCity_NSEW_,InCityLimitsIndicator,Latitude,Longitude,RampIndicator,RampFromIdentifier,RampFromDirCode,RampFromCoupletID,RSEUniqueGISRampFrom,RampToidentifier,RampToDirCode,RampToCoupletID,RSEUniqueGisRampTo,MannerofCollisionCode,LocationFirstEventCode,TotalLanes,RoadwayCharacterCode,RoadwaySurfaceCode,RoadwayConditionCode,WeatherCode,LightConditionCode,LandUseCode,SchoolBusRelatedCode,FirstAidSceneIndicator,CollDescPresentInd,InvestigationCompleteIndicator,PhotosTakenIndicator,TimeNotified,TimeArrived,TimeRoadwayOpened,PropertyDamageIndicator,DiagramPresentIndicator,DirectionalAnalysis,FunctionClassCode,NationalHwySysCode,EnforcementsIndicator,KARSCityCode,SecondaryCollisionIndicator,MedianCrossoverIndicator,RT_UNIQUE,MapIt,TimeLastLeft,YR,KABCO,MFNY,WorkingRID,RT_CONFIDENCE,KTC_RT,KTC_MP,Motorcyclist,Commercial Vehicle,Young Driver,Mature Driver,Pedestrian,Bicyclist,Distracted,Aggressive,Impaired,Unrestrained,Intersection,Roadway Departure,Median Cross-over,City Crash
192,72437522,980100,2.02E+11,20191116,1625,,JUSTICE WAY,,,,,,,,Y,N,NULL,NULL,NULL,N,NULL,NULL,NULL,NULL,NULL,NULL,,NULL,NULL,NULL,NULL,,NULL,0,0,2,2,N,N,15,NULL,98,9801,NULL,,Y,37.50724,-82.54274,N,NULL,NULL,NULL,NULL,NULL,NULL,NULL,NULL,1,97,,6,1,1,2,2,1,3,N,NULL,Y,N,1626,1637,1639,N,NULL,90,,,N,,N,N,,NULL,NULL,2019,O,7.24E+11,098-CS-1215  -000,MEDIUM,098-CS-1215  -000,0.533,0,0,1,1,0,0,1,0,0,0,0,0,0,1
193,72351812,KSP0900,19-16958,20190511,540,,KY194,,,KY0194,KY0194,,,,N,N,NULL,NULL,NULL,N,NULL,NULL,NULL,NULL,NULL,NULL,57.014,NULL,NULL,NULL,NULL,,NULL,0,0,2,2,N,N,55,NULL,98,9804,NULL,,Y,37.53144,-82.16231,N,NULL,NULL,NULL,NULL,NULL,NULL,NULL,NULL,7,3,2,3,1,5,6,6,7,3,N,NULL,Y,N,542,640,715,N,NULL,54,7,0,N,,N,N,,NULL,NULL,2019,O,7.24E+11,098-KY-0194  -000,MEDIUM,098-KY-0194  -000,57.014,0,0,0,0,0,0,0,1,0,0,0,1,0,0
194,72364795,KSP0900,19-19461,20190529,1229,,US119,,,US0119,US0119,0,098 US-119-10,US0119,N,N,NULL,NULL,NULL,N,NULL,NULL,NULL,NULL,NULL,NULL,23.004,NULL,NULL,NULL,NULL,,NULL,0,0,2,2,N,N,55,NULL,98,9836,NULL,,Y,37.64341,-82.26367,N,NULL,NULL,NULL,NULL,NULL,NULL,NULL,NULL,1,3,2,3,1,1,2,2,3,3,N,NULL,Y,N,1229,1237,1229,N,NULL,55,2,1,N,,N,N,098-US-0119-10,NULL,NULL,2019,O,7.24E+11,098-US-0119  -010,HIGH,098-US-0119  -000,23.004,0,0,0,1,0,0,1,1,0,0,0,0,0,0
195,72420737,980100,2.02E+11,20191014,1626,,BOB AMOS,,DR,,,,,,N,N,NULL,NULL,NULL,N,NULL,NULL,NULL,NULL,NULL,NULL,1.008,NULL,NULL,NULL,NULL,,NULL,0,0,1,1,N,N,25,NULL,98,9801,NULL,,Y,37.46581,-82.54292,N,NULL,NULL,NULL,NULL,NULL,NULL,NULL,NULL,9,97,1,6,1,1,2,2,7,3,N,NULL,Y,N,1626,1629,1629,N,NULL,40,,,N,,N,N,,NULL,NULL,2019,O,7.24E+11,098-CS-1025  -000,HIGH,098-CS-1025  -000,1.008,0,0,0,0,0,0,1,0,0,0,0,1,0,1
196,72358578,KSP0900,19-14994,20190428,1318,,PORTER,,LN,,,0,098 CR-1401,CR1401,N,N,NULL,NULL,NULL,N,NULL,NULL,NULL,NULL,NULL,NULL,0.063,NULL,NULL,NULL,NULL,,NULL,0,1,1,1,N,N,35,NULL,98,9801,NULL,,Y,37.53405,-82.6128,N,NULL,NULL,NULL,NULL,NULL,NULL,NULL,NULL,9,4,2,6,1,1,2,2,7,3,Y,NULL,N,Y,1352,1438,1549,N,NULL,44,,,N,,N,N,098-CR-1401-0,NULL,NULL,2019,K,7.24E+11,098-CR-1401  -000,HIGH,098-CR-1401  -000,0.063,0,0,0,0,0,0,0,0,0,0,0,1,0,0
197,72371516,KSP0900,19-23405,20190623,1405,,FISHTRAP,,RD,KY1441,KY1441,0,098 KY-1441,KY1441,N,N,NULL,NULL,NULL,N,NULL,NULL,NULL,NULL,NULL,NULL,10.65,NULL,NULL,NULL,NULL,,NULL,0,0,2,2,N,N,45,NULL,98,9850,NULL,,Y,37.52374,-82.45607,N,NULL,NULL,NULL,NULL,NULL,NULL,NULL,NULL,1,3,2,6,1,1,2,2,7,3,N,NULL,Y,N,1403,1412,1412,Y,NULL,55,8,0,N,,N,N,098-KY-1441-0,NULL,NULL,2019,O,7.24E+11,098-KY-1441  -000,HIGH,098-KY-1441  -000,10.65,0,0,0,1,0,0,0,0,0,0,0,0,0,0
198,72348712,KSP0900,19-16069,20190505,719,,FERRELLS CREEK,,RD,US0460,US0460,0,098 US-460,US0460,N,N,NULL,NULL,NULL,N,NULL,NULL,NULL,NULL,NULL,NULL,19.388,NULL,NULL,NULL,NULL,,NULL,0,0,1,1,N,N,55,NULL,98,9801,NULL,,Y,37.36778,-82.29946,N,NULL,NULL,NULL,NULL,NULL,NULL,NULL,NULL,9,4,2,2,1,5,6,2,7,3,N,NULL,Y,N,719,825,719,N,NULL,44,,1,N,,N,N,098-US-0460-0,NULL,NULL,2019,O,7.23E+11,098-US-0460  -000,HIGH,098-US-0460  -000,19.388,0,0,0,0,0,0,0,1,0,0,0,1,0,0
199,72408825,KSP0900,19-35033,20190908,1545,,GREASY,,CRK,KY3226,KY3226,0,098 KY-3226,KY3226,N,N,NULL,NULL,NULL,N,NULL,NULL,NULL,NULL,NULL,NULL,3.292,NULL,NULL,NULL,NULL,,NULL,0,0,2,2,N,N,55,NULL,98,9824,NULL,,Y,37.41778,-82.45761,N,NULL,NULL,NULL,NULL,NULL,NULL,NULL,NULL,5,3,2,6,1,1,2,2,7,3,N,NULL,N,N,1545,1556,,N,NULL,49,8,0,N,,N,N,098-KY-3226-0,NULL,NULL,2019,O,7.24E+11,098-KY-3226  -000,HIGH,098-KY-3226  -000,3.292,0,0,0,0,0,0,1,0,0,0,0,0,0,0
200,72480648,KSP0900,20-7459,20200225,1846,,ROBINSON CREEK,,RD,KY0122,KY0122,0,098 KY-122,KY0122,N,N,NULL,NULL,NULL,N,NULL,NULL,NULL,NULL,NULL,NULL,7.695,NULL,NULL,NULL,NULL,,NULL,0,0,2,2,N,N,55,NULL,98,9823,NULL,,Y,37.38012,-82.58431,N,NULL,NULL,NULL,NULL,NULL,NULL,NULL,NULL,1,3,2,6,1,1,2,3,7,3,N,NULL,Y,N,1913,1950,,N,NULL,55,,0,N,,N,N,098-KY-0122-0,NULL,NULL,2020,O,7.25E+11,098-KY-0122  -000,HIGH,098-KY-0122  -000,7.695,0,0,0,0,0,0,0,0,0,0,0,0,0,0
201,72341171,KSP0900,2019-13260,20190416,2252,,US119,,,US0119,US0119,0,098 US-119,US0119,Y,N,NULL,NULL,NULL,N,NULL,NULL,NULL,NULL,NULL,NULL,23.603,NULL,NULL,NULL,NULL,,NULL,0,0,2,2,Y,Y,,NULL,98,9836,NULL,,Y,37.65018,-82.26772,N,NULL,NULL,NULL,NULL,NULL,NULL,NULL,NULL,2,7,,6,1,1,2,5,1,3,N,NULL,Y,N,2252,2305,2305,N,NULL,90,2,1,N,,N,N,098-US-0119-0,NULL,NULL,2019,O,7.23E+11,098-US-0119  -000,HIGH,098-US-0119  -000,23.603,0,0,1,0,0,0,1,0,0,0,0,0,0,0
202,72324395,KSP0900,17-5340,20190306,1735,,VIRGIE,,RD,KY0610,KY0610,0,098 KY-610,KY0610,Y,N,NULL,NULL,NULL,N,NULL,NULL,NULL,NULL,NULL,NULL,1.259,NULL,NULL,NULL,NULL,,NULL,0,0,2,2,N,N,55,NULL,98,9801,3,S,N,37.28631,-82.59414,N,NULL,NULL,NULL,NULL,NULL,NULL,NULL,NULL,2,97,2,6,1,1,2,2,1,3,N,NULL,Y,N,1527,1605,1624,N,NULL,90,7,0,N,,N,N,098-KY-0610-0,NULL,NULL,2019,O,7.23E+11,098-KY-0610  -000,HIGH,098-KY-0610  -000,1.259,0,0,0,0,0,0,1,0,0,0,0,0,0,0
203,72350524,KSP0900,19-15545,20190501,2226,,GREASY,,CRK,KY3226,KY3226,0,098 KY-3226,KY3226,N,N,NULL,NULL,NULL,N,NULL,NULL,NULL,NULL,NULL,NULL,2.25,NULL,NULL,NULL,NULL,,NULL,1,0,2,2,N,N,55,NULL,98,9801,NULL,,Y,37.40713,-82.46593,N,NULL,NULL,NULL,NULL,NULL,NULL,NULL,NULL,1,3,2,6,1,1,2,6,7,3,N,NULL,Y,Y,2226,2244,,Y,NULL,47,8,0,N,,Y,N,098-KY-3226-0,NULL,NULL,2019,C,7.24E+11,098-KY-3226  -000,HIGH,098-KY-3226  -000,2.25,0,0,0,0,0,0,0,0,0,0,0,1,0,0
204,72330857,KSP0900,19-9306,20190321,1431,,US119,,,US0119,US0119,0,098 US-119,US0119,N,N,NULL,NULL,NULL,N,NULL,NULL,NULL,NULL,NULL,NULL,22.052,NULL,NULL,NULL,NULL,,NULL,0,0,2,2,N,N,55,NULL,98,9836,NULL,,Y,37.63391,-82.26196,N,NULL,NULL,NULL,NULL,NULL,NULL,NULL,NULL,7,2,2,3,1,5,3,2,7,3,N,NULL,Y,N,1432,1500,1520,N,NULL,54,2,1,N,,N,Y,098-US-0119-0,NULL,NULL,2019,O,7.23E+11,098-US-0119  -000,HIGH,098-US-0119  -000,22.052,0,0,1,1,0,0,0,1,0,0,0,1,1,0
205,72349536,KSP0900,19-15421,20190501,830,,US119,,,US0119,US0119,0,098 US-119-10,US0119,N,N,NULL,NULL,NULL,N,NULL,NULL,NULL,NULL,NULL,NULL,3.094,NULL,NULL,NULL,NULL,,NULL,3,0,2,2,N,N,55,NULL,98,9801,NULL,,Y,37.51407,-82.47987,N,NULL,NULL,NULL,NULL,NULL,NULL,NULL,NULL,5,3,2,4,1,1,2,2,7,3,Y,NULL,Y,Y,830,900,930,N,NULL,49,2,1,N,,N,N,098-US-0119-10,NULL,NULL,2019,B,7.23E+11,098-US-0119  -010,HIGH,098-US-0119  -000,3.094,0,0,0,1,0,0,1,1,0,0,0,0,0,0
206,72413074,980100,2.02E+11,20190927,1908,,KY1426 TURN LANE,,,KY1426,KY1426,0,098 KY-1426-27,KY1426,N,N,NULL,NULL,NULL,N,NULL,NULL,NULL,NULL,NULL,NULL,0.009,NULL,NULL,NULL,NULL,,NULL,0,0,2,2,N,N,55,NULL,98,9801,NULL,,Y,37.51379,-82.4875,N,NULL,NULL,NULL,NULL,NULL,NULL,NULL,NULL,5,3,2,6,1,1,2,3,1,3,N,NULL,Y,N,1908,1915,1915,N,NULL,49,8,0,N,,N,N,098-KY-1426-27,NULL,NULL,2019,O,7.24E+11,098-KY-1426  -027,HIGH,098-KY-1426  -027,0.009,0,0,0,1,0,0,1,0,0,0,0,0,0,1
207,72384054,KSP0900,19-28013,20190723,835,,KY1056,,,KY1056,KY1056,0,098 KY-1056,KY1056,N,N,NULL,NULL,NULL,N,NULL,NULL,NULL,NULL,NULL,NULL,8.859,NULL,NULL,NULL,NULL,,NULL,0,0,1,1,N,N,55,NULL,98,9879,NULL,,Y,37.59325,-82.17075,N,NULL,NULL,NULL,NULL,NULL,NULL,NULL,NULL,9,3,2,3,1,5,3,2,7,3,N,NULL,Y,N,835,840,1000,N,NULL,40,7,0,N,,N,N,098-KY-1056-0,NULL,NULL,2019,O,7.24E+11,098-KY-1056  -000,HIGH,098-KY-1056  -000,8.859,0,0,1,0,0,0,0,0,0,0,0,1,0,0
208,72314583,980100,2.02E+11,20190210,134,,US23,,,US0023,US0023,0,098 US-23-10,US0023,N,N,NULL,NULL,NULL,N,NULL,NULL,NULL,NULL,NULL,NULL,20.772,NULL,NULL,NULL,NULL,,NULL,0,0,1,1,N,N,55,NULL,98,9801,NULL,,Y,37.44285,-82.52236,N,NULL,NULL,NULL,NULL,NULL,NULL,NULL,NULL,9,3,4,3,1,1,2,4,7,3,N,NULL,Y,Y,134,134,137,N,NULL,38,,1,N,,N,N,098-US-0023-10,NULL,NULL,2019,O,7.23E+11,098-US-0023  -010,HIGH,098-US-0023  -000,20.772,0,0,0,0,0,0,0,0,0,0,0,0,0,1
209,72329460,980100,2.02E+11,20190316,1014,,CASSIDY,,BLVD,,,0,098 CS-1191,CS1191,Y,N,NULL,NULL,NULL,N,NULL,NULL,NULL,NULL,NULL,NULL,0.055,NULL,NULL,NULL,NULL,,NULL,0,0,2,2,N,N,15,NULL,98,9801,NULL,,Y,37.50367,-82.53304,N,NULL,NULL,NULL,NULL,NULL,NULL,NULL,NULL,8,97,1,6,1,1,3,2,1,3,N,NULL,N,N,1014,1014,,N,NULL,90,,,N,,N,N,098-CS-1191-0,NULL,NULL,2019,O,7.23E+11,098-CS-1191  -000,HIGH,098-CS-1191  -000,0.055,0,0,0,1,0,0,1,0,0,0,0,0,0,1
210,72438658,370200,2019-45308,20191118,917,,US119,,,US0119,US0119,0,098 US-119,US0119,N,N,NULL,NULL,NULL,N,NULL,NULL,NULL,NULL,NULL,NULL,13.317,NULL,NULL,NULL,NULL,,NULL,0,0,1,1,N,N,55,NULL,98,9833,NULL,,Y,37.61131,-82.36158,N,NULL,NULL,NULL,NULL,NULL,NULL,NULL,NULL,9,3,4,5,1,1,3,2,7,3,N,NULL,N,N,919,949,949,N,NULL,38,2,1,N,,N,N,098-US-0119-0,NULL,NULL,2019,O,7.24E+11,098-US-0119  -000,HIGH,098-US-0119  -000,13.317,0,1,0,0,0,0,0,0,0,0,0,0,0,0
211,72347012,980100,2.02E+11,20190426,1551,,US23,S,,,,,,,N,N,NULL,NULL,NULL,N,NULL,NULL,NULL,NULL,NULL,NULL,,NULL,NULL,NULL,NULL,NULL,NULL,2,0,2,2,N,N,55,NULL,98,9801,NULL,,Y,37.43885,-82.50917,N,NULL,NULL,NULL,NULL,NULL,NULL,NULL,NULL,1,3,4,6,1,1,2,2,1,3,Y,NULL,Y,Y,1552,1557,1625,N,NULL,55,,,Y,,N,N,,NULL,NULL,2019,B,7.23E+11,098-US-0023  -010,MEDIUM,098-US-0023  -000,18.785,0,0,0,0,0,0,1,1,1,0,0,0,0,1
212,72410970,KSP0900,19-37213,20190922,2001,,WILLIAMSON,,RD,KY0292,KY0292,0,098 KY-292,KY0292,N,N,NULL,NULL,NULL,N,NULL,NULL,NULL,NULL,NULL,NULL,6.429,NULL,NULL,NULL,NULL,,NULL,1,0,1,1,N,N,45,NULL,98,9834,NULL,,Y,37.67388,-82.29576,N,NULL,NULL,NULL,NULL,NULL,NULL,NULL,NULL,9,3,2,3,1,1,2,6,7,3,Y,NULL,Y,Y,2003,2016,2300,N,NULL,40,7,0,N,,N,N,098-KY-0292-0,NULL,NULL,2019,B,7.24E+11,098-KY-0292  -000,HIGH,098-KY-0292  -000,6.429,0,0,0,0,0,0,0,0,0,0,0,1,0,0
213,72306624,980500,2019AR009,20190118,1725,,RATLIFF BRANCH,,RD,,,0,098 CS-3014,CS3014,N,N,NULL,NULL,NULL,N,NULL,NULL,NULL,NULL,NULL,NULL,0.453,NULL,NULL,NULL,NULL,,NULL,0,0,2,2,N,N,15,NULL,98,9807,NULL,,Y,37.52044,-82.55505,N,NULL,NULL,NULL,NULL,NULL,NULL,NULL,NULL,3,3,1,4,1,5,3,3,6,3,N,NULL,Y,Y,1726,1730,1741,N,NULL,52,,,N,,N,N,098-CS-3014-0,NULL,NULL,2019,O,7.23E+11,098-CS-3014  -000,HIGH,098-CS-3014  -000,0.453,0,0,1,0,0,0,1,0,0,0,0,1,0,0
214,72379172,KSP0900,19-26473,20190712,1424,,US119,,,US0119,US0119,0,098 US-119-10,US0119,N,Y,WILLIAMSON,,RD,N,NULL,NULL,NULL,NULL,NULL,NULL,25.369,NULL,NULL,NULL,NULL,,NULL,2,0,2,2,N,N,55,NULL,98,9834,NULL,,Y,37.67262,-82.2811,N,NULL,NULL,NULL,NULL,NULL,NULL,NULL,NULL,1,3,4,6,1,1,2,2,7,3,N,NULL,Y,Y,1424,1425,1511,N,NULL,10,2,1,N,,N,N,098-US-0119-10,NULL,NULL,2019,A,7.24E+11,098-US-0119  -010,HIGH,098-US-0119  -000,25.369,0,0,0,1,0,0,0,1,0,0,1,0,0,0
215,72350784,KSP0900,19-16307,20190506,1648,,US119,,,US0119,US0119,0,098 US-119,US0119,N,N,NULL,NULL,NULL,N,NULL,NULL,NULL,NULL,NULL,NULL,21.972,NULL,NULL,NULL,NULL,,NULL,0,0,2,2,N,N,55,NULL,98,9836,NULL,,Y,37.63286,-82.26174,N,NULL,NULL,NULL,NULL,NULL,NULL,NULL,NULL,1,2,2,6,1,1,2,2,7,3,N,NULL,Y,N,1655,1703,1703,N,NULL,55,2,1,N,,N,N,098-US-0119-0,NULL,NULL,2019,O,7.24E+11,098-US-0119  -000,HIGH,098-US-0119  -000,21.972,0,0,1,0,0,0,1,0,0,0,0,0,0,0
216,72395659,KSP0900,19-31370,20190813,2230,,RUNYON,,BR,,,0,098 CR-1565,CR1565,N,N,NULL,NULL,NULL,N,NULL,NULL,NULL,NULL,NULL,NULL,1.41,NULL,NULL,NULL,NULL,,NULL,0,0,2,2,N,Y,10,NULL,98,9872,NULL,,Y,37.53569,-82.27922,N,NULL,NULL,NULL,NULL,NULL,NULL,NULL,NULL,2,97,1,6,3,1,3,6,6,3,N,NULL,Y,N,1315,1630,1630,N,NULL,47,,,N,,N,N,098-CR-1565-0,NULL,NULL,2019,O,7.24E+11,098-CR-1565  -000,HIGH,098-CR-1565  -000,1.41,0,0,0,0,0,0,1,0,0,0,0,0,0,0
217,72386823,KSP0900,19-29172,20190731,1103,,RIVER,,DR,,,0,098 CR-1590C,CR1590C,N,N,NULL,NULL,NULL,N,NULL,NULL,NULL,NULL,NULL,NULL,0.191,NULL,NULL,NULL,NULL,,NULL,0,0,2,2,N,N,25,NULL,98,9863,NULL,,Y,37.62104,-82.1669,N,NULL,NULL,NULL,NULL,NULL,NULL,NULL,NULL,7,3,1,3,1,1,2,2,7,3,N,NULL,N,N,1103,1126,1126,N,NULL,54,,,N,,N,N,098-CR-1590C-0,NULL,NULL,2019,O,7.24E+11,098-CR-1590C -000,HIGH,098-CR-1590C -000,0.191,0,0,0,0,0,0,1,0,0,0,0,1,0,0
218,72411890,980100,2.02E+11,20190921,1526,,HAMBLEY,,BLVD,,,0,098 CS-1222,CS1222,N,N,NULL,NULL,NULL,N,NULL,NULL,NULL,NULL,NULL,NULL,0.433,NULL,NULL,NULL,NULL,,NULL,0,0,3,3,N,N,25,NULL,98,9801,NULL,,Y,37.47758,-82.52102,N,NULL,NULL,NULL,NULL,NULL,NULL,NULL,NULL,2,5,3,6,1,1,2,2,1,3,N,NULL,Y,N,1526,1532,1545,N,NULL,47,,,N,,N,N,098-CS-1222-0,NULL,NULL,2019,O,7.24E+11,098-CS-1222  -000,HIGH,098-CS-1222  -000,0.433,0,0,0,0,0,0,0,0,0,0,0,0,0,1
219,72438207,980100,2.02E+11,20191113,1300,,THOMPSON,,RD,,,0,098 CS-1215,CS1215,N,N,NULL,NULL,NULL,N,NULL,NULL,NULL,NULL,NULL,NULL,0.388,NULL,NULL,NULL,NULL,,NULL,0,0,2,2,N,N,35,NULL,98,9801,NULL,,Y,37.50648,-82.54529,N,NULL,NULL,NULL,NULL,NULL,NULL,NULL,NULL,1,2,2,6,1,1,2,2,1,3,N,NULL,Y,N,1300,1303,1305,N,NULL,55,,,N,,N,N,098-CS-1215-0,NULL,NULL,2019,O,7.24E+11,098-CS-1215  -000,HIGH,098-CS-1215  -000,0.388,0,0,0,1,0,0,1,1,0,0,0,0,0,1
220,72438319,KSP0900,19-44965,20191115,1950,,ASHCAMP,,RD,KY0195,KY0195,0,098 KY-195,KY0195,N,N,NULL,NULL,NULL,N,NULL,NULL,NULL,NULL,NULL,NULL,2.772,NULL,NULL,NULL,NULL,,NULL,1,0,1,1,N,N,55,NULL,98,9802,NULL,,Y,37.28934,-82.46301,N,NULL,NULL,NULL,NULL,NULL,NULL,NULL,NULL,9,5,2,5,1,1,2,4,7,3,Y,NULL,N,Y,1950,2020,,N,NULL,51,8,0,N,,N,N,098-KY-0195-0,NULL,NULL,2019,C,7.24E+11,098-KY-0195  -000,HIGH,098-KY-0195  -000,2.772,0,0,0,0,0,0,1,0,0,0,0,1,0,0
221,72384553,KSP0900,19-28216,20190724,1508,,US23,,,US0023,US0023,0,098 US-23,US0023,N,N,NULL,NULL,NULL,N,NULL,NULL,NULL,NULL,NULL,NULL,13.494,NULL,NULL,NULL,NULL,,NULL,2,0,2,2,N,N,55,NULL,98,9801,5,S,N,37.37916,-82.54072,N,NULL,NULL,NULL,NULL,NULL,NULL,NULL,NULL,5,3,4,6,1,1,2,2,7,3,Y,NULL,Y,N,1508,1530,1610,N,NULL,49,,1,N,,N,N,098-US-0023-0,NULL,NULL,2019,B,7.24E+11,098-US-0023  -000,HIGH,098-US-0023  -000,13.494,0,1,0,0,0,0,0,0,0,0,0,0,0,0
222,72422044,980100,2.02E+11,20191008,1435,,CASSIDY,,BLVD,,,0,098 CS-1191,CS1191,Y,N,NULL,NULL,NULL,N,NULL,NULL,NULL,NULL,NULL,NULL,0.252,NULL,NULL,NULL,NULL,,NULL,0,0,2,2,Y,N,15,NULL,98,9801,NULL,,Y,37.50373,-82.53606,N,NULL,NULL,NULL,NULL,NULL,NULL,NULL,NULL,1,97,1,6,1,1,2,2,1,3,N,NULL,Y,N,1435,1439,1439,N,NULL,90,,,N,,N,N,098-CS-1191-0,NULL,NULL,2019,O,7.24E+11,098-CS-1191  -000,HIGH,098-CS-1191  -000,0.252,0,0,0,0,0,0,0,0,0,0,0,0,0,1
223,72430242,980100,2.02E+11,20191031,924,,SOUTH MAYO,,TRL,,,,,,N,N,NULL,NULL,NULL,N,NULL,NULL,NULL,NULL,NULL,NULL,,NULL,NULL,NULL,NULL,NULL,NULL,0,0,2,2,N,N,55,NULL,98,9801,NULL,,Y,37.46547,-82.52594,N,NULL,NULL,NULL,NULL,NULL,NULL,NULL,NULL,5,3,4,6,1,5,6,2,1,3,N,NULL,Y,N,924,930,930,N,NULL,49,,,N,,N,N,,NULL,NULL,2019,O,7.24E+11,098-US-0023  -000,MEDIUM,098-US-0023  -000,22.94,0,0,1,0,0,0,1,0,0,0,0,0,0,1
224,72297879,980100,2.02E+11,20190102,810,,US23,,,US0023,US0023,,,,N,N,NULL,NULL,NULL,N,NULL,NULL,NULL,NULL,NULL,NULL,23.107,NULL,NULL,NULL,NULL,,NULL,0,0,2,2,N,N,55,NULL,98,9801,NULL,,Y,37.466,-82.52881,N,NULL,NULL,NULL,NULL,NULL,NULL,NULL,NULL,8,3,4,6,1,1,2,2,1,3,N,NULL,Y,N,810,816,,N,NULL,53,,1,N,,N,N,,NULL,NULL,2019,O,7.23E+11,098-US-0023  -000,MEDIUM,098-US-0023  -000,23.107,0,0,0,0,0,0,1,0,0,0,0,1,0,1
225,72405616,980100,2.02E+11,20190911,1041,,REDALE,,RD,,,0,098 CS-1244,CS1244,N,N,NULL,NULL,NULL,N,NULL,NULL,NULL,NULL,NULL,NULL,0.242,NULL,NULL,NULL,NULL,,NULL,0,0,2,2,N,N,15,NULL,98,9801,NULL,,Y,37.48684,-82.52843,N,NULL,NULL,NULL,NULL,NULL,NULL,NULL,NULL,8,3,1,4,1,1,2,2,1,3,N,NULL,Y,N,1041,1043,1103,N,NULL,53,,,N,,N,N,098-CS-1244-0,NULL,NULL,2019,O,7.24E+11,098-CS-1244  -000,HIGH,098-CS-1244  -000,0.242,0,0,0,0,0,0,0,0,0,0,0,1,0,1
226,72382922,KSP0900,19-27065,20190716,1540,,US23,,,US0023,US0023,0,098 US-23,US0023,Y,N,NULL,NULL,NULL,N,NULL,NULL,NULL,NULL,NULL,NULL,12.981,NULL,NULL,NULL,NULL,,NULL,0,0,2,2,N,N,,NULL,98,9801,NULL,,Y,37.3727,-82.54208,N,NULL,NULL,NULL,NULL,NULL,NULL,NULL,NULL,6,97,,6,1,1,2,2,1,3,N,NULL,N,N,1540,1550,,N,NULL,90,,1,Y,,N,N,098-US-0023-0,NULL,NULL,2019,O,7.24E+11,098-US-0023  -000,HIGH,098-US-0023  -000,12.981,0,0,0,0,0,0,1,0,0,0,0,0,0,0
227,72365033,KSP0900,19-20549,20190604,1149,,US119,,,US0119,US0119,0,098 US-119,US0119,N,N,NULL,NULL,NULL,N,NULL,NULL,NULL,NULL,NULL,NULL,22.558,NULL,NULL,NULL,NULL,,NULL,0,0,2,2,N,N,55,NULL,98,9842,NULL,,Y,37.63952,-82.25877,N,NULL,NULL,NULL,NULL,NULL,NULL,NULL,NULL,1,3,2,6,1,1,2,2,7,3,N,NULL,Y,N,1149,1210,1230,N,NULL,55,2,1,N,,N,N,098-US-0119-0,NULL,NULL,2019,O,7.24E+11,098-US-0119  -000,HIGH,098-US-0119  -000,22.558,0,0,0,1,0,0,1,1,0,0,0,0,0,0
228,72357810,KSP0900,19-18796,20190522,1500,,GREASY,,CRK,,,0,098 CR-1256,CR1256,N,N,NULL,NULL,NULL,N,NULL,NULL,NULL,NULL,NULL,NULL,1.539,NULL,NULL,NULL,NULL,,NULL,0,0,2,2,Y,N,35,NULL,98,9824,NULL,,Y,37.36569,-82.49498,N,NULL,NULL,NULL,NULL,NULL,NULL,NULL,NULL,1,3,1,6,1,1,2,2,6,3,N,NULL,Y,N,1806,1819,1819,N,NULL,47,,,N,,N,N,098-CR-1256-0,NULL,NULL,2019,O,7.24E+11,098-CR-1256  -000,HIGH,098-CR-1256  -000,1.539,0,0,0,0,0,0,0,0,0,0,0,0,0,0
229,72437665,KSP0900,19-45133,20191116,2253,,KY292,,,KY0292,KY0292,0,098 KY-292,KY0292,N,N,NULL,NULL,NULL,N,NULL,NULL,NULL,NULL,NULL,NULL,3.68,NULL,NULL,NULL,NULL,,NULL,1,0,1,1,N,N,45,NULL,98,9869,NULL,,Y,37.65694,-82.25102,N,NULL,NULL,NULL,NULL,NULL,NULL,NULL,NULL,9,3,2,6,1,2,2,6,7,3,N,NULL,Y,Y,2253,2303,2334,N,NULL,40,8,0,N,,N,N,098-KY-0292-0,NULL,NULL,2019,C,7.24E+11,098-KY-0292  -000,HIGH,098-KY-0292  -000,3.68,0,0,1,0,0,0,0,0,0,0,0,1,0,0