OBJECTID,MasterFile,AgencyORINumber,LocalCode,CollisionDate,CollisionTime,CollisionDayWeekCode,RoadwayName,RoadwayName_Direction_,RoadwayName_RoadwaySuffix_,RoadwayfromReport,CurrentRoadwayNumber,RoadwayNumberCoupletID,RSEUniqueGIS,RoadwayIdentifier,ParkingLotIndicator,IntersectionWith_Indicator_,IntersectionWith_NameRoadway_,IntersectionWith_Direction_,IntersectionWith_RoadwaySuffix_,BetweenStreets_Indicator_,BetweenStreets1_NameRoadway_,BetweenStreet1_Direction_,BetweenStreets1_RoadwaySuffix_,BetweenStreets2_NameRoadway_,BetweenStreets2_Direction_,BetweenStreets2_RoadwaySuffix_,Milepoint,ReportMilepointDeriveNumber,CurrentDerivedMiepointNumber,MilestoMilepoint,FeettoMilepoint,DirectionfromMilepoint_NSEW_,ValidMilepointIndicator,NumberInjured,NumberKilled,ofUnits,ofMotorVehicleUnits,Hit&RunIndicator,OneWayIndicator,SpeedLimitNumber,KilometersIndicator,CountyCode,CityCountyCode,MilesFromCity,DirectionFromCity_NSEW_,InCityLimitsIndicator,Latitude,Longitude,RampIndicator,RampFromIdentifier,RampFromDirCode,RampFromCoupletID,RSEUniqueGISRampFrom,RampToidentifier,RampToDirCode,RampToCoupletID,RSEUniqueGisRampTo,MannerofCollisionCode,LocationFirstEventCode,TotalLanes,RoadwayCharacterCode,RoadwaySurfaceCode,RoadwayConditionCode,WeatherCode,LightConditionCode,LandUseCode,SchoolBusRelatedCode,FirstAidSceneIndicator,CollDescPresentInd,InvestigationCompleteIndicator,PhotosTakenIndicator,TimeNotified,TimeArrived,TimeRoadwayOpened,PropertyDamageIndicator,DiagramPresentIndicator,DirectionalAnalysis,FunctionClassCode,NationalHwySysCode,EnforcementsIndicator,KARSCityCode,SecondaryCollisionIndicator,MedianCrossoverIndicator,RT_UNIQUE,MapIt,TimeLastLeft,YR,KABCO,MFNY,WorkingRID,RT_CONFIDENCE,KTC_RT,KTC_MP,Motorcyclist,Commercial Vehicle,Young Driver,Mature Driver,Pedestrian,Bicyclist,Distracted,Aggressive,Impaired,Unrestrained,Intersection,Roadway Departure,Median Cross-over,City Crash
230,72448708,980100,2.02E+11,20191209,1548,,BYPASS,,RD,,,,,,N,N,NULL,NULL,NULL,N,NULL,NULL,NULL,NULL,NULL,NULL,,NULL,NULL,NULL,NULL,NULL,NULL,2,0,2,2,N,N,45,NULL,98,9801,NULL,,Y,37.4831,-82.51341,N,NULL,NULL,NULL,NULL,NULL,NULL,NULL,NULL,1,3,2,6,1,1,3,2,1,3,Y,NULL,Y,Y,1548,1551,1616,N,NULL,55,,,N,,N,N,,NULL,NULL,2019,C,7.24E+11,098-KY-1460  -000,MEDIUM,098-KY-1460  -000,5.08,0,0,0,0,0,0,0,1,0,0,0,0,0,1
231,72372929,980100,2.02E+11,20190628,1924,,HAROLDS BRANCH,,RD,,,0,098 CS-1223,CS1223,Y,N,NULL,NULL,NULL,N,NULL,NULL,NULL,NULL,NULL,NULL,0.033,NULL,NULL,NULL,NULL,,NULL,0,0,2,2,N,N,,NULL,98,9801,NULL,,Y,37.4724,-82.52242,N,NULL,NULL,NULL,NULL,NULL,NULL,NULL,NULL,7,97,,6,2,1,2,2,5,3,N,NULL,Y,N,1924,1932,1932,N,NULL,90,,,N,,N,N,098-CS-1223-0,NULL,NULL,2019,O,7.24E+11,098-CS-1223  -000,HIGH,098-CS-1223  -000,0.033,0,0,0,0,0,0,0,0,0,0,0,0,0,1
232,72385183,KSP0900,19-26167,20190710,1346,,KY122,,,KY0122,KY0122,0,098 KY-122,KY0122,N,N,NULL,NULL,NULL,N,NULL,NULL,NULL,NULL,NULL,NULL,4.172,NULL,NULL,NULL,NULL,,NULL,1,0,1,1,N,N,55,NULL,98,9827,NULL,,Y,37.34369,-82.60637,N,NULL,NULL,NULL,NULL,NULL,NULL,NULL,NULL,9,4,2,3,1,5,3,4,6,3,N,NULL,Y,Y,1403,1446,,N,NULL,40,,0,Y,,N,N,098-KY-0122-0,NULL,NULL,2019,B,7.24E+11,098-KY-0122  -000,HIGH,098-KY-0122  -000,4.172,0,0,0,0,0,0,0,0,0,1,0,1,0,0
233,72339461,980100,2.02E+11,20190403,1053,,KY3495,,,KY3495,KY3495,0,098 KY-3495,KY3495,N,N,NULL,NULL,NULL,N,NULL,NULL,NULL,NULL,NULL,NULL,0.309,NULL,NULL,NULL,NULL,,NULL,1,0,2,1,N,N,45,NULL,98,9801,NULL,,Y,37.48964,-82.53897,N,NULL,NULL,NULL,NULL,NULL,NULL,NULL,NULL,9,3,2,6,1,1,2,2,7,3,Y,NULL,Y,Y,1053,1102,1159,N,NULL,37,17,0,N,,N,N,098-KY-3495-0,NULL,NULL,2019,C,7.23E+11,098-KY-3495  -000,HIGH,098-KY-3495  -000,0.309,0,0,0,0,0,1,1,0,0,0,0,0,0,1
234,72394512,KSP0900,19-31526,20190815,1840,,KY194,,,KY0194,KY0194,0,098 KY-194,KY0194,N,N,NULL,NULL,NULL,N,NULL,NULL,NULL,NULL,NULL,NULL,24.962,NULL,NULL,NULL,NULL,,NULL,0,0,2,2,N,N,55,NULL,98,9817,NULL,,Y,37.5173,-82.36209,N,NULL,NULL,NULL,NULL,NULL,NULL,NULL,NULL,5,3,2,6,1,1,2,2,7,3,N,NULL,Y,N,1840,1848,1939,N,NULL,49,6,0,N,,N,N,098-KY-0194-0,NULL,NULL,2019,O,7.24E+11,098-KY-0194  -000,HIGH,098-KY-0194  -000,24.962,0,0,0,0,0,0,1,1,0,0,0,1,0,0
235,72435497,980100,2.02E+11,20191019,931,,US23,,,US0023,US0023,0,098 US-23,US0023,N,N,NULL,NULL,NULL,N,NULL,NULL,NULL,NULL,NULL,NULL,20.892,NULL,NULL,NULL,NULL,,NULL,2,1,4,4,N,N,55,NULL,98,9801,NULL,,Y,37.44376,-82.52435,N,NULL,NULL,NULL,NULL,NULL,NULL,NULL,NULL,1,3,4,3,1,1,2,2,7,3,Y,NULL,N,Y,931,934,1348,N,NULL,55,,1,N,,N,Y,098-US-0023-0,NULL,NULL,2019,K,7.24E+11,098-US-0023  -000,HIGH,098-US-0023  -000,20.892,0,0,0,1,0,0,0,0,0,1,0,0,1,1
236,72351667,KSP0900,19-17028,20190511,1800,,COLLINS,,HWY,KY0122,KY0122,0,098 KY-122,KY0122,N,N,NULL,NULL,NULL,N,NULL,NULL,NULL,NULL,NULL,NULL,11.274,NULL,NULL,NULL,NULL,,NULL,1,0,1,1,N,N,55,NULL,98,9827,6,E,N,37.38992,-82.53061,N,NULL,NULL,NULL,NULL,NULL,NULL,NULL,NULL,9,3,2,3,1,5,3,2,7,3,Y,NULL,Y,Y,1803,1818,,Y,NULL,44,,0,N,,N,N,098-KY-0122-0,NULL,NULL,2019,C,7.24E+11,098-KY-0122  -000,HIGH,098-KY-0122  -000,11.274,0,0,1,0,0,0,0,1,0,0,0,1,0,0
237,72372217,980100,2.02E+11,20190619,1531,,KY1426,,,KY1426,KY1426,0,098 KY-1426,KY1426,N,N,NULL,NULL,NULL,N,NULL,NULL,NULL,NULL,NULL,NULL,7.392,NULL,NULL,NULL,NULL,,NULL,2,0,2,2,N,N,45,NULL,98,9801,NULL,,Y,37.49016,-82.50227,N,NULL,NULL,NULL,NULL,NULL,NULL,NULL,NULL,1,3,2,6,1,1,2,2,7,3,Y,NULL,Y,Y,1531,1536,1603,N,NULL,55,,0,N,,N,N,098-KY-1426-0,NULL,NULL,2019,C,7.24E+11,098-KY-1426  -000,HIGH,098-KY-1426  -000,7.392,0,0,0,0,0,0,1,0,0,0,0,0,0,1
238,72840360,KSP0900,22-471138,20221210,949,,POMPEY HILL,,RD,,,0,098 CR-1318,CR1318,N,N,NULL,NULL,NULL,N,NULL,NULL,NULL,NULL,NULL,NULL,0.147,NULL,NULL,NULL,NULL,,NULL,0,0,1,1,N,N,15,NULL,98,9832,NULL,,Y,37.45833,-82.42616,N,NULL,NULL,NULL,NULL,NULL,NULL,NULL,NULL,9,97,1,5,1,5,3,2,7,3,N,NULL,Y,N,949,1026,1050,N,NULL,44,,,N,,N,N,098-CR-1318-0,NULL,NULL,2022,O,7.28E+11,098-CR-1318  -000,HIGH,098-CR-1318  -000,0.147,0,0,0,1,0,0,0,0,0,0,0,1,0,0
239,72301346,KSP0900,19-00615,20190105,1203,,COLLINS,,HWY,KY0122,KY0122,0,098 KY-122,KY0122,Y,N,NULL,NULL,NULL,N,NULL,NULL,NULL,NULL,NULL,NULL,10.723,NULL,NULL,NULL,NULL,,NULL,0,0,2,2,N,N,15,NULL,98,9801,NULL,,Y,37.38724,-82.53789,N,NULL,NULL,NULL,NULL,NULL,NULL,NULL,NULL,2,97,1,6,1,1,2,2,1,3,N,NULL,Y,N,921,946,921,N,NULL,90,,0,N,,N,N,098-KY-0122-0,NULL,NULL,2019,O,7.23E+11,098-KY-0122  -000,HIGH,098-KY-0122  -000,10.723,0,1,0,0,0,0,0,0,0,0,0,0,0,0
240,72400816,980100,2.02E+11,20190829,1902,,BYPASS,,RD,,,0,098 CS-1223,CS1223,Y,N,NULL,NULL,NULL,N,NULL,NULL,NULL,NULL,NULL,NULL,,NULL,NULL,NULL,NULL,NULL,NULL,0,0,2,2,Y,N,,NULL,98,9801,NULL,,Y,37.47128,-82.52117,N,NULL,NULL,NULL,NULL,NULL,NULL,NULL,NULL,1,97,1,6,2,1,2,2,1,3,N,NULL,Y,N,1903,1907,1907,N,NULL,90,,,N,,N,N,098-CS-1223-0,NULL,NULL,2019,O,7.24E+11,098-CS-1223  -000,HIGH,098-CS-1223  -000,0.135,0,0,0,0,0,0,0,0,0,0,0,0,0,1
241,72301696,980100,2.02E+11,20190107,1705,,CASSIDY,,BLVD,,,0,098 CS-1191,CS1191,Y,N,NULL,NULL,NULL,N,NULL,NULL,NULL,NULL,NULL,NULL,0.302,NULL,NULL,NULL,NULL,,NULL,0,0,2,2,N,N,,NULL,98,9801,NULL,,Y,37.50512,-82.53686,N,NULL,NULL,NULL,NULL,NULL,NULL,NULL,NULL,2,97,,6,1,1,2,2,5,3,N,NULL,Y,N,1705,1705,1705,N,NULL,90,,,N,,N,N,098-CS-1191-0,NULL,NULL,2019,O,7.23E+11,098-CS-1191  -000,HIGH,098-CS-1191  -000,0.302,0,0,0,1,0,0,1,0,0,0,0,0,0,1
242,72318385,980100,2.02E+11,20190215,2100,,US23,N,,,,,,,N,N,NULL,NULL,NULL,N,NULL,NULL,NULL,NULL,NULL,NULL,,NULL,NULL,NULL,NULL,NULL,NULL,0,0,2,2,Y,N,55,NULL,98,9801,NULL,,Y,37.50312,-82.53208,N,NULL,NULL,NULL,NULL,NULL,NULL,NULL,NULL,5,3,4,6,1,1,3,5,1,3,N,NULL,Y,N,2020,2024,,N,NULL,49,,,N,,N,N,,NULL,NULL,2019,O,7.23E+11,098-US-0023  -000,MEDIUM,098-US-0023  -000,26.245,0,0,0,0,0,0,0,0,0,0,0,0,0,1
243,72318150,KSP0900,19-3886,20190205,1720,,US119,,,US0119,US0119,0,098 US-119-10,US0119,N,N,NULL,NULL,NULL,N,NULL,NULL,NULL,NULL,NULL,NULL,25.378,NULL,NULL,NULL,NULL,,NULL,0,0,2,2,N,N,55,NULL,98,9834,NULL,,Y,37.6727,-82.28114,N,NULL,NULL,NULL,NULL,NULL,NULL,NULL,NULL,5,3,2,6,1,1,2,2,3,3,N,NULL,Y,N,1720,1735,1720,N,NULL,49,2,1,N,,N,N,098-US-0119-10,NULL,NULL,2019,O,7.23E+11,098-US-0119  -010,HIGH,098-US-0119  -000,25.378,0,0,0,0,0,0,0,1,0,0,0,0,0,0
244,72425961,980100,2.02E+11,20191025,937,,BYPASS RD,,RD,,,0,098 CS-1223,CS1223,Y,N,NULL,NULL,NULL,N,NULL,NULL,NULL,NULL,NULL,NULL,,NULL,NULL,NULL,NULL,NULL,NULL,0,0,1,1,N,N,,NULL,98,9801,NULL,,Y,37.47128,-82.52117,N,NULL,NULL,NULL,NULL,NULL,NULL,NULL,NULL,9,97,1,6,2,1,2,2,1,3,N,NULL,Y,N,937,944,944,Y,NULL,90,,,N,,N,N,098-CS-1223-0,NULL,NULL,2019,O,7.24E+11,098-CS-1223  -000,HIGH,098-CS-1223  -000,0.135,0,0,0,1,0,0,1,0,0,0,0,1,0,1
245,72317943,980100,2.02E+11,20190218,1718,,KY1426 TURN LANE,,,KY1426,KY1426,,,,N,N,NULL,NULL,NULL,N,NULL,NULL,NULL,NULL,NULL,NULL,0.03,NULL,NULL,NULL,NULL,,NULL,0,0,2,2,N,N,55,NULL,98,9801,NULL,,Y,37.51401,-82.48724,N,NULL,NULL,NULL,NULL,NULL,NULL,NULL,NULL,5,3,1,6,1,1,3,2,2,3,N,NULL,Y,N,1718,1721,,N,NULL,49,8,0,N,,N,N,,NULL,NULL,2019,O,7.23E+11,098-KY-1426  -027,HIGH,098-KY-1426  -027,0.03,0,0,0,0,0,0,1,0,0,0,0,0,0,1
246,72337567,980500,2019AR025,20190410,1410,,COMMERCIAL STREET,,,,,,,,N,N,NULL,NULL,NULL,N,NULL,NULL,NULL,NULL,NULL,NULL,,NULL,NULL,NULL,NULL,NULL,NULL,0,0,2,2,N,N,15,NULL,98,9807,NULL,,Y,37.51804,-82.56493,N,NULL,NULL,NULL,NULL,NULL,NULL,NULL,NULL,4,3,2,6,1,1,2,2,7,3,N,NULL,Y,Y,1410,1411,1429,N,NULL,70,,,N,,N,N,,NULL,NULL,2019,O,7.23E+11,098-CS-3004  -000,MEDIUM,098-CS-3004  -000,0.004,0,0,0,0,0,0,1,0,0,0,0,0,0,0
247,72341195,KSP0900,19-12989,20190415,758,,DORTON-JENKINS,,HWY,KY0805,KY0805,0,098 KY-805,KY0805,N,N,NULL,NULL,NULL,N,NULL,NULL,NULL,NULL,NULL,NULL,0.942,NULL,NULL,NULL,NULL,,NULL,1,0,1,1,N,N,55,NULL,98,9867,NULL,,Y,37.21151,-82.56407,N,NULL,NULL,NULL,NULL,NULL,NULL,NULL,NULL,9,97,2,3,1,5,6,2,7,3,N,NULL,Y,Y,802,831,802,Y,NULL,40,7,0,N,,N,N,098-KY-0805-0,NULL,NULL,2019,C,7.23E+11,098-KY-0805  -000,HIGH,098-KY-0805  -000,0.942,0,0,0,0,0,0,0,0,0,0,0,1,0,0
248,72447747,KSP0900,DJ30779,20191203,2354,,KY194,,,KY0194,KY0194,0,098 KY-194,KY0194,N,N,NULL,NULL,NULL,N,NULL,NULL,NULL,NULL,NULL,NULL,66.281,NULL,NULL,NULL,NULL,,NULL,0,0,2,2,N,N,35,NULL,98,9873,NULL,,Y,37.52689,-82.10116,N,NULL,NULL,NULL,NULL,NULL,NULL,NULL,NULL,8,3,1,3,1,1,2,7,6,3,N,NULL,Y,N,2318,2345,354,Y,NULL,53,7,0,N,,N,N,098-KY-0194-0,NULL,NULL,2019,O,7.24E+11,098-KY-0194  -000,HIGH,098-KY-0194  -000,66.281,0,0,1,0,0,0,0,0,1,1,0,1,0,0
249,72417547,980500,2019AR062,20191007,1535,,WEDDINGTON SQUARE,,,,,,,,Y,N,NULL,NULL,NULL,N,NULL,NULL,NULL,NULL,NULL,NULL,,NULL,NULL,NULL,NULL,NULL,NULL,0,0,2,2,N,N,15,NULL,98,9807,NULL,,Y,37.52812,-82.57518,N,NULL,NULL,NULL,NULL,NULL,NULL,NULL,NULL,5,97,3,3,1,5,6,2,1,3,N,NULL,Y,Y,1535,1537,1545,N,NULL,90,,,N,,N,N,,NULL,NULL,2019,O,7.24E+11,098-US-0023  -010,MEDIUM,098-US-0023  -000,29.342,0,0,0,0,0,0,1,0,0,0,0,0,0,0
250,72340132,980500,2019AR026,20190405,1427,,MAYO,N,TRL,US0023,US0023,0,098 US-23,US0023,N,N,NULL,NULL,NULL,N,NULL,NULL,NULL,NULL,NULL,NULL,28.055,NULL,NULL,NULL,NULL,,NULL,0,0,2,2,N,N,45,NULL,98,9807,NULL,,Y,37.5153,-82.55923,N,NULL,NULL,NULL,NULL,NULL,NULL,NULL,NULL,5,3,6,6,1,1,2,2,7,3,N,NULL,Y,Y,1427,1430,1430,N,NULL,49,,1,N,,N,N,098-US-0023-0,NULL,NULL,2019,O,7.23E+11,098-US-0023  -000,HIGH,098-US-0023  -000,28.055,0,0,0,1,0,0,1,0,0,0,0,0,0,0
251,72355931,980100,2.02E+11,20190518,1759,,MAYO,S,TRL,KY3496,KY3496,0,098 KY-3496,KY3496,Y,N,NULL,NULL,NULL,N,NULL,NULL,NULL,NULL,NULL,NULL,0.234,NULL,NULL,NULL,NULL,,NULL,0,0,2,2,Y,N,35,NULL,98,9801,NULL,,Y,37.46677,-82.53175,N,NULL,NULL,NULL,NULL,NULL,NULL,NULL,NULL,3,97,2,6,1,1,2,2,5,3,N,NULL,Y,N,1759,1801,1840,N,NULL,90,16,0,N,,N,N,098-KY-3496-0,NULL,NULL,2019,O,7.24E+11,098-KY-3496  -000,HIGH,098-KY-3496  -000,0.234,0,0,0,0,0,0,0,0,0,0,0,0,0,1
252,72388713,KSP0900,19-29304,20190801,1215,,US119,,,US0119,US0119,0,098 US-119,US0119,N,Y,WILLIAMSON,,RD,N,NULL,NULL,NULL,NULL,NULL,NULL,25.356,NULL,NULL,NULL,NULL,,NULL,0,0,2,2,N,N,55,NULL,98,9834,NULL,,Y,37.67255,-82.28111,N,NULL,NULL,NULL,NULL,NULL,NULL,NULL,NULL,5,3,2,3,1,1,3,2,7,3,N,NULL,Y,N,1211,1231,1241,N,NULL,14,2,1,N,,N,N,098-US-0119-0,NULL,NULL,2019,O,7.24E+11,098-US-0119  -000,HIGH,098-US-0119  -000,25.356,0,0,0,0,0,0,1,0,0,0,1,0,0,0
253,72306696,KSP0900,19-02404,20190122,1807,,ACCESS RD 1,,,,,0,098 CR-1426K,CR1426K,Y,N,NULL,NULL,NULL,N,NULL,NULL,NULL,NULL,NULL,NULL,0.244,NULL,NULL,NULL,NULL,,NULL,0,0,2,2,N,N,,NULL,98,9801,NULL,,Y,37.53871,-82.58115,N,NULL,NULL,NULL,NULL,NULL,NULL,NULL,NULL,2,97,0,6,2,1,2,3,5,3,N,NULL,Y,N,1809,1833,,N,NULL,90,,,N,,N,N,098-CR-1426K-0,NULL,NULL,2019,O,7.23E+11,098-CR-1426K -000,HIGH,098-CR-1426K -000,0.244,0,0,0,1,0,0,1,0,0,0,0,0,0,1
254,72444548,KSP0900,19-47052,20191201,457,,US119,,,US0119,US0119,0,098 US-119-10,US0119,N,N,NULL,NULL,NULL,N,NULL,NULL,NULL,NULL,NULL,NULL,17.935,NULL,NULL,NULL,NULL,,NULL,0,0,1,1,N,N,55,NULL,98,9851,NULL,,Y,37.59711,-82.28912,N,NULL,NULL,NULL,NULL,NULL,NULL,NULL,NULL,9,3,2,4,1,6,6,6,7,3,N,NULL,N,N,457,550,550,N,NULL,70,2,1,N,,N,N,098-US-0119-10,NULL,NULL,2019,O,7.24E+11,098-US-0119  -010,HIGH,098-US-0119  -000,17.935,0,0,0,0,0,0,0,0,0,0,0,1,0,0
255,72313203,KSP0900,19-2860,20190127,945,,US23,,,US0023,US0023,0,098 US-23,US0023,N,N,NULL,NULL,NULL,N,NULL,NULL,NULL,NULL,NULL,NULL,14.887,NULL,NULL,NULL,NULL,,NULL,0,0,1,1,N,N,55,NULL,98,9801,NULL,,Y,37.39433,-82.5278,N,NULL,NULL,NULL,NULL,NULL,NULL,NULL,NULL,9,3,4,3,1,5,6,2,7,3,N,NULL,Y,Y,945,956,,N,NULL,40,,1,N,,N,N,098-US-0023-0,NULL,NULL,2019,O,7.23E+11,098-US-0023  -000,HIGH,098-US-0023  -000,14.887,0,0,0,0,0,0,0,0,0,0,0,1,0,0
256,72306599,KSP0900,19-2057,20190119,1446,,TOLER,,RD,KY0319,KY0319,,,,N,N,NULL,NULL,NULL,N,NULL,NULL,NULL,NULL,NULL,NULL,5.122,NULL,NULL,NULL,NULL,,NULL,0,0,2,2,N,N,55,NULL,98,9842,NULL,,Y,37.62166,-82.24398,N,NULL,NULL,NULL,NULL,NULL,NULL,NULL,NULL,1,3,2,6,1,5,6,2,7,3,N,NULL,N,N,1447,1453,1453,N,NULL,55,7,0,N,,N,N,,NULL,NULL,2019,O,7.23E+11,098-KY-0319  -000,HIGH,098-KY-0319  -000,5.122,0,0,0,1,0,0,0,1,0,0,0,0,0,0
257,72423842,980100,2.02E+11,20191021,1343,,KILGORE,,LN,,,0,098 CS-1105,CS1105,N,N,NULL,NULL,NULL,N,NULL,NULL,NULL,NULL,NULL,NULL,0.011,NULL,NULL,NULL,NULL,,NULL,0,0,1,1,N,N,15,NULL,98,9801,NULL,,Y,37.47586,-82.52229,N,NULL,NULL,NULL,NULL,NULL,NULL,NULL,NULL,9,97,1,6,1,1,2,2,5,3,N,NULL,Y,N,1343,1347,,Y,NULL,40,,,N,,N,N,098-CS-1105-0,NULL,NULL,2019,O,7.24E+11,098-CS-1105  -000,HIGH,098-CS-1105  -000,0.011,0,0,1,0,0,0,1,0,0,0,0,1,0,1
258,72319526,980100,2.02E+11,20190223,1735,,CASSIDY,,BLVD,,,,,,N,N,NULL,NULL,NULL,N,NULL,NULL,NULL,NULL,NULL,NULL,0.267,NULL,NULL,NULL,NULL,,NULL,0,0,3,3,N,N,35,NULL,98,9801,NULL,,Y,37.50471,-82.53622,N,NULL,NULL,NULL,NULL,NULL,NULL,NULL,NULL,1,3,2,6,1,5,6,2,1,2,N,NULL,Y,N,1726,1731,1806,N,NULL,55,,,N,,N,N,,NULL,NULL,2019,O,7.23E+11,098-CS-1191  -000,MEDIUM,098-CS-1191  -000,0.267,0,0,1,1,0,0,0,0,0,0,0,0,0,1
259,72395907,KSP0900,19-32235,20190820,1520,,POWELLS,,CRK,,,0,098 CR-1208,CR1208,N,N,NULL,NULL,NULL,N,NULL,NULL,NULL,NULL,NULL,NULL,2.634,NULL,NULL,NULL,NULL,,NULL,0,0,2,2,N,N,35,NULL,98,9801,NULL,,Y,37.40957,-82.3894,N,NULL,NULL,NULL,NULL,NULL,NULL,NULL,NULL,3,2,2,3,1,1,2,2,7,3,N,NULL,N,N,1520,1528,,N,NULL,52,,,N,,N,N,098-CR-1208-0,NULL,NULL,2019,O,7.24E+11,098-CR-1208  -000,HIGH,098-CR-1208  -000,2.634,0,0,0,0,0,0,1,0,0,0,0,1,0,0
260,72303195,KSP0900,19-1619,20190115,735,,US23,,,US0023,US0023,0,098 US-23-10,US0023,N,N,NULL,NULL,NULL,N,NULL,NULL,NULL,NULL,NULL,NULL,11.792,NULL,NULL,NULL,NULL,,NULL,1,0,2,2,N,N,55,NULL,98,9801,5,S,N,37.36022,-82.55508,N,NULL,NULL,NULL,NULL,NULL,NULL,NULL,NULL,1,3,4,6,1,5,5,1,7,3,Y,NULL,Y,N,748,748,902,N,NULL,55,,1,N,,N,N,098-US-0023-10,NULL,NULL,2019,C,7.23E+11,098-US-0023  -010,HIGH,098-US-0023  -000,11.792,0,0,0,0,0,0,0,1,0,0,0,1,0,0
261,72447827,KSP0900,19-47758,20191206,1640,,US52 CONNECTOR,,,US0052,US0052,0,098 US-52-70,US0052,N,N,NULL,NULL,NULL,N,NULL,NULL,NULL,NULL,NULL,NULL,0.092,NULL,NULL,NULL,NULL,,NULL,0,0,2,2,N,N,55,NULL,98,9834,NULL,,Y,37.68619,-82.29707,N,NULL,NULL,NULL,NULL,NULL,NULL,NULL,NULL,1,3,2,6,3,5,6,4,2,3,N,NULL,N,N,1640,1716,1716,N,NULL,55,,,N,,N,N,098-US-0052-70,NULL,NULL,2019,O,7.24E+11,098-US-0052  -070,HIGH,098-US-0052  -070,0.092,0,0,0,0,0,0,1,0,0,0,0,0,0,0
262,72418279,980100,2.02E+11,20191007,731,,US23,S,,,,,,,N,N,NULL,NULL,NULL,N,NULL,NULL,NULL,NULL,NULL,NULL,,NULL,NULL,NULL,NULL,NULL,NULL,3,0,2,2,N,N,55,NULL,98,9801,NULL,,Y,37.53677,-82.60106,N,NULL,NULL,NULL,NULL,NULL,NULL,NULL,NULL,1,3,4,6,1,5,3,1,1,3,Y,NULL,Y,Y,732,741,827,N,NULL,55,,,N,,N,N,,NULL,NULL,2019,A,7.24E+11,098-US-0023  -010,MEDIUM,098-US-0023  -000,31.568,0,0,0,0,0,0,0,1,0,0,0,0,0,1
263,72329604,980100,2.02E+11,20190321,1642,,US23,N,,,,,,,N,N,NULL,NULL,NULL,N,NULL,NULL,NULL,NULL,NULL,NULL,,NULL,NULL,NULL,NULL,NULL,NULL,0,0,2,2,N,N,55,NULL,98,9801,NULL,,Y,37.51085,-82.54829,N,NULL,NULL,NULL,NULL,NULL,NULL,NULL,NULL,5,3,6,3,1,5,6,2,1,3,N,NULL,Y,N,1642,1648,1650,N,NULL,49,,,Y,,N,N,,NULL,NULL,2019,O,7.23E+11,098-US-0023  -000,MEDIUM,098-US-0023  -000,27.353,0,0,1,0,0,0,0,0,0,0,0,0,0,1
264,72443834,KSP0900,19-45912,20191122,1314,,WILLIAMSON,,RD,KY0292,KY0292,0,098 KY-292,KY0292,N,N,NULL,NULL,NULL,N,NULL,NULL,NULL,NULL,NULL,NULL,6.547,NULL,NULL,NULL,NULL,,NULL,1,0,2,2,Y,N,45,NULL,98,9834,NULL,,Y,37.67508,-82.29694,N,NULL,NULL,NULL,NULL,NULL,NULL,NULL,NULL,5,3,2,3,1,5,6,2,7,3,N,NULL,N,Y,1314,1402,1402,N,NULL,49,7,0,N,,N,N,098-KY-0292-0,NULL,NULL,2019,C,7.24E+11,098-KY-0292  -000,HIGH,098-KY-0292  -000,6.547,0,0,0,0,0,0,0,0,0,0,0,0,0,0
265,72343630,980100,2.02E+11,20190423,1602,,LYKINS,,CRK,,,,,,N,N,NULL,NULL,NULL,N,NULL,NULL,NULL,NULL,NULL,NULL,0.066,NULL,NULL,NULL,NULL,,NULL,0,0,2,1,N,N,15,NULL,98,9801,NULL,,Y,37.50715,-82.54803,N,NULL,NULL,NULL,NULL,NULL,NULL,NULL,NULL,9,3,1,6,1,1,2,2,2,3,N,NULL,Y,N,1602,1620,,N,NULL,91,,,Y,,N,N,,NULL,NULL,2019,O,7.23E+11,098-CS-1249  -000,HIGH,098-CS-1249  -000,0.066,0,0,0,0,0,0,0,1,0,0,0,0,0,1
266,72357395,980100,2.02E+11,20190524,1649,,MAYO,S,TRL,US0023,US0023,0,098 US-23-10,US0023,N,N,NULL,NULL,NULL,N,NULL,NULL,NULL,NULL,NULL,NULL,19.077,NULL,NULL,NULL,NULL,,NULL,0,0,2,2,N,N,55,NULL,98,9801,NULL,,Y,37.44208,-82.50627,N,NULL,NULL,NULL,NULL,NULL,NULL,NULL,NULL,8,97,4,6,1,1,2,2,7,3,N,NULL,Y,N,1649,1650,1659,N,NULL,53,,1,N,,N,N,098-US-0023-10,NULL,NULL,2019,O,7.24E+11,098-US-0023  -010,HIGH,098-US-0023  -000,19.077,0,0,0,1,0,0,0,0,0,0,0,1,0,1
267,72359699,370200,2019-18771,20190523,1356,,US460,,,US0460,US0460,0,098 US-460,US0460,N,N,NULL,NULL,NULL,N,NULL,NULL,NULL,NULL,NULL,NULL,4.278,NULL,NULL,NULL,NULL,,NULL,1,0,2,2,N,N,45,NULL,98,9801,NULL,,Y,37.41848,-82.45715,N,NULL,NULL,NULL,NULL,NULL,NULL,NULL,NULL,5,3,2,6,1,1,3,2,7,3,Y,NULL,Y,Y,1357,1415,1451,N,NULL,49,,1,N,,N,N,098-US-0460-0,NULL,NULL,2019,C,7.24E+11,098-US-0460  -000,HIGH,098-US-0460  -000,4.278,0,0,0,0,0,0,1,0,0,0,0,0,0,0