OBJECTID,MasterFile,AgencyORINumber,LocalCode,CollisionDate,CollisionTime,CollisionDayWeekCode,RoadwayName,RoadwayName_Direction_,RoadwayName_RoadwaySuffix_,RoadwayfromReport,CurrentRoadwayNumber,RoadwayNumberCoupletID,RSEUniqueGIS,RoadwayIdentifier,ParkingLotIndicator,IntersectionWith_Indicator_,IntersectionWith_NameRoadway_,IntersectionWith_Direction_,IntersectionWith_RoadwaySuffix_,BetweenStreets_Indicator_,BetweenStreets1_NameRoadway_,BetweenStreet1_Direction_,BetweenStreets1_RoadwaySuffix_,BetweenStreets2_NameRoadway_,BetweenStreets2_Direction_,BetweenStreets2_RoadwaySuffix_,Milepoint,ReportMilepointDeriveNumber,CurrentDerivedMiepointNumber,MilestoMilepoint,FeettoMilepoint,DirectionfromMilepoint_NSEW_,ValidMilepointIndicator,NumberInjured,NumberKilled,ofUnits,ofMotorVehicleUnits,Hit&RunIndicator,OneWayIndicator,SpeedLimitNumber,KilometersIndicator,CountyCode,CityCountyCode,MilesFromCity,DirectionFromCity_NSEW_,InCityLimitsIndicator,Latitude,Longitude,RampIndicator,RampFromIdentifier,RampFromDirCode,RampFromCoupletID,RSEUniqueGISRampFrom,RampToidentifier,RampToDirCode,RampToCoupletID,RSEUniqueGisRampTo,MannerofCollisionCode,LocationFirstEventCode,TotalLanes,RoadwayCharacterCode,RoadwaySurfaceCode,RoadwayConditionCode,WeatherCode,LightConditionCode,LandUseCode,SchoolBusRelatedCode,FirstAidSceneIndicator,CollDescPresentInd,InvestigationCompleteIndicator,PhotosTakenIndicator,TimeNotified,TimeArrived,TimeRoadwayOpened,PropertyDamageIndicator,DiagramPresentIndicator,DirectionalAnalysis,FunctionClassCode,NationalHwySysCode,EnforcementsIndicator,KARSCityCode,SecondaryCollisionIndicator,MedianCrossoverIndicator,RT_UNIQUE,MapIt,TimeLastLeft,YR,KABCO,MFNY,WorkingRID,RT_CONFIDENCE,KTC_RT,KTC_MP,Motorcyclist,Commercial Vehicle,Young Driver,Mature Driver,Pedestrian,Bicyclist,Distracted,Aggressive,Impaired,Unrestrained,Intersection,Roadway Departure,Median Cross-over,City Crash
268,72338891,980100,2.02E+11,20190410,1013,,,,,US0023,US0023,,,,N,N,NULL,NULL,NULL,N,NULL,NULL,NULL,NULL,NULL,NULL,0.083,NULL,NULL,NULL,NULL,NULL,NULL,0,0,2,2,N,N,55,NULL,98,9801,NULL,,Y,37.43706,-82.51049,N,NULL,NULL,NULL,NULL,NULL,NULL,NULL,NULL,8,3,4,2,1,1,2,2,7,3,N,NULL,Y,N,1013,1020,1020,N,NULL,53,,1,N,,N,N,,NULL,NULL,2019,O,7.23E+11,098-US-0023  -421,HIGH,098-US-0023  -421,0.083,0,0,0,1,0,0,0,1,0,0,0,1,0,1
269,72393841,980100,2.02E+11,20190729,1459,,BYPASS,S,RD,KY1426,KY1426,,,,Y,N,NULL,NULL,NULL,N,NULL,NULL,NULL,NULL,NULL,NULL,5.675,NULL,NULL,NULL,NULL,,NULL,0,0,2,2,N,N,15,NULL,98,9801,NULL,,Y,37.4727,-82.52312,N,NULL,NULL,NULL,NULL,NULL,NULL,NULL,NULL,7,97,1,6,2,1,2,2,1,3,N,NULL,Y,N,1459,1500,1500,N,NULL,90,,0,N,,N,N,,NULL,NULL,2019,O,7.24E+11,098-KY-1426  -000,HIGH,098-KY-1426  -000,5.675,0,0,0,1,0,0,1,0,0,0,0,0,0,1
270,72303243,KSP0900,19-993,20190109,955,,KY195 TURN LANE,,,KY0195,KY0195,0,098 KY-195-21,KY0195,N,N,NULL,NULL,NULL,N,NULL,NULL,NULL,NULL,NULL,NULL,0.021,NULL,NULL,NULL,NULL,,NULL,0,0,2,2,N,N,55,NULL,98,9830,NULL,,Y,37.36794,-82.41254,N,NULL,NULL,NULL,NULL,NULL,NULL,NULL,NULL,5,3,2,3,1,1,2,2,7,3,N,NULL,Y,N,1051,1142,955,N,NULL,49,8,0,N,,N,N,098-KY-0195-21,NULL,NULL,2019,O,7.23E+11,098-KY-0195  -021,HIGH,098-KY-0195  -021,0.021,0,0,0,0,0,0,1,0,0,0,0,0,0,0
271,72385464,980100,2.02E+11,20190728,1319,,THOMPSON,,RD,,,,,,Y,N,NULL,NULL,NULL,N,NULL,NULL,NULL,NULL,NULL,NULL,0.511,NULL,NULL,NULL,NULL,,NULL,0,0,2,2,N,N,,NULL,98,9801,NULL,,Y,37.50599,-82.54347,N,NULL,NULL,NULL,NULL,NULL,NULL,NULL,NULL,2,97,,6,1,1,2,2,1,3,N,NULL,N,N,1319,1328,1328,N,NULL,90,,,Y,,N,N,,NULL,NULL,2019,O,7.24E+11,098-CS-1215  -000,MEDIUM,098-CS-1215  -000,0.511,0,0,0,0,0,0,1,0,0,0,0,0,0,1
272,72397732,980100,2.02E+11,20190824,1925,,JUSTICE WAY,,RD,,,0,098 CS-1215,CS1215,Y,N,NULL,NULL,NULL,N,NULL,NULL,NULL,NULL,NULL,NULL,,NULL,NULL,NULL,NULL,NULL,NULL,0,0,2,2,N,N,,NULL,98,9801,NULL,,Y,37.50715,-82.54703,N,NULL,NULL,NULL,NULL,NULL,NULL,NULL,NULL,2,97,1,6,1,1,2,2,1,3,N,NULL,Y,N,1926,1946,1946,N,NULL,90,,,N,,N,N,098-CS-1215-0,NULL,NULL,2019,O,7.24E+11,098-CS-1215  -000,HIGH,098-CS-1215  -000,0.309,0,0,0,0,0,0,1,0,0,0,0,0,0,1
273,72319373,KSP0900,19-4123,20190207,1458,,US119,,,US0119,US0119,,,,N,N,NULL,NULL,NULL,N,NULL,NULL,NULL,NULL,NULL,NULL,15.265,NULL,NULL,NULL,NULL,,NULL,1,0,1,1,N,N,55,NULL,98,9838,NULL,,Y,37.61117,-82.33241,N,NULL,NULL,NULL,NULL,NULL,NULL,NULL,NULL,9,3,4,6,1,1,2,2,7,3,Y,NULL,Y,Y,1552,1607,1607,N,NULL,70,2,1,N,,N,N,,NULL,NULL,2019,C,7.23E+11,098-US-0119  -000,MEDIUM,098-US-0119  -000,15.265,0,0,0,0,0,0,0,0,0,0,0,1,0,0
274,72372538,980100,2.02E+11,20190621,1206,,BYPASS ROAD,,,,,,,,Y,N,NULL,NULL,NULL,N,NULL,NULL,NULL,NULL,NULL,NULL,,NULL,NULL,NULL,NULL,,NULL,0,0,1,1,N,N,15,NULL,98,9801,NULL,,Y,37.47157,-82.52192,N,NULL,NULL,NULL,NULL,NULL,NULL,NULL,NULL,9,97,1,6,2,1,2,2,1,3,N,NULL,N,N,1206,1207,1207,N,NULL,90,,,N,,N,N,,NULL,NULL,2019,O,7.24E+11,098-CS-1223  -000,MEDIUM,098-CS-1223  -000,0.097,0,0,0,0,0,0,0,0,0,0,0,1,0,1
275,72334158,980100,2.02E+11,20190401,1635,,CASSIDY,,BLVD,,,,,,N,N,NULL,NULL,NULL,N,NULL,NULL,NULL,NULL,NULL,NULL,0.343,NULL,NULL,NULL,NULL,,NULL,0,0,2,2,N,N,55,NULL,98,9801,NULL,,Y,37.50521,-82.53774,N,NULL,NULL,NULL,NULL,NULL,NULL,NULL,NULL,5,3,4,6,1,1,2,2,1,3,N,NULL,N,N,1635,1641,1709,N,NULL,70,,,Y,,N,N,,NULL,NULL,2019,O,7.23E+11,098-CS-1191  -000,HIGH,098-CS-1191  -000,0.343,0,0,0,0,0,0,0,0,1,0,0,0,0,1
276,72360556,980100,2.02E+11,20190531,1502,,MAYO,N,TRL,US0023,US0023,0,098 US-23-10,US0023,N,N,NULL,NULL,NULL,N,NULL,NULL,NULL,NULL,NULL,NULL,26.235,NULL,NULL,NULL,NULL,,NULL,0,0,1,1,N,N,55,NULL,98,9801,NULL,,Y,37.50298,-82.53228,N,NULL,NULL,NULL,NULL,NULL,NULL,NULL,NULL,9,3,4,6,1,1,3,2,7,3,N,NULL,Y,N,1502,1506,1506,N,NULL,40,,1,N,,N,N,098-US-0023-10,NULL,NULL,2019,O,7.24E+11,098-US-0023  -010,HIGH,098-US-0023  -000,26.235,0,0,0,1,0,0,0,0,0,0,0,1,0,1
277,72320449,980100,2.02E+11,20190221,702,,US23,,,US0023,US0023,,,,N,N,NULL,NULL,NULL,N,NULL,NULL,NULL,NULL,NULL,NULL,23.063,NULL,NULL,NULL,NULL,,NULL,0,0,2,2,N,N,55,NULL,98,9801,NULL,,Y,37.46594,-82.52808,N,NULL,NULL,NULL,NULL,NULL,NULL,NULL,NULL,1,3,4,6,1,5,3,2,7,3,N,NULL,Y,N,702,709,709,N,NULL,55,,1,N,,N,N,,NULL,NULL,2019,O,7.23E+11,098-US-0023  -000,MEDIUM,098-US-0023  -000,23.063,0,0,0,1,0,0,1,0,0,0,0,0,0,1
278,72298657,980100,2.02E+11,20190103,1310,,JUSTICE,,WAY,,,,,,Y,N,NULL,NULL,NULL,N,NULL,NULL,NULL,NULL,NULL,NULL,,NULL,NULL,NULL,NULL,NULL,NULL,0,0,2,2,Y,N,15,NULL,98,9801,NULL,,Y,37.50591,-82.53979,N,NULL,NULL,NULL,NULL,NULL,NULL,NULL,NULL,,97,,6,1,1,2,2,1,3,N,NULL,Y,N,1310,1326,,N,NULL,90,,,N,,N,N,,NULL,NULL,2019,O,7.23E+11,098-CS-1215  -000,MEDIUM,098-CS-1215  -000,0.698,0,0,0,0,0,0,0,0,0,0,0,0,0,1
279,72421567,KSP0900,19-40729,20191016,747,,US460,,,US0460,US0460,0,098 US-460,US0460,N,N,NULL,NULL,NULL,N,NULL,NULL,NULL,NULL,NULL,NULL,7.892,NULL,NULL,NULL,NULL,,NULL,1,0,2,2,N,N,55,NULL,98,9832,NULL,,Y,37.37994,-82.43417,N,NULL,NULL,NULL,NULL,NULL,NULL,NULL,NULL,3,3,2,3,1,5,6,2,7,3,Y,NULL,Y,Y,754,839,842,N,NULL,52,,1,N,,N,N,098-US-0460-0,NULL,NULL,2019,C,7.24E+11,098-US-0460  -000,HIGH,098-US-0460  -000,7.892,0,0,0,0,0,0,0,0,0,0,0,1,0,0
280,72319038,980500,2019AR013,20190222,838,,US23,,,US0023,US0023,0,098 US-23,US0023,N,Y,WEDDINGTON BRANCH,,RD,N,NULL,NULL,NULL,NULL,NULL,NULL,28.89,NULL,NULL,NULL,NULL,,NULL,0,0,2,2,N,N,45,NULL,98,9807,NULL,,Y,37.52245,-82.5706,N,NULL,NULL,NULL,NULL,NULL,NULL,NULL,NULL,5,3,6,6,1,5,6,2,1,3,N,NULL,Y,N,838,840,849,N,NULL,35,,1,N,,N,N,098-US-0023-0,NULL,NULL,2019,O,7.23E+11,098-US-0023  -000,HIGH,098-US-0023  -000,28.89,0,0,0,0,0,0,0,1,0,0,1,0,0,0
281,72371562,KSP0900,19-23346,20190623,226,,KY80,,,KY0080,KY0080,0,098 KY-80,KY0080,N,N,NULL,NULL,NULL,N,NULL,NULL,NULL,NULL,NULL,NULL,0.007,NULL,NULL,NULL,NULL,,NULL,0,0,2,2,N,N,55,NULL,98,9802,NULL,,Y,37.34201,-82.37438,N,NULL,NULL,NULL,NULL,NULL,NULL,NULL,NULL,7,97,2,6,1,1,2,6,7,3,N,NULL,Y,N,229,245,226,Y,NULL,47,7,5,Y,,N,N,098-KY-0080-0,NULL,NULL,2019,O,7.24E+11,098-KY-0080  -000,HIGH,098-KY-0080  -000,0.007,0,0,0,0,0,0,0,0,1,0,0,0,0,0
282,72386882,980100,2.02E+11,20190731,1302,,CASSIDY,,BLF,,,,,,Y,N,NULL,NULL,NULL,N,NULL,NULL,NULL,NULL,NULL,NULL,,NULL,NULL,NULL,NULL,,NULL,0,0,2,2,N,Y,15,NULL,98,9801,NULL,,Y,37.50545,-82.53989,N,NULL,NULL,NULL,NULL,NULL,NULL,NULL,NULL,2,97,1,6,1,1,2,2,1,3,N,NULL,Y,N,1302,1308,,N,NULL,90,,,N,,N,N,,NULL,NULL,2019,O,7.24E+11,098-CS-1215  -000,MEDIUM,098-CS-1215  -000,0.71,0,0,0,0,0,0,1,0,0,0,0,0,0,1
283,72323895,980100,2.02E+11,20190306,1737,,US23 TURN LANE,,,US0023,US0023,,,,N,N,NULL,NULL,NULL,N,NULL,NULL,NULL,NULL,NULL,NULL,0.014,NULL,NULL,NULL,NULL,,NULL,0,0,2,2,N,N,55,NULL,98,9801,NULL,,Y,37.50365,-82.53217,N,NULL,NULL,NULL,NULL,NULL,NULL,NULL,NULL,5,3,2,6,1,1,2,2,1,3,N,NULL,Y,N,1738,1751,,N,NULL,70,,1,N,,N,N,,NULL,NULL,2019,O,7.23E+11,098-US-0023  -020,MEDIUM,098-US-0023  -020,0.014,0,0,0,1,0,0,1,0,0,0,0,0,0,1
284,72399926,KSP0900,19-33128,20190826,1300,,ELKHORN,,CRK,KY0197,KY0197,0,098 KY-197,KY0197,Y,N,NULL,NULL,NULL,N,NULL,NULL,NULL,NULL,NULL,NULL,12.123,NULL,NULL,NULL,NULL,,NULL,0,0,2,2,N,N,35,NULL,98,9864,NULL,,Y,37.27269,-82.40359,N,NULL,NULL,NULL,NULL,NULL,NULL,NULL,NULL,2,97,2,1,3,1,2,2,5,3,N,NULL,Y,N,1300,1325,,N,NULL,90,7,0,N,,N,N,098-KY-0197-0,NULL,NULL,2019,O,7.24E+11,098-KY-0197  -000,HIGH,098-KY-0197  -000,12.123,0,0,0,1,0,0,1,0,0,0,0,0,0,0
285,72411385,KSP0900,19-37116,20190922,800,,FOREST HILLS,,RD,KY0308,KY0308,0,098 KY-308,KY0308,Y,N,NULL,NULL,NULL,N,NULL,NULL,NULL,NULL,NULL,NULL,1.9,NULL,NULL,NULL,NULL,,NULL,0,0,1,1,Y,N,35,NULL,98,9836,NULL,,Y,37.64207,-82.27866,N,NULL,NULL,NULL,NULL,NULL,NULL,NULL,NULL,9,97,2,6,2,11,2,7,6,3,N,NULL,N,Y,800,831,,Y,NULL,90,8,0,N,,N,N,098-KY-0308-0,NULL,NULL,2019,O,7.24E+11,098-KY-0308  -000,HIGH,098-KY-0308  -000,1.9,0,0,0,0,0,0,1,0,0,0,0,1,0,0
286,72379546,980100,2.02E+11,20190709,147,,BOB AMOS,,DR,,,,,,Y,N,NULL,NULL,NULL,N,NULL,NULL,NULL,NULL,NULL,NULL,0.52,NULL,NULL,NULL,NULL,,NULL,0,0,1,1,N,N,15,NULL,98,9801,NULL,,Y,37.47245,-82.54067,N,NULL,NULL,NULL,NULL,NULL,NULL,NULL,NULL,9,97,1,1,1,1,2,6,7,3,N,NULL,Y,N,147,147,147,Y,NULL,90,,,N,,N,N,,NULL,NULL,2019,O,7.24E+11,098-CS-1025  -000,HIGH,098-CS-1025  -000,0.52,0,0,0,0,0,0,1,0,0,0,0,1,0,1
287,72366797,980500,2019AR046,20190613,1720,,POWER DRIVE,,TRL,US0023,US0023,0,098 US-23-10,US0023,N,N,NULL,NULL,NULL,N,NULL,NULL,NULL,NULL,NULL,NULL,,NULL,NULL,NULL,NULL,NULL,NULL,0,0,2,2,N,N,25,NULL,98,9807,NULL,,Y,37.51512,-82.55937,N,NULL,NULL,NULL,NULL,NULL,NULL,NULL,NULL,8,3,2,6,1,1,3,2,7,3,N,NULL,Y,N,1720,1722,1740,N,NULL,53,,1,N,,N,N,098-US-0023-10,NULL,NULL,2019,O,7.24E+11,098-US-0023  -010,HIGH,098-US-0023  -000,28.055,0,0,0,0,0,0,0,0,0,0,0,1,0,0
288,72315788,KSP0900,19-04325,20190209,419,,US460,,,US0460,US0460,0,098 US-460,US0460,N,N,NULL,NULL,NULL,N,NULL,NULL,NULL,NULL,NULL,NULL,11.62,NULL,NULL,NULL,NULL,,NULL,1,0,1,1,N,N,55,NULL,98,9805,NULL,,Y,37.3556,-82.3895,N,NULL,NULL,NULL,NULL,NULL,NULL,NULL,NULL,9,3,2,1,1,2,2,6,7,3,N,NULL,Y,Y,423,510,,N,NULL,44,,1,N,,N,N,098-US-0460-0,NULL,NULL,2019,B,7.23E+11,098-US-0460  -000,HIGH,098-US-0460  -000,11.62,0,0,0,0,0,0,0,0,0,0,0,1,0,0
289,72332024,980100,2.02E+11,20190326,1534,,BYPASS,S,RD,KY1426,KY1426,,,,Y,N,NULL,NULL,NULL,N,NULL,NULL,NULL,NULL,NULL,NULL,5.668,NULL,NULL,NULL,NULL,,NULL,0,0,2,2,N,N,10,NULL,98,9801,NULL,,Y,37.47267,-82.52324,N,NULL,NULL,NULL,NULL,NULL,NULL,NULL,NULL,8,97,1,6,2,1,2,2,1,3,N,NULL,Y,N,1534,1540,1540,N,NULL,90,,0,N,,N,N,,NULL,NULL,2019,O,7.23E+11,098-KY-1426  -000,HIGH,098-KY-1426  -000,5.668,0,0,0,1,0,0,0,0,0,0,0,0,0,1
290,72402372,KSP0900,19-32562,20190822,1530,,KY194,,,KY0194,KY0194,0,098 KY-194,KY0194,N,N,NULL,NULL,NULL,N,NULL,NULL,NULL,NULL,NULL,NULL,64.314,NULL,NULL,NULL,NULL,,NULL,1,0,2,2,N,N,35,NULL,98,9825,NULL,,Y,37.55231,-82.10514,N,NULL,NULL,NULL,NULL,NULL,NULL,NULL,NULL,1,3,2,4,1,5,3,2,7,1,Y,NULL,Y,Y,1530,1605,1700,N,NULL,55,7,0,N,,N,N,098-KY-0194-0,NULL,NULL,2019,C,7.24E+11,098-KY-0194  -000,HIGH,098-KY-0194  -000,64.314,0,0,0,0,0,0,0,0,0,0,0,0,0,0
291,72453892,KSP0900,19-49488,20191219,1904,,US119,,,US0119,US0119,0,098 US-119,US0119,N,N,NULL,NULL,NULL,N,NULL,NULL,NULL,NULL,NULL,NULL,24.668,NULL,NULL,NULL,NULL,,NULL,0,0,2,2,N,N,35,NULL,98,9834,NULL,,Y,37.66444,-82.27337,N,NULL,NULL,NULL,NULL,NULL,NULL,NULL,NULL,2,97,4,4,2,1,2,5,1,3,N,NULL,Y,N,1911,1942,1942,N,NULL,47,2,1,N,,N,N,098-US-0119-0,NULL,NULL,2019,O,7.25E+11,098-US-0119  -000,HIGH,098-US-0119  -000,24.668,0,0,0,0,0,0,1,0,0,0,0,0,0,0
292,72434401,KSP0900,19-44182,20191109,2200,,US119,,,US0119,US0119,,,,N,N,NULL,NULL,NULL,N,NULL,NULL,NULL,NULL,NULL,NULL,25.545,NULL,NULL,NULL,NULL,,NULL,0,0,1,1,N,N,55,NULL,98,9836,NULL,,Y,37.67485,-82.28246,N,NULL,NULL,NULL,NULL,NULL,NULL,NULL,NULL,9,3,4,4,1,1,2,6,7,3,N,NULL,N,N,2212,2226,2226,N,NULL,38,2,1,N,,N,N,,NULL,NULL,2019,O,7.24E+11,098-US-0119  -000,MEDIUM,098-US-0119  -000,25.545,0,0,0,0,0,0,0,0,0,0,0,0,0,0
293,72303219,KSP0900,19-784,20190107,1530,,DOUGLAS,,PARK,,,0,098 CR-1704,CR1704,N,N,NULL,NULL,NULL,N,NULL,NULL,NULL,NULL,NULL,NULL,0.105,NULL,NULL,NULL,NULL,,NULL,0,0,2,2,N,N,25,NULL,98,9824,NULL,,Y,37.37901,-82.53869,N,NULL,NULL,NULL,NULL,NULL,NULL,NULL,NULL,5,3,2,6,3,1,2,2,7,3,N,NULL,N,N,1543,1555,1600,N,NULL,70,,,N,,N,N,098-CR-1704-0,NULL,NULL,2019,O,7.23E+11,098-CR-1704  -000,HIGH,098-CR-1704  -000,0.105,0,0,1,0,0,0,0,0,0,0,0,0,0,0
294,72447425,KSP0900,19-47217,20191202,1207,,ISLAND CREEK,,RD,KY1426,KY1426,0,098 KY-1426,KY1426,N,N,NULL,NULL,NULL,N,NULL,NULL,NULL,NULL,NULL,NULL,1.897,NULL,NULL,NULL,NULL,,NULL,0,0,2,2,Y,N,55,NULL,98,9801,NULL,,Y,37.46111,-82.56129,N,NULL,NULL,NULL,NULL,NULL,NULL,NULL,NULL,7,3,2,6,1,5,6,2,7,3,N,NULL,N,Y,1207,1209,,N,NULL,54,8,0,N,,N,N,098-KY-1426-0,NULL,NULL,2019,O,7.24E+11,098-KY-1426  -000,HIGH,098-KY-1426  -000,1.897,0,0,1,0,0,0,0,0,0,0,0,1,0,0
295,72414153,980100,2.02E+11,20190924,1225,,KY3496,,,KY3496,KY3496,0,098 KY-3496,KY3496,N,N,NULL,NULL,NULL,N,NULL,NULL,NULL,NULL,NULL,NULL,0.791,NULL,NULL,NULL,NULL,,NULL,0,0,2,2,N,N,35,NULL,98,9801,NULL,,Y,37.4721,-82.52964,N,NULL,NULL,NULL,NULL,NULL,NULL,NULL,NULL,1,3,2,6,1,1,2,2,1,3,N,NULL,Y,N,1225,1233,1241,N,NULL,55,16,0,N,,N,N,098-KY-3496-0,NULL,NULL,2019,O,7.24E+11,098-KY-3496  -000,HIGH,098-KY-3496  -000,0.791,0,0,0,1,0,0,1,0,0,0,0,0,0,1
296,72373105,980100,2.02E+11,20190629,1310,,DIVISION,,ST,,,0,098 CS-1130,CS1130,N,N,NULL,NULL,NULL,N,NULL,NULL,NULL,NULL,NULL,NULL,,NULL,NULL,NULL,NULL,NULL,NULL,0,0,2,2,N,N,15,NULL,98,9801,NULL,,Y,37.48044,-82.5189,N,NULL,NULL,NULL,NULL,NULL,NULL,NULL,NULL,2,3,2,4,1,1,2,2,1,3,N,NULL,Y,N,1310,1311,1311,N,NULL,56,,,N,,N,N,098-CS-1130-0,NULL,NULL,2019,O,7.24E+11,098-CS-1130  -000,HIGH,098-CS-1130  -000,0.01,0,0,0,0,0,0,1,0,0,0,0,0,0,1
297,72460765,980100,2.02E+11,20200107,1010,,,,,US0023,US0023,,,,N,N,NULL,NULL,NULL,N,NULL,NULL,NULL,NULL,NULL,NULL,0.103,NULL,NULL,NULL,NULL,NULL,NULL,1,0,1,1,N,N,55,NULL,98,9801,NULL,,Y,37.48079,-82.54281,Y,KY1384,W,NULL,098 US-23-221,US0023,N,NULL,098 US-23-221,9,3,4,1,1,4,9,2,1,3,Y,NULL,Y,Y,1010,1010,1039,Y,NULL,72,,1,N,,N,N,,NULL,NULL,2020,C,7.25E+11,098-US-0023  -221,HIGH,098-US-0023  -221,0.103,0,0,0,0,0,0,0,0,0,0,0,1,0,1
298,72381832,980100,2.02E+11,20190718,1633,,BYPASS RD,,RD,,,0,098 CS-1223,CS1223,Y,N,NULL,NULL,NULL,N,NULL,NULL,NULL,NULL,NULL,NULL,,NULL,NULL,NULL,NULL,NULL,NULL,0,0,2,2,Y,N,,NULL,98,9801,NULL,,Y,37.47128,-82.52117,N,NULL,NULL,NULL,NULL,NULL,NULL,NULL,NULL,8,97,1,6,2,1,2,2,1,3,N,NULL,Y,N,1633,1641,1641,N,NULL,90,,,N,,N,N,098-CS-1223-0,NULL,NULL,2019,O,7.24E+11,098-CS-1223  -000,HIGH,098-CS-1223  -000,0.135,0,0,0,0,0,0,0,0,0,0,0,0,0,1
299,72354990,KSP0900,19-17865,20190517,1538,,US119,,,US0119,US0119,0,098 US-119,US0119,Y,N,NULL,NULL,NULL,N,NULL,NULL,NULL,NULL,NULL,NULL,24.812,NULL,NULL,NULL,NULL,,NULL,0,0,2,2,N,N,55,NULL,98,9834,NULL,,Y,37.66607,-82.27506,N,NULL,NULL,NULL,NULL,NULL,NULL,NULL,NULL,7,97,4,6,1,1,2,2,1,3,N,NULL,Y,N,1531,1613,1613,N,NULL,90,2,1,N,,N,N,098-US-0119-0,NULL,NULL,2019,O,7.24E+11,098-US-0119  -000,HIGH,098-US-0119  -000,24.812,0,0,0,0,0,0,0,0,0,0,0,0,0,0
300,72307991,980100,2.02E+11,20190115,1338,,US23,,,US0023,US0023,,,,N,N,NULL,NULL,NULL,N,NULL,NULL,NULL,NULL,NULL,NULL,20.602,NULL,NULL,NULL,NULL,,NULL,1,0,2,2,N,N,55,NULL,98,9801,NULL,,Y,37.44326,-82.51931,N,NULL,NULL,NULL,NULL,NULL,NULL,NULL,NULL,5,3,4,3,1,1,2,2,7,3,Y,NULL,Y,Y,1338,1341,1341,N,NULL,49,,1,Y,,N,N,,NULL,NULL,2019,C,7.23E+11,098-US-0023  -010,MEDIUM,098-US-0023  -000,20.602,0,0,0,0,0,0,1,0,1,0,0,0,0,1
301,72381454,980100,2.02E+11,20190718,2100,,CEDAR CREEK,,RD,,,,,,N,Y,CEDAR HILLS,,DR,N,NULL,NULL,NULL,NULL,NULL,NULL,,NULL,NULL,NULL,NULL,,NULL,0,0,2,2,N,N,35,NULL,98,9801,NULL,,Y,37.47612,-82.55538,N,NULL,NULL,NULL,NULL,NULL,NULL,NULL,NULL,3,3,2,6,1,5,6,5,6,3,N,NULL,Y,N,2101,2107,,N,NULL,52,,,N,,N,N,,NULL,NULL,2019,O,7.24E+11,098-KY-3417  -000,MEDIUM,098-KY-3417  -000,1.095,0,0,0,0,0,0,1,0,0,0,1,0,0,1
302,72332188,980100,2.02E+11,20190327,1646,,CHLOE,,RD,KY1460,KY1460,,,,N,N,NULL,NULL,NULL,N,NULL,NULL,NULL,NULL,NULL,NULL,4.496,NULL,NULL,NULL,NULL,,NULL,0,0,1,1,N,N,35,NULL,98,9801,NULL,,Y,37.47744,-82.50545,N,NULL,NULL,NULL,NULL,NULL,NULL,NULL,NULL,9,3,2,6,1,1,2,2,6,3,N,NULL,Y,N,1648,1651,1721,N,NULL,70,,0,N,,N,N,,NULL,NULL,2019,O,7.23E+11,098-KY-1460  -000,HIGH,098-KY-1460  -000,4.496,0,0,0,0,0,0,1,0,0,0,0,1,0,1
303,72329857,KSP0900,19-9006,20190319,1450,,TOLER,,RD,KY0319,KY0319,0,098 KY-319,KY0319,N,N,NULL,NULL,NULL,N,NULL,NULL,NULL,NULL,NULL,NULL,4.616,NULL,NULL,NULL,NULL,,NULL,0,0,2,2,N,N,35,NULL,98,9842,NULL,,Y,37.61539,-82.24088,N,NULL,NULL,NULL,NULL,NULL,NULL,NULL,NULL,5,3,2,3,1,1,2,2,7,3,N,NULL,Y,N,1450,1510,1510,N,NULL,70,7,0,Y,,N,N,098-KY-0319-0,NULL,NULL,2019,O,7.23E+11,098-KY-0319  -000,HIGH,098-KY-0319  -000,4.616,0,0,0,0,0,0,1,1,0,0,0,0,0,0
304,72420447,980100,2.02E+11,20191014,806,,KY3495,,,KY3495,KY3495,0,098 KY-3495,KY3495,N,N,NULL,NULL,NULL,N,NULL,NULL,NULL,NULL,NULL,NULL,,NULL,NULL,NULL,NULL,,NULL,0,0,2,2,N,N,35,NULL,98,9801,NULL,,Y,37.4864,-82.5429,N,NULL,NULL,NULL,NULL,NULL,NULL,NULL,NULL,1,3,2,1,1,1,2,2,1,3,N,NULL,Y,N,806,812,,N,NULL,55,17,0,N,,N,N,098-KY-3495-0,NULL,NULL,2019,O,7.24E+11,098-KY-3495  -000,HIGH,098-KY-3495  -000,0,0,0,1,0,0,0,1,1,0,0,0,0,0,1
305,72339473,KSP0900,19-12977,20190415,250,,STONE COAL CREEK,,RD,KY3227,KY3227,0,098 KY-3227,KY3227,N,N,NULL,NULL,NULL,N,NULL,NULL,NULL,NULL,NULL,NULL,1.611,NULL,NULL,NULL,NULL,,NULL,0,0,1,1,N,N,55,NULL,98,9801,1.5,N,N,37.53135,-82.53716,N,NULL,NULL,NULL,NULL,NULL,NULL,NULL,NULL,9,4,1,6,1,1,2,6,6,3,N,NULL,Y,N,250,257,,N,NULL,40,8,0,N,,N,N,098-KY-3227-0,NULL,NULL,2019,O,7.23E+11,098-KY-3227  -000,HIGH,098-KY-3227  -000,1.611,0,0,0,0,0,0,0,0,0,0,0,1,0,0