OBJECTID,MasterFile,AgencyORINumber,LocalCode,CollisionDate,CollisionTime,CollisionDayWeekCode,RoadwayName,RoadwayName_Direction_,RoadwayName_RoadwaySuffix_,RoadwayfromReport,CurrentRoadwayNumber,RoadwayNumberCoupletID,RSEUniqueGIS,RoadwayIdentifier,ParkingLotIndicator,IntersectionWith_Indicator_,IntersectionWith_NameRoadway_,IntersectionWith_Direction_,IntersectionWith_RoadwaySuffix_,BetweenStreets_Indicator_,BetweenStreets1_NameRoadway_,BetweenStreet1_Direction_,BetweenStreets1_RoadwaySuffix_,BetweenStreets2_NameRoadway_,BetweenStreets2_Direction_,BetweenStreets2_RoadwaySuffix_,Milepoint,ReportMilepointDeriveNumber,CurrentDerivedMiepointNumber,MilestoMilepoint,FeettoMilepoint,DirectionfromMilepoint_NSEW_,ValidMilepointIndicator,NumberInjured,NumberKilled,ofUnits,ofMotorVehicleUnits,Hit&RunIndicator,OneWayIndicator,SpeedLimitNumber,KilometersIndicator,CountyCode,CityCountyCode,MilesFromCity,DirectionFromCity_NSEW_,InCityLimitsIndicator,Latitude,Longitude,RampIndicator,RampFromIdentifier,RampFromDirCode,RampFromCoupletID,RSEUniqueGISRampFrom,RampToidentifier,RampToDirCode,RampToCoupletID,RSEUniqueGisRampTo,MannerofCollisionCode,LocationFirstEventCode,TotalLanes,RoadwayCharacterCode,RoadwaySurfaceCode,RoadwayConditionCode,WeatherCode,LightConditionCode,LandUseCode,SchoolBusRelatedCode,FirstAidSceneIndicator,CollDescPresentInd,InvestigationCompleteIndicator,PhotosTakenIndicator,TimeNotified,TimeArrived,TimeRoadwayOpened,PropertyDamageIndicator,DiagramPresentIndicator,DirectionalAnalysis,FunctionClassCode,NationalHwySysCode,EnforcementsIndicator,KARSCityCode,SecondaryCollisionIndicator,MedianCrossoverIndicator,RT_UNIQUE,MapIt,TimeLastLeft,YR,KABCO,MFNY,WorkingRID,RT_CONFIDENCE,KTC_RT,KTC_MP,Motorcyclist,Commercial Vehicle,Young Driver,Mature Driver,Pedestrian,Bicyclist,Distracted,Aggressive,Impaired,Unrestrained,Intersection,Roadway Departure,Median Cross-over,City Crash
306,72321823,980100,2.02E+11,20190301,1436,,CASSIDY,,BLVD,,,0,098 CS-1191,CS1191,Y,N,NULL,NULL,NULL,N,NULL,NULL,NULL,NULL,NULL,NULL,0.242,NULL,NULL,NULL,NULL,,NULL,0,0,2,2,N,N,,NULL,98,9801,NULL,,Y,37.50446,-82.53584,N,NULL,NULL,NULL,NULL,NULL,NULL,NULL,NULL,2,97,,6,1,5,3,2,5,3,N,NULL,Y,N,1436,1446,1446,N,NULL,90,,,N,,N,N,098-CS-1191-0,NULL,NULL,2019,O,7.23E+11,098-CS-1191  -000,HIGH,098-CS-1191  -000,0.242,0,0,0,1,0,0,1,0,0,0,0,0,0,1
307,72438386,KSP0900,19-45080,20191116,1541,,KY194,,,KY0194,KY0194,0,098 KY-194,KY0194,N,N,NULL,NULL,NULL,N,NULL,NULL,NULL,NULL,NULL,NULL,52.262,NULL,NULL,NULL,NULL,,NULL,0,0,1,1,N,N,55,NULL,98,9815,NULL,,Y,37.4838,-82.13374,N,NULL,NULL,NULL,NULL,NULL,NULL,NULL,NULL,9,3,2,6,1,1,2,2,7,3,N,NULL,N,N,1541,1600,1631,Y,NULL,38,8,0,N,,N,N,098-KY-0194-0,NULL,NULL,2019,O,7.24E+11,098-KY-0194  -000,HIGH,098-KY-0194  -000,52.262,0,0,1,0,0,0,0,0,0,0,0,0,0,0
308,72301767,KSP0900,19-749,20190107,1105,,MAYO,N,TRL,US0023,US0023,0,098 US-23,US0023,N,N,NULL,NULL,NULL,N,NULL,NULL,NULL,NULL,NULL,NULL,26.235,NULL,NULL,NULL,NULL,,NULL,1,0,2,2,N,N,55,NULL,98,9801,NULL,,Y,37.50297,-82.53206,N,NULL,NULL,NULL,NULL,NULL,NULL,NULL,NULL,5,3,4,6,1,1,2,2,7,3,N,NULL,Y,Y,1107,1114,,N,NULL,70,,1,N,,N,N,098-US-0023-0,NULL,NULL,2019,B,7.23E+11,098-US-0023  -000,HIGH,098-US-0023  -000,26.235,0,0,0,0,0,0,1,1,0,0,0,0,0,1
309,72330517,980000,19-03-008,20190321,1700,,US119,,,US0119,US0119,0,098 US-119-10,US0119,N,N,NULL,NULL,NULL,N,NULL,NULL,NULL,NULL,NULL,NULL,24.068,NULL,NULL,NULL,NULL,,NULL,0,0,2,2,N,N,45,NULL,98,9834,NULL,,Y,37.6566,-82.27074,N,NULL,NULL,NULL,NULL,NULL,NULL,NULL,NULL,5,3,4,6,1,5,6,2,7,3,N,NULL,Y,Y,1500,1500,1525,N,NULL,49,2,1,N,,N,N,098-US-0119-10,NULL,NULL,2019,O,7.23E+11,098-US-0119  -010,HIGH,098-US-0119  -000,24.068,0,0,1,1,0,0,0,1,0,0,0,0,0,0
310,72313672,KSP0900,19-4135,20190207,1608,,SMITH FORK,,RD,KY3419,KY3419,0,098 KY-3419,KY3419,N,N,NULL,NULL,NULL,N,NULL,NULL,NULL,NULL,NULL,NULL,3.848,NULL,NULL,NULL,NULL,,NULL,0,0,1,1,N,N,45,NULL,98,9811,NULL,,Y,37.47501,-82.18767,N,NULL,NULL,NULL,NULL,NULL,NULL,NULL,NULL,9,6,2,6,1,1,2,2,6,3,N,NULL,Y,Y,1614,1725,1725,Y,NULL,40,9,0,N,,N,N,098-KY-3419-0,NULL,NULL,2019,O,7.23E+11,098-KY-3419  -000,HIGH,098-KY-3419  -000,3.848,0,0,0,1,0,0,0,0,0,0,0,1,0,0
311,72451942,980100,2.02E+11,20191216,1139,,THOMPSON,,RD,,,0,098 CS-1215,CS1215,Y,N,NULL,NULL,NULL,N,NULL,NULL,NULL,NULL,NULL,NULL,,NULL,NULL,NULL,NULL,,NULL,1,0,2,2,N,N,15,NULL,98,9801,NULL,,Y,37.50763,-82.54291,N,NULL,NULL,NULL,NULL,NULL,NULL,NULL,NULL,5,97,2,6,1,5,6,2,1,3,Y,NULL,Y,Y,1140,1153,1216,N,NULL,90,,,N,,N,N,098-CS-1215-0,NULL,NULL,2019,C,7.25E+11,098-CS-1215  -000,HIGH,098-CS-1215  -000,0.514,0,0,0,0,0,0,1,0,0,0,0,0,0,1
312,72461069,980100,2.02E+11,20200108,1617,,KENTUCKY,,AVE,,,0,098 CS-1162,CS1162,Y,N,NULL,NULL,NULL,N,NULL,NULL,NULL,NULL,NULL,NULL,0.311,NULL,NULL,NULL,NULL,,NULL,0,0,2,2,Y,N,,NULL,98,9801,NULL,,Y,37.47837,-82.52193,N,NULL,NULL,NULL,NULL,NULL,NULL,NULL,NULL,5,7,,6,1,1,2,9,8,3,N,NULL,Y,N,1617,1622,1622,N,NULL,90,,,N,,N,N,098-CS-1162-0,NULL,NULL,2020,O,7.25E+11,098-CS-1162  -000,HIGH,098-CS-1162  -000,0.311,0,0,0,0,0,0,0,0,0,0,0,0,0,1
313,72318020,980100,2.02E+11,20190218,524,,US23,,,US0023,US0023,0,098 US-23,US0023,N,N,NULL,NULL,NULL,N,NULL,NULL,NULL,NULL,NULL,NULL,23.062,NULL,NULL,NULL,NULL,,NULL,2,0,3,3,N,N,55,NULL,98,9801,NULL,,Y,37.46584,-82.52813,N,NULL,NULL,NULL,NULL,NULL,NULL,NULL,NULL,5,3,4,6,1,5,2,5,7,3,Y,NULL,Y,Y,526,528,603,N,NULL,70,,1,N,,N,N,098-US-0023-0,NULL,NULL,2019,C,7.23E+11,098-US-0023  -000,HIGH,098-US-0023  -000,23.062,0,0,0,1,0,0,1,0,0,0,0,0,0,1
314,72349500,KSP0900,19-14509,20190425,530,,US119,,,US0119,US0119,0,098 US-119,US0119,N,N,NULL,NULL,NULL,N,NULL,NULL,NULL,NULL,NULL,NULL,11.605,NULL,NULL,NULL,NULL,,NULL,0,0,1,1,N,N,55,NULL,98,9820,NULL,,Y,37.59248,-82.38049,N,NULL,NULL,NULL,NULL,NULL,NULL,NULL,NULL,9,3,2,4,1,1,3,6,7,3,N,NULL,Y,N,530,620,530,N,NULL,38,2,1,N,,N,N,098-US-0119-0,NULL,NULL,2019,O,7.23E+11,098-US-0119  -000,HIGH,098-US-0119  -000,11.605,0,0,0,0,0,0,0,0,0,0,0,0,0,0
315,72404377,KSP0900,19-33971,20190831,2219,,KY1426,,,KY1426,KY1426,0,098 KY-1426,KY1426,N,N,NULL,NULL,NULL,N,NULL,NULL,NULL,NULL,NULL,NULL,12.538,NULL,NULL,NULL,NULL,,NULL,0,0,1,1,N,N,55,NULL,98,9828,NULL,,Y,37.5434,-82.46776,N,NULL,NULL,NULL,NULL,NULL,NULL,NULL,NULL,9,6,2,3,1,1,2,6,7,3,N,NULL,N,Y,2221,2255,2255,N,NULL,44,7,0,N,,N,N,098-KY-1426-0,NULL,NULL,2019,O,7.24E+11,098-KY-1426  -000,HIGH,098-KY-1426  -000,12.538,0,0,0,0,0,0,0,0,0,0,0,1,0,0
316,72331017,KSP0900,19-9146,20190320,1340,,KY194,,,KY0194,KY0194,0,098 KY-194,KY0194,Y,N,NULL,NULL,NULL,N,NULL,NULL,NULL,NULL,NULL,NULL,25.051,NULL,NULL,NULL,NULL,,NULL,0,0,2,2,N,N,5,NULL,98,9832,NULL,,Y,37.51643,-82.36125,N,NULL,NULL,NULL,NULL,NULL,NULL,NULL,NULL,2,97,2,6,2,1,2,2,1,3,N,NULL,N,N,1344,1424,1430,N,NULL,90,6,0,N,,N,N,098-KY-0194-0,NULL,NULL,2019,O,7.23E+11,098-KY-0194  -000,HIGH,098-KY-0194  -000,25.051,0,0,0,1,0,0,1,0,0,0,0,0,0,0
317,72458438,980000,19-12-008,20191226,1630,,KY122,,,KY0122,KY0122,0,098 KY-122,KY0122,N,N,NULL,NULL,NULL,N,NULL,NULL,NULL,NULL,NULL,NULL,7.391,NULL,NULL,NULL,NULL,,NULL,0,0,1,1,N,N,55,NULL,98,9827,NULL,,Y,37.37603,-82.58606,N,NULL,NULL,NULL,NULL,NULL,NULL,NULL,NULL,9,5,2,6,1,1,2,2,7,3,N,NULL,Y,Y,1615,1630,1630,N,NULL,51,,0,N,,N,N,098-KY-0122-0,NULL,NULL,2019,O,7.25E+11,098-KY-0122  -000,HIGH,098-KY-0122  -000,7.391,0,0,1,0,0,0,0,0,0,0,0,1,0,0
318,72320368,980100,20190002419,20190223,1900,,THOMPSON,,RD,,,0,098 CS-1215,CS1215,Y,N,NULL,NULL,NULL,N,NULL,NULL,NULL,NULL,NULL,NULL,0.553,NULL,NULL,NULL,NULL,NULL,NULL,0,0,2,2,N,N,10,NULL,98,9801,NULL,,Y,37.50581,-82.54274,N,NULL,NULL,NULL,NULL,NULL,NULL,NULL,NULL,7,97,2,6,1,5,6,5,1,3,N,NULL,N,N,1900,1918,1918,N,NULL,90,,,N,,N,N,098-CS-1215-0,NULL,NULL,2019,O,7.23E+11,098-CS-1215  -000,HIGH,098-CS-1215  -000,0.553,0,0,0,0,0,0,0,0,0,0,0,0,0,1
319,72431936,KSP0900,19-43482,20191105,105,,COLLINS,,HWY,KY0122,KY0122,0,098 KY-122,KY0122,N,N,NULL,NULL,NULL,N,NULL,NULL,NULL,NULL,NULL,NULL,15.124,NULL,NULL,NULL,NULL,,NULL,0,0,1,1,N,N,35,NULL,98,9824,NULL,,Y,37.41619,-82.49466,N,NULL,NULL,NULL,NULL,NULL,NULL,NULL,NULL,9,5,2,3,1,1,2,6,6,3,N,NULL,Y,N,239,249,318,N,NULL,44,,0,Y,,N,N,098-KY-0122-0,NULL,NULL,2019,O,7.24E+11,098-KY-0122  -000,HIGH,098-KY-0122  -000,15.124,0,0,0,0,0,0,0,0,0,0,0,1,0,0
320,72300139,KSP0900,19-198,20190102,1826,,KY1056,,,KY1056,KY1056,0,098 KY-1056,KY1056,Y,N,NULL,NULL,NULL,N,NULL,NULL,NULL,NULL,NULL,NULL,11.46,NULL,NULL,NULL,NULL,,NULL,0,0,2,2,Y,N,10,NULL,98,9863,NULL,,Y,37.61916,-82.16669,N,NULL,NULL,NULL,NULL,NULL,NULL,NULL,NULL,3,7,2,6,1,1,2,5,1,3,N,NULL,Y,N,1826,1700,1826,N,NULL,90,7,0,N,,N,N,098-KY-1056-0,NULL,NULL,2019,O,7.23E+11,098-KY-1056  -000,HIGH,098-KY-1056  -000,11.46,0,0,0,0,0,0,0,0,0,0,0,0,0,0
321,72552289,KSP0900,20-738982,20201012,2016,,KY195,,,KY0195,KY0195,0,098 KY-195,KY0195,N,N,NULL,NULL,NULL,N,NULL,NULL,NULL,NULL,NULL,NULL,4.992,NULL,NULL,NULL,NULL,,NULL,0,0,1,1,N,N,35,NULL,98,9802,NULL,,Y,37.31399,-82.47383,N,NULL,NULL,NULL,NULL,NULL,NULL,NULL,NULL,9,4,2,3,1,1,3,6,7,3,N,NULL,Y,Y,2016,2110,2130,N,NULL,40,8,0,N,,N,N,098-KY-0195-0,NULL,NULL,2020,O,7.26E+11,098-KY-0195  -000,HIGH,098-KY-0195  -000,4.992,0,0,0,0,0,0,1,0,0,0,0,1,0,0
322,72303242,KSP0900,19-930,20190108,,,US460,,,US0460,US0460,0,098 US-460,US0460,Y,N,NULL,NULL,NULL,N,NULL,NULL,NULL,NULL,NULL,NULL,5.09,NULL,NULL,NULL,NULL,,NULL,0,0,2,2,Y,N,15,NULL,98,9832,NULL,,Y,37.41029,-82.44865,N,NULL,NULL,NULL,NULL,NULL,NULL,NULL,NULL,8,7,2,6,1,1,2,5,8,3,N,NULL,Y,N,1918,1950,1918,N,NULL,90,,1,N,,N,N,098-US-0460-0,NULL,NULL,2019,O,7.23E+11,098-US-0460  -000,HIGH,098-US-0460  -000,5.09,0,0,0,0,0,0,0,0,0,0,0,0,0,0
323,72311976,980500,2019AR010,20190204,1048,,US23,,,US0023,US0023,0,098 US-23-10,US0023,N,Y,US23 CROSSOVER,,,N,NULL,NULL,NULL,NULL,NULL,NULL,29.203,NULL,NULL,NULL,NULL,,NULL,2,0,2,2,N,N,45,NULL,98,9807,NULL,,Y,37.52655,-82.57386,N,NULL,NULL,NULL,NULL,NULL,NULL,NULL,NULL,1,3,6,6,1,1,2,2,1,3,Y,NULL,Y,Y,1052,1055,1135,N,NULL,8,,1,N,,N,N,098-US-0023-10,NULL,NULL,2019,C,7.23E+11,098-US-0023  -010,HIGH,098-US-0023  -000,29.203,0,0,0,1,0,0,0,0,0,0,1,0,0,0
324,72459776,KSP0900,20-0221,20200102,1713,,TOLER,,RD,KY0319,KY0319,0,098 KY-319,KY0319,N,N,NULL,NULL,NULL,N,NULL,NULL,NULL,NULL,NULL,NULL,5.962,NULL,NULL,NULL,NULL,,NULL,4,0,2,2,Y,N,45,NULL,98,9836,NULL,,Y,37.63205,-82.24957,N,NULL,NULL,NULL,NULL,NULL,NULL,NULL,NULL,3,3,2,3,1,5,2,4,7,3,Y,NULL,Y,Y,1713,1749,1959,N,NULL,52,7,0,N,,N,N,098-KY-0319-0,NULL,NULL,2020,B,7.25E+11,098-KY-0319  -000,HIGH,098-KY-0319  -000,5.962,0,0,0,0,0,0,0,0,0,1,0,1,0,0
325,72362621,KSP0900,19-19819,20190530,1028,,US460,,,US0460,US0460,0,098 US-460,US0460,N,N,NULL,NULL,NULL,N,NULL,NULL,NULL,NULL,NULL,NULL,2.678,NULL,NULL,NULL,NULL,,NULL,1,0,2,2,N,N,55,NULL,98,9801,NULL,,Y,37.43135,-82.48093,N,NULL,NULL,NULL,NULL,NULL,NULL,NULL,NULL,1,3,2,6,1,1,3,2,7,3,N,NULL,Y,N,1030,1044,,N,NULL,55,,1,N,,N,N,098-US-0460-0,NULL,NULL,2019,C,7.24E+11,098-US-0460  -000,HIGH,098-US-0460  -000,2.678,0,0,0,0,0,0,1,1,0,0,0,0,0,0
326,72301608,KSP0900,19-877,20190108,1230,,US 23 CONNECTOR TO KY 122,,,US0023,US0023,0,098 US-23-70,US0023,N,N,NULL,NULL,NULL,N,NULL,NULL,NULL,NULL,NULL,NULL,0.008,NULL,NULL,NULL,NULL,,NULL,1,0,2,2,N,N,55,NULL,98,9801,3,S,N,37.38926,-82.53644,N,NULL,NULL,NULL,NULL,NULL,NULL,NULL,NULL,5,3,4,6,1,1,2,2,7,3,N,NULL,Y,N,1230,1240,1242,N,NULL,49,,1,N,,N,N,098-US-0023-70,NULL,NULL,2019,C,7.23E+11,098-US-0023  -030,MEDIUM,098-US-0023  -030,0.008,0,0,0,1,0,0,1,0,0,0,0,0,0,0
327,72500486,KSP0900,20-16931,20200506,719,,MAIN ST CONN,,,,,0,098 CS-3000-71,CS3000,N,N,NULL,NULL,NULL,N,NULL,NULL,NULL,NULL,NULL,NULL,0.013,NULL,NULL,NULL,NULL,,NULL,0,0,2,2,N,N,35,NULL,98,9807,NULL,,Y,37.51898,-82.56613,N,NULL,NULL,NULL,NULL,NULL,NULL,NULL,NULL,2,3,2,4,1,5,2,1,7,3,N,NULL,Y,N,719,745,,N,NULL,56,,,N,,N,N,098-CS-3000-71,NULL,NULL,2020,O,7.25E+11,098-CS-3000  -071,HIGH,098-CS-3000  -071,0.013,0,0,0,0,0,0,0,0,0,0,0,0,0,0
328,72300067,KSP0900,19-708,20190106,2221,,FERRELLS CREEK,,RD,US0460,US0460,0,098 US-460,US0460,N,N,NULL,NULL,NULL,N,NULL,NULL,NULL,NULL,NULL,NULL,20.772,NULL,NULL,NULL,NULL,,NULL,0,0,1,1,N,N,55,NULL,98,9847,21,E,N,37.37478,-82.28092,N,NULL,NULL,NULL,NULL,NULL,NULL,NULL,NULL,9,3,2,5,1,1,3,6,7,3,N,NULL,Y,Y,2223,2307,2307,N,NULL,70,,1,N,,N,N,098-US-0460-0,NULL,NULL,2019,O,7.23E+11,098-US-0460  -000,HIGH,098-US-0460  -000,20.772,0,0,0,0,0,0,0,0,0,0,0,0,0,0
329,72358620,980100,2.02E+11,20190528,1233,,CASSIDY,,BLVD,,,0,098 CS-1191,CS1191,N,N,NULL,NULL,NULL,N,NULL,NULL,NULL,NULL,NULL,NULL,,NULL,NULL,NULL,NULL,,NULL,0,0,2,2,N,Y,15,NULL,98,9801,NULL,,Y,37.50631,-82.53948,N,NULL,NULL,NULL,NULL,NULL,NULL,NULL,NULL,2,97,1,6,1,1,2,2,1,3,N,NULL,N,N,1236,1244,,N,NULL,56,,,N,,N,N,098-CS-1191-0,NULL,NULL,2019,O,7.24E+11,098-CS-1191  -000,HIGH,098-CS-1191  -000,0.375,0,0,0,1,0,0,1,0,0,0,0,0,0,1
330,72326494,980000,190303,20190307,1230,,SHADES,,BR,,,0,098 CR-1833AA,CR1833AA,Y,N,NULL,NULL,NULL,N,NULL,NULL,NULL,NULL,NULL,NULL,0.089,NULL,NULL,NULL,NULL,,NULL,0,0,2,2,N,N,,NULL,98,9804,NULL,,Y,37.50902,-82.14648,N,NULL,NULL,NULL,NULL,NULL,NULL,NULL,NULL,2,97,,6,1,1,2,2,5,3,N,NULL,Y,Y,1640,1655,1720,N,NULL,90,,,N,,N,N,098-CR-1833AA-0,NULL,NULL,2019,O,7.23E+11,098-CR-1833AA-000,HIGH,098-CR-1833AA-000,0.089,0,0,0,0,0,0,1,0,0,0,0,0,0,0
331,72367078,980100,2.02E+11,20190615,910,,JUSTICE WAY,,,,,,,,Y,N,NULL,NULL,NULL,N,NULL,NULL,NULL,NULL,NULL,NULL,,NULL,NULL,NULL,NULL,NULL,NULL,0,0,2,2,N,N,15,NULL,98,9801,NULL,,Y,37.50714,-82.54418,N,NULL,NULL,NULL,NULL,NULL,NULL,NULL,NULL,2,97,1,6,1,1,2,2,6,3,N,NULL,Y,N,910,919,919,N,NULL,90,,,N,,N,N,,NULL,NULL,2019,O,7.24E+11,098-CS-1216  -000,MEDIUM,098-CS-1216  -000,0.039,0,0,0,0,0,0,1,0,0,0,0,0,0,1
332,72385531,KSP0900,19-26701,20190714,120,,KY197,,,KY0197,KY0197,0,098 KY-197,KY0197,N,N,NULL,NULL,NULL,N,NULL,NULL,NULL,NULL,NULL,NULL,4.804,NULL,NULL,NULL,NULL,,NULL,0,0,1,1,Y,N,55,NULL,98,9802,11,S,N,37.24276,-82.50672,N,NULL,NULL,NULL,NULL,NULL,NULL,NULL,NULL,9,97,2,6,1,1,2,4,6,3,N,NULL,Y,N,120,219,,Y,NULL,70,7,0,N,,N,N,098-KY-0197-0,NULL,NULL,2019,O,7.24E+11,098-KY-0197  -000,HIGH,098-KY-0197  -000,4.804,0,0,0,0,0,0,0,0,0,0,0,1,0,0
333,72403418,980100,2.02E+11,20190905,1214,,TRIVETTE,,DR,,,,,,Y,N,NULL,NULL,NULL,N,NULL,NULL,NULL,NULL,NULL,NULL,0.019,NULL,NULL,NULL,NULL,,NULL,0,0,2,2,N,N,,NULL,98,9801,NULL,,Y,37.48225,-82.51524,N,NULL,NULL,NULL,NULL,NULL,NULL,NULL,NULL,2,97,2,6,1,1,2,2,1,3,N,NULL,Y,N,1216,1220,,N,NULL,90,,,N,,N,N,,NULL,NULL,2019,O,7.24E+11,098-CS-1114  -000,HIGH,098-CS-1114  -000,0.019,0,0,1,0,0,0,1,0,0,0,0,0,0,1
334,72367788,980500,2019AR045,20190614,1435,,US23,,,US0023,US0023,0,098 US-23-10,US0023,N,N,NULL,NULL,NULL,N,NULL,NULL,NULL,NULL,NULL,NULL,27.477,NULL,NULL,NULL,NULL,,NULL,0,0,2,2,N,N,55,NULL,98,9807,NULL,,Y,37.51128,-82.55052,N,NULL,NULL,NULL,NULL,NULL,NULL,NULL,NULL,5,3,6,6,1,1,2,2,1,3,N,NULL,Y,Y,1435,1441,1458,N,NULL,49,,1,N,,N,N,098-US-0023-10,NULL,NULL,2019,O,7.24E+11,098-US-0023  -010,HIGH,098-US-0023  -000,27.477,0,0,0,1,0,0,1,0,0,0,0,0,0,1
335,72393548,980100,2.02E+11,20190814,1645,,BAIRD,,AVE,KY1426,KY1426,,,,Y,N,NULL,NULL,NULL,N,NULL,NULL,NULL,NULL,NULL,NULL,5.385,NULL,NULL,NULL,NULL,,NULL,0,0,2,2,N,N,15,NULL,98,9801,NULL,,Y,37.47293,-82.5276,N,NULL,NULL,NULL,NULL,NULL,NULL,NULL,NULL,1,97,,6,1,1,2,2,1,3,N,NULL,N,N,1645,1652,,N,NULL,90,,0,Y,,N,N,,NULL,NULL,2019,O,7.24E+11,098-KY-1426  -000,HIGH,098-KY-1426  -000,5.385,0,0,0,0,0,0,1,0,1,0,0,0,0,1
336,72979669,KSP0900,23-473126,20231128,753,,US460,,,US0460,US0460,0,098 US-460,US0460,N,N,NULL,NULL,NULL,N,NULL,NULL,NULL,NULL,NULL,NULL,9.863,NULL,NULL,NULL,NULL,,NULL,3,0,3,3,N,N,55,NULL,98,9830,NULL,,Y,37.36402,-82.40723,N,NULL,NULL,NULL,NULL,NULL,NULL,NULL,NULL,3,3,2,6,1,1,2,2,7,3,Y,NULL,Y,Y,753,808,845,N,NULL,52,,1,N,,Y,Y,098-US-0460-0,NULL,NULL,2023,C,7.30E+11,098-US-0460  -000,HIGH,098-US-0460  -000,9.844,0,0,0,0,0,0,1,0,0,0,0,1,1,0
337,72422710,KSP0900,19-40769,20191016,1441,,US460,,,US0460,US0460,0,098 US-460,US0460,N,N,NULL,NULL,NULL,N,NULL,NULL,NULL,NULL,NULL,NULL,3.441,NULL,NULL,NULL,NULL,,NULL,0,0,2,2,N,N,55,NULL,98,9801,4,SE,N,37.42469,-82.46992,N,NULL,NULL,NULL,NULL,NULL,NULL,NULL,NULL,1,3,2,6,2,1,3,2,7,3,N,NULL,Y,N,1441,1441,1510,N,NULL,55,,1,Y,,N,N,098-US-0460-0,NULL,NULL,2019,O,7.24E+11,098-US-0460  -000,HIGH,098-US-0460  -000,3.441,0,0,1,0,0,0,0,1,0,0,0,1,0,0
338,72635821,KSP0900,21-242594,20210613,1037,,US460,,,US0460,US0460,0,098 US-460,US0460,N,N,NULL,NULL,NULL,N,NULL,NULL,NULL,NULL,NULL,NULL,6.694,NULL,NULL,NULL,NULL,,NULL,0,0,2,2,N,N,55,NULL,98,9832,NULL,,Y,37.39394,-82.43314,N,NULL,NULL,NULL,NULL,NULL,NULL,NULL,NULL,4,3,2,6,1,1,2,2,7,3,N,NULL,Y,N,1039,1044,1100,N,NULL,70,,1,N,,N,Y,098-US-0460-0,NULL,NULL,2021,O,7.26E+11,098-US-0460  -000,HIGH,098-US-0460  -000,6.694,0,0,1,0,0,0,1,0,0,0,0,0,0,0
339,72342361,980000,19-04-004,20190419,1705,,RIGHT FORK OF BRUSHY,,RD,,,0,098 CR-1360Q4,CR1360Q4,N,N,NULL,NULL,NULL,N,NULL,NULL,NULL,NULL,NULL,NULL,5.648,NULL,NULL,NULL,NULL,,NULL,0,0,2,2,N,N,35,NULL,98,9853,NULL,,Y,37.60342,-82.44672,N,NULL,NULL,NULL,NULL,NULL,NULL,NULL,NULL,7,3,1,2,1,5,6,2,7,3,N,NULL,N,Y,1705,1745,1705,N,NULL,54,,,N,,N,N,098-CR-1360Q4-0,NULL,NULL,2019,O,7.23E+11,098-CR-1360Q4-000,HIGH,098-CR-1360Q4-000,5.648,0,0,0,0,0,0,0,1,0,0,0,1,0,0
340,72382160,KSP0900,19-25975,20190709,1000,,SHELBY DRY,,FRK,,,0,098 CR-1257,CR1257,N,N,NULL,NULL,NULL,N,NULL,NULL,NULL,NULL,NULL,NULL,2.716,NULL,NULL,NULL,NULL,,NULL,0,0,2,2,N,N,35,NULL,98,9824,NULL,,Y,37.38858,-82.49339,N,NULL,NULL,NULL,NULL,NULL,NULL,NULL,NULL,6,3,2,5,1,1,2,2,7,3,N,NULL,N,N,945,1000,,N,NULL,70,,,N,,N,N,098-CR-1257-0,NULL,NULL,2019,O,7.24E+11,098-CR-1257  -000,HIGH,098-CR-1257  -000,2.716,0,0,0,1,0,0,1,0,0,0,0,0,0,0
341,72338225,KSP0900,19-11276,20190404,922,,ELKHORN,,CRK,KY0197,KY0197,0,098 KY-197,KY0197,N,N,NULL,NULL,NULL,N,NULL,NULL,NULL,NULL,NULL,NULL,1.091,NULL,NULL,NULL,NULL,,NULL,2,0,2,2,N,N,55,NULL,98,9867,3,N,N,37.21669,-82.54494,N,NULL,NULL,NULL,NULL,NULL,NULL,NULL,NULL,1,3,2,1,1,1,2,2,7,3,Y,NULL,Y,Y,924,1006,1100,N,NULL,55,7,0,N,,N,N,098-KY-0197-0,NULL,NULL,2019,C,7.23E+11,098-KY-0197  -000,HIGH,098-KY-0197  -000,1.091,0,0,0,0,0,0,1,0,0,0,0,0,0,0
342,72306272,980100,2.02E+11,20190122,1644,,MAYO,S,TRL,,,,,,Y,N,NULL,NULL,NULL,N,NULL,NULL,NULL,NULL,NULL,NULL,,NULL,NULL,NULL,NULL,NULL,NULL,0,0,2,2,N,N,15,NULL,98,9801,NULL,,Y,37.43708,-82.51128,N,NULL,NULL,NULL,NULL,NULL,NULL,NULL,NULL,2,97,,6,1,1,2,2,1,3,N,NULL,Y,N,1644,1700,,N,NULL,90,,,N,,N,N,,NULL,NULL,2019,O,7.23E+11,098-US-0460  -000,MEDIUM,098-US-0460  -000,0.4,0,0,0,1,0,0,1,0,0,0,0,0,0,1
343,72501361,980100,2.02E+11,20200513,1252,,US119 TURN LANE FROM US23 N,,,US0119,US0119,0,098 US-119-20,US0119,N,N,NULL,NULL,NULL,N,NULL,NULL,NULL,NULL,NULL,NULL,0.057,NULL,NULL,NULL,NULL,,NULL,0,0,1,1,N,N,55,NULL,98,9801,NULL,,Y,37.50386,-82.5312,N,NULL,NULL,NULL,NULL,NULL,NULL,NULL,NULL,9,5,2,3,1,5,6,2,1,3,N,NULL,Y,N,1252,1258,1258,Y,NULL,40,2,1,N,,N,N,098-US-0119-20,NULL,NULL,2020,O,7.25E+11,098-US-0119  -020,HIGH,098-US-0119  -020,0.057,0,0,0,0,0,0,0,0,0,0,0,1,0,1