OBJECTID,MasterFile,AgencyORINumber,LocalCode,CollisionDate,CollisionTime,CollisionDayWeekCode,RoadwayName,RoadwayName_Direction_,RoadwayName_RoadwaySuffix_,RoadwayfromReport,CurrentRoadwayNumber,RoadwayNumberCoupletID,RSEUniqueGIS,RoadwayIdentifier,ParkingLotIndicator,IntersectionWith_Indicator_,IntersectionWith_NameRoadway_,IntersectionWith_Direction_,IntersectionWith_RoadwaySuffix_,BetweenStreets_Indicator_,BetweenStreets1_NameRoadway_,BetweenStreet1_Direction_,BetweenStreets1_RoadwaySuffix_,BetweenStreets2_NameRoadway_,BetweenStreets2_Direction_,BetweenStreets2_RoadwaySuffix_,Milepoint,ReportMilepointDeriveNumber,CurrentDerivedMiepointNumber,MilestoMilepoint,FeettoMilepoint,DirectionfromMilepoint_NSEW_,ValidMilepointIndicator,NumberInjured,NumberKilled,ofUnits,ofMotorVehicleUnits,Hit&RunIndicator,OneWayIndicator,SpeedLimitNumber,KilometersIndicator,CountyCode,CityCountyCode,MilesFromCity,DirectionFromCity_NSEW_,InCityLimitsIndicator,Latitude,Longitude,RampIndicator,RampFromIdentifier,RampFromDirCode,RampFromCoupletID,RSEUniqueGISRampFrom,RampToidentifier,RampToDirCode,RampToCoupletID,RSEUniqueGisRampTo,MannerofCollisionCode,LocationFirstEventCode,TotalLanes,RoadwayCharacterCode,RoadwaySurfaceCode,RoadwayConditionCode,WeatherCode,LightConditionCode,LandUseCode,SchoolBusRelatedCode,FirstAidSceneIndicator,CollDescPresentInd,InvestigationCompleteIndicator,PhotosTakenIndicator,TimeNotified,TimeArrived,TimeRoadwayOpened,PropertyDamageIndicator,DiagramPresentIndicator,DirectionalAnalysis,FunctionClassCode,NationalHwySysCode,EnforcementsIndicator,KARSCityCode,SecondaryCollisionIndicator,MedianCrossoverIndicator,RT_UNIQUE,MapIt,TimeLastLeft,YR,KABCO,MFNY,WorkingRID,RT_CONFIDENCE,KTC_RT,KTC_MP,Motorcyclist,Commercial Vehicle,Young Driver,Mature Driver,Pedestrian,Bicyclist,Distracted,Aggressive,Impaired,Unrestrained,Intersection,Roadway Departure,Median Cross-over,City Crash
344,72431103,980100,2.02E+11,20191030,734,,CHLOE,,RD,KY1460,KY1460,0,098 KY-1460,KY1460,N,N,NULL,NULL,NULL,N,NULL,NULL,NULL,NULL,NULL,NULL,3.77,NULL,NULL,NULL,NULL,,NULL,0,0,1,1,N,N,35,NULL,98,9801,NULL,,Y,37.4772,-82.49388,N,NULL,NULL,NULL,NULL,NULL,NULL,NULL,NULL,9,3,2,6,1,1,3,2,7,3,N,NULL,Y,N,735,737,737,N,NULL,38,,0,N,,N,N,098-KY-1460-0,NULL,NULL,2019,O,7.24E+11,098-KY-1460  -000,HIGH,098-KY-1460  -000,3.77,0,0,0,0,0,0,0,0,0,0,0,0,0,1
345,72403356,KSP0900,19-34631,20190905,1436,,LOWER OLD HOUSE,,BR,,,0,098 CR-1589,CR1589,N,N,NULL,NULL,NULL,N,NULL,NULL,NULL,NULL,NULL,NULL,0.1,NULL,NULL,NULL,NULL,,NULL,1,0,1,1,N,N,25,NULL,98,9863,NULL,,Y,37.61685,-82.1797,N,NULL,NULL,NULL,NULL,NULL,NULL,NULL,NULL,9,3,1,6,3,1,2,2,7,3,Y,NULL,Y,Y,1430,1445,1445,N,NULL,44,,,N,,N,N,098-CR-1589-0,NULL,NULL,2019,C,7.24E+11,098-CR-1589  -000,HIGH,098-CR-1589  -000,0.1,0,0,0,0,0,0,1,0,0,1,0,1,0,0
346,72367170,980100,2.02E+11,20190614,1507,,WALTERS,,RD,,,0,098 CS-1074,CS1074,N,N,NULL,NULL,NULL,N,NULL,NULL,NULL,NULL,NULL,NULL,1.177,NULL,NULL,NULL,NULL,,NULL,0,0,4,4,N,N,35,NULL,98,9801,NULL,,Y,37.48986,-82.48146,N,NULL,NULL,NULL,NULL,NULL,NULL,NULL,NULL,1,97,1,6,1,1,2,2,5,3,N,NULL,Y,N,1507,1514,1514,N,NULL,47,,,Y,,N,N,098-CS-1074-0,NULL,NULL,2019,O,7.24E+11,098-CS-1074  -000,HIGH,098-CS-1074  -000,1.177,0,0,0,0,0,0,0,0,0,0,0,0,0,1
347,72303194,KSP0900,19-1617,20190115,712,,US23,,,US0023,US0023,0,098 US-23-10,US0023,N,N,NULL,NULL,NULL,N,NULL,NULL,NULL,NULL,NULL,NULL,17.584,NULL,NULL,NULL,NULL,,NULL,1,0,2,2,N,N,55,NULL,98,9801,3,S,N,37.42356,-82.51699,N,NULL,NULL,NULL,NULL,NULL,NULL,NULL,NULL,5,3,4,4,1,5,5,1,7,3,Y,NULL,Y,N,712,747,815,N,NULL,49,,1,N,,N,N,098-US-0023-10,NULL,NULL,2019,C,7.23E+11,098-US-0023  -010,HIGH,098-US-0023  -000,17.584,0,0,0,1,0,0,0,0,0,0,0,0,0,1
348,72358363,980100,2.02E+11,20190521,1650,,KY1426,,,KY1426,KY1426,,,,N,N,NULL,NULL,NULL,N,NULL,NULL,NULL,NULL,NULL,NULL,7.376,NULL,NULL,NULL,NULL,,NULL,3,0,3,3,N,N,45,NULL,98,9801,NULL,,Y,37.4901,-82.50253,N,NULL,NULL,NULL,NULL,NULL,NULL,NULL,NULL,5,3,2,6,1,1,2,2,7,3,Y,NULL,Y,Y,1650,1653,1723,N,NULL,49,,0,N,,N,N,,NULL,NULL,2019,B,7.24E+11,098-KY-1426  -000,HIGH,098-KY-1426  -000,7.376,0,0,1,1,0,0,1,0,0,0,0,0,0,1
349,72427792,980100,2.02E+11,20191026,1431,,US23,,,US0023,US0023,0,098 US-23,US0023,N,N,NULL,NULL,NULL,N,NULL,NULL,NULL,NULL,NULL,NULL,26.233,NULL,NULL,NULL,NULL,,NULL,0,0,2,2,N,N,55,NULL,98,9801,NULL,,Y,37.50294,-82.53205,N,NULL,NULL,NULL,NULL,NULL,NULL,NULL,NULL,5,3,4,6,1,1,3,2,7,3,N,NULL,N,N,1431,1431,1431,N,NULL,70,,1,N,,N,N,098-US-0023-0,NULL,NULL,2019,O,7.24E+11,098-US-0023  -000,HIGH,098-US-0023  -000,26.233,0,0,1,0,0,0,1,0,0,0,0,0,0,1
350,72434036,980100,2.02E+11,20191108,2047,,US23,,,US0023,US0023,,,,N,N,NULL,NULL,NULL,N,NULL,NULL,NULL,NULL,NULL,NULL,25.211,NULL,NULL,NULL,NULL,,NULL,0,0,1,1,N,N,55,NULL,98,9801,NULL,,Y,37.49033,-82.53746,N,NULL,NULL,NULL,NULL,NULL,NULL,NULL,NULL,9,3,4,6,1,1,2,6,1,3,N,NULL,Y,N,2047,2053,,N,NULL,38,,1,N,,N,N,,NULL,NULL,2019,O,7.24E+11,098-US-0023  -000,MEDIUM,098-US-0023  -000,25.211,0,0,0,0,0,0,0,0,0,0,0,0,0,1
351,72404161,980100,2.02E+11,20190907,1856,,CASSIDY,,BLVD,,,0,098 CS-1191,CS1191,Y,N,NULL,NULL,NULL,N,NULL,NULL,NULL,NULL,NULL,NULL,,NULL,NULL,NULL,NULL,NULL,NULL,0,0,2,2,N,N,,NULL,98,9801,NULL,,Y,37.50616,-82.53732,N,NULL,NULL,NULL,NULL,NULL,NULL,NULL,NULL,2,97,,6,1,1,2,2,1,3,N,NULL,Y,N,1903,1916,1916,N,NULL,90,,,N,,N,N,098-CS-1191-0,NULL,NULL,2019,O,7.24E+11,098-CS-1191  -000,HIGH,098-CS-1191  -000,0.328,0,0,1,0,0,0,1,0,0,0,0,0,0,1
352,72448725,KSP0900,19-00048197,20191209,1917,,MCCOY,,BR,,,0,098 CR-1056,CR1056,N,N,NULL,NULL,NULL,N,NULL,NULL,NULL,NULL,NULL,NULL,0.103,NULL,NULL,NULL,NULL,,NULL,3,0,1,1,N,N,35,NULL,98,9869,NULL,,Y,37.63082,-82.22286,N,NULL,NULL,NULL,NULL,NULL,NULL,NULL,NULL,9,3,2,4,1,5,3,7,7,3,N,NULL,Y,Y,1917,1925,2011,N,NULL,38,,,N,,N,N,098-CR-1056-0,NULL,NULL,2019,C,7.24E+11,098-CR-1056  -000,HIGH,098-CR-1056  -000,0.103,0,0,0,0,0,0,0,0,0,0,0,1,0,0
353,72334767,980100,2.02E+11,20190403,733,,BAIRD,,AVE,KY1426,KY1426,0,098 KY-1426,KY1426,N,N,NULL,NULL,NULL,N,NULL,NULL,NULL,NULL,NULL,NULL,5.393,NULL,NULL,NULL,NULL,,NULL,0,0,2,2,N,N,55,NULL,98,9801,NULL,,Y,37.4733,-82.52711,N,NULL,NULL,NULL,NULL,NULL,NULL,NULL,NULL,1,3,2,6,1,1,2,2,1,3,N,NULL,Y,N,733,751,751,N,NULL,55,,0,N,,N,N,098-KY-1426-0,NULL,NULL,2019,O,7.23E+11,098-KY-1426  -000,HIGH,098-KY-1426  -000,5.393,0,0,0,0,0,0,1,0,0,0,0,0,0,1
354,72359149,980100,2.02E+11,20190516,1416,,HAROLDS BRANCH,,RD,,,0,098 CS-1223,CS1223,N,N,NULL,NULL,NULL,N,NULL,NULL,NULL,NULL,NULL,NULL,0.064,NULL,NULL,NULL,NULL,,NULL,0,0,3,3,N,N,15,NULL,98,9801,NULL,,Y,37.47198,-82.52224,N,NULL,NULL,NULL,NULL,NULL,NULL,NULL,NULL,7,97,2,6,2,1,2,2,1,3,N,NULL,Y,N,1416,1416,,N,NULL,54,,,N,,N,N,098-CS-1223-0,NULL,NULL,2019,O,7.24E+11,098-CS-1223  -000,HIGH,098-CS-1223  -000,0.064,0,0,0,1,0,0,1,0,0,0,0,1,0,1
355,72327876,KSP0900,19-7505,20190307,2051,,COLLINS,,HWY,KY0122,KY0122,0,098 KY-122,KY0122,N,N,NULL,NULL,NULL,N,NULL,NULL,NULL,NULL,NULL,NULL,15.147,NULL,NULL,NULL,NULL,,NULL,1,0,2,2,N,N,55,NULL,98,9801,NULL,,Y,37.4165,-82.49477,N,NULL,NULL,NULL,NULL,NULL,NULL,NULL,NULL,7,3,2,3,1,1,2,6,7,3,N,NULL,Y,Y,2055,2107,,N,NULL,54,,0,N,,N,Y,098-KY-0122-0,NULL,NULL,2019,C,7.23E+11,098-KY-0122  -000,HIGH,098-KY-0122  -000,15.147,0,0,0,0,0,0,0,0,1,0,0,1,1,0
356,72370000,KSP0900,19-22885,20190620,223,,WILLIAMSON,,RD,KY0292,KY0292,0,098 KY-292,KY0292,N,N,NULL,NULL,NULL,N,NULL,NULL,NULL,NULL,NULL,NULL,6.989,NULL,NULL,NULL,NULL,,NULL,0,0,1,1,Y,N,45,NULL,98,9834,NULL,,Y,37.6756,-82.30438,N,NULL,NULL,NULL,NULL,NULL,NULL,NULL,NULL,9,4,2,3,1,5,6,6,7,3,N,NULL,N,N,225,237,237,N,NULL,44,7,0,N,,N,N,098-KY-0292-0,NULL,NULL,2019,O,7.24E+11,098-KY-0292  -000,HIGH,098-KY-0292  -000,6.989,0,0,0,0,0,0,0,0,0,0,0,1,0,0
357,72388919,980100,2.02E+11,20190725,1720,,US23,,,US0023,US0023,,,,N,N,NULL,NULL,NULL,N,NULL,NULL,NULL,NULL,NULL,NULL,25.588,NULL,NULL,NULL,NULL,,NULL,1,0,1,1,N,N,55,NULL,98,9801,NULL,,Y,37.49419,-82.53268,N,NULL,NULL,NULL,NULL,NULL,NULL,NULL,NULL,9,3,4,6,1,1,2,2,7,3,Y,NULL,Y,Y,1721,1725,1725,N,NULL,40,,1,N,,N,N,,NULL,NULL,2019,B,7.24E+11,098-US-0023  -010,MEDIUM,098-US-0023  -000,25.588,0,0,0,0,0,0,1,0,0,0,0,1,0,1
358,72334843,KSP0900,19-10318,20190329,805,,US119,,,US0119,US0119,0,098 US-119,US0119,N,N,NULL,NULL,NULL,N,NULL,NULL,NULL,NULL,NULL,NULL,24.831,NULL,NULL,NULL,NULL,,NULL,0,0,2,2,Y,N,40,NULL,98,9834,NULL,,Y,37.66619,-82.27544,N,NULL,NULL,NULL,NULL,NULL,NULL,NULL,NULL,7,3,4,6,1,1,3,2,7,3,N,NULL,Y,N,809,811,811,N,NULL,54,2,1,N,,N,Y,098-US-0119-0,NULL,NULL,2019,O,7.23E+11,098-US-0119  -000,HIGH,098-US-0119  -000,24.831,0,0,0,0,0,0,1,0,0,0,0,1,1,0
359,72400713,980000,19-08-004,20190822,1910,,TOLER,,RD,KY0319,KY0319,0,098 KY-319,KY0319,N,N,NULL,NULL,NULL,N,NULL,NULL,NULL,NULL,NULL,NULL,4.732,NULL,NULL,NULL,NULL,,NULL,1,0,2,2,N,N,45,NULL,98,9842,NULL,,Y,37.61634,-82.2424,N,NULL,NULL,NULL,NULL,NULL,NULL,NULL,NULL,1,3,2,3,1,5,6,2,7,3,Y,NULL,Y,Y,1910,1920,1955,N,NULL,55,7,0,N,,N,N,098-KY-0319-0,NULL,NULL,2019,C,7.24E+11,098-KY-0319  -000,HIGH,098-KY-0319  -000,4.732,0,0,0,0,0,0,1,1,0,0,0,0,0,0
360,72360585,980100,2.02E+11,20190530,1812,,SAAD,,AVE,,,,,,Y,N,NULL,NULL,NULL,N,NULL,NULL,NULL,NULL,NULL,NULL,0.092,NULL,NULL,NULL,NULL,,NULL,0,0,2,2,N,N,15,NULL,98,9801,NULL,,Y,37.48273,-82.5196,N,NULL,NULL,NULL,NULL,NULL,NULL,NULL,NULL,2,97,1,6,1,5,6,2,6,3,N,NULL,Y,N,1812,1814,,N,NULL,90,,,N,,N,N,,NULL,NULL,2019,O,7.24E+11,098-CS-1165  -000,HIGH,098-CS-1165  -000,0.092,0,0,0,0,0,0,1,0,0,0,0,0,0,1
361,72431981,980100,2.02E+11,20191106,323,,CEDAR HILLS,,RD,KY1426,KY1426,0,098 KY-1426,KY1426,N,N,NULL,NULL,NULL,N,NULL,NULL,NULL,NULL,NULL,NULL,2.134,NULL,NULL,NULL,NULL,,NULL,1,0,1,1,N,N,35,NULL,98,9801,NULL,,Y,37.46021,-82.55761,N,NULL,NULL,NULL,NULL,NULL,NULL,NULL,NULL,9,4,2,6,1,1,2,5,6,3,N,NULL,N,Y,323,328,328,N,NULL,44,8,0,N,,N,N,098-KY-1426-0,NULL,NULL,2019,B,7.24E+11,098-KY-1426  -000,HIGH,098-KY-1426  -000,2.134,0,0,0,0,0,0,0,0,0,0,0,1,0,1
362,72994456,KSP0900,23-506202,20231229,1909,,TOLER,,RD,KY0319,KY0319,0,098 KY-319,KY0319,N,N,NULL,NULL,NULL,N,NULL,NULL,NULL,NULL,NULL,NULL,5.767,NULL,NULL,NULL,NULL,,NULL,0,0,1,1,N,N,45,NULL,98,9842,NULL,,Y,37.62964,-82.24905,N,NULL,NULL,NULL,NULL,NULL,NULL,NULL,NULL,9,3,2,6,1,5,6,6,7,3,N,NULL,Y,N,1910,1944,1910,N,NULL,38,7,0,N,,N,N,098-KY-0319-0,NULL,NULL,2023,O,7.30E+11,098-KY-0319  -000,HIGH,098-KY-0319  -000,5.772,0,0,0,1,0,0,0,0,0,0,0,0,0,0
363,72415490,KSP0900,19-38599,20191002,1126,,KY1426,,,KY1426,KY1426,0,098 KY-1426,KY1426,Y,N,NULL,NULL,NULL,N,NULL,NULL,NULL,NULL,NULL,NULL,12.73,NULL,NULL,NULL,NULL,,NULL,0,0,1,1,N,N,15,NULL,98,9828,NULL,,Y,37.54585,-82.46662,N,NULL,NULL,NULL,NULL,NULL,NULL,NULL,NULL,9,97,2,6,1,1,2,2,1,3,N,NULL,N,N,1131,1221,1131,Y,NULL,90,7,0,N,,N,N,098-KY-1426-0,NULL,NULL,2019,O,7.24E+11,098-KY-1426  -000,HIGH,098-KY-1426  -000,12.73,0,0,0,0,0,0,0,0,0,0,0,1,0,0
364,72447828,KSP0900,19-47879,20191207,1243,,ROBINSON CREEK,,RD,KY0122,KY0122,0,098 KY-122,KY0122,N,N,NULL,NULL,NULL,N,NULL,NULL,NULL,NULL,NULL,NULL,5.568,NULL,NULL,NULL,NULL,,NULL,0,0,1,1,Y,N,55,NULL,98,9824,NULL,,Y,37.35495,-82.59156,N,NULL,NULL,NULL,NULL,NULL,NULL,NULL,NULL,9,5,2,3,1,1,2,2,7,3,N,NULL,Y,N,1243,1400,1400,Y,NULL,40,,0,N,,N,N,098-KY-0122-0,NULL,NULL,2019,O,7.24E+11,098-KY-0122  -000,HIGH,098-KY-0122  -000,5.568,0,0,0,0,0,0,0,0,0,0,0,1,0,0
365,72391411,980100,2.02E+11,20190810,1124,,THOMPSON,,RD,,,,,,Y,N,NULL,NULL,NULL,N,NULL,NULL,NULL,NULL,NULL,NULL,0.515,NULL,NULL,NULL,NULL,,NULL,0,0,2,2,N,N,,NULL,98,9801,NULL,,Y,37.50597,-82.5434,N,NULL,NULL,NULL,NULL,NULL,NULL,NULL,NULL,2,97,2,6,1,1,2,2,1,3,N,NULL,Y,N,1125,1133,,N,NULL,90,,,N,,N,N,,NULL,NULL,2019,O,7.24E+11,098-CS-1215  -000,HIGH,098-CS-1215  -000,0.515,0,0,0,0,0,0,1,0,0,0,0,0,0,1
366,72401691,KSP0900,19-34122,20190902,410,,KY3154,,,KY3154,KY3154,,,,N,N,NULL,NULL,NULL,N,NULL,NULL,NULL,NULL,NULL,NULL,0.028,NULL,NULL,NULL,NULL,,NULL,0,0,1,1,N,N,35,NULL,98,9838,NULL,,Y,37.57308,-82.31917,N,NULL,NULL,NULL,NULL,NULL,NULL,NULL,NULL,9,5,1,1,1,1,2,6,7,3,N,NULL,N,N,330,410,700,N,NULL,51,9,0,N,,N,N,,NULL,NULL,2019,O,7.24E+11,098-KY-3154  -000,HIGH,098-KY-3154  -000,0.028,0,0,0,0,0,0,0,0,0,0,0,1,0,0
367,72696995,980100,2.02E+11,20211115,948,,US23,,,US0023,US0023,,,,N,N,NULL,NULL,NULL,N,NULL,NULL,NULL,NULL,NULL,NULL,26.478,NULL,NULL,NULL,NULL,,NULL,0,0,1,1,N,N,55,NULL,98,9801,NULL,,Y,37.50632,-82.53323,N,NULL,NULL,NULL,NULL,NULL,NULL,NULL,NULL,9,3,4,6,1,1,2,2,7,3,N,NULL,Y,N,948,954,954,N,NULL,38,,1,N,,N,N,,NULL,NULL,2021,O,7.27E+11,098-US-0023  -000,MEDIUM,098-US-0023  -000,26.478,0,0,0,0,0,0,0,0,0,0,0,0,0,1
368,72422551,980000,19-10-006,20191012,1045,,NARROWS,,BR,,,0,098 CR-1078,CR1078,N,N,NULL,NULL,NULL,N,NULL,NULL,NULL,NULL,NULL,NULL,0.483,NULL,NULL,NULL,NULL,,NULL,0,0,2,2,N,N,35,NULL,98,9842,NULL,,Y,37.61113,-82.24802,N,NULL,NULL,NULL,NULL,NULL,NULL,NULL,NULL,7,3,2,6,1,5,3,2,7,3,N,NULL,Y,Y,1050,1050,1150,N,NULL,54,,,N,,N,N,098-CR-1078-0,NULL,NULL,2019,O,7.24E+11,098-CR-1078  -000,HIGH,098-CR-1078  -000,0.483,0,0,1,0,0,0,0,0,0,0,0,1,0,0
369,72391828,980100,2.02E+11,20190811,1228,,CASSIDY,,BLVD,,,0,098 CS-1191,CS1191,Y,N,NULL,NULL,NULL,N,NULL,NULL,NULL,NULL,NULL,NULL,0.269,NULL,NULL,NULL,NULL,,NULL,0,0,2,2,N,N,15,NULL,98,9801,NULL,,Y,37.50467,-82.53625,N,NULL,NULL,NULL,NULL,NULL,NULL,NULL,NULL,2,97,,6,1,1,2,2,5,3,N,NULL,Y,N,1230,1238,1238,N,NULL,90,,,N,,N,N,098-CS-1191-0,NULL,NULL,2019,O,7.24E+11,098-CS-1191  -000,HIGH,098-CS-1191  -000,0.269,0,0,0,1,0,0,1,0,0,0,0,0,0,1
370,72426088,980100,2.02E+11,20191025,1651,,LEE,,AVE,,,,,,Y,N,NULL,NULL,NULL,N,NULL,NULL,NULL,NULL,NULL,NULL,,NULL,NULL,NULL,NULL,NULL,NULL,0,0,2,2,N,N,15,NULL,98,9801,NULL,,Y,37.50201,-82.53545,N,NULL,NULL,NULL,NULL,NULL,NULL,NULL,NULL,8,97,,6,1,5,6,2,1,3,N,NULL,Y,N,1651,1702,,N,NULL,90,,,N,,N,N,,NULL,NULL,2019,O,7.24E+11,098-CS-1215  -000,MEDIUM,098-CS-1215  -000,1.024,0,0,0,0,0,0,0,0,0,0,0,0,0,1
371,72431857,KSP0900,19-43507,20191105,730,,TOLER,,RD,KY0319,KY0319,0,098 KY-319,KY0319,N,N,NULL,NULL,NULL,N,NULL,NULL,NULL,NULL,NULL,NULL,0.242,NULL,NULL,NULL,NULL,,NULL,0,0,1,1,N,N,55,NULL,98,9863,NULL,,Y,37.58103,-82.18324,N,NULL,NULL,NULL,NULL,NULL,NULL,NULL,NULL,9,3,2,3,1,1,3,2,7,3,N,NULL,Y,N,731,750,720,N,NULL,38,7,0,N,,N,N,098-KY-0319-0,NULL,NULL,2019,O,7.24E+11,098-KY-0319  -000,HIGH,098-KY-0319  -000,0.242,0,0,0,0,0,0,0,0,0,0,0,0,0,0
372,72332933,980100,2.02E+11,20190329,1358,,SEN KELSEY E FRIEND,,BLVD,KY3218,KY3218,0,098 KY-3218,KY3218,N,N,NULL,NULL,NULL,N,NULL,NULL,NULL,NULL,NULL,NULL,2.403,NULL,NULL,NULL,NULL,,NULL,0,0,2,2,N,N,55,NULL,98,9801,NULL,,Y,37.55476,-82.56799,N,NULL,NULL,NULL,NULL,NULL,NULL,NULL,NULL,5,3,2,4,1,1,3,2,7,3,N,NULL,Y,N,1358,1405,1507,Y,NULL,49,8,0,N,,N,N,098-KY-3218-0,NULL,NULL,2019,O,7.23E+11,098-KY-3218  -000,HIGH,098-KY-3218  -000,2.403,0,0,0,0,0,0,1,0,0,1,0,1,0,1
373,72366877,KSP0900,19-21177,20190608,300,,FERRELLS CREEK,,RD,US0460,US0460,0,098 US-460,US0460,N,N,NULL,NULL,NULL,N,NULL,NULL,NULL,NULL,NULL,NULL,18.919,NULL,NULL,NULL,NULL,,NULL,0,0,1,1,N,N,55,NULL,98,9876,NULL,,Y,37.36633,-82.30656,N,NULL,NULL,NULL,NULL,NULL,NULL,NULL,NULL,9,3,2,1,1,5,6,6,7,3,N,NULL,Y,N,1017,1055,,Y,NULL,40,,1,N,,N,Y,098-US-0460-0,NULL,NULL,2019,O,7.24E+11,098-US-0460  -000,HIGH,098-US-0460  -000,18.919,0,0,0,0,0,0,0,0,1,0,0,1,0,0
374,72362204,980100,2.02E+11,20190522,1748,,THOMPSON,,RD,,,0,098 CS-1215,CS1215,Y,N,NULL,NULL,NULL,N,NULL,NULL,NULL,NULL,NULL,NULL,0.497,NULL,NULL,NULL,NULL,,NULL,0,0,1,1,N,N,15,NULL,98,9801,NULL,,Y,37.50605,-82.54373,N,NULL,NULL,NULL,NULL,NULL,NULL,NULL,NULL,9,97,1,6,1,1,3,2,1,3,N,NULL,Y,N,1748,1754,1754,N,NULL,90,,,N,,N,N,098-CS-1215-0,NULL,NULL,2019,O,7.24E+11,098-CS-1215  -000,HIGH,098-CS-1215  -000,0.497,0,0,0,0,0,0,1,0,0,0,0,1,0,1
375,72353244,KSP0900,19-00017471,20190514,2205,,BENT,,BR,,,0,098 CR-1424Q4,CR1424Q4,N,N,NULL,NULL,NULL,N,NULL,NULL,NULL,NULL,NULL,NULL,,NULL,NULL,NULL,NULL,,NULL,0,0,2,2,N,N,55,NULL,98,9820,NULL,,Y,37.72365,-82.37598,N,NULL,NULL,NULL,NULL,NULL,NULL,NULL,NULL,7,3,2,6,1,1,2,6,7,3,N,NULL,N,N,2247,2334,2334,N,NULL,54,,,N,,N,Y,098-CR-1424Q4-0,NULL,NULL,2019,O,7.24E+11,098-CR-1424Q4-000,HIGH,098-CR-1424Q4-000,1.382,0,0,0,1,0,0,0,0,0,0,0,1,1,0
376,72435145,980100,2.02E+11,20191111,1524,,BYPASS,S,RD,KY1426,KY1426,,,,Y,N,NULL,NULL,NULL,N,NULL,NULL,NULL,NULL,NULL,NULL,5.687,NULL,NULL,NULL,NULL,,NULL,0,0,2,2,N,N,15,NULL,98,9801,NULL,,Y,37.47272,-82.5229,N,NULL,NULL,NULL,NULL,NULL,NULL,NULL,NULL,1,97,2,5,2,1,2,2,1,3,N,NULL,Y,N,1524,1524,,N,NULL,90,,0,N,,N,N,,NULL,NULL,2019,O,7.24E+11,098-KY-1426  -000,HIGH,098-KY-1426  -000,5.687,0,0,0,1,0,0,1,0,0,0,0,0,0,1
377,72431470,980100,2.02E+11,20191104,1746,,KY1426,,,KY1426,KY1426,,,,N,N,NULL,NULL,NULL,N,NULL,NULL,NULL,NULL,NULL,NULL,7.336,NULL,NULL,NULL,NULL,,NULL,1,0,1,1,N,N,35,NULL,98,9801,NULL,,Y,37.48992,-82.50323,N,NULL,NULL,NULL,NULL,NULL,NULL,NULL,NULL,9,3,2,6,1,1,2,3,7,3,N,NULL,Y,Y,1746,1752,,N,NULL,38,,0,N,,N,N,,NULL,NULL,2019,C,7.24E+11,098-KY-1426  -000,HIGH,098-KY-1426  -000,7.336,0,0,0,0,0,0,1,0,0,0,0,0,0,1
378,72384381,980100,2.02E+11,20190725,1748,,LEE,,AVE,,,0,098 CS-1191,CS1191,Y,N,NULL,NULL,NULL,N,NULL,NULL,NULL,NULL,NULL,NULL,,NULL,NULL,NULL,NULL,NULL,NULL,0,0,1,1,N,N,,NULL,98,9801,NULL,,Y,37.50375,-82.53226,N,NULL,NULL,NULL,NULL,NULL,NULL,NULL,NULL,9,97,1,3,1,1,2,2,1,3,N,NULL,Y,N,1748,1756,,Y,NULL,90,,,N,,N,N,098-CS-1191-0,NULL,NULL,2019,O,7.24E+11,098-CS-1191  -000,HIGH,098-CS-1191  -000,0.006,0,0,0,0,0,0,0,0,0,0,0,1,0,1
379,72424871,980100,2.02E+11,20191022,1358,,BYPASS,S,RD,KY1426,KY1426,0,098 KY-1426,KY1426,Y,N,NULL,NULL,NULL,N,NULL,NULL,NULL,NULL,NULL,NULL,5.689,NULL,NULL,NULL,NULL,,NULL,0,0,1,1,N,N,15,NULL,98,9801,NULL,,Y,37.47268,-82.5228,N,NULL,NULL,NULL,NULL,NULL,NULL,NULL,NULL,9,97,2,4,2,1,2,2,1,3,N,NULL,Y,N,1358,1358,,Y,NULL,90,,0,N,,N,N,098-KY-1426-0,NULL,NULL,2019,O,7.24E+11,098-KY-1426  -000,HIGH,098-KY-1426  -000,5.689,0,0,0,0,0,0,1,0,0,0,0,1,0,1
380,72383509,KSP0900,19-27428,20190719,1106,,KY3174,,,KY3174,KY3174,0,098 KY-3174-322,KY3174,N,N,NULL,NULL,NULL,N,NULL,NULL,NULL,NULL,NULL,NULL,0.044,NULL,NULL,NULL,NULL,,NULL,0,0,1,1,N,N,55,NULL,98,9830,NULL,,Y,37.34367,-82.43297,N,NULL,NULL,NULL,NULL,NULL,NULL,NULL,NULL,9,3,2,4,1,1,2,2,7,3,N,NULL,Y,N,1110,1146,,N,NULL,70,,0,N,,N,N,098-KY-3174-322,NULL,NULL,2019,O,7.24E+11,098-KY-3174  -322,HIGH,098-KY-3174  -322,0.044,0,0,0,0,0,0,0,0,0,0,0,1,0,0
381,72404425,980100,2.02E+11,20190908,1554,,CASSIDY,,BLVD,,,,,,Y,N,NULL,NULL,NULL,N,NULL,NULL,NULL,NULL,NULL,NULL,0.321,NULL,NULL,NULL,NULL,,NULL,0,0,2,2,N,Y,15,NULL,98,9801,NULL,,Y,37.50535,-82.53735,N,NULL,NULL,NULL,NULL,NULL,NULL,NULL,NULL,6,97,1,6,1,1,2,2,1,3,N,NULL,Y,N,1554,1602,,N,NULL,90,,,N,,N,N,,NULL,NULL,2019,O,7.24E+11,098-CS-1191  -000,HIGH,098-CS-1191  -000,0.321,0,0,0,0,0,0,1,0,0,0,0,0,0,1