OBJECTID,MasterFile,AgencyORINumber,LocalCode,CollisionDate,CollisionTime,CollisionDayWeekCode,RoadwayName,RoadwayName_Direction_,RoadwayName_RoadwaySuffix_,RoadwayfromReport,CurrentRoadwayNumber,RoadwayNumberCoupletID,RSEUniqueGIS,RoadwayIdentifier,ParkingLotIndicator,IntersectionWith_Indicator_,IntersectionWith_NameRoadway_,IntersectionWith_Direction_,IntersectionWith_RoadwaySuffix_,BetweenStreets_Indicator_,BetweenStreets1_NameRoadway_,BetweenStreet1_Direction_,BetweenStreets1_RoadwaySuffix_,BetweenStreets2_NameRoadway_,BetweenStreets2_Direction_,BetweenStreets2_RoadwaySuffix_,Milepoint,ReportMilepointDeriveNumber,CurrentDerivedMiepointNumber,MilestoMilepoint,FeettoMilepoint,DirectionfromMilepoint_NSEW_,ValidMilepointIndicator,NumberInjured,NumberKilled,ofUnits,ofMotorVehicleUnits,Hit&RunIndicator,OneWayIndicator,SpeedLimitNumber,KilometersIndicator,CountyCode,CityCountyCode,MilesFromCity,DirectionFromCity_NSEW_,InCityLimitsIndicator,Latitude,Longitude,RampIndicator,RampFromIdentifier,RampFromDirCode,RampFromCoupletID,RSEUniqueGISRampFrom,RampToidentifier,RampToDirCode,RampToCoupletID,RSEUniqueGisRampTo,MannerofCollisionCode,LocationFirstEventCode,TotalLanes,RoadwayCharacterCode,RoadwaySurfaceCode,RoadwayConditionCode,WeatherCode,LightConditionCode,LandUseCode,SchoolBusRelatedCode,FirstAidSceneIndicator,CollDescPresentInd,InvestigationCompleteIndicator,PhotosTakenIndicator,TimeNotified,TimeArrived,TimeRoadwayOpened,PropertyDamageIndicator,DiagramPresentIndicator,DirectionalAnalysis,FunctionClassCode,NationalHwySysCode,EnforcementsIndicator,KARSCityCode,SecondaryCollisionIndicator,MedianCrossoverIndicator,RT_UNIQUE,MapIt,TimeLastLeft,YR,KABCO,MFNY,WorkingRID,RT_CONFIDENCE,KTC_RT,KTC_MP,Motorcyclist,Commercial Vehicle,Young Driver,Mature Driver,Pedestrian,Bicyclist,Distracted,Aggressive,Impaired,Unrestrained,Intersection,Roadway Departure,Median Cross-over,City Crash
382,72414152,980100,2.02E+11,20190923,804,,HAMBLEY,,BLVD,,,0,098 CS-1222,CS1222,N,N,NULL,NULL,NULL,N,NULL,NULL,NULL,NULL,NULL,NULL,0.1,NULL,NULL,NULL,NULL,,NULL,1,0,2,2,N,N,35,NULL,98,9801,NULL,,Y,37.47442,-82.52554,N,NULL,NULL,NULL,NULL,NULL,NULL,NULL,NULL,5,6,2,6,1,1,2,2,1,3,Y,NULL,Y,Y,804,806,834,N,NULL,47,,,N,,N,N,098-CS-1222-0,NULL,NULL,2019,C,7.24E+11,098-CS-1222  -000,HIGH,098-CS-1222  -000,0.1,0,0,0,0,0,0,0,0,0,0,0,0,0,1
383,72390316,KSP0900,19-29209,20190731,1604,,US23,,,US0023,US0023,0,098 US-23,US0023,N,N,NULL,NULL,NULL,N,NULL,NULL,NULL,NULL,NULL,NULL,31.893,NULL,NULL,NULL,NULL,,NULL,1,0,2,2,N,N,55,NULL,98,9801,NULL,,Y,37.53755,-82.60686,N,NULL,NULL,NULL,NULL,NULL,NULL,NULL,NULL,8,3,4,6,1,1,2,2,7,3,N,NULL,Y,Y,1604,1639,,N,NULL,53,,1,N,,N,N,098-US-0023-0,NULL,NULL,2019,C,7.24E+11,098-US-0023  -000,HIGH,098-US-0023  -000,31.893,0,0,0,1,0,0,1,0,0,0,0,1,0,1
384,72392756,KSP0900,19-9841,20190325,922,,KY194,,,KY0194,KY0194,0,098 KY-194,KY0194,N,N,NULL,NULL,NULL,N,NULL,NULL,NULL,NULL,NULL,NULL,63.57,NULL,NULL,NULL,NULL,,NULL,0,0,1,1,N,N,35,NULL,98,9811,NULL,,Y,37.55864,-82.1077,N,NULL,NULL,NULL,NULL,NULL,NULL,NULL,NULL,9,3,2,6,1,1,2,2,7,3,N,NULL,Y,N,922,923,947,N,NULL,44,7,0,N,,N,N,098-KY-0194-0,NULL,NULL,2019,O,7.24E+11,098-KY-0194  -000,HIGH,098-KY-0194  -000,63.57,0,0,0,1,0,0,0,0,0,0,0,1,0,0
385,72311364,980100,2.02E+11,20190203,1833,,CASSIDY,,BLVD,,,,,,Y,N,NULL,NULL,NULL,N,NULL,NULL,NULL,NULL,NULL,NULL,0.28,NULL,NULL,NULL,NULL,,NULL,0,0,2,2,N,N,15,NULL,98,9801,NULL,,Y,37.50476,-82.53643,N,NULL,NULL,NULL,NULL,NULL,NULL,NULL,NULL,2,97,,6,1,1,2,5,1,3,N,NULL,Y,N,1833,1841,,N,NULL,90,,,N,,N,N,,NULL,NULL,2019,O,7.23E+11,098-CS-1191  -000,MEDIUM,098-CS-1191  -000,0.28,0,0,0,1,0,0,1,0,0,0,0,0,0,1
386,72354923,KSP0900,19-17995,20190518,1551,,BROAD BOTTOM,,RD,,,0,098 CR-1419,CR1419,N,N,NULL,NULL,NULL,N,NULL,NULL,NULL,NULL,NULL,NULL,1.214,NULL,NULL,NULL,NULL,,NULL,0,0,2,2,N,N,35,NULL,98,9801,NULL,,Y,37.53691,-82.58945,N,NULL,NULL,NULL,NULL,NULL,NULL,NULL,NULL,7,3,1,6,1,1,2,2,6,3,N,NULL,Y,N,1551,1630,1630,N,NULL,54,,,N,,N,N,098-CR-1419-0,NULL,NULL,2019,O,7.24E+11,098-CR-1419  -000,HIGH,098-CR-1419  -000,1.214,0,0,1,0,0,0,0,0,0,0,0,1,0,0
387,72331415,KSP0900,19-9289,20190321,1440,,OWSLEY,,RD,KY1384,KY1384,0,098 KY-1384,KY1384,N,N,NULL,NULL,NULL,N,NULL,NULL,NULL,NULL,NULL,NULL,4.047,NULL,NULL,NULL,NULL,,NULL,0,0,2,2,N,N,35,NULL,98,9801,NULL,,Y,37.49468,-82.58081,N,NULL,NULL,NULL,NULL,NULL,NULL,NULL,NULL,1,97,2,6,1,5,6,2,7,3,N,NULL,Y,N,1449,1505,1520,Y,NULL,47,,0,N,,N,N,098-KY-1384-0,NULL,NULL,2019,O,7.23E+11,098-KY-1384  -000,HIGH,098-KY-1384  -000,4.047,0,0,0,0,0,0,0,0,0,0,0,0,0,0
388,72344032,980100,2.02E+11,20190423,1842,,KILGORE,,LN,,,0,098 CS-1105,CS1105,N,Y,HAMBLEY,,BLVD,N,NULL,NULL,NULL,NULL,NULL,NULL,,NULL,NULL,NULL,NULL,,NULL,0,0,2,2,Y,N,15,NULL,98,9801,NULL,,Y,37.47625,-82.52258,N,NULL,NULL,NULL,NULL,NULL,NULL,NULL,NULL,2,3,,1,1,1,2,2,1,3,N,NULL,Y,N,1842,1842,,N,NULL,18,,,N,,N,N,098-CS-1105-0,NULL,NULL,2019,O,7.23E+11,098-CS-1105  -000,HIGH,098-CS-1105  -000,0,0,0,0,0,0,0,0,0,0,0,1,0,0,1
389,72410054,980100,2.02E+11,20190916,1400,,CASSIDY,,BLVD,,,0,098 CS-1191,CS1191,Y,N,NULL,NULL,NULL,N,NULL,NULL,NULL,NULL,NULL,NULL,0.365,NULL,NULL,NULL,NULL,,NULL,0,0,2,2,Y,N,15,NULL,98,9801,NULL,,Y,37.5051,-82.53816,N,NULL,NULL,NULL,NULL,NULL,NULL,NULL,NULL,1,4,1,6,1,1,2,2,1,3,N,NULL,Y,N,1345,1402,1437,N,NULL,90,,,N,,N,N,098-CS-1191-0,NULL,NULL,2019,O,7.24E+11,098-CS-1191  -000,HIGH,098-CS-1191  -000,0.365,0,0,0,0,0,0,0,0,0,0,0,0,0,1
390,72395661,KSP0900,19-31987,20190818,2224,,RUNYON,,BR,,,0,098 CR-1565,CR1565,Y,N,NULL,NULL,NULL,N,NULL,NULL,NULL,NULL,NULL,NULL,1.41,NULL,NULL,NULL,NULL,,NULL,0,0,1,1,N,Y,10,NULL,98,9872,NULL,,Y,37.53569,-82.27922,N,NULL,NULL,NULL,NULL,NULL,NULL,NULL,NULL,9,97,1,5,3,1,2,6,6,3,N,NULL,Y,N,2224,2247,2328,N,NULL,90,,,N,,N,N,098-CR-1565-0,NULL,NULL,2019,O,7.24E+11,098-CR-1565  -000,HIGH,098-CR-1565  -000,1.41,0,0,0,0,0,0,0,0,0,0,0,1,0,0
391,72366577,980000,19-06-003,20190611,1330,,KY1426,,,KY1426,KY1426,0,098 KY-1426,KY1426,Y,N,NULL,NULL,NULL,N,NULL,NULL,NULL,NULL,NULL,NULL,11.908,NULL,NULL,NULL,NULL,,NULL,0,0,2,2,N,N,5,NULL,98,9850,NULL,,Y,37.53513,-82.46597,N,NULL,NULL,NULL,NULL,NULL,NULL,NULL,NULL,1,97,2,6,1,1,2,2,1,3,N,NULL,Y,Y,1330,1410,1440,N,NULL,90,7,0,N,,N,N,098-KY-1426-0,NULL,NULL,2019,O,7.24E+11,098-KY-1426  -000,HIGH,098-KY-1426  -000,11.908,0,0,0,0,0,0,1,0,0,0,0,0,0,0
392,72446186,KSP0900,19-47461,20191204,830,,FERRELLS CREEK,,RD,US0460,US0460,0,098 US-460,US0460,N,N,NULL,NULL,NULL,N,NULL,NULL,NULL,NULL,NULL,NULL,19.943,NULL,NULL,NULL,NULL,,NULL,1,0,1,1,N,N,55,NULL,98,9876,NULL,,Y,37.3744,-82.29531,N,NULL,NULL,NULL,NULL,NULL,NULL,NULL,NULL,9,3,2,1,1,2,2,1,7,3,Y,NULL,Y,Y,830,910,910,N,NULL,44,,1,N,,N,N,098-US-0460-0,NULL,NULL,2019,B,7.24E+11,098-US-0460  -000,HIGH,098-US-0460  -000,19.943,0,0,0,0,0,0,0,0,0,0,0,1,0,0
393,72390331,980100,2.02E+11,20190803,1748,,THOMPSON,,RD,,,0,098 CS-1215,CS1215,N,N,NULL,NULL,NULL,N,NULL,NULL,NULL,NULL,NULL,NULL,0.593,NULL,NULL,NULL,NULL,,NULL,0,0,2,2,N,N,35,NULL,98,9801,NULL,,Y,37.50558,-82.54207,N,NULL,NULL,NULL,NULL,NULL,NULL,NULL,NULL,1,3,3,6,1,1,2,2,1,3,N,NULL,Y,N,1750,1754,1820,N,NULL,55,,,Y,,N,N,098-CS-1215-0,NULL,NULL,2019,O,7.24E+11,098-CS-1215  -000,HIGH,098-CS-1215  -000,0.593,0,0,1,0,0,0,1,0,0,0,0,0,0,1
394,72359574,980100,2.02E+11,20190526,1520,,CASSIDY,,BLVD,,,0,098 CS-1191,CS1191,Y,N,NULL,NULL,NULL,N,NULL,NULL,NULL,NULL,NULL,NULL,0.177,NULL,NULL,NULL,NULL,,NULL,0,0,2,2,N,N,15,NULL,98,9801,NULL,,Y,37.50381,-82.5349,N,NULL,NULL,NULL,NULL,NULL,NULL,NULL,NULL,2,97,1,4,1,1,2,2,1,3,N,NULL,N,N,1522,1531,1531,N,NULL,90,,,N,,N,N,098-CS-1191-0,NULL,NULL,2019,O,7.24E+11,098-CS-1191  -000,HIGH,098-CS-1191  -000,0.177,0,0,0,1,0,0,1,0,0,0,0,0,0,1
395,72438317,KSP0900,19-43353,20191104,926,,US23,,,US0023,US0023,0,098 US-23-10,US0023,N,N,NULL,NULL,NULL,N,NULL,NULL,NULL,NULL,NULL,NULL,16.641,NULL,NULL,NULL,NULL,,NULL,0,0,1,1,Y,N,55,NULL,98,9801,NULL,,Y,37.4173,-82.52691,N,NULL,NULL,NULL,NULL,NULL,NULL,NULL,NULL,9,7,4,6,1,1,2,5,1,3,N,NULL,N,N,926,944,,Y,NULL,40,,1,N,,N,N,098-US-0023-10,NULL,NULL,2019,O,7.24E+11,098-US-0023  -010,HIGH,098-US-0023  -000,16.641,0,0,0,0,0,0,1,0,0,0,0,1,0,0
396,72408304,KSP0900,19-36378,20190917,848,,FERRELLS CREEK,,RD,US0460,US0460,0,098 US-460,US0460,N,N,NULL,NULL,NULL,N,NULL,NULL,NULL,NULL,NULL,NULL,20.585,NULL,NULL,NULL,NULL,,NULL,2,0,2,2,N,N,55,NULL,98,9802,4,E,N,37.37554,-82.28414,N,NULL,NULL,NULL,NULL,NULL,NULL,NULL,NULL,1,3,2,4,1,1,2,2,7,3,Y,NULL,Y,Y,848,851,950,N,NULL,55,,1,N,,N,N,098-US-0460-0,NULL,NULL,2019,C,7.24E+11,098-US-0460  -000,HIGH,098-US-0460  -000,20.585,0,0,0,1,0,0,1,1,0,0,0,0,0,0
397,72426894,980100,2.02E+11,20191025,2118,,CASSIDY,,BLVD,,,0,098 CS-1191,CS1191,N,N,NULL,NULL,NULL,N,NULL,NULL,NULL,NULL,NULL,NULL,0.308,NULL,NULL,NULL,NULL,,NULL,0,0,1,1,N,N,35,NULL,98,9801,NULL,,Y,37.50515,-82.53699,N,NULL,NULL,NULL,NULL,NULL,NULL,NULL,NULL,9,4,2,1,1,5,6,7,1,3,N,NULL,Y,N,2118,2120,2120,N,NULL,44,,,N,,N,N,098-CS-1191-0,NULL,NULL,2019,O,7.24E+11,098-CS-1191  -000,HIGH,098-CS-1191  -000,0.308,0,0,1,0,0,0,0,0,0,0,0,1,0,1
398,72442196,980100,2.02E+11,20191123,1521,,MARIONS,,BR,,,,,,Y,N,NULL,NULL,NULL,N,NULL,NULL,NULL,NULL,NULL,NULL,0.852,NULL,NULL,NULL,NULL,,NULL,0,0,1,1,N,N,,NULL,98,9801,NULL,,Y,37.45455,-82.52522,N,NULL,NULL,NULL,NULL,NULL,NULL,NULL,NULL,9,97,,4,3,1,3,2,5,3,N,NULL,Y,N,1521,1529,,N,NULL,90,,,N,,N,N,,NULL,NULL,2019,O,7.24E+11,098-CS-1229  -000,MEDIUM,098-CS-1229  -000,0.852,0,0,0,0,0,0,0,0,0,0,0,1,0,1
399,72450333,980100,2.02E+11,20191211,1515,,US23,,,US0023,US0023,,,,N,N,NULL,NULL,NULL,N,NULL,NULL,NULL,NULL,NULL,NULL,25.246,NULL,NULL,NULL,NULL,,NULL,0,0,2,2,N,N,55,NULL,98,9801,NULL,,Y,37.49048,-82.53682,N,NULL,NULL,NULL,NULL,NULL,NULL,NULL,NULL,5,3,4,6,1,1,3,2,7,3,N,NULL,Y,N,1516,1516,1518,N,NULL,49,,1,N,,N,N,,NULL,NULL,2019,O,7.25E+11,098-US-0023  -000,MEDIUM,098-US-0023  -000,25.246,0,0,0,0,0,0,1,0,0,0,0,0,0,1
400,72334913,980000,19-03-007,20190320,1930,,US460,,,US0460,US0460,0,098 US-460,US0460,N,N,NULL,NULL,NULL,N,NULL,NULL,NULL,NULL,NULL,NULL,6.402,NULL,NULL,NULL,NULL,,NULL,0,0,3,3,N,N,55,NULL,98,9832,0.5,E,N,37.39808,-82.43323,N,NULL,NULL,NULL,NULL,NULL,NULL,NULL,NULL,5,3,2,6,1,1,2,2,6,3,N,NULL,Y,Y,1858,1858,2015,N,NULL,70,,1,N,,N,N,098-US-0460-0,NULL,NULL,2019,O,7.23E+11,098-US-0460  -000,HIGH,098-US-0460  -000,6.402,0,0,0,1,0,0,1,1,0,0,0,0,0,0
401,72419262,980500,2019AR064,20191010,1210,,COUNTRY MUSIC HIGHWAY,,,US0023,US0023,0,098 US-23,US0023,N,N,NULL,NULL,NULL,N,NULL,NULL,NULL,NULL,NULL,NULL,,NULL,NULL,NULL,NULL,NULL,NULL,0,0,2,2,N,N,45,NULL,98,9807,NULL,,Y,37.52142,-82.56922,N,NULL,NULL,NULL,NULL,NULL,NULL,NULL,NULL,8,3,6,6,1,1,2,2,7,3,N,NULL,Y,Y,1210,1213,1250,N,NULL,53,,1,N,,N,N,098-US-0023-0,NULL,NULL,2019,O,7.24E+11,098-US-0023  -000,HIGH,098-US-0023  -000,28.771,0,1,1,0,0,0,1,0,0,0,0,1,0,0
402,72448659,KSP0900,19-48185,20191209,1739,,US460,,,US0460,US0460,0,098 US-460,US0460,N,N,NULL,NULL,NULL,N,NULL,NULL,NULL,NULL,NULL,NULL,3.969,NULL,NULL,NULL,NULL,,NULL,0,0,2,2,N,N,55,NULL,98,9824,NULL,,Y,37.41977,-82.46277,N,NULL,NULL,NULL,NULL,NULL,NULL,NULL,NULL,5,3,2,6,1,1,2,6,7,3,N,NULL,Y,N,1739,1759,1759,N,NULL,49,,1,N,,N,N,098-US-0460-0,NULL,NULL,2019,O,7.24E+11,098-US-0460  -000,HIGH,098-US-0460  -000,3.969,0,0,0,1,0,0,0,1,0,0,0,0,0,0
403,72457305,KSP0900,19-50643,20191228,312,,CHLOE,,RD,KY1460,KY1460,0,098 KY-1460,KY1460,N,N,NULL,NULL,NULL,N,NULL,NULL,NULL,NULL,NULL,NULL,1.146,NULL,NULL,NULL,NULL,,NULL,1,0,1,1,N,N,45,NULL,98,9801,NULL,,Y,37.44711,-82.47984,N,NULL,NULL,NULL,NULL,NULL,NULL,NULL,NULL,9,97,2,6,1,5,6,6,7,3,N,NULL,Y,Y,314,328,411,N,NULL,70,,0,N,,N,N,098-KY-1460-0,NULL,NULL,2019,C,7.25E+11,098-KY-1460  -000,HIGH,098-KY-1460  -000,1.146,0,0,0,0,0,0,1,0,0,0,0,1,0,0
404,72336817,KSP0900,19-11838,20190407,1537,,MARROWBONE CREEK,,RD,KY0195,KY0195,0,098 KY-195,KY0195,N,N,NULL,NULL,NULL,N,NULL,NULL,NULL,NULL,NULL,NULL,11.4,NULL,NULL,NULL,NULL,,NULL,0,0,1,1,N,N,35,NULL,98,9830,NULL,,Y,37.36628,-82.41435,N,NULL,NULL,NULL,NULL,NULL,NULL,NULL,NULL,9,4,2,1,1,5,6,2,7,3,N,NULL,Y,N,1537,1646,1646,Y,NULL,44,7,0,N,,N,N,098-KY-0195-0,NULL,NULL,2019,O,7.23E+11,098-KY-0195  -000,HIGH,098-KY-0195  -000,11.4,0,0,0,0,0,0,0,0,0,0,0,1,0,0
405,72442657,980000,19-11-006,20191126,1815,,US23,,,US0023,US0023,0,098 US-23-10,US0023,N,N,NULL,NULL,NULL,N,NULL,NULL,NULL,NULL,NULL,NULL,11.892,NULL,NULL,NULL,NULL,,NULL,0,0,1,1,N,N,55,NULL,98,9823,2.8,S,N,37.3618,-82.55507,N,NULL,NULL,NULL,NULL,NULL,NULL,NULL,NULL,9,3,4,4,1,1,2,6,7,3,N,NULL,Y,Y,1819,1829,1829,N,NULL,38,,1,N,,N,N,098-US-0023-10,NULL,NULL,2019,O,7.24E+11,098-US-0023  -010,HIGH,098-US-0023  -000,11.892,0,0,0,0,0,0,0,0,0,0,0,0,0,0
406,72312010,980100,2.02E+11,20190205,1040,,KY1460,,,KY1460,KY1460,0,098 KY-1460,KY1460,N,N,NULL,NULL,NULL,N,NULL,NULL,NULL,NULL,NULL,NULL,7.11,NULL,NULL,NULL,NULL,,NULL,0,0,2,2,N,Y,15,NULL,98,9801,NULL,,Y,37.48596,-82.54236,N,NULL,NULL,NULL,NULL,NULL,NULL,NULL,NULL,8,3,2,2,1,5,3,2,7,3,N,NULL,Y,N,1040,1045,,N,NULL,53,16,0,N,,N,N,098-KY-1460-0,NULL,NULL,2019,O,7.23E+11,098-KY-1460  -000,HIGH,098-KY-1460  -000,7.11,0,0,0,1,0,0,0,1,0,0,0,1,0,1
407,72436205,980100,2.02E+11,20191113,2134,,US23,,,US0023,US0023,,,,N,N,NULL,NULL,NULL,N,NULL,NULL,NULL,NULL,NULL,NULL,24.754,NULL,NULL,NULL,NULL,,NULL,0,0,2,2,N,N,55,NULL,98,9801,NULL,,Y,37.48519,-82.54253,N,NULL,NULL,NULL,NULL,NULL,NULL,NULL,NULL,8,3,4,6,1,1,2,5,7,3,N,NULL,Y,N,2134,2138,2138,N,NULL,53,,1,N,,N,N,,NULL,NULL,2019,O,7.24E+11,098-US-0023  -000,MEDIUM,098-US-0023  -000,24.754,0,0,0,0,0,0,1,0,0,0,0,1,0,1
408,72448281,980100,2.02E+11,20191209,1029,,CASSIDY,,BLVD,,,,,,N,N,NULL,NULL,NULL,N,NULL,NULL,NULL,NULL,NULL,NULL,0.293,NULL,NULL,NULL,NULL,,NULL,2,0,2,2,N,N,25,NULL,98,9801,NULL,,Y,37.50525,-82.53673,N,NULL,NULL,NULL,NULL,NULL,NULL,NULL,NULL,1,3,2,3,1,5,6,2,1,3,N,NULL,Y,Y,1029,1031,1034,N,NULL,55,,,N,,N,N,,NULL,NULL,2019,C,7.24E+11,098-CS-1191  -000,HIGH,098-CS-1191  -000,0.293,0,0,0,0,0,0,1,1,0,0,0,0,0,1
409,72341440,370200,2019-13646,20190419,800,,TOLER,,RD,KY0319,KY0319,0,098 KY-319,KY0319,N,N,NULL,NULL,NULL,N,NULL,NULL,NULL,NULL,NULL,NULL,5.837,NULL,NULL,NULL,NULL,,NULL,0,0,3,3,N,N,45,NULL,98,9834,2,N,N,37.63092,-82.24879,N,NULL,NULL,NULL,NULL,NULL,NULL,NULL,NULL,7,3,2,3,1,5,6,2,6,3,N,NULL,Y,N,814,853,958,N,NULL,54,7,0,N,,N,N,098-KY-0319-0,NULL,NULL,2019,O,7.23E+11,098-KY-0319  -000,HIGH,098-KY-0319  -000,5.837,0,1,0,0,0,0,0,0,0,0,0,1,0,0
410,72396471,KSP0900,19-32324,20190821,58,,US119,,,US0119,US0119,0,098 US-119,US0119,N,N,NULL,NULL,NULL,N,NULL,NULL,NULL,NULL,NULL,NULL,24.821,NULL,NULL,NULL,NULL,,NULL,0,0,2,2,N,N,55,NULL,98,9834,NULL,,Y,37.66616,-82.27518,N,NULL,NULL,NULL,NULL,NULL,NULL,NULL,NULL,5,3,4,6,1,1,2,5,7,3,N,NULL,Y,N,58,103,137,N,NULL,49,2,1,N,,N,N,098-US-0119-0,NULL,NULL,2019,O,7.24E+11,098-US-0119  -000,HIGH,098-US-0119  -000,24.821,0,0,0,0,0,0,1,1,0,0,0,0,0,0
411,72395366,980100,2.02E+11,20190819,1622,,US23,,,US0023,US0023,0,098 US-23,US0023,N,N,NULL,NULL,NULL,N,NULL,NULL,NULL,NULL,NULL,NULL,30.911,NULL,NULL,NULL,NULL,,NULL,0,0,3,3,N,N,55,NULL,98,9801,NULL,,Y,37.54059,-82.59192,N,NULL,NULL,NULL,NULL,NULL,NULL,NULL,NULL,5,3,4,3,1,1,2,2,7,3,N,NULL,Y,N,1622,1635,,N,NULL,49,,1,N,,N,N,098-US-0023-0,NULL,NULL,2019,O,7.24E+11,098-US-0023  -000,HIGH,098-US-0023  -000,30.911,0,1,1,1,0,0,0,0,0,0,0,1,0,1
412,72299442,980100,2.02E+11,20190103,1633,,HAROLDS BRANCH,,RD,,,0,098 CS-1223,CS1223,Y,N,NULL,NULL,NULL,N,NULL,NULL,NULL,NULL,NULL,NULL,0.006,NULL,NULL,NULL,NULL,,NULL,0,0,2,2,Y,N,15,NULL,98,9801,NULL,,Y,37.47275,-82.52264,N,NULL,NULL,NULL,NULL,NULL,NULL,NULL,NULL,8,97,,4,1,1,2,2,1,3,N,NULL,Y,N,1633,1633,1640,N,NULL,90,,,N,,N,N,098-CS-1223-0,NULL,NULL,2019,O,7.23E+11,098-CS-1223  -000,HIGH,098-CS-1223  -000,0.006,0,0,0,1,0,0,1,0,0,0,0,0,0,1
413,72370649,980100,2.02E+11,20190623,1417,,CASSIDY,,BLVD,,,0,098 CS-1191,CS1191,Y,N,NULL,NULL,NULL,N,NULL,NULL,NULL,NULL,NULL,NULL,0.288,NULL,NULL,NULL,NULL,,NULL,0,0,2,2,N,N,,NULL,98,9801,NULL,,Y,37.50496,-82.53658,N,NULL,NULL,NULL,NULL,NULL,NULL,NULL,NULL,2,97,,6,1,1,2,2,5,3,N,NULL,Y,N,1417,1423,1423,N,NULL,90,,,N,,N,N,098-CS-1191-0,NULL,NULL,2019,O,7.24E+11,098-CS-1191  -000,HIGH,098-CS-1191  -000,0.288,0,0,0,0,0,0,1,0,0,0,0,0,0,1
414,72356085,980200,ELK4125-64-19,20190406,1126,,KY80,,,KY0080,KY0080,0,098 KY-80,KY0080,Y,N,NULL,NULL,NULL,N,NULL,NULL,NULL,NULL,NULL,NULL,5.666,NULL,NULL,NULL,NULL,,NULL,0,0,1,1,N,N,5,NULL,98,9802,NULL,,Y,37.29968,-82.32271,N,NULL,NULL,NULL,NULL,NULL,NULL,NULL,NULL,9,97,2,3,1,1,3,2,4,3,N,NULL,Y,N,1120,1126,1126,N,NULL,90,7,0,N,,N,N,098-KY-0080-0,NULL,NULL,2019,O,7.24E+11,098-KY-0080  -000,HIGH,098-KY-0080  -000,5.666,0,0,0,0,0,0,0,0,0,0,0,0,0,0
415,72316591,980000,1902005,20190215,655,,KY632,,,KY0632,KY0632,0,098 KY-632,KY0632,N,N,NULL,NULL,NULL,N,NULL,NULL,NULL,NULL,NULL,NULL,10.265,NULL,NULL,NULL,NULL,,NULL,0,0,1,1,N,N,55,NULL,98,9804,6,E,N,37.48601,-82.18996,N,NULL,NULL,NULL,NULL,NULL,NULL,NULL,NULL,9,3,2,6,1,1,3,1,7,3,N,NULL,Y,Y,655,655,730,N,NULL,44,6,0,N,,N,N,098-KY-0632-0,NULL,NULL,2019,O,7.23E+11,098-KY-0632  -000,HIGH,098-KY-0632  -000,10.265,0,0,0,0,0,0,0,0,0,0,0,1,0,0
416,72354951,980100,2.02E+11,20190519,1827,,CASSIDY,,BLVD,,,,,,Y,N,NULL,NULL,NULL,N,NULL,NULL,NULL,NULL,NULL,NULL,0.279,NULL,NULL,NULL,NULL,,NULL,0,0,2,2,N,N,,NULL,98,9801,NULL,,Y,37.5048,-82.53642,N,NULL,NULL,NULL,NULL,NULL,NULL,NULL,NULL,8,97,0,6,1,1,2,2,1,3,N,NULL,Y,N,1827,1834,1834,N,NULL,90,,,N,,N,N,,NULL,NULL,2019,O,7.24E+11,098-CS-1191  -000,MEDIUM,098-CS-1191  -000,0.279,0,0,0,0,0,0,0,0,0,1,0,0,0,1
417,72382751,980100,2.02E+11,20190710,1551,,KY1469,,,KY1469,KY1469,0,098 KY-1469,KY1469,N,N,NULL,NULL,NULL,N,NULL,NULL,NULL,NULL,NULL,NULL,13.39,NULL,NULL,NULL,NULL,,NULL,0,0,2,2,N,N,55,NULL,98,9801,5,S,N,37.35876,-82.56731,N,NULL,NULL,NULL,NULL,NULL,NULL,NULL,NULL,1,3,2,6,1,1,2,2,1,3,N,NULL,Y,N,1551,1551,,N,NULL,55,7,0,N,,N,N,098-KY-1469-0,NULL,NULL,2019,O,7.24E+11,098-KY-1469  -000,HIGH,098-KY-1469  -000,13.39,0,0,0,0,0,0,0,0,0,0,0,0,0,0
418,72391239,KSP0900,19-30454,20190808,2102,,TOLER,,RD,KY0319,KY0319,0,098 KY-319,KY0319,N,N,NULL,NULL,NULL,N,NULL,NULL,NULL,NULL,NULL,NULL,1.13,NULL,NULL,NULL,NULL,,NULL,0,0,1,1,N,N,55,NULL,98,9842,NULL,,Y,37.58635,-82.19706,N,NULL,NULL,NULL,NULL,NULL,NULL,NULL,NULL,9,4,2,2,1,1,2,6,7,3,N,NULL,Y,N,2102,2127,2259,Y,NULL,44,7,0,N,,N,N,098-KY-0319-0,NULL,NULL,2019,O,7.24E+11,098-KY-0319  -000,HIGH,098-KY-0319  -000,1.13,0,0,0,0,0,0,1,0,0,0,0,1,0,0
419,72825937,980100,2.02E+11,20221023,2003,,DIVISION,,ST,,,0,098 CS-1130,CS1130,Y,N,NULL,NULL,NULL,N,NULL,NULL,NULL,NULL,NULL,NULL,0.154,NULL,NULL,NULL,NULL,,NULL,0,0,1,1,N,N,,NULL,98,9801,NULL,,Y,37.47924,-82.51677,N,NULL,NULL,NULL,NULL,NULL,NULL,NULL,NULL,9,97,,6,3,1,3,7,1,3,N,NULL,Y,Y,2003,2013,,Y,NULL,90,,,N,,N,N,098-CS-1130-0,NULL,NULL,2022,O,7.28E+11,098-CS-1130  -000,HIGH,098-CS-1130  -000,0.154,0,0,0,0,0,0,1,0,0,0,0,0,0,1