OBJECTID,MasterFile,AgencyORINumber,LocalCode,CollisionDate,CollisionTime,CollisionDayWeekCode,RoadwayName,RoadwayName_Direction_,RoadwayName_RoadwaySuffix_,RoadwayfromReport,CurrentRoadwayNumber,RoadwayNumberCoupletID,RSEUniqueGIS,RoadwayIdentifier,ParkingLotIndicator,IntersectionWith_Indicator_,IntersectionWith_NameRoadway_,IntersectionWith_Direction_,IntersectionWith_RoadwaySuffix_,BetweenStreets_Indicator_,BetweenStreets1_NameRoadway_,BetweenStreet1_Direction_,BetweenStreets1_RoadwaySuffix_,BetweenStreets2_NameRoadway_,BetweenStreets2_Direction_,BetweenStreets2_RoadwaySuffix_,Milepoint,ReportMilepointDeriveNumber,CurrentDerivedMiepointNumber,MilestoMilepoint,FeettoMilepoint,DirectionfromMilepoint_NSEW_,ValidMilepointIndicator,NumberInjured,NumberKilled,ofUnits,ofMotorVehicleUnits,Hit&RunIndicator,OneWayIndicator,SpeedLimitNumber,KilometersIndicator,CountyCode,CityCountyCode,MilesFromCity,DirectionFromCity_NSEW_,InCityLimitsIndicator,Latitude,Longitude,RampIndicator,RampFromIdentifier,RampFromDirCode,RampFromCoupletID,RSEUniqueGISRampFrom,RampToidentifier,RampToDirCode,RampToCoupletID,RSEUniqueGisRampTo,MannerofCollisionCode,LocationFirstEventCode,TotalLanes,RoadwayCharacterCode,RoadwaySurfaceCode,RoadwayConditionCode,WeatherCode,LightConditionCode,LandUseCode,SchoolBusRelatedCode,FirstAidSceneIndicator,CollDescPresentInd,InvestigationCompleteIndicator,PhotosTakenIndicator,TimeNotified,TimeArrived,TimeRoadwayOpened,PropertyDamageIndicator,DiagramPresentIndicator,DirectionalAnalysis,FunctionClassCode,NationalHwySysCode,EnforcementsIndicator,KARSCityCode,SecondaryCollisionIndicator,MedianCrossoverIndicator,RT_UNIQUE,MapIt,TimeLastLeft,YR,KABCO,MFNY,WorkingRID,RT_CONFIDENCE,KTC_RT,KTC_MP,Motorcyclist,Commercial Vehicle,Young Driver,Mature Driver,Pedestrian,Bicyclist,Distracted,Aggressive,Impaired,Unrestrained,Intersection,Roadway Departure,Median Cross-over,City Crash
420,72388992,KSP0900,19-29250,20190731,2159,,ISLAND CREEK,,RD,,,0,098 CR-1141,CR1141,N,N,NULL,NULL,NULL,N,NULL,NULL,NULL,NULL,NULL,NULL,3.892,NULL,NULL,NULL,NULL,,NULL,0,0,1,1,N,N,35,NULL,98,9801,NULL,,Y,37.42529,-82.30415,N,NULL,NULL,NULL,NULL,NULL,NULL,NULL,NULL,9,3,2,6,1,1,2,6,7,3,N,NULL,Y,N,2203,2218,,Y,NULL,70,,,Y,,N,N,098-CR-1141-0,NULL,NULL,2019,O,7.24E+11,098-CR-1141  -000,HIGH,098-CR-1141  -000,3.892,0,0,0,0,0,0,0,0,1,1,0,1,0,0
421,72351031,KSP0900,19-15807,20190502,1450,,FERRELLS CREEK,,RD,US0460,US0460,0,098 US-460,US0460,N,N,NULL,NULL,NULL,N,NULL,NULL,NULL,NULL,NULL,NULL,22.544,NULL,NULL,NULL,NULL,,NULL,0,0,1,1,N,N,55,NULL,98,9847,NULL,,Y,37.38178,-82.25491,N,NULL,NULL,NULL,NULL,NULL,NULL,NULL,NULL,9,3,2,6,1,5,3,2,7,3,N,NULL,N,N,1451,1453,,N,NULL,70,,1,N,,N,N,098-US-0460-0,NULL,NULL,2019,O,7.24E+11,098-US-0460  -000,HIGH,098-US-0460  -000,22.544,0,0,0,0,0,0,0,0,0,0,0,0,0,0
422,72400458,KSP0900,19-33574,20190829,1300,,KY3174,,,KY3174,KY3174,0,098 KY-3174,KY3174,N,N,NULL,NULL,NULL,N,NULL,NULL,NULL,NULL,NULL,NULL,0.922,NULL,NULL,NULL,NULL,,NULL,0,0,1,1,N,N,55,NULL,98,9823,NULL,,Y,37.39003,-82.51588,N,NULL,NULL,NULL,NULL,NULL,NULL,NULL,NULL,9,3,4,1,1,1,2,2,7,3,N,NULL,Y,Y,1300,1310,,N,NULL,44,,0,N,,N,N,098-KY-3174-0,NULL,NULL,2019,O,7.24E+11,098-KY-3174  -000,HIGH,098-KY-3174  -000,0.922,0,0,0,1,0,0,0,0,0,0,0,1,0,0
423,72388714,KSP0900,19-28896,20190729,1412,,KY632,,,KY0632,KY0632,0,098 KY-632,KY0632,N,N,NULL,NULL,NULL,N,NULL,NULL,NULL,NULL,NULL,NULL,8.696,NULL,NULL,NULL,NULL,,NULL,0,0,1,1,N,N,55,NULL,98,9804,NULL,,Y,37.48446,-82.21772,N,NULL,NULL,NULL,NULL,NULL,NULL,NULL,NULL,9,6,2,3,1,1,3,2,7,3,N,NULL,Y,Y,1417,1452,1452,N,NULL,44,6,0,N,,N,N,098-KY-0632-0,NULL,NULL,2019,O,7.24E+11,098-KY-0632  -000,HIGH,098-KY-0632  -000,8.696,0,0,0,0,0,0,1,0,0,0,0,1,0,0
424,72312150,980100,2.02E+11,20190205,1557,,REDALE,,RD,,,0,098 CS-1244,CS1244,Y,N,NULL,NULL,NULL,N,NULL,NULL,NULL,NULL,NULL,NULL,0.048,NULL,NULL,NULL,NULL,,NULL,0,0,2,2,N,N,15,NULL,98,9801,NULL,,Y,37.48704,-82.52441,N,NULL,NULL,NULL,NULL,NULL,NULL,NULL,NULL,7,97,,6,1,1,2,2,6,3,N,NULL,Y,N,1557,1603,,N,NULL,90,,,N,,N,N,098-CS-1244-0,NULL,NULL,2019,O,7.23E+11,098-CS-1244  -000,HIGH,098-CS-1244  -000,0.048,0,0,0,1,0,0,0,0,0,0,0,0,0,1
425,72430703,980100,2.02E+11,20191103,1540,,KY3496,,,KY3496,KY3496,,,,Y,N,NULL,NULL,NULL,N,NULL,NULL,NULL,NULL,NULL,NULL,0.861,NULL,NULL,NULL,NULL,,NULL,0,0,2,2,N,N,15,NULL,98,9801,NULL,,Y,37.47204,-82.5284,N,NULL,NULL,NULL,NULL,NULL,NULL,NULL,NULL,2,97,2,6,1,1,2,2,1,3,N,NULL,Y,N,1540,1547,,N,NULL,90,16,0,N,,N,N,,NULL,NULL,2019,O,7.24E+11,098-KY-3496  -000,HIGH,098-KY-3496  -000,0.861,0,0,0,0,0,0,1,0,0,0,0,0,0,1
426,72353041,KSP0900,19-16726,20190509,1300,,US119,,,US0119,US0119,0,098 US-119,US0119,N,N,NULL,NULL,NULL,N,NULL,NULL,NULL,NULL,NULL,NULL,22.642,NULL,NULL,NULL,NULL,,NULL,0,0,2,2,N,N,55,NULL,98,9834,NULL,,Y,37.64122,-82.25974,N,NULL,NULL,NULL,NULL,NULL,NULL,NULL,NULL,1,3,4,6,1,1,2,2,7,3,N,NULL,Y,N,1300,1305,1315,N,NULL,55,2,1,N,,N,N,098-US-0119-0,NULL,NULL,2019,O,7.24E+11,098-US-0119  -000,HIGH,098-US-0119  -000,22.642,0,0,0,0,0,0,1,0,0,0,0,0,0,0
427,72648979,KSP0900,21-292163,20210715,650,,KY1056,,,KY1056,KY1056,0,098 KY-1056,KY1056,N,N,NULL,NULL,NULL,N,NULL,NULL,NULL,NULL,NULL,NULL,1.773,NULL,NULL,NULL,NULL,,NULL,1,0,1,1,N,N,55,NULL,98,9851,NULL,,Y,37.56421,-82.23743,N,NULL,NULL,NULL,NULL,NULL,NULL,NULL,NULL,9,5,2,2,1,1,2,2,7,3,Y,NULL,Y,Y,650,753,820,N,NULL,51,8,0,N,,N,N,098-KY-1056-0,NULL,NULL,2021,B,7.26E+11,098-KY-1056  -000,HIGH,098-KY-1056  -000,1.773,0,0,0,0,0,0,0,0,0,0,0,1,0,0
428,72429833,980100,2.02E+11,20191028,1015,,US23,,,US0023,US0023,0,098 US-23,US0023,N,N,NULL,NULL,NULL,N,NULL,NULL,NULL,NULL,NULL,NULL,24.719,NULL,NULL,NULL,NULL,,NULL,1,0,2,2,N,N,55,NULL,98,9801,NULL,,Y,37.48475,-82.54286,N,NULL,NULL,NULL,NULL,NULL,NULL,NULL,NULL,5,3,4,6,1,1,2,2,1,3,N,NULL,Y,Y,1132,1136,1208,N,NULL,49,,1,N,,Y,N,098-US-0023-0,NULL,NULL,2019,B,7.24E+11,098-US-0023  -000,HIGH,098-US-0023  -000,24.719,0,0,0,0,0,0,1,0,0,0,0,0,0,1
429,72379579,KSP0900,19-24990,20190703,1708,,APPALACHIAN,,PLZ,,,0,098 PR-1008,PR1008,Y,N,NULL,NULL,NULL,N,NULL,NULL,NULL,NULL,NULL,NULL,0.082,NULL,NULL,NULL,NULL,,NULL,0,0,2,2,Y,N,,NULL,98,9834,NULL,,Y,37.66653,-82.27472,N,NULL,NULL,NULL,NULL,NULL,NULL,NULL,NULL,8,97,2,6,1,1,2,2,1,3,N,NULL,Y,N,1708,1735,1708,N,NULL,90,,,N,,N,N,098-PR-1008-0,NULL,NULL,2019,O,7.24E+11,098-PR-1008  -000,HIGH,098-PR-1008  -000,0.082,0,0,0,0,0,0,1,0,0,0,0,0,0,0
430,72368243,980000,1906004,20190618,1110,,US119,,,US0119,US0119,0,098 US-119,US0119,N,N,NULL,NULL,NULL,N,NULL,NULL,NULL,NULL,NULL,NULL,21.725,NULL,NULL,NULL,NULL,,NULL,0,0,1,1,N,N,55,NULL,98,9836,1,N,N,37.62975,-82.2616,N,NULL,NULL,NULL,NULL,NULL,NULL,NULL,NULL,9,3,4,3,1,5,6,2,7,3,N,NULL,Y,Y,1110,1110,1146,N,NULL,40,2,1,N,,N,N,098-US-0119-0,NULL,NULL,2019,O,7.24E+11,098-US-0119  -000,HIGH,098-US-0119  -000,21.725,0,0,0,1,0,0,0,0,0,0,0,1,0,0
431,72399456,980100,2.02E+11,20190822,1010,,LYKINS,,CRK,,,,,,N,N,NULL,NULL,NULL,N,NULL,NULL,NULL,NULL,NULL,NULL,0.279,NULL,NULL,NULL,NULL,,NULL,0,0,2,2,N,N,35,NULL,98,9801,NULL,,Y,37.50432,-82.54874,N,NULL,NULL,NULL,NULL,NULL,NULL,NULL,NULL,3,3,1,3,1,1,2,2,6,3,N,NULL,Y,N,1010,1020,,N,NULL,52,,,N,,N,N,,NULL,NULL,2019,O,7.24E+11,098-CS-1249  -000,HIGH,098-CS-1249  -000,0.279,0,0,1,0,0,0,1,0,0,0,0,1,0,1
432,72405655,980500,2019AR059,20190910,1725,,US23 CROSSOVER,,,US0023,US0023,0,098 US-23-43,US0023,N,N,NULL,NULL,NULL,N,NULL,NULL,NULL,NULL,NULL,NULL,0.008,NULL,NULL,NULL,NULL,,NULL,0,0,2,2,N,N,45,NULL,98,9807,NULL,,Y,37.5202,-82.56802,N,NULL,NULL,NULL,NULL,NULL,NULL,NULL,NULL,5,3,6,6,1,1,2,2,7,3,N,NULL,Y,N,1726,1730,1735,N,NULL,49,,1,Y,,N,N,098-US-0023-43,NULL,NULL,2019,O,7.24E+11,098-US-0023  -043,HIGH,098-US-0023  -043,0.008,0,0,0,0,0,0,0,1,0,0,0,0,0,0
433,72365561,980100,2.02E+11,20190603,1644,,MAIN,,ST,,,,,,Y,N,NULL,NULL,NULL,N,NULL,NULL,NULL,NULL,NULL,NULL,0.091,NULL,NULL,NULL,NULL,,NULL,0,0,2,2,Y,N,15,NULL,98,9801,NULL,,Y,37.47893,-82.51788,N,NULL,NULL,NULL,NULL,NULL,NULL,NULL,NULL,7,97,1,6,1,1,2,2,7,3,N,NULL,Y,N,1644,1648,1648,N,NULL,90,,,N,,N,N,,NULL,NULL,2019,O,7.24E+11,098-CS-1112  -000,HIGH,098-CS-1112  -000,0.091,0,0,0,0,0,0,1,0,0,0,0,0,0,1
434,72323016,980100,2.02E+11,20190303,2033,,CASSIDY,,BLVD,,,,,,N,N,NULL,NULL,NULL,N,NULL,NULL,NULL,NULL,NULL,NULL,0.162,NULL,NULL,NULL,NULL,,NULL,0,0,2,2,N,N,35,NULL,98,9801,NULL,,Y,37.5037,-82.53468,N,NULL,NULL,NULL,NULL,NULL,NULL,NULL,NULL,4,3,4,3,1,5,9,5,1,3,N,NULL,Y,N,2034,2037,,N,NULL,70,,,N,,N,N,,NULL,NULL,2019,O,7.23E+11,098-CS-1191  -000,MEDIUM,098-CS-1191  -000,0.162,0,0,0,0,0,0,1,1,0,0,0,0,0,1
435,72322896,KSP0900,19-6507,20190227,720,,KY632,,,KY0632,KY0632,0,098 KY-632,KY0632,N,N,NULL,NULL,NULL,N,NULL,NULL,NULL,NULL,NULL,NULL,2.357,NULL,NULL,NULL,NULL,,NULL,0,0,1,1,N,N,55,NULL,98,9801,NULL,,Y,37.48914,-82.31717,N,NULL,NULL,NULL,NULL,NULL,NULL,NULL,NULL,9,4,2,3,1,1,2,2,7,3,N,NULL,Y,N,721,747,800,N,NULL,44,6,0,Y,,N,N,098-KY-0632-0,NULL,NULL,2019,O,7.23E+11,098-KY-0632  -000,HIGH,098-KY-0632  -000,2.357,0,0,0,0,0,0,0,0,1,0,0,1,0,0
436,72331918,980100,2.02E+11,20190322,1330,,HAMBLEY,,BLVD,,,0,098 CS-1222,CS1222,N,N,NULL,NULL,NULL,N,NULL,NULL,NULL,NULL,NULL,NULL,0.236,NULL,NULL,NULL,NULL,,NULL,0,0,2,2,N,N,25,NULL,98,9801,NULL,,Y,37.47556,-82.52341,N,NULL,NULL,NULL,NULL,NULL,NULL,NULL,NULL,1,3,2,6,1,1,2,2,1,3,N,NULL,Y,N,1330,1333,,N,NULL,55,,,N,,N,N,098-CS-1222-0,NULL,NULL,2019,O,7.23E+11,098-CS-1222  -000,HIGH,098-CS-1222  -000,0.236,0,0,0,0,0,0,1,0,0,0,0,0,0,1
437,72326251,KSP0900,19-7723,20190310,155,,US23,,,US0023,US0023,0,098 US-23,US0023,N,N,NULL,NULL,NULL,N,NULL,NULL,NULL,NULL,NULL,NULL,5.389,NULL,NULL,NULL,NULL,,NULL,1,0,1,1,N,N,55,NULL,98,9809,NULL,,Y,37.28325,-82.55885,N,NULL,NULL,NULL,NULL,NULL,NULL,NULL,NULL,9,97,4,4,1,5,6,5,7,3,Y,NULL,Y,Y,158,309,158,N,NULL,70,,1,Y,,N,Y,098-US-0023-0,NULL,NULL,2019,B,7.23E+11,098-US-0023  -000,HIGH,098-US-0023  -000,5.389,0,0,0,0,0,0,0,0,1,0,0,1,0,0
438,72383061,KSP0900,19-27606,20190720,1349,,KY1056,,,KY1056,KY1056,0,098 KY-1056,KY1056,Y,N,NULL,NULL,NULL,N,NULL,NULL,NULL,NULL,NULL,NULL,11.328,NULL,NULL,NULL,NULL,,NULL,0,0,2,2,Y,N,35,NULL,98,9863,NULL,,Y,37.61768,-82.166,N,NULL,NULL,NULL,NULL,NULL,NULL,NULL,NULL,1,7,2,6,1,1,2,2,1,3,N,NULL,Y,N,1349,1400,1400,N,NULL,90,7,0,N,,N,N,098-KY-1056-0,NULL,NULL,2019,O,7.24E+11,098-KY-1056  -000,HIGH,098-KY-1056  -000,11.328,0,0,0,1,0,0,0,0,0,0,0,0,0,0
439,72388614,980100,2.02E+11,20190731,1550,,US23,,,US0023,US0023,,,,N,Y,CEDAR HILLS,,RD,N,NULL,NULL,NULL,NULL,NULL,NULL,22.941,NULL,NULL,NULL,NULL,,NULL,0,0,2,2,N,N,55,NULL,98,9801,NULL,,Y,37.46536,-82.52597,N,NULL,NULL,NULL,NULL,NULL,NULL,NULL,NULL,5,3,4,6,1,5,3,2,7,3,N,NULL,Y,N,1550,1557,1653,N,NULL,35,,1,N,,N,N,,NULL,NULL,2019,O,7.24E+11,098-US-0023  -010,MEDIUM,098-US-0023  -000,22.941,0,0,0,0,0,0,1,1,0,0,1,0,0,1
440,72370840,KSP0900,2019-23084,20190621,1431,,US460,,,US0460,US0460,0,098 US-460,US0460,N,N,NULL,NULL,NULL,N,NULL,NULL,NULL,NULL,NULL,NULL,9.887,NULL,NULL,NULL,NULL,,NULL,0,0,2,2,Y,N,55,NULL,98,9805,NULL,,Y,37.36369,-82.40714,N,NULL,NULL,NULL,NULL,NULL,NULL,NULL,NULL,5,3,2,3,1,1,2,2,7,3,N,NULL,N,N,1433,1447,1505,N,NULL,49,,1,N,,N,N,098-US-0460-0,NULL,NULL,2019,O,7.24E+11,098-US-0460  -000,HIGH,098-US-0460  -000,9.887,0,0,0,0,0,0,1,0,0,0,0,0,0,0
441,72332771,KSP0900,19-10094,20190327,1914,,ELKHORN,,CRK,KY0197,KY0197,0,098 KY-197,KY0197,N,N,NULL,NULL,NULL,N,NULL,NULL,NULL,NULL,NULL,NULL,7.564,NULL,NULL,NULL,NULL,,NULL,0,0,2,2,N,N,55,NULL,98,9802,6,W,N,37.25895,-82.46422,N,NULL,NULL,NULL,NULL,NULL,NULL,NULL,NULL,5,3,2,6,1,1,2,2,7,3,N,NULL,N,N,1917,1950,,N,NULL,49,7,0,N,,N,N,098-KY-0197-0,NULL,NULL,2019,O,7.23E+11,098-KY-0197  -000,HIGH,098-KY-0197  -000,7.564,0,0,0,0,0,0,0,1,0,0,0,0,0,0
442,72320887,980500,2019AR015,20190226,1200,,N MAYO TRAIL,,,,,,,,Y,N,NULL,NULL,NULL,N,NULL,NULL,NULL,NULL,NULL,NULL,,NULL,NULL,NULL,NULL,NULL,NULL,0,0,2,2,N,N,15,NULL,98,9807,NULL,,Y,37.52448,-82.57349,N,NULL,NULL,NULL,NULL,NULL,NULL,NULL,NULL,2,97,2,6,1,1,2,2,1,3,N,NULL,Y,Y,1200,1202,1218,N,NULL,90,,,N,,N,N,,NULL,NULL,2019,O,7.23E+11,098-US-0023  -010,MEDIUM,098-US-0023  -000,29.079,0,0,0,1,0,0,0,0,0,0,0,0,0,0
443,72329900,980100,2.02E+11,20190315,1615,,CHLOE,,RD,KY1460,KY1460,0,098 KY-1460,KY1460,N,N,NULL,NULL,NULL,N,NULL,NULL,NULL,NULL,NULL,NULL,4.111,NULL,NULL,NULL,NULL,,NULL,0,0,1,1,N,N,35,NULL,98,9801,NULL,,Y,37.47625,-82.49866,N,NULL,NULL,NULL,NULL,NULL,NULL,NULL,NULL,9,3,2,3,1,1,2,2,6,3,N,NULL,Y,N,1615,1622,1635,N,NULL,70,,0,N,,N,N,098-KY-1460-0,NULL,NULL,2019,O,7.23E+11,098-KY-1460  -000,HIGH,098-KY-1460  -000,4.111,0,0,1,0,0,0,0,0,0,0,0,1,0,1
444,72381653,980500,2019AR051,20190715,1740,,MAIN,,ST,,,0,098 CS-3000,CS3000,N,N,NULL,NULL,NULL,N,NULL,NULL,NULL,NULL,NULL,NULL,0.454,NULL,NULL,NULL,NULL,,NULL,0,0,2,2,N,N,25,NULL,98,9807,NULL,,Y,37.51886,-82.56629,N,NULL,NULL,NULL,NULL,NULL,NULL,NULL,NULL,1,3,2,6,1,5,6,2,7,3,N,NULL,Y,N,1735,1740,,N,NULL,55,,,N,,N,N,098-CS-3000-0,NULL,NULL,2019,O,7.24E+11,098-CS-3000  -000,HIGH,098-CS-3000  -000,0.454,0,0,0,0,0,0,0,1,0,0,0,0,0,0
445,72433919,KSP0900,19-42739,20191030,1527,,LAUREL,,FRK,,,0,098 CR-1168,CR1168,N,N,NULL,NULL,NULL,N,NULL,NULL,NULL,NULL,NULL,NULL,0.645,NULL,NULL,NULL,NULL,,NULL,0,0,2,2,N,N,25,NULL,98,9839,NULL,,Y,37.39182,-82.20034,N,NULL,NULL,NULL,NULL,NULL,NULL,NULL,NULL,7,3,1,3,1,5,6,2,7,1,N,NULL,Y,Y,1554,1711,,N,NULL,54,,,N,,N,N,098-CR-1168-0,NULL,NULL,2019,O,7.24E+11,098-CR-1168  -000,HIGH,098-CR-1168  -000,0.645,0,0,0,0,0,0,0,0,0,0,0,1,0,0
446,72312823,KSP0900,19-4025,20190206,1900,,KY194,,,KY0194,KY0194,,,,N,N,NULL,NULL,NULL,N,NULL,NULL,NULL,NULL,NULL,NULL,20.03,NULL,NULL,NULL,NULL,,NULL,0,0,2,2,N,N,55,NULL,98,9820,NULL,,Y,37.54725,-82.40348,N,NULL,NULL,NULL,NULL,NULL,NULL,NULL,NULL,5,3,2,3,1,5,6,6,7,3,N,NULL,N,N,1913,1938,1938,N,NULL,70,6,0,N,,N,N,,NULL,NULL,2019,O,7.23E+11,098-KY-0194  -000,MEDIUM,098-KY-0194  -000,20.03,0,0,0,0,0,0,0,1,0,0,0,0,0,0
447,72332680,980100,2.02E+11,20190327,1754,,OAK,,LN,,,,,,N,N,NULL,NULL,NULL,N,NULL,NULL,NULL,NULL,NULL,NULL,0.017,NULL,NULL,NULL,NULL,,NULL,0,0,2,2,N,N,15,NULL,98,9801,NULL,,Y,37.48354,-82.54051,N,NULL,NULL,NULL,NULL,NULL,NULL,NULL,NULL,2,3,2,6,1,1,2,2,6,3,N,NULL,N,N,1757,1801,1801,N,NULL,47,,,N,,N,N,,NULL,NULL,2019,O,7.23E+11,098-CS-1096  -000,HIGH,098-CS-1096  -000,0.017,0,0,0,1,0,0,1,0,0,0,0,0,0,1
448,72451923,980100,2.02E+11,20191216,1420,,CASSIDY,,BLVD,,,,,,Y,N,NULL,NULL,NULL,N,NULL,NULL,NULL,NULL,NULL,NULL,0.234,NULL,NULL,NULL,NULL,,NULL,0,0,2,2,N,Y,15,NULL,98,9801,NULL,,Y,37.50391,-82.53577,N,NULL,NULL,NULL,NULL,NULL,NULL,NULL,NULL,6,97,1,6,1,5,6,2,1,3,N,NULL,Y,N,1420,1430,,N,NULL,90,,,N,,N,N,,NULL,NULL,2019,O,7.25E+11,098-CS-1191  -000,MEDIUM,098-CS-1191  -000,0.234,0,0,0,0,0,0,1,0,0,0,0,0,0,1
449,72367409,KSP0900,19-22278,20190615,1850,,BRUSHY,,RD,,,0,098 CR-1429Q4,CR1429Q4,N,N,NULL,NULL,NULL,N,NULL,NULL,NULL,NULL,NULL,NULL,0.733,NULL,NULL,NULL,NULL,,NULL,0,0,2,2,N,N,35,NULL,98,9820,NULL,,Y,37.66777,-82.48972,N,NULL,NULL,NULL,NULL,NULL,NULL,NULL,NULL,7,3,1,3,1,1,2,2,7,3,N,NULL,Y,N,1850,1851,,N,NULL,54,,,N,,N,N,098-CR-1429Q4-0,NULL,NULL,2019,O,7.24E+11,098-CR-1429Q4-000,HIGH,098-CR-1429Q4-000,0.733,0,0,0,0,0,0,0,1,0,0,0,1,0,0
450,72357371,KSP0900,19-17934,20190517,2245,,US23,,,US0023,US0023,0,098 US-23,US0023,N,N,NULL,NULL,NULL,N,NULL,NULL,NULL,NULL,NULL,NULL,28.664,NULL,NULL,NULL,NULL,,NULL,1,0,2,2,N,N,55,NULL,98,9807,NULL,,Y,37.52042,-82.5679,N,NULL,NULL,NULL,NULL,NULL,NULL,NULL,NULL,1,3,4,6,1,1,2,5,7,3,N,NULL,Y,Y,2250,2308,,N,NULL,55,,1,N,,N,N,098-US-0023-0,NULL,NULL,2019,B,7.24E+11,098-US-0023  -000,HIGH,098-US-0023  -000,28.664,0,0,1,0,0,0,0,1,0,0,0,0,0,0
451,72347893,980100,2.02E+11,20190503,1210,,US23,,,US0023,US0023,0,098 US-23,US0023,N,N,NULL,NULL,NULL,N,NULL,NULL,NULL,NULL,NULL,NULL,26.217,NULL,NULL,NULL,NULL,,NULL,0,0,2,2,N,N,55,NULL,98,9801,NULL,,Y,37.50272,-82.53203,N,NULL,NULL,NULL,NULL,NULL,NULL,NULL,NULL,5,3,4,6,1,1,3,2,1,3,N,NULL,Y,N,1210,1210,1212,N,NULL,49,,1,N,,N,N,098-US-0023-0,NULL,NULL,2019,O,7.23E+11,098-US-0023  -000,HIGH,098-US-0023  -000,26.217,0,0,1,0,0,0,1,0,0,1,0,0,0,1
452,72319302,980100,2.02E+11,20190222,1906,,MAIN,,ST,,,0,098 CS-1112,CS1112,N,N,NULL,NULL,NULL,N,NULL,NULL,NULL,NULL,NULL,NULL,0.055,NULL,NULL,NULL,NULL,,NULL,0,0,2,2,N,Y,15,NULL,98,9801,NULL,,Y,37.47844,-82.51814,N,NULL,NULL,NULL,NULL,NULL,NULL,NULL,NULL,1,3,1,6,1,5,6,5,7,3,N,NULL,Y,N,1906,1922,1930,N,NULL,55,,,N,,N,N,098-CS-1112-0,NULL,NULL,2019,O,7.23E+11,098-CS-1112  -000,HIGH,098-CS-1112  -000,0.055,0,0,0,0,0,0,0,1,0,0,0,0,0,1
453,72370541,KSP0900,19-22357,20190616,847,,CHLOE,,RD,KY1460,KY1460,0,098 KY-1460,KY1460,N,N,NULL,NULL,NULL,N,NULL,NULL,NULL,NULL,NULL,NULL,1.86,NULL,NULL,NULL,NULL,,NULL,0,0,1,1,N,N,45,NULL,98,9801,NULL,,Y,37.45658,-82.47824,N,NULL,NULL,NULL,NULL,NULL,NULL,NULL,NULL,9,3,2,6,1,1,2,2,7,3,N,NULL,Y,N,850,930,,N,NULL,38,,0,N,,N,N,098-KY-1460-0,NULL,NULL,2019,O,7.24E+11,098-KY-1460  -000,HIGH,098-KY-1460  -000,1.86,0,0,0,0,0,0,0,0,0,0,0,0,0,0
454,72329985,980100,2.02E+11,20190320,1126,,US23,,,US0023,US0023,,,,Y,N,NULL,NULL,NULL,N,NULL,NULL,NULL,NULL,NULL,NULL,21.54,NULL,NULL,NULL,NULL,,NULL,0,0,2,2,N,N,,NULL,98,9801,NULL,,Y,37.45246,-82.52333,N,NULL,NULL,NULL,NULL,NULL,NULL,NULL,NULL,2,97,4,6,1,1,2,2,1,3,N,NULL,N,N,1126,1132,1132,N,NULL,90,,1,N,,N,N,,NULL,NULL,2019,O,7.23E+11,098-US-0023  -010,MEDIUM,098-US-0023  -000,21.54,0,0,0,0,0,0,1,0,0,0,0,0,0,1
455,72427226,KSP0900,19-42101,20191026,1123,,US119,,,US0119,US0119,0,098 US-119,US0119,N,N,NULL,NULL,NULL,N,NULL,NULL,NULL,NULL,NULL,NULL,22.259,NULL,NULL,NULL,NULL,,NULL,1,0,2,2,N,N,55,NULL,98,9836,NULL,,Y,37.63541,-82.25899,N,NULL,NULL,NULL,NULL,NULL,NULL,NULL,NULL,1,3,2,6,1,5,2,2,1,3,N,NULL,Y,Y,1123,1136,1231,N,NULL,55,2,1,N,,N,N,098-US-0119-0,NULL,NULL,2019,C,7.24E+11,098-US-0119  -000,HIGH,098-US-0119  -000,22.259,0,0,0,1,0,0,0,1,0,0,0,0,0,0
456,72424779,KSP0900,19-41615,20191022,2246,,WOODMAN SUMMER,,RD,,,0,098 CR-1873,CR1873,N,N,NULL,NULL,NULL,N,NULL,NULL,NULL,NULL,NULL,NULL,0.564,NULL,NULL,NULL,NULL,,NULL,0,0,1,1,N,N,35,NULL,98,9855,NULL,,Y,37.53489,-82.05112,N,NULL,NULL,NULL,NULL,NULL,NULL,NULL,NULL,9,5,1,6,1,1,2,6,7,3,N,NULL,Y,N,2247,2344,2345,N,NULL,51,,,N,,N,N,098-CR-1873-0,NULL,NULL,2019,O,7.24E+11,098-CR-1873  -000,HIGH,098-CR-1873  -000,0.564,0,0,0,0,0,0,0,0,0,0,0,1,0,0
457,72450551,980500,2019AR074,20191213,1432,,MAYO,N,TRL,US0023,US0023,0,098 US-23-10,US0023,N,N,NULL,NULL,NULL,N,NULL,NULL,NULL,NULL,NULL,NULL,,NULL,NULL,NULL,NULL,NULL,NULL,1,0,1,1,N,N,45,NULL,98,9807,NULL,,Y,37.51681,-82.56233,N,NULL,NULL,NULL,NULL,NULL,NULL,NULL,NULL,9,2,6,5,1,1,3,2,7,3,Y,NULL,Y,Y,1434,1437,1511,N,NULL,40,,1,N,,N,N,098-US-0023-10,NULL,NULL,2019,B,7.25E+11,098-US-0023  -010,HIGH,098-US-0023  -000,28.258,0,0,0,0,0,0,1,0,0,1,0,1,1,0