OBJECTID,MasterFile,AgencyORINumber,LocalCode,CollisionDate,CollisionTime,CollisionDayWeekCode,RoadwayName,RoadwayName_Direction_,RoadwayName_RoadwaySuffix_,RoadwayfromReport,CurrentRoadwayNumber,RoadwayNumberCoupletID,RSEUniqueGIS,RoadwayIdentifier,ParkingLotIndicator,IntersectionWith_Indicator_,IntersectionWith_NameRoadway_,IntersectionWith_Direction_,IntersectionWith_RoadwaySuffix_,BetweenStreets_Indicator_,BetweenStreets1_NameRoadway_,BetweenStreet1_Direction_,BetweenStreets1_RoadwaySuffix_,BetweenStreets2_NameRoadway_,BetweenStreets2_Direction_,BetweenStreets2_RoadwaySuffix_,Milepoint,ReportMilepointDeriveNumber,CurrentDerivedMiepointNumber,MilestoMilepoint,FeettoMilepoint,DirectionfromMilepoint_NSEW_,ValidMilepointIndicator,NumberInjured,NumberKilled,ofUnits,ofMotorVehicleUnits,Hit&RunIndicator,OneWayIndicator,SpeedLimitNumber,KilometersIndicator,CountyCode,CityCountyCode,MilesFromCity,DirectionFromCity_NSEW_,InCityLimitsIndicator,Latitude,Longitude,RampIndicator,RampFromIdentifier,RampFromDirCode,RampFromCoupletID,RSEUniqueGISRampFrom,RampToidentifier,RampToDirCode,RampToCoupletID,RSEUniqueGisRampTo,MannerofCollisionCode,LocationFirstEventCode,TotalLanes,RoadwayCharacterCode,RoadwaySurfaceCode,RoadwayConditionCode,WeatherCode,LightConditionCode,LandUseCode,SchoolBusRelatedCode,FirstAidSceneIndicator,CollDescPresentInd,InvestigationCompleteIndicator,PhotosTakenIndicator,TimeNotified,TimeArrived,TimeRoadwayOpened,PropertyDamageIndicator,DiagramPresentIndicator,DirectionalAnalysis,FunctionClassCode,NationalHwySysCode,EnforcementsIndicator,KARSCityCode,SecondaryCollisionIndicator,MedianCrossoverIndicator,RT_UNIQUE,MapIt,TimeLastLeft,YR,KABCO,MFNY,WorkingRID,RT_CONFIDENCE,KTC_RT,KTC_MP,Motorcyclist,Commercial Vehicle,Young Driver,Mature Driver,Pedestrian,Bicyclist,Distracted,Aggressive,Impaired,Unrestrained,Intersection,Roadway Departure,Median Cross-over,City Crash
458,72373424,KSP0900,19-24216,20190628,2145,,CALLAHAN,,BR,,,0,098 CR-1445,CR1445,Y,N,NULL,NULL,NULL,N,NULL,NULL,NULL,NULL,NULL,NULL,0.906,NULL,NULL,NULL,NULL,,NULL,0,0,2,2,N,N,15,NULL,98,9820,NULL,,Y,37.54315,-82.35264,N,NULL,NULL,NULL,NULL,NULL,NULL,NULL,NULL,6,97,1,3,1,1,2,6,7,3,N,NULL,Y,N,2153,2219,2219,N,NULL,90,,,N,,N,N,098-CR-1445-0,NULL,NULL,2019,O,7.24E+11,098-CR-1445  -000,HIGH,098-CR-1445  -000,0.906,0,0,0,0,0,0,0,0,0,0,0,0,0,0
459,72421183,980100,2.02E+11,20191015,2008,,OWSLEY,,RD,KY1384,KY1384,,,,N,N,NULL,NULL,NULL,N,NULL,NULL,NULL,NULL,NULL,NULL,7.173,NULL,NULL,NULL,NULL,,NULL,0,0,1,1,N,N,45,NULL,98,9801,NULL,,Y,37.48042,-82.53656,N,NULL,NULL,NULL,NULL,NULL,NULL,NULL,NULL,9,3,2,6,1,1,2,6,7,3,N,NULL,Y,N,2008,2014,2014,N,NULL,38,16,0,N,,N,N,,NULL,NULL,2019,O,7.24E+11,098-KY-1384  -000,HIGH,098-KY-1384  -000,7.173,0,0,0,0,0,0,0,0,0,0,0,0,0,1
460,72425905,KSP0900,19-41959,20191025,915,,KY194,,,KY0194,KY0194,0,098 KY-194,KY0194,N,N,NULL,NULL,NULL,N,NULL,NULL,NULL,NULL,NULL,NULL,16.067,NULL,NULL,NULL,NULL,,NULL,0,0,1,1,N,N,55,NULL,98,9801,NULL,,Y,37.56661,-82.46587,N,NULL,NULL,NULL,NULL,NULL,NULL,NULL,NULL,9,3,2,3,1,1,2,2,7,3,N,NULL,N,N,915,950,950,Y,NULL,44,7,0,N,,N,N,098-KY-0194-0,NULL,NULL,2019,O,7.24E+11,098-KY-0194  -000,HIGH,098-KY-0194  -000,16.067,0,0,0,0,0,0,0,0,0,0,0,1,0,0
461,72466658,980100,2.02E+11,20200121,1502,,BYPASS,,RD,,,,,,Y,N,NULL,NULL,NULL,N,NULL,NULL,NULL,NULL,NULL,NULL,,NULL,NULL,NULL,NULL,NULL,NULL,0,0,2,2,Y,N,15,NULL,98,9801,NULL,,Y,37.47246,-82.5228,N,NULL,NULL,NULL,NULL,NULL,NULL,NULL,NULL,2,97,2,4,2,1,97,2,1,3,N,NULL,Y,N,1502,1509,,N,NULL,90,,,N,,N,N,,NULL,NULL,2020,O,7.25E+11,098-CS-1223  -000,MEDIUM,098-CS-1223  -000,0.02,0,0,0,1,0,0,0,0,0,0,0,0,0,1
462,72450332,980100,2.02E+11,20191210,1608,,US23,,,US0023,US0023,,,,N,Y,US119,,,N,NULL,NULL,NULL,NULL,NULL,NULL,26.283,NULL,NULL,NULL,NULL,,NULL,0,0,2,2,N,N,55,NULL,98,9801,NULL,,Y,37.50365,-82.53214,N,NULL,NULL,NULL,NULL,NULL,NULL,NULL,NULL,4,3,4,6,1,5,9,5,7,3,N,NULL,Y,N,1608,1611,1611,N,NULL,16,,1,N,,N,N,,NULL,NULL,2019,O,7.25E+11,098-US-0023  -000,MEDIUM,098-US-0023  -000,26.283,0,0,0,0,0,0,1,0,0,0,1,0,0,1
463,72391576,KSP0900,19-29778,20190804,1857,,FERRELLS CREEK,,RD,US0460,US0460,0,098 US-460,US0460,N,N,NULL,NULL,NULL,N,NULL,NULL,NULL,NULL,NULL,NULL,22.525,NULL,NULL,NULL,NULL,,NULL,0,0,2,2,N,N,55,NULL,98,9847,NULL,,Y,37.38206,-82.25488,N,NULL,NULL,NULL,NULL,NULL,NULL,NULL,NULL,7,3,2,6,1,1,2,2,7,3,N,NULL,N,N,1830,1857,,N,NULL,54,,1,Y,,N,N,098-US-0460-0,NULL,NULL,2019,O,7.24E+11,098-US-0460  -000,HIGH,098-US-0460  -000,22.525,0,0,0,1,0,0,1,0,0,0,0,1,0,0
464,72445938,KSP0900,19-47305,20191203,810,,HURRICANE,,CRK,,,0,098 CR-1435,CR1435,N,N,NULL,NULL,NULL,N,NULL,NULL,NULL,NULL,NULL,NULL,1.275,NULL,NULL,NULL,NULL,,NULL,0,0,2,2,N,N,55,NULL,98,9817,NULL,,Y,37.48973,-82.37161,N,NULL,NULL,NULL,NULL,NULL,NULL,NULL,NULL,8,3,2,3,1,1,2,2,7,3,N,NULL,Y,N,810,840,840,N,NULL,53,,,N,,N,N,098-CR-1435-0,NULL,NULL,2019,O,7.24E+11,098-CR-1435  -000,HIGH,098-CR-1435  -000,1.275,0,0,0,0,0,0,1,0,0,0,0,1,0,0
465,72445268,980100,2.02E+11,20191202,2201,,US23,,,US0023,US0023,0,098 US-23,US0023,N,N,NULL,NULL,NULL,N,NULL,NULL,NULL,NULL,NULL,NULL,19.084,NULL,NULL,NULL,NULL,,NULL,1,0,1,1,N,N,55,NULL,98,9801,NULL,,Y,37.44176,-82.50629,N,NULL,NULL,NULL,NULL,NULL,NULL,NULL,NULL,9,3,2,3,1,5,8,5,1,3,N,NULL,Y,N,2204,2205,2243,N,NULL,70,,1,Y,,N,N,098-US-0023-0,NULL,NULL,2019,B,7.24E+11,098-US-0023  -000,HIGH,098-US-0023  -000,19.084,0,0,0,0,0,0,0,0,0,0,0,1,0,1
466,72331601,980100,2.02E+11,20190326,1547,,SOUTH MAYO,,TRL,,,,,,Y,N,NULL,NULL,NULL,N,NULL,NULL,NULL,NULL,NULL,NULL,,NULL,NULL,NULL,NULL,NULL,NULL,0,0,2,2,N,N,15,NULL,98,9801,NULL,,Y,37.46775,-82.5339,N,NULL,NULL,NULL,NULL,NULL,NULL,NULL,NULL,2,97,,6,1,1,2,2,5,3,N,NULL,Y,N,1549,1559,,N,NULL,90,,,N,,N,N,,NULL,NULL,2019,O,7.23E+11,098-CS-1023  -000,MEDIUM,098-CS-1023  -000,0.051,0,0,0,1,0,0,1,0,0,0,0,0,0,0
467,72348651,980100,2.02E+11,20190504,1446,,WALMART PARKING LOT,,,,,,,,Y,N,NULL,NULL,NULL,N,NULL,NULL,NULL,NULL,NULL,NULL,,NULL,NULL,NULL,NULL,NULL,NULL,0,0,2,2,N,Y,15,NULL,98,9801,NULL,,Y,37.50593,-82.53976,N,NULL,NULL,NULL,NULL,NULL,NULL,NULL,NULL,2,97,,4,1,1,2,2,1,3,N,NULL,N,N,1447,1458,1459,N,NULL,90,,,N,,N,N,,NULL,NULL,2019,O,7.23E+11,098-CS-1215  -000,MEDIUM,098-CS-1215  -000,0.699,0,0,0,0,0,0,1,0,0,0,0,0,0,1
468,72334784,KSP0900,19-10841,20190401,1715,,KY611,,,KY0611,KY0611,0,098 KY-611,KY0611,N,N,NULL,NULL,NULL,N,NULL,NULL,NULL,NULL,NULL,NULL,3.034,NULL,NULL,NULL,NULL,,NULL,0,0,2,2,N,N,35,NULL,98,9827,NULL,,Y,37.31657,-82.501,N,NULL,NULL,NULL,NULL,NULL,NULL,NULL,NULL,7,3,1,1,1,1,2,2,7,3,N,NULL,Y,N,1822,1951,,N,NULL,54,8,0,N,,N,N,098-KY-0611-0,NULL,NULL,2019,O,7.23E+11,098-KY-0611  -000,HIGH,098-KY-0611  -000,3.034,0,0,0,0,0,0,0,0,0,0,0,1,0,0
469,72403810,980100,2.02E+11,20190901,2314,,HAMBLEY,,BLVD,KY1384,KY1384,0,098 KY-1384,KY1384,N,N,NULL,NULL,NULL,N,NULL,NULL,NULL,NULL,NULL,NULL,,NULL,NULL,NULL,NULL,NULL,NULL,5,0,1,1,N,N,45,NULL,98,9801,NULL,,Y,37.47915,-82.54328,N,NULL,NULL,NULL,NULL,NULL,NULL,NULL,NULL,9,3,4,6,1,1,2,5,6,3,Y,NULL,Y,Y,2315,2318,16,N,NULL,70,,0,N,,N,N,098-KY-1384-0,NULL,NULL,2019,A,7.24E+11,098-KY-1384  -000,HIGH,098-KY-1384  -000,6.781,0,0,1,0,0,0,1,1,0,1,0,1,0,1
470,72432661,980000,19-11-001,20191104,800,,US119,,,US0119,US0119,0,098 US-119-10,US0119,N,N,NULL,NULL,NULL,N,NULL,NULL,NULL,NULL,NULL,NULL,1.976,NULL,NULL,NULL,NULL,,NULL,0,0,2,2,N,N,55,NULL,98,9801,3,N,N,37.51247,-82.49979,N,NULL,NULL,NULL,NULL,NULL,NULL,NULL,NULL,5,3,2,1,1,1,2,2,8,3,N,NULL,Y,N,804,812,804,N,NULL,49,2,1,N,,N,N,098-US-0119-10,NULL,NULL,2019,O,7.24E+11,098-US-0119  -010,HIGH,098-US-0119  -000,1.976,0,0,0,0,0,0,1,0,0,0,0,0,0,1
471,72325491,KSP0900,19-7589,20190308,1804,,US23,,,US0023,US0023,0,098 US-23,US0023,N,N,NULL,NULL,NULL,N,NULL,NULL,NULL,NULL,NULL,NULL,16.022,NULL,NULL,NULL,NULL,,NULL,0,0,2,2,N,N,55,NULL,98,9827,3,S,N,37.40994,-82.53244,N,NULL,NULL,NULL,NULL,NULL,NULL,NULL,NULL,5,3,4,5,1,5,3,3,7,3,N,NULL,Y,Y,1806,1815,1815,N,NULL,49,,1,N,,N,N,098-US-0023-0,NULL,NULL,2019,O,7.23E+11,098-US-0023  -000,HIGH,098-US-0023  -000,16.022,0,0,1,0,0,0,1,0,0,0,0,1,0,0
472,72362314,KSP0900,19-16774,20190509,2000,,US119,,,US0119,US0119,,,,N,N,NULL,NULL,NULL,N,NULL,NULL,NULL,NULL,NULL,NULL,15.786,NULL,NULL,NULL,NULL,,NULL,0,0,1,1,N,N,55,NULL,98,9838,NULL,,Y,37.60975,-82.32384,N,NULL,NULL,NULL,NULL,NULL,NULL,NULL,NULL,9,3,4,6,1,5,6,3,7,3,N,NULL,Y,N,2005,2045,2045,N,NULL,38,2,1,N,,N,N,,NULL,NULL,2019,O,7.24E+11,098-US-0119  -010,MEDIUM,098-US-0119  -000,15.786,0,0,0,0,0,0,0,0,0,0,0,0,0,0
473,72383571,980100,2.02E+11,20190722,2134,,US23,,,US0023,US0023,0,098 US-23,US0023,N,N,NULL,NULL,NULL,N,NULL,NULL,NULL,NULL,NULL,NULL,23.021,NULL,NULL,NULL,NULL,,NULL,0,0,1,1,N,N,55,NULL,98,9801,NULL,,Y,37.46567,-82.52738,N,NULL,NULL,NULL,NULL,NULL,NULL,NULL,NULL,9,3,4,6,1,5,6,6,7,3,N,NULL,Y,N,2134,2150,2206,N,NULL,38,,1,N,,N,N,098-US-0023-0,NULL,NULL,2019,O,7.24E+11,098-US-0023  -000,HIGH,098-US-0023  -000,23.021,0,0,0,0,0,0,0,0,0,0,0,0,0,1
474,72358305,KSP0900,19-19346,20190527,851,,US119,,,US0119,US0119,0,098 US-119,US0119,N,N,NULL,NULL,NULL,N,NULL,NULL,NULL,NULL,NULL,NULL,0.416,NULL,NULL,NULL,NULL,,NULL,0,0,1,1,N,N,55,NULL,98,9801,NULL,,Y,37.50605,-82.52518,N,NULL,NULL,NULL,NULL,NULL,NULL,NULL,NULL,9,3,2,6,1,1,3,2,3,3,N,NULL,N,N,851,913,913,N,NULL,38,2,1,N,,N,N,098-US-0119-0,NULL,NULL,2019,O,7.24E+11,098-US-0119  -000,HIGH,098-US-0119  -000,0.416,0,0,0,0,0,0,0,0,0,0,0,0,0,1
475,72331274,980100,2.02E+11,20190319,1949,,HAMBLEY,,BLVD,,,,,,Y,N,NULL,NULL,NULL,N,NULL,NULL,NULL,NULL,NULL,NULL,0.504,NULL,NULL,NULL,NULL,,NULL,0,0,1,1,N,N,15,NULL,98,9801,NULL,,Y,37.47847,-82.52035,N,NULL,NULL,NULL,NULL,NULL,NULL,NULL,NULL,9,97,,6,2,1,2,5,1,3,N,NULL,Y,N,1949,1959,,N,NULL,90,,,N,,N,N,,NULL,NULL,2019,O,7.23E+11,098-CS-1222  -000,HIGH,098-CS-1222  -000,0.504,0,0,0,0,0,0,0,0,0,0,0,1,0,1
476,72375631,KSP0900,19-25161,20190704,1418,,US460,,,US0460,US0460,0,098 US-460,US0460,N,N,NULL,NULL,NULL,N,NULL,NULL,NULL,NULL,NULL,NULL,5.933,NULL,NULL,NULL,NULL,,NULL,1,0,2,2,N,N,55,NULL,98,9801,4,SE,N,37.40432,-82.43566,N,NULL,NULL,NULL,NULL,NULL,NULL,NULL,NULL,5,3,2,6,1,1,2,2,7,3,Y,NULL,Y,N,1418,1436,1500,N,NULL,49,,1,N,,N,N,098-US-0460-0,NULL,NULL,2019,C,7.24E+11,098-US-0460  -000,HIGH,098-US-0460  -000,5.933,0,0,0,0,0,0,1,0,0,0,0,0,0,0
477,72376389,KSP0900,2019-25228,20190704,2154,,STONE COAL CREEK,,RD,KY3227,KY3227,0,098 KY-3227,KY3227,N,N,NULL,NULL,NULL,N,NULL,NULL,NULL,NULL,NULL,NULL,2.484,NULL,NULL,NULL,NULL,,NULL,0,0,2,2,Y,N,55,NULL,98,9801,NULL,,Y,37.53539,-82.5248,N,NULL,NULL,NULL,NULL,NULL,NULL,NULL,NULL,3,,1,6,1,1,2,6,7,3,N,NULL,N,N,2248,2304,2304,N,NULL,52,8,0,N,,N,N,098-KY-3227-0,NULL,NULL,2019,O,7.24E+11,098-KY-3227  -000,HIGH,098-KY-3227  -000,2.484,0,0,1,0,0,0,1,0,0,0,0,1,0,0
478,72793928,980100,2.02E+11,20220813,1617,,CASSIDY,,BLVD,,,0,098 CS-1191,CS1191,Y,N,NULL,NULL,NULL,N,NULL,NULL,NULL,NULL,NULL,NULL,0.372,NULL,NULL,NULL,NULL,,NULL,0,0,2,2,Y,N,,NULL,98,9801,NULL,,Y,37.50499,-82.53822,N,NULL,NULL,NULL,NULL,NULL,NULL,NULL,NULL,,,,,1,1,3,2,1,3,N,NULL,Y,N,1619,1627,1627,N,NULL,90,,,N,,N,N,098-CS-1191-0,NULL,NULL,2022,O,7.28E+11,098-CS-1191  -000,HIGH,098-CS-1191  -000,0.372,0,0,0,0,0,0,0,0,0,0,0,0,0,1
479,72384941,980100,2.02E+11,20190725,1340,,US23,,,US0023,US0023,0,098 US-23,US0023,N,N,NULL,NULL,NULL,N,NULL,NULL,NULL,NULL,NULL,NULL,27.337,NULL,NULL,NULL,NULL,,NULL,0,0,2,2,N,N,55,NULL,98,9801,NULL,,Y,37.51077,-82.54797,N,NULL,NULL,NULL,NULL,NULL,NULL,NULL,NULL,5,3,4,6,1,1,2,2,7,3,N,NULL,Y,N,1340,1340,1340,N,NULL,49,,1,N,,N,N,098-US-0023-0,NULL,NULL,2019,O,7.24E+11,098-US-0023  -000,HIGH,098-US-0023  -000,27.337,0,0,0,1,0,0,1,1,0,0,0,0,0,1
480,72304288,KSP0900,19-1354,20190112,1441,,KY632,,,KY0632,KY0632,,,,N,N,NULL,NULL,NULL,N,NULL,NULL,NULL,NULL,NULL,NULL,6.434,NULL,NULL,NULL,NULL,,NULL,0,0,2,2,N,N,55,NULL,98,9817,NULL,,Y,37.49499,-82.25524,N,NULL,NULL,NULL,NULL,NULL,NULL,NULL,NULL,8,3,2,6,1,1,2,2,7,3,N,NULL,Y,N,1445,1510,1510,N,NULL,53,6,0,N,,N,N,,NULL,NULL,2019,O,7.23E+11,098-KY-0632  -000,HIGH,098-KY-0632  -000,6.434,0,0,1,0,0,0,0,1,0,0,0,1,0,0
481,72371288,KSP0900,19-22752,20190619,910,,KY1056,,,KY1056,KY1056,0,098 KY-1056,KY1056,N,N,NULL,NULL,NULL,N,NULL,NULL,NULL,NULL,NULL,NULL,1.585,NULL,NULL,NULL,NULL,,NULL,1,0,1,1,N,N,55,NULL,98,9863,NULL,,Y,37.56418,-82.23969,N,NULL,NULL,NULL,NULL,NULL,NULL,NULL,NULL,9,3,2,1,1,5,6,2,7,3,Y,NULL,Y,Y,910,922,940,N,NULL,40,8,0,Y,,N,N,098-KY-1056-0,NULL,NULL,2019,C,7.24E+11,098-KY-1056  -000,HIGH,098-KY-1056  -000,1.585,0,0,0,0,0,0,0,0,1,0,0,1,0,0
482,72382466,980100,2.02E+12,20190720,1332,,HAROLDS BRANCH,,RD,,,0,098 CS-1223,CS1223,Y,N,NULL,NULL,NULL,N,NULL,NULL,NULL,NULL,NULL,NULL,0.044,NULL,NULL,NULL,NULL,,NULL,0,0,2,2,N,N,,NULL,98,9801,NULL,,Y,37.47225,-82.52237,N,NULL,NULL,NULL,NULL,NULL,NULL,NULL,NULL,2,97,,6,2,1,2,2,5,3,N,NULL,Y,N,1322,1327,1327,N,NULL,90,,,N,,N,N,098-CS-1223-0,NULL,NULL,2019,O,7.24E+11,098-CS-1223  -000,HIGH,098-CS-1223  -000,0.044,0,0,0,0,0,0,1,0,0,0,0,0,0,1
483,72420703,980100,2.02E+11,20191014,2229,,US23,,,US0023,US0023,,,,N,N,NULL,NULL,NULL,N,NULL,NULL,NULL,NULL,NULL,NULL,26.34,NULL,NULL,NULL,NULL,,NULL,0,0,1,1,N,N,55,NULL,98,9801,NULL,,Y,37.50445,-82.53246,N,NULL,NULL,NULL,NULL,NULL,NULL,NULL,NULL,9,3,4,6,1,1,2,5,1,3,N,NULL,Y,N,2229,2232,2232,N,NULL,38,,1,N,,N,N,,NULL,NULL,2019,O,7.24E+11,098-US-0023  -010,MEDIUM,098-US-0023  -000,26.34,0,0,0,0,0,0,0,0,0,0,0,0,0,1
484,72365867,980500,2019AR043,20190612,1250,,US23,,,US0023,US0023,0,098 US-23,US0023,N,N,NULL,NULL,NULL,N,NULL,NULL,NULL,NULL,NULL,NULL,28.366,NULL,NULL,NULL,NULL,,NULL,0,0,2,2,N,N,45,NULL,98,9807,NULL,,Y,37.51786,-82.5637,N,NULL,NULL,NULL,NULL,NULL,NULL,NULL,NULL,6,3,6,5,1,1,2,2,7,3,N,NULL,Y,Y,1253,1258,1258,N,NULL,70,,1,N,,N,N,098-US-0023-0,NULL,NULL,2019,O,7.24E+11,098-US-0023  -000,HIGH,098-US-0023  -000,28.366,0,0,1,1,0,0,0,1,0,0,0,0,0,0
485,72459919,980100,2.02E+11,20200103,1604,,CASSIDY,,BLVD,,,0,098 CS-1191,CS1191,Y,N,NULL,NULL,NULL,N,NULL,NULL,NULL,NULL,NULL,NULL,0.313,NULL,NULL,NULL,NULL,,NULL,0,0,2,2,N,N,,NULL,98,9801,NULL,,Y,37.5052,-82.5371,N,NULL,NULL,NULL,NULL,NULL,NULL,NULL,NULL,2,97,,6,1,5,6,2,5,3,N,NULL,Y,N,1603,1614,1614,N,NULL,90,,,N,,N,N,098-CS-1191-0,NULL,NULL,2020,O,7.25E+11,098-CS-1191  -000,HIGH,098-CS-1191  -000,0.313,0,0,0,1,0,0,1,0,0,1,0,0,0,1
486,72438950,KSP0900,19-43865,20191107,1323,,US119,,,US0119,US0119,0,098 US-119-10,US0119,N,N,NULL,NULL,NULL,N,NULL,NULL,NULL,NULL,NULL,NULL,21.798,NULL,NULL,NULL,NULL,,NULL,0,0,2,2,N,N,55,NULL,98,9836,NULL,,Y,37.63068,-82.26092,N,NULL,NULL,NULL,NULL,NULL,NULL,NULL,NULL,7,3,2,3,1,5,6,2,7,3,N,NULL,Y,N,1324,1332,1415,N,NULL,41,2,1,N,,N,N,098-US-0119-10,NULL,NULL,2019,O,7.24E+11,098-US-0119  -010,HIGH,098-US-0119  -000,21.798,0,0,0,0,0,0,0,0,0,1,0,1,0,0
487,72366017,KSP0900,19-21381,20190609,1517,,US460,,,US0460,US0460,0,098 US-460,US0460,Y,N,NULL,NULL,NULL,N,NULL,NULL,NULL,NULL,NULL,NULL,4.74,NULL,NULL,NULL,NULL,,NULL,0,0,1,1,N,N,5,NULL,98,9824,NULL,,Y,37.41405,-82.45135,N,NULL,NULL,NULL,NULL,NULL,NULL,NULL,NULL,9,97,2,4,1,1,3,2,7,3,N,NULL,Y,N,1540,1545,,Y,NULL,90,,1,N,,N,N,098-US-0460-0,NULL,NULL,2019,O,7.24E+11,098-US-0460  -000,HIGH,098-US-0460  -000,4.74,0,0,1,0,0,0,1,0,0,0,0,1,0,0
488,72341538,KSP0900,19-13627,20190419,150,,US23,,,US0023,US0023,0,098 US-23-10,US0023,N,N,NULL,NULL,NULL,N,NULL,NULL,NULL,NULL,NULL,NULL,16.329,NULL,NULL,NULL,NULL,,NULL,0,0,1,1,N,N,55,NULL,98,9801,NULL,,Y,37.41436,-82.53092,N,NULL,NULL,NULL,NULL,NULL,NULL,NULL,NULL,9,3,4,4,1,1,2,6,7,3,N,NULL,Y,Y,154,234,,N,NULL,38,,1,N,,N,N,098-US-0023-10,NULL,NULL,2019,O,7.23E+11,098-US-0023  -010,HIGH,098-US-0023  -000,16.329,0,0,0,0,0,0,0,0,0,0,0,0,0,0
489,72401390,KSP0900,19-33917,20190831,1612,,US119,,,US0119,US0119,,,,N,N,NULL,NULL,NULL,N,NULL,NULL,NULL,NULL,NULL,NULL,24.069,NULL,NULL,NULL,NULL,,NULL,0,0,2,2,N,N,25,NULL,98,9834,NULL,,Y,37.65666,-82.27041,N,NULL,NULL,NULL,NULL,NULL,NULL,NULL,NULL,7,3,3,5,1,1,2,2,7,3,N,NULL,N,N,1612,1618,1618,N,NULL,54,2,1,N,,N,N,,NULL,NULL,2019,O,7.24E+11,098-US-0119  -000,MEDIUM,098-US-0119  -000,24.069,0,0,1,0,0,0,0,0,0,0,0,1,0,0
490,72448810,370200,2019-48116,20191209,1000,,PORTER,,LN,,,0,098 PR-1301,PR1301,N,N,NULL,NULL,NULL,N,NULL,NULL,NULL,NULL,NULL,NULL,0.098,NULL,NULL,NULL,NULL,,NULL,0,0,2,2,N,N,15,NULL,98,9801,NULL,,Y,37.53465,-82.61424,N,NULL,NULL,NULL,NULL,NULL,NULL,NULL,NULL,2,3,2,6,3,11,6,2,7,3,N,NULL,Y,N,1010,1029,1029,N,NULL,56,,,N,,N,N,098-PR-1301-0,NULL,NULL,2019,O,7.24E+11,098-PR-1301  -000,HIGH,098-PR-1301  -000,0.098,0,1,0,0,0,0,1,0,0,0,0,0,0,0
491,72460139,980000,20-01-001,20200103,1717,,VIRGINIA,,AVE,,,0,098 CR-1035K,CR1035K,Y,N,NULL,NULL,NULL,N,NULL,NULL,NULL,NULL,NULL,NULL,0.016,NULL,NULL,NULL,NULL,,NULL,0,0,2,2,N,N,15,NULL,98,9834,NULL,,Y,37.67316,-82.28248,N,NULL,NULL,NULL,NULL,NULL,NULL,NULL,NULL,5,97,,6,1,5,6,2,5,3,N,NULL,Y,Y,1700,1717,1720,N,NULL,90,,,Y,,N,N,098-CR-1035K-0,NULL,NULL,2020,O,7.25E+11,098-CR-1035K -000,HIGH,098-CR-1035K -000,0.016,0,0,0,0,0,0,1,0,0,0,0,0,0,0
492,72319389,980100,2.02E+11,20190219,816,,KY3218,,,KY3218,KY3218,0,098 KY-3218,KY3218,N,N,NULL,NULL,NULL,N,NULL,NULL,NULL,NULL,NULL,NULL,1.887,NULL,NULL,NULL,NULL,,NULL,0,0,2,2,Y,N,55,NULL,98,9801,NULL,,Y,37.55232,-82.57624,N,NULL,NULL,NULL,NULL,NULL,NULL,NULL,NULL,7,3,2,2,1,1,2,2,7,3,N,NULL,Y,N,816,829,829,N,NULL,54,8,0,N,,N,N,098-KY-3218-0,NULL,NULL,2019,O,7.23E+11,098-KY-3218  -000,HIGH,098-KY-3218  -000,1.887,0,0,1,0,0,0,1,0,0,0,0,1,0,1
493,72446818,980100,2.02E+11,20191123,1623,,US23,,,US0023,US0023,0,098 US-23,US0023,N,Y,KY3496,,,N,NULL,NULL,NULL,NULL,NULL,NULL,23.062,NULL,NULL,NULL,NULL,,NULL,0,0,1,1,N,N,55,NULL,98,9801,NULL,,Y,37.46593,-82.52809,N,NULL,NULL,NULL,NULL,NULL,NULL,NULL,NULL,9,3,4,6,1,5,6,2,1,3,N,NULL,Y,Y,1623,1626,1709,N,NULL,5,,1,N,,N,N,098-US-0023-0,NULL,NULL,2019,O,7.24E+11,098-US-0023  -000,HIGH,098-US-0023  -000,23.062,1,0,0,0,0,0,0,0,0,0,1,0,0,1
494,72459326,980100,2.02E+11,20200103,1218,,CASSIDY,,BLVD,,,0,098 CS-1191,CS1191,Y,N,NULL,NULL,NULL,N,NULL,NULL,NULL,NULL,NULL,NULL,0.349,NULL,NULL,NULL,NULL,,NULL,0,0,2,2,N,N,,NULL,98,9801,NULL,,Y,37.50517,-82.53784,N,NULL,NULL,NULL,NULL,NULL,NULL,NULL,NULL,1,97,1,6,1,5,3,2,1,3,N,NULL,Y,N,1219,1230,1230,N,NULL,90,,,N,,N,N,098-CS-1191-0,NULL,NULL,2020,O,7.25E+11,098-CS-1191  -000,HIGH,098-CS-1191  -000,0.349,0,0,0,0,0,0,0,0,0,0,0,0,0,1
495,72326708,980100,2.02E+11,20190312,1316,,THOMPSON,,RD,,,,,,Y,N,NULL,NULL,NULL,N,NULL,NULL,NULL,NULL,NULL,NULL,0.502,NULL,NULL,NULL,NULL,,NULL,0,0,2,2,N,N,15,NULL,98,9801,NULL,,Y,37.50605,-82.54362,N,NULL,NULL,NULL,NULL,NULL,NULL,NULL,NULL,2,97,1,6,1,1,2,2,1,3,N,NULL,Y,N,1316,1323,1354,N,NULL,90,,,N,,N,N,,NULL,NULL,2019,O,7.23E+11,098-CS-1215  -000,MEDIUM,098-CS-1215  -000,0.502,0,0,0,0,0,0,0,0,0,0,0,0,0,1
496,72318985,KSP0900,19-5705,20190221,859,,US460,,,US0460,US0460,0,098 US-460,US0460,N,N,NULL,NULL,NULL,N,NULL,NULL,NULL,NULL,NULL,NULL,2.364,NULL,NULL,NULL,NULL,,NULL,0,0,2,2,N,N,55,NULL,98,9801,3,S,N,37.43324,-82.48609,N,NULL,NULL,NULL,NULL,NULL,NULL,NULL,NULL,5,3,2,6,1,5,3,2,7,3,N,NULL,Y,N,859,914,940,N,NULL,49,,1,N,,N,N,098-US-0460-0,NULL,NULL,2019,O,7.23E+11,098-US-0460  -000,HIGH,098-US-0460  -000,2.364,0,0,0,1,0,0,1,0,0,0,0,0,0,0