OBJECTID,MasterFile,AgencyORINumber,LocalCode,CollisionDate,CollisionTime,CollisionDayWeekCode,RoadwayName,RoadwayName_Direction_,RoadwayName_RoadwaySuffix_,RoadwayfromReport,CurrentRoadwayNumber,RoadwayNumberCoupletID,RSEUniqueGIS,RoadwayIdentifier,ParkingLotIndicator,IntersectionWith_Indicator_,IntersectionWith_NameRoadway_,IntersectionWith_Direction_,IntersectionWith_RoadwaySuffix_,BetweenStreets_Indicator_,BetweenStreets1_NameRoadway_,BetweenStreet1_Direction_,BetweenStreets1_RoadwaySuffix_,BetweenStreets2_NameRoadway_,BetweenStreets2_Direction_,BetweenStreets2_RoadwaySuffix_,Milepoint,ReportMilepointDeriveNumber,CurrentDerivedMiepointNumber,MilestoMilepoint,FeettoMilepoint,DirectionfromMilepoint_NSEW_,ValidMilepointIndicator,NumberInjured,NumberKilled,ofUnits,ofMotorVehicleUnits,Hit&RunIndicator,OneWayIndicator,SpeedLimitNumber,KilometersIndicator,CountyCode,CityCountyCode,MilesFromCity,DirectionFromCity_NSEW_,InCityLimitsIndicator,Latitude,Longitude,RampIndicator,RampFromIdentifier,RampFromDirCode,RampFromCoupletID,RSEUniqueGISRampFrom,RampToidentifier,RampToDirCode,RampToCoupletID,RSEUniqueGisRampTo,MannerofCollisionCode,LocationFirstEventCode,TotalLanes,RoadwayCharacterCode,RoadwaySurfaceCode,RoadwayConditionCode,WeatherCode,LightConditionCode,LandUseCode,SchoolBusRelatedCode,FirstAidSceneIndicator,CollDescPresentInd,InvestigationCompleteIndicator,PhotosTakenIndicator,TimeNotified,TimeArrived,TimeRoadwayOpened,PropertyDamageIndicator,DiagramPresentIndicator,DirectionalAnalysis,FunctionClassCode,NationalHwySysCode,EnforcementsIndicator,KARSCityCode,SecondaryCollisionIndicator,MedianCrossoverIndicator,RT_UNIQUE,MapIt,TimeLastLeft,YR,KABCO,MFNY,WorkingRID,RT_CONFIDENCE,KTC_RT,KTC_MP,Motorcyclist,Commercial Vehicle,Young Driver,Mature Driver,Pedestrian,Bicyclist,Distracted,Aggressive,Impaired,Unrestrained,Intersection,Roadway Departure,Median Cross-over,City Crash
497,72314536,KSP0900,19-3190,20190130,1125,,KY194,,,KY0194,KY0194,0,098 KY-194,KY0194,N,N,NULL,NULL,NULL,N,NULL,NULL,NULL,NULL,NULL,NULL,24.155,NULL,NULL,NULL,NULL,,NULL,1,0,1,1,N,N,55,NULL,98,9847,NULL,,Y,37.52673,-82.36658,N,NULL,NULL,NULL,NULL,NULL,NULL,NULL,NULL,9,4,2,3,1,1,3,2,7,3,Y,NULL,Y,Y,1131,1236,1245,N,NULL,51,6,0,N,,N,N,098-KY-0194-0,NULL,NULL,2019,C,7.23E+11,098-KY-0194  -000,HIGH,098-KY-0194  -000,24.155,0,0,0,0,0,0,0,0,0,0,0,1,0,0
498,72310089,KSP0900,19-2481,20190123,1505,,ELKHORN,,CRK,KY0197,KY0197,0,098 KY-197,KY0197,Y,N,NULL,NULL,NULL,N,NULL,NULL,NULL,NULL,NULL,NULL,9.774,NULL,NULL,NULL,NULL,,NULL,0,0,2,2,N,N,15,NULL,98,9864,NULL,,Y,37.26593,-82.43405,N,NULL,NULL,NULL,NULL,NULL,NULL,NULL,NULL,2,97,0,6,1,1,2,2,7,3,N,NULL,Y,N,1507,1522,1507,N,NULL,90,7,0,Y,,N,N,098-KY-0197-0,NULL,NULL,2019,O,7.23E+11,098-KY-0197  -000,HIGH,098-KY-0197  -000,9.774,0,0,0,0,0,0,0,0,0,0,0,0,0,0
499,72377406,KSP0900,19-25839,20190708,1645,,US119,,,US0119,US0119,0,098 US-119,US0119,N,N,NULL,NULL,NULL,N,NULL,NULL,NULL,NULL,NULL,NULL,24.586,NULL,NULL,NULL,NULL,,NULL,0,0,2,2,N,N,55,NULL,98,9834,NULL,,Y,37.66325,-82.27313,N,NULL,NULL,NULL,NULL,NULL,NULL,NULL,NULL,7,3,4,3,1,1,2,2,7,3,N,NULL,N,N,1645,1652,1700,N,NULL,54,2,1,N,,N,N,098-US-0119-0,NULL,NULL,2019,O,7.24E+11,098-US-0119  -000,HIGH,098-US-0119  -000,24.586,0,0,0,1,0,0,0,0,0,0,0,1,0,0
500,72447728,KSP0900,19-47514,20191204,1719,,US119,,,US0119,US0119,0,098 US-119,US0119,N,N,NULL,NULL,NULL,N,NULL,NULL,NULL,NULL,NULL,NULL,25.314,NULL,NULL,NULL,NULL,,NULL,0,0,2,2,N,N,55,NULL,98,9834,NULL,,Y,37.67198,-82.28046,N,NULL,NULL,NULL,NULL,NULL,NULL,NULL,NULL,8,3,4,6,1,1,2,5,7,3,N,NULL,Y,N,1719,1729,1800,N,NULL,53,2,1,N,,N,N,098-US-0119-0,NULL,NULL,2019,O,7.24E+11,098-US-0119  -000,HIGH,098-US-0119  -000,25.314,0,0,0,0,0,0,0,0,0,0,0,1,0,0
501,72340834,980500,2019AR028,20190418,843,,US23,,,US0023,US0023,0,098 US-23-10,US0023,N,N,NULL,NULL,NULL,N,NULL,NULL,NULL,NULL,NULL,NULL,27.375,NULL,NULL,NULL,NULL,,NULL,0,0,2,2,N,N,55,NULL,98,9807,NULL,,Y,37.51085,-82.54895,N,NULL,NULL,NULL,NULL,NULL,NULL,NULL,NULL,5,3,6,6,1,1,2,2,1,3,N,NULL,Y,Y,843,845,904,N,NULL,70,,1,N,,N,N,098-US-0023-10,NULL,NULL,2019,O,7.23E+11,098-US-0023  -010,HIGH,098-US-0023  -000,27.375,0,0,0,0,0,0,1,0,0,0,0,0,0,1
502,72337972,980100,2.02E+11,20190404,1347,,US460,,,US0460,US0460,0,098 US-460,US0460,N,N,NULL,NULL,NULL,N,NULL,NULL,NULL,NULL,NULL,NULL,0.152,NULL,NULL,NULL,NULL,,NULL,0,0,2,2,N,N,55,NULL,98,9801,NULL,,Y,37.43987,-82.5084,N,NULL,NULL,NULL,NULL,NULL,NULL,NULL,NULL,2,97,2,6,1,1,2,2,1,3,N,NULL,Y,N,1357,1359,,N,NULL,56,,1,N,,N,N,098-US-0460-0,NULL,NULL,2019,O,7.23E+11,098-US-0460  -000,HIGH,098-US-0460  -000,0.152,0,0,0,1,0,0,1,0,0,0,0,0,0,1
503,72444547,KSP0900,19-46677,20191127,2247,,KY194,,,KY0194,KY0194,0,098 KY-194,KY0194,N,N,NULL,NULL,NULL,N,NULL,NULL,NULL,NULL,NULL,NULL,13.206,NULL,NULL,NULL,NULL,,NULL,0,0,2,2,N,N,55,NULL,98,9820,NULL,,Y,37.58574,-82.48593,N,NULL,NULL,NULL,NULL,NULL,NULL,NULL,NULL,2,97,2,6,1,1,2,6,7,3,N,NULL,Y,N,2247,2318,2318,N,NULL,47,7,0,N,,N,N,098-KY-0194-0,NULL,NULL,2019,O,7.24E+11,098-KY-0194  -000,HIGH,098-KY-0194  -000,13.206,0,0,0,0,0,0,0,0,0,0,0,0,0,0
504,72322950,980100,2.02E+11,20190304,1525,,KY3496,,,KY3496,KY3496,0,098 KY-3496,KY3496,Y,N,NULL,NULL,NULL,N,NULL,NULL,NULL,NULL,NULL,NULL,0.524,NULL,NULL,NULL,NULL,,NULL,0,0,2,2,N,N,,NULL,98,9801,NULL,,Y,37.47052,-82.53391,N,NULL,NULL,NULL,NULL,NULL,NULL,NULL,NULL,2,97,2,6,1,1,2,2,1,3,N,NULL,Y,N,1525,1529,,N,NULL,90,16,0,N,,N,N,098-KY-3496-0,NULL,NULL,2019,O,7.23E+11,098-KY-3496  -000,HIGH,098-KY-3496  -000,0.524,0,0,0,0,0,0,1,0,0,0,0,0,0,1
505,72339192,980100,2.02E+11,20190407,1613,,US23,,,US0023,US0023,,,,N,N,NULL,NULL,NULL,N,NULL,NULL,NULL,NULL,NULL,NULL,25.576,NULL,NULL,NULL,NULL,,NULL,3,0,2,2,N,N,55,NULL,98,9801,NULL,,Y,37.49397,-82.5327,N,NULL,NULL,NULL,NULL,NULL,NULL,NULL,NULL,5,3,4,6,1,5,6,2,7,3,Y,NULL,Y,N,1614,1617,,N,NULL,49,,1,Y,,N,N,,NULL,NULL,2019,C,7.23E+11,098-US-0023  -000,MEDIUM,098-US-0023  -000,25.576,0,0,0,0,0,0,1,1,0,0,0,0,0,1
506,72300650,980100,2.02E+11,20190109,827,,ISLAND CREEK ROAD,,,,,,,,Y,N,NULL,NULL,NULL,N,NULL,NULL,NULL,NULL,NULL,NULL,,NULL,NULL,NULL,NULL,,NULL,0,0,2,2,N,N,,NULL,98,9801,NULL,,Y,37.46007,-82.53135,N,NULL,NULL,NULL,NULL,NULL,NULL,NULL,NULL,1,97,,6,2,1,2,2,1,3,N,NULL,Y,N,832,849,,N,NULL,90,,,N,,N,N,,NULL,NULL,2019,O,7.23E+11,098-KY-1426  -000,MEDIUM,098-KY-1426  -000,4.365,0,0,0,0,0,0,0,0,0,0,0,0,0,1
507,72444242,KSP0900,19-45940,20191122,1626,,KY122,,,KY0122,KY0122,0,098 KY-122,KY0122,N,N,NULL,NULL,NULL,N,NULL,NULL,NULL,NULL,NULL,NULL,9.012,NULL,NULL,NULL,NULL,,NULL,0,0,1,1,N,N,55,NULL,98,9801,NULL,,Y,37.39196,-82.56655,N,NULL,NULL,NULL,NULL,NULL,NULL,NULL,NULL,9,3,2,6,1,5,6,2,7,3,N,NULL,N,N,1626,1627,,N,NULL,70,,0,N,,N,N,098-KY-0122-0,NULL,NULL,2019,O,7.24E+11,098-KY-0122  -000,HIGH,098-KY-0122  -000,9.012,0,0,0,0,0,0,0,0,0,0,0,1,0,0
508,72426110,KSP0900,19-41968,20191025,1100,,US119,,,US0119,US0119,0,098 US-119,US0119,Y,N,NULL,NULL,NULL,N,NULL,NULL,NULL,NULL,NULL,NULL,23.857,NULL,NULL,NULL,NULL,,NULL,0,0,2,2,N,N,55,NULL,98,9834,NULL,,Y,37.65386,-82.2688,N,NULL,NULL,NULL,NULL,NULL,NULL,NULL,NULL,7,97,1,6,1,1,2,2,1,3,N,NULL,N,N,1059,1103,1105,N,NULL,90,2,1,N,,N,N,098-US-0119-0,NULL,NULL,2019,O,7.24E+11,098-US-0119  -000,HIGH,098-US-0119  -000,23.857,0,0,0,0,0,0,1,1,0,0,0,0,0,0
509,72411474,980100,2.02E+11,20190924,1353,,US23,,,US0023,US0023,,,,N,N,NULL,NULL,NULL,N,NULL,NULL,NULL,NULL,NULL,NULL,21.876,NULL,NULL,NULL,NULL,,NULL,2,0,2,2,N,N,55,NULL,98,9801,NULL,,Y,37.45601,-82.51929,N,NULL,NULL,NULL,NULL,NULL,NULL,NULL,NULL,1,3,4,6,1,1,2,2,7,3,N,NULL,Y,Y,1353,1359,1416,N,NULL,55,,1,N,,N,N,,NULL,NULL,2019,C,7.24E+11,098-US-0023  -000,MEDIUM,098-US-0023  -000,21.876,0,0,0,1,0,0,1,1,0,0,0,0,0,1
510,72321902,980100,2.02E+11,20190226,720,,CHLOE,,RD,KY1460,KY1460,0,098 KY-1460,KY1460,N,N,NULL,NULL,NULL,N,NULL,NULL,NULL,NULL,NULL,NULL,3.845,NULL,NULL,NULL,NULL,,NULL,1,0,1,1,N,N,35,NULL,98,9801,NULL,,Y,37.47722,-82.49406,N,NULL,NULL,NULL,NULL,NULL,NULL,NULL,NULL,9,5,2,1,1,2,2,2,7,3,Y,NULL,Y,Y,720,720,840,N,NULL,44,,0,N,,N,N,098-KY-1460-0,NULL,NULL,2019,B,7.23E+11,098-KY-1460  -000,HIGH,098-KY-1460  -000,3.845,0,0,0,0,0,0,0,0,0,0,0,1,0,1
511,72334932,980100,2.02E+11,20190403,1840,,CASSIDY,,BLVD,,,,,,N,N,NULL,NULL,NULL,N,NULL,NULL,NULL,NULL,NULL,NULL,0.158,NULL,NULL,NULL,NULL,,NULL,0,0,2,2,N,N,35,NULL,98,9801,NULL,,Y,37.5037,-82.53463,N,NULL,NULL,NULL,NULL,NULL,NULL,NULL,NULL,1,3,2,3,1,1,2,2,7,3,N,NULL,Y,N,1840,1853,1931,N,NULL,55,,,N,,N,N,,NULL,NULL,2019,O,7.23E+11,098-CS-1191  -000,MEDIUM,098-CS-1191  -000,0.158,0,0,0,1,0,0,1,0,0,0,0,0,0,1
512,72451875,980100,2.02E+11,20191216,1430,,HAROLDS BRANCH,,RD,,,0,098 CS-1223,CS1223,Y,N,NULL,NULL,NULL,N,NULL,NULL,NULL,NULL,NULL,NULL,0.128,NULL,NULL,NULL,NULL,,NULL,0,0,2,2,N,N,,NULL,98,9801,NULL,,Y,37.47121,-82.52161,N,NULL,NULL,NULL,NULL,NULL,NULL,NULL,NULL,2,97,1,6,3,5,6,2,7,3,N,NULL,Y,N,1430,1435,1435,N,NULL,90,,,N,,N,N,098-CS-1223-0,NULL,NULL,2019,O,7.25E+11,098-CS-1223  -000,HIGH,098-CS-1223  -000,0.128,0,0,0,0,0,0,1,0,0,0,0,0,0,1
513,72310423,980100,2.02E+11,20190124,1847,,WILLIAMS HOLLOW,,RD,,,0,098 CS-1085,CS1085,N,N,NULL,NULL,NULL,N,NULL,NULL,NULL,NULL,NULL,NULL,0.732,NULL,NULL,NULL,NULL,,NULL,0,0,1,1,N,N,45,NULL,98,9801,NULL,,Y,37.49498,-82.48318,N,NULL,NULL,NULL,NULL,NULL,NULL,NULL,NULL,9,3,2,1,1,5,6,6,7,3,N,NULL,N,N,1848,1850,1904,N,NULL,40,,,N,,N,N,098-CS-1085-0,NULL,NULL,2019,O,7.23E+11,098-CS-1085  -000,HIGH,098-CS-1085  -000,0.732,0,0,0,0,0,0,0,0,0,0,0,1,0,1
514,72328074,KSP0900,9/19/8204,20190312,1300,,LEFT FORK JACKSON,,BR,,,0,098 CR-1994,CR1994,N,N,NULL,NULL,NULL,N,NULL,NULL,NULL,NULL,NULL,NULL,0.066,NULL,NULL,NULL,NULL,,NULL,0,0,2,2,N,N,5,NULL,98,9801,5,W,N,37.28743,-82.43876,N,NULL,NULL,NULL,NULL,NULL,NULL,NULL,NULL,6,97,1,5,3,11,2,2,3,3,N,NULL,N,Y,1236,1322,,N,NULL,47,,,N,,N,N,098-CR-1994-0,NULL,NULL,2019,O,7.23E+11,098-CR-1994  -000,HIGH,098-CR-1994  -000,0.066,0,0,0,0,0,0,0,0,0,0,0,0,0,0
515,72436756,980100,2.02E+11,20191106,1722,,KY3495,,,KY3495,KY3495,,,,Y,N,NULL,NULL,NULL,N,NULL,NULL,NULL,NULL,NULL,NULL,0.021,NULL,NULL,NULL,NULL,,NULL,0,0,2,2,Y,N,15,NULL,98,9801,NULL,,Y,37.48664,-82.54266,N,NULL,NULL,NULL,NULL,NULL,NULL,NULL,NULL,8,97,1,6,1,1,2,2,1,3,N,NULL,Y,N,1722,1730,1730,N,NULL,90,17,0,N,,N,N,,NULL,NULL,2019,O,7.24E+11,098-KY-3495  -000,HIGH,098-KY-3495  -000,0.021,0,0,0,0,0,0,1,0,0,0,0,0,0,1
516,72365546,KSP0900,19-20471,20190603,2057,,HOSPITAL,,DR,,,0,098 CR-1015C,CR1015C,Y,N,NULL,NULL,NULL,N,NULL,NULL,NULL,NULL,NULL,NULL,0.006,NULL,NULL,NULL,NULL,,NULL,0,0,3,3,N,N,15,NULL,98,9834,NULL,,Y,37.67592,-82.2976,N,NULL,NULL,NULL,NULL,NULL,NULL,NULL,NULL,2,97,1,6,1,1,2,5,1,3,N,NULL,N,N,2057,915,915,N,NULL,90,,,N,,N,N,098-CR-1015C-0,NULL,NULL,2019,O,7.24E+11,098-CR-1015C -000,HIGH,098-CR-1015C -000,0.006,0,0,0,0,0,0,1,0,0,1,0,0,0,0
517,72361416,980500,2019AR039,20190530,1424,,US23,,,US0023,US0023,0,098 US-23,US0023,N,Y,COWPEN,,RD,N,NULL,NULL,NULL,NULL,NULL,NULL,29.466,NULL,NULL,NULL,NULL,,NULL,2,0,2,2,N,N,45,NULL,98,9807,NULL,,Y,37.52983,-82.57586,N,NULL,NULL,NULL,NULL,NULL,NULL,NULL,NULL,1,3,6,6,1,1,2,2,1,3,Y,NULL,Y,Y,1424,1425,1518,N,NULL,8,,1,N,,N,N,098-US-0023-0,NULL,NULL,2019,B,7.24E+11,098-US-0023  -000,HIGH,098-US-0023  -000,29.466,0,0,0,0,0,0,0,1,0,0,1,0,0,1
518,72316770,980100,2.02E+11,20190214,1504,,HAMBLEY,,BLVD,,,0,098 CS-1222,CS1222,N,N,NULL,NULL,NULL,N,NULL,NULL,NULL,NULL,NULL,NULL,0.288,NULL,NULL,NULL,NULL,,NULL,0,0,2,2,N,N,25,NULL,98,9801,NULL,,Y,37.47602,-82.5228,N,NULL,NULL,NULL,NULL,NULL,NULL,NULL,NULL,8,3,2,6,1,1,2,2,1,3,N,NULL,Y,N,1504,1505,,N,NULL,53,,,N,,N,N,098-CS-1222-0,NULL,NULL,2019,O,7.23E+11,098-CS-1222  -000,HIGH,098-CS-1222  -000,0.288,0,0,0,0,0,0,1,0,0,0,0,1,0,1
519,72419917,980100,2.02E+11,20191010,1649,,US23,,,US0023,US0023,0,098 US-23-10,US0023,N,Y,KY3496,,,N,NULL,NULL,NULL,NULL,NULL,NULL,23.055,NULL,NULL,NULL,NULL,,NULL,5,0,2,2,N,N,55,NULL,98,9801,NULL,,Y,37.46583,-82.52814,N,NULL,NULL,NULL,NULL,NULL,NULL,NULL,NULL,4,3,4,6,1,1,2,2,1,3,Y,NULL,Y,Y,1650,1655,1736,Y,NULL,16,,1,N,,N,N,098-US-0023-10,NULL,NULL,2019,B,7.24E+11,098-US-0023  -010,HIGH,098-US-0023  -000,23.055,0,0,0,0,0,0,0,1,0,1,1,0,0,1
520,72416668,980100,2.02E+11,20191004,1838,,KY3496,,,KY3496,KY3496,,,,Y,N,NULL,NULL,NULL,N,NULL,NULL,NULL,NULL,NULL,NULL,0.099,NULL,NULL,NULL,NULL,,NULL,0,0,1,1,N,N,,NULL,98,9801,NULL,,Y,37.46594,-82.52951,N,NULL,NULL,NULL,NULL,NULL,NULL,NULL,NULL,9,97,1,6,1,1,2,2,1,3,N,NULL,N,N,1838,1838,,Y,NULL,90,16,0,N,,N,N,,NULL,NULL,2019,O,7.24E+11,098-KY-3496  -000,HIGH,098-KY-3496  -000,0.099,0,0,0,0,0,0,1,0,0,0,0,1,0,1
521,72370530,KSP0900,19-23095,20190621,1610,,US119,,,US0119,US0119,0,098 US-119,US0119,N,N,NULL,NULL,NULL,N,NULL,NULL,NULL,NULL,NULL,NULL,25.481,NULL,NULL,NULL,NULL,,NULL,1,0,2,2,N,N,55,NULL,98,9834,NULL,,Y,37.67405,-82.28192,N,NULL,NULL,NULL,NULL,NULL,NULL,NULL,NULL,5,3,4,6,1,1,2,2,7,3,Y,NULL,Y,Y,1616,1623,1634,N,NULL,49,2,1,N,,N,N,098-US-0119-0,NULL,NULL,2019,C,7.24E+11,098-US-0119  -000,HIGH,098-US-0119  -000,25.481,0,0,0,0,0,0,1,0,0,0,0,0,0,0
522,72421243,KSP0900,19-39695,20191008,1706,,US119,,,US0119,US0119,0,098 US-119,US0119,N,N,NULL,NULL,NULL,N,NULL,NULL,NULL,NULL,NULL,NULL,21.934,NULL,NULL,NULL,NULL,,NULL,0,0,1,1,N,N,55,NULL,98,9836,NULL,,Y,37.63234,-82.26161,N,NULL,NULL,NULL,NULL,NULL,NULL,NULL,NULL,9,3,4,3,1,1,2,2,3,3,N,NULL,Y,Y,1706,1724,1706,Y,NULL,70,2,1,N,,N,N,098-US-0119-0,NULL,NULL,2019,O,7.24E+11,098-US-0119  -000,HIGH,098-US-0119  -000,21.934,0,0,0,0,0,0,0,0,0,0,0,1,0,0
523,72310982,KSP0900,19-3522,20190202,1747,,US23,,,US0023,US0023,0,098 US-23-10,US0023,Y,N,NULL,NULL,NULL,N,NULL,NULL,NULL,NULL,NULL,NULL,29.044,NULL,NULL,NULL,NULL,,NULL,0,0,2,2,N,N,15,NULL,98,9807,NULL,,Y,37.52416,-82.57283,N,NULL,NULL,NULL,NULL,NULL,NULL,NULL,NULL,2,97,0,6,1,1,2,5,1,3,N,NULL,Y,N,1800,1807,1800,N,NULL,90,,1,N,,N,N,098-US-0023-10,NULL,NULL,2019,O,7.23E+11,098-US-0023  -010,HIGH,098-US-0023  -000,29.044,0,0,0,0,0,0,0,0,0,0,0,0,0,0
524,72343773,980500,2019AR030,20190422,2200,,MULLINS SCHOOL STREET,,,,,,,,Y,N,NULL,NULL,NULL,N,NULL,NULL,NULL,NULL,NULL,NULL,,NULL,NULL,NULL,NULL,NULL,NULL,0,0,2,2,N,N,15,NULL,98,9801,1,N,N,37.53787,-82.58205,N,NULL,NULL,NULL,NULL,NULL,NULL,NULL,NULL,2,97,2,6,1,1,2,6,6,3,N,NULL,Y,Y,2200,2200,2200,N,NULL,90,,,N,,N,N,,NULL,NULL,2019,O,7.23E+11,098-CR-1426N -000,MEDIUM,098-CR-1426N -000,0.073,0,0,0,0,0,0,0,0,0,0,0,0,0,0
525,72408731,370200,2019-36555,20190918,1040,,US119,,,US0119,US0119,,,,N,N,NULL,NULL,NULL,N,NULL,NULL,NULL,NULL,NULL,NULL,16.258,NULL,NULL,NULL,NULL,,NULL,0,0,1,1,N,N,55,NULL,98,9820,NULL,,Y,37.60703,-82.3164,N,NULL,NULL,NULL,NULL,NULL,NULL,NULL,NULL,9,3,4,4,1,1,2,2,7,3,N,NULL,Y,N,1040,1044,1146,N,NULL,70,2,1,N,,N,N,,NULL,NULL,2019,O,7.24E+11,098-US-0119  -010,MEDIUM,098-US-0119  -000,16.258,0,0,0,0,0,0,0,0,0,0,0,0,0,0
526,72386077,KSP0900,19-28873,20190729,1130,,KY122,,,KY0122,KY0122,0,098 KY-122,KY0122,N,N,NULL,NULL,NULL,N,NULL,NULL,NULL,NULL,NULL,NULL,5.543,NULL,NULL,NULL,NULL,,NULL,1,0,1,1,N,N,55,NULL,98,9827,NULL,,Y,37.35464,-82.5918,N,NULL,NULL,NULL,NULL,NULL,NULL,NULL,NULL,9,3,2,3,1,1,2,2,7,3,Y,NULL,N,Y,1130,1141,,N,NULL,40,,0,Y,,N,N,098-KY-0122-0,NULL,NULL,2019,B,7.24E+11,098-KY-0122  -000,HIGH,098-KY-0122  -000,5.543,0,0,0,0,0,0,0,0,1,1,0,1,0,0
527,72394656,980100,2.02E+11,20190817,1646,,CASSIDY,,BLVD,,,0,098 CS-1191,CS1191,Y,N,NULL,NULL,NULL,N,NULL,NULL,NULL,NULL,NULL,NULL,0.049,NULL,NULL,NULL,NULL,,NULL,0,0,2,2,N,N,,NULL,98,9801,NULL,,Y,37.50368,-82.53296,N,NULL,NULL,NULL,NULL,NULL,NULL,NULL,NULL,8,97,1,6,1,1,2,2,1,3,N,NULL,Y,N,1647,1656,1656,N,NULL,90,,,Y,,N,N,098-CS-1191-0,NULL,NULL,2019,O,7.24E+11,098-CS-1191  -000,HIGH,098-CS-1191  -000,0.049,0,0,0,0,0,0,1,0,0,0,0,0,0,1
528,72402040,KSP0900,19-34263,20190903,844,,US460,,,US0460,US0460,0,098 US-460,US0460,N,N,NULL,NULL,NULL,N,NULL,NULL,NULL,NULL,NULL,NULL,2.349,NULL,NULL,NULL,NULL,,NULL,0,0,2,2,N,N,55,NULL,98,9801,NULL,,Y,37.43329,-82.48636,N,NULL,NULL,NULL,NULL,NULL,NULL,NULL,NULL,5,3,2,6,1,1,2,2,7,3,N,NULL,Y,N,844,910,910,N,NULL,49,,1,N,,N,N,098-US-0460-0,NULL,NULL,2019,O,7.24E+11,098-US-0460  -000,HIGH,098-US-0460  -000,2.349,0,0,0,0,0,0,1,0,0,0,0,0,0,0
529,72326830,980100,2.02E+11,20190313,1531,,US23,,,,,,,,N,N,NULL,NULL,NULL,N,NULL,NULL,NULL,NULL,NULL,NULL,,NULL,NULL,NULL,NULL,NULL,NULL,1,0,3,3,N,N,55,NULL,98,9801,NULL,,Y,37.46537,-82.52602,N,NULL,NULL,NULL,NULL,NULL,NULL,NULL,NULL,5,3,4,6,1,1,2,2,7,3,Y,NULL,Y,Y,1531,1534,1559,N,NULL,49,,,N,,N,N,,NULL,NULL,2019,B,7.23E+11,098-US-0023  -010,MEDIUM,098-US-0023  -000,22.943,0,0,0,0,0,0,1,0,0,0,0,0,0,1
530,72345045,KSP0900,19-14730,20190426,1437,,US460,,,US0460,US0460,0,098 US-460,US0460,N,N,NULL,NULL,NULL,N,NULL,NULL,NULL,NULL,NULL,NULL,4.998,NULL,NULL,NULL,NULL,,NULL,1,0,2,2,N,N,55,NULL,98,9801,NULL,,Y,37.41114,-82.44952,N,NULL,NULL,NULL,NULL,NULL,NULL,NULL,NULL,1,3,2,6,1,5,6,2,7,3,N,NULL,Y,N,1437,1448,1449,N,NULL,55,,1,N,,N,N,098-US-0460-0,NULL,NULL,2019,C,7.23E+11,098-US-0460  -000,HIGH,098-US-0460  -000,4.998,0,0,0,0,0,0,1,0,0,0,0,0,0,0
531,72363695,980100,2.02E+11,20190528,1818,,HAMBLEY,,BLVD,,,0,098 CS-1222,CS1222,Y,N,NULL,NULL,NULL,N,NULL,NULL,NULL,NULL,NULL,NULL,0.654,NULL,NULL,NULL,NULL,,NULL,0,0,2,2,Y,N,15,NULL,98,9801,NULL,,Y,37.48041,-82.5191,N,NULL,NULL,NULL,NULL,NULL,NULL,NULL,NULL,2,3,,6,1,1,2,2,6,3,N,NULL,Y,N,1824,1824,,N,NULL,90,,,N,,N,N,098-CS-1222-0,NULL,NULL,2019,O,7.24E+11,098-CS-1222  -000,HIGH,098-CS-1222  -000,0.654,0,0,0,0,0,0,0,0,0,0,0,0,0,1
532,72365167,KSP0900,19-20387,20190603,1108,,US23,,,US0023,US0023,0,098 US-23,US0023,Y,N,NULL,NULL,NULL,N,NULL,NULL,NULL,NULL,NULL,NULL,13.738,NULL,NULL,NULL,NULL,,NULL,0,0,2,2,N,N,35,NULL,98,9823,NULL,,Y,37.38256,-82.54095,N,NULL,NULL,NULL,NULL,NULL,NULL,NULL,NULL,2,97,1,6,2,1,2,2,1,3,N,NULL,Y,N,1140,1210,,N,NULL,90,,1,N,,N,N,098-US-0023-0,NULL,NULL,2019,O,7.24E+11,098-US-0023  -000,HIGH,098-US-0023  -000,13.738,0,0,0,0,0,0,1,0,0,0,0,0,0,0
533,72320705,KSP0900,2019-6241,20190224,2147,,KY80,,,KY0080,KY0080,0,098 KY-80,KY0080,N,N,NULL,NULL,NULL,N,NULL,NULL,NULL,NULL,NULL,NULL,0.373,NULL,NULL,NULL,NULL,,NULL,0,0,1,1,N,N,55,NULL,98,9802,2,W,N,37.33781,-82.37059,N,NULL,NULL,NULL,NULL,NULL,NULL,NULL,NULL,9,3,2,4,1,1,7,6,7,3,N,NULL,Y,Y,2149,2223,2304,N,NULL,40,7,5,N,,N,N,098-KY-0080-0,NULL,NULL,2019,O,7.23E+11,098-KY-0080  -000,HIGH,098-KY-0080  -000,0.373,0,0,0,0,0,0,0,0,0,0,0,1,0,0
534,72303849,980200,ELK4125-10-19,20190112,1555,,PATTY LOVELESS,S,DR,KY0080,KY0080,0,098 KY-80,KY0080,N,N,NULL,NULL,NULL,N,NULL,NULL,NULL,NULL,NULL,NULL,5.008,NULL,NULL,NULL,NULL,,NULL,0,0,1,1,N,N,55,NULL,98,9802,NULL,,Y,37.29448,-82.32639,N,NULL,NULL,NULL,NULL,NULL,NULL,NULL,NULL,9,3,2,3,1,5,6,2,1,3,N,NULL,Y,N,1539,1545,1555,N,NULL,70,7,0,N,,N,N,098-KY-0080-0,NULL,NULL,2019,O,7.23E+11,098-KY-0080  -000,HIGH,098-KY-0080  -000,5.008,0,0,0,0,0,0,0,0,0,0,0,1,0,0