OBJECTID,MasterFile,AgencyORINumber,LocalCode,CollisionDate,CollisionTime,CollisionDayWeekCode,RoadwayName,RoadwayName_Direction_,RoadwayName_RoadwaySuffix_,RoadwayfromReport,CurrentRoadwayNumber,RoadwayNumberCoupletID,RSEUniqueGIS,RoadwayIdentifier,ParkingLotIndicator,IntersectionWith_Indicator_,IntersectionWith_NameRoadway_,IntersectionWith_Direction_,IntersectionWith_RoadwaySuffix_,BetweenStreets_Indicator_,BetweenStreets1_NameRoadway_,BetweenStreet1_Direction_,BetweenStreets1_RoadwaySuffix_,BetweenStreets2_NameRoadway_,BetweenStreets2_Direction_,BetweenStreets2_RoadwaySuffix_,Milepoint,ReportMilepointDeriveNumber,CurrentDerivedMiepointNumber,MilestoMilepoint,FeettoMilepoint,DirectionfromMilepoint_NSEW_,ValidMilepointIndicator,NumberInjured,NumberKilled,ofUnits,ofMotorVehicleUnits,Hit&RunIndicator,OneWayIndicator,SpeedLimitNumber,KilometersIndicator,CountyCode,CityCountyCode,MilesFromCity,DirectionFromCity_NSEW_,InCityLimitsIndicator,Latitude,Longitude,RampIndicator,RampFromIdentifier,RampFromDirCode,RampFromCoupletID,RSEUniqueGISRampFrom,RampToidentifier,RampToDirCode,RampToCoupletID,RSEUniqueGisRampTo,MannerofCollisionCode,LocationFirstEventCode,TotalLanes,RoadwayCharacterCode,RoadwaySurfaceCode,RoadwayConditionCode,WeatherCode,LightConditionCode,LandUseCode,SchoolBusRelatedCode,FirstAidSceneIndicator,CollDescPresentInd,InvestigationCompleteIndicator,PhotosTakenIndicator,TimeNotified,TimeArrived,TimeRoadwayOpened,PropertyDamageIndicator,DiagramPresentIndicator,DirectionalAnalysis,FunctionClassCode,NationalHwySysCode,EnforcementsIndicator,KARSCityCode,SecondaryCollisionIndicator,MedianCrossoverIndicator,RT_UNIQUE,MapIt,TimeLastLeft,YR,KABCO,MFNY,WorkingRID,RT_CONFIDENCE,KTC_RT,KTC_MP,Motorcyclist,Commercial Vehicle,Young Driver,Mature Driver,Pedestrian,Bicyclist,Distracted,Aggressive,Impaired,Unrestrained,Intersection,Roadway Departure,Median Cross-over,City Crash
535,72305792,980500,2019AR008,20190118,1805,,KINNIKINNICK,,RD,,,0,098 CR-1426U,CR1426U,N,N,NULL,NULL,NULL,N,NULL,NULL,NULL,NULL,NULL,NULL,0.008,NULL,NULL,NULL,NULL,,NULL,0,0,2,2,N,N,55,NULL,98,9801,NULL,,Y,37.54092,-82.5823,N,NULL,NULL,NULL,NULL,NULL,NULL,NULL,NULL,4,3,4,6,1,1,3,6,1,3,N,NULL,Y,N,1805,1807,1811,N,NULL,70,,,N,,N,N,098-CR-1426U-0,NULL,NULL,2019,O,7.23E+11,098-CR-1426U -000,HIGH,098-CR-1426U -000,0.008,0,0,1,0,0,0,1,0,0,0,0,0,0,0
536,72383267,980100,2.02E+11,20190723,1104,,HAROLDS BRANCH,,RD,,,0,098 CS-1223,CS1223,Y,N,NULL,NULL,NULL,N,NULL,NULL,NULL,NULL,NULL,NULL,0.05,NULL,NULL,NULL,NULL,,NULL,0,0,2,2,N,N,15,NULL,98,9801,NULL,,Y,37.47224,-82.52218,N,NULL,NULL,NULL,NULL,NULL,NULL,NULL,NULL,2,97,2,3,2,1,2,2,1,3,N,NULL,Y,N,1104,1112,1128,N,NULL,90,,,N,,N,N,098-CS-1223-0,NULL,NULL,2019,O,7.24E+11,098-CS-1223  -000,HIGH,098-CS-1223  -000,0.05,0,0,0,1,0,0,1,0,0,0,0,0,0,1
537,72348976,980100,2.02E+11,20190503,905,,KY3496,,,KY3496,KY3496,0,098 KY-3496,KY3496,Y,N,NULL,NULL,NULL,N,NULL,NULL,NULL,NULL,NULL,NULL,0.479,NULL,NULL,NULL,NULL,,NULL,0,0,2,2,N,N,15,NULL,98,9801,NULL,,Y,37.4698,-82.53411,N,NULL,NULL,NULL,NULL,NULL,NULL,NULL,NULL,2,97,2,6,1,1,2,2,1,3,N,NULL,Y,N,905,906,,N,NULL,90,16,0,N,,N,N,098-KY-3496-0,NULL,NULL,2019,O,7.23E+11,098-KY-3496  -000,HIGH,098-KY-3496  -000,0.479,0,0,0,0,0,0,1,0,0,0,0,0,0,1
538,72302082,KSP0900,19-01147,20190110,1544,,US460,,,US0460,US0460,0,098 US-460,US0460,N,N,NULL,NULL,NULL,N,NULL,NULL,NULL,NULL,NULL,NULL,6.245,NULL,NULL,NULL,NULL,,NULL,0,0,1,1,N,N,55,NULL,98,9832,NULL,,Y,37.40033,-82.43305,N,NULL,NULL,NULL,NULL,NULL,NULL,NULL,NULL,9,4,2,1,1,1,2,2,7,3,N,NULL,Y,N,1546,1557,,N,NULL,40,,1,N,,N,N,098-US-0460-0,NULL,NULL,2019,O,7.23E+11,098-US-0460  -000,HIGH,098-US-0460  -000,6.245,0,0,0,1,0,0,0,0,0,0,0,1,0,0
539,72352419,980100,2.02E+11,20190506,1238,,CASSIDY,,BLVD,,,,,,Y,N,NULL,NULL,NULL,N,NULL,NULL,NULL,NULL,NULL,NULL,0.355,NULL,NULL,NULL,NULL,,NULL,1,0,2,1,N,N,,NULL,98,9801,NULL,,Y,37.50513,-82.53796,N,NULL,NULL,NULL,NULL,NULL,NULL,NULL,NULL,9,97,2,6,1,1,2,2,1,3,Y,NULL,Y,Y,1238,1248,1307,N,NULL,90,,,N,,N,N,,NULL,NULL,2019,B,7.24E+11,098-CS-1191  -000,HIGH,098-CS-1191  -000,0.355,0,0,0,0,1,0,1,0,0,0,0,0,0,1
540,72444803,KSP0900,19-47126,20191201,1732,,US23,,,US0023,US0023,0,098 US-23-10,US0023,N,N,NULL,NULL,NULL,N,NULL,NULL,NULL,NULL,NULL,NULL,29.139,NULL,NULL,NULL,NULL,,NULL,0,0,2,2,Y,N,45,NULL,98,9807,NULL,,Y,37.52537,-82.57387,N,NULL,NULL,NULL,NULL,NULL,NULL,NULL,NULL,8,3,2,5,1,1,2,6,1,3,N,NULL,Y,N,1732,1819,,N,NULL,53,,1,N,,N,N,098-US-0023-10,NULL,NULL,2019,O,7.24E+11,098-US-0023  -010,HIGH,098-US-0023  -000,29.139,0,0,0,0,0,0,0,1,0,0,0,1,0,0
541,72420526,KSP0900,19-40500,20191014,1057,,ROBINSON CREEK,,RD,KY0122,KY0122,0,098 KY-122,KY0122,N,N,NULL,NULL,NULL,N,NULL,NULL,NULL,NULL,NULL,NULL,6.293,NULL,NULL,NULL,NULL,,NULL,0,0,1,1,N,N,55,NULL,98,9827,NULL,,Y,37.36281,-82.58428,N,NULL,NULL,NULL,NULL,NULL,NULL,NULL,NULL,9,3,2,2,1,1,2,2,7,3,N,NULL,Y,N,1057,1110,1145,N,NULL,44,,0,N,,N,N,098-KY-0122-0,NULL,NULL,2019,O,7.24E+11,098-KY-0122  -000,HIGH,098-KY-0122  -000,6.293,0,0,0,1,0,0,0,0,0,0,0,1,0,0
542,72321968,980100,2.02E+11,20190301,1951,,HUFFMAN,,AVE,,,0,098 CS-1123,CS1123,Y,N,NULL,NULL,NULL,N,NULL,NULL,NULL,NULL,NULL,NULL,0.181,NULL,NULL,NULL,NULL,,NULL,0,0,2,2,N,N,15,NULL,98,9801,NULL,,Y,37.47836,-82.51979,N,NULL,NULL,NULL,NULL,NULL,NULL,NULL,NULL,2,97,2,6,2,1,3,8,1,3,N,NULL,Y,N,1951,1955,,N,NULL,90,,,N,,N,N,098-CS-1123-0,NULL,NULL,2019,O,7.23E+11,098-CS-1123  -000,HIGH,098-CS-1123  -000,0.181,0,0,1,0,0,0,1,0,0,0,0,0,0,1
543,72436724,KSP0900,19-44821,20191114,2207,,KY1499,,,KY1499,KY1499,0,098 KY-1499,KY1499,N,N,NULL,NULL,NULL,N,NULL,NULL,NULL,NULL,NULL,NULL,0.29,NULL,NULL,NULL,NULL,,NULL,2,0,2,2,N,N,55,NULL,98,9847,NULL,,Y,37.38634,-82.2569,N,NULL,NULL,NULL,NULL,NULL,NULL,NULL,NULL,3,3,2,6,1,1,2,6,7,3,N,NULL,Y,Y,2208,2228,2320,N,NULL,52,7,0,N,,N,Y,098-KY-1499-0,NULL,NULL,2019,C,7.24E+11,098-KY-1499  -000,HIGH,098-KY-1499  -000,0.29,0,0,0,0,0,0,0,0,0,0,0,1,1,0
544,72424215,KSP0900,19-41395,20191021,1236,,US119,,,US0119,US0119,0,098 US-119-10,US0119,N,N,NULL,NULL,NULL,N,NULL,NULL,NULL,NULL,NULL,NULL,24.281,NULL,NULL,NULL,NULL,,NULL,1,0,2,2,N,N,55,NULL,98,9834,NULL,,Y,37.65908,-82.27276,N,NULL,NULL,NULL,NULL,NULL,NULL,NULL,NULL,8,3,4,6,1,1,2,2,7,3,N,NULL,Y,Y,1236,1240,1240,N,NULL,53,2,1,N,,N,N,098-US-0119-10,NULL,NULL,2019,C,7.24E+11,098-US-0119  -010,HIGH,098-US-0119  -000,24.281,0,0,0,1,0,0,0,0,0,0,0,1,0,0
545,72375082,KSP0900,19-25007,20190703,1811,,US23,,,US0023,US0023,0,098 US-23-10,US0023,N,N,NULL,NULL,NULL,N,NULL,NULL,NULL,NULL,NULL,NULL,15.898,NULL,NULL,NULL,NULL,,NULL,0,0,1,1,N,N,55,NULL,98,9801,1,S,N,37.40636,-82.53143,N,NULL,NULL,NULL,NULL,NULL,NULL,NULL,NULL,9,97,4,4,1,5,6,2,3,3,N,NULL,Y,N,1811,1820,,N,NULL,40,,1,N,,N,N,098-US-0023-10,NULL,NULL,2019,O,7.24E+11,098-US-0023  -010,HIGH,098-US-0023  -000,15.898,0,0,0,0,0,0,0,0,0,0,0,1,0,0
546,72371607,980100,2.02E+11,20190625,1228,,CASSIDY,,BLVD,,,0,098 CS-1191,CS1191,Y,N,NULL,NULL,NULL,N,NULL,NULL,NULL,NULL,NULL,NULL,,NULL,NULL,NULL,NULL,NULL,NULL,0,0,2,2,N,N,,NULL,98,9801,NULL,,Y,37.50636,-82.53868,N,NULL,NULL,NULL,NULL,NULL,NULL,NULL,NULL,1,97,2,6,1,1,2,2,1,3,N,NULL,Y,N,1228,1236,,N,NULL,90,,,N,,N,N,098-CS-1191-0,NULL,NULL,2019,O,7.24E+11,098-CS-1191  -000,HIGH,098-CS-1191  -000,0.357,0,0,0,0,0,0,1,0,0,0,0,0,0,1
547,72417160,KSP0900,19-38329,20190930,1533,,US119,,,US0119,US0119,0,098 US-119,US0119,N,N,NULL,NULL,NULL,N,NULL,NULL,NULL,NULL,NULL,NULL,24.848,NULL,NULL,NULL,NULL,,NULL,1,0,2,2,N,N,55,NULL,98,9834,NULL,,Y,37.66645,-82.27551,N,NULL,NULL,NULL,NULL,NULL,NULL,NULL,NULL,5,3,4,6,1,1,2,2,3,3,Y,NULL,Y,N,1533,1603,1615,N,NULL,49,2,1,N,,N,N,098-US-0119-0,NULL,NULL,2019,C,7.24E+11,098-US-0119  -000,HIGH,098-US-0119  -000,24.848,0,0,1,0,0,0,0,1,0,0,0,0,0,0
548,72377984,980100,2.02E+11,20190703,1250,,BAIRD,,AVE,KY1426,KY1426,,,,N,N,NULL,NULL,NULL,N,NULL,NULL,NULL,NULL,NULL,NULL,5.419,NULL,NULL,NULL,NULL,,NULL,0,0,2,2,N,N,25,NULL,98,9801,NULL,,Y,37.47293,-82.52701,N,NULL,NULL,NULL,NULL,NULL,NULL,NULL,NULL,1,3,2,6,1,1,2,2,7,3,N,NULL,Y,N,1250,1250,1250,N,NULL,55,,0,N,,N,N,,NULL,NULL,2019,O,7.24E+11,098-KY-1426  -000,HIGH,098-KY-1426  -000,5.419,0,0,0,1,0,0,1,0,0,0,0,0,0,1
549,72378411,980100,2.02E+11,20190705,2110,,REDALE,,RD,,,,,,N,N,NULL,NULL,NULL,N,NULL,NULL,NULL,NULL,NULL,NULL,0.186,NULL,NULL,NULL,NULL,,NULL,0,0,2,2,N,N,15,NULL,98,9801,NULL,,Y,37.48713,-82.52748,N,NULL,NULL,NULL,NULL,NULL,NULL,NULL,NULL,7,3,1,6,1,1,2,5,6,3,N,NULL,Y,N,2125,2131,0,N,NULL,47,,,Y,,N,N,,NULL,NULL,2019,O,7.24E+11,098-CS-1244  -000,HIGH,098-CS-1244  -000,0.186,0,0,0,0,0,0,0,0,0,0,0,0,0,1
550,72415159,KSP0900,19-37447,20190924,1345,,KY632,,,KY0632,KY0632,0,098 KY-632,KY0632,N,N,NULL,NULL,NULL,N,NULL,NULL,NULL,NULL,NULL,NULL,13.603,NULL,NULL,NULL,NULL,,NULL,0,0,2,2,N,N,35,NULL,98,9804,NULL,,Y,37.51292,-82.15915,N,NULL,NULL,NULL,NULL,NULL,NULL,NULL,NULL,7,3,2,3,1,1,2,2,7,3,N,NULL,Y,N,1347,1400,1347,N,NULL,54,6,0,N,,N,N,098-KY-0632-0,NULL,NULL,2019,O,7.24E+11,098-KY-0632  -000,HIGH,098-KY-0632  -000,13.603,0,0,0,0,0,0,1,0,0,0,0,1,0,0
551,72443529,980500,2019AR072,20191128,1230,,US23,,,US0023,US0023,0,098 US-23-10,US0023,Y,N,NULL,NULL,NULL,N,NULL,NULL,NULL,NULL,NULL,NULL,28.908,NULL,NULL,NULL,NULL,,NULL,0,0,2,2,N,N,15,NULL,98,9807,NULL,,Y,37.52247,-82.57126,N,NULL,NULL,NULL,NULL,NULL,NULL,NULL,NULL,2,97,2,6,1,1,3,2,1,3,N,NULL,Y,N,1230,1232,,N,NULL,90,,1,N,,N,N,098-US-0023-10,NULL,NULL,2019,O,7.24E+11,098-US-0023  -010,HIGH,098-US-0023  -000,28.908,0,0,0,1,0,0,1,0,0,0,0,0,0,0
552,72420064,KSP0900,19-40316,20191012,2240,,KY195,,,KY0195,KY0195,0,098 KY-195,KY0195,N,N,NULL,NULL,NULL,N,NULL,NULL,NULL,NULL,NULL,NULL,8.096,NULL,NULL,NULL,NULL,,NULL,0,0,1,1,N,N,45,NULL,98,9830,NULL,,Y,37.33076,-82.43304,N,NULL,NULL,NULL,NULL,NULL,NULL,NULL,NULL,9,3,2,3,1,1,10,6,7,3,N,NULL,Y,N,2253,2303,2332,N,NULL,70,7,0,N,,N,N,098-KY-0195-0,NULL,NULL,2019,O,7.24E+11,098-KY-0195  -000,HIGH,098-KY-0195  -000,8.096,0,0,1,0,0,0,1,0,0,0,0,1,0,0
553,72428270,KSP0900,19-41738,20191023,2136,,KY632,,,KY0632,KY0632,0,098 KY-632,KY0632,N,N,NULL,NULL,NULL,N,NULL,NULL,NULL,NULL,NULL,NULL,2.792,NULL,NULL,NULL,NULL,,NULL,0,0,2,2,N,N,55,NULL,98,9817,NULL,,Y,37.485,-82.31138,N,NULL,NULL,NULL,NULL,NULL,NULL,NULL,NULL,3,3,2,6,1,1,2,6,7,3,N,NULL,Y,N,2143,2210,2245,N,NULL,38,6,0,N,,Y,N,098-KY-0632-0,NULL,NULL,2019,O,7.24E+11,098-KY-0632  -000,HIGH,098-KY-0632  -000,2.792,0,0,0,0,0,0,0,0,0,0,0,0,0,0
554,72323989,KSP0900,19-6625,20190227,2142,,KY3174,,,KY3174,KY3174,0,098 KY-3174-10,KY3174,N,N,NULL,NULL,NULL,N,NULL,NULL,NULL,NULL,NULL,NULL,4.417,NULL,NULL,NULL,NULL,,NULL,0,0,1,1,N,N,55,NULL,98,9830,NULL,,Y,37.36647,-82.46878,N,NULL,NULL,NULL,NULL,NULL,NULL,NULL,NULL,9,3,4,6,1,1,2,6,7,3,N,NULL,Y,N,2143,2146,,N,NULL,70,,0,N,,N,N,098-KY-3174-10,NULL,NULL,2019,O,7.23E+11,098-KY-3174  -010,HIGH,098-KY-3174  -000,4.417,0,0,0,0,0,0,0,0,0,0,0,0,0,0
555,72426969,KSP0900,19-40470,20191014,451,,PENNY,,HWY,KY3501,KY3501,0,098 KY-3501,KY3501,N,N,NULL,NULL,NULL,N,NULL,NULL,NULL,NULL,NULL,NULL,0.306,NULL,NULL,NULL,NULL,,NULL,0,0,1,1,N,N,55,NULL,98,9801,3,S,N,37.35658,-82.5704,N,NULL,NULL,NULL,NULL,NULL,NULL,NULL,NULL,9,3,2,6,1,1,2,4,7,3,N,NULL,N,N,451,602,,N,NULL,38,9,0,N,,N,N,098-KY-3501-0,NULL,NULL,2019,O,7.24E+11,098-KY-3501  -000,HIGH,098-KY-3501  -000,0.306,0,0,0,0,0,0,0,0,0,0,0,0,0,0
556,72316677,980100,2.02E+11,20190214,2126,,HAMBLEY,,BLVD,,,0,098 CS-1222,CS1222,N,N,NULL,NULL,NULL,N,NULL,NULL,NULL,NULL,NULL,NULL,0.005,NULL,NULL,NULL,NULL,,NULL,0,0,2,2,N,N,25,NULL,98,9801,NULL,,Y,37.47392,-82.52728,N,NULL,NULL,NULL,NULL,NULL,NULL,NULL,NULL,1,3,2,6,1,1,2,5,7,3,N,NULL,Y,N,2126,2127,2128,N,NULL,55,,,Y,,N,N,098-CS-1222-0,NULL,NULL,2019,O,7.23E+11,098-CS-1222  -000,HIGH,098-CS-1222  -000,0.005,0,0,1,0,0,0,1,0,0,0,0,0,0,1
557,72451924,980100,2.02E+11,20191216,1431,,CASSIDY,,BLVD,,,0,098 CS-1191,CS1191,N,N,NULL,NULL,NULL,N,NULL,NULL,NULL,NULL,NULL,NULL,0.161,NULL,NULL,NULL,NULL,,NULL,0,0,2,2,N,N,25,NULL,98,9801,NULL,,Y,37.5037,-82.53467,N,NULL,NULL,NULL,NULL,NULL,NULL,NULL,NULL,1,3,5,6,1,5,6,2,1,3,N,NULL,Y,N,1431,1443,,N,NULL,55,,,N,,N,N,098-CS-1191-0,NULL,NULL,2019,O,7.25E+11,098-CS-1191  -000,HIGH,098-CS-1191  -000,0.161,0,0,0,1,0,0,1,1,0,0,0,0,0,1
558,72324940,KSP0900,19-7526,20190308,235,,DORTON-JENKINS,,HWY,KY0805,KY0805,0,098 KY-805,KY0805,N,N,NULL,NULL,NULL,N,NULL,NULL,NULL,NULL,NULL,NULL,4.581,NULL,NULL,NULL,NULL,,NULL,0,0,1,1,N,N,45,NULL,98,9801,NULL,,Y,37.25255,-82.56442,N,NULL,NULL,NULL,NULL,NULL,NULL,NULL,NULL,9,5,2,2,1,4,9,6,7,3,N,NULL,Y,Y,235,254,235,Y,NULL,44,7,0,N,,N,N,098-KY-0805-0,NULL,NULL,2019,O,7.23E+11,098-KY-0805  -000,HIGH,098-KY-0805  -000,4.581,0,0,1,0,0,0,0,1,0,0,0,1,0,0
559,72345361,KSP0900,19-14160,20190422,2247,,KY 3174,,,,,,,,N,N,NULL,NULL,NULL,N,NULL,NULL,NULL,NULL,NULL,NULL,,NULL,NULL,NULL,NULL,NULL,NULL,0,0,1,1,N,N,55,NULL,98,9801,4,E,N,37.36177,-82.45963,N,NULL,NULL,NULL,NULL,NULL,NULL,NULL,NULL,9,5,4,6,1,1,2,4,1,3,N,NULL,Y,N,2247,2307,,N,NULL,51,,,N,,N,N,,NULL,NULL,2019,O,7.23E+11,098-KY-3174  -010,MEDIUM,098-KY-3174  -000,5.029,0,0,0,0,0,0,0,0,0,0,0,1,0,0
560,72382734,980100,2.02E+12,20190722,1033,,KY1460 TURN LANE,,,KY1460,KY1460,0,098 KY-1460-24,KY1460,Y,N,NULL,NULL,NULL,N,NULL,NULL,NULL,NULL,NULL,NULL,0.02,NULL,NULL,NULL,NULL,,NULL,0,0,2,2,N,N,10,NULL,98,9801,NULL,,Y,37.48303,-82.51393,N,NULL,NULL,NULL,NULL,NULL,NULL,NULL,NULL,2,97,2,6,2,5,6,2,1,3,N,NULL,Y,N,1033,1042,1042,N,NULL,90,,0,N,,N,N,098-KY-1460-24,NULL,NULL,2019,O,7.24E+11,098-KY-1460  -024,HIGH,098-KY-1460  -024,0.02,0,0,0,0,0,0,0,0,0,0,0,0,0,1
561,72366764,980500,2019AR042,20190607,1500,,MAYO TRAIL,N,,,,,,,Y,N,NULL,NULL,NULL,N,NULL,NULL,NULL,NULL,NULL,NULL,,NULL,NULL,NULL,NULL,NULL,NULL,0,0,2,2,N,N,15,NULL,98,9807,NULL,,Y,37.52008,-82.56929,N,NULL,NULL,NULL,NULL,NULL,NULL,NULL,NULL,2,97,2,6,1,5,3,2,1,3,N,NULL,Y,N,1500,1502,1515,N,NULL,90,,,N,,N,N,,NULL,NULL,2019,O,7.24E+11,098-US-0023  -010,MEDIUM,098-US-0023  -000,28.708,0,0,0,0,0,0,1,0,0,0,0,0,0,0
562,72446373,980100,2.02E+11,20191104,1316,,US460,,,US0460,US0460,0,098 US-460,US0460,Y,N,NULL,NULL,NULL,N,NULL,NULL,NULL,NULL,NULL,NULL,0.248,NULL,NULL,NULL,NULL,,NULL,0,0,2,2,N,N,,NULL,98,9801,NULL,,Y,37.43913,-82.50983,N,NULL,NULL,NULL,NULL,NULL,NULL,NULL,NULL,1,97,1,6,1,1,2,2,1,3,N,NULL,Y,N,1316,1323,1323,N,NULL,90,,1,N,,N,N,098-US-0460-0,NULL,NULL,2019,O,7.24E+11,098-US-0460  -000,HIGH,098-US-0460  -000,0.248,0,0,0,1,0,0,0,0,0,0,0,0,0,1
563,72365244,KSP0900,19-21413,20190609,1939,,GREASY,,CRK,,,0,098 CR-1256,CR1256,N,N,NULL,NULL,NULL,N,NULL,NULL,NULL,NULL,NULL,NULL,1.046,NULL,NULL,NULL,NULL,,NULL,0,0,2,2,N,N,45,NULL,98,9841,NULL,,Y,37.36974,-82.48828,N,NULL,NULL,NULL,NULL,NULL,NULL,NULL,NULL,3,3,2,2,1,5,6,2,7,3,N,NULL,N,N,1939,2020,,N,NULL,52,,,N,,N,N,098-CR-1256-0,NULL,NULL,2019,O,7.24E+11,098-CR-1256  -000,HIGH,098-CR-1256  -000,1.046,0,0,0,0,0,0,0,0,0,0,0,1,0,0
564,72424766,KSP0900,19-41604,20191022,2023,,US23,,,US0023,US0023,0,098 US-23-10,US0023,Y,N,NULL,NULL,NULL,N,NULL,NULL,NULL,NULL,NULL,NULL,28.625,NULL,NULL,NULL,NULL,,NULL,0,0,2,2,N,N,,NULL,98,9807,NULL,,Y,37.5198,-82.56744,N,NULL,NULL,NULL,NULL,NULL,NULL,NULL,NULL,2,97,,6,1,1,2,5,1,3,N,NULL,Y,N,2028,2028,,N,NULL,90,,1,N,,N,N,098-US-0023-10,NULL,NULL,2019,O,7.24E+11,098-US-0023  -010,HIGH,098-US-0023  -000,28.625,0,0,0,0,0,0,0,0,0,0,0,0,0,0
565,72419030,980100,2.02E+11,20191006,1822,,US23,,,US0023,US0023,0,098 US-23-10,US0023,N,N,NULL,NULL,NULL,N,NULL,NULL,NULL,NULL,NULL,NULL,24.172,NULL,NULL,NULL,NULL,,NULL,1,0,1,1,N,N,55,NULL,98,9801,NULL,,Y,37.47736,-82.5406,N,NULL,NULL,NULL,NULL,NULL,NULL,NULL,NULL,9,3,4,6,1,5,6,2,7,3,Y,NULL,Y,Y,1822,1824,1901,N,NULL,70,,1,N,,N,N,098-US-0023-10,NULL,NULL,2019,C,7.24E+11,098-US-0023  -010,HIGH,098-US-0023  -000,24.172,0,0,0,0,0,0,0,0,0,0,0,1,0,1
566,72307119,980000,19-01-005,20190122,1138,,WILLIAMSON,,RD,KY0292,KY0292,0,098 KY-292,KY0292,N,N,NULL,NULL,NULL,N,NULL,NULL,NULL,NULL,NULL,NULL,7.492,NULL,NULL,NULL,NULL,,NULL,0,0,2,2,N,N,45,NULL,98,9834,NULL,,Y,37.68241,-82.30023,N,NULL,NULL,NULL,NULL,NULL,NULL,NULL,NULL,1,7,2,6,1,1,2,2,1,3,N,NULL,Y,Y,1138,1145,1145,N,NULL,47,7,0,N,,N,N,098-KY-0292-0,NULL,NULL,2019,O,7.23E+11,098-KY-0292  -000,HIGH,098-KY-0292  -000,7.492,0,0,0,1,0,0,0,0,0,0,0,0,0,0
567,72400633,980100,2.02E+11,20190830,1513,,RIVER,,DR,,,,,,Y,N,NULL,NULL,NULL,N,NULL,NULL,NULL,NULL,NULL,NULL,0.099,NULL,NULL,NULL,NULL,,NULL,0,0,2,2,N,N,10,NULL,98,9801,NULL,,Y,37.47371,-82.52301,N,NULL,NULL,NULL,NULL,NULL,NULL,NULL,NULL,2,97,,6,1,1,2,2,1,3,N,NULL,Y,N,1513,1522,1522,N,NULL,90,,,N,,N,N,,NULL,NULL,2019,O,7.24E+11,098-CS-1054  -000,MEDIUM,098-CS-1054  -000,0.099,0,0,0,0,0,0,0,0,0,0,0,0,0,1
568,72349191,KSP0900,19-16289,20190506,1510,,FERRELLS CREEK,,RD,US0460,US0460,0,098 US-460,US0460,N,N,NULL,NULL,NULL,N,NULL,NULL,NULL,NULL,NULL,NULL,15.022,NULL,NULL,NULL,NULL,,NULL,0,0,2,2,N,N,55,NULL,98,9801,NULL,,Y,37.34599,-82.36412,N,NULL,NULL,NULL,NULL,NULL,NULL,NULL,NULL,5,3,2,6,1,1,2,2,7,3,N,NULL,Y,N,1530,1548,1510,N,NULL,49,,1,N,,N,N,098-US-0460-0,NULL,NULL,2019,O,7.23E+11,098-US-0460  -000,HIGH,098-US-0460  -000,15.022,0,0,1,0,0,0,0,0,0,0,0,0,0,0
569,72302702,980100,2.02E+11,20190106,1133,,KEYSER HEIGHTS,E,DR,,,0,098 CS-1189,CS1189,N,N,NULL,NULL,NULL,N,NULL,NULL,NULL,NULL,NULL,NULL,0.328,NULL,NULL,NULL,NULL,,NULL,0,0,2,2,Y,N,15,NULL,98,9801,NULL,,Y,37.49085,-82.52588,N,NULL,NULL,NULL,NULL,NULL,NULL,NULL,NULL,2,3,1,5,1,1,2,9,6,3,N,NULL,Y,N,1133,1138,1138,N,NULL,47,,,N,,N,N,098-CS-1189-0,NULL,NULL,2019,O,7.23E+11,098-CS-1189  -000,HIGH,098-CS-1189  -000,0.328,0,0,0,0,0,0,1,0,0,0,0,0,0,0
570,72460625,KSP0900,20-841,20200107,830,,KY194,,,KY0194,KY0194,0,098 KY-194,KY0194,N,N,NULL,NULL,NULL,N,NULL,NULL,NULL,NULL,NULL,NULL,56.125,NULL,NULL,NULL,NULL,,NULL,0,0,2,2,N,N,35,NULL,98,9804,NULL,,Y,37.52429,-82.15943,N,NULL,NULL,NULL,NULL,NULL,NULL,NULL,NULL,5,3,2,6,1,4,1,2,7,3,N,NULL,Y,N,830,930,930,N,NULL,49,7,0,N,,N,N,098-KY-0194-0,NULL,NULL,2020,O,7.25E+11,098-KY-0194  -000,HIGH,098-KY-0194  -000,56.125,0,0,0,0,0,0,0,1,0,0,0,0,0,0
571,72304666,980100,2.02E+11,20190111,1105,,US23,,,US0023,US0023,,,,N,Y,US119,,,N,NULL,NULL,NULL,NULL,NULL,NULL,26.29,NULL,NULL,NULL,NULL,,NULL,2,0,2,2,N,N,55,NULL,98,9801,NULL,,Y,37.50376,-82.53216,N,NULL,NULL,NULL,NULL,NULL,NULL,NULL,NULL,1,3,4,6,1,1,2,2,7,3,Y,NULL,Y,Y,1105,1106,1222,N,NULL,10,,1,Y,,N,N,,NULL,NULL,2019,B,7.23E+11,098-US-0023  -000,MEDIUM,098-US-0023  -000,26.29,0,0,0,1,0,0,1,1,0,1,1,0,0,1
572,72358666,980100,2.02E+11,20190528,1323,,ELM,S,ST,,,,,,Y,N,NULL,NULL,NULL,N,NULL,NULL,NULL,NULL,NULL,NULL,0.031,NULL,NULL,NULL,NULL,,NULL,0,0,2,2,N,N,,NULL,98,9801,NULL,,Y,37.47624,-82.52077,N,NULL,NULL,NULL,NULL,NULL,NULL,NULL,NULL,2,97,1,6,1,1,2,2,1,3,N,NULL,Y,N,1327,1327,,N,NULL,90,,,N,,N,N,,NULL,NULL,2019,O,7.24E+11,098-CS-1107  -000,MEDIUM,098-CS-1107  -000,0.031,0,0,1,1,0,0,1,0,0,0,0,0,0,1