OBJECTID,MasterFile,AgencyORINumber,LocalCode,CollisionDate,CollisionTime,CollisionDayWeekCode,RoadwayName,RoadwayName_Direction_,RoadwayName_RoadwaySuffix_,RoadwayfromReport,CurrentRoadwayNumber,RoadwayNumberCoupletID,RSEUniqueGIS,RoadwayIdentifier,ParkingLotIndicator,IntersectionWith_Indicator_,IntersectionWith_NameRoadway_,IntersectionWith_Direction_,IntersectionWith_RoadwaySuffix_,BetweenStreets_Indicator_,BetweenStreets1_NameRoadway_,BetweenStreet1_Direction_,BetweenStreets1_RoadwaySuffix_,BetweenStreets2_NameRoadway_,BetweenStreets2_Direction_,BetweenStreets2_RoadwaySuffix_,Milepoint,ReportMilepointDeriveNumber,CurrentDerivedMiepointNumber,MilestoMilepoint,FeettoMilepoint,DirectionfromMilepoint_NSEW_,ValidMilepointIndicator,NumberInjured,NumberKilled,ofUnits,ofMotorVehicleUnits,Hit&RunIndicator,OneWayIndicator,SpeedLimitNumber,KilometersIndicator,CountyCode,CityCountyCode,MilesFromCity,DirectionFromCity_NSEW_,InCityLimitsIndicator,Latitude,Longitude,RampIndicator,RampFromIdentifier,RampFromDirCode,RampFromCoupletID,RSEUniqueGISRampFrom,RampToidentifier,RampToDirCode,RampToCoupletID,RSEUniqueGisRampTo,MannerofCollisionCode,LocationFirstEventCode,TotalLanes,RoadwayCharacterCode,RoadwaySurfaceCode,RoadwayConditionCode,WeatherCode,LightConditionCode,LandUseCode,SchoolBusRelatedCode,FirstAidSceneIndicator,CollDescPresentInd,InvestigationCompleteIndicator,PhotosTakenIndicator,TimeNotified,TimeArrived,TimeRoadwayOpened,PropertyDamageIndicator,DiagramPresentIndicator,DirectionalAnalysis,FunctionClassCode,NationalHwySysCode,EnforcementsIndicator,KARSCityCode,SecondaryCollisionIndicator,MedianCrossoverIndicator,RT_UNIQUE,MapIt,TimeLastLeft,YR,KABCO,MFNY,WorkingRID,RT_CONFIDENCE,KTC_RT,KTC_MP,Motorcyclist,Commercial Vehicle,Young Driver,Mature Driver,Pedestrian,Bicyclist,Distracted,Aggressive,Impaired,Unrestrained,Intersection,Roadway Departure,Median Cross-over,City Crash
573,72462723,KSP0900,20-874,20200107,1203,,KY1426,,,KY1426,KY1426,0,098 KY-1426,KY1426,N,N,NULL,NULL,NULL,N,NULL,NULL,NULL,NULL,NULL,NULL,12.216,NULL,NULL,NULL,NULL,,NULL,0,0,1,1,N,N,55,NULL,98,9820,NULL,,Y,37.53881,-82.46847,N,NULL,NULL,NULL,NULL,NULL,NULL,NULL,NULL,9,3,2,3,1,4,3,2,7,3,N,NULL,Y,N,1215,1240,1203,N,NULL,44,7,0,N,,N,N,098-KY-1426-0,NULL,NULL,2020,O,7.25E+11,098-KY-1426  -000,HIGH,098-KY-1426  -000,12.216,0,0,0,0,0,0,1,0,0,0,0,1,0,0
574,72424341,980200,ELK4125-129-19,20191011,1300,,KY80,,,KY0080,KY0080,0,098 KY-80,KY0080,Y,N,NULL,NULL,NULL,N,NULL,NULL,NULL,NULL,NULL,NULL,2.805,NULL,NULL,NULL,NULL,,NULL,0,0,2,2,Y,N,5,NULL,98,9802,NULL,,Y,37.30733,-82.3531,N,NULL,NULL,NULL,NULL,NULL,NULL,NULL,NULL,5,97,2,6,1,1,2,2,1,3,N,NULL,Y,N,1255,1300,1300,N,NULL,90,7,0,N,,N,N,098-KY-0080-0,NULL,NULL,2019,O,7.24E+11,098-KY-0080  -000,HIGH,098-KY-0080  -000,2.805,0,0,0,0,0,0,0,0,0,0,0,0,0,0
575,72425568,980500,2019AR067,20191024,1318,,MAYO TRAIL,N,,,,,,,Y,N,NULL,NULL,NULL,N,NULL,NULL,NULL,NULL,NULL,NULL,,NULL,NULL,NULL,NULL,NULL,NULL,0,0,2,2,N,N,15,NULL,98,9807,NULL,,Y,37.51983,-82.56876,N,NULL,NULL,NULL,NULL,NULL,NULL,NULL,NULL,1,97,2,5,1,1,2,2,1,3,N,NULL,Y,Y,1321,1324,1324,N,NULL,90,,,N,,N,N,,NULL,NULL,2019,O,7.24E+11,098-US-0023  -010,MEDIUM,098-US-0023  -000,28.674,0,0,0,1,0,0,1,0,0,0,0,0,0,0
576,72458374,KSP0900,19-50691,20191229,1450,,NARROWS,,BR,,,0,098 CR-1078,CR1078,N,N,NULL,NULL,NULL,N,NULL,NULL,NULL,NULL,NULL,NULL,0.322,NULL,NULL,NULL,NULL,,NULL,0,0,2,2,N,N,35,NULL,98,9842,NULL,,Y,37.61308,-82.24648,N,NULL,NULL,NULL,NULL,NULL,NULL,NULL,NULL,1,3,1,3,1,5,3,2,7,3,N,NULL,Y,N,1450,1519,1535,N,NULL,44,,,N,,N,N,098-CR-1078-0,NULL,NULL,2019,O,7.25E+11,098-CR-1078  -000,HIGH,098-CR-1078  -000,0.322,0,0,1,1,0,0,0,0,0,0,0,1,0,0
577,72395544,980100,2.02E+11,20190819,1814,,CHLOE,,RD,KY1460,KY1460,0,098 KY-1460,KY1460,N,N,NULL,NULL,NULL,N,NULL,NULL,NULL,NULL,NULL,NULL,3.903,NULL,NULL,NULL,NULL,,NULL,0,0,1,1,N,N,35,NULL,98,9801,NULL,,Y,37.47698,-82.49506,N,NULL,NULL,NULL,NULL,NULL,NULL,NULL,NULL,9,6,2,3,1,1,2,2,7,3,N,NULL,Y,N,1814,1818,1847,N,NULL,44,,0,N,,N,N,098-KY-1460-0,NULL,NULL,2019,O,7.24E+11,098-KY-1460  -000,HIGH,098-KY-1460  -000,3.903,0,0,0,0,0,0,1,0,0,0,0,1,0,1
578,72350525,KSP0900,19-15693,20190502,2043,,CLEVINGER,,BR,,,0,098 CR-1497,CR1497,N,N,NULL,NULL,NULL,N,NULL,NULL,NULL,NULL,NULL,NULL,1.605,NULL,NULL,NULL,NULL,,NULL,0,0,1,1,N,N,25,NULL,98,9801,NULL,,Y,37.55654,-82.52489,N,NULL,NULL,NULL,NULL,NULL,NULL,NULL,NULL,9,3,1,4,1,5,6,6,7,3,N,NULL,Y,N,2043,2100,,N,NULL,44,,,N,,N,N,098-CR-1497-0,NULL,NULL,2019,O,7.24E+11,098-CR-1497  -000,HIGH,098-CR-1497  -000,1.605,0,0,0,0,0,0,0,0,0,0,0,1,0,0
579,72304305,KSP0900,19-1582,20190114,2002,,VIRGIE,,RD,KY0610,KY0610,0,098 KY-610,KY0610,N,N,NULL,NULL,NULL,N,NULL,NULL,NULL,NULL,NULL,NULL,1.2,NULL,NULL,NULL,NULL,,NULL,1,0,1,1,N,N,55,NULL,98,9809,NULL,,Y,37.28554,-82.59374,N,NULL,NULL,NULL,NULL,NULL,NULL,NULL,NULL,9,3,2,3,1,5,2,6,7,3,Y,NULL,Y,Y,2004,2026,2004,N,NULL,44,7,0,Y,,N,N,098-KY-0610-0,NULL,NULL,2019,B,7.23E+11,098-KY-0610  -000,HIGH,098-KY-0610  -000,1.2,0,0,0,0,0,0,0,0,0,1,0,1,0,0
580,72360584,980100,2.02E+11,20190528,2334,,SUMMIT,,DR,,,,,,N,N,NULL,NULL,NULL,N,NULL,NULL,NULL,NULL,NULL,NULL,0.225,NULL,NULL,NULL,NULL,,NULL,0,0,1,1,N,N,35,NULL,98,9801,NULL,,Y,37.47578,-82.51546,N,NULL,NULL,NULL,NULL,NULL,NULL,NULL,NULL,9,3,2,1,1,1,2,6,6,3,N,NULL,Y,N,2334,2337,36,N,NULL,44,,,N,,N,N,,NULL,NULL,2019,O,7.24E+11,098-CS-1064  -000,MEDIUM,098-CS-1064  -000,0.225,0,0,1,0,0,0,0,0,0,1,0,1,0,1
581,72439330,980100,2.02E+11,20191120,1205,,LYKINS CREEK,,RD,,,,,,N,N,NULL,NULL,NULL,N,NULL,NULL,NULL,NULL,NULL,NULL,,NULL,NULL,NULL,NULL,NULL,NULL,0,0,1,1,N,N,35,NULL,98,9801,NULL,,Y,37.5036,-82.55074,N,NULL,NULL,NULL,NULL,NULL,NULL,NULL,NULL,9,3,1,3,1,5,3,2,6,3,N,NULL,Y,N,1205,1211,1218,N,NULL,70,,,N,,N,N,,NULL,NULL,2019,O,7.24E+11,098-CS-1249  -000,MEDIUM,098-CS-1249  -000,0.405,0,0,1,0,0,0,0,1,0,0,0,1,0,1
582,72361079,980100,2.02E+11,20190520,1403,,CASSIDY,,BLVD,,,,,,N,N,NULL,NULL,NULL,N,NULL,NULL,NULL,NULL,NULL,NULL,0.05,NULL,NULL,NULL,NULL,,NULL,0,0,2,2,N,N,55,NULL,98,9801,NULL,,Y,37.50368,-82.53297,N,NULL,NULL,NULL,NULL,NULL,NULL,NULL,NULL,2,3,1,6,1,1,2,2,7,3,N,NULL,Y,N,1403,1411,1411,N,NULL,56,,,N,,N,N,,NULL,NULL,2019,O,7.24E+11,098-CS-1191  -000,HIGH,098-CS-1191  -000,0.05,0,0,0,1,0,0,1,0,0,0,0,0,0,1
583,72331275,980100,2.02E+11,20190320,1701,,KY3496,,,KY3496,KY3496,,,,N,N,NULL,NULL,NULL,N,NULL,NULL,NULL,NULL,NULL,NULL,0.765,NULL,NULL,NULL,NULL,,NULL,0,0,2,2,N,N,35,NULL,98,9801,NULL,,Y,37.472,-82.53017,N,NULL,NULL,NULL,NULL,NULL,NULL,NULL,NULL,1,3,2,6,1,1,2,2,1,3,N,NULL,Y,N,1701,1705,,N,NULL,55,16,0,N,,N,N,,NULL,NULL,2019,O,7.23E+11,098-KY-3496  -000,HIGH,098-KY-3496  -000,0.765,0,0,1,1,0,0,1,1,0,0,0,0,0,1
584,72311876,KSP0900,19-3779,20190204,2027,,US23,,,US0023,US0023,0,098 US-23-10,US0023,N,N,NULL,NULL,NULL,N,NULL,NULL,NULL,NULL,NULL,NULL,12.11,NULL,NULL,NULL,NULL,,NULL,0,0,1,1,N,N,55,NULL,98,9827,5,S,N,37.36469,-82.55323,N,NULL,NULL,NULL,NULL,NULL,NULL,NULL,NULL,9,3,4,6,1,5,3,6,7,3,N,NULL,Y,N,2030,2043,2043,N,NULL,38,,1,N,,N,N,098-US-0023-10,NULL,NULL,2019,O,7.23E+11,098-US-0023  -010,HIGH,098-US-0023  -000,12.11,0,0,0,0,0,0,0,0,0,0,0,0,0,0
585,72339472,KSP0900,19-12797,20190413,2012,,LONG FORK,,RD,KY1469,KY1469,0,098 KY-1469,KY1469,N,N,NULL,NULL,NULL,N,NULL,NULL,NULL,NULL,NULL,NULL,5.988,NULL,NULL,NULL,NULL,,NULL,0,0,2,2,N,N,55,NULL,98,9827,NULL,,Y,37.30286,-82.65737,N,NULL,NULL,NULL,NULL,NULL,NULL,NULL,NULL,1,3,2,6,1,1,2,6,6,3,N,NULL,Y,N,2012,2048,2048,N,NULL,55,8,0,N,,N,N,098-KY-1469-0,NULL,NULL,2019,O,7.23E+11,098-KY-1469  -000,HIGH,098-KY-1469  -000,5.988,0,0,0,1,0,0,0,1,0,0,0,0,0,0
586,72464989,KSP0900,20-2151,20200116,1726,,US119,,,US0119,US0119,0,098 US-119,US0119,N,N,NULL,NULL,NULL,N,NULL,NULL,NULL,NULL,NULL,NULL,18.725,NULL,NULL,NULL,NULL,,NULL,0,0,2,2,N,N,55,NULL,98,9851,NULL,,Y,37.59796,-82.27692,N,NULL,NULL,NULL,NULL,NULL,NULL,NULL,NULL,1,3,2,6,1,1,2,3,7,3,N,NULL,Y,N,1726,1732,1819,N,NULL,55,2,1,N,,N,N,098-US-0119-0,NULL,NULL,2020,O,7.25E+11,098-US-0119  -000,HIGH,098-US-0119  -000,18.725,0,0,0,1,0,0,0,1,0,0,0,0,0,0
587,72395447,KSP0900,19-26855,20190715,734,,KY1426,,,KY1426,KY1426,0,098 KY-1426,KY1426,N,N,NULL,NULL,NULL,N,NULL,NULL,NULL,NULL,NULL,NULL,13.892,NULL,NULL,NULL,NULL,,NULL,0,1,1,1,N,N,55,NULL,98,9820,NULL,,Y,37.55635,-82.45466,N,NULL,NULL,NULL,NULL,NULL,NULL,NULL,NULL,9,6,2,3,1,1,3,2,7,3,Y,NULL,Y,Y,737,809,923,N,NULL,44,7,0,N,,N,N,098-KY-1426-0,NULL,NULL,2019,K,7.24E+11,098-KY-1426  -000,HIGH,098-KY-1426  -000,13.892,0,0,0,0,0,0,0,0,0,1,0,1,0,0
588,72322787,980100,2.02E+11,20190301,1516,,US23,,,US0023,US0023,,,,N,N,NULL,NULL,NULL,N,NULL,NULL,NULL,NULL,NULL,NULL,26.212,NULL,NULL,NULL,NULL,,NULL,0,0,2,2,N,N,55,NULL,98,9801,NULL,,Y,37.50265,-82.53201,N,NULL,NULL,NULL,NULL,NULL,NULL,NULL,NULL,5,3,4,6,1,5,6,2,1,3,N,NULL,Y,N,1516,1519,1519,N,NULL,70,,1,N,,N,N,,NULL,NULL,2019,O,7.23E+11,098-US-0023  -000,MEDIUM,098-US-0023  -000,26.212,0,0,0,1,0,0,0,0,0,0,0,0,0,1
589,72447449,980100,2.02E+11,20191203,1546,,KY3496,,,KY3496,KY3496,,,,Y,N,NULL,NULL,NULL,N,NULL,NULL,NULL,NULL,NULL,NULL,0.154,NULL,NULL,NULL,NULL,,NULL,0,0,2,2,N,N,15,NULL,98,9801,NULL,,Y,37.46624,-82.53044,N,NULL,NULL,NULL,NULL,NULL,NULL,NULL,NULL,2,97,2,6,1,5,3,2,1,3,N,NULL,Y,N,1547,1552,,N,NULL,90,16,0,N,,N,N,,NULL,NULL,2019,O,7.24E+11,098-KY-3496  -000,HIGH,098-KY-3496  -000,0.154,0,0,0,0,0,0,1,0,0,0,0,0,0,1
590,72898935,KSP0900,2023-00177663,20230303,1521,,US119,,,US0119,US0119,,,,N,N,NULL,NULL,NULL,N,NULL,NULL,NULL,NULL,NULL,NULL,1.938,NULL,NULL,NULL,NULL,,NULL,0,0,2,2,N,N,15,NULL,98,9801,0.3,N,N,37.51259,-82.50041,N,NULL,NULL,NULL,NULL,NULL,NULL,NULL,NULL,5,3,3,6,1,1,2,2,8,3,N,NULL,Y,N,1521,1526,1526,N,NULL,70,2,1,N,,N,N,,NULL,NULL,2023,O,7.29E+11,098-US-0119  -010,MEDIUM,098-US-0119  -000,1.942,0,0,1,0,0,0,1,0,0,0,0,0,0,1
591,72377987,980100,2.02E+11,20190710,1155,,US23,,,US0023,US0023,,,,N,N,NULL,NULL,NULL,N,NULL,NULL,NULL,NULL,NULL,NULL,30.196,NULL,NULL,NULL,NULL,,NULL,0,0,2,2,N,N,55,NULL,98,9801,NULL,,Y,37.53951,-82.5812,N,NULL,NULL,NULL,NULL,NULL,NULL,NULL,NULL,8,3,2,6,1,1,2,2,7,3,N,NULL,Y,N,1155,1206,1206,N,NULL,53,,1,N,,N,N,,NULL,NULL,2019,O,7.24E+11,098-US-0023  -000,MEDIUM,098-US-0023  -000,30.196,0,0,0,0,0,0,1,0,0,0,0,1,0,1
592,72304270,KSP0900,19-1349,20190112,1343,,KY194,,,KY0194,KY0194,,,,Y,N,NULL,NULL,NULL,N,NULL,NULL,NULL,NULL,NULL,NULL,27.261,NULL,NULL,NULL,NULL,,NULL,0,0,2,2,N,N,,NULL,98,9817,NULL,,Y,37.48938,-82.35102,N,NULL,NULL,NULL,NULL,NULL,NULL,NULL,NULL,2,97,,6,1,5,3,2,1,3,N,NULL,Y,N,1345,1416,1500,N,NULL,90,7,0,N,,N,N,,NULL,NULL,2019,O,7.23E+11,098-KY-0194  -000,HIGH,098-KY-0194  -000,27.261,0,0,0,1,0,0,1,0,0,0,0,0,0,0
593,72301622,980500,2004AR004,20190111,1314,,US23,,,US0023,US0023,0,098 US-23-10,US0023,N,N,NULL,NULL,NULL,N,NULL,NULL,NULL,NULL,NULL,NULL,28.048,NULL,NULL,NULL,NULL,,NULL,0,0,2,2,N,N,45,NULL,98,9807,NULL,,Y,37.51533,-82.55962,N,NULL,NULL,NULL,NULL,NULL,NULL,NULL,NULL,5,3,6,6,1,1,2,2,1,3,N,NULL,Y,N,1314,1315,1333,N,NULL,70,,1,N,,N,N,098-US-0023-10,NULL,NULL,2019,O,7.23E+11,098-US-0023  -010,HIGH,098-US-0023  -000,28.048,0,0,0,0,0,0,1,0,0,0,0,0,0,0
594,72415360,KSP0900,19-38775,20191003,906,,US23,,,US0023,US0023,0,098 US-23-10,US0023,N,N,NULL,NULL,NULL,N,NULL,NULL,NULL,NULL,NULL,NULL,28.059,NULL,NULL,NULL,NULL,,NULL,0,0,2,2,N,N,55,NULL,98,9807,NULL,,Y,37.51522,-82.55942,N,NULL,NULL,NULL,NULL,NULL,NULL,NULL,NULL,1,3,4,6,1,1,2,2,7,3,N,NULL,Y,N,909,920,1007,N,NULL,55,,1,N,,N,N,098-US-0023-10,NULL,NULL,2019,O,7.24E+11,098-US-0023  -010,HIGH,098-US-0023  -000,28.059,0,0,0,0,0,0,0,1,0,0,0,0,0,0
595,72366120,370200,2019-20713,20190605,1332,,TOLER,,RD,KY0319,KY0319,0,098 KY-319,KY0319,N,N,NULL,NULL,NULL,N,NULL,NULL,NULL,NULL,NULL,NULL,1.056,NULL,NULL,NULL,NULL,,NULL,0,0,1,1,N,N,45,NULL,98,9842,NULL,,Y,37.58549,-82.19621,N,NULL,NULL,NULL,NULL,NULL,NULL,NULL,NULL,9,4,2,1,1,5,6,2,7,3,N,NULL,Y,N,1332,1401,1401,N,NULL,44,7,0,N,,N,N,098-KY-0319-0,NULL,NULL,2019,O,7.24E+11,098-KY-0319  -000,HIGH,098-KY-0319  -000,1.056,0,1,0,0,0,0,0,0,0,0,0,1,0,0
596,72428919,980100,2.02E+11,20191030,1600,,KY3496,,,KY3496,KY3496,0,098 KY-3496,KY3496,N,N,NULL,NULL,NULL,N,NULL,NULL,NULL,NULL,NULL,NULL,0.739,NULL,NULL,NULL,NULL,,NULL,0,0,2,2,N,N,35,NULL,98,9801,NULL,,Y,37.47198,-82.53065,N,NULL,NULL,NULL,NULL,NULL,NULL,NULL,NULL,1,3,2,6,1,5,3,2,7,3,N,NULL,Y,N,1600,1606,1606,N,NULL,55,16,0,N,,N,N,098-KY-3496-0,NULL,NULL,2019,O,7.24E+11,098-KY-3496  -000,HIGH,098-KY-3496  -000,0.739,0,0,0,1,0,0,1,0,0,0,0,0,0,1
597,72391275,KSP0900,19-30462,20190808,2144,,KY194,,,KY0194,KY0194,0,098 KY-194,KY0194,N,N,NULL,NULL,NULL,N,NULL,NULL,NULL,NULL,NULL,NULL,60.348,NULL,NULL,NULL,NULL,,NULL,1,0,2,1,Y,N,35,NULL,98,9804,NULL,,Y,37.56367,-82.14595,N,NULL,NULL,NULL,NULL,NULL,NULL,NULL,NULL,9,3,2,6,1,1,2,6,7,3,Y,NULL,Y,Y,2144,2144,2337,N,NULL,70,7,0,N,,N,N,098-KY-0194-0,NULL,NULL,2019,A,7.24E+11,098-KY-0194  -000,HIGH,098-KY-0194  -000,60.348,0,0,0,0,1,0,0,0,0,0,0,0,0,0
598,72403340,980100,2.02E+11,20190905,1456,,CUMBERLAND,,CT,,,0,098 CS-1111,CS1111,Y,N,NULL,NULL,NULL,N,NULL,NULL,NULL,NULL,NULL,NULL,0.045,NULL,NULL,NULL,NULL,,NULL,0,0,2,2,N,N,25,NULL,98,9801,NULL,,Y,37.47658,-82.51892,N,NULL,NULL,NULL,NULL,NULL,NULL,NULL,NULL,2,97,,6,1,1,2,2,8,3,N,NULL,Y,N,1456,1457,1500,N,NULL,90,,,N,,N,N,098-CS-1111-0,NULL,NULL,2019,O,7.24E+11,098-CS-1111  -000,HIGH,098-CS-1111  -000,0.045,0,0,1,0,0,0,1,0,0,0,0,0,0,1
599,72437533,KSP0900,19-44960,20191115,1857,,US119,,,US0119,US0119,0,098 US-119-10,US0119,N,N,NULL,NULL,NULL,N,NULL,NULL,NULL,NULL,NULL,NULL,20.023,NULL,NULL,NULL,NULL,,NULL,0,0,1,1,N,N,55,NULL,98,9836,NULL,,Y,37.61311,-82.27042,N,NULL,NULL,NULL,NULL,NULL,NULL,NULL,NULL,9,3,2,6,1,1,2,5,6,3,N,NULL,N,N,1859,1903,1903,N,NULL,38,2,1,N,,N,N,098-US-0119-10,NULL,NULL,2019,O,7.24E+11,098-US-0119  -010,HIGH,098-US-0119  -000,20.023,0,0,0,0,0,0,0,0,0,0,0,0,0,0
600,72412299,980100,2.02E+11,20190926,1508,,BYPASS,S,RD,KY1426,KY1426,0,098 KY-1426,KY1426,N,N,NULL,NULL,NULL,N,NULL,NULL,NULL,NULL,NULL,NULL,6.113,NULL,NULL,NULL,NULL,,NULL,0,0,2,2,N,N,35,NULL,98,9801,NULL,,Y,37.47685,-82.51708,N,NULL,NULL,NULL,NULL,NULL,NULL,NULL,NULL,5,3,2,6,1,1,2,2,7,3,N,NULL,Y,N,1508,1512,,N,NULL,49,,0,N,,N,N,098-KY-1426-0,NULL,NULL,2019,O,7.24E+11,098-KY-1426  -000,HIGH,098-KY-1426  -000,6.113,0,0,0,0,0,0,1,0,0,0,0,0,0,1
601,72364496,980100,2.02E+11,20190607,1911,,FIFE FORK,,RD,,,0,098 CS-1077,CS1077,Y,N,NULL,NULL,NULL,N,NULL,NULL,NULL,NULL,NULL,NULL,0.351,NULL,NULL,NULL,NULL,,NULL,0,0,1,1,N,N,,NULL,98,9801,NULL,,Y,37.47523,-82.48072,N,NULL,NULL,NULL,NULL,NULL,NULL,NULL,NULL,9,97,,4,1,5,3,2,5,3,N,NULL,Y,N,1912,1924,1924,N,NULL,90,,,N,,N,N,098-CS-1077-0,NULL,NULL,2019,O,7.24E+11,098-CS-1077  -000,HIGH,098-CS-1077  -000,0.351,0,0,0,0,0,0,0,0,0,0,0,1,0,1
602,72302013,KSP0900,19-00935,20190108,1955,,COLLINS,,HWY,KY0122,KY0122,0,098 KY-122,KY0122,N,N,NULL,NULL,NULL,N,NULL,NULL,NULL,NULL,NULL,NULL,15.297,NULL,NULL,NULL,NULL,,NULL,0,0,2,2,N,N,55,NULL,98,9824,NULL,,Y,37.41835,-82.49609,N,NULL,NULL,NULL,NULL,NULL,NULL,NULL,NULL,5,3,2,6,1,1,2,6,7,3,N,NULL,Y,N,1822,1905,,N,NULL,49,,0,Y,,N,N,098-KY-0122-0,NULL,NULL,2019,O,7.23E+11,098-KY-0122  -000,HIGH,098-KY-0122  -000,15.297,0,0,0,1,0,0,0,1,0,0,0,0,0,0
603,72347962,980500,2019AR035,20190501,1819,,MULLINS SCHOOL STREET,,,,,,,,N,N,NULL,NULL,NULL,N,NULL,NULL,NULL,NULL,NULL,NULL,,NULL,NULL,NULL,NULL,NULL,NULL,0,0,1,1,N,N,15,NULL,98,9807,0.1,N,N,37.53828,-82.58092,N,NULL,NULL,NULL,NULL,NULL,NULL,NULL,NULL,9,5,2,3,1,1,2,2,1,3,N,NULL,Y,Y,1819,1819,1859,N,NULL,44,,,N,,N,N,,NULL,NULL,2019,O,7.23E+11,098-CR-1426N -000,MEDIUM,098-CR-1426N -000,0.004,0,0,1,0,0,0,0,0,0,0,0,1,0,1
604,72317670,980100,2.02E+11,20190219,737,,US23,,,US0023,US0023,0,098 US-23,US0023,N,N,NULL,NULL,NULL,N,NULL,NULL,NULL,NULL,NULL,NULL,24.568,NULL,NULL,NULL,NULL,,NULL,0,0,1,1,N,N,55,NULL,98,9801,NULL,,Y,37.48258,-82.5435,N,NULL,NULL,NULL,NULL,NULL,NULL,NULL,NULL,9,4,4,6,1,1,2,2,1,3,N,NULL,Y,N,737,742,803,N,NULL,51,,1,N,,N,N,098-US-0023-0,NULL,NULL,2019,O,7.23E+11,098-US-0023  -000,HIGH,098-US-0023  -000,24.568,0,0,1,0,0,0,0,0,0,0,0,1,0,1
605,72337470,980100,2.02E+11,20190409,1740,,BYPASS,S,RD,KY1426,KY1426,,,,Y,N,NULL,NULL,NULL,N,NULL,NULL,NULL,NULL,NULL,NULL,6.289,NULL,NULL,NULL,NULL,,NULL,0,0,2,2,N,N,5,NULL,98,9801,NULL,,Y,37.47884,-82.51531,N,NULL,NULL,NULL,NULL,NULL,NULL,NULL,NULL,2,97,1,6,1,1,2,2,1,3,N,NULL,Y,N,1740,1744,1744,N,NULL,90,,0,N,,N,N,,NULL,NULL,2019,O,7.23E+11,098-KY-1426  -000,HIGH,098-KY-1426  -000,6.289,0,0,0,0,0,0,0,0,0,0,0,0,0,1
606,72433255,980100,2.02E+11,20191107,2037,,ELM,N,ST,,,0,098 CS-1169,CS1169,N,N,NULL,NULL,NULL,N,NULL,NULL,NULL,NULL,NULL,NULL,0.065,NULL,NULL,NULL,NULL,,NULL,0,0,2,2,N,N,25,NULL,98,9801,NULL,,Y,37.47781,-82.52237,N,NULL,NULL,NULL,NULL,NULL,NULL,NULL,NULL,5,3,2,1,1,5,3,6,7,3,N,NULL,Y,N,2037,2040,2040,N,NULL,49,,,Y,,N,N,098-CS-1169-0,NULL,NULL,2019,O,7.24E+11,098-CS-1169  -000,HIGH,098-CS-1169  -000,0.065,0,0,1,0,0,0,0,0,0,0,0,0,0,1
607,72458814,980100,2.02E+11,20200102,2208,,WINSTON,,DR,,,0,098 CS-1039,CS1039,N,N,NULL,NULL,NULL,N,NULL,NULL,NULL,NULL,NULL,NULL,0.008,NULL,NULL,NULL,NULL,,NULL,0,0,1,1,N,N,15,NULL,98,9801,NULL,,Y,37.47839,-82.56114,N,NULL,NULL,NULL,NULL,NULL,NULL,NULL,NULL,9,2,2,6,1,5,6,5,6,3,N,NULL,Y,N,2208,2212,2212,Y,NULL,40,,,N,,N,N,098-CS-1039-0,NULL,NULL,2020,O,7.25E+11,098-CS-1039  -000,HIGH,098-CS-1039  -000,0.008,0,0,0,0,0,0,1,0,0,0,0,1,0,1
608,72459600,980100,2.02E+11,20191228,1329,,CASSIDY,,BLVD,,,,,,Y,N,NULL,NULL,NULL,N,NULL,NULL,NULL,NULL,NULL,NULL,0.398,NULL,NULL,NULL,NULL,,NULL,0,0,2,2,N,N,,NULL,98,9801,NULL,,Y,37.50468,-82.5385,N,NULL,NULL,NULL,NULL,NULL,NULL,NULL,NULL,2,97,,6,1,1,2,2,1,3,N,NULL,Y,N,1329,1347,,N,NULL,90,,,N,,N,N,,NULL,NULL,2019,O,7.25E+11,098-CS-1191  -000,HIGH,098-CS-1191  -000,0.398,0,0,0,0,0,0,1,0,0,0,0,0,0,1
609,72358931,980000,19-05-004,20190528,1558,,KY1469,,,KY1469,KY1469,0,098 KY-1469,KY1469,N,N,NULL,NULL,NULL,N,NULL,NULL,NULL,NULL,NULL,NULL,14.099,NULL,NULL,NULL,NULL,,NULL,0,0,2,2,N,N,55,NULL,98,9827,NULL,,Y,37.36025,-82.55495,N,NULL,NULL,NULL,NULL,NULL,NULL,NULL,NULL,5,3,2,6,1,1,2,2,7,3,N,NULL,Y,Y,1545,1548,1548,N,NULL,49,7,0,N,,N,N,098-KY-1469-0,NULL,NULL,2019,O,7.24E+11,098-KY-1469  -000,HIGH,098-KY-1469  -000,14.099,0,0,0,0,0,0,0,1,0,0,0,0,0,0
610,72361080,980100,2.02E+11,20190520,1627,,MAIN,,ST,,,,,,Y,N,NULL,NULL,NULL,N,NULL,NULL,NULL,NULL,NULL,NULL,0.084,NULL,NULL,NULL,NULL,,NULL,0,0,2,2,N,N,15,NULL,98,9801,NULL,,Y,37.47884,-82.51792,N,NULL,NULL,NULL,NULL,NULL,NULL,NULL,NULL,2,97,1,6,1,1,2,2,1,3,N,NULL,Y,N,1627,1631,1631,N,NULL,90,,,N,,N,N,,NULL,NULL,2019,O,7.24E+11,098-CS-1112  -000,HIGH,098-CS-1112  -000,0.084,0,0,0,0,0,0,1,1,0,0,0,0,0,1