OBJECTID,MasterFile,AgencyORINumber,LocalCode,CollisionDate,CollisionTime,CollisionDayWeekCode,RoadwayName,RoadwayName_Direction_,RoadwayName_RoadwaySuffix_,RoadwayfromReport,CurrentRoadwayNumber,RoadwayNumberCoupletID,RSEUniqueGIS,RoadwayIdentifier,ParkingLotIndicator,IntersectionWith_Indicator_,IntersectionWith_NameRoadway_,IntersectionWith_Direction_,IntersectionWith_RoadwaySuffix_,BetweenStreets_Indicator_,BetweenStreets1_NameRoadway_,BetweenStreet1_Direction_,BetweenStreets1_RoadwaySuffix_,BetweenStreets2_NameRoadway_,BetweenStreets2_Direction_,BetweenStreets2_RoadwaySuffix_,Milepoint,ReportMilepointDeriveNumber,CurrentDerivedMiepointNumber,MilestoMilepoint,FeettoMilepoint,DirectionfromMilepoint_NSEW_,ValidMilepointIndicator,NumberInjured,NumberKilled,ofUnits,ofMotorVehicleUnits,Hit&RunIndicator,OneWayIndicator,SpeedLimitNumber,KilometersIndicator,CountyCode,CityCountyCode,MilesFromCity,DirectionFromCity_NSEW_,InCityLimitsIndicator,Latitude,Longitude,RampIndicator,RampFromIdentifier,RampFromDirCode,RampFromCoupletID,RSEUniqueGISRampFrom,RampToidentifier,RampToDirCode,RampToCoupletID,RSEUniqueGisRampTo,MannerofCollisionCode,LocationFirstEventCode,TotalLanes,RoadwayCharacterCode,RoadwaySurfaceCode,RoadwayConditionCode,WeatherCode,LightConditionCode,LandUseCode,SchoolBusRelatedCode,FirstAidSceneIndicator,CollDescPresentInd,InvestigationCompleteIndicator,PhotosTakenIndicator,TimeNotified,TimeArrived,TimeRoadwayOpened,PropertyDamageIndicator,DiagramPresentIndicator,DirectionalAnalysis,FunctionClassCode,NationalHwySysCode,EnforcementsIndicator,KARSCityCode,SecondaryCollisionIndicator,MedianCrossoverIndicator,RT_UNIQUE,MapIt,TimeLastLeft,YR,KABCO,MFNY,WorkingRID,RT_CONFIDENCE,KTC_RT,KTC_MP,Motorcyclist,Commercial Vehicle,Young Driver,Mature Driver,Pedestrian,Bicyclist,Distracted,Aggressive,Impaired,Unrestrained,Intersection,Roadway Departure,Median Cross-over,City Crash
611,72353756,980100,2.02E+11,20190515,1701,,US23,,,US0023,US0023,0,098 US-23-10,US0023,N,N,NULL,NULL,NULL,N,NULL,NULL,NULL,NULL,NULL,NULL,18.783,NULL,NULL,NULL,NULL,,NULL,0,0,2,2,Y,N,55,NULL,98,9801,NULL,,Y,37.43883,-82.50914,N,NULL,NULL,NULL,NULL,NULL,NULL,NULL,NULL,1,3,4,6,1,1,2,2,7,3,N,NULL,Y,N,1701,1716,1717,N,NULL,55,,1,Y,,N,N,098-US-0023-10,NULL,NULL,2019,O,7.24E+11,098-US-0023  -010,HIGH,098-US-0023  -000,18.783,0,0,0,1,0,0,0,0,0,0,0,0,0,1
612,72360572,980100,2.02E+11,20190530,1825,,2ND,,ST,,,0,098 CS-1117,CS1117,N,N,NULL,NULL,NULL,N,NULL,NULL,NULL,NULL,NULL,NULL,0.269,NULL,NULL,NULL,NULL,,NULL,0,0,2,2,N,N,15,NULL,98,9801,NULL,,Y,37.4802,-82.5182,N,NULL,NULL,NULL,NULL,NULL,NULL,NULL,NULL,8,5,1,6,1,5,6,2,1,3,N,NULL,Y,Y,1826,1830,1830,N,NULL,47,,,N,,N,N,098-CS-1117-0,NULL,NULL,2019,O,7.24E+11,098-CS-1117  -000,HIGH,098-CS-1117  -000,0.269,0,0,0,0,0,0,0,0,0,0,0,0,0,1
613,72463483,980100,2.02E+11,20200114,1623,,KY3496,,,KY3496,KY3496,,,,N,N,NULL,NULL,NULL,N,NULL,NULL,NULL,NULL,NULL,NULL,0.012,NULL,NULL,NULL,NULL,,NULL,0,0,2,2,N,N,35,NULL,98,9801,NULL,,Y,37.46581,-82.52814,N,NULL,NULL,NULL,NULL,NULL,NULL,NULL,NULL,5,3,3,3,1,5,10,2,1,3,N,NULL,Y,N,1623,1626,1629,N,NULL,49,16,0,N,,N,N,,NULL,NULL,2020,O,7.25E+11,098-KY-3496  -000,MEDIUM,098-KY-3496  -000,0.012,0,0,0,0,0,0,1,0,0,0,0,0,0,1
614,72303927,980500,2019AR006,20190116,1314,,COWPEN,,RD,KY2061,KY2061,0,098 KY-2061,KY2061,N,N,NULL,NULL,NULL,N,NULL,NULL,NULL,NULL,NULL,NULL,0.697,NULL,NULL,NULL,NULL,,NULL,1,0,2,2,N,N,35,NULL,98,9807,NULL,,Y,37.53717,-82.5677,N,NULL,NULL,NULL,NULL,NULL,NULL,NULL,NULL,3,3,2,3,1,1,3,2,6,3,Y,NULL,Y,Y,1315,1317,1418,N,NULL,52,,0,N,,N,N,098-KY-2061-0,NULL,NULL,2019,B,7.23E+11,098-KY-2061  -000,HIGH,098-KY-2061  -000,0.697,0,0,0,0,0,0,1,0,0,0,0,1,0,0
615,72392154,KSP0900,19-30754,20190810,1652,,KY194,,,KY0194,KY0194,0,098 KY-194,KY0194,N,N,NULL,NULL,NULL,N,NULL,NULL,NULL,NULL,NULL,NULL,17.988,NULL,NULL,NULL,NULL,,NULL,1,0,1,1,N,N,45,NULL,98,9817,NULL,,Y,37.55813,-82.42913,N,NULL,NULL,NULL,NULL,NULL,NULL,NULL,NULL,9,3,3,3,1,1,2,2,7,3,Y,NULL,Y,Y,1652,1704,1704,N,NULL,44,6,5,N,,N,N,098-KY-0194-0,NULL,NULL,2019,B,7.24E+11,098-KY-0194  -000,HIGH,098-KY-0194  -000,17.988,1,0,0,0,0,0,0,0,1,0,0,1,0,0
616,72363286,980100,2.02E+11,20190605,916,,US23,,,US0023,US0023,0,098 US-23,US0023,N,N,NULL,NULL,NULL,N,NULL,NULL,NULL,NULL,NULL,NULL,26.289,NULL,NULL,NULL,NULL,,NULL,1,0,2,2,N,N,55,NULL,98,9801,NULL,,Y,37.50378,-82.53214,N,NULL,NULL,NULL,NULL,NULL,NULL,NULL,NULL,1,3,4,6,1,5,3,2,1,3,Y,NULL,Y,Y,916,919,942,N,NULL,55,,1,N,,N,N,098-US-0023-0,NULL,NULL,2019,C,7.24E+11,098-US-0023  -000,HIGH,098-US-0023  -000,26.289,0,0,0,0,0,0,1,1,0,0,0,0,0,1
617,72410509,980100,2.02E+11,20190919,945,,KY3495,,,KY3495,KY3495,,,,Y,N,NULL,NULL,NULL,N,NULL,NULL,NULL,NULL,NULL,NULL,0.391,NULL,NULL,NULL,NULL,,NULL,0,0,2,2,N,N,15,NULL,98,9801,NULL,,Y,37.49047,-82.53789,N,NULL,NULL,NULL,NULL,NULL,NULL,NULL,NULL,1,97,1,6,1,1,2,2,1,3,N,NULL,Y,N,946,950,950,N,NULL,90,17,0,Y,,N,N,,NULL,NULL,2019,O,7.24E+11,098-KY-3495  -000,HIGH,098-KY-3495  -000,0.391,0,0,0,1,0,0,1,0,0,0,0,0,0,1
618,72457427,980100,2.02E+11,20191230,738,,CASSIDY,,BLVD,,,,,,Y,N,NULL,NULL,NULL,N,NULL,NULL,NULL,NULL,NULL,NULL,0.241,NULL,NULL,NULL,NULL,,NULL,0,0,2,2,N,N,15,NULL,98,9801,NULL,,Y,37.50458,-82.5358,N,NULL,NULL,NULL,NULL,NULL,NULL,NULL,NULL,2,97,2,6,1,1,2,2,1,3,N,NULL,Y,N,738,742,,N,NULL,90,,,N,,N,N,,NULL,NULL,2019,O,7.25E+11,098-CS-1191  -000,MEDIUM,098-CS-1191  -000,0.241,0,0,0,0,0,0,1,0,0,0,0,0,0,1
619,72433388,KSP0900,19-43979,20191108,1130,,US119,,,US0119,US0119,0,098 US-119,US0119,N,N,NULL,NULL,NULL,N,NULL,NULL,NULL,NULL,NULL,NULL,25.414,NULL,NULL,NULL,NULL,,NULL,0,0,2,2,N,N,55,NULL,98,9834,NULL,,Y,37.67324,-82.28131,N,NULL,NULL,NULL,NULL,NULL,NULL,NULL,NULL,5,3,2,6,1,1,2,2,7,3,N,NULL,Y,N,1130,1135,1140,N,NULL,49,2,1,N,,N,N,098-US-0119-0,NULL,NULL,2019,O,7.24E+11,098-US-0119  -000,HIGH,098-US-0119  -000,25.414,0,0,0,0,0,0,1,1,0,0,0,0,0,0
620,72458629,KSP0900,19-50948,20191231,1400,,KY1056,,,KY1056,KY1056,0,098 KY-1056,KY1056,N,N,NULL,NULL,NULL,N,NULL,NULL,NULL,NULL,NULL,NULL,9.761,NULL,NULL,NULL,NULL,,NULL,1,0,2,2,N,N,55,NULL,98,9863,NULL,,Y,37.60027,-82.16548,N,NULL,NULL,NULL,NULL,NULL,NULL,NULL,NULL,5,3,2,3,1,1,2,2,7,3,Y,NULL,Y,Y,140,1414,1445,N,NULL,49,7,0,Y,,N,N,098-KY-1056-0,NULL,NULL,2019,C,7.25E+11,098-KY-1056  -000,HIGH,098-KY-1056  -000,9.761,0,0,0,0,0,0,1,1,0,1,0,1,0,0
621,72330370,KSP0900,19-9203,20190320,1933,,KY1469,,,KY1469,KY1469,0,098 KY-1469,KY1469,N,N,NULL,NULL,NULL,N,NULL,NULL,NULL,NULL,NULL,NULL,5.238,NULL,NULL,NULL,NULL,,NULL,0,0,2,2,N,N,55,NULL,98,9827,NULL,,Y,37.29603,-82.66458,N,NULL,NULL,NULL,NULL,NULL,NULL,NULL,NULL,1,3,2,3,1,1,2,6,7,3,N,NULL,Y,N,1933,2050,,N,NULL,55,8,0,N,,N,N,098-KY-1469-0,NULL,NULL,2019,O,7.23E+11,098-KY-1469  -000,HIGH,098-KY-1469  -000,5.238,0,0,0,0,0,0,1,0,0,0,0,0,0,0
622,72362191,980100,2.02E+11,20190523,1951,,CASSIDY,,BLVD,,,0,098 CS-1191,CS1191,Y,N,NULL,NULL,NULL,N,NULL,NULL,NULL,NULL,NULL,NULL,0.225,NULL,NULL,NULL,NULL,,NULL,0,0,2,2,N,N,,NULL,98,9801,NULL,,Y,37.50421,-82.53559,N,NULL,NULL,NULL,NULL,NULL,NULL,NULL,NULL,2,97,,6,1,1,2,2,1,3,N,NULL,Y,N,1951,2000,2029,N,NULL,90,,,N,,N,N,098-CS-1191-0,NULL,NULL,2019,O,7.24E+11,098-CS-1191  -000,HIGH,098-CS-1191  -000,0.225,0,0,0,0,0,0,1,0,0,0,0,0,0,1
623,72419746,KSP0900,19-39395,20191006,1252,,US460,,,US0460,US0460,0,098 US-460,US0460,N,N,NULL,NULL,NULL,N,NULL,NULL,NULL,NULL,NULL,NULL,5.655,NULL,NULL,NULL,NULL,,NULL,0,0,2,2,N,N,55,NULL,98,9801,3,E,N,37.40723,-82.43925,N,NULL,NULL,NULL,NULL,NULL,NULL,NULL,NULL,5,3,2,6,1,1,2,2,7,3,N,NULL,N,N,1252,1257,,N,NULL,49,,1,N,,N,N,098-US-0460-0,NULL,NULL,2019,O,7.24E+11,098-US-0460  -000,HIGH,098-US-0460  -000,5.655,0,0,0,1,0,0,1,0,0,0,0,1,0,0
624,72423615,KSP0900,19-40740,20191016,915,,TOLER,,RD,KY0319,KY0319,0,098 KY-319,KY0319,N,N,NULL,NULL,NULL,N,NULL,NULL,NULL,NULL,NULL,NULL,1.44,NULL,NULL,NULL,NULL,,NULL,0,0,1,1,N,N,55,NULL,98,9842,NULL,,Y,37.58983,-82.19989,N,NULL,NULL,NULL,NULL,NULL,NULL,NULL,NULL,9,3,2,1,1,5,5,2,7,3,Y,NULL,Y,N,915,927,927,N,NULL,44,7,0,N,,N,N,098-KY-0319-0,NULL,NULL,2019,O,7.24E+11,098-KY-0319  -000,HIGH,098-KY-0319  -000,1.44,0,0,0,1,0,0,0,0,0,0,0,1,0,0
625,72390807,KSP0900,19-29256,20190731,2335,,KY195,,,KY0195,KY0195,0,098 KY-195,KY0195,N,N,NULL,NULL,NULL,N,NULL,NULL,NULL,NULL,NULL,NULL,9.466,NULL,NULL,NULL,NULL,,NULL,0,0,1,1,N,N,55,NULL,98,9802,NULL,,Y,37.34447,-82.42198,N,NULL,NULL,NULL,NULL,NULL,NULL,NULL,NULL,9,3,2,3,1,1,2,6,7,3,N,NULL,Y,N,2335,2353,,N,NULL,44,7,0,N,,N,Y,098-KY-0195-0,NULL,NULL,2019,O,7.24E+11,098-KY-0195  -000,HIGH,098-KY-0195  -000,9.466,0,0,0,0,0,0,1,0,0,0,0,1,0,0
626,72378938,980100,2.02E+11,20190712,1436,,US23,,,US0023,US0023,0,098 US-23,US0023,N,N,NULL,NULL,NULL,N,NULL,NULL,NULL,NULL,NULL,NULL,17.095,NULL,NULL,NULL,NULL,,NULL,1,0,1,1,N,N,55,NULL,98,9801,0.5,S,N,37.41681,-82.51883,N,NULL,NULL,NULL,NULL,NULL,NULL,NULL,NULL,9,5,4,4,1,1,2,2,7,3,N,NULL,Y,N,1436,1447,1447,N,NULL,51,,1,N,,N,N,098-US-0023-0,NULL,NULL,2019,C,7.24E+11,098-US-0023  -000,HIGH,098-US-0023  -000,17.095,1,0,0,1,0,0,1,0,0,0,0,1,0,0
627,72364869,KSP0900,19-19311,20190526,2356,,BEAVER CK,,RD,KY1373,KY1373,0,098 KY-1373,KY1373,N,N,NULL,NULL,NULL,N,NULL,NULL,NULL,NULL,NULL,NULL,0.505,NULL,NULL,NULL,NULL,,NULL,1,0,1,1,N,N,35,NULL,98,9802,1,E,N,37.31528,-82.35063,N,NULL,NULL,NULL,NULL,NULL,NULL,NULL,NULL,9,3,1,6,1,1,2,4,6,3,N,NULL,Y,Y,2356,4,,N,NULL,70,8,0,Y,,N,N,098-KY-1373-0,NULL,NULL,2019,C,7.24E+11,098-KY-1373  -000,HIGH,098-KY-1373  -000,0.505,0,0,0,0,0,0,0,0,0,0,0,1,0,0
628,72395679,KSP0900,19-32214,20190820,1218,,US119,,,US0119,US0119,0,098 US-119,US0119,Y,N,NULL,NULL,NULL,N,NULL,NULL,NULL,NULL,NULL,NULL,23.808,NULL,NULL,NULL,NULL,,NULL,0,0,2,2,N,N,10,NULL,98,9834,NULL,,Y,37.65316,-82.26843,N,NULL,NULL,NULL,NULL,NULL,NULL,NULL,NULL,1,97,4,6,1,1,2,2,7,3,N,NULL,Y,N,1218,1222,1225,N,NULL,90,2,1,N,,N,N,098-US-0119-0,NULL,NULL,2019,O,7.24E+11,098-US-0119  -000,HIGH,098-US-0119  -000,23.808,0,0,0,1,0,0,1,1,0,0,0,0,0,0
629,72427421,KSP0900,19-41558,20191022,1512,,US119,,,US0119,US0119,0,098 US-119,US0119,Y,N,NULL,NULL,NULL,N,NULL,NULL,NULL,NULL,NULL,NULL,23.889,NULL,NULL,NULL,NULL,,NULL,0,0,2,2,N,N,55,NULL,98,9834,NULL,,Y,37.65425,-82.26906,N,NULL,NULL,NULL,NULL,NULL,NULL,NULL,NULL,2,97,4,6,1,1,2,2,1,3,N,NULL,Y,N,1445,1450,1515,N,NULL,90,2,1,N,,N,N,098-US-0119-0,NULL,NULL,2019,O,7.24E+11,098-US-0119  -000,HIGH,098-US-0119  -000,23.889,0,0,0,1,0,0,1,1,0,0,0,0,0,0
630,72402038,KSP0900,19-33894,20190831,1249,,FERRELLS CREEK,,RD,US0460,US0460,0,098 US-460,US0460,N,N,NULL,NULL,NULL,N,NULL,NULL,NULL,NULL,NULL,NULL,16.59,NULL,NULL,NULL,NULL,,NULL,0,0,2,2,N,N,55,NULL,98,9802,3,NE,N,37.35464,-82.33765,N,NULL,NULL,NULL,NULL,NULL,NULL,NULL,NULL,5,3,2,6,1,1,2,2,7,3,N,NULL,Y,N,1249,1305,1305,N,NULL,49,,1,N,,N,N,098-US-0460-0,NULL,NULL,2019,O,7.24E+11,098-US-0460  -000,HIGH,098-US-0460  -000,16.59,0,0,0,1,0,0,0,1,0,0,0,0,0,0
631,72461135,KSP0900,20-1060,20200108,1612,,US119,,,US0119,US0119,,,,N,N,NULL,NULL,NULL,N,NULL,NULL,NULL,NULL,NULL,NULL,23.861,NULL,NULL,NULL,NULL,,NULL,0,0,2,2,N,N,40,NULL,98,9834,NULL,,Y,37.65385,-82.26895,N,NULL,NULL,NULL,NULL,NULL,NULL,NULL,NULL,5,3,5,6,1,1,2,2,7,3,N,NULL,N,N,1612,1618,1618,N,NULL,49,2,1,N,,N,N,,NULL,NULL,2020,O,7.25E+11,098-US-0119  -000,MEDIUM,098-US-0119  -000,23.861,0,0,0,0,0,0,0,0,0,0,0,0,0,0
632,72307349,980100,2.02E+11,20190123,1707,,BYPASS,N,RD,KY1460,KY1460,0,098 KY-1460,KY1460,N,N,NULL,NULL,NULL,N,NULL,NULL,NULL,NULL,NULL,NULL,6.212,NULL,NULL,NULL,NULL,,NULL,0,0,2,2,N,N,45,NULL,98,9801,NULL,,Y,37.48569,-82.53137,N,NULL,NULL,NULL,NULL,NULL,NULL,NULL,NULL,6,3,2,6,1,1,3,2,6,3,N,NULL,Y,N,1707,1711,1748,N,NULL,70,16,0,N,,N,N,098-KY-1460-0,NULL,NULL,2019,O,7.23E+11,098-KY-1460  -000,HIGH,098-KY-1460  -000,6.212,0,0,1,0,0,0,1,0,0,1,0,1,0,1
633,72389748,KSP0900,19-30159,20190806,2125,,GILLESPI,,BR,,,0,098 CR-1223,CR1223,N,N,NULL,NULL,NULL,N,NULL,NULL,NULL,NULL,NULL,NULL,0.576,NULL,NULL,NULL,NULL,,NULL,0,0,1,1,N,N,35,NULL,98,9824,NULL,,Y,37.39892,-82.47836,N,NULL,NULL,NULL,NULL,NULL,NULL,NULL,NULL,9,3,1,3,1,1,2,6,7,3,N,NULL,Y,N,2128,2149,,N,NULL,70,,,N,,N,N,098-CR-1223-0,NULL,NULL,2019,O,7.24E+11,098-CR-1223  -000,HIGH,098-CR-1223  -000,0.576,0,0,0,0,0,0,1,0,0,0,0,1,0,0
634,72316158,980100,2.02E+11,20190213,1545,,CASSIDY,,BLVD,,,0,098 CS-1191,CS1191,Y,N,NULL,NULL,NULL,N,NULL,NULL,NULL,NULL,NULL,NULL,0.301,NULL,NULL,NULL,NULL,,NULL,0,0,2,2,N,N,15,NULL,98,9801,NULL,,Y,37.50459,-82.53677,N,NULL,NULL,NULL,NULL,NULL,NULL,NULL,NULL,2,97,,6,1,1,2,2,1,3,N,NULL,Y,N,1545,1550,,N,NULL,90,,,N,,N,N,098-CS-1191-0,NULL,NULL,2019,O,7.23E+11,098-CS-1191  -000,HIGH,098-CS-1191  -000,0.301,0,0,0,1,0,0,0,0,0,0,0,0,0,1
635,72374218,980100,2.02E+11,20190701,1350,,HAROLDS BRANCH,,RD,,,0,098 CS-1223,CS1223,Y,N,NULL,NULL,NULL,N,NULL,NULL,NULL,NULL,NULL,NULL,0.047,NULL,NULL,NULL,NULL,,NULL,0,0,2,2,N,N,15,NULL,98,9801,NULL,,Y,37.47223,-82.5223,N,NULL,NULL,NULL,NULL,NULL,NULL,NULL,NULL,1,97,2,1,2,1,2,2,1,3,N,NULL,Y,N,1350,1350,1436,N,NULL,90,,,N,,N,N,098-CS-1223-0,NULL,NULL,2019,O,7.24E+11,098-CS-1223  -000,HIGH,098-CS-1223  -000,0.047,0,0,0,1,0,0,0,0,0,0,0,0,0,1
636,72379051,KSP0900,19-26130,20190710,909,,US119,,,US0119,US0119,0,098 US-119-10,US0119,N,N,NULL,NULL,NULL,N,NULL,NULL,NULL,NULL,NULL,NULL,2.323,NULL,NULL,NULL,NULL,,NULL,0,0,2,2,N,N,55,NULL,98,9801,NULL,,Y,37.51347,-82.49371,N,NULL,NULL,NULL,NULL,NULL,NULL,NULL,NULL,5,3,2,5,1,1,2,2,7,3,N,NULL,Y,N,909,922,1012,N,NULL,49,2,1,N,,N,N,098-US-0119-10,NULL,NULL,2019,O,7.24E+11,098-US-0119  -010,HIGH,098-US-0119  -000,2.323,0,0,0,0,0,0,1,0,0,0,0,1,0,1
637,72315984,980000,1902003,20190212,1435,,FERRELLS CREEK,,RD,US0460,US0460,0,098 US-460,US0460,N,N,NULL,NULL,NULL,N,NULL,NULL,NULL,NULL,NULL,NULL,16.996,NULL,NULL,NULL,NULL,,NULL,0,0,1,1,N,N,55,NULL,98,9802,7,E,N,37.35601,-82.33076,N,NULL,NULL,NULL,NULL,NULL,NULL,NULL,NULL,9,4,3,4,1,5,6,2,7,3,N,NULL,Y,Y,1435,1449,1449,Y,NULL,40,,1,Y,,N,N,098-US-0460-0,NULL,NULL,2019,O,7.23E+11,098-US-0460  -000,HIGH,098-US-0460  -000,16.996,0,0,0,0,0,0,0,0,1,0,0,1,0,0
638,72448254,KSP0900,2019-48113,20191209,942,,LEFT FORK OF ISLAND,,CRK,KY3416,KY3416,0,098 KY-3416,KY3416,N,N,NULL,NULL,NULL,N,NULL,NULL,NULL,NULL,NULL,NULL,0.966,NULL,NULL,NULL,NULL,,NULL,1,0,1,1,N,N,55,NULL,98,9801,NULL,,Y,37.44107,-82.54195,N,NULL,NULL,NULL,NULL,NULL,NULL,NULL,NULL,9,3,2,3,1,5,3,2,7,3,Y,NULL,Y,Y,942,949,1035,N,NULL,44,9,0,N,,N,N,098-KY-3416-0,NULL,NULL,2019,C,7.24E+11,098-KY-3416  -000,HIGH,098-KY-3416  -000,0.966,0,0,0,0,0,0,0,0,0,0,0,1,0,0
639,72301614,KSP0900,19-1169,20190110,1826,,GOODY,,LOOP,,,0,098 PR-1024,PR1024,Y,N,NULL,NULL,NULL,N,NULL,NULL,NULL,NULL,NULL,NULL,0.008,NULL,NULL,NULL,NULL,,NULL,0,0,2,2,N,N,,NULL,98,9834,NULL,,Y,37.65994,-82.2731,N,NULL,NULL,NULL,NULL,NULL,NULL,NULL,NULL,2,97,,6,1,1,2,5,5,3,N,NULL,Y,N,1838,1842,1838,N,NULL,90,,,N,,N,N,098-PR-1024-0,NULL,NULL,2019,O,7.23E+11,098-PR-1024  -000,HIGH,098-PR-1024  -000,0.008,0,0,0,0,0,0,1,0,0,0,0,0,0,0
640,72312885,980100,2.02E+11,20190206,1245,,BOB AMOS WAY,,,,,,,,Y,N,NULL,NULL,NULL,N,NULL,NULL,NULL,NULL,NULL,NULL,,NULL,NULL,NULL,NULL,,NULL,1,0,1,1,N,N,,NULL,98,9801,NULL,,Y,37.46727,-82.54438,N,NULL,NULL,NULL,NULL,NULL,NULL,NULL,NULL,9,97,,6,1,5,6,2,4,3,Y,NULL,Y,N,1246,1254,1317,Y,NULL,90,,,N,,N,N,,NULL,NULL,2019,C,7.23E+11,098-CS-1027  -000,HIGH,098-CS-1027  -000,0.093,0,0,0,1,0,0,0,0,0,1,0,1,0,1
641,72443891,980200,ELK4118-18-19,20191127,1900,,BEAVER CR,,RD,KY1373,KY1373,0,098 KY-1373,KY1373,N,N,NULL,NULL,NULL,N,NULL,NULL,NULL,NULL,NULL,NULL,2.149,NULL,NULL,NULL,NULL,,NULL,0,0,1,1,N,N,35,NULL,98,9802,NULL,,Y,37.32541,-82.32719,N,NULL,NULL,NULL,NULL,NULL,NULL,NULL,NULL,9,3,2,6,1,1,2,3,7,3,N,NULL,Y,N,1900,1900,1900,N,NULL,38,8,0,N,,N,N,098-KY-1373-0,NULL,NULL,2019,O,7.24E+11,098-KY-1373  -000,HIGH,098-KY-1373  -000,2.149,0,0,0,0,0,0,0,0,0,0,0,0,0,0
642,72331276,980100,2.02E+11,20190325,1752,,MAYO,S,TRL,US0023,US0023,0,098 US-23-10,US0023,Y,N,NULL,NULL,NULL,N,NULL,NULL,NULL,NULL,NULL,NULL,,NULL,NULL,NULL,NULL,NULL,NULL,0,0,2,2,N,N,15,NULL,98,9801,NULL,,Y,37.43983,-82.50761,N,NULL,NULL,NULL,NULL,NULL,NULL,NULL,NULL,8,97,,6,1,5,3,2,1,3,N,NULL,Y,N,1752,1804,,N,NULL,90,,1,N,,N,N,098-US-0023-10,NULL,NULL,2019,O,7.23E+11,098-US-0023  -010,HIGH,098-US-0023  -000,18.897,0,0,1,0,0,0,0,0,0,0,0,0,0,1
643,72396882,KSP0900,19-32507,20190822,853,,KY612,,,KY0612,KY0612,0,098 KY-612,KY0612,N,N,NULL,NULL,NULL,N,NULL,NULL,NULL,NULL,NULL,NULL,6.871,NULL,NULL,NULL,NULL,,NULL,1,0,1,1,N,N,45,NULL,98,9826,NULL,,Y,37.65358,-82.30596,N,NULL,NULL,NULL,NULL,NULL,NULL,NULL,NULL,9,3,2,3,1,1,3,2,7,3,N,NULL,Y,Y,853,930,945,N,NULL,70,8,0,N,,N,N,098-KY-0612-0,NULL,NULL,2019,B,7.24E+11,098-KY-0612  -000,HIGH,098-KY-0612  -000,6.871,1,0,0,0,0,0,0,0,0,0,0,1,0,0
644,72348643,980100,2.02E+11,20190501,1155,,CASSIDY,,BLVD,,,,,,Y,N,NULL,NULL,NULL,N,NULL,NULL,NULL,NULL,NULL,NULL,0.354,NULL,NULL,NULL,NULL,,NULL,0,0,2,2,N,N,,NULL,98,9801,NULL,,Y,37.50508,-82.53789,N,NULL,NULL,NULL,NULL,NULL,NULL,NULL,NULL,1,97,,6,1,1,2,2,1,3,N,NULL,Y,N,1156,1205,1217,N,NULL,90,,,N,,N,N,,NULL,NULL,2019,O,7.23E+11,098-CS-1191  -000,HIGH,098-CS-1191  -000,0.354,0,0,0,1,0,0,0,0,0,0,0,0,0,1
645,72372662,KSP0900,19-23109,20190621,1807,,US119,,,US0119,US0119,0,098 US-119,US0119,Y,N,NULL,NULL,NULL,N,NULL,NULL,NULL,NULL,NULL,NULL,24.973,NULL,NULL,NULL,NULL,,NULL,0,0,2,2,N,N,,NULL,98,9834,NULL,,Y,37.66801,-82.27701,N,NULL,NULL,NULL,NULL,NULL,NULL,NULL,NULL,2,97,4,6,1,1,2,2,1,3,N,NULL,Y,N,1807,1821,1821,N,NULL,90,2,1,N,,N,N,098-US-0119-0,NULL,NULL,2019,O,7.24E+11,098-US-0119  -000,HIGH,098-US-0119  -000,24.973,0,0,0,0,0,0,1,0,0,0,0,0,0,0
646,72451240,KSP0900,19-48850,20191214,2348,,KY1056,,,KY1056,KY1056,0,098 KY-1056,KY1056,N,N,NULL,NULL,NULL,N,NULL,NULL,NULL,NULL,NULL,NULL,1.351,NULL,NULL,NULL,NULL,,NULL,0,0,1,1,N,N,55,NULL,98,9851,NULL,,Y,37.56446,-82.24232,N,NULL,NULL,NULL,NULL,NULL,NULL,NULL,NULL,9,4,2,2,1,5,3,6,7,3,N,NULL,Y,N,2349,5,5,N,NULL,44,8,0,N,,N,N,098-KY-1056-0,NULL,NULL,2019,O,7.25E+11,098-KY-1056  -000,HIGH,098-KY-1056  -000,1.351,0,0,1,0,0,0,0,0,0,0,0,1,0,0
647,72417710,980100,2.02E+11,20191007,2344,,MAYO,S,TRL,KY3496,KY3496,,,,N,N,NULL,NULL,NULL,N,NULL,NULL,NULL,NULL,NULL,NULL,0.772,NULL,NULL,NULL,NULL,,NULL,0,0,2,2,N,N,35,NULL,98,9801,NULL,,Y,37.47207,-82.53004,N,NULL,NULL,NULL,NULL,NULL,NULL,NULL,NULL,1,3,2,6,1,5,6,5,1,3,N,NULL,Y,N,2344,2346,20,N,NULL,55,16,0,N,,N,N,,NULL,NULL,2019,O,7.24E+11,098-KY-3496  -000,HIGH,098-KY-3496  -000,0.772,0,0,1,0,0,0,1,0,0,0,0,1,0,1
648,72376962,980100,2.02E+11,20190708,1640,,BYPASS,S,RD,KY1426,KY1426,,,,Y,N,NULL,NULL,NULL,N,NULL,NULL,NULL,NULL,NULL,NULL,5.677,NULL,NULL,NULL,NULL,,NULL,0,0,2,2,N,N,10,NULL,98,9801,NULL,,Y,37.47273,-82.52309,N,NULL,NULL,NULL,NULL,NULL,NULL,NULL,NULL,2,97,1,6,2,1,2,2,1,3,N,NULL,Y,N,1640,1651,1651,N,NULL,90,,0,N,,N,N,,NULL,NULL,2019,O,7.24E+11,098-KY-1426  -000,HIGH,098-KY-1426  -000,5.677,0,0,0,0,0,0,1,0,0,0,0,0,0,1