OBJECTID,MasterFile,AgencyORINumber,LocalCode,CollisionDate,CollisionTime,CollisionDayWeekCode,RoadwayName,RoadwayName_Direction_,RoadwayName_RoadwaySuffix_,RoadwayfromReport,CurrentRoadwayNumber,RoadwayNumberCoupletID,RSEUniqueGIS,RoadwayIdentifier,ParkingLotIndicator,IntersectionWith_Indicator_,IntersectionWith_NameRoadway_,IntersectionWith_Direction_,IntersectionWith_RoadwaySuffix_,BetweenStreets_Indicator_,BetweenStreets1_NameRoadway_,BetweenStreet1_Direction_,BetweenStreets1_RoadwaySuffix_,BetweenStreets2_NameRoadway_,BetweenStreets2_Direction_,BetweenStreets2_RoadwaySuffix_,Milepoint,ReportMilepointDeriveNumber,CurrentDerivedMiepointNumber,MilestoMilepoint,FeettoMilepoint,DirectionfromMilepoint_NSEW_,ValidMilepointIndicator,NumberInjured,NumberKilled,ofUnits,ofMotorVehicleUnits,Hit&RunIndicator,OneWayIndicator,SpeedLimitNumber,KilometersIndicator,CountyCode,CityCountyCode,MilesFromCity,DirectionFromCity_NSEW_,InCityLimitsIndicator,Latitude,Longitude,RampIndicator,RampFromIdentifier,RampFromDirCode,RampFromCoupletID,RSEUniqueGISRampFrom,RampToidentifier,RampToDirCode,RampToCoupletID,RSEUniqueGisRampTo,MannerofCollisionCode,LocationFirstEventCode,TotalLanes,RoadwayCharacterCode,RoadwaySurfaceCode,RoadwayConditionCode,WeatherCode,LightConditionCode,LandUseCode,SchoolBusRelatedCode,FirstAidSceneIndicator,CollDescPresentInd,InvestigationCompleteIndicator,PhotosTakenIndicator,TimeNotified,TimeArrived,TimeRoadwayOpened,PropertyDamageIndicator,DiagramPresentIndicator,DirectionalAnalysis,FunctionClassCode,NationalHwySysCode,EnforcementsIndicator,KARSCityCode,SecondaryCollisionIndicator,MedianCrossoverIndicator,RT_UNIQUE,MapIt,TimeLastLeft,YR,KABCO,MFNY,WorkingRID,RT_CONFIDENCE,KTC_RT,KTC_MP,Motorcyclist,Commercial Vehicle,Young Driver,Mature Driver,Pedestrian,Bicyclist,Distracted,Aggressive,Impaired,Unrestrained,Intersection,Roadway Departure,Median Cross-over,City Crash
649,72375629,KSP0900,19-25090,20190704,801,,LEFT FORK ISLAND,,CRK,,,0,098 CR-1233Q3,CR1233Q3,N,N,NULL,NULL,NULL,N,NULL,NULL,NULL,NULL,NULL,NULL,1.328,NULL,NULL,NULL,NULL,,NULL,0,0,1,1,N,N,35,NULL,98,9801,5,W,N,37.43348,-82.57695,N,NULL,NULL,NULL,NULL,NULL,NULL,NULL,NULL,9,5,2,3,1,1,2,2,7,3,N,NULL,Y,N,801,831,831,N,NULL,44,,,N,,N,N,098-CR-1233Q3-0,NULL,NULL,2019,O,7.24E+11,098-CR-1233Q3-000,HIGH,098-CR-1233Q3-000,1.328,0,0,0,0,0,0,0,1,0,0,0,1,0,0
650,72326691,980100,2.02E+11,20190314,753,,OWSLEY,,RD,KY1384,KY1384,,,,N,N,NULL,NULL,NULL,N,NULL,NULL,NULL,NULL,NULL,NULL,6.68,NULL,NULL,NULL,NULL,,NULL,0,0,1,1,N,N,35,NULL,98,9801,NULL,,Y,37.47843,-82.54486,N,NULL,NULL,NULL,NULL,NULL,NULL,NULL,NULL,9,3,2,3,1,1,2,1,6,3,N,NULL,Y,N,753,758,,N,NULL,38,17,0,N,,N,N,,NULL,NULL,2019,O,7.23E+11,098-KY-1384  -000,HIGH,098-KY-1384  -000,6.68,0,0,0,0,0,0,0,0,0,0,0,0,0,1
651,72401510,980100,2.02E+11,20190831,1915,,HIGH,,ST,,,,,,N,N,NULL,NULL,NULL,N,NULL,NULL,NULL,NULL,NULL,NULL,,NULL,NULL,NULL,NULL,NULL,NULL,0,0,2,2,N,Y,15,NULL,98,9801,NULL,,Y,37.47923,-82.52158,N,NULL,NULL,NULL,NULL,NULL,NULL,NULL,NULL,2,3,1,4,1,1,2,2,1,3,N,NULL,Y,N,1915,1920,1920,N,NULL,56,,,N,,N,N,,NULL,NULL,2019,O,7.24E+11,098-CS-1166  -000,HIGH,098-CS-1166  -000,0.012,0,0,1,0,0,0,1,0,0,0,0,0,0,1
652,72345707,KSP0900,19-14310,20190423,2136,,WOLFPIT BRANCH,,RD,,,0,098 CR-1232,CR1232,N,N,NULL,NULL,NULL,N,NULL,NULL,NULL,NULL,NULL,NULL,1.453,NULL,NULL,NULL,NULL,,NULL,2,0,1,1,N,N,25,NULL,98,9801,4,E,N,37.35691,-82.44678,N,NULL,NULL,NULL,NULL,NULL,NULL,NULL,NULL,9,3,2,3,1,1,2,4,6,3,N,NULL,Y,Y,2137,2155,,N,NULL,44,,,N,,N,N,098-CR-1232-0,NULL,NULL,2019,C,7.23E+11,098-CR-1232  -000,HIGH,098-CR-1232  -000,1.453,0,0,0,0,0,0,0,0,0,0,0,1,0,0
653,72762349,980100,2.02E+11,20220516,1820,,CASSIDY,,BLVD,,,,,,Y,N,NULL,NULL,NULL,N,NULL,NULL,NULL,NULL,NULL,NULL,0.279,NULL,NULL,NULL,NULL,,NULL,0,0,2,2,N,N,15,NULL,98,9801,NULL,,Y,37.50481,-82.53642,N,NULL,NULL,NULL,NULL,NULL,NULL,NULL,NULL,2,97,2,6,1,1,2,2,1,3,N,NULL,Y,N,1820,1826,1826,N,NULL,90,,,N,,N,N,,NULL,NULL,2022,O,7.28E+11,098-CS-1191  -000,LOW,098-CS-1191  -000,0.279,0,0,0,1,0,0,1,0,0,0,0,0,0,1
654,72342430,KSP0900,19-13817,20190420,1355,,KY1426,,,KY1426,KY1426,,,,N,N,NULL,NULL,NULL,N,NULL,NULL,NULL,NULL,NULL,NULL,11.126,NULL,NULL,NULL,NULL,,NULL,1,0,2,2,N,N,55,NULL,98,9828,NULL,,Y,37.5255,-82.47172,N,NULL,NULL,NULL,NULL,NULL,NULL,NULL,NULL,1,3,2,6,1,1,3,2,7,3,Y,NULL,Y,Y,1355,1416,1520,N,NULL,55,7,0,Y,,N,N,,NULL,NULL,2019,B,7.23E+11,098-KY-1426  -000,HIGH,098-KY-1426  -000,11.126,0,0,1,0,0,0,0,1,0,0,0,0,0,0
655,72320678,KSP0900,19-5358,20190218,1430,,KY2062,,,KY2062,KY2062,0,098 KY-2062,KY2062,N,N,NULL,NULL,NULL,N,NULL,NULL,NULL,NULL,NULL,NULL,0.164,NULL,NULL,NULL,NULL,,NULL,0,0,1,1,N,N,55,NULL,98,9804,NULL,,Y,37.50633,-82.13154,N,NULL,NULL,NULL,NULL,NULL,NULL,NULL,NULL,9,2,2,1,1,1,3,2,7,3,N,NULL,Y,N,1400,1415,1430,N,NULL,70,8,0,N,,N,N,098-KY-2062-0,NULL,NULL,2019,O,7.23E+11,098-KY-2062  -000,HIGH,098-KY-2062  -000,0.164,0,0,0,0,0,0,0,0,0,0,0,0,0,0
656,72319448,980100,2.02E+11,20190223,819,,BYPASS,S,RD,KY1426,KY1426,,,,Y,N,NULL,NULL,NULL,N,NULL,NULL,NULL,NULL,NULL,NULL,5.692,NULL,NULL,NULL,NULL,,NULL,0,0,1,1,N,N,,NULL,98,9801,NULL,,Y,37.47278,-82.52283,N,NULL,NULL,NULL,NULL,NULL,NULL,NULL,NULL,9,97,2,6,1,5,6,2,1,3,N,NULL,Y,N,819,837,837,Y,NULL,90,,0,N,,N,N,,NULL,NULL,2019,O,7.23E+11,098-KY-1426  -000,HIGH,098-KY-1426  -000,5.692,0,0,0,0,0,0,0,0,0,0,0,1,0,1
657,72402709,980000,19-08-005,20190825,1100,,ACCESS RD 1,,,,,0,098 CR-1426K,CR1426K,N,N,NULL,NULL,NULL,N,NULL,NULL,NULL,NULL,NULL,NULL,0.211,NULL,NULL,NULL,NULL,,NULL,1,0,1,1,N,N,15,NULL,98,9801,NULL,,Y,37.53828,-82.58084,N,NULL,NULL,NULL,NULL,NULL,NULL,NULL,NULL,9,5,2,6,1,1,2,2,7,3,Y,NULL,Y,Y,1045,1045,1045,N,NULL,51,,,N,,N,N,098-CR-1426K-0,NULL,NULL,2019,C,7.24E+11,098-CR-1426K -000,HIGH,098-CR-1426K -000,0.211,0,0,0,1,0,0,0,0,0,0,0,1,0,1
658,72385023,980100,2.02E+11,20190727,1333,,THOMPSON,,RD,,,0,098 CS-1215,CS1215,Y,N,NULL,NULL,NULL,N,NULL,NULL,NULL,NULL,NULL,NULL,0.332,NULL,NULL,NULL,NULL,,NULL,0,0,2,2,N,N,15,NULL,98,9801,NULL,,Y,37.50789,-82.5433,N,NULL,NULL,NULL,NULL,NULL,NULL,NULL,NULL,2,97,2,6,1,1,2,2,1,3,N,NULL,N,N,1334,1346,1346,N,NULL,90,,,N,,N,N,098-CS-1215-0,NULL,NULL,2019,O,7.24E+11,098-CS-1215  -000,HIGH,098-CS-1215  -000,0.332,0,0,0,1,0,0,1,0,0,0,0,0,0,1
659,72424870,980100,2.02E+11,20191023,747,,HAROLDS BRANCH,,RD,,,0,098 CS-1223,CS1223,N,N,NULL,NULL,NULL,N,NULL,NULL,NULL,NULL,NULL,NULL,0.003,NULL,NULL,NULL,NULL,,NULL,0,0,2,2,N,N,15,NULL,98,9801,NULL,,Y,37.47278,-82.52267,N,NULL,NULL,NULL,NULL,NULL,NULL,NULL,NULL,5,3,2,6,1,5,6,2,7,3,N,NULL,Y,N,748,750,,N,NULL,70,,,N,,N,N,098-CS-1223-0,NULL,NULL,2019,O,7.24E+11,098-CS-1223  -000,HIGH,098-CS-1223  -000,0.003,0,0,0,0,0,0,1,0,0,0,0,0,0,1
660,72378566,KSP0900,19-25467,20190706,1341,,US460,,,US0460,US0460,0,098 US-460,US0460,N,N,NULL,NULL,NULL,N,NULL,NULL,NULL,NULL,NULL,NULL,2.678,NULL,NULL,NULL,NULL,,NULL,1,0,2,2,N,N,55,NULL,98,9824,NULL,,Y,37.43136,-82.48093,N,NULL,NULL,NULL,NULL,NULL,NULL,NULL,NULL,1,3,2,6,1,1,2,2,7,3,N,NULL,Y,Y,1343,1352,1505,N,NULL,55,,1,N,,N,N,098-US-0460-0,NULL,NULL,2019,B,7.24E+11,098-US-0460  -000,HIGH,098-US-0460  -000,2.678,0,0,0,1,0,0,0,0,0,0,0,1,0,0
661,72362619,KSP0900,19-19846,20190530,1403,,FISHTRAP,,RD,KY1789,KY1789,0,098 KY-1789,KY1789,Y,N,NULL,NULL,NULL,N,NULL,NULL,NULL,NULL,NULL,NULL,0.56,NULL,NULL,NULL,NULL,,NULL,0,0,2,2,N,N,35,NULL,98,9801,NULL,,Y,37.41548,-82.42173,N,NULL,NULL,NULL,NULL,NULL,NULL,NULL,NULL,2,97,2,6,1,1,2,2,7,3,N,NULL,Y,N,1404,1409,,N,NULL,90,8,0,N,,N,N,098-KY-1789-0,NULL,NULL,2019,O,7.24E+11,098-KY-1789  -000,HIGH,098-KY-1789  -000,0.56,0,0,0,0,0,0,1,0,0,0,0,0,0,0
662,72374754,KSP0900,19-24781,20190702,1520,,BIG CREEK,,RD,KY0468,KY0468,0,098 KY-468,KY0468,N,N,NULL,NULL,NULL,N,NULL,NULL,NULL,NULL,NULL,NULL,2.039,NULL,NULL,NULL,NULL,,NULL,1,0,1,1,N,N,55,NULL,98,9833,NULL,,Y,37.64383,-82.35555,N,NULL,NULL,NULL,NULL,NULL,NULL,NULL,NULL,9,3,2,3,1,1,2,2,7,3,Y,NULL,Y,Y,1520,1540,1600,N,NULL,44,8,0,N,,N,N,098-KY-0468-0,NULL,NULL,2019,C,7.24E+11,098-KY-0468  -000,HIGH,098-KY-0468  -000,2.039,0,0,0,0,0,0,1,0,0,0,0,1,0,0
663,72330616,980100,2.02E+11,20190321,1608,,US23,,,US0023,US0023,0,098 US-23,US0023,N,N,NULL,NULL,NULL,N,NULL,NULL,NULL,NULL,NULL,NULL,26.254,NULL,NULL,NULL,NULL,,NULL,0,0,2,2,N,N,55,NULL,98,9801,NULL,,Y,37.50324,-82.53209,N,NULL,NULL,NULL,NULL,NULL,NULL,NULL,NULL,5,3,4,6,1,5,6,2,7,3,N,NULL,Y,N,1608,1609,,N,NULL,70,,1,N,,N,N,098-US-0023-0,NULL,NULL,2019,O,7.23E+11,098-US-0023  -000,HIGH,098-US-0023  -000,26.254,0,0,0,0,0,0,0,1,0,0,0,0,0,1
664,72406533,980100,2.02E+11,20190912,652,,US23,,,US0023,US0023,0,098 US-23,US0023,N,N,NULL,NULL,NULL,N,NULL,NULL,NULL,NULL,NULL,NULL,27.267,NULL,NULL,NULL,NULL,,NULL,2,0,2,2,N,N,55,NULL,98,9801,NULL,,Y,37.51046,-82.54663,N,NULL,NULL,NULL,NULL,NULL,NULL,NULL,NULL,5,3,4,6,1,1,2,2,1,3,Y,NULL,Y,Y,652,659,739,N,NULL,49,,1,Y,,N,N,098-US-0023-0,NULL,NULL,2019,A,7.24E+11,098-US-0023  -000,HIGH,098-US-0023  -000,27.267,0,0,0,0,0,0,1,0,0,0,0,0,0,1
665,72342418,KSP0900,19-13760,20190420,35,,KY194,,,KY0194,KY0194,0,098 KY-194,KY0194,N,N,NULL,NULL,NULL,N,NULL,NULL,NULL,NULL,NULL,NULL,16.772,NULL,NULL,NULL,NULL,,NULL,0,0,1,1,N,N,55,NULL,98,9820,NULL,,Y,37.56761,-82.45816,N,NULL,NULL,NULL,NULL,NULL,NULL,NULL,NULL,9,5,2,3,1,5,6,5,7,3,N,NULL,Y,N,116,138,138,N,NULL,51,7,0,N,,N,N,098-KY-0194-0,NULL,NULL,2019,O,7.23E+11,098-KY-0194  -000,HIGH,098-KY-0194  -000,16.772,0,0,1,0,0,0,0,0,0,0,0,1,0,0
666,72384966,KSP0900,19-27385,20190718,2256,,ADKINS,,LN,,,0,098 CR-1303Q4,CR1303Q4,N,N,NULL,NULL,NULL,N,NULL,NULL,NULL,NULL,NULL,NULL,0.356,NULL,NULL,NULL,NULL,,NULL,1,0,1,1,N,N,15,NULL,98,9807,NULL,,Y,37.55525,-82.55692,N,NULL,NULL,NULL,NULL,NULL,NULL,NULL,NULL,9,3,1,6,1,1,2,5,6,3,N,NULL,Y,Y,2256,2303,,N,NULL,44,,,Y,,N,N,098-CR-1303Q4-0,NULL,NULL,2019,B,7.24E+11,098-PR-1067  -000,MEDIUM,098-PR-1067  -000,0.356,0,0,0,0,0,0,0,0,1,1,0,1,0,0
667,72442303,980100,2.02E+11,20191122,745,,US23,,,US0023,US0023,0,098 US-23-10,US0023,N,N,NULL,NULL,NULL,N,NULL,NULL,NULL,NULL,NULL,NULL,26.605,NULL,NULL,NULL,NULL,,NULL,0,0,3,3,N,N,55,NULL,98,9801,NULL,,Y,37.5075,-82.53513,N,NULL,NULL,NULL,NULL,NULL,NULL,NULL,NULL,5,3,4,6,1,5,6,2,1,3,N,NULL,N,N,746,750,840,N,NULL,49,,1,N,,N,N,098-US-0023-10,NULL,NULL,2019,O,7.24E+11,098-US-0023  -010,HIGH,098-US-0023  -000,26.605,0,0,0,1,0,0,1,0,0,0,0,0,0,1
668,72390533,980500,2019AR055,20190808,1132,,COWPEN,,RD,KY2061,KY2061,0,098 KY-2061,KY2061,N,N,NULL,NULL,NULL,N,NULL,NULL,NULL,NULL,NULL,NULL,0.363,NULL,NULL,NULL,NULL,,NULL,0,0,2,2,Y,N,45,NULL,98,9807,NULL,,Y,37.53363,-82.57133,N,NULL,NULL,NULL,NULL,NULL,NULL,NULL,NULL,7,3,2,6,1,1,2,2,6,3,N,NULL,Y,N,1132,1145,1145,N,NULL,54,,0,N,,N,N,098-KY-2061-0,NULL,NULL,2019,O,7.24E+11,098-KY-2061  -000,HIGH,098-KY-2061  -000,0.363,0,0,0,0,0,0,1,0,0,0,0,1,0,0
669,72401331,KSP0900,19-33995,20190901,116,,COWPEN,,RD,KY2061,KY2061,0,098 KY-2061,KY2061,N,N,NULL,NULL,NULL,N,NULL,NULL,NULL,NULL,NULL,NULL,6.934,NULL,NULL,NULL,NULL,,NULL,0,0,1,1,N,N,55,NULL,98,9801,3,N,N,37.59951,-82.53211,N,NULL,NULL,NULL,NULL,NULL,NULL,NULL,NULL,9,5,2,3,1,1,2,4,6,3,N,NULL,Y,N,116,126,,Y,NULL,40,,0,N,,N,N,098-KY-2061-0,NULL,NULL,2019,O,7.24E+11,098-KY-2061  -000,HIGH,098-KY-2061  -000,6.934,0,0,1,0,0,0,0,0,0,0,0,1,0,0
670,72462431,KSP0900,20-1492,20200111,1935,,US23,,,US0023,US0023,0,098 US-23,US0023,N,N,NULL,NULL,NULL,N,NULL,NULL,NULL,NULL,NULL,NULL,9.369,NULL,NULL,NULL,NULL,,NULL,0,0,2,2,N,N,55,NULL,98,9827,NULL,,Y,37.33371,-82.55756,N,NULL,NULL,NULL,NULL,NULL,NULL,NULL,NULL,5,6,4,6,1,5,6,6,1,3,N,NULL,Y,N,1940,2012,1940,N,NULL,70,,1,N,,N,N,098-US-0023-0,NULL,NULL,2020,O,7.25E+11,098-US-0023  -000,HIGH,098-US-0023  -000,9.369,0,0,0,0,0,0,1,0,0,0,0,0,0,0
671,72601419,980100,2.02E+11,20210308,2116,,US460,,,US0460,US0460,,,,Y,N,NULL,NULL,NULL,N,NULL,NULL,NULL,NULL,NULL,NULL,0.132,NULL,NULL,NULL,NULL,,NULL,0,0,2,2,Y,N,10,NULL,98,9801,NULL,,Y,37.44062,-82.5094,N,NULL,NULL,NULL,NULL,NULL,NULL,NULL,NULL,5,97,1,6,1,1,2,5,1,3,N,NULL,Y,N,2116,2125,2125,N,NULL,90,,1,N,,N,N,,NULL,NULL,2021,O,7.26E+11,098-US-0460  -000,MEDIUM,098-US-0460  -000,0.132,0,0,0,0,0,0,0,0,0,0,0,0,0,1
672,72384055,KSP0900,19-28313,20190725,804,,US119,,,US0119,US0119,0,098 US-119,US0119,Y,N,NULL,NULL,NULL,N,NULL,NULL,NULL,NULL,NULL,NULL,24.815,NULL,NULL,NULL,NULL,,NULL,0,0,2,2,N,N,55,NULL,98,9834,NULL,,Y,37.66608,-82.27512,N,NULL,NULL,NULL,NULL,NULL,NULL,NULL,NULL,8,97,4,6,1,1,2,2,1,3,N,NULL,Y,N,804,810,850,N,NULL,90,2,1,N,,N,N,098-US-0119-0,NULL,NULL,2019,O,7.24E+11,098-US-0119  -000,HIGH,098-US-0119  -000,24.815,0,0,0,0,0,0,1,0,0,0,0,0,0,0
673,72373747,980100,2.02E+11,20190628,1802,,CASSIDY,,BLVD,,,0,098 CS-1191,CS1191,Y,N,NULL,NULL,NULL,N,NULL,NULL,NULL,NULL,NULL,NULL,0.248,NULL,NULL,NULL,NULL,,NULL,0,0,2,2,N,N,15,NULL,98,9801,NULL,,Y,37.50553,-82.53583,N,NULL,NULL,NULL,NULL,NULL,NULL,NULL,NULL,1,97,2,6,1,1,2,2,1,3,N,NULL,Y,N,1803,1817,1827,N,NULL,90,,,N,,N,N,098-CS-1191-0,NULL,NULL,2019,O,7.24E+11,098-CS-1191  -000,HIGH,098-CS-1191  -000,0.248,0,0,0,0,0,0,0,0,0,1,0,0,0,1
674,72386390,KSP0900,19-27868,20190722,830,,WILLIAMSON,,RD,KY0292,KY0292,0,098 KY-292,KY0292,N,N,NULL,NULL,NULL,N,NULL,NULL,NULL,NULL,NULL,NULL,12.622,NULL,NULL,NULL,NULL,,NULL,0,0,1,1,N,N,35,NULL,98,9826,NULL,,Y,37.73969,-82.33294,N,NULL,NULL,NULL,NULL,NULL,NULL,NULL,NULL,9,3,2,3,1,5,6,2,7,3,N,NULL,Y,N,900,1030,1100,N,NULL,40,7,0,N,,N,N,098-KY-0292-0,NULL,NULL,2019,O,7.24E+11,098-KY-0292  -000,HIGH,098-KY-0292  -000,12.622,0,0,0,1,0,0,1,0,0,0,0,1,0,0
675,72366152,980100,2.02E+11,20190603,1624,,US23,,,US0023,US0023,0,098 US-23-10,US0023,N,N,NULL,NULL,NULL,N,NULL,NULL,NULL,NULL,NULL,NULL,26.267,NULL,NULL,NULL,NULL,,NULL,0,0,2,2,N,N,55,NULL,98,9801,NULL,,Y,37.50343,-82.53233,N,NULL,NULL,NULL,NULL,NULL,NULL,NULL,NULL,5,3,4,6,1,1,2,2,1,3,N,NULL,Y,N,1624,1633,,N,NULL,49,,1,N,,N,N,098-US-0023-10,NULL,NULL,2019,O,7.24E+11,098-US-0023  -010,HIGH,098-US-0023  -000,26.267,0,0,0,0,0,0,1,0,0,0,0,0,0,1
676,72335727,980100,2.02E+11,20190404,1952,,BAIRD,,AVE,KY1426,KY1426,,,,N,N,NULL,NULL,NULL,N,NULL,NULL,NULL,NULL,NULL,NULL,5.378,NULL,NULL,NULL,NULL,,NULL,0,0,2,2,N,N,55,NULL,98,9801,NULL,,Y,37.47388,-82.52715,N,NULL,NULL,NULL,NULL,NULL,NULL,NULL,NULL,6,3,2,6,1,1,2,2,7,3,N,NULL,Y,N,1952,1952,1952,N,NULL,70,,0,N,,N,N,,NULL,NULL,2019,O,7.23E+11,098-KY-1426  -000,MEDIUM,098-KY-1426  -000,5.378,0,0,0,0,0,0,1,0,0,0,0,0,0,1
677,72428600,980100,2.02E+11,20191029,907,,RIVER,,DR,,,0,098 CS-1054,CS1054,Y,N,NULL,NULL,NULL,N,NULL,NULL,NULL,NULL,NULL,NULL,0.055,NULL,NULL,NULL,NULL,,NULL,0,0,2,2,N,N,,NULL,98,9801,NULL,,Y,37.4741,-82.52174,N,NULL,NULL,NULL,NULL,NULL,NULL,NULL,NULL,8,97,2,6,1,1,2,2,1,3,N,NULL,Y,N,908,914,914,N,NULL,90,,,N,,N,N,098-CS-1054-0,NULL,NULL,2019,O,7.24E+11,098-CS-1054  -000,HIGH,098-CS-1054  -000,0.055,0,0,0,0,0,0,1,0,0,0,0,0,0,1
678,72344593,KSP0900,19-14404,20190424,1557,,KY1506,,,KY1506,KY1506,0,098 KY-1506,KY1506,N,N,NULL,NULL,NULL,N,NULL,NULL,NULL,NULL,NULL,NULL,0.028,NULL,NULL,NULL,NULL,,NULL,0,0,2,2,Y,N,35,NULL,98,9834,NULL,,Y,37.66824,-82.27667,N,NULL,NULL,NULL,NULL,NULL,NULL,NULL,NULL,7,3,2,6,1,1,2,2,7,3,N,NULL,Y,N,1607,1639,1639,N,NULL,54,9,0,N,,N,N,098-KY-1506-0,NULL,NULL,2019,O,7.23E+11,098-KY-1506  -000,HIGH,098-KY-1506  -000,0.028,0,0,0,0,0,0,0,0,0,0,0,1,0,0
679,72323797,KSP0900,19-6704,20190228,1453,,KY292,,,KY0292,KY0292,0,098 KY-292,KY0292,N,N,NULL,NULL,NULL,N,NULL,NULL,NULL,NULL,NULL,NULL,1.009,NULL,NULL,NULL,NULL,,NULL,0,0,2,2,N,N,45,NULL,98,9834,NULL,,Y,37.6399,-82.21803,N,NULL,NULL,NULL,NULL,NULL,NULL,NULL,NULL,7,3,2,1,1,1,2,2,7,3,N,NULL,Y,N,1455,1541,1541,N,NULL,54,8,0,N,,N,N,098-KY-0292-0,NULL,NULL,2019,O,7.23E+11,098-KY-0292  -000,HIGH,098-KY-0292  -000,1.009,0,1,0,0,0,0,0,0,0,0,0,1,0,0
680,72314439,980100,2.02E+11,20190202,932,,HIGH,,ST,,,,,,Y,N,NULL,NULL,NULL,N,NULL,NULL,NULL,NULL,NULL,NULL,0.015,NULL,NULL,NULL,NULL,,NULL,0,0,2,2,N,N,15,NULL,98,9801,NULL,,Y,37.47926,-82.52155,N,NULL,NULL,NULL,NULL,NULL,NULL,NULL,NULL,2,97,1,6,1,5,2,2,8,3,N,NULL,Y,N,932,933,933,N,NULL,90,,,N,,N,N,,NULL,NULL,2019,O,7.23E+11,098-CS-1166  -000,HIGH,098-CS-1166  -000,0.015,0,0,1,0,0,0,1,0,0,0,0,0,0,1
681,72365243,KSP0900,19-20582,20190604,1450,,KY1426,,,KY1426,KY1426,0,098 KY-1426,KY1426,Y,N,NULL,NULL,NULL,N,NULL,NULL,NULL,NULL,NULL,NULL,12.492,NULL,NULL,NULL,NULL,,NULL,0,0,1,1,N,N,55,NULL,98,9801,NULL,,Y,37.54276,-82.46802,N,NULL,NULL,NULL,NULL,NULL,NULL,NULL,NULL,9,97,2,6,1,1,2,2,7,3,N,NULL,N,N,1455,1530,,N,NULL,90,7,0,N,,N,N,098-KY-1426-0,NULL,NULL,2019,O,7.24E+11,098-KY-1426  -000,HIGH,098-KY-1426  -000,12.492,0,0,0,0,0,0,1,0,0,0,0,0,0,0
682,72395527,KSP0900,19-31223,20190813,1711,,KY122,,,KY0122,KY0122,0,098 KY-122,KY0122,N,N,NULL,NULL,NULL,N,NULL,NULL,NULL,NULL,NULL,NULL,10.116,NULL,NULL,NULL,NULL,,NULL,0,0,2,2,N,N,45,NULL,98,9801,2,S,N,37.38625,-82.5482,N,NULL,NULL,NULL,NULL,NULL,NULL,NULL,NULL,7,3,2,6,1,1,2,2,7,3,N,NULL,N,N,1712,1718,1725,Y,NULL,54,,0,Y,,N,N,098-KY-0122-0,NULL,NULL,2019,O,7.24E+11,098-KY-0122  -000,HIGH,098-KY-0122  -000,10.116,0,0,0,0,0,0,0,0,1,0,0,1,0,0
683,72405360,980100,2.02E+11,20190903,1853,,RENEE,,DR,,,,,,N,N,NULL,NULL,NULL,N,NULL,NULL,NULL,NULL,NULL,NULL,0.022,NULL,NULL,NULL,NULL,,NULL,0,0,2,2,N,N,15,NULL,98,9801,NULL,,Y,37.47762,-82.5378,N,NULL,NULL,NULL,NULL,NULL,NULL,NULL,NULL,8,97,1,6,2,1,2,2,6,3,N,NULL,Y,N,1853,1904,1904,N,NULL,47,,,N,,N,N,,NULL,NULL,2019,O,7.24E+11,098-CS-1242  -000,HIGH,098-CS-1242  -000,0.022,0,0,1,0,0,0,1,0,0,0,0,0,0,1
684,72421881,KSP0900,19-40102,20191011,1544,,KY1469,,,KY1469,KY1469,0,098 KY-1469,KY1469,N,N,NULL,NULL,NULL,N,NULL,NULL,NULL,NULL,NULL,NULL,5.615,NULL,NULL,NULL,NULL,,NULL,1,0,1,1,N,N,55,NULL,98,9801,NULL,,Y,37.2983,-82.65904,N,NULL,NULL,NULL,NULL,NULL,NULL,NULL,NULL,9,3,2,3,1,1,2,2,7,3,N,NULL,Y,Y,1513,1651,,N,NULL,40,8,0,N,,N,N,098-KY-1469-0,NULL,NULL,2019,C,7.24E+11,098-KY-1469  -000,HIGH,098-KY-1469  -000,5.615,0,0,0,0,0,0,0,0,0,0,0,1,0,0
685,72401645,980100,2.02E+11,20190902,,,POPLAR,,ST,,,0,098 CS-1160,CS1160,Y,N,NULL,NULL,NULL,N,NULL,NULL,NULL,NULL,NULL,NULL,,NULL,NULL,NULL,NULL,NULL,NULL,0,0,2,2,Y,N,,NULL,98,9801,NULL,,Y,37.48057,-82.52183,N,NULL,NULL,NULL,NULL,NULL,NULL,NULL,NULL,8,97,,,3,1,2,2,1,3,N,NULL,Y,N,1219,1230,1231,N,NULL,90,,,N,,N,N,098-CS-1160-0,NULL,NULL,2019,O,7.24E+11,098-CS-1160  -000,HIGH,098-CS-1160  -000,0.14,0,0,0,0,0,0,0,0,0,0,0,0,0,1
686,72402039,KSP0900,19-33907,20190831,1521,,ELKHORN,,CRK,KY0197,KY0197,0,098 KY-197,KY0197,N,N,NULL,NULL,NULL,N,NULL,NULL,NULL,NULL,NULL,NULL,13.876,NULL,NULL,NULL,NULL,,NULL,0,0,2,2,N,N,55,NULL,98,9802,NULL,,Y,37.27645,-82.37849,N,NULL,NULL,NULL,NULL,NULL,NULL,NULL,NULL,5,3,2,6,1,1,2,2,7,3,N,NULL,Y,N,1521,1526,1526,N,NULL,49,7,0,N,,N,N,098-KY-0197-0,NULL,NULL,2019,O,7.24E+11,098-KY-0197  -000,HIGH,098-KY-0197  -000,13.876,0,0,0,1,0,0,1,0,0,0,0,0,0,0