OBJECTID,MasterFile,AgencyORINumber,LocalCode,CollisionDate,CollisionTime,CollisionDayWeekCode,RoadwayName,RoadwayName_Direction_,RoadwayName_RoadwaySuffix_,RoadwayfromReport,CurrentRoadwayNumber,RoadwayNumberCoupletID,RSEUniqueGIS,RoadwayIdentifier,ParkingLotIndicator,IntersectionWith_Indicator_,IntersectionWith_NameRoadway_,IntersectionWith_Direction_,IntersectionWith_RoadwaySuffix_,BetweenStreets_Indicator_,BetweenStreets1_NameRoadway_,BetweenStreet1_Direction_,BetweenStreets1_RoadwaySuffix_,BetweenStreets2_NameRoadway_,BetweenStreets2_Direction_,BetweenStreets2_RoadwaySuffix_,Milepoint,ReportMilepointDeriveNumber,CurrentDerivedMiepointNumber,MilestoMilepoint,FeettoMilepoint,DirectionfromMilepoint_NSEW_,ValidMilepointIndicator,NumberInjured,NumberKilled,ofUnits,ofMotorVehicleUnits,Hit&RunIndicator,OneWayIndicator,SpeedLimitNumber,KilometersIndicator,CountyCode,CityCountyCode,MilesFromCity,DirectionFromCity_NSEW_,InCityLimitsIndicator,Latitude,Longitude,RampIndicator,RampFromIdentifier,RampFromDirCode,RampFromCoupletID,RSEUniqueGISRampFrom,RampToidentifier,RampToDirCode,RampToCoupletID,RSEUniqueGisRampTo,MannerofCollisionCode,LocationFirstEventCode,TotalLanes,RoadwayCharacterCode,RoadwaySurfaceCode,RoadwayConditionCode,WeatherCode,LightConditionCode,LandUseCode,SchoolBusRelatedCode,FirstAidSceneIndicator,CollDescPresentInd,InvestigationCompleteIndicator,PhotosTakenIndicator,TimeNotified,TimeArrived,TimeRoadwayOpened,PropertyDamageIndicator,DiagramPresentIndicator,DirectionalAnalysis,FunctionClassCode,NationalHwySysCode,EnforcementsIndicator,KARSCityCode,SecondaryCollisionIndicator,MedianCrossoverIndicator,RT_UNIQUE,MapIt,TimeLastLeft,YR,KABCO,MFNY,WorkingRID,RT_CONFIDENCE,KTC_RT,KTC_MP,Motorcyclist,Commercial Vehicle,Young Driver,Mature Driver,Pedestrian,Bicyclist,Distracted,Aggressive,Impaired,Unrestrained,Intersection,Roadway Departure,Median Cross-over,City Crash
687,72315866,980100,2.02E+11,20190206,1143,,ZIEGLER,,DR,,,0,098 CR-1408,CR1408,N,N,NULL,NULL,NULL,N,NULL,NULL,NULL,NULL,NULL,NULL,0.002,NULL,NULL,NULL,NULL,,NULL,2,0,3,3,N,N,55,NULL,98,9801,NULL,,Y,37.5374,-82.60506,N,NULL,NULL,NULL,NULL,NULL,NULL,NULL,NULL,5,3,4,6,1,1,2,2,1,3,Y,NULL,Y,Y,1143,1157,,N,NULL,49,,,N,,N,N,098-CR-1408-0,NULL,NULL,2019,C,7.23E+11,098-CR-1408  -000,HIGH,098-CR-1408  -000,0.002,0,0,0,0,0,0,0,0,0,0,0,1,0,1
688,72341999,KSP0900,19-13741,20190419,2119,,US460,,,US0460,US0460,0,098 US-460,US0460,N,N,NULL,NULL,NULL,N,NULL,NULL,NULL,NULL,NULL,NULL,4.523,NULL,NULL,NULL,NULL,,NULL,1,0,1,1,N,N,45,NULL,98,9824,NULL,,Y,37.4165,-82.4536,N,NULL,NULL,NULL,NULL,NULL,NULL,NULL,NULL,9,3,2,6,1,1,2,6,7,3,N,NULL,Y,Y,2121,2137,2155,N,NULL,70,,1,Y,,N,N,098-US-0460-0,NULL,NULL,2019,B,7.23E+11,098-US-0460  -000,HIGH,098-US-0460  -000,4.523,0,0,0,0,0,0,0,0,1,0,0,1,0,0
689,72300570,980100,2.02E+11,20190108,1854,,CHLOE,,RD,KY1460,KY1460,,,,N,N,NULL,NULL,NULL,N,NULL,NULL,NULL,NULL,NULL,NULL,5.017,NULL,NULL,NULL,NULL,,NULL,0,0,1,1,N,N,35,NULL,98,9801,NULL,,Y,37.47749,-82.51537,N,NULL,NULL,NULL,NULL,NULL,NULL,NULL,NULL,9,3,2,6,1,5,3,4,7,3,N,NULL,Y,N,1854,1854,1907,N,NULL,40,,0,N,,N,N,,NULL,NULL,2019,O,7.23E+11,098-KY-1460  -000,HIGH,098-KY-1460  -000,5.017,0,0,0,0,0,0,0,0,0,0,0,1,0,1
690,72327069,980100,2.02E+11,20190314,1927,,NORTH MAYO,,TRL,,,,,,N,N,NULL,NULL,NULL,N,NULL,NULL,NULL,NULL,NULL,NULL,,NULL,NULL,NULL,NULL,NULL,NULL,0,0,2,2,N,N,55,NULL,98,9801,NULL,,Y,37.50318,-82.53209,N,NULL,NULL,NULL,NULL,NULL,NULL,NULL,NULL,5,3,4,6,1,1,3,2,1,3,N,NULL,Y,N,1927,1931,1933,N,NULL,70,,,Y,,N,N,,NULL,NULL,2019,O,7.23E+11,098-US-0023  -000,MEDIUM,098-US-0023  -000,26.25,0,0,0,0,0,0,1,0,0,0,0,0,0,1
691,72337875,KSP0900,19-12118,20190409,1420,,MILLARD,,HWY,US0460,US0460,0,098 US-460,US0460,N,N,NULL,NULL,NULL,N,NULL,NULL,NULL,NULL,NULL,NULL,8.114,NULL,NULL,NULL,NULL,,NULL,0,0,2,2,N,N,45,NULL,98,9832,NULL,,Y,37.37691,-82.43296,N,NULL,NULL,NULL,NULL,NULL,NULL,NULL,NULL,5,3,2,3,1,1,2,2,7,3,N,NULL,Y,N,1420,1536,1536,N,NULL,49,,1,N,,N,N,098-US-0460-0,NULL,NULL,2019,O,7.23E+11,098-US-0460  -000,HIGH,098-US-0460  -000,8.114,0,0,1,0,0,0,0,0,0,0,0,0,0,0
692,72325980,KSP0900,19-4328,20190209,630,,KY1426,,,KY1426,KY1426,,,,N,N,NULL,NULL,NULL,N,NULL,NULL,NULL,NULL,NULL,NULL,14.089,NULL,NULL,NULL,NULL,,NULL,1,0,1,1,N,N,55,NULL,98,9828,NULL,,Y,37.55788,-82.45772,N,NULL,NULL,NULL,NULL,NULL,NULL,NULL,NULL,9,4,2,6,1,1,2,1,7,3,Y,NULL,Y,Y,634,730,758,N,NULL,40,7,0,Y,,N,N,,NULL,NULL,2019,A,7.23E+11,098-KY-1426  -000,MEDIUM,098-KY-1426  -000,14.089,0,0,0,0,0,0,0,0,1,0,0,1,0,0
693,72311499,980000,1902001,20190201,1036,,US23,,,US0023,US0023,0,098 US-23,US0023,Y,N,NULL,NULL,NULL,N,NULL,NULL,NULL,NULL,NULL,NULL,32.136,NULL,NULL,NULL,NULL,,NULL,0,0,2,2,N,N,55,NULL,98,9801,4,N,N,37.5377,-82.6113,N,NULL,NULL,NULL,NULL,NULL,NULL,NULL,NULL,2,97,0,4,1,1,3,2,1,3,N,NULL,Y,Y,1036,1050,1050,N,NULL,90,,1,N,,N,N,098-US-0023-0,NULL,NULL,2019,O,7.23E+11,098-US-0023  -000,HIGH,098-US-0023  -000,32.136,0,0,0,0,0,0,0,0,0,0,0,0,0,1
694,72431429,980100,2.02E+11,20191105,500,,US23,,,US0023,US0023,0,098 US-23-10,US0023,N,N,NULL,NULL,NULL,N,NULL,NULL,NULL,NULL,NULL,NULL,30.859,NULL,NULL,NULL,NULL,,NULL,0,0,1,1,N,N,55,NULL,98,9801,NULL,,Y,37.54115,-82.59135,N,NULL,NULL,NULL,NULL,NULL,NULL,NULL,NULL,9,3,4,6,1,1,3,6,7,3,N,NULL,Y,N,500,507,507,N,NULL,70,,1,N,,N,N,098-US-0023-10,NULL,NULL,2019,O,7.24E+11,098-US-0023  -010,HIGH,098-US-0023  -000,30.859,0,1,0,0,0,0,0,0,0,0,0,1,0,1
695,72406830,KSP0900,19-35322,20190910,1240,,KY612,,,KY0612,KY0612,0,098 KY-612,KY0612,N,N,NULL,NULL,NULL,N,NULL,NULL,NULL,NULL,NULL,NULL,6.935,NULL,NULL,NULL,NULL,,NULL,0,0,1,1,N,N,45,NULL,98,9826,NULL,,Y,37.65434,-82.30576,N,NULL,NULL,NULL,NULL,NULL,NULL,NULL,NULL,9,3,2,6,1,1,2,2,7,3,N,NULL,N,N,1240,1255,1255,N,NULL,44,8,0,N,,N,N,098-KY-0612-0,NULL,NULL,2019,O,7.24E+11,098-KY-0612  -000,HIGH,098-KY-0612  -000,6.935,0,0,0,0,0,0,0,0,0,0,0,1,0,0
696,72386664,980100,2.02E+11,20190730,103,,HAROLDS BRANCH,,RD,,,0,098 CS-1223,CS1223,N,N,NULL,NULL,NULL,N,NULL,NULL,NULL,NULL,NULL,NULL,0.092,NULL,NULL,NULL,NULL,,NULL,0,0,2,2,N,N,15,NULL,98,9801,NULL,,Y,37.47164,-82.52198,N,NULL,NULL,NULL,NULL,NULL,NULL,NULL,NULL,2,3,2,6,2,1,2,2,1,3,N,NULL,Y,N,1257,1257,1316,N,NULL,56,,,N,,N,N,098-CS-1223-0,NULL,NULL,2019,O,7.24E+11,098-CS-1223  -000,HIGH,098-CS-1223  -000,0.092,0,0,0,1,0,0,1,0,0,0,0,0,0,1
697,72437773,980100,2.02E+11,20191104,1122,,HAMBLEY,,BLVD,,,0,098 CS-1222,CS1222,Y,N,NULL,NULL,NULL,N,NULL,NULL,NULL,NULL,NULL,NULL,0.161,NULL,NULL,NULL,NULL,,NULL,0,0,2,2,N,N,15,NULL,98,9801,NULL,,Y,37.4749,-82.5246,N,NULL,NULL,NULL,NULL,NULL,NULL,NULL,NULL,2,97,1,6,1,1,2,2,1,3,N,NULL,Y,N,1123,1126,,N,NULL,90,,,N,,N,N,098-CS-1222-0,NULL,NULL,2019,O,7.24E+11,098-CS-1222  -000,HIGH,098-CS-1222  -000,0.161,0,0,0,0,0,0,1,0,0,0,0,0,0,1
698,72381377,980100,2.02E+11,20190718,1737,,SOUTH MAYO TRAIL,,,,,,,,Y,N,NULL,NULL,NULL,N,NULL,NULL,NULL,NULL,NULL,NULL,,NULL,NULL,NULL,NULL,,NULL,0,0,2,2,N,N,15,NULL,98,9801,NULL,,Y,37.46626,-82.53127,N,NULL,NULL,NULL,NULL,NULL,NULL,NULL,NULL,2,97,1,6,1,1,2,2,1,3,N,NULL,Y,N,1738,1745,1745,N,NULL,90,,,N,,N,N,,NULL,NULL,2019,O,7.24E+11,098-KY-3496  -000,MEDIUM,098-KY-3496  -000,0.199,0,0,0,0,0,0,1,0,0,0,0,0,0,1
699,72327537,980100,2.02E+11,20190312,543,,US23,,,US0023,US0023,0,098 US-23,US0023,N,N,NULL,NULL,NULL,N,NULL,NULL,NULL,NULL,NULL,NULL,26.289,NULL,NULL,NULL,NULL,,NULL,0,0,2,2,N,N,55,NULL,98,9801,NULL,,Y,37.50374,-82.53216,N,NULL,NULL,NULL,NULL,NULL,NULL,NULL,NULL,1,3,4,6,1,1,2,5,7,3,N,NULL,Y,Y,543,547,631,N,NULL,55,,1,N,,N,N,098-US-0023-0,NULL,NULL,2019,O,7.23E+11,098-US-0023  -000,HIGH,098-US-0023  -000,26.289,0,0,0,0,0,0,0,0,0,0,0,0,0,1
700,72455941,KSP0900,19-50254,20191225,2253,,STONE COAL CREEK,,RD,KY3227,KY3227,0,098 KY-3227,KY3227,N,N,NULL,NULL,NULL,N,NULL,NULL,NULL,NULL,NULL,NULL,4.25,NULL,NULL,NULL,NULL,,NULL,0,0,1,1,N,N,55,NULL,98,9801,NULL,,Y,37.54971,-82.50916,N,NULL,NULL,NULL,NULL,NULL,NULL,NULL,NULL,9,97,2,6,1,1,2,4,6,3,N,NULL,Y,N,2254,2313,,Y,NULL,44,8,0,Y,,N,N,098-KY-3227-0,NULL,NULL,2019,O,7.25E+11,098-KY-3227  -000,HIGH,098-KY-3227  -000,4.25,0,0,0,0,0,0,0,0,0,0,0,1,0,0
701,72361101,KSP0900,19-19994,20190531,1620,,PAW PAW,,CRK,,,0,098 CR-1115,CR1115,N,N,NULL,NULL,NULL,N,NULL,NULL,NULL,NULL,NULL,NULL,1.669,NULL,NULL,NULL,NULL,,NULL,0,0,1,1,N,N,35,NULL,98,9860,NULL,,Y,37.42392,-82.14331,N,NULL,NULL,NULL,NULL,NULL,NULL,NULL,NULL,9,4,1,3,1,5,6,2,7,3,N,NULL,Y,N,1621,1733,1733,N,NULL,51,,,N,,N,Y,098-CR-1115-0,NULL,NULL,2019,O,7.24E+11,098-CR-1115  -000,HIGH,098-CR-1115  -000,1.669,0,0,0,1,0,0,0,0,0,0,0,1,0,0
702,72364518,KSP0900,19-20918,20190606,1503,,FISHTRAP,,RD,KY1441,KY1441,0,098 KY-1441,KY1441,N,N,NULL,NULL,NULL,N,NULL,NULL,NULL,NULL,NULL,NULL,11.348,NULL,NULL,NULL,NULL,,NULL,4,0,2,2,N,N,45,NULL,98,9828,NULL,,Y,37.53289,-82.45828,N,NULL,NULL,NULL,NULL,NULL,NULL,NULL,NULL,3,4,2,6,1,1,2,2,7,3,Y,NULL,Y,Y,1503,1505,1614,N,NULL,51,8,0,Y,,N,N,098-KY-1441-0,NULL,NULL,2019,A,7.24E+11,098-KY-1441  -000,HIGH,098-KY-1441  -000,11.348,0,0,0,0,0,0,0,0,1,1,0,1,0,0
703,72391072,980500,2019AR054,20190807,1400,,WEDDINGTON BRANCH,,RD,,,0,098 CS-3026,CS3026,Y,N,NULL,NULL,NULL,N,NULL,NULL,NULL,NULL,NULL,NULL,,NULL,NULL,NULL,NULL,,NULL,0,0,2,2,N,N,15,NULL,98,9807,NULL,,Y,37.52177,-82.57114,N,NULL,NULL,NULL,NULL,NULL,NULL,NULL,NULL,2,97,2,6,1,1,2,2,1,3,N,NULL,Y,N,1400,1405,,N,NULL,90,,,N,,N,N,098-CS-3026-0,NULL,NULL,2019,O,7.24E+11,098-CS-3026  -000,HIGH,098-CS-3026  -000,0,0,0,0,0,0,0,0,0,0,0,0,0,0,0
704,72442926,KSP0900,19-45680,20191120,1811,,MALL,S,RD,,,0,098 PR-1010,PR1010,N,N,NULL,NULL,NULL,N,NULL,NULL,NULL,NULL,NULL,NULL,0.377,NULL,NULL,NULL,NULL,,NULL,0,0,2,2,N,Y,15,NULL,98,9834,NULL,,Y,37.6556,-82.27251,N,NULL,NULL,NULL,NULL,NULL,NULL,NULL,NULL,1,3,2,2,1,1,2,6,1,3,N,NULL,Y,N,1811,1818,1825,N,NULL,55,,,N,,N,N,098-PR-1010-0,NULL,NULL,2019,O,7.24E+11,098-PR-1010  -000,HIGH,098-PR-1010  -000,0.377,0,0,0,0,0,0,0,1,0,0,0,0,0,0
705,72424372,980100,2.02E+11,20191022,804,,HAMBLEY,,BLVD,,,,,,N,N,NULL,NULL,NULL,N,NULL,NULL,NULL,NULL,NULL,NULL,,NULL,NULL,NULL,NULL,NULL,NULL,0,0,3,3,N,N,35,NULL,98,9801,NULL,,Y,37.47379,-82.52811,N,NULL,NULL,NULL,NULL,NULL,NULL,NULL,NULL,5,3,2,4,1,5,6,2,7,3,N,NULL,Y,N,804,807,,N,NULL,49,,,N,,N,N,,NULL,NULL,2019,O,7.24E+11,098-CS-1222  -000,MEDIUM,098-CS-1222  -000,0,0,0,0,0,0,0,1,1,0,0,0,0,0,1
706,72363955,KSP0900,19-20912,20190606,1436,,FISHTRAP,,RD,KY1441,KY1441,0,098 KY-1441,KY1441,N,N,NULL,NULL,NULL,N,NULL,NULL,NULL,NULL,NULL,NULL,10.204,NULL,NULL,NULL,NULL,,NULL,1,0,1,1,N,N,45,NULL,98,9828,NULL,,Y,37.51776,-82.45351,N,NULL,NULL,NULL,NULL,NULL,NULL,NULL,NULL,9,4,2,3,1,1,2,2,7,3,Y,NULL,Y,Y,1436,1445,1500,N,NULL,51,8,0,N,,N,N,098-KY-1441-0,NULL,NULL,2019,A,7.24E+11,098-KY-1441  -000,HIGH,098-KY-1441  -000,10.204,0,0,0,0,0,0,0,0,1,1,0,1,0,0
707,72378936,980100,2.02E+11,20190708,1420,,HAMBLEY,,BLVD,,,,,,Y,N,NULL,NULL,NULL,N,NULL,NULL,NULL,NULL,NULL,NULL,1.193,NULL,NULL,NULL,NULL,,NULL,0,0,2,2,N,N,10,NULL,98,9801,NULL,,Y,37.48541,-82.52509,N,NULL,NULL,NULL,NULL,NULL,NULL,NULL,NULL,2,97,,6,1,1,3,2,1,3,N,NULL,Y,N,1420,1429,1429,N,NULL,90,,,N,,N,N,,NULL,NULL,2019,O,7.24E+11,098-CS-1222  -000,HIGH,098-CS-1222  -000,1.193,0,0,0,1,0,0,1,0,0,0,0,0,0,1
708,72350709,KSP0900,19-16744,20190509,1559,,STONE COAL CREEK,,RD,KY3227,KY3227,0,098 KY-3227,KY3227,N,N,NULL,NULL,NULL,N,NULL,NULL,NULL,NULL,NULL,NULL,3.454,NULL,NULL,NULL,NULL,,NULL,0,0,2,2,N,N,35,NULL,98,9801,NULL,,Y,37.53922,-82.51199,N,NULL,NULL,NULL,NULL,NULL,NULL,NULL,NULL,2,7,2,6,1,1,2,2,7,1,N,NULL,Y,N,1603,1634,,N,NULL,47,8,0,N,,N,N,098-KY-3227-0,NULL,NULL,2019,O,7.24E+11,098-KY-3227  -000,HIGH,098-KY-3227  -000,3.454,0,0,0,0,0,0,1,0,0,0,0,0,0,0
709,72359609,980100,2.02E+11,20190521,1611,,HAMBLEY,,BLVD,,,0,098 CS-1222,CS1222,N,N,NULL,NULL,NULL,N,NULL,NULL,NULL,NULL,NULL,NULL,0.095,NULL,NULL,NULL,NULL,,NULL,0,0,2,2,N,N,15,NULL,98,9801,NULL,,Y,37.47449,-82.52568,N,NULL,NULL,NULL,NULL,NULL,NULL,NULL,NULL,6,97,1,6,1,1,2,2,1,3,N,NULL,N,N,1611,1613,,N,NULL,70,,,N,,N,N,098-CS-1222-0,NULL,NULL,2019,O,7.24E+11,098-CS-1222  -000,HIGH,098-CS-1222  -000,0.095,0,0,0,0,0,0,1,0,0,0,0,0,0,1
710,72418746,KSP0900,19-39663,20191008,1211,,KENDRICK,,FRK,,,0,098 CR-1312,CR1312,N,N,NULL,NULL,NULL,N,NULL,NULL,NULL,NULL,NULL,NULL,0.859,NULL,NULL,NULL,NULL,,NULL,0,0,2,2,N,N,25,NULL,98,9801,NULL,,Y,37.45482,-82.44908,N,NULL,NULL,NULL,NULL,NULL,NULL,NULL,NULL,3,3,2,3,1,5,3,2,7,3,N,NULL,Y,N,1211,1250,1315,N,NULL,52,,,N,,N,N,098-CR-1312-0,NULL,NULL,2019,O,7.24E+11,098-CR-1312  -000,HIGH,098-CR-1312  -000,0.859,0,0,1,0,0,0,0,0,0,0,0,1,0,0
711,72433902,980100,2.02E+11,20191104,1159,,US23,,,US0023,US0023,0,098 US-23-10,US0023,N,N,NULL,NULL,NULL,N,NULL,NULL,NULL,NULL,NULL,NULL,26.295,NULL,NULL,NULL,NULL,,NULL,0,0,2,2,N,N,55,NULL,98,9801,NULL,,Y,37.5038,-82.53237,N,NULL,NULL,NULL,NULL,NULL,NULL,NULL,NULL,5,3,4,6,1,1,2,2,7,3,N,NULL,Y,N,1159,1203,1203,N,NULL,49,,1,Y,,N,N,098-US-0023-10,NULL,NULL,2019,O,7.24E+11,098-US-0023  -010,HIGH,098-US-0023  -000,26.295,0,0,0,0,0,0,1,0,0,0,0,0,0,1
712,72445048,980100,2.02E+11,20191202,1512,,HAMBLEY,,BLVD,,,,,,Y,N,NULL,NULL,NULL,N,NULL,NULL,NULL,NULL,NULL,NULL,0.511,NULL,NULL,NULL,NULL,,NULL,0,0,2,2,Y,N,15,NULL,98,9801,NULL,,Y,37.47852,-82.52007,N,NULL,NULL,NULL,NULL,NULL,NULL,NULL,NULL,1,97,2,6,1,1,6,9,1,3,N,NULL,Y,N,1512,1515,,N,NULL,90,,,N,,N,N,,NULL,NULL,2019,O,7.24E+11,098-CS-1222  -000,HIGH,098-CS-1222  -000,0.511,0,0,0,0,0,0,0,0,0,0,0,0,0,1
713,72399978,KSP0900,19-32407,20190821,300,,FERRELLS CREEK,,RD,US0460,US0460,0,098 US-460,US0460,Y,N,NULL,NULL,NULL,N,NULL,NULL,NULL,NULL,NULL,NULL,17.974,NULL,NULL,NULL,NULL,,NULL,0,0,2,2,N,N,35,NULL,98,9876,NULL,,Y,37.36488,-82.31902,N,NULL,NULL,NULL,NULL,NULL,NULL,NULL,NULL,2,97,1,4,1,1,2,2,8,3,N,NULL,Y,N,1505,1540,,N,NULL,90,,1,N,,N,N,098-US-0460-0,NULL,NULL,2019,O,7.24E+11,098-US-0460  -000,HIGH,098-US-0460  -000,17.974,0,0,1,0,0,0,1,0,0,0,0,0,0,0
714,72314768,KSP0900,19-4265,20190208,1624,,US460,,,US0460,US0460,0,098 US-460,US0460,Y,N,NULL,NULL,NULL,N,NULL,NULL,NULL,NULL,NULL,NULL,13.834,NULL,NULL,NULL,NULL,,NULL,0,0,2,2,N,N,55,NULL,98,9801,NULL,,Y,37.33814,-82.38208,N,NULL,NULL,NULL,NULL,NULL,NULL,NULL,NULL,7,97,1,6,1,1,2,2,1,3,N,NULL,Y,Y,1628,1637,1628,N,NULL,90,,1,N,,N,N,098-US-0460-0,NULL,NULL,2019,O,7.23E+11,098-US-0460  -000,HIGH,098-US-0460  -000,13.834,0,0,1,0,0,0,0,0,0,0,0,0,0,0
715,72359006,980500,2019AR038,20190528,1112,,MAIN,,ST,,,0,098 CS-3000,CS3000,Y,N,NULL,NULL,NULL,N,NULL,NULL,NULL,NULL,NULL,NULL,0.198,NULL,NULL,NULL,NULL,,NULL,0,0,2,2,N,N,15,NULL,98,9807,NULL,,Y,37.51673,-82.56246,N,NULL,NULL,NULL,NULL,NULL,NULL,NULL,NULL,2,97,1,6,1,1,2,2,1,3,N,NULL,Y,Y,1112,1114,1129,N,NULL,90,,,N,,N,N,098-CS-3000-0,NULL,NULL,2019,O,7.24E+11,098-CS-3000  -000,HIGH,098-CS-3000  -000,0.198,0,0,0,1,0,0,1,0,0,0,0,0,0,0
716,72421880,KSP0900,19-39401,20191006,1345,,KY194,,,KY0194,KY0194,0,098 KY-194,KY0194,N,N,NULL,NULL,NULL,N,NULL,NULL,NULL,NULL,NULL,NULL,57.022,NULL,NULL,NULL,NULL,,NULL,0,0,2,2,N,N,35,NULL,98,9804,NULL,,Y,37.53163,-82.1624,N,NULL,NULL,NULL,NULL,NULL,NULL,NULL,NULL,3,3,2,3,1,5,6,2,7,3,N,NULL,Y,N,1345,1427,,N,NULL,52,7,0,N,,N,N,098-KY-0194-0,NULL,NULL,2019,O,7.24E+11,098-KY-0194  -000,HIGH,098-KY-0194  -000,57.022,0,0,1,0,0,0,0,1,0,0,0,1,0,0
717,72427379,KSP0900,19-42093,20191026,1009,,US23,,,US0023,US0023,0,098 US-23,US0023,N,N,NULL,NULL,NULL,N,NULL,NULL,NULL,NULL,NULL,NULL,28.058,NULL,NULL,NULL,NULL,,NULL,0,0,2,2,N,N,55,NULL,98,9807,NULL,,Y,37.51537,-82.55928,N,NULL,NULL,NULL,NULL,NULL,NULL,NULL,NULL,1,3,4,6,1,5,3,2,7,3,N,NULL,Y,N,1009,1017,1017,N,NULL,55,,1,N,,N,N,098-US-0023-0,NULL,NULL,2019,O,7.24E+11,098-US-0023  -000,HIGH,098-US-0023  -000,28.058,0,0,0,1,0,0,1,0,0,0,0,0,0,0
718,72458375,KSP0900,09-19-1205,20191229,1529,,WIDOWS,,BR,KY2062,KY2062,0,098 KY-2062,KY2062,N,N,NULL,NULL,NULL,N,NULL,NULL,NULL,NULL,NULL,NULL,1.089,NULL,NULL,NULL,NULL,,NULL,1,1,1,1,N,N,55,NULL,98,9804,NULL,,Y,37.50578,-82.11729,N,NULL,NULL,NULL,NULL,NULL,NULL,NULL,NULL,9,5,2,1,1,5,3,2,7,3,Y,NULL,Y,Y,1529,1555,1800,N,NULL,44,8,0,N,,N,N,098-KY-2062-0,NULL,NULL,2019,K,7.25E+11,098-KY-2062  -000,HIGH,098-KY-2062  -000,1.089,0,0,0,0,0,0,0,0,0,1,0,1,0,0
719,72303193,KSP0900,19-1330,20190112,700,,KY122,,,KY0122,KY0122,0,098 KY-122,KY0122,N,N,NULL,NULL,NULL,N,NULL,NULL,NULL,NULL,NULL,NULL,15.188,NULL,NULL,NULL,NULL,,NULL,0,0,1,1,N,N,55,NULL,98,9801,NULL,,Y,37.41702,-82.49507,N,NULL,NULL,NULL,NULL,NULL,NULL,NULL,NULL,9,5,2,6,1,2,9,1,7,3,N,NULL,Y,N,700,730,800,N,NULL,44,,0,N,,N,N,098-KY-0122-0,NULL,NULL,2019,O,7.23E+11,098-KY-0122  -000,HIGH,098-KY-0122  -000,15.188,0,0,0,0,0,0,0,0,0,0,0,1,0,0
720,72442557,KSP0900,19-46286,20191125,1425,,US460,,,US0460,US0460,0,098 US-460,US0460,N,N,NULL,NULL,NULL,N,NULL,NULL,NULL,NULL,NULL,NULL,13.035,NULL,NULL,NULL,NULL,,NULL,1,0,3,3,N,N,55,NULL,98,9832,NULL,,Y,37.33583,-82.39211,N,NULL,NULL,NULL,NULL,NULL,NULL,NULL,NULL,5,3,2,6,1,1,2,2,7,3,N,NULL,Y,N,1444,1457,1457,N,NULL,49,,1,N,,N,N,098-US-0460-0,NULL,NULL,2019,C,7.24E+11,098-US-0460  -000,HIGH,098-US-0460  -000,13.035,0,0,0,0,0,0,0,0,0,0,0,0,0,0
721,72337294,KSP0900,19-11640,20190406,1103,,US460,,,US0460,US0460,0,098 US-460,US0460,N,N,NULL,NULL,NULL,N,NULL,NULL,NULL,NULL,NULL,NULL,9.011,NULL,NULL,NULL,NULL,,NULL,0,0,2,2,N,N,55,NULL,98,9802,NULL,,Y,37.36993,-82.42001,N,NULL,NULL,NULL,NULL,NULL,NULL,NULL,NULL,5,3,2,6,1,1,3,2,7,3,N,NULL,N,N,1103,1132,,N,NULL,49,,1,N,,N,N,098-US-0460-0,NULL,NULL,2019,O,7.23E+11,098-US-0460  -000,HIGH,098-US-0460  -000,9.011,0,0,0,1,0,0,1,0,0,0,0,0,0,0
722,72340682,980100,2.02E+11,20190412,1229,,US23,,,US0023,US0023,,,,N,N,NULL,NULL,NULL,N,NULL,NULL,NULL,NULL,NULL,NULL,26.235,NULL,NULL,NULL,NULL,,NULL,0,0,2,2,N,N,55,NULL,98,9801,NULL,,Y,37.50298,-82.53232,N,NULL,NULL,NULL,NULL,NULL,NULL,NULL,NULL,5,3,4,6,1,5,6,2,7,3,N,NULL,Y,N,1229,1234,1318,N,NULL,49,,1,Y,,N,N,,NULL,NULL,2019,O,7.23E+11,098-US-0023  -010,MEDIUM,098-US-0023  -000,26.235,0,0,0,0,0,0,1,0,0,0,0,0,0,1
723,72441918,KSP0900,19-45318,20191118,1020,,ACCESS RD 1,,,,,0,098 CR-1426K,CR1426K,N,N,NULL,NULL,NULL,N,NULL,NULL,NULL,NULL,NULL,NULL,0.347,NULL,NULL,NULL,NULL,,NULL,0,0,2,2,N,N,55,NULL,98,9801,NULL,,Y,37.53993,-82.58217,N,NULL,NULL,NULL,NULL,NULL,NULL,NULL,NULL,7,3,4,5,1,1,3,2,1,3,N,NULL,Y,N,1020,1043,1043,N,NULL,54,,,N,,N,N,098-CR-1426K-0,NULL,NULL,2019,O,7.24E+11,098-CR-1426K -000,HIGH,098-CR-1426K -000,0.347,0,0,0,1,0,0,0,0,0,0,0,1,0,0
724,72521143,KSP0900,2020-600256,20200714,1839,,GRAPEVINE,,RD,KY0194,KY0194,0,098 KY-194,KY0194,N,N,NULL,NULL,NULL,N,NULL,NULL,NULL,NULL,NULL,NULL,29.304,NULL,NULL,NULL,NULL,,NULL,0,0,1,1,N,N,55,NULL,98,9849,NULL,,Y,37.46449,-82.35722,N,NULL,NULL,NULL,NULL,NULL,NULL,NULL,NULL,9,5,2,3,1,1,2,2,7,3,N,NULL,Y,Y,1839,1910,2010,N,NULL,44,7,0,N,,N,N,098-KY-0194-0,NULL,NULL,2020,O,7.25E+11,098-KY-0194  -000,HIGH,098-KY-0194  -000,29.304,1,0,0,0,0,0,1,0,0,0,0,1,0,0