OBJECTID,MasterFile,AgencyORINumber,LocalCode,CollisionDate,CollisionTime,CollisionDayWeekCode,RoadwayName,RoadwayName_Direction_,RoadwayName_RoadwaySuffix_,RoadwayfromReport,CurrentRoadwayNumber,RoadwayNumberCoupletID,RSEUniqueGIS,RoadwayIdentifier,ParkingLotIndicator,IntersectionWith_Indicator_,IntersectionWith_NameRoadway_,IntersectionWith_Direction_,IntersectionWith_RoadwaySuffix_,BetweenStreets_Indicator_,BetweenStreets1_NameRoadway_,BetweenStreet1_Direction_,BetweenStreets1_RoadwaySuffix_,BetweenStreets2_NameRoadway_,BetweenStreets2_Direction_,BetweenStreets2_RoadwaySuffix_,Milepoint,ReportMilepointDeriveNumber,CurrentDerivedMiepointNumber,MilestoMilepoint,FeettoMilepoint,DirectionfromMilepoint_NSEW_,ValidMilepointIndicator,NumberInjured,NumberKilled,ofUnits,ofMotorVehicleUnits,Hit&RunIndicator,OneWayIndicator,SpeedLimitNumber,KilometersIndicator,CountyCode,CityCountyCode,MilesFromCity,DirectionFromCity_NSEW_,InCityLimitsIndicator,Latitude,Longitude,RampIndicator,RampFromIdentifier,RampFromDirCode,RampFromCoupletID,RSEUniqueGISRampFrom,RampToidentifier,RampToDirCode,RampToCoupletID,RSEUniqueGisRampTo,MannerofCollisionCode,LocationFirstEventCode,TotalLanes,RoadwayCharacterCode,RoadwaySurfaceCode,RoadwayConditionCode,WeatherCode,LightConditionCode,LandUseCode,SchoolBusRelatedCode,FirstAidSceneIndicator,CollDescPresentInd,InvestigationCompleteIndicator,PhotosTakenIndicator,TimeNotified,TimeArrived,TimeRoadwayOpened,PropertyDamageIndicator,DiagramPresentIndicator,DirectionalAnalysis,FunctionClassCode,NationalHwySysCode,EnforcementsIndicator,KARSCityCode,SecondaryCollisionIndicator,MedianCrossoverIndicator,RT_UNIQUE,MapIt,TimeLastLeft,YR,KABCO,MFNY,WorkingRID,RT_CONFIDENCE,KTC_RT,KTC_MP,Motorcyclist,Commercial Vehicle,Young Driver,Mature Driver,Pedestrian,Bicyclist,Distracted,Aggressive,Impaired,Unrestrained,Intersection,Roadway Departure,Median Cross-over,City Crash
725,72403417,980100,2.02E+11,20190905,941,,BYPASS,S,RD,KY1426,KY1426,,,,Y,N,NULL,NULL,NULL,N,NULL,NULL,NULL,NULL,NULL,NULL,5.688,NULL,NULL,NULL,NULL,,NULL,0,0,1,1,N,Y,,NULL,98,9801,NULL,,Y,37.47274,-82.52289,N,NULL,NULL,NULL,NULL,NULL,NULL,NULL,NULL,9,97,1,3,1,1,2,2,1,3,N,NULL,Y,N,942,947,,Y,NULL,90,,0,N,,N,N,,NULL,NULL,2019,O,7.24E+11,098-KY-1426  -000,HIGH,098-KY-1426  -000,5.688,0,0,0,0,0,0,0,0,0,0,0,1,0,1
726,72354952,980100,2.02E+11,20190515,1219,,NORTHGATE,,DR,,,,,,Y,N,NULL,NULL,NULL,N,NULL,NULL,NULL,NULL,NULL,NULL,0.03,NULL,NULL,NULL,NULL,,NULL,0,0,1,1,N,N,15,NULL,98,9801,NULL,,Y,37.48657,-82.50939,N,NULL,NULL,NULL,NULL,NULL,NULL,NULL,NULL,9,97,1,6,1,1,2,2,1,3,N,NULL,Y,N,1219,1224,1224,N,NULL,90,,,N,,N,N,,NULL,NULL,2019,O,7.24E+11,098-CS-1021  -000,HIGH,098-CS-1021  -000,0.03,0,0,0,0,0,0,1,0,0,0,0,1,0,1
727,72317785,980100,2.02E+11,20190201,1132,,BYPASS,S,RD,KY1426,KY1426,,,,Y,N,NULL,NULL,NULL,N,NULL,NULL,NULL,NULL,NULL,NULL,5.689,NULL,NULL,NULL,NULL,,NULL,0,0,2,2,Y,N,10,NULL,98,9801,NULL,,Y,37.4728,-82.52288,N,NULL,NULL,NULL,NULL,NULL,NULL,NULL,NULL,7,97,1,1,2,1,2,2,1,3,N,NULL,N,N,1132,1141,1141,N,NULL,90,,0,N,,N,N,,NULL,NULL,2019,O,7.23E+11,098-KY-1426  -000,HIGH,098-KY-1426  -000,5.689,0,0,0,0,0,0,0,0,0,0,0,0,0,1
728,72337974,980100,2.02E+11,20190405,653,,US23 TURN LANE,,,US0023,US0023,0,098 US-23-21,US0023,N,N,NULL,NULL,NULL,N,NULL,NULL,NULL,NULL,NULL,NULL,0.032,NULL,NULL,NULL,NULL,,NULL,0,0,1,1,N,N,55,NULL,98,9801,NULL,,Y,37.50337,-82.53233,N,NULL,NULL,NULL,NULL,NULL,NULL,NULL,NULL,9,3,4,6,1,5,3,1,1,3,N,NULL,Y,N,653,659,,N,NULL,40,,1,N,,N,N,098-US-0023-21,NULL,NULL,2019,O,7.23E+11,098-US-0023  -021,HIGH,098-US-0023  -021,0.032,0,0,0,0,0,0,0,0,0,0,0,1,0,1
729,72334980,980500,2019AR022,20190329,2302,,MAIN,,ST,,,0,098 CS-3000,CS3000,N,N,NULL,NULL,NULL,N,NULL,NULL,NULL,NULL,NULL,NULL,0.333,NULL,NULL,NULL,NULL,,NULL,0,0,1,1,N,N,25,NULL,98,9807,NULL,,Y,37.51793,-82.56582,N,NULL,NULL,NULL,NULL,NULL,NULL,NULL,NULL,9,4,2,6,1,1,3,4,1,3,N,NULL,Y,N,730,730,730,Y,NULL,40,,,N,,N,N,098-CS-3000-0,NULL,NULL,2019,O,7.23E+11,098-CS-3000  -000,HIGH,098-CS-3000  -000,0.333,0,0,0,0,0,0,0,0,0,0,0,1,0,0
730,72320680,980100,2.02E+11,20190220,1503,,BAIRDE AVE TURN LANE,,,,,,,,N,N,NULL,NULL,NULL,N,NULL,NULL,NULL,NULL,NULL,NULL,,NULL,NULL,NULL,NULL,,NULL,0,0,2,2,N,N,35,NULL,98,9801,NULL,,Y,37.47393,-82.52711,N,NULL,NULL,NULL,NULL,NULL,NULL,NULL,NULL,5,3,2,3,1,5,6,2,6,3,N,NULL,Y,N,1503,1506,,N,NULL,70,,,N,,N,N,,NULL,NULL,2019,O,7.23E+11,098-KY-1426  -026,MEDIUM,098-KY-1426  -026,0.022,0,0,0,0,0,0,1,0,0,0,0,0,0,1
731,72392095,980100,2.02E+11,20190812,0,,CASSIDY,,BLVD,,,,,,Y,N,NULL,NULL,NULL,N,NULL,NULL,NULL,NULL,NULL,NULL,0.303,NULL,NULL,NULL,NULL,,NULL,0,0,2,2,N,N,15,NULL,98,9801,NULL,,Y,37.50616,-82.53732,N,NULL,NULL,NULL,NULL,NULL,NULL,NULL,NULL,2,97,,6,1,1,2,2,1,3,N,NULL,Y,N,1046,1056,,N,NULL,90,,,N,,N,N,,NULL,NULL,2019,O,7.24E+11,098-CS-1191  -000,MEDIUM,098-CS-1191  -000,0.303,0,0,0,0,0,0,1,0,0,0,0,0,0,1
732,72357022,980100,2.02E+11,20190422,1658,,THOMPSON,,RD,,,0,098 CS-1215,CS1215,Y,N,NULL,NULL,NULL,N,NULL,NULL,NULL,NULL,NULL,NULL,0.507,NULL,NULL,NULL,NULL,,NULL,0,0,2,2,N,N,,NULL,98,9801,NULL,,Y,37.50604,-82.54354,N,NULL,NULL,NULL,NULL,NULL,NULL,NULL,NULL,2,97,1,6,1,1,2,2,1,3,N,NULL,Y,N,1700,1712,,N,NULL,90,,,N,,N,N,098-CS-1215-0,NULL,NULL,2019,O,7.24E+11,098-CS-1215  -000,HIGH,098-CS-1215  -000,0.507,0,0,0,0,0,0,1,0,0,0,0,0,0,1
733,72373070,980100,2.02E+11,20190623,1811,,CEDAR HILLS,,RD,KY1426,KY1426,0,098 KY-1426,KY1426,N,N,NULL,NULL,NULL,N,NULL,NULL,NULL,NULL,NULL,NULL,4.545,NULL,NULL,NULL,NULL,,NULL,0,0,1,1,N,N,35,NULL,98,9801,NULL,,Y,37.46201,-82.52869,N,NULL,NULL,NULL,NULL,NULL,NULL,NULL,NULL,9,97,2,3,1,1,2,2,7,3,Y,NULL,Y,N,1811,1814,1915,N,NULL,44,,0,Y,,N,N,098-KY-1426-0,NULL,NULL,2019,O,7.24E+11,098-KY-1426  -000,HIGH,098-KY-1426  -000,4.545,0,0,0,0,0,0,0,0,1,1,0,1,0,1
734,72466644,980100,2.02E+12,20200121,2006,,KY1469,,,KY1469,KY1469,0,098 KY-1469,KY1469,N,N,NULL,NULL,NULL,N,NULL,NULL,NULL,NULL,NULL,NULL,13.661,NULL,NULL,NULL,NULL,,NULL,0,0,1,1,N,N,45,NULL,98,9801,NULL,,Y,37.35812,-82.56242,N,NULL,NULL,NULL,NULL,NULL,NULL,NULL,NULL,9,3,2,6,1,1,3,2,7,3,N,NULL,N,N,2006,2008,,N,NULL,41,7,0,N,,N,N,098-KY-1469-0,NULL,NULL,2020,O,7.25E+11,098-KY-1469  -000,HIGH,098-KY-1469  -000,13.661,0,0,0,0,0,0,0,0,0,0,0,1,0,0
735,72443862,980000,19-11-005,20191123,1720,,US119,,,US0119,US0119,0,098 US-119-10,US0119,N,N,NULL,NULL,NULL,N,NULL,NULL,NULL,NULL,NULL,NULL,21.787,NULL,NULL,NULL,NULL,,NULL,1,0,1,1,N,N,55,NULL,98,9836,NULL,,Y,37.63054,-82.26101,N,NULL,NULL,NULL,NULL,NULL,NULL,NULL,NULL,9,3,4,3,1,5,6,3,6,3,N,NULL,N,Y,1720,1720,1720,N,NULL,44,2,1,N,,N,N,098-US-0119-10,NULL,NULL,2019,C,7.24E+11,098-US-0119  -010,HIGH,098-US-0119  -000,21.787,0,0,0,0,0,0,0,1,0,0,0,1,0,0
736,72318914,980200,ELK4118-1-19,20190212,2230,,US460,,,US0460,US0460,0,098 US-460,US0460,N,N,NULL,NULL,NULL,N,NULL,NULL,NULL,NULL,NULL,NULL,8.005,NULL,NULL,NULL,NULL,,NULL,0,0,2,2,N,N,55,NULL,98,9802,NULL,,Y,37.37871,-82.43362,N,NULL,NULL,NULL,NULL,NULL,NULL,NULL,NULL,5,3,2,6,1,5,3,6,6,3,N,NULL,Y,Y,2230,2245,2315,N,NULL,49,,1,Y,,N,N,098-US-0460-0,NULL,NULL,2019,O,7.23E+11,098-US-0460  -000,HIGH,098-US-0460  -000,8.005,0,0,1,0,0,0,0,0,0,0,0,0,0,0
737,72300934,980100,2.02E+11,20190107,1856,,CASSIDY,,BLVD,,,,,,Y,N,NULL,NULL,NULL,N,NULL,NULL,NULL,NULL,NULL,NULL,0.341,NULL,NULL,NULL,NULL,,NULL,0,0,2,2,N,N,15,NULL,98,9801,NULL,,Y,37.50568,-82.53812,N,NULL,NULL,NULL,NULL,NULL,NULL,NULL,NULL,1,97,,6,1,1,2,5,1,3,N,NULL,Y,N,1856,1858,,N,NULL,90,,,N,,N,N,,NULL,NULL,2019,O,7.23E+11,098-CS-1191  -000,MEDIUM,098-CS-1191  -000,0.341,0,0,0,0,0,0,0,1,0,0,0,0,0,1
738,72421372,980100,2.02E+11,20191016,810,,US119,,,,,,,,N,N,NULL,NULL,NULL,N,NULL,NULL,NULL,NULL,NULL,NULL,,NULL,NULL,NULL,NULL,NULL,NULL,0,0,2,2,N,N,55,NULL,98,9801,NULL,,Y,37.50385,-82.53178,N,NULL,NULL,NULL,NULL,NULL,NULL,NULL,NULL,5,3,4,6,1,5,6,1,1,3,N,NULL,Y,N,805,811,,N,NULL,70,,,N,,N,N,,NULL,NULL,2019,O,7.24E+11,098-US-0119  -010,MEDIUM,098-US-0119  -000,0.014,0,0,0,0,0,0,1,0,0,0,0,0,0,1
739,72414942,980100,2.02E+11,20190928,920,,US23,,,US0023,US0023,,,,N,N,NULL,NULL,NULL,N,NULL,NULL,NULL,NULL,NULL,NULL,21.483,NULL,NULL,NULL,NULL,,NULL,0,0,2,2,N,N,55,NULL,98,9801,NULL,,Y,37.45161,-82.52359,N,NULL,NULL,NULL,NULL,NULL,NULL,NULL,NULL,5,3,4,6,1,1,2,2,7,3,Y,NULL,Y,N,920,924,1001,N,NULL,49,,1,Y,,N,N,,NULL,NULL,2019,O,7.24E+11,098-US-0023  -010,MEDIUM,098-US-0023  -000,21.483,0,0,0,0,0,0,1,0,0,1,0,0,0,1
740,72326132,980500,2019AR017,20190306,2020,,VILLAGE,,ST,,,0,098 CS-3002,CS3002,N,N,NULL,NULL,NULL,N,NULL,NULL,NULL,NULL,NULL,NULL,,NULL,NULL,NULL,NULL,NULL,NULL,0,0,2,2,Y,N,15,NULL,98,9807,NULL,,Y,37.51585,-82.56371,N,NULL,NULL,NULL,NULL,NULL,NULL,NULL,NULL,2,6,2,6,1,5,3,7,6,3,N,NULL,Y,Y,2020,2022,2040,N,NULL,47,,,N,,N,N,098-CS-3002-0,NULL,NULL,2019,O,7.23E+11,098-CS-3002  -000,HIGH,098-CS-3002  -000,0.045,0,0,0,0,0,0,0,0,0,0,0,0,0,0
741,72399288,980100,2.02E+11,20190825,2127,,KY3496,,,KY3496,KY3496,,,,Y,N,NULL,NULL,NULL,N,NULL,NULL,NULL,NULL,NULL,NULL,0.124,NULL,NULL,NULL,NULL,,NULL,0,0,2,2,N,N,,NULL,98,9801,NULL,,Y,37.4661,-82.52991,N,NULL,NULL,NULL,NULL,NULL,NULL,NULL,NULL,5,97,1,6,1,1,2,5,1,3,N,NULL,Y,N,2127,2128,2128,N,NULL,90,16,0,Y,,N,N,,NULL,NULL,2019,O,7.24E+11,098-KY-3496  -000,HIGH,098-KY-3496  -000,0.124,0,0,0,0,0,0,1,0,1,0,0,0,0,1
742,72408784,370200,2019-35175,20190909,1543,,US460,,,US0460,US0460,0,098 US-460,US0460,N,N,NULL,NULL,NULL,N,NULL,NULL,NULL,NULL,NULL,NULL,14.373,NULL,NULL,NULL,NULL,,NULL,2,0,2,2,N,N,55,NULL,98,9802,NULL,,Y,37.34211,-82.37447,N,NULL,NULL,NULL,NULL,NULL,NULL,NULL,NULL,1,3,2,1,1,1,3,2,7,3,Y,NULL,Y,Y,1545,1612,1700,N,NULL,55,,1,N,,N,N,098-US-0460-0,NULL,NULL,2019,C,7.24E+11,098-US-0460  -000,HIGH,098-US-0460  -000,14.373,0,0,0,0,0,0,1,0,0,0,0,0,0,0
743,72409880,980500,2019AR061,20190920,1724,,N MAYO TRAIL,,,,,,,,Y,N,NULL,NULL,NULL,N,NULL,NULL,NULL,NULL,NULL,NULL,,NULL,NULL,NULL,NULL,NULL,NULL,0,0,2,2,N,N,15,NULL,98,9807,NULL,,Y,37.51999,-82.56882,N,NULL,NULL,NULL,NULL,NULL,NULL,NULL,NULL,3,97,2,6,1,1,2,2,1,3,N,NULL,Y,Y,1729,1735,1735,N,NULL,90,,,N,,N,N,,NULL,NULL,2019,O,7.24E+11,098-US-0023  -010,MEDIUM,098-US-0023  -000,28.685,0,0,0,0,0,0,1,0,0,0,0,0,0,0
744,72358292,370200,2019-17857,20190517,1514,,REGINA-BELCHER,,HWY,US0460,US0460,0,098 US-460,US0460,N,N,NULL,NULL,NULL,N,NULL,NULL,NULL,NULL,NULL,NULL,8.603,NULL,NULL,NULL,NULL,,NULL,0,0,1,1,N,N,45,NULL,98,9832,NULL,,Y,37.37247,-82.4262,N,NULL,NULL,NULL,NULL,NULL,NULL,NULL,NULL,9,5,2,3,1,1,2,2,7,3,N,NULL,Y,N,300,315,423,N,NULL,44,,1,N,,N,N,098-US-0460-0,NULL,NULL,2019,O,7.24E+11,098-US-0460  -000,HIGH,098-US-0460  -000,8.603,0,1,0,0,0,0,1,0,0,0,0,1,0,0
745,72308343,KSP0900,2019-02839,20190126,2356,,,,,US0119,US0119,,,,N,N,NULL,NULL,NULL,N,NULL,NULL,NULL,NULL,NULL,NULL,0.011,NULL,NULL,NULL,NULL,,NULL,4,0,1,1,N,N,55,NULL,98,9801,NULL,,Y,37.56048,-82.42198,N,NULL,NULL,NULL,NULL,NULL,NULL,NULL,NULL,9,3,5,1,1,1,2,5,7,3,Y,NULL,Y,Y,2356,5,125,N,NULL,44,2,1,N,,N,N,,NULL,NULL,2019,A,7.23E+11,098-US-0119  -211,MEDIUM,098-US-0119  -211,0.011,0,0,1,0,0,0,0,0,1,1,0,1,0,0
746,72345921,980100,2.02E+11,20190423,1726,,US23,,,US0023,US0023,,,,N,N,NULL,NULL,NULL,N,NULL,NULL,NULL,NULL,NULL,NULL,32.006,NULL,NULL,NULL,NULL,,NULL,1,0,2,2,N,N,55,NULL,98,9801,NULL,,Y,37.5376,-82.60894,N,NULL,NULL,NULL,NULL,NULL,NULL,NULL,NULL,1,3,4,6,1,1,2,2,1,3,N,NULL,Y,Y,1726,1737,,N,NULL,55,,1,N,,N,N,,NULL,NULL,2019,C,7.23E+11,098-US-0023  -000,MEDIUM,098-US-0023  -000,32.006,1,0,0,0,0,0,1,1,0,0,0,0,0,1
747,72324939,KSP0900,19-7516,20190307,2248,,KY611,,,KY0611,KY0611,0,098 KY-611,KY0611,N,N,NULL,NULL,NULL,N,NULL,NULL,NULL,NULL,NULL,NULL,4.005,NULL,NULL,NULL,NULL,,NULL,0,0,1,1,N,N,25,NULL,98,9801,NULL,,Y,37.31761,-82.51607,N,NULL,NULL,NULL,NULL,NULL,NULL,NULL,NULL,9,4,1,2,1,5,9,6,7,3,N,NULL,Y,N,2248,2313,2313,N,NULL,51,8,0,Y,,N,N,098-KY-0611-0,NULL,NULL,2019,O,7.23E+11,098-KY-0611  -000,HIGH,098-KY-0611  -000,4.005,0,0,0,0,0,0,0,0,1,0,0,1,0,0
748,72387448,KSP0900,2019-28426,20190725,2146,,US460,,,US0460,US0460,0,098 US-460,US0460,N,N,NULL,NULL,NULL,N,NULL,NULL,NULL,NULL,NULL,NULL,12.287,NULL,NULL,NULL,NULL,,NULL,1,1,2,2,N,N,55,NULL,98,9802,NULL,,Y,37.34657,-82.39362,N,NULL,NULL,NULL,NULL,NULL,NULL,NULL,NULL,2,2,2,6,1,1,2,6,7,3,Y,NULL,Y,Y,2151,2157,1205,N,NULL,56,,1,N,,N,N,098-US-0460-0,NULL,NULL,2019,K,7.24E+11,098-US-0460  -000,HIGH,098-US-0460  -000,12.287,0,0,0,0,0,0,0,0,0,0,0,0,0,0
749,72394258,980100,2.02E+11,20190815,2058,,CASSIDY,,BLVD,,,0,098 CS-1191,CS1191,N,N,NULL,NULL,NULL,N,NULL,NULL,NULL,NULL,NULL,NULL,0.031,NULL,NULL,NULL,NULL,,NULL,0,0,2,2,N,N,25,NULL,98,9801,NULL,,Y,37.5037,-82.53275,N,NULL,NULL,NULL,NULL,NULL,NULL,NULL,NULL,1,3,2,6,1,1,2,5,7,3,N,NULL,Y,N,2059,2100,2100,N,NULL,55,,,N,,N,N,098-CS-1191-0,NULL,NULL,2019,O,7.24E+11,098-CS-1191  -000,HIGH,098-CS-1191  -000,0.031,0,0,0,1,0,0,0,0,0,0,0,0,0,1
750,72316414,980100,2.02E+11,20190215,1217,,CASSIDY,,BLVD,,,0,098 CS-1191,CS1191,N,N,NULL,NULL,NULL,N,NULL,NULL,NULL,NULL,NULL,NULL,0.164,NULL,NULL,NULL,NULL,,NULL,0,0,2,2,N,N,25,NULL,98,9801,NULL,,Y,37.50371,-82.53471,N,NULL,NULL,NULL,NULL,NULL,NULL,NULL,NULL,1,3,2,3,1,1,2,2,1,3,N,NULL,Y,N,1217,1218,1243,N,NULL,55,,,N,,N,N,098-CS-1191-0,NULL,NULL,2019,O,7.23E+11,098-CS-1191  -000,HIGH,098-CS-1191  -000,0.164,0,0,0,1,0,0,0,1,0,0,0,0,0,1
751,72417831,370200,2019-39494,20191007,941,,KY122,,,KY0122,KY0122,0,098 KY-122,KY0122,N,N,NULL,NULL,NULL,N,NULL,NULL,NULL,NULL,NULL,NULL,4.173,NULL,NULL,NULL,NULL,,NULL,0,0,1,1,N,N,45,NULL,98,9827,NULL,,Y,37.34349,-82.60625,N,NULL,NULL,NULL,NULL,NULL,NULL,NULL,NULL,9,3,2,3,1,5,6,2,7,3,N,NULL,N,N,1008,1012,1012,N,NULL,40,,0,N,,N,N,098-KY-0122-0,NULL,NULL,2019,O,7.24E+11,098-KY-0122  -000,HIGH,098-KY-0122  -000,4.173,0,0,0,0,0,0,0,0,0,0,0,1,0,0
752,72353961,980100,2.02E+11,20190506,1552,,CASSIDY,,BLVD,,,,,,N,N,NULL,NULL,NULL,N,NULL,NULL,NULL,NULL,NULL,NULL,0.033,NULL,NULL,NULL,NULL,,NULL,0,0,2,2,N,N,55,NULL,98,9801,NULL,,Y,37.50371,-82.53271,N,NULL,NULL,NULL,NULL,NULL,NULL,NULL,NULL,1,3,1,6,1,1,2,2,7,3,N,NULL,Y,N,1552,1601,1601,N,NULL,55,,,N,,N,N,,NULL,NULL,2019,O,7.24E+11,098-CS-1191  -000,MEDIUM,098-CS-1191  -000,0.033,0,0,1,0,0,0,0,1,0,0,0,0,0,1
753,72681712,KSP0900,21-420413,20211011,2038,,KY199,,,KY0199,KY0199,0,098 KY-199,KY0199,N,N,NULL,NULL,NULL,N,NULL,NULL,NULL,NULL,NULL,NULL,9.809,NULL,NULL,NULL,NULL,,NULL,0,0,1,1,N,N,35,NULL,98,9851,NULL,,Y,37.58095,-82.27013,N,NULL,NULL,NULL,NULL,NULL,NULL,NULL,NULL,9,5,2,3,1,1,2,4,7,3,N,NULL,N,N,2038,2115,2115,N,NULL,40,7,0,N,,N,N,098-KY-0199-0,NULL,NULL,2021,O,7.27E+11,098-KY-0199  -000,HIGH,098-KY-0199  -000,9.809,0,0,0,1,0,0,1,0,0,0,0,1,0,0
754,72446381,980100,2.02E+11,20191204,1645,,DIVISION,,ST,,,0,098 CS-1130,CS1130,N,N,NULL,NULL,NULL,N,NULL,NULL,NULL,NULL,NULL,NULL,0.176,NULL,NULL,NULL,NULL,,NULL,0,0,2,2,N,N,15,NULL,98,9801,NULL,,Y,37.47895,-82.51652,N,NULL,NULL,NULL,NULL,NULL,NULL,NULL,NULL,2,97,1,6,2,1,2,2,5,3,N,NULL,Y,N,1645,1648,1648,N,NULL,47,,,N,,N,N,098-CS-1130-0,NULL,NULL,2019,O,7.24E+11,098-CS-1130  -000,HIGH,098-CS-1130  -000,0.176,0,0,0,0,0,0,1,0,0,0,0,0,0,1
755,72425288,980100,2.02E+11,20191018,1947,,KY1426,,,KY1426,KY1426,0,098 KY-1426,KY1426,N,N,NULL,NULL,NULL,N,NULL,NULL,NULL,NULL,NULL,NULL,,NULL,NULL,NULL,NULL,NULL,NULL,0,0,2,2,N,N,55,NULL,98,9801,NULL,,Y,37.47379,-82.52819,N,NULL,NULL,NULL,NULL,NULL,NULL,NULL,NULL,8,3,2,3,1,1,2,5,1,3,N,NULL,Y,N,1947,1950,,N,NULL,53,8,0,Y,,N,N,098-KY-1426-0,NULL,NULL,2019,O,7.24E+11,098-KY-1426  -000,HIGH,098-KY-1426  -000,5.303,0,0,0,0,0,0,0,0,1,0,0,1,0,1
756,72325662,980100,2.02E+11,20190311,1251,,NORTHGATE,,DR,,,0,098 CS-1021,CS1021,Y,N,NULL,NULL,NULL,N,NULL,NULL,NULL,NULL,NULL,NULL,0.144,NULL,NULL,NULL,NULL,,NULL,0,0,2,2,N,N,,NULL,98,9801,NULL,,Y,37.48805,-82.51024,N,NULL,NULL,NULL,NULL,NULL,NULL,NULL,NULL,8,97,,6,1,1,3,2,5,3,N,NULL,Y,N,1252,1257,1257,N,NULL,90,,,N,,N,N,098-CS-1021-0,NULL,NULL,2019,O,7.23E+11,098-CS-1021  -000,HIGH,098-CS-1021  -000,0.144,0,0,0,0,0,0,1,0,0,0,0,0,0,1
757,72445501,980200,980200,20191127,1138,,KY80,,,KY0080,KY0080,0,098 KY-80,KY0080,N,N,NULL,NULL,NULL,N,NULL,NULL,NULL,NULL,NULL,NULL,2.809,NULL,NULL,NULL,NULL,,NULL,0,0,2,2,N,N,5,NULL,98,9802,NULL,,Y,37.30727,-82.35315,N,NULL,NULL,NULL,NULL,NULL,NULL,NULL,NULL,2,7,2,6,1,1,2,2,1,3,N,NULL,Y,N,1130,1135,1135,N,NULL,56,7,0,N,,N,N,098-KY-0080-0,NULL,NULL,2019,O,7.24E+11,098-KY-0080  -000,HIGH,098-KY-0080  -000,2.809,0,0,1,0,0,0,1,0,0,0,0,0,0,0
758,72419159,980100,2.02E+11,20191008,810,,KY3496,,,KY3496,KY3496,0,098 KY-3496,KY3496,N,N,NULL,NULL,NULL,N,NULL,NULL,NULL,NULL,NULL,NULL,0.089,NULL,NULL,NULL,NULL,,NULL,0,0,2,2,N,N,35,NULL,98,9801,NULL,,Y,37.46592,-82.52934,N,NULL,NULL,NULL,NULL,NULL,NULL,NULL,NULL,1,3,2,6,1,5,6,2,1,3,N,NULL,N,N,811,815,843,N,NULL,55,16,0,N,,N,N,098-KY-3496-0,NULL,NULL,2019,O,7.24E+11,098-KY-3496  -000,HIGH,098-KY-3496  -000,0.089,0,0,0,0,0,0,1,0,0,0,0,0,0,1
759,72369962,980100,2.02E+11,20190621,1912,,WILLIAMS HOLLOW,,RD,,,0,098 CS-1085,CS1085,N,N,NULL,NULL,NULL,N,NULL,NULL,NULL,NULL,NULL,NULL,0.269,NULL,NULL,NULL,NULL,,NULL,0,0,1,1,N,N,15,NULL,98,9801,NULL,,Y,37.49183,-82.48956,N,NULL,NULL,NULL,NULL,NULL,NULL,NULL,NULL,9,3,1,3,1,1,2,2,6,3,N,NULL,Y,N,1913,1914,2013,N,NULL,40,,,Y,,N,N,098-CS-1085-0,NULL,NULL,2019,O,7.24E+11,098-CS-1085  -000,HIGH,098-CS-1085  -000,0.269,0,0,0,0,0,0,0,0,1,1,0,1,0,1
760,72353424,980000,19-04-002,20190412,2100,,COWPEN,,RD,KY2061,KY2061,0,098 KY-2061,KY2061,Y,N,NULL,NULL,NULL,N,NULL,NULL,NULL,NULL,NULL,NULL,0.037,NULL,NULL,NULL,NULL,,NULL,0,0,2,2,N,N,10,NULL,98,9807,NULL,,Y,37.52995,-82.57516,N,NULL,NULL,NULL,NULL,NULL,NULL,NULL,NULL,2,97,2,6,1,1,2,5,1,3,N,NULL,Y,Y,2240,2240,,N,NULL,90,,0,N,,N,N,098-KY-2061-0,NULL,NULL,2019,O,7.24E+11,098-KY-2061  -000,HIGH,098-KY-2061  -000,0.037,0,0,0,0,0,0,1,0,0,0,0,0,0,0
761,72363734,980100,2.02E+11,20190528,1832,,4TH,,ST,,,0,098 CS-1133,CS1133,Y,N,NULL,NULL,NULL,N,NULL,NULL,NULL,NULL,NULL,NULL,0.133,NULL,NULL,NULL,NULL,,NULL,0,0,2,2,Y,N,,NULL,98,9801,NULL,,Y,37.48423,-82.51794,N,NULL,NULL,NULL,NULL,NULL,NULL,NULL,NULL,8,97,,6,1,1,2,2,5,3,N,NULL,Y,N,1832,1837,1832,N,NULL,90,,,N,,N,N,098-CS-1133-0,NULL,NULL,2019,O,7.24E+11,098-CS-1133  -000,HIGH,098-CS-1133  -000,0.133,0,0,0,0,0,0,0,0,0,0,0,0,0,1
762,72336759,980100,2.02E+11,20190406,2142,,CYPRESS,,ALY,,,0,098 CS-1014,CS1014,Y,N,NULL,NULL,NULL,N,NULL,NULL,NULL,NULL,NULL,NULL,0.032,NULL,NULL,NULL,NULL,,NULL,0,0,2,2,N,N,,NULL,98,9801,NULL,,Y,37.45257,-82.52346,N,NULL,NULL,NULL,NULL,NULL,NULL,NULL,NULL,2,97,1,6,1,1,2,5,1,3,N,NULL,Y,N,2142,2156,2156,N,NULL,90,,,N,,N,N,098-CS-1014-0,NULL,NULL,2019,O,7.23E+11,098-CS-1014  -000,HIGH,098-CS-1014  -000,0.032,0,0,0,0,0,0,0,0,0,0,0,1,0,0