OBJECTID,MasterFile,AgencyORINumber,LocalCode,CollisionDate,CollisionTime,CollisionDayWeekCode,RoadwayName,RoadwayName_Direction_,RoadwayName_RoadwaySuffix_,RoadwayfromReport,CurrentRoadwayNumber,RoadwayNumberCoupletID,RSEUniqueGIS,RoadwayIdentifier,ParkingLotIndicator,IntersectionWith_Indicator_,IntersectionWith_NameRoadway_,IntersectionWith_Direction_,IntersectionWith_RoadwaySuffix_,BetweenStreets_Indicator_,BetweenStreets1_NameRoadway_,BetweenStreet1_Direction_,BetweenStreets1_RoadwaySuffix_,BetweenStreets2_NameRoadway_,BetweenStreets2_Direction_,BetweenStreets2_RoadwaySuffix_,Milepoint,ReportMilepointDeriveNumber,CurrentDerivedMiepointNumber,MilestoMilepoint,FeettoMilepoint,DirectionfromMilepoint_NSEW_,ValidMilepointIndicator,NumberInjured,NumberKilled,ofUnits,ofMotorVehicleUnits,Hit&RunIndicator,OneWayIndicator,SpeedLimitNumber,KilometersIndicator,CountyCode,CityCountyCode,MilesFromCity,DirectionFromCity_NSEW_,InCityLimitsIndicator,Latitude,Longitude,RampIndicator,RampFromIdentifier,RampFromDirCode,RampFromCoupletID,RSEUniqueGISRampFrom,RampToidentifier,RampToDirCode,RampToCoupletID,RSEUniqueGisRampTo,MannerofCollisionCode,LocationFirstEventCode,TotalLanes,RoadwayCharacterCode,RoadwaySurfaceCode,RoadwayConditionCode,WeatherCode,LightConditionCode,LandUseCode,SchoolBusRelatedCode,FirstAidSceneIndicator,CollDescPresentInd,InvestigationCompleteIndicator,PhotosTakenIndicator,TimeNotified,TimeArrived,TimeRoadwayOpened,PropertyDamageIndicator,DiagramPresentIndicator,DirectionalAnalysis,FunctionClassCode,NationalHwySysCode,EnforcementsIndicator,KARSCityCode,SecondaryCollisionIndicator,MedianCrossoverIndicator,RT_UNIQUE,MapIt,TimeLastLeft,YR,KABCO,MFNY,WorkingRID,RT_CONFIDENCE,KTC_RT,KTC_MP,Motorcyclist,Commercial Vehicle,Young Driver,Mature Driver,Pedestrian,Bicyclist,Distracted,Aggressive,Impaired,Unrestrained,Intersection,Roadway Departure,Median Cross-over,City Crash
763,72348215,980100,2.02E+11,20190503,1139,,KY1426,,,KY1426,KY1426,,,,N,N,NULL,NULL,NULL,N,NULL,NULL,NULL,NULL,NULL,NULL,8.521,NULL,NULL,NULL,NULL,,NULL,1,0,1,1,N,N,45,NULL,98,9801,NULL,,Y,37.49869,-82.49068,N,NULL,NULL,NULL,NULL,NULL,NULL,NULL,NULL,9,4,3,4,1,1,2,2,7,3,Y,NULL,Y,Y,1140,1142,,N,NULL,44,,0,Y,,N,N,,NULL,NULL,2019,B,7.23E+11,098-KY-1426  -000,MEDIUM,098-KY-1426  -000,8.521,0,0,0,0,0,0,1,0,0,1,0,1,0,1
764,72333100,KSP0900,19-9893,20190326,1342,,US460,,,US0460,US0460,0,098 US-460,US0460,N,N,NULL,NULL,NULL,N,NULL,NULL,NULL,NULL,NULL,NULL,2.025,NULL,NULL,NULL,NULL,,NULL,2,0,1,1,N,N,55,NULL,98,9801,2,E,N,37.43309,-82.49205,N,NULL,NULL,NULL,NULL,NULL,NULL,NULL,NULL,9,3,2,3,1,1,2,2,7,3,Y,NULL,Y,Y,1345,1354,1437,N,NULL,40,,1,N,,N,N,098-US-0460-0,NULL,NULL,2019,C,7.23E+11,098-US-0460  -000,HIGH,098-US-0460  -000,2.025,0,0,0,0,0,0,0,0,0,1,0,1,0,0
765,72340680,980100,2.02E+11,20190409,1656,,US23,,,US0023,US0023,,,,N,N,NULL,NULL,NULL,N,NULL,NULL,NULL,NULL,NULL,NULL,23.05,NULL,NULL,NULL,NULL,,NULL,0,0,3,3,N,N,55,NULL,98,9801,NULL,,Y,37.46579,-82.5279,N,NULL,NULL,NULL,NULL,NULL,NULL,NULL,NULL,5,3,3,6,1,1,2,2,1,3,N,NULL,Y,N,1656,1723,1741,N,NULL,49,,1,N,,N,N,,NULL,NULL,2019,O,7.23E+11,098-US-0023  -000,MEDIUM,098-US-0023  -000,23.05,0,0,0,0,0,0,1,0,0,0,0,0,0,1
766,72386389,KSP0900,19-27389,20190722,600,,MALL,,RD,,,0,098 CR-1037,CR1037,Y,N,NULL,NULL,NULL,N,NULL,NULL,NULL,NULL,NULL,NULL,0.427,NULL,NULL,NULL,NULL,,NULL,0,0,2,2,N,N,,NULL,98,9834,NULL,,Y,37.65648,-82.27087,N,NULL,NULL,NULL,NULL,NULL,NULL,NULL,NULL,5,97,1,6,1,1,3,5,1,3,N,NULL,Y,N,601,635,600,N,NULL,90,,,N,,N,N,098-CR-1037-0,NULL,NULL,2019,O,7.24E+11,098-CR-1037  -000,HIGH,098-CR-1037  -000,0.427,0,0,0,0,0,0,1,0,0,0,0,0,0,0
767,72379560,KSP0900,19-26022,20190709,1631,,ELWOOD,,RD,,,0,098 CR-1789,CR1789,N,N,NULL,NULL,NULL,N,NULL,NULL,NULL,NULL,NULL,NULL,0.05,NULL,NULL,NULL,NULL,,NULL,0,0,2,2,N,N,35,NULL,98,9827,NULL,,Y,37.32285,-82.57972,N,NULL,NULL,NULL,NULL,NULL,NULL,NULL,NULL,3,3,1,1,1,1,2,2,7,3,N,NULL,Y,N,1632,1647,1650,N,NULL,52,,,N,,N,N,098-CR-1789-0,NULL,NULL,2019,O,7.24E+11,098-CR-1789  -000,HIGH,098-CR-1789  -000,0.05,0,0,1,1,0,0,0,0,0,0,0,1,0,0
768,72315980,980100,2.02E+11,20190214,1240,,CASSIDY,,,,,,,,N,N,NULL,NULL,NULL,N,NULL,NULL,NULL,NULL,NULL,NULL,,NULL,NULL,NULL,NULL,NULL,NULL,0,0,2,2,N,N,15,NULL,98,9801,NULL,,Y,37.50687,-82.53928,N,NULL,NULL,NULL,NULL,NULL,NULL,NULL,NULL,2,3,1,6,2,1,3,2,1,3,N,NULL,Y,N,1240,1246,1255,N,NULL,56,,,N,,N,N,,NULL,NULL,2019,O,7.23E+11,098-CS-1191  -000,MEDIUM,098-CS-1191  -000,0.366,0,0,0,1,0,0,1,0,0,0,0,0,0,1
769,72353855,980100,2.02E+11,20190514,1806,,CASSIDY,,BLVD,,,,,,Y,N,NULL,NULL,NULL,N,NULL,NULL,NULL,NULL,NULL,NULL,0.33,NULL,NULL,NULL,NULL,,NULL,0,0,2,2,N,N,15,NULL,98,9801,NULL,,Y,37.50549,-82.53761,N,NULL,NULL,NULL,NULL,NULL,NULL,NULL,NULL,2,97,,6,1,1,2,2,1,3,N,NULL,Y,N,1806,1818,,N,NULL,90,,,N,,N,N,,NULL,NULL,2019,O,7.24E+11,098-CS-1191  -000,HIGH,098-CS-1191  -000,0.33,0,0,0,0,0,0,1,0,0,0,0,0,0,1
770,72336272,980100,2.02E+11,20190404,447,,US23,,,US0023,US0023,,,,N,N,NULL,NULL,NULL,N,NULL,NULL,NULL,NULL,NULL,NULL,22.974,NULL,NULL,NULL,NULL,,NULL,1,0,2,2,N,N,55,NULL,98,9801,NULL,,Y,37.46552,-82.52656,N,NULL,NULL,NULL,NULL,NULL,NULL,NULL,NULL,5,3,4,6,1,1,2,2,7,3,Y,NULL,Y,Y,1640,1645,1700,N,NULL,70,,1,N,,N,N,,NULL,NULL,2019,C,7.23E+11,098-US-0023  -000,MEDIUM,098-US-0023  -000,22.974,0,0,0,1,0,0,1,0,0,0,0,0,0,1
771,72367236,980100,2.02E+11,20190615,1831,,KY3496,,,KY3496,KY3496,0,098 KY-3496,KY3496,N,N,NULL,NULL,NULL,N,NULL,NULL,NULL,NULL,NULL,NULL,0.464,NULL,NULL,NULL,NULL,,NULL,0,0,2,2,N,N,35,NULL,98,9801,NULL,,Y,37.46961,-82.53385,N,NULL,NULL,NULL,NULL,NULL,NULL,NULL,NULL,5,3,2,3,1,1,2,2,7,3,N,NULL,Y,N,1832,1834,1837,N,NULL,49,16,0,N,,N,N,098-KY-3496-0,NULL,NULL,2019,O,7.24E+11,098-KY-3496  -000,HIGH,098-KY-3496  -000,0.464,0,0,1,0,0,0,0,0,0,0,0,0,0,1
772,72690832,980100,2.02E+11,20211026,2350,,CHLOE,,RD,KY1460,KY1460,0,098 KY-1460,KY1460,N,N,NULL,NULL,NULL,N,NULL,NULL,NULL,NULL,NULL,NULL,3.896,NULL,NULL,NULL,NULL,,NULL,1,0,1,1,N,N,35,NULL,98,9801,NULL,,Y,37.47702,-82.49495,N,NULL,NULL,NULL,NULL,NULL,NULL,NULL,NULL,9,6,2,6,1,1,3,6,7,3,N,NULL,Y,Y,2350,2354,57,N,NULL,44,,0,Y,,N,N,098-KY-1460-0,NULL,NULL,2021,C,7.27E+11,098-KY-1460  -000,HIGH,098-KY-1460  -000,3.896,0,0,0,0,0,0,0,0,0,0,0,1,0,1
773,72344346,KSP0900,19-13802,20190420,1226,,US23,,,US0023,US0023,0,098 US-23,US0023,N,N,NULL,NULL,NULL,N,NULL,NULL,NULL,NULL,NULL,NULL,29.475,NULL,NULL,NULL,NULL,,NULL,0,0,2,2,N,N,45,NULL,98,9807,NULL,,Y,37.52971,-82.57605,N,NULL,NULL,NULL,NULL,NULL,NULL,NULL,NULL,1,3,6,6,1,5,3,2,7,3,N,NULL,Y,N,1338,1350,,N,NULL,55,,1,N,,N,N,098-US-0023-0,NULL,NULL,2019,O,7.23E+11,098-US-0023  -000,HIGH,098-US-0023  -000,29.475,0,0,0,0,0,0,0,1,0,0,0,0,0,1
774,72394907,980100,2.02E+11,20190817,1940,,US23,,,US0023,US0023,,,,Y,N,NULL,NULL,NULL,N,NULL,NULL,NULL,NULL,NULL,NULL,22.722,NULL,NULL,NULL,NULL,,NULL,0,0,2,2,N,N,15,NULL,98,9801,NULL,,Y,37.46511,-82.52213,N,NULL,NULL,NULL,NULL,NULL,NULL,NULL,NULL,1,97,1,6,1,1,2,2,1,3,N,NULL,Y,N,1940,1945,1945,N,NULL,90,,1,N,,N,N,,NULL,NULL,2019,O,7.24E+11,098-US-0023  -000,MEDIUM,098-US-0023  -000,22.722,0,0,0,0,0,0,1,0,0,0,0,0,0,1
775,72410036,KSP0900,19-36682,20190919,804,,COWPEN,,RD,KY2061,KY2061,0,098 KY-2061,KY2061,N,N,NULL,NULL,NULL,N,NULL,NULL,NULL,NULL,NULL,NULL,0.618,NULL,NULL,NULL,NULL,,NULL,0,0,2,2,N,N,55,NULL,98,9807,NULL,,Y,37.53616,-82.56824,N,NULL,NULL,NULL,NULL,NULL,NULL,NULL,NULL,7,3,2,3,1,1,2,2,7,3,N,NULL,Y,N,804,830,830,N,NULL,54,,0,N,,N,N,098-KY-2061-0,NULL,NULL,2019,O,7.24E+11,098-KY-2061  -000,HIGH,098-KY-2061  -000,0.618,0,1,0,0,0,0,0,0,0,0,0,1,0,0
776,72316602,KSP0900,19-4626,20190212,2219,,BOWLING,,FRK,,,0,098 CR-1206Q3,CR1206Q3,N,N,NULL,NULL,NULL,N,NULL,NULL,NULL,NULL,NULL,NULL,0.84,NULL,NULL,NULL,NULL,,NULL,0,0,1,1,N,N,35,NULL,98,9802,22,SE,N,37.29959,-82.48779,N,NULL,NULL,NULL,NULL,NULL,NULL,NULL,NULL,9,3,1,3,1,5,3,6,7,3,N,NULL,Y,N,2222,2251,2251,N,NULL,44,,,Y,,N,N,098-CR-1206Q3-0,NULL,NULL,2019,O,7.23E+11,098-CR-1206Q3-000,HIGH,098-CR-1206Q3-000,0.84,0,0,0,0,0,0,0,0,1,0,0,1,0,0
777,72424518,980100,2.02E+11,20191016,2009,,US23,,,US0023,US0023,,,,N,N,NULL,NULL,NULL,N,NULL,NULL,NULL,NULL,NULL,NULL,25.718,NULL,NULL,NULL,NULL,,NULL,0,0,1,1,N,N,55,NULL,98,9801,NULL,,Y,37.49567,-82.53133,N,NULL,NULL,NULL,NULL,NULL,NULL,NULL,NULL,9,3,4,6,1,1,2,6,7,3,N,NULL,Y,N,2009,2016,2016,N,NULL,38,,1,N,,N,N,,NULL,NULL,2019,O,7.24E+11,098-US-0023  -010,MEDIUM,098-US-0023  -000,25.718,0,0,0,0,0,0,0,0,0,0,0,0,0,1
778,72410154,980100,2.02E+11,20190921,753,,HIBBARD,,ST,,,0,098 CS-1053,CS1053,Y,N,NULL,NULL,NULL,N,NULL,NULL,NULL,NULL,NULL,NULL,0.019,NULL,NULL,NULL,NULL,,NULL,0,0,2,2,N,N,,NULL,98,9801,NULL,,Y,37.47337,-82.5268,N,NULL,NULL,NULL,NULL,NULL,NULL,NULL,NULL,5,97,1,6,1,1,2,2,1,3,N,NULL,Y,N,753,803,804,N,NULL,90,,,N,,N,N,098-CS-1053-0,NULL,NULL,2019,O,7.24E+11,098-CS-1053  -000,HIGH,098-CS-1053  -000,0.019,0,0,0,0,0,0,0,0,0,0,0,0,0,1
779,72465177,980100,2.02E+11,20200117,806,,BAIRD AVENUE,,,,,,,,N,N,NULL,NULL,NULL,N,NULL,NULL,NULL,NULL,NULL,NULL,,NULL,NULL,NULL,NULL,NULL,NULL,0,0,2,2,N,N,15,NULL,98,9801,NULL,,Y,37.47322,-82.5271,N,NULL,NULL,NULL,NULL,NULL,NULL,NULL,NULL,1,3,4,6,1,1,2,2,7,3,N,NULL,Y,N,806,811,812,N,NULL,55,,,N,,N,N,,NULL,NULL,2020,O,7.25E+11,098-KY-1426  -000,MEDIUM,098-KY-1426  -000,5.398,0,0,0,1,0,0,1,0,0,0,0,0,0,1
780,72405138,KSP0900,19-35186,20190909,1652,,KY611,,,KY0611,KY0611,0,098 KY-611,KY0611,N,N,NULL,NULL,NULL,N,NULL,NULL,NULL,NULL,NULL,NULL,4.903,NULL,NULL,NULL,NULL,,NULL,0,0,2,2,N,N,55,NULL,98,9801,10,S,N,37.31781,-82.5308,N,NULL,NULL,NULL,NULL,NULL,NULL,NULL,NULL,5,3,1,4,1,1,2,2,6,3,N,NULL,Y,Y,1820,1905,,N,NULL,49,8,0,N,,N,N,098-KY-0611-0,NULL,NULL,2019,O,7.24E+11,098-KY-0611  -000,HIGH,098-KY-0611  -000,4.903,0,0,0,0,0,0,0,0,0,0,0,0,0,0
781,72739857,KSP0900,2022-89113,20220311,1211,,KY632,,,KY0632,KY0632,0,098 KY-632,KY0632,N,N,NULL,NULL,NULL,N,NULL,NULL,NULL,NULL,NULL,NULL,8.666,NULL,NULL,NULL,NULL,,NULL,1,0,1,1,N,N,55,NULL,98,9804,NULL,,Y,37.48467,-82.21822,N,NULL,NULL,NULL,NULL,NULL,NULL,NULL,NULL,9,3,2,3,1,1,3,2,7,3,Y,NULL,Y,Y,1311,1330,1400,N,NULL,40,6,0,N,,N,N,098-KY-0632-0,NULL,NULL,2022,C,7.27E+11,098-KY-0632  -000,HIGH,098-KY-0632  -000,8.666,0,0,0,1,0,0,1,0,0,0,0,1,0,0
782,72394511,KSP0900,19-31517,20190815,1733,,KY194,,,KY0194,KY0194,0,098 KY-194,KY0194,N,N,NULL,NULL,NULL,N,NULL,NULL,NULL,NULL,NULL,NULL,24.962,NULL,NULL,NULL,NULL,,NULL,1,0,1,1,N,N,55,NULL,98,9817,NULL,,Y,37.5173,-82.36209,N,NULL,NULL,NULL,NULL,NULL,NULL,NULL,NULL,9,5,2,3,1,1,2,2,7,3,N,NULL,Y,Y,1733,1758,1833,N,NULL,44,6,0,N,,N,N,098-KY-0194-0,NULL,NULL,2019,C,7.24E+11,098-KY-0194  -000,HIGH,098-KY-0194  -000,24.962,0,0,0,0,0,0,1,0,0,0,0,1,0,0
783,72419871,980100,2.02E+11,20191012,1830,,BYPASS,S,RD,KY1426,KY1426,,,,N,N,NULL,NULL,NULL,N,NULL,NULL,NULL,NULL,NULL,NULL,6.258,NULL,NULL,NULL,NULL,,NULL,0,0,2,2,N,N,35,NULL,98,9801,NULL,,Y,37.47844,-82.51556,N,NULL,NULL,NULL,NULL,NULL,NULL,NULL,NULL,8,2,3,6,1,1,2,2,1,3,N,NULL,Y,N,1830,1832,,N,NULL,53,,0,N,,N,N,,NULL,NULL,2019,O,7.24E+11,098-KY-1426  -000,HIGH,098-KY-1426  -000,6.258,0,0,0,0,0,0,1,1,0,0,0,1,0,1
784,72367898,KSP0900,19-22209,20190615,419,,KY194,,,KY0194,KY0194,0,098 KY-194,KY0194,N,N,NULL,NULL,NULL,N,NULL,NULL,NULL,NULL,NULL,NULL,55.01,NULL,NULL,NULL,NULL,,NULL,0,0,1,1,Y,N,35,NULL,98,9804,NULL,,Y,37.51249,-82.1497,N,NULL,NULL,NULL,NULL,NULL,NULL,NULL,NULL,9,5,2,6,1,1,2,1,7,3,N,NULL,Y,N,620,712,724,Y,NULL,40,8,0,N,,N,N,098-KY-0194-0,NULL,NULL,2019,O,7.24E+11,098-KY-0194  -000,HIGH,098-KY-0194  -000,55.01,0,0,0,0,0,0,0,0,0,0,0,1,0,0
785,72397988,KSP0900,19-32059,20190819,1414,,FERRELLS CREEK,,RD,US0460,US0460,0,098 US-460,US0460,N,N,NULL,NULL,NULL,N,NULL,NULL,NULL,NULL,NULL,NULL,22.595,NULL,NULL,NULL,NULL,,NULL,0,0,2,2,N,N,55,NULL,98,9839,NULL,,Y,37.38105,-82.25504,N,NULL,NULL,NULL,NULL,NULL,NULL,NULL,NULL,5,3,2,6,1,1,2,2,7,3,N,NULL,N,N,1414,1442,,N,NULL,49,,1,N,,N,N,098-US-0460-0,NULL,NULL,2019,O,7.24E+11,098-US-0460  -000,HIGH,098-US-0460  -000,22.595,0,0,0,1,0,0,1,0,0,0,0,0,0,0
786,72361092,KSP0900,19-18554,20190522,740,,US119,,,US0119,US0119,0,098 US-119,US0119,N,N,NULL,NULL,NULL,N,NULL,NULL,NULL,NULL,NULL,NULL,22.619,NULL,NULL,NULL,NULL,,NULL,0,0,2,2,N,N,55,NULL,98,9852,NULL,,Y,37.63992,-82.25898,N,NULL,NULL,NULL,NULL,NULL,NULL,NULL,NULL,5,3,2,6,1,1,3,2,7,3,N,NULL,Y,N,740,758,808,N,NULL,49,2,1,N,,N,N,098-US-0119-0,NULL,NULL,2019,O,7.24E+11,098-US-0119  -000,HIGH,098-US-0119  -000,22.619,0,0,1,0,0,0,1,0,0,0,0,0,0,0
787,72364312,KSP0900,19-19986,20190531,1515,,BRUSHY,,BR,,,0,098 CR-1998,CR1998,N,N,NULL,NULL,NULL,N,NULL,NULL,NULL,NULL,NULL,NULL,0.895,NULL,NULL,NULL,NULL,,NULL,0,0,1,1,N,N,15,NULL,98,9802,NULL,,Y,37.29338,-82.44672,N,NULL,NULL,NULL,NULL,NULL,NULL,NULL,NULL,9,3,1,4,1,5,6,2,7,3,N,NULL,Y,N,1515,1537,,N,NULL,70,,,N,,N,N,098-CR-1998-0,NULL,NULL,2019,O,7.24E+11,098-CR-1998  -000,HIGH,098-CR-1998  -000,0.895,0,0,0,0,0,0,0,0,0,0,0,1,0,0
788,72407407,980100,2.02E+11,20190910,916,,CASSIDY,,BLVD,,,,,,Y,N,NULL,NULL,NULL,N,NULL,NULL,NULL,NULL,NULL,NULL,,NULL,NULL,NULL,NULL,,NULL,1,0,2,1,N,N,15,NULL,98,9801,NULL,,Y,37.50673,-82.53961,N,NULL,NULL,NULL,NULL,NULL,NULL,NULL,NULL,9,97,2,6,1,1,2,2,1,3,Y,NULL,Y,N,916,924,931,N,NULL,90,,,N,,N,N,,NULL,NULL,2019,C,7.24E+11,098-CS-1191  -000,MEDIUM,098-CS-1191  -000,0.375,0,0,0,0,1,0,0,0,0,0,0,0,0,1
789,72855083,980000,23-01-003,20230112,1515,,TIGER WAY,,,,,,,,N,N,NULL,NULL,NULL,N,NULL,NULL,NULL,NULL,NULL,NULL,,NULL,NULL,NULL,NULL,NULL,NULL,0,0,2,2,N,N,15,NULL,98,9801,1,E,N,37.51468,-82.50207,N,NULL,NULL,NULL,NULL,NULL,NULL,NULL,NULL,5,3,2,1,1,5,6,2,8,3,N,NULL,Y,N,1515,1517,1520,N,NULL,70,,,N,,N,N,,NULL,NULL,2023,O,7.29E+11,098-US-0119  -010,MEDIUM,098-US-0119  -000,1.81,0,0,0,0,0,0,0,1,0,0,0,0,0,1
790,72301800,KSP0900,19-1308,20190111,2220,,US23,,,US0023,US0023,0,098 US-23,US0023,N,N,NULL,NULL,NULL,N,NULL,NULL,NULL,NULL,NULL,NULL,12.567,NULL,NULL,NULL,NULL,,NULL,0,0,1,1,N,N,55,NULL,98,9801,NULL,,Y,37.36906,-82.54758,N,NULL,NULL,NULL,NULL,NULL,NULL,NULL,NULL,9,4,4,3,1,5,2,6,7,3,N,NULL,Y,N,2223,2229,2229,N,NULL,51,,1,N,,N,N,098-US-0023-0,NULL,NULL,2019,O,7.23E+11,098-US-0023  -000,HIGH,098-US-0023  -000,12.567,0,0,1,0,0,0,0,1,0,0,0,1,0,0
791,72424524,KSP0900,19-41553,20191022,1350,,TOLLAGE,,CRK,,,0,098 CR-1492,CR1492,Y,N,NULL,NULL,NULL,N,NULL,NULL,NULL,NULL,NULL,NULL,0.497,NULL,NULL,NULL,NULL,,NULL,0,0,2,2,N,N,,NULL,98,9807,NULL,,Y,37.51479,-82.53269,N,NULL,NULL,NULL,NULL,NULL,NULL,NULL,NULL,1,97,,6,1,1,2,2,7,3,N,NULL,Y,N,1350,1408,1408,N,NULL,90,,,N,,N,N,098-CR-1492-0,NULL,NULL,2019,O,7.24E+11,098-CS-3029  -000,MEDIUM,098-CS-3029  -000,0.497,0,0,0,0,0,0,0,0,0,0,0,0,0,0
792,72310110,980100,2.02E+11,20190130,2220,,US23,,,US0023,US0023,,,,N,N,NULL,NULL,NULL,N,NULL,NULL,NULL,NULL,NULL,NULL,27.369,NULL,NULL,NULL,NULL,,NULL,0,0,2,2,N,N,55,NULL,98,9801,NULL,,Y,37.51078,-82.54865,N,NULL,NULL,NULL,NULL,NULL,NULL,NULL,NULL,1,3,4,6,1,1,2,6,7,3,N,NULL,Y,N,2220,2228,2308,N,NULL,55,,1,N,,N,N,,NULL,NULL,2019,O,7.23E+11,098-US-0023  -010,MEDIUM,098-US-0023  -000,27.369,0,0,1,0,0,0,1,1,0,0,0,0,0,1
793,72461101,980100,2.02E+11,20200108,1917,,MAYO,S,TRL,US0023,US0023,,,,N,N,NULL,NULL,NULL,N,NULL,NULL,NULL,NULL,NULL,NULL,20.973,NULL,NULL,NULL,NULL,,NULL,0,0,1,1,N,N,55,NULL,98,9801,NULL,,Y,37.4446,-82.52547,N,NULL,NULL,NULL,NULL,NULL,NULL,NULL,NULL,9,3,4,6,1,1,2,6,1,3,N,NULL,Y,N,1917,1935,1935,N,NULL,70,,1,N,,N,N,,NULL,NULL,2020,O,7.25E+11,098-US-0023  -010,MEDIUM,098-US-0023  -000,20.973,0,0,0,0,0,0,0,0,0,0,0,0,0,1
794,72449599,980100,2.02E+11,20191211,1751,,US23,,,US0023,US0023,,,,N,N,NULL,NULL,NULL,N,NULL,NULL,NULL,NULL,NULL,NULL,27.562,NULL,NULL,NULL,NULL,,NULL,0,0,2,2,N,N,45,NULL,98,9807,NULL,,Y,37.51159,-82.55219,N,NULL,NULL,NULL,NULL,NULL,NULL,NULL,NULL,5,3,6,6,1,5,2,6,1,3,N,NULL,Y,N,1751,1759,1833,N,NULL,49,,1,N,,N,N,,NULL,NULL,2019,O,7.24E+11,098-US-0023  -000,MEDIUM,098-US-0023  -000,27.562,0,0,0,0,0,0,1,0,0,0,0,0,0,0
795,72357946,KSP0900,19-15927,20190504,1318,,COLLINS,,HWY,KY0122,KY0122,0,098 KY-122,KY0122,N,N,NULL,NULL,NULL,N,NULL,NULL,NULL,NULL,NULL,NULL,14.464,NULL,NULL,NULL,NULL,,NULL,0,0,1,1,N,N,55,NULL,98,9801,NULL,,Y,37.41741,-82.50265,N,NULL,NULL,NULL,NULL,NULL,NULL,NULL,NULL,9,3,2,6,1,1,2,2,7,3,N,NULL,Y,Y,1318,1319,,N,NULL,44,,0,N,,N,Y,098-KY-0122-0,NULL,NULL,2019,O,7.24E+11,098-KY-0122  -000,HIGH,098-KY-0122  -000,14.464,0,0,0,1,0,0,1,0,0,0,0,1,0,0
796,72312288,980100,2.02E+11,20190205,1758,,JULIUS,,AVE,,,,,,N,N,NULL,NULL,NULL,N,NULL,NULL,NULL,NULL,NULL,NULL,0.103,NULL,NULL,NULL,NULL,,NULL,0,0,2,2,N,N,15,NULL,98,9801,NULL,,Y,37.47761,-82.52332,N,NULL,NULL,NULL,NULL,NULL,NULL,NULL,NULL,3,3,1,1,1,1,2,2,6,3,N,NULL,Y,N,1800,1818,1852,N,NULL,52,,,N,,N,N,,NULL,NULL,2019,O,7.23E+11,098-CS-1156  -000,HIGH,098-CS-1156  -000,0.103,0,0,0,0,0,0,0,0,0,0,0,1,0,1
797,72443838,980500,2019AR74,20191129,1400,,US23,,,US0023,US0023,0,098 US-23,US0023,N,N,NULL,NULL,NULL,N,NULL,NULL,NULL,NULL,NULL,NULL,29.143,NULL,NULL,NULL,NULL,,NULL,0,0,2,2,N,N,45,NULL,98,9807,NULL,,Y,37.52562,-82.57329,N,NULL,NULL,NULL,NULL,NULL,NULL,NULL,NULL,5,3,6,6,1,1,3,2,7,3,N,NULL,Y,N,1400,1402,,N,NULL,49,,1,N,,N,N,098-US-0023-0,NULL,NULL,2019,O,7.24E+11,098-US-0023  -000,HIGH,098-US-0023  -000,29.143,0,0,0,1,0,0,0,1,0,0,0,0,0,0
798,72319106,980100,2.02E+11,20190215,822,,KY1426,,,KY1426,KY1426,,,,N,N,NULL,NULL,NULL,N,NULL,NULL,NULL,NULL,NULL,NULL,6.883,NULL,NULL,NULL,NULL,,NULL,4,0,2,2,N,N,45,NULL,98,9801,NULL,,Y,37.48581,-82.50965,N,NULL,NULL,NULL,NULL,NULL,NULL,NULL,NULL,5,3,2,6,1,1,2,2,7,3,Y,NULL,N,N,822,823,851,N,NULL,49,,0,N,,N,N,,NULL,NULL,2019,C,7.23E+11,098-KY-1426  -000,HIGH,098-KY-1426  -000,6.883,0,0,0,0,0,0,1,0,0,0,0,0,0,1
799,72352066,980100,2.02E+11,20190512,1419,,CASSIDY,,BLVD,,,,,,Y,N,NULL,NULL,NULL,N,NULL,NULL,NULL,NULL,NULL,NULL,0.209,NULL,NULL,NULL,NULL,,NULL,0,0,2,2,N,N,15,NULL,98,9801,NULL,,Y,37.50411,-82.53535,N,NULL,NULL,NULL,NULL,NULL,NULL,NULL,NULL,2,97,1,6,1,1,2,2,1,3,N,NULL,Y,N,1419,1427,1427,N,NULL,90,,,N,,N,N,,NULL,NULL,2019,O,7.24E+11,098-CS-1191  -000,MEDIUM,098-CS-1191  -000,0.209,0,0,0,0,0,0,1,0,0,0,0,0,0,1
800,72423399,KSP0900,19-41061,20191018,2006,,US23,,,US0023,US0023,0,098 US-23-10,US0023,Y,N,NULL,NULL,NULL,N,NULL,NULL,NULL,NULL,NULL,NULL,29.052,NULL,NULL,NULL,NULL,,NULL,0,0,2,2,N,N,10,NULL,98,9807,NULL,,Y,37.52395,-82.57352,N,NULL,NULL,NULL,NULL,NULL,NULL,NULL,NULL,2,97,4,6,1,1,2,6,7,3,N,NULL,Y,N,2006,2050,,N,NULL,90,,1,N,,N,N,098-US-0023-10,NULL,NULL,2019,O,7.24E+11,098-US-0023  -010,HIGH,098-US-0023  -000,29.052,0,0,0,0,0,0,1,0,0,0,0,0,0,0
801,72383329,980100,2.02E+12,20190723,816,,MAYO TRAIL,S,,,,,,,Y,N,NULL,NULL,NULL,N,NULL,NULL,NULL,NULL,NULL,NULL,,NULL,NULL,NULL,NULL,NULL,NULL,0,0,1,1,Y,N,15,NULL,98,9801,NULL,,Y,37.47227,-82.52859,N,NULL,NULL,NULL,NULL,NULL,NULL,NULL,NULL,9,97,1,6,1,1,2,2,1,3,N,NULL,N,N,816,819,819,N,NULL,90,,,N,,N,N,,NULL,NULL,2019,O,7.24E+11,098-KY-3496  -000,MEDIUM,098-KY-3496  -000,0.85,0,0,0,0,0,0,1,0,0,0,0,1,0,1