OBJECTID,MasterFile,AgencyORINumber,LocalCode,CollisionDate,CollisionTime,CollisionDayWeekCode,RoadwayName,RoadwayName_Direction_,RoadwayName_RoadwaySuffix_,RoadwayfromReport,CurrentRoadwayNumber,RoadwayNumberCoupletID,RSEUniqueGIS,RoadwayIdentifier,ParkingLotIndicator,IntersectionWith_Indicator_,IntersectionWith_NameRoadway_,IntersectionWith_Direction_,IntersectionWith_RoadwaySuffix_,BetweenStreets_Indicator_,BetweenStreets1_NameRoadway_,BetweenStreet1_Direction_,BetweenStreets1_RoadwaySuffix_,BetweenStreets2_NameRoadway_,BetweenStreets2_Direction_,BetweenStreets2_RoadwaySuffix_,Milepoint,ReportMilepointDeriveNumber,CurrentDerivedMiepointNumber,MilestoMilepoint,FeettoMilepoint,DirectionfromMilepoint_NSEW_,ValidMilepointIndicator,NumberInjured,NumberKilled,ofUnits,ofMotorVehicleUnits,Hit&RunIndicator,OneWayIndicator,SpeedLimitNumber,KilometersIndicator,CountyCode,CityCountyCode,MilesFromCity,DirectionFromCity_NSEW_,InCityLimitsIndicator,Latitude,Longitude,RampIndicator,RampFromIdentifier,RampFromDirCode,RampFromCoupletID,RSEUniqueGISRampFrom,RampToidentifier,RampToDirCode,RampToCoupletID,RSEUniqueGisRampTo,MannerofCollisionCode,LocationFirstEventCode,TotalLanes,RoadwayCharacterCode,RoadwaySurfaceCode,RoadwayConditionCode,WeatherCode,LightConditionCode,LandUseCode,SchoolBusRelatedCode,FirstAidSceneIndicator,CollDescPresentInd,InvestigationCompleteIndicator,PhotosTakenIndicator,TimeNotified,TimeArrived,TimeRoadwayOpened,PropertyDamageIndicator,DiagramPresentIndicator,DirectionalAnalysis,FunctionClassCode,NationalHwySysCode,EnforcementsIndicator,KARSCityCode,SecondaryCollisionIndicator,MedianCrossoverIndicator,RT_UNIQUE,MapIt,TimeLastLeft,YR,KABCO,MFNY,WorkingRID,RT_CONFIDENCE,KTC_RT,KTC_MP,Motorcyclist,Commercial Vehicle,Young Driver,Mature Driver,Pedestrian,Bicyclist,Distracted,Aggressive,Impaired,Unrestrained,Intersection,Roadway Departure,Median Cross-over,City Crash
802,72465112,KSP0900,20-2272,20200117,1813,,US119,,,US0119,US0119,0,098 US-119,US0119,N,N,NULL,NULL,NULL,N,NULL,NULL,NULL,NULL,NULL,NULL,25.414,NULL,NULL,NULL,NULL,,NULL,1,0,2,2,N,N,55,NULL,98,9834,NULL,,Y,37.67324,-82.2813,N,NULL,NULL,NULL,NULL,NULL,NULL,NULL,NULL,1,3,2,6,1,1,2,3,7,3,N,NULL,Y,Y,1814,1833,1913,N,NULL,55,2,1,N,,N,N,098-US-0119-0,NULL,NULL,2020,C,7.25E+11,098-US-0119  -000,HIGH,098-US-0119  -000,25.414,0,0,0,1,0,0,0,1,0,0,0,0,0,0
803,72370750,980100,2.02E+11,20190622,5,,2ND,,ST,,,,,,N,Y,WELLS,,ALY,N,NULL,NULL,NULL,NULL,NULL,NULL,0.137,NULL,NULL,NULL,NULL,,NULL,0,0,2,2,N,Y,15,NULL,98,9801,NULL,,Y,37.48183,-82.5169,N,NULL,NULL,NULL,NULL,NULL,NULL,NULL,NULL,1,3,2,6,1,1,2,5,6,3,N,NULL,Y,N,5,5,,N,NULL,10,,,N,,N,N,,NULL,NULL,2019,O,7.24E+11,098-CS-1117  -000,MEDIUM,098-CS-1117  -000,0.137,0,0,0,0,0,0,1,1,0,0,1,0,0,1
804,72396625,980100,2.02E+11,20190821,1148,,CASSIDY BLVD,,,,,,,,Y,N,NULL,NULL,NULL,N,NULL,NULL,NULL,NULL,NULL,NULL,,NULL,NULL,NULL,NULL,,NULL,0,0,2,2,N,Y,15,NULL,98,9801,NULL,,Y,37.50712,-82.54071,N,NULL,NULL,NULL,NULL,NULL,NULL,NULL,NULL,2,97,1,6,1,1,2,2,1,3,N,NULL,Y,N,1140,1150,1209,N,NULL,90,,,N,,N,N,,NULL,NULL,2019,O,7.24E+11,098-CS-1215  -000,MEDIUM,098-CS-1215  -000,0.621,0,0,0,1,0,0,1,0,0,0,0,0,0,1
805,72393682,980100,2.02E+11,20190814,830,,BYPASS ROAD,,,,,,,,Y,N,NULL,NULL,NULL,N,NULL,NULL,NULL,NULL,NULL,NULL,,NULL,NULL,NULL,NULL,NULL,NULL,0,0,1,1,N,N,15,NULL,98,9801,NULL,,Y,37.47229,-82.52317,N,NULL,NULL,NULL,NULL,NULL,NULL,NULL,NULL,9,97,2,6,1,1,2,2,1,3,N,NULL,Y,N,830,830,836,Y,NULL,90,,,N,,N,N,,NULL,NULL,2019,O,7.24E+11,098-KY-1426  -000,MEDIUM,098-KY-1426  -000,5.665,0,1,0,0,0,0,0,0,0,0,0,1,0,1
806,72447207,KSP0900,19-46793,20191129,527,,KY632,,,KY0632,KY0632,0,098 KY-632,KY0632,Y,N,NULL,NULL,NULL,N,NULL,NULL,NULL,NULL,NULL,NULL,13.934,NULL,NULL,NULL,NULL,,NULL,0,0,1,1,Y,N,,NULL,98,9804,NULL,,Y,37.51438,-82.15292,N,NULL,NULL,NULL,NULL,NULL,NULL,NULL,NULL,9,7,2,6,1,1,3,6,1,3,N,NULL,N,N,530,600,530,Y,NULL,90,6,0,N,,N,N,098-KY-0632-0,NULL,NULL,2019,O,7.24E+11,098-KY-0632  -000,HIGH,098-KY-0632  -000,13.934,0,0,0,0,0,0,0,0,0,0,0,1,0,0
807,72318450,KSP0900,19-5638,20190220,1958,,TOLER,,RD,KY0319,KY0319,0,098 KY-319,KY0319,Y,N,NULL,NULL,NULL,N,NULL,NULL,NULL,NULL,NULL,NULL,3.709,NULL,NULL,NULL,NULL,,NULL,0,0,2,2,N,N,55,NULL,98,9842,NULL,,Y,37.60766,-82.22839,N,NULL,NULL,NULL,NULL,NULL,NULL,NULL,NULL,3,97,2,6,3,5,6,7,6,3,N,NULL,Y,N,2000,2115,2115,N,NULL,90,7,0,N,,N,N,098-KY-0319-0,NULL,NULL,2019,O,7.23E+11,098-KY-0319  -000,HIGH,098-KY-0319  -000,3.709,0,0,0,0,0,0,0,0,0,0,0,0,0,0
808,72362543,980100,2.02E+11,20190605,848,,KY1426,,,KY1426,KY1426,,,,N,N,NULL,NULL,NULL,N,NULL,NULL,NULL,NULL,NULL,NULL,8.143,NULL,NULL,NULL,NULL,,NULL,0,0,1,1,N,N,45,NULL,98,9801,NULL,,Y,37.49332,-82.4911,N,NULL,NULL,NULL,NULL,NULL,NULL,NULL,NULL,9,3,2,1,1,5,3,2,1,3,N,NULL,Y,N,848,852,,Y,NULL,40,,0,N,,N,N,,NULL,NULL,2019,O,7.24E+11,098-KY-1426  -000,MEDIUM,098-KY-1426  -000,8.143,0,0,0,0,0,0,0,0,0,0,0,1,0,1
809,72422115,980100,2.02E+11,20191017,824,,US23,,,US0023,US0023,0,098 US-23,US0023,N,N,NULL,NULL,NULL,N,NULL,NULL,NULL,NULL,NULL,NULL,27.331,NULL,NULL,NULL,NULL,,NULL,0,0,2,2,N,N,55,NULL,98,9801,NULL,,Y,37.51062,-82.548,N,NULL,NULL,NULL,NULL,NULL,NULL,NULL,NULL,1,3,4,6,1,1,2,2,7,3,N,NULL,Y,N,824,829,858,N,NULL,55,,1,N,,N,N,098-US-0023-0,NULL,NULL,2019,O,7.24E+11,098-US-0023  -000,HIGH,098-US-0023  -000,27.331,0,0,0,1,0,0,0,0,0,0,0,0,0,1
810,72425755,KSP0900,19-41866,20191024,1542,,TOLER,,RD,KY0319,KY0319,0,098 KY-319,KY0319,N,N,NULL,NULL,NULL,N,NULL,NULL,NULL,NULL,NULL,NULL,3.583,NULL,NULL,NULL,NULL,,NULL,0,0,1,1,N,N,55,NULL,98,9842,NULL,,Y,37.60641,-82.22694,N,NULL,NULL,NULL,NULL,NULL,NULL,NULL,NULL,9,97,2,3,1,1,2,2,7,3,N,NULL,Y,N,1559,1620,1704,Y,NULL,44,7,0,N,,N,N,098-KY-0319-0,NULL,NULL,2019,O,7.24E+11,098-KY-0319  -000,HIGH,098-KY-0319  -000,3.583,0,0,0,0,0,0,0,0,0,0,0,1,0,0
811,72394448,980100,2.02E+11,20190814,1349,,CASSIDY,,BLVD,,,,,,Y,N,NULL,NULL,NULL,N,NULL,NULL,NULL,NULL,NULL,NULL,0.303,NULL,NULL,NULL,NULL,,NULL,0,0,2,2,N,N,,NULL,98,9801,NULL,,Y,37.50512,-82.53688,N,NULL,NULL,NULL,NULL,NULL,NULL,NULL,NULL,1,97,2,6,1,1,2,2,1,3,N,NULL,Y,N,1351,1355,,N,NULL,90,,,N,,N,N,,NULL,NULL,2019,O,7.24E+11,098-CS-1191  -000,HIGH,098-CS-1191  -000,0.303,0,0,0,1,0,0,1,0,0,0,0,0,0,1
812,72399585,980100,2.02E+11,20190828,1219,,CASSIDY BLVD,,,,,,,,Y,N,NULL,NULL,NULL,N,NULL,NULL,NULL,NULL,NULL,NULL,,NULL,NULL,NULL,NULL,,NULL,0,0,2,2,N,N,15,NULL,98,9801,NULL,,Y,37.50408,-82.53696,N,NULL,NULL,NULL,NULL,NULL,NULL,NULL,NULL,2,97,1,6,1,1,2,2,1,3,N,NULL,Y,N,1219,1232,1232,N,NULL,90,,,N,,N,N,,NULL,NULL,2019,O,7.24E+11,098-CS-1191  -000,HIGH,098-CS-1191  -000,0.255,0,0,0,0,0,0,1,0,0,0,0,0,0,1
813,72419247,KSP0900,19-39963,20191010,1508,,ASHCAMP,,RD,KY0195,KY0195,0,098 KY-195,KY0195,N,N,NULL,NULL,NULL,N,NULL,NULL,NULL,NULL,NULL,NULL,1.865,NULL,NULL,NULL,NULL,,NULL,1,0,1,1,N,N,55,NULL,98,9864,NULL,,Y,37.28292,-82.45523,N,NULL,NULL,NULL,NULL,NULL,NULL,NULL,NULL,9,5,2,4,1,1,2,2,7,3,Y,NULL,Y,N,1508,1530,1640,N,NULL,44,8,0,N,,N,N,098-KY-0195-0,NULL,NULL,2019,A,7.24E+11,098-KY-0195  -000,HIGH,098-KY-0195  -000,1.865,0,0,0,1,0,0,0,0,0,0,0,1,0,0
814,72342718,980100,2.02E+11,20190419,2041,,HAMBLEY,,BLVD,,,0,098 CS-1222,CS1222,N,N,NULL,NULL,NULL,N,NULL,NULL,NULL,NULL,NULL,NULL,1.14,NULL,NULL,NULL,NULL,,NULL,0,0,2,2,Y,N,35,NULL,98,9801,NULL,,Y,37.48521,-82.52412,N,NULL,NULL,NULL,NULL,NULL,NULL,NULL,NULL,2,3,2,6,1,1,3,5,7,3,N,NULL,Y,N,2047,2050,2051,N,NULL,56,,,N,,N,N,098-CS-1222-0,NULL,NULL,2019,O,7.23E+11,098-CS-1222  -000,HIGH,098-CS-1222  -000,1.14,0,0,1,0,0,0,0,0,1,0,0,0,0,1
815,72430921,980100,2.02E+11,20191102,2330,,US23 TURN LANE,,,US0023,US0023,,,,N,N,NULL,NULL,NULL,N,NULL,NULL,NULL,NULL,NULL,NULL,0.015,NULL,NULL,NULL,NULL,,NULL,0,0,2,2,N,N,55,NULL,98,9801,NULL,,Y,37.50371,-82.53236,N,NULL,NULL,NULL,NULL,NULL,NULL,NULL,NULL,5,3,6,6,1,1,2,5,1,3,N,NULL,Y,N,2230,2334,1,N,NULL,49,,1,N,,N,N,,NULL,NULL,2019,O,7.24E+11,098-US-0023  -020,MEDIUM,098-US-0023  -020,0.015,0,0,0,0,0,0,1,0,0,0,0,0,0,1
816,72308030,KSP0900,2019-2466,20190123,1400,,LEFT FORK BLACKBERRY,,RD,,,,,,N,N,NULL,NULL,NULL,N,NULL,NULL,NULL,NULL,NULL,NULL,0.18,NULL,NULL,NULL,NULL,,NULL,0,0,2,2,N,N,35,NULL,98,9863,NULL,,Y,37.52495,-82.21179,N,NULL,NULL,NULL,NULL,NULL,NULL,NULL,NULL,7,3,1,6,1,1,2,2,7,3,N,NULL,N,N,1400,1425,1435,N,NULL,54,,,N,,N,N,,NULL,NULL,2019,O,7.23E+11,098-CR-1809  -000,HIGH,098-CR-1809  -000,0.18,0,0,0,0,0,0,1,0,0,0,0,1,0,0
817,72330312,980100,2.02E+11,20190304,1222,,MAIN,,ST,,,0,098 CS-1112,CS1112,Y,N,NULL,NULL,NULL,N,NULL,NULL,NULL,NULL,NULL,NULL,0.085,NULL,NULL,NULL,NULL,,NULL,0,0,2,2,N,N,15,NULL,98,9801,NULL,,Y,37.47884,-82.51792,N,NULL,NULL,NULL,NULL,NULL,NULL,NULL,NULL,3,97,1,6,1,1,2,2,1,3,N,NULL,Y,N,1222,1225,1225,N,NULL,90,,,N,,N,N,098-CS-1112-0,NULL,NULL,2019,O,7.23E+11,098-CS-1112  -000,HIGH,098-CS-1112  -000,0.085,0,0,0,1,0,0,1,0,0,0,0,0,0,1
818,72405137,KSP0900,19-35325,20190909,2042,,US460,,,US0460,US0460,0,098 US-460,US0460,N,N,NULL,NULL,NULL,N,NULL,NULL,NULL,NULL,NULL,NULL,14.374,NULL,NULL,NULL,NULL,,NULL,0,0,2,2,N,N,55,NULL,98,9802,3,E,N,37.3421,-82.37447,N,NULL,NULL,NULL,NULL,NULL,NULL,NULL,NULL,1,3,2,4,1,1,2,4,6,3,N,NULL,N,Y,2048,2114,,N,NULL,55,,1,N,,N,N,098-US-0460-0,NULL,NULL,2019,O,7.24E+11,098-US-0460  -000,HIGH,098-US-0460  -000,14.374,0,0,0,0,0,0,0,0,0,0,0,0,0,0
819,72357716,KSP0900,19-17003,20190511,1324,,US23,,,US0023,US0023,0,098 US-23,US0023,N,N,NULL,NULL,NULL,N,NULL,NULL,NULL,NULL,NULL,NULL,29.474,NULL,NULL,NULL,NULL,,NULL,0,0,2,2,N,N,45,NULL,98,9807,NULL,,Y,37.52966,-82.57579,N,NULL,NULL,NULL,NULL,NULL,NULL,NULL,NULL,5,3,6,6,1,5,3,2,7,3,N,NULL,N,N,1324,1347,,N,NULL,49,,1,N,,N,N,098-US-0023-0,NULL,NULL,2019,O,7.24E+11,098-US-0023  -000,HIGH,098-US-0023  -000,29.474,0,0,1,0,0,0,1,0,0,0,0,0,0,1
820,72345437,KSP0900,19-14774,20190426,1753,,US23,,,US0023,US0023,0,098 US-23-10,US0023,N,N,NULL,NULL,NULL,N,NULL,NULL,NULL,NULL,NULL,NULL,8.103,NULL,NULL,NULL,NULL,,NULL,0,0,1,1,N,N,55,NULL,98,9801,NULL,,Y,37.31646,-82.54977,N,NULL,NULL,NULL,NULL,NULL,NULL,NULL,NULL,9,5,4,6,1,5,6,2,7,3,N,NULL,Y,N,1820,1830,1753,N,NULL,40,,1,N,,N,Y,098-US-0023-10,NULL,NULL,2019,O,7.23E+11,098-US-0023  -010,HIGH,098-US-0023  -000,8.103,0,0,0,0,0,0,0,1,0,0,0,1,0,0
821,72298284,KSP0900,    19-146,20190102,1224,,US119,,,US0119,US0119,0,098 US-119,US0119,N,N,NULL,NULL,NULL,N,NULL,NULL,NULL,NULL,NULL,NULL,9.927,NULL,NULL,NULL,NULL,,NULL,0,0,2,2,N,N,55,NULL,98,9820,NULL,,Y,37.58199,-82.40707,N,NULL,NULL,NULL,NULL,NULL,NULL,NULL,NULL,8,3,2,6,1,1,3,2,7,3,N,NULL,N,N,1224,1240,1240,N,NULL,53,2,1,N,,N,N,098-US-0119-0,NULL,NULL,2019,O,7.23E+11,098-US-0119  -000,HIGH,098-US-0119  -000,9.927,0,0,0,1,0,0,1,0,0,0,0,1,0,0
822,72340551,980100,2.02E+11,20190417,1542,,US23,,,US0023,US0023,,,,N,Y,CASSIDY,,BLVD,N,NULL,NULL,NULL,NULL,NULL,NULL,26.318,NULL,NULL,NULL,NULL,,NULL,0,0,2,2,N,N,55,NULL,98,9801,NULL,,Y,37.50415,-82.53242,N,NULL,NULL,NULL,NULL,NULL,NULL,NULL,NULL,5,3,4,6,1,1,2,2,1,3,N,NULL,Y,N,1542,1547,,N,NULL,35,,1,N,,N,N,,NULL,NULL,2019,O,7.23E+11,098-US-0023  -010,MEDIUM,098-US-0023  -000,26.318,0,0,0,0,0,0,1,0,0,0,1,0,0,1
823,72338979,KSP0900,19-11117,20190403,1336,,KY195,,,KY0195,KY0195,0,098 KY-195,KY0195,N,N,NULL,NULL,NULL,N,NULL,NULL,NULL,NULL,NULL,NULL,8.912,NULL,NULL,NULL,NULL,,NULL,1,0,1,1,N,N,55,NULL,98,9801,10,SE,N,37.33916,-82.42666,N,NULL,NULL,NULL,NULL,NULL,NULL,NULL,NULL,9,3,2,3,1,1,2,2,6,3,N,NULL,Y,Y,1337,1349,,Y,NULL,44,7,0,N,,N,N,098-KY-0195-0,NULL,NULL,2019,B,7.23E+11,098-KY-0195  -000,HIGH,098-KY-0195  -000,8.912,0,0,0,0,0,0,0,0,0,1,0,1,0,0
824,72706590,980100,2.02E+11,20211208,1247,,BYPASS,,RD,,,0,098 CS-1223,CS1223,Y,N,NULL,NULL,NULL,N,NULL,NULL,NULL,NULL,NULL,NULL,,NULL,NULL,NULL,NULL,NULL,NULL,0,0,2,2,N,N,,NULL,98,9801,NULL,,Y,37.47128,-82.52117,N,NULL,NULL,NULL,NULL,NULL,NULL,NULL,NULL,5,97,1,6,1,1,2,2,1,3,N,NULL,Y,N,1247,1254,1254,N,NULL,90,,,N,,N,N,098-CS-1223-0,NULL,NULL,2021,O,7.27E+11,098-CS-1223  -000,HIGH,098-CS-1223  -000,0.135,0,0,0,0,0,0,0,0,0,0,0,0,0,1
825,72321456,980100,2.02E+11,20190227,1802,,PARKING GARAGE,,,,,,,,Y,N,NULL,NULL,NULL,N,NULL,NULL,NULL,NULL,NULL,NULL,,NULL,NULL,NULL,NULL,,NULL,0,0,2,2,N,N,15,NULL,98,9801,NULL,,Y,37.47791,-82.52019,N,NULL,NULL,NULL,NULL,NULL,NULL,NULL,NULL,2,97,2,6,1,1,2,2,7,3,N,NULL,Y,N,1802,1805,1823,N,NULL,90,,,N,,N,N,,NULL,NULL,2019,O,7.23E+11,098-CS-1222  -000,MEDIUM,098-CS-1222  -000,0.479,0,0,0,0,0,0,1,0,0,0,0,0,0,1
826,72321634,KSP0900,19-5001,20190214,2130,,US23,,,US0023,US0023,0,098 US-23-10,US0023,N,N,NULL,NULL,NULL,N,NULL,NULL,NULL,NULL,NULL,NULL,28.888,NULL,NULL,NULL,NULL,,NULL,2,0,2,2,N,N,55,NULL,98,9807,NULL,,Y,37.52245,-82.57065,N,NULL,NULL,NULL,NULL,NULL,NULL,NULL,NULL,1,3,4,6,1,1,2,6,7,3,N,NULL,Y,N,2132,2213,2313,N,NULL,55,,1,N,,N,N,098-US-0023-10,NULL,NULL,2019,C,7.23E+11,098-US-0023  -010,HIGH,098-US-0023  -000,28.888,0,0,0,1,0,0,1,1,0,1,0,0,0,0
827,72303015,KSP0900,19-1371,20190112,1649,,SMITH FORK,,RD,KY3419,KY3419,0,098 KY-3419,KY3419,N,N,NULL,NULL,NULL,N,NULL,NULL,NULL,NULL,NULL,NULL,4.204,NULL,NULL,NULL,NULL,,NULL,0,0,1,1,N,N,35,NULL,98,9804,NULL,,Y,37.47888,-82.18485,N,NULL,NULL,NULL,NULL,NULL,NULL,NULL,NULL,9,5,2,2,1,5,6,6,7,3,N,NULL,Y,N,1747,1827,1747,N,NULL,51,9,0,N,,N,N,098-KY-3419-0,NULL,NULL,2019,O,7.23E+11,098-KY-3419  -000,HIGH,098-KY-3419  -000,4.204,0,0,0,0,0,0,0,0,0,0,0,1,0,0
828,72380954,KSP0900,19-27210,20190717,1530,,BIG HACKNEYS,,CRK,,,0,098 CR-1186,CR1186,N,N,NULL,NULL,NULL,N,NULL,NULL,NULL,NULL,NULL,NULL,0.324,NULL,NULL,NULL,NULL,,NULL,0,0,2,2,N,N,35,NULL,98,9847,NULL,,Y,37.37002,-82.22686,N,NULL,NULL,NULL,NULL,NULL,NULL,NULL,NULL,7,3,1,3,1,1,2,2,7,3,N,NULL,N,N,1531,1610,1625,N,NULL,54,,,Y,,N,N,098-CR-1186-0,NULL,NULL,2019,O,7.24E+11,098-CR-1186  -000,HIGH,098-CR-1186  -000,0.324,0,0,1,0,0,0,0,0,0,0,0,1,0,0
829,72316736,980100,2.02E+11,20190214,1028,,US23,,,US0023,US0023,,,,N,N,NULL,NULL,NULL,N,NULL,NULL,NULL,NULL,NULL,NULL,24.816,NULL,NULL,NULL,NULL,,NULL,0,0,2,2,N,N,55,NULL,98,9801,NULL,,Y,37.48603,-82.54214,N,NULL,NULL,NULL,NULL,NULL,NULL,NULL,NULL,8,3,3,6,1,1,2,2,7,3,N,NULL,Y,N,1028,1032,1032,N,NULL,53,,1,N,,N,N,,NULL,NULL,2019,O,7.23E+11,098-US-0023  -000,MEDIUM,098-US-0023  -000,24.816,0,0,0,0,0,0,1,0,0,0,0,1,0,1
830,72311125,KSP0900,19-2852,20190127,747,,COWPEN,,RD,KY2061,KY2061,0,098 KY-2061,KY2061,N,N,NULL,NULL,NULL,N,NULL,NULL,NULL,NULL,NULL,NULL,3.724,NULL,NULL,NULL,NULL,,NULL,3,0,1,1,N,N,55,NULL,98,9801,NULL,,Y,37.56312,-82.55852,N,NULL,NULL,NULL,NULL,NULL,NULL,NULL,NULL,9,4,2,2,1,5,6,2,7,3,Y,NULL,Y,Y,750,809,809,N,NULL,51,,0,N,,N,N,098-KY-2061-0,NULL,NULL,2019,A,7.23E+11,098-KY-2061  -000,HIGH,098-KY-2061  -000,3.724,0,0,0,0,0,0,0,0,1,1,0,1,0,0
831,72418856,980100,2.02E+11,20191010,814,,HAMBLEY,,BLVD,,,0,098 CS-1222,CS1222,Y,N,NULL,NULL,NULL,N,NULL,NULL,NULL,NULL,NULL,NULL,,NULL,NULL,NULL,NULL,NULL,NULL,0,0,2,2,N,N,,NULL,98,9801,NULL,,Y,37.47437,-82.52603,N,NULL,NULL,NULL,NULL,NULL,NULL,NULL,NULL,1,97,1,6,2,1,2,2,1,3,N,NULL,Y,N,814,819,819,N,NULL,90,,,N,,N,N,098-CS-1222-0,NULL,NULL,2019,O,7.24E+11,098-CS-1222  -000,HIGH,098-CS-1222  -000,0.075,0,0,0,0,0,0,0,0,0,0,0,0,0,1
832,72321824,980100,2.02E+11,20190301,1214,,BYPASS,S,RD,KY1426,KY1426,,,,N,N,NULL,NULL,NULL,N,NULL,NULL,NULL,NULL,NULL,NULL,5.526,NULL,NULL,NULL,NULL,,NULL,0,0,2,2,N,N,45,NULL,98,9801,NULL,,Y,37.47234,-82.5258,N,NULL,NULL,NULL,NULL,NULL,NULL,NULL,NULL,1,3,3,6,1,5,6,2,7,3,N,NULL,Y,N,1214,1223,1223,N,NULL,55,,0,N,,N,N,,NULL,NULL,2019,O,7.23E+11,098-KY-1426  -000,HIGH,098-KY-1426  -000,5.526,0,0,0,0,0,0,1,0,0,0,0,0,0,1
833,72352711,KSP0900,19-17358,20190514,720,,VIRGIE,,RD,KY0610,KY0610,0,098 KY-610,KY0610,N,N,NULL,NULL,NULL,N,NULL,NULL,NULL,NULL,NULL,NULL,3.298,NULL,NULL,NULL,NULL,,NULL,0,0,2,2,N,N,55,NULL,98,9827,23,SE,N,37.30623,-82.60951,N,NULL,NULL,NULL,NULL,NULL,NULL,NULL,NULL,7,3,2,2,1,1,2,2,7,3,N,NULL,Y,Y,755,802,842,N,NULL,54,7,0,N,,N,N,098-KY-0610-0,NULL,NULL,2019,O,7.24E+11,098-KY-0610  -000,HIGH,098-KY-0610  -000,3.298,0,1,0,0,0,0,1,0,0,0,0,1,0,0
834,72303013,KSP0900,19-1252,20190111,1500,,TOLER,,RD,KY0319,KY0319,0,098 KY-319,KY0319,Y,N,NULL,NULL,NULL,N,NULL,NULL,NULL,NULL,NULL,NULL,6.925,NULL,NULL,NULL,NULL,,NULL,0,0,2,2,Y,N,,NULL,98,9842,NULL,,Y,37.63952,-82.25841,N,NULL,NULL,NULL,NULL,NULL,NULL,NULL,NULL,2,97,2,6,1,7,2,2,5,3,N,NULL,Y,N,1530,1630,1530,N,NULL,90,7,0,N,,N,N,098-KY-0319-0,NULL,NULL,2019,O,7.23E+11,098-KY-0319  -000,HIGH,098-KY-0319  -000,6.925,0,0,0,0,0,0,0,0,0,0,0,0,0,0
835,72312065,980100,2.02E+11,20190205,1308,,THOMPSON,,RD,,,0,098 CS-1215,CS1215,Y,N,NULL,NULL,NULL,N,NULL,NULL,NULL,NULL,NULL,NULL,0.359,NULL,NULL,NULL,NULL,,NULL,0,0,2,2,N,N,,NULL,98,9801,NULL,,Y,37.5066,-82.54392,N,NULL,NULL,NULL,NULL,NULL,NULL,NULL,NULL,8,97,,6,1,1,3,2,5,3,N,NULL,Y,N,1308,1324,1324,N,NULL,90,,,N,,N,N,098-CS-1215-0,NULL,NULL,2019,O,7.23E+11,098-CS-1215  -000,HIGH,098-CS-1215  -000,0.359,0,0,0,1,0,0,0,0,0,0,0,0,0,1
836,72339462,980100,2.02E+11,20190411,1159,,KY3496,,,KY3496,KY3496,,,,N,Y,US23,,,N,NULL,NULL,NULL,NULL,NULL,NULL,0.01,NULL,NULL,NULL,NULL,,NULL,0,0,2,1,N,N,35,NULL,98,9801,NULL,,Y,37.46583,-82.52814,N,NULL,NULL,NULL,NULL,NULL,NULL,NULL,NULL,5,3,2,6,1,1,2,2,7,3,N,NULL,Y,N,1159,1202,1202,N,NULL,35,16,0,N,,N,N,,NULL,NULL,2019,O,7.23E+11,098-KY-3496  -000,MEDIUM,098-KY-3496  -000,0.01,0,0,0,0,0,0,1,1,0,0,1,0,0,1
837,72396466,KSP0900,19-32239,20190820,1522,,FISHTRAP,,RD,KY1789,KY1789,0,098 KY-1789,KY1789,N,N,NULL,NULL,NULL,N,NULL,NULL,NULL,NULL,NULL,NULL,0.605,NULL,NULL,NULL,NULL,,NULL,0,0,2,2,N,N,35,NULL,98,9810,NULL,,Y,37.41561,-82.42102,N,NULL,NULL,NULL,NULL,NULL,NULL,NULL,NULL,7,3,2,5,1,1,2,2,7,3,N,NULL,Y,N,1522,1626,1522,N,NULL,54,8,0,N,,N,N,098-KY-1789-0,NULL,NULL,2019,O,7.24E+11,098-KY-1789  -000,HIGH,098-KY-1789  -000,0.605,0,0,0,0,0,0,0,0,0,0,0,1,0,0
838,72359291,KSP0900,19-19443,20190527,2220,,ELISHA,,FRK,,,0,098 CR-1382,CR1382,N,N,NULL,NULL,NULL,N,NULL,NULL,NULL,NULL,NULL,NULL,0.007,NULL,NULL,NULL,NULL,,NULL,0,0,2,2,N,N,15,NULL,98,9801,0.5,W,N,37.49152,-82.57636,N,NULL,NULL,NULL,NULL,NULL,NULL,NULL,NULL,1,3,1,4,1,1,2,4,6,3,N,NULL,Y,N,2217,2303,,N,NULL,55,,,N,,N,N,098-CR-1382-0,NULL,NULL,2019,O,7.24E+11,098-CR-1382  -000,HIGH,098-CR-1382  -000,0.007,0,0,0,0,0,0,0,0,0,0,0,0,0,0
839,72303519,980100,2.02E+11,20190111,739,,HAROLDS BRANCH,,RD,,,0,098 CS-1223,CS1223,Y,N,NULL,NULL,NULL,N,NULL,NULL,NULL,NULL,NULL,NULL,0.021,NULL,NULL,NULL,NULL,,NULL,0,0,2,2,N,N,15,NULL,98,9801,NULL,,Y,37.47262,-82.52241,N,NULL,NULL,NULL,NULL,NULL,NULL,NULL,NULL,2,97,,6,1,1,2,2,1,3,N,NULL,Y,N,739,743,,N,NULL,90,,,N,,N,N,098-CS-1223-0,NULL,NULL,2019,O,7.23E+11,098-CS-1223  -000,HIGH,098-CS-1223  -000,0.021,0,0,0,0,0,0,1,0,0,0,0,0,0,1
840,72329473,980100,2.02E+11,20190319,1105,,PMC PARKING GARAGE,,,,,,,,Y,N,NULL,NULL,NULL,N,NULL,NULL,NULL,NULL,NULL,NULL,,NULL,NULL,NULL,NULL,NULL,NULL,1,0,1,1,N,N,10,NULL,98,9801,NULL,,Y,37.47247,-82.52281,N,NULL,NULL,NULL,NULL,NULL,NULL,NULL,NULL,9,97,2,6,2,1,3,2,5,3,Y,NULL,Y,N,1105,1112,1112,N,NULL,90,,,N,,N,N,,NULL,NULL,2019,C,7.23E+11,098-CS-1223  -000,MEDIUM,098-CS-1223  -000,0.019,0,0,0,0,0,0,1,0,0,0,0,1,0,1