OBJECTID,MasterFile,AgencyORINumber,LocalCode,CollisionDate,CollisionTime,CollisionDayWeekCode,RoadwayName,RoadwayName_Direction_,RoadwayName_RoadwaySuffix_,RoadwayfromReport,CurrentRoadwayNumber,RoadwayNumberCoupletID,RSEUniqueGIS,RoadwayIdentifier,ParkingLotIndicator,IntersectionWith_Indicator_,IntersectionWith_NameRoadway_,IntersectionWith_Direction_,IntersectionWith_RoadwaySuffix_,BetweenStreets_Indicator_,BetweenStreets1_NameRoadway_,BetweenStreet1_Direction_,BetweenStreets1_RoadwaySuffix_,BetweenStreets2_NameRoadway_,BetweenStreets2_Direction_,BetweenStreets2_RoadwaySuffix_,Milepoint,ReportMilepointDeriveNumber,CurrentDerivedMiepointNumber,MilestoMilepoint,FeettoMilepoint,DirectionfromMilepoint_NSEW_,ValidMilepointIndicator,NumberInjured,NumberKilled,ofUnits,ofMotorVehicleUnits,Hit&RunIndicator,OneWayIndicator,SpeedLimitNumber,KilometersIndicator,CountyCode,CityCountyCode,MilesFromCity,DirectionFromCity_NSEW_,InCityLimitsIndicator,Latitude,Longitude,RampIndicator,RampFromIdentifier,RampFromDirCode,RampFromCoupletID,RSEUniqueGISRampFrom,RampToidentifier,RampToDirCode,RampToCoupletID,RSEUniqueGisRampTo,MannerofCollisionCode,LocationFirstEventCode,TotalLanes,RoadwayCharacterCode,RoadwaySurfaceCode,RoadwayConditionCode,WeatherCode,LightConditionCode,LandUseCode,SchoolBusRelatedCode,FirstAidSceneIndicator,CollDescPresentInd,InvestigationCompleteIndicator,PhotosTakenIndicator,TimeNotified,TimeArrived,TimeRoadwayOpened,PropertyDamageIndicator,DiagramPresentIndicator,DirectionalAnalysis,FunctionClassCode,NationalHwySysCode,EnforcementsIndicator,KARSCityCode,SecondaryCollisionIndicator,MedianCrossoverIndicator,RT_UNIQUE,MapIt,TimeLastLeft,YR,KABCO,MFNY,WorkingRID,RT_CONFIDENCE,KTC_RT,KTC_MP,Motorcyclist,Commercial Vehicle,Young Driver,Mature Driver,Pedestrian,Bicyclist,Distracted,Aggressive,Impaired,Unrestrained,Intersection,Roadway Departure,Median Cross-over,City Crash
841,72407702,980100,2.02E+11,20190913,755,,HAMBLEY,,BLVD,,,0,098 CS-1222,CS1222,N,N,NULL,NULL,NULL,N,NULL,NULL,NULL,NULL,NULL,NULL,0.396,NULL,NULL,NULL,NULL,,NULL,0,0,2,2,N,N,45,NULL,98,9801,NULL,,Y,37.47725,-82.52155,N,NULL,NULL,NULL,NULL,NULL,NULL,NULL,NULL,7,3,2,6,1,1,2,2,1,3,N,NULL,Y,N,755,758,821,N,NULL,54,,,N,,N,N,098-CS-1222-0,NULL,NULL,2019,O,7.24E+11,098-CS-1222  -000,HIGH,098-CS-1222  -000,0.396,0,0,0,0,0,0,1,0,0,0,0,1,0,1
842,72355295,KSP0900,19-18283,20190520,1239,,ELKHORN,,CRK,KY0197,KY0197,0,098 KY-197,KY0197,N,N,NULL,NULL,NULL,N,NULL,NULL,NULL,NULL,NULL,NULL,13.19,NULL,NULL,NULL,NULL,,NULL,0,0,2,2,N,N,55,NULL,98,9801,NULL,,Y,37.27654,-82.3892,N,NULL,NULL,NULL,NULL,NULL,NULL,NULL,NULL,5,97,1,6,1,1,2,2,6,3,N,NULL,Y,N,1242,1334,1242,N,NULL,47,7,0,N,,N,N,098-KY-0197-0,NULL,NULL,2019,O,7.24E+11,098-KY-0197  -000,HIGH,098-KY-0197  -000,13.19,0,0,0,0,0,0,1,0,0,0,0,0,0,0
843,72311347,980100,2.02E+11,20190129,1632,,KY3496,,,KY3496,KY3496,,,,Y,N,NULL,NULL,NULL,N,NULL,NULL,NULL,NULL,NULL,NULL,0.648,NULL,NULL,NULL,NULL,,NULL,0,0,2,2,N,N,,NULL,98,9801,NULL,,Y,37.47175,-82.5323,N,NULL,NULL,NULL,NULL,NULL,NULL,NULL,NULL,2,97,1,6,1,1,2,2,1,3,N,NULL,Y,N,1632,1640,,N,NULL,90,16,0,N,,N,N,,NULL,NULL,2019,O,7.23E+11,098-KY-3496  -000,HIGH,098-KY-3496  -000,0.648,0,0,0,1,0,0,1,0,0,0,0,0,0,1
844,72418719,KSP0900,19-38315,20190930,1530,,POUNDING MILL,,RD,,,0,098 CR-1526,CR1526,N,N,NULL,NULL,NULL,N,NULL,NULL,NULL,NULL,NULL,NULL,1.521,NULL,NULL,NULL,NULL,,NULL,0,0,2,2,N,N,35,NULL,98,9811,NULL,,Y,37.57021,-82.15607,N,NULL,NULL,NULL,NULL,NULL,NULL,NULL,NULL,7,3,2,1,1,5,3,2,7,3,N,NULL,Y,N,1530,1540,1615,N,NULL,40,,,Y,,N,N,098-CR-1526-0,NULL,NULL,2019,O,7.24E+11,098-CR-1526  -000,HIGH,098-CR-1526  -000,1.521,0,0,0,0,0,0,1,1,0,0,0,1,0,0
845,72598906,KSP0900,21-71795,20210223,840,,VIRGIE,,RD,KY0610,KY0610,0,098 KY-610,KY0610,N,N,NULL,NULL,NULL,N,NULL,NULL,NULL,NULL,NULL,NULL,8.532,NULL,NULL,NULL,NULL,,NULL,1,0,1,1,N,N,35,NULL,98,9827,NULL,,Y,37.34402,-82.59328,N,NULL,NULL,NULL,NULL,NULL,NULL,NULL,NULL,9,3,2,3,1,2,2,2,7,3,N,NULL,Y,Y,800,840,920,N,NULL,44,7,0,N,,N,N,098-KY-0610-0,NULL,NULL,2021,B,7.26E+11,098-KY-0610  -000,HIGH,098-KY-0610  -000,8.532,0,0,0,0,0,0,0,0,0,0,0,1,0,0
846,72323219,980000,1903002,20190304,710,,KY1469,,,KY1469,KY1469,0,098 KY-1469,KY1469,N,N,NULL,NULL,NULL,N,NULL,NULL,NULL,NULL,NULL,NULL,13.128,NULL,NULL,NULL,NULL,,NULL,0,0,1,1,N,N,55,NULL,98,9881,NULL,,Y,37.3584,-82.57174,N,NULL,NULL,NULL,NULL,NULL,NULL,NULL,NULL,9,4,2,6,1,2,9,2,7,3,N,NULL,N,N,715,715,756,N,NULL,51,7,0,N,,N,N,098-KY-1469-0,NULL,NULL,2019,O,7.23E+11,098-KY-1469  -000,HIGH,098-KY-1469  -000,13.128,0,0,0,0,0,0,0,0,0,0,0,1,0,0
847,72539680,KSP0900,20-682123,20200904,1357,,KY632,,,KY0632,KY0632,0,098 KY-632,KY0632,N,N,NULL,NULL,NULL,N,NULL,NULL,NULL,NULL,NULL,NULL,13.563,NULL,NULL,NULL,NULL,,NULL,0,0,2,2,N,N,35,NULL,98,9804,NULL,,Y,37.51245,-82.15972,N,NULL,NULL,NULL,NULL,NULL,NULL,NULL,NULL,5,3,2,6,1,1,3,2,7,3,N,NULL,Y,N,1359,1347,1400,N,NULL,49,6,0,N,,N,N,098-KY-0632-0,NULL,NULL,2020,O,7.25E+11,098-KY-0632  -000,HIGH,098-KY-0632  -000,13.563,0,0,0,0,0,0,1,0,0,0,0,0,0,0
848,72443756,980200,ELK4125-139-19,20191119,1519,,KY197,,,KY0197,KY0197,0,098 KY-197,KY0197,Y,N,NULL,NULL,NULL,N,NULL,NULL,NULL,NULL,NULL,NULL,15.693,NULL,NULL,NULL,NULL,,NULL,0,0,2,2,N,N,5,NULL,98,9802,NULL,,Y,37.29608,-82.36192,N,NULL,NULL,NULL,NULL,NULL,NULL,NULL,NULL,2,97,2,6,1,1,2,2,5,3,N,NULL,Y,N,1512,1519,1519,N,NULL,90,7,0,N,,N,N,098-KY-0197-0,NULL,NULL,2019,O,7.24E+11,098-KY-0197  -000,HIGH,098-KY-0197  -000,15.693,0,0,0,0,0,0,0,0,0,0,0,0,0,0
849,72436095,KSP0900,19-43853,20191107,1210,,KY195,,,KY0195,KY0195,0,098 KY-195,KY0195,N,N,NULL,NULL,NULL,N,NULL,NULL,NULL,NULL,NULL,NULL,10.79,NULL,NULL,NULL,NULL,,NULL,1,0,2,2,N,N,35,NULL,98,9830,NULL,,Y,37.35878,-82.41771,N,NULL,NULL,NULL,NULL,NULL,NULL,NULL,NULL,1,3,2,1,1,5,6,2,7,3,Y,NULL,Y,Y,1212,1238,,N,NULL,55,7,0,N,,N,N,098-KY-0195-0,NULL,NULL,2019,B,7.24E+11,098-KY-0195  -000,HIGH,098-KY-0195  -000,10.79,0,0,1,0,0,0,0,0,0,0,0,0,0,0
850,72415219,KSP0900,19-38128,20190929,1946,,US119,,,US0119,US0119,0,098 US-119,US0119,N,N,NULL,NULL,NULL,N,NULL,NULL,NULL,NULL,NULL,NULL,18.92,NULL,NULL,NULL,NULL,,NULL,1,0,1,1,N,N,55,NULL,98,9801,NULL,,Y,37.60122,-82.27525,N,NULL,NULL,NULL,NULL,NULL,NULL,NULL,NULL,9,6,4,6,1,1,2,6,7,3,Y,NULL,N,Y,1746,1958,1958,N,NULL,44,2,1,N,,N,N,098-US-0119-0,NULL,NULL,2019,C,7.24E+11,098-US-0119  -000,HIGH,098-US-0119  -000,18.92,0,0,0,0,0,0,0,0,1,0,0,1,0,0
851,72414794,KSP0900,19-38519,20191001,1757,,KY366,,,KY0366,KY0366,0,098 KY-366,KY0366,N,N,NULL,NULL,NULL,N,NULL,NULL,NULL,NULL,NULL,NULL,4.358,NULL,NULL,NULL,NULL,,NULL,0,0,2,2,Y,N,35,NULL,98,9839,NULL,,Y,37.4105,-82.19037,N,NULL,NULL,NULL,NULL,NULL,NULL,NULL,NULL,7,3,2,6,1,1,2,,6,3,N,NULL,Y,N,1816,1900,1757,N,NULL,54,9,0,N,,N,N,098-KY-0366-0,NULL,NULL,2019,O,7.24E+11,098-KY-0366  -000,HIGH,098-KY-0366  -000,4.358,0,0,0,0,0,0,0,0,0,0,0,1,0,0
852,72378493,980100,2.02E+11,20190711,1254,,4TH,,ST,,,0,098 CS-1133,CS1133,N,N,NULL,NULL,NULL,N,NULL,NULL,NULL,NULL,NULL,NULL,0.089,NULL,NULL,NULL,NULL,,NULL,0,0,2,2,N,N,15,NULL,98,9801,NULL,,Y,37.48367,-82.51833,N,NULL,NULL,NULL,NULL,NULL,NULL,NULL,NULL,7,3,2,6,1,1,2,2,7,3,N,NULL,Y,N,1254,1256,1310,N,NULL,54,,,N,,N,N,098-CS-1133-0,NULL,NULL,2019,O,7.24E+11,098-CS-1133  -000,HIGH,098-CS-1133  -000,0.089,0,0,0,1,0,0,0,0,0,0,0,1,0,1
853,72334260,980500,2019AR021,20190402,845,,US23,,,US0023,US0023,0,098 US-23-10,US0023,N,Y,GOLDENROD,,LN,N,NULL,NULL,NULL,NULL,NULL,NULL,28.514,NULL,NULL,NULL,NULL,,NULL,0,0,2,2,N,N,45,NULL,98,9807,NULL,,Y,37.51904,-82.56622,N,NULL,NULL,NULL,NULL,NULL,NULL,NULL,NULL,8,3,6,6,1,1,2,2,1,3,N,NULL,Y,Y,845,847,918,N,NULL,19,,1,N,,N,N,098-US-0023-10,NULL,NULL,2019,O,7.23E+11,098-US-0023  -010,HIGH,098-US-0023  -000,28.514,0,1,0,1,0,0,1,0,0,0,1,0,0,0
854,72458983,KSP0900,20-43,20200101,1118,,KY122,,,KY0122,KY0122,0,098 KY-122,KY0122,N,N,NULL,NULL,NULL,N,NULL,NULL,NULL,NULL,NULL,NULL,6.036,NULL,NULL,NULL,NULL,,NULL,0,0,1,1,N,N,55,NULL,98,9827,NULL,,Y,37.35913,-82.58552,N,NULL,NULL,NULL,NULL,NULL,NULL,NULL,NULL,9,4,2,4,1,1,2,6,7,3,N,NULL,N,Y,1118,1137,1407,N,NULL,51,,0,Y,,N,Y,098-KY-0122-0,NULL,NULL,2020,O,7.25E+11,098-KY-0122  -000,HIGH,098-KY-0122  -000,6.036,0,0,0,0,0,0,0,0,0,0,0,1,0,0
855,72355932,980100,2.02E+11,20190519,1923,,BYPASS,N,RD,KY1460,KY1460,,,,N,N,NULL,NULL,NULL,N,NULL,NULL,NULL,NULL,NULL,NULL,5.709,NULL,NULL,NULL,NULL,,NULL,0,0,1,1,N,N,45,NULL,98,9801,NULL,,Y,37.48703,-82.52301,N,NULL,NULL,NULL,NULL,NULL,NULL,NULL,NULL,9,3,2,3,1,1,2,2,1,3,N,NULL,Y,N,1923,1926,1947,N,NULL,70,16,0,N,,N,N,,NULL,NULL,2019,O,7.24E+11,098-KY-1460  -000,HIGH,098-KY-1460  -000,5.709,0,0,0,0,0,0,1,0,0,0,0,1,0,1
856,72386157,KSP0900,19-27750,20190721,1510,,US23,,,US0023,US0023,0,098 US-23-10,US0023,N,N,NULL,NULL,NULL,N,NULL,NULL,NULL,NULL,NULL,NULL,28.06,NULL,NULL,NULL,NULL,,NULL,2,1,2,2,N,N,55,NULL,98,9807,NULL,,Y,37.51521,-82.55941,N,NULL,NULL,NULL,NULL,NULL,NULL,NULL,NULL,4,3,6,6,1,1,2,2,7,3,Y,NULL,N,Y,1511,1516,1013,N,NULL,70,,1,N,,N,N,098-US-0023-10,NULL,NULL,2019,K,7.24E+11,098-US-0023  -010,HIGH,098-US-0023  -000,28.06,0,0,0,1,0,0,0,1,0,0,0,1,0,0
857,72335389,980100,2.02E+11,20190404,1554,,CHLOE,,RD,KY1460,KY1460,0,098 KY-1460,KY1460,N,N,NULL,NULL,NULL,N,NULL,NULL,NULL,NULL,NULL,NULL,0.244,NULL,NULL,NULL,NULL,,NULL,0,0,2,2,Y,N,45,NULL,98,9801,0.5,E,N,37.43472,-82.47992,N,NULL,NULL,NULL,NULL,NULL,NULL,NULL,NULL,8,3,2,6,1,1,2,2,7,3,N,NULL,N,N,1554,1554,,N,NULL,53,,0,N,,N,N,098-KY-1460-0,NULL,NULL,2019,O,7.23E+11,098-KY-1460  -000,HIGH,098-KY-1460  -000,0.244,0,0,0,0,0,0,0,1,0,0,0,1,0,0
858,72345360,KSP0900,19-14021,20190422,221,,US460,,,US0460,US0460,0,098 US-460,US0460,N,N,NULL,NULL,NULL,N,NULL,NULL,NULL,NULL,NULL,NULL,3.563,NULL,NULL,NULL,NULL,,NULL,0,0,1,1,N,N,55,NULL,98,9801,4,E,N,37.42366,-82.46815,N,NULL,NULL,NULL,NULL,NULL,NULL,NULL,NULL,9,3,2,6,1,1,2,4,6,3,N,NULL,Y,N,222,310,,N,NULL,40,,1,N,,N,N,098-US-0460-0,NULL,NULL,2019,O,7.23E+11,098-US-0460  -000,HIGH,098-US-0460  -000,3.563,0,0,0,0,0,0,0,0,0,0,0,1,0,0
859,72343889,KSP0900,19-11205,20190403,1950,,BARRENSHEE,,CRK,,,,,,N,N,NULL,NULL,NULL,N,NULL,NULL,NULL,NULL,NULL,NULL,0.791,NULL,NULL,NULL,NULL,,NULL,0,0,2,2,N,N,35,NULL,98,9811,NULL,,Y,37.54329,-82.13615,N,NULL,NULL,NULL,NULL,NULL,NULL,NULL,NULL,3,3,1,3,1,1,2,6,7,3,N,NULL,Y,N,2000,2045,2130,N,NULL,52,,,Y,,N,N,,NULL,NULL,2019,O,7.23E+11,098-CR-1847  -000,MEDIUM,098-CR-1847  -000,0.791,0,0,0,0,0,0,0,0,1,0,0,1,0,0
860,72368011,KSP0900,19-22258,20190616,1513,,US119,,,US0119,US0119,0,098 US-119,US0119,Y,N,NULL,NULL,NULL,N,NULL,NULL,NULL,NULL,NULL,NULL,24.981,NULL,NULL,NULL,NULL,,NULL,0,0,2,2,N,N,,NULL,98,9834,NULL,,Y,37.66798,-82.27705,N,NULL,NULL,NULL,NULL,NULL,NULL,NULL,NULL,2,97,4,6,1,1,2,2,1,3,N,NULL,N,N,1513,1523,1523,N,NULL,90,2,1,N,,N,N,098-US-0119-0,NULL,NULL,2019,O,7.24E+11,098-US-0119  -000,HIGH,098-US-0119  -000,24.981,0,0,0,0,0,0,0,0,0,0,0,0,0,0
861,72374017,980100,2.02E+11,20190701,1144,,BYPASS,S,RD,KY1426,KY1426,,,,Y,N,NULL,NULL,NULL,N,NULL,NULL,NULL,NULL,NULL,NULL,6.273,NULL,NULL,NULL,NULL,,NULL,0,0,2,2,N,N,,NULL,98,9801,NULL,,Y,37.47861,-82.51537,N,NULL,NULL,NULL,NULL,NULL,NULL,NULL,NULL,2,97,,6,1,1,2,2,1,3,N,NULL,Y,N,1144,1149,1149,N,NULL,90,,0,N,,N,N,,NULL,NULL,2019,O,7.24E+11,098-KY-1426  -000,HIGH,098-KY-1426  -000,6.273,0,0,0,1,0,0,1,0,0,0,0,0,0,1
862,72361214,KSP0900,2019-20013,20190531,1424,,US460 TURN LANE,,,US0460,US0460,0,098 US-460-21,US0460,Y,N,NULL,NULL,NULL,N,NULL,NULL,NULL,NULL,NULL,NULL,0.017,NULL,NULL,NULL,NULL,,NULL,0,0,2,2,Y,N,15,NULL,98,9847,NULL,,Y,37.38249,-82.25574,N,NULL,NULL,NULL,NULL,NULL,NULL,NULL,NULL,2,7,2,6,1,1,6,2,1,3,N,NULL,Y,N,1424,1424,1424,N,NULL,90,,1,N,,N,N,098-US-0460-21,NULL,NULL,2019,O,7.24E+11,098-US-0460  -021,HIGH,098-US-0460  -021,0.017,0,0,0,0,0,0,1,0,0,0,0,0,0,0
863,72330947,980100,2.02E+11,20190325,646,,US23,,,US0023,US0023,0,098 US-23,US0023,N,N,NULL,NULL,NULL,N,NULL,NULL,NULL,NULL,NULL,NULL,31.663,NULL,NULL,NULL,NULL,,NULL,0,0,1,1,N,N,55,NULL,98,9801,NULL,,Y,37.53714,-82.6027,N,NULL,NULL,NULL,NULL,NULL,NULL,NULL,NULL,9,3,4,6,1,1,3,6,1,3,N,NULL,Y,N,646,700,,N,NULL,38,,1,N,,N,N,098-US-0023-0,NULL,NULL,2019,O,7.23E+11,098-US-0023  -000,HIGH,098-US-0023  -000,31.663,0,0,0,0,0,0,0,0,0,0,0,0,0,1
864,72330801,KSP0900,19-8986,20190319,1130,,KY1426,,,KY1426,KY1426,0,098 KY-1426,KY1426,N,N,NULL,NULL,NULL,N,NULL,NULL,NULL,NULL,NULL,NULL,12.425,NULL,NULL,NULL,NULL,,NULL,0,0,2,2,N,N,55,NULL,98,9828,NULL,,Y,37.5418,-82.46822,N,NULL,NULL,NULL,NULL,NULL,NULL,NULL,NULL,1,3,2,6,1,1,3,2,7,3,N,NULL,N,N,1125,1145,1200,N,NULL,55,7,0,N,,N,N,098-KY-1426-0,NULL,NULL,2019,O,7.23E+11,098-KY-1426  -000,HIGH,098-KY-1426  -000,12.425,0,0,0,0,0,0,1,0,0,0,0,0,0,0
865,72362856,980500,2019AR041,20190531,1210,,N MAYO TRAIL,,,,,,,,Y,N,NULL,NULL,NULL,N,NULL,NULL,NULL,NULL,NULL,NULL,,NULL,NULL,NULL,NULL,NULL,NULL,0,0,2,2,N,N,15,NULL,98,9807,0.1,N,N,37.53605,-82.57978,N,NULL,NULL,NULL,NULL,NULL,NULL,NULL,NULL,5,97,2,6,1,1,2,2,1,3,N,NULL,Y,N,1210,1212,1239,N,NULL,90,,,N,,N,N,,NULL,NULL,2019,O,7.24E+11,098-CR-1426K -000,MEDIUM,098-CR-1426K -000,0.041,0,0,0,1,0,0,0,0,0,0,0,0,0,1
866,72412119,KSP0900,19-37577,20190925,1108,,FORD MOUNTAIN,,RD,,,0,098 CR-1364Q4,CR1364Q4,Y,N,NULL,NULL,NULL,N,NULL,NULL,NULL,NULL,NULL,NULL,0.23,NULL,NULL,NULL,NULL,,NULL,0,0,2,2,N,N,,NULL,98,9801,4,NE,N,37.5682,-82.45306,N,NULL,NULL,NULL,NULL,NULL,NULL,NULL,NULL,2,97,,6,2,1,2,2,7,3,N,NULL,Y,N,1108,1145,1145,N,NULL,90,,,N,,N,N,098-CR-1364Q4-0,NULL,NULL,2019,O,7.24E+11,098-CR-1364Q4-000,HIGH,098-CR-1364Q4-000,0.23,0,1,0,0,0,0,1,0,0,0,0,0,0,0
867,72322788,980100,2.02E+11,20190224,1237,,2ND,,ST,,,0,098 CS-1117,CS1117,Y,N,NULL,NULL,NULL,N,NULL,NULL,NULL,NULL,NULL,NULL,0.405,NULL,NULL,NULL,NULL,,NULL,0,0,1,1,Y,N,,NULL,98,9801,NULL,,Y,37.47842,-82.51923,N,NULL,NULL,NULL,NULL,NULL,NULL,NULL,NULL,9,97,1,6,1,1,2,5,1,1,N,NULL,Y,N,1237,1239,,Y,NULL,90,,,N,,N,N,098-CS-1117-0,NULL,NULL,2019,O,7.23E+11,098-CS-1117  -000,HIGH,098-CS-1117  -000,0.405,0,0,0,0,0,0,0,0,0,0,0,0,0,0
868,72306263,980100,2.02E+11,20190117,1754,,US460,,,US0460,US0460,0,098 US-460,US0460,N,N,NULL,NULL,NULL,N,NULL,NULL,NULL,NULL,NULL,NULL,0.163,NULL,NULL,NULL,NULL,,NULL,2,0,2,2,Y,N,55,NULL,98,9801,NULL,,Y,37.43983,-82.50893,N,NULL,NULL,NULL,NULL,NULL,NULL,NULL,NULL,8,3,2,6,1,5,3,5,7,3,N,NULL,Y,Y,1754,1801,1801,N,NULL,53,,1,Y,,N,N,098-US-0460-0,NULL,NULL,2019,C,7.23E+11,098-US-0460  -000,HIGH,098-US-0460  -000,0.163,0,0,0,0,0,0,0,1,1,0,0,1,0,1
869,72364392,980100,2.02E+11,20190603,948,,BYPASS,S,RD,KY1426,KY1426,,,,N,N,NULL,NULL,NULL,N,NULL,NULL,NULL,NULL,NULL,NULL,6.44,NULL,NULL,NULL,NULL,,NULL,0,0,2,2,N,N,35,NULL,98,9801,NULL,,Y,37.48087,-82.51441,N,NULL,NULL,NULL,NULL,NULL,NULL,NULL,NULL,5,3,2,6,1,1,2,2,1,3,N,NULL,Y,N,948,948,,N,NULL,49,,0,N,,N,N,,NULL,NULL,2019,O,7.24E+11,098-KY-1426  -000,HIGH,098-KY-1426  -000,6.44,0,0,0,0,0,0,0,0,0,0,0,0,0,1
870,72298271,KSP0900,19-249,20190103,847,,US460,,,US0460,US0460,0,098 US-460,US0460,N,N,NULL,NULL,NULL,N,NULL,NULL,NULL,NULL,NULL,NULL,4.968,NULL,NULL,NULL,NULL,,NULL,2,0,2,2,N,N,55,NULL,98,9801,4,SE,N,37.41148,-82.44968,N,NULL,NULL,NULL,NULL,NULL,NULL,NULL,NULL,1,3,2,6,1,5,3,2,7,3,Y,NULL,Y,N,849,852,852,N,NULL,55,,1,N,,N,N,098-US-0460-0,NULL,NULL,2019,A,7.23E+11,098-US-0460  -000,HIGH,098-US-0460  -000,4.968,0,0,0,0,0,0,0,1,0,0,0,0,0,0
871,72424252,980100,2.02E+11,20191021,1520,,BYPASS,S,RD,KY1426,KY1426,0,098 KY-1426,KY1426,N,N,NULL,NULL,NULL,N,NULL,NULL,NULL,NULL,NULL,NULL,5.718,NULL,NULL,NULL,NULL,,NULL,0,0,2,2,N,N,35,NULL,98,9801,NULL,,Y,37.47293,-82.52238,N,NULL,NULL,NULL,NULL,NULL,NULL,NULL,NULL,1,3,2,6,1,1,2,2,1,3,N,NULL,Y,N,1520,1526,,N,NULL,55,,0,N,,N,N,098-KY-1426-0,NULL,NULL,2019,O,7.24E+11,098-KY-1426  -000,HIGH,098-KY-1426  -000,5.718,0,0,0,0,0,0,0,0,0,0,0,0,0,1
872,72418475,980000,19-09-005,20190911,1654,,LITTLE ROBINSON CREEK,,RD,KY3415,KY3415,0,098 KY-3415,KY3415,N,N,NULL,NULL,NULL,N,NULL,NULL,NULL,NULL,NULL,NULL,0.757,NULL,NULL,NULL,NULL,,NULL,3,0,1,1,N,N,35,NULL,98,9823,NULL,,Y,37.37004,-82.5954,N,NULL,NULL,NULL,NULL,NULL,NULL,NULL,NULL,9,5,2,3,1,1,2,2,7,3,Y,NULL,Y,Y,1615,1700,1755,Y,NULL,40,9,0,N,,N,N,098-KY-3415-0,NULL,NULL,2019,A,7.24E+11,098-KY-3415  -000,HIGH,098-KY-3415  -000,0.757,0,0,0,0,0,0,1,0,0,0,0,1,0,0
873,72372216,980100,2.02E+11,20190613,1547,,CHLOE,,RD,KY1460,KY1460,,,,N,N,NULL,NULL,NULL,N,NULL,NULL,NULL,NULL,NULL,NULL,3.438,NULL,NULL,NULL,NULL,,NULL,0,0,2,1,Y,N,45,NULL,98,9801,NULL,,Y,37.47523,-82.4876,N,NULL,NULL,NULL,NULL,NULL,NULL,NULL,NULL,8,3,2,6,1,1,2,2,7,1,N,NULL,N,N,1547,1610,1617,N,NULL,53,,0,Y,,N,N,,NULL,NULL,2019,O,7.24E+11,098-KY-1460  -000,HIGH,098-KY-1460  -000,3.438,0,0,1,0,0,0,0,0,0,0,0,1,0,1
874,72374104,980100,2.02E+11,20190627,2229,,CASSIDY,,BLVD,,,0,098 CS-1191,CS1191,N,N,NULL,NULL,NULL,N,NULL,NULL,NULL,NULL,NULL,NULL,0.069,NULL,NULL,NULL,NULL,,NULL,0,0,1,1,N,N,35,NULL,98,9801,NULL,,Y,37.50365,-82.53326,N,NULL,NULL,NULL,NULL,NULL,NULL,NULL,NULL,9,3,2,6,1,1,2,4,1,3,N,NULL,Y,N,2231,2237,,N,NULL,38,,,N,,N,N,098-CS-1191-0,NULL,NULL,2019,O,7.24E+11,098-CS-1191  -000,HIGH,098-CS-1191  -000,0.069,0,0,0,0,0,0,0,0,0,0,0,0,0,1
875,72373505,KSP0900,19-23598,20190624,1742,,GREASY,,CRK,,,0,098 CR-1256,CR1256,N,N,NULL,NULL,NULL,N,NULL,NULL,NULL,NULL,NULL,NULL,2.481,NULL,NULL,NULL,NULL,,NULL,0,0,2,2,N,N,35,NULL,98,9841,NULL,,Y,37.35334,-82.49872,N,NULL,NULL,NULL,NULL,NULL,NULL,NULL,NULL,7,3,2,5,1,5,6,2,7,3,N,NULL,N,N,1742,1922,,N,NULL,54,,,N,,N,N,098-CR-1256-0,NULL,NULL,2019,O,7.24E+11,098-CR-1256  -000,HIGH,098-CR-1256  -000,2.481,0,0,1,0,0,0,0,0,0,0,0,1,0,0
876,72397072,KSP0900,19-32670,20190823,730,,KY1056,,,KY1056,KY1056,0,098 KY-1056,KY1056,N,N,NULL,NULL,NULL,N,NULL,NULL,NULL,NULL,NULL,NULL,7.774,NULL,NULL,NULL,NULL,,NULL,0,0,2,2,N,N,55,NULL,98,9863,NULL,,Y,37.58012,-82.17905,N,NULL,NULL,NULL,NULL,NULL,NULL,NULL,NULL,2,3,2,6,1,5,3,2,7,3,N,NULL,Y,N,730,750,800,N,NULL,56,7,0,N,,N,N,098-KY-1056-0,NULL,NULL,2019,O,7.24E+11,098-KY-1056  -000,HIGH,098-KY-1056  -000,7.774,0,0,0,0,0,0,1,1,0,0,0,0,0,0
877,72343862,KSP0900,19-14120,20190422,1706,,KY292,,,KY0292,KY0292,0,098 KY-292,KY0292,N,N,NULL,NULL,NULL,N,NULL,NULL,NULL,NULL,NULL,NULL,1.008,NULL,NULL,NULL,NULL,,NULL,1,0,1,1,N,N,45,NULL,98,9869,NULL,,Y,37.63992,-82.21799,N,NULL,NULL,NULL,NULL,NULL,NULL,NULL,NULL,9,3,2,1,1,1,2,2,7,3,Y,NULL,Y,Y,1706,1824,2100,N,NULL,40,8,0,N,,N,N,098-KY-0292-0,NULL,NULL,2019,C,7.23E+11,098-KY-0292  -000,HIGH,098-KY-0292  -000,1.008,0,1,0,1,0,0,0,0,0,0,0,1,0,0