OBJECTID,MasterFile,AgencyORINumber,LocalCode,CollisionDate,CollisionTime,CollisionDayWeekCode,RoadwayName,RoadwayName_Direction_,RoadwayName_RoadwaySuffix_,RoadwayfromReport,CurrentRoadwayNumber,RoadwayNumberCoupletID,RSEUniqueGIS,RoadwayIdentifier,ParkingLotIndicator,IntersectionWith_Indicator_,IntersectionWith_NameRoadway_,IntersectionWith_Direction_,IntersectionWith_RoadwaySuffix_,BetweenStreets_Indicator_,BetweenStreets1_NameRoadway_,BetweenStreet1_Direction_,BetweenStreets1_RoadwaySuffix_,BetweenStreets2_NameRoadway_,BetweenStreets2_Direction_,BetweenStreets2_RoadwaySuffix_,Milepoint,ReportMilepointDeriveNumber,CurrentDerivedMiepointNumber,MilestoMilepoint,FeettoMilepoint,DirectionfromMilepoint_NSEW_,ValidMilepointIndicator,NumberInjured,NumberKilled,ofUnits,ofMotorVehicleUnits,Hit&RunIndicator,OneWayIndicator,SpeedLimitNumber,KilometersIndicator,CountyCode,CityCountyCode,MilesFromCity,DirectionFromCity_NSEW_,InCityLimitsIndicator,Latitude,Longitude,RampIndicator,RampFromIdentifier,RampFromDirCode,RampFromCoupletID,RSEUniqueGISRampFrom,RampToidentifier,RampToDirCode,RampToCoupletID,RSEUniqueGisRampTo,MannerofCollisionCode,LocationFirstEventCode,TotalLanes,RoadwayCharacterCode,RoadwaySurfaceCode,RoadwayConditionCode,WeatherCode,LightConditionCode,LandUseCode,SchoolBusRelatedCode,FirstAidSceneIndicator,CollDescPresentInd,InvestigationCompleteIndicator,PhotosTakenIndicator,TimeNotified,TimeArrived,TimeRoadwayOpened,PropertyDamageIndicator,DiagramPresentIndicator,DirectionalAnalysis,FunctionClassCode,NationalHwySysCode,EnforcementsIndicator,KARSCityCode,SecondaryCollisionIndicator,MedianCrossoverIndicator,RT_UNIQUE,MapIt,TimeLastLeft,YR,KABCO,MFNY,WorkingRID,RT_CONFIDENCE,KTC_RT,KTC_MP,Motorcyclist,Commercial Vehicle,Young Driver,Mature Driver,Pedestrian,Bicyclist,Distracted,Aggressive,Impaired,Unrestrained,Intersection,Roadway Departure,Median Cross-over,City Crash
878,72355037,980100,2.02E+11,20190518,2257,,BILLUPS,,DR,,,0,098 CS-1221,CS1221,N,N,NULL,NULL,NULL,N,NULL,NULL,NULL,NULL,NULL,NULL,0.443,NULL,NULL,NULL,NULL,,NULL,0,0,2,2,N,N,25,NULL,98,9801,NULL,,Y,37.50613,-82.55281,N,NULL,NULL,NULL,NULL,NULL,NULL,NULL,NULL,1,3,1,4,1,1,2,6,6,3,N,NULL,Y,N,2258,2258,2310,N,NULL,55,,,N,,N,N,098-CS-1221-0,NULL,NULL,2019,O,7.24E+11,098-CS-1221  -000,HIGH,098-CS-1221  -000,0.443,0,0,1,0,0,0,0,0,0,0,0,0,0,1
879,72423841,370200,2019-40636,20191015,957,,US23,,,US0023,US0023,0,098 US-23-10,US0023,N,N,NULL,NULL,NULL,N,NULL,NULL,NULL,NULL,NULL,NULL,26.257,NULL,NULL,NULL,NULL,,NULL,0,0,1,1,N,N,55,NULL,98,9801,NULL,,Y,37.50329,-82.53231,N,NULL,NULL,NULL,NULL,NULL,NULL,NULL,NULL,9,3,4,3,1,1,3,2,7,3,N,NULL,Y,N,957,1012,1012,Y,NULL,70,,1,Y,,N,N,098-US-0023-10,NULL,NULL,2019,O,7.24E+11,098-US-0023  -010,HIGH,098-US-0023  -000,26.257,0,1,0,0,0,0,0,0,0,0,0,1,0,1
880,72353030,KSP0900,19-17370,20190514,1300,,SUKEY,,FRK,,,0,098 CR-1030,CR1030,N,N,NULL,NULL,NULL,N,NULL,NULL,NULL,NULL,NULL,NULL,0.084,NULL,NULL,NULL,NULL,,NULL,0,0,2,2,N,N,35,NULL,98,9826,NULL,,Y,37.63516,-82.32831,N,NULL,NULL,NULL,NULL,NULL,NULL,NULL,NULL,3,3,1,4,1,1,2,2,7,3,N,NULL,Y,N,1300,1340,1420,N,NULL,47,,,N,,N,N,098-CR-1030-0,NULL,NULL,2019,O,7.24E+11,098-CR-1030  -000,HIGH,098-CR-1030  -000,0.084,0,0,0,1,0,0,0,0,0,0,0,0,0,0
881,72385494,980100,2.02E+11,20190727,1715,,THOMPSON,,RD,,,,,,Y,N,NULL,NULL,NULL,N,NULL,NULL,NULL,NULL,NULL,NULL,0.329,NULL,NULL,NULL,NULL,,NULL,0,0,2,2,N,N,,NULL,98,9801,NULL,,Y,37.50784,-82.5425,N,NULL,NULL,NULL,NULL,NULL,NULL,NULL,NULL,2,97,2,6,1,1,2,2,1,3,N,NULL,Y,N,1715,1727,1727,N,NULL,90,,,N,,N,N,,NULL,NULL,2019,O,7.24E+11,098-CS-1215  -000,MEDIUM,098-CS-1215  -000,0.329,0,0,1,0,0,0,1,0,0,0,0,0,0,1
882,72323236,980000,19-02008,20190225,925,,VIRGIE,,RD,KY0610,KY0610,0,098 KY-610,KY0610,N,N,NULL,NULL,NULL,N,NULL,NULL,NULL,NULL,NULL,NULL,0.413,NULL,NULL,NULL,NULL,,NULL,0,0,2,2,N,N,15,NULL,98,9809,NULL,,Y,37.27847,-82.58528,N,NULL,NULL,NULL,NULL,NULL,NULL,NULL,NULL,5,97,2,6,1,1,2,2,5,3,N,NULL,N,N,930,1000,1000,N,NULL,47,7,0,Y,,N,N,098-KY-0610-0,NULL,NULL,2019,O,7.23E+11,098-KY-0610  -000,HIGH,098-KY-0610  -000,0.413,0,0,0,0,0,0,1,0,0,1,0,0,0,0
883,72389240,KSP0900,19-29601,20190803,1327,,RIGHT FORK OF BRUSHY,,RD,,,0,098 CR-1360Q4,CR1360Q4,N,N,NULL,NULL,NULL,N,NULL,NULL,NULL,NULL,NULL,NULL,5.453,NULL,NULL,NULL,NULL,,NULL,1,0,2,2,N,N,55,NULL,98,9887,NULL,,Y,37.60595,-82.44618,N,NULL,NULL,NULL,NULL,NULL,NULL,NULL,NULL,3,3,1,3,1,1,2,2,7,3,Y,NULL,Y,Y,1327,1355,1452,N,NULL,52,,,N,,N,N,098-CR-1360Q4-0,NULL,NULL,2019,B,7.24E+11,098-CR-1360Q4-000,HIGH,098-CR-1360Q4-000,5.453,0,0,0,1,0,0,0,0,0,0,0,1,0,0
884,72438560,KSP0900,19-45420,20191118,2124,,KY1373,,,KY1373,KY1373,0,098 KY-1373,KY1373,N,N,NULL,NULL,NULL,N,NULL,NULL,NULL,NULL,NULL,NULL,6.715,NULL,NULL,NULL,NULL,,NULL,0,0,1,1,N,N,55,NULL,98,9876,NULL,,Y,37.37232,-82.29702,N,NULL,NULL,NULL,NULL,NULL,NULL,NULL,NULL,9,5,2,1,1,1,2,4,6,3,N,NULL,Y,N,2129,2157,,Y,NULL,40,8,0,N,,N,N,098-KY-1373-0,NULL,NULL,2019,O,7.24E+11,098-KY-1373  -000,HIGH,098-KY-1373  -000,6.715,0,0,0,0,0,0,0,0,0,0,0,1,0,0
885,72310138,KSP0900,19-1585,20190114,2006,,KY1056,,,KY1056,KY1056,0,098 KY-1056,KY1056,N,N,NULL,NULL,NULL,N,NULL,NULL,NULL,NULL,NULL,NULL,8.97,NULL,NULL,NULL,NULL,,NULL,0,0,1,1,N,N,55,NULL,98,9863,NULL,,Y,37.59426,-82.16943,N,NULL,NULL,NULL,NULL,NULL,NULL,NULL,NULL,9,3,2,3,1,5,6,6,7,3,N,NULL,Y,N,2006,2039,2006,N,NULL,44,7,0,N,,N,N,098-KY-1056-0,NULL,NULL,2019,O,7.23E+11,098-KY-1056  -000,HIGH,098-KY-1056  -000,8.97,0,0,0,0,0,0,0,0,0,0,0,1,0,0
886,72604095,KSP0900,21-105729,20210317,617,,US460,,,US0460,US0460,0,098 US-460,US0460,N,N,NULL,NULL,NULL,N,NULL,NULL,NULL,NULL,NULL,NULL,11.524,NULL,NULL,NULL,NULL,,NULL,1,0,1,1,N,N,55,NULL,98,9802,4,NW,N,37.35678,-82.38998,N,NULL,NULL,NULL,NULL,NULL,NULL,NULL,NULL,9,5,2,3,1,1,3,6,7,3,N,NULL,Y,N,619,623,700,N,NULL,44,,1,N,,N,N,098-US-0460-0,NULL,NULL,2021,C,7.26E+11,098-US-0460  -000,HIGH,098-US-0460  -000,11.524,0,0,0,0,0,0,1,0,0,0,0,1,0,0
887,72378948,980100,2.02E+12,20190712,929,,US23,,,US0023,US0023,0,098 US-23-10,US0023,N,N,NULL,NULL,NULL,N,NULL,NULL,NULL,NULL,NULL,NULL,22.947,NULL,NULL,NULL,NULL,,NULL,1,0,2,2,N,N,55,NULL,98,9801,NULL,,Y,37.46539,-82.52607,N,NULL,NULL,NULL,NULL,NULL,NULL,NULL,NULL,1,3,4,6,1,1,2,2,1,3,N,NULL,Y,Y,930,933,958,N,NULL,55,,1,N,,N,N,098-US-0023-10,NULL,NULL,2019,B,7.24E+11,098-US-0023  -010,HIGH,098-US-0023  -000,22.947,0,0,0,0,0,0,0,0,0,0,0,0,0,1
888,72387011,980200,980200,20190730,1200,,ELKHORN,,CRK,KY0197,KY0197,0,098 KY-197,KY0197,N,N,NULL,NULL,NULL,N,NULL,NULL,NULL,NULL,NULL,NULL,15.481,NULL,NULL,NULL,NULL,,NULL,0,0,2,2,N,N,5,NULL,98,9802,NULL,,Y,37.29453,-82.3652,N,NULL,NULL,NULL,NULL,NULL,NULL,NULL,NULL,1,7,2,6,1,1,2,2,1,3,N,NULL,N,Y,1200,1210,1210,N,NULL,47,7,0,N,,N,N,098-KY-0197-0,NULL,NULL,2019,O,7.24E+11,098-KY-0197  -000,HIGH,098-KY-0197  -000,15.481,0,0,0,0,0,0,0,0,0,0,0,0,0,0
889,72346081,980000,19-04-001,20190406,1400,,AIRPORT,,RD,,,0,098 CR-1330Q4,CR1330Q4,N,N,NULL,NULL,NULL,N,NULL,NULL,NULL,NULL,NULL,NULL,2.829,NULL,NULL,NULL,NULL,,NULL,1,0,1,1,N,N,35,NULL,98,9801,14.7,W,N,37.57272,-82.58411,N,NULL,NULL,NULL,NULL,NULL,NULL,NULL,NULL,9,5,2,4,1,1,2,2,6,3,Y,NULL,Y,Y,1410,1430,1533,N,NULL,38,,,N,,N,N,098-CR-1330Q4-0,NULL,NULL,2019,B,7.23E+11,098-CR-1330Q4-000,HIGH,098-CR-1330Q4-000,2.829,0,0,0,0,0,0,0,0,0,0,0,1,0,0
890,72321147,980000,19-02-009,20190227,1605,,KY194,,,KY0194,KY0194,0,098 KY-194,KY0194,Y,N,NULL,NULL,NULL,N,NULL,NULL,NULL,NULL,NULL,NULL,25.006,NULL,NULL,NULL,NULL,,NULL,0,0,2,2,N,N,10,NULL,98,9817,NULL,,Y,37.51644,-82.36211,N,NULL,NULL,NULL,NULL,NULL,NULL,NULL,NULL,7,97,2,6,1,1,2,2,8,3,N,NULL,Y,Y,1600,1600,1600,N,NULL,90,6,0,N,,N,N,098-KY-0194-0,NULL,NULL,2019,O,7.23E+11,098-KY-0194  -000,HIGH,098-KY-0194  -000,25.006,0,0,0,0,0,0,0,0,0,0,0,0,0,0
891,72343308,KSP0900,19-10897,20190402,530,,KY194,,,KY0194,KY0194,0,098 KY-194,KY0194,N,N,NULL,NULL,NULL,N,NULL,NULL,NULL,NULL,NULL,NULL,23.065,NULL,NULL,NULL,NULL,,NULL,1,0,1,1,N,N,55,NULL,98,9817,NULL,,Y,37.53785,-82.36888,N,NULL,NULL,NULL,NULL,NULL,NULL,NULL,NULL,9,6,2,3,1,1,3,6,7,3,Y,NULL,Y,Y,533,628,715,N,NULL,44,6,0,N,,N,N,098-KY-0194-0,NULL,NULL,2019,C,7.23E+11,098-KY-0194  -000,HIGH,098-KY-0194  -000,23.065,0,0,0,0,0,0,1,0,0,1,0,1,0,0
892,72299519,KSP0900,19-0471,20190104,2133,,US23,,,US0023,US0023,0,098 US-23,US0023,N,N,NULL,NULL,NULL,N,NULL,NULL,NULL,NULL,NULL,NULL,28.634,NULL,NULL,NULL,NULL,,NULL,0,0,2,2,N,N,55,NULL,98,9807,NULL,,Y,37.52008,-82.56748,N,NULL,NULL,NULL,NULL,NULL,NULL,NULL,NULL,5,3,4,6,1,5,6,6,7,3,N,NULL,Y,N,2133,2144,,N,NULL,49,,1,N,,N,N,098-US-0023-0,NULL,NULL,2019,O,7.23E+11,098-US-0023  -000,HIGH,098-US-0023  -000,28.634,0,0,0,0,0,0,1,0,0,0,0,0,0,0
893,72385507,980100,2.02E+11,20190728,2048,,CASSIDY,,BLVD,,,0,098 CS-1191,CS1191,N,N,NULL,NULL,NULL,N,NULL,NULL,NULL,NULL,NULL,NULL,0.315,NULL,NULL,NULL,NULL,,NULL,0,0,2,2,N,N,25,NULL,98,9801,NULL,,Y,37.50522,-82.53714,N,NULL,NULL,NULL,NULL,NULL,NULL,NULL,NULL,5,3,3,6,1,1,2,3,1,3,N,NULL,Y,N,2048,2054,2048,N,NULL,70,,,N,,N,N,098-CS-1191-0,NULL,NULL,2019,O,7.24E+11,098-CS-1191  -000,HIGH,098-CS-1191  -000,0.315,0,0,0,0,0,0,1,0,0,0,0,0,0,1
894,72452709,980100,2.02E+11,20191217,1033,,US23,,,US0023,US0023,0,098 US-23,US0023,N,N,NULL,NULL,NULL,N,NULL,NULL,NULL,NULL,NULL,NULL,27.336,NULL,NULL,NULL,NULL,,NULL,1,0,2,2,N,N,55,NULL,98,9801,NULL,,Y,37.51069,-82.54808,N,NULL,NULL,NULL,NULL,NULL,NULL,NULL,NULL,1,3,4,6,1,5,6,2,1,3,Y,NULL,Y,Y,1033,1040,1150,N,NULL,55,,1,N,,N,N,098-US-0023-0,NULL,NULL,2019,C,7.25E+11,098-US-0023  -000,HIGH,098-US-0023  -000,27.336,0,0,0,0,0,0,0,1,0,0,0,0,0,1
895,72418917,980000,19-10-003,20191009,1835,,CSX,,RD,,,0,098 CR-1311Q4,CR1311Q4,N,N,NULL,NULL,NULL,N,NULL,NULL,NULL,NULL,NULL,NULL,0.056,NULL,NULL,NULL,NULL,,NULL,0,0,2,2,Y,N,55,NULL,98,9801,18,E,N,37.59517,-82.50622,N,NULL,NULL,NULL,NULL,NULL,NULL,NULL,NULL,7,3,,5,3,1,2,2,7,3,N,NULL,N,Y,1925,2016,2016,N,NULL,54,,,N,,N,N,098-CR-1311Q4-0,NULL,NULL,2019,O,7.24E+11,098-CR-1311Q4-000,HIGH,098-CR-1311Q4-000,0.056,0,0,0,0,0,0,0,0,0,0,0,1,0,0
896,72415361,KSP0900,19-38752,20191003,615,,ASHCAMP,,RD,KY0195,KY0195,0,098 KY-195,KY0195,N,N,NULL,NULL,NULL,N,NULL,NULL,NULL,NULL,NULL,NULL,1.589,NULL,NULL,NULL,NULL,,NULL,0,0,1,1,N,N,35,NULL,98,9864,NULL,,Y,37.27902,-82.45426,N,NULL,NULL,NULL,NULL,NULL,NULL,NULL,NULL,9,5,2,1,1,1,2,6,7,3,N,NULL,Y,N,615,630,,N,NULL,44,8,0,N,,N,N,098-KY-0195-0,NULL,NULL,2019,O,7.24E+11,098-KY-0195  -000,HIGH,098-KY-0195  -000,1.589,0,0,0,0,0,0,0,0,0,0,0,1,0,0
897,72372961,980100,2.02E+11,20190628,1602,,LAKEVIEW,,DR,,,0,098 CS-1216,CS1216,Y,N,NULL,NULL,NULL,N,NULL,NULL,NULL,NULL,NULL,NULL,0.052,NULL,NULL,NULL,NULL,,NULL,0,0,2,2,N,N,,NULL,98,9801,NULL,,Y,37.50713,-82.54552,N,NULL,NULL,NULL,NULL,NULL,NULL,NULL,NULL,2,97,1,6,1,1,2,2,6,3,N,NULL,Y,N,1602,1611,1611,N,NULL,90,,,N,,N,N,098-CS-1216-0,NULL,NULL,2019,O,7.24E+11,098-CS-1216  -000,HIGH,098-CS-1216  -000,0.052,0,0,1,0,0,0,0,0,0,0,0,0,0,1
898,72393683,980100,2.02E+11,20190815,826,,PIKEVILLE MEDICAL CENTER PARKING LOT,,RD,,,0,098 CS-1223,CS1223,Y,N,NULL,NULL,NULL,N,NULL,NULL,NULL,NULL,NULL,NULL,,NULL,NULL,NULL,NULL,NULL,NULL,0,0,2,2,Y,N,,NULL,98,9801,NULL,,Y,37.4709,-82.52168,N,NULL,NULL,NULL,NULL,NULL,NULL,NULL,NULL,1,97,1,6,2,1,2,2,1,3,N,NULL,N,N,923,923,928,N,NULL,90,,,N,,N,N,098-CS-1223-0,NULL,NULL,2019,O,7.24E+11,098-CS-1223  -000,HIGH,098-CS-1223  -000,0.143,0,0,0,0,0,0,0,0,0,0,0,0,0,1
899,72397161,KSP0900,19-32388,20190821,130,,US119,,,US0119,US0119,0,098 US-119,US0119,N,N,NULL,NULL,NULL,N,NULL,NULL,NULL,NULL,NULL,NULL,18.377,NULL,NULL,NULL,NULL,,NULL,2,0,1,1,N,N,55,NULL,98,9851,NULL,,Y,37.59537,-82.28184,N,NULL,NULL,NULL,NULL,NULL,NULL,NULL,NULL,9,2,2,1,1,1,3,2,7,3,Y,NULL,Y,N,1322,1324,1332,N,NULL,40,2,1,N,,N,N,098-US-0119-0,NULL,NULL,2019,C,7.24E+11,098-US-0119  -000,HIGH,098-US-0119  -000,18.377,0,0,0,0,0,0,0,0,0,0,0,1,1,0
900,72352973,KSP0900,19-17112,20190512,1026,,KY1426,,,KY1426,KY1426,0,098 KY-1426,KY1426,N,N,NULL,NULL,NULL,N,NULL,NULL,NULL,NULL,NULL,NULL,10.343,NULL,NULL,NULL,NULL,,NULL,1,0,1,1,N,N,55,NULL,98,9828,NULL,,Y,37.51438,-82.47444,N,NULL,NULL,NULL,NULL,NULL,NULL,NULL,NULL,9,5,2,3,1,5,6,2,7,3,Y,NULL,Y,Y,1026,1047,1047,Y,NULL,40,7,0,N,,N,N,098-KY-1426-0,NULL,NULL,2019,B,7.24E+11,098-KY-1426  -000,HIGH,098-KY-1426  -000,10.343,0,0,0,1,0,0,0,1,0,0,0,1,0,0
901,72314167,KSP0900,19-3760,20190204,1700,,POUNDING MILL,,RD,,,,,,N,N,NULL,NULL,NULL,N,NULL,NULL,NULL,NULL,NULL,NULL,0.012,NULL,NULL,NULL,NULL,,NULL,2,0,2,2,N,N,25,NULL,98,9811,NULL,,Y,37.56372,-82.14616,N,NULL,NULL,NULL,NULL,NULL,NULL,NULL,NULL,3,3,1,1,1,1,2,2,7,3,Y,NULL,Y,Y,1700,1700,1800,N,NULL,52,,,N,,N,N,,NULL,NULL,2019,C,7.23E+11,098-CR-1526  -000,HIGH,098-CR-1526  -000,0.012,0,0,0,0,0,0,1,0,0,1,0,1,0,0
902,72438609,980100,2.02E+11,20191113,1327,,HAMBLEY,,BLVD,,,0,098 CS-1222,CS1222,N,N,NULL,NULL,NULL,N,NULL,NULL,NULL,NULL,NULL,NULL,0.661,NULL,NULL,NULL,NULL,,NULL,0,0,2,2,N,N,25,NULL,98,9801,NULL,,Y,37.48057,-82.519,N,NULL,NULL,NULL,NULL,NULL,NULL,NULL,NULL,1,3,2,6,1,1,2,2,1,3,N,NULL,N,N,1328,1328,1337,N,NULL,55,,,N,,N,N,098-CS-1222-0,NULL,NULL,2019,O,7.24E+11,098-CS-1222  -000,HIGH,098-CS-1222  -000,0.661,0,1,0,0,0,0,1,1,0,0,0,0,0,1
903,72414154,980100,2.02E+11,20190924,1358,,CASSIDY BLVD,,,,,,,,Y,N,NULL,NULL,NULL,N,NULL,NULL,NULL,NULL,NULL,NULL,,NULL,NULL,NULL,NULL,NULL,NULL,0,0,2,2,N,N,15,NULL,98,9801,NULL,,Y,37.50668,-82.53954,N,NULL,NULL,NULL,NULL,NULL,NULL,NULL,NULL,2,97,1,6,1,1,2,2,1,3,N,NULL,Y,N,1403,1411,1422,N,NULL,90,,,N,,N,N,,NULL,NULL,2019,O,7.24E+11,098-CS-1191  -000,MEDIUM,098-CS-1191  -000,0.375,0,0,0,0,0,0,1,0,0,0,0,0,0,1
904,72329057,980100,2.02E+11,20190320,1206,,US23,,,US0023,US0023,0,098 US-23,US0023,N,N,NULL,NULL,NULL,N,NULL,NULL,NULL,NULL,NULL,NULL,21.062,NULL,NULL,NULL,NULL,,NULL,0,0,2,2,N,N,55,NULL,98,9801,NULL,,Y,37.44589,-82.52592,N,NULL,NULL,NULL,NULL,NULL,NULL,NULL,NULL,5,3,4,3,1,1,2,2,7,3,N,NULL,Y,N,1206,1215,,N,NULL,49,,1,N,,N,N,098-US-0023-0,NULL,NULL,2019,O,7.23E+11,098-US-0023  -000,HIGH,098-US-0023  -000,21.062,0,0,0,0,0,0,1,0,0,0,0,0,0,1
905,72355444,KSP0900,19-18-053,20190518,2241,,KY195,,,KY0195,KY0195,0,098 KY-195,KY0195,N,N,NULL,NULL,NULL,N,NULL,NULL,NULL,NULL,NULL,NULL,10.794,NULL,NULL,NULL,NULL,,NULL,0,0,2,2,N,N,55,NULL,98,9830,1,N,N,37.35876,-82.4176,N,NULL,NULL,NULL,NULL,NULL,NULL,NULL,NULL,7,3,2,3,1,1,2,6,7,3,N,NULL,Y,Y,2241,2341,34,N,NULL,54,7,0,Y,,N,N,098-KY-0195-0,NULL,NULL,2019,O,7.24E+11,098-KY-0195  -000,HIGH,098-KY-0195  -000,10.794,0,0,0,0,0,0,1,0,0,0,0,1,0,0
906,72329858,KSP0900,19-9381,20190322,815,,KY194,,,KY0194,KY0194,0,098 KY-194,KY0194,N,N,NULL,NULL,NULL,N,NULL,NULL,NULL,NULL,NULL,NULL,47.784,NULL,NULL,NULL,NULL,,NULL,1,0,1,1,N,N,55,NULL,98,9804,NULL,,Y,37.44768,-82.16859,N,NULL,NULL,NULL,NULL,NULL,NULL,NULL,NULL,9,3,2,6,1,5,3,2,7,3,Y,NULL,Y,Y,815,835,840,N,NULL,44,8,0,N,,N,N,098-KY-0194-0,NULL,NULL,2019,B,7.23E+11,098-KY-0194  -000,HIGH,098-KY-0194  -000,47.784,0,0,1,0,0,0,0,1,0,1,0,1,0,0
907,72409448,KSP0900,19-35470,20190911,1030,,POPLAR FORK WOODMAN,,RD,KY2059,KY2059,0,098 KY-2059,KY2059,N,N,NULL,NULL,NULL,N,NULL,NULL,NULL,NULL,NULL,NULL,0.759,NULL,NULL,NULL,NULL,,NULL,1,0,2,2,N,N,55,NULL,98,9855,NULL,,Y,37.50663,-82.05623,N,NULL,NULL,NULL,NULL,NULL,NULL,NULL,NULL,3,3,2,3,1,1,2,2,7,3,Y,NULL,N,Y,1022,1046,1130,N,NULL,52,9,0,Y,,N,N,098-KY-2059-0,NULL,NULL,2019,C,7.24E+11,098-KY-2059  -000,HIGH,098-KY-2059  -000,0.759,0,0,1,0,0,0,1,0,0,0,0,1,0,0
908,72451393,KSP0900,19-48623,20191213,301,,KY632,,,KY0632,KY0632,0,098 KY-632,KY0632,N,N,NULL,NULL,NULL,N,NULL,NULL,NULL,NULL,NULL,NULL,8.846,NULL,NULL,NULL,NULL,,NULL,1,0,1,1,N,N,55,NULL,98,9804,NULL,,Y,37.48354,-82.21524,N,NULL,NULL,NULL,NULL,NULL,NULL,NULL,NULL,9,5,2,3,1,2,3,7,7,3,N,NULL,Y,Y,304,327,438,N,NULL,40,6,0,N,,N,Y,098-KY-0632-0,NULL,NULL,2019,C,7.25E+11,098-KY-0632  -000,HIGH,098-KY-0632  -000,8.846,0,0,0,0,0,0,0,1,0,0,0,1,0,0
909,72317069,980100,2.02E+11,20190216,1120,,MAYO,N,TRL,US0023,US0023,0,098 US-23,US0023,N,N,NULL,NULL,NULL,N,NULL,NULL,NULL,NULL,NULL,NULL,31.798,NULL,NULL,NULL,NULL,,NULL,3,0,2,2,N,N,55,NULL,98,9801,NULL,,Y,37.5374,-82.60514,N,NULL,NULL,NULL,NULL,NULL,NULL,NULL,NULL,1,3,4,6,1,5,3,2,7,3,Y,NULL,Y,Y,1120,1126,1152,N,NULL,55,,1,N,,N,N,098-US-0023-0,NULL,NULL,2019,C,7.23E+11,098-US-0023  -000,HIGH,098-US-0023  -000,31.798,0,0,0,0,0,0,1,0,0,0,0,0,0,1
910,72968999,KSP0900,23-433692,20231023,1650,,KY1056,,,KY1056,KY1056,0,098 KY-1056,KY1056,N,N,NULL,NULL,NULL,N,NULL,NULL,NULL,NULL,NULL,NULL,11.337,NULL,NULL,NULL,NULL,,NULL,0,0,2,2,N,N,35,NULL,98,9863,NULL,,Y,37.61781,-82.16603,N,NULL,NULL,NULL,NULL,NULL,NULL,NULL,NULL,1,3,2,3,1,1,2,2,7,3,N,NULL,Y,N,1650,1705,1720,N,NULL,55,7,0,N,,N,N,098-KY-1056-0,NULL,NULL,2023,O,7.30E+11,098-KY-1056  -000,HIGH,098-KY-1056  -000,11.38,0,0,0,1,0,0,0,0,0,0,0,0,0,0
911,72359748,KSP0900,2019-19223,20190526,1524,,US23,,,US0023,US0023,0,098 US-23-10,US0023,Y,N,NULL,NULL,NULL,N,NULL,NULL,NULL,NULL,NULL,NULL,,NULL,NULL,NULL,NULL,,NULL,0,0,2,2,N,N,10,NULL,98,9807,NULL,,Y,37.52029,-82.56826,N,NULL,NULL,NULL,NULL,NULL,NULL,NULL,NULL,2,97,,6,1,1,2,2,1,3,N,NULL,Y,N,1530,1535,1605,N,NULL,90,,1,N,,N,N,098-US-0023-10,NULL,NULL,2019,O,7.24E+11,098-US-0023  -010,HIGH,098-US-0023  -000,28.677,0,0,0,0,0,0,1,0,0,0,0,0,0,0
912,72414427,980000,1909014,20190930,1358,,BELFRY POST OFFICE PARKING LOT,,,,,,,,N,N,NULL,NULL,NULL,N,NULL,NULL,NULL,NULL,NULL,NULL,,NULL,NULL,NULL,NULL,NULL,NULL,0,0,2,2,N,Y,10,NULL,98,9836,1,S,N,37.6228,-82.26731,N,NULL,NULL,NULL,NULL,NULL,NULL,NULL,NULL,8,7,1,6,1,1,2,2,1,3,N,NULL,N,N,1410,1415,1550,N,NULL,53,,,N,,N,N,,NULL,NULL,2019,O,7.24E+11,098-CR-1098B -000,MEDIUM,098-CR-1098B -000,0.014,0,0,0,0,0,0,1,0,0,0,0,1,0,0
913,72442271,KSP0900,19-46204,20191124,2030,,TOLER,,RD,KY0319,KY0319,,,,N,N,NULL,NULL,NULL,N,NULL,NULL,NULL,NULL,NULL,NULL,0.19,NULL,NULL,NULL,NULL,,NULL,0,0,1,1,N,N,45,NULL,98,9863,NULL,,Y,37.58103,-82.18227,N,NULL,NULL,NULL,NULL,NULL,NULL,NULL,NULL,9,3,2,6,1,1,2,4,7,3,N,NULL,N,N,1946,1957,2241,N,NULL,40,7,0,N,,N,N,,NULL,NULL,2019,O,7.24E+11,098-KY-0319  -000,HIGH,098-KY-0319  -000,0.19,0,0,0,0,0,0,0,0,1,1,0,1,0,0
914,72317769,980100,2.02E+11,20190212,1216,,US23,,,US0023,US0023,,,,N,N,NULL,NULL,NULL,N,NULL,NULL,NULL,NULL,NULL,NULL,27.459,NULL,NULL,NULL,NULL,,NULL,0,0,2,2,Y,N,55,NULL,98,9807,NULL,,Y,37.51118,-82.55022,N,NULL,NULL,NULL,NULL,NULL,NULL,NULL,NULL,5,3,4,6,1,5,6,2,7,3,N,NULL,Y,N,1216,1217,1217,N,NULL,49,,1,N,,N,N,,NULL,NULL,2019,O,7.23E+11,098-US-0023  -010,MEDIUM,098-US-0023  -000,27.459,0,0,0,0,0,0,0,0,0,0,0,0,0,1
915,72348641,980100,2.02E+11,20190430,1539,,CASSIDY,,BLVD,,,,,,N,N,NULL,NULL,NULL,N,NULL,NULL,NULL,NULL,NULL,NULL,0.321,NULL,NULL,NULL,NULL,,NULL,0,0,2,2,N,N,25,NULL,98,9801,NULL,,Y,37.506,-82.53778,N,NULL,NULL,NULL,NULL,NULL,NULL,NULL,NULL,8,3,3,6,1,1,2,2,1,3,N,NULL,Y,N,1539,1547,1556,N,NULL,53,,,N,,N,N,,NULL,NULL,2019,O,7.23E+11,098-CS-1191  -000,MEDIUM,098-CS-1191  -000,0.321,0,1,0,0,0,0,1,0,0,0,0,1,0,1