OBJECTID,MasterFile,AgencyORINumber,LocalCode,CollisionDate,CollisionTime,CollisionDayWeekCode,RoadwayName,RoadwayName_Direction_,RoadwayName_RoadwaySuffix_,RoadwayfromReport,CurrentRoadwayNumber,RoadwayNumberCoupletID,RSEUniqueGIS,RoadwayIdentifier,ParkingLotIndicator,IntersectionWith_Indicator_,IntersectionWith_NameRoadway_,IntersectionWith_Direction_,IntersectionWith_RoadwaySuffix_,BetweenStreets_Indicator_,BetweenStreets1_NameRoadway_,BetweenStreet1_Direction_,BetweenStreets1_RoadwaySuffix_,BetweenStreets2_NameRoadway_,BetweenStreets2_Direction_,BetweenStreets2_RoadwaySuffix_,Milepoint,ReportMilepointDeriveNumber,CurrentDerivedMiepointNumber,MilestoMilepoint,FeettoMilepoint,DirectionfromMilepoint_NSEW_,ValidMilepointIndicator,NumberInjured,NumberKilled,ofUnits,ofMotorVehicleUnits,Hit&RunIndicator,OneWayIndicator,SpeedLimitNumber,KilometersIndicator,CountyCode,CityCountyCode,MilesFromCity,DirectionFromCity_NSEW_,InCityLimitsIndicator,Latitude,Longitude,RampIndicator,RampFromIdentifier,RampFromDirCode,RampFromCoupletID,RSEUniqueGISRampFrom,RampToidentifier,RampToDirCode,RampToCoupletID,RSEUniqueGisRampTo,MannerofCollisionCode,LocationFirstEventCode,TotalLanes,RoadwayCharacterCode,RoadwaySurfaceCode,RoadwayConditionCode,WeatherCode,LightConditionCode,LandUseCode,SchoolBusRelatedCode,FirstAidSceneIndicator,CollDescPresentInd,InvestigationCompleteIndicator,PhotosTakenIndicator,TimeNotified,TimeArrived,TimeRoadwayOpened,PropertyDamageIndicator,DiagramPresentIndicator,DirectionalAnalysis,FunctionClassCode,NationalHwySysCode,EnforcementsIndicator,KARSCityCode,SecondaryCollisionIndicator,MedianCrossoverIndicator,RT_UNIQUE,MapIt,TimeLastLeft,YR,KABCO,MFNY,WorkingRID,RT_CONFIDENCE,KTC_RT,KTC_MP,Motorcyclist,Commercial Vehicle,Young Driver,Mature Driver,Pedestrian,Bicyclist,Distracted,Aggressive,Impaired,Unrestrained,Intersection,Roadway Departure,Median Cross-over,City Crash
916,72349818,KSP0900,19-16076,20190505,844,,KY1426,,,KY1426,KY1426,0,098 KY-1426,KY1426,N,N,NULL,NULL,NULL,N,NULL,NULL,NULL,NULL,NULL,NULL,13.53,NULL,NULL,NULL,NULL,,NULL,0,0,1,1,N,N,55,NULL,98,9828,NULL,,Y,37.55273,-82.45686,N,NULL,NULL,NULL,NULL,NULL,NULL,NULL,NULL,9,3,2,3,1,5,6,2,7,3,N,NULL,Y,N,845,851,851,N,NULL,44,7,0,N,,N,N,098-KY-1426-0,NULL,NULL,2019,O,7.23E+11,098-KY-1426  -000,HIGH,098-KY-1426  -000,13.53,0,0,0,0,0,0,0,0,0,0,0,1,0,0
917,72455202,980000,1912001,20191202,1528,,KY632,,,KY0632,KY0632,0,098 KY-632,KY0632,N,N,NULL,NULL,NULL,N,NULL,NULL,NULL,NULL,NULL,NULL,12.528,NULL,NULL,NULL,NULL,,NULL,0,0,2,2,N,N,25,NULL,98,9804,NULL,,Y,37.50065,-82.16633,N,NULL,NULL,NULL,NULL,NULL,NULL,NULL,NULL,8,7,2,6,1,5,3,2,8,3,N,NULL,Y,N,1330,1343,1344,N,NULL,47,6,0,N,,N,N,098-KY-0632-0,NULL,NULL,2019,O,7.25E+11,098-KY-0632  -000,HIGH,098-KY-0632  -000,12.528,0,0,0,0,0,0,1,0,0,0,0,0,0,0
918,72423353,980100,2.02E+11,20191018,1459,,HAROLDS BRANCH,,RD,,,0,098 CS-1223,CS1223,Y,N,NULL,NULL,NULL,N,NULL,NULL,NULL,NULL,NULL,NULL,0.146,NULL,NULL,NULL,NULL,,NULL,0,0,2,2,N,N,15,NULL,98,9801,NULL,,Y,37.47108,-82.52128,N,NULL,NULL,NULL,NULL,NULL,NULL,NULL,NULL,8,97,1,6,2,1,2,2,1,3,N,NULL,Y,N,1459,1505,,N,NULL,90,,,N,,N,N,098-CS-1223-0,NULL,NULL,2019,O,7.24E+11,098-CS-1223  -000,HIGH,098-CS-1223  -000,0.146,0,0,0,0,0,0,1,0,0,0,0,0,0,1
919,72407266,980100,2.02E+11,20190913,913,,MAYO,N,TRL,US0023,US0023,0,098 US-23,US0023,N,N,NULL,NULL,NULL,N,NULL,NULL,NULL,NULL,NULL,NULL,26.28,NULL,NULL,NULL,NULL,,NULL,0,0,2,2,N,N,55,NULL,98,9801,NULL,,Y,37.50361,-82.53214,N,NULL,NULL,NULL,NULL,NULL,NULL,NULL,NULL,5,3,4,6,1,1,2,5,7,3,N,NULL,Y,N,2104,2107,2107,N,NULL,49,,1,N,,N,N,098-US-0023-0,NULL,NULL,2019,O,7.24E+11,098-US-0023  -000,HIGH,098-US-0023  -000,26.28,0,0,0,1,0,0,1,0,0,0,0,0,0,1
920,72389181,980100,2.02E+11,20190805,1428,,US23,,,US0023,US0023,,,,N,N,NULL,NULL,NULL,N,NULL,NULL,NULL,NULL,NULL,NULL,32.36,NULL,NULL,NULL,NULL,,NULL,0,0,1,1,N,N,55,NULL,98,9801,NULL,,Y,37.53711,-82.61526,N,NULL,NULL,NULL,NULL,NULL,NULL,NULL,NULL,9,3,4,3,1,1,2,2,7,3,N,NULL,Y,N,1428,1446,1505,N,NULL,70,,1,N,,N,N,,NULL,NULL,2019,O,7.24E+11,098-US-0023  -010,MEDIUM,098-US-0023  -000,32.36,0,0,0,1,0,0,0,0,0,0,0,1,0,1
921,72402029,KSP0900,19-34269,20190903,930,,RED CREEK,,RD,,,0,098 CR-1263,CR1263,N,N,NULL,NULL,NULL,N,NULL,NULL,NULL,NULL,NULL,NULL,1.518,NULL,NULL,NULL,NULL,,NULL,0,0,1,1,N,N,35,NULL,98,9824,NULL,,Y,37.44721,-82.46466,N,NULL,NULL,NULL,NULL,NULL,NULL,NULL,NULL,9,97,1,4,1,1,2,2,5,3,Y,NULL,Y,Y,930,945,,N,NULL,44,,,N,,N,N,098-CR-1263-0,NULL,NULL,2019,O,7.24E+11,098-CR-1263  -000,HIGH,098-CR-1263  -000,1.518,0,0,0,1,0,0,1,0,0,0,0,1,0,0
922,72409757,980100,2.02E+11,20190918,1228,,CASSIDY,,BLVD,,,0,098 CS-1191,CS1191,Y,N,NULL,NULL,NULL,N,NULL,NULL,NULL,NULL,NULL,NULL,0.049,NULL,NULL,NULL,NULL,,NULL,0,0,2,2,N,N,,NULL,98,9801,NULL,,Y,37.50368,-82.53296,N,NULL,NULL,NULL,NULL,NULL,NULL,NULL,NULL,2,97,1,6,1,1,2,2,1,3,N,NULL,Y,N,1228,1234,1234,N,NULL,90,,,N,,N,N,098-CS-1191-0,NULL,NULL,2019,O,7.24E+11,098-CS-1191  -000,HIGH,098-CS-1191  -000,0.049,0,0,0,1,0,0,1,0,0,0,0,0,0,1
923,72813901,KSP0900,22-382352,20221003,1241,,KY194,,,KY0194,KY0194,0,098 KY-194,KY0194,N,N,NULL,NULL,NULL,N,NULL,NULL,NULL,NULL,NULL,NULL,60.352,NULL,NULL,NULL,NULL,,NULL,0,0,2,2,N,N,35,NULL,98,9811,NULL,,Y,37.5637,-82.14595,N,NULL,NULL,NULL,NULL,NULL,NULL,NULL,NULL,8,3,2,6,1,1,2,2,7,3,N,NULL,Y,N,1243,1540,1241,N,NULL,53,7,0,Y,,N,N,098-KY-0194-0,NULL,NULL,2022,O,7.28E+11,098-KY-0194  -000,HIGH,098-KY-0194  -000,60.352,0,0,0,0,0,0,1,0,0,0,0,1,0,0
924,72411797,980100,2.02E+11,20190924,1504,,HAMBLEY BLVD,,,,,,,,Y,N,NULL,NULL,NULL,N,NULL,NULL,NULL,NULL,NULL,NULL,,NULL,NULL,NULL,NULL,NULL,NULL,0,0,2,2,N,N,,NULL,98,9801,NULL,,Y,37.47813,-82.52031,N,NULL,NULL,NULL,NULL,NULL,NULL,NULL,NULL,8,97,,6,2,1,2,2,1,3,N,NULL,Y,N,1504,1506,,N,NULL,90,,,N,,N,N,,NULL,NULL,2019,O,7.24E+11,098-CS-1222  -000,HIGH,098-CS-1222  -000,0.487,0,0,1,0,0,0,0,0,0,0,0,0,0,1
925,72328179,KSP0900,19-8386,20190314,1520,,GRAPEVINE,,RD,KY0194,KY0194,0,098 KY-194,KY0194,N,N,NULL,NULL,NULL,N,NULL,NULL,NULL,NULL,NULL,NULL,35.078,NULL,NULL,NULL,NULL,,NULL,0,0,2,2,N,N,55,NULL,98,9832,NULL,,Y,37.45053,-82.30492,N,NULL,NULL,NULL,NULL,NULL,NULL,NULL,NULL,5,3,2,6,1,1,3,2,7,3,N,NULL,Y,N,1523,1545,1450,N,NULL,49,7,0,N,,N,N,098-KY-0194-0,NULL,NULL,2019,O,7.23E+11,098-KY-0194  -000,HIGH,098-KY-0194  -000,35.078,0,0,1,0,0,0,1,0,0,0,0,0,0,0
926,72329033,980100,2.02E+11,20190320,1013,,US23,,,US0023,US0023,0,098 US-23-10,US0023,N,N,NULL,NULL,NULL,N,NULL,NULL,NULL,NULL,NULL,NULL,20.68,NULL,NULL,NULL,NULL,,NULL,1,0,1,1,N,N,55,NULL,98,9801,NULL,,Y,37.44276,-82.52061,N,NULL,NULL,NULL,NULL,NULL,NULL,NULL,NULL,9,5,4,3,1,1,2,2,1,3,Y,NULL,Y,Y,1014,1021,1052,Y,NULL,41,,1,N,,N,N,098-US-0023-10,NULL,NULL,2019,C,7.23E+11,098-US-0023  -010,HIGH,098-US-0023  -000,20.68,0,0,0,0,0,0,0,0,0,0,0,1,0,1
927,72918640,KSP0900,23-314176,20230705,831,,US23,,,US0023,US0023,0,098 US-23,US0023,N,N,NULL,NULL,NULL,N,NULL,NULL,NULL,NULL,NULL,NULL,5.59,NULL,NULL,NULL,NULL,,NULL,0,0,1,1,N,N,55,NULL,98,9809,NULL,,Y,37.28551,-82.55656,N,NULL,NULL,NULL,NULL,NULL,NULL,NULL,NULL,9,3,4,4,1,1,2,2,7,3,N,NULL,Y,N,831,831,835,N,NULL,38,,1,N,,N,N,098-US-0023-0,NULL,NULL,2023,O,7.29E+11,098-US-0023  -000,HIGH,098-US-0023  -000,5.591,0,0,0,0,0,0,0,0,0,0,0,0,0,0
928,72300298,980100,2.02E+11,20190108,1257,,MAIN,,ST,,,0,098 CS-1112,CS1112,N,N,NULL,NULL,NULL,N,NULL,NULL,NULL,NULL,NULL,NULL,0.282,NULL,NULL,NULL,NULL,,NULL,0,0,2,2,Y,N,15,NULL,98,9801,NULL,,Y,37.48128,-82.51608,N,NULL,NULL,NULL,NULL,NULL,NULL,NULL,NULL,2,3,1,6,1,1,3,2,1,3,N,NULL,N,N,1257,1302,1302,N,NULL,47,,,Y,,N,N,098-CS-1112-0,NULL,NULL,2019,O,7.23E+11,098-CS-1112  -000,HIGH,098-CS-1112  -000,0.282,0,0,0,0,0,0,1,0,0,0,0,0,0,1
929,72303429,KSP0900,19-00632,20190106,1251,,KY292,,,KY0292,KY0292,,,,N,N,NULL,NULL,NULL,N,NULL,NULL,NULL,NULL,NULL,NULL,3.116,NULL,NULL,NULL,NULL,,NULL,1,0,1,1,N,N,45,NULL,98,9869,NULL,,Y,37.66046,-82.24214,N,NULL,NULL,NULL,NULL,NULL,NULL,NULL,NULL,9,3,2,6,1,5,6,2,7,3,Y,NULL,Y,Y,1300,1302,1332,N,NULL,44,8,0,N,,N,N,,NULL,NULL,2019,B,7.23E+11,098-KY-0292  -000,MEDIUM,098-KY-0292  -000,3.116,0,0,0,0,0,0,0,0,0,0,0,1,0,0
930,72356627,980100,2.02E+11,20190523,1456,,BYPASS,S,RD,KY1426,KY1426,0,098 KY-1426,KY1426,N,N,NULL,NULL,NULL,N,NULL,NULL,NULL,NULL,NULL,NULL,6.558,NULL,NULL,NULL,NULL,,NULL,0,0,2,2,Y,N,45,NULL,98,9801,NULL,,Y,37.48286,-82.5134,N,NULL,NULL,NULL,NULL,NULL,NULL,NULL,NULL,5,3,2,,1,1,2,2,7,3,N,NULL,N,N,1457,1500,1500,N,NULL,49,,0,N,,N,N,098-KY-1426-0,NULL,NULL,2019,O,7.24E+11,098-KY-1426  -000,HIGH,098-KY-1426  -000,6.558,0,0,1,0,0,0,1,1,0,0,0,0,0,1
931,72306541,KSP0900,19-2156,20190120,1511,,KY80,,,KY0080,KY0080,0,098 KY-80,KY0080,N,N,NULL,NULL,NULL,N,NULL,NULL,NULL,NULL,NULL,NULL,5.084,NULL,NULL,NULL,NULL,,NULL,0,0,1,1,N,N,55,NULL,98,9802,NULL,,Y,37.29507,-82.32597,N,NULL,NULL,NULL,NULL,NULL,NULL,NULL,NULL,9,3,2,1,1,5,3,2,7,3,N,NULL,Y,Y,1511,1552,,N,NULL,40,7,0,N,,N,N,098-KY-0080-0,NULL,NULL,2019,O,7.23E+11,098-KY-0080  -000,HIGH,098-KY-0080  -000,5.084,0,0,1,0,0,0,0,0,0,0,0,1,0,0
932,72381570,KSP0900,19-27410,20190719,514,,US23,,,US0023,US0023,0,098 US-23,US0023,N,N,NULL,NULL,NULL,N,NULL,NULL,NULL,NULL,NULL,NULL,29.331,NULL,NULL,NULL,NULL,,NULL,0,0,2,2,N,N,45,NULL,98,9807,NULL,,Y,37.52807,-82.5748,N,NULL,NULL,NULL,NULL,NULL,NULL,NULL,NULL,8,3,6,6,1,1,10,1,7,3,N,NULL,Y,N,516,527,646,N,NULL,53,,1,N,,N,N,098-US-0023-0,NULL,NULL,2019,O,7.24E+11,098-US-0023  -000,HIGH,098-US-0023  -000,29.331,0,1,0,0,0,0,0,1,0,0,0,1,0,0
933,72360991,980100,2.02E+11,20190601,1723,,THOMPSON,,RD,,,0,098 CS-1215,CS1215,Y,N,NULL,NULL,NULL,N,NULL,NULL,NULL,NULL,NULL,NULL,0.327,NULL,NULL,NULL,NULL,,NULL,0,0,2,2,N,N,15,NULL,98,9801,NULL,,Y,37.50838,-82.54332,N,NULL,NULL,NULL,NULL,NULL,NULL,NULL,NULL,8,97,1,6,1,1,2,2,1,3,N,NULL,N,N,1725,1730,1730,N,NULL,90,,,N,,N,N,098-CS-1215-0,NULL,NULL,2019,O,7.24E+11,098-CS-1215  -000,HIGH,098-CS-1215  -000,0.327,0,0,0,0,0,0,0,0,0,1,0,0,0,1
934,72357394,980100,2.02E+11,20190517,1834,,US23,,,US0023,US0023,0,098 US-23,US0023,N,N,NULL,NULL,NULL,N,NULL,NULL,NULL,NULL,NULL,NULL,23.054,NULL,NULL,NULL,NULL,,NULL,0,0,2,2,N,N,55,NULL,98,9801,NULL,,Y,37.4659,-82.52793,N,NULL,NULL,NULL,NULL,NULL,NULL,NULL,NULL,5,3,4,6,1,1,2,2,7,3,N,NULL,Y,N,1834,1839,1834,N,NULL,49,,1,N,,N,N,098-US-0023-0,NULL,NULL,2019,O,7.24E+11,098-US-0023  -000,HIGH,098-US-0023  -000,23.054,0,0,0,0,0,0,1,1,0,1,0,0,0,1
935,72425421,980100,2.02E+11,20191024,1101,,US23,,,US0023,US0023,0,098 US-23,US0023,N,N,NULL,NULL,NULL,N,NULL,NULL,NULL,NULL,NULL,NULL,20.991,NULL,NULL,NULL,NULL,,NULL,0,0,2,2,N,N,55,NULL,98,9801,NULL,,Y,37.44489,-82.52545,N,NULL,NULL,NULL,NULL,NULL,NULL,NULL,NULL,8,3,4,3,1,1,2,2,7,3,N,NULL,Y,N,1101,1106,,N,NULL,53,,1,N,,N,N,098-US-0023-0,NULL,NULL,2019,O,7.24E+11,098-US-0023  -000,HIGH,098-US-0023  -000,20.991,0,0,0,1,0,0,1,0,0,0,0,1,0,1
936,72378214,980100,2.02E+11,20190710,240,,CHLOE,,RD,KY1460,KY1460,,,,N,N,NULL,NULL,NULL,N,NULL,NULL,NULL,NULL,NULL,NULL,4.334,NULL,NULL,NULL,NULL,,NULL,0,0,1,1,N,N,45,NULL,98,9801,NULL,,Y,37.47701,-82.50252,N,NULL,NULL,NULL,NULL,NULL,NULL,NULL,NULL,9,3,2,3,1,1,2,2,7,3,N,NULL,N,N,240,240,310,N,NULL,44,,0,Y,,N,N,,NULL,NULL,2019,O,7.24E+11,098-KY-1460  -000,HIGH,098-KY-1460  -000,4.334,0,0,0,0,0,0,1,0,0,1,0,1,0,1
937,72361415,980500,2019AR040,20190530,1208,,US23,,,US0023,US0023,0,098 US-23,US0023,Y,N,NULL,NULL,NULL,N,NULL,NULL,NULL,NULL,NULL,NULL,29.483,NULL,NULL,NULL,NULL,,NULL,0,0,2,2,N,N,15,NULL,98,9807,NULL,,Y,37.52972,-82.57545,N,NULL,NULL,NULL,NULL,NULL,NULL,NULL,NULL,1,97,0,6,1,1,2,2,1,3,N,NULL,Y,N,1208,1210,1235,N,NULL,90,,1,N,,N,N,098-US-0023-0,NULL,NULL,2019,O,7.24E+11,098-US-0023  -000,HIGH,098-US-0023  -000,29.483,0,0,0,0,0,0,1,0,0,0,0,0,0,1
938,72359287,KSP0900,19-19409,20190527,1702,,US460,,,US0460,US0460,0,098 US-460,US0460,N,N,NULL,NULL,NULL,N,NULL,NULL,NULL,NULL,NULL,NULL,6.426,NULL,NULL,NULL,NULL,,NULL,2,0,3,3,N,N,55,NULL,98,9832,NULL,,Y,37.39774,-82.43314,N,NULL,NULL,NULL,NULL,NULL,NULL,NULL,NULL,7,3,2,6,1,1,2,2,7,3,Y,NULL,N,Y,1702,1704,,Y,NULL,54,,1,N,,N,N,098-US-0460-0,NULL,NULL,2019,C,7.24E+11,098-US-0460  -000,HIGH,098-US-0460  -000,6.426,0,0,0,0,0,0,0,0,0,0,0,1,0,0
939,72388608,KSP0900,19-29668,20190803,2121,,KINNIKINNICK,,LN,,,0,098 CR-1426V,CR1426V,N,N,NULL,NULL,NULL,N,NULL,NULL,NULL,NULL,NULL,NULL,0.039,NULL,NULL,NULL,NULL,,NULL,0,0,2,2,N,N,5,NULL,98,9807,NULL,,Y,37.54155,-82.58141,N,NULL,NULL,NULL,NULL,NULL,NULL,NULL,NULL,2,97,1,6,97,1,2,7,5,3,N,NULL,Y,N,2121,2148,,N,NULL,47,,,N,,N,N,098-CR-1426V-0,NULL,NULL,2019,O,7.24E+11,098-CR-1426V -000,HIGH,098-CR-1426V -000,0.039,0,0,0,1,0,0,0,0,0,0,0,0,0,0
940,72513188,980100,2.02E+11,20200615,1134,,MAYO,S,TRL,US0023,US0023,,,,N,N,NULL,NULL,NULL,N,NULL,NULL,NULL,NULL,NULL,NULL,20.489,NULL,NULL,NULL,NULL,,NULL,3,0,2,2,N,N,55,NULL,98,9801,NULL,,Y,37.4435,-82.51866,N,NULL,NULL,NULL,NULL,NULL,NULL,NULL,NULL,1,3,4,6,1,1,3,2,2,3,Y,NULL,Y,Y,1134,1138,1227,N,NULL,55,,1,N,,N,Y,,NULL,NULL,2020,A,7.25E+11,098-US-0023  -010,MEDIUM,098-US-0023  -000,20.489,0,0,0,1,0,0,1,1,0,0,0,0,1,1
941,72375439,980200,ELK4125-112-19,20190703,1955,,HYLTON CHURCH,,RD,,,0,098 CR-1971,CR1971,N,N,NULL,NULL,NULL,N,NULL,NULL,NULL,NULL,NULL,NULL,0.006,NULL,NULL,NULL,NULL,,NULL,0,0,1,1,N,N,55,NULL,98,9864,8,N,N,37.22971,-82.52308,N,NULL,NULL,NULL,NULL,NULL,NULL,NULL,NULL,9,3,2,1,3,5,10,2,1,3,N,NULL,Y,N,1935,1955,2012,N,NULL,40,,,N,,N,N,098-CR-1971-0,NULL,NULL,2019,O,7.24E+11,098-CR-1971  -000,HIGH,098-CR-1971  -000,0.006,0,0,1,0,0,0,0,0,0,0,0,1,0,0
942,72389858,980000,1908001,20190805,1704,,KY632,,,KY0632,KY0632,0,098 KY-632,KY0632,N,N,NULL,NULL,NULL,N,NULL,NULL,NULL,NULL,NULL,NULL,9.682,NULL,NULL,NULL,NULL,,NULL,1,0,2,2,N,N,55,NULL,98,9804,NULL,,Y,37.48536,-82.20016,N,NULL,NULL,NULL,NULL,NULL,NULL,NULL,NULL,8,3,2,6,1,1,2,2,7,3,Y,NULL,Y,Y,1704,1749,1828,N,NULL,53,6,0,Y,,N,N,098-KY-0632-0,NULL,NULL,2019,B,7.24E+11,098-KY-0632  -000,HIGH,098-KY-0632  -000,9.682,1,0,0,1,0,0,0,1,0,0,0,1,0,0
943,72423429,KSP0900,19-40191,20191012,127,,SYCAMORE,,RD,,,0,098 PR-1316,PR1316,N,N,NULL,NULL,NULL,N,NULL,NULL,NULL,NULL,NULL,NULL,0.083,NULL,NULL,NULL,NULL,,NULL,1,0,1,1,N,N,25,NULL,98,9864,NULL,,Y,37.69114,-82.37024,N,NULL,NULL,NULL,NULL,NULL,NULL,NULL,NULL,9,5,2,6,1,1,2,5,7,3,N,NULL,N,Y,127,406,,N,NULL,40,,,N,,N,N,098-PR-1316-0,NULL,NULL,2019,C,7.24E+11,098-PR-1316  -000,HIGH,098-PR-1316  -000,0.083,0,0,0,0,0,0,1,0,0,0,0,1,0,0
944,72756685,KSP0900,22-154060,20220427,1507,,KY194,E,,KY0194,KY0194,0,098 KY-194,KY0194,N,N,NULL,NULL,NULL,N,NULL,NULL,NULL,NULL,NULL,NULL,58.518,NULL,NULL,NULL,NULL,,NULL,0,0,2,2,N,N,10,NULL,98,9804,NULL,,Y,37.54579,-82.16067,N,NULL,NULL,NULL,NULL,NULL,NULL,NULL,NULL,2,97,2,6,1,1,2,2,5,3,N,NULL,Y,Y,1507,1541,1507,N,NULL,47,7,0,N,,N,N,098-KY-0194-0,NULL,NULL,2022,O,7.28E+11,098-KY-0194  -000,HIGH,098-KY-0194  -000,58.518,0,0,0,1,0,0,0,0,0,0,0,0,0,0
945,72420733,980100,2.02E+11,20191009,1650,,MAY HOLLOW,,RD,,,,,,N,Y,KY1426,,,N,NULL,NULL,NULL,NULL,NULL,NULL,,NULL,NULL,NULL,NULL,,NULL,0,0,2,2,N,N,45,NULL,98,9801,NULL,,Y,37.49039,-82.50096,N,NULL,NULL,NULL,NULL,NULL,NULL,NULL,NULL,1,3,2,6,1,1,2,2,7,3,N,NULL,Y,N,1650,1652,1652,N,NULL,10,,,Y,,N,N,,NULL,NULL,2019,O,7.24E+11,098-CS-1080  -000,MEDIUM,098-CS-1080  -000,0,0,0,0,1,0,0,1,1,0,0,1,0,0,1
946,72317748,KSP0900,19-5353,20190218,1334,,US23,,,US0023,US0023,0,098 US-23,US0023,N,N,NULL,NULL,NULL,N,NULL,NULL,NULL,NULL,NULL,NULL,31.531,NULL,NULL,NULL,NULL,,NULL,0,0,2,2,N,N,55,NULL,98,9801,NULL,,Y,37.53678,-82.60033,N,NULL,NULL,NULL,NULL,NULL,NULL,NULL,NULL,5,3,4,6,1,1,2,2,7,3,N,NULL,Y,N,1334,1334,1430,N,NULL,49,,1,N,,N,N,098-US-0023-0,NULL,NULL,2019,O,7.23E+11,098-US-0023  -000,HIGH,098-US-0023  -000,31.531,0,0,0,0,0,0,0,1,0,0,0,0,0,1
947,72425879,980100,2.02E+11,20191024,1309,,KY3496,,,KY3496,KY3496,0,098 KY-3496,KY3496,Y,N,NULL,NULL,NULL,N,NULL,NULL,NULL,NULL,NULL,NULL,0.784,NULL,NULL,NULL,NULL,,NULL,0,0,2,2,N,N,,NULL,98,9801,NULL,,Y,37.47203,-82.52937,N,NULL,NULL,NULL,NULL,NULL,NULL,NULL,NULL,2,97,1,6,1,1,2,2,1,3,N,NULL,Y,N,1309,1312,1312,N,NULL,90,16,0,N,,N,N,098-KY-3496-0,NULL,NULL,2019,O,7.24E+11,098-KY-3496  -000,HIGH,098-KY-3496  -000,0.784,0,0,0,0,0,0,1,0,0,0,0,0,0,1
948,72327879,KSP0900,19-8740,20190317,1038,,FISHTRAP,,RD,KY1441,KY1441,0,098 KY-1441,KY1441,N,N,NULL,NULL,NULL,N,NULL,NULL,NULL,NULL,NULL,NULL,4.707,NULL,NULL,NULL,NULL,,NULL,0,0,2,2,N,N,35,NULL,98,9801,NULL,,Y,37.45432,-82.42628,N,NULL,NULL,NULL,NULL,NULL,NULL,NULL,NULL,7,3,1,6,1,1,2,2,7,3,N,NULL,Y,N,1038,1046,1054,N,NULL,54,8,0,N,,N,N,098-KY-1441-0,NULL,NULL,2019,O,7.23E+11,098-KY-1441  -000,HIGH,098-KY-1441  -000,4.707,0,0,1,1,0,0,0,0,0,0,0,1,0,0
949,72482948,980000,20-02-0004,20200226,715,,WINNERS CIRCLE  DRIVE,,,,,,,,Y,N,NULL,NULL,NULL,N,NULL,NULL,NULL,NULL,NULL,NULL,,NULL,NULL,NULL,NULL,NULL,NULL,0,0,1,1,N,N,,NULL,98,9801,0.1,SE,N,37.51319,-82.49823,N,NULL,NULL,NULL,NULL,NULL,NULL,NULL,NULL,9,97,,4,1,1,2,2,8,3,N,NULL,Y,N,725,729,,N,NULL,90,,,N,,N,N,,NULL,NULL,2020,O,7.25E+11,098-US-0119  -010,MEDIUM,098-US-0119  -000,2.069,0,0,1,0,0,0,0,0,0,0,0,1,0,1
950,72419223,KSP0900,19-39948,20191010,1335,,KY199,,,KY0199,KY0199,0,098 KY-199,KY0199,N,N,NULL,NULL,NULL,N,NULL,NULL,NULL,NULL,NULL,NULL,8.876,NULL,NULL,NULL,NULL,,NULL,1,0,2,2,N,N,35,NULL,98,9851,NULL,,Y,37.56827,-82.26801,N,NULL,NULL,NULL,NULL,NULL,NULL,NULL,NULL,1,3,2,3,1,1,2,2,7,3,N,NULL,Y,N,1335,1345,1408,N,NULL,55,7,0,Y,,N,N,098-KY-0199-0,NULL,NULL,2019,B,7.24E+11,098-KY-0199  -000,HIGH,098-KY-0199  -000,8.876,0,0,0,0,0,0,1,0,1,0,0,0,0,0
951,72357343,KSP0900,19-00018881,20190524,1006,,US119,,,US0119,US0119,0,098 US-119,US0119,N,N,NULL,NULL,NULL,N,NULL,NULL,NULL,NULL,NULL,NULL,22.142,NULL,NULL,NULL,NULL,,NULL,0,0,2,2,N,N,55,NULL,98,9836,NULL,,Y,37.6351,-82.26099,N,NULL,NULL,NULL,NULL,NULL,NULL,NULL,NULL,8,3,2,3,1,1,2,2,7,3,N,NULL,N,N,1007,1010,1010,N,NULL,53,2,1,N,,N,N,098-US-0119-0,NULL,NULL,2019,O,7.24E+11,098-US-0119  -000,HIGH,098-US-0119  -000,22.142,0,0,0,0,0,0,1,0,0,0,0,1,0,0
952,72311800,980100,20190001624,20190204,1916,,US23,,,US0023,US0023,,,,N,N,NULL,NULL,NULL,N,NULL,NULL,NULL,NULL,NULL,NULL,26.338,NULL,NULL,NULL,NULL,,NULL,0,0,2,2,N,N,55,NULL,98,9801,NULL,,Y,37.50444,-82.53233,N,NULL,NULL,NULL,NULL,NULL,NULL,NULL,NULL,5,3,4,6,1,5,6,5,1,3,N,NULL,Y,N,1917,1923,1942,N,NULL,49,,1,N,,N,N,,NULL,NULL,2019,O,7.23E+11,098-US-0023  -010,MEDIUM,098-US-0023  -000,26.338,0,0,0,0,0,0,0,0,0,0,0,0,0,1
953,72358745,KSP0900,19-18343,20190520,1848,,US23,,,US0023,US0023,0,098 US-23,US0023,Y,N,NULL,NULL,NULL,N,NULL,NULL,NULL,NULL,NULL,NULL,28.748,NULL,NULL,NULL,NULL,,NULL,0,0,2,2,N,N,15,NULL,98,9807,NULL,,Y,37.52136,-82.5687,N,NULL,NULL,NULL,NULL,NULL,NULL,NULL,NULL,5,97,1,6,1,5,2,2,1,3,N,NULL,N,N,1856,1934,1856,N,NULL,90,,1,N,,N,N,098-US-0023-0,NULL,NULL,2019,O,7.24E+11,098-US-0023  -000,HIGH,098-US-0023  -000,28.748,0,0,0,0,0,0,0,0,0,0,0,0,0,0