OBJECTID,MasterFile,AgencyORINumber,LocalCode,CollisionDate,CollisionTime,CollisionDayWeekCode,RoadwayName,RoadwayName_Direction_,RoadwayName_RoadwaySuffix_,RoadwayfromReport,CurrentRoadwayNumber,RoadwayNumberCoupletID,RSEUniqueGIS,RoadwayIdentifier,ParkingLotIndicator,IntersectionWith_Indicator_,IntersectionWith_NameRoadway_,IntersectionWith_Direction_,IntersectionWith_RoadwaySuffix_,BetweenStreets_Indicator_,BetweenStreets1_NameRoadway_,BetweenStreet1_Direction_,BetweenStreets1_RoadwaySuffix_,BetweenStreets2_NameRoadway_,BetweenStreets2_Direction_,BetweenStreets2_RoadwaySuffix_,Milepoint,ReportMilepointDeriveNumber,CurrentDerivedMiepointNumber,MilestoMilepoint,FeettoMilepoint,DirectionfromMilepoint_NSEW_,ValidMilepointIndicator,NumberInjured,NumberKilled,ofUnits,ofMotorVehicleUnits,Hit&RunIndicator,OneWayIndicator,SpeedLimitNumber,KilometersIndicator,CountyCode,CityCountyCode,MilesFromCity,DirectionFromCity_NSEW_,InCityLimitsIndicator,Latitude,Longitude,RampIndicator,RampFromIdentifier,RampFromDirCode,RampFromCoupletID,RSEUniqueGISRampFrom,RampToidentifier,RampToDirCode,RampToCoupletID,RSEUniqueGisRampTo,MannerofCollisionCode,LocationFirstEventCode,TotalLanes,RoadwayCharacterCode,RoadwaySurfaceCode,RoadwayConditionCode,WeatherCode,LightConditionCode,LandUseCode,SchoolBusRelatedCode,FirstAidSceneIndicator,CollDescPresentInd,InvestigationCompleteIndicator,PhotosTakenIndicator,TimeNotified,TimeArrived,TimeRoadwayOpened,PropertyDamageIndicator,DiagramPresentIndicator,DirectionalAnalysis,FunctionClassCode,NationalHwySysCode,EnforcementsIndicator,KARSCityCode,SecondaryCollisionIndicator,MedianCrossoverIndicator,RT_UNIQUE,MapIt,TimeLastLeft,YR,KABCO,MFNY,WorkingRID,RT_CONFIDENCE,KTC_RT,KTC_MP,Motorcyclist,Commercial Vehicle,Young Driver,Mature Driver,Pedestrian,Bicyclist,Distracted,Aggressive,Impaired,Unrestrained,Intersection,Roadway Departure,Median Cross-over,City Crash
954,72378014,980100,2.02E+11,20190710,1430,,STEEL,,ST,,,0,098 CS-1147,CS1147,N,N,NULL,NULL,NULL,N,NULL,NULL,NULL,NULL,NULL,NULL,0.001,NULL,NULL,NULL,NULL,,NULL,0,0,2,2,N,N,15,NULL,98,9801,NULL,,Y,37.4827,-82.53113,N,NULL,NULL,NULL,NULL,NULL,NULL,NULL,NULL,7,3,2,6,1,1,2,2,7,3,N,NULL,Y,N,1430,1434,1459,N,NULL,54,,,N,,N,N,098-CS-1147-0,NULL,NULL,2019,O,7.24E+11,098-CS-1147  -000,HIGH,098-CS-1147  -000,0.001,0,0,1,0,0,0,0,0,0,0,0,1,0,1
955,72352555,980100,2.02E+11,20190501,1321,,HAMBLEY,,BLVD,,,0,098 CS-1222,CS1222,Y,N,NULL,NULL,NULL,N,NULL,NULL,NULL,NULL,NULL,NULL,0.287,NULL,NULL,NULL,NULL,,NULL,0,0,2,2,N,N,15,NULL,98,9801,NULL,,Y,37.47601,-82.52278,N,NULL,NULL,NULL,NULL,NULL,NULL,NULL,NULL,8,97,,6,1,1,2,2,1,3,N,NULL,Y,N,1322,1327,,N,NULL,90,,,N,,N,N,098-CS-1222-0,NULL,NULL,2019,O,7.24E+11,098-CS-1222  -000,HIGH,098-CS-1222  -000,0.287,0,0,1,0,0,0,0,0,0,0,0,0,0,1
956,72386761,KSP0900,19-29165,20190731,1010,,US119,,,US0119,US0119,0,098 US-119,US0119,N,N,NULL,NULL,NULL,N,NULL,NULL,NULL,NULL,NULL,NULL,18.877,NULL,NULL,NULL,NULL,,NULL,0,0,1,1,N,N,55,NULL,98,9836,NULL,,Y,37.60023,-82.27639,N,NULL,NULL,NULL,NULL,NULL,NULL,NULL,NULL,9,2,4,3,1,1,2,2,7,3,N,NULL,Y,N,1010,118,1045,Y,NULL,40,2,1,N,,N,N,098-US-0119-0,NULL,NULL,2019,O,7.24E+11,098-US-0119  -000,HIGH,098-US-0119  -000,18.877,0,0,0,0,0,0,1,0,0,0,0,1,0,0
957,72345499,KSP0900,19-13816,20190420,1355,,US23,,,US0023,US0023,0,098 US-23-10,US0023,N,N,NULL,NULL,NULL,N,NULL,NULL,NULL,NULL,NULL,NULL,29.15,NULL,NULL,NULL,NULL,,NULL,2,0,2,2,N,N,45,NULL,98,9807,NULL,,Y,37.52563,-82.57355,N,NULL,NULL,NULL,NULL,NULL,NULL,NULL,NULL,1,3,6,6,1,5,6,2,7,3,N,NULL,Y,N,1355,1402,,N,NULL,55,,1,N,,N,N,098-US-0023-10,NULL,NULL,2019,B,7.23E+11,098-US-0023  -010,HIGH,098-US-0023  -000,29.15,0,0,0,0,0,0,0,1,0,0,0,0,0,0
958,72340681,980100,2.02E+11,20190411,1338,,BYPASS RD,,,,,,,,Y,N,NULL,NULL,NULL,N,NULL,NULL,NULL,NULL,NULL,NULL,,NULL,NULL,NULL,NULL,,NULL,0,0,2,2,N,N,15,NULL,98,9801,NULL,,Y,37.47182,-82.52244,N,NULL,NULL,NULL,NULL,NULL,NULL,NULL,NULL,1,97,2,3,2,1,2,2,1,3,N,NULL,Y,N,1338,1338,1357,N,NULL,90,,,N,,N,N,,NULL,NULL,2019,O,7.23E+11,098-CS-1223  -000,MEDIUM,098-CS-1223  -000,0.067,0,0,0,0,0,0,1,0,0,0,0,0,0,1
959,72362381,KSP0900,19-19548,20190528,1631,,KY3174,,,KY3174,KY3174,0,098 KY-3174,KY3174,N,N,NULL,NULL,NULL,N,NULL,NULL,NULL,NULL,NULL,NULL,0.579,NULL,NULL,NULL,NULL,,NULL,1,0,1,1,N,N,55,NULL,98,9801,3,S,N,37.39243,-82.52142,N,NULL,NULL,NULL,NULL,NULL,NULL,NULL,NULL,9,3,4,4,1,1,2,2,7,3,Y,NULL,Y,N,1634,1636,1634,N,NULL,44,,0,N,,N,N,098-KY-3174-0,NULL,NULL,2019,B,7.24E+11,098-KY-3174  -000,HIGH,098-KY-3174  -000,0.579,1,0,0,0,0,0,0,0,0,0,0,1,0,0
960,72326504,KSP0900,19-7223,20190305,1504,,US23,,,US0023,US0023,0,098 US-23-10,US0023,Y,N,NULL,NULL,NULL,N,NULL,NULL,NULL,NULL,NULL,NULL,12.642,NULL,NULL,NULL,NULL,,NULL,0,0,2,2,Y,N,15,NULL,98,9827,4,S,N,37.37045,-82.54746,N,NULL,NULL,NULL,NULL,NULL,NULL,NULL,NULL,2,7,0,6,1,1,2,2,1,3,N,NULL,Y,N,1511,1525,1525,N,NULL,90,,1,N,,N,N,098-US-0023-10,NULL,NULL,2019,O,7.23E+11,098-US-0023  -010,HIGH,098-US-0023  -000,12.642,0,0,0,0,0,0,1,0,0,0,0,0,0,0
961,72300341,980100,2.02E+11,20190102,2031,,NARROWS,,RD,,,0,098 CS-1230,CS1230,N,N,NULL,NULL,NULL,N,NULL,NULL,NULL,NULL,NULL,NULL,0.072,NULL,NULL,NULL,NULL,,NULL,0,0,1,1,Y,N,15,NULL,98,9801,NULL,,Y,37.46365,-82.52708,N,NULL,NULL,NULL,NULL,NULL,NULL,NULL,NULL,9,97,1,6,1,1,3,6,1,3,N,NULL,Y,N,2031,2037,2037,Y,NULL,40,,,N,,N,N,098-CS-1230-0,NULL,NULL,2019,O,7.23E+11,098-CS-1230  -000,HIGH,098-CS-1230  -000,0.072,0,0,0,0,0,0,1,0,0,0,0,1,0,1
962,72751997,KSP0900,22-141112,20220418,1745,,KY194,,,KY0194,KY0194,0,098 KY-194,KY0194,N,N,NULL,NULL,NULL,N,NULL,NULL,NULL,NULL,NULL,NULL,69.086,NULL,NULL,NULL,NULL,,NULL,0,0,2,2,N,N,35,NULL,98,9855,NULL,,Y,37.50387,-82.06808,N,NULL,NULL,NULL,NULL,NULL,NULL,NULL,NULL,7,5,2,2,1,5,6,2,7,3,N,NULL,N,N,1745,1800,1800,N,NULL,51,7,0,N,,N,N,098-KY-0194-0,NULL,NULL,2022,O,7.28E+11,098-KY-0194  -000,HIGH,098-KY-0194  -000,69.086,0,1,0,0,0,0,0,0,0,0,0,1,0,0
963,72373108,980100,2.02E+11,20190624,1822,,US119,,,US0119,US0119,,,,N,N,NULL,NULL,NULL,N,NULL,NULL,NULL,NULL,NULL,NULL,0.087,NULL,NULL,NULL,NULL,,NULL,1,0,2,2,N,N,55,NULL,98,9801,NULL,,Y,37.50408,-82.5305,N,NULL,NULL,NULL,NULL,NULL,NULL,NULL,NULL,1,3,4,6,1,5,6,2,7,3,Y,NULL,Y,Y,1822,1823,1902,N,NULL,55,2,1,N,,N,Y,,NULL,NULL,2019,B,7.24E+11,098-US-0119  -010,MEDIUM,098-US-0119  -000,0.087,0,0,1,0,0,0,0,0,0,0,0,0,1,1
964,72368284,980100,2.02E+11,20190618,1319,,KY1426,,,KY1426,KY1426,0,098 KY-1426,KY1426,N,N,NULL,NULL,NULL,N,NULL,NULL,NULL,NULL,NULL,NULL,6.922,NULL,NULL,NULL,NULL,,NULL,0,0,2,2,N,N,45,NULL,98,9801,NULL,,Y,37.4862,-82.50913,N,NULL,NULL,NULL,NULL,NULL,NULL,NULL,NULL,5,3,2,5,1,5,6,2,1,3,N,NULL,N,N,1319,1319,1319,N,NULL,49,,0,N,,N,N,098-KY-1426-0,NULL,NULL,2019,O,7.24E+11,098-KY-1426  -000,HIGH,098-KY-1426  -000,6.922,0,0,0,0,0,0,1,0,0,0,0,0,0,1
965,72318149,KSP0900,19-4002,20190206,1600,,US119,,,US0119,US0119,0,098 US-119,US0119,N,N,NULL,NULL,NULL,N,NULL,NULL,NULL,NULL,NULL,NULL,19.161,NULL,NULL,NULL,NULL,,NULL,1,0,2,2,N,N,55,NULL,98,9836,NULL,,Y,37.60351,-82.27367,N,NULL,NULL,NULL,NULL,NULL,NULL,NULL,NULL,5,3,4,3,1,5,6,2,3,3,Y,NULL,Y,N,1600,1644,1644,N,NULL,49,2,1,N,,N,N,098-US-0119-0,NULL,NULL,2019,C,7.23E+11,098-US-0119  -000,HIGH,098-US-0119  -000,19.161,0,0,0,1,0,0,0,1,0,0,0,0,0,0
966,72305448,KSP0900,19-1368,20190112,1601,,US460,,,US0460,US0460,0,098 US-460,US0460,N,N,NULL,NULL,NULL,N,NULL,NULL,NULL,NULL,NULL,NULL,4.634,NULL,NULL,NULL,NULL,,NULL,1,0,2,2,N,N,55,NULL,98,9801,6,E,N,37.41536,-82.45222,N,NULL,NULL,NULL,NULL,NULL,NULL,NULL,NULL,3,3,2,6,1,5,6,2,7,3,Y,NULL,Y,Y,1619,1712,1731,N,NULL,52,,1,Y,,N,N,098-US-0460-0,NULL,NULL,2019,A,7.23E+11,098-US-0460  -000,HIGH,098-US-0460  -000,4.634,0,0,0,0,0,0,0,0,1,0,0,1,0,0
967,72372362,980100,2.02E+11,20190626,1031,,LEE AVENUE,,,,,,,,Y,N,NULL,NULL,NULL,N,NULL,NULL,NULL,NULL,NULL,NULL,,NULL,NULL,NULL,NULL,,NULL,0,0,2,2,Y,N,15,NULL,98,9801,NULL,,Y,37.50129,-82.53384,N,NULL,NULL,NULL,NULL,NULL,NULL,NULL,NULL,2,97,1,6,1,1,2,2,1,3,N,NULL,Y,N,1031,1042,1042,N,NULL,90,,,N,,N,N,,NULL,NULL,2019,O,7.24E+11,098-CS-1202  -000,MEDIUM,098-CS-1202  -000,0.119,0,0,0,0,0,0,1,0,0,0,0,0,0,1
968,72429298,980500,2019AR069,20191031,1300,,WEDDINGTON BRANCH,,RD,,,0,098 CS-3026,CS3026,Y,N,NULL,NULL,NULL,N,NULL,NULL,NULL,NULL,NULL,NULL,0.016,NULL,NULL,NULL,NULL,,NULL,0,0,2,2,N,N,15,NULL,98,9807,NULL,,Y,37.52198,-82.57082,N,NULL,NULL,NULL,NULL,NULL,NULL,NULL,NULL,2,97,2,6,1,6,3,2,1,3,N,NULL,Y,N,1255,1257,,N,NULL,90,,,N,,N,N,098-CS-3026-0,NULL,NULL,2019,O,7.24E+11,098-CS-3026  -000,HIGH,098-CS-3026  -000,0.016,0,0,0,1,0,0,0,0,0,0,0,0,0,0
969,72437735,KSP0900,19-44941,20191115,1720,,K B C MINE,,RD,,,0,098 CR-1111,CR1111,N,N,NULL,NULL,NULL,N,NULL,NULL,NULL,NULL,NULL,NULL,0.752,NULL,NULL,NULL,NULL,,NULL,0,0,1,1,N,N,25,NULL,98,9804,NULL,,Y,37.46632,-82.11679,N,NULL,NULL,NULL,NULL,NULL,NULL,NULL,NULL,9,7,1,1,97,1,2,2,7,3,N,NULL,Y,N,1729,1759,1729,N,NULL,70,,,N,,N,N,098-CR-1111-0,NULL,NULL,2019,O,7.24E+11,098-CR-1111  -000,HIGH,098-CR-1111  -000,0.752,0,0,0,0,0,0,0,0,0,0,0,0,0,0
970,72431529,KSP0900,19-43109,20191102,735,,US460,,,US0460,US0460,0,098 US-460,US0460,N,N,NULL,NULL,NULL,N,NULL,NULL,NULL,NULL,NULL,NULL,0.883,NULL,NULL,NULL,NULL,,NULL,2,0,2,2,N,N,55,NULL,98,9801,NULL,,Y,37.43195,-82.50542,N,NULL,NULL,NULL,NULL,NULL,NULL,NULL,NULL,1,4,2,6,1,2,3,1,7,3,Y,NULL,Y,N,735,811,811,Y,NULL,47,,1,N,,N,N,098-US-0460-0,NULL,NULL,2019,C,7.24E+11,098-US-0460  -000,HIGH,098-US-0460  -000,0.883,0,0,0,0,0,0,0,0,0,0,0,1,0,0
971,72300564,980100,2.02E+11,20190104,1713,,US23,,,US0023,US0023,,,,N,N,NULL,NULL,NULL,N,NULL,NULL,NULL,NULL,NULL,NULL,22.946,NULL,NULL,NULL,NULL,,NULL,0,0,2,2,N,N,55,NULL,98,9801,NULL,,Y,37.46538,-82.52605,N,NULL,NULL,NULL,NULL,NULL,NULL,NULL,NULL,5,3,4,6,1,1,2,3,1,3,N,NULL,Y,N,1715,1716,,N,NULL,49,,1,N,,N,N,,NULL,NULL,2019,O,7.23E+11,098-US-0023  -010,MEDIUM,098-US-0023  -000,22.946,0,0,1,0,0,0,0,1,0,0,0,0,0,1
972,72546314,980100,2.02E+11,20200921,1200,,MAIN,,ST,,,0,098 CS-1112,CS1112,N,N,NULL,NULL,NULL,N,NULL,NULL,NULL,NULL,NULL,NULL,0.007,NULL,NULL,NULL,NULL,,NULL,0,0,2,2,N,N,20,NULL,98,9801,NULL,,Y,37.4778,-82.51849,N,NULL,NULL,NULL,NULL,NULL,NULL,NULL,NULL,2,3,1,6,1,1,2,2,1,3,N,NULL,Y,N,1200,1200,1206,N,NULL,47,,,N,,N,N,098-CS-1112-0,NULL,NULL,2020,O,7.25E+11,098-CS-1112  -000,HIGH,098-CS-1112  -000,0.007,0,0,0,0,0,0,0,0,0,0,0,0,0,1
973,72334351,980100,2.02E+11,20190402,950,,US23,,,US0023,US0023,0,098 US-23,US0023,N,N,NULL,NULL,NULL,N,NULL,NULL,NULL,NULL,NULL,NULL,19.282,NULL,NULL,NULL,NULL,,NULL,0,0,1,1,N,N,55,NULL,98,9801,NULL,,Y,37.44428,-82.5047,N,NULL,NULL,NULL,NULL,NULL,NULL,NULL,NULL,9,3,4,6,1,1,3,2,7,3,N,NULL,Y,Y,950,958,958,Y,NULL,40,,1,N,,N,N,098-US-0023-0,NULL,NULL,2019,O,7.23E+11,098-US-0023  -000,HIGH,098-US-0023  -000,19.282,0,0,0,0,0,0,0,0,0,0,0,1,0,1
974,72381833,980100,2.02E+11,20190719,1610,,US23,,,US0023,US0023,0,098 US-23,US0023,N,N,NULL,NULL,NULL,N,NULL,NULL,NULL,NULL,NULL,NULL,31.592,NULL,NULL,NULL,NULL,,NULL,0,0,2,2,N,N,55,NULL,98,9801,NULL,,Y,37.53683,-82.60152,N,NULL,NULL,NULL,NULL,NULL,NULL,NULL,NULL,5,3,4,6,1,1,2,2,7,3,N,NULL,Y,N,1611,1621,1622,N,NULL,49,,1,N,,N,N,098-US-0023-0,NULL,NULL,2019,O,7.24E+11,098-US-0023  -000,HIGH,098-US-0023  -000,31.592,0,0,0,0,0,0,0,0,0,0,0,0,0,1
975,72410055,980100,2.02E+11,20190920,1217,,OWSLEY,,RD,KY1384,KY1384,0,098 KY-1384,KY1384,N,N,NULL,NULL,NULL,N,NULL,NULL,NULL,NULL,NULL,NULL,6.861,NULL,NULL,NULL,NULL,,NULL,1,0,2,2,N,N,45,NULL,98,9801,NULL,,Y,37.4798,-82.54197,N,NULL,NULL,NULL,NULL,NULL,NULL,NULL,NULL,1,3,3,6,1,1,2,2,7,3,N,NULL,Y,Y,1217,1222,1310,N,NULL,55,16,0,N,,N,N,098-KY-1384-0,NULL,NULL,2019,B,7.24E+11,098-KY-1384  -000,HIGH,098-KY-1384  -000,6.861,0,0,0,1,0,0,1,0,0,0,0,0,0,1
976,72325969,KSP0900,19-7062,20190304,720,,KY199,,,KY0199,KY0199,0,098 KY-199,KY0199,N,N,NULL,NULL,NULL,N,NULL,NULL,NULL,NULL,NULL,NULL,6.794,NULL,NULL,NULL,NULL,,NULL,0,0,3,3,N,N,55,NULL,98,9824,NULL,,Y,37.54429,-82.26009,N,NULL,NULL,NULL,NULL,NULL,NULL,NULL,NULL,1,3,2,6,1,2,3,2,7,3,N,NULL,Y,N,727,835,900,N,NULL,55,9,0,N,,N,N,098-KY-0199-0,NULL,NULL,2019,O,7.23E+11,098-KY-0199  -000,HIGH,098-KY-0199  -000,6.794,0,0,0,0,0,0,0,0,0,0,0,0,0,0
977,72349214,980500,2019AR036,20190506,1604,,N MAYO TRAIL,,,,,,,,Y,N,NULL,NULL,NULL,N,NULL,NULL,NULL,NULL,NULL,NULL,,NULL,NULL,NULL,NULL,NULL,NULL,0,0,2,2,N,N,15,NULL,98,9807,NULL,,Y,37.52165,-82.57133,N,NULL,NULL,NULL,NULL,NULL,NULL,NULL,NULL,2,97,2,6,1,1,2,2,1,3,N,NULL,Y,N,1604,1608,1645,N,NULL,90,,,N,,N,N,,NULL,NULL,2019,O,7.23E+11,098-US-0023  -010,MEDIUM,098-US-0023  -000,28.867,0,0,0,1,0,0,1,0,0,0,0,0,0,0
978,72355719,KSP0900,19-18457,20190521,1409,,KY194,,,KY0194,KY0194,0,098 KY-194,KY0194,N,N,NULL,NULL,NULL,N,NULL,NULL,NULL,NULL,NULL,NULL,13.7,NULL,NULL,NULL,NULL,,NULL,0,0,1,1,N,N,55,NULL,98,9820,12,N,N,37.57944,-82.48634,N,NULL,NULL,NULL,NULL,NULL,NULL,NULL,NULL,9,3,2,3,1,1,2,2,7,3,N,NULL,Y,N,1417,1506,,Y,NULL,44,7,0,N,,N,N,098-KY-0194-0,NULL,NULL,2019,O,7.24E+11,098-KY-0194  -000,HIGH,098-KY-0194  -000,13.7,0,0,0,0,0,0,0,0,0,0,0,1,0,0
979,72455967,KSP0900,19-50124,20191224,2130,,ELKHORN,,CRK,KY0197,KY0197,0,098 KY-197,KY0197,N,N,NULL,NULL,NULL,N,NULL,NULL,NULL,NULL,NULL,NULL,6.913,NULL,NULL,NULL,NULL,,NULL,1,0,1,1,N,N,55,NULL,98,9802,NULL,,Y,37.25613,-82.47501,N,NULL,NULL,NULL,NULL,NULL,NULL,NULL,NULL,9,3,2,6,1,1,2,6,7,3,Y,NULL,N,Y,2130,2141,2145,N,NULL,70,7,0,Y,,N,N,098-KY-0197-0,NULL,NULL,2019,B,7.25E+11,098-KY-0197  -000,HIGH,098-KY-0197  -000,6.913,0,0,0,0,0,0,0,0,1,0,0,1,0,0
980,72447448,980100,2.02E+11,20191203,1458,,CASSIDY,,BLVD,,,,,,Y,N,NULL,NULL,NULL,N,NULL,NULL,NULL,NULL,NULL,NULL,0.294,NULL,NULL,NULL,NULL,,NULL,0,0,2,2,N,N,15,NULL,98,9801,NULL,,Y,37.50541,-82.53679,N,NULL,NULL,NULL,NULL,NULL,NULL,NULL,NULL,2,97,2,6,1,1,3,2,1,3,N,NULL,Y,N,1502,1511,,N,NULL,90,,,N,,N,N,,NULL,NULL,2019,O,7.24E+11,098-CS-1191  -000,HIGH,098-CS-1191  -000,0.294,0,0,1,0,0,0,1,0,0,0,0,0,0,1
981,72455010,KSP0900,19-49821,20191222,1850,,KY632,,,KY0632,KY0632,0,098 KY-632,KY0632,N,N,NULL,NULL,NULL,N,NULL,NULL,NULL,NULL,NULL,NULL,0.466,NULL,NULL,NULL,NULL,,NULL,0,0,1,1,N,N,45,NULL,98,9817,NULL,,Y,37.49673,-82.34299,N,NULL,NULL,NULL,NULL,NULL,NULL,NULL,NULL,9,3,2,6,1,1,2,6,7,3,N,NULL,Y,N,1754,1851,1851,N,NULL,70,6,0,N,,N,N,098-KY-0632-0,NULL,NULL,2019,O,7.25E+11,098-KY-0632  -000,HIGH,098-KY-0632  -000,0.466,0,0,0,0,0,0,0,0,0,0,0,0,0,0
982,72441297,KSP0900,19-44021,20191108,1615,,US119,,,US0119,US0119,0,098 US-119-10,US0119,N,N,NULL,NULL,NULL,N,NULL,NULL,NULL,NULL,NULL,NULL,8.79,NULL,NULL,NULL,NULL,,NULL,0,0,2,2,N,N,55,NULL,98,9801,NULL,,Y,37.56901,-82.41859,N,NULL,NULL,NULL,NULL,NULL,NULL,NULL,NULL,5,3,2,6,1,1,2,2,7,3,N,NULL,Y,N,1615,1620,,N,NULL,49,2,1,N,,N,N,098-US-0119-10,NULL,NULL,2019,O,7.24E+11,098-US-0119  -010,HIGH,098-US-0119  -000,8.79,0,0,0,0,0,0,1,0,0,0,0,0,0,0
983,72308724,980000,98-01-006,20190124,1730,,KY194,,,KY0194,KY0194,0,098 KY-194,KY0194,N,N,NULL,NULL,NULL,N,NULL,NULL,NULL,NULL,NULL,NULL,58.8,NULL,NULL,NULL,NULL,,NULL,0,0,1,1,N,Y,35,NULL,98,9811,2,W,N,37.54821,-82.1581,N,NULL,NULL,NULL,NULL,NULL,NULL,NULL,NULL,9,97,2,3,1,5,5,6,7,3,N,NULL,Y,Y,1739,1750,1835,Y,NULL,40,7,0,N,,N,N,098-KY-0194-0,NULL,NULL,2019,O,7.23E+11,098-KY-0194  -000,HIGH,098-KY-0194  -000,58.8,0,0,0,0,0,0,0,0,0,0,0,1,0,0
984,72349563,KSP0900,19-15576,20190502,810,,KY194,,,KY0194,KY0194,0,098 KY-194,KY0194,N,N,NULL,NULL,NULL,N,NULL,NULL,NULL,NULL,NULL,NULL,57.471,NULL,NULL,NULL,NULL,,NULL,5,0,2,2,N,N,35,NULL,98,9804,NULL,,Y,37.5372,-82.16293,N,NULL,NULL,NULL,NULL,NULL,NULL,NULL,NULL,7,3,2,3,1,5,3,2,7,3,Y,NULL,Y,Y,800,825,900,N,NULL,54,7,0,N,,N,N,098-KY-0194-0,NULL,NULL,2019,B,7.23E+11,098-KY-0194  -000,HIGH,098-KY-0194  -000,57.471,0,1,0,0,0,0,0,0,0,1,0,1,0,0
985,72339358,KSP0900,19-11852,20190407,1721,,KY194,,,KY0194,KY0194,0,098 KY-194,KY0194,N,N,NULL,NULL,NULL,N,NULL,NULL,NULL,NULL,NULL,NULL,53.123,NULL,NULL,NULL,NULL,,NULL,1,0,1,1,N,N,35,NULL,98,9811,NULL,,Y,37.49553,-82.13647,N,NULL,NULL,NULL,NULL,NULL,NULL,NULL,NULL,9,4,2,1,1,5,3,2,7,3,Y,NULL,Y,Y,1721,1825,2100,N,NULL,44,8,0,N,,N,Y,098-KY-0194-0,NULL,NULL,2019,B,7.23E+11,098-KY-0194  -000,HIGH,098-KY-0194  -000,53.123,0,0,1,0,0,0,0,0,0,0,0,1,0,0
986,72368787,KSP0900,19-22385,20190616,1200,,US23,,,US0023,US0023,0,098 US-23-10,US0023,Y,N,NULL,NULL,NULL,N,NULL,NULL,NULL,NULL,NULL,NULL,29.357,NULL,NULL,NULL,NULL,,NULL,0,0,2,2,N,N,45,NULL,98,9807,NULL,,Y,37.5281,-82.57501,N,NULL,NULL,NULL,NULL,NULL,NULL,NULL,NULL,8,97,6,6,1,1,2,2,1,3,N,NULL,N,N,1200,1210,,N,NULL,90,,1,N,,N,N,098-US-0023-10,NULL,NULL,2019,O,7.24E+11,098-US-0023  -010,HIGH,098-US-0023  -000,29.357,0,0,0,0,0,0,0,0,0,0,0,0,0,0
987,72303258,980100,2.02E+11,20190114,826,,TOWN MOUNTAIN,,RD,KY1426,KY1426,0,098 KY-1426,KY1426,N,N,NULL,NULL,NULL,N,NULL,NULL,NULL,NULL,NULL,NULL,6.686,NULL,NULL,NULL,NULL,,NULL,0,0,2,2,N,N,55,NULL,98,9801,NULL,,Y,37.48394,-82.51234,N,NULL,NULL,NULL,NULL,NULL,NULL,NULL,NULL,5,3,2,6,1,5,3,2,7,3,N,NULL,Y,N,826,828,829,N,NULL,49,,0,Y,,N,N,098-KY-1426-0,NULL,NULL,2019,O,7.23E+11,098-KY-1426  -000,HIGH,098-KY-1426  -000,6.686,0,0,0,1,0,0,1,0,0,0,0,0,0,1
988,72417025,KSP0900,19-38973,20191004,800,,KY1056,,,KY1056,KY1056,0,098 KY-1056,KY1056,N,N,NULL,NULL,NULL,N,NULL,NULL,NULL,NULL,NULL,NULL,1.122,NULL,NULL,NULL,NULL,,NULL,0,0,1,1,N,N,55,NULL,98,9851,NULL,,Y,37.56533,-82.24445,N,NULL,NULL,NULL,NULL,NULL,NULL,NULL,NULL,9,3,2,1,1,1,2,2,7,3,N,NULL,N,N,800,825,840,N,NULL,40,8,0,N,,N,N,098-KY-1056-0,NULL,NULL,2019,O,7.24E+11,098-KY-1056  -000,HIGH,098-KY-1056  -000,1.122,0,0,0,0,0,0,0,0,0,0,0,1,0,0
989,72326575,KSP0900,19-7778,20190310,1506,,US23,,,US0023,US0023,0,098 US-23-10,US0023,N,N,NULL,NULL,NULL,N,NULL,NULL,NULL,NULL,NULL,NULL,28.517,NULL,NULL,NULL,NULL,,NULL,0,0,2,2,N,N,55,NULL,98,9807,NULL,,Y,37.51896,-82.56609,N,NULL,NULL,NULL,NULL,NULL,NULL,NULL,NULL,1,3,4,6,1,1,2,2,7,3,N,NULL,Y,N,1506,1508,1550,N,NULL,55,,1,N,,N,N,098-US-0023-10,NULL,NULL,2019,O,7.23E+11,098-US-0023  -010,HIGH,098-US-0023  -000,28.517,0,0,0,1,0,0,0,1,0,0,0,0,0,0
990,72341565,KSP0900,19-12639,20190412,1813,,FISHTRAP,,RD,KY1441,KY1441,0,098 KY-1441,KY1441,N,N,NULL,NULL,NULL,N,NULL,NULL,NULL,NULL,NULL,NULL,4.635,NULL,NULL,NULL,NULL,,NULL,0,0,2,2,N,N,35,NULL,98,9824,NULL,,Y,37.45342,-82.42702,N,NULL,NULL,NULL,NULL,NULL,NULL,NULL,NULL,7,3,2,6,1,1,2,2,7,3,N,NULL,Y,N,1814,1821,,N,NULL,54,8,0,Y,,N,N,098-KY-1441-0,NULL,NULL,2019,O,7.23E+11,098-KY-1441  -000,HIGH,098-KY-1441  -000,4.635,0,0,0,1,0,0,0,0,1,0,0,1,0,0
991,72407921,980100,2.02E+11,20190916,1703,,US23,,,US0023,US0023,,,,N,N,NULL,NULL,NULL,N,NULL,NULL,NULL,NULL,NULL,NULL,20.763,NULL,NULL,NULL,NULL,,NULL,0,0,2,2,N,N,55,NULL,98,9801,NULL,,Y,37.44294,-82.5222,N,NULL,NULL,NULL,NULL,NULL,NULL,NULL,NULL,1,3,4,3,1,1,2,2,7,3,N,NULL,Y,N,1703,1703,1740,N,NULL,55,,1,N,,N,N,,NULL,NULL,2019,O,7.24E+11,098-US-0023  -000,MEDIUM,098-US-0023  -000,20.763,0,0,0,1,0,0,1,1,0,0,0,0,0,1