OBJECTID,MasterFile,AgencyORINumber,LocalCode,CollisionDate,CollisionTime,CollisionDayWeekCode,RoadwayName,RoadwayName_Direction_,RoadwayName_RoadwaySuffix_,RoadwayfromReport,CurrentRoadwayNumber,RoadwayNumberCoupletID,RSEUniqueGIS,RoadwayIdentifier,ParkingLotIndicator,IntersectionWith_Indicator_,IntersectionWith_NameRoadway_,IntersectionWith_Direction_,IntersectionWith_RoadwaySuffix_,BetweenStreets_Indicator_,BetweenStreets1_NameRoadway_,BetweenStreet1_Direction_,BetweenStreets1_RoadwaySuffix_,BetweenStreets2_NameRoadway_,BetweenStreets2_Direction_,BetweenStreets2_RoadwaySuffix_,Milepoint,ReportMilepointDeriveNumber,CurrentDerivedMiepointNumber,MilestoMilepoint,FeettoMilepoint,DirectionfromMilepoint_NSEW_,ValidMilepointIndicator,NumberInjured,NumberKilled,ofUnits,ofMotorVehicleUnits,Hit&RunIndicator,OneWayIndicator,SpeedLimitNumber,KilometersIndicator,CountyCode,CityCountyCode,MilesFromCity,DirectionFromCity_NSEW_,InCityLimitsIndicator,Latitude,Longitude,RampIndicator,RampFromIdentifier,RampFromDirCode,RampFromCoupletID,RSEUniqueGISRampFrom,RampToidentifier,RampToDirCode,RampToCoupletID,RSEUniqueGisRampTo,MannerofCollisionCode,LocationFirstEventCode,TotalLanes,RoadwayCharacterCode,RoadwaySurfaceCode,RoadwayConditionCode,WeatherCode,LightConditionCode,LandUseCode,SchoolBusRelatedCode,FirstAidSceneIndicator,CollDescPresentInd,InvestigationCompleteIndicator,PhotosTakenIndicator,TimeNotified,TimeArrived,TimeRoadwayOpened,PropertyDamageIndicator,DiagramPresentIndicator,DirectionalAnalysis,FunctionClassCode,NationalHwySysCode,EnforcementsIndicator,KARSCityCode,SecondaryCollisionIndicator,MedianCrossoverIndicator,RT_UNIQUE,MapIt,TimeLastLeft,YR,KABCO,MFNY,WorkingRID,RT_CONFIDENCE,KTC_RT,KTC_MP,Motorcyclist,Commercial Vehicle,Young Driver,Mature Driver,Pedestrian,Bicyclist,Distracted,Aggressive,Impaired,Unrestrained,Intersection,Roadway Departure,Median Cross-over,City Crash
992,72345983,980500,2019AR031,20190426,1705,,MAYO,N,TRL,US0023,US0023,0,098 US-23,US0023,N,N,NULL,NULL,NULL,N,NULL,NULL,NULL,NULL,NULL,NULL,29.466,NULL,NULL,NULL,NULL,,NULL,3,0,3,3,N,N,45,NULL,98,9807,NULL,,Y,37.5298,-82.57584,N,NULL,NULL,NULL,NULL,NULL,NULL,NULL,NULL,5,3,6,6,1,5,3,2,6,3,Y,NULL,Y,Y,1705,1708,1745,N,NULL,49,,1,Y,,N,N,098-US-0023-0,NULL,NULL,2019,B,7.23E+11,098-US-0023  -000,HIGH,098-US-0023  -000,29.466,0,0,1,0,0,0,1,1,0,1,0,0,0,1
993,72408654,980500,2019AR060,20190916,855,,MAYO,N,TRL,US0023,US0023,0,098 US-23-10,US0023,N,N,NULL,NULL,NULL,N,NULL,NULL,NULL,NULL,NULL,NULL,28.042,NULL,NULL,NULL,NULL,,NULL,0,0,2,2,N,N,45,NULL,98,9807,NULL,,Y,37.51551,-82.55961,N,NULL,NULL,NULL,NULL,NULL,NULL,NULL,NULL,5,3,6,6,1,1,2,3,7,3,N,NULL,Y,N,855,900,,N,NULL,49,,1,N,,N,N,098-US-0023-10,NULL,NULL,2019,O,7.24E+11,098-US-0023  -010,HIGH,098-US-0023  -000,28.042,0,0,0,0,0,0,0,1,0,0,0,0,0,0
994,72357773,980100,2.02E+11,20190525,1730,,HAMBLEY,,BLVD,,,0,098 CS-1222,CS1222,Y,N,NULL,NULL,NULL,N,NULL,NULL,NULL,NULL,NULL,NULL,0.083,NULL,NULL,NULL,NULL,,NULL,0,0,2,2,Y,N,,NULL,98,9801,NULL,,Y,37.47442,-82.52588,N,NULL,NULL,NULL,NULL,NULL,NULL,NULL,NULL,1,97,1,6,2,1,2,2,,3,N,NULL,Y,N,1857,1857,1857,N,NULL,90,,,N,,N,N,098-CS-1222-0,NULL,NULL,2019,O,7.24E+11,098-CS-1222  -000,HIGH,098-CS-1222  -000,0.083,0,0,0,0,0,0,0,0,0,0,0,0,0,1
995,72307727,KSP0900,19-2702,20190125,1615,,KY194,,,KY0194,KY0194,,,,N,N,NULL,NULL,NULL,N,NULL,NULL,NULL,NULL,NULL,NULL,22.85,NULL,NULL,NULL,NULL,,NULL,0,0,2,2,N,N,55,NULL,98,9817,NULL,,Y,37.53959,-82.37265,N,NULL,NULL,NULL,NULL,NULL,NULL,NULL,NULL,8,3,2,3,1,1,2,2,7,3,N,NULL,Y,N,1616,1655,1730,N,NULL,53,6,0,Y,,N,N,,NULL,NULL,2019,O,7.23E+11,098-KY-0194  -000,MEDIUM,098-KY-0194  -000,22.85,0,1,0,0,0,0,0,1,0,0,0,1,0,0
996,72318121,KSP0900,19-5432,20190219,800,,TOLER,,RD,KY0319,KY0319,0,098 KY-319,KY0319,N,N,NULL,NULL,NULL,N,NULL,NULL,NULL,NULL,NULL,NULL,5.48,NULL,NULL,NULL,NULL,,NULL,0,0,1,1,N,N,35,NULL,98,9842,NULL,,Y,37.62569,-82.24742,N,NULL,NULL,NULL,NULL,NULL,NULL,NULL,NULL,9,3,2,6,1,2,2,2,7,3,N,NULL,Y,N,800,800,810,N,NULL,40,7,0,N,,N,N,098-KY-0319-0,NULL,NULL,2019,O,7.23E+11,098-KY-0319  -000,HIGH,098-KY-0319  -000,5.48,0,0,0,1,0,0,0,0,0,0,0,1,0,0
997,72360571,980100,2.02E+11,20190530,2118,,US23,,,US0023,US0023,0,098 US-23,US0023,N,N,NULL,NULL,NULL,N,NULL,NULL,NULL,NULL,NULL,NULL,26.286,NULL,NULL,NULL,NULL,,NULL,0,0,2,2,N,N,55,NULL,98,9801,NULL,,Y,37.5037,-82.53215,N,NULL,NULL,NULL,NULL,NULL,NULL,NULL,NULL,1,3,4,6,1,1,2,5,7,3,N,NULL,Y,N,2119,2120,2121,N,NULL,55,,1,N,,N,N,098-US-0023-0,NULL,NULL,2019,O,7.24E+11,098-US-0023  -000,HIGH,098-US-0023  -000,26.286,0,0,1,0,0,0,0,0,0,0,0,0,0,1
998,72316818,KSP0900,19-04711,20190212,1603,,US119,,,US0119,US0119,,,,Y,N,NULL,NULL,NULL,N,NULL,NULL,NULL,NULL,NULL,NULL,24.16,NULL,NULL,NULL,NULL,,NULL,0,0,2,2,N,N,15,NULL,98,9834,NULL,,Y,37.65809,-82.27049,N,NULL,NULL,NULL,NULL,NULL,NULL,NULL,NULL,2,97,,6,1,5,6,2,8,3,N,NULL,N,N,1603,1611,1611,N,NULL,90,2,1,N,,N,N,,NULL,NULL,2019,O,7.23E+11,098-US-0119  -000,MEDIUM,098-US-0119  -000,24.16,0,0,0,0,0,0,1,0,0,0,0,0,0,0
999,72372964,980100,2.02E+11,20190628,2015,,CASSIDY,,BLVD,,,0,098 CS-1191,CS1191,Y,N,NULL,NULL,NULL,N,NULL,NULL,NULL,NULL,NULL,NULL,0.058,NULL,NULL,NULL,NULL,,NULL,0,0,2,2,Y,N,,NULL,98,9801,NULL,,Y,37.50367,-82.53308,N,NULL,NULL,NULL,NULL,NULL,NULL,NULL,NULL,1,97,1,6,1,1,2,2,1,3,N,NULL,Y,N,2015,2020,2020,N,NULL,90,,,N,,N,N,098-CS-1191-0,NULL,NULL,2019,O,7.24E+11,098-CS-1191  -000,HIGH,098-CS-1191  -000,0.058,0,0,0,0,0,0,0,0,0,0,0,0,0,1
1000,72321546,KSP0900,19-6357,20190226,32,,BIG CREEK,,RD,KY0468,KY0468,0,098 KY-468,KY0468,N,N,NULL,NULL,NULL,N,NULL,NULL,NULL,NULL,NULL,NULL,11.404,NULL,NULL,NULL,NULL,,NULL,0,0,2,2,Y,N,55,NULL,98,9843,NULL,,Y,37.72462,-82.35105,N,NULL,NULL,NULL,NULL,NULL,NULL,NULL,NULL,5,3,2,2,1,1,2,6,7,3,N,NULL,N,Y,37,123,123,N,NULL,49,8,0,N,,N,N,098-KY-0468-0,NULL,NULL,2019,O,7.23E+11,098-KY-0468  -000,HIGH,098-KY-0468  -000,11.404,0,0,0,0,0,0,0,0,0,0,0,0,0,0
1001,72318006,KSP0900,19-5544,20190220,102,,WILLIAMSON,,RD,KY0292,KY0292,0,098 KY-292,KY0292,N,N,NULL,NULL,NULL,N,NULL,NULL,NULL,NULL,NULL,NULL,7.995,NULL,NULL,NULL,NULL,,NULL,0,0,1,1,N,N,45,NULL,98,9834,NULL,,Y,37.68761,-82.29973,N,NULL,NULL,NULL,NULL,NULL,NULL,NULL,NULL,9,3,2,6,1,5,6,6,7,3,N,NULL,Y,N,105,108,108,N,NULL,44,7,0,N,,N,N,098-KY-0292-0,NULL,NULL,2019,O,7.23E+11,098-KY-0292  -000,HIGH,098-KY-0292  -000,7.995,0,0,0,0,0,0,0,0,0,0,0,1,0,0
1002,72298848,KSP0900,19-00402,20190104,1345,,ELKHORN,,CRK,KY0197,KY0197,0,098 KY-197,KY0197,N,N,NULL,NULL,NULL,N,NULL,NULL,NULL,NULL,NULL,NULL,3.302,NULL,NULL,NULL,NULL,,NULL,0,0,1,1,N,N,55,NULL,98,9864,NULL,,Y,37.22994,-82.52271,N,NULL,NULL,NULL,NULL,NULL,NULL,NULL,NULL,9,3,2,1,1,5,2,2,7,3,N,NULL,Y,N,1348,1404,,N,NULL,70,7,0,N,,N,N,098-KY-0197-0,NULL,NULL,2019,O,7.23E+11,098-KY-0197  -000,HIGH,098-KY-0197  -000,3.302,0,0,0,0,0,0,0,0,0,0,0,1,0,0
1003,72382059,KSP0900,19-27500,20190719,1934,,KY632,,,KY0632,KY0632,0,098 KY-632,KY0632,Y,N,NULL,NULL,NULL,N,NULL,NULL,NULL,NULL,NULL,NULL,11.723,NULL,NULL,NULL,NULL,,NULL,0,0,2,2,N,N,55,NULL,98,9804,NULL,,Y,37.5025,-82.17934,N,NULL,NULL,NULL,NULL,NULL,NULL,NULL,NULL,2,97,2,6,1,1,2,2,7,3,N,NULL,Y,N,1959,2027,2027,N,NULL,90,6,0,N,,N,N,098-KY-0632-0,NULL,NULL,2019,O,7.24E+11,098-KY-0632  -000,HIGH,098-KY-0632  -000,11.723,0,0,0,0,0,0,1,0,0,0,0,0,0,0
1004,72388467,KSP0900,19-29551,20190803,33,,BIG BLUE SPRINGS,,RD,,,0,098 CR-1801,CR1801,N,N,NULL,NULL,NULL,N,NULL,NULL,NULL,NULL,NULL,NULL,1.572,NULL,NULL,NULL,NULL,,NULL,0,0,2,2,N,N,35,NULL,98,9863,NULL,,Y,37.53797,-82.18331,N,NULL,NULL,NULL,NULL,NULL,NULL,NULL,NULL,1,5,1,1,1,1,2,6,7,3,N,NULL,Y,N,34,55,55,N,NULL,47,,,N,,N,N,098-CR-1801-0,NULL,NULL,2019,O,7.24E+11,098-CR-1801  -000,HIGH,098-CR-1801  -000,1.572,0,0,0,0,0,0,0,0,0,0,0,0,0,0
1005,72347079,KSP0900,19-14954,20190428,115,,KY80,,,KY0080,KY0080,0,098 KY-80,KY0080,N,N,NULL,NULL,NULL,N,NULL,NULL,NULL,NULL,NULL,NULL,2.673,NULL,NULL,NULL,NULL,,NULL,2,0,1,1,N,N,55,NULL,98,9802,NULL,,Y,37.30919,-82.35267,N,NULL,NULL,NULL,NULL,NULL,NULL,NULL,NULL,9,3,2,3,1,5,2,6,7,3,Y,NULL,Y,Y,115,123,123,Y,NULL,70,7,0,Y,,N,N,098-KY-0080-0,NULL,NULL,2019,B,7.23E+11,098-KY-0080  -000,HIGH,098-KY-0080  -000,2.673,0,0,1,0,0,0,0,0,1,0,0,1,0,0
1006,72441027,KSP0900,19-45298,20191121,827,,LEFT FORK ISLAND,,CRK,,,0,098 CR-1233Q3,CR1233Q3,N,N,NULL,NULL,NULL,N,NULL,NULL,NULL,NULL,NULL,NULL,0.132,NULL,NULL,NULL,NULL,,NULL,0,0,1,1,Y,N,35,NULL,98,9801,NULL,,Y,37.43266,-82.55644,N,NULL,NULL,NULL,NULL,NULL,NULL,NULL,NULL,9,7,,6,1,1,2,2,6,3,N,NULL,N,N,754,812,,Y,NULL,40,,,N,,N,N,098-CR-1233Q3-0,NULL,NULL,2019,O,7.24E+11,098-CR-1233Q3-000,HIGH,098-CR-1233Q3-000,0.132,0,0,0,0,0,0,1,0,0,0,0,1,0,0
1007,72748721,KSP0900,2022-127470,20220408,2030,,KY194,,,KY0194,KY0194,0,098 KY-194,KY0194,N,N,NULL,NULL,NULL,N,NULL,NULL,NULL,NULL,NULL,NULL,15.647,NULL,NULL,NULL,NULL,,NULL,0,0,1,1,N,N,55,NULL,98,9801,NULL,,Y,37.57,-82.47209,N,NULL,NULL,NULL,NULL,NULL,NULL,NULL,NULL,9,3,2,6,1,5,6,6,7,3,N,NULL,Y,N,2030,2030,2030,N,NULL,38,7,0,N,,N,N,098-KY-0194-0,NULL,NULL,2022,O,7.27E+11,098-KY-0194  -000,HIGH,098-KY-0194  -000,15.647,0,0,0,0,0,0,0,0,0,0,0,0,0,0
1008,72425561,980100,2.02E+11,20191022,756,,KY1460,,,KY1460,KY1460,0,098 KY-1460,KY1460,N,N,NULL,NULL,NULL,N,NULL,NULL,NULL,NULL,NULL,NULL,6.749,NULL,NULL,NULL,NULL,,NULL,1,0,1,1,N,N,45,NULL,98,9801,NULL,,Y,37.48375,-82.54026,N,NULL,NULL,NULL,NULL,NULL,NULL,NULL,NULL,9,97,2,6,1,5,6,1,1,3,Y,NULL,Y,Y,757,759,908,N,NULL,44,16,0,N,,N,N,098-KY-1460-0,NULL,NULL,2019,C,7.24E+11,098-KY-1460  -000,HIGH,098-KY-1460  -000,6.749,0,0,1,0,0,0,0,0,0,0,0,1,0,1
1009,72316312,KSP0900,19-4899,20190214,450,,KY195,,,KY0195,KY0195,0,098 KY-195,KY0195,N,N,NULL,NULL,NULL,N,NULL,NULL,NULL,NULL,NULL,NULL,7.141,NULL,NULL,NULL,NULL,,NULL,1,0,1,1,N,N,55,NULL,98,9802,4,W,N,37.32852,-82.44889,N,NULL,NULL,NULL,NULL,NULL,NULL,NULL,NULL,9,5,2,3,1,2,3,6,7,3,N,NULL,Y,N,450,553,640,N,NULL,44,7,0,N,,N,N,098-KY-0195-0,NULL,NULL,2019,C,7.23E+11,098-KY-0195  -000,HIGH,098-KY-0195  -000,7.141,0,0,0,1,0,0,0,0,0,0,0,1,0,0
1010,72334082,KSP0900,19-10681,20190331,1733,,TOLER,,RD,KY0319,KY0319,,,,N,N,NULL,NULL,NULL,N,NULL,NULL,NULL,NULL,NULL,NULL,4.819,NULL,NULL,NULL,NULL,,NULL,1,0,2,2,N,N,35,NULL,98,9842,NULL,,Y,37.61691,-82.24242,N,NULL,NULL,NULL,NULL,NULL,NULL,NULL,NULL,4,3,2,6,1,1,2,2,7,3,N,NULL,Y,Y,1734,1739,1739,N,NULL,70,7,0,N,,N,N,,NULL,NULL,2019,C,7.23E+11,098-KY-0319  -000,HIGH,098-KY-0319  -000,4.819,0,0,1,1,0,0,1,0,0,0,0,0,0,0
1011,72379766,980200,980200,20190710,150,,KY80,,,KY0080,KY0080,0,098 KY-80,KY0080,N,N,NULL,NULL,NULL,N,NULL,NULL,NULL,NULL,NULL,NULL,6.245,NULL,NULL,NULL,NULL,,NULL,0,0,2,2,N,N,35,NULL,98,9802,3,E,N,37.29717,-82.31323,N,NULL,NULL,NULL,NULL,NULL,NULL,NULL,NULL,7,3,2,3,1,1,2,2,7,3,N,NULL,Y,Y,152,156,230,N,NULL,54,7,0,N,,N,N,098-KY-0080-0,NULL,NULL,2019,O,7.24E+11,098-KY-0080  -000,HIGH,098-KY-0080  -000,6.245,0,0,0,0,0,0,0,1,0,0,0,1,0,0
1012,72382025,KSP0900,19-27222,20190717,1648,,US23,,,US0023,US0023,0,098 US-23,US0023,N,N,NULL,NULL,NULL,N,NULL,NULL,NULL,NULL,NULL,NULL,17.387,NULL,NULL,NULL,NULL,,NULL,0,0,1,1,N,N,35,NULL,98,9801,NULL,,Y,37.42048,-82.51663,N,NULL,NULL,NULL,NULL,NULL,NULL,NULL,NULL,9,3,4,1,1,5,6,2,7,3,N,NULL,Y,N,1805,1816,,N,NULL,44,,1,N,,N,N,098-US-0023-0,NULL,NULL,2019,O,7.24E+11,098-US-0023  -000,HIGH,098-US-0023  -000,17.387,0,0,1,0,0,0,0,0,0,0,0,1,0,0
1013,72412258,KSP0900,19-36517,20190918,251,,KY292,,,KY0292,KY0292,0,098 KY-292,KY0292,N,N,NULL,NULL,NULL,N,NULL,NULL,NULL,NULL,NULL,NULL,3.073,NULL,NULL,NULL,NULL,,NULL,2,0,1,1,N,N,45,NULL,98,9834,1,W,N,37.66064,-82.24134,N,NULL,NULL,NULL,NULL,NULL,NULL,NULL,NULL,9,4,2,6,1,1,2,4,6,3,N,NULL,Y,Y,252,330,,N,NULL,44,8,0,N,,N,N,098-KY-0292-0,NULL,NULL,2019,C,7.24E+11,098-KY-0292  -000,HIGH,098-KY-0292  -000,3.073,0,0,0,0,0,0,0,0,0,0,0,1,0,0
1014,72378325,KSP0900,19-25218,20190704,2049,,FISHTRAP,,RD,KY1441,KY1441,0,098 KY-1441,KY1441,N,N,NULL,NULL,NULL,Y,SLONES BRANCH,,RD,OLD RAILROAD,,RD,1.106,NULL,NULL,NULL,NULL,,NULL,0,0,1,1,N,N,55,NULL,98,9832,NULL,,Y,37.40974,-82.43197,N,NULL,NULL,NULL,NULL,NULL,NULL,NULL,NULL,9,3,2,3,1,1,2,6,7,3,N,NULL,Y,Y,2049,2130,2140,N,NULL,40,8,0,N,,N,N,098-KY-1441-0,NULL,NULL,2019,O,7.24E+11,098-KY-1441  -000,HIGH,098-KY-1441  -000,1.106,0,0,0,0,0,0,0,1,0,0,0,1,0,0
1015,72370358,980100,2.02E+11,20190621,1734,,CASSIDY,,BLVD,,,0,098 CS-1191,CS1191,Y,N,NULL,NULL,NULL,N,NULL,NULL,NULL,NULL,NULL,NULL,0.054,NULL,NULL,NULL,NULL,,NULL,0,0,2,2,N,N,,NULL,98,9801,NULL,,Y,37.50368,-82.53303,N,NULL,NULL,NULL,NULL,NULL,NULL,NULL,NULL,2,97,1,6,1,1,2,2,1,3,N,NULL,Y,N,1734,1744,1748,N,NULL,90,,,N,,N,N,098-CS-1191-0,NULL,NULL,2019,O,7.24E+11,098-CS-1191  -000,HIGH,098-CS-1191  -000,0.054,0,0,0,0,0,0,1,0,0,0,0,0,0,1
1016,72365000,KSP0900,19-20533,20190604,954,,US119,,,US0119,US0119,0,098 US-119,US0119,N,N,NULL,NULL,NULL,N,NULL,NULL,NULL,NULL,NULL,NULL,25.38,NULL,NULL,NULL,NULL,,NULL,1,0,2,2,N,N,55,NULL,98,9834,NULL,,Y,37.67281,-82.28104,N,NULL,NULL,NULL,NULL,NULL,NULL,NULL,NULL,5,3,2,6,1,1,2,2,7,3,Y,NULL,Y,Y,943,953,1030,N,NULL,49,2,1,N,,N,N,098-US-0119-0,NULL,NULL,2019,C,7.24E+11,098-US-0119  -000,HIGH,098-US-0119  -000,25.38,0,0,0,0,0,0,0,0,0,1,0,1,0,0
1017,72422558,KSP0900,19-39362,20191006,728,,US460,,,US0460,US0460,0,098 US-460,US0460,N,N,NULL,NULL,NULL,N,NULL,NULL,NULL,NULL,NULL,NULL,1.994,NULL,NULL,NULL,NULL,,NULL,1,0,1,1,N,N,55,NULL,98,9801,NULL,,Y,37.43279,-82.49252,N,NULL,NULL,NULL,NULL,NULL,NULL,NULL,NULL,9,3,2,6,1,1,2,1,7,3,Y,NULL,N,Y,728,729,,N,NULL,40,,1,N,,N,N,098-US-0460-0,NULL,NULL,2019,C,7.24E+11,098-US-0460  -000,HIGH,098-US-0460  -000,1.994,0,0,0,0,0,0,1,0,0,0,0,1,0,0
1018,72367043,980100,2.02E+11,20190613,1150,,US23,,,US0023,US0023,,,,N,N,NULL,NULL,NULL,N,NULL,NULL,NULL,NULL,NULL,NULL,27.433,NULL,NULL,NULL,NULL,,NULL,0,0,2,2,N,N,55,NULL,98,9807,NULL,,Y,37.5111,-82.54977,N,NULL,NULL,NULL,NULL,NULL,NULL,NULL,NULL,5,3,3,6,1,1,2,2,1,3,N,NULL,N,N,1150,1157,,N,NULL,70,,1,N,,N,N,,NULL,NULL,2019,O,7.24E+11,098-US-0023  -010,MEDIUM,098-US-0023  -000,27.433,0,0,0,1,0,0,1,1,0,0,0,0,0,1
1019,72372022,KSP0900,19-23195,20190622,316,,US460,,,US0460,US0460,0,098 US-460,US0460,N,N,NULL,NULL,NULL,N,NULL,NULL,NULL,NULL,NULL,NULL,6.026,NULL,NULL,NULL,NULL,,NULL,0,0,1,1,N,N,55,NULL,98,9824,NULL,,Y,37.40321,-82.43472,N,NULL,NULL,NULL,NULL,NULL,NULL,NULL,NULL,9,3,2,6,1,5,6,5,7,3,N,NULL,N,N,316,331,,N,NULL,70,,1,N,,N,N,098-US-0460-0,NULL,NULL,2019,O,7.24E+11,098-US-0460  -000,HIGH,098-US-0460  -000,6.026,0,0,1,0,0,0,0,0,0,0,0,1,0,0
1020,72412394,980100,2.02E+11,20190922,335,,CASSIDY,,BLVD,,,0,098 CS-1191,CS1191,Y,N,NULL,NULL,NULL,N,NULL,NULL,NULL,NULL,NULL,NULL,0.306,NULL,NULL,NULL,NULL,,NULL,0,0,1,1,Y,N,,NULL,98,9801,NULL,,Y,37.50516,-82.53696,N,NULL,NULL,NULL,NULL,NULL,NULL,NULL,NULL,9,97,,6,1,1,2,5,1,3,N,NULL,Y,N,335,343,,Y,NULL,90,,,N,,N,N,098-CS-1191-0,NULL,NULL,2019,O,7.24E+11,098-CS-1191  -000,HIGH,098-CS-1191  -000,0.306,0,0,0,0,0,0,0,0,0,0,0,1,0,1
1021,72461231,KSP0900,20-987,20200108,620,,KY1499,,,KY1499,KY1499,0,098 KY-1499,KY1499,N,N,NULL,NULL,NULL,N,NULL,NULL,NULL,NULL,NULL,NULL,4.852,NULL,NULL,NULL,NULL,,NULL,0,0,1,1,N,N,55,NULL,98,9870,NULL,,Y,37.42021,-82.2686,N,NULL,NULL,NULL,NULL,NULL,NULL,NULL,NULL,9,5,2,3,1,2,2,6,7,3,N,NULL,Y,N,623,700,,N,NULL,44,7,0,N,,N,N,098-KY-1499-0,NULL,NULL,2020,O,7.25E+11,098-KY-1499  -000,HIGH,098-KY-1499  -000,4.852,0,0,0,0,0,0,0,0,0,0,0,1,0,0
1022,72383353,KSP0900,19-27397,20190719,200,,BRUSHY,,RD,KY0881,KY0881,0,098 KY-881,KY0881,N,N,NULL,NULL,NULL,N,NULL,NULL,NULL,NULL,NULL,NULL,2.504,NULL,NULL,NULL,NULL,,NULL,0,0,1,1,N,N,55,NULL,98,9833,NULL,,Y,37.60483,-82.39351,N,NULL,NULL,NULL,NULL,NULL,NULL,NULL,NULL,9,3,2,2,1,1,2,6,7,3,N,NULL,Y,N,147,206,206,N,NULL,40,8,0,N,,N,N,098-KY-0881-0,NULL,NULL,2019,O,7.24E+11,098-KY-0881  -000,HIGH,098-KY-0881  -000,2.504,0,0,0,0,0,0,1,0,0,0,0,1,0,0
1023,72404058,980000,19-09-003,20190904,1659,,US23,,,US0023,US0023,0,098 US-23,US0023,N,N,NULL,NULL,NULL,N,NULL,NULL,NULL,NULL,NULL,NULL,27.193,NULL,NULL,NULL,NULL,,NULL,1,0,3,3,N,N,55,NULL,98,9801,NULL,,Y,37.51051,-82.5451,N,NULL,NULL,NULL,NULL,NULL,NULL,NULL,NULL,8,3,4,6,1,1,2,2,7,3,Y,NULL,Y,Y,1600,1600,1635,N,NULL,53,,1,N,,N,N,098-US-0023-0,NULL,NULL,2019,C,7.24E+11,098-US-0023  -000,HIGH,098-US-0023  -000,27.193,0,0,0,1,0,0,0,1,0,0,0,1,0,1
1024,72383385,980100,2.02E+11,20190723,1621,,CASSIDY,,BLVD,,,0,098 CS-1191,CS1191,Y,N,NULL,NULL,NULL,N,NULL,NULL,NULL,NULL,NULL,NULL,0.051,NULL,NULL,NULL,NULL,,NULL,0,0,2,2,N,N,15,NULL,98,9801,NULL,,Y,37.50369,-82.53298,N,NULL,NULL,NULL,NULL,NULL,NULL,NULL,NULL,2,97,1,6,1,1,2,2,1,3,N,NULL,Y,N,1621,1631,,N,NULL,90,,,N,,N,N,098-CS-1191-0,NULL,NULL,2019,O,7.24E+11,098-CS-1191  -000,HIGH,098-CS-1191  -000,0.051,0,0,0,1,0,0,1,0,0,0,0,0,0,1
1025,72402316,980100,2.02E+11,20190903,1829,,CASSIDY,,BLVD,,,0,098 CS-1191,CS1191,N,N,NULL,NULL,NULL,N,NULL,NULL,NULL,NULL,NULL,NULL,0.231,NULL,NULL,NULL,NULL,,NULL,0,0,2,2,N,N,25,NULL,98,9801,NULL,,Y,37.50436,-82.53567,N,NULL,NULL,NULL,NULL,NULL,NULL,NULL,NULL,4,3,5,6,1,1,2,2,1,3,N,NULL,Y,N,1829,1835,1841,N,NULL,70,,,N,,N,N,098-CS-1191-0,NULL,NULL,2019,O,7.24E+11,098-CS-1191  -000,HIGH,098-CS-1191  -000,0.231,0,0,0,1,0,0,1,1,0,0,0,0,0,1
1026,72402516,980000,19-09-002,20190904,,,197 APPLACHIAN PLAZA,N,,,,,,,Y,N,NULL,NULL,NULL,N,NULL,NULL,NULL,NULL,NULL,NULL,,NULL,NULL,NULL,NULL,NULL,NULL,0,0,2,2,Y,N,15,NULL,98,9834,1,N,N,37.66769,-82.27616,N,NULL,NULL,NULL,NULL,NULL,NULL,NULL,NULL,,7,2,4,1,1,2,2,1,3,N,NULL,N,Y,1343,1350,1405,N,NULL,90,,,N,,N,N,,NULL,NULL,2019,O,7.24E+11,098-US-0119  -000,MEDIUM,098-US-0119  -000,24.934,0,0,0,0,0,0,0,0,0,0,0,0,0,0
1027,72360891,980200,ELK4125-87-19,20190522,1645,,PATTY LOVELESS,S,DR,KY0080,KY0080,0,098 KY-80,KY0080,N,N,NULL,NULL,NULL,N,NULL,NULL,NULL,NULL,NULL,NULL,3.674,NULL,NULL,NULL,NULL,,NULL,2,0,1,1,N,N,55,NULL,98,9802,NULL,,Y,37.30483,-82.34232,N,NULL,NULL,NULL,NULL,NULL,NULL,NULL,NULL,9,3,2,3,1,1,3,2,6,3,N,NULL,Y,N,1640,1643,1645,N,NULL,70,7,0,N,,N,N,098-KY-0080-0,NULL,NULL,2019,B,7.24E+11,098-KY-0080  -000,HIGH,098-KY-0080  -000,3.674,0,0,0,0,0,0,0,0,0,0,0,1,0,0
1028,72374103,980100,2.02E+11,20190625,1708,,RIVER,,DR,,,0,098 CS-1054,CS1054,Y,N,NULL,NULL,NULL,N,NULL,NULL,NULL,NULL,NULL,NULL,0.1,NULL,NULL,NULL,NULL,,NULL,0,0,2,2,Y,N,15,NULL,98,9801,NULL,,Y,37.47399,-82.52299,N,NULL,NULL,NULL,NULL,NULL,NULL,NULL,NULL,2,97,1,6,1,1,2,2,1,3,N,NULL,Y,N,1708,1716,,N,NULL,90,,,N,,N,N,098-CS-1054-0,NULL,NULL,2019,O,7.24E+11,098-CS-1054  -000,HIGH,098-CS-1054  -000,0.1,0,0,0,0,0,0,0,0,0,0,0,0,0,1
1029,72414777,370200,2019-37452,20190924,1415,,KY1426,,,KY1426,KY1426,0,098 KY-1426,KY1426,N,N,NULL,NULL,NULL,N,NULL,NULL,NULL,NULL,NULL,NULL,12.566,NULL,NULL,NULL,NULL,,NULL,0,0,2,2,N,N,45,NULL,98,9828,NULL,,Y,37.54382,-82.46777,N,NULL,NULL,NULL,NULL,NULL,NULL,NULL,NULL,1,3,2,6,1,1,3,2,7,3,N,NULL,N,N,1440,1456,1456,N,NULL,55,7,0,N,,N,N,098-KY-1426-0,NULL,NULL,2019,O,7.24E+11,098-KY-1426  -000,HIGH,098-KY-1426  -000,12.566,0,0,0,0,0,0,1,0,0,0,0,0,0,0