OBJECTID,MasterFile,AgencyORINumber,LocalCode,CollisionDate,CollisionTime,CollisionDayWeekCode,RoadwayName,RoadwayName_Direction_,RoadwayName_RoadwaySuffix_,RoadwayfromReport,CurrentRoadwayNumber,RoadwayNumberCoupletID,RSEUniqueGIS,RoadwayIdentifier,ParkingLotIndicator,IntersectionWith_Indicator_,IntersectionWith_NameRoadway_,IntersectionWith_Direction_,IntersectionWith_RoadwaySuffix_,BetweenStreets_Indicator_,BetweenStreets1_NameRoadway_,BetweenStreet1_Direction_,BetweenStreets1_RoadwaySuffix_,BetweenStreets2_NameRoadway_,BetweenStreets2_Direction_,BetweenStreets2_RoadwaySuffix_,Milepoint,ReportMilepointDeriveNumber,CurrentDerivedMiepointNumber,MilestoMilepoint,FeettoMilepoint,DirectionfromMilepoint_NSEW_,ValidMilepointIndicator,NumberInjured,NumberKilled,ofUnits,ofMotorVehicleUnits,Hit&RunIndicator,OneWayIndicator,SpeedLimitNumber,KilometersIndicator,CountyCode,CityCountyCode,MilesFromCity,DirectionFromCity_NSEW_,InCityLimitsIndicator,Latitude,Longitude,RampIndicator,RampFromIdentifier,RampFromDirCode,RampFromCoupletID,RSEUniqueGISRampFrom,RampToidentifier,RampToDirCode,RampToCoupletID,RSEUniqueGisRampTo,MannerofCollisionCode,LocationFirstEventCode,TotalLanes,RoadwayCharacterCode,RoadwaySurfaceCode,RoadwayConditionCode,WeatherCode,LightConditionCode,LandUseCode,SchoolBusRelatedCode,FirstAidSceneIndicator,CollDescPresentInd,InvestigationCompleteIndicator,PhotosTakenIndicator,TimeNotified,TimeArrived,TimeRoadwayOpened,PropertyDamageIndicator,DiagramPresentIndicator,DirectionalAnalysis,FunctionClassCode,NationalHwySysCode,EnforcementsIndicator,KARSCityCode,SecondaryCollisionIndicator,MedianCrossoverIndicator,RT_UNIQUE,MapIt,TimeLastLeft,YR,KABCO,MFNY,WorkingRID,RT_CONFIDENCE,KTC_RT,KTC_MP,Motorcyclist,Commercial Vehicle,Young Driver,Mature Driver,Pedestrian,Bicyclist,Distracted,Aggressive,Impaired,Unrestrained,Intersection,Roadway Departure,Median Cross-over,City Crash
1030,72356039,KSP0900,19-18058,20190518,2313,,RED CREEK,,RD,,,0,098 CR-1263,CR1263,N,N,NULL,NULL,NULL,N,NULL,NULL,NULL,NULL,NULL,NULL,0.49,NULL,NULL,NULL,NULL,,NULL,0,0,1,1,N,N,35,NULL,98,9801,3,N,N,37.43417,-82.47134,N,NULL,NULL,NULL,NULL,NULL,NULL,NULL,NULL,9,97,1,3,1,1,2,6,7,3,N,NULL,Y,N,2314,2322,2322,N,NULL,70,,,Y,,N,N,098-CR-1263-0,NULL,NULL,2019,O,7.24E+11,098-CR-1263  -000,HIGH,098-CR-1263  -000,0.49,0,0,0,0,0,0,0,0,1,0,0,1,0,0
1031,72331667,980500,2019AR20,20190326,1505,,COWPEN,,RD,KY2061,KY2061,0,098 KY-2061,KY2061,N,N,NULL,NULL,NULL,N,NULL,NULL,NULL,NULL,NULL,NULL,1.191,NULL,NULL,NULL,NULL,,NULL,0,0,2,2,N,N,45,NULL,98,9807,NULL,,Y,37.54337,-82.56383,N,NULL,NULL,NULL,NULL,NULL,NULL,NULL,NULL,8,3,2,6,1,1,2,2,7,3,N,NULL,Y,N,1505,1509,1510,N,NULL,53,,0,N,,N,N,098-KY-2061-0,NULL,NULL,2019,O,7.23E+11,098-KY-2061  -000,HIGH,098-KY-2061  -000,1.191,0,0,0,1,0,0,0,1,0,0,0,1,0,0
1032,72329459,980100,2.02E+11,20190306,1000,,RIVER,,DR,,,0,098 CS-1054,CS1054,N,N,NULL,NULL,NULL,N,NULL,NULL,NULL,NULL,NULL,NULL,0.06,NULL,NULL,NULL,NULL,,NULL,0,0,2,2,Y,N,15,NULL,98,9801,NULL,,Y,37.47197,-82.52193,N,NULL,NULL,NULL,NULL,NULL,NULL,NULL,NULL,2,7,2,6,1,1,2,2,1,3,N,NULL,Y,N,1000,1000,,N,NULL,47,,,N,,N,N,098-CS-1054-0,NULL,NULL,2019,O,7.23E+11,098-CS-1054  -000,HIGH,098-CS-1054  -000,0.06,0,0,0,0,0,0,1,0,0,0,0,0,0,1
1033,72385050,980100,2.02E+11,20190724,1501,,2ND,,ST,,,0,098 CS-1117,CS1117,N,N,NULL,NULL,NULL,N,NULL,NULL,NULL,NULL,NULL,NULL,0.419,NULL,NULL,NULL,NULL,,NULL,0,0,2,2,N,Y,15,NULL,98,9801,NULL,,Y,37.47823,-82.51932,N,NULL,NULL,NULL,NULL,NULL,NULL,NULL,NULL,2,3,1,6,1,1,2,2,1,3,N,NULL,Y,N,1501,1504,,N,NULL,56,,,N,,N,N,098-CS-1117-0,NULL,NULL,2019,O,7.24E+11,098-CS-1117  -000,HIGH,098-CS-1117  -000,0.419,0,0,0,0,0,0,0,0,0,0,0,0,0,0
1034,72342429,KSP0900,19-13801,20190420,1219,,US119,,,US0119,US0119,,,,N,N,NULL,NULL,NULL,N,NULL,NULL,NULL,NULL,NULL,NULL,24.038,NULL,NULL,NULL,NULL,,NULL,0,0,2,2,N,N,40,NULL,98,9834,NULL,,Y,37.65627,-82.27034,N,NULL,NULL,NULL,NULL,NULL,NULL,NULL,NULL,5,3,4,6,1,1,3,2,7,3,N,NULL,N,N,1308,1324,1350,N,NULL,49,2,1,N,,N,N,,NULL,NULL,2019,O,7.23E+11,098-US-0119  -000,MEDIUM,098-US-0119  -000,24.038,0,0,0,0,0,0,1,0,0,0,0,0,0,0
1035,72364543,KSP0900,19-21079,20190607,1628,,ZEBULON,,HWY,KY1426,KY1426,0,098 KY-1426,KY1426,N,N,NULL,NULL,NULL,N,NULL,NULL,NULL,NULL,NULL,NULL,11.529,NULL,NULL,NULL,NULL,,NULL,0,0,2,2,N,N,55,NULL,98,9828,NULL,,Y,37.53077,-82.46969,N,NULL,NULL,NULL,NULL,NULL,NULL,NULL,NULL,7,3,2,6,1,1,2,2,7,3,N,NULL,Y,N,1628,1631,1636,N,NULL,54,7,0,N,,N,N,098-KY-1426-0,NULL,NULL,2019,O,7.24E+11,098-KY-1426  -000,HIGH,098-KY-1426  -000,11.529,0,0,0,0,0,0,0,0,0,0,0,1,0,0
1036,72635103,980100,2.02E+11,20210611,1343,,CASSIDY,,BLVD,,,0,098 CS-1191,CS1191,Y,N,NULL,NULL,NULL,N,NULL,NULL,NULL,NULL,NULL,NULL,0.044,NULL,NULL,NULL,NULL,,NULL,0,0,2,2,N,N,,NULL,98,9801,NULL,,Y,37.5037,-82.53288,N,NULL,NULL,NULL,NULL,NULL,NULL,NULL,NULL,5,97,1,6,1,5,6,2,1,3,N,NULL,Y,N,1346,1357,1358,N,NULL,90,,,N,,N,N,098-CS-1191-0,NULL,NULL,2021,O,7.26E+11,098-CS-1191  -000,HIGH,098-CS-1191  -000,0.044,0,0,0,0,0,0,0,0,0,0,0,0,0,1
1037,72416436,KSP0900,19-39052,20191004,1519,,US460,,,US0460,US0460,0,098 US-460,US0460,N,N,NULL,NULL,NULL,N,NULL,NULL,NULL,NULL,NULL,NULL,2.69,NULL,NULL,NULL,NULL,,NULL,1,0,2,2,N,N,55,NULL,98,9801,NULL,,Y,37.43128,-82.48074,N,NULL,NULL,NULL,NULL,NULL,NULL,NULL,NULL,5,3,2,6,1,1,2,2,7,3,Y,NULL,Y,N,1519,1534,1600,N,NULL,49,,1,N,,N,N,098-US-0460-0,NULL,NULL,2019,C,7.24E+11,098-US-0460  -000,HIGH,098-US-0460  -000,2.69,0,0,0,0,0,0,1,0,0,0,0,0,0,0
1038,72431767,KSP0900,19-43267,20191103,1503,,FOREST HILLS,,RD,KY0308,KY0308,0,098 KY-308,KY0308,N,N,NULL,NULL,NULL,N,NULL,NULL,NULL,NULL,NULL,NULL,2.604,NULL,NULL,NULL,NULL,,NULL,0,0,2,2,N,N,35,NULL,98,9885,NULL,,Y,37.64731,-82.26875,N,NULL,NULL,NULL,NULL,NULL,NULL,NULL,NULL,2,3,2,6,1,1,2,2,6,3,N,NULL,Y,N,1503,1510,1527,N,NULL,56,8,0,N,,N,N,098-KY-0308-0,NULL,NULL,2019,O,7.24E+11,098-KY-0308  -000,HIGH,098-KY-0308  -000,2.604,0,0,0,1,0,0,0,0,0,0,0,0,0,0
1039,72448565,980100,2.02E+11,20191209,1719,,US23,,,US0023,US0023,,,,N,N,NULL,NULL,NULL,N,NULL,NULL,NULL,NULL,NULL,NULL,26.185,NULL,NULL,NULL,NULL,,NULL,0,0,2,2,N,N,55,NULL,98,9801,NULL,,Y,37.50227,-82.53196,N,NULL,NULL,NULL,NULL,NULL,NULL,NULL,NULL,5,3,4,6,1,5,6,4,7,3,N,NULL,Y,N,1719,1727,1727,N,NULL,70,,1,N,,N,N,,NULL,NULL,2019,O,7.24E+11,098-US-0023  -000,MEDIUM,098-US-0023  -000,26.185,0,0,0,0,0,0,1,0,0,0,0,0,0,1
1040,72368072,KSP0900,19-21732,20190611,2143,,FERRELLS CREEK,,RD,US0460,US0460,0,098 US-460,US0460,N,N,NULL,NULL,NULL,N,NULL,NULL,NULL,NULL,NULL,NULL,14.396,NULL,NULL,NULL,NULL,,NULL,2,0,1,1,N,N,55,NULL,98,9802,NULL,,Y,37.34224,-82.37411,N,NULL,NULL,NULL,NULL,NULL,NULL,NULL,NULL,9,3,2,3,1,1,2,6,7,3,Y,NULL,Y,Y,2146,2153,2220,Y,NULL,40,,1,Y,,N,N,098-US-0460-0,NULL,NULL,2019,A,7.24E+11,098-US-0460  -000,HIGH,098-US-0460  -000,14.396,0,0,0,0,0,0,0,0,1,0,0,1,0,0
1041,72415864,980100,2.02E+11,20191003,1451,,RIVERFILL,S,DR,,,0,098 CS-1125,CS1125,Y,N,NULL,NULL,NULL,N,NULL,NULL,NULL,NULL,NULL,NULL,0.043,NULL,NULL,NULL,NULL,,NULL,0,0,2,2,N,N,15,NULL,98,9801,NULL,,Y,37.47652,-82.51872,N,NULL,NULL,NULL,NULL,NULL,NULL,NULL,NULL,2,97,,6,1,1,2,2,8,3,N,NULL,Y,N,1501,1505,,N,NULL,90,,,N,,N,N,098-CS-1125-0,NULL,NULL,2019,O,7.24E+11,098-CS-1125  -000,HIGH,098-CS-1125  -000,0.043,0,0,1,0,0,0,0,0,0,0,0,0,0,1
1042,72420335,KSP0900,19-39325,20191005,1048,,LITTLE ROBINSON CREEK,,RD,KY3415,KY3415,0,098 KY-3415,KY3415,N,N,NULL,NULL,NULL,N,NULL,NULL,NULL,NULL,NULL,NULL,2.521,NULL,NULL,NULL,NULL,,NULL,1,0,1,1,N,N,45,NULL,98,9827,NULL,,Y,37.3711,-82.62519,N,NULL,NULL,NULL,NULL,NULL,NULL,NULL,NULL,9,5,2,6,1,1,2,5,7,3,Y,NULL,N,Y,1048,1101,,N,NULL,40,9,0,N,,N,N,098-KY-3415-0,NULL,NULL,2019,C,7.24E+11,098-KY-3415  -000,HIGH,098-KY-3415  -000,2.521,0,0,0,0,0,0,0,0,0,0,0,1,0,0
1043,72318047,980000,1902006,20190217,530,,KY632,,,KY0632,KY0632,0,098 KY-632,KY0632,N,N,NULL,NULL,NULL,N,NULL,NULL,NULL,NULL,NULL,NULL,13.545,NULL,NULL,NULL,NULL,,NULL,0,0,1,1,N,N,35,NULL,98,9804,3,E,N,37.51209,-82.15984,N,NULL,NULL,NULL,NULL,NULL,NULL,NULL,NULL,9,97,2,3,1,5,6,1,7,3,N,NULL,Y,Y,705,739,820,N,NULL,70,6,0,N,,Y,N,098-KY-0632-0,NULL,NULL,2019,O,7.23E+11,098-KY-0632  -000,HIGH,098-KY-0632  -000,13.545,0,0,0,0,0,0,0,1,0,0,0,1,0,0
1044,72384275,980500,2019AR052,20190724,1930,,MAYO TRAIL,N,,US0023,US0023,0,098 US-23-10,US0023,Y,N,NULL,NULL,NULL,N,NULL,NULL,NULL,NULL,NULL,NULL,,NULL,NULL,NULL,NULL,NULL,NULL,0,0,2,2,N,N,15,NULL,98,9807,NULL,,Y,37.52177,-82.57098,N,NULL,NULL,NULL,NULL,NULL,NULL,NULL,NULL,2,97,2,3,1,1,2,2,1,3,N,NULL,Y,N,1730,1735,,N,NULL,90,,1,N,,N,N,098-US-0023-10,NULL,NULL,2019,O,7.24E+11,098-US-0023  -010,HIGH,098-US-0023  -000,28.859,0,0,0,0,0,0,0,0,0,0,0,0,0,0
1045,72401391,KSP0900,19-33929,20190831,1750,,US119,,,US0119,US0119,0,098 US-119,US0119,N,N,NULL,NULL,NULL,N,NULL,NULL,NULL,NULL,NULL,NULL,10.922,NULL,NULL,NULL,NULL,,NULL,0,0,1,1,N,N,55,NULL,98,9820,NULL,,Y,37.58877,-82.3917,N,NULL,NULL,NULL,NULL,NULL,NULL,NULL,NULL,9,3,2,5,1,1,2,2,7,3,N,NULL,N,N,1750,1750,1807,N,NULL,44,2,1,N,,N,N,098-US-0119-0,NULL,NULL,2019,O,7.24E+11,098-US-0119  -000,HIGH,098-US-0119  -000,10.922,0,0,1,0,0,0,0,0,0,0,0,1,0,0
1046,72382060,KSP0900,19-27551,20190720,237,,KY2062,,,KY2062,KY2062,0,098 KY-2062,KY2062,N,N,NULL,NULL,NULL,N,NULL,NULL,NULL,NULL,NULL,NULL,0.167,NULL,NULL,NULL,NULL,,NULL,1,0,2,2,N,N,55,NULL,98,9804,NULL,,Y,37.50636,-82.1315,N,NULL,NULL,NULL,NULL,NULL,NULL,NULL,NULL,8,5,2,4,1,1,2,6,7,3,N,NULL,Y,Y,238,308,453,N,NULL,47,8,0,N,,N,N,098-KY-2062-0,NULL,NULL,2019,C,7.24E+11,098-KY-2062  -000,HIGH,098-KY-2062  -000,0.167,0,0,0,0,0,0,0,0,0,0,0,1,0,0
1047,72375890,980100,2.02E+11,20190705,1359,,CASSIDY,,BLVD,,,0,098 CS-1191,CS1191,Y,N,NULL,NULL,NULL,N,NULL,NULL,NULL,NULL,NULL,NULL,0.053,NULL,NULL,NULL,NULL,,NULL,0,0,2,2,N,N,,NULL,98,9801,NULL,,Y,37.50368,-82.53302,N,NULL,NULL,NULL,NULL,NULL,NULL,NULL,NULL,1,97,1,6,1,1,2,2,1,3,N,NULL,Y,N,1359,1405,1405,N,NULL,90,,,N,,N,N,098-CS-1191-0,NULL,NULL,2019,O,7.24E+11,098-CS-1191  -000,HIGH,098-CS-1191  -000,0.053,0,0,0,0,0,0,1,0,0,0,0,0,0,1
1048,72456471,980100,2.02E+11,20191226,1319,,SOUTH BYPASS,,RD,,,,,,Y,N,NULL,NULL,NULL,N,NULL,NULL,NULL,NULL,NULL,NULL,,NULL,NULL,NULL,NULL,NULL,NULL,0,0,2,2,N,N,,NULL,98,9801,NULL,,Y,37.47271,-82.52465,N,NULL,NULL,NULL,NULL,NULL,NULL,NULL,NULL,1,97,1,6,1,5,2,2,1,3,N,NULL,Y,N,1319,1326,1346,N,NULL,90,,,N,,N,N,,NULL,NULL,2019,O,7.25E+11,098-KY-1426  -000,MEDIUM,098-KY-1426  -000,5.592,0,0,0,1,0,0,0,0,0,0,0,0,0,1
1049,72385573,KSP0900,19-27112,20190716,2053,,TOLER,,RD,KY0319,KY0319,0,098 KY-319,KY0319,Y,N,NULL,NULL,NULL,N,NULL,NULL,NULL,NULL,NULL,NULL,3.827,NULL,NULL,NULL,NULL,,NULL,0,0,2,1,N,N,,NULL,98,9842,NULL,,Y,37.60905,-82.22962,N,NULL,NULL,NULL,NULL,NULL,NULL,NULL,NULL,9,97,1,6,3,1,2,2,6,3,N,NULL,Y,Y,2057,2100,2100,N,NULL,90,7,0,Y,,N,N,098-KY-0319-0,NULL,NULL,2019,O,7.24E+11,098-KY-0319  -000,HIGH,098-KY-0319  -000,3.827,0,0,0,0,1,0,0,1,0,0,0,0,0,0
1050,72327413,980000,1903006,20190315,1737,,KY194,S,,KY0194S,KY0194S,0,098 KY-194S,KY0194S,N,N,NULL,NULL,NULL,N,NULL,NULL,NULL,NULL,NULL,NULL,0.024,NULL,NULL,NULL,NULL,,NULL,2,0,2,2,N,N,35,NULL,98,9811,1,W,N,37.56549,-82.14441,N,NULL,NULL,NULL,NULL,NULL,NULL,NULL,NULL,4,3,2,6,1,1,2,2,7,3,Y,NULL,Y,Y,1737,1751,1856,N,NULL,70,7,0,N,,N,N,098-KY-0194S-0,NULL,NULL,2019,B,7.23E+11,098-KY-0194S -000,HIGH,098-KY-0194S -000,0.024,0,0,0,0,0,0,0,1,0,0,0,0,0,0
1051,72346307,980500,2019AR032,20190430,1120,,MAIN,,ST,,,0,098 CS-3000,CS3000,N,N,NULL,NULL,NULL,N,NULL,NULL,NULL,NULL,NULL,NULL,0.363,NULL,NULL,NULL,NULL,,NULL,0,0,1,1,N,N,25,NULL,98,9807,NULL,,Y,37.5181,-82.56493,N,NULL,NULL,NULL,NULL,NULL,NULL,NULL,NULL,9,5,2,6,1,1,2,2,1,3,Y,NULL,Y,Y,1120,1120,1210,Y,NULL,51,,,N,,N,N,098-CS-3000-0,NULL,NULL,2019,O,7.23E+11,098-CS-3000  -000,HIGH,098-CS-3000  -000,0.363,0,0,0,0,0,0,1,0,0,0,0,1,0,0
1052,72390929,KSP0900,19-29413,20190802,650,,KY80,,,KY0080,KY0080,0,098 KY-80,KY0080,N,N,NULL,NULL,NULL,N,NULL,NULL,NULL,NULL,NULL,NULL,0.737,NULL,NULL,NULL,NULL,,NULL,0,0,2,2,N,N,55,NULL,98,9802,2,W,N,37.33261,-82.3692,N,NULL,NULL,NULL,NULL,NULL,NULL,NULL,NULL,8,3,2,5,1,1,2,2,7,3,N,NULL,Y,N,650,710,740,N,NULL,53,7,5,N,,Y,N,098-KY-0080-0,NULL,NULL,2019,O,7.24E+11,098-KY-0080  -000,HIGH,098-KY-0080  -000,0.737,0,0,0,0,0,0,1,0,0,0,0,1,0,0
1053,72395219,980500,2019AR057,20190815,1230,,US23,,,US0023,US0023,0,098 US-23-10,US0023,N,N,NULL,NULL,NULL,N,NULL,NULL,NULL,NULL,NULL,NULL,28.51,NULL,NULL,NULL,NULL,,NULL,0,0,2,2,N,N,45,NULL,98,9807,NULL,,Y,37.51891,-82.56602,N,NULL,NULL,NULL,NULL,NULL,NULL,NULL,NULL,1,3,6,6,1,1,2,2,6,3,N,NULL,Y,Y,1231,1233,1302,N,NULL,55,,1,N,,N,N,098-US-0023-10,NULL,NULL,2019,O,7.24E+11,098-US-0023  -010,HIGH,098-US-0023  -000,28.51,0,0,0,1,0,0,1,0,0,0,0,0,0,0
1054,72373701,980100,2.02E+11,20190628,537,,NIGHTINGALE,,CT,,,0,098 CS-1047,CS1047,N,N,NULL,NULL,NULL,N,NULL,NULL,NULL,NULL,NULL,NULL,0.079,NULL,NULL,NULL,NULL,,NULL,0,0,2,2,N,N,15,NULL,98,9801,NULL,,Y,37.46647,-82.56292,N,NULL,NULL,NULL,NULL,NULL,NULL,NULL,NULL,2,97,1,6,97,1,2,1,5,3,N,NULL,Y,N,538,545,,N,NULL,47,,,N,,N,N,098-CS-1047-0,NULL,NULL,2019,O,7.24E+11,098-CS-1047  -000,HIGH,098-CS-1047  -000,0.079,0,0,0,0,0,0,1,0,0,0,0,0,0,1
1055,72342717,980100,2.02E+11,20190413,1913,,KY1426,,,KY1426,KY1426,0,098 KY-1426,KY1426,N,N,NULL,NULL,NULL,N,NULL,NULL,NULL,NULL,NULL,NULL,5.025,NULL,NULL,NULL,NULL,,NULL,1,0,1,1,N,Y,35,NULL,98,9801,NULL,,Y,37.47295,-82.53348,N,NULL,NULL,NULL,NULL,NULL,NULL,NULL,NULL,9,3,1,3,1,1,2,2,7,3,Y,NULL,Y,Y,1713,1932,2023,N,NULL,70,,0,Y,,N,N,098-KY-1426-0,NULL,NULL,2019,B,7.23E+11,098-KY-1426  -000,HIGH,098-KY-1426  -000,5.025,1,0,0,0,0,0,0,0,0,0,0,1,0,1
1056,72388165,980100,2.02E+11,20190802,1640,,CASSIDY,,BLVD,,,0,098 CS-1191,CS1191,N,N,NULL,NULL,NULL,N,NULL,NULL,NULL,NULL,NULL,NULL,0.266,NULL,NULL,NULL,NULL,,NULL,0,0,2,2,N,N,25,NULL,98,9801,NULL,,Y,37.5047,-82.53621,N,NULL,NULL,NULL,NULL,NULL,NULL,NULL,NULL,4,3,3,6,1,1,2,2,7,3,N,NULL,N,N,1640,1648,1648,N,NULL,70,,,Y,,N,N,098-CS-1191-0,NULL,NULL,2019,O,7.24E+11,098-CS-1191  -000,HIGH,098-CS-1191  -000,0.266,0,0,0,1,0,0,1,1,0,0,0,0,0,1
1057,72339373,KSP0900,2019-12438,20190411,1201,,TOLER,,RD,KY0319,KY0319,0,098 KY-319,KY0319,N,N,NULL,NULL,NULL,N,NULL,NULL,NULL,NULL,NULL,NULL,5.953,NULL,NULL,NULL,NULL,,NULL,0,0,1,1,N,N,45,NULL,98,9842,NULL,,Y,37.63196,-82.24946,N,NULL,NULL,NULL,NULL,NULL,NULL,NULL,NULL,9,3,2,2,1,1,2,2,7,3,N,NULL,Y,N,1201,1259,1259,N,NULL,44,7,0,N,,N,N,098-KY-0319-0,NULL,NULL,2019,O,7.23E+11,098-KY-0319  -000,HIGH,098-KY-0319  -000,5.953,0,0,0,0,0,0,0,0,0,0,0,1,0,0
1058,72311126,KSP0900,19-3513,20190202,1623,,MAIN,,ST,,,0,098 CS-3000,CS3000,Y,N,NULL,NULL,NULL,N,NULL,NULL,NULL,NULL,NULL,NULL,0.521,NULL,NULL,NULL,NULL,,NULL,0,0,2,2,N,N,10,NULL,98,9807,NULL,,Y,37.51951,-82.56718,N,NULL,NULL,NULL,NULL,NULL,NULL,NULL,NULL,2,97,1,6,1,1,2,2,1,3,N,NULL,Y,N,1656,1724,1656,N,NULL,90,,,N,,N,N,098-CS-3000-0,NULL,NULL,2019,O,7.23E+11,098-CS-3000  -000,HIGH,098-CS-3000  -000,0.521,0,0,0,0,0,0,0,0,0,0,0,0,0,0
1059,72305446,KSP0900,19-2167,20190120,1636,,STONE COAL CREEK,,RD,KY3227,KY3227,0,098 KY-3227,KY3227,N,N,NULL,NULL,NULL,N,NULL,NULL,NULL,NULL,NULL,NULL,3.525,NULL,NULL,NULL,NULL,,NULL,1,0,2,2,N,N,35,NULL,98,9801,3,N,N,37.54005,-82.51115,N,NULL,NULL,NULL,NULL,NULL,NULL,NULL,NULL,3,3,2,3,1,5,3,2,7,3,Y,NULL,Y,N,1637,1705,1737,N,NULL,52,8,0,Y,,N,N,098-KY-3227-0,NULL,NULL,2019,C,7.23E+11,098-KY-3227  -000,HIGH,098-KY-3227  -000,3.525,0,0,0,0,0,0,0,0,0,0,0,1,0,0
1060,72364687,KSP0900,19-21213,20190608,400,,DORTON-JENKINS,,HWY,KY0805,KY0805,0,098 KY-805,KY0805,N,N,NULL,NULL,NULL,N,NULL,NULL,NULL,NULL,NULL,NULL,5.38,NULL,NULL,NULL,NULL,,NULL,1,0,1,1,N,N,35,NULL,98,9809,NULL,,Y,37.26095,-82.5727,N,NULL,NULL,NULL,NULL,NULL,NULL,NULL,NULL,9,4,2,3,1,5,3,6,7,3,N,NULL,Y,Y,1556,1626,1626,Y,NULL,51,7,0,N,,N,N,098-KY-0805-0,NULL,NULL,2019,B,7.24E+11,098-KY-0805  -000,HIGH,098-KY-0805  -000,5.38,0,0,0,0,0,0,1,1,0,0,0,1,0,0
1061,72334766,980100,2.02E+11,20190402,1229,,CASSIDY BLVD,,,,,,,,Y,N,NULL,NULL,NULL,N,NULL,NULL,NULL,NULL,NULL,NULL,,NULL,NULL,NULL,NULL,NULL,NULL,0,0,2,2,N,Y,15,NULL,98,9801,NULL,,Y,37.50697,-82.53926,N,NULL,NULL,NULL,NULL,NULL,NULL,NULL,NULL,2,97,1,6,1,1,2,2,1,3,N,NULL,Y,N,1229,1245,1245,N,NULL,90,,,N,,N,N,,NULL,NULL,2019,O,7.23E+11,098-CS-1191  -000,HIGH,098-CS-1191  -000,0.364,0,0,0,0,0,0,1,0,0,0,0,0,0,1
1062,72358595,980000,1905003,20190523,745,,US460,,,US0460,US0460,0,098 US-460,US0460,N,N,NULL,NULL,NULL,N,NULL,NULL,NULL,NULL,NULL,NULL,5.191,NULL,NULL,NULL,NULL,,NULL,1,0,2,2,N,N,45,NULL,98,9824,5,E,N,37.40915,-82.44756,N,NULL,NULL,NULL,NULL,NULL,NULL,NULL,NULL,1,3,2,1,1,1,2,2,7,3,N,NULL,N,Y,750,750,856,N,NULL,55,,1,N,,N,N,098-US-0460-0,NULL,NULL,2019,C,7.24E+11,098-US-0460  -000,HIGH,098-US-0460  -000,5.191,0,0,0,0,0,0,0,1,0,0,0,0,0,0
1063,72452978,980100,2.02E+11,20191218,830,,BYPASS,S,RD,KY1426,KY1426,0,098 KY-1426,KY1426,N,N,NULL,NULL,NULL,N,NULL,NULL,NULL,NULL,NULL,NULL,6.261,NULL,NULL,NULL,NULL,,NULL,0,0,2,2,N,N,55,NULL,98,9801,NULL,,Y,37.47852,-82.51559,N,NULL,NULL,NULL,NULL,NULL,NULL,NULL,NULL,5,3,2,6,1,1,2,2,1,3,N,NULL,N,N,830,833,833,N,NULL,49,,0,N,,N,N,098-KY-1426-0,NULL,NULL,2019,O,7.25E+11,098-KY-1426  -000,HIGH,098-KY-1426  -000,6.261,0,0,0,0,0,0,1,0,0,0,0,0,0,1
1064,72510323,980100,20200007116,20200610,1227,,KY3496,,,KY3496,KY3496,,,,N,Y,US23,,,N,NULL,NULL,NULL,NULL,NULL,NULL,0.011,NULL,NULL,NULL,NULL,,NULL,0,0,2,2,N,N,35,NULL,98,9801,NULL,,Y,37.46581,-82.52814,N,NULL,NULL,NULL,NULL,NULL,NULL,NULL,NULL,5,3,2,6,1,1,2,2,7,3,N,NULL,Y,N,1227,1229,,N,NULL,35,16,0,N,,N,N,,NULL,NULL,2020,O,7.25E+11,098-KY-3496  -000,MEDIUM,098-KY-3496  -000,0.011,0,0,0,1,0,0,1,1,0,0,1,0,0,1
1065,72331090,KSP0900,19-8525,20190315,1554,,GREASY,,CRK,KY3226,KY3226,0,098 KY-3226,KY3226,N,N,NULL,NULL,NULL,N,NULL,NULL,NULL,NULL,NULL,NULL,1.68,NULL,NULL,NULL,NULL,,NULL,0,0,1,1,Y,N,55,NULL,98,9801,NULL,,Y,37.40046,-82.46856,N,NULL,NULL,NULL,NULL,NULL,NULL,NULL,NULL,9,97,1,6,1,1,2,2,5,3,N,NULL,Y,N,1755,1814,1755,Y,NULL,40,8,0,N,,N,N,098-KY-3226-0,NULL,NULL,2019,O,7.23E+11,098-KY-3226  -000,HIGH,098-KY-3226  -000,1.68,0,0,0,0,0,0,0,0,0,0,0,1,0,0
1066,72446246,KSP0900,19-47084,20191201,1259,,VIRGIE,,RD,KY0610,KY0610,0,098 KY-610,KY0610,N,N,NULL,NULL,NULL,N,NULL,NULL,NULL,NULL,NULL,NULL,8.91,NULL,NULL,NULL,NULL,,NULL,0,0,2,2,N,N,35,NULL,98,9827,NULL,,Y,37.34932,-82.59287,N,NULL,NULL,NULL,NULL,NULL,NULL,NULL,NULL,5,7,2,6,1,1,3,2,1,3,N,NULL,N,N,125,1301,1301,N,NULL,47,7,0,N,,N,N,098-KY-0610-0,NULL,NULL,2019,O,7.24E+11,098-KY-0610  -000,HIGH,098-KY-0610  -000,8.91,0,0,0,1,0,0,1,0,0,0,0,0,0,0
1067,72386899,KSP0900,19-28376,20190725,1716,,US119,,,US0119,US0119,0,098 US-119,US0119,N,N,NULL,NULL,NULL,N,NULL,NULL,NULL,NULL,NULL,NULL,4.688,NULL,NULL,NULL,NULL,,NULL,0,0,1,1,N,N,55,NULL,98,9820,NULL,,Y,37.52217,-82.4566,N,NULL,NULL,NULL,NULL,NULL,NULL,NULL,NULL,9,3,2,6,1,1,2,2,7,3,N,NULL,Y,N,1716,1730,1730,N,NULL,38,2,1,N,,N,N,098-US-0119-0,NULL,NULL,2019,O,7.24E+11,098-US-0119  -000,HIGH,098-US-0119  -000,4.688,0,0,1,0,0,0,0,0,0,0,0,0,0,0