OBJECTID,MasterFile,AgencyORINumber,LocalCode,CollisionDate,CollisionTime,CollisionDayWeekCode,RoadwayName,RoadwayName_Direction_,RoadwayName_RoadwaySuffix_,RoadwayfromReport,CurrentRoadwayNumber,RoadwayNumberCoupletID,RSEUniqueGIS,RoadwayIdentifier,ParkingLotIndicator,IntersectionWith_Indicator_,IntersectionWith_NameRoadway_,IntersectionWith_Direction_,IntersectionWith_RoadwaySuffix_,BetweenStreets_Indicator_,BetweenStreets1_NameRoadway_,BetweenStreet1_Direction_,BetweenStreets1_RoadwaySuffix_,BetweenStreets2_NameRoadway_,BetweenStreets2_Direction_,BetweenStreets2_RoadwaySuffix_,Milepoint,ReportMilepointDeriveNumber,CurrentDerivedMiepointNumber,MilestoMilepoint,FeettoMilepoint,DirectionfromMilepoint_NSEW_,ValidMilepointIndicator,NumberInjured,NumberKilled,ofUnits,ofMotorVehicleUnits,Hit&RunIndicator,OneWayIndicator,SpeedLimitNumber,KilometersIndicator,CountyCode,CityCountyCode,MilesFromCity,DirectionFromCity_NSEW_,InCityLimitsIndicator,Latitude,Longitude,RampIndicator,RampFromIdentifier,RampFromDirCode,RampFromCoupletID,RSEUniqueGISRampFrom,RampToidentifier,RampToDirCode,RampToCoupletID,RSEUniqueGisRampTo,MannerofCollisionCode,LocationFirstEventCode,TotalLanes,RoadwayCharacterCode,RoadwaySurfaceCode,RoadwayConditionCode,WeatherCode,LightConditionCode,LandUseCode,SchoolBusRelatedCode,FirstAidSceneIndicator,CollDescPresentInd,InvestigationCompleteIndicator,PhotosTakenIndicator,TimeNotified,TimeArrived,TimeRoadwayOpened,PropertyDamageIndicator,DiagramPresentIndicator,DirectionalAnalysis,FunctionClassCode,NationalHwySysCode,EnforcementsIndicator,KARSCityCode,SecondaryCollisionIndicator,MedianCrossoverIndicator,RT_UNIQUE,MapIt,TimeLastLeft,YR,KABCO,MFNY,WorkingRID,RT_CONFIDENCE,KTC_RT,KTC_MP,Motorcyclist,Commercial Vehicle,Young Driver,Mature Driver,Pedestrian,Bicyclist,Distracted,Aggressive,Impaired,Unrestrained,Intersection,Roadway Departure,Median Cross-over,City Crash
1068,72381097,KSP0900,19-27011,20190716,621,,KY194,,,KY0194,KY0194,0,098 KY-194,KY0194,N,N,NULL,NULL,NULL,N,NULL,NULL,NULL,NULL,NULL,NULL,58.563,NULL,NULL,NULL,NULL,,NULL,0,0,1,1,N,N,35,NULL,98,9811,NULL,,Y,37.54535,-82.15961,N,NULL,NULL,NULL,NULL,NULL,NULL,NULL,NULL,9,3,2,1,1,1,3,4,7,3,N,NULL,Y,N,721,846,621,N,NULL,40,7,0,N,,N,N,098-KY-0194-0,NULL,NULL,2019,O,7.24E+11,098-KY-0194  -000,HIGH,098-KY-0194  -000,58.563,0,0,0,0,0,0,0,0,0,0,0,1,0,0
1069,72342150,KSP0900,19-13793,20190420,1130,,POWELLS,,CRK,,,0,098 CR-1208,CR1208,N,N,NULL,NULL,NULL,N,NULL,NULL,NULL,NULL,NULL,NULL,2.746,NULL,NULL,NULL,NULL,,NULL,0,0,2,2,N,N,25,NULL,98,9801,NULL,,Y,37.40937,-82.38747,N,NULL,NULL,NULL,NULL,NULL,NULL,NULL,NULL,1,3,1,6,1,1,3,2,7,3,N,NULL,N,N,1133,1249,,N,NULL,55,,,N,,N,N,098-CR-1208-0,NULL,NULL,2019,O,7.23E+11,098-CR-1208  -000,HIGH,098-CR-1208  -000,2.746,0,0,0,1,0,0,1,0,0,0,0,0,0,0
1070,72382464,980100,2.02E+11,20190721,939,,MAYO,S,TRL,KY3496,KY3496,0,098 KY-3496,KY3496,Y,N,NULL,NULL,NULL,N,NULL,NULL,NULL,NULL,NULL,NULL,0.805,NULL,NULL,NULL,NULL,,NULL,0,0,2,2,N,N,35,NULL,98,9801,NULL,,Y,37.47206,-82.52943,N,NULL,NULL,NULL,NULL,NULL,NULL,NULL,NULL,2,97,0,6,1,1,2,2,5,3,N,NULL,Y,N,939,942,942,N,NULL,90,16,0,N,,N,N,098-KY-3496-0,NULL,NULL,2019,O,7.24E+11,098-KY-3496  -000,HIGH,098-KY-3496  -000,0.805,0,0,0,0,0,0,1,0,0,0,0,0,0,1
1071,72337987,980500,2019AR024,20190409,1741,,N MAYO TRAIL WEDDINGTON PLAZA,,,,,,,,Y,N,NULL,NULL,NULL,N,NULL,NULL,NULL,NULL,NULL,NULL,,NULL,NULL,NULL,NULL,NULL,NULL,1,1,2,1,N,N,15,NULL,98,9807,NULL,,Y,37.52466,-82.5734,N,NULL,NULL,NULL,NULL,NULL,NULL,NULL,NULL,9,97,,4,1,1,2,2,1,3,Y,NULL,Y,Y,1742,1746,2000,Y,NULL,90,,,N,,N,N,,NULL,NULL,2019,K,7.23E+11,098-US-0023  -010,MEDIUM,098-US-0023  -000,29.088,0,0,0,1,1,0,0,0,0,0,0,1,0,0
1072,72457844,980100,2.02E+11,20191230,740,,US23,,,US0023,US0023,,,,N,N,NULL,NULL,NULL,N,NULL,NULL,NULL,NULL,NULL,NULL,22.593,NULL,NULL,NULL,NULL,,NULL,1,0,2,2,N,N,55,NULL,98,9801,NULL,,Y,37.46449,-82.52002,N,NULL,NULL,NULL,NULL,NULL,NULL,NULL,NULL,5,3,4,6,1,1,2,2,1,3,N,NULL,Y,Y,740,745,912,N,NULL,49,,1,N,,N,N,,NULL,NULL,2019,B,7.25E+11,098-US-0023  -000,MEDIUM,098-US-0023  -000,22.593,0,0,0,0,0,0,1,1,0,0,0,0,0,1
1073,72337261,KSP0900,2019-11646,20190406,1128,,US119,,,US0119,US0119,0,098 US-119,US0119,N,N,NULL,NULL,NULL,N,NULL,NULL,NULL,NULL,NULL,NULL,20.795,NULL,NULL,NULL,NULL,,NULL,1,0,1,1,N,N,35,NULL,98,9836,NULL,,Y,37.61885,-82.26882,N,NULL,NULL,NULL,NULL,NULL,NULL,NULL,NULL,9,5,2,3,1,1,2,2,7,3,Y,NULL,N,N,1128,1137,1137,N,NULL,40,2,1,N,,N,N,098-US-0119-0,NULL,NULL,2019,B,7.23E+11,098-US-0119  -000,HIGH,098-US-0119  -000,20.795,1,0,0,1,0,0,0,0,0,0,0,1,0,0
1074,72330369,KSP0900,19-8526,20190315,1558,,KY195,,,KY0195,KY0195,0,098 KY-195,KY0195,N,N,NULL,NULL,NULL,N,NULL,NULL,NULL,NULL,NULL,NULL,7.166,NULL,NULL,NULL,NULL,,NULL,0,0,1,1,N,N,55,NULL,98,9802,NULL,,Y,37.32858,-82.44845,N,NULL,NULL,NULL,NULL,NULL,NULL,NULL,NULL,9,3,2,6,1,1,2,2,7,3,N,NULL,Y,Y,1558,1605,,N,NULL,44,7,0,N,,N,N,098-KY-0195-0,NULL,NULL,2019,O,7.23E+11,098-KY-0195  -000,HIGH,098-KY-0195  -000,7.166,0,0,0,0,0,0,0,0,0,0,0,1,0,0
1075,72387012,980200,980200,20190726,2049,,BALLPARK,,RD,,,0,098 CS-2028,CS2028,N,N,NULL,NULL,NULL,N,NULL,NULL,NULL,NULL,NULL,NULL,0.093,NULL,NULL,NULL,NULL,,NULL,0,0,1,1,N,N,15,NULL,98,9802,NULL,,Y,37.29919,-82.35364,N,NULL,NULL,NULL,NULL,NULL,NULL,NULL,NULL,9,5,1,6,1,1,2,6,6,3,N,NULL,Y,Y,2032,2033,2033,N,NULL,40,,,N,,N,N,098-CS-2028-0,NULL,NULL,2019,O,7.24E+11,098-CS-2028  -000,HIGH,098-CS-2028  -000,0.093,0,0,0,0,0,0,0,0,0,0,0,1,0,0
1076,72396624,980100,2.02E+11,20190816,1227,,CASSIDY,,BLVD,,,,,,N,N,NULL,NULL,NULL,N,NULL,NULL,NULL,NULL,NULL,NULL,0.275,NULL,NULL,NULL,NULL,,NULL,0,0,2,2,N,N,25,NULL,98,9801,NULL,,Y,37.50483,-82.53635,N,NULL,NULL,NULL,NULL,NULL,NULL,NULL,NULL,1,3,4,6,1,1,2,2,7,3,N,NULL,N,N,1227,1230,1231,N,NULL,55,,,N,,N,N,,NULL,NULL,2019,O,7.24E+11,098-CS-1191  -000,MEDIUM,098-CS-1191  -000,0.275,0,0,0,0,0,0,1,0,0,0,0,0,0,1
1077,72392019,KSP0900,19-30089,20190806,1405,,KY632,,,KY0632,KY0632,0,098 KY-632,KY0632,N,N,NULL,NULL,NULL,N,NULL,NULL,NULL,NULL,NULL,NULL,5.156,NULL,NULL,NULL,NULL,,NULL,0,0,1,1,N,N,55,NULL,98,9817,NULL,,Y,37.48562,-82.27042,N,NULL,NULL,NULL,NULL,NULL,NULL,NULL,NULL,9,3,2,3,1,5,3,2,7,3,N,NULL,Y,N,140,1410,1500,N,NULL,70,6,0,N,,N,N,098-KY-0632-0,NULL,NULL,2019,O,7.24E+11,098-KY-0632  -000,HIGH,098-KY-0632  -000,5.156,0,0,0,0,0,0,0,0,0,0,0,1,0,0
1078,72435098,KSP0900,19-44466,20191111,2026,,MALL,,RD,,,0,098 CR-1037,CR1037,N,N,NULL,NULL,NULL,N,NULL,NULL,NULL,NULL,NULL,NULL,0.419,NULL,NULL,NULL,NULL,,NULL,0,0,1,1,N,N,35,NULL,98,9834,NULL,,Y,37.65641,-82.271,N,NULL,NULL,NULL,NULL,NULL,NULL,NULL,NULL,9,5,2,4,1,5,6,5,7,3,N,NULL,Y,N,2029,2034,2034,N,NULL,44,,,N,,N,N,098-CR-1037-0,NULL,NULL,2019,O,7.24E+11,098-CR-1037  -000,HIGH,098-CR-1037  -000,0.419,0,0,1,0,0,0,0,1,0,0,0,1,0,0
1079,72330956,980500,2019AR018,20190322,1503,,US23,,,US0023,US0023,0,098 US-23,US0023,Y,N,NULL,NULL,NULL,N,NULL,NULL,NULL,NULL,NULL,NULL,28.755,NULL,NULL,NULL,NULL,,NULL,0,0,2,2,N,N,15,NULL,98,9807,NULL,,Y,37.52153,-82.56866,N,NULL,NULL,NULL,NULL,NULL,NULL,NULL,NULL,8,97,2,6,1,1,3,2,1,3,N,NULL,Y,N,1503,1504,1522,N,NULL,90,,1,N,,N,N,098-US-0023-0,NULL,NULL,2019,O,7.23E+11,098-US-0023  -000,HIGH,098-US-0023  -000,28.755,0,0,0,0,0,0,1,0,0,0,0,0,0,0
1080,72395653,980000,19-08-003,20190818,1930,,ELKHORN,,CRK,KY0197,KY0197,0,098 KY-197,KY0197,Y,N,NULL,NULL,NULL,N,NULL,NULL,NULL,NULL,NULL,NULL,4.173,NULL,NULL,NULL,NULL,,NULL,0,0,1,1,Y,N,5,NULL,98,9867,NULL,,Y,37.23885,-82.51673,N,NULL,NULL,NULL,NULL,NULL,NULL,NULL,NULL,9,97,0,6,1,1,2,2,4,3,N,NULL,Y,Y,2015,2110,2110,Y,NULL,90,7,0,N,,N,N,098-KY-0197-0,NULL,NULL,2019,O,7.24E+11,098-KY-0197  -000,HIGH,098-KY-0197  -000,4.173,0,0,0,0,0,0,0,0,0,0,0,1,0,0
1081,72369688,980500,2019AR047,20190621,1104,,US23,,,US0023,US0023,0,098 US-23-10,US0023,Y,N,NULL,NULL,NULL,N,NULL,NULL,NULL,NULL,NULL,NULL,29.049,NULL,NULL,NULL,NULL,,NULL,0,0,2,2,N,N,15,NULL,98,9807,NULL,,Y,37.52404,-82.57324,N,NULL,NULL,NULL,NULL,NULL,NULL,NULL,NULL,1,97,2,6,1,1,2,2,1,3,N,NULL,Y,Y,1105,1107,1158,N,NULL,90,,1,N,,N,N,098-US-0023-10,NULL,NULL,2019,O,7.24E+11,098-US-0023  -010,HIGH,098-US-0023  -000,29.049,0,0,0,1,0,0,0,0,0,0,0,0,0,0
1082,72328192,KSP0900,2019-8643,20190316,1422,,KY632,,,KY0632,KY0632,0,098 KY-632,KY0632,N,N,NULL,NULL,NULL,N,NULL,NULL,NULL,NULL,NULL,NULL,9.138,NULL,NULL,NULL,NULL,,NULL,0,0,2,2,Y,N,55,NULL,98,9804,NULL,,Y,37.48409,-82.20973,N,NULL,NULL,NULL,NULL,NULL,NULL,NULL,NULL,8,3,2,6,1,1,2,2,7,,Y,NULL,N,Y,1422,1455,1530,N,NULL,53,6,0,N,,N,N,098-KY-0632-0,NULL,NULL,2019,O,7.23E+11,098-KY-0632  -000,HIGH,098-KY-0632  -000,9.138,0,0,0,0,0,0,0,1,0,0,0,1,0,0
1083,72361102,KSP0900,19-20086,20190601,623,,KY612,,,KY0612,KY0612,0,098 KY-612,KY0612,N,N,NULL,NULL,NULL,N,NULL,NULL,NULL,NULL,NULL,NULL,7.499,NULL,NULL,NULL,NULL,,NULL,1,0,1,1,N,N,45,NULL,98,9834,NULL,,Y,37.6622,-82.30656,N,NULL,NULL,NULL,NULL,NULL,NULL,NULL,NULL,9,4,2,3,1,5,3,2,7,3,N,NULL,Y,Y,623,624,624,N,NULL,51,8,0,N,,N,N,098-KY-0612-0,NULL,NULL,2019,B,7.24E+11,098-KY-0612  -000,HIGH,098-KY-0612  -000,7.499,0,0,0,0,0,0,1,0,0,0,0,1,0,0
1084,72326029,KSP0900,19-7931,20190311,1450,,LONG BRANCH,,RD,KY1758,KY1758,0,098 KY-1758,KY1758,N,N,NULL,NULL,NULL,N,NULL,NULL,NULL,NULL,NULL,NULL,2.558,NULL,NULL,NULL,NULL,,NULL,0,0,2,2,N,N,55,NULL,98,9830,NULL,,Y,37.45847,-82.23504,N,NULL,NULL,NULL,NULL,NULL,NULL,NULL,NULL,2,97,2,6,1,1,2,2,1,3,N,NULL,N,N,1459,1540,1545,N,NULL,47,8,0,N,,N,N,098-KY-1758-0,NULL,NULL,2019,O,7.23E+11,098-KY-1758  -000,HIGH,098-KY-1758  -000,2.558,0,0,0,1,0,0,1,0,0,0,0,0,0,0
1085,72350472,KSP0900,19-16692,20190509,800,,TACKETT,,BR,,,0,098 CR-1728,CR1728,N,N,NULL,NULL,NULL,N,NULL,NULL,NULL,NULL,NULL,NULL,0.517,NULL,NULL,NULL,NULL,,NULL,0,0,2,2,N,N,35,NULL,98,9827,5,W,N,37.3786,-82.64858,N,NULL,NULL,NULL,NULL,NULL,NULL,NULL,NULL,1,3,1,1,1,1,2,2,7,3,N,NULL,Y,N,800,845,,N,NULL,55,,,Y,,N,N,098-CR-1728-0,NULL,NULL,2019,O,7.24E+11,098-CR-1728  -000,HIGH,098-CR-1728  -000,0.517,0,0,0,0,0,0,0,0,0,0,0,0,0,0
1086,72427225,KSP0900,19-42095,20191026,1033,,US119,,,US0119,US0119,0,098 US-119,US0119,N,N,NULL,NULL,NULL,N,NULL,NULL,NULL,NULL,NULL,NULL,12.911,NULL,NULL,NULL,NULL,,NULL,0,0,1,1,N,N,55,NULL,98,9820,NULL,,Y,37.60667,-82.3661,N,NULL,NULL,NULL,NULL,NULL,NULL,NULL,NULL,9,3,2,5,1,1,2,2,7,3,N,NULL,Y,N,1033,1128,1128,N,NULL,38,2,1,N,,N,N,098-US-0119-0,NULL,NULL,2019,O,7.24E+11,098-US-0119  -000,HIGH,098-US-0119  -000,12.911,0,0,0,0,0,0,0,0,0,0,0,0,0,0
1087,72332377,980100,2.02E+11,20190327,1710,,HAMBLEY,,BLVD,,,,,,N,N,NULL,NULL,NULL,N,NULL,NULL,NULL,NULL,NULL,NULL,0.328,NULL,NULL,NULL,NULL,,NULL,0,0,2,2,N,N,25,NULL,98,9801,NULL,,Y,37.47647,-82.52234,N,NULL,NULL,NULL,NULL,NULL,NULL,NULL,NULL,5,3,2,4,1,1,2,2,1,3,N,NULL,Y,N,1710,1716,1718,N,NULL,70,,,N,,N,N,,NULL,NULL,2019,O,7.23E+11,098-CS-1222  -000,HIGH,098-CS-1222  -000,0.328,0,0,0,0,0,0,0,1,0,0,0,0,0,1
1088,72389123,980100,2.02E+11,20190805,1730,,US460,,,US0460,US0460,0,098 US-460,US0460,Y,N,NULL,NULL,NULL,N,NULL,NULL,NULL,NULL,NULL,NULL,0.143,NULL,NULL,NULL,NULL,,NULL,0,0,2,2,N,N,15,NULL,98,9801,NULL,,Y,37.44043,-82.50893,N,NULL,NULL,NULL,NULL,NULL,NULL,NULL,NULL,1,97,2,6,1,1,2,2,1,3,N,NULL,Y,N,1730,1736,,N,NULL,90,,1,N,,N,N,098-US-0460-0,NULL,NULL,2019,O,7.24E+11,098-US-0460  -000,HIGH,098-US-0460  -000,0.143,0,0,0,0,0,0,1,1,0,0,0,0,0,1
1089,72418858,980100,2.02E+11,20191010,1408,,WINSTON,,DR,,,0,098 CS-1039,CS1039,Y,N,NULL,NULL,NULL,N,NULL,NULL,NULL,NULL,NULL,NULL,0.091,NULL,NULL,NULL,NULL,,NULL,0,0,2,2,N,N,,NULL,98,9801,NULL,,Y,37.47764,-82.5623,N,NULL,NULL,NULL,NULL,NULL,NULL,NULL,NULL,2,97,1,6,1,1,2,2,1,3,N,NULL,Y,N,1408,1413,1413,N,NULL,90,,,N,,N,N,098-CS-1039-0,NULL,NULL,2019,O,7.24E+11,098-CS-1039  -000,HIGH,098-CS-1039  -000,0.091,0,0,0,1,0,0,1,0,0,0,0,0,0,1
1090,72327877,KSP0900,19-8398,20190314,1706,,US23,,,US0023,US0023,0,098 US-23-10,US0023,N,N,NULL,NULL,NULL,N,NULL,NULL,NULL,NULL,NULL,NULL,4.572,NULL,NULL,NULL,NULL,,NULL,0,0,2,2,N,N,55,NULL,98,9809,NULL,,Y,37.28205,-82.57292,N,NULL,NULL,NULL,NULL,NULL,NULL,NULL,NULL,1,3,4,6,1,1,2,2,7,3,N,NULL,Y,N,1706,1730,,N,NULL,55,,1,N,,N,N,098-US-0023-10,NULL,NULL,2019,O,7.23E+11,098-US-0023  -010,HIGH,098-US-0023  -000,4.572,0,0,0,1,0,0,1,0,0,0,0,0,0,0
1091,72384286,KSP0900,19-27634,20190720,1657,,ROAD CREEK,,RD,,,0,098 CR-1659,CR1659,N,N,NULL,NULL,NULL,N,NULL,NULL,NULL,NULL,NULL,NULL,1.089,NULL,NULL,NULL,NULL,,NULL,0,0,2,2,N,Y,45,NULL,98,9802,NULL,,Y,37.36044,-82.37478,N,NULL,NULL,NULL,NULL,NULL,NULL,NULL,NULL,3,3,1,3,1,1,2,2,7,3,N,NULL,Y,N,1657,1722,1752,N,NULL,52,,,N,,N,N,098-CR-1659-0,NULL,NULL,2019,O,7.24E+11,098-CR-1659  -000,HIGH,098-CR-1659  -000,1.089,0,0,0,0,0,0,1,0,0,0,0,1,0,0
1092,72362383,980100,2.02E+11,20190531,850,,MAIN,,ST,,,,,,N,N,NULL,NULL,NULL,N,NULL,NULL,NULL,NULL,NULL,NULL,0.166,NULL,NULL,NULL,NULL,,NULL,0,0,2,2,Y,Y,15,NULL,98,9801,NULL,,Y,37.47985,-82.51718,N,NULL,NULL,NULL,NULL,NULL,NULL,NULL,NULL,8,3,2,6,1,1,3,2,1,3,N,NULL,Y,N,850,850,,N,NULL,47,,,Y,,N,N,,NULL,NULL,2019,O,7.24E+11,098-CS-1112  -000,HIGH,098-CS-1112  -000,0.166,0,0,0,0,0,0,1,0,0,0,0,0,0,1
1093,72463029,980500,2020AR005,20200110,2100,,WEDDINGTON BRANCH,,RD,,,0,098 CS-3026,CS3026,Y,N,NULL,NULL,NULL,N,NULL,NULL,NULL,NULL,NULL,NULL,0.299,NULL,NULL,NULL,NULL,,NULL,0,0,2,2,N,N,15,NULL,98,9807,NULL,,Y,37.52608,-82.57057,N,NULL,NULL,NULL,NULL,NULL,NULL,NULL,NULL,2,97,2,6,1,1,2,7,1,3,N,NULL,N,N,2100,2105,,N,NULL,90,,,N,,N,N,098-CS-3026-0,NULL,NULL,2020,O,7.25E+11,098-CS-3026  -000,HIGH,098-CS-3026  -000,0.299,0,0,0,0,0,0,0,0,0,0,0,0,0,0
1094,72913892,980100,2.02E+11,20230524,1250,,CASSIDY,,BLVD,,,0,098 CS-1191,CS1191,Y,N,NULL,NULL,NULL,N,NULL,NULL,NULL,NULL,NULL,NULL,0.393,NULL,NULL,NULL,NULL,,NULL,0,0,2,2,N,N,,NULL,98,9801,NULL,,Y,37.50475,-82.53845,N,NULL,NULL,NULL,NULL,NULL,NULL,NULL,NULL,8,97,,6,1,1,2,2,1,3,N,NULL,Y,N,1250,1255,1255,N,NULL,90,,,N,,N,N,098-CS-1191-0,NULL,NULL,2023,O,7.29E+11,098-CS-1191  -000,HIGH,098-CS-1191  -000,0.399,0,0,0,0,0,0,0,0,0,0,0,0,0,1
1095,72320572,980100,2.02E+11,20190226,1502,,JUSTICE WAY,,,,,,,,Y,N,NULL,NULL,NULL,N,NULL,NULL,NULL,NULL,NULL,NULL,,NULL,NULL,NULL,NULL,,NULL,0,0,2,2,N,N,,NULL,98,9801,NULL,,Y,37.50699,-82.54311,N,NULL,NULL,NULL,NULL,NULL,NULL,NULL,NULL,5,97,,6,1,1,2,2,1,3,N,NULL,Y,N,1503,1514,,N,NULL,90,,,N,,N,N,,NULL,NULL,2019,O,7.23E+11,098-CS-1215  -000,MEDIUM,098-CS-1215  -000,0.519,0,0,0,0,0,0,1,0,0,0,0,0,0,1
1096,72390830,KSP0900,19-29763,20190804,1440,,ELKHORN,,CRK,KY0197,KY0197,0,098 KY-197,KY0197,N,N,NULL,NULL,NULL,N,NULL,NULL,NULL,NULL,NULL,NULL,12.971,NULL,NULL,NULL,NULL,,NULL,5,0,2,2,N,N,45,NULL,98,9802,NULL,,Y,37.27793,-82.39249,N,NULL,NULL,NULL,NULL,NULL,NULL,NULL,NULL,7,3,2,3,1,1,2,2,6,3,Y,NULL,Y,Y,1441,1455,1654,N,NULL,54,7,0,Y,,N,N,098-KY-0197-0,NULL,NULL,2019,B,7.24E+11,098-KY-0197  -000,HIGH,098-KY-0197  -000,12.971,0,0,0,0,0,0,0,1,0,0,0,1,0,0
1097,72367214,980200,ELK4125-96-19,20190605,1438,,ELKHORN,,CRK,KY0197,KY0197,0,098 KY-197,KY0197,N,N,NULL,NULL,NULL,N,NULL,NULL,NULL,NULL,NULL,NULL,4.383,NULL,NULL,NULL,NULL,,NULL,1,0,1,1,N,N,55,NULL,98,9864,10,S,N,37.23949,-82.51316,N,NULL,NULL,NULL,NULL,NULL,NULL,NULL,NULL,9,3,2,3,1,5,3,2,6,3,N,NULL,N,N,1426,1438,1515,N,NULL,70,7,0,Y,,N,N,098-KY-0197-0,NULL,NULL,2019,A,7.24E+11,098-KY-0197  -000,HIGH,098-KY-0197  -000,4.383,0,0,0,0,0,0,0,1,0,1,0,1,0,0
1098,72313451,980100,2.02E+11,20190204,1225,,BYPASS,S,RD,KY1426,KY1426,0,098 KY-1426,KY1426,N,N,NULL,NULL,NULL,N,NULL,NULL,NULL,NULL,NULL,NULL,6.593,NULL,NULL,NULL,NULL,,NULL,3,0,2,2,N,N,55,NULL,98,9801,NULL,,Y,37.48289,-82.51337,N,NULL,NULL,NULL,NULL,NULL,NULL,NULL,NULL,1,3,2,6,1,1,2,2,1,3,Y,NULL,Y,Y,1225,1226,1250,N,NULL,55,,0,N,,N,N,098-KY-1426-0,NULL,NULL,2019,B,7.23E+11,098-KY-1426  -000,HIGH,098-KY-1426  -000,6.593,0,0,0,1,0,0,0,1,0,0,0,0,0,1
1099,72377490,980100,2.02E+11,20190709,1155,,US23,,,US0023,US0023,,,,N,N,NULL,NULL,NULL,N,NULL,NULL,NULL,NULL,NULL,NULL,30.196,NULL,NULL,NULL,NULL,,NULL,0,0,2,2,N,N,55,NULL,98,9801,NULL,,Y,37.53951,-82.5812,N,NULL,NULL,NULL,NULL,NULL,NULL,NULL,NULL,8,3,2,6,1,1,2,2,7,3,N,NULL,Y,N,1155,1206,1206,N,NULL,53,,1,N,,N,N,,NULL,NULL,2019,O,7.24E+11,098-US-0023  -000,MEDIUM,098-US-0023  -000,30.196,0,0,0,0,0,0,1,0,0,0,0,1,0,1
1100,72370540,KSP0900,19-20121,20190601,1322,,US23,,,US0023,US0023,0,098 US-23,US0023,N,N,NULL,NULL,NULL,N,NULL,NULL,NULL,NULL,NULL,NULL,16.667,NULL,NULL,NULL,NULL,,NULL,2,1,2,2,N,N,55,NULL,98,9801,NULL,,Y,37.41722,-82.5264,N,NULL,NULL,NULL,NULL,NULL,NULL,NULL,NULL,1,3,4,2,1,1,2,2,7,3,Y,NULL,Y,Y,1323,1329,1449,N,NULL,55,,1,N,,N,N,098-US-0023-0,NULL,NULL,2019,K,7.24E+11,098-US-0023  -000,HIGH,098-US-0023  -000,16.667,0,0,0,1,0,0,1,0,0,0,0,0,0,0
1101,72417413,KSP0900,19-38444,20191001,1200,,KELLY MOUNTAIN,,RD,,,0,098 CR-1967,CR1967,N,N,NULL,NULL,NULL,N,NULL,NULL,NULL,NULL,NULL,NULL,0.207,NULL,NULL,NULL,NULL,,NULL,0,0,1,1,N,N,35,NULL,98,9867,NULL,,Y,37.21608,-82.54147,N,NULL,NULL,NULL,NULL,NULL,NULL,NULL,NULL,9,3,1,4,1,1,2,2,7,3,N,NULL,Y,N,858,1027,,N,NULL,70,,,N,,N,N,098-CR-1967-0,NULL,NULL,2019,O,7.24E+11,098-CR-1967  -000,HIGH,098-CR-1967  -000,0.207,0,0,0,1,0,0,0,0,0,0,0,0,0,0
1102,72350399,KSP0900,19-15949,20190504,1520,,FERRELLS CREEK,,RD,US0460,US0460,0,098 US-460,US0460,N,N,NULL,NULL,NULL,N,NULL,NULL,NULL,NULL,NULL,NULL,22.824,NULL,NULL,NULL,NULL,,NULL,0,0,1,1,N,N,55,NULL,98,9839,NULL,,Y,37.37807,-82.25403,N,NULL,NULL,NULL,NULL,NULL,NULL,NULL,NULL,9,5,2,6,1,5,6,2,7,3,N,NULL,Y,N,1520,1537,1537,N,NULL,44,,1,Y,,N,N,098-US-0460-0,NULL,NULL,2019,O,7.24E+11,098-US-0460  -000,HIGH,098-US-0460  -000,22.824,0,0,0,0,0,0,0,0,0,0,0,1,0,0
1103,72393650,980100,2.02E+11,20190815,1456,,KY3496,,,KY3496,KY3496,,,,Y,N,NULL,NULL,NULL,N,NULL,NULL,NULL,NULL,NULL,NULL,0.239,NULL,NULL,NULL,NULL,,NULL,1,0,2,2,N,Y,15,NULL,98,9801,NULL,,Y,37.46657,-82.53229,N,NULL,NULL,NULL,NULL,NULL,NULL,NULL,NULL,5,97,1,6,1,1,2,2,1,3,N,NULL,N,Y,1456,1458,,N,NULL,90,16,0,N,,N,N,,NULL,NULL,2019,B,7.24E+11,098-KY-3496  -000,HIGH,098-KY-3496  -000,0.239,0,0,0,1,0,0,1,0,0,0,0,0,0,1
1104,72426772,980100,2.02E+11,20191025,2312,,PIKE,,ST,,,,,,N,N,NULL,NULL,NULL,N,NULL,NULL,NULL,NULL,NULL,NULL,0.024,NULL,NULL,NULL,NULL,,NULL,0,0,2,2,N,N,15,NULL,98,9801,NULL,,Y,37.47995,-82.51594,N,NULL,NULL,NULL,NULL,NULL,NULL,NULL,NULL,3,3,2,1,1,5,2,5,1,3,N,NULL,Y,N,2312,2318,,N,NULL,52,,,N,,N,N,,NULL,NULL,2019,O,7.24E+11,098-CS-1113  -000,HIGH,098-CS-1113  -000,0.024,0,0,1,0,0,0,0,0,0,0,0,1,0,1
1105,72351666,KSP0900,19-16447,20190507,1501,,GREASY,,CRK,KY3226,KY3226,0,098 KY-3226,KY3226,N,N,NULL,NULL,NULL,N,NULL,NULL,NULL,NULL,NULL,NULL,1.603,NULL,NULL,NULL,NULL,,NULL,3,0,2,2,N,N,35,NULL,98,9824,4,SE,N,37.39963,-82.46783,N,NULL,NULL,NULL,NULL,NULL,NULL,NULL,NULL,3,3,1,6,1,1,2,2,7,3,Y,NULL,Y,Y,1530,1541,,N,NULL,52,8,0,Y,,N,N,098-KY-3226-0,NULL,NULL,2019,C,7.24E+11,098-KY-3226  -000,HIGH,098-KY-3226  -000,1.603,0,0,0,0,0,0,0,0,0,0,0,1,0,0