OBJECTID,MasterFile,AgencyORINumber,LocalCode,CollisionDate,CollisionTime,CollisionDayWeekCode,RoadwayName,RoadwayName_Direction_,RoadwayName_RoadwaySuffix_,RoadwayfromReport,CurrentRoadwayNumber,RoadwayNumberCoupletID,RSEUniqueGIS,RoadwayIdentifier,ParkingLotIndicator,IntersectionWith_Indicator_,IntersectionWith_NameRoadway_,IntersectionWith_Direction_,IntersectionWith_RoadwaySuffix_,BetweenStreets_Indicator_,BetweenStreets1_NameRoadway_,BetweenStreet1_Direction_,BetweenStreets1_RoadwaySuffix_,BetweenStreets2_NameRoadway_,BetweenStreets2_Direction_,BetweenStreets2_RoadwaySuffix_,Milepoint,ReportMilepointDeriveNumber,CurrentDerivedMiepointNumber,MilestoMilepoint,FeettoMilepoint,DirectionfromMilepoint_NSEW_,ValidMilepointIndicator,NumberInjured,NumberKilled,ofUnits,ofMotorVehicleUnits,Hit&RunIndicator,OneWayIndicator,SpeedLimitNumber,KilometersIndicator,CountyCode,CityCountyCode,MilesFromCity,DirectionFromCity_NSEW_,InCityLimitsIndicator,Latitude,Longitude,RampIndicator,RampFromIdentifier,RampFromDirCode,RampFromCoupletID,RSEUniqueGISRampFrom,RampToidentifier,RampToDirCode,RampToCoupletID,RSEUniqueGisRampTo,MannerofCollisionCode,LocationFirstEventCode,TotalLanes,RoadwayCharacterCode,RoadwaySurfaceCode,RoadwayConditionCode,WeatherCode,LightConditionCode,LandUseCode,SchoolBusRelatedCode,FirstAidSceneIndicator,CollDescPresentInd,InvestigationCompleteIndicator,PhotosTakenIndicator,TimeNotified,TimeArrived,TimeRoadwayOpened,PropertyDamageIndicator,DiagramPresentIndicator,DirectionalAnalysis,FunctionClassCode,NationalHwySysCode,EnforcementsIndicator,KARSCityCode,SecondaryCollisionIndicator,MedianCrossoverIndicator,RT_UNIQUE,MapIt,TimeLastLeft,YR,KABCO,MFNY,WorkingRID,RT_CONFIDENCE,KTC_RT,KTC_MP,Motorcyclist,Commercial Vehicle,Young Driver,Mature Driver,Pedestrian,Bicyclist,Distracted,Aggressive,Impaired,Unrestrained,Intersection,Roadway Departure,Median Cross-over,City Crash
1106,72445910,980100,2.02E+11,20191204,651,,US23,,,US0023,US0023,0,098 US-23,US0023,N,N,NULL,NULL,NULL,N,NULL,NULL,NULL,NULL,NULL,NULL,21.787,NULL,NULL,NULL,NULL,,NULL,0,0,1,1,N,N,55,NULL,98,9801,NULL,,Y,37.45507,-82.52034,N,NULL,NULL,NULL,NULL,NULL,NULL,NULL,NULL,9,3,4,6,1,1,2,5,7,3,N,NULL,Y,N,651,653,,N,NULL,38,,1,N,,N,N,098-US-0023-0,NULL,NULL,2019,O,7.24E+11,098-US-0023  -000,HIGH,098-US-0023  -000,21.787,0,0,0,0,0,0,0,0,0,0,0,0,0,1
1107,72394017,980100,2.02E+11,20190816,1040,,HAMBLEY,,BLVD,,,,,,Y,N,NULL,NULL,NULL,N,NULL,NULL,NULL,NULL,NULL,NULL,1.631,NULL,NULL,NULL,NULL,,NULL,0,0,2,2,N,N,15,NULL,98,9801,NULL,,Y,37.48203,-82.53292,N,NULL,NULL,NULL,NULL,NULL,NULL,NULL,NULL,8,97,2,6,2,1,2,2,1,3,N,NULL,Y,N,1040,1041,,N,NULL,90,,,N,,N,N,,NULL,NULL,2019,O,7.24E+11,098-CS-1222  -000,MEDIUM,098-CS-1222  -000,1.631,0,0,0,0,0,0,1,0,0,0,0,0,0,1
1108,72454665,KSP0900,19-47363,20191203,1510,,TOWER,,RD,,,0,098 CS-1028,CS1028,N,N,NULL,NULL,NULL,N,NULL,NULL,NULL,NULL,NULL,NULL,0.072,NULL,NULL,NULL,NULL,,NULL,0,0,1,1,N,N,45,NULL,98,9817,NULL,,Y,37.46605,-82.54388,N,NULL,NULL,NULL,NULL,NULL,NULL,NULL,NULL,9,3,2,6,1,1,2,2,7,3,N,NULL,N,N,1508,1518,1642,N,NULL,70,,,N,,N,N,098-CS-1028-0,NULL,NULL,2019,O,7.25E+11,098-CS-1028  -000,HIGH,098-CS-1028  -000,0.072,0,0,0,0,0,0,0,0,0,0,0,0,0,0
1109,72314136,KSP0900,19-3334,20190131,1940,,US23,,,US0023,US0023,0,098 US-23-10,US0023,N,N,NULL,NULL,NULL,N,NULL,NULL,NULL,NULL,NULL,NULL,26.333,NULL,NULL,NULL,NULL,,NULL,0,0,2,2,N,N,55,NULL,98,9801,NULL,,Y,37.5043,-82.53261,N,NULL,NULL,NULL,NULL,NULL,NULL,NULL,NULL,5,3,4,6,1,1,2,6,7,3,N,NULL,Y,N,1940,1950,,N,NULL,49,,1,N,,N,N,098-US-0023-10,NULL,NULL,2019,O,7.23E+11,098-US-0023  -010,HIGH,098-US-0023  -000,26.333,0,0,0,0,0,0,1,1,0,0,0,0,0,1
1110,72349343,980100,2.02E+11,20190430,856,,CHLOE,,RD,KY1460,KY1460,,,,Y,N,NULL,NULL,NULL,N,NULL,NULL,NULL,NULL,NULL,NULL,3.817,NULL,NULL,NULL,NULL,,NULL,0,0,2,1,N,N,15,NULL,98,9801,NULL,,Y,37.47721,-82.49356,N,NULL,NULL,NULL,NULL,NULL,NULL,NULL,NULL,5,97,1,6,1,1,2,2,1,3,N,NULL,Y,N,856,856,856,N,NULL,90,,0,N,,N,N,,NULL,NULL,2019,O,7.23E+11,098-KY-1460  -000,HIGH,098-KY-1460  -000,3.817,0,0,0,0,0,0,1,0,0,0,0,0,0,1
1111,72530896,KSP0900,20-646744,20200812,2049,,BLUE POND,,FRK,,,0,098 CR-1654,CR1654,N,N,NULL,NULL,NULL,N,NULL,NULL,NULL,NULL,NULL,NULL,0.232,NULL,NULL,NULL,NULL,,NULL,1,0,1,1,N,N,10,NULL,98,9805,NULL,,Y,37.34306,-82.36256,N,NULL,NULL,NULL,NULL,NULL,NULL,NULL,NULL,9,3,1,4,3,5,2,6,7,3,N,NULL,Y,Y,2049,2153,,N,NULL,70,,,N,,N,N,098-CR-1654-0,NULL,NULL,2020,B,7.25E+11,098-CR-1654  -000,HIGH,098-CR-1654  -000,0.232,0,0,0,1,0,0,0,0,0,0,0,1,0,0
1112,72329655,KSP0900,19-9321,20190321,1601,,ABNER MOUNTAIN,,RD,KY0122,KY0122,0,098 KY-122,KY0122,N,N,NULL,NULL,NULL,N,NULL,NULL,NULL,NULL,NULL,NULL,1.013,NULL,NULL,NULL,NULL,,NULL,1,0,1,1,N,N,55,NULL,98,9827,NULL,,Y,37.34294,-82.64644,N,NULL,NULL,NULL,NULL,NULL,NULL,NULL,NULL,9,3,2,1,1,5,6,2,7,3,N,NULL,Y,Y,1601,1646,,N,NULL,70,,0,N,,N,Y,098-KY-0122-0,NULL,NULL,2019,C,7.23E+11,098-KY-0122  -000,HIGH,098-KY-0122  -000,1.013,0,0,1,0,0,0,0,0,0,0,0,1,0,0
1113,72315018,980100,2.02E+11,20190211,1634,,BYPASS,S,RD,KY1426,KY1426,,,,N,Y,RIVER DR CONN,,,N,NULL,NULL,NULL,NULL,NULL,NULL,5.643,NULL,NULL,NULL,NULL,,NULL,0,0,2,2,N,N,45,NULL,98,9801,NULL,,Y,37.47257,-82.52368,N,NULL,NULL,NULL,NULL,NULL,NULL,NULL,NULL,5,3,2,6,1,5,6,2,7,3,N,NULL,Y,N,1634,1635,1635,N,NULL,35,,0,N,,N,N,,NULL,NULL,2019,O,7.23E+11,098-KY-1426  -000,HIGH,098-KY-1426  -000,5.643,0,0,0,0,0,0,1,1,0,0,1,0,0,1
1114,72439377,980100,2.02E+11,20191120,1129,,US119,,,US0119,US0119,0,098 US-119,US0119,N,N,NULL,NULL,NULL,N,NULL,NULL,NULL,NULL,NULL,NULL,0.036,NULL,NULL,NULL,NULL,,NULL,0,0,2,2,N,N,55,NULL,98,9801,NULL,,Y,37.50393,-82.53138,N,NULL,NULL,NULL,NULL,NULL,NULL,NULL,NULL,5,3,2,6,1,1,2,2,7,3,N,NULL,Y,N,1131,1137,1139,N,NULL,49,2,1,N,,N,N,098-US-0119-0,NULL,NULL,2019,O,7.24E+11,098-US-0119  -000,HIGH,098-US-0119  -000,0.036,0,0,0,0,0,0,0,0,0,0,0,0,0,1
1115,72432926,980500,2019AR071,20191107,1535,,US23,,,US0023,US0023,0,098 US-23,US0023,N,N,NULL,NULL,NULL,N,NULL,NULL,NULL,NULL,NULL,NULL,28.645,NULL,NULL,NULL,NULL,,NULL,0,0,2,2,N,N,15,NULL,98,9807,NULL,,Y,37.51982,-82.56896,N,NULL,NULL,NULL,NULL,NULL,NULL,NULL,NULL,7,7,2,6,1,6,3,2,1,3,N,NULL,Y,N,1600,1602,,N,NULL,47,,1,N,,N,N,098-US-0023-0,NULL,NULL,2019,O,7.24E+11,098-US-0023  -000,HIGH,098-US-0023  -000,28.645,0,0,0,0,0,0,0,0,0,0,0,0,0,0
1116,72350567,KSP0900,19-15651,20190502,1644,,BOWLING,,FRK,,,0,098 CR-1206Q3,CR1206Q3,N,N,NULL,NULL,NULL,N,NULL,NULL,NULL,NULL,NULL,NULL,0.74,NULL,NULL,NULL,NULL,,NULL,0,0,2,2,Y,N,25,NULL,98,9802,NULL,,Y,37.30078,-82.48658,N,NULL,NULL,NULL,NULL,NULL,NULL,NULL,NULL,7,3,1,1,1,1,3,2,7,3,N,NULL,Y,Y,1710,1730,,N,NULL,54,,,N,,N,N,098-CR-1206Q3-0,NULL,NULL,2019,O,7.24E+11,098-CR-1206Q3-000,HIGH,098-CR-1206Q3-000,0.74,0,0,0,0,0,0,0,0,0,0,0,1,0,0
1117,72366370,980100,2.02E+11,20190613,1850,,BYPASS,S,RD,KY1426,KY1426,0,098 KY-1426,KY1426,N,N,NULL,NULL,NULL,N,NULL,NULL,NULL,NULL,NULL,NULL,5.631,NULL,NULL,NULL,NULL,,NULL,0,0,2,2,N,N,45,NULL,98,9801,NULL,,Y,37.47258,-82.5239,N,NULL,NULL,NULL,NULL,NULL,NULL,NULL,NULL,5,3,2,6,1,1,2,2,7,3,N,NULL,N,N,1650,1650,1710,N,NULL,70,,0,Y,,N,N,098-KY-1426-0,NULL,NULL,2019,O,7.24E+11,098-KY-1426  -000,HIGH,098-KY-1426  -000,5.631,0,0,0,0,0,0,1,0,0,0,0,0,0,1
1118,72898122,980100,2.02E+11,20230512,1642,,KY1426,,,KY1426,KY1426,0,098 KY-1426,KY1426,N,N,NULL,NULL,NULL,N,NULL,NULL,NULL,NULL,NULL,NULL,8.05,NULL,NULL,NULL,NULL,,NULL,0,0,1,1,N,N,55,NULL,98,9801,NULL,,Y,37.49182,-82.49134,N,NULL,NULL,NULL,NULL,NULL,NULL,NULL,NULL,9,3,2,1,1,5,6,2,1,3,N,NULL,Y,N,1643,1644,1644,N,NULL,44,,0,N,,N,N,098-KY-1426-0,NULL,NULL,2023,O,7.29E+11,098-KY-1426  -000,HIGH,098-KY-1426  -000,8.045,0,0,0,0,0,0,0,0,0,0,0,1,0,1
1119,72334352,980100,2.02E+11,20190402,1235,,MAYO,N,TRL,US0023,US0023,0,098 US-23-10,US0023,N,N,NULL,NULL,NULL,N,NULL,NULL,NULL,NULL,NULL,NULL,26.313,NULL,NULL,NULL,NULL,,NULL,0,0,2,2,N,N,55,NULL,98,9801,NULL,,Y,37.50408,-82.5324,N,NULL,NULL,NULL,NULL,NULL,NULL,NULL,NULL,5,3,4,6,1,1,3,2,7,3,N,NULL,Y,N,1235,1235,1239,N,NULL,70,,1,N,,N,N,098-US-0023-10,NULL,NULL,2019,O,7.23E+11,098-US-0023  -010,HIGH,098-US-0023  -000,26.313,0,0,0,0,0,0,1,0,0,0,0,0,0,1
1120,72351696,980100,2.02E+11,20190511,1225,,CASSIDY,,BLVD,,,0,098 CS-1191,CS1191,N,N,NULL,NULL,NULL,N,NULL,NULL,NULL,NULL,NULL,NULL,0.296,NULL,NULL,NULL,NULL,,NULL,0,0,2,2,N,N,25,NULL,98,9801,NULL,,Y,37.50499,-82.53673,N,NULL,NULL,NULL,NULL,NULL,NULL,NULL,NULL,1,3,4,6,1,1,3,2,1,3,N,NULL,Y,N,1225,1234,1234,N,NULL,55,,,N,,N,N,098-CS-1191-0,NULL,NULL,2019,O,7.24E+11,098-CS-1191  -000,HIGH,098-CS-1191  -000,0.296,0,0,0,1,0,0,0,1,0,0,0,0,0,1
1121,72417900,KSP0900,19-39053,20191004,1535,,KY194,,,KY0194,KY0194,0,098 KY-194,KY0194,N,N,NULL,NULL,NULL,N,NULL,NULL,NULL,NULL,NULL,NULL,54.221,NULL,NULL,NULL,NULL,,NULL,1,0,1,1,N,N,35,NULL,98,9804,NULL,,Y,37.5095,-82.1378,N,NULL,NULL,NULL,NULL,NULL,NULL,NULL,NULL,9,3,2,1,1,1,2,2,7,3,Y,NULL,Y,Y,1535,1545,1600,N,NULL,40,8,0,N,,N,N,098-KY-0194-0,NULL,NULL,2019,C,7.24E+11,098-KY-0194  -000,HIGH,098-KY-0194  -000,54.221,0,0,1,0,0,0,0,0,0,0,0,1,0,0
1122,72365547,KSP0900,19-20692,20190605,1049,,KY612,,,KY0612,KY0612,0,098 KY-612,KY0612,N,N,NULL,NULL,NULL,N,NULL,NULL,NULL,NULL,NULL,NULL,5.805,NULL,NULL,NULL,NULL,,NULL,0,0,1,1,N,N,45,NULL,98,9826,NULL,,Y,37.64005,-82.3123,N,NULL,NULL,NULL,NULL,NULL,NULL,NULL,NULL,9,3,2,4,1,5,6,2,7,3,N,NULL,Y,N,1049,1113,,N,NULL,40,8,0,N,,N,N,098-KY-0612-0,NULL,NULL,2019,O,7.24E+11,098-KY-0612  -000,HIGH,098-KY-0612  -000,5.805,0,1,0,0,0,0,0,0,0,0,0,1,0,0
1123,72367645,KSP0900,19-20339,20190602,2318,,KY197,,,KY0197,KY0197,0,098 KY-197,KY0197,N,N,NULL,NULL,NULL,N,NULL,NULL,NULL,NULL,NULL,NULL,13.651,NULL,NULL,NULL,NULL,,NULL,3,0,2,2,N,N,55,NULL,98,9802,3,S,N,37.27753,-82.38189,N,NULL,NULL,NULL,NULL,NULL,NULL,NULL,NULL,3,3,2,6,1,5,3,4,6,3,N,NULL,Y,Y,2318,37,,N,NULL,52,7,0,Y,,N,N,098-KY-0197-0,NULL,NULL,2019,A,7.24E+11,098-KY-0197  -000,HIGH,098-KY-0197  -000,13.651,0,0,1,0,0,0,0,0,1,0,0,1,0,0
1124,72449621,KSP0900,19-48391,20191211,811,,US23,,,US0023,US0023,0,098 US-23-10,US0023,N,N,NULL,NULL,NULL,N,NULL,NULL,NULL,NULL,NULL,NULL,28.097,NULL,NULL,NULL,NULL,,NULL,0,0,2,2,N,N,55,NULL,98,9807,NULL,,Y,37.51551,-82.55995,N,NULL,NULL,NULL,NULL,NULL,NULL,NULL,NULL,8,3,4,6,1,5,3,2,7,3,N,NULL,Y,N,811,814,908,N,NULL,53,,1,N,,N,N,098-US-0023-10,NULL,NULL,2019,O,7.24E+11,098-US-0023  -010,HIGH,098-US-0023  -000,28.097,0,0,0,0,0,0,1,0,0,0,0,1,0,0
1125,72376587,KSP0900,19-25507,20190706,1807,,WOODMAN SUMMER,,RD,,,0,098 CR-1873,CR1873,N,N,NULL,NULL,NULL,N,NULL,NULL,NULL,NULL,NULL,NULL,0.23,NULL,NULL,NULL,NULL,,NULL,1,0,1,1,N,N,35,NULL,98,9825,NULL,,Y,37.53616,-82.05692,N,NULL,NULL,NULL,NULL,NULL,NULL,NULL,NULL,9,4,1,1,1,5,6,2,7,3,N,NULL,Y,Y,1809,1857,1857,N,NULL,44,,,N,,N,Y,098-CR-1873-0,NULL,NULL,2019,A,7.24E+11,098-CR-1873  -000,HIGH,098-CR-1873  -000,0.23,0,0,0,1,0,0,0,1,0,0,0,1,0,0
1126,72322085,980100,2.02E+11,20190302,1802,,THOMPSON,,RD,,,,,,N,N,NULL,NULL,NULL,N,NULL,NULL,NULL,NULL,NULL,NULL,0.046,NULL,NULL,NULL,NULL,,NULL,0,0,2,2,N,N,35,NULL,98,9801,NULL,,Y,37.51014,-82.54828,N,NULL,NULL,NULL,NULL,NULL,NULL,NULL,NULL,5,3,2,6,1,5,6,2,7,3,N,NULL,Y,N,1802,1810,1810,N,NULL,49,,,N,,N,N,,NULL,NULL,2019,O,7.23E+11,098-CS-1215  -000,HIGH,098-CS-1215  -000,0.046,0,0,1,0,0,0,0,0,0,0,0,0,0,1
1127,72415213,KSP0900,19-38453,20191001,950,,ROCKHOUSE,,RD,,,0,098 CR-1113,CR1113,Y,N,NULL,NULL,NULL,N,NULL,NULL,NULL,NULL,NULL,NULL,1.524,NULL,NULL,NULL,NULL,,NULL,1,0,1,1,N,N,,NULL,98,9827,NULL,,Y,37.44458,-82.12469,N,NULL,NULL,NULL,NULL,NULL,NULL,NULL,NULL,9,97,1,6,1,1,2,2,1,3,Y,NULL,Y,N,1045,1100,1100,N,NULL,90,,,Y,,N,N,098-CR-1113-0,NULL,NULL,2019,C,7.24E+11,098-CR-1113  -000,HIGH,098-CR-1113  -000,1.524,0,0,0,0,0,0,0,0,1,0,0,1,0,0
1128,72351811,KSP0900,19-16057,20190505,450,,KY194,,,KY0194,KY0194,,,,N,N,NULL,NULL,NULL,N,NULL,NULL,NULL,NULL,NULL,NULL,18.707,NULL,NULL,NULL,NULL,,NULL,0,0,1,1,N,N,55,NULL,98,9820,NULL,,Y,37.55964,-82.41695,N,NULL,NULL,NULL,NULL,NULL,NULL,NULL,NULL,9,3,2,3,1,11,6,6,7,3,N,NULL,Y,N,453,524,630,N,NULL,44,6,5,N,,N,N,,NULL,NULL,2019,O,7.24E+11,098-KY-0194  -000,MEDIUM,098-KY-0194  -000,18.707,0,0,0,0,0,0,0,0,0,0,0,1,0,0
1129,72314769,KSP0900,19-4563,20190211,1326,,ABNER MOUNTAIN,,RD,KY0122,KY0122,0,098 KY-122,KY0122,N,N,NULL,NULL,NULL,N,NULL,NULL,NULL,NULL,NULL,NULL,0.666,NULL,NULL,NULL,NULL,,NULL,0,0,1,1,N,N,35,NULL,98,9801,NULL,,Y,37.34441,-82.65001,N,NULL,NULL,NULL,NULL,NULL,NULL,NULL,NULL,9,5,2,2,1,5,2,2,7,3,N,NULL,Y,N,1326,1349,1326,N,NULL,40,,0,Y,,N,N,098-KY-0122-0,NULL,NULL,2019,O,7.23E+11,098-KY-0122  -000,HIGH,098-KY-0122  -000,0.666,0,0,0,0,0,0,0,1,0,0,0,1,0,0
1130,72455439,KSP0900,19-49950,20191223,1800,,DORTON-JENKINS,,HWY,KY0805,KY0805,0,098 KY-805,KY0805,N,N,NULL,NULL,NULL,N,NULL,NULL,NULL,NULL,NULL,NULL,4.232,NULL,NULL,NULL,NULL,,NULL,3,0,2,2,N,N,55,NULL,98,9809,NULL,,Y,37.24846,-82.56336,N,NULL,NULL,NULL,NULL,NULL,NULL,NULL,NULL,5,3,2,4,1,1,2,6,7,3,Y,NULL,Y,Y,1807,1818,1952,N,NULL,49,7,0,N,,N,N,098-KY-0805-0,NULL,NULL,2019,B,7.25E+11,098-KY-0805  -000,HIGH,098-KY-0805  -000,4.232,0,0,0,0,0,0,1,0,0,0,0,0,0,0
1131,72339990,980100,2.02E+11,20190416,1202,,HAMBLEY,,BLVD,,,0,098 CS-1222,CS1222,N,N,NULL,NULL,NULL,N,NULL,NULL,NULL,NULL,NULL,NULL,1.44,NULL,NULL,NULL,NULL,,NULL,0,0,2,2,N,N,35,NULL,98,9801,NULL,,Y,37.48382,-82.52908,N,NULL,NULL,NULL,NULL,NULL,NULL,NULL,NULL,8,3,2,6,1,1,2,2,6,3,N,NULL,Y,N,1203,1208,1208,N,NULL,53,,,N,,N,N,098-CS-1222-0,NULL,NULL,2019,O,7.23E+11,098-CS-1222  -000,HIGH,098-CS-1222  -000,1.44,0,0,0,0,0,0,1,0,0,0,0,1,0,1
1132,72409756,980100,2.02E+11,20190918,1204,,US23,,,US0023,US0023,0,098 US-23-10,US0023,N,N,NULL,NULL,NULL,N,NULL,NULL,NULL,NULL,NULL,NULL,23.534,NULL,NULL,NULL,NULL,,NULL,0,0,1,1,N,N,55,NULL,98,9801,NULL,,Y,37.47045,-82.53371,N,NULL,NULL,NULL,NULL,NULL,NULL,NULL,NULL,9,3,4,6,1,1,2,2,7,3,N,NULL,Y,N,1204,1212,1212,N,NULL,40,,1,N,,N,N,098-US-0023-10,NULL,NULL,2019,O,7.24E+11,098-US-0023  -010,HIGH,098-US-0023  -000,23.534,0,0,0,1,0,0,0,0,0,0,0,1,0,1
1133,72343632,KSP0900,2019-12433,20190411,1142,,KY194,,,KY0194,KY0194,0,098 KY-194,KY0194,N,N,NULL,NULL,NULL,N,NULL,NULL,NULL,NULL,NULL,NULL,55.239,NULL,NULL,NULL,NULL,,NULL,0,0,2,2,N,N,35,NULL,98,9804,NULL,,Y,37.51454,-82.15228,N,NULL,NULL,NULL,NULL,NULL,NULL,NULL,NULL,2,97,2,6,1,1,2,2,1,3,N,NULL,N,Y,1142,1300,1300,N,NULL,47,8,0,N,,N,N,098-KY-0194-0,NULL,NULL,2019,O,7.23E+11,098-KY-0194  -000,HIGH,098-KY-0194  -000,55.239,0,0,0,1,0,0,0,0,0,0,0,0,0,0
1134,72322664,KSP0900,19-6264,20190225,550,,KY194,,,KY0194,KY0194,0,098 KY-194,KY0194,N,N,NULL,NULL,NULL,N,NULL,NULL,NULL,NULL,NULL,NULL,57.479,NULL,NULL,NULL,NULL,,NULL,0,0,2,2,N,N,35,NULL,98,9804,NULL,,Y,37.53749,-82.16283,N,NULL,NULL,NULL,NULL,NULL,NULL,NULL,NULL,7,3,2,6,1,1,2,6,7,3,N,NULL,Y,N,550,625,625,N,NULL,54,7,0,N,,N,N,098-KY-0194-0,NULL,NULL,2019,O,7.23E+11,098-KY-0194  -000,HIGH,098-KY-0194  -000,57.479,0,0,0,1,0,0,0,0,0,0,0,1,0,0
1135,72394637,980100,2.02E+11,20190817,2100,,US460,,,US0460,US0460,0,098 US-460,US0460,N,N,NULL,NULL,NULL,N,NULL,NULL,NULL,NULL,NULL,NULL,0.322,NULL,NULL,NULL,NULL,,NULL,0,0,2,2,N,N,55,NULL,98,9801,NULL,,Y,37.43819,-82.51058,N,NULL,NULL,NULL,NULL,NULL,NULL,NULL,NULL,5,3,2,6,1,1,2,5,1,3,N,NULL,Y,N,2045,2051,2051,N,NULL,49,,1,N,,N,N,098-US-0460-0,NULL,NULL,2019,O,7.24E+11,098-US-0460  -000,HIGH,098-US-0460  -000,0.322,0,0,1,0,0,0,1,0,0,0,0,0,0,1
1136,72367232,KSP0900,19-22311,20190615,2213,,US23,,,US0023,US0023,0,098 US-23-10,US0023,N,N,NULL,NULL,NULL,N,NULL,NULL,NULL,NULL,NULL,NULL,6.856,NULL,NULL,NULL,NULL,,NULL,0,0,1,1,N,N,55,NULL,98,9809,NULL,,Y,37.29999,-82.54362,N,NULL,NULL,NULL,NULL,NULL,NULL,NULL,NULL,9,3,4,1,1,1,2,6,7,3,N,NULL,Y,N,2213,2229,2229,N,NULL,38,,1,N,,N,N,098-US-0023-10,NULL,NULL,2019,O,7.24E+11,098-US-0023  -010,HIGH,098-US-0023  -000,6.856,0,0,0,0,0,0,0,0,0,0,0,0,0,0
1137,72421251,980100,2.02E+11,20191015,1603,,US23,,,US0023,US0023,,,,N,N,NULL,NULL,NULL,N,NULL,NULL,NULL,NULL,NULL,NULL,26.252,NULL,NULL,NULL,NULL,,NULL,0,0,2,2,N,N,55,NULL,98,9801,NULL,,Y,37.50321,-82.53209,N,NULL,NULL,NULL,NULL,NULL,NULL,NULL,NULL,5,3,4,6,1,1,2,2,7,3,N,NULL,Y,N,1603,1610,1613,N,NULL,49,,1,N,,N,N,,NULL,NULL,2019,O,7.24E+11,098-US-0023  -000,MEDIUM,098-US-0023  -000,26.252,0,0,0,0,0,0,0,0,0,0,0,0,0,1
1138,72375889,980100,2.02E+11,20190704,1921,,KY3496,,,KY3496,KY3496,0,098 KY-3496,KY3496,Y,N,NULL,NULL,NULL,N,NULL,NULL,NULL,NULL,NULL,NULL,0.778,NULL,NULL,NULL,NULL,,NULL,0,0,2,2,N,N,,NULL,98,9801,NULL,,Y,37.47184,-82.5292,N,NULL,NULL,NULL,NULL,NULL,NULL,NULL,NULL,2,97,1,6,1,1,2,2,1,3,N,NULL,Y,N,1921,1927,1927,N,NULL,90,16,0,N,,N,N,098-KY-3496-0,NULL,NULL,2019,O,7.24E+11,098-KY-3496  -000,HIGH,098-KY-3496  -000,0.778,0,0,0,0,0,0,1,0,0,0,0,0,0,1
1139,72420436,370200,2019-37844,20190927,1100,,POPLAR FORK WOODMAN,,RD,KY2059,KY2059,0,098 KY-2059,KY2059,N,N,NULL,NULL,NULL,N,NULL,NULL,NULL,NULL,NULL,NULL,3.015,NULL,NULL,NULL,NULL,,NULL,1,0,2,2,N,N,35,NULL,98,9811,NULL,,Y,37.52364,-82.05861,N,NULL,NULL,NULL,NULL,NULL,NULL,NULL,NULL,3,3,1,6,1,1,3,2,7,3,Y,NULL,Y,Y,1100,1330,1400,N,NULL,52,9,0,N,,N,N,098-KY-2059-0,NULL,NULL,2019,C,7.24E+11,098-KY-2059  -000,HIGH,098-KY-2059  -000,3.015,0,1,0,0,0,0,0,0,0,0,0,1,0,0
1140,72323015,980100,2.02E+11,20190302,1116,,THOMPSON,,RD,,,,,,Y,N,NULL,NULL,NULL,N,NULL,NULL,NULL,NULL,NULL,NULL,0.477,NULL,NULL,NULL,NULL,,NULL,0,0,2,2,N,N,,NULL,98,9801,NULL,,Y,37.50619,-82.54405,N,NULL,NULL,NULL,NULL,NULL,NULL,NULL,NULL,2,97,2,6,1,1,3,2,1,3,N,NULL,Y,N,1116,1125,,N,NULL,90,,,N,,N,N,,NULL,NULL,2019,O,7.23E+11,098-CS-1215  -000,HIGH,098-CS-1215  -000,0.477,0,0,0,1,0,0,1,0,0,0,0,0,0,1
1141,72299232,980100,2.02E+11,20190103,1530,,BYPASS,N,RD,KY1460,KY1460,,,,N,N,NULL,NULL,NULL,N,NULL,NULL,NULL,NULL,NULL,NULL,5.171,NULL,NULL,NULL,NULL,,NULL,1,0,3,3,N,N,45,NULL,98,9801,NULL,,Y,37.48405,-82.51447,N,NULL,NULL,NULL,NULL,NULL,NULL,NULL,NULL,5,3,2,6,1,1,2,2,7,3,Y,NULL,Y,N,1530,1535,1541,N,NULL,70,16,0,N,,Y,N,,NULL,NULL,2019,C,7.23E+11,098-KY-1460  -000,HIGH,098-KY-1460  -000,5.171,0,0,0,1,0,0,1,0,0,0,0,0,0,1
1142,72363884,KSP0900,19-21035,20190607,1152,,US460,,,US0460,US0460,0,098 US-460,US0460,N,N,NULL,NULL,NULL,N,NULL,NULL,NULL,NULL,NULL,NULL,2.049,NULL,NULL,NULL,NULL,,NULL,0,0,1,1,N,N,55,NULL,98,9824,NULL,,Y,37.43319,-82.49161,N,NULL,NULL,NULL,NULL,NULL,NULL,NULL,NULL,9,3,2,3,1,5,6,2,7,3,N,NULL,Y,N,1154,1209,,N,NULL,44,,1,N,,N,N,098-US-0460-0,NULL,NULL,2019,O,7.24E+11,098-US-0460  -000,HIGH,098-US-0460  -000,2.049,0,0,1,0,0,0,0,1,0,0,0,1,0,0