OBJECTID,MasterFile,AgencyORINumber,LocalCode,CollisionDate,CollisionTime,CollisionDayWeekCode,RoadwayName,RoadwayName_Direction_,RoadwayName_RoadwaySuffix_,RoadwayfromReport,CurrentRoadwayNumber,RoadwayNumberCoupletID,RSEUniqueGIS,RoadwayIdentifier,ParkingLotIndicator,IntersectionWith_Indicator_,IntersectionWith_NameRoadway_,IntersectionWith_Direction_,IntersectionWith_RoadwaySuffix_,BetweenStreets_Indicator_,BetweenStreets1_NameRoadway_,BetweenStreet1_Direction_,BetweenStreets1_RoadwaySuffix_,BetweenStreets2_NameRoadway_,BetweenStreets2_Direction_,BetweenStreets2_RoadwaySuffix_,Milepoint,ReportMilepointDeriveNumber,CurrentDerivedMiepointNumber,MilestoMilepoint,FeettoMilepoint,DirectionfromMilepoint_NSEW_,ValidMilepointIndicator,NumberInjured,NumberKilled,ofUnits,ofMotorVehicleUnits,Hit&RunIndicator,OneWayIndicator,SpeedLimitNumber,KilometersIndicator,CountyCode,CityCountyCode,MilesFromCity,DirectionFromCity_NSEW_,InCityLimitsIndicator,Latitude,Longitude,RampIndicator,RampFromIdentifier,RampFromDirCode,RampFromCoupletID,RSEUniqueGISRampFrom,RampToidentifier,RampToDirCode,RampToCoupletID,RSEUniqueGisRampTo,MannerofCollisionCode,LocationFirstEventCode,TotalLanes,RoadwayCharacterCode,RoadwaySurfaceCode,RoadwayConditionCode,WeatherCode,LightConditionCode,LandUseCode,SchoolBusRelatedCode,FirstAidSceneIndicator,CollDescPresentInd,InvestigationCompleteIndicator,PhotosTakenIndicator,TimeNotified,TimeArrived,TimeRoadwayOpened,PropertyDamageIndicator,DiagramPresentIndicator,DirectionalAnalysis,FunctionClassCode,NationalHwySysCode,EnforcementsIndicator,KARSCityCode,SecondaryCollisionIndicator,MedianCrossoverIndicator,RT_UNIQUE,MapIt,TimeLastLeft,YR,KABCO,MFNY,WorkingRID,RT_CONFIDENCE,KTC_RT,KTC_MP,Motorcyclist,Commercial Vehicle,Young Driver,Mature Driver,Pedestrian,Bicyclist,Distracted,Aggressive,Impaired,Unrestrained,Intersection,Roadway Departure,Median Cross-over,City Crash
1143,72302549,KSP0900,19-1477,20190113,1736,,US23,,,US0023,US0023,0,098 US-23,US0023,N,N,NULL,NULL,NULL,N,NULL,NULL,NULL,NULL,NULL,NULL,15.95,NULL,NULL,NULL,NULL,,NULL,0,0,1,1,N,N,55,NULL,98,9824,2,S,N,37.40884,-82.53219,N,NULL,NULL,NULL,NULL,NULL,NULL,NULL,NULL,9,3,4,5,1,5,6,3,7,3,N,NULL,Y,Y,1743,1750,1750,N,NULL,44,,1,N,,N,Y,098-US-0023-0,NULL,NULL,2019,O,7.23E+11,098-US-0023  -000,HIGH,098-US-0023  -000,15.95,0,0,0,1,0,0,0,1,0,0,0,1,0,0
1144,72392982,KSP0900,19-31078,20190812,1755,,US119,,,US0119,US0119,,,,N,N,NULL,NULL,NULL,N,NULL,NULL,NULL,NULL,NULL,NULL,25.302,NULL,NULL,NULL,NULL,,NULL,0,0,2,2,N,N,45,NULL,98,9834,NULL,,Y,37.67178,-82.28049,N,NULL,NULL,NULL,NULL,NULL,NULL,NULL,NULL,5,3,5,6,1,1,2,2,8,3,N,NULL,N,Y,1757,1801,1801,N,NULL,49,2,1,N,,N,N,,NULL,NULL,2019,O,7.24E+11,098-US-0119  -000,MEDIUM,098-US-0119  -000,25.302,0,0,0,0,0,0,1,0,0,0,0,0,0,0
1145,72316510,KSP0900,19-4629,20190211,2226,,BIG CARD,,RD,,,0,098 CR-1190,CR1190,N,N,NULL,NULL,NULL,N,NULL,NULL,NULL,NULL,NULL,NULL,0.28,NULL,NULL,NULL,NULL,,NULL,0,0,1,1,N,N,15,NULL,98,9847,NULL,,Y,37.37967,-82.26018,N,NULL,NULL,NULL,NULL,NULL,NULL,NULL,NULL,9,97,1,6,97,5,6,6,6,3,N,NULL,Y,N,2226,2254,2226,Y,NULL,40,,,N,,N,N,098-CR-1190-0,NULL,NULL,2019,O,7.23E+11,098-CR-1190  -000,HIGH,098-CR-1190  -000,0.28,0,0,0,0,0,0,0,0,0,0,0,1,0,0
1146,72383887,980100,2.02E+11,20190724,1807,,RIVER,,DR,,,,,,Y,N,NULL,NULL,NULL,N,NULL,NULL,NULL,NULL,NULL,NULL,0.252,NULL,NULL,NULL,NULL,,NULL,0,0,2,2,N,N,15,NULL,98,9801,NULL,,Y,37.47322,-82.52547,N,NULL,NULL,NULL,NULL,NULL,NULL,NULL,NULL,2,97,1,6,1,1,2,2,1,3,N,NULL,Y,N,1807,1807,1807,N,NULL,90,,,N,,N,N,,NULL,NULL,2019,O,7.24E+11,098-CS-1054  -000,HIGH,098-CS-1054  -000,0.252,0,0,0,0,0,0,1,0,0,0,0,0,0,0
1147,72336843,KSP0900,19-11328,20190404,1405,,KY292,,,KY0292,KY0292,0,098 KY-292,KY0292,N,N,NULL,NULL,NULL,N,NULL,NULL,NULL,NULL,NULL,NULL,1.077,NULL,NULL,NULL,NULL,,NULL,0,0,1,1,N,N,45,NULL,98,9869,NULL,,Y,37.64061,-82.21894,N,NULL,NULL,NULL,NULL,NULL,NULL,NULL,NULL,9,3,2,1,1,1,2,2,7,3,N,NULL,Y,N,1400,1402,1420,N,NULL,44,8,0,N,,N,N,098-KY-0292-0,NULL,NULL,2019,O,7.23E+11,098-KY-0292  -000,HIGH,098-KY-0292  -000,1.077,0,0,0,0,0,0,0,0,0,0,0,1,0,0
1148,72348214,980100,2.02E+11,20190503,1723,,THOMPSON,,RD,,,,,,N,N,NULL,NULL,NULL,N,NULL,NULL,NULL,NULL,NULL,NULL,0.276,NULL,NULL,NULL,NULL,,NULL,0,0,2,2,N,N,35,NULL,98,9801,NULL,,Y,37.50723,-82.54755,N,NULL,NULL,NULL,NULL,NULL,NULL,NULL,NULL,5,3,2,6,1,1,3,2,1,3,N,NULL,Y,N,1723,1732,,N,NULL,70,,,N,,N,N,,NULL,NULL,2019,O,7.23E+11,098-CS-1215  -000,HIGH,098-CS-1215  -000,0.276,0,0,0,0,0,0,1,0,0,0,0,0,0,1
1149,72345345,KSP0900,2019-14904,20190427,1847,,STONE COAL CREEK,,RD,KY3227,KY3227,0,098 KY-3227,KY3227,Y,N,NULL,NULL,NULL,N,NULL,NULL,NULL,NULL,NULL,NULL,6.209,NULL,NULL,NULL,NULL,,NULL,0,0,2,2,N,N,,NULL,98,9801,NULL,,Y,37.57425,-82.50202,N,NULL,NULL,NULL,NULL,NULL,NULL,NULL,NULL,2,97,2,6,3,8,2,2,1,3,N,NULL,Y,N,1847,1933,,N,NULL,90,8,0,N,,N,N,098-KY-3227-0,NULL,NULL,2019,O,7.23E+11,098-KY-3227  -000,HIGH,098-KY-3227  -000,6.209,0,0,0,0,0,0,1,0,0,0,0,0,0,0
1150,72328881,980100,2.02E+11,20190319,1952,,JUSTICE,,WAY,,,0,098 CS-1215,CS1215,Y,N,NULL,NULL,NULL,N,NULL,NULL,NULL,NULL,NULL,NULL,,NULL,NULL,NULL,NULL,NULL,NULL,0,0,2,2,Y,N,15,NULL,98,9801,NULL,,Y,37.50678,-82.54324,N,NULL,NULL,NULL,NULL,NULL,NULL,NULL,NULL,2,97,,6,1,1,2,5,1,3,N,NULL,Y,N,1954,2001,,N,NULL,90,,,N,,N,N,098-CS-1215-0,NULL,NULL,2019,O,7.23E+11,098-CS-1215  -000,HIGH,098-CS-1215  -000,0.516,0,0,0,0,0,0,0,0,0,0,0,0,0,1
1151,72399593,KSP0900,19-33393,20190828,615,,KY1056,,,KY1056,KY1056,0,098 KY-1056,KY1056,N,N,NULL,NULL,NULL,N,NULL,NULL,NULL,NULL,NULL,NULL,8.945,NULL,NULL,NULL,NULL,,NULL,0,0,2,2,N,N,55,NULL,98,9863,NULL,,Y,37.59424,-82.16986,N,NULL,NULL,NULL,NULL,NULL,NULL,NULL,NULL,7,3,2,3,1,5,6,6,7,3,N,NULL,Y,N,614,630,733,N,NULL,54,7,0,N,,N,N,098-KY-1056-0,NULL,NULL,2019,O,7.24E+11,098-KY-1056  -000,HIGH,098-KY-1056  -000,8.945,0,0,1,0,0,0,1,0,0,0,0,1,0,0
1152,72345500,KSP0900,19-13827,20190420,1514,,US23,,,US0023,US0023,0,098 US-23-10,US0023,N,N,NULL,NULL,NULL,N,NULL,NULL,NULL,NULL,NULL,NULL,28.045,NULL,NULL,NULL,NULL,,NULL,0,0,2,2,N,N,55,NULL,98,9807,NULL,,Y,37.51509,-82.55919,N,NULL,NULL,NULL,NULL,NULL,NULL,NULL,NULL,5,3,4,6,1,5,6,2,7,3,N,NULL,Y,Y,1514,1518,,N,NULL,49,,1,N,,N,N,098-US-0023-10,NULL,NULL,2019,O,7.23E+11,098-US-0023  -010,HIGH,098-US-0023  -000,28.045,0,0,0,0,0,0,1,0,0,0,0,0,0,0
1153,72353023,KSP0900,19-17247,20190513,937,,STATE HIGHWAY 292,E,,,,0,098 CR-1061,CR1061,N,N,NULL,NULL,NULL,N,NULL,NULL,NULL,NULL,NULL,NULL,0.607,NULL,NULL,NULL,NULL,,NULL,0,0,2,2,N,N,45,NULL,98,9893,NULL,,Y,37.6242,-82.20773,N,NULL,NULL,NULL,NULL,NULL,NULL,NULL,NULL,6,3,1,4,1,5,3,2,7,3,N,NULL,Y,N,937,947,950,N,NULL,70,,,N,,N,N,098-CR-1061-0,NULL,NULL,2019,O,7.24E+11,098-CR-1061  -000,HIGH,098-CR-1061  -000,0.607,0,0,0,0,0,0,1,1,0,0,0,0,0,0
1154,72462432,KSP0900,19-49588,20191220,1536,,KY194,,,KY0194,KY0194,0,098 KY-194,KY0194,N,N,NULL,NULL,NULL,N,NULL,NULL,NULL,NULL,NULL,NULL,22.065,NULL,NULL,NULL,NULL,,NULL,1,0,1,1,N,N,55,NULL,98,9820,NULL,,Y,37.53525,-82.38359,N,NULL,NULL,NULL,NULL,NULL,NULL,NULL,NULL,9,4,2,3,1,1,2,2,7,3,N,NULL,Y,Y,1602,1617,1714,N,NULL,40,6,0,N,,N,Y,098-KY-0194-0,NULL,NULL,2019,C,7.25E+11,098-KY-0194  -000,HIGH,098-KY-0194  -000,22.065,0,0,0,0,0,0,0,0,0,0,0,1,0,0
1155,72424598,980500,2019AR066,20191022,1529,,US23,,,US0023,US0023,0,098 US-23-10,US0023,Y,N,NULL,NULL,NULL,N,NULL,NULL,NULL,NULL,NULL,NULL,,NULL,NULL,NULL,NULL,NULL,NULL,0,0,2,2,N,N,15,NULL,98,9807,NULL,,Y,37.5235,-82.57319,N,NULL,NULL,NULL,NULL,NULL,NULL,NULL,NULL,2,97,2,6,1,1,2,2,1,3,N,NULL,Y,Y,1530,1533,1537,N,NULL,90,,1,N,,N,N,098-US-0023-10,NULL,NULL,2019,O,7.24E+11,098-US-0023  -010,HIGH,098-US-0023  -000,29.016,0,0,0,1,0,0,1,0,0,0,0,0,0,0
1156,72392724,KSP0900,19-31176,20190813,1205,,KY194,,,KY0194,KY0194,0,098 KY-194,KY0194,N,N,NULL,NULL,NULL,N,NULL,NULL,NULL,NULL,NULL,NULL,60.716,NULL,NULL,NULL,NULL,,NULL,2,0,1,1,N,N,35,NULL,98,9811,NULL,,Y,37.56425,-82.14048,N,NULL,NULL,NULL,NULL,NULL,NULL,NULL,NULL,9,3,2,6,1,5,6,2,7,3,Y,NULL,Y,Y,1205,1208,1250,N,NULL,40,7,0,N,,N,N,098-KY-0194-0,NULL,NULL,2019,C,7.24E+11,098-KY-0194  -000,HIGH,098-KY-0194  -000,60.716,0,0,0,0,0,0,0,0,0,0,0,1,0,0
1157,72313296,980100,2.02E+11,20190206,2240,,MAYO,N,TRL,US0023,US0023,,,,N,N,NULL,NULL,NULL,N,NULL,NULL,NULL,NULL,NULL,NULL,31.753,NULL,NULL,NULL,NULL,,NULL,0,0,1,1,N,N,55,NULL,98,9801,NULL,,Y,37.53734,-82.60432,N,NULL,NULL,NULL,NULL,NULL,NULL,NULL,NULL,9,3,4,6,1,5,6,6,7,3,N,NULL,Y,Y,2240,2250,41,N,NULL,40,,1,N,,N,N,,NULL,NULL,2019,O,7.23E+11,098-US-0023  -010,MEDIUM,098-US-0023  -000,31.753,0,1,0,0,0,0,0,0,0,0,0,1,0,1
1158,72367899,KSP0900,19-22206,20190615,417,,POUNDING MILL,,RD,,,0,098 CR-1526,CR1526,N,N,NULL,NULL,NULL,N,NULL,NULL,NULL,NULL,NULL,NULL,0.015,NULL,NULL,NULL,NULL,,NULL,1,0,1,1,N,N,35,NULL,98,9801,NULL,,Y,37.56374,-82.14622,N,NULL,NULL,NULL,NULL,NULL,NULL,NULL,NULL,9,5,1,6,1,1,2,6,7,3,Y,NULL,Y,Y,416,517,711,N,NULL,44,,,N,,N,N,098-CR-1526-0,NULL,NULL,2019,B,7.24E+11,098-CR-1526  -000,HIGH,098-CR-1526  -000,0.015,0,0,0,0,0,0,0,0,1,1,0,1,0,0
1159,72594995,KSP0900,21-58306,20210213,409,,US23,,,US0023,US0023,0,098 US-23,US0023,N,N,NULL,NULL,NULL,N,NULL,NULL,NULL,NULL,NULL,NULL,7.041,NULL,NULL,NULL,NULL,,NULL,0,0,1,1,N,N,55,NULL,98,9809,NULL,,Y,37.30252,-82.54355,N,NULL,NULL,NULL,NULL,NULL,NULL,NULL,NULL,9,6,4,4,1,5,6,6,7,3,N,NULL,N,N,409,409,,N,NULL,40,,1,N,,N,N,098-US-0023-0,NULL,NULL,2021,O,7.26E+11,098-US-0023  -000,HIGH,098-US-0023  -000,7.041,0,0,0,0,0,0,1,0,0,0,0,1,0,0
1160,72424660,370200,2019-40637,20191015,1014,,US119,,,US0119,US0119,0,098 US-119,US0119,N,N,NULL,NULL,NULL,N,NULL,NULL,NULL,NULL,NULL,NULL,12.539,NULL,NULL,NULL,NULL,,NULL,0,0,2,2,N,N,55,NULL,98,9801,NULL,,Y,37.60268,-82.37032,N,NULL,NULL,NULL,NULL,NULL,NULL,NULL,NULL,5,3,2,5,1,1,2,2,7,3,N,NULL,N,N,1045,1247,1247,N,NULL,49,2,1,Y,,N,N,098-US-0119-0,NULL,NULL,2019,O,7.24E+11,098-US-0119  -000,HIGH,098-US-0119  -000,12.539,0,1,0,0,0,0,0,0,0,0,0,0,0,0
1161,72322234,980100,2.02E+11,20190301,1639,,HAMBLEY,,BLVD,,,,,,N,N,NULL,NULL,NULL,N,NULL,NULL,NULL,NULL,NULL,NULL,0.142,NULL,NULL,NULL,NULL,,NULL,1,0,2,2,N,N,25,NULL,98,9801,NULL,,Y,37.47476,-82.52489,N,NULL,NULL,NULL,NULL,NULL,NULL,NULL,NULL,1,3,2,6,1,5,6,2,7,3,Y,NULL,Y,Y,1639,1645,1711,N,NULL,47,,,Y,,N,N,,NULL,NULL,2019,C,7.23E+11,098-CS-1222  -000,HIGH,098-CS-1222  -000,0.142,0,1,0,0,0,0,0,0,1,0,0,0,0,1
1162,72328191,KSP0900,2019-8381,20190316,1252,,TOLER,,RD,KY0319,KY0319,0,098 KY-319,KY0319,N,N,NULL,NULL,NULL,N,NULL,NULL,NULL,NULL,NULL,NULL,3.864,NULL,NULL,NULL,NULL,,NULL,0,0,1,1,N,N,55,NULL,98,9842,1,E,N,37.6094,-82.23018,N,NULL,NULL,NULL,NULL,NULL,NULL,NULL,NULL,9,5,2,3,1,1,2,2,7,3,N,NULL,N,Y,1252,1256,1335,N,NULL,51,7,0,N,,N,N,098-KY-0319-0,NULL,NULL,2019,O,7.23E+11,098-KY-0319  -000,HIGH,098-KY-0319  -000,3.864,0,0,0,0,0,0,0,0,0,0,0,1,0,0
1163,72299337,KSP0900,19-00469,20190104,2057,,KY194,,,KY0194,KY0194,,,,N,N,NULL,NULL,NULL,N,NULL,NULL,NULL,NULL,NULL,NULL,26.547,NULL,NULL,NULL,NULL,,NULL,0,0,2,2,Y,N,35,NULL,98,9817,NULL,,Y,37.49872,-82.3512,N,NULL,NULL,NULL,NULL,NULL,NULL,NULL,NULL,7,3,2,6,1,5,6,6,7,3,N,NULL,Y,N,2057,2105,2130,N,NULL,54,6,0,N,,N,N,,NULL,NULL,2019,O,7.23E+11,098-KY-0194  -000,HIGH,098-KY-0194  -000,26.547,0,0,0,0,0,0,1,1,0,0,0,1,0,0
1164,72340915,980500,2019AR029,20190418,1102,,US23,,,US0023,US0023,0,098 US-23,US0023,Y,N,NULL,NULL,NULL,N,NULL,NULL,NULL,NULL,NULL,NULL,29.378,NULL,NULL,NULL,NULL,,NULL,0,0,2,2,Y,N,15,NULL,98,9807,NULL,,Y,37.52742,-82.57535,N,NULL,NULL,NULL,NULL,NULL,NULL,NULL,NULL,8,7,2,6,1,1,2,2,1,3,N,NULL,Y,Y,1102,1104,1140,N,NULL,90,,1,N,,N,N,098-US-0023-0,NULL,NULL,2019,O,7.23E+11,098-US-0023  -000,HIGH,098-US-0023  -000,29.378,0,0,0,0,0,0,0,0,0,0,0,0,0,0
1165,72348549,980100,2.02E+11,20190504,2051,,HAMBLEY,,BLVD,,,0,098 CS-1222,CS1222,N,N,NULL,NULL,NULL,N,NULL,NULL,NULL,NULL,NULL,NULL,0.849,NULL,NULL,NULL,NULL,,NULL,0,0,2,2,Y,N,35,NULL,98,9801,NULL,,Y,37.48307,-82.51961,N,NULL,NULL,NULL,NULL,NULL,NULL,NULL,NULL,8,3,2,6,1,5,6,5,7,3,N,NULL,Y,N,2051,2105,2105,N,NULL,53,,,N,,N,N,098-CS-1222-0,NULL,NULL,2019,O,7.23E+11,098-CS-1222  -000,HIGH,098-CS-1222  -000,0.849,0,0,0,0,0,0,0,0,0,0,0,1,0,1
1166,72297958,980100,2.02E+11,20190102,1011,,KY3496,,,KY3496,KY3496,0,098 KY-3496,KY3496,N,N,NULL,NULL,NULL,N,NULL,NULL,NULL,NULL,NULL,NULL,0.803,NULL,NULL,NULL,NULL,,NULL,0,0,2,2,N,N,35,NULL,98,9801,NULL,,Y,37.47205,-82.52946,N,NULL,NULL,NULL,NULL,NULL,NULL,NULL,NULL,1,3,2,6,1,1,3,2,1,3,N,NULL,Y,N,1011,1016,1017,N,NULL,55,16,0,N,,N,N,098-KY-3496-0,NULL,NULL,2019,O,7.23E+11,098-KY-3496  -000,HIGH,098-KY-3496  -000,0.803,0,0,0,0,0,0,1,0,0,0,0,0,0,1
1167,72423287,980100,2.02E+11,20191017,1721,,US23 TURN LANE,,,US0023,US0023,0,098 US-23-20,US0023,N,N,NULL,NULL,NULL,N,NULL,NULL,NULL,NULL,NULL,NULL,0.012,NULL,NULL,NULL,NULL,,NULL,0,0,2,2,N,N,55,NULL,98,9801,NULL,,Y,37.50388,-82.53249,N,NULL,NULL,NULL,NULL,NULL,NULL,NULL,NULL,5,3,4,3,1,1,2,2,7,3,N,NULL,Y,N,1721,1735,1735,N,NULL,49,,1,N,,N,N,098-US-0023-20,NULL,NULL,2019,O,7.24E+11,098-US-0023  -020,HIGH,098-US-0023  -020,0.012,0,0,0,0,0,0,1,0,0,0,0,0,0,1
1168,72447426,KSP0900,19-47665,20191206,6,,US460,,,US0460,US0460,0,098 US-460,US0460,N,N,NULL,NULL,NULL,N,NULL,NULL,NULL,NULL,NULL,NULL,6.058,NULL,NULL,NULL,NULL,,NULL,1,0,1,1,N,N,55,NULL,98,9801,NULL,,Y,37.40279,-82.43447,N,NULL,NULL,NULL,NULL,NULL,NULL,NULL,NULL,9,3,2,6,1,1,2,5,7,3,Y,NULL,N,Y,6,17,,N,NULL,70,,1,N,,N,N,098-US-0460-0,NULL,NULL,2019,C,7.24E+11,098-US-0460  -000,HIGH,098-US-0460  -000,6.058,0,0,0,0,0,0,0,0,0,0,0,0,0,0
1169,72444091,980100,2.02E+11,20191129,1346,,CASSIDY,,BLVD,,,0,098 CS-1191,CS1191,Y,N,NULL,NULL,NULL,N,NULL,NULL,NULL,NULL,NULL,NULL,0.209,NULL,NULL,NULL,NULL,,NULL,0,0,2,2,N,N,,NULL,98,9801,NULL,,Y,37.50408,-82.53535,N,NULL,NULL,NULL,NULL,NULL,NULL,NULL,NULL,1,97,,6,1,1,2,2,1,3,N,NULL,Y,N,1346,1351,1453,N,NULL,90,,,N,,N,N,098-CS-1191-0,NULL,NULL,2019,O,7.24E+11,098-CS-1191  -000,HIGH,098-CS-1191  -000,0.209,0,0,0,0,0,0,1,0,0,0,0,0,0,1
1170,72336341,KSP0900,19-11728,20190406,1921,,KY1469,,,KY1469,KY1469,0,098 KY-1469,KY1469,N,N,NULL,NULL,NULL,N,NULL,NULL,NULL,NULL,NULL,NULL,11.768,NULL,NULL,NULL,NULL,,NULL,0,0,2,2,N,N,55,NULL,98,9827,1,E,N,37.34455,-82.58496,N,NULL,NULL,NULL,NULL,NULL,NULL,NULL,NULL,8,3,2,4,1,1,2,2,6,3,N,NULL,Y,N,1924,2005,,N,NULL,53,7,0,N,,N,N,098-KY-1469-0,NULL,NULL,2019,O,7.23E+11,098-KY-1469  -000,HIGH,098-KY-1469  -000,11.768,0,0,1,0,0,0,0,0,0,0,0,1,0,0
1171,72342496,KSP0900,19-13823,20190420,900,,DORTON-JENKINS,,HWY,KY0805,KY0805,0,098 KY-805,KY0805,N,N,NULL,NULL,NULL,N,NULL,NULL,NULL,NULL,NULL,NULL,6.606,NULL,NULL,NULL,NULL,,NULL,0,0,1,1,N,N,55,NULL,98,9801,NULL,,Y,37.2771,-82.57825,N,NULL,NULL,NULL,NULL,NULL,NULL,NULL,NULL,9,3,2,3,1,5,6,2,7,3,Y,NULL,Y,N,1458,1559,1458,N,NULL,40,7,0,N,,N,N,098-KY-0805-0,NULL,NULL,2019,O,7.23E+11,098-KY-0805  -000,HIGH,098-KY-0805  -000,6.606,0,0,0,0,0,0,0,0,0,0,0,1,0,0
1172,72427562,980200,980200,20190821,1400,,RUSSELL,W,ST,KY0197,KY0197,0,098 KY-197,KY0197,N,N,NULL,NULL,NULL,N,NULL,NULL,NULL,NULL,NULL,NULL,15.602,NULL,NULL,NULL,NULL,,NULL,0,0,2,2,N,N,35,NULL,98,9802,NULL,,Y,37.29532,-82.36327,N,NULL,NULL,NULL,NULL,NULL,NULL,NULL,NULL,1,7,2,6,1,1,2,2,1,3,N,NULL,N,Y,1405,1408,1408,N,NULL,47,7,0,N,,N,N,098-KY-0197-0,NULL,NULL,2019,O,7.24E+11,098-KY-0197  -000,HIGH,098-KY-0197  -000,15.602,0,0,0,1,0,0,1,0,0,0,0,0,0,0
1173,72448287,980500,2019-AR072,20191127,1149,,MAYO,N,TRL,US0023,US0023,0,098 US-23,US0023,N,N,NULL,NULL,NULL,N,NULL,NULL,NULL,NULL,NULL,NULL,27.484,NULL,NULL,NULL,NULL,NULL,NULL,0,0,2,2,N,N,55,NULL,98,9807,NULL,,Y,37.51145,-82.55057,N,NULL,NULL,NULL,NULL,NULL,NULL,NULL,NULL,8,3,6,6,1,1,2,2,7,3,N,NULL,Y,Y,1152,1157,1157,N,NULL,53,,1,N,,N,N,098-US-0023-0,NULL,NULL,2019,O,7.24E+11,098-US-0023  -000,HIGH,098-US-0023  -000,27.484,0,1,0,0,0,0,1,0,0,0,0,1,0,1
1174,72312216,KSP0900,19-2991,20190128,1315,,WILLIAMSON,,RD,KY0292,KY0292,0,098 KY-292,KY0292,N,N,NULL,NULL,NULL,N,NULL,NULL,NULL,NULL,NULL,NULL,6.699,NULL,NULL,NULL,NULL,,NULL,0,0,2,2,N,N,45,NULL,98,9834,NULL,,Y,37.67511,-82.29969,N,NULL,NULL,NULL,NULL,NULL,NULL,NULL,NULL,5,3,2,1,1,5,2,2,7,3,N,NULL,Y,N,1317,1357,1357,N,NULL,49,7,0,N,,N,N,098-KY-0292-0,NULL,NULL,2019,O,7.23E+11,098-KY-0292  -000,HIGH,098-KY-0292  -000,6.699,0,0,0,0,0,0,1,0,0,0,0,0,0,0
1175,72297899,KSP0900,19-136,20190102,1019,,US119,,,US0119,US0119,0,098 US-119-10,US0119,N,N,NULL,NULL,NULL,N,NULL,NULL,NULL,NULL,NULL,NULL,2.288,NULL,NULL,NULL,NULL,,NULL,0,0,1,1,N,N,55,NULL,98,9801,NULL,,Y,37.51334,-82.49432,N,NULL,NULL,NULL,NULL,NULL,NULL,NULL,NULL,9,3,2,6,1,1,3,2,7,3,N,NULL,N,N,1019,1025,1400,N,NULL,44,2,1,N,,N,N,098-US-0119-10,NULL,NULL,2019,O,7.23E+11,098-US-0119  -010,HIGH,098-US-0119  -000,2.288,0,0,1,0,0,0,1,0,0,0,0,1,0,1
1176,72351483,KSP0900,19-17002,20190511,1320,,KY122,,,KY0122,KY0122,0,098 KY-122,KY0122,N,N,NULL,NULL,NULL,N,NULL,NULL,NULL,NULL,NULL,NULL,10.026,NULL,NULL,NULL,NULL,,NULL,0,0,1,1,N,N,45,NULL,98,9823,NULL,,Y,37.38689,-82.54965,N,NULL,NULL,NULL,NULL,NULL,NULL,NULL,NULL,9,3,2,6,1,5,6,2,7,3,N,NULL,Y,N,1322,1343,,Y,NULL,44,,0,N,,N,N,098-KY-0122-0,NULL,NULL,2019,O,7.24E+11,098-KY-0122  -000,HIGH,098-KY-0122  -000,10.026,0,0,1,0,0,0,0,0,0,0,0,1,0,0
1177,72451052,KSP0900,2019-48697,20190813,1718,,US119,,,US0119,US0119,0,098 US-119,US0119,N,N,NULL,NULL,NULL,N,NULL,NULL,NULL,NULL,NULL,NULL,23.371,NULL,NULL,NULL,NULL,,NULL,0,0,2,2,N,N,55,NULL,98,9836,NULL,,Y,37.64688,-82.26733,N,NULL,NULL,NULL,NULL,NULL,NULL,NULL,NULL,5,3,2,6,1,5,6,7,3,3,N,NULL,Y,N,1718,1800,1800,N,NULL,49,2,1,N,,N,N,098-US-0119-0,NULL,NULL,2019,O,7.25E+11,098-US-0119  -000,HIGH,098-US-0119  -000,23.371,0,0,0,0,0,0,0,1,0,0,0,0,0,0
1178,72357420,980100,2.02E+11,20190517,1740,,US23,,,US0023,US0023,0,098 US-23,US0023,N,N,NULL,NULL,NULL,N,NULL,NULL,NULL,NULL,NULL,NULL,21.364,NULL,NULL,NULL,NULL,,NULL,3,0,2,2,N,N,55,NULL,98,9801,NULL,,Y,37.4501,-82.5244,N,NULL,NULL,NULL,NULL,NULL,NULL,NULL,NULL,5,3,4,6,1,1,2,2,7,3,Y,NULL,Y,Y,1727,1732,1825,N,NULL,49,,1,N,,N,N,098-US-0023-0,NULL,NULL,2019,A,7.24E+11,098-US-0023  -000,HIGH,098-US-0023  -000,21.364,0,0,0,0,0,0,0,0,0,1,0,1,0,1
1179,72450143,KSP0900,19-47823,20191206,2324,,TOLER,,RD,KY0319,KY0319,0,098 KY-319,KY0319,N,N,NULL,NULL,NULL,N,NULL,NULL,NULL,NULL,NULL,NULL,3.765,NULL,NULL,NULL,NULL,,NULL,0,0,1,1,N,N,45,NULL,98,9842,NULL,,Y,37.6083,-82.22897,N,NULL,NULL,NULL,NULL,NULL,NULL,NULL,NULL,9,4,2,3,1,1,2,7,7,3,N,NULL,Y,N,2324,2331,2331,Y,NULL,40,7,0,N,,N,Y,098-KY-0319-0,NULL,NULL,2019,O,7.25E+11,098-KY-0319  -000,HIGH,098-KY-0319  -000,3.765,0,0,0,0,0,0,1,0,0,0,0,1,0,0
1180,72344345,KSP0900,19-13671,20190419,1144,,GREASY,,CRK,KY3226,KY3226,0,098 KY-3226,KY3226,N,N,NULL,NULL,NULL,N,NULL,NULL,NULL,NULL,NULL,NULL,0.374,NULL,NULL,NULL,NULL,,NULL,0,0,1,1,N,N,55,NULL,98,9824,NULL,,Y,37.38401,-82.4735,N,NULL,NULL,NULL,NULL,NULL,NULL,NULL,NULL,9,3,1,6,1,5,6,2,7,3,N,NULL,Y,N,1144,1213,,N,NULL,44,8,0,N,,N,N,098-KY-3226-0,NULL,NULL,2019,O,7.23E+11,098-KY-3226  -000,HIGH,098-KY-3226  -000,0.374,0,0,0,0,0,0,0,0,0,0,0,1,0,0