OBJECTID,MasterFile,AgencyORINumber,LocalCode,CollisionDate,CollisionTime,CollisionDayWeekCode,RoadwayName,RoadwayName_Direction_,RoadwayName_RoadwaySuffix_,RoadwayfromReport,CurrentRoadwayNumber,RoadwayNumberCoupletID,RSEUniqueGIS,RoadwayIdentifier,ParkingLotIndicator,IntersectionWith_Indicator_,IntersectionWith_NameRoadway_,IntersectionWith_Direction_,IntersectionWith_RoadwaySuffix_,BetweenStreets_Indicator_,BetweenStreets1_NameRoadway_,BetweenStreet1_Direction_,BetweenStreets1_RoadwaySuffix_,BetweenStreets2_NameRoadway_,BetweenStreets2_Direction_,BetweenStreets2_RoadwaySuffix_,Milepoint,ReportMilepointDeriveNumber,CurrentDerivedMiepointNumber,MilestoMilepoint,FeettoMilepoint,DirectionfromMilepoint_NSEW_,ValidMilepointIndicator,NumberInjured,NumberKilled,ofUnits,ofMotorVehicleUnits,Hit&RunIndicator,OneWayIndicator,SpeedLimitNumber,KilometersIndicator,CountyCode,CityCountyCode,MilesFromCity,DirectionFromCity_NSEW_,InCityLimitsIndicator,Latitude,Longitude,RampIndicator,RampFromIdentifier,RampFromDirCode,RampFromCoupletID,RSEUniqueGISRampFrom,RampToidentifier,RampToDirCode,RampToCoupletID,RSEUniqueGisRampTo,MannerofCollisionCode,LocationFirstEventCode,TotalLanes,RoadwayCharacterCode,RoadwaySurfaceCode,RoadwayConditionCode,WeatherCode,LightConditionCode,LandUseCode,SchoolBusRelatedCode,FirstAidSceneIndicator,CollDescPresentInd,InvestigationCompleteIndicator,PhotosTakenIndicator,TimeNotified,TimeArrived,TimeRoadwayOpened,PropertyDamageIndicator,DiagramPresentIndicator,DirectionalAnalysis,FunctionClassCode,NationalHwySysCode,EnforcementsIndicator,KARSCityCode,SecondaryCollisionIndicator,MedianCrossoverIndicator,RT_UNIQUE,MapIt,TimeLastLeft,YR,KABCO,MFNY,WorkingRID,RT_CONFIDENCE,KTC_RT,KTC_MP,Motorcyclist,Commercial Vehicle,Young Driver,Mature Driver,Pedestrian,Bicyclist,Distracted,Aggressive,Impaired,Unrestrained,Intersection,Roadway Departure,Median Cross-over,City Crash
1181,72394513,KSP0900,19-31531,20190815,1840,,KY194,,,KY0194,KY0194,0,098 KY-194,KY0194,N,N,NULL,NULL,NULL,N,NULL,NULL,NULL,NULL,NULL,NULL,24.962,NULL,NULL,NULL,NULL,,NULL,0,0,2,2,N,N,55,NULL,98,9817,NULL,,Y,37.5173,-82.36209,N,NULL,NULL,NULL,NULL,NULL,NULL,NULL,NULL,5,3,2,6,1,1,2,2,7,3,N,NULL,N,N,1840,1848,1939,N,NULL,49,6,0,N,,N,N,098-KY-0194-0,NULL,NULL,2019,O,7.24E+11,098-KY-0194  -000,HIGH,098-KY-0194  -000,24.962,0,0,0,0,0,0,0,1,0,0,0,0,0,0
1182,72342714,980100,2.02E+11,20190422,214,,US23,,,US0023,US0023,0,098 US-23,US0023,N,N,NULL,NULL,NULL,N,NULL,NULL,NULL,NULL,NULL,NULL,20.725,NULL,NULL,NULL,NULL,,NULL,0,0,1,1,N,N,55,NULL,98,9801,NULL,,Y,37.44287,-82.52146,N,NULL,NULL,NULL,NULL,NULL,NULL,NULL,NULL,9,3,4,3,1,1,2,5,7,3,N,NULL,Y,Y,214,218,214,N,NULL,38,,1,N,,N,N,098-US-0023-0,NULL,NULL,2019,O,7.23E+11,098-US-0023  -000,HIGH,098-US-0023  -000,20.725,0,0,0,0,0,0,0,0,0,0,0,0,0,1
1183,72318151,KSP0900,19-3894,20190205,1812,,KY2062,,,KY2062,KY2062,0,098 KY-2062,KY2062,N,N,NULL,NULL,NULL,N,NULL,NULL,NULL,NULL,NULL,NULL,2.289,NULL,NULL,NULL,NULL,,NULL,0,0,2,2,N,N,55,NULL,98,9825,NULL,,Y,37.51166,-82.10641,N,NULL,NULL,NULL,NULL,NULL,NULL,NULL,NULL,7,3,2,2,1,1,2,6,7,3,N,NULL,Y,Y,1812,1856,1940,N,NULL,54,8,0,N,,N,N,098-KY-2062-0,NULL,NULL,2019,O,7.23E+11,098-KY-2062  -000,HIGH,098-KY-2062  -000,2.289,0,0,0,0,0,0,0,0,0,0,0,1,0,0
1184,72379200,980100,2.02E+11,20190713,1530,,HAMBLEY,,BLVD,,,0,098 CS-1222,CS1222,Y,N,NULL,NULL,NULL,N,NULL,NULL,NULL,NULL,NULL,NULL,0.45,NULL,NULL,NULL,NULL,,NULL,0,0,2,2,Y,N,,NULL,98,9801,NULL,,Y,37.47784,-82.52094,N,NULL,NULL,NULL,NULL,NULL,NULL,NULL,NULL,7,97,1,6,2,1,2,2,1,3,N,NULL,Y,N,1716,1720,1720,N,NULL,90,,,N,,N,N,098-CS-1222-0,NULL,NULL,2019,O,7.24E+11,098-CS-1222  -000,HIGH,098-CS-1222  -000,0.45,0,0,0,0,0,0,0,0,0,0,0,0,0,1
1185,72374877,KSP0900,19-24966,20190703,1525,,TOLER,,RD,KY0319,KY0319,0,098 KY-319,KY0319,Y,N,NULL,NULL,NULL,N,NULL,NULL,NULL,NULL,NULL,NULL,6.927,NULL,NULL,NULL,NULL,,NULL,0,0,2,2,N,N,55,NULL,98,9852,NULL,,Y,37.63944,-82.25839,N,NULL,NULL,NULL,NULL,NULL,NULL,NULL,NULL,2,97,2,6,1,1,2,2,1,3,N,NULL,Y,N,1525,1530,1545,N,NULL,90,7,0,N,,N,N,098-KY-0319-0,NULL,NULL,2019,O,7.24E+11,098-KY-0319  -000,HIGH,098-KY-0319  -000,6.927,0,0,0,0,0,0,1,0,0,0,0,0,0,0
1186,72422686,KSP0900,19-39508,20191007,1100,,MALL,,RD,,,0,098 CR-1037,CR1037,N,Y,MALL,S,RD,N,NULL,NULL,NULL,NULL,NULL,NULL,0.158,NULL,NULL,NULL,NULL,,NULL,0,0,2,2,N,N,25,NULL,98,9834,NULL,,Y,37.65309,-82.27061,N,NULL,NULL,NULL,NULL,NULL,NULL,NULL,NULL,1,3,2,6,1,1,3,2,7,3,N,NULL,N,N,1105,1106,1105,N,NULL,10,,,N,,N,N,098-CR-1037-0,NULL,NULL,2019,O,7.24E+11,098-CR-1037  -000,HIGH,098-CR-1037  -000,0.158,0,0,0,1,0,0,1,0,0,0,1,0,0,0
1187,72414654,980100,2.02E+11,20190930,1658,,HAMBLEY,,BLVD,,,,,,N,N,NULL,NULL,NULL,N,NULL,NULL,NULL,NULL,NULL,NULL,0.003,NULL,NULL,NULL,NULL,,NULL,1,0,2,2,N,N,35,NULL,98,9801,NULL,,Y,37.47398,-82.52728,N,NULL,NULL,NULL,NULL,NULL,NULL,NULL,NULL,4,3,4,6,1,1,2,2,1,3,Y,NULL,Y,Y,1711,1720,1743,N,NULL,70,,,N,,N,N,,NULL,NULL,2019,B,7.24E+11,098-CS-1222  -000,MEDIUM,098-CS-1222  -000,0.003,0,0,1,0,0,0,1,1,0,0,0,0,0,1
1188,72336252,KSP0900,19-11467,20190405,750,,BIG CREEK,,RD,KY0468,KY0468,0,098 KY-468,KY0468,N,N,NULL,NULL,NULL,N,NULL,NULL,NULL,NULL,NULL,NULL,1.748,NULL,NULL,NULL,NULL,,NULL,0,0,1,1,N,N,55,NULL,98,9843,NULL,,Y,37.64011,-82.35687,N,NULL,NULL,NULL,NULL,NULL,NULL,NULL,NULL,9,3,2,3,1,5,6,2,7,3,N,NULL,N,N,750,805,830,N,NULL,44,8,0,N,,N,N,098-KY-0468-0,NULL,NULL,2019,O,7.23E+11,098-KY-0468  -000,HIGH,098-KY-0468  -000,1.748,0,0,1,0,0,0,0,0,0,0,0,1,0,0
1189,72352123,980100,2.02E+11,20190511,1150,,HAMBLEY,,BLVD,,,,,,Y,N,NULL,NULL,NULL,N,NULL,NULL,NULL,NULL,NULL,NULL,0.535,NULL,NULL,NULL,NULL,,NULL,0,0,2,2,N,N,5,NULL,98,9801,NULL,,Y,37.47885,-82.52003,N,NULL,NULL,NULL,NULL,NULL,NULL,NULL,NULL,2,97,,6,2,1,2,2,1,3,N,NULL,Y,N,1150,1154,1154,N,NULL,90,,,N,,N,N,,NULL,NULL,2019,O,7.24E+11,098-CS-1222  -000,HIGH,098-CS-1222  -000,0.535,0,0,0,0,0,0,0,0,0,0,0,0,0,1
1190,72374751,KSP0900,2019-24318,20190628,1549,,US23,,,US0023,US0023,0,098 US-23-10,US0023,Y,N,NULL,NULL,NULL,N,NULL,NULL,NULL,NULL,NULL,NULL,28.758,NULL,NULL,NULL,NULL,,NULL,0,0,2,2,N,N,20,NULL,98,9807,NULL,,Y,37.52114,-82.56922,N,NULL,NULL,NULL,NULL,NULL,NULL,NULL,NULL,2,97,1,6,1,1,2,2,1,3,N,NULL,Y,N,1550,1610,1631,N,NULL,90,,1,N,,N,N,098-US-0023-10,NULL,NULL,2019,O,7.24E+11,098-US-0023  -010,HIGH,098-US-0023  -000,28.758,0,0,0,0,0,0,1,0,0,0,0,0,0,0
1191,72371711,KSP0900,19-23504,20190624,914,,ELKHORN,,CRK,KY0197,KY0197,0,098 KY-197,KY0197,N,N,NULL,NULL,NULL,N,NULL,NULL,NULL,NULL,NULL,NULL,10.664,NULL,NULL,NULL,NULL,,NULL,1,0,1,1,N,N,55,NULL,98,9802,NULL,,Y,37.26977,-82.42184,N,NULL,NULL,NULL,NULL,NULL,NULL,NULL,NULL,9,3,2,3,1,1,2,2,6,3,N,NULL,Y,Y,914,925,925,N,NULL,70,7,0,Y,,N,N,098-KY-0197-0,NULL,NULL,2019,B,7.24E+11,098-KY-0197  -000,HIGH,098-KY-0197  -000,10.664,0,0,0,0,0,0,0,0,1,0,0,1,0,0
1192,72424371,KSP0900,19-40900,20191017,1500,,US460,,,US0460,US0460,0,098 US-460,US0460,N,N,NULL,NULL,NULL,N,NULL,NULL,NULL,NULL,NULL,NULL,1.092,NULL,NULL,NULL,NULL,,NULL,0,0,2,2,N,N,55,NULL,98,9824,NULL,,Y,37.42942,-82.50359,N,NULL,NULL,NULL,NULL,NULL,NULL,NULL,NULL,5,3,2,6,1,1,2,2,7,3,N,NULL,Y,Y,1504,1602,1636,N,NULL,70,,1,N,,N,N,098-US-0460-0,NULL,NULL,2019,O,7.24E+11,098-US-0460  -000,HIGH,098-US-0460  -000,1.092,0,0,0,0,0,0,0,0,0,0,0,0,0,0
1193,72345498,KSP0900,19-12675,20190412,2056,,US23,,,US0023,US0023,0,098 US-23-10,US0023,N,N,NULL,NULL,NULL,N,NULL,NULL,NULL,NULL,NULL,NULL,5.472,NULL,NULL,NULL,NULL,,NULL,0,0,2,2,Y,N,55,NULL,98,9809,NULL,,Y,37.28423,-82.55801,N,NULL,NULL,NULL,NULL,NULL,NULL,NULL,NULL,7,3,4,5,1,1,2,6,7,3,N,NULL,Y,Y,0,0,0,N,NULL,54,,1,N,,N,N,098-US-0023-10,NULL,NULL,2019,O,7.23E+11,098-US-0023  -010,HIGH,098-US-0023  -000,5.472,0,0,0,0,0,0,0,1,1,0,0,1,0,0
1194,72320275,980000,19-02-002,20190204,1830,,AFLEX CEMETERY,,RD,,,0,098 CR-1054D,CR1054D,N,N,NULL,NULL,NULL,N,NULL,NULL,NULL,NULL,NULL,NULL,,NULL,NULL,NULL,NULL,,NULL,0,0,2,2,N,N,45,NULL,98,9893,NULL,,Y,37.65936,-82.24435,N,NULL,NULL,NULL,NULL,NULL,NULL,NULL,NULL,8,3,2,6,1,1,2,6,6,3,N,NULL,Y,Y,1830,1920,2030,N,NULL,53,,,N,,N,N,098-CR-1054D-0,NULL,NULL,2019,O,7.23E+11,098-CR-1054D -000,HIGH,098-CR-1054D -000,0.026,0,0,0,0,0,0,1,1,0,0,0,1,0,0
1195,72301796,980100,2.02E+11,20190105,1545,,JULIUS,,AVE,,,0,098 CS-1156,CS1156,N,N,NULL,NULL,NULL,N,NULL,NULL,NULL,NULL,NULL,NULL,0.028,NULL,NULL,NULL,NULL,,NULL,0,0,2,2,N,N,25,NULL,98,9801,NULL,,Y,37.47658,-82.52283,N,NULL,NULL,NULL,NULL,NULL,NULL,NULL,NULL,7,3,2,4,1,1,2,2,6,3,Y,NULL,Y,N,1545,1549,1638,N,NULL,54,,,Y,,N,N,098-CS-1156-0,NULL,NULL,2019,O,7.23E+11,098-CS-1156  -000,HIGH,098-CS-1156  -000,0.028,0,0,0,1,0,0,0,0,0,0,0,1,0,1
1196,72383694,980100,2.02E+11,20190724,941,,BRYAN,,ST,,,0,098 CS-1205,CS1205,N,N,NULL,NULL,NULL,N,NULL,NULL,NULL,NULL,NULL,NULL,0.053,NULL,NULL,NULL,NULL,,NULL,0,0,2,2,N,N,15,NULL,98,9801,NULL,,Y,37.4985,-82.53402,N,NULL,NULL,NULL,NULL,NULL,NULL,NULL,NULL,2,3,2,6,1,1,2,2,7,3,N,NULL,Y,N,941,941,955,N,NULL,47,,,N,,N,N,098-CS-1205-0,NULL,NULL,2019,O,7.24E+11,098-CS-1205  -000,HIGH,098-CS-1205  -000,0.053,0,0,0,1,0,0,0,0,0,0,0,0,0,1
1197,72455942,KSP0900,19-49991,20191224,12,,VIRGIE,,RD,KY0610,KY0610,0,098 KY-610,KY0610,N,N,NULL,NULL,NULL,N,NULL,NULL,NULL,NULL,NULL,NULL,8.059,NULL,NULL,NULL,NULL,,NULL,1,0,1,1,N,N,35,NULL,98,9827,NULL,,Y,37.33882,-82.5881,N,NULL,NULL,NULL,NULL,NULL,NULL,NULL,NULL,9,97,2,3,1,1,2,6,6,3,N,NULL,Y,Y,14,35,144,N,NULL,44,7,0,N,,N,N,098-KY-0610-0,NULL,NULL,2019,B,7.25E+11,098-KY-0610  -000,HIGH,098-KY-0610  -000,8.059,0,0,0,0,0,0,0,0,0,0,0,1,0,0
1198,72320591,KSP0900,19-5208,20190216,2031,,US119,,,US0119,US0119,,,,N,N,NULL,NULL,NULL,N,NULL,NULL,NULL,NULL,NULL,NULL,24.851,NULL,NULL,NULL,NULL,,NULL,2,0,2,2,N,N,55,NULL,98,9834,NULL,,Y,37.66676,-82.27575,N,NULL,NULL,NULL,NULL,NULL,NULL,NULL,NULL,5,3,6,6,1,1,3,5,7,3,Y,NULL,N,Y,2031,2036,2135,N,NULL,49,2,1,N,,N,N,,NULL,NULL,2019,A,7.23E+11,098-US-0119  -000,MEDIUM,098-US-0119  -000,24.851,0,0,1,0,0,0,1,0,0,0,0,0,0,0
1199,72464718,980100,2.02E+11,20200110,1118,,KY3496,,,KY3496,KY3496,,,,Y,N,NULL,NULL,NULL,N,NULL,NULL,NULL,NULL,NULL,NULL,0.824,NULL,NULL,NULL,NULL,,NULL,0,0,2,2,N,N,15,NULL,98,9801,NULL,,Y,37.47205,-82.52908,N,NULL,NULL,NULL,NULL,NULL,NULL,NULL,NULL,2,97,1,6,1,1,2,2,1,3,N,NULL,Y,N,1118,1125,1125,N,NULL,90,16,0,N,,N,N,,NULL,NULL,2020,O,7.25E+11,098-KY-3496  -000,HIGH,098-KY-3496  -000,0.824,0,0,0,1,0,0,1,1,0,0,0,0,0,1
1200,72378496,980100,2.02E+11,20190712,557,,LORAINE STREET,,,,,,,,N,N,NULL,NULL,NULL,N,NULL,NULL,NULL,NULL,NULL,NULL,,NULL,NULL,NULL,NULL,,NULL,1,0,1,1,N,N,25,NULL,98,9801,NULL,,Y,37.48375,-82.53481,N,NULL,NULL,NULL,NULL,NULL,NULL,NULL,NULL,9,3,2,6,1,1,2,1,7,3,Y,NULL,Y,Y,557,600,651,N,NULL,40,,,Y,,N,N,,NULL,NULL,2019,C,7.24E+11,098-KY-1384  -000,MEDIUM,098-KY-1384  -000,7.533,0,0,0,0,0,0,0,1,1,0,0,1,0,1
1201,72385036,KSP0900,19-28556,20190726,2050,,KY2062,,,KY2062,KY2062,0,098 KY-2062,KY2062,N,N,NULL,NULL,NULL,N,NULL,NULL,NULL,NULL,NULL,NULL,0.467,NULL,NULL,NULL,NULL,,NULL,0,0,1,1,N,N,55,NULL,98,9804,NULL,,Y,37.50595,-82.12611,N,NULL,NULL,NULL,NULL,NULL,NULL,NULL,NULL,9,5,2,1,1,1,2,3,7,3,N,NULL,Y,Y,2049,2118,2118,N,NULL,44,8,0,N,,N,N,098-KY-2062-0,NULL,NULL,2019,O,7.24E+11,098-KY-2062  -000,HIGH,098-KY-2062  -000,0.467,0,0,0,0,0,0,0,0,1,0,0,1,0,0
1202,72450486,KSP0900,19-47679,20191206,710,,US119,,,US0119,US0119,0,098 US-119,US0119,N,N,NULL,NULL,NULL,N,NULL,NULL,NULL,NULL,NULL,NULL,4.185,NULL,NULL,NULL,NULL,,NULL,0,0,2,2,N,N,55,NULL,98,9801,NULL,,Y,37.5158,-82.46076,N,NULL,NULL,NULL,NULL,NULL,NULL,NULL,NULL,8,3,2,6,1,1,2,2,7,3,N,NULL,N,N,710,735,735,N,NULL,53,2,1,Y,,N,N,098-US-0119-0,NULL,NULL,2019,O,7.25E+11,098-US-0119  -000,HIGH,098-US-0119  -000,4.185,0,0,0,0,0,0,1,0,1,0,0,1,0,0
1203,72317662,980500,2019AR012,20190218,1530,,N MAYO TRAIL,,,,,,,,Y,N,NULL,NULL,NULL,N,NULL,NULL,NULL,NULL,NULL,NULL,,NULL,NULL,NULL,NULL,NULL,NULL,0,0,2,2,N,N,15,NULL,98,9807,NULL,,Y,37.52007,-82.56818,N,NULL,NULL,NULL,NULL,NULL,NULL,NULL,NULL,1,97,2,6,1,1,2,2,1,3,N,NULL,Y,Y,1530,1531,1556,N,NULL,90,,1,N,,N,N,,NULL,NULL,2019,O,7.23E+11,098-US-0023  -010,MEDIUM,098-US-0023  -000,28.662,0,0,0,1,0,0,0,0,0,0,0,0,0,0
1204,72361512,KSP0900,201915521,20190501,2006,,LEFT FORK BLACKBERRY,,RD,,,0,098 CR-1809,CR1809,N,N,NULL,NULL,NULL,N,NULL,NULL,NULL,NULL,NULL,NULL,0.641,NULL,NULL,NULL,NULL,,NULL,0,0,1,1,N,N,25,NULL,98,9879,NULL,,Y,37.52372,-82.2196,N,NULL,NULL,NULL,NULL,NULL,NULL,NULL,NULL,9,5,2,6,1,1,2,6,7,3,Y,NULL,N,N,2008,2035,2120,N,NULL,40,,,Y,,N,N,098-CR-1809-0,NULL,NULL,2019,O,7.24E+11,098-CR-1809  -000,HIGH,098-CR-1809  -000,0.641,0,0,0,1,0,0,0,0,1,0,0,1,0,0
1205,72339535,KSP0900,19-10973,20190402,1500,,US119,,,US0119,US0119,0,098 US-119,US0119,N,N,NULL,NULL,NULL,N,NULL,NULL,NULL,NULL,NULL,NULL,23.596,NULL,NULL,NULL,NULL,,NULL,0,0,2,2,N,N,55,NULL,98,9834,NULL,,Y,37.65009,-82.26771,N,NULL,NULL,NULL,NULL,NULL,NULL,NULL,NULL,1,3,4,6,1,1,2,2,7,3,N,NULL,Y,N,1500,1505,1520,N,NULL,55,2,1,N,,N,N,098-US-0119-0,NULL,NULL,2019,O,7.23E+11,098-US-0119  -000,HIGH,098-US-0119  -000,23.596,0,0,0,1,0,0,1,0,0,0,0,0,0,0
1206,72360932,KSP0900,19-20201,20190602,54,,KY3218,,,KY3218,KY3218,0,098 KY-3218,KY3218,N,N,NULL,NULL,NULL,N,NULL,NULL,NULL,NULL,NULL,NULL,3.193,NULL,NULL,NULL,NULL,,NULL,0,0,1,1,N,N,55,NULL,98,9807,NULL,,Y,37.56139,-82.55721,N,NULL,NULL,NULL,NULL,NULL,NULL,NULL,NULL,9,5,2,1,1,1,2,4,6,3,N,NULL,Y,N,54,109,,Y,NULL,44,8,0,N,,N,N,098-KY-3218-0,NULL,NULL,2019,O,7.24E+11,098-KY-3218  -000,HIGH,098-KY-3218  -000,3.193,0,0,0,0,0,0,0,0,0,0,0,1,0,1
1207,72421873,980100,2.02E+11,20191016,1607,,CASSIDY,,BLVD,,,,,,N,N,NULL,NULL,NULL,N,NULL,NULL,NULL,NULL,NULL,NULL,0.319,NULL,NULL,NULL,NULL,,NULL,0,0,2,2,N,N,25,NULL,98,9801,NULL,,Y,37.50521,-82.53723,N,NULL,NULL,NULL,NULL,NULL,NULL,NULL,NULL,1,3,2,3,1,1,3,2,7,3,N,NULL,Y,N,1607,1617,1624,N,NULL,55,,,N,,N,N,,NULL,NULL,2019,O,7.24E+11,098-CS-1191  -000,HIGH,098-CS-1191  -000,0.319,0,0,0,1,0,0,1,0,0,0,0,0,0,1
1208,72362089,980100,2.02E+11,20190604,1302,,BYPASS,S,RD,KY1426,KY1426,0,098 KY-1426,KY1426,N,N,NULL,NULL,NULL,N,NULL,NULL,NULL,NULL,NULL,NULL,5.677,NULL,NULL,NULL,NULL,,NULL,0,0,2,2,N,N,45,NULL,98,9801,NULL,,Y,37.47275,-82.52309,N,NULL,NULL,NULL,NULL,NULL,NULL,NULL,NULL,8,7,2,1,1,1,2,2,1,3,N,NULL,Y,N,1302,1305,1329,N,NULL,47,,0,N,,N,N,098-KY-1426-0,NULL,NULL,2019,O,7.24E+11,098-KY-1426  -000,HIGH,098-KY-1426  -000,5.677,0,0,0,1,0,0,1,0,0,0,0,0,0,1
1209,72347096,980100,2.02E+11,20190426,1636,,KY1426,,,KY1426,KY1426,,,,N,N,NULL,NULL,NULL,N,NULL,NULL,NULL,NULL,NULL,NULL,7.463,NULL,NULL,NULL,NULL,,NULL,0,0,2,2,N,N,45,NULL,98,9801,NULL,,Y,37.49038,-82.50103,N,NULL,NULL,NULL,NULL,NULL,NULL,NULL,NULL,5,3,2,6,1,1,2,2,7,3,N,NULL,Y,N,1656,1702,1726,N,NULL,49,,0,N,,N,N,,NULL,NULL,2019,O,7.23E+11,098-KY-1426  -000,HIGH,098-KY-1426  -000,7.463,0,0,1,0,0,0,1,0,0,0,0,0,0,1
1210,72437897,980100,2.02E+11,20191117,1513,,CASSIDY BLVD,,,,,,,,Y,N,NULL,NULL,NULL,N,NULL,NULL,NULL,NULL,NULL,NULL,,NULL,NULL,NULL,NULL,,NULL,0,0,2,2,N,Y,15,NULL,98,9801,NULL,,Y,37.50644,-82.5397,N,NULL,NULL,NULL,NULL,NULL,NULL,NULL,NULL,1,97,1,6,1,1,2,2,1,3,N,NULL,Y,N,1513,1521,1521,N,NULL,90,,,N,,N,N,,NULL,NULL,2019,O,7.24E+11,098-CS-1191  -000,MEDIUM,098-CS-1191  -000,0.375,0,0,0,0,0,0,1,0,0,0,0,0,0,1
1211,72307794,980100,2.02E+11,20190119,2214,,PHYLLIS,,LN,,,,,,N,N,NULL,NULL,NULL,N,NULL,NULL,NULL,NULL,NULL,NULL,0.078,NULL,NULL,NULL,NULL,,NULL,0,0,2,2,Y,N,15,NULL,98,9801,NULL,,Y,37.48681,-82.52573,N,NULL,NULL,NULL,NULL,NULL,NULL,NULL,NULL,2,3,,2,1,1,2,4,6,3,N,NULL,N,N,2214,2221,2221,N,NULL,47,,,N,,N,N,,NULL,NULL,2019,O,7.23E+11,098-CS-1090  -000,HIGH,098-CS-1090  -000,0.078,0,0,0,0,0,0,1,0,0,0,0,0,0,1
1212,72427419,KSP0900,19-41538,20191022,1235,,KY194,,,KY0194,KY0194,0,098 KY-194,KY0194,N,N,NULL,NULL,NULL,N,NULL,NULL,NULL,NULL,NULL,NULL,22.77,NULL,NULL,NULL,NULL,,NULL,0,0,2,2,N,N,55,NULL,98,9817,NULL,,Y,37.53715,-82.37504,N,NULL,NULL,NULL,NULL,NULL,NULL,NULL,NULL,5,3,2,6,1,1,2,2,7,3,N,NULL,Y,N,1200,1230,1235,N,NULL,49,6,0,N,,N,N,098-KY-0194-0,NULL,NULL,2019,O,7.24E+11,098-KY-0194  -000,HIGH,098-KY-0194  -000,22.77,0,0,0,1,0,0,0,1,0,0,0,0,0,0
1213,72395923,980100,2.02E+11,20190820,1748,,US23,,,US0023,US0023,0,098 US-23-10,US0023,N,N,NULL,NULL,NULL,N,NULL,NULL,NULL,NULL,NULL,NULL,28.059,NULL,NULL,NULL,NULL,,NULL,0,0,2,2,N,N,55,NULL,98,9801,NULL,,Y,37.51521,-82.55941,N,NULL,NULL,NULL,NULL,NULL,NULL,NULL,NULL,5,3,4,6,1,5,6,2,7,3,N,NULL,Y,N,1748,1755,1827,N,NULL,49,,1,N,,N,N,098-US-0023-10,NULL,NULL,2019,O,7.24E+11,098-US-0023  -010,HIGH,098-US-0023  -000,28.059,0,0,0,0,0,0,1,0,0,0,0,0,0,0
1214,72314793,KSP0900,2019-04586,20190211,1641,,KY194,,,KY0194,KY0194,0,098 KY-194,KY0194,N,N,NULL,NULL,NULL,N,NULL,NULL,NULL,NULL,NULL,NULL,43.034,NULL,NULL,NULL,NULL,,NULL,1,0,1,1,N,N,45,NULL,98,9817,NULL,,Y,37.43485,-82.21427,N,NULL,NULL,NULL,NULL,NULL,NULL,NULL,NULL,9,3,2,3,1,5,3,3,8,3,Y,NULL,Y,Y,1641,1741,1741,N,NULL,44,8,0,N,,N,N,098-KY-0194-0,NULL,NULL,2019,B,7.23E+11,098-KY-0194  -000,HIGH,098-KY-0194  -000,43.034,0,0,0,0,0,0,0,1,1,1,0,1,0,0
1215,72360830,980100,2.02E+11,20190601,1757,,KEYSER HEIGHTS,E,DR,,,,,,N,N,NULL,NULL,NULL,N,NULL,NULL,NULL,NULL,NULL,NULL,0.224,NULL,NULL,NULL,NULL,,NULL,0,0,2,2,N,N,10,NULL,98,9801,NULL,,Y,37.49059,-82.5274,N,NULL,NULL,NULL,NULL,NULL,NULL,NULL,NULL,2,3,1,6,1,1,2,2,6,3,N,NULL,Y,N,1757,1800,1800,N,NULL,47,,,N,,N,N,,NULL,NULL,2019,O,7.24E+11,098-CS-1189  -000,LOW,098-CS-1189  -000,0.224,0,0,0,1,0,0,1,0,0,0,0,0,0,0
1216,72353245,KSP0900,19-00017416,20190514,1542,,MALL,,RD,,,0,098 CR-1037,CR1037,Y,N,NULL,NULL,NULL,N,NULL,NULL,NULL,NULL,NULL,NULL,0.392,NULL,NULL,NULL,NULL,,NULL,0,0,2,2,N,N,,NULL,98,9834,NULL,,Y,37.65613,-82.27146,N,NULL,NULL,NULL,NULL,NULL,NULL,NULL,NULL,5,97,1,6,1,1,2,2,1,3,N,NULL,Y,N,1658,1705,1705,N,NULL,90,,,N,,N,N,098-CR-1037-0,NULL,NULL,2019,O,7.24E+11,098-CR-1037  -000,HIGH,098-CR-1037  -000,0.392,0,0,0,0,0,0,1,0,0,0,0,0,0,0
1217,72427299,980100,2.02E+11,20191027,229,,HUFFMAN,,AVE,,,,,,Y,N,NULL,NULL,NULL,N,NULL,NULL,NULL,NULL,NULL,NULL,0.174,NULL,NULL,NULL,NULL,,NULL,0,0,2,2,N,Y,5,NULL,98,9801,NULL,,Y,37.47836,-82.51963,N,NULL,NULL,NULL,NULL,NULL,NULL,NULL,NULL,2,97,1,6,1,1,2,5,1,3,N,NULL,Y,N,229,231,231,N,NULL,90,,,N,,N,N,,NULL,NULL,2019,O,7.24E+11,098-CS-1123  -000,HIGH,098-CS-1123  -000,0.174,0,0,0,0,0,0,1,0,0,0,0,0,0,1
1218,72440770,KSP0900,2019-45546,20191118,2030,,US119,,,US0119,US0119,0,098 US-119,US0119,Y,N,NULL,NULL,NULL,N,NULL,NULL,NULL,NULL,NULL,NULL,23.637,NULL,NULL,NULL,NULL,,NULL,0,0,1,1,N,N,5,NULL,98,9836,NULL,,Y,37.65125,-82.26788,N,NULL,NULL,NULL,NULL,NULL,NULL,NULL,NULL,9,97,2,6,1,1,2,6,1,3,N,NULL,N,Y,2030,203,2030,N,NULL,90,2,1,N,,N,Y,098-US-0119-0,NULL,NULL,2019,O,7.24E+11,098-US-0119  -000,HIGH,098-US-0119  -000,23.637,0,0,0,0,0,0,0,0,0,0,0,1,0,0