OBJECTID,MasterFile,AgencyORINumber,LocalCode,CollisionDate,CollisionTime,CollisionDayWeekCode,RoadwayName,RoadwayName_Direction_,RoadwayName_RoadwaySuffix_,RoadwayfromReport,CurrentRoadwayNumber,RoadwayNumberCoupletID,RSEUniqueGIS,RoadwayIdentifier,ParkingLotIndicator,IntersectionWith_Indicator_,IntersectionWith_NameRoadway_,IntersectionWith_Direction_,IntersectionWith_RoadwaySuffix_,BetweenStreets_Indicator_,BetweenStreets1_NameRoadway_,BetweenStreet1_Direction_,BetweenStreets1_RoadwaySuffix_,BetweenStreets2_NameRoadway_,BetweenStreets2_Direction_,BetweenStreets2_RoadwaySuffix_,Milepoint,ReportMilepointDeriveNumber,CurrentDerivedMiepointNumber,MilestoMilepoint,FeettoMilepoint,DirectionfromMilepoint_NSEW_,ValidMilepointIndicator,NumberInjured,NumberKilled,ofUnits,ofMotorVehicleUnits,Hit&RunIndicator,OneWayIndicator,SpeedLimitNumber,KilometersIndicator,CountyCode,CityCountyCode,MilesFromCity,DirectionFromCity_NSEW_,InCityLimitsIndicator,Latitude,Longitude,RampIndicator,RampFromIdentifier,RampFromDirCode,RampFromCoupletID,RSEUniqueGISRampFrom,RampToidentifier,RampToDirCode,RampToCoupletID,RSEUniqueGisRampTo,MannerofCollisionCode,LocationFirstEventCode,TotalLanes,RoadwayCharacterCode,RoadwaySurfaceCode,RoadwayConditionCode,WeatherCode,LightConditionCode,LandUseCode,SchoolBusRelatedCode,FirstAidSceneIndicator,CollDescPresentInd,InvestigationCompleteIndicator,PhotosTakenIndicator,TimeNotified,TimeArrived,TimeRoadwayOpened,PropertyDamageIndicator,DiagramPresentIndicator,DirectionalAnalysis,FunctionClassCode,NationalHwySysCode,EnforcementsIndicator,KARSCityCode,SecondaryCollisionIndicator,MedianCrossoverIndicator,RT_UNIQUE,MapIt,TimeLastLeft,YR,KABCO,MFNY,WorkingRID,RT_CONFIDENCE,KTC_RT,KTC_MP,Motorcyclist,Commercial Vehicle,Young Driver,Mature Driver,Pedestrian,Bicyclist,Distracted,Aggressive,Impaired,Unrestrained,Intersection,Roadway Departure,Median Cross-over,City Crash
1219,72367310,980100,2.02E+11,20190616,725,,BYPASS,S,RD,KY1426,KY1426,,,,N,N,NULL,NULL,NULL,N,NULL,NULL,NULL,NULL,NULL,NULL,5.717,NULL,NULL,NULL,NULL,,NULL,0,0,2,2,N,N,35,NULL,98,9801,NULL,,Y,37.47293,-82.52239,N,NULL,NULL,NULL,NULL,NULL,NULL,NULL,NULL,1,3,2,6,1,1,2,2,1,3,N,NULL,Y,N,725,732,735,N,NULL,55,,0,N,,N,N,,NULL,NULL,2019,O,7.24E+11,098-KY-1426  -000,HIGH,098-KY-1426  -000,5.717,0,0,0,0,0,0,0,0,0,0,0,0,0,1
1220,72333657,KSP0900,19-9020,20190319,1545,,SMITH FORK,,RD,KY3419,KY3419,0,098 KY-3419,KY3419,N,N,NULL,NULL,NULL,N,NULL,NULL,NULL,NULL,NULL,NULL,3.491,NULL,NULL,NULL,NULL,,NULL,0,0,2,2,Y,N,55,NULL,98,9804,NULL,,Y,37.47039,-82.19174,N,NULL,NULL,NULL,NULL,NULL,NULL,NULL,NULL,2,7,2,6,1,1,2,2,1,3,N,NULL,Y,N,1545,1930,1545,N,NULL,47,9,0,N,,N,N,098-KY-3419-0,NULL,NULL,2019,O,7.23E+11,098-KY-3419  -000,HIGH,098-KY-3419  -000,3.491,0,0,0,0,0,0,1,0,0,1,0,0,0,0
1221,72320908,980100,2.02E+11,20190220,1145,,HAMBLEY,,BLVD,,,0,098 CS-1222,CS1222,N,N,NULL,NULL,NULL,N,NULL,NULL,NULL,NULL,NULL,NULL,0.108,NULL,NULL,NULL,NULL,,NULL,0,0,2,2,N,N,35,NULL,98,9801,NULL,,Y,37.4748,-82.5249,N,NULL,NULL,NULL,NULL,NULL,NULL,NULL,NULL,8,3,2,6,1,1,2,2,1,3,N,NULL,Y,N,720,724,755,N,NULL,53,,,N,,N,N,098-CS-1222-0,NULL,NULL,2019,O,7.23E+11,098-CS-1222  -000,HIGH,098-CS-1222  -000,0.108,0,0,0,0,0,0,0,0,0,0,0,1,0,1
1222,72373130,980100,2.02E+11,20190625,1158,,BYPASS,S,RD,KY1426,KY1426,,,,Y,N,NULL,NULL,NULL,N,NULL,NULL,NULL,NULL,NULL,NULL,5.674,NULL,NULL,NULL,NULL,,NULL,0,0,2,2,Y,N,,NULL,98,9801,NULL,,Y,37.4727,-82.52312,N,NULL,NULL,NULL,NULL,NULL,NULL,NULL,NULL,2,97,,6,2,1,2,2,1,3,N,NULL,Y,N,1158,1204,1204,N,NULL,90,,0,Y,,N,N,,NULL,NULL,2019,O,7.24E+11,098-KY-1426  -000,HIGH,098-KY-1426  -000,5.674,0,0,0,1,0,0,1,0,0,0,0,0,0,1
1223,72354304,980100,2.02E+11,20190517,1759,,HAMBLEY,,BLVD,,,,,,N,N,NULL,NULL,NULL,N,NULL,NULL,NULL,NULL,NULL,NULL,0.573,NULL,NULL,NULL,NULL,,NULL,0,0,2,2,N,N,25,NULL,98,9801,NULL,,Y,37.47962,-82.51945,N,NULL,NULL,NULL,NULL,NULL,NULL,NULL,NULL,5,3,2,6,1,1,2,2,1,3,N,NULL,Y,N,1759,1804,,N,NULL,49,,,N,,N,N,,NULL,NULL,2019,O,7.24E+11,098-CS-1222  -000,MEDIUM,098-CS-1222  -000,0.573,0,0,0,0,0,0,1,0,0,0,0,0,0,1
1224,72308916,980100,2.02E+11,20190128,1235,,BYPASS,S,RD,KY1426,KY1426,,,,N,Y,HAROLDS BRANCH,,RD,N,NULL,NULL,NULL,NULL,NULL,NULL,5.699,NULL,NULL,NULL,NULL,,NULL,0,0,2,2,N,N,45,NULL,98,9801,NULL,,Y,37.47282,-82.52271,N,NULL,NULL,NULL,NULL,NULL,NULL,NULL,NULL,5,3,2,6,1,1,2,2,7,3,N,NULL,Y,N,1235,1241,1241,N,NULL,35,,0,N,,N,N,,NULL,NULL,2019,O,7.23E+11,098-KY-1426  -000,HIGH,098-KY-1426  -000,5.699,0,0,0,1,0,0,1,0,0,0,1,0,0,1
1225,72355884,980000,1905002,20190520,1105,,KY632,,,KY0632,KY0632,0,098 KY-632,KY0632,Y,N,NULL,NULL,NULL,N,NULL,NULL,NULL,NULL,NULL,NULL,13.421,NULL,NULL,NULL,NULL,,NULL,0,0,2,2,N,N,35,NULL,98,9804,NULL,,Y,37.51001,-82.15956,N,NULL,NULL,NULL,NULL,NULL,NULL,NULL,NULL,2,97,2,4,1,1,2,2,5,3,N,NULL,Y,Y,1120,1155,,N,NULL,90,6,0,N,,N,N,098-KY-0632-0,NULL,NULL,2019,O,7.24E+11,098-KY-0632  -000,HIGH,098-KY-0632  -000,13.421,0,0,0,0,0,0,0,0,0,0,0,0,0,0
1226,72367239,KSP0900,2019-21768,20190612,920,,KY194,,,KY0194,KY0194,,,,N,N,NULL,NULL,NULL,N,NULL,NULL,NULL,NULL,NULL,NULL,28.696,NULL,NULL,NULL,NULL,,NULL,0,0,2,2,N,N,45,NULL,98,9850,NULL,,Y,37.47107,-82.35347,N,NULL,NULL,NULL,NULL,NULL,NULL,NULL,NULL,1,3,3,6,1,1,2,2,7,3,N,NULL,N,N,900,922,930,N,NULL,55,7,0,N,,N,N,,NULL,NULL,2019,O,7.24E+11,098-KY-0194  -000,HIGH,098-KY-0194  -000,28.696,0,0,0,1,0,0,1,1,0,0,0,0,0,0
1227,72371655,KSP0900,18166,20190519,2008,,KY194,,,KY0194,KY0194,0,098 KY-194,KY0194,N,N,NULL,NULL,NULL,N,NULL,NULL,NULL,NULL,NULL,NULL,11.405,NULL,NULL,NULL,NULL,,NULL,0,1,1,1,N,N,45,NULL,98,9801,NULL,,Y,37.5996,-82.50864,N,NULL,NULL,NULL,NULL,NULL,NULL,NULL,NULL,9,5,2,6,1,1,2,3,1,3,N,NULL,N,Y,2057,2129,16,N,NULL,40,7,0,N,,Y,Y,098-KY-0194-0,NULL,NULL,2019,K,7.24E+11,098-KY-0194  -000,HIGH,098-KY-0194  -000,11.405,0,0,0,0,0,0,0,0,1,1,0,1,0,0
1228,72409433,KSP0900,19-34162,20190902,1406,,SYCAMORE,,HL,,,0,098 CR-1821,CR1821,N,N,NULL,NULL,NULL,N,NULL,NULL,NULL,NULL,NULL,NULL,0.082,NULL,NULL,NULL,NULL,,NULL,1,0,1,1,N,N,15,NULL,98,9811,NULL,,Y,37.56046,-82.14582,N,NULL,NULL,NULL,NULL,NULL,NULL,NULL,NULL,9,3,1,4,3,1,2,2,7,3,Y,NULL,Y,Y,1406,1515,1530,N,NULL,44,,,N,,N,N,098-CR-1821-0,NULL,NULL,2019,B,7.24E+11,098-CR-1821  -000,HIGH,098-CR-1821  -000,0.082,0,0,0,0,0,0,0,0,0,0,0,1,0,0
1229,72464669,KSP0900,20-983,20200108,553,,STATE HIGHWAY 292,E,,,,0,098 CR-1061,CR1061,N,N,NULL,NULL,NULL,N,NULL,NULL,NULL,NULL,NULL,NULL,0.002,NULL,NULL,NULL,NULL,,NULL,0,0,1,1,N,N,45,NULL,98,9893,NULL,,Y,37.62708,-82.21772,N,NULL,NULL,NULL,NULL,NULL,NULL,NULL,NULL,9,3,1,3,1,2,3,6,7,3,N,NULL,Y,N,545,604,718,N,NULL,44,,,N,,N,N,098-CR-1061-0,NULL,NULL,2020,O,7.25E+11,098-CR-1061  -000,HIGH,098-CR-1061  -000,0.002,0,0,0,0,0,0,1,0,0,0,0,1,0,0
1230,72390288,KSP0900,19-30265,20190807,1707,,US460,,,US0460,US0460,0,098 US-460,US0460,N,N,NULL,NULL,NULL,N,NULL,NULL,NULL,NULL,NULL,NULL,0.914,NULL,NULL,NULL,NULL,,NULL,0,0,1,1,N,N,55,NULL,98,9801,1,S,N,37.43163,-82.50504,N,NULL,NULL,NULL,NULL,NULL,NULL,NULL,NULL,9,3,2,6,1,1,2,2,7,3,N,NULL,Y,N,1702,1712,1728,N,NULL,70,,1,Y,,N,N,098-US-0460-0,NULL,NULL,2019,O,7.24E+11,098-US-0460  -000,HIGH,098-US-0460  -000,0.914,0,0,0,0,0,0,0,0,1,0,0,1,0,0
1231,72418916,980000,19-09-010,20190924,1550,,COON,,BR,,,0,098 CR-1302,CR1302,N,N,NULL,NULL,NULL,N,NULL,NULL,NULL,NULL,NULL,NULL,1.673,NULL,NULL,NULL,NULL,,NULL,0,0,2,2,N,N,55,NULL,98,9801,2.5,W,N,37.45038,-82.57298,N,NULL,NULL,NULL,NULL,NULL,NULL,NULL,NULL,7,3,1,6,3,1,2,2,7,1,N,NULL,N,Y,1601,1623,1722,N,NULL,54,,,N,,N,N,098-CR-1302-0,NULL,NULL,2019,O,7.24E+11,098-CR-1302  -000,HIGH,098-CR-1302  -000,1.673,0,0,0,0,0,0,1,0,0,1,0,1,0,0
1232,72383100,KSP0900,19-27655,20190720,2120,,BIG BRANCH,,RD,KY1469,KY1469,0,098 KY-1469,KY1469,N,N,NULL,NULL,NULL,N,NULL,NULL,NULL,NULL,NULL,NULL,2.497,NULL,NULL,NULL,NULL,,NULL,0,0,2,2,N,N,35,NULL,98,9827,NULL,,Y,37.27063,-82.68927,N,NULL,NULL,NULL,NULL,NULL,NULL,NULL,NULL,3,3,2,1,1,5,2,3,7,3,N,NULL,Y,N,2120,2129,2129,N,NULL,52,8,0,N,,N,N,098-KY-1469-0,NULL,NULL,2019,O,7.24E+11,098-KY-1469  -000,HIGH,098-KY-1469  -000,2.497,0,0,1,0,0,0,1,0,0,0,0,1,0,0
1233,72364145,980000,1906002,20190608,2104,,PETER FORK,,RD,,,0,098 CR-1527,CR1527,N,N,NULL,NULL,NULL,N,NULL,NULL,NULL,NULL,NULL,NULL,1.739,NULL,NULL,NULL,NULL,,NULL,0,0,2,2,N,N,15,NULL,98,9863,NULL,,Y,37.57122,-82.16267,N,NULL,NULL,NULL,NULL,NULL,NULL,NULL,NULL,8,3,1,5,1,1,2,6,7,3,N,NULL,Y,Y,2104,2125,2145,N,NULL,53,,,N,,N,N,098-CR-1527-0,NULL,NULL,2019,O,7.24E+11,098-CR-1527  -000,HIGH,098-CR-1527  -000,1.739,0,0,0,0,0,0,0,1,0,0,0,1,0,0
1234,72407514,980100,2.02E+11,20190914,1022,,US23,,,US0023,US0023,,,,N,N,NULL,NULL,NULL,N,NULL,NULL,NULL,NULL,NULL,NULL,19.135,NULL,NULL,NULL,NULL,,NULL,0,0,2,2,N,N,55,NULL,98,9801,NULL,,Y,37.44232,-82.50577,N,NULL,NULL,NULL,NULL,NULL,NULL,NULL,NULL,8,3,4,6,1,1,2,2,7,3,N,NULL,Y,N,1022,1027,1027,N,NULL,53,,1,N,,N,N,,NULL,NULL,2019,O,7.24E+11,098-US-0023  -000,MEDIUM,098-US-0023  -000,19.135,0,0,0,0,0,0,1,0,0,0,0,1,0,1
1235,72457316,980000,19-12-004,20191206,1035,,OWSLEY,,RD,KY1384,KY1384,0,098 KY-1384,KY1384,N,N,NULL,NULL,NULL,N,NULL,NULL,NULL,NULL,NULL,NULL,0.211,NULL,NULL,NULL,NULL,,NULL,0,0,2,2,Y,N,35,NULL,98,9858,NULL,,Y,37.5299,-82.6164,N,NULL,NULL,NULL,NULL,NULL,NULL,NULL,NULL,1,3,2,1,1,5,6,2,7,3,N,NULL,Y,Y,1035,1115,1115,N,NULL,55,,0,Y,,N,N,098-KY-1384-0,NULL,NULL,2019,O,7.25E+11,098-KY-1384  -000,HIGH,098-KY-1384  -000,0.211,0,0,0,0,0,0,0,1,1,1,0,0,0,0
1236,72343689,980100,2.02E+11,20190423,1310,,CASSIDY,,BLVD,,,,,,Y,N,NULL,NULL,NULL,N,NULL,NULL,NULL,NULL,NULL,NULL,0.189,NULL,NULL,NULL,NULL,,NULL,0,0,2,2,N,N,15,NULL,98,9801,NULL,,Y,37.50393,-82.53508,N,NULL,NULL,NULL,NULL,NULL,NULL,NULL,NULL,8,97,1,6,1,1,2,2,1,3,N,NULL,Y,N,1310,1317,1317,N,NULL,90,,,N,,N,N,,NULL,NULL,2019,O,7.23E+11,098-CS-1191  -000,MEDIUM,098-CS-1191  -000,0.189,0,0,0,1,0,0,1,0,0,0,0,0,0,1
1237,72312884,980100,2.02E+11,20190206,924,,US23,,,US0023,US0023,0,098 US-23,US0023,N,Y,KY3227 TURN LANE,,,N,NULL,NULL,NULL,NULL,NULL,NULL,27.394,NULL,NULL,NULL,NULL,,NULL,0,0,2,2,N,N,55,NULL,98,9801,NULL,,Y,37.51103,-82.54903,N,NULL,NULL,NULL,NULL,NULL,NULL,NULL,NULL,1,3,4,6,1,5,3,2,1,3,N,NULL,Y,N,926,931,952,N,NULL,10,,1,N,,N,N,098-US-0023-0,NULL,NULL,2019,O,7.23E+11,098-US-0023  -000,HIGH,098-US-0023  -000,27.394,0,0,0,1,0,0,0,1,0,0,1,0,0,1
1238,72383001,KSP0900,19-27648,20190720,1938,,RIGHT FORK OF COWPEN,,RD,,,0,098 CR-1321Q4,CR1321Q4,N,N,NULL,NULL,NULL,N,NULL,NULL,NULL,NULL,NULL,NULL,0.053,NULL,NULL,NULL,NULL,,NULL,0,0,2,2,N,N,25,NULL,98,9807,NULL,,Y,37.54543,-82.56095,N,NULL,NULL,NULL,NULL,NULL,NULL,NULL,NULL,1,3,2,3,1,1,2,2,7,3,N,NULL,N,Y,1938,2001,,N,NULL,55,,,N,,N,N,098-CR-1321Q4-0,NULL,NULL,2019,O,7.24E+11,098-CR-1321Q4-000,HIGH,098-CR-1321Q4-000,0.053,0,0,0,0,0,0,0,0,0,0,0,0,0,0
1239,72393562,980500,2019AR056,20190813,519,,MAYO TRAIL,N,,,,,,,Y,N,NULL,NULL,NULL,N,NULL,NULL,NULL,NULL,NULL,NULL,,NULL,NULL,NULL,NULL,NULL,NULL,0,0,2,2,Y,N,15,NULL,98,9801,NULL,,Y,37.52411,-82.57311,N,NULL,NULL,NULL,NULL,NULL,NULL,NULL,NULL,8,7,,6,1,1,2,2,1,3,N,NULL,Y,N,1715,1719,,N,NULL,90,,,N,,N,N,,NULL,NULL,2019,O,7.24E+11,098-US-0023  -010,MEDIUM,098-US-0023  -000,29.049,0,0,0,0,0,0,1,0,0,0,0,0,0,0
1240,72322147,980100,2.02E+11,20190301,1217,,NORTH MAYO TRAIL,,,,,,,,N,N,NULL,NULL,NULL,N,NULL,NULL,NULL,NULL,NULL,NULL,,NULL,NULL,NULL,NULL,NULL,NULL,1,0,3,3,N,N,35,NULL,98,9801,NULL,,Y,37.48691,-82.54237,N,NULL,NULL,NULL,NULL,NULL,NULL,NULL,NULL,1,3,2,6,1,5,6,2,8,3,Y,NULL,Y,Y,1217,1222,1250,N,NULL,55,,,N,,N,N,,NULL,NULL,2019,C,7.23E+11,098-KY-3495  -000,MEDIUM,098-KY-3495  -000,0.045,0,0,0,0,0,0,0,1,0,0,0,0,0,1
1241,72326301,KSP0900,197416,20190307,621,,US460,,,US0460,US0460,0,098 US-460,US0460,N,N,NULL,NULL,NULL,N,NULL,NULL,NULL,NULL,NULL,NULL,11.467,NULL,NULL,NULL,NULL,,NULL,1,0,1,1,N,N,55,NULL,98,9827,3,S,N,37.35739,-82.39076,N,NULL,NULL,NULL,NULL,NULL,NULL,NULL,NULL,9,3,2,3,1,2,2,2,7,3,N,NULL,Y,Y,627,645,720,N,NULL,70,,1,N,,N,N,098-US-0460-0,NULL,NULL,2019,C,7.23E+11,098-US-0460  -000,HIGH,098-US-0460  -000,11.467,0,0,0,0,0,0,0,0,0,0,0,1,0,0
1242,72848988,KSP0900,22-466980,20221207,745,,BIG CREEK,E,RD,KY3220,KY3220,0,098 KY-3220,KY3220,N,N,NULL,NULL,NULL,N,NULL,NULL,NULL,NULL,NULL,NULL,1.449,NULL,NULL,NULL,NULL,,NULL,2,0,1,1,N,N,35,NULL,98,9833,NULL,,Y,37.6158,-82.34528,N,NULL,NULL,NULL,NULL,NULL,NULL,NULL,NULL,9,3,2,3,1,6,6,2,7,3,Y,NULL,Y,Y,745,800,900,N,NULL,44,8,0,N,,N,N,098-KY-3220-0,NULL,NULL,2022,B,7.28E+11,098-KY-3220  -000,HIGH,098-KY-3220  -000,1.449,0,0,0,0,0,0,1,0,0,0,0,1,0,0
1243,72325514,KSP0900,19-7345,20190306,1506,,KY1426,,,KY1426,KY1426,0,098 KY-1426,KY1426,N,N,NULL,NULL,NULL,N,NULL,NULL,NULL,NULL,NULL,NULL,14.674,NULL,NULL,NULL,NULL,,NULL,0,0,2,2,N,N,35,NULL,98,9820,NULL,,Y,37.56356,-82.46114,N,NULL,NULL,NULL,NULL,NULL,NULL,NULL,NULL,5,7,1,6,1,1,2,2,7,3,N,NULL,Y,N,1506,1536,1536,N,NULL,49,7,0,N,,N,N,098-KY-1426-0,NULL,NULL,2019,O,7.23E+11,098-KY-1426  -000,HIGH,098-KY-1426  -000,14.674,0,0,1,0,0,0,0,0,0,0,0,0,0,0
1244,72327076,980000,19-03-004,20190307,2035,,US119,,,US0119,US0119,0,098 US-119,US0119,N,N,NULL,NULL,NULL,N,NULL,NULL,NULL,NULL,NULL,NULL,24.345,NULL,NULL,NULL,NULL,,NULL,3,0,2,2,N,N,55,NULL,98,9834,NULL,,Y,37.65988,-82.27323,N,NULL,NULL,NULL,NULL,NULL,NULL,NULL,NULL,4,3,4,6,1,1,2,6,7,3,Y,NULL,Y,Y,2010,2035,2045,N,NULL,70,2,1,N,,N,N,098-US-0119-0,NULL,NULL,2019,B,7.23E+11,098-US-0119  -000,HIGH,098-US-0119  -000,24.345,0,0,0,0,0,0,0,1,0,0,0,0,0,0
1245,72362766,980000,1906001,20190605,1028,,KY195,,,KY0195,KY0195,0,098 KY-195,KY0195,N,N,NULL,NULL,NULL,N,NULL,NULL,NULL,NULL,NULL,NULL,6.932,NULL,NULL,NULL,NULL,,NULL,0,0,1,1,N,N,35,NULL,98,9802,10,W,N,37.32867,-82.45254,N,NULL,NULL,NULL,NULL,NULL,NULL,NULL,NULL,9,3,2,3,1,5,6,2,7,3,N,NULL,Y,Y,1028,1102,1245,N,NULL,44,7,0,N,,N,N,098-KY-0195-0,NULL,NULL,2019,O,7.24E+11,098-KY-0195  -000,HIGH,098-KY-0195  -000,6.932,0,0,0,1,0,0,1,0,0,0,0,1,0,0
1246,72312112,980500,2019AR011,20190204,2040,,CHURCH,,ST,,,0,098 CS-3002,CS3002,Y,N,NULL,NULL,NULL,N,NULL,NULL,NULL,NULL,NULL,NULL,,NULL,NULL,NULL,NULL,NULL,NULL,0,0,2,2,N,N,15,NULL,98,9807,NULL,,Y,37.51585,-82.56371,N,NULL,NULL,NULL,NULL,NULL,NULL,NULL,NULL,2,97,2,6,1,1,3,7,1,3,N,NULL,Y,N,2040,2042,2058,N,NULL,90,,,N,,N,N,098-CS-3002-0,NULL,NULL,2019,O,7.23E+11,098-CS-3002  -000,HIGH,098-CS-3002  -000,0.045,0,0,0,0,0,0,1,0,0,0,0,0,0,0
1247,72453563,KSP0900,19-49406,20191219,840,,DORTON-JENKINS,,HWY,KY0805,KY0805,0,098 KY-805,KY0805,N,N,NULL,NULL,NULL,N,NULL,NULL,NULL,NULL,NULL,NULL,2.66,NULL,NULL,NULL,NULL,,NULL,1,0,1,1,N,N,35,NULL,98,9809,NULL,,Y,37.22754,-82.56758,N,NULL,NULL,NULL,NULL,NULL,NULL,NULL,NULL,9,5,2,1,1,1,2,2,7,3,Y,NULL,Y,Y,840,855,,N,NULL,51,7,0,Y,,N,N,098-KY-0805-0,NULL,NULL,2019,B,7.25E+11,098-KY-0805  -000,HIGH,098-KY-0805  -000,2.66,0,0,0,0,0,0,0,0,0,1,0,1,0,0
1248,72341804,KSP0900,2019-13275,20190417,813,,US119,,,US0119,US0119,0,098 US-119-10,US0119,N,N,NULL,NULL,NULL,N,NULL,NULL,NULL,NULL,NULL,NULL,3.018,NULL,NULL,NULL,NULL,,NULL,0,0,3,3,N,N,55,NULL,98,9801,NULL,,Y,37.51413,-82.48123,N,NULL,NULL,NULL,NULL,NULL,NULL,NULL,NULL,5,3,2,5,1,1,2,2,3,3,N,NULL,Y,Y,815,843,843,N,NULL,49,2,1,N,,N,N,098-US-0119-10,NULL,NULL,2019,O,7.23E+11,098-US-0119  -010,HIGH,098-US-0119  -000,3.018,0,0,0,0,0,0,1,0,0,0,0,0,0,0
1249,72412006,980000,1909009,20190921,2300,,FISHTRAP,,RD,,,0,098 CR-1232Q3,CR1232Q3,N,N,NULL,NULL,NULL,N,NULL,NULL,NULL,NULL,NULL,NULL,0.639,NULL,NULL,NULL,NULL,,NULL,0,0,1,1,Y,N,45,NULL,98,9817,NULL,,Y,37.4369,-82.41612,N,NULL,NULL,NULL,NULL,NULL,NULL,NULL,NULL,9,97,2,6,1,1,2,6,5,3,N,NULL,N,Y,1800,1930,1931,N,NULL,70,,,N,,N,N,098-CR-1232Q3-0,NULL,NULL,2019,O,7.24E+11,098-CR-1232Q3-000,HIGH,098-CR-1232Q3-000,0.639,0,0,0,0,0,0,0,0,0,0,0,0,0,0
1250,72459062,980500,2020AR001,20200103,1125,,COUNTRY MUSIC HIGHWAY,,,,,,,,N,N,NULL,NULL,NULL,N,NULL,NULL,NULL,NULL,NULL,NULL,,NULL,NULL,NULL,NULL,NULL,NULL,0,0,2,2,N,N,45,NULL,98,9807,NULL,,Y,37.52174,-82.5697,N,NULL,NULL,NULL,NULL,NULL,NULL,NULL,NULL,8,3,6,6,1,5,6,2,7,3,N,NULL,Y,Y,1125,1130,1132,N,NULL,53,,,N,,N,N,,NULL,NULL,2020,O,7.25E+11,098-US-0023  -000,MEDIUM,098-US-0023  -000,28.807,0,0,0,1,0,0,0,0,0,0,0,1,0,0
1251,72502650,KSP0900,20-18709,20200519,622,,ELKHORN,,CRK,KY0197,KY0197,0,098 KY-197,KY0197,N,N,NULL,NULL,NULL,N,NULL,NULL,NULL,NULL,NULL,NULL,12.617,NULL,NULL,NULL,NULL,,NULL,0,0,1,1,Y,N,55,NULL,98,9802,4,S,N,37.27763,-82.39767,N,NULL,NULL,NULL,NULL,NULL,NULL,NULL,NULL,9,97,2,6,1,5,6,6,5,3,N,NULL,N,N,622,645,,Y,NULL,40,7,0,N,,N,N,098-KY-0197-0,NULL,NULL,2020,O,7.25E+11,098-KY-0197  -000,HIGH,098-KY-0197  -000,12.617,0,0,0,0,0,0,0,0,0,0,0,1,0,0
1252,72369760,980100,2.02E+11,20190618,929,,RIVER,,DR,,,0,098 CS-1054,CS1054,Y,N,NULL,NULL,NULL,N,NULL,NULL,NULL,NULL,NULL,NULL,,NULL,NULL,NULL,NULL,NULL,NULL,0,0,1,1,N,N,,NULL,98,9801,NULL,,Y,37.4731,-82.52587,N,NULL,NULL,NULL,NULL,NULL,NULL,NULL,NULL,9,97,1,6,1,5,6,2,1,3,N,NULL,Y,N,929,930,,Y,NULL,90,,,N,,N,N,098-CS-1054-0,NULL,NULL,2019,O,7.24E+11,098-CS-1054  -000,HIGH,098-CS-1054  -000,0.271,0,0,0,0,0,0,0,0,0,1,0,1,0,0
1253,72372663,KSP0900,19-23213,20190622,920,,GOODY,,LOOP,,,0,098 PR-1024,PR1024,Y,N,NULL,NULL,NULL,N,NULL,NULL,NULL,NULL,NULL,NULL,0.008,NULL,NULL,NULL,NULL,,NULL,0,0,2,2,N,N,,NULL,98,9834,NULL,,Y,37.66,-82.27316,N,NULL,NULL,NULL,NULL,NULL,NULL,NULL,NULL,2,97,,6,1,1,2,2,1,3,N,NULL,Y,N,920,942,942,N,NULL,90,,,N,,N,N,098-PR-1024-0,NULL,NULL,2019,O,7.24E+11,098-PR-1024  -000,HIGH,098-PR-1024  -000,0.008,0,0,0,1,0,0,1,0,0,0,0,0,0,0
1254,72498854,KSP0900,20-16600,20200504,103,,KY194,,,KY0194,KY0194,0,098 KY-194,KY0194,N,N,NULL,NULL,NULL,N,NULL,NULL,NULL,NULL,NULL,NULL,18.618,NULL,NULL,NULL,NULL,,NULL,0,0,1,1,N,N,55,NULL,98,9817,NULL,,Y,37.56034,-82.41857,N,NULL,NULL,NULL,NULL,NULL,NULL,NULL,NULL,9,3,2,6,1,5,6,4,7,3,N,NULL,N,N,103,141,141,N,NULL,44,6,5,N,,Y,N,098-KY-0194-0,NULL,NULL,2020,O,7.25E+11,098-KY-0194  -000,HIGH,098-KY-0194  -000,18.618,0,0,0,0,0,0,0,0,0,0,0,1,0,0
1255,72444243,KSP0900,19-46039,20191123,1408,,FISHTRAP,,RD,KY1441,KY1441,0,098 KY-1441,KY1441,N,N,NULL,NULL,NULL,N,NULL,NULL,NULL,NULL,NULL,NULL,8.09,NULL,NULL,NULL,NULL,,NULL,0,0,1,1,N,N,35,NULL,98,9801,NULL,,Y,37.49226,-82.44097,N,NULL,NULL,NULL,NULL,NULL,NULL,NULL,NULL,9,4,2,3,1,5,6,2,6,3,N,NULL,N,N,1408,1434,,N,NULL,51,8,0,N,,N,N,098-KY-1441-0,NULL,NULL,2019,O,7.24E+11,098-KY-1441  -000,HIGH,098-KY-1441  -000,8.09,0,0,1,0,0,0,0,0,0,0,0,1,0,0
1256,72466937,980100,2.02E+11,20200121,1352,,US23,,,US0023,US0023,0,098 US-23-10,US0023,N,N,NULL,NULL,NULL,N,NULL,NULL,NULL,NULL,NULL,NULL,26.348,NULL,NULL,NULL,NULL,,NULL,3,0,2,2,N,N,55,NULL,98,9801,NULL,,Y,37.50455,-82.53248,N,NULL,NULL,NULL,NULL,NULL,NULL,NULL,NULL,5,3,4,6,1,1,2,2,1,3,Y,NULL,Y,Y,1352,1359,1510,N,NULL,49,,1,N,,N,N,098-US-0023-10,NULL,NULL,2020,C,7.25E+11,098-US-0023  -010,HIGH,098-US-0023  -000,26.348,0,0,0,1,0,0,0,0,0,1,0,0,0,1