OBJECTID,MasterFile,AgencyORINumber,LocalCode,CollisionDate,CollisionTime,CollisionDayWeekCode,RoadwayName,RoadwayName_Direction_,RoadwayName_RoadwaySuffix_,RoadwayfromReport,CurrentRoadwayNumber,RoadwayNumberCoupletID,RSEUniqueGIS,RoadwayIdentifier,ParkingLotIndicator,IntersectionWith_Indicator_,IntersectionWith_NameRoadway_,IntersectionWith_Direction_,IntersectionWith_RoadwaySuffix_,BetweenStreets_Indicator_,BetweenStreets1_NameRoadway_,BetweenStreet1_Direction_,BetweenStreets1_RoadwaySuffix_,BetweenStreets2_NameRoadway_,BetweenStreets2_Direction_,BetweenStreets2_RoadwaySuffix_,Milepoint,ReportMilepointDeriveNumber,CurrentDerivedMiepointNumber,MilestoMilepoint,FeettoMilepoint,DirectionfromMilepoint_NSEW_,ValidMilepointIndicator,NumberInjured,NumberKilled,ofUnits,ofMotorVehicleUnits,Hit&RunIndicator,OneWayIndicator,SpeedLimitNumber,KilometersIndicator,CountyCode,CityCountyCode,MilesFromCity,DirectionFromCity_NSEW_,InCityLimitsIndicator,Latitude,Longitude,RampIndicator,RampFromIdentifier,RampFromDirCode,RampFromCoupletID,RSEUniqueGISRampFrom,RampToidentifier,RampToDirCode,RampToCoupletID,RSEUniqueGisRampTo,MannerofCollisionCode,LocationFirstEventCode,TotalLanes,RoadwayCharacterCode,RoadwaySurfaceCode,RoadwayConditionCode,WeatherCode,LightConditionCode,LandUseCode,SchoolBusRelatedCode,FirstAidSceneIndicator,CollDescPresentInd,InvestigationCompleteIndicator,PhotosTakenIndicator,TimeNotified,TimeArrived,TimeRoadwayOpened,PropertyDamageIndicator,DiagramPresentIndicator,DirectionalAnalysis,FunctionClassCode,NationalHwySysCode,EnforcementsIndicator,KARSCityCode,SecondaryCollisionIndicator,MedianCrossoverIndicator,RT_UNIQUE,MapIt,TimeLastLeft,YR,KABCO,MFNY,WorkingRID,RT_CONFIDENCE,KTC_RT,KTC_MP,Motorcyclist,Commercial Vehicle,Young Driver,Mature Driver,Pedestrian,Bicyclist,Distracted,Aggressive,Impaired,Unrestrained,Intersection,Roadway Departure,Median Cross-over,City Crash
1257,72346455,KSP0900,19-14764,20190426,1712,,ELKHORN,,CRK,KY0197,KY0197,0,098 KY-197,KY0197,N,N,NULL,NULL,NULL,N,NULL,NULL,NULL,NULL,NULL,NULL,2.992,NULL,NULL,NULL,NULL,,NULL,0,0,2,2,N,N,55,NULL,98,9867,NULL,,Y,37.23087,-82.52766,N,NULL,NULL,NULL,NULL,NULL,NULL,NULL,NULL,8,3,2,3,1,5,2,2,7,3,N,NULL,Y,N,1715,1758,,N,NULL,53,7,0,N,,N,N,098-KY-0197-0,NULL,NULL,2019,O,7.23E+11,098-KY-0197  -000,HIGH,098-KY-0197  -000,2.992,0,0,0,0,0,0,0,0,0,0,0,1,0,0
1258,72411962,980100,2.02E+11,20190925,1719,,US23,,,US0023,US0023,0,098 US-23,US0023,N,N,NULL,NULL,NULL,N,NULL,NULL,NULL,NULL,NULL,NULL,26.283,NULL,NULL,NULL,NULL,,NULL,0,0,2,2,N,N,55,NULL,98,9801,NULL,,Y,37.50364,-82.53235,N,NULL,NULL,NULL,NULL,NULL,NULL,NULL,NULL,5,3,3,6,1,1,2,2,7,3,N,NULL,Y,N,1719,1725,1720,N,NULL,49,,1,Y,,N,N,098-US-0023-0,NULL,NULL,2019,O,7.24E+11,098-US-0023  -000,HIGH,098-US-0023  -000,26.283,0,0,0,0,0,0,1,0,0,0,0,0,0,1
1259,72349431,980500,2019AR034,20190501,1807,,MAIN,,ST,,,0,098 CS-3000,CS3000,Y,N,NULL,NULL,NULL,N,NULL,NULL,NULL,NULL,NULL,NULL,0.538,NULL,NULL,NULL,NULL,,NULL,0,0,2,2,N,N,15,NULL,98,9807,NULL,,Y,37.51962,-82.56747,N,NULL,NULL,NULL,NULL,NULL,NULL,NULL,NULL,2,97,1,5,1,1,2,2,1,3,N,NULL,Y,Y,1812,1824,1834,N,NULL,90,,,N,,N,N,098-CS-3000-0,NULL,NULL,2019,O,7.23E+11,098-CS-3000  -000,HIGH,098-CS-3000  -000,0.538,0,0,1,0,0,0,1,0,0,1,0,0,0,0
1260,72437171,KSP0900,19-43880,20191107,1500,,TOLER,,RD,KY0319,KY0319,0,098 KY-319,KY0319,N,N,NULL,NULL,NULL,N,NULL,NULL,NULL,NULL,NULL,NULL,4.668,NULL,NULL,NULL,NULL,,NULL,0,0,1,1,N,N,35,NULL,98,9842,NULL,,Y,37.61581,-82.24164,N,NULL,NULL,NULL,NULL,NULL,NULL,NULL,NULL,9,3,2,3,1,5,6,2,7,3,N,NULL,Y,N,1445,1500,1530,N,NULL,70,7,0,N,,N,N,098-KY-0319-0,NULL,NULL,2019,O,7.24E+11,098-KY-0319  -000,HIGH,098-KY-0319  -000,4.668,0,0,0,0,0,0,1,0,0,0,0,1,0,0
1261,72410863,980100,2.02E+11,20190922,1254,,US23,,,US0023,US0023,,,,N,N,NULL,NULL,NULL,N,NULL,NULL,NULL,NULL,NULL,NULL,26.587,NULL,NULL,NULL,NULL,,NULL,0,0,2,2,N,N,55,NULL,98,9801,NULL,,Y,37.50756,-82.53458,N,NULL,NULL,NULL,NULL,NULL,NULL,NULL,NULL,5,3,4,5,1,1,2,2,7,3,N,NULL,Y,N,1254,1258,1307,N,NULL,49,,1,N,,N,N,,NULL,NULL,2019,O,7.24E+11,098-US-0023  -010,MEDIUM,098-US-0023  -000,26.587,0,0,0,0,0,0,0,0,0,0,0,0,0,1
1262,72360570,980100,2.02E+11,20190531,2045,,US23,,,US0023,US0023,0,098 US-23,US0023,N,N,NULL,NULL,NULL,N,NULL,NULL,NULL,NULL,NULL,NULL,26.288,NULL,NULL,NULL,NULL,,NULL,0,0,2,2,N,N,55,NULL,98,9801,NULL,,Y,37.50372,-82.53215,N,NULL,NULL,NULL,NULL,NULL,NULL,NULL,NULL,2,3,4,6,1,1,2,2,7,3,N,NULL,Y,N,2045,2020,2050,N,NULL,56,,1,N,,N,N,098-US-0023-0,NULL,NULL,2019,O,7.24E+11,098-US-0023  -000,HIGH,098-US-0023  -000,26.288,0,0,0,1,0,0,1,0,0,0,0,0,0,1
1263,72330799,KSP0900,19-7443,20190307,1118,,MALL,,RD,,,0,098 CR-1037,CR1037,Y,N,NULL,NULL,NULL,N,NULL,NULL,NULL,NULL,NULL,NULL,0.341,NULL,NULL,NULL,NULL,,NULL,0,0,2,2,N,N,,NULL,98,9834,NULL,,Y,37.65619,-82.27195,N,NULL,NULL,NULL,NULL,NULL,NULL,NULL,NULL,5,97,1,6,1,1,3,2,1,3,N,NULL,Y,N,1202,1223,1240,N,NULL,90,,,N,,N,N,098-CR-1037-0,NULL,NULL,2019,O,7.23E+11,098-CR-1037  -000,HIGH,098-CR-1037  -000,0.341,0,0,0,0,0,0,1,0,0,0,0,0,0,0
1264,72414936,980100,2.02E+11,20191002,1017,,HAMBLEY,,BLVD,,,0,098 CS-1222,CS1222,N,N,NULL,NULL,NULL,N,NULL,NULL,NULL,NULL,NULL,NULL,0.567,NULL,NULL,NULL,NULL,,NULL,0,0,2,2,N,N,25,NULL,98,9801,NULL,,Y,37.47926,-82.51977,N,NULL,NULL,NULL,NULL,NULL,NULL,NULL,NULL,1,7,2,6,1,1,2,2,1,3,N,NULL,N,N,1017,1017,1017,N,NULL,47,,,N,,N,N,098-CS-1222-0,NULL,NULL,2019,O,7.24E+11,098-CS-1222  -000,HIGH,098-CS-1222  -000,0.567,0,0,1,0,0,0,0,0,0,0,0,0,0,1
1265,72344646,KSP0900,19-14582,20190425,1519,,US460,,,US0460,US0460,0,098 US-460,US0460,N,N,NULL,NULL,NULL,N,NULL,NULL,NULL,NULL,NULL,NULL,9.875,NULL,NULL,NULL,NULL,,NULL,2,0,2,2,N,N,55,NULL,98,9805,NULL,,Y,37.36386,-82.40718,N,NULL,NULL,NULL,NULL,NULL,NULL,NULL,NULL,5,3,2,6,1,1,3,2,7,3,Y,NULL,N,Y,1520,1526,,N,NULL,49,,1,Y,,N,N,098-US-0460-0,NULL,NULL,2019,C,7.23E+11,098-US-0460  -000,HIGH,098-US-0460  -000,9.875,0,0,0,1,0,0,1,0,1,0,0,0,0,0
1266,72334335,KSP0900,19-10881,20190401,2208,,UPPER BLACKBERRY,,RD,,,0,098 CR-1804,CR1804,N,N,NULL,NULL,NULL,N,NULL,NULL,NULL,NULL,NULL,NULL,0.804,NULL,NULL,NULL,NULL,,NULL,0,0,1,1,N,N,25,NULL,98,9879,NULL,,Y,37.5423,-82.21996,N,NULL,NULL,NULL,NULL,NULL,NULL,NULL,NULL,9,3,2,3,1,1,2,6,7,3,N,NULL,Y,N,2208,2221,2208,N,NULL,44,,,N,,N,N,098-CR-1804-0,NULL,NULL,2019,O,7.23E+11,098-CR-1804  -000,HIGH,098-CR-1804  -000,0.804,0,0,0,0,0,0,0,0,0,0,0,1,0,0
1267,72353360,KSP0900,19-17486,20190515,43,,KY80,,,KY0080,KY0080,0,098 KY-80,KY0080,N,N,NULL,NULL,NULL,N,NULL,NULL,NULL,NULL,NULL,NULL,1.257,NULL,NULL,NULL,NULL,,NULL,1,0,1,1,N,N,45,NULL,98,9802,NULL,,Y,37.32539,-82.36705,N,NULL,NULL,NULL,NULL,NULL,NULL,NULL,NULL,9,3,2,6,1,1,2,6,7,3,N,NULL,Y,N,46,152,,N,NULL,40,7,5,Y,,N,N,098-KY-0080-0,NULL,NULL,2019,B,7.24E+11,098-KY-0080  -000,HIGH,098-KY-0080  -000,1.257,0,0,0,0,0,0,0,0,1,1,0,1,0,0
1268,72316732,980100,2.02E+11,20190211,1417,,US23,,,US0023,US0023,0,098 US-23,US0023,N,N,NULL,NULL,NULL,N,NULL,NULL,NULL,NULL,NULL,NULL,24.836,NULL,NULL,NULL,NULL,,NULL,1,0,2,2,N,N,55,NULL,98,9801,NULL,,Y,37.48629,-82.54197,N,NULL,NULL,NULL,NULL,NULL,NULL,NULL,NULL,5,3,4,6,1,5,2,2,7,3,Y,NULL,Y,N,1417,1422,1449,N,NULL,49,,1,Y,,N,N,098-US-0023-0,NULL,NULL,2019,C,7.23E+11,098-US-0023  -000,HIGH,098-US-0023  -000,24.836,0,0,0,0,0,0,1,0,0,1,0,0,0,1
1269,72460652,KSP0900,20-00856,20200107,930,,LITTLE ROBINSON CREEK,,RD,KY3415,KY3415,0,098 KY-3415,KY3415,N,N,NULL,NULL,NULL,N,NULL,NULL,NULL,NULL,NULL,NULL,0.508,NULL,NULL,NULL,NULL,,NULL,0,0,1,1,N,N,45,NULL,98,9827,NULL,,Y,37.37032,-82.59103,N,NULL,NULL,NULL,NULL,NULL,NULL,NULL,NULL,9,3,2,6,1,4,9,2,7,3,N,NULL,Y,N,900,930,,N,NULL,44,9,0,N,,N,N,098-KY-3415-0,NULL,NULL,2020,O,7.25E+11,098-KY-3415  -000,HIGH,098-KY-3415  -000,0.508,0,0,1,0,0,0,0,0,0,0,0,1,0,0
1270,72330793,KSP0900,19-7288,20190306,530,,OLD US119,,,,,0,098 CR-1067,CR1067,N,N,NULL,NULL,NULL,N,NULL,NULL,NULL,NULL,NULL,NULL,0.017,NULL,NULL,NULL,NULL,,NULL,0,0,2,2,N,N,35,NULL,98,9836,NULL,,Y,37.63562,-82.25811,N,NULL,NULL,NULL,NULL,NULL,NULL,NULL,NULL,3,3,2,1,1,2,3,6,7,3,N,NULL,Y,N,538,722,800,N,NULL,52,,,N,,N,N,098-CR-1067-0,NULL,NULL,2019,O,7.23E+11,098-CR-1067  -000,HIGH,098-CR-1067  -000,0.017,0,0,0,0,0,0,0,0,0,0,0,1,0,0
1271,72375891,980100,2.02E+11,20190705,1750,,CASSIDY,,BLVD,,,0,098 CS-1191,CS1191,Y,N,NULL,NULL,NULL,N,NULL,NULL,NULL,NULL,NULL,NULL,0.053,NULL,NULL,NULL,NULL,,NULL,0,0,2,2,N,N,,NULL,98,9801,NULL,,Y,37.50368,-82.53301,N,NULL,NULL,NULL,NULL,NULL,NULL,NULL,NULL,1,97,2,6,1,1,2,2,1,3,N,NULL,Y,N,1750,1800,1800,N,NULL,90,,,N,,N,N,098-CS-1191-0,NULL,NULL,2019,O,7.24E+11,098-CS-1191  -000,HIGH,098-CS-1191  -000,0.053,0,0,0,1,0,0,0,0,0,0,0,0,0,1
1272,72336070,980100,2.02E+11,20190403,1444,,CASSIDY,,BLVD,,,,,,Y,N,NULL,NULL,NULL,N,NULL,NULL,NULL,NULL,NULL,NULL,0.322,NULL,NULL,NULL,NULL,,NULL,0,0,2,2,N,N,15,NULL,98,9801,NULL,,Y,37.50521,-82.53728,N,NULL,NULL,NULL,NULL,NULL,NULL,NULL,NULL,8,97,1,6,1,1,2,2,1,3,N,NULL,Y,N,1444,1459,1459,N,NULL,90,,,N,,N,N,,NULL,NULL,2019,O,7.23E+11,098-CS-1191  -000,HIGH,098-CS-1191  -000,0.322,0,0,0,0,0,0,1,0,0,0,0,0,0,1
1273,72383570,980100,2.02E+11,20190720,1800,,KY3496,,,KY3496,KY3496,,,,N,N,NULL,NULL,NULL,N,NULL,NULL,NULL,NULL,NULL,NULL,0.758,NULL,NULL,NULL,NULL,,NULL,0,0,2,2,Y,N,35,NULL,98,9801,NULL,,Y,37.47202,-82.5303,N,NULL,NULL,NULL,NULL,NULL,NULL,NULL,NULL,7,3,2,6,1,1,2,2,7,3,N,NULL,Y,N,1819,1825,2107,N,NULL,54,16,0,N,,N,N,,NULL,NULL,2019,O,7.24E+11,098-KY-3496  -000,HIGH,098-KY-3496  -000,0.758,0,0,0,0,0,0,0,0,1,0,0,1,0,1
1274,72342926,KSP0900,19-13840,20190420,1635,,US23,,,US0023,US0023,0,098 US-23,US0023,N,N,NULL,NULL,NULL,N,NULL,NULL,NULL,NULL,NULL,NULL,27.246,NULL,NULL,NULL,NULL,,NULL,0,0,2,2,N,N,55,NULL,98,9801,NULL,,Y,37.51054,-82.54617,N,NULL,NULL,NULL,NULL,NULL,NULL,NULL,NULL,5,3,4,6,1,5,3,2,7,3,N,NULL,Y,N,1630,1630,1634,N,NULL,49,,1,N,,N,N,098-US-0023-0,NULL,NULL,2019,O,7.23E+11,098-US-0023  -000,HIGH,098-US-0023  -000,27.246,0,0,1,0,0,0,1,0,0,0,0,0,0,1
1275,72303964,KSP0900,19-1734,20190117,1150,,KY194,,,KY0194,KY0194,0,098 KY-194,KY0194,N,N,NULL,NULL,NULL,N,NULL,NULL,NULL,NULL,NULL,NULL,25.875,NULL,NULL,NULL,NULL,,NULL,0,0,2,2,Y,N,55,NULL,98,9832,NULL,,Y,37.50536,-82.35812,N,NULL,NULL,NULL,NULL,NULL,NULL,NULL,NULL,7,3,2,3,1,1,3,2,7,3,N,NULL,N,N,1153,1219,1245,N,NULL,54,6,0,N,,N,N,098-KY-0194-0,NULL,NULL,2019,O,7.23E+11,098-KY-0194  -000,HIGH,098-KY-0194  -000,25.875,0,0,0,0,0,0,0,0,0,0,0,1,0,0
1276,72366179,980100,2.02E+11,20190612,1200,,SOUTH MAYO TRAIL,,,,,,,,Y,N,NULL,NULL,NULL,N,NULL,NULL,NULL,NULL,NULL,NULL,,NULL,NULL,NULL,NULL,NULL,NULL,0,0,2,2,Y,N,,NULL,98,9801,NULL,,Y,37.4664,-82.53114,N,NULL,NULL,NULL,NULL,NULL,NULL,NULL,NULL,1,97,,6,1,1,3,9,1,3,N,NULL,N,N,1345,1345,,N,NULL,90,,,N,,N,N,,NULL,NULL,2019,O,7.24E+11,098-KY-3496  -000,MEDIUM,098-KY-3496  -000,0.197,0,0,0,0,0,0,0,0,0,0,0,0,0,1
1277,72413010,980000,1909013,20190927,1258,,HWY 319,,,,,,,,N,N,NULL,NULL,NULL,N,NULL,NULL,NULL,NULL,NULL,NULL,,NULL,NULL,NULL,NULL,NULL,NULL,0,0,2,2,N,N,10,NULL,98,9852,3,N,N,37.63965,-82.25808,N,NULL,NULL,NULL,NULL,NULL,NULL,NULL,NULL,2,7,2,4,1,1,2,2,1,3,N,NULL,N,N,1326,1330,1355,N,NULL,47,,,N,,N,N,,NULL,NULL,2019,O,7.24E+11,098-KY-0319  -000,MEDIUM,098-KY-0319  -000,6.907,0,0,0,1,0,0,1,0,0,0,0,0,0,0
1278,72317433,KSP0900,19-5089,20190215,1635,,US119,,,US0119,US0119,0,098 US-119,US0119,N,N,NULL,NULL,NULL,N,NULL,NULL,NULL,NULL,NULL,NULL,18.721,NULL,NULL,NULL,NULL,,NULL,1,0,2,2,N,N,55,NULL,98,9851,NULL,,Y,37.5979,-82.27695,N,NULL,NULL,NULL,NULL,NULL,NULL,NULL,NULL,4,3,2,6,1,1,3,2,7,3,Y,NULL,N,Y,1636,1704,1730,N,NULL,70,2,1,N,,N,N,098-US-0119-0,NULL,NULL,2019,B,7.23E+11,098-US-0119  -000,HIGH,098-US-0119  -000,18.721,0,0,0,1,0,0,1,0,0,0,0,0,0,0
1279,72460369,980100,2.02E+11,20200107,650,,US119,,,US0119,US0119,0,098 US-119-10,US0119,N,N,NULL,NULL,NULL,N,NULL,NULL,NULL,NULL,NULL,NULL,2.09,NULL,NULL,NULL,NULL,,NULL,0,0,1,1,N,N,55,NULL,98,9801,NULL,,Y,37.51241,-82.49773,N,NULL,NULL,NULL,NULL,NULL,NULL,NULL,NULL,9,5,4,2,1,4,9,4,7,3,N,NULL,Y,N,655,706,655,N,NULL,44,2,1,N,,N,N,098-US-0119-10,NULL,NULL,2020,O,7.25E+11,098-US-0119  -010,HIGH,098-US-0119  -000,2.09,0,0,0,0,0,0,0,0,0,0,0,1,0,1
1280,72338331,KSP0900,19-11819,20190407,231,,OWSLEY,,RD,KY1384,KY1384,0,098 KY-1384,KY1384,N,N,NULL,NULL,NULL,N,NULL,NULL,NULL,NULL,NULL,NULL,5.073,NULL,NULL,NULL,NULL,,NULL,0,0,1,1,N,N,35,NULL,98,9801,NULL,,Y,37.48572,-82.56744,N,NULL,NULL,NULL,NULL,NULL,NULL,NULL,NULL,9,5,2,6,1,1,3,2,7,2,N,NULL,Y,N,1420,1429,1429,N,NULL,51,17,0,N,,N,N,098-KY-1384-0,NULL,NULL,2019,O,7.23E+11,098-KY-1384  -000,HIGH,098-KY-1384  -000,5.073,0,0,0,1,0,0,0,0,0,0,0,1,0,1
1281,72343999,980100,2.02E+11,20190419,1305,,KY3496,,,,,,,,N,N,NULL,NULL,NULL,N,NULL,NULL,NULL,NULL,NULL,NULL,,NULL,NULL,NULL,NULL,NULL,NULL,0,0,2,1,Y,N,35,NULL,98,9801,NULL,,Y,37.47233,-82.52676,N,NULL,NULL,NULL,NULL,NULL,NULL,NULL,NULL,1,3,,6,1,5,6,2,1,3,N,NULL,Y,N,1307,1308,1325,N,NULL,55,,,Y,,N,N,,NULL,NULL,2019,O,7.23E+11,098-KY-1426  -029,MEDIUM,098-KY-1426  -029,0.022,0,0,0,0,0,0,0,1,1,1,0,0,0,1
1282,72315874,980100,2.02E+11,20190214,814,,2ND,,ST,,,0,098 CS-1117,CS1117,Y,N,NULL,NULL,NULL,N,NULL,NULL,NULL,NULL,NULL,NULL,0.097,NULL,NULL,NULL,NULL,,NULL,0,0,2,2,N,N,15,NULL,98,9801,NULL,,Y,37.48163,-82.51689,N,NULL,NULL,NULL,NULL,NULL,NULL,NULL,NULL,1,97,2,6,1,1,2,2,1,3,N,NULL,Y,N,814,816,,N,NULL,90,,,N,,N,N,098-CS-1117-0,NULL,NULL,2019,O,7.23E+11,098-CS-1117  -000,HIGH,098-CS-1117  -000,0.097,0,0,0,1,0,0,0,0,0,0,0,0,0,1
1283,72407530,KSP0900,19-34249,20190903,520,,KY632,,,KY0632,KY0632,0,098 KY-632,KY0632,N,N,NULL,NULL,NULL,N,NULL,NULL,NULL,NULL,NULL,NULL,13.011,NULL,NULL,NULL,NULL,,NULL,0,0,2,2,N,N,35,NULL,98,9804,NULL,,Y,37.50487,-82.16014,N,NULL,NULL,NULL,NULL,NULL,NULL,NULL,NULL,3,3,2,3,1,1,3,6,7,3,N,NULL,Y,N,520,600,640,N,NULL,52,6,0,N,,N,N,098-KY-0632-0,NULL,NULL,2019,O,7.24E+11,098-KY-0632  -000,HIGH,098-KY-0632  -000,13.011,0,0,0,0,0,0,0,0,1,0,0,1,0,0
1284,72361212,980100,2.02E+11,20190523,1308,,CASSIDY,,BLVD,,,,,,Y,N,NULL,NULL,NULL,N,NULL,NULL,NULL,NULL,NULL,NULL,0.336,NULL,NULL,NULL,NULL,,NULL,0,0,2,2,N,N,15,NULL,98,9801,NULL,,Y,37.50522,-82.53759,N,NULL,NULL,NULL,NULL,NULL,NULL,NULL,NULL,1,97,1,6,1,1,3,2,1,3,N,NULL,Y,N,1308,1320,1320,N,NULL,90,,,N,,N,N,,NULL,NULL,2019,O,7.24E+11,098-CS-1191  -000,HIGH,098-CS-1191  -000,0.336,0,0,0,1,0,0,1,0,0,0,0,0,0,1
1285,72421736,980000,19-10-005,20191011,1641,,US119,,,US0119,US0119,0,098 US-119-10,US0119,Y,N,NULL,NULL,NULL,N,NULL,NULL,NULL,NULL,NULL,NULL,23.898,NULL,NULL,NULL,NULL,,NULL,0,0,1,1,N,N,15,NULL,98,9834,NULL,,Y,37.65411,-82.26965,N,NULL,NULL,NULL,NULL,NULL,NULL,NULL,NULL,9,97,4,6,1,1,2,2,5,3,N,NULL,Y,Y,1605,1625,1605,Y,NULL,90,2,1,N,,N,N,098-US-0119-10,NULL,NULL,2019,O,7.24E+11,098-US-0119  -010,HIGH,098-US-0119  -000,23.898,0,0,0,1,0,0,0,0,0,0,0,1,0,0
1286,72380964,KSP0900,19-27237,20190717,1846,,UPPER JOHNS,,CRK,KY0632,KY0632,0,098 KY-632,KY0632,N,N,NULL,NULL,NULL,N,NULL,NULL,NULL,NULL,NULL,NULL,5.873,NULL,NULL,NULL,NULL,,NULL,0,0,1,1,N,N,55,NULL,98,9817,NULL,,Y,37.49472,-82.26373,N,NULL,NULL,NULL,NULL,NULL,NULL,NULL,NULL,9,3,2,3,1,5,6,2,7,3,N,NULL,Y,N,1846,1920,1920,N,NULL,44,6,0,N,,N,N,098-KY-0632-0,NULL,NULL,2019,O,7.24E+11,098-KY-0632  -000,HIGH,098-KY-0632  -000,5.873,0,0,0,0,0,0,0,0,0,0,0,1,0,0
1287,72303241,KSP0900,19-668,20190106,1755,,CHLOE,,RD,KY1460,KY1460,0,098 KY-1460,KY1460,N,N,NULL,NULL,NULL,N,NULL,NULL,NULL,NULL,NULL,NULL,2.394,NULL,NULL,NULL,NULL,,NULL,0,0,2,2,N,N,45,NULL,98,9801,1,S,N,37.46415,-82.47824,N,NULL,NULL,NULL,NULL,NULL,NULL,NULL,NULL,5,3,2,4,1,1,2,6,7,3,N,NULL,Y,N,1755,1820,1820,N,NULL,49,,0,N,,N,N,098-KY-1460-0,NULL,NULL,2019,O,7.23E+11,098-KY-1460  -000,HIGH,098-KY-1460  -000,2.394,0,0,0,0,0,0,0,1,0,0,0,0,0,0
1288,72385524,980100,2.02E+11,20190724,1422,,KY1426,,,KY1426,KY1426,,,,N,N,NULL,NULL,NULL,N,NULL,NULL,NULL,NULL,NULL,NULL,8.301,NULL,NULL,NULL,NULL,,NULL,0,0,1,1,N,N,45,NULL,98,9801,NULL,,Y,37.49565,-82.49098,N,NULL,NULL,NULL,NULL,NULL,NULL,NULL,NULL,9,5,2,4,1,1,2,2,7,3,N,NULL,Y,N,1422,1425,1425,N,NULL,44,,0,N,,N,N,,NULL,NULL,2019,O,7.24E+11,098-KY-1426  -000,MEDIUM,098-KY-1426  -000,8.301,0,0,0,0,0,0,0,0,0,0,0,1,0,1
1289,72436204,980100,2.02E+11,20191113,1522,,KY3496,,,KY3496,KY3496,,,,N,N,NULL,NULL,NULL,N,NULL,NULL,NULL,NULL,NULL,NULL,0.887,NULL,NULL,NULL,NULL,,NULL,0,0,2,2,N,N,35,NULL,98,9801,NULL,,Y,37.47208,-82.52792,N,NULL,NULL,NULL,NULL,NULL,NULL,NULL,NULL,2,3,2,6,1,1,3,2,7,3,N,NULL,Y,N,1522,1527,1530,N,NULL,56,16,0,N,,N,N,,NULL,NULL,2019,O,7.24E+11,098-KY-3496  -000,HIGH,098-KY-3496  -000,0.887,0,0,0,0,0,0,1,0,0,0,0,0,0,1
1290,72379539,980100,2.02E+11,20190708,1419,,US23,,,US0023,US0023,,,,N,N,NULL,NULL,NULL,N,NULL,NULL,NULL,NULL,NULL,NULL,21.448,NULL,NULL,NULL,NULL,,NULL,0,0,2,2,N,N,55,NULL,98,9801,NULL,,Y,37.45111,-82.5237,N,NULL,NULL,NULL,NULL,NULL,NULL,NULL,NULL,8,3,4,6,1,1,2,2,7,3,N,NULL,Y,N,1419,1425,1429,N,NULL,53,,1,N,,N,N,,NULL,NULL,2019,O,7.24E+11,098-US-0023  -000,MEDIUM,098-US-0023  -000,21.448,0,0,0,1,0,0,1,0,0,0,0,1,0,1
1291,72360892,980200,ELK4125-88-19,20190515,1737,,FERRELLS CREEK,,RD,US0460,US0460,0,098 US-460,US0460,N,N,NULL,NULL,NULL,N,NULL,NULL,NULL,NULL,NULL,NULL,21.638,NULL,NULL,NULL,NULL,,NULL,0,0,1,1,N,N,55,NULL,98,9874,8,E,N,37.37921,-82.26839,N,NULL,NULL,NULL,NULL,NULL,NULL,NULL,NULL,9,3,2,5,1,1,2,2,6,3,N,NULL,Y,N,1715,1727,1745,N,NULL,70,,1,N,,N,N,098-US-0460-0,NULL,NULL,2019,O,7.24E+11,098-US-0460  -000,HIGH,098-US-0460  -000,21.638,0,0,0,0,0,0,0,0,0,0,0,1,0,0
1292,72333753,980100,2.02E+11,20190325,1641,,CASSIDY,,BLVD,,,,,,N,N,NULL,NULL,NULL,N,NULL,NULL,NULL,NULL,NULL,NULL,0.325,NULL,NULL,NULL,NULL,,NULL,0,0,2,2,N,N,35,NULL,98,9801,NULL,,Y,37.50522,-82.53735,N,NULL,NULL,NULL,NULL,NULL,NULL,NULL,NULL,1,3,2,3,1,1,3,2,1,3,N,NULL,Y,N,1643,1646,1721,N,NULL,55,,,N,,N,N,,NULL,NULL,2019,O,7.23E+11,098-CS-1191  -000,HIGH,098-CS-1191  -000,0.325,0,0,0,0,0,0,1,0,0,0,0,0,0,1
1293,72396848,980100,2.02E+11,20190820,1612,,CEDAR HILLS,,RD,KY1426,KY1426,0,098 KY-1426,KY1426,N,N,NULL,NULL,NULL,N,NULL,NULL,NULL,NULL,NULL,NULL,4.455,NULL,NULL,NULL,NULL,,NULL,1,0,1,1,N,N,35,NULL,98,9801,NULL,,Y,37.46119,-82.52967,N,NULL,NULL,NULL,NULL,NULL,NULL,NULL,NULL,9,3,2,6,1,5,3,2,7,3,Y,NULL,Y,Y,1612,1617,1633,N,NULL,40,,0,N,,N,N,098-KY-1426-0,NULL,NULL,2019,C,7.24E+11,098-KY-1426  -000,HIGH,098-KY-1426  -000,4.455,0,0,0,0,0,0,0,0,0,0,0,1,0,1
1294,72982665,KSP0900,23-474779,20231129,1730,,TOLER,,RD,KY0319,KY0319,0,098 KY-319,KY0319,N,N,NULL,NULL,NULL,N,NULL,NULL,NULL,NULL,NULL,NULL,2.463,NULL,NULL,NULL,NULL,,NULL,0,0,2,2,Y,N,55,NULL,98,9842,NULL,,Y,37.60324,-82.2099,N,NULL,NULL,NULL,NULL,NULL,NULL,NULL,NULL,7,3,2,3,1,1,2,6,7,3,N,NULL,Y,N,1815,1855,1815,N,NULL,54,7,0,N,,N,N,098-KY-0319-0,NULL,NULL,2023,O,7.30E+11,098-KY-0319  -000,HIGH,098-KY-0319  -000,2.558,0,0,0,0,0,0,0,0,0,0,0,1,0,0