OBJECTID,MasterFile,AgencyORINumber,LocalCode,CollisionDate,CollisionTime,CollisionDayWeekCode,RoadwayName,RoadwayName_Direction_,RoadwayName_RoadwaySuffix_,RoadwayfromReport,CurrentRoadwayNumber,RoadwayNumberCoupletID,RSEUniqueGIS,RoadwayIdentifier,ParkingLotIndicator,IntersectionWith_Indicator_,IntersectionWith_NameRoadway_,IntersectionWith_Direction_,IntersectionWith_RoadwaySuffix_,BetweenStreets_Indicator_,BetweenStreets1_NameRoadway_,BetweenStreet1_Direction_,BetweenStreets1_RoadwaySuffix_,BetweenStreets2_NameRoadway_,BetweenStreets2_Direction_,BetweenStreets2_RoadwaySuffix_,Milepoint,ReportMilepointDeriveNumber,CurrentDerivedMiepointNumber,MilestoMilepoint,FeettoMilepoint,DirectionfromMilepoint_NSEW_,ValidMilepointIndicator,NumberInjured,NumberKilled,ofUnits,ofMotorVehicleUnits,Hit&RunIndicator,OneWayIndicator,SpeedLimitNumber,KilometersIndicator,CountyCode,CityCountyCode,MilesFromCity,DirectionFromCity_NSEW_,InCityLimitsIndicator,Latitude,Longitude,RampIndicator,RampFromIdentifier,RampFromDirCode,RampFromCoupletID,RSEUniqueGISRampFrom,RampToidentifier,RampToDirCode,RampToCoupletID,RSEUniqueGisRampTo,MannerofCollisionCode,LocationFirstEventCode,TotalLanes,RoadwayCharacterCode,RoadwaySurfaceCode,RoadwayConditionCode,WeatherCode,LightConditionCode,LandUseCode,SchoolBusRelatedCode,FirstAidSceneIndicator,CollDescPresentInd,InvestigationCompleteIndicator,PhotosTakenIndicator,TimeNotified,TimeArrived,TimeRoadwayOpened,PropertyDamageIndicator,DiagramPresentIndicator,DirectionalAnalysis,FunctionClassCode,NationalHwySysCode,EnforcementsIndicator,KARSCityCode,SecondaryCollisionIndicator,MedianCrossoverIndicator,RT_UNIQUE,MapIt,TimeLastLeft,YR,KABCO,MFNY,WorkingRID,RT_CONFIDENCE,KTC_RT,KTC_MP,Motorcyclist,Commercial Vehicle,Young Driver,Mature Driver,Pedestrian,Bicyclist,Distracted,Aggressive,Impaired,Unrestrained,Intersection,Roadway Departure,Median Cross-over,City Crash
1295,72328697,980100,2.02E+11,20190319,1218,,US23,,,US0023,US0023,0,098 US-23-10,US0023,Y,N,NULL,NULL,NULL,N,NULL,NULL,NULL,NULL,NULL,NULL,20.568,NULL,NULL,NULL,NULL,,NULL,0,0,2,2,Y,N,15,NULL,98,9801,NULL,,Y,37.44339,-82.51862,N,NULL,NULL,NULL,NULL,NULL,NULL,NULL,NULL,2,97,,6,2,1,2,2,1,3,N,NULL,Y,N,1219,1226,,N,NULL,90,,1,N,,N,N,098-US-0023-10,NULL,NULL,2019,O,7.23E+11,098-US-0023  -010,HIGH,098-US-0023  -000,20.568,0,1,0,0,0,0,1,0,0,0,0,0,0,1
1296,72333244,980100,2.02E+11,20190328,1454,,US23,,,US0023,US0023,,,,N,N,NULL,NULL,NULL,N,NULL,NULL,NULL,NULL,NULL,NULL,26.291,NULL,NULL,NULL,NULL,,NULL,0,0,2,2,N,N,55,NULL,98,9801,NULL,,Y,37.50377,-82.53216,N,NULL,NULL,NULL,NULL,NULL,NULL,NULL,NULL,1,3,4,6,1,1,2,2,7,3,N,NULL,Y,N,1454,1500,1500,N,NULL,55,,1,N,,N,N,,NULL,NULL,2019,O,7.23E+11,098-US-0023  -000,MEDIUM,098-US-0023  -000,26.291,0,0,0,1,0,0,1,0,0,0,0,0,0,1
1297,72299541,980000,19-01-001,20190102,1946,,KY122,,,KY0122,KY0122,0,098 KY-122,KY0122,Y,N,NULL,NULL,NULL,N,NULL,NULL,NULL,NULL,NULL,NULL,4.035,NULL,NULL,NULL,NULL,,NULL,0,0,2,2,N,N,,NULL,98,9823,6.3,W,N,37.3406,-82.60628,N,NULL,NULL,NULL,NULL,NULL,NULL,NULL,NULL,2,97,2,6,1,1,2,4,5,3,N,NULL,Y,Y,1948,1956,1956,N,NULL,90,,0,N,,N,N,098-KY-0122-0,NULL,NULL,2019,O,7.23E+11,098-KY-0122  -000,HIGH,098-KY-0122  -000,4.035,0,0,0,0,0,0,1,0,0,0,0,0,0,0
1298,72321558,KSP0900,19-6024,20190223,1337,,US119,,,US0119,US0119,,,,N,N,NULL,NULL,NULL,N,NULL,NULL,NULL,NULL,NULL,NULL,24.993,NULL,NULL,NULL,NULL,,NULL,0,0,2,2,N,N,40,NULL,98,9834,NULL,,Y,37.66812,-82.27718,N,NULL,NULL,NULL,NULL,NULL,NULL,NULL,NULL,5,3,4,6,1,5,3,2,7,3,N,NULL,Y,Y,1338,1404,1516,N,NULL,49,2,1,N,,N,N,,NULL,NULL,2019,O,7.23E+11,098-US-0119  -000,MEDIUM,098-US-0119  -000,24.993,0,0,0,1,0,0,1,0,0,0,0,0,0,0
1299,72320443,980100,2.02E+11,20190220,1217,,KY1426 TURN LANE,,,KY1426,KY1426,,,,N,N,NULL,NULL,NULL,N,NULL,NULL,NULL,NULL,NULL,NULL,0.021,NULL,NULL,NULL,NULL,,NULL,0,0,2,2,N,N,45,NULL,98,9801,NULL,,Y,37.47239,-82.52701,N,NULL,NULL,NULL,NULL,NULL,NULL,NULL,NULL,5,3,4,3,1,5,6,2,7,3,N,NULL,Y,N,1218,1222,1225,N,NULL,49,8,0,N,,N,N,,NULL,NULL,2019,O,7.23E+11,098-KY-1426  -025,MEDIUM,098-KY-1426  -025,0.021,0,0,0,1,0,0,1,0,0,0,0,0,0,1
1300,72373722,980100,2.02E+11,20190625,1213,,ROBERTS,,CIR,,,,,,Y,N,NULL,NULL,NULL,N,NULL,NULL,NULL,NULL,NULL,NULL,0.073,NULL,NULL,NULL,NULL,,NULL,0,0,2,2,N,N,10,NULL,98,9801,NULL,,Y,37.47257,-82.52959,N,NULL,NULL,NULL,NULL,NULL,NULL,NULL,NULL,2,97,1,6,1,1,2,2,1,3,N,NULL,Y,N,1213,1219,1219,N,NULL,90,,,N,,N,N,,NULL,NULL,2019,O,7.24E+11,098-CS-1050  -000,MEDIUM,098-CS-1050  -000,0.073,0,0,1,1,0,0,0,0,0,0,0,0,0,0
1301,72317659,KSP0900,19-4930,20190214,1227,,KY632,,,KY0632,KY0632,0,098 KY-632,KY0632,N,N,NULL,NULL,NULL,N,NULL,NULL,NULL,NULL,NULL,NULL,7.146,NULL,NULL,NULL,NULL,,NULL,0,0,1,1,N,N,55,NULL,98,9809,NULL,,Y,37.49129,-82.24344,N,NULL,NULL,NULL,NULL,NULL,NULL,NULL,NULL,9,3,2,6,1,1,2,2,7,3,N,NULL,Y,N,1227,1331,1335,N,NULL,40,6,0,N,,N,N,098-KY-0632-0,NULL,NULL,2019,O,7.23E+11,098-KY-0632  -000,HIGH,098-KY-0632  -000,7.146,0,0,0,0,0,0,0,0,0,0,0,1,0,0
1302,72751364,KSP0900,22-135979,20220414,2141,,US23,,,US0023,US0023,0,098 US-23,US0023,N,N,NULL,NULL,NULL,N,NULL,NULL,NULL,NULL,NULL,NULL,16.429,NULL,NULL,NULL,NULL,,NULL,8,0,2,2,N,N,55,NULL,98,9801,NULL,,Y,37.41559,-82.52988,N,NULL,NULL,NULL,NULL,NULL,NULL,NULL,NULL,1,3,4,5,1,1,2,6,7,1,N,NULL,Y,Y,2141,2141,2310,N,NULL,55,,1,N,,N,N,098-US-0023-0,NULL,NULL,2022,B,7.28E+11,098-US-0023  -000,HIGH,098-US-0023  -000,16.429,0,0,0,0,0,0,1,0,0,0,0,0,0,0
1303,72319228,980100,2.02E+11,20190222,1905,,RIVER,,DR,,,,,,N,N,NULL,NULL,NULL,N,NULL,NULL,NULL,NULL,NULL,NULL,0.027,NULL,NULL,NULL,NULL,,NULL,0,0,1,1,N,N,45,NULL,98,9801,NULL,,Y,37.47351,-82.52186,N,NULL,NULL,NULL,NULL,NULL,NULL,NULL,NULL,9,6,2,6,1,5,6,5,1,3,N,NULL,Y,N,1906,1908,1959,N,NULL,40,,,N,,N,N,,NULL,NULL,2019,O,7.23E+11,098-CS-1054  -000,HIGH,098-CS-1054  -000,0.027,0,0,0,0,0,0,0,0,0,0,0,1,0,1
1304,72336293,980100,2.02E+11,20190404,1842,,KY1426,,,KY1426,KY1426,,,,N,N,NULL,NULL,NULL,N,NULL,NULL,NULL,NULL,NULL,NULL,6.812,NULL,NULL,NULL,NULL,,NULL,0,0,2,2,N,N,45,NULL,98,9801,NULL,,Y,37.48511,-82.51059,N,NULL,NULL,NULL,NULL,NULL,NULL,NULL,NULL,5,3,2,6,1,5,3,2,1,3,Y,NULL,Y,N,1842,1847,1847,N,NULL,49,,0,N,,N,N,,NULL,NULL,2019,O,7.23E+11,098-KY-1426  -000,HIGH,098-KY-1426  -000,6.812,0,0,1,0,0,0,0,0,0,0,0,0,0,1
1305,72308331,KSP0900,19-2442,20190123,800,,RIGHT FORK OF BRUSHY,,RD,,,0,098 CR-1360Q4,CR1360Q4,N,N,NULL,NULL,NULL,N,NULL,NULL,NULL,NULL,NULL,NULL,0.199,NULL,NULL,NULL,NULL,,NULL,0,0,2,2,N,N,45,NULL,98,9853,NULL,,Y,37.66164,-82.48099,N,NULL,NULL,NULL,NULL,NULL,NULL,NULL,NULL,3,3,1,6,1,5,3,2,7,1,N,NULL,Y,Y,748,841,901,N,NULL,52,,,N,,N,N,098-CR-1360Q4-0,NULL,NULL,2019,O,7.23E+11,098-CR-1360Q4-000,HIGH,098-CR-1360Q4-000,0.199,0,0,1,0,0,0,1,0,0,0,0,1,0,0
1306,72366151,980100,2.02E+11,20190606,1741,,KY1426,,,KY1426,KY1426,0,098 KY-1426,KY1426,N,N,NULL,NULL,NULL,N,NULL,NULL,NULL,NULL,NULL,NULL,6.803,NULL,NULL,NULL,NULL,,NULL,0,0,2,2,N,N,55,NULL,98,9801,NULL,,Y,37.48506,-82.51074,N,NULL,NULL,NULL,NULL,NULL,NULL,NULL,NULL,1,3,2,6,1,5,6,2,1,3,N,NULL,Y,N,1741,1744,,N,NULL,55,,0,N,,N,N,098-KY-1426-0,NULL,NULL,2019,O,7.24E+11,098-KY-1426  -000,HIGH,098-KY-1426  -000,6.803,0,0,0,0,0,0,1,0,0,0,0,0,0,1
1307,72334971,KSP0900,19-11218,20190403,2055,,RATLIFF CREEK,,RD,,,0,098 CR-1484,CR1484,N,N,NULL,NULL,NULL,N,NULL,NULL,NULL,NULL,NULL,NULL,1.144,NULL,NULL,NULL,NULL,,NULL,0,0,1,1,N,N,35,NULL,98,9801,NULL,,Y,37.49929,-82.51254,N,NULL,NULL,NULL,NULL,NULL,NULL,NULL,NULL,9,3,2,3,1,1,2,6,7,3,N,NULL,N,N,2056,2114,,Y,NULL,40,,,N,,N,N,098-CR-1484-0,NULL,NULL,2019,O,7.23E+11,098-CR-1484  -000,HIGH,098-CR-1484  -000,1.144,0,0,0,0,0,0,0,1,0,0,0,1,0,0
1308,72427743,KSP0900,19-42464,20191027,1831,,SMITH FORK,,RD,KY3419,KY3419,0,098 KY-3419,KY3419,N,N,NULL,NULL,NULL,N,NULL,NULL,NULL,NULL,NULL,NULL,3.48,NULL,NULL,NULL,NULL,,NULL,0,0,1,1,N,N,25,NULL,98,9804,NULL,,Y,37.47137,-82.1919,N,NULL,NULL,NULL,NULL,NULL,NULL,NULL,NULL,9,6,1,4,1,1,2,3,7,3,N,NULL,N,N,1831,1927,1927,N,NULL,44,9,0,N,,N,N,098-KY-3419-0,NULL,NULL,2019,O,7.24E+11,098-KY-3419  -000,HIGH,098-KY-3419  -000,3.48,0,0,0,0,0,0,0,0,0,0,0,1,0,0
1309,72448043,980100,2.02E+11,20191129,1228,,US23,,,US0023,US0023,0,098 US-23,US0023,N,N,NULL,NULL,NULL,N,NULL,NULL,NULL,NULL,NULL,NULL,32.799,NULL,NULL,NULL,NULL,,NULL,0,0,2,2,N,N,55,NULL,98,9801,NULL,,Y,37.53181,-82.61948,N,NULL,NULL,NULL,NULL,NULL,NULL,NULL,NULL,1,3,4,6,1,1,2,2,1,3,N,NULL,Y,N,1240,1246,,N,NULL,55,,1,N,,N,N,098-US-0023-0,NULL,NULL,2019,O,7.24E+11,098-US-0023  -000,HIGH,098-US-0023  -000,32.799,0,0,0,1,0,0,1,0,0,0,0,0,0,1
1310,72433705,KSP0900,19-43773,20191106,1953,,BIG CREEK,,RD,KY0468,KY0468,0,098 KY-468,KY0468,N,N,NULL,NULL,NULL,N,NULL,NULL,NULL,NULL,NULL,NULL,0.537,NULL,NULL,NULL,NULL,,NULL,1,0,1,1,N,N,35,NULL,98,9833,NULL,,Y,37.62622,-82.35789,N,NULL,NULL,NULL,NULL,NULL,NULL,NULL,NULL,9,3,2,3,1,1,2,6,7,3,Y,NULL,Y,Y,1955,2008,2100,N,NULL,70,8,0,N,,N,N,098-KY-0468-0,NULL,NULL,2019,B,7.24E+11,098-KY-0468  -000,HIGH,098-KY-0468  -000,0.537,1,0,0,0,0,0,0,0,0,0,0,1,0,0
1311,72419090,980100,2.02E+11,20191003,1513,,HUFFMAN,,AVE,,,0,098 CS-1123,CS1123,N,Y,HAMBLEY,,BLVD,N,NULL,NULL,NULL,NULL,NULL,NULL,0.188,NULL,NULL,NULL,NULL,,NULL,0,0,1,1,N,N,25,NULL,98,9801,NULL,,Y,37.47873,-82.5201,N,NULL,NULL,NULL,NULL,NULL,NULL,NULL,NULL,9,97,2,3,1,1,2,2,1,3,N,NULL,Y,Y,1513,1528,1600,Y,NULL,4,,,N,,N,N,098-CS-1123-0,NULL,NULL,2019,O,7.24E+11,098-CS-1123  -000,HIGH,098-CS-1123  -000,0.188,0,1,0,0,0,0,0,0,0,0,1,0,0,1
1312,72302899,KSP0900,19-406,20190104,1447,,FOREST HILLS,,RD,KY0308,KY0308,0,098 KY-308,KY0308,N,N,NULL,NULL,NULL,N,NULL,NULL,NULL,NULL,NULL,NULL,2.009,NULL,NULL,NULL,NULL,,NULL,0,0,1,1,N,N,35,NULL,98,9885,NULL,,Y,37.64199,-82.27667,N,NULL,NULL,NULL,NULL,NULL,NULL,NULL,NULL,9,97,2,3,1,5,2,2,7,3,N,NULL,Y,Y,1450,1455,1515,Y,NULL,40,8,0,N,,N,N,098-KY-0308-0,NULL,NULL,2019,O,7.23E+11,098-KY-0308  -000,HIGH,098-KY-0308  -000,2.009,0,0,0,0,0,0,0,0,0,0,0,1,0,0
1313,72342472,980000,1904003,20190416,800,,DOUGLAS,,PARK,,,0,098 CR-1704,CR1704,Y,N,NULL,NULL,NULL,N,NULL,NULL,NULL,NULL,NULL,NULL,0.127,NULL,NULL,NULL,NULL,,NULL,0,0,2,2,N,N,15,NULL,98,9823,NULL,,Y,37.37929,-82.53828,N,NULL,NULL,NULL,NULL,NULL,NULL,NULL,NULL,2,97,2,6,1,1,2,2,8,3,N,NULL,N,N,802,802,803,N,NULL,90,,,N,,N,N,098-CR-1704-0,NULL,NULL,2019,O,7.23E+11,098-CR-1704  -000,HIGH,098-CR-1704  -000,0.127,0,0,1,0,0,0,1,1,0,0,0,0,0,0
1314,72450844,980100,2.02E+11,20191213,459,,MAYO,N,TRL,US0023,US0023,0,098 US-23,US0023,N,N,NULL,NULL,NULL,N,NULL,NULL,NULL,NULL,NULL,NULL,30.901,NULL,NULL,NULL,NULL,,NULL,1,0,1,1,N,N,55,NULL,98,9801,NULL,,Y,37.54081,-82.59188,N,NULL,NULL,NULL,NULL,NULL,NULL,NULL,NULL,9,3,4,6,1,5,6,6,7,3,N,NULL,Y,Y,459,502,548,N,NULL,70,,1,N,,N,N,098-US-0023-0,NULL,NULL,2019,C,7.25E+11,098-US-0023  -000,HIGH,098-US-0023  -000,30.901,0,0,0,0,0,0,0,0,0,0,0,1,0,1
1315,72386648,KSP0900,19-29152,20190731,831,,US119,,,US0119,US0119,0,098 US-119,US0119,N,N,NULL,NULL,NULL,N,NULL,NULL,NULL,NULL,NULL,NULL,21.886,NULL,NULL,NULL,NULL,,NULL,0,0,1,1,N,N,55,NULL,98,9834,NULL,,Y,37.63181,-82.26102,N,NULL,NULL,NULL,NULL,NULL,NULL,NULL,NULL,9,3,2,6,1,5,3,2,7,3,N,NULL,Y,N,831,835,911,Y,NULL,40,2,1,N,,N,N,098-US-0119-0,NULL,NULL,2019,O,7.24E+11,098-US-0119  -000,HIGH,098-US-0119  -000,21.886,0,0,1,0,0,0,0,0,0,0,0,1,0,0
1316,72399399,KSP0900,19-33336,20190827,1755,,APPALACHIAN,,PLZ,,,0,098 PR-1008,PR1008,Y,N,NULL,NULL,NULL,N,NULL,NULL,NULL,NULL,NULL,NULL,0.043,NULL,NULL,NULL,NULL,,NULL,0,0,2,2,N,N,15,NULL,98,9834,NULL,,Y,37.66571,-82.27389,N,NULL,NULL,NULL,NULL,NULL,NULL,NULL,NULL,5,97,1,6,1,1,2,2,7,3,N,NULL,N,N,1755,1812,1812,N,NULL,90,,,N,,N,N,098-PR-1008-0,NULL,NULL,2019,O,7.24E+11,098-PR-1008  -000,HIGH,098-PR-1008  -000,0.043,0,0,0,0,0,0,0,0,0,0,0,0,0,0
1317,72401392,KSP0900,19-33958,20190831,2037,,US119,,,US0119,US0119,,,,Y,N,NULL,NULL,NULL,N,NULL,NULL,NULL,NULL,NULL,NULL,24.097,NULL,NULL,NULL,NULL,,NULL,0,0,2,2,N,N,15,NULL,98,9834,NULL,,Y,37.65699,-82.27002,N,NULL,NULL,NULL,NULL,NULL,NULL,NULL,NULL,8,97,2,5,1,1,2,5,7,3,N,NULL,N,N,2037,2040,2040,N,NULL,90,2,1,N,,N,N,,NULL,NULL,2019,O,7.24E+11,098-US-0119  -000,MEDIUM,098-US-0119  -000,24.097,0,0,0,1,0,0,1,1,0,0,0,0,0,0
1318,72322164,980100,2.02E+11,20190226,624,,CHLOE,,RD,KY1460,KY1460,0,098 KY-1460,KY1460,N,N,NULL,NULL,NULL,N,NULL,NULL,NULL,NULL,NULL,NULL,3.862,NULL,NULL,NULL,NULL,,NULL,2,0,1,1,N,N,35,NULL,98,9801,NULL,,Y,37.47718,-82.49438,N,NULL,NULL,NULL,NULL,NULL,NULL,NULL,NULL,9,4,2,1,1,2,6,4,7,3,Y,NULL,Y,Y,625,627,705,N,NULL,40,,0,N,,N,N,098-KY-1460-0,NULL,NULL,2019,B,7.23E+11,098-KY-1460  -000,HIGH,098-KY-1460  -000,3.862,0,0,0,0,0,0,1,0,0,0,0,1,0,1
1319,72373742,KSP0900,19-24150,20190628,1330,,OWSLEY,,RD,KY1384,KY1384,0,098 KY-1384,KY1384,N,N,NULL,NULL,NULL,N,NULL,NULL,NULL,NULL,NULL,NULL,3.592,NULL,NULL,NULL,NULL,,NULL,0,0,2,2,N,N,35,NULL,98,9801,2,W,N,37.49762,-82.58762,N,NULL,NULL,NULL,NULL,NULL,NULL,NULL,NULL,8,3,2,6,1,1,2,2,7,3,N,NULL,Y,N,1330,1340,,N,NULL,53,,0,Y,,N,N,098-KY-1384-0,NULL,NULL,2019,O,7.24E+11,098-KY-1384  -000,HIGH,098-KY-1384  -000,3.592,0,0,0,0,0,0,1,0,0,0,0,1,0,0
1320,72333101,KSP0900,19-10408,20190329,1841,,US460,,,US0460,US0460,0,098 US-460,US0460,N,N,NULL,NULL,NULL,N,NULL,NULL,NULL,NULL,NULL,NULL,2.768,NULL,NULL,NULL,NULL,,NULL,0,0,1,1,N,N,55,NULL,98,9801,3,E,N,37.43065,-82.47951,N,NULL,NULL,NULL,NULL,NULL,NULL,NULL,NULL,9,3,2,6,1,1,2,2,7,3,N,NULL,Y,Y,1845,1849,1849,N,NULL,44,,1,N,,N,N,098-US-0460-0,NULL,NULL,2019,O,7.23E+11,098-US-0460  -000,HIGH,098-US-0460  -000,2.768,0,0,0,0,0,0,1,0,0,0,0,1,0,0
1321,72406876,KSP0900,19-35539,20190911,1701,,TAYLOR,,FRK,,,0,098 CR-1017,CR1017,N,N,NULL,NULL,NULL,N,NULL,NULL,NULL,NULL,NULL,NULL,0.1,NULL,NULL,NULL,NULL,,NULL,0,0,1,1,N,N,25,NULL,98,9826,NULL,,Y,37.67107,-82.30894,N,NULL,NULL,NULL,NULL,NULL,NULL,NULL,NULL,9,5,1,6,1,1,2,2,7,3,N,NULL,Y,N,1701,1721,1702,Y,NULL,51,,,N,,N,N,098-CR-1017-0,NULL,NULL,2019,O,7.24E+11,098-CR-1017  -000,HIGH,098-CR-1017  -000,0.1,0,0,0,0,0,0,1,0,0,0,0,1,0,0
1322,72334853,980100,2.02E+11,20190403,1718,,JUSTICE,,WAY,,,0,098 CS-1191,CS1191,Y,N,NULL,NULL,NULL,N,NULL,NULL,NULL,NULL,NULL,NULL,,NULL,NULL,NULL,NULL,NULL,NULL,0,0,2,2,N,N,15,NULL,98,9801,NULL,,Y,37.506,-82.53794,N,NULL,NULL,NULL,NULL,NULL,NULL,NULL,NULL,8,97,,6,1,1,2,2,1,3,N,NULL,Y,N,1718,1729,,N,NULL,90,,,N,,N,N,098-CS-1191-0,NULL,NULL,2019,O,7.23E+11,098-CS-1191  -000,HIGH,098-CS-1191  -000,0.346,0,0,0,1,0,0,0,0,0,1,0,0,0,1
1323,72326386,980000,19-03-001,20190303,2115,,KY1441 TURN LANE,,,KY1441,KY1441,0,098 KY-1441-20,KY1441,Y,N,NULL,NULL,NULL,N,NULL,NULL,NULL,NULL,NULL,NULL,0.025,NULL,NULL,NULL,NULL,,NULL,0,0,2,2,N,Y,15,NULL,98,9801,6.5,E,N,37.40899,-82.44767,N,NULL,NULL,NULL,NULL,NULL,NULL,NULL,NULL,2,97,2,6,1,1,3,5,8,3,N,NULL,Y,Y,2125,2135,2135,N,NULL,90,,5,N,,N,N,098-KY-1441-20,NULL,NULL,2019,O,7.23E+11,098-KY-1441  -020,HIGH,098-KY-1441  -020,0.025,0,0,0,0,0,0,1,0,0,0,0,0,0,0
1324,72391373,980100,2.02E+11,20190805,1520,,BYPASS,S,RD,KY1426,KY1426,,,,Y,N,NULL,NULL,NULL,N,NULL,NULL,NULL,NULL,NULL,NULL,5.678,NULL,NULL,NULL,NULL,,NULL,0,0,2,2,N,N,,NULL,98,9801,NULL,,Y,37.47271,-82.52306,N,NULL,NULL,NULL,NULL,NULL,NULL,NULL,NULL,1,97,,6,2,1,2,2,1,3,N,NULL,Y,N,1520,1533,1605,N,NULL,90,,0,N,,N,N,,NULL,NULL,2019,O,7.24E+11,098-KY-1426  -000,HIGH,098-KY-1426  -000,5.678,0,0,0,1,0,0,0,0,0,0,0,0,0,1
1325,72427078,KSP0900,19-41869,20191024,1613,,KY2167,,,KY2167,KY2167,0,098 KY-2167,KY2167,N,N,NULL,NULL,NULL,N,NULL,NULL,NULL,NULL,NULL,NULL,0.196,NULL,NULL,NULL,NULL,,NULL,0,0,2,2,N,N,55,NULL,98,9801,NULL,,Y,37.38466,-82.54095,N,NULL,NULL,NULL,NULL,NULL,NULL,NULL,NULL,8,3,2,6,1,1,2,2,7,3,N,NULL,Y,N,1616,1655,,N,NULL,53,7,0,N,,N,N,098-KY-2167-0,NULL,NULL,2019,O,7.24E+11,098-KY-2167  -000,HIGH,098-KY-2167  -000,0.196,0,0,1,0,0,0,1,0,0,0,0,1,0,0
1326,72315867,980100,2.02E+11,20190207,1248,,HAROLDS BRANCH,,RD,,,0,098 CS-1223,CS1223,Y,N,NULL,NULL,NULL,N,NULL,NULL,NULL,NULL,NULL,NULL,0.038,NULL,NULL,NULL,NULL,,NULL,0,0,2,2,Y,N,15,NULL,98,9801,NULL,,Y,37.47238,-82.52232,N,NULL,NULL,NULL,NULL,NULL,NULL,NULL,NULL,2,3,1,6,2,1,2,2,1,3,N,NULL,Y,N,1248,1252,,N,NULL,90,,,N,,N,N,098-CS-1223-0,NULL,NULL,2019,O,7.23E+11,098-CS-1223  -000,HIGH,098-CS-1223  -000,0.038,0,0,0,0,0,0,0,0,0,0,0,0,0,1
1327,72413635,980000,1909011,20190926,1730,,APPALACHIAN,,PLZ,,,0,098 PR-1008,PR1008,Y,N,NULL,NULL,NULL,N,NULL,NULL,NULL,NULL,NULL,NULL,0.106,NULL,NULL,NULL,NULL,,NULL,0,0,2,2,N,N,15,NULL,98,9834,NULL,,Y,37.66707,-82.27502,N,NULL,NULL,NULL,NULL,NULL,NULL,NULL,NULL,4,97,2,6,1,1,2,2,1,3,N,NULL,N,Y,1725,1730,1820,N,NULL,90,,,N,,N,N,098-PR-1008-0,NULL,NULL,2019,O,7.24E+11,098-PR-1008  -000,HIGH,098-PR-1008  -000,0.106,0,0,0,0,0,0,0,1,0,0,0,0,0,0
1328,72355260,980100,2.02E+11,20190520,1129,,2ND,,ST,,,0,098 CS-1117,CS1117,N,N,NULL,NULL,NULL,N,NULL,NULL,NULL,NULL,NULL,NULL,0.238,NULL,NULL,NULL,NULL,,NULL,0,0,2,2,N,Y,15,NULL,98,9801,NULL,,Y,37.4806,-82.51791,N,NULL,NULL,NULL,NULL,NULL,NULL,NULL,NULL,8,3,2,6,1,1,2,2,1,3,N,NULL,Y,N,1129,1129,,N,NULL,47,,,N,,N,N,098-CS-1117-0,NULL,NULL,2019,O,7.24E+11,098-CS-1117  -000,HIGH,098-CS-1117  -000,0.238,0,0,0,1,0,0,0,0,0,0,0,0,0,1
1329,72461158,980100,2.02E+11,20200104,2252,,HUFFMAN,,AVE,,,0,098 CS-1123,CS1123,N,N,NULL,NULL,NULL,N,NULL,NULL,NULL,NULL,NULL,NULL,0.147,NULL,NULL,NULL,NULL,,NULL,0,0,2,2,N,N,25,NULL,98,9801,NULL,,Y,37.47817,-82.51919,N,NULL,NULL,NULL,NULL,NULL,NULL,NULL,NULL,2,97,1,6,1,1,2,4,1,3,N,NULL,Y,N,2252,2256,,N,NULL,47,,,N,,N,N,098-CS-1123-0,NULL,NULL,2020,O,7.25E+11,098-CS-1123  -000,HIGH,098-CS-1123  -000,0.147,0,0,0,0,0,0,1,0,0,0,0,0,0,1
1330,72391875,370200,2019-29910,20190805,1430,,US23,,,US0023,US0023,0,098 US-23-10,US0023,N,N,NULL,NULL,NULL,N,NULL,NULL,NULL,NULL,NULL,NULL,12.37,NULL,NULL,NULL,NULL,,NULL,0,0,2,2,N,N,55,NULL,98,9827,NULL,,Y,37.36675,-82.54928,N,NULL,NULL,NULL,NULL,NULL,NULL,NULL,NULL,8,3,4,6,1,1,2,2,2,3,N,NULL,Y,N,1425,1442,1505,N,NULL,53,,1,N,,N,N,098-US-0023-10,NULL,NULL,2019,O,7.24E+11,098-US-0023  -010,HIGH,098-US-0023  -000,12.37,0,1,0,0,0,0,1,0,0,0,0,1,0,0
1331,72350475,370200,2019-16435,20190507,1409,,ISLAND CREEK,,RD,KY1426,KY1426,0,098 KY-1426,KY1426,N,N,NULL,NULL,NULL,N,NULL,NULL,NULL,NULL,NULL,NULL,1.894,NULL,NULL,NULL,NULL,,NULL,0,0,1,1,N,N,55,NULL,98,9801,2,S,N,37.46108,-82.56134,N,NULL,NULL,NULL,NULL,NULL,NULL,NULL,NULL,9,4,2,6,1,1,2,2,7,3,N,NULL,Y,N,1414,1419,1532,N,NULL,51,8,0,N,,N,N,098-KY-1426-0,NULL,NULL,2019,O,7.24E+11,098-KY-1426  -000,HIGH,098-KY-1426  -000,1.894,0,0,0,0,0,0,0,0,0,0,0,1,0,0
1332,72338537,980500,2019AR027,20190412,1800,,US23,,,US0023,US0023,0,098 US-23-10,US0023,N,Y,MAYO,N,TRL,N,NULL,NULL,NULL,NULL,NULL,NULL,29.352,NULL,NULL,NULL,NULL,,NULL,0,0,2,2,N,N,45,NULL,98,9807,NULL,,Y,37.5283,-82.57513,N,NULL,NULL,NULL,NULL,NULL,NULL,NULL,NULL,5,3,6,6,1,5,3,2,7,3,N,NULL,Y,N,1800,1802,1820,N,NULL,14,,1,N,,N,N,098-US-0023-10,NULL,NULL,2019,O,7.23E+11,098-US-0023  -010,HIGH,098-US-0023  -000,29.352,0,0,0,0,0,0,1,0,0,0,1,0,0,0