OBJECTID,MasterFile,AgencyORINumber,LocalCode,CollisionDate,CollisionTime,CollisionDayWeekCode,RoadwayName,RoadwayName_Direction_,RoadwayName_RoadwaySuffix_,RoadwayfromReport,CurrentRoadwayNumber,RoadwayNumberCoupletID,RSEUniqueGIS,RoadwayIdentifier,ParkingLotIndicator,IntersectionWith_Indicator_,IntersectionWith_NameRoadway_,IntersectionWith_Direction_,IntersectionWith_RoadwaySuffix_,BetweenStreets_Indicator_,BetweenStreets1_NameRoadway_,BetweenStreet1_Direction_,BetweenStreets1_RoadwaySuffix_,BetweenStreets2_NameRoadway_,BetweenStreets2_Direction_,BetweenStreets2_RoadwaySuffix_,Milepoint,ReportMilepointDeriveNumber,CurrentDerivedMiepointNumber,MilestoMilepoint,FeettoMilepoint,DirectionfromMilepoint_NSEW_,ValidMilepointIndicator,NumberInjured,NumberKilled,ofUnits,ofMotorVehicleUnits,Hit&RunIndicator,OneWayIndicator,SpeedLimitNumber,KilometersIndicator,CountyCode,CityCountyCode,MilesFromCity,DirectionFromCity_NSEW_,InCityLimitsIndicator,Latitude,Longitude,RampIndicator,RampFromIdentifier,RampFromDirCode,RampFromCoupletID,RSEUniqueGISRampFrom,RampToidentifier,RampToDirCode,RampToCoupletID,RSEUniqueGisRampTo,MannerofCollisionCode,LocationFirstEventCode,TotalLanes,RoadwayCharacterCode,RoadwaySurfaceCode,RoadwayConditionCode,WeatherCode,LightConditionCode,LandUseCode,SchoolBusRelatedCode,FirstAidSceneIndicator,CollDescPresentInd,InvestigationCompleteIndicator,PhotosTakenIndicator,TimeNotified,TimeArrived,TimeRoadwayOpened,PropertyDamageIndicator,DiagramPresentIndicator,DirectionalAnalysis,FunctionClassCode,NationalHwySysCode,EnforcementsIndicator,KARSCityCode,SecondaryCollisionIndicator,MedianCrossoverIndicator,RT_UNIQUE,MapIt,TimeLastLeft,YR,KABCO,MFNY,WorkingRID,RT_CONFIDENCE,KTC_RT,KTC_MP,Motorcyclist,Commercial Vehicle,Young Driver,Mature Driver,Pedestrian,Bicyclist,Distracted,Aggressive,Impaired,Unrestrained,Intersection,Roadway Departure,Median Cross-over,City Crash
1333,72341393,KSP0900,1913630,20190419,422,,US460,,,US0460,US0460,0,098 US-460,US0460,N,N,NULL,NULL,NULL,N,NULL,NULL,NULL,NULL,NULL,NULL,4.411,NULL,NULL,NULL,NULL,,NULL,1,0,1,1,N,N,55,NULL,98,9801,NULL,,Y,37.41752,-82.45512,N,NULL,NULL,NULL,NULL,NULL,NULL,NULL,NULL,9,5,2,6,1,5,3,7,7,3,Y,NULL,N,N,418,437,,N,NULL,44,,1,Y,,N,N,098-US-0460-0,NULL,NULL,2019,C,7.23E+11,098-US-0460  -000,HIGH,098-US-0460  -000,4.411,0,0,0,0,0,0,0,0,1,0,0,1,0,0
1334,72353768,980100,2.02E+11,20190516,1832,,6TH,,ST,,,0,098 CS-1135,CS1135,N,N,NULL,NULL,NULL,N,NULL,NULL,NULL,NULL,NULL,NULL,0.018,NULL,NULL,NULL,NULL,,NULL,0,0,2,2,N,N,15,NULL,98,9801,NULL,,Y,37.48382,-82.52016,N,NULL,NULL,NULL,NULL,NULL,NULL,NULL,NULL,2,3,1,6,1,1,2,2,6,3,N,NULL,Y,N,1832,1837,1840,N,NULL,56,,,N,,N,N,098-CS-1135-0,NULL,NULL,2019,O,7.24E+11,098-CS-1135  -000,HIGH,098-CS-1135  -000,0.018,0,0,0,1,0,0,1,0,0,0,0,0,0,1
1335,72397394,KSP0900,19-32260,20190820,1726,,ROCKHOUSE,,CRK,,,0,098 CR-1243,CR1243,N,N,NULL,NULL,NULL,N,NULL,NULL,NULL,NULL,NULL,NULL,0.536,NULL,NULL,NULL,NULL,,NULL,0,0,2,2,Y,N,35,NULL,98,9830,NULL,,Y,37.33155,-82.46088,N,NULL,NULL,NULL,NULL,NULL,NULL,NULL,NULL,3,3,1,3,1,1,2,2,7,3,N,NULL,Y,N,1743,1759,1750,N,NULL,52,,,Y,,N,N,098-CR-1243-0,NULL,NULL,2019,O,7.24E+11,098-CR-1243  -000,HIGH,098-CR-1243  -000,0.536,0,0,0,0,0,0,0,0,0,0,0,1,0,0
1336,72387334,KSP0900,19-28460,20190726,830,,US119,,,US0119,US0119,0,098 US-119,US0119,N,N,NULL,NULL,NULL,N,NULL,NULL,NULL,NULL,NULL,NULL,11.556,NULL,NULL,NULL,NULL,,NULL,2,0,1,1,N,N,55,NULL,98,9820,NULL,,Y,37.59208,-82.38123,N,NULL,NULL,NULL,NULL,NULL,NULL,NULL,NULL,9,3,2,4,1,1,2,2,7,3,Y,NULL,Y,Y,830,835,915,N,NULL,44,2,1,Y,,N,N,098-US-0119-0,NULL,NULL,2019,B,7.24E+11,098-US-0119  -000,HIGH,098-US-0119  -000,11.556,0,0,0,0,0,0,0,0,1,0,0,1,0,0
1337,72300935,980100,2.02E+11,20190108,1604,,COLLEGE,N,ST,,,,,,N,Y,ELM,S,ST,N,NULL,NULL,NULL,NULL,NULL,NULL,0.066,NULL,NULL,NULL,NULL,,NULL,0,0,2,2,N,N,15,NULL,98,9801,NULL,,Y,37.47659,-82.52131,N,NULL,NULL,NULL,NULL,NULL,NULL,NULL,NULL,1,3,2,4,1,1,2,2,6,3,N,NULL,Y,N,1604,1606,1610,N,NULL,10,,,Y,,N,N,,NULL,NULL,2019,O,7.23E+11,098-CS-1108  -000,LOW,098-CS-1108  -000,0.066,0,0,1,0,0,0,0,1,0,0,1,0,0,1
1338,72361305,980100,2.02E+11,20190601,1349,,HAMBLEY,,BLVD,,,0,098 CS-1222,CS1222,Y,N,NULL,NULL,NULL,N,NULL,NULL,NULL,NULL,NULL,NULL,0.496,NULL,NULL,NULL,NULL,,NULL,0,0,2,2,N,N,5,NULL,98,9801,NULL,,Y,37.47828,-82.52018,N,NULL,NULL,NULL,NULL,NULL,NULL,NULL,NULL,2,97,2,6,2,1,2,5,1,3,N,NULL,Y,N,1349,1356,1356,N,NULL,90,,,N,,N,N,098-CS-1222-0,NULL,NULL,2019,O,7.24E+11,098-CS-1222  -000,HIGH,098-CS-1222  -000,0.496,0,0,0,0,0,0,0,0,0,0,0,0,0,1
1339,72410969,KSP0900,19-37168,20190922,1430,,SMITH FORK,,RD,KY3419,KY3419,0,098 KY-3419,KY3419,N,N,NULL,NULL,NULL,N,NULL,NULL,NULL,NULL,NULL,NULL,3.274,NULL,NULL,NULL,NULL,,NULL,0,0,2,2,N,N,25,NULL,98,9804,NULL,,Y,37.46878,-82.19345,N,NULL,NULL,NULL,NULL,NULL,NULL,NULL,NULL,2,3,2,6,1,1,2,2,7,3,N,NULL,Y,Y,1600,1645,1430,N,NULL,56,9,0,N,,N,N,098-KY-3419-0,NULL,NULL,2019,O,7.24E+11,098-KY-3419  -000,HIGH,098-KY-3419  -000,3.274,0,0,0,1,0,0,1,0,0,0,0,0,0,0
1340,72302981,KSP0900,19-376,20190104,719,,KY194,,,KY0194,KY0194,0,098 KY-194,KY0194,N,N,NULL,NULL,NULL,N,NULL,NULL,NULL,NULL,NULL,NULL,21.059,NULL,NULL,NULL,NULL,,NULL,1,0,2,2,N,N,55,NULL,98,9817,NULL,,Y,37.53679,-82.39401,N,NULL,NULL,NULL,NULL,NULL,NULL,NULL,NULL,7,3,2,3,1,5,3,2,7,3,Y,NULL,Y,N,720,822,830,N,NULL,54,6,0,Y,,N,N,098-KY-0194-0,NULL,NULL,2019,C,7.23E+11,098-KY-0194  -000,HIGH,098-KY-0194  -000,21.059,0,0,0,0,0,0,0,0,1,0,0,1,0,0
1341,72308300,KSP0900,19-2684,20190125,1140,,FROZEN,,CRK,,,0,098 CR-1353,CR1353,N,N,NULL,NULL,NULL,N,NULL,NULL,NULL,NULL,NULL,NULL,0.132,NULL,NULL,NULL,NULL,,NULL,0,0,2,2,N,N,35,NULL,98,9850,NULL,,Y,37.50404,-82.45118,N,NULL,NULL,NULL,NULL,NULL,NULL,NULL,NULL,7,3,2,3,1,1,2,2,7,3,N,NULL,Y,N,1142,1210,1300,N,NULL,54,,,N,,N,N,098-CR-1353-0,NULL,NULL,2019,O,7.23E+11,098-CR-1353  -000,HIGH,098-CR-1353  -000,0.132,0,0,0,0,0,0,1,0,0,0,0,1,0,0
1342,72406561,KSP0900,19-33166,20190826,1712,,LITTLE CARD,,RD,,,0,098 CR-1178,CR1178,N,N,NULL,NULL,NULL,N,NULL,NULL,NULL,NULL,NULL,NULL,0.062,NULL,NULL,NULL,NULL,,NULL,0,0,2,2,N,N,35,NULL,98,9839,NULL,,Y,37.39211,-82.25966,N,NULL,NULL,NULL,NULL,NULL,NULL,NULL,NULL,7,3,2,3,1,5,6,2,7,3,N,NULL,N,N,1712,1826,,N,NULL,54,,,N,,N,N,098-CR-1178-0,NULL,NULL,2019,O,7.24E+11,098-CR-1178  -000,HIGH,098-CR-1178  -000,0.062,0,0,0,0,0,0,0,0,0,1,0,1,0,0
1343,72388615,980100,2.02E+11,20190731,1550,,US23,,,US0023,US0023,,,,N,Y,CEDAR HILLS,,RD,N,NULL,NULL,NULL,NULL,NULL,NULL,22.941,NULL,NULL,NULL,NULL,,NULL,0,0,2,1,N,N,55,NULL,98,9801,NULL,,Y,37.46536,-82.52597,N,NULL,NULL,NULL,NULL,NULL,NULL,NULL,NULL,5,3,4,6,1,5,3,2,7,3,N,NULL,Y,N,1550,1607,1653,N,NULL,35,,1,N,,N,N,,NULL,NULL,2019,O,7.24E+11,098-US-0023  -010,MEDIUM,098-US-0023  -000,22.941,0,0,1,0,0,0,1,0,0,0,1,0,0,1
1344,72370510,980100,2.02E+11,20190618,1411,,CASSIDY,,BLVD,,,,,,Y,N,NULL,NULL,NULL,N,NULL,NULL,NULL,NULL,NULL,NULL,0.324,NULL,NULL,NULL,NULL,,NULL,0,0,2,2,N,N,15,NULL,98,9801,NULL,,Y,37.50522,-82.53733,N,NULL,NULL,NULL,NULL,NULL,NULL,NULL,NULL,2,97,1,6,1,5,6,2,1,3,N,NULL,Y,N,1411,1418,1418,N,NULL,90,,,N,,N,N,,NULL,NULL,2019,O,7.24E+11,098-CS-1191  -000,HIGH,098-CS-1191  -000,0.324,0,0,0,1,0,0,1,0,0,0,0,0,0,1
1345,72303014,KSP0900,19-1276,20190111,1812,,US119,,,US0119,US0119,0,098 US-119,US0119,N,N,NULL,NULL,NULL,N,NULL,NULL,NULL,NULL,NULL,NULL,24.338,NULL,NULL,NULL,NULL,,NULL,2,0,2,2,N,N,55,NULL,98,9834,NULL,,Y,37.6598,-82.27322,N,NULL,NULL,NULL,NULL,NULL,NULL,NULL,NULL,1,3,4,6,1,1,2,6,7,3,Y,NULL,Y,Y,1813,1820,1900,N,NULL,55,2,1,N,,N,N,098-US-0119-0,NULL,NULL,2019,C,7.23E+11,098-US-0119  -000,HIGH,098-US-0119  -000,24.338,0,0,0,1,0,0,0,1,0,0,0,0,0,0
1346,72301850,KSP0900,19-810,20190107,1848,,KY122,,,KY0122,KY0122,0,098 KY-122,KY0122,Y,N,NULL,NULL,NULL,N,NULL,NULL,NULL,NULL,NULL,NULL,5.194,NULL,NULL,NULL,NULL,,NULL,0,0,2,2,N,N,,NULL,98,9827,8,S,N,37.34979,-82.5927,N,NULL,NULL,NULL,NULL,NULL,NULL,NULL,NULL,2,97,2,6,1,1,3,5,1,3,N,NULL,Y,N,1857,1909,1909,N,NULL,90,,0,N,,N,N,098-KY-0122-0,NULL,NULL,2019,O,7.23E+11,098-KY-0122  -000,HIGH,098-KY-0122  -000,5.194,0,0,1,0,0,0,1,0,0,0,0,0,0,0
1347,72404269,KSP0900,19-34503,20190904,1620,,FEDS CREEK DICKS,,FRK,,,0,098 CR-1173,CR1173,N,N,NULL,NULL,NULL,N,NULL,NULL,NULL,NULL,NULL,NULL,0.309,NULL,NULL,NULL,NULL,,NULL,3,0,2,2,N,N,35,NULL,98,9896,NULL,,Y,37.41493,-82.18974,N,NULL,NULL,NULL,NULL,NULL,NULL,NULL,NULL,7,3,1,6,1,1,2,2,7,3,N,NULL,Y,Y,1622,1720,1800,N,NULL,54,,,N,,N,N,098-CR-1173-0,NULL,NULL,2019,C,7.24E+11,098-CR-1173  -000,HIGH,098-CR-1173  -000,0.309,0,0,1,0,0,0,0,1,0,0,0,1,0,0
1348,72381488,KSP0900,19-25947,20190709,813,,OWSLEY,,RD,KY1384,KY1384,0,098 KY-1384,KY1384,N,N,NULL,NULL,NULL,N,NULL,NULL,NULL,NULL,NULL,NULL,4.106,NULL,NULL,NULL,NULL,,NULL,1,0,2,2,N,N,55,NULL,98,9801,NULL,,Y,37.4944,-82.5798,N,NULL,NULL,NULL,NULL,NULL,NULL,NULL,NULL,1,3,1,6,1,1,2,2,6,3,N,NULL,Y,Y,815,828,,N,NULL,55,,0,Y,,N,N,098-KY-1384-0,NULL,NULL,2019,C,7.24E+11,098-KY-1384  -000,HIGH,098-KY-1384  -000,4.106,0,0,0,1,0,0,0,0,0,0,0,1,0,0
1349,72405341,980100,2.02E+11,20190828,1340,,KY1426,,,KY1426,KY1426,0,098 KY-1426,KY1426,N,N,NULL,NULL,NULL,N,NULL,NULL,NULL,NULL,NULL,NULL,6.662,NULL,NULL,NULL,NULL,,NULL,1,0,2,2,N,N,45,NULL,98,9801,NULL,,Y,37.48372,-82.51267,N,NULL,NULL,NULL,NULL,NULL,NULL,NULL,NULL,3,3,2,6,1,1,2,2,7,3,Y,NULL,Y,Y,1340,1355,1432,N,NULL,52,,0,N,,N,N,098-KY-1426-0,NULL,NULL,2019,C,7.24E+11,098-KY-1426  -000,HIGH,098-KY-1426  -000,6.662,0,0,0,0,0,0,1,0,0,0,0,1,0,1
1350,72319456,980100,2.02E+11,20190221,1909,,US23,,,US0023,US0023,,,,N,N,NULL,NULL,NULL,N,NULL,NULL,NULL,NULL,NULL,NULL,21.344,NULL,NULL,NULL,NULL,,NULL,0,0,2,2,N,N,55,NULL,98,9801,NULL,,Y,37.44976,-82.52455,N,NULL,NULL,NULL,NULL,NULL,NULL,NULL,NULL,5,3,4,6,1,1,3,6,7,3,N,NULL,Y,N,1909,1913,1925,N,NULL,49,,1,N,,N,N,,NULL,NULL,2019,O,7.23E+11,098-US-0023  -010,MEDIUM,098-US-0023  -000,21.344,0,0,0,0,0,0,1,0,0,0,0,0,0,1
1351,72437734,KSP0900,19-44278,20191111,1630,,US119,,,US0119,US0119,0,098 US-119,US0119,Y,N,NULL,NULL,NULL,N,NULL,NULL,NULL,NULL,NULL,NULL,24.12,NULL,NULL,NULL,NULL,,NULL,0,0,2,2,N,N,15,NULL,98,9834,NULL,,Y,37.65548,-82.26933,N,NULL,NULL,NULL,NULL,NULL,NULL,NULL,NULL,2,97,1,6,1,1,2,2,7,3,N,NULL,Y,N,1630,1715,1715,N,NULL,90,2,1,N,,N,N,098-US-0119-0,NULL,NULL,2019,O,7.24E+11,098-US-0119  -000,HIGH,098-US-0119  -000,24.12,0,0,0,1,0,0,1,0,0,0,0,0,0,0
1352,72325490,KSP0900,19-7224,20190305,1521,,KY122,,,KY0122,KY0122,0,098 KY-122,KY0122,N,N,NULL,NULL,NULL,N,NULL,NULL,NULL,NULL,NULL,NULL,6.322,NULL,NULL,NULL,NULL,,NULL,3,0,1,1,N,N,55,NULL,98,9827,8,SE,N,37.36302,-82.58366,N,NULL,NULL,NULL,NULL,NULL,NULL,NULL,NULL,9,3,2,5,1,1,2,2,7,3,Y,NULL,Y,Y,1537,1539,1606,N,NULL,44,,0,Y,,N,N,098-KY-0122-0,NULL,NULL,2019,B,7.23E+11,098-KY-0122  -000,HIGH,098-KY-0122  -000,6.322,0,0,0,0,0,0,0,0,1,1,0,1,0,0
1353,72347094,980100,2.02E+11,20190418,1534,,CASSIDY BLVD,,,,,,,,N,N,NULL,NULL,NULL,N,NULL,NULL,NULL,NULL,NULL,NULL,,NULL,NULL,NULL,NULL,,NULL,0,0,2,2,Y,N,35,NULL,98,9801,NULL,,Y,37.50465,-82.53632,N,NULL,NULL,NULL,NULL,NULL,NULL,NULL,NULL,1,3,4,6,1,1,2,2,7,3,N,NULL,N,N,1550,1550,1556,N,NULL,55,,,N,,N,N,,NULL,NULL,2019,O,7.23E+11,098-CS-1191  -000,HIGH,098-CS-1191  -000,0.254,0,0,0,0,0,0,1,0,0,0,0,0,0,1
1354,72344192,KSP0900,19-14409,20190424,1628,,DORTON-JENKINS,,HWY,KY0805,KY0805,0,098 KY-805,KY0805,N,N,NULL,NULL,NULL,N,NULL,NULL,NULL,NULL,NULL,NULL,6.326,NULL,NULL,NULL,NULL,,NULL,1,0,1,1,N,N,55,NULL,98,9809,NULL,,Y,37.27355,-82.5771,N,NULL,NULL,NULL,NULL,NULL,NULL,NULL,NULL,9,3,2,3,1,1,2,2,7,3,N,NULL,Y,Y,1810,1828,,N,NULL,70,7,0,N,,N,N,098-KY-0805-0,NULL,NULL,2019,B,7.23E+11,098-KY-0805  -000,HIGH,098-KY-0805  -000,6.326,0,0,0,0,0,0,1,0,0,0,0,1,0,0
1355,72871393,980100,2.02E+11,20230303,1917,,CASSIDY,,BLVD,,,0,098 CS-1191,CS1191,N,N,NULL,NULL,NULL,N,NULL,NULL,NULL,NULL,NULL,NULL,0.287,NULL,NULL,NULL,NULL,,NULL,1,0,2,2,N,N,35,NULL,98,9801,NULL,,Y,37.50495,-82.53657,N,NULL,NULL,NULL,NULL,NULL,NULL,NULL,NULL,4,3,2,3,1,5,3,5,1,3,Y,NULL,Y,Y,1917,1923,1955,N,NULL,70,,,Y,,N,N,098-CS-1191-0,NULL,NULL,2023,B,7.29E+11,098-CS-1191  -000,HIGH,098-CS-1191  -000,0.277,1,0,0,0,0,0,1,1,0,0,0,0,0,1
1356,72385574,KSP0900,19-28323,20190725,1004,,KY194,,,KY0194,KY0194,0,098 KY-194,KY0194,N,N,NULL,NULL,NULL,N,NULL,NULL,NULL,NULL,NULL,NULL,20.722,NULL,NULL,NULL,NULL,,NULL,0,0,1,1,N,N,55,NULL,98,9817,NULL,,Y,37.54312,-82.39307,N,NULL,NULL,NULL,NULL,NULL,NULL,NULL,NULL,9,3,2,3,1,1,2,2,7,3,N,NULL,Y,N,1004,1014,1004,N,NULL,38,6,0,N,,N,N,098-KY-0194-0,NULL,NULL,2019,O,7.24E+11,098-KY-0194  -000,HIGH,098-KY-0194  -000,20.722,0,0,0,1,0,0,0,0,0,0,0,0,0,0
1357,72313367,980100,2.02E+11,20190207,722,,US23,,,US0023,US0023,0,098 US-23-10,US0023,N,N,NULL,NULL,NULL,N,NULL,NULL,NULL,NULL,NULL,NULL,26.357,NULL,NULL,NULL,NULL,,NULL,0,0,1,1,N,N,55,NULL,98,9801,NULL,,Y,37.50469,-82.53223,N,NULL,NULL,NULL,NULL,NULL,NULL,NULL,NULL,9,3,4,6,1,5,6,5,1,3,N,NULL,Y,N,722,725,728,N,NULL,70,,1,N,,N,N,098-US-0023-10,NULL,NULL,2019,O,7.23E+11,098-US-0023  -010,HIGH,098-US-0023  -000,26.357,0,0,0,0,0,0,0,0,0,0,0,0,0,1
1358,72340304,KSP0900,19-12545,20190411,2230,,COWPEN,,RD,KY2061,KY2061,0,098 KY-2061,KY2061,N,N,NULL,NULL,NULL,N,NULL,NULL,NULL,NULL,NULL,NULL,0.029,NULL,NULL,NULL,NULL,,NULL,0,0,2,2,N,N,55,NULL,98,9807,NULL,,Y,37.52985,-82.57529,N,NULL,NULL,NULL,NULL,NULL,NULL,NULL,NULL,7,7,2,6,1,1,2,5,1,3,N,NULL,Y,N,2237,2237,,N,NULL,47,,0,N,,N,N,098-KY-2061-0,NULL,NULL,2019,O,7.23E+11,098-KY-2061  -000,HIGH,098-KY-2061  -000,0.029,0,0,0,0,0,0,1,0,0,0,0,0,0,0
1359,72325580,980100,2.02E+11,20190308,1155,,BYPASS,S,RD,KY1426,KY1426,0,098 KY-1426,KY1426,N,N,NULL,NULL,NULL,N,NULL,NULL,NULL,NULL,NULL,NULL,5.642,NULL,NULL,NULL,NULL,,NULL,0,0,2,2,N,N,45,NULL,98,9801,NULL,,Y,37.47257,-82.5237,N,NULL,NULL,NULL,NULL,NULL,NULL,NULL,NULL,1,3,2,6,1,5,6,2,1,3,N,NULL,Y,N,1155,1202,1219,N,NULL,55,,0,N,,N,N,098-KY-1426-0,NULL,NULL,2019,O,7.23E+11,098-KY-1426  -000,HIGH,098-KY-1426  -000,5.642,0,0,0,1,0,0,1,0,0,0,0,0,0,1
1360,72404702,980100,2.02E+11,20190909,1742,,US23,,,US0023,US0023,0,098 US-23,US0023,N,N,NULL,NULL,NULL,N,NULL,NULL,NULL,NULL,NULL,NULL,27.317,NULL,NULL,NULL,NULL,,NULL,0,0,2,2,N,N,55,NULL,98,9801,NULL,,Y,37.51062,-82.54762,N,NULL,NULL,NULL,NULL,NULL,NULL,NULL,NULL,5,3,6,6,1,1,2,2,7,3,N,NULL,Y,N,1742,1752,,N,NULL,49,,1,N,,N,N,098-US-0023-0,NULL,NULL,2019,O,7.24E+11,098-US-0023  -000,HIGH,098-US-0023  -000,27.317,0,0,0,0,0,0,1,0,0,0,0,0,0,1
1361,72366139,KSP0900,19-21028,20190607,1035,,KY1426,,,KY1426,KY1426,0,098 KY-1426,KY1426,N,N,NULL,NULL,NULL,N,NULL,NULL,NULL,NULL,NULL,NULL,9.562,NULL,NULL,NULL,NULL,,NULL,0,0,2,2,N,N,55,NULL,98,9801,NULL,,Y,37.51289,-82.48761,N,NULL,NULL,NULL,NULL,NULL,NULL,NULL,NULL,5,3,2,6,1,1,2,2,7,3,N,NULL,Y,N,930,935,1020,N,NULL,49,,0,N,,N,N,098-KY-1426-0,NULL,NULL,2019,O,7.24E+11,098-KY-1426  -000,HIGH,098-KY-1426  -000,9.562,0,0,0,1,0,0,1,1,0,0,0,0,0,1
1362,72367920,370200,2019-20679,20190605,850,,KY194,,,KY0194,KY0194,0,098 KY-194,KY0194,N,N,NULL,NULL,NULL,N,NULL,NULL,NULL,NULL,NULL,NULL,18.3,NULL,NULL,NULL,NULL,,NULL,0,0,2,2,N,N,45,NULL,98,9801,NULL,,Y,37.55811,-82.42333,N,NULL,NULL,NULL,NULL,NULL,NULL,NULL,NULL,7,3,2,3,1,5,3,2,7,3,N,NULL,Y,Y,850,914,914,N,NULL,54,6,5,N,,N,N,098-KY-0194-0,NULL,NULL,2019,O,7.24E+11,098-KY-0194  -000,HIGH,098-KY-0194  -000,18.3,0,1,0,0,0,0,0,0,0,0,0,1,0,0
1363,72305976,980100,2.02E+11,20190118,558,,CHLOE,,RD,KY1460,KY1460,,,,N,N,NULL,NULL,NULL,N,NULL,NULL,NULL,NULL,NULL,NULL,3.328,NULL,NULL,NULL,NULL,,NULL,0,0,1,1,N,N,35,NULL,98,9801,NULL,,Y,37.4745,-82.48597,N,NULL,NULL,NULL,NULL,NULL,NULL,NULL,NULL,9,97,2,1,1,5,3,6,7,3,N,NULL,Y,N,558,606,656,N,NULL,44,,0,N,,N,N,,NULL,NULL,2019,O,7.23E+11,098-KY-1460  -000,HIGH,098-KY-1460  -000,3.328,0,0,0,0,0,0,0,0,0,0,0,1,0,1
1364,72335728,980100,2.02E+11,20190405,1734,,MAYO,S,TRL,KY3496,KY3496,0,098 KY-3496,KY3496,Y,N,NULL,NULL,NULL,N,NULL,NULL,NULL,NULL,NULL,NULL,0.46,NULL,NULL,NULL,NULL,,NULL,0,0,2,2,N,Y,15,NULL,98,9801,NULL,,Y,37.46955,-82.53383,N,NULL,NULL,NULL,NULL,NULL,NULL,NULL,NULL,5,97,1,6,1,1,2,2,1,3,N,NULL,Y,N,1734,1740,1740,N,NULL,90,16,0,N,,N,N,098-KY-3496-0,NULL,NULL,2019,O,7.23E+11,098-KY-3496  -000,HIGH,098-KY-3496  -000,0.46,0,0,0,1,0,0,1,0,0,0,0,0,0,1
1365,72361211,980100,2.02E+11,20190522,1613,,US23,,,US0023,US0023,,,,N,N,NULL,NULL,NULL,N,NULL,NULL,NULL,NULL,NULL,NULL,27.298,NULL,NULL,NULL,NULL,,NULL,0,0,2,2,N,N,55,NULL,98,9801,NULL,,Y,37.51063,-82.5472,N,NULL,NULL,NULL,NULL,NULL,NULL,NULL,NULL,5,3,4,6,1,1,2,2,7,3,N,NULL,Y,N,1613,1623,1623,N,NULL,70,,1,N,,N,N,,NULL,NULL,2019,O,7.24E+11,098-US-0023  -000,MEDIUM,098-US-0023  -000,27.298,0,0,0,0,0,0,1,0,0,0,0,0,0,1
1366,72461164,KSP0900,20-0540,20200105,1058,,KY1056,,,KY1056,KY1056,0,098 KY-1056,KY1056,N,N,NULL,NULL,NULL,N,NULL,NULL,NULL,NULL,NULL,NULL,3.637,NULL,NULL,NULL,NULL,,NULL,1,0,1,1,N,N,55,NULL,98,9851,NULL,,Y,37.55139,-82.2151,N,NULL,NULL,NULL,NULL,NULL,NULL,NULL,NULL,9,3,2,5,1,5,2,2,7,3,Y,NULL,Y,Y,1058,1113,1143,N,NULL,44,8,0,N,,N,N,098-KY-1056-0,NULL,NULL,2020,C,7.25E+11,098-KY-1056  -000,HIGH,098-KY-1056  -000,3.637,0,0,0,1,0,0,0,0,0,0,0,1,0,0
1367,72401329,KSP0900,19-33262,20190827,1016,,POWELLS,,CRK,,,0,098 CR-1208,CR1208,N,N,NULL,NULL,NULL,N,NULL,NULL,NULL,NULL,NULL,NULL,1.67,NULL,NULL,NULL,NULL,,NULL,0,0,2,2,N,N,35,NULL,98,9801,3,E,N,37.40454,-82.40502,N,NULL,NULL,NULL,NULL,NULL,NULL,NULL,NULL,7,3,1,1,1,5,3,2,6,3,N,NULL,Y,N,1016,1045,,N,NULL,54,,,N,,N,N,098-CR-1208-0,NULL,NULL,2019,O,7.24E+11,098-CR-1208  -000,HIGH,098-CR-1208  -000,1.67,0,0,0,0,0,0,0,0,0,0,0,1,0,0
1368,72417176,KSP0900,19-39457,20191006,2144,,KY611,,,KY0611,KY0611,0,098 KY-611,KY0611,N,N,NULL,NULL,NULL,N,NULL,NULL,NULL,NULL,NULL,NULL,5.254,NULL,NULL,NULL,NULL,,NULL,0,0,2,2,Y,N,55,NULL,98,9801,10,S,N,37.31823,-82.53672,N,NULL,NULL,NULL,NULL,NULL,NULL,NULL,NULL,1,97,2,6,1,5,3,4,6,3,N,NULL,Y,N,2144,2225,,N,NULL,47,8,0,N,,N,N,098-KY-0611-0,NULL,NULL,2019,O,7.24E+11,098-KY-0611  -000,HIGH,098-KY-0611  -000,5.254,0,0,0,0,0,0,0,0,0,0,0,1,0,0
1369,72337786,KSP0900,19-12261,20190410,1211,,US23,,,US0023,US0023,0,098 US-23-10,US0023,N,N,NULL,NULL,NULL,N,NULL,NULL,NULL,NULL,NULL,NULL,11.674,NULL,NULL,NULL,NULL,,NULL,0,0,2,2,N,N,55,NULL,98,9827,NULL,,Y,37.35855,-82.55502,N,NULL,NULL,NULL,NULL,NULL,NULL,NULL,NULL,1,3,4,6,1,1,2,2,7,3,N,NULL,N,N,1220,1230,,N,NULL,55,,1,N,,N,N,098-US-0023-10,NULL,NULL,2019,O,7.23E+11,098-US-0023  -010,HIGH,098-US-0023  -000,11.674,0,0,0,0,0,0,1,1,0,0,0,0,0,0
1370,72441578,980100,2.02E+11,20191116,2237,,BYPASS,S,RD,KY1426,KY1426,0,098 KY-1426,KY1426,N,N,NULL,NULL,NULL,N,NULL,NULL,NULL,NULL,NULL,NULL,6.141,NULL,NULL,NULL,NULL,,NULL,1,0,2,1,N,N,45,NULL,98,9801,NULL,,Y,37.47716,-82.51679,N,NULL,NULL,NULL,NULL,NULL,NULL,NULL,NULL,9,3,2,5,1,1,2,5,7,3,Y,NULL,Y,N,2237,2238,157,N,NULL,36,,0,N,,N,N,098-KY-1426-0,NULL,NULL,2019,A,7.24E+11,098-KY-1426  -000,HIGH,098-KY-1426  -000,6.141,0,0,0,0,1,0,0,0,0,0,0,0,0,1