OBJECTID,MasterFile,AgencyORINumber,LocalCode,CollisionDate,CollisionTime,CollisionDayWeekCode,RoadwayName,RoadwayName_Direction_,RoadwayName_RoadwaySuffix_,RoadwayfromReport,CurrentRoadwayNumber,RoadwayNumberCoupletID,RSEUniqueGIS,RoadwayIdentifier,ParkingLotIndicator,IntersectionWith_Indicator_,IntersectionWith_NameRoadway_,IntersectionWith_Direction_,IntersectionWith_RoadwaySuffix_,BetweenStreets_Indicator_,BetweenStreets1_NameRoadway_,BetweenStreet1_Direction_,BetweenStreets1_RoadwaySuffix_,BetweenStreets2_NameRoadway_,BetweenStreets2_Direction_,BetweenStreets2_RoadwaySuffix_,Milepoint,ReportMilepointDeriveNumber,CurrentDerivedMiepointNumber,MilestoMilepoint,FeettoMilepoint,DirectionfromMilepoint_NSEW_,ValidMilepointIndicator,NumberInjured,NumberKilled,ofUnits,ofMotorVehicleUnits,Hit&RunIndicator,OneWayIndicator,SpeedLimitNumber,KilometersIndicator,CountyCode,CityCountyCode,MilesFromCity,DirectionFromCity_NSEW_,InCityLimitsIndicator,Latitude,Longitude,RampIndicator,RampFromIdentifier,RampFromDirCode,RampFromCoupletID,RSEUniqueGISRampFrom,RampToidentifier,RampToDirCode,RampToCoupletID,RSEUniqueGisRampTo,MannerofCollisionCode,LocationFirstEventCode,TotalLanes,RoadwayCharacterCode,RoadwaySurfaceCode,RoadwayConditionCode,WeatherCode,LightConditionCode,LandUseCode,SchoolBusRelatedCode,FirstAidSceneIndicator,CollDescPresentInd,InvestigationCompleteIndicator,PhotosTakenIndicator,TimeNotified,TimeArrived,TimeRoadwayOpened,PropertyDamageIndicator,DiagramPresentIndicator,DirectionalAnalysis,FunctionClassCode,NationalHwySysCode,EnforcementsIndicator,KARSCityCode,SecondaryCollisionIndicator,MedianCrossoverIndicator,RT_UNIQUE,MapIt,TimeLastLeft,YR,KABCO,MFNY,WorkingRID,RT_CONFIDENCE,KTC_RT,KTC_MP,Motorcyclist,Commercial Vehicle,Young Driver,Mature Driver,Pedestrian,Bicyclist,Distracted,Aggressive,Impaired,Unrestrained,Intersection,Roadway Departure,Median Cross-over,City Crash
1371,72386084,980100,2.02E+11,20190729,1257,,THOMPSON,,RD,,,0,098 CS-1215,CS1215,Y,N,NULL,NULL,NULL,N,NULL,NULL,NULL,NULL,NULL,NULL,,NULL,NULL,NULL,NULL,NULL,NULL,0,0,2,2,N,N,,NULL,98,9801,NULL,,Y,37.50695,-82.54343,N,NULL,NULL,NULL,NULL,NULL,NULL,NULL,NULL,7,97,2,6,1,1,2,2,1,3,N,NULL,Y,N,1257,1257,1316,N,NULL,90,,,N,,N,N,098-CS-1215-0,NULL,NULL,2019,O,7.24E+11,098-CS-1215  -000,HIGH,098-CS-1215  -000,0.502,0,0,0,1,0,0,1,0,0,0,0,0,0,1
1372,72458654,KSP0900,19-50175,20191225,1100,,ROAD,,FRK,,,0,098 CR-1377Q4,CR1377Q4,N,N,NULL,NULL,NULL,N,NULL,NULL,NULL,NULL,NULL,NULL,0.525,NULL,NULL,NULL,NULL,,NULL,0,0,1,1,N,N,35,NULL,98,9833,NULL,,Y,37.59375,-82.37164,N,NULL,NULL,NULL,NULL,NULL,NULL,NULL,NULL,9,6,2,3,1,1,3,2,7,3,N,NULL,Y,N,1100,1200,1300,N,NULL,44,,,Y,,N,N,098-CR-1377Q4-0,NULL,NULL,2019,O,7.25E+11,098-CR-1377Q4-000,HIGH,098-CR-1377Q4-000,0.525,0,0,0,0,0,0,1,0,0,0,0,1,0,0
1373,72426865,980100,2.02E+11,20191026,1754,,CASSIDY,,BLVD,,,,,,Y,N,NULL,NULL,NULL,N,NULL,NULL,NULL,NULL,NULL,NULL,0.301,NULL,NULL,NULL,NULL,,NULL,0,0,2,2,N,N,,NULL,98,9801,NULL,,Y,37.50523,-82.53688,N,NULL,NULL,NULL,NULL,NULL,NULL,NULL,NULL,2,97,2,6,1,1,2,2,1,3,N,NULL,Y,N,1755,1804,,N,NULL,90,,,N,,N,N,,NULL,NULL,2019,O,7.24E+11,098-CS-1191  -000,HIGH,098-CS-1191  -000,0.301,0,0,0,0,0,0,1,0,0,0,0,0,0,1
1374,72315639,980100,2.02E+11,20190212,1445,,DIAGNOSTIC CENTER PARKING LOT,,,,,,,,Y,N,NULL,NULL,NULL,N,NULL,NULL,NULL,NULL,NULL,NULL,,NULL,NULL,NULL,NULL,NULL,NULL,0,0,2,2,N,N,15,NULL,98,9801,NULL,,Y,37.47258,-82.52652,N,NULL,NULL,NULL,NULL,NULL,NULL,NULL,NULL,2,97,,6,1,5,6,2,1,3,N,NULL,Y,N,1447,1456,1456,N,NULL,90,,,N,,N,N,,NULL,NULL,2019,O,7.23E+11,098-KY-1426  -029,MEDIUM,098-KY-1426  -029,0.014,0,0,0,1,0,0,1,0,0,0,0,0,0,1
1375,72797714,980100,2.02E+11,20220811,1011,,OWSLEY,,RD,KY1384,KY1384,0,098 KY-1384,KY1384,N,Y,HAMBLEY,,BLVD,N,NULL,NULL,NULL,NULL,NULL,NULL,7.38,NULL,NULL,NULL,NULL,,NULL,0,0,2,2,N,N,45,NULL,98,9801,NULL,,Y,37.4817,-82.53329,N,NULL,NULL,NULL,NULL,NULL,NULL,NULL,NULL,2,3,4,6,1,1,2,2,7,3,N,NULL,Y,N,1011,1015,1025,N,NULL,18,16,0,N,,N,N,098-KY-1384-0,NULL,NULL,2022,O,7.28E+11,098-KY-1384  -000,HIGH,098-KY-1384  -000,7.38,0,0,0,1,0,0,1,0,0,0,1,0,0,1
1376,72385523,980100,2.02E+11,20190717,1749,,CASSIDY,,BLVD,,,,,,Y,N,NULL,NULL,NULL,N,NULL,NULL,NULL,NULL,NULL,NULL,0.317,NULL,NULL,NULL,NULL,,NULL,0,0,2,2,N,N,15,NULL,98,9801,NULL,,Y,37.5052,-82.53719,N,NULL,NULL,NULL,NULL,NULL,NULL,NULL,NULL,2,97,1,6,1,5,3,2,1,3,N,NULL,Y,N,1749,1756,1756,N,NULL,90,,,N,,N,N,,NULL,NULL,2019,O,7.24E+11,098-CS-1191  -000,HIGH,098-CS-1191  -000,0.317,0,0,0,0,0,0,1,0,0,0,0,0,0,1
1377,72395930,980100,2.02E+11,20190820,2107,,CASSIDY,,BLVD,,,0,098 CS-1191,CS1191,N,Y,PRATER PLACE,,,N,NULL,NULL,NULL,NULL,NULL,NULL,,NULL,NULL,NULL,NULL,NULL,NULL,0,0,2,2,N,N,25,NULL,98,9801,NULL,,Y,37.50369,-82.53466,N,NULL,NULL,NULL,NULL,NULL,NULL,NULL,NULL,8,3,4,6,1,5,2,5,1,3,N,NULL,Y,N,2107,2112,2116,N,NULL,19,,,N,,N,N,098-CS-1191-0,NULL,NULL,2019,O,7.24E+11,098-CS-1191  -000,HIGH,098-CS-1191  -000,0.141,0,0,1,0,0,0,0,1,0,0,1,0,0,1
1378,72382560,980100,2.02E+11,20190721,1607,,CASSIDY,,BLVD,,,,,,Y,N,NULL,NULL,NULL,N,NULL,NULL,NULL,NULL,NULL,NULL,0.277,NULL,NULL,NULL,NULL,,NULL,0,0,2,2,N,N,15,NULL,98,9801,NULL,,Y,37.50482,-82.53638,N,NULL,NULL,NULL,NULL,NULL,NULL,NULL,NULL,7,97,1,6,1,5,6,2,1,3,N,NULL,Y,N,1607,1634,1634,N,NULL,90,,,N,,N,N,,NULL,NULL,2019,O,7.24E+11,098-CS-1191  -000,MEDIUM,098-CS-1191  -000,0.277,0,0,0,0,0,0,1,0,0,0,0,0,0,1
1379,72318119,KSP0900,19-4648,20190212,500,,BIG CREEK,,RD,KY0468,KY0468,0,098 KY-468,KY0468,N,N,NULL,NULL,NULL,N,NULL,NULL,NULL,NULL,NULL,NULL,0.004,NULL,NULL,NULL,NULL,,NULL,0,0,2,2,N,N,55,NULL,98,9833,NULL,,Y,37.62096,-82.3549,N,NULL,NULL,NULL,NULL,NULL,NULL,NULL,NULL,7,3,2,1,1,5,3,6,8,3,N,NULL,Y,N,500,545,545,N,NULL,54,8,0,N,,N,N,098-KY-0468-0,NULL,NULL,2019,O,7.23E+11,098-KY-0468  -000,HIGH,098-KY-0468  -000,0.004,0,1,0,0,0,0,1,0,0,0,0,1,0,0
1380,72334172,KSP0900,19-10829,20190401,1714,,US23,,,US0023,US0023,0,098 US-23-10,US0023,N,N,NULL,NULL,NULL,N,NULL,NULL,NULL,NULL,NULL,NULL,29.263,NULL,NULL,NULL,NULL,,NULL,0,0,2,2,N,N,45,NULL,98,9807,NULL,,Y,37.52709,-82.57441,N,NULL,NULL,NULL,NULL,NULL,NULL,NULL,NULL,5,3,6,6,1,1,2,2,6,3,N,NULL,Y,N,1718,1724,,N,NULL,49,,1,N,,N,N,098-US-0023-10,NULL,NULL,2019,O,7.23E+11,098-US-0023  -010,HIGH,098-US-0023  -000,29.263,0,0,0,0,0,0,0,0,0,0,0,0,0,0
1381,72329856,KSP0900,19-8518,20190315,1515,,US119,,,US0119,US0119,0,098 US-119-10,US0119,Y,N,NULL,NULL,NULL,N,NULL,NULL,NULL,NULL,NULL,NULL,20.854,NULL,NULL,NULL,NULL,,NULL,0,0,2,2,N,N,10,NULL,98,9836,NULL,,Y,37.62008,-82.26872,N,NULL,NULL,NULL,NULL,NULL,NULL,NULL,NULL,2,97,2,6,1,1,2,2,8,3,N,NULL,Y,N,1515,1535,1535,N,NULL,90,2,1,N,,N,N,098-US-0119-10,NULL,NULL,2019,O,7.23E+11,098-US-0119  -010,HIGH,098-US-0119  -000,20.854,0,0,0,0,0,0,1,0,0,0,0,0,0,0
1382,72316215,980000,19-02-004,20190214,1521,,US119,,,US0119,US0119,0,098 US-119-10,US0119,N,N,NULL,NULL,NULL,N,NULL,NULL,NULL,NULL,NULL,NULL,1.976,NULL,NULL,NULL,NULL,,NULL,0,0,2,2,N,N,55,NULL,98,9801,NULL,,Y,37.51247,-82.4998,N,NULL,NULL,NULL,NULL,NULL,NULL,NULL,NULL,5,3,2,6,1,1,2,2,7,3,N,NULL,Y,Y,1521,1543,1543,N,NULL,49,2,1,N,,N,N,098-US-0119-10,NULL,NULL,2019,O,7.23E+11,098-US-0119  -010,HIGH,098-US-0119  -000,1.976,0,0,1,0,0,0,0,0,0,0,0,0,0,1
1383,72332356,980100,2.02E+11,20190322,2118,,CEDAR CREEK,,RD,KY1384,KY1384,0,098 KY-1384,KY1384,N,N,NULL,NULL,NULL,N,NULL,NULL,NULL,NULL,NULL,NULL,,NULL,NULL,NULL,NULL,NULL,NULL,0,0,1,1,N,N,35,NULL,98,9801,NULL,,Y,37.47614,-82.55253,N,NULL,NULL,NULL,NULL,NULL,NULL,NULL,NULL,9,3,2,3,1,1,3,5,6,3,N,NULL,Y,Y,2118,2124,,Y,NULL,38,,0,N,,N,N,098-KY-1384-0,NULL,NULL,2019,O,7.23E+11,098-KY-1384  -000,HIGH,098-KY-1384  -000,6.209,0,0,0,0,0,0,0,0,0,0,0,1,0,1
1384,72422624,KSP0900,19-41000,20191018,1130,,US119,,,US0119,US0119,0,098 US-119,US0119,N,N,NULL,NULL,NULL,N,NULL,NULL,NULL,NULL,NULL,NULL,18.442,NULL,NULL,NULL,NULL,,NULL,1,0,1,1,N,N,55,NULL,98,9814,NULL,,Y,37.59536,-82.28059,N,NULL,NULL,NULL,NULL,NULL,NULL,NULL,NULL,9,3,2,1,1,1,2,2,7,3,Y,NULL,Y,N,1142,1153,1142,N,NULL,38,2,1,N,,N,N,098-US-0119-0,NULL,NULL,2019,C,7.24E+11,098-US-0119  -000,HIGH,098-US-0119  -000,18.442,0,0,0,1,0,0,0,0,0,0,0,0,0,0
1385,72396415,980100,2.02E+11,20190813,1536,,OWSLEY,,RD,KY1384,KY1384,,,,N,Y,US23 S RAMP TO KY1384,,,N,NULL,NULL,NULL,NULL,NULL,NULL,6.814,NULL,NULL,NULL,NULL,,NULL,0,0,2,2,N,N,45,NULL,98,9801,NULL,,Y,37.47942,-82.54279,N,NULL,NULL,NULL,NULL,NULL,NULL,NULL,NULL,4,3,4,6,2,1,2,2,7,3,N,NULL,Y,N,1536,1540,1616,N,NULL,16,17,0,N,,N,N,,NULL,NULL,2019,O,7.24E+11,098-KY-1384  -000,HIGH,098-KY-1384  -000,6.814,0,0,0,0,0,0,1,0,0,1,1,0,0,1
1386,72379530,KSP0900,19-26360,20190711,1832,,US119,,,US0119,US0119,0,098 US-119,US0119,N,N,NULL,NULL,NULL,N,NULL,NULL,NULL,NULL,NULL,NULL,20.768,NULL,NULL,NULL,NULL,,NULL,1,0,1,1,N,N,55,NULL,98,9836,NULL,,Y,37.61856,-82.26907,N,NULL,NULL,NULL,NULL,NULL,NULL,NULL,NULL,9,5,2,3,1,5,3,2,7,3,Y,NULL,Y,Y,1835,1847,1835,N,NULL,40,2,1,N,,N,N,098-US-0119-0,NULL,NULL,2019,B,7.24E+11,098-US-0119  -000,HIGH,098-US-0119  -000,20.768,1,0,0,0,0,0,0,1,0,0,0,1,0,0
1387,72326213,KSP0900,19-07079,20190303,1945,,US119,,,US0119,US0119,,,,N,N,NULL,NULL,NULL,N,NULL,NULL,NULL,NULL,NULL,NULL,24.012,NULL,NULL,NULL,NULL,,NULL,1,0,2,2,N,N,40,NULL,98,9834,NULL,,Y,37.65592,-82.27012,N,NULL,NULL,NULL,NULL,NULL,NULL,NULL,NULL,5,3,5,6,1,4,8,5,7,3,Y,NULL,Y,Y,1943,1954,1954,N,NULL,49,2,1,N,,N,N,,NULL,NULL,2019,B,7.23E+11,098-US-0119  -000,MEDIUM,098-US-0119  -000,24.012,0,0,0,0,0,0,1,0,1,1,0,0,0,0
1388,72409541,KSP0900,19-36087,20190915,1035,,KY194,,,KY0194,KY0194,0,098 KY-194,KY0194,N,N,NULL,NULL,NULL,N,NULL,NULL,NULL,NULL,NULL,NULL,14.864,NULL,NULL,NULL,NULL,,NULL,0,0,2,2,N,N,55,NULL,98,9820,NULL,,Y,37.57673,-82.47705,N,NULL,NULL,NULL,NULL,NULL,NULL,NULL,NULL,1,3,2,6,1,1,2,2,7,3,N,NULL,N,N,1035,1051,,N,NULL,55,7,0,N,,N,N,098-KY-0194-0,NULL,NULL,2019,O,7.24E+11,098-KY-0194  -000,HIGH,098-KY-0194  -000,14.864,0,0,0,0,0,0,1,0,0,0,0,0,0,0
1389,72410037,KSP0900,19-36837,20190920,930,,CHLOE,,RD,KY1460,KY1460,0,098 KY-1460,KY1460,N,N,NULL,NULL,NULL,N,NULL,NULL,NULL,NULL,NULL,NULL,2.228,NULL,NULL,NULL,NULL,,NULL,0,0,2,2,N,N,45,NULL,98,9801,NULL,,Y,37.46179,-82.47831,N,NULL,NULL,NULL,NULL,NULL,NULL,NULL,NULL,8,3,2,4,1,5,3,2,7,3,N,NULL,Y,N,930,941,941,N,NULL,53,,0,N,,N,N,098-KY-1460-0,NULL,NULL,2019,O,7.24E+11,098-KY-1460  -000,HIGH,098-KY-1460  -000,2.228,0,0,0,0,0,0,0,1,0,0,0,1,0,0
1390,72420729,980100,2.02E+11,20191007,1810,,KILGORE,,LN,,,,,,N,Y,HAMBLEY,,BLVD,N,NULL,NULL,NULL,NULL,NULL,NULL,,NULL,NULL,NULL,NULL,,NULL,0,0,2,2,N,N,25,NULL,98,9801,NULL,,Y,37.47624,-82.52258,N,NULL,NULL,NULL,NULL,NULL,NULL,NULL,NULL,1,3,2,6,1,5,6,2,7,3,N,NULL,Y,N,1810,1813,1813,N,NULL,10,,,N,,N,N,,NULL,NULL,2019,O,7.24E+11,098-CS-1105  -000,HIGH,098-CS-1105  -000,0,0,0,0,0,0,0,0,1,0,0,1,0,0,1
1391,72314625,KSP0900,19-4393,20190209,1930,,SMITH FORK,,RD,KY3419,KY3419,,,,N,N,NULL,NULL,NULL,N,NULL,NULL,NULL,NULL,NULL,NULL,4.239,NULL,NULL,NULL,NULL,,NULL,0,0,1,1,N,N,25,NULL,98,9804,NULL,,Y,37.47934,-82.18459,N,NULL,NULL,NULL,NULL,NULL,NULL,NULL,NULL,9,4,1,3,1,1,2,5,7,3,N,NULL,Y,N,1900,1930,1900,N,NULL,44,9,0,N,,N,N,,NULL,NULL,2019,O,7.23E+11,098-KY-3419  -000,HIGH,098-KY-3419  -000,4.239,0,0,0,0,0,0,1,0,0,0,0,1,0,0
1392,72370839,980100,2.02E+11,20190611,1742,,RIVER,,DR,,,0,098 CS-1054,CS1054,Y,N,NULL,NULL,NULL,N,NULL,NULL,NULL,NULL,NULL,NULL,0.159,NULL,NULL,NULL,NULL,,NULL,0,0,2,2,N,N,15,NULL,98,9801,NULL,,Y,37.47371,-82.5239,N,NULL,NULL,NULL,NULL,NULL,NULL,NULL,NULL,2,97,1,6,1,1,2,2,1,3,N,NULL,Y,N,1742,1749,,N,NULL,90,,,N,,N,N,098-CS-1054-0,NULL,NULL,2019,O,7.24E+11,098-CS-1054  -000,HIGH,098-CS-1054  -000,0.159,0,0,0,0,0,0,1,0,0,0,0,0,0,0
1393,72312237,KSP0900,19-3696,20190204,1040,,US119,,,US0119,US0119,0,098 US-119,US0119,N,N,NULL,NULL,NULL,N,NULL,NULL,NULL,NULL,NULL,NULL,24.997,NULL,NULL,NULL,NULL,,NULL,2,0,2,2,N,N,55,NULL,98,9834,NULL,,Y,37.66813,-82.2773,N,NULL,NULL,NULL,NULL,NULL,NULL,NULL,NULL,5,3,4,6,1,1,2,2,7,3,Y,NULL,Y,Y,1040,1100,1120,N,NULL,49,2,1,N,,N,N,098-US-0119-0,NULL,NULL,2019,B,7.23E+11,098-US-0119  -000,HIGH,098-US-0119  -000,24.997,0,0,0,0,0,0,1,0,0,0,0,0,0,0
1394,72331046,KSP0900,19-9292,20190321,1300,,KY194,,,KY0194,KY0194,0,098 KY-194,KY0194,N,N,NULL,NULL,NULL,N,NULL,NULL,NULL,NULL,NULL,NULL,71.249,NULL,NULL,NULL,NULL,,NULL,0,0,2,2,N,N,35,NULL,98,9830,NULL,,Y,37.48414,-82.0519,N,NULL,NULL,NULL,NULL,NULL,NULL,NULL,NULL,1,3,2,1,1,5,6,2,7,3,Y,NULL,Y,N,1302,1311,1345,N,NULL,55,7,0,N,,N,N,098-KY-0194-0,NULL,NULL,2019,O,7.23E+11,098-KY-0194  -000,HIGH,098-KY-0194  -000,71.249,0,0,0,1,0,0,0,0,0,0,0,0,0,0
1395,72598276,KSP0900,21-71826,20210223,832,,DORTON-JENKINS,,HWY,KY0805,KY0805,0,098 KY-805,KY0805,N,N,NULL,NULL,NULL,N,NULL,NULL,NULL,NULL,NULL,NULL,1.054,NULL,NULL,NULL,NULL,,NULL,1,0,1,1,N,N,55,NULL,98,9809,NULL,,Y,37.21166,-82.56221,N,NULL,NULL,NULL,NULL,NULL,NULL,NULL,NULL,9,3,2,1,1,2,2,1,7,3,N,NULL,Y,Y,850,930,1000,N,NULL,44,7,0,N,,N,N,098-KY-0805-0,NULL,NULL,2021,C,7.26E+11,098-KY-0805  -000,HIGH,098-KY-0805  -000,1.054,0,0,0,0,0,0,0,0,0,0,0,1,0,0
1396,72372628,980000,19-06-005,20190619,1330,,US119,,,US0119,US0119,0,098 US-119,US0119,Y,N,NULL,NULL,NULL,N,NULL,NULL,NULL,NULL,NULL,NULL,23.805,NULL,NULL,NULL,NULL,,NULL,0,0,2,2,N,N,55,NULL,98,9834,NULL,,Y,37.65306,-82.26862,N,NULL,NULL,NULL,NULL,NULL,NULL,NULL,NULL,2,97,4,6,1,1,3,2,1,3,N,NULL,Y,N,1331,1402,1415,N,NULL,90,2,1,N,,N,N,098-US-0119-0,NULL,NULL,2019,O,7.24E+11,098-US-0119  -000,HIGH,098-US-0119  -000,23.805,0,0,0,1,0,0,1,0,0,0,0,0,0,0
1397,72390287,KSP0900,19-29673,20190803,2153,,SYCAMORE MOUNTAIN,,RD,,,0,098 CR-1350Q4,CR1350Q4,N,N,NULL,NULL,NULL,N,NULL,NULL,NULL,NULL,NULL,NULL,0.469,NULL,NULL,NULL,NULL,,NULL,3,0,1,1,N,N,35,NULL,98,9801,10,N,N,37.63574,-82.54462,N,NULL,NULL,NULL,NULL,NULL,NULL,NULL,NULL,9,97,1,1,1,1,2,6,7,3,N,NULL,Y,Y,2155,2253,2153,N,NULL,40,,,N,,N,N,098-CR-1350Q4-0,NULL,NULL,2019,C,7.24E+11,098-CR-1350Q4-000,HIGH,098-CR-1350Q4-000,0.469,0,0,0,0,0,0,0,0,0,0,0,1,0,0
1398,72435266,980000,19-10-009,20191026,1524,,MAIN,E,ST,,,0,098 CS-2006,CS2006,Y,N,NULL,NULL,NULL,N,NULL,NULL,NULL,NULL,NULL,NULL,0.032,NULL,NULL,NULL,NULL,,NULL,0,0,2,2,N,N,15,NULL,98,9802,NULL,,Y,37.30529,-82.353,N,NULL,NULL,NULL,NULL,NULL,NULL,NULL,NULL,2,97,1,6,1,1,2,2,8,1,N,NULL,Y,N,1524,1524,1528,N,NULL,90,,,N,,N,N,098-CS-2006-0,NULL,NULL,2019,O,7.24E+11,098-CS-2006  -000,HIGH,098-CS-2006  -000,0.032,0,0,0,0,0,0,0,0,0,0,0,0,0,0
1399,72341196,KSP0900,19-13008,20190416,1343,,BLACKBURN,,LN,,,0,098 CR-1269,CR1269,Y,N,NULL,NULL,NULL,N,NULL,NULL,NULL,NULL,NULL,NULL,0.043,NULL,NULL,NULL,NULL,,NULL,0,0,2,2,N,N,15,NULL,98,9824,NULL,,Y,37.4052,-82.51431,N,NULL,NULL,NULL,NULL,NULL,NULL,NULL,NULL,2,97,1,6,3,1,2,2,7,3,N,NULL,Y,N,1343,1359,1343,N,NULL,90,,,N,,N,N,098-CR-1269-0,NULL,NULL,2019,O,7.23E+11,098-CR-1269  -000,HIGH,098-CR-1269  -000,0.043,0,0,0,0,0,0,0,0,0,0,0,0,0,0
1400,72408305,KSP0900,19-36411,20190917,1242,,FERRELLS CREEK,,RD,US0460,US0460,0,098 US-460,US0460,Y,N,NULL,NULL,NULL,N,NULL,NULL,NULL,NULL,NULL,NULL,,NULL,NULL,NULL,NULL,,NULL,0,0,2,2,N,N,,NULL,98,9802,4,E,N,37.36206,-82.30724,N,NULL,NULL,NULL,NULL,NULL,NULL,NULL,NULL,1,97,,6,2,1,2,2,7,3,N,NULL,Y,N,1242,1333,1333,N,NULL,90,,1,N,,N,N,098-US-0460-0,NULL,NULL,2019,O,7.24E+11,098-US-0460  -000,HIGH,098-US-0460  -000,18.687,0,0,1,0,0,0,1,0,0,0,0,0,0,0
1401,72441274,KSP0900,19-45962,20191122,1904,,KY632,,,KY0632,KY0632,0,098 KY-632,KY0632,Y,N,NULL,NULL,NULL,N,NULL,NULL,NULL,NULL,NULL,NULL,9.984,NULL,NULL,NULL,NULL,,NULL,0,0,2,2,N,N,15,NULL,98,9804,NULL,,Y,37.48592,-82.19497,N,NULL,NULL,NULL,NULL,NULL,NULL,NULL,NULL,5,97,1,6,1,1,2,5,8,3,N,NULL,Y,N,1904,1917,1904,N,NULL,90,6,0,N,,N,N,098-KY-0632-0,NULL,NULL,2019,O,7.24E+11,098-KY-0632  -000,HIGH,098-KY-0632  -000,9.984,0,0,0,0,0,0,1,0,0,0,0,0,0,0
1402,72327878,KSP0900,19-8535,20190315,1647,,FERRELLS CREEK,,RD,US0460,US0460,0,098 US-460,US0460,N,N,NULL,NULL,NULL,N,NULL,NULL,NULL,NULL,NULL,NULL,14.641,NULL,NULL,NULL,NULL,,NULL,0,0,1,1,N,N,55,NULL,98,9802,NULL,,Y,37.34451,-82.37073,N,NULL,NULL,NULL,NULL,NULL,NULL,NULL,NULL,9,3,2,3,1,1,2,2,7,3,N,NULL,Y,Y,1732,1732,,N,NULL,70,,1,N,,N,Y,098-US-0460-0,NULL,NULL,2019,O,7.23E+11,098-US-0460  -000,HIGH,098-US-0460  -000,14.641,0,1,0,0,0,0,0,0,0,0,0,1,0,0
1403,72345908,980100,2.02E+11,20190429,1432,,HAMBLEY,,BLVD,,,0,098 CS-1222,CS1222,N,N,NULL,NULL,NULL,N,NULL,NULL,NULL,NULL,NULL,NULL,0.663,NULL,NULL,NULL,NULL,,NULL,0,0,2,2,N,N,25,NULL,98,9801,NULL,,Y,37.48051,-82.51904,N,NULL,NULL,NULL,NULL,NULL,NULL,NULL,NULL,1,3,2,6,1,1,2,2,7,3,N,NULL,Y,N,1432,1432,,N,NULL,55,,,N,,N,Y,098-CS-1222-0,NULL,NULL,2019,O,7.23E+11,098-CS-1222  -000,HIGH,098-CS-1222  -000,0.663,0,0,1,0,0,0,0,1,0,0,0,0,1,1
1404,72336420,980100,2.02E+11,20190404,1452,,RIVER,,DR,,,0,098 CS-1054,CS1054,Y,N,NULL,NULL,NULL,N,NULL,NULL,NULL,NULL,NULL,NULL,0.052,NULL,NULL,NULL,NULL,NULL,NULL,0,0,2,2,N,N,,NULL,98,9801,NULL,,Y,37.47405,-82.52169,N,NULL,NULL,NULL,NULL,NULL,NULL,NULL,NULL,7,97,2,6,1,1,2,2,1,3,N,NULL,Y,N,1452,1456,1452,N,NULL,90,,,N,,N,N,098-CS-1054-0,NULL,NULL,2019,O,7.23E+11,098-CS-1054  -000,HIGH,098-CS-1054  -000,0.052,0,0,0,0,0,0,1,0,0,0,0,0,0,1
1405,72411889,980100,2.02E+11,20190925,837,,HAMBLEY,,BLVD,,,0,098 CS-1222,CS1222,Y,N,NULL,NULL,NULL,N,NULL,NULL,NULL,NULL,NULL,NULL,0.426,NULL,NULL,NULL,NULL,,NULL,0,0,2,2,N,N,,NULL,98,9801,NULL,,Y,37.47757,-82.5212,N,NULL,NULL,NULL,NULL,NULL,NULL,NULL,NULL,1,97,1,6,2,1,2,2,7,3,N,NULL,Y,N,837,843,843,N,NULL,90,,,N,,N,N,098-CS-1222-0,NULL,NULL,2019,O,7.24E+11,098-CS-1222  -000,HIGH,098-CS-1222  -000,0.426,0,0,1,0,0,0,0,0,0,0,0,0,0,1
1406,72435498,980100,2.02E+11,20191106,1321,,US23,,,US0023,US0023,0,098 US-23,US0023,N,N,NULL,NULL,NULL,N,NULL,NULL,NULL,NULL,NULL,NULL,23.572,NULL,NULL,NULL,NULL,,NULL,0,0,2,2,N,N,55,NULL,98,9801,NULL,,Y,37.47097,-82.53368,N,NULL,NULL,NULL,NULL,NULL,NULL,NULL,NULL,1,3,4,6,1,1,2,2,7,3,N,NULL,Y,N,1321,1327,1327,N,NULL,41,,1,N,,N,N,098-US-0023-0,NULL,NULL,2019,O,7.24E+11,098-US-0023  -000,HIGH,098-US-0023  -000,23.572,0,0,0,1,0,0,0,0,0,0,0,1,0,1
1407,72377407,KSP0900,19-23879,20190626,1530,,US119,,,US0119,US0119,,,,N,N,NULL,NULL,NULL,N,NULL,NULL,NULL,NULL,NULL,NULL,24.943,NULL,NULL,NULL,NULL,,NULL,0,0,2,2,N,N,55,NULL,98,9834,NULL,,Y,37.66755,-82.27662,N,NULL,NULL,NULL,NULL,NULL,NULL,NULL,NULL,8,3,5,6,1,1,2,2,7,3,N,NULL,N,N,1525,1530,1535,N,NULL,53,2,1,N,,N,N,,NULL,NULL,2019,O,7.24E+11,098-US-0119  -000,MEDIUM,098-US-0119  -000,24.943,0,0,0,0,0,0,0,1,0,0,0,1,0,0
1408,72331917,980100,2.02E+11,20190320,1316,,HIBBARD,,ST,,,0,098 CS-1053,CS1053,N,N,NULL,NULL,NULL,N,NULL,NULL,NULL,NULL,NULL,NULL,0.171,NULL,NULL,NULL,NULL,,NULL,0,0,2,2,N,N,15,NULL,98,9801,NULL,,Y,37.47462,-82.52483,N,NULL,NULL,NULL,NULL,NULL,NULL,NULL,NULL,2,3,2,6,1,1,2,2,1,3,N,NULL,Y,N,1316,1321,,N,NULL,47,,,N,,N,N,098-CS-1053-0,NULL,NULL,2019,O,7.23E+11,098-CS-1053  -000,HIGH,098-CS-1053  -000,0.171,0,0,0,0,0,0,1,0,0,0,0,0,0,1