OBJECTID,MasterFile,AgencyORINumber,LocalCode,CollisionDate,CollisionTime,CollisionDayWeekCode,RoadwayName,RoadwayName_Direction_,RoadwayName_RoadwaySuffix_,RoadwayfromReport,CurrentRoadwayNumber,RoadwayNumberCoupletID,RSEUniqueGIS,RoadwayIdentifier,ParkingLotIndicator,IntersectionWith_Indicator_,IntersectionWith_NameRoadway_,IntersectionWith_Direction_,IntersectionWith_RoadwaySuffix_,BetweenStreets_Indicator_,BetweenStreets1_NameRoadway_,BetweenStreet1_Direction_,BetweenStreets1_RoadwaySuffix_,BetweenStreets2_NameRoadway_,BetweenStreets2_Direction_,BetweenStreets2_RoadwaySuffix_,Milepoint,ReportMilepointDeriveNumber,CurrentDerivedMiepointNumber,MilestoMilepoint,FeettoMilepoint,DirectionfromMilepoint_NSEW_,ValidMilepointIndicator,NumberInjured,NumberKilled,ofUnits,ofMotorVehicleUnits,Hit&RunIndicator,OneWayIndicator,SpeedLimitNumber,KilometersIndicator,CountyCode,CityCountyCode,MilesFromCity,DirectionFromCity_NSEW_,InCityLimitsIndicator,Latitude,Longitude,RampIndicator,RampFromIdentifier,RampFromDirCode,RampFromCoupletID,RSEUniqueGISRampFrom,RampToidentifier,RampToDirCode,RampToCoupletID,RSEUniqueGisRampTo,MannerofCollisionCode,LocationFirstEventCode,TotalLanes,RoadwayCharacterCode,RoadwaySurfaceCode,RoadwayConditionCode,WeatherCode,LightConditionCode,LandUseCode,SchoolBusRelatedCode,FirstAidSceneIndicator,CollDescPresentInd,InvestigationCompleteIndicator,PhotosTakenIndicator,TimeNotified,TimeArrived,TimeRoadwayOpened,PropertyDamageIndicator,DiagramPresentIndicator,DirectionalAnalysis,FunctionClassCode,NationalHwySysCode,EnforcementsIndicator,KARSCityCode,SecondaryCollisionIndicator,MedianCrossoverIndicator,RT_UNIQUE,MapIt,TimeLastLeft,YR,KABCO,MFNY,WorkingRID,RT_CONFIDENCE,KTC_RT,KTC_MP,Motorcyclist,Commercial Vehicle,Young Driver,Mature Driver,Pedestrian,Bicyclist,Distracted,Aggressive,Impaired,Unrestrained,Intersection,Roadway Departure,Median Cross-over,City Crash
1409,72397225,KSP0900,19-32691,20190823,1022,,MARROWBONE CREEK,,RD,KY0195,KY0195,0,098 KY-195,KY0195,N,N,NULL,NULL,NULL,N,NULL,NULL,NULL,NULL,NULL,NULL,11.253,NULL,NULL,NULL,NULL,,NULL,0,0,1,1,N,N,55,NULL,98,9802,NULL,,Y,37.36438,-82.41377,N,NULL,NULL,NULL,NULL,NULL,NULL,NULL,NULL,9,3,2,3,1,1,3,2,6,3,N,NULL,Y,N,1022,1124,1124,N,NULL,70,7,0,N,,N,N,098-KY-0195-0,NULL,NULL,2019,O,7.24E+11,098-KY-0195  -000,HIGH,098-KY-0195  -000,11.253,0,0,0,0,0,0,0,0,0,0,0,1,0,0
1410,72451035,980100,2.02E+11,20191214,1228,,CASSIDY,,BLVD,,,0,098 CS-1191,CS1191,Y,N,NULL,NULL,NULL,N,NULL,NULL,NULL,NULL,NULL,NULL,0.061,NULL,NULL,NULL,NULL,,NULL,0,0,2,2,N,N,,NULL,98,9801,NULL,,Y,37.50367,-82.53313,N,NULL,NULL,NULL,NULL,NULL,NULL,NULL,NULL,2,97,1,6,1,5,3,2,1,3,N,NULL,Y,N,1230,1235,1235,N,NULL,90,,,N,,N,N,098-CS-1191-0,NULL,NULL,2019,O,7.25E+11,098-CS-1191  -000,HIGH,098-CS-1191  -000,0.061,0,0,1,0,0,0,1,0,0,0,0,0,0,1
1411,72352634,370200,2019-16826,20190510,753,,KY194,,,KY0194,KY0194,0,098 KY-194,KY0194,N,N,NULL,NULL,NULL,N,NULL,NULL,NULL,NULL,NULL,NULL,38.041,NULL,NULL,NULL,NULL,,NULL,0,0,1,1,N,N,55,NULL,98,9874,5,E,N,37.44675,-82.26822,N,NULL,NULL,NULL,NULL,NULL,NULL,NULL,NULL,9,5,2,1,1,1,3,2,7,3,N,NULL,Y,N,800,858,,N,NULL,40,7,0,N,,N,N,098-KY-0194-0,NULL,NULL,2019,O,7.24E+11,098-KY-0194  -000,HIGH,098-KY-0194  -000,38.041,0,1,0,0,0,0,0,0,0,0,0,1,0,0
1412,72319229,980100,2.02E+11,20190220,1454,,MAIN,,ST,,,0,098 CS-1112,CS1112,N,N,NULL,NULL,NULL,N,NULL,NULL,NULL,NULL,NULL,NULL,0.047,NULL,NULL,NULL,NULL,,NULL,0,0,2,2,N,N,15,NULL,98,9801,NULL,,Y,37.47836,-82.51824,N,NULL,NULL,NULL,NULL,NULL,NULL,NULL,NULL,8,3,1,6,1,5,6,2,1,3,N,NULL,Y,N,1454,1502,1517,N,NULL,47,,,N,,N,N,098-CS-1112-0,NULL,NULL,2019,O,7.23E+11,098-CS-1112  -000,HIGH,098-CS-1112  -000,0.047,0,0,0,1,0,0,0,0,0,0,0,0,0,1
1413,72450128,980100,2.02E+11,20191212,1600,,CASSIDY,,BLVD,,,0,098 CS-1191,CS1191,Y,N,NULL,NULL,NULL,N,NULL,NULL,NULL,NULL,NULL,NULL,0.226,NULL,NULL,NULL,NULL,,NULL,0,0,2,2,N,N,15,NULL,98,9801,NULL,,Y,37.50425,-82.5356,N,NULL,NULL,NULL,NULL,NULL,NULL,NULL,NULL,2,97,,6,1,5,2,2,1,3,N,NULL,Y,N,1600,1610,,N,NULL,90,,,N,,N,N,098-CS-1191-0,NULL,NULL,2019,O,7.25E+11,098-CS-1191  -000,HIGH,098-CS-1191  -000,0.226,0,0,0,1,0,0,1,0,0,0,0,0,0,1
1414,72319646,980100,2.02E+11,20190222,1702,,CASSIDY,,BLVD,,,0,098 CS-1191,CS1191,N,N,NULL,NULL,NULL,N,NULL,NULL,NULL,NULL,NULL,NULL,0.317,NULL,NULL,NULL,NULL,,NULL,0,0,3,3,N,N,25,NULL,98,9801,NULL,,Y,37.5052,-82.53717,N,NULL,NULL,NULL,NULL,NULL,NULL,NULL,NULL,1,3,2,3,1,5,6,2,1,3,N,NULL,Y,N,1702,1710,1750,N,NULL,55,,,N,,N,N,098-CS-1191-0,NULL,NULL,2019,O,7.23E+11,098-CS-1191  -000,HIGH,098-CS-1191  -000,0.317,0,0,0,0,0,0,1,0,0,0,0,0,0,1
1415,72380278,KSP0900,19-27062,20190716,1445,,US460,,,US0460,US0460,0,098 US-460,US0460,N,N,NULL,NULL,NULL,N,NULL,NULL,NULL,NULL,NULL,NULL,1.406,NULL,NULL,NULL,NULL,,NULL,0,0,2,2,N,N,35,NULL,98,9824,NULL,,Y,37.42688,-82.49971,N,NULL,NULL,NULL,NULL,NULL,NULL,NULL,NULL,6,3,2,6,1,1,2,2,7,3,N,NULL,N,N,1450,1455,,N,NULL,70,,1,N,,N,N,098-US-0460-0,NULL,NULL,2019,O,7.24E+11,098-US-0460  -000,HIGH,098-US-0460  -000,1.406,0,0,0,0,0,0,1,0,0,0,0,0,0,0
1416,72333869,980100,2.02E+11,20190329,1409,,CASSIDY,,BLVD,,,0,098 CS-1191,CS1191,Y,N,NULL,NULL,NULL,N,NULL,NULL,NULL,NULL,NULL,NULL,0.315,NULL,NULL,NULL,NULL,,NULL,0,0,2,2,N,N,15,NULL,98,9801,NULL,,Y,37.5065,-82.5381,N,NULL,NULL,NULL,NULL,NULL,NULL,NULL,NULL,1,97,2,6,1,1,2,2,1,3,N,NULL,N,N,1409,1421,,N,NULL,90,,,N,,N,N,098-CS-1191-0,NULL,NULL,2019,O,7.23E+11,098-CS-1191  -000,HIGH,098-CS-1191  -000,0.315,0,0,0,0,0,0,1,0,0,0,0,0,0,1
1417,72332244,KSP0900,19-10117,20190327,2148,,US23,,,US0023,US0023,0,098 US-23-10,US0023,N,N,NULL,NULL,NULL,N,NULL,NULL,NULL,NULL,NULL,NULL,16.965,NULL,NULL,NULL,NULL,,NULL,0,0,1,1,N,N,35,NULL,98,9801,NULL,,Y,37.41656,-82.52114,N,NULL,NULL,NULL,NULL,NULL,NULL,NULL,NULL,9,3,4,1,1,1,2,6,7,3,N,NULL,Y,N,2149,2155,,N,NULL,40,,1,N,,N,Y,098-US-0023-10,NULL,NULL,2019,O,7.23E+11,098-US-0023  -010,HIGH,098-US-0023  -000,16.965,0,0,1,0,0,0,0,0,0,0,0,1,0,0
1418,72742306,980100,2.02E+11,20220318,1758,,CASSIDY,,BLVD,,,0,098 CS-1191,CS1191,N,N,NULL,NULL,NULL,N,NULL,NULL,NULL,NULL,NULL,NULL,0.16,NULL,NULL,NULL,NULL,,NULL,0,0,2,2,N,N,25,NULL,98,9801,NULL,,Y,37.50369,-82.53465,N,NULL,NULL,NULL,NULL,NULL,NULL,NULL,NULL,8,3,2,6,1,1,2,2,7,3,N,NULL,Y,Y,1758,1825,1858,N,NULL,53,,,N,,N,Y,098-CS-1191-0,NULL,NULL,2022,O,7.27E+11,098-CS-1191  -000,HIGH,098-CS-1191  -000,0.16,0,1,0,0,0,0,1,0,0,0,0,1,0,1
1419,72427158,980100,2.02E+11,20191021,1016,,HAMBLEY,,BLVD,,,0,098 CS-1222,CS1222,Y,N,NULL,NULL,NULL,N,NULL,NULL,NULL,NULL,NULL,NULL,0.118,NULL,NULL,NULL,NULL,,NULL,0,0,2,2,Y,N,15,NULL,98,9801,NULL,,Y,37.47466,-82.5251,N,NULL,NULL,NULL,NULL,NULL,NULL,NULL,NULL,8,97,1,6,1,1,2,2,1,3,N,NULL,Y,N,1021,1021,,N,NULL,90,,,N,,N,N,098-CS-1222-0,NULL,NULL,2019,O,7.24E+11,098-CS-1222  -000,HIGH,098-CS-1222  -000,0.118,0,0,0,0,0,0,0,0,0,0,0,0,0,1
1420,72710698,KSP0900,21-513307,20211217,2229,,KY1469,,,KY1469,KY1469,0,098 KY-1469,KY1469,N,N,NULL,NULL,NULL,N,NULL,NULL,NULL,NULL,NULL,NULL,3.127,NULL,NULL,NULL,NULL,,NULL,0,0,1,1,N,N,5,NULL,98,9827,NULL,,Y,37.27659,-82.68112,N,NULL,NULL,NULL,NULL,NULL,NULL,NULL,NULL,9,3,1,3,1,5,6,6,7,3,N,NULL,Y,N,2134,2204,2250,N,NULL,44,8,0,N,,N,N,098-KY-1469-0,NULL,NULL,2021,O,7.27E+11,098-KY-1469  -000,HIGH,098-KY-1469  -000,3.127,0,0,0,0,0,0,0,0,0,0,0,1,0,0
1421,72409431,KSP0900,19-35269,20190910,500,,TOLER,,RD,KY0319,KY0319,0,098 KY-319,KY0319,N,N,NULL,NULL,NULL,N,NULL,NULL,NULL,NULL,NULL,NULL,6.103,NULL,NULL,NULL,NULL,,NULL,1,0,1,1,N,N,45,NULL,98,9842,NULL,,Y,37.63301,-82.25172,N,NULL,NULL,NULL,NULL,NULL,NULL,NULL,NULL,9,3,2,6,1,1,3,6,7,3,Y,NULL,N,Y,507,545,620,N,NULL,40,7,0,N,,N,N,098-KY-0319-0,NULL,NULL,2019,B,7.24E+11,098-KY-0319  -000,HIGH,098-KY-0319  -000,6.103,0,0,0,0,0,0,0,0,0,0,0,1,0,0
1422,72326574,KSP0900,19-7766,20190310,1335,,US23,,,US0023,US0023,0,098 US-23-10,US0023,N,N,NULL,NULL,NULL,N,NULL,NULL,NULL,NULL,NULL,NULL,28.516,NULL,NULL,NULL,NULL,,NULL,4,0,2,2,N,N,55,NULL,98,9807,NULL,,Y,37.51895,-82.56608,N,NULL,NULL,NULL,NULL,NULL,NULL,NULL,NULL,1,3,4,6,1,1,2,2,7,3,Y,NULL,Y,Y,1335,1340,1500,N,NULL,55,,1,N,,N,N,098-US-0023-10,NULL,NULL,2019,C,7.23E+11,098-US-0023  -010,HIGH,098-US-0023  -000,28.516,0,0,0,0,0,0,1,1,0,0,0,0,0,0
1423,72505488,980000,20-05-008,20200521,1130,,US119,,,US0119,US0119,0,098 US-119,US0119,N,N,NULL,NULL,NULL,N,NULL,NULL,NULL,NULL,NULL,NULL,23.874,NULL,NULL,NULL,NULL,,NULL,0,0,2,2,N,N,55,NULL,98,9834,NULL,,Y,37.65398,-82.26922,N,NULL,NULL,NULL,NULL,NULL,NULL,NULL,NULL,5,3,4,6,1,5,3,2,7,3,N,NULL,N,Y,1137,1139,1139,N,NULL,49,2,1,N,,N,N,098-US-0119-0,NULL,NULL,2020,O,7.25E+11,098-US-0119  -000,HIGH,098-US-0119  -000,23.874,0,0,0,1,0,0,1,0,0,0,0,0,0,0
1424,72395658,KSP0900,19-31255,20190813,2150,,KY194,,,KY0194,KY0194,0,098 KY-194,KY0194,N,N,NULL,NULL,NULL,N,NULL,NULL,NULL,NULL,NULL,NULL,23.967,NULL,NULL,NULL,NULL,,NULL,0,0,1,1,N,N,55,NULL,98,9817,NULL,,Y,37.52841,-82.36909,N,NULL,NULL,NULL,NULL,NULL,NULL,NULL,NULL,9,3,2,6,1,1,2,6,7,3,N,NULL,Y,N,2150,2150,2230,N,NULL,40,6,0,N,,N,N,098-KY-0194-0,NULL,NULL,2019,O,7.24E+11,098-KY-0194  -000,HIGH,098-KY-0194  -000,23.967,0,0,1,0,0,0,0,0,0,0,0,1,0,0
1425,72446380,980100,2.02E+11,20191204,1330,,JUSTICE WAY,,DR,,,0,098 CS-1216,CS1216,N,N,NULL,NULL,NULL,N,NULL,NULL,NULL,NULL,NULL,NULL,,NULL,NULL,NULL,NULL,NULL,NULL,0,0,2,2,N,N,15,NULL,98,9801,NULL,,Y,37.50768,-82.54372,N,NULL,NULL,NULL,NULL,NULL,NULL,NULL,NULL,2,97,2,6,1,1,2,2,1,3,N,NULL,N,N,1330,1335,1330,N,NULL,56,,,N,,N,N,098-CS-1216-0,NULL,NULL,2019,O,7.24E+11,098-CS-1216  -000,HIGH,098-CS-1216  -000,0.039,0,0,0,0,0,0,1,0,0,0,0,0,0,1
1426,72310613,KSP0900,19-2738,20190125,2014,,SHELBY DRY,,FRK,,,0,098 CR-1257,CR1257,N,N,NULL,NULL,NULL,N,NULL,NULL,NULL,NULL,NULL,NULL,0.164,NULL,NULL,NULL,NULL,,NULL,0,0,2,2,Y,N,35,NULL,98,9801,NULL,,Y,37.42131,-82.49165,N,NULL,NULL,NULL,NULL,NULL,NULL,NULL,NULL,7,3,1,6,1,5,2,6,7,3,N,NULL,Y,N,2032,2048,2032,N,NULL,54,,,N,,N,N,098-CR-1257-0,NULL,NULL,2019,O,7.23E+11,098-CR-1257  -000,HIGH,098-CR-1257  -000,0.164,0,0,0,0,0,0,0,1,0,0,0,1,0,0
1427,72367904,980100,2.02E+11,20190617,1034,,CASSIDY,,BLVD,,,0,098 CS-1191,CS1191,N,N,NULL,NULL,NULL,N,NULL,NULL,NULL,NULL,NULL,NULL,0.282,NULL,NULL,NULL,NULL,,NULL,0,0,2,2,N,N,25,NULL,98,9801,NULL,,Y,37.50479,-82.53646,N,NULL,NULL,NULL,NULL,NULL,NULL,NULL,NULL,8,3,3,6,1,1,3,2,1,3,N,NULL,Y,N,1034,1040,1040,N,NULL,53,,,N,,N,N,098-CS-1191-0,NULL,NULL,2019,O,7.24E+11,098-CS-1191  -000,HIGH,098-CS-1191  -000,0.282,0,0,0,0,0,0,1,0,0,0,0,1,0,1
1428,72460350,980100,2.02E+11,20200106,1404,,JUSTICE,,WAY,,,0,098 CS-1215,CS1215,Y,N,NULL,NULL,NULL,N,NULL,NULL,NULL,NULL,NULL,NULL,,NULL,NULL,NULL,NULL,NULL,NULL,0,0,2,2,N,N,,NULL,98,9801,NULL,,Y,37.50715,-82.54703,N,NULL,NULL,NULL,NULL,NULL,NULL,NULL,NULL,2,97,1,6,1,1,2,2,1,3,N,NULL,Y,N,1404,1416,1416,N,NULL,90,,,N,,N,N,098-CS-1215-0,NULL,NULL,2020,O,7.25E+11,098-CS-1215  -000,HIGH,098-CS-1215  -000,0.309,0,0,0,0,0,0,1,0,0,0,0,0,0,1
1429,72318148,KSP0900,19-3158,20190129,2100,,RIGHT FORK OF BRUSHY,,RD,,,0,098 CR-1360Q4,CR1360Q4,N,N,NULL,NULL,NULL,N,NULL,NULL,NULL,NULL,NULL,NULL,6.678,NULL,NULL,NULL,NULL,,NULL,0,0,1,1,N,N,15,NULL,98,9887,NULL,,Y,37.58998,-82.44582,N,NULL,NULL,NULL,NULL,NULL,NULL,NULL,NULL,9,3,2,1,1,1,2,6,7,3,N,NULL,N,N,2100,2153,2220,N,NULL,70,,,N,,N,N,098-CR-1360Q4-0,NULL,NULL,2019,O,7.23E+11,098-CR-1360Q4-000,HIGH,098-CR-1360Q4-000,6.678,0,0,0,0,0,0,0,0,0,0,0,0,0,0
1430,72312855,980100,2.02E+11,20190207,750,,US23,,,US0023,US0023,0,098 US-23,US0023,N,N,NULL,NULL,NULL,N,NULL,NULL,NULL,NULL,NULL,NULL,20.803,NULL,NULL,NULL,NULL,,NULL,0,0,2,2,N,N,55,NULL,98,9801,NULL,,Y,37.4431,-82.52292,N,NULL,NULL,NULL,NULL,NULL,NULL,NULL,NULL,8,3,4,3,1,5,6,2,7,3,N,NULL,Y,N,750,758,,N,NULL,53,,1,N,,N,N,098-US-0023-0,NULL,NULL,2019,O,7.23E+11,098-US-0023  -000,HIGH,098-US-0023  -000,20.803,0,0,0,1,0,0,0,1,0,0,0,1,0,1
1431,72342428,KSP0900,19-13681,20190419,1422,,DESKINS,,RD,,,,,,N,N,NULL,NULL,NULL,N,NULL,NULL,NULL,NULL,NULL,NULL,0.008,NULL,NULL,NULL,NULL,,NULL,0,0,1,1,N,N,35,NULL,98,9820,NULL,,Y,37.56507,-82.44709,N,NULL,NULL,NULL,NULL,NULL,NULL,NULL,NULL,9,97,1,6,1,5,6,2,6,3,N,NULL,Y,N,1601,1642,1642,Y,NULL,40,,,N,,N,N,,NULL,NULL,2019,O,7.23E+11,098-CR-1460  -000,HIGH,098-CR-1460  -000,0.008,0,0,0,0,0,0,0,0,0,0,0,1,0,0
1432,72386822,KSP0900,19-29153,20190731,835,,US119,,,US0119,US0119,,,,N,N,NULL,NULL,NULL,N,NULL,NULL,NULL,NULL,NULL,NULL,23.198,NULL,NULL,NULL,NULL,,NULL,0,0,1,1,N,N,55,NULL,98,9836,NULL,,Y,37.64433,-82.26685,N,NULL,NULL,NULL,NULL,NULL,NULL,NULL,NULL,9,3,4,3,1,5,6,2,7,3,N,NULL,N,N,835,850,851,N,NULL,40,2,1,N,,N,N,,NULL,NULL,2019,O,7.24E+11,098-US-0119  -000,MEDIUM,098-US-0119  -000,23.198,0,0,0,0,0,0,0,0,0,0,0,1,0,0
1433,72302898,KSP0900,19-933,20190108,1950,,KY1426,,,KY1426,KY1426,0,098 KY-1426,KY1426,N,N,NULL,NULL,NULL,N,NULL,NULL,NULL,NULL,NULL,NULL,11.714,NULL,NULL,NULL,NULL,,NULL,0,0,1,1,N,N,55,NULL,98,9828,NULL,,Y,37.53273,-82.46786,N,NULL,NULL,NULL,NULL,NULL,NULL,NULL,NULL,9,3,2,3,1,1,3,6,7,3,N,NULL,Y,N,1950,2018,1950,N,NULL,40,7,0,N,,N,N,098-KY-1426-0,NULL,NULL,2019,O,7.23E+11,098-KY-1426  -000,HIGH,098-KY-1426  -000,11.714,0,0,1,0,0,0,0,0,0,0,0,1,0,0
1434,72300105,KSP0900,2019-622,20190106,1056,,HOSPITAL,,DR,,,,,,Y,N,NULL,NULL,NULL,N,NULL,NULL,NULL,NULL,NULL,NULL,0.264,NULL,NULL,NULL,NULL,,NULL,0,0,2,2,N,N,,NULL,98,9834,NULL,,Y,37.67746,-82.29691,N,NULL,NULL,NULL,NULL,NULL,NULL,NULL,NULL,7,97,,6,1,1,2,2,1,3,N,NULL,Y,N,1058,1114,1114,N,NULL,90,,,N,,N,N,,NULL,NULL,2019,O,7.23E+11,098-CR-1015C -000,MEDIUM,098-CR-1015C -000,0.264,0,0,0,0,0,0,0,0,0,0,0,0,0,0
1435,72856713,KSP0900,23-25700,20230120,1612,,NARROWS,,BR,,,0,098 CR-1078,CR1078,N,N,NULL,NULL,NULL,N,NULL,NULL,NULL,NULL,NULL,NULL,1.263,NULL,NULL,NULL,NULL,,NULL,0,0,1,1,N,N,35,NULL,98,9842,NULL,,Y,37.60062,-82.24689,N,NULL,NULL,NULL,NULL,NULL,NULL,NULL,NULL,9,3,2,6,1,1,2,2,7,3,N,NULL,Y,N,1612,1617,1714,Y,NULL,70,,,Y,,N,N,098-CR-1078-0,NULL,NULL,2023,O,7.29E+11,098-CR-1078  -000,HIGH,098-CR-1078  -000,1.269,0,0,0,0,0,0,0,0,1,0,0,1,0,0
1436,72413604,KSP0900,19-38042,20190928,1518,,KY1469,,,KY1469,KY1469,0,098 KY-1469,KY1469,N,N,NULL,NULL,NULL,N,NULL,NULL,NULL,NULL,NULL,NULL,8.173,NULL,NULL,NULL,NULL,,NULL,0,0,1,1,N,N,55,NULL,98,9827,NULL,,Y,37.31515,-82.62691,N,NULL,NULL,NULL,NULL,NULL,NULL,NULL,NULL,9,4,2,3,1,1,2,2,7,3,N,NULL,N,N,1518,1531,,Y,NULL,51,8,0,N,,N,N,098-KY-1469-0,NULL,NULL,2019,O,7.24E+11,098-KY-1469  -000,HIGH,098-KY-1469  -000,8.173,0,0,0,0,0,0,1,0,0,0,0,1,0,0
1437,72340049,KSP0900,19-10479,20190330,1016,,HARMONS,,BR,,,0,098 CR-1412,CR1412,Y,N,NULL,NULL,NULL,N,NULL,NULL,NULL,NULL,NULL,NULL,0.102,NULL,NULL,NULL,NULL,,NULL,0,0,1,1,N,N,5,NULL,98,9807,NULL,,Y,37.53769,-82.59982,N,NULL,NULL,NULL,NULL,NULL,NULL,NULL,NULL,9,97,,6,1,1,2,2,7,3,N,NULL,Y,Y,1016,1030,,Y,NULL,90,,,N,,N,N,098-CR-1412-0,NULL,NULL,2019,O,7.23E+11,098-CR-1412  -000,MEDIUM,098-CR-1412  -000,0.102,0,0,0,0,0,0,1,0,0,0,0,1,0,0
1438,72351034,KSP0900,19-16849,20190510,1215,,KY1499,,,KY1499,KY1499,0,098 KY-1499,KY1499,N,N,NULL,NULL,NULL,N,NULL,NULL,NULL,NULL,NULL,NULL,0.219,NULL,NULL,NULL,NULL,,NULL,0,0,1,1,N,N,55,NULL,98,9847,NULL,,Y,37.38546,-82.25632,N,NULL,NULL,NULL,NULL,NULL,NULL,NULL,NULL,9,3,2,6,1,1,2,1,7,3,N,NULL,N,N,1215,1240,,N,NULL,38,7,0,N,,N,N,098-KY-1499-0,NULL,NULL,2019,O,7.24E+11,098-KY-1499  -000,HIGH,098-KY-1499  -000,0.219,0,0,0,1,0,0,0,0,0,0,0,0,0,0
1439,72357819,KSP0900,19-17128,20190512,1220,,KY1426,,,KY1426,KY1426,,,,N,N,NULL,NULL,NULL,N,NULL,NULL,NULL,NULL,NULL,NULL,15.838,NULL,NULL,NULL,NULL,,NULL,0,0,2,2,N,N,35,NULL,98,9820,NULL,,Y,37.56439,-82.44511,N,NULL,NULL,NULL,NULL,NULL,NULL,NULL,NULL,1,3,2,6,1,5,3,2,7,3,N,NULL,Y,N,1222,1226,1226,N,NULL,55,7,0,N,,N,N,,NULL,NULL,2019,O,7.24E+11,098-KY-1426  -000,HIGH,098-KY-1426  -000,15.838,0,0,0,1,0,0,0,1,0,0,0,0,0,0
1440,72425054,980000,19-10-008,20191023,1430,,28093 THOMPSON PLAZA SOUTHWILLIAMSON KY,,,,,,,,Y,N,NULL,NULL,NULL,N,NULL,NULL,NULL,NULL,NULL,NULL,,NULL,NULL,NULL,NULL,NULL,NULL,0,0,2,2,N,Y,10,NULL,98,9812,2,S,N,37.65389,-82.26987,N,NULL,NULL,NULL,NULL,NULL,NULL,NULL,NULL,2,97,1,6,1,1,2,2,1,3,N,NULL,N,Y,1448,1455,1525,N,NULL,90,,,N,,N,N,,NULL,NULL,2019,O,7.24E+11,098-US-0119  -010,MEDIUM,098-US-0119  -000,23.883,0,0,0,0,0,0,1,0,0,0,0,0,0,0
1441,72307063,980100,2.02E+11,20190124,1215,,US460,,,US0460,US0460,,,,N,Y,US23 CONNECTOR TO US460,,,N,NULL,NULL,NULL,NULL,NULL,NULL,0.238,NULL,NULL,NULL,NULL,,NULL,0,0,2,2,N,N,35,NULL,98,9801,NULL,,Y,37.43914,-82.50961,N,NULL,NULL,NULL,NULL,NULL,NULL,NULL,NULL,1,3,4,6,1,5,6,2,7,3,N,NULL,Y,N,1215,1223,,N,NULL,10,,1,N,,N,N,,NULL,NULL,2019,O,7.23E+11,098-US-0460  -000,HIGH,098-US-0460  -000,0.238,0,0,0,0,0,0,1,0,0,0,1,0,0,1
1442,72446812,KSP0900,19-47553,20191205,10,,US119,,,US0119,US0119,0,098 US-119-10,US0119,N,N,NULL,NULL,NULL,N,NULL,NULL,NULL,NULL,NULL,NULL,20.317,NULL,NULL,NULL,NULL,,NULL,1,0,1,1,N,N,55,NULL,98,9836,NULL,,Y,37.61509,-82.2747,N,NULL,NULL,NULL,NULL,NULL,NULL,NULL,NULL,9,6,2,3,1,1,2,6,7,3,Y,NULL,Y,Y,10,17,56,Y,NULL,40,2,1,N,,N,N,098-US-0119-10,NULL,NULL,2019,C,7.24E+11,098-US-0119  -010,HIGH,098-US-0119  -000,20.317,0,0,0,0,0,0,0,0,0,0,0,1,0,0
1443,72431104,980100,2.02E+11,20191031,1250,,US23,,,US0023,US0023,0,098 US-23,US0023,N,N,NULL,NULL,NULL,N,NULL,NULL,NULL,NULL,NULL,NULL,26.287,NULL,NULL,NULL,NULL,,NULL,0,0,2,2,N,N,55,NULL,98,9801,NULL,,Y,37.50372,-82.53215,N,NULL,NULL,NULL,NULL,NULL,NULL,NULL,NULL,5,3,4,6,1,5,6,2,7,3,N,NULL,Y,N,1248,1250,1250,N,NULL,70,,1,N,,N,N,098-US-0023-0,NULL,NULL,2019,O,7.24E+11,098-US-0023  -000,HIGH,098-US-0023  -000,26.287,0,0,0,0,0,0,0,0,0,0,0,0,0,1
1444,72345043,KSP0900,19-14516,20190425,735,,KY194,,,KY0194,KY0194,0,098 KY-194,KY0194,N,N,NULL,NULL,NULL,N,NULL,NULL,NULL,NULL,NULL,NULL,9.525,NULL,NULL,NULL,NULL,,NULL,0,0,1,1,N,N,55,NULL,98,9801,NULL,,Y,37.6031,-82.52787,N,NULL,NULL,NULL,NULL,NULL,NULL,NULL,NULL,9,5,2,6,1,1,2,2,7,3,N,NULL,Y,N,750,826,850,N,NULL,44,7,0,N,,N,N,098-KY-0194-0,NULL,NULL,2019,O,7.23E+11,098-KY-0194  -000,HIGH,098-KY-0194  -000,9.525,0,0,0,0,0,0,0,0,0,0,0,1,0,0
1445,72310139,KSP0900,19-1570,20190114,1835,,TOLER,,RD,KY0319,KY0319,0,098 KY-319,KY0319,N,N,NULL,NULL,NULL,N,NULL,NULL,NULL,NULL,NULL,NULL,1.619,NULL,NULL,NULL,NULL,,NULL,0,0,1,1,N,N,55,NULL,98,9863,NULL,,Y,37.59204,-82.20194,N,NULL,NULL,NULL,NULL,NULL,NULL,NULL,NULL,9,3,2,1,1,5,6,6,7,3,N,NULL,Y,N,1835,1850,1855,N,NULL,44,7,0,N,,N,N,098-KY-0319-0,NULL,NULL,2019,O,7.23E+11,098-KY-0319  -000,HIGH,098-KY-0319  -000,1.619,0,0,0,0,0,0,0,0,0,0,0,1,0,0
1446,72378833,980100,2.02E+11,20190712,1855,,MAYO,N,TRL,KY3495,KY3495,0,098 KY-3495,KY3495,N,N,NULL,NULL,NULL,N,NULL,NULL,NULL,NULL,NULL,NULL,0.605,NULL,NULL,NULL,NULL,,NULL,0,0,2,2,N,N,55,NULL,98,9801,NULL,,Y,37.49247,-82.53481,N,NULL,NULL,NULL,NULL,NULL,NULL,NULL,NULL,5,3,2,6,1,1,2,2,7,3,N,NULL,Y,N,1855,1855,1855,N,NULL,49,17,0,Y,,N,N,098-KY-3495-0,NULL,NULL,2019,O,7.24E+11,098-KY-3495  -000,HIGH,098-KY-3495  -000,0.605,0,0,1,0,0,0,1,0,0,0,0,0,0,1