OBJECTID,MasterFile,AgencyORINumber,LocalCode,CollisionDate,CollisionTime,CollisionDayWeekCode,RoadwayName,RoadwayName_Direction_,RoadwayName_RoadwaySuffix_,RoadwayfromReport,CurrentRoadwayNumber,RoadwayNumberCoupletID,RSEUniqueGIS,RoadwayIdentifier,ParkingLotIndicator,IntersectionWith_Indicator_,IntersectionWith_NameRoadway_,IntersectionWith_Direction_,IntersectionWith_RoadwaySuffix_,BetweenStreets_Indicator_,BetweenStreets1_NameRoadway_,BetweenStreet1_Direction_,BetweenStreets1_RoadwaySuffix_,BetweenStreets2_NameRoadway_,BetweenStreets2_Direction_,BetweenStreets2_RoadwaySuffix_,Milepoint,ReportMilepointDeriveNumber,CurrentDerivedMiepointNumber,MilestoMilepoint,FeettoMilepoint,DirectionfromMilepoint_NSEW_,ValidMilepointIndicator,NumberInjured,NumberKilled,ofUnits,ofMotorVehicleUnits,Hit&RunIndicator,OneWayIndicator,SpeedLimitNumber,KilometersIndicator,CountyCode,CityCountyCode,MilesFromCity,DirectionFromCity_NSEW_,InCityLimitsIndicator,Latitude,Longitude,RampIndicator,RampFromIdentifier,RampFromDirCode,RampFromCoupletID,RSEUniqueGISRampFrom,RampToidentifier,RampToDirCode,RampToCoupletID,RSEUniqueGisRampTo,MannerofCollisionCode,LocationFirstEventCode,TotalLanes,RoadwayCharacterCode,RoadwaySurfaceCode,RoadwayConditionCode,WeatherCode,LightConditionCode,LandUseCode,SchoolBusRelatedCode,FirstAidSceneIndicator,CollDescPresentInd,InvestigationCompleteIndicator,PhotosTakenIndicator,TimeNotified,TimeArrived,TimeRoadwayOpened,PropertyDamageIndicator,DiagramPresentIndicator,DirectionalAnalysis,FunctionClassCode,NationalHwySysCode,EnforcementsIndicator,KARSCityCode,SecondaryCollisionIndicator,MedianCrossoverIndicator,RT_UNIQUE,MapIt,TimeLastLeft,YR,KABCO,MFNY,WorkingRID,RT_CONFIDENCE,KTC_RT,KTC_MP,Motorcyclist,Commercial Vehicle,Young Driver,Mature Driver,Pedestrian,Bicyclist,Distracted,Aggressive,Impaired,Unrestrained,Intersection,Roadway Departure,Median Cross-over,City Crash
1447,72429748,KSP0900,19-42888,20191031,1459,,HOSPITAL,,DR,,,0,098 CR-1015C,CR1015C,Y,N,NULL,NULL,NULL,N,NULL,NULL,NULL,NULL,NULL,NULL,0.264,NULL,NULL,NULL,NULL,,NULL,0,0,2,2,N,N,15,NULL,98,9834,NULL,,Y,37.67591,-82.29722,N,NULL,NULL,NULL,NULL,NULL,NULL,NULL,NULL,8,97,1,6,1,5,6,2,1,3,N,NULL,Y,Y,1526,1528,1528,N,NULL,90,,,N,,N,N,098-CR-1015C-0,NULL,NULL,2019,O,7.24E+11,098-CR-1015C -000,HIGH,098-CR-1015C -000,0.264,0,0,0,0,0,0,0,0,0,0,0,0,0,0
1448,72383489,KSP0900,19-26833,20190715,25,,KY122,,,KY0122,KY0122,0,098 KY-122,KY0122,N,N,NULL,NULL,NULL,N,NULL,NULL,NULL,NULL,NULL,NULL,0.439,NULL,NULL,NULL,NULL,,NULL,1,0,1,1,N,N,55,NULL,98,9827,NULL,,Y,37.3511,-82.64938,N,NULL,NULL,NULL,NULL,NULL,NULL,NULL,NULL,9,4,2,1,1,1,2,4,6,3,N,NULL,Y,Y,27,44,,N,NULL,44,,0,N,,N,N,098-KY-0122-0,NULL,NULL,2019,C,7.24E+11,098-KY-0122  -000,HIGH,098-KY-0122  -000,0.439,0,0,0,0,0,0,0,0,0,0,0,1,0,0
1449,72395948,980100,2.02E+11,20190820,1838,,HAMBLEY,,BLVD,,,0,098 CS-1222,CS1222,N,N,NULL,NULL,NULL,N,NULL,NULL,NULL,NULL,NULL,NULL,0.474,NULL,NULL,NULL,NULL,,NULL,0,0,2,2,N,N,25,NULL,98,9801,NULL,,Y,37.47812,-82.52067,N,NULL,NULL,NULL,NULL,NULL,NULL,NULL,NULL,2,5,3,6,1,5,6,2,1,3,N,NULL,Y,N,1838,1839,1839,N,NULL,47,,,N,,N,N,098-CS-1222-0,NULL,NULL,2019,O,7.24E+11,098-CS-1222  -000,HIGH,098-CS-1222  -000,0.474,0,0,0,0,0,0,0,0,0,0,0,0,0,1
1450,72364794,KSP0900,19-19545,20190528,1608,,KY1506,,,KY1506,KY1506,0,098 KY-1506,KY1506,N,N,NULL,NULL,NULL,N,NULL,NULL,NULL,NULL,NULL,NULL,0.046,NULL,NULL,NULL,NULL,,NULL,0,0,2,2,N,N,35,NULL,98,9834,NULL,,Y,37.66849,-82.2766,N,NULL,NULL,NULL,NULL,NULL,NULL,NULL,NULL,1,3,2,6,1,1,2,2,7,3,N,NULL,Y,N,1608,1609,1614,N,NULL,55,9,0,N,,N,N,098-KY-1506-0,NULL,NULL,2019,O,7.24E+11,098-KY-1506  -000,HIGH,098-KY-1506  -000,0.046,0,0,0,0,0,0,0,1,0,0,0,0,0,0
1451,72305644,KSP0900,19-281,20190103,1315,,KY632,,,KY0632,KY0632,0,098 KY-632,KY0632,Y,N,NULL,NULL,NULL,N,NULL,NULL,NULL,NULL,NULL,NULL,12.469,NULL,NULL,NULL,NULL,,NULL,0,0,2,2,N,N,10,NULL,98,9804,NULL,,Y,37.50051,-82.16738,N,NULL,NULL,NULL,NULL,NULL,NULL,NULL,NULL,2,97,2,6,1,1,2,2,1,3,N,NULL,Y,N,1315,1325,1325,N,NULL,90,6,0,N,,N,N,098-KY-0632-0,NULL,NULL,2019,O,7.23E+11,098-KY-0632  -000,HIGH,098-KY-0632  -000,12.469,0,0,0,1,0,0,0,0,0,0,0,0,0,0
1452,72413474,980100,2.02E+11,20190928,551,,KY1426,,,KY1426,KY1426,0,098 KY-1426,KY1426,N,N,NULL,NULL,NULL,N,NULL,NULL,NULL,NULL,NULL,NULL,7.425,NULL,NULL,NULL,NULL,,NULL,0,0,1,1,N,N,45,NULL,98,9801,NULL,,Y,37.49018,-82.50167,N,NULL,NULL,NULL,NULL,NULL,NULL,NULL,NULL,9,4,2,6,1,1,2,6,1,3,N,NULL,Y,N,551,553,,N,NULL,44,,0,N,,N,Y,098-KY-1426-0,NULL,NULL,2019,O,7.24E+11,098-KY-1426  -000,HIGH,098-KY-1426  -000,7.425,0,0,0,0,0,0,0,0,0,0,0,1,0,1
1453,72316509,KSP0900,19-4509,20190210,2254,,CHLOE,,RD,KY1460,KY1460,0,098 KY-1460,KY1460,N,N,NULL,NULL,NULL,N,NULL,NULL,NULL,NULL,NULL,NULL,2.451,NULL,NULL,NULL,NULL,,NULL,0,0,2,2,N,N,45,NULL,98,9801,1,W,N,37.46494,-82.47837,N,NULL,NULL,NULL,NULL,NULL,NULL,NULL,NULL,1,97,2,3,1,5,6,6,7,3,N,NULL,Y,Y,2255,2304,2304,Y,NULL,47,,0,Y,,N,N,098-KY-1460-0,NULL,NULL,2019,O,7.23E+11,098-KY-1460  -000,HIGH,098-KY-1460  -000,2.451,0,0,0,0,0,0,0,0,1,0,0,0,0,0
1454,72444625,980100,2.02E+11,20191128,1327,,US23,,,US0023,US0023,,,,N,N,NULL,NULL,NULL,N,NULL,NULL,NULL,NULL,NULL,NULL,21.926,NULL,NULL,NULL,NULL,,NULL,0,0,2,2,Y,N,55,NULL,98,9801,NULL,,Y,37.45655,-82.5187,N,NULL,NULL,NULL,NULL,NULL,NULL,NULL,NULL,8,3,4,6,1,1,2,2,7,3,N,NULL,Y,N,1327,1334,1334,N,NULL,53,,1,N,,N,N,,NULL,NULL,2019,O,7.24E+11,098-US-0023  -000,MEDIUM,098-US-0023  -000,21.926,0,0,0,0,0,0,1,0,0,0,0,1,0,1
1455,72302966,980000,19-01-003,20190112,2034,,US23,,,US0023,US0023,0,098 US-23,US0023,N,N,NULL,NULL,NULL,N,NULL,NULL,NULL,NULL,NULL,NULL,32.765,NULL,NULL,NULL,NULL,,NULL,0,0,1,1,N,N,55,NULL,98,9801,NULL,,Y,37.53226,-82.61922,N,NULL,NULL,NULL,NULL,NULL,NULL,NULL,NULL,9,3,4,6,1,5,6,6,7,3,N,NULL,Y,Y,2034,2054,2114,N,NULL,70,,1,N,,N,Y,098-US-0023-0,NULL,NULL,2019,O,7.23E+11,098-US-0023  -000,HIGH,098-US-0023  -000,32.765,0,0,0,0,0,0,0,0,0,0,0,1,0,1
1456,72404649,980100,2.02E+11,20190909,855,,HAMBLEY,,BLVD,,,0,098 CS-1222,CS1222,N,N,NULL,NULL,NULL,N,NULL,NULL,NULL,NULL,NULL,NULL,1.409,NULL,NULL,NULL,NULL,,NULL,0,0,2,2,N,N,25,NULL,98,9801,NULL,,Y,37.48407,-82.52861,N,NULL,NULL,NULL,NULL,NULL,NULL,NULL,NULL,1,3,3,6,1,1,2,2,7,3,N,NULL,Y,N,855,900,913,N,NULL,55,,,N,,N,N,098-CS-1222-0,NULL,NULL,2019,O,7.24E+11,098-CS-1222  -000,HIGH,098-CS-1222  -000,1.409,0,0,1,0,0,0,0,0,0,0,0,0,0,1
1457,72340953,KSP0900,19-10368,20190329,1400,,SLONE,,PL,,,0,098 CR-1443D,CR1443D,N,N,NULL,NULL,NULL,N,NULL,NULL,NULL,NULL,NULL,NULL,0.012,NULL,NULL,NULL,NULL,,NULL,1,0,2,2,N,N,35,NULL,98,9832,NULL,,Y,37.5295,-82.36192,N,NULL,NULL,NULL,NULL,NULL,NULL,NULL,NULL,7,3,2,6,1,1,3,2,7,3,Y,NULL,N,N,1406,1459,1500,N,NULL,54,,,N,,N,N,098-CR-1443D-0,NULL,NULL,2019,C,7.23E+11,098-CR-1443D -000,HIGH,098-CR-1443D -000,0.012,0,0,0,1,0,0,0,0,0,0,0,1,0,0
1458,72382661,980100,2.02E+11,20190719,733,,BANK,,ST,,,0,098 CS-1106,CS1106,N,N,NULL,NULL,NULL,N,NULL,NULL,NULL,NULL,NULL,NULL,0.114,NULL,NULL,NULL,NULL,,NULL,0,0,2,2,Y,N,15,NULL,98,9801,NULL,,Y,37.47639,-82.51991,N,NULL,NULL,NULL,NULL,NULL,NULL,NULL,NULL,2,3,,6,1,1,2,2,1,3,N,NULL,Y,N,733,739,733,N,NULL,47,,,N,,N,N,098-CS-1106-0,NULL,NULL,2019,O,7.24E+11,098-CS-1106  -000,HIGH,098-CS-1106  -000,0.114,0,0,0,0,0,0,1,0,0,0,0,0,0,1
1459,72408373,980100,2.02E+11,20190917,1703,,KY1460,,,KY1460,KY1460,,,,N,N,NULL,NULL,NULL,N,NULL,NULL,NULL,NULL,NULL,NULL,7.031,NULL,NULL,NULL,NULL,,NULL,0,0,2,2,N,N,45,NULL,98,9801,NULL,,Y,37.48586,-82.5435,N,NULL,NULL,NULL,NULL,NULL,NULL,NULL,NULL,1,3,2,5,1,1,2,2,7,3,N,NULL,Y,N,1703,1708,1733,N,NULL,55,16,0,N,,N,N,,NULL,NULL,2019,O,7.24E+11,098-KY-1460  -000,HIGH,098-KY-1460  -000,7.031,0,0,1,0,0,0,1,1,0,0,0,0,0,1
1460,72345044,KSP0900,19-14558,20190425,1220,,US460,,,US0460,US0460,0,098 US-460,US0460,N,N,NULL,NULL,NULL,N,NULL,NULL,NULL,NULL,NULL,NULL,1.301,NULL,NULL,NULL,NULL,,NULL,0,0,2,2,N,N,35,NULL,98,9801,NULL,,Y,37.42698,-82.50151,N,NULL,NULL,NULL,NULL,NULL,NULL,NULL,NULL,8,3,2,3,1,1,3,2,7,3,N,NULL,Y,N,1221,1236,1245,N,NULL,53,,1,N,,N,N,098-US-0460-0,NULL,NULL,2019,O,7.23E+11,098-US-0460  -000,HIGH,098-US-0460  -000,1.301,0,1,0,0,0,0,1,0,0,0,0,1,0,0
1461,72382752,980100,2.02E+11,20190715,1625,,US23,,,US0023,US0023,0,098 US-23-10,US0023,N,N,NULL,NULL,NULL,N,NULL,NULL,NULL,NULL,NULL,NULL,25.598,NULL,NULL,NULL,NULL,,NULL,0,0,2,2,Y,N,55,NULL,98,9801,NULL,,Y,37.49427,-82.53262,N,NULL,NULL,NULL,NULL,NULL,NULL,NULL,NULL,8,3,4,6,1,5,6,2,1,3,N,NULL,Y,N,1625,1631,,N,NULL,53,,1,N,,N,N,098-US-0023-10,NULL,NULL,2019,O,7.24E+11,098-US-0023  -010,HIGH,098-US-0023  -000,25.598,0,1,1,0,0,0,1,0,0,0,0,1,0,1
1462,72344299,KSP0900,19-14100,20190422,1522,,US23,,,US0023,US0023,0,098 US-23-10,US0023,N,N,NULL,NULL,NULL,N,NULL,NULL,NULL,NULL,NULL,NULL,12.901,NULL,NULL,NULL,NULL,,NULL,0,0,3,3,N,N,55,NULL,98,9801,NULL,,Y,37.3723,-82.54342,N,NULL,NULL,NULL,NULL,NULL,NULL,NULL,NULL,5,3,4,6,1,1,2,2,7,3,N,NULL,Y,N,1524,1531,1524,N,NULL,49,,1,N,,N,N,098-US-0023-10,NULL,NULL,2019,O,7.23E+11,098-US-0023  -010,HIGH,098-US-0023  -000,12.901,0,0,0,1,0,0,0,0,0,0,0,0,0,0
1463,72418531,980000,1910001,20191004,900,,US119,,,US0119,US0119,0,098 US-119-10,US0119,Y,N,NULL,NULL,NULL,N,NULL,NULL,NULL,NULL,NULL,NULL,23.885,NULL,NULL,NULL,NULL,,NULL,0,0,1,1,N,N,15,NULL,98,9812,NULL,,Y,37.65413,-82.26931,N,NULL,NULL,NULL,NULL,NULL,NULL,NULL,NULL,9,97,2,6,1,1,2,2,1,3,N,NULL,Y,Y,830,855,910,N,NULL,90,2,1,N,,N,N,098-US-0119-10,NULL,NULL,2019,O,7.24E+11,098-US-0119  -010,HIGH,098-US-0119  -000,23.885,0,0,0,0,0,0,1,0,0,0,0,1,0,0
1464,72315393,980100,2.02E+11,20190211,1654,,US23,,,US0023,US0023,,,,N,Y,DOUGLAS,,ST,N,NULL,NULL,NULL,NULL,NULL,NULL,21.373,NULL,NULL,NULL,NULL,,NULL,0,0,1,1,N,N,55,NULL,98,9801,NULL,,Y,37.45015,-82.52435,N,NULL,NULL,NULL,NULL,NULL,NULL,NULL,NULL,9,5,4,6,1,1,3,2,1,3,N,NULL,Y,N,1654,1659,1715,Y,NULL,4,,1,N,,N,N,,NULL,NULL,2019,O,7.23E+11,098-US-0023  -010,MEDIUM,098-US-0023  -000,21.373,0,0,0,0,0,0,0,0,0,0,1,0,0,1
1465,72382465,980100,2.02E+11,20190721,1131,,MAYO,N,TRL,US0023,US0023,0,098 US-23,US0023,N,N,NULL,NULL,NULL,N,NULL,NULL,NULL,NULL,NULL,NULL,26.296,NULL,NULL,NULL,NULL,,NULL,0,0,2,2,N,N,55,NULL,98,9801,NULL,,Y,37.50384,-82.53216,N,NULL,NULL,NULL,NULL,NULL,NULL,NULL,NULL,1,3,4,6,1,1,2,2,7,3,N,NULL,Y,N,1131,1133,1214,N,NULL,55,,1,N,,N,N,098-US-0023-0,NULL,NULL,2019,O,7.24E+11,098-US-0023  -000,HIGH,098-US-0023  -000,26.296,0,0,0,0,0,0,0,1,0,0,0,1,0,1
1466,72412857,980000,1909012,20190927,1235,,GOODY LOOP ( WALMART ),,,,,,,,N,N,NULL,NULL,NULL,N,NULL,NULL,NULL,NULL,NULL,NULL,,NULL,NULL,NULL,NULL,NULL,NULL,0,0,2,2,N,Y,10,NULL,98,9812,NULL,,Y,37.65841,-82.27016,N,NULL,NULL,NULL,NULL,NULL,NULL,NULL,NULL,6,7,1,6,1,1,2,2,1,3,N,NULL,N,N,1220,1230,1300,N,NULL,70,,,N,,N,N,,NULL,NULL,2019,O,7.24E+11,098-US-0119  -000,MEDIUM,098-US-0119  -000,24.162,0,0,0,1,0,0,1,0,0,0,0,0,0,0
1467,72336512,980500,2019AR023,20190408,1222,,WEDDINGTON PLAZA,,,,,,,,N,N,NULL,NULL,NULL,N,NULL,NULL,NULL,NULL,NULL,NULL,,NULL,NULL,NULL,NULL,NULL,NULL,0,0,2,2,N,N,15,NULL,98,9807,NULL,,Y,37.52569,-82.57436,N,NULL,NULL,NULL,NULL,NULL,NULL,NULL,NULL,7,3,2,6,1,5,6,2,5,3,N,NULL,Y,Y,1222,1223,1240,N,NULL,54,,1,N,,N,N,,NULL,NULL,2019,O,7.23E+11,098-US-0023  -010,MEDIUM,098-US-0023  -000,29.173,0,0,0,1,0,0,0,0,0,0,0,1,0,0
1468,72312838,980100,2.02E+11,20190207,839,,SCOTT,,AVE,,,0,098 CS-1116,CS1116,N,N,NULL,NULL,NULL,N,NULL,NULL,NULL,NULL,NULL,NULL,0.166,NULL,NULL,NULL,NULL,,NULL,0,0,2,2,Y,N,25,NULL,98,9801,NULL,,Y,37.48344,-82.5179,N,NULL,NULL,NULL,NULL,NULL,NULL,NULL,NULL,8,3,1,6,1,5,6,5,6,,N,NULL,N,N,839,841,841,N,NULL,47,,,N,,N,N,098-CS-1116-0,NULL,NULL,2019,O,7.23E+11,098-CS-1116  -000,HIGH,098-CS-1116  -000,0.166,0,0,0,0,0,0,0,0,0,0,0,0,0,1
1469,72374803,980100,2.02E+11,20190703,916,,US23,,,US0023,US0023,,,,N,N,NULL,NULL,NULL,N,NULL,NULL,NULL,NULL,NULL,NULL,19.847,NULL,NULL,NULL,NULL,,NULL,0,0,1,1,N,N,55,NULL,98,9801,NULL,,Y,37.44998,-82.50938,N,NULL,NULL,NULL,NULL,NULL,NULL,NULL,NULL,9,3,4,3,1,6,6,2,1,3,N,NULL,Y,N,916,923,,N,NULL,40,,1,N,,N,N,,NULL,NULL,2019,O,7.24E+11,098-US-0023  -000,MEDIUM,098-US-0023  -000,19.847,0,0,0,0,0,0,0,1,0,0,0,1,0,1
1470,72368992,KSP0900,19-22611,20190618,30,,FERRELLS CREEK,,RD,US0460,US0460,0,098 US-460,US0460,N,N,NULL,NULL,NULL,N,NULL,NULL,NULL,NULL,NULL,NULL,20.823,NULL,NULL,NULL,NULL,,NULL,0,0,1,1,N,N,55,NULL,98,9847,2,W,N,37.37452,-82.28008,N,NULL,NULL,NULL,NULL,NULL,NULL,NULL,NULL,9,5,2,4,1,1,3,4,6,3,N,NULL,Y,N,30,115,,Y,NULL,40,,1,N,,N,N,098-US-0460-0,NULL,NULL,2019,O,7.24E+11,098-US-0460  -000,HIGH,098-US-0460  -000,20.823,0,0,0,0,0,0,0,0,0,0,0,1,0,0
1471,72432710,KSP0900,09-19-43417,20191104,1537,,GREASY,,CRK,KY3226,KY3226,0,098 KY-3226,KY3226,N,N,NULL,NULL,NULL,N,NULL,NULL,NULL,NULL,NULL,NULL,2.214,NULL,NULL,NULL,NULL,,NULL,3,0,2,2,N,N,55,NULL,98,9801,NULL,,Y,37.40691,-82.46642,N,NULL,NULL,NULL,NULL,NULL,NULL,NULL,NULL,1,3,2,6,1,1,2,2,7,1,Y,NULL,N,Y,1516,1527,,N,NULL,55,8,0,N,,N,N,098-KY-3226-0,NULL,NULL,2019,C,7.24E+11,098-KY-3226  -000,HIGH,098-KY-3226  -000,2.214,0,0,0,0,0,0,1,0,0,0,0,0,0,0
1472,72375041,980100,2.02E+11,20190703,1300,,JUSTICE WAY,,RD,,,0,098 CS-1215,CS1215,Y,N,NULL,NULL,NULL,N,NULL,NULL,NULL,NULL,NULL,NULL,,NULL,NULL,NULL,NULL,NULL,NULL,0,0,2,2,Y,N,,NULL,98,9801,NULL,,Y,37.50715,-82.54703,N,NULL,NULL,NULL,NULL,NULL,NULL,NULL,NULL,1,97,1,6,1,1,2,2,1,3,N,NULL,Y,N,1618,1636,1636,N,NULL,90,,,N,,N,N,098-CS-1215-0,NULL,NULL,2019,O,7.24E+11,098-CS-1215  -000,HIGH,098-CS-1215  -000,0.309,0,0,0,0,0,0,0,0,0,0,0,0,0,1
1473,72387618,KSP0900,19-28651,20190727,1433,,KY122,,,KY0122,KY0122,0,098 KY-122,KY0122,N,N,NULL,NULL,NULL,N,NULL,NULL,NULL,NULL,NULL,NULL,7.462,NULL,NULL,NULL,NULL,,NULL,0,0,2,2,N,N,55,NULL,98,9823,NULL,,Y,37.37701,-82.58612,N,NULL,NULL,NULL,NULL,NULL,NULL,NULL,NULL,1,3,2,6,1,1,2,2,7,3,N,NULL,Y,Y,1442,1500,1515,N,NULL,55,,0,N,,N,N,098-KY-0122-0,NULL,NULL,2019,O,7.24E+11,098-KY-0122  -000,HIGH,098-KY-0122  -000,7.462,0,0,0,0,0,0,0,0,0,0,0,0,0,0
1474,72320011,980100,2.02E+11,20190221,1410,,TOWN MOUNTAIN,,RD,,,,,,N,N,NULL,NULL,NULL,N,NULL,NULL,NULL,NULL,NULL,NULL,,NULL,NULL,NULL,NULL,NULL,NULL,1,0,2,2,N,N,45,NULL,98,9801,NULL,,Y,37.49033,-82.49391,N,NULL,NULL,NULL,NULL,NULL,NULL,NULL,NULL,5,3,2,1,1,1,2,2,7,3,Y,NULL,Y,Y,1411,1413,1444,N,NULL,49,,,N,,N,N,,NULL,NULL,2019,B,7.23E+11,098-KY-1426  -000,MEDIUM,098-KY-1426  -000,7.869,0,0,0,1,0,0,1,0,0,0,0,0,0,1
1475,72341558,980100,2.02E+11,20190419,1512,,,,,US0023,US0023,,,,N,N,NULL,NULL,NULL,N,NULL,NULL,NULL,NULL,NULL,NULL,0.028,NULL,NULL,NULL,NULL,NULL,NULL,0,0,2,2,N,N,45,NULL,98,9801,NULL,,Y,37.48416,-82.54238,Y,KY1460,W,NULL,098 US-23-321,US0023,N,NULL,098 US-23-321,5,3,4,1,1,5,6,2,1,3,N,NULL,Y,N,1512,1514,1518,N,NULL,85,,1,N,,N,N,,NULL,NULL,2019,O,7.23E+11,098-US-0023  -321,HIGH,098-US-0023  -321,0.028,0,0,1,0,0,0,0,0,0,0,0,0,0,1
1476,72424599,KSP0900,19-41261,20191020,1202,,UPPER JOHNS,,CRK,KY0632,KY0632,0,098 KY-632,KY0632,N,N,NULL,NULL,NULL,N,NULL,NULL,NULL,NULL,NULL,NULL,5.983,NULL,NULL,NULL,NULL,,NULL,1,0,1,1,N,N,55,NULL,98,9817,NULL,,Y,37.49605,-82.26263,N,NULL,NULL,NULL,NULL,NULL,NULL,NULL,NULL,9,5,2,3,1,5,3,2,7,3,Y,NULL,Y,Y,1202,1215,1225,N,NULL,44,6,0,N,,N,N,098-KY-0632-0,NULL,NULL,2019,C,7.24E+11,098-KY-0632  -000,HIGH,098-KY-0632  -000,5.983,0,0,1,0,0,0,0,0,0,0,0,1,0,0
1477,72516943,980100,2.02E+11,20200701,1453,,CEDAR CREEK ROAD,,,,,,,,Y,N,NULL,NULL,NULL,N,NULL,NULL,NULL,NULL,NULL,NULL,,NULL,NULL,NULL,NULL,NULL,NULL,0,0,2,2,N,N,,NULL,98,9801,NULL,,Y,37.47816,-82.55868,N,NULL,NULL,NULL,NULL,NULL,NULL,NULL,NULL,2,97,,6,1,1,2,2,1,3,N,NULL,Y,N,1453,1500,1500,N,NULL,90,,,N,,N,N,,NULL,NULL,2020,O,7.25E+11,098-CS-1038  -000,MEDIUM,098-CS-1038  -000,0.044,0,0,0,0,0,0,1,0,0,0,0,0,0,1
1478,72303751,980500,2019AR007,20190116,1538,,MAYO,N,TRL,US0023,US0023,0,098 US-23-10,US0023,N,N,NULL,NULL,NULL,N,NULL,NULL,NULL,NULL,NULL,NULL,29.616,NULL,NULL,NULL,NULL,,NULL,1,0,2,2,N,N,55,NULL,98,9801,NULL,,Y,37.53171,-82.5772,N,NULL,NULL,NULL,NULL,NULL,NULL,NULL,NULL,8,3,4,6,1,5,3,2,1,3,N,NULL,Y,Y,1536,1538,1551,N,NULL,53,,1,N,,N,N,098-US-0023-10,NULL,NULL,2019,C,7.23E+11,098-US-0023  -010,HIGH,098-US-0023  -000,29.616,0,0,0,0,0,0,0,0,0,0,0,1,0,1
1479,72326254,980100,2.02E+11,20190310,1654,,US23,,,US0023,US0023,,,,N,N,NULL,NULL,NULL,N,NULL,NULL,NULL,NULL,NULL,NULL,28.157,NULL,NULL,NULL,NULL,,NULL,0,0,2,2,N,N,45,NULL,98,9807,NULL,,Y,37.51609,-82.56073,N,NULL,NULL,NULL,NULL,NULL,NULL,NULL,NULL,5,3,4,6,1,1,2,2,1,3,N,NULL,Y,N,1655,1704,,N,NULL,49,,1,N,,N,N,,NULL,NULL,2019,O,7.23E+11,098-US-0023  -000,MEDIUM,098-US-0023  -000,28.157,0,0,1,0,0,0,1,0,0,0,0,0,0,0
1480,72411729,KSP0900,19-37555,20190925,743,,FISHTRAP,,RD,KY1441,KY1441,0,098 KY-1441,KY1441,N,N,NULL,NULL,NULL,N,NULL,NULL,NULL,NULL,NULL,NULL,1.529,NULL,NULL,NULL,NULL,,NULL,0,0,2,2,N,N,55,NULL,98,9801,7,SE,N,37.41411,-82.42721,N,NULL,NULL,NULL,NULL,NULL,NULL,NULL,NULL,7,3,2,4,1,1,2,2,7,3,N,NULL,Y,N,743,814,814,N,NULL,54,8,0,N,,N,N,098-KY-1441-0,NULL,NULL,2019,O,7.24E+11,098-KY-1441  -000,HIGH,098-KY-1441  -000,1.529,0,0,0,0,0,0,0,0,0,0,0,1,0,0
1481,72327788,980100,2.02E+11,20190315,1607,,CASSIDY BLVD,,,,,,,,Y,N,NULL,NULL,NULL,N,NULL,NULL,NULL,NULL,NULL,NULL,,NULL,NULL,NULL,NULL,,NULL,0,0,2,2,N,N,15,NULL,98,9801,NULL,,Y,37.50439,-82.53691,N,NULL,NULL,NULL,NULL,NULL,NULL,NULL,NULL,2,97,2,6,1,1,2,2,1,3,N,NULL,N,N,1607,1616,1635,N,NULL,90,,,N,,N,N,,NULL,NULL,2019,O,7.23E+11,098-CS-1191  -000,HIGH,098-CS-1191  -000,0.266,0,0,0,1,0,0,1,0,0,0,0,0,0,1
1482,72406918,KSP0900,19-35170,20190909,1529,,US23,,,US0023,US0023,0,098 US-23-10,US0023,N,N,NULL,NULL,NULL,N,NULL,NULL,NULL,NULL,NULL,NULL,0.005,NULL,NULL,NULL,NULL,,NULL,0,0,1,1,N,N,55,NULL,98,9824,NULL,,Y,37.24057,-82.6218,N,NULL,NULL,NULL,NULL,NULL,NULL,NULL,NULL,9,5,4,5,1,1,2,2,7,3,N,NULL,Y,N,1530,1538,1538,N,NULL,40,,1,N,,N,N,098-US-0023-10,NULL,NULL,2019,O,7.24E+11,098-US-0023  -010,HIGH,098-US-0023  -000,0.005,0,0,0,0,0,0,0,0,0,0,0,1,0,0
1483,72399794,980100,2.02E+11,20190828,1513,,US23,,,US0023,US0023,,,,N,N,NULL,NULL,NULL,N,NULL,NULL,NULL,NULL,NULL,NULL,25.841,NULL,NULL,NULL,NULL,,NULL,0,0,2,2,N,N,55,NULL,98,9801,NULL,,Y,37.49738,-82.53123,N,NULL,NULL,NULL,NULL,NULL,NULL,NULL,NULL,8,3,4,6,1,1,2,2,7,3,N,NULL,Y,N,1513,1520,1516,N,NULL,53,,1,N,,N,N,,NULL,NULL,2019,O,7.24E+11,098-US-0023  -000,MEDIUM,098-US-0023  -000,25.841,0,0,0,1,0,0,1,0,0,0,0,1,0,1
1484,72966564,980100,2.02E+11,20231031,1151,,CASSIDY,,BLVD,,,0,098 CS-1191,CS1191,Y,N,NULL,NULL,NULL,N,NULL,NULL,NULL,NULL,NULL,NULL,0.346,NULL,NULL,NULL,NULL,,NULL,0,0,2,2,N,N,15,NULL,98,9801,NULL,,Y,37.50523,-82.53782,N,NULL,NULL,NULL,NULL,NULL,NULL,NULL,NULL,2,97,2,6,1,1,3,2,1,3,N,NULL,Y,N,1151,1200,1200,N,NULL,90,,,N,,N,N,098-CS-1191-0,NULL,NULL,2023,O,7.30E+11,098-CS-1191  -000,HIGH,098-CS-1191  -000,0.35,0,0,1,0,0,0,1,0,0,0,0,0,0,1