OBJECTID,MasterFile,AgencyORINumber,LocalCode,CollisionDate,CollisionTime,CollisionDayWeekCode,RoadwayName,RoadwayName_Direction_,RoadwayName_RoadwaySuffix_,RoadwayfromReport,CurrentRoadwayNumber,RoadwayNumberCoupletID,RSEUniqueGIS,RoadwayIdentifier,ParkingLotIndicator,IntersectionWith_Indicator_,IntersectionWith_NameRoadway_,IntersectionWith_Direction_,IntersectionWith_RoadwaySuffix_,BetweenStreets_Indicator_,BetweenStreets1_NameRoadway_,BetweenStreet1_Direction_,BetweenStreets1_RoadwaySuffix_,BetweenStreets2_NameRoadway_,BetweenStreets2_Direction_,BetweenStreets2_RoadwaySuffix_,Milepoint,ReportMilepointDeriveNumber,CurrentDerivedMiepointNumber,MilestoMilepoint,FeettoMilepoint,DirectionfromMilepoint_NSEW_,ValidMilepointIndicator,NumberInjured,NumberKilled,ofUnits,ofMotorVehicleUnits,Hit&RunIndicator,OneWayIndicator,SpeedLimitNumber,KilometersIndicator,CountyCode,CityCountyCode,MilesFromCity,DirectionFromCity_NSEW_,InCityLimitsIndicator,Latitude,Longitude,RampIndicator,RampFromIdentifier,RampFromDirCode,RampFromCoupletID,RSEUniqueGISRampFrom,RampToidentifier,RampToDirCode,RampToCoupletID,RSEUniqueGisRampTo,MannerofCollisionCode,LocationFirstEventCode,TotalLanes,RoadwayCharacterCode,RoadwaySurfaceCode,RoadwayConditionCode,WeatherCode,LightConditionCode,LandUseCode,SchoolBusRelatedCode,FirstAidSceneIndicator,CollDescPresentInd,InvestigationCompleteIndicator,PhotosTakenIndicator,TimeNotified,TimeArrived,TimeRoadwayOpened,PropertyDamageIndicator,DiagramPresentIndicator,DirectionalAnalysis,FunctionClassCode,NationalHwySysCode,EnforcementsIndicator,KARSCityCode,SecondaryCollisionIndicator,MedianCrossoverIndicator,RT_UNIQUE,MapIt,TimeLastLeft,YR,KABCO,MFNY,WorkingRID,RT_CONFIDENCE,KTC_RT,KTC_MP,Motorcyclist,Commercial Vehicle,Young Driver,Mature Driver,Pedestrian,Bicyclist,Distracted,Aggressive,Impaired,Unrestrained,Intersection,Roadway Departure,Median Cross-over,City Crash
1485,72362618,KSP0900,19-20227,20190602,553,,US23,,,US0023,US0023,0,098 US-23,US0023,N,N,NULL,NULL,NULL,N,NULL,NULL,NULL,NULL,NULL,NULL,3.034,NULL,NULL,NULL,NULL,,NULL,0,0,1,1,N,N,55,NULL,98,9809,NULL,,Y,37.27287,-82.59705,N,NULL,NULL,NULL,NULL,NULL,NULL,NULL,NULL,9,3,4,6,1,1,2,6,7,3,N,NULL,Y,N,714,735,,N,NULL,44,,1,N,,N,N,098-US-0023-0,NULL,NULL,2019,O,7.24E+11,098-US-0023  -000,HIGH,098-US-0023  -000,3.034,0,0,1,0,0,0,0,0,0,1,0,1,0,0
1486,72321412,980100,2.02E+11,20190228,1553,,MAIN,,ST,,,0,098 CS-1112,CS1112,Y,N,NULL,NULL,NULL,N,NULL,NULL,NULL,NULL,NULL,NULL,0.175,NULL,NULL,NULL,NULL,,NULL,0,0,2,2,N,N,15,NULL,98,9801,NULL,,Y,37.47995,-82.51706,N,NULL,NULL,NULL,NULL,NULL,NULL,NULL,NULL,2,97,,6,1,1,3,2,1,3,N,NULL,Y,N,1553,1557,,N,NULL,90,,,N,,N,N,098-CS-1112-0,NULL,NULL,2019,O,7.23E+11,098-CS-1112  -000,HIGH,098-CS-1112  -000,0.175,0,0,0,0,0,0,1,0,0,0,0,0,0,1
1487,72339313,KSP0900,19-12955,20190414,2128,,US23,,,US0023,US0023,0,098 US-23,US0023,N,N,NULL,NULL,NULL,N,NULL,NULL,NULL,NULL,NULL,NULL,5.436,NULL,NULL,NULL,NULL,,NULL,0,0,1,1,N,N,55,NULL,98,9809,16,S,N,37.28377,-82.5583,N,NULL,NULL,NULL,NULL,NULL,NULL,NULL,NULL,9,3,4,5,1,5,3,6,7,3,N,NULL,Y,N,2137,2151,,N,NULL,38,,1,N,,N,N,098-US-0023-0,NULL,NULL,2019,O,7.23E+11,098-US-0023  -000,HIGH,098-US-0023  -000,5.436,0,0,0,0,0,0,0,0,0,0,0,0,0,0
1488,72462785,980100,20200000648,20200112,1706,,HUFFMAN,,AVE,,,0,098 CS-1123,CS1123,N,N,NULL,NULL,NULL,N,NULL,NULL,NULL,NULL,NULL,NULL,0.004,NULL,NULL,NULL,NULL,,NULL,0,0,2,2,N,N,35,NULL,98,9801,NULL,,Y,37.47695,-82.51708,N,NULL,NULL,NULL,NULL,NULL,NULL,NULL,NULL,5,3,3,6,1,1,2,2,1,3,N,NULL,Y,N,1706,1710,1710,N,NULL,49,,,N,,N,N,098-CS-1123-0,NULL,NULL,2020,O,7.25E+11,098-CS-1123  -000,HIGH,098-CS-1123  -000,0.004,0,0,0,0,0,0,1,0,0,0,0,0,0,1
1489,72447647,980000,19-12-004,20191207,1545,,US119,,,US0119,US0119,0,098 US-119,US0119,Y,N,NULL,NULL,NULL,N,NULL,NULL,NULL,NULL,NULL,NULL,23.577,NULL,NULL,NULL,NULL,,NULL,0,0,2,2,N,N,,NULL,98,9834,NULL,,Y,37.64981,-82.2677,N,NULL,NULL,NULL,NULL,NULL,NULL,NULL,NULL,2,97,0,6,1,1,3,2,1,3,N,NULL,Y,Y,1630,1630,1630,N,NULL,90,2,1,N,,N,N,098-US-0119-0,NULL,NULL,2019,O,7.24E+11,098-US-0119  -000,HIGH,098-US-0119  -000,23.577,0,0,0,0,0,0,1,0,0,0,0,0,0,0
1490,72760573,KSP0900,22-168655,20220507,1656,,GOODY,,LOOP,,,0,098 PR-1024,PR1024,Y,N,NULL,NULL,NULL,N,NULL,NULL,NULL,NULL,NULL,NULL,,NULL,NULL,NULL,NULL,,NULL,0,0,2,2,N,N,,NULL,98,9834,NULL,,Y,37.65855,-82.27007,N,NULL,NULL,NULL,NULL,NULL,NULL,NULL,NULL,2,97,,6,1,5,6,2,5,3,N,NULL,Y,N,1702,1728,1728,N,NULL,90,,,N,,N,N,098-PR-1024-0,NULL,NULL,2022,O,7.28E+11,098-PR-1024  -000,HIGH,098-PR-1024  -000,0.102,0,0,0,0,0,0,1,0,0,0,0,0,0,0
1491,72332770,KSP0900,19-10059,20190327,1531,,US460,,,US0460,US0460,0,098 US-460,US0460,N,N,NULL,NULL,NULL,N,NULL,NULL,NULL,NULL,NULL,NULL,8.857,NULL,NULL,NULL,NULL,,NULL,0,0,1,1,N,N,35,NULL,98,9802,NULL,,Y,37.371,-82.42246,N,NULL,NULL,NULL,NULL,NULL,NULL,NULL,NULL,9,5,2,3,1,1,2,2,7,3,N,NULL,N,N,1600,1651,,N,NULL,51,,1,N,,N,N,098-US-0460-0,NULL,NULL,2019,O,7.23E+11,098-US-0460  -000,HIGH,098-US-0460  -000,8.857,0,0,0,0,0,0,0,0,0,0,0,1,0,0
1492,72445275,KSP0900,19-47259,20191202,1758,,UPPER CHLOE,,RD,,,0,098 CR-1309,CR1309,N,N,NULL,NULL,NULL,N,NULL,NULL,NULL,NULL,NULL,NULL,0.514,NULL,NULL,NULL,NULL,,NULL,0,0,1,1,N,N,35,NULL,98,9801,NULL,,Y,37.45605,-82.47009,N,NULL,NULL,NULL,NULL,NULL,NULL,NULL,NULL,9,3,2,3,1,5,6,6,6,3,N,NULL,Y,N,1758,1854,1941,Y,NULL,40,,,Y,,N,N,098-CR-1309-0,NULL,NULL,2019,O,7.24E+11,098-CR-1309  -000,HIGH,098-CR-1309  -000,0.514,0,0,0,0,0,0,0,0,0,0,0,1,0,0
1493,72300563,KSP0900,19-00262,20190103,1428,,US23,,,US0023,US0023,0,098 US-23,US0023,N,N,NULL,NULL,NULL,N,NULL,NULL,NULL,NULL,NULL,NULL,13.86,NULL,NULL,NULL,NULL,,NULL,2,0,2,2,N,N,35,NULL,98,9823,NULL,,Y,37.38454,-82.54089,N,NULL,NULL,NULL,NULL,NULL,NULL,NULL,NULL,1,3,4,6,1,1,2,2,7,3,N,NULL,Y,Y,1429,1432,,N,NULL,55,,1,N,,N,N,098-US-0023-0,NULL,NULL,2019,C,7.23E+11,098-US-0023  -000,HIGH,098-US-0023  -000,13.86,0,0,1,1,0,0,0,0,0,0,0,0,0,0
1494,72397944,KSP0900,19-33009,20190825,1234,,VIRGIE,,RD,KY0610,KY0610,0,098 KY-610,KY0610,N,N,NULL,NULL,NULL,N,NULL,NULL,NULL,NULL,NULL,NULL,1.198,NULL,NULL,NULL,NULL,,NULL,0,0,1,1,N,N,55,NULL,98,9827,NULL,,Y,37.28605,-82.59409,N,NULL,NULL,NULL,NULL,NULL,NULL,NULL,NULL,9,5,2,3,1,1,2,2,6,3,N,NULL,Y,N,1232,1245,1245,N,NULL,44,7,0,N,,N,N,098-KY-0610-0,NULL,NULL,2019,O,7.24E+11,098-KY-0610  -000,HIGH,098-KY-0610  -000,1.198,0,0,0,0,0,0,0,0,0,0,0,1,0,0
1495,72401080,980100,2.02E+11,20190831,1736,,KY1426,,,KY1426,KY1426,,,,Y,N,NULL,NULL,NULL,N,NULL,NULL,NULL,NULL,NULL,NULL,4.933,NULL,NULL,NULL,NULL,,NULL,0,0,2,2,Y,N,10,NULL,98,9801,NULL,,Y,37.47146,-82.53453,N,NULL,NULL,NULL,NULL,NULL,NULL,NULL,NULL,,97,,6,1,1,2,2,1,3,N,NULL,N,N,1736,1738,1738,N,NULL,90,,0,N,,N,N,,NULL,NULL,2019,O,7.24E+11,098-KY-1426  -010,MEDIUM,098-KY-1426  -000,4.933,0,0,0,0,0,0,0,0,0,0,0,0,0,1
1496,72393493,KSP0900,19-31145,20190813,716,,STONE COAL CREEK,,RD,KY3227,KY3227,0,098 KY-3227,KY3227,N,N,NULL,NULL,NULL,N,NULL,NULL,NULL,NULL,NULL,NULL,2.679,NULL,NULL,NULL,NULL,,NULL,1,0,2,2,N,N,35,NULL,98,9801,2.5,N,N,37.53371,-82.52175,N,NULL,NULL,NULL,NULL,NULL,NULL,NULL,NULL,3,3,1,1,1,1,2,2,7,3,Y,NULL,Y,Y,718,724,800,N,NULL,52,8,0,N,,N,N,098-KY-3227-0,NULL,NULL,2019,C,7.24E+11,098-KY-3227  -000,HIGH,098-KY-3227  -000,2.679,0,0,1,0,0,0,1,1,0,0,0,1,0,0
1497,72376770,980100,2.02E+11,20190702,1332,,BAIRD,,AVE,KY1426,KY1426,,,,N,N,NULL,NULL,NULL,N,NULL,NULL,NULL,NULL,NULL,NULL,5.395,NULL,NULL,NULL,NULL,,NULL,0,0,2,2,N,N,25,NULL,98,9801,NULL,,Y,37.47327,-82.52711,N,NULL,NULL,NULL,NULL,NULL,NULL,NULL,NULL,1,3,4,6,1,1,2,2,7,3,N,NULL,N,N,1332,1339,1339,N,NULL,55,,0,N,,N,N,,NULL,NULL,2019,O,7.24E+11,098-KY-1426  -000,HIGH,098-KY-1426  -000,5.395,0,0,1,1,0,0,1,0,0,0,0,0,0,1
1498,72457295,KSP0900,19-50708,20191229,1715,,KY632,,,KY0632,KY0632,,,,N,N,NULL,NULL,NULL,N,NULL,NULL,NULL,NULL,NULL,NULL,0.246,NULL,NULL,NULL,NULL,,NULL,0,0,2,2,Y,N,45,NULL,98,9817,NULL,,Y,37.49878,-82.34534,N,NULL,NULL,NULL,NULL,NULL,NULL,NULL,NULL,7,3,2,3,1,5,3,3,7,3,N,NULL,N,N,1715,1810,1810,N,NULL,54,6,0,N,,N,N,,NULL,NULL,2019,O,7.25E+11,098-KY-0632  -000,HIGH,098-KY-0632  -000,0.246,0,0,0,0,0,0,0,0,0,0,0,1,0,0
1499,72454991,KSP0900,19-45527,20191119,1558,,US460,,,US0460,US0460,0,098 US-460,US0460,N,N,NULL,NULL,NULL,N,NULL,NULL,NULL,NULL,NULL,NULL,12.832,NULL,NULL,NULL,NULL,,NULL,0,0,2,2,N,N,55,NULL,98,9822,NULL,,Y,37.33849,-82.39353,N,NULL,NULL,NULL,NULL,NULL,NULL,NULL,NULL,5,3,2,6,1,5,3,2,7,3,N,NULL,Y,N,1558,1610,1610,N,NULL,49,,1,N,,N,N,098-US-0460-0,NULL,NULL,2019,O,7.25E+11,098-US-0460  -000,HIGH,098-US-0460  -000,12.832,0,0,0,0,0,0,0,0,0,0,0,0,0,0
1500,72374767,980100,2.02E+11,20190701,1053,,COLLEGE,N,ST,,,0,098 CS-1108,CS1108,Y,N,NULL,NULL,NULL,N,NULL,NULL,NULL,NULL,NULL,NULL,0.06,NULL,NULL,NULL,NULL,,NULL,0,0,2,2,N,N,15,NULL,98,9801,NULL,,Y,37.47667,-82.52115,N,NULL,NULL,NULL,NULL,NULL,NULL,NULL,NULL,2,97,,6,1,1,2,2,1,3,N,NULL,Y,N,1053,1057,1057,N,NULL,90,,,N,,N,N,098-CS-1108-0,NULL,NULL,2019,O,7.24E+11,098-CS-1108  -000,HIGH,098-CS-1108  -000,0.06,0,0,0,0,0,0,1,0,0,0,0,0,0,1
1501,72320987,980100,2.02E+11,20190219,842,,BYPASS,S,RD,KY1426,KY1426,0,098 KY-1426,KY1426,Y,N,NULL,NULL,NULL,N,NULL,NULL,NULL,NULL,NULL,NULL,5.682,NULL,NULL,NULL,NULL,,NULL,0,0,1,1,N,N,10,NULL,98,9801,NULL,,Y,37.47274,-82.52299,N,NULL,NULL,NULL,NULL,NULL,NULL,NULL,NULL,9,97,0,3,2,1,2,2,1,3,N,NULL,Y,N,1100,1100,842,N,NULL,90,,0,N,,N,N,098-KY-1426-0,NULL,NULL,2019,O,7.23E+11,098-KY-1426  -000,HIGH,098-KY-1426  -000,5.682,0,0,0,0,0,0,0,0,0,0,0,1,0,1
1502,72334931,980100,2.02E+11,20190403,1651,,REDALE,,RD,,,,,,N,N,NULL,NULL,NULL,N,NULL,NULL,NULL,NULL,NULL,NULL,0.192,NULL,NULL,NULL,NULL,,NULL,0,0,2,2,N,N,15,NULL,98,9801,NULL,,Y,37.48713,-82.52759,N,NULL,NULL,NULL,NULL,NULL,NULL,NULL,NULL,2,3,1,6,1,1,2,2,6,3,N,NULL,Y,N,1652,1655,1712,N,NULL,47,,,N,,N,N,,NULL,NULL,2019,O,7.23E+11,098-CS-1244  -000,HIGH,098-CS-1244  -000,0.192,0,0,0,0,0,0,1,0,0,0,0,0,0,1
1503,72425689,980100,2.02E+11,20191017,1700,,US23,,,US0023,US0023,,,,N,N,NULL,NULL,NULL,N,NULL,NULL,NULL,NULL,NULL,NULL,26.09,NULL,NULL,NULL,NULL,,NULL,0,0,2,2,N,N,55,NULL,98,9801,NULL,,Y,37.50092,-82.53199,N,NULL,NULL,NULL,NULL,NULL,NULL,NULL,NULL,5,3,4,6,1,1,2,2,7,3,N,NULL,Y,N,1700,1707,1707,N,NULL,49,,1,N,,N,N,,NULL,NULL,2019,O,7.24E+11,098-US-0023  -000,MEDIUM,098-US-0023  -000,26.09,0,0,0,1,0,0,1,0,0,0,0,0,0,1
1504,72433656,980100,2.02E+11,20191107,2113,,CASSIDY BLVD,,,,,,,,N,N,NULL,NULL,NULL,N,NULL,NULL,NULL,NULL,NULL,NULL,,NULL,NULL,NULL,NULL,,NULL,1,0,1,1,N,N,15,NULL,98,9801,NULL,,Y,37.5071,-82.5376,N,NULL,NULL,NULL,NULL,NULL,NULL,NULL,NULL,9,3,2,1,1,5,6,6,1,3,Y,NULL,Y,Y,2113,2119,2119,N,NULL,44,,,N,,N,N,,NULL,NULL,2019,C,7.24E+11,098-CS-1191  -000,MEDIUM,098-CS-1191  -000,0.336,0,0,0,0,0,0,1,0,0,1,0,1,0,1
1505,72347095,980100,2.02E+11,20190419,2028,,CASSIDY,,BLVD,,,,,,N,N,NULL,NULL,NULL,N,NULL,NULL,NULL,NULL,NULL,NULL,0.037,NULL,NULL,NULL,NULL,,NULL,0,0,2,2,Y,N,35,NULL,98,9801,NULL,,Y,37.5037,-82.53278,N,NULL,NULL,NULL,NULL,NULL,NULL,NULL,NULL,5,3,4,6,2,1,2,3,7,3,N,NULL,N,N,2029,2030,2036,N,NULL,49,,,N,,N,N,,NULL,NULL,2019,O,7.23E+11,098-CS-1191  -000,HIGH,098-CS-1191  -000,0.037,0,0,0,0,0,0,1,0,0,0,0,0,0,1
1506,72441468,980100,2.02E+11,20191118,1513,,US23,,,US0023,US0023,0,098 US-23-10,US0023,N,N,NULL,NULL,NULL,N,NULL,NULL,NULL,NULL,NULL,NULL,27.314,NULL,NULL,NULL,NULL,,NULL,0,0,2,2,N,N,55,NULL,98,9801,NULL,,Y,37.51054,-82.54761,N,NULL,NULL,NULL,NULL,NULL,NULL,NULL,NULL,5,3,4,6,1,1,2,2,1,3,N,NULL,Y,N,1513,1521,,N,NULL,49,,1,N,,N,N,098-US-0023-10,NULL,NULL,2019,O,7.24E+11,098-US-0023  -010,HIGH,098-US-0023  -000,27.314,0,0,1,0,0,0,1,0,0,0,0,0,0,1
1507,72441572,KSP0900,19-45345,20191118,1321,,US460,,,US0460,US0460,0,098 US-460,US0460,N,N,NULL,NULL,NULL,N,NULL,NULL,NULL,NULL,NULL,NULL,9.344,NULL,NULL,NULL,NULL,,NULL,0,0,2,2,N,N,35,NULL,98,9801,NULL,,Y,37.36851,-82.41425,N,NULL,NULL,NULL,NULL,NULL,NULL,NULL,NULL,8,3,2,6,1,1,2,2,7,3,N,NULL,N,N,1321,1324,,N,NULL,53,,1,N,,N,N,098-US-0460-0,NULL,NULL,2019,O,7.24E+11,098-US-0460  -000,HIGH,098-US-0460  -000,9.344,0,0,0,0,0,0,1,0,0,0,0,1,0,0
1508,72680585,KSP0900,21-415762,20211008,1706,,SCHOOLHOUSE,,SPUR,,,0,098 CR-1267M,CR1267M,N,N,NULL,NULL,NULL,N,NULL,NULL,NULL,NULL,NULL,NULL,0.082,NULL,NULL,NULL,NULL,,NULL,0,1,1,1,N,Y,10,NULL,98,9801,NULL,,Y,37.42538,-82.49294,N,NULL,NULL,NULL,NULL,NULL,NULL,NULL,NULL,9,3,1,5,1,5,6,2,7,3,Y,NULL,Y,Y,1702,1718,1800,N,NULL,70,,,N,,N,N,098-CR-1267M-0,NULL,NULL,2021,K,7.27E+11,098-CR-1267M -000,HIGH,098-CR-1267M -000,0.082,0,0,0,0,0,0,0,0,1,1,0,1,0,0
1509,72892866,KSP0900,23-163000,20230430,5,,SOUTHSIDE MALL,,RD,,,0,098 PR-1010,PR1010,N,N,NULL,NULL,NULL,N,NULL,NULL,NULL,NULL,NULL,NULL,0.058,NULL,NULL,NULL,NULL,,NULL,1,0,1,1,N,N,25,NULL,98,9834,NULL,,Y,37.65272,-82.271,N,NULL,NULL,NULL,NULL,NULL,NULL,NULL,NULL,9,3,2,6,1,1,2,7,7,3,N,NULL,N,N,5,5,45,N,NULL,70,,,N,,N,N,098-PR-1010-0,NULL,NULL,2023,C,7.29E+11,098-PR-1010  -000,HIGH,098-PR-1010  -000,0.033,0,0,1,0,0,0,0,0,1,1,0,1,0,0
1510,72448042,980100,2.02E+11,20191125,1340,,THOMPSON,,RD,,,0,098 CS-1215,CS1215,Y,N,NULL,NULL,NULL,N,NULL,NULL,NULL,NULL,NULL,NULL,0.504,NULL,NULL,NULL,NULL,,NULL,0,0,2,2,N,N,15,NULL,98,9801,NULL,,Y,37.50602,-82.54359,N,NULL,NULL,NULL,NULL,NULL,NULL,NULL,NULL,2,97,2,6,1,1,2,2,1,3,N,NULL,Y,N,1342,1350,,N,NULL,90,,,N,,N,N,098-CS-1215-0,NULL,NULL,2019,O,7.24E+11,098-CS-1215  -000,HIGH,098-CS-1215  -000,0.504,0,0,0,0,0,0,1,0,0,0,0,0,0,1
1511,72957306,KSP0900,23-420006,20231010,1730,,JOE MCCOY,,RD,,,0,098 CR-1828C,CR1828C,N,N,NULL,NULL,NULL,N,NULL,NULL,NULL,NULL,NULL,NULL,0.588,NULL,NULL,NULL,NULL,,NULL,0,0,1,1,N,N,35,NULL,98,9804,NULL,,Y,37.54435,-82.1675,N,NULL,NULL,NULL,NULL,NULL,NULL,NULL,NULL,9,3,2,6,1,1,2,2,7,3,N,NULL,Y,N,1730,1730,1730,N,NULL,70,,,N,,N,N,098-CR-1828C-0,NULL,NULL,2023,O,7.30E+11,098-CR-1828C -000,HIGH,098-CR-1828C -000,0.189,0,0,0,0,0,0,1,0,0,0,0,1,0,0
1512,72387666,KSP0900,19-29378,20190802,2020,,HARLESS,,CRK,,,0,098 CR-1664,CR1664,N,N,NULL,NULL,NULL,N,NULL,NULL,NULL,NULL,NULL,NULL,0.133,NULL,NULL,NULL,NULL,,NULL,1,0,1,1,N,N,35,NULL,98,9802,NULL,,Y,37.36507,-82.40564,N,NULL,NULL,NULL,NULL,NULL,NULL,NULL,NULL,9,3,1,3,1,1,2,2,7,3,N,NULL,Y,Y,2026,2043,,N,NULL,40,,,Y,,N,N,098-CR-1664-0,NULL,NULL,2019,B,7.24E+11,098-CR-1664  -000,HIGH,098-CR-1664  -000,0.133,1,0,0,0,0,0,0,0,1,0,0,1,0,0
1513,72310111,980100,2.02E+11,20190131,1758,,CHLOE ROAD,,,,,,,,Y,N,NULL,NULL,NULL,N,NULL,NULL,NULL,NULL,NULL,NULL,,NULL,NULL,NULL,NULL,,NULL,0,0,1,1,N,N,15,NULL,98,9801,NULL,,Y,37.47723,-82.51608,N,NULL,NULL,NULL,NULL,NULL,NULL,NULL,NULL,9,97,1,6,1,1,2,2,1,3,N,NULL,Y,Y,1809,1809,1809,N,NULL,90,,,N,,N,N,,NULL,NULL,2019,O,7.23E+11,098-KY-1460  -022,MEDIUM,098-KY-1460  -022,0.029,0,0,0,0,0,0,0,0,0,0,0,0,0,1
1514,72471510,KSP0900,2020-4101,20200131,2352,,KY1426,,,KY1426,KY1426,0,098 KY-1426,KY1426,N,N,NULL,NULL,NULL,N,NULL,NULL,NULL,NULL,NULL,NULL,14.882,NULL,NULL,NULL,NULL,,NULL,0,0,1,1,N,N,35,NULL,98,9820,NULL,,Y,37.56696,-82.45792,N,NULL,NULL,NULL,NULL,NULL,NULL,NULL,NULL,9,3,2,3,1,1,2,7,6,3,N,NULL,N,N,2352,1,1,N,NULL,40,7,0,N,,N,N,098-KY-1426-0,NULL,NULL,2020,O,7.25E+11,098-KY-1426  -000,HIGH,098-KY-1426  -000,14.882,0,0,1,0,0,0,0,0,0,0,0,1,0,0
1515,72337524,980000,19-03-009,20190329,1525,,REDBUD,,LN,,,0,098 CR-1041,CR1041,Y,N,NULL,NULL,NULL,N,NULL,NULL,NULL,NULL,NULL,NULL,0.299,NULL,NULL,NULL,NULL,,NULL,0,0,3,3,N,N,15,NULL,98,9836,NULL,,Y,37.64805,-82.26643,N,NULL,NULL,NULL,NULL,NULL,NULL,NULL,NULL,5,97,,6,1,1,2,2,8,3,N,NULL,Y,Y,1527,1528,1528,N,NULL,90,,,N,,N,N,098-CR-1041-0,NULL,NULL,2019,O,7.23E+11,098-CR-1041  -000,HIGH,098-CR-1041  -000,0.299,0,0,1,0,0,0,1,1,0,0,0,0,0,0
1516,72423011,980100,2.02E+11,20191018,1527,,BYPASS,,RD,,,,,,Y,N,NULL,NULL,NULL,N,NULL,NULL,NULL,NULL,NULL,NULL,,NULL,NULL,NULL,NULL,,NULL,0,0,2,2,N,N,,NULL,98,9801,NULL,,Y,37.47128,-82.52117,N,NULL,NULL,NULL,NULL,NULL,NULL,NULL,NULL,2,97,1,6,1,1,2,2,1,3,N,NULL,Y,N,1527,1534,1534,N,NULL,90,,,N,,N,N,,NULL,NULL,2019,O,7.24E+11,098-CS-1223  -000,MEDIUM,098-CS-1223  -000,0.135,0,0,0,1,0,0,1,0,0,0,0,0,0,1
1517,72418377,980100,2.02E+11,20191009,631,,US23,,,US0023,US0023,0,098 US-23,US0023,N,N,NULL,NULL,NULL,N,NULL,NULL,NULL,NULL,NULL,NULL,23.051,NULL,NULL,NULL,NULL,,NULL,1,0,2,2,N,N,55,NULL,98,9801,NULL,,Y,37.46589,-82.52787,N,NULL,NULL,NULL,NULL,NULL,NULL,NULL,NULL,5,3,4,6,1,1,2,2,7,3,Y,NULL,Y,Y,631,637,637,N,NULL,49,,1,Y,,N,N,098-US-0023-0,NULL,NULL,2019,C,7.24E+11,098-US-0023  -000,HIGH,098-US-0023  -000,23.051,0,0,1,0,0,0,0,0,0,0,0,0,0,1
1518,72373504,KSP0900,19-23583,20190624,1745,,MOTLEY,,RD,,,0,098 CR-1163,CR1163,Y,N,NULL,NULL,NULL,N,NULL,NULL,NULL,NULL,NULL,NULL,2.185,NULL,NULL,NULL,NULL,,NULL,0,0,2,2,N,N,,NULL,98,9839,NULL,,Y,37.41913,-82.21217,N,NULL,NULL,NULL,NULL,NULL,NULL,NULL,NULL,5,97,,6,3,8,3,2,6,3,N,NULL,N,N,1750,1810,,N,NULL,90,,,N,,N,N,098-CR-1163-0,NULL,NULL,2019,O,7.24E+11,098-CR-1163  -000,HIGH,098-CR-1163  -000,2.185,0,0,0,0,0,0,1,0,0,0,0,0,0,0
1519,72324962,KSP0900,2019-7659,20190309,1313,,US119,,,US0119,US0119,0,098 US-119,US0119,N,N,NULL,NULL,NULL,N,NULL,NULL,NULL,NULL,NULL,NULL,24.059,NULL,NULL,NULL,NULL,,NULL,0,0,2,2,N,N,45,NULL,98,9834,NULL,,Y,37.65656,-82.27054,N,NULL,NULL,NULL,NULL,NULL,NULL,NULL,NULL,7,3,4,6,1,1,2,2,1,3,N,NULL,N,Y,1313,1341,1341,N,NULL,54,2,1,Y,,N,N,098-US-0119-0,NULL,NULL,2019,O,7.23E+11,098-US-0119  -000,HIGH,098-US-0119  -000,24.059,0,0,0,0,0,0,0,0,0,0,0,1,0,0
1520,72325420,KSP0900,19-7553,20190308,1054,,US119,,,US0119,US0119,0,098 US-119-10,US0119,N,N,NULL,NULL,NULL,N,NULL,NULL,NULL,NULL,NULL,NULL,17.229,NULL,NULL,NULL,NULL,,NULL,1,0,1,1,N,N,55,NULL,98,9838,NULL,,Y,37.601,-82.3007,N,NULL,NULL,NULL,NULL,NULL,NULL,NULL,NULL,9,3,2,2,1,5,9,2,7,3,Y,NULL,N,Y,1056,1113,1230,N,NULL,44,2,1,N,,N,N,098-US-0119-10,NULL,NULL,2019,C,7.23E+11,098-US-0119  -010,HIGH,098-US-0119  -000,17.229,0,0,0,0,0,0,1,1,0,1,0,1,0,0
1521,72330368,KSP0900,19-8426,20190314,2021,,KY194,,,KY0194,KY0194,0,098 KY-194,KY0194,N,N,NULL,NULL,NULL,N,NULL,NULL,NULL,NULL,NULL,NULL,10.569,NULL,NULL,NULL,NULL,,NULL,0,0,2,2,Y,N,55,NULL,98,9801,NULL,,Y,37.60084,-82.52078,N,NULL,NULL,NULL,NULL,NULL,NULL,NULL,NULL,1,3,2,6,1,1,2,6,7,3,N,NULL,Y,Y,2021,2040,,N,NULL,55,7,0,N,,N,N,098-KY-0194-0,NULL,NULL,2019,O,7.23E+11,098-KY-0194  -000,HIGH,098-KY-0194  -000,10.569,0,0,0,0,0,0,0,0,0,0,0,0,0,0
1522,72389644,980100,2.02E+11,20190802,1620,,MAYO,S,TRL,,,,,,Y,N,NULL,NULL,NULL,N,NULL,NULL,NULL,NULL,NULL,NULL,,NULL,NULL,NULL,NULL,,NULL,0,0,2,2,N,N,15,NULL,98,9801,NULL,,Y,37.44001,-82.50916,N,NULL,NULL,NULL,NULL,NULL,NULL,NULL,NULL,2,97,,6,1,1,2,2,1,3,N,NULL,Y,N,1621,1637,,N,NULL,90,,,N,,N,N,,NULL,NULL,2019,O,7.24E+11,098-US-0460  -000,MEDIUM,098-US-0460  -000,0.18,0,0,0,1,0,0,1,0,0,0,0,0,0,1