OBJECTID,MasterFile,AgencyORINumber,LocalCode,CollisionDate,CollisionTime,CollisionDayWeekCode,RoadwayName,RoadwayName_Direction_,RoadwayName_RoadwaySuffix_,RoadwayfromReport,CurrentRoadwayNumber,RoadwayNumberCoupletID,RSEUniqueGIS,RoadwayIdentifier,ParkingLotIndicator,IntersectionWith_Indicator_,IntersectionWith_NameRoadway_,IntersectionWith_Direction_,IntersectionWith_RoadwaySuffix_,BetweenStreets_Indicator_,BetweenStreets1_NameRoadway_,BetweenStreet1_Direction_,BetweenStreets1_RoadwaySuffix_,BetweenStreets2_NameRoadway_,BetweenStreets2_Direction_,BetweenStreets2_RoadwaySuffix_,Milepoint,ReportMilepointDeriveNumber,CurrentDerivedMiepointNumber,MilestoMilepoint,FeettoMilepoint,DirectionfromMilepoint_NSEW_,ValidMilepointIndicator,NumberInjured,NumberKilled,ofUnits,ofMotorVehicleUnits,Hit&RunIndicator,OneWayIndicator,SpeedLimitNumber,KilometersIndicator,CountyCode,CityCountyCode,MilesFromCity,DirectionFromCity_NSEW_,InCityLimitsIndicator,Latitude,Longitude,RampIndicator,RampFromIdentifier,RampFromDirCode,RampFromCoupletID,RSEUniqueGISRampFrom,RampToidentifier,RampToDirCode,RampToCoupletID,RSEUniqueGisRampTo,MannerofCollisionCode,LocationFirstEventCode,TotalLanes,RoadwayCharacterCode,RoadwaySurfaceCode,RoadwayConditionCode,WeatherCode,LightConditionCode,LandUseCode,SchoolBusRelatedCode,FirstAidSceneIndicator,CollDescPresentInd,InvestigationCompleteIndicator,PhotosTakenIndicator,TimeNotified,TimeArrived,TimeRoadwayOpened,PropertyDamageIndicator,DiagramPresentIndicator,DirectionalAnalysis,FunctionClassCode,NationalHwySysCode,EnforcementsIndicator,KARSCityCode,SecondaryCollisionIndicator,MedianCrossoverIndicator,RT_UNIQUE,MapIt,TimeLastLeft,YR,KABCO,MFNY,WorkingRID,RT_CONFIDENCE,KTC_RT,KTC_MP,Motorcyclist,Commercial Vehicle,Young Driver,Mature Driver,Pedestrian,Bicyclist,Distracted,Aggressive,Impaired,Unrestrained,Intersection,Roadway Departure,Median Cross-over,City Crash
1523,72324635,980100,2.02E+11,20190308,1455,,THOMPSON,,RD,,,,,,Y,N,NULL,NULL,NULL,N,NULL,NULL,NULL,NULL,NULL,NULL,0.322,NULL,NULL,NULL,NULL,,NULL,0,0,2,2,N,N,,NULL,98,9801,NULL,,Y,37.50691,-82.54676,N,NULL,NULL,NULL,NULL,NULL,NULL,NULL,NULL,2,97,2,6,1,5,6,2,1,3,N,NULL,Y,N,1455,1505,,N,NULL,90,,,Y,,N,N,,NULL,NULL,2019,O,7.23E+11,098-CS-1215  -000,HIGH,098-CS-1215  -000,0.322,0,0,0,0,0,0,1,0,0,0,0,0,0,1
1524,72310641,980100,2.02E+11,20190131,1755,,KEYSER HEIGHTS,,DR,,,,,,N,N,NULL,NULL,NULL,N,NULL,NULL,NULL,NULL,NULL,NULL,0.084,NULL,NULL,NULL,NULL,,NULL,0,0,2,2,N,N,35,NULL,98,9801,NULL,,Y,37.49173,-82.53333,N,NULL,NULL,NULL,NULL,NULL,NULL,NULL,NULL,1,3,2,6,1,1,3,5,7,3,N,NULL,Y,N,1755,1806,1858,N,NULL,55,,,N,,N,N,,NULL,NULL,2019,O,7.23E+11,098-CS-1187  -000,HIGH,098-CS-1187  -000,0.084,0,0,0,0,0,0,0,0,0,0,0,0,0,1
1525,72351033,KSP0900,19-16604,20190508,1558,,GRAPEVINE,,RD,KY0194,KY0194,0,098 KY-194,KY0194,N,N,NULL,NULL,NULL,N,NULL,NULL,NULL,NULL,NULL,NULL,34.052,NULL,NULL,NULL,NULL,,NULL,0,0,2,2,N,N,35,NULL,98,9831,NULL,,Y,37.45007,-82.32188,N,NULL,NULL,NULL,NULL,NULL,NULL,NULL,NULL,7,3,2,3,1,1,2,2,7,3,Y,NULL,N,N,1558,1630,,N,NULL,54,7,0,N,,N,N,098-KY-0194-0,NULL,NULL,2019,O,7.24E+11,098-KY-0194  -000,HIGH,098-KY-0194  -000,34.052,0,0,1,1,0,0,0,1,0,0,0,1,0,0
1526,72407406,980100,2.02E+11,20190905,1344,,US23,,,US0023,US0023,,,,N,N,NULL,NULL,NULL,N,NULL,NULL,NULL,NULL,NULL,NULL,26.299,NULL,NULL,NULL,NULL,,NULL,0,0,2,1,N,N,55,NULL,98,9801,NULL,,Y,37.50386,-82.53238,N,NULL,NULL,NULL,NULL,NULL,NULL,NULL,NULL,1,3,4,6,1,1,2,2,7,3,N,NULL,N,N,1344,1351,1416,N,NULL,55,,1,N,,N,N,,NULL,NULL,2019,O,7.24E+11,098-US-0023  -010,MEDIUM,098-US-0023  -000,26.299,0,0,0,1,0,0,1,0,0,0,0,0,0,1
1527,72315019,980100,2.02E+11,20190211,1343,,US23,,,US0023,US0023,0,098 US-23,US0023,N,N,NULL,NULL,NULL,N,NULL,NULL,NULL,NULL,NULL,NULL,25.502,NULL,NULL,NULL,NULL,,NULL,0,0,1,1,N,N,55,NULL,98,9801,NULL,,Y,37.49316,-82.5336,N,NULL,NULL,NULL,NULL,NULL,NULL,NULL,NULL,9,5,4,6,1,5,3,2,7,3,N,NULL,Y,N,1343,1347,1454,N,NULL,44,,1,Y,,N,N,098-US-0023-0,NULL,NULL,2019,O,7.23E+11,098-US-0023  -000,HIGH,098-US-0023  -000,25.502,0,0,0,0,0,0,1,0,1,0,0,1,0,1
1528,72419019,980500,2019AR063,20191010,1135,,WEDDINGTON BRANCH,,,,,,,,N,N,NULL,NULL,NULL,N,NULL,NULL,NULL,NULL,NULL,NULL,,NULL,NULL,NULL,NULL,NULL,NULL,0,0,2,2,N,N,45,NULL,98,9807,NULL,,Y,37.52259,-82.57062,N,NULL,NULL,NULL,NULL,NULL,NULL,NULL,NULL,1,3,8,6,1,1,2,2,7,3,Y,NULL,Y,Y,1140,1145,1208,N,NULL,55,,,N,,N,N,,NULL,NULL,2019,O,7.24E+11,098-US-0023  -000,MEDIUM,098-US-0023  -000,28.886,0,0,0,0,0,0,1,1,0,0,0,0,0,0
1529,72334969,980100,2.02E+11,20190328,1300,,KY3496,,,KY3496,KY3496,0,098 KY-3496,KY3496,Y,N,NULL,NULL,NULL,N,NULL,NULL,NULL,NULL,NULL,NULL,0.187,NULL,NULL,NULL,NULL,,NULL,0,0,2,2,N,N,15,NULL,98,9801,NULL,,Y,37.46644,-82.53098,N,NULL,NULL,NULL,NULL,NULL,NULL,NULL,NULL,2,97,2,6,1,1,2,2,1,3,N,NULL,Y,N,1300,1305,,N,NULL,90,16,0,N,,N,N,098-KY-3496-0,NULL,NULL,2019,O,7.23E+11,098-KY-3496  -000,HIGH,098-KY-3496  -000,0.187,0,0,0,1,0,0,1,0,0,0,0,0,0,1
1530,72393353,KSP0900,19-30717,20190810,1155,,MILL,,BR,,,0,098 CR-1989,CR1989,N,N,NULL,NULL,NULL,N,NULL,NULL,NULL,NULL,NULL,NULL,0.173,NULL,NULL,NULL,NULL,,NULL,1,0,1,1,N,N,35,NULL,98,9802,NULL,,Y,37.26316,-82.43272,N,NULL,NULL,NULL,NULL,NULL,NULL,NULL,NULL,9,3,1,4,1,1,2,2,7,3,N,NULL,Y,Y,1156,1227,,N,NULL,70,,,N,,N,N,098-CR-1989-0,NULL,NULL,2019,A,7.24E+11,098-CR-1989  -000,HIGH,098-CR-1989  -000,0.173,0,0,0,0,0,0,0,0,0,0,0,1,0,0
1531,72451682,980100,2.02E+11,20191209,132,,FOOD CITY REAR PARKING LOT,,RD,,,0,098 CS-1215,CS1215,Y,N,NULL,NULL,NULL,N,NULL,NULL,NULL,NULL,NULL,NULL,,NULL,NULL,NULL,NULL,NULL,NULL,0,0,2,2,N,N,35,NULL,98,9801,NULL,,Y,37.50325,-82.53748,N,NULL,NULL,NULL,NULL,NULL,NULL,NULL,NULL,2,97,2,6,1,1,2,2,1,3,N,NULL,Y,N,1320,1329,1347,N,NULL,90,,,N,,N,N,098-CS-1215-0,NULL,NULL,2019,O,7.25E+11,098-CS-1215  -000,HIGH,098-CS-1215  -000,0.899,0,1,0,0,0,0,1,0,0,0,0,0,0,1
1532,72744481,KSP0900,22-107345,20220324,1751,,BIG CREEK,,RD,KY0468,KY0468,0,098 KY-468,KY0468,N,N,NULL,NULL,NULL,N,NULL,NULL,NULL,NULL,NULL,NULL,7.328,NULL,NULL,NULL,NULL,,NULL,0,0,2,2,N,N,55,NULL,98,9843,NULL,,Y,37.68908,-82.36129,N,NULL,NULL,NULL,NULL,NULL,NULL,NULL,NULL,3,3,2,6,1,1,2,2,7,3,N,NULL,Y,N,1751,1822,1911,N,NULL,52,8,0,N,,N,N,098-KY-0468-0,NULL,NULL,2022,O,7.27E+11,098-KY-0468  -000,HIGH,098-KY-0468  -000,7.328,0,0,1,0,0,0,1,0,0,0,0,1,0,0
1533,72307932,KSP0900,19-2619,20190124,1646,,CEDAR HILLS,,RD,KY1426,KY1426,0,098 KY-1426,KY1426,N,N,NULL,NULL,NULL,N,NULL,NULL,NULL,NULL,NULL,NULL,2.734,NULL,NULL,NULL,NULL,,NULL,0,0,1,1,N,N,55,NULL,98,9801,NULL,,Y,37.45518,-82.54928,N,NULL,NULL,NULL,NULL,NULL,NULL,NULL,NULL,9,5,2,3,1,5,2,6,7,3,N,NULL,Y,N,1757,1806,1757,N,NULL,51,8,0,N,,N,N,098-KY-1426-0,NULL,NULL,2019,O,7.23E+11,098-KY-1426  -000,HIGH,098-KY-1426  -000,2.734,0,0,0,0,0,0,0,0,0,0,0,1,0,1
1534,72367859,980100,2.02E+11,20190617,1530,,NORTHMONTE,,DR,,,0,098 CS-1098,CS1098,N,N,NULL,NULL,NULL,N,NULL,NULL,NULL,NULL,NULL,NULL,0.289,NULL,NULL,NULL,NULL,,NULL,0,0,1,1,N,N,15,NULL,98,9801,NULL,,Y,37.48546,-82.53755,N,NULL,NULL,NULL,NULL,NULL,NULL,NULL,NULL,9,3,2,1,1,1,3,2,6,3,N,NULL,Y,Y,1530,1530,1547,N,NULL,40,,,N,,N,N,098-CS-1098-0,NULL,NULL,2019,O,7.24E+11,098-CS-1098  -000,HIGH,098-CS-1098  -000,0.289,0,0,0,0,0,0,0,0,0,0,0,1,0,1
1535,72457802,980100,2.02E+11,20191230,1500,,CASSIDY,,BLVD,,,0,098 CS-1191,CS1191,Y,N,NULL,NULL,NULL,N,NULL,NULL,NULL,NULL,NULL,NULL,0.282,NULL,NULL,NULL,NULL,,NULL,0,0,2,2,Y,Y,15,NULL,98,9801,NULL,,Y,37.50583,-82.53663,N,NULL,NULL,NULL,NULL,NULL,NULL,NULL,NULL,2,97,1,6,1,1,2,2,1,3,N,NULL,Y,Y,1500,1510,,N,NULL,90,,,N,,N,N,098-CS-1191-0,NULL,NULL,2019,O,7.25E+11,098-CS-1191  -000,HIGH,098-CS-1191  -000,0.282,0,0,0,0,0,0,0,0,0,0,0,0,0,1
1536,72408968,KSP0900,19-36121,20190915,1936,,US119,,,US0119,US0119,0,098 US-119-10,US0119,N,N,NULL,NULL,NULL,N,NULL,NULL,NULL,NULL,NULL,NULL,25.111,NULL,NULL,NULL,NULL,,NULL,0,0,2,1,N,N,55,NULL,98,9834,NULL,,Y,37.66945,-82.27857,N,NULL,NULL,NULL,NULL,NULL,NULL,NULL,NULL,8,2,4,6,1,1,2,2,1,3,N,NULL,N,N,1245,1459,1459,N,NULL,53,2,1,N,,N,N,098-US-0119-10,NULL,NULL,2019,O,7.24E+11,098-US-0119  -010,HIGH,098-US-0119  -000,25.111,0,0,0,0,0,0,0,1,0,0,0,1,0,0
1537,72457234,980100,2.02E+11,20191229,1915,,CASSIDY,,BLVD,,,,,,Y,N,NULL,NULL,NULL,N,NULL,NULL,NULL,NULL,NULL,NULL,0.356,NULL,NULL,NULL,NULL,,NULL,0,0,2,2,N,N,,NULL,98,9801,NULL,,Y,37.50431,-82.53762,N,NULL,NULL,NULL,NULL,NULL,NULL,NULL,NULL,2,97,,6,1,5,3,5,1,3,N,NULL,Y,N,1915,1917,1917,N,NULL,90,,,N,,N,N,,NULL,NULL,2019,O,7.25E+11,098-CS-1191  -000,MEDIUM,098-CS-1191  -000,0.356,0,0,0,0,0,0,0,0,0,0,0,0,0,1
1538,72398906,980100,2.02E+11,20190821,1231,,FOOD CITY PARKING LOT,,,,,,,,Y,N,NULL,NULL,NULL,N,NULL,NULL,NULL,NULL,NULL,NULL,,NULL,NULL,NULL,NULL,NULL,NULL,0,0,2,2,N,N,,NULL,98,9801,NULL,,Y,37.5043,-82.53716,N,NULL,NULL,NULL,NULL,NULL,NULL,NULL,NULL,2,97,,6,1,1,2,2,1,3,N,NULL,Y,N,1231,1246,1246,N,NULL,90,,,N,,N,N,,NULL,NULL,2019,O,7.24E+11,098-CS-1191  -000,MEDIUM,098-CS-1191  -000,0.276,0,0,0,1,0,0,1,0,0,0,0,0,0,1
1539,72369005,KSP0900,19-21536,20190610,1628,,STRAIGHT,,HOLW,,,0,098 CR-1574,CR1574,N,N,NULL,NULL,NULL,N,NULL,NULL,NULL,NULL,NULL,NULL,0.352,NULL,NULL,NULL,NULL,,NULL,1,0,1,1,N,N,20,NULL,98,9875,NULL,,Y,37.52413,-82.25031,N,NULL,NULL,NULL,NULL,NULL,NULL,NULL,NULL,9,3,2,3,1,5,6,2,7,3,Y,NULL,Y,Y,1628,1716,1716,N,NULL,44,,,N,,N,N,098-CR-1574-0,NULL,NULL,2019,B,7.24E+11,098-CR-1574  -000,HIGH,098-CR-1574  -000,0.352,0,0,0,1,0,0,0,0,0,1,0,1,0,0
1540,72333175,KSP0900,19-10467,20190330,700,,US23,,,US0023,US0023,0,098 US-23,US0023,N,N,NULL,NULL,NULL,N,NULL,NULL,NULL,NULL,NULL,NULL,11.293,NULL,NULL,NULL,NULL,,NULL,1,0,1,1,N,N,55,NULL,98,9827,NULL,,Y,37.3532,-82.55388,N,NULL,NULL,NULL,NULL,NULL,NULL,NULL,NULL,9,3,4,3,1,1,2,2,7,3,N,NULL,Y,Y,700,748,,N,NULL,70,,1,N,,N,N,098-US-0023-0,NULL,NULL,2019,C,7.23E+11,098-US-0023  -000,HIGH,098-US-0023  -000,11.293,0,0,0,0,0,0,0,0,0,0,0,1,0,0
1541,72456403,KSP0900,19-49404,20191219,825,,TOLER,,RD,KY0319,KY0319,0,098 KY-319,KY0319,N,N,NULL,NULL,NULL,N,NULL,NULL,NULL,NULL,NULL,NULL,4.772,NULL,NULL,NULL,NULL,,NULL,0,0,2,2,N,N,35,NULL,98,9842,NULL,,Y,37.617,-82.24231,N,NULL,NULL,NULL,NULL,NULL,NULL,NULL,NULL,5,3,2,6,1,1,2,2,7,3,N,NULL,Y,N,825,850,850,N,NULL,49,7,0,N,,N,N,098-KY-0319-0,NULL,NULL,2019,O,7.25E+11,098-KY-0319  -000,HIGH,098-KY-0319  -000,4.772,0,0,0,1,0,0,1,1,0,0,0,0,0,0
1542,72389352,KSP0900,19-29468,20190802,1502,,STONE COAL CREEK,,RD,KY3227,KY3227,0,098 KY-3227,KY3227,N,N,NULL,NULL,NULL,N,NULL,NULL,NULL,NULL,NULL,NULL,0.416,NULL,NULL,NULL,NULL,,NULL,0,0,2,2,N,N,55,NULL,98,9801,NULL,,Y,37.51593,-82.54469,N,NULL,NULL,NULL,NULL,NULL,NULL,NULL,NULL,8,3,2,6,1,1,2,2,7,3,N,NULL,Y,N,1502,1527,1620,N,NULL,53,8,0,N,,N,N,098-KY-3227-0,NULL,NULL,2019,O,7.24E+11,098-KY-3227  -000,HIGH,098-KY-3227  -000,0.416,0,1,0,1,0,0,0,1,0,0,0,1,0,0
1543,72307434,KSP0900,19-2660,20190125,501,,US23,,,US0023,US0023,0,098 US-23-10,US0023,N,N,NULL,NULL,NULL,N,NULL,NULL,NULL,NULL,NULL,NULL,28.05,NULL,NULL,NULL,NULL,,NULL,0,0,2,2,N,N,55,NULL,98,9807,NULL,,Y,37.51508,-82.55919,N,NULL,NULL,NULL,NULL,NULL,NULL,NULL,NULL,5,3,4,6,1,1,2,6,7,3,N,NULL,Y,N,501,548,623,N,NULL,49,,1,N,,N,N,098-US-0023-10,NULL,NULL,2019,O,7.23E+11,098-US-0023  -010,HIGH,098-US-0023  -000,28.05,0,1,0,0,0,0,1,0,0,0,0,0,0,0
1544,72446819,980100,2.02E+11,20191123,1623,,US23,,,US0023,US0023,0,098 US-23,US0023,N,Y,KY3496,,,N,NULL,NULL,NULL,NULL,NULL,NULL,23.062,NULL,NULL,NULL,NULL,,NULL,4,0,2,2,N,N,55,NULL,98,9801,NULL,,Y,37.46593,-82.52809,N,NULL,NULL,NULL,NULL,NULL,NULL,NULL,NULL,5,3,4,6,1,5,6,2,1,3,Y,NULL,Y,Y,1623,1626,1709,N,NULL,35,,1,N,,N,N,098-US-0023-0,NULL,NULL,2019,A,7.24E+11,098-US-0023  -000,HIGH,098-US-0023  -000,23.062,1,0,0,0,0,0,0,0,0,0,1,0,0,1
1545,72384774,KSP0900,19-28440,20190726,3,,REGINA-BELCHER,,HWY,US0460,US0460,0,098 US-460,US0460,N,N,NULL,NULL,NULL,N,NULL,NULL,NULL,NULL,NULL,NULL,10.096,NULL,NULL,NULL,NULL,,NULL,0,0,1,1,N,N,55,NULL,98,9802,NULL,,Y,37.36033,-82.40725,N,NULL,NULL,NULL,NULL,NULL,NULL,NULL,NULL,9,97,2,6,1,1,2,6,7,3,N,NULL,Y,Y,3,29,,N,NULL,38,,1,N,,N,N,098-US-0460-0,NULL,NULL,2019,O,7.24E+11,098-US-0460  -000,HIGH,098-US-0460  -000,10.096,0,0,0,0,0,0,0,0,0,0,0,0,0,0
1546,72374287,980000,1906008,20190627,841,,KY197,,,KY0197,KY0197,0,098 KY-197,KY0197,N,N,NULL,NULL,NULL,N,NULL,NULL,NULL,NULL,NULL,NULL,16.584,NULL,NULL,NULL,NULL,,NULL,0,0,2,2,N,N,35,NULL,98,9802,NULL,,Y,37.30351,-82.35163,N,NULL,NULL,NULL,NULL,NULL,NULL,NULL,NULL,8,7,2,6,1,1,2,2,1,3,N,NULL,Y,Y,841,930,930,N,NULL,47,7,0,N,,N,N,098-KY-0197-0,NULL,NULL,2019,O,7.24E+11,098-KY-0197  -000,HIGH,098-KY-0197  -000,16.584,0,0,0,0,0,0,1,0,0,0,0,0,0,0
1547,72491437,980100,2.02E+11,20200323,1407,,US23,,,US0023,US0023,,,,N,Y,CASSIDY,,BLVD,N,NULL,NULL,NULL,NULL,NULL,NULL,26.262,NULL,NULL,NULL,NULL,,NULL,0,0,2,2,N,N,55,NULL,98,9801,NULL,,Y,37.50335,-82.5321,N,NULL,NULL,NULL,NULL,NULL,NULL,NULL,NULL,5,3,4,6,1,5,6,2,7,3,N,NULL,Y,N,1407,1407,1407,N,NULL,35,,1,N,,N,N,,NULL,NULL,2020,O,7.25E+11,098-US-0023  -000,MEDIUM,098-US-0023  -000,26.262,0,0,0,0,0,0,1,0,0,0,1,0,0,1
1548,72457573,370200,2019-49418,20191219,1020,,US23,,,US0023,US0023,,,,N,N,NULL,NULL,NULL,N,NULL,NULL,NULL,NULL,NULL,NULL,6.091,NULL,NULL,NULL,NULL,,NULL,1,0,2,2,N,N,55,NULL,98,9809,NULL,,Y,37.29083,-82.55046,N,NULL,NULL,NULL,NULL,NULL,NULL,NULL,NULL,5,3,4,5,1,5,2,2,7,3,Y,NULL,Y,Y,1034,1052,1143,N,NULL,49,,1,N,,N,N,,NULL,NULL,2019,C,7.25E+11,098-US-0023  -000,MEDIUM,098-US-0023  -000,6.091,0,1,0,0,0,0,1,0,0,0,0,0,0,0
1549,72351032,KSP0900,19-16459,20190507,1632,,US460,,,US0460,US0460,0,098 US-460,US0460,N,N,NULL,NULL,NULL,N,NULL,NULL,NULL,NULL,NULL,NULL,13.598,NULL,NULL,NULL,NULL,,NULL,1,0,2,2,N,N,55,NULL,98,9802,NULL,,Y,37.33539,-82.38428,N,NULL,NULL,NULL,NULL,NULL,NULL,NULL,NULL,5,3,2,6,1,1,2,2,7,3,Y,NULL,N,Y,1632,1649,,N,NULL,49,,1,N,,N,N,098-US-0460-0,NULL,NULL,2019,C,7.24E+11,098-US-0460  -000,HIGH,098-US-0460  -000,13.598,0,0,1,0,0,0,1,0,0,0,0,0,0,0
1550,72303428,KSP0900,19-00654,20190106,1515,,MALL,S,RD,,,,,,Y,N,NULL,NULL,NULL,N,NULL,NULL,NULL,NULL,NULL,NULL,0.205,NULL,NULL,NULL,NULL,,NULL,0,0,2,2,Y,N,15,NULL,98,9834,NULL,,Y,37.65393,-82.27231,N,NULL,NULL,NULL,NULL,NULL,NULL,NULL,NULL,1,7,,6,1,1,2,2,1,3,N,NULL,N,N,1515,1518,1518,N,NULL,90,,,N,,N,N,,NULL,NULL,2019,O,7.23E+11,098-PR-1010  -000,LOW,098-PR-1010  -000,0.205,0,0,0,0,0,0,0,0,0,0,0,1,0,0
1551,72420452,980100,2.02E+11,20191012,1801,,CASSIDY,,BLVD,,,0,098 CS-1191,CS1191,N,N,NULL,NULL,NULL,N,NULL,NULL,NULL,NULL,NULL,NULL,0.052,NULL,NULL,NULL,NULL,,NULL,0,0,2,2,N,N,25,NULL,98,9801,NULL,,Y,37.50369,-82.533,N,NULL,NULL,NULL,NULL,NULL,NULL,NULL,NULL,5,3,2,6,1,1,2,2,1,3,N,NULL,Y,N,1801,1801,,N,NULL,49,,,N,,N,N,098-CS-1191-0,NULL,NULL,2019,O,7.24E+11,098-CS-1191  -000,HIGH,098-CS-1191  -000,0.052,0,0,0,0,0,0,1,0,0,0,0,0,0,1
1552,72368738,980100,2.02E+12,20190619,1204,,US23,,,US0023,US0023,,,,N,N,NULL,NULL,NULL,N,NULL,NULL,NULL,NULL,NULL,NULL,26.178,NULL,NULL,NULL,NULL,,NULL,0,0,2,2,N,N,55,NULL,98,9801,NULL,,Y,37.50217,-82.53194,N,NULL,NULL,NULL,NULL,NULL,NULL,NULL,NULL,5,3,4,6,1,5,3,2,1,3,N,NULL,Y,N,1204,1211,,N,NULL,70,,1,N,,N,N,,NULL,NULL,2019,O,7.24E+11,098-US-0023  -000,MEDIUM,098-US-0023  -000,26.178,0,0,0,1,0,0,0,1,0,0,0,0,0,1
1553,72321690,KSP0900,19-6488,20190226,2256,,KY194,,,KY0194,KY0194,0,098 KY-194,KY0194,N,N,NULL,NULL,NULL,N,NULL,NULL,NULL,NULL,NULL,NULL,4.39,NULL,NULL,NULL,NULL,,NULL,0,0,1,1,N,N,55,NULL,98,9801,5,W,N,37.64293,-82.56731,N,NULL,NULL,NULL,NULL,NULL,NULL,NULL,NULL,9,3,2,6,1,1,2,6,7,3,N,NULL,Y,N,2258,2337,2337,N,NULL,40,8,0,N,,N,N,098-KY-0194-0,NULL,NULL,2019,O,7.23E+11,098-KY-0194  -000,HIGH,098-KY-0194  -000,4.39,0,0,0,0,0,0,1,0,0,0,0,1,0,0
1554,72414344,980100,2.02E+11,20190929,2123,,US23,,,US0023,US0023,0,098 US-23,US0023,N,N,NULL,NULL,NULL,N,NULL,NULL,NULL,NULL,NULL,NULL,23.854,NULL,NULL,NULL,NULL,,NULL,0,0,1,1,N,N,55,NULL,98,9801,NULL,,Y,37.47483,-82.53738,N,NULL,NULL,NULL,NULL,NULL,NULL,NULL,NULL,9,3,4,6,1,1,2,5,1,3,N,NULL,Y,N,2123,2128,,N,NULL,38,,1,N,,N,N,098-US-0023-0,NULL,NULL,2019,O,7.24E+11,098-US-0023  -000,HIGH,098-US-0023  -000,23.854,0,0,0,0,0,0,0,0,0,0,0,0,0,1
1555,72356040,KSP0900,19-18034,20190518,1939,,BIG SHELBY,,CRK,,,0,098 CR-1963,CR1963,N,N,NULL,NULL,NULL,N,NULL,NULL,NULL,NULL,NULL,NULL,0.556,NULL,NULL,NULL,NULL,,NULL,4,0,1,1,N,N,35,NULL,98,9867,NULL,,Y,37.21911,-82.57265,N,NULL,NULL,NULL,NULL,NULL,NULL,NULL,NULL,9,3,1,1,1,1,2,2,7,3,Y,NULL,Y,N,1946,2010,2010,N,NULL,70,,,N,,N,N,098-CR-1963-0,NULL,NULL,2019,B,7.24E+11,098-CR-1963  -000,HIGH,098-CR-1963  -000,0.556,0,0,0,0,0,0,0,0,0,0,0,1,0,0
1556,72411367,980000,19-09-007,20190921,2230,,US119,,,US0119,US0119,0,098 US-119,US0119,N,N,NULL,NULL,NULL,N,NULL,NULL,NULL,NULL,NULL,NULL,25.081,NULL,NULL,NULL,NULL,,NULL,0,0,2,2,N,N,55,NULL,98,9834,NULL,,Y,37.66917,-82.27811,N,NULL,NULL,NULL,NULL,NULL,NULL,NULL,NULL,8,3,4,6,1,1,2,6,6,3,N,NULL,Y,Y,2251,2251,2251,N,NULL,53,2,1,N,,N,N,098-US-0119-0,NULL,NULL,2019,O,7.24E+11,098-US-0119  -000,HIGH,098-US-0119  -000,25.081,0,0,0,0,0,0,0,0,0,0,0,1,0,0
1557,72373602,KSP0900,19-24181,20190628,1759,,TURKEY PEN,,RD,,,0,098 CR-1732,CR1732,N,N,NULL,NULL,NULL,N,NULL,NULL,NULL,NULL,NULL,NULL,1.496,NULL,NULL,NULL,NULL,,NULL,1,0,1,1,N,Y,35,NULL,98,9827,NULL,,Y,37.32084,-82.64385,N,NULL,NULL,NULL,NULL,NULL,NULL,NULL,NULL,9,3,1,6,1,1,2,2,6,3,Y,NULL,Y,Y,1959,1806,1806,N,NULL,44,,,N,,N,N,098-CR-1732-0,NULL,NULL,2019,B,7.24E+11,098-CR-1732  -000,HIGH,098-CR-1732  -000,1.496,0,0,0,0,0,0,0,0,0,0,0,1,0,0
1558,72374102,980100,2.02E+11,20190618,1713,,KY3496,,,KY3496,KY3496,0,098 KY-3496,KY3496,N,N,NULL,NULL,NULL,N,NULL,NULL,NULL,NULL,NULL,NULL,0.197,NULL,NULL,NULL,NULL,,NULL,0,0,2,2,Y,N,35,NULL,98,9801,NULL,,Y,37.46652,-82.53114,N,NULL,NULL,NULL,NULL,NULL,NULL,NULL,NULL,1,3,2,6,1,1,2,2,1,3,N,NULL,Y,N,1715,1715,,N,NULL,55,16,0,N,,N,N,098-KY-3496-0,NULL,NULL,2019,O,7.24E+11,098-KY-3496  -000,HIGH,098-KY-3496  -000,0.197,0,0,0,0,0,0,1,0,0,0,0,0,0,1
1559,72380430,980100,2.02E+11,20190704,2218,,US23,,,US0023,US0023,0,098 US-23,US0023,N,N,NULL,NULL,NULL,N,NULL,NULL,NULL,NULL,NULL,NULL,20.744,NULL,NULL,NULL,NULL,,NULL,0,0,2,2,N,N,55,NULL,98,9801,NULL,,Y,37.443,-82.52259,N,NULL,NULL,NULL,NULL,NULL,NULL,NULL,NULL,8,3,4,6,1,1,2,5,1,3,N,NULL,Y,N,2220,2227,2327,Y,NULL,53,,1,N,,N,N,098-US-0023-0,NULL,NULL,2019,O,7.24E+11,098-US-0023  -000,HIGH,098-US-0023  -000,20.744,0,0,1,0,0,0,0,0,0,1,0,1,0,1
1560,72416760,KSP0900,19-38134,20190929,716,,US23,,,US0023,US0023,0,098 US-23,US0023,N,N,NULL,NULL,NULL,N,NULL,NULL,NULL,NULL,NULL,NULL,13.147,NULL,NULL,NULL,NULL,,NULL,1,0,1,1,N,N,35,NULL,98,9801,NULL,,Y,37.3745,-82.54033,N,NULL,NULL,NULL,NULL,NULL,NULL,NULL,NULL,9,4,4,6,1,1,2,2,7,3,Y,NULL,N,Y,716,723,,Y,NULL,40,,1,Y,,N,N,098-US-0023-0,NULL,NULL,2019,C,7.24E+11,098-US-0023  -000,HIGH,098-US-0023  -000,13.147,0,0,0,0,0,0,0,0,1,0,0,1,0,0