OBJECTID,MasterFile,AgencyORINumber,LocalCode,CollisionDate,CollisionTime,CollisionDayWeekCode,RoadwayName,RoadwayName_Direction_,RoadwayName_RoadwaySuffix_,RoadwayfromReport,CurrentRoadwayNumber,RoadwayNumberCoupletID,RSEUniqueGIS,RoadwayIdentifier,ParkingLotIndicator,IntersectionWith_Indicator_,IntersectionWith_NameRoadway_,IntersectionWith_Direction_,IntersectionWith_RoadwaySuffix_,BetweenStreets_Indicator_,BetweenStreets1_NameRoadway_,BetweenStreet1_Direction_,BetweenStreets1_RoadwaySuffix_,BetweenStreets2_NameRoadway_,BetweenStreets2_Direction_,BetweenStreets2_RoadwaySuffix_,Milepoint,ReportMilepointDeriveNumber,CurrentDerivedMiepointNumber,MilestoMilepoint,FeettoMilepoint,DirectionfromMilepoint_NSEW_,ValidMilepointIndicator,NumberInjured,NumberKilled,ofUnits,ofMotorVehicleUnits,Hit&RunIndicator,OneWayIndicator,SpeedLimitNumber,KilometersIndicator,CountyCode,CityCountyCode,MilesFromCity,DirectionFromCity_NSEW_,InCityLimitsIndicator,Latitude,Longitude,RampIndicator,RampFromIdentifier,RampFromDirCode,RampFromCoupletID,RSEUniqueGISRampFrom,RampToidentifier,RampToDirCode,RampToCoupletID,RSEUniqueGisRampTo,MannerofCollisionCode,LocationFirstEventCode,TotalLanes,RoadwayCharacterCode,RoadwaySurfaceCode,RoadwayConditionCode,WeatherCode,LightConditionCode,LandUseCode,SchoolBusRelatedCode,FirstAidSceneIndicator,CollDescPresentInd,InvestigationCompleteIndicator,PhotosTakenIndicator,TimeNotified,TimeArrived,TimeRoadwayOpened,PropertyDamageIndicator,DiagramPresentIndicator,DirectionalAnalysis,FunctionClassCode,NationalHwySysCode,EnforcementsIndicator,KARSCityCode,SecondaryCollisionIndicator,MedianCrossoverIndicator,RT_UNIQUE,MapIt,TimeLastLeft,YR,KABCO,MFNY,WorkingRID,RT_CONFIDENCE,KTC_RT,KTC_MP,Motorcyclist,Commercial Vehicle,Young Driver,Mature Driver,Pedestrian,Bicyclist,Distracted,Aggressive,Impaired,Unrestrained,Intersection,Roadway Departure,Median Cross-over,City Crash
1561,72304757,KSP0900,19-1979,20190118,1814,,LEFT FORK ISLAND,,CRK,,,0,098 CR-1233Q3,CR1233Q3,N,N,NULL,NULL,NULL,N,NULL,NULL,NULL,NULL,NULL,NULL,1.772,NULL,NULL,NULL,NULL,,NULL,0,0,2,2,N,N,35,NULL,98,9801,NULL,,Y,37.43051,-82.58367,N,NULL,NULL,NULL,NULL,NULL,NULL,NULL,NULL,2,4,2,6,1,1,2,6,7,3,N,NULL,Y,N,1817,1836,1817,N,NULL,47,,,N,,N,N,098-CR-1233Q3-0,NULL,NULL,2019,O,7.23E+11,098-CR-1233Q3-000,HIGH,098-CR-1233Q3-000,1.772,0,0,0,0,0,0,0,0,0,0,0,0,0,0
1562,72331332,KSP0900,19-9796,20190325,1900,,KY194,,,KY0194,KY0194,0,098 KY-194,KY0194,N,N,NULL,NULL,NULL,N,NULL,NULL,NULL,NULL,NULL,NULL,21.427,NULL,NULL,NULL,NULL,,NULL,0,0,1,1,N,N,55,NULL,98,9817,NULL,,Y,37.53481,-82.38862,N,NULL,NULL,NULL,NULL,NULL,NULL,NULL,NULL,9,3,2,1,1,5,6,2,7,3,N,NULL,Y,N,1900,1905,1920,N,NULL,44,6,0,N,,N,N,098-KY-0194-0,NULL,NULL,2019,O,7.23E+11,098-KY-0194  -000,HIGH,098-KY-0194  -000,21.427,0,0,0,0,0,0,0,0,0,0,0,1,0,0
1563,72358130,KSP0900,19-17326,20190513,1931,,US23,,,US0023,US0023,0,098 US-23-10,US0023,N,N,NULL,NULL,NULL,N,NULL,NULL,NULL,NULL,NULL,NULL,3.403,NULL,NULL,NULL,NULL,,NULL,3,0,1,1,N,N,55,NULL,98,9809,1,S,N,37.27654,-82.59235,N,NULL,NULL,NULL,NULL,NULL,NULL,NULL,NULL,9,5,4,4,1,1,2,2,6,3,N,NULL,Y,Y,1931,2007,,N,NULL,44,,1,N,,N,N,098-US-0023-10,NULL,NULL,2019,C,7.24E+11,098-US-0023  -010,HIGH,098-US-0023  -000,3.403,0,0,0,0,0,0,0,0,0,0,0,1,0,0
1564,72421667,KSP0900,19-40765,20191016,1410,,US460,,,US0460,US0460,0,098 US-460,US0460,N,N,NULL,NULL,NULL,N,NULL,NULL,NULL,NULL,NULL,NULL,3.976,NULL,NULL,NULL,NULL,,NULL,1,0,1,1,N,N,55,NULL,98,9801,5,SE,N,37.41974,-82.46264,N,NULL,NULL,NULL,NULL,NULL,NULL,NULL,NULL,9,5,2,6,2,1,3,2,7,3,Y,NULL,Y,N,1410,1415,1500,N,NULL,40,,1,Y,,N,N,098-US-0460-0,NULL,NULL,2019,A,7.24E+11,098-US-0460  -000,HIGH,098-US-0460  -000,3.976,0,0,0,0,0,0,0,0,1,1,0,1,0,0
1565,72334529,KSP0900,19-10506,20190330,1400,,CEDAR HILLS,,RD,KY1426,KY1426,0,098 KY-1426,KY1426,N,N,NULL,NULL,NULL,N,NULL,NULL,NULL,NULL,NULL,NULL,2.356,NULL,NULL,NULL,NULL,,NULL,0,0,2,2,N,N,5,NULL,98,9801,NULL,,Y,37.45874,-82.55421,N,NULL,NULL,NULL,NULL,NULL,NULL,NULL,NULL,7,97,2,6,1,1,2,2,7,3,N,NULL,Y,N,1400,1430,,N,NULL,54,8,0,N,,N,N,098-KY-1426-0,NULL,NULL,2019,O,7.23E+11,098-KY-1426  -000,HIGH,098-KY-1426  -000,2.356,0,0,0,0,0,0,1,0,0,0,0,1,0,1
1566,72367169,980100,2.02E+11,20190614,1402,,BYPASS,S,RD,KY1426,KY1426,0,098 KY-1426,KY1426,N,N,NULL,NULL,NULL,N,NULL,NULL,NULL,NULL,NULL,NULL,5.635,NULL,NULL,NULL,NULL,,NULL,0,0,2,2,N,N,55,NULL,98,9801,NULL,,Y,37.47255,-82.52382,N,NULL,NULL,NULL,NULL,NULL,NULL,NULL,NULL,5,3,2,6,1,1,2,2,7,3,N,NULL,Y,N,1402,1403,1403,N,NULL,49,,0,N,,N,N,098-KY-1426-0,NULL,NULL,2019,O,7.24E+11,098-KY-1426  -000,HIGH,098-KY-1426  -000,5.635,0,0,0,0,0,0,1,0,0,0,0,0,0,1
1567,72410053,980100,2.02E+11,20190916,1230,,RIVER,,DR,,,0,098 CS-1054,CS1054,Y,N,NULL,NULL,NULL,N,NULL,NULL,NULL,NULL,NULL,NULL,0.039,NULL,NULL,NULL,NULL,,NULL,0,0,2,2,N,N,15,NULL,98,9801,NULL,,Y,37.47363,-82.522,N,NULL,NULL,NULL,NULL,NULL,NULL,NULL,NULL,2,97,1,6,1,1,2,2,1,3,N,NULL,Y,N,1211,1218,1230,N,NULL,90,,,N,,N,N,098-CS-1054-0,NULL,NULL,2019,O,7.24E+11,098-CS-1054  -000,HIGH,098-CS-1054  -000,0.039,0,0,0,0,0,0,1,0,0,0,0,0,0,1
1568,72433060,KSP0900,19-43002,20191101,1332,,GRAPEVINE,,RD,KY0194,KY0194,0,098 KY-194,KY0194,N,N,NULL,NULL,NULL,N,NULL,NULL,NULL,NULL,NULL,NULL,30.48,NULL,NULL,NULL,NULL,,NULL,0,0,1,1,N,N,55,NULL,98,9849,NULL,,Y,37.4481,-82.3557,N,NULL,NULL,NULL,NULL,NULL,NULL,NULL,NULL,9,3,2,6,1,1,2,2,7,3,N,NULL,Y,N,1400,1405,1415,N,NULL,40,7,0,N,,N,N,098-KY-0194-0,NULL,NULL,2019,O,7.24E+11,098-KY-0194  -000,HIGH,098-KY-0194  -000,30.48,0,0,0,0,0,0,0,0,0,0,0,1,0,0
1569,72386771,KSP0900,19-27903,20190718,1428,,US119,,,US0119,US0119,0,098 US-119,US0119,N,N,NULL,NULL,NULL,N,NULL,NULL,NULL,NULL,NULL,NULL,11.704,NULL,NULL,NULL,NULL,,NULL,0,0,2,2,N,N,55,NULL,98,9820,NULL,,Y,37.59307,-82.37876,N,NULL,NULL,NULL,NULL,NULL,NULL,NULL,NULL,8,3,2,6,1,6,6,2,7,3,N,NULL,Y,N,1428,1435,1530,N,NULL,53,2,1,N,,N,N,098-US-0119-0,NULL,NULL,2019,O,7.24E+11,098-US-0119  -000,HIGH,098-US-0119  -000,11.704,0,0,0,1,0,0,1,1,0,0,0,1,0,0
1570,72416435,KSP0900,19-38809,20191003,1214,,US460,,,US0460,US0460,0,098 US-460,US0460,N,N,NULL,NULL,NULL,N,NULL,NULL,NULL,NULL,NULL,NULL,5.007,NULL,NULL,NULL,NULL,,NULL,1,0,2,2,N,N,55,NULL,98,9801,4,SE,N,37.41108,-82.44939,N,NULL,NULL,NULL,NULL,NULL,NULL,NULL,NULL,1,3,2,6,1,1,2,2,7,3,Y,NULL,Y,N,1214,1214,1300,N,NULL,55,,1,N,,N,N,098-US-0460-0,NULL,NULL,2019,C,7.24E+11,098-US-0460  -000,HIGH,098-US-0460  -000,5.007,0,0,1,0,0,0,0,0,0,0,0,0,0,0
1571,72313005,KSP0900,19-3824,20190205,805,,KY1426,,,KY1426,KY1426,0,098 KY-1426,KY1426,N,N,NULL,NULL,NULL,N,NULL,NULL,NULL,NULL,NULL,NULL,12.558,NULL,NULL,NULL,NULL,,NULL,0,0,1,1,N,N,55,NULL,98,9801,NULL,,Y,37.54369,-82.4678,N,NULL,NULL,NULL,NULL,NULL,NULL,NULL,NULL,9,3,2,6,1,5,3,1,7,3,N,NULL,Y,N,806,840,840,N,NULL,38,7,0,N,,N,N,098-KY-1426-0,NULL,NULL,2019,O,7.23E+11,098-KY-1426  -000,HIGH,098-KY-1426  -000,12.558,0,0,0,1,0,0,0,0,0,0,0,0,0,0
1572,72363864,KSP0900,19-21082,20190607,1651,,KY194,,,KY0194,KY0194,0,098 KY-194,KY0194,N,N,NULL,NULL,NULL,N,NULL,NULL,NULL,NULL,NULL,NULL,54.149,NULL,NULL,NULL,NULL,,NULL,2,0,2,2,N,N,35,NULL,98,9804,NULL,,Y,37.5089,-82.13675,N,NULL,NULL,NULL,NULL,NULL,NULL,NULL,NULL,3,3,2,6,1,5,6,2,7,3,Y,NULL,Y,Y,1651,1707,1815,N,NULL,52,8,0,N,,N,Y,098-KY-0194-0,NULL,NULL,2019,C,7.24E+11,098-KY-0194  -000,HIGH,098-KY-0194  -000,54.149,0,0,0,0,0,0,0,1,0,0,0,1,1,0
1573,72342169,980100,2.02E+11,20190420,1617,,KY3496,,,KY3496,KY3496,,,,Y,N,NULL,NULL,NULL,N,NULL,NULL,NULL,NULL,NULL,NULL,0.613,NULL,NULL,NULL,NULL,,NULL,0,0,2,2,N,N,,NULL,98,9801,NULL,,Y,37.4716,-82.53271,N,NULL,NULL,NULL,NULL,NULL,NULL,NULL,NULL,2,97,2,6,1,5,3,2,1,3,N,NULL,Y,N,1618,1625,,N,NULL,90,16,0,N,,N,N,,NULL,NULL,2019,O,7.23E+11,098-KY-3496  -000,MEDIUM,098-KY-3496  -000,0.613,0,0,0,1,0,0,1,0,0,0,0,0,0,1
1574,72379280,KSP0900,2019-26498,20190712,2206,,STONE COAL CREEK,,RD,KY3227,KY3227,0,098 KY-3227,KY3227,N,N,NULL,NULL,NULL,N,NULL,NULL,NULL,NULL,NULL,NULL,0.715,NULL,NULL,NULL,NULL,,NULL,0,0,1,1,N,N,55,NULL,98,9807,NULL,,Y,37.52011,-82.54342,N,NULL,NULL,NULL,NULL,NULL,NULL,NULL,NULL,9,3,2,6,1,1,2,7,7,3,Y,NULL,N,Y,2209,2225,2324,N,NULL,40,8,0,N,,N,N,098-KY-3227-0,NULL,NULL,2019,O,7.24E+11,098-KY-3227  -000,HIGH,098-KY-3227  -000,0.715,0,0,0,0,0,0,0,0,1,1,0,1,0,0
1575,72391498,KSP0900,19-30425,20190808,1806,,PETER FORK,,RD,,,0,098 CR-1527,CR1527,N,N,NULL,NULL,NULL,N,NULL,NULL,NULL,NULL,NULL,NULL,0.404,NULL,NULL,NULL,NULL,,NULL,1,0,1,1,N,N,35,NULL,98,9863,NULL,,Y,37.58809,-82.1655,N,NULL,NULL,NULL,NULL,NULL,NULL,NULL,NULL,9,5,1,1,1,1,2,2,7,3,N,NULL,Y,Y,1808,1837,1837,N,NULL,44,,,N,,N,N,098-CR-1527-0,NULL,NULL,2019,A,7.24E+11,098-CR-1527  -000,HIGH,098-CR-1527  -000,0.404,0,0,0,0,0,0,0,0,0,1,0,1,0,0
1576,72368306,980100,2.02E+11,20190618,1159,,BAIRD,,AVE,KY1426,KY1426,0,098 KY-1426,KY1426,N,N,NULL,NULL,NULL,N,NULL,NULL,NULL,NULL,NULL,NULL,5.394,NULL,NULL,NULL,NULL,,NULL,3,0,2,2,N,N,25,NULL,98,9801,NULL,,Y,37.47328,-82.52711,N,NULL,NULL,NULL,NULL,NULL,NULL,NULL,NULL,1,3,2,6,1,5,6,2,7,3,Y,NULL,Y,Y,1159,1201,1220,N,NULL,55,,0,N,,N,N,098-KY-1426-0,NULL,NULL,2019,C,7.24E+11,098-KY-1426  -000,HIGH,098-KY-1426  -000,5.394,0,0,0,0,0,0,1,0,0,0,0,0,0,1
1577,72302127,980100,2.02E+11,20190112,1617,,THOMPSON,,RD,,,0,098 CS-1215,CS1215,Y,N,NULL,NULL,NULL,N,NULL,NULL,NULL,NULL,NULL,NULL,0.343,NULL,NULL,NULL,NULL,,NULL,0,0,2,2,N,N,,NULL,98,9801,NULL,,Y,37.50699,-82.54269,N,NULL,NULL,NULL,NULL,NULL,NULL,NULL,NULL,8,97,,6,1,5,6,2,5,3,N,NULL,Y,N,1617,1627,1627,N,NULL,90,,,N,,N,N,098-CS-1215-0,NULL,NULL,2019,O,7.23E+11,098-CS-1215  -000,HIGH,098-CS-1215  -000,0.343,0,0,0,0,0,0,1,0,0,0,0,0,0,1
1578,72339536,KSP0900,19-12223,20190410,644,,KY194,,,KY0194,KY0194,0,098 KY-194,KY0194,N,N,NULL,NULL,NULL,N,NULL,NULL,NULL,NULL,NULL,NULL,53.828,NULL,NULL,NULL,NULL,,NULL,1,0,1,1,N,N,35,NULL,98,9804,NULL,,Y,37.50496,-82.13438,N,NULL,NULL,NULL,NULL,NULL,NULL,NULL,NULL,9,3,2,1,1,1,2,2,7,3,Y,NULL,Y,Y,644,725,1200,N,NULL,44,8,0,N,,N,N,098-KY-0194-0,NULL,NULL,2019,B,7.23E+11,098-KY-0194  -000,HIGH,098-KY-0194  -000,53.828,0,1,0,0,0,0,0,0,0,0,0,1,0,0
1579,72465645,KSP0900,20-2505,20200119,1546,,LONG FORK,,RD,KY1469,KY1469,0,098 KY-1469,KY1469,Y,N,NULL,NULL,NULL,N,NULL,NULL,NULL,NULL,NULL,NULL,8.166,NULL,NULL,NULL,NULL,,NULL,0,0,2,2,N,N,35,NULL,98,9827,NULL,,Y,37.31486,-82.62704,N,NULL,NULL,NULL,NULL,NULL,NULL,NULL,NULL,2,97,2,4,1,1,3,2,5,3,N,NULL,Y,N,1550,1617,1617,N,NULL,90,8,0,N,,N,N,098-KY-1469-0,NULL,NULL,2020,O,7.25E+11,098-KY-1469  -000,HIGH,098-KY-1469  -000,8.166,0,0,0,0,0,0,1,0,0,0,0,0,0,0
1580,72319966,KSP0900,19-6229,20190224,1931,,CAMP CREEK,,RD,,,0,098 CR-1102,CR1102,N,N,NULL,NULL,NULL,N,NULL,NULL,NULL,NULL,NULL,NULL,0.305,NULL,NULL,NULL,NULL,,NULL,1,0,1,1,N,N,25,NULL,98,9825,NULL,,Y,37.4788,-82.07014,N,NULL,NULL,NULL,NULL,NULL,NULL,NULL,NULL,9,3,2,3,1,1,2,6,7,3,Y,NULL,Y,Y,1932,2030,2030,N,NULL,44,,,N,,N,N,098-CR-1102-0,NULL,NULL,2019,C,7.23E+11,098-CR-1102  -000,HIGH,098-CR-1102  -000,0.305,0,0,0,0,0,0,0,0,0,0,0,1,0,0
1581,72334852,980100,2.02E+11,20190403,1431,,US23,,,US0023,US0023,,,,N,N,NULL,NULL,NULL,N,NULL,NULL,NULL,NULL,NULL,NULL,31.595,NULL,NULL,NULL,NULL,,NULL,1,0,2,2,N,N,55,NULL,98,9801,NULL,,Y,37.53696,-82.60147,N,NULL,NULL,NULL,NULL,NULL,NULL,NULL,NULL,5,3,4,6,1,1,2,2,1,3,Y,NULL,Y,Y,1431,1457,,N,NULL,70,,1,N,,N,N,,NULL,NULL,2019,C,7.23E+11,098-US-0023  -000,MEDIUM,098-US-0023  -000,31.595,0,0,0,0,0,0,1,0,0,0,0,0,0,1
1582,72320151,980100,2.02E+11,20190224,1242,,CASSIDY,,BLVD,,,0,098 CS-1191,CS1191,Y,N,NULL,NULL,NULL,N,NULL,NULL,NULL,NULL,NULL,NULL,0.278,NULL,NULL,NULL,NULL,,NULL,0,0,2,2,Y,N,,NULL,98,9801,NULL,,Y,37.50496,-82.53642,N,NULL,NULL,NULL,NULL,NULL,NULL,NULL,NULL,1,97,,6,1,1,3,2,5,3,N,NULL,Y,N,1243,1249,1249,N,NULL,90,,,N,,N,N,098-CS-1191-0,NULL,NULL,2019,O,7.23E+11,098-CS-1191  -000,HIGH,098-CS-1191  -000,0.278,0,0,0,0,0,0,0,0,0,0,0,0,0,1
1583,72386158,KSP0900,19-28737,20190728,446,,CHLOE,,RD,KY1460,KY1460,0,098 KY-1460,KY1460,N,N,NULL,NULL,NULL,N,NULL,NULL,NULL,NULL,NULL,NULL,1.509,NULL,NULL,NULL,NULL,,NULL,1,0,1,1,N,N,45,NULL,98,9824,NULL,,Y,37.45227,-82.47696,N,NULL,NULL,NULL,NULL,NULL,NULL,NULL,NULL,9,5,2,6,1,1,2,6,7,3,Y,NULL,Y,Y,447,456,557,N,NULL,40,,0,N,,N,N,098-KY-1460-0,NULL,NULL,2019,B,7.24E+11,098-KY-1460  -000,HIGH,098-KY-1460  -000,1.509,0,0,1,0,0,0,0,0,0,0,0,1,0,0
1584,72380376,980100,2.02E+11,20190716,1631,,BYPASS,S,RD,KY1426,KY1426,,,,Y,N,NULL,NULL,NULL,N,NULL,NULL,NULL,NULL,NULL,NULL,5.681,NULL,NULL,NULL,NULL,,NULL,0,0,3,3,N,N,10,NULL,98,9801,NULL,,Y,37.47273,-82.52301,N,NULL,NULL,NULL,NULL,NULL,NULL,NULL,NULL,1,97,2,6,2,1,2,2,1,3,N,NULL,Y,N,1631,1639,1639,N,NULL,90,,0,N,,N,N,,NULL,NULL,2019,O,7.24E+11,098-KY-1426  -000,HIGH,098-KY-1426  -000,5.681,0,0,0,1,0,0,1,0,0,0,0,0,0,1
1585,72360996,KSP0900,19-19412,20190527,1740,,US460,,,US0460,US0460,0,098 US-460,US0460,N,N,NULL,NULL,NULL,N,NULL,NULL,NULL,NULL,NULL,NULL,2.594,NULL,NULL,NULL,NULL,,NULL,0,0,2,2,N,N,55,NULL,98,9801,2,E,N,37.43192,-82.48229,N,NULL,NULL,NULL,NULL,NULL,NULL,NULL,NULL,8,3,2,6,1,1,2,2,7,3,N,NULL,Y,N,1741,1746,1741,N,NULL,53,,1,N,,N,N,098-US-0460-0,NULL,NULL,2019,O,7.24E+11,098-US-0460  -000,HIGH,098-US-0460  -000,2.594,0,0,1,0,0,0,0,1,0,0,0,1,0,0
1586,72323732,980500,2019AR014,20190226,721,,WEDDINGTON BRANCH,,RD,,,0,098 CS-3026,CS3026,Y,N,NULL,NULL,NULL,N,NULL,NULL,NULL,NULL,NULL,NULL,,NULL,NULL,NULL,NULL,,NULL,0,0,3,3,Y,N,15,NULL,98,9807,NULL,,Y,37.52636,-82.57116,N,NULL,NULL,NULL,NULL,NULL,NULL,NULL,NULL,2,97,0,6,1,1,2,7,1,3,N,NULL,Y,N,721,723,755,N,NULL,90,,,N,,N,N,098-CS-3026-0,NULL,NULL,2019,O,7.23E+11,098-CS-3026  -000,HIGH,098-CS-3026  -000,0.252,0,0,0,0,0,0,0,0,0,0,0,0,0,0
1587,72447158,KSP0900,19-47226,20191202,1400,,KY3218,,,KY3218,KY3218,0,098 KY-3218,KY3218,N,N,NULL,NULL,NULL,N,NULL,NULL,NULL,NULL,NULL,NULL,0.291,NULL,NULL,NULL,NULL,,NULL,0,0,1,1,N,N,55,NULL,98,9801,NULL,,Y,37.53995,-82.5984,N,NULL,NULL,NULL,NULL,NULL,NULL,NULL,NULL,9,7,2,6,1,5,6,2,1,3,N,NULL,N,N,1400,1424,,N,NULL,40,8,0,N,,N,N,098-KY-3218-0,NULL,NULL,2019,O,7.24E+11,098-KY-3218  -000,HIGH,098-KY-3218  -000,0.291,0,0,0,0,0,0,1,0,0,0,0,1,0,1
1588,72367048,980100,2.02E+11,20190615,1329,,THOMPSON,,RD,,,,,,Y,N,NULL,NULL,NULL,N,NULL,NULL,NULL,NULL,NULL,NULL,0.51,NULL,NULL,NULL,NULL,,NULL,0,0,2,2,N,N,,NULL,98,9801,NULL,,Y,37.506,-82.5435,N,NULL,NULL,NULL,NULL,NULL,NULL,NULL,NULL,2,97,1,6,1,1,2,2,1,3,N,NULL,Y,N,1329,1339,,N,NULL,90,,,N,,N,N,,NULL,NULL,2019,O,7.24E+11,098-CS-1215  -000,HIGH,098-CS-1215  -000,0.51,0,0,0,0,0,0,1,0,0,0,0,0,0,1
1589,72374313,980500,2019AR048,20190628,1600,,US23,,,US0023,US0023,0,098 US-23,US0023,N,N,NULL,NULL,NULL,N,NULL,NULL,NULL,NULL,NULL,NULL,28.664,NULL,NULL,NULL,NULL,,NULL,2,0,2,2,N,N,45,NULL,98,9807,NULL,,Y,37.5204,-82.56791,N,NULL,NULL,NULL,NULL,NULL,NULL,NULL,NULL,1,3,6,6,1,1,2,2,7,3,Y,NULL,Y,Y,1545,1602,1605,N,NULL,55,,1,N,,N,N,098-US-0023-0,NULL,NULL,2019,C,7.24E+11,098-US-0023  -000,HIGH,098-US-0023  -000,28.664,0,0,0,0,0,0,0,1,0,0,0,0,0,0
1590,72342152,KSP0900,19-13806,20190420,1330,,KY1469,,,KY1469,KY1469,0,098 KY-1469,KY1469,N,N,NULL,NULL,NULL,N,NULL,NULL,NULL,NULL,NULL,NULL,10.381,NULL,NULL,NULL,NULL,,NULL,0,0,2,2,N,N,55,NULL,98,9827,NULL,,Y,37.33454,-82.60082,N,NULL,NULL,NULL,NULL,NULL,NULL,NULL,NULL,7,3,2,6,1,1,3,2,7,3,N,NULL,Y,N,1330,1410,1410,N,NULL,54,8,0,N,,N,N,098-KY-1469-0,NULL,NULL,2019,O,7.23E+11,098-KY-1469  -000,HIGH,098-KY-1469  -000,10.381,0,0,0,0,0,0,1,0,0,0,0,1,0,0
1591,72463435,980100,2.02E+11,20200113,1842,,US23,,,US0023,US0023,0,098 US-23,US0023,N,N,NULL,NULL,NULL,N,NULL,NULL,NULL,NULL,NULL,NULL,19.821,NULL,NULL,NULL,NULL,,NULL,1,0,1,1,N,N,55,NULL,98,9801,NULL,,Y,37.44993,-82.50892,N,NULL,NULL,NULL,NULL,NULL,NULL,NULL,NULL,9,2,4,3,1,1,2,6,1,3,N,NULL,Y,Y,1842,1849,1915,Y,NULL,40,,1,N,,N,Y,098-US-0023-0,NULL,NULL,2020,C,7.25E+11,098-US-0023  -000,HIGH,098-US-0023  -000,19.821,0,0,0,1,0,0,0,0,0,0,0,1,0,1
1592,72934811,KSP0900,23-353534,20230809,1826,,KY194,,,KY0194,KY0194,0,098 KY-194,KY0194,N,N,NULL,NULL,NULL,N,NULL,NULL,NULL,NULL,NULL,NULL,18.949,NULL,NULL,NULL,NULL,,NULL,1,0,2,2,N,N,55,NULL,98,9817,NULL,,Y,37.55669,-82.41501,N,NULL,NULL,NULL,NULL,NULL,NULL,NULL,NULL,4,3,2,6,1,1,2,2,7,3,Y,NULL,N,Y,1826,1840,1855,N,NULL,70,6,5,N,,N,N,098-KY-0194-0,NULL,NULL,2023,C,7.29E+11,098-KY-0194  -000,HIGH,098-KY-0194  -000,18.97,0,0,0,0,0,0,1,0,0,0,0,0,0,0
1593,72327248,980100,2.02E+11,20190315,1143,,CASSIDY,,BLVD,,,0,098 CS-1191,CS1191,N,N,NULL,NULL,NULL,N,NULL,NULL,NULL,NULL,NULL,NULL,0.043,NULL,NULL,NULL,NULL,,NULL,0,0,2,2,N,N,25,NULL,98,9801,NULL,,Y,37.50369,-82.53287,N,NULL,NULL,NULL,NULL,NULL,NULL,NULL,NULL,8,3,4,4,2,1,2,2,1,3,N,NULL,Y,N,1143,1151,,N,NULL,53,,,N,,Y,N,098-CS-1191-0,NULL,NULL,2019,O,7.23E+11,098-CS-1191  -000,HIGH,098-CS-1191  -000,0.043,0,0,0,1,0,0,1,0,0,0,0,1,0,1
1594,72357715,KSP0900,19-16857,20190510,1351,,US23,,,US0023,US0023,0,098 US-23,US0023,N,N,NULL,NULL,NULL,N,NULL,NULL,NULL,NULL,NULL,NULL,8.301,NULL,NULL,NULL,NULL,,NULL,0,0,1,1,N,N,55,NULL,98,9801,NULL,,Y,37.31913,-82.55094,N,NULL,NULL,NULL,NULL,NULL,NULL,NULL,NULL,9,3,4,6,1,1,3,2,7,3,N,NULL,Y,N,1352,1427,1427,N,NULL,70,,1,N,,N,N,098-US-0023-0,NULL,NULL,2019,O,7.24E+11,098-US-0023  -000,HIGH,098-US-0023  -000,8.301,0,0,0,0,0,0,0,0,0,0,0,0,0,0
1595,72457173,KSP0900,19-49966,20191223,2008,,US23,,,US0023,US0023,0,098 US-23-10,US0023,N,N,NULL,NULL,NULL,N,NULL,NULL,NULL,NULL,NULL,NULL,28.866,NULL,NULL,NULL,NULL,,NULL,0,0,2,2,N,N,55,NULL,98,9807,NULL,,Y,37.52223,-82.57057,N,NULL,NULL,NULL,NULL,NULL,NULL,NULL,NULL,5,3,4,6,1,1,2,5,7,3,N,NULL,Y,N,2014,2017,2017,N,NULL,49,,1,N,,N,N,098-US-0023-10,NULL,NULL,2019,O,7.25E+11,098-US-0023  -010,HIGH,098-US-0023  -000,28.866,0,0,0,0,0,0,0,0,0,0,0,0,0,0
1596,72318120,KSP0900,19-4682,20190212,1145,,BLACK GEM,,RD,,,0,098 CR-1064,CR1064,Y,N,NULL,NULL,NULL,N,NULL,NULL,NULL,NULL,NULL,NULL,0.003,NULL,NULL,NULL,NULL,,NULL,0,0,1,1,N,N,,NULL,98,9834,NULL,,Y,37.64579,-82.26718,N,NULL,NULL,NULL,NULL,NULL,NULL,NULL,NULL,9,97,,6,1,5,6,2,7,3,N,NULL,Y,N,1200,1210,1200,Y,NULL,90,,,N,,N,N,098-CR-1064-0,NULL,NULL,2019,O,7.23E+11,098-CR-1064  -000,HIGH,098-CR-1064  -000,0.003,0,0,0,0,0,0,1,0,0,0,0,1,0,0
1597,72400563,980100,2.02E+11,20190829,937,,HAROLDS BRANCH,,RD,,,0,098 CS-1223,CS1223,N,N,NULL,NULL,NULL,N,NULL,NULL,NULL,NULL,NULL,NULL,1.21,NULL,NULL,NULL,NULL,,NULL,0,0,2,2,N,N,25,NULL,98,9801,NULL,,Y,37.46634,-82.50228,N,NULL,NULL,NULL,NULL,NULL,NULL,NULL,NULL,8,97,1,6,3,8,2,2,5,3,N,NULL,Y,N,937,945,945,N,NULL,47,,,N,,N,N,098-CS-1223-0,NULL,NULL,2019,O,7.24E+11,098-CS-1223  -000,HIGH,098-CS-1223  -000,1.21,0,0,0,0,0,0,1,0,0,0,0,0,0,1
1598,72343309,KSP0900,19-13120,20190416,705,,TOLER,,RD,KY0319,KY0319,0,098 KY-319,KY0319,N,N,NULL,NULL,NULL,N,NULL,NULL,NULL,NULL,NULL,NULL,4.456,NULL,NULL,NULL,NULL,,NULL,0,0,1,1,N,N,35,NULL,98,9842,NULL,,Y,37.6143,-82.23841,N,NULL,NULL,NULL,NULL,NULL,NULL,NULL,NULL,9,3,2,3,1,1,3,2,7,3,N,NULL,Y,N,708,725,708,N,NULL,38,7,0,N,,N,N,098-KY-0319-0,NULL,NULL,2019,O,7.23E+11,098-KY-0319  -000,HIGH,098-KY-0319  -000,4.456,0,0,0,0,0,0,0,0,0,0,0,0,0,0