OBJECTID,MasterFile,AgencyORINumber,LocalCode,CollisionDate,CollisionTime,CollisionDayWeekCode,RoadwayName,RoadwayName_Direction_,RoadwayName_RoadwaySuffix_,RoadwayfromReport,CurrentRoadwayNumber,RoadwayNumberCoupletID,RSEUniqueGIS,RoadwayIdentifier,ParkingLotIndicator,IntersectionWith_Indicator_,IntersectionWith_NameRoadway_,IntersectionWith_Direction_,IntersectionWith_RoadwaySuffix_,BetweenStreets_Indicator_,BetweenStreets1_NameRoadway_,BetweenStreet1_Direction_,BetweenStreets1_RoadwaySuffix_,BetweenStreets2_NameRoadway_,BetweenStreets2_Direction_,BetweenStreets2_RoadwaySuffix_,Milepoint,ReportMilepointDeriveNumber,CurrentDerivedMiepointNumber,MilestoMilepoint,FeettoMilepoint,DirectionfromMilepoint_NSEW_,ValidMilepointIndicator,NumberInjured,NumberKilled,ofUnits,ofMotorVehicleUnits,Hit&RunIndicator,OneWayIndicator,SpeedLimitNumber,KilometersIndicator,CountyCode,CityCountyCode,MilesFromCity,DirectionFromCity_NSEW_,InCityLimitsIndicator,Latitude,Longitude,RampIndicator,RampFromIdentifier,RampFromDirCode,RampFromCoupletID,RSEUniqueGISRampFrom,RampToidentifier,RampToDirCode,RampToCoupletID,RSEUniqueGisRampTo,MannerofCollisionCode,LocationFirstEventCode,TotalLanes,RoadwayCharacterCode,RoadwaySurfaceCode,RoadwayConditionCode,WeatherCode,LightConditionCode,LandUseCode,SchoolBusRelatedCode,FirstAidSceneIndicator,CollDescPresentInd,InvestigationCompleteIndicator,PhotosTakenIndicator,TimeNotified,TimeArrived,TimeRoadwayOpened,PropertyDamageIndicator,DiagramPresentIndicator,DirectionalAnalysis,FunctionClassCode,NationalHwySysCode,EnforcementsIndicator,KARSCityCode,SecondaryCollisionIndicator,MedianCrossoverIndicator,RT_UNIQUE,MapIt,TimeLastLeft,YR,KABCO,MFNY,WorkingRID,RT_CONFIDENCE,KTC_RT,KTC_MP,Motorcyclist,Commercial Vehicle,Young Driver,Mature Driver,Pedestrian,Bicyclist,Distracted,Aggressive,Impaired,Unrestrained,Intersection,Roadway Departure,Median Cross-over,City Crash
1599,72299526,980100,2.02E+11,20190104,943,,MAYO,N,TRL,,,,,,Y,N,NULL,NULL,NULL,N,NULL,NULL,NULL,NULL,NULL,NULL,,NULL,NULL,NULL,NULL,NULL,NULL,0,0,1,1,N,N,15,NULL,98,9801,NULL,,Y,37.49072,-82.53761,N,NULL,NULL,NULL,NULL,NULL,NULL,NULL,NULL,9,97,,6,1,5,3,2,1,3,N,NULL,Y,N,943,951,,Y,NULL,90,,,N,,N,N,,NULL,NULL,2019,O,7.23E+11,098-KY-3495  -000,MEDIUM,098-KY-3495  -000,0.409,0,0,0,0,0,0,0,0,0,0,0,1,0,1
1600,72457892,980100,2.02E+11,20191226,1258,,CASSIDY,,BLVD,,,,,,N,N,NULL,NULL,NULL,N,NULL,NULL,NULL,NULL,NULL,NULL,0.239,NULL,NULL,NULL,NULL,,NULL,0,0,2,2,N,N,25,NULL,98,9801,NULL,,Y,37.50441,-82.53578,N,NULL,NULL,NULL,NULL,NULL,NULL,NULL,NULL,1,3,5,3,1,1,3,2,1,3,N,NULL,Y,N,1258,1306,1306,N,NULL,55,,,N,,N,N,,NULL,NULL,2019,O,7.25E+11,098-CS-1191  -000,MEDIUM,098-CS-1191  -000,0.239,0,0,0,0,0,0,1,1,0,0,0,0,0,1
1601,72438418,980100,2.02E+11,20191118,1615,,HAMBLEY,,BLVD,,,,,,N,N,NULL,NULL,NULL,N,NULL,NULL,NULL,NULL,NULL,NULL,1.355,NULL,NULL,NULL,NULL,,NULL,2,0,2,2,N,N,35,NULL,98,9801,NULL,,Y,37.48451,-82.52781,N,NULL,NULL,NULL,NULL,NULL,NULL,NULL,NULL,2,6,2,6,1,1,2,2,7,3,Y,NULL,Y,Y,1615,1618,1640,N,NULL,47,,,N,,N,N,,NULL,NULL,2019,C,7.24E+11,098-CS-1222  -000,HIGH,098-CS-1222  -000,1.355,0,0,0,0,0,0,1,0,0,0,0,0,0,1
1602,72346530,KSP0900,19-14396,20190423,1525,,US460,,,US0460,US0460,0,098 US-460,US0460,N,N,NULL,NULL,NULL,N,NULL,NULL,NULL,NULL,NULL,NULL,6.267,NULL,NULL,NULL,NULL,,NULL,3,0,2,2,N,N,55,NULL,98,9801,6,E,N,37.39999,-82.43305,N,NULL,NULL,NULL,NULL,NULL,NULL,NULL,NULL,1,3,2,6,1,1,2,2,6,3,Y,NULL,Y,Y,1525,1535,,N,NULL,55,,1,N,,N,N,098-US-0460-0,NULL,NULL,2019,C,7.23E+11,098-US-0460  -000,HIGH,098-US-0460  -000,6.267,0,0,1,0,0,0,0,0,0,0,0,0,0,0
1603,72307689,980100,2.02E+11,20190124,1841,,TOWN MOUNTAIN,,RD,KY1426,KY1426,0,098 KY-1426,KY1426,N,N,NULL,NULL,NULL,N,NULL,NULL,NULL,NULL,NULL,NULL,9.172,NULL,NULL,NULL,NULL,,NULL,0,0,1,1,N,N,45,NULL,98,9801,NULL,,Y,37.50756,-82.489,N,NULL,NULL,NULL,NULL,NULL,NULL,NULL,NULL,9,3,2,5,1,5,3,4,7,3,N,NULL,Y,N,1841,1850,1909,N,NULL,40,,0,N,,N,N,098-KY-1426-0,NULL,NULL,2019,O,7.23E+11,098-KY-1426  -000,HIGH,098-KY-1426  -000,9.172,0,0,0,0,0,0,0,0,0,0,0,1,0,1
1604,72320742,980100,2.02E+11,20190225,1446,,CASSIDY,,BLVD,,,,,,Y,N,NULL,NULL,NULL,N,NULL,NULL,NULL,NULL,NULL,NULL,0.308,NULL,NULL,NULL,NULL,,NULL,0,0,2,2,N,N,,NULL,98,9801,NULL,,Y,37.50519,-82.537,N,NULL,NULL,NULL,NULL,NULL,NULL,NULL,NULL,2,97,1,6,1,1,2,2,1,3,N,NULL,Y,N,1451,1459,,N,NULL,90,,,N,,N,N,,NULL,NULL,2019,O,7.23E+11,098-CS-1191  -000,HIGH,098-CS-1191  -000,0.308,0,0,0,0,0,0,0,0,0,0,0,0,0,1
1605,72321568,KSP0900,19-4734,20190212,1822,,US460,,,US0460,US0460,0,098 US-460,US0460,Y,N,NULL,NULL,NULL,N,NULL,NULL,NULL,NULL,NULL,NULL,9.281,NULL,NULL,NULL,NULL,,NULL,0,0,2,2,Y,N,15,NULL,98,9822,NULL,,Y,37.36836,-82.41545,N,NULL,NULL,NULL,NULL,NULL,NULL,NULL,NULL,8,7,2,6,1,5,2,5,1,3,N,NULL,Y,N,1840,1840,1840,N,NULL,90,,1,N,,N,N,098-US-0460-0,NULL,NULL,2019,O,7.23E+11,098-US-0460  -000,HIGH,098-US-0460  -000,9.281,0,0,0,0,0,0,0,0,0,0,0,0,0,0
1606,72415157,KSP0900,19-36387,20190917,937,,US119,,,US0119,US0119,0,098 US-119,US0119,N,Y,OLD US119,,,N,NULL,NULL,NULL,NULL,NULL,NULL,22.301,NULL,NULL,NULL,NULL,,NULL,1,0,2,2,N,N,55,NULL,98,9836,NULL,,Y,37.63576,-82.25838,N,NULL,NULL,NULL,NULL,NULL,NULL,NULL,NULL,1,3,2,3,1,1,3,2,7,3,Y,NULL,Y,Y,938,946,1024,N,NULL,10,2,1,Y,,N,N,098-US-0119-0,NULL,NULL,2019,B,7.24E+11,098-US-0119  -000,HIGH,098-US-0119  -000,22.301,0,0,0,0,0,0,1,0,0,0,1,0,0,0
1607,72301507,980000,19-01-002,20190109,1250,,HOSPITAL,,DR,,,0,098 CR-1015C,CR1015C,Y,N,NULL,NULL,NULL,N,NULL,NULL,NULL,NULL,NULL,NULL,,NULL,NULL,NULL,NULL,NULL,NULL,0,0,2,2,N,N,15,NULL,98,9834,NULL,,Y,37.67603,-82.29662,N,NULL,NULL,NULL,NULL,NULL,NULL,NULL,NULL,2,97,,6,1,1,2,2,1,3,N,NULL,Y,Y,1300,1320,1355,N,NULL,90,,,N,,N,N,098-CR-1015C-0,NULL,NULL,2019,O,7.23E+11,098-CR-1015C -000,HIGH,098-CR-1015C -000,0.1,0,0,0,1,0,0,0,0,0,0,0,0,0,0
1608,72457777,980100,2.02E+11,20191228,659,,BYPASS,S,RD,KY1426,KY1426,,,,Y,N,NULL,NULL,NULL,N,NULL,NULL,NULL,NULL,NULL,NULL,5.681,NULL,NULL,NULL,NULL,,NULL,0,0,2,2,N,N,,NULL,98,9801,NULL,,Y,37.47274,-82.52301,N,NULL,NULL,NULL,NULL,NULL,NULL,NULL,NULL,3,97,2,1,2,1,2,1,1,3,N,NULL,Y,N,659,703,,N,NULL,90,,0,N,,N,N,,NULL,NULL,2019,O,7.25E+11,098-KY-1426  -000,HIGH,098-KY-1426  -000,5.681,0,0,0,0,0,0,1,0,0,0,0,0,0,1
1609,72348353,980100,2.02E+11,20190425,1156,,CASSIDY,,BLVD,,,0,098 CS-1191,CS1191,N,N,NULL,NULL,NULL,N,NULL,NULL,NULL,NULL,NULL,NULL,0.269,NULL,NULL,NULL,NULL,,NULL,0,0,2,2,N,N,25,NULL,98,9801,NULL,,Y,37.50459,-82.53625,N,NULL,NULL,NULL,NULL,NULL,NULL,NULL,NULL,1,3,4,6,1,1,2,2,1,3,N,NULL,Y,N,115,1201,1201,N,NULL,55,,,N,,N,N,098-CS-1191-0,NULL,NULL,2019,O,7.23E+11,098-CS-1191  -000,HIGH,098-CS-1191  -000,0.269,0,0,0,1,0,0,1,0,0,0,0,0,0,1
1610,72418703,KSP0900,19-38294,20190930,1220,,KY1056,,,KY1056,KY1056,0,098 KY-1056,KY1056,N,N,NULL,NULL,NULL,N,NULL,NULL,NULL,NULL,NULL,NULL,7.595,NULL,NULL,NULL,NULL,,NULL,1,0,1,1,N,N,55,NULL,98,9863,NULL,,Y,37.57867,-82.18085,N,NULL,NULL,NULL,NULL,NULL,NULL,NULL,NULL,9,3,2,1,1,97,2,2,7,3,Y,NULL,Y,Y,1220,1235,1245,N,NULL,44,7,0,N,,N,N,098-KY-1056-0,NULL,NULL,2019,C,7.24E+11,098-KY-1056  -000,HIGH,098-KY-1056  -000,7.595,0,0,0,0,0,0,0,0,0,0,0,1,0,0
1611,72338332,KSP0900,19-11957,20190408,1429,,KY194,,,KY0194,KY0194,0,098 KY-194,KY0194,N,N,NULL,NULL,NULL,N,NULL,NULL,NULL,NULL,NULL,NULL,23.897,NULL,NULL,NULL,NULL,,NULL,2,0,2,2,N,N,55,NULL,98,9817,NULL,,Y,37.52893,-82.37003,N,NULL,NULL,NULL,NULL,NULL,NULL,NULL,NULL,3,3,2,3,1,5,6,2,7,3,Y,NULL,Y,Y,1429,1444,1550,N,NULL,52,6,0,N,,N,N,098-KY-0194-0,NULL,NULL,2019,B,7.23E+11,098-KY-0194  -000,HIGH,098-KY-0194  -000,23.897,0,0,0,0,0,0,0,0,0,1,0,1,0,0
1612,72430496,980100,2.02E+11,20191031,1437,,BYPASS,,RD,,,,,,Y,N,NULL,NULL,NULL,N,NULL,NULL,NULL,NULL,NULL,NULL,,NULL,NULL,NULL,NULL,,NULL,0,0,2,2,N,N,15,NULL,98,9801,NULL,,Y,37.47195,-82.52269,N,NULL,NULL,NULL,NULL,NULL,NULL,NULL,NULL,8,97,1,6,1,5,6,2,1,3,N,NULL,Y,N,1437,1442,1442,N,NULL,90,,,N,,N,N,,NULL,NULL,2019,O,7.24E+11,098-CS-1223  -000,MEDIUM,098-CS-1223  -000,0.053,0,0,0,0,0,0,0,0,0,0,0,0,0,1
1613,72374301,KSP0900,19-23090,20190621,1528,,LITTLE ROBINSON,,CRK,,,0,098 CR-1234Q3,CR1234Q3,N,N,NULL,NULL,NULL,N,NULL,NULL,NULL,NULL,NULL,NULL,1.473,NULL,NULL,NULL,NULL,,NULL,0,0,2,2,N,N,15,NULL,98,9827,NULL,,Y,37.36862,-82.65373,N,NULL,NULL,NULL,NULL,NULL,NULL,NULL,NULL,7,3,1,3,1,1,2,2,7,3,N,NULL,Y,N,1706,1730,,N,NULL,54,,,N,,N,N,098-CR-1234Q3-0,NULL,NULL,2019,O,7.24E+11,098-CR-1234Q3-000,HIGH,098-CR-1234Q3-000,1.473,0,0,0,0,0,0,0,0,0,0,0,1,0,0
1614,72303288,KSP0900,19-823,20190107,2158,,STONE COAL CREEK,,RD,KY3227,KY3227,0,098 KY-3227,KY3227,N,N,NULL,NULL,NULL,N,NULL,NULL,NULL,NULL,NULL,NULL,4.101,NULL,NULL,NULL,NULL,,NULL,0,0,1,1,N,N,55,NULL,98,9801,NULL,,Y,37.5478,-82.51023,N,NULL,NULL,NULL,NULL,NULL,NULL,NULL,NULL,9,6,1,5,1,1,2,6,7,3,N,NULL,Y,N,2200,2206,2208,N,NULL,44,8,0,Y,,N,N,098-KY-3227-0,NULL,NULL,2019,O,7.23E+11,098-KY-3227  -000,HIGH,098-KY-3227  -000,4.101,0,0,0,0,0,0,0,0,1,0,0,1,0,0
1615,72337949,KSP0900,2019-12001,20190408,2202,,UPPER JOHNS,,CRK,KY0632,KY0632,0,098 KY-632,KY0632,N,N,NULL,NULL,NULL,N,NULL,NULL,NULL,NULL,NULL,NULL,5.976,NULL,NULL,NULL,NULL,,NULL,0,0,1,1,N,N,55,NULL,98,9817,5,E,N,37.49599,-82.26273,N,NULL,NULL,NULL,NULL,NULL,NULL,NULL,NULL,9,3,2,3,1,5,6,6,7,3,N,NULL,Y,N,2202,2238,2238,N,NULL,40,6,0,N,,N,N,098-KY-0632-0,NULL,NULL,2019,O,7.23E+11,098-KY-0632  -000,HIGH,098-KY-0632  -000,5.976,0,0,0,0,0,0,0,0,0,0,0,1,0,0
1616,72336342,KSP0900,2019-011330,20190404,1409,,MALL,,RD,,,0,098 CR-1037,CR1037,Y,N,NULL,NULL,NULL,N,NULL,NULL,NULL,NULL,NULL,NULL,0.086,NULL,NULL,NULL,NULL,,NULL,0,0,2,2,N,N,,NULL,98,9834,NULL,,Y,37.65234,-82.26963,N,NULL,NULL,NULL,NULL,NULL,NULL,NULL,NULL,5,97,,6,1,1,2,2,1,3,N,NULL,Y,N,1409,1449,1449,N,NULL,90,,,N,,N,N,098-CR-1037-0,NULL,NULL,2019,O,7.23E+11,098-CR-1037  -000,HIGH,098-CR-1037  -000,0.086,0,0,0,1,0,0,0,1,0,0,0,0,0,0
1617,72496419,980000,2004007,20200421,1448,,PETER FORK,,RD,,,0,098 CR-1527,CR1527,N,N,NULL,NULL,NULL,N,NULL,NULL,NULL,NULL,NULL,NULL,1.916,NULL,NULL,NULL,NULL,,NULL,0,0,1,1,N,N,20,NULL,98,9863,40,NW,N,37.57039,-82.16016,N,NULL,NULL,NULL,NULL,NULL,NULL,NULL,NULL,9,3,1,1,1,1,2,2,7,3,N,NULL,Y,Y,1448,1448,1601,N,NULL,70,,,N,,N,N,098-CR-1527-0,NULL,NULL,2020,O,7.25E+11,098-CR-1527  -000,HIGH,098-CR-1527  -000,1.916,0,0,0,0,0,0,0,1,0,0,0,1,0,0
1618,72352016,980000,19-04-006,20190426,745,,KY632,,,KY0632,KY0632,0,098 KY-632,KY0632,N,N,NULL,NULL,NULL,N,NULL,NULL,NULL,NULL,NULL,NULL,5.248,NULL,NULL,NULL,NULL,,NULL,0,0,1,1,N,N,55,NULL,98,9817,NULL,,Y,37.48666,-82.26917,N,NULL,NULL,NULL,NULL,NULL,NULL,NULL,NULL,9,3,2,3,1,5,6,2,7,3,N,NULL,Y,Y,745,745,825,N,NULL,70,6,0,N,,N,N,098-KY-0632-0,NULL,NULL,2019,O,7.24E+11,098-KY-0632  -000,HIGH,098-KY-0632  -000,5.248,0,0,0,0,0,0,0,1,0,0,0,1,0,0
1619,72419531,KSP0900,19-39384,20191006,900,,KY612,,,KY0612,KY0612,0,098 KY-612,KY0612,N,N,NULL,NULL,NULL,N,NULL,NULL,NULL,NULL,NULL,NULL,7.455,NULL,NULL,NULL,NULL,,NULL,2,0,1,1,N,N,45,NULL,98,9836,NULL,,Y,37.66161,-82.30632,N,NULL,NULL,NULL,NULL,NULL,NULL,NULL,NULL,9,3,2,3,1,5,6,2,7,3,N,NULL,Y,Y,1119,1134,,N,NULL,70,8,0,N,,N,Y,098-KY-0612-0,NULL,NULL,2019,C,7.24E+11,098-KY-0612  -000,HIGH,098-KY-0612  -000,7.455,0,0,0,0,0,0,0,0,0,0,0,1,0,0
1620,72419870,980100,2.02E+11,20191010,1740,,,,,US0023,US0023,,,,N,N,NULL,NULL,NULL,N,NULL,NULL,NULL,NULL,NULL,NULL,0.275,NULL,NULL,NULL,NULL,,NULL,0,0,2,2,N,N,45,NULL,98,9801,NULL,,Y,37.47383,-82.53441,Y,KY1426,W,NULL,,US0023,N,NULL,,5,3,1,1,1,1,2,2,1,3,N,NULL,Y,N,1745,1801,,N,NULL,85,,1,N,,N,N,,NULL,NULL,2019,O,7.24E+11,098-US-0023  -121,HIGH,098-US-0023  -121,0.275,0,0,0,0,0,0,1,1,0,0,0,0,0,1
1621,72361210,980100,2.02E+11,20190521,1351,,BAIRD,,AVE,KY1426,KY1426,,,,Y,N,NULL,NULL,NULL,N,NULL,NULL,NULL,NULL,NULL,NULL,5.418,NULL,NULL,NULL,NULL,,NULL,0,0,2,2,N,N,15,NULL,98,9801,NULL,,Y,37.47295,-82.52703,N,NULL,NULL,NULL,NULL,NULL,NULL,NULL,NULL,2,97,1,6,1,1,2,2,1,3,N,NULL,Y,N,1351,1356,1356,N,NULL,90,,0,Y,,N,N,,NULL,NULL,2019,O,7.24E+11,098-KY-1426  -000,HIGH,098-KY-1426  -000,5.418,0,0,0,0,0,0,1,0,1,0,0,0,0,1
1622,72371515,KSP0900,19-23254,20190622,1546,,US119,,,US0119,US0119,0,098 US-119-10,US0119,N,N,NULL,NULL,NULL,N,NULL,NULL,NULL,NULL,NULL,NULL,24.512,NULL,NULL,NULL,NULL,,NULL,3,0,2,2,N,N,55,NULL,98,9834,NULL,,Y,37.66223,-82.27371,N,NULL,NULL,NULL,NULL,NULL,NULL,NULL,NULL,1,3,4,6,1,7,2,2,7,3,Y,NULL,Y,Y,1546,1551,1655,N,NULL,55,2,1,N,,N,N,098-US-0119-10,NULL,NULL,2019,A,7.24E+11,098-US-0119  -010,HIGH,098-US-0119  -000,24.512,0,0,1,0,0,0,0,0,0,0,0,1,0,0
1623,72315865,980100,2.02E+11,20190207,652,,US23,,,US0023,US0023,0,098 US-23,US0023,N,N,NULL,NULL,NULL,N,NULL,NULL,NULL,NULL,NULL,NULL,26.287,NULL,NULL,NULL,NULL,,NULL,3,0,3,3,N,N,55,NULL,98,9801,NULL,,Y,37.50372,-82.53215,N,NULL,NULL,NULL,NULL,NULL,NULL,NULL,NULL,1,3,4,6,1,5,6,5,7,3,Y,NULL,N,Y,652,658,750,N,NULL,55,,1,N,,N,N,098-US-0023-0,NULL,NULL,2019,C,7.23E+11,098-US-0023  -000,HIGH,098-US-0023  -000,26.287,0,0,0,1,0,0,0,1,0,0,0,0,0,1
1624,72431573,980100,2.02E+11,20191031,940,,HAMBLEY,,BLVD,,,0,098 CS-1222,CS1222,N,N,NULL,NULL,NULL,N,NULL,NULL,NULL,NULL,NULL,NULL,0.818,NULL,NULL,NULL,NULL,,NULL,2,0,2,2,N,N,25,NULL,98,9801,NULL,,Y,37.48271,-82.51926,N,NULL,NULL,NULL,NULL,NULL,NULL,NULL,NULL,1,3,2,6,1,5,6,2,1,3,Y,NULL,Y,Y,941,947,1022,N,NULL,55,,,N,,N,N,098-CS-1222-0,NULL,NULL,2019,A,7.24E+11,098-CS-1222  -000,HIGH,098-CS-1222  -000,0.818,0,0,0,1,0,0,1,1,0,1,0,0,0,1
1625,72808581,980100,2.02E+11,20220923,1536,,KY3496,,,KY3496,KY3496,,,,Y,N,NULL,NULL,NULL,N,NULL,NULL,NULL,NULL,NULL,NULL,0.766,NULL,NULL,NULL,NULL,,NULL,0,0,2,2,N,N,15,NULL,98,9801,NULL,,Y,37.47204,-82.53014,N,NULL,NULL,NULL,NULL,NULL,NULL,NULL,NULL,2,97,,6,1,1,2,2,1,3,N,NULL,Y,N,1536,1542,,N,NULL,90,16,0,N,,N,N,,NULL,NULL,2022,O,7.28E+11,098-KY-3496  -000,HIGH,098-KY-3496  -000,0.766,0,0,1,0,0,0,1,0,0,0,0,0,0,1
1626,72386420,KSP0900,19-29055,20190730,1535,,KY194,,,KY0194,KY0194,0,098 KY-194,KY0194,N,N,NULL,NULL,NULL,N,NULL,NULL,NULL,NULL,NULL,NULL,71.83,NULL,NULL,NULL,NULL,,NULL,1,0,1,1,N,N,35,NULL,98,9870,NULL,,Y,37.48112,-82.05992,N,NULL,NULL,NULL,NULL,NULL,NULL,NULL,NULL,9,3,2,6,1,1,3,2,7,3,Y,NULL,Y,Y,1529,1534,1614,N,NULL,44,7,0,N,,N,N,098-KY-0194-0,NULL,NULL,2019,B,7.24E+11,098-KY-0194  -000,HIGH,098-KY-0194  -000,71.83,0,0,0,0,0,0,0,0,0,0,0,1,0,0
1627,72411255,980100,2.02E+11,20190924,800,,HAMBLEY,,BLVD,,,0,098 CS-1222,CS1222,N,N,NULL,NULL,NULL,N,NULL,NULL,NULL,NULL,NULL,NULL,0.947,NULL,NULL,NULL,NULL,,NULL,0,0,1,1,N,N,35,NULL,98,9801,NULL,,Y,37.48401,-82.52097,N,NULL,NULL,NULL,NULL,NULL,NULL,NULL,NULL,9,5,2,6,1,1,2,2,1,3,N,NULL,Y,N,806,806,806,Y,NULL,40,,,N,,N,N,098-CS-1222-0,NULL,NULL,2019,O,7.24E+11,098-CS-1222  -000,HIGH,098-CS-1222  -000,0.947,0,0,0,0,0,0,0,0,0,0,0,1,0,1
1628,72442720,980100,2.02E+11,20191126,1953,,HIBBARD,,ST,,,,,,Y,N,NULL,NULL,NULL,N,NULL,NULL,NULL,NULL,NULL,NULL,0.015,NULL,NULL,NULL,NULL,,NULL,0,0,2,2,N,Y,5,NULL,98,9801,NULL,,Y,37.47322,-82.52679,N,NULL,NULL,NULL,NULL,NULL,NULL,NULL,NULL,5,97,,6,1,1,2,5,1,3,N,NULL,Y,N,1953,1958,1958,N,NULL,90,,,N,,N,N,,NULL,NULL,2019,O,7.24E+11,098-CS-1053  -000,HIGH,098-CS-1053  -000,0.015,0,0,0,0,0,0,1,0,0,0,0,0,0,1
1629,72386393,KSP0900,19-27449,20190719,1330,,COLD,,FRK,,,0,098 CR-1025,CR1025,N,N,NULL,NULL,NULL,N,NULL,NULL,NULL,NULL,NULL,NULL,0.313,NULL,NULL,NULL,NULL,,NULL,0,0,2,2,N,N,25,NULL,98,9826,NULL,,Y,37.64785,-82.31741,N,NULL,NULL,NULL,NULL,NULL,NULL,NULL,NULL,3,3,1,3,1,1,3,2,7,3,N,NULL,Y,N,1338,1351,1415,N,NULL,52,,,N,,N,N,098-CR-1025-0,NULL,NULL,2019,O,7.24E+11,098-CR-1025  -000,HIGH,098-CR-1025  -000,0.313,0,0,1,0,0,0,1,0,0,0,0,1,0,0
1630,72343965,980000,19-04-005,20190424,1540,,US119,,,US0119,US0119,0,098 US-119-10,US0119,N,N,NULL,NULL,NULL,N,NULL,NULL,NULL,NULL,NULL,NULL,1.958,NULL,NULL,NULL,NULL,,NULL,0,0,2,2,N,Y,55,NULL,98,9801,NULL,,Y,37.51255,-82.50009,N,NULL,NULL,NULL,NULL,NULL,NULL,NULL,NULL,5,5,4,5,1,1,2,2,2,2,N,NULL,Y,Y,1540,1545,1540,N,NULL,70,2,1,N,,N,N,098-US-0119-10,NULL,NULL,2019,O,7.23E+11,098-US-0119  -010,HIGH,098-US-0119  -000,1.958,0,0,1,0,0,0,0,0,0,0,0,0,0,1
1631,72304566,980100,2.02E+11,20190118,1450,,KY3496,,,,,,,,N,N,NULL,NULL,NULL,N,NULL,NULL,NULL,NULL,NULL,NULL,,NULL,NULL,NULL,NULL,NULL,NULL,0,0,2,2,N,N,35,NULL,98,9801,NULL,,Y,37.46573,-82.52809,N,NULL,NULL,NULL,NULL,NULL,NULL,NULL,NULL,5,3,4,3,1,5,3,2,1,3,N,NULL,N,N,1500,1501,1501,N,NULL,49,,,N,,N,N,,NULL,NULL,2019,O,7.23E+11,098-KY-3496  -000,MEDIUM,098-KY-3496  -000,0.015,0,0,0,0,0,0,1,0,0,0,0,0,0,1
1632,72408711,KSP0900,19-35455,20190911,821,,OWSLEY,,RD,KY1384,KY1384,0,098 KY-1384,KY1384,N,N,NULL,NULL,NULL,N,NULL,NULL,NULL,NULL,NULL,NULL,0.01,NULL,NULL,NULL,NULL,,NULL,2,0,2,2,N,N,55,NULL,98,9813,NULL,,Y,37.53174,-82.61946,N,NULL,NULL,NULL,NULL,NULL,NULL,NULL,NULL,1,3,4,6,1,1,2,2,7,3,Y,NULL,Y,Y,825,838,915,N,NULL,55,,0,N,,N,N,098-KY-1384-0,NULL,NULL,2019,C,7.24E+11,098-KY-1384  -000,HIGH,098-KY-1384  -000,0.01,0,0,0,0,0,0,1,0,0,0,0,0,0,1
1633,72410454,KSP0900,19-35950,20190914,1202,,KY1469 TURN LANE,,,KY1469,KY1469,0,098 KY-1469-20,KY1469,N,N,NULL,NULL,NULL,N,NULL,NULL,NULL,NULL,NULL,NULL,0.016,NULL,NULL,NULL,NULL,,NULL,0,0,2,2,N,N,55,NULL,98,9827,NULL,,Y,37.36031,-82.55539,N,NULL,NULL,NULL,NULL,NULL,NULL,NULL,NULL,1,3,2,6,97,1,2,2,7,3,N,NULL,Y,N,1208,1226,,N,NULL,46,8,0,N,,N,N,098-KY-1469-20,NULL,NULL,2019,O,7.24E+11,098-KY-1469  -020,HIGH,098-KY-1469  -020,0.016,0,0,0,0,0,0,0,0,0,0,0,0,0,0
1634,72303137,980100,2.02E+11,20190110,648,,US23,,,US0023,US0023,0,098 US-23,US0023,N,N,NULL,NULL,NULL,N,NULL,NULL,NULL,NULL,NULL,NULL,20.493,NULL,NULL,NULL,NULL,,NULL,1,0,1,1,N,N,55,NULL,98,9801,NULL,,Y,37.44434,-82.51797,N,NULL,NULL,NULL,NULL,NULL,NULL,NULL,NULL,9,3,4,6,1,5,2,6,7,3,Y,NULL,N,N,648,652,736,N,NULL,41,,1,N,,N,N,098-US-0023-0,NULL,NULL,2019,C,7.23E+11,098-US-0023  -000,HIGH,098-US-0023  -000,20.493,0,0,0,0,0,0,0,0,0,1,0,1,0,1
1635,72349438,KSP0900,19-15577,20190502,750,,FISHTRAP,,RD,KY1441,KY1441,0,098 KY-1441,KY1441,N,N,NULL,NULL,NULL,N,NULL,NULL,NULL,NULL,NULL,NULL,3.026,NULL,NULL,NULL,NULL,,NULL,0,0,2,2,N,N,35,NULL,98,9824,3,E,N,37.43191,-82.42913,N,NULL,NULL,NULL,NULL,NULL,NULL,NULL,NULL,7,3,2,3,1,5,2,2,7,3,N,NULL,Y,N,830,915,,N,NULL,54,8,0,N,,N,N,098-KY-1441-0,NULL,NULL,2019,O,7.23E+11,098-KY-1441  -000,HIGH,098-KY-1441  -000,3.026,0,0,0,0,0,0,1,0,0,0,0,1,0,0
1636,72420185,980100,2.02E+11,20191010,1735,,US23,,,US0023,US0023,,,,N,N,NULL,NULL,NULL,N,NULL,NULL,NULL,NULL,NULL,NULL,25.543,NULL,NULL,NULL,NULL,,NULL,1,0,2,2,N,N,55,NULL,98,9801,NULL,,Y,37.49361,-82.53309,N,NULL,NULL,NULL,NULL,NULL,NULL,NULL,NULL,5,3,4,6,1,1,2,2,7,3,Y,NULL,Y,N,1735,1755,1842,N,NULL,49,,1,N,,N,N,,NULL,NULL,2019,C,7.24E+11,098-US-0023  -000,MEDIUM,098-US-0023  -000,25.543,0,0,1,0,0,0,1,0,0,0,0,0,0,1