OBJECTID,MasterFile,AgencyORINumber,LocalCode,CollisionDate,CollisionTime,CollisionDayWeekCode,RoadwayName,RoadwayName_Direction_,RoadwayName_RoadwaySuffix_,RoadwayfromReport,CurrentRoadwayNumber,RoadwayNumberCoupletID,RSEUniqueGIS,RoadwayIdentifier,ParkingLotIndicator,IntersectionWith_Indicator_,IntersectionWith_NameRoadway_,IntersectionWith_Direction_,IntersectionWith_RoadwaySuffix_,BetweenStreets_Indicator_,BetweenStreets1_NameRoadway_,BetweenStreet1_Direction_,BetweenStreets1_RoadwaySuffix_,BetweenStreets2_NameRoadway_,BetweenStreets2_Direction_,BetweenStreets2_RoadwaySuffix_,Milepoint,ReportMilepointDeriveNumber,CurrentDerivedMiepointNumber,MilestoMilepoint,FeettoMilepoint,DirectionfromMilepoint_NSEW_,ValidMilepointIndicator,NumberInjured,NumberKilled,ofUnits,ofMotorVehicleUnits,Hit&RunIndicator,OneWayIndicator,SpeedLimitNumber,KilometersIndicator,CountyCode,CityCountyCode,MilesFromCity,DirectionFromCity_NSEW_,InCityLimitsIndicator,Latitude,Longitude,RampIndicator,RampFromIdentifier,RampFromDirCode,RampFromCoupletID,RSEUniqueGISRampFrom,RampToidentifier,RampToDirCode,RampToCoupletID,RSEUniqueGisRampTo,MannerofCollisionCode,LocationFirstEventCode,TotalLanes,RoadwayCharacterCode,RoadwaySurfaceCode,RoadwayConditionCode,WeatherCode,LightConditionCode,LandUseCode,SchoolBusRelatedCode,FirstAidSceneIndicator,CollDescPresentInd,InvestigationCompleteIndicator,PhotosTakenIndicator,TimeNotified,TimeArrived,TimeRoadwayOpened,PropertyDamageIndicator,DiagramPresentIndicator,DirectionalAnalysis,FunctionClassCode,NationalHwySysCode,EnforcementsIndicator,KARSCityCode,SecondaryCollisionIndicator,MedianCrossoverIndicator,RT_UNIQUE,MapIt,TimeLastLeft,YR,KABCO,MFNY,WorkingRID,RT_CONFIDENCE,KTC_RT,KTC_MP,Motorcyclist,Commercial Vehicle,Young Driver,Mature Driver,Pedestrian,Bicyclist,Distracted,Aggressive,Impaired,Unrestrained,Intersection,Roadway Departure,Median Cross-over,City Crash
1637,72331052,980500,2019AR019,20190325,1106,,US23,,,US0023,US0023,0,098 US-23-10,US0023,Y,N,NULL,NULL,NULL,N,NULL,NULL,NULL,NULL,NULL,NULL,29.053,NULL,NULL,NULL,NULL,,NULL,0,0,2,2,N,N,15,NULL,98,9807,NULL,,Y,37.52414,-82.57318,N,NULL,NULL,NULL,NULL,NULL,NULL,NULL,NULL,8,97,2,6,1,5,6,2,1,3,N,NULL,Y,N,1106,1110,1135,N,NULL,90,,1,N,,N,N,098-US-0023-10,NULL,NULL,2019,O,7.23E+11,098-US-0023  -010,HIGH,098-US-0023  -000,29.053,0,0,0,0,0,0,1,0,0,0,0,0,0,0
1638,72464219,KSP0900,20-843,20200107,755,,FERRELLS CREEK,,RD,US0460,US0460,0,098 US-460,US0460,N,N,NULL,NULL,NULL,N,NULL,NULL,NULL,NULL,NULL,NULL,16.681,NULL,NULL,NULL,NULL,,NULL,0,0,2,2,N,N,55,NULL,98,9874,NULL,,Y,37.35513,-82.33628,N,NULL,NULL,NULL,NULL,NULL,NULL,NULL,NULL,1,3,3,1,1,4,9,2,7,3,N,NULL,Y,N,800,840,945,N,NULL,55,,1,N,,N,N,098-US-0460-0,NULL,NULL,2020,O,7.25E+11,098-US-0460  -000,HIGH,098-US-0460  -000,16.681,0,0,0,0,0,0,0,0,0,0,0,0,0,0
1639,72507793,KSP0900,20-20383,20200530,635,,KY194,,,KY0194,KY0194,0,098 KY-194,KY0194,N,N,NULL,NULL,NULL,N,NULL,NULL,NULL,NULL,NULL,NULL,55.278,NULL,NULL,NULL,NULL,,NULL,2,0,1,1,N,N,35,NULL,98,9804,NULL,,Y,37.51508,-82.15246,N,NULL,NULL,NULL,NULL,NULL,NULL,NULL,NULL,9,4,2,3,1,1,2,1,7,3,Y,NULL,Y,Y,635,636,636,Y,NULL,44,7,0,N,,N,N,098-KY-0194-0,NULL,NULL,2020,A,7.25E+11,098-KY-0194  -000,HIGH,098-KY-0194  -000,55.278,0,0,0,0,0,0,0,0,0,1,0,1,0,0
1640,72434425,KSP0900,19-43435,20191104,1703,,GOODY,,LOOP,,,0,098 PR-1024,PR1024,Y,N,NULL,NULL,NULL,N,NULL,NULL,NULL,NULL,NULL,NULL,0.013,NULL,NULL,NULL,NULL,,NULL,0,0,2,2,Y,N,,NULL,98,9834,NULL,,Y,37.65968,-82.27195,N,NULL,NULL,NULL,NULL,NULL,NULL,NULL,NULL,2,7,0,6,1,1,2,3,7,3,N,NULL,Y,N,1710,1758,1758,N,NULL,90,,,N,,N,N,098-PR-1024-0,NULL,NULL,2019,O,7.24E+11,098-PR-1024  -000,HIGH,098-PR-1024  -000,0.013,0,0,0,0,0,0,1,0,0,0,0,0,0,0
1641,72438703,980200,ELK4125-132-19,20191028,1227,,MARROWBONE CREEK,,RD,KY0195,KY0195,0,098 KY-195,KY0195,N,N,NULL,NULL,NULL,N,NULL,NULL,NULL,NULL,NULL,NULL,4.009,NULL,NULL,NULL,NULL,,NULL,0,0,1,1,N,N,55,NULL,98,9830,11,W,N,37.30228,-82.47324,N,NULL,NULL,NULL,NULL,NULL,NULL,NULL,NULL,9,5,2,3,1,1,2,2,6,3,N,NULL,Y,N,1213,1227,1245,Y,NULL,38,8,0,Y,,N,N,098-KY-0195-0,NULL,NULL,2019,O,7.24E+11,098-KY-0195  -000,HIGH,098-KY-0195  -000,4.009,0,0,0,0,0,0,0,1,0,0,0,1,0,0
1642,72400582,KSP0900,18-33371,20190827,2238,,KY195,,,KY0195,KY0195,0,098 KY-195,KY0195,N,N,NULL,NULL,NULL,N,NULL,NULL,NULL,NULL,NULL,NULL,9.795,NULL,NULL,NULL,NULL,,NULL,0,0,1,1,N,N,35,NULL,98,9830,NULL,,Y,37.34865,-82.42378,N,NULL,NULL,NULL,NULL,NULL,NULL,NULL,NULL,9,3,2,3,1,1,2,6,7,3,N,NULL,Y,N,2239,2245,2245,Y,NULL,44,7,0,N,,N,N,098-KY-0195-0,NULL,NULL,2019,O,7.24E+11,098-KY-0195  -000,HIGH,098-KY-0195  -000,9.795,0,0,0,0,0,0,0,0,0,0,0,1,0,0
1643,72328103,980100,2.02E+11,20190315,2328,,CASSIDY,,BLVD,,,0,098 CS-1191,CS1191,Y,N,NULL,NULL,NULL,N,NULL,NULL,NULL,NULL,NULL,NULL,0.062,NULL,NULL,NULL,NULL,,NULL,0,0,2,2,N,N,,NULL,98,9801,NULL,,Y,37.50367,-82.53315,N,NULL,NULL,NULL,NULL,NULL,NULL,NULL,NULL,3,97,1,6,1,1,2,8,1,3,N,NULL,Y,N,2329,2339,2339,N,NULL,90,,,N,,N,N,098-CS-1191-0,NULL,NULL,2019,O,7.23E+11,098-CS-1191  -000,HIGH,098-CS-1191  -000,0.062,0,0,0,1,0,0,0,0,0,0,0,0,0,1
1644,72432494,KSP0900,19-43776,20191106,2021,,KY3174,,,KY3174,KY3174,0,098 KY-3174-10,KY3174,N,N,NULL,NULL,NULL,N,NULL,NULL,NULL,NULL,NULL,NULL,4.624,NULL,NULL,NULL,NULL,,NULL,1,0,1,1,N,N,55,NULL,98,9801,NULL,,Y,37.36517,-82.46537,N,NULL,NULL,NULL,NULL,NULL,NULL,NULL,NULL,9,3,4,6,1,1,2,6,7,3,N,NULL,Y,Y,2021,2028,,N,NULL,38,,0,N,,N,N,098-KY-3174-10,NULL,NULL,2019,C,7.24E+11,098-KY-3174  -010,HIGH,098-KY-3174  -000,4.624,0,0,0,0,0,0,0,0,0,0,0,0,0,0
1645,72450459,980100,2.02E+11,20191212,1325,,CHLOE,,RD,KY1460,KY1460,0,098 KY-1460,KY1460,N,N,NULL,NULL,NULL,N,NULL,NULL,NULL,NULL,NULL,NULL,,NULL,NULL,NULL,NULL,NULL,NULL,0,0,2,2,N,N,35,NULL,98,9801,NULL,,Y,37.47734,-82.50409,N,NULL,NULL,NULL,NULL,NULL,NULL,NULL,NULL,7,3,2,3,1,5,2,2,6,3,N,NULL,Y,N,1325,1330,1334,N,NULL,54,,0,N,,N,N,098-KY-1460-0,NULL,NULL,2019,O,7.25E+11,098-KY-1460  -000,HIGH,098-KY-1460  -000,4.425,0,0,0,0,0,0,0,0,0,0,0,1,0,1
1646,72299424,KSP0900,19-31,20190101,832,,EPLING,,AVE,,,0,098 CR-1625D,CR1625D,N,N,NULL,NULL,NULL,N,NULL,NULL,NULL,NULL,NULL,NULL,0.02,NULL,NULL,NULL,NULL,,NULL,0,0,1,1,Y,N,15,NULL,98,9802,NULL,,Y,37.29249,-82.36633,N,NULL,NULL,NULL,NULL,NULL,NULL,NULL,NULL,9,97,,6,1,5,3,6,7,3,N,NULL,Y,N,805,832,832,Y,NULL,40,,,N,,N,N,098-CR-1625D-0,NULL,NULL,2019,O,7.23E+11,098-CR-1625D -000,HIGH,098-CR-1625D -000,0.02,0,0,0,0,0,0,0,0,0,0,0,1,0,0
1647,72411188,KSP0900,19-37329,20190923,1802,,COLLINS,,HWY,KY0122,KY0122,0,098 KY-122,KY0122,Y,N,NULL,NULL,NULL,N,NULL,NULL,NULL,NULL,NULL,NULL,10.412,NULL,NULL,NULL,NULL,,NULL,0,0,2,2,N,N,15,NULL,98,9823,NULL,,Y,37.3875,-82.54347,N,NULL,NULL,NULL,NULL,NULL,NULL,NULL,NULL,2,97,2,6,1,1,2,2,1,3,N,NULL,Y,N,1804,1831,1804,N,NULL,90,,0,N,,N,N,098-KY-0122-0,NULL,NULL,2019,O,7.24E+11,098-KY-0122  -000,HIGH,098-KY-0122  -000,10.412,0,0,1,0,0,0,1,0,0,0,0,0,0,0
1648,72309667,980100,2.02E+11,20190117,2349,,US23,,,US0023,US0023,,,,N,N,NULL,NULL,NULL,N,NULL,NULL,NULL,NULL,NULL,NULL,20.921,NULL,NULL,NULL,NULL,,NULL,3,0,2,2,N,N,55,NULL,98,9801,NULL,,Y,37.44399,-82.52485,N,NULL,NULL,NULL,NULL,NULL,NULL,NULL,NULL,1,3,4,3,1,5,6,4,1,3,Y,NULL,Y,Y,2349,2355,112,N,NULL,55,,1,N,,N,N,,NULL,NULL,2019,C,7.23E+11,098-US-0023  -010,MEDIUM,098-US-0023  -000,20.921,0,1,0,0,0,0,0,0,0,0,0,0,0,1
1649,72423369,980100,2.02E+11,20191018,1430,,US23,,,US0023,US0023,0,098 US-23,US0023,N,N,NULL,NULL,NULL,N,NULL,NULL,NULL,NULL,NULL,NULL,22.646,NULL,NULL,NULL,NULL,,NULL,1,0,2,2,N,N,55,NULL,98,9801,NULL,,Y,37.46495,-82.52077,N,NULL,NULL,NULL,NULL,NULL,NULL,NULL,NULL,1,3,4,3,1,1,2,2,7,3,N,NULL,Y,Y,1430,1433,1453,N,NULL,55,,1,N,,N,N,098-US-0023-0,NULL,NULL,2019,B,7.24E+11,098-US-0023  -000,HIGH,098-US-0023  -000,22.646,0,0,0,0,0,0,0,1,0,0,0,0,0,1
1650,72325985,980000,1903005,20190311,735,,US460,,,US0460,US0460,0,098 US-460,US0460,N,N,NULL,NULL,NULL,N,NULL,NULL,NULL,NULL,NULL,NULL,4.195,NULL,NULL,NULL,NULL,,NULL,0,0,2,2,N,N,55,NULL,98,9801,10,E,N,37.41892,-82.45861,N,NULL,NULL,NULL,NULL,NULL,NULL,NULL,NULL,7,3,2,3,1,1,2,2,7,3,N,NULL,Y,Y,752,752,917,N,NULL,54,,1,N,,N,N,098-US-0460-0,NULL,NULL,2019,O,7.23E+11,098-US-0460  -000,HIGH,098-US-0460  -000,4.195,0,1,0,1,0,0,1,0,0,0,0,1,0,0
1651,72424974,980100,2.02E+11,20191023,910,,SCOTT,,AVE,,,0,098 CS-1116,CS1116,N,N,NULL,NULL,NULL,N,NULL,NULL,NULL,NULL,NULL,NULL,0.16,NULL,NULL,NULL,NULL,,NULL,0,0,2,2,N,N,15,NULL,98,9801,NULL,,Y,37.48343,-82.51784,N,NULL,NULL,NULL,NULL,NULL,NULL,NULL,NULL,1,3,1,6,1,1,2,2,6,3,N,NULL,Y,N,910,915,915,N,NULL,55,,,N,,N,N,098-CS-1116-0,NULL,NULL,2019,O,7.24E+11,098-CS-1116  -000,HIGH,098-CS-1116  -000,0.16,0,0,0,0,0,0,1,0,0,0,0,0,0,1
1652,72440945,370200,2019-45500,20191119,1323,,KY194,,,KY0194,KY0194,0,098 KY-194,KY0194,N,N,NULL,NULL,NULL,N,NULL,NULL,NULL,NULL,NULL,NULL,8.193,NULL,NULL,NULL,NULL,,NULL,0,0,2,2,N,N,55,NULL,98,9801,NULL,,Y,37.61063,-82.53284,N,NULL,NULL,NULL,NULL,NULL,NULL,NULL,NULL,8,3,2,3,1,1,3,2,7,3,N,NULL,N,N,1330,1408,1408,N,NULL,53,7,0,Y,,N,N,098-KY-0194-0,NULL,NULL,2019,O,7.24E+11,098-KY-0194  -000,HIGH,098-KY-0194  -000,8.193,0,0,0,1,0,0,1,0,0,0,0,1,0,0
1653,72409285,KSP0900,19-36545,20190918,933,,US23,,,US0023,US0023,0,098 US-23-10,US0023,N,Y,US23 CROSSOVER,,,N,NULL,NULL,NULL,NULL,NULL,NULL,29.213,NULL,NULL,NULL,NULL,,NULL,0,0,2,2,N,N,45,NULL,98,9807,NULL,,Y,37.52647,-82.57403,N,NULL,NULL,NULL,NULL,NULL,NULL,NULL,NULL,1,3,6,6,1,1,2,2,1,3,N,NULL,Y,N,931,932,954,N,NULL,10,,1,N,,N,N,098-US-0023-10,NULL,NULL,2019,O,7.24E+11,098-US-0023  -010,HIGH,098-US-0023  -000,29.213,0,0,0,0,0,0,1,1,0,1,1,0,0,0
1654,72301514,KSP0900,19-736,20190107,742,,US119,,,US0119,US0119,0,098 US-119,US0119,N,N,NULL,NULL,NULL,N,NULL,NULL,NULL,NULL,NULL,NULL,20.813,NULL,NULL,NULL,NULL,,NULL,0,0,2,2,N,N,55,NULL,98,9836,NULL,,Y,37.61908,-82.26871,N,NULL,NULL,NULL,NULL,NULL,NULL,NULL,NULL,1,97,2,6,1,1,3,2,1,3,N,NULL,Y,N,745,810,745,N,NULL,55,2,1,N,,N,N,098-US-0119-0,NULL,NULL,2019,O,7.23E+11,098-US-0119  -000,HIGH,098-US-0119  -000,20.813,0,0,0,0,0,0,1,0,0,0,0,0,0,0
1655,72354672,KSP0900,19-17430,20190514,1723,,COLLINS,,HWY,KY0122,KY0122,0,098 KY-122,KY0122,N,N,NULL,NULL,NULL,N,NULL,NULL,NULL,NULL,NULL,NULL,10.438,NULL,NULL,NULL,NULL,,NULL,2,0,2,2,N,N,45,NULL,98,9823,NULL,,Y,37.38765,-82.54308,N,NULL,NULL,NULL,NULL,NULL,NULL,NULL,NULL,7,3,2,6,1,1,2,2,7,3,Y,NULL,Y,Y,1724,1729,1735,N,NULL,54,,0,N,,N,N,098-KY-0122-0,NULL,NULL,2019,C,7.24E+11,098-KY-0122  -000,HIGH,098-KY-0122  -000,10.438,0,0,0,0,0,0,1,1,0,0,0,1,0,0
1656,72358142,980100,2.02E+11,20190524,400,,SUMMIT,,DR,,,0,098 CS-1064,CS1064,N,N,NULL,NULL,NULL,N,NULL,NULL,NULL,NULL,NULL,NULL,0.587,NULL,NULL,NULL,NULL,,NULL,0,0,1,1,N,N,25,NULL,98,9801,NULL,,Y,37.47585,-82.51212,N,NULL,NULL,NULL,NULL,NULL,NULL,NULL,NULL,9,4,2,1,1,1,2,5,6,3,N,NULL,Y,N,400,402,533,N,NULL,51,,,N,,N,N,098-CS-1064-0,NULL,NULL,2019,O,7.24E+11,098-CS-1064  -000,HIGH,098-CS-1064  -000,0.587,0,0,1,0,0,0,0,1,0,0,0,1,0,1
1657,72391827,980100,2.02E+11,20190811,933,,BOB AMOS,,DR,,,0,098 CS-1025,CS1025,N,N,NULL,NULL,NULL,N,NULL,NULL,NULL,NULL,NULL,NULL,0.59,NULL,NULL,NULL,NULL,,NULL,0,0,1,1,N,N,15,NULL,98,9801,NULL,,Y,37.47161,-82.54137,N,NULL,NULL,NULL,NULL,NULL,NULL,NULL,NULL,9,3,2,6,1,1,2,2,5,3,N,NULL,Y,N,934,951,951,Y,NULL,40,,,N,,N,N,098-CS-1025-0,NULL,NULL,2019,O,7.24E+11,098-CS-1025  -000,HIGH,098-CS-1025  -000,0.59,0,0,0,1,0,0,0,0,0,0,0,1,0,1
1658,72353365,980200,980200,20190509,1248,,KY80,,,KY0080,KY0080,0,098 KY-80,KY0080,N,N,NULL,NULL,NULL,N,NULL,NULL,NULL,NULL,NULL,NULL,4.47,NULL,NULL,NULL,NULL,,NULL,0,0,2,2,N,N,55,NULL,98,9802,NULL,,Y,37.29708,-82.33667,N,NULL,NULL,NULL,NULL,NULL,NULL,NULL,NULL,5,3,2,6,1,1,2,2,6,3,N,NULL,Y,N,1246,1248,1258,N,NULL,49,7,0,N,,N,N,098-KY-0080-0,NULL,NULL,2019,O,7.24E+11,098-KY-0080  -000,HIGH,098-KY-0080  -000,4.47,0,0,0,0,0,0,0,0,0,0,0,1,0,0
1659,72395376,980100,2.02E+11,20190819,1707,,BYPASS ROAD,,,,,,,,N,N,NULL,NULL,NULL,N,NULL,NULL,NULL,NULL,NULL,NULL,,NULL,NULL,NULL,NULL,NULL,NULL,0,0,2,2,N,N,10,NULL,98,9801,NULL,,Y,37.47252,-82.52367,N,NULL,NULL,NULL,NULL,NULL,NULL,NULL,NULL,3,97,3,4,1,1,2,2,1,3,N,NULL,Y,N,1710,1717,1726,N,NULL,52,,,N,,N,N,,NULL,NULL,2019,O,7.24E+11,098-CS-1054  -070,MEDIUM,098-CS-1054  -070,0,0,0,0,0,0,0,1,0,0,0,0,1,0,0
1660,72407515,980100,2.02E+11,20190914,1943,,CASSIDY BLVD,,,,,,,,Y,N,NULL,NULL,NULL,N,NULL,NULL,NULL,NULL,NULL,NULL,,NULL,NULL,NULL,NULL,,NULL,0,0,2,2,Y,N,15,NULL,98,9801,NULL,,Y,37.50428,-82.53789,N,NULL,NULL,NULL,NULL,NULL,NULL,NULL,NULL,8,97,1,6,1,1,2,7,1,3,N,NULL,N,N,1943,1957,1957,N,NULL,90,,,Y,,N,N,,NULL,NULL,2019,O,7.24E+11,098-CS-1191  -000,HIGH,098-CS-1191  -000,0.406,0,0,1,0,0,0,1,0,0,0,0,0,0,1
1661,72387014,980200,980200,20190716,1500,,PATTY LOVELESS,S,DR,KY0080,KY0080,0,098 KY-80,KY0080,N,N,NULL,NULL,NULL,N,NULL,NULL,NULL,NULL,NULL,NULL,5.003,NULL,NULL,NULL,NULL,,NULL,0,0,1,1,N,N,55,NULL,98,9802,NULL,,Y,37.29444,-82.32661,N,NULL,NULL,NULL,NULL,NULL,NULL,NULL,NULL,9,5,2,1,1,1,2,2,7,3,N,NULL,Y,Y,1503,1505,1505,N,NULL,40,7,0,N,,N,N,098-KY-0080-0,NULL,NULL,2019,O,7.24E+11,098-KY-0080  -000,HIGH,098-KY-0080  -000,5.003,0,0,0,0,0,0,1,1,0,0,0,1,0,0
1662,72446573,980100,2.02E+11,20191205,1230,,US23,,,US0023,US0023,0,098 US-23,US0023,N,N,NULL,NULL,NULL,N,NULL,NULL,NULL,NULL,NULL,NULL,27.448,NULL,NULL,NULL,NULL,,NULL,0,0,2,2,N,N,55,NULL,98,9807,NULL,,Y,37.51114,-82.55003,N,NULL,NULL,NULL,NULL,NULL,NULL,NULL,NULL,5,3,4,6,1,1,2,2,7,3,N,NULL,Y,N,1230,1244,1300,N,NULL,70,,1,N,,N,N,098-US-0023-0,NULL,NULL,2019,O,7.24E+11,098-US-0023  -000,HIGH,098-US-0023  -000,27.448,0,0,0,0,0,0,1,0,0,0,0,0,0,1
1663,72336294,980100,2.02E+11,20190404,1652,,MELVINA,,DR,,,,,,N,N,NULL,NULL,NULL,N,NULL,NULL,NULL,NULL,NULL,NULL,0.048,NULL,NULL,NULL,NULL,,NULL,0,0,2,2,N,N,10,NULL,98,9801,NULL,,Y,37.47795,-82.50321,N,NULL,NULL,NULL,NULL,NULL,NULL,NULL,NULL,3,97,1,4,3,1,2,2,6,3,N,NULL,Y,N,1652,1659,1659,N,NULL,47,,,N,,N,N,,NULL,NULL,2019,O,7.23E+11,098-CS-1232  -000,HIGH,098-CS-1232  -000,0.048,0,0,0,0,0,0,0,0,0,0,0,0,0,1
1664,72422114,980100,2.02E+11,20191011,1134,,S MAYO TRAIL,,DR,,,0,098 CS-1024,CS1024,Y,N,NULL,NULL,NULL,N,NULL,NULL,NULL,NULL,NULL,NULL,,NULL,NULL,NULL,NULL,NULL,NULL,0,0,2,2,N,N,,NULL,98,9801,NULL,,Y,37.46843,-82.53453,N,NULL,NULL,NULL,NULL,NULL,NULL,NULL,NULL,2,97,1,6,1,1,2,2,1,3,N,NULL,Y,N,1134,1146,1146,N,NULL,90,,,N,,N,N,098-CS-1024-0,NULL,NULL,2019,O,7.24E+11,098-CS-1024  -000,HIGH,098-CS-1024  -000,0.22,0,0,0,0,0,0,1,0,0,0,0,0,0,0
1665,72306841,KSP0900,19-02503,20190123,1740,,KY194,,,KY0194,KY0194,0,098 KY-194,KY0194,N,N,NULL,NULL,NULL,N,NULL,NULL,NULL,NULL,NULL,NULL,13.867,NULL,NULL,NULL,NULL,,NULL,0,0,2,2,N,N,45,NULL,98,9801,NULL,,Y,37.57767,-82.48726,N,NULL,NULL,NULL,NULL,NULL,NULL,NULL,NULL,1,3,2,3,1,5,6,2,7,3,N,NULL,Y,N,1742,1819,,N,NULL,55,7,0,Y,,N,N,098-KY-0194-0,NULL,NULL,2019,O,7.23E+11,098-KY-0194  -000,HIGH,098-KY-0194  -000,13.867,1,0,0,0,0,0,0,0,1,0,0,0,0,0
1666,72440888,980100,2.02E+11,20191122,1807,,CASSIDY,,BLVD,,,0,098 CS-1191,CS1191,Y,N,NULL,NULL,NULL,N,NULL,NULL,NULL,NULL,NULL,NULL,0.052,NULL,NULL,NULL,NULL,,NULL,0,0,2,2,N,N,,NULL,98,9801,NULL,,Y,37.50368,-82.533,N,NULL,NULL,NULL,NULL,NULL,NULL,NULL,NULL,2,97,1,6,1,1,2,5,1,3,N,NULL,Y,N,1808,1813,1813,N,NULL,90,,,N,,N,N,098-CS-1191-0,NULL,NULL,2019,O,7.24E+11,098-CS-1191  -000,HIGH,098-CS-1191  -000,0.052,0,0,1,0,0,0,1,0,0,0,0,0,0,1
1667,72421666,KSP0900,19-40736,20191016,829,,US460,,,US0460,US0460,0,098 US-460,US0460,N,N,NULL,NULL,NULL,N,NULL,NULL,NULL,NULL,NULL,NULL,8.26,NULL,NULL,NULL,NULL,,NULL,1,0,2,2,N,N,45,NULL,98,9801,4,SE,N,37.37539,-82.43165,N,NULL,NULL,NULL,NULL,NULL,NULL,NULL,NULL,8,3,2,6,1,5,6,2,7,3,Y,NULL,Y,N,831,901,957,N,NULL,53,,1,N,,N,N,098-US-0460-0,NULL,NULL,2019,C,7.24E+11,098-US-0460  -000,HIGH,098-US-0460  -000,8.26,0,0,0,1,0,0,0,1,0,0,0,1,0,0
1668,72350070,980500,2019AR037,20190508,1205,,US23,,,US0023,US0023,0,098 US-23-10,US0023,Y,N,NULL,NULL,NULL,N,NULL,NULL,NULL,NULL,NULL,NULL,29.052,NULL,NULL,NULL,NULL,,NULL,0,0,2,2,Y,N,15,NULL,98,9807,NULL,,Y,37.52399,-82.57344,N,NULL,NULL,NULL,NULL,NULL,NULL,NULL,NULL,2,7,2,6,1,1,2,2,1,3,N,NULL,Y,Y,1210,1215,1215,N,NULL,90,,1,N,,N,N,098-US-0023-10,NULL,NULL,2019,O,7.24E+11,098-US-0023  -010,HIGH,098-US-0023  -000,29.052,0,0,0,0,0,0,0,0,0,0,0,0,0,0
1669,72451526,980100,2.02E+11,20191210,2211,,US119,,,US0119,US0119,,,,N,N,NULL,NULL,NULL,N,NULL,NULL,NULL,NULL,NULL,NULL,2.379,NULL,NULL,NULL,NULL,,NULL,0,0,2,2,N,N,55,NULL,98,9801,NULL,,Y,37.51354,-82.49268,N,NULL,NULL,NULL,NULL,NULL,NULL,NULL,NULL,5,5,4,2,1,4,9,6,7,3,N,NULL,Y,N,2211,2215,2215,N,NULL,47,2,1,N,,N,N,,NULL,NULL,2019,O,7.25E+11,098-US-0119  -000,MEDIUM,098-US-0119  -000,2.379,0,0,0,0,0,0,0,0,0,0,0,0,0,1
1670,72869424,KSP0900,2023-74731,20230226,1527,,US23,,,US0023,US0023,,,,N,N,NULL,NULL,NULL,N,NULL,NULL,NULL,NULL,NULL,NULL,28.926,NULL,NULL,NULL,NULL,,NULL,0,0,2,2,N,N,55,NULL,98,9807,NULL,,Y,37.52294,-82.57121,N,NULL,NULL,NULL,NULL,NULL,NULL,NULL,NULL,2,7,4,6,1,1,2,2,2,3,N,NULL,N,N,1527,1549,1549,N,NULL,46,,1,N,,N,N,,NULL,NULL,2023,O,7.29E+11,098-US-0023  -010,MEDIUM,098-US-0023  -000,28.908,0,0,0,1,0,0,1,0,0,0,0,0,0,0
1671,72769946,KSP0900,22-210956,20220605,2204,,KY195,,,KY0195,KY0195,0,098 KY-195,KY0195,N,N,NULL,NULL,NULL,N,NULL,NULL,NULL,NULL,NULL,NULL,6.935,NULL,NULL,NULL,NULL,,NULL,0,0,1,1,N,N,55,NULL,98,9802,NULL,,Y,37.32864,-82.45248,N,NULL,NULL,NULL,NULL,NULL,NULL,NULL,NULL,9,5,2,3,1,1,2,6,6,3,N,NULL,Y,N,2207,2227,2246,Y,NULL,40,7,0,Y,,N,N,098-KY-0195-0,NULL,NULL,2022,O,7.28E+11,098-KY-0195  -000,HIGH,098-KY-0195  -000,6.935,0,0,0,0,0,0,0,0,1,0,0,1,0,0
1672,72769769,KSP0900,22-206385,20220602,1852,,FISHTRAP,,RD,KY1441,KY1441,0,098 KY-1441,KY1441,N,N,NULL,NULL,NULL,N,NULL,NULL,NULL,NULL,NULL,NULL,9.169,NULL,NULL,NULL,NULL,,NULL,0,0,1,1,Y,N,45,NULL,98,9850,NULL,,Y,37.50459,-82.4496,N,NULL,NULL,NULL,NULL,NULL,NULL,NULL,NULL,9,97,2,6,1,1,2,2,7,3,N,NULL,Y,N,1858,1915,1915,Y,NULL,40,8,0,Y,,N,N,098-KY-1441-0,NULL,NULL,2022,O,7.28E+11,098-KY-1441  -000,HIGH,098-KY-1441  -000,9.169,0,0,0,0,0,0,0,0,1,0,0,1,0,0
1673,72833927,KSP0900,22-451919,20221125,1228,,KY3417,,,KY3417,KY3417,0,098 KY-3417,KY3417,N,N,NULL,NULL,NULL,N,NULL,NULL,NULL,NULL,NULL,NULL,0.399,NULL,NULL,NULL,NULL,,NULL,0,0,1,1,N,N,35,NULL,98,9801,NULL,,Y,37.46704,-82.55804,N,NULL,NULL,NULL,NULL,NULL,NULL,NULL,NULL,9,3,2,2,1,5,6,2,7,3,N,NULL,Y,N,1228,1239,1300,N,NULL,44,17,0,N,,N,N,098-KY-3417-0,NULL,NULL,2022,O,7.28E+11,098-KY-3417  -000,HIGH,098-KY-3417  -000,0.399,0,0,0,0,0,0,1,0,0,0,0,1,0,1
1674,72540556,980100,2.02E+11,20200909,1232,,BYPASS,,RD,,,0,098 CS-1223,CS1223,Y,N,NULL,NULL,NULL,N,NULL,NULL,NULL,NULL,NULL,NULL,,NULL,NULL,NULL,NULL,NULL,NULL,0,0,1,1,N,N,,NULL,98,9801,NULL,,Y,37.47128,-82.52117,N,NULL,NULL,NULL,NULL,NULL,NULL,NULL,NULL,9,97,1,6,1,1,2,2,1,3,N,NULL,Y,N,1232,1242,1242,Y,NULL,90,,,N,,N,N,098-CS-1223-0,NULL,NULL,2020,O,7.25E+11,098-CS-1223  -000,HIGH,098-CS-1223  -000,0.135,0,1,0,0,0,0,0,0,0,0,0,1,0,1