OBJECTID,MasterFile,AgencyORINumber,LocalCode,CollisionDate,CollisionTime,CollisionDayWeekCode,RoadwayName,RoadwayName_Direction_,RoadwayName_RoadwaySuffix_,RoadwayfromReport,CurrentRoadwayNumber,RoadwayNumberCoupletID,RSEUniqueGIS,RoadwayIdentifier,ParkingLotIndicator,IntersectionWith_Indicator_,IntersectionWith_NameRoadway_,IntersectionWith_Direction_,IntersectionWith_RoadwaySuffix_,BetweenStreets_Indicator_,BetweenStreets1_NameRoadway_,BetweenStreet1_Direction_,BetweenStreets1_RoadwaySuffix_,BetweenStreets2_NameRoadway_,BetweenStreets2_Direction_,BetweenStreets2_RoadwaySuffix_,Milepoint,ReportMilepointDeriveNumber,CurrentDerivedMiepointNumber,MilestoMilepoint,FeettoMilepoint,DirectionfromMilepoint_NSEW_,ValidMilepointIndicator,NumberInjured,NumberKilled,ofUnits,ofMotorVehicleUnits,Hit&RunIndicator,OneWayIndicator,SpeedLimitNumber,KilometersIndicator,CountyCode,CityCountyCode,MilesFromCity,DirectionFromCity_NSEW_,InCityLimitsIndicator,Latitude,Longitude,RampIndicator,RampFromIdentifier,RampFromDirCode,RampFromCoupletID,RSEUniqueGISRampFrom,RampToidentifier,RampToDirCode,RampToCoupletID,RSEUniqueGisRampTo,MannerofCollisionCode,LocationFirstEventCode,TotalLanes,RoadwayCharacterCode,RoadwaySurfaceCode,RoadwayConditionCode,WeatherCode,LightConditionCode,LandUseCode,SchoolBusRelatedCode,FirstAidSceneIndicator,CollDescPresentInd,InvestigationCompleteIndicator,PhotosTakenIndicator,TimeNotified,TimeArrived,TimeRoadwayOpened,PropertyDamageIndicator,DiagramPresentIndicator,DirectionalAnalysis,FunctionClassCode,NationalHwySysCode,EnforcementsIndicator,KARSCityCode,SecondaryCollisionIndicator,MedianCrossoverIndicator,RT_UNIQUE,MapIt,TimeLastLeft,YR,KABCO,MFNY,WorkingRID,RT_CONFIDENCE,KTC_RT,KTC_MP,Motorcyclist,Commercial Vehicle,Young Driver,Mature Driver,Pedestrian,Bicyclist,Distracted,Aggressive,Impaired,Unrestrained,Intersection,Roadway Departure,Median Cross-over,City Crash
1675,72832642,KSP0900,22-438726,20221115,851,,KY194,,,KY0194,KY0194,0,098 KY-194,KY0194,N,N,NULL,NULL,NULL,N,NULL,NULL,NULL,NULL,NULL,NULL,21.327,NULL,NULL,NULL,NULL,,NULL,1,0,1,1,N,N,55,NULL,98,9817,NULL,,Y,37.53564,-82.38977,N,NULL,NULL,NULL,NULL,NULL,NULL,NULL,NULL,9,3,2,3,1,5,6,2,7,3,N,NULL,Y,N,850,930,1000,N,NULL,44,6,0,N,,N,N,098-KY-0194-0,NULL,NULL,2022,B,7.28E+11,098-KY-0194  -000,HIGH,098-KY-0194  -000,21.327,0,0,0,0,0,0,0,1,0,0,0,1,0,0
1676,72543821,KSP0900,20-704028,20200918,1400,,BEAVER CK,,RD,KY1373,KY1373,0,098 KY-1373,KY1373,N,N,NULL,NULL,NULL,N,NULL,NULL,NULL,NULL,NULL,NULL,5.014,NULL,NULL,NULL,NULL,,NULL,1,0,2,2,Y,N,55,NULL,98,9802,NULL,,Y,37.35138,-82.30188,N,NULL,NULL,NULL,NULL,NULL,NULL,NULL,NULL,7,3,1,1,1,1,3,2,7,3,N,NULL,Y,Y,1406,1430,,N,NULL,54,8,0,N,,N,N,098-KY-1373-0,NULL,NULL,2020,A,7.25E+11,098-KY-1373  -000,HIGH,098-KY-1373  -000,5.014,0,0,1,0,0,0,1,0,0,0,0,1,0,0
1677,72696332,KSP0900,21-464187,20211112,1541,,MALL,S,RD,,,0,098 PR-1010,PR1010,Y,N,NULL,NULL,NULL,N,NULL,NULL,NULL,NULL,NULL,NULL,0.081,NULL,NULL,NULL,NULL,,NULL,0,0,1,1,N,N,,NULL,98,9834,NULL,,Y,37.65242,-82.27108,N,NULL,NULL,NULL,NULL,NULL,NULL,NULL,NULL,9,97,,6,3,1,2,2,1,3,N,NULL,Y,N,1541,1710,1710,Y,NULL,90,,,N,,N,N,098-PR-1010-0,NULL,NULL,2021,O,7.27E+11,098-PR-1010  -000,HIGH,098-PR-1010  -000,0.081,0,0,0,0,0,0,1,0,0,0,0,1,0,0
1678,72760018,980500,2022AR019,20220510,1600,,US23,,,US0023,US0023,0,098 US-23-10,US0023,N,N,NULL,NULL,NULL,N,NULL,NULL,NULL,NULL,NULL,NULL,,NULL,NULL,NULL,NULL,NULL,NULL,0,0,2,2,N,N,45,NULL,98,9807,NULL,,Y,37.5277,-82.57533,N,NULL,NULL,NULL,NULL,NULL,NULL,NULL,NULL,5,3,6,6,1,1,2,2,7,3,N,NULL,Y,Y,1600,1600,1600,N,NULL,49,,1,N,,N,N,098-US-0023-10,NULL,NULL,2022,O,7.28E+11,098-US-0023  -010,HIGH,098-US-0023  -000,29.303,0,0,1,0,0,0,1,0,0,0,0,0,0,0
1679,72558879,KSP0900,20-734650,20201009,1842,,US23,,,US0023,US0023,0,098 US-23,US0023,N,N,NULL,NULL,NULL,N,NULL,NULL,NULL,NULL,NULL,NULL,10.25,NULL,NULL,NULL,NULL,,NULL,0,0,2,2,N,N,55,NULL,98,9827,NULL,,Y,37.34195,-82.55183,N,NULL,NULL,NULL,NULL,NULL,NULL,NULL,NULL,8,3,4,6,1,1,2,2,7,3,N,NULL,N,N,1842,1854,1854,N,NULL,53,,1,N,,N,N,098-US-0023-0,NULL,NULL,2020,O,7.26E+11,098-US-0023  -000,HIGH,098-US-0023  -000,10.25,0,0,0,0,0,0,1,0,0,0,0,1,0,0
1680,72517759,KSP0900,20-571796,20200628,1600,,US119,,,US0119,US0119,0,098 US-119-10,US0119,N,N,NULL,NULL,NULL,N,NULL,NULL,NULL,NULL,NULL,NULL,20.266,NULL,NULL,NULL,NULL,,NULL,0,0,1,1,N,N,55,NULL,98,9836,NULL,,Y,37.61445,-82.27434,N,NULL,NULL,NULL,NULL,NULL,NULL,NULL,NULL,9,3,2,3,1,5,6,2,7,3,N,NULL,N,N,1600,1600,1600,N,NULL,70,2,1,N,,N,N,098-US-0119-10,NULL,NULL,2020,O,7.25E+11,098-US-0119  -010,HIGH,098-US-0119  -000,20.266,1,0,0,0,0,0,1,0,0,0,0,1,0,0
1681,72757466,980100,2.02E+11,20220503,2004,,US23,,,US0023,US0023,0,098 US-23-10,US0023,N,N,NULL,NULL,NULL,N,NULL,NULL,NULL,NULL,NULL,NULL,23.063,NULL,NULL,NULL,NULL,,NULL,0,0,2,2,N,N,55,NULL,98,9801,NULL,,Y,37.46584,-82.52814,N,NULL,NULL,NULL,NULL,NULL,NULL,NULL,NULL,4,3,4,6,1,1,2,1,7,3,N,NULL,Y,N,2004,2011,2011,N,NULL,70,,1,N,,N,N,098-US-0023-10,NULL,NULL,2022,O,7.28E+11,098-US-0023  -010,HIGH,098-US-0023  -000,23.063,0,0,0,0,0,0,1,1,0,0,0,0,0,1
1682,72700811,KSP0900,21-479281,20211123,1730,,KY632,,,KY0632,KY0632,,,,Y,N,NULL,NULL,NULL,N,NULL,NULL,NULL,NULL,NULL,NULL,13.443,NULL,NULL,NULL,NULL,,NULL,0,0,2,2,N,N,15,NULL,98,9804,NULL,,Y,37.5103,-82.15958,N,NULL,NULL,NULL,NULL,NULL,NULL,NULL,NULL,2,97,1,6,1,1,2,6,7,3,N,NULL,Y,N,1730,1735,1735,N,NULL,90,6,0,N,,N,N,,NULL,NULL,2021,O,7.27E+11,098-KY-0632  -000,MEDIUM,098-KY-0632  -000,13.443,0,0,0,0,0,0,1,0,0,0,0,0,0,0
1683,72533890,980100,2.02E+11,20200821,1255,,CHLOE,,RD,KY1460,KY1460,,,,N,N,NULL,NULL,NULL,N,NULL,NULL,NULL,NULL,NULL,NULL,4.351,NULL,NULL,NULL,NULL,,NULL,1,0,2,2,N,N,35,NULL,98,9801,NULL,,Y,37.4771,-82.50277,N,NULL,NULL,NULL,NULL,NULL,NULL,NULL,NULL,3,3,2,3,1,5,6,2,1,3,Y,NULL,Y,Y,1255,1259,1324,N,NULL,52,,0,N,,N,N,,NULL,NULL,2020,B,7.25E+11,098-KY-1460  -000,HIGH,098-KY-1460  -000,4.351,0,0,0,0,0,0,1,0,0,0,0,1,0,1
1684,72701742,980500,2021AR047,20211126,1400,,US 23 SOUTH,,,,,,,,N,N,NULL,NULL,NULL,N,NULL,NULL,NULL,NULL,NULL,NULL,,NULL,NULL,NULL,NULL,NULL,NULL,1,0,2,2,Y,N,45,NULL,98,9807,NULL,,Y,37.51899,-82.5662,N,NULL,NULL,NULL,NULL,NULL,NULL,NULL,NULL,1,3,6,5,1,1,2,2,7,3,Y,NULL,Y,Y,1400,1400,1400,N,NULL,55,,,Y,,N,N,,NULL,NULL,2021,C,7.27E+11,098-CS-3000  -071,MEDIUM,098-CS-3000  -071,0.013,0,0,1,0,0,0,1,0,0,0,0,0,0,0
1685,72599487,980000,21-02-003,20210209,805,,ISLAND CREEK,,RD,KY1426,KY1426,0,098 KY-1426,KY1426,N,N,NULL,NULL,NULL,N,NULL,NULL,NULL,NULL,NULL,NULL,1.384,NULL,NULL,NULL,NULL,,NULL,0,0,2,1,N,N,55,NULL,98,9801,1,W,N,37.45946,-82.5701,N,NULL,NULL,NULL,NULL,NULL,NULL,NULL,NULL,1,3,2,6,1,2,8,2,7,3,N,NULL,N,N,810,810,930,N,NULL,55,8,0,N,,Y,N,098-KY-1426-0,NULL,NULL,2021,O,7.26E+11,098-KY-1426  -000,HIGH,098-KY-1426  -000,1.384,0,0,0,1,0,0,0,0,0,0,0,0,0,0
1686,72643702,980100,2.02E+11,20210703,1007,,CASSIDY BLVD,,,,,,,,Y,N,NULL,NULL,NULL,N,NULL,NULL,NULL,NULL,NULL,NULL,,NULL,NULL,NULL,NULL,,NULL,0,0,2,2,N,Y,15,NULL,98,9801,NULL,,Y,37.50564,-82.53915,N,NULL,NULL,NULL,NULL,NULL,NULL,NULL,NULL,2,97,1,6,1,1,2,2,1,3,N,NULL,Y,N,1007,1012,1012,N,NULL,90,,,N,,N,N,,NULL,NULL,2021,O,7.26E+11,098-CS-1191  -000,MEDIUM,098-CS-1191  -000,0.38,0,0,0,1,0,0,1,0,0,0,0,0,0,1
1687,72749763,980100,2.02E+11,20220402,1939,,US23,,,US0023,US0023,0,098 US-23-10,US0023,N,N,NULL,NULL,NULL,N,NULL,NULL,NULL,NULL,NULL,NULL,21.536,NULL,NULL,NULL,NULL,,NULL,0,0,2,2,N,N,55,NULL,98,9801,NULL,,Y,37.45229,-82.52314,N,NULL,NULL,NULL,NULL,NULL,NULL,NULL,NULL,1,97,4,6,1,1,2,2,7,3,N,NULL,Y,N,1939,1944,2028,N,NULL,55,,1,Y,,N,N,098-US-0023-10,NULL,NULL,2022,O,7.27E+11,098-US-0023  -010,HIGH,098-US-0023  -000,21.536,0,0,0,0,0,0,1,1,0,1,0,0,0,1
1688,72524375,980100,2.02E+11,20200724,1234,,LEE,,AVE,,,,,,Y,N,NULL,NULL,NULL,N,NULL,NULL,NULL,NULL,NULL,NULL,,NULL,NULL,NULL,NULL,,NULL,0,0,1,1,N,N,,NULL,98,9801,NULL,,Y,37.50162,-82.53429,N,NULL,NULL,NULL,NULL,NULL,NULL,NULL,NULL,9,97,1,6,1,1,2,2,1,3,N,NULL,Y,N,1234,1243,1243,Y,NULL,90,,,N,,N,N,,NULL,NULL,2020,O,7.25E+11,098-CS-1202  -000,MEDIUM,098-CS-1202  -000,0.104,0,0,0,0,0,0,1,0,0,0,0,1,0,1
1689,72592240,980100,2.02E+11,20210206,1816,,KY3496,,,KY3496,KY3496,0,098 KY-3496,KY3496,N,N,NULL,NULL,NULL,N,NULL,NULL,NULL,NULL,NULL,NULL,0.125,NULL,NULL,NULL,NULL,,NULL,0,0,2,2,N,N,35,NULL,98,9801,NULL,,Y,37.46607,-82.52995,N,NULL,NULL,NULL,NULL,NULL,NULL,NULL,NULL,5,7,2,6,1,1,2,7,1,3,N,NULL,N,N,1816,1823,,N,NULL,49,16,0,N,,N,N,098-KY-3496-0,NULL,NULL,2021,O,7.26E+11,098-KY-3496  -000,HIGH,098-KY-3496  -000,0.125,0,0,0,1,0,0,1,0,0,0,0,0,0,1
1690,72635880,980100,2.02E+11,20210613,1659,,KY1426,,,KY1426,KY1426,0,098 KY-1426,KY1426,N,N,NULL,NULL,NULL,N,NULL,NULL,NULL,NULL,NULL,NULL,5.357,NULL,NULL,NULL,NULL,,NULL,0,0,2,2,N,N,35,NULL,98,9801,NULL,,Y,37.47383,-82.52725,N,NULL,NULL,NULL,NULL,NULL,NULL,NULL,NULL,1,3,2,6,1,1,2,2,1,3,N,NULL,Y,N,1659,1700,1727,N,NULL,55,,0,N,,N,N,098-KY-1426-0,NULL,NULL,2021,O,7.26E+11,098-KY-1426  -000,HIGH,098-KY-1426  -000,5.357,0,0,0,0,0,0,0,1,0,0,0,0,0,1
1691,72588538,980000,21-01-002,20210105,1120,,COWPEN,,RD,KY2061,KY2061,0,098 KY-2061,KY2061,Y,N,NULL,NULL,NULL,N,NULL,NULL,NULL,NULL,NULL,NULL,0.031,NULL,NULL,NULL,NULL,,NULL,0,0,2,2,N,N,10,NULL,98,9807,NULL,,Y,37.53012,-82.57546,N,NULL,NULL,NULL,NULL,NULL,NULL,NULL,NULL,2,97,,6,1,5,2,5,1,3,N,NULL,Y,Y,1126,1146,1146,N,NULL,90,,0,N,,N,N,098-KY-2061-0,NULL,NULL,2021,O,7.26E+11,098-KY-2061  -000,HIGH,098-KY-2061  -000,0.031,0,0,1,0,0,0,1,0,0,1,0,0,0,0
1692,72809115,980100,2.02E+11,20220924,614,,CHLOE,,RD,KY1460,KY1460,0,098 KY-1460,KY1460,N,N,NULL,NULL,NULL,N,NULL,NULL,NULL,NULL,NULL,NULL,2.74,NULL,NULL,NULL,NULL,,NULL,1,0,1,1,N,N,45,NULL,98,9801,NULL,,Y,37.46891,-82.47839,N,NULL,NULL,NULL,NULL,NULL,NULL,NULL,NULL,9,5,2,1,1,1,3,6,6,3,N,NULL,Y,Y,615,618,715,N,NULL,51,,0,N,,N,N,098-KY-1460-0,NULL,NULL,2022,B,7.28E+11,098-KY-1460  -000,HIGH,098-KY-1460  -000,2.74,0,0,0,1,0,0,1,1,0,0,0,1,0,1
1693,72565413,980000,20-11-005,20201116,330,,POWELLS,,CRK,,,0,098 CR-1208,CR1208,N,N,NULL,NULL,NULL,N,NULL,NULL,NULL,NULL,NULL,NULL,2.683,NULL,NULL,NULL,NULL,,NULL,0,0,1,1,N,N,35,NULL,98,9801,10,E,N,37.40955,-82.38855,N,NULL,NULL,NULL,NULL,NULL,NULL,NULL,NULL,9,5,1,1,1,1,2,6,7,3,N,NULL,Y,Y,1030,1100,1100,N,NULL,44,,,N,,N,N,098-CR-1208-0,NULL,NULL,2020,O,7.26E+11,098-CR-1208  -000,HIGH,098-CR-1208  -000,2.683,0,0,0,0,0,0,0,0,0,0,0,1,0,0
1694,72698365,370200,2021-471711,20211118,821,,US23,,,US0023,US0023,0,098 US-23,US0023,N,N,NULL,NULL,NULL,N,NULL,NULL,NULL,NULL,NULL,NULL,6.583,NULL,NULL,NULL,NULL,,NULL,0,0,1,1,N,N,55,NULL,98,9809,NULL,,Y,37.29681,-82.54624,N,NULL,NULL,NULL,NULL,NULL,NULL,NULL,NULL,9,3,4,5,1,1,2,2,7,3,N,NULL,Y,N,821,824,829,N,NULL,38,,1,N,,N,N,098-US-0023-0,NULL,NULL,2021,O,7.27E+11,098-US-0023  -000,HIGH,098-US-0023  -000,6.583,0,0,0,0,0,0,0,0,0,0,0,0,0,0
1695,72778473,980500,2022AR030,20220701,1209,,MAYO TRAIL,N,ST,,,0,098 CS-3000,CS3000,Y,N,NULL,NULL,NULL,N,NULL,NULL,NULL,NULL,NULL,NULL,,NULL,NULL,NULL,NULL,NULL,NULL,0,0,2,2,N,N,,NULL,98,9807,NULL,,Y,37.51855,-82.56591,N,NULL,NULL,NULL,NULL,NULL,NULL,NULL,NULL,2,97,2,6,1,1,2,2,5,3,N,NULL,Y,Y,1209,1209,1209,N,NULL,90,,,N,,N,N,098-CS-3000-0,NULL,NULL,2022,O,7.28E+11,098-CS-3000  -000,HIGH,098-CS-3000  -000,0.424,0,0,0,1,0,0,1,0,0,1,0,0,0,0
1696,72781928,980100,2.02E+11,20220711,220,,HAMBLEY,,BLVD,,,0,098 CS-1222,CS1222,Y,N,NULL,NULL,NULL,N,NULL,NULL,NULL,NULL,NULL,NULL,0.662,NULL,NULL,NULL,NULL,,NULL,0,0,4,4,N,N,15,NULL,98,9801,NULL,,Y,37.4805,-82.51904,N,NULL,NULL,NULL,NULL,NULL,NULL,NULL,NULL,1,97,1,6,1,1,2,5,6,3,N,NULL,Y,N,220,228,228,N,NULL,90,,,Y,,N,N,098-CS-1222-0,NULL,NULL,2022,O,7.28E+11,098-CS-1222  -000,HIGH,098-CS-1222  -000,0.662,0,0,0,0,0,0,0,0,1,0,0,0,0,1
1697,72518436,KSP0900,20-576850,20200701,1530,,WILLIAMSON,,RD,KY0292,KY0292,0,098 KY-292,KY0292,N,N,NULL,NULL,NULL,N,NULL,NULL,NULL,NULL,NULL,NULL,5.564,NULL,NULL,NULL,NULL,,NULL,0,0,2,2,N,N,45,NULL,98,9834,NULL,,Y,37.66893,-82.28619,N,NULL,NULL,NULL,NULL,NULL,NULL,NULL,NULL,5,3,2,6,1,1,2,2,7,3,N,NULL,Y,N,1600,1630,1600,N,NULL,49,7,0,N,,N,N,098-KY-0292-0,NULL,NULL,2020,O,7.25E+11,098-KY-0292  -000,HIGH,098-KY-0292  -000,5.564,0,0,0,0,0,0,1,1,0,0,0,0,0,0
1698,72677918,980100,2.02E+11,20211001,719,,BYPASS,S,RD,KY1426,KY1426,0,098 KY-1426,KY1426,N,N,NULL,NULL,NULL,N,NULL,NULL,NULL,NULL,NULL,NULL,6.122,NULL,NULL,NULL,NULL,,NULL,0,0,2,2,N,N,45,NULL,98,9801,NULL,,Y,37.47696,-82.51702,N,NULL,NULL,NULL,NULL,NULL,NULL,NULL,NULL,8,3,2,6,1,1,2,2,7,3,N,NULL,Y,N,719,722,730,N,NULL,53,,0,N,,N,N,098-KY-1426-0,NULL,NULL,2021,O,7.27E+11,098-KY-1426  -000,HIGH,098-KY-1426  -000,6.122,0,0,0,0,0,0,1,0,0,0,0,1,0,1
1699,72532637,KSP0900,20-636436,20200806,1305,,DOUGLAS,,PARK,,,0,098 CR-1704,CR1704,Y,N,NULL,NULL,NULL,N,NULL,NULL,NULL,NULL,NULL,NULL,0.403,NULL,NULL,NULL,NULL,,NULL,0,0,2,2,N,N,,NULL,98,9801,0.5,E,N,37.38157,-82.536,N,NULL,NULL,NULL,NULL,NULL,NULL,NULL,NULL,2,97,,6,1,1,2,2,6,3,N,NULL,Y,N,1305,1330,,N,NULL,90,,,N,,N,N,098-CR-1704-0,NULL,NULL,2020,O,7.25E+11,098-CR-1704  -000,HIGH,098-CR-1704  -000,0.403,0,0,0,0,0,0,0,0,0,0,0,0,0,0
1700,72557324,980100,2.02E+11,20201026,1612,,MAYO,N,TRL,US0023,US0023,0,098 US-23,US0023,N,N,NULL,NULL,NULL,N,NULL,NULL,NULL,NULL,NULL,NULL,26.287,NULL,NULL,NULL,NULL,,NULL,4,0,2,2,N,N,55,NULL,98,9801,NULL,,Y,37.50371,-82.53215,N,NULL,NULL,NULL,NULL,NULL,NULL,NULL,NULL,5,3,4,6,1,1,3,2,7,3,Y,NULL,Y,Y,1612,1616,1647,N,NULL,49,,1,N,,N,N,098-US-0023-0,NULL,NULL,2020,B,7.26E+11,098-US-0023  -000,HIGH,098-US-0023  -000,26.287,0,0,0,0,0,0,1,0,0,0,0,0,0,1
1701,72781509,370200,2022247868,20220630,2309,,ROAD CREEK,,RD,,,0,098 CR-1659,CR1659,N,N,NULL,NULL,NULL,N,NULL,NULL,NULL,NULL,NULL,NULL,0.362,NULL,NULL,NULL,NULL,,NULL,0,0,2,2,N,N,35,NULL,98,9802,NULL,,Y,37.35535,-82.3834,N,NULL,NULL,NULL,NULL,NULL,NULL,NULL,NULL,5,97,2,3,1,1,3,6,7,2,N,NULL,Y,N,2229,2322,1244,Y,NULL,47,,,N,,N,N,098-CR-1659-0,NULL,NULL,2022,O,7.28E+11,098-CR-1659  -000,HIGH,098-CR-1659  -000,0.362,0,0,0,0,0,0,1,0,0,0,0,1,0,0
1702,72489669,980000,20-03-004,20200313,1600,,US119,,,US0119,US0119,0,098 US-119,US0119,Y,N,NULL,NULL,NULL,N,NULL,NULL,NULL,NULL,NULL,NULL,24.899,NULL,NULL,NULL,NULL,,NULL,0,0,1,1,N,N,55,NULL,98,9834,NULL,,Y,37.66722,-82.27573,N,NULL,NULL,NULL,NULL,NULL,NULL,NULL,NULL,9,97,4,6,1,1,2,2,5,3,N,NULL,Y,Y,1600,1609,1609,N,NULL,90,2,1,N,,N,N,098-US-0119-0,NULL,NULL,2020,O,7.25E+11,098-US-0119  -000,HIGH,098-US-0119  -000,24.899,0,0,0,0,0,0,1,0,0,0,0,1,0,0
1703,72685180,KSP0900,21-430835,20211019,1100,,US119,,,US0119,US0119,0,098 US-119,US0119,N,N,NULL,NULL,NULL,N,NULL,NULL,NULL,NULL,NULL,NULL,12.842,NULL,NULL,NULL,NULL,,NULL,0,0,1,1,N,N,55,NULL,98,9833,NULL,,Y,37.60607,-82.36708,N,NULL,NULL,NULL,NULL,NULL,NULL,NULL,NULL,9,3,2,6,1,1,2,2,7,3,N,NULL,Y,N,1105,1130,1100,N,NULL,38,2,1,N,,N,N,098-US-0119-0,NULL,NULL,2021,O,7.27E+11,098-US-0119  -000,HIGH,098-US-0119  -000,12.842,0,0,0,0,0,0,0,0,0,0,0,0,0,0
1704,72546917,980100,2.02E+11,20200927,1704,,CASSIDY,,BLVD,,,,,,Y,N,NULL,NULL,NULL,N,NULL,NULL,NULL,NULL,NULL,NULL,0.281,NULL,NULL,NULL,NULL,,NULL,0,0,2,2,N,N,15,NULL,98,9801,NULL,,Y,37.50493,-82.53647,N,NULL,NULL,NULL,NULL,NULL,NULL,NULL,NULL,2,97,,6,1,1,2,2,5,3,N,NULL,Y,N,1704,1710,1735,N,NULL,90,,,N,,N,N,,NULL,NULL,2020,O,7.25E+11,098-CS-1191  -000,MEDIUM,098-CS-1191  -000,0.281,0,0,0,0,0,0,1,0,0,0,0,0,0,1
1705,72386682,KSP0900,2019-28278,20190724,25,,KY3527,,,KY3527,KY3527,0,098 KY-3527,KY3527,N,N,NULL,NULL,NULL,N,NULL,NULL,NULL,NULL,NULL,NULL,0.478,NULL,NULL,NULL,NULL,,NULL,0,0,1,1,N,N,55,NULL,98,9827,NULL,,Y,37.2818,-82.59392,N,NULL,NULL,NULL,NULL,NULL,NULL,NULL,NULL,9,4,2,4,1,1,2,6,7,3,N,NULL,Y,N,2212,2254,2359,N,NULL,44,8,0,N,,N,N,098-KY-3527-0,NULL,NULL,2019,O,7.24E+11,098-KY-3527  -000,HIGH,098-KY-3527  -000,0.478,0,0,0,0,0,0,0,0,0,0,0,1,0,0
1706,72712927,KSP0900,21-517533,20211221,1130,,US119,,,US0119,US0119,0,098 US-119-10,US0119,N,N,NULL,NULL,NULL,N,NULL,NULL,NULL,NULL,NULL,NULL,24.923,NULL,NULL,NULL,NULL,,NULL,0,0,2,2,N,N,40,NULL,98,9834,NULL,,Y,37.66703,-82.27687,N,NULL,NULL,NULL,NULL,NULL,NULL,NULL,NULL,5,3,4,6,1,1,3,2,7,3,N,NULL,Y,N,1130,1140,1200,N,NULL,70,2,1,N,,N,N,098-US-0119-10,NULL,NULL,2021,O,7.27E+11,098-US-0119  -010,HIGH,098-US-0119  -000,24.923,0,0,0,1,0,0,1,0,0,0,0,0,0,0
1707,72722733,KSP0900,22-24265,20220120,1316,,US119,,,US0119,US0119,0,098 US-119,US0119,Y,N,NULL,NULL,NULL,N,NULL,NULL,NULL,NULL,NULL,NULL,22.146,NULL,NULL,NULL,NULL,,NULL,0,0,1,1,Y,N,55,NULL,98,9836,NULL,,Y,37.63519,-82.26093,N,NULL,NULL,NULL,NULL,NULL,NULL,NULL,NULL,9,97,1,6,1,5,9,2,7,3,N,NULL,N,N,1316,1328,1328,N,NULL,90,2,1,N,,N,N,098-US-0119-0,NULL,NULL,2022,O,7.27E+11,098-US-0119  -000,HIGH,098-US-0119  -000,22.146,0,0,0,0,0,0,0,0,0,0,0,0,0,0
1708,72675947,KSP0900,21-399065,20210926,1300,,KY195,,,KY0195,KY0195,0,098 KY-195,KY0195,N,N,NULL,NULL,NULL,N,NULL,NULL,NULL,NULL,NULL,NULL,8.004,NULL,NULL,NULL,NULL,,NULL,0,0,2,2,N,N,45,NULL,98,9830,NULL,,Y,37.33119,-82.4346,N,NULL,NULL,NULL,NULL,NULL,NULL,NULL,NULL,1,3,2,6,1,1,2,2,6,3,N,NULL,Y,N,1351,1409,1430,N,NULL,55,7,0,N,,N,N,098-KY-0195-0,NULL,NULL,2021,O,7.27E+11,098-KY-0195  -000,HIGH,098-KY-0195  -000,8.004,0,0,0,1,0,0,1,0,0,0,0,0,0,0
1709,72537977,KSP0900,20-675821,20200831,1509,,KY199 CROSSOVER,,,KY0199,KY0199,0,098 KY-199-30,KY0199,N,N,NULL,NULL,NULL,N,NULL,NULL,NULL,NULL,NULL,NULL,0.004,NULL,NULL,NULL,NULL,,NULL,4,0,2,2,N,N,55,NULL,98,9814,NULL,,Y,37.59792,-82.277,N,NULL,NULL,NULL,NULL,NULL,NULL,NULL,NULL,1,3,2,1,1,1,3,2,7,3,Y,NULL,Y,Y,1509,1520,1600,N,NULL,55,9,0,N,,N,N,098-KY-0199-30,NULL,NULL,2020,B,7.25E+11,098-KY-0199  -030,HIGH,098-KY-0199  -030,0.004,0,0,1,0,0,0,1,1,0,0,0,0,0,0
1710,72739513,980100,2.02E+11,20220305,1214,,CASSIDY,,BLVD,,,0,098 CS-1191,CS1191,Y,N,NULL,NULL,NULL,N,NULL,NULL,NULL,NULL,NULL,NULL,0.064,NULL,NULL,NULL,NULL,,NULL,0,0,2,2,N,N,15,NULL,98,9801,NULL,,Y,37.50367,-82.53319,N,NULL,NULL,NULL,NULL,NULL,NULL,NULL,NULL,1,97,,6,1,1,2,2,1,3,N,NULL,Y,N,1214,1221,,N,NULL,90,,,N,,N,N,098-CS-1191-0,NULL,NULL,2022,O,7.27E+11,098-CS-1191  -000,HIGH,098-CS-1191  -000,0.064,0,0,0,1,0,0,0,0,0,1,0,0,0,1
1711,72755434,KSP0900,22-154141,20220427,1521,,US23,,,US0023,US0023,0,098 US-23-10,US0023,N,N,NULL,NULL,NULL,N,NULL,NULL,NULL,NULL,NULL,NULL,11.793,NULL,NULL,NULL,NULL,,NULL,0,0,2,2,N,N,55,NULL,98,9801,6,S,N,37.36022,-82.55506,N,NULL,NULL,NULL,NULL,NULL,NULL,NULL,NULL,5,3,4,6,1,1,2,2,7,3,N,NULL,Y,N,1521,1536,1630,N,NULL,49,,1,N,,N,N,098-US-0023-10,NULL,NULL,2022,O,7.28E+11,098-US-0023  -010,HIGH,098-US-0023  -000,11.793,0,0,0,1,0,0,1,0,0,0,0,0,0,0