OBJECTID,MasterFile,AgencyORINumber,LocalCode,CollisionDate,CollisionTime,CollisionDayWeekCode,RoadwayName,RoadwayName_Direction_,RoadwayName_RoadwaySuffix_,RoadwayfromReport,CurrentRoadwayNumber,RoadwayNumberCoupletID,RSEUniqueGIS,RoadwayIdentifier,ParkingLotIndicator,IntersectionWith_Indicator_,IntersectionWith_NameRoadway_,IntersectionWith_Direction_,IntersectionWith_RoadwaySuffix_,BetweenStreets_Indicator_,BetweenStreets1_NameRoadway_,BetweenStreet1_Direction_,BetweenStreets1_RoadwaySuffix_,BetweenStreets2_NameRoadway_,BetweenStreets2_Direction_,BetweenStreets2_RoadwaySuffix_,Milepoint,ReportMilepointDeriveNumber,CurrentDerivedMiepointNumber,MilestoMilepoint,FeettoMilepoint,DirectionfromMilepoint_NSEW_,ValidMilepointIndicator,NumberInjured,NumberKilled,ofUnits,ofMotorVehicleUnits,Hit&RunIndicator,OneWayIndicator,SpeedLimitNumber,KilometersIndicator,CountyCode,CityCountyCode,MilesFromCity,DirectionFromCity_NSEW_,InCityLimitsIndicator,Latitude,Longitude,RampIndicator,RampFromIdentifier,RampFromDirCode,RampFromCoupletID,RSEUniqueGISRampFrom,RampToidentifier,RampToDirCode,RampToCoupletID,RSEUniqueGisRampTo,MannerofCollisionCode,LocationFirstEventCode,TotalLanes,RoadwayCharacterCode,RoadwaySurfaceCode,RoadwayConditionCode,WeatherCode,LightConditionCode,LandUseCode,SchoolBusRelatedCode,FirstAidSceneIndicator,CollDescPresentInd,InvestigationCompleteIndicator,PhotosTakenIndicator,TimeNotified,TimeArrived,TimeRoadwayOpened,PropertyDamageIndicator,DiagramPresentIndicator,DirectionalAnalysis,FunctionClassCode,NationalHwySysCode,EnforcementsIndicator,KARSCityCode,SecondaryCollisionIndicator,MedianCrossoverIndicator,RT_UNIQUE,MapIt,TimeLastLeft,YR,KABCO,MFNY,WorkingRID,RT_CONFIDENCE,KTC_RT,KTC_MP,Motorcyclist,Commercial Vehicle,Young Driver,Mature Driver,Pedestrian,Bicyclist,Distracted,Aggressive,Impaired,Unrestrained,Intersection,Roadway Departure,Median Cross-over,City Crash
1712,72851897,KSP0900,22-2625,20220103,618,,US460,,,US0460,US0460,0,098 US-460,US0460,N,N,NULL,NULL,NULL,N,NULL,NULL,NULL,NULL,NULL,NULL,1.322,NULL,NULL,NULL,NULL,,NULL,0,0,2,2,Y,N,35,NULL,98,9801,NULL,,Y,37.42691,-82.50113,N,NULL,NULL,NULL,NULL,NULL,NULL,NULL,NULL,7,3,2,6,1,1,2,6,7,3,N,NULL,Y,N,618,713,713,N,NULL,54,,1,N,,N,N,098-US-0460-0,NULL,NULL,2022,O,7.29E+11,098-US-0460  -000,HIGH,098-US-0460  -000,1.322,0,0,0,0,0,0,0,0,0,0,0,1,0,0
1713,72842578,980100,2.02E+11,20221214,1041,,US23,,,US0023,US0023,0,098 US-23,US0023,N,N,NULL,NULL,NULL,N,NULL,NULL,NULL,NULL,NULL,NULL,18.121,NULL,NULL,NULL,NULL,,NULL,3,0,2,2,N,N,55,NULL,98,9801,NULL,,Y,37.43062,-82.51485,N,NULL,NULL,NULL,NULL,NULL,NULL,NULL,NULL,1,3,4,6,1,5,6,2,7,3,Y,NULL,Y,Y,1050,1055,1132,N,NULL,55,,1,N,,N,N,098-US-0023-0,NULL,NULL,2022,C,7.28E+11,098-US-0023  -000,HIGH,098-US-0023  -000,18.121,0,0,0,1,0,0,1,0,0,0,0,0,0,1
1714,72617511,980100,2.02E+11,20210422,1420,,US23,,,US0023,US0023,,,,N,N,NULL,NULL,NULL,N,NULL,NULL,NULL,NULL,NULL,NULL,23.891,NULL,NULL,NULL,NULL,,NULL,1,0,3,3,N,N,55,NULL,98,9801,NULL,,Y,37.47466,-82.537,N,NULL,NULL,NULL,NULL,NULL,NULL,NULL,NULL,5,3,4,6,1,1,3,2,7,3,Y,NULL,Y,Y,1421,1425,1455,N,NULL,49,,1,N,,N,N,,NULL,NULL,2021,C,7.26E+11,098-US-0023  -000,MEDIUM,098-US-0023  -000,23.891,0,0,0,0,0,0,0,0,0,0,0,0,0,1
1715,72472680,980100,2.02E+11,20200130,1642,,US23,,,US0023,US0023,,,,N,N,NULL,NULL,NULL,N,NULL,NULL,NULL,NULL,NULL,NULL,23.085,NULL,NULL,NULL,NULL,,NULL,2,0,2,2,N,N,55,NULL,98,9801,NULL,,Y,37.46593,-82.52855,N,NULL,NULL,NULL,NULL,NULL,NULL,NULL,NULL,3,3,4,6,1,1,3,2,7,3,Y,NULL,Y,Y,1642,1646,1731,N,NULL,52,,1,Y,,N,N,,NULL,NULL,2020,C,7.25E+11,098-US-0023  -010,MEDIUM,098-US-0023  -000,23.085,0,0,0,0,0,0,1,0,0,0,0,1,0,1
1716,72800769,KSP0900,22-340888,20220902,1955,,SUGAR CAMP,,BR,,,0,098 CR-1085,CR1085,N,N,NULL,NULL,NULL,N,NULL,NULL,NULL,NULL,NULL,NULL,0.121,NULL,NULL,NULL,NULL,,NULL,0,0,1,1,N,N,35,NULL,98,9823,NULL,,Y,37.58542,-82.25246,N,NULL,NULL,NULL,NULL,NULL,NULL,NULL,NULL,9,3,2,3,1,1,2,6,7,3,N,NULL,N,N,1955,2016,2016,N,NULL,70,,,Y,,N,N,098-CR-1085-0,NULL,NULL,2022,O,7.28E+11,098-CR-1085  -000,HIGH,098-CR-1085  -000,0.121,0,0,1,0,0,0,0,0,0,0,0,1,0,0
1717,72505166,980100,2.02E+11,20200522,1230,,US23,,,US0023,US0023,,,,N,Y,KY3496,,,N,NULL,NULL,NULL,NULL,NULL,NULL,23.061,NULL,NULL,NULL,NULL,,NULL,3,0,2,2,N,N,55,NULL,98,9801,NULL,,Y,37.46582,-82.52809,N,NULL,NULL,NULL,NULL,NULL,NULL,NULL,NULL,3,3,5,6,1,5,6,2,7,3,Y,NULL,Y,Y,1231,1233,1310,N,NULL,52,,1,N,,N,N,,NULL,NULL,2020,B,7.25E+11,098-US-0023  -010,MEDIUM,098-US-0023  -000,23.061,0,0,0,0,0,0,1,1,0,0,1,0,0,1
1718,72545298,KSP0900,20-710462,20200922,2044,,GRAPEVINE,,RD,KY0194,KY0194,0,098 KY-194,KY0194,N,N,NULL,NULL,NULL,N,NULL,NULL,NULL,NULL,NULL,NULL,31.758,NULL,NULL,NULL,NULL,,NULL,0,0,1,1,N,N,55,NULL,98,9849,NULL,,Y,37.43349,-82.35438,N,NULL,NULL,NULL,NULL,NULL,NULL,NULL,NULL,9,3,2,3,1,1,2,6,7,3,N,NULL,Y,N,2044,2114,2114,N,NULL,38,7,0,N,,N,N,098-KY-0194-0,NULL,NULL,2020,O,7.25E+11,098-KY-0194  -000,HIGH,098-KY-0194  -000,31.758,0,0,0,0,0,0,0,0,0,0,0,0,0,0
1719,72844654,980100,2.02E+11,20221219,1031,,US23,,,US0023,US0023,0,098 US-23,US0023,N,N,NULL,NULL,NULL,N,NULL,NULL,NULL,NULL,NULL,NULL,21.578,NULL,NULL,NULL,NULL,,NULL,0,0,2,2,N,N,55,NULL,98,9801,NULL,,Y,37.45277,-82.52266,N,NULL,NULL,NULL,NULL,NULL,NULL,NULL,NULL,1,3,4,6,1,1,2,2,7,3,N,NULL,Y,N,1033,1039,1039,N,NULL,55,,1,N,,N,N,098-US-0023-0,NULL,NULL,2022,O,7.28E+11,098-US-0023  -000,HIGH,098-US-0023  -000,21.578,0,0,0,0,0,0,1,1,0,0,0,0,0,1
1720,72764632,KSP0900,22-189375,20220522,311,,US23,,,US0023,US0023,0,098 US-23-10,US0023,N,N,NULL,NULL,NULL,N,NULL,NULL,NULL,NULL,NULL,NULL,29.616,NULL,NULL,NULL,NULL,,NULL,0,0,2,2,N,N,55,NULL,98,9801,NULL,,Y,37.5317,-82.5772,N,NULL,NULL,NULL,NULL,NULL,NULL,NULL,NULL,5,3,5,6,1,1,2,6,1,3,N,NULL,Y,N,313,319,,N,NULL,49,,1,N,,N,N,098-US-0023-10,NULL,NULL,2022,O,7.28E+11,098-US-0023  -010,HIGH,098-US-0023  -000,29.616,0,0,0,0,0,0,0,0,0,0,0,0,0,1
1721,72732455,980000,2202002,20220218,1630,,APPLACHIAN PLAZA SOUTH WILLIAMSON,,,,,,,,N,N,NULL,NULL,NULL,N,NULL,NULL,NULL,NULL,NULL,NULL,,NULL,NULL,NULL,NULL,NULL,NULL,0,0,2,2,N,N,10,NULL,98,9834,3,N,N,37.66574,-82.27397,N,NULL,NULL,NULL,NULL,NULL,NULL,NULL,NULL,2,97,2,4,1,1,3,2,1,3,N,NULL,N,N,1635,1640,1710,N,NULL,56,,,N,,N,N,,NULL,NULL,2022,O,7.27E+11,098-PR-1008  -000,MEDIUM,098-PR-1008  -000,0.026,0,0,0,0,0,0,1,0,0,0,0,0,0,0
1722,72780500,KSP0900,22-248504,20220701,1310,,KY1426,,,KY1426,KY1426,0,098 KY-1426,KY1426,N,N,NULL,NULL,NULL,N,NULL,NULL,NULL,NULL,NULL,NULL,11.829,NULL,NULL,NULL,NULL,,NULL,0,0,2,2,N,N,55,NULL,98,9828,NULL,,Y,37.53399,-82.46651,N,NULL,NULL,NULL,NULL,NULL,NULL,NULL,NULL,5,3,2,6,1,1,2,2,7,3,N,NULL,N,N,1309,1345,1345,N,NULL,70,7,0,Y,,N,N,098-KY-1426-0,NULL,NULL,2022,O,7.28E+11,098-KY-1426  -000,HIGH,098-KY-1426  -000,11.829,0,0,0,1,0,0,1,1,0,0,0,0,0,0
1723,72610657,370200,2021-96991,20210311,821,,LEFT FORK ISLAND,,CRK,,,0,098 CR-1233Q3,CR1233Q3,N,N,NULL,NULL,NULL,N,NULL,NULL,NULL,NULL,NULL,NULL,1.309,NULL,NULL,NULL,NULL,,NULL,0,0,2,2,N,N,35,NULL,98,9801,NULL,,Y,37.43389,-82.57671,N,NULL,NULL,NULL,NULL,NULL,NULL,NULL,NULL,7,3,2,3,1,1,3,2,7,1,N,NULL,Y,N,823,834,905,N,NULL,54,,,N,,N,N,098-CR-1233Q3-0,NULL,NULL,2021,O,7.26E+11,098-CR-1233Q3-000,HIGH,098-CR-1233Q3-000,1.309,0,0,0,0,0,0,0,0,0,0,0,1,0,0
1724,72589755,KSP0900,21-402231,20210130,1951,,FORD MOUNTAIN,,RD,,,0,098 CR-1364Q4,CR1364Q4,N,N,NULL,NULL,NULL,N,NULL,NULL,NULL,NULL,NULL,NULL,0.773,NULL,NULL,NULL,NULL,,NULL,0,0,1,1,N,N,35,NULL,98,9887,NULL,,Y,37.57442,-82.44834,N,NULL,NULL,NULL,NULL,NULL,NULL,NULL,NULL,9,5,1,6,1,5,8,6,7,3,N,NULL,Y,N,1951,2130,2130,N,NULL,51,,,N,,N,N,098-CR-1364Q4-0,NULL,NULL,2021,O,7.26E+11,098-CR-1364Q4-000,HIGH,098-CR-1364Q4-000,0.773,0,0,0,0,0,0,0,0,0,0,0,1,0,0
1725,72749217,KSP0900,22-00124199,20220406,1143,,DORTON-JENKINS,,HWY,KY0805,KY0805,0,098 KY-805,KY0805,N,N,NULL,NULL,NULL,N,NULL,NULL,NULL,NULL,NULL,NULL,0.032,NULL,NULL,NULL,NULL,,NULL,0,0,1,1,N,N,35,NULL,98,9809,NULL,,Y,37.20603,-82.57503,N,NULL,NULL,NULL,NULL,NULL,NULL,NULL,NULL,9,3,2,6,1,1,2,2,7,3,N,NULL,Y,N,1146,1249,1146,N,NULL,38,7,0,N,,N,N,098-KY-0805-0,NULL,NULL,2022,O,7.27E+11,098-KY-0805  -000,HIGH,098-KY-0805  -000,0.032,0,0,0,1,0,0,0,0,0,0,0,0,0,0
1726,72663130,980100,2.02E+11,20210823,1600,,KENTUCKY,,AVE,,,0,098 CS-1162,CS1162,Y,N,NULL,NULL,NULL,N,NULL,NULL,NULL,NULL,NULL,NULL,0.349,NULL,NULL,NULL,NULL,,NULL,0,0,2,2,N,N,,NULL,98,9801,NULL,,Y,37.47893,-82.52167,N,NULL,NULL,NULL,NULL,NULL,NULL,NULL,NULL,8,97,,6,1,1,2,2,8,3,N,NULL,Y,N,1515,1520,,N,NULL,90,,,N,,N,N,098-CS-1162-0,NULL,NULL,2021,O,7.27E+11,098-CS-1162  -000,HIGH,098-CS-1162  -000,0.349,0,0,1,0,0,0,0,0,0,0,0,0,0,1
1727,72770389,980100,2.02E+11,20220608,746,,SAAD,,AVE,,,0,098 CS-1165,CS1165,Y,N,NULL,NULL,NULL,N,NULL,NULL,NULL,NULL,NULL,NULL,0.081,NULL,NULL,NULL,NULL,,NULL,0,0,2,2,N,N,,NULL,98,9801,NULL,,Y,37.48264,-82.51972,N,NULL,NULL,NULL,NULL,NULL,NULL,NULL,NULL,1,97,,6,1,1,2,1,6,3,N,NULL,Y,N,746,750,,N,NULL,90,,,N,,N,N,098-CS-1165-0,NULL,NULL,2022,O,7.28E+11,098-CS-1165  -000,HIGH,098-CS-1165  -000,0.081,0,0,0,0,0,0,0,0,0,0,0,0,0,1
1728,72387665,KSP0900,19-29269,20190801,345,,ELKHORN,,CRK,KY0197,KY0197,0,098 KY-197,KY0197,N,N,NULL,NULL,NULL,N,NULL,NULL,NULL,NULL,NULL,NULL,14.695,NULL,NULL,NULL,NULL,,NULL,1,0,1,1,N,N,55,NULL,98,9802,NULL,,Y,37.28394,-82.36849,N,NULL,NULL,NULL,NULL,NULL,NULL,NULL,NULL,9,3,2,6,1,1,2,6,7,3,N,NULL,Y,Y,355,423,,N,NULL,38,7,0,N,,N,N,098-KY-0197-0,NULL,NULL,2019,A,7.24E+11,098-KY-0197  -000,HIGH,098-KY-0197  -000,14.695,0,0,0,0,0,0,0,0,0,1,0,1,0,0
1729,72672689,KSP0900,21-385272,20210916,1600,,KY194,,,KY0194,KY0194,0,098 KY-194,KY0194,N,N,NULL,NULL,NULL,N,NULL,NULL,NULL,NULL,NULL,NULL,17.931,NULL,NULL,NULL,NULL,,NULL,3,0,2,2,N,N,55,NULL,98,9820,NULL,,Y,37.55793,-82.43018,N,NULL,NULL,NULL,NULL,NULL,NULL,NULL,NULL,1,3,2,6,1,1,2,2,7,3,Y,NULL,Y,Y,1600,1615,1700,N,NULL,55,7,0,N,,N,N,098-KY-0194-0,NULL,NULL,2021,B,7.27E+11,098-KY-0194  -000,HIGH,098-KY-0194  -000,17.931,0,0,1,0,0,0,0,1,0,1,0,0,0,0
1730,72624255,KSP0900,21-178896,20210504,1056,,KY1469,,,KY1469,KY1469,0,098 KY-1469,KY1469,N,N,NULL,NULL,NULL,N,NULL,NULL,NULL,NULL,NULL,NULL,9.238,NULL,NULL,NULL,NULL,,NULL,0,0,2,2,N,N,55,NULL,98,9827,NULL,,Y,37.32351,-82.61388,N,NULL,NULL,NULL,NULL,NULL,NULL,NULL,NULL,5,3,2,6,1,5,6,2,7,3,N,NULL,Y,N,1056,1114,1133,N,NULL,49,8,0,N,,N,N,098-KY-1469-0,NULL,NULL,2021,O,7.26E+11,098-KY-1469  -000,HIGH,098-KY-1469  -000,9.238,0,0,0,1,0,0,0,1,0,0,0,0,0,0
1731,72653306,980100,2.02E+11,20210725,1849,,BYPASS,S,RD,KY1426,KY1426,0,098 KY-1426,KY1426,Y,N,NULL,NULL,NULL,N,NULL,NULL,NULL,NULL,NULL,NULL,5.697,NULL,NULL,NULL,NULL,,NULL,0,0,2,2,Y,N,15,NULL,98,9801,NULL,,Y,37.47281,-82.52273,N,NULL,NULL,NULL,NULL,NULL,NULL,NULL,NULL,8,97,2,4,2,1,2,2,1,3,N,NULL,Y,N,1849,1853,1853,N,NULL,90,,0,N,,N,N,098-KY-1426-0,NULL,NULL,2021,O,7.27E+11,098-KY-1426  -000,HIGH,098-KY-1426  -000,5.697,0,0,0,0,0,0,1,0,0,0,0,0,0,1
1732,72490908,KSP0900,20-9661,20200314,1700,,SHELBY DRY,,FRK,,,0,098 CR-1257,CR1257,N,N,NULL,NULL,NULL,N,NULL,NULL,NULL,NULL,NULL,NULL,0.117,NULL,NULL,NULL,NULL,,NULL,0,0,2,2,N,N,45,NULL,98,9824,NULL,,Y,37.42191,-82.49202,N,NULL,NULL,NULL,NULL,NULL,NULL,NULL,NULL,7,3,1,6,1,1,2,2,7,3,N,NULL,Y,N,1700,1710,1710,N,NULL,54,,,N,,N,N,098-CR-1257-0,NULL,NULL,2020,O,7.25E+11,098-CR-1257  -000,HIGH,098-CR-1257  -000,0.117,0,0,0,0,0,0,0,0,0,0,0,1,0,0
1733,72499201,980100,2.02E+11,20200505,1502,,OWSLEY,,RD,KY1384,KY1384,0,098 KY-1384,KY1384,N,N,NULL,NULL,NULL,N,NULL,NULL,NULL,NULL,NULL,NULL,7.21,NULL,NULL,NULL,NULL,,NULL,0,0,2,2,N,N,45,NULL,98,9801,NULL,,Y,37.48074,-82.536,N,NULL,NULL,NULL,NULL,NULL,NULL,NULL,NULL,8,3,4,6,1,1,3,2,7,3,N,NULL,Y,N,1502,1507,1507,N,NULL,53,16,0,N,,N,N,098-KY-1384-0,NULL,NULL,2020,O,7.25E+11,098-KY-1384  -000,HIGH,098-KY-1384  -000,7.21,0,0,0,0,0,0,1,0,0,0,0,1,0,1
1734,72747000,980100,2.02E+11,20220403,1324,,CASSIDY,,BLVD,,,0,098 CS-1191,CS1191,N,N,NULL,NULL,NULL,N,NULL,NULL,NULL,NULL,NULL,NULL,0.237,NULL,NULL,NULL,NULL,,NULL,0,0,2,2,N,N,25,NULL,98,9801,NULL,,Y,37.5044,-82.53575,N,NULL,NULL,NULL,NULL,NULL,NULL,NULL,NULL,1,3,2,5,1,1,2,2,1,3,N,NULL,Y,N,1324,1328,1406,N,NULL,55,,,N,,N,N,098-CS-1191-0,NULL,NULL,2022,O,7.27E+11,098-CS-1191  -000,HIGH,098-CS-1191  -000,0.237,0,0,0,1,0,0,0,0,0,0,0,0,0,1
1735,72655553,KSP0900,21-317164,20210731,1309,,US23,,,US0023,US0023,0,098 US-23-10,US0023,Y,N,NULL,NULL,NULL,N,NULL,NULL,NULL,NULL,NULL,NULL,12.864,NULL,NULL,NULL,NULL,,NULL,0,0,2,2,N,N,15,NULL,98,9801,5,N,N,37.37233,-82.54394,N,NULL,NULL,NULL,NULL,NULL,NULL,NULL,NULL,2,97,1,6,1,1,2,2,1,3,N,NULL,N,N,1309,1311,1309,N,NULL,90,,1,N,,N,N,098-US-0023-10,NULL,NULL,2021,O,7.27E+11,098-US-0023  -010,HIGH,098-US-0023  -000,12.864,0,0,0,0,0,0,0,0,0,0,0,0,0,0
1736,72814392,KSP0900,22-385141,20221005,1608,,FISHTRAP,,RD,KY1441,KY1441,0,098 KY-1441,KY1441,N,N,NULL,NULL,NULL,N,NULL,NULL,NULL,NULL,NULL,NULL,9.16,NULL,NULL,NULL,NULL,,NULL,0,0,2,2,N,N,45,NULL,98,9801,NULL,,Y,37.50448,-82.44948,N,NULL,NULL,NULL,NULL,NULL,NULL,NULL,NULL,1,3,2,3,1,1,2,2,7,3,N,NULL,Y,N,1608,1630,1650,N,NULL,55,8,0,N,,N,N,098-KY-1441-0,NULL,NULL,2022,O,7.28E+11,098-KY-1441  -000,HIGH,098-KY-1441  -000,9.16,0,0,0,1,0,0,0,0,0,0,0,0,0,0
1737,72715970,KSP0900,21-529170,20211230,1715,,FISHTRAP,,RD,KY1441,KY1441,0,098 KY-1441,KY1441,N,N,NULL,NULL,NULL,N,NULL,NULL,NULL,NULL,NULL,NULL,10.713,NULL,NULL,NULL,NULL,,NULL,2,0,2,2,N,N,45,NULL,98,9828,NULL,,Y,37.52445,-82.45677,N,NULL,NULL,NULL,NULL,NULL,NULL,NULL,NULL,3,3,2,6,1,1,2,6,7,3,Y,NULL,Y,Y,1715,1752,1800,N,NULL,52,8,0,N,,N,N,098-KY-1441-0,NULL,NULL,2021,C,7.27E+11,098-KY-1441  -000,HIGH,098-KY-1441  -000,10.713,0,0,0,0,0,0,0,0,0,0,0,1,0,0
1738,72655860,980100,2.02E+11,20210728,2052,,JUSTICE,,WAY,,,,,,Y,N,NULL,NULL,NULL,N,NULL,NULL,NULL,NULL,NULL,NULL,,NULL,NULL,NULL,NULL,NULL,NULL,0,0,2,2,Y,N,15,NULL,98,9801,NULL,,Y,37.50671,-82.53947,N,NULL,NULL,NULL,NULL,NULL,NULL,NULL,NULL,2,97,,6,1,1,2,5,1,3,N,NULL,Y,N,2052,2100,,N,NULL,90,,,N,,N,N,,NULL,NULL,2021,O,7.27E+11,098-CS-1215  -000,MEDIUM,098-CS-1215  -000,0.692,0,0,0,0,0,0,0,0,0,1,0,0,0,1
1739,72539185,KSP0900,20-674557,20200830,1700,,US23,,,US0023,US0023,0,098 US-23,US0023,N,N,NULL,NULL,NULL,N,NULL,NULL,NULL,NULL,NULL,NULL,4.509,NULL,NULL,NULL,NULL,,NULL,2,0,1,1,N,N,55,NULL,98,9809,NULL,,Y,37.28163,-82.574,N,NULL,NULL,NULL,NULL,NULL,NULL,NULL,NULL,9,6,4,3,1,1,2,2,7,3,Y,NULL,Y,Y,1702,1719,1750,N,NULL,40,,1,Y,,N,N,098-US-0023-0,NULL,NULL,2020,B,7.25E+11,098-US-0023  -000,HIGH,098-US-0023  -000,4.509,0,0,0,0,0,0,0,0,1,1,0,1,0,0
1740,72562362,980000,20-11-001,20201101,1738,,TOLER,,RD,KY0319,KY0319,0,098 KY-319,KY0319,N,N,NULL,NULL,NULL,N,NULL,NULL,NULL,NULL,NULL,NULL,4.883,NULL,NULL,NULL,NULL,,NULL,2,0,1,1,N,N,35,NULL,98,9842,NULL,,Y,37.61855,-82.24245,N,NULL,NULL,NULL,NULL,NULL,NULL,NULL,NULL,9,3,2,3,1,1,2,3,7,3,N,NULL,Y,Y,1738,1743,1849,N,NULL,70,7,0,N,,N,N,098-KY-0319-0,NULL,NULL,2020,B,7.26E+11,098-KY-0319  -000,HIGH,098-KY-0319  -000,4.883,0,0,0,0,0,0,0,0,0,0,0,0,0,0
1741,72487668,980100,2.02E+11,20200310,934,,US23,,,US0023,US0023,0,098 US-23,US0023,N,N,NULL,NULL,NULL,N,NULL,NULL,NULL,NULL,NULL,NULL,26.287,NULL,NULL,NULL,NULL,,NULL,0,0,2,2,N,N,55,NULL,98,9801,NULL,,Y,37.50371,-82.53215,N,NULL,NULL,NULL,NULL,NULL,NULL,NULL,NULL,5,3,4,6,1,1,2,2,7,3,N,NULL,Y,N,934,943,943,N,NULL,49,,1,N,,N,N,098-US-0023-0,NULL,NULL,2020,O,7.25E+11,098-US-0023  -000,HIGH,098-US-0023  -000,26.287,0,1,0,1,0,0,0,0,0,0,0,0,0,1
1742,72702715,KSP0900,21-484469,20211127,1845,,US23,,,US0023,US0023,0,098 US-23-10,US0023,N,N,NULL,NULL,NULL,N,NULL,NULL,NULL,NULL,NULL,NULL,32.114,NULL,NULL,NULL,NULL,,NULL,0,0,2,2,N,N,55,NULL,98,9801,NULL,,Y,37.5375,-82.60976,N,NULL,NULL,NULL,NULL,NULL,NULL,NULL,NULL,2,3,2,6,1,1,2,7,6,3,N,NULL,Y,N,1845,1855,1855,N,NULL,47,,1,N,,N,N,098-US-0023-10,NULL,NULL,2021,O,7.27E+11,098-US-0023  -010,HIGH,098-US-0023  -000,32.114,0,0,0,0,0,0,1,0,0,0,0,0,0,1
1743,72556010,980100,2.02E+11,20201023,650,,US23,,,US0023,US0023,0,098 US-23,US0023,N,N,NULL,NULL,NULL,N,NULL,NULL,NULL,NULL,NULL,NULL,21.417,NULL,NULL,NULL,NULL,,NULL,0,0,2,2,N,N,55,NULL,98,9801,NULL,,Y,37.4507,-82.52392,N,NULL,NULL,NULL,NULL,NULL,NULL,NULL,NULL,5,3,4,3,1,1,2,2,7,3,N,NULL,Y,N,650,703,705,N,NULL,49,,1,N,,N,N,098-US-0023-0,NULL,NULL,2020,O,7.26E+11,098-US-0023  -000,HIGH,098-US-0023  -000,21.417,0,0,0,0,0,0,0,0,0,0,0,0,0,1
1744,72563962,KSP0900,20-782481,20201111,1625,,KY194,,,KY0194,KY0194,0,098 KY-194,KY0194,N,N,NULL,NULL,NULL,N,NULL,NULL,NULL,NULL,NULL,NULL,20.191,NULL,NULL,NULL,NULL,,NULL,2,0,3,3,N,N,55,NULL,98,9820,NULL,,Y,37.54626,-82.40118,N,NULL,NULL,NULL,NULL,NULL,NULL,NULL,NULL,7,3,2,6,1,5,6,2,7,3,Y,NULL,Y,Y,1627,1634,1728,N,NULL,54,6,0,Y,,N,N,098-KY-0194-0,NULL,NULL,2020,C,7.26E+11,098-KY-0194  -000,HIGH,098-KY-0194  -000,20.191,0,0,0,0,0,0,0,1,1,0,0,1,0,0
1745,72500142,KSP0900,20-17371,20200509,1227,,ROAD,,FRK,,,0,098 CR-1286,CR1286,N,N,NULL,NULL,NULL,N,NULL,NULL,NULL,NULL,NULL,NULL,,NULL,NULL,NULL,NULL,,NULL,0,0,2,2,N,N,25,NULL,98,9801,3,W,N,37.41335,-82.54444,N,NULL,NULL,NULL,NULL,NULL,NULL,NULL,NULL,3,3,2,1,1,1,2,2,7,3,N,NULL,Y,N,1227,1240,1313,N,NULL,52,,,N,,N,N,098-CR-1286-0,NULL,NULL,2020,O,7.25E+11,098-CR-1286  -000,HIGH,098-CR-1286  -000,1.897,0,0,0,0,0,0,0,1,0,0,0,1,0,0
1746,72742304,980100,2.02E+11,20220318,1526,,US23,,,US0023,US0023,0,098 US-23-10,US0023,N,Y,KY3496,,,N,NULL,NULL,NULL,NULL,NULL,NULL,23.063,NULL,NULL,NULL,NULL,,NULL,0,0,2,2,Y,N,55,NULL,98,9801,NULL,,Y,37.46584,-82.52814,N,NULL,NULL,NULL,NULL,NULL,NULL,NULL,NULL,1,3,4,6,1,1,2,2,7,3,N,NULL,Y,N,1526,1531,1531,N,NULL,10,,1,N,,N,N,098-US-0023-10,NULL,NULL,2022,O,7.27E+11,098-US-0023  -010,HIGH,098-US-0023  -000,23.063,0,0,0,0,0,0,1,1,0,0,1,0,0,1
1747,72677003,980100,2.02E+11,20210929,1257,,US23,,,US0023,US0023,0,098 US-23-10,US0023,N,N,NULL,NULL,NULL,N,NULL,NULL,NULL,NULL,NULL,NULL,23.058,NULL,NULL,NULL,NULL,,NULL,0,0,2,2,N,N,55,NULL,98,9801,NULL,,Y,37.46584,-82.52805,N,NULL,NULL,NULL,NULL,NULL,NULL,NULL,NULL,1,3,4,6,1,1,2,2,7,3,N,NULL,Y,N,1258,1301,1334,N,NULL,55,,1,N,,N,N,098-US-0023-10,NULL,NULL,2021,O,7.27E+11,098-US-0023  -010,HIGH,098-US-0023  -000,23.058,0,0,0,1,0,0,1,0,0,0,0,0,0,1
1748,72761239,980500,2022AR020,20220513,1251,,MAYO TRAIL,N,,,,,,,N,N,NULL,NULL,NULL,N,NULL,NULL,NULL,NULL,NULL,NULL,,NULL,NULL,NULL,NULL,NULL,NULL,0,0,2,2,Y,N,45,NULL,98,9807,NULL,,Y,37.52243,-82.57081,N,NULL,NULL,NULL,NULL,NULL,NULL,NULL,NULL,1,3,7,6,1,1,2,2,7,3,N,NULL,Y,Y,1253,1254,1254,N,NULL,55,,,Y,,N,N,,NULL,NULL,2022,O,7.28E+11,098-US-0023  -010,MEDIUM,098-US-0023  -000,28.867,0,0,0,0,0,0,1,0,0,0,0,0,0,0
1749,72719231,980100,2.02E+11,20220105,1621,,THOMPSON,,RD,,,0,098 CS-1215,CS1215,Y,N,NULL,NULL,NULL,N,NULL,NULL,NULL,NULL,NULL,NULL,,NULL,NULL,NULL,NULL,,NULL,0,0,2,2,N,N,,NULL,98,9801,NULL,,Y,37.50723,-82.54256,N,NULL,NULL,NULL,NULL,NULL,NULL,NULL,NULL,2,97,,6,1,1,2,2,1,3,N,NULL,Y,N,1622,1631,1631,N,NULL,90,,,N,,N,N,098-CS-1215-0,NULL,NULL,2022,O,7.27E+11,098-CS-1215  -000,HIGH,098-CS-1215  -000,0.543,0,0,0,1,0,0,1,0,0,0,0,0,0,1