OBJECTID,MasterFile,AgencyORINumber,LocalCode,CollisionDate,CollisionTime,CollisionDayWeekCode,RoadwayName,RoadwayName_Direction_,RoadwayName_RoadwaySuffix_,RoadwayfromReport,CurrentRoadwayNumber,RoadwayNumberCoupletID,RSEUniqueGIS,RoadwayIdentifier,ParkingLotIndicator,IntersectionWith_Indicator_,IntersectionWith_NameRoadway_,IntersectionWith_Direction_,IntersectionWith_RoadwaySuffix_,BetweenStreets_Indicator_,BetweenStreets1_NameRoadway_,BetweenStreet1_Direction_,BetweenStreets1_RoadwaySuffix_,BetweenStreets2_NameRoadway_,BetweenStreets2_Direction_,BetweenStreets2_RoadwaySuffix_,Milepoint,ReportMilepointDeriveNumber,CurrentDerivedMiepointNumber,MilestoMilepoint,FeettoMilepoint,DirectionfromMilepoint_NSEW_,ValidMilepointIndicator,NumberInjured,NumberKilled,ofUnits,ofMotorVehicleUnits,Hit&RunIndicator,OneWayIndicator,SpeedLimitNumber,KilometersIndicator,CountyCode,CityCountyCode,MilesFromCity,DirectionFromCity_NSEW_,InCityLimitsIndicator,Latitude,Longitude,RampIndicator,RampFromIdentifier,RampFromDirCode,RampFromCoupletID,RSEUniqueGISRampFrom,RampToidentifier,RampToDirCode,RampToCoupletID,RSEUniqueGisRampTo,MannerofCollisionCode,LocationFirstEventCode,TotalLanes,RoadwayCharacterCode,RoadwaySurfaceCode,RoadwayConditionCode,WeatherCode,LightConditionCode,LandUseCode,SchoolBusRelatedCode,FirstAidSceneIndicator,CollDescPresentInd,InvestigationCompleteIndicator,PhotosTakenIndicator,TimeNotified,TimeArrived,TimeRoadwayOpened,PropertyDamageIndicator,DiagramPresentIndicator,DirectionalAnalysis,FunctionClassCode,NationalHwySysCode,EnforcementsIndicator,KARSCityCode,SecondaryCollisionIndicator,MedianCrossoverIndicator,RT_UNIQUE,MapIt,TimeLastLeft,YR,KABCO,MFNY,WorkingRID,RT_CONFIDENCE,KTC_RT,KTC_MP,Motorcyclist,Commercial Vehicle,Young Driver,Mature Driver,Pedestrian,Bicyclist,Distracted,Aggressive,Impaired,Unrestrained,Intersection,Roadway Departure,Median Cross-over,City Crash
1750,72592276,KSP0900,21-26233,20210121,1454,,US460,,,US0460,US0460,0,098 US-460,US0460,Y,N,NULL,NULL,NULL,N,NULL,NULL,NULL,NULL,NULL,NULL,8.702,NULL,NULL,NULL,NULL,,NULL,0,0,1,1,Y,N,10,NULL,98,9822,NULL,,Y,37.37197,-82.42499,N,NULL,NULL,NULL,NULL,NULL,NULL,NULL,NULL,9,97,2,6,1,1,2,2,1,3,N,NULL,Y,N,1454,1500,1500,Y,NULL,90,,1,N,,N,N,098-US-0460-0,NULL,NULL,2021,O,7.26E+11,098-US-0460  -000,HIGH,098-US-0460  -000,8.702,0,0,0,0,0,0,0,0,0,0,0,1,0,0
1751,72766823,980100,2.02E+11,20220521,1638,,CASSIDY,,BLVD,,,,,,Y,N,NULL,NULL,NULL,N,NULL,NULL,NULL,NULL,NULL,NULL,0.316,NULL,NULL,NULL,NULL,,NULL,0,0,2,2,N,N,,NULL,98,9801,NULL,,Y,37.50521,-82.53717,N,NULL,NULL,NULL,NULL,NULL,NULL,NULL,NULL,2,97,,6,1,1,2,2,5,3,N,NULL,Y,N,1638,1645,1645,N,NULL,90,,,N,,N,N,,NULL,NULL,2022,O,7.28E+11,098-CS-1191  -000,MEDIUM,098-CS-1191  -000,0.316,0,0,0,0,0,0,1,1,0,0,0,0,0,1
1752,72522990,KSP0900,2020-607592,20200718,2357,,KY194,,,KY0194,KY0194,,,,N,N,NULL,NULL,NULL,N,NULL,NULL,NULL,NULL,NULL,NULL,19.296,NULL,NULL,NULL,NULL,,NULL,0,0,2,2,N,N,45,NULL,98,9817,NULL,,Y,37.55246,-82.41391,N,NULL,NULL,NULL,NULL,NULL,NULL,NULL,NULL,3,3,2,6,1,1,2,6,7,3,N,NULL,Y,Y,2357,19,110,N,NULL,38,6,0,N,,N,N,,NULL,NULL,2020,O,7.25E+11,098-KY-0194  -000,HIGH,098-KY-0194  -000,19.296,0,0,0,1,0,0,0,0,0,0,0,0,0,0
1753,72714332,980500,2021AR055,20211228,1406,,US 23 NORTH,,,,,,,,N,N,NULL,NULL,NULL,N,NULL,NULL,NULL,NULL,NULL,NULL,,NULL,NULL,NULL,NULL,NULL,NULL,0,0,2,2,N,N,45,NULL,98,9807,NULL,,Y,37.52022,-82.56762,N,NULL,NULL,NULL,NULL,NULL,NULL,NULL,NULL,5,3,6,6,1,1,3,2,7,3,N,NULL,Y,Y,1406,1410,1410,N,NULL,49,,,N,,N,N,,NULL,NULL,2021,O,7.27E+11,098-US-0023  -000,MEDIUM,098-US-0023  -000,28.646,0,1,0,0,0,0,0,0,0,0,0,0,0,0
1754,72718105,980100,2.02E+11,20220104,1131,,BYPASS,,RD,,,0,098 CS-1223,CS1223,Y,N,NULL,NULL,NULL,N,NULL,NULL,NULL,NULL,NULL,NULL,,NULL,NULL,NULL,NULL,NULL,NULL,0,0,3,3,N,N,,NULL,98,9801,NULL,,Y,37.47128,-82.52117,N,NULL,NULL,NULL,NULL,NULL,NULL,NULL,NULL,1,97,1,6,2,1,2,2,1,3,N,NULL,Y,N,1132,1138,1205,N,NULL,90,,,N,,N,N,098-CS-1223-0,NULL,NULL,2022,O,7.27E+11,098-CS-1223  -000,HIGH,098-CS-1223  -000,0.136,0,0,0,1,0,0,1,0,0,0,0,0,0,1
1755,72785556,KSP0900,22-278274,20220722,21,,US119,,,US0119,US0119,0,098 US-119-10,US0119,N,N,NULL,NULL,NULL,N,NULL,NULL,NULL,NULL,NULL,NULL,,NULL,NULL,NULL,NULL,,NULL,0,0,1,1,N,N,55,NULL,98,9836,NULL,,Y,37.65371,-82.2695,N,NULL,NULL,NULL,NULL,NULL,NULL,NULL,NULL,9,3,4,6,1,1,2,7,7,3,N,NULL,N,N,21,25,35,N,NULL,38,2,1,N,,N,N,098-US-0119-10,NULL,NULL,2022,O,7.28E+11,098-US-0119  -010,HIGH,098-US-0119  -000,23.863,0,0,0,0,0,0,0,0,0,0,0,0,0,0
1756,72582694,980100,2.02E+11,20210108,1310,,BAIRD,,AVE,KY1426,KY1426,0,098 KY-1426,KY1426,Y,N,NULL,NULL,NULL,N,NULL,NULL,NULL,NULL,NULL,NULL,5.42,NULL,NULL,NULL,NULL,,NULL,0,0,2,2,N,N,,NULL,98,9801,NULL,,Y,37.47284,-82.52644,N,NULL,NULL,NULL,NULL,NULL,NULL,NULL,NULL,5,97,1,6,1,1,2,2,1,3,N,NULL,Y,N,1310,1315,1316,N,NULL,90,,0,N,,N,N,098-KY-1426-0,NULL,NULL,2021,O,7.26E+11,098-KY-1426  -000,MEDIUM,098-KY-1426  -000,5.42,0,0,0,0,0,0,0,0,0,0,0,0,0,1
1757,72695606,KSP0900,21-462964,20211111,1824,,US119,,,US0119,US0119,0,098 US-119-10,US0119,N,N,NULL,NULL,NULL,N,NULL,NULL,NULL,NULL,NULL,NULL,20.957,NULL,NULL,NULL,NULL,,NULL,0,0,2,2,N,N,35,NULL,98,9836,NULL,,Y,37.62102,-82.2685,N,NULL,NULL,NULL,NULL,NULL,NULL,NULL,NULL,1,3,2,6,1,1,2,5,8,1,N,NULL,Y,N,1824,1830,1854,N,NULL,55,2,1,N,,N,N,098-US-0119-10,NULL,NULL,2021,O,7.27E+11,098-US-0119  -010,HIGH,098-US-0119  -000,20.957,0,0,0,0,0,0,1,0,0,0,0,0,0,0
1758,72715932,KSP0900,21-518872,20211222,1117,,GREEN MEADOW,,LN,,,0,098 CR-1411,CR1411,N,N,NULL,NULL,NULL,N,NULL,NULL,NULL,NULL,NULL,NULL,0.029,NULL,NULL,NULL,NULL,,NULL,0,0,2,2,N,N,15,NULL,98,9801,NULL,,Y,37.53764,-82.60349,N,NULL,NULL,NULL,NULL,NULL,NULL,NULL,NULL,2,3,2,6,1,1,2,2,7,3,N,NULL,Y,N,1117,1216,1216,N,NULL,47,,,N,,N,N,098-CR-1411-0,NULL,NULL,2021,O,7.27E+11,098-CR-1411  -000,HIGH,098-CR-1411  -000,0.029,0,0,0,0,0,0,1,0,0,0,0,0,0,0
1759,72548205,KSP0900,20-715082,20200926,1010,,US119,,,US0119,US0119,0,098 US-119,US0119,N,N,NULL,NULL,NULL,N,NULL,NULL,NULL,NULL,NULL,NULL,24.649,NULL,NULL,NULL,NULL,,NULL,1,0,1,1,N,N,55,NULL,98,9834,NULL,,Y,37.66417,-82.27325,N,NULL,NULL,NULL,NULL,NULL,NULL,NULL,NULL,9,5,4,3,1,1,2,2,1,3,Y,NULL,Y,Y,1010,1017,1017,N,NULL,51,2,1,N,,N,N,098-US-0119-0,NULL,NULL,2020,B,7.25E+11,098-US-0119  -000,HIGH,098-US-0119  -000,24.649,0,0,0,0,0,0,0,0,0,0,0,1,0,0
1760,72722442,980100,2.02E+11,20220119,1845,,US23,,,US0023,US0023,,,,N,Y,MAYO,,CIR,N,NULL,NULL,NULL,NULL,NULL,NULL,22.29,NULL,NULL,NULL,NULL,,NULL,0,0,2,2,N,N,55,NULL,98,9801,NULL,,Y,37.46134,-82.51697,N,NULL,NULL,NULL,NULL,NULL,NULL,NULL,NULL,4,3,4,3,1,5,6,6,7,3,N,NULL,Y,N,1845,1851,1851,N,NULL,16,,1,N,,N,N,,NULL,NULL,2022,O,7.27E+11,098-US-0023  -010,MEDIUM,098-US-0023  -000,22.29,0,0,0,1,0,0,1,1,0,0,1,0,0,1
1761,72457993,370200,2019-48763,20191214,929,,US119,,,US0119,US0119,0,098 US-119,US0119,N,N,NULL,NULL,NULL,N,NULL,NULL,NULL,NULL,NULL,NULL,20.727,NULL,NULL,NULL,NULL,,NULL,1,0,6,6,N,N,35,NULL,98,9836,NULL,,Y,37.61842,-82.26923,N,NULL,NULL,NULL,NULL,NULL,NULL,NULL,NULL,1,5,4,2,1,5,6,2,7,3,Y,NULL,Y,Y,945,1054,1054,Y,NULL,47,2,1,N,,N,N,098-US-0119-0,NULL,NULL,2019,C,7.25E+11,098-US-0119  -000,HIGH,098-US-0119  -000,20.727,0,1,0,0,0,0,0,0,0,0,0,1,0,0
1762,72750445,KSP0900,22-134807,20220414,720,,KY194,,,KY0194,KY0194,0,098 KY-194,KY0194,N,N,NULL,NULL,NULL,N,NULL,NULL,NULL,NULL,NULL,NULL,23.44,NULL,NULL,NULL,NULL,,NULL,0,0,2,2,N,N,55,NULL,98,9817,NULL,,Y,37.53381,-82.36858,N,NULL,NULL,NULL,NULL,NULL,NULL,NULL,NULL,1,3,2,6,1,5,6,2,7,3,N,NULL,Y,N,725,815,720,N,NULL,55,6,0,N,,N,N,098-KY-0194-0,NULL,NULL,2022,O,7.28E+11,098-KY-0194  -000,HIGH,098-KY-0194  -000,23.44,0,0,0,0,0,0,1,1,0,0,0,0,0,0
1763,72685446,980100,2.02E+11,20211019,1623,,BAIRD,,AVE,KY1426,KY1426,0,098 KY-1426,KY1426,Y,N,NULL,NULL,NULL,N,NULL,NULL,NULL,NULL,NULL,NULL,5.389,NULL,NULL,NULL,NULL,,NULL,0,0,2,2,N,N,,NULL,98,9801,NULL,,Y,37.47312,-82.5271,N,NULL,NULL,NULL,NULL,NULL,NULL,NULL,NULL,2,97,1,6,1,1,2,2,1,3,N,NULL,Y,N,1623,1627,1627,N,NULL,90,,0,N,,N,N,098-KY-1426-0,NULL,NULL,2021,O,7.27E+11,098-KY-1426  -000,HIGH,098-KY-1426  -000,5.389,0,0,0,0,0,0,1,0,0,0,0,0,0,1
1764,72599229,980100,2.02E+11,20210226,1424,,,,,US0023,US0023,,,,N,N,NULL,NULL,NULL,N,NULL,NULL,NULL,NULL,NULL,NULL,0.417,NULL,NULL,NULL,NULL,,NULL,0,0,2,2,N,N,55,NULL,98,9801,NULL,,Y,37.47464,-82.53696,Y,KY1426,W,NULL,,US0023,N,NULL,,8,3,4,6,1,5,6,2,1,3,N,NULL,N,N,1424,1429,1438,N,NULL,85,,1,N,,N,N,,NULL,NULL,2021,O,7.26E+11,098-US-0023  -121,MEDIUM,098-US-0023  -121,0.417,0,0,0,1,0,0,1,0,0,0,0,0,0,1
1765,72778809,980100,2.02E+11,20220701,1313,,BYPASS,S,RD,KY1426,KY1426,0,098 KY-1426,KY1426,N,N,NULL,NULL,NULL,N,NULL,NULL,NULL,NULL,NULL,NULL,6.149,NULL,NULL,NULL,NULL,,NULL,0,0,2,2,N,N,55,NULL,98,9801,NULL,,Y,37.47725,-82.5167,N,NULL,NULL,NULL,NULL,NULL,NULL,NULL,NULL,5,3,2,6,1,1,3,2,7,3,N,NULL,Y,N,1313,1323,1329,N,NULL,49,,0,Y,,N,N,098-KY-1426-0,NULL,NULL,2022,O,7.28E+11,098-KY-1426  -000,HIGH,098-KY-1426  -000,6.149,0,0,0,0,0,0,1,0,0,1,0,0,0,1
1766,72545299,KSP0900,20-710555,20200922,2200,,US119,,,US0119,US0119,0,098 US-119,US0119,N,N,NULL,NULL,NULL,N,NULL,NULL,NULL,NULL,NULL,NULL,8.6,NULL,NULL,NULL,NULL,,NULL,0,0,1,1,N,N,55,NULL,98,9820,NULL,,Y,37.56628,-82.41908,N,NULL,NULL,NULL,NULL,NULL,NULL,NULL,NULL,9,3,2,6,1,1,2,6,7,3,N,NULL,Y,N,2200,2200,2200,N,NULL,38,2,1,N,,N,N,098-US-0119-0,NULL,NULL,2020,O,7.25E+11,098-US-0119  -000,HIGH,098-US-0119  -000,8.6,0,0,1,0,0,0,0,0,0,0,0,0,0,0
1767,72815735,980100,2.02E+11,20221011,1709,,DIVISION,,ST,,,0,098 CS-1130,CS1130,Y,N,NULL,NULL,NULL,N,NULL,NULL,NULL,NULL,NULL,NULL,0.018,NULL,NULL,NULL,NULL,,NULL,0,0,2,2,N,N,,NULL,98,9801,NULL,,Y,37.48034,-82.51875,N,NULL,NULL,NULL,NULL,NULL,NULL,NULL,NULL,2,97,,6,1,1,2,2,1,3,N,NULL,Y,N,1709,1711,1717,N,NULL,90,,,N,,N,N,098-CS-1130-0,NULL,NULL,2022,O,7.28E+11,098-CS-1130  -000,HIGH,098-CS-1130  -000,0.018,0,0,0,1,0,0,1,0,0,0,0,0,0,1
1768,72555496,KSP0900,20-742971,20201015,1658,,COLLINS,,HWY,KY0122,KY0122,0,098 KY-122,KY0122,N,N,NULL,NULL,NULL,N,NULL,NULL,NULL,NULL,NULL,NULL,12.977,NULL,NULL,NULL,NULL,,NULL,0,0,1,1,N,N,55,NULL,98,9801,NULL,,Y,37.40499,-82.51722,N,NULL,NULL,NULL,NULL,NULL,NULL,NULL,NULL,9,3,2,6,1,1,2,2,7,3,N,NULL,Y,N,1658,1733,,N,NULL,40,,0,N,,N,Y,098-KY-0122-0,NULL,NULL,2020,O,7.26E+11,098-KY-0122  -000,HIGH,098-KY-0122  -000,12.977,0,0,0,0,0,0,1,0,1,0,0,1,0,0
1769,72584124,980100,2.02E+11,20210113,1637,,HAMBLEY,,BLVD,,,0,098 CS-1222,CS1222,N,N,NULL,NULL,NULL,N,NULL,NULL,NULL,NULL,NULL,NULL,1.311,NULL,NULL,NULL,NULL,,NULL,0,0,2,2,N,N,35,NULL,98,9801,NULL,,Y,37.48487,-82.52714,N,NULL,NULL,NULL,NULL,NULL,NULL,NULL,NULL,4,3,2,6,1,1,2,2,6,3,N,NULL,Y,N,1639,1642,1642,N,NULL,70,,,N,,N,N,098-CS-1222-0,NULL,NULL,2021,O,7.26E+11,098-CS-1222  -000,MEDIUM,098-CS-1222  -000,1.311,0,0,0,1,0,0,1,0,0,0,0,0,0,1
1770,72476388,980100,2.02E+11,20200212,1342,,THOMPSON,,RD,,,,,,N,N,NULL,NULL,NULL,N,NULL,NULL,NULL,NULL,NULL,NULL,0.676,NULL,NULL,NULL,NULL,,NULL,1,0,3,3,N,N,35,NULL,98,9801,NULL,,Y,37.50508,-82.54073,N,NULL,NULL,NULL,NULL,NULL,NULL,NULL,NULL,3,3,4,6,1,5,6,2,7,3,N,NULL,Y,Y,1342,1406,,N,NULL,52,,,N,,N,N,,NULL,NULL,2020,C,7.25E+11,098-CS-1215  -000,MEDIUM,098-CS-1215  -000,0.676,0,0,1,1,0,0,1,1,0,0,0,1,0,1
1771,72556273,KSP0900,20-719926,20200929,1730,,US119,,,US0119,US0119,,,,N,N,NULL,NULL,NULL,N,NULL,NULL,NULL,NULL,NULL,NULL,19.485,NULL,NULL,NULL,NULL,,NULL,2,0,2,2,N,N,55,NULL,98,9836,NULL,,Y,37.60806,-82.27369,N,NULL,NULL,NULL,NULL,NULL,NULL,NULL,NULL,1,3,4,3,1,5,6,2,7,3,Y,NULL,Y,Y,1730,1730,1815,N,NULL,55,2,1,N,,N,N,,NULL,NULL,2020,B,7.26E+11,098-US-0119  -010,MEDIUM,098-US-0119  -000,19.485,0,0,0,0,0,0,0,0,0,0,0,0,0,0
1772,72613930,KSP0900,21-149798,20210414,2021,,TUG FORK,,DR,,,0,098 CR-1006,CR1006,Y,N,NULL,NULL,NULL,N,NULL,NULL,NULL,NULL,NULL,NULL,0.031,NULL,NULL,NULL,NULL,,NULL,0,0,2,2,N,N,5,NULL,98,9834,NULL,,Y,37.70471,-82.30029,N,NULL,NULL,NULL,NULL,NULL,NULL,NULL,NULL,2,97,1,6,1,5,2,5,6,3,N,NULL,Y,Y,2025,2045,2045,N,NULL,90,,,N,,N,N,098-CR-1006-0,NULL,NULL,2021,O,7.26E+11,098-CR-1006  -000,MEDIUM,098-CR-1006  -000,0.031,0,0,1,1,0,0,1,0,0,0,0,0,0,0
1773,72707320,980100,2.02E+11,20211112,1426,,KY1426,,,KY1426,KY1426,,,,Y,N,NULL,NULL,NULL,N,NULL,NULL,NULL,NULL,NULL,NULL,7.435,NULL,NULL,NULL,NULL,,NULL,0,0,2,2,N,N,15,NULL,98,9801,NULL,,Y,37.4903,-82.50153,N,NULL,NULL,NULL,NULL,NULL,NULL,NULL,NULL,6,97,1,6,1,1,2,2,1,3,N,NULL,Y,N,1426,1432,1432,N,NULL,90,,0,N,,N,N,,NULL,NULL,2021,O,7.27E+11,098-KY-1426  -000,HIGH,098-KY-1426  -000,7.435,0,0,0,1,0,0,1,0,0,0,0,0,0,1
1774,72828857,KSP0900,22-434585,20221111,1818,,US460,,,US0460,US0460,0,098 US-460,US0460,N,N,NULL,NULL,NULL,N,NULL,NULL,NULL,NULL,NULL,NULL,6.429,NULL,NULL,NULL,NULL,,NULL,2,0,2,2,N,N,55,NULL,98,9832,NULL,,Y,37.39769,-82.43338,N,NULL,NULL,NULL,NULL,NULL,NULL,NULL,NULL,5,3,2,6,1,5,6,6,7,3,Y,NULL,Y,Y,1818,1842,2029,N,NULL,70,,1,N,,N,N,098-US-0460-0,NULL,NULL,2022,C,7.28E+11,098-US-0460  -000,HIGH,098-US-0460  -000,6.429,0,0,0,0,0,0,0,0,0,0,0,0,0,0
1775,72499471,980100,2.02E+11,20200504,1426,,CASSIDY BLVD,,,,,,,,Y,N,NULL,NULL,NULL,N,NULL,NULL,NULL,NULL,NULL,NULL,,NULL,NULL,NULL,NULL,NULL,NULL,0,0,2,2,Y,N,15,NULL,98,9801,NULL,,Y,37.50093,-82.53379,N,NULL,NULL,NULL,NULL,NULL,NULL,NULL,NULL,2,97,1,6,1,1,2,2,1,3,N,NULL,Y,N,1519,151,1625,N,NULL,90,,,N,,N,N,,NULL,NULL,2020,O,7.25E+11,098-CS-1202  -000,MEDIUM,098-CS-1202  -000,0.119,0,0,0,0,0,0,1,0,0,0,0,0,0,1
1776,72749076,KSP0900,22-125543,20220407,1222,,US460,,,US0460,US0460,,,,Y,N,NULL,NULL,NULL,N,NULL,NULL,NULL,NULL,NULL,NULL,4.524,NULL,NULL,NULL,NULL,,NULL,0,0,2,2,N,N,15,NULL,98,9824,NULL,,Y,37.41648,-82.45359,N,NULL,NULL,NULL,NULL,NULL,NULL,NULL,NULL,2,97,2,6,1,1,2,2,7,3,N,NULL,Y,N,1222,1342,1342,N,NULL,90,,1,N,,N,N,,NULL,NULL,2022,O,7.27E+11,098-US-0460  -000,HIGH,098-US-0460  -000,4.524,0,0,0,0,0,0,1,0,0,0,0,0,0,0
1777,72591557,980100,2.02E+11,20210201,1145,,US23,,,US0023,US0023,0,098 US-23,US0023,N,N,NULL,NULL,NULL,N,NULL,NULL,NULL,NULL,NULL,NULL,22.867,NULL,NULL,NULL,NULL,,NULL,0,0,2,2,Y,N,55,NULL,98,9801,NULL,,Y,37.4653,-82.52469,N,NULL,NULL,NULL,NULL,NULL,NULL,NULL,NULL,8,3,4,3,1,5,9,2,7,3,N,NULL,Y,N,1145,1155,1155,N,NULL,53,,1,N,,N,N,098-US-0023-0,NULL,NULL,2021,O,7.26E+11,098-US-0023  -000,HIGH,098-US-0023  -000,22.867,0,0,0,0,0,0,0,0,0,0,0,1,0,1
1778,72722459,980100,2.02E+11,20220115,2230,,BAIRD,,AVE,KY1426,KY1426,0,098 KY-1426,KY1426,Y,N,NULL,NULL,NULL,N,NULL,NULL,NULL,NULL,NULL,NULL,5.384,NULL,NULL,NULL,NULL,,NULL,0,0,2,2,N,N,15,NULL,98,9801,NULL,,Y,37.473,-82.52801,N,NULL,NULL,NULL,NULL,NULL,NULL,NULL,NULL,2,97,2,6,1,1,2,5,1,3,N,NULL,Y,N,2230,2233,,N,NULL,90,,0,N,,N,N,098-KY-1426-0,NULL,NULL,2022,O,7.27E+11,098-KY-1426  -000,HIGH,098-KY-1426  -000,5.384,0,0,1,0,0,0,1,0,0,0,0,0,0,1
1779,72571563,980100,2.02E+11,20201203,1214,,CASSIDY,,BLVD,,,0,098 CS-1191,CS1191,Y,N,NULL,NULL,NULL,N,NULL,NULL,NULL,NULL,NULL,NULL,0.045,NULL,NULL,NULL,NULL,,NULL,0,0,2,2,N,N,,NULL,98,9801,NULL,,Y,37.50369,-82.53289,N,NULL,NULL,NULL,NULL,NULL,NULL,NULL,NULL,2,97,1,6,1,1,2,2,1,3,N,NULL,Y,N,1214,1224,1224,N,NULL,90,,,N,,N,N,098-CS-1191-0,NULL,NULL,2020,O,7.26E+11,098-CS-1191  -000,HIGH,098-CS-1191  -000,0.045,0,0,0,1,0,0,1,0,0,0,0,0,0,1
1780,72685300,980100,2.02E+11,20211020,1433,,BYPASS,S,RD,KY1426,KY1426,0,098 KY-1426,KY1426,Y,N,NULL,NULL,NULL,N,NULL,NULL,NULL,NULL,NULL,NULL,5.672,NULL,NULL,NULL,NULL,,NULL,0,0,1,1,N,N,15,NULL,98,9801,NULL,,Y,37.4728,-82.52322,N,NULL,NULL,NULL,NULL,NULL,NULL,NULL,NULL,9,97,2,6,1,1,2,2,1,3,N,NULL,Y,Y,1433,1436,,Y,NULL,90,,0,N,,N,N,098-KY-1426-0,NULL,NULL,2021,O,7.27E+11,098-KY-1426  -000,HIGH,098-KY-1426  -000,5.672,0,0,0,1,0,0,1,0,0,0,0,1,0,1
1781,72717228,980100,2.02E+11,20220105,1550,,OWSLEY,,RD,KY1384,KY1384,0,098 KY-1384,KY1384,N,N,NULL,NULL,NULL,N,NULL,NULL,NULL,NULL,NULL,NULL,6.852,NULL,NULL,NULL,NULL,,NULL,0,0,2,2,N,N,45,NULL,98,9801,NULL,,Y,37.48,-82.54198,N,NULL,NULL,NULL,NULL,NULL,NULL,NULL,NULL,1,3,4,6,1,1,2,2,1,3,N,NULL,Y,N,1550,1550,1550,N,NULL,55,16,0,N,,N,N,098-KY-1384-0,NULL,NULL,2022,O,7.27E+11,098-KY-1384  -000,HIGH,098-KY-1384  -000,6.852,0,0,1,0,0,0,1,0,0,0,0,0,0,1
1782,72772518,980500,2022AR026,20220614,1339,,US 23 NORTH,,,,,,,,N,N,NULL,NULL,NULL,N,NULL,NULL,NULL,NULL,NULL,NULL,,NULL,NULL,NULL,NULL,NULL,NULL,4,0,2,2,N,N,45,NULL,98,9807,NULL,,Y,37.51907,-82.56613,N,NULL,NULL,NULL,NULL,NULL,NULL,NULL,NULL,1,3,6,6,1,1,2,2,7,3,Y,NULL,Y,Y,1339,1340,1415,N,NULL,55,,,N,,N,N,,NULL,NULL,2022,C,7.28E+11,098-CS-3000  -071,MEDIUM,098-CS-3000  -071,0.006,0,0,0,1,0,0,1,0,0,1,0,0,0,0
1783,72647317,980100,2.02E+11,20210714,1212,,US23,,,US0023,US0023,0,098 US-23-10,US0023,N,N,NULL,NULL,NULL,N,NULL,NULL,NULL,NULL,NULL,NULL,26.297,NULL,NULL,NULL,NULL,,NULL,0,0,2,2,N,N,55,NULL,98,9801,NULL,,Y,37.50384,-82.53238,N,NULL,NULL,NULL,NULL,NULL,NULL,NULL,NULL,5,3,4,6,1,1,2,2,7,3,N,NULL,Y,N,1212,1218,1255,N,NULL,49,,1,Y,,N,N,098-US-0023-10,NULL,NULL,2021,O,7.26E+11,098-US-0023  -010,HIGH,098-US-0023  -000,26.297,0,0,0,0,0,0,0,0,1,0,0,0,0,1
1784,72523185,980100,2.02E+11,20200721,1048,,THOMPSON,,RD,,,0,098 CS-1215,CS1215,Y,N,NULL,NULL,NULL,N,NULL,NULL,NULL,NULL,NULL,NULL,0.304,NULL,NULL,NULL,NULL,,NULL,0,0,2,2,N,N,,NULL,98,9801,NULL,,Y,37.5071,-82.54703,N,NULL,NULL,NULL,NULL,NULL,NULL,NULL,NULL,2,97,2,6,1,1,2,2,1,3,N,NULL,Y,N,1048,1100,1100,N,NULL,90,,,N,,N,N,098-CS-1215-0,NULL,NULL,2020,O,7.25E+11,098-CS-1215  -000,HIGH,098-CS-1215  -000,0.304,0,0,0,0,0,0,0,0,0,0,0,0,0,1
1785,72745056,980100,2.02E+11,20220322,2119,,MAYO,S,TRL,US0023,US0023,,,,N,N,NULL,NULL,NULL,N,NULL,NULL,NULL,NULL,NULL,NULL,22.782,NULL,NULL,NULL,NULL,,NULL,0,0,2,2,N,N,55,NULL,98,9801,NULL,,Y,37.46509,-82.52325,N,NULL,NULL,NULL,NULL,NULL,NULL,NULL,NULL,8,3,4,6,1,1,2,6,7,3,N,NULL,Y,N,2120,2136,2136,N,NULL,53,,1,N,,N,N,,NULL,NULL,2022,O,7.27E+11,098-US-0023  -010,MEDIUM,098-US-0023  -000,22.782,0,0,0,1,0,0,1,0,0,0,0,1,0,1
1786,72491270,KSP0900,20-10829,20200323,1726,,SYCAMORE,,RD,,,0,098 CR-1351Q4-80,CR1351Q4,N,N,NULL,NULL,NULL,N,NULL,NULL,NULL,NULL,NULL,NULL,0.132,NULL,NULL,NULL,NULL,,NULL,2,0,1,1,N,N,15,NULL,98,9802,NULL,,Y,37.62826,-82.5498,N,NULL,NULL,NULL,NULL,NULL,NULL,NULL,NULL,9,5,1,4,3,1,2,2,7,3,N,NULL,Y,Y,1727,1739,1739,N,NULL,44,,,N,,N,N,098-CR-1351Q4-80,NULL,NULL,2020,B,7.25E+11,098-CR-1351Q4-080,HIGH,098-CR-1351Q4-080,0.132,0,0,0,0,0,0,0,0,0,1,0,1,0,0
1787,72622737,980100,2.02E+11,20210504,950,,HAMBLEY,,BLVD,,,0,098 CS-1222,CS1222,N,N,NULL,NULL,NULL,N,NULL,NULL,NULL,NULL,NULL,NULL,0.767,NULL,NULL,NULL,NULL,,NULL,1,0,2,2,N,N,25,NULL,98,9801,NULL,,Y,37.48201,-82.51897,N,NULL,NULL,NULL,NULL,NULL,NULL,NULL,NULL,1,3,2,6,1,5,6,2,1,3,Y,NULL,Y,Y,951,1002,1017,N,NULL,55,,,N,,N,N,098-CS-1222-0,NULL,NULL,2021,C,7.26E+11,098-CS-1222  -000,HIGH,098-CS-1222  -000,0.767,0,0,0,0,0,0,1,0,0,0,0,0,0,1