OBJECTID,MasterFile,AgencyORINumber,LocalCode,CollisionDate,CollisionTime,CollisionDayWeekCode,RoadwayName,RoadwayName_Direction_,RoadwayName_RoadwaySuffix_,RoadwayfromReport,CurrentRoadwayNumber,RoadwayNumberCoupletID,RSEUniqueGIS,RoadwayIdentifier,ParkingLotIndicator,IntersectionWith_Indicator_,IntersectionWith_NameRoadway_,IntersectionWith_Direction_,IntersectionWith_RoadwaySuffix_,BetweenStreets_Indicator_,BetweenStreets1_NameRoadway_,BetweenStreet1_Direction_,BetweenStreets1_RoadwaySuffix_,BetweenStreets2_NameRoadway_,BetweenStreets2_Direction_,BetweenStreets2_RoadwaySuffix_,Milepoint,ReportMilepointDeriveNumber,CurrentDerivedMiepointNumber,MilestoMilepoint,FeettoMilepoint,DirectionfromMilepoint_NSEW_,ValidMilepointIndicator,NumberInjured,NumberKilled,ofUnits,ofMotorVehicleUnits,Hit&RunIndicator,OneWayIndicator,SpeedLimitNumber,KilometersIndicator,CountyCode,CityCountyCode,MilesFromCity,DirectionFromCity_NSEW_,InCityLimitsIndicator,Latitude,Longitude,RampIndicator,RampFromIdentifier,RampFromDirCode,RampFromCoupletID,RSEUniqueGISRampFrom,RampToidentifier,RampToDirCode,RampToCoupletID,RSEUniqueGisRampTo,MannerofCollisionCode,LocationFirstEventCode,TotalLanes,RoadwayCharacterCode,RoadwaySurfaceCode,RoadwayConditionCode,WeatherCode,LightConditionCode,LandUseCode,SchoolBusRelatedCode,FirstAidSceneIndicator,CollDescPresentInd,InvestigationCompleteIndicator,PhotosTakenIndicator,TimeNotified,TimeArrived,TimeRoadwayOpened,PropertyDamageIndicator,DiagramPresentIndicator,DirectionalAnalysis,FunctionClassCode,NationalHwySysCode,EnforcementsIndicator,KARSCityCode,SecondaryCollisionIndicator,MedianCrossoverIndicator,RT_UNIQUE,MapIt,TimeLastLeft,YR,KABCO,MFNY,WorkingRID,RT_CONFIDENCE,KTC_RT,KTC_MP,Motorcyclist,Commercial Vehicle,Young Driver,Mature Driver,Pedestrian,Bicyclist,Distracted,Aggressive,Impaired,Unrestrained,Intersection,Roadway Departure,Median Cross-over,City Crash
1788,72655703,980100,2.02E+11,20210708,1018,,CHLOE,,RD,KY1460,KY1460,0,098 KY-1460,KY1460,N,N,NULL,NULL,NULL,N,NULL,NULL,NULL,NULL,NULL,NULL,2.74,NULL,NULL,NULL,NULL,,NULL,0,0,1,1,Y,N,45,NULL,98,9801,NULL,,Y,37.4689,-82.47841,N,NULL,NULL,NULL,NULL,NULL,NULL,NULL,NULL,9,,2,,1,1,2,2,6,3,N,NULL,Y,N,1019,1025,1025,Y,NULL,44,,0,N,,N,N,098-KY-1460-0,NULL,NULL,2021,O,7.27E+11,098-KY-1460  -000,HIGH,098-KY-1460  -000,2.74,0,0,0,0,0,0,0,0,0,0,0,1,0,1
1789,72658547,KSP0900,21-335766,20210813,1927,,KY1469,,,KY1469,KY1469,0,098 KY-1469,KY1469,N,N,NULL,NULL,NULL,N,NULL,NULL,NULL,NULL,NULL,NULL,8.887,NULL,NULL,NULL,NULL,,NULL,0,0,1,1,N,N,55,NULL,98,9827,NULL,,Y,37.32233,-82.61992,N,NULL,NULL,NULL,NULL,NULL,NULL,NULL,NULL,9,3,2,6,1,1,2,2,7,3,N,NULL,Y,N,1927,1928,1928,N,NULL,38,8,0,N,,N,N,098-KY-1469-0,NULL,NULL,2021,O,7.27E+11,098-KY-1469  -000,HIGH,098-KY-1469  -000,8.887,0,0,0,0,0,0,0,0,0,0,0,0,0,0
1790,72523379,980100,2.02E+11,20200715,1828,,BAIRD,,AVE,KY1426,KY1426,,,,Y,N,NULL,NULL,NULL,N,NULL,NULL,NULL,NULL,NULL,NULL,5.421,NULL,NULL,NULL,NULL,,NULL,0,0,2,2,N,N,,NULL,98,9801,NULL,,Y,37.4729,-82.52702,N,NULL,NULL,NULL,NULL,NULL,NULL,NULL,NULL,5,97,1,6,1,1,2,2,1,3,N,NULL,Y,N,1828,1831,1831,N,NULL,90,,0,N,,N,N,,NULL,NULL,2020,O,7.25E+11,098-KY-1426  -000,HIGH,098-KY-1426  -000,5.421,0,0,0,1,0,0,1,0,0,0,0,0,0,1
1791,72609113,980100,2.02E+11,20210327,1417,,US23,,,US0023,US0023,,,,N,N,NULL,NULL,NULL,N,NULL,NULL,NULL,NULL,NULL,NULL,27.836,NULL,NULL,NULL,NULL,,NULL,0,0,2,2,N,N,55,NULL,98,9807,NULL,,Y,37.51341,-82.55618,N,NULL,NULL,NULL,NULL,NULL,NULL,NULL,NULL,5,3,2,6,1,5,6,2,7,3,N,NULL,Y,N,1417,1425,1443,N,NULL,49,,1,N,,N,N,,NULL,NULL,2021,O,7.26E+11,098-US-0023  -010,MEDIUM,098-US-0023  -000,27.836,0,0,0,0,0,0,1,0,0,0,0,0,0,0
1792,72653444,980100,2.02E+11,20210727,1032,,HIBBARD,,ST,,,0,098 CS-1053,CS1053,Y,N,NULL,NULL,NULL,N,NULL,NULL,NULL,NULL,NULL,NULL,0.038,NULL,NULL,NULL,NULL,,NULL,0,0,2,2,N,N,15,NULL,98,9801,NULL,,Y,37.47362,-82.52675,N,NULL,NULL,NULL,NULL,NULL,NULL,NULL,NULL,2,97,,6,1,1,2,2,5,3,N,NULL,Y,N,1032,1038,1038,N,NULL,90,,,N,,N,N,098-CS-1053-0,NULL,NULL,2021,O,7.27E+11,098-CS-1053  -000,HIGH,098-CS-1053  -000,0.038,0,0,0,0,0,0,1,0,0,0,0,0,0,1
1793,72586817,980000,21-01-008,20210122,1105,,DOUBLE KWIK GOODY KY,,,,,,,,N,N,NULL,NULL,NULL,N,NULL,NULL,NULL,NULL,NULL,NULL,,NULL,NULL,NULL,NULL,NULL,NULL,0,0,2,2,N,N,10,NULL,98,9812,0.4,N,N,37.64976,-82.26739,N,NULL,NULL,NULL,NULL,NULL,NULL,NULL,NULL,2,7,2,6,1,1,2,2,1,3,N,NULL,N,N,1110,1120,1159,N,NULL,56,,,N,,N,N,,NULL,NULL,2021,O,7.26E+11,098-US-0119  -000,MEDIUM,098-US-0119  -000,23.571,0,0,0,1,0,0,1,0,0,0,0,0,0,0
1794,72693502,980100,2.02E+11,20211104,1046,,US119 TURN LANE FROM US23 N,,,US0119,US0119,0,098 US-119-20,US0119,N,N,NULL,NULL,NULL,N,NULL,NULL,NULL,NULL,NULL,NULL,0.017,NULL,NULL,NULL,NULL,,NULL,0,0,2,2,N,N,55,NULL,98,9801,NULL,,Y,37.50329,-82.53198,N,NULL,NULL,NULL,NULL,NULL,NULL,NULL,NULL,5,3,2,6,1,1,2,2,7,3,N,NULL,Y,N,1046,1050,1057,N,NULL,49,2,1,N,,N,N,098-US-0119-20,NULL,NULL,2021,O,7.27E+11,098-US-0119  -020,HIGH,098-US-0119  -020,0.017,0,0,0,1,0,0,0,0,0,0,0,0,0,1
1795,72681409,980100,2.02E+11,20211010,1312,,HIBBARD,,ST,,,0,098 CS-1053,CS1053,N,N,NULL,NULL,NULL,N,NULL,NULL,NULL,NULL,NULL,NULL,0.24,NULL,NULL,NULL,NULL,,NULL,0,0,1,1,N,N,25,NULL,98,9801,NULL,,Y,37.47516,-82.52378,N,NULL,NULL,NULL,NULL,NULL,NULL,NULL,NULL,9,6,2,6,1,1,2,2,7,3,N,NULL,Y,N,1312,1320,1320,N,NULL,44,,,N,,N,N,098-CS-1053-0,NULL,NULL,2021,O,7.27E+11,098-CS-1053  -000,HIGH,098-CS-1053  -000,0.24,0,0,0,0,0,0,1,0,1,0,0,1,0,1
1796,72505845,980000,20-05-006,20200517,1720,,FOREST HILLS,,RD,KY0308,KY0308,0,098 KY-308,KY0308,N,N,NULL,NULL,NULL,N,NULL,NULL,NULL,NULL,NULL,NULL,0.041,NULL,NULL,NULL,NULL,,NULL,0,0,2,2,N,N,45,NULL,98,9812,NULL,,Y,37.62634,-82.29967,N,NULL,NULL,NULL,NULL,NULL,NULL,NULL,NULL,4,3,4,3,1,1,2,2,6,3,N,NULL,Y,Y,1720,1721,1820,N,NULL,70,8,0,N,,N,N,098-KY-0308-0,NULL,NULL,2020,O,7.25E+11,098-KY-0308  -000,HIGH,098-KY-0308  -000,0.041,0,0,0,0,0,0,0,1,0,0,0,0,0,0
1797,72745386,980100,2.02E+11,20220326,2037,,HAMBLEY,,BLVD,,,0,098 CS-1222,CS1222,N,N,NULL,NULL,NULL,N,NULL,NULL,NULL,NULL,NULL,NULL,0.619,NULL,NULL,NULL,NULL,,NULL,0,0,2,2,N,N,35,NULL,98,9801,NULL,,Y,37.47992,-82.51931,N,NULL,NULL,NULL,NULL,NULL,NULL,NULL,NULL,1,3,2,6,1,1,2,5,1,3,N,NULL,Y,N,2037,2041,2056,N,NULL,55,,,N,,N,N,098-CS-1222-0,NULL,NULL,2022,O,7.27E+11,098-CS-1222  -000,HIGH,098-CS-1222  -000,0.619,0,0,0,0,0,0,0,0,0,0,0,0,0,1
1798,72563761,KSP0900,20-781841,20201111,738,,OWSLEY,,RD,KY1384,KY1384,0,098 KY-1384,KY1384,N,N,NULL,NULL,NULL,N,NULL,NULL,NULL,NULL,NULL,NULL,0.889,NULL,NULL,NULL,NULL,,NULL,0,0,1,1,N,N,55,NULL,98,9801,3,NW,N,37.52222,-82.61291,N,NULL,NULL,NULL,NULL,NULL,NULL,NULL,NULL,9,4,2,3,1,5,6,1,7,3,N,NULL,Y,N,738,825,900,N,NULL,51,,0,N,,N,N,098-KY-1384-0,NULL,NULL,2020,O,7.26E+11,098-KY-1384  -000,HIGH,098-KY-1384  -000,0.889,0,0,0,0,0,0,0,0,0,0,0,1,0,0
1799,72804054,980000,22-09-001,20220902,725,,US23,,,US0023,US0023,0,098 US-23,US0023,N,N,NULL,NULL,NULL,N,NULL,NULL,NULL,NULL,NULL,NULL,27.543,NULL,NULL,NULL,NULL,,NULL,0,0,2,2,N,N,55,NULL,98,9801,NULL,,Y,37.51157,-82.55166,N,NULL,NULL,NULL,NULL,NULL,NULL,NULL,NULL,5,3,6,6,1,1,2,2,1,3,N,NULL,Y,Y,725,725,745,N,NULL,49,,1,N,,N,N,098-US-0023-0,NULL,NULL,2022,O,7.28E+11,098-US-0023  -000,HIGH,098-US-0023  -000,27.543,0,0,0,0,0,0,0,1,0,1,0,0,0,0
1800,72592260,KSP0900,21-51014,20210207,2111,,US460,,,US0460,US0460,0,098 US-460,US0460,N,N,NULL,NULL,NULL,N,NULL,NULL,NULL,NULL,NULL,NULL,3.43,NULL,NULL,NULL,NULL,,NULL,0,0,1,1,N,N,55,NULL,98,9824,NULL,,Y,37.42471,-82.47017,N,NULL,NULL,NULL,NULL,NULL,NULL,NULL,NULL,9,3,2,6,1,1,2,6,7,3,N,NULL,Y,Y,2111,2120,2111,Y,NULL,40,,1,N,,N,N,098-US-0460-0,NULL,NULL,2021,O,7.26E+11,098-US-0460  -000,HIGH,098-US-0460  -000,3.43,0,0,1,0,0,0,0,0,0,0,0,1,0,0
1801,72677004,980100,2.02E+11,20210929,1721,,HAMBLEY,,BLVD,,,0,098 CS-1222,CS1222,Y,N,NULL,NULL,NULL,N,NULL,NULL,NULL,NULL,NULL,NULL,1.145,NULL,NULL,NULL,NULL,,NULL,0,0,2,2,N,N,,NULL,98,9801,NULL,,Y,37.48524,-82.52422,N,NULL,NULL,NULL,NULL,NULL,NULL,NULL,NULL,2,97,1,6,1,1,2,2,1,3,N,NULL,Y,N,1722,1724,1724,N,NULL,90,,,N,,N,N,098-CS-1222-0,NULL,NULL,2021,O,7.27E+11,098-CS-1222  -000,HIGH,098-CS-1222  -000,1.145,0,0,0,1,0,0,1,0,0,0,0,0,0,1
1802,72612360,980100,2.02E+11,20210410,1630,,MAYO,S,TRL,US0023,US0023,0,098 US-23-10,US0023,N,N,NULL,NULL,NULL,N,NULL,NULL,NULL,NULL,NULL,NULL,22.943,NULL,NULL,NULL,NULL,,NULL,0,0,2,2,N,N,55,NULL,98,9801,NULL,,Y,37.46536,-82.526,N,NULL,NULL,NULL,NULL,NULL,NULL,NULL,NULL,5,3,4,6,1,5,6,2,7,3,N,NULL,Y,N,1630,1633,1633,N,NULL,49,,1,N,,N,N,098-US-0023-10,NULL,NULL,2021,O,7.26E+11,098-US-0023  -010,HIGH,098-US-0023  -000,22.943,0,0,0,0,0,0,1,0,0,0,0,0,0,1
1803,72477574,KSP0900,20-5530,20200211,1529,,US119,,,US0119,US0119,0,098 US-119-10,US0119,N,N,NULL,NULL,NULL,N,NULL,NULL,NULL,NULL,NULL,NULL,23.164,NULL,NULL,NULL,NULL,,NULL,0,0,2,2,N,N,55,NULL,98,9836,NULL,,Y,37.64399,-82.26633,N,NULL,NULL,NULL,NULL,NULL,NULL,NULL,NULL,4,3,4,6,1,5,6,2,7,3,N,NULL,N,N,1537,1540,1540,N,NULL,70,2,1,N,,N,N,098-US-0119-10,NULL,NULL,2020,O,7.25E+11,098-US-0119  -010,HIGH,098-US-0119  -000,23.164,0,0,0,1,0,0,1,0,0,0,0,0,0,0
1804,72573178,KSP0900,20-820100,20201208,1315,,KY632,,,KY0632,KY0632,0,098 KY-632,KY0632,N,N,NULL,NULL,NULL,N,NULL,NULL,NULL,NULL,NULL,NULL,11.961,NULL,NULL,NULL,NULL,,NULL,0,0,1,1,N,N,55,NULL,98,9804,NULL,,Y,37.50313,-82.1753,N,NULL,NULL,NULL,NULL,NULL,NULL,NULL,NULL,9,3,2,3,1,1,3,2,7,3,N,NULL,N,N,1315,1345,1400,N,NULL,40,6,0,N,,N,N,098-KY-0632-0,NULL,NULL,2020,O,7.26E+11,098-KY-0632  -000,HIGH,098-KY-0632  -000,11.961,0,0,0,0,0,0,0,0,0,0,0,1,0,0
1805,72848920,980100,2.02E+11,20221230,2354,,US23,,,US0023,US0023,0,098 US-23,US0023,N,N,NULL,NULL,NULL,N,NULL,NULL,NULL,NULL,NULL,NULL,31.471,NULL,NULL,NULL,NULL,,NULL,0,0,1,1,N,N,55,NULL,98,9801,NULL,,Y,37.53659,-82.59927,N,NULL,NULL,NULL,NULL,NULL,NULL,NULL,NULL,9,6,4,3,1,1,2,5,1,3,N,NULL,Y,N,2354,9,125,N,NULL,40,,1,Y,,N,N,098-US-0023-0,NULL,NULL,2022,O,7.28E+11,098-US-0023  -000,HIGH,098-US-0023  -000,31.471,0,0,0,0,0,0,0,0,1,0,0,1,0,1
1806,72541135,KSP0900,20-682404,20200904,1622,,FERRELLS CREEK,,RD,US0460,US0460,0,098 US-460,US0460,N,N,NULL,NULL,NULL,N,NULL,NULL,NULL,NULL,NULL,NULL,14.618,NULL,NULL,NULL,NULL,,NULL,0,0,1,1,N,N,55,NULL,98,9802,NULL,,Y,37.34429,-82.37106,N,NULL,NULL,NULL,NULL,NULL,NULL,NULL,NULL,9,3,2,3,1,5,6,2,7,3,N,NULL,Y,N,1622,1655,,N,NULL,44,,1,N,,N,Y,098-US-0460-0,NULL,NULL,2020,O,7.25E+11,098-US-0460  -000,HIGH,098-US-0460  -000,14.618,0,0,0,0,0,0,0,0,0,0,0,1,0,0
1807,72528717,980100,2.02E+11,20200805,1602,,CASSIDY,,BLVD,,,,,,Y,N,NULL,NULL,NULL,N,NULL,NULL,NULL,NULL,NULL,NULL,0.342,NULL,NULL,NULL,NULL,,NULL,0,0,1,1,N,N,15,NULL,98,9801,NULL,,Y,37.50521,-82.53771,N,NULL,NULL,NULL,NULL,NULL,NULL,NULL,NULL,9,97,,6,1,1,2,2,1,3,N,NULL,Y,N,1602,1608,,N,NULL,90,,,N,,N,N,,NULL,NULL,2020,O,7.25E+11,098-CS-1191  -000,MEDIUM,098-CS-1191  -000,0.342,0,0,0,1,0,0,1,0,0,0,0,1,0,1
1808,72517466,KSP0900,20-580230,20200703,1240,,KY195,,,KY0195,KY0195,0,098 KY-195,KY0195,Y,N,NULL,NULL,NULL,N,NULL,NULL,NULL,NULL,NULL,NULL,7.034,NULL,NULL,NULL,NULL,,NULL,0,0,2,2,Y,N,35,NULL,98,9802,5,W,N,37.32842,-82.45074,N,NULL,NULL,NULL,NULL,NULL,NULL,NULL,NULL,2,97,2,6,1,1,2,2,7,3,N,NULL,Y,N,1240,1249,1249,N,NULL,90,7,0,N,,N,N,098-KY-0195-0,NULL,NULL,2020,O,7.25E+11,098-KY-0195  -000,HIGH,098-KY-0195  -000,7.034,0,0,0,0,0,0,0,0,0,0,0,0,0,0
1809,72683735,KSP0900,21-427364,20211016,1921,,US23,,,US0023,US0023,0,098 US-23,US0023,N,N,NULL,NULL,NULL,N,NULL,NULL,NULL,NULL,NULL,NULL,13.819,NULL,NULL,NULL,NULL,,NULL,0,0,1,1,N,N,55,NULL,98,9801,NULL,,Y,37.38383,-82.54093,N,NULL,NULL,NULL,NULL,NULL,NULL,NULL,NULL,9,3,4,6,1,1,2,6,7,3,N,NULL,Y,N,1937,1937,,N,NULL,38,,1,N,,N,N,098-US-0023-0,NULL,NULL,2021,O,7.27E+11,098-US-0023  -000,HIGH,098-US-0023  -000,13.819,0,0,0,0,0,0,0,0,0,0,0,0,0,0
1810,72580335,KSP0900,20-808754,20201129,1820,,FERRELLS CREEK,,RD,US0460,US0460,0,098 US-460,US0460,N,N,NULL,NULL,NULL,N,NULL,NULL,NULL,NULL,NULL,NULL,16.938,NULL,NULL,NULL,NULL,,NULL,0,0,1,1,N,N,55,NULL,98,9874,NULL,,Y,37.35598,-82.3318,N,NULL,NULL,NULL,NULL,NULL,NULL,NULL,NULL,9,3,2,1,1,1,2,6,7,3,N,NULL,N,N,1820,1835,,N,NULL,38,,1,N,,N,N,098-US-0460-0,NULL,NULL,2020,O,7.26E+11,098-US-0460  -000,HIGH,098-US-0460  -000,16.938,0,0,0,0,0,0,0,0,0,0,0,0,0,0
1811,72680885,KSP0900,21-408423,20211003,831,,KY194,,,KY0194,KY0194,0,098 KY-194,KY0194,N,N,NULL,NULL,NULL,N,NULL,NULL,NULL,NULL,NULL,NULL,20.352,NULL,NULL,NULL,NULL,,NULL,0,0,1,1,N,N,55,NULL,98,9817,NULL,,Y,37.54548,-82.39859,N,NULL,NULL,NULL,NULL,NULL,NULL,NULL,NULL,9,5,2,3,1,5,6,2,7,3,N,NULL,Y,Y,831,842,920,N,NULL,44,6,0,N,,N,N,098-KY-0194-0,NULL,NULL,2021,O,7.27E+11,098-KY-0194  -000,HIGH,098-KY-0194  -000,20.352,0,0,1,0,0,0,0,0,0,0,0,1,0,0
1812,72817966,KSP0900,22-398256,20221015,1814,,BARRENSHEE,,CRK,,,0,098 CR-1847,CR1847,N,N,NULL,NULL,NULL,N,NULL,NULL,NULL,NULL,NULL,NULL,0.795,NULL,NULL,NULL,NULL,,NULL,0,0,2,2,N,N,25,NULL,98,9811,NULL,,Y,37.54319,-82.13618,N,NULL,NULL,NULL,NULL,NULL,NULL,NULL,NULL,6,3,1,6,1,1,2,3,7,3,N,NULL,Y,N,1814,1814,1814,N,NULL,70,,,N,,N,N,098-CR-1847-0,NULL,NULL,2022,O,7.28E+11,098-CR-1847  -000,HIGH,098-CR-1847  -000,0.795,0,0,0,0,0,0,0,0,0,0,0,0,0,0
1813,72474085,980100,2.02E+11,20200201,1452,,US23,,,US0023,US0023,0,098 US-23,US0023,Y,N,NULL,NULL,NULL,N,NULL,NULL,NULL,NULL,NULL,NULL,20.467,NULL,NULL,NULL,NULL,,NULL,1,0,1,1,N,N,,NULL,98,9801,NULL,,Y,37.44318,-82.51878,N,NULL,NULL,NULL,NULL,NULL,NULL,NULL,NULL,9,97,1,6,2,5,3,2,1,3,Y,NULL,Y,Y,1453,1453,1454,N,NULL,90,,1,Y,,N,N,098-US-0023-0,NULL,NULL,2020,C,7.25E+11,098-US-0023  -000,HIGH,098-US-0023  -000,20.467,0,0,0,0,0,0,0,0,0,1,0,1,0,1
1814,72483491,KSP0900,20-6587,20200219,1219,,US119,,,US0119,US0119,0,098 US-119,US0119,N,Y,MALL,,RD,N,NULL,NULL,NULL,NULL,NULL,NULL,24.059,NULL,NULL,NULL,NULL,,NULL,0,0,3,3,N,N,55,NULL,98,9834,NULL,,Y,37.65655,-82.27052,N,NULL,NULL,NULL,NULL,NULL,NULL,NULL,NULL,6,3,4,6,1,1,3,2,7,3,N,NULL,Y,N,1219,1219,1300,N,NULL,35,2,1,N,,N,N,098-US-0119-0,NULL,NULL,2020,O,7.25E+11,098-US-0119  -000,HIGH,098-US-0119  -000,24.059,0,0,0,1,0,0,0,1,0,0,1,0,0,0
1815,72648517,980100,2.02E+11,20210716,1318,,CASSIDY BLVD,,,,,,,,Y,N,NULL,NULL,NULL,N,NULL,NULL,NULL,NULL,NULL,NULL,,NULL,NULL,NULL,NULL,,NULL,0,0,2,2,N,N,15,NULL,98,9801,NULL,,Y,37.50454,-82.53732,N,NULL,NULL,NULL,NULL,NULL,NULL,NULL,NULL,8,97,1,6,1,1,2,2,1,3,N,NULL,Y,N,1318,1328,1328,N,NULL,90,,,N,,N,N,,NULL,NULL,2021,O,7.26E+11,098-CS-1191  -000,MEDIUM,098-CS-1191  -000,0.313,0,0,0,0,0,0,0,0,0,0,0,0,0,1
1816,72733901,KSP0900,22-61497,20220219,1117,,KY199,,,KY0199,KY0199,0,098 KY-199,KY0199,N,N,NULL,NULL,NULL,N,NULL,NULL,NULL,NULL,NULL,NULL,9.135,NULL,NULL,NULL,NULL,,NULL,1,0,3,2,N,N,35,NULL,98,9851,NULL,,Y,37.57192,-82.26776,N,NULL,NULL,NULL,NULL,NULL,NULL,NULL,NULL,1,3,2,6,1,1,2,2,7,3,Y,NULL,Y,Y,1117,1144,1200,N,NULL,55,7,0,N,,N,N,098-KY-0199-0,NULL,NULL,2022,B,7.27E+11,098-KY-0199  -000,HIGH,098-KY-0199  -000,9.135,0,0,0,1,1,0,0,1,0,0,0,0,0,0
1817,72498203,KSP0900,20--15485,20200426,1000,,US460,,,US0460,US0460,0,098 US-460,US0460,N,N,NULL,NULL,NULL,N,NULL,NULL,NULL,NULL,NULL,NULL,7.191,NULL,NULL,NULL,NULL,,NULL,2,0,2,1,N,N,55,NULL,98,9832,NULL,,Y,37.38692,-82.436,N,NULL,NULL,NULL,NULL,NULL,NULL,NULL,NULL,9,97,2,4,1,1,2,2,7,3,N,NULL,N,N,1000,1045,1045,N,NULL,36,,1,N,,N,N,098-US-0460-0,NULL,NULL,2020,C,7.25E+11,098-US-0460  -000,HIGH,098-US-0460  -000,7.191,0,0,0,1,1,0,1,0,0,0,0,0,0,0
1818,72863168,KSP0900,23-49361,20230208,759,,GREASY,,CRK,,,0,098 CR-1256,CR1256,N,N,NULL,NULL,NULL,N,NULL,NULL,NULL,NULL,NULL,NULL,1.214,NULL,NULL,NULL,NULL,,NULL,0,0,1,1,N,N,35,NULL,98,9841,NULL,,Y,37.36938,-82.49107,N,NULL,NULL,NULL,NULL,NULL,NULL,NULL,NULL,9,3,1,6,1,5,3,2,7,3,N,NULL,N,N,759,811,830,N,NULL,44,,,N,,N,N,098-CR-1256-0,NULL,NULL,2023,O,7.29E+11,098-CR-1256  -000,HIGH,098-CR-1256  -000,1.201,0,0,1,0,0,0,0,0,0,0,0,1,0,0
1819,72796702,KSP0900,22-323671,20220821,1556,,JOE MCCOY,,RD,,,0,098 CR-1828C,CR1828C,N,N,NULL,NULL,NULL,N,NULL,NULL,NULL,NULL,NULL,NULL,0.992,NULL,NULL,NULL,NULL,,NULL,0,0,2,2,N,N,10,NULL,98,9804,NULL,,Y,37.54178,-82.16924,N,NULL,NULL,NULL,NULL,NULL,NULL,NULL,NULL,3,97,1,1,97,8,2,2,7,3,Y,NULL,Y,N,1556,1616,1616,N,NULL,52,,,N,,N,N,098-CR-1828C-0,NULL,NULL,2022,O,7.28E+11,098-CR-1828C -000,MEDIUM,098-CR-1828C -000,0.992,0,0,0,0,0,0,1,0,0,0,0,1,0,0
1820,72806164,KSP0900,22-359217,20220915,2316,,US119,,,US0119,US0119,0,098 US-119,US0119,N,N,NULL,NULL,NULL,N,NULL,NULL,NULL,NULL,NULL,NULL,23.592,NULL,NULL,NULL,NULL,,NULL,4,0,2,2,N,N,55,NULL,98,9836,NULL,,Y,37.65005,-82.26753,N,NULL,NULL,NULL,NULL,NULL,NULL,NULL,NULL,3,3,2,6,1,1,10,5,7,3,Y,NULL,N,Y,2316,2325,30,N,NULL,46,2,1,N,,N,N,098-US-0119-0,NULL,NULL,2022,B,7.28E+11,098-US-0119  -000,HIGH,098-US-0119  -000,23.592,0,0,0,0,0,0,1,0,0,1,0,1,0,0
1821,72755772,980100,2.02E+11,20220429,1423,,JUSTICE WAY,,RD,,,0,098 CS-1215,CS1215,Y,N,NULL,NULL,NULL,N,NULL,NULL,NULL,NULL,NULL,NULL,,NULL,NULL,NULL,NULL,NULL,NULL,0,0,2,2,N,N,,NULL,98,9801,NULL,,Y,37.50715,-82.54703,N,NULL,NULL,NULL,NULL,NULL,NULL,NULL,NULL,2,97,1,6,1,1,2,2,1,3,N,NULL,Y,N,1427,1429,1429,N,NULL,90,,,N,,N,N,098-CS-1215-0,NULL,NULL,2022,O,7.28E+11,098-CS-1215  -000,HIGH,098-CS-1215  -000,0.31,0,0,0,0,0,0,1,0,0,0,0,0,0,1
1822,72750207,980100,2.02E+11,20220405,2233,,KY1426,,,KY1426,KY1426,0,098 KY-1426,KY1426,N,N,NULL,NULL,NULL,N,NULL,NULL,NULL,NULL,NULL,NULL,9.145,NULL,NULL,NULL,NULL,,NULL,1,0,1,1,N,N,55,NULL,98,9801,NULL,,Y,37.50722,-82.48911,N,NULL,NULL,NULL,NULL,NULL,NULL,NULL,NULL,9,3,2,2,1,5,6,6,7,3,N,NULL,Y,Y,2233,2238,2328,N,NULL,70,,0,N,,N,N,098-KY-1426-0,NULL,NULL,2022,B,7.28E+11,098-KY-1426  -000,HIGH,098-KY-1426  -000,9.145,0,0,1,0,0,0,0,0,0,0,0,1,0,1
1823,72602223,980100,2.02E+11,20210306,2247,,JUSTICE WAY,,,,,,,,Y,N,NULL,NULL,NULL,N,NULL,NULL,NULL,NULL,NULL,NULL,,NULL,NULL,NULL,NULL,,NULL,0,0,2,2,Y,N,15,NULL,98,9801,NULL,,Y,37.50693,-82.54253,N,NULL,NULL,NULL,NULL,NULL,NULL,NULL,NULL,2,97,2,6,1,1,2,6,1,3,N,NULL,N,N,2247,2256,2256,N,NULL,90,,,N,,N,N,,NULL,NULL,2021,O,7.26E+11,098-CS-1215  -000,MEDIUM,098-CS-1215  -000,0.55,0,0,0,0,0,0,1,0,0,0,0,0,0,1
1824,72445443,370200,2019-46426,20191126,930,,KY194,,,KY0194,KY0194,0,098 KY-194,KY0194,N,N,NULL,NULL,NULL,N,NULL,NULL,NULL,NULL,NULL,NULL,18.591,NULL,NULL,NULL,NULL,,NULL,1,0,1,1,N,N,55,NULL,98,9817,NULL,,Y,37.56033,-82.41909,N,NULL,NULL,NULL,NULL,NULL,NULL,NULL,NULL,9,5,2,3,1,1,2,2,7,3,Y,NULL,Y,Y,930,947,947,N,NULL,44,6,5,N,,N,N,098-KY-0194-0,NULL,NULL,2019,C,7.24E+11,098-KY-0194  -000,HIGH,098-KY-0194  -000,18.591,0,0,0,0,0,0,0,0,0,0,0,1,0,0
1825,72852488,980100,2.02E+11,20230109,958,,BYPASS,,RD,,,0,098 CS-1223,CS1223,Y,N,NULL,NULL,NULL,N,NULL,NULL,NULL,NULL,NULL,NULL,,NULL,NULL,NULL,NULL,NULL,NULL,1,0,2,1,N,N,,NULL,98,9801,NULL,,Y,37.47128,-82.52117,N,NULL,NULL,NULL,NULL,NULL,NULL,NULL,NULL,9,97,1,6,2,1,2,2,1,3,Y,NULL,Y,N,958,1001,1001,N,NULL,90,,,N,,N,N,098-CS-1223-0,NULL,NULL,2023,C,7.29E+11,098-CS-1223  -000,HIGH,098-CS-1223  -000,0.136,0,0,0,0,1,0,1,0,0,0,0,0,0,1