OBJECTID,MasterFile,AgencyORINumber,LocalCode,CollisionDate,CollisionTime,CollisionDayWeekCode,RoadwayName,RoadwayName_Direction_,RoadwayName_RoadwaySuffix_,RoadwayfromReport,CurrentRoadwayNumber,RoadwayNumberCoupletID,RSEUniqueGIS,RoadwayIdentifier,ParkingLotIndicator,IntersectionWith_Indicator_,IntersectionWith_NameRoadway_,IntersectionWith_Direction_,IntersectionWith_RoadwaySuffix_,BetweenStreets_Indicator_,BetweenStreets1_NameRoadway_,BetweenStreet1_Direction_,BetweenStreets1_RoadwaySuffix_,BetweenStreets2_NameRoadway_,BetweenStreets2_Direction_,BetweenStreets2_RoadwaySuffix_,Milepoint,ReportMilepointDeriveNumber,CurrentDerivedMiepointNumber,MilestoMilepoint,FeettoMilepoint,DirectionfromMilepoint_NSEW_,ValidMilepointIndicator,NumberInjured,NumberKilled,ofUnits,ofMotorVehicleUnits,Hit&RunIndicator,OneWayIndicator,SpeedLimitNumber,KilometersIndicator,CountyCode,CityCountyCode,MilesFromCity,DirectionFromCity_NSEW_,InCityLimitsIndicator,Latitude,Longitude,RampIndicator,RampFromIdentifier,RampFromDirCode,RampFromCoupletID,RSEUniqueGISRampFrom,RampToidentifier,RampToDirCode,RampToCoupletID,RSEUniqueGisRampTo,MannerofCollisionCode,LocationFirstEventCode,TotalLanes,RoadwayCharacterCode,RoadwaySurfaceCode,RoadwayConditionCode,WeatherCode,LightConditionCode,LandUseCode,SchoolBusRelatedCode,FirstAidSceneIndicator,CollDescPresentInd,InvestigationCompleteIndicator,PhotosTakenIndicator,TimeNotified,TimeArrived,TimeRoadwayOpened,PropertyDamageIndicator,DiagramPresentIndicator,DirectionalAnalysis,FunctionClassCode,NationalHwySysCode,EnforcementsIndicator,KARSCityCode,SecondaryCollisionIndicator,MedianCrossoverIndicator,RT_UNIQUE,MapIt,TimeLastLeft,YR,KABCO,MFNY,WorkingRID,RT_CONFIDENCE,KTC_RT,KTC_MP,Motorcyclist,Commercial Vehicle,Young Driver,Mature Driver,Pedestrian,Bicyclist,Distracted,Aggressive,Impaired,Unrestrained,Intersection,Roadway Departure,Median Cross-over,City Crash
1826,72513711,980100,2.02E+11,20200621,1556,,CASSIDY,,BLVD,,,0,098 CS-1191,CS1191,Y,N,NULL,NULL,NULL,N,NULL,NULL,NULL,NULL,NULL,NULL,0.348,NULL,NULL,NULL,NULL,,NULL,1,0,1,1,N,N,10,NULL,98,9801,NULL,,Y,37.50529,-82.53791,N,NULL,NULL,NULL,NULL,NULL,NULL,NULL,NULL,9,97,,4,1,5,6,2,1,3,N,NULL,Y,Y,1557,1601,1601,N,NULL,90,,,N,,N,N,098-CS-1191-0,NULL,NULL,2020,B,7.25E+11,098-CS-1191  -000,HIGH,098-CS-1191  -000,0.348,0,0,0,0,0,0,0,0,0,0,0,1,0,1
1827,72795151,980100,2.02E+11,20220812,1413,,VERA,,DR,,,0,098 CR-1373,CR1373,N,N,NULL,NULL,NULL,N,NULL,NULL,NULL,NULL,NULL,NULL,0.001,NULL,NULL,NULL,NULL,,NULL,0,0,2,1,N,N,25,NULL,98,9801,NULL,,Y,37.50557,-82.54198,N,NULL,NULL,NULL,NULL,NULL,NULL,NULL,NULL,9,3,2,6,1,1,2,2,7,3,N,NULL,Y,N,1415,1425,1539,N,NULL,91,,,N,,N,N,098-CR-1373-0,NULL,NULL,2022,O,7.28E+11,098-CR-1373  -000,MEDIUM,098-CR-1373  -000,0.001,0,0,0,0,0,0,0,0,0,0,0,0,0,0
1828,72620882,KSP0900,21-170969,20210429,959,,US23,,,US0023,US0023,0,098 US-23,US0023,N,N,NULL,NULL,NULL,N,NULL,NULL,NULL,NULL,NULL,NULL,13.73,NULL,NULL,NULL,NULL,,NULL,0,0,1,1,N,N,55,NULL,98,9801,5,S,N,37.38253,-82.54073,N,NULL,NULL,NULL,NULL,NULL,NULL,NULL,NULL,9,97,4,6,1,1,3,2,6,3,N,NULL,Y,N,959,1102,959,N,NULL,44,,1,N,,N,N,098-US-0023-0,NULL,NULL,2021,O,7.26E+11,098-US-0023  -000,HIGH,098-US-0023  -000,13.73,0,0,0,0,0,0,0,0,0,0,0,1,0,0
1829,72804421,370200,2022334466,20220829,1033,,US119,,,US0119,US0119,0,098 US-119,US0119,N,N,NULL,NULL,NULL,N,NULL,NULL,NULL,NULL,NULL,NULL,22.067,NULL,NULL,NULL,NULL,,NULL,0,0,2,2,N,N,55,NULL,98,9836,NULL,,Y,37.63414,-82.26186,N,NULL,NULL,NULL,NULL,NULL,NULL,NULL,NULL,1,2,2,1,1,1,3,2,7,3,N,NULL,Y,Y,1038,1110,1110,N,NULL,55,2,1,N,,N,Y,098-US-0119-0,NULL,NULL,2022,O,7.28E+11,098-US-0119  -000,HIGH,098-US-0119  -000,22.067,0,1,0,0,0,0,0,0,0,0,0,0,1,0
1830,72486026,980100,2.02E+11,20200303,1054,,US23,,,US0023,US0023,0,098 US-23,US0023,N,N,NULL,NULL,NULL,N,NULL,NULL,NULL,NULL,NULL,NULL,26.195,NULL,NULL,NULL,NULL,,NULL,2,0,2,2,N,N,55,NULL,98,9801,NULL,,Y,37.50243,-82.53185,N,NULL,NULL,NULL,NULL,NULL,NULL,NULL,NULL,5,3,4,6,1,1,2,2,1,3,Y,NULL,Y,Y,1054,1101,1126,N,NULL,49,,1,N,,N,N,098-US-0023-0,NULL,NULL,2020,C,7.25E+11,098-US-0023  -000,HIGH,098-US-0023  -000,26.195,0,0,0,0,0,0,1,0,0,0,0,0,0,1
1831,72576285,KSP0900,20-830939,20201216,1500,,BRUSHY,,RD,KY0881,KY0881,0,098 KY-881,KY0881,N,N,NULL,NULL,NULL,N,NULL,NULL,NULL,NULL,NULL,NULL,8.381,NULL,NULL,NULL,NULL,,NULL,0,0,2,2,N,N,55,NULL,98,9853,NULL,,Y,37.65981,-82.44798,N,NULL,NULL,NULL,NULL,NULL,NULL,NULL,NULL,1,3,2,1,1,5,6,2,7,3,N,NULL,Y,N,1500,1530,1545,N,NULL,55,9,0,N,,N,N,098-KY-0881-0,NULL,NULL,2020,O,7.26E+11,098-KY-0881  -000,HIGH,098-KY-0881  -000,8.381,0,0,0,0,0,0,0,0,0,0,0,0,0,0
1832,72825205,KSP0900,22-418552,20221031,811,,US119,,,US0119,US0119,0,098 US-119-10,US0119,N,N,NULL,NULL,NULL,N,NULL,NULL,NULL,NULL,NULL,NULL,25.366,NULL,NULL,NULL,NULL,,NULL,0,0,2,2,N,N,55,NULL,98,9834,NULL,,Y,37.67265,-82.28112,N,NULL,NULL,NULL,NULL,NULL,NULL,NULL,NULL,5,3,2,6,1,5,3,2,7,3,N,NULL,Y,N,813,850,850,N,NULL,49,2,1,N,,N,N,098-US-0119-10,NULL,NULL,2022,O,7.28E+11,098-US-0119  -010,HIGH,098-US-0119  -000,25.366,0,0,0,1,0,0,0,0,0,0,0,0,0,0
1833,72597142,980100,2.02E+11,20210209,1225,,HAMBLEY,,BLVD,,,0,098 CS-1222,CS1222,Y,N,NULL,NULL,NULL,N,NULL,NULL,NULL,NULL,NULL,NULL,0.113,NULL,NULL,NULL,NULL,,NULL,0,0,2,2,N,N,,NULL,98,9801,NULL,,Y,37.47458,-82.52538,N,NULL,NULL,NULL,NULL,NULL,NULL,NULL,NULL,2,97,,6,1,1,2,2,1,3,N,NULL,Y,N,1224,1225,,N,NULL,90,,,N,,N,N,098-CS-1222-0,NULL,NULL,2021,O,7.26E+11,098-CS-1222  -000,HIGH,098-CS-1222  -000,0.113,0,0,0,0,0,0,1,0,0,0,0,0,0,1
1834,72552965,980500,2020AR058,20201015,1320,,MAYO TRAIL,N,,,,,,,Y,N,NULL,NULL,NULL,N,NULL,NULL,NULL,NULL,NULL,NULL,,NULL,NULL,NULL,NULL,NULL,NULL,0,0,2,2,N,N,10,NULL,98,9807,NULL,,Y,37.51977,-82.56892,N,NULL,NULL,NULL,NULL,NULL,NULL,NULL,NULL,7,97,,6,1,1,2,2,1,3,N,NULL,Y,Y,1322,1327,1327,N,NULL,90,,,N,,N,N,,NULL,NULL,2020,O,7.26E+11,098-US-0023  -010,MEDIUM,098-US-0023  -000,28.679,0,0,0,0,0,0,1,0,0,0,0,0,0,0
1835,72596120,980100,2.02E+11,20210218,1741,,KY1426 TURN LANE,,,KY1426,KY1426,0,098 KY-1426-25,KY1426,N,N,NULL,NULL,NULL,N,NULL,NULL,NULL,NULL,NULL,NULL,0.03,NULL,NULL,NULL,NULL,,NULL,0,0,2,2,N,N,55,NULL,98,9801,NULL,,Y,37.47227,-82.52707,N,NULL,NULL,NULL,NULL,NULL,NULL,NULL,NULL,5,3,2,3,1,5,3,2,7,3,N,NULL,Y,N,1741,1745,1745,N,NULL,49,8,0,N,,N,N,098-KY-1426-25,NULL,NULL,2021,O,7.26E+11,098-KY-1426  -025,HIGH,098-KY-1426  -025,0.03,0,0,0,0,0,0,1,0,0,0,0,0,0,1
1836,72756222,980100,2.02E+11,20220430,1918,,CASSIDY,,BLVD,,,0,098 CS-1191,CS1191,Y,N,NULL,NULL,NULL,N,NULL,NULL,NULL,NULL,NULL,NULL,0.368,NULL,NULL,NULL,NULL,,NULL,0,0,2,2,N,N,,NULL,98,9801,NULL,,Y,37.50506,-82.53819,N,NULL,NULL,NULL,NULL,NULL,NULL,NULL,NULL,7,97,,6,1,1,3,2,1,3,N,NULL,Y,N,1918,1925,1925,N,NULL,90,,,N,,N,N,098-CS-1191-0,NULL,NULL,2022,O,7.28E+11,098-CS-1191  -000,HIGH,098-CS-1191  -000,0.368,0,0,0,1,0,0,0,0,0,0,0,0,0,1
1837,72692864,980100,2.02E+11,20211105,1636,,US23,,,US0023,US0023,0,098 US-23,US0023,N,N,NULL,NULL,NULL,N,NULL,NULL,NULL,NULL,NULL,NULL,26.137,NULL,NULL,NULL,NULL,,NULL,0,0,2,2,N,N,55,NULL,98,9801,NULL,,Y,37.50158,-82.53185,N,NULL,NULL,NULL,NULL,NULL,NULL,NULL,NULL,5,3,6,6,1,1,2,2,1,3,N,NULL,N,N,1636,1641,1708,N,NULL,49,,1,Y,,N,N,098-US-0023-0,NULL,NULL,2021,O,7.27E+11,098-US-0023  -000,HIGH,098-US-0023  -000,26.137,0,0,0,0,0,0,0,0,0,0,0,0,0,1
1838,72497864,980100,2.02E+11,20200425,2022,,US23,,,US0023,US0023,0,098 US-23,US0023,N,N,NULL,NULL,NULL,N,NULL,NULL,NULL,NULL,NULL,NULL,25.898,NULL,NULL,NULL,NULL,,NULL,0,0,1,1,N,N,55,NULL,98,9801,NULL,,Y,37.4982,-82.53125,N,NULL,NULL,NULL,NULL,NULL,NULL,NULL,NULL,9,3,4,6,1,5,6,6,7,3,N,NULL,Y,N,2022,2028,2118,N,NULL,40,,1,N,,N,N,098-US-0023-0,NULL,NULL,2020,O,7.25E+11,098-US-0023  -000,HIGH,098-US-0023  -000,25.898,0,0,0,0,0,0,0,0,0,0,0,1,0,1
1839,72764563,980000,22-04-004,20220415,750,,WILDCAT,,DR,,,0,098 CR-1703,CR1703,N,N,NULL,NULL,NULL,N,NULL,NULL,NULL,NULL,NULL,NULL,0.182,NULL,NULL,NULL,NULL,,NULL,2,0,2,2,N,N,15,NULL,98,9823,NULL,,Y,37.38151,-82.53772,N,NULL,NULL,NULL,NULL,NULL,NULL,NULL,NULL,5,3,2,1,1,1,2,2,8,3,N,NULL,Y,N,830,840,900,N,NULL,70,,,N,,N,N,098-CR-1703-0,NULL,NULL,2022,B,7.28E+11,098-CR-1703  -000,HIGH,098-CR-1703  -000,0.182,0,0,0,0,0,0,1,0,0,0,0,0,0,0
1840,72640394,980100,2.02E+11,20210625,36,,CASSIDY,,BLVD,,,,,,Y,N,NULL,NULL,NULL,N,NULL,NULL,NULL,NULL,NULL,NULL,0.121,NULL,NULL,NULL,NULL,,NULL,0,0,2,2,N,N,10,NULL,98,9801,NULL,,Y,37.5036,-82.53405,N,NULL,NULL,NULL,NULL,NULL,NULL,NULL,NULL,2,97,2,6,1,1,2,5,1,1,N,NULL,Y,N,36,48,102,N,NULL,90,,,N,,N,N,,NULL,NULL,2021,O,7.26E+11,098-CS-1259  -000,LOW,098-CS-1259  -000,0.121,0,0,1,0,0,0,1,0,0,0,0,0,0,0
1841,72579038,KSP0900,20-836690,20201220,1729,,US23,,,US0023,US0023,0,098 US-23,US0023,N,N,NULL,NULL,NULL,N,NULL,NULL,NULL,NULL,NULL,NULL,28.692,NULL,NULL,NULL,NULL,,NULL,0,0,2,2,N,N,45,NULL,98,9807,NULL,,Y,37.52053,-82.56835,N,NULL,NULL,NULL,NULL,NULL,NULL,NULL,NULL,1,3,4,6,1,1,2,6,3,3,N,NULL,Y,N,1733,1751,,N,NULL,55,,1,N,,N,N,098-US-0023-0,NULL,NULL,2020,O,7.26E+11,098-US-0023  -000,HIGH,098-US-0023  -000,28.692,0,0,0,1,0,0,1,1,0,0,0,0,0,0
1842,72507419,980100,2.02E+11,20200529,1913,,KY1426,,,KY1426,KY1426,,,,Y,N,NULL,NULL,NULL,N,NULL,NULL,NULL,NULL,NULL,NULL,6.877,NULL,NULL,NULL,NULL,,NULL,0,0,2,2,N,N,,NULL,98,9801,NULL,,Y,37.4857,-82.50967,N,NULL,NULL,NULL,NULL,NULL,NULL,NULL,NULL,8,97,1,6,1,1,2,2,1,3,N,NULL,Y,N,1913,1917,,N,NULL,90,,0,N,,N,N,,NULL,NULL,2020,O,7.25E+11,098-KY-1426  -000,HIGH,098-KY-1426  -000,6.877,0,0,0,0,0,0,1,0,0,0,0,0,0,1
1843,72493369,KSP0900,20-12971,20200409,1100,,KY194,,,KY0194,KY0194,0,098 KY-194,KY0194,N,N,NULL,NULL,NULL,N,NULL,NULL,NULL,NULL,NULL,NULL,55.233,NULL,NULL,NULL,NULL,,NULL,0,0,2,2,N,N,35,NULL,98,9804,NULL,,Y,37.51445,-82.15222,N,NULL,NULL,NULL,NULL,NULL,NULL,NULL,NULL,5,3,2,6,1,1,2,2,7,3,N,NULL,Y,N,1100,1130,1130,N,NULL,49,8,0,N,,N,N,098-KY-0194-0,NULL,NULL,2020,O,7.25E+11,098-KY-0194  -000,HIGH,098-KY-0194  -000,55.233,0,0,0,1,0,0,0,1,0,0,0,0,0,0
1844,72654507,KSP0900,21-318821,20210801,1618,,KY632,,,KY0632,KY0632,0,098 KY-632,KY0632,Y,N,NULL,NULL,NULL,N,NULL,NULL,NULL,NULL,NULL,NULL,12.964,NULL,NULL,NULL,NULL,,NULL,0,0,2,2,N,N,10,NULL,98,9804,NULL,,Y,37.50451,-82.16088,N,NULL,NULL,NULL,NULL,NULL,NULL,NULL,NULL,2,97,2,6,1,1,2,2,1,3,N,NULL,Y,N,1618,1632,1632,N,NULL,90,6,0,N,,N,N,098-KY-0632-0,NULL,NULL,2021,O,7.27E+11,098-KY-0632  -000,HIGH,098-KY-0632  -000,12.964,0,0,0,0,0,0,0,0,0,0,0,0,0,0
1845,72543862,KSP0900,20-702398,20200917,1243,,LEVISA,N,RD,KY1499,KY1499,0,098 KY-1499,KY1499,N,N,NULL,NULL,NULL,N,NULL,NULL,NULL,NULL,NULL,NULL,1.749,NULL,NULL,NULL,NULL,,NULL,1,0,1,1,N,N,55,NULL,98,9847,NULL,,Y,37.40102,-82.24945,N,NULL,NULL,NULL,NULL,NULL,NULL,NULL,NULL,9,3,2,6,1,5,6,2,7,3,N,NULL,Y,N,1328,1352,,N,NULL,44,7,0,N,,N,N,098-KY-1499-0,NULL,NULL,2020,B,7.25E+11,098-KY-1499  -000,HIGH,098-KY-1499  -000,1.749,0,0,1,0,0,0,0,0,0,0,0,1,0,0
1846,72476981,980100,2.02E+11,20200216,1059,,CHLOE,,RD,KY1460,KY1460,0,098 KY-1460,KY1460,N,N,NULL,NULL,NULL,N,NULL,NULL,NULL,NULL,NULL,NULL,4.579,NULL,NULL,NULL,NULL,,NULL,0,0,2,2,N,N,35,NULL,98,9801,NULL,,Y,37.4775,-82.5077,N,NULL,NULL,NULL,NULL,NULL,NULL,NULL,NULL,7,3,2,6,1,1,3,2,7,3,N,NULL,Y,N,1100,1104,1104,N,NULL,54,,0,N,,N,N,098-KY-1460-0,NULL,NULL,2020,O,7.25E+11,098-KY-1460  -000,HIGH,098-KY-1460  -000,4.579,0,0,0,1,0,0,0,0,0,0,0,1,0,1
1847,72699595,KSP0900,21-475856,20211121,815,,WILLIAMSON,,RD,KY0292,KY0292,0,098 KY-292,KY0292,N,N,NULL,NULL,NULL,N,NULL,NULL,NULL,NULL,NULL,NULL,9.035,NULL,NULL,NULL,NULL,,NULL,0,0,1,1,N,N,45,NULL,98,9834,NULL,,Y,37.70013,-82.29823,N,NULL,NULL,NULL,NULL,NULL,NULL,NULL,NULL,9,3,2,6,1,1,2,1,7,3,N,NULL,Y,N,815,916,916,N,NULL,38,7,0,N,,N,N,098-KY-0292-0,NULL,NULL,2021,O,7.27E+11,098-KY-0292  -000,HIGH,098-KY-0292  -000,9.035,0,0,0,0,0,0,0,0,0,0,0,0,0,0
1848,72821291,KSP0900,22-407494,20221022,2030,,US119,,,US0119,US0119,0,098 US-119,US0119,Y,N,NULL,NULL,NULL,N,NULL,NULL,NULL,NULL,NULL,NULL,23.598,NULL,NULL,NULL,NULL,,NULL,0,0,2,2,N,N,55,NULL,98,9836,NULL,,Y,37.65012,-82.26758,N,NULL,NULL,NULL,NULL,NULL,NULL,NULL,NULL,2,97,2,6,1,1,2,4,7,3,N,NULL,N,N,2100,2110,2110,N,NULL,90,2,1,N,,N,N,098-US-0119-0,NULL,NULL,2022,O,7.28E+11,098-US-0119  -000,HIGH,098-US-0119  -000,23.598,0,0,1,0,0,0,1,0,0,0,0,0,0,0
1849,72645094,980100,2.02E+11,20210622,1650,,BYPASS,S,RD,KY1426,KY1426,0,098 KY-1426,KY1426,N,N,NULL,NULL,NULL,N,NULL,NULL,NULL,NULL,NULL,NULL,5.693,NULL,NULL,NULL,NULL,,NULL,0,0,2,2,N,N,10,NULL,98,9801,NULL,,Y,37.47284,-82.52258,N,NULL,NULL,NULL,NULL,NULL,NULL,NULL,NULL,5,97,2,3,1,1,2,2,1,3,N,NULL,Y,N,1224,1224,1232,N,NULL,47,,0,N,,N,N,098-KY-1426-0,NULL,NULL,2021,O,7.26E+11,098-KY-1426  -000,HIGH,098-KY-1426  -000,5.693,0,0,0,1,0,0,1,0,0,0,0,0,0,1
1850,72579925,980100,2.02E+11,20201223,1419,,THOMPSON,,RD,,,,,,Y,N,NULL,NULL,NULL,N,NULL,NULL,NULL,NULL,NULL,NULL,0.436,NULL,NULL,NULL,NULL,,NULL,0,0,2,2,N,N,,NULL,98,9801,NULL,,Y,37.50632,-82.54477,N,NULL,NULL,NULL,NULL,NULL,NULL,NULL,NULL,1,97,2,6,1,1,2,2,1,3,N,NULL,Y,N,1419,1433,1433,N,NULL,90,,,N,,N,N,,NULL,NULL,2020,O,7.26E+11,098-CS-1215  -000,LOW,098-CS-1215  -000,0.436,0,0,0,0,0,0,1,0,0,0,0,0,0,1
1851,72409305,980100,2.02E+11,20190917,1009,,BYPASS,S,RD,KY1426,KY1426,0,098 KY-1426,KY1426,N,N,NULL,NULL,NULL,N,NULL,NULL,NULL,NULL,NULL,NULL,5.641,NULL,NULL,NULL,NULL,,NULL,1,0,2,2,N,N,55,NULL,98,9801,NULL,,Y,37.47261,-82.52368,N,NULL,NULL,NULL,NULL,NULL,NULL,NULL,NULL,5,3,2,6,1,1,2,2,1,3,Y,NULL,Y,Y,1009,1012,1052,N,NULL,49,,0,N,,N,N,098-KY-1426-0,NULL,NULL,2019,C,7.24E+11,098-KY-1426  -000,HIGH,098-KY-1426  -000,5.641,0,0,0,1,0,0,1,0,0,0,0,0,0,1
1852,72795959,980100,2.02E+11,20220820,1328,,CASSIDY,,BLVD,,,0,098 CS-1191,CS1191,Y,N,NULL,NULL,NULL,N,NULL,NULL,NULL,NULL,NULL,NULL,0.289,NULL,NULL,NULL,NULL,,NULL,0,0,2,2,N,N,,NULL,98,9801,NULL,,Y,37.50496,-82.5366,N,NULL,NULL,NULL,NULL,NULL,NULL,NULL,NULL,2,97,,6,1,1,3,2,5,3,N,NULL,Y,N,1328,1337,1337,N,NULL,90,,,N,,N,N,098-CS-1191-0,NULL,NULL,2022,O,7.28E+11,098-CS-1191  -000,HIGH,098-CS-1191  -000,0.289,0,0,1,0,0,0,1,0,0,0,0,0,0,1
1853,72866744,KSP0900,23-63347,20230218,1151,,US23,,,US0023,US0023,0,098 US-23-10,US0023,Y,N,NULL,NULL,NULL,N,NULL,NULL,NULL,NULL,NULL,NULL,28.923,NULL,NULL,NULL,NULL,,NULL,0,0,2,2,N,N,,NULL,98,9807,NULL,,Y,37.52288,-82.5712,N,NULL,NULL,NULL,NULL,NULL,NULL,NULL,NULL,2,97,4,6,1,1,2,2,1,3,N,NULL,N,N,1216,1232,1232,N,NULL,90,,1,N,,N,N,098-US-0023-10,NULL,NULL,2023,O,7.29E+11,098-US-0023  -010,HIGH,098-US-0023  -000,28.904,0,0,1,0,0,0,0,0,0,0,0,0,0,0
1854,72626786,980100,2.02E+11,20210520,1500,,US23,,,US0023,US0023,,,,N,N,NULL,NULL,NULL,N,NULL,NULL,NULL,NULL,NULL,NULL,25.096,NULL,NULL,NULL,NULL,,NULL,0,0,2,2,N,N,55,NULL,98,9801,NULL,,Y,37.48925,-82.53906,N,NULL,NULL,NULL,NULL,NULL,NULL,NULL,NULL,5,6,4,6,1,1,2,2,7,3,N,NULL,Y,N,1500,1505,1520,N,NULL,70,,1,N,,N,N,,NULL,NULL,2021,O,7.26E+11,098-US-0023  -000,MEDIUM,098-US-0023  -000,25.096,0,0,1,0,0,0,0,0,0,0,0,0,0,1
1855,72693246,980100,2.02E+11,20211105,1859,,HAMBLEY,,BLVD,,,0,098 CS-1222,CS1222,N,N,NULL,NULL,NULL,N,NULL,NULL,NULL,NULL,NULL,NULL,1.675,NULL,NULL,NULL,NULL,,NULL,0,0,1,1,N,N,45,NULL,98,9801,NULL,,Y,37.48196,-82.53267,N,NULL,NULL,NULL,NULL,NULL,NULL,NULL,NULL,9,3,2,6,1,1,2,5,6,3,N,NULL,Y,N,1859,1900,,N,NULL,38,,,N,,N,N,098-CS-1222-0,NULL,NULL,2021,O,7.27E+11,098-CS-1222  -000,HIGH,098-CS-1222  -000,1.675,0,0,0,0,0,0,0,0,0,0,0,0,0,1
1856,72542323,KSP0900,20-696837,20200913,1757,,KY632,,,KY0632,KY0632,0,098 KY-632,KY0632,N,N,NULL,NULL,NULL,N,NULL,NULL,NULL,NULL,NULL,NULL,0.399,NULL,NULL,NULL,NULL,,NULL,0,0,1,1,N,N,45,NULL,98,9817,NULL,,Y,37.4976,-82.34353,N,NULL,NULL,NULL,NULL,NULL,NULL,NULL,NULL,9,3,2,3,1,5,6,2,7,3,N,NULL,N,N,1757,1830,1830,N,NULL,44,6,0,N,,N,N,098-KY-0632-0,NULL,NULL,2020,O,7.25E+11,098-KY-0632  -000,HIGH,098-KY-0632  -000,0.399,0,0,1,0,0,0,0,0,0,0,0,1,0,0
1857,72467485,KSP0900,20-2542,20200119,2118,,US23,,,US0023,US0023,0,098 US-23-10,US0023,N,N,NULL,NULL,NULL,N,NULL,NULL,NULL,NULL,NULL,NULL,27.649,NULL,NULL,NULL,NULL,,NULL,1,0,2,2,N,N,55,NULL,98,9807,NULL,,Y,37.51207,-82.55345,N,NULL,NULL,NULL,NULL,NULL,NULL,NULL,NULL,5,3,4,6,1,1,2,5,7,3,N,NULL,Y,Y,2118,2121,2244,N,NULL,49,,1,N,,N,N,098-US-0023-10,NULL,NULL,2020,B,7.25E+11,098-US-0023  -010,HIGH,098-US-0023  -000,27.649,0,0,1,0,0,0,1,0,0,0,0,0,0,0
1858,72859992,KSP0900,23-32020,20230125,1534,,ROBINSON CREEK,,RD,KY0122,KY0122,0,098 KY-122,KY0122,N,N,NULL,NULL,NULL,N,NULL,NULL,NULL,NULL,NULL,NULL,6.554,NULL,NULL,NULL,NULL,,NULL,0,0,1,1,N,N,55,NULL,98,9823,NULL,,Y,37.36599,-82.58227,N,NULL,NULL,NULL,NULL,NULL,NULL,NULL,NULL,9,3,2,6,1,1,7,2,6,3,N,NULL,Y,N,1535,1613,,N,NULL,40,,0,N,,N,N,098-KY-0122-0,NULL,NULL,2023,O,7.29E+11,098-KY-0122  -000,HIGH,098-KY-0122  -000,6.561,0,0,0,0,0,0,0,0,0,0,0,1,0,0
1859,72692444,KSP0900,21-444178,20211029,2344,,KY194,,,KY0194,KY0194,0,098 KY-194,KY0194,N,N,NULL,NULL,NULL,N,NULL,NULL,NULL,NULL,NULL,NULL,23.236,NULL,NULL,NULL,NULL,,NULL,0,0,1,1,N,N,55,NULL,98,9817,NULL,,Y,37.53425,-82.37047,N,NULL,NULL,NULL,NULL,NULL,NULL,NULL,NULL,9,4,2,3,1,5,6,6,7,3,N,NULL,N,Y,2344,0,30,N,NULL,44,6,0,N,,N,N,098-KY-0194-0,NULL,NULL,2021,O,7.27E+11,098-KY-0194  -000,HIGH,098-KY-0194  -000,23.236,0,0,0,0,0,0,0,0,1,0,0,1,0,0
1860,72851662,980100,2.02E+11,20230107,1323,,US23,,,US0023,US0023,,,,N,N,NULL,NULL,NULL,N,NULL,NULL,NULL,NULL,NULL,NULL,31.577,NULL,NULL,NULL,NULL,,NULL,0,0,2,2,N,N,55,NULL,98,9801,NULL,,Y,37.53696,-82.60114,N,NULL,NULL,NULL,NULL,NULL,NULL,NULL,NULL,5,3,4,6,1,1,2,2,1,3,N,NULL,Y,N,1324,1332,1349,N,NULL,49,,1,N,,N,N,,NULL,NULL,2023,O,7.29E+11,098-US-0023  -000,MEDIUM,098-US-0023  -000,31.557,0,0,0,0,0,0,1,0,0,0,0,0,0,1
1861,72760592,980100,2.02E+11,20220507,1752,,CASSIDY,,BLVD,,,0,098 CS-1191,CS1191,Y,N,NULL,NULL,NULL,N,NULL,NULL,NULL,NULL,NULL,NULL,0.278,NULL,NULL,NULL,NULL,,NULL,0,0,2,2,N,N,,NULL,98,9801,NULL,,Y,37.50484,-82.5364,N,NULL,NULL,NULL,NULL,NULL,NULL,NULL,NULL,2,97,,6,1,1,2,2,1,3,N,NULL,Y,N,1752,1754,,N,NULL,90,,,N,,N,N,098-CS-1191-0,NULL,NULL,2022,O,7.28E+11,098-CS-1191  -000,HIGH,098-CS-1191  -000,0.278,0,0,1,0,0,0,0,0,0,0,0,0,0,1
1862,72633240,980100,2.02E+11,20210606,1208,,BYPASS,,RD,,,,,,Y,N,NULL,NULL,NULL,N,NULL,NULL,NULL,NULL,NULL,NULL,,NULL,NULL,NULL,NULL,,NULL,0,0,2,2,N,N,15,NULL,98,9801,NULL,,Y,37.47186,-82.52251,N,NULL,NULL,NULL,NULL,NULL,NULL,NULL,NULL,2,97,,6,1,1,2,2,1,3,N,NULL,Y,N,1209,1212,1212,N,NULL,90,,,N,,N,N,,NULL,NULL,2021,O,7.26E+11,098-CS-1223  -000,MEDIUM,098-CS-1223  -000,0.063,0,0,0,1,0,0,0,0,0,0,0,0,0,1
1863,72639673,KSP0900,21-259263,20210623,2240,,OWSLEY,,RD,KY1384,KY1384,0,098 KY-1384,KY1384,N,N,NULL,NULL,NULL,N,NULL,NULL,NULL,NULL,NULL,NULL,0.733,NULL,NULL,NULL,NULL,,NULL,0,0,1,1,N,N,35,NULL,98,9801,NULL,,Y,37.52408,-82.61411,N,NULL,NULL,NULL,NULL,NULL,NULL,NULL,NULL,9,3,2,3,1,1,2,7,6,3,N,NULL,Y,N,2202,2215,2215,N,NULL,70,,0,N,,N,N,098-KY-1384-0,NULL,NULL,2021,O,7.26E+11,098-KY-1384  -000,HIGH,098-KY-1384  -000,0.733,0,0,0,0,0,0,0,0,1,0,0,1,0,0