OBJECTID,MasterFile,AgencyORINumber,LocalCode,CollisionDate,CollisionTime,CollisionDayWeekCode,RoadwayName,RoadwayName_Direction_,RoadwayName_RoadwaySuffix_,RoadwayfromReport,CurrentRoadwayNumber,RoadwayNumberCoupletID,RSEUniqueGIS,RoadwayIdentifier,ParkingLotIndicator,IntersectionWith_Indicator_,IntersectionWith_NameRoadway_,IntersectionWith_Direction_,IntersectionWith_RoadwaySuffix_,BetweenStreets_Indicator_,BetweenStreets1_NameRoadway_,BetweenStreet1_Direction_,BetweenStreets1_RoadwaySuffix_,BetweenStreets2_NameRoadway_,BetweenStreets2_Direction_,BetweenStreets2_RoadwaySuffix_,Milepoint,ReportMilepointDeriveNumber,CurrentDerivedMiepointNumber,MilestoMilepoint,FeettoMilepoint,DirectionfromMilepoint_NSEW_,ValidMilepointIndicator,NumberInjured,NumberKilled,ofUnits,ofMotorVehicleUnits,Hit&RunIndicator,OneWayIndicator,SpeedLimitNumber,KilometersIndicator,CountyCode,CityCountyCode,MilesFromCity,DirectionFromCity_NSEW_,InCityLimitsIndicator,Latitude,Longitude,RampIndicator,RampFromIdentifier,RampFromDirCode,RampFromCoupletID,RSEUniqueGISRampFrom,RampToidentifier,RampToDirCode,RampToCoupletID,RSEUniqueGisRampTo,MannerofCollisionCode,LocationFirstEventCode,TotalLanes,RoadwayCharacterCode,RoadwaySurfaceCode,RoadwayConditionCode,WeatherCode,LightConditionCode,LandUseCode,SchoolBusRelatedCode,FirstAidSceneIndicator,CollDescPresentInd,InvestigationCompleteIndicator,PhotosTakenIndicator,TimeNotified,TimeArrived,TimeRoadwayOpened,PropertyDamageIndicator,DiagramPresentIndicator,DirectionalAnalysis,FunctionClassCode,NationalHwySysCode,EnforcementsIndicator,KARSCityCode,SecondaryCollisionIndicator,MedianCrossoverIndicator,RT_UNIQUE,MapIt,TimeLastLeft,YR,KABCO,MFNY,WorkingRID,RT_CONFIDENCE,KTC_RT,KTC_MP,Motorcyclist,Commercial Vehicle,Young Driver,Mature Driver,Pedestrian,Bicyclist,Distracted,Aggressive,Impaired,Unrestrained,Intersection,Roadway Departure,Median Cross-over,City Crash
1864,72834958,980100,2.02E+11,20221128,1734,,CASSIDY,,BLVD,,,0,098 CS-1191,CS1191,Y,N,NULL,NULL,NULL,N,NULL,NULL,NULL,NULL,NULL,NULL,0.227,NULL,NULL,NULL,NULL,,NULL,0,0,2,2,N,N,15,NULL,98,9801,NULL,,Y,37.50433,-82.53561,N,NULL,NULL,NULL,NULL,NULL,NULL,NULL,NULL,2,97,2,6,1,1,3,5,1,3,N,NULL,Y,N,1734,1742,1742,N,NULL,90,,,N,,N,N,098-CS-1191-0,NULL,NULL,2022,O,7.28E+11,098-CS-1191  -000,HIGH,098-CS-1191  -000,0.227,0,0,0,0,0,0,1,0,0,0,0,0,0,1
1865,72786462,980100,2.02E+11,20220710,1024,,HAMBLEY,,BLVD,,,0,098 CS-1222,CS1222,Y,N,NULL,NULL,NULL,N,NULL,NULL,NULL,NULL,NULL,NULL,0.352,NULL,NULL,NULL,NULL,,NULL,0,0,2,2,Y,N,,NULL,98,9801,NULL,,Y,37.47675,-82.52206,N,NULL,NULL,NULL,NULL,NULL,NULL,NULL,NULL,8,97,,6,1,1,2,2,1,3,N,NULL,Y,N,1024,1029,,N,NULL,90,,,N,,N,N,098-CS-1222-0,NULL,NULL,2022,O,7.28E+11,098-CS-1222  -000,HIGH,098-CS-1222  -000,0.352,0,0,0,0,0,0,0,0,0,0,0,0,0,1
1866,72646365,KSP0900,21-285513,20210710,1646,,KY195,,,KY0195,KY0195,0,098 KY-195,KY0195,N,N,NULL,NULL,NULL,N,NULL,NULL,NULL,NULL,NULL,NULL,11.556,NULL,NULL,NULL,NULL,,NULL,0,0,2,2,N,N,55,NULL,98,9830,NULL,,Y,37.36805,-82.41274,N,NULL,NULL,NULL,NULL,NULL,NULL,NULL,NULL,7,3,2,6,1,5,6,2,7,3,N,NULL,N,N,1646,1646,1520,N,NULL,54,7,0,N,,N,N,098-KY-0195-0,NULL,NULL,2021,O,7.26E+11,098-KY-0195  -000,HIGH,098-KY-0195  -000,11.556,0,0,0,0,0,0,0,0,0,0,0,1,0,0
1867,72739364,KSP0900,2022-88440,20220310,2057,,DUDLEY,,DR,,,0,098 CR-1407-30,CR1407,N,N,NULL,NULL,NULL,N,NULL,NULL,NULL,NULL,NULL,NULL,0.002,NULL,NULL,NULL,NULL,,NULL,0,0,2,2,N,N,5,NULL,98,9801,NULL,,Y,37.5374,-82.60646,N,NULL,NULL,NULL,NULL,NULL,NULL,NULL,NULL,2,97,1,6,1,1,2,5,7,3,N,NULL,Y,N,2057,4,4,N,NULL,47,,,N,,N,N,098-CR-1407-30,NULL,NULL,2022,O,7.27E+11,098-CR-1407  -030,HIGH,098-CR-1407  -030,0.002,0,0,0,0,0,0,0,0,0,0,0,0,0,1
1868,72659574,980100,2.02E+11,20210803,1837,,CASSIDY,,BLVD,,,0,098 CS-1191,CS1191,Y,N,NULL,NULL,NULL,N,NULL,NULL,NULL,NULL,NULL,NULL,0.043,NULL,NULL,NULL,NULL,,NULL,0,0,2,2,N,N,,NULL,98,9801,NULL,,Y,37.5037,-82.53286,N,NULL,NULL,NULL,NULL,NULL,NULL,NULL,NULL,8,97,,6,1,1,3,2,1,3,N,NULL,Y,N,1847,1849,,N,NULL,90,,,N,,N,N,098-CS-1191-0,NULL,NULL,2021,O,7.27E+11,098-CS-1191  -000,HIGH,098-CS-1191  -000,0.043,0,0,0,0,0,0,0,0,0,0,0,0,0,1
1869,72533713,KSP0900,20-650840,20200815,1250,,KY292,,,KY0292,KY0292,0,098 KY-292,KY0292,N,N,NULL,NULL,NULL,N,NULL,NULL,NULL,NULL,NULL,NULL,3.654,NULL,NULL,NULL,NULL,,NULL,1,0,1,1,N,N,45,NULL,98,9869,NULL,,Y,37.657,-82.25055,N,NULL,NULL,NULL,NULL,NULL,NULL,NULL,NULL,9,5,2,6,1,5,2,2,7,3,N,NULL,Y,Y,1250,1309,1410,N,NULL,44,8,0,N,,N,N,098-KY-0292-0,NULL,NULL,2020,B,7.25E+11,098-KY-0292  -000,HIGH,098-KY-0292  -000,3.654,0,0,0,0,0,0,0,0,0,0,0,1,0,0
1870,72643090,980100,2.02E+11,20210702,1412,,ADAMS,,LN,,,0,098 CS-1182,CS1182,Y,N,NULL,NULL,NULL,N,NULL,NULL,NULL,NULL,NULL,NULL,0.178,NULL,NULL,NULL,NULL,,NULL,0,0,2,2,N,N,,NULL,98,9801,NULL,,Y,37.48477,-82.54536,N,NULL,NULL,NULL,NULL,NULL,NULL,NULL,NULL,2,97,1,6,1,1,2,2,1,3,N,NULL,Y,N,1312,1418,1418,N,NULL,90,,,N,,N,N,098-CS-1182-0,NULL,NULL,2021,O,7.26E+11,098-CS-1182  -000,HIGH,098-CS-1182  -000,0.178,0,0,0,0,0,0,1,0,0,0,0,0,0,1
1871,72644116,KSP0900,21-278051,20210705,2100,,KY122,,,KY0122,KY0122,0,098 KY-122,KY0122,N,N,NULL,NULL,NULL,N,NULL,NULL,NULL,NULL,NULL,NULL,10.221,NULL,NULL,NULL,NULL,,NULL,0,0,1,1,N,N,45,NULL,98,9824,NULL,,Y,37.3863,-82.54629,N,NULL,NULL,NULL,NULL,NULL,NULL,NULL,NULL,9,3,2,6,1,1,2,3,7,3,N,NULL,N,N,2100,2100,2100,N,NULL,38,,0,N,,N,N,098-KY-0122-0,NULL,NULL,2021,O,7.26E+11,098-KY-0122  -000,HIGH,098-KY-0122  -000,10.221,0,0,0,0,0,0,0,0,0,0,0,0,0,0
1872,72616348,980100,2.02E+11,20210406,1642,,2ND,,ST,,,,,,N,N,NULL,NULL,NULL,N,NULL,NULL,NULL,NULL,NULL,NULL,0.406,NULL,NULL,NULL,NULL,,NULL,0,0,2,2,N,Y,25,NULL,98,9801,NULL,,Y,37.4784,-82.51924,N,NULL,NULL,NULL,NULL,NULL,NULL,NULL,NULL,2,3,1,6,1,1,2,2,1,3,N,NULL,Y,N,1642,1645,1645,N,NULL,56,,,N,,N,N,,NULL,NULL,2021,O,7.26E+11,098-CS-1117  -000,LOW,098-CS-1117  -000,0.406,0,0,0,1,0,0,1,0,0,0,0,0,0,0
1873,72789205,KSP0900,22-268917,20220715,1335,,POUNDING MILL,,RD,,,0,098 CR-1526,CR1526,N,N,NULL,NULL,NULL,N,NULL,NULL,NULL,NULL,NULL,NULL,0.088,NULL,NULL,NULL,NULL,,NULL,0,0,2,2,N,N,35,NULL,98,9811,NULL,,Y,37.56453,-82.1468,N,NULL,NULL,NULL,NULL,NULL,NULL,NULL,NULL,2,3,1,1,1,1,2,2,7,3,N,NULL,N,N,1335,1355,1410,N,NULL,56,,,N,,N,N,098-CR-1526-0,NULL,NULL,2022,O,7.28E+11,098-CR-1526  -000,HIGH,098-CR-1526  -000,0.088,0,0,0,1,0,0,1,0,0,0,0,0,0,0
1874,72632593,980100,2.02E+11,20210603,1116,,US23,,,US0023,US0023,0,098 US-23,US0023,N,N,NULL,NULL,NULL,N,NULL,NULL,NULL,NULL,NULL,NULL,27.309,NULL,NULL,NULL,NULL,,NULL,0,0,2,2,N,N,55,NULL,98,9801,NULL,,Y,37.51066,-82.54743,N,NULL,NULL,NULL,NULL,NULL,NULL,NULL,NULL,5,3,4,6,1,5,6,2,6,3,N,NULL,Y,N,1116,1121,1158,N,NULL,70,,1,N,,N,N,098-US-0023-0,NULL,NULL,2021,O,7.26E+11,098-US-0023  -000,HIGH,098-US-0023  -000,27.309,0,0,0,0,0,0,1,1,0,0,0,0,0,1
1875,72481367,KSP0900,20-7624,20200227,924,,PENNY,,ST,,,0,098 CR-1772,CR1772,N,N,NULL,NULL,NULL,N,NULL,NULL,NULL,NULL,NULL,NULL,0.094,NULL,NULL,NULL,NULL,,NULL,1,0,1,1,N,N,35,NULL,98,9827,NULL,,Y,37.35905,-82.56023,N,NULL,NULL,NULL,NULL,NULL,NULL,NULL,NULL,9,4,2,4,1,5,3,2,7,3,Y,NULL,Y,N,924,931,1045,N,NULL,44,,,N,,N,N,098-CR-1772-0,NULL,NULL,2020,C,7.25E+11,098-CR-1772  -000,HIGH,098-CR-1772  -000,0.094,0,0,0,0,0,0,1,0,0,0,0,1,0,0
1876,72749417,KSP0900,22-115024,20220330,1611,,RIGHT FORK OF BRUSHY,,RD,,,0,098 CR-1360Q4,CR1360Q4,N,N,NULL,NULL,NULL,N,NULL,NULL,NULL,NULL,NULL,NULL,5.491,NULL,NULL,NULL,NULL,,NULL,1,0,1,1,N,N,20,NULL,98,9887,NULL,,Y,37.60548,-82.44696,N,NULL,NULL,NULL,NULL,NULL,NULL,NULL,NULL,9,3,2,5,1,1,2,2,7,3,Y,NULL,Y,Y,1611,1736,1757,N,NULL,40,,,N,,N,N,098-CR-1360Q4-0,NULL,NULL,2022,C,7.27E+11,098-CR-1360Q4-000,MEDIUM,098-CR-1360Q4-000,5.491,0,0,0,0,0,0,0,0,0,0,0,1,0,0
1877,72513564,980100,2.02E+11,20200620,812,,CEDAR HILLS,,RD,KY1426,KY1426,0,098 KY-1426,KY1426,N,N,NULL,NULL,NULL,N,NULL,NULL,NULL,NULL,NULL,NULL,4.151,NULL,NULL,NULL,NULL,,NULL,0,0,1,1,N,N,35,NULL,98,9801,NULL,,Y,37.45645,-82.52987,N,NULL,NULL,NULL,NULL,NULL,NULL,NULL,NULL,9,3,2,6,1,1,3,2,7,3,N,NULL,Y,N,813,813,813,N,NULL,38,8,0,N,,N,N,098-KY-1426-0,NULL,NULL,2020,O,7.25E+11,098-KY-1426  -000,HIGH,098-KY-1426  -000,4.151,0,0,0,0,0,0,0,0,0,0,0,0,0,1
1878,72807471,980100,2.02E+11,20220907,1555,,BYPASS,S,RD,KY1426,KY1426,0,098 KY-1426,KY1426,Y,N,NULL,NULL,NULL,N,NULL,NULL,NULL,NULL,NULL,NULL,6.142,NULL,NULL,NULL,NULL,,NULL,0,0,2,2,N,N,15,NULL,98,9801,NULL,,Y,37.47914,-82.51525,N,NULL,NULL,NULL,NULL,NULL,NULL,NULL,NULL,2,97,2,6,1,1,2,2,1,3,N,NULL,Y,N,1555,1500,,N,NULL,90,,0,N,,N,N,098-KY-1426-0,NULL,NULL,2022,O,7.28E+11,098-KY-1426  -000,HIGH,098-KY-1426  -000,6.142,0,0,0,1,0,0,1,0,0,0,0,0,0,1
1879,72640796,KSP0900,21-262625,20210626,129,,US23,,,US0023,US0023,0,098 US-23-10,US0023,N,N,NULL,NULL,NULL,N,NULL,NULL,NULL,NULL,NULL,NULL,28.013,NULL,NULL,NULL,NULL,,NULL,0,0,1,1,N,N,55,NULL,98,9807,NULL,,Y,37.51479,-82.55874,N,NULL,NULL,NULL,NULL,NULL,NULL,NULL,NULL,9,6,4,4,1,1,2,5,7,3,N,NULL,N,N,120,129,130,N,NULL,40,,1,N,,N,N,098-US-0023-10,NULL,NULL,2021,O,7.26E+11,098-US-0023  -010,HIGH,098-US-0023  -000,28.013,0,0,0,0,0,0,0,0,0,0,0,1,0,0
1880,72667024,KSP0900,21-368544,20210904,1654,,FERRELLS CREEK,,RD,US0460,US0460,0,098 US-460,US0460,N,N,NULL,NULL,NULL,N,NULL,NULL,NULL,NULL,NULL,NULL,20.172,NULL,NULL,NULL,NULL,,NULL,0,0,1,1,N,N,55,NULL,98,9847,NULL,,Y,37.37536,-82.29153,N,NULL,NULL,NULL,NULL,NULL,NULL,NULL,NULL,9,3,2,5,1,1,2,2,7,3,N,NULL,Y,N,1737,1750,1737,N,NULL,38,,1,N,,N,N,098-US-0460-0,NULL,NULL,2021,O,7.27E+11,098-US-0460  -000,HIGH,098-US-0460  -000,20.172,0,0,0,0,0,0,0,0,0,0,0,0,0,0
1881,72631811,980100,2.02E+11,20210602,1212,,HUFFMAN,,AVE,,,0,098 CS-1123,CS1123,N,N,NULL,NULL,NULL,N,NULL,NULL,NULL,NULL,NULL,NULL,0.055,NULL,NULL,NULL,NULL,,NULL,0,0,2,2,N,N,15,NULL,98,9801,NULL,,Y,37.47731,-82.51792,N,NULL,NULL,NULL,NULL,NULL,NULL,NULL,NULL,8,3,3,6,1,1,2,2,7,3,N,NULL,Y,N,1212,1215,1215,N,NULL,47,,,N,,N,N,098-CS-1123-0,NULL,NULL,2021,O,7.26E+11,098-CS-1123  -000,HIGH,098-CS-1123  -000,0.055,0,0,0,0,0,0,0,0,0,0,0,0,0,1
1882,72849140,KSP0900,22-472352,20221211,900,,KY1056,,,KY1056,KY1056,0,098 KY-1056,KY1056,N,N,NULL,NULL,NULL,N,NULL,NULL,NULL,NULL,NULL,NULL,5.639,NULL,NULL,NULL,NULL,,NULL,2,1,1,1,N,N,55,NULL,98,9879,NULL,,Y,37.56182,-82.19262,N,NULL,NULL,NULL,NULL,NULL,NULL,NULL,NULL,9,3,2,6,1,1,2,2,7,3,Y,NULL,Y,Y,733,746,746,N,NULL,40,7,0,N,,N,N,098-KY-1056-0,NULL,NULL,2022,K,7.28E+11,098-KY-1056  -000,HIGH,098-KY-1056  -000,5.639,0,0,0,0,0,0,1,0,1,1,0,1,0,0
1883,72723900,980000,21-12-005,20211229,1930,,KY1469 TURN LANE,,,KY1469,KY1469,0,098 KY-1469-22,KY1469,N,N,NULL,NULL,NULL,N,NULL,NULL,NULL,NULL,NULL,NULL,0.019,NULL,NULL,NULL,NULL,,NULL,0,0,2,2,N,N,55,NULL,98,9827,NULL,,Y,37.33841,-82.58694,N,NULL,NULL,NULL,NULL,NULL,NULL,NULL,NULL,5,3,2,1,1,5,6,6,7,3,N,NULL,Y,Y,2005,2005,2010,N,NULL,49,8,0,N,,N,N,098-KY-1469-22,NULL,NULL,2021,O,7.27E+11,098-KY-1469  -022,HIGH,098-KY-1469  -022,0.019,0,0,0,1,0,0,0,0,0,0,0,0,0,0
1884,72781659,980500,2022AR034,20220711,820,,US23,,,US0023,US0023,0,098 US-23-10,US0023,N,N,NULL,NULL,NULL,N,NULL,NULL,NULL,NULL,NULL,NULL,29.618,NULL,NULL,NULL,NULL,,NULL,0,0,1,1,N,N,55,NULL,98,9801,0.1,N,N,37.53173,-82.57721,N,NULL,NULL,NULL,NULL,NULL,NULL,NULL,NULL,9,3,5,6,1,1,2,2,1,3,N,NULL,Y,Y,820,823,840,N,NULL,38,,1,N,,N,N,098-US-0023-10,NULL,NULL,2022,O,7.28E+11,098-US-0023  -010,HIGH,098-US-0023  -000,29.618,0,0,0,0,0,0,0,0,0,0,0,0,0,1
1885,72750635,980100,2.02E+11,20220305,2137,,,,,US0023,US0023,,,,N,N,NULL,NULL,NULL,N,NULL,NULL,NULL,NULL,NULL,NULL,0.117,NULL,NULL,NULL,NULL,NULL,NULL,0,1,2,1,Y,N,55,NULL,98,9801,NULL,,Y,37.4854,-82.54233,Y,KY1460,N,NULL,098 US-23-321,US0023,N,NULL,098 US-23-321,9,6,4,6,1,1,2,6,7,3,Y,NULL,Y,Y,2137,2143,137,N,NULL,85,,1,N,,N,N,,NULL,NULL,2022,K,7.28E+11,098-US-0023  -321,HIGH,098-US-0023  -321,0.117,0,0,0,0,1,0,1,0,1,0,0,1,0,1
1886,72476828,980100,2.02E+11,20200215,1637,,BYPASS,N,RD,KY1460,KY1460,0,098 KY-1460,KY1460,N,N,NULL,NULL,NULL,N,NULL,NULL,NULL,NULL,NULL,NULL,5.938,NULL,NULL,NULL,NULL,,NULL,0,0,2,2,N,N,45,NULL,98,9801,NULL,,Y,37.48735,-82.527,N,NULL,NULL,NULL,NULL,NULL,NULL,NULL,NULL,7,3,2,6,1,1,2,2,1,3,N,NULL,Y,N,1638,1641,1657,N,NULL,54,16,0,N,,N,N,098-KY-1460-0,NULL,NULL,2020,O,7.25E+11,098-KY-1460  -000,HIGH,098-KY-1460  -000,5.938,0,0,0,1,0,0,0,0,0,0,0,1,0,1
1887,72488328,KSP0900,20-9970,20200316,1130,,KY194,,,KY0194,KY0194,0,098 KY-194,KY0194,N,N,NULL,NULL,NULL,N,NULL,NULL,NULL,NULL,NULL,NULL,60.557,NULL,NULL,NULL,NULL,,NULL,0,0,2,2,N,N,35,NULL,98,9811,NULL,,Y,37.56488,-82.14326,N,NULL,NULL,NULL,NULL,NULL,NULL,NULL,NULL,2,3,2,6,1,1,3,2,7,3,N,NULL,Y,N,1130,1135,1140,N,NULL,56,7,0,N,,N,N,098-KY-0194-0,NULL,NULL,2020,O,7.25E+11,098-KY-0194  -000,HIGH,098-KY-0194  -000,60.557,0,0,0,0,0,0,0,0,0,0,0,0,0,0
1888,72415432,980100,2.02E+11,20191002,1502,,HAROLDS BRANCH,,RD,,,0,098 CS-1223,CS1223,N,N,NULL,NULL,NULL,N,NULL,NULL,NULL,NULL,NULL,NULL,0.045,NULL,NULL,NULL,NULL,,NULL,0,0,2,2,N,N,15,NULL,98,9801,NULL,,Y,37.47225,-82.52233,N,NULL,NULL,NULL,NULL,NULL,NULL,NULL,NULL,5,3,2,3,2,1,2,2,7,3,N,NULL,Y,N,1502,1508,1525,N,NULL,49,,,N,,N,N,098-CS-1223-0,NULL,NULL,2019,O,7.24E+11,098-CS-1223  -000,HIGH,098-CS-1223  -000,0.045,0,0,1,0,0,0,1,0,0,0,0,0,0,1
1889,72559077,KSP0900,20-759095,20201026,2023,,COLLINS,,HWY,KY0122,KY0122,0,098 KY-122,KY0122,Y,N,NULL,NULL,NULL,N,NULL,NULL,NULL,NULL,NULL,NULL,10.703,NULL,NULL,NULL,NULL,,NULL,0,0,2,2,N,N,45,NULL,98,9801,NULL,,Y,37.38722,-82.53826,N,NULL,NULL,NULL,NULL,NULL,NULL,NULL,NULL,2,97,2,6,1,1,2,7,1,3,N,NULL,Y,N,2023,2056,,N,NULL,90,,0,N,,N,N,098-KY-0122-0,NULL,NULL,2020,O,7.26E+11,098-KY-0122  -000,HIGH,098-KY-0122  -000,10.703,0,0,0,0,0,0,1,0,0,0,0,0,0,0
1890,72532985,980100,2.02E+12,20200818,1649,,US23,,,US0023,US0023,,,,N,N,NULL,NULL,NULL,N,NULL,NULL,NULL,NULL,NULL,NULL,25.715,NULL,NULL,NULL,NULL,,NULL,0,0,1,1,N,N,55,NULL,98,9801,NULL,,Y,37.4956,-82.53121,N,NULL,NULL,NULL,NULL,NULL,NULL,NULL,NULL,9,3,4,6,1,1,2,2,1,3,N,NULL,Y,N,1649,1654,1654,N,NULL,41,,1,N,,N,N,,NULL,NULL,2020,O,7.25E+11,098-US-0023  -000,MEDIUM,098-US-0023  -000,25.715,0,0,0,0,0,0,0,0,0,0,0,1,0,1
1891,72842506,KSP0900,22-474913,20221213,833,,ABNER MOUNTAIN,,RD,KY0122,KY0122,,,,N,N,NULL,NULL,NULL,N,NULL,NULL,NULL,NULL,NULL,NULL,0.506,NULL,NULL,NULL,NULL,,NULL,0,0,2,2,N,N,15,NULL,98,9827,NULL,,Y,37.3466,-82.64979,N,NULL,NULL,NULL,NULL,NULL,NULL,NULL,NULL,8,3,2,1,1,1,2,2,7,3,N,NULL,Y,N,842,931,1017,N,NULL,53,,0,N,,N,N,,NULL,NULL,2022,O,7.28E+11,098-KY-0122  -000,MEDIUM,098-KY-0122  -000,0.506,0,1,0,0,0,0,1,0,0,0,0,1,0,0
1892,72462719,KSP0900,19-48389,20191211,615,,KY3418,,,KY3418,KY3418,0,098 KY-3418,KY3418,N,N,NULL,NULL,NULL,N,NULL,NULL,NULL,NULL,NULL,NULL,5.088,NULL,NULL,NULL,NULL,,NULL,1,1,1,1,N,N,55,NULL,98,9850,NULL,,Y,37.45865,-82.39246,N,NULL,NULL,NULL,NULL,NULL,NULL,NULL,NULL,9,6,2,4,1,2,3,6,7,3,Y,NULL,Y,Y,617,739,830,N,NULL,40,9,0,N,,N,N,098-KY-3418-0,NULL,NULL,2019,K,7.25E+11,098-KY-3418  -000,HIGH,098-KY-3418  -000,5.088,0,0,0,0,0,0,0,0,0,0,0,1,0,0
1893,72753219,980100,2.02E+11,20220418,1058,,BYPASS,,RD,,,0,098 CS-1223,CS1223,Y,N,NULL,NULL,NULL,N,NULL,NULL,NULL,NULL,NULL,NULL,,NULL,NULL,NULL,NULL,NULL,NULL,0,0,2,2,N,N,,NULL,98,9801,NULL,,Y,37.47128,-82.52117,N,NULL,NULL,NULL,NULL,NULL,NULL,NULL,NULL,1,97,1,6,2,1,3,2,1,3,N,NULL,Y,N,1058,1058,1058,N,NULL,90,,,N,,N,N,098-CS-1223-0,NULL,NULL,2022,O,7.28E+11,098-CS-1223  -000,HIGH,098-CS-1223  -000,0.136,0,0,0,1,0,0,0,0,0,0,0,0,0,1
1894,72769945,KSP0900,22-191354,20220523,1801,,MOTLEY,,RD,,,0,098 CR-1163,CR1163,N,N,NULL,NULL,NULL,N,NULL,NULL,NULL,NULL,NULL,NULL,0.64,NULL,NULL,NULL,NULL,,NULL,0,0,2,2,N,Y,15,NULL,98,9839,NULL,,Y,37.40164,-82.2221,N,NULL,NULL,NULL,NULL,NULL,NULL,NULL,NULL,7,3,1,6,1,5,6,2,7,3,N,NULL,Y,N,1836,1920,,N,NULL,54,,,Y,,N,N,098-CR-1163-0,NULL,NULL,2022,O,7.28E+11,098-CR-1163  -000,HIGH,098-CR-1163  -000,0.64,0,0,1,0,0,0,1,0,0,1,0,1,0,0
1895,72807474,980100,2.02E+11,20220829,1107,,HAMBLEY,,BLVD,,,0,098 CS-1222,CS1222,Y,N,NULL,NULL,NULL,N,NULL,NULL,NULL,NULL,NULL,NULL,0.29,NULL,NULL,NULL,NULL,,NULL,0,0,2,2,N,N,15,NULL,98,9801,NULL,,Y,37.47606,-82.52277,N,NULL,NULL,NULL,NULL,NULL,NULL,NULL,NULL,8,97,2,6,1,1,2,2,1,3,N,NULL,Y,N,1107,1119,,N,NULL,90,,,N,,N,N,098-CS-1222-0,NULL,NULL,2022,O,7.28E+11,098-CS-1222  -000,HIGH,098-CS-1222  -000,0.29,0,0,1,0,0,0,1,0,0,0,0,0,0,1
1896,72502695,980500,2020AR026,20200515,1245,,CHURCH,,ST,,,0,098 CS-3002,CS3002,Y,N,NULL,NULL,NULL,N,NULL,NULL,NULL,NULL,NULL,NULL,0.177,NULL,NULL,NULL,NULL,,NULL,0,0,2,2,N,N,15,NULL,98,9807,NULL,,Y,37.51765,-82.56619,N,NULL,NULL,NULL,NULL,NULL,NULL,NULL,NULL,5,97,1,6,1,1,2,2,1,3,N,NULL,Y,N,1235,1245,,N,NULL,90,,,N,,N,N,098-CS-3002-0,NULL,NULL,2020,O,7.25E+11,098-CS-3002  -000,HIGH,098-CS-3002  -000,0.177,0,0,0,1,0,0,1,0,0,0,0,0,0,0
1897,72559132,980100,2.02E+11,20201030,1425,,CASSIDY,,BLVD,,,,,,Y,N,NULL,NULL,NULL,N,NULL,NULL,NULL,NULL,NULL,NULL,0.324,NULL,NULL,NULL,NULL,,NULL,0,0,2,2,N,N,,NULL,98,9801,NULL,,Y,37.50524,-82.53734,N,NULL,NULL,NULL,NULL,NULL,NULL,NULL,NULL,2,97,,6,1,1,2,2,1,3,N,NULL,Y,N,1426,1447,1447,N,NULL,90,,,Y,,N,N,,NULL,NULL,2020,O,7.26E+11,098-CS-1191  -000,MEDIUM,098-CS-1191  -000,0.324,0,0,0,0,0,0,1,0,0,0,0,0,0,1
1898,72770533,980100,2.02E+11,20220608,1004,,HAROLDS BRANCH,,RD,,,0,098 CS-1223,CS1223,N,N,NULL,NULL,NULL,N,NULL,NULL,NULL,NULL,NULL,NULL,0.128,NULL,NULL,NULL,NULL,,NULL,0,0,1,1,N,N,25,NULL,98,9801,NULL,,Y,37.47148,-82.52116,N,NULL,NULL,NULL,NULL,NULL,NULL,NULL,NULL,9,3,1,6,1,1,2,2,7,3,N,NULL,Y,N,1004,1008,1008,N,NULL,40,,,N,,N,N,098-CS-1223-0,NULL,NULL,2022,O,7.28E+11,098-CS-1223  -000,HIGH,098-CS-1223  -000,0.128,0,0,1,0,0,0,0,0,0,0,0,1,0,1
1899,72794826,980100,2.02E+11,20220811,832,,US23,,,US0023,US0023,0,098 US-23-10,US0023,N,N,NULL,NULL,NULL,N,NULL,NULL,NULL,NULL,NULL,NULL,26.835,NULL,NULL,NULL,NULL,,NULL,0,0,2,2,N,N,45,NULL,98,9801,NULL,,Y,37.50933,-82.53844,N,NULL,NULL,NULL,NULL,NULL,NULL,NULL,NULL,5,3,4,6,1,5,3,2,7,3,N,NULL,Y,N,833,841,,N,NULL,70,,1,N,,N,N,098-US-0023-10,NULL,NULL,2022,O,7.28E+11,098-US-0023  -010,HIGH,098-US-0023  -000,26.835,0,0,0,1,0,0,1,0,0,0,0,0,0,1
1900,72502348,370200,2020-17819,20200513,1015,,RIDGE LINE,,RD,KY3418,KY3418,,,,N,N,NULL,NULL,NULL,N,NULL,NULL,NULL,NULL,NULL,NULL,8.38,NULL,NULL,NULL,NULL,,NULL,0,0,2,2,N,N,35,NULL,98,9850,NULL,,Y,37.47199,-82.40942,N,NULL,NULL,NULL,NULL,NULL,NULL,NULL,NULL,7,3,1,1,1,5,3,2,6,3,N,NULL,Y,N,1000,1015,1101,N,NULL,54,9,0,N,,N,N,,NULL,NULL,2020,O,7.25E+11,098-KY-3418  -000,HIGH,098-KY-3418  -000,8.38,0,0,0,0,0,0,1,1,0,0,0,1,0,0