OBJECTID,MasterFile,AgencyORINumber,LocalCode,CollisionDate,CollisionTime,CollisionDayWeekCode,RoadwayName,RoadwayName_Direction_,RoadwayName_RoadwaySuffix_,RoadwayfromReport,CurrentRoadwayNumber,RoadwayNumberCoupletID,RSEUniqueGIS,RoadwayIdentifier,ParkingLotIndicator,IntersectionWith_Indicator_,IntersectionWith_NameRoadway_,IntersectionWith_Direction_,IntersectionWith_RoadwaySuffix_,BetweenStreets_Indicator_,BetweenStreets1_NameRoadway_,BetweenStreet1_Direction_,BetweenStreets1_RoadwaySuffix_,BetweenStreets2_NameRoadway_,BetweenStreets2_Direction_,BetweenStreets2_RoadwaySuffix_,Milepoint,ReportMilepointDeriveNumber,CurrentDerivedMiepointNumber,MilestoMilepoint,FeettoMilepoint,DirectionfromMilepoint_NSEW_,ValidMilepointIndicator,NumberInjured,NumberKilled,ofUnits,ofMotorVehicleUnits,Hit&RunIndicator,OneWayIndicator,SpeedLimitNumber,KilometersIndicator,CountyCode,CityCountyCode,MilesFromCity,DirectionFromCity_NSEW_,InCityLimitsIndicator,Latitude,Longitude,RampIndicator,RampFromIdentifier,RampFromDirCode,RampFromCoupletID,RSEUniqueGISRampFrom,RampToidentifier,RampToDirCode,RampToCoupletID,RSEUniqueGisRampTo,MannerofCollisionCode,LocationFirstEventCode,TotalLanes,RoadwayCharacterCode,RoadwaySurfaceCode,RoadwayConditionCode,WeatherCode,LightConditionCode,LandUseCode,SchoolBusRelatedCode,FirstAidSceneIndicator,CollDescPresentInd,InvestigationCompleteIndicator,PhotosTakenIndicator,TimeNotified,TimeArrived,TimeRoadwayOpened,PropertyDamageIndicator,DiagramPresentIndicator,DirectionalAnalysis,FunctionClassCode,NationalHwySysCode,EnforcementsIndicator,KARSCityCode,SecondaryCollisionIndicator,MedianCrossoverIndicator,RT_UNIQUE,MapIt,TimeLastLeft,YR,KABCO,MFNY,WorkingRID,RT_CONFIDENCE,KTC_RT,KTC_MP,Motorcyclist,Commercial Vehicle,Young Driver,Mature Driver,Pedestrian,Bicyclist,Distracted,Aggressive,Impaired,Unrestrained,Intersection,Roadway Departure,Median Cross-over,City Crash
1901,72766309,980100,2.02E+11,20220527,1103,,HAROLDS BRANCH,,RD,,,0,098 CS-1223,CS1223,Y,N,NULL,NULL,NULL,N,NULL,NULL,NULL,NULL,NULL,NULL,0.006,NULL,NULL,NULL,NULL,,NULL,0,0,2,2,N,N,,NULL,98,9801,NULL,,Y,37.47274,-82.52265,N,NULL,NULL,NULL,NULL,NULL,NULL,NULL,NULL,1,97,,5,1,1,3,2,1,3,N,NULL,Y,N,1103,1107,1107,N,NULL,90,,,N,,N,N,098-CS-1223-0,NULL,NULL,2022,O,7.28E+11,098-CS-1223  -000,HIGH,098-CS-1223  -000,0.006,0,0,0,1,0,0,1,0,0,0,0,0,0,1
1902,72816908,KSP0900,22-397527,20221015,316,,SMITH FORK,,RD,KY3419,KY3419,0,098 KY-3419,KY3419,N,N,NULL,NULL,NULL,N,NULL,NULL,NULL,NULL,NULL,NULL,1.876,NULL,NULL,NULL,NULL,,NULL,0,0,1,1,N,N,55,NULL,98,9804,NULL,,Y,37.45741,-82.18574,N,NULL,NULL,NULL,NULL,NULL,NULL,NULL,NULL,9,3,2,1,1,1,2,6,7,3,N,NULL,Y,N,357,505,630,Y,NULL,40,9,0,N,,N,N,098-KY-3419-0,NULL,NULL,2022,O,7.28E+11,098-KY-3419  -000,HIGH,098-KY-3419  -000,1.876,0,1,0,0,0,0,0,0,0,0,0,1,0,0
1903,72713834,980100,2.02E+11,20211222,2000,,THOMPSON,,RD,,,,,,Y,N,NULL,NULL,NULL,N,NULL,NULL,NULL,NULL,NULL,NULL,0.477,NULL,NULL,NULL,NULL,,NULL,0,0,2,2,N,N,,NULL,98,9801,NULL,,Y,37.50619,-82.54404,N,NULL,NULL,NULL,NULL,NULL,NULL,NULL,NULL,7,97,,6,1,1,2,8,1,3,N,NULL,Y,N,2000,2004,2017,N,NULL,90,,,N,,N,N,,NULL,NULL,2021,O,7.27E+11,098-CS-1215  -000,MEDIUM,098-CS-1215  -000,0.477,0,0,1,0,0,0,0,0,0,0,0,0,0,1
1904,72629858,KSP0900,21-215869,20210527,1207,,COLLINS,,HWY,KY0122,KY0122,0,098 KY-122,KY0122,N,N,NULL,NULL,NULL,N,NULL,NULL,NULL,NULL,NULL,NULL,12.846,NULL,NULL,NULL,NULL,,NULL,0,0,2,2,N,N,55,NULL,98,9801,6,S,N,37.40308,-82.51728,N,NULL,NULL,NULL,NULL,NULL,NULL,NULL,NULL,1,3,2,6,1,1,2,2,6,3,N,NULL,Y,N,1207,1212,1212,N,NULL,55,,0,N,,N,N,098-KY-0122-0,NULL,NULL,2021,O,7.26E+11,098-KY-0122  -000,HIGH,098-KY-0122  -000,12.846,0,0,0,1,0,0,0,0,0,0,0,0,0,0
1905,72792289,370200,2022-288062,20220728,1025,,ABNER MOUNTAIN,,RD,KY0122,KY0122,0,098 KY-122,KY0122,N,N,NULL,NULL,NULL,N,NULL,NULL,NULL,NULL,NULL,NULL,0.73,NULL,NULL,NULL,NULL,,NULL,0,0,1,1,N,N,55,NULL,98,9816,NULL,,Y,37.34405,-82.64948,N,NULL,NULL,NULL,NULL,NULL,NULL,NULL,NULL,9,5,2,2,1,5,6,2,7,3,N,NULL,Y,N,1026,1058,1315,N,NULL,44,,0,N,,N,N,098-KY-0122-0,NULL,NULL,2022,O,7.28E+11,098-KY-0122  -000,HIGH,098-KY-0122  -000,0.73,0,1,0,1,0,0,0,0,0,0,0,1,0,0
1906,72640703,KSP0900,21-263335,20210626,1535,,FISHTRAP,,RD,KY1441,KY1441,0,098 KY-1441,KY1441,N,N,NULL,NULL,NULL,N,NULL,NULL,NULL,NULL,NULL,NULL,3.645,NULL,NULL,NULL,NULL,,NULL,0,0,2,2,N,N,35,NULL,98,9824,NULL,,Y,37.43996,-82.4286,N,NULL,NULL,NULL,NULL,NULL,NULL,NULL,NULL,7,3,1,6,1,1,2,2,7,3,N,NULL,Y,N,1512,1520,1520,N,NULL,54,8,0,N,,N,N,098-KY-1441-0,NULL,NULL,2021,O,7.26E+11,098-KY-1441  -000,HIGH,098-KY-1441  -000,3.645,0,0,1,0,0,0,1,0,0,0,0,1,0,0
1907,72500431,980100,2.02E+11,20200413,1200,,US23,,,US0023,US0023,,,,Y,N,NULL,NULL,NULL,N,NULL,NULL,NULL,NULL,NULL,NULL,21.576,NULL,NULL,NULL,NULL,,NULL,0,0,2,2,N,N,15,NULL,98,9801,NULL,,Y,37.45279,-82.52277,N,NULL,NULL,NULL,NULL,NULL,NULL,NULL,NULL,2,97,1,6,1,5,3,2,1,3,N,NULL,Y,N,1200,1214,1214,N,NULL,90,,1,N,,N,N,,NULL,NULL,2020,O,7.25E+11,098-US-0023  -010,MEDIUM,098-US-0023  -000,21.576,0,0,0,0,0,0,1,0,0,0,0,0,0,1
1908,72523318,KSP0900,20-610374,20200720,1811,,US119,,,US0119,US0119,,,,Y,N,NULL,NULL,NULL,N,NULL,NULL,NULL,NULL,NULL,NULL,24.079,NULL,NULL,NULL,NULL,,NULL,0,0,2,2,N,N,15,NULL,98,9834,NULL,,Y,37.6568,-82.27068,N,NULL,NULL,NULL,NULL,NULL,NULL,NULL,NULL,2,97,,6,1,5,2,2,1,3,N,NULL,Y,N,1840,2025,2030,N,NULL,90,2,1,N,,N,N,,NULL,NULL,2020,O,7.25E+11,098-US-0119  -000,MEDIUM,098-US-0119  -000,24.079,0,0,1,0,0,0,1,0,0,0,0,0,0,0
1909,72540017,KSP0900,20-687623,20200907,1751,,KY632,,,KY0632,KY0632,,,,Y,N,NULL,NULL,NULL,N,NULL,NULL,NULL,NULL,NULL,NULL,13.446,NULL,NULL,NULL,NULL,,NULL,0,0,2,2,N,N,,NULL,98,9804,NULL,,Y,37.51036,-82.15961,N,NULL,NULL,NULL,NULL,NULL,NULL,NULL,NULL,2,97,,4,1,1,2,2,1,3,N,NULL,Y,N,1830,1840,1840,N,NULL,90,6,0,N,,N,N,,NULL,NULL,2020,O,7.25E+11,098-KY-0632  -000,MEDIUM,098-KY-0632  -000,13.446,0,0,0,0,0,0,1,0,0,0,0,0,0,0
1910,72576989,KSP0900,2020-818489,20201207,947,,OWSLEY,,RD,KY1384,KY1384,0,098 KY-1384,KY1384,N,N,NULL,NULL,NULL,N,NULL,NULL,NULL,NULL,NULL,NULL,3.774,NULL,NULL,NULL,NULL,,NULL,0,0,2,2,N,N,35,NULL,98,9801,NULL,,Y,37.49582,-82.58521,N,NULL,NULL,NULL,NULL,NULL,NULL,NULL,NULL,5,3,2,3,1,5,9,2,7,3,N,NULL,N,N,947,1030,,N,NULL,49,,0,N,,N,N,098-KY-1384-0,NULL,NULL,2020,O,7.26E+11,098-KY-1384  -000,HIGH,098-KY-1384  -000,3.774,0,0,0,0,0,0,1,0,0,0,0,0,0,0
1911,72540044,980100,2.02E+11,20200903,1216,,KILGORE,,LN,,,,,,Y,N,NULL,NULL,NULL,N,NULL,NULL,NULL,NULL,NULL,NULL,0.069,NULL,NULL,NULL,NULL,,NULL,0,0,2,2,N,N,,NULL,98,9801,NULL,,Y,37.47547,-82.5218,N,NULL,NULL,NULL,NULL,NULL,NULL,NULL,NULL,1,97,2,1,1,1,2,2,8,3,N,NULL,Y,N,1216,1218,,N,NULL,90,,,N,,N,N,,NULL,NULL,2020,O,7.25E+11,098-CS-1105  -000,MEDIUM,098-CS-1105  -000,0.069,0,0,1,0,0,0,1,0,0,0,0,0,0,1
1912,72723479,980100,2.02E+11,20220122,1055,,MT CHASE,,DR,,,0,098 CS-1179,CS1179,Y,N,NULL,NULL,NULL,N,NULL,NULL,NULL,NULL,NULL,NULL,0.053,NULL,NULL,NULL,NULL,,NULL,0,0,1,1,N,N,,NULL,98,9801,NULL,,Y,37.48317,-82.52869,N,NULL,NULL,NULL,NULL,NULL,NULL,NULL,NULL,9,97,,4,1,2,2,2,6,3,N,NULL,Y,N,1055,1102,,N,NULL,90,,,N,,N,N,098-CS-1179-0,NULL,NULL,2022,O,7.27E+11,098-CS-1179  -000,HIGH,098-CS-1179  -000,0.053,0,0,0,0,0,0,0,0,0,0,0,1,0,1
1913,72453766,KSP0900,19-49209,20191217,1650,,US460,,,US0460,US0460,0,098 US-460,US0460,N,N,NULL,NULL,NULL,N,NULL,NULL,NULL,NULL,NULL,NULL,12.263,NULL,NULL,NULL,NULL,,NULL,0,0,1,1,N,N,55,NULL,98,9822,NULL,,Y,37.34692,-82.39353,N,NULL,NULL,NULL,NULL,NULL,NULL,NULL,NULL,9,3,2,6,1,5,2,3,7,3,N,NULL,Y,N,1650,1710,1700,N,NULL,38,,1,N,,N,N,098-US-0460-0,NULL,NULL,2019,O,7.25E+11,098-US-0460  -000,HIGH,098-US-0460  -000,12.263,0,0,0,0,0,0,0,0,0,0,0,0,0,0
1914,72664917,980100,2.02E+11,20210829,1946,,CASSIDY,,BLVD,,,0,098 CS-1191,CS1191,Y,N,NULL,NULL,NULL,N,NULL,NULL,NULL,NULL,NULL,NULL,0.078,NULL,NULL,NULL,NULL,,NULL,0,0,2,2,N,N,15,NULL,98,9801,NULL,,Y,37.50366,-82.53339,N,NULL,NULL,NULL,NULL,NULL,NULL,NULL,NULL,6,97,,6,1,1,3,2,1,3,N,NULL,Y,N,1946,2002,,N,NULL,90,,,N,,N,N,098-CS-1191-0,NULL,NULL,2021,O,7.27E+11,098-CS-1191  -000,HIGH,098-CS-1191  -000,0.078,0,0,1,1,0,0,1,0,0,0,0,0,0,1
1915,72611001,980000,21-03-006,20210329,1500,,RIGHT FORK DRY,,FRK,,,0,098 CR-1259,CR1259,N,N,NULL,NULL,NULL,N,NULL,NULL,NULL,NULL,NULL,NULL,0.105,NULL,NULL,NULL,NULL,,NULL,0,0,2,2,N,N,10,NULL,98,9824,NULL,,Y,37.39559,-82.49673,N,NULL,NULL,NULL,NULL,NULL,NULL,NULL,NULL,2,3,2,4,1,1,2,2,7,3,N,NULL,Y,N,1500,1500,1500,N,NULL,47,,,N,,N,N,098-CR-1259-0,NULL,NULL,2021,O,7.26E+11,098-CR-1259  -000,HIGH,098-CR-1259  -000,0.105,0,0,0,0,0,0,0,0,0,0,0,0,0,0
1916,72593532,980100,2.02E+11,20210207,1703,,KY3496,,,KY3496,KY3496,0,098 KY-3496,KY3496,N,N,NULL,NULL,NULL,N,NULL,NULL,NULL,NULL,NULL,NULL,0.338,NULL,NULL,NULL,NULL,,NULL,0,0,2,2,N,N,35,NULL,98,9801,NULL,,Y,37.46793,-82.53296,N,NULL,NULL,NULL,NULL,NULL,NULL,NULL,NULL,7,3,2,6,1,1,3,2,7,3,N,NULL,Y,N,1703,1706,1706,N,NULL,54,16,0,Y,,N,N,098-KY-3496-0,NULL,NULL,2021,O,7.26E+11,098-KY-3496  -000,HIGH,098-KY-3496  -000,0.338,0,0,0,0,0,0,1,0,0,1,0,1,0,1
1917,72709738,980100,2.02E+11,20211215,1604,,CASSIDY,,BLVD,,,0,098 CS-1191,CS1191,Y,N,NULL,NULL,NULL,N,NULL,NULL,NULL,NULL,NULL,NULL,0.124,NULL,NULL,NULL,NULL,,NULL,0,0,2,2,N,N,15,NULL,98,9801,NULL,,Y,37.5036,-82.5341,N,NULL,NULL,NULL,NULL,NULL,NULL,NULL,NULL,8,97,1,6,1,1,2,2,1,3,N,NULL,Y,N,1604,1609,1633,N,NULL,90,,,N,,N,N,098-CS-1191-0,NULL,NULL,2021,O,7.27E+11,098-CS-1191  -000,HIGH,098-CS-1191  -000,0.124,0,0,0,0,0,0,1,0,0,0,0,0,0,1
1918,72552294,980100,2.02E+11,20201013,1532,,3RD,,ST,,,0,098 CS-1118,CS1118,Y,Y,WELLS,,ALY,N,NULL,NULL,NULL,NULL,NULL,NULL,0.107,NULL,NULL,NULL,NULL,,NULL,0,0,2,2,N,N,,NULL,98,9801,NULL,,Y,37.48238,-82.51788,N,NULL,NULL,NULL,NULL,NULL,NULL,NULL,NULL,6,97,,6,1,1,2,2,6,3,N,NULL,Y,N,1532,1538,,N,NULL,90,,,N,,N,N,098-CS-1118-0,NULL,NULL,2020,O,7.26E+11,098-CS-1118  -000,HIGH,098-CS-1118  -000,0.107,0,0,0,0,0,0,1,0,0,0,1,0,0,1
1919,72640954,KSP0900,21-264741,20210627,1331,,KY3418,,,KY3418,KY3418,,,,N,N,NULL,NULL,NULL,N,NULL,NULL,NULL,NULL,NULL,NULL,7.118,NULL,NULL,NULL,NULL,,NULL,0,0,2,2,N,N,35,NULL,98,9801,NULL,,Y,37.46516,-82.40193,N,NULL,NULL,NULL,NULL,NULL,NULL,NULL,NULL,7,3,2,3,1,1,2,2,7,3,N,NULL,Y,N,1334,1415,1440,N,NULL,54,9,0,N,,N,N,,NULL,NULL,2021,O,7.26E+11,098-KY-3418  -000,MEDIUM,098-KY-3418  -000,7.118,0,0,1,0,0,0,0,0,0,0,0,1,0,0
1920,72847031,KSP0900,22-476661,20221214,1324,,US119,,,US0119,US0119,0,098 US-119,US0119,N,N,NULL,NULL,NULL,N,NULL,NULL,NULL,NULL,NULL,NULL,0.529,NULL,NULL,NULL,NULL,,NULL,0,0,2,2,N,N,55,NULL,98,9801,NULL,,Y,37.50673,-82.52328,N,NULL,NULL,NULL,NULL,NULL,NULL,NULL,NULL,5,3,2,6,1,5,6,2,7,3,N,NULL,Y,N,1324,1338,1338,N,NULL,49,2,1,N,,N,N,098-US-0119-0,NULL,NULL,2022,O,7.28E+11,098-US-0119  -000,HIGH,098-US-0119  -000,0.529,0,0,1,0,0,0,0,1,0,0,0,0,0,1
1921,72711905,KSP0900,21-507538,20211214,2107,,KY195,,,KY0195,KY0195,0,098 KY-195,KY0195,N,N,NULL,NULL,NULL,N,NULL,NULL,NULL,NULL,NULL,NULL,4.988,NULL,NULL,NULL,NULL,,NULL,1,0,1,1,N,N,35,NULL,98,9818,NULL,,Y,37.31398,-82.47391,N,NULL,NULL,NULL,NULL,NULL,NULL,NULL,NULL,9,4,2,3,1,1,2,6,7,3,Y,NULL,Y,Y,2108,2115,2115,Y,NULL,40,8,0,Y,,N,N,098-KY-0195-0,NULL,NULL,2021,B,7.27E+11,098-KY-0195  -000,HIGH,098-KY-0195  -000,4.988,0,0,0,0,0,0,0,0,1,1,0,1,0,0
1922,72593124,KSP0900,21-53212,20210209,907,,MEATHOUSE,,RD,,,0,098 CR-1444,CR1444,N,N,NULL,NULL,NULL,N,NULL,NULL,NULL,NULL,NULL,NULL,0.38,NULL,NULL,NULL,NULL,,NULL,1,0,1,1,N,N,45,NULL,98,9817,NULL,,Y,37.52911,-82.36287,N,NULL,NULL,NULL,NULL,NULL,NULL,NULL,NULL,9,3,1,3,1,2,6,2,7,3,N,NULL,Y,Y,907,1200,1230,N,NULL,44,,,N,,N,N,098-CR-1444-0,NULL,NULL,2021,C,7.26E+11,098-CR-1444  -000,HIGH,098-CR-1444  -000,0.38,0,0,1,0,0,0,0,1,0,0,0,1,0,0
1923,72556928,980100,2.02E+11,20201008,1937,,FIFE FORK,,RD,,,0,098 CS-1077,CS1077,N,N,NULL,NULL,NULL,N,NULL,NULL,NULL,NULL,NULL,NULL,0.109,NULL,NULL,NULL,NULL,,NULL,0,0,2,2,N,N,15,NULL,98,9801,NULL,,Y,37.47457,-82.48353,N,NULL,NULL,NULL,NULL,NULL,NULL,NULL,NULL,2,97,1,5,1,1,2,6,6,3,N,NULL,Y,N,1937,1937,1937,N,NULL,47,,,N,,N,N,098-CS-1077-0,NULL,NULL,2020,O,7.26E+11,098-CS-1077  -000,HIGH,098-CS-1077  -000,0.109,0,0,0,0,0,0,1,0,0,0,0,0,0,1
1924,72684894,980100,2.02E+11,20211019,1942,,BOB AMOS,,DR,,,0,098 CS-1025,CS1025,Y,N,NULL,NULL,NULL,N,NULL,NULL,NULL,NULL,NULL,NULL,0.763,NULL,NULL,NULL,NULL,,NULL,0,0,2,2,N,N,15,NULL,98,9801,NULL,,Y,37.46949,-82.54378,N,NULL,NULL,NULL,NULL,NULL,NULL,NULL,NULL,2,97,,6,1,1,2,5,1,3,N,NULL,Y,N,1942,1953,,N,NULL,90,,,N,,N,N,098-CS-1025-0,NULL,NULL,2021,O,7.27E+11,098-CS-1025  -000,HIGH,098-CS-1025  -000,0.763,0,0,1,0,0,0,1,0,0,0,0,0,0,1
1925,72750697,980100,2.02E+11,20220407,1635,,US23,,,US0023,US0023,0,098 US-23-10,US0023,N,N,NULL,NULL,NULL,N,NULL,NULL,NULL,NULL,NULL,NULL,23.104,NULL,NULL,NULL,NULL,,NULL,0,0,2,2,N,N,55,NULL,98,9801,NULL,,Y,37.466,-82.52885,N,NULL,NULL,NULL,NULL,NULL,NULL,NULL,NULL,5,3,4,6,1,1,2,2,7,3,N,NULL,Y,N,1635,1642,1642,N,NULL,70,,1,N,,N,N,098-US-0023-10,NULL,NULL,2022,O,7.28E+11,098-US-0023  -010,HIGH,098-US-0023  -000,23.104,0,0,0,0,0,0,1,0,0,0,0,0,0,1
1926,72580057,KSP0900,20-844260,20201226,1249,,POWELLS,,CRK,,,0,098 CR-1208,CR1208,N,N,NULL,NULL,NULL,N,NULL,NULL,NULL,NULL,NULL,NULL,0.271,NULL,NULL,NULL,NULL,,NULL,1,0,2,2,N,N,25,NULL,98,9824,NULL,,Y,37.40034,-82.42826,N,NULL,NULL,NULL,NULL,NULL,NULL,NULL,NULL,3,3,2,6,1,2,2,7,7,3,N,NULL,Y,Y,1249,1253,1330,N,NULL,52,,,N,,N,N,098-CR-1208-0,NULL,NULL,2020,A,7.26E+11,098-CR-1208  -000,HIGH,098-CR-1208  -000,0.271,0,1,0,0,0,0,0,1,0,1,0,1,0,0
1927,72739898,KSP0900,2022-88339,20220310,2008,,KY80,,,KY0080,KY0080,0,098 KY-80,KY0080,N,N,NULL,NULL,NULL,N,NULL,NULL,NULL,NULL,NULL,NULL,1.235,NULL,NULL,NULL,NULL,,NULL,1,0,2,1,N,N,55,NULL,98,9802,NULL,,Y,37.3257,-82.36712,N,NULL,NULL,NULL,NULL,NULL,NULL,NULL,NULL,9,3,2,6,1,1,2,6,7,3,Y,NULL,Y,Y,1952,1957,2030,N,NULL,36,7,5,N,,N,N,098-KY-0080-0,NULL,NULL,2022,C,7.27E+11,098-KY-0080  -000,HIGH,098-KY-0080  -000,1.235,0,0,0,1,1,0,0,0,0,0,0,0,0,0
1928,72541054,KSP0900,20-691947,20200910,1459,,BALLPARK,,RD,,,0,098 CS-2028,CS2028,N,Y,HIGH,,ST,N,NULL,NULL,NULL,NULL,NULL,NULL,0.165,NULL,NULL,NULL,NULL,,NULL,0,0,2,2,N,N,35,NULL,98,9802,NULL,,Y,37.29908,-82.35223,N,NULL,NULL,NULL,NULL,NULL,NULL,NULL,NULL,1,3,2,4,1,1,2,2,6,3,N,NULL,N,N,1501,1517,,N,NULL,10,,,N,,N,N,098-CS-2028-0,NULL,NULL,2020,O,7.25E+11,098-CS-2028  -000,HIGH,098-CS-2028  -000,0.165,0,0,1,0,0,0,0,0,0,0,1,0,0,0
1929,72710697,KSP0900,21-513015,20211217,1800,,WEDDINGTON BRANCH,,RD,,,0,098 CS-3026-30,CS3026,N,N,NULL,NULL,NULL,N,NULL,NULL,NULL,NULL,NULL,NULL,0.018,NULL,NULL,NULL,NULL,,NULL,0,0,2,2,N,N,5,NULL,98,9807,NULL,,Y,37.52226,-82.57144,N,NULL,NULL,NULL,NULL,NULL,NULL,NULL,NULL,2,7,1,6,1,5,6,6,6,3,N,NULL,Y,N,1800,1840,1840,N,NULL,47,,,N,,N,N,098-CS-3026-30,NULL,NULL,2021,O,7.27E+11,098-CS-3026  -030,HIGH,098-CS-3026  -030,0.018,0,0,0,0,0,0,1,0,0,0,0,0,0,0
1930,72531054,KSP0900,20-639863,20200808,1623,,US119,,,US0119,US0119,0,098 US-119,US0119,N,N,NULL,NULL,NULL,N,NULL,NULL,NULL,NULL,NULL,NULL,24.056,NULL,NULL,NULL,NULL,,NULL,1,0,2,2,Y,N,55,NULL,98,9834,NULL,,Y,37.6565,-82.27048,N,NULL,NULL,NULL,NULL,NULL,NULL,NULL,NULL,1,3,4,6,1,1,2,2,7,3,N,NULL,Y,Y,1624,1711,1813,N,NULL,55,2,1,Y,,N,N,098-US-0119-0,NULL,NULL,2020,B,7.25E+11,098-US-0119  -000,HIGH,098-US-0119  -000,24.056,1,0,0,0,0,0,1,1,0,0,0,0,0,0
1931,72510953,980000,20-06-002,20200605,1540,,PETER FORK,,RD,,,0,098 CR-1527,CR1527,N,N,NULL,NULL,NULL,N,NULL,NULL,NULL,NULL,NULL,NULL,1.543,NULL,NULL,NULL,NULL,,NULL,0,0,2,2,N,N,35,NULL,98,9863,NULL,,Y,37.5723,-82.16538,N,NULL,NULL,NULL,NULL,NULL,NULL,NULL,NULL,3,3,1,2,1,5,3,2,6,3,N,NULL,Y,Y,1725,1739,1739,N,NULL,52,,,N,,N,N,098-CR-1527-0,NULL,NULL,2020,O,7.25E+11,098-CR-1527  -000,HIGH,098-CR-1527  -000,1.543,0,0,0,0,0,0,0,1,0,0,0,1,0,0
1932,72711805,980000,21-12-003,20211217,1614,,PIGEON ROOST,,RD,,,0,098 CR-1517,CR1517,N,N,NULL,NULL,NULL,N,NULL,NULL,NULL,NULL,NULL,NULL,0.704,NULL,NULL,NULL,NULL,,NULL,0,0,2,2,N,N,20,NULL,98,9838,NULL,,Y,37.60144,-82.31743,N,NULL,NULL,NULL,NULL,NULL,NULL,NULL,NULL,7,3,1,6,1,1,3,3,7,3,N,NULL,Y,Y,1614,1626,1640,N,NULL,54,,,N,,N,N,098-CR-1517-0,NULL,NULL,2021,O,7.27E+11,098-CR-1517  -000,HIGH,098-CR-1517  -000,0.704,0,1,0,0,0,0,1,0,0,0,0,1,0,0
1933,72675364,980100,2.02E+11,20210923,1444,,US23,,,US0023,US0023,,,,N,N,NULL,NULL,NULL,N,NULL,NULL,NULL,NULL,NULL,NULL,19.125,NULL,NULL,NULL,NULL,,NULL,0,0,1,1,N,N,55,NULL,98,9801,NULL,,Y,37.4422,-82.50584,N,NULL,NULL,NULL,NULL,NULL,NULL,NULL,NULL,9,3,4,6,1,1,2,2,1,3,N,NULL,Y,N,1445,1456,,N,NULL,38,,1,N,,N,N,,NULL,NULL,2021,O,7.27E+11,098-US-0023  -000,MEDIUM,098-US-0023  -000,19.125,0,0,0,0,0,0,0,0,0,0,0,0,0,1
1934,72515556,980100,2.02E+11,20200626,1750,,BANK,,ST,,,,,,N,N,NULL,NULL,NULL,N,NULL,NULL,NULL,NULL,NULL,NULL,0.174,NULL,NULL,NULL,NULL,,NULL,0,0,2,2,N,Y,15,NULL,98,9801,NULL,,Y,37.47698,-82.51997,N,NULL,NULL,NULL,NULL,NULL,NULL,NULL,NULL,1,3,1,6,1,1,2,2,6,3,N,NULL,Y,N,1750,1757,,N,NULL,55,,,N,,N,N,,NULL,NULL,2020,O,7.25E+11,098-CS-1106  -000,MEDIUM,098-CS-1106  -000,0.174,0,0,0,0,0,0,1,0,0,0,0,0,0,1
1935,72585626,KSP0900,21-10756,20210108,1926,,US23,,,US0023,US0023,0,098 US-23,US0023,N,N,NULL,NULL,NULL,N,NULL,NULL,NULL,NULL,NULL,NULL,3.926,NULL,NULL,NULL,NULL,,NULL,0,0,1,1,N,N,55,NULL,98,9809,NULL,,Y,37.27784,-82.5833,N,NULL,NULL,NULL,NULL,NULL,NULL,NULL,NULL,9,3,4,4,1,5,2,6,7,3,N,NULL,N,N,1926,2001,2001,N,NULL,38,,1,N,,N,N,098-US-0023-0,NULL,NULL,2021,O,7.26E+11,098-US-0023  -000,HIGH,098-US-0023  -000,3.926,0,0,0,0,0,0,0,0,0,0,0,0,0,0
1936,72477439,KSP0900,2020-5949,20200214,1729,,US460,,,US0460,US0460,0,098 US-460,US0460,N,N,NULL,NULL,NULL,N,NULL,NULL,NULL,NULL,NULL,NULL,2.831,NULL,NULL,NULL,NULL,,NULL,0,0,2,2,N,N,55,NULL,98,9824,NULL,,Y,37.42987,-82.47816,N,NULL,NULL,NULL,NULL,NULL,NULL,NULL,NULL,8,3,2,6,1,1,2,2,7,3,N,NULL,Y,N,1729,1740,1802,N,NULL,53,,1,N,,N,N,098-US-0460-0,NULL,NULL,2020,O,7.25E+11,098-US-0460  -000,HIGH,098-US-0460  -000,2.831,0,0,0,0,0,0,1,0,0,0,0,1,0,0
1937,72474677,KSP0900,20-05095,20200208,607,,BLAIR ADKINS,,RD,,,0,098 CR-1661H,CR1661H,N,N,NULL,NULL,NULL,N,NULL,NULL,NULL,NULL,NULL,NULL,0.027,NULL,NULL,NULL,NULL,,NULL,2,0,1,1,N,N,45,NULL,98,9802,NULL,,Y,37.36161,-82.40716,N,NULL,NULL,NULL,NULL,NULL,NULL,NULL,NULL,9,3,2,6,1,5,2,6,7,3,N,NULL,Y,N,609,627,,Y,NULL,70,,,N,,N,N,098-CR-1661H-0,NULL,NULL,2020,B,7.25E+11,098-CR-1661H -000,HIGH,098-CR-1661H -000,0.027,0,0,1,0,0,0,0,0,0,0,0,1,0,0
1938,72581009,KSP0900,20-848341,20201229,1423,,US23,,,US0023,US0023,0,098 US-23,US0023,N,N,NULL,NULL,NULL,N,NULL,NULL,NULL,NULL,NULL,NULL,10.302,NULL,NULL,NULL,NULL,,NULL,0,0,2,2,N,N,55,NULL,98,9801,NULL,,Y,37.34215,-82.55088,N,NULL,NULL,NULL,NULL,NULL,NULL,NULL,NULL,8,3,4,3,1,1,2,2,7,3,N,NULL,Y,N,1426,1448,,N,NULL,53,,1,N,,N,N,098-US-0023-0,NULL,NULL,2020,O,7.26E+11,098-US-0023  -000,HIGH,098-US-0023  -000,10.302,0,0,0,1,0,0,1,0,0,0,0,1,0,0