OBJECTID,MasterFile,AgencyORINumber,LocalCode,CollisionDate,CollisionTime,CollisionDayWeekCode,RoadwayName,RoadwayName_Direction_,RoadwayName_RoadwaySuffix_,RoadwayfromReport,CurrentRoadwayNumber,RoadwayNumberCoupletID,RSEUniqueGIS,RoadwayIdentifier,ParkingLotIndicator,IntersectionWith_Indicator_,IntersectionWith_NameRoadway_,IntersectionWith_Direction_,IntersectionWith_RoadwaySuffix_,BetweenStreets_Indicator_,BetweenStreets1_NameRoadway_,BetweenStreet1_Direction_,BetweenStreets1_RoadwaySuffix_,BetweenStreets2_NameRoadway_,BetweenStreets2_Direction_,BetweenStreets2_RoadwaySuffix_,Milepoint,ReportMilepointDeriveNumber,CurrentDerivedMiepointNumber,MilestoMilepoint,FeettoMilepoint,DirectionfromMilepoint_NSEW_,ValidMilepointIndicator,NumberInjured,NumberKilled,ofUnits,ofMotorVehicleUnits,Hit&RunIndicator,OneWayIndicator,SpeedLimitNumber,KilometersIndicator,CountyCode,CityCountyCode,MilesFromCity,DirectionFromCity_NSEW_,InCityLimitsIndicator,Latitude,Longitude,RampIndicator,RampFromIdentifier,RampFromDirCode,RampFromCoupletID,RSEUniqueGISRampFrom,RampToidentifier,RampToDirCode,RampToCoupletID,RSEUniqueGisRampTo,MannerofCollisionCode,LocationFirstEventCode,TotalLanes,RoadwayCharacterCode,RoadwaySurfaceCode,RoadwayConditionCode,WeatherCode,LightConditionCode,LandUseCode,SchoolBusRelatedCode,FirstAidSceneIndicator,CollDescPresentInd,InvestigationCompleteIndicator,PhotosTakenIndicator,TimeNotified,TimeArrived,TimeRoadwayOpened,PropertyDamageIndicator,DiagramPresentIndicator,DirectionalAnalysis,FunctionClassCode,NationalHwySysCode,EnforcementsIndicator,KARSCityCode,SecondaryCollisionIndicator,MedianCrossoverIndicator,RT_UNIQUE,MapIt,TimeLastLeft,YR,KABCO,MFNY,WorkingRID,RT_CONFIDENCE,KTC_RT,KTC_MP,Motorcyclist,Commercial Vehicle,Young Driver,Mature Driver,Pedestrian,Bicyclist,Distracted,Aggressive,Impaired,Unrestrained,Intersection,Roadway Departure,Median Cross-over,City Crash
1939,72650766,980100,2.02E+11,20210723,1615,,THOMPSON,,RD,,,0,098 CS-1215,CS1215,Y,N,NULL,NULL,NULL,N,NULL,NULL,NULL,NULL,NULL,NULL,0.299,NULL,NULL,NULL,NULL,,NULL,0,0,2,2,N,N,10,NULL,98,9801,NULL,,Y,37.50714,-82.54711,N,NULL,NULL,NULL,NULL,NULL,NULL,NULL,NULL,2,97,1,6,1,1,2,2,1,3,Y,NULL,Y,N,1615,1620,1644,N,NULL,90,,,N,,N,N,098-CS-1215-0,NULL,NULL,2021,O,7.27E+11,098-CS-1215  -000,HIGH,098-CS-1215  -000,0.299,0,0,0,0,0,0,1,0,0,0,0,0,0,1
1940,72805664,KSP0900,22-347368,20220907,1222,,US119,,,US0119,US0119,0,098 US-119-10,US0119,Y,N,NULL,NULL,NULL,N,NULL,NULL,NULL,NULL,NULL,NULL,23.555,NULL,NULL,NULL,NULL,,NULL,1,0,2,2,N,N,,NULL,98,9834,NULL,,Y,37.64911,-82.26927,N,NULL,NULL,NULL,NULL,NULL,NULL,NULL,NULL,1,97,2,3,1,1,3,2,1,3,Y,NULL,Y,N,1222,1315,1345,N,NULL,90,2,1,Y,,N,N,098-US-0119-10,NULL,NULL,2022,B,7.28E+11,098-US-0119  -010,HIGH,098-US-0119  -000,23.555,0,0,0,1,0,0,1,0,0,0,0,0,0,0
1941,72514627,980100,2.02E+11,20200618,1741,,US23,,,US0023,US0023,0,098 US-23,US0023,Y,N,NULL,NULL,NULL,N,NULL,NULL,NULL,NULL,NULL,NULL,20.065,NULL,NULL,NULL,NULL,,NULL,0,0,1,1,N,N,15,NULL,98,9801,NULL,,Y,37.4489,-82.51311,N,NULL,NULL,NULL,NULL,NULL,NULL,NULL,NULL,9,97,4,6,1,1,2,2,1,3,N,NULL,Y,N,1741,1749,,Y,NULL,90,,1,N,,N,N,098-US-0023-0,NULL,NULL,2020,O,7.25E+11,098-US-0023  -000,HIGH,098-US-0023  -000,20.065,0,0,0,0,0,0,0,0,0,0,0,1,0,1
1942,72778997,980100,2.02E+11,20220702,1628,,BOB AMOS,,DR,,,,,,Y,N,NULL,NULL,NULL,N,NULL,NULL,NULL,NULL,NULL,NULL,0.842,NULL,NULL,NULL,NULL,,NULL,0,0,2,2,N,Y,15,NULL,98,9801,NULL,,Y,37.46818,-82.54296,N,NULL,NULL,NULL,NULL,NULL,NULL,NULL,NULL,2,97,1,6,1,5,3,2,1,3,N,NULL,Y,N,1628,1635,1635,N,NULL,90,,,N,,N,N,,NULL,NULL,2022,O,7.28E+11,098-CS-1025  -000,MEDIUM,098-CS-1025  -000,0.842,0,0,0,0,0,0,1,0,0,0,0,0,0,1
1943,72848690,980100,2.02E+11,20221230,1240,,SAAD,,AVE,,,0,098 CS-1165,CS1165,Y,N,NULL,NULL,NULL,N,NULL,NULL,NULL,NULL,NULL,NULL,0.053,NULL,NULL,NULL,NULL,,NULL,0,0,2,2,N,N,,NULL,98,9801,NULL,,Y,37.48266,-82.5202,N,NULL,NULL,NULL,NULL,NULL,NULL,NULL,NULL,2,97,1,6,1,1,2,2,6,3,N,NULL,Y,N,1240,1244,1244,N,NULL,90,,,N,,N,N,098-CS-1165-0,NULL,NULL,2022,O,7.28E+11,098-CS-1165  -000,HIGH,098-CS-1165  -000,0.053,0,0,0,0,0,0,1,0,0,0,0,0,0,1
1944,72610644,980000,21-04-001,20210405,1115,,KY194,,,KY0194,KY0194,0,098 KY-194,KY0194,N,N,NULL,NULL,NULL,N,NULL,NULL,NULL,NULL,NULL,NULL,60.493,NULL,NULL,NULL,NULL,,NULL,0,0,2,2,N,N,35,NULL,98,9811,NULL,,Y,37.56506,-82.1444,N,NULL,NULL,NULL,NULL,NULL,NULL,NULL,NULL,7,3,2,1,1,1,2,2,7,3,N,NULL,Y,Y,1128,1156,1156,N,NULL,54,7,0,N,,N,N,098-KY-0194-0,NULL,NULL,2021,O,7.26E+11,098-KY-0194  -000,HIGH,098-KY-0194  -000,60.493,0,0,0,0,0,0,0,0,0,0,0,1,0,0
1945,72804810,980100,2.02E+11,20220913,748,,SAAD,,AVE,,,0,098 CS-1165,CS1165,N,N,NULL,NULL,NULL,N,NULL,NULL,NULL,NULL,NULL,NULL,0.078,NULL,NULL,NULL,NULL,,NULL,0,0,2,2,N,N,10,NULL,98,9801,NULL,,Y,37.4826,-82.51975,N,NULL,NULL,NULL,NULL,NULL,NULL,NULL,NULL,5,3,2,4,1,1,2,2,1,3,N,NULL,Y,N,748,755,755,N,NULL,49,,,N,,N,N,098-CS-1165-0,NULL,NULL,2022,O,7.28E+11,098-CS-1165  -000,HIGH,098-CS-1165  -000,0.078,0,0,0,0,0,0,1,0,0,0,0,0,0,1
1946,72811336,980100,2.02E+11,20220930,1404,,KY3496,,,KY3496,KY3496,,,,N,N,NULL,NULL,NULL,N,NULL,NULL,NULL,NULL,NULL,NULL,0.928,NULL,NULL,NULL,NULL,,NULL,0,0,2,2,N,N,35,NULL,98,9801,NULL,,Y,37.47216,-82.52715,N,NULL,NULL,NULL,NULL,NULL,NULL,NULL,NULL,1,3,2,6,1,1,2,2,1,3,N,NULL,Y,N,1404,1408,,N,NULL,55,16,0,N,,N,N,,NULL,NULL,2022,O,7.28E+11,098-KY-3496  -000,HIGH,098-KY-3496  -000,0.928,0,0,1,1,0,0,1,1,0,0,0,0,0,1
1947,72603652,980100,2.02E+11,20210227,1513,,US23,,,,,,,,N,N,NULL,NULL,NULL,N,NULL,NULL,NULL,NULL,NULL,NULL,,NULL,NULL,NULL,NULL,NULL,NULL,1,1,2,2,N,N,55,NULL,98,9801,NULL,,Y,37.44373,-82.51852,N,NULL,NULL,NULL,NULL,NULL,NULL,NULL,NULL,1,3,4,3,1,5,3,2,1,3,Y,NULL,Y,Y,1513,1517,1725,N,NULL,55,,,N,,N,Y,,NULL,NULL,2021,K,7.26E+11,098-US-0023  -010,MEDIUM,098-US-0023  -000,20.546,0,0,0,1,0,0,1,1,0,0,0,0,1,1
1948,72673890,KSP0900,21-393434,20210922,1130,,KY1056,,,KY1056,KY1056,0,098 KY-1056,KY1056,N,N,NULL,NULL,NULL,N,NULL,NULL,NULL,NULL,NULL,NULL,8.426,NULL,NULL,NULL,NULL,,NULL,0,0,1,1,N,N,55,NULL,98,9863,NULL,,Y,37.58854,-82.17504,N,NULL,NULL,NULL,NULL,NULL,NULL,NULL,NULL,9,3,2,6,1,5,6,2,7,3,N,NULL,Y,N,1145,1210,1215,N,NULL,40,7,0,N,,N,N,098-KY-1056-0,NULL,NULL,2021,O,7.27E+11,098-KY-1056  -000,HIGH,098-KY-1056  -000,8.426,0,0,0,0,0,0,0,0,0,0,0,1,0,0
1949,72777575,KSP0900,22-212702,20220607,920,,US119,,,US0119,US0119,0,098 US-119,US0119,N,N,NULL,NULL,NULL,N,NULL,NULL,NULL,NULL,NULL,NULL,19.439,NULL,NULL,NULL,NULL,,NULL,5,0,3,3,N,N,55,NULL,98,9814,NULL,,Y,37.60772,-82.2736,N,NULL,NULL,NULL,NULL,NULL,NULL,NULL,NULL,1,3,4,3,1,5,6,2,7,3,Y,NULL,Y,Y,924,930,1100,N,NULL,55,2,1,N,,N,Y,098-US-0119-0,NULL,NULL,2022,A,7.28E+11,098-US-0119  -000,HIGH,098-US-0119  -000,19.439,0,0,0,1,0,0,1,0,0,0,0,1,1,0
1950,72617459,KSP0900,21-164556,20210425,0,,US119,,,US0119,US0119,,,,N,N,NULL,NULL,NULL,N,NULL,NULL,NULL,NULL,NULL,NULL,12.176,NULL,NULL,NULL,NULL,,NULL,0,0,1,1,N,N,55,NULL,98,9833,NULL,,Y,37.59805,-82.37274,N,NULL,NULL,NULL,NULL,NULL,NULL,NULL,NULL,9,3,4,4,1,5,6,6,7,3,N,NULL,Y,N,0,30,130,N,NULL,70,2,1,N,,N,N,,NULL,NULL,2021,O,7.26E+11,098-US-0119  -010,MEDIUM,098-US-0119  -000,12.176,0,0,0,0,0,0,1,0,0,0,0,0,0,0
1951,72644537,KSP0900,21-280147,20210707,645,,KY194,,,KY0194,KY0194,0,098 KY-194,KY0194,N,N,NULL,NULL,NULL,N,NULL,NULL,NULL,NULL,NULL,NULL,18.892,NULL,NULL,NULL,NULL,,NULL,0,0,1,1,N,N,55,NULL,98,9817,NULL,,Y,37.55733,-82.41542,N,NULL,NULL,NULL,NULL,NULL,NULL,NULL,NULL,9,3,2,3,1,5,6,2,7,3,N,NULL,N,N,645,645,715,N,NULL,44,6,5,N,,N,N,098-KY-0194-0,NULL,NULL,2021,O,7.26E+11,098-KY-0194  -000,HIGH,098-KY-0194  -000,18.892,0,0,0,0,0,0,0,0,0,0,0,1,0,0
1952,72703716,980100,2.02E+11,20211201,1333,,CASSIDY,,BLVD,,,0,098 CS-1191,CS1191,Y,N,NULL,NULL,NULL,N,NULL,NULL,NULL,NULL,NULL,NULL,0.053,NULL,NULL,NULL,NULL,,NULL,0,0,2,2,N,N,,NULL,98,9801,NULL,,Y,37.50368,-82.53302,N,NULL,NULL,NULL,NULL,NULL,NULL,NULL,NULL,1,97,1,6,1,1,2,2,1,3,N,NULL,Y,N,1334,1335,1335,N,NULL,90,,,N,,N,N,098-CS-1191-0,NULL,NULL,2021,O,7.27E+11,098-CS-1191  -000,HIGH,098-CS-1191  -000,0.053,0,0,0,0,0,0,0,0,0,0,0,0,0,1
1953,72780277,KSP0900,22-249727,20220702,338,,KY122,,,KY0122,KY0122,0,098 KY-122,KY0122,N,N,NULL,NULL,NULL,N,NULL,NULL,NULL,NULL,NULL,NULL,2.879,NULL,NULL,NULL,NULL,,NULL,0,1,1,1,N,N,55,NULL,98,9827,NULL,,Y,37.33874,-82.62444,N,NULL,NULL,NULL,NULL,NULL,NULL,NULL,NULL,9,3,2,3,1,1,2,6,7,3,N,NULL,N,Y,341,357,600,N,NULL,70,,0,N,,N,N,098-KY-0122-0,NULL,NULL,2022,K,7.28E+11,098-KY-0122  -000,HIGH,098-KY-0122  -000,2.879,0,0,0,0,0,0,0,0,0,0,0,1,0,0
1954,72397160,KSP0900,19-31302,20190814,639,,US119,,,US0119,US0119,0,098 US-119-10,US0119,N,N,NULL,NULL,NULL,N,NULL,NULL,NULL,NULL,NULL,NULL,16.099,NULL,NULL,NULL,NULL,,NULL,0,1,1,1,N,N,55,NULL,98,9838,NULL,,Y,37.60831,-82.3187,N,NULL,NULL,NULL,NULL,NULL,NULL,NULL,NULL,9,6,2,6,1,1,3,1,7,3,Y,NULL,Y,Y,643,711,711,N,NULL,44,2,1,N,,N,N,098-US-0119-10,NULL,NULL,2019,K,7.24E+11,098-US-0119  -010,HIGH,098-US-0119  -000,16.099,0,0,0,0,0,0,0,1,0,0,0,1,0,0
1955,72505332,KSP0900,20-19807,20200526,1530,,LONG FORK,,RD,KY1469,KY1469,0,098 KY-1469,KY1469,N,N,NULL,NULL,NULL,N,NULL,NULL,NULL,NULL,NULL,NULL,5.097,NULL,NULL,NULL,NULL,,NULL,0,0,2,2,N,N,55,NULL,98,9827,NULL,,Y,37.29436,-82.6638,N,NULL,NULL,NULL,NULL,NULL,NULL,NULL,NULL,7,3,2,3,1,1,2,2,7,3,N,NULL,Y,N,1528,1529,1530,N,NULL,54,8,0,Y,,N,N,098-KY-1469-0,NULL,NULL,2020,O,7.25E+11,098-KY-1469  -000,HIGH,098-KY-1469  -000,5.097,0,0,1,0,0,0,0,0,0,0,0,1,0,0
1956,72462211,KSP0900,20-1393,20200111,819,,US119,,,US0119,US0119,0,098 US-119-10,US0119,N,N,NULL,NULL,NULL,N,NULL,NULL,NULL,NULL,NULL,NULL,13.677,NULL,NULL,NULL,NULL,,NULL,0,0,1,1,N,N,55,NULL,98,9833,NULL,,Y,37.61535,-82.35838,N,NULL,NULL,NULL,NULL,NULL,NULL,NULL,NULL,9,3,4,6,1,1,2,2,7,3,N,NULL,N,N,819,836,836,N,NULL,38,2,1,N,,N,N,098-US-0119-10,NULL,NULL,2020,O,7.25E+11,098-US-0119  -010,HIGH,098-US-0119  -000,13.677,0,0,0,0,0,0,0,0,0,0,0,0,0,0
1957,72502271,980100,2.02E+11,20200518,36,,US23,,,US0023,US0023,,,,N,N,NULL,NULL,NULL,N,NULL,NULL,NULL,NULL,NULL,NULL,29.912,NULL,NULL,NULL,NULL,,NULL,0,0,1,1,N,N,55,NULL,98,9801,NULL,,Y,37.53595,-82.57909,N,NULL,NULL,NULL,NULL,NULL,NULL,NULL,NULL,9,3,2,3,1,1,2,6,7,3,N,NULL,Y,N,20,30,30,N,NULL,38,,1,N,,N,N,,NULL,NULL,2020,O,7.25E+11,098-US-0023  -000,MEDIUM,098-US-0023  -000,29.912,0,0,0,0,0,0,1,0,0,0,0,0,0,1
1958,72660732,980100,2.02E+11,20210819,1743,,US23,,,US0023,US0023,,,,N,N,NULL,NULL,NULL,N,NULL,NULL,NULL,NULL,NULL,NULL,27.184,NULL,NULL,NULL,NULL,,NULL,0,0,1,1,N,N,55,NULL,98,9801,NULL,,Y,37.51074,-82.54489,N,NULL,NULL,NULL,NULL,NULL,NULL,NULL,NULL,9,3,4,6,1,5,6,2,7,3,N,NULL,Y,N,1743,1751,1806,N,NULL,70,,1,N,,N,N,,NULL,NULL,2021,O,7.27E+11,098-US-0023  -000,MEDIUM,098-US-0023  -000,27.184,0,0,0,0,0,0,0,0,0,0,0,1,0,1
1959,72842577,980100,2.02E+11,20221213,1452,,US23,,,US0023,US0023,0,098 US-23,US0023,N,N,NULL,NULL,NULL,N,NULL,NULL,NULL,NULL,NULL,NULL,27.359,NULL,NULL,NULL,NULL,,NULL,0,0,2,2,N,N,55,NULL,98,9801,NULL,,Y,37.51087,-82.5484,N,NULL,NULL,NULL,NULL,NULL,NULL,NULL,NULL,5,3,4,6,1,1,2,2,7,3,N,NULL,Y,N,1457,1507,1457,N,NULL,49,,1,N,,N,N,098-US-0023-0,NULL,NULL,2022,O,7.28E+11,098-US-0023  -000,HIGH,098-US-0023  -000,27.359,0,0,1,0,0,0,0,0,0,0,0,0,0,1
1960,72757137,KSP0900,2022-138577,20220416,1833,,KY1056,,,KY1056,KY1056,0,098 KY-1056,KY1056,N,N,NULL,NULL,NULL,N,NULL,NULL,NULL,NULL,NULL,NULL,10.657,NULL,NULL,NULL,NULL,,NULL,0,0,2,2,Y,N,35,NULL,98,9863,NULL,,Y,37.60847,-82.16894,N,NULL,NULL,NULL,NULL,NULL,NULL,NULL,NULL,8,3,2,6,1,1,2,2,7,3,N,NULL,Y,N,1830,1830,1830,N,NULL,53,7,0,N,,N,N,098-KY-1056-0,NULL,NULL,2022,O,7.28E+11,098-KY-1056  -000,HIGH,098-KY-1056  -000,10.657,0,0,0,0,0,0,0,0,0,0,0,1,0,0
1961,72672309,KSP0900,21-378346,20210911,600,,TOLER,,RD,KY0319,KY0319,0,098 KY-319,KY0319,N,N,NULL,NULL,NULL,N,NULL,NULL,NULL,NULL,NULL,NULL,1.5,NULL,NULL,NULL,NULL,,NULL,0,0,1,1,N,N,55,NULL,98,9842,NULL,,Y,37.59053,-82.20083,N,NULL,NULL,NULL,NULL,NULL,NULL,NULL,NULL,9,3,2,2,1,1,2,2,7,3,N,NULL,Y,N,1600,1615,600,N,NULL,40,7,0,N,,N,N,098-KY-0319-0,NULL,NULL,2021,O,7.27E+11,098-KY-0319  -000,HIGH,098-KY-0319  -000,1.5,0,0,0,0,0,0,0,0,0,0,0,1,0,0
1962,72634849,KSP0900,21-235867,20210609,1014,,US460,,,US0460,US0460,0,098 US-460,US0460,N,N,NULL,NULL,NULL,N,NULL,NULL,NULL,NULL,NULL,NULL,13.609,NULL,NULL,NULL,NULL,,NULL,0,0,1,1,N,N,55,NULL,98,9802,NULL,,Y,37.33553,-82.38419,N,NULL,NULL,NULL,NULL,NULL,NULL,NULL,NULL,9,3,2,6,1,1,2,2,7,3,N,NULL,Y,N,948,948,948,N,NULL,40,,1,N,,N,N,098-US-0460-0,NULL,NULL,2021,O,7.26E+11,098-US-0460  -000,HIGH,098-US-0460  -000,13.609,0,0,0,0,0,0,0,0,0,0,0,1,0,0
1963,72729540,KSP0900,22-49204,20220210,814,,US23,,,US0023,US0023,0,098 US-23-10,US0023,N,N,NULL,NULL,NULL,N,NULL,NULL,NULL,NULL,NULL,NULL,28.526,NULL,NULL,NULL,NULL,,NULL,1,0,2,2,N,N,55,NULL,98,9807,NULL,,Y,37.51904,-82.56622,N,NULL,NULL,NULL,NULL,NULL,NULL,NULL,NULL,5,3,4,6,1,1,2,1,7,3,N,NULL,Y,Y,816,838,902,N,NULL,49,,1,N,,N,N,098-US-0023-10,NULL,NULL,2022,B,7.27E+11,098-US-0023  -010,HIGH,098-US-0023  -000,28.526,0,0,1,0,0,0,1,0,0,0,0,0,0,0
1964,72638762,KSP0900,21-252569,20210619,1559,,KY194,,,KY0194,KY0194,0,098 KY-194,KY0194,N,N,NULL,NULL,NULL,N,NULL,NULL,NULL,NULL,NULL,NULL,57.746,NULL,NULL,NULL,NULL,,NULL,0,0,1,1,N,N,35,NULL,98,9804,NULL,,Y,37.54058,-82.16138,N,NULL,NULL,NULL,NULL,NULL,NULL,NULL,NULL,9,5,2,1,1,1,2,2,7,3,N,NULL,N,N,1559,1610,1615,N,NULL,51,7,0,N,,N,N,098-KY-0194-0,NULL,NULL,2021,O,7.26E+11,098-KY-0194  -000,HIGH,098-KY-0194  -000,57.746,0,0,0,0,0,0,0,0,0,0,0,1,0,0
1965,72752962,KSP0900,22-143389,20220420,1150,,KY194,,,KY0194,KY0194,0,098 KY-194,KY0194,N,N,NULL,NULL,NULL,N,NULL,NULL,NULL,NULL,NULL,NULL,15.247,NULL,NULL,NULL,NULL,,NULL,0,0,1,1,N,N,55,NULL,98,9820,NULL,,Y,37.57183,-82.47835,N,NULL,NULL,NULL,NULL,NULL,NULL,NULL,NULL,9,6,2,6,1,1,2,2,7,3,N,NULL,Y,N,1155,1200,1220,N,NULL,44,7,0,N,,N,N,098-KY-0194-0,NULL,NULL,2022,O,7.28E+11,098-KY-0194  -000,HIGH,098-KY-0194  -000,15.247,0,0,0,0,0,0,1,0,0,0,0,1,0,0
1966,72703616,980100,2.02E+11,20211201,2013,,US460,,,US0460,US0460,0,098 US-460,US0460,N,N,NULL,NULL,NULL,N,NULL,NULL,NULL,NULL,NULL,NULL,0.151,NULL,NULL,NULL,NULL,,NULL,0,0,2,2,N,N,55,NULL,98,9801,NULL,,Y,37.4402,-82.50854,N,NULL,NULL,NULL,NULL,NULL,NULL,NULL,NULL,5,3,2,6,1,1,2,7,7,3,N,NULL,Y,N,2014,2023,2023,N,NULL,49,,1,N,,N,N,098-US-0460-0,NULL,NULL,2021,O,7.27E+11,098-US-0460  -000,HIGH,098-US-0460  -000,0.151,0,0,1,0,0,0,1,0,0,0,0,0,0,1
1967,72872646,KSP0900,23-87768,20230306,1634,,BEAVER CK,,RD,KY1373,KY1373,0,098 KY-1373,KY1373,N,N,NULL,NULL,NULL,N,NULL,NULL,NULL,NULL,NULL,NULL,0.876,NULL,NULL,NULL,NULL,,NULL,0,0,1,1,N,N,55,NULL,98,9802,5,N,N,37.31919,-82.34638,N,NULL,NULL,NULL,NULL,NULL,NULL,NULL,NULL,9,4,2,4,1,1,2,2,7,3,N,NULL,Y,N,1634,1701,1815,N,NULL,51,8,0,Y,,N,N,098-KY-1373-0,NULL,NULL,2023,O,7.29E+11,098-KY-1373  -000,HIGH,098-KY-1373  -000,0.869,0,0,0,0,0,0,0,0,0,0,0,1,0,0
1968,72614694,980100,2.02E+11,20210416,1431,,CASSIDY,,BLVD,,,0,098 CS-1191,CS1191,Y,N,NULL,NULL,NULL,N,NULL,NULL,NULL,NULL,NULL,NULL,0.274,NULL,NULL,NULL,NULL,,NULL,0,0,2,2,N,N,15,NULL,98,9801,NULL,,Y,37.50481,-82.53634,N,NULL,NULL,NULL,NULL,NULL,NULL,NULL,NULL,2,97,,6,1,1,2,2,1,3,N,NULL,Y,N,1431,1449,1452,N,NULL,90,,,N,,N,N,098-CS-1191-0,NULL,NULL,2021,O,7.26E+11,098-CS-1191  -000,HIGH,098-CS-1191  -000,0.274,0,0,0,1,0,0,1,0,0,0,0,0,0,1
1969,72495137,KSP0900,20-13963,20200412,2215,,US460,,,US0460,US0460,0,098 US-460,US0460,N,N,NULL,NULL,NULL,N,NULL,NULL,NULL,NULL,NULL,NULL,13.527,NULL,NULL,NULL,NULL,,NULL,0,0,1,1,N,N,55,NULL,98,9802,NULL,,Y,37.33473,-82.38515,N,NULL,NULL,NULL,NULL,NULL,NULL,NULL,NULL,9,5,2,6,1,5,6,6,7,3,N,NULL,Y,Y,2236,2320,30,N,NULL,51,,1,N,,N,N,098-US-0460-0,NULL,NULL,2020,O,7.25E+11,098-US-0460  -000,HIGH,098-US-0460  -000,13.527,0,0,0,0,0,0,0,0,0,0,0,1,0,0
1970,72593660,KSP0900,21-55030,20210110,1553,,DORTON-JENKINS,,HWY,KY0805,KY0805,0,098 KY-805,KY0805,N,N,NULL,NULL,NULL,N,NULL,NULL,NULL,NULL,NULL,NULL,6.735,NULL,NULL,NULL,NULL,,NULL,0,0,2,2,Y,N,55,NULL,98,9809,NULL,,Y,37.27866,-82.57719,N,NULL,NULL,NULL,NULL,NULL,NULL,NULL,NULL,3,3,2,6,1,5,2,2,7,3,N,NULL,Y,N,1606,1630,,N,NULL,47,7,0,N,,N,N,098-KY-0805-0,NULL,NULL,2021,O,7.26E+11,098-KY-0805  -000,HIGH,098-KY-0805  -000,6.735,0,1,0,0,0,0,1,0,0,0,0,0,0,0
1971,72593127,KSP0900,21-52923,20210209,800,,GRAPEVINE,,RD,KY0194,KY0194,0,098 KY-194,KY0194,N,N,NULL,NULL,NULL,N,NULL,NULL,NULL,NULL,NULL,NULL,34.97,NULL,NULL,NULL,NULL,,NULL,1,0,1,1,N,N,35,NULL,98,9849,NULL,,Y,37.44965,-82.30668,N,NULL,NULL,NULL,NULL,NULL,NULL,NULL,NULL,9,3,2,3,1,2,6,2,7,3,N,NULL,Y,N,800,1200,1220,N,NULL,44,7,0,N,,N,N,098-KY-0194-0,NULL,NULL,2021,C,7.26E+11,098-KY-0194  -000,HIGH,098-KY-0194  -000,34.97,0,0,0,0,0,0,0,0,0,0,0,1,0,0
1972,72755632,KSP0900,DZ71442,20220424,1234,,US119,,,US0119,US0119,0,098 US-119-10,US0119,N,N,NULL,NULL,NULL,N,NULL,NULL,NULL,NULL,NULL,NULL,3.39,NULL,NULL,NULL,NULL,,NULL,1,0,1,1,N,N,55,NULL,98,9801,NULL,,Y,37.51348,-82.47499,N,NULL,NULL,NULL,NULL,NULL,NULL,NULL,NULL,9,3,4,5,1,1,2,2,7,3,Y,NULL,N,Y,1234,1300,1315,N,NULL,70,2,1,N,,N,Y,098-US-0119-10,NULL,NULL,2022,C,7.28E+11,098-US-0119  -010,HIGH,098-US-0119  -000,3.39,0,0,0,0,0,0,0,1,1,1,0,1,0,0
1973,72530957,980100,2.02E+11,20200811,1436,,US23,,,US0023,US0023,,,,N,N,NULL,NULL,NULL,N,NULL,NULL,NULL,NULL,NULL,NULL,26.301,NULL,NULL,NULL,NULL,,NULL,2,0,3,3,N,N,55,NULL,98,9801,NULL,,Y,37.50391,-82.53238,N,NULL,NULL,NULL,NULL,NULL,NULL,NULL,NULL,5,3,4,6,1,1,2,2,7,3,Y,NULL,N,Y,1437,1440,1514,N,NULL,70,,1,N,,N,N,,NULL,NULL,2020,B,7.25E+11,098-US-0023  -010,MEDIUM,098-US-0023  -000,26.301,1,0,0,0,0,0,1,0,0,0,0,0,0,1
1974,72740611,980100,2.02E+11,20220314,1255,,KY3496,,,KY3496,KY3496,0,098 KY-3496,KY3496,N,N,NULL,NULL,NULL,N,NULL,NULL,NULL,NULL,NULL,NULL,0.898,NULL,NULL,NULL,NULL,,NULL,0,0,2,2,N,N,35,NULL,98,9801,NULL,,Y,37.4721,-82.52771,N,NULL,NULL,NULL,NULL,NULL,NULL,NULL,NULL,5,3,2,6,1,1,2,2,1,3,N,NULL,Y,N,1255,1300,,N,NULL,70,16,0,N,,N,N,098-KY-3496-0,NULL,NULL,2022,O,7.27E+11,098-KY-3496  -000,HIGH,098-KY-3496  -000,0.898,0,0,0,0,0,0,0,0,0,0,0,0,0,1
1975,72565669,KSP0900,20-753392,20201023,2300,,KY3218,,,KY3218,KY3218,0,098 KY-3218,KY3218,N,N,NULL,NULL,NULL,N,NULL,NULL,NULL,NULL,NULL,NULL,3.273,NULL,NULL,NULL,NULL,,NULL,1,0,1,1,N,N,55,NULL,98,9801,NULL,,Y,37.56253,-82.55721,N,NULL,NULL,NULL,NULL,NULL,NULL,NULL,NULL,9,3,2,1,1,1,2,6,7,3,Y,NULL,N,Y,2300,2340,,N,NULL,44,8,0,N,,N,N,098-KY-3218-0,NULL,NULL,2020,B,7.26E+11,098-KY-3218  -000,HIGH,098-KY-3218  -000,3.273,0,0,0,0,0,0,0,0,0,0,0,1,0,1
1976,72822362,KSP0900,22-416544,20221029,1409,,KY1426,,,KY1426,KY1426,0,098 KY-1426,KY1426,N,N,NULL,NULL,NULL,N,NULL,NULL,NULL,NULL,NULL,NULL,11.743,NULL,NULL,NULL,NULL,,NULL,0,0,1,1,N,N,55,NULL,98,9828,NULL,,Y,37.53305,-82.46751,N,NULL,NULL,NULL,NULL,NULL,NULL,NULL,NULL,9,3,2,6,1,1,2,2,7,3,N,NULL,N,N,1413,1420,1420,N,NULL,44,7,0,N,,N,N,098-KY-1426-0,NULL,NULL,2022,O,7.28E+11,098-KY-1426  -000,HIGH,098-KY-1426  -000,11.743,0,0,0,1,0,0,1,0,0,0,0,1,0,0