OBJECTID,MasterFile,AgencyORINumber,LocalCode,CollisionDate,CollisionTime,CollisionDayWeekCode,RoadwayName,RoadwayName_Direction_,RoadwayName_RoadwaySuffix_,RoadwayfromReport,CurrentRoadwayNumber,RoadwayNumberCoupletID,RSEUniqueGIS,RoadwayIdentifier,ParkingLotIndicator,IntersectionWith_Indicator_,IntersectionWith_NameRoadway_,IntersectionWith_Direction_,IntersectionWith_RoadwaySuffix_,BetweenStreets_Indicator_,BetweenStreets1_NameRoadway_,BetweenStreet1_Direction_,BetweenStreets1_RoadwaySuffix_,BetweenStreets2_NameRoadway_,BetweenStreets2_Direction_,BetweenStreets2_RoadwaySuffix_,Milepoint,ReportMilepointDeriveNumber,CurrentDerivedMiepointNumber,MilestoMilepoint,FeettoMilepoint,DirectionfromMilepoint_NSEW_,ValidMilepointIndicator,NumberInjured,NumberKilled,ofUnits,ofMotorVehicleUnits,Hit&RunIndicator,OneWayIndicator,SpeedLimitNumber,KilometersIndicator,CountyCode,CityCountyCode,MilesFromCity,DirectionFromCity_NSEW_,InCityLimitsIndicator,Latitude,Longitude,RampIndicator,RampFromIdentifier,RampFromDirCode,RampFromCoupletID,RSEUniqueGISRampFrom,RampToidentifier,RampToDirCode,RampToCoupletID,RSEUniqueGisRampTo,MannerofCollisionCode,LocationFirstEventCode,TotalLanes,RoadwayCharacterCode,RoadwaySurfaceCode,RoadwayConditionCode,WeatherCode,LightConditionCode,LandUseCode,SchoolBusRelatedCode,FirstAidSceneIndicator,CollDescPresentInd,InvestigationCompleteIndicator,PhotosTakenIndicator,TimeNotified,TimeArrived,TimeRoadwayOpened,PropertyDamageIndicator,DiagramPresentIndicator,DirectionalAnalysis,FunctionClassCode,NationalHwySysCode,EnforcementsIndicator,KARSCityCode,SecondaryCollisionIndicator,MedianCrossoverIndicator,RT_UNIQUE,MapIt,TimeLastLeft,YR,KABCO,MFNY,WorkingRID,RT_CONFIDENCE,KTC_RT,KTC_MP,Motorcyclist,Commercial Vehicle,Young Driver,Mature Driver,Pedestrian,Bicyclist,Distracted,Aggressive,Impaired,Unrestrained,Intersection,Roadway Departure,Median Cross-over,City Crash
1977,72602121,KSP0900,21-88705,20210305,1932,,BENT BRANCH,,RD,KY1426,KY1426,0,098 KY-1426,KY1426,N,N,NULL,NULL,NULL,N,NULL,NULL,NULL,NULL,NULL,NULL,16.827,NULL,NULL,NULL,NULL,,NULL,3,0,2,2,N,N,45,NULL,98,9820,NULL,,Y,37.57114,-82.43747,N,NULL,NULL,NULL,NULL,NULL,NULL,NULL,NULL,4,3,2,3,1,1,2,6,7,3,Y,NULL,Y,Y,1934,1952,2100,N,NULL,70,7,0,N,,N,N,098-KY-1426-0,NULL,NULL,2021,C,7.26E+11,098-KY-1426  -000,HIGH,098-KY-1426  -000,16.827,0,0,1,0,0,0,1,0,0,0,0,0,0,0
1978,72544241,980200,ELK4125-32-2020,20200917,1400,,ELKHORN,,CRK,KY0197,KY0197,0,098 KY-197,KY0197,N,N,NULL,NULL,NULL,N,NULL,NULL,NULL,NULL,NULL,NULL,10.957,NULL,NULL,NULL,NULL,,NULL,1,0,1,1,N,N,45,NULL,98,9802,5.6,SW,N,37.27235,-82.41885,N,NULL,NULL,NULL,NULL,NULL,NULL,NULL,NULL,9,3,2,6,1,5,6,2,6,3,Y,NULL,N,Y,1400,1420,1425,N,NULL,70,7,0,N,,N,N,098-KY-0197-0,NULL,NULL,2020,B,7.25E+11,098-KY-0197  -000,HIGH,098-KY-0197  -000,10.959,1,0,0,1,0,0,0,0,0,0,0,1,0,0
1979,72712769,KSP0900,21-514499,20211218,2004,,US460,,,US0460,US0460,0,098 US-460,US0460,N,N,NULL,NULL,NULL,N,NULL,NULL,NULL,NULL,NULL,NULL,2.324,NULL,NULL,NULL,NULL,,NULL,0,1,1,1,N,N,55,NULL,98,9824,NULL,,Y,37.43339,-82.48679,N,NULL,NULL,NULL,NULL,NULL,NULL,NULL,NULL,9,3,2,6,1,5,6,5,7,3,Y,NULL,N,Y,2004,2024,2200,N,NULL,44,,1,N,,N,N,098-US-0460-0,NULL,NULL,2021,K,7.27E+11,098-US-0460  -000,HIGH,098-US-0460  -000,2.324,0,0,0,0,0,0,0,0,0,1,0,1,0,0
1980,72544430,980500,2020AR053,20200921,1013,,MAYO,N,TRL,US0023,US0023,0,098 US-23,US0023,N,N,NULL,NULL,NULL,N,NULL,NULL,NULL,NULL,NULL,NULL,28.008,NULL,NULL,NULL,NULL,,NULL,0,0,1,1,N,N,55,NULL,98,9807,NULL,,Y,37.51492,-82.55856,N,NULL,NULL,NULL,NULL,NULL,NULL,NULL,NULL,9,3,4,6,1,1,2,2,1,3,N,NULL,Y,N,1013,1016,1027,N,NULL,38,,1,N,,N,N,098-US-0023-0,NULL,NULL,2020,O,7.25E+11,098-US-0023  -000,HIGH,098-US-0023  -000,28.008,0,0,0,1,0,0,0,0,0,0,0,0,0,0
1981,72517756,980100,2.02E+11,20200704,2142,,OWSLEY,,RD,KY1384,KY1384,,,,N,N,NULL,NULL,NULL,N,NULL,NULL,NULL,NULL,NULL,NULL,6.877,NULL,NULL,NULL,NULL,,NULL,0,0,2,2,N,N,45,NULL,98,9801,NULL,,Y,37.4799,-82.54166,N,NULL,NULL,NULL,NULL,NULL,NULL,NULL,NULL,1,3,4,6,1,1,2,5,1,3,N,NULL,Y,N,2142,2147,,N,NULL,55,16,0,N,,N,N,,NULL,NULL,2020,O,7.25E+11,098-KY-1384  -000,HIGH,098-KY-1384  -000,6.877,0,0,0,0,0,0,1,1,0,0,0,0,0,1
1982,72707476,KSP0900,21-501704,20211210,715,,FEDSCREEK,,RD,KY0366,KY0366,0,098 KY-366,KY0366,N,N,NULL,NULL,NULL,N,NULL,NULL,NULL,NULL,NULL,NULL,1.021,NULL,NULL,NULL,NULL,,NULL,2,0,1,1,N,N,35,NULL,98,9839,NULL,,Y,37.39811,-82.23304,N,NULL,NULL,NULL,NULL,NULL,NULL,NULL,NULL,9,4,2,6,1,1,3,1,7,3,N,NULL,Y,N,916,934,1230,N,NULL,44,9,0,N,,N,N,098-KY-0366-0,NULL,NULL,2021,C,7.27E+11,098-KY-0366  -000,HIGH,098-KY-0366  -000,1.021,0,0,1,0,0,0,1,0,0,0,0,1,0,0
1983,72788474,KSP0900,22-288818,20220728,1608,,KY197,,,KY0197,KY0197,0,098 KY-197,KY0197,N,N,NULL,NULL,NULL,N,NULL,NULL,NULL,NULL,NULL,NULL,16.035,NULL,NULL,NULL,NULL,,NULL,0,0,2,2,N,N,35,NULL,98,9802,NULL,,Y,37.29707,-82.35603,N,NULL,NULL,NULL,NULL,NULL,NULL,NULL,NULL,5,3,2,6,1,1,3,2,7,3,N,NULL,Y,N,1608,1636,1636,N,NULL,49,7,0,N,,N,N,098-KY-0197-0,NULL,NULL,2022,O,7.28E+11,098-KY-0197  -000,HIGH,098-KY-0197  -000,16.035,0,0,0,0,0,0,1,0,0,0,0,0,0,0
1984,72738868,KSP0900,22-85905,20220309,645,,KY197,,,KY0197,KY0197,0,098 KY-197,KY0197,N,N,NULL,NULL,NULL,N,NULL,NULL,NULL,NULL,NULL,NULL,16.618,NULL,NULL,NULL,NULL,,NULL,0,0,2,1,N,N,35,NULL,98,9802,NULL,,Y,37.30396,-82.35135,N,NULL,NULL,NULL,NULL,NULL,NULL,NULL,NULL,8,3,2,6,1,5,6,1,7,3,N,NULL,Y,N,645,704,704,N,NULL,53,7,0,N,,N,N,098-KY-0197-0,NULL,NULL,2022,O,7.27E+11,098-KY-0197  -000,HIGH,098-KY-0197  -000,16.618,0,0,0,0,0,0,0,0,0,0,0,1,0,0
1985,72622486,980100,2.02E+11,20210508,1400,,CASSIDY,,BLVD,,,,,,Y,N,NULL,NULL,NULL,N,NULL,NULL,NULL,NULL,NULL,NULL,0.291,NULL,NULL,NULL,NULL,,NULL,0,0,2,2,N,N,15,NULL,98,9801,NULL,,Y,37.505,-82.53665,N,NULL,NULL,NULL,NULL,NULL,NULL,NULL,NULL,2,97,1,6,1,1,2,2,1,3,N,NULL,Y,N,1400,1409,1409,N,NULL,90,,,N,,N,N,,NULL,NULL,2021,O,7.26E+11,098-CS-1191  -000,MEDIUM,098-CS-1191  -000,0.291,0,0,0,0,0,0,1,0,0,0,0,0,0,1
1986,72560348,980100,2.02E+11,20201103,1340,,REDALE,,RD,,,0,098 CS-1244,CS1244,N,N,NULL,NULL,NULL,N,NULL,NULL,NULL,NULL,NULL,NULL,0.274,NULL,NULL,NULL,NULL,,NULL,0,0,2,2,N,N,15,NULL,98,9801,NULL,,Y,37.48651,-82.5295,N,NULL,NULL,NULL,NULL,NULL,NULL,NULL,NULL,8,3,1,6,1,1,2,2,6,3,N,NULL,Y,N,1340,1347,,N,NULL,53,,,N,,N,N,098-CS-1244-0,NULL,NULL,2020,O,7.26E+11,098-CS-1244  -000,HIGH,098-CS-1244  -000,0.274,0,0,0,1,0,0,0,0,0,1,0,1,0,1
1987,72567470,KSP0900,20-757440,20201025,1705,,KY1426,,,KY1426,KY1426,,,,N,N,NULL,NULL,NULL,N,NULL,NULL,NULL,NULL,NULL,NULL,12.791,NULL,NULL,NULL,NULL,,NULL,2,0,2,2,N,N,35,NULL,98,9828,NULL,,Y,37.54616,-82.46551,N,NULL,NULL,NULL,NULL,NULL,NULL,NULL,NULL,3,3,2,6,1,1,2,2,7,3,Y,NULL,Y,Y,1707,1724,1935,N,NULL,52,7,0,N,,N,N,,NULL,NULL,2020,B,7.26E+11,098-KY-1426  -000,HIGH,098-KY-1426  -000,12.791,0,0,0,0,0,0,0,1,0,1,0,1,0,0
1988,72688063,980100,2.02E+11,20211027,733,,US23 TURN LANE,,,US0023,US0023,0,098 US-23-20,US0023,N,N,NULL,NULL,NULL,N,NULL,NULL,NULL,NULL,NULL,NULL,0.007,NULL,NULL,NULL,NULL,,NULL,0,0,2,1,N,N,55,NULL,98,9801,NULL,,Y,37.5041,-82.53221,N,NULL,NULL,NULL,NULL,NULL,NULL,NULL,NULL,5,3,4,6,1,1,2,2,7,3,N,NULL,Y,N,733,742,742,N,NULL,49,,1,N,,N,N,098-US-0023-20,NULL,NULL,2021,O,7.27E+11,098-US-0023  -020,HIGH,098-US-0023  -020,0.007,0,0,1,0,0,0,0,0,0,0,0,0,0,1
1989,72488688,980100,2.02E+11,20200317,627,,US23,,,US0023,US0023,0,098 US-23,US0023,N,N,NULL,NULL,NULL,N,NULL,NULL,NULL,NULL,NULL,NULL,23.058,NULL,NULL,NULL,NULL,,NULL,0,0,2,2,N,N,55,NULL,98,9801,NULL,,Y,37.46599,-82.52814,N,NULL,NULL,NULL,NULL,NULL,NULL,NULL,NULL,5,3,4,6,1,5,6,6,1,3,N,NULL,Y,N,627,634,638,N,NULL,49,,1,N,,N,N,098-US-0023-0,NULL,NULL,2020,O,7.25E+11,098-US-0023  -000,HIGH,098-US-0023  -000,23.058,0,0,0,1,0,0,1,0,0,0,0,0,0,1
1990,72683922,KSP0900,21-421272,20211012,1458,,US460,,,US0460,US0460,0,098 US-460,US0460,N,N,NULL,NULL,NULL,N,NULL,NULL,NULL,NULL,NULL,NULL,4.08,NULL,NULL,NULL,NULL,,NULL,4,0,1,1,N,N,55,NULL,98,9801,NULL,,Y,37.41967,-82.46066,N,NULL,NULL,NULL,NULL,NULL,NULL,NULL,NULL,9,3,2,6,1,1,2,2,7,3,N,NULL,Y,Y,1458,1501,1535,N,NULL,44,,1,N,,N,N,098-US-0460-0,NULL,NULL,2021,B,7.27E+11,098-US-0460  -000,HIGH,098-US-0460  -000,4.08,0,0,0,0,0,0,0,0,0,0,0,1,0,0
1991,72705569,KSP0900,21-496678,20211206,1513,,VIRGIE,,RD,KY0610,KY0610,0,098 KY-610,KY0610,N,N,NULL,NULL,NULL,N,NULL,NULL,NULL,NULL,NULL,NULL,8.072,NULL,NULL,NULL,NULL,,NULL,0,0,1,1,N,N,45,NULL,98,9827,NULL,,Y,37.33891,-82.58832,N,NULL,NULL,NULL,NULL,NULL,NULL,NULL,NULL,9,5,2,3,1,5,6,2,6,3,N,NULL,Y,N,1513,1550,1630,N,NULL,44,7,0,N,,N,N,098-KY-0610-0,NULL,NULL,2021,O,7.27E+11,098-KY-0610  -000,HIGH,098-KY-0610  -000,8.072,0,0,1,0,0,0,0,0,0,0,0,1,0,0
1992,72496375,KSP0900,20-15181,20200424,952,,MILLERS,,CRK,,,0,098 CR-1320Q4,CR1320Q4,N,N,NULL,NULL,NULL,N,NULL,NULL,NULL,NULL,NULL,NULL,2.317,NULL,NULL,NULL,NULL,,NULL,0,0,1,1,N,N,45,NULL,98,9801,NULL,,Y,37.56519,-82.52415,N,NULL,NULL,NULL,NULL,NULL,NULL,NULL,NULL,9,5,2,6,2,5,6,2,7,3,N,NULL,Y,N,955,1100,1100,N,NULL,51,,,N,,N,N,098-CR-1320Q4-0,NULL,NULL,2020,O,7.25E+11,098-CR-1320Q4-000,HIGH,098-CR-1320Q4-000,2.317,0,0,0,0,0,0,0,0,0,0,0,1,0,0
1993,72523837,KSP0900,20-587408,20200707,647,,3C,,RD,,,0,098 CR-1984,CR1984,N,N,NULL,NULL,NULL,N,NULL,NULL,NULL,NULL,NULL,NULL,0.276,NULL,NULL,NULL,NULL,,NULL,0,1,1,1,N,N,35,NULL,98,9864,4,S,N,37.25747,-82.48104,N,NULL,NULL,NULL,NULL,NULL,NULL,NULL,NULL,9,4,1,1,3,1,2,6,7,3,Y,NULL,Y,Y,650,726,,N,NULL,51,,,N,,N,N,098-CR-1984-0,NULL,NULL,2020,K,7.25E+11,098-CR-1984  -000,HIGH,098-CR-1984  -000,0.276,0,0,0,0,0,0,0,0,0,1,0,1,0,0
1994,72517456,KSP0900,20-580781,20200703,1654,,VIRGIE,,RD,KY0610,KY0610,0,098 KY-610,KY0610,N,N,NULL,NULL,NULL,N,NULL,NULL,NULL,NULL,NULL,NULL,8.938,NULL,NULL,NULL,NULL,,NULL,0,0,2,2,N,N,35,NULL,98,9827,NULL,,Y,37.34983,-82.5927,N,NULL,NULL,NULL,NULL,NULL,NULL,NULL,NULL,1,3,2,6,1,1,2,2,7,3,N,NULL,N,N,1746,1756,1822,N,NULL,55,7,0,Y,,N,N,098-KY-0610-0,NULL,NULL,2020,O,7.25E+11,098-KY-0610  -000,HIGH,098-KY-0610  -000,8.938,0,0,0,0,0,0,1,0,0,0,0,0,0,0
1995,72633179,KSP0900,21-230241,20210605,1542,,US119,,,US0119,US0119,,,,Y,N,NULL,NULL,NULL,N,NULL,NULL,NULL,NULL,NULL,NULL,23.986,NULL,NULL,NULL,NULL,,NULL,0,0,2,2,N,N,15,NULL,98,9834,NULL,,Y,37.65572,-82.26953,N,NULL,NULL,NULL,NULL,NULL,NULL,NULL,NULL,5,97,1,6,1,1,2,2,7,3,N,NULL,N,N,1635,1700,1700,N,NULL,90,2,1,N,,N,N,,NULL,NULL,2021,O,7.26E+11,098-US-0119  -000,MEDIUM,098-US-0119  -000,23.986,0,0,0,1,0,0,1,0,0,0,0,0,0,0
1996,72465050,980100,2.02E+11,20200106,817,,US23,,,US0023,US0023,,,,N,N,NULL,NULL,NULL,N,NULL,NULL,NULL,NULL,NULL,NULL,18.726,NULL,NULL,NULL,NULL,,NULL,0,0,2,2,N,N,55,NULL,98,9801,NULL,,Y,37.4381,-82.50969,N,NULL,NULL,NULL,NULL,NULL,NULL,NULL,NULL,8,3,4,6,1,1,2,2,7,3,N,NULL,Y,N,817,825,825,N,NULL,53,,1,N,,N,N,,NULL,NULL,2020,O,7.25E+11,098-US-0023  -000,MEDIUM,098-US-0023  -000,18.726,0,0,0,0,0,0,1,1,0,0,0,1,0,1
1997,72477666,980100,2.02E+11,20200210,1417,,HAROLDS BRANCH,,RD,,,0,098 CS-1223,CS1223,Y,N,NULL,NULL,NULL,N,NULL,NULL,NULL,NULL,NULL,NULL,0.053,NULL,NULL,NULL,NULL,,NULL,0,0,2,2,N,N,,NULL,98,9801,NULL,,Y,37.47206,-82.52253,N,NULL,NULL,NULL,NULL,NULL,NULL,NULL,NULL,6,97,2,4,2,1,2,2,7,3,N,NULL,N,N,1417,1429,1429,N,NULL,90,,,N,,N,N,098-CS-1223-0,NULL,NULL,2020,O,7.25E+11,098-CS-1223  -000,HIGH,098-CS-1223  -000,0.053,0,0,0,0,0,0,0,0,0,0,0,0,0,1
1998,72542715,KSP0900,20-693538,20200911,1531,,PETER FORK,,RD,,,0,098 CR-1527,CR1527,N,N,NULL,NULL,NULL,N,NULL,NULL,NULL,NULL,NULL,NULL,0.708,NULL,NULL,NULL,NULL,,NULL,0,0,2,2,N,N,35,NULL,98,9863,NULL,,Y,37.58381,-82.16633,N,NULL,NULL,NULL,NULL,NULL,NULL,NULL,NULL,7,3,1,6,1,1,2,2,7,3,N,NULL,Y,N,1531,1620,1632,N,NULL,54,,,N,,N,N,098-CR-1527-0,NULL,NULL,2020,O,7.25E+11,098-CR-1527  -000,HIGH,098-CR-1527  -000,0.708,0,0,0,0,0,0,0,0,0,0,0,1,0,0
1999,72562257,980100,2.02E+11,20201106,1230,,MAIN,,ST,,,,,,N,N,NULL,NULL,NULL,N,NULL,NULL,NULL,NULL,NULL,NULL,,NULL,NULL,NULL,NULL,NULL,NULL,0,0,2,2,Y,N,25,NULL,98,9801,NULL,,Y,37.47946,-82.5175,N,NULL,NULL,NULL,NULL,NULL,NULL,NULL,NULL,8,3,1,6,1,1,2,2,1,3,N,NULL,Y,N,1230,1230,,N,NULL,47,,,Y,,N,N,,NULL,NULL,2020,O,7.26E+11,098-CS-1112  -000,MEDIUM,098-CS-1112  -000,0.134,0,0,0,0,0,0,0,0,1,1,0,0,0,1
2000,72427260,KSP0900,19-42045,20191025,2144,,US119,,,US0119,US0119,0,098 US-119,US0119,N,N,NULL,NULL,NULL,N,NULL,NULL,NULL,NULL,NULL,NULL,24.063,NULL,NULL,NULL,NULL,,NULL,0,0,2,2,N,N,25,NULL,98,9834,NULL,,Y,37.65656,-82.27046,N,NULL,NULL,NULL,NULL,NULL,NULL,NULL,NULL,4,3,4,5,1,1,2,7,7,3,N,NULL,Y,N,2149,2155,2149,N,NULL,70,2,1,N,,N,N,098-US-0119-0,NULL,NULL,2019,O,7.24E+11,098-US-0119  -000,HIGH,098-US-0119  -000,24.063,0,0,0,0,0,0,0,1,0,0,0,0,0,0
2001,72658251,980100,2.02E+11,20210813,1725,,US23,,,US0023,US0023,,,,N,N,NULL,NULL,NULL,N,NULL,NULL,NULL,NULL,NULL,NULL,27.167,NULL,NULL,NULL,NULL,,NULL,0,0,2,2,N,N,45,NULL,98,9801,NULL,,Y,37.51046,-82.54459,N,NULL,NULL,NULL,NULL,NULL,NULL,NULL,NULL,5,3,2,6,97,1,2,2,7,3,N,NULL,Y,N,1725,1732,,N,NULL,49,,1,N,,N,N,,NULL,NULL,2021,O,7.27E+11,098-US-0023  -000,MEDIUM,098-US-0023  -000,27.167,0,0,0,0,0,0,1,1,0,0,0,0,0,1
2002,72535680,980100,2.02E+11,20200826,957,,BYPASS,S,RD,KY1426,KY1426,0,098 KY-1426,KY1426,Y,N,NULL,NULL,NULL,N,NULL,NULL,NULL,NULL,NULL,NULL,5.691,NULL,NULL,NULL,NULL,,NULL,0,0,2,2,N,N,15,NULL,98,9801,NULL,,Y,37.47278,-82.52284,N,NULL,NULL,NULL,NULL,NULL,NULL,NULL,NULL,1,97,2,6,1,1,2,2,5,3,N,NULL,Y,N,957,1002,1002,N,NULL,90,,0,N,,N,N,098-KY-1426-0,NULL,NULL,2020,O,7.25E+11,098-KY-1426  -000,HIGH,098-KY-1426  -000,5.691,0,0,0,0,0,0,1,0,0,0,0,0,0,1
2003,72602276,KSP0900,21-86613,20210304,1523,,US119,,,US0119,US0119,0,098 US-119,US0119,N,N,NULL,NULL,NULL,N,NULL,NULL,NULL,NULL,NULL,NULL,9.933,NULL,NULL,NULL,NULL,,NULL,0,0,1,1,N,N,55,NULL,98,9820,NULL,,Y,37.5821,-82.40705,N,NULL,NULL,NULL,NULL,NULL,NULL,NULL,NULL,9,3,4,6,1,1,2,2,7,3,N,NULL,Y,N,1500,1515,1515,N,NULL,40,2,1,N,,N,N,098-US-0119-0,NULL,NULL,2021,O,7.26E+11,098-US-0119  -000,HIGH,098-US-0119  -000,9.933,0,0,0,0,0,0,0,0,0,0,0,1,0,0
2004,72700540,980100,2.02E+11,20211123,1250,,HAMBLEY,,BLVD,,,,,,Y,N,NULL,NULL,NULL,N,NULL,NULL,NULL,NULL,NULL,NULL,1.169,NULL,NULL,NULL,NULL,,NULL,0,0,2,2,N,N,15,NULL,98,9801,NULL,,Y,37.48531,-82.52464,N,NULL,NULL,NULL,NULL,NULL,NULL,NULL,NULL,8,97,1,6,1,1,2,2,1,3,N,NULL,Y,N,1250,1300,1300,N,NULL,90,,,N,,N,N,,NULL,NULL,2021,O,7.27E+11,098-CS-1222  -000,MEDIUM,098-CS-1222  -000,1.169,0,0,0,1,0,0,1,0,0,0,0,0,0,1
2005,72582685,980100,2.02E+11,20210107,2355,,CHLOE,,RD,KY1460,KY1460,0,098 KY-1460,KY1460,N,N,NULL,NULL,NULL,N,NULL,NULL,NULL,NULL,NULL,NULL,4.469,NULL,NULL,NULL,NULL,,NULL,0,0,1,1,N,N,35,NULL,98,9801,NULL,,Y,37.47738,-82.50492,N,NULL,NULL,NULL,NULL,NULL,NULL,NULL,NULL,9,5,2,3,1,5,3,7,7,3,N,NULL,Y,N,2350,2355,,N,NULL,51,,0,N,,N,N,098-KY-1460-0,NULL,NULL,2021,O,7.26E+11,098-KY-1460  -000,MEDIUM,098-KY-1460  -000,4.469,0,0,0,0,0,0,0,0,0,0,0,1,0,1
2006,72738704,980100,2.02E+11,20220304,1214,,BAIRD,,AVE,KY1426,KY1426,0,098 KY-1426,KY1426,N,N,NULL,NULL,NULL,N,NULL,NULL,NULL,NULL,NULL,NULL,5.389,NULL,NULL,NULL,NULL,,NULL,1,0,2,2,N,N,25,NULL,98,9801,NULL,,Y,37.4731,-82.5271,N,NULL,NULL,NULL,NULL,NULL,NULL,NULL,NULL,5,3,2,6,1,1,2,2,7,3,Y,NULL,Y,Y,1215,1215,1226,N,NULL,49,,0,N,,N,N,098-KY-1426-0,NULL,NULL,2022,C,7.27E+11,098-KY-1426  -000,HIGH,098-KY-1426  -000,5.389,0,0,0,0,0,0,0,0,0,0,0,0,0,1
2007,72395160,KSP0900,19-30014,20190806,2340,,OWSLEY,,RD,KY1384,KY1384,0,098 KY-1384,KY1384,N,N,NULL,NULL,NULL,N,NULL,NULL,NULL,NULL,NULL,NULL,2.462,NULL,NULL,NULL,NULL,,NULL,0,0,1,1,N,N,35,NULL,98,9801,NULL,,Y,37.51269,-82.59159,N,NULL,NULL,NULL,NULL,NULL,NULL,NULL,NULL,9,5,2,6,1,1,2,7,7,3,N,NULL,N,N,2341,2348,,N,NULL,40,,0,N,,N,N,098-KY-1384-0,NULL,NULL,2019,O,7.24E+11,098-KY-1384  -000,HIGH,098-KY-1384  -000,2.462,0,0,0,0,0,0,1,0,0,0,0,1,0,0
2008,72464744,KSP0900,20-1613,20200112,1600,,KY2062,,,KY2062,KY2062,0,098 KY-2062,KY2062,N,N,NULL,NULL,NULL,N,NULL,NULL,NULL,NULL,NULL,NULL,1.899,NULL,NULL,NULL,NULL,,NULL,0,0,2,2,N,N,35,NULL,98,9804,NULL,,Y,37.51326,-82.11281,N,NULL,NULL,NULL,NULL,NULL,NULL,NULL,NULL,2,3,2,1,1,1,2,2,7,3,N,NULL,Y,N,1605,1646,1646,N,NULL,56,8,0,N,,N,N,098-KY-2062-0,NULL,NULL,2020,O,7.25E+11,098-KY-2062  -000,HIGH,098-KY-2062  -000,1.899,0,0,0,0,0,0,1,0,0,0,0,0,0,0
2009,72623735,KSP0900,21-190155,20210511,1412,,US119,,,US0119,US0119,0,098 US-119-10,US0119,Y,N,NULL,NULL,NULL,N,NULL,NULL,NULL,NULL,NULL,NULL,23.847,NULL,NULL,NULL,NULL,,NULL,0,0,2,2,N,N,10,NULL,98,9834,NULL,,Y,37.65423,-82.26977,N,NULL,NULL,NULL,NULL,NULL,NULL,NULL,NULL,1,97,4,6,1,1,2,2,1,3,N,NULL,Y,N,1412,1445,1445,N,NULL,90,2,1,N,,N,N,098-US-0119-10,NULL,NULL,2021,O,7.26E+11,098-US-0119  -010,HIGH,098-US-0119  -000,23.847,0,0,0,1,0,0,1,0,0,0,0,0,0,0
2010,72621146,980100,2.02E+11,20210504,1127,,BYPASS,,RD,,,0,098 CS-1223,CS1223,Y,N,NULL,NULL,NULL,N,NULL,NULL,NULL,NULL,NULL,NULL,,NULL,NULL,NULL,NULL,NULL,NULL,0,0,2,2,N,N,,NULL,98,9801,NULL,,Y,37.47128,-82.52117,N,NULL,NULL,NULL,NULL,NULL,NULL,NULL,NULL,2,97,1,6,2,1,2,2,1,3,N,NULL,Y,N,1127,1138,1138,N,NULL,90,,,N,,N,N,098-CS-1223-0,NULL,NULL,2021,O,7.26E+11,098-CS-1223  -000,HIGH,098-CS-1223  -000,0.135,0,0,0,0,0,0,1,0,0,0,0,0,0,1
2011,72682467,KSP0900,21-420328,20211011,1929,,KY194,,,KY0194,KY0194,0,098 KY-194,KY0194,N,N,NULL,NULL,NULL,N,NULL,NULL,NULL,NULL,NULL,NULL,10.67,NULL,NULL,NULL,NULL,,NULL,0,0,2,2,N,N,45,NULL,98,9801,NULL,,Y,37.60244,-82.52038,N,NULL,NULL,NULL,NULL,NULL,NULL,NULL,NULL,7,3,2,6,1,1,2,6,7,3,N,NULL,Y,Y,1929,1941,2030,N,NULL,54,7,0,N,,N,N,098-KY-0194-0,NULL,NULL,2021,O,7.27E+11,098-KY-0194  -000,HIGH,098-KY-0194  -000,10.67,0,0,0,0,0,0,0,0,1,0,0,1,0,0
2012,72672469,980100,2.02E+11,20210917,1647,,BAIRD,,AVE,KY1426,KY1426,,,,Y,N,NULL,NULL,NULL,N,NULL,NULL,NULL,NULL,NULL,NULL,5.389,NULL,NULL,NULL,NULL,,NULL,0,0,2,2,N,N,,NULL,98,9801,NULL,,Y,37.47321,-82.52728,N,NULL,NULL,NULL,NULL,NULL,NULL,NULL,NULL,2,97,2,5,1,1,2,2,1,3,N,NULL,Y,N,1648,1658,,N,NULL,90,,0,N,,N,N,,NULL,NULL,2021,O,7.27E+11,098-KY-1426  -000,HIGH,098-KY-1426  -000,5.389,0,0,1,0,0,0,1,0,0,0,0,0,0,1
2013,72788045,980100,2.02E+11,20220729,1245,,US23,,,US0023,US0023,0,098 US-23,US0023,N,N,NULL,NULL,NULL,N,NULL,NULL,NULL,NULL,NULL,NULL,20.499,NULL,NULL,NULL,NULL,,NULL,0,0,2,2,N,N,55,NULL,98,9801,NULL,,Y,37.4437,-82.51862,N,NULL,NULL,NULL,NULL,NULL,NULL,NULL,NULL,8,3,4,6,1,1,3,2,7,3,N,NULL,Y,N,1238,1254,1254,N,NULL,53,,1,N,,N,N,098-US-0023-0,NULL,NULL,2022,O,7.28E+11,098-US-0023  -000,HIGH,098-US-0023  -000,20.499,0,0,0,1,0,0,1,0,0,0,0,1,0,1
2014,72796407,KSP0900,22-317385,20220816,2345,,KY1426,,,KY1426,KY1426,0,098 KY-1426,KY1426,N,N,NULL,NULL,NULL,N,NULL,NULL,NULL,NULL,NULL,NULL,15.717,NULL,NULL,NULL,NULL,,NULL,1,0,2,2,N,N,35,NULL,98,9820,NULL,,Y,37.5652,-82.44719,N,NULL,NULL,NULL,NULL,NULL,NULL,NULL,NULL,1,3,2,6,1,1,2,6,7,3,Y,NULL,Y,Y,2345,2351,30,N,NULL,55,7,0,Y,,N,N,098-KY-1426-0,NULL,NULL,2022,B,7.28E+11,098-KY-1426  -000,HIGH,098-KY-1426  -000,15.717,0,0,1,0,0,0,0,0,1,0,0,0,0,0