OBJECTID,MasterFile,AgencyORINumber,LocalCode,CollisionDate,CollisionTime,CollisionDayWeekCode,RoadwayName,RoadwayName_Direction_,RoadwayName_RoadwaySuffix_,RoadwayfromReport,CurrentRoadwayNumber,RoadwayNumberCoupletID,RSEUniqueGIS,RoadwayIdentifier,ParkingLotIndicator,IntersectionWith_Indicator_,IntersectionWith_NameRoadway_,IntersectionWith_Direction_,IntersectionWith_RoadwaySuffix_,BetweenStreets_Indicator_,BetweenStreets1_NameRoadway_,BetweenStreet1_Direction_,BetweenStreets1_RoadwaySuffix_,BetweenStreets2_NameRoadway_,BetweenStreets2_Direction_,BetweenStreets2_RoadwaySuffix_,Milepoint,ReportMilepointDeriveNumber,CurrentDerivedMiepointNumber,MilestoMilepoint,FeettoMilepoint,DirectionfromMilepoint_NSEW_,ValidMilepointIndicator,NumberInjured,NumberKilled,ofUnits,ofMotorVehicleUnits,Hit&RunIndicator,OneWayIndicator,SpeedLimitNumber,KilometersIndicator,CountyCode,CityCountyCode,MilesFromCity,DirectionFromCity_NSEW_,InCityLimitsIndicator,Latitude,Longitude,RampIndicator,RampFromIdentifier,RampFromDirCode,RampFromCoupletID,RSEUniqueGISRampFrom,RampToidentifier,RampToDirCode,RampToCoupletID,RSEUniqueGisRampTo,MannerofCollisionCode,LocationFirstEventCode,TotalLanes,RoadwayCharacterCode,RoadwaySurfaceCode,RoadwayConditionCode,WeatherCode,LightConditionCode,LandUseCode,SchoolBusRelatedCode,FirstAidSceneIndicator,CollDescPresentInd,InvestigationCompleteIndicator,PhotosTakenIndicator,TimeNotified,TimeArrived,TimeRoadwayOpened,PropertyDamageIndicator,DiagramPresentIndicator,DirectionalAnalysis,FunctionClassCode,NationalHwySysCode,EnforcementsIndicator,KARSCityCode,SecondaryCollisionIndicator,MedianCrossoverIndicator,RT_UNIQUE,MapIt,TimeLastLeft,YR,KABCO,MFNY,WorkingRID,RT_CONFIDENCE,KTC_RT,KTC_MP,Motorcyclist,Commercial Vehicle,Young Driver,Mature Driver,Pedestrian,Bicyclist,Distracted,Aggressive,Impaired,Unrestrained,Intersection,Roadway Departure,Median Cross-over,City Crash
2015,72648980,KSP0900,21-292284,20210715,941,,FOREST HILLS,,RD,,,0,098 CR-1529,CR1529,N,N,NULL,NULL,NULL,N,NULL,NULL,NULL,NULL,NULL,NULL,0.09,NULL,NULL,NULL,NULL,,NULL,1,0,1,1,N,N,35,NULL,98,9836,NULL,,Y,37.62455,-82.29961,N,NULL,NULL,NULL,NULL,NULL,NULL,NULL,NULL,9,97,1,6,3,1,2,2,7,3,Y,NULL,Y,Y,941,956,1045,N,NULL,44,,,N,,N,N,098-CR-1529-0,NULL,NULL,2021,C,7.26E+11,098-CR-1529  -000,HIGH,098-CR-1529  -000,0.09,0,0,0,1,0,0,0,0,0,0,0,1,0,0
2016,72767118,KSP0900,22-200443,20220529,1938,,MALL,,RD,,,0,098 CR-1037,CR1037,Y,N,NULL,NULL,NULL,N,NULL,NULL,NULL,NULL,NULL,NULL,0.395,NULL,NULL,NULL,NULL,,NULL,0,0,2,2,N,N,,NULL,98,9834,NULL,,Y,37.65644,-82.27172,N,NULL,NULL,NULL,NULL,NULL,NULL,NULL,NULL,5,97,,4,1,1,2,2,1,3,N,NULL,Y,N,1938,1948,1948,N,NULL,90,,,N,,N,N,098-CR-1037-0,NULL,NULL,2022,O,7.28E+11,098-CR-1037  -000,HIGH,098-CR-1037  -000,0.395,0,0,0,0,0,0,0,0,0,0,0,0,0,0
2017,72472220,980100,2.02E+11,20200129,1413,,HAMBLEY BLVD,,,,,,,,N,N,NULL,NULL,NULL,N,NULL,NULL,NULL,NULL,NULL,NULL,,NULL,NULL,NULL,NULL,NULL,NULL,0,0,2,2,N,N,15,NULL,98,9801,NULL,,Y,37.48164,-82.5338,N,NULL,NULL,NULL,NULL,NULL,NULL,NULL,NULL,1,97,1,6,1,1,3,2,1,3,N,NULL,N,N,1413,1416,1416,N,NULL,55,,,Y,,N,N,,NULL,NULL,2020,O,7.25E+11,098-KY-1384  -022,MEDIUM,098-KY-1384  -022,0.026,0,0,0,0,0,0,1,0,0,0,0,0,0,1
2018,72646730,980100,2.02E+11,20210709,820,,US23,,,US0023,US0023,0,098 US-23,US0023,N,N,NULL,NULL,NULL,N,NULL,NULL,NULL,NULL,NULL,NULL,22.152,NULL,NULL,NULL,NULL,,NULL,1,0,2,2,N,N,55,NULL,98,9801,NULL,,Y,37.45943,-82.51695,N,NULL,NULL,NULL,NULL,NULL,NULL,NULL,NULL,5,3,4,6,1,5,3,2,7,3,Y,NULL,Y,Y,820,826,829,N,NULL,49,,1,N,,N,N,098-US-0023-0,NULL,NULL,2021,C,7.26E+11,098-US-0023  -000,HIGH,098-US-0023  -000,22.152,0,0,0,1,0,0,0,0,0,0,0,0,0,1
2019,72699895,980100,2.02E+11,20211107,131,,HAMBLEY,,BLVD,,,0,098 CS-1222,CS1222,Y,N,NULL,NULL,NULL,N,NULL,NULL,NULL,NULL,NULL,NULL,0.343,NULL,NULL,NULL,NULL,,NULL,0,0,2,2,N,N,15,NULL,98,9801,NULL,,Y,37.47667,-82.52219,N,NULL,NULL,NULL,NULL,NULL,NULL,NULL,NULL,8,97,1,6,1,1,2,4,5,3,N,NULL,N,N,131,133,,N,NULL,90,,,Y,,N,N,098-CS-1222-0,NULL,NULL,2021,O,7.27E+11,098-CS-1222  -000,HIGH,098-CS-1222  -000,0.343,0,0,0,0,0,0,0,0,0,0,0,0,0,1
2020,72824292,KSP0900,22-422158,20221102,2050,,KY199,,,KY0199,KY0199,0,098 KY-199,KY0199,N,N,NULL,NULL,NULL,N,NULL,NULL,NULL,NULL,NULL,NULL,8.133,NULL,NULL,NULL,NULL,,NULL,0,0,1,1,N,N,35,NULL,98,9819,NULL,,Y,37.56007,-82.2597,N,NULL,NULL,NULL,NULL,NULL,NULL,NULL,NULL,9,3,2,3,1,1,2,4,7,3,N,NULL,N,N,2050,2053,2102,N,NULL,70,9,0,N,,N,N,098-KY-0199-0,NULL,NULL,2022,O,7.28E+11,098-KY-0199  -000,HIGH,098-KY-0199  -000,8.133,0,0,0,0,0,0,1,0,0,0,0,1,0,0
2021,72747527,980100,2.02E+11,20220325,2214,,HAMBLEY,,BLVD,,,0,098 CS-1222,CS1222,N,N,NULL,NULL,NULL,N,NULL,NULL,NULL,NULL,NULL,NULL,0.806,NULL,NULL,NULL,NULL,,NULL,1,0,2,1,Y,N,25,NULL,98,9801,NULL,,Y,37.48262,-82.51925,N,NULL,NULL,NULL,NULL,NULL,NULL,NULL,NULL,9,3,2,6,1,1,2,4,1,3,Y,NULL,Y,N,2214,2231,,N,NULL,36,,,Y,,N,N,098-CS-1222-0,NULL,NULL,2022,C,7.27E+11,098-CS-1222  -000,HIGH,098-CS-1222  -000,0.806,0,0,0,0,1,0,0,0,0,0,0,0,0,1
2022,72780583,980100,2.02E+11,20220707,1745,,US23,,,US0023,US0023,0,098 US-23-10,US0023,N,Y,KY3496,,,N,NULL,NULL,NULL,NULL,NULL,NULL,23.063,NULL,NULL,NULL,NULL,,NULL,0,0,2,2,N,N,55,NULL,98,9801,NULL,,Y,37.46584,-82.52814,N,NULL,NULL,NULL,NULL,NULL,NULL,NULL,NULL,1,3,4,6,1,1,2,2,7,3,N,NULL,Y,N,1745,1749,1749,N,NULL,10,,1,N,,N,N,098-US-0023-10,NULL,NULL,2022,O,7.28E+11,098-US-0023  -010,HIGH,098-US-0023  -000,23.063,0,0,0,0,0,0,1,1,0,0,1,0,0,1
2023,72412568,KSP0900,19-37616,20190925,1554,,US119,,,US0119,US0119,0,098 US-119,US0119,Y,N,NULL,NULL,NULL,N,NULL,NULL,NULL,NULL,NULL,NULL,24.828,NULL,NULL,NULL,NULL,,NULL,0,0,2,2,N,N,,NULL,98,9834,NULL,,Y,37.66638,-82.2751,N,NULL,NULL,NULL,NULL,NULL,NULL,NULL,NULL,5,97,1,6,1,1,2,2,1,3,N,NULL,Y,N,1554,1621,1621,N,NULL,90,2,1,N,,N,N,098-US-0119-0,NULL,NULL,2019,O,7.24E+11,098-US-0119  -000,HIGH,098-US-0119  -000,24.828,0,0,0,0,0,0,1,0,0,0,0,0,0,0
2024,72450484,KSP0900,19-48656,20191213,1114,,KY194,,,KY0194,KY0194,0,098 KY-194,KY0194,N,N,NULL,NULL,NULL,N,NULL,NULL,NULL,NULL,NULL,NULL,26.674,NULL,NULL,NULL,NULL,,NULL,1,0,2,2,N,N,55,NULL,98,9817,NULL,,Y,37.49754,-82.34948,N,NULL,NULL,NULL,NULL,NULL,NULL,NULL,NULL,5,3,2,6,1,5,2,2,7,3,Y,NULL,Y,Y,1114,1155,1155,N,NULL,49,7,0,N,,N,N,098-KY-0194-0,NULL,NULL,2019,C,7.25E+11,098-KY-0194  -000,HIGH,098-KY-0194  -000,26.674,0,0,0,0,0,0,0,1,0,0,0,0,0,0
2025,72771813,980100,2.02E+11,20220531,1341,,US23,,,US0023,US0023,0,098 US-23,US0023,N,N,NULL,NULL,NULL,N,NULL,NULL,NULL,NULL,NULL,NULL,31.184,NULL,NULL,NULL,NULL,,NULL,2,0,1,1,N,N,55,NULL,98,9801,NULL,,Y,37.53624,-82.5977,N,NULL,NULL,NULL,NULL,NULL,NULL,NULL,NULL,9,3,4,6,1,1,2,2,1,3,Y,NULL,Y,Y,1347,1352,,N,NULL,40,,1,N,,N,N,098-US-0023-0,NULL,NULL,2022,C,7.28E+11,098-US-0023  -000,HIGH,098-US-0023  -000,31.184,0,0,0,0,0,0,0,0,0,0,0,1,0,1
2026,72550836,KSP0900,20-731306,20201007,1614,,LEFT FORK OF ISLAND,,CRK,KY3416,KY3416,0,098 KY-3416,KY3416,N,N,NULL,NULL,NULL,N,NULL,NULL,NULL,NULL,NULL,NULL,0.33,NULL,NULL,NULL,NULL,,NULL,0,0,2,2,Y,N,55,NULL,98,9801,NULL,,Y,37.43513,-82.5491,N,NULL,NULL,NULL,NULL,NULL,NULL,NULL,NULL,1,3,2,6,1,1,2,2,7,3,N,NULL,Y,N,1614,1633,,N,NULL,55,9,0,Y,,N,N,098-KY-3416-0,NULL,NULL,2020,O,7.26E+11,098-KY-3416  -000,HIGH,098-KY-3416  -000,0.33,0,0,0,0,0,0,1,0,0,0,0,0,0,0
2027,72475343,980100,2.02E+11,20200211,1400,,HAROLDS BRANCH,,RD,,,0,098 CS-1223,CS1223,Y,N,NULL,NULL,NULL,N,NULL,NULL,NULL,NULL,NULL,NULL,0.052,NULL,NULL,NULL,NULL,,NULL,0,0,1,1,N,N,15,NULL,98,9801,NULL,,Y,37.47245,-82.52189,N,NULL,NULL,NULL,NULL,NULL,NULL,NULL,NULL,9,97,2,6,2,5,6,2,1,3,N,NULL,Y,N,1400,1400,1400,N,NULL,90,,,N,,N,N,098-CS-1223-0,NULL,NULL,2020,O,7.25E+11,098-CS-1223  -000,HIGH,098-CS-1223  -000,0.052,0,0,0,1,0,0,0,0,0,0,0,1,0,1
2028,72845601,980100,2.02E+11,20221221,1400,,US23,,,US0023,US0023,0,098 US-23-10,US0023,N,N,NULL,NULL,NULL,N,NULL,NULL,NULL,NULL,NULL,NULL,26.272,NULL,NULL,NULL,NULL,,NULL,0,0,2,2,N,N,55,NULL,98,9801,NULL,,Y,37.5035,-82.53234,N,NULL,NULL,NULL,NULL,NULL,NULL,NULL,NULL,5,3,4,6,1,1,2,2,7,3,N,NULL,Y,N,1400,1405,1405,N,NULL,49,,1,N,,N,N,098-US-0023-10,NULL,NULL,2022,O,7.28E+11,098-US-0023  -010,HIGH,098-US-0023  -000,26.272,0,0,0,0,0,0,0,0,0,0,0,0,0,1
2029,72773938,980200,5/26/2022,20220526,1722,,KY80,,,KY0080,KY0080,0,098 KY-80,KY0080,N,Y,CEDAR HILL,,RD,N,NULL,NULL,NULL,NULL,NULL,NULL,2.111,NULL,NULL,NULL,NULL,,NULL,0,0,2,2,N,N,55,NULL,98,9802,NULL,,Y,37.3147,-82.36005,N,NULL,NULL,NULL,NULL,NULL,NULL,NULL,NULL,8,3,2,6,1,5,3,2,6,3,Y,NULL,Y,Y,1722,1725,1844,N,NULL,19,7,5,N,,N,Y,098-KY-0080-0,NULL,NULL,2022,O,7.28E+11,098-KY-0080  -000,HIGH,098-KY-0080  -000,2.111,0,0,1,0,0,0,0,0,0,0,1,0,0,0
2030,72782070,980100,2.02E+11,20220706,1543,,US460,,,US0460,US0460,0,098 US-460,US0460,N,N,NULL,NULL,NULL,N,NULL,NULL,NULL,NULL,NULL,NULL,0.246,NULL,NULL,NULL,NULL,,NULL,2,0,2,2,N,N,45,NULL,98,9801,NULL,,Y,37.43904,-82.50968,N,NULL,NULL,NULL,NULL,NULL,NULL,NULL,NULL,5,3,2,6,1,5,3,2,1,3,N,NULL,Y,Y,1543,1548,,N,NULL,70,,1,N,,N,N,098-US-0460-0,NULL,NULL,2022,C,7.28E+11,098-US-0460  -000,HIGH,098-US-0460  -000,0.246,0,0,0,0,0,0,1,0,0,0,0,0,0,1
2031,72786892,KSP0900,22-280554,20220723,1648,,ELKHORN,,CRK,KY0197,KY0197,0,098 KY-197,KY0197,N,N,NULL,NULL,NULL,N,NULL,NULL,NULL,NULL,NULL,NULL,7.136,NULL,NULL,NULL,NULL,,NULL,0,0,3,3,N,N,55,NULL,98,9864,NULL,,Y,37.25668,-82.47099,N,NULL,NULL,NULL,NULL,NULL,NULL,NULL,NULL,4,3,2,3,1,1,3,2,7,3,N,NULL,Y,N,1648,1734,1734,N,NULL,70,7,0,N,,N,N,098-KY-0197-0,NULL,NULL,2022,O,7.28E+11,098-KY-0197  -000,HIGH,098-KY-0197  -000,7.136,0,0,0,0,0,0,1,0,0,0,0,0,0,0
2032,72709725,980100,2.02E+11,20211211,936,,BYPASS,S,RD,KY1426,KY1426,0,098 KY-1426,KY1426,N,N,NULL,NULL,NULL,N,NULL,NULL,NULL,NULL,NULL,NULL,6.117,NULL,NULL,NULL,NULL,,NULL,1,0,2,2,N,N,45,NULL,98,9801,NULL,,Y,37.4769,-82.51706,N,NULL,NULL,NULL,NULL,NULL,NULL,NULL,NULL,5,3,2,6,1,5,6,2,1,3,Y,NULL,Y,Y,936,940,951,N,NULL,70,,0,Y,,N,N,098-KY-1426-0,NULL,NULL,2021,C,7.27E+11,098-KY-1426  -000,HIGH,098-KY-1426  -000,6.117,0,0,0,0,0,0,1,0,0,0,0,0,0,1
2033,72559595,980100,2.02E+11,20201030,1427,,MAYO,S,TRL,US0023,US0023,0,098 US-23-10,US0023,N,N,NULL,NULL,NULL,N,NULL,NULL,NULL,NULL,NULL,NULL,21.093,NULL,NULL,NULL,NULL,,NULL,0,0,1,1,N,N,55,NULL,98,9801,NULL,,Y,37.44634,-82.52599,N,NULL,NULL,NULL,NULL,NULL,NULL,NULL,NULL,9,3,4,3,1,1,3,2,7,3,N,NULL,Y,N,1428,1436,,N,NULL,38,,1,N,,N,N,098-US-0023-10,NULL,NULL,2020,O,7.26E+11,098-US-0023  -010,HIGH,098-US-0023  -000,21.093,0,0,0,1,0,0,0,0,0,0,0,0,0,1
2034,72494506,KSP0900,20-13968,20200415,1130,,KY122,,,KY0122,KY0122,0,098 KY-122,KY0122,N,N,NULL,NULL,NULL,N,NULL,NULL,NULL,NULL,NULL,NULL,8.005,NULL,NULL,NULL,NULL,,NULL,0,0,2,2,N,N,55,NULL,98,9801,5,SW,N,37.38207,-82.57954,N,NULL,NULL,NULL,NULL,NULL,NULL,NULL,NULL,5,3,2,3,1,1,2,2,7,3,N,NULL,Y,N,1133,1200,1200,N,NULL,49,,0,N,,N,N,098-KY-0122-0,NULL,NULL,2020,O,7.25E+11,098-KY-0122  -000,HIGH,098-KY-0122  -000,8.005,0,0,0,1,0,0,1,0,0,0,0,0,0,0
2035,72567484,KSP0900,20-791782,20201117,1750,,US119,,,US0119,US0119,,,,N,N,NULL,NULL,NULL,N,NULL,NULL,NULL,NULL,NULL,NULL,24.07,NULL,NULL,NULL,NULL,,NULL,1,0,2,2,N,N,40,NULL,98,9834,NULL,,Y,37.65662,-82.27076,N,NULL,NULL,NULL,NULL,NULL,NULL,NULL,NULL,5,3,4,6,1,1,2,4,7,3,Y,NULL,Y,Y,1752,1802,1840,N,NULL,70,2,1,N,,N,N,,NULL,NULL,2020,B,7.26E+11,098-US-0119  -000,MEDIUM,098-US-0119  -000,24.07,0,0,0,1,0,0,1,0,0,0,0,0,0,0
2036,72779588,980000,22-07-003,20220701,1315,,US119,,,US0119,US0119,0,098 US-119,US0119,Y,N,NULL,NULL,NULL,N,NULL,NULL,NULL,NULL,NULL,NULL,25.009,NULL,NULL,NULL,NULL,,NULL,0,0,2,2,N,N,,NULL,98,9834,NULL,,Y,37.66838,-82.27718,N,NULL,NULL,NULL,NULL,NULL,NULL,NULL,NULL,1,97,1,6,1,1,2,2,1,3,N,NULL,Y,Y,1320,1340,1405,N,NULL,90,2,1,N,,N,N,098-US-0119-0,NULL,NULL,2022,O,7.28E+11,098-US-0119  -000,HIGH,098-US-0119  -000,25.009,0,0,0,1,0,0,1,0,0,0,0,0,0,0
2037,72861417,980100,2.02E+11,20230201,936,,US23,,,US0023,US0023,0,098 US-23-10,US0023,N,N,NULL,NULL,NULL,N,NULL,NULL,NULL,NULL,NULL,NULL,26.31,NULL,NULL,NULL,NULL,,NULL,0,0,2,2,N,N,55,NULL,98,9801,NULL,,Y,37.50404,-82.53239,N,NULL,NULL,NULL,NULL,NULL,NULL,NULL,NULL,5,3,4,6,1,5,3,2,7,3,N,NULL,Y,N,936,943,946,N,NULL,49,,1,N,,N,N,098-US-0023-10,NULL,NULL,2023,O,7.29E+11,098-US-0023  -010,HIGH,098-US-0023  -000,26.247,0,0,0,0,0,0,0,0,0,0,0,0,0,1
2038,72716165,980500,2022AR001,20220101,814,,US 119 NORTH,,,,,,,,N,N,NULL,NULL,NULL,N,NULL,NULL,NULL,NULL,NULL,NULL,,NULL,NULL,NULL,NULL,NULL,NULL,0,0,1,1,N,N,55,NULL,98,9807,1,SE,N,37.50928,-82.51122,N,NULL,NULL,NULL,NULL,NULL,NULL,NULL,NULL,9,3,4,4,1,5,6,2,7,3,N,NULL,Y,N,817,840,840,N,NULL,70,,,N,,N,N,,NULL,NULL,2022,O,7.27E+11,098-US-0119  -000,MEDIUM,098-US-0119  -000,1.218,0,0,0,0,0,0,0,0,0,0,0,1,0,1
2039,72761916,KSP0900,22-133721,20220413,1300,,PETER FORK,,RD,,,0,098 CR-1527,CR1527,N,N,NULL,NULL,NULL,N,NULL,NULL,NULL,NULL,NULL,NULL,0.708,NULL,NULL,NULL,NULL,,NULL,0,0,2,2,N,N,35,NULL,98,9863,NULL,,Y,37.58381,-82.16631,N,NULL,NULL,NULL,NULL,NULL,NULL,NULL,NULL,7,3,1,3,1,5,3,2,7,3,N,NULL,Y,N,1305,1305,1305,N,NULL,54,,,N,,N,N,098-CR-1527-0,NULL,NULL,2022,O,7.28E+11,098-CR-1527  -000,HIGH,098-CR-1527  -000,0.708,0,0,0,0,0,0,1,0,0,0,0,1,0,0
2040,72723392,KSP0900,22-27323,20220122,1140,,KY1056,,,KY1056,KY1056,0,098 KY-1056,KY1056,N,N,NULL,NULL,NULL,N,NULL,NULL,NULL,NULL,NULL,NULL,8.154,NULL,NULL,NULL,NULL,,NULL,0,0,1,1,N,N,45,NULL,98,9879,NULL,,Y,37.58453,-82.17513,N,NULL,NULL,NULL,NULL,NULL,NULL,NULL,NULL,9,3,2,6,1,1,2,6,7,3,N,NULL,Y,Y,2342,0,45,N,NULL,40,7,0,N,,N,N,098-KY-1056-0,NULL,NULL,2022,O,7.27E+11,098-KY-1056  -000,HIGH,098-KY-1056  -000,8.154,0,0,0,0,0,0,1,0,0,1,0,1,0,0
2041,72712953,980100,2.02E+11,20211218,2112,,HAROLDS BRANCH,,RD,,,0,098 CS-1223,CS1223,N,N,NULL,NULL,NULL,N,NULL,NULL,NULL,NULL,NULL,NULL,1.096,NULL,NULL,NULL,NULL,,NULL,0,0,2,2,Y,N,55,NULL,98,9801,NULL,,Y,37.46728,-82.50548,N,NULL,NULL,NULL,NULL,NULL,NULL,NULL,NULL,7,3,1,2,1,5,2,6,7,3,N,NULL,N,N,2112,2114,,N,NULL,54,,,N,,N,N,098-CS-1223-0,NULL,NULL,2021,O,7.27E+11,098-CS-1223  -000,HIGH,098-CS-1223  -000,1.096,0,0,0,0,0,0,0,0,0,0,0,1,0,1
2042,72670730,KSP0900,21-383148,20210915,22,,KY122,,,KY0122,KY0122,0,098 KY-122,KY0122,N,N,NULL,NULL,NULL,N,NULL,NULL,NULL,NULL,NULL,NULL,5.047,NULL,NULL,NULL,NULL,,NULL,0,0,2,2,Y,N,55,NULL,98,9827,NULL,,Y,37.34998,-82.59518,N,NULL,NULL,NULL,NULL,NULL,NULL,NULL,NULL,7,3,2,6,1,1,2,6,7,3,N,NULL,Y,N,22,102,22,N,NULL,54,,0,N,,N,N,098-KY-0122-0,NULL,NULL,2021,O,7.27E+11,098-KY-0122  -000,HIGH,098-KY-0122  -000,5.047,0,0,0,0,0,0,0,0,0,0,0,1,0,0
2043,72478130,KSP0900,20-6334,20200217,1410,,TOLER,,RD,KY0319,KY0319,0,098 KY-319,KY0319,Y,N,NULL,NULL,NULL,N,NULL,NULL,NULL,NULL,NULL,NULL,6.157,NULL,NULL,NULL,NULL,,NULL,0,0,2,2,N,N,45,NULL,98,9842,NULL,,Y,37.63342,-82.25266,N,NULL,NULL,NULL,NULL,NULL,NULL,NULL,NULL,2,97,2,6,1,1,2,2,7,3,N,NULL,N,N,1410,145,145,N,NULL,90,7,0,N,,N,N,098-KY-0319-0,NULL,NULL,2020,O,7.25E+11,098-KY-0319  -000,HIGH,098-KY-0319  -000,6.157,0,0,0,0,0,0,0,0,0,0,0,0,0,0
2044,72802825,KSP0900,22-344969,20220905,1629,,GREASY,,CRK,KY3226,KY3226,0,098 KY-3226,KY3226,N,N,NULL,NULL,NULL,N,NULL,NULL,NULL,NULL,NULL,NULL,0.489,NULL,NULL,NULL,NULL,,NULL,0,0,2,2,N,N,45,NULL,98,9841,NULL,,Y,37.38567,-82.47334,N,NULL,NULL,NULL,NULL,NULL,NULL,NULL,NULL,1,3,2,6,1,1,2,2,6,3,N,NULL,Y,N,1631,1710,1730,N,NULL,55,8,0,N,,N,N,098-KY-3226-0,NULL,NULL,2022,O,7.28E+11,098-KY-3226  -000,HIGH,098-KY-3226  -000,0.489,0,0,1,0,0,0,1,0,0,0,0,0,0,0
2045,72509892,KSP0900,20-21694,20200608,1332,,KY194,,,KY0194,KY0194,0,098 KY-194,KY0194,N,N,NULL,NULL,NULL,N,NULL,NULL,NULL,NULL,NULL,NULL,14.558,NULL,NULL,NULL,NULL,,NULL,0,0,2,2,N,N,55,NULL,98,9801,NULL,,Y,37.58066,-82.47699,N,NULL,NULL,NULL,NULL,NULL,NULL,NULL,NULL,7,3,2,3,1,1,2,2,7,1,N,NULL,Y,N,1332,1350,1355,N,NULL,54,7,0,N,,N,N,098-KY-0194-0,NULL,NULL,2020,O,7.25E+11,098-KY-0194  -000,HIGH,098-KY-0194  -000,14.558,0,0,1,0,0,0,0,0,0,0,0,1,0,0
2046,72772955,370200,2022-224689,20220615,840,,US23,,,US0023,US0023,0,098 US-23,US0023,N,N,NULL,NULL,NULL,N,NULL,NULL,NULL,NULL,NULL,NULL,0.844,NULL,NULL,NULL,NULL,,NULL,0,0,1,1,N,N,55,NULL,98,9809,NULL,,Y,37.25146,-82.61724,N,NULL,NULL,NULL,NULL,NULL,NULL,NULL,NULL,9,3,4,6,1,1,2,2,7,3,N,NULL,Y,N,840,840,851,N,NULL,38,,1,N,,N,N,098-US-0023-0,NULL,NULL,2022,O,7.28E+11,098-US-0023  -000,HIGH,098-US-0023  -000,0.844,1,0,0,0,0,0,0,0,0,0,0,0,0,0
2047,72556059,KSP0900,20-732678,20201008,1500,,KY194,,,KY0194,KY0194,0,098 KY-194,KY0194,N,N,NULL,NULL,NULL,N,NULL,NULL,NULL,NULL,NULL,NULL,48.912,NULL,NULL,NULL,NULL,,NULL,0,0,2,2,N,N,55,NULL,98,9870,NULL,,Y,37.45258,-82.15853,N,NULL,NULL,NULL,NULL,NULL,NULL,NULL,NULL,7,3,2,6,1,1,2,2,7,3,N,NULL,Y,N,1500,1530,1545,N,NULL,54,8,0,N,,N,N,098-KY-0194-0,NULL,NULL,2020,O,7.26E+11,098-KY-0194  -000,HIGH,098-KY-0194  -000,48.912,0,1,0,0,0,0,1,0,0,0,0,1,0,0
2048,72638155,980100,2.02E+11,20210619,1319,,CASSIDY,,BLVD,,,0,098 CS-1191,CS1191,Y,N,NULL,NULL,NULL,N,NULL,NULL,NULL,NULL,NULL,NULL,0.34,NULL,NULL,NULL,NULL,,NULL,0,0,2,2,N,Y,15,NULL,98,9801,NULL,,Y,37.50557,-82.53796,N,NULL,NULL,NULL,NULL,NULL,NULL,NULL,NULL,8,97,2,6,1,1,2,2,1,3,N,NULL,Y,N,1320,1320,,N,NULL,90,,,N,,N,N,098-CS-1191-0,NULL,NULL,2021,O,7.26E+11,098-CS-1191  -000,HIGH,098-CS-1191  -000,0.34,0,0,0,1,0,0,1,0,0,0,0,0,0,1
2049,72582461,KSP0900,20-842804,20201224,2016,,ROBINSON CREEK,,RD,KY0122,KY0122,0,098 KY-122,KY0122,N,N,NULL,NULL,NULL,N,NULL,NULL,NULL,NULL,NULL,NULL,5.562,NULL,NULL,NULL,NULL,,NULL,2,0,2,2,N,N,55,NULL,98,9827,NULL,,Y,37.35487,-82.59161,N,NULL,NULL,NULL,NULL,NULL,NULL,NULL,NULL,3,3,2,4,1,4,9,6,7,3,N,NULL,Y,Y,2017,2033,,N,NULL,52,,0,N,,N,N,098-KY-0122-0,NULL,NULL,2020,B,7.26E+11,098-KY-0122  -000,HIGH,098-KY-0122  -000,5.562,0,0,0,0,0,0,0,0,0,0,0,1,0,0
2050,72578354,KSP0900,20-841813,20201224,1035,,US23,,,US0023,US0023,0,098 US-23,US0023,N,N,NULL,NULL,NULL,N,NULL,NULL,NULL,NULL,NULL,NULL,18.245,NULL,NULL,NULL,NULL,,NULL,0,0,1,1,N,N,55,NULL,98,9801,0.1,S,N,37.43246,-82.51452,N,NULL,NULL,NULL,NULL,NULL,NULL,NULL,NULL,9,5,4,4,1,5,6,2,1,3,N,NULL,Y,N,1035,1035,,N,NULL,44,,1,N,,N,N,098-US-0023-0,NULL,NULL,2020,O,7.26E+11,098-US-0023  -000,HIGH,098-US-0023  -000,18.245,0,0,0,0,0,0,0,0,0,0,0,1,0,1
2051,72538199,980500,2020AR047,20200902,1700,,US23,,,US0023,US0023,0,098 US-23,US0023,N,N,NULL,NULL,NULL,N,NULL,NULL,NULL,NULL,NULL,NULL,29.214,NULL,NULL,NULL,NULL,,NULL,0,0,2,2,N,N,45,NULL,98,9807,NULL,,Y,37.52654,-82.57384,N,NULL,NULL,NULL,NULL,NULL,NULL,NULL,NULL,5,3,6,6,1,5,3,2,7,3,N,NULL,Y,Y,1700,1705,,N,NULL,70,,1,N,,N,N,098-US-0023-0,NULL,NULL,2020,O,7.25E+11,098-US-0023  -000,HIGH,098-US-0023  -000,29.214,0,0,1,0,0,0,1,0,0,0,0,0,0,0