OBJECTID,MasterFile,AgencyORINumber,LocalCode,CollisionDate,CollisionTime,CollisionDayWeekCode,RoadwayName,RoadwayName_Direction_,RoadwayName_RoadwaySuffix_,RoadwayfromReport,CurrentRoadwayNumber,RoadwayNumberCoupletID,RSEUniqueGIS,RoadwayIdentifier,ParkingLotIndicator,IntersectionWith_Indicator_,IntersectionWith_NameRoadway_,IntersectionWith_Direction_,IntersectionWith_RoadwaySuffix_,BetweenStreets_Indicator_,BetweenStreets1_NameRoadway_,BetweenStreet1_Direction_,BetweenStreets1_RoadwaySuffix_,BetweenStreets2_NameRoadway_,BetweenStreets2_Direction_,BetweenStreets2_RoadwaySuffix_,Milepoint,ReportMilepointDeriveNumber,CurrentDerivedMiepointNumber,MilestoMilepoint,FeettoMilepoint,DirectionfromMilepoint_NSEW_,ValidMilepointIndicator,NumberInjured,NumberKilled,ofUnits,ofMotorVehicleUnits,Hit&RunIndicator,OneWayIndicator,SpeedLimitNumber,KilometersIndicator,CountyCode,CityCountyCode,MilesFromCity,DirectionFromCity_NSEW_,InCityLimitsIndicator,Latitude,Longitude,RampIndicator,RampFromIdentifier,RampFromDirCode,RampFromCoupletID,RSEUniqueGISRampFrom,RampToidentifier,RampToDirCode,RampToCoupletID,RSEUniqueGisRampTo,MannerofCollisionCode,LocationFirstEventCode,TotalLanes,RoadwayCharacterCode,RoadwaySurfaceCode,RoadwayConditionCode,WeatherCode,LightConditionCode,LandUseCode,SchoolBusRelatedCode,FirstAidSceneIndicator,CollDescPresentInd,InvestigationCompleteIndicator,PhotosTakenIndicator,TimeNotified,TimeArrived,TimeRoadwayOpened,PropertyDamageIndicator,DiagramPresentIndicator,DirectionalAnalysis,FunctionClassCode,NationalHwySysCode,EnforcementsIndicator,KARSCityCode,SecondaryCollisionIndicator,MedianCrossoverIndicator,RT_UNIQUE,MapIt,TimeLastLeft,YR,KABCO,MFNY,WorkingRID,RT_CONFIDENCE,KTC_RT,KTC_MP,Motorcyclist,Commercial Vehicle,Young Driver,Mature Driver,Pedestrian,Bicyclist,Distracted,Aggressive,Impaired,Unrestrained,Intersection,Roadway Departure,Median Cross-over,City Crash
2052,72441469,980100,2.02E+11,20191122,1451,,US119,,,US0119,US0119,0,098 US-119,US0119,N,N,NULL,NULL,NULL,N,NULL,NULL,NULL,NULL,NULL,NULL,0.048,NULL,NULL,NULL,NULL,,NULL,0,0,2,2,N,N,55,NULL,98,9801,NULL,,Y,37.50382,-82.53127,N,NULL,NULL,NULL,NULL,NULL,NULL,NULL,NULL,5,3,2,6,1,5,3,2,1,3,N,NULL,Y,N,1451,1501,,N,NULL,49,2,1,N,,N,N,098-US-0119-0,NULL,NULL,2019,O,7.24E+11,098-US-0119  -000,HIGH,098-US-0119  -000,0.048,0,0,1,0,0,0,1,0,0,0,0,0,0,1
2053,72661834,980100,2.02E+11,20210818,1330,,BYPASS,,RD,,,0,098 CS-1223,CS1223,Y,N,NULL,NULL,NULL,N,NULL,NULL,NULL,NULL,NULL,NULL,,NULL,NULL,NULL,NULL,NULL,NULL,0,0,2,2,Y,N,,NULL,98,9801,NULL,,Y,37.47128,-82.52117,N,NULL,NULL,NULL,NULL,NULL,NULL,NULL,NULL,1,97,1,6,2,1,3,2,1,3,N,NULL,Y,N,1330,1341,1341,N,NULL,90,,,N,,N,N,098-CS-1223-0,NULL,NULL,2021,O,7.27E+11,098-CS-1223  -000,HIGH,098-CS-1223  -000,0.135,0,0,0,0,0,0,0,0,0,0,0,0,0,1
2054,72763296,KSP0900,22-167768,20220506,2320,,WILLIAMSON,,RD,KY0292,KY0292,0,098 KY-292,KY0292,N,N,NULL,NULL,NULL,N,NULL,NULL,NULL,NULL,NULL,NULL,6.502,NULL,NULL,NULL,NULL,,NULL,1,0,1,1,N,N,45,NULL,98,9843,NULL,,Y,37.67479,-82.29632,N,NULL,NULL,NULL,NULL,NULL,NULL,NULL,NULL,9,3,2,6,1,6,6,6,7,3,N,NULL,N,N,2320,2320,2320,N,NULL,44,7,0,N,,N,N,098-KY-0292-0,NULL,NULL,2022,C,7.28E+11,098-KY-0292  -000,HIGH,098-KY-0292  -000,6.502,0,0,1,0,0,0,0,0,0,0,0,1,0,0
2055,72560999,980100,2.02E+11,20201104,1543,,HAMBLEY,,BLVD,,,0,098 CS-1222,CS1222,N,N,NULL,NULL,NULL,N,NULL,NULL,NULL,NULL,NULL,NULL,0.762,NULL,NULL,NULL,NULL,,NULL,0,0,2,2,N,N,25,NULL,98,9801,NULL,,Y,37.48226,-82.51907,N,NULL,NULL,NULL,NULL,NULL,NULL,NULL,NULL,1,3,2,6,1,1,2,2,1,3,N,NULL,Y,N,1543,1557,,N,NULL,55,,,N,,N,N,098-CS-1222-0,NULL,NULL,2020,O,7.26E+11,098-CS-1222  -000,HIGH,098-CS-1222  -000,0.762,0,0,0,1,0,0,1,0,0,0,0,0,0,1
2056,72585345,KSP0900,21-21320,20210116,1740,,KY194,,,KY0194,KY0194,,,,N,N,NULL,NULL,NULL,N,NULL,NULL,NULL,NULL,NULL,NULL,20.723,NULL,NULL,NULL,NULL,,NULL,0,0,1,1,N,N,55,NULL,98,9801,NULL,,Y,37.54315,-82.393,N,NULL,NULL,NULL,NULL,NULL,NULL,NULL,NULL,9,3,2,3,1,5,9,6,7,3,N,NULL,Y,N,1740,1820,1830,N,NULL,44,6,0,N,,N,N,,NULL,NULL,2021,O,7.26E+11,098-KY-0194  -000,MEDIUM,098-KY-0194  -000,20.723,0,0,0,0,0,0,0,0,0,0,0,1,0,0
2057,72504875,KSP0900,20-18961,20200520,950,,US119,,,US0119,US0119,,,,N,N,NULL,NULL,NULL,N,NULL,NULL,NULL,NULL,NULL,NULL,25.038,NULL,NULL,NULL,NULL,,NULL,0,0,2,2,N,N,40,NULL,98,9834,NULL,,Y,37.66863,-82.27769,N,NULL,NULL,NULL,NULL,NULL,NULL,NULL,NULL,1,3,3,6,1,5,6,5,7,3,N,NULL,N,N,2259,2326,2326,N,NULL,,,,N,,N,N,,NULL,NULL,2020,O,7.25E+11,098-US-0119  -000,MEDIUM,098-US-0119  -000,25.038,0,0,0,0,0,0,1,0,0,0,0,0,0,0
2058,72694708,980200,980200,20211108,1830,,ELKHORN,,CRK,KY0197,KY0197,0,098 KY-197,KY0197,N,N,NULL,NULL,NULL,N,NULL,NULL,NULL,NULL,NULL,NULL,15.499,NULL,NULL,NULL,NULL,,NULL,0,0,1,1,N,N,35,NULL,98,9802,0.2,S,N,37.29465,-82.36489,N,NULL,NULL,NULL,NULL,NULL,NULL,NULL,NULL,9,6,2,3,1,1,2,2,7,3,N,NULL,Y,N,1830,1835,1901,N,NULL,51,7,0,N,,N,N,098-KY-0197-0,NULL,NULL,2021,O,7.27E+11,098-KY-0197  -000,HIGH,098-KY-0197  -000,15.499,0,0,0,1,0,0,0,0,0,0,0,1,0,0
2059,72804358,980100,2.02E+11,20220907,1520,,US23,,,US0023,US0023,0,098 US-23,US0023,N,N,NULL,NULL,NULL,N,NULL,NULL,NULL,NULL,NULL,NULL,24.601,NULL,NULL,NULL,NULL,,NULL,0,0,2,2,N,N,55,NULL,98,9801,NULL,,Y,37.48305,-82.54325,N,NULL,NULL,NULL,NULL,NULL,NULL,NULL,NULL,5,3,4,6,1,1,2,2,7,3,N,NULL,Y,N,1520,1542,1525,N,NULL,49,,1,N,,N,N,098-US-0023-0,NULL,NULL,2022,O,7.28E+11,098-US-0023  -000,HIGH,098-US-0023  -000,24.601,0,0,0,0,0,0,0,0,0,0,0,0,0,1
2060,72577911,KSP0900,20-828294,20201214,1440,,KY194,,,KY0194,KY0194,0,098 KY-194,KY0194,N,N,NULL,NULL,NULL,N,NULL,NULL,NULL,NULL,NULL,NULL,22.998,NULL,NULL,NULL,NULL,,NULL,0,0,2,2,N,N,55,NULL,98,9817,NULL,,Y,37.53908,-82.36922,N,NULL,NULL,NULL,NULL,NULL,NULL,NULL,NULL,5,3,2,4,1,1,3,2,7,3,N,NULL,Y,N,1440,150,1515,N,NULL,49,6,0,N,,N,N,098-KY-0194-0,NULL,NULL,2020,O,7.26E+11,098-KY-0194  -000,HIGH,098-KY-0194  -000,22.998,0,0,0,1,0,0,1,1,0,0,0,0,0,0
2061,72477139,980100,2.02E+11,20200210,1707,,BYPASS,S,RD,KY1426,KY1426,0,098 KY-1426,KY1426,N,N,NULL,NULL,NULL,N,NULL,NULL,NULL,NULL,NULL,NULL,6.142,NULL,NULL,NULL,NULL,,NULL,0,0,2,2,N,Y,35,NULL,98,9801,NULL,,Y,37.47718,-82.51679,N,NULL,NULL,NULL,NULL,NULL,NULL,NULL,NULL,5,3,2,6,1,5,6,2,1,3,N,NULL,Y,N,1708,1709,1711,N,NULL,49,,0,Y,,N,N,098-KY-1426-0,NULL,NULL,2020,O,7.25E+11,098-KY-1426  -000,HIGH,098-KY-1426  -000,6.142,0,0,1,0,0,0,0,0,0,0,0,0,0,1
2062,72523061,KSP0900,2020-610353,20200720,1801,,LITTLE,,CRK,,,0,098 CR-1276,CR1276,N,N,NULL,NULL,NULL,N,NULL,NULL,NULL,NULL,NULL,NULL,0.209,NULL,NULL,NULL,NULL,,NULL,0,0,1,1,N,N,35,NULL,98,9801,NULL,,Y,37.3905,-82.5201,N,NULL,NULL,NULL,NULL,NULL,NULL,NULL,NULL,9,3,1,1,1,1,3,2,7,3,N,NULL,N,N,1801,1840,1840,N,NULL,44,,,N,,N,N,098-CR-1276-0,NULL,NULL,2020,O,7.25E+11,098-CR-1276  -000,HIGH,098-CR-1276  -000,0.209,0,0,0,0,0,0,0,0,0,0,0,1,0,0
2063,72580053,KSP0900,20-844215,20201226,330,,PRITCHARD,,FRK,,,0,098 CR-1579,CR1579,N,N,NULL,NULL,NULL,N,NULL,NULL,NULL,NULL,NULL,NULL,1.168,NULL,NULL,NULL,NULL,,NULL,0,0,1,1,N,N,35,NULL,98,9817,NULL,,Y,37.51539,-82.30228,N,NULL,NULL,NULL,NULL,NULL,NULL,NULL,NULL,9,97,1,4,3,4,2,6,7,3,N,NULL,Y,Y,1159,1453,1453,N,NULL,70,,,N,,N,N,098-CR-1579-0,NULL,NULL,2020,O,7.26E+11,098-CR-1579  -000,HIGH,098-CR-1579  -000,1.168,0,0,0,0,0,0,0,0,0,0,0,1,0,0
2064,72728613,KSP0900,22-39736,20220202,347,,LEFT FORK DRY,,FRK,,,0,098 CR-1240,CR1240,N,N,NULL,NULL,NULL,N,NULL,NULL,NULL,NULL,NULL,NULL,0.435,NULL,NULL,NULL,NULL,,NULL,0,0,1,1,N,N,35,NULL,98,9802,4,S,N,37.3228,-82.42788,N,NULL,NULL,NULL,NULL,NULL,NULL,NULL,NULL,9,97,1,2,1,5,2,6,7,3,N,NULL,Y,N,347,432,347,N,NULL,44,,,N,,N,N,098-CR-1240-0,NULL,NULL,2022,O,7.27E+11,098-CR-1240  -000,HIGH,098-CR-1240  -000,0.435,0,0,0,0,0,0,0,0,0,0,0,1,0,0
2065,72648309,KSP0900,21-288362,20210712,1525,,DANIELS,,BR,,,0,098 CR-1202,CR1202,N,N,NULL,NULL,NULL,N,NULL,NULL,NULL,NULL,NULL,NULL,0.013,NULL,NULL,NULL,NULL,,NULL,0,0,1,1,N,N,40,NULL,98,9832,NULL,,Y,37.37993,-82.43389,N,NULL,NULL,NULL,NULL,NULL,NULL,NULL,NULL,9,5,2,3,1,1,2,2,7,3,N,NULL,N,N,1525,1550,1610,N,NULL,44,,,N,,N,N,098-CR-1202-0,NULL,NULL,2021,O,7.26E+11,098-CR-1202  -000,HIGH,098-CR-1202  -000,0.013,0,0,0,0,0,0,0,0,0,0,0,1,0,0
2066,72444626,980100,2.02E+11,20191129,1615,,CASSIDY,,BLVD,,,,,,N,N,NULL,NULL,NULL,N,NULL,NULL,NULL,NULL,NULL,NULL,0.252,NULL,NULL,NULL,NULL,,NULL,0,0,2,2,N,N,25,NULL,98,9801,NULL,,Y,37.50454,-82.53599,N,NULL,NULL,NULL,NULL,NULL,NULL,NULL,NULL,1,3,4,6,1,1,2,2,7,3,N,NULL,Y,N,1615,1616,1618,N,NULL,55,,,N,,N,N,,NULL,NULL,2019,O,7.24E+11,098-CS-1191  -000,MEDIUM,098-CS-1191  -000,0.252,0,0,0,0,0,0,1,0,0,0,0,0,0,1
2067,72479755,KSP0900,20-6026,20200215,358,,US460,,,US0460,US0460,0,098 US-460,US0460,N,N,NULL,NULL,NULL,N,NULL,NULL,NULL,NULL,NULL,NULL,2.382,NULL,NULL,NULL,NULL,,NULL,0,0,1,1,N,N,55,NULL,98,9824,NULL,,Y,37.43313,-82.48579,N,NULL,NULL,NULL,NULL,NULL,NULL,NULL,NULL,9,5,2,6,1,2,3,6,7,3,N,NULL,Y,N,359,407,439,N,NULL,44,,1,N,,N,N,098-US-0460-0,NULL,NULL,2020,O,7.25E+11,098-US-0460  -000,HIGH,098-US-0460  -000,2.382,0,0,0,0,0,0,0,0,0,0,0,1,0,0
2068,72629668,KSP0900,21-214913,20210526,1813,,US23,,,US0023,US0023,0,098 US-23-10,US0023,N,N,NULL,NULL,NULL,N,NULL,NULL,NULL,NULL,NULL,NULL,11.792,NULL,NULL,NULL,NULL,,NULL,0,0,3,3,N,N,55,NULL,98,9865,NULL,,Y,37.36023,-82.55505,N,NULL,NULL,NULL,NULL,NULL,NULL,NULL,NULL,1,3,4,6,1,1,2,2,7,3,N,NULL,Y,Y,1815,1818,,N,NULL,55,,1,N,,N,N,098-US-0023-10,NULL,NULL,2021,O,7.26E+11,098-US-0023  -010,HIGH,098-US-0023  -000,11.792,0,0,0,1,0,0,0,1,0,0,0,0,0,0
2069,72505086,980100,2.02E+11,20200527,1336,,CASSIDY,,BLVD,,,0,098 CS-1191,CS1191,Y,N,NULL,NULL,NULL,N,NULL,NULL,NULL,NULL,NULL,NULL,0.262,NULL,NULL,NULL,NULL,,NULL,0,0,2,2,Y,N,15,NULL,98,9801,NULL,,Y,37.5046,-82.53614,N,NULL,NULL,NULL,NULL,NULL,NULL,NULL,NULL,2,97,,6,1,1,2,2,5,3,N,NULL,Y,N,1336,1346,1346,N,NULL,90,,,Y,,N,N,098-CS-1191-0,NULL,NULL,2020,O,7.25E+11,098-CS-1191  -000,HIGH,098-CS-1191  -000,0.262,0,0,0,0,0,0,1,0,0,0,0,0,0,1
2070,72670303,KSP0900,21-380925,20210913,1218,,TOLER,,RD,KY0319,KY0319,0,098 KY-319,KY0319,Y,N,NULL,NULL,NULL,N,NULL,NULL,NULL,NULL,NULL,NULL,6.91,NULL,NULL,NULL,NULL,,NULL,0,0,2,2,N,N,10,NULL,98,9842,NULL,,Y,37.63962,-82.25819,N,NULL,NULL,NULL,NULL,NULL,NULL,NULL,NULL,2,97,2,4,1,1,2,2,7,3,N,NULL,N,N,1225,1230,1245,N,NULL,90,7,0,Y,,N,N,098-KY-0319-0,NULL,NULL,2021,O,7.27E+11,098-KY-0319  -000,HIGH,098-KY-0319  -000,6.91,0,0,0,0,0,0,1,0,0,0,0,0,0,0
2071,72659847,980100,2.02E+11,20210805,1432,,CHLOE,,RD,KY1460,KY1460,,,,N,N,NULL,NULL,NULL,N,NULL,NULL,NULL,NULL,NULL,NULL,4.456,NULL,NULL,NULL,NULL,,NULL,0,0,2,2,N,N,35,NULL,98,9801,NULL,,Y,37.4774,-82.50468,N,NULL,NULL,NULL,NULL,NULL,NULL,NULL,NULL,7,3,2,3,1,1,2,2,6,3,N,NULL,Y,N,1432,1439,1521,N,NULL,54,,0,Y,,N,Y,,NULL,NULL,2021,O,7.27E+11,098-KY-1460  -000,HIGH,098-KY-1460  -000,4.456,0,0,0,0,0,0,0,0,1,0,0,1,1,1
2072,72479305,KSP0900,20-6899,20200221,1535,,ZEBULON,,HWY,KY1426,KY1426,0,098 KY-1426,KY1426,N,N,NULL,NULL,NULL,N,NULL,NULL,NULL,NULL,NULL,NULL,11.384,NULL,NULL,NULL,NULL,,NULL,0,0,2,2,N,N,55,NULL,98,9828,NULL,,Y,37.52919,-82.47081,N,NULL,NULL,NULL,NULL,NULL,NULL,NULL,NULL,5,3,2,6,1,1,2,2,6,3,N,NULL,Y,N,1535,1619,1619,N,NULL,49,7,0,N,,N,N,098-KY-1426-0,NULL,NULL,2020,O,7.25E+11,098-KY-1426  -000,HIGH,098-KY-1426  -000,11.384,0,0,1,0,0,0,0,0,0,0,0,0,0,0
2073,72505212,980100,2.02E+11,20200527,1949,,KY3496,,,KY3496,KY3496,,,,Y,N,NULL,NULL,NULL,N,NULL,NULL,NULL,NULL,NULL,NULL,0.684,NULL,NULL,NULL,NULL,,NULL,0,0,2,2,N,N,10,NULL,98,9801,NULL,,Y,37.47234,-82.52871,N,NULL,NULL,NULL,NULL,NULL,NULL,NULL,NULL,1,97,2,6,1,1,2,2,1,3,N,NULL,Y,N,1949,1956,1956,N,NULL,90,16,0,N,,N,N,,NULL,NULL,2020,O,7.25E+11,098-KY-3496  -000,MEDIUM,098-KY-3496  -000,0.684,0,0,1,0,0,0,0,0,0,0,0,0,0,1
2074,72658686,KSP0900,21-339301,20210815,125,,KY194,,,KY0194,KY0194,,,,N,N,NULL,NULL,NULL,N,NULL,NULL,NULL,NULL,NULL,NULL,54.815,NULL,NULL,NULL,NULL,,NULL,0,0,1,1,N,N,35,NULL,98,9804,NULL,,Y,37.51081,-82.14706,N,NULL,NULL,NULL,NULL,NULL,NULL,NULL,NULL,9,4,1,1,1,6,3,6,7,3,N,NULL,N,N,1245,125,125,N,NULL,40,8,0,N,,N,N,,NULL,NULL,2021,O,7.27E+11,098-KY-0194  -000,HIGH,098-KY-0194  -000,54.815,0,0,0,0,0,0,0,0,0,0,0,1,0,0
2075,72711382,980100,2.02E+11,20211215,1822,,KY3496,,,KY3496,KY3496,0,098 KY-3496,KY3496,Y,N,NULL,NULL,NULL,N,NULL,NULL,NULL,NULL,NULL,NULL,0.219,NULL,NULL,NULL,NULL,,NULL,0,0,2,2,Y,N,,NULL,98,9801,NULL,,Y,37.46667,-82.5315,N,NULL,NULL,NULL,NULL,NULL,NULL,NULL,NULL,7,97,2,6,1,1,2,7,1,3,N,NULL,Y,N,1822,1830,,N,NULL,90,16,0,N,,N,N,098-KY-3496-0,NULL,NULL,2021,O,7.27E+11,098-KY-3496  -000,HIGH,098-KY-3496  -000,0.219,0,0,0,0,0,0,0,0,0,0,0,0,0,1
2076,72791286,KSP0900,22-298795,20220803,1740,,KY1056,,,KY1056,KY1056,0,098 KY-1056,KY1056,N,N,NULL,NULL,NULL,N,NULL,NULL,NULL,NULL,NULL,NULL,11.357,NULL,NULL,NULL,NULL,,NULL,0,0,2,2,N,N,35,NULL,98,9863,NULL,,Y,37.61808,-82.16578,N,NULL,NULL,NULL,NULL,NULL,NULL,NULL,NULL,5,3,2,3,1,1,2,2,7,3,N,NULL,Y,N,1740,1800,1830,N,NULL,49,7,0,N,,N,N,098-KY-1056-0,NULL,NULL,2022,O,7.28E+11,098-KY-1056  -000,HIGH,098-KY-1056  -000,11.357,0,0,0,0,0,0,0,1,0,0,0,0,0,0
2077,72813813,KSP0900,22-387381,20221007,1021,,US23,,,US0023,US0023,0,098 US-23-10,US0023,N,N,NULL,NULL,NULL,N,NULL,NULL,NULL,NULL,NULL,NULL,10.749,NULL,NULL,NULL,NULL,,NULL,0,0,1,1,N,N,55,NULL,98,9806,NULL,,Y,37.34705,-82.54787,N,NULL,NULL,NULL,NULL,NULL,NULL,NULL,NULL,9,3,4,3,1,1,2,2,7,3,N,NULL,Y,N,1021,1033,1021,N,NULL,38,,1,N,,N,N,098-US-0023-10,NULL,NULL,2022,O,7.28E+11,098-US-0023  -010,HIGH,098-US-0023  -000,10.749,0,0,0,0,0,0,0,0,0,0,0,0,0,0
2078,72526940,980100,2.02E+11,20200731,1453,,MAYO,N,TRL,US0023,US0023,,,,N,N,NULL,NULL,NULL,N,NULL,NULL,NULL,NULL,NULL,NULL,25.923,NULL,NULL,NULL,NULL,,NULL,0,0,2,2,N,N,55,NULL,98,9801,NULL,,Y,37.49858,-82.53143,N,NULL,NULL,NULL,NULL,NULL,NULL,NULL,NULL,5,3,4,6,1,5,6,2,1,3,N,NULL,Y,N,1453,1456,1456,N,NULL,49,,1,N,,N,N,,NULL,NULL,2020,O,7.25E+11,098-US-0023  -010,MEDIUM,098-US-0023  -000,25.923,0,0,0,0,0,0,1,0,0,0,0,0,0,1
2079,72528534,980100,2.02E+11,20200804,1616,,CASSIDY,,BLVD,,,0,098 CS-1191,CS1191,Y,N,NULL,NULL,NULL,N,NULL,NULL,NULL,NULL,NULL,NULL,0.346,NULL,NULL,NULL,NULL,,NULL,0,0,2,2,N,N,10,NULL,98,9801,NULL,,Y,37.50554,-82.53811,N,NULL,NULL,NULL,NULL,NULL,NULL,NULL,NULL,2,97,0,6,1,1,2,2,1,3,N,NULL,Y,N,1616,1628,1628,N,NULL,90,,,N,,N,N,098-CS-1191-0,NULL,NULL,2020,O,7.25E+11,098-CS-1191  -000,HIGH,098-CS-1191  -000,0.346,0,0,0,0,0,0,0,0,0,0,0,0,0,1
2080,72647350,KSP0900,21-287759,20210712,600,,KY194,,,KY0194,KY0194,,,,N,N,NULL,NULL,NULL,N,NULL,NULL,NULL,NULL,NULL,NULL,24.304,NULL,NULL,NULL,NULL,,NULL,1,0,1,1,N,N,45,NULL,98,9817,NULL,,Y,37.52491,-82.36587,N,NULL,NULL,NULL,NULL,NULL,NULL,NULL,NULL,9,5,2,6,1,6,3,6,7,3,Y,NULL,Y,Y,600,654,600,N,NULL,40,6,0,N,,N,N,,NULL,NULL,2021,B,7.26E+11,098-KY-0194  -000,MEDIUM,098-KY-0194  -000,24.304,0,0,0,1,0,0,0,0,0,0,0,1,0,0
2081,72777293,KSP0900,22-236701,20220623,738,,US23,,,US0023,US0023,0,098 US-23,US0023,N,N,NULL,NULL,NULL,N,NULL,NULL,NULL,NULL,NULL,NULL,29.424,NULL,NULL,NULL,NULL,,NULL,0,0,2,2,N,N,55,NULL,98,9807,NULL,,Y,37.52929,-82.57555,N,NULL,NULL,NULL,NULL,NULL,NULL,NULL,NULL,8,3,6,6,1,1,2,2,7,3,N,NULL,Y,N,741,749,749,N,NULL,53,,1,N,,N,N,098-US-0023-0,NULL,NULL,2022,O,7.28E+11,098-US-0023  -000,HIGH,098-US-0023  -000,29.424,1,0,0,0,0,0,0,0,0,0,0,1,0,0
2082,72486027,980100,2.02E+11,20200304,1714,,2ND,,ST,,,0,098 CS-1117,CS1117,N,N,NULL,NULL,NULL,N,NULL,NULL,NULL,NULL,NULL,NULL,0.214,NULL,NULL,NULL,NULL,,NULL,0,0,2,2,Y,N,25,NULL,98,9801,NULL,,Y,37.48088,-82.51765,N,NULL,NULL,NULL,NULL,NULL,NULL,NULL,NULL,8,97,1,6,1,1,2,2,1,3,N,NULL,Y,N,1700,1703,1703,N,NULL,47,,,N,,N,N,098-CS-1117-0,NULL,NULL,2020,O,7.25E+11,098-CS-1117  -000,HIGH,098-CS-1117  -000,0.214,0,0,0,0,0,0,0,0,0,0,0,0,0,1
2083,72680722,KSP0900,21-416055,20211008,2015,,KELLY MOUNTAIN,,RD,,,0,098 CR-1967,CR1967,N,N,NULL,NULL,NULL,N,NULL,NULL,NULL,NULL,NULL,NULL,1.079,NULL,NULL,NULL,NULL,,NULL,0,0,2,2,N,N,5,NULL,98,9867,NULL,,Y,37.22132,-82.52896,N,NULL,NULL,NULL,NULL,NULL,NULL,NULL,NULL,2,97,1,6,1,8,6,7,6,3,N,NULL,Y,N,2012,2045,2012,N,NULL,47,,,N,,N,N,098-CR-1967-0,NULL,NULL,2021,O,7.27E+11,098-CR-1967  -000,HIGH,098-CR-1967  -000,1.079,0,0,0,0,0,0,1,0,0,0,0,0,0,0
2084,72482581,980100,2.02E+11,20200301,1247,,US23,,,US0023,US0023,,,,N,N,NULL,NULL,NULL,N,NULL,NULL,NULL,NULL,NULL,NULL,28.773,NULL,NULL,NULL,NULL,,NULL,0,0,2,2,N,N,55,NULL,98,9807,NULL,,Y,37.52145,-82.56921,N,NULL,NULL,NULL,NULL,NULL,NULL,NULL,NULL,1,3,4,6,1,1,2,2,1,3,N,NULL,Y,N,1248,1258,1258,N,NULL,55,,1,N,,N,N,,NULL,NULL,2020,O,7.25E+11,098-US-0023  -000,MEDIUM,098-US-0023  -000,28.773,0,0,0,1,0,0,1,0,0,0,0,0,0,0
2085,72609093,980000,21-03-004,20210327,1800,,KY199,,,KY0199,KY0199,0,098 KY-199,KY0199,Y,N,NULL,NULL,NULL,N,NULL,NULL,NULL,NULL,NULL,NULL,9.116,NULL,NULL,NULL,NULL,,NULL,0,0,2,2,N,N,35,NULL,98,9851,NULL,,Y,37.57165,-82.26784,N,NULL,NULL,NULL,NULL,NULL,NULL,NULL,NULL,2,97,2,6,1,1,3,2,5,3,N,NULL,Y,Y,1811,1822,1822,N,NULL,90,7,0,N,,N,N,098-KY-0199-0,NULL,NULL,2021,O,7.26E+11,098-KY-0199  -000,HIGH,098-KY-0199  -000,9.116,0,0,1,0,0,0,0,0,0,0,0,0,0,0
2086,72737615,980100,2.02E+11,20220305,1726,,KY1460,,,KY1460,KY1460,0,098 KY-1460,KY1460,N,N,NULL,NULL,NULL,N,NULL,NULL,NULL,NULL,NULL,NULL,6.759,NULL,NULL,NULL,NULL,,NULL,0,0,1,1,N,N,45,NULL,98,9801,NULL,,Y,37.48378,-82.54048,N,NULL,NULL,NULL,NULL,NULL,NULL,NULL,NULL,9,6,2,6,1,1,2,2,7,3,N,NULL,Y,N,1726,1735,1804,N,NULL,44,16,0,N,,N,N,098-KY-1460-0,NULL,NULL,2022,O,7.27E+11,098-KY-1460  -000,HIGH,098-KY-1460  -000,6.759,0,0,1,0,0,0,0,0,0,0,0,1,0,1
2087,72723009,980100,2.02E+11,20220119,1142,,S MAYO TRAIL,,,US0023,US0023,0,098 US-23,US0023,Y,N,NULL,NULL,NULL,N,NULL,NULL,NULL,NULL,NULL,NULL,,NULL,NULL,NULL,NULL,NULL,NULL,0,0,2,2,N,N,,NULL,98,9801,NULL,,Y,37.44776,-82.51439,N,NULL,NULL,NULL,NULL,NULL,NULL,NULL,NULL,2,97,1,6,1,5,6,2,1,3,N,NULL,Y,N,1144,1158,1158,N,NULL,90,,1,N,,N,N,098-US-0023-0,NULL,NULL,2022,O,7.27E+11,098-US-0023  -000,HIGH,098-US-0023  -000,20.108,0,0,0,0,0,0,1,0,0,0,0,0,0,1
2088,72828038,KSP0900,22-428740,20221107,1513,,US460 TURN LANE,,,US0460,US0460,,,,N,N,NULL,NULL,NULL,N,NULL,NULL,NULL,NULL,NULL,NULL,0.047,NULL,NULL,NULL,NULL,,NULL,1,0,2,2,N,N,55,NULL,98,9847,NULL,,Y,37.38249,-82.25504,N,NULL,NULL,NULL,NULL,NULL,NULL,NULL,NULL,5,3,2,1,1,1,2,2,7,3,Y,NULL,Y,Y,1516,1558,1558,N,NULL,70,,1,N,,N,N,,NULL,NULL,2022,C,7.28E+11,098-US-0460  -021,MEDIUM,098-US-0460  -021,0.047,0,0,0,0,0,0,1,0,0,0,0,0,0,0
2089,72772487,980500,2022AR027,20220614,1400,,MAYO TRAIL,N,,,,,,,Y,N,NULL,NULL,NULL,N,NULL,NULL,NULL,NULL,NULL,NULL,,NULL,NULL,NULL,NULL,NULL,NULL,0,0,2,1,Y,N,10,NULL,98,9807,NULL,,Y,37.51973,-82.56614,N,NULL,NULL,NULL,NULL,NULL,NULL,NULL,NULL,7,7,,5,1,1,2,2,1,3,N,NULL,Y,Y,1400,1400,1400,N,NULL,90,,,N,,N,N,,NULL,NULL,2022,O,7.28E+11,098-US-0023  -000,MEDIUM,098-US-0023  -000,28.55,0,1,0,0,0,0,0,0,0,0,0,0,0,0