OBJECTID,MasterFile,AgencyORINumber,LocalCode,CollisionDate,CollisionTime,CollisionDayWeekCode,RoadwayName,RoadwayName_Direction_,RoadwayName_RoadwaySuffix_,RoadwayfromReport,CurrentRoadwayNumber,RoadwayNumberCoupletID,RSEUniqueGIS,RoadwayIdentifier,ParkingLotIndicator,IntersectionWith_Indicator_,IntersectionWith_NameRoadway_,IntersectionWith_Direction_,IntersectionWith_RoadwaySuffix_,BetweenStreets_Indicator_,BetweenStreets1_NameRoadway_,BetweenStreet1_Direction_,BetweenStreets1_RoadwaySuffix_,BetweenStreets2_NameRoadway_,BetweenStreets2_Direction_,BetweenStreets2_RoadwaySuffix_,Milepoint,ReportMilepointDeriveNumber,CurrentDerivedMiepointNumber,MilestoMilepoint,FeettoMilepoint,DirectionfromMilepoint_NSEW_,ValidMilepointIndicator,NumberInjured,NumberKilled,ofUnits,ofMotorVehicleUnits,Hit&RunIndicator,OneWayIndicator,SpeedLimitNumber,KilometersIndicator,CountyCode,CityCountyCode,MilesFromCity,DirectionFromCity_NSEW_,InCityLimitsIndicator,Latitude,Longitude,RampIndicator,RampFromIdentifier,RampFromDirCode,RampFromCoupletID,RSEUniqueGISRampFrom,RampToidentifier,RampToDirCode,RampToCoupletID,RSEUniqueGisRampTo,MannerofCollisionCode,LocationFirstEventCode,TotalLanes,RoadwayCharacterCode,RoadwaySurfaceCode,RoadwayConditionCode,WeatherCode,LightConditionCode,LandUseCode,SchoolBusRelatedCode,FirstAidSceneIndicator,CollDescPresentInd,InvestigationCompleteIndicator,PhotosTakenIndicator,TimeNotified,TimeArrived,TimeRoadwayOpened,PropertyDamageIndicator,DiagramPresentIndicator,DirectionalAnalysis,FunctionClassCode,NationalHwySysCode,EnforcementsIndicator,KARSCityCode,SecondaryCollisionIndicator,MedianCrossoverIndicator,RT_UNIQUE,MapIt,TimeLastLeft,YR,KABCO,MFNY,WorkingRID,RT_CONFIDENCE,KTC_RT,KTC_MP,Motorcyclist,Commercial Vehicle,Young Driver,Mature Driver,Pedestrian,Bicyclist,Distracted,Aggressive,Impaired,Unrestrained,Intersection,Roadway Departure,Median Cross-over,City Crash
2090,72748503,980100,2.02E+11,20220406,1243,,2ND,,ST,,,0,098 CS-1117,CS1117,Y,N,NULL,NULL,NULL,N,NULL,NULL,NULL,NULL,NULL,NULL,0.272,NULL,NULL,NULL,NULL,,NULL,0,0,2,2,N,N,,NULL,98,9801,NULL,,Y,37.48015,-82.51846,N,NULL,NULL,NULL,NULL,NULL,NULL,NULL,NULL,8,97,,6,1,1,2,2,1,3,N,NULL,Y,N,1243,1252,,N,NULL,90,,,N,,N,N,098-CS-1117-0,NULL,NULL,2022,O,7.27E+11,098-CS-1117  -000,HIGH,098-CS-1117  -000,0.272,0,0,0,1,0,0,1,0,0,0,0,0,0,1
2091,72567977,980500,2020AR064,20201120,1615,,WEDDINGTON BRANCH,,RD,,,0,098 CS-3026,CS3026,Y,N,NULL,NULL,NULL,N,NULL,NULL,NULL,NULL,NULL,NULL,,NULL,NULL,NULL,NULL,NULL,NULL,0,0,2,2,Y,N,15,NULL,98,9807,NULL,,Y,37.52523,-82.56873,N,NULL,NULL,NULL,NULL,NULL,NULL,NULL,NULL,8,7,,6,1,1,2,2,1,3,N,NULL,Y,Y,1615,1620,1620,N,NULL,90,,,N,,N,N,098-CS-3026-0,NULL,NULL,2020,O,7.26E+11,098-CS-3026  -000,HIGH,098-CS-3026  -000,0.219,0,0,0,0,0,0,0,0,0,0,0,0,0,0
2092,72705432,980100,2.02E+11,20211205,552,,KY1426,,,KY1426,KY1426,0,098 KY-1426,KY1426,N,N,NULL,NULL,NULL,N,NULL,NULL,NULL,NULL,NULL,NULL,8.116,NULL,NULL,NULL,NULL,,NULL,1,0,1,1,N,N,45,NULL,98,9801,NULL,,Y,37.49277,-82.49089,N,NULL,NULL,NULL,NULL,NULL,NULL,NULL,NULL,9,6,2,2,1,1,2,6,7,3,Y,NULL,Y,Y,552,603,728,N,NULL,44,,0,Y,,N,N,098-KY-1426-0,NULL,NULL,2021,C,7.27E+11,098-KY-1426  -000,HIGH,098-KY-1426  -000,8.116,0,0,0,0,0,0,1,0,1,0,0,1,0,1
2093,72685448,980100,2.02E+11,20211015,1440,,BAIRD,,AVE,KY1426,KY1426,0,098 KY-1426,KY1426,N,N,NULL,NULL,NULL,N,NULL,NULL,NULL,NULL,NULL,NULL,5.388,NULL,NULL,NULL,NULL,,NULL,0,0,2,2,N,N,15,NULL,98,9801,NULL,,Y,37.47305,-82.52704,N,NULL,NULL,NULL,NULL,NULL,NULL,NULL,NULL,1,3,2,6,1,1,2,2,7,3,N,NULL,Y,N,1440,1443,1450,N,NULL,55,,0,N,,N,N,098-KY-1426-0,NULL,NULL,2021,O,7.27E+11,098-KY-1426  -000,HIGH,098-KY-1426  -000,5.388,0,0,0,0,0,0,1,0,0,0,0,0,0,1
2094,72430991,980100,2.02E+11,20191101,1621,,US23,,,US0023,US0023,,,,N,N,NULL,NULL,NULL,N,NULL,NULL,NULL,NULL,NULL,NULL,26.133,NULL,NULL,NULL,NULL,,NULL,0,0,2,2,N,N,55,NULL,98,9801,NULL,,Y,37.50152,-82.53182,N,NULL,NULL,NULL,NULL,NULL,NULL,NULL,NULL,5,3,4,6,1,1,2,2,7,3,N,NULL,N,N,1621,1621,1621,N,NULL,70,,1,N,,N,N,,NULL,NULL,2019,O,7.24E+11,098-US-0023  -000,MEDIUM,098-US-0023  -000,26.133,0,0,0,1,0,0,1,0,0,0,0,0,0,1
2095,72523847,980100,2.02E+11,20200719,1515,,US23,,,US0023,US0023,0,098 US-23,US0023,N,N,NULL,NULL,NULL,N,NULL,NULL,NULL,NULL,NULL,NULL,25.734,NULL,NULL,NULL,NULL,,NULL,2,0,2,2,N,N,55,NULL,98,9801,NULL,,Y,37.49588,-82.53106,N,NULL,NULL,NULL,NULL,NULL,NULL,NULL,NULL,1,3,4,3,1,1,2,2,1,3,Y,NULL,Y,Y,1515,1520,,N,NULL,55,,1,N,,N,N,098-US-0023-0,NULL,NULL,2020,C,7.25E+11,098-US-0023  -000,HIGH,098-US-0023  -000,25.734,0,0,0,0,0,0,1,0,0,0,0,0,0,1
2096,72775547,980200,0980200-,20220503,1100,,RUSSELL,E,ST,,,0,098 CS-2009,CS2009,N,N,NULL,NULL,NULL,N,NULL,NULL,NULL,NULL,NULL,NULL,0.108,NULL,NULL,NULL,NULL,,NULL,1,0,1,1,N,N,5,NULL,98,9802,NULL,,Y,37.30513,-82.35008,N,NULL,NULL,NULL,NULL,NULL,NULL,NULL,NULL,9,4,1,6,1,1,2,2,6,3,Y,NULL,Y,Y,1050,1052,1200,N,NULL,44,,,N,,N,N,098-CS-2009-0,NULL,NULL,2022,A,7.28E+11,098-CS-2009  -000,HIGH,098-CS-2009  -000,0.108,0,0,0,0,0,0,0,0,0,0,0,1,0,0
2097,72555656,980100,2.02E+11,20201018,1302,,US23,S,,,,,,,N,N,NULL,NULL,NULL,N,NULL,NULL,NULL,NULL,NULL,NULL,,NULL,NULL,NULL,NULL,NULL,NULL,1,0,2,2,N,N,55,NULL,98,9801,NULL,,Y,37.43884,-82.50917,N,NULL,NULL,NULL,NULL,NULL,NULL,NULL,NULL,1,3,4,6,1,1,2,2,1,3,Y,NULL,N,Y,1302,1307,1334,N,NULL,55,,,N,,N,N,,NULL,NULL,2020,A,7.26E+11,098-US-0023  -071,MEDIUM,098-US-0023  -071,0.007,1,0,0,1,0,0,1,1,0,0,0,0,0,1
2098,72473612,KSP0900,20-5050,20200207,1837,,KY1469,,,KY1469,KY1469,0,098 KY-1469,KY1469,N,N,NULL,NULL,NULL,N,NULL,NULL,NULL,NULL,NULL,NULL,13.165,NULL,NULL,NULL,NULL,,NULL,0,0,1,1,N,N,55,NULL,98,9827,NULL,,Y,37.35864,-82.57115,N,NULL,NULL,NULL,NULL,NULL,NULL,NULL,NULL,9,3,2,6,1,4,8,6,7,3,N,NULL,Y,N,1837,1847,,N,NULL,40,7,0,N,,N,N,098-KY-1469-0,NULL,NULL,2020,O,7.25E+11,098-KY-1469  -000,HIGH,098-KY-1469  -000,13.165,0,0,0,0,0,0,0,0,0,0,0,1,0,0
2099,72475082,980500,2020AR014,20200210,1500,,US23,,,US0023,US0023,0,098 US-23,US0023,N,N,NULL,NULL,NULL,N,NULL,NULL,NULL,NULL,NULL,NULL,28.658,NULL,NULL,NULL,NULL,,NULL,0,0,2,2,N,N,45,NULL,98,9807,NULL,,Y,37.52028,-82.56801,N,NULL,NULL,NULL,NULL,NULL,NULL,NULL,NULL,5,3,6,6,1,6,3,2,7,3,N,NULL,Y,N,1500,1502,,N,NULL,49,,1,N,,N,N,098-US-0023-0,NULL,NULL,2020,O,7.25E+11,098-US-0023  -000,HIGH,098-US-0023  -000,28.658,0,0,0,0,0,0,1,0,0,0,0,0,0,0
2100,72535692,980500,2020AR042,20200826,1630,,CHURCH,,ST,,,0,098 CS-3002,CS3002,Y,N,NULL,NULL,NULL,N,NULL,NULL,NULL,NULL,NULL,NULL,0.251,NULL,NULL,NULL,NULL,,NULL,0,0,2,2,N,N,15,NULL,98,9807,NULL,,Y,37.51772,-82.56673,N,NULL,NULL,NULL,NULL,NULL,NULL,NULL,NULL,2,97,2,6,2,1,2,2,1,3,N,NULL,Y,Y,1625,1630,,N,NULL,90,,,N,,N,N,098-CS-3002-0,NULL,NULL,2020,O,7.25E+11,098-CS-3002  -000,HIGH,098-CS-3002  -000,0.251,0,0,0,1,0,0,0,0,0,0,0,0,0,0
2101,72494410,KSP0900,20-13937,20200415,630,,US119,,,US0119,US0119,0,098 US-119,US0119,N,N,NULL,NULL,NULL,N,NULL,NULL,NULL,NULL,NULL,NULL,18.228,NULL,NULL,NULL,NULL,,NULL,0,0,1,1,N,N,55,NULL,98,9814,NULL,,Y,37.5955,-82.28446,N,NULL,NULL,NULL,NULL,NULL,NULL,NULL,NULL,9,3,2,1,1,5,3,6,7,3,N,NULL,Y,N,630,715,715,N,NULL,38,2,1,N,,N,N,098-US-0119-0,NULL,NULL,2020,O,7.25E+11,098-US-0119  -000,HIGH,098-US-0119  -000,18.228,0,0,1,0,0,0,0,0,0,0,0,0,0,0
2102,72871854,KSP0900,23-73071,20230225,1030,,TAYLOR,,FRK,,,0,098 CR-1017,CR1017,N,N,NULL,NULL,NULL,N,NULL,NULL,NULL,NULL,NULL,NULL,0.135,NULL,NULL,NULL,NULL,,NULL,0,0,1,1,N,N,20,NULL,98,9826,NULL,,Y,37.6711,-82.30959,N,NULL,NULL,NULL,NULL,NULL,NULL,NULL,NULL,9,3,1,6,1,5,6,2,7,3,N,NULL,Y,N,1030,1030,1030,Y,NULL,44,,,N,,N,N,098-CR-1017-0,NULL,NULL,2023,O,7.29E+11,098-CR-1017  -000,HIGH,098-CR-1017  -000,0.135,0,0,0,0,0,0,1,0,0,0,0,1,0,0
2103,72502269,KSP0900,20-16436,20200502,2300,,CALLOWAY BRANCH SENG CAMP,,RD,KY3419,KY3419,0,098 KY-3419,KY3419,N,N,NULL,NULL,NULL,N,NULL,NULL,NULL,NULL,NULL,NULL,10.701,NULL,NULL,NULL,NULL,,NULL,1,1,1,1,N,N,45,NULL,98,9863,NULL,,Y,37.53761,-82.19698,N,NULL,NULL,NULL,NULL,NULL,NULL,NULL,NULL,9,4,2,3,1,1,2,6,7,3,Y,NULL,Y,Y,2300,2315,101,N,NULL,51,9,0,Y,,N,N,098-KY-3419-0,NULL,NULL,2020,K,7.25E+11,098-KY-3419  -000,HIGH,098-KY-3419  -000,10.701,0,0,0,0,0,0,0,1,1,0,0,1,0,0
2104,72747130,980000,22-04-002,20220404,1400,,LITTLE,,CRK,,,0,098 CR-1276,CR1276,N,N,NULL,NULL,NULL,N,NULL,NULL,NULL,NULL,NULL,NULL,0.893,NULL,NULL,NULL,NULL,,NULL,0,0,1,1,N,N,35,NULL,98,9801,NULL,,Y,37.3837,-82.51662,N,NULL,NULL,NULL,NULL,NULL,NULL,NULL,NULL,9,97,1,6,1,1,2,2,7,3,N,NULL,Y,Y,1403,1422,1422,Y,NULL,40,,,N,,N,N,098-CR-1276-0,NULL,NULL,2022,O,7.27E+11,098-CR-1276  -000,HIGH,098-CR-1276  -000,0.893,0,0,0,0,0,0,0,0,0,0,0,1,0,0
2105,72529091,KSP0900,20-626292,20200730,2100,,HOPKINS,,FRK,,,0,098 CR-1223Q3,CR1223Q3,N,N,NULL,NULL,NULL,N,NULL,NULL,NULL,NULL,NULL,NULL,0.172,NULL,NULL,NULL,NULL,,NULL,3,0,1,1,N,Y,45,NULL,98,9827,NULL,,Y,37.32082,-82.53184,N,NULL,NULL,NULL,NULL,NULL,NULL,NULL,NULL,9,3,1,2,1,1,2,6,7,3,Y,NULL,N,Y,2100,2115,,N,NULL,70,,,N,,N,N,098-CR-1223Q3-0,NULL,NULL,2020,C,7.25E+11,098-CR-1223Q3-000,HIGH,098-CR-1223Q3-000,0.172,0,0,0,0,0,0,0,0,0,0,0,1,0,0
2106,72783239,980100,2.02E+11,20220712,1024,,BYPASS,,RD,,,0,098 CS-1223,CS1223,Y,N,NULL,NULL,NULL,N,NULL,NULL,NULL,NULL,NULL,NULL,,NULL,NULL,NULL,NULL,NULL,NULL,0,0,2,2,Y,N,,NULL,98,9801,NULL,,Y,37.47128,-82.52117,N,NULL,NULL,NULL,NULL,NULL,NULL,NULL,NULL,2,97,1,6,2,1,2,2,1,3,N,NULL,Y,N,1024,1037,1037,N,NULL,90,,,N,,N,N,098-CS-1223-0,NULL,NULL,2022,O,7.28E+11,098-CS-1223  -000,HIGH,098-CS-1223  -000,0.136,0,0,0,0,0,0,1,0,0,0,0,0,0,1
2107,72724490,KSP0900,22-23423,20220119,1701,,KY1469,,,KY1469,KY1469,0,098 KY-1469,KY1469,N,N,NULL,NULL,NULL,N,NULL,NULL,NULL,NULL,NULL,NULL,3.107,NULL,NULL,NULL,NULL,,NULL,0,1,1,1,N,N,55,NULL,98,9827,NULL,,Y,37.27652,-82.68146,N,NULL,NULL,NULL,NULL,NULL,NULL,NULL,NULL,9,3,2,3,1,5,6,6,7,3,N,NULL,Y,Y,1701,1721,1916,N,NULL,40,8,0,N,,Y,N,098-KY-1469-0,NULL,NULL,2022,K,7.27E+11,098-KY-1469  -000,HIGH,098-KY-1469  -000,3.107,0,0,0,0,0,0,0,1,0,1,0,1,0,0
2108,72566716,KSP0900,20-789386,20201116,58,,ROCKHOUSE,,RD,,,0,098 CR-1113,CR1113,N,N,NULL,NULL,NULL,N,NULL,NULL,NULL,NULL,NULL,NULL,0.915,NULL,NULL,NULL,NULL,,NULL,0,0,1,1,N,N,35,NULL,98,9804,NULL,,Y,37.44969,-82.13237,N,NULL,NULL,NULL,NULL,NULL,NULL,NULL,NULL,9,3,2,2,1,1,2,6,7,3,N,NULL,Y,N,58,115,115,N,NULL,70,,,N,,N,N,098-CR-1113-0,NULL,NULL,2020,O,7.26E+11,098-CR-1113  -000,HIGH,098-CR-1113  -000,0.915,0,0,0,0,0,0,0,0,0,0,0,0,0,0
2109,72538101,980100,2.02E+11,20200901,1745,,KY3496,,,KY3496,KY3496,0,098 KY-3496,KY3496,Y,N,NULL,NULL,NULL,N,NULL,NULL,NULL,NULL,NULL,NULL,0.13,NULL,NULL,NULL,NULL,,NULL,0,0,2,2,N,N,35,NULL,98,9801,NULL,,Y,37.46616,-82.53001,N,NULL,NULL,NULL,NULL,NULL,NULL,NULL,NULL,2,97,2,6,1,1,2,2,1,3,N,NULL,Y,N,1745,1754,,N,NULL,90,16,0,N,,N,N,098-KY-3496-0,NULL,NULL,2020,O,7.25E+11,098-KY-3496  -000,HIGH,098-KY-3496  -000,0.13,0,0,1,0,0,0,1,0,0,0,0,0,0,1
2110,72532984,980100,2.02E+12,20200818,1649,,US23,,,US0023,US0023,,,,N,N,NULL,NULL,NULL,N,NULL,NULL,NULL,NULL,NULL,NULL,25.715,NULL,NULL,NULL,NULL,,NULL,0,0,1,1,N,N,55,NULL,98,9801,NULL,,Y,37.4956,-82.53121,N,NULL,NULL,NULL,NULL,NULL,NULL,NULL,NULL,9,3,4,6,1,1,2,2,1,3,N,NULL,Y,N,1649,1654,1654,N,NULL,41,,1,N,,N,N,,NULL,NULL,2020,O,7.25E+11,098-US-0023  -000,MEDIUM,098-US-0023  -000,25.715,0,0,0,0,0,0,0,0,0,0,0,1,0,1
2111,72815242,KSP0900,22-390276,20221009,1233,,MOUNTAIN VIEW,,RD,,,0,098 CR-1505A,CR1505A,N,N,NULL,NULL,NULL,N,NULL,NULL,NULL,NULL,NULL,NULL,0.024,NULL,NULL,NULL,NULL,,NULL,0,0,2,2,N,N,20,NULL,98,9814,NULL,,Y,37.60458,-82.27261,N,NULL,NULL,NULL,NULL,NULL,NULL,NULL,NULL,1,3,1,6,1,1,2,2,7,3,N,NULL,Y,N,1233,1233,1233,N,NULL,55,,,N,,N,N,098-CR-1505A-0,NULL,NULL,2022,O,7.28E+11,098-CR-1505A -000,HIGH,098-CR-1505A -000,0.024,0,0,0,1,0,0,0,0,0,0,0,0,0,0
2112,72714627,KSP0900,21-520419,20211223,1205,,KY3414,,,KY3414,KY3414,0,098 KY-3414,KY3414,N,N,NULL,NULL,NULL,N,NULL,NULL,NULL,NULL,NULL,NULL,3.042,NULL,NULL,NULL,NULL,,NULL,0,0,2,2,N,N,35,NULL,98,9827,NULL,,Y,37.2836,-82.65817,N,NULL,NULL,NULL,NULL,NULL,NULL,NULL,NULL,3,3,2,3,1,1,2,2,7,3,N,NULL,Y,Y,1208,1233,1245,N,NULL,52,9,0,N,,N,N,098-KY-3414-0,NULL,NULL,2021,O,7.27E+11,098-KY-3414  -000,HIGH,098-KY-3414  -000,3.042,0,0,0,0,0,0,0,0,0,0,0,1,0,0
2113,72525183,370200,2020-592799,20200710,939,,KY3416,,,KY3416,KY3416,0,098 KY-3416,KY3416,N,N,NULL,NULL,NULL,N,NULL,NULL,NULL,NULL,NULL,NULL,0.486,NULL,NULL,NULL,NULL,,NULL,0,0,2,2,N,N,35,NULL,98,9801,NULL,,Y,37.43572,-82.54633,N,NULL,NULL,NULL,NULL,NULL,NULL,NULL,NULL,7,3,2,3,1,1,2,2,7,3,N,NULL,Y,N,939,942,942,N,NULL,54,9,0,N,,N,N,098-KY-3416-0,NULL,NULL,2020,O,7.25E+11,098-KY-3416  -000,HIGH,098-KY-3416  -000,0.486,0,1,0,0,0,0,0,0,0,0,0,1,0,0
2114,72713479,KSP0900,21-522692,20211225,924,,US119,,,US0119,US0119,0,098 US-119-10,US0119,N,N,NULL,NULL,NULL,N,NULL,NULL,NULL,NULL,NULL,NULL,12.389,NULL,NULL,NULL,NULL,,NULL,0,0,1,1,N,N,55,NULL,98,9833,NULL,,Y,37.60119,-82.37177,N,NULL,NULL,NULL,NULL,NULL,NULL,NULL,NULL,9,5,2,6,1,1,3,2,7,3,N,NULL,Y,N,924,1010,1010,Y,NULL,51,2,1,N,,N,N,098-US-0119-10,NULL,NULL,2021,O,7.27E+11,098-US-0119  -010,HIGH,098-US-0119  -000,12.389,0,0,0,0,0,0,0,0,0,0,0,1,0,0
2115,72675274,KSP0900,21-397972,20210925,1620,,KY194,,,KY0194,KY0194,0,098 KY-194,KY0194,N,N,NULL,NULL,NULL,N,NULL,NULL,NULL,NULL,NULL,NULL,69.032,NULL,NULL,NULL,NULL,,NULL,0,0,1,1,N,N,35,NULL,98,9825,NULL,,Y,37.50445,-82.06876,N,NULL,NULL,NULL,NULL,NULL,NULL,NULL,NULL,9,5,2,3,1,1,2,2,6,3,N,NULL,Y,N,1622,1655,1730,N,NULL,51,7,0,N,,N,Y,098-KY-0194-0,NULL,NULL,2021,O,7.27E+11,098-KY-0194  -000,HIGH,098-KY-0194  -000,69.032,0,0,0,0,0,0,1,0,0,0,0,1,0,0
2116,72557844,KSP0900,20-755795,20201024,1316,,TOLER,,RD,KY0319,KY0319,0,098 KY-319,KY0319,N,N,NULL,NULL,NULL,N,NULL,NULL,NULL,NULL,NULL,NULL,6.07,NULL,NULL,NULL,NULL,,NULL,0,0,1,1,N,N,45,NULL,98,9842,NULL,,Y,37.63277,-82.25124,N,NULL,NULL,NULL,NULL,NULL,NULL,NULL,NULL,9,3,2,6,1,5,3,2,7,3,N,NULL,Y,Y,1316,1316,1316,N,NULL,38,7,0,N,,N,N,098-KY-0319-0,NULL,NULL,2020,O,7.26E+11,098-KY-0319  -000,HIGH,098-KY-0319  -000,6.07,0,0,0,0,0,0,0,0,0,0,0,0,0,0
2117,72735333,KSP0900,22-65701,20220222,1445,,KY194,,,KY0194,KY0194,0,098 KY-194,KY0194,N,N,NULL,NULL,NULL,N,NULL,NULL,NULL,NULL,NULL,NULL,18.757,NULL,NULL,NULL,NULL,,NULL,0,0,2,2,N,N,55,NULL,98,9817,NULL,,Y,37.55908,-82.41627,N,NULL,NULL,NULL,NULL,NULL,NULL,NULL,NULL,3,3,2,3,1,5,6,2,7,3,N,NULL,Y,N,1445,1500,1500,N,NULL,52,6,5,N,,N,N,098-KY-0194-0,NULL,NULL,2022,O,7.27E+11,098-KY-0194  -000,HIGH,098-KY-0194  -000,18.757,0,0,0,0,0,0,0,0,0,0,0,1,0,0
2118,72386788,KSP0900,19-27321,20190718,1305,,MALL,,RD,,,0,098 CR-1037,CR1037,Y,N,NULL,NULL,NULL,N,NULL,NULL,NULL,NULL,NULL,NULL,0.089,NULL,NULL,NULL,NULL,,NULL,1,0,2,2,N,N,15,NULL,98,9834,NULL,,Y,37.65344,-82.27123,N,NULL,NULL,NULL,NULL,NULL,NULL,NULL,NULL,2,97,2,6,1,1,3,2,1,3,Y,NULL,Y,Y,1305,1310,1330,N,NULL,90,,,N,,N,N,098-CR-1037-0,NULL,NULL,2019,C,7.24E+11,098-CR-1037  -000,HIGH,098-CR-1037  -000,0.089,0,0,0,0,0,0,1,1,0,0,0,0,0,0
2119,72689744,KSP0900,21-445634,20211029,2338,,US119,,,US0119,US0119,0,098 US-119-10,US0119,N,N,NULL,NULL,NULL,N,NULL,NULL,NULL,NULL,NULL,NULL,0.151,NULL,NULL,NULL,NULL,,NULL,0,0,1,1,N,N,55,NULL,98,9801,NULL,,Y,37.50437,-82.52943,N,NULL,NULL,NULL,NULL,NULL,NULL,NULL,NULL,9,3,2,6,1,1,2,6,7,3,N,NULL,Y,N,2330,2340,2340,N,NULL,38,2,1,N,,N,N,098-US-0119-10,NULL,NULL,2021,O,7.27E+11,098-US-0119  -010,HIGH,098-US-0119  -000,0.151,0,0,0,0,0,0,0,0,0,0,0,0,0,1
2120,72537459,KSP0900,2020-665161,20200824,1600,,KY1056,,,KY1056,KY1056,0,098 KY-1056,KY1056,N,N,NULL,NULL,NULL,N,NULL,NULL,NULL,NULL,NULL,NULL,11.379,NULL,NULL,NULL,NULL,,NULL,4,0,2,2,N,N,35,NULL,98,9863,NULL,,Y,37.61839,-82.16575,N,NULL,NULL,NULL,NULL,NULL,NULL,NULL,NULL,1,3,2,3,1,1,2,2,7,3,N,NULL,N,Y,1453,1453,1453,N,NULL,55,7,0,N,,N,N,098-KY-1056-0,NULL,NULL,2020,B,7.25E+11,098-KY-1056  -000,HIGH,098-KY-1056  -000,11.379,0,0,0,1,0,0,0,0,0,1,0,0,0,0
2121,72735298,980100,2.02E+11,20220221,712,,HAROLDS BRANCH,,RD,,,0,098 CS-1223,CS1223,N,N,NULL,NULL,NULL,N,NULL,NULL,NULL,NULL,NULL,NULL,0.102,NULL,NULL,NULL,NULL,,NULL,0,0,2,2,N,N,25,NULL,98,9801,NULL,,Y,37.47151,-82.5219,N,NULL,NULL,NULL,NULL,NULL,NULL,NULL,NULL,1,3,2,6,2,1,3,2,1,3,N,NULL,Y,N,712,718,,N,NULL,55,,,N,,N,N,098-CS-1223-0,NULL,NULL,2022,O,7.27E+11,098-CS-1223  -000,HIGH,098-CS-1223  -000,0.102,0,0,1,0,0,0,1,1,0,0,0,0,0,1
2122,72552989,980100,2.02E+11,20201014,1456,,BYPASS,S,RD,KY1426,KY1426,0,098 KY-1426,KY1426,Y,N,NULL,NULL,NULL,N,NULL,NULL,NULL,NULL,NULL,NULL,5.681,NULL,NULL,NULL,NULL,,NULL,0,0,4,4,Y,N,55,NULL,98,9801,NULL,,Y,37.47273,-82.523,N,NULL,NULL,NULL,NULL,NULL,NULL,NULL,NULL,8,7,2,4,1,1,2,8,1,3,N,NULL,Y,N,1456,1459,,N,NULL,90,,0,Y,,N,N,098-KY-1426-0,NULL,NULL,2020,O,7.26E+11,098-KY-1426  -000,HIGH,098-KY-1426  -000,5.681,0,0,0,0,0,0,1,0,1,1,0,0,0,1
2123,72573438,KSP0900,20-822514,20201210,340,,US460,,,US0460,US0460,0,098 US-460,US0460,N,N,NULL,NULL,NULL,N,NULL,NULL,NULL,NULL,NULL,NULL,10.775,NULL,NULL,NULL,NULL,,NULL,1,0,2,1,N,N,55,NULL,98,9802,NULL,,Y,37.35455,-82.40185,N,NULL,NULL,NULL,NULL,NULL,NULL,NULL,NULL,9,3,2,6,1,1,2,6,7,3,N,NULL,Y,Y,340,347,,N,NULL,36,,1,N,,N,N,098-US-0460-0,NULL,NULL,2020,B,7.26E+11,098-US-0460  -000,HIGH,098-US-0460  -000,10.775,0,0,0,0,1,0,0,0,0,0,0,0,0,0
2124,72770730,KSP0900,22-215484,20220608,2247,,US23,,,US0023,US0023,0,098 US-23,US0023,N,N,NULL,NULL,NULL,N,NULL,NULL,NULL,NULL,NULL,NULL,28.4,NULL,NULL,NULL,NULL,,NULL,0,0,1,1,N,N,55,NULL,98,9807,NULL,,Y,37.51808,-82.56422,N,NULL,NULL,NULL,NULL,NULL,NULL,NULL,NULL,9,3,4,3,1,1,2,5,7,3,N,NULL,Y,N,2247,2256,2256,N,NULL,44,,1,N,,N,N,098-US-0023-0,NULL,NULL,2022,O,7.28E+11,098-US-0023  -000,HIGH,098-US-0023  -000,28.4,0,0,1,0,0,0,0,0,0,0,0,1,0,0
2125,72595260,980100,2.02E+11,20210213,1855,,US23,,,US0023,US0023,0,098 US-23,US0023,N,N,NULL,NULL,NULL,N,NULL,NULL,NULL,NULL,NULL,NULL,27.463,NULL,NULL,NULL,NULL,,NULL,0,0,2,2,N,N,55,NULL,98,9807,NULL,,Y,37.51139,-82.55019,N,NULL,NULL,NULL,NULL,NULL,NULL,NULL,NULL,8,3,4,6,1,5,3,7,7,3,N,NULL,Y,N,1855,1901,,N,NULL,53,,1,N,,N,N,098-US-0023-0,NULL,NULL,2021,O,7.26E+11,098-US-0023  -000,HIGH,098-US-0023  -000,27.463,0,0,0,0,0,0,1,0,0,0,0,1,0,1
2126,72735719,980000,22-02-006,20220225,1259,,292,W,HWY,,,,,,Y,N,NULL,NULL,NULL,N,NULL,NULL,NULL,NULL,NULL,NULL,,NULL,NULL,NULL,NULL,NULL,NULL,0,0,2,2,N,N,5,NULL,98,9836,3,E,N,37.7108,-82.31066,N,NULL,NULL,NULL,NULL,NULL,NULL,NULL,NULL,2,97,,6,3,5,3,2,1,3,N,NULL,Y,Y,1300,1307,,N,NULL,90,,,N,,N,N,,NULL,NULL,2022,O,7.27E+11,098-KY-0292  -000,MEDIUM,098-KY-0292  -000,10.122,0,0,0,1,0,0,1,0,0,0,0,0,0,0
2127,72568694,KSP0900,20-802951,20201125,1213,,US460,,,US0460,US0460,0,098 US-460,US0460,Y,N,NULL,NULL,NULL,N,NULL,NULL,NULL,NULL,NULL,NULL,9.883,NULL,NULL,NULL,NULL,,NULL,0,0,2,2,N,N,15,NULL,98,9802,5,W,N,37.36371,-82.40721,N,NULL,NULL,NULL,NULL,NULL,NULL,NULL,NULL,2,97,2,6,1,1,2,2,7,3,N,NULL,Y,N,1400,1413,1416,N,NULL,90,,1,N,,N,N,098-US-0460-0,NULL,NULL,2020,O,7.26E+11,098-US-0460  -000,HIGH,098-US-0460  -000,9.883,0,0,0,1,0,0,1,0,0,0,0,0,0,0