OBJECTID,MasterFile,AgencyORINumber,LocalCode,CollisionDate,CollisionTime,CollisionDayWeekCode,RoadwayName,RoadwayName_Direction_,RoadwayName_RoadwaySuffix_,RoadwayfromReport,CurrentRoadwayNumber,RoadwayNumberCoupletID,RSEUniqueGIS,RoadwayIdentifier,ParkingLotIndicator,IntersectionWith_Indicator_,IntersectionWith_NameRoadway_,IntersectionWith_Direction_,IntersectionWith_RoadwaySuffix_,BetweenStreets_Indicator_,BetweenStreets1_NameRoadway_,BetweenStreet1_Direction_,BetweenStreets1_RoadwaySuffix_,BetweenStreets2_NameRoadway_,BetweenStreets2_Direction_,BetweenStreets2_RoadwaySuffix_,Milepoint,ReportMilepointDeriveNumber,CurrentDerivedMiepointNumber,MilestoMilepoint,FeettoMilepoint,DirectionfromMilepoint_NSEW_,ValidMilepointIndicator,NumberInjured,NumberKilled,ofUnits,ofMotorVehicleUnits,Hit&RunIndicator,OneWayIndicator,SpeedLimitNumber,KilometersIndicator,CountyCode,CityCountyCode,MilesFromCity,DirectionFromCity_NSEW_,InCityLimitsIndicator,Latitude,Longitude,RampIndicator,RampFromIdentifier,RampFromDirCode,RampFromCoupletID,RSEUniqueGISRampFrom,RampToidentifier,RampToDirCode,RampToCoupletID,RSEUniqueGisRampTo,MannerofCollisionCode,LocationFirstEventCode,TotalLanes,RoadwayCharacterCode,RoadwaySurfaceCode,RoadwayConditionCode,WeatherCode,LightConditionCode,LandUseCode,SchoolBusRelatedCode,FirstAidSceneIndicator,CollDescPresentInd,InvestigationCompleteIndicator,PhotosTakenIndicator,TimeNotified,TimeArrived,TimeRoadwayOpened,PropertyDamageIndicator,DiagramPresentIndicator,DirectionalAnalysis,FunctionClassCode,NationalHwySysCode,EnforcementsIndicator,KARSCityCode,SecondaryCollisionIndicator,MedianCrossoverIndicator,RT_UNIQUE,MapIt,TimeLastLeft,YR,KABCO,MFNY,WorkingRID,RT_CONFIDENCE,KTC_RT,KTC_MP,Motorcyclist,Commercial Vehicle,Young Driver,Mature Driver,Pedestrian,Bicyclist,Distracted,Aggressive,Impaired,Unrestrained,Intersection,Roadway Departure,Median Cross-over,City Crash
2128,72580725,KSP0900,20-849304,20201230,906,,US23,,,US0023,US0023,0,098 US-23-10,US0023,N,N,NULL,NULL,NULL,N,NULL,NULL,NULL,NULL,NULL,NULL,27.438,NULL,NULL,NULL,NULL,,NULL,0,0,2,2,N,N,55,NULL,98,9807,NULL,,Y,37.51108,-82.54984,N,NULL,NULL,NULL,NULL,NULL,NULL,NULL,NULL,5,3,4,6,1,1,2,2,6,3,N,NULL,Y,N,906,910,910,N,NULL,49,,1,N,,N,N,098-US-0023-10,NULL,NULL,2020,O,7.26E+11,098-US-0023  -010,HIGH,098-US-0023  -000,27.438,0,0,0,1,0,0,0,0,0,0,0,0,0,1
2129,72787571,KSP0900,22-263765,20220711,1538,,KY194,,,KY0194,KY0194,0,098 KY-194,KY0194,Y,N,NULL,NULL,NULL,N,NULL,NULL,NULL,NULL,NULL,NULL,55.405,NULL,NULL,NULL,NULL,,NULL,0,0,2,2,N,N,10,NULL,98,9804,NULL,,Y,37.51692,-82.15274,N,NULL,NULL,NULL,NULL,NULL,NULL,NULL,NULL,2,97,2,6,1,1,2,2,1,3,N,NULL,Y,N,1538,1610,1538,N,NULL,90,7,0,N,,N,N,098-KY-0194-0,NULL,NULL,2022,O,7.28E+11,098-KY-0194  -000,HIGH,098-KY-0194  -000,55.405,0,0,0,1,0,0,1,0,0,0,0,0,0,0
2130,72616370,KSP0900,21-155972,20210419,810,,KY194,,,KY0194,KY0194,0,098 KY-194,KY0194,N,N,NULL,NULL,NULL,N,NULL,NULL,NULL,NULL,NULL,NULL,53.638,NULL,NULL,NULL,NULL,,NULL,0,0,1,1,N,N,35,NULL,98,9804,NULL,,Y,37.50283,-82.13663,N,NULL,NULL,NULL,NULL,NULL,NULL,NULL,NULL,9,3,2,3,1,1,2,2,7,3,N,NULL,Y,N,810,840,845,N,NULL,38,8,0,N,,N,N,098-KY-0194-0,NULL,NULL,2021,O,7.26E+11,098-KY-0194  -000,HIGH,098-KY-0194  -000,53.638,0,0,0,1,0,0,0,0,0,0,0,0,0,0
2131,72508577,KSP0900,2020-21161,20200604,1547,,US119,,,US0119,US0119,0,098 US-119,US0119,N,N,NULL,NULL,NULL,N,NULL,NULL,NULL,NULL,NULL,NULL,24.381,NULL,NULL,NULL,NULL,,NULL,0,0,2,2,N,N,55,NULL,98,9834,NULL,,Y,37.66035,-82.27354,N,NULL,NULL,NULL,NULL,NULL,NULL,NULL,NULL,8,3,4,6,1,1,2,2,7,3,N,NULL,N,N,1545,1545,1545,N,NULL,53,2,1,N,,N,N,098-US-0119-0,NULL,NULL,2020,O,7.25E+11,098-US-0119  -000,HIGH,098-US-0119  -000,24.381,0,0,0,1,0,0,1,0,0,0,0,1,0,0
2132,72497233,980100,2.02E+11,20200424,1336,,KY1426,,,KY1426,KY1426,,,,Y,N,NULL,NULL,NULL,N,NULL,NULL,NULL,NULL,NULL,NULL,6.921,NULL,NULL,NULL,NULL,,NULL,0,0,2,2,N,N,,NULL,98,9801,NULL,,Y,37.48618,-82.50913,N,NULL,NULL,NULL,NULL,NULL,NULL,NULL,NULL,2,97,,6,1,5,6,2,1,3,N,NULL,Y,N,1336,1338,,N,NULL,90,,0,N,,N,N,,NULL,NULL,2020,O,7.25E+11,098-KY-1426  -000,HIGH,098-KY-1426  -000,6.921,0,0,0,0,0,0,1,0,0,0,0,0,0,1
2133,72834635,980100,2.02E+11,20221127,1445,,CASSIDY,,BLVD,,,0,098 CS-1191,CS1191,Y,N,NULL,NULL,NULL,N,NULL,NULL,NULL,NULL,NULL,NULL,0.265,NULL,NULL,NULL,NULL,,NULL,0,0,2,2,N,N,15,NULL,98,9801,NULL,,Y,37.50542,-82.53619,N,NULL,NULL,NULL,NULL,NULL,NULL,NULL,NULL,4,97,,6,1,1,2,2,1,3,N,NULL,Y,N,1446,1449,1525,N,NULL,90,,,N,,N,N,098-CS-1191-0,NULL,NULL,2022,O,7.28E+11,098-CS-1191  -000,HIGH,098-CS-1191  -000,0.265,0,0,1,0,0,0,1,0,0,0,0,0,0,1
2134,72576501,980100,2.02E+11,20201213,2045,,TOWN MOUNTAIN,,RD,KY1426,KY1426,0,098 KY-1426,KY1426,N,N,NULL,NULL,NULL,N,NULL,NULL,NULL,NULL,NULL,NULL,6.852,NULL,NULL,NULL,NULL,,NULL,0,0,1,1,N,N,45,NULL,98,9801,NULL,,Y,37.48552,-82.51006,N,NULL,NULL,NULL,NULL,NULL,NULL,NULL,NULL,9,3,2,6,1,1,2,6,1,3,N,NULL,Y,N,2045,2052,2117,N,NULL,38,,0,N,,N,N,098-KY-1426-0,NULL,NULL,2020,O,7.26E+11,098-KY-1426  -000,HIGH,098-KY-1426  -000,6.852,0,0,1,0,0,0,0,0,0,0,0,0,0,1
2135,72795147,980100,2.02E+11,20220811,1551,,KY1426,,,KY1426,KY1426,0,098 KY-1426,KY1426,N,N,NULL,NULL,NULL,N,NULL,NULL,NULL,NULL,NULL,NULL,6.913,NULL,NULL,NULL,NULL,,NULL,0,0,2,2,N,N,45,NULL,98,9801,NULL,,Y,37.48638,-82.509,N,NULL,NULL,NULL,NULL,NULL,NULL,NULL,NULL,5,3,2,6,1,1,2,2,7,3,N,NULL,Y,N,1552,1556,1626,N,NULL,49,,0,Y,,N,N,098-KY-1426-0,NULL,NULL,2022,O,7.28E+11,098-KY-1426  -000,HIGH,098-KY-1426  -000,6.913,0,0,1,0,0,0,1,0,0,1,0,0,0,1
2136,72544192,980100,2.02E+11,20200910,1419,,CASSIDY,,BLVD,,,,,,Y,N,NULL,NULL,NULL,N,NULL,NULL,NULL,NULL,NULL,NULL,0.28,NULL,NULL,NULL,NULL,,NULL,0,0,2,2,N,N,15,NULL,98,9801,NULL,,Y,37.50486,-82.53644,N,NULL,NULL,NULL,NULL,NULL,NULL,NULL,NULL,7,97,1,6,1,1,2,2,1,3,N,NULL,Y,N,1419,1439,1439,N,NULL,90,,,N,,N,N,,NULL,NULL,2020,O,7.25E+11,098-CS-1191  -000,LOW,098-CS-1191  -000,0.28,0,0,1,0,0,0,1,0,0,0,0,0,0,1
2137,72580054,KSP0900,20-649504,20200814,1630,,MALL,,RD,,,0,098 CR-1037,CR1037,Y,N,NULL,NULL,NULL,N,NULL,NULL,NULL,NULL,NULL,NULL,0.066,NULL,NULL,NULL,NULL,,NULL,0,0,2,2,N,N,15,NULL,98,9834,NULL,,Y,37.65227,-82.26926,N,NULL,NULL,NULL,NULL,NULL,NULL,NULL,NULL,2,97,,6,1,1,2,2,1,3,N,NULL,Y,N,1634,1702,1702,N,NULL,90,,,N,,N,N,098-CR-1037-0,NULL,NULL,2020,O,7.26E+11,098-CR-1037  -000,HIGH,098-CR-1037  -000,0.066,0,0,0,0,0,0,1,0,0,0,0,0,0,0
2138,72563790,980100,2.02E+11,20201111,1137,,CASSIDY,,BLVD,,,0,098 CS-1191,CS1191,Y,N,NULL,NULL,NULL,N,NULL,NULL,NULL,NULL,NULL,NULL,0.052,NULL,NULL,NULL,NULL,,NULL,0,0,2,2,N,N,,NULL,98,9801,NULL,,Y,37.50368,-82.533,N,NULL,NULL,NULL,NULL,NULL,NULL,NULL,NULL,1,97,2,6,1,5,3,2,1,3,N,NULL,Y,N,1138,1140,1141,N,NULL,90,,,N,,N,N,098-CS-1191-0,NULL,NULL,2020,O,7.26E+11,098-CS-1191  -000,HIGH,098-CS-1191  -000,0.052,0,0,0,0,0,0,1,0,0,0,0,0,0,1
2139,72610709,980500,2021AR014,20210405,1406,,MAYO TRAIL,N,,US0023,US0023,0,098 US-23-10,US0023,Y,N,NULL,NULL,NULL,N,NULL,NULL,NULL,NULL,NULL,NULL,,NULL,NULL,NULL,NULL,NULL,NULL,0,0,2,2,N,N,15,NULL,98,9807,NULL,,Y,37.52355,-82.57215,N,NULL,NULL,NULL,NULL,NULL,NULL,NULL,NULL,8,97,,4,1,1,2,2,1,3,N,NULL,Y,Y,1412,1416,1416,N,NULL,90,,1,N,,N,N,098-US-0023-10,NULL,NULL,2021,O,7.26E+11,098-US-0023  -010,HIGH,098-US-0023  -000,28.99,0,0,0,0,0,0,0,0,0,0,0,0,0,0
2140,72645823,KSP0900,21-00285288,20210710,1428,,US52 CONNECTOR TO KY292,,,US0052,US0052,0,098 US-52-70,US0052,N,N,NULL,NULL,NULL,N,NULL,NULL,NULL,NULL,NULL,NULL,0.038,NULL,NULL,NULL,NULL,,NULL,0,0,2,2,N,N,45,NULL,98,9834,NULL,,Y,37.68604,-82.29803,N,NULL,NULL,NULL,NULL,NULL,NULL,NULL,NULL,4,3,2,6,1,1,3,2,7,3,N,NULL,Y,N,1428,1447,1447,N,NULL,70,,,N,,N,N,098-US-0052-70,NULL,NULL,2021,O,7.26E+11,098-US-0052  -070,HIGH,098-US-0052  -070,0.038,0,0,0,0,0,0,1,0,0,0,0,0,0,0
2141,72672282,KSP0900,21-388218,20210918,1438,,US23,,,US0023,US0023,0,098 US-23-10,US0023,N,N,NULL,NULL,NULL,N,NULL,NULL,NULL,NULL,NULL,NULL,,NULL,NULL,NULL,NULL,,NULL,0,0,2,2,N,N,15,NULL,98,9807,NULL,,Y,37.52247,-82.57234,N,NULL,NULL,NULL,NULL,NULL,NULL,NULL,NULL,2,7,1,6,1,1,2,2,7,3,N,NULL,Y,N,1438,1458,1500,N,NULL,56,,1,N,,N,N,098-US-0023-10,NULL,NULL,2021,O,7.27E+11,098-US-0023  -010,HIGH,098-US-0023  -000,28.94,0,0,0,1,0,0,1,0,0,0,0,0,0,0
2142,72831377,KSP0900,22-442336,20221118,511,,ELKHORN,,CRK,KY0197,KY0197,,,,N,N,NULL,NULL,NULL,N,NULL,NULL,NULL,NULL,NULL,NULL,7.855,NULL,NULL,NULL,NULL,,NULL,1,0,1,1,N,N,55,NULL,98,9802,NULL,,Y,37.25828,-82.45917,N,NULL,NULL,NULL,NULL,NULL,NULL,NULL,NULL,9,3,2,4,1,1,2,6,7,3,N,NULL,Y,Y,511,540,800,N,NULL,70,7,0,N,,N,N,,NULL,NULL,2022,C,7.28E+11,098-KY-0197  -000,HIGH,098-KY-0197  -000,7.855,0,0,0,0,0,0,0,0,0,0,0,1,0,0
2143,72749380,980100,2.02E+11,20220405,1359,,US23,,,US0023,US0023,0,098 US-23,US0023,N,N,NULL,NULL,NULL,N,NULL,NULL,NULL,NULL,NULL,NULL,31.785,NULL,NULL,NULL,NULL,,NULL,0,0,2,2,Y,N,55,NULL,98,9801,NULL,,Y,37.53751,-82.60501,N,NULL,NULL,NULL,NULL,NULL,NULL,NULL,NULL,8,3,4,6,1,1,3,2,1,3,N,NULL,N,N,1359,1404,1411,N,NULL,53,,1,N,,N,N,098-US-0023-0,NULL,NULL,2022,O,7.27E+11,098-US-0023  -000,HIGH,098-US-0023  -000,31.785,0,0,0,0,0,0,0,0,0,0,0,1,0,1
2144,72698449,KSP0900,21-461630,20211110,1825,,US119,,,US0119,US0119,0,098 US-119,US0119,N,N,NULL,NULL,NULL,N,NULL,NULL,NULL,NULL,NULL,NULL,18.303,NULL,NULL,NULL,NULL,,NULL,2,0,2,2,N,N,55,NULL,98,9836,NULL,,Y,37.59542,-82.28304,N,NULL,NULL,NULL,NULL,NULL,NULL,NULL,NULL,6,3,2,4,1,1,2,6,7,3,Y,NULL,Y,Y,1825,1825,1930,N,NULL,70,2,1,N,,N,N,098-US-0119-0,NULL,NULL,2021,A,7.27E+11,098-US-0119  -000,HIGH,098-US-0119  -000,18.303,0,0,1,1,0,0,0,1,0,0,0,1,0,0
2145,72697568,980500,2021AR045,20211116,1600,,MAIN,,ST,,,0,098 CS-3000,CS3000,N,N,NULL,NULL,NULL,N,NULL,NULL,NULL,NULL,NULL,NULL,,NULL,NULL,NULL,NULL,NULL,NULL,0,0,2,2,N,N,25,NULL,98,9807,NULL,,Y,37.51966,-82.56747,N,NULL,NULL,NULL,NULL,NULL,NULL,NULL,NULL,8,3,2,6,1,1,2,2,7,3,N,NULL,Y,Y,1404,1407,1407,N,NULL,53,,,N,,N,N,098-CS-3000-0,NULL,NULL,2021,O,7.27E+11,098-CS-3000  -000,HIGH,098-CS-3000  -000,0.539,0,0,0,0,0,0,1,0,0,0,0,1,0,0
2146,72803452,980100,2.02E+11,20220909,1337,,US23 TURN LANE,,,US0023,US0023,,,,N,N,NULL,NULL,NULL,N,NULL,NULL,NULL,NULL,NULL,NULL,0.014,NULL,NULL,NULL,NULL,,NULL,0,0,2,2,N,N,55,NULL,98,9801,NULL,,Y,37.50383,-82.53249,N,NULL,NULL,NULL,NULL,NULL,NULL,NULL,NULL,5,3,8,6,1,1,2,2,1,3,N,NULL,Y,N,1337,1346,,N,NULL,49,,1,N,,N,N,,NULL,NULL,2022,O,7.28E+11,098-US-0023  -020,MEDIUM,098-US-0023  -020,0.014,0,0,1,0,0,0,1,1,0,0,0,0,0,1
2147,72702423,KSP0900,21-485772,20211128,1904,,US119,,,US0119,US0119,0,098 US-119,US0119,N,N,NULL,NULL,NULL,N,NULL,NULL,NULL,NULL,NULL,NULL,4.91,NULL,NULL,NULL,NULL,,NULL,0,0,1,1,N,N,55,NULL,98,9828,NULL,,Y,37.52471,-82.45441,N,NULL,NULL,NULL,NULL,NULL,NULL,NULL,NULL,9,3,2,6,1,1,2,6,7,3,N,NULL,N,N,1904,1921,1904,N,NULL,38,2,1,N,,N,N,098-US-0119-0,NULL,NULL,2021,O,7.27E+11,098-US-0119  -000,HIGH,098-US-0119  -000,4.91,0,0,1,0,0,0,0,0,0,0,0,0,0,0
2148,72728134,KSP0900,2022-43665,20220205,1630,,US119,,,US0119,US0119,0,098 US-119,US0119,N,N,NULL,NULL,NULL,N,NULL,NULL,NULL,NULL,NULL,NULL,13.875,NULL,NULL,NULL,NULL,,NULL,0,0,2,2,N,N,55,NULL,98,9833,NULL,,Y,37.61756,-82.35538,N,NULL,NULL,NULL,NULL,NULL,NULL,NULL,NULL,3,3,4,6,1,1,2,2,7,3,N,NULL,N,N,1630,1700,1700,N,NULL,52,2,1,N,,N,N,098-US-0119-0,NULL,NULL,2022,O,7.27E+11,098-US-0119  -000,HIGH,098-US-0119  -000,13.875,0,0,0,0,0,0,0,0,0,0,0,1,0,0
2149,72587916,KSP0900,21-24878,20210119,1524,,US460,,,US0460,US0460,0,098 US-460,US0460,Y,N,NULL,NULL,NULL,N,NULL,NULL,NULL,NULL,NULL,NULL,2.01,NULL,NULL,NULL,NULL,,NULL,0,0,2,2,Y,N,,NULL,98,9824,NULL,,Y,37.43299,-82.49229,N,NULL,NULL,NULL,NULL,NULL,NULL,NULL,NULL,2,7,2,6,1,1,2,2,1,3,N,NULL,N,N,1612,1640,1835,N,NULL,90,,1,N,,N,N,098-US-0460-0,NULL,NULL,2021,O,7.26E+11,098-US-0460  -000,HIGH,098-US-0460  -000,2.01,0,0,0,0,0,0,0,0,0,0,0,0,0,0
2150,72507931,980500,2020AR032,20200605,1222,,MAYO TRAIL,N,,,,,,,Y,N,NULL,NULL,NULL,N,NULL,NULL,NULL,NULL,NULL,NULL,,NULL,NULL,NULL,NULL,NULL,NULL,0,0,2,2,N,N,15,NULL,98,9807,NULL,,Y,37.52134,-82.5679,N,NULL,NULL,NULL,NULL,NULL,NULL,NULL,NULL,2,97,2,5,1,5,6,2,1,3,N,NULL,Y,Y,1225,1227,1227,N,NULL,90,,,N,,N,N,,NULL,NULL,2020,O,7.25E+11,098-US-0023  -000,MEDIUM,098-US-0023  -000,28.713,0,0,0,0,0,0,1,0,0,0,0,0,0,0
2151,72469227,KSP0900,2020-3449,20200127,658,,VIRGIE,,RD,KY0610,KY0610,0,098 KY-610,KY0610,N,N,NULL,NULL,NULL,N,NULL,NULL,NULL,NULL,NULL,NULL,7.732,NULL,NULL,NULL,NULL,,NULL,0,0,1,1,N,N,35,NULL,98,9801,5,S,N,37.33644,-82.58308,N,NULL,NULL,NULL,NULL,NULL,NULL,NULL,NULL,9,5,2,6,1,5,6,1,7,3,N,NULL,N,N,658,740,,N,NULL,51,7,0,N,,N,N,098-KY-0610-0,NULL,NULL,2020,O,7.25E+11,098-KY-0610  -000,HIGH,098-KY-0610  -000,7.732,0,0,0,0,0,0,0,0,0,0,0,1,0,0
2152,72777953,KSP0900,22-236352,20220622,2130,,US119,,,US0119,US0119,0,098 US-119-10,US0119,N,N,NULL,NULL,NULL,N,NULL,NULL,NULL,NULL,NULL,NULL,11.378,NULL,NULL,NULL,NULL,,NULL,0,0,1,1,N,N,55,NULL,98,9833,NULL,,Y,37.59127,-82.38437,N,NULL,NULL,NULL,NULL,NULL,NULL,NULL,NULL,9,3,2,5,1,1,2,6,7,3,N,NULL,Y,N,2130,2215,2230,N,NULL,38,2,1,N,,N,N,098-US-0119-10,NULL,NULL,2022,O,7.28E+11,098-US-0119  -010,HIGH,098-US-0119  -000,11.378,0,0,0,0,0,0,0,0,0,0,0,0,0,0
2153,72602774,KSP0900,21-90369,20210306,2215,,GARDNER,,FRK,,,0,098 CR-1228,CR1228,N,N,NULL,NULL,NULL,N,NULL,NULL,NULL,NULL,NULL,NULL,0.217,NULL,NULL,NULL,NULL,,NULL,0,0,1,1,N,Y,25,NULL,98,9801,NULL,,Y,37.37623,-82.47572,N,NULL,NULL,NULL,NULL,NULL,NULL,NULL,NULL,9,3,1,6,1,5,2,6,7,3,N,NULL,Y,N,2218,2228,,Y,NULL,40,,,Y,,N,N,098-CR-1228-0,NULL,NULL,2021,O,7.26E+11,098-CR-1228  -000,HIGH,098-CR-1228  -000,0.217,0,0,0,0,0,0,0,0,1,1,0,1,0,0
2154,72676029,980100,2.02E+11,20210921,526,,BOB AMOS,,DR,,,,,,N,N,NULL,NULL,NULL,N,NULL,NULL,NULL,NULL,NULL,NULL,0.832,NULL,NULL,NULL,NULL,,NULL,0,0,1,1,N,N,35,NULL,98,9801,NULL,,Y,37.46833,-82.54298,N,NULL,NULL,NULL,NULL,NULL,NULL,NULL,NULL,9,97,2,4,1,1,2,5,7,3,N,NULL,Y,N,526,532,637,Y,NULL,40,,,Y,,N,N,,NULL,NULL,2021,O,7.27E+11,098-CS-1025  -000,MEDIUM,098-CS-1025  -000,0.832,0,0,0,0,0,0,0,0,1,1,0,1,0,1
2155,72593317,980100,2.02E+11,20210210,1928,,BYPASS,S,RD,KY1426,KY1426,0,098 KY-1426,KY1426,Y,N,NULL,NULL,NULL,N,NULL,NULL,NULL,NULL,NULL,NULL,5.696,NULL,NULL,NULL,NULL,,NULL,0,0,2,2,N,N,15,NULL,98,9801,NULL,,Y,37.47284,-82.52264,N,NULL,NULL,NULL,NULL,NULL,NULL,NULL,NULL,2,97,2,4,2,1,2,5,1,3,N,NULL,Y,N,1930,1930,,N,NULL,90,,0,N,,N,N,098-KY-1426-0,NULL,NULL,2021,O,7.26E+11,098-KY-1426  -000,HIGH,098-KY-1426  -000,5.696,0,0,1,0,0,0,0,0,0,0,0,0,0,1
2156,72804316,980100,2.02E+11,20220902,1535,,US23,,,US0023,US0023,0,098 US-23-10,US0023,N,N,NULL,NULL,NULL,N,NULL,NULL,NULL,NULL,NULL,NULL,27.398,NULL,NULL,NULL,NULL,,NULL,0,0,2,2,N,N,55,NULL,98,9807,NULL,,Y,37.51091,-82.54919,N,NULL,NULL,NULL,NULL,NULL,NULL,NULL,NULL,5,3,4,6,1,1,2,2,7,3,N,NULL,Y,N,1535,1548,,N,NULL,49,,1,Y,,N,N,098-US-0023-10,NULL,NULL,2022,O,7.28E+11,098-US-0023  -010,HIGH,098-US-0023  -000,27.398,0,0,1,0,0,0,0,0,0,0,0,0,0,1
2157,72565401,980500,2020AR063,20201113,1930,,N MAYO TRAIL,,,,,,,,Y,N,NULL,NULL,NULL,N,NULL,NULL,NULL,NULL,NULL,NULL,,NULL,NULL,NULL,NULL,NULL,NULL,0,0,2,2,N,N,15,NULL,98,9807,NULL,,Y,37.52008,-82.56818,N,NULL,NULL,NULL,NULL,NULL,NULL,NULL,NULL,8,97,2,6,1,1,2,6,1,3,N,NULL,Y,Y,1930,1932,1949,N,NULL,90,,,N,,N,N,,NULL,NULL,2020,O,7.26E+11,098-US-0023  -010,MEDIUM,098-US-0023  -000,28.663,0,0,0,1,0,0,1,0,0,0,0,0,0,0
2158,72729337,980100,2.02E+11,20220209,2025,,KY1426 TURN LANE,,,KY1426,KY1426,0,098 KY-1426-28,KY1426,N,N,NULL,NULL,NULL,N,NULL,NULL,NULL,NULL,NULL,NULL,0.024,NULL,NULL,NULL,NULL,,NULL,0,0,2,2,N,N,35,NULL,98,9801,NULL,,Y,37.47398,-82.52732,N,NULL,NULL,NULL,NULL,NULL,NULL,NULL,NULL,5,3,4,6,1,1,2,5,1,3,N,NULL,Y,N,2025,2026,2029,N,NULL,49,8,0,Y,,N,N,098-KY-1426-28,NULL,NULL,2022,O,7.27E+11,098-KY-1426  -028,HIGH,098-KY-1426  -028,0.024,0,0,0,0,0,0,1,0,0,0,0,0,0,1
2159,72805830,KSP0900,22-359426,20220916,742,,US460,,,US0460,US0460,0,098 US-460,US0460,N,N,NULL,NULL,NULL,N,NULL,NULL,NULL,NULL,NULL,NULL,12.083,NULL,NULL,NULL,NULL,,NULL,1,0,1,1,N,N,55,NULL,98,9822,NULL,,Y,37.34933,-82.39224,N,NULL,NULL,NULL,NULL,NULL,NULL,NULL,NULL,9,3,2,6,1,1,10,2,7,3,Y,NULL,N,Y,742,802,900,N,NULL,44,,1,Y,,N,N,098-US-0460-0,NULL,NULL,2022,B,7.28E+11,098-US-0460  -000,HIGH,098-US-0460  -000,12.083,0,0,0,0,0,0,0,0,0,0,0,1,0,0
2160,72738944,980100,2.02E+11,20220309,1755,,US23,,,US0023,US0023,0,098 US-23-10,US0023,N,Y,KY3496,,,N,NULL,NULL,NULL,NULL,NULL,NULL,23.053,NULL,NULL,NULL,NULL,,NULL,0,0,2,2,N,N,55,NULL,98,9801,NULL,,Y,37.46579,-82.52817,N,NULL,NULL,NULL,NULL,NULL,NULL,NULL,NULL,5,3,4,6,1,1,3,2,1,3,N,NULL,Y,N,1755,1801,,N,NULL,35,,1,N,,N,N,098-US-0023-10,NULL,NULL,2022,O,7.27E+11,098-US-0023  -010,HIGH,098-US-0023  -000,23.053,0,0,0,0,0,0,1,0,0,0,1,0,0,1
2161,72504298,KSP0900,20-19404,20200523,2230,,KY199,,,KY0199,KY0199,0,098 KY-199,KY0199,N,N,NULL,NULL,NULL,N,NULL,NULL,NULL,NULL,NULL,NULL,9.568,NULL,NULL,NULL,NULL,,NULL,0,0,1,1,N,N,45,NULL,98,9851,NULL,,Y,37.57775,-82.26874,N,NULL,NULL,NULL,NULL,NULL,NULL,NULL,NULL,9,5,2,3,1,5,3,6,7,3,N,NULL,Y,N,2244,2251,2320,N,NULL,51,7,0,N,,N,N,098-KY-0199-0,NULL,NULL,2020,O,7.25E+11,098-KY-0199  -000,HIGH,098-KY-0199  -000,9.568,0,0,0,0,0,0,1,0,0,0,0,1,0,0
2162,72561520,980100,2.02E+11,20201101,1434,,US460,,,US0460,US0460,,,,N,N,NULL,NULL,NULL,N,NULL,NULL,NULL,NULL,NULL,NULL,0.295,NULL,NULL,NULL,NULL,,NULL,0,0,2,2,N,N,45,NULL,98,9801,NULL,,Y,37.43849,-82.51028,N,NULL,NULL,NULL,NULL,NULL,NULL,NULL,NULL,4,3,2,6,1,1,2,2,7,3,N,NULL,Y,N,1434,1442,1522,N,NULL,70,,1,N,,N,N,,NULL,NULL,2020,O,7.26E+11,098-US-0460  -000,HIGH,098-US-0460  -000,0.295,0,0,1,0,0,0,1,0,0,0,0,0,0,1
2163,72661933,980100,2.02E+11,20210823,730,,2ND,,ST,,,0,098 CS-1117,CS1117,N,N,NULL,NULL,NULL,N,NULL,NULL,NULL,NULL,NULL,NULL,0.114,NULL,NULL,NULL,NULL,,NULL,0,0,2,2,N,N,25,NULL,98,9801,NULL,,Y,37.48211,-82.51666,N,NULL,NULL,NULL,NULL,NULL,NULL,NULL,NULL,8,3,1,6,1,1,3,2,7,3,N,NULL,Y,N,730,736,736,N,NULL,47,,,N,,N,N,098-CS-1117-0,NULL,NULL,2021,O,7.27E+11,098-CS-1117  -000,HIGH,098-CS-1117  -000,0.114,0,0,0,0,0,0,1,0,0,0,0,0,0,1
2164,72749205,KSP0900,22-129069,20220410,130,,STRATTON,,FRK,,,0,098 CR-1535,CR1535,N,N,NULL,NULL,NULL,N,NULL,NULL,NULL,NULL,NULL,NULL,0.779,NULL,NULL,NULL,NULL,,NULL,0,0,1,1,N,N,25,NULL,98,9838,NULL,,Y,37.59462,-82.33871,N,NULL,NULL,NULL,NULL,NULL,NULL,NULL,NULL,9,3,1,6,1,5,3,6,7,3,N,NULL,N,N,130,138,255,N,NULL,44,,,N,,N,N,098-CR-1535-0,NULL,NULL,2022,O,7.27E+11,098-CR-1535  -000,HIGH,098-CR-1535  -000,0.779,0,0,0,0,0,0,1,0,0,0,0,1,0,0
2165,72702421,KSP0900,21-476549,20211121,1840,,BIG CREEK,E,RD,KY3220,KY3220,0,098 KY-3220,KY3220,N,N,NULL,NULL,NULL,N,NULL,NULL,NULL,NULL,NULL,NULL,3.568,NULL,NULL,NULL,NULL,,NULL,0,0,1,1,N,N,35,NULL,98,9833,NULL,,Y,37.60418,-82.31349,N,NULL,NULL,NULL,NULL,NULL,NULL,NULL,NULL,9,3,2,5,1,5,6,6,7,3,N,NULL,Y,N,1915,1940,1940,N,NULL,44,8,0,N,,N,N,098-KY-3220-0,NULL,NULL,2021,O,7.27E+11,098-KY-3220  -000,HIGH,098-KY-3220  -000,3.568,0,0,0,0,0,0,0,0,0,0,0,1,0,0