OBJECTID,MasterFile,AgencyORINumber,LocalCode,CollisionDate,CollisionTime,CollisionDayWeekCode,RoadwayName,RoadwayName_Direction_,RoadwayName_RoadwaySuffix_,RoadwayfromReport,CurrentRoadwayNumber,RoadwayNumberCoupletID,RSEUniqueGIS,RoadwayIdentifier,ParkingLotIndicator,IntersectionWith_Indicator_,IntersectionWith_NameRoadway_,IntersectionWith_Direction_,IntersectionWith_RoadwaySuffix_,BetweenStreets_Indicator_,BetweenStreets1_NameRoadway_,BetweenStreet1_Direction_,BetweenStreets1_RoadwaySuffix_,BetweenStreets2_NameRoadway_,BetweenStreets2_Direction_,BetweenStreets2_RoadwaySuffix_,Milepoint,ReportMilepointDeriveNumber,CurrentDerivedMiepointNumber,MilestoMilepoint,FeettoMilepoint,DirectionfromMilepoint_NSEW_,ValidMilepointIndicator,NumberInjured,NumberKilled,ofUnits,ofMotorVehicleUnits,Hit&RunIndicator,OneWayIndicator,SpeedLimitNumber,KilometersIndicator,CountyCode,CityCountyCode,MilesFromCity,DirectionFromCity_NSEW_,InCityLimitsIndicator,Latitude,Longitude,RampIndicator,RampFromIdentifier,RampFromDirCode,RampFromCoupletID,RSEUniqueGISRampFrom,RampToidentifier,RampToDirCode,RampToCoupletID,RSEUniqueGisRampTo,MannerofCollisionCode,LocationFirstEventCode,TotalLanes,RoadwayCharacterCode,RoadwaySurfaceCode,RoadwayConditionCode,WeatherCode,LightConditionCode,LandUseCode,SchoolBusRelatedCode,FirstAidSceneIndicator,CollDescPresentInd,InvestigationCompleteIndicator,PhotosTakenIndicator,TimeNotified,TimeArrived,TimeRoadwayOpened,PropertyDamageIndicator,DiagramPresentIndicator,DirectionalAnalysis,FunctionClassCode,NationalHwySysCode,EnforcementsIndicator,KARSCityCode,SecondaryCollisionIndicator,MedianCrossoverIndicator,RT_UNIQUE,MapIt,TimeLastLeft,YR,KABCO,MFNY,WorkingRID,RT_CONFIDENCE,KTC_RT,KTC_MP,Motorcyclist,Commercial Vehicle,Young Driver,Mature Driver,Pedestrian,Bicyclist,Distracted,Aggressive,Impaired,Unrestrained,Intersection,Roadway Departure,Median Cross-over,City Crash
2166,72778059,980000,22-06-004,20220627,1250,,TOLER,,RD,KY0319,KY0319,0,098 KY-319,KY0319,Y,N,NULL,NULL,NULL,N,NULL,NULL,NULL,NULL,NULL,NULL,6.91,NULL,NULL,NULL,NULL,,NULL,0,0,2,2,N,N,15,NULL,98,9852,NULL,,Y,37.63957,-82.25816,N,NULL,NULL,NULL,NULL,NULL,NULL,NULL,NULL,2,97,1,4,1,1,2,2,1,3,N,NULL,N,Y,1300,1305,1335,N,NULL,90,7,0,N,,N,N,098-KY-0319-0,NULL,NULL,2022,O,7.28E+11,098-KY-0319  -000,HIGH,098-KY-0319  -000,6.91,0,0,1,1,0,0,1,0,0,0,0,0,0,0
2167,72742951,KSP0900,22-102419,20220321,736,,KY195,,,KY0195,KY0195,0,098 KY-195,KY0195,N,N,NULL,NULL,NULL,N,NULL,NULL,NULL,NULL,NULL,NULL,9.078,NULL,NULL,NULL,NULL,,NULL,0,0,1,1,N,N,55,NULL,98,9830,NULL,,Y,37.34146,-82.42694,N,NULL,NULL,NULL,NULL,NULL,NULL,NULL,NULL,9,1,2,3,1,1,2,2,7,3,N,NULL,Y,N,801,847,736,N,NULL,44,7,0,N,,N,N,098-KY-0195-0,NULL,NULL,2022,O,7.27E+11,098-KY-0195  -000,HIGH,098-KY-0195  -000,9.078,0,0,0,0,0,0,1,0,0,0,0,1,0,0
2168,72801714,KSP0900,22-342745,20220903,2312,,POUNDING MILL,,RD,,,0,098 CR-1526,CR1526,N,N,NULL,NULL,NULL,N,NULL,NULL,NULL,NULL,NULL,NULL,1.047,NULL,NULL,NULL,NULL,,NULL,0,0,1,1,N,N,35,NULL,98,9811,NULL,,Y,37.57205,-82.15215,N,NULL,NULL,NULL,NULL,NULL,NULL,NULL,NULL,9,5,1,4,1,1,2,6,7,3,N,NULL,Y,N,2312,2327,2355,N,NULL,51,,,N,,N,N,098-CR-1526-0,NULL,NULL,2022,O,7.28E+11,098-CR-1526  -000,HIGH,098-CR-1526  -000,1.047,0,0,0,0,0,0,0,0,1,0,0,1,0,0
2169,72690488,KSP0900,21-441511,20211026,2315,,US119,,,US0119,US0119,0,098 US-119-10,US0119,N,N,NULL,NULL,NULL,N,NULL,NULL,NULL,NULL,NULL,NULL,25.355,NULL,NULL,NULL,NULL,,NULL,0,0,2,2,N,N,55,NULL,98,9834,NULL,,Y,37.67244,-82.28097,N,NULL,NULL,NULL,NULL,NULL,NULL,NULL,NULL,1,3,2,6,1,1,10,6,7,3,N,NULL,Y,Y,2315,20,2340,N,NULL,55,2,1,N,,N,N,098-US-0119-10,NULL,NULL,2021,O,7.27E+11,098-US-0119  -010,HIGH,098-US-0119  -000,25.355,0,0,1,0,0,0,0,1,0,0,0,0,0,0
2170,72822171,980100,2.02E+11,20221022,1648,,THOMPSON,,RD,,,,,,Y,N,NULL,NULL,NULL,N,NULL,NULL,NULL,NULL,NULL,NULL,0.339,NULL,NULL,NULL,NULL,,NULL,0,0,2,2,N,N,,NULL,98,9801,NULL,,Y,37.50706,-82.54313,N,NULL,NULL,NULL,NULL,NULL,NULL,NULL,NULL,2,97,,6,1,1,2,2,1,3,N,NULL,Y,N,1648,1655,1655,N,NULL,90,,,N,,N,N,,NULL,NULL,2022,O,7.28E+11,098-CS-1215  -000,LOW,098-CS-1215  -000,0.339,0,0,0,0,0,0,1,1,0,0,0,0,0,1
2171,72535682,980100,2.02E+11,20200826,1319,,BYPASS,S,RD,KY1426,KY1426,0,098 KY-1426,KY1426,Y,N,NULL,NULL,NULL,N,NULL,NULL,NULL,NULL,NULL,NULL,5.694,NULL,NULL,NULL,NULL,,NULL,0,0,2,2,N,N,15,NULL,98,9801,NULL,,Y,37.47279,-82.5228,N,NULL,NULL,NULL,NULL,NULL,NULL,NULL,NULL,2,97,2,6,1,1,2,2,5,3,N,NULL,Y,N,1304,1310,1304,N,NULL,90,,0,N,,N,N,098-KY-1426-0,NULL,NULL,2020,O,7.25E+11,098-KY-1426  -000,HIGH,098-KY-1426  -000,5.694,0,0,0,1,0,0,1,0,0,0,0,0,0,1
2172,72635458,980100,2.02E+11,20210608,1057,,US23,,,US0023,US0023,,,,N,N,NULL,NULL,NULL,N,NULL,NULL,NULL,NULL,NULL,NULL,26.313,NULL,NULL,NULL,NULL,,NULL,0,0,2,2,N,N,55,NULL,98,9801,NULL,,Y,37.50407,-82.5324,N,NULL,NULL,NULL,NULL,NULL,NULL,NULL,NULL,8,3,4,6,1,1,3,2,7,3,N,NULL,Y,N,1057,1057,,N,NULL,53,,1,N,,N,N,,NULL,NULL,2021,O,7.26E+11,098-US-0023  -010,MEDIUM,098-US-0023  -000,26.313,0,0,0,1,0,0,1,0,0,0,0,1,0,1
2173,72601036,370200,2021-87823,20210305,1009,,US 23 NORTH,,,,,,,,N,N,NULL,NULL,NULL,N,NULL,NULL,NULL,NULL,NULL,NULL,,NULL,NULL,NULL,NULL,NULL,NULL,0,0,2,2,N,N,45,NULL,98,9807,NULL,,Y,37.52034,-82.56798,N,NULL,NULL,NULL,NULL,NULL,NULL,NULL,NULL,5,3,6,6,1,1,2,2,7,3,N,NULL,Y,N,1009,1010,1128,N,NULL,49,,,N,,N,N,,NULL,NULL,2021,O,7.26E+11,098-US-0023  -043,MEDIUM,098-US-0023  -043,0.006,0,1,0,1,0,0,1,1,0,0,0,0,0,0
2174,72499025,980500,2020AR025,20200505,1314,,COMMERCIAL,,ST,,,0,098 CS-3004,CS3004,Y,N,NULL,NULL,NULL,N,NULL,NULL,NULL,NULL,NULL,NULL,,NULL,NULL,NULL,NULL,NULL,NULL,0,0,2,2,N,N,15,NULL,98,9807,NULL,,Y,37.51796,-82.56542,N,NULL,NULL,NULL,NULL,NULL,NULL,NULL,NULL,2,97,,6,1,5,6,2,1,3,N,NULL,Y,Y,1320,1323,1323,N,NULL,90,,,N,,N,N,098-CS-3004-0,NULL,NULL,2020,O,7.25E+11,098-CS-3004  -000,HIGH,098-CS-3004  -000,0.026,0,0,0,1,0,0,1,0,0,0,0,0,0,0
2175,72546132,KSP0900,20-714211,20200925,1724,,US119,,,US0119,US0119,0,098 US-119,US0119,Y,N,NULL,NULL,NULL,N,NULL,NULL,NULL,NULL,NULL,NULL,23.765,NULL,NULL,NULL,NULL,,NULL,0,0,2,2,N,N,55,NULL,98,9834,NULL,,Y,37.65253,-82.26826,N,NULL,NULL,NULL,NULL,NULL,NULL,NULL,NULL,2,97,2,6,1,1,2,2,5,3,N,NULL,N,N,1630,1630,1700,N,NULL,90,2,1,N,,N,N,098-US-0119-0,NULL,NULL,2020,O,7.25E+11,098-US-0119  -000,HIGH,098-US-0119  -000,23.765,0,0,0,1,0,0,1,0,0,0,0,0,0,0
2176,72469967,KSP0900, 2020-3953,20200130,2236,,KY632,,,KY0632,KY0632,0,098 KY-632,KY0632,N,N,NULL,NULL,NULL,N,NULL,NULL,NULL,NULL,NULL,NULL,11.897,NULL,NULL,NULL,NULL,,NULL,0,0,1,1,N,N,35,NULL,98,9804,NULL,,Y,37.50279,-82.17644,N,NULL,NULL,NULL,NULL,NULL,NULL,NULL,NULL,9,6,2,6,1,1,2,6,6,3,N,NULL,N,N,2236,2307,54,N,NULL,44,6,0,N,,N,N,098-KY-0632-0,NULL,NULL,2020,O,7.25E+11,098-KY-0632  -000,HIGH,098-KY-0632  -000,11.897,0,0,0,0,0,0,0,0,1,0,0,1,0,0
2177,72738366,KSP0900,22-84070,20220307,1743,,KY199,,,KY0199,KY0199,0,098 KY-199,KY0199,N,N,NULL,NULL,NULL,N,NULL,NULL,NULL,NULL,NULL,NULL,9.175,NULL,NULL,NULL,NULL,,NULL,0,0,2,2,N,N,35,NULL,98,9851,NULL,,Y,37.57248,-82.26762,N,NULL,NULL,NULL,NULL,NULL,NULL,NULL,NULL,1,3,2,6,1,5,2,2,7,3,N,NULL,Y,N,1743,1814,1840,N,NULL,55,7,0,N,,N,N,098-KY-0199-0,NULL,NULL,2022,O,7.27E+11,098-KY-0199  -000,HIGH,098-KY-0199  -000,9.175,0,0,0,0,0,0,0,0,0,0,0,0,0,0
2178,72779017,KSP0900,22-250740,20220702,1908,,BIG CREEK,,RD,KY0468,KY0468,0,098 KY-468,KY0468,N,N,NULL,NULL,NULL,N,NULL,NULL,NULL,NULL,NULL,NULL,4.401,NULL,NULL,NULL,NULL,,NULL,0,0,1,1,N,N,55,NULL,98,9833,NULL,,Y,37.6693,-82.37818,N,NULL,NULL,NULL,NULL,NULL,NULL,NULL,NULL,9,5,2,6,1,5,6,2,7,3,N,NULL,Y,N,1908,1930,1930,N,NULL,51,8,0,N,,N,N,098-KY-0468-0,NULL,NULL,2022,O,7.28E+11,098-KY-0468  -000,HIGH,098-KY-0468  -000,4.401,0,0,0,0,0,0,0,0,0,0,0,1,0,0
2179,72423288,980100,2.02E+11,20191017,1654,,DIVISION,,ST,,,0,098 CS-1130,CS1130,N,N,NULL,NULL,NULL,N,NULL,NULL,NULL,NULL,NULL,NULL,0.158,NULL,NULL,NULL,NULL,,NULL,0,0,1,1,N,N,15,NULL,98,9801,NULL,,Y,37.47915,-82.51677,N,NULL,NULL,NULL,NULL,NULL,NULL,NULL,NULL,9,97,1,6,1,1,2,2,5,3,N,NULL,Y,Y,1654,1654,1654,Y,NULL,40,,,N,,N,N,098-CS-1130-0,NULL,NULL,2019,O,7.24E+11,098-CS-1130  -000,HIGH,098-CS-1130  -000,0.158,0,0,0,0,0,0,0,0,0,0,0,1,0,1
2180,72635479,980100,2.02E+11,20210611,1444,,CASSIDY,,BLVD,,,,,,N,N,NULL,NULL,NULL,N,NULL,NULL,NULL,NULL,NULL,NULL,0.032,NULL,NULL,NULL,NULL,,NULL,0,0,2,2,N,N,25,NULL,98,9801,NULL,,Y,37.50372,-82.53272,N,NULL,NULL,NULL,NULL,NULL,NULL,NULL,NULL,8,3,4,6,1,1,3,2,7,3,N,NULL,Y,N,1444,1446,1514,N,NULL,53,,,N,,N,N,,NULL,NULL,2021,O,7.26E+11,098-CS-1191  -000,MEDIUM,098-CS-1191  -000,0.032,0,0,0,0,0,0,0,1,0,0,0,1,0,1
2181,72597655,KSP0900,21-67651,20210220,847,,US23,,,US0023,US0023,0,098 US-23-10,US0023,N,N,NULL,NULL,NULL,N,NULL,NULL,NULL,NULL,NULL,NULL,29.055,NULL,NULL,NULL,NULL,,NULL,0,0,2,2,Y,N,55,NULL,98,9807,NULL,,Y,37.52429,-82.57296,N,NULL,NULL,NULL,NULL,NULL,NULL,NULL,NULL,8,3,4,6,1,1,2,2,7,3,N,NULL,Y,N,847,948,,N,NULL,53,,1,N,,N,N,098-US-0023-10,NULL,NULL,2021,O,7.26E+11,098-US-0023  -010,HIGH,098-US-0023  -000,29.055,0,1,0,0,0,0,0,0,0,0,0,1,0,0
2182,72589973,370200,2021-27613,20210121,1505,,TOLER,,RD,KY0319,KY0319,0,098 KY-319,KY0319,N,N,NULL,NULL,NULL,N,NULL,NULL,NULL,NULL,NULL,NULL,,NULL,NULL,NULL,NULL,NULL,NULL,0,1,2,2,N,N,55,NULL,98,9842,NULL,,Y,37.59982,-82.20619,N,NULL,NULL,NULL,NULL,NULL,NULL,NULL,NULL,8,3,2,1,1,1,2,2,7,3,Y,NULL,Y,Y,1508,1632,2200,Y,NULL,53,7,0,N,,N,N,098-KY-0319-0,NULL,NULL,2021,K,7.26E+11,098-KY-0319  -000,HIGH,098-KY-0319  -000,2.212,0,1,0,0,0,0,0,0,0,1,0,1,0,0
2183,72602306,980100,2.02E+11,20210309,1637,,BANK,,ST,,,,,,N,N,NULL,NULL,NULL,N,NULL,NULL,NULL,NULL,NULL,NULL,0.048,NULL,NULL,NULL,NULL,,NULL,0,0,2,2,N,Y,10,NULL,98,9801,NULL,,Y,37.47571,-82.521,N,NULL,NULL,NULL,NULL,NULL,NULL,NULL,NULL,2,3,1,6,1,1,2,2,1,3,N,NULL,Y,N,1637,1639,1655,N,NULL,47,,,N,,N,N,,NULL,NULL,2021,O,7.26E+11,098-CS-1106  -000,MEDIUM,098-CS-1106  -000,0.048,0,0,0,0,0,0,1,0,0,0,0,0,0,1
2184,72731938,KSP0900,22-55697,20220215,800,,US119,,,US0119,US0119,0,098 US-119,US0119,N,N,NULL,NULL,NULL,N,NULL,NULL,NULL,NULL,NULL,NULL,7.055,NULL,NULL,NULL,NULL,,NULL,0,0,1,1,N,N,55,NULL,98,9820,NULL,,Y,37.54908,-82.4353,N,NULL,NULL,NULL,NULL,NULL,NULL,NULL,NULL,9,3,2,2,1,1,2,2,7,3,N,NULL,Y,N,800,820,800,N,NULL,38,2,1,N,,N,N,098-US-0119-0,NULL,NULL,2022,O,7.27E+11,098-US-0119  -000,HIGH,098-US-0119  -000,7.055,0,0,0,0,0,0,0,0,0,0,0,0,0,0
2185,72476555,KSP0900,2020-5393,20200210,1539,,KY611,,,KY0611,KY0611,0,098 KY-611,KY0611,N,N,NULL,NULL,NULL,N,NULL,NULL,NULL,NULL,NULL,NULL,0.904,NULL,NULL,NULL,NULL,,NULL,2,0,2,2,N,N,55,NULL,98,9802,NULL,,Y,37.32177,-82.47872,N,NULL,NULL,NULL,NULL,NULL,NULL,NULL,NULL,5,3,2,3,1,5,6,2,7,3,Y,NULL,N,N,1539,1558,1625,N,NULL,49,8,0,N,,N,N,098-KY-0611-0,NULL,NULL,2020,C,7.25E+11,098-KY-0611  -000,HIGH,098-KY-0611  -000,0.904,0,0,0,0,0,0,0,0,0,0,0,0,0,0
2186,72484363,980100,2.02E+11,20200304,1637,,HAMBLEY,,BLVD,,,,,,Y,N,NULL,NULL,NULL,N,NULL,NULL,NULL,NULL,NULL,NULL,0.494,NULL,NULL,NULL,NULL,,NULL,0,0,2,2,Y,N,5,NULL,98,9801,NULL,,Y,37.47826,-82.52021,N,NULL,NULL,NULL,NULL,NULL,NULL,NULL,NULL,1,97,1,4,2,1,2,2,1,3,N,NULL,Y,N,1637,1643,1643,N,NULL,90,,,N,,N,N,,NULL,NULL,2020,O,7.25E+11,098-CS-1222  -000,MEDIUM,098-CS-1222  -000,0.494,0,0,0,0,0,0,0,0,0,0,0,0,0,1
2187,72794843,980100,2.02E+11,20220810,1127,,CASSIDY,,BLVD,,,0,098 CS-1191,CS1191,N,Y,US23,,,N,NULL,NULL,NULL,NULL,NULL,NULL,0.008,NULL,NULL,NULL,NULL,,NULL,0,0,2,2,N,N,55,NULL,98,9801,NULL,,Y,37.50375,-82.53229,N,NULL,NULL,NULL,NULL,NULL,NULL,NULL,NULL,3,3,4,6,1,1,2,2,7,3,N,NULL,Y,N,1127,1132,1132,N,NULL,52,,,N,,N,N,098-CS-1191-0,NULL,NULL,2022,O,7.28E+11,098-CS-1191  -000,HIGH,098-CS-1191  -000,0.008,0,0,0,0,0,0,1,1,0,0,1,0,0,1
2188,72464303,980000,20-01-002,20200114,1951,,US119,,,US0119,US0119,0,098 US-119,US0119,N,N,NULL,NULL,NULL,N,NULL,NULL,NULL,NULL,NULL,NULL,22.734,NULL,NULL,NULL,NULL,,NULL,0,0,2,2,N,N,55,NULL,98,9852,2,S,N,37.64132,-82.25996,N,NULL,NULL,NULL,NULL,NULL,NULL,NULL,NULL,5,3,2,6,1,5,6,3,7,3,N,NULL,N,N,1854,1854,1921,N,NULL,49,2,1,N,,N,N,098-US-0119-0,NULL,NULL,2020,O,7.25E+11,098-US-0119  -000,HIGH,098-US-0119  -000,22.734,0,0,0,0,0,0,0,0,0,0,0,0,0,0
2189,72748053,980100,2.02E+11,20220324,1000,,CASSIDY,,BLVD,,,0,098 CS-1191,CS1191,Y,N,NULL,NULL,NULL,N,NULL,NULL,NULL,NULL,NULL,NULL,0.048,NULL,NULL,NULL,NULL,,NULL,0,0,2,2,N,N,,NULL,98,9801,NULL,,Y,37.50369,-82.53294,N,NULL,NULL,NULL,NULL,NULL,NULL,NULL,NULL,1,97,1,6,1,1,2,2,1,3,N,NULL,Y,N,1226,1426,1226,N,NULL,90,,,N,,N,N,098-CS-1191-0,NULL,NULL,2022,O,7.27E+11,098-CS-1191  -000,HIGH,098-CS-1191  -000,0.048,0,0,0,0,0,0,1,0,0,0,0,0,0,1
2190,72659528,980100,2.02E+11,20210809,1742,,US23,,,US0023,US0023,,,,N,N,NULL,NULL,NULL,N,NULL,NULL,NULL,NULL,NULL,NULL,24.814,NULL,NULL,NULL,NULL,,NULL,0,0,2,2,N,N,55,NULL,98,9801,NULL,,Y,37.48601,-82.54214,N,NULL,NULL,NULL,NULL,NULL,NULL,NULL,NULL,8,3,5,6,1,1,2,2,7,3,N,NULL,Y,N,1743,1744,,N,NULL,53,,1,N,,N,N,,NULL,NULL,2021,O,7.27E+11,098-US-0023  -000,MEDIUM,098-US-0023  -000,24.814,0,0,0,0,0,0,1,0,0,0,0,1,0,1
2191,72799132,KSP0900,22-320620,20220819,1230,,KY122,,,KY0122,KY0122,0,098 KY-122,KY0122,N,N,NULL,NULL,NULL,N,NULL,NULL,NULL,NULL,NULL,NULL,6.803,NULL,NULL,NULL,NULL,,NULL,1,0,1,1,N,N,55,NULL,98,9823,NULL,,Y,37.36928,-82.58228,N,NULL,NULL,NULL,NULL,NULL,NULL,NULL,NULL,9,3,2,6,1,1,2,2,7,3,Y,NULL,N,N,1230,1241,1241,N,NULL,38,,0,N,,N,N,098-KY-0122-0,NULL,NULL,2022,B,7.28E+11,098-KY-0122  -000,HIGH,098-KY-0122  -000,6.803,1,0,0,0,0,0,0,0,0,0,0,1,0,0
2192,72798792,KSP0900,22-333391,20220828,1507,,KY3418,,,KY3418,KY3418,0,098 KY-3418,KY3418,N,N,NULL,NULL,NULL,N,NULL,NULL,NULL,NULL,NULL,NULL,1.93,NULL,NULL,NULL,NULL,,NULL,2,0,1,1,N,N,45,NULL,98,9849,NULL,,Y,37.46114,-82.37357,N,NULL,NULL,NULL,NULL,NULL,NULL,NULL,NULL,9,4,2,1,1,1,2,2,7,3,Y,NULL,Y,Y,1524,1558,1615,N,NULL,44,9,0,N,,N,N,098-KY-3418-0,NULL,NULL,2022,A,7.28E+11,098-KY-3418  -000,HIGH,098-KY-3418  -000,1.93,0,0,0,0,0,0,1,0,0,0,0,1,0,0
2193,72787610,980100,2.02E+11,20220722,1025,,CASSIDY,,BLVD,,,0,098 CS-1191,CS1191,Y,N,NULL,NULL,NULL,N,NULL,NULL,NULL,NULL,NULL,NULL,0.045,NULL,NULL,NULL,NULL,,NULL,0,0,2,2,Y,N,,NULL,98,9801,NULL,,Y,37.5037,-82.5329,N,NULL,NULL,NULL,NULL,NULL,NULL,NULL,NULL,1,97,1,6,1,1,2,2,1,3,N,NULL,Y,N,1025,1036,1036,N,NULL,90,,,N,,N,N,098-CS-1191-0,NULL,NULL,2022,O,7.28E+11,098-CS-1191  -000,HIGH,098-CS-1191  -000,0.045,0,0,0,0,0,0,0,0,0,0,0,0,0,1
2194,72759204,980100,2.02E+11,20220505,1444,,BYPASS,S,RD,KY1426,KY1426,0,098 KY-1426,KY1426,Y,N,NULL,NULL,NULL,N,NULL,NULL,NULL,NULL,NULL,NULL,5.677,NULL,NULL,NULL,NULL,,NULL,0,0,2,2,N,N,15,NULL,98,9801,NULL,,Y,37.47271,-82.52308,N,NULL,NULL,NULL,NULL,NULL,NULL,NULL,NULL,1,97,1,6,2,1,2,2,1,3,N,NULL,Y,N,1444,1447,1447,N,NULL,90,,0,N,,N,N,098-KY-1426-0,NULL,NULL,2022,O,7.28E+11,098-KY-1426  -000,HIGH,098-KY-1426  -000,5.677,0,0,0,1,0,0,1,0,0,0,0,0,0,1
2195,72664660,980100,2.02E+11,20210823,1249,,COLLEGE,S,ST,,,0,098 CS-1152,CS1152,Y,N,NULL,NULL,NULL,N,NULL,NULL,NULL,NULL,NULL,NULL,0.041,NULL,NULL,NULL,NULL,,NULL,0,0,3,3,N,N,,NULL,98,9801,NULL,,Y,37.4767,-82.52236,N,NULL,NULL,NULL,NULL,NULL,NULL,NULL,NULL,1,97,,6,1,1,2,2,6,3,N,NULL,Y,N,1250,1253,1253,N,NULL,90,,,N,,N,N,098-CS-1152-0,NULL,NULL,2021,O,7.27E+11,098-CS-1152  -000,HIGH,098-CS-1152  -000,0.041,0,0,0,0,0,0,0,0,0,0,0,1,0,1
2196,72571453,KSP0900,20-813670,20201203,1418,,ADAMS,,RD,,,0,098 CR-1483,CR1483,Y,N,NULL,NULL,NULL,N,NULL,NULL,NULL,NULL,NULL,NULL,,NULL,NULL,NULL,NULL,,NULL,0,0,2,2,N,N,,NULL,98,9801,NULL,,Y,37.5158,-82.51749,N,NULL,NULL,NULL,NULL,NULL,NULL,NULL,NULL,2,97,1,6,3,1,2,2,1,3,N,NULL,Y,N,1606,1617,,N,NULL,90,,,N,,N,N,098-CR-1483-0,NULL,NULL,2020,O,7.26E+11,098-CR-1483  -000,HIGH,098-CR-1483  -000,0.586,0,0,0,0,0,0,1,0,0,0,0,0,0,0
2197,72874402,KSP0900,23-95201,20230311,2215,,GREASY,,CRK,,,0,098 CR-1256,CR1256,N,N,NULL,NULL,NULL,N,NULL,NULL,NULL,NULL,NULL,NULL,1.039,NULL,NULL,NULL,NULL,,NULL,1,0,1,1,N,N,40,NULL,98,9841,NULL,,Y,37.36982,-82.48817,N,NULL,NULL,NULL,NULL,NULL,NULL,NULL,NULL,9,3,1,6,1,1,2,6,7,3,Y,NULL,N,Y,2215,2225,2300,N,NULL,44,,,N,,N,N,098-CR-1256-0,NULL,NULL,2023,C,7.29E+11,098-CR-1256  -000,HIGH,098-CR-1256  -000,1.039,0,0,0,0,0,0,0,0,0,0,0,1,0,0
2198,72895857,KSP0900,23-166771,20230502,2355,,KY194,,,KY0194,KY0194,0,098 KY-194,KY0194,N,N,NULL,NULL,NULL,N,NULL,NULL,NULL,NULL,NULL,NULL,16.871,NULL,NULL,NULL,NULL,,NULL,4,0,2,2,N,N,55,NULL,98,9820,NULL,,Y,37.56433,-82.44183,N,NULL,NULL,NULL,NULL,NULL,NULL,NULL,NULL,7,3,2,6,1,1,2,6,7,3,Y,NULL,Y,Y,2355,7,45,N,NULL,54,7,0,N,,N,N,098-KY-0194-0,NULL,NULL,2023,A,7.29E+11,098-KY-0194  -000,HIGH,098-KY-0194  -000,16.872,0,0,0,0,0,0,0,0,0,0,0,1,0,0
2199,72617448,980100,2.02E+11,20210423,1528,,US23,,,US0023,US0023,0,098 US-23,US0023,N,Y,US119,,,N,NULL,NULL,NULL,NULL,NULL,NULL,26.291,NULL,NULL,NULL,NULL,,NULL,0,0,2,2,N,N,55,NULL,98,9801,NULL,,Y,37.50376,-82.53215,N,NULL,NULL,NULL,NULL,NULL,NULL,NULL,NULL,5,3,4,6,1,1,2,2,7,3,N,NULL,Y,N,1528,1529,,N,NULL,35,,1,Y,,N,N,098-US-0023-0,NULL,NULL,2021,O,7.26E+11,098-US-0023  -000,HIGH,098-US-0023  -000,26.291,0,0,1,0,0,0,1,0,1,0,1,0,0,1
2200,72728895,980100,2.02E+11,20220203,1111,,THOMPSON,,RD,,,0,098 CS-1215,CS1215,Y,N,NULL,NULL,NULL,N,NULL,NULL,NULL,NULL,NULL,NULL,0.917,NULL,NULL,NULL,NULL,,NULL,0,0,2,2,N,N,15,NULL,98,9801,NULL,,Y,37.50302,-82.53699,N,NULL,NULL,NULL,NULL,NULL,NULL,NULL,NULL,6,97,2,6,1,5,6,2,5,3,N,NULL,Y,N,1111,1120,1120,N,NULL,90,,,Y,,N,N,098-CS-1215-0,NULL,NULL,2022,O,7.27E+11,098-CS-1215  -000,HIGH,098-CS-1215  -000,0.917,0,0,0,0,0,0,1,0,0,0,0,0,0,1
2201,72830378,KSP0900,22-426846,20221106,305,,DAUGHERTY BRANCH,,RD,,,0,098 CR-1823E,CR1823E,N,N,NULL,NULL,NULL,N,NULL,NULL,NULL,NULL,NULL,NULL,0.018,NULL,NULL,NULL,NULL,,NULL,0,0,1,1,N,N,10,NULL,98,9804,NULL,,Y,37.55883,-82.14897,N,NULL,NULL,NULL,NULL,NULL,NULL,NULL,NULL,9,97,1,6,3,1,2,7,5,3,N,NULL,N,N,123,200,230,N,NULL,44,,,N,,N,N,098-CR-1823E-0,NULL,NULL,2022,O,7.28E+11,098-CR-1823E -000,HIGH,098-CR-1823E -000,0.018,0,0,0,0,0,0,0,0,1,1,0,1,0,0
2202,72665471,KSP0900,21-342938,20210817,1605,,COLLINS,,HWY,KY0122,KY0122,0,098 KY-122,KY0122,N,N,NULL,NULL,NULL,N,NULL,NULL,NULL,NULL,NULL,NULL,13.528,NULL,NULL,NULL,NULL,,NULL,1,0,1,1,N,N,55,NULL,98,9824,NULL,,Y,37.40621,-82.50765,N,NULL,NULL,NULL,NULL,NULL,NULL,NULL,NULL,9,3,2,1,1,5,6,2,7,3,Y,NULL,Y,Y,1607,1625,1730,N,NULL,70,,0,N,,N,N,098-KY-0122-0,NULL,NULL,2021,C,7.27E+11,098-KY-0122  -000,HIGH,098-KY-0122  -000,13.528,0,0,0,0,0,0,0,0,0,0,0,1,0,0
2203,72692777,980100,2.02E+11,20211030,1317,,US23,,,US0023,US0023,,,,N,N,NULL,NULL,NULL,N,NULL,NULL,NULL,NULL,NULL,NULL,25.702,NULL,NULL,NULL,NULL,,NULL,0,0,2,2,N,N,55,NULL,98,9801,NULL,,Y,37.49544,-82.53132,N,NULL,NULL,NULL,NULL,NULL,NULL,NULL,NULL,1,3,4,3,1,5,6,2,1,3,N,NULL,Y,N,1317,1321,,N,NULL,55,,1,N,,N,N,,NULL,NULL,2021,O,7.27E+11,098-US-0023  -000,MEDIUM,098-US-0023  -000,25.702,0,0,0,0,0,0,1,1,0,0,0,0,0,1