OBJECTID,MasterFile,AgencyORINumber,LocalCode,CollisionDate,CollisionTime,CollisionDayWeekCode,RoadwayName,RoadwayName_Direction_,RoadwayName_RoadwaySuffix_,RoadwayfromReport,CurrentRoadwayNumber,RoadwayNumberCoupletID,RSEUniqueGIS,RoadwayIdentifier,ParkingLotIndicator,IntersectionWith_Indicator_,IntersectionWith_NameRoadway_,IntersectionWith_Direction_,IntersectionWith_RoadwaySuffix_,BetweenStreets_Indicator_,BetweenStreets1_NameRoadway_,BetweenStreet1_Direction_,BetweenStreets1_RoadwaySuffix_,BetweenStreets2_NameRoadway_,BetweenStreets2_Direction_,BetweenStreets2_RoadwaySuffix_,Milepoint,ReportMilepointDeriveNumber,CurrentDerivedMiepointNumber,MilestoMilepoint,FeettoMilepoint,DirectionfromMilepoint_NSEW_,ValidMilepointIndicator,NumberInjured,NumberKilled,ofUnits,ofMotorVehicleUnits,Hit&RunIndicator,OneWayIndicator,SpeedLimitNumber,KilometersIndicator,CountyCode,CityCountyCode,MilesFromCity,DirectionFromCity_NSEW_,InCityLimitsIndicator,Latitude,Longitude,RampIndicator,RampFromIdentifier,RampFromDirCode,RampFromCoupletID,RSEUniqueGISRampFrom,RampToidentifier,RampToDirCode,RampToCoupletID,RSEUniqueGisRampTo,MannerofCollisionCode,LocationFirstEventCode,TotalLanes,RoadwayCharacterCode,RoadwaySurfaceCode,RoadwayConditionCode,WeatherCode,LightConditionCode,LandUseCode,SchoolBusRelatedCode,FirstAidSceneIndicator,CollDescPresentInd,InvestigationCompleteIndicator,PhotosTakenIndicator,TimeNotified,TimeArrived,TimeRoadwayOpened,PropertyDamageIndicator,DiagramPresentIndicator,DirectionalAnalysis,FunctionClassCode,NationalHwySysCode,EnforcementsIndicator,KARSCityCode,SecondaryCollisionIndicator,MedianCrossoverIndicator,RT_UNIQUE,MapIt,TimeLastLeft,YR,KABCO,MFNY,WorkingRID,RT_CONFIDENCE,KTC_RT,KTC_MP,Motorcyclist,Commercial Vehicle,Young Driver,Mature Driver,Pedestrian,Bicyclist,Distracted,Aggressive,Impaired,Unrestrained,Intersection,Roadway Departure,Median Cross-over,City Crash
2204,72534254,KSP0900,20-657604,20200819,1918,,US119,,,US0119,US0119,0,098 US-119,US0119,N,N,NULL,NULL,NULL,N,NULL,NULL,NULL,NULL,NULL,NULL,25.444,NULL,NULL,NULL,NULL,,NULL,0,0,2,2,Y,N,55,NULL,98,9834,NULL,,Y,37.6736,-82.2816,N,NULL,NULL,NULL,NULL,NULL,NULL,NULL,NULL,7,3,2,6,1,1,2,2,7,3,N,NULL,Y,N,1918,1939,1939,N,NULL,54,2,1,N,,N,N,098-US-0119-0,NULL,NULL,2020,O,7.25E+11,098-US-0119  -000,HIGH,098-US-0119  -000,25.444,0,0,0,0,0,0,0,1,0,0,0,1,0,0
2205,72708909,980100,2.02E+11,20211214,1007,,THOMPSON,,RD,,,0,098 CS-1215,CS1215,Y,N,NULL,NULL,NULL,N,NULL,NULL,NULL,NULL,NULL,NULL,0.638,NULL,NULL,NULL,NULL,,NULL,0,0,2,2,N,N,15,NULL,98,9801,NULL,,Y,37.50528,-82.54156,N,NULL,NULL,NULL,NULL,NULL,NULL,NULL,NULL,2,97,1,6,1,1,2,2,1,3,N,NULL,Y,N,1007,1013,1013,N,NULL,90,,,N,,N,N,098-CS-1215-0,NULL,NULL,2021,O,7.27E+11,098-CS-1215  -000,HIGH,098-CS-1215  -000,0.638,0,0,0,0,0,0,1,0,0,0,0,0,0,1
2206,72687208,980100,2.02E+11,20211019,944,,BYPASS,S,RD,KY1426,KY1426,,,,Y,N,NULL,NULL,NULL,N,NULL,NULL,NULL,NULL,NULL,NULL,5.671,NULL,NULL,NULL,NULL,,NULL,0,0,2,2,N,N,15,NULL,98,9801,NULL,,Y,37.47268,-82.52319,N,NULL,NULL,NULL,NULL,NULL,NULL,NULL,NULL,2,97,1,5,2,1,2,2,1,3,N,NULL,Y,N,944,952,944,N,NULL,90,,0,N,,N,N,,NULL,NULL,2021,O,7.27E+11,098-KY-1426  -000,HIGH,098-KY-1426  -000,5.671,0,0,0,0,0,0,1,0,0,0,0,0,0,1
2207,72635822,KSP0900,21-242784,20210613,1330,,US460,,,US0460,US0460,0,098 US-460,US0460,N,N,NULL,NULL,NULL,N,NULL,NULL,NULL,NULL,NULL,NULL,0.936,NULL,NULL,NULL,NULL,,NULL,2,0,1,1,N,N,55,NULL,98,9824,NULL,,Y,37.43136,-82.50487,N,NULL,NULL,NULL,NULL,NULL,NULL,NULL,NULL,9,5,2,6,1,1,2,2,6,3,Y,NULL,Y,N,1331,1341,1430,N,NULL,51,,1,N,,N,N,098-US-0460-0,NULL,NULL,2021,A,7.26E+11,098-US-0460  -000,HIGH,098-US-0460  -000,0.936,0,0,0,0,0,0,1,0,0,1,0,1,0,0
2208,72555206,KSP0900,20-743648,20201016,810,,POND CREEK,,RD,KY0199,KY0199,0,098 KY-199,KY0199,N,N,NULL,NULL,NULL,N,NULL,NULL,NULL,NULL,NULL,NULL,9.026,NULL,NULL,NULL,NULL,,NULL,0,0,1,1,Y,N,35,NULL,98,9851,NULL,,Y,37.5704,-82.26804,N,NULL,NULL,NULL,NULL,NULL,NULL,NULL,NULL,9,97,2,3,1,5,2,2,1,3,N,NULL,N,Y,810,1120,1120,Y,NULL,40,7,0,N,,N,N,098-KY-0199-0,NULL,NULL,2020,O,7.26E+11,098-KY-0199  -000,HIGH,098-KY-0199  -000,9.026,0,0,0,0,0,0,0,0,0,0,0,1,0,0
2209,72630796,980100,2.02E+11,20210530,1805,,US23,,,US0023,US0023,0,098 US-23,US0023,N,N,NULL,NULL,NULL,N,NULL,NULL,NULL,NULL,NULL,NULL,21.424,NULL,NULL,NULL,NULL,,NULL,2,0,2,2,N,N,55,NULL,98,9801,NULL,,Y,37.45084,-82.52402,N,NULL,NULL,NULL,NULL,NULL,NULL,NULL,NULL,1,3,4,6,1,1,3,2,7,3,Y,NULL,Y,Y,1805,1808,1853,N,NULL,55,,1,N,,N,N,098-US-0023-0,NULL,NULL,2021,C,7.26E+11,098-US-0023  -000,HIGH,098-US-0023  -000,21.424,0,0,0,1,0,0,1,0,0,0,0,0,0,1
2210,72705585,KSP0900,21-496184,20211206,840,,TOLER,,RD,KY0319,KY0319,0,098 KY-319,KY0319,N,N,NULL,NULL,NULL,N,NULL,NULL,NULL,NULL,NULL,NULL,5.361,NULL,NULL,NULL,NULL,,NULL,0,0,1,1,N,N,35,NULL,98,9842,NULL,,Y,37.62546,-82.24745,N,NULL,NULL,NULL,NULL,NULL,NULL,NULL,NULL,9,6,2,6,1,1,2,2,7,3,N,NULL,N,N,840,840,840,Y,NULL,51,7,0,N,,N,N,098-KY-0319-0,NULL,NULL,2021,O,7.27E+11,098-KY-0319  -000,HIGH,098-KY-0319  -000,5.361,0,0,1,0,0,0,0,0,0,0,0,1,0,0
2211,72507807,KSP0900,20-19971,20200527,1457,,US119,,,US0119,US0119,0,098 US-119,US0119,Y,N,NULL,NULL,NULL,N,NULL,NULL,NULL,NULL,NULL,NULL,23.868,NULL,NULL,NULL,NULL,,NULL,0,0,2,2,N,N,55,NULL,98,9834,NULL,,Y,37.65401,-82.26894,N,NULL,NULL,NULL,NULL,NULL,NULL,NULL,NULL,2,97,4,6,1,1,2,2,7,3,N,NULL,Y,N,1515,1520,1530,N,NULL,90,2,1,N,,N,N,098-US-0119-0,NULL,NULL,2020,O,7.25E+11,098-US-0119  -000,HIGH,098-US-0119  -000,23.868,0,0,0,0,0,0,1,0,0,0,0,0,0,0
2212,72474095,KSP0900,2020-4917,20200206,1735,,KY632,,,KY0632,KY0632,0,098 KY-632,KY0632,N,N,NULL,NULL,NULL,N,NULL,NULL,NULL,NULL,NULL,NULL,5.797,NULL,NULL,NULL,NULL,,NULL,0,0,1,1,N,N,55,NULL,98,9839,NULL,,Y,37.49391,-82.26448,N,NULL,NULL,NULL,NULL,NULL,NULL,NULL,NULL,9,3,2,6,1,6,6,6,6,3,N,NULL,N,N,1735,1755,1755,N,NULL,70,6,0,N,,N,N,098-KY-0632-0,NULL,NULL,2020,O,7.25E+11,098-KY-0632  -000,HIGH,098-KY-0632  -000,5.797,0,0,0,0,0,0,0,0,0,0,0,1,0,0
2213,72660167,980100,2.02E+11,20210818,1805,,SYCAMORE,,ST,,,,,,Y,N,NULL,NULL,NULL,N,NULL,NULL,NULL,NULL,NULL,NULL,0.236,NULL,NULL,NULL,NULL,,NULL,0,0,1,1,N,N,15,NULL,98,9801,NULL,,Y,37.48024,-82.5211,N,NULL,NULL,NULL,NULL,NULL,NULL,NULL,NULL,9,97,,6,1,1,2,2,5,3,N,NULL,Y,N,1806,1815,,N,NULL,90,,,N,,N,N,,NULL,NULL,2021,O,7.27E+11,098-CS-1108  -000,LOW,098-CS-1108  -000,0.236,0,0,0,0,0,0,0,0,0,0,0,1,0,0
2214,72598846,980100,2.02E+11,20210227,2152,,BYPASS,S,RD,KY1426,KY1426,0,098 KY-1426,KY1426,N,N,NULL,NULL,NULL,N,NULL,NULL,NULL,NULL,NULL,NULL,6.546,NULL,NULL,NULL,NULL,,NULL,0,0,2,2,N,N,55,NULL,98,9801,NULL,,Y,37.48227,-82.51369,N,NULL,NULL,NULL,NULL,NULL,NULL,NULL,NULL,1,97,2,6,1,5,3,7,1,3,N,NULL,Y,N,2152,2152,,N,NULL,55,,0,N,,N,N,098-KY-1426-0,NULL,NULL,2021,O,7.26E+11,098-KY-1426  -000,HIGH,098-KY-1426  -000,6.546,0,0,1,0,0,0,1,0,0,0,0,0,0,1
2215,72462920,980500,2020AR002,20200109,1232,,MAYO TRAIL,N,,,,,,,Y,N,NULL,NULL,NULL,N,NULL,NULL,NULL,NULL,NULL,NULL,,NULL,NULL,NULL,NULL,NULL,NULL,0,0,2,2,Y,N,15,NULL,98,9807,NULL,,Y,37.52541,-82.57399,N,NULL,NULL,NULL,NULL,NULL,NULL,NULL,NULL,2,97,2,6,1,1,2,2,1,3,N,NULL,Y,Y,1236,1247,1247,N,NULL,90,,,N,,N,N,,NULL,NULL,2020,O,7.25E+11,098-US-0023  -010,MEDIUM,098-US-0023  -000,29.148,0,0,0,0,0,0,1,0,0,0,0,0,0,0
2216,72776605,KSP0900,22-238992,20220624,1610,,KY3218,,,KY3218,KY3218,,,,N,N,NULL,NULL,NULL,N,NULL,NULL,NULL,NULL,NULL,NULL,0.094,NULL,NULL,NULL,NULL,,NULL,0,0,1,1,N,N,55,NULL,98,9801,NULL,,Y,37.53814,-82.60088,N,NULL,NULL,NULL,NULL,NULL,NULL,NULL,NULL,9,3,2,1,1,1,2,2,7,3,N,NULL,Y,N,1610,1610,1610,N,NULL,40,8,0,N,,N,N,,NULL,NULL,2022,O,7.28E+11,098-KY-3218  -000,HIGH,098-KY-3218  -000,0.094,0,0,0,0,0,0,0,0,0,0,0,1,0,1
2217,72778073,980000,22-06-005,20220629,745,,WILLIAMSON,,RD,KY0292,KY0292,0,098 KY-292,KY0292,N,N,NULL,NULL,NULL,N,NULL,NULL,NULL,NULL,NULL,NULL,5.541,NULL,NULL,NULL,NULL,,NULL,0,0,1,1,N,N,35,NULL,98,9834,NULL,,Y,37.66925,-82.28604,N,NULL,NULL,NULL,NULL,NULL,NULL,NULL,NULL,9,3,2,6,1,1,2,2,7,3,N,NULL,N,N,745,800,815,N,NULL,38,7,0,N,,N,N,098-KY-0292-0,NULL,NULL,2022,O,7.28E+11,098-KY-0292  -000,HIGH,098-KY-0292  -000,5.541,0,0,0,0,0,0,0,0,0,0,0,0,0,0
2218,72803892,KSP0900,22-351476,20220910,716,,KY1426,,,KY1426,KY1426,0,098 KY-1426,KY1426,N,N,NULL,NULL,NULL,N,NULL,NULL,NULL,NULL,NULL,NULL,12.304,NULL,NULL,NULL,NULL,,NULL,2,0,1,1,N,N,35,NULL,98,9828,NULL,,Y,37.54007,-82.46854,N,NULL,NULL,NULL,NULL,NULL,NULL,NULL,NULL,9,97,2,6,1,5,3,2,6,3,Y,NULL,Y,Y,718,751,845,Y,NULL,40,7,0,Y,,N,N,098-KY-1426-0,NULL,NULL,2022,C,7.28E+11,098-KY-1426  -000,HIGH,098-KY-1426  -000,12.304,0,0,0,0,0,0,0,1,1,1,0,1,0,0
2219,72639944,980100,2.02E+11,20210624,1439,,US23,,,US0023,US0023,0,098 US-23,US0023,N,N,NULL,NULL,NULL,N,NULL,NULL,NULL,NULL,NULL,NULL,26.282,NULL,NULL,NULL,NULL,,NULL,0,0,2,2,N,N,55,NULL,98,9801,NULL,,Y,37.50364,-82.53213,N,NULL,NULL,NULL,NULL,NULL,NULL,NULL,NULL,5,3,4,6,1,1,2,2,7,3,N,NULL,Y,N,1439,1446,1457,N,NULL,49,,1,N,,N,N,098-US-0023-0,NULL,NULL,2021,O,7.26E+11,098-US-0023  -000,HIGH,098-US-0023  -000,26.282,0,0,0,0,0,0,1,0,0,0,0,0,0,1
2220,72655457,KSP0900,21-299963,20210720,715,,KY194,,,KY0194,KY0194,0,098 KY-194,KY0194,N,N,NULL,NULL,NULL,N,NULL,NULL,NULL,NULL,NULL,NULL,18.844,NULL,NULL,NULL,NULL,,NULL,0,0,1,1,N,N,55,NULL,98,9817,NULL,,Y,37.55312,-82.41477,N,NULL,NULL,NULL,NULL,NULL,NULL,NULL,NULL,9,3,2,3,1,1,2,2,7,3,N,NULL,Y,N,715,735,830,N,NULL,44,6,5,N,,N,N,098-KY-0194-0,NULL,NULL,2021,O,7.27E+11,098-KY-0194  -000,HIGH,098-KY-0194  -000,18.844,0,0,0,0,0,0,0,0,0,0,0,1,0,0
2221,72799338,KSP0900,22-331965,20220827,1426,,KY194,,,KY0194,KY0194,0,098 KY-194,KY0194,N,N,NULL,NULL,NULL,N,NULL,NULL,NULL,NULL,NULL,NULL,26.304,NULL,NULL,NULL,NULL,,NULL,2,0,2,2,N,N,55,NULL,98,9817,NULL,,Y,37.50089,-82.35471,N,NULL,NULL,NULL,NULL,NULL,NULL,NULL,NULL,1,3,2,6,1,1,2,2,7,3,Y,NULL,Y,Y,1426,1448,1519,N,NULL,55,6,0,N,,N,N,098-KY-0194-0,NULL,NULL,2022,C,7.28E+11,098-KY-0194  -000,HIGH,098-KY-0194  -000,26.304,0,0,0,0,0,0,1,0,0,0,0,0,0,0
2222,72734365,KSP0900,22-66617,20220223,922,,US119,,,US0119,US0119,0,098 US-119-10,US0119,N,N,NULL,NULL,NULL,N,NULL,NULL,NULL,NULL,NULL,NULL,19.762,NULL,NULL,NULL,NULL,,NULL,0,0,1,1,N,N,55,NULL,98,9814,NULL,,Y,37.61016,-82.26953,N,NULL,NULL,NULL,NULL,NULL,NULL,NULL,NULL,9,3,4,3,1,5,6,2,7,3,N,NULL,Y,N,1048,1100,1100,N,NULL,40,2,1,N,,N,Y,098-US-0119-10,NULL,NULL,2022,O,7.27E+11,098-US-0119  -010,HIGH,098-US-0119  -000,19.762,0,0,0,0,0,0,0,0,0,0,0,1,0,0
2223,72724785,980100,2.02E+11,20220126,1711,,US119,,,US0119,US0119,,,,N,N,NULL,NULL,NULL,N,NULL,NULL,NULL,NULL,NULL,NULL,0.019,NULL,NULL,NULL,NULL,,NULL,0,0,2,2,N,N,55,NULL,98,9801,NULL,,Y,37.50388,-82.53168,N,NULL,NULL,NULL,NULL,NULL,NULL,NULL,NULL,5,3,6,6,1,1,2,3,1,3,N,NULL,Y,N,1711,1717,1720,N,NULL,49,2,1,Y,,N,N,,NULL,NULL,2022,O,7.27E+11,098-US-0119  -010,MEDIUM,098-US-0119  -000,0.019,0,0,0,0,0,0,1,0,0,0,0,0,0,1
2224,72648212,980100,2.02E+11,20210711,1823,,HAMBLEY,,BLVD,,,0,098 CS-1222,CS1222,N,N,NULL,NULL,NULL,N,NULL,NULL,NULL,NULL,NULL,NULL,,NULL,NULL,NULL,NULL,,NULL,4,0,2,2,N,N,35,NULL,98,9801,NULL,,Y,37.47401,-82.5273,N,NULL,NULL,NULL,NULL,NULL,NULL,NULL,NULL,3,3,4,6,1,1,2,2,1,3,Y,NULL,Y,Y,1823,1823,1854,N,NULL,52,,,N,,N,N,098-CS-1222-0,NULL,NULL,2021,B,7.26E+11,098-CS-1222  -000,HIGH,098-CS-1222  -000,0,0,0,0,0,0,0,1,1,0,0,0,1,0,1
2225,72852276,980100,2.02E+11,20230105,1449,,US23,,,US0023,US0023,0,098 US-23,US0023,N,N,NULL,NULL,NULL,N,NULL,NULL,NULL,NULL,NULL,NULL,26.288,NULL,NULL,NULL,NULL,,NULL,4,0,2,2,N,N,55,NULL,98,9801,NULL,,Y,37.50372,-82.53215,N,NULL,NULL,NULL,NULL,NULL,NULL,NULL,NULL,1,3,4,6,1,1,2,2,7,3,Y,NULL,Y,Y,1450,1453,1638,N,NULL,55,,1,Y,,N,N,098-US-0023-0,NULL,NULL,2023,C,7.29E+11,098-US-0023  -000,HIGH,098-US-0023  -000,26.225,0,0,0,1,0,0,0,1,0,0,0,0,0,1
2226,72595372,980100,2.02E+11,20210217,1108,,HAMBLEY,,BLVD,,,0,098 CS-1222,CS1222,Y,N,NULL,NULL,NULL,N,NULL,NULL,NULL,NULL,NULL,NULL,1.16,NULL,NULL,NULL,NULL,,NULL,0,0,2,2,N,N,,NULL,98,9801,NULL,,Y,37.48531,-82.52448,N,NULL,NULL,NULL,NULL,NULL,NULL,NULL,NULL,2,97,1,6,1,1,2,2,1,3,N,NULL,Y,N,1108,1112,1113,N,NULL,90,,,N,,N,N,098-CS-1222-0,NULL,NULL,2021,O,7.26E+11,098-CS-1222  -000,HIGH,098-CS-1222  -000,1.16,0,0,0,0,0,0,1,0,0,0,0,0,0,1
2227,72685391,980100,2.02E+11,20211010,1746,,PARK,,ST,,,,,,Y,N,NULL,NULL,NULL,N,NULL,NULL,NULL,NULL,NULL,NULL,,NULL,NULL,NULL,NULL,NULL,NULL,0,0,2,2,N,N,15,NULL,98,9801,NULL,,Y,37.47541,-82.52187,N,NULL,NULL,NULL,NULL,NULL,NULL,NULL,NULL,2,97,,6,1,1,2,2,8,3,N,NULL,Y,N,1746,1748,,N,NULL,90,,,N,,N,N,,NULL,NULL,2021,O,7.27E+11,098-CS-1058  -000,MEDIUM,098-CS-1058  -000,0.004,0,0,0,0,0,0,1,0,0,0,0,0,0,1
2228,72660909,370200,2021-323167,20210804,1434,,US23,,,US0023,US0023,0,098 US-23,US0023,N,N,NULL,NULL,NULL,N,NULL,NULL,NULL,NULL,NULL,NULL,7.962,NULL,NULL,NULL,NULL,,NULL,0,0,2,2,N,N,55,NULL,98,9809,NULL,,Y,37.31481,-82.54918,N,NULL,NULL,NULL,NULL,NULL,NULL,NULL,NULL,1,3,4,4,1,1,3,2,7,3,N,NULL,Y,N,1438,1457,1457,N,NULL,55,,1,N,,N,N,098-US-0023-0,NULL,NULL,2021,O,7.27E+11,098-US-0023  -000,HIGH,098-US-0023  -000,7.962,0,1,0,1,0,0,0,0,0,0,0,0,0,0
2229,72607661,980100,2.02E+11,20210323,1110,,CASSIDY,,BLVD,,,0,098 CS-1191,CS1191,Y,N,NULL,NULL,NULL,N,NULL,NULL,NULL,NULL,NULL,NULL,0.059,NULL,NULL,NULL,NULL,,NULL,0,0,2,2,N,N,,NULL,98,9801,NULL,,Y,37.50367,-82.53311,N,NULL,NULL,NULL,NULL,NULL,NULL,NULL,NULL,5,97,1,6,1,1,2,2,1,3,N,NULL,Y,N,1110,1121,,N,NULL,90,,,N,,N,N,098-CS-1191-0,NULL,NULL,2021,O,7.26E+11,098-CS-1191  -000,HIGH,098-CS-1191  -000,0.059,0,0,0,1,0,0,1,0,0,0,0,0,0,1
2230,72557517,KSP0900,20-759476,20201027,600,,ELKHORN,,CRK,KY0197,KY0197,0,098 KY-197,KY0197,N,N,NULL,NULL,NULL,N,NULL,NULL,NULL,NULL,NULL,NULL,0.681,NULL,NULL,NULL,NULL,,NULL,0,0,2,2,Y,N,55,NULL,98,9867,NULL,,Y,37.2193,-82.55103,N,NULL,NULL,NULL,NULL,NULL,NULL,NULL,NULL,7,3,2,3,1,1,2,6,7,3,N,NULL,Y,N,600,700,750,N,NULL,54,7,0,N,,N,N,098-KY-0197-0,NULL,NULL,2020,O,7.26E+11,098-KY-0197  -000,HIGH,098-KY-0197  -000,0.681,0,0,0,1,0,0,0,0,0,0,0,1,0,0
2231,72526509,980100,2.02E+11,20200727,836,,US23,,,US0023,US0023,,,,Y,N,NULL,NULL,NULL,N,NULL,NULL,NULL,NULL,NULL,NULL,21.213,NULL,NULL,NULL,NULL,,NULL,0,0,2,2,N,N,55,NULL,98,9801,NULL,,Y,37.44799,-82.52529,N,NULL,NULL,NULL,NULL,NULL,NULL,NULL,NULL,1,97,,3,1,1,2,2,1,3,N,NULL,Y,N,836,846,846,Y,NULL,90,,1,N,,N,N,,NULL,NULL,2020,O,7.25E+11,098-US-0023  -000,MEDIUM,098-US-0023  -000,21.213,0,0,0,0,0,0,0,0,0,0,0,0,0,1
2232,72606836,980100,2.02E+11,20210324,1555,,KY3496,,,KY3496,KY3496,,,,Y,N,NULL,NULL,NULL,N,NULL,NULL,NULL,NULL,NULL,NULL,0.22,NULL,NULL,NULL,NULL,,NULL,0,0,2,2,N,N,,NULL,98,9801,NULL,,Y,37.46669,-82.5315,N,NULL,NULL,NULL,NULL,NULL,NULL,NULL,NULL,2,97,,6,1,1,2,2,1,3,N,NULL,Y,N,1555,1604,1604,N,NULL,90,16,0,N,,N,N,,NULL,NULL,2021,O,7.26E+11,098-KY-3496  -000,HIGH,098-KY-3496  -000,0.22,0,0,0,1,0,0,1,0,0,0,0,0,0,1
2233,72728753,980100,2.02E+11,20220131,803,,BYPASS,S,RD,KY1426,KY1426,0,098 KY-1426,KY1426,Y,N,NULL,NULL,NULL,N,NULL,NULL,NULL,NULL,NULL,NULL,5.685,NULL,NULL,NULL,NULL,,NULL,0,0,3,3,N,N,,NULL,98,9801,NULL,,Y,37.47274,-82.52294,N,NULL,NULL,NULL,NULL,NULL,NULL,NULL,NULL,1,97,0,5,1,1,2,2,1,3,N,NULL,N,N,803,810,,N,NULL,90,,0,N,,N,N,098-KY-1426-0,NULL,NULL,2022,O,7.27E+11,098-KY-1426  -000,HIGH,098-KY-1426  -000,5.685,0,0,0,0,0,0,0,0,0,0,0,0,0,1
2234,72605814,KSP0900,21-112846,20210321,2118,,KY194,,,KY0194,KY0194,,,,N,N,NULL,NULL,NULL,N,NULL,NULL,NULL,NULL,NULL,NULL,24.688,NULL,NULL,NULL,NULL,,NULL,0,0,1,1,N,N,55,NULL,98,9817,NULL,,Y,37.52042,-82.36381,N,NULL,NULL,NULL,NULL,NULL,NULL,NULL,NULL,9,3,2,3,1,1,2,6,7,3,N,NULL,Y,N,2119,2145,2215,Y,NULL,44,6,0,N,,N,N,,NULL,NULL,2021,O,7.26E+11,098-KY-0194  -000,MEDIUM,098-KY-0194  -000,24.688,0,0,0,0,0,0,0,0,0,0,0,1,0,0
2235,72643500,KSP0900,21-267711,20210629,1141,,DOUGLAS,,PARK,,,0,098 CR-1704,CR1704,N,N,NULL,NULL,NULL,N,NULL,NULL,NULL,NULL,NULL,NULL,0.393,NULL,NULL,NULL,NULL,,NULL,0,0,2,2,N,N,25,NULL,98,9824,NULL,,Y,37.38141,-82.53588,N,NULL,NULL,NULL,NULL,NULL,NULL,NULL,NULL,2,3,1,6,3,1,2,2,1,3,N,NULL,N,Y,1141,1150,1155,N,NULL,56,,,N,,N,N,098-CR-1704-0,NULL,NULL,2021,O,7.26E+11,098-CR-1704  -000,HIGH,098-CR-1704  -000,0.393,0,0,0,1,0,0,1,0,0,0,0,0,0,0
2236,72465049,980100,2.02E+11,20200117,1211,,CASSIDY,,BLVD,,,,,,Y,N,NULL,NULL,NULL,N,NULL,NULL,NULL,NULL,NULL,NULL,0.22,NULL,NULL,NULL,NULL,,NULL,0,0,2,2,N,N,15,NULL,98,9801,NULL,,Y,37.50422,-82.53551,N,NULL,NULL,NULL,NULL,NULL,NULL,NULL,NULL,8,97,1,6,1,1,2,2,1,3,N,NULL,Y,N,1211,1227,1227,N,NULL,90,,,N,,N,N,,NULL,NULL,2020,O,7.25E+11,098-CS-1191  -000,LOW,098-CS-1191  -000,0.22,0,0,1,0,0,0,1,0,0,0,0,0,0,1
2237,72757268,980100,2.02E+11,20220503,1348,,BYPASS,S,RD,KY1426,KY1426,0,098 KY-1426,KY1426,Y,N,NULL,NULL,NULL,N,NULL,NULL,NULL,NULL,NULL,NULL,5.616,NULL,NULL,NULL,NULL,,NULL,0,0,1,1,N,Y,,NULL,98,9801,NULL,,Y,37.47247,-82.52293,N,NULL,NULL,NULL,NULL,NULL,NULL,NULL,NULL,9,97,2,3,1,1,2,2,1,3,N,NULL,Y,N,1348,1411,,Y,NULL,90,,0,N,,N,N,098-KY-1426-0,NULL,NULL,2022,O,7.28E+11,098-KY-1426  -000,HIGH,098-KY-1426  -000,5.616,0,0,0,0,0,0,0,0,0,0,0,1,0,1
2238,72739580,KSP0900,22-82438,20220306,1325,,GARDNER,,FRK,,,0,098 CR-1228,CR1228,N,N,NULL,NULL,NULL,N,NULL,NULL,NULL,NULL,NULL,NULL,0.438,NULL,NULL,NULL,NULL,,NULL,1,0,2,2,N,N,25,NULL,98,9841,NULL,,Y,37.37313,-82.47552,N,NULL,NULL,NULL,NULL,NULL,NULL,NULL,NULL,3,3,1,3,1,1,2,2,6,3,Y,NULL,Y,Y,1327,1344,1430,N,NULL,52,,,N,,N,N,098-CR-1228-0,NULL,NULL,2022,C,7.27E+11,098-CR-1228  -000,HIGH,098-CR-1228  -000,0.438,0,0,0,1,0,0,0,0,0,0,0,1,0,0
2239,72474800,980000,20-01-003,20200121,1000,,RACCOON,,RD,,,0,098 CR-1322,CR1322,N,N,NULL,NULL,NULL,N,NULL,NULL,NULL,NULL,NULL,NULL,0.354,NULL,NULL,NULL,NULL,,NULL,1,0,1,1,N,N,45,NULL,98,9832,NULL,,Y,37.48206,-82.40363,N,NULL,NULL,NULL,NULL,NULL,NULL,NULL,NULL,9,5,2,3,1,1,3,2,7,3,N,NULL,Y,Y,1000,1010,1010,N,NULL,51,,,Y,,N,N,098-CR-1322-0,NULL,NULL,2020,C,7.25E+11,098-CR-1322  -000,HIGH,098-CR-1322  -000,0.354,0,0,0,0,0,0,0,0,1,0,0,1,0,0
2240,72554451,980100,2.02E+11,20200925,2105,,US23,,,US0023,US0023,,,,N,N,NULL,NULL,NULL,N,NULL,NULL,NULL,NULL,NULL,NULL,31.651,NULL,NULL,NULL,NULL,,NULL,0,0,1,1,N,N,55,NULL,98,9801,NULL,,Y,37.537,-82.6025,N,NULL,NULL,NULL,NULL,NULL,NULL,NULL,NULL,9,3,4,6,1,1,2,6,7,1,N,NULL,Y,N,2105,2118,2118,N,NULL,38,,1,N,,N,N,,NULL,NULL,2020,O,7.26E+11,098-US-0023  -010,MEDIUM,098-US-0023  -000,31.651,0,0,0,1,0,0,1,0,0,0,0,0,0,1
2241,72633400,KSP0900,21-233307,20210607,1454,,KY80,,,KY0080,KY0080,0,098 KY-80,KY0080,N,N,NULL,NULL,NULL,N,NULL,NULL,NULL,NULL,NULL,NULL,0.012,NULL,NULL,NULL,NULL,,NULL,0,0,2,2,N,N,55,NULL,98,9805,NULL,,Y,37.34194,-82.37436,N,NULL,NULL,NULL,NULL,NULL,NULL,NULL,NULL,3,3,2,3,1,5,3,2,7,3,N,NULL,Y,N,1432,1453,1455,N,NULL,52,7,5,N,,N,N,098-KY-0080-0,NULL,NULL,2021,O,7.26E+11,098-KY-0080  -000,HIGH,098-KY-0080  -000,0.012,0,0,1,0,0,0,1,0,0,0,0,1,0,0