OBJECTID,MasterFile,AgencyORINumber,LocalCode,CollisionDate,CollisionTime,CollisionDayWeekCode,RoadwayName,RoadwayName_Direction_,RoadwayName_RoadwaySuffix_,RoadwayfromReport,CurrentRoadwayNumber,RoadwayNumberCoupletID,RSEUniqueGIS,RoadwayIdentifier,ParkingLotIndicator,IntersectionWith_Indicator_,IntersectionWith_NameRoadway_,IntersectionWith_Direction_,IntersectionWith_RoadwaySuffix_,BetweenStreets_Indicator_,BetweenStreets1_NameRoadway_,BetweenStreet1_Direction_,BetweenStreets1_RoadwaySuffix_,BetweenStreets2_NameRoadway_,BetweenStreets2_Direction_,BetweenStreets2_RoadwaySuffix_,Milepoint,ReportMilepointDeriveNumber,CurrentDerivedMiepointNumber,MilestoMilepoint,FeettoMilepoint,DirectionfromMilepoint_NSEW_,ValidMilepointIndicator,NumberInjured,NumberKilled,ofUnits,ofMotorVehicleUnits,Hit&RunIndicator,OneWayIndicator,SpeedLimitNumber,KilometersIndicator,CountyCode,CityCountyCode,MilesFromCity,DirectionFromCity_NSEW_,InCityLimitsIndicator,Latitude,Longitude,RampIndicator,RampFromIdentifier,RampFromDirCode,RampFromCoupletID,RSEUniqueGISRampFrom,RampToidentifier,RampToDirCode,RampToCoupletID,RSEUniqueGisRampTo,MannerofCollisionCode,LocationFirstEventCode,TotalLanes,RoadwayCharacterCode,RoadwaySurfaceCode,RoadwayConditionCode,WeatherCode,LightConditionCode,LandUseCode,SchoolBusRelatedCode,FirstAidSceneIndicator,CollDescPresentInd,InvestigationCompleteIndicator,PhotosTakenIndicator,TimeNotified,TimeArrived,TimeRoadwayOpened,PropertyDamageIndicator,DiagramPresentIndicator,DirectionalAnalysis,FunctionClassCode,NationalHwySysCode,EnforcementsIndicator,KARSCityCode,SecondaryCollisionIndicator,MedianCrossoverIndicator,RT_UNIQUE,MapIt,TimeLastLeft,YR,KABCO,MFNY,WorkingRID,RT_CONFIDENCE,KTC_RT,KTC_MP,Motorcyclist,Commercial Vehicle,Young Driver,Mature Driver,Pedestrian,Bicyclist,Distracted,Aggressive,Impaired,Unrestrained,Intersection,Roadway Departure,Median Cross-over,City Crash
2242,72569018,KSP0900,20-795309,20201120,400,,US119,,,US0119,US0119,0,098 US-119,US0119,Y,N,NULL,NULL,NULL,N,NULL,NULL,NULL,NULL,NULL,NULL,24.824,NULL,NULL,NULL,NULL,,NULL,0,0,2,2,Y,N,55,NULL,98,9834,NULL,,Y,37.66628,-82.27511,N,NULL,NULL,NULL,NULL,NULL,NULL,NULL,NULL,1,7,4,6,1,1,2,5,1,3,N,NULL,Y,N,430,500,500,N,NULL,90,2,1,N,,N,N,098-US-0119-0,NULL,NULL,2020,O,7.26E+11,098-US-0119  -000,HIGH,098-US-0119  -000,24.824,0,0,0,0,0,0,1,0,0,0,0,0,0,0
2243,72826780,980100,2.02E+11,20221030,1930,,US23 NORTH,,,,,,,,N,N,NULL,NULL,NULL,N,NULL,NULL,NULL,NULL,NULL,NULL,,NULL,NULL,NULL,NULL,NULL,NULL,2,0,2,2,N,N,55,NULL,98,9801,NULL,,Y,37.49216,-82.53484,N,NULL,NULL,NULL,NULL,NULL,NULL,NULL,NULL,3,3,4,6,1,1,2,7,1,3,Y,NULL,Y,Y,1930,1930,2034,N,NULL,52,,,Y,,N,N,,NULL,NULL,2022,A,7.28E+11,098-US-0023  -000,MEDIUM,098-US-0023  -000,25.343,0,0,0,0,0,0,0,0,1,0,0,1,0,1
2244,72792699,KSP0900,22-309068,20220810,2155,,KY194,,,KY0194,KY0194,0,098 KY-194,KY0194,N,N,NULL,NULL,NULL,N,NULL,NULL,NULL,NULL,NULL,NULL,24.81,NULL,NULL,NULL,NULL,,NULL,0,0,1,1,N,N,55,NULL,98,9817,NULL,,Y,37.51925,-82.36244,N,NULL,NULL,NULL,NULL,NULL,NULL,NULL,NULL,9,5,2,3,1,5,6,6,7,3,N,NULL,Y,N,2155,2250,2310,N,NULL,44,6,0,N,,N,N,098-KY-0194-0,NULL,NULL,2022,O,7.28E+11,098-KY-0194  -000,HIGH,098-KY-0194  -000,24.81,0,0,1,0,0,0,0,0,0,0,0,1,0,0
2245,72681116,980100,2.02E+11,20211010,1337,,HAMBLEY,,BLVD,,,0,098 CS-1222,CS1222,N,N,NULL,NULL,NULL,N,NULL,NULL,NULL,NULL,NULL,NULL,0.151,NULL,NULL,NULL,NULL,,NULL,0,0,2,2,N,N,25,NULL,98,9801,NULL,,Y,37.47484,-82.52477,N,NULL,NULL,NULL,NULL,NULL,NULL,NULL,NULL,7,7,3,6,1,1,2,2,6,3,N,NULL,Y,N,1337,1337,,N,NULL,47,,,Y,,N,N,098-CS-1222-0,NULL,NULL,2021,O,7.27E+11,098-CS-1222  -000,HIGH,098-CS-1222  -000,0.151,0,0,0,0,0,0,0,0,1,0,0,0,0,1
2246,72854524,980100,2.02E+11,20230115,1524,,CASSIDY,,BLVD,,,,,,Y,N,NULL,NULL,NULL,N,NULL,NULL,NULL,NULL,NULL,NULL,0.394,NULL,NULL,NULL,NULL,,NULL,0,0,2,2,Y,Y,15,NULL,98,9801,NULL,,Y,37.50437,-82.53822,N,NULL,NULL,NULL,NULL,NULL,NULL,NULL,NULL,2,97,1,6,1,1,2,2,1,3,N,NULL,Y,N,1524,1536,,N,NULL,90,,,N,,N,N,,NULL,NULL,2023,O,7.29E+11,098-CS-1191  -000,MEDIUM,098-CS-1191  -000,0.412,0,0,0,0,0,0,0,0,0,1,0,0,0,1
2247,72720985,980100,2.02E+11,20220108,1400,,US460,,,US0460,US0460,0,098 US-460,US0460,Y,N,NULL,NULL,NULL,N,NULL,NULL,NULL,NULL,NULL,NULL,0.161,NULL,NULL,NULL,NULL,,NULL,0,0,2,2,N,N,15,NULL,98,9801,NULL,,Y,37.44011,-82.50877,N,NULL,NULL,NULL,NULL,NULL,NULL,NULL,NULL,2,97,2,6,1,1,2,2,1,3,N,NULL,Y,N,1352,1358,,N,NULL,90,,1,N,,N,N,098-US-0460-0,NULL,NULL,2022,O,7.27E+11,098-US-0460  -000,HIGH,098-US-0460  -000,0.161,0,0,0,1,0,0,1,0,0,0,0,0,0,1
2248,72873402,KSP0900,23-90756,20230308,1900,,FOREST HILLS,,RD,KY0308,KY0308,0,098 KY-308,KY0308,N,N,NULL,NULL,NULL,N,NULL,NULL,NULL,NULL,NULL,NULL,2.686,NULL,NULL,NULL,NULL,,NULL,0,0,2,2,N,N,35,NULL,98,9885,NULL,,Y,37.64825,-82.26774,N,NULL,NULL,NULL,NULL,NULL,NULL,NULL,NULL,4,3,2,4,1,1,2,5,7,3,N,NULL,Y,N,1900,1938,1940,N,NULL,70,8,0,N,,N,N,098-KY-0308-0,NULL,NULL,2023,O,7.29E+11,098-KY-0308  -000,HIGH,098-KY-0308  -000,2.686,0,0,0,1,0,0,1,0,0,0,0,0,0,0
2249,72765832,370200,22-193623,20220525,1038,,ELKHORN,,CRK,KY0197,KY0197,0,098 KY-197,KY0197,N,N,NULL,NULL,NULL,N,NULL,NULL,NULL,NULL,NULL,NULL,7.35,NULL,NULL,NULL,NULL,,NULL,0,0,1,1,N,N,55,NULL,98,9864,NULL,,Y,37.25853,-82.46786,N,NULL,NULL,NULL,NULL,NULL,NULL,NULL,NULL,9,3,2,3,1,1,2,2,1,3,N,NULL,Y,N,1038,1117,1200,N,NULL,70,7,0,N,,N,N,098-KY-0197-0,NULL,NULL,2022,O,7.28E+11,098-KY-0197  -000,HIGH,098-KY-0197  -000,7.35,0,1,0,0,0,0,0,0,0,0,0,0,0,0
2250,72594864,KSP0900,21-52027,20210208,1603,,US460,,,US0460,US0460,0,098 US-460,US0460,N,N,NULL,NULL,NULL,N,NULL,NULL,NULL,NULL,NULL,NULL,5.341,NULL,NULL,NULL,NULL,,NULL,0,0,1,1,N,N,45,NULL,98,9832,NULL,,Y,37.40818,-82.44508,N,NULL,NULL,NULL,NULL,NULL,NULL,NULL,NULL,9,3,2,1,1,1,2,2,7,3,N,NULL,Y,N,1606,1625,,N,NULL,70,,1,N,,N,N,098-US-0460-0,NULL,NULL,2021,O,7.26E+11,098-US-0460  -000,HIGH,098-US-0460  -000,5.341,0,0,0,0,0,0,0,0,0,0,0,1,0,0
2251,72602011,KSP1300,21-89462,20210306,1145,,US23,,,US0023,US0023,0,098 US-23,US0023,N,N,NULL,NULL,NULL,N,NULL,NULL,NULL,NULL,NULL,NULL,2.271,NULL,NULL,NULL,NULL,,NULL,3,0,4,1,N,N,55,NULL,98,9809,NULL,,Y,37.26979,-82.61008,N,NULL,NULL,NULL,NULL,NULL,NULL,NULL,NULL,1,3,4,1,1,1,2,2,7,3,Y,NULL,Y,Y,1145,1145,1245,N,NULL,55,,1,N,,N,N,098-US-0023-0,NULL,NULL,2021,A,7.26E+11,098-US-0023  -000,HIGH,098-US-0023  -000,2.271,0,0,0,1,0,0,1,1,0,0,0,0,0,0
2252,72646764,370200,2021-289300,20210713,738,,US23,,,US0023,US0023,0,098 US-23,US0023,N,N,NULL,NULL,NULL,N,NULL,NULL,NULL,NULL,NULL,NULL,28.522,NULL,NULL,NULL,NULL,,NULL,0,0,1,1,N,N,55,NULL,98,9807,NULL,,Y,37.519,-82.56615,N,NULL,NULL,NULL,NULL,NULL,NULL,NULL,NULL,9,3,4,6,1,1,2,2,1,3,N,NULL,Y,N,742,750,935,Y,NULL,40,,1,N,,N,N,098-US-0023-0,NULL,NULL,2021,O,7.26E+11,098-US-0023  -000,HIGH,098-US-0023  -000,28.522,0,1,0,0,0,0,0,0,0,0,0,1,0,0
2253,72774102,KSP0900,22-229852,20220618,1448,,OAK,E,ST,,,0,098 CR-1822D,CR1822D,N,N,NULL,NULL,NULL,N,NULL,NULL,NULL,NULL,NULL,NULL,0.034,NULL,NULL,NULL,NULL,,NULL,0,0,2,2,N,N,10,NULL,98,9811,NULL,,Y,37.56391,-82.13945,N,NULL,NULL,NULL,NULL,NULL,NULL,NULL,NULL,2,97,1,6,1,1,2,2,7,3,N,NULL,N,N,1448,1530,1530,N,NULL,47,,,N,,N,N,098-CR-1822D-0,NULL,NULL,2022,O,7.28E+11,098-CR-1822D -000,HIGH,098-CR-1822D -000,0.034,0,0,0,0,0,0,0,0,0,0,0,0,0,0
2254,72614471,KSP0900,21-150951,20210415,1701,,US119,,,US0119,US0119,0,098 US-119-10,US0119,N,N,NULL,NULL,NULL,N,NULL,NULL,NULL,NULL,NULL,NULL,21.996,NULL,NULL,NULL,NULL,,NULL,0,0,3,3,N,N,55,NULL,98,9836,NULL,,Y,37.63314,-82.26209,N,NULL,NULL,NULL,NULL,NULL,NULL,NULL,NULL,1,3,2,6,1,1,2,2,7,3,N,NULL,Y,N,1701,1705,1800,N,NULL,55,2,1,N,,N,N,098-US-0119-10,NULL,NULL,2021,O,7.26E+11,098-US-0119  -010,HIGH,098-US-0119  -000,21.996,0,0,0,0,0,0,1,0,0,0,0,0,0,0
2255,72737739,KSP0900,22-52523,20220212,1442,,TOLER,,RD,KY0319,KY0319,0,098 KY-319,KY0319,N,N,NULL,NULL,NULL,N,NULL,NULL,NULL,NULL,NULL,NULL,3.724,NULL,NULL,NULL,NULL,,NULL,0,0,1,1,N,N,55,NULL,98,9842,NULL,,Y,37.60785,-82.22855,N,NULL,NULL,NULL,NULL,NULL,NULL,NULL,NULL,9,3,2,6,1,1,2,2,7,3,N,NULL,Y,N,1444,1444,1444,N,NULL,38,7,0,N,,N,N,098-KY-0319-0,NULL,NULL,2022,O,7.27E+11,098-KY-0319  -000,HIGH,098-KY-0319  -000,3.724,0,0,0,0,0,0,0,0,0,0,0,0,0,0
2256,72444988,980100,2.02E+11,20191127,1442,,US23,,,US0023,US0023,0,098 US-23,US0023,N,Y,MAYO,,CIR,N,NULL,NULL,NULL,NULL,NULL,NULL,22.509,NULL,NULL,NULL,NULL,,NULL,5,0,2,2,N,N,55,NULL,98,9801,NULL,,Y,37.46392,-82.51894,N,NULL,NULL,NULL,NULL,NULL,NULL,NULL,NULL,5,3,4,6,1,1,2,2,1,3,Y,NULL,Y,Y,1444,1448,1529,Y,NULL,35,,1,N,,N,N,098-US-0023-0,NULL,NULL,2019,C,7.24E+11,098-US-0023  -000,HIGH,098-US-0023  -000,22.509,0,0,0,0,0,0,1,0,0,0,1,0,0,1
2257,72555660,370200,2020-739948,20201013,1450,,KY80,,,KY0080,KY0080,0,098 KY-80,KY0080,N,N,NULL,NULL,NULL,N,NULL,NULL,NULL,NULL,NULL,NULL,6.25,NULL,NULL,NULL,NULL,,NULL,0,0,2,2,N,N,45,NULL,98,9802,NULL,,Y,37.29723,-82.31319,N,NULL,NULL,NULL,NULL,NULL,NULL,NULL,NULL,7,3,2,1,1,1,2,2,7,3,N,NULL,Y,N,1450,1553,1553,N,NULL,54,7,0,N,,N,N,098-KY-0080-0,NULL,NULL,2020,O,7.26E+11,098-KY-0080  -000,HIGH,098-KY-0080  -000,6.25,0,1,1,0,0,0,0,0,0,0,0,1,0,0
2258,72738949,980100,2.02E+11,20220305,2001,,US23,,,US0023,US0023,0,098 US-23,US0023,N,N,NULL,NULL,NULL,N,NULL,NULL,NULL,NULL,NULL,NULL,12.469,NULL,NULL,NULL,NULL,,NULL,1,0,1,1,N,N,35,NULL,98,9801,6,S,N,37.36767,-82.54806,N,NULL,NULL,NULL,NULL,NULL,NULL,NULL,NULL,9,5,4,3,1,1,2,6,7,3,Y,NULL,Y,Y,2001,2001,2031,N,NULL,40,,1,N,,N,N,098-US-0023-0,NULL,NULL,2022,B,7.27E+11,098-US-0023  -000,HIGH,098-US-0023  -000,12.469,0,0,0,0,0,0,0,0,0,1,0,1,0,0
2259,72589608,KSP0900,21-33719,20210126,1045,,COLLINS,,HWY,KY0122,KY0122,0,098 KY-122,KY0122,N,N,NULL,NULL,NULL,N,NULL,NULL,NULL,NULL,NULL,NULL,14.886,NULL,NULL,NULL,NULL,,NULL,0,0,2,2,N,N,55,NULL,98,9801,NULL,,Y,37.4145,-82.49699,N,NULL,NULL,NULL,NULL,NULL,NULL,NULL,NULL,5,3,2,6,1,1,2,2,7,3,N,NULL,Y,N,950,1001,1001,N,NULL,49,,0,N,,N,N,098-KY-0122-0,NULL,NULL,2021,O,7.26E+11,098-KY-0122  -000,HIGH,098-KY-0122  -000,14.886,0,0,0,0,0,0,1,1,0,0,0,0,0,0
2260,72567584,KSP0900,20-798940,20201122,1412,,FISHTRAP LAKE,,RD,,,,,,Y,N,NULL,NULL,NULL,N,NULL,NULL,NULL,NULL,NULL,NULL,0.176,NULL,NULL,NULL,NULL,,NULL,0,0,2,2,N,N,,NULL,98,9849,NULL,,Y,37.43668,-82.34475,N,NULL,NULL,NULL,NULL,NULL,NULL,NULL,NULL,2,97,,6,3,1,2,2,4,3,N,NULL,Y,N,1504,1515,,N,NULL,90,,,N,,N,N,,NULL,NULL,2020,O,7.26E+11,098-CR-1137  -000,MEDIUM,098-CR-1137  -000,0.176,0,0,0,1,0,0,1,0,0,0,0,0,0,0
2261,72659575,980100,2.02E+11,20210720,1711,,RIVER,,DR,,,0,098 CS-1054,CS1054,Y,N,NULL,NULL,NULL,N,NULL,NULL,NULL,NULL,NULL,NULL,0.077,NULL,NULL,NULL,NULL,,NULL,0,0,1,1,N,N,,NULL,98,9801,NULL,,Y,37.47365,-82.52268,N,NULL,NULL,NULL,NULL,NULL,NULL,NULL,NULL,9,97,,6,1,1,2,2,1,3,N,NULL,Y,N,1711,1712,,N,NULL,90,,,N,,N,N,098-CS-1054-0,NULL,NULL,2021,O,7.27E+11,098-CS-1054  -000,HIGH,098-CS-1054  -000,0.077,0,0,0,0,0,0,0,0,0,0,0,0,0,1
2262,72530485,980500,2020AR039,20200811,1748,,COUNTRY MUSIC HIGHWAY,,RD,,,0,098 CS-3026-30,CS3026,N,N,NULL,NULL,NULL,N,NULL,NULL,NULL,NULL,NULL,NULL,,NULL,NULL,NULL,NULL,NULL,NULL,0,0,2,2,N,N,45,NULL,98,9807,NULL,,Y,37.52239,-82.57069,N,NULL,NULL,NULL,NULL,NULL,NULL,NULL,NULL,5,3,6,5,1,1,2,2,7,2,N,NULL,Y,Y,1750,1756,1759,N,NULL,49,,,N,,N,N,098-CS-3026-30,NULL,NULL,2020,O,7.25E+11,098-CS-3026  -030,HIGH,098-CS-3026  -030,0.004,0,0,0,0,0,0,1,0,0,0,0,0,0,0
2263,72630963,980100,2.02E+11,20210531,1603,,SAAD,,AVE,,,0,098 CS-1165,CS1165,Y,N,NULL,NULL,NULL,N,NULL,NULL,NULL,NULL,NULL,NULL,0.07,NULL,NULL,NULL,NULL,,NULL,0,0,2,2,N,N,10,NULL,98,9801,NULL,,Y,37.48257,-82.5199,N,NULL,NULL,NULL,NULL,NULL,NULL,NULL,NULL,8,97,,6,1,1,2,2,6,3,N,NULL,Y,N,1603,1609,1618,N,NULL,90,,,N,,N,N,098-CS-1165-0,NULL,NULL,2021,O,7.26E+11,098-CS-1165  -000,HIGH,098-CS-1165  -000,0.07,0,0,0,1,0,0,0,0,0,0,0,0,0,1
2264,72486536,370200,2020-07533,20200226,1200,,UPPER JOHNS,,CRK,KY0632,KY0632,,,,N,N,NULL,NULL,NULL,N,NULL,NULL,NULL,NULL,NULL,NULL,2.338,NULL,NULL,NULL,NULL,,NULL,1,0,1,1,N,N,55,NULL,98,9817,NULL,,Y,37.48935,-82.31738,N,NULL,NULL,NULL,NULL,NULL,NULL,NULL,NULL,9,5,2,3,1,1,3,2,7,3,Y,NULL,Y,Y,1203,1246,1600,N,NULL,40,6,0,N,,N,N,,NULL,NULL,2020,B,7.25E+11,098-KY-0632  -000,MEDIUM,098-KY-0632  -000,2.338,0,1,0,0,0,0,1,0,0,1,0,1,0,0
2265,72805570,980100,2.02E+11,20220914,559,,US23,,,US0023,US0023,0,098 US-23,US0023,N,N,NULL,NULL,NULL,N,NULL,NULL,NULL,NULL,NULL,NULL,26.203,NULL,NULL,NULL,NULL,,NULL,0,0,2,2,N,N,55,NULL,98,9801,NULL,,Y,37.50252,-82.532,N,NULL,NULL,NULL,NULL,NULL,NULL,NULL,NULL,8,3,4,6,1,1,2,6,7,3,N,NULL,Y,N,559,603,603,N,NULL,53,,1,N,,N,N,098-US-0023-0,NULL,NULL,2022,O,7.28E+11,098-US-0023  -000,HIGH,098-US-0023  -000,26.203,0,0,1,0,0,0,0,0,0,0,0,1,0,1
2266,72738214,KSP0900,2022-62249,20220219,2130,,FALLS BRANCH,,RD,,,0,098 CR-1011,CR1011,N,N,NULL,NULL,NULL,N,NULL,NULL,NULL,NULL,NULL,NULL,0.334,NULL,NULL,NULL,NULL,,NULL,0,0,1,1,N,N,15,NULL,98,9834,0,N,N,37.68551,-82.30405,N,NULL,NULL,NULL,NULL,NULL,NULL,NULL,NULL,9,97,1,6,1,1,2,6,6,3,N,NULL,Y,Y,2132,2230,2230,Y,NULL,40,,,Y,,N,N,098-CR-1011-0,NULL,NULL,2022,O,7.27E+11,098-CR-1011  -000,HIGH,098-CR-1011  -000,0.334,0,0,0,0,0,0,0,0,0,1,0,1,0,0
2267,72829514,KSP0900,22-428910,20221107,1700,,US119,,,US0119,US0119,0,098 US-119,US0119,N,N,NULL,NULL,NULL,N,NULL,NULL,NULL,NULL,NULL,NULL,12.558,NULL,NULL,NULL,NULL,,NULL,1,0,2,2,N,N,55,NULL,98,9820,NULL,,Y,37.60283,-82.37001,N,NULL,NULL,NULL,NULL,NULL,NULL,NULL,NULL,5,3,2,5,1,1,2,2,7,3,N,NULL,Y,Y,1700,1700,1700,N,NULL,49,2,1,N,,N,N,098-US-0119-0,NULL,NULL,2022,B,7.28E+11,098-US-0119  -000,HIGH,098-US-0119  -000,12.558,0,0,0,0,0,0,0,0,0,0,0,0,0,0
2268,72632769,KSP0900,21-227626,20210604,228,,US23,,,US0023,US0023,0,098 US-23-10,US0023,N,N,NULL,NULL,NULL,N,NULL,NULL,NULL,NULL,NULL,NULL,26.402,NULL,NULL,NULL,NULL,,NULL,1,0,1,1,N,N,55,NULL,98,9801,NULL,,Y,37.50529,-82.53271,N,NULL,NULL,NULL,NULL,NULL,NULL,NULL,NULL,9,3,4,6,1,1,2,5,7,3,Y,NULL,N,Y,228,228,240,N,NULL,70,,1,N,,N,N,098-US-0023-10,NULL,NULL,2021,C,7.26E+11,098-US-0023  -010,HIGH,098-US-0023  -000,26.402,0,0,0,0,0,0,0,0,1,1,0,1,0,1
2269,72530061,980500,2020AR038,20200810,1233,,COUNTRY MUSIC HIGHWAY,,,,,,,,N,N,NULL,NULL,NULL,N,NULL,NULL,NULL,NULL,NULL,NULL,,NULL,NULL,NULL,NULL,NULL,NULL,0,0,2,2,N,N,45,NULL,98,9807,NULL,,Y,37.52248,-82.57063,N,NULL,NULL,NULL,NULL,NULL,NULL,NULL,NULL,1,3,6,6,1,1,2,2,7,3,N,NULL,Y,Y,1233,1236,1241,N,NULL,55,,,N,,N,N,,NULL,NULL,2020,O,7.25E+11,098-US-0023  -000,MEDIUM,098-US-0023  -000,28.882,0,0,0,1,0,0,0,0,0,0,0,0,0,0
2270,72725301,KSP0900,2022-34591,20220128,2000,,BIG CREEK,,RD,KY0468,KY0468,0,098 KY-468,KY0468,N,N,NULL,NULL,NULL,N,NULL,NULL,NULL,NULL,NULL,NULL,0.534,NULL,NULL,NULL,NULL,,NULL,0,0,1,1,N,N,55,NULL,98,9833,NULL,,Y,37.62614,-82.35841,N,NULL,NULL,NULL,NULL,NULL,NULL,NULL,NULL,9,3,2,1,1,4,9,6,7,3,N,NULL,Y,N,2000,2030,2100,N,NULL,44,8,0,N,,N,N,098-KY-0468-0,NULL,NULL,2022,O,7.27E+11,098-KY-0468  -000,HIGH,098-KY-0468  -000,0.534,0,0,1,0,0,0,0,0,0,0,0,1,0,0
2271,72798933,980100,2.02E+11,20220806,925,,OWSLEY,,RD,KY1384,KY1384,0,098 KY-1384,KY1384,N,N,NULL,NULL,NULL,N,NULL,NULL,NULL,NULL,NULL,NULL,5.957,NULL,NULL,NULL,NULL,,NULL,0,0,1,1,Y,N,35,NULL,98,9801,NULL,,Y,37.47704,-82.55663,N,NULL,NULL,NULL,NULL,NULL,NULL,NULL,NULL,9,3,2,6,1,1,2,7,1,3,N,NULL,N,N,925,928,,Y,NULL,70,17,0,N,,N,N,098-KY-1384-0,NULL,NULL,2022,O,7.28E+11,098-KY-1384  -000,HIGH,098-KY-1384  -000,5.957,0,0,0,0,0,0,0,0,0,0,0,0,0,1
2272,72600339,980100,2.02E+11,20210305,1039,,BYPASS,,RD,,,0,098 CS-1223,CS1223,Y,N,NULL,NULL,NULL,N,NULL,NULL,NULL,NULL,NULL,NULL,,NULL,NULL,NULL,NULL,NULL,NULL,0,0,1,1,N,N,,NULL,98,9801,NULL,,Y,37.47128,-82.52117,N,NULL,NULL,NULL,NULL,NULL,NULL,NULL,NULL,9,97,1,6,2,1,2,2,1,3,N,NULL,Y,N,1042,1045,1045,Y,NULL,90,,,N,,N,N,098-CS-1223-0,NULL,NULL,2021,O,7.26E+11,098-CS-1223  -000,HIGH,098-CS-1223  -000,0.135,0,0,0,1,0,0,0,0,0,0,0,1,0,1
2273,72772041,980100,2.02E+11,20220604,1210,,US23,,,US0023,US0023,0,098 US-23-10,US0023,N,N,NULL,NULL,NULL,N,NULL,NULL,NULL,NULL,NULL,NULL,27.393,NULL,NULL,NULL,NULL,,NULL,0,0,2,2,Y,N,55,NULL,98,9807,NULL,,Y,37.51088,-82.54909,N,NULL,NULL,NULL,NULL,NULL,NULL,NULL,NULL,5,3,4,6,1,1,2,2,7,3,N,NULL,N,N,1210,1214,1214,N,NULL,49,,1,N,,N,N,098-US-0023-10,NULL,NULL,2022,O,7.28E+11,098-US-0023  -010,HIGH,098-US-0023  -000,27.393,1,0,0,1,0,0,1,0,0,0,0,1,0,1
2274,72506973,KSP0900,20-17805,20200513,713,,US119,,,US0119,US0119,0,098 US-119-10,US0119,N,N,NULL,NULL,NULL,N,NULL,NULL,NULL,NULL,NULL,NULL,4.338,NULL,NULL,NULL,NULL,,NULL,0,0,2,2,N,N,55,NULL,98,9828,NULL,,Y,37.51707,-82.45884,N,NULL,NULL,NULL,NULL,NULL,NULL,NULL,NULL,5,3,2,1,1,1,3,2,7,3,N,NULL,Y,N,715,743,715,N,NULL,49,2,1,N,,N,N,098-US-0119-10,NULL,NULL,2020,O,7.25E+11,098-US-0119  -010,HIGH,098-US-0119  -000,4.338,0,1,0,0,0,0,1,0,0,0,0,0,0,0
2275,72618481,980000, 21-04-004,20210327,1520,,27678 ROSEBUD LANE INTERSECTION,,,,,,,,N,Y,US119N,,,N,NULL,NULL,NULL,NULL,NULL,NULL,,NULL,NULL,NULL,NULL,NULL,NULL,0,0,2,2,N,N,45,NULL,98,9836,4,N,N,37.64832,-82.26765,N,NULL,NULL,NULL,NULL,NULL,NULL,NULL,NULL,5,3,4,6,1,1,2,2,7,3,N,NULL,Y,Y,1535,1540,,N,NULL,13,,,N,,N,N,,NULL,NULL,2021,O,7.26E+11,098-US-0119  -010,MEDIUM,098-US-0119  -000,23.471,0,0,0,0,0,0,1,0,0,0,1,0,0,0
2276,72500059,KSP0900,20-17281,20200508,1554,,US460,,,US0460,US0460,0,098 US-460,US0460,N,N,NULL,NULL,NULL,N,NULL,NULL,NULL,NULL,NULL,NULL,12.877,NULL,NULL,NULL,NULL,,NULL,0,0,1,1,N,N,55,NULL,98,9802,NULL,,Y,37.33816,-82.39335,N,NULL,NULL,NULL,NULL,NULL,NULL,NULL,NULL,9,4,2,6,1,5,6,2,7,3,N,NULL,N,N,1554,1628,1628,N,NULL,40,,1,N,,N,N,098-US-0460-0,NULL,NULL,2020,O,7.25E+11,098-US-0460  -000,HIGH,098-US-0460  -000,12.877,0,0,0,0,0,0,0,0,0,0,0,1,0,0
2277,72646363,KSP0900,21-283782,20210709,1805,,US119,,,US0119,US0119,0,098 US-119,US0119,Y,N,NULL,NULL,NULL,N,NULL,NULL,NULL,NULL,NULL,NULL,21.955,NULL,NULL,NULL,NULL,,NULL,0,0,2,2,Y,N,55,NULL,98,9836,NULL,,Y,37.63337,-82.26228,N,NULL,NULL,NULL,NULL,NULL,NULL,NULL,NULL,2,7,2,6,1,1,2,2,7,3,N,NULL,N,Y,1805,1835,1845,N,NULL,90,2,1,N,,N,N,098-US-0119-0,NULL,NULL,2021,O,7.26E+11,098-US-0119  -000,HIGH,098-US-0119  -000,21.955,0,0,0,0,0,0,0,0,0,1,0,0,0,0
2278,72680120,980000,21-10-001,20211007,1030,,KY195,,,KY0195,KY0195,0,098 KY-195,KY0195,N,N,NULL,NULL,NULL,N,NULL,NULL,NULL,NULL,NULL,NULL,6.695,NULL,NULL,NULL,NULL,,NULL,0,0,1,1,N,N,35,NULL,98,9861,NULL,,Y,37.32686,-82.45592,N,NULL,NULL,NULL,NULL,NULL,NULL,NULL,NULL,9,3,2,3,1,1,2,2,7,3,N,NULL,Y,Y,1030,1043,1100,N,NULL,70,7,0,N,,N,N,098-KY-0195-0,NULL,NULL,2021,O,7.27E+11,098-KY-0195  -000,HIGH,098-KY-0195  -000,6.695,0,0,0,0,0,0,1,0,0,0,0,1,0,0