OBJECTID,MasterFile,AgencyORINumber,LocalCode,CollisionDate,CollisionTime,CollisionDayWeekCode,RoadwayName,RoadwayName_Direction_,RoadwayName_RoadwaySuffix_,RoadwayfromReport,CurrentRoadwayNumber,RoadwayNumberCoupletID,RSEUniqueGIS,RoadwayIdentifier,ParkingLotIndicator,IntersectionWith_Indicator_,IntersectionWith_NameRoadway_,IntersectionWith_Direction_,IntersectionWith_RoadwaySuffix_,BetweenStreets_Indicator_,BetweenStreets1_NameRoadway_,BetweenStreet1_Direction_,BetweenStreets1_RoadwaySuffix_,BetweenStreets2_NameRoadway_,BetweenStreets2_Direction_,BetweenStreets2_RoadwaySuffix_,Milepoint,ReportMilepointDeriveNumber,CurrentDerivedMiepointNumber,MilestoMilepoint,FeettoMilepoint,DirectionfromMilepoint_NSEW_,ValidMilepointIndicator,NumberInjured,NumberKilled,ofUnits,ofMotorVehicleUnits,Hit&RunIndicator,OneWayIndicator,SpeedLimitNumber,KilometersIndicator,CountyCode,CityCountyCode,MilesFromCity,DirectionFromCity_NSEW_,InCityLimitsIndicator,Latitude,Longitude,RampIndicator,RampFromIdentifier,RampFromDirCode,RampFromCoupletID,RSEUniqueGISRampFrom,RampToidentifier,RampToDirCode,RampToCoupletID,RSEUniqueGisRampTo,MannerofCollisionCode,LocationFirstEventCode,TotalLanes,RoadwayCharacterCode,RoadwaySurfaceCode,RoadwayConditionCode,WeatherCode,LightConditionCode,LandUseCode,SchoolBusRelatedCode,FirstAidSceneIndicator,CollDescPresentInd,InvestigationCompleteIndicator,PhotosTakenIndicator,TimeNotified,TimeArrived,TimeRoadwayOpened,PropertyDamageIndicator,DiagramPresentIndicator,DirectionalAnalysis,FunctionClassCode,NationalHwySysCode,EnforcementsIndicator,KARSCityCode,SecondaryCollisionIndicator,MedianCrossoverIndicator,RT_UNIQUE,MapIt,TimeLastLeft,YR,KABCO,MFNY,WorkingRID,RT_CONFIDENCE,KTC_RT,KTC_MP,Motorcyclist,Commercial Vehicle,Young Driver,Mature Driver,Pedestrian,Bicyclist,Distracted,Aggressive,Impaired,Unrestrained,Intersection,Roadway Departure,Median Cross-over,City Crash
2279,72607308,980100,2.02E+11,20210326,1025,,KY1426,,,KY1426,KY1426,0,098 KY-1426,KY1426,Y,N,NULL,NULL,NULL,N,NULL,NULL,NULL,NULL,NULL,NULL,7.285,NULL,NULL,NULL,NULL,,NULL,0,0,2,2,N,N,10,NULL,98,9801,NULL,,Y,37.48957,-82.50407,N,NULL,NULL,NULL,NULL,NULL,NULL,NULL,NULL,2,97,2,6,1,1,2,2,1,3,N,NULL,Y,N,1025,1032,1044,N,NULL,90,,0,N,,N,N,098-KY-1426-0,NULL,NULL,2021,O,7.26E+11,098-KY-1426  -000,HIGH,098-KY-1426  -000,7.285,0,0,0,0,0,0,1,0,0,0,0,0,0,1
2280,72781501,980100,2.02E+11,20220710,1639,,CASSIDY,,BLVD,,,,,,Y,N,NULL,NULL,NULL,N,NULL,NULL,NULL,NULL,NULL,NULL,0.337,NULL,NULL,NULL,NULL,,NULL,0,0,2,2,N,N,15,NULL,98,9801,NULL,,Y,37.50555,-82.53785,N,NULL,NULL,NULL,NULL,NULL,NULL,NULL,NULL,6,97,2,6,1,1,2,2,1,3,N,NULL,Y,N,1639,1647,,N,NULL,90,,,N,,N,N,,NULL,NULL,2022,O,7.28E+11,098-CS-1191  -000,MEDIUM,098-CS-1191  -000,0.337,0,0,0,0,0,0,1,0,0,0,0,0,0,1
2281,72536293,980500,2020AR044,20200827,1639,,US23,,,US0023,US0023,0,098 US-23,US0023,N,N,NULL,NULL,NULL,N,NULL,NULL,NULL,NULL,NULL,NULL,28.877,NULL,NULL,NULL,NULL,,NULL,0,0,2,2,N,N,45,NULL,98,9807,NULL,,Y,37.5225,-82.57062,N,NULL,NULL,NULL,NULL,NULL,NULL,NULL,NULL,1,3,4,6,1,1,3,2,7,3,N,NULL,Y,Y,1639,1642,1655,N,NULL,55,,1,N,,N,N,098-US-0023-0,NULL,NULL,2020,O,7.25E+11,098-US-0023  -000,HIGH,098-US-0023  -000,28.877,0,0,0,1,0,0,0,0,0,0,0,0,0,0
2282,72506557,980500,2020AR031,20200601,1417,,MAIN,,ST,,,0,098 CS-3000,CS3000,Y,N,NULL,NULL,NULL,N,NULL,NULL,NULL,NULL,NULL,NULL,0.419,NULL,NULL,NULL,NULL,,NULL,0,0,2,2,N,N,15,NULL,98,9807,NULL,,Y,37.51996,-82.56911,N,NULL,NULL,NULL,NULL,NULL,NULL,NULL,NULL,8,97,1,6,1,1,2,2,1,3,N,NULL,Y,N,1425,1427,1427,N,NULL,90,,,N,,N,N,098-CS-3000-0,NULL,NULL,2020,O,7.25E+11,098-CS-3000  -000,HIGH,098-CS-3000  -000,0.419,0,0,0,0,0,0,0,0,0,0,0,0,0,0
2283,72565841,KSP0900,20-780436,20201110,850,,CHURCH,,ST,,,0,098 CS-3002,CS3002,Y,N,NULL,NULL,NULL,N,NULL,NULL,NULL,NULL,NULL,NULL,0.24,NULL,NULL,NULL,NULL,,NULL,0,0,2,2,N,N,15,NULL,98,9807,NULL,,Y,37.51741,-82.56655,N,NULL,NULL,NULL,NULL,NULL,NULL,NULL,NULL,1,97,2,6,2,1,2,2,1,3,N,NULL,Y,N,850,910,910,N,NULL,90,,,N,,N,N,098-CS-3002-0,NULL,NULL,2020,O,7.26E+11,098-CS-3002  -000,HIGH,098-CS-3002  -000,0.24,0,0,0,0,0,0,0,1,0,0,0,0,0,0
2284,72766824,980100,2.02E+11,20220523,1739,,THOMPSON,,RD,,,0,098 CS-1215,CS1215,N,N,NULL,NULL,NULL,N,NULL,NULL,NULL,NULL,NULL,NULL,0.044,NULL,NULL,NULL,NULL,,NULL,0,0,2,2,N,N,35,NULL,98,9801,NULL,,Y,37.51016,-82.54824,N,NULL,NULL,NULL,NULL,NULL,NULL,NULL,NULL,5,3,2,6,1,5,6,2,1,3,N,NULL,Y,N,1715,1720,1720,N,NULL,49,,,Y,,N,N,098-CS-1215-0,NULL,NULL,2022,O,7.28E+11,098-CS-1215  -000,HIGH,098-CS-1215  -000,0.044,0,0,0,1,0,0,1,0,0,0,0,0,0,1
2285,72580336,KSP0900,2020-734907,20201009,2000,,DORTON HILL,,RD,,,0,098 CR-1929,CR1929,N,N,NULL,NULL,NULL,N,NULL,NULL,NULL,NULL,NULL,NULL,0.124,NULL,NULL,NULL,NULL,,NULL,1,0,1,1,N,N,35,NULL,98,9809,NULL,,Y,37.29828,-82.54679,N,NULL,NULL,NULL,NULL,NULL,NULL,NULL,NULL,9,3,1,6,3,5,6,5,7,3,Y,NULL,N,N,2000,2045,,N,NULL,70,,,N,,N,N,098-CR-1929-0,NULL,NULL,2020,B,7.26E+11,098-CR-1929  -000,HIGH,098-CR-1929  -000,0.124,0,0,1,0,0,0,0,0,0,0,0,1,0,0
2286,72666289,980200,980200,20210902,1703,,KY197,,,KY0197,KY0197,0,098 KY-197,KY0197,N,N,NULL,NULL,NULL,N,NULL,NULL,NULL,NULL,NULL,NULL,15.972,NULL,NULL,NULL,NULL,,NULL,0,0,1,1,N,N,35,NULL,98,9802,NULL,,Y,37.29684,-82.35711,N,NULL,NULL,NULL,NULL,NULL,NULL,NULL,NULL,9,6,2,3,1,1,2,2,7,3,N,NULL,N,Y,1703,1710,1820,N,NULL,51,7,0,N,,N,Y,098-KY-0197-0,NULL,NULL,2021,O,7.27E+11,098-KY-0197  -000,HIGH,098-KY-0197  -000,15.972,0,0,0,0,0,0,0,0,0,0,0,1,0,0
2287,72550339,KSP0900,20-712636,20200924,1515,,US119,,,US0119,US0119,0,098 US-119,US0119,N,N,NULL,NULL,NULL,N,NULL,NULL,NULL,NULL,NULL,NULL,20.84,NULL,NULL,NULL,NULL,,NULL,1,0,2,2,N,N,35,NULL,98,9836,NULL,,Y,37.61942,-82.26864,N,NULL,NULL,NULL,NULL,NULL,NULL,NULL,NULL,1,3,2,6,1,1,2,2,7,3,Y,NULL,Y,Y,1515,1530,1600,N,NULL,55,2,1,Y,,N,N,098-US-0119-0,NULL,NULL,2020,C,7.26E+11,098-US-0119  -000,HIGH,098-US-0119  -000,20.84,0,0,0,1,0,0,1,0,1,0,0,0,0,0
2288,72594988,980100,2.02E+11,20210216,747,,US23,,,US0023,US0023,0,098 US-23,US0023,N,N,NULL,NULL,NULL,N,NULL,NULL,NULL,NULL,NULL,NULL,23.704,NULL,NULL,NULL,NULL,,NULL,0,0,1,1,N,N,55,NULL,98,9801,NULL,,Y,37.47272,-82.53463,N,NULL,NULL,NULL,NULL,NULL,NULL,NULL,NULL,9,5,4,6,1,2,3,2,7,3,N,NULL,Y,N,747,750,800,N,NULL,40,,1,N,,N,N,098-US-0023-0,NULL,NULL,2021,O,7.26E+11,098-US-0023  -000,HIGH,098-US-0023  -000,23.704,0,0,0,0,0,0,0,0,0,0,0,1,0,1
2289,72567760,980100,2.02E+11,20201120,1758,,CASSIDY,,BLVD,,,,,,N,N,NULL,NULL,NULL,N,NULL,NULL,NULL,NULL,NULL,NULL,0.203,NULL,NULL,NULL,NULL,,NULL,0,0,2,2,N,Y,15,NULL,98,9801,NULL,,Y,37.50406,-82.53528,N,NULL,NULL,NULL,NULL,NULL,NULL,NULL,NULL,1,97,4,6,1,1,2,5,1,3,N,NULL,N,N,1758,1805,1805,N,NULL,55,,,N,,N,N,,NULL,NULL,2020,O,7.26E+11,098-CS-1191  -000,LOW,098-CS-1191  -000,0.203,0,0,1,0,0,0,1,0,0,0,0,0,0,1
2290,72496377,KSP0900,20-14736,20200421,1420,,KY195,,,KY0195,KY0195,0,098 KY-195,KY0195,Y,N,NULL,NULL,NULL,N,NULL,NULL,NULL,NULL,NULL,NULL,8.251,NULL,NULL,NULL,NULL,,NULL,0,0,1,1,N,N,55,NULL,98,9802,NULL,,Y,37.33142,-82.43064,N,NULL,NULL,NULL,NULL,NULL,NULL,NULL,NULL,9,97,2,6,3,8,2,2,6,3,N,NULL,Y,N,1420,1554,1420,Y,NULL,90,7,0,N,,N,N,098-KY-0195-0,NULL,NULL,2020,O,7.25E+11,098-KY-0195  -000,HIGH,098-KY-0195  -000,8.251,0,0,0,0,0,0,0,0,0,0,0,1,0,0
2291,72598275,KSP0900,21-69239,20210221,1330,,KY3174,,,KY3174,KY3174,0,098 KY-3174-321,KY3174,N,N,NULL,NULL,NULL,N,NULL,NULL,NULL,NULL,NULL,NULL,0.053,NULL,NULL,NULL,NULL,,NULL,0,0,1,1,N,N,55,NULL,98,9830,NULL,,Y,37.34386,-82.42303,N,NULL,NULL,NULL,NULL,NULL,NULL,NULL,NULL,9,3,2,1,1,1,2,2,7,3,N,NULL,Y,N,1333,1348,,N,NULL,70,,0,Y,,N,N,098-KY-3174-321,NULL,NULL,2021,O,7.26E+11,098-KY-3174  -321,HIGH,098-KY-3174  -321,0.053,0,0,0,0,0,0,0,0,1,0,0,1,0,0
2292,72481206,KSP0900,20-2077,20200116,539,,KY194,,,KY0194,KY0194,0,098 KY-194,KY0194,N,N,NULL,NULL,NULL,N,NULL,NULL,NULL,NULL,NULL,NULL,28.511,NULL,NULL,NULL,NULL,,NULL,1,0,1,1,N,N,55,NULL,98,9817,NULL,,Y,37.47279,-82.3508,N,NULL,NULL,NULL,NULL,NULL,NULL,NULL,NULL,9,6,2,1,1,5,3,6,7,3,Y,NULL,N,Y,542,628,800,N,NULL,40,7,0,N,,N,N,098-KY-0194-0,NULL,NULL,2020,A,7.25E+11,098-KY-0194  -000,HIGH,098-KY-0194  -000,28.511,0,0,0,0,0,0,1,0,0,0,0,1,0,0
2293,72475181,KSP0900,20-3627,20200128,1214,,KY194,,,KY0194,KY0194,0,098 KY-194,KY0194,N,N,NULL,NULL,NULL,N,NULL,NULL,NULL,NULL,NULL,NULL,22.843,NULL,NULL,NULL,NULL,,NULL,1,0,1,1,N,N,55,NULL,98,9817,NULL,,Y,37.53969,-82.37258,N,NULL,NULL,NULL,NULL,NULL,NULL,NULL,NULL,9,3,2,3,1,5,3,2,7,3,Y,NULL,Y,Y,1254,1334,1404,N,NULL,44,6,0,N,,N,N,098-KY-0194-0,NULL,NULL,2020,C,7.25E+11,098-KY-0194  -000,HIGH,098-KY-0194  -000,22.843,0,0,0,1,0,0,0,0,0,0,0,1,0,0
2294,72469844,980500,2020AR10,20200123,1530,,N MAYO TRAIL,,,,,,,,Y,N,NULL,NULL,NULL,N,NULL,NULL,NULL,NULL,NULL,NULL,,NULL,NULL,NULL,NULL,NULL,NULL,0,0,2,2,N,N,15,NULL,98,9807,NULL,,Y,37.52793,-82.57555,N,NULL,NULL,NULL,NULL,NULL,NULL,NULL,NULL,2,97,2,6,1,1,3,2,1,3,N,NULL,Y,N,1530,1533,,N,NULL,90,,1,N,,N,N,,NULL,NULL,2020,O,7.25E+11,098-US-0023  -010,MEDIUM,098-US-0023  -000,29.339,0,0,0,0,0,0,0,0,0,0,0,0,0,0
2295,72806035,980100,2.02E+11,20220917,1127,,CASSIDY,,BLVD,,,,,,Y,N,NULL,NULL,NULL,N,NULL,NULL,NULL,NULL,NULL,NULL,0.281,NULL,NULL,NULL,NULL,,NULL,0,0,2,2,N,N,,NULL,98,9801,NULL,,Y,37.50487,-82.53645,N,NULL,NULL,NULL,NULL,NULL,NULL,NULL,NULL,2,97,,6,1,1,2,2,5,3,N,NULL,Y,N,1127,1135,1135,N,NULL,90,,,N,,N,N,,NULL,NULL,2022,O,7.28E+11,098-CS-1191  -000,LOW,098-CS-1191  -000,0.281,0,0,0,0,0,0,1,0,0,0,0,1,0,1
2296,72816356,370200,2022-396277,20221014,956,,MALL,S,RD,,,0,098 PR-1010,PR1010,Y,N,NULL,NULL,NULL,N,NULL,NULL,NULL,NULL,NULL,NULL,0.314,NULL,NULL,NULL,NULL,,NULL,0,0,2,2,N,Y,15,NULL,98,9834,NULL,,Y,37.65535,-82.27351,N,NULL,NULL,NULL,NULL,NULL,NULL,NULL,NULL,2,97,1,6,1,1,2,2,1,3,N,NULL,Y,N,956,1018,1107,N,NULL,90,,,N,,N,N,098-PR-1010-0,NULL,NULL,2022,O,7.28E+11,098-PR-1010  -000,HIGH,098-PR-1010  -000,0.314,0,1,0,0,0,0,0,0,0,0,0,0,0,0
2297,72659719,980100,2.02E+11,20210725,1552,,MAYO,S,TRL,US0023,US0023,0,098 US-23-10,US0023,N,N,NULL,NULL,NULL,N,NULL,NULL,NULL,NULL,NULL,NULL,19.804,NULL,NULL,NULL,NULL,,NULL,6,2,3,3,N,N,55,NULL,98,9801,NULL,,Y,37.44988,-82.50865,N,NULL,NULL,NULL,NULL,NULL,NULL,NULL,NULL,1,3,4,3,1,5,6,2,7,3,Y,NULL,Y,Y,1554,1558,1852,N,NULL,55,,1,N,,N,Y,098-US-0023-10,NULL,NULL,2021,K,7.27E+11,098-US-0023  -010,HIGH,098-US-0023  -000,19.804,0,0,0,0,0,0,0,1,0,1,0,1,1,1
2298,72545861,KSP0900,20-713684,20200925,900,,KY195,,,KY0195,KY0195,0,098 KY-195,KY0195,N,N,NULL,NULL,NULL,N,NULL,NULL,NULL,NULL,NULL,NULL,4.686,NULL,NULL,NULL,NULL,,NULL,0,0,1,1,Y,N,35,NULL,98,9802,4,W,N,37.31097,-82.47775,N,NULL,NULL,NULL,NULL,NULL,NULL,NULL,NULL,9,5,2,3,1,5,6,2,7,3,N,NULL,Y,N,1150,1210,1210,Y,NULL,51,8,0,N,,N,N,098-KY-0195-0,NULL,NULL,2020,O,7.25E+11,098-KY-0195  -000,HIGH,098-KY-0195  -000,4.686,0,0,0,0,0,0,1,1,0,0,0,1,0,0
2299,72756265,KSP0900,22-158825,20220430,2247,,MURPHY BOTTOM,,RD,,,0,098 CR-1098J,CR1098J,Y,N,NULL,NULL,NULL,N,NULL,NULL,NULL,NULL,NULL,NULL,0.041,NULL,NULL,NULL,NULL,,NULL,0,0,2,2,N,N,,NULL,98,9836,NULL,,Y,37.61565,-82.27357,N,NULL,NULL,NULL,NULL,NULL,NULL,NULL,NULL,2,97,0,6,1,1,2,7,6,3,N,NULL,Y,N,2223,2245,,N,NULL,90,,,N,,N,N,098-CR-1098J-0,NULL,NULL,2022,O,7.28E+11,098-CR-1098J -000,HIGH,098-CR-1098J -000,0.041,0,0,0,0,0,0,0,0,0,0,0,0,0,0
2300,72620296,980100,2.02E+11,20210407,1808,,US23,,,US0023,US0023,0,098 US-23-10,US0023,N,Y,CEDAR HILLS,,RD,N,NULL,NULL,NULL,NULL,NULL,NULL,22.941,NULL,NULL,NULL,NULL,,NULL,1,0,2,2,N,N,55,NULL,98,9801,NULL,,Y,37.46535,-82.52596,N,NULL,NULL,NULL,NULL,NULL,NULL,NULL,NULL,4,3,4,6,1,1,2,2,7,3,Y,NULL,Y,Y,1808,1810,2032,N,NULL,16,,1,N,,N,N,098-US-0023-10,NULL,NULL,2021,A,7.26E+11,098-US-0023  -010,HIGH,098-US-0023  -000,22.941,1,0,0,0,0,0,1,1,0,0,1,0,0,1
2301,72719406,980100,2.02E+11,20211227,1116,,US23,,,US0023,US0023,0,098 US-23,US0023,Y,N,NULL,NULL,NULL,N,NULL,NULL,NULL,NULL,NULL,NULL,23.009,NULL,NULL,NULL,NULL,,NULL,0,0,2,2,Y,N,5,NULL,98,9801,NULL,,Y,37.46524,-82.52737,N,NULL,NULL,NULL,NULL,NULL,NULL,NULL,NULL,6,3,4,,1,1,2,2,1,3,N,NULL,Y,N,1116,1124,1124,N,NULL,90,,1,N,,N,N,098-US-0023-0,NULL,NULL,2021,O,7.27E+11,098-US-0023  -000,HIGH,098-US-0023  -000,23.009,0,0,0,0,0,0,0,0,0,0,0,0,0,1
2302,72467617,980100,2.02E+11,20200124,2119,,US23,,,US0023,US0023,,,,N,N,NULL,NULL,NULL,N,NULL,NULL,NULL,NULL,NULL,NULL,26.333,NULL,NULL,NULL,NULL,,NULL,1,0,2,2,N,N,55,NULL,98,9801,NULL,,Y,37.50436,-82.53243,N,NULL,NULL,NULL,NULL,NULL,NULL,NULL,NULL,5,3,4,6,1,5,6,5,1,3,Y,NULL,Y,Y,2119,2125,2147,N,NULL,49,,1,N,,N,N,,NULL,NULL,2020,C,7.25E+11,098-US-0023  -010,MEDIUM,098-US-0023  -000,26.333,0,0,1,0,0,0,1,0,0,0,0,0,0,1
2303,72746881,980100,2.02E+11,20220327,2336,,KY3496,,,KY3496,KY3496,0,098 KY-3496,KY3496,N,N,NULL,NULL,NULL,N,NULL,NULL,NULL,NULL,NULL,NULL,0.233,NULL,NULL,NULL,NULL,,NULL,0,0,2,2,Y,N,35,NULL,98,9801,NULL,,Y,37.46681,-82.53168,N,NULL,NULL,NULL,NULL,NULL,NULL,NULL,NULL,5,3,2,3,1,1,2,5,1,3,N,NULL,Y,N,2337,2340,2340,N,NULL,49,16,0,N,,N,N,098-KY-3496-0,NULL,NULL,2022,O,7.27E+11,098-KY-3496  -000,HIGH,098-KY-3496  -000,0.233,0,0,0,0,0,0,0,0,0,0,0,0,0,1
2304,72397989,KSP0900,19-32052,20190819,1319,,ADD,,HOLW,,,0,098 CR-1176,CR1176,N,N,NULL,NULL,NULL,N,NULL,NULL,NULL,NULL,NULL,NULL,0.027,NULL,NULL,NULL,NULL,,NULL,0,0,1,1,N,N,25,NULL,98,9839,NULL,,Y,37.42017,-82.18609,N,NULL,NULL,NULL,NULL,NULL,NULL,NULL,NULL,9,3,2,6,1,1,2,2,7,3,N,NULL,N,N,1319,1420,,N,NULL,40,,,N,,N,N,098-CR-1176-0,NULL,NULL,2019,O,7.24E+11,098-CR-1176  -000,HIGH,098-CR-1176  -000,0.027,0,0,0,0,0,0,0,0,0,0,0,1,0,0
2305,72688225,KSP0900,21-431418,20211019,1750,,LOWE GAP,,BR,,,0,098 CR-1418,CR1418,N,N,NULL,NULL,NULL,N,NULL,NULL,NULL,NULL,NULL,NULL,0.808,NULL,NULL,NULL,NULL,,NULL,1,0,1,1,N,N,35,NULL,98,9807,NULL,,Y,37.52493,-82.59003,N,NULL,NULL,NULL,NULL,NULL,NULL,NULL,NULL,9,3,1,3,3,1,2,2,7,3,Y,NULL,Y,Y,1750,1809,1917,N,NULL,44,,,Y,,N,N,098-CR-1418-0,NULL,NULL,2021,C,7.27E+11,098-CR-1418  -000,HIGH,098-CR-1418  -000,0.808,0,0,1,0,0,0,0,0,0,0,0,1,0,0
2306,72559743,KSP0900,20-767581,20201101,1841,,STONE COAL CREEK,,RD,KY3227,KY3227,0,098 KY-3227,KY3227,N,N,NULL,NULL,NULL,N,NULL,NULL,NULL,NULL,NULL,NULL,1.631,NULL,NULL,NULL,NULL,,NULL,1,0,1,1,N,N,55,NULL,98,9801,NULL,,Y,37.53152,-82.53688,N,NULL,NULL,NULL,NULL,NULL,NULL,NULL,NULL,9,3,2,6,1,1,2,6,7,3,Y,NULL,Y,Y,1841,1843,2028,N,NULL,70,8,0,Y,,N,N,098-KY-3227-0,NULL,NULL,2020,C,7.26E+11,098-KY-3227  -000,HIGH,098-KY-3227  -000,1.631,0,0,0,0,0,0,0,0,1,1,0,1,0,0
2307,72813752,370200,2022387536,20221007,1217,,US23,,,US0023,US0023,0,098 US-23-10,US0023,N,N,NULL,NULL,NULL,N,NULL,NULL,NULL,NULL,NULL,NULL,16.218,NULL,NULL,NULL,NULL,,NULL,0,0,1,1,N,N,55,NULL,98,9801,NULL,,Y,37.41286,-82.53175,N,NULL,NULL,NULL,NULL,NULL,NULL,NULL,NULL,9,3,4,4,1,1,2,2,7,3,N,NULL,N,N,1228,1232,1232,N,NULL,38,,1,N,,N,N,098-US-0023-10,NULL,NULL,2022,O,7.28E+11,098-US-0023  -010,HIGH,098-US-0023  -000,16.218,0,0,0,1,0,0,0,0,0,0,0,0,0,0
2308,72781522,980100,2.02E+11,20220709,1806,,HUFFMAN,,AVE,,,0,098 CS-1123,CS1123,N,Y,MAIN,,ST,N,NULL,NULL,NULL,NULL,NULL,NULL,0.096,NULL,NULL,NULL,NULL,,NULL,0,0,2,2,N,N,25,NULL,98,9801,NULL,,Y,37.47774,-82.51854,N,NULL,NULL,NULL,NULL,NULL,NULL,NULL,NULL,5,3,3,6,1,5,3,2,1,3,N,NULL,Y,N,1806,1806,1806,N,NULL,35,,,N,,N,N,098-CS-1123-0,NULL,NULL,2022,O,7.28E+11,098-CS-1123  -000,HIGH,098-CS-1123  -000,0.096,0,0,0,0,0,0,1,1,0,0,1,0,0,1
2309,72547673,KSP0900,20-696601,20200913,1519,,FERRELLS CREEK,,RD,US0460,US0460,0,098 US-460,US0460,N,N,NULL,NULL,NULL,N,NULL,NULL,NULL,NULL,NULL,NULL,22.524,NULL,NULL,NULL,NULL,,NULL,1,0,2,2,N,N,55,NULL,98,9847,NULL,,Y,37.38207,-82.25488,N,NULL,NULL,NULL,NULL,NULL,NULL,NULL,NULL,1,3,2,6,1,5,6,2,7,3,Y,NULL,Y,Y,1521,1559,,N,NULL,55,,1,Y,,N,N,098-US-0460-0,NULL,NULL,2020,C,7.25E+11,098-US-0460  -000,HIGH,098-US-0460  -000,22.524,0,0,0,0,0,0,0,1,0,0,0,1,0,0
2310,72550153,980500,2020AR056,20201007,1644,,N MAYO TRAIL,,,,,,,,Y,N,NULL,NULL,NULL,N,NULL,NULL,NULL,NULL,NULL,NULL,,NULL,NULL,NULL,NULL,NULL,NULL,0,0,2,2,N,N,,NULL,98,9807,NULL,,Y,37.52523,-82.57376,N,NULL,NULL,NULL,NULL,NULL,NULL,NULL,NULL,2,97,,6,1,1,2,2,1,3,N,NULL,Y,N,1644,1644,1649,N,NULL,90,,,N,,N,N,,NULL,NULL,2020,O,7.26E+11,098-US-0023  -010,MEDIUM,098-US-0023  -000,29.131,0,0,0,1,0,0,0,0,0,0,0,0,0,0
2311,72806654,KSP0900,22-337419,20220831,1400,,KY194,,,KY0194,KY0194,0,098 KY-194,KY0194,N,Y,KY1426,,,N,NULL,NULL,NULL,NULL,NULL,NULL,16.857,NULL,NULL,NULL,NULL,,NULL,4,0,2,2,N,N,55,NULL,98,9820,NULL,,Y,37.56455,-82.44209,N,NULL,NULL,NULL,NULL,NULL,NULL,NULL,NULL,1,3,2,3,1,1,2,2,7,3,Y,NULL,Y,Y,1403,1415,1530,N,NULL,10,7,0,N,,N,N,098-KY-0194-0,NULL,NULL,2022,B,7.28E+11,098-KY-0194  -000,HIGH,098-KY-0194  -000,16.857,0,0,0,0,0,0,1,1,0,0,1,0,0,0
2312,72699781,KSP0900,21-470746,20211117,1400,,RADIO STATION,,HL,,,0,098 CR-1590B,CR1590B,N,N,NULL,NULL,NULL,N,NULL,NULL,NULL,NULL,NULL,NULL,,NULL,NULL,NULL,NULL,NULL,NULL,0,0,2,2,N,N,5,NULL,98,9863,NULL,,Y,37.61806,-82.16792,N,NULL,NULL,NULL,NULL,NULL,NULL,NULL,NULL,6,97,1,6,1,1,2,2,5,3,N,NULL,Y,N,1405,1435,1400,N,NULL,70,,,N,,N,N,098-CR-1590B-0,NULL,NULL,2021,O,7.27E+11,098-CR-1590B -000,HIGH,098-CR-1590B -000,0.139,0,0,0,0,0,0,1,0,0,0,0,0,0,0
2313,72607840,980100,2.02E+11,20210322,2226,,CHLOE,,RD,KY1460,KY1460,,,,N,N,NULL,NULL,NULL,N,NULL,NULL,NULL,NULL,NULL,NULL,4.414,NULL,NULL,NULL,NULL,,NULL,0,0,1,1,N,N,35,NULL,98,9801,NULL,,Y,37.47733,-82.50388,N,NULL,NULL,NULL,NULL,NULL,NULL,NULL,NULL,9,6,2,3,1,1,2,6,7,3,N,NULL,Y,N,2226,2229,2229,N,NULL,44,,0,N,,N,N,,NULL,NULL,2021,O,7.26E+11,098-KY-1460  -000,HIGH,098-KY-1460  -000,4.414,0,0,0,1,0,0,0,0,0,0,0,1,0,1
2314,72623655,980100,2.02E+11,20210428,1216,,CASSIDY,,BLVD,,,0,098 CS-1191,CS1191,Y,N,NULL,NULL,NULL,N,NULL,NULL,NULL,NULL,NULL,NULL,0.188,NULL,NULL,NULL,NULL,,NULL,0,0,2,2,Y,N,15,NULL,98,9801,NULL,,Y,37.50391,-82.53506,N,NULL,NULL,NULL,NULL,NULL,NULL,NULL,NULL,2,97,1,6,1,1,2,2,1,3,N,NULL,Y,N,1216,1225,1255,N,NULL,90,,,N,,N,N,098-CS-1191-0,NULL,NULL,2021,O,7.26E+11,098-CS-1191  -000,HIGH,098-CS-1191  -000,0.188,0,0,0,0,0,0,1,0,0,0,0,0,0,1
2315,72767713,KSP0900,22-201523,20220530,1500,,SOUTHSIDE MALL,,RD,,,,,,Y,N,NULL,NULL,NULL,N,NULL,NULL,NULL,NULL,NULL,NULL,0.379,NULL,NULL,NULL,NULL,,NULL,0,0,2,2,N,N,,NULL,98,9834,NULL,,Y,37.65565,-82.27252,N,NULL,NULL,NULL,NULL,NULL,NULL,NULL,NULL,8,97,,6,1,1,2,2,1,3,N,NULL,N,N,1500,1530,1530,N,NULL,90,,,N,,N,N,,NULL,NULL,2022,O,7.28E+11,098-PR-1010  -000,LOW,098-PR-1010  -000,0.379,0,0,1,1,0,0,1,0,0,0,0,0,0,0
2316,72753856,KSP0900,22-145609,20220421,2040,,FERRELLS CREEK,,RD,US0460,US0460,0,098 US-460,US0460,N,N,NULL,NULL,NULL,N,NULL,NULL,NULL,NULL,NULL,NULL,24.43,NULL,NULL,NULL,NULL,,NULL,2,0,2,2,N,N,55,NULL,98,9847,NULL,,Y,37.36766,-82.23326,N,NULL,NULL,NULL,NULL,NULL,NULL,NULL,NULL,3,3,2,6,1,1,2,6,7,3,N,NULL,Y,Y,2040,2109,2215,N,NULL,52,,1,N,,N,N,098-US-0460-0,NULL,NULL,2022,C,7.28E+11,098-US-0460  -000,HIGH,098-US-0460  -000,24.43,0,0,0,0,0,0,0,0,0,0,0,1,0,0