OBJECTID,MasterFile,AgencyORINumber,LocalCode,CollisionDate,CollisionTime,CollisionDayWeekCode,RoadwayName,RoadwayName_Direction_,RoadwayName_RoadwaySuffix_,RoadwayfromReport,CurrentRoadwayNumber,RoadwayNumberCoupletID,RSEUniqueGIS,RoadwayIdentifier,ParkingLotIndicator,IntersectionWith_Indicator_,IntersectionWith_NameRoadway_,IntersectionWith_Direction_,IntersectionWith_RoadwaySuffix_,BetweenStreets_Indicator_,BetweenStreets1_NameRoadway_,BetweenStreet1_Direction_,BetweenStreets1_RoadwaySuffix_,BetweenStreets2_NameRoadway_,BetweenStreets2_Direction_,BetweenStreets2_RoadwaySuffix_,Milepoint,ReportMilepointDeriveNumber,CurrentDerivedMiepointNumber,MilestoMilepoint,FeettoMilepoint,DirectionfromMilepoint_NSEW_,ValidMilepointIndicator,NumberInjured,NumberKilled,ofUnits,ofMotorVehicleUnits,Hit&RunIndicator,OneWayIndicator,SpeedLimitNumber,KilometersIndicator,CountyCode,CityCountyCode,MilesFromCity,DirectionFromCity_NSEW_,InCityLimitsIndicator,Latitude,Longitude,RampIndicator,RampFromIdentifier,RampFromDirCode,RampFromCoupletID,RSEUniqueGISRampFrom,RampToidentifier,RampToDirCode,RampToCoupletID,RSEUniqueGisRampTo,MannerofCollisionCode,LocationFirstEventCode,TotalLanes,RoadwayCharacterCode,RoadwaySurfaceCode,RoadwayConditionCode,WeatherCode,LightConditionCode,LandUseCode,SchoolBusRelatedCode,FirstAidSceneIndicator,CollDescPresentInd,InvestigationCompleteIndicator,PhotosTakenIndicator,TimeNotified,TimeArrived,TimeRoadwayOpened,PropertyDamageIndicator,DiagramPresentIndicator,DirectionalAnalysis,FunctionClassCode,NationalHwySysCode,EnforcementsIndicator,KARSCityCode,SecondaryCollisionIndicator,MedianCrossoverIndicator,RT_UNIQUE,MapIt,TimeLastLeft,YR,KABCO,MFNY,WorkingRID,RT_CONFIDENCE,KTC_RT,KTC_MP,Motorcyclist,Commercial Vehicle,Young Driver,Mature Driver,Pedestrian,Bicyclist,Distracted,Aggressive,Impaired,Unrestrained,Intersection,Roadway Departure,Median Cross-over,City Crash
2317,72497190,KSP0900,20-15687,20200427,1757,,RADIO STATION,,HL,,,0,098 CR-1590B,CR1590B,Y,N,NULL,NULL,NULL,N,NULL,NULL,NULL,NULL,NULL,NULL,0.108,NULL,NULL,NULL,NULL,,NULL,0,0,2,2,Y,N,10,NULL,98,9863,NULL,,Y,37.61774,-82.16714,N,NULL,NULL,NULL,NULL,NULL,NULL,NULL,NULL,1,7,,6,1,1,2,2,5,3,N,NULL,N,N,1757,1836,1757,N,NULL,90,,,N,,N,N,098-CR-1590B-0,NULL,NULL,2020,O,7.25E+11,098-CR-1590B -000,HIGH,098-CR-1590B -000,0.108,0,0,0,0,0,0,0,0,0,0,0,0,0,0
2318,72493138,980000,20-04-004,20200403,1515,,SOOKEYS,W,CRK,,,0,098 CR-1282,CR1282,N,N,NULL,NULL,NULL,N,NULL,NULL,NULL,NULL,NULL,NULL,1.61,NULL,NULL,NULL,NULL,,NULL,0,0,1,1,Y,N,35,NULL,98,9801,12,S,N,37.40683,-82.53999,N,NULL,NULL,NULL,NULL,NULL,NULL,NULL,NULL,9,5,1,6,1,1,2,2,7,3,N,NULL,Y,Y,1524,1550,1550,Y,NULL,40,,,N,,N,N,098-CR-1282-0,NULL,NULL,2020,O,7.25E+11,098-CR-1282  -000,HIGH,098-CR-1282  -000,1.61,0,0,0,0,0,0,1,0,0,0,0,1,0,0
2319,72731012,KSP0900,22-55673,20220215,700,,US119 SPUR TURN LANE,,,US0119S,US0119S,0,098 US-119S-21,US0119S,N,N,NULL,NULL,NULL,N,NULL,NULL,NULL,NULL,NULL,NULL,0.015,NULL,NULL,NULL,NULL,,NULL,0,0,2,2,N,N,25,NULL,98,9834,NULL,,Y,37.67276,-82.28078,N,NULL,NULL,NULL,NULL,NULL,NULL,NULL,NULL,5,3,2,6,1,1,2,1,7,3,N,NULL,Y,N,700,730,700,N,NULL,70,6,0,N,,N,N,098-US-0119S-21,NULL,NULL,2022,O,7.27E+11,098-US-0119S -021,HIGH,098-US-0119S -021,0.015,0,0,0,0,0,0,1,0,0,0,0,0,0,0
2320,72596735,KSP0900,21-58709,20210213,1347,,US460,,,US0460,US0460,0,098 US-460,US0460,N,N,NULL,NULL,NULL,N,NULL,NULL,NULL,NULL,NULL,NULL,4.281,NULL,NULL,NULL,NULL,,NULL,2,0,2,2,N,N,55,NULL,98,9824,NULL,,Y,37.41847,-82.4571,N,NULL,NULL,NULL,NULL,NULL,NULL,NULL,NULL,1,3,2,6,1,1,2,2,7,3,N,NULL,N,Y,1347,1353,1450,N,NULL,55,,1,N,,N,N,098-US-0460-0,NULL,NULL,2021,B,7.26E+11,098-US-0460  -000,HIGH,098-US-0460  -000,4.281,0,0,0,1,0,0,1,0,0,0,0,0,0,0
2321,72519330,KSP0900,20-587521,20200707,905,,FERRELLS CREEK,,RD,US0460,US0460,0,098 US-460,US0460,N,N,NULL,NULL,NULL,N,NULL,NULL,NULL,NULL,NULL,NULL,20.293,NULL,NULL,NULL,NULL,,NULL,0,0,1,1,N,N,55,NULL,98,9874,NULL,,Y,37.37541,-82.28939,N,NULL,NULL,NULL,NULL,NULL,NULL,NULL,NULL,9,3,2,6,1,1,2,2,6,3,N,NULL,Y,N,1251,1312,,N,NULL,70,,1,N,,N,N,098-US-0460-0,NULL,NULL,2020,O,7.25E+11,098-US-0460  -000,HIGH,098-US-0460  -000,20.293,0,0,0,0,0,0,0,0,0,0,0,0,0,0
2322,72691365,980100,2.02E+11,20211101,1642,,CASSIDY,,BLVD,,,,,,Y,N,NULL,NULL,NULL,N,NULL,NULL,NULL,NULL,NULL,NULL,0.266,NULL,NULL,NULL,NULL,,NULL,0,0,2,2,N,N,15,NULL,98,9801,NULL,,Y,37.50471,-82.53621,N,NULL,NULL,NULL,NULL,NULL,NULL,NULL,NULL,2,97,,6,1,1,2,2,5,3,N,NULL,Y,N,1642,1649,1649,N,NULL,90,,,N,,N,N,,NULL,NULL,2021,O,7.27E+11,098-PS-1015  -000,LOW,098-PS-1015  -000,0.266,0,0,0,0,0,0,1,0,0,0,0,0,0,1
2323,72698098,KSP0900,2021-471180,20211117,1800,,GREASY,,CRK,KY3226,KY3226,,,,N,N,NULL,NULL,NULL,N,NULL,NULL,NULL,NULL,NULL,NULL,0.994,NULL,NULL,NULL,NULL,,NULL,0,0,2,2,N,N,45,NULL,98,9841,NULL,,Y,37.39202,-82.47092,N,NULL,NULL,NULL,NULL,NULL,NULL,NULL,NULL,7,3,2,6,1,1,2,7,7,3,N,NULL,Y,N,1902,1917,1917,N,NULL,54,8,0,N,,N,N,,NULL,NULL,2021,O,7.27E+11,098-KY-3226  -000,MEDIUM,098-KY-3226  -000,0.994,0,0,0,0,0,0,0,0,0,0,0,1,0,0
2324,72718978,980100,2.02E+11,20220105,1347,,US23,,,US0023,US0023,0,098 US-23-10,US0023,N,N,NULL,NULL,NULL,N,NULL,NULL,NULL,NULL,NULL,NULL,24.673,NULL,NULL,NULL,NULL,,NULL,1,0,2,2,N,N,55,NULL,98,9801,NULL,,Y,37.48396,-82.54311,N,NULL,NULL,NULL,NULL,NULL,NULL,NULL,NULL,8,3,4,6,1,1,2,2,1,3,Y,NULL,Y,Y,1347,1355,,N,NULL,53,,1,N,,N,N,098-US-0023-10,NULL,NULL,2022,B,7.27E+11,098-US-0023  -010,HIGH,098-US-0023  -000,24.673,0,0,0,1,0,0,1,0,0,0,0,1,0,1
2325,72785319,KSP0900,22-277099,20220721,918,,KY194,,,KY0194,KY0194,0,098 KY-194,KY0194,N,N,NULL,NULL,NULL,N,NULL,NULL,NULL,NULL,NULL,NULL,7.729,NULL,NULL,NULL,NULL,,NULL,0,0,2,2,N,N,55,NULL,98,9831,NULL,,Y,37.61362,-82.54086,N,NULL,NULL,NULL,NULL,NULL,NULL,NULL,NULL,7,3,2,3,1,5,3,2,7,3,N,NULL,N,N,918,950,1015,N,NULL,54,7,0,N,,N,N,098-KY-0194-0,NULL,NULL,2022,O,7.28E+11,098-KY-0194  -000,HIGH,098-KY-0194  -000,7.729,0,0,0,0,0,0,1,0,0,0,0,1,0,0
2326,72676306,980100,2.02E+11,20210917,724,,US23,,,US0023,US0023,,,,N,N,NULL,NULL,NULL,N,NULL,NULL,NULL,NULL,NULL,NULL,26.37,NULL,NULL,NULL,NULL,,NULL,0,0,2,2,N,N,55,NULL,98,9801,NULL,,Y,37.50486,-82.53255,N,NULL,NULL,NULL,NULL,NULL,NULL,NULL,NULL,5,3,4,6,1,1,2,2,7,3,N,NULL,Y,N,724,730,730,N,NULL,49,,1,N,,N,N,,NULL,NULL,2021,O,7.27E+11,098-US-0023  -010,MEDIUM,098-US-0023  -000,26.37,0,0,0,0,0,0,1,0,0,0,0,0,0,1
2327,72533924,980100,2.02E+11,20200821,1453,,CEDAR HILLS,,RD,KY1426,KY1426,0,098 KY-1426,KY1426,Y,N,NULL,NULL,NULL,N,NULL,NULL,NULL,NULL,NULL,NULL,4.274,NULL,NULL,NULL,NULL,,NULL,0,0,2,2,N,N,55,NULL,98,9801,NULL,,Y,37.45818,-82.5295,N,NULL,NULL,NULL,NULL,NULL,NULL,NULL,NULL,2,97,2,6,1,5,3,2,5,3,N,NULL,Y,N,1453,1457,1457,N,NULL,90,8,0,N,,N,N,098-KY-1426-0,NULL,NULL,2020,O,7.25E+11,098-KY-1426  -000,HIGH,098-KY-1426  -000,4.274,0,0,0,0,0,0,1,0,0,0,0,0,0,1
2328,72530216,980100,20200009738,20200810,2025,,US460,,,US0460,US0460,0,098 US-460,US0460,Y,N,NULL,NULL,NULL,N,NULL,NULL,NULL,NULL,NULL,NULL,0.204,NULL,NULL,NULL,NULL,,NULL,0,0,2,2,N,N,15,NULL,98,9801,NULL,,Y,37.43956,-82.5092,N,NULL,NULL,NULL,NULL,NULL,NULL,NULL,NULL,2,97,2,6,1,5,3,2,1,3,N,NULL,Y,N,2025,2035,2035,N,NULL,90,,1,N,,N,N,098-US-0460-0,NULL,NULL,2020,O,7.25E+11,098-US-0460  -000,HIGH,098-US-0460  -000,0.204,0,0,0,1,0,0,1,0,0,0,0,0,0,1
2329,72615102,980100,2.02E+11,20210415,1446,,US23 CONNECTOR TO US460,,,US0023,US0023,0,098 US-23-71,US0023,N,N,NULL,NULL,NULL,N,NULL,NULL,NULL,NULL,NULL,NULL,0.009,NULL,NULL,NULL,NULL,,NULL,1,0,2,2,N,N,55,NULL,98,9801,NULL,,Y,37.43886,-82.50919,N,NULL,NULL,NULL,NULL,NULL,NULL,NULL,NULL,5,3,4,2,1,1,2,2,7,3,Y,NULL,Y,Y,1446,1451,,N,NULL,49,,1,N,,N,N,098-US-0023-71,NULL,NULL,2021,C,7.26E+11,098-US-0023  -071,HIGH,098-US-0023  -071,0.009,0,0,0,0,0,0,1,0,0,0,0,0,0,1
2330,72881206,980100,2.02E+11,20230330,1209,,2ND,,ST,,,0,098 CS-1117,CS1117,N,N,NULL,NULL,NULL,N,NULL,NULL,NULL,NULL,NULL,NULL,0.023,NULL,NULL,NULL,NULL,,NULL,0,0,1,1,N,N,10,NULL,98,9801,NULL,,Y,37.48321,-82.51577,N,NULL,NULL,NULL,NULL,NULL,NULL,NULL,NULL,9,4,1,6,97,1,2,2,1,3,N,NULL,Y,N,1209,1211,1212,Y,NULL,41,,,N,,N,N,098-CS-1117-0,NULL,NULL,2023,O,7.29E+11,098-CS-1117  -000,HIGH,098-CS-1117  -000,0,0,0,0,1,0,0,1,0,0,0,0,1,0,1
2331,72472796,980100,2.02E+11,20200202,1644,,BYPASS,S,RD,KY1426,KY1426,,,,N,N,NULL,NULL,NULL,N,NULL,NULL,NULL,NULL,NULL,NULL,5.795,NULL,NULL,NULL,NULL,,NULL,0,0,2,2,N,N,35,NULL,98,9801,NULL,,Y,37.47342,-82.5211,N,NULL,NULL,NULL,NULL,NULL,NULL,NULL,NULL,5,3,2,6,1,1,2,2,1,3,N,NULL,Y,N,1644,1652,1704,N,NULL,49,,0,N,,N,N,,NULL,NULL,2020,O,7.25E+11,098-KY-1426  -000,HIGH,098-KY-1426  -000,5.795,0,0,0,1,0,0,0,0,0,0,0,0,0,1
2332,72497570,KSP0900,20-15902,20200429,1122,,KY194,,,KY0194,KY0194,0,098 KY-194,KY0194,N,N,NULL,NULL,NULL,N,NULL,NULL,NULL,NULL,NULL,NULL,2.241,NULL,NULL,NULL,NULL,,NULL,0,0,1,1,N,N,55,NULL,98,9801,10,S,N,37.65704,-82.58456,N,NULL,NULL,NULL,NULL,NULL,NULL,NULL,NULL,9,97,2,6,1,1,2,2,6,3,N,NULL,Y,N,1124,1221,,N,NULL,40,8,0,N,,N,N,098-KY-0194-0,NULL,NULL,2020,O,7.25E+11,098-KY-0194  -000,HIGH,098-KY-0194  -000,2.241,0,0,0,0,0,0,0,0,0,0,0,1,0,0
2333,72577084,980100,2.02E+11,20201220,1639,,CASSIDY,,BLVD,,,,,,Y,N,NULL,NULL,NULL,N,NULL,NULL,NULL,NULL,NULL,NULL,0.322,NULL,NULL,NULL,NULL,,NULL,0,0,2,2,N,N,15,NULL,98,9801,NULL,,Y,37.50521,-82.53728,N,NULL,NULL,NULL,NULL,NULL,NULL,NULL,NULL,2,97,1,6,1,1,2,2,1,3,N,NULL,Y,N,1639,1648,1648,N,NULL,90,,,N,,N,N,,NULL,NULL,2020,O,7.26E+11,098-CS-1191  -000,MEDIUM,098-CS-1191  -000,0.322,0,0,0,0,0,0,1,0,0,0,0,0,0,1
2334,72711615,980000,21-12-002,20211214,724,,US23,,,US0023,US0023,0,098 US-23-10,US0023,N,N,NULL,NULL,NULL,N,NULL,NULL,NULL,NULL,NULL,NULL,27.766,NULL,NULL,NULL,NULL,,NULL,0,0,1,1,N,N,55,NULL,98,9807,NULL,,Y,37.51289,-82.55523,N,NULL,NULL,NULL,NULL,NULL,NULL,NULL,NULL,9,3,4,6,1,1,2,2,6,3,N,NULL,Y,N,724,724,730,N,NULL,38,,1,N,,N,N,098-US-0023-10,NULL,NULL,2021,O,7.27E+11,098-US-0023  -010,HIGH,098-US-0023  -000,27.766,0,0,0,0,0,0,0,0,0,0,0,0,0,0
2335,72803611,KSP0900,22-351644,20220910,1146,,KY195,,,KY0195,KY0195,0,098 KY-195,KY0195,N,N,NULL,NULL,NULL,N,NULL,NULL,NULL,NULL,NULL,NULL,10.522,NULL,NULL,NULL,NULL,,NULL,0,0,1,1,N,N,35,NULL,98,9830,NULL,,Y,37.35709,-82.42178,N,NULL,NULL,NULL,NULL,NULL,NULL,NULL,NULL,9,3,2,3,1,5,6,2,6,3,N,NULL,Y,N,1107,1138,1154,N,NULL,40,7,0,Y,,N,N,098-KY-0195-0,NULL,NULL,2022,O,7.28E+11,098-KY-0195  -000,HIGH,098-KY-0195  -000,10.522,0,0,0,1,0,0,0,0,0,0,0,1,0,0
2336,72676478,KSP0900,21-395072,20210923,1555,,ZEBULON,,HWY,KY1426,KY1426,0,098 KY-1426,KY1426,N,N,NULL,NULL,NULL,N,NULL,NULL,NULL,NULL,NULL,NULL,11.662,NULL,NULL,NULL,NULL,,NULL,1,0,2,2,N,N,55,NULL,98,9828,NULL,,Y,37.53218,-82.46848,N,NULL,NULL,NULL,NULL,NULL,NULL,NULL,NULL,5,3,2,6,1,1,2,2,7,3,Y,NULL,Y,Y,1639,1606,1644,N,NULL,70,7,0,N,,N,N,098-KY-1426-0,NULL,NULL,2021,C,7.27E+11,098-KY-1426  -000,HIGH,098-KY-1426  -000,11.662,0,0,0,0,0,0,1,0,0,0,0,0,0,0
2337,72676107,KSP0900,21-401145,20210927,2057,,COAL RIDGE,,RD,,,0,098 CR-1340,CR1340,N,N,NULL,NULL,NULL,N,NULL,NULL,NULL,NULL,NULL,NULL,2.082,NULL,NULL,NULL,NULL,,NULL,0,0,1,1,N,N,45,NULL,98,9801,NULL,,Y,37.4844,-82.43007,N,NULL,NULL,NULL,NULL,NULL,NULL,NULL,NULL,9,5,1,3,1,1,2,6,7,3,N,NULL,Y,N,2057,2141,2200,N,NULL,40,,,N,,N,N,098-CR-1340-0,NULL,NULL,2021,O,7.27E+11,098-CR-1340  -000,HIGH,098-CR-1340  -000,2.082,0,0,0,0,0,0,1,0,0,0,0,1,0,0
2338,72517856,980100,2.02E+11,20200701,1742,,US23,,,US0023,US0023,,,,N,N,NULL,NULL,NULL,N,NULL,NULL,NULL,NULL,NULL,NULL,23.072,NULL,NULL,NULL,NULL,,NULL,0,0,2,2,N,N,55,NULL,98,9801,NULL,,Y,37.46598,-82.52821,N,NULL,NULL,NULL,NULL,NULL,NULL,NULL,NULL,8,3,4,6,1,1,2,2,1,3,N,NULL,Y,N,1751,1752,1752,N,NULL,53,,1,N,,N,N,,NULL,NULL,2020,O,7.25E+11,098-US-0023  -000,MEDIUM,098-US-0023  -000,23.072,0,0,0,0,0,0,0,0,0,0,0,1,0,1
2339,72598149,980100,2.02E+11,20210225,1323,,US23,,,US0023,US0023,0,098 US-23-10,US0023,N,N,NULL,NULL,NULL,N,NULL,NULL,NULL,NULL,NULL,NULL,26.26,NULL,NULL,NULL,NULL,,NULL,0,0,2,2,Y,N,55,NULL,98,9801,NULL,,Y,37.5034,-82.53232,N,NULL,NULL,NULL,NULL,NULL,NULL,NULL,NULL,8,3,4,6,1,1,2,2,7,3,N,NULL,Y,N,1323,1332,1332,N,NULL,53,,1,N,,N,N,098-US-0023-10,NULL,NULL,2021,O,7.26E+11,098-US-0023  -010,HIGH,098-US-0023  -000,26.26,0,0,0,1,0,0,0,0,0,0,0,1,0,1
2340,72719466,KSP0900,21-527877,20211229,1545,,VIRGINIA,,AVE,,,0,098 CR-1035K,CR1035K,N,N,NULL,NULL,NULL,N,NULL,NULL,NULL,NULL,NULL,NULL,0.114,NULL,NULL,NULL,NULL,,NULL,0,0,2,2,N,N,35,NULL,98,9834,NULL,,Y,37.67186,-82.28321,N,NULL,NULL,NULL,NULL,NULL,NULL,NULL,NULL,5,3,2,6,1,5,3,2,7,3,N,NULL,N,N,1545,1548,1600,N,NULL,49,,,N,,N,N,098-CR-1035K-0,NULL,NULL,2021,O,7.27E+11,098-CR-1035K -000,HIGH,098-CR-1035K -000,0.114,0,0,0,0,0,0,0,1,0,0,0,0,0,0
2341,72482059,980100,2.02E+11,20200228,1105,,KY1460,,,KY1460,KY1460,,,,Y,N,NULL,NULL,NULL,N,NULL,NULL,NULL,NULL,NULL,NULL,7.052,NULL,NULL,NULL,NULL,,NULL,0,0,2,2,N,N,15,NULL,98,9801,NULL,,Y,37.48609,-82.54324,N,NULL,NULL,NULL,NULL,NULL,NULL,NULL,NULL,2,97,1,6,2,5,9,2,1,3,N,NULL,Y,N,1105,1111,1111,N,NULL,90,16,0,N,,N,N,,NULL,NULL,2020,O,7.25E+11,098-KY-1460  -000,HIGH,098-KY-1460  -000,7.052,0,0,0,0,0,0,1,1,0,0,0,0,0,1
2342,72571484,KSP0900,20-785743,20201113,1800,,ASHCAMP,,RD,KY0195,KY0195,0,098 KY-195,KY0195,N,N,NULL,NULL,NULL,N,NULL,NULL,NULL,NULL,NULL,NULL,1.81,NULL,NULL,NULL,NULL,,NULL,0,0,2,2,Y,N,55,NULL,98,9864,NULL,,Y,37.28208,-82.45531,N,NULL,NULL,NULL,NULL,NULL,NULL,NULL,NULL,7,3,2,6,1,1,2,6,7,3,N,NULL,N,N,1800,1800,1800,N,NULL,54,8,0,N,,N,N,098-KY-0195-0,NULL,NULL,2020,O,7.26E+11,098-KY-0195  -000,HIGH,098-KY-0195  -000,1.81,0,0,1,0,0,0,0,0,0,0,0,1,0,0
2343,72499337,980000,20-05-001,20200505,1700,,BARRENSHEE,,CRK,,,0,098 CR-1847,CR1847,N,N,NULL,NULL,NULL,N,NULL,NULL,NULL,NULL,NULL,NULL,0.218,NULL,NULL,NULL,NULL,,NULL,0,0,2,2,N,N,5,NULL,98,9811,NULL,,Y,37.55109,-82.13535,N,NULL,NULL,NULL,NULL,NULL,NULL,NULL,NULL,2,97,1,4,1,8,6,2,6,3,N,NULL,Y,Y,1715,1730,1745,N,NULL,47,,,N,,N,N,098-CR-1847-0,NULL,NULL,2020,O,7.25E+11,098-CR-1847  -000,HIGH,098-CR-1847  -000,0.218,0,0,0,0,0,0,1,0,0,0,0,0,0,0
2344,72683924,KSP0900,21-427153,20211016,1630,,US23,,,US0023,US0023,0,098 US-23,US0023,N,N,NULL,NULL,NULL,N,NULL,NULL,NULL,NULL,NULL,NULL,2.958,NULL,NULL,NULL,NULL,,NULL,0,0,1,1,N,N,55,NULL,98,9809,NULL,,Y,37.27232,-82.59826,N,NULL,NULL,NULL,NULL,NULL,NULL,NULL,NULL,9,6,4,4,1,1,2,2,7,3,N,NULL,Y,N,1646,1659,1800,N,NULL,51,,1,N,,N,N,098-US-0023-0,NULL,NULL,2021,O,7.27E+11,098-US-0023  -000,HIGH,098-US-0023  -000,2.958,0,0,0,1,0,0,0,0,0,0,0,1,0,0
2345,72834501,KSP0900,22-453882,20221126,2100,,ELKHORN,,CRK,KY0197,KY0197,,,,N,N,NULL,NULL,NULL,N,NULL,NULL,NULL,NULL,NULL,NULL,8.081,NULL,NULL,NULL,NULL,,NULL,1,0,1,1,N,N,55,NULL,98,9802,NULL,,Y,37.25956,-82.4555,N,NULL,NULL,NULL,NULL,NULL,NULL,NULL,NULL,9,4,2,6,1,1,3,6,6,3,Y,NULL,Y,Y,2011,2036,2153,N,NULL,44,7,0,Y,,N,N,,NULL,NULL,2022,C,7.28E+11,098-KY-0197  -000,MEDIUM,098-KY-0197  -000,8.081,0,0,0,0,0,0,0,0,1,0,0,1,0,0
2346,72729731,980100,2.02E+11,20220210,1605,,US23,,,US0023,US0023,0,098 US-23-10,US0023,N,N,NULL,NULL,NULL,N,NULL,NULL,NULL,NULL,NULL,NULL,26.318,NULL,NULL,NULL,NULL,,NULL,0,0,2,2,N,N,55,NULL,98,9801,NULL,,Y,37.50415,-82.53241,N,NULL,NULL,NULL,NULL,NULL,NULL,NULL,NULL,5,3,4,6,1,1,2,2,7,3,N,NULL,Y,N,1605,1610,1610,N,NULL,70,,1,N,,N,N,098-US-0023-10,NULL,NULL,2022,O,7.27E+11,098-US-0023  -010,HIGH,098-US-0023  -000,26.318,0,0,0,0,0,0,1,0,0,0,0,0,0,1
2347,72804325,KSP0900,22-354817,20220912,1830,,CENTRAL,,AVE,KY0292,KY0292,,,,N,N,NULL,NULL,NULL,N,NULL,NULL,NULL,NULL,NULL,NULL,5.816,NULL,NULL,NULL,NULL,,NULL,0,0,1,1,N,N,35,NULL,98,9834,NULL,,Y,37.66715,-82.28984,N,NULL,NULL,NULL,NULL,NULL,NULL,NULL,NULL,9,3,2,6,1,1,2,2,7,3,N,NULL,N,N,1830,1830,1830,N,NULL,70,7,0,N,,N,N,,NULL,NULL,2022,O,7.28E+11,098-KY-0292  -000,HIGH,098-KY-0292  -000,5.816,0,0,0,1,0,0,1,0,0,0,0,1,0,0
2348,72515203,KSP0900,2020-555018,20200619,1630,,GRAPEVINE,,RD,KY0194,KY0194,0,098 KY-194,KY0194,N,N,NULL,NULL,NULL,N,NULL,NULL,NULL,NULL,NULL,NULL,30.984,NULL,NULL,NULL,NULL,,NULL,0,0,1,1,N,N,55,NULL,98,9817,NULL,,Y,37.44104,-82.36079,N,NULL,NULL,NULL,NULL,NULL,NULL,NULL,NULL,9,3,2,4,1,5,3,2,7,3,N,NULL,Y,Y,1630,1630,1630,N,NULL,70,7,0,N,,N,N,098-KY-0194-0,NULL,NULL,2020,O,7.25E+11,098-KY-0194  -000,HIGH,098-KY-0194  -000,30.984,0,0,0,0,0,0,0,0,0,0,0,1,0,0
2349,72483603,KSP0900,20-7848,20200229,915,,KY1056,,,KY1056,KY1056,0,098 KY-1056,KY1056,N,N,NULL,NULL,NULL,N,NULL,NULL,NULL,NULL,NULL,NULL,9.608,NULL,NULL,NULL,NULL,,NULL,2,0,2,2,N,N,55,NULL,98,9863,NULL,,Y,37.59898,-82.16787,N,NULL,NULL,NULL,NULL,NULL,NULL,NULL,NULL,3,3,2,3,1,2,2,1,7,3,Y,NULL,N,Y,915,934,1117,N,NULL,52,7,0,N,,N,N,098-KY-1056-0,NULL,NULL,2020,B,7.25E+11,098-KY-1056  -000,HIGH,098-KY-1056  -000,9.608,0,0,0,1,0,0,0,0,0,0,0,1,0,0
2350,72728791,980100,2.02E+11,20220207,1541,,THOMPSON,,RD,,,0,098 CS-1215,CS1215,Y,N,NULL,NULL,NULL,N,NULL,NULL,NULL,NULL,NULL,NULL,0.502,NULL,NULL,NULL,NULL,,NULL,0,0,2,2,N,N,,NULL,98,9801,NULL,,Y,37.50605,-82.54362,N,NULL,NULL,NULL,NULL,NULL,NULL,NULL,NULL,2,97,,6,1,1,2,2,5,3,N,NULL,Y,N,1541,1546,1546,N,NULL,90,,,Y,,N,N,098-CS-1215-0,NULL,NULL,2022,O,7.27E+11,098-CS-1215  -000,HIGH,098-CS-1215  -000,0.502,0,0,0,1,0,0,1,0,0,0,0,0,0,1
2351,72523846,980100,2.02E+11,20200717,1410,,US23,,,US0023,US0023,0,098 US-23-10,US0023,N,N,NULL,NULL,NULL,N,NULL,NULL,NULL,NULL,NULL,NULL,23.1,NULL,NULL,NULL,NULL,,NULL,0,0,2,2,N,N,55,NULL,98,9801,NULL,,Y,37.46597,-82.52871,N,NULL,NULL,NULL,NULL,NULL,NULL,NULL,NULL,5,3,4,6,1,5,3,2,1,3,N,NULL,Y,N,1410,1414,,N,NULL,49,,1,N,,N,N,098-US-0023-10,NULL,NULL,2020,O,7.25E+11,098-US-0023  -010,HIGH,098-US-0023  -000,23.1,0,0,0,0,0,0,0,0,0,0,0,0,0,1
2352,72707893,980100,2.02E+11,20211210,1912,,US460,,,US0460,US0460,,,,N,N,NULL,NULL,NULL,N,NULL,NULL,NULL,NULL,NULL,NULL,0.26,NULL,NULL,NULL,NULL,,NULL,1,0,2,2,N,N,35,NULL,98,9801,NULL,,Y,37.43869,-82.51006,N,NULL,NULL,NULL,NULL,NULL,NULL,NULL,NULL,1,3,2,6,1,5,3,5,1,3,Y,NULL,Y,Y,1912,1918,2002,N,NULL,55,,1,N,,N,N,,NULL,NULL,2021,B,7.27E+11,098-US-0460  -000,MEDIUM,098-US-0460  -000,0.26,0,0,0,0,0,0,1,0,0,0,0,0,0,1
2353,72485868,980100,2.02E+11,20200309,1720,,HAMBLEY,,BLVD,,,,,,Y,N,NULL,NULL,NULL,N,NULL,NULL,NULL,NULL,NULL,NULL,0.734,NULL,NULL,NULL,NULL,,NULL,0,0,2,2,N,N,15,NULL,98,9801,NULL,,Y,37.48154,-82.51888,N,NULL,NULL,NULL,NULL,NULL,NULL,NULL,NULL,2,97,,6,1,1,2,2,1,3,N,NULL,Y,N,1720,1724,1724,N,NULL,90,,,N,,N,N,,NULL,NULL,2020,O,7.25E+11,098-CS-1222  -000,MEDIUM,098-CS-1222  -000,0.734,0,0,0,1,0,0,1,0,0,0,0,0,0,1
2354,72475716,KSP0900,20-5275,20200209,1522,,KY1426,,,KY1426,KY1426,0,098 KY-1426,KY1426,N,N,NULL,NULL,NULL,N,NULL,NULL,NULL,NULL,NULL,NULL,10.877,NULL,NULL,NULL,NULL,,NULL,0,0,2,2,N,N,55,NULL,98,9828,NULL,,Y,37.52183,-82.47322,N,NULL,NULL,NULL,NULL,NULL,NULL,NULL,NULL,2,7,2,6,1,1,2,2,5,3,N,NULL,Y,N,1557,1619,1619,N,NULL,47,7,0,N,,N,N,098-KY-1426-0,NULL,NULL,2020,O,7.25E+11,098-KY-1426  -000,HIGH,098-KY-1426  -000,10.877,0,0,0,0,0,0,1,0,0,0,0,0,0,0