OBJECTID,MasterFile,AgencyORINumber,LocalCode,CollisionDate,CollisionTime,CollisionDayWeekCode,RoadwayName,RoadwayName_Direction_,RoadwayName_RoadwaySuffix_,RoadwayfromReport,CurrentRoadwayNumber,RoadwayNumberCoupletID,RSEUniqueGIS,RoadwayIdentifier,ParkingLotIndicator,IntersectionWith_Indicator_,IntersectionWith_NameRoadway_,IntersectionWith_Direction_,IntersectionWith_RoadwaySuffix_,BetweenStreets_Indicator_,BetweenStreets1_NameRoadway_,BetweenStreet1_Direction_,BetweenStreets1_RoadwaySuffix_,BetweenStreets2_NameRoadway_,BetweenStreets2_Direction_,BetweenStreets2_RoadwaySuffix_,Milepoint,ReportMilepointDeriveNumber,CurrentDerivedMiepointNumber,MilestoMilepoint,FeettoMilepoint,DirectionfromMilepoint_NSEW_,ValidMilepointIndicator,NumberInjured,NumberKilled,ofUnits,ofMotorVehicleUnits,Hit&RunIndicator,OneWayIndicator,SpeedLimitNumber,KilometersIndicator,CountyCode,CityCountyCode,MilesFromCity,DirectionFromCity_NSEW_,InCityLimitsIndicator,Latitude,Longitude,RampIndicator,RampFromIdentifier,RampFromDirCode,RampFromCoupletID,RSEUniqueGISRampFrom,RampToidentifier,RampToDirCode,RampToCoupletID,RSEUniqueGisRampTo,MannerofCollisionCode,LocationFirstEventCode,TotalLanes,RoadwayCharacterCode,RoadwaySurfaceCode,RoadwayConditionCode,WeatherCode,LightConditionCode,LandUseCode,SchoolBusRelatedCode,FirstAidSceneIndicator,CollDescPresentInd,InvestigationCompleteIndicator,PhotosTakenIndicator,TimeNotified,TimeArrived,TimeRoadwayOpened,PropertyDamageIndicator,DiagramPresentIndicator,DirectionalAnalysis,FunctionClassCode,NationalHwySysCode,EnforcementsIndicator,KARSCityCode,SecondaryCollisionIndicator,MedianCrossoverIndicator,RT_UNIQUE,MapIt,TimeLastLeft,YR,KABCO,MFNY,WorkingRID,RT_CONFIDENCE,KTC_RT,KTC_MP,Motorcyclist,Commercial Vehicle,Young Driver,Mature Driver,Pedestrian,Bicyclist,Distracted,Aggressive,Impaired,Unrestrained,Intersection,Roadway Departure,Median Cross-over,City Crash
2355,72549956,KSP0900,20-724035,20201002,1434,,MEATHOUSE,,FRK,KY3154,KY3154,0,098 KY-3154,KY3154,N,N,NULL,NULL,NULL,N,NULL,NULL,NULL,NULL,NULL,NULL,2.391,NULL,NULL,NULL,NULL,,NULL,0,0,1,1,N,N,35,NULL,98,9833,NULL,,Y,37.60451,-82.33005,N,NULL,NULL,NULL,NULL,NULL,NULL,NULL,NULL,9,3,2,6,1,1,2,2,7,3,N,NULL,Y,N,1432,1455,1630,Y,NULL,40,9,0,N,,N,N,098-KY-3154-0,NULL,NULL,2020,O,7.26E+11,098-KY-3154  -000,HIGH,098-KY-3154  -000,2.391,0,0,0,0,0,0,1,0,0,0,0,1,0,0
2356,72559384,980100,2.02E+11,20201031,2200,,US23,,,US0023,US0023,,,,N,N,NULL,NULL,NULL,N,NULL,NULL,NULL,NULL,NULL,NULL,30.983,NULL,NULL,NULL,NULL,,NULL,0,0,1,1,N,N,55,NULL,98,9801,NULL,,Y,37.53974,-82.59268,N,NULL,NULL,NULL,NULL,NULL,NULL,NULL,NULL,9,3,4,3,1,1,2,5,7,3,N,NULL,Y,N,2155,2200,2223,N,NULL,38,,1,N,,N,N,,NULL,NULL,2020,O,7.26E+11,098-US-0023  -000,MEDIUM,098-US-0023  -000,30.983,0,0,0,0,0,0,0,0,0,0,0,0,0,1
2357,72799336,KSP0900,22-330622,20220826,1549,,UPPER JOHNS,,CRK,KY0632,KY0632,0,098 KY-632,KY0632,N,N,NULL,NULL,NULL,N,NULL,NULL,NULL,NULL,NULL,NULL,0.004,NULL,NULL,NULL,NULL,,NULL,2,0,2,2,N,N,55,NULL,98,9817,NULL,,Y,37.49758,-82.34939,N,NULL,NULL,NULL,NULL,NULL,NULL,NULL,NULL,1,3,2,3,1,1,2,2,7,1,Y,NULL,Y,Y,1550,1600,1659,N,NULL,55,6,0,N,,N,N,098-KY-0632-0,NULL,NULL,2022,A,7.28E+11,098-KY-0632  -000,HIGH,098-KY-0632  -000,0.004,0,0,0,1,0,0,1,1,0,1,0,1,0,0
2358,72758127,980000,22-05-001,20220505,947,,US460,,,US0460,US0460,0,098 US-460,US0460,N,N,NULL,NULL,NULL,N,NULL,NULL,NULL,NULL,NULL,NULL,11.911,NULL,NULL,NULL,NULL,,NULL,1,0,1,1,N,N,45,NULL,98,9802,NULL,,Y,37.35168,-82.39128,N,NULL,NULL,NULL,NULL,NULL,NULL,NULL,NULL,9,3,2,3,1,1,2,2,7,3,N,NULL,Y,Y,947,1001,1018,Y,NULL,40,,1,Y,,N,Y,098-US-0460-0,NULL,NULL,2022,B,7.28E+11,098-US-0460  -000,HIGH,098-US-0460  -000,11.911,0,0,0,0,0,0,1,1,0,0,0,1,0,0
2359,72696310,980100,2.02E+11,20211105,1744,,CASSIDY,,BLVD,,,,,,Y,N,NULL,NULL,NULL,N,NULL,NULL,NULL,NULL,NULL,NULL,0.315,NULL,NULL,NULL,NULL,,NULL,0,0,2,2,N,N,,NULL,98,9801,NULL,,Y,37.50539,-82.53722,N,NULL,NULL,NULL,NULL,NULL,NULL,NULL,NULL,1,97,,6,1,1,2,2,1,3,N,NULL,Y,N,1744,1751,,N,NULL,90,,,N,,N,N,,NULL,NULL,2021,O,7.27E+11,098-CS-1191  -000,MEDIUM,098-CS-1191  -000,0.315,0,0,0,1,0,0,0,0,0,0,0,0,0,1
2360,72712231,KSP0900,21-514199,20211218,1607,,KY194,,,KY0194,KY0194,0,098 KY-194,KY0194,N,N,NULL,NULL,NULL,N,NULL,NULL,NULL,NULL,NULL,NULL,18.336,NULL,NULL,NULL,NULL,,NULL,0,0,1,1,N,N,55,NULL,98,9820,NULL,,Y,37.5583,-82.42272,N,NULL,NULL,NULL,NULL,NULL,NULL,NULL,NULL,9,5,2,3,1,5,2,2,7,3,N,NULL,Y,N,1607,1627,1627,Y,NULL,44,6,5,N,,N,N,098-KY-0194-0,NULL,NULL,2021,O,7.27E+11,098-KY-0194  -000,HIGH,098-KY-0194  -000,18.336,0,0,0,0,0,0,0,0,0,0,0,1,0,0
2361,72771611,980100,2.02E+11,20220611,1516,,KY3496,,,KY3496,KY3496,0,098 KY-3496,KY3496,Y,N,NULL,NULL,NULL,N,NULL,NULL,NULL,NULL,NULL,NULL,0.225,NULL,NULL,NULL,NULL,,NULL,0,0,2,2,N,N,,NULL,98,9801,NULL,,Y,37.46673,-82.53157,N,NULL,NULL,NULL,NULL,NULL,NULL,NULL,NULL,2,97,0,6,1,1,2,2,1,3,N,NULL,Y,N,1516,1520,,N,NULL,90,16,0,N,,N,N,098-KY-3496-0,NULL,NULL,2022,O,7.28E+11,098-KY-3496  -000,HIGH,098-KY-3496  -000,0.225,0,0,0,0,0,0,0,0,0,0,0,0,0,1
2362,72601601,KSP0900,21-75507,20210225,1605,,STONE COAL CREEK,,RD,KY3227,KY3227,0,098 KY-3227,KY3227,N,N,NULL,NULL,NULL,N,NULL,NULL,NULL,NULL,NULL,NULL,1.566,NULL,NULL,NULL,NULL,,NULL,0,0,1,1,N,N,55,NULL,98,9801,2,E,N,37.53093,-82.53773,N,NULL,NULL,NULL,NULL,NULL,NULL,NULL,NULL,9,6,2,6,1,1,2,2,7,3,N,NULL,Y,N,1629,1757,1629,N,NULL,40,8,0,N,,N,N,098-KY-3227-0,NULL,NULL,2021,O,7.26E+11,098-KY-3227  -000,HIGH,098-KY-3227  -000,1.566,0,0,0,0,0,0,0,0,0,0,0,1,0,0
2363,72504403,KSP0900,20-18752,20200519,1315,,WILLIAMSON,,RD,KY0292,KY0292,0,098 KY-292,KY0292,N,N,NULL,NULL,NULL,N,NULL,NULL,NULL,NULL,NULL,NULL,6.472,NULL,NULL,NULL,NULL,,NULL,1,0,2,2,N,N,45,NULL,98,9834,NULL,,Y,37.67446,-82.29601,N,NULL,NULL,NULL,NULL,NULL,NULL,NULL,NULL,3,6,2,4,1,5,6,2,7,3,Y,NULL,Y,Y,1330,1340,1530,N,NULL,47,7,0,N,,N,N,098-KY-0292-0,NULL,NULL,2020,B,7.25E+11,098-KY-0292  -000,HIGH,098-KY-0292  -000,6.472,0,0,0,0,0,0,0,0,0,0,0,1,0,0
2364,72555289,KSP0900,20-747133,20201018,1656,,US119,,,US0119,US0119,,,,N,N,NULL,NULL,NULL,N,NULL,NULL,NULL,NULL,NULL,NULL,24.643,NULL,NULL,NULL,NULL,,NULL,0,0,2,2,N,N,55,NULL,98,9834,NULL,,Y,37.66402,-82.27347,N,NULL,NULL,NULL,NULL,NULL,NULL,NULL,NULL,7,3,3,6,2,1,2,2,7,3,N,NULL,N,N,1650,1656,1745,N,NULL,54,2,1,N,,N,N,,NULL,NULL,2020,O,7.26E+11,098-US-0119  -000,MEDIUM,098-US-0119  -000,24.643,0,0,0,0,0,0,1,1,0,0,0,1,0,0
2365,72726030,980100,2.02E+11,20220128,1233,,CASSIDY,,BLVD,,,0,098 CS-1191,CS1191,N,N,NULL,NULL,NULL,N,NULL,NULL,NULL,NULL,NULL,NULL,0.047,NULL,NULL,NULL,NULL,,NULL,0,0,2,2,N,N,35,NULL,98,9801,NULL,,Y,37.50368,-82.53292,N,NULL,NULL,NULL,NULL,NULL,NULL,NULL,NULL,1,3,2,6,1,5,9,2,1,3,N,NULL,Y,N,1233,1240,,N,NULL,55,,,N,,N,N,098-CS-1191-0,NULL,NULL,2022,O,7.27E+11,098-CS-1191  -000,HIGH,098-CS-1191  -000,0.047,0,0,0,0,0,0,1,0,0,0,0,0,0,1
2366,72643657,KSP0900,21-273857,20210703,1236,,LEFT FORK DRY,,FRK,,,0,098 CR-1240,CR1240,N,N,NULL,NULL,NULL,N,NULL,NULL,NULL,NULL,NULL,NULL,0.138,NULL,NULL,NULL,NULL,,NULL,0,0,2,2,N,N,35,NULL,98,9830,NULL,,Y,37.32587,-82.43053,N,NULL,NULL,NULL,NULL,NULL,NULL,NULL,NULL,2,3,1,6,3,1,2,2,7,3,N,NULL,Y,N,1236,1320,1330,N,NULL,56,,,N,,N,N,098-CR-1240-0,NULL,NULL,2021,O,7.26E+11,098-CR-1240  -000,HIGH,098-CR-1240  -000,0.138,0,0,0,1,0,0,1,0,0,0,0,0,0,0
2367,72727618,KSP0900,22-42592,20220204,1600,,MAIN,,ST,,,0,098 CS-3000,CS3000,Y,N,NULL,NULL,NULL,N,NULL,NULL,NULL,NULL,NULL,NULL,0.459,NULL,NULL,NULL,NULL,,NULL,0,0,1,1,N,N,5,NULL,98,9807,NULL,,Y,37.5189,-82.56636,N,NULL,NULL,NULL,NULL,NULL,NULL,NULL,NULL,9,97,1,6,1,5,6,2,1,3,N,NULL,Y,N,1601,1615,1615,Y,NULL,90,,,N,,N,N,098-CS-3000-0,NULL,NULL,2022,O,7.27E+11,098-CS-3000  -000,HIGH,098-CS-3000  -000,0.459,0,0,0,0,0,0,0,0,0,0,0,1,0,0
2368,72440685,KSP0900,19-45830,20191121,1904,,DOUGLAS,,PARK,,,0,098 CR-1704,CR1704,Y,N,NULL,NULL,NULL,N,NULL,NULL,NULL,NULL,NULL,NULL,0.192,NULL,NULL,NULL,NULL,,NULL,0,0,2,2,N,N,,NULL,98,9801,NULL,,Y,37.37918,-82.53572,N,NULL,NULL,NULL,NULL,NULL,NULL,NULL,NULL,6,97,,6,3,1,2,6,7,3,N,NULL,Y,N,1905,1944,,N,NULL,90,,,N,,N,N,098-CR-1704-0,NULL,NULL,2019,O,7.24E+11,098-CR-1704  -000,HIGH,098-CR-1704  -000,0.192,0,0,0,0,0,0,1,0,0,0,0,0,0,0
2369,72727125,980100,2.02E+11,20220129,2304,,COLLEGE,N,ST,,,,,,N,N,NULL,NULL,NULL,N,NULL,NULL,NULL,NULL,NULL,NULL,0.068,NULL,NULL,NULL,NULL,,NULL,0,0,2,2,N,N,25,NULL,98,9801,NULL,,Y,37.47657,-82.52129,N,NULL,NULL,NULL,NULL,NULL,NULL,NULL,NULL,1,3,2,6,1,1,2,5,7,3,N,NULL,Y,N,2304,2308,6,N,NULL,55,,,N,,N,N,,NULL,NULL,2022,O,7.27E+11,098-CS-1108  -000,LOW,098-CS-1108  -000,0.068,0,0,0,0,0,0,1,1,0,0,0,0,0,1
2370,72720812,KSP0900,22-16358,20220113,1806,,KY194,,,KY0194,KY0194,0,098 KY-194,KY0194,N,N,NULL,NULL,NULL,N,NULL,NULL,NULL,NULL,NULL,NULL,18.691,NULL,NULL,NULL,NULL,,NULL,0,0,1,1,N,N,55,NULL,98,9817,NULL,,Y,37.55974,-82.41722,N,NULL,NULL,NULL,NULL,NULL,NULL,NULL,NULL,9,5,2,2,1,5,6,6,7,3,N,NULL,Y,N,1806,1810,2315,N,NULL,51,6,5,N,,N,N,098-KY-0194-0,NULL,NULL,2022,O,7.27E+11,098-KY-0194  -000,HIGH,098-KY-0194  -000,18.691,0,1,0,0,0,0,0,0,0,0,0,1,0,0
2371,72650074,KSP0900,21-295375,20210717,246,,HOSPITAL,,DR,,,0,098 CR-1015C,CR1015C,Y,N,NULL,NULL,NULL,N,NULL,NULL,NULL,NULL,NULL,NULL,0.004,NULL,NULL,NULL,NULL,,NULL,0,0,1,1,Y,N,,NULL,98,9834,NULL,,Y,37.67515,-82.29697,N,NULL,NULL,NULL,NULL,NULL,NULL,NULL,NULL,9,97,0,6,1,1,2,5,5,3,N,NULL,Y,N,246,315,315,Y,NULL,90,,,N,,N,N,098-CR-1015C-0,NULL,NULL,2021,O,7.27E+11,098-CR-1015C -000,HIGH,098-CR-1015C -000,0.004,0,0,0,0,0,0,0,0,0,0,0,0,0,0
2372,72819378,KSP0900,22-405967,20221021,1758,,BANK,,LN,,,0,098 CR-1833C,CR1833C,Y,N,NULL,NULL,NULL,N,NULL,NULL,NULL,NULL,NULL,NULL,0.018,NULL,NULL,NULL,NULL,,NULL,0,0,1,1,N,Y,,NULL,98,9804,NULL,,Y,37.51993,-82.15468,N,NULL,NULL,NULL,NULL,NULL,NULL,NULL,NULL,9,97,,6,1,1,2,2,1,3,N,NULL,Y,N,1804,1835,1835,Y,NULL,90,,,N,,N,N,098-CR-1833C-0,NULL,NULL,2022,O,7.28E+11,098-CR-1833C -000,HIGH,098-CR-1833C -000,0.018,0,0,0,0,0,0,0,0,0,0,0,0,0,0
2373,72493802,KSP0900,20-13162,20200411,952,,MALL,S,RD,,,0,098 PR-1010,PR1010,N,N,NULL,NULL,NULL,N,NULL,NULL,NULL,NULL,NULL,NULL,0.326,NULL,NULL,NULL,NULL,,NULL,0,0,2,2,N,N,25,NULL,98,9834,NULL,,Y,37.65551,-82.27338,N,NULL,NULL,NULL,NULL,NULL,NULL,NULL,NULL,1,3,4,4,1,1,2,2,7,3,N,NULL,Y,Y,1005,1028,1041,N,NULL,55,,,N,,N,N,098-PR-1010-0,NULL,NULL,2020,O,7.25E+11,098-PR-1010  -000,HIGH,098-PR-1010  -000,0.326,0,0,0,0,0,0,1,0,0,0,0,0,0,0
2374,72604322,980100,2.02E+11,20210312,1842,,HAMBLEY,,BLVD,,,0,098 CS-1222,CS1222,N,N,NULL,NULL,NULL,N,NULL,NULL,NULL,NULL,NULL,NULL,0.118,NULL,NULL,NULL,NULL,,NULL,0,0,2,2,Y,N,25,NULL,98,9801,NULL,,Y,37.47464,-82.52528,N,NULL,NULL,NULL,NULL,NULL,NULL,NULL,NULL,8,3,2,6,1,1,2,2,6,3,N,NULL,Y,N,1842,1842,,N,NULL,47,,,Y,,N,N,098-CS-1222-0,NULL,NULL,2021,O,7.26E+11,098-CS-1222  -000,HIGH,098-CS-1222  -000,0.118,0,0,0,0,0,0,0,0,1,0,0,0,0,1
2375,72736144,980100,2.02E+11,20220221,1743,,HAMBLEY,,BLVD,,,0,098 CS-1222,CS1222,N,N,NULL,NULL,NULL,N,NULL,NULL,NULL,NULL,NULL,NULL,0.635,NULL,NULL,NULL,NULL,,NULL,0,0,2,2,Y,N,25,NULL,98,9801,NULL,,Y,37.48013,-82.5192,N,NULL,NULL,NULL,NULL,NULL,NULL,NULL,NULL,7,7,2,6,1,1,2,2,1,3,N,NULL,Y,N,1743,1745,1558,N,NULL,47,,,N,,N,N,098-CS-1222-0,NULL,NULL,2022,O,7.27E+11,098-CS-1222  -000,HIGH,098-CS-1222  -000,0.635,0,0,0,0,0,0,0,0,0,0,0,0,0,1
2376,72553761,980100,2.02E+11,20201016,1800,,US23,,,US0023,US0023,,,,N,N,NULL,NULL,NULL,N,NULL,NULL,NULL,NULL,NULL,NULL,30.584,NULL,NULL,NULL,NULL,,NULL,0,0,2,2,N,N,55,NULL,98,9801,NULL,,Y,37.54279,-82.58644,N,NULL,NULL,NULL,NULL,NULL,NULL,NULL,NULL,8,3,4,3,1,1,2,2,7,3,N,NULL,Y,N,1800,1811,1811,N,NULL,53,,1,N,,N,N,,NULL,NULL,2020,O,7.26E+11,098-US-0023  -000,HIGH,098-US-0023  -000,30.584,0,0,1,0,0,0,1,1,0,0,0,1,0,1
2377,72661835,980100,2.02E+11,20210817,1108,,CASSIDY,,BLVD,,,0,098 CS-1191,CS1191,N,N,NULL,NULL,NULL,N,NULL,NULL,NULL,NULL,NULL,NULL,0.046,NULL,NULL,NULL,NULL,,NULL,2,0,2,2,N,N,25,NULL,98,9801,NULL,,Y,37.5037,-82.53291,N,NULL,NULL,NULL,NULL,NULL,NULL,NULL,NULL,1,3,3,6,1,5,3,2,1,3,Y,NULL,Y,Y,1110,1116,1118,N,NULL,55,,,N,,N,N,098-CS-1191-0,NULL,NULL,2021,C,7.27E+11,098-CS-1191  -000,HIGH,098-CS-1191  -000,0.046,0,0,1,0,0,0,1,0,0,0,0,0,0,1
2378,72557126,KSP0900,20-750847,20201021,835,,US23,,,US0023,US0023,0,098 US-23,US0023,N,N,NULL,NULL,NULL,N,NULL,NULL,NULL,NULL,NULL,NULL,2.617,NULL,NULL,NULL,NULL,,NULL,1,0,1,1,N,N,55,NULL,98,9809,1,S,N,37.27109,-82.60423,N,NULL,NULL,NULL,NULL,NULL,NULL,NULL,NULL,9,5,2,4,2,1,2,2,7,3,Y,NULL,Y,Y,835,855,925,N,NULL,40,,1,Y,,N,Y,098-US-0023-0,NULL,NULL,2020,A,7.26E+11,098-US-0023  -000,HIGH,098-US-0023  -000,2.617,0,0,0,0,0,0,0,0,1,1,0,1,0,0
2379,72525509,980000,20-07-006,20200714,1700,,KY1426,,,KY1426,KY1426,0,098 KY-1426,KY1426,Y,N,NULL,NULL,NULL,N,NULL,NULL,NULL,NULL,NULL,NULL,10.814,NULL,NULL,NULL,NULL,,NULL,0,0,2,2,Y,N,10,NULL,98,9828,NULL,,Y,37.52148,-82.47348,N,NULL,NULL,NULL,NULL,NULL,NULL,NULL,NULL,7,7,2,6,1,1,2,2,1,3,N,NULL,Y,Y,1700,1700,1720,N,NULL,90,7,0,N,,N,N,098-KY-1426-0,NULL,NULL,2020,O,7.25E+11,098-KY-1426  -000,HIGH,098-KY-1426  -000,10.814,0,0,0,0,0,0,1,0,0,0,0,0,0,0
2380,72554031,370200,2020-742455,20201015,1030,,FERRELLS CREEK,,RD,US0460,US0460,0,098 US-460,US0460,N,N,NULL,NULL,NULL,N,NULL,NULL,NULL,NULL,NULL,NULL,22.485,NULL,NULL,NULL,NULL,,NULL,1,0,2,2,N,N,55,NULL,98,9847,NULL,,Y,37.38263,-82.25483,N,NULL,NULL,NULL,NULL,NULL,NULL,NULL,NULL,1,3,2,6,1,1,2,2,7,3,Y,NULL,Y,Y,1058,1119,1142,N,NULL,55,,1,N,,N,N,098-US-0460-0,NULL,NULL,2020,C,7.26E+11,098-US-0460  -000,HIGH,098-US-0460  -000,22.485,0,1,0,1,0,0,1,0,0,0,0,0,0,0
2381,72536435,KSP0900,20-653918,20200817,1340,,DORTON-JENKINS,,HWY,KY0805,KY0805,0,098 KY-805,KY0805,N,N,NULL,NULL,NULL,N,NULL,NULL,NULL,NULL,NULL,NULL,4.96,NULL,NULL,NULL,NULL,,NULL,1,0,1,1,N,N,35,NULL,98,9809,NULL,,Y,37.25542,-82.57006,N,NULL,NULL,NULL,NULL,NULL,NULL,NULL,NULL,9,3,2,6,1,1,2,2,7,3,Y,NULL,N,N,1340,1410,,N,NULL,70,7,0,N,,N,N,098-KY-0805-0,NULL,NULL,2020,B,7.25E+11,098-KY-0805  -000,HIGH,098-KY-0805  -000,4.96,0,0,1,0,0,0,0,0,0,0,0,0,0,0
2382,72741257,980100,2.02E+11,20220315,1700,,US23,,,US0023,US0023,,,,N,N,NULL,NULL,NULL,N,NULL,NULL,NULL,NULL,NULL,NULL,31.582,NULL,NULL,NULL,NULL,,NULL,0,0,2,2,N,N,55,NULL,98,9801,NULL,,Y,37.53695,-82.60123,N,NULL,NULL,NULL,NULL,NULL,NULL,NULL,NULL,5,3,4,6,1,1,2,2,1,3,N,NULL,Y,N,1651,1713,1713,N,NULL,49,,1,N,,N,N,,NULL,NULL,2022,O,7.27E+11,098-US-0023  -000,MEDIUM,098-US-0023  -000,31.582,1,0,0,0,0,0,0,1,0,0,0,0,0,1
2383,72633072,KSP0900,09-21-0500,20210604,1134,,YELLOW HILL,,RD,,,0,098 CR-1661B,CR1661B,N,N,NULL,NULL,NULL,N,NULL,NULL,NULL,NULL,NULL,NULL,0.072,NULL,NULL,NULL,NULL,,NULL,0,0,1,1,Y,N,25,NULL,98,9802,NULL,,Y,37.35614,-82.40537,N,NULL,NULL,NULL,NULL,NULL,NULL,NULL,NULL,9,5,1,4,1,1,2,4,7,3,N,NULL,N,Y,2334,2349,10,Y,NULL,51,,,N,,N,N,098-CR-1661B-0,NULL,NULL,2021,O,7.26E+11,098-CR-1661B -000,HIGH,098-CR-1661B -000,0.072,0,0,0,0,0,0,0,0,0,0,0,1,0,0
2384,72475036,980100,2.02E+11,20200210,1251,,HAMBLEY,,BLVD,,,0,098 CS-1222,CS1222,N,N,NULL,NULL,NULL,N,NULL,NULL,NULL,NULL,NULL,NULL,1.683,NULL,NULL,NULL,NULL,,NULL,0,0,2,2,N,N,35,NULL,98,9801,NULL,,Y,37.48185,-82.53324,N,NULL,NULL,NULL,NULL,NULL,NULL,NULL,NULL,1,3,2,6,1,5,6,2,7,3,N,NULL,Y,N,1252,1256,1256,N,NULL,55,,,N,,N,N,098-CS-1222-0,NULL,NULL,2020,O,7.25E+11,098-CS-1222  -000,HIGH,098-CS-1222  -000,1.683,0,0,0,0,0,0,1,0,0,0,0,0,0,1
2385,72745791,KSP0900,22-99037,20220318,1623,,US23,,,US0023,US0023,0,098 US-23,US0023,N,N,NULL,NULL,NULL,N,NULL,NULL,NULL,NULL,NULL,NULL,30.545,NULL,NULL,NULL,NULL,,NULL,0,0,2,2,N,N,55,NULL,98,9801,NULL,,Y,37.54264,-82.58575,N,NULL,NULL,NULL,NULL,NULL,NULL,NULL,NULL,3,5,4,3,1,1,2,2,1,3,N,NULL,Y,N,1605,1640,1640,N,NULL,51,,1,N,,N,N,098-US-0023-0,NULL,NULL,2022,O,7.27E+11,098-US-0023  -000,HIGH,098-US-0023  -000,30.545,0,0,0,0,0,0,0,0,0,0,0,1,0,1
2386,72476075,980100,2.02E+11,20200211,1537,,US23,,,US0023,US0023,,,,N,N,NULL,NULL,NULL,N,NULL,NULL,NULL,NULL,NULL,NULL,26.232,NULL,NULL,NULL,NULL,,NULL,3,0,2,2,N,N,55,NULL,98,9801,NULL,,Y,37.50293,-82.53205,N,NULL,NULL,NULL,NULL,NULL,NULL,NULL,NULL,5,3,4,6,1,5,3,2,7,3,Y,NULL,Y,Y,1537,1537,,N,NULL,70,,1,Y,,N,N,,NULL,NULL,2020,C,7.25E+11,098-US-0023  -000,MEDIUM,098-US-0023  -000,26.232,0,1,0,0,0,0,1,0,0,0,0,0,0,1
2387,72580354,980100,2.02E+11,20201231,957,,CASSIDY,,BLVD,,,0,098 CS-1191,CS1191,Y,N,NULL,NULL,NULL,N,NULL,NULL,NULL,NULL,NULL,NULL,0.055,NULL,NULL,NULL,NULL,,NULL,0,0,2,2,N,N,,NULL,98,9801,NULL,,Y,37.50367,-82.53304,N,NULL,NULL,NULL,NULL,NULL,NULL,NULL,NULL,1,97,1,6,1,5,6,2,1,3,N,NULL,Y,N,957,1004,1005,N,NULL,90,,,N,,N,N,098-CS-1191-0,NULL,NULL,2020,O,7.26E+11,098-CS-1191  -000,HIGH,098-CS-1191  -000,0.055,0,0,0,1,0,0,1,0,0,0,0,0,0,1
2388,72787157,KSP0900,22-273332,20220718,1606,,US119,,,US0119,US0119,0,098 US-119,US0119,N,N,NULL,NULL,NULL,N,NULL,NULL,NULL,NULL,NULL,NULL,24.545,NULL,NULL,NULL,NULL,,NULL,2,0,2,2,N,N,55,NULL,98,9836,NULL,,Y,37.66266,-82.27332,N,NULL,NULL,NULL,NULL,NULL,NULL,NULL,NULL,5,3,4,6,1,5,2,2,7,3,Y,NULL,Y,Y,1604,1618,1618,N,NULL,49,2,1,N,,N,N,098-US-0119-0,NULL,NULL,2022,C,7.28E+11,098-US-0119  -000,HIGH,098-US-0119  -000,24.545,0,0,0,0,0,0,0,0,0,0,0,0,0,0
2389,72475738,KSP0900,20-5684,20200212,1847,,KY194,,,KY0194,KY0194,0,098 KY-194,KY0194,N,N,NULL,NULL,NULL,N,NULL,NULL,NULL,NULL,NULL,NULL,16.002,NULL,NULL,NULL,NULL,,NULL,0,0,1,1,N,N,55,NULL,98,9820,NULL,,Y,37.56763,-82.46605,N,NULL,NULL,NULL,NULL,NULL,NULL,NULL,NULL,9,4,2,3,1,5,2,6,7,3,N,NULL,Y,N,1847,1922,1922,Y,NULL,44,7,0,N,,N,N,098-KY-0194-0,NULL,NULL,2020,O,7.25E+11,098-KY-0194  -000,HIGH,098-KY-0194  -000,16.002,0,0,0,0,0,0,0,0,0,0,0,1,0,0
2390,72594502,980100,2.02E+11,20210214,1538,,MAYO,S,TRL,,,,,,Y,N,NULL,NULL,NULL,N,NULL,NULL,NULL,NULL,NULL,NULL,,NULL,NULL,NULL,NULL,NULL,NULL,0,0,1,1,N,N,,NULL,98,9801,NULL,,Y,37.46626,-82.53133,N,NULL,NULL,NULL,NULL,NULL,NULL,NULL,NULL,9,97,2,6,1,5,3,2,1,3,N,NULL,Y,N,1539,1543,1543,N,NULL,90,,,N,,N,N,,NULL,NULL,2021,O,7.26E+11,098-KY-3496  -000,MEDIUM,098-KY-3496  -000,0.201,0,0,0,0,0,0,1,0,0,0,0,1,0,1
2391,72487089,980100,2.02E+11,20200312,1355,,CHAMPIONSHIP,,DR,,,0,098 CS-1186-80,CS1186,Y,N,NULL,NULL,NULL,N,NULL,NULL,NULL,NULL,NULL,NULL,0.042,NULL,NULL,NULL,NULL,,NULL,0,0,2,2,N,N,15,NULL,98,9801,NULL,,Y,37.48758,-82.54248,N,NULL,NULL,NULL,NULL,NULL,NULL,NULL,NULL,2,97,1,6,1,1,2,2,7,3,N,NULL,Y,N,1355,1400,1417,N,NULL,90,,,N,,N,N,098-CS-1186-80,NULL,NULL,2020,O,7.25E+11,098-CS-1186  -080,HIGH,098-CS-1186  -080,0.042,0,0,0,0,0,0,0,0,0,0,0,0,0,0
2392,72625400,980100,2.02E+11,20210515,1558,,MT CHASE,,DR,,,0,098 CS-1179,CS1179,N,N,NULL,NULL,NULL,N,NULL,NULL,NULL,NULL,NULL,NULL,0.057,NULL,NULL,NULL,NULL,,NULL,0,0,2,2,N,N,15,NULL,98,9801,NULL,,Y,37.48312,-82.52866,N,NULL,NULL,NULL,NULL,NULL,NULL,NULL,NULL,2,7,2,4,1,1,2,2,6,3,N,NULL,Y,N,1558,1604,,N,NULL,47,,,N,,N,N,098-CS-1179-0,NULL,NULL,2021,O,7.26E+11,098-CS-1179  -000,HIGH,098-CS-1179  -000,0.057,0,0,0,0,0,0,1,0,0,0,0,0,0,1