OBJECTID,MasterFile,AgencyORINumber,LocalCode,CollisionDate,CollisionTime,CollisionDayWeekCode,RoadwayName,RoadwayName_Direction_,RoadwayName_RoadwaySuffix_,RoadwayfromReport,CurrentRoadwayNumber,RoadwayNumberCoupletID,RSEUniqueGIS,RoadwayIdentifier,ParkingLotIndicator,IntersectionWith_Indicator_,IntersectionWith_NameRoadway_,IntersectionWith_Direction_,IntersectionWith_RoadwaySuffix_,BetweenStreets_Indicator_,BetweenStreets1_NameRoadway_,BetweenStreet1_Direction_,BetweenStreets1_RoadwaySuffix_,BetweenStreets2_NameRoadway_,BetweenStreets2_Direction_,BetweenStreets2_RoadwaySuffix_,Milepoint,ReportMilepointDeriveNumber,CurrentDerivedMiepointNumber,MilestoMilepoint,FeettoMilepoint,DirectionfromMilepoint_NSEW_,ValidMilepointIndicator,NumberInjured,NumberKilled,ofUnits,ofMotorVehicleUnits,Hit&RunIndicator,OneWayIndicator,SpeedLimitNumber,KilometersIndicator,CountyCode,CityCountyCode,MilesFromCity,DirectionFromCity_NSEW_,InCityLimitsIndicator,Latitude,Longitude,RampIndicator,RampFromIdentifier,RampFromDirCode,RampFromCoupletID,RSEUniqueGISRampFrom,RampToidentifier,RampToDirCode,RampToCoupletID,RSEUniqueGisRampTo,MannerofCollisionCode,LocationFirstEventCode,TotalLanes,RoadwayCharacterCode,RoadwaySurfaceCode,RoadwayConditionCode,WeatherCode,LightConditionCode,LandUseCode,SchoolBusRelatedCode,FirstAidSceneIndicator,CollDescPresentInd,InvestigationCompleteIndicator,PhotosTakenIndicator,TimeNotified,TimeArrived,TimeRoadwayOpened,PropertyDamageIndicator,DiagramPresentIndicator,DirectionalAnalysis,FunctionClassCode,NationalHwySysCode,EnforcementsIndicator,KARSCityCode,SecondaryCollisionIndicator,MedianCrossoverIndicator,RT_UNIQUE,MapIt,TimeLastLeft,YR,KABCO,MFNY,WorkingRID,RT_CONFIDENCE,KTC_RT,KTC_MP,Motorcyclist,Commercial Vehicle,Young Driver,Mature Driver,Pedestrian,Bicyclist,Distracted,Aggressive,Impaired,Unrestrained,Intersection,Roadway Departure,Median Cross-over,City Crash
2393,72649719,KSP0900,21-283454,20210709,1151,,KY122,,,KY0122,KY0122,0,098 KY-122,KY0122,N,N,NULL,NULL,NULL,N,NULL,NULL,NULL,NULL,NULL,NULL,4.758,NULL,NULL,NULL,NULL,,NULL,2,0,1,1,N,N,55,NULL,98,9827,NULL,,Y,37.34698,-82.59876,N,NULL,NULL,NULL,NULL,NULL,NULL,NULL,NULL,9,3,2,3,1,1,2,2,7,3,Y,NULL,Y,Y,1152,1201,1220,N,NULL,40,,0,Y,,N,N,098-KY-0122-0,NULL,NULL,2021,B,7.26E+11,098-KY-0122  -000,HIGH,098-KY-0122  -000,4.758,0,0,0,0,0,0,0,0,1,1,0,1,0,0
2394,72552290,980100,2.02E+11,20201009,2117,,OWSLEY,,RD,KY1384,KY1384,0,098 KY-1384,KY1384,N,N,NULL,NULL,NULL,N,NULL,NULL,NULL,NULL,NULL,NULL,7.26,NULL,NULL,NULL,NULL,,NULL,0,0,1,1,Y,N,35,NULL,98,9801,NULL,,Y,37.48106,-82.53519,N,NULL,NULL,NULL,NULL,NULL,NULL,NULL,NULL,9,5,4,5,1,1,2,5,6,3,N,NULL,N,Y,2117,2119,,Y,NULL,51,16,0,N,,N,N,098-KY-1384-0,NULL,NULL,2020,O,7.26E+11,098-KY-1384  -000,HIGH,098-KY-1384  -000,7.26,0,0,0,0,0,0,0,0,0,0,0,1,0,1
2395,72724769,980100,2.02E+11,20220127,1529,,CASSIDY,,BLVD,,,,,,Y,N,NULL,NULL,NULL,N,NULL,NULL,NULL,NULL,NULL,NULL,0.251,NULL,NULL,NULL,NULL,,NULL,0,0,2,2,N,N,15,NULL,98,9801,NULL,,Y,37.50453,-82.53596,N,NULL,NULL,NULL,NULL,NULL,NULL,NULL,NULL,1,97,1,6,1,1,2,2,1,3,N,NULL,Y,N,1529,1537,1537,N,NULL,90,,,N,,N,N,,NULL,NULL,2022,O,7.27E+11,098-CS-1191  -000,LOW,098-CS-1191  -000,0.251,0,0,0,0,0,0,0,0,0,0,0,0,0,1
2396,72712885,KSP0900,21-489162,20211201,1058,,WILLIAMSON,,RD,KY0292,KY0292,0,098 KY-292,KY0292,Y,N,NULL,NULL,NULL,N,NULL,NULL,NULL,NULL,NULL,NULL,5.177,NULL,NULL,NULL,NULL,,NULL,0,0,2,2,N,N,,NULL,98,9834,NULL,,Y,37.67322,-82.28293,N,NULL,NULL,NULL,NULL,NULL,NULL,NULL,NULL,2,97,2,6,1,1,3,2,1,3,Y,NULL,Y,N,1058,1105,1130,N,NULL,90,7,0,N,,N,N,098-KY-0292-0,NULL,NULL,2021,O,7.27E+11,098-KY-0292  -000,HIGH,098-KY-0292  -000,5.177,0,0,0,0,0,0,1,0,0,0,0,0,0,0
2397,72783039,KSP0900,22-267870,20220714,1712,,FERRELLS CREEK,,RD,US0460,US0460,0,098 US-460,US0460,N,N,NULL,NULL,NULL,N,NULL,NULL,NULL,NULL,NULL,NULL,20.639,NULL,NULL,NULL,NULL,,NULL,0,0,1,1,N,N,55,NULL,98,9876,NULL,,Y,37.37547,-82.28316,N,NULL,NULL,NULL,NULL,NULL,NULL,NULL,NULL,9,3,2,5,1,5,6,2,7,3,N,NULL,Y,N,1712,1750,1750,N,NULL,44,,1,N,,N,N,098-US-0460-0,NULL,NULL,2022,O,7.28E+11,098-US-0460  -000,HIGH,098-US-0460  -000,20.639,0,0,0,0,0,0,0,0,0,0,0,1,0,0
2398,72395660,KSP0900,19-31953,20190818,1921,,GOODY,,LOOP,,,0,098 PR-1024,PR1024,Y,N,NULL,NULL,NULL,N,NULL,NULL,NULL,NULL,NULL,NULL,0.035,NULL,NULL,NULL,NULL,,NULL,0,0,2,2,N,N,10,NULL,98,9834,NULL,,Y,37.6598,-82.27265,N,NULL,NULL,NULL,NULL,NULL,NULL,NULL,NULL,1,97,2,6,1,1,2,2,1,3,Y,NULL,Y,N,1921,1931,1950,N,NULL,90,,,N,,N,N,098-PR-1024-0,NULL,NULL,2019,O,7.24E+11,098-PR-1024  -000,HIGH,098-PR-1024  -000,0.035,0,0,0,1,0,0,0,0,0,0,0,0,0,0
2399,72738698,980100,2.02E+11,20220307,2010,,MAYO,S,TRL,KY3496,KY3496,0,098 KY-3496,KY3496,Y,N,NULL,NULL,NULL,N,NULL,NULL,NULL,NULL,NULL,NULL,0.063,NULL,NULL,NULL,NULL,,NULL,0,0,1,1,N,N,35,NULL,98,9801,NULL,,Y,37.4656,-82.52895,N,NULL,NULL,NULL,NULL,NULL,NULL,NULL,NULL,9,97,1,6,1,1,2,5,1,3,N,NULL,Y,N,2010,2012,2012,Y,NULL,90,16,0,Y,,N,N,098-KY-3496-0,NULL,NULL,2022,O,7.27E+11,098-KY-3496  -000,HIGH,098-KY-3496  -000,0.063,0,0,0,0,0,0,0,0,1,0,0,1,0,1
2400,72502477,980100,2.02E+11,20200518,1655,,US23,,,US0023,US0023,,,,N,N,NULL,NULL,NULL,N,NULL,NULL,NULL,NULL,NULL,NULL,26.291,NULL,NULL,NULL,NULL,,NULL,0,0,2,2,N,N,55,NULL,98,9801,NULL,,Y,37.50375,-82.53237,N,NULL,NULL,NULL,NULL,NULL,NULL,NULL,NULL,1,3,4,3,1,1,3,2,7,3,N,NULL,Y,N,1655,1701,1701,N,NULL,55,,1,N,,N,N,,NULL,NULL,2020,O,7.25E+11,098-US-0023  -010,MEDIUM,098-US-0023  -000,26.291,0,0,0,0,0,0,1,0,0,0,0,0,0,1
2401,72528789,980500,2020AR037,20200806,1606,,COUNTRY MUSIC HIGHWAY,,TRL,US0023,US0023,0,098 US-23,US0023,N,N,NULL,NULL,NULL,N,NULL,NULL,NULL,NULL,NULL,NULL,,NULL,NULL,NULL,NULL,NULL,NULL,0,0,2,2,N,N,45,NULL,98,9807,NULL,,Y,37.51931,-82.56631,N,NULL,NULL,NULL,NULL,NULL,NULL,NULL,NULL,5,3,6,6,1,1,2,2,7,3,N,NULL,Y,Y,1608,1611,1642,N,NULL,70,,1,N,,N,N,098-US-0023-0,NULL,NULL,2020,O,7.25E+11,098-US-0023  -000,HIGH,098-US-0023  -000,28.545,0,0,0,0,0,0,1,0,0,0,0,0,0,0
2402,72793573,KSP0900,22-312143,20220813,709,,KY194,,,KY0194,KY0194,0,098 KY-194,KY0194,N,N,NULL,NULL,NULL,N,NULL,NULL,NULL,NULL,NULL,NULL,37.681,NULL,NULL,NULL,NULL,,NULL,0,0,1,1,N,N,55,NULL,98,9839,NULL,,Y,37.4493,-82.26814,N,NULL,NULL,NULL,NULL,NULL,NULL,NULL,NULL,9,3,2,2,1,1,2,2,7,3,N,NULL,Y,N,709,809,948,N,NULL,44,7,0,N,,N,N,098-KY-0194-0,NULL,NULL,2022,O,7.28E+11,098-KY-0194  -000,HIGH,098-KY-0194  -000,37.681,0,0,0,0,0,0,0,0,0,0,0,1,0,0
2403,72621114,KSP0900,21-179667,20210504,1930,,KY194,,,KY0194,KY0194,0,098 KY-194,KY0194,N,N,NULL,NULL,NULL,N,NULL,NULL,NULL,NULL,NULL,NULL,54.915,NULL,NULL,NULL,NULL,,NULL,0,0,2,2,N,N,35,NULL,98,9804,NULL,,Y,37.51176,-82.14838,N,NULL,NULL,NULL,NULL,NULL,NULL,NULL,NULL,1,3,2,3,1,1,2,3,7,2,N,NULL,N,N,1930,2005,2005,N,NULL,55,8,0,N,,N,N,098-KY-0194-0,NULL,NULL,2021,O,7.26E+11,098-KY-0194  -000,HIGH,098-KY-0194  -000,54.915,0,0,0,0,0,0,1,0,0,0,0,0,0,0
2404,72454544,KSP0900,19-49619,20191220,2036,,US23,,,US0023,US0023,0,098 US-23,US0023,N,N,NULL,NULL,NULL,N,NULL,NULL,NULL,NULL,NULL,NULL,28.846,NULL,NULL,NULL,NULL,,NULL,1,0,2,2,N,N,45,NULL,98,9807,NULL,,Y,37.52221,-82.5701,N,NULL,NULL,NULL,NULL,NULL,NULL,NULL,NULL,5,3,4,6,1,1,2,6,7,3,Y,NULL,Y,Y,2055,2055,2133,N,NULL,49,,1,N,,N,N,098-US-0023-0,NULL,NULL,2019,B,7.25E+11,098-US-0023  -000,HIGH,098-US-0023  -000,28.846,0,0,1,1,0,0,1,0,0,0,0,0,0,0
2405,72582702,KSP0900,21-10278,20210108,1415,,US460,,,US0460,US0460,0,098 US-460,US0460,Y,N,NULL,NULL,NULL,N,NULL,NULL,NULL,NULL,NULL,NULL,2.889,NULL,NULL,NULL,NULL,,NULL,0,0,2,2,N,N,55,NULL,98,9801,5,S,N,37.42955,-82.47775,N,NULL,NULL,NULL,NULL,NULL,NULL,NULL,NULL,2,97,0,6,1,5,3,2,7,3,N,NULL,Y,N,1415,1440,1440,N,NULL,90,,1,N,,N,N,098-US-0460-0,NULL,NULL,2021,O,7.26E+11,098-US-0460  -000,MEDIUM,098-US-0460  -000,2.889,0,0,0,0,0,0,1,0,0,0,0,0,0,0
2406,72502666,KSP0900,20-17971,20200514,1021,,BAD,,FRK,,,0,098 CR-1246,CR1246,N,N,NULL,NULL,NULL,N,NULL,NULL,NULL,NULL,NULL,NULL,0.288,NULL,NULL,NULL,NULL,,NULL,1,0,1,1,N,N,35,NULL,98,9861,1,W,N,37.33578,-82.45765,N,NULL,NULL,NULL,NULL,NULL,NULL,NULL,NULL,9,5,1,1,1,1,2,2,7,3,Y,NULL,Y,Y,1021,1055,,N,NULL,51,,,N,,N,N,098-CR-1246-0,NULL,NULL,2020,C,7.25E+11,098-CR-1246  -000,HIGH,098-CR-1246  -000,0.288,0,0,0,0,0,0,0,0,0,0,0,1,0,0
2407,72495399,980200,980200,20200408,1500,,KY80,,,KY0080,KY0080,0,098 KY-80,KY0080,N,N,NULL,NULL,NULL,N,NULL,NULL,NULL,NULL,NULL,NULL,2.725,NULL,NULL,NULL,NULL,,NULL,2,0,1,1,N,N,55,NULL,98,9802,2,W,N,37.30841,-82.3528,N,NULL,NULL,NULL,NULL,NULL,NULL,NULL,NULL,9,4,2,6,1,1,2,2,1,3,Y,NULL,Y,Y,1320,1330,1400,N,NULL,44,7,0,N,,N,N,098-KY-0080-0,NULL,NULL,2020,A,7.25E+11,098-KY-0080  -000,HIGH,098-KY-0080  -000,2.725,0,0,0,0,0,0,0,0,1,1,0,1,0,0
2408,72795644,KSP0900,22-314813,20220815,737,,US460,,,US0460,US0460,0,098 US-460,US0460,N,N,NULL,NULL,NULL,N,NULL,NULL,NULL,NULL,NULL,NULL,4.194,NULL,NULL,NULL,NULL,,NULL,0,0,2,2,Y,N,55,NULL,98,9801,NULL,,Y,37.41899,-82.45861,N,NULL,NULL,NULL,NULL,NULL,NULL,NULL,NULL,7,3,2,6,1,1,2,2,7,3,N,NULL,Y,N,737,749,749,N,NULL,54,,1,N,,N,N,098-US-0460-0,NULL,NULL,2022,O,7.28E+11,098-US-0460  -000,HIGH,098-US-0460  -000,4.194,0,0,0,0,0,0,0,0,0,0,0,1,0,0
2409,72741577,980100,2.02E+11,20220211,221,,MT CHASE,,DR,,,0,098 CS-1179,CS1179,Y,N,NULL,NULL,NULL,N,NULL,NULL,NULL,NULL,NULL,NULL,0.112,NULL,NULL,NULL,NULL,,NULL,0,0,2,2,Y,N,15,NULL,98,9801,NULL,,Y,37.48218,-82.52811,N,NULL,NULL,NULL,NULL,NULL,NULL,NULL,NULL,8,97,,4,1,1,2,5,6,3,N,NULL,Y,Y,221,221,,N,NULL,90,,,Y,,N,N,098-CS-1179-0,NULL,NULL,2022,O,7.27E+11,098-CS-1179  -000,HIGH,098-CS-1179  -000,0.112,0,0,0,0,0,0,0,0,1,1,0,0,0,0
2410,72544245,980100,2.02E+11,20200911,1555,,US119,,,US0119,US0119,0,098 US-119,US0119,N,N,NULL,NULL,NULL,N,NULL,NULL,NULL,NULL,NULL,NULL,0.739,NULL,NULL,NULL,NULL,,NULL,0,0,2,2,N,N,55,NULL,98,9801,NULL,,Y,37.50767,-82.51961,N,NULL,NULL,NULL,NULL,NULL,NULL,NULL,NULL,5,3,4,6,1,1,3,2,7,3,N,NULL,Y,N,1555,1559,,N,NULL,49,2,1,N,,N,N,098-US-0119-0,NULL,NULL,2020,O,7.25E+11,098-US-0119  -000,HIGH,098-US-0119  -000,0.739,0,0,0,1,0,0,1,0,0,0,0,0,0,1
2411,72633891,KSP0900,21-225384,20210602,1425,,LITTLE CARD,,RD,,,0,098 CR-1178,CR1178,N,N,NULL,NULL,NULL,N,NULL,NULL,NULL,NULL,NULL,NULL,0.416,NULL,NULL,NULL,NULL,,NULL,1,0,2,2,N,N,35,NULL,98,9847,NULL,,Y,37.39069,-82.26572,N,NULL,NULL,NULL,NULL,NULL,NULL,NULL,NULL,3,3,1,1,1,1,2,2,7,3,Y,NULL,Y,Y,1427,1448,1547,N,NULL,52,,,N,,N,N,098-CR-1178-0,NULL,NULL,2021,A,7.26E+11,098-CR-1178  -000,HIGH,098-CR-1178  -000,0.416,0,0,0,1,0,0,1,0,0,0,0,1,0,0
2412,72446341,KSP0900,19-47537,20191204,1926,,US119,,,US0119,US0119,0,098 US-119,US0119,Y,N,NULL,NULL,NULL,N,NULL,NULL,NULL,NULL,NULL,NULL,24.192,NULL,NULL,NULL,NULL,,NULL,1,0,2,1,N,N,55,NULL,98,9834,NULL,,Y,37.65815,-82.27168,N,NULL,NULL,NULL,NULL,NULL,NULL,NULL,NULL,9,97,4,6,1,1,2,5,5,3,Y,NULL,Y,Y,1927,1931,1931,N,NULL,90,2,1,N,,N,N,098-US-0119-0,NULL,NULL,2019,C,7.24E+11,098-US-0119  -000,HIGH,098-US-0119  -000,24.192,0,0,0,1,1,0,1,1,0,0,0,0,0,0
2413,72645776,980100,2.02E+11,20210710,1324,,THOMPSON,,RD,,,,,,Y,N,NULL,NULL,NULL,N,NULL,NULL,NULL,NULL,NULL,NULL,0.562,NULL,NULL,NULL,NULL,,NULL,0,0,2,2,N,N,,NULL,98,9801,NULL,,Y,37.50576,-82.54259,N,NULL,NULL,NULL,NULL,NULL,NULL,NULL,NULL,1,97,2,6,1,1,2,2,1,3,N,NULL,Y,N,1326,1333,1333,N,NULL,90,,,N,,N,N,,NULL,NULL,2021,O,7.26E+11,098-CS-1215  -000,LOW,098-CS-1215  -000,0.562,0,0,0,0,0,0,1,0,0,0,0,0,0,1
2414,72545260,370200,2020-703977,20200918,1129,,US23,,,US0023,US0023,0,098 US-23-10,US0023,N,N,NULL,NULL,NULL,N,NULL,NULL,NULL,NULL,NULL,NULL,26.329,NULL,NULL,NULL,NULL,,NULL,0,0,2,2,N,N,55,NULL,98,9801,NULL,,Y,37.5043,-82.53243,N,NULL,NULL,NULL,NULL,NULL,NULL,NULL,NULL,5,3,4,6,1,1,3,2,7,3,N,NULL,N,Y,1129,1136,1136,N,NULL,70,,1,N,,N,N,098-US-0023-10,NULL,NULL,2020,O,7.25E+11,098-US-0023  -010,HIGH,098-US-0023  -000,26.329,0,0,1,0,0,0,1,0,0,0,0,0,0,1
2415,72495955,980500,2020AR024,20200422,1808,,COWPEN,,RD,KY2061,KY2061,0,098 KY-2061,KY2061,Y,N,NULL,NULL,NULL,N,NULL,NULL,NULL,NULL,NULL,NULL,0.029,NULL,NULL,NULL,NULL,,NULL,0,0,2,2,N,N,15,NULL,98,9807,NULL,,Y,37.52981,-82.57529,N,NULL,NULL,NULL,NULL,NULL,NULL,NULL,NULL,2,97,2,3,1,1,2,2,1,3,N,NULL,Y,N,1805,1808,,N,NULL,90,,0,N,,N,N,098-KY-2061-0,NULL,NULL,2020,O,7.25E+11,098-KY-2061  -000,HIGH,098-KY-2061  -000,0.029,0,0,0,0,0,0,1,0,0,0,0,0,0,0
2416,72679408,980100,2.02E+11,20211005,1416,,CASSIDY,,BLVD,,,0,098 CS-1191,CS1191,Y,N,NULL,NULL,NULL,N,NULL,NULL,NULL,NULL,NULL,NULL,0.057,NULL,NULL,NULL,NULL,,NULL,0,0,2,2,N,N,,NULL,98,9801,NULL,,Y,37.50368,-82.53307,N,NULL,NULL,NULL,NULL,NULL,NULL,NULL,NULL,2,97,1,6,1,1,2,2,1,3,N,NULL,Y,N,1416,1427,1428,N,NULL,90,,,N,,N,N,098-CS-1191-0,NULL,NULL,2021,O,7.27E+11,098-CS-1191  -000,HIGH,098-CS-1191  -000,0.057,0,0,0,1,0,0,1,0,0,0,0,0,0,1
2417,72820090,980100,2.02E+11,20221024,619,,KY3218,,,KY3218,KY3218,,,,N,N,NULL,NULL,NULL,N,NULL,NULL,NULL,NULL,NULL,NULL,1.558,NULL,NULL,NULL,NULL,,NULL,0,0,1,1,N,N,55,NULL,98,9801,NULL,,Y,37.55075,-82.58157,N,NULL,NULL,NULL,NULL,NULL,NULL,NULL,NULL,9,3,2,4,1,1,2,6,6,3,N,NULL,Y,N,620,631,631,N,NULL,40,8,0,N,,N,N,,NULL,NULL,2022,O,7.28E+11,098-KY-3218  -000,MEDIUM,098-KY-3218  -000,1.558,0,0,0,0,0,0,0,0,0,0,0,1,0,1
2418,72644010,980100,2.02E+11,20210705,1438,,HAROLDS BRANCH,,RD,,,,,,Y,N,NULL,NULL,NULL,N,NULL,NULL,NULL,NULL,NULL,NULL,0.158,NULL,NULL,NULL,NULL,,NULL,0,0,1,1,N,N,,NULL,98,9801,NULL,,Y,37.47084,-82.52132,N,NULL,NULL,NULL,NULL,NULL,NULL,NULL,NULL,9,97,,6,2,1,2,2,5,3,N,NULL,Y,N,1438,1441,1450,N,NULL,90,,,N,,N,N,,NULL,NULL,2021,O,7.26E+11,098-CS-1223  -000,MEDIUM,098-CS-1223  -000,0.158,0,0,0,1,0,0,0,0,0,0,0,1,0,1
2419,72547083,KSP0900,20-714587,20200925,2139,,JOE MCCOY,,RD,,,0,098 CR-1828C,CR1828C,N,N,NULL,NULL,NULL,N,NULL,NULL,NULL,NULL,NULL,NULL,0.406,NULL,NULL,NULL,NULL,,NULL,0,0,1,1,N,N,55,NULL,98,9804,NULL,,Y,37.54426,-82.16521,N,NULL,NULL,NULL,NULL,NULL,NULL,NULL,NULL,9,3,1,1,97,11,3,6,5,3,N,NULL,Y,Y,2140,610,,N,NULL,41,,,N,,N,N,098-CR-1828C-0,NULL,NULL,2020,O,7.25E+11,098-CR-1828C -000,HIGH,098-CR-1828C -000,0.406,0,0,0,0,0,0,0,0,0,0,0,1,0,0
2420,72456545,KSP0900,19-50227,20191225,1710,,US460,,,US0460,US0460,0,098 US-460,US0460,N,N,NULL,NULL,NULL,N,NULL,NULL,NULL,NULL,NULL,NULL,6.823,NULL,NULL,NULL,NULL,,NULL,1,0,1,1,N,N,55,NULL,98,9832,NULL,,Y,37.39211,-82.43285,N,NULL,NULL,NULL,NULL,NULL,NULL,NULL,NULL,9,3,2,6,1,1,2,6,7,3,Y,NULL,N,Y,1753,1810,1830,N,NULL,44,,1,Y,,N,N,098-US-0460-0,NULL,NULL,2019,B,7.25E+11,098-US-0460  -000,HIGH,098-US-0460  -000,6.823,0,0,0,0,0,0,0,0,1,1,0,1,0,0
2421,72644925,980100,2.02E+11,20210702,1136,,CASSIDY,,BLVD,,,,,,Y,N,NULL,NULL,NULL,N,NULL,NULL,NULL,NULL,NULL,NULL,0.363,NULL,NULL,NULL,NULL,,NULL,0,0,2,2,N,N,,NULL,98,9801,NULL,,Y,37.50507,-82.53809,N,NULL,NULL,NULL,NULL,NULL,NULL,NULL,NULL,5,97,2,6,1,1,2,2,1,3,N,NULL,Y,N,1136,1144,1144,N,NULL,90,,,N,,N,N,,NULL,NULL,2021,O,7.26E+11,098-CS-1191  -000,MEDIUM,098-CS-1191  -000,0.363,0,0,0,1,0,0,1,0,0,0,0,0,0,1
2422,72608509,KSP0900,21-121763,20210327,1820,,,,,US0119,US0119,,,,N,N,NULL,NULL,NULL,N,NULL,NULL,NULL,NULL,NULL,NULL,0.588,NULL,NULL,NULL,NULL,NULL,NULL,0,0,1,1,N,N,55,NULL,98,9817,NULL,,Y,37.55986,-82.42593,Y,KY0194,E,NULL,098 US-119-211,US0119,N,NULL,098 US-119-211,9,3,3,4,1,1,3,2,7,3,N,NULL,Y,N,1821,1840,,N,NULL,72,2,1,N,,N,N,,NULL,NULL,2021,O,7.26E+11,098-US-0119  -211,HIGH,098-US-0119  -211,0.588,0,0,0,0,0,0,1,0,0,0,0,1,0,0
2423,72668863,980100,2.02E+11,20210909,2045,,HAMBLEY,,BLVD,,,0,098 CS-1222,CS1222,Y,N,NULL,NULL,NULL,N,NULL,NULL,NULL,NULL,NULL,NULL,1.402,NULL,NULL,NULL,NULL,,NULL,0,0,2,2,Y,N,15,NULL,98,9801,NULL,,Y,37.48413,-82.52851,N,NULL,NULL,NULL,NULL,NULL,NULL,NULL,NULL,1,97,2,6,1,1,2,2,7,3,N,NULL,Y,N,2045,2050,2050,N,NULL,90,,,N,,N,N,098-CS-1222-0,NULL,NULL,2021,O,7.27E+11,098-CS-1222  -000,HIGH,098-CS-1222  -000,1.402,0,0,0,0,0,0,0,0,0,0,0,0,0,1
2424,72669575,KSP0900,21-197013,20210515,1746,,TOLER,,RD,KY0319,KY0319,0,098 KY-319,KY0319,N,N,NULL,NULL,NULL,N,NULL,NULL,NULL,NULL,NULL,NULL,0.081,NULL,NULL,NULL,NULL,,NULL,1,0,1,1,N,N,55,NULL,98,9842,NULL,,Y,37.58039,-82.18047,N,NULL,NULL,NULL,NULL,NULL,NULL,NULL,NULL,9,3,2,6,1,1,2,2,7,3,N,NULL,Y,Y,1746,1753,1753,N,NULL,44,7,0,N,,N,N,098-KY-0319-0,NULL,NULL,2021,C,7.27E+11,098-KY-0319  -000,HIGH,098-KY-0319  -000,0.081,0,0,0,0,0,0,1,0,0,0,0,1,0,0
2425,72650613,980100,2.02E+11,20210723,1353,,S MAYO,,TRL,,,0,098 CS-1000,CS1000,Y,N,NULL,NULL,NULL,N,NULL,NULL,NULL,NULL,NULL,NULL,,NULL,NULL,NULL,NULL,NULL,NULL,0,0,2,2,N,N,,NULL,98,9801,NULL,,Y,37.43827,-82.51131,N,NULL,NULL,NULL,NULL,NULL,NULL,NULL,NULL,1,97,1,6,1,1,2,2,1,3,N,NULL,Y,N,1355,1402,1402,N,NULL,90,,,N,,N,N,098-CS-1000-0,NULL,NULL,2021,O,7.27E+11,098-CS-1000  -000,HIGH,098-CS-1000  -000,0.063,0,0,0,0,0,0,1,0,0,0,0,0,0,1
2426,72493425,980000,2004005,20200409,1614,,US 119 SOUTH,,,,,,,,N,N,NULL,NULL,NULL,N,NULL,NULL,NULL,NULL,NULL,NULL,,NULL,NULL,NULL,NULL,NULL,NULL,0,0,2,2,N,N,55,NULL,98,9836,2.8,N,N,37.63128,-82.26089,N,NULL,NULL,NULL,NULL,NULL,NULL,NULL,NULL,8,3,4,1,1,1,2,2,7,3,N,NULL,N,N,1617,1619,1628,N,NULL,53,,,N,,N,N,,NULL,NULL,2020,O,7.25E+11,098-US-0119  -010,MEDIUM,098-US-0119  -000,21.845,0,0,0,1,0,0,1,0,0,0,0,1,0,0
2427,72587991,KSP0900,21-31918,20210124,2043,,KY194,,,KY0194,KY0194,0,098 KY-194,KY0194,N,N,NULL,NULL,NULL,N,NULL,NULL,NULL,NULL,NULL,NULL,26.492,NULL,NULL,NULL,NULL,,NULL,0,0,2,2,N,N,55,NULL,98,9817,NULL,,Y,37.49929,-82.3519,N,NULL,NULL,NULL,NULL,NULL,NULL,NULL,NULL,4,3,2,6,1,5,6,6,7,3,N,NULL,Y,N,2043,2050,2055,N,NULL,70,6,0,N,,N,N,098-KY-0194-0,NULL,NULL,2021,O,7.26E+11,098-KY-0194  -000,HIGH,098-KY-0194  -000,26.492,0,0,0,0,0,0,1,0,0,0,0,0,0,0
2428,72758699,980100,2.02E+11,20220506,2230,,CHLOE,,RD,KY1460,KY1460,0,098 KY-1460,KY1460,N,N,NULL,NULL,NULL,N,NULL,NULL,NULL,NULL,NULL,NULL,4.173,NULL,NULL,NULL,NULL,,NULL,0,0,2,2,N,N,35,NULL,98,9801,NULL,,Y,37.47629,-82.49979,N,NULL,NULL,NULL,NULL,NULL,NULL,NULL,NULL,7,3,2,6,1,5,6,7,7,3,N,NULL,Y,N,2230,2235,2235,N,NULL,54,,0,N,,N,N,098-KY-1460-0,NULL,NULL,2022,O,7.28E+11,098-KY-1460  -000,HIGH,098-KY-1460  -000,4.173,0,0,1,0,0,0,0,0,0,0,0,1,0,1
2429,72690712,980500,2021AR043,20211101,1300,,MAYO TRAIL,N,,,,,,,N,N,NULL,NULL,NULL,N,NULL,NULL,NULL,NULL,NULL,NULL,,NULL,NULL,NULL,NULL,NULL,NULL,0,0,2,1,N,N,45,NULL,98,9807,NULL,,Y,37.51561,-82.55978,N,NULL,NULL,NULL,NULL,NULL,NULL,NULL,NULL,8,3,6,6,1,1,2,2,7,3,N,NULL,Y,Y,1301,1303,1303,N,NULL,53,,,N,,N,N,,NULL,NULL,2021,O,7.27E+11,098-US-0023  -000,MEDIUM,098-US-0023  -000,28.093,0,0,0,0,0,0,1,0,0,0,0,1,0,0
2430,72672433,980100,2.02E+11,20210916,1457,,THOMPSON,,RD,,,0,098 CS-1215,CS1215,Y,N,NULL,NULL,NULL,N,NULL,NULL,NULL,NULL,NULL,NULL,0.332,NULL,NULL,NULL,NULL,,NULL,0,0,2,2,N,N,,NULL,98,9801,NULL,,Y,37.5069,-82.54192,N,NULL,NULL,NULL,NULL,NULL,NULL,NULL,NULL,6,97,,6,1,1,2,2,5,3,N,NULL,Y,N,1457,1500,1518,N,NULL,90,,,N,,N,N,098-CS-1215-0,NULL,NULL,2021,O,7.27E+11,098-CS-1215  -000,HIGH,098-CS-1215  -000,0.332,0,0,0,1,0,0,1,0,0,0,0,0,0,1