OBJECTID,MasterFile,AgencyORINumber,LocalCode,CollisionDate,CollisionTime,CollisionDayWeekCode,RoadwayName,RoadwayName_Direction_,RoadwayName_RoadwaySuffix_,RoadwayfromReport,CurrentRoadwayNumber,RoadwayNumberCoupletID,RSEUniqueGIS,RoadwayIdentifier,ParkingLotIndicator,IntersectionWith_Indicator_,IntersectionWith_NameRoadway_,IntersectionWith_Direction_,IntersectionWith_RoadwaySuffix_,BetweenStreets_Indicator_,BetweenStreets1_NameRoadway_,BetweenStreet1_Direction_,BetweenStreets1_RoadwaySuffix_,BetweenStreets2_NameRoadway_,BetweenStreets2_Direction_,BetweenStreets2_RoadwaySuffix_,Milepoint,ReportMilepointDeriveNumber,CurrentDerivedMiepointNumber,MilestoMilepoint,FeettoMilepoint,DirectionfromMilepoint_NSEW_,ValidMilepointIndicator,NumberInjured,NumberKilled,ofUnits,ofMotorVehicleUnits,Hit&RunIndicator,OneWayIndicator,SpeedLimitNumber,KilometersIndicator,CountyCode,CityCountyCode,MilesFromCity,DirectionFromCity_NSEW_,InCityLimitsIndicator,Latitude,Longitude,RampIndicator,RampFromIdentifier,RampFromDirCode,RampFromCoupletID,RSEUniqueGISRampFrom,RampToidentifier,RampToDirCode,RampToCoupletID,RSEUniqueGisRampTo,MannerofCollisionCode,LocationFirstEventCode,TotalLanes,RoadwayCharacterCode,RoadwaySurfaceCode,RoadwayConditionCode,WeatherCode,LightConditionCode,LandUseCode,SchoolBusRelatedCode,FirstAidSceneIndicator,CollDescPresentInd,InvestigationCompleteIndicator,PhotosTakenIndicator,TimeNotified,TimeArrived,TimeRoadwayOpened,PropertyDamageIndicator,DiagramPresentIndicator,DirectionalAnalysis,FunctionClassCode,NationalHwySysCode,EnforcementsIndicator,KARSCityCode,SecondaryCollisionIndicator,MedianCrossoverIndicator,RT_UNIQUE,MapIt,TimeLastLeft,YR,KABCO,MFNY,WorkingRID,RT_CONFIDENCE,KTC_RT,KTC_MP,Motorcyclist,Commercial Vehicle,Young Driver,Mature Driver,Pedestrian,Bicyclist,Distracted,Aggressive,Impaired,Unrestrained,Intersection,Roadway Departure,Median Cross-over,City Crash
2431,72536327,980500,2020AR045,20200828,1342,,REENIE DRIVE,,,,,,,,N,N,NULL,NULL,NULL,N,NULL,NULL,NULL,NULL,NULL,NULL,,NULL,NULL,NULL,NULL,NULL,NULL,0,0,1,1,Y,N,20,NULL,98,9807,2,N,N,37.53622,-82.59019,N,NULL,NULL,NULL,NULL,NULL,NULL,NULL,NULL,9,97,2,6,3,1,2,2,7,3,N,NULL,Y,Y,1346,1412,1412,Y,NULL,40,,,N,,N,N,,NULL,NULL,2020,O,7.25E+11,098-CR-1419  -000,MEDIUM,098-CR-1419  -000,1.279,0,0,0,0,0,0,0,0,0,0,0,1,0,0
2432,72731040,980100,2.02E+11,20220215,619,,BYPASS,S,RD,KY1426,KY1426,0,098 KY-1426,KY1426,N,N,NULL,NULL,NULL,N,NULL,NULL,NULL,NULL,NULL,NULL,5.739,NULL,NULL,NULL,NULL,,NULL,0,0,1,1,N,N,35,NULL,98,9801,NULL,,Y,37.47383,-82.52065,N,NULL,NULL,NULL,NULL,NULL,NULL,NULL,NULL,9,5,2,6,1,1,2,5,7,3,N,NULL,Y,N,620,621,816,Y,NULL,40,,0,N,,N,N,098-KY-1426-0,NULL,NULL,2022,O,7.27E+11,098-KY-1426  -000,HIGH,098-KY-1426  -000,5.739,0,0,0,0,0,0,0,0,0,0,0,1,0,1
2433,72573587,980000,20-12-001,20201202,1900,,KY1506,,,KY1506,KY1506,0,098 KY-1506,KY1506,N,N,NULL,NULL,NULL,N,NULL,NULL,NULL,NULL,NULL,NULL,0.066,NULL,NULL,NULL,NULL,,NULL,0,0,2,2,N,N,35,NULL,98,9834,NULL,,Y,37.66879,-82.27658,N,NULL,NULL,NULL,NULL,NULL,NULL,NULL,NULL,4,3,2,6,1,1,2,6,7,3,N,NULL,Y,Y,1630,1645,1730,N,NULL,70,9,0,N,,N,N,098-KY-1506-0,NULL,NULL,2020,O,7.26E+11,098-KY-1506  -000,HIGH,098-KY-1506  -000,0.066,0,0,1,0,0,0,1,0,0,0,0,0,0,0
2434,72494512,KSP0900,20-13680,20200413,1809,,KY195,,,KY0195,KY0195,0,098 KY-195,KY0195,Y,N,NULL,NULL,NULL,N,NULL,NULL,NULL,NULL,NULL,NULL,5.157,NULL,NULL,NULL,NULL,,NULL,0,0,3,3,N,N,35,NULL,98,9802,15,W,N,37.31312,-82.47121,N,NULL,NULL,NULL,NULL,NULL,NULL,NULL,NULL,3,97,2,6,1,1,2,2,1,3,N,NULL,Y,N,1912,1947,1810,N,NULL,90,8,0,N,,Y,N,098-KY-0195-0,NULL,NULL,2020,O,7.25E+11,098-KY-0195  -000,HIGH,098-KY-0195  -000,5.157,0,0,0,1,0,0,1,0,0,0,0,0,0,0
2435,72519551,KSP0900,20-589847,20200708,1509,,US23,,,US0023,US0023,0,098 US-23-10,US0023,N,Y,MAIN ST CONN,,,N,NULL,NULL,NULL,NULL,NULL,NULL,28.535,NULL,NULL,NULL,NULL,,NULL,0,0,2,2,N,Y,55,NULL,98,9807,NULL,,Y,37.519,-82.56616,N,NULL,NULL,NULL,NULL,NULL,NULL,NULL,NULL,1,3,4,6,1,1,2,2,1,3,N,NULL,Y,Y,1510,1517,1509,N,NULL,8,,1,N,,N,N,098-US-0023-10,NULL,NULL,2020,O,7.25E+11,098-US-0023  -010,HIGH,098-US-0023  -000,28.535,0,0,0,1,0,0,0,1,0,0,1,0,0,0
2436,72779800,980500,2022AR033,20220705,1610,,US23,,,US0023,US0023,0,098 US-23,US0023,N,N,NULL,NULL,NULL,N,NULL,NULL,NULL,NULL,NULL,NULL,,NULL,NULL,NULL,NULL,NULL,NULL,0,0,2,1,N,N,45,NULL,98,9807,NULL,,Y,37.5206,-82.5681,N,NULL,NULL,NULL,NULL,NULL,NULL,NULL,NULL,5,3,6,6,1,5,6,2,7,3,N,NULL,Y,Y,1615,1620,1630,N,NULL,49,,1,Y,,N,N,098-US-0023-0,NULL,NULL,2022,O,7.28E+11,098-US-0023  -000,HIGH,098-US-0023  -000,28.671,0,0,0,1,0,0,1,0,0,0,0,0,0,0
2437,72539601,980100,2.02E+11,20200903,1726,,US23,,,US0023,US0023,,,,N,N,NULL,NULL,NULL,N,NULL,NULL,NULL,NULL,NULL,NULL,22.574,NULL,NULL,NULL,NULL,,NULL,0,0,2,2,N,N,55,NULL,98,9801,NULL,,Y,37.46448,-82.51963,N,NULL,NULL,NULL,NULL,NULL,NULL,NULL,NULL,3,3,4,6,1,5,3,2,1,3,N,NULL,Y,N,1726,1737,,N,NULL,52,,1,N,,N,N,,NULL,NULL,2020,O,7.25E+11,098-US-0023  -000,MEDIUM,098-US-0023  -000,22.574,0,0,1,0,0,0,0,0,0,0,0,1,0,1
2438,72701386,980100,2.02E+11,20211119,1710,,SUMMIT,,DR,,,0,098 CS-1064,CS1064,Y,N,NULL,NULL,NULL,N,NULL,NULL,NULL,NULL,NULL,NULL,0.079,NULL,NULL,NULL,NULL,,NULL,0,0,2,2,Y,N,,NULL,98,9801,NULL,,Y,37.47648,-82.51603,N,NULL,NULL,NULL,NULL,NULL,NULL,NULL,NULL,7,97,,6,1,1,2,8,1,3,N,NULL,Y,N,1710,1720,,N,NULL,90,,,N,,N,N,098-CS-1064-0,NULL,NULL,2021,O,7.27E+11,098-CS-1064  -000,HIGH,098-CS-1064  -000,0.079,0,0,0,0,0,0,0,0,0,0,0,0,0,1
2439,72663913,KSP0900,21-357770,20210827,1904,,APPALACHIAN,,PLZ,,,0,098 PR-1008,PR1008,Y,N,NULL,NULL,NULL,N,NULL,NULL,NULL,NULL,NULL,NULL,0.032,NULL,NULL,NULL,NULL,,NULL,0,0,2,2,N,N,15,NULL,98,9834,NULL,,Y,37.66594,-82.2744,N,NULL,NULL,NULL,NULL,NULL,NULL,NULL,NULL,5,97,,4,1,1,2,3,7,3,N,NULL,Y,Y,1944,2041,2041,N,NULL,90,,,N,,N,N,098-PR-1008-0,NULL,NULL,2021,O,7.27E+11,098-PR-1008  -000,HIGH,098-PR-1008  -000,0.032,0,0,0,0,0,0,1,0,0,0,0,0,0,0
2440,72753788,KSP0900,22-144307,20220420,2206,,US119,,,US0119,US0119,0,098 US-119,US0119,N,N,NULL,NULL,NULL,N,NULL,NULL,NULL,NULL,NULL,NULL,0.172,NULL,NULL,NULL,NULL,,NULL,3,0,2,2,N,Y,55,NULL,98,9801,NULL,,Y,37.50435,-82.5291,N,NULL,NULL,NULL,NULL,NULL,NULL,NULL,NULL,8,3,2,5,1,1,2,6,7,3,Y,NULL,Y,Y,2206,2227,2300,N,NULL,47,2,1,N,,N,N,098-US-0119-0,NULL,NULL,2022,C,7.28E+11,098-US-0119  -000,HIGH,098-US-0119  -000,0.172,0,0,1,0,0,0,0,0,1,1,0,0,0,1
2441,72669790,980100,2.02E+11,20210907,2243,,HAMBLEY,,BLVD,,,0,098 CS-1222,CS1222,Y,N,NULL,NULL,NULL,N,NULL,NULL,NULL,NULL,NULL,NULL,0.478,NULL,NULL,NULL,NULL,,NULL,0,0,2,2,Y,N,5,NULL,98,9801,NULL,,Y,37.47833,-82.52084,N,NULL,NULL,NULL,NULL,NULL,NULL,NULL,NULL,8,97,,6,1,1,2,2,1,3,N,NULL,Y,Y,2243,2248,,N,NULL,90,,,N,,N,N,098-CS-1222-0,NULL,NULL,2021,O,7.27E+11,098-CS-1222  -000,HIGH,098-CS-1222  -000,0.478,0,0,0,0,0,0,0,0,0,0,0,0,0,1
2442,72875552,980500,2023AR007,20230314,1401,,HAYNES,,VLG,,,0,098 CR-1322Q4,CR1322Q4,N,N,NULL,NULL,NULL,N,NULL,NULL,NULL,NULL,NULL,NULL,,NULL,NULL,NULL,NULL,NULL,NULL,1,0,2,2,N,N,25,NULL,98,9807,NULL,,Y,37.54664,-82.55642,N,NULL,NULL,NULL,NULL,NULL,NULL,NULL,NULL,1,3,2,5,1,5,2,2,7,3,N,NULL,Y,Y,1401,1410,1410,N,NULL,55,,,Y,,Y,N,098-CR-1322Q4-0,NULL,NULL,2023,C,7.29E+11,098-CS-3031  -000,MEDIUM,098-CS-3031  -000,0.036,0,0,0,1,0,0,0,0,0,0,0,0,0,0
2443,72705032,KSP0900,21-489532,20211201,1541,,US460,,,US0460,US0460,0,098 US-460,US0460,Y,N,NULL,NULL,NULL,N,NULL,NULL,NULL,NULL,NULL,NULL,2.516,NULL,NULL,NULL,NULL,,NULL,0,0,2,2,N,N,15,NULL,98,9824,NULL,,Y,37.43243,-82.48354,N,NULL,NULL,NULL,NULL,NULL,NULL,NULL,NULL,2,97,2,6,1,1,2,2,1,3,N,NULL,Y,N,1607,1629,1607,N,NULL,90,,1,N,,N,N,098-US-0460-0,NULL,NULL,2021,O,7.27E+11,098-US-0460  -000,HIGH,098-US-0460  -000,2.516,0,0,1,0,0,0,1,0,0,0,0,0,0,0
2444,72486898,980100,2.02E+11,20200310,1234,,KY1426,,,KY1426,KY1426,,,,Y,N,NULL,NULL,NULL,N,NULL,NULL,NULL,NULL,NULL,NULL,7.054,NULL,NULL,NULL,NULL,,NULL,0,0,2,2,Y,N,,NULL,98,9801,NULL,,Y,37.48746,-82.50734,N,NULL,NULL,NULL,NULL,NULL,NULL,NULL,NULL,2,97,2,6,1,5,3,2,1,3,N,NULL,Y,N,1234,1250,,N,NULL,90,,0,N,,N,N,,NULL,NULL,2020,O,7.25E+11,098-KY-1426  -000,HIGH,098-KY-1426  -000,7.054,0,0,0,0,0,0,1,0,0,0,0,0,0,1
2445,72628149,KSP0900,21-211371,20210524,1453,,KY292,,,KY0292,KY0292,0,098 KY-292,KY0292,N,N,NULL,NULL,NULL,N,NULL,NULL,NULL,NULL,NULL,NULL,5.049,NULL,NULL,NULL,NULL,,NULL,0,0,2,2,N,N,45,NULL,98,9834,NULL,,Y,37.66328,-82.273,N,NULL,NULL,NULL,NULL,NULL,NULL,NULL,NULL,5,3,2,6,1,1,2,2,7,3,N,NULL,N,N,1548,1600,1615,N,NULL,49,8,0,N,,N,N,098-KY-0292-0,NULL,NULL,2021,O,7.26E+11,098-KY-0292  -000,HIGH,098-KY-0292  -000,5.049,0,0,1,0,0,0,0,0,0,0,0,0,0,0
2446,72691064,980000,21-10-007,20211028,1520,,US23,,,US0023,US0023,0,098 US-23,US0023,N,N,NULL,NULL,NULL,N,NULL,NULL,NULL,NULL,NULL,NULL,27.178,NULL,NULL,NULL,NULL,,NULL,0,0,2,2,N,N,55,NULL,98,9801,NULL,,Y,37.51049,-82.54481,N,NULL,NULL,NULL,NULL,NULL,NULL,NULL,NULL,5,3,4,6,1,1,2,2,1,3,N,NULL,Y,Y,1520,1520,1540,N,NULL,70,,1,N,,N,N,098-US-0023-0,NULL,NULL,2021,O,7.27E+11,098-US-0023  -000,HIGH,098-US-0023  -000,27.178,0,0,0,1,0,0,1,0,0,0,0,0,0,1
2447,72627681,980100,2.02E+11,20210522,1545,,US23,,,US0023,US0023,0,098 US-23-10,US0023,N,N,NULL,NULL,NULL,N,NULL,NULL,NULL,NULL,NULL,NULL,26.314,NULL,NULL,NULL,NULL,,NULL,0,0,2,2,N,N,55,NULL,98,9801,NULL,,Y,37.50413,-82.53222,N,NULL,NULL,NULL,NULL,NULL,NULL,NULL,NULL,5,3,4,6,1,1,2,2,1,3,N,NULL,Y,N,1545,1557,1613,N,NULL,49,,1,N,,N,N,098-US-0023-10,NULL,NULL,2021,O,7.26E+11,098-US-0023  -010,HIGH,098-US-0023  -000,26.314,0,0,0,0,0,0,1,0,0,0,0,0,0,1
2448,72574602,980000,20-12-007,20201211,1800,,US119,,,US0119,US0119,0,098 US-119-10,US0119,N,N,NULL,NULL,NULL,N,NULL,NULL,NULL,NULL,NULL,NULL,21.79,NULL,NULL,NULL,NULL,,NULL,0,0,2,2,N,N,55,NULL,98,9836,NULL,,Y,37.63053,-82.261,N,NULL,NULL,NULL,NULL,NULL,NULL,NULL,NULL,8,3,2,3,1,1,2,6,1,3,N,NULL,N,Y,1812,1812,1812,N,NULL,53,2,1,N,,N,N,098-US-0119-10,NULL,NULL,2020,O,7.26E+11,098-US-0119  -010,HIGH,098-US-0119  -000,21.79,0,0,0,1,0,0,0,0,0,0,0,1,0,0
2449,72610589,KSP0900,21 131631,20210403,917,,COLLINS,,HWY,KY0122,KY0122,0,098 KY-122,KY0122,N,N,NULL,NULL,NULL,N,NULL,NULL,NULL,NULL,NULL,NULL,13.263,NULL,NULL,NULL,NULL,,NULL,2,0,1,1,N,N,45,NULL,98,9801,NULL,,Y,37.40622,-82.51268,N,NULL,NULL,NULL,NULL,NULL,NULL,NULL,NULL,9,3,2,6,1,2,2,2,7,3,N,NULL,Y,Y,917,924,1030,N,NULL,70,,0,N,,N,N,098-KY-0122-0,NULL,NULL,2021,C,7.26E+11,098-KY-0122  -000,HIGH,098-KY-0122  -000,13.263,0,0,0,1,0,0,0,0,0,0,0,1,0,0
2450,72478866,980100,2.02E+11,20200220,1024,,BYPASS RD,,,,,,,,Y,N,NULL,NULL,NULL,N,NULL,NULL,NULL,NULL,NULL,NULL,,NULL,NULL,NULL,NULL,,NULL,0,0,2,2,N,N,15,NULL,98,9801,NULL,,Y,37.47206,-82.52268,N,NULL,NULL,NULL,NULL,NULL,NULL,NULL,NULL,8,97,2,6,2,1,3,2,1,3,N,NULL,Y,N,1024,1029,1029,N,NULL,90,,,N,,N,N,,NULL,NULL,2020,O,7.25E+11,098-CS-1223  -000,MEDIUM,098-CS-1223  -000,0.047,0,0,0,0,0,0,0,0,0,0,0,0,0,1
2451,72779080,980100,2.02E+11,20220701,1527,,MAYO,S,TRL,,,0,098 CS-1016,CS1016,Y,N,NULL,NULL,NULL,N,NULL,NULL,NULL,NULL,NULL,NULL,,NULL,NULL,NULL,NULL,NULL,NULL,0,0,2,2,N,N,,NULL,98,9801,NULL,,Y,37.45305,-82.52142,N,NULL,NULL,NULL,NULL,NULL,NULL,NULL,NULL,2,97,1,6,1,1,2,2,1,3,N,NULL,Y,N,1536,1540,1540,N,NULL,90,,,N,,N,N,098-CS-1016-0,NULL,NULL,2022,O,7.28E+11,098-CS-1016  -000,HIGH,098-CS-1016  -000,0.043,0,0,0,0,0,0,1,0,0,0,0,0,0,1
2452,72804215,980100,2.02E+11,20220906,1239,,BYPASS,,RD,,,,,,Y,N,NULL,NULL,NULL,N,NULL,NULL,NULL,NULL,NULL,NULL,,NULL,NULL,NULL,NULL,NULL,NULL,1,0,2,2,N,Y,15,NULL,98,9801,NULL,,Y,37.47243,-82.52274,N,NULL,NULL,NULL,NULL,NULL,NULL,NULL,NULL,5,97,1,3,2,1,2,2,1,3,N,NULL,Y,Y,1240,1246,1311,N,NULL,90,,,N,,N,N,,NULL,NULL,2022,C,7.28E+11,098-CS-1223  -000,MEDIUM,098-CS-1223  -000,0.024,0,1,0,0,0,0,0,0,0,1,0,0,0,1
2453,72715996,KSP0900,2022-00802,20220101,1458,,CENTRAL,,AVE,,,0,098 CR-1035H,CR1035H,N,Y,2ND,,ST,N,NULL,NULL,NULL,NULL,NULL,NULL,0.002,NULL,NULL,NULL,NULL,,NULL,1,0,2,2,N,N,35,NULL,98,9834,NULL,,Y,37.67358,-82.28309,N,NULL,NULL,NULL,NULL,NULL,NULL,NULL,NULL,1,3,2,3,1,5,3,2,7,3,Y,NULL,Y,Y,1500,1500,1500,N,NULL,10,,,N,,N,N,098-CR-1035H-0,NULL,NULL,2022,A,7.27E+11,098-CR-1035H -000,HIGH,098-CR-1035H -000,0.002,0,0,0,0,0,0,0,0,0,0,1,0,0,0
2454,72792430,KSP0900,22-308293,20220810,1143,,DORTON-JENKINS,,HWY,KY0805,KY0805,0,098 KY-805,KY0805,N,N,NULL,NULL,NULL,N,NULL,NULL,NULL,NULL,NULL,NULL,5.87,NULL,NULL,NULL,NULL,,NULL,0,0,1,1,N,N,35,NULL,98,9809,NULL,,Y,37.26751,-82.57597,N,NULL,NULL,NULL,NULL,NULL,NULL,NULL,NULL,9,97,2,6,1,1,2,2,6,3,N,NULL,Y,N,1355,1404,1404,N,NULL,70,7,0,N,,N,N,098-KY-0805-0,NULL,NULL,2022,O,7.28E+11,098-KY-0805  -000,HIGH,098-KY-0805  -000,5.87,0,0,0,0,0,0,0,0,0,0,0,0,0,0
2455,72493909,KSP0900,20-13216,20200411,1820,,DORTON-JENKINS,,HWY,KY0805,KY0805,0,098 KY-805,KY0805,N,N,NULL,NULL,NULL,N,NULL,NULL,NULL,NULL,NULL,NULL,5.521,NULL,NULL,NULL,NULL,,NULL,1,0,1,1,N,N,35,NULL,98,9809,NULL,,Y,37.26292,-82.57407,N,NULL,NULL,NULL,NULL,NULL,NULL,NULL,NULL,9,3,2,6,1,1,2,2,7,3,Y,NULL,Y,Y,1820,1834,1834,N,NULL,70,7,0,N,,N,N,098-KY-0805-0,NULL,NULL,2020,B,7.25E+11,098-KY-0805  -000,HIGH,098-KY-0805  -000,5.521,1,0,0,0,0,0,0,0,0,0,0,1,0,0
2456,72507949,KSP0900,20-21171,20200604,1708,,US119,,,US0119,US0119,0,098 US-119,US0119,Y,N,NULL,NULL,NULL,N,NULL,NULL,NULL,NULL,NULL,NULL,24.337,NULL,NULL,NULL,NULL,,NULL,0,0,2,2,N,N,55,NULL,98,9834,NULL,,Y,37.65979,-82.27316,N,NULL,NULL,NULL,NULL,NULL,NULL,NULL,NULL,2,97,4,6,1,1,2,2,5,3,N,NULL,Y,N,1708,1722,1722,N,NULL,90,2,1,N,,N,N,098-US-0119-0,NULL,NULL,2020,O,7.25E+11,098-US-0119  -000,HIGH,098-US-0119  -000,24.337,0,0,0,0,0,0,1,0,0,1,0,0,0,0
2457,72627776,980100,2.02E+11,20210523,1748,,KY3496,,,KY3496,KY3496,0,098 KY-3496,KY3496,Y,N,NULL,NULL,NULL,N,NULL,NULL,NULL,NULL,NULL,NULL,0.049,NULL,NULL,NULL,NULL,,NULL,0,0,1,1,N,N,15,NULL,98,9801,NULL,,Y,37.46546,-82.52868,N,NULL,NULL,NULL,NULL,NULL,NULL,NULL,NULL,9,97,2,6,1,1,2,2,1,3,N,NULL,Y,N,1748,1757,,N,NULL,90,16,0,N,,N,N,098-KY-3496-0,NULL,NULL,2021,O,7.26E+11,098-KY-3496  -000,HIGH,098-KY-3496  -000,0.049,0,0,0,0,0,0,0,0,0,0,0,1,0,1
2458,72507869,KSP0900,20-20088,20200528,1140,,HOSPITAL,,DR,,,0,098 CR-1015C,CR1015C,Y,N,NULL,NULL,NULL,N,NULL,NULL,NULL,NULL,NULL,NULL,0.006,NULL,NULL,NULL,NULL,,NULL,0,0,2,2,N,N,10,NULL,98,9834,NULL,,Y,37.67518,-82.29697,N,NULL,NULL,NULL,NULL,NULL,NULL,NULL,NULL,2,97,,6,1,1,2,2,1,3,N,NULL,N,N,1140,1145,1210,N,NULL,90,,,N,,N,N,098-CR-1015C-0,NULL,NULL,2020,O,7.25E+11,098-CR-1015C -000,HIGH,098-CR-1015C -000,0.006,0,0,1,0,0,0,1,0,0,0,0,0,0,0
2459,72793608,KSP0900,22-312452,20220813,1317,,KY611,,,KY0611,KY0611,0,098 KY-611,KY0611,N,N,NULL,NULL,NULL,N,NULL,NULL,NULL,NULL,NULL,NULL,5.2,NULL,NULL,NULL,NULL,,NULL,0,0,3,3,N,N,55,NULL,98,9801,NULL,,Y,37.31847,-82.5358,N,NULL,NULL,NULL,NULL,NULL,NULL,NULL,NULL,1,3,1,6,1,1,2,2,7,3,N,NULL,Y,N,1317,1327,1400,N,NULL,55,8,0,N,,N,N,098-KY-0611-0,NULL,NULL,2022,O,7.28E+11,098-KY-0611  -000,HIGH,098-KY-0611  -000,5.2,1,1,0,0,0,0,0,0,0,0,0,0,0,0
2460,72524212,KSP0900,20-615173,20200723,1916,,KY1056,,,KY1056,KY1056,0,098 KY-1056,KY1056,N,N,NULL,NULL,NULL,N,NULL,NULL,NULL,NULL,NULL,NULL,5.399,NULL,NULL,NULL,NULL,,NULL,0,0,2,2,N,N,35,NULL,98,9863,NULL,,Y,37.55887,-82.19102,N,NULL,NULL,NULL,NULL,NULL,NULL,NULL,NULL,3,3,2,1,1,5,6,2,7,3,N,NULL,Y,Y,1919,1953,2053,N,NULL,52,7,0,Y,,N,Y,098-KY-1056-0,NULL,NULL,2020,O,7.25E+11,098-KY-1056  -000,HIGH,098-KY-1056  -000,5.399,0,0,1,0,0,0,0,1,0,0,0,1,1,0
2461,72517898,KSP0900,20-582147,20200704,1112,,US119,,,US0119,US0119,0,098 US-119,US0119,Y,N,NULL,NULL,NULL,N,NULL,NULL,NULL,NULL,NULL,NULL,24.006,NULL,NULL,NULL,NULL,,NULL,0,0,2,2,N,N,10,NULL,98,9834,NULL,,Y,37.65585,-82.27006,N,NULL,NULL,NULL,NULL,NULL,NULL,NULL,NULL,6,97,0,6,3,1,2,2,7,3,N,NULL,Y,Y,1114,1137,1137,N,NULL,90,2,1,N,,N,N,098-US-0119-0,NULL,NULL,2020,O,7.25E+11,098-US-0119  -000,HIGH,098-US-0119  -000,24.006,0,0,0,0,0,0,1,0,0,0,0,0,0,0
2462,72762873,KSP0900,22-179811,20220515,1519,,BIG CARD,,RD,,,0,098 CR-1190,CR1190,Y,N,NULL,NULL,NULL,N,NULL,NULL,NULL,NULL,NULL,NULL,0.01,NULL,NULL,NULL,NULL,,NULL,0,0,2,2,N,N,,NULL,98,9847,NULL,,Y,37.38222,-82.25697,N,NULL,NULL,NULL,NULL,NULL,NULL,NULL,NULL,8,97,,6,1,1,2,2,1,3,N,NULL,N,N,1521,1550,1521,N,NULL,90,,,N,,N,N,098-CR-1190-0,NULL,NULL,2022,O,7.28E+11,098-CR-1190  -000,HIGH,098-CR-1190  -000,0.01,0,0,0,0,0,0,0,0,0,0,0,0,0,0
2463,72498921,KSP0900,20-15765,20200428,1315,,RIGHT FORK OF BRUSHY,,RD,,,0,098 CR-1360Q4,CR1360Q4,N,N,NULL,NULL,NULL,N,NULL,NULL,NULL,NULL,NULL,NULL,7.558,NULL,NULL,NULL,NULL,,NULL,0,0,2,2,N,N,35,NULL,98,9801,NULL,,Y,37.57791,-82.44261,N,NULL,NULL,NULL,NULL,NULL,NULL,NULL,NULL,1,3,2,1,1,1,3,2,7,3,N,NULL,N,N,1315,1345,1400,N,NULL,55,,,N,,N,N,098-CR-1360Q4-0,NULL,NULL,2020,O,7.25E+11,098-CR-1360Q4-000,HIGH,098-CR-1360Q4-000,7.558,0,0,1,0,0,0,1,0,0,0,0,0,0,0
2464,72656598,KSP0900,21-331305,20210809,2114,,KY199,,,KY0199,KY0199,0,098 KY-199,KY0199,N,N,NULL,NULL,NULL,N,NULL,NULL,NULL,NULL,NULL,NULL,9.998,NULL,NULL,NULL,NULL,,NULL,0,0,1,1,N,N,35,NULL,98,9872,NULL,,Y,37.58367,-82.27061,N,NULL,NULL,NULL,NULL,NULL,NULL,NULL,NULL,9,5,1,3,1,1,2,6,7,3,N,NULL,Y,N,2111,2155,2155,Y,NULL,40,7,0,N,,N,N,098-KY-0199-0,NULL,NULL,2021,O,7.27E+11,098-KY-0199  -000,HIGH,098-KY-0199  -000,9.998,0,0,0,0,0,0,0,0,0,0,0,1,0,0
2465,72742205,KSP0900,22-99782,20220319,600,,TURKEY PEN,,RD,,,0,098 CR-1732,CR1732,N,N,NULL,NULL,NULL,N,NULL,NULL,NULL,NULL,NULL,NULL,1.324,NULL,NULL,NULL,NULL,,NULL,0,0,1,1,N,N,15,NULL,98,9827,NULL,,Y,37.32397,-82.64433,N,NULL,NULL,NULL,NULL,NULL,NULL,NULL,NULL,9,3,1,6,1,1,2,6,7,3,N,NULL,Y,N,609,727,727,N,NULL,40,,,N,,N,N,098-CR-1732-0,NULL,NULL,2022,O,7.27E+11,098-CR-1732  -000,HIGH,098-CR-1732  -000,1.324,0,0,0,0,0,0,0,0,0,0,0,1,0,0
2466,72602221,980100,2.02E+11,20210304,1752,,HAMBLEY,,BLVD,,,,,,N,N,NULL,NULL,NULL,N,NULL,NULL,NULL,NULL,NULL,NULL,1.441,NULL,NULL,NULL,NULL,,NULL,0,0,2,2,N,N,15,NULL,98,9801,NULL,,Y,37.48381,-82.5291,N,NULL,NULL,NULL,NULL,NULL,NULL,NULL,NULL,8,3,1,6,1,1,2,2,6,3,N,NULL,Y,N,1752,1757,1809,N,NULL,53,,,N,,N,N,,NULL,NULL,2021,O,7.26E+11,098-CS-1222  -000,MEDIUM,098-CS-1222  -000,1.441,0,0,1,0,0,0,1,0,0,0,0,1,0,1
2467,72806547,KSP0900,22-361598,20220917,1848,,LITTLE,,CRK,,,,,,N,N,NULL,NULL,NULL,N,NULL,NULL,NULL,NULL,NULL,NULL,0.264,NULL,NULL,NULL,NULL,,NULL,1,0,2,2,N,N,35,NULL,98,9801,NULL,,Y,37.39006,-82.51929,N,NULL,NULL,NULL,NULL,NULL,NULL,NULL,NULL,8,3,1,6,1,1,2,2,7,3,N,NULL,Y,Y,1848,1901,1940,N,NULL,47,,,N,,N,N,,NULL,NULL,2022,C,7.28E+11,098-CR-1276  -000,MEDIUM,098-CR-1276  -000,0.264,0,0,0,0,0,0,0,0,0,0,0,1,0,0
2468,72402415,KSP0900,19-32626,20190822,2230,,CHARLES FARM,,DR,,,0,098 CR-1372K,CR1372K,N,N,NULL,NULL,NULL,N,NULL,NULL,NULL,NULL,NULL,NULL,0.033,NULL,NULL,NULL,NULL,,NULL,1,0,1,1,N,N,25,NULL,98,9850,NULL,,Y,37.53501,-82.45839,N,NULL,NULL,NULL,NULL,NULL,NULL,NULL,NULL,9,97,1,1,3,8,3,6,5,3,Y,NULL,Y,N,2031,2041,2041,N,NULL,70,,,N,,N,N,098-CR-1372K-0,NULL,NULL,2019,C,7.24E+11,098-CR-1372K -000,HIGH,098-CR-1372K -000,0.033,0,0,0,0,0,0,1,0,0,0,0,1,0,0