OBJECTID,MasterFile,AgencyORINumber,LocalCode,CollisionDate,CollisionTime,CollisionDayWeekCode,RoadwayName,RoadwayName_Direction_,RoadwayName_RoadwaySuffix_,RoadwayfromReport,CurrentRoadwayNumber,RoadwayNumberCoupletID,RSEUniqueGIS,RoadwayIdentifier,ParkingLotIndicator,IntersectionWith_Indicator_,IntersectionWith_NameRoadway_,IntersectionWith_Direction_,IntersectionWith_RoadwaySuffix_,BetweenStreets_Indicator_,BetweenStreets1_NameRoadway_,BetweenStreet1_Direction_,BetweenStreets1_RoadwaySuffix_,BetweenStreets2_NameRoadway_,BetweenStreets2_Direction_,BetweenStreets2_RoadwaySuffix_,Milepoint,ReportMilepointDeriveNumber,CurrentDerivedMiepointNumber,MilestoMilepoint,FeettoMilepoint,DirectionfromMilepoint_NSEW_,ValidMilepointIndicator,NumberInjured,NumberKilled,ofUnits,ofMotorVehicleUnits,Hit&RunIndicator,OneWayIndicator,SpeedLimitNumber,KilometersIndicator,CountyCode,CityCountyCode,MilesFromCity,DirectionFromCity_NSEW_,InCityLimitsIndicator,Latitude,Longitude,RampIndicator,RampFromIdentifier,RampFromDirCode,RampFromCoupletID,RSEUniqueGISRampFrom,RampToidentifier,RampToDirCode,RampToCoupletID,RSEUniqueGisRampTo,MannerofCollisionCode,LocationFirstEventCode,TotalLanes,RoadwayCharacterCode,RoadwaySurfaceCode,RoadwayConditionCode,WeatherCode,LightConditionCode,LandUseCode,SchoolBusRelatedCode,FirstAidSceneIndicator,CollDescPresentInd,InvestigationCompleteIndicator,PhotosTakenIndicator,TimeNotified,TimeArrived,TimeRoadwayOpened,PropertyDamageIndicator,DiagramPresentIndicator,DirectionalAnalysis,FunctionClassCode,NationalHwySysCode,EnforcementsIndicator,KARSCityCode,SecondaryCollisionIndicator,MedianCrossoverIndicator,RT_UNIQUE,MapIt,TimeLastLeft,YR,KABCO,MFNY,WorkingRID,RT_CONFIDENCE,KTC_RT,KTC_MP,Motorcyclist,Commercial Vehicle,Young Driver,Mature Driver,Pedestrian,Bicyclist,Distracted,Aggressive,Impaired,Unrestrained,Intersection,Roadway Departure,Median Cross-over,City Crash
2469,72802139,980100,2.02E+11,20220906,1748,,KY3496,,,KY3496,KY3496,0,098 KY-3496,KY3496,Y,N,NULL,NULL,NULL,N,NULL,NULL,NULL,NULL,NULL,NULL,0.237,NULL,NULL,NULL,NULL,,NULL,0,0,1,1,N,N,35,NULL,98,9801,NULL,,Y,37.46685,-82.53175,N,NULL,NULL,NULL,NULL,NULL,NULL,NULL,NULL,9,97,2,6,1,1,3,2,5,3,N,NULL,Y,N,1748,1752,1748,N,NULL,90,16,0,N,,N,N,098-KY-3496-0,NULL,NULL,2022,O,7.28E+11,098-KY-3496  -000,HIGH,098-KY-3496  -000,0.237,0,0,0,0,0,0,1,0,0,0,0,1,0,1
2470,72504385,980500,2020AR029,20200525,1014,,N MAYO TRAIL,,,,,,,,Y,N,NULL,NULL,NULL,N,NULL,NULL,NULL,NULL,NULL,NULL,,NULL,NULL,NULL,NULL,NULL,NULL,0,0,1,1,N,N,15,NULL,98,9807,NULL,,Y,37.52526,-82.57393,N,NULL,NULL,NULL,NULL,NULL,NULL,NULL,NULL,9,97,2,6,1,1,2,2,1,3,N,NULL,Y,Y,1014,1016,1034,Y,NULL,90,,,N,,N,N,,NULL,NULL,2020,O,7.25E+11,098-US-0023  -010,MEDIUM,098-US-0023  -000,29.137,0,1,0,0,0,0,0,0,0,0,0,1,0,0
2471,72687679,KSP0900,21-440624,20211026,1230,,KY194,,,KY0194,KY0194,0,098 KY-194,KY0194,N,N,NULL,NULL,NULL,N,NULL,NULL,NULL,NULL,NULL,NULL,16.604,NULL,NULL,NULL,NULL,,NULL,0,0,1,1,N,N,55,NULL,98,9820,NULL,,Y,37.56678,-82.46091,N,NULL,NULL,NULL,NULL,NULL,NULL,NULL,NULL,9,3,2,4,1,5,3,2,7,3,N,NULL,N,N,1230,1235,1300,N,NULL,44,7,0,N,,N,N,098-KY-0194-0,NULL,NULL,2021,O,7.27E+11,098-KY-0194  -000,HIGH,098-KY-0194  -000,16.604,0,0,0,0,0,0,1,0,0,0,0,1,0,0
2472,72846678,980100,2.02E+11,20221221,2007,,US23,,,US0023,US0023,0,098 US-23,US0023,N,Y,MAYO,,CIR,N,NULL,NULL,NULL,NULL,NULL,NULL,22.517,NULL,NULL,NULL,NULL,,NULL,0,0,1,1,N,N,55,NULL,98,9801,NULL,,Y,37.46401,-82.51883,N,NULL,NULL,NULL,NULL,NULL,NULL,NULL,NULL,9,3,4,3,1,1,2,6,3,3,N,NULL,Y,N,2007,2007,2008,N,NULL,3,,1,N,,N,N,098-US-0023-0,NULL,NULL,2022,O,7.28E+11,098-US-0023  -000,HIGH,098-US-0023  -000,22.517,0,0,0,0,0,0,0,0,0,0,1,0,0,1
2473,72666389,KSP0900,21-364040,20210901,1526,,BOWLING,,FRK,,,0,098 CR-1206Q3,CR1206Q3,N,N,NULL,NULL,NULL,N,NULL,NULL,NULL,NULL,NULL,NULL,1.192,NULL,NULL,NULL,NULL,,NULL,1,0,1,1,N,N,35,NULL,98,9830,NULL,,Y,37.29851,-82.49284,N,NULL,NULL,NULL,NULL,NULL,NULL,NULL,NULL,9,97,1,1,1,5,6,2,7,3,N,NULL,Y,Y,1536,1556,1556,N,NULL,44,,,N,,N,N,098-CR-1206Q3-0,NULL,NULL,2021,C,7.27E+11,098-CR-1206Q3-000,HIGH,098-CR-1206Q3-000,1.192,0,0,0,0,0,0,0,0,0,1,0,1,0,0
2474,72805510,KSP0900,22-346878,20220906,2355,,KY319,,,KY0319,KY0319,0,098 KY-319,KY0319,N,N,NULL,NULL,NULL,N,NULL,NULL,NULL,NULL,NULL,NULL,5.287,NULL,NULL,NULL,NULL,,NULL,1,0,1,1,N,N,35,NULL,98,9842,NULL,,Y,37.62392,-82.24472,N,NULL,NULL,NULL,NULL,NULL,NULL,NULL,NULL,9,5,2,3,1,5,2,7,7,3,Y,NULL,Y,Y,2355,5,45,Y,NULL,51,7,0,N,,N,N,098-KY-0319-0,NULL,NULL,2022,B,7.28E+11,098-KY-0319  -000,HIGH,098-KY-0319  -000,5.287,0,0,0,0,0,0,0,0,1,1,0,1,0,0
2475,72702571,980100,2.02E+11,20211022,1317,,US460,,,US0460,US0460,0,098 US-460,US0460,N,N,NULL,NULL,NULL,N,NULL,NULL,NULL,NULL,NULL,NULL,0.033,NULL,NULL,NULL,NULL,,NULL,1,1,2,2,N,N,55,NULL,98,9801,NULL,,Y,37.44152,-82.50686,N,NULL,NULL,NULL,NULL,NULL,NULL,NULL,NULL,7,3,2,6,1,1,3,2,7,3,Y,NULL,Y,Y,1317,1325,1758,N,NULL,54,,1,N,,N,Y,098-US-0460-0,NULL,NULL,2021,K,7.27E+11,098-US-0460  -000,HIGH,098-US-0460  -000,0.033,0,0,0,1,0,0,1,0,0,1,0,1,1,1
2476,72534734,KSP0900,20-663987,20200823,1928,,KY195,,,KY0195,KY0195,0,098 KY-195,KY0195,N,N,NULL,NULL,NULL,N,NULL,NULL,NULL,NULL,NULL,NULL,6.185,NULL,NULL,NULL,NULL,,NULL,0,0,1,1,N,N,35,NULL,98,9830,NULL,,Y,37.32058,-82.45969,N,NULL,NULL,NULL,NULL,NULL,NULL,NULL,NULL,9,3,2,3,1,1,2,6,7,3,N,NULL,Y,N,2005,2025,,N,NULL,40,7,0,N,,N,N,098-KY-0195-0,NULL,NULL,2020,O,7.25E+11,098-KY-0195  -000,HIGH,098-KY-0195  -000,6.185,0,0,0,0,0,0,1,0,0,0,0,1,0,0
2477,72675450,980100,2.02E+11,20210926,1340,,ELM,N,ST,,,,,,N,N,NULL,NULL,NULL,N,NULL,NULL,NULL,NULL,NULL,NULL,0.002,NULL,NULL,NULL,NULL,,NULL,0,0,2,2,Y,N,15,NULL,98,9801,NULL,,Y,37.47702,-82.52177,N,NULL,NULL,NULL,NULL,NULL,NULL,NULL,NULL,7,3,1,6,1,1,2,6,6,3,N,NULL,Y,N,1340,1348,1348,N,NULL,47,,,N,,N,N,,NULL,NULL,2021,O,7.27E+11,098-CS-1107  -000,LOW,098-CS-1107  -000,0.002,0,0,0,0,0,0,1,0,0,0,0,0,0,1
2478,72617460,KSP0900,21-165181,20210425,1532,,MALL,S,RD,,,,,,Y,N,NULL,NULL,NULL,N,NULL,NULL,NULL,NULL,NULL,NULL,0.345,NULL,NULL,NULL,NULL,,NULL,0,0,2,2,N,N,,NULL,98,9834,NULL,,Y,37.65554,-82.27299,N,NULL,NULL,NULL,NULL,NULL,NULL,NULL,NULL,1,97,,6,1,1,2,2,1,3,N,NULL,Y,N,1534,1547,,N,NULL,90,,,N,,N,N,,NULL,NULL,2021,O,7.26E+11,098-CR-1037  -000,LOW,098-CR-1037  -000,0.345,0,0,1,0,0,0,1,1,0,0,0,0,0,0
2479,72471623,980500,2020AR012,20200103,1024,,N MAYO TRAIL,,,,,,,,Y,N,NULL,NULL,NULL,N,NULL,NULL,NULL,NULL,NULL,NULL,,NULL,NULL,NULL,NULL,NULL,NULL,0,0,2,2,N,N,15,NULL,98,9807,NULL,,Y,37.52576,-82.57388,N,NULL,NULL,NULL,NULL,NULL,NULL,NULL,NULL,2,3,2,6,1,1,2,2,1,3,N,NULL,Y,N,1024,1027,1059,N,NULL,90,,,N,,N,N,,NULL,NULL,2020,O,7.25E+11,098-US-0023  -010,MEDIUM,098-US-0023  -000,29.166,0,0,0,1,0,0,1,0,0,0,0,0,0,0
2480,72547184,980100,2.02E+11,20200918,1149,,HAMBLEY,,BLVD,,,,,,N,N,NULL,NULL,NULL,N,NULL,NULL,NULL,NULL,NULL,NULL,0.549,NULL,NULL,NULL,NULL,,NULL,1,0,4,4,N,N,25,NULL,98,9801,NULL,,Y,37.47902,-82.51991,N,NULL,NULL,NULL,NULL,NULL,NULL,NULL,NULL,1,5,3,6,1,1,2,2,7,3,Y,NULL,Y,Y,1149,1151,,Y,NULL,51,,,N,,N,N,,NULL,NULL,2020,C,7.25E+11,098-CS-1222  -000,MEDIUM,098-CS-1222  -000,0.549,0,0,0,1,0,0,1,0,0,0,0,1,0,1
2481,72574287,980100,2.02E+11,20201212,1258,,CASSIDY,,BLVD,,,,,,Y,N,NULL,NULL,NULL,N,NULL,NULL,NULL,NULL,NULL,NULL,0.248,NULL,NULL,NULL,NULL,,NULL,0,0,2,2,N,Y,10,NULL,98,9801,NULL,,Y,37.50451,-82.53592,N,NULL,NULL,NULL,NULL,NULL,NULL,NULL,NULL,1,97,1,6,1,1,3,2,1,3,N,NULL,N,N,1258,1320,1337,N,NULL,90,,,N,,N,N,,NULL,NULL,2020,O,7.26E+11,098-CS-1191  -000,LOW,098-CS-1191  -000,0.248,0,0,0,0,0,0,1,0,0,0,0,0,0,1
2482,72493137,980000,20-04-003,20200403,1515,,SOOKEYS,W,CRK,,,0,098 CR-1282,CR1282,N,N,NULL,NULL,NULL,N,NULL,NULL,NULL,NULL,NULL,NULL,1.597,NULL,NULL,NULL,NULL,,NULL,0,0,2,2,Y,N,35,NULL,98,9801,12,S,N,37.4067,-82.53983,N,NULL,NULL,NULL,NULL,NULL,NULL,NULL,NULL,1,3,1,3,1,1,2,2,7,3,N,NULL,Y,Y,1524,1550,1550,N,NULL,55,,,N,,N,N,098-CR-1282-0,NULL,NULL,2020,O,7.25E+11,098-CR-1282  -000,HIGH,098-CR-1282  -000,1.597,0,0,0,0,0,0,0,1,0,0,0,0,0,0
2483,72531247,980100,2.02E+11,20200728,1411,,US23,,,US0023,US0023,,,,N,N,NULL,NULL,NULL,N,NULL,NULL,NULL,NULL,NULL,NULL,31.611,NULL,NULL,NULL,NULL,,NULL,2,0,2,2,N,N,55,NULL,98,9801,NULL,,Y,37.53689,-82.60181,N,NULL,NULL,NULL,NULL,NULL,NULL,NULL,NULL,5,3,4,6,1,1,3,2,7,3,Y,NULL,Y,Y,1411,1420,,N,NULL,70,,1,N,,N,N,,NULL,NULL,2020,C,7.25E+11,098-US-0023  -010,MEDIUM,098-US-0023  -000,31.611,0,0,0,1,0,0,0,0,0,0,0,0,0,1
2484,72497449,370200,2020-15061,20200423,1245,,MAYO,N,TRL,US0023,US0023,0,098 US-23-10,US0023,N,N,NULL,NULL,NULL,N,NULL,NULL,NULL,NULL,NULL,NULL,29.605,NULL,NULL,NULL,NULL,,NULL,0,0,2,2,N,N,55,NULL,98,9801,NULL,,Y,37.53157,-82.57713,N,NULL,NULL,NULL,NULL,NULL,NULL,NULL,NULL,1,3,5,6,1,1,2,2,1,3,N,NULL,Y,N,1300,1300,1300,N,NULL,55,,1,N,,N,N,098-US-0023-10,NULL,NULL,2020,O,7.25E+11,098-US-0023  -010,HIGH,098-US-0023  -000,29.605,0,0,0,0,0,0,1,1,0,0,0,0,0,1
2485,72463863,980100,2.02E+11,20200114,616,,BYPASS,S,RD,KY1426,KY1426,0,098 KY-1426,KY1426,N,N,NULL,NULL,NULL,N,NULL,NULL,NULL,NULL,NULL,NULL,6.113,NULL,NULL,NULL,NULL,,NULL,0,0,2,2,N,N,55,NULL,98,9801,NULL,,Y,37.47696,-82.51708,N,NULL,NULL,NULL,NULL,NULL,NULL,NULL,NULL,8,3,2,6,1,5,6,5,1,3,N,NULL,Y,N,616,617,629,N,NULL,53,,0,N,,N,N,098-KY-1426-0,NULL,NULL,2020,O,7.25E+11,098-KY-1426  -000,HIGH,098-KY-1426  -000,6.113,0,0,0,0,0,0,1,1,0,0,0,1,0,1
2486,72881087,KSP0900,23-119704,20230329,1905,,US460,,,US0460,US0460,0,098 US-460,US0460,N,N,NULL,NULL,NULL,N,NULL,NULL,NULL,NULL,NULL,NULL,4.42,NULL,NULL,NULL,NULL,,NULL,0,0,2,2,N,N,55,NULL,98,9824,NULL,,Y,37.41745,-82.45499,N,NULL,NULL,NULL,NULL,NULL,NULL,NULL,NULL,5,3,2,6,1,1,2,2,7,3,N,NULL,Y,N,1907,1920,1920,N,NULL,49,,1,N,,N,N,098-US-0460-0,NULL,NULL,2023,O,7.29E+11,098-US-0460  -000,HIGH,098-US-0460  -000,4.42,0,0,0,0,0,0,1,0,0,0,0,0,0,0
2487,72504942,KSP0900,20-19307,20200523,1334,,US23,,,US0023,US0023,0,098 US-23-10,US0023,Y,N,NULL,NULL,NULL,N,NULL,NULL,NULL,NULL,NULL,NULL,28.714,NULL,NULL,NULL,NULL,,NULL,0,0,2,2,N,N,15,NULL,98,9807,NULL,,Y,37.51998,-82.56895,N,NULL,NULL,NULL,NULL,NULL,NULL,NULL,NULL,6,97,1,6,1,1,2,2,1,3,N,NULL,Y,N,133,1342,,N,NULL,90,,1,N,,N,N,098-US-0023-10,NULL,NULL,2020,O,7.25E+11,098-US-0023  -010,HIGH,098-US-0023  -000,28.714,0,0,0,0,0,0,1,0,0,0,0,0,0,0
2488,72603314,980100,2.02E+11,20210309,14,,N BYPASS,,RD,,,,,,Y,N,NULL,NULL,NULL,N,NULL,NULL,NULL,NULL,NULL,NULL,,NULL,NULL,NULL,NULL,NULL,NULL,0,0,2,2,Y,N,15,NULL,98,9801,NULL,,Y,37.48367,-82.51392,N,NULL,NULL,NULL,NULL,NULL,NULL,NULL,NULL,2,3,0,6,1,1,3,5,1,3,N,NULL,Y,N,16,20,,N,NULL,90,,,N,,N,N,,NULL,NULL,2021,O,7.26E+11,098-KY-1460  -000,MEDIUM,098-KY-1460  -000,5.129,0,0,0,0,0,0,1,0,1,0,0,0,0,1
2489,72800142,KSP0900,22-338683,20220901,1220,,US460,,,US0460,US0460,0,098 US-460,US0460,N,N,NULL,NULL,NULL,N,NULL,NULL,NULL,NULL,NULL,NULL,4.552,NULL,NULL,NULL,NULL,,NULL,0,0,1,1,N,N,55,NULL,98,9832,NULL,,Y,37.41623,-82.45319,N,NULL,NULL,NULL,NULL,NULL,NULL,NULL,NULL,9,3,2,6,1,1,2,2,7,3,N,NULL,Y,N,1223,1226,1223,N,NULL,44,,1,N,,N,N,098-US-0460-0,NULL,NULL,2022,O,7.28E+11,098-US-0460  -000,HIGH,098-US-0460  -000,4.552,0,0,0,0,0,0,0,0,0,0,0,1,0,0
2490,72723146,KSP0900,2022-20624,20220117,900,,KY199,,,KY0199,KY0199,0,098 KY-199,KY0199,N,N,NULL,NULL,NULL,N,NULL,NULL,NULL,NULL,NULL,NULL,9.657,NULL,NULL,NULL,NULL,,NULL,0,0,1,1,N,N,35,NULL,98,9851,NULL,,Y,37.5803,-82.27052,N,NULL,NULL,NULL,NULL,NULL,NULL,NULL,NULL,9,3,2,3,1,4,8,2,7,3,N,NULL,Y,N,900,900,900,N,NULL,44,7,0,N,,N,N,098-KY-0199-0,NULL,NULL,2022,O,7.27E+11,098-KY-0199  -000,HIGH,098-KY-0199  -000,9.657,0,0,1,0,0,0,0,0,0,0,0,1,0,0
2491,72492711,980100,2.02E+11,20200330,1326,,NORTHGATE,,DR,,,0,098 CS-1021,CS1021,Y,N,NULL,NULL,NULL,N,NULL,NULL,NULL,NULL,NULL,NULL,0.019,NULL,NULL,NULL,NULL,,NULL,0,0,1,1,N,N,,NULL,98,9801,NULL,,Y,37.48593,-82.50923,N,NULL,NULL,NULL,NULL,NULL,NULL,NULL,NULL,9,97,1,6,1,1,2,2,1,3,N,NULL,Y,N,1326,1331,1331,Y,NULL,90,,,N,,N,N,098-CS-1021-0,NULL,NULL,2020,O,7.25E+11,098-CS-1021  -000,HIGH,098-CS-1021  -000,0.019,0,0,0,1,0,0,0,0,0,0,0,1,0,1
2492,72614695,980100,2.02E+11,20210416,1427,,CASSIDY,,BLVD,,,0,098 CS-1191,CS1191,N,N,NULL,NULL,NULL,N,NULL,NULL,NULL,NULL,NULL,NULL,0.032,NULL,NULL,NULL,NULL,,NULL,0,0,2,2,N,N,35,NULL,98,9801,NULL,,Y,37.50371,-82.53273,N,NULL,NULL,NULL,NULL,NULL,NULL,NULL,NULL,5,3,4,6,1,1,2,2,1,3,N,NULL,Y,N,1427,1432,1446,N,NULL,49,,,N,,N,N,098-CS-1191-0,NULL,NULL,2021,O,7.26E+11,098-CS-1191  -000,HIGH,098-CS-1191  -000,0.032,0,0,1,0,0,0,1,0,0,0,0,0,0,1
2493,72592430,KSP0900,21-51570,20210208,1059,,GREASY,,CRK,KY3226,KY3226,0,098 KY-3226,KY3226,N,N,NULL,NULL,NULL,N,NULL,NULL,NULL,NULL,NULL,NULL,0.278,NULL,NULL,NULL,NULL,,NULL,1,0,1,1,N,N,55,NULL,98,9824,NULL,,Y,37.38301,-82.47379,N,NULL,NULL,NULL,NULL,NULL,NULL,NULL,NULL,9,4,2,6,1,5,2,2,7,3,Y,NULL,Y,Y,1100,1108,1200,N,NULL,51,8,0,N,,N,N,098-KY-3226-0,NULL,NULL,2021,B,7.26E+11,098-KY-3226  -000,HIGH,098-KY-3226  -000,0.278,0,0,0,1,0,0,0,0,0,1,0,1,0,0
2494,72509750,980100,2.02E+11,20200603,1527,,BYPASS,S,RD,KY1426,KY1426,,,,Y,N,NULL,NULL,NULL,N,NULL,NULL,NULL,NULL,NULL,NULL,5.695,NULL,NULL,NULL,NULL,,NULL,0,0,2,2,N,N,,NULL,98,9801,NULL,,Y,37.4728,-82.52277,N,NULL,NULL,NULL,NULL,NULL,NULL,NULL,NULL,2,97,,6,2,1,2,8,1,3,N,NULL,Y,N,1527,1531,,N,NULL,90,,0,N,,N,N,,NULL,NULL,2020,O,7.25E+11,098-KY-1426  -000,HIGH,098-KY-1426  -000,5.695,0,0,0,1,0,0,1,0,0,1,0,0,0,1
2495,72547690,KSP0900,20-719040,20200929,555,,KY194,,,KY0194,KY0194,0,098 KY-194,KY0194,N,N,NULL,NULL,NULL,N,NULL,NULL,NULL,NULL,NULL,NULL,8.149,NULL,NULL,NULL,NULL,,NULL,0,0,1,1,N,N,55,NULL,98,9831,NULL,,Y,37.61117,-82.5335,N,NULL,NULL,NULL,NULL,NULL,NULL,NULL,NULL,9,3,2,3,1,5,6,6,7,3,N,NULL,Y,N,557,645,800,N,NULL,44,7,0,N,,N,N,098-KY-0194-0,NULL,NULL,2020,O,7.25E+11,098-KY-0194  -000,HIGH,098-KY-0194  -000,8.149,0,0,0,0,0,0,0,0,0,0,0,1,0,0
2496,72595543,980100,2.02E+11,20210213,2220,,CHLOE,,RD,KY1460,KY1460,0,098 KY-1460,KY1460,N,N,NULL,NULL,NULL,N,NULL,NULL,NULL,NULL,NULL,NULL,1.303,NULL,NULL,NULL,NULL,,NULL,0,0,1,1,N,N,45,NULL,98,9801,NULL,,Y,37.44907,-82.47867,N,NULL,NULL,NULL,NULL,NULL,NULL,NULL,NULL,9,97,2,6,1,1,2,6,7,3,N,NULL,Y,N,2220,2225,2326,Y,NULL,40,,0,Y,,N,N,098-KY-1460-0,NULL,NULL,2021,O,7.26E+11,098-KY-1460  -000,HIGH,098-KY-1460  -000,1.303,0,0,0,0,0,0,0,0,1,0,0,1,0,0
2497,72645404,KSP0900,21-283179,20210709,714,,DORTON-JENKINS,,HWY,KY0805,KY0805,0,098 KY-805,KY0805,N,N,NULL,NULL,NULL,N,NULL,NULL,NULL,NULL,NULL,NULL,4.452,NULL,NULL,NULL,NULL,,NULL,1,0,1,1,N,N,35,NULL,98,9809,NULL,,Y,37.2513,-82.56268,N,NULL,NULL,NULL,NULL,NULL,NULL,NULL,NULL,9,4,2,3,1,6,6,1,7,3,Y,NULL,Y,N,714,800,800,N,NULL,40,7,0,N,,N,N,098-KY-0805-0,NULL,NULL,2021,B,7.26E+11,098-KY-0805  -000,HIGH,098-KY-0805  -000,4.452,0,0,0,0,0,0,0,1,0,0,0,1,0,0
2498,72590701,980100,2.02E+11,20210127,1849,,CASSIDY,,BLVD,,,,,,Y,N,NULL,NULL,NULL,N,NULL,NULL,NULL,NULL,NULL,NULL,0.115,NULL,NULL,NULL,NULL,,NULL,0,0,2,2,Y,N,,NULL,98,9801,NULL,,Y,37.5036,-82.53397,N,NULL,NULL,NULL,NULL,NULL,NULL,NULL,NULL,2,97,,6,1,5,9,5,1,3,N,NULL,Y,N,1849,1858,1858,N,NULL,90,,,N,,N,N,,NULL,NULL,2021,O,7.26E+11,098-CS-1259  -000,LOW,098-CS-1259  -000,0.115,0,0,0,0,0,0,1,0,0,0,0,0,0,1
2499,72694856,KSP0900,21-453874,20211105,745,,US119,,,US0119,US0119,0,098 US-119-10,US0119,N,N,NULL,NULL,NULL,N,NULL,NULL,NULL,NULL,NULL,NULL,15.936,NULL,NULL,NULL,NULL,,NULL,0,0,1,1,N,N,55,NULL,98,9838,NULL,,Y,37.6097,-82.32123,N,NULL,NULL,NULL,NULL,NULL,NULL,NULL,NULL,9,3,2,6,1,1,2,2,7,3,N,NULL,Y,N,745,750,830,N,NULL,38,2,1,N,,N,N,098-US-0119-10,NULL,NULL,2021,O,7.27E+11,098-US-0119  -010,HIGH,098-US-0119  -000,15.936,0,0,0,0,0,0,0,0,0,0,0,0,0,0
2500,72779890,KSP0900,22-255415,20220705,2058,,ASHCAMP,,RD,KY0195,KY0195,0,098 KY-195,KY0195,N,N,NULL,NULL,NULL,N,NULL,NULL,NULL,NULL,NULL,NULL,0.612,NULL,NULL,NULL,NULL,,NULL,0,0,1,1,N,N,55,NULL,98,9864,NULL,,Y,37.27302,-82.43987,N,NULL,NULL,NULL,NULL,NULL,NULL,NULL,NULL,9,3,2,6,1,5,2,6,7,3,N,NULL,Y,N,2058,2130,2230,N,NULL,44,8,0,N,,N,N,098-KY-0195-0,NULL,NULL,2022,O,7.28E+11,098-KY-0195  -000,HIGH,098-KY-0195  -000,0.612,0,0,1,0,0,0,0,0,0,0,0,1,0,0
2501,72780501,980100,2.02E+11,20220705,1434,,BYPASS,S,RD,KY1426,KY1426,0,098 KY-1426,KY1426,N,N,NULL,NULL,NULL,N,NULL,NULL,NULL,NULL,NULL,NULL,5.694,NULL,NULL,NULL,NULL,,NULL,0,0,2,2,N,N,45,NULL,98,9801,NULL,,Y,37.47279,-82.52279,N,NULL,NULL,NULL,NULL,NULL,NULL,NULL,NULL,4,3,2,6,1,5,6,2,7,3,N,NULL,Y,N,1434,1446,1501,N,NULL,70,,0,N,,N,N,098-KY-1426-0,NULL,NULL,2022,O,7.28E+11,098-KY-1426  -000,HIGH,098-KY-1426  -000,5.694,0,0,0,1,0,0,1,1,0,0,0,0,0,1
2502,72760038,KSP0900,22-172386,20220510,1258,,US119,N,,US0119,US0119,,,,Y,N,NULL,NULL,NULL,N,NULL,NULL,NULL,NULL,NULL,NULL,24.805,NULL,NULL,NULL,NULL,,NULL,2,0,2,2,N,N,45,NULL,98,9834,NULL,,Y,37.66599,-82.27497,N,NULL,NULL,NULL,NULL,NULL,NULL,NULL,NULL,5,97,1,6,1,1,2,2,7,3,N,NULL,Y,Y,1258,1305,1305,N,NULL,90,2,1,N,,N,N,,NULL,NULL,2022,C,7.28E+11,098-US-0119  -000,MEDIUM,098-US-0119  -000,24.805,0,0,0,1,0,0,0,0,0,0,0,0,0,0
2503,72800736,980100,2.02E+11,20220902,1602,,BYPASS,S,RD,KY1426,KY1426,,,,N,N,NULL,NULL,NULL,N,NULL,NULL,NULL,NULL,NULL,NULL,5.578,NULL,NULL,NULL,NULL,,NULL,0,0,2,2,N,N,45,NULL,98,9801,NULL,,Y,37.47239,-82.52484,N,NULL,NULL,NULL,NULL,NULL,NULL,NULL,NULL,1,3,2,3,1,1,2,2,7,3,N,NULL,Y,N,1602,1623,1623,N,NULL,55,,0,Y,,N,N,,NULL,NULL,2022,O,7.28E+11,098-KY-1426  -000,HIGH,098-KY-1426  -000,5.578,0,0,0,1,0,0,1,0,0,0,0,0,0,1
2504,72679337,KSP0900,21-369199,20210904,2309,,MICHAEL,,ST,,,0,098 CR-1833R,CR1833R,N,N,NULL,NULL,NULL,N,NULL,NULL,NULL,NULL,NULL,NULL,0.054,NULL,NULL,NULL,NULL,,NULL,0,0,1,1,N,N,15,NULL,98,9804,NULL,,Y,37.51581,-82.15364,N,NULL,NULL,NULL,NULL,NULL,NULL,NULL,NULL,9,97,1,6,3,1,2,7,7,3,N,NULL,Y,N,2309,2345,2345,Y,NULL,40,,,N,,N,N,098-CR-1833R-0,NULL,NULL,2021,O,7.27E+11,098-CR-1833R -000,HIGH,098-CR-1833R -000,0.054,0,0,0,0,0,0,1,0,0,0,0,1,0,0
2505,72713690,KSP0900,21-522344,20211224,2108,,US119,,,US0119,US0119,0,098 US-119,US0119,Y,N,NULL,NULL,NULL,N,NULL,NULL,NULL,NULL,NULL,NULL,22.137,NULL,NULL,NULL,NULL,,NULL,0,0,2,2,N,N,55,NULL,98,9836,NULL,,Y,37.63514,-82.26112,N,NULL,NULL,NULL,NULL,NULL,NULL,NULL,NULL,2,97,2,6,1,1,2,6,7,3,N,NULL,Y,N,2108,2108,2108,N,NULL,90,2,1,N,,N,N,098-US-0119-0,NULL,NULL,2021,O,7.27E+11,098-US-0119  -000,HIGH,098-US-0119  -000,22.137,0,0,0,0,0,0,1,0,0,0,0,0,0,0
2506,72457962,980500,2019AR076,20191227,1830,,US23,,,US0023,US0023,0,098 US-23-10,US0023,N,N,NULL,NULL,NULL,N,NULL,NULL,NULL,NULL,NULL,NULL,29.346,NULL,NULL,NULL,NULL,,NULL,1,0,3,3,N,N,45,NULL,98,9807,NULL,,Y,37.52821,-82.5751,N,NULL,NULL,NULL,NULL,NULL,NULL,NULL,NULL,5,3,6,6,1,1,3,2,7,3,Y,NULL,Y,Y,1646,1648,1800,N,NULL,49,,1,N,,N,N,098-US-0023-10,NULL,NULL,2019,B,7.25E+11,098-US-0023  -010,HIGH,098-US-0023  -000,29.346,0,0,1,1,0,0,1,0,0,0,0,0,0,0