OBJECTID,MasterFile,AgencyORINumber,LocalCode,CollisionDate,CollisionTime,CollisionDayWeekCode,RoadwayName,RoadwayName_Direction_,RoadwayName_RoadwaySuffix_,RoadwayfromReport,CurrentRoadwayNumber,RoadwayNumberCoupletID,RSEUniqueGIS,RoadwayIdentifier,ParkingLotIndicator,IntersectionWith_Indicator_,IntersectionWith_NameRoadway_,IntersectionWith_Direction_,IntersectionWith_RoadwaySuffix_,BetweenStreets_Indicator_,BetweenStreets1_NameRoadway_,BetweenStreet1_Direction_,BetweenStreets1_RoadwaySuffix_,BetweenStreets2_NameRoadway_,BetweenStreets2_Direction_,BetweenStreets2_RoadwaySuffix_,Milepoint,ReportMilepointDeriveNumber,CurrentDerivedMiepointNumber,MilestoMilepoint,FeettoMilepoint,DirectionfromMilepoint_NSEW_,ValidMilepointIndicator,NumberInjured,NumberKilled,ofUnits,ofMotorVehicleUnits,Hit&RunIndicator,OneWayIndicator,SpeedLimitNumber,KilometersIndicator,CountyCode,CityCountyCode,MilesFromCity,DirectionFromCity_NSEW_,InCityLimitsIndicator,Latitude,Longitude,RampIndicator,RampFromIdentifier,RampFromDirCode,RampFromCoupletID,RSEUniqueGISRampFrom,RampToidentifier,RampToDirCode,RampToCoupletID,RSEUniqueGisRampTo,MannerofCollisionCode,LocationFirstEventCode,TotalLanes,RoadwayCharacterCode,RoadwaySurfaceCode,RoadwayConditionCode,WeatherCode,LightConditionCode,LandUseCode,SchoolBusRelatedCode,FirstAidSceneIndicator,CollDescPresentInd,InvestigationCompleteIndicator,PhotosTakenIndicator,TimeNotified,TimeArrived,TimeRoadwayOpened,PropertyDamageIndicator,DiagramPresentIndicator,DirectionalAnalysis,FunctionClassCode,NationalHwySysCode,EnforcementsIndicator,KARSCityCode,SecondaryCollisionIndicator,MedianCrossoverIndicator,RT_UNIQUE,MapIt,TimeLastLeft,YR,KABCO,MFNY,WorkingRID,RT_CONFIDENCE,KTC_RT,KTC_MP,Motorcyclist,Commercial Vehicle,Young Driver,Mature Driver,Pedestrian,Bicyclist,Distracted,Aggressive,Impaired,Unrestrained,Intersection,Roadway Departure,Median Cross-over,City Crash
2507,72661882,980000,21-08-005,20210816,1430,,US460,,,US0460,US0460,0,098 US-460,US0460,N,N,NULL,NULL,NULL,N,NULL,NULL,NULL,NULL,NULL,NULL,4.884,NULL,NULL,NULL,NULL,,NULL,0,0,2,2,N,N,45,NULL,98,9832,5.4,E,N,37.41236,-82.4503,N,NULL,NULL,NULL,NULL,NULL,NULL,NULL,NULL,5,3,2,6,1,5,3,2,1,3,N,NULL,Y,Y,1600,1630,1640,N,NULL,70,,1,N,,N,N,098-US-0460-0,NULL,NULL,2021,O,7.27E+11,098-US-0460  -000,HIGH,098-US-0460  -000,4.884,0,0,0,0,0,0,0,1,0,0,0,0,0,0
2508,72626987,980100,2.02E+11,20210521,1121,,CASSIDY,,BLVD,,,0,098 CS-1191,CS1191,Y,N,NULL,NULL,NULL,N,NULL,NULL,NULL,NULL,NULL,NULL,0.045,NULL,NULL,NULL,NULL,,NULL,0,0,2,2,N,N,,NULL,98,9801,NULL,,Y,37.50369,-82.5329,N,NULL,NULL,NULL,NULL,NULL,NULL,NULL,NULL,2,97,1,6,1,1,2,2,1,3,N,NULL,Y,N,1121,1122,1122,N,NULL,90,,,N,,N,N,098-CS-1191-0,NULL,NULL,2021,O,7.26E+11,098-CS-1191  -000,HIGH,098-CS-1191  -000,0.045,0,0,0,1,0,0,1,0,0,0,0,0,0,1
2509,72658849,KSP0900,21-339801,20210815,1504,,US119,,,US0119,US0119,0,098 US-119,US0119,Y,N,NULL,NULL,NULL,N,NULL,NULL,NULL,NULL,NULL,NULL,24.089,NULL,NULL,NULL,NULL,,NULL,0,0,2,2,N,N,5,NULL,98,9834,NULL,,Y,37.65692,-82.27076,N,NULL,NULL,NULL,NULL,NULL,NULL,NULL,NULL,2,97,4,6,1,1,2,2,7,3,N,NULL,Y,N,1504,1532,1532,N,NULL,90,2,1,N,,N,N,098-US-0119-0,NULL,NULL,2021,O,7.27E+11,098-US-0119  -000,HIGH,098-US-0119  -000,24.089,0,0,0,1,0,0,1,0,0,0,0,0,0,0
2510,72592224,KSP0900,21-50524,20210207,1507,,MAIN,,ST,,,0,098 CS-3000,CS3000,Y,N,NULL,NULL,NULL,N,NULL,NULL,NULL,NULL,NULL,NULL,0.553,NULL,NULL,NULL,NULL,,NULL,0,0,2,2,N,N,,NULL,98,9807,NULL,,Y,37.51978,-82.56765,N,NULL,NULL,NULL,NULL,NULL,NULL,NULL,NULL,8,97,,6,1,1,2,2,1,3,N,NULL,Y,N,1554,1607,1507,N,NULL,90,,,N,,N,N,098-CS-3000-0,NULL,NULL,2021,O,7.26E+11,098-CS-3000  -000,HIGH,098-CS-3000  -000,0.553,0,0,0,0,0,0,0,0,0,0,0,0,0,0
2511,72557145,KSP0900,20-709461,20200922,700,,KY881,,,KY0881,KY0881,0,098 KY-881,KY0881,N,N,NULL,NULL,NULL,N,NULL,NULL,NULL,NULL,NULL,NULL,1.569,NULL,NULL,NULL,NULL,,NULL,1,0,1,1,N,N,55,NULL,98,9820,NULL,,Y,37.59319,-82.39259,N,NULL,NULL,NULL,NULL,NULL,NULL,NULL,NULL,9,6,2,4,1,1,3,2,7,3,Y,NULL,Y,Y,700,725,800,N,NULL,44,8,0,N,,N,N,098-KY-0881-0,NULL,NULL,2020,B,7.26E+11,098-KY-0881  -000,HIGH,098-KY-0881  -000,1.569,0,0,0,0,0,0,1,0,0,0,0,1,0,0
2512,72761628,KSP0900,22-178510,20220514,1543,,WINDWARD,,LN,,,0,098 CS-3024,CS3024,Y,N,NULL,NULL,NULL,N,NULL,NULL,NULL,NULL,NULL,NULL,0.016,NULL,NULL,NULL,NULL,,NULL,0,0,2,2,N,N,,NULL,98,9807,NULL,,Y,37.51248,-82.55497,N,NULL,NULL,NULL,NULL,NULL,NULL,NULL,NULL,2,97,1,6,1,1,2,2,1,3,N,NULL,Y,N,1543,1611,1630,N,NULL,90,,,N,,N,N,098-CS-3024-0,NULL,NULL,2022,O,7.28E+11,098-CS-3024  -000,HIGH,098-CS-3024  -000,0.016,0,0,0,1,0,0,1,0,0,0,0,0,0,0
2513,72595389,KSP0900,21-64104,20210217,1248,,US23,,,US0023,US0023,0,098 US-23,US0023,N,N,NULL,NULL,NULL,N,NULL,NULL,NULL,NULL,NULL,NULL,3.258,NULL,NULL,NULL,NULL,,NULL,0,0,1,1,N,N,55,NULL,98,9809,NULL,,Y,37.27508,-82.59411,N,NULL,NULL,NULL,NULL,NULL,NULL,NULL,NULL,9,3,2,4,1,1,3,2,7,3,N,NULL,Y,N,1248,1305,1340,N,NULL,70,,1,N,,N,N,098-US-0023-0,NULL,NULL,2021,O,7.26E+11,098-US-0023  -000,HIGH,098-US-0023  -000,3.258,0,0,0,0,0,0,0,0,0,0,0,0,0,0
2514,72559783,KSP0900,20-767504,20201101,1758,,US119,,,US0119,US0119,0,098 US-119-10,US0119,N,N,NULL,NULL,NULL,N,NULL,NULL,NULL,NULL,NULL,NULL,15.729,NULL,NULL,NULL,NULL,,NULL,0,0,1,1,N,N,55,NULL,98,9833,NULL,,Y,37.60969,-82.32477,N,NULL,NULL,NULL,NULL,NULL,NULL,NULL,NULL,9,2,2,6,1,1,2,6,7,3,N,NULL,Y,N,1758,1824,1900,N,NULL,40,2,1,N,,N,N,098-US-0119-10,NULL,NULL,2020,O,7.26E+11,098-US-0119  -010,HIGH,098-US-0119  -000,15.729,0,0,0,0,0,0,0,0,0,0,0,1,1,0
2515,72737433,KSP0900,22-80040,20220304,1815,,US119,,,US0119,US0119,0,098 US-119,US0119,N,N,NULL,NULL,NULL,N,NULL,NULL,NULL,NULL,NULL,NULL,6.842,NULL,NULL,NULL,NULL,,NULL,0,0,1,1,N,N,55,NULL,98,9801,NULL,,Y,37.5473,-82.43834,N,NULL,NULL,NULL,NULL,NULL,NULL,NULL,NULL,9,3,2,6,1,1,2,2,7,3,N,NULL,Y,N,1818,1830,1843,N,NULL,44,2,1,N,,N,N,098-US-0119-0,NULL,NULL,2022,O,7.27E+11,098-US-0119  -000,HIGH,098-US-0119  -000,6.842,0,0,1,0,0,0,1,0,0,0,0,1,0,0
2516,72777445,KSP0900,22-225532,20220615,1757,,FISHTRAP,,RD,KY1441,KY1441,0,098 KY-1441,KY1441,N,N,NULL,NULL,NULL,N,NULL,NULL,NULL,NULL,NULL,NULL,10.103,NULL,NULL,NULL,NULL,,NULL,1,0,2,2,N,N,45,NULL,98,9850,NULL,,Y,37.51824,-82.45402,N,NULL,NULL,NULL,NULL,NULL,NULL,NULL,NULL,8,3,2,3,1,1,2,2,7,3,Y,NULL,Y,Y,1757,1759,1806,N,NULL,53,8,0,N,,N,N,098-KY-1441-0,NULL,NULL,2022,B,7.28E+11,098-KY-1441  -000,HIGH,098-KY-1441  -000,10.103,0,0,0,0,0,0,0,1,0,0,0,1,0,0
2517,72648620,980100,2.02E+11,20210717,1914,,US23,,,US0023,US0023,0,098 US-23,US0023,N,N,NULL,NULL,NULL,N,NULL,NULL,NULL,NULL,NULL,NULL,32.279,NULL,NULL,NULL,NULL,,NULL,1,0,1,1,N,N,55,NULL,98,9801,NULL,,Y,37.53756,-82.61382,N,NULL,NULL,NULL,NULL,NULL,NULL,NULL,NULL,9,3,4,3,1,1,2,2,7,3,Y,NULL,Y,Y,1914,1914,,N,NULL,70,,1,N,,N,N,098-US-0023-0,NULL,NULL,2021,C,7.26E+11,098-US-0023  -000,HIGH,098-US-0023  -000,32.279,0,0,0,0,0,0,0,0,0,0,0,1,0,1
2518,72428271,KSP0900,19-42065,20191026,20,,KY199,,,KY0199,KY0199,0,098 KY-199,KY0199,N,N,NULL,NULL,NULL,N,NULL,NULL,NULL,NULL,NULL,NULL,9.808,NULL,NULL,NULL,NULL,,NULL,0,0,1,1,N,N,35,NULL,98,9851,NULL,,Y,37.58094,-82.27015,N,NULL,NULL,NULL,NULL,NULL,NULL,NULL,NULL,9,4,2,3,1,5,6,2,7,3,N,NULL,Y,N,722,758,722,N,NULL,51,7,0,N,,N,N,098-KY-0199-0,NULL,NULL,2019,O,7.24E+11,098-KY-0199  -000,HIGH,098-KY-0199  -000,9.808,0,0,0,0,0,0,0,0,0,0,0,1,0,0
2519,72797251,KSP0900,22-317686,20220817,957,,KY194,,,KY0194,KY0194,0,098 KY-194,KY0194,N,N,NULL,NULL,NULL,N,NULL,NULL,NULL,NULL,NULL,NULL,23.081,NULL,NULL,NULL,NULL,,NULL,0,0,2,2,Y,N,55,NULL,98,9817,NULL,,Y,37.53781,-82.36891,N,NULL,NULL,NULL,NULL,NULL,NULL,NULL,NULL,7,3,2,3,1,1,3,2,7,3,N,NULL,Y,N,1001,1027,1125,N,NULL,54,6,0,N,,N,N,098-KY-0194-0,NULL,NULL,2022,O,7.28E+11,098-KY-0194  -000,HIGH,098-KY-0194  -000,23.081,0,0,0,0,0,0,1,0,0,0,0,1,0,0
2520,72555797,KSP0900,20-748860,20201019,1950,,WILLIAMSON,,RD,KY0292,KY0292,0,098 KY-292,KY0292,N,N,NULL,NULL,NULL,N,NULL,NULL,NULL,NULL,NULL,NULL,8.625,NULL,NULL,NULL,NULL,,NULL,1,0,1,1,N,N,45,NULL,98,9834,NULL,,Y,37.69598,-82.30322,N,NULL,NULL,NULL,NULL,NULL,NULL,NULL,NULL,9,5,2,3,1,1,2,6,7,3,Y,NULL,Y,Y,1950,2010,2048,N,NULL,51,7,0,N,,N,N,098-KY-0292-0,NULL,NULL,2020,A,7.26E+11,098-KY-0292  -000,HIGH,098-KY-0292  -000,8.625,0,0,1,0,0,0,0,0,0,1,0,1,0,0
2521,72515391,KSP0900,20-570184,20200627,1731,,US23,,,US0023,US0023,0,098 US-23-10,US0023,N,N,NULL,NULL,NULL,N,NULL,NULL,NULL,NULL,NULL,NULL,28.274,NULL,NULL,NULL,NULL,,NULL,0,0,2,2,N,N,45,NULL,98,9807,NULL,,Y,37.51694,-82.56256,N,NULL,NULL,NULL,NULL,NULL,NULL,NULL,NULL,5,3,4,6,1,7,3,2,7,3,N,NULL,Y,N,1732,1732,1820,N,NULL,49,,1,N,,N,N,098-US-0023-10,NULL,NULL,2020,O,7.25E+11,098-US-0023  -010,HIGH,098-US-0023  -000,28.274,0,0,0,1,0,0,1,0,0,0,0,0,0,0
2522,72654526,KSP0900,2021-322057,20210803,1910,,LEFT FORK ISLAND,,CRK,,,0,098 CR-1233Q3,CR1233Q3,N,N,NULL,NULL,NULL,N,NULL,NULL,NULL,NULL,NULL,NULL,0.792,NULL,NULL,NULL,NULL,,NULL,0,0,2,2,N,Y,25,NULL,98,9801,NULL,,Y,37.43369,-82.56792,N,NULL,NULL,NULL,NULL,NULL,NULL,NULL,NULL,2,6,1,6,1,5,3,9,7,3,N,NULL,N,N,1839,1913,1913,N,NULL,40,,,N,,N,N,098-CR-1233Q3-0,NULL,NULL,2021,O,7.27E+11,098-CR-1233Q3-000,HIGH,098-CR-1233Q3-000,0.792,0,0,0,0,0,0,0,0,0,0,0,1,0,0
2523,72535681,980100,2.02E+11,20200826,1049,,KILGORE,,LN,,,0,098 CS-1105,CS1105,Y,N,NULL,NULL,NULL,N,NULL,NULL,NULL,NULL,NULL,NULL,0.012,NULL,NULL,NULL,NULL,,NULL,0,0,2,2,N,N,,NULL,98,9801,NULL,,Y,37.47616,-82.52238,N,NULL,NULL,NULL,NULL,NULL,NULL,NULL,NULL,2,97,2,6,1,1,2,2,5,3,N,NULL,Y,N,1049,1054,1054,N,NULL,90,,,N,,N,N,098-CS-1105-0,NULL,NULL,2020,O,7.25E+11,098-CS-1105  -000,HIGH,098-CS-1105  -000,0.012,0,0,0,0,0,0,1,0,0,0,0,0,0,1
2524,72508512,980100,2.02E+11,20200601,1514,,BYPASS,S,RD,KY1426,KY1426,0,098 KY-1426,KY1426,N,N,NULL,NULL,NULL,N,NULL,NULL,NULL,NULL,NULL,NULL,6.022,NULL,NULL,NULL,NULL,,NULL,0,0,2,2,N,N,55,NULL,98,9801,NULL,,Y,37.47586,-82.51821,N,NULL,NULL,NULL,NULL,NULL,NULL,NULL,NULL,1,3,2,6,1,1,2,2,7,3,N,NULL,Y,N,1514,1520,1520,N,NULL,55,,0,N,,N,N,098-KY-1426-0,NULL,NULL,2020,O,7.25E+11,098-KY-1426  -000,HIGH,098-KY-1426  -000,6.022,0,0,0,1,0,0,1,0,0,0,0,0,0,1
2525,72491472,KSP0900,20-10197,20200318,1030,,WALMART PARKLOT,,,,,,,,Y,N,NULL,NULL,NULL,N,NULL,NULL,NULL,NULL,NULL,NULL,,NULL,NULL,NULL,NULL,NULL,NULL,0,0,2,2,N,N,,NULL,98,9834,NULL,,Y,37.65803,-82.27003,N,NULL,NULL,NULL,NULL,NULL,NULL,NULL,NULL,1,97,1,6,1,1,3,2,5,3,N,NULL,Y,N,1030,1335,1050,N,NULL,90,,,N,,N,N,,NULL,NULL,2020,O,7.25E+11,098-US-0119  -000,MEDIUM,098-US-0119  -000,24.137,0,0,0,1,0,0,1,1,0,0,0,0,0,0
2526,72762823,KSP0900,22-183469,20220517,2346,,US460,,,US0460,US0460,0,098 US-460,US0460,N,N,NULL,NULL,NULL,N,NULL,NULL,NULL,NULL,NULL,NULL,7.39,NULL,NULL,NULL,NULL,,NULL,0,0,1,1,N,N,45,NULL,98,9832,NULL,,Y,37.38601,-82.43876,N,NULL,NULL,NULL,NULL,NULL,NULL,NULL,NULL,9,3,2,1,1,1,2,6,7,3,N,NULL,Y,N,2348,2357,130,Y,NULL,40,,1,N,,N,N,098-US-0460-0,NULL,NULL,2022,O,7.28E+11,098-US-0460  -000,HIGH,098-US-0460  -000,7.39,0,0,0,0,0,0,0,0,0,0,0,1,0,0
2527,72556060,KSP0900,20-739706,20201013,1200,,DIX,,FRK,,,0,098 CR-1538,CR1538,N,N,NULL,NULL,NULL,N,NULL,NULL,NULL,NULL,NULL,NULL,0.429,NULL,NULL,NULL,NULL,,NULL,2,0,1,1,N,N,35,NULL,98,9833,NULL,,Y,37.60824,-82.34557,N,NULL,NULL,NULL,NULL,NULL,NULL,NULL,NULL,9,3,2,6,1,1,2,2,7,3,Y,NULL,Y,Y,1145,1205,1230,N,NULL,44,,,Y,,N,N,098-CR-1538-0,NULL,NULL,2020,C,7.26E+11,098-CR-1538  -000,HIGH,098-CR-1538  -000,0.429,0,0,1,0,0,0,0,0,1,0,0,1,0,0
2528,72492596,980100,2.02E+11,20200405,1418,,CASSIDY,,BLVD,,,0,098 CS-1191,CS1191,Y,N,NULL,NULL,NULL,N,NULL,NULL,NULL,NULL,NULL,NULL,0.248,NULL,NULL,NULL,NULL,,NULL,0,0,2,2,N,N,15,NULL,98,9801,NULL,,Y,37.50452,-82.53591,N,NULL,NULL,NULL,NULL,NULL,NULL,NULL,NULL,2,97,1,6,1,1,2,2,1,3,N,NULL,Y,N,1418,1431,1431,N,NULL,56,,,N,,N,N,098-CS-1191-0,NULL,NULL,2020,O,7.25E+11,098-CS-1191  -000,HIGH,098-CS-1191  -000,0.248,0,0,0,0,0,0,1,0,0,0,0,0,0,1
2529,72729526,980500,2022AR008,20220210,1201,,WEDDINGTON BRANCH,,RD,,,0,098 CS-3026,CS3026,Y,N,NULL,NULL,NULL,N,NULL,NULL,NULL,NULL,NULL,NULL,,NULL,NULL,NULL,NULL,NULL,NULL,0,0,2,2,N,N,15,NULL,98,9807,NULL,,Y,37.52578,-82.56869,N,NULL,NULL,NULL,NULL,NULL,NULL,NULL,NULL,2,97,2,6,1,1,2,2,5,3,N,NULL,Y,Y,1204,1206,1206,N,NULL,90,,,N,,N,N,098-CS-3026-0,NULL,NULL,2022,O,7.27E+11,098-CS-3026  -000,HIGH,098-CS-3026  -000,0.26,0,0,0,0,0,0,1,0,0,0,0,0,0,0
2530,72697752,KSP0900,21-469889,20211116,2013,,KY1426,,,KY1426,KY1426,0,098 KY-1426,KY1426,N,N,NULL,NULL,NULL,N,NULL,NULL,NULL,NULL,NULL,NULL,15.989,NULL,NULL,NULL,NULL,,NULL,1,0,2,2,N,N,55,NULL,98,9820,NULL,,Y,37.56444,-82.44205,N,NULL,NULL,NULL,NULL,NULL,NULL,NULL,NULL,1,3,2,6,1,1,2,6,7,3,Y,NULL,Y,Y,2013,2030,2100,N,NULL,55,7,0,N,,N,N,098-KY-1426-0,NULL,NULL,2021,B,7.27E+11,098-KY-1426  -000,HIGH,098-KY-1426  -000,15.989,0,0,0,1,0,0,1,0,0,0,0,0,0,0
2531,72420285,KSP0900,19-39600,20191007,2158,,US23,,,US0023,US0023,0,098 US-23,US0023,N,N,NULL,NULL,NULL,N,NULL,NULL,NULL,NULL,NULL,NULL,5.144,NULL,NULL,NULL,NULL,,NULL,1,0,1,1,N,N,55,NULL,98,9809,NULL,,Y,37.28191,-82.56297,N,NULL,NULL,NULL,NULL,NULL,NULL,NULL,NULL,9,3,4,1,1,5,3,6,6,3,N,NULL,Y,Y,2158,2025,,N,NULL,70,,1,N,,N,N,098-US-0023-0,NULL,NULL,2019,C,7.24E+11,098-US-0023  -000,HIGH,098-US-0023  -000,5.144,0,0,0,0,0,0,0,0,0,0,0,0,0,0
2532,72566023,KSP0900,20-787918,20201114,2320,,KY122,,,KY0122,KY0122,0,098 KY-122,KY0122,N,N,NULL,NULL,NULL,N,NULL,NULL,NULL,NULL,NULL,NULL,5.231,NULL,NULL,NULL,NULL,,NULL,0,0,1,1,N,N,55,NULL,98,9827,NULL,,Y,37.34963,-82.59317,N,NULL,NULL,NULL,NULL,NULL,NULL,NULL,NULL,9,3,2,6,1,1,2,6,7,3,N,NULL,Y,N,2320,2334,2320,N,NULL,40,,0,N,,N,N,098-KY-0122-0,NULL,NULL,2020,O,7.26E+11,098-KY-0122  -000,HIGH,098-KY-0122  -000,5.231,0,0,0,0,0,0,0,0,0,0,0,1,0,0
2533,72486781,980100,2.02E+11,20200229,2356,,MAIN,,ST,,,0,098 CS-1112,CS1112,Y,N,NULL,NULL,NULL,N,NULL,NULL,NULL,NULL,NULL,NULL,0.058,NULL,NULL,NULL,NULL,,NULL,0,0,2,2,N,N,,NULL,98,9801,NULL,,Y,37.47869,-82.51804,N,NULL,NULL,NULL,NULL,NULL,NULL,NULL,NULL,8,97,1,6,1,1,2,4,1,3,N,NULL,Y,N,2356,2358,,N,NULL,90,,,N,,N,N,098-CS-1112-0,NULL,NULL,2020,O,7.25E+11,098-CS-1112  -000,HIGH,098-CS-1112  -000,0.058,0,1,0,0,0,0,0,0,0,0,0,0,0,1
2534,72659518,980500,2021AR030,20210817,1114,,MAIN STREET,,,,,,,,N,N,NULL,NULL,NULL,N,NULL,NULL,NULL,NULL,NULL,NULL,,NULL,NULL,NULL,NULL,NULL,NULL,0,0,2,2,N,N,25,NULL,98,9807,NULL,,Y,37.51888,-82.56631,N,NULL,NULL,NULL,NULL,NULL,NULL,NULL,NULL,1,3,2,6,1,5,3,2,7,3,N,NULL,Y,Y,1124,1128,1133,N,NULL,55,,,N,,N,N,,NULL,NULL,2021,O,7.27E+11,098-CS-3000  -071,MEDIUM,098-CS-3000  -071,0.023,0,0,0,1,0,0,1,0,0,0,0,0,0,0
2535,72584300,980100,2.02E+11,20210112,1223,,HIBBARD,,ST,,,0,098 CS-1053,CS1053,Y,N,NULL,NULL,NULL,N,NULL,NULL,NULL,NULL,NULL,NULL,0.018,NULL,NULL,NULL,NULL,,NULL,0,0,2,2,Y,N,,NULL,98,9801,NULL,,Y,37.47343,-82.52693,N,NULL,NULL,NULL,NULL,NULL,NULL,NULL,NULL,1,97,1,6,1,1,2,2,1,3,N,NULL,Y,N,1223,1226,1226,N,NULL,90,,,N,,N,N,098-CS-1053-0,NULL,NULL,2021,O,7.26E+11,098-CS-1053  -000,MEDIUM,098-CS-1053  -000,0.018,0,0,0,0,0,0,0,0,0,0,0,0,0,1
2536,72668010,KSP0900,21-365714,20210902,1743,,SOOKEYS,E,CRK,,,0,098 CR-1275,CR1275,N,N,NULL,NULL,NULL,N,NULL,NULL,NULL,NULL,NULL,NULL,0.076,NULL,NULL,NULL,NULL,,NULL,0,0,1,1,N,N,55,NULL,98,9801,3,S,N,37.39344,-82.52396,N,NULL,NULL,NULL,NULL,NULL,NULL,NULL,NULL,9,97,2,3,1,1,2,2,7,3,N,NULL,Y,N,1743,1743,1743,N,NULL,44,,,N,,N,N,098-CR-1275-0,NULL,NULL,2021,O,7.27E+11,098-CR-1275  -000,HIGH,098-CR-1275  -000,0.076,0,0,0,0,0,0,0,0,1,0,0,1,0,0
2537,72819996,980100,2.02E+11,20221023,1908,,KY3496,,,KY3496,KY3496,0,098 KY-3496,KY3496,N,N,NULL,NULL,NULL,N,NULL,NULL,NULL,NULL,NULL,NULL,0.069,NULL,NULL,NULL,NULL,,NULL,0,0,1,1,N,N,15,NULL,98,9801,NULL,,Y,37.46566,-82.52906,N,NULL,NULL,NULL,NULL,NULL,NULL,NULL,NULL,9,3,2,3,1,1,2,5,1,3,N,NULL,Y,N,1908,1911,1911,N,NULL,40,16,0,Y,,N,N,098-KY-3496-0,NULL,NULL,2022,O,7.28E+11,098-KY-3496  -000,HIGH,098-KY-3496  -000,0.069,0,0,0,1,0,0,1,0,0,0,0,1,0,1
2538,72533950,980100,2.02E+11,20200818,1717,,CHLOE,,RD,KY1460,KY1460,,,,N,N,NULL,NULL,NULL,N,NULL,NULL,NULL,NULL,NULL,NULL,4.41,NULL,NULL,NULL,NULL,,NULL,0,0,2,2,N,N,35,NULL,98,9801,NULL,,Y,37.47733,-82.5038,N,NULL,NULL,NULL,NULL,NULL,NULL,NULL,NULL,7,3,2,6,1,1,2,2,6,3,N,NULL,Y,N,1717,1726,,N,NULL,54,,0,N,,N,N,,NULL,NULL,2020,O,7.25E+11,098-KY-1460  -000,HIGH,098-KY-1460  -000,4.41,0,0,0,0,0,0,0,0,0,0,0,1,0,1
2539,72720902,KSP0900,22-14843,20220112,1535,,US460,,,US0460,US0460,0,098 US-460,US0460,N,N,NULL,NULL,NULL,N,NULL,NULL,NULL,NULL,NULL,NULL,4.778,NULL,NULL,NULL,NULL,,NULL,1,0,2,2,N,N,45,NULL,98,9832,NULL,,Y,37.41179,-82.44965,N,NULL,NULL,NULL,NULL,NULL,NULL,NULL,NULL,1,3,2,6,1,1,2,2,7,3,Y,NULL,Y,Y,1535,1538,1620,N,NULL,55,,1,N,,N,N,098-US-0460-0,NULL,NULL,2022,B,7.27E+11,098-US-0460  -000,HIGH,098-US-0460  -000,4.778,0,0,1,0,0,0,0,1,0,0,0,0,0,0
2540,72558317,980000,20-10-004,20201022,1500,,US119,,,US0119,US0119,0,098 US-119,US0119,N,N,NULL,NULL,NULL,N,NULL,NULL,NULL,NULL,NULL,NULL,7.248,NULL,NULL,NULL,NULL,,NULL,1,0,1,1,N,N,55,NULL,98,9820,NULL,,Y,37.55117,-82.43312,N,NULL,NULL,NULL,NULL,NULL,NULL,NULL,NULL,9,4,4,1,1,1,2,2,7,3,Y,NULL,Y,Y,1500,1515,1620,N,NULL,44,2,1,N,,N,N,098-US-0119-0,NULL,NULL,2020,C,7.26E+11,098-US-0119  -000,HIGH,098-US-0119  -000,7.248,0,0,1,0,0,0,0,0,0,0,0,1,0,0
2541,72496105,980100,2.02E+11,20200422,1200,,US23,,,US0023,US0023,0,098 US-23,US0023,N,N,NULL,NULL,NULL,N,NULL,NULL,NULL,NULL,NULL,NULL,20.741,NULL,NULL,NULL,NULL,,NULL,1,0,2,2,N,N,55,NULL,98,9801,NULL,,Y,37.44312,-82.52287,N,NULL,NULL,NULL,NULL,NULL,NULL,NULL,NULL,1,3,4,3,1,1,2,2,1,3,Y,NULL,Y,Y,1201,1207,1234,N,NULL,55,,1,N,,N,N,098-US-0023-0,NULL,NULL,2020,C,7.25E+11,098-US-0023  -000,HIGH,098-US-0023  -000,20.741,0,1,0,0,0,0,1,0,0,0,0,0,0,1
2542,72521846,980100,2.02E+11,20200706,1255,,THOMPSON,,RD,,,,,,Y,N,NULL,NULL,NULL,N,NULL,NULL,NULL,NULL,NULL,NULL,0.685,NULL,NULL,NULL,NULL,,NULL,0,0,2,2,N,N,15,NULL,98,9801,NULL,,Y,37.5059,-82.54028,N,NULL,NULL,NULL,NULL,NULL,NULL,NULL,NULL,1,97,1,6,1,1,2,2,1,3,N,NULL,Y,N,1255,1302,1302,N,NULL,90,,,N,,N,N,,NULL,NULL,2020,O,7.25E+11,098-CS-1215  -000,MEDIUM,098-CS-1215  -000,0.685,0,0,0,1,0,0,0,0,0,0,0,0,0,1
2543,72682094,KSP0900,21-410406,20211004,1810,,US23,,,US0023,US0023,0,098 US-23,US0023,N,N,NULL,NULL,NULL,N,NULL,NULL,NULL,NULL,NULL,NULL,28.683,NULL,NULL,NULL,NULL,,NULL,0,0,2,2,N,N,55,NULL,98,9801,NULL,,Y,37.52056,-82.5681,N,NULL,NULL,NULL,NULL,NULL,NULL,NULL,NULL,5,97,1,6,1,5,2,2,5,3,N,NULL,Y,N,1810,1810,,N,NULL,49,,1,N,,N,N,098-US-0023-0,NULL,NULL,2021,O,7.27E+11,098-US-0023  -000,HIGH,098-US-0023  -000,28.683,0,0,0,0,0,0,0,0,0,0,0,0,0,0