OBJECTID,MasterFile,AgencyORINumber,LocalCode,CollisionDate,CollisionTime,CollisionDayWeekCode,RoadwayName,RoadwayName_Direction_,RoadwayName_RoadwaySuffix_,RoadwayfromReport,CurrentRoadwayNumber,RoadwayNumberCoupletID,RSEUniqueGIS,RoadwayIdentifier,ParkingLotIndicator,IntersectionWith_Indicator_,IntersectionWith_NameRoadway_,IntersectionWith_Direction_,IntersectionWith_RoadwaySuffix_,BetweenStreets_Indicator_,BetweenStreets1_NameRoadway_,BetweenStreet1_Direction_,BetweenStreets1_RoadwaySuffix_,BetweenStreets2_NameRoadway_,BetweenStreets2_Direction_,BetweenStreets2_RoadwaySuffix_,Milepoint,ReportMilepointDeriveNumber,CurrentDerivedMiepointNumber,MilestoMilepoint,FeettoMilepoint,DirectionfromMilepoint_NSEW_,ValidMilepointIndicator,NumberInjured,NumberKilled,ofUnits,ofMotorVehicleUnits,Hit&RunIndicator,OneWayIndicator,SpeedLimitNumber,KilometersIndicator,CountyCode,CityCountyCode,MilesFromCity,DirectionFromCity_NSEW_,InCityLimitsIndicator,Latitude,Longitude,RampIndicator,RampFromIdentifier,RampFromDirCode,RampFromCoupletID,RSEUniqueGISRampFrom,RampToidentifier,RampToDirCode,RampToCoupletID,RSEUniqueGisRampTo,MannerofCollisionCode,LocationFirstEventCode,TotalLanes,RoadwayCharacterCode,RoadwaySurfaceCode,RoadwayConditionCode,WeatherCode,LightConditionCode,LandUseCode,SchoolBusRelatedCode,FirstAidSceneIndicator,CollDescPresentInd,InvestigationCompleteIndicator,PhotosTakenIndicator,TimeNotified,TimeArrived,TimeRoadwayOpened,PropertyDamageIndicator,DiagramPresentIndicator,DirectionalAnalysis,FunctionClassCode,NationalHwySysCode,EnforcementsIndicator,KARSCityCode,SecondaryCollisionIndicator,MedianCrossoverIndicator,RT_UNIQUE,MapIt,TimeLastLeft,YR,KABCO,MFNY,WorkingRID,RT_CONFIDENCE,KTC_RT,KTC_MP,Motorcyclist,Commercial Vehicle,Young Driver,Mature Driver,Pedestrian,Bicyclist,Distracted,Aggressive,Impaired,Unrestrained,Intersection,Roadway Departure,Median Cross-over,City Crash
2544,72766283,980100,2.02E+11,20220521,1529,,KY3496,,,KY3496,KY3496,0,098 KY-3496,KY3496,N,N,NULL,NULL,NULL,N,NULL,NULL,NULL,NULL,NULL,NULL,0.095,NULL,NULL,NULL,NULL,,NULL,0,0,2,2,N,N,35,NULL,98,9801,NULL,,Y,37.46595,-82.52943,N,NULL,NULL,NULL,NULL,NULL,NULL,NULL,NULL,4,3,2,6,1,1,2,2,1,3,N,NULL,Y,N,1529,1536,1540,N,NULL,70,16,0,N,,N,N,098-KY-3496-0,NULL,NULL,2022,O,7.28E+11,098-KY-3496  -000,HIGH,098-KY-3496  -000,0.095,0,0,0,1,0,0,1,0,0,0,0,0,0,1
2545,72801864,KSP0900,22-338731,20220901,1302,,US119,,,US0119,US0119,0,098 US-119-10,US0119,N,N,NULL,NULL,NULL,N,NULL,NULL,NULL,NULL,NULL,NULL,3.907,NULL,NULL,NULL,NULL,,NULL,0,0,2,2,N,N,55,NULL,98,9828,NULL,,Y,37.51436,-82.46556,N,NULL,NULL,NULL,NULL,NULL,NULL,NULL,NULL,8,3,2,6,1,1,2,2,1,3,N,NULL,Y,N,1302,1416,1416,N,NULL,53,2,1,N,,N,N,098-US-0119-10,NULL,NULL,2022,O,7.28E+11,098-US-0119  -010,HIGH,098-US-0119  -000,3.907,0,0,0,1,0,0,1,0,0,0,0,1,0,0
2546,72707889,KSP0900,21-504235,20211211,1700,,KY194,,,KY0194,KY0194,0,098 KY-194,KY0194,N,N,NULL,NULL,NULL,N,NULL,NULL,NULL,NULL,NULL,NULL,7.528,NULL,NULL,NULL,NULL,,NULL,0,0,1,1,N,N,55,NULL,98,9807,NULL,,Y,37.61367,-82.54462,N,NULL,NULL,NULL,NULL,NULL,NULL,NULL,NULL,9,3,2,6,1,5,2,2,6,3,N,NULL,Y,N,1630,1710,1710,N,NULL,38,7,0,N,,N,N,098-KY-0194-0,NULL,NULL,2021,O,7.27E+11,098-KY-0194  -000,HIGH,098-KY-0194  -000,7.528,0,0,0,0,0,0,0,0,0,0,0,0,0,0
2547,72845223,KSP0900,22-483387,20221219,1458,,US23,,,US0023,US0023,0,098 US-23,US0023,N,N,NULL,NULL,NULL,N,NULL,NULL,NULL,NULL,NULL,NULL,1.952,NULL,NULL,NULL,NULL,,NULL,3,0,2,2,N,N,55,NULL,98,9809,NULL,,Y,37.26604,-82.61321,N,NULL,NULL,NULL,NULL,NULL,NULL,NULL,NULL,1,3,4,6,1,1,2,2,7,3,Y,NULL,Y,Y,1458,1505,1630,N,NULL,55,,1,N,,N,N,098-US-0023-0,NULL,NULL,2022,A,7.28E+11,098-US-0023  -000,HIGH,098-US-0023  -000,1.952,0,0,0,1,0,0,1,0,0,0,0,0,0,0
2548,72791244,KSP0900,22-303228,20220806,1849,,KY612,,,KY0612,KY0612,0,098 KY-612,KY0612,N,N,NULL,NULL,NULL,N,NULL,NULL,NULL,NULL,NULL,NULL,1.242,NULL,NULL,NULL,NULL,,NULL,0,0,2,2,Y,N,55,NULL,98,9843,NULL,,Y,37.67674,-82.34904,N,NULL,NULL,NULL,NULL,NULL,NULL,NULL,NULL,7,3,2,6,1,1,2,2,7,3,Y,NULL,Y,Y,1853,1932,2000,N,NULL,54,8,0,N,,N,N,098-KY-0612-0,NULL,NULL,2022,O,7.28E+11,098-KY-0612  -000,HIGH,098-KY-0612  -000,1.242,0,0,0,1,0,0,1,0,1,1,0,1,0,0
2549,72715849,980100,2.02E+11,20211231,1552,,CASSIDY,,BLVD,,,0,098 CS-1191,CS1191,Y,N,NULL,NULL,NULL,N,NULL,NULL,NULL,NULL,NULL,NULL,0.338,NULL,NULL,NULL,NULL,,NULL,0,0,2,2,N,N,,NULL,98,9801,NULL,,Y,37.50523,-82.53764,N,NULL,NULL,NULL,NULL,NULL,NULL,NULL,NULL,2,97,,6,1,1,2,2,1,3,N,NULL,Y,N,1552,1601,,N,NULL,90,,,Y,,N,N,098-CS-1191-0,NULL,NULL,2021,O,7.27E+11,098-CS-1191  -000,HIGH,098-CS-1191  -000,0.338,0,0,0,0,0,0,0,0,0,0,0,0,0,1
2550,72507919,KSP0900,20-19412,20200523,2316,,COWPEN,,RD,KY2061,KY2061,0,098 KY-2061,KY2061,N,N,NULL,NULL,NULL,N,NULL,NULL,NULL,NULL,NULL,NULL,3.615,NULL,NULL,NULL,NULL,,NULL,1,0,1,1,N,N,55,NULL,98,9807,NULL,,Y,37.56268,-82.55708,N,NULL,NULL,NULL,NULL,NULL,NULL,NULL,NULL,9,3,2,6,1,5,10,6,7,3,Y,NULL,Y,Y,2316,2331,30,N,NULL,40,,0,N,,N,N,098-KY-2061-0,NULL,NULL,2020,A,7.25E+11,098-KY-2061  -000,HIGH,098-KY-2061  -000,3.615,0,0,0,0,0,0,1,0,0,0,0,1,0,1
2551,72430986,KSP0900,2019-41104,20191019,657,,KY199,,,KY0199,KY0199,0,098 KY-199,KY0199,N,Y,US119,,,N,NULL,NULL,NULL,NULL,NULL,NULL,11.444,NULL,NULL,NULL,NULL,,NULL,0,1,2,2,N,N,55,NULL,98,9851,NULL,,Y,37.5979,-82.27694,N,NULL,NULL,NULL,NULL,NULL,NULL,NULL,NULL,1,5,2,1,1,1,2,2,1,3,Y,NULL,Y,Y,719,808,1039,N,NULL,8,7,0,N,,Y,N,098-KY-0199-0,NULL,NULL,2019,K,7.24E+11,098-KY-0199  -000,HIGH,098-KY-0199  -000,11.444,0,0,0,0,0,0,1,0,0,1,1,0,0,0
2552,72820388,KSP0900,22-409903,20221024,1615,,US460,,,US0460,US0460,0,098 US-460,US0460,N,N,NULL,NULL,NULL,N,NULL,NULL,NULL,NULL,NULL,NULL,14.078,NULL,NULL,NULL,NULL,,NULL,0,0,2,2,N,N,55,NULL,98,9802,8,N,N,37.34092,-82.37938,N,NULL,NULL,NULL,NULL,NULL,NULL,NULL,NULL,5,3,2,6,1,1,2,2,7,3,N,NULL,Y,N,1615,1631,1651,N,NULL,49,,1,N,,N,N,098-US-0460-0,NULL,NULL,2022,O,7.28E+11,098-US-0460  -000,HIGH,098-US-0460  -000,14.078,0,0,0,0,0,0,0,0,0,0,0,0,0,0
2553,72593771,980100,2.02E+11,20210208,1513,,MAYO,,CIR,,,,,,Y,N,NULL,NULL,NULL,N,NULL,NULL,NULL,NULL,NULL,NULL,0.216,NULL,NULL,NULL,NULL,,NULL,0,0,3,3,N,N,,NULL,98,9801,NULL,,Y,37.46138,-82.51714,N,NULL,NULL,NULL,NULL,NULL,NULL,NULL,NULL,5,97,,6,1,1,2,2,1,3,N,NULL,Y,N,1513,1518,1518,N,NULL,90,,,Y,,N,N,,NULL,NULL,2021,O,7.26E+11,098-CS-1019  -000,MEDIUM,098-CS-1019  -000,0.216,0,0,0,0,0,0,1,0,1,0,0,0,0,1
2554,72562619,KSP0900,20-779315,20201109,1400,,TACKETT,,BR,,,0,098 CR-1728,CR1728,N,N,NULL,NULL,NULL,N,NULL,NULL,NULL,NULL,NULL,NULL,0.051,NULL,NULL,NULL,NULL,,NULL,0,0,2,2,N,N,25,NULL,98,9827,NULL,,Y,37.37259,-82.6476,N,NULL,NULL,NULL,NULL,NULL,NULL,NULL,NULL,7,3,2,1,3,1,2,2,7,3,N,NULL,Y,N,1400,1418,1418,N,NULL,54,,,N,,N,N,098-CR-1728-0,NULL,NULL,2020,O,7.26E+11,098-CR-1728  -000,HIGH,098-CR-1728  -000,0.051,0,0,0,0,0,0,0,0,0,0,0,1,0,0
2555,72636735,KSP0900,21-213324,20210525,1700,,BIG CREEK,E,RD,KY3220,KY3220,0,098 KY-3220,KY3220,Y,N,NULL,NULL,NULL,N,NULL,NULL,NULL,NULL,NULL,NULL,1.191,NULL,NULL,NULL,NULL,,NULL,1,0,2,1,Y,N,15,NULL,98,9833,NULL,,Y,37.61723,-82.35043,N,NULL,NULL,NULL,NULL,NULL,NULL,NULL,NULL,9,97,2,6,1,1,2,2,1,3,N,NULL,Y,N,1700,1720,1700,N,NULL,90,8,0,N,,N,N,098-KY-3220-0,NULL,NULL,2021,C,7.26E+11,098-KY-3220  -000,HIGH,098-KY-3220  -000,1.191,0,0,0,0,1,0,0,0,0,0,0,0,0,0
2556,72765995,980000,2205003,20220526,1155,,US 119 NORTH,,,,,,,,Y,N,NULL,NULL,NULL,N,NULL,NULL,NULL,NULL,NULL,NULL,,NULL,NULL,NULL,NULL,NULL,NULL,0,0,2,2,Y,N,15,NULL,98,9834,3,N,N,37.65823,-82.2697,N,NULL,NULL,NULL,NULL,NULL,NULL,NULL,NULL,8,,2,6,1,1,3,2,1,3,N,NULL,N,Y,1155,1200,1215,N,NULL,90,,,N,,N,N,,NULL,NULL,2022,O,7.28E+11,098-US-0119  -000,MEDIUM,098-US-0119  -000,24.138,0,0,0,0,0,0,0,0,0,0,0,0,0,0
2557,72586867,KSP0900,21-28450,20210122,838,,FERRELLS CREEK,,RD,US0460,US0460,0,098 US-460,US0460,N,N,NULL,NULL,NULL,N,NULL,NULL,NULL,NULL,NULL,NULL,21.026,NULL,NULL,NULL,NULL,,NULL,0,0,1,1,N,N,55,NULL,98,9847,2,W,N,37.37373,-82.27683,N,NULL,NULL,NULL,NULL,NULL,NULL,NULL,NULL,9,5,2,1,1,2,3,2,7,3,N,NULL,Y,N,838,913,913,N,NULL,40,,1,N,,N,N,098-US-0460-0,NULL,NULL,2021,O,7.26E+11,098-US-0460  -000,HIGH,098-US-0460  -000,21.026,0,0,0,0,0,0,0,0,0,0,0,1,0,0
2558,72698418,KSP0900,21-471647,20211118,630,,US460,,,US0460,US0460,0,098 US-460,US0460,N,N,NULL,NULL,NULL,N,NULL,NULL,NULL,NULL,NULL,NULL,8.505,NULL,NULL,NULL,NULL,,NULL,1,0,2,2,N,N,35,NULL,98,9801,5,SE,N,37.37345,-82.42803,N,NULL,NULL,NULL,NULL,NULL,NULL,NULL,NULL,7,3,2,6,1,1,2,6,7,3,Y,NULL,Y,Y,631,638,740,N,NULL,54,,1,Y,,N,N,098-US-0460-0,NULL,NULL,2021,B,7.27E+11,098-US-0460  -000,HIGH,098-US-0460  -000,8.505,0,0,0,0,0,0,0,0,0,0,0,1,0,0
2559,72797582,KSP0900,22-319791,20220818,1856,,POND CREEK,,RD,KY0199,KY0199,0,098 KY-199,KY0199,Y,N,NULL,NULL,NULL,N,NULL,NULL,NULL,NULL,NULL,NULL,,NULL,NULL,NULL,NULL,,NULL,0,0,2,2,N,N,,NULL,98,9851,NULL,,Y,37.57588,-82.26716,N,NULL,NULL,NULL,NULL,NULL,NULL,NULL,NULL,2,97,,6,1,1,2,2,5,3,N,NULL,Y,N,1856,1931,1931,N,NULL,90,9,0,N,,N,N,098-KY-0199-0,NULL,NULL,2022,O,7.28E+11,098-KY-0199  -000,HIGH,098-KY-0199  -000,9.411,0,0,0,0,0,0,1,0,0,0,0,0,0,0
2560,72803952,KSP0900,22-336722,20220830,2205,,HURRICANE,,CRK,,,0,098 CR-1435,CR1435,N,N,NULL,NULL,NULL,N,NULL,NULL,NULL,NULL,NULL,NULL,0.934,NULL,NULL,NULL,NULL,,NULL,1,0,1,1,N,N,25,NULL,98,9817,NULL,,Y,37.49261,-82.36706,N,NULL,NULL,NULL,NULL,NULL,NULL,NULL,NULL,9,3,2,3,1,5,2,6,7,3,Y,NULL,Y,Y,2205,2246,2330,N,NULL,44,,,N,,N,N,098-CR-1435-0,NULL,NULL,2022,C,7.28E+11,098-CR-1435  -000,HIGH,098-CR-1435  -000,0.934,0,0,0,0,0,0,0,0,0,0,0,1,0,0
2561,72567108,KSP0900,20-758365,20201026,1113,,US23,,,US0023,US0023,0,098 US-23,US0023,N,N,NULL,NULL,NULL,N,NULL,NULL,NULL,NULL,NULL,NULL,5.201,NULL,NULL,NULL,NULL,,NULL,0,0,1,1,N,N,55,NULL,98,9809,NULL,,Y,37.28198,-82.56191,N,NULL,NULL,NULL,NULL,NULL,NULL,NULL,NULL,9,3,4,1,1,5,6,2,7,3,N,NULL,N,N,1113,1137,1137,N,NULL,40,,1,N,,N,N,098-US-0023-0,NULL,NULL,2020,O,7.26E+11,098-US-0023  -000,HIGH,098-US-0023  -000,5.201,0,0,0,1,0,0,1,0,0,0,0,1,0,0
2562,72661836,980100,2.02E+11,20210818,750,,BYPASS,,RD,,,0,098 CS-1223,CS1223,Y,N,NULL,NULL,NULL,N,NULL,NULL,NULL,NULL,NULL,NULL,,NULL,NULL,NULL,NULL,NULL,NULL,0,0,2,2,Y,N,,NULL,98,9801,NULL,,Y,37.47128,-82.52117,N,NULL,NULL,NULL,NULL,NULL,NULL,NULL,NULL,2,97,,6,2,1,2,5,1,3,N,NULL,Y,N,750,755,755,N,NULL,90,,,N,,N,N,098-CS-1223-0,NULL,NULL,2021,O,7.27E+11,098-CS-1223  -000,HIGH,098-CS-1223  -000,0.135,0,0,0,0,0,0,0,0,0,0,0,0,0,1
2563,72515412,980000,20-06-006,20200627,1820,,US119,,,US0119,US0119,0,098 US-119-10,US0119,N,N,NULL,NULL,NULL,N,NULL,NULL,NULL,NULL,NULL,NULL,9.336,NULL,NULL,NULL,NULL,,NULL,0,0,1,1,N,N,55,NULL,98,9820,NULL,,Y,37.57607,-82.41484,N,NULL,NULL,NULL,NULL,NULL,NULL,NULL,NULL,9,3,2,4,1,1,3,2,1,3,N,NULL,N,Y,1825,1835,1835,N,NULL,38,2,1,N,,N,N,098-US-0119-10,NULL,NULL,2020,O,7.25E+11,098-US-0119  -010,HIGH,098-US-0119  -000,9.336,0,0,0,0,0,0,0,0,0,0,0,0,0,0
2564,72676087,980100,2.02E+11,20210927,2350,,BYPASS,N,RD,KY1460,KY1460,,,,N,N,NULL,NULL,NULL,N,NULL,NULL,NULL,NULL,NULL,NULL,5.576,NULL,NULL,NULL,NULL,,NULL,0,0,1,1,N,N,45,NULL,98,9801,NULL,,Y,37.48647,-82.52076,N,NULL,NULL,NULL,NULL,NULL,NULL,NULL,NULL,9,3,2,3,1,1,2,5,7,3,N,NULL,Y,N,0,10,,N,NULL,40,16,0,N,,N,N,,NULL,NULL,2021,O,7.27E+11,098-KY-1460  -000,HIGH,098-KY-1460  -000,5.576,0,0,0,0,0,0,0,0,0,0,0,1,0,1
2565,72681408,980100,2.02E+11,20211010,1352,,THOMPSON,,RD,,,,,,Y,N,NULL,NULL,NULL,N,NULL,NULL,NULL,NULL,NULL,NULL,0.487,NULL,NULL,NULL,NULL,,NULL,0,0,2,2,N,N,15,NULL,98,9801,NULL,,Y,37.5061,-82.5439,N,NULL,NULL,NULL,NULL,NULL,NULL,NULL,NULL,2,97,1,6,1,1,2,2,1,3,N,NULL,Y,N,1352,1406,1406,N,NULL,90,,,N,,N,N,,NULL,NULL,2021,O,7.27E+11,098-CS-1215  -000,MEDIUM,098-CS-1215  -000,0.487,0,0,0,1,0,0,1,0,0,0,0,0,0,1
2566,72625901,980100,2.02E+11,20210518,1254,,TOWN MOUNTAIN,,RD,KY1426,KY1426,0,098 KY-1426,KY1426,N,N,NULL,NULL,NULL,N,NULL,NULL,NULL,NULL,NULL,NULL,7.044,NULL,NULL,NULL,NULL,,NULL,0,0,2,2,N,N,55,NULL,98,9801,NULL,,Y,37.48734,-82.50744,N,NULL,NULL,NULL,NULL,NULL,NULL,NULL,NULL,5,3,2,6,1,5,3,2,7,3,N,NULL,Y,N,1255,1259,1259,N,NULL,49,,0,Y,,N,N,098-KY-1426-0,NULL,NULL,2021,O,7.26E+11,098-KY-1426  -000,HIGH,098-KY-1426  -000,7.044,0,0,0,0,0,0,1,0,0,1,0,0,0,1
2567,72727058,980100,2.02E+11,20220202,1818,,BAIRD,,AVE,KY1426,KY1426,,,,Y,N,NULL,NULL,NULL,N,NULL,NULL,NULL,NULL,NULL,NULL,5.399,NULL,NULL,NULL,NULL,,NULL,0,0,2,2,N,N,,NULL,98,9801,NULL,,Y,37.47322,-82.52709,N,NULL,NULL,NULL,NULL,NULL,NULL,NULL,NULL,1,97,2,4,1,5,6,5,1,3,N,NULL,Y,N,1818,1833,1833,N,NULL,90,,0,N,,N,N,,NULL,NULL,2022,O,7.27E+11,098-KY-1426  -000,HIGH,098-KY-1426  -000,5.399,0,0,0,0,0,0,1,0,0,0,0,0,0,1
2568,72621881,KSP0900,21-180806,20210505,1601,,US460,,,US0460,US0460,0,098 US-460,US0460,N,N,NULL,NULL,NULL,N,NULL,NULL,NULL,NULL,NULL,NULL,9.769,NULL,NULL,NULL,NULL,,NULL,0,0,2,2,N,N,55,NULL,98,9830,NULL,,Y,37.36519,-82.40805,N,NULL,NULL,NULL,NULL,NULL,NULL,NULL,NULL,5,3,2,6,1,5,3,2,7,3,N,NULL,Y,N,1603,1640,1603,N,NULL,49,,1,N,,N,N,098-US-0460-0,NULL,NULL,2021,O,7.26E+11,098-US-0460  -000,HIGH,098-US-0460  -000,9.769,0,0,0,0,0,0,1,0,0,0,0,0,0,0
2569,72647156,980100,2.02E+11,20210713,1755,,KY3496,,,KY3496,KY3496,0,098 KY-3496,KY3496,Y,N,NULL,NULL,NULL,N,NULL,NULL,NULL,NULL,NULL,NULL,0.353,NULL,NULL,NULL,NULL,,NULL,0,0,2,2,N,N,35,NULL,98,9801,NULL,,Y,37.46811,-82.53313,N,NULL,NULL,NULL,NULL,NULL,NULL,NULL,NULL,5,97,2,6,1,1,2,2,1,3,N,NULL,Y,N,1755,1757,,N,NULL,90,16,0,N,,N,N,098-KY-3496-0,NULL,NULL,2021,O,7.26E+11,098-KY-3496  -000,HIGH,098-KY-3496  -000,0.353,0,0,1,0,0,0,1,0,0,0,0,0,0,1
2570,72756631,980100,2.02E+11,20220430,1735,,CASSIDY,,BLVD,,,0,098 CS-1191,CS1191,Y,N,NULL,NULL,NULL,N,NULL,NULL,NULL,NULL,NULL,NULL,0.183,NULL,NULL,NULL,NULL,,NULL,0,0,2,2,N,N,,NULL,98,9801,NULL,,Y,37.50385,-82.535,N,NULL,NULL,NULL,NULL,NULL,NULL,NULL,NULL,7,97,,6,1,1,2,2,1,3,N,NULL,Y,N,1735,1739,1739,N,NULL,90,,,N,,N,N,098-CS-1191-0,NULL,NULL,2022,O,7.28E+11,098-CS-1191  -000,HIGH,098-CS-1191  -000,0.183,0,0,0,0,0,0,1,0,0,0,0,0,0,1
2571,72693562,370200,2021-448439,20211101,828,,ELKHORN,,CRK,KY0197,KY0197,,,,N,N,NULL,NULL,NULL,N,NULL,NULL,NULL,NULL,NULL,NULL,14.311,NULL,NULL,NULL,NULL,,NULL,0,0,2,2,N,N,35,NULL,98,9830,NULL,,Y,37.28001,-82.37309,N,NULL,NULL,NULL,NULL,NULL,NULL,NULL,NULL,7,3,2,3,1,1,2,2,7,3,N,NULL,Y,N,825,854,954,N,NULL,54,7,0,N,,N,N,,NULL,NULL,2021,O,7.27E+11,098-KY-0197  -000,HIGH,098-KY-0197  -000,14.311,0,1,0,0,0,0,0,0,0,0,0,1,0,0
2572,72710881,KSP0900,21-513606,20211218,538,,KY199,,,KY0199,KY0199,0,098 KY-199,KY0199,N,N,NULL,NULL,NULL,N,NULL,NULL,NULL,NULL,NULL,NULL,9.916,NULL,NULL,NULL,NULL,,NULL,0,0,1,1,N,N,35,NULL,98,9851,NULL,,Y,37.58247,-82.27039,N,NULL,NULL,NULL,NULL,NULL,NULL,NULL,NULL,9,97,2,6,1,5,3,6,7,3,N,NULL,Y,Y,538,619,730,Y,NULL,70,7,0,N,,N,N,098-KY-0199-0,NULL,NULL,2021,O,7.27E+11,098-KY-0199  -000,HIGH,098-KY-0199  -000,9.916,0,0,0,0,0,0,0,1,0,0,0,0,0,0
2573,72519325,KSP0900,20-591121,20200709,1030,,CHLOE,,RD,KY1460,KY1460,0,098 KY-1460,KY1460,N,N,NULL,NULL,NULL,N,NULL,NULL,NULL,NULL,NULL,NULL,,NULL,NULL,NULL,NULL,,NULL,2,0,2,2,N,N,5,NULL,98,9801,3,S,N,37.43466,-82.48161,N,NULL,NULL,NULL,NULL,NULL,NULL,NULL,NULL,5,97,1,6,2,1,2,2,7,3,Y,NULL,Y,N,1030,1040,1040,N,NULL,49,,0,N,,N,N,098-KY-1460-0,NULL,NULL,2020,C,7.25E+11,098-KY-1460  -000,HIGH,098-KY-1460  -000,0.204,0,0,1,1,0,0,0,0,0,1,0,0,0,0
2574,72568693,KSP0900,20-801409,20201124,1052,,KY195,,,KY0195,KY0195,0,098 KY-195,KY0195,N,N,NULL,NULL,NULL,N,NULL,NULL,NULL,NULL,NULL,NULL,3.338,NULL,NULL,NULL,NULL,,NULL,1,0,1,1,N,N,45,NULL,98,9802,4,W,N,37.29296,-82.47136,N,NULL,NULL,NULL,NULL,NULL,NULL,NULL,NULL,9,5,2,6,1,1,2,2,7,3,Y,NULL,Y,Y,1052,1108,1200,N,NULL,44,8,0,N,,N,N,098-KY-0195-0,NULL,NULL,2020,B,7.26E+11,098-KY-0195  -000,HIGH,098-KY-0195  -000,3.338,0,0,0,1,0,0,0,0,0,0,0,1,0,0
2575,72577596,KSP0900,20-838271,20201221,1958,,KY194,,,KY0194,KY0194,0,098 KY-194,KY0194,N,N,NULL,NULL,NULL,N,NULL,NULL,NULL,NULL,NULL,NULL,57.401,NULL,NULL,NULL,NULL,,NULL,0,0,1,1,N,N,35,NULL,98,9804,NULL,,Y,37.53656,-82.1626,N,NULL,NULL,NULL,NULL,NULL,NULL,NULL,NULL,9,4,2,1,1,1,2,6,7,3,N,NULL,N,N,1958,2005,2110,N,NULL,44,7,0,N,,N,N,098-KY-0194-0,NULL,NULL,2020,O,7.26E+11,098-KY-0194  -000,HIGH,098-KY-0194  -000,57.401,0,0,0,0,0,0,0,0,0,0,0,1,0,0
2576,72519985,980100,2.02E+11,20200711,1058,,CASSIDY,,BLVD,,,0,098 CS-1191,CS1191,Y,N,NULL,NULL,NULL,N,NULL,NULL,NULL,NULL,NULL,NULL,0.273,NULL,NULL,NULL,NULL,,NULL,0,0,2,2,N,N,15,NULL,98,9801,NULL,,Y,37.50478,-82.53632,N,NULL,NULL,NULL,NULL,NULL,NULL,NULL,NULL,2,97,,6,1,1,2,2,5,3,N,NULL,Y,N,1058,1109,1109,N,NULL,90,,,N,,N,N,098-CS-1191-0,NULL,NULL,2020,O,7.25E+11,098-CS-1191  -000,HIGH,098-CS-1191  -000,0.273,0,0,0,0,0,0,1,0,0,0,0,0,0,1
2577,72795192,980100,2.02E+11,20220818,819,,ISLAND CREEK,,RD,,,0,098 CS-1123,CS1123,N,N,NULL,NULL,NULL,N,NULL,NULL,NULL,NULL,NULL,NULL,,NULL,NULL,NULL,NULL,NULL,NULL,0,0,1,1,N,N,25,NULL,98,9801,NULL,,Y,37.47703,-82.51733,N,NULL,NULL,NULL,NULL,NULL,NULL,NULL,NULL,9,4,2,3,1,1,2,2,1,3,N,NULL,Y,N,821,823,823,Y,NULL,44,,,N,,N,N,098-CS-1123-0,NULL,NULL,2022,O,7.28E+11,098-CS-1123  -000,HIGH,098-CS-1123  -000,0.017,0,0,0,0,0,0,0,0,0,0,0,1,0,1
2578,72823672,980100,2.02E+11,20221101,1605,,MAYO,S,TRL,US0023,US0023,0,098 US-23-10,US0023,Y,N,NULL,NULL,NULL,N,NULL,NULL,NULL,NULL,NULL,NULL,,NULL,NULL,NULL,NULL,NULL,NULL,0,0,2,2,N,N,15,NULL,98,9801,NULL,,Y,37.44511,-82.50478,N,NULL,NULL,NULL,NULL,NULL,NULL,NULL,NULL,2,97,,6,1,1,3,2,1,3,N,NULL,Y,N,1608,1618,,N,NULL,90,,1,N,,N,N,098-US-0023-10,NULL,NULL,2022,O,7.28E+11,098-US-0023  -010,HIGH,098-US-0023  -000,19.289,0,0,0,1,0,0,1,0,0,0,0,0,0,1
2579,72646984,980100,2.02E+11,20210713,1602,,BYPASS,S,RD,KY1426,KY1426,0,098 KY-1426,KY1426,Y,N,NULL,NULL,NULL,N,NULL,NULL,NULL,NULL,NULL,NULL,5.703,NULL,NULL,NULL,NULL,,NULL,0,0,2,2,N,N,15,NULL,98,9801,NULL,,Y,37.47284,-82.52264,N,NULL,NULL,NULL,NULL,NULL,NULL,NULL,NULL,1,97,2,6,2,1,2,2,5,3,N,NULL,Y,N,1602,1614,1614,N,NULL,90,,0,N,,N,N,098-KY-1426-0,NULL,NULL,2021,O,7.26E+11,098-KY-1426  -000,HIGH,098-KY-1426  -000,5.703,0,0,0,1,0,0,1,0,0,0,0,0,0,1
2580,72513687,KSP0900,20-558699,20200621,1745,,KY1056,,,KY1056,KY1056,0,098 KY-1056,KY1056,N,N,NULL,NULL,NULL,N,NULL,NULL,NULL,NULL,NULL,NULL,8.597,NULL,NULL,NULL,NULL,,NULL,0,0,2,2,N,N,45,NULL,98,9863,NULL,,Y,37.59064,-82.17365,N,NULL,NULL,NULL,NULL,NULL,NULL,NULL,NULL,5,3,2,6,1,1,2,2,7,3,N,NULL,N,N,1745,1800,1800,N,NULL,49,7,0,N,,N,N,098-KY-1056-0,NULL,NULL,2020,O,7.25E+11,098-KY-1056  -000,HIGH,098-KY-1056  -000,8.597,0,0,0,0,0,0,1,0,0,0,0,0,0,0
2581,72695065,KSP0900,21-461605,20211110,1812,,US460,,,US0460,US0460,0,098 US-460,US0460,N,N,NULL,NULL,NULL,N,NULL,NULL,NULL,NULL,NULL,NULL,1.329,NULL,NULL,NULL,NULL,,NULL,0,0,1,1,N,N,35,NULL,98,9824,NULL,,Y,37.42688,-82.50101,N,NULL,NULL,NULL,NULL,NULL,NULL,NULL,NULL,9,3,2,3,1,1,2,5,7,3,N,NULL,Y,N,1812,1932,1932,N,NULL,38,,1,N,,N,N,098-US-0460-0,NULL,NULL,2021,O,7.27E+11,098-US-0460  -000,HIGH,098-US-0460  -000,1.329,0,0,0,0,0,0,0,0,0,0,0,0,0,0