OBJECTID,MasterFile,AgencyORINumber,LocalCode,CollisionDate,CollisionTime,CollisionDayWeekCode,RoadwayName,RoadwayName_Direction_,RoadwayName_RoadwaySuffix_,RoadwayfromReport,CurrentRoadwayNumber,RoadwayNumberCoupletID,RSEUniqueGIS,RoadwayIdentifier,ParkingLotIndicator,IntersectionWith_Indicator_,IntersectionWith_NameRoadway_,IntersectionWith_Direction_,IntersectionWith_RoadwaySuffix_,BetweenStreets_Indicator_,BetweenStreets1_NameRoadway_,BetweenStreet1_Direction_,BetweenStreets1_RoadwaySuffix_,BetweenStreets2_NameRoadway_,BetweenStreets2_Direction_,BetweenStreets2_RoadwaySuffix_,Milepoint,ReportMilepointDeriveNumber,CurrentDerivedMiepointNumber,MilestoMilepoint,FeettoMilepoint,DirectionfromMilepoint_NSEW_,ValidMilepointIndicator,NumberInjured,NumberKilled,ofUnits,ofMotorVehicleUnits,Hit&RunIndicator,OneWayIndicator,SpeedLimitNumber,KilometersIndicator,CountyCode,CityCountyCode,MilesFromCity,DirectionFromCity_NSEW_,InCityLimitsIndicator,Latitude,Longitude,RampIndicator,RampFromIdentifier,RampFromDirCode,RampFromCoupletID,RSEUniqueGISRampFrom,RampToidentifier,RampToDirCode,RampToCoupletID,RSEUniqueGisRampTo,MannerofCollisionCode,LocationFirstEventCode,TotalLanes,RoadwayCharacterCode,RoadwaySurfaceCode,RoadwayConditionCode,WeatherCode,LightConditionCode,LandUseCode,SchoolBusRelatedCode,FirstAidSceneIndicator,CollDescPresentInd,InvestigationCompleteIndicator,PhotosTakenIndicator,TimeNotified,TimeArrived,TimeRoadwayOpened,PropertyDamageIndicator,DiagramPresentIndicator,DirectionalAnalysis,FunctionClassCode,NationalHwySysCode,EnforcementsIndicator,KARSCityCode,SecondaryCollisionIndicator,MedianCrossoverIndicator,RT_UNIQUE,MapIt,TimeLastLeft,YR,KABCO,MFNY,WorkingRID,RT_CONFIDENCE,KTC_RT,KTC_MP,Motorcyclist,Commercial Vehicle,Young Driver,Mature Driver,Pedestrian,Bicyclist,Distracted,Aggressive,Impaired,Unrestrained,Intersection,Roadway Departure,Median Cross-over,City Crash
2582,72554678,980100,2.02E+11,20201018,210,,BYPASS,N,RD,KY1460,KY1460,0,098 KY-1460,KY1460,Y,N,NULL,NULL,NULL,N,NULL,NULL,NULL,NULL,NULL,NULL,5.22,NULL,NULL,NULL,NULL,,NULL,0,0,2,2,Y,N,15,NULL,98,9801,NULL,,Y,37.48458,-82.51501,N,NULL,NULL,NULL,NULL,NULL,NULL,NULL,NULL,1,97,1,6,1,1,2,4,1,3,N,NULL,Y,Y,210,222,222,N,NULL,90,16,0,Y,,N,N,098-KY-1460-0,NULL,NULL,2020,O,7.26E+11,098-KY-1460  -000,HIGH,098-KY-1460  -000,5.22,0,0,0,0,0,0,0,0,0,0,0,0,0,1
2583,72535149,KSP0900,20-665505,20200824,1811,,RIGHT FORK THREE MILE,,RD,,,0,098 CR-1956,CR1956,N,N,NULL,NULL,NULL,N,NULL,NULL,NULL,NULL,NULL,NULL,0.778,NULL,NULL,NULL,NULL,,NULL,0,0,2,2,N,N,15,NULL,98,9809,NULL,,Y,37.25188,-82.54245,N,NULL,NULL,NULL,NULL,NULL,NULL,NULL,NULL,7,3,1,6,1,1,2,4,6,3,N,NULL,Y,N,1811,1835,,N,NULL,54,,,Y,,N,N,098-CR-1956-0,NULL,NULL,2020,O,7.25E+11,098-CR-1956  -000,HIGH,098-CR-1956  -000,0.778,0,0,0,0,0,0,0,0,0,0,0,1,0,0
2584,72609950,KSP0900,21-123299,20210328,1930,,FOREST HILLS,,RD,,,0,098 CR-1529,CR1529,N,N,NULL,NULL,NULL,N,NULL,NULL,NULL,NULL,NULL,NULL,0.781,NULL,NULL,NULL,NULL,,NULL,0,0,1,1,N,N,35,NULL,98,9834,NULL,,Y,37.6162,-82.29272,N,NULL,NULL,NULL,NULL,NULL,NULL,NULL,NULL,9,3,2,6,1,1,2,2,7,3,Y,NULL,N,Y,1910,1915,2030,N,NULL,70,,,N,,N,N,098-CR-1529-0,NULL,NULL,2021,O,7.26E+11,098-CR-1529  -000,HIGH,098-CR-1529  -000,0.781,0,0,0,0,0,0,0,0,0,1,0,1,0,0
2585,72558316,980000,20-10-002,20201014,1500,,US119,,,US0119,US0119,0,098 US-119-10,US0119,N,N,NULL,NULL,NULL,N,NULL,NULL,NULL,NULL,NULL,NULL,5.101,NULL,NULL,NULL,NULL,,NULL,0,0,1,1,N,N,55,NULL,98,9820,NULL,,Y,37.52682,-82.45236,N,NULL,NULL,NULL,NULL,NULL,NULL,NULL,NULL,9,3,4,1,1,1,2,2,7,3,N,NULL,N,Y,1500,1510,1530,N,NULL,70,2,1,N,,N,N,098-US-0119-10,NULL,NULL,2020,O,7.26E+11,098-US-0119  -010,HIGH,098-US-0119  -000,5.101,0,0,0,0,0,0,0,0,0,0,0,0,0,0
2586,72505507,980100,2.02E+11,20200528,1354,,MAYO,S,TRL,US0023,US0023,0,098 US-23-10,US0023,Y,N,NULL,NULL,NULL,N,NULL,NULL,NULL,NULL,NULL,NULL,19.079,NULL,NULL,NULL,NULL,,NULL,0,0,2,2,N,N,15,NULL,98,9801,NULL,,Y,37.44208,-82.5062,N,NULL,NULL,NULL,NULL,NULL,NULL,NULL,NULL,1,97,0,6,1,1,2,2,5,3,N,NULL,Y,N,1355,1405,1405,N,NULL,90,,1,N,,N,N,098-US-0023-10,NULL,NULL,2020,O,7.25E+11,098-US-0023  -010,HIGH,098-US-0023  -000,19.079,0,0,0,1,0,0,1,0,0,0,0,0,0,1
2587,72474952,KSP0900,20-5477,20200211,730,,FERRELLS CREEK,,RD,US0460,US0460,0,098 US-460,US0460,N,N,NULL,NULL,NULL,N,NULL,NULL,NULL,NULL,NULL,NULL,20.298,NULL,NULL,NULL,NULL,,NULL,1,0,1,1,N,N,55,NULL,98,9802,5,NE,N,37.37544,-82.28931,N,NULL,NULL,NULL,NULL,NULL,NULL,NULL,NULL,9,5,2,4,1,5,6,2,7,3,Y,NULL,Y,N,730,830,830,N,NULL,51,,1,N,,N,N,098-US-0460-0,NULL,NULL,2020,C,7.25E+11,098-US-0460  -000,HIGH,098-US-0460  -000,20.298,0,0,0,0,0,0,0,1,0,0,0,1,0,0
2588,72793403,980100,2.02E+11,20220805,1725,,US23,,,US0023,US0023,0,098 US-23,US0023,N,N,NULL,NULL,NULL,N,NULL,NULL,NULL,NULL,NULL,NULL,23.121,NULL,NULL,NULL,NULL,,NULL,0,0,2,2,N,N,55,NULL,98,9801,NULL,,Y,37.46599,-82.52908,N,NULL,NULL,NULL,NULL,NULL,NULL,NULL,NULL,5,3,4,6,1,5,3,2,7,3,N,NULL,Y,N,1725,1739,,N,NULL,49,,1,Y,,N,N,098-US-0023-0,NULL,NULL,2022,O,7.28E+11,098-US-0023  -000,HIGH,098-US-0023  -000,23.121,0,0,0,1,0,0,0,0,1,0,0,0,0,1
2589,72537496,980100,2.02E+11,20200818,1658,,US23,,,US0023,US0023,0,098 US-23-10,US0023,N,N,NULL,NULL,NULL,N,NULL,NULL,NULL,NULL,NULL,NULL,20.627,NULL,NULL,NULL,NULL,,NULL,0,0,2,2,N,N,55,NULL,98,9801,NULL,,Y,37.44309,-82.51971,N,NULL,NULL,NULL,NULL,NULL,NULL,NULL,NULL,5,3,4,3,1,1,2,2,7,3,N,NULL,N,N,1658,1711,1752,N,NULL,49,,1,N,,N,N,098-US-0023-10,NULL,NULL,2020,O,7.25E+11,098-US-0023  -010,HIGH,098-US-0023  -000,20.627,0,0,0,0,0,0,0,1,0,0,0,0,0,1
2590,72579217,980200,EC4120002,20201218,2100,,RUSSELL,E,ST,,,0,098 CS-2009,CS2009,N,N,NULL,NULL,NULL,N,NULL,NULL,NULL,NULL,NULL,NULL,0.217,NULL,NULL,NULL,NULL,,NULL,0,0,1,1,Y,N,25,NULL,98,9802,NULL,,Y,37.3056,-82.3482,N,NULL,NULL,NULL,NULL,NULL,NULL,NULL,NULL,9,7,2,6,1,1,2,5,6,3,N,NULL,N,Y,1341,1341,,N,NULL,47,,,N,,N,N,098-CS-2009-0,NULL,NULL,2020,O,7.26E+11,098-CS-2009  -000,HIGH,098-CS-2009  -000,0.215,0,0,0,0,0,0,0,0,0,0,0,0,0,0
2591,72704350,980100,2.02E+11,20211202,1808,,US23,,,US0023,US0023,0,098 US-23,US0023,N,N,NULL,NULL,NULL,N,NULL,NULL,NULL,NULL,NULL,NULL,27.509,NULL,NULL,NULL,NULL,,NULL,0,0,2,2,N,N,55,NULL,98,9807,NULL,,Y,37.5116,-82.55093,N,NULL,NULL,NULL,NULL,NULL,NULL,NULL,NULL,8,3,4,6,1,1,2,6,7,3,N,NULL,Y,N,1808,1815,1826,N,NULL,53,,1,N,,N,N,098-US-0023-0,NULL,NULL,2021,O,7.27E+11,098-US-0023  -000,HIGH,098-US-0023  -000,27.509,0,0,0,1,0,0,0,0,0,0,0,1,0,0
2592,72776815,KSP0900,22-234081,20220621,1315,,KY3416,,,KY3416,KY3416,0,098 KY-3416,KY3416,N,N,NULL,NULL,NULL,N,NULL,NULL,NULL,NULL,NULL,NULL,1.331,NULL,NULL,NULL,NULL,,NULL,0,0,2,2,N,N,55,NULL,98,9802,NULL,,Y,37.44606,-82.54243,N,NULL,NULL,NULL,NULL,NULL,NULL,NULL,NULL,2,3,2,6,1,1,2,2,7,3,N,NULL,Y,N,1315,1341,1341,N,NULL,56,9,0,N,,N,N,098-KY-3416-0,NULL,NULL,2022,O,7.28E+11,098-KY-3416  -000,HIGH,098-KY-3416  -000,1.331,0,0,0,1,0,0,1,0,0,0,0,0,0,0
2593,72904981,980500,2023AR025,20230530,1337,,US 23 WEDDINGTON BRANCH INTERSECTION,,,,,,,,N,N,NULL,NULL,NULL,N,NULL,NULL,NULL,NULL,NULL,NULL,,NULL,NULL,NULL,NULL,NULL,NULL,2,0,3,3,N,N,45,NULL,98,9807,NULL,,Y,37.52245,-82.57065,N,NULL,NULL,NULL,NULL,NULL,NULL,NULL,NULL,1,3,6,6,1,1,2,2,7,3,Y,NULL,Y,Y,1337,1339,1425,N,NULL,55,,,N,,N,N,,NULL,NULL,2023,C,7.29E+11,098-CS-3026  -030,MEDIUM,098-CS-3026  -030,0.008,0,0,0,1,0,0,1,0,0,0,0,0,0,0
2594,72710667,KSP0900,21-512784,20211217,1617,,RATLIFF CREEK,,RD,,,0,098 CR-1484,CR1484,N,N,NULL,NULL,NULL,N,NULL,NULL,NULL,NULL,NULL,NULL,0.322,NULL,NULL,NULL,NULL,,NULL,0,0,2,2,N,N,20,NULL,98,9801,NULL,,Y,37.49789,-82.52583,N,NULL,NULL,NULL,NULL,NULL,NULL,NULL,NULL,3,3,1,4,1,5,6,2,7,3,N,NULL,Y,N,1617,1634,1730,N,NULL,52,,,N,,N,N,098-CR-1484-0,NULL,NULL,2021,O,7.27E+11,098-CR-1484  -000,HIGH,098-CR-1484  -000,0.322,0,0,1,0,0,0,1,0,0,0,0,1,0,0
2595,72442145,980100,2.02E+11,20191125,1614,,US23,,,US0023,US0023,,,,N,N,NULL,NULL,NULL,N,NULL,NULL,NULL,NULL,NULL,NULL,27.39,NULL,NULL,NULL,NULL,,NULL,0,0,2,2,N,N,55,NULL,98,9801,NULL,,Y,37.51088,-82.54903,N,NULL,NULL,NULL,NULL,NULL,NULL,NULL,NULL,5,3,6,6,1,1,3,2,7,3,N,NULL,Y,N,1614,1622,1622,N,NULL,49,,1,N,,N,N,,NULL,NULL,2019,O,7.24E+11,098-US-0023  -000,MEDIUM,098-US-0023  -000,27.39,0,0,1,0,0,0,1,0,0,0,0,0,0,1
2596,72769197,980100,2.02E+11,20220530,2207,,US23,,,US0023,US0023,,,,N,N,NULL,NULL,NULL,N,NULL,NULL,NULL,NULL,NULL,NULL,30.878,NULL,NULL,NULL,NULL,,NULL,0,0,1,1,N,N,55,NULL,98,9801,NULL,,Y,37.54106,-82.59158,N,NULL,NULL,NULL,NULL,NULL,NULL,NULL,NULL,9,5,4,3,1,1,2,6,1,3,N,NULL,Y,N,2208,2213,2213,N,NULL,51,,1,N,,N,N,,NULL,NULL,2022,O,7.28E+11,098-US-0023  -000,MEDIUM,098-US-0023  -000,30.878,0,0,0,0,0,0,0,0,0,0,0,1,0,1
2597,72734903,KSP0900,22-68436,20220224,1611,,BEECH,,CRK,,,0,098 CR-1106,CR1106,N,N,NULL,NULL,NULL,N,NULL,NULL,NULL,NULL,NULL,NULL,0.649,NULL,NULL,NULL,NULL,,NULL,0,0,1,1,N,Y,20,NULL,98,9804,NULL,,Y,37.48085,-82.14417,N,NULL,NULL,NULL,NULL,NULL,NULL,NULL,NULL,9,3,1,6,1,5,6,2,7,3,N,NULL,Y,N,1611,1717,1717,N,NULL,40,,,N,,N,N,098-CR-1106-0,NULL,NULL,2022,O,7.27E+11,098-CR-1106  -000,HIGH,098-CR-1106  -000,0.649,0,0,1,0,0,0,1,0,0,0,0,1,0,0
2598,72671951,KSP0900,21-381213,20210913,1540,,KY195,,,KY0195,KY0195,0,098 KY-195,KY0195,N,N,NULL,NULL,NULL,N,NULL,NULL,NULL,NULL,NULL,NULL,9.776,NULL,NULL,NULL,NULL,,NULL,1,0,2,2,N,N,45,NULL,98,9830,NULL,,Y,37.3484,-82.42387,N,NULL,NULL,NULL,NULL,NULL,NULL,NULL,NULL,3,3,2,6,1,1,2,2,6,1,Y,NULL,Y,Y,1542,1548,1700,N,NULL,52,7,0,N,,N,Y,098-KY-0195-0,NULL,NULL,2021,B,7.27E+11,098-KY-0195  -000,HIGH,098-KY-0195  -000,9.776,0,0,1,1,0,0,1,0,0,0,0,1,1,0
2599,72673912,980000,21-09-001,20210913,2054,,US119,,,US0119,US0119,0,098 US-119,US0119,Y,N,NULL,NULL,NULL,N,NULL,NULL,NULL,NULL,NULL,NULL,24.06,NULL,NULL,NULL,NULL,,NULL,2,0,1,1,N,N,,NULL,98,9812,0.3,N,N,37.65656,-82.27052,N,NULL,NULL,NULL,NULL,NULL,NULL,NULL,NULL,9,97,,6,1,1,2,3,1,3,Y,NULL,N,Y,2054,2109,2133,N,NULL,90,2,1,N,,N,N,098-US-0119-0,NULL,NULL,2021,C,7.27E+11,098-US-0119  -000,HIGH,098-US-0119  -000,24.06,0,0,0,0,0,0,1,0,0,1,0,1,0,0
2600,72502599,KSP0900,20-18693,20200518,2358,,US23,,,US0023,US0023,0,098 US-23,US0023,N,N,NULL,NULL,NULL,N,NULL,NULL,NULL,NULL,NULL,NULL,13.345,NULL,NULL,NULL,NULL,,NULL,0,0,1,1,N,N,45,NULL,98,9827,0.5,S,N,37.37735,-82.54026,N,NULL,NULL,NULL,NULL,NULL,NULL,NULL,NULL,9,3,4,6,1,5,6,4,6,3,N,NULL,Y,N,10,52,,Y,NULL,40,,1,N,,N,N,098-US-0023-0,NULL,NULL,2020,O,7.25E+11,098-US-0023  -000,HIGH,098-US-0023  -000,13.345,0,0,1,0,0,0,0,0,0,0,0,1,0,0
2601,72749515,KSP0900,22-131214,20220411,1700,,KY194,,,KY0194,KY0194,0,098 KY-194,KY0194,N,N,NULL,NULL,NULL,N,NULL,NULL,NULL,NULL,NULL,NULL,26.933,NULL,NULL,NULL,NULL,,NULL,0,0,1,1,N,N,55,NULL,98,9817,NULL,,Y,37.4941,-82.35126,N,NULL,NULL,NULL,NULL,NULL,NULL,NULL,NULL,9,3,2,6,1,1,2,2,7,3,N,NULL,Y,N,1700,1700,1700,N,NULL,44,7,0,N,,N,N,098-KY-0194-0,NULL,NULL,2022,O,7.27E+11,098-KY-0194  -000,HIGH,098-KY-0194  -000,26.933,0,0,0,1,0,0,0,0,0,0,0,1,0,0
2602,72558755,KSP0900,20-72964,20201006,1330,,HARVE VARNEY,,RD,,,0,098 CR-1559,CR1559,N,N,NULL,NULL,NULL,N,NULL,NULL,NULL,NULL,NULL,NULL,0.186,NULL,NULL,NULL,NULL,,NULL,3,1,1,1,N,N,15,NULL,98,9872,NULL,,Y,37.56385,-82.24879,N,NULL,NULL,NULL,NULL,NULL,NULL,NULL,NULL,9,5,1,4,1,1,2,2,7,3,Y,NULL,Y,Y,1330,1408,,N,NULL,51,,,N,,N,N,098-CR-1559-0,NULL,NULL,2020,K,7.26E+11,098-CR-1559  -000,HIGH,098-CR-1559  -000,0.186,1,0,1,0,0,0,0,0,0,0,0,1,0,0
2603,72537993,980100,2.02E+11,20200901,1029,,BYPASS,S,RD,KY1426,KY1426,0,098 KY-1426,KY1426,N,N,NULL,NULL,NULL,N,NULL,NULL,NULL,NULL,NULL,NULL,5.616,NULL,NULL,NULL,NULL,,NULL,0,0,2,2,N,N,55,NULL,98,9801,NULL,,Y,37.47237,-82.52295,N,NULL,NULL,NULL,NULL,NULL,NULL,NULL,NULL,1,97,2,3,2,1,2,2,1,3,N,NULL,Y,N,1029,1038,1038,N,NULL,47,,0,N,,N,N,098-KY-1426-0,NULL,NULL,2020,O,7.25E+11,098-KY-1426  -000,HIGH,098-KY-1426  -000,5.616,0,0,0,0,0,0,0,0,0,0,0,0,0,1
2604,72563789,980100,2.02E+11,20201111,1026,,US23,,,US0023,US0023,0,098 US-23,US0023,N,N,NULL,NULL,NULL,N,NULL,NULL,NULL,NULL,NULL,NULL,32.709,NULL,NULL,NULL,NULL,,NULL,0,0,1,1,N,N,55,NULL,98,9801,NULL,,Y,37.53294,-82.61878,N,NULL,NULL,NULL,NULL,NULL,NULL,NULL,NULL,9,5,4,6,1,5,6,2,7,3,N,NULL,Y,N,1026,1035,1035,N,NULL,44,,1,N,,N,N,098-US-0023-0,NULL,NULL,2020,O,7.26E+11,098-US-0023  -000,HIGH,098-US-0023  -000,32.709,0,0,0,0,0,0,0,0,0,0,0,1,0,1
2605,72762739,980100,2.02E+11,20220517,2038,,US23,,,US0023,US0023,,,,N,N,NULL,NULL,NULL,N,NULL,NULL,NULL,NULL,NULL,NULL,24.165,NULL,NULL,NULL,NULL,,NULL,0,0,1,1,N,N,55,NULL,98,9801,NULL,,Y,37.47726,-82.54053,N,NULL,NULL,NULL,NULL,NULL,NULL,NULL,NULL,9,4,4,6,1,1,2,2,7,3,N,NULL,Y,N,2035,2042,,N,NULL,51,,1,N,,N,N,,NULL,NULL,2022,O,7.28E+11,098-US-0023  -010,MEDIUM,098-US-0023  -000,24.165,0,0,0,0,0,0,0,0,0,0,0,1,0,1
2606,72782119,KSP0900,22-261063,20220709,1812,,UPPER JOHNS,,CRK,KY0632,KY0632,,,,N,N,NULL,NULL,NULL,N,NULL,NULL,NULL,NULL,NULL,NULL,1.957,NULL,NULL,NULL,NULL,,NULL,0,0,1,1,N,N,45,NULL,98,9817,NULL,,Y,37.49263,-82.32199,N,NULL,NULL,NULL,NULL,NULL,NULL,NULL,NULL,9,3,2,6,1,5,3,2,7,3,N,NULL,Y,N,1812,1841,1919,N,NULL,40,6,0,N,,N,N,,NULL,NULL,2022,O,7.28E+11,098-KY-0632  -000,MEDIUM,098-KY-0632  -000,1.957,0,0,0,0,0,0,0,1,0,0,0,1,0,0
2607,72542826,980000,20-09-003,20200910,1700,,KY194,,,KY0194,KY0194,0,098 KY-194,KY0194,N,N,NULL,NULL,NULL,N,NULL,NULL,NULL,NULL,NULL,NULL,51.942,NULL,NULL,NULL,NULL,,NULL,1,0,1,1,N,N,55,NULL,98,9804,0.3,E,N,37.48031,-82.13351,N,NULL,NULL,NULL,NULL,NULL,NULL,NULL,NULL,9,97,1,4,97,1,2,6,5,3,Y,NULL,Y,Y,1843,1853,2000,N,NULL,44,8,0,N,,N,N,098-KY-0194-0,NULL,NULL,2020,A,7.25E+11,098-KY-0194  -000,HIGH,098-KY-0194  -000,51.942,0,0,0,1,0,0,0,0,0,0,0,1,0,0
2608,72765741,980100,2.02E+11,20220523,1802,,CEDAR HILLS,,RD,KY1426,KY1426,0,098 KY-1426,KY1426,N,N,NULL,NULL,NULL,N,NULL,NULL,NULL,NULL,NULL,NULL,3.788,NULL,NULL,NULL,NULL,,NULL,0,0,1,1,N,N,55,NULL,98,9801,NULL,,Y,37.45264,-82.53358,N,NULL,NULL,NULL,NULL,NULL,NULL,NULL,NULL,9,3,2,5,1,5,6,2,7,3,N,NULL,Y,N,1802,1806,1814,N,NULL,44,8,0,N,,N,N,098-KY-1426-0,NULL,NULL,2022,O,7.28E+11,098-KY-1426  -000,HIGH,098-KY-1426  -000,3.788,0,0,0,0,0,0,0,0,0,0,0,1,0,1
2609,72775610,980100,2.02E+11,20220611,8,,CASSIDY,,BLVD,,,0,098 CS-1191,CS1191,N,N,NULL,NULL,NULL,N,NULL,NULL,NULL,NULL,NULL,NULL,0.056,NULL,NULL,NULL,NULL,,NULL,0,0,1,1,N,N,35,NULL,98,9801,NULL,,Y,37.50367,-82.53306,N,NULL,NULL,NULL,NULL,NULL,NULL,NULL,NULL,9,3,4,6,1,1,2,7,1,3,N,NULL,Y,N,8,16,,Y,NULL,70,,,N,,N,N,098-CS-1191-0,NULL,NULL,2022,O,7.28E+11,098-CS-1191  -000,HIGH,098-CS-1191  -000,0.056,0,0,0,0,0,0,0,0,0,0,0,0,0,1
2610,72802264,980100,2.02E+11,20220901,1034,,US119,,,US0119,US0119,0,098 US-119-10,US0119,N,N,NULL,NULL,NULL,N,NULL,NULL,NULL,NULL,NULL,NULL,2.685,NULL,NULL,NULL,NULL,,NULL,3,0,3,3,N,N,55,NULL,98,9801,NULL,,Y,37.5142,-82.48729,N,NULL,NULL,NULL,NULL,NULL,NULL,NULL,NULL,1,3,4,6,1,1,2,2,7,3,Y,NULL,Y,Y,1038,1038,1121,N,NULL,55,2,1,Y,,N,N,098-US-0119-10,NULL,NULL,2022,C,7.28E+11,098-US-0119  -010,HIGH,098-US-0119  -000,2.685,0,0,0,0,0,0,0,0,1,0,0,0,0,1
2611,72843155,KSP0900,22-475733,20221213,1832,,BANK,,ST,,,0,098 CR-1833B,CR1833B,Y,N,NULL,NULL,NULL,N,NULL,NULL,NULL,NULL,NULL,NULL,0.039,NULL,NULL,NULL,NULL,,NULL,0,0,2,2,N,N,10,NULL,98,9804,NULL,,Y,37.52053,-82.15501,N,NULL,NULL,NULL,NULL,NULL,NULL,NULL,NULL,2,97,,6,1,1,2,5,1,3,N,NULL,N,N,1832,1910,1910,N,NULL,90,,,N,,N,N,098-CR-1833B-0,NULL,NULL,2022,O,7.28E+11,098-CR-1833B -000,HIGH,098-CR-1833B -000,0.039,0,0,0,0,0,0,1,0,0,0,0,0,0,0
2612,72470042,980100,2.02E+11,20200124,1303,,KY1426,,,KY1426,KY1426,0,098 KY-1426,KY1426,N,N,NULL,NULL,NULL,N,NULL,NULL,NULL,NULL,NULL,NULL,8.12,NULL,NULL,NULL,NULL,,NULL,0,0,1,1,N,N,45,NULL,98,9801,NULL,,Y,37.49285,-82.49091,N,NULL,NULL,NULL,NULL,NULL,NULL,NULL,NULL,9,3,2,2,1,5,6,2,7,3,N,NULL,Y,N,1303,1310,1333,N,NULL,44,,0,Y,,N,N,098-KY-1426-0,NULL,NULL,2020,O,7.25E+11,098-KY-1426  -000,HIGH,098-KY-1426  -000,8.12,0,0,0,0,0,0,0,1,0,0,0,1,0,1
2613,72660118,980100,2.02E+11,20210818,1756,,CASSIDY,,BLVD,,,,,,Y,N,NULL,NULL,NULL,N,NULL,NULL,NULL,NULL,NULL,NULL,0.298,NULL,NULL,NULL,NULL,,NULL,0,0,2,2,N,N,15,NULL,98,9801,NULL,,Y,37.50543,-82.53688,N,NULL,NULL,NULL,NULL,NULL,NULL,NULL,NULL,8,97,,6,1,1,2,2,1,3,N,NULL,Y,N,1756,1806,,N,NULL,90,,,N,,N,N,,NULL,NULL,2021,O,7.27E+11,098-CS-1191  -000,MEDIUM,098-CS-1191  -000,0.298,0,0,0,1,0,0,1,0,0,0,0,0,0,1
2614,72582535,KSP0900,21-2835,20210103,521,,KY632,,,KY0632,KY0632,0,098 KY-632,KY0632,N,N,NULL,NULL,NULL,N,NULL,NULL,NULL,NULL,NULL,NULL,12.976,NULL,NULL,NULL,NULL,,NULL,1,0,2,2,N,N,35,NULL,98,9804,NULL,,Y,37.50459,-82.16068,N,NULL,NULL,NULL,NULL,NULL,NULL,NULL,NULL,3,3,2,3,1,5,2,6,7,3,N,NULL,Y,Y,529,623,730,N,NULL,52,6,0,N,,N,N,098-KY-0632-0,NULL,NULL,2021,C,7.26E+11,098-KY-0632  -000,MEDIUM,098-KY-0632  -000,12.976,0,0,1,0,0,0,0,0,0,0,0,1,0,0
2615,72601521,370200,2021-70502,20210222,1043,,ELKHORN,,CRK,KY0197,KY0197,0,098 KY-197,KY0197,N,N,NULL,NULL,NULL,N,NULL,NULL,NULL,NULL,NULL,NULL,15.494,NULL,NULL,NULL,NULL,,NULL,0,0,2,2,N,N,35,NULL,98,9802,NULL,,Y,37.29491,-82.36426,N,NULL,NULL,NULL,NULL,NULL,NULL,NULL,NULL,1,97,2,6,1,5,3,2,1,3,N,NULL,Y,N,1046,1136,1136,N,NULL,47,7,0,N,,N,N,098-KY-0197-0,NULL,NULL,2021,O,7.26E+11,098-KY-0197  -000,HIGH,098-KY-0197  -000,15.494,0,1,0,0,0,0,0,0,0,0,0,0,0,0
2616,72793506,980100,2.02E+11,20220806,2129,,US23,,,US0023,US0023,0,098 US-23,US0023,N,N,NULL,NULL,NULL,N,NULL,NULL,NULL,NULL,NULL,NULL,31.731,NULL,NULL,NULL,NULL,,NULL,0,0,5,5,N,N,55,NULL,98,9801,NULL,,Y,37.53728,-82.60393,N,NULL,NULL,NULL,NULL,NULL,NULL,NULL,NULL,1,3,4,6,1,1,2,6,7,3,N,NULL,Y,N,2129,2140,,N,NULL,55,,1,N,,N,N,098-US-0023-0,NULL,NULL,2022,O,7.28E+11,098-US-0023  -000,HIGH,098-US-0023  -000,31.731,0,0,1,0,0,0,0,0,0,0,0,0,0,1
2617,72494412,KSP0900,20-11918,20200401,1030,,TOLER,,RD,KY0319,KY0319,0,098 KY-319,KY0319,N,N,NULL,NULL,NULL,N,NULL,NULL,NULL,NULL,NULL,NULL,5.975,NULL,NULL,NULL,NULL,,NULL,0,0,1,1,N,N,45,NULL,98,9842,NULL,,Y,37.63216,-82.24971,N,NULL,NULL,NULL,NULL,NULL,NULL,NULL,NULL,9,3,2,3,1,5,3,2,7,3,N,NULL,N,N,1045,1050,1120,N,NULL,44,7,0,N,,N,N,098-KY-0319-0,NULL,NULL,2020,O,7.25E+11,098-KY-0319  -000,HIGH,098-KY-0319  -000,5.975,0,0,0,0,0,0,1,0,0,0,0,1,0,0
2618,72494569,980100,2.02E+11,20200415,1707,,CASSIDY,,BLVD,,,,,,Y,N,NULL,NULL,NULL,N,NULL,NULL,NULL,NULL,NULL,NULL,0.331,NULL,NULL,NULL,NULL,,NULL,0,0,2,2,N,N,15,NULL,98,9801,NULL,,Y,37.50545,-82.53763,N,NULL,NULL,NULL,NULL,NULL,NULL,NULL,NULL,7,97,1,6,1,1,2,2,1,3,N,NULL,Y,N,1707,1713,1713,N,NULL,90,,,N,,N,N,,NULL,NULL,2020,O,7.25E+11,098-CS-1191  -000,MEDIUM,098-CS-1191  -000,0.331,0,0,0,0,0,0,1,0,0,0,0,0,0,1
2619,72548239,KSP0900,20-723054,20201001,1952,,FERRELLS CREEK,,RD,US0460,US0460,0,098 US-460,US0460,N,N,NULL,NULL,NULL,N,NULL,NULL,NULL,NULL,NULL,NULL,19.752,NULL,NULL,NULL,NULL,,NULL,0,0,1,1,N,N,55,NULL,98,9801,NULL,,Y,37.37254,-82.29681,N,NULL,NULL,NULL,NULL,NULL,NULL,NULL,NULL,9,3,2,6,1,1,2,6,7,3,N,NULL,Y,N,1952,2002,,N,NULL,38,,1,N,,N,N,098-US-0460-0,NULL,NULL,2020,O,7.25E+11,098-US-0460  -000,HIGH,098-US-0460  -000,19.752,0,0,0,0,0,0,0,0,0,0,0,0,0,0