OBJECTID,MasterFile,AgencyORINumber,LocalCode,CollisionDate,CollisionTime,CollisionDayWeekCode,RoadwayName,RoadwayName_Direction_,RoadwayName_RoadwaySuffix_,RoadwayfromReport,CurrentRoadwayNumber,RoadwayNumberCoupletID,RSEUniqueGIS,RoadwayIdentifier,ParkingLotIndicator,IntersectionWith_Indicator_,IntersectionWith_NameRoadway_,IntersectionWith_Direction_,IntersectionWith_RoadwaySuffix_,BetweenStreets_Indicator_,BetweenStreets1_NameRoadway_,BetweenStreet1_Direction_,BetweenStreets1_RoadwaySuffix_,BetweenStreets2_NameRoadway_,BetweenStreets2_Direction_,BetweenStreets2_RoadwaySuffix_,Milepoint,ReportMilepointDeriveNumber,CurrentDerivedMiepointNumber,MilestoMilepoint,FeettoMilepoint,DirectionfromMilepoint_NSEW_,ValidMilepointIndicator,NumberInjured,NumberKilled,ofUnits,ofMotorVehicleUnits,Hit&RunIndicator,OneWayIndicator,SpeedLimitNumber,KilometersIndicator,CountyCode,CityCountyCode,MilesFromCity,DirectionFromCity_NSEW_,InCityLimitsIndicator,Latitude,Longitude,RampIndicator,RampFromIdentifier,RampFromDirCode,RampFromCoupletID,RSEUniqueGISRampFrom,RampToidentifier,RampToDirCode,RampToCoupletID,RSEUniqueGisRampTo,MannerofCollisionCode,LocationFirstEventCode,TotalLanes,RoadwayCharacterCode,RoadwaySurfaceCode,RoadwayConditionCode,WeatherCode,LightConditionCode,LandUseCode,SchoolBusRelatedCode,FirstAidSceneIndicator,CollDescPresentInd,InvestigationCompleteIndicator,PhotosTakenIndicator,TimeNotified,TimeArrived,TimeRoadwayOpened,PropertyDamageIndicator,DiagramPresentIndicator,DirectionalAnalysis,FunctionClassCode,NationalHwySysCode,EnforcementsIndicator,KARSCityCode,SecondaryCollisionIndicator,MedianCrossoverIndicator,RT_UNIQUE,MapIt,TimeLastLeft,YR,KABCO,MFNY,WorkingRID,RT_CONFIDENCE,KTC_RT,KTC_MP,Motorcyclist,Commercial Vehicle,Young Driver,Mature Driver,Pedestrian,Bicyclist,Distracted,Aggressive,Impaired,Unrestrained,Intersection,Roadway Departure,Median Cross-over,City Crash
2620,72612954,980100,2.02E+11,20210411,1343,,HAMBLEY,,BLVD,,,0,098 CS-1222,CS1222,N,N,NULL,NULL,NULL,N,NULL,NULL,NULL,NULL,NULL,NULL,0.002,NULL,NULL,NULL,NULL,,NULL,3,0,2,2,N,N,45,NULL,98,9801,NULL,,Y,37.47403,-82.52726,N,NULL,NULL,NULL,NULL,NULL,NULL,NULL,NULL,3,3,4,6,1,1,2,2,7,3,N,NULL,Y,Y,1343,1345,1544,N,NULL,52,,,N,,N,N,098-CS-1222-0,NULL,NULL,2021,B,7.26E+11,098-CS-1222  -000,HIGH,098-CS-1222  -000,0.002,0,0,1,0,0,0,0,1,0,0,0,1,0,1
2621,72611729,KSP0900,21-133205,20210404,1036,,US119,,,US0119,US0119,0,098 US-119,US0119,N,N,NULL,NULL,NULL,N,NULL,NULL,NULL,NULL,NULL,NULL,23.563,NULL,NULL,NULL,NULL,,NULL,0,0,1,1,N,N,5,NULL,98,9834,NULL,,Y,37.64962,-82.26765,N,NULL,NULL,NULL,NULL,NULL,NULL,NULL,NULL,9,97,1,6,2,5,2,2,1,3,N,NULL,Y,Y,1037,1115,1115,Y,NULL,70,2,1,N,,N,N,098-US-0119-0,NULL,NULL,2021,O,7.26E+11,098-US-0119  -000,HIGH,098-US-0119  -000,23.563,0,0,0,1,0,0,1,0,0,1,0,0,0,0
2622,72808282,980100,2.02E+11,20220921,1108,,HAMBLEY,,BLVD,,,0,098 CS-1222,CS1222,Y,N,NULL,NULL,NULL,N,NULL,NULL,NULL,NULL,NULL,NULL,0.497,NULL,NULL,NULL,NULL,,NULL,0,0,2,2,Y,N,,NULL,98,9801,NULL,,Y,37.47839,-82.52041,N,NULL,NULL,NULL,NULL,NULL,NULL,NULL,NULL,1,97,1,6,2,1,2,2,1,3,N,NULL,Y,N,1108,1116,1116,N,NULL,90,,,Y,,N,N,098-CS-1222-0,NULL,NULL,2022,O,7.28E+11,098-CS-1222  -000,HIGH,098-CS-1222  -000,0.497,0,0,0,0,0,0,0,0,0,0,0,0,0,1
2623,72454969,KSP0900,2019-49824,20191222,1802,,FISHTRAP,,RD,KY1441,KY1441,0,098 KY-1441,KY1441,N,N,NULL,NULL,NULL,N,NULL,NULL,NULL,NULL,NULL,NULL,10.285,NULL,NULL,NULL,NULL,,NULL,0,0,1,1,N,N,45,NULL,98,9828,NULL,,Y,37.51885,-82.45402,N,NULL,NULL,NULL,NULL,NULL,NULL,NULL,NULL,9,3,2,3,1,1,2,7,6,3,N,NULL,N,N,1802,1814,1814,N,NULL,38,8,0,N,,N,N,098-KY-1441-0,NULL,NULL,2019,O,7.25E+11,098-KY-1441  -000,HIGH,098-KY-1441  -000,10.285,0,0,0,0,0,0,0,0,0,0,0,0,0,0
2624,72791243,KSP0900,22-302329,20220806,329,,FOREST TRACE,,HL,,,0,098 CR-1505BB,CR1505BB,Y,N,NULL,NULL,NULL,N,NULL,NULL,NULL,NULL,NULL,NULL,0.08,NULL,NULL,NULL,NULL,,NULL,0,0,3,3,N,N,,NULL,98,9814,NULL,,Y,37.6011,-82.27679,N,NULL,NULL,NULL,NULL,NULL,NULL,NULL,NULL,2,97,,6,1,1,2,5,7,3,N,NULL,Y,Y,356,402,402,N,NULL,90,,,N,,N,N,098-CR-1505BB-0,NULL,NULL,2022,O,7.28E+11,098-CR-1505BB-000,HIGH,098-CR-1505BB-000,0.08,0,0,0,0,0,0,1,0,1,1,0,0,0,0
2625,72543610,KSP0900,20-702177,20200917,1008,,FERRELLS CREEK,,RD,US0460,US0460,0,098 US-460,US0460,N,N,NULL,NULL,NULL,N,NULL,NULL,NULL,NULL,NULL,NULL,22.593,NULL,NULL,NULL,NULL,,NULL,0,0,2,2,N,N,55,NULL,98,9847,NULL,,Y,37.38108,-82.255,N,NULL,NULL,NULL,NULL,NULL,NULL,NULL,NULL,8,3,2,6,1,5,6,2,7,3,N,NULL,Y,N,1008,1048,1048,N,NULL,53,,1,N,,N,N,098-US-0460-0,NULL,NULL,2020,O,7.25E+11,098-US-0460  -000,HIGH,098-US-0460  -000,22.593,0,0,0,1,0,0,0,1,0,0,0,1,0,0
2626,72409063,980000,19-09-006,20190911,2200,,KY3418,,,KY3418,KY3418,0,098 KY-3418,KY3418,N,N,NULL,NULL,NULL,N,NULL,NULL,NULL,NULL,NULL,NULL,1.214,NULL,NULL,NULL,NULL,,NULL,0,0,1,1,N,N,55,NULL,98,9817,NULL,,Y,37.45747,-82.36361,N,NULL,NULL,NULL,NULL,NULL,NULL,NULL,NULL,9,5,2,3,1,1,2,7,7,3,N,NULL,Y,Y,2200,2210,2215,Y,NULL,40,9,0,Y,,N,N,098-KY-3418-0,NULL,NULL,2019,O,7.24E+11,098-KY-3418  -000,HIGH,098-KY-3418  -000,1.214,0,0,0,0,0,0,0,0,0,0,0,1,0,0
2627,72583335,980100,2.02E+11,20210111,1053,,KY3496,,,KY3496,KY3496,,,,Y,N,NULL,NULL,NULL,N,NULL,NULL,NULL,NULL,NULL,NULL,0.885,NULL,NULL,NULL,NULL,,NULL,0,0,2,2,N,N,,NULL,98,9801,NULL,,Y,37.47208,-82.52796,N,NULL,NULL,NULL,NULL,NULL,NULL,NULL,NULL,1,97,0,6,1,1,2,2,1,3,N,NULL,Y,N,1053,1053,1123,N,NULL,90,16,0,N,,N,N,,NULL,NULL,2021,O,7.26E+11,098-KY-3496  -000,MEDIUM,098-KY-3496  -000,0.885,0,0,1,1,0,0,1,0,0,0,0,0,0,1
2628,72585012,980100,2.02E+11,20210116,1349,,HAROLDS BRANCH,,RD,,,,,,N,N,NULL,NULL,NULL,N,NULL,NULL,NULL,NULL,NULL,NULL,,NULL,NULL,NULL,NULL,NULL,NULL,0,0,2,2,N,N,25,NULL,98,9801,NULL,,Y,37.46711,-82.50455,N,NULL,NULL,NULL,NULL,NULL,NULL,NULL,NULL,3,3,1,3,1,5,9,2,6,3,N,NULL,Y,N,1349,1404,1404,N,NULL,52,,,Y,,N,N,,NULL,NULL,2021,O,7.26E+11,098-CS-1223  -000,MEDIUM,098-CS-1223  -000,1.151,0,0,0,0,0,0,1,0,0,0,0,1,0,1
2629,72796524,370200,2022-320439,20220819,939,,POWER,,DR,,,0,098 CS-3012,CS3012,N,N,NULL,NULL,NULL,N,NULL,NULL,NULL,NULL,NULL,NULL,0.043,NULL,NULL,NULL,NULL,,NULL,0,0,1,1,N,N,35,NULL,98,9807,NULL,,Y,37.51493,-82.55988,N,NULL,NULL,NULL,NULL,NULL,NULL,NULL,NULL,9,97,2,6,1,1,2,2,1,3,N,NULL,Y,N,940,1000,1000,Y,NULL,40,,,N,,N,N,098-CS-3012-0,NULL,NULL,2022,O,7.28E+11,098-CS-3012  -000,HIGH,098-CS-3012  -000,0.043,0,1,0,0,0,0,0,0,0,0,0,1,0,0
2630,72748858,KSP0900,22-127024,20220408,1545,,ROCKHOUSE,,CRK,,,0,098 CR-1243,CR1243,N,N,NULL,NULL,NULL,N,NULL,NULL,NULL,NULL,NULL,NULL,0.682,NULL,NULL,NULL,NULL,,NULL,0,0,1,1,N,N,30,NULL,98,9802,NULL,,Y,37.33167,-82.46342,N,NULL,NULL,NULL,NULL,NULL,NULL,NULL,NULL,9,3,1,6,1,5,3,9,6,3,N,NULL,Y,N,1509,1547,1630,N,NULL,40,,,N,,N,N,098-CR-1243-0,NULL,NULL,2022,O,7.27E+11,098-CR-1243  -000,HIGH,098-CR-1243  -000,0.682,0,0,0,0,0,0,0,0,0,0,0,1,0,0
2631,72835492,980100,2.02E+11,20221129,1931,,SAAD,,AVE,,,0,098 CS-1165,CS1165,Y,N,NULL,NULL,NULL,N,NULL,NULL,NULL,NULL,NULL,NULL,0.08,NULL,NULL,NULL,NULL,,NULL,0,0,2,2,N,N,15,NULL,98,9801,NULL,,Y,37.48275,-82.5198,N,NULL,NULL,NULL,NULL,NULL,NULL,NULL,NULL,2,97,2,6,1,1,3,4,6,3,N,NULL,Y,N,1931,1931,,N,NULL,90,,,N,,N,N,098-CS-1165-0,NULL,NULL,2022,O,7.28E+11,098-CS-1165  -000,HIGH,098-CS-1165  -000,0.08,0,0,0,0,0,0,1,0,0,0,0,0,0,1
2632,72550388,KSP0900,20-732366,20201008,1100,,WILLIAMSON,,RD,KY0292,KY0292,0,098 KY-292,KY0292,N,N,NULL,NULL,NULL,N,NULL,NULL,NULL,NULL,NULL,NULL,6.103,NULL,NULL,NULL,NULL,,NULL,0,0,2,2,N,N,35,NULL,98,9834,NULL,,Y,37.66927,-82.2943,N,NULL,NULL,NULL,NULL,NULL,NULL,NULL,NULL,8,3,2,6,1,1,2,2,7,3,N,NULL,Y,N,1100,1120,1130,N,NULL,53,7,0,N,,N,N,098-KY-0292-0,NULL,NULL,2020,O,7.26E+11,098-KY-0292  -000,HIGH,098-KY-0292  -000,6.103,0,0,0,0,0,0,0,1,0,0,0,1,0,0
2633,72774916,980100,2.02E+11,20220620,1932,,POPLAR,,ST,,,0,098 CS-1160,CS1160,N,N,NULL,NULL,NULL,N,NULL,NULL,NULL,NULL,NULL,NULL,0.085,NULL,NULL,NULL,NULL,,NULL,0,0,1,1,N,N,25,NULL,98,9801,NULL,,Y,37.47979,-82.52206,N,NULL,NULL,NULL,NULL,NULL,NULL,NULL,NULL,9,3,2,3,1,1,2,2,7,3,N,NULL,Y,N,1932,1937,1937,N,NULL,40,,,N,,N,N,098-CS-1160-0,NULL,NULL,2022,O,7.28E+11,098-CS-1160  -000,HIGH,098-CS-1160  -000,0.085,0,0,0,0,0,0,0,0,0,0,0,1,0,1
2634,72644129,980100,2.02E+11,20210704,2201,,US23,,,US0023,US0023,0,098 US-23,US0023,N,N,NULL,NULL,NULL,N,NULL,NULL,NULL,NULL,NULL,NULL,22.808,NULL,NULL,NULL,NULL,,NULL,0,0,2,2,N,N,55,NULL,98,9801,NULL,,Y,37.46516,-82.52367,N,NULL,NULL,NULL,NULL,NULL,NULL,NULL,NULL,8,3,4,6,1,1,3,6,7,3,N,NULL,Y,N,2201,2204,,N,NULL,53,,1,N,,N,N,098-US-0023-0,NULL,NULL,2021,O,7.26E+11,098-US-0023  -000,HIGH,098-US-0023  -000,22.808,0,0,0,0,0,0,1,0,0,0,0,1,0,1
2635,72582148,KSP0900,20-843544,20201225,1500,,DIX,,FRK,,,0,098 CR-1538,CR1538,N,N,NULL,NULL,NULL,N,NULL,NULL,NULL,NULL,NULL,NULL,0.302,NULL,NULL,NULL,NULL,,NULL,0,0,2,2,N,N,45,NULL,98,9838,NULL,,Y,37.60989,-82.34454,N,NULL,NULL,NULL,NULL,NULL,NULL,NULL,NULL,3,3,2,6,1,4,3,2,7,3,N,NULL,Y,N,1500,1515,1520,N,NULL,52,,,N,,N,N,098-CR-1538-0,NULL,NULL,2020,O,7.26E+11,098-CR-1538  -000,HIGH,098-CR-1538  -000,0.302,0,0,1,0,0,0,1,1,0,0,0,1,0,0
2636,72834565,370200,2022439811,20221116,749,,KY292,,,KY0292,KY0292,0,098 KY-292,KY0292,N,N,NULL,NULL,NULL,N,NULL,NULL,NULL,NULL,NULL,NULL,0.277,NULL,NULL,NULL,NULL,,NULL,1,0,2,2,N,N,45,NULL,98,9893,NULL,,Y,37.63051,-82.22036,N,NULL,NULL,NULL,NULL,NULL,NULL,NULL,NULL,8,3,2,6,1,5,3,2,7,3,Y,NULL,Y,Y,816,945,1018,N,NULL,53,8,0,N,,N,N,098-KY-0292-0,NULL,NULL,2022,C,7.28E+11,098-KY-0292  -000,HIGH,098-KY-0292  -000,0.277,0,1,0,0,0,0,0,1,0,0,0,1,0,0
2637,72510843,980100,2.02E+11,20200612,1904,,CASSIDY,,BLVD,,,,,,Y,N,NULL,NULL,NULL,N,NULL,NULL,NULL,NULL,NULL,NULL,,NULL,NULL,NULL,NULL,,NULL,0,0,2,2,N,Y,,NULL,98,9801,NULL,,Y,37.50484,-82.53625,N,NULL,NULL,NULL,NULL,NULL,NULL,NULL,NULL,2,97,2,6,1,1,2,2,1,3,N,NULL,Y,N,1904,1918,,N,NULL,90,,,N,,N,N,,NULL,NULL,2020,O,7.25E+11,098-CS-1191  -000,MEDIUM,098-CS-1191  -000,0.26,0,0,0,0,0,0,0,0,0,0,0,0,0,1
2638,72626615,980100,2.02E+11,20210520,1345,,BAIRD,,AVE,,,,,,Y,N,NULL,NULL,NULL,N,NULL,NULL,NULL,NULL,NULL,NULL,,NULL,NULL,NULL,NULL,NULL,NULL,0,0,2,2,N,Y,,NULL,98,9801,NULL,,Y,37.47307,-82.52797,N,NULL,NULL,NULL,NULL,NULL,NULL,NULL,NULL,5,97,1,6,1,1,2,2,1,3,N,NULL,Y,N,1345,1351,1357,N,NULL,90,,,N,,N,N,,NULL,NULL,2021,O,7.26E+11,098-KY-1426  -000,MEDIUM,098-KY-1426  -000,5.4,0,0,0,0,0,0,1,0,0,0,0,0,0,1
2639,72656917,980500,2021-AR029,20210810,1415,,MAYO TRAIL,N,,,,0,098 CR-1426K,CR1426K,Y,N,NULL,NULL,NULL,N,NULL,NULL,NULL,NULL,NULL,NULL,,NULL,NULL,NULL,NULL,NULL,NULL,0,0,2,2,N,N,15,NULL,98,9807,0.8,N,N,37.53938,-82.58185,N,NULL,NULL,NULL,NULL,NULL,NULL,NULL,NULL,2,97,1,2,1,1,3,2,1,3,N,NULL,Y,Y,1415,1425,1425,N,NULL,90,,,N,,N,N,098-CR-1426K-0,NULL,NULL,2021,O,7.27E+11,098-CR-1426K -000,HIGH,098-CR-1426K -000,0.307,0,0,0,1,0,0,1,0,0,0,0,0,0,1
2640,72614308,KSP0900,21-151015,20210415,1754,,ROCKHOUSE,,FRK,,,0,098 CR-1395Q4,CR1395Q4,N,N,NULL,NULL,NULL,N,NULL,NULL,NULL,NULL,NULL,NULL,2.864,NULL,NULL,NULL,NULL,,NULL,0,0,2,2,N,N,35,NULL,98,9833,NULL,,Y,37.63905,-82.38035,N,NULL,NULL,NULL,NULL,NULL,NULL,NULL,NULL,3,3,1,3,1,1,2,2,7,3,N,NULL,Y,Y,1804,1833,1850,N,NULL,52,,,N,,N,N,098-CR-1395Q4-0,NULL,NULL,2021,O,7.26E+11,098-CR-1395Q4-000,HIGH,098-CR-1395Q4-000,2.864,0,0,1,0,0,0,0,1,0,0,0,1,0,0
2641,72633500,980100,2.02E+11,20210607,1703,,US23,,,US0023,US0023,,,,N,N,NULL,NULL,NULL,N,NULL,NULL,NULL,NULL,NULL,NULL,29.837,NULL,NULL,NULL,NULL,,NULL,0,0,2,2,N,N,55,NULL,98,9801,NULL,,Y,37.53479,-82.57847,N,NULL,NULL,NULL,NULL,NULL,NULL,NULL,NULL,5,3,4,6,1,5,6,2,2,3,N,NULL,Y,N,1703,1707,1733,N,NULL,49,,1,N,,N,N,,NULL,NULL,2021,O,7.26E+11,098-US-0023  -000,MEDIUM,098-US-0023  -000,29.837,0,0,0,0,0,0,1,0,0,0,0,0,0,1
2642,72468369,980100,2.02E+11,20200123,1228,,CASSIDY,,BLVD,,,,,,Y,N,NULL,NULL,NULL,N,NULL,NULL,NULL,NULL,NULL,NULL,0.289,NULL,NULL,NULL,NULL,,NULL,0,0,2,2,N,N,15,NULL,98,9801,NULL,,Y,37.50498,-82.53661,N,NULL,NULL,NULL,NULL,NULL,NULL,NULL,NULL,1,97,2,6,1,1,2,2,1,3,N,NULL,Y,N,1228,1239,1239,N,NULL,90,,,Y,,N,N,,NULL,NULL,2020,O,7.25E+11,098-CS-1191  -000,MEDIUM,098-CS-1191  -000,0.289,0,0,1,0,0,0,1,0,0,0,0,0,0,1
2643,72806711,980100,2.02E+11,20220916,1908,,US23,,,US0023,US0023,0,098 US-23,US0023,N,Y,FREDDY,,LN,N,NULL,NULL,NULL,NULL,NULL,NULL,21.627,NULL,NULL,NULL,NULL,,NULL,0,0,2,2,N,N,55,NULL,98,9801,NULL,,Y,37.4535,-82.52213,N,NULL,NULL,NULL,NULL,NULL,NULL,NULL,NULL,4,3,4,6,1,1,2,2,1,3,N,NULL,Y,N,1908,1910,1945,N,NULL,16,,1,N,,N,N,098-US-0023-0,NULL,NULL,2022,O,7.28E+11,098-US-0023  -000,HIGH,098-US-0023  -000,21.627,0,0,0,1,0,0,1,1,0,0,1,0,0,1
2644,72527458,980100,2.02E+11,20200725,1708,,COLLEGE,N,ST,,,,,,N,N,NULL,NULL,NULL,N,NULL,NULL,NULL,NULL,NULL,NULL,0.19,NULL,NULL,NULL,NULL,,NULL,0,0,2,2,N,N,15,NULL,98,9801,NULL,,Y,37.47768,-82.51955,N,NULL,NULL,NULL,NULL,NULL,NULL,NULL,NULL,8,3,2,6,1,1,2,2,7,3,N,NULL,Y,N,1708,1722,1722,N,NULL,47,,,N,,N,N,,NULL,NULL,2020,O,7.25E+11,098-CS-1108  -000,MEDIUM,098-CS-1108  -000,0.19,0,0,0,0,0,0,1,0,0,0,0,0,0,1
2645,72610643,980000,21-03-005,20210329,1630,,US119,,,US0119,US0119,0,098 US-119,US0119,Y,N,NULL,NULL,NULL,N,NULL,NULL,NULL,NULL,NULL,NULL,24.157,NULL,NULL,NULL,NULL,,NULL,0,0,2,2,Y,N,55,NULL,98,9834,NULL,,Y,37.65803,-82.27048,N,NULL,NULL,NULL,NULL,NULL,NULL,NULL,NULL,8,97,1,6,1,1,2,2,5,3,N,NULL,Y,Y,1630,1700,1700,N,NULL,90,2,1,N,,N,N,098-US-0119-0,NULL,NULL,2021,O,7.26E+11,098-US-0119  -000,HIGH,098-US-0119  -000,24.157,0,0,0,0,0,0,0,0,0,0,0,0,0,0
2646,72528745,KSP0900,20-633541,20200804,1518,,ELKHORN,,CRK,KY0197,KY0197,0,098 KY-197,KY0197,N,N,NULL,NULL,NULL,N,NULL,NULL,NULL,NULL,NULL,NULL,12.881,NULL,NULL,NULL,NULL,,NULL,1,0,1,1,N,N,55,NULL,98,9802,NULL,,Y,37.27873,-82.39374,N,NULL,NULL,NULL,NULL,NULL,NULL,NULL,NULL,9,4,2,6,1,1,2,2,7,3,Y,NULL,Y,N,1518,1532,1532,N,NULL,44,7,0,Y,,N,N,098-KY-0197-0,NULL,NULL,2020,B,7.25E+11,098-KY-0197  -000,HIGH,098-KY-0197  -000,12.881,0,0,0,0,0,0,0,0,1,0,0,1,0,0
2647,72656432,980500,2021AR028,20210809,1520,,MAYO TRAIL,N,,,,,,,N,N,NULL,NULL,NULL,N,NULL,NULL,NULL,NULL,NULL,NULL,,NULL,NULL,NULL,NULL,NULL,NULL,0,0,2,2,N,N,45,NULL,98,9807,NULL,,Y,37.5297,-82.57574,N,NULL,NULL,NULL,NULL,NULL,NULL,NULL,NULL,5,3,6,6,1,1,2,2,7,3,N,NULL,Y,Y,1525,1530,1530,N,NULL,70,,,N,,N,N,,NULL,NULL,2021,O,7.27E+11,098-US-0023  -000,MEDIUM,098-US-0023  -000,29.454,0,0,0,1,0,0,1,0,0,0,0,0,0,0
2648,72811400,980100,2.02E+11,20220924,1305,,CASSIDY,,BLVD,,,0,098 CS-1191,CS1191,N,N,NULL,NULL,NULL,N,NULL,NULL,NULL,NULL,NULL,NULL,0.16,NULL,NULL,NULL,NULL,,NULL,0,0,2,2,N,N,35,NULL,98,9801,NULL,,Y,37.50369,-82.53466,N,NULL,NULL,NULL,NULL,NULL,NULL,NULL,NULL,3,3,4,6,1,1,2,2,1,3,N,NULL,Y,N,1305,1309,1309,N,NULL,52,,,N,,N,N,098-CS-1191-0,NULL,NULL,2022,O,7.28E+11,098-CS-1191  -000,HIGH,098-CS-1191  -000,0.16,0,0,1,1,0,0,1,0,0,0,0,1,0,1
2649,72855505,KSP0900,23-11268,20230109,1526,,US119,,,US0119,US0119,0,098 US-119,US0119,N,N,NULL,NULL,NULL,N,NULL,NULL,NULL,NULL,NULL,NULL,14.389,NULL,NULL,NULL,NULL,,NULL,0,0,1,1,N,N,55,NULL,98,9833,NULL,,Y,37.61597,-82.34515,N,NULL,NULL,NULL,NULL,NULL,NULL,NULL,NULL,9,3,4,3,1,1,3,2,7,3,N,NULL,Y,N,1526,1600,,N,NULL,70,2,1,N,,N,N,098-US-0119-0,NULL,NULL,2023,O,7.29E+11,098-US-0119  -000,HIGH,098-US-0119  -000,14.486,0,0,0,0,0,0,0,0,0,0,0,1,0,0
2650,72851754,KSP0900,23-7337,20230106,1501,,KY1426,,,KY1426,KY1426,0,098 KY-1426,KY1426,N,N,NULL,NULL,NULL,N,NULL,NULL,NULL,NULL,NULL,NULL,8.272,NULL,NULL,NULL,NULL,,NULL,0,0,1,1,N,N,55,NULL,98,9801,NULL,,Y,37.49522,-82.49096,N,NULL,NULL,NULL,NULL,NULL,NULL,NULL,NULL,9,3,2,1,1,1,2,2,7,3,N,NULL,Y,N,1503,1511,1511,N,NULL,70,,0,Y,,N,N,098-KY-1426-0,NULL,NULL,2023,O,7.29E+11,098-KY-1426  -000,HIGH,098-KY-1426  -000,8.291,0,0,0,0,0,0,0,0,0,0,0,1,0,1
2651,72776910,KSP0900,22-239565,20220624,2153,,KY194,,,KY0194,KY0194,0,098 KY-194,KY0194,N,N,NULL,NULL,NULL,N,NULL,NULL,NULL,NULL,NULL,NULL,9.432,NULL,NULL,NULL,NULL,,NULL,0,0,1,1,N,N,55,NULL,98,9801,NULL,,Y,37.60289,-82.52959,N,NULL,NULL,NULL,NULL,NULL,NULL,NULL,NULL,9,3,2,6,1,1,2,6,7,3,N,NULL,Y,N,2257,2318,2318,N,NULL,38,7,0,N,,N,N,098-KY-0194-0,NULL,NULL,2022,O,7.28E+11,098-KY-0194  -000,HIGH,098-KY-0194  -000,9.432,0,0,0,0,0,0,0,0,0,0,0,0,0,0
2652,72813652,980500,2022AR047,20221007,1155,,RIGHT FORK OF COWPEN,,RD,,,0,098 CR-1321Q4,CR1321Q4,N,N,NULL,NULL,NULL,N,NULL,NULL,NULL,NULL,NULL,NULL,,NULL,NULL,NULL,NULL,NULL,NULL,0,0,2,2,N,N,35,NULL,98,9807,NULL,,Y,37.55651,-82.52718,N,NULL,NULL,NULL,NULL,NULL,NULL,NULL,NULL,2,3,2,5,1,1,2,2,6,3,N,NULL,Y,Y,1155,1200,1200,N,NULL,56,,,N,,N,N,098-CR-1321Q4-0,NULL,NULL,2022,O,7.28E+11,098-CR-1321Q4-000,HIGH,098-CR-1321Q4-000,0.284,0,1,0,1,0,0,0,0,0,0,0,0,0,0
2653,72533923,KSP0900,20-627629,20200731,1840,,US119,,,US0119,US0119,0,098 US-119-10,US0119,N,N,NULL,NULL,NULL,N,NULL,NULL,NULL,NULL,NULL,NULL,16.838,NULL,NULL,NULL,NULL,,NULL,2,0,2,2,N,N,55,NULL,98,9833,NULL,,Y,37.6027,-82.30738,N,NULL,NULL,NULL,NULL,NULL,NULL,NULL,NULL,8,3,4,4,1,1,2,2,7,3,Y,NULL,Y,Y,1842,1848,1954,N,NULL,53,2,1,N,,N,Y,098-US-0119-10,NULL,NULL,2020,A,7.25E+11,098-US-0119  -010,HIGH,098-US-0119  -000,16.838,0,0,0,1,0,0,1,0,0,1,0,1,0,0
2654,72605500,KSP0900,21-101113,20210313,2000,,MAYNARD,,HL,,,,,,N,N,NULL,NULL,NULL,N,NULL,NULL,NULL,NULL,NULL,NULL,0.036,NULL,NULL,NULL,NULL,,NULL,1,0,2,1,N,N,35,NULL,98,9869,NULL,,Y,37.63039,-82.2241,N,NULL,NULL,NULL,NULL,NULL,NULL,NULL,NULL,9,3,1,4,1,1,2,6,6,3,Y,NULL,Y,N,2049,2049,,N,NULL,36,,,N,,N,N,,NULL,NULL,2021,B,7.26E+11,098-CR-1057  -000,MEDIUM,098-CR-1057  -000,0.036,0,0,0,1,1,0,1,0,0,0,0,0,0,0
2655,72543829,KSP0900,20-704148,20200918,1517,,US119,,,US0119,US0119,0,098 US-119,US0119,Y,N,NULL,NULL,NULL,N,NULL,NULL,NULL,NULL,NULL,NULL,24.62,NULL,NULL,NULL,NULL,,NULL,0,0,2,2,N,N,55,NULL,98,9834,NULL,,Y,37.66374,-82.27316,N,NULL,NULL,NULL,NULL,NULL,NULL,NULL,NULL,5,97,4,6,1,1,2,2,1,3,N,NULL,Y,N,1517,1557,1557,N,NULL,90,2,1,N,,N,N,098-US-0119-0,NULL,NULL,2020,O,7.25E+11,098-US-0119  -000,HIGH,098-US-0119  -000,24.62,0,0,1,0,0,0,1,0,0,0,0,0,0,0
2656,72567625,980100,2.02E+11,20201122,1503,,OWSLEY,,RD,KY1384,KY1384,,,,Y,N,NULL,NULL,NULL,N,NULL,NULL,NULL,NULL,NULL,NULL,7.151,NULL,NULL,NULL,NULL,,NULL,0,0,2,2,N,N,15,NULL,98,9801,NULL,,Y,37.4803,-82.53693,N,NULL,NULL,NULL,NULL,NULL,NULL,NULL,NULL,5,97,1,6,1,1,3,2,5,3,N,NULL,Y,N,1503,1505,1505,N,NULL,90,16,0,N,,N,N,,NULL,NULL,2020,O,7.26E+11,098-KY-1384  -000,HIGH,098-KY-1384  -000,7.151,0,0,0,0,0,0,1,0,0,0,0,0,0,1
2657,72523409,370200,2020-587610,20200707,1007,,MIKES,,BR,,,,,,N,N,NULL,NULL,NULL,N,NULL,NULL,NULL,NULL,NULL,NULL,0.032,NULL,NULL,NULL,NULL,,NULL,0,0,2,2,N,N,15,NULL,98,9887,NULL,,Y,37.571,-82.47749,N,NULL,NULL,NULL,NULL,NULL,NULL,NULL,NULL,1,3,1,5,1,1,2,2,6,3,N,NULL,Y,N,1045,1100,1100,N,NULL,55,,,N,,N,N,,NULL,NULL,2020,O,7.25E+11,098-CR-1313Q4-000,MEDIUM,098-CR-1313Q4-000,0.032,0,1,0,1,0,0,0,1,0,1,0,0,0,0