OBJECTID,MasterFile,AgencyORINumber,LocalCode,CollisionDate,CollisionTime,CollisionDayWeekCode,RoadwayName,RoadwayName_Direction_,RoadwayName_RoadwaySuffix_,RoadwayfromReport,CurrentRoadwayNumber,RoadwayNumberCoupletID,RSEUniqueGIS,RoadwayIdentifier,ParkingLotIndicator,IntersectionWith_Indicator_,IntersectionWith_NameRoadway_,IntersectionWith_Direction_,IntersectionWith_RoadwaySuffix_,BetweenStreets_Indicator_,BetweenStreets1_NameRoadway_,BetweenStreet1_Direction_,BetweenStreets1_RoadwaySuffix_,BetweenStreets2_NameRoadway_,BetweenStreets2_Direction_,BetweenStreets2_RoadwaySuffix_,Milepoint,ReportMilepointDeriveNumber,CurrentDerivedMiepointNumber,MilestoMilepoint,FeettoMilepoint,DirectionfromMilepoint_NSEW_,ValidMilepointIndicator,NumberInjured,NumberKilled,ofUnits,ofMotorVehicleUnits,Hit&RunIndicator,OneWayIndicator,SpeedLimitNumber,KilometersIndicator,CountyCode,CityCountyCode,MilesFromCity,DirectionFromCity_NSEW_,InCityLimitsIndicator,Latitude,Longitude,RampIndicator,RampFromIdentifier,RampFromDirCode,RampFromCoupletID,RSEUniqueGISRampFrom,RampToidentifier,RampToDirCode,RampToCoupletID,RSEUniqueGisRampTo,MannerofCollisionCode,LocationFirstEventCode,TotalLanes,RoadwayCharacterCode,RoadwaySurfaceCode,RoadwayConditionCode,WeatherCode,LightConditionCode,LandUseCode,SchoolBusRelatedCode,FirstAidSceneIndicator,CollDescPresentInd,InvestigationCompleteIndicator,PhotosTakenIndicator,TimeNotified,TimeArrived,TimeRoadwayOpened,PropertyDamageIndicator,DiagramPresentIndicator,DirectionalAnalysis,FunctionClassCode,NationalHwySysCode,EnforcementsIndicator,KARSCityCode,SecondaryCollisionIndicator,MedianCrossoverIndicator,RT_UNIQUE,MapIt,TimeLastLeft,YR,KABCO,MFNY,WorkingRID,RT_CONFIDENCE,KTC_RT,KTC_MP,Motorcyclist,Commercial Vehicle,Young Driver,Mature Driver,Pedestrian,Bicyclist,Distracted,Aggressive,Impaired,Unrestrained,Intersection,Roadway Departure,Median Cross-over,City Crash
2658,72632172,980100,2.02E+11,20210603,1430,,N MAYO TRAIL,,DR,,,0,098 CS-1186,CS1186,Y,N,NULL,NULL,NULL,N,NULL,NULL,NULL,NULL,NULL,NULL,,NULL,NULL,NULL,NULL,NULL,NULL,0,0,2,2,N,N,,NULL,98,9801,NULL,,Y,37.48717,-82.54279,N,NULL,NULL,NULL,NULL,NULL,NULL,NULL,NULL,1,97,1,6,1,1,3,2,1,3,N,NULL,Y,N,1437,1442,1442,N,NULL,90,,,N,,N,N,098-CS-1186-0,NULL,NULL,2021,O,7.26E+11,098-CS-1186  -000,MEDIUM,098-CS-1186  -000,0,0,0,0,0,0,0,0,0,0,0,0,0,0,0
2659,72593839,KSP0900,21-56898,20210212,515,,KY1056,,,KY1056,KY1056,0,098 KY-1056,KY1056,N,N,NULL,NULL,NULL,N,NULL,NULL,NULL,NULL,NULL,NULL,2.126,NULL,NULL,NULL,NULL,,NULL,0,0,1,1,N,N,55,NULL,98,9851,NULL,,Y,37.56184,-82.23435,N,NULL,NULL,NULL,NULL,NULL,NULL,NULL,NULL,9,6,2,1,1,2,8,6,7,3,N,NULL,Y,N,517,526,800,N,NULL,44,8,0,N,,N,N,098-KY-1056-0,NULL,NULL,2021,O,7.26E+11,098-KY-1056  -000,HIGH,098-KY-1056  -000,2.126,0,0,0,0,0,0,0,0,0,0,0,1,0,0
2660,72754079,980100,2.02E+11,20220418,1325,,DIVISION,,ST,,,,,,N,N,NULL,NULL,NULL,N,NULL,NULL,NULL,NULL,NULL,NULL,0.109,NULL,NULL,NULL,NULL,,NULL,0,0,2,2,N,N,25,NULL,98,9801,NULL,,Y,37.47947,-82.51743,N,NULL,NULL,NULL,NULL,NULL,NULL,NULL,NULL,2,3,2,6,3,5,6,2,1,3,N,NULL,Y,N,1325,1335,1335,N,NULL,56,,,Y,,N,N,,NULL,NULL,2022,O,7.28E+11,098-CS-1130  -000,MEDIUM,098-CS-1130  -000,0.109,0,0,0,0,0,0,1,0,0,0,0,0,0,1
2661,72468658,KSP0900,20-3113,20200124,1110,,KY195,,,KY0195,KY0195,0,098 KY-195,KY0195,N,N,NULL,NULL,NULL,N,NULL,NULL,NULL,NULL,NULL,NULL,8.023,NULL,NULL,NULL,NULL,,NULL,0,0,1,1,N,N,55,NULL,98,9830,NULL,,Y,37.3311,-82.43428,N,NULL,NULL,NULL,NULL,NULL,NULL,NULL,NULL,9,5,2,3,1,5,6,2,7,3,N,NULL,Y,N,1110,1110,,N,NULL,44,7,0,N,,N,N,098-KY-0195-0,NULL,NULL,2020,O,7.25E+11,098-KY-0195  -000,HIGH,098-KY-0195  -000,8.023,0,0,0,0,0,0,0,0,0,0,0,1,0,0
2662,72711351,KSP0900,21-515278,20211219,1428,,US460,,,US0460,US0460,0,098 US-460,US0460,N,N,NULL,NULL,NULL,N,NULL,NULL,NULL,NULL,NULL,NULL,6.816,NULL,NULL,NULL,NULL,,NULL,1,0,3,3,N,N,45,NULL,98,9832,NULL,,Y,37.39223,-82.43294,N,NULL,NULL,NULL,NULL,NULL,NULL,NULL,NULL,3,3,2,6,1,1,2,2,7,3,Y,NULL,Y,Y,1428,1431,1530,N,NULL,52,,1,N,,N,Y,098-US-0460-0,NULL,NULL,2021,B,7.27E+11,098-US-0460  -000,HIGH,098-US-0460  -000,6.816,0,0,0,0,0,0,1,0,0,0,0,1,1,0
2663,72752897,KSP0900,22-140366,20220418,800,,PETER FORK,,RD,,,0,098 CR-1527,CR1527,N,N,NULL,NULL,NULL,N,NULL,NULL,NULL,NULL,NULL,NULL,1.653,NULL,NULL,NULL,NULL,,NULL,0,0,1,1,N,N,35,NULL,98,9811,NULL,,Y,37.57193,-82.1637,N,NULL,NULL,NULL,NULL,NULL,NULL,NULL,NULL,9,3,1,2,1,5,6,2,7,3,N,NULL,N,N,800,800,800,N,NULL,44,,,N,,N,N,098-CR-1527-0,NULL,NULL,2022,O,7.28E+11,098-CR-1527  -000,HIGH,098-CR-1527  -000,1.653,0,0,0,0,0,0,0,0,0,0,0,1,0,0
2664,72700335,KSP0900,21-477694,20211122,1615,,KY612,,,KY0612,KY0612,0,098 KY-612,KY0612,N,N,NULL,NULL,NULL,N,NULL,NULL,NULL,NULL,NULL,NULL,8.089,NULL,NULL,NULL,NULL,,NULL,0,0,1,1,N,N,45,NULL,98,9834,NULL,,Y,37.6706,-82.30733,N,NULL,NULL,NULL,NULL,NULL,NULL,NULL,NULL,9,5,2,6,1,1,2,2,7,3,N,NULL,Y,Y,1615,1620,1700,N,NULL,44,8,0,N,,N,N,098-KY-0612-0,NULL,NULL,2021,O,7.27E+11,098-KY-0612  -000,HIGH,098-KY-0612  -000,8.089,0,0,0,0,0,0,0,0,0,0,0,1,0,0
2665,72614010,KSP0900,21-150243,20210415,900,,SHELBY YARD,,RD,,,0,098 CR-1267G,CR1267G,N,N,NULL,NULL,NULL,N,NULL,NULL,NULL,NULL,NULL,NULL,0.237,NULL,NULL,NULL,NULL,,NULL,0,0,1,1,N,N,35,NULL,98,9824,NULL,,Y,37.42767,-82.49134,N,NULL,NULL,NULL,NULL,NULL,NULL,NULL,NULL,9,5,2,6,1,5,2,2,7,3,N,NULL,Y,Y,832,854,900,N,NULL,51,,,N,,N,N,098-CR-1267G-0,NULL,NULL,2021,O,7.26E+11,098-CR-1267G -000,HIGH,098-CR-1267G -000,0.237,0,0,0,0,0,0,0,0,0,0,0,1,0,0
2666,72753805,980100,2.02E+11,20220418,1308,,CASSIDY,,BLVD,,,0,098 CS-1191,CS1191,Y,N,NULL,NULL,NULL,N,NULL,NULL,NULL,NULL,NULL,NULL,0.381,NULL,NULL,NULL,NULL,,NULL,0,0,2,2,N,N,15,NULL,98,9801,NULL,,Y,37.5049,-82.53835,N,NULL,NULL,NULL,NULL,NULL,NULL,NULL,NULL,1,97,,6,1,1,2,2,1,3,N,NULL,Y,N,1308,1316,1323,N,NULL,90,,,N,,N,N,098-CS-1191-0,NULL,NULL,2022,O,7.28E+11,098-CS-1191  -000,HIGH,098-CS-1191  -000,0.381,0,0,0,1,0,0,1,0,0,0,0,0,0,1
2667,72494950,980100,2.02E+11,20200417,1819,,CASSIDY,,BLVD,,,,,,Y,N,NULL,NULL,NULL,N,NULL,NULL,NULL,NULL,NULL,NULL,,NULL,NULL,NULL,NULL,,NULL,0,0,2,2,N,N,10,NULL,98,9801,NULL,,Y,37.50383,-82.53619,N,NULL,NULL,NULL,NULL,NULL,NULL,NULL,NULL,2,97,,6,1,1,2,2,1,3,N,NULL,N,N,1819,1827,1827,N,NULL,90,,,N,,N,N,,NULL,NULL,2020,O,7.25E+11,098-CS-1191  -000,MEDIUM,098-CS-1191  -000,0.211,0,0,0,0,0,0,0,0,0,0,0,0,0,1
2668,72759379,KSP0900,22-153508,20220427,749,,KY2552,,,KY2552,KY2552,0,098 KY-2552,KY2552,N,N,NULL,NULL,NULL,N,NULL,NULL,NULL,NULL,NULL,NULL,0.203,NULL,NULL,NULL,NULL,,NULL,0,0,2,2,N,N,55,NULL,98,9801,NULL,,Y,37.42437,-82.49645,N,NULL,NULL,NULL,NULL,NULL,NULL,NULL,NULL,8,3,2,6,1,1,2,2,7,3,N,NULL,Y,N,749,830,830,N,NULL,53,,0,N,,N,N,098-KY-2552-0,NULL,NULL,2022,O,7.28E+11,098-KY-2552  -000,HIGH,098-KY-2552  -000,0.203,0,0,1,0,0,0,0,1,0,0,0,1,0,0
2669,72733077,980100,2.02E+11,20220204,1719,,OWSLEY,,RD,KY1384,KY1384,0,098 KY-1384,KY1384,N,N,NULL,NULL,NULL,N,NULL,NULL,NULL,NULL,NULL,NULL,6.786,NULL,NULL,NULL,NULL,,NULL,0,0,2,2,N,N,45,NULL,98,9801,NULL,,Y,37.47938,-82.54292,N,NULL,NULL,NULL,NULL,NULL,NULL,NULL,NULL,1,3,4,6,1,5,9,2,1,3,N,NULL,Y,N,1719,1721,,N,NULL,55,17,0,N,,N,N,098-KY-1384-0,NULL,NULL,2022,O,7.27E+11,098-KY-1384  -000,HIGH,098-KY-1384  -000,6.786,0,0,0,0,0,0,1,0,0,0,0,0,0,1
2670,72491896,KSP0900,20-11907,20200401,800,,TOLER,,RD,KY0319,KY0319,0,098 KY-319,KY0319,N,N,NULL,NULL,NULL,N,NULL,NULL,NULL,NULL,NULL,NULL,5.091,NULL,NULL,NULL,NULL,,NULL,0,0,1,1,N,N,45,NULL,98,9842,NULL,,Y,37.6212,-82.24402,N,NULL,NULL,NULL,NULL,NULL,NULL,NULL,NULL,9,3,2,6,1,5,3,2,7,3,N,NULL,Y,N,801,846,846,N,NULL,38,7,0,N,,N,N,098-KY-0319-0,NULL,NULL,2020,O,7.25E+11,098-KY-0319  -000,HIGH,098-KY-0319  -000,5.091,0,0,0,0,0,0,0,0,0,0,0,0,0,0
2671,72553956,980100,2.02E+11,20201008,1718,,BAIRD,,AVE,KY1426,KY1426,0,098 KY-1426,KY1426,Y,N,NULL,NULL,NULL,N,NULL,NULL,NULL,NULL,NULL,NULL,5.417,NULL,NULL,NULL,NULL,,NULL,0,0,2,2,Y,Y,15,NULL,98,9801,NULL,,Y,37.47297,-82.52702,N,NULL,NULL,NULL,NULL,NULL,NULL,NULL,NULL,1,97,1,6,1,1,2,2,1,3,N,NULL,Y,N,1718,1723,1723,N,NULL,90,,0,Y,,N,N,098-KY-1426-0,NULL,NULL,2020,O,7.26E+11,098-KY-1426  -000,HIGH,098-KY-1426  -000,5.417,0,0,0,0,0,0,0,0,1,0,0,1,0,1
2672,72811945,KSP0900,22-381416,20221002,1747,,US23,,,US0023,US0023,0,098 US-23,US0023,N,N,NULL,NULL,NULL,N,NULL,NULL,NULL,NULL,NULL,NULL,3.655,NULL,NULL,NULL,NULL,,NULL,0,0,1,1,N,N,55,NULL,98,9809,NULL,,Y,37.27784,-82.58813,N,NULL,NULL,NULL,NULL,NULL,NULL,NULL,NULL,9,3,4,1,1,5,6,2,7,3,N,NULL,Y,N,1747,1759,1759,N,NULL,38,,1,N,,N,N,098-US-0023-0,NULL,NULL,2022,O,7.28E+11,098-US-0023  -000,HIGH,098-US-0023  -000,3.655,0,0,0,0,0,0,0,0,0,0,0,0,0,0
2673,72594610,KSP0900,21-59013,20210213,1804,,FISHTRAP,,RD,KY1441,KY1441,,,,N,N,NULL,NULL,NULL,N,NULL,NULL,NULL,NULL,NULL,NULL,10.874,NULL,NULL,NULL,NULL,,NULL,0,0,1,1,N,N,45,NULL,98,9850,NULL,,Y,37.52634,-82.4584,N,NULL,NULL,NULL,NULL,NULL,NULL,NULL,NULL,9,3,2,6,1,5,6,6,7,3,N,NULL,N,N,1810,1840,1845,N,NULL,44,8,0,N,,N,N,,NULL,NULL,2021,O,7.26E+11,098-KY-1441  -000,HIGH,098-KY-1441  -000,10.874,0,0,1,0,0,0,0,0,0,0,0,1,0,0
2674,72521637,980100,2.02E+11,20200714,1423,,CASSIDY,,BLVD,,,0,098 CS-1191,CS1191,Y,N,NULL,NULL,NULL,N,NULL,NULL,NULL,NULL,NULL,NULL,0.043,NULL,NULL,NULL,NULL,,NULL,0,0,2,2,N,N,15,NULL,98,9801,NULL,,Y,37.50369,-82.53286,N,NULL,NULL,NULL,NULL,NULL,NULL,NULL,NULL,2,97,1,6,1,1,2,2,1,3,N,NULL,Y,N,1322,1328,1328,N,NULL,90,,,N,,N,N,098-CS-1191-0,NULL,NULL,2020,O,7.25E+11,098-CS-1191  -000,HIGH,098-CS-1191  -000,0.043,0,0,0,0,0,0,1,0,0,0,0,0,0,1
2675,72729005,980100,2.02E+11,20220202,1912,,BYPASS,S,RD,KY1426,KY1426,0,098 KY-1426,KY1426,N,N,NULL,NULL,NULL,N,NULL,NULL,NULL,NULL,NULL,NULL,5.624,NULL,NULL,NULL,NULL,,NULL,0,0,2,2,N,N,35,NULL,98,9801,NULL,,Y,37.47252,-82.52403,N,NULL,NULL,NULL,NULL,NULL,NULL,NULL,NULL,5,3,2,6,1,5,6,5,1,3,N,NULL,Y,N,1912,1913,1915,N,NULL,70,,0,N,,N,N,098-KY-1426-0,NULL,NULL,2022,O,7.27E+11,098-KY-1426  -000,HIGH,098-KY-1426  -000,5.624,0,0,0,0,0,0,1,0,0,0,0,0,0,1
2676,72646296,KSP0900,21-287211,20210711,1841,,CULLER,,HOLW,,,0,098 CR-1054B,CR1054B,N,N,NULL,NULL,NULL,N,NULL,NULL,NULL,NULL,NULL,NULL,0.308,NULL,NULL,NULL,NULL,,NULL,0,0,2,2,N,N,15,NULL,98,9869,NULL,,Y,37.65658,-82.24632,N,NULL,NULL,NULL,NULL,NULL,NULL,NULL,NULL,2,97,1,6,1,1,2,2,5,3,N,NULL,Y,N,1841,1900,1900,N,NULL,47,,,Y,,N,N,098-CR-1054B-0,NULL,NULL,2021,O,7.26E+11,098-CR-1054B -000,HIGH,098-CR-1054B -000,0.308,0,0,0,0,0,0,1,0,0,0,0,0,0,0
2677,72829542,KSP0900,22-435109,20221112,430,,FOREST HILLS,,RD,KY0308,KY0308,0,098 KY-308,KY0308,N,N,NULL,NULL,NULL,N,NULL,NULL,NULL,NULL,NULL,NULL,0.229,NULL,NULL,NULL,NULL,,NULL,1,0,2,2,N,N,35,NULL,98,9836,NULL,,Y,37.62861,-82.29785,N,NULL,NULL,NULL,NULL,NULL,NULL,NULL,NULL,3,3,2,3,1,5,10,6,7,3,N,NULL,Y,Y,430,430,430,N,NULL,52,8,0,N,,N,N,098-KY-0308-0,NULL,NULL,2022,B,7.28E+11,098-KY-0308  -000,HIGH,098-KY-0308  -000,0.229,0,0,0,0,0,0,0,0,0,0,0,1,0,0
2678,72732772,KSP0900,2022-62082,20220219,1935,,US119,,,US0119,US0119,0,098 US-119,US0119,N,N,NULL,NULL,NULL,N,NULL,NULL,NULL,NULL,NULL,NULL,14.065,NULL,NULL,NULL,NULL,,NULL,0,0,2,2,N,N,55,NULL,98,9833,NULL,,Y,37.61774,-82.35126,N,NULL,NULL,NULL,NULL,NULL,NULL,NULL,NULL,6,3,4,6,1,1,2,6,7,3,N,NULL,Y,N,1906,1930,1930,N,NULL,38,2,1,N,,N,N,098-US-0119-0,NULL,NULL,2022,O,7.27E+11,098-US-0119  -000,HIGH,098-US-0119  -000,14.065,0,0,0,0,0,0,0,0,0,0,0,0,0,0
2679,72542149,980100,2.02E+11,20200914,1312,,BYPASS,S,RD,KY1426,KY1426,,,,Y,N,NULL,NULL,NULL,N,NULL,NULL,NULL,NULL,NULL,NULL,5.687,NULL,NULL,NULL,NULL,,NULL,0,0,2,2,N,N,,NULL,98,9801,NULL,,Y,37.47273,-82.5229,N,NULL,NULL,NULL,NULL,NULL,NULL,NULL,NULL,1,97,2,4,2,1,2,2,1,3,N,NULL,Y,N,1314,1319,,N,NULL,90,,0,N,,N,N,,NULL,NULL,2020,O,7.25E+11,098-KY-1426  -000,HIGH,098-KY-1426  -000,5.687,0,0,0,0,0,0,1,0,0,0,0,0,0,1
2680,72797282,980100,2.02E+11,20220822,1118,,BYPASS,S,RD,KY1426,KY1426,0,098 KY-1426,KY1426,Y,N,NULL,NULL,NULL,N,NULL,NULL,NULL,NULL,NULL,NULL,5.689,NULL,NULL,NULL,NULL,,NULL,0,0,2,2,N,N,10,NULL,98,9801,NULL,,Y,37.47265,-82.52261,N,NULL,NULL,NULL,NULL,NULL,NULL,NULL,NULL,2,97,2,4,1,1,2,2,1,3,N,NULL,N,N,1118,1127,1127,N,NULL,90,,0,N,,N,N,098-KY-1426-0,NULL,NULL,2022,O,7.28E+11,098-KY-1426  -000,HIGH,098-KY-1426  -000,5.689,0,0,0,1,0,0,1,0,0,0,0,0,0,1
2681,72504823,980500,2020AR030,20200526,1700,,US23,,,US0023,US0023,0,098 US-23,US0023,N,N,NULL,NULL,NULL,N,NULL,NULL,NULL,NULL,NULL,NULL,28.88,NULL,NULL,NULL,NULL,,NULL,0,0,2,2,N,N,45,NULL,98,9807,NULL,,Y,37.52246,-82.5706,N,NULL,NULL,NULL,NULL,NULL,NULL,NULL,NULL,5,3,4,6,1,1,3,2,7,3,N,NULL,Y,N,1700,1702,1702,N,NULL,49,,1,N,,N,N,098-US-0023-0,NULL,NULL,2020,O,7.25E+11,098-US-0023  -000,HIGH,098-US-0023  -000,28.88,0,0,0,1,0,0,0,1,0,0,0,0,0,0
2682,72690017,980000,2110009,20211030,1330,,US 119 S,S,,,,,,,N,N,NULL,NULL,NULL,N,NULL,NULL,NULL,NULL,NULL,NULL,,NULL,NULL,NULL,NULL,NULL,NULL,0,0,1,1,N,N,55,NULL,98,9836,4,S,N,37.63132,-82.26092,N,NULL,NULL,NULL,NULL,NULL,NULL,NULL,NULL,9,4,4,1,1,5,6,2,6,3,N,NULL,N,Y,1338,1340,1430,Y,NULL,40,,,N,,N,N,,NULL,NULL,2021,O,7.27E+11,098-US-0119  -010,MEDIUM,098-US-0119  -000,21.848,0,0,0,0,0,0,1,0,0,0,0,1,0,0
2683,72481856,980500,2020AR018,20200228,1200,,US23,,,US0023,US0023,0,098 US-23-10,US0023,Y,N,NULL,NULL,NULL,N,NULL,NULL,NULL,NULL,NULL,NULL,29.006,NULL,NULL,NULL,NULL,,NULL,0,0,2,2,N,N,15,NULL,98,9807,NULL,,Y,37.52361,-82.57253,N,NULL,NULL,NULL,NULL,NULL,NULL,NULL,NULL,2,97,2,6,1,5,3,2,7,3,N,NULL,Y,N,1200,1205,,N,NULL,90,,1,N,,N,N,098-US-0023-10,NULL,NULL,2020,O,7.25E+11,098-US-0023  -010,HIGH,098-US-0023  -000,29.006,0,0,0,1,0,0,1,0,0,0,0,0,0,0
2684,72777098,KSP0900,22-242560,20220627,655,,US23,,,US0023,US0023,0,098 US-23,US0023,N,N,NULL,NULL,NULL,N,NULL,NULL,NULL,NULL,NULL,NULL,13.398,NULL,NULL,NULL,NULL,,NULL,0,0,1,1,N,N,55,NULL,98,9827,NULL,,Y,37.37796,-82.54038,N,NULL,NULL,NULL,NULL,NULL,NULL,NULL,NULL,9,3,4,1,1,5,6,3,7,3,N,NULL,Y,N,657,714,735,N,NULL,44,,1,N,,N,N,098-US-0023-0,NULL,NULL,2022,O,7.28E+11,098-US-0023  -000,HIGH,098-US-0023  -000,13.398,0,0,0,0,0,0,0,0,0,0,0,1,0,0
2685,72550749,980100,2.02E+11,20201008,1514,,HAMBLEY,,BLVD,,,,,,Y,N,NULL,NULL,NULL,N,NULL,NULL,NULL,NULL,NULL,NULL,0.753,NULL,NULL,NULL,NULL,,NULL,0,0,2,2,N,N,,NULL,98,9801,NULL,,Y,37.48306,-82.51926,N,NULL,NULL,NULL,NULL,NULL,NULL,NULL,NULL,2,97,,6,1,1,2,2,5,3,N,NULL,N,N,1514,1519,1519,N,NULL,90,,,N,,N,N,,NULL,NULL,2020,O,7.26E+11,098-CS-1222  -000,LOW,098-CS-1222  -000,0.753,0,0,0,1,0,0,0,0,0,0,0,0,0,1
2686,72844383,KSP0900,22-479593,20221216,1521,,GOODY,,LOOP,,,0,098 PR-1024,PR1024,Y,N,NULL,NULL,NULL,N,NULL,NULL,NULL,NULL,NULL,NULL,0.009,NULL,NULL,NULL,NULL,,NULL,0,0,2,1,N,N,,NULL,98,9834,NULL,,Y,37.66,-82.27312,N,NULL,NULL,NULL,NULL,NULL,NULL,NULL,NULL,8,97,,6,1,1,2,2,1,3,N,NULL,Y,N,1521,1550,1550,N,NULL,90,,,N,,N,N,098-PR-1024-0,NULL,NULL,2022,O,7.28E+11,098-PR-1024  -000,HIGH,098-PR-1024  -000,0.009,0,0,0,0,0,0,0,0,0,0,0,0,0,0
2687,72767502,KSP0900,22-197854,20220528,254,,TOLER,,RD,KY0319,KY0319,0,098 KY-319,KY0319,N,N,NULL,NULL,NULL,N,NULL,NULL,NULL,NULL,NULL,NULL,3.498,NULL,NULL,NULL,NULL,,NULL,1,0,1,1,N,N,55,NULL,98,9842,NULL,,Y,37.60593,-82.22559,N,NULL,NULL,NULL,NULL,NULL,NULL,NULL,NULL,9,4,2,2,1,5,2,6,7,3,Y,NULL,Y,Y,254,311,354,N,NULL,44,7,0,Y,,N,N,098-KY-0319-0,NULL,NULL,2022,C,7.28E+11,098-KY-0319  -000,HIGH,098-KY-0319  -000,3.498,0,0,1,0,0,0,0,0,1,0,0,1,0,0
2688,72650507,370200,2021-303545,20210722,1554,,KY1056,,,KY1056,KY1056,0,098 KY-1056,KY1056,N,N,NULL,NULL,NULL,N,NULL,NULL,NULL,NULL,NULL,NULL,9.317,NULL,NULL,NULL,NULL,,NULL,0,0,1,1,N,N,55,NULL,98,9863,NULL,,Y,37.59515,-82.16498,N,NULL,NULL,NULL,NULL,NULL,NULL,NULL,NULL,9,97,2,6,1,1,2,2,7,3,N,NULL,Y,N,1557,1624,1802,Y,NULL,40,7,0,N,,N,N,098-KY-1056-0,NULL,NULL,2021,O,7.27E+11,098-KY-1056  -000,HIGH,098-KY-1056  -000,9.317,0,1,0,0,0,0,1,0,0,0,0,1,0,0
2689,72653583,980100,2.02E+11,20210731,2013,,BYPASS,S,RD,KY1426,KY1426,0,098 KY-1426,KY1426,N,N,NULL,NULL,NULL,N,NULL,NULL,NULL,NULL,NULL,NULL,6.601,NULL,NULL,NULL,NULL,,NULL,0,0,2,2,N,N,35,NULL,98,9801,NULL,,Y,37.48299,-82.5133,N,NULL,NULL,NULL,NULL,NULL,NULL,NULL,NULL,1,3,3,6,1,1,2,3,1,3,N,NULL,Y,N,2013,2015,2015,N,NULL,55,,0,Y,,N,N,098-KY-1426-0,NULL,NULL,2021,O,7.27E+11,098-KY-1426  -000,HIGH,098-KY-1426  -000,6.601,0,0,0,0,0,0,0,1,1,0,0,0,0,1
2690,72764979,KSP0900,22-190445,20220522,2310,,FERRELLS CREEK,,RD,US0460,US0460,0,098 US-460,US0460,N,N,NULL,NULL,NULL,N,NULL,NULL,NULL,NULL,NULL,NULL,16.847,NULL,NULL,NULL,NULL,,NULL,0,0,1,1,N,N,55,NULL,98,9874,NULL,,Y,37.35572,-82.33339,N,NULL,NULL,NULL,NULL,NULL,NULL,NULL,NULL,9,3,3,6,1,1,2,6,7,3,N,NULL,Y,N,2315,2320,,N,NULL,38,,1,N,,N,N,098-US-0460-0,NULL,NULL,2022,O,7.28E+11,098-US-0460  -000,HIGH,098-US-0460  -000,16.847,0,0,1,0,0,0,0,0,0,0,0,0,0,0
2691,72547087,980100,2.02E+11,20200812,1047,,BYPASS,S,RD,KY1426,KY1426,0,098 KY-1426,KY1426,Y,N,NULL,NULL,NULL,N,NULL,NULL,NULL,NULL,NULL,NULL,5.617,NULL,NULL,NULL,NULL,,NULL,0,0,2,2,Y,N,55,NULL,98,9801,NULL,,Y,37.4728,-82.52303,N,NULL,NULL,NULL,NULL,NULL,NULL,NULL,NULL,2,97,2,6,2,1,2,2,1,3,N,NULL,Y,N,1016,1016,1016,N,NULL,90,,0,N,,N,N,098-KY-1426-0,NULL,NULL,2020,O,7.25E+11,098-KY-1426  -000,HIGH,098-KY-1426  -000,5.617,0,0,0,0,0,0,1,0,0,0,0,0,0,1
2692,72644491,KSP0900,21-279944,20210706,2338,,KY1056,,,KY1056,KY1056,0,098 KY-1056,KY1056,N,N,NULL,NULL,NULL,N,NULL,NULL,NULL,NULL,NULL,NULL,9.951,NULL,NULL,NULL,NULL,,NULL,0,0,1,1,N,N,45,NULL,98,9863,NULL,,Y,37.60257,-82.16547,N,NULL,NULL,NULL,NULL,NULL,NULL,NULL,NULL,9,5,2,3,1,1,2,6,7,3,N,NULL,Y,N,2338,6,30,N,NULL,51,7,0,N,,N,N,098-KY-1056-0,NULL,NULL,2021,O,7.26E+11,098-KY-1056  -000,HIGH,098-KY-1056  -000,9.951,0,0,1,0,0,0,1,0,0,0,0,1,0,0
2693,72613406,980100,2.02E+11,20210407,1200,,US23,,,US0023,US0023,,,,Y,N,NULL,NULL,NULL,N,NULL,NULL,NULL,NULL,NULL,NULL,22.683,NULL,NULL,NULL,NULL,,NULL,0,0,2,2,N,N,,NULL,98,9801,NULL,,Y,37.46507,-82.52144,N,NULL,NULL,NULL,NULL,NULL,NULL,NULL,NULL,2,97,1,6,1,1,2,2,1,3,N,NULL,Y,N,1201,1205,,N,NULL,90,,1,N,,N,N,,NULL,NULL,2021,O,7.26E+11,098-US-0023  -000,MEDIUM,098-US-0023  -000,22.683,0,0,0,1,0,0,1,0,0,0,0,0,0,1
2694,72632351,KSP0900,21-227984,20210604,1000,,KY194,,,KY0194,KY0194,0,098 KY-194,KY0194,N,N,NULL,NULL,NULL,N,NULL,NULL,NULL,NULL,NULL,NULL,8.174,NULL,NULL,NULL,NULL,,NULL,1,0,1,1,N,N,55,NULL,98,9831,NULL,,Y,37.61088,-82.53312,N,NULL,NULL,NULL,NULL,NULL,NULL,NULL,NULL,9,3,2,3,1,1,3,2,7,3,N,NULL,Y,N,1110,1135,1230,N,NULL,44,7,0,N,,N,N,098-KY-0194-0,NULL,NULL,2021,C,7.26E+11,098-KY-0194  -000,HIGH,098-KY-0194  -000,8.174,0,0,0,0,0,0,0,0,0,0,0,1,0,0
2695,72565047,980000,20-11-004,20201114,1830,,KY3154,,,KY3154,KY3154,0,098 KY-3154,KY3154,Y,N,NULL,NULL,NULL,N,NULL,NULL,NULL,NULL,NULL,NULL,1.208,NULL,NULL,NULL,NULL,,NULL,1,0,2,2,N,N,,NULL,98,9838,NULL,,Y,37.58915,-82.32304,N,NULL,NULL,NULL,NULL,NULL,NULL,NULL,NULL,2,97,1,5,1,1,2,7,5,3,N,NULL,N,Y,1830,1839,1839,N,NULL,90,9,0,N,,N,N,098-KY-3154-0,NULL,NULL,2020,C,7.26E+11,098-KY-3154  -000,HIGH,098-KY-3154  -000,1.208,0,0,0,0,0,0,0,0,0,0,0,0,0,0