OBJECTID,MasterFile,AgencyORINumber,LocalCode,CollisionDate,CollisionTime,CollisionDayWeekCode,RoadwayName,RoadwayName_Direction_,RoadwayName_RoadwaySuffix_,RoadwayfromReport,CurrentRoadwayNumber,RoadwayNumberCoupletID,RSEUniqueGIS,RoadwayIdentifier,ParkingLotIndicator,IntersectionWith_Indicator_,IntersectionWith_NameRoadway_,IntersectionWith_Direction_,IntersectionWith_RoadwaySuffix_,BetweenStreets_Indicator_,BetweenStreets1_NameRoadway_,BetweenStreet1_Direction_,BetweenStreets1_RoadwaySuffix_,BetweenStreets2_NameRoadway_,BetweenStreets2_Direction_,BetweenStreets2_RoadwaySuffix_,Milepoint,ReportMilepointDeriveNumber,CurrentDerivedMiepointNumber,MilestoMilepoint,FeettoMilepoint,DirectionfromMilepoint_NSEW_,ValidMilepointIndicator,NumberInjured,NumberKilled,ofUnits,ofMotorVehicleUnits,Hit&RunIndicator,OneWayIndicator,SpeedLimitNumber,KilometersIndicator,CountyCode,CityCountyCode,MilesFromCity,DirectionFromCity_NSEW_,InCityLimitsIndicator,Latitude,Longitude,RampIndicator,RampFromIdentifier,RampFromDirCode,RampFromCoupletID,RSEUniqueGISRampFrom,RampToidentifier,RampToDirCode,RampToCoupletID,RSEUniqueGisRampTo,MannerofCollisionCode,LocationFirstEventCode,TotalLanes,RoadwayCharacterCode,RoadwaySurfaceCode,RoadwayConditionCode,WeatherCode,LightConditionCode,LandUseCode,SchoolBusRelatedCode,FirstAidSceneIndicator,CollDescPresentInd,InvestigationCompleteIndicator,PhotosTakenIndicator,TimeNotified,TimeArrived,TimeRoadwayOpened,PropertyDamageIndicator,DiagramPresentIndicator,DirectionalAnalysis,FunctionClassCode,NationalHwySysCode,EnforcementsIndicator,KARSCityCode,SecondaryCollisionIndicator,MedianCrossoverIndicator,RT_UNIQUE,MapIt,TimeLastLeft,YR,KABCO,MFNY,WorkingRID,RT_CONFIDENCE,KTC_RT,KTC_MP,Motorcyclist,Commercial Vehicle,Young Driver,Mature Driver,Pedestrian,Bicyclist,Distracted,Aggressive,Impaired,Unrestrained,Intersection,Roadway Departure,Median Cross-over,City Crash
2696,72590614,KSP0900,21-42177,20210201,1430,,MCCOY,,LN,,,0,098 CR-1372M,CR1372M,N,N,NULL,NULL,NULL,N,NULL,NULL,NULL,NULL,NULL,NULL,,NULL,NULL,NULL,NULL,,NULL,0,0,2,2,N,N,35,NULL,98,9850,NULL,,Y,37.53415,-82.46028,N,NULL,NULL,NULL,NULL,NULL,NULL,NULL,NULL,1,3,2,6,1,5,3,2,7,3,N,NULL,N,N,1440,1455,1510,N,NULL,55,,,N,,N,N,098-CR-1372M-0,NULL,NULL,2021,O,7.26E+11,098-CR-1372M -000,HIGH,098-CR-1372M -000,0,0,0,0,0,0,0,0,1,0,0,0,0,0,0
2697,72755953,980100,2.02E+11,20220429,1823,,US23,,,US0023,US0023,0,098 US-23,US0023,N,N,NULL,NULL,NULL,N,NULL,NULL,NULL,NULL,NULL,NULL,21.062,NULL,NULL,NULL,NULL,,NULL,0,0,2,2,N,N,55,NULL,98,9801,NULL,,Y,37.44591,-82.5258,N,NULL,NULL,NULL,NULL,NULL,NULL,NULL,NULL,8,3,4,3,1,1,2,2,7,3,N,NULL,Y,N,1824,1830,1830,N,NULL,53,,1,N,,N,N,098-US-0023-0,NULL,NULL,2022,O,7.28E+11,098-US-0023  -000,HIGH,098-US-0023  -000,21.062,0,0,1,1,0,0,1,1,0,0,0,1,0,1
2698,72626288,980100,2.02E+11,20210519,1543,,HAROLDS BRANCH,,RD,,,,,,Y,N,NULL,NULL,NULL,N,NULL,NULL,NULL,NULL,NULL,NULL,0.028,NULL,NULL,NULL,NULL,,NULL,0,0,2,2,N,N,,NULL,98,9801,NULL,,Y,37.47245,-82.52251,N,NULL,NULL,NULL,NULL,NULL,NULL,NULL,NULL,2,97,,3,1,1,2,2,5,3,N,NULL,Y,N,1543,1547,1601,N,NULL,90,,,N,,N,N,,NULL,NULL,2021,O,7.26E+11,098-CS-1223  -000,MEDIUM,098-CS-1223  -000,0.028,0,0,0,1,0,0,1,0,0,0,0,0,0,1
2699,72670254,KSP0900,21-372998,20210907,1748,,KY1426,,,KY1426,KY1426,0,098 KY-1426,KY1426,N,N,NULL,NULL,NULL,N,NULL,NULL,NULL,NULL,NULL,NULL,9.567,NULL,NULL,NULL,NULL,,NULL,1,0,2,2,N,N,55,NULL,98,9801,NULL,,Y,37.51295,-82.48758,N,NULL,NULL,NULL,NULL,NULL,NULL,NULL,NULL,5,3,2,6,1,1,2,2,7,3,Y,NULL,Y,Y,1750,1811,,N,NULL,49,,0,N,,N,N,098-KY-1426-0,NULL,NULL,2021,C,7.27E+11,098-KY-1426  -000,HIGH,098-KY-1426  -000,9.567,0,0,0,0,0,0,1,0,0,0,0,0,0,1
2700,72725849,370200,2022-31084,20220126,700,,US23,,,US0023,US0023,0,098 US-23-10,US0023,N,N,NULL,NULL,NULL,N,NULL,NULL,NULL,NULL,NULL,NULL,28.065,NULL,NULL,NULL,NULL,,NULL,0,0,1,1,N,N,55,NULL,98,9807,NULL,,Y,37.51525,-82.55949,N,NULL,NULL,NULL,NULL,NULL,NULL,NULL,NULL,9,3,4,6,1,1,3,2,1,3,N,NULL,Y,N,722,727,904,N,NULL,70,,1,N,,N,N,098-US-0023-10,NULL,NULL,2022,O,7.27E+11,098-US-0023  -010,HIGH,098-US-0023  -000,28.065,0,1,0,0,0,0,0,0,0,0,0,0,0,0
2701,72723008,980100,2.02E+11,20220118,837,,US23,,,US0023,US0023,0,098 US-23,US0023,N,N,NULL,NULL,NULL,N,NULL,NULL,NULL,NULL,NULL,NULL,23.096,NULL,NULL,NULL,NULL,,NULL,0,0,1,1,N,N,55,NULL,98,9801,NULL,,Y,37.46609,-82.52859,N,NULL,NULL,NULL,NULL,NULL,NULL,NULL,NULL,9,3,4,6,1,1,3,2,7,3,N,NULL,Y,N,841,841,842,N,NULL,38,,1,N,,N,N,098-US-0023-0,NULL,NULL,2022,O,7.27E+11,098-US-0023  -000,HIGH,098-US-0023  -000,23.096,0,0,0,0,0,0,0,0,0,0,0,0,0,1
2702,72410052,980100,2.02E+11,20190914,1101,,US23,,,US0023,US0023,0,098 US-23,US0023,Y,N,NULL,NULL,NULL,N,NULL,NULL,NULL,NULL,NULL,NULL,22.607,NULL,NULL,NULL,NULL,,NULL,0,0,2,2,N,N,15,NULL,98,9801,NULL,,Y,37.46461,-82.52021,N,NULL,NULL,NULL,NULL,NULL,NULL,NULL,NULL,2,97,1,6,1,1,2,2,1,3,N,NULL,Y,N,1101,1114,1124,N,NULL,90,,1,N,,N,N,098-US-0023-0,NULL,NULL,2019,O,7.24E+11,098-US-0023  -000,HIGH,098-US-0023  -000,22.607,1,0,1,0,0,0,1,0,0,0,0,0,0,1
2703,72735531,KSP0900,22-47787,20220209,710,,KY194,,,KY0194,KY0194,0,098 KY-194,KY0194,N,N,NULL,NULL,NULL,N,NULL,NULL,NULL,NULL,NULL,NULL,28.917,NULL,NULL,NULL,NULL,,NULL,0,0,1,1,N,N,55,NULL,98,9817,NULL,,Y,37.46919,-82.3567,N,NULL,NULL,NULL,NULL,NULL,NULL,NULL,NULL,9,3,2,4,1,1,2,1,7,3,N,NULL,Y,N,715,715,816,N,NULL,70,7,0,N,,N,N,098-KY-0194-0,NULL,NULL,2022,O,7.27E+11,098-KY-0194  -000,HIGH,098-KY-0194  -000,28.917,0,0,0,0,0,0,0,0,0,0,0,1,0,0
2704,72552603,KSP0900,20-00738611,20201012,1632,,GREASY,,CRK,KY3226,KY3226,0,098 KY-3226,KY3226,N,N,NULL,NULL,NULL,N,NULL,NULL,NULL,NULL,NULL,NULL,3.232,NULL,NULL,NULL,NULL,,NULL,0,0,2,2,N,N,55,NULL,98,9824,NULL,,Y,37.41694,-82.45773,N,NULL,NULL,NULL,NULL,NULL,NULL,NULL,NULL,7,3,2,2,1,1,2,2,7,3,N,NULL,Y,N,1632,1654,1654,N,NULL,54,8,0,N,,N,N,098-KY-3226-0,NULL,NULL,2020,O,7.26E+11,098-KY-3226  -000,HIGH,098-KY-3226  -000,3.232,0,0,0,1,0,0,0,0,0,0,0,1,0,0
2705,72694792,980100,2.02E+11,20211110,1149,,CASSIDY,,BLVD,,,0,098 CS-1191,CS1191,N,Y,THOMPSON,,RD,N,NULL,NULL,NULL,NULL,NULL,NULL,0.45,NULL,NULL,NULL,NULL,,NULL,0,0,2,2,N,N,35,NULL,98,9801,NULL,,Y,37.50417,-82.53905,N,NULL,NULL,NULL,NULL,NULL,NULL,NULL,NULL,1,3,2,6,1,1,2,2,7,3,N,NULL,Y,N,1150,1159,1201,N,NULL,10,,,N,,N,N,098-CS-1191-0,NULL,NULL,2021,O,7.27E+11,098-CS-1191  -000,HIGH,098-CS-1191  -000,0.45,0,0,0,1,0,0,1,0,0,0,1,0,0,1
2706,72817136,KSP0900,22-399016,20221016,1033,,KY632,,,KY0632,KY0632,0,098 KY-632,KY0632,N,N,NULL,NULL,NULL,N,NULL,NULL,NULL,NULL,NULL,NULL,6.986,NULL,NULL,NULL,NULL,,NULL,1,0,1,1,N,N,55,NULL,98,9817,NULL,,Y,37.49238,-82.24596,N,NULL,NULL,NULL,NULL,NULL,NULL,NULL,NULL,9,5,2,1,1,5,6,2,7,3,Y,NULL,Y,Y,1034,1100,1100,N,NULL,44,6,0,N,,N,N,098-KY-0632-0,NULL,NULL,2022,B,7.28E+11,098-KY-0632  -000,HIGH,098-KY-0632  -000,6.986,0,0,0,0,0,0,0,0,0,1,0,1,0,0
2707,72669289,980100,2.02E+11,20210911,130,,THOMPSON,,RD,,,,,,N,N,NULL,NULL,NULL,N,NULL,NULL,NULL,NULL,NULL,NULL,,NULL,NULL,NULL,NULL,NULL,NULL,0,0,1,1,N,N,45,NULL,98,9801,NULL,,Y,37.49733,-82.53567,N,NULL,NULL,NULL,NULL,NULL,NULL,NULL,NULL,9,3,2,6,1,1,2,6,6,3,N,NULL,Y,N,130,140,140,N,NULL,38,,,N,,N,N,,NULL,NULL,2021,O,7.27E+11,098-CS-1215  -000,MEDIUM,098-CS-1215  -000,1.324,0,0,0,0,0,0,0,0,0,0,0,0,0,1
2708,72660466,980100,2.02E+11,20210819,753,,BYPASS,S,RD,KY1426,KY1426,0,098 KY-1426,KY1426,N,N,NULL,NULL,NULL,N,NULL,NULL,NULL,NULL,NULL,NULL,,NULL,NULL,NULL,NULL,NULL,NULL,0,0,3,3,N,N,45,NULL,98,9801,NULL,,Y,37.47983,-82.51471,N,NULL,NULL,NULL,NULL,NULL,NULL,NULL,NULL,8,3,2,6,1,5,6,2,1,3,N,NULL,Y,N,753,757,846,N,NULL,53,8,0,Y,,N,N,098-KY-1426-0,NULL,NULL,2021,O,7.27E+11,098-KY-1426  -000,HIGH,098-KY-1426  -000,6.366,0,0,0,0,0,0,1,0,0,0,0,1,0,1
2709,72524709,980100,2.02E+11,20200725,1650,,KY3496,,,KY3496,KY3496,,,,N,N,NULL,NULL,NULL,N,NULL,NULL,NULL,NULL,NULL,NULL,0.208,NULL,NULL,NULL,NULL,,NULL,0,0,2,2,N,N,35,NULL,98,9801,NULL,,Y,37.46656,-82.53136,N,NULL,NULL,NULL,NULL,NULL,NULL,NULL,NULL,1,3,2,6,1,1,2,2,1,3,N,NULL,Y,N,1651,1653,,N,NULL,55,16,0,N,,N,N,,NULL,NULL,2020,O,7.25E+11,098-KY-3496  -000,HIGH,098-KY-3496  -000,0.208,0,0,1,0,0,0,1,1,0,0,0,0,0,1
2710,72749963,KSP0900,22-125602,20220407,1304,,US119 TURN LANE FROM US23 N,,,US0119,US0119,0,098 US-119-20,US0119,N,N,NULL,NULL,NULL,N,NULL,NULL,NULL,NULL,NULL,NULL,0.019,NULL,NULL,NULL,NULL,,NULL,1,0,1,1,N,N,55,NULL,98,9801,0.3,,Y,37.50331,-82.53194,N,NULL,NULL,NULL,NULL,NULL,NULL,NULL,NULL,9,3,2,3,1,5,3,2,7,3,Y,NULL,Y,Y,1313,1313,1313,N,NULL,39,2,1,Y,,N,N,098-US-0119-20,NULL,NULL,2022,C,7.28E+11,098-US-0119  -020,HIGH,098-US-0119  -020,0.019,1,0,0,0,0,0,0,1,0,0,0,0,0,1
2711,72665228,370200,2021362267,20210831,834,,KY632,,,KY0632,KY0632,0,098 KY-632,KY0632,N,N,NULL,NULL,NULL,N,NULL,NULL,NULL,NULL,NULL,NULL,3.614,NULL,NULL,NULL,NULL,,NULL,0,0,1,1,N,N,45,NULL,98,9817,NULL,,Y,37.48699,-82.29641,N,NULL,NULL,NULL,NULL,NULL,NULL,NULL,NULL,9,3,2,3,1,5,6,2,7,3,N,NULL,Y,N,839,939,1050,N,NULL,40,6,0,N,,N,N,098-KY-0632-0,NULL,NULL,2021,O,7.27E+11,098-KY-0632  -000,HIGH,098-KY-0632  -000,3.614,0,1,0,1,0,0,0,0,0,0,0,1,0,0
2712,72616367,KSP0900,21-138215,20210407,1300,,KY1056,,,KY1056,KY1056,0,098 KY-1056,KY1056,N,N,NULL,NULL,NULL,N,NULL,NULL,NULL,NULL,NULL,NULL,11.555,NULL,NULL,NULL,NULL,,NULL,0,0,1,1,N,N,35,NULL,98,9863,NULL,,Y,37.62025,-82.16787,N,NULL,NULL,NULL,NULL,NULL,NULL,NULL,NULL,9,3,2,1,1,1,2,2,7,3,N,NULL,Y,N,1300,1320,1335,Y,NULL,44,7,0,N,,N,N,098-KY-1056-0,NULL,NULL,2021,O,7.26E+11,098-KY-1056  -000,HIGH,098-KY-1056  -000,11.555,0,0,0,0,0,0,1,0,0,0,0,1,0,0
2713,72657128,980100,2.02E+11,20210810,1954,,CEDAR HILLS,,RD,KY1426,KY1426,0,098 KY-1426,KY1426,N,Y,US23,,,N,NULL,NULL,NULL,NULL,NULL,NULL,4.879,NULL,NULL,NULL,NULL,,NULL,0,0,2,2,N,N,55,NULL,98,9801,NULL,,Y,37.46536,-82.52597,N,NULL,NULL,NULL,NULL,NULL,NULL,NULL,NULL,5,3,2,6,1,1,3,2,7,3,N,NULL,Y,N,1954,2006,,N,NULL,35,,0,N,,N,N,098-KY-1426-0,NULL,NULL,2021,O,7.27E+11,098-KY-1426  -000,HIGH,098-KY-1426  -000,4.879,0,0,0,0,0,0,1,0,0,0,1,0,0,1
2714,72590862,980100,2.02E+11,20210131,1834,,HAMBLEY,,BLVD,,,0,098 CS-1222,CS1222,Y,N,NULL,NULL,NULL,N,NULL,NULL,NULL,NULL,NULL,NULL,0.805,NULL,NULL,NULL,NULL,,NULL,0,0,2,2,N,N,25,NULL,98,9801,NULL,,Y,37.48264,-82.51925,N,NULL,NULL,NULL,NULL,NULL,NULL,NULL,NULL,5,97,2,6,1,1,2,7,1,3,N,NULL,Y,N,1834,1836,,N,NULL,90,,,N,,N,N,098-CS-1222-0,NULL,NULL,2021,O,7.26E+11,098-CS-1222  -000,HIGH,098-CS-1222  -000,0.805,0,0,0,0,0,0,1,0,0,0,0,0,0,1
2715,72532154,980100,2.02E+11,20200804,1821,,CASSIDY,,BLVD,,,,,,Y,N,NULL,NULL,NULL,N,NULL,NULL,NULL,NULL,NULL,NULL,0.192,NULL,NULL,NULL,NULL,,NULL,0,0,2,2,Y,N,,NULL,98,9801,NULL,,Y,37.50396,-82.53513,N,NULL,NULL,NULL,NULL,NULL,NULL,NULL,NULL,2,97,1,6,1,1,2,2,1,3,N,NULL,Y,N,1821,1825,1825,N,NULL,90,,,N,,N,N,,NULL,NULL,2020,O,7.25E+11,098-CS-1191  -000,LOW,098-CS-1191  -000,0.192,0,0,0,0,0,0,0,0,0,0,0,0,0,1
2716,72719469,KSP0900,21-527698,20211229,1400,,US119,,,US0119,US0119,0,098 US-119-10,US0119,N,N,NULL,NULL,NULL,N,NULL,NULL,NULL,NULL,NULL,NULL,,NULL,NULL,NULL,NULL,,NULL,0,0,1,1,N,N,55,NULL,98,9833,NULL,,Y,37.60971,-82.31973,N,NULL,NULL,NULL,NULL,NULL,NULL,NULL,NULL,9,3,4,3,1,5,6,1,7,3,N,NULL,N,N,140,1425,1445,N,NULL,44,2,1,N,,N,N,098-US-0119-10,NULL,NULL,2021,O,7.27E+11,098-US-0119  -010,HIGH,098-US-0119  -000,16.004,0,0,0,0,0,0,0,0,0,0,0,1,0,0
2717,72750280,KSP0900,22-124706,20220406,1800,,RIDGE LINE,,RD,KY3418,KY3418,0,098 KY-3418,KY3418,N,N,NULL,NULL,NULL,N,NULL,NULL,NULL,NULL,NULL,NULL,2.209,NULL,NULL,NULL,NULL,,NULL,0,0,2,2,Y,N,5,NULL,98,9817,NULL,,Y,37.46362,-82.37473,N,NULL,NULL,NULL,NULL,NULL,NULL,NULL,NULL,1,97,2,6,1,1,2,2,6,3,N,NULL,N,N,1800,1830,1830,N,NULL,47,9,0,N,,N,N,098-KY-3418-0,NULL,NULL,2022,O,7.28E+11,098-KY-3418  -000,HIGH,098-KY-3418  -000,2.209,0,0,0,0,0,0,0,0,0,0,0,0,0,0
2718,72630666,KSP0900,21-222343,20210531,1325,,KY1469,,,KY1469,KY1469,0,098 KY-1469,KY1469,N,N,NULL,NULL,NULL,N,NULL,NULL,NULL,NULL,NULL,NULL,4.016,NULL,NULL,NULL,NULL,,NULL,0,0,1,1,N,N,55,NULL,98,9827,5,SW,N,37.28271,-82.66931,N,NULL,NULL,NULL,NULL,NULL,NULL,NULL,NULL,9,5,2,6,1,1,2,2,7,3,N,NULL,Y,N,1325,1353,1415,N,NULL,44,8,0,N,,N,N,098-KY-1469-0,NULL,NULL,2021,O,7.26E+11,098-KY-1469  -000,HIGH,098-KY-1469  -000,4.016,0,0,1,0,0,0,0,0,0,0,0,1,0,0
2719,72549251,KSP0900,20-715499,20200926,1620,,US460,,,US0460,US0460,0,098 US-460,US0460,Y,N,NULL,NULL,NULL,N,NULL,NULL,NULL,NULL,NULL,NULL,14.108,NULL,NULL,NULL,NULL,,NULL,0,0,2,2,N,N,55,NULL,98,9805,NULL,,Y,37.34115,-82.37894,N,NULL,NULL,NULL,NULL,NULL,NULL,NULL,NULL,5,97,1,6,1,1,2,2,7,3,N,NULL,N,N,1620,1640,1640,N,NULL,90,,1,Y,,N,N,098-US-0460-0,NULL,NULL,2020,O,7.25E+11,098-US-0460  -000,HIGH,098-US-0460  -000,14.108,0,0,0,0,0,0,1,0,0,0,0,0,0,0
2720,72603692,980100,2.02E+11,20210312,1432,,CASSIDY,,BLVD,,,,,,N,N,NULL,NULL,NULL,N,NULL,NULL,NULL,NULL,NULL,NULL,0.007,NULL,NULL,NULL,NULL,,NULL,0,0,2,2,N,N,55,NULL,98,9801,NULL,,Y,37.50376,-82.53226,N,NULL,NULL,NULL,NULL,NULL,NULL,NULL,NULL,5,3,4,6,1,1,2,2,1,3,N,NULL,Y,N,1432,1442,1455,N,NULL,49,,,N,,N,N,,NULL,NULL,2021,O,7.26E+11,098-CS-1191  -000,MEDIUM,098-CS-1191  -000,0.007,0,0,0,1,0,0,1,0,0,0,0,0,0,1
2721,72728146,980100,2.02E+11,20220129,1132,,HAMBLEY,,BLVD,,,0,098 CS-1222,CS1222,Y,N,NULL,NULL,NULL,N,NULL,NULL,NULL,NULL,NULL,NULL,1.641,NULL,NULL,NULL,NULL,,NULL,0,0,2,2,N,N,,NULL,98,9801,NULL,,Y,37.4821,-82.53242,N,NULL,NULL,NULL,NULL,NULL,NULL,NULL,NULL,5,97,0,6,1,1,2,2,1,3,N,NULL,Y,N,1132,1139,,N,NULL,90,,,N,,N,N,098-CS-1222-0,NULL,NULL,2022,O,7.27E+11,098-CS-1222  -000,HIGH,098-CS-1222  -000,1.641,0,0,0,1,0,0,0,0,0,0,0,0,0,1
2722,72773163,KSP0900,22-223236,20220614,1050,,US119,,,US0119,US0119,0,098 US-119,US0119,N,N,NULL,NULL,NULL,N,NULL,NULL,NULL,NULL,NULL,NULL,6.709,NULL,NULL,NULL,NULL,,NULL,0,0,2,2,N,N,55,NULL,98,9820,NULL,,Y,37.54695,-82.44123,N,NULL,NULL,NULL,NULL,NULL,NULL,NULL,NULL,5,3,2,1,1,1,2,2,7,3,N,NULL,Y,N,1055,1115,1050,N,NULL,40,2,1,N,,N,N,098-US-0119-0,NULL,NULL,2022,O,7.28E+11,098-US-0119  -000,HIGH,098-US-0119  -000,6.709,0,0,0,0,0,0,1,0,0,0,0,1,0,0
2723,72474678,KSP0900,20-05094,20200208,548,,KY197,,,KY0197,KY0197,0,098 KY-197,KY0197,N,N,NULL,NULL,NULL,N,NULL,NULL,NULL,NULL,NULL,NULL,16.118,NULL,NULL,NULL,NULL,,NULL,0,0,1,1,N,N,35,NULL,98,9802,NULL,,Y,37.29773,-82.3548,N,NULL,NULL,NULL,NULL,NULL,NULL,NULL,NULL,9,3,2,3,1,5,2,5,7,3,N,NULL,Y,N,726,733,,N,NULL,70,7,0,N,,N,N,098-KY-0197-0,NULL,NULL,2020,O,7.25E+11,098-KY-0197  -000,HIGH,098-KY-0197  -000,16.118,0,0,0,0,0,0,0,0,0,0,0,1,0,0
2724,72683380,KSP0900,2021-426038,20211015,2031,,TOLER,,RD,KY0319,KY0319,0,098 KY-319,KY0319,N,N,NULL,NULL,NULL,N,NULL,NULL,NULL,NULL,NULL,NULL,2.237,NULL,NULL,NULL,NULL,,NULL,1,0,1,1,N,N,55,NULL,98,9842,NULL,,Y,37.6001,-82.20635,N,NULL,NULL,NULL,NULL,NULL,NULL,NULL,NULL,9,3,2,2,1,1,2,6,7,3,N,NULL,Y,Y,1955,2020,2020,N,NULL,44,7,0,N,,N,N,098-KY-0319-0,NULL,NULL,2021,C,7.27E+11,098-KY-0319  -000,HIGH,098-KY-0319  -000,2.237,0,0,0,0,0,0,0,0,0,0,0,1,0,0
2725,72613728,980100,2.02E+11,20210413,1057,,US23 CONNECTOR TO US460,,,US0023,US0023,0,098 US-23-71,US0023,N,N,NULL,NULL,NULL,N,NULL,NULL,NULL,NULL,NULL,NULL,,NULL,NULL,NULL,NULL,,NULL,0,0,2,2,N,N,55,NULL,98,9801,NULL,,Y,37.43879,-82.50907,N,NULL,NULL,NULL,NULL,NULL,NULL,NULL,NULL,2,3,4,6,1,1,2,2,7,3,N,NULL,N,N,1057,1111,1121,N,NULL,56,,1,N,,N,N,098-US-0023-71,NULL,NULL,2021,O,7.26E+11,098-US-0023  -071,HIGH,098-US-0023  -071,0,0,0,0,0,0,0,1,0,0,0,0,0,0,1
2726,72497795,KSP0900,20-16080,20200430,1324,,US460,,,US0460,US0460,0,098 US-460,US0460,N,N,NULL,NULL,NULL,N,NULL,NULL,NULL,NULL,NULL,NULL,8.905,NULL,NULL,NULL,NULL,,NULL,0,0,1,1,N,N,35,NULL,98,9802,6,W,N,37.37071,-82.42168,N,NULL,NULL,NULL,NULL,NULL,NULL,NULL,NULL,9,5,2,6,1,1,3,2,7,3,N,NULL,Y,N,1326,1400,1400,N,NULL,44,,1,N,,N,N,098-US-0460-0,NULL,NULL,2020,O,7.25E+11,098-US-0460  -000,HIGH,098-US-0460  -000,8.905,0,0,0,1,0,0,1,0,0,0,0,1,0,0
2727,72569453,KSP0900,20-801145,20201124,509,,KY1469,,,KY1469,KY1469,0,098 KY-1469,KY1469,N,N,NULL,NULL,NULL,N,NULL,NULL,NULL,NULL,NULL,NULL,10.531,NULL,NULL,NULL,NULL,,NULL,0,0,1,1,N,N,55,NULL,98,9827,NULL,,Y,37.33539,-82.59831,N,NULL,NULL,NULL,NULL,NULL,NULL,NULL,NULL,9,3,2,6,1,1,10,6,7,3,N,NULL,Y,N,509,620,620,N,NULL,38,8,0,N,,N,N,098-KY-1469-0,NULL,NULL,2020,O,7.26E+11,098-KY-1469  -000,HIGH,098-KY-1469  -000,10.531,0,0,0,0,0,0,0,0,0,0,0,0,0,0
2728,72583073,980100,2.02E+11,20210103,1242,,CASSIDY,,BLVD,,,0,098 CS-1191,CS1191,Y,N,NULL,NULL,NULL,N,NULL,NULL,NULL,NULL,NULL,NULL,0.057,NULL,NULL,NULL,NULL,,NULL,0,0,2,2,N,N,15,NULL,98,9801,NULL,,Y,37.50367,-82.53307,N,NULL,NULL,NULL,NULL,NULL,NULL,NULL,NULL,1,97,1,6,1,1,2,2,1,3,N,NULL,Y,N,1242,1242,,N,NULL,90,,,Y,,N,N,098-CS-1191-0,NULL,NULL,2021,O,7.26E+11,098-CS-1191  -000,MEDIUM,098-CS-1191  -000,0.057,0,0,0,1,0,0,1,0,0,0,0,0,0,1
2729,72455611,KSP0900,19-50031,20191224,1030,,US119,,,US0119,US0119,0,098 US-119,US0119,N,N,NULL,NULL,NULL,N,NULL,NULL,NULL,NULL,NULL,NULL,24.965,NULL,NULL,NULL,NULL,,NULL,0,0,1,1,N,N,55,NULL,98,9834,NULL,,Y,37.66776,-82.27703,N,NULL,NULL,NULL,NULL,NULL,NULL,NULL,NULL,9,6,4,6,1,5,3,2,7,3,N,NULL,N,Y,1020,1023,1100,N,NULL,40,2,1,N,,N,N,098-US-0119-0,NULL,NULL,2019,O,7.25E+11,098-US-0119  -000,HIGH,098-US-0119  -000,24.965,0,0,1,0,0,0,0,0,0,0,0,1,0,0
2730,72592787,KSP0900,21-52884,20210209,800,,COLLINS,,HWY,KY0122,KY0122,0,098 KY-122,KY0122,N,N,NULL,NULL,NULL,N,NULL,NULL,NULL,NULL,NULL,NULL,11.773,NULL,NULL,NULL,NULL,,NULL,0,0,1,1,N,N,55,NULL,98,9801,4,S,N,37.39038,-82.52384,N,NULL,NULL,NULL,NULL,NULL,NULL,NULL,NULL,9,5,2,3,1,2,8,2,7,3,N,NULL,Y,N,800,900,1000,N,NULL,51,,0,N,,N,N,098-KY-0122-0,NULL,NULL,2021,O,7.26E+11,098-KY-0122  -000,HIGH,098-KY-0122  -000,11.773,0,0,1,0,0,0,0,0,0,0,0,1,0,0
2731,72670006,980500,2021AR037,20210913,1323,,CHURCH,,ST,,,0,098 CS-3002,CS3002,Y,N,NULL,NULL,NULL,N,NULL,NULL,NULL,NULL,NULL,NULL,,NULL,NULL,NULL,NULL,NULL,NULL,0,0,2,2,N,N,15,NULL,98,9807,NULL,,Y,37.51757,-82.56697,N,NULL,NULL,NULL,NULL,NULL,NULL,NULL,NULL,1,97,,6,1,1,2,2,1,3,N,NULL,Y,Y,1323,1324,1333,N,NULL,90,,,N,,N,N,098-CS-3002-0,NULL,NULL,2021,O,7.27E+11,098-CS-3002  -000,HIGH,098-CS-3002  -000,0.265,0,0,0,1,0,0,0,0,0,0,0,0,0,0
2732,72749416,KSP0900,22-105479,20220323,1152,,BENT MOUNTAIN,,RD,,,0,098 CR-1380Q4,CR1380Q4,N,N,NULL,NULL,NULL,N,NULL,NULL,NULL,NULL,NULL,NULL,0.033,NULL,NULL,NULL,NULL,,NULL,0,0,2,2,N,N,25,NULL,98,9833,NULL,,Y,37.60748,-82.36591,N,NULL,NULL,NULL,NULL,NULL,NULL,NULL,NULL,1,3,2,6,1,1,2,2,7,3,N,NULL,Y,Y,1152,1205,1205,N,NULL,55,,,N,,N,N,098-CR-1380Q4-0,NULL,NULL,2022,O,7.27E+11,098-CR-1380Q4-000,HIGH,098-CR-1380Q4-000,0.033,0,0,0,0,0,0,1,0,0,0,0,0,0,0