OBJECTID,MasterFile,AgencyORINumber,LocalCode,CollisionDate,CollisionTime,CollisionDayWeekCode,RoadwayName,RoadwayName_Direction_,RoadwayName_RoadwaySuffix_,RoadwayfromReport,CurrentRoadwayNumber,RoadwayNumberCoupletID,RSEUniqueGIS,RoadwayIdentifier,ParkingLotIndicator,IntersectionWith_Indicator_,IntersectionWith_NameRoadway_,IntersectionWith_Direction_,IntersectionWith_RoadwaySuffix_,BetweenStreets_Indicator_,BetweenStreets1_NameRoadway_,BetweenStreet1_Direction_,BetweenStreets1_RoadwaySuffix_,BetweenStreets2_NameRoadway_,BetweenStreets2_Direction_,BetweenStreets2_RoadwaySuffix_,Milepoint,ReportMilepointDeriveNumber,CurrentDerivedMiepointNumber,MilestoMilepoint,FeettoMilepoint,DirectionfromMilepoint_NSEW_,ValidMilepointIndicator,NumberInjured,NumberKilled,ofUnits,ofMotorVehicleUnits,Hit&RunIndicator,OneWayIndicator,SpeedLimitNumber,KilometersIndicator,CountyCode,CityCountyCode,MilesFromCity,DirectionFromCity_NSEW_,InCityLimitsIndicator,Latitude,Longitude,RampIndicator,RampFromIdentifier,RampFromDirCode,RampFromCoupletID,RSEUniqueGISRampFrom,RampToidentifier,RampToDirCode,RampToCoupletID,RSEUniqueGisRampTo,MannerofCollisionCode,LocationFirstEventCode,TotalLanes,RoadwayCharacterCode,RoadwaySurfaceCode,RoadwayConditionCode,WeatherCode,LightConditionCode,LandUseCode,SchoolBusRelatedCode,FirstAidSceneIndicator,CollDescPresentInd,InvestigationCompleteIndicator,PhotosTakenIndicator,TimeNotified,TimeArrived,TimeRoadwayOpened,PropertyDamageIndicator,DiagramPresentIndicator,DirectionalAnalysis,FunctionClassCode,NationalHwySysCode,EnforcementsIndicator,KARSCityCode,SecondaryCollisionIndicator,MedianCrossoverIndicator,RT_UNIQUE,MapIt,TimeLastLeft,YR,KABCO,MFNY,WorkingRID,RT_CONFIDENCE,KTC_RT,KTC_MP,Motorcyclist,Commercial Vehicle,Young Driver,Mature Driver,Pedestrian,Bicyclist,Distracted,Aggressive,Impaired,Unrestrained,Intersection,Roadway Departure,Median Cross-over,City Crash
2733,72753220,980100,2.02E+11,20220418,1136,,US23,,,US0023,US0023,0,098 US-23,US0023,N,N,NULL,NULL,NULL,N,NULL,NULL,NULL,NULL,NULL,NULL,26.282,NULL,NULL,NULL,NULL,,NULL,0,0,2,2,N,N,55,NULL,98,9801,NULL,,Y,37.50363,-82.53214,N,NULL,NULL,NULL,NULL,NULL,NULL,NULL,NULL,5,3,4,6,1,5,6,2,7,3,N,NULL,Y,N,1136,1144,1152,N,NULL,70,,1,Y,,N,N,098-US-0023-0,NULL,NULL,2022,O,7.28E+11,098-US-0023  -000,HIGH,098-US-0023  -000,26.282,0,0,0,0,0,0,0,0,1,0,0,0,0,1
2734,72466078,980100,2.02E+11,20200114,1050,,THOMPSON,,RD,,,0,098 CS-1215,CS1215,N,N,NULL,NULL,NULL,N,NULL,NULL,NULL,NULL,NULL,NULL,0.784,NULL,NULL,NULL,NULL,,NULL,0,0,2,2,N,N,35,NULL,98,9801,NULL,,Y,37.50418,-82.5391,N,NULL,NULL,NULL,NULL,NULL,NULL,NULL,NULL,1,3,3,6,1,1,2,2,7,3,N,NULL,Y,N,1050,1101,1129,N,NULL,55,,,N,,N,N,098-CS-1215-0,NULL,NULL,2020,O,7.25E+11,098-CS-1215  -000,HIGH,098-CS-1215  -000,0.784,0,0,0,1,0,0,1,0,0,0,0,0,0,1
2735,72731369,980100,2.02E+11,20220205,1736,,CASSIDY,,BLVD,,,,,,N,N,NULL,NULL,NULL,N,NULL,NULL,NULL,NULL,NULL,NULL,0.193,NULL,NULL,NULL,NULL,,NULL,0,0,2,2,N,N,25,NULL,98,9801,NULL,,Y,37.50395,-82.53514,N,NULL,NULL,NULL,NULL,NULL,NULL,NULL,NULL,1,3,4,6,1,1,2,2,7,3,N,NULL,Y,N,1736,1743,1752,N,NULL,55,,,N,,N,N,,NULL,NULL,2022,O,7.27E+11,098-CS-1191  -000,LOW,098-CS-1191  -000,0.193,0,0,0,0,0,0,0,0,0,0,0,0,0,1
2736,72552605,KSP0900,20-735947,20201010,1800,,US23,,,US0023,US0023,0,098 US-23,US0023,N,N,NULL,NULL,NULL,N,NULL,NULL,NULL,NULL,NULL,NULL,28.997,NULL,NULL,NULL,NULL,,NULL,0,0,2,2,Y,N,55,NULL,98,9807,NULL,,Y,37.5238,-82.57195,N,NULL,NULL,NULL,NULL,NULL,NULL,NULL,NULL,5,3,4,6,1,1,2,2,3,3,N,NULL,Y,N,1800,1800,1800,N,NULL,49,,1,N,,N,N,098-US-0023-0,NULL,NULL,2020,O,7.26E+11,098-US-0023  -000,HIGH,098-US-0023  -000,28.997,0,0,0,0,0,0,0,0,0,0,0,0,0,0
2737,72673047,980000,21-09-004,20210920,1515,,US23,,,US0023,US0023,0,098 US-23-10,US0023,N,N,NULL,NULL,NULL,N,NULL,NULL,NULL,NULL,NULL,NULL,14.15,NULL,NULL,NULL,NULL,,NULL,0,0,2,2,N,N,55,NULL,98,9823,1.6,S,N,37.38805,-82.53828,N,NULL,NULL,NULL,NULL,NULL,NULL,NULL,NULL,8,3,4,6,1,5,3,2,7,3,N,NULL,Y,Y,1520,1532,1532,N,NULL,53,,1,N,,N,N,098-US-0023-10,NULL,NULL,2021,O,7.27E+11,098-US-0023  -010,HIGH,098-US-0023  -000,14.15,0,0,0,0,0,0,1,1,0,0,0,1,0,0
2738,72658987,KSP0900,21-319086,20210801,1926,,US23,,,US0023,US0023,0,098 US-23,US0023,Y,N,NULL,NULL,NULL,N,NULL,NULL,NULL,NULL,NULL,NULL,12.214,NULL,NULL,NULL,NULL,,NULL,0,0,2,2,N,N,35,NULL,98,9801,NULL,,Y,37.36553,-82.55164,N,NULL,NULL,NULL,NULL,NULL,NULL,NULL,NULL,2,97,4,6,1,1,2,2,1,3,N,NULL,Y,N,1955,2006,,N,NULL,90,,1,N,,N,N,098-US-0023-0,NULL,NULL,2021,O,7.27E+11,098-US-0023  -000,HIGH,098-US-0023  -000,12.214,0,0,1,0,0,0,1,0,0,0,0,0,0,0
2739,72796652,KSP0900,22-317620,20220817,854,,ABNER MOUNTAIN,,RD,KY0122,KY0122,0,098 KY-122,KY0122,N,N,NULL,NULL,NULL,N,NULL,NULL,NULL,NULL,NULL,NULL,1.833,NULL,NULL,NULL,NULL,,NULL,0,0,2,2,N,N,35,NULL,98,9827,NULL,,Y,37.33668,-82.64165,N,NULL,NULL,NULL,NULL,NULL,NULL,NULL,NULL,7,3,2,1,1,1,2,2,3,3,N,NULL,Y,N,854,924,1000,N,NULL,54,,0,N,,N,N,098-KY-0122-0,NULL,NULL,2022,O,7.28E+11,098-KY-0122  -000,HIGH,098-KY-0122  -000,1.833,0,1,0,0,0,0,0,0,0,0,0,1,0,0
2740,72539539,KSP0900,20-673047,20200829,1708,,US23,,,US0023,US0023,0,098 US-23,US0023,N,N,NULL,NULL,NULL,N,NULL,NULL,NULL,NULL,NULL,NULL,6.714,NULL,NULL,NULL,NULL,,NULL,1,0,1,1,N,N,55,NULL,98,9809,NULL,,Y,37.29829,-82.5449,N,NULL,NULL,NULL,NULL,NULL,NULL,NULL,NULL,9,3,4,4,1,5,6,2,7,3,N,NULL,Y,Y,1708,1725,,N,NULL,44,,1,N,,N,N,098-US-0023-0,NULL,NULL,2020,C,7.25E+11,098-US-0023  -000,HIGH,098-US-0023  -000,6.714,0,0,0,0,0,0,0,0,0,0,0,1,0,0
2741,72724053,980100,2.02E+11,20220103,1621,,CASSIDY,,BLVD,,,,,,Y,N,NULL,NULL,NULL,N,NULL,NULL,NULL,NULL,NULL,NULL,0.364,NULL,NULL,NULL,NULL,,NULL,0,0,2,2,N,N,15,NULL,98,9801,NULL,,Y,37.50507,-82.53812,N,NULL,NULL,NULL,NULL,NULL,NULL,NULL,NULL,2,97,,4,1,1,2,2,5,3,N,NULL,Y,N,1621,1625,1625,N,NULL,90,,,N,,N,N,,NULL,NULL,2022,O,7.27E+11,098-CS-1191  -000,MEDIUM,098-CS-1191  -000,0.364,0,0,0,0,0,0,1,1,0,0,0,0,0,1
2742,72547803,980100,2.02E+11,20200930,1639,,LEE AVENUE,,,,,,,,Y,N,NULL,NULL,NULL,N,NULL,NULL,NULL,NULL,NULL,NULL,,NULL,NULL,NULL,NULL,,NULL,0,0,2,2,N,N,15,NULL,98,9801,NULL,,Y,37.50113,-82.53386,N,NULL,NULL,NULL,NULL,NULL,NULL,NULL,NULL,2,97,1,6,1,1,2,2,1,3,N,NULL,N,N,1639,1652,1652,N,NULL,90,,,N,,N,N,,NULL,NULL,2020,O,7.25E+11,098-CS-1202  -000,MEDIUM,098-CS-1202  -000,0.119,0,0,0,0,0,0,1,0,0,0,0,0,0,1
2743,72527096,980100,2.02E+11,20200731,2012,,KY1426,,,KY1426,KY1426,,,,N,N,NULL,NULL,NULL,N,NULL,NULL,NULL,NULL,NULL,NULL,8.775,NULL,NULL,NULL,NULL,,NULL,0,0,2,2,N,N,45,NULL,98,9801,NULL,,Y,37.50214,-82.49006,N,NULL,NULL,NULL,NULL,NULL,NULL,NULL,NULL,1,3,3,4,1,5,6,3,7,3,N,NULL,Y,N,2012,2015,2015,N,NULL,55,,0,N,,N,N,,NULL,NULL,2020,O,7.25E+11,098-KY-1426  -000,HIGH,098-KY-1426  -000,8.775,0,0,1,0,0,0,1,1,0,0,0,0,0,1
2744,72454064,980100,2.02E+11,20191220,1105,,JUSTICE,,WAY,,,,,,Y,N,NULL,NULL,NULL,N,NULL,NULL,NULL,NULL,NULL,NULL,,NULL,NULL,NULL,NULL,NULL,NULL,0,0,2,2,N,N,,NULL,98,9801,NULL,,Y,37.50713,-82.54299,N,NULL,NULL,NULL,NULL,NULL,NULL,NULL,NULL,2,97,2,6,1,1,2,2,1,3,N,NULL,Y,N,1105,1113,1130,N,NULL,90,,,N,,N,N,,NULL,NULL,2019,O,7.25E+11,098-CS-1215  -000,MEDIUM,098-CS-1215  -000,0.522,0,0,0,0,0,0,0,0,0,0,0,0,0,1
2745,72469441,980500,2020AR008,20200129,1700,,MAYO,N,TRL,US0023,US0023,0,098 US-23-10,US0023,N,N,NULL,NULL,NULL,N,NULL,NULL,NULL,NULL,NULL,NULL,27.475,NULL,NULL,NULL,NULL,,NULL,0,0,2,2,N,N,55,NULL,98,9807,NULL,,Y,37.51127,-82.55048,N,NULL,NULL,NULL,NULL,NULL,NULL,NULL,NULL,5,3,6,6,1,1,3,2,8,3,N,NULL,Y,N,1700,1710,,N,NULL,49,,1,N,,N,N,098-US-0023-10,NULL,NULL,2020,O,7.25E+11,098-US-0023  -010,HIGH,098-US-0023  -000,27.475,0,0,0,1,0,0,0,1,0,0,0,0,0,1
2746,72569454,KSP0900,20-803017,20201125,1330,,KY122,,,KY0122,KY0122,0,098 KY-122,KY0122,Y,N,NULL,NULL,NULL,N,NULL,NULL,NULL,NULL,NULL,NULL,10.023,NULL,NULL,NULL,NULL,,NULL,0,0,2,2,Y,N,,NULL,98,9823,NULL,,Y,37.38689,-82.5497,N,NULL,NULL,NULL,NULL,NULL,NULL,NULL,NULL,2,7,2,6,1,1,2,2,7,3,N,NULL,Y,N,1330,1402,1402,N,NULL,90,,0,N,,N,N,098-KY-0122-0,NULL,NULL,2020,O,7.26E+11,098-KY-0122  -000,HIGH,098-KY-0122  -000,10.023,0,0,0,0,0,0,1,0,0,0,0,0,0,0
2747,72758249,KSP0900,22-165757,20220505,1726,,BILLY DOTSON,,BR,,,0,098 CR-1828E,CR1828E,Y,N,NULL,NULL,NULL,N,NULL,NULL,NULL,NULL,NULL,NULL,0.142,NULL,NULL,NULL,NULL,,NULL,0,0,2,2,Y,N,5,NULL,98,9804,NULL,,Y,37.54082,-82.16309,N,NULL,NULL,NULL,NULL,NULL,NULL,NULL,NULL,2,97,1,,3,1,2,2,7,3,N,NULL,N,N,1726,1800,1800,N,NULL,90,,,N,,N,N,098-CR-1828E-0,NULL,NULL,2022,O,7.28E+11,098-CR-1828E -000,HIGH,098-CR-1828E -000,0.142,0,0,0,0,0,0,0,0,0,0,0,0,0,0
2748,72788429,980100,2.02E+11,20220729,1931,,MAYO,S,TRL,KY3496,KY3496,0,098 KY-3496,KY3496,Y,N,NULL,NULL,NULL,N,NULL,NULL,NULL,NULL,NULL,NULL,0.466,NULL,NULL,NULL,NULL,,NULL,0,0,2,2,N,N,15,NULL,98,9801,NULL,,Y,37.46964,-82.53387,N,NULL,NULL,NULL,NULL,NULL,NULL,NULL,NULL,5,97,2,3,1,1,2,2,1,3,N,NULL,Y,N,1931,1936,1936,N,NULL,90,16,0,N,,N,N,098-KY-3496-0,NULL,NULL,2022,O,7.28E+11,098-KY-3496  -000,HIGH,098-KY-3496  -000,0.466,0,0,0,1,0,0,1,0,0,0,0,0,0,1
2749,72514794,KSP0900,20-563148,20200623,2310,,VENTERS,,LN,,,0,098 CR-1415,CR1415,N,N,NULL,NULL,NULL,N,NULL,NULL,NULL,NULL,NULL,NULL,0.358,NULL,NULL,NULL,NULL,,NULL,0,0,1,1,N,N,35,NULL,98,9801,NULL,,Y,37.54166,-82.59634,N,NULL,NULL,NULL,NULL,NULL,NULL,NULL,NULL,9,3,1,6,1,1,2,6,7,3,N,NULL,Y,N,2310,2320,,Y,NULL,40,,,Y,,N,N,098-CR-1415-0,NULL,NULL,2020,O,7.25E+11,098-CR-1415  -000,MEDIUM,098-CR-1415  -000,0.358,0,0,0,0,0,0,0,0,1,1,0,1,0,0
2750,72750442,KSP0900,22-114871,20220330,1445,,KY1056,,,KY1056,KY1056,0,098 KY-1056,KY1056,N,N,NULL,NULL,NULL,N,NULL,NULL,NULL,NULL,NULL,NULL,11.403,NULL,NULL,NULL,NULL,,NULL,3,0,2,2,N,N,35,NULL,98,9863,NULL,,Y,37.61871,-82.16588,N,NULL,NULL,NULL,NULL,NULL,NULL,NULL,NULL,1,3,2,1,1,1,3,2,7,3,Y,NULL,Y,Y,1446,1450,1545,N,NULL,55,7,0,N,,N,N,098-KY-1056-0,NULL,NULL,2022,B,7.28E+11,098-KY-1056  -000,HIGH,098-KY-1056  -000,11.403,0,0,0,0,0,0,1,0,0,0,0,0,0,0
2751,72471799,980100,2.02E+11,20200204,747,,KY1426,,,KY1426,KY1426,0,098 KY-1426,KY1426,N,N,NULL,NULL,NULL,N,NULL,NULL,NULL,NULL,NULL,NULL,7.583,NULL,NULL,NULL,NULL,,NULL,0,0,2,2,N,N,45,NULL,98,9801,NULL,,Y,37.49038,-82.4985,N,NULL,NULL,NULL,NULL,NULL,NULL,NULL,NULL,5,6,2,6,1,5,6,2,1,3,N,NULL,Y,N,747,755,808,N,NULL,47,,0,N,,N,N,098-KY-1426-0,NULL,NULL,2020,O,7.25E+11,098-KY-1426  -000,HIGH,098-KY-1426  -000,7.583,0,0,0,0,0,0,0,0,0,0,0,0,0,1
2752,72566485,KSP0900,20-793458,20201118,2046,,STATE HIGHWAY 292,E,,,,,,,N,N,NULL,NULL,NULL,N,NULL,NULL,NULL,NULL,NULL,NULL,1.01,NULL,NULL,NULL,NULL,,NULL,0,0,1,1,N,N,55,NULL,98,9869,NULL,,Y,37.62635,-82.20102,N,NULL,NULL,NULL,NULL,NULL,NULL,NULL,NULL,9,5,1,6,1,1,2,6,7,3,N,NULL,Y,Y,2053,2109,2130,N,NULL,51,,,N,,N,N,,NULL,NULL,2020,O,7.26E+11,098-CR-1061  -000,LOW,098-CR-1061  -000,1.01,0,0,0,0,0,0,0,0,0,0,0,1,0,0
2753,72654370,980100,2.02E+11,20210803,1320,,US23,,,US0023,US0023,0,098 US-23,US0023,N,N,NULL,NULL,NULL,N,NULL,NULL,NULL,NULL,NULL,NULL,23.048,NULL,NULL,NULL,NULL,,NULL,0,0,2,2,N,N,55,NULL,98,9801,NULL,,Y,37.46588,-82.52782,N,NULL,NULL,NULL,NULL,NULL,NULL,NULL,NULL,5,3,4,6,1,1,2,2,7,3,N,NULL,Y,N,1320,1320,1326,N,NULL,49,,1,N,,N,N,098-US-0023-0,NULL,NULL,2021,O,7.27E+11,098-US-0023  -000,HIGH,098-US-0023  -000,23.048,0,0,0,1,0,0,1,0,0,0,0,0,0,1
2754,72628660,980100,2.02E+11,20210525,2252,,CASSIDY,,BLVD,,,0,098 CS-1191,CS1191,N,N,NULL,NULL,NULL,N,NULL,NULL,NULL,NULL,NULL,NULL,0.232,NULL,NULL,NULL,NULL,,NULL,0,0,1,1,N,N,25,NULL,98,9801,NULL,,Y,37.50432,-82.53568,N,NULL,NULL,NULL,NULL,NULL,NULL,NULL,NULL,9,97,1,6,1,1,3,7,1,3,N,NULL,Y,N,2252,2256,,N,NULL,70,,,N,,N,N,098-CS-1191-0,NULL,NULL,2021,O,7.26E+11,098-CS-1191  -000,HIGH,098-CS-1191  -000,0.232,0,0,1,0,0,0,1,0,0,0,0,1,0,1
2755,72521987,980100,2.02E+11,20200716,1057,,US23,,,US0023,US0023,,,,N,N,NULL,NULL,NULL,N,NULL,NULL,NULL,NULL,NULL,NULL,21.557,NULL,NULL,NULL,NULL,,NULL,1,0,2,2,N,N,55,NULL,98,9801,NULL,,Y,37.45255,-82.52296,N,NULL,NULL,NULL,NULL,NULL,NULL,NULL,NULL,5,3,4,6,1,1,2,2,7,3,N,NULL,Y,Y,1057,1107,,N,NULL,49,,1,N,,N,N,,NULL,NULL,2020,C,7.25E+11,098-US-0023  -010,MEDIUM,098-US-0023  -000,21.557,0,0,0,1,0,0,1,1,0,0,0,0,0,1
2756,72814433,KSP0900,22-390061,20221009,750,,KY194,,,KY0194,KY0194,0,098 KY-194,KY0194,N,N,NULL,NULL,NULL,N,NULL,NULL,NULL,NULL,NULL,NULL,57.236,NULL,NULL,NULL,NULL,,NULL,0,0,1,1,N,N,55,NULL,98,9811,NULL,,Y,37.53541,-82.16109,N,NULL,NULL,NULL,NULL,NULL,NULL,NULL,NULL,9,5,2,6,1,1,2,1,7,3,N,NULL,Y,N,752,826,900,N,NULL,44,7,0,N,,N,N,098-KY-0194-0,NULL,NULL,2022,O,7.28E+11,098-KY-0194  -000,HIGH,098-KY-0194  -000,57.236,0,0,0,0,0,0,1,0,0,0,0,1,0,0
2757,72673826,KSP0900,21-393371,20210922,1103,,ELKHORN,,CRK,KY0197,KY0197,0,098 KY-197,KY0197,N,N,NULL,NULL,NULL,N,NULL,NULL,NULL,NULL,NULL,NULL,6.553,NULL,NULL,NULL,NULL,,NULL,1,0,2,2,N,N,55,NULL,98,9864,NULL,,Y,37.25439,-82.48082,N,NULL,NULL,NULL,NULL,NULL,NULL,NULL,NULL,1,3,2,6,1,5,6,2,7,3,N,NULL,Y,N,1103,1115,1230,N,NULL,55,7,0,N,,N,N,098-KY-0197-0,NULL,NULL,2021,C,7.27E+11,098-KY-0197  -000,HIGH,098-KY-0197  -000,6.553,0,0,0,1,0,0,0,1,0,0,0,1,0,0
2758,72765914,980100,2.02E+11,20220525,942,,BYPASS,,RD,,,0,098 CS-1223,CS1223,Y,N,NULL,NULL,NULL,N,NULL,NULL,NULL,NULL,NULL,NULL,,NULL,NULL,NULL,NULL,NULL,NULL,0,0,2,2,N,N,,NULL,98,9801,NULL,,Y,37.47128,-82.52117,N,NULL,NULL,NULL,NULL,NULL,NULL,NULL,NULL,2,97,1,6,2,1,2,2,1,3,N,NULL,Y,N,942,949,949,N,NULL,90,,,N,,N,N,098-CS-1223-0,NULL,NULL,2022,O,7.28E+11,098-CS-1223  -000,HIGH,098-CS-1223  -000,0.136,0,0,0,1,0,0,1,0,0,0,0,0,0,1
2759,72842396,KSP0900,22-476911,20221214,1645,,TOLER,,RD,KY0319,KY0319,0,098 KY-319,KY0319,N,N,NULL,NULL,NULL,N,NULL,NULL,NULL,NULL,NULL,NULL,1.85,NULL,NULL,NULL,NULL,,NULL,0,0,2,2,N,N,45,NULL,98,9842,NULL,,Y,37.59503,-82.20398,N,NULL,NULL,NULL,NULL,NULL,NULL,NULL,NULL,5,3,2,6,1,5,6,3,7,3,N,NULL,N,N,1645,1655,1655,N,NULL,49,7,0,N,,N,N,098-KY-0319-0,NULL,NULL,2022,O,7.28E+11,098-KY-0319  -000,HIGH,098-KY-0319  -000,1.85,0,0,0,0,0,0,0,0,0,0,0,0,0,0
2760,72420259,KSP0900,19-40302,20191012,2052,,BRUSHY,,RD,KY0881,KY0881,0,098 KY-881,KY0881,Y,N,NULL,NULL,NULL,N,NULL,NULL,NULL,NULL,NULL,NULL,3.641,NULL,NULL,NULL,NULL,,NULL,0,0,1,1,N,N,55,NULL,98,9853,NULL,,Y,37.60961,-82.40976,N,NULL,NULL,NULL,NULL,NULL,NULL,NULL,NULL,9,97,1,4,3,1,2,6,7,3,N,NULL,Y,N,2143,2158,2158,N,NULL,90,8,0,N,,N,N,098-KY-0881-0,NULL,NULL,2019,O,7.24E+11,098-KY-0881  -000,HIGH,098-KY-0881  -000,3.641,0,0,0,0,0,0,1,0,0,0,0,1,0,0
2761,72719539,980100,2.02E+11,20220104,835,,US23,,,US0023,US0023,,,,N,N,NULL,NULL,NULL,N,NULL,NULL,NULL,NULL,NULL,NULL,27.246,NULL,NULL,NULL,NULL,,NULL,0,0,1,1,N,N,55,NULL,98,9801,NULL,,Y,37.51052,-82.54617,N,NULL,NULL,NULL,NULL,NULL,NULL,NULL,NULL,9,5,4,6,1,1,3,2,7,3,N,NULL,Y,N,836,840,,N,NULL,51,,1,N,,N,N,,NULL,NULL,2022,O,7.27E+11,098-US-0023  -000,MEDIUM,098-US-0023  -000,27.246,0,0,0,0,0,0,0,0,0,0,0,1,0,1
2762,72730519,KSP0900,22-52340,20220212,1200,,US23,,,US0023,US0023,0,098 US-23,US0023,N,N,NULL,NULL,NULL,N,NULL,NULL,NULL,NULL,NULL,NULL,28.385,NULL,NULL,NULL,NULL,,NULL,0,0,2,2,N,N,45,NULL,98,9807,NULL,,Y,37.51796,-82.56403,N,NULL,NULL,NULL,NULL,NULL,NULL,NULL,NULL,5,3,4,6,1,1,2,2,2,3,N,NULL,Y,N,1205,1205,1210,N,NULL,46,,1,N,,N,N,098-US-0023-0,NULL,NULL,2022,O,7.27E+11,098-US-0023  -000,HIGH,098-US-0023  -000,28.385,0,0,0,0,0,0,1,0,0,0,0,0,0,0
2763,72578682,980100,2.02E+11,20201221,1505,,CASSIDY,,BLVD,,,,,,N,N,NULL,NULL,NULL,N,NULL,NULL,NULL,NULL,NULL,NULL,0.311,NULL,NULL,NULL,NULL,,NULL,0,0,2,2,N,N,25,NULL,98,9801,NULL,,Y,37.50519,-82.53706,N,NULL,NULL,NULL,NULL,NULL,NULL,NULL,NULL,1,3,2,6,1,1,2,2,1,3,N,NULL,Y,N,1505,1510,,N,NULL,55,,,N,,N,N,,NULL,NULL,2020,O,7.26E+11,098-CS-1191  -000,MEDIUM,098-CS-1191  -000,0.311,0,0,0,1,0,0,1,1,0,0,0,0,0,1
2764,72569724,980200,ELK4125-44-20,20201114,1915,,HATCHER,,ST,,,0,098 CS-2019,CS2019,N,Y,STILLHOUSE,,AVE,N,NULL,NULL,NULL,NULL,NULL,NULL,0.077,NULL,NULL,NULL,NULL,,NULL,0,0,2,2,N,N,15,NULL,98,9802,NULL,,Y,37.30246,-82.35109,N,NULL,NULL,NULL,NULL,NULL,NULL,NULL,NULL,4,3,1,2,1,1,2,5,6,3,N,NULL,Y,Y,1915,1920,1925,N,NULL,16,,,N,,N,N,098-CS-2019-0,NULL,NULL,2020,O,7.26E+11,098-CS-2019  -000,HIGH,098-CS-2019  -000,0.077,0,0,0,0,0,0,0,0,0,0,1,0,0,0
2765,72558114,KSP0900,20-755958,20201024,1535,,KY194,,,KY0194,KY0194,0,098 KY-194,KY0194,N,N,NULL,NULL,NULL,N,NULL,NULL,NULL,NULL,NULL,NULL,24.737,NULL,NULL,NULL,NULL,,NULL,1,0,1,1,N,N,55,NULL,98,9817,NULL,,Y,37.52005,-82.36293,N,NULL,NULL,NULL,NULL,NULL,NULL,NULL,NULL,9,5,2,1,1,5,3,2,7,3,N,NULL,Y,Y,1537,1559,1652,N,NULL,51,6,0,N,,N,N,098-KY-0194-0,NULL,NULL,2020,C,7.26E+11,098-KY-0194  -000,HIGH,098-KY-0194  -000,24.737,0,0,1,0,0,0,0,1,0,0,0,1,0,0
2766,72595106,KSP0900,21-62314,20210216,141,,ROCKHOUSE,,CRK,,,0,098 CR-1243,CR1243,N,N,NULL,NULL,NULL,N,NULL,NULL,NULL,NULL,NULL,NULL,1.429,NULL,NULL,NULL,NULL,,NULL,0,0,1,1,N,N,35,NULL,98,9830,NULL,,Y,37.33567,-82.47466,N,NULL,NULL,NULL,NULL,NULL,NULL,NULL,NULL,9,3,2,3,1,5,6,6,7,3,N,NULL,Y,N,141,230,230,Y,NULL,44,,,N,,N,N,098-CR-1243-0,NULL,NULL,2021,O,7.26E+11,098-CR-1243  -000,HIGH,098-CR-1243  -000,1.429,0,0,0,0,0,0,0,0,0,0,0,1,0,0
2767,72810031,KSP0900,22-375427,20220928,700,,FOREST HILLS,,RD,KY0308,KY0308,0,098 KY-308,KY0308,N,N,NULL,NULL,NULL,N,NULL,NULL,NULL,NULL,NULL,NULL,2.287,NULL,NULL,NULL,NULL,,NULL,0,0,1,1,N,N,35,NULL,98,9885,NULL,,Y,37.64377,-82.27225,N,NULL,NULL,NULL,NULL,NULL,NULL,NULL,NULL,9,3,2,2,1,1,10,1,7,3,N,NULL,Y,N,725,735,845,N,NULL,44,8,0,N,,N,N,098-KY-0308-0,NULL,NULL,2022,O,7.28E+11,098-KY-0308  -000,HIGH,098-KY-0308  -000,2.287,0,0,0,0,0,0,1,0,0,0,0,1,0,0
2768,72578745,980100,2.02E+11,20201224,1235,,US23 SOUTH,S,,US0023,US0023,,,,N,N,NULL,NULL,NULL,N,NULL,NULL,NULL,NULL,NULL,NULL,,NULL,NULL,NULL,NULL,NULL,NULL,0,0,2,2,N,N,55,NULL,98,9801,NULL,,Y,37.50338,-82.53233,N,NULL,NULL,NULL,NULL,NULL,NULL,NULL,NULL,1,3,6,6,1,5,3,2,1,3,N,NULL,Y,N,1235,1245,,N,NULL,55,,1,N,,N,N,,NULL,NULL,2020,O,7.26E+11,098-US-0023  -010,MEDIUM,098-US-0023  -000,26.263,0,0,1,0,0,0,0,0,0,0,0,1,0,1
2769,72546398,KSP0900,20-688722,20200908,1330,,KY194,,,KY0194,KY0194,0,098 KY-194,KY0194,N,N,NULL,NULL,NULL,N,NULL,NULL,NULL,NULL,NULL,NULL,51.24,NULL,NULL,NULL,NULL,,NULL,1,0,1,1,N,N,55,NULL,98,9804,NULL,,Y,37.46924,-82.13026,N,NULL,NULL,NULL,NULL,NULL,NULL,NULL,NULL,9,3,2,3,1,1,2,2,7,3,Y,NULL,Y,Y,1330,1350,1350,N,NULL,44,8,0,N,,N,N,098-KY-0194-0,NULL,NULL,2020,C,7.25E+11,098-KY-0194  -000,HIGH,098-KY-0194  -000,51.24,0,0,0,0,0,0,1,0,0,0,0,1,0,0
2770,72481438,980100,2.02E+11,20200227,1731,,BYPASS,S,RD,KY1426,KY1426,0,098 KY-1426,KY1426,Y,N,NULL,NULL,NULL,N,NULL,NULL,NULL,NULL,NULL,NULL,5.938,NULL,NULL,NULL,NULL,,NULL,0,0,2,2,N,N,15,NULL,98,9801,NULL,,Y,37.47478,-82.51906,N,NULL,NULL,NULL,NULL,NULL,NULL,NULL,NULL,2,97,1,6,1,1,2,2,1,3,N,NULL,Y,N,1731,1731,1805,N,NULL,90,,0,N,,N,N,098-KY-1426-0,NULL,NULL,2020,O,7.25E+11,098-KY-1426  -000,HIGH,098-KY-1426  -000,5.938,0,0,0,0,0,0,1,0,0,0,0,0,0,1