OBJECTID,MasterFile,AgencyORINumber,LocalCode,CollisionDate,CollisionTime,CollisionDayWeekCode,RoadwayName,RoadwayName_Direction_,RoadwayName_RoadwaySuffix_,RoadwayfromReport,CurrentRoadwayNumber,RoadwayNumberCoupletID,RSEUniqueGIS,RoadwayIdentifier,ParkingLotIndicator,IntersectionWith_Indicator_,IntersectionWith_NameRoadway_,IntersectionWith_Direction_,IntersectionWith_RoadwaySuffix_,BetweenStreets_Indicator_,BetweenStreets1_NameRoadway_,BetweenStreet1_Direction_,BetweenStreets1_RoadwaySuffix_,BetweenStreets2_NameRoadway_,BetweenStreets2_Direction_,BetweenStreets2_RoadwaySuffix_,Milepoint,ReportMilepointDeriveNumber,CurrentDerivedMiepointNumber,MilestoMilepoint,FeettoMilepoint,DirectionfromMilepoint_NSEW_,ValidMilepointIndicator,NumberInjured,NumberKilled,ofUnits,ofMotorVehicleUnits,Hit&RunIndicator,OneWayIndicator,SpeedLimitNumber,KilometersIndicator,CountyCode,CityCountyCode,MilesFromCity,DirectionFromCity_NSEW_,InCityLimitsIndicator,Latitude,Longitude,RampIndicator,RampFromIdentifier,RampFromDirCode,RampFromCoupletID,RSEUniqueGISRampFrom,RampToidentifier,RampToDirCode,RampToCoupletID,RSEUniqueGisRampTo,MannerofCollisionCode,LocationFirstEventCode,TotalLanes,RoadwayCharacterCode,RoadwaySurfaceCode,RoadwayConditionCode,WeatherCode,LightConditionCode,LandUseCode,SchoolBusRelatedCode,FirstAidSceneIndicator,CollDescPresentInd,InvestigationCompleteIndicator,PhotosTakenIndicator,TimeNotified,TimeArrived,TimeRoadwayOpened,PropertyDamageIndicator,DiagramPresentIndicator,DirectionalAnalysis,FunctionClassCode,NationalHwySysCode,EnforcementsIndicator,KARSCityCode,SecondaryCollisionIndicator,MedianCrossoverIndicator,RT_UNIQUE,MapIt,TimeLastLeft,YR,KABCO,MFNY,WorkingRID,RT_CONFIDENCE,KTC_RT,KTC_MP,Motorcyclist,Commercial Vehicle,Young Driver,Mature Driver,Pedestrian,Bicyclist,Distracted,Aggressive,Impaired,Unrestrained,Intersection,Roadway Departure,Median Cross-over,City Crash
2771,72538506,KSP0900,20-675388,20200831,930,,HURRICANE,,CRK,,,0,098 CR-1880,CR1880,N,N,NULL,NULL,NULL,N,NULL,NULL,NULL,NULL,NULL,NULL,0.273,NULL,NULL,NULL,NULL,,NULL,0,0,2,2,N,N,35,NULL,98,9825,NULL,,Y,37.49674,-82.06475,N,NULL,NULL,NULL,NULL,NULL,NULL,NULL,NULL,7,3,2,3,1,5,3,2,7,3,N,NULL,Y,N,919,1006,1015,N,NULL,54,,,N,,N,N,098-CR-1880-0,NULL,NULL,2020,O,7.25E+11,098-CR-1880  -000,HIGH,098-CR-1880  -000,0.273,0,0,0,0,0,0,1,0,0,0,0,1,0,0
2772,72620893,KSP0900,21-177474,20210503,1256,,US119,,,US0119,US0119,0,098 US-119,US0119,N,N,NULL,NULL,NULL,N,NULL,NULL,NULL,NULL,NULL,NULL,21.806,NULL,NULL,NULL,NULL,,NULL,0,0,2,2,N,N,55,NULL,98,9836,NULL,,Y,37.63076,-82.2608,N,NULL,NULL,NULL,NULL,NULL,NULL,NULL,NULL,1,3,2,3,1,1,3,2,7,3,Y,NULL,Y,Y,1256,1316,1325,N,NULL,55,2,1,N,,N,N,098-US-0119-0,NULL,NULL,2021,O,7.26E+11,098-US-0119  -000,HIGH,098-US-0119  -000,21.806,0,0,0,0,0,0,1,0,0,0,0,0,0,0
2773,72432989,KSP0900,19-42741,20191030,1535,,US119,,,US0119,US0119,0,098 US-119-10,US0119,N,N,NULL,NULL,NULL,N,NULL,NULL,NULL,NULL,NULL,NULL,22.408,NULL,NULL,NULL,NULL,,NULL,3,0,2,2,N,N,55,NULL,98,9836,NULL,,Y,37.63717,-82.25779,N,NULL,NULL,NULL,NULL,NULL,NULL,NULL,NULL,5,3,2,6,1,5,6,2,7,2,Y,NULL,Y,Y,1545,1545,1555,N,NULL,49,2,1,N,,N,N,098-US-0119-10,NULL,NULL,2019,C,7.24E+11,098-US-0119  -010,HIGH,098-US-0119  -000,22.408,0,0,0,1,0,0,1,1,0,0,0,0,0,0
2774,72587998,KSP0900,21-32221,20210125,425,,KY199,,,KY0199,KY0199,0,098 KY-199,KY0199,N,N,NULL,NULL,NULL,N,NULL,NULL,NULL,NULL,NULL,NULL,9.13,NULL,NULL,NULL,NULL,,NULL,0,0,2,2,N,N,35,NULL,98,9819,NULL,,Y,37.57185,-82.26783,N,NULL,NULL,NULL,NULL,NULL,NULL,NULL,NULL,7,3,2,6,1,5,6,6,7,3,N,NULL,Y,N,431,511,512,N,NULL,54,7,0,N,,N,N,098-KY-0199-0,NULL,NULL,2021,O,7.26E+11,098-KY-0199  -000,HIGH,098-KY-0199  -000,9.13,0,0,0,0,0,0,1,0,0,0,0,1,0,0
2775,72516708,980100,2.02E+11,20200701,1354,,THOMPSON,,RD,,,0,098 CS-1215,CS1215,Y,N,NULL,NULL,NULL,N,NULL,NULL,NULL,NULL,NULL,NULL,0.52,NULL,NULL,NULL,NULL,,NULL,0,0,2,2,N,N,,NULL,98,9801,NULL,,Y,37.50604,-82.54346,N,NULL,NULL,NULL,NULL,NULL,NULL,NULL,NULL,2,97,,6,1,1,2,2,5,3,N,NULL,Y,N,1354,1405,1405,N,NULL,90,,,N,,N,N,098-CS-1215-0,NULL,NULL,2020,O,7.25E+11,098-CS-1215  -000,HIGH,098-CS-1215  -000,0.52,0,0,0,0,0,0,1,0,0,0,0,0,0,1
2776,72470881,KSP0900,20-3427,20190126,2325,,ELKHORN,,CRK,KY0197,KY0197,0,098 KY-197,KY0197,N,N,NULL,NULL,NULL,N,NULL,NULL,NULL,NULL,NULL,NULL,5.473,NULL,NULL,NULL,NULL,,NULL,0,0,1,1,N,N,55,NULL,98,9802,2,S,N,37.24769,-82.49668,N,NULL,NULL,NULL,NULL,NULL,NULL,NULL,NULL,9,3,2,3,1,1,2,6,7,3,N,NULL,Y,N,2326,16,2326,N,NULL,44,7,0,Y,,N,N,098-KY-0197-0,NULL,NULL,2019,O,7.25E+11,098-KY-0197  -000,HIGH,098-KY-0197  -000,5.473,0,0,0,0,0,0,0,0,1,0,0,1,0,0
2777,72484223,KSP0900,20-8392,20200304,713,,LEFT FORK ISLAND,,CRK,,,0,098 CR-1233Q3,CR1233Q3,N,N,NULL,NULL,NULL,N,NULL,NULL,NULL,NULL,NULL,NULL,1.319,NULL,NULL,NULL,NULL,,NULL,0,0,2,2,N,N,35,NULL,98,9801,5,W,N,37.43372,-82.57684,N,NULL,NULL,NULL,NULL,NULL,NULL,NULL,NULL,7,3,2,3,1,1,2,2,7,1,N,NULL,Y,Y,805,824,827,N,NULL,54,,,N,,N,N,098-CR-1233Q3-0,NULL,NULL,2020,O,7.25E+11,098-CR-1233Q3-000,HIGH,098-CR-1233Q3-000,1.319,0,1,0,0,0,0,0,0,0,0,0,1,0,0
2778,72512128,KSP0900,20-17966,20200514,927,,CALLOWAY BRANCH SENG CAMP,,RD,KY3419,KY3419,0,098 KY-3419,KY3419,N,N,NULL,NULL,NULL,N,NULL,NULL,NULL,NULL,NULL,NULL,5.654,NULL,NULL,NULL,NULL,,NULL,0,0,2,2,N,N,35,NULL,98,9804,NULL,,Y,37.49579,-82.19177,N,NULL,NULL,NULL,NULL,NULL,NULL,NULL,NULL,2,3,1,6,1,1,3,2,7,3,N,NULL,Y,N,931,950,955,N,NULL,56,9,0,N,,N,N,098-KY-3419-0,NULL,NULL,2020,O,7.25E+11,098-KY-3419  -000,HIGH,098-KY-3419  -000,5.654,0,1,0,0,0,0,1,0,0,0,0,0,0,0
2779,72625856,980000,21-05-004,20210514,1645,,US119,,,US0119,US0119,0,098 US-119-10,US0119,N,Y,MALL,,RD,N,NULL,NULL,NULL,NULL,NULL,NULL,24.06,NULL,NULL,NULL,NULL,,NULL,1,0,2,2,N,N,55,NULL,98,9812,NULL,,Y,37.65651,-82.27068,N,NULL,NULL,NULL,NULL,NULL,NULL,NULL,NULL,1,3,4,6,1,1,2,2,1,3,N,NULL,Y,Y,1707,1707,1707,N,NULL,10,2,1,N,,N,N,098-US-0119-10,NULL,NULL,2021,C,7.26E+11,098-US-0119  -010,HIGH,098-US-0119  -000,24.06,0,0,0,1,0,0,0,1,0,0,1,0,0,0
2780,72578353,KSP0900,20-840460,20201223,1212,,US119,,,US0119,US0119,0,098 US-119-10,US0119,N,N,NULL,NULL,NULL,N,NULL,NULL,NULL,NULL,NULL,NULL,24.937,NULL,NULL,NULL,NULL,,NULL,0,0,1,1,N,N,15,NULL,98,9834,NULL,,Y,37.66748,-82.27848,N,NULL,NULL,NULL,NULL,NULL,NULL,NULL,NULL,9,97,4,1,1,1,2,2,1,3,N,NULL,Y,N,1212,1212,,N,NULL,44,2,1,N,,N,N,098-US-0119-10,NULL,NULL,2020,O,7.26E+11,098-US-0119  -010,HIGH,098-US-0119  -000,24.937,0,0,0,0,0,0,0,0,0,0,0,1,0,0
2781,72599369,980100,2.02E+11,20210302,1231,,US23,,,US0023,US0023,,,,N,N,NULL,NULL,NULL,N,NULL,NULL,NULL,NULL,NULL,NULL,30.594,NULL,NULL,NULL,NULL,,NULL,1,0,2,2,N,Y,55,NULL,98,9801,NULL,,Y,37.54274,-82.58666,N,NULL,NULL,NULL,NULL,NULL,NULL,NULL,NULL,8,3,4,6,1,1,2,2,1,3,Y,NULL,N,Y,1231,1241,1335,N,NULL,53,,1,N,,N,N,,NULL,NULL,2021,B,7.26E+11,098-US-0023  -010,MEDIUM,098-US-0023  -000,30.594,0,0,0,0,0,0,1,0,0,0,0,1,0,1
2782,72690112,980100,2.02E+11,20210918,2036,,KY3496,,,KY3496,KY3496,0,098 KY-3496,KY3496,N,N,NULL,NULL,NULL,N,NULL,NULL,NULL,NULL,NULL,NULL,0.113,NULL,NULL,NULL,NULL,,NULL,0,0,1,1,Y,N,35,NULL,98,9801,NULL,,Y,37.46605,-82.52973,N,NULL,NULL,NULL,NULL,NULL,NULL,NULL,NULL,9,97,2,6,1,1,3,5,1,3,N,NULL,Y,N,2036,2043,2043,Y,NULL,70,16,0,N,,N,N,098-KY-3496-0,NULL,NULL,2021,O,7.27E+11,098-KY-3496  -000,HIGH,098-KY-3496  -000,0.113,0,0,0,0,0,0,0,0,0,0,0,0,0,1
2783,72543358,KSP0900,20-696406,20200913,1242,,US460,,,US0460,US0460,0,098 US-460,US0460,N,N,NULL,NULL,NULL,N,NULL,NULL,NULL,NULL,NULL,NULL,1.386,NULL,NULL,NULL,NULL,,NULL,0,0,2,2,N,N,35,NULL,98,9801,NULL,,Y,37.4268,-82.50005,N,NULL,NULL,NULL,NULL,NULL,NULL,NULL,NULL,5,3,2,6,1,1,3,2,7,3,N,NULL,Y,N,1246,1317,,N,NULL,49,,1,N,,N,N,098-US-0460-0,NULL,NULL,2020,O,7.25E+11,098-US-0460  -000,HIGH,098-US-0460  -000,1.386,0,0,0,0,0,0,1,0,0,0,0,0,0,0
2784,72794859,KSP0900,22-306096,20220808,1901,,ELKHORN,W,ST,,,,,,N,N,NULL,NULL,NULL,N,NULL,NULL,NULL,NULL,NULL,NULL,0.087,NULL,NULL,NULL,NULL,,NULL,0,0,2,2,Y,N,15,NULL,98,9802,NULL,,Y,37.30425,-82.35513,N,NULL,NULL,NULL,NULL,NULL,NULL,NULL,NULL,1,3,1,6,1,1,2,2,6,3,N,NULL,Y,N,1901,1929,1929,N,NULL,47,,,Y,,N,N,,NULL,NULL,2022,O,7.28E+11,098-CS-2007  -000,MEDIUM,098-CS-2007  -000,0.087,0,0,0,0,0,0,1,0,0,0,0,0,0,0
2785,72718575,980100,2.02E+11,20220108,1407,,CASSIDY,,BLVD,,,,,,Y,N,NULL,NULL,NULL,N,NULL,NULL,NULL,NULL,NULL,NULL,0.262,NULL,NULL,NULL,NULL,,NULL,0,0,2,2,N,N,15,NULL,98,9801,NULL,,Y,37.50466,-82.53614,N,NULL,NULL,NULL,NULL,NULL,NULL,NULL,NULL,2,97,1,6,1,5,2,2,1,3,N,NULL,Y,N,1407,1416,1416,N,NULL,90,,,N,,N,N,,NULL,NULL,2022,O,7.27E+11,098-PS-1015  -000,LOW,098-PS-1015  -000,0.262,0,0,0,1,0,0,1,0,0,0,0,0,0,1
2786,72434035,980100,2.02E+11,20191108,2047,,US23,,,US0023,US0023,,,,N,N,NULL,NULL,NULL,N,NULL,NULL,NULL,NULL,NULL,NULL,25.214,NULL,NULL,NULL,NULL,,NULL,0,0,1,1,N,N,55,NULL,98,9801,NULL,,Y,37.49044,-82.53745,N,NULL,NULL,NULL,NULL,NULL,NULL,NULL,NULL,9,3,4,6,1,1,2,6,1,3,N,NULL,Y,N,2047,2051,,N,NULL,38,,1,N,,N,N,,NULL,NULL,2019,O,7.24E+11,098-US-0023  -000,MEDIUM,098-US-0023  -000,25.214,0,0,0,1,0,0,0,0,0,0,0,0,0,1
2787,72428833,KSP0900,19-42708,20191030,1241,,KY3220,,,KY3220,KY3220,0,098 KY-3220,KY3220,N,N,NULL,NULL,NULL,N,NULL,NULL,NULL,NULL,NULL,NULL,2.783,NULL,NULL,NULL,NULL,,NULL,0,0,2,2,N,N,35,NULL,98,9838,NULL,,Y,37.60799,-82.32561,N,NULL,NULL,NULL,NULL,NULL,NULL,NULL,NULL,5,3,2,6,1,5,6,2,7,3,N,NULL,Y,N,1249,1313,1326,N,NULL,40,8,0,N,,N,N,098-KY-3220-0,NULL,NULL,2019,O,7.24E+11,098-KY-3220  -000,HIGH,098-KY-3220  -000,2.783,0,0,0,0,0,0,1,0,0,0,0,1,0,0
2788,72811900,KSP0900,22-380143,20221001,1755,,TOLER,,RD,KY0319,KY0319,0,098 KY-319,KY0319,N,N,NULL,NULL,NULL,N,NULL,NULL,NULL,NULL,NULL,NULL,1.251,NULL,NULL,NULL,NULL,,NULL,0,0,2,2,N,N,45,NULL,98,9842,NULL,,Y,37.5873,-82.19891,N,NULL,NULL,NULL,NULL,NULL,NULL,NULL,NULL,2,3,2,4,1,5,6,2,7,3,N,NULL,N,N,1755,1755,1755,N,NULL,47,7,0,N,,N,N,098-KY-0319-0,NULL,NULL,2022,O,7.28E+11,098-KY-0319  -000,HIGH,098-KY-0319  -000,1.251,0,0,1,0,0,0,1,0,0,0,0,0,0,0
2789,72747097,980100,2.02E+11,20220329,2103,,SAAD,,AVE,,,0,098 CS-1165,CS1165,N,N,NULL,NULL,NULL,N,NULL,NULL,NULL,NULL,NULL,NULL,0.065,NULL,NULL,NULL,NULL,,NULL,0,0,2,2,N,Y,10,NULL,98,9801,NULL,,Y,37.48243,-82.51991,N,NULL,NULL,NULL,NULL,NULL,NULL,NULL,NULL,2,3,1,4,1,1,2,6,6,3,N,NULL,Y,N,2116,2119,2201,N,NULL,47,,,N,,N,N,098-CS-1165-0,NULL,NULL,2022,O,7.27E+11,098-CS-1165  -000,HIGH,098-CS-1165  -000,0.065,0,0,0,0,0,0,0,0,0,0,0,0,0,1
2790,72485551,KSP0900,20-7607,20200227,630,,US23,,,US0023,US0023,0,098 US-23,US0023,N,N,NULL,NULL,NULL,N,NULL,NULL,NULL,NULL,NULL,NULL,13.283,NULL,NULL,NULL,NULL,,NULL,0,0,1,1,N,N,35,NULL,98,9823,NULL,,Y,37.37648,-82.54014,N,NULL,NULL,NULL,NULL,NULL,NULL,NULL,NULL,9,3,4,3,2,2,2,6,7,3,Y,NULL,Y,N,630,650,,N,NULL,40,,1,N,,N,N,098-US-0023-0,NULL,NULL,2020,O,7.25E+11,098-US-0023  -000,HIGH,098-US-0023  -000,13.283,0,0,0,0,0,0,0,0,0,0,0,1,0,0
2791,72713172,980100,2.02E+11,20211223,1651,,US23,,,US0023,US0023,0,098 US-23-10,US0023,N,N,NULL,NULL,NULL,N,NULL,NULL,NULL,NULL,NULL,NULL,25.924,NULL,NULL,NULL,NULL,,NULL,0,0,2,2,N,N,55,NULL,98,9801,NULL,,Y,37.49856,-82.53139,N,NULL,NULL,NULL,NULL,NULL,NULL,NULL,NULL,5,3,4,6,1,1,2,2,7,3,N,NULL,Y,N,1651,1654,1654,N,NULL,49,,1,N,,N,N,098-US-0023-10,NULL,NULL,2021,O,7.27E+11,098-US-0023  -010,HIGH,098-US-0023  -000,25.924,0,0,0,0,0,0,1,0,0,0,0,0,0,1
2792,72735896,980000,22-02-005,20220224,2000,,PHELPS 632,,RD,KY0632,KY0632,0,098 KY-632,KY0632,Y,N,NULL,NULL,NULL,N,NULL,NULL,NULL,NULL,NULL,NULL,11.626,NULL,NULL,NULL,NULL,,NULL,0,0,2,2,N,N,15,NULL,98,9804,NULL,,Y,37.50188,-82.18095,N,NULL,NULL,NULL,NULL,NULL,NULL,NULL,NULL,2,97,2,6,1,5,6,5,8,1,N,NULL,Y,Y,2000,2200,2000,N,NULL,90,6,0,N,,N,N,098-KY-0632-0,NULL,NULL,2022,O,7.27E+11,098-KY-0632  -000,HIGH,098-KY-0632  -000,11.626,0,1,0,1,0,0,1,0,0,0,0,0,0,0
2793,72611624,KSP0900,21-136372,20210406,1120,,CEDAR HILLS,,RD,KY1426,KY1426,0,098 KY-1426,KY1426,N,N,NULL,NULL,NULL,N,NULL,NULL,NULL,NULL,NULL,NULL,3.411,NULL,NULL,NULL,NULL,,NULL,1,0,1,1,N,N,45,NULL,98,9801,NULL,,Y,37.45045,-82.53907,N,NULL,NULL,NULL,NULL,NULL,NULL,NULL,NULL,9,3,2,3,1,1,2,2,6,3,Y,NULL,Y,Y,1120,1121,1215,N,NULL,44,8,0,N,,N,N,098-KY-1426-0,NULL,NULL,2021,B,7.26E+11,098-KY-1426  -000,HIGH,098-KY-1426  -000,3.411,0,0,1,0,0,0,0,0,0,1,0,1,0,1
2794,72621843,980100,2.02E+11,20210506,1920,,US23,,,US0023,US0023,0,098 US-23-10,US0023,Y,N,NULL,NULL,NULL,N,NULL,NULL,NULL,NULL,NULL,NULL,28.718,NULL,NULL,NULL,NULL,,NULL,0,0,1,1,N,N,,NULL,98,9807,1,N,N,37.52078,-82.56868,N,NULL,NULL,NULL,NULL,NULL,NULL,NULL,NULL,9,97,1,6,1,1,2,2,1,3,N,NULL,Y,N,1925,1930,,N,NULL,90,,1,N,,N,N,098-US-0023-10,NULL,NULL,2021,O,7.26E+11,098-US-0023  -010,HIGH,098-US-0023  -000,28.718,0,0,0,0,0,0,1,0,0,0,0,1,0,0
2795,72646425,370200,2021-287794,20210712,735,,US119,,,US0119,US0119,0,098 US-119,US0119,N,N,NULL,NULL,NULL,N,NULL,NULL,NULL,NULL,NULL,NULL,20.443,NULL,NULL,NULL,NULL,,NULL,0,0,1,1,N,N,55,NULL,98,9836,NULL,,Y,37.6169,-82.27424,N,NULL,NULL,NULL,NULL,NULL,NULL,NULL,NULL,9,3,2,3,1,1,2,2,7,3,N,NULL,Y,Y,803,901,1107,N,NULL,70,2,1,N,,N,N,098-US-0119-0,NULL,NULL,2021,O,7.26E+11,098-US-0119  -000,HIGH,098-US-0119  -000,20.443,0,1,0,0,0,0,0,0,0,0,0,1,0,0
2796,72682592,980100,2.02E+11,20211014,808,,BYPASS,S,RD,KY1426,KY1426,0,098 KY-1426,KY1426,N,N,NULL,NULL,NULL,N,NULL,NULL,NULL,NULL,NULL,NULL,6.534,NULL,NULL,NULL,NULL,,NULL,0,0,2,2,N,N,55,NULL,98,9801,NULL,,Y,37.48215,-82.51388,N,NULL,NULL,NULL,NULL,NULL,NULL,NULL,NULL,1,3,2,6,1,1,3,2,1,3,N,NULL,Y,N,808,814,820,N,NULL,55,,0,N,,N,N,098-KY-1426-0,NULL,NULL,2021,O,7.27E+11,098-KY-1426  -000,HIGH,098-KY-1426  -000,6.534,0,0,0,0,0,0,1,0,0,0,0,0,0,1
2797,72787626,980100,2.02E+11,20220728,918,,KY1426,,,KY1426,KY1426,0,098 KY-1426,KY1426,N,N,NULL,NULL,NULL,N,NULL,NULL,NULL,NULL,NULL,NULL,7.938,NULL,NULL,NULL,NULL,,NULL,0,0,1,1,N,N,35,NULL,98,9801,NULL,,Y,37.49061,-82.49276,N,NULL,NULL,NULL,NULL,NULL,NULL,NULL,NULL,9,5,2,2,1,5,6,2,7,3,N,NULL,Y,N,922,929,929,N,NULL,40,,0,N,,N,N,098-KY-1426-0,NULL,NULL,2022,O,7.28E+11,098-KY-1426  -000,HIGH,098-KY-1426  -000,7.938,0,0,0,0,0,0,0,0,0,0,0,1,0,1
2798,72577582,980100,2.02E+11,20201222,912,,KEYSER HEIGHTS,W,DR,,,0,098 CS-1188,CS1188,N,N,NULL,NULL,NULL,N,NULL,NULL,NULL,NULL,NULL,NULL,0.153,NULL,NULL,NULL,NULL,,NULL,0,0,2,2,N,N,15,NULL,98,9801,NULL,,Y,37.49154,-82.53233,N,NULL,NULL,NULL,NULL,NULL,NULL,NULL,NULL,2,3,1,6,1,1,2,2,6,3,N,NULL,Y,N,912,912,912,N,NULL,47,,,N,,N,N,098-CS-1188-0,NULL,NULL,2020,O,7.26E+11,098-CS-1188  -000,HIGH,098-CS-1188  -000,0.153,0,0,0,0,0,0,0,0,0,0,0,0,0,1
2799,72517663,KSP0900,20-582048,20200704,958,,VIRGIE,,RD,KY0610,KY0610,0,098 KY-610,KY0610,N,N,NULL,NULL,NULL,N,NULL,NULL,NULL,NULL,NULL,NULL,8.306,NULL,NULL,NULL,NULL,,NULL,0,0,2,2,N,N,35,NULL,98,9827,NULL,,Y,37.3413,-82.59125,N,NULL,NULL,NULL,NULL,NULL,NULL,NULL,NULL,2,97,2,6,1,1,2,2,1,3,N,NULL,Y,N,1154,1210,,N,NULL,56,7,0,N,,N,N,098-KY-0610-0,NULL,NULL,2020,O,7.25E+11,098-KY-0610  -000,HIGH,098-KY-0610  -000,8.306,0,0,0,1,0,0,1,0,0,0,0,0,0,0
2800,72718421,980100,2.02E+11,20211226,2257,,HAROLDS BRANCH,,RD,,,0,098 CS-1223,CS1223,N,N,NULL,NULL,NULL,N,NULL,NULL,NULL,NULL,NULL,NULL,0.104,NULL,NULL,NULL,NULL,,NULL,0,0,1,1,N,N,35,NULL,98,9801,NULL,,Y,37.47152,-82.5218,N,NULL,NULL,NULL,NULL,NULL,NULL,NULL,NULL,9,97,2,4,1,1,3,7,6,3,N,NULL,Y,N,2257,2302,2359,N,NULL,44,,,Y,,N,N,098-CS-1223-0,NULL,NULL,2021,O,7.27E+11,098-CS-1223  -000,HIGH,098-CS-1223  -000,0.104,0,0,0,0,0,0,1,0,1,0,0,1,0,1
2801,72621515,KSP0900,21-179927,20210504,2300,,US52 CONNECTOR TO KY292,,,US0052,US0052,0,098 US-52-70,US0052,N,N,NULL,NULL,NULL,N,NULL,NULL,NULL,NULL,NULL,NULL,0.03,NULL,NULL,NULL,NULL,,NULL,0,0,1,1,N,N,25,NULL,98,9834,NULL,,Y,37.686,-82.29818,N,NULL,NULL,NULL,NULL,NULL,NULL,NULL,NULL,9,3,2,6,1,1,2,6,7,3,N,NULL,Y,N,2300,2325,2300,N,NULL,38,,,N,,N,N,098-US-0052-70,NULL,NULL,2021,O,7.26E+11,098-US-0052  -070,HIGH,098-US-0052  -070,0.03,0,0,0,0,0,0,0,0,0,0,0,0,0,0
2802,72584517,KSP0900,21-4087,20210104,635,,KY194,,,KY0194,KY0194,0,098 KY-194,KY0194,N,N,NULL,NULL,NULL,N,NULL,NULL,NULL,NULL,NULL,NULL,20.135,NULL,NULL,NULL,NULL,,NULL,0,0,3,3,N,N,55,NULL,98,9817,NULL,,Y,37.54656,-82.40203,N,NULL,NULL,NULL,NULL,NULL,NULL,NULL,NULL,5,3,2,6,1,5,3,6,7,3,N,NULL,Y,N,640,720,745,N,NULL,70,6,0,N,,N,N,098-KY-0194-0,NULL,NULL,2021,O,7.26E+11,098-KY-0194  -000,MEDIUM,098-KY-0194  -000,20.135,0,0,1,1,0,0,1,0,0,0,0,1,0,0
2803,72550667,980100,2.02E+11,20201008,1340,,CASSIDY,,BLVD,,,0,098 CS-1191,CS1191,Y,N,NULL,NULL,NULL,N,NULL,NULL,NULL,NULL,NULL,NULL,0.038,NULL,NULL,NULL,NULL,,NULL,0,0,2,2,N,N,,NULL,98,9801,NULL,,Y,37.5037,-82.53278,N,NULL,NULL,NULL,NULL,NULL,NULL,NULL,NULL,2,97,1,6,1,1,2,2,1,3,N,NULL,Y,N,1340,1351,1351,N,NULL,90,,,N,,N,N,098-CS-1191-0,NULL,NULL,2020,O,7.26E+11,098-CS-1191  -000,HIGH,098-CS-1191  -000,0.038,0,0,0,0,0,0,0,0,0,0,0,0,0,1
2804,72801377,980100,2.02E+11,20220831,1941,,BYPASS,S,RD,KY1426,KY1426,0,098 KY-1426,KY1426,Y,N,NULL,NULL,NULL,N,NULL,NULL,NULL,NULL,NULL,NULL,5.689,NULL,NULL,NULL,NULL,,NULL,0,0,2,2,Y,N,15,NULL,98,9801,NULL,,Y,37.47301,-82.52255,N,NULL,NULL,NULL,NULL,NULL,NULL,NULL,NULL,8,7,2,6,1,1,2,2,1,3,N,NULL,Y,N,1941,2003,2003,N,NULL,90,,0,N,,N,N,098-KY-1426-0,NULL,NULL,2022,O,7.28E+11,098-KY-1426  -000,HIGH,098-KY-1426  -000,5.689,0,0,0,0,0,0,0,0,0,0,0,0,0,1
2805,72510278,980100,2.02E+11,20200612,1116,,HAROLDS BRANCH,,RD,,,,,,Y,N,NULL,NULL,NULL,N,NULL,NULL,NULL,NULL,NULL,NULL,0.008,NULL,NULL,NULL,NULL,,NULL,0,0,2,2,N,N,15,NULL,98,9801,NULL,,Y,37.4727,-82.52271,N,NULL,NULL,NULL,NULL,NULL,NULL,NULL,NULL,1,97,2,5,2,1,2,2,1,3,N,NULL,Y,N,1116,1119,1119,N,NULL,90,,,N,,N,N,,NULL,NULL,2020,O,7.25E+11,098-CS-1223  -000,MEDIUM,098-CS-1223  -000,0.008,0,0,0,1,0,0,0,0,0,0,0,0,0,1
2806,72479767,980100,2.02E+11,20200218,1856,,MAYO,N,TRL,US0023,US0023,0,098 US-23-10,US0023,N,N,NULL,NULL,NULL,N,NULL,NULL,NULL,NULL,NULL,NULL,26.251,NULL,NULL,NULL,NULL,,NULL,0,0,2,2,N,N,55,NULL,98,9801,NULL,,Y,37.50321,-82.5323,N,NULL,NULL,NULL,NULL,NULL,NULL,NULL,NULL,5,3,4,6,1,5,6,5,1,3,N,NULL,Y,N,1857,1905,1905,N,NULL,49,,1,N,,N,N,098-US-0023-10,NULL,NULL,2020,O,7.25E+11,098-US-0023  -010,HIGH,098-US-0023  -000,26.251,0,0,0,1,0,0,1,0,0,0,0,0,0,1
2807,72741084,980100,2.02E+11,20220316,1049,,CASSIDY,,BLVD,,,0,098 CS-1191,CS1191,Y,N,NULL,NULL,NULL,N,NULL,NULL,NULL,NULL,NULL,NULL,0.045,NULL,NULL,NULL,NULL,,NULL,0,0,1,1,N,N,,NULL,98,9801,NULL,,Y,37.5037,-82.53289,N,NULL,NULL,NULL,NULL,NULL,NULL,NULL,NULL,9,97,1,6,1,1,2,2,1,3,N,NULL,Y,N,1049,1105,1105,Y,NULL,90,,,N,,N,N,098-CS-1191-0,NULL,NULL,2022,O,7.27E+11,098-CS-1191  -000,HIGH,098-CS-1191  -000,0.045,0,1,0,0,0,0,0,0,0,0,0,1,0,1
2808,72825730,KSP0900,22-419761,20221101,738,,CHLOE,,RD,KY1460,KY1460,0,098 KY-1460,KY1460,N,N,NULL,NULL,NULL,N,NULL,NULL,NULL,NULL,NULL,NULL,1.123,NULL,NULL,NULL,NULL,,NULL,0,0,1,1,N,N,45,NULL,98,9801,NULL,,Y,37.44678,-82.47979,N,NULL,NULL,NULL,NULL,NULL,NULL,NULL,NULL,9,3,2,5,1,5,6,2,7,3,N,NULL,Y,N,738,811,811,N,NULL,44,,0,N,,N,N,098-KY-1460-0,NULL,NULL,2022,O,7.28E+11,098-KY-1460  -000,HIGH,098-KY-1460  -000,1.123,0,0,0,0,0,0,0,0,0,0,0,1,0,0