OBJECTID,MasterFile,AgencyORINumber,LocalCode,CollisionDate,CollisionTime,CollisionDayWeekCode,RoadwayName,RoadwayName_Direction_,RoadwayName_RoadwaySuffix_,RoadwayfromReport,CurrentRoadwayNumber,RoadwayNumberCoupletID,RSEUniqueGIS,RoadwayIdentifier,ParkingLotIndicator,IntersectionWith_Indicator_,IntersectionWith_NameRoadway_,IntersectionWith_Direction_,IntersectionWith_RoadwaySuffix_,BetweenStreets_Indicator_,BetweenStreets1_NameRoadway_,BetweenStreet1_Direction_,BetweenStreets1_RoadwaySuffix_,BetweenStreets2_NameRoadway_,BetweenStreets2_Direction_,BetweenStreets2_RoadwaySuffix_,Milepoint,ReportMilepointDeriveNumber,CurrentDerivedMiepointNumber,MilestoMilepoint,FeettoMilepoint,DirectionfromMilepoint_NSEW_,ValidMilepointIndicator,NumberInjured,NumberKilled,ofUnits,ofMotorVehicleUnits,Hit&RunIndicator,OneWayIndicator,SpeedLimitNumber,KilometersIndicator,CountyCode,CityCountyCode,MilesFromCity,DirectionFromCity_NSEW_,InCityLimitsIndicator,Latitude,Longitude,RampIndicator,RampFromIdentifier,RampFromDirCode,RampFromCoupletID,RSEUniqueGISRampFrom,RampToidentifier,RampToDirCode,RampToCoupletID,RSEUniqueGisRampTo,MannerofCollisionCode,LocationFirstEventCode,TotalLanes,RoadwayCharacterCode,RoadwaySurfaceCode,RoadwayConditionCode,WeatherCode,LightConditionCode,LandUseCode,SchoolBusRelatedCode,FirstAidSceneIndicator,CollDescPresentInd,InvestigationCompleteIndicator,PhotosTakenIndicator,TimeNotified,TimeArrived,TimeRoadwayOpened,PropertyDamageIndicator,DiagramPresentIndicator,DirectionalAnalysis,FunctionClassCode,NationalHwySysCode,EnforcementsIndicator,KARSCityCode,SecondaryCollisionIndicator,MedianCrossoverIndicator,RT_UNIQUE,MapIt,TimeLastLeft,YR,KABCO,MFNY,WorkingRID,RT_CONFIDENCE,KTC_RT,KTC_MP,Motorcyclist,Commercial Vehicle,Young Driver,Mature Driver,Pedestrian,Bicyclist,Distracted,Aggressive,Impaired,Unrestrained,Intersection,Roadway Departure,Median Cross-over,City Crash
2809,72483989,KSP0900,20-8470,20200304,1907,,SHELBIANA,,RD,US0460,US0460,0,098 US-460,US0460,Y,N,NULL,NULL,NULL,N,NULL,NULL,NULL,NULL,NULL,NULL,2.622,NULL,NULL,NULL,NULL,,NULL,0,0,2,2,N,N,,NULL,98,9801,NULL,,Y,37.43087,-82.48042,N,NULL,NULL,NULL,NULL,NULL,NULL,NULL,NULL,2,97,2,6,1,1,2,3,5,3,N,NULL,Y,N,2213,2227,,N,NULL,90,,1,N,,N,N,098-US-0460-0,NULL,NULL,2020,O,7.25E+11,098-US-0460  -000,HIGH,098-US-0460  -000,2.622,0,0,1,0,0,0,1,0,0,0,0,0,0,0
2810,72614317,980100,2.02E+11,20210330,1723,,KY3496,,,KY3496,KY3496,0,098 KY-3496,KY3496,Y,N,NULL,NULL,NULL,N,NULL,NULL,NULL,NULL,NULL,NULL,0.769,NULL,NULL,NULL,NULL,,NULL,0,0,2,2,Y,N,10,NULL,98,9801,NULL,,Y,37.47206,-82.5301,N,NULL,NULL,NULL,NULL,NULL,NULL,NULL,NULL,2,97,2,6,1,1,2,2,1,3,N,NULL,Y,N,1723,1728,1746,N,NULL,90,16,0,N,,N,N,098-KY-3496-0,NULL,NULL,2021,O,7.26E+11,098-KY-3496  -000,HIGH,098-KY-3496  -000,0.769,0,0,0,0,0,0,1,0,0,0,0,1,0,1
2811,72616862,KSP0900,21-153371,20210417,1059,,YELLOW HILL,,RD,,,0,098 CR-1661B,CR1661B,N,N,NULL,NULL,NULL,N,NULL,NULL,NULL,NULL,NULL,NULL,0.201,NULL,NULL,NULL,NULL,,NULL,0,1,1,1,N,N,15,NULL,98,9802,NULL,,Y,37.35619,-82.4041,N,NULL,NULL,NULL,NULL,NULL,NULL,NULL,NULL,9,97,1,5,1,1,2,2,7,3,Y,NULL,Y,Y,1059,1107,1107,N,NULL,44,,,N,,N,N,098-CR-1661B-0,NULL,NULL,2021,K,7.26E+11,098-CR-1661B -000,HIGH,098-CR-1661B -000,0.201,0,0,0,0,0,0,0,0,0,1,0,1,0,0
2812,72536941,980100,2.02E+11,20200829,1636,,THOMPSON,,RD,,,0,098 CS-1215,CS1215,N,N,NULL,NULL,NULL,N,NULL,NULL,NULL,NULL,NULL,NULL,0.092,NULL,NULL,NULL,NULL,,NULL,0,0,2,2,N,N,35,NULL,98,9801,NULL,,Y,37.50948,-82.54839,N,NULL,NULL,NULL,NULL,NULL,NULL,NULL,NULL,5,3,2,6,2,1,2,2,7,3,N,NULL,Y,N,1636,1643,1648,N,NULL,49,,,N,,N,N,098-CS-1215-0,NULL,NULL,2020,O,7.25E+11,098-CS-1215  -000,HIGH,098-CS-1215  -000,0.092,0,0,0,0,0,0,1,0,0,0,0,0,0,1
2813,72625554,KSP0900,21-199144,20210517,542,,US23,,,US0023,US0023,0,098 US-23,US0023,N,N,NULL,NULL,NULL,N,NULL,NULL,NULL,NULL,NULL,NULL,2.804,NULL,NULL,NULL,NULL,,NULL,0,0,1,1,N,N,55,NULL,98,9809,4,S,N,37.27155,-82.60091,N,NULL,NULL,NULL,NULL,NULL,NULL,NULL,NULL,9,3,4,4,1,5,10,1,7,3,N,NULL,Y,N,545,640,640,N,NULL,38,,1,N,,N,N,098-US-0023-0,NULL,NULL,2021,O,7.26E+11,098-US-0023  -000,HIGH,098-US-0023  -000,2.804,0,0,0,0,0,0,0,0,0,0,0,0,0,0
2814,72491954,980000,2004001,20200328,1900,,CENTRAL,,AVE,,,0,098 CR-1035H,CR1035H,Y,N,NULL,NULL,NULL,N,NULL,NULL,NULL,NULL,NULL,NULL,0.023,NULL,NULL,NULL,NULL,,NULL,0,0,1,1,Y,N,,NULL,98,9834,NULL,,Y,37.6739,-82.28293,N,NULL,NULL,NULL,NULL,NULL,NULL,NULL,NULL,9,7,2,6,1,1,2,2,5,3,N,NULL,N,N,1730,1900,1901,Y,NULL,90,,,N,,N,N,098-CR-1035H-0,NULL,NULL,2020,O,7.25E+11,098-CR-1035H -000,HIGH,098-CR-1035H -000,0.023,0,0,0,0,0,0,0,0,0,0,0,0,0,0
2815,72460349,980100,2.02E+11,20200105,1227,,CEDAR,E,DR,,,0,098 CS-1093,CS1093,Y,N,NULL,NULL,NULL,N,NULL,NULL,NULL,NULL,NULL,NULL,0.102,NULL,NULL,NULL,NULL,,NULL,0,0,2,2,Y,N,,NULL,98,9801,NULL,,Y,37.48264,-82.53906,N,NULL,NULL,NULL,NULL,NULL,NULL,NULL,NULL,1,97,1,6,1,1,2,2,1,3,N,NULL,Y,N,1227,1232,1232,N,NULL,90,,,N,,N,N,098-CS-1093-0,NULL,NULL,2020,O,7.25E+11,098-CS-1093  -000,HIGH,098-CS-1093  -000,0.102,0,0,0,0,0,0,0,0,0,0,0,0,0,1
2816,72544340,980100,2.02E+11,20200921,846,,BYPASS,N,RD,KY1460,KY1460,,,,Y,N,NULL,NULL,NULL,N,NULL,NULL,NULL,NULL,NULL,NULL,5.134,NULL,NULL,NULL,NULL,,NULL,0,0,2,2,N,N,,NULL,98,9801,NULL,,Y,37.48367,-82.51404,N,NULL,NULL,NULL,NULL,NULL,NULL,NULL,NULL,2,97,,6,1,1,2,2,1,3,N,NULL,Y,N,846,849,,N,NULL,90,16,0,N,,N,N,,NULL,NULL,2020,O,7.25E+11,098-KY-1460  -000,HIGH,098-KY-1460  -000,5.134,0,0,0,1,0,0,1,0,0,0,0,0,0,1
2817,72773939,980200,6/9/2022,20220609,1055,,JOHN MOORE,,BR,,,0,098 CR-1614,CR1614,N,Y,KY197,,,N,NULL,NULL,NULL,NULL,NULL,NULL,0.083,NULL,NULL,NULL,NULL,,NULL,0,0,2,2,N,N,35,NULL,98,9802,NULL,,Y,37.30074,-82.3551,N,NULL,NULL,NULL,NULL,NULL,NULL,NULL,NULL,8,97,1,3,1,1,3,3,6,3,N,NULL,N,N,1050,1055,,N,NULL,19,,,Y,,N,N,098-CR-1614-0,NULL,NULL,2022,O,7.28E+11,098-CR-1614  -000,HIGH,098-CR-1614  -000,0.083,0,0,0,0,0,0,0,1,0,0,1,0,0,0
2818,72668009,980100,2.02E+11,20210905,2213,,FIFE FORK,,RD,,,0,098 CS-1077,CS1077,N,N,NULL,NULL,NULL,N,NULL,NULL,NULL,NULL,NULL,NULL,0.935,NULL,NULL,NULL,NULL,,NULL,0,0,2,2,N,N,15,NULL,98,9801,NULL,,Y,37.47515,-82.47372,N,NULL,NULL,NULL,NULL,NULL,NULL,NULL,NULL,8,97,1,6,3,5,2,6,5,3,N,NULL,Y,N,2213,2241,2241,N,NULL,47,,,N,,N,N,098-CS-1077-0,NULL,NULL,2021,O,7.27E+11,098-CS-1077  -000,HIGH,098-CS-1077  -000,0.935,0,0,0,0,0,0,1,0,0,0,0,0,0,0
2819,72716509,980100,2.02E+11,20211230,948,,BAIRD,,AVE,KY1426,KY1426,0,098 KY-1426,KY1426,N,N,NULL,NULL,NULL,N,NULL,NULL,NULL,NULL,NULL,NULL,5.413,NULL,NULL,NULL,NULL,,NULL,1,0,2,2,N,N,25,NULL,98,9801,NULL,,Y,37.47302,-82.52704,N,NULL,NULL,NULL,NULL,NULL,NULL,NULL,NULL,1,3,3,6,1,5,3,2,7,3,Y,NULL,Y,Y,948,951,1015,N,NULL,55,,0,N,,N,N,098-KY-1426-0,NULL,NULL,2021,C,7.27E+11,098-KY-1426  -000,HIGH,098-KY-1426  -000,5.413,0,0,0,1,0,0,1,0,0,0,0,0,0,1
2820,72543502,KSP0900,20-703950,20200918,1300,,KY632,,,KY0632,KY0632,0,098 KY-632,KY0632,N,N,NULL,NULL,NULL,N,NULL,NULL,NULL,NULL,NULL,NULL,8.783,NULL,NULL,NULL,NULL,,NULL,0,0,1,1,N,N,55,NULL,98,9804,NULL,,Y,37.48379,-82.21635,N,NULL,NULL,NULL,NULL,NULL,NULL,NULL,NULL,9,3,2,3,1,1,3,2,7,3,N,NULL,Y,N,1300,1330,1400,N,NULL,44,6,0,N,,N,N,098-KY-0632-0,NULL,NULL,2020,O,7.25E+11,098-KY-0632  -000,HIGH,098-KY-0632  -000,8.783,0,0,0,0,0,0,1,0,0,0,0,1,0,0
2821,72504615,980100,2.02E+11,20200524,739,,BYPASS,,RD,,,0,098 CS-1223,CS1223,Y,N,NULL,NULL,NULL,N,NULL,NULL,NULL,NULL,NULL,NULL,,NULL,NULL,NULL,NULL,NULL,NULL,0,0,2,2,N,N,,NULL,98,9801,NULL,,Y,37.47128,-82.52117,N,NULL,NULL,NULL,NULL,NULL,NULL,NULL,NULL,1,97,1,6,2,1,2,2,1,3,N,NULL,Y,Y,739,744,744,N,NULL,90,,,N,,N,N,098-CS-1223-0,NULL,NULL,2020,O,7.25E+11,098-CS-1223  -000,HIGH,098-CS-1223  -000,0.135,0,0,0,0,0,0,0,0,0,0,0,0,0,1
2822,72820966,KSP0900,22-409848,20221024,1600,,KY1426,,,KY1426,KY1426,0,098 KY-1426,KY1426,N,N,NULL,NULL,NULL,N,NULL,NULL,NULL,NULL,NULL,NULL,15.714,NULL,NULL,NULL,NULL,,NULL,0,0,2,2,N,N,55,NULL,98,9820,NULL,,Y,37.56518,-82.44681,N,NULL,NULL,NULL,NULL,NULL,NULL,NULL,NULL,2,7,2,6,1,1,2,2,7,3,N,NULL,Y,N,1600,1600,1600,N,NULL,56,7,0,N,,N,N,098-KY-1426-0,NULL,NULL,2022,O,7.28E+11,098-KY-1426  -000,HIGH,098-KY-1426  -000,15.714,0,0,1,1,0,0,1,0,0,0,0,0,0,0
2823,72762751,KSP0900,22-182569,20220511,1229,,US460,,,US0460,US0460,0,098 US-460,US0460,N,N,NULL,NULL,NULL,N,NULL,NULL,NULL,NULL,NULL,NULL,4.011,NULL,NULL,NULL,NULL,,NULL,1,0,1,1,N,N,45,NULL,98,9801,5,S,N,37.41952,-82.46204,N,NULL,NULL,NULL,NULL,NULL,NULL,NULL,NULL,9,3,2,3,1,1,2,2,7,3,N,NULL,Y,Y,1229,1236,1236,N,NULL,40,,1,N,,N,N,098-US-0460-0,NULL,NULL,2022,B,7.28E+11,098-US-0460  -000,HIGH,098-US-0460  -000,4.011,0,0,0,0,0,0,0,0,0,0,0,1,0,0
2824,72710147,KSP0900,21-511674,20211216,1838,,US119,,,US0119,US0119,0,098 US-119,US0119,Y,N,NULL,NULL,NULL,N,NULL,NULL,NULL,NULL,NULL,NULL,24.986,NULL,NULL,NULL,NULL,,NULL,0,0,2,2,Y,N,55,NULL,98,9834,NULL,,Y,37.66804,-82.2771,N,NULL,NULL,NULL,NULL,NULL,NULL,NULL,NULL,2,7,4,6,1,5,6,5,5,3,N,NULL,Y,N,1838,1842,1842,N,NULL,90,2,1,N,,N,N,098-US-0119-0,NULL,NULL,2021,O,7.27E+11,098-US-0119  -000,HIGH,098-US-0119  -000,24.986,0,0,0,0,0,0,0,0,0,0,0,0,0,0
2825,72581496,KSP0900,21-4544,20210104,1352,,US460,,,US0460,US0460,0,098 US-460,US0460,Y,N,NULL,NULL,NULL,N,NULL,NULL,NULL,NULL,NULL,NULL,9.343,NULL,NULL,NULL,NULL,,NULL,0,0,2,2,N,N,35,NULL,98,9802,6,W,N,37.36835,-82.41432,N,NULL,NULL,NULL,NULL,NULL,NULL,NULL,NULL,1,97,2,6,1,1,2,2,7,3,N,NULL,Y,N,1352,1400,1400,N,NULL,90,,1,N,,N,N,098-US-0460-0,NULL,NULL,2021,O,7.26E+11,098-US-0460  -000,MEDIUM,098-US-0460  -000,9.343,0,0,0,1,0,0,0,0,0,0,0,0,0,0
2826,72698899,KSP0900,21-472299,20211118,1645,,US119,,,US0119,US0119,0,098 US-119,US0119,N,N,NULL,NULL,NULL,N,NULL,NULL,NULL,NULL,NULL,NULL,21.968,NULL,NULL,NULL,NULL,,NULL,0,0,2,2,N,N,55,NULL,98,9836,NULL,,Y,37.63309,-82.26208,N,NULL,NULL,NULL,NULL,NULL,NULL,NULL,NULL,1,3,2,6,1,5,3,2,7,3,N,NULL,Y,N,1645,1645,1645,N,NULL,40,2,1,N,,N,N,098-US-0119-0,NULL,NULL,2021,O,7.27E+11,098-US-0119  -000,HIGH,098-US-0119  -000,21.968,0,0,0,1,0,0,1,0,0,1,0,1,0,0
2827,72577777,980100,2.02E+11,20201221,1500,,BYPASS,S,RD,KY1426,KY1426,,,,Y,N,NULL,NULL,NULL,N,NULL,NULL,NULL,NULL,NULL,NULL,5.615,NULL,NULL,NULL,NULL,,NULL,0,0,2,2,N,N,,NULL,98,9801,NULL,,Y,37.47248,-82.52418,N,NULL,NULL,NULL,NULL,NULL,NULL,NULL,NULL,1,97,2,6,2,1,2,2,1,3,N,NULL,Y,N,1500,1509,1509,N,NULL,90,,0,N,,N,N,,NULL,NULL,2020,O,7.26E+11,098-KY-1426  -000,HIGH,098-KY-1426  -000,5.615,0,0,1,0,0,0,1,0,0,0,0,0,0,1
2828,72510001,980100,2.02E+11,20200609,1514,,US23,,,US0023,US0023,,,,N,Y,US119,,,N,NULL,NULL,NULL,NULL,NULL,NULL,26.274,NULL,NULL,NULL,NULL,,NULL,0,0,2,2,N,N,55,NULL,98,9801,NULL,,Y,37.50352,-82.53213,N,NULL,NULL,NULL,NULL,NULL,NULL,NULL,NULL,5,3,4,6,1,1,2,2,7,3,N,NULL,Y,N,1515,1519,,N,NULL,35,,1,N,,N,N,,NULL,NULL,2020,O,7.25E+11,098-US-0023  -000,MEDIUM,098-US-0023  -000,26.274,0,0,0,0,0,0,1,0,0,0,1,0,0,1
2829,72641559,980100,2.02E+11,20210615,1509,,US23,,,US0023,US0023,0,098 US-23-10,US0023,N,N,NULL,NULL,NULL,N,NULL,NULL,NULL,NULL,NULL,NULL,20.828,NULL,NULL,NULL,NULL,,NULL,0,0,2,2,N,N,55,NULL,98,9801,NULL,,Y,37.44313,-82.52343,N,NULL,NULL,NULL,NULL,NULL,NULL,NULL,NULL,5,3,4,3,1,1,2,2,7,3,N,NULL,Y,N,1510,1511,,N,NULL,49,,1,N,,N,N,098-US-0023-10,NULL,NULL,2021,O,7.26E+11,098-US-0023  -010,HIGH,098-US-0023  -000,20.828,0,0,0,1,0,0,1,0,0,0,0,0,0,1
2830,72518143,370200,2020-54589,20200616,1300,,KY80,,,KY0080,KY0080,,,,N,N,NULL,NULL,NULL,N,NULL,NULL,NULL,NULL,NULL,NULL,1.071,NULL,NULL,NULL,NULL,,NULL,0,0,2,2,N,N,55,NULL,98,9802,NULL,,Y,37.32801,-82.36772,N,NULL,NULL,NULL,NULL,NULL,NULL,NULL,NULL,7,3,2,6,1,1,2,2,7,3,N,NULL,Y,N,1301,1348,1515,N,NULL,54,7,5,N,,N,N,,NULL,NULL,2020,O,7.25E+11,098-KY-0080  -000,HIGH,098-KY-0080  -000,1.071,0,1,0,0,0,0,0,0,0,0,0,1,0,0
2831,72504585,KSP0900,20-18914,20200520,1719,,KY197,,,KY0197,KY0197,0,098 KY-197,KY0197,N,N,NULL,NULL,NULL,N,NULL,NULL,NULL,NULL,NULL,NULL,2.342,NULL,NULL,NULL,NULL,,NULL,1,0,1,1,N,N,55,NULL,98,9802,10,S,N,37.22462,-82.53421,N,NULL,NULL,NULL,NULL,NULL,NULL,NULL,NULL,9,5,2,6,1,5,3,2,6,3,Y,NULL,Y,Y,1720,1742,,N,NULL,44,7,0,N,,N,N,098-KY-0197-0,NULL,NULL,2020,C,7.25E+11,098-KY-0197  -000,HIGH,098-KY-0197  -000,2.342,0,0,0,0,0,0,0,0,0,0,0,1,0,0
2832,72534837,KSP0900,20-660000,20200821,1134,,KY199,,,KY0199,KY0199,0,098 KY-199,KY0199,N,N,NULL,NULL,NULL,N,NULL,NULL,NULL,NULL,NULL,NULL,11.156,NULL,NULL,NULL,NULL,,NULL,1,0,2,2,N,N,35,NULL,98,9851,NULL,,Y,37.59562,-82.27446,N,NULL,NULL,NULL,NULL,NULL,NULL,NULL,NULL,1,3,2,1,1,5,6,2,7,3,Y,NULL,Y,N,1134,1331,1345,N,NULL,55,7,0,N,,N,N,098-KY-0199-0,NULL,NULL,2020,C,7.25E+11,098-KY-0199  -000,HIGH,098-KY-0199  -000,11.156,0,0,0,0,0,0,1,1,0,0,0,0,0,0
2833,72766002,KSP0900,22-194943,20220526,635,,US119,,,US0119,US0119,0,098 US-119-10,US0119,N,N,NULL,NULL,NULL,N,NULL,NULL,NULL,NULL,NULL,NULL,21.719,NULL,NULL,NULL,NULL,,NULL,0,0,1,1,N,N,55,NULL,98,9836,NULL,,Y,37.62983,-82.26184,N,NULL,NULL,NULL,NULL,NULL,NULL,NULL,NULL,9,3,2,3,1,5,6,1,7,3,N,NULL,Y,N,635,700,800,N,NULL,70,2,1,N,,N,N,098-US-0119-10,NULL,NULL,2022,O,7.28E+11,098-US-0119  -010,HIGH,098-US-0119  -000,21.719,0,0,0,0,0,0,0,0,0,0,0,1,0,0
2834,72530759,KSP0900,20-645687,20200812,1009,,LITTLE ROBINSON CREEK,,RD,KY3415,KY3415,0,098 KY-3415,KY3415,N,N,NULL,NULL,NULL,N,NULL,NULL,NULL,NULL,NULL,NULL,2.275,NULL,NULL,NULL,NULL,,NULL,0,0,2,2,N,N,45,NULL,98,9823,3,E,N,37.3703,-82.62102,N,NULL,NULL,NULL,NULL,NULL,NULL,NULL,NULL,2,3,2,6,1,1,2,2,6,3,N,NULL,Y,N,1048,1107,,N,NULL,56,9,0,N,,N,N,098-KY-3415-0,NULL,NULL,2020,O,7.25E+11,098-KY-3415  -000,HIGH,098-KY-3415  -000,2.275,0,1,0,0,0,0,0,0,0,0,0,0,0,0
2835,72518631,980100,2.02E+11,20200630,1050,,US23,,,US0023,US0023,,,,N,N,NULL,NULL,NULL,N,NULL,NULL,NULL,NULL,NULL,NULL,22.274,NULL,NULL,NULL,NULL,,NULL,0,0,2,2,N,N,55,NULL,98,9801,NULL,,Y,37.46111,-82.51691,N,NULL,NULL,NULL,NULL,NULL,NULL,NULL,NULL,8,3,4,3,1,1,3,2,7,3,N,NULL,Y,N,1051,1058,,N,NULL,53,,1,N,,N,N,,NULL,NULL,2020,O,7.25E+11,098-US-0023  -010,MEDIUM,098-US-0023  -000,22.274,0,0,0,0,0,0,0,0,0,0,0,1,0,1
2836,72744269,KSP0900,22-100296,20220319,1531,,KY194,,,KY0194,KY0194,0,098 KY-194,KY0194,N,N,NULL,NULL,NULL,N,NULL,NULL,NULL,NULL,NULL,NULL,12.062,NULL,NULL,NULL,NULL,,NULL,2,0,1,1,N,N,55,NULL,98,9820,NULL,,Y,37.59452,-82.50043,N,NULL,NULL,NULL,NULL,NULL,NULL,NULL,NULL,9,3,2,6,1,1,2,2,7,3,Y,NULL,Y,Y,1531,1626,1700,N,NULL,70,7,0,N,,N,N,098-KY-0194-0,NULL,NULL,2022,B,7.27E+11,098-KY-0194  -000,HIGH,098-KY-0194  -000,12.062,1,0,0,0,0,0,0,0,0,0,0,1,0,0
2837,72573380,980100,2.02E+11,20201209,1608,,MAYO,S,TRL,US0023,US0023,0,098 US-23-10,US0023,N,N,NULL,NULL,NULL,N,NULL,NULL,NULL,NULL,NULL,NULL,22.296,NULL,NULL,NULL,NULL,,NULL,0,0,2,2,N,N,55,NULL,98,9801,NULL,,Y,37.46141,-82.51699,N,NULL,NULL,NULL,NULL,NULL,NULL,NULL,NULL,8,3,4,6,1,1,3,2,7,3,N,NULL,Y,N,1608,1608,1608,N,NULL,53,,1,N,,N,N,098-US-0023-10,NULL,NULL,2020,O,7.26E+11,098-US-0023  -010,HIGH,098-US-0023  -000,22.296,0,0,0,0,0,0,1,0,0,0,0,1,0,1
2838,72698284,980100,2.02E+11,20211116,1111,,BYPASS,S,RD,KY1426,KY1426,0,098 KY-1426,KY1426,N,N,NULL,NULL,NULL,N,NULL,NULL,NULL,NULL,NULL,NULL,5.631,NULL,NULL,NULL,NULL,,NULL,0,0,2,2,N,N,35,NULL,98,9801,NULL,,Y,37.47263,-82.52343,N,NULL,NULL,NULL,NULL,NULL,NULL,NULL,NULL,5,3,2,6,1,1,2,2,7,3,N,NULL,Y,N,1112,1116,1118,N,NULL,49,,0,N,,N,N,098-KY-1426-0,NULL,NULL,2021,O,7.27E+11,098-KY-1426  -000,HIGH,098-KY-1426  -000,5.631,0,0,0,0,0,0,0,0,0,0,0,0,0,1
2839,72569747,980100,2.02E+11,20201127,219,,US23,,,US0023,US0023,0,098 US-23,US0023,N,N,NULL,NULL,NULL,N,NULL,NULL,NULL,NULL,NULL,NULL,19.363,NULL,NULL,NULL,NULL,,NULL,0,0,1,1,N,N,55,NULL,98,9801,NULL,,Y,37.44547,-82.50462,N,NULL,NULL,NULL,NULL,NULL,NULL,NULL,NULL,9,3,4,6,1,1,2,6,1,3,N,NULL,Y,N,219,226,226,N,NULL,38,,1,N,,N,N,098-US-0023-0,NULL,NULL,2020,O,7.26E+11,098-US-0023  -000,HIGH,098-US-0023  -000,19.363,0,0,0,0,0,0,0,0,0,0,0,0,0,1
2840,72713285,980100,2.02E+11,20211223,1157,,THOMPSON,,RD,,,0,098 CS-1215,CS1215,N,N,NULL,NULL,NULL,N,NULL,NULL,NULL,NULL,NULL,NULL,0.429,NULL,NULL,NULL,NULL,,NULL,0,0,2,2,N,N,35,NULL,98,9801,NULL,,Y,37.50637,-82.54488,N,NULL,NULL,NULL,NULL,NULL,NULL,NULL,NULL,1,3,3,6,1,1,2,2,7,3,N,NULL,Y,N,1157,1203,1220,N,NULL,55,,,N,,N,N,098-CS-1215-0,NULL,NULL,2021,O,7.27E+11,098-CS-1215  -000,HIGH,098-CS-1215  -000,0.429,0,0,0,0,0,0,1,0,0,0,0,0,0,1
2841,72602123,KSP0900,21-91180,20210307,1514,,KY292,,,KY0292,KY0292,0,098 KY-292,KY0292,N,N,NULL,NULL,NULL,N,NULL,NULL,NULL,NULL,NULL,NULL,0.899,NULL,NULL,NULL,NULL,,NULL,3,0,2,2,N,N,45,NULL,98,9869,NULL,,Y,37.63803,-82.2185,N,NULL,NULL,NULL,NULL,NULL,NULL,NULL,NULL,5,3,2,3,1,1,2,2,7,3,N,NULL,Y,Y,1517,1527,1642,N,NULL,49,8,0,N,,N,N,098-KY-0292-0,NULL,NULL,2021,C,7.26E+11,098-KY-0292  -000,HIGH,098-KY-0292  -000,0.899,0,0,0,0,0,0,1,0,0,0,0,0,0,0
2842,72490779,980100,2.02E+11,20200311,616,,CHLOE,,RD,KY1460,KY1460,0,098 KY-1460,KY1460,N,N,NULL,NULL,NULL,N,NULL,NULL,NULL,NULL,NULL,NULL,3.266,NULL,NULL,NULL,NULL,,NULL,0,0,1,1,N,N,35,NULL,98,9801,NULL,,Y,37.47409,-82.48507,N,NULL,NULL,NULL,NULL,NULL,NULL,NULL,NULL,9,4,2,3,1,5,6,2,1,3,N,NULL,Y,N,616,621,621,N,NULL,44,,0,N,,N,N,098-KY-1460-0,NULL,NULL,2020,O,7.25E+11,098-KY-1460  -000,HIGH,098-KY-1460  -000,3.266,0,0,0,0,0,0,0,0,0,0,0,1,0,1
2843,72424315,KSP0900,19-41108,20191019,910,,US460,,,US0460,US0460,0,098 US-460,US0460,N,N,NULL,NULL,NULL,N,NULL,NULL,NULL,NULL,NULL,NULL,7.916,NULL,NULL,NULL,NULL,,NULL,1,0,1,1,N,N,45,NULL,98,9801,5,SE,N,37.37973,-82.43401,N,NULL,NULL,NULL,NULL,NULL,NULL,NULL,NULL,9,4,2,6,1,1,2,2,7,3,N,NULL,Y,N,910,940,1004,Y,NULL,44,,1,N,,N,N,098-US-0460-0,NULL,NULL,2019,C,7.24E+11,098-US-0460  -000,HIGH,098-US-0460  -000,7.916,0,0,0,0,0,0,0,0,0,0,0,1,0,0
2844,72740130,KSP0900,22-90280,20220312,530,,US23,,,US0023,US0023,0,098 US-23,US0023,N,N,NULL,NULL,NULL,N,NULL,NULL,NULL,NULL,NULL,NULL,11.669,NULL,NULL,NULL,NULL,,NULL,0,0,2,2,N,N,55,NULL,98,9827,NULL,,Y,37.35851,-82.55486,N,NULL,NULL,NULL,NULL,NULL,NULL,NULL,NULL,5,3,4,4,1,4,9,7,7,3,N,NULL,Y,N,533,720,830,N,NULL,49,,1,N,,N,N,098-US-0023-0,NULL,NULL,2022,O,7.27E+11,098-US-0023  -000,HIGH,098-US-0023  -000,11.669,0,0,1,0,0,0,0,0,0,0,0,0,0,0
2845,72469112,980100,2.02E+11,20200128,1358,,CASSIDY,,BLVD,,,0,098 CS-1191,CS1191,Y,N,NULL,NULL,NULL,N,NULL,NULL,NULL,NULL,NULL,NULL,0.064,NULL,NULL,NULL,NULL,,NULL,0,0,2,2,N,N,,NULL,98,9801,NULL,,Y,37.50367,-82.53318,N,NULL,NULL,NULL,NULL,NULL,NULL,NULL,NULL,1,97,1,6,1,1,3,2,1,3,N,NULL,Y,N,1358,1359,1359,N,NULL,90,,,N,,N,N,098-CS-1191-0,NULL,NULL,2020,O,7.25E+11,098-CS-1191  -000,HIGH,098-CS-1191  -000,0.064,0,0,0,1,0,0,0,0,0,0,0,0,0,1