OBJECTID,MasterFile,AgencyORINumber,LocalCode,CollisionDate,CollisionTime,CollisionDayWeekCode,RoadwayName,RoadwayName_Direction_,RoadwayName_RoadwaySuffix_,RoadwayfromReport,CurrentRoadwayNumber,RoadwayNumberCoupletID,RSEUniqueGIS,RoadwayIdentifier,ParkingLotIndicator,IntersectionWith_Indicator_,IntersectionWith_NameRoadway_,IntersectionWith_Direction_,IntersectionWith_RoadwaySuffix_,BetweenStreets_Indicator_,BetweenStreets1_NameRoadway_,BetweenStreet1_Direction_,BetweenStreets1_RoadwaySuffix_,BetweenStreets2_NameRoadway_,BetweenStreets2_Direction_,BetweenStreets2_RoadwaySuffix_,Milepoint,ReportMilepointDeriveNumber,CurrentDerivedMiepointNumber,MilestoMilepoint,FeettoMilepoint,DirectionfromMilepoint_NSEW_,ValidMilepointIndicator,NumberInjured,NumberKilled,ofUnits,ofMotorVehicleUnits,Hit&RunIndicator,OneWayIndicator,SpeedLimitNumber,KilometersIndicator,CountyCode,CityCountyCode,MilesFromCity,DirectionFromCity_NSEW_,InCityLimitsIndicator,Latitude,Longitude,RampIndicator,RampFromIdentifier,RampFromDirCode,RampFromCoupletID,RSEUniqueGISRampFrom,RampToidentifier,RampToDirCode,RampToCoupletID,RSEUniqueGisRampTo,MannerofCollisionCode,LocationFirstEventCode,TotalLanes,RoadwayCharacterCode,RoadwaySurfaceCode,RoadwayConditionCode,WeatherCode,LightConditionCode,LandUseCode,SchoolBusRelatedCode,FirstAidSceneIndicator,CollDescPresentInd,InvestigationCompleteIndicator,PhotosTakenIndicator,TimeNotified,TimeArrived,TimeRoadwayOpened,PropertyDamageIndicator,DiagramPresentIndicator,DirectionalAnalysis,FunctionClassCode,NationalHwySysCode,EnforcementsIndicator,KARSCityCode,SecondaryCollisionIndicator,MedianCrossoverIndicator,RT_UNIQUE,MapIt,TimeLastLeft,YR,KABCO,MFNY,WorkingRID,RT_CONFIDENCE,KTC_RT,KTC_MP,Motorcyclist,Commercial Vehicle,Young Driver,Mature Driver,Pedestrian,Bicyclist,Distracted,Aggressive,Impaired,Unrestrained,Intersection,Roadway Departure,Median Cross-over,City Crash
2846,72832733,980100,2.02E+11,20221116,855,,BYPASS,,RD,,,0,098 CS-1223,CS1223,Y,N,NULL,NULL,NULL,N,NULL,NULL,NULL,NULL,NULL,NULL,,NULL,NULL,NULL,NULL,NULL,NULL,0,0,2,2,N,N,15,NULL,98,9801,NULL,,Y,37.47128,-82.52117,N,NULL,NULL,NULL,NULL,NULL,NULL,NULL,NULL,1,97,1,6,2,1,3,2,1,3,N,NULL,Y,N,855,922,922,N,NULL,90,,,N,,N,N,098-CS-1223-0,NULL,NULL,2022,O,7.28E+11,098-CS-1223  -000,HIGH,098-CS-1223  -000,0.136,0,0,0,1,0,0,0,0,0,0,0,0,0,1
2847,72661328,KSP0900,21-345226,20210819,801,,KY3174,,,KY3174,KY3174,0,098 KY-3174,KY3174,N,N,NULL,NULL,NULL,N,NULL,NULL,NULL,NULL,NULL,NULL,0.582,NULL,NULL,NULL,NULL,,NULL,0,0,1,1,N,N,55,NULL,98,9801,NULL,,Y,37.39266,-82.52114,N,NULL,NULL,NULL,NULL,NULL,NULL,NULL,NULL,9,3,4,6,1,5,6,2,7,3,N,NULL,Y,N,801,846,846,N,NULL,70,,0,N,,N,N,098-KY-3174-0,NULL,NULL,2021,O,7.27E+11,098-KY-3174  -000,HIGH,098-KY-3174  -000,0.582,0,0,0,0,0,0,0,0,0,0,0,1,0,0
2848,72662423,980500,2021AR033,20210824,1540,,CHURCH,,ST,,,0,098 CS-3002,CS3002,N,N,NULL,NULL,NULL,N,NULL,NULL,NULL,NULL,NULL,NULL,,NULL,NULL,NULL,NULL,NULL,NULL,0,0,2,2,N,N,25,NULL,98,9807,NULL,,Y,37.51724,-82.56623,N,NULL,NULL,NULL,NULL,NULL,NULL,NULL,NULL,2,3,2,6,1,1,2,2,7,3,N,NULL,Y,Y,1542,1543,1550,N,NULL,56,,,N,,N,N,098-CS-3002-0,NULL,NULL,2021,O,7.27E+11,098-CS-3002  -000,HIGH,098-CS-3002  -000,0.212,0,0,0,1,0,0,1,0,0,0,0,0,0,0
2849,72510376,980100,2.02E+11,20200612,1248,,BAIRD,,AVE,KY1426,KY1426,,,,Y,N,NULL,NULL,NULL,N,NULL,NULL,NULL,NULL,NULL,NULL,5.401,NULL,NULL,NULL,NULL,,NULL,0,0,1,1,N,N,,NULL,98,9801,NULL,,Y,37.47318,-82.52709,N,NULL,NULL,NULL,NULL,NULL,NULL,NULL,NULL,9,97,,6,1,1,2,2,1,3,N,NULL,Y,N,1248,1255,,Y,NULL,90,,0,N,,N,N,,NULL,NULL,2020,O,7.25E+11,098-KY-1426  -000,HIGH,098-KY-1426  -000,5.401,0,0,1,0,0,0,0,0,0,0,0,1,0,1
2850,72743908,980100,2.02E+11,20220311,1932,,JOHNSON,,ST,,,0,098 CS-1007,CS1007,N,N,NULL,NULL,NULL,N,NULL,NULL,NULL,NULL,NULL,NULL,0.025,NULL,NULL,NULL,NULL,,NULL,0,0,2,2,N,N,15,NULL,98,9801,NULL,,Y,37.44373,-82.525,N,NULL,NULL,NULL,NULL,NULL,NULL,NULL,NULL,2,97,1,6,1,1,2,4,1,3,N,NULL,Y,N,1932,1940,,N,NULL,56,,,N,,N,N,098-CS-1007-0,NULL,NULL,2022,O,7.27E+11,098-CS-1007  -000,HIGH,098-CS-1007  -000,0.025,0,0,0,0,0,0,1,0,0,0,0,0,0,1
2851,72508513,980100,2.02E+11,20200602,1400,,KY1426,,,KY1426,KY1426,0,098 KY-1426,KY1426,N,N,NULL,NULL,NULL,N,NULL,NULL,NULL,NULL,NULL,NULL,7.255,NULL,NULL,NULL,NULL,,NULL,0,0,1,1,N,N,55,NULL,98,9801,NULL,,Y,37.48933,-82.50453,N,NULL,NULL,NULL,NULL,NULL,NULL,NULL,NULL,9,5,2,6,1,1,2,2,7,3,N,NULL,Y,N,1411,1414,1414,N,NULL,44,,0,N,,N,N,098-KY-1426-0,NULL,NULL,2020,O,7.25E+11,098-KY-1426  -000,HIGH,098-KY-1426  -000,7.255,0,0,0,0,0,0,0,0,0,0,0,1,0,1
2852,72837393,KSP0900,22-462744,20221203,1834,,CHURCH HOUSE,,HOLW,,,0,098 CR-1072,CR1072,N,N,NULL,NULL,NULL,N,NULL,NULL,NULL,NULL,NULL,NULL,0.137,NULL,NULL,NULL,NULL,,NULL,0,0,1,1,N,N,10,NULL,98,9836,NULL,,Y,37.62807,-82.26093,N,NULL,NULL,NULL,NULL,NULL,NULL,NULL,NULL,9,5,1,6,1,5,2,6,7,3,N,NULL,N,N,1834,1841,1930,N,NULL,44,,,N,,N,N,098-CR-1072-0,NULL,NULL,2022,O,7.28E+11,098-CR-1072  -000,HIGH,098-CR-1072  -000,0.137,0,0,0,0,0,0,0,0,0,0,0,1,0,0
2853,72778823,980000,22-07001,20220630,2300,,US460,,,US0460,US0460,0,098 US-460,US0460,N,N,NULL,NULL,NULL,N,NULL,NULL,NULL,NULL,NULL,NULL,13.304,NULL,NULL,NULL,NULL,,NULL,1,0,1,1,N,N,55,NULL,98,9805,NULL,,Y,37.33351,-82.38868,N,NULL,NULL,NULL,NULL,NULL,NULL,NULL,NULL,9,4,2,1,1,1,2,6,7,3,Y,NULL,Y,N,2300,2335,2359,N,NULL,51,,1,Y,,N,N,098-US-0460-0,NULL,NULL,2022,B,7.28E+11,098-US-0460  -000,HIGH,098-US-0460  -000,13.304,0,0,0,0,0,0,0,0,1,1,0,1,0,0
2854,72767094,KSP0900,22-191904,20220524,644,,DORTON-JENKINS,,HWY,KY0805,KY0805,0,098 KY-805,KY0805,N,N,NULL,NULL,NULL,N,NULL,NULL,NULL,NULL,NULL,NULL,2.614,NULL,NULL,NULL,NULL,,NULL,0,0,2,2,N,N,55,NULL,98,9809,NULL,,Y,37.22686,-82.56757,N,NULL,NULL,NULL,NULL,NULL,NULL,NULL,NULL,2,3,2,4,1,1,2,2,7,3,N,NULL,Y,N,644,839,855,N,NULL,56,7,0,N,,N,N,098-KY-0805-0,NULL,NULL,2022,O,7.28E+11,098-KY-0805  -000,HIGH,098-KY-0805  -000,2.614,0,1,0,0,0,0,0,0,0,0,0,0,0,0
2855,72503638,980100,2.02E+11,20200522,937,,US23,,,US0023,US0023,,,,Y,N,NULL,NULL,NULL,N,NULL,NULL,NULL,NULL,NULL,NULL,19.136,NULL,NULL,NULL,NULL,,NULL,0,0,2,2,N,N,15,NULL,98,9801,NULL,,Y,37.44211,-82.50502,N,NULL,NULL,NULL,NULL,NULL,NULL,NULL,NULL,2,97,1,6,1,1,3,2,6,3,N,NULL,Y,N,937,952,952,N,NULL,90,,1,N,,N,N,,NULL,NULL,2020,O,7.25E+11,098-US-0023  -000,MEDIUM,098-US-0023  -000,19.136,0,0,0,0,0,0,1,0,0,0,0,0,0,1
2856,72767577,980100,2.02E+11,20220531,557,,BYPASS ROAD,,,,,,,,Y,N,NULL,NULL,NULL,N,NULL,NULL,NULL,NULL,NULL,NULL,,NULL,NULL,NULL,NULL,NULL,NULL,0,0,2,2,N,N,15,NULL,98,9801,NULL,,Y,37.47282,-82.5227,N,NULL,NULL,NULL,NULL,NULL,NULL,NULL,NULL,7,97,,6,2,1,2,2,5,3,N,NULL,Y,N,559,605,605,N,NULL,90,,,N,,N,N,,NULL,NULL,2022,O,7.28E+11,098-CS-1223  -000,MEDIUM,098-CS-1223  -000,0,0,0,0,0,0,0,0,0,0,0,0,0,0,1
2857,72404423,KSP0900,19-34014,20190901,938,,KY194,,,KY0194,KY0194,0,098 KY-194,KY0194,N,N,NULL,NULL,NULL,N,NULL,NULL,NULL,NULL,NULL,NULL,27.152,NULL,NULL,NULL,NULL,,NULL,0,0,1,1,N,N,55,NULL,98,9817,NULL,,Y,37.49092,-82.35107,N,NULL,NULL,NULL,NULL,NULL,NULL,NULL,NULL,9,3,2,6,1,1,2,2,7,3,N,NULL,Y,N,938,1015,1015,N,NULL,38,7,0,N,,N,N,098-KY-0194-0,NULL,NULL,2019,O,7.24E+11,098-KY-0194  -000,HIGH,098-KY-0194  -000,27.152,0,0,0,1,0,0,0,0,0,0,0,0,0,0
2858,72614832,980100,2.02E+11,20210417,1705,,MAYO,N,TRL,US0023,US0023,0,098 US-23-10,US0023,N,N,NULL,NULL,NULL,N,NULL,NULL,NULL,NULL,NULL,NULL,31.792,NULL,NULL,NULL,NULL,,NULL,0,0,2,2,N,N,55,NULL,98,9801,NULL,,Y,37.53728,-82.60504,N,NULL,NULL,NULL,NULL,NULL,NULL,NULL,NULL,1,3,4,6,1,1,3,2,7,3,N,NULL,Y,N,1705,1719,1719,N,NULL,55,,1,N,,N,N,098-US-0023-10,NULL,NULL,2021,O,7.26E+11,098-US-0023  -010,HIGH,098-US-0023  -000,31.792,0,0,0,1,0,0,1,1,0,0,0,0,0,1
2859,72740983,KSP0900,22-38861,20220201,1334,,US119,,,US0119,US0119,0,098 US-119,US0119,N,N,NULL,NULL,NULL,N,NULL,NULL,NULL,NULL,NULL,NULL,24.754,NULL,NULL,NULL,NULL,,NULL,0,0,2,2,N,N,40,NULL,98,9834,NULL,,Y,37.66544,-82.27435,N,NULL,NULL,NULL,NULL,NULL,NULL,NULL,NULL,1,3,4,6,1,1,2,2,7,3,N,NULL,Y,N,1340,1345,1334,N,NULL,55,2,1,N,,N,N,098-US-0119-0,NULL,NULL,2022,O,7.27E+11,098-US-0119  -000,HIGH,098-US-0119  -000,24.754,0,0,0,0,0,0,0,0,0,0,0,0,0,0
2860,72533075,980100,2.02E+11,20200812,1540,,OWSLEY,,RD,KY1384,KY1384,0,098 KY-1384,KY1384,N,N,NULL,NULL,NULL,N,NULL,NULL,NULL,NULL,NULL,NULL,7.378,NULL,NULL,NULL,NULL,NULL,NULL,0,0,2,2,N,N,45,NULL,98,9801,NULL,,Y,37.48167,-82.53328,N,NULL,NULL,NULL,NULL,NULL,NULL,NULL,NULL,1,3,4,6,1,1,2,2,6,3,N,NULL,Y,N,1540,1546,1546,N,NULL,55,16,0,N,,N,N,098-KY-1384-0,NULL,NULL,2020,O,7.25E+11,098-KY-1384  -000,HIGH,098-KY-1384  -000,7.378,0,0,0,1,0,0,1,1,0,0,0,0,0,1
2861,72734904,KSP0900,22-69961,20220225,1643,,ELKHORN,,CRK,KY0197,KY0197,0,098 KY-197,KY0197,N,N,NULL,NULL,NULL,N,NULL,NULL,NULL,NULL,NULL,NULL,4.293,NULL,NULL,NULL,NULL,,NULL,1,0,1,1,N,N,55,NULL,98,9867,NULL,,Y,37.23916,-82.51476,N,NULL,NULL,NULL,NULL,NULL,NULL,NULL,NULL,9,3,2,6,1,1,3,2,7,3,N,NULL,Y,Y,1643,1712,1800,N,NULL,44,7,0,N,,N,N,098-KY-0197-0,NULL,NULL,2022,B,7.27E+11,098-KY-0197  -000,HIGH,098-KY-0197  -000,4.293,0,0,0,1,0,0,0,0,0,0,0,1,0,0
2862,72774376,KSP0900,22-231470,20220619,1644,,WILLIAMSON,,RD,KY0292,KY0292,0,098 KY-292,KY0292,N,N,NULL,NULL,NULL,N,NULL,NULL,NULL,NULL,NULL,NULL,8.335,NULL,NULL,NULL,NULL,,NULL,0,0,1,1,N,N,45,NULL,98,9834,NULL,,Y,37.69183,-82.30356,N,NULL,NULL,NULL,NULL,NULL,NULL,NULL,NULL,9,5,2,3,1,1,2,2,7,3,N,NULL,Y,N,1648,1715,1715,N,NULL,44,7,0,N,,N,N,098-KY-0292-0,NULL,NULL,2022,O,7.28E+11,098-KY-0292  -000,HIGH,098-KY-0292  -000,8.335,0,0,1,0,0,0,1,0,0,0,0,1,0,0
2863,72644510,980100,2.02E+11,20210706,57,,KY3496,,,KY3496,KY3496,0,098 KY-3496,KY3496,Y,N,NULL,NULL,NULL,N,NULL,NULL,NULL,NULL,NULL,NULL,0.156,NULL,NULL,NULL,NULL,,NULL,0,0,1,1,N,N,15,NULL,98,9801,NULL,,Y,37.4662,-82.5305,N,NULL,NULL,NULL,NULL,NULL,NULL,NULL,NULL,9,97,2,6,1,1,3,7,1,3,N,NULL,Y,Y,57,57,,Y,NULL,90,16,0,N,,N,N,098-KY-3496-0,NULL,NULL,2021,O,7.26E+11,098-KY-3496  -000,HIGH,098-KY-3496  -000,0.156,0,0,0,0,0,0,0,0,0,1,0,0,0,1
2864,72726151,980100,2.02E+11,20220124,1115,,KILGORE,,LN,,,0,098 CS-1105,CS1105,Y,N,NULL,NULL,NULL,N,NULL,NULL,NULL,NULL,NULL,NULL,0.061,NULL,NULL,NULL,NULL,,NULL,0,0,2,2,N,N,,NULL,98,9801,NULL,,Y,37.47523,-82.522,N,NULL,NULL,NULL,NULL,NULL,NULL,NULL,NULL,2,97,,6,1,1,3,2,8,3,N,NULL,Y,N,1115,1125,,N,NULL,90,,,N,,N,N,098-CS-1105-0,NULL,NULL,2022,O,7.27E+11,098-CS-1105  -000,HIGH,098-CS-1105  -000,0.061,0,0,0,1,0,0,1,0,0,0,0,0,0,1
2865,72822524,980100,2.02E+11,20221029,1115,,ADAMS,,LN,,,0,098 CS-1182,CS1182,Y,N,NULL,NULL,NULL,N,NULL,NULL,NULL,NULL,NULL,NULL,0.226,NULL,NULL,NULL,NULL,,NULL,0,0,2,2,N,N,,NULL,98,9801,NULL,,Y,37.48525,-82.54436,N,NULL,NULL,NULL,NULL,NULL,NULL,NULL,NULL,1,97,,6,3,1,2,2,5,3,N,NULL,Y,N,1116,1116,1116,N,NULL,90,,,N,,N,N,098-CS-1182-0,NULL,NULL,2022,O,7.28E+11,098-CS-1182  -000,HIGH,098-CS-1182  -000,0.226,0,0,0,1,0,0,1,0,0,0,0,0,0,0
2866,72527343,KSP0900,20-629681,20200802,13,,WILLOW TREE,,HOLW,,,0,098 CR-1234,CR1234,N,N,NULL,NULL,NULL,N,NULL,NULL,NULL,NULL,NULL,NULL,,NULL,NULL,NULL,NULL,,NULL,0,0,1,1,N,N,5,NULL,98,9830,NULL,,Y,37.35884,-82.42325,N,NULL,NULL,NULL,NULL,NULL,NULL,NULL,NULL,9,97,1,4,97,5,2,6,7,3,N,NULL,Y,N,16,29,,N,NULL,40,,,N,,N,N,098-CR-1234-0,NULL,NULL,2020,O,7.25E+11,098-CR-1234  -000,HIGH,098-CR-1234  -000,0.138,0,0,0,0,0,0,0,0,0,0,0,1,0,0
2867,72561463,980100,2.02E+11,20201106,652,,BYPASS,S,RD,KY1426,KY1426,0,098 KY-1426,KY1426,N,N,NULL,NULL,NULL,N,NULL,NULL,NULL,NULL,NULL,NULL,5.613,NULL,NULL,NULL,NULL,,NULL,0,0,2,2,N,N,15,NULL,98,9801,NULL,,Y,37.47252,-82.52423,N,NULL,NULL,NULL,NULL,NULL,NULL,NULL,NULL,3,3,2,4,1,1,3,2,1,3,N,NULL,Y,N,652,656,,N,NULL,52,,0,N,,N,N,098-KY-1426-0,NULL,NULL,2020,O,7.26E+11,098-KY-1426  -000,HIGH,098-KY-1426  -000,5.613,0,0,0,0,0,0,1,1,0,0,0,1,0,1
2868,72579234,980100,2.02E+11,20201224,2357,,MAYO,S,TRL,US0023,US0023,0,098 US-23-10,US0023,N,N,NULL,NULL,NULL,N,NULL,NULL,NULL,NULL,NULL,NULL,21.762,NULL,NULL,NULL,NULL,,NULL,1,0,1,1,N,N,55,NULL,98,9801,NULL,,Y,37.45485,-82.52079,N,NULL,NULL,NULL,NULL,NULL,NULL,NULL,NULL,9,3,4,6,1,4,9,5,1,3,N,NULL,Y,Y,2357,7,48,Y,NULL,40,,1,Y,,N,N,098-US-0023-10,NULL,NULL,2020,B,7.26E+11,098-US-0023  -010,HIGH,098-US-0023  -000,21.762,0,0,0,0,0,0,0,0,1,1,0,1,0,1
2869,72736553,980100,2.02E+11,20220228,228,,MAYO,S,TRL,US0023,US0023,0,098 US-23-10,US0023,N,N,NULL,NULL,NULL,N,NULL,NULL,NULL,NULL,NULL,NULL,19.588,NULL,NULL,NULL,NULL,,NULL,1,0,2,2,N,N,55,NULL,98,9801,NULL,,Y,37.4486,-82.50562,N,NULL,NULL,NULL,NULL,NULL,NULL,NULL,NULL,4,3,4,3,1,1,2,5,1,3,Y,NULL,N,Y,228,233,335,N,NULL,70,,1,Y,,N,N,098-US-0023-10,NULL,NULL,2022,B,7.27E+11,098-US-0023  -010,HIGH,098-US-0023  -000,19.588,0,0,0,0,0,0,1,1,0,0,0,0,0,1
2870,72523481,KSP0900,20-609595,20200720,1045,,BONES,,BR,,,0,098 CR-1834,CR1834,N,N,NULL,NULL,NULL,N,NULL,NULL,NULL,NULL,NULL,NULL,0.45,NULL,NULL,NULL,NULL,,NULL,0,0,2,2,N,N,35,NULL,98,9804,NULL,,Y,37.51485,-82.14075,N,NULL,NULL,NULL,NULL,NULL,NULL,NULL,NULL,1,3,1,3,3,1,2,2,7,3,N,NULL,N,N,1045,1050,1100,N,NULL,55,,,N,,N,N,098-CR-1834-0,NULL,NULL,2020,O,7.25E+11,098-CR-1834  -000,HIGH,098-CR-1834  -000,0.45,0,0,0,0,0,0,0,0,0,0,0,0,0,0
2871,72561461,980500,2020AR060,20201105,930,,MAYO,N,TRL,US0023,US0023,0,098 US-23-10,US0023,N,N,NULL,NULL,NULL,N,NULL,NULL,NULL,NULL,NULL,NULL,29.603,NULL,NULL,NULL,NULL,,NULL,0,0,2,2,N,N,55,NULL,98,9801,0.1,N,N,37.53154,-82.57711,N,NULL,NULL,NULL,NULL,NULL,NULL,NULL,NULL,5,3,5,6,1,1,2,2,1,3,N,NULL,Y,N,930,932,950,N,NULL,70,,1,N,,N,N,098-US-0023-10,NULL,NULL,2020,O,7.26E+11,098-US-0023  -010,HIGH,098-US-0023  -000,29.603,0,0,0,1,0,0,0,1,0,0,0,0,0,1
2872,72537436,980000,2008-005,20200820,1225,,SUNSHINE,,LN,,,0,098 CR-1406,CR1406,N,N,NULL,NULL,NULL,N,NULL,NULL,NULL,NULL,NULL,NULL,0.043,NULL,NULL,NULL,NULL,,NULL,0,0,2,2,N,N,45,NULL,98,9801,NULL,,Y,37.53808,-82.60677,N,NULL,NULL,NULL,NULL,NULL,NULL,NULL,NULL,5,3,2,6,1,1,2,2,7,3,N,NULL,Y,Y,1224,1225,1230,N,NULL,49,,,N,,N,N,098-CR-1406-0,NULL,NULL,2020,O,7.25E+11,098-CR-1406  -000,HIGH,098-CR-1406  -000,0.043,0,0,0,0,0,0,1,0,0,0,0,0,0,0
2873,72693092,980100,2.02E+11,20211106,1503,,THOMPSON,,RD,,,0,098 CS-1215,CS1215,N,N,NULL,NULL,NULL,N,NULL,NULL,NULL,NULL,NULL,NULL,0.095,NULL,NULL,NULL,NULL,,NULL,0,0,2,2,N,N,35,NULL,98,9801,NULL,,Y,37.50944,-82.54842,N,NULL,NULL,NULL,NULL,NULL,NULL,NULL,NULL,5,3,2,6,1,1,2,2,1,3,N,NULL,Y,N,1535,1547,1553,N,NULL,70,,,N,,N,N,098-CS-1215-0,NULL,NULL,2021,O,7.27E+11,098-CS-1215  -000,HIGH,098-CS-1215  -000,0.095,0,0,0,0,0,0,1,0,0,0,0,0,0,1
2874,72543609,KSP0900,20-702030,20200917,800,,US119,,,US0119,US0119,0,098 US-119,US0119,Y,N,NULL,NULL,NULL,N,NULL,NULL,NULL,NULL,NULL,NULL,0.512,NULL,NULL,NULL,NULL,,NULL,0,0,2,2,N,N,15,NULL,98,9801,0.5,S,N,37.50632,-82.5234,N,NULL,NULL,NULL,NULL,NULL,NULL,NULL,NULL,2,97,2,6,3,5,6,1,1,3,N,NULL,Y,N,800,824,824,N,NULL,90,2,1,N,,N,N,098-US-0119-0,NULL,NULL,2020,O,7.25E+11,098-US-0119  -000,HIGH,098-US-0119  -000,0.512,0,0,0,1,0,0,1,0,0,0,0,0,0,1
2875,72643701,980100,2.02E+11,20210628,1506,,OWSLEY,,RD,KY1384,KY1384,,,,N,N,NULL,NULL,NULL,N,NULL,NULL,NULL,NULL,NULL,NULL,7.213,NULL,NULL,NULL,NULL,,NULL,0,0,2,2,N,N,45,NULL,98,9801,NULL,,Y,37.48073,-82.53594,N,NULL,NULL,NULL,NULL,NULL,NULL,NULL,NULL,1,3,2,6,2,1,2,2,7,1,N,NULL,Y,N,1506,1511,1511,N,NULL,55,16,0,N,,N,N,,NULL,NULL,2021,O,7.26E+11,098-KY-1384  -000,HIGH,098-KY-1384  -000,7.213,1,0,0,0,0,0,1,0,0,0,0,0,0,1
2876,72567388,980100,2.02E+11,20201118,1710,,US460,,,US0460,US0460,0,098 US-460,US0460,N,N,NULL,NULL,NULL,N,NULL,NULL,NULL,NULL,NULL,NULL,0.232,NULL,NULL,NULL,NULL,,NULL,1,0,2,2,N,N,55,NULL,98,9801,NULL,,Y,37.43921,-82.50954,N,NULL,NULL,NULL,NULL,NULL,NULL,NULL,NULL,1,3,2,6,1,1,2,5,7,3,Y,NULL,Y,Y,1710,1723,1808,N,NULL,55,,1,N,,N,N,098-US-0460-0,NULL,NULL,2020,C,7.26E+11,098-US-0460  -000,HIGH,098-US-0460  -000,0.232,0,0,1,0,0,0,1,0,0,0,0,0,0,1
2877,72493326,KSP0900,20-12544,20200406,840,,WILLIAMSON,,RD,KY0292,KY0292,0,098 KY-292,KY0292,Y,N,NULL,NULL,NULL,N,NULL,NULL,NULL,NULL,NULL,NULL,,NULL,NULL,NULL,NULL,,NULL,0,0,2,2,N,N,10,NULL,98,9834,NULL,,Y,37.67503,-82.2957,N,NULL,NULL,NULL,NULL,NULL,NULL,NULL,NULL,1,97,,6,1,1,3,2,7,3,N,NULL,Y,N,845,915,930,N,NULL,90,8,0,N,,N,N,098-KY-0292-0,NULL,NULL,2020,O,7.25E+11,098-KY-0292  -000,HIGH,098-KY-0292  -000,6.498,0,0,1,0,0,0,1,0,0,0,0,0,0,0
2878,72499325,KSP0900,20-16957,20200506,1304,,VIRGIE,,RD,KY0610,KY0610,0,098 KY-610,KY0610,N,N,NULL,NULL,NULL,N,NULL,NULL,NULL,NULL,NULL,NULL,5.488,NULL,NULL,NULL,NULL,,NULL,4,0,2,2,N,N,55,NULL,98,9827,NULL,,Y,37.31511,-82.58488,N,NULL,NULL,NULL,NULL,NULL,NULL,NULL,NULL,1,3,2,6,1,5,6,2,7,3,Y,NULL,Y,Y,1305,1314,1405,N,NULL,55,7,0,N,,N,N,098-KY-0610-0,NULL,NULL,2020,C,7.25E+11,098-KY-0610  -000,HIGH,098-KY-0610  -000,5.488,0,0,1,0,0,0,1,0,0,0,0,0,0,0
2879,72505562,KSP0900,20-20140,20200528,1704,,TOLER,,RD,KY0319,KY0319,0,098 KY-319,KY0319,N,N,NULL,NULL,NULL,N,NULL,NULL,NULL,NULL,NULL,NULL,6.087,NULL,NULL,NULL,NULL,,NULL,0,0,2,2,N,N,45,NULL,98,9842,NULL,,Y,37.6329,-82.25148,N,NULL,NULL,NULL,NULL,NULL,NULL,NULL,NULL,7,3,2,6,1,1,2,2,7,3,N,NULL,Y,N,1704,1718,1718,N,NULL,47,7,0,N,,N,N,098-KY-0319-0,NULL,NULL,2020,O,7.25E+11,098-KY-0319  -000,HIGH,098-KY-0319  -000,6.087,0,0,1,0,0,0,0,0,0,0,0,0,0,0
2880,72491616,KSP0900,20-11615,20200329,1720,,COWPEN,,RD,KY2061,KY2061,0,098 KY-2061,KY2061,N,N,NULL,NULL,NULL,N,NULL,NULL,NULL,NULL,NULL,NULL,7.136,NULL,NULL,NULL,NULL,,NULL,0,0,2,2,N,N,55,NULL,98,9801,NULL,,Y,37.60191,-82.53082,N,NULL,NULL,NULL,NULL,NULL,NULL,NULL,NULL,7,3,2,6,1,1,2,2,7,3,N,NULL,N,N,1722,1757,1722,N,NULL,54,,0,N,,N,N,098-KY-2061-0,NULL,NULL,2020,O,7.25E+11,098-KY-2061  -000,HIGH,098-KY-2061  -000,7.136,0,0,0,0,0,0,0,0,0,0,0,1,0,0
2881,72685968,980100,2.02E+11,20211021,742,,HAMBLEY,,BLVD,,,0,098 CS-1222,CS1222,N,N,NULL,NULL,NULL,N,NULL,NULL,NULL,NULL,NULL,NULL,0.243,NULL,NULL,NULL,NULL,,NULL,0,0,2,2,N,N,25,NULL,98,9801,NULL,,Y,37.47557,-82.52339,N,NULL,NULL,NULL,NULL,NULL,NULL,NULL,NULL,5,3,3,6,1,1,2,2,7,3,N,NULL,Y,N,745,750,750,N,NULL,49,,,N,,N,N,098-CS-1222-0,NULL,NULL,2021,O,7.27E+11,098-CS-1222  -000,HIGH,098-CS-1222  -000,0.243,0,0,1,0,0,0,0,0,0,0,0,0,0,1
2882,72647351,KSP0900,21-287306,20210711,830,,PAW PAW,,CRK,,,,,,N,N,NULL,NULL,NULL,N,NULL,NULL,NULL,NULL,NULL,NULL,0.207,NULL,NULL,NULL,NULL,,NULL,1,0,2,2,N,N,35,NULL,98,9860,NULL,,Y,37.43481,-82.11442,N,NULL,NULL,NULL,NULL,NULL,NULL,NULL,NULL,3,3,1,3,1,5,6,3,7,3,Y,NULL,Y,Y,830,925,955,N,NULL,52,,,N,,N,N,,NULL,NULL,2021,C,7.26E+11,098-CR-1115  -000,MEDIUM,098-CR-1115  -000,0.207,0,0,0,0,0,0,1,0,0,1,0,1,0,0
2883,72575160,980100,2.02E+11,20201214,1342,,MAIN,,ST,,,,,,N,N,NULL,NULL,NULL,N,NULL,NULL,NULL,NULL,NULL,NULL,0.023,NULL,NULL,NULL,NULL,,NULL,0,0,1,1,N,Y,15,NULL,98,9801,NULL,,Y,37.47801,-82.51836,N,NULL,NULL,NULL,NULL,NULL,NULL,NULL,NULL,9,6,1,6,1,5,3,2,1,3,N,NULL,N,N,1342,1356,1413,N,NULL,51,,,N,,N,N,,NULL,NULL,2020,O,7.26E+11,098-CS-1112  -000,MEDIUM,098-CS-1112  -000,0.023,0,0,0,0,0,0,1,0,0,0,0,1,0,1