OBJECTID,MasterFile,AgencyORINumber,LocalCode,CollisionDate,CollisionTime,CollisionDayWeekCode,RoadwayName,RoadwayName_Direction_,RoadwayName_RoadwaySuffix_,RoadwayfromReport,CurrentRoadwayNumber,RoadwayNumberCoupletID,RSEUniqueGIS,RoadwayIdentifier,ParkingLotIndicator,IntersectionWith_Indicator_,IntersectionWith_NameRoadway_,IntersectionWith_Direction_,IntersectionWith_RoadwaySuffix_,BetweenStreets_Indicator_,BetweenStreets1_NameRoadway_,BetweenStreet1_Direction_,BetweenStreets1_RoadwaySuffix_,BetweenStreets2_NameRoadway_,BetweenStreets2_Direction_,BetweenStreets2_RoadwaySuffix_,Milepoint,ReportMilepointDeriveNumber,CurrentDerivedMiepointNumber,MilestoMilepoint,FeettoMilepoint,DirectionfromMilepoint_NSEW_,ValidMilepointIndicator,NumberInjured,NumberKilled,ofUnits,ofMotorVehicleUnits,Hit&RunIndicator,OneWayIndicator,SpeedLimitNumber,KilometersIndicator,CountyCode,CityCountyCode,MilesFromCity,DirectionFromCity_NSEW_,InCityLimitsIndicator,Latitude,Longitude,RampIndicator,RampFromIdentifier,RampFromDirCode,RampFromCoupletID,RSEUniqueGISRampFrom,RampToidentifier,RampToDirCode,RampToCoupletID,RSEUniqueGisRampTo,MannerofCollisionCode,LocationFirstEventCode,TotalLanes,RoadwayCharacterCode,RoadwaySurfaceCode,RoadwayConditionCode,WeatherCode,LightConditionCode,LandUseCode,SchoolBusRelatedCode,FirstAidSceneIndicator,CollDescPresentInd,InvestigationCompleteIndicator,PhotosTakenIndicator,TimeNotified,TimeArrived,TimeRoadwayOpened,PropertyDamageIndicator,DiagramPresentIndicator,DirectionalAnalysis,FunctionClassCode,NationalHwySysCode,EnforcementsIndicator,KARSCityCode,SecondaryCollisionIndicator,MedianCrossoverIndicator,RT_UNIQUE,MapIt,TimeLastLeft,YR,KABCO,MFNY,WorkingRID,RT_CONFIDENCE,KTC_RT,KTC_MP,Motorcyclist,Commercial Vehicle,Young Driver,Mature Driver,Pedestrian,Bicyclist,Distracted,Aggressive,Impaired,Unrestrained,Intersection,Roadway Departure,Median Cross-over,City Crash
2884,72817711,980100,2.02E+11,20221013,2224,,US23,,,US0023,US0023,0,098 US-23,US0023,N,Y,US119,,,N,NULL,NULL,NULL,NULL,NULL,NULL,26.282,NULL,NULL,NULL,NULL,,NULL,0,0,2,2,N,N,55,NULL,98,9801,NULL,,Y,37.50364,-82.53214,N,NULL,NULL,NULL,NULL,NULL,NULL,NULL,NULL,5,3,4,6,1,1,2,5,6,3,N,NULL,Y,N,2224,2227,2227,N,NULL,35,,1,N,,N,N,098-US-0023-0,NULL,NULL,2022,O,7.28E+11,098-US-0023  -000,HIGH,098-US-0023  -000,26.282,0,0,1,0,0,0,1,1,0,0,1,0,0,1
2885,72586928,980000,2101004,20210115,1425,,KY292,,,KY0292,KY0292,0,098 KY-292,KY0292,N,N,NULL,NULL,NULL,N,NULL,NULL,NULL,NULL,NULL,NULL,3.084,NULL,NULL,NULL,NULL,,NULL,0,0,2,2,N,N,45,NULL,98,9893,NULL,,Y,37.66063,-82.24155,N,NULL,NULL,NULL,NULL,NULL,NULL,NULL,NULL,7,3,2,6,1,1,2,2,7,3,N,NULL,Y,Y,1353,1415,1453,N,NULL,54,8,0,N,,N,N,098-KY-0292-0,NULL,NULL,2021,O,7.26E+11,098-KY-0292  -000,HIGH,098-KY-0292  -000,3.084,0,0,0,0,0,0,1,0,0,0,0,1,0,0
2886,72597913,KSP0900,21-23274,20210118,1145,,DIX,,FRK,,,0,098 CR-1538,CR1538,N,N,NULL,NULL,NULL,N,NULL,NULL,NULL,NULL,NULL,NULL,0.441,NULL,NULL,NULL,NULL,,NULL,1,0,1,1,N,N,35,NULL,98,9833,NULL,,Y,37.60808,-82.34575,N,NULL,NULL,NULL,NULL,NULL,NULL,NULL,NULL,9,97,2,6,1,5,3,2,7,3,Y,NULL,Y,Y,1146,1152,1250,Y,NULL,40,,,N,,N,N,098-CR-1538-0,NULL,NULL,2021,A,7.26E+11,098-CR-1538  -000,HIGH,098-CR-1538  -000,0.441,0,0,0,0,0,0,0,0,0,0,0,1,0,0
2887,72600427,KSP0900,21-87983,20210305,1224,,DORTON-JENKINS,,HWY,KY0805,KY0805,0,098 KY-805,KY0805,Y,N,NULL,NULL,NULL,N,NULL,NULL,NULL,NULL,NULL,NULL,6.53,NULL,NULL,NULL,NULL,,NULL,0,0,2,2,N,N,,NULL,98,9809,NULL,,Y,37.27769,-82.57809,N,NULL,NULL,NULL,NULL,NULL,NULL,NULL,NULL,2,97,2,6,1,1,2,2,8,3,N,NULL,Y,N,1225,1324,,N,NULL,90,7,0,N,,N,N,098-KY-0805-0,NULL,NULL,2021,O,7.26E+11,098-KY-0805  -000,HIGH,098-KY-0805  -000,6.53,0,0,0,0,0,0,1,0,0,0,0,0,0,0
2888,72613313,980100,2.02E+11,20210407,1020,,CASSIDY,,BLVD,,,0,098 CS-1191,CS1191,Y,N,NULL,NULL,NULL,N,NULL,NULL,NULL,NULL,NULL,NULL,0.059,NULL,NULL,NULL,NULL,,NULL,0,0,2,2,N,N,,NULL,98,9801,NULL,,Y,37.50367,-82.5331,N,NULL,NULL,NULL,NULL,NULL,NULL,NULL,NULL,2,97,1,6,1,1,2,2,1,3,N,NULL,Y,N,1239,1249,1249,N,NULL,90,,,N,,N,N,098-CS-1191-0,NULL,NULL,2021,O,7.26E+11,098-CS-1191  -000,HIGH,098-CS-1191  -000,0.059,0,0,0,1,0,0,1,0,0,0,0,0,0,1
2889,72712516,KSP0900,21-519099,20211222,150,,TOLER,,RD,KY0319,KY0319,0,098 KY-319,KY0319,Y,N,NULL,NULL,NULL,N,NULL,NULL,NULL,NULL,NULL,NULL,6.924,NULL,NULL,NULL,NULL,,NULL,0,0,2,2,N,N,55,NULL,98,9852,NULL,,Y,37.63955,-82.25842,N,NULL,NULL,NULL,NULL,NULL,NULL,NULL,NULL,2,97,2,6,1,1,2,2,7,3,N,NULL,Y,N,1400,1415,1415,N,NULL,90,7,0,N,,N,N,098-KY-0319-0,NULL,NULL,2021,O,7.27E+11,098-KY-0319  -000,HIGH,098-KY-0319  -000,6.924,0,0,0,0,0,0,1,0,0,0,0,0,0,0
2890,72488491,980100,2.02E+11,20200316,1916,,HAMBLEY,,BLVD,,,,,,N,N,NULL,NULL,NULL,N,NULL,NULL,NULL,NULL,NULL,NULL,0.421,NULL,NULL,NULL,NULL,,NULL,0,0,2,2,N,N,25,NULL,98,9801,NULL,,Y,37.47751,-82.52125,N,NULL,NULL,NULL,NULL,NULL,NULL,NULL,NULL,5,3,2,6,1,5,6,3,1,3,N,NULL,Y,N,1916,1920,1920,N,NULL,49,,,N,,N,N,,NULL,NULL,2020,O,7.25E+11,098-CS-1222  -000,MEDIUM,098-CS-1222  -000,0.421,0,0,0,0,0,0,1,0,0,0,0,0,0,1
2891,72815370,980100,2.02E+11,20221008,1756,,SCOTT,,AVE,,,,,,Y,N,NULL,NULL,NULL,N,NULL,NULL,NULL,NULL,NULL,NULL,0.084,NULL,NULL,NULL,NULL,,NULL,0,0,2,2,N,N,,NULL,98,9801,NULL,,Y,37.48276,-82.51668,N,NULL,NULL,NULL,NULL,NULL,NULL,NULL,NULL,2,97,,6,1,1,2,2,6,3,N,NULL,Y,N,1756,1803,1803,N,NULL,90,,,N,,N,N,,NULL,NULL,2022,O,7.28E+11,098-CS-1116  -000,MEDIUM,098-CS-1116  -000,0.084,0,0,0,0,0,0,1,0,0,0,0,0,0,1
2892,72733135,980100,2.02E+11,20220209,1326,,BYPASS,,RD,KY1426,KY1426,0,098 KY-1426,KY1426,Y,N,NULL,NULL,NULL,N,NULL,NULL,NULL,NULL,NULL,NULL,,NULL,NULL,NULL,NULL,NULL,NULL,0,0,2,2,Y,N,15,NULL,98,9801,NULL,,Y,37.47277,-82.52185,N,NULL,NULL,NULL,NULL,NULL,NULL,NULL,NULL,2,97,2,4,2,1,2,2,5,3,N,NULL,Y,N,1336,1349,,N,NULL,90,8,0,N,,N,N,098-KY-1426-0,NULL,NULL,2022,O,7.27E+11,098-KY-1426  -000,HIGH,098-KY-1426  -000,5.738,0,0,0,0,0,0,1,0,0,0,0,0,0,1
2893,72508199,980100,2.02E+11,20200605,1404,,MAYO,N,TRL,US0023,US0023,0,098 US-23-10,US0023,N,N,NULL,NULL,NULL,N,NULL,NULL,NULL,NULL,NULL,NULL,31.6,NULL,NULL,NULL,NULL,,NULL,0,0,2,2,N,N,55,NULL,98,9801,NULL,,Y,37.53688,-82.60175,N,NULL,NULL,NULL,NULL,NULL,NULL,NULL,NULL,5,3,4,6,1,5,6,2,7,3,N,NULL,Y,N,1405,1416,1503,N,NULL,49,,1,N,,N,N,098-US-0023-10,NULL,NULL,2020,O,7.25E+11,098-US-0023  -010,HIGH,098-US-0023  -000,31.6,0,0,1,0,0,0,1,0,0,0,0,0,0,1
2894,72531917,980100,2.02E+11,20200814,1718,,WOLFORD,,ST,,,,,,N,N,NULL,NULL,NULL,N,NULL,NULL,NULL,NULL,NULL,NULL,0.095,NULL,NULL,NULL,NULL,,NULL,0,0,2,2,N,Y,25,NULL,98,9801,NULL,,Y,37.48319,-82.518,N,NULL,NULL,NULL,NULL,NULL,NULL,NULL,NULL,2,3,1,6,1,1,2,2,6,3,N,NULL,Y,Y,1718,1721,,N,NULL,47,,,N,,N,N,,NULL,NULL,2020,O,7.25E+11,098-CS-1120  -000,MEDIUM,098-CS-1120  -000,0.095,0,0,0,0,0,0,0,0,0,0,0,0,0,1
2895,72835590,KSP0900,22-457825,20221130,24,,US23,,,US0023,US0023,0,098 US-23-10,US0023,N,N,NULL,NULL,NULL,N,NULL,NULL,NULL,NULL,NULL,NULL,12.799,NULL,NULL,NULL,NULL,,NULL,0,0,1,1,N,N,55,NULL,98,9801,NULL,,Y,37.37182,-82.54511,N,NULL,NULL,NULL,NULL,NULL,NULL,NULL,NULL,9,3,4,6,1,5,6,6,7,3,N,NULL,Y,N,24,47,47,N,NULL,38,,1,N,,N,N,098-US-0023-10,NULL,NULL,2022,O,7.28E+11,098-US-0023  -010,HIGH,098-US-0023  -000,12.799,0,0,0,0,0,0,0,0,0,0,0,0,0,0
2896,72799337,KSP0900,22-331639,20220827,1014,,FOREST HILLS,,RD,KY0308,KY0308,0,098 KY-308,KY0308,N,N,NULL,NULL,NULL,N,NULL,NULL,NULL,NULL,NULL,NULL,2.681,NULL,NULL,NULL,NULL,,NULL,0,0,2,2,Y,N,35,NULL,98,9836,NULL,,Y,37.64824,-82.26783,N,NULL,NULL,NULL,NULL,NULL,NULL,NULL,NULL,2,3,2,6,1,1,2,2,6,3,N,NULL,Y,N,1014,1048,1048,N,NULL,56,8,0,N,,N,N,098-KY-0308-0,NULL,NULL,2022,O,7.28E+11,098-KY-0308  -000,HIGH,098-KY-0308  -000,2.681,0,0,0,0,0,0,0,0,0,0,0,0,0,0
2897,72701764,KSP0900,21-482470,20211126,935,,HILLVIEW,,DR,,,0,098 CR-1213L,CR1213L,N,N,NULL,NULL,NULL,N,NULL,NULL,NULL,NULL,NULL,NULL,0.103,NULL,NULL,NULL,NULL,,NULL,0,0,1,1,N,N,25,NULL,98,9801,5,SE,N,37.40973,-82.4256,N,NULL,NULL,NULL,NULL,NULL,NULL,NULL,NULL,9,97,2,6,1,5,2,2,7,3,N,NULL,Y,N,934,957,957,Y,NULL,70,,,N,,N,N,098-CR-1213L-0,NULL,NULL,2021,O,7.27E+11,098-CR-1213L -000,HIGH,098-CR-1213L -000,0.103,0,0,0,0,0,0,0,0,0,0,0,0,0,0
2898,72555610,KSP0900,20-752288,20201022,615,,US119,,,US0119,US0119,0,098 US-119,US0119,N,N,NULL,NULL,NULL,N,NULL,NULL,NULL,NULL,NULL,NULL,12.053,NULL,NULL,NULL,NULL,,NULL,0,0,1,1,N,N,55,NULL,98,9833,NULL,,Y,37.59621,-82.37322,N,NULL,NULL,NULL,NULL,NULL,NULL,NULL,NULL,9,3,2,1,1,1,2,6,7,3,N,NULL,Y,N,700,730,700,N,NULL,38,2,1,N,,N,N,098-US-0119-0,NULL,NULL,2020,O,7.26E+11,098-US-0119  -000,HIGH,098-US-0119  -000,12.053,0,0,0,0,0,0,0,0,0,0,0,0,0,0
2899,72671151,KSP0900,21-381452,20210913,1807,,KY194,,,KY0194,KY0194,0,098 KY-194,KY0194,N,N,NULL,NULL,NULL,N,NULL,NULL,NULL,NULL,NULL,NULL,72.185,NULL,NULL,NULL,NULL,,NULL,1,0,1,1,N,N,45,NULL,98,9825,NULL,,Y,37.47937,-82.06494,N,NULL,NULL,NULL,NULL,NULL,NULL,NULL,NULL,9,5,2,6,1,1,2,2,7,3,Y,NULL,Y,Y,1807,1842,1842,N,NULL,44,7,0,N,,N,N,098-KY-0194-0,NULL,NULL,2021,B,7.27E+11,098-KY-0194  -000,HIGH,098-KY-0194  -000,72.185,0,0,0,0,0,0,0,0,1,0,0,1,0,0
2900,72557842,KSP0900,20-754925,20201023,1910,,US119,,,US0119,US0119,0,098 US-119-10,US0119,N,N,NULL,NULL,NULL,N,NULL,NULL,NULL,NULL,NULL,NULL,23.919,NULL,NULL,NULL,NULL,,NULL,0,0,2,2,N,N,55,NULL,98,9834,NULL,,Y,37.65458,-82.26958,N,NULL,NULL,NULL,NULL,NULL,NULL,NULL,NULL,1,3,4,6,1,1,2,6,7,3,N,NULL,Y,Y,1915,1919,2023,N,NULL,55,2,1,Y,,N,N,098-US-0119-10,NULL,NULL,2020,O,7.26E+11,098-US-0119  -010,HIGH,098-US-0119  -000,23.919,0,0,0,0,0,0,1,0,0,0,0,0,0,0
2901,72752973,KSP0900,22-143800,20220420,1613,,FEDSCREEK,,RD,KY0366,KY0366,0,098 KY-366,KY0366,N,N,NULL,NULL,NULL,N,NULL,NULL,NULL,NULL,NULL,NULL,0.616,NULL,NULL,NULL,NULL,,NULL,1,0,1,1,N,N,35,NULL,98,9839,NULL,,Y,37.40053,-82.23908,N,NULL,NULL,NULL,NULL,NULL,NULL,NULL,NULL,9,3,2,6,1,1,2,2,7,3,Y,NULL,Y,Y,1613,1638,1705,N,NULL,70,9,0,N,,N,N,098-KY-0366-0,NULL,NULL,2022,C,7.28E+11,098-KY-0366  -000,HIGH,098-KY-0366  -000,0.616,0,0,0,0,0,0,0,0,0,0,0,1,0,0
2902,72500905,980000,20-05-003,20200510,600,,FERRELLS CREEK,,RD,US0460,US0460,0,098 US-460,US0460,N,N,NULL,NULL,NULL,N,NULL,NULL,NULL,NULL,NULL,NULL,17.832,NULL,NULL,NULL,NULL,,NULL,1,0,1,1,N,N,55,NULL,98,9874,NULL,,Y,37.36391,-82.32126,N,NULL,NULL,NULL,NULL,NULL,NULL,NULL,NULL,9,3,2,1,1,1,10,1,7,3,N,NULL,Y,Y,1000,1045,1045,N,NULL,38,,1,N,,N,N,098-US-0460-0,NULL,NULL,2020,C,7.25E+11,098-US-0460  -000,HIGH,098-US-0460  -000,17.832,0,0,0,0,0,0,0,0,0,0,0,0,0,0
2903,72738302,980100,2.02E+11,20220304,1421,,CASSIDY,,BLVD,,,0,098 CS-1191,CS1191,N,N,NULL,NULL,NULL,N,NULL,NULL,NULL,NULL,NULL,NULL,0.007,NULL,NULL,NULL,NULL,,NULL,4,0,2,2,N,N,55,NULL,98,9801,NULL,,Y,37.50375,-82.53226,N,NULL,NULL,NULL,NULL,NULL,NULL,NULL,NULL,1,3,4,6,1,1,2,2,7,3,Y,NULL,Y,Y,1421,1424,1541,N,NULL,40,,,N,,N,N,098-CS-1191-0,NULL,NULL,2022,C,7.27E+11,098-CS-1191  -000,HIGH,098-CS-1191  -000,0.007,0,0,0,0,0,0,1,0,0,0,0,1,0,1
2904,72685742,KSP0900,2021-429973,20211018,1707,,KY194,,,KY0194,KY0194,0,098 KY-194,KY0194,N,N,NULL,NULL,NULL,N,NULL,NULL,NULL,NULL,NULL,NULL,15.201,NULL,NULL,NULL,NULL,,NULL,2,0,1,1,N,N,55,NULL,98,9820,NULL,,Y,37.57229,-82.47906,N,NULL,NULL,NULL,NULL,NULL,NULL,NULL,NULL,9,3,2,6,1,1,2,2,7,3,N,NULL,Y,Y,1709,1709,1709,N,NULL,70,7,0,N,,N,N,098-KY-0194-0,NULL,NULL,2021,C,7.27E+11,098-KY-0194  -000,HIGH,098-KY-0194  -000,15.201,0,0,0,0,0,0,1,0,0,0,0,1,0,0
2905,72634462,KSP0900,21-236673,20210609,1907,,KY194,,,KY0194,KY0194,0,098 KY-194,KY0194,N,N,NULL,NULL,NULL,N,NULL,NULL,NULL,NULL,NULL,NULL,18.528,NULL,NULL,NULL,NULL,,NULL,0,0,1,1,N,N,55,NULL,98,9817,NULL,,Y,37.55993,-82.42004,N,NULL,NULL,NULL,NULL,NULL,NULL,NULL,NULL,9,3,2,3,1,5,6,2,7,1,N,NULL,N,N,1908,1930,2000,N,NULL,44,6,5,N,,N,N,098-KY-0194-0,NULL,NULL,2021,O,7.26E+11,098-KY-0194  -000,HIGH,098-KY-0194  -000,18.528,0,0,0,0,0,0,0,0,0,0,0,1,0,0
2906,72700453,370200,2021-470261,20211117,732,,US 23 SOUTH,,,,,,,,N,N,NULL,NULL,NULL,N,NULL,NULL,NULL,NULL,NULL,NULL,,NULL,NULL,NULL,NULL,NULL,NULL,0,0,2,2,N,N,55,NULL,98,9801,NULL,,Y,37.53652,-82.59937,N,NULL,NULL,NULL,NULL,NULL,NULL,NULL,NULL,8,3,4,6,1,1,2,2,7,3,N,NULL,Y,N,732,745,745,N,NULL,53,,,N,,N,N,,NULL,NULL,2021,O,7.27E+11,098-US-0023  -010,MEDIUM,098-US-0023  -000,31.478,0,0,0,0,0,0,1,0,0,0,0,1,0,1
2907,72541593,KSP0900,20-692579,20200910,2125,,KY194,,,KY0194,KY0194,0,098 KY-194,KY0194,N,N,NULL,NULL,NULL,N,NULL,NULL,NULL,NULL,NULL,NULL,57.337,NULL,NULL,NULL,NULL,,NULL,0,0,1,1,N,N,35,NULL,98,9825,NULL,,Y,37.5361,-82.16198,N,NULL,NULL,NULL,NULL,NULL,NULL,NULL,NULL,9,4,2,4,1,1,2,6,7,3,N,NULL,Y,N,2125,2225,2225,N,NULL,44,7,0,N,,N,N,098-KY-0194-0,NULL,NULL,2020,O,7.25E+11,098-KY-0194  -000,HIGH,098-KY-0194  -000,57.337,0,0,0,0,0,0,0,0,1,1,0,1,0,0
2908,72791525,980100,2.02E+11,20220802,1340,,ELM,N,ST,,,,,,N,Y,HAMBLEY,,BLVD,N,NULL,NULL,NULL,NULL,NULL,NULL,,NULL,NULL,NULL,NULL,,NULL,0,0,2,2,N,N,25,NULL,98,9801,NULL,,Y,37.47704,-82.52175,N,NULL,NULL,NULL,NULL,NULL,NULL,NULL,NULL,1,3,3,6,1,1,2,2,7,3,N,NULL,Y,N,1340,1340,,N,NULL,10,,,N,,N,N,,NULL,NULL,2022,O,7.28E+11,098-CS-1107  -000,MEDIUM,098-CS-1107  -000,0,0,0,1,1,0,0,1,1,0,0,1,0,0,1
2909,72561462,980100,2.02E+11,20201105,819,,US23,,,US0023,US0023,0,098 US-23,US0023,N,N,NULL,NULL,NULL,N,NULL,NULL,NULL,NULL,NULL,NULL,27.311,NULL,NULL,NULL,NULL,,NULL,0,0,2,2,N,N,55,NULL,98,9801,NULL,,Y,37.5107,-82.54745,N,NULL,NULL,NULL,NULL,NULL,NULL,NULL,NULL,5,3,4,6,1,1,3,2,7,3,N,NULL,Y,N,819,822,,N,NULL,49,,1,N,,N,N,098-US-0023-0,NULL,NULL,2020,O,7.26E+11,098-US-0023  -000,HIGH,098-US-0023  -000,27.311,0,0,0,0,0,0,1,0,0,0,0,0,0,1
2910,72711318,KSP0900,21-515049,20211219,953,,WILLIAMSON,,RD,KY0292,KY0292,0,098 KY-292,KY0292,N,N,NULL,NULL,NULL,N,NULL,NULL,NULL,NULL,NULL,NULL,12.047,NULL,NULL,NULL,NULL,,NULL,0,1,1,1,N,N,35,NULL,98,9843,NULL,,Y,37.73482,-82.32468,N,NULL,NULL,NULL,NULL,NULL,NULL,NULL,NULL,9,5,2,6,1,5,3,2,7,3,N,NULL,Y,Y,1001,1017,1017,N,NULL,51,7,0,N,,N,N,098-KY-0292-0,NULL,NULL,2021,K,7.27E+11,098-KY-0292  -000,HIGH,098-KY-0292  -000,12.047,0,0,0,0,0,0,0,0,0,0,0,1,0,0
2911,72598607,980100,2.02E+11,20210214,530,,US23,,,US0023,US0023,0,098 US-23,US0023,N,N,NULL,NULL,NULL,N,NULL,NULL,NULL,NULL,NULL,NULL,15.576,NULL,NULL,NULL,NULL,,NULL,0,0,1,1,N,N,55,NULL,98,9801,NULL,,Y,37.40386,-82.53031,N,NULL,NULL,NULL,NULL,NULL,NULL,NULL,NULL,9,3,4,6,1,2,9,4,1,3,N,NULL,Y,N,530,530,,N,NULL,40,,1,N,,N,N,098-US-0023-0,NULL,NULL,2021,O,7.26E+11,098-US-0023  -000,HIGH,098-US-0023  -000,15.576,0,0,0,0,0,0,0,0,0,0,0,1,0,0
2912,72557129,KSP0900,20-758152,20201026,736,,FERRELLS CREEK,,RD,US0460,US0460,0,098 US-460,US0460,N,N,NULL,NULL,NULL,N,NULL,NULL,NULL,NULL,NULL,NULL,15.807,NULL,NULL,NULL,NULL,,NULL,0,0,2,2,N,N,55,NULL,98,9802,3,NE,N,37.34879,-82.35034,N,NULL,NULL,NULL,NULL,NULL,NULL,NULL,NULL,7,3,2,6,1,1,3,1,7,3,N,NULL,Y,N,736,827,827,N,NULL,54,,1,N,,N,N,098-US-0460-0,NULL,NULL,2020,O,7.26E+11,098-US-0460  -000,HIGH,098-US-0460  -000,15.807,0,0,0,1,0,0,0,0,0,0,0,1,0,0
2913,72847808,KSP0900,22-495350,20221228,815,,TOLER,,RD,KY0319,KY0319,0,098 KY-319,KY0319,N,N,NULL,NULL,NULL,N,NULL,NULL,NULL,NULL,NULL,NULL,3.606,NULL,NULL,NULL,NULL,,NULL,0,0,1,1,N,N,55,NULL,98,9842,NULL,,Y,37.60664,-82.22723,N,NULL,NULL,NULL,NULL,NULL,NULL,NULL,NULL,9,3,2,6,1,1,2,2,7,3,N,NULL,Y,N,815,845,900,N,NULL,38,7,0,N,,N,N,098-KY-0319-0,NULL,NULL,2022,O,7.28E+11,098-KY-0319  -000,HIGH,098-KY-0319  -000,3.606,0,0,0,1,0,0,0,0,0,0,0,0,0,0
2914,72781226,980100,2.02E+11,20220623,1535,,BYPASS,S,RD,KY1426,KY1426,0,098 KY-1426,KY1426,Y,N,NULL,NULL,NULL,N,NULL,NULL,NULL,NULL,NULL,NULL,5.69,NULL,NULL,NULL,NULL,,NULL,0,0,2,2,N,N,,NULL,98,9801,NULL,,Y,37.47277,-82.52285,N,NULL,NULL,NULL,NULL,NULL,NULL,NULL,NULL,1,97,,5,2,1,2,2,1,3,N,NULL,Y,N,1535,1546,,N,NULL,90,,0,N,,N,N,098-KY-1426-0,NULL,NULL,2022,O,7.28E+11,098-KY-1426  -000,HIGH,098-KY-1426  -000,5.69,0,0,0,0,0,0,0,0,0,0,0,0,0,1
2915,72697180,KSP0900,21-439480,20211025,1430,,US119,,,US0119,US0119,0,098 US-119,US0119,N,N,NULL,NULL,NULL,N,NULL,NULL,NULL,NULL,NULL,NULL,22.4,NULL,NULL,NULL,NULL,,NULL,1,0,1,1,N,N,55,NULL,98,9836,NULL,,Y,37.63705,-82.25775,N,NULL,NULL,NULL,NULL,NULL,NULL,NULL,NULL,9,3,2,3,1,5,6,2,7,3,Y,NULL,Y,Y,1432,1433,1515,N,NULL,44,2,1,N,,N,N,098-US-0119-0,NULL,NULL,2021,C,7.27E+11,098-US-0119  -000,HIGH,098-US-0119  -000,22.4,0,0,1,0,0,0,1,0,0,0,0,1,0,0
2916,72802549,KSP0900,22-344873,20220905,1529,,APPALACHIAN,,PLZ,,,0,098 PR-1008,PR1008,Y,N,NULL,NULL,NULL,N,NULL,NULL,NULL,NULL,NULL,NULL,0.103,NULL,NULL,NULL,NULL,,NULL,0,0,2,2,Y,N,,NULL,98,9834,NULL,,Y,37.66671,-82.27499,N,NULL,NULL,NULL,NULL,NULL,NULL,NULL,NULL,2,97,,6,1,5,3,2,1,3,N,NULL,N,N,1529,1532,1532,N,NULL,90,,,N,,N,N,098-PR-1008-0,NULL,NULL,2022,O,7.28E+11,098-PR-1008  -000,HIGH,098-PR-1008  -000,0.103,0,0,0,0,0,0,0,0,0,0,0,0,0,0
2917,72790209,980100,2.02E+11,20220729,2040,,US23,,,US0023,US0023,0,098 US-23,US0023,N,N,NULL,NULL,NULL,N,NULL,NULL,NULL,NULL,NULL,NULL,31.321,NULL,NULL,NULL,NULL,,NULL,0,0,1,1,N,N,55,NULL,98,9801,NULL,,Y,37.53653,-82.59654,N,NULL,NULL,NULL,NULL,NULL,NULL,NULL,NULL,9,3,4,3,1,5,3,6,7,3,N,NULL,Y,N,2040,2049,,Y,NULL,40,,1,N,,N,N,098-US-0023-0,NULL,NULL,2022,O,7.28E+11,098-US-0023  -000,HIGH,098-US-0023  -000,31.321,0,0,0,0,0,0,0,0,0,0,0,1,0,1
2918,72767503,KSP0900,22-198980,20220528,2018,,MALL,,RD,,,0,098 CR-1037,CR1037,N,N,NULL,NULL,NULL,N,NULL,NULL,NULL,NULL,NULL,NULL,0.41,NULL,NULL,NULL,NULL,,NULL,0,0,2,2,N,N,35,NULL,98,9834,NULL,,Y,37.65633,-82.27116,N,NULL,NULL,NULL,NULL,NULL,NULL,NULL,NULL,5,3,3,6,1,1,2,2,1,3,N,NULL,Y,N,2016,2042,2042,N,NULL,70,,,N,,N,N,098-CR-1037-0,NULL,NULL,2022,O,7.28E+11,098-CR-1037  -000,HIGH,098-CR-1037  -000,0.41,0,0,0,0,0,0,1,0,0,0,0,0,0,0
2919,72665315,KSP0900,21-361116,20210830,1030,,US119,,,US0119,US0119,0,098 US-119,US0119,N,N,NULL,NULL,NULL,N,NULL,NULL,NULL,NULL,NULL,NULL,8.075,NULL,NULL,NULL,NULL,,NULL,0,0,1,1,N,N,55,NULL,98,9817,NULL,,Y,37.55945,-82.42303,N,NULL,NULL,NULL,NULL,NULL,NULL,NULL,NULL,9,3,2,4,1,5,6,2,7,3,N,NULL,N,N,1030,1330,1400,N,NULL,40,2,1,N,,N,N,098-US-0119-0,NULL,NULL,2021,O,7.27E+11,098-US-0119  -000,HIGH,098-US-0119  -000,8.075,0,0,0,0,0,0,0,1,0,0,0,1,0,0
2920,72687783,980100,2.02E+11,20211025,1515,,HAMBLEY,,BLVD,,,0,098 CS-1222,CS1222,N,N,NULL,NULL,NULL,N,NULL,NULL,NULL,NULL,NULL,NULL,1.506,NULL,NULL,NULL,NULL,,NULL,0,0,2,2,N,N,35,NULL,98,9801,NULL,,Y,37.48309,-82.53049,N,NULL,NULL,NULL,NULL,NULL,NULL,NULL,NULL,5,3,2,6,1,5,3,2,6,3,N,NULL,Y,N,1515,1520,1536,N,NULL,49,,,N,,N,N,098-CS-1222-0,NULL,NULL,2021,O,7.27E+11,098-CS-1222  -000,HIGH,098-CS-1222  -000,1.506,0,0,1,0,0,0,1,0,0,0,0,0,0,1
2921,72814959,KSP0900,22-386721,20221006,1909,,US23,,,US0023,US0023,0,098 US-23-10,US0023,N,N,NULL,NULL,NULL,N,NULL,NULL,NULL,NULL,NULL,NULL,6.175,NULL,NULL,NULL,NULL,,NULL,1,0,1,1,N,N,55,NULL,98,9809,NULL,,Y,37.29165,-82.54941,N,NULL,NULL,NULL,NULL,NULL,NULL,NULL,NULL,9,3,4,2,1,1,2,2,7,3,Y,NULL,N,Y,1909,1920,2015,N,NULL,70,,1,N,,N,N,098-US-0023-10,NULL,NULL,2022,A,7.28E+11,098-US-0023  -010,HIGH,098-US-0023  -000,6.175,0,0,0,0,0,0,0,0,0,0,0,1,0,0