OBJECTID,MasterFile,AgencyORINumber,LocalCode,CollisionDate,CollisionTime,CollisionDayWeekCode,RoadwayName,RoadwayName_Direction_,RoadwayName_RoadwaySuffix_,RoadwayfromReport,CurrentRoadwayNumber,RoadwayNumberCoupletID,RSEUniqueGIS,RoadwayIdentifier,ParkingLotIndicator,IntersectionWith_Indicator_,IntersectionWith_NameRoadway_,IntersectionWith_Direction_,IntersectionWith_RoadwaySuffix_,BetweenStreets_Indicator_,BetweenStreets1_NameRoadway_,BetweenStreet1_Direction_,BetweenStreets1_RoadwaySuffix_,BetweenStreets2_NameRoadway_,BetweenStreets2_Direction_,BetweenStreets2_RoadwaySuffix_,Milepoint,ReportMilepointDeriveNumber,CurrentDerivedMiepointNumber,MilestoMilepoint,FeettoMilepoint,DirectionfromMilepoint_NSEW_,ValidMilepointIndicator,NumberInjured,NumberKilled,ofUnits,ofMotorVehicleUnits,Hit&RunIndicator,OneWayIndicator,SpeedLimitNumber,KilometersIndicator,CountyCode,CityCountyCode,MilesFromCity,DirectionFromCity_NSEW_,InCityLimitsIndicator,Latitude,Longitude,RampIndicator,RampFromIdentifier,RampFromDirCode,RampFromCoupletID,RSEUniqueGISRampFrom,RampToidentifier,RampToDirCode,RampToCoupletID,RSEUniqueGisRampTo,MannerofCollisionCode,LocationFirstEventCode,TotalLanes,RoadwayCharacterCode,RoadwaySurfaceCode,RoadwayConditionCode,WeatherCode,LightConditionCode,LandUseCode,SchoolBusRelatedCode,FirstAidSceneIndicator,CollDescPresentInd,InvestigationCompleteIndicator,PhotosTakenIndicator,TimeNotified,TimeArrived,TimeRoadwayOpened,PropertyDamageIndicator,DiagramPresentIndicator,DirectionalAnalysis,FunctionClassCode,NationalHwySysCode,EnforcementsIndicator,KARSCityCode,SecondaryCollisionIndicator,MedianCrossoverIndicator,RT_UNIQUE,MapIt,TimeLastLeft,YR,KABCO,MFNY,WorkingRID,RT_CONFIDENCE,KTC_RT,KTC_MP,Motorcyclist,Commercial Vehicle,Young Driver,Mature Driver,Pedestrian,Bicyclist,Distracted,Aggressive,Impaired,Unrestrained,Intersection,Roadway Departure,Median Cross-over,City Crash
2922,72808494,KSP0900,22-369699,20220923,1909,,FISHTRAP,,RD,KY1441,KY1441,0,098 KY-1441,KY1441,N,N,NULL,NULL,NULL,N,NULL,NULL,NULL,NULL,NULL,NULL,11.773,NULL,NULL,NULL,NULL,,NULL,0,0,1,1,N,N,45,NULL,98,9850,NULL,,Y,37.53495,-82.46522,N,NULL,NULL,NULL,NULL,NULL,NULL,NULL,NULL,9,5,2,6,1,1,2,2,7,3,N,NULL,Y,N,1910,1927,1930,N,NULL,44,8,0,N,,N,N,098-KY-1441-0,NULL,NULL,2022,O,7.28E+11,098-KY-1441  -000,HIGH,098-KY-1441  -000,11.773,0,0,0,0,0,0,1,0,0,0,0,1,0,0
2923,72536344,KSP0900,20-660046,20200821,1159,,US119,,,US0119,US0119,0,098 US-119-10,US0119,N,N,NULL,NULL,NULL,N,NULL,NULL,NULL,NULL,NULL,NULL,8.994,NULL,NULL,NULL,NULL,,NULL,0,1,1,1,N,N,55,NULL,98,9820,NULL,,Y,37.57191,-82.41828,N,NULL,NULL,NULL,NULL,NULL,NULL,NULL,NULL,9,3,2,6,1,1,2,2,7,3,Y,NULL,Y,Y,1159,1218,1323,N,NULL,44,2,1,N,,N,N,098-US-0119-10,NULL,NULL,2020,K,7.25E+11,098-US-0119  -010,HIGH,098-US-0119  -000,8.994,0,0,0,0,0,0,0,0,0,0,0,1,0,0
2924,72473080,KSP0900,20-4090,20200131,2227,,KY194,,,KY0194,KY0194,0,098 KY-194,KY0194,N,N,NULL,NULL,NULL,N,NULL,NULL,NULL,NULL,NULL,NULL,21.608,NULL,NULL,NULL,NULL,,NULL,1,0,1,1,N,N,55,NULL,98,9820,NULL,,Y,37.533,-82.38694,N,NULL,NULL,NULL,NULL,NULL,NULL,NULL,NULL,9,97,2,3,1,1,2,6,7,3,N,NULL,Y,Y,2228,2243,8,Y,NULL,70,6,0,N,,N,Y,098-KY-0194-0,NULL,NULL,2020,A,7.25E+11,098-KY-0194  -000,HIGH,098-KY-0194  -000,21.608,0,0,0,0,0,0,0,0,0,1,0,1,0,0
2925,72571562,980100,2.02E+11,20201203,823,,BOB AMOS,,DR,,,0,098 CS-1025,CS1025,Y,N,NULL,NULL,NULL,N,NULL,NULL,NULL,NULL,NULL,NULL,0.377,NULL,NULL,NULL,NULL,,NULL,0,0,2,2,N,N,,NULL,98,9801,NULL,,Y,37.47444,-82.54031,N,NULL,NULL,NULL,NULL,NULL,NULL,NULL,NULL,2,97,1,6,1,1,2,2,1,3,N,NULL,Y,N,823,839,839,N,NULL,90,,,N,,N,N,098-CS-1025-0,NULL,NULL,2020,O,7.26E+11,098-CS-1025  -000,HIGH,098-CS-1025  -000,0.377,0,0,0,0,0,0,1,0,0,0,0,0,0,1
2926,72823427,980100,2.02E+12,20221026,1643,,BAIRD,,AVE,KY1426,KY1426,0,098 KY-1426,KY1426,N,N,NULL,NULL,NULL,N,NULL,NULL,NULL,NULL,NULL,NULL,5.392,NULL,NULL,NULL,NULL,,NULL,0,0,3,3,N,N,25,NULL,98,9801,NULL,,Y,37.47328,-82.52705,N,NULL,NULL,NULL,NULL,NULL,NULL,NULL,NULL,4,3,2,6,1,1,3,2,1,3,N,NULL,Y,N,1643,1647,1719,N,NULL,70,,0,N,,N,N,098-KY-1426-0,NULL,NULL,2022,O,7.28E+11,098-KY-1426  -000,HIGH,098-KY-1426  -000,5.392,0,0,0,0,0,0,1,0,0,0,0,0,0,1
2927,72598627,KSP0900,21-77330,20210226,1827,,US119,,,US0119,US0119,0,098 US-119,US0119,N,N,NULL,NULL,NULL,N,NULL,NULL,NULL,NULL,NULL,NULL,25.375,NULL,NULL,NULL,NULL,,NULL,2,0,3,3,N,N,45,NULL,98,9834,NULL,,Y,37.67277,-82.28099,N,NULL,NULL,NULL,NULL,NULL,NULL,NULL,NULL,4,3,2,6,1,5,2,5,7,3,N,NULL,Y,Y,1830,1837,2057,N,NULL,70,2,1,N,,Y,N,098-US-0119-0,NULL,NULL,2021,A,7.26E+11,098-US-0119  -000,HIGH,098-US-0119  -000,25.375,0,0,0,0,0,0,1,1,0,0,0,0,0,0
2928,72750881,980100,2.02E+11,20220413,1448,,BYPASS,,RD,,,0,098 CS-1223,CS1223,Y,N,NULL,NULL,NULL,N,NULL,NULL,NULL,NULL,NULL,NULL,,NULL,NULL,NULL,NULL,NULL,NULL,0,0,2,2,N,N,,NULL,98,9801,NULL,,Y,37.47128,-82.52117,N,NULL,NULL,NULL,NULL,NULL,NULL,NULL,NULL,1,97,1,6,2,1,2,2,1,3,N,NULL,Y,N,1448,1448,1448,N,NULL,90,,,N,,N,N,098-CS-1223-0,NULL,NULL,2022,O,7.28E+11,098-CS-1223  -000,HIGH,098-CS-1223  -000,0.136,0,0,0,0,0,0,1,0,0,0,0,0,0,1
2929,72781611,KSP0900,22-262853,20220710,2144,,KY194,E,,KY0194,KY0194,,,,N,N,NULL,NULL,NULL,N,NULL,NULL,NULL,NULL,NULL,NULL,53.862,NULL,NULL,NULL,NULL,,NULL,1,0,1,1,N,N,35,NULL,98,9804,NULL,,Y,37.50544,-82.13425,N,NULL,NULL,NULL,NULL,NULL,NULL,NULL,NULL,9,3,2,3,1,1,2,7,2,3,Y,NULL,Y,Y,2146,2215,2322,N,NULL,40,8,0,N,,N,N,,NULL,NULL,2022,A,7.28E+11,098-KY-0194  -000,HIGH,098-KY-0194  -000,53.862,0,0,0,1,0,0,0,0,0,0,0,1,0,0
2930,72677642,980100,2.02E+11,20210929,1238,,KY1426,,,KY1426,KY1426,0,098 KY-1426,KY1426,Y,N,NULL,NULL,NULL,N,NULL,NULL,NULL,NULL,NULL,NULL,7.336,NULL,NULL,NULL,NULL,,NULL,0,0,2,2,N,N,55,NULL,98,9801,NULL,,Y,37.49052,-82.50163,N,NULL,NULL,NULL,NULL,NULL,NULL,NULL,NULL,8,97,2,6,1,1,2,2,5,3,N,NULL,Y,N,1238,1243,1302,N,NULL,90,,0,N,,N,N,098-KY-1426-0,NULL,NULL,2021,O,7.27E+11,098-KY-1426  -000,HIGH,098-KY-1426  -000,7.336,0,0,0,0,0,0,1,0,0,0,0,0,0,1
2931,72598625,980500,2021AR007,20210226,1548,,US23,,,US0023,US0023,0,098 US-23,US0023,N,N,NULL,NULL,NULL,N,NULL,NULL,NULL,NULL,NULL,NULL,,NULL,NULL,NULL,NULL,NULL,NULL,1,0,2,2,N,N,45,NULL,98,9807,NULL,,Y,37.52939,-82.57552,N,NULL,NULL,NULL,NULL,NULL,NULL,NULL,NULL,8,3,6,6,1,5,6,2,7,3,N,NULL,N,Y,1548,1550,1615,N,NULL,53,,1,N,,N,N,098-US-0023-0,NULL,NULL,2021,C,7.26E+11,098-US-0023  -000,HIGH,098-US-0023  -000,29.429,0,0,0,0,0,0,1,0,0,0,0,1,0,0
2932,72502468,KSP0900,20-18039,20200514,1610,,US460,,,US0460,US0460,0,098 US-460,US0460,N,N,NULL,NULL,NULL,N,NULL,NULL,NULL,NULL,NULL,NULL,2.822,NULL,NULL,NULL,NULL,,NULL,2,0,2,2,N,N,55,NULL,98,9824,NULL,,Y,37.43011,-82.47855,N,NULL,NULL,NULL,NULL,NULL,NULL,NULL,NULL,5,3,2,6,1,1,2,2,7,3,Y,NULL,N,Y,1610,1620,1640,N,NULL,49,,1,N,,N,N,098-US-0460-0,NULL,NULL,2020,C,7.25E+11,098-US-0460  -000,HIGH,098-US-0460  -000,2.822,0,0,1,0,0,0,1,0,0,0,0,0,0,0
2933,72749089,KSP0900,22-127876,20220409,655,,US460,,,US0460,US0460,0,098 US-460,US0460,N,N,NULL,NULL,NULL,N,NULL,NULL,NULL,NULL,NULL,NULL,3.43,NULL,NULL,NULL,NULL,,NULL,1,0,1,1,N,N,55,NULL,98,9824,NULL,,Y,37.42472,-82.47015,N,NULL,NULL,NULL,NULL,NULL,NULL,NULL,NULL,9,3,2,6,1,5,6,9,7,3,Y,NULL,Y,Y,658,750,750,Y,NULL,70,,1,N,,N,N,098-US-0460-0,NULL,NULL,2022,C,7.27E+11,098-US-0460  -000,HIGH,098-US-0460  -000,3.43,0,0,0,1,0,0,1,0,0,0,0,0,0,0
2934,72731923,KSP0900,22-58563,20220217,846,,COLLINS,,HWY,KY0122,KY0122,0,098 KY-122,KY0122,N,N,NULL,NULL,NULL,N,NULL,NULL,NULL,NULL,NULL,NULL,10.778,NULL,NULL,NULL,NULL,,NULL,2,0,1,1,N,N,55,NULL,98,9801,5,S,N,37.38744,-82.53685,N,NULL,NULL,NULL,NULL,NULL,NULL,NULL,NULL,9,5,2,3,2,1,2,2,7,3,Y,NULL,Y,N,846,858,858,N,NULL,51,,0,Y,,N,N,098-KY-0122-0,NULL,NULL,2022,C,7.27E+11,098-KY-0122  -000,HIGH,098-KY-0122  -000,10.778,0,0,0,0,0,0,0,0,0,0,0,1,0,0
2935,72781594,KSP0900,22-246511,20220630,4,,ELKHORN,,CRK,KY0197,KY0197,0,098 KY-197,KY0197,N,N,NULL,NULL,NULL,N,NULL,NULL,NULL,NULL,NULL,NULL,10.958,NULL,NULL,NULL,NULL,,NULL,0,0,2,2,N,N,55,NULL,98,9802,NULL,,Y,37.27235,-82.41881,N,NULL,NULL,NULL,NULL,NULL,NULL,NULL,NULL,6,97,2,6,2,1,2,6,7,3,N,NULL,Y,Y,4,21,128,N,NULL,47,7,0,N,,N,N,098-KY-0197-0,NULL,NULL,2022,O,7.28E+11,098-KY-0197  -000,HIGH,098-KY-0197  -000,10.958,0,0,0,0,0,0,0,0,1,1,0,1,0,0
2936,72674759,980100,2.02E+11,20210921,930,,HAMBLEY,,BLVD,,,0,098 CS-1222,CS1222,N,N,NULL,NULL,NULL,N,NULL,NULL,NULL,NULL,NULL,NULL,0.501,NULL,NULL,NULL,NULL,,NULL,0,0,2,2,N,N,10,NULL,98,9801,NULL,,Y,37.47836,-82.52016,N,NULL,NULL,NULL,NULL,NULL,NULL,NULL,NULL,1,97,2,4,1,1,2,2,7,3,N,NULL,Y,N,1358,1358,,N,NULL,47,,,N,,N,N,098-CS-1222-0,NULL,NULL,2021,O,7.27E+11,098-CS-1222  -000,HIGH,098-CS-1222  -000,0.501,0,0,1,0,0,0,1,0,0,0,0,0,0,1
2937,72592322,KSP0900,21-30453,20210123,1630,,KY3416,,,KY3416,KY3416,0,098 KY-3416,KY3416,N,N,NULL,NULL,NULL,N,NULL,NULL,NULL,NULL,NULL,NULL,0.32,NULL,NULL,NULL,NULL,,NULL,1,0,2,2,N,N,55,NULL,98,9801,NULL,,Y,37.43506,-82.54925,N,NULL,NULL,NULL,NULL,NULL,NULL,NULL,NULL,3,3,2,5,1,1,2,3,7,3,Y,NULL,N,Y,1630,1645,1715,N,NULL,52,9,0,N,,N,N,098-KY-3416-0,NULL,NULL,2021,C,7.26E+11,098-KY-3416  -000,HIGH,098-KY-3416  -000,0.32,0,0,0,0,0,0,1,0,0,0,0,1,0,0
2938,72726871,980000,22-01-003,20220121,1300,,LEFT FORK BLACKBERRY,,RD,,,0,098 CR-1809,CR1809,N,N,NULL,NULL,NULL,N,NULL,NULL,NULL,NULL,NULL,NULL,0.477,NULL,NULL,NULL,NULL,,NULL,0,0,2,2,N,N,15,NULL,98,9879,NULL,,Y,37.52443,-82.21692,N,NULL,NULL,NULL,NULL,NULL,NULL,NULL,NULL,3,3,1,1,1,2,3,2,6,3,N,NULL,Y,Y,1300,1340,1500,N,NULL,52,,,N,,N,N,098-CR-1809-0,NULL,NULL,2022,O,7.27E+11,098-CR-1809  -000,HIGH,098-CR-1809  -000,0.477,0,1,0,0,0,0,0,0,0,0,0,1,0,0
2939,72503763,KSP0900,20-14238,20200417,1639,,US460,,,US0460,US0460,0,098 US-460,US0460,N,N,NULL,NULL,NULL,N,NULL,NULL,NULL,NULL,NULL,NULL,7.892,NULL,NULL,NULL,NULL,,NULL,0,0,2,2,N,N,45,NULL,98,9801,NULL,,Y,37.37995,-82.43407,N,NULL,NULL,NULL,NULL,NULL,NULL,NULL,NULL,5,3,2,6,1,1,2,2,7,3,N,NULL,Y,N,1640,1709,,N,NULL,49,,1,N,,N,N,098-US-0460-0,NULL,NULL,2020,O,7.25E+11,098-US-0460  -000,HIGH,098-US-0460  -000,7.892,0,0,1,0,0,0,1,0,0,0,0,0,0,0
2940,72705586,KSP0900,21-496340,20211206,1030,,KY194,,,KY0194,KY0194,0,098 KY-194,KY0194,N,N,NULL,NULL,NULL,N,NULL,NULL,NULL,NULL,NULL,NULL,24.649,NULL,NULL,NULL,NULL,,NULL,0,0,1,1,N,N,55,NULL,98,9817,NULL,,Y,37.52063,-82.36481,N,NULL,NULL,NULL,NULL,NULL,NULL,NULL,NULL,9,3,2,3,1,5,6,2,7,3,N,NULL,Y,N,1030,1030,1030,N,NULL,70,6,0,N,,N,N,098-KY-0194-0,NULL,NULL,2021,O,7.27E+11,098-KY-0194  -000,HIGH,098-KY-0194  -000,24.649,0,0,0,0,0,0,1,0,0,0,0,1,0,0
2941,72418262,980100,2.02E+11,20191008,1550,,CASSIDY,,BLVD,,,0,098 CS-1191,CS1191,Y,N,NULL,NULL,NULL,N,NULL,NULL,NULL,NULL,NULL,NULL,0.338,NULL,NULL,NULL,NULL,,NULL,0,0,2,2,N,N,15,NULL,98,9801,NULL,,Y,37.50594,-82.53839,N,NULL,NULL,NULL,NULL,NULL,NULL,NULL,NULL,2,97,2,6,1,1,2,2,1,3,N,NULL,Y,N,1550,1606,,N,NULL,90,,,N,,N,N,098-CS-1191-0,NULL,NULL,2019,O,7.24E+11,098-CS-1191  -000,HIGH,098-CS-1191  -000,0.338,0,0,0,0,0,0,1,0,0,0,0,0,0,1
2942,72521387,KSP0900,20-600262,20200714,1841,,KY122,,,KY0122,KY0122,0,098 KY-122,KY0122,N,N,NULL,NULL,NULL,N,NULL,NULL,NULL,NULL,NULL,NULL,6.8,NULL,NULL,NULL,NULL,,NULL,0,0,2,2,N,N,55,NULL,98,9827,NULL,,Y,37.36924,-82.58227,N,NULL,NULL,NULL,NULL,NULL,NULL,NULL,NULL,3,3,2,6,1,1,2,2,6,3,N,NULL,N,Y,1844,1929,1950,N,NULL,52,,0,N,,N,N,098-KY-0122-0,NULL,NULL,2020,O,7.25E+11,098-KY-0122  -000,HIGH,098-KY-0122  -000,6.8,0,0,0,0,0,0,0,0,0,0,0,1,0,0
2943,72663863,KSP0900,21-343527,20210817,2216,,KY1499,,,KY1499,KY1499,0,098 KY-1499,KY1499,N,N,NULL,NULL,NULL,N,NULL,NULL,NULL,NULL,NULL,NULL,1.766,NULL,NULL,NULL,NULL,,NULL,0,0,1,1,N,N,55,NULL,98,9839,NULL,,Y,37.40115,-82.24925,N,NULL,NULL,NULL,NULL,NULL,NULL,NULL,NULL,9,3,2,6,1,5,5,6,7,3,N,NULL,Y,N,2218,2231,,N,NULL,40,7,0,N,,N,N,098-KY-1499-0,NULL,NULL,2021,O,7.27E+11,098-KY-1499  -000,HIGH,098-KY-1499  -000,1.766,0,0,0,0,0,0,0,0,0,0,0,1,0,0
2944,72504834,980000,20-05-007,20200520,1230,,US119,,,US0119,US0119,0,098 US-119,US0119,N,N,NULL,NULL,NULL,N,NULL,NULL,NULL,NULL,NULL,NULL,24.34,NULL,NULL,NULL,NULL,,NULL,1,0,3,3,N,N,55,NULL,98,9834,NULL,,Y,37.6598,-82.27338,N,NULL,NULL,NULL,NULL,NULL,NULL,NULL,NULL,5,3,4,6,1,5,6,2,6,3,N,NULL,Y,Y,1241,1241,1241,N,NULL,49,2,1,Y,,N,N,098-US-0119-0,NULL,NULL,2020,B,7.25E+11,098-US-0119  -000,HIGH,098-US-0119  -000,24.34,0,0,0,0,0,0,1,0,1,0,0,0,0,0
2945,72768319,980000,22-05-004,20220527,1230,,REDBUD LANE,W,,,,,,,Y,N,NULL,NULL,NULL,N,NULL,NULL,NULL,NULL,NULL,NULL,,NULL,NULL,NULL,NULL,NULL,NULL,0,0,2,2,N,N,15,NULL,98,9836,2,N,N,37.64924,-82.26563,N,NULL,NULL,NULL,NULL,NULL,NULL,NULL,NULL,2,97,2,6,1,1,2,2,8,3,N,NULL,Y,Y,1235,1245,1305,N,NULL,90,,,N,,N,N,,NULL,NULL,2022,O,7.28E+11,098-PR-1077  -000,MEDIUM,098-PR-1077  -000,0.219,0,0,0,0,0,0,1,0,0,0,0,0,0,0
2946,72572767,KSP0900,20-814760,20201204,1051,,US460,,,US0460,US0460,0,098 US-460,US0460,N,N,NULL,NULL,NULL,N,NULL,NULL,NULL,NULL,NULL,NULL,4.513,NULL,NULL,NULL,NULL,,NULL,1,0,1,1,N,N,55,NULL,98,9824,NULL,,Y,37.41666,-82.45364,N,NULL,NULL,NULL,NULL,NULL,NULL,NULL,NULL,9,6,2,6,1,5,6,2,7,3,N,NULL,Y,Y,1051,1057,1125,N,NULL,40,,1,N,,N,N,098-US-0460-0,NULL,NULL,2020,C,7.26E+11,098-US-0460  -000,HIGH,098-US-0460  -000,4.513,0,0,0,0,0,0,0,1,0,0,0,1,0,0
2947,72707181,980100,2.02E+11,20211208,1840,,BAIRD,,AVE,KY1426,KY1426,0,098 KY-1426,KY1426,Y,N,NULL,NULL,NULL,N,NULL,NULL,NULL,NULL,NULL,NULL,5.378,NULL,NULL,NULL,NULL,,NULL,0,0,2,2,N,N,10,NULL,98,9801,NULL,,Y,37.47351,-82.52716,N,NULL,NULL,NULL,NULL,NULL,NULL,NULL,NULL,2,97,2,6,1,1,2,5,1,3,N,NULL,Y,N,1840,1848,1851,N,NULL,90,,0,N,,N,N,098-KY-1426-0,NULL,NULL,2021,O,7.27E+11,098-KY-1426  -000,HIGH,098-KY-1426  -000,5.378,0,0,0,0,0,0,1,0,0,0,0,0,0,1
2948,72710880,KSP0900,21-512756,20211217,1524,,MALL,,RD,,,0,098 CR-1037,CR1037,N,N,NULL,NULL,NULL,N,NULL,NULL,NULL,NULL,NULL,NULL,0.445,NULL,NULL,NULL,NULL,,NULL,0,0,2,2,N,N,15,NULL,98,9834,NULL,,Y,37.65657,-82.27054,N,NULL,NULL,NULL,NULL,NULL,NULL,NULL,NULL,2,7,1,6,1,5,6,2,7,3,N,NULL,Y,N,1524,1605,1605,N,NULL,56,,,N,,N,N,098-CR-1037-0,NULL,NULL,2021,O,7.27E+11,098-CR-1037  -000,HIGH,098-CR-1037  -000,0.445,0,0,0,1,0,0,1,0,0,0,0,0,0,0
2949,72759290,980100,2.02E+11,20220504,1423,,MAIN,,ST,,,,,,Y,N,NULL,NULL,NULL,N,NULL,NULL,NULL,NULL,NULL,NULL,,NULL,NULL,NULL,NULL,NULL,NULL,0,0,2,2,Y,Y,15,NULL,98,9801,NULL,,Y,37.48118,-82.51588,N,NULL,NULL,NULL,NULL,NULL,NULL,NULL,NULL,1,97,1,6,1,1,2,2,1,3,N,NULL,Y,N,1425,1431,,N,NULL,90,,,N,,N,N,,NULL,NULL,2022,O,7.28E+11,098-CS-1112  -000,MEDIUM,098-CS-1112  -000,0.282,0,0,0,0,0,0,0,1,0,0,0,0,0,1
2950,72579929,980100,2.02E+11,20201230,538,,US23,,,US0023,US0023,0,098 US-23,US0023,N,N,NULL,NULL,NULL,N,NULL,NULL,NULL,NULL,NULL,NULL,25.06,NULL,NULL,NULL,NULL,,NULL,0,0,1,1,N,N,55,NULL,98,9801,NULL,,Y,37.48887,-82.53952,N,NULL,NULL,NULL,NULL,NULL,NULL,NULL,NULL,9,3,4,6,1,1,2,6,1,3,N,NULL,Y,N,539,543,,N,NULL,38,,1,N,,N,N,098-US-0023-0,NULL,NULL,2020,O,7.26E+11,098-US-0023  -000,HIGH,098-US-0023  -000,25.06,0,0,0,0,0,0,0,0,0,0,0,0,0,1
2951,72665444,KSP0900,2021-343286,20210817,2000,,FISHTRAP,,RD,KY1441,KY1441,0,098 KY-1441,KY1441,N,N,NULL,NULL,NULL,N,NULL,NULL,NULL,NULL,NULL,NULL,9.976,NULL,NULL,NULL,NULL,,NULL,0,0,1,1,N,N,45,NULL,98,9850,NULL,,Y,37.51538,-82.45095,N,NULL,NULL,NULL,NULL,NULL,NULL,NULL,NULL,9,3,2,3,1,5,6,3,7,3,N,NULL,N,N,2000,2000,2000,N,NULL,40,8,0,N,,N,N,098-KY-1441-0,NULL,NULL,2021,O,7.27E+11,098-KY-1441  -000,HIGH,098-KY-1441  -000,9.976,0,0,0,0,0,0,0,0,0,0,0,1,0,0
2952,72557840,KSP0900,20-745692,20201017,1519,,US119,,,US0119,US0119,0,098 US-119-10,US0119,N,N,NULL,NULL,NULL,N,NULL,NULL,NULL,NULL,NULL,NULL,2.707,NULL,NULL,NULL,NULL,,NULL,0,0,2,2,N,N,55,NULL,98,9828,NULL,,Y,37.51417,-82.4869,N,NULL,NULL,NULL,NULL,NULL,NULL,NULL,NULL,5,3,2,4,1,1,2,2,7,3,N,NULL,Y,Y,1519,1519,1523,N,NULL,49,2,1,N,,N,N,098-US-0119-10,NULL,NULL,2020,O,7.26E+11,098-US-0119  -010,HIGH,098-US-0119  -000,2.707,0,0,0,0,0,0,1,0,0,0,0,0,0,1
2953,72543249,KSP0900,20-702395,20200917,1242,,MARROWBONE CREEK,,RD,KY0195,KY0195,0,098 KY-195,KY0195,N,N,NULL,NULL,NULL,N,NULL,NULL,NULL,NULL,NULL,NULL,10.268,NULL,NULL,NULL,NULL,,NULL,0,0,2,2,N,N,35,NULL,98,9830,NULL,,Y,37.35464,-82.42501,N,NULL,NULL,NULL,NULL,NULL,NULL,NULL,NULL,1,3,2,2,1,5,6,2,7,3,N,NULL,Y,N,1241,1253,,N,NULL,55,7,0,N,,N,N,098-KY-0195-0,NULL,NULL,2020,O,7.25E+11,098-KY-0195  -000,HIGH,098-KY-0195  -000,10.268,0,0,0,0,0,0,0,0,0,0,0,0,0,0
2954,72724815,980100,2.02E+11,20220126,1157,,US23 CONNECTOR TO US460,,,US0023,US0023,0,098 US-23-71,US0023,N,N,NULL,NULL,NULL,N,NULL,NULL,NULL,NULL,NULL,NULL,0.007,NULL,NULL,NULL,NULL,,NULL,0,0,2,2,N,N,55,NULL,98,9801,NULL,,Y,37.43884,-82.50917,N,NULL,NULL,NULL,NULL,NULL,NULL,NULL,NULL,1,3,4,5,1,1,2,2,7,3,N,NULL,Y,N,1157,1205,1245,N,NULL,55,,1,N,,N,N,098-US-0023-71,NULL,NULL,2022,O,7.27E+11,098-US-0023  -071,HIGH,098-US-0023  -071,0.007,0,0,0,0,0,0,1,1,0,0,0,0,0,1
2955,72596673,980100,2.02E+11,20210220,1736,,US23,,,US0023,US0023,0,098 US-23,US0023,N,N,NULL,NULL,NULL,N,NULL,NULL,NULL,NULL,NULL,NULL,32.117,NULL,NULL,NULL,NULL,,NULL,0,0,4,4,N,N,55,NULL,98,9801,NULL,,Y,37.53766,-82.61095,N,NULL,NULL,NULL,NULL,NULL,NULL,NULL,NULL,5,97,4,6,1,1,2,2,1,3,N,NULL,Y,Y,1736,1748,,N,NULL,47,,1,Y,,N,N,098-US-0023-0,NULL,NULL,2021,O,7.26E+11,098-US-0023  -000,HIGH,098-US-0023  -000,32.117,0,0,0,0,0,0,0,0,1,0,0,0,0,1
2956,72743541,980200,980200,20220321,550,,KY197,,,KY0197,KY0197,0,098 KY-197,KY0197,Y,N,NULL,NULL,NULL,N,NULL,NULL,NULL,NULL,NULL,NULL,15.705,NULL,NULL,NULL,NULL,,NULL,0,0,2,2,N,N,35,NULL,98,9802,NULL,,Y,37.29604,-82.36169,N,NULL,NULL,NULL,NULL,NULL,NULL,NULL,NULL,8,97,2,6,1,1,2,2,1,3,N,NULL,N,Y,550,555,,N,NULL,90,7,0,N,,Y,N,098-KY-0197-0,NULL,NULL,2022,O,7.27E+11,098-KY-0197  -000,HIGH,098-KY-0197  -000,15.705,0,0,0,0,0,0,0,0,0,0,0,0,0,0
2957,72584996,KSP0900,21-15997,20210112,2108,,KY194,,,KY0194,KY0194,,,,N,N,NULL,NULL,NULL,N,NULL,NULL,NULL,NULL,NULL,NULL,20.032,NULL,NULL,NULL,NULL,,NULL,0,0,2,2,N,N,55,NULL,98,9817,NULL,,Y,37.5472,-82.4035,N,NULL,NULL,NULL,NULL,NULL,NULL,NULL,NULL,5,3,2,3,1,1,2,6,6,3,N,NULL,Y,N,2047,2122,,N,NULL,49,6,0,N,,N,N,,NULL,NULL,2021,O,7.26E+11,098-KY-0194  -000,MEDIUM,098-KY-0194  -000,20.032,0,0,0,0,0,0,1,0,0,0,0,0,0,0
2958,72527473,KSP0900,20-621717,20200727,2201,,US460,,,US0460,US0460,0,098 US-460,US0460,N,N,NULL,NULL,NULL,N,NULL,NULL,NULL,NULL,NULL,NULL,4.789,NULL,NULL,NULL,NULL,,NULL,0,0,2,2,N,N,55,NULL,98,9801,5,E,N,37.4134,-82.45104,N,NULL,NULL,NULL,NULL,NULL,NULL,NULL,NULL,5,3,2,6,1,1,2,4,6,3,N,NULL,Y,N,2205,2226,2255,N,NULL,49,,1,N,,N,N,098-US-0460-0,NULL,NULL,2020,O,7.25E+11,098-US-0460  -000,HIGH,098-US-0460  -000,4.789,0,0,0,0,0,0,0,1,0,0,0,0,0,0