OBJECTID,MasterFile,AgencyORINumber,LocalCode,CollisionDate,CollisionTime,CollisionDayWeekCode,RoadwayName,RoadwayName_Direction_,RoadwayName_RoadwaySuffix_,RoadwayfromReport,CurrentRoadwayNumber,RoadwayNumberCoupletID,RSEUniqueGIS,RoadwayIdentifier,ParkingLotIndicator,IntersectionWith_Indicator_,IntersectionWith_NameRoadway_,IntersectionWith_Direction_,IntersectionWith_RoadwaySuffix_,BetweenStreets_Indicator_,BetweenStreets1_NameRoadway_,BetweenStreet1_Direction_,BetweenStreets1_RoadwaySuffix_,BetweenStreets2_NameRoadway_,BetweenStreets2_Direction_,BetweenStreets2_RoadwaySuffix_,Milepoint,ReportMilepointDeriveNumber,CurrentDerivedMiepointNumber,MilestoMilepoint,FeettoMilepoint,DirectionfromMilepoint_NSEW_,ValidMilepointIndicator,NumberInjured,NumberKilled,ofUnits,ofMotorVehicleUnits,Hit&RunIndicator,OneWayIndicator,SpeedLimitNumber,KilometersIndicator,CountyCode,CityCountyCode,MilesFromCity,DirectionFromCity_NSEW_,InCityLimitsIndicator,Latitude,Longitude,RampIndicator,RampFromIdentifier,RampFromDirCode,RampFromCoupletID,RSEUniqueGISRampFrom,RampToidentifier,RampToDirCode,RampToCoupletID,RSEUniqueGisRampTo,MannerofCollisionCode,LocationFirstEventCode,TotalLanes,RoadwayCharacterCode,RoadwaySurfaceCode,RoadwayConditionCode,WeatherCode,LightConditionCode,LandUseCode,SchoolBusRelatedCode,FirstAidSceneIndicator,CollDescPresentInd,InvestigationCompleteIndicator,PhotosTakenIndicator,TimeNotified,TimeArrived,TimeRoadwayOpened,PropertyDamageIndicator,DiagramPresentIndicator,DirectionalAnalysis,FunctionClassCode,NationalHwySysCode,EnforcementsIndicator,KARSCityCode,SecondaryCollisionIndicator,MedianCrossoverIndicator,RT_UNIQUE,MapIt,TimeLastLeft,YR,KABCO,MFNY,WorkingRID,RT_CONFIDENCE,KTC_RT,KTC_MP,Motorcyclist,Commercial Vehicle,Young Driver,Mature Driver,Pedestrian,Bicyclist,Distracted,Aggressive,Impaired,Unrestrained,Intersection,Roadway Departure,Median Cross-over,City Crash
2959,72706751,980100,2.02E+11,20211207,1408,,KY1460,,,KY1460,KY1460,0,098 KY-1460,KY1460,N,N,NULL,NULL,NULL,N,NULL,NULL,NULL,NULL,NULL,NULL,6.869,NULL,NULL,NULL,NULL,,NULL,0,0,2,2,N,N,25,NULL,98,9801,NULL,,Y,37.48409,-82.5428,N,NULL,NULL,NULL,NULL,NULL,NULL,NULL,NULL,5,3,2,6,97,5,3,2,6,3,N,NULL,Y,N,1408,1411,,N,NULL,49,16,0,Y,,N,N,098-KY-1460-0,NULL,NULL,2021,O,7.27E+11,098-KY-1460  -000,HIGH,098-KY-1460  -000,6.869,0,0,0,0,0,0,1,0,0,0,0,0,0,1
2960,72811922,980100,2.02E+11,20221002,1809,,CASSIDY,,BLVD,,,0,098 CS-1191,CS1191,N,N,NULL,NULL,NULL,N,NULL,NULL,NULL,NULL,NULL,NULL,0.261,NULL,NULL,NULL,NULL,,NULL,0,0,2,2,N,N,35,NULL,98,9801,NULL,,Y,37.50465,-82.53613,N,NULL,NULL,NULL,NULL,NULL,NULL,NULL,NULL,1,3,4,6,1,5,6,2,7,3,N,NULL,Y,N,1811,1814,1902,N,NULL,55,,,N,,N,Y,098-CS-1191-0,NULL,NULL,2022,O,7.28E+11,098-CS-1191  -000,HIGH,098-CS-1191  -000,0.261,0,0,0,0,0,0,0,0,0,0,0,1,1,1
2961,72763898,980100,2.02E+11,20220519,2318,,CHLOE,,RD,KY1460,KY1460,0,098 KY-1460,KY1460,N,N,NULL,NULL,NULL,N,NULL,NULL,NULL,NULL,NULL,NULL,4.124,NULL,NULL,NULL,NULL,,NULL,0,0,1,1,N,N,35,NULL,98,9801,NULL,,Y,37.47626,-82.4989,N,NULL,NULL,NULL,NULL,NULL,NULL,NULL,NULL,9,3,2,6,1,5,6,7,6,3,N,NULL,Y,N,2318,2321,,Y,NULL,40,,0,N,,N,N,098-KY-1460-0,NULL,NULL,2022,O,7.28E+11,098-KY-1460  -000,HIGH,098-KY-1460  -000,4.124,0,0,0,0,0,0,0,0,0,0,0,1,0,1
2962,72813477,980100,2.02E+11,20221006,1416,,CASSIDY,,BLVD,,,0,098 CS-1191,CS1191,Y,N,NULL,NULL,NULL,N,NULL,NULL,NULL,NULL,NULL,NULL,0.259,NULL,NULL,NULL,NULL,,NULL,0,0,2,2,N,N,15,NULL,98,9801,NULL,,Y,37.50435,-82.5361,N,NULL,NULL,NULL,NULL,NULL,NULL,NULL,NULL,2,97,,6,1,1,2,1,1,2,N,NULL,Y,N,1416,1421,1440,N,NULL,90,,,N,,N,N,098-CS-1191-0,NULL,NULL,2022,O,7.28E+11,098-CS-1191  -000,HIGH,098-CS-1191  -000,0.259,0,0,0,0,0,0,1,0,0,0,0,0,0,1
2963,72663025,980100,2.02E+11,20210825,1814,,HAMBLEY,,BLVD,,,,,,N,N,NULL,NULL,NULL,N,NULL,NULL,NULL,NULL,NULL,NULL,1.191,NULL,NULL,NULL,NULL,,NULL,0,0,2,2,N,N,35,NULL,98,9801,NULL,,Y,37.48539,-82.52507,N,NULL,NULL,NULL,NULL,NULL,NULL,NULL,NULL,5,3,2,6,1,5,3,2,1,3,N,NULL,Y,N,1814,1816,1816,N,NULL,49,,,N,,N,N,,NULL,NULL,2021,O,7.27E+11,098-CS-1222  -000,MEDIUM,098-CS-1222  -000,1.191,0,0,1,1,0,0,1,0,0,0,0,0,0,1
2964,72479766,980100,2.02E+11,20200222,2351,,LEE,,AVE,,,0,,LEE AVE,Y,N,NULL,NULL,NULL,N,NULL,NULL,NULL,NULL,NULL,NULL,,NULL,NULL,NULL,NULL,,NULL,0,0,2,2,Y,N,15,NULL,98,9801,NULL,,Y,37.5008,-82.53401,N,NULL,NULL,NULL,NULL,NULL,NULL,NULL,NULL,2,97,,6,1,1,2,5,5,3,N,NULL,Y,N,2352,2358,2358,N,NULL,90,,,N,,N,N,,NULL,NULL,2020,O,7.25E+11,098-CS-1202  -000,MEDIUM,098-CS-1202  -000,0.109,0,0,0,0,0,0,0,0,0,0,0,0,0,1
2965,72556484,KSP0900,20-755734,20201024,1223,,ASHCAMP,,RD,KY0195,KY0195,0,098 KY-195,KY0195,N,N,NULL,NULL,NULL,N,NULL,NULL,NULL,NULL,NULL,NULL,2.441,NULL,NULL,NULL,NULL,,NULL,0,0,1,1,N,N,55,NULL,98,9802,NULL,,Y,37.29007,-82.4575,N,NULL,NULL,NULL,NULL,NULL,NULL,NULL,NULL,9,3,2,6,1,5,3,2,7,3,N,NULL,Y,N,1225,1311,,N,NULL,44,8,0,N,,N,N,098-KY-0195-0,NULL,NULL,2020,O,7.26E+11,098-KY-0195  -000,HIGH,098-KY-0195  -000,2.441,0,0,0,0,0,0,0,0,0,0,0,1,0,0
2966,72478788,980100,2.02E+11,20200221,653,,WILLOW,,ST,,,,,,Y,N,NULL,NULL,NULL,N,NULL,NULL,NULL,NULL,NULL,NULL,0.023,NULL,NULL,NULL,NULL,,NULL,0,0,2,2,Y,N,15,NULL,98,9801,NULL,,Y,37.48086,-82.52189,N,NULL,NULL,NULL,NULL,NULL,NULL,NULL,NULL,1,97,1,6,3,1,2,9,8,3,N,NULL,Y,N,653,654,654,N,NULL,90,,,N,,N,N,,NULL,NULL,2020,O,7.25E+11,098-CS-1161  -000,MEDIUM,098-CS-1161  -000,0.023,0,0,0,0,0,0,1,0,0,0,0,0,0,1
2967,72666525,KSP0900,21-357515,20210827,1646,,UPPER JOHNS,,CRK,KY0632,KY0632,0,098 KY-632,KY0632,N,N,NULL,NULL,NULL,N,NULL,NULL,NULL,NULL,NULL,NULL,0.305,NULL,NULL,NULL,NULL,,NULL,1,0,2,2,N,N,55,NULL,98,9817,NULL,,Y,37.49873,-82.34425,N,NULL,NULL,NULL,NULL,NULL,NULL,NULL,NULL,3,3,2,3,1,5,2,2,7,3,Y,NULL,Y,Y,1646,1710,1810,N,NULL,52,6,0,N,,N,N,098-KY-0632-0,NULL,NULL,2021,C,7.27E+11,098-KY-0632  -000,HIGH,098-KY-0632  -000,0.305,0,0,0,0,0,0,0,0,0,0,0,1,0,0
2968,72483556,980100,2.02E+11,20200303,1717,,MAYO,N,TRL,US0023,US0023,,,,N,N,NULL,NULL,NULL,N,NULL,NULL,NULL,NULL,NULL,NULL,26.806,NULL,NULL,NULL,NULL,,NULL,0,0,2,2,N,N,55,NULL,98,9801,NULL,,Y,37.50916,-82.53799,N,NULL,NULL,NULL,NULL,NULL,NULL,NULL,NULL,5,3,6,6,1,1,2,2,1,3,N,NULL,Y,N,1717,1721,1721,N,NULL,49,,1,N,,N,N,,NULL,NULL,2020,O,7.25E+11,098-US-0023  -010,MEDIUM,098-US-0023  -000,26.806,0,0,0,0,0,0,1,0,0,0,0,0,0,1
2969,72656926,KSP0900,21-315171,20210729,758,,COWPEN,,RD,KY2061,KY2061,0,098 KY-2061,KY2061,N,N,NULL,NULL,NULL,N,NULL,NULL,NULL,NULL,NULL,NULL,0.32,NULL,NULL,NULL,NULL,,NULL,0,0,2,2,N,N,55,NULL,98,9807,NULL,,Y,37.53322,-82.57189,N,NULL,NULL,NULL,NULL,NULL,NULL,NULL,NULL,3,3,2,6,1,5,2,2,7,3,N,NULL,Y,N,758,853,853,N,NULL,52,,0,N,,N,N,098-KY-2061-0,NULL,NULL,2021,O,7.27E+11,098-KY-2061  -000,HIGH,098-KY-2061  -000,0.32,0,0,1,0,0,0,0,0,0,0,0,1,0,0
2970,72646485,980100,2.02E+11,20210712,938,,BYPASS ROAD,,,,,,,,Y,N,NULL,NULL,NULL,N,NULL,NULL,NULL,NULL,NULL,NULL,,NULL,NULL,NULL,NULL,,NULL,0,0,2,2,N,N,15,NULL,98,9801,NULL,,Y,37.47213,-82.52276,N,NULL,NULL,NULL,NULL,NULL,NULL,NULL,NULL,2,97,2,6,2,1,2,2,1,3,N,NULL,Y,N,938,943,943,N,NULL,90,,,N,,N,N,,NULL,NULL,2021,O,7.26E+11,098-CS-1223  -000,MEDIUM,098-CS-1223  -000,0.042,0,0,0,1,0,0,1,0,0,0,0,0,0,1
2971,72430861,KSP0900,19-42782,20191030,2012,,BILLY DOTSON,,BR,,,0,098 CR-1828E,CR1828E,N,N,NULL,NULL,NULL,N,NULL,NULL,NULL,NULL,NULL,NULL,0.056,NULL,NULL,NULL,NULL,,NULL,0,0,1,1,N,N,45,NULL,98,9804,NULL,,Y,37.54135,-82.16286,N,NULL,NULL,NULL,NULL,NULL,NULL,NULL,NULL,9,3,2,3,1,5,6,6,7,3,N,NULL,Y,N,2012,2012,2040,N,NULL,44,,,N,,N,N,098-CR-1828E-0,NULL,NULL,2019,O,7.24E+11,098-CR-1828E -000,HIGH,098-CR-1828E -000,0.056,0,0,0,0,0,0,0,0,0,0,0,1,0,0
2972,72657760,KSP0900,21-335169,20210812,1221,,KY195,,,KY0195,KY0195,0,098 KY-195,KY0195,N,N,NULL,NULL,NULL,N,NULL,NULL,NULL,NULL,NULL,NULL,10.774,NULL,NULL,NULL,NULL,,NULL,0,0,1,1,N,N,55,NULL,98,9802,5,W,N,37.35895,-82.4183,N,NULL,NULL,NULL,NULL,NULL,NULL,NULL,NULL,9,5,2,6,1,1,2,2,7,3,N,NULL,Y,N,1221,1251,1315,N,NULL,44,7,0,N,,N,N,098-KY-0195-0,NULL,NULL,2021,O,7.27E+11,098-KY-0195  -000,HIGH,098-KY-0195  -000,10.774,0,0,0,0,0,0,0,0,0,0,0,1,0,0
2973,72519250,KSP0900,20-590936,20200709,810,,MALL,,RD,,,0,098 CR-1037,CR1037,Y,N,NULL,NULL,NULL,N,NULL,NULL,NULL,NULL,NULL,NULL,0.32,NULL,NULL,NULL,NULL,,NULL,0,0,2,2,N,N,,NULL,98,9834,NULL,,Y,37.65605,-82.27092,N,NULL,NULL,NULL,NULL,NULL,NULL,NULL,NULL,5,97,,6,1,1,2,2,7,3,N,NULL,N,N,810,840,840,N,NULL,90,,,N,,N,N,098-CR-1037-0,NULL,NULL,2020,O,7.25E+11,098-CR-1037  -000,HIGH,098-CR-1037  -000,0.32,0,0,0,1,0,0,0,1,0,0,0,0,0,0
2974,72647346,KSP0900,21-278238,20210705,2219,,ASHCAMP,,RD,KY0195,KY0195,0,098 KY-195,KY0195,N,N,NULL,NULL,NULL,N,NULL,NULL,NULL,NULL,NULL,NULL,2.106,NULL,NULL,NULL,NULL,,NULL,0,0,1,1,N,N,55,NULL,98,9802,NULL,,Y,37.28631,-82.45513,N,NULL,NULL,NULL,NULL,NULL,NULL,NULL,NULL,9,3,2,2,1,1,2,6,7,3,N,NULL,Y,N,2226,2247,,N,NULL,38,8,0,N,,N,N,098-KY-0195-0,NULL,NULL,2021,O,7.26E+11,098-KY-0195  -000,HIGH,098-KY-0195  -000,2.106,0,0,0,0,0,0,0,0,0,0,0,0,0,0
2975,72769204,980100,2.02E+11,20220603,1413,,CASSIDY,,BLVD,,,0,098 CS-1191,CS1191,Y,N,NULL,NULL,NULL,N,NULL,NULL,NULL,NULL,NULL,NULL,0.348,NULL,NULL,NULL,NULL,,NULL,0,0,2,2,N,N,,NULL,98,9801,NULL,,Y,37.50517,-82.53782,N,NULL,NULL,NULL,NULL,NULL,NULL,NULL,NULL,2,97,,6,1,1,2,2,1,3,N,NULL,Y,N,1413,1422,1422,N,NULL,90,,,N,,N,N,098-CS-1191-0,NULL,NULL,2022,O,7.28E+11,098-CS-1191  -000,HIGH,098-CS-1191  -000,0.348,0,0,0,1,0,0,0,0,0,0,0,0,0,1
2976,72544721,KSP0900,20-709555,20200922,855,,US23,,,US0023,US0023,0,098 US-23,US0023,N,Y,KY3218,,,N,NULL,NULL,NULL,NULL,NULL,NULL,31.595,NULL,NULL,NULL,NULL,,NULL,0,0,1,1,N,N,55,NULL,98,9801,NULL,,Y,37.53687,-82.60168,N,NULL,NULL,NULL,NULL,NULL,NULL,NULL,NULL,9,3,4,6,1,1,2,2,7,3,N,NULL,Y,N,857,857,905,N,NULL,3,,1,N,,N,N,098-US-0023-0,NULL,NULL,2020,O,7.25E+11,098-US-0023  -000,HIGH,098-US-0023  -000,31.595,0,0,0,0,0,0,0,0,0,0,1,0,0,1
2977,72689829,980100,2.02E+11,20211025,907,,BYPASS,S,RD,KY1426,KY1426,0,098 KY-1426,KY1426,Y,N,NULL,NULL,NULL,N,NULL,NULL,NULL,NULL,NULL,NULL,5.698,NULL,NULL,NULL,NULL,,NULL,0,0,2,2,N,N,15,NULL,98,9801,NULL,,Y,37.4728,-82.5227,N,NULL,NULL,NULL,NULL,NULL,NULL,NULL,NULL,7,97,2,4,2,1,2,2,1,3,N,NULL,Y,N,907,912,912,N,NULL,90,,0,N,,N,N,098-KY-1426-0,NULL,NULL,2021,O,7.27E+11,098-KY-1426  -000,HIGH,098-KY-1426  -000,5.698,0,0,0,0,0,0,1,0,0,0,0,1,0,1
2978,72554027,980100,2.02E+11,20201017,709,,KY1426,,,KY1426,KY1426,,,,N,N,NULL,NULL,NULL,N,NULL,NULL,NULL,NULL,NULL,NULL,7.037,NULL,NULL,NULL,NULL,,NULL,1,0,1,1,N,N,45,NULL,98,9801,NULL,,Y,37.48728,-82.50755,N,NULL,NULL,NULL,NULL,NULL,NULL,NULL,NULL,9,4,2,5,1,1,2,3,1,3,N,NULL,Y,Y,709,713,,N,NULL,44,,0,N,,N,N,,NULL,NULL,2020,C,7.26E+11,098-KY-1426  -000,HIGH,098-KY-1426  -000,7.037,0,0,1,0,0,0,0,0,0,0,0,1,0,1
2979,72778565,980000,2207007,20220701,1430,,APPLACHIAN PLAZZA,W,,,,,,,N,N,NULL,NULL,NULL,N,NULL,NULL,NULL,NULL,NULL,NULL,,NULL,NULL,NULL,NULL,NULL,NULL,0,0,2,2,N,N,15,NULL,98,9834,2,N,N,37.666,-82.27404,N,NULL,NULL,NULL,NULL,NULL,NULL,NULL,NULL,2,7,2,3,1,1,2,2,1,3,N,NULL,N,Y,1437,1442,1520,N,NULL,56,,,N,,N,N,,NULL,NULL,2022,O,7.28E+11,098-PR-1008  -000,MEDIUM,098-PR-1008  -000,0.031,0,0,0,0,0,0,1,0,0,0,0,0,0,0
2980,72734839,980100,2.02E+11,20220219,1614,,KY3496,,,KY3496,KY3496,0,098 KY-3496,KY3496,Y,N,NULL,NULL,NULL,N,NULL,NULL,NULL,NULL,NULL,NULL,0.583,NULL,NULL,NULL,NULL,,NULL,0,0,2,2,N,N,15,NULL,98,9801,NULL,,Y,37.47122,-82.53325,N,NULL,NULL,NULL,NULL,NULL,NULL,NULL,NULL,5,97,2,6,1,1,2,2,1,3,N,NULL,Y,N,1614,1622,1622,N,NULL,90,16,0,N,,N,N,098-KY-3496-0,NULL,NULL,2022,O,7.27E+11,098-KY-3496  -000,HIGH,098-KY-3496  -000,0.583,0,0,0,1,0,0,1,0,0,0,0,0,0,1
2981,72576639,980100,2.02E+11,20201217,1233,,CEDAR HILLS,,DR,KY3417,KY3417,0,098 KY-3417,KY3417,N,N,NULL,NULL,NULL,N,NULL,NULL,NULL,NULL,NULL,NULL,0.883,NULL,NULL,NULL,NULL,,NULL,0,0,3,3,N,N,35,NULL,98,9801,NULL,,Y,37.47396,-82.55717,N,NULL,NULL,NULL,NULL,NULL,NULL,NULL,NULL,5,3,2,6,1,5,3,2,6,3,N,NULL,Y,N,1233,1240,1323,Y,NULL,47,17,0,N,,N,N,098-KY-3417-0,NULL,NULL,2020,O,7.26E+11,098-KY-3417  -000,HIGH,098-KY-3417  -000,0.883,0,0,1,0,0,0,0,0,0,0,0,1,0,1
2982,72580708,KSP0900,20-780339,20201110,600,,WILLIAMSON,,RD,KY0292,KY0292,0,098 KY-292,KY0292,N,N,NULL,NULL,NULL,N,NULL,NULL,NULL,NULL,NULL,NULL,5.233,NULL,NULL,NULL,NULL,,NULL,0,0,2,2,N,N,45,NULL,98,9834,NULL,,Y,37.67313,-82.28342,N,NULL,NULL,NULL,NULL,NULL,NULL,NULL,NULL,7,3,2,6,1,1,3,6,7,3,N,NULL,Y,N,601,630,800,N,NULL,47,7,0,Y,,N,N,098-KY-0292-0,NULL,NULL,2020,O,7.26E+11,098-KY-0292  -000,HIGH,098-KY-0292  -000,5.233,0,0,0,0,0,0,1,0,0,0,0,0,0,0
2983,72623202,980500,2021AR020,20210510,1510,,POWER DRIVE,,,,,,,,N,N,NULL,NULL,NULL,N,NULL,NULL,NULL,NULL,NULL,NULL,,NULL,NULL,NULL,NULL,NULL,NULL,0,0,2,2,N,N,25,NULL,98,9807,NULL,,Y,37.51507,-82.55946,N,NULL,NULL,NULL,NULL,NULL,NULL,NULL,NULL,5,3,2,4,1,1,2,2,7,3,N,NULL,Y,N,1510,1510,1530,N,NULL,49,,,N,,N,N,,NULL,NULL,2021,O,7.26E+11,098-CS-3012  -000,MEDIUM,098-CS-3012  -000,0.019,0,0,0,1,0,0,0,0,0,0,0,0,0,0
2984,72610077,KSP0900,21-131327,20210403,56,,FOREST HILLS,,RD,KY0308,KY0308,0,098 KY-308,KY0308,N,N,NULL,NULL,NULL,N,NULL,NULL,NULL,NULL,NULL,NULL,0.547,NULL,NULL,NULL,NULL,,NULL,0,0,1,1,N,N,35,NULL,98,9836,NULL,,Y,37.63214,-82.29423,N,NULL,NULL,NULL,NULL,NULL,NULL,NULL,NULL,9,3,1,6,1,1,2,4,6,3,N,NULL,N,N,2331,2331,2331,N,NULL,44,8,0,N,,N,N,098-KY-0308-0,NULL,NULL,2021,O,7.26E+11,098-KY-0308  -000,HIGH,098-KY-0308  -000,0.547,0,0,0,0,0,0,0,0,1,1,0,1,0,0
2985,72595627,980100,2.02E+11,20201207,702,,US23,,,US0023,US0023,0,098 US-23,US0023,N,N,NULL,NULL,NULL,N,NULL,NULL,NULL,NULL,NULL,NULL,25.718,NULL,NULL,NULL,NULL,,NULL,0,1,2,2,N,N,55,NULL,98,9801,NULL,,Y,37.49564,-82.5312,N,NULL,NULL,NULL,NULL,NULL,NULL,NULL,NULL,1,3,4,6,1,5,3,6,1,3,Y,NULL,Y,Y,704,706,1102,N,NULL,55,,1,N,,N,Y,098-US-0023-0,NULL,NULL,2020,K,7.26E+11,098-US-0023  -000,HIGH,098-US-0023  -000,25.718,0,1,0,0,0,0,0,0,1,1,0,1,1,1
2986,72756653,980100,2.02E+11,20220423,1810,,BYPASS,N,RD,KY1460,KY1460,0,098 KY-1460,KY1460,N,N,NULL,NULL,NULL,N,NULL,NULL,NULL,NULL,NULL,NULL,5.192,NULL,NULL,NULL,NULL,,NULL,1,0,2,2,N,N,45,NULL,98,9801,NULL,,Y,37.48429,-82.51468,N,NULL,NULL,NULL,NULL,NULL,NULL,NULL,NULL,3,3,2,3,1,1,2,2,1,3,N,NULL,N,Y,1810,1811,1900,N,NULL,47,16,0,Y,,N,N,098-KY-1460-0,NULL,NULL,2022,B,7.28E+11,098-KY-1460  -000,HIGH,098-KY-1460  -000,5.192,0,0,0,1,0,0,0,0,1,0,0,0,0,1
2987,72689745,KSP0900,21-445194,20211029,1800,,KY3418,,,KY3418,KY3418,0,098 KY-3418,KY3418,N,N,NULL,NULL,NULL,N,NULL,NULL,NULL,NULL,NULL,NULL,4.703,NULL,NULL,NULL,NULL,,NULL,1,0,1,1,N,N,55,NULL,98,9836,NULL,,Y,37.45745,-82.38937,N,NULL,NULL,NULL,NULL,NULL,NULL,NULL,NULL,9,3,2,5,1,5,3,2,7,3,N,NULL,Y,N,1800,1800,1800,N,NULL,44,9,0,N,,N,N,098-KY-3418-0,NULL,NULL,2021,C,7.27E+11,098-KY-3418  -000,HIGH,098-KY-3418  -000,4.703,0,0,0,0,0,0,0,0,0,0,0,1,0,0
2988,72545760,KSP0900,20-711195,20200923,1320,,US119,,,US0119,US0119,0,098 US-119-10,US0119,N,N,NULL,NULL,NULL,N,NULL,NULL,NULL,NULL,NULL,NULL,18.724,NULL,NULL,NULL,NULL,,NULL,0,0,2,2,N,N,55,NULL,98,9814,NULL,,Y,37.59796,-82.27704,N,NULL,NULL,NULL,NULL,NULL,NULL,NULL,NULL,1,3,2,6,1,1,2,2,7,3,N,NULL,Y,N,1320,1330,1350,N,NULL,55,2,1,N,,N,N,098-US-0119-10,NULL,NULL,2020,O,7.25E+11,098-US-0119  -010,HIGH,098-US-0119  -000,18.724,0,0,0,0,0,0,1,1,0,0,0,0,0,0
2989,72482412,980100,2.02E+11,20200225,1245,,JULIUS,,AVE,,,0,098 CS-1156,CS1156,N,N,NULL,NULL,NULL,N,NULL,NULL,NULL,NULL,NULL,NULL,0.032,NULL,NULL,NULL,NULL,,NULL,0,0,2,2,N,N,25,NULL,98,9801,NULL,,Y,37.47663,-82.52286,N,NULL,NULL,NULL,NULL,NULL,NULL,NULL,NULL,5,3,1,4,1,1,2,2,6,3,N,NULL,Y,N,1245,1247,1247,N,NULL,47,,,N,,N,N,098-CS-1156-0,NULL,NULL,2020,O,7.25E+11,098-CS-1156  -000,HIGH,098-CS-1156  -000,0.032,0,0,0,0,0,0,0,0,0,0,0,1,0,1
2990,72709479,980100,2.02E+11,20211207,1601,,US23,,,US0023,US0023,0,098 US-23,US0023,N,N,NULL,NULL,NULL,N,NULL,NULL,NULL,NULL,NULL,NULL,23.053,NULL,NULL,NULL,NULL,,NULL,0,0,2,2,N,N,55,NULL,98,9801,NULL,,Y,37.46582,-82.52796,N,NULL,NULL,NULL,NULL,NULL,NULL,NULL,NULL,5,3,4,6,1,1,2,2,7,3,N,NULL,Y,N,1602,1603,1603,N,NULL,49,,1,N,,N,N,098-US-0023-0,NULL,NULL,2021,O,7.27E+11,098-US-0023  -000,HIGH,098-US-0023  -000,23.053,0,0,0,0,0,0,1,1,0,0,0,0,0,1
2991,72506970,KSP0900,20-17237,20200508,1102,,BARRENSHEE,,CRK,,,0,098 CR-1847,CR1847,N,N,NULL,NULL,NULL,N,NULL,NULL,NULL,NULL,NULL,NULL,0.683,NULL,NULL,NULL,NULL,,NULL,1,0,2,2,N,N,35,NULL,98,9811,NULL,,Y,37.54501,-82.13612,N,NULL,NULL,NULL,NULL,NULL,NULL,NULL,NULL,2,3,2,6,1,1,3,2,7,3,Y,NULL,Y,N,1102,1124,1102,N,NULL,56,,,N,,N,N,098-CR-1847-0,NULL,NULL,2020,C,7.25E+11,098-CR-1847  -000,HIGH,098-CR-1847  -000,0.683,0,0,0,0,0,0,1,0,0,1,0,0,0,0
2992,72676479,KSP0900,21-399197,20210926,1517,,US23,,,US0023,US0023,0,098 US-23-10,US0023,Y,N,NULL,NULL,NULL,N,NULL,NULL,NULL,NULL,NULL,NULL,29.062,NULL,NULL,NULL,NULL,,NULL,0,0,2,2,N,N,55,NULL,98,9807,NULL,,Y,37.52449,-82.57277,N,NULL,NULL,NULL,NULL,NULL,NULL,NULL,NULL,7,97,4,6,1,1,2,2,5,3,N,NULL,Y,N,1519,1522,1522,N,NULL,90,,1,N,,N,N,098-US-0023-10,NULL,NULL,2021,O,7.27E+11,098-US-0023  -010,HIGH,098-US-0023  -000,29.062,0,0,0,0,0,0,1,0,0,0,0,0,0,0
2993,72500449,KSP0900,20-16993,20200506,1730,,STONE COAL CREEK,,RD,KY3227,KY3227,0,098 KY-3227,KY3227,N,N,NULL,NULL,NULL,N,NULL,NULL,NULL,NULL,NULL,NULL,2.307,NULL,NULL,NULL,NULL,,NULL,0,0,2,2,N,N,55,NULL,98,9801,3.2,N,N,37.53674,-82.52721,N,NULL,NULL,NULL,NULL,NULL,NULL,NULL,NULL,7,3,2,1,1,1,3,2,6,3,N,NULL,Y,N,1806,1834,,N,NULL,54,8,0,N,,N,N,098-KY-3227-0,NULL,NULL,2020,O,7.25E+11,098-KY-3227  -000,HIGH,098-KY-3227  -000,2.307,0,0,0,0,0,0,0,0,0,0,0,1,0,0
2994,72690961,KSP0900,21-449304,20211101,1900,,US119,,,US0119,US0119,0,098 US-119-10,US0119,N,N,NULL,NULL,NULL,N,NULL,NULL,NULL,NULL,NULL,NULL,16.146,NULL,NULL,NULL,NULL,,NULL,0,0,1,1,N,N,55,NULL,98,9833,NULL,,Y,37.60834,-82.31878,N,NULL,NULL,NULL,NULL,NULL,NULL,NULL,NULL,9,3,4,6,1,1,2,6,7,3,N,NULL,N,N,1900,1907,1907,N,NULL,38,2,1,N,,N,N,098-US-0119-10,NULL,NULL,2021,O,7.27E+11,098-US-0119  -010,HIGH,098-US-0119  -000,16.146,0,0,0,0,0,0,0,0,0,0,0,0,0,0
2995,72691056,980000,21-11-001,20211102,820,,US119,,,US0119,US0119,0,098 US-119,US0119,N,N,NULL,NULL,NULL,N,NULL,NULL,NULL,NULL,NULL,NULL,7.176,NULL,NULL,NULL,NULL,,NULL,0,0,1,1,N,N,55,NULL,98,9801,5,N,N,37.55035,-82.43388,N,NULL,NULL,NULL,NULL,NULL,NULL,NULL,NULL,9,3,2,1,1,5,6,2,1,3,N,NULL,Y,Y,820,831,841,N,NULL,38,2,1,N,,N,N,098-US-0119-0,NULL,NULL,2021,O,7.27E+11,098-US-0119  -000,HIGH,098-US-0119  -000,7.176,0,0,0,0,0,0,0,0,0,0,0,0,0,0
2996,72787207,KSP0900,22-264967,20220712,1406,,US119,,,US0119,US0119,0,098 US-119,US0119,N,N,NULL,NULL,NULL,N,NULL,NULL,NULL,NULL,NULL,NULL,23.836,NULL,NULL,NULL,NULL,,NULL,0,0,2,2,N,N,45,NULL,98,9812,NULL,,Y,37.6552,-82.26946,N,NULL,NULL,NULL,NULL,NULL,NULL,NULL,NULL,1,3,4,6,1,1,2,2,3,3,N,NULL,Y,N,1406,1411,1406,N,NULL,55,2,1,N,,N,N,098-US-0119-0,NULL,NULL,2022,O,7.28E+11,098-US-0119  -000,HIGH,098-US-0119  -000,23.836,0,0,0,1,0,0,0,1,0,0,0,0,0,0