OBJECTID,MasterFile,AgencyORINumber,LocalCode,CollisionDate,CollisionTime,CollisionDayWeekCode,RoadwayName,RoadwayName_Direction_,RoadwayName_RoadwaySuffix_,RoadwayfromReport,CurrentRoadwayNumber,RoadwayNumberCoupletID,RSEUniqueGIS,RoadwayIdentifier,ParkingLotIndicator,IntersectionWith_Indicator_,IntersectionWith_NameRoadway_,IntersectionWith_Direction_,IntersectionWith_RoadwaySuffix_,BetweenStreets_Indicator_,BetweenStreets1_NameRoadway_,BetweenStreet1_Direction_,BetweenStreets1_RoadwaySuffix_,BetweenStreets2_NameRoadway_,BetweenStreets2_Direction_,BetweenStreets2_RoadwaySuffix_,Milepoint,ReportMilepointDeriveNumber,CurrentDerivedMiepointNumber,MilestoMilepoint,FeettoMilepoint,DirectionfromMilepoint_NSEW_,ValidMilepointIndicator,NumberInjured,NumberKilled,ofUnits,ofMotorVehicleUnits,Hit&RunIndicator,OneWayIndicator,SpeedLimitNumber,KilometersIndicator,CountyCode,CityCountyCode,MilesFromCity,DirectionFromCity_NSEW_,InCityLimitsIndicator,Latitude,Longitude,RampIndicator,RampFromIdentifier,RampFromDirCode,RampFromCoupletID,RSEUniqueGISRampFrom,RampToidentifier,RampToDirCode,RampToCoupletID,RSEUniqueGisRampTo,MannerofCollisionCode,LocationFirstEventCode,TotalLanes,RoadwayCharacterCode,RoadwaySurfaceCode,RoadwayConditionCode,WeatherCode,LightConditionCode,LandUseCode,SchoolBusRelatedCode,FirstAidSceneIndicator,CollDescPresentInd,InvestigationCompleteIndicator,PhotosTakenIndicator,TimeNotified,TimeArrived,TimeRoadwayOpened,PropertyDamageIndicator,DiagramPresentIndicator,DirectionalAnalysis,FunctionClassCode,NationalHwySysCode,EnforcementsIndicator,KARSCityCode,SecondaryCollisionIndicator,MedianCrossoverIndicator,RT_UNIQUE,MapIt,TimeLastLeft,YR,KABCO,MFNY,WorkingRID,RT_CONFIDENCE,KTC_RT,KTC_MP,Motorcyclist,Commercial Vehicle,Young Driver,Mature Driver,Pedestrian,Bicyclist,Distracted,Aggressive,Impaired,Unrestrained,Intersection,Roadway Departure,Median Cross-over,City Crash
2997,72840858,KSP0900,22-469156,20221208,2006,,ELKHORN,,CRK,KY0197,KY0197,0,098 KY-197,KY0197,N,N,NULL,NULL,NULL,N,NULL,NULL,NULL,NULL,NULL,NULL,10.956,NULL,NULL,NULL,NULL,,NULL,2,0,1,1,N,N,55,NULL,98,9802,NULL,,Y,37.27233,-82.4189,N,NULL,NULL,NULL,NULL,NULL,NULL,NULL,NULL,9,5,2,3,1,5,6,6,7,3,Y,NULL,Y,Y,1944,2006,2132,N,NULL,44,7,0,N,,Y,N,098-KY-0197-0,NULL,NULL,2022,C,7.28E+11,098-KY-0197  -000,HIGH,098-KY-0197  -000,10.956,0,0,0,0,0,0,0,0,0,0,0,1,0,0
2998,72507076,KSP0900,20-20411,20200530,1236,,LONG FORK,,RD,KY1469,KY1469,0,098 KY-1469,KY1469,N,N,NULL,NULL,NULL,N,NULL,NULL,NULL,NULL,NULL,NULL,9.107,NULL,NULL,NULL,NULL,,NULL,0,0,1,1,N,N,55,NULL,98,9827,NULL,,Y,37.32265,-82.61597,N,NULL,NULL,NULL,NULL,NULL,NULL,NULL,NULL,9,3,2,6,1,1,2,2,7,3,N,NULL,Y,N,1238,1312,,N,NULL,70,8,0,N,,N,N,098-KY-1469-0,NULL,NULL,2020,O,7.25E+11,098-KY-1469  -000,HIGH,098-KY-1469  -000,9.107,0,0,0,0,0,0,0,0,0,0,0,1,0,0
2999,72766331,980100,2.02E+11,20220527,707,,BYPASS,,RD,,,0,098 CS-1223,CS1223,Y,N,NULL,NULL,NULL,N,NULL,NULL,NULL,NULL,NULL,NULL,,NULL,NULL,NULL,NULL,NULL,NULL,0,0,2,2,N,N,,NULL,98,9801,NULL,,Y,37.47128,-82.52117,N,NULL,NULL,NULL,NULL,NULL,NULL,NULL,NULL,2,97,1,6,2,1,3,2,1,3,N,NULL,Y,N,707,710,710,N,NULL,90,,,N,,N,N,098-CS-1223-0,NULL,NULL,2022,O,7.28E+11,098-CS-1223  -000,HIGH,098-CS-1223  -000,0.136,0,0,0,0,0,0,1,0,0,0,0,0,0,1
3000,72585864,980100,2.02E+11,20210111,1142,,BAIRD,,AVE,KY1426,KY1426,0,098 KY-1426,KY1426,N,N,NULL,NULL,NULL,N,NULL,NULL,NULL,NULL,NULL,NULL,5.394,NULL,NULL,NULL,NULL,,NULL,0,0,3,3,N,N,55,NULL,98,9801,NULL,,Y,37.47328,-82.52711,N,NULL,NULL,NULL,NULL,NULL,NULL,NULL,NULL,1,3,2,6,1,1,2,2,1,3,N,NULL,Y,N,1143,1150,,N,NULL,55,,0,N,,N,N,098-KY-1426-0,NULL,NULL,2021,O,7.26E+11,098-KY-1426  -000,HIGH,098-KY-1426  -000,5.394,0,0,0,0,0,0,1,0,0,0,0,0,0,1
3001,72662160,980000,21-08-004,20210812,755,,DOUGLAS,,PARK,,,0,098 CR-1704,CR1704,Y,N,NULL,NULL,NULL,N,NULL,NULL,NULL,NULL,NULL,NULL,,NULL,NULL,NULL,NULL,,NULL,0,0,2,2,N,N,15,NULL,98,9823,NULL,,Y,37.37948,-82.53841,N,NULL,NULL,NULL,NULL,NULL,NULL,NULL,NULL,7,97,2,6,1,1,2,2,8,3,N,NULL,Y,N,800,800,820,N,NULL,90,,,N,,N,N,098-CR-1704-0,NULL,NULL,2021,O,7.27E+11,098-CR-1704  -000,HIGH,098-CR-1704  -000,0.114,0,0,1,0,0,0,0,0,0,0,0,0,0,0
3002,72775992,980100,2.02E+12,20220623,1837,,HAROLDS BRANCH,,RD,,,0,098 CS-1223,CS1223,Y,N,NULL,NULL,NULL,N,NULL,NULL,NULL,NULL,NULL,NULL,0.08,NULL,NULL,NULL,NULL,,NULL,0,0,2,2,N,N,,NULL,98,9801,NULL,,Y,37.47178,-82.52211,N,NULL,NULL,NULL,NULL,NULL,NULL,NULL,NULL,7,97,,6,2,1,2,2,5,3,N,NULL,Y,N,1837,1847,1905,N,NULL,90,,,N,,N,N,098-CS-1223-0,NULL,NULL,2022,O,7.28E+11,098-CS-1223  -000,HIGH,098-CS-1223  -000,0.08,0,0,0,0,0,0,0,0,0,0,0,0,0,1
3003,72501360,980100,2.02E+11,20200512,1322,,MCDONALDS DRIVE THRU,,,,,,,,Y,N,NULL,NULL,NULL,N,NULL,NULL,NULL,NULL,NULL,NULL,,NULL,NULL,NULL,NULL,NULL,NULL,0,0,2,2,N,Y,15,NULL,98,9801,NULL,,Y,37.47326,-82.52759,N,NULL,NULL,NULL,NULL,NULL,NULL,NULL,NULL,5,97,1,6,1,1,2,2,1,3,N,NULL,Y,N,1322,1322,1322,N,NULL,90,,,N,,N,N,,NULL,NULL,2020,O,7.25E+11,098-KY-1426  -000,MEDIUM,098-KY-1426  -000,5.391,0,0,0,0,0,0,0,0,0,0,0,0,0,1
3004,72722441,980100,2.02E+11,20220119,1533,,BYPASS,S,RD,KY1426,KY1426,0,098 KY-1426,KY1426,Y,N,NULL,NULL,NULL,N,NULL,NULL,NULL,NULL,NULL,NULL,5.675,NULL,NULL,NULL,NULL,,NULL,0,0,2,2,N,N,15,NULL,98,9801,NULL,,Y,37.4727,-82.52311,N,NULL,NULL,NULL,NULL,NULL,NULL,NULL,NULL,8,97,2,6,2,1,2,5,1,3,N,NULL,Y,N,1533,1540,1540,N,NULL,90,,0,N,,N,N,098-KY-1426-0,NULL,NULL,2022,O,7.27E+11,098-KY-1426  -000,HIGH,098-KY-1426  -000,5.675,0,0,0,0,0,0,1,0,0,0,0,0,0,1
3005,72670182,980100,2.02E+11,20210913,1712,,HAMBLEY,,BLVD,,,0,098 CS-1222,CS1222,N,N,NULL,NULL,NULL,N,NULL,NULL,NULL,NULL,NULL,NULL,0.66,NULL,NULL,NULL,NULL,,NULL,0,0,4,4,N,N,25,NULL,98,9801,NULL,,Y,37.48047,-82.51905,N,NULL,NULL,NULL,NULL,NULL,NULL,NULL,NULL,5,3,2,6,1,1,2,2,7,3,N,NULL,Y,N,1713,1715,1800,N,NULL,49,,,Y,,N,N,098-CS-1222-0,NULL,NULL,2021,O,7.27E+11,098-CS-1222  -000,HIGH,098-CS-1222  -000,0.66,0,0,0,0,0,0,1,0,0,0,0,0,0,1
3006,72749161,980100,2.02E+11,20220410,1909,,US23 SOUTH,,,,,,,,N,N,NULL,NULL,NULL,N,NULL,NULL,NULL,NULL,NULL,NULL,,NULL,NULL,NULL,NULL,NULL,NULL,0,0,2,2,N,Y,55,NULL,98,9801,NULL,,Y,37.47297,-82.53516,N,NULL,NULL,NULL,NULL,NULL,NULL,NULL,NULL,8,3,1,3,1,1,2,2,1,3,N,NULL,Y,N,1909,1935,2026,N,NULL,53,,,N,,N,N,,NULL,NULL,2022,O,7.27E+11,098-US-0023  -131,MEDIUM,098-US-0023  -131,0.155,0,0,0,0,0,0,0,0,0,0,0,1,0,1
3007,72671330,980100,2.02E+11,20210914,902,,BYPASS,N,RD,KY1460,KY1460,,,,N,Y,REDALE,,RD,N,NULL,NULL,NULL,NULL,NULL,NULL,5.779,NULL,NULL,NULL,NULL,,NULL,0,0,2,2,N,N,45,NULL,98,9801,NULL,,Y,37.48729,-82.5242,N,NULL,NULL,NULL,NULL,NULL,NULL,NULL,NULL,8,3,2,6,1,1,2,2,7,3,N,NULL,N,N,902,904,,N,NULL,19,16,0,N,,N,N,,NULL,NULL,2021,O,7.27E+11,098-KY-1460  -000,HIGH,098-KY-1460  -000,5.779,0,0,0,0,0,0,1,0,0,0,1,0,0,1
3008,72689304,KSP0900,21-444323,20211029,545,,KY194,,,KY0194,KY0194,0,098 KY-194,KY0194,N,N,NULL,NULL,NULL,N,NULL,NULL,NULL,NULL,NULL,NULL,17.665,NULL,NULL,NULL,NULL,,NULL,1,0,1,1,N,N,55,NULL,98,9817,NULL,,Y,37.55589,-82.43358,N,NULL,NULL,NULL,NULL,NULL,NULL,NULL,NULL,9,3,2,3,1,5,6,6,7,3,Y,NULL,Y,Y,545,555,645,N,NULL,44,7,0,N,,N,N,098-KY-0194-0,NULL,NULL,2021,B,7.27E+11,098-KY-0194  -000,HIGH,098-KY-0194  -000,17.665,0,0,1,0,0,0,0,0,0,0,0,1,0,0
3009,72584587,KSP0900,21-17183,20210113,1705,,ELKHORN,,CRK,KY0197,KY0197,,,,N,N,NULL,NULL,NULL,N,NULL,NULL,NULL,NULL,NULL,NULL,4.69,NULL,NULL,NULL,NULL,,NULL,1,0,2,2,N,N,55,NULL,98,9864,NULL,,Y,37.24174,-82.50835,N,NULL,NULL,NULL,NULL,NULL,NULL,NULL,NULL,1,3,2,6,1,1,2,2,7,3,Y,NULL,Y,Y,1710,1717,1705,N,NULL,55,7,0,N,,N,N,,NULL,NULL,2021,A,7.26E+11,098-KY-0197  -000,MEDIUM,098-KY-0197  -000,4.69,0,0,1,0,0,0,1,0,0,0,0,0,0,0
3010,72600024,KSP0900,21-84302,20210303,836,,VIRGIE,,RD,KY0610,KY0610,0,098 KY-610,KY0610,N,N,NULL,NULL,NULL,N,NULL,NULL,NULL,NULL,NULL,NULL,8.686,NULL,NULL,NULL,NULL,,NULL,0,0,1,1,N,N,35,NULL,98,9827,NULL,,Y,37.34603,-82.59228,N,NULL,NULL,NULL,NULL,NULL,NULL,NULL,NULL,9,3,2,3,1,2,2,2,7,3,N,NULL,Y,Y,836,900,910,N,NULL,44,7,0,N,,N,N,098-KY-0610-0,NULL,NULL,2021,O,7.26E+11,098-KY-0610  -000,HIGH,098-KY-0610  -000,8.686,0,0,1,0,0,0,0,0,0,0,0,1,0,0
3011,72832643,KSP0900,22-441353,20221117,1253,,WILLIAMSON,,RD,KY0292,KY0292,0,098 KY-292,KY0292,N,N,NULL,NULL,NULL,N,NULL,NULL,NULL,NULL,NULL,NULL,8.768,NULL,NULL,NULL,NULL,,NULL,0,0,1,1,N,N,45,NULL,98,9826,NULL,,Y,37.69772,-82.30174,N,NULL,NULL,NULL,NULL,NULL,NULL,NULL,NULL,9,3,2,6,1,1,2,2,7,3,N,NULL,N,N,1253,1320,1400,Y,NULL,44,7,0,N,,N,N,098-KY-0292-0,NULL,NULL,2022,O,7.28E+11,098-KY-0292  -000,HIGH,098-KY-0292  -000,8.768,0,0,0,0,0,0,0,0,0,0,0,1,0,0
3012,72715853,980100,2.02E+11,20211226,1838,,BAIRD,,AVE,KY1426,KY1426,0,098 KY-1426,KY1426,N,N,NULL,NULL,NULL,N,NULL,NULL,NULL,NULL,NULL,NULL,5.388,NULL,NULL,NULL,NULL,,NULL,0,0,2,2,N,N,25,NULL,98,9801,NULL,,Y,37.47305,-82.52707,N,NULL,NULL,NULL,NULL,NULL,NULL,NULL,NULL,1,3,2,6,1,1,3,7,1,3,N,NULL,Y,N,1838,1838,,N,NULL,55,,0,N,,N,N,098-KY-1426-0,NULL,NULL,2021,O,7.27E+11,098-KY-1426  -000,HIGH,098-KY-1426  -000,5.388,0,0,0,0,0,0,1,0,0,0,0,0,0,1
3013,72693794,980100,2.02E+11,20211103,1512,,SCOTT,,AVE,,,0,098 CS-1116,CS1116,N,N,NULL,NULL,NULL,N,NULL,NULL,NULL,NULL,NULL,NULL,0.131,NULL,NULL,NULL,NULL,,NULL,0,0,2,2,N,N,25,NULL,98,9801,NULL,,Y,37.48317,-82.51736,N,NULL,NULL,NULL,NULL,NULL,NULL,NULL,NULL,2,7,1,6,1,1,3,2,6,3,N,NULL,Y,N,1512,1512,1512,N,NULL,47,,,N,,N,N,098-CS-1116-0,NULL,NULL,2021,O,7.27E+11,098-CS-1116  -000,HIGH,098-CS-1116  -000,0.131,0,0,0,0,0,0,1,0,0,0,0,0,0,1
3014,72452551,980500,2019AR075,20191217,1354,,WEDDINGTON PLAZA,,,,,,,,Y,N,NULL,NULL,NULL,N,NULL,NULL,NULL,NULL,NULL,NULL,,NULL,NULL,NULL,NULL,NULL,NULL,0,0,2,2,N,N,15,NULL,98,9807,NULL,,Y,37.52387,-82.57249,N,NULL,NULL,NULL,NULL,NULL,NULL,NULL,NULL,2,97,,6,1,5,3,2,1,3,N,NULL,Y,Y,1357,1359,1359,N,NULL,90,,,N,,N,N,,NULL,NULL,2019,O,7.25E+11,098-US-0023  -010,MEDIUM,098-US-0023  -000,29.017,0,0,1,1,0,0,1,0,0,0,0,0,0,0
3015,72518208,KSP0900,20-585810,20200706,1003,,US460,,,US0460,US0460,0,098 US-460,US0460,N,N,NULL,NULL,NULL,N,NULL,NULL,NULL,NULL,NULL,NULL,1.405,NULL,NULL,NULL,NULL,,NULL,0,0,2,2,N,N,35,NULL,98,9824,NULL,,Y,37.42649,-82.50005,N,NULL,NULL,NULL,NULL,NULL,NULL,NULL,NULL,5,3,2,3,1,1,2,2,7,3,N,NULL,Y,N,1003,1015,1100,N,NULL,49,,1,N,,N,N,098-US-0460-0,NULL,NULL,2020,O,7.25E+11,098-US-0460  -000,HIGH,098-US-0460  -000,1.405,0,0,0,1,0,0,1,0,0,0,0,0,0,0
3016,72744789,KSP0900,22-95807,20220316,1256,,VENTERS,,LN,,,0,098 CR-1415,CR1415,Y,N,NULL,NULL,NULL,N,NULL,NULL,NULL,NULL,NULL,NULL,0.058,NULL,NULL,NULL,NULL,,NULL,0,0,2,2,N,N,,NULL,98,9807,NULL,,Y,37.53728,-82.59845,N,NULL,NULL,NULL,NULL,NULL,NULL,NULL,NULL,5,97,,6,2,1,2,2,1,3,N,NULL,Y,N,1256,1350,,N,NULL,90,,,N,,N,N,098-CR-1415-0,NULL,NULL,2022,O,7.27E+11,098-CR-1415  -000,MEDIUM,098-CR-1415  -000,0.058,0,0,0,0,0,0,0,0,0,1,0,0,0,0
3017,72555890,980100,2.02E+11,20201022,2002,,LYKINS,,CRK,,,0,098 CR-1377,CR1377,N,N,NULL,NULL,NULL,N,NULL,NULL,NULL,NULL,NULL,NULL,0.238,NULL,NULL,NULL,NULL,,NULL,0,0,2,2,N,N,15,NULL,98,9801,NULL,,Y,37.50478,-82.54825,N,NULL,NULL,NULL,NULL,NULL,NULL,NULL,NULL,2,97,1,6,1,1,2,8,5,3,N,NULL,Y,N,2006,2013,,N,NULL,47,,,N,,N,N,098-CR-1377-0,NULL,NULL,2020,O,7.26E+11,098-CS-1249  -000,MEDIUM,098-CS-1249  -000,0.238,0,0,0,0,0,0,1,0,0,0,0,0,0,1
3018,72505666,KSP0900,20-19301,20200523,1301,,US23,,,US0023,US0023,0,098 US-23-10,US0023,Y,N,NULL,NULL,NULL,N,NULL,NULL,NULL,NULL,NULL,NULL,29.108,NULL,NULL,NULL,NULL,,NULL,0,0,2,2,N,N,5,NULL,98,9807,NULL,,Y,37.52492,-82.57362,N,NULL,NULL,NULL,NULL,NULL,NULL,NULL,NULL,5,97,1,6,1,1,2,2,1,3,N,NULL,Y,N,1304,1306,,N,NULL,90,,1,N,,N,N,098-US-0023-10,NULL,NULL,2020,O,7.25E+11,098-US-0023  -010,HIGH,098-US-0023  -000,29.108,0,0,1,0,0,0,1,0,0,0,0,0,0,0
3019,72488327,KSP0900,20-9351,20200311,1300,,US119,,,US0119,US0119,0,098 US-119,US0119,N,N,NULL,NULL,NULL,N,NULL,NULL,NULL,NULL,NULL,NULL,22.082,NULL,NULL,NULL,NULL,,NULL,2,0,2,2,N,N,55,NULL,98,9836,NULL,,Y,37.63432,-82.26166,N,NULL,NULL,NULL,NULL,NULL,NULL,NULL,NULL,1,3,2,3,1,1,2,2,7,3,Y,NULL,Y,N,1300,1304,1400,N,NULL,55,2,1,N,,N,N,098-US-0119-0,NULL,NULL,2020,C,7.25E+11,098-US-0119  -000,HIGH,098-US-0119  -000,22.082,0,0,0,0,0,0,1,1,0,0,0,0,0,0
3020,72526034,KSP0900,20-621310,20200727,1847,,KY194,,,KY0194,KY0194,0,098 KY-194,KY0194,N,N,NULL,NULL,NULL,N,NULL,NULL,NULL,NULL,NULL,NULL,39.595,NULL,NULL,NULL,NULL,,NULL,0,0,2,2,N,N,55,NULL,98,9849,NULL,,Y,37.43032,-82.26877,N,NULL,NULL,NULL,NULL,NULL,NULL,NULL,NULL,5,3,2,3,1,1,2,2,7,3,N,NULL,Y,N,1847,1902,1902,N,NULL,49,7,0,N,,N,N,098-KY-0194-0,NULL,NULL,2020,O,7.25E+11,098-KY-0194  -000,HIGH,098-KY-0194  -000,39.595,0,0,0,0,0,0,0,0,0,0,0,0,0,0
3021,72694990,980100,2.02E+11,20211109,2221,,US23,,,US0023,US0023,,,,N,N,NULL,NULL,NULL,N,NULL,NULL,NULL,NULL,NULL,NULL,29.105,NULL,NULL,NULL,NULL,,NULL,0,0,1,1,N,N,45,NULL,98,9807,NULL,,Y,37.52514,-82.57296,N,NULL,NULL,NULL,NULL,NULL,NULL,NULL,NULL,9,3,6,6,1,1,2,5,1,3,N,NULL,Y,N,2221,2230,2230,N,NULL,38,,1,N,,N,N,,NULL,NULL,2021,O,7.27E+11,098-US-0023  -000,MEDIUM,098-US-0023  -000,29.105,0,0,0,0,0,0,0,0,0,0,0,0,0,0
3022,72563788,980100,2.02E+11,20201111,817,,,,,US0023,US0023,,,,N,N,NULL,NULL,NULL,N,NULL,NULL,NULL,NULL,NULL,NULL,0.009,NULL,NULL,NULL,NULL,NULL,NULL,0,0,1,1,N,N,55,NULL,98,9801,NULL,,Y,37.43663,-82.51089,Y,US0460,S,NULL,098 US-23-422,US0023,N,NULL,098 US-23-422,9,4,4,1,1,5,3,2,7,3,N,NULL,Y,N,817,827,827,Y,NULL,72,,1,N,,N,N,,NULL,NULL,2020,O,7.26E+11,098-US-0023  -422,MEDIUM,098-US-0023  -422,0.009,0,0,0,0,0,0,0,0,0,0,0,1,0,1
3023,72709488,980500,2021AR050,20211215,1215,,WEDDINGTON PLAZA,,,US0023,US0023,0,098 US-23-10,US0023,Y,N,NULL,NULL,NULL,N,NULL,NULL,NULL,NULL,NULL,NULL,,NULL,NULL,NULL,NULL,NULL,NULL,0,0,5,5,N,N,15,NULL,98,9807,NULL,,Y,37.52351,-82.57275,N,NULL,NULL,NULL,NULL,NULL,NULL,NULL,NULL,2,97,4,6,1,1,2,2,1,3,N,NULL,Y,Y,1220,1222,1306,N,NULL,90,,1,N,,N,N,098-US-0023-10,NULL,NULL,2021,O,7.27E+11,098-US-0023  -010,HIGH,098-US-0023  -000,29.006,0,0,0,1,0,0,0,0,0,0,0,0,0,0
3024,72582145,KSP0900,21-7345,20210106,1200,,KY3174,,,KY3174,KY3174,0,098 KY-3174-321,KY3174,N,N,NULL,NULL,NULL,N,NULL,NULL,NULL,NULL,NULL,NULL,0.148,NULL,NULL,NULL,NULL,,NULL,0,0,1,1,N,N,55,NULL,98,9802,5,W,N,37.34473,-82.4244,N,NULL,NULL,NULL,NULL,NULL,NULL,NULL,NULL,9,3,2,4,1,1,3,2,7,3,N,NULL,Y,N,1230,1300,1300,N,NULL,70,,0,N,,N,N,098-KY-3174-321,NULL,NULL,2021,O,7.26E+11,098-KY-3174  -321,MEDIUM,098-KY-3174  -321,0.148,0,0,0,0,0,0,1,0,0,0,0,1,0,0
3025,72711419,KSP0900,21-515422,20211219,1654,,CHLOE,,RD,KY1460,KY1460,0,098 KY-1460,KY1460,N,N,NULL,NULL,NULL,N,NULL,NULL,NULL,NULL,NULL,NULL,2.545,NULL,NULL,NULL,NULL,,NULL,0,0,1,1,N,N,45,NULL,98,9801,NULL,,Y,37.46624,-82.47868,N,NULL,NULL,NULL,NULL,NULL,NULL,NULL,NULL,9,3,2,4,1,1,3,2,7,3,N,NULL,Y,N,1654,1700,1730,N,NULL,44,,0,N,,N,N,098-KY-1460-0,NULL,NULL,2021,O,7.27E+11,098-KY-1460  -000,HIGH,098-KY-1460  -000,2.545,0,0,0,0,0,0,1,0,0,0,0,1,0,1
3026,72454939,980100,2.02E+11,20191204,1516,,US23,,,US0023,US0023,,,,N,N,NULL,NULL,NULL,N,NULL,NULL,NULL,NULL,NULL,NULL,22.901,NULL,NULL,NULL,NULL,,NULL,0,0,2,2,N,N,55,NULL,98,9801,NULL,,Y,37.46537,-82.52528,N,NULL,NULL,NULL,NULL,NULL,NULL,NULL,NULL,1,3,4,6,1,1,3,2,7,3,N,NULL,Y,N,1516,1520,1520,N,NULL,55,,1,N,,N,N,,NULL,NULL,2019,O,7.25E+11,098-US-0023  -000,MEDIUM,098-US-0023  -000,22.901,0,0,0,0,0,0,1,1,0,0,0,0,0,1
3027,72650506,370200,2021-300347,20210720,1327,,ABNER MOUNTAIN,,RD,KY0122,KY0122,0,098 KY-122,KY0122,N,N,NULL,NULL,NULL,N,NULL,NULL,NULL,NULL,NULL,NULL,0.191,NULL,NULL,NULL,NULL,,NULL,0,0,2,2,N,N,55,NULL,98,9827,NULL,,Y,37.34989,-82.65271,N,NULL,NULL,NULL,NULL,NULL,NULL,NULL,NULL,7,3,2,1,1,1,2,2,7,3,N,NULL,Y,N,1333,1402,1445,N,NULL,54,,0,N,,N,N,098-KY-0122-0,NULL,NULL,2021,O,7.27E+11,098-KY-0122  -000,HIGH,098-KY-0122  -000,0.191,0,1,0,0,0,0,0,0,0,0,0,1,0,0
3028,72475730,980100,2.02E+11,20200212,2255,,HAROLDS BRANCH,,RD,,,0,098 CS-1223,CS1223,N,N,NULL,NULL,NULL,N,NULL,NULL,NULL,NULL,NULL,NULL,0.512,NULL,NULL,NULL,NULL,,NULL,0,0,1,1,N,N,35,NULL,98,9801,NULL,,Y,37.46958,-82.51546,N,NULL,NULL,NULL,NULL,NULL,NULL,NULL,NULL,9,3,1,3,1,5,6,6,6,3,N,NULL,Y,N,2255,2300,,N,NULL,40,,,Y,,N,N,098-CS-1223-0,NULL,NULL,2020,O,7.25E+11,098-CS-1223  -000,HIGH,098-CS-1223  -000,0.512,0,0,0,0,0,0,0,0,1,0,0,1,0,1
3029,72639267,KSP0900,21-256683,20210622,730,,KY194,,,KY0194,KY0194,0,098 KY-194,KY0194,N,N,NULL,NULL,NULL,N,NULL,NULL,NULL,NULL,NULL,NULL,17.495,NULL,NULL,NULL,NULL,,NULL,0,0,1,1,N,N,55,NULL,98,9820,NULL,,Y,37.55698,-82.43481,N,NULL,NULL,NULL,NULL,NULL,NULL,NULL,NULL,9,3,2,3,1,5,6,2,7,3,N,NULL,N,N,730,745,830,N,NULL,44,7,0,N,,N,N,098-KY-0194-0,NULL,NULL,2021,O,7.26E+11,098-KY-0194  -000,HIGH,098-KY-0194  -000,17.495,0,0,0,0,0,0,0,0,0,0,0,1,0,0
3030,72796203,980000,22-08-002,20220821,733,,KY611,,,KY0611,KY0611,0,098 KY-611,KY0611,N,N,NULL,NULL,NULL,N,NULL,NULL,NULL,NULL,NULL,NULL,3.164,NULL,NULL,NULL,NULL,,NULL,0,0,1,1,N,N,40,NULL,98,9802,3.3,S,N,37.31685,-82.50501,N,NULL,NULL,NULL,NULL,NULL,NULL,NULL,NULL,9,3,1,2,3,1,3,2,5,3,N,NULL,Y,Y,1018,1018,1018,N,NULL,70,8,0,N,,N,N,098-KY-0611-0,NULL,NULL,2022,O,7.28E+11,098-KY-0611  -000,HIGH,098-KY-0611  -000,3.164,0,0,0,0,0,0,0,0,0,0,0,0,0,0
3031,72592885,KSP0900,21-52134,20210208,1716,,BOWLING,,FRK,,,0,098 CR-1206Q3,CR1206Q3,N,N,NULL,NULL,NULL,N,NULL,NULL,NULL,NULL,NULL,NULL,0.125,NULL,NULL,NULL,NULL,,NULL,1,0,1,1,N,N,25,NULL,98,9802,NULL,,Y,37.30456,-82.47727,N,NULL,NULL,NULL,NULL,NULL,NULL,NULL,NULL,9,3,1,6,1,1,2,3,6,3,Y,NULL,Y,Y,1719,1829,1716,N,NULL,38,,,Y,,N,N,098-CR-1206Q3-0,NULL,NULL,2021,B,7.26E+11,098-CR-1206Q3-000,HIGH,098-CR-1206Q3-000,0.125,0,0,0,0,0,0,0,0,0,0,0,1,0,0
3032,72753687,KSP0900,22-146296,20220422,1109,,BRUSHY,,RD,KY0881,KY0881,0,098 KY-881,KY0881,N,N,NULL,NULL,NULL,N,NULL,NULL,NULL,NULL,NULL,NULL,2.085,NULL,NULL,NULL,NULL,,NULL,0,0,2,2,N,N,55,NULL,98,9820,NULL,,Y,37.5989,-82.39352,N,NULL,NULL,NULL,NULL,NULL,NULL,NULL,NULL,7,3,2,2,1,1,2,2,7,3,N,NULL,Y,N,1109,1122,1122,N,NULL,54,8,0,N,,N,N,098-KY-0881-0,NULL,NULL,2022,O,7.28E+11,098-KY-0881  -000,HIGH,098-KY-0881  -000,2.085,0,0,0,1,0,0,0,0,0,0,0,1,0,0
3033,72767714,KSP0900,22-200239,20220529,1730,,JOES,,CRK,KY3227,KY3227,,,,N,N,NULL,NULL,NULL,N,NULL,NULL,NULL,NULL,NULL,NULL,3.926,NULL,NULL,NULL,NULL,,NULL,0,0,2,2,N,N,45,NULL,98,9801,NULL,,Y,37.54546,-82.51067,N,NULL,NULL,NULL,NULL,NULL,NULL,NULL,NULL,8,3,2,6,1,1,2,2,7,3,N,NULL,N,N,1730,1815,1815,N,NULL,53,8,0,N,,N,N,,NULL,NULL,2022,O,7.28E+11,098-KY-3227  -000,MEDIUM,098-KY-3227  -000,3.926,0,0,0,0,0,0,1,0,0,0,0,1,0,0
3034,72829740,KSP0900,22-414976,20221028,1240,,KY194,,,KY0194,KY0194,0,098 KY-194,KY0194,Y,N,NULL,NULL,NULL,N,NULL,NULL,NULL,NULL,NULL,NULL,55.811,NULL,NULL,NULL,NULL,,NULL,0,0,2,2,N,N,,NULL,98,9804,NULL,,Y,37.5222,-82.15536,N,NULL,NULL,NULL,NULL,NULL,NULL,NULL,NULL,2,97,2,6,1,1,2,2,7,3,N,NULL,N,N,1240,1300,1315,N,NULL,90,7,0,N,,N,N,098-KY-0194-0,NULL,NULL,2022,O,7.28E+11,098-KY-0194  -000,HIGH,098-KY-0194  -000,55.811,0,1,0,1,0,0,0,0,0,0,0,0,0,0