OBJECTID,MasterFile,AgencyORINumber,LocalCode,CollisionDate,CollisionTime,CollisionDayWeekCode,RoadwayName,RoadwayName_Direction_,RoadwayName_RoadwaySuffix_,RoadwayfromReport,CurrentRoadwayNumber,RoadwayNumberCoupletID,RSEUniqueGIS,RoadwayIdentifier,ParkingLotIndicator,IntersectionWith_Indicator_,IntersectionWith_NameRoadway_,IntersectionWith_Direction_,IntersectionWith_RoadwaySuffix_,BetweenStreets_Indicator_,BetweenStreets1_NameRoadway_,BetweenStreet1_Direction_,BetweenStreets1_RoadwaySuffix_,BetweenStreets2_NameRoadway_,BetweenStreets2_Direction_,BetweenStreets2_RoadwaySuffix_,Milepoint,ReportMilepointDeriveNumber,CurrentDerivedMiepointNumber,MilestoMilepoint,FeettoMilepoint,DirectionfromMilepoint_NSEW_,ValidMilepointIndicator,NumberInjured,NumberKilled,ofUnits,ofMotorVehicleUnits,Hit&RunIndicator,OneWayIndicator,SpeedLimitNumber,KilometersIndicator,CountyCode,CityCountyCode,MilesFromCity,DirectionFromCity_NSEW_,InCityLimitsIndicator,Latitude,Longitude,RampIndicator,RampFromIdentifier,RampFromDirCode,RampFromCoupletID,RSEUniqueGISRampFrom,RampToidentifier,RampToDirCode,RampToCoupletID,RSEUniqueGisRampTo,MannerofCollisionCode,LocationFirstEventCode,TotalLanes,RoadwayCharacterCode,RoadwaySurfaceCode,RoadwayConditionCode,WeatherCode,LightConditionCode,LandUseCode,SchoolBusRelatedCode,FirstAidSceneIndicator,CollDescPresentInd,InvestigationCompleteIndicator,PhotosTakenIndicator,TimeNotified,TimeArrived,TimeRoadwayOpened,PropertyDamageIndicator,DiagramPresentIndicator,DirectionalAnalysis,FunctionClassCode,NationalHwySysCode,EnforcementsIndicator,KARSCityCode,SecondaryCollisionIndicator,MedianCrossoverIndicator,RT_UNIQUE,MapIt,TimeLastLeft,YR,KABCO,MFNY,WorkingRID,RT_CONFIDENCE,KTC_RT,KTC_MP,Motorcyclist,Commercial Vehicle,Young Driver,Mature Driver,Pedestrian,Bicyclist,Distracted,Aggressive,Impaired,Unrestrained,Intersection,Roadway Departure,Median Cross-over,City Crash
3035,72512319,980100,2.02E+11,20200617,1413,,US23,,,US0023,US0023,0,098 US-23,US0023,N,N,NULL,NULL,NULL,N,NULL,NULL,NULL,NULL,NULL,NULL,27.476,NULL,NULL,NULL,NULL,,NULL,0,0,2,2,N,N,55,NULL,98,9807,NULL,,Y,37.51145,-82.55053,N,NULL,NULL,NULL,NULL,NULL,NULL,NULL,NULL,5,3,6,6,1,1,2,2,7,3,N,NULL,N,N,1414,1418,1455,N,NULL,70,,1,Y,,N,N,098-US-0023-0,NULL,NULL,2020,O,7.25E+11,098-US-0023  -000,HIGH,098-US-0023  -000,27.476,0,0,0,0,0,0,0,0,1,0,0,0,0,1
3036,72582693,980100,2.02E+11,20210107,1323,,CASSIDY,,BLVD,,,0,098 CS-1191,CS1191,Y,N,NULL,NULL,NULL,N,NULL,NULL,NULL,NULL,NULL,NULL,0.047,NULL,NULL,NULL,NULL,,NULL,0,0,2,2,N,N,,NULL,98,9801,NULL,,Y,37.5037,-82.53293,N,NULL,NULL,NULL,NULL,NULL,NULL,NULL,NULL,2,97,1,6,1,1,2,2,1,3,N,NULL,Y,N,1323,1324,1324,N,NULL,90,,,N,,N,N,098-CS-1191-0,NULL,NULL,2021,O,7.26E+11,098-CS-1191  -000,MEDIUM,098-CS-1191  -000,0.047,0,0,0,0,0,0,1,0,0,0,0,0,0,1
3037,72483602,KSP0900,20-7836,20200229,618,,FORD MOUNTAIN,,RD,,,0,098 CR-1364Q4,CR1364Q4,N,N,NULL,NULL,NULL,N,NULL,NULL,NULL,NULL,NULL,NULL,0.72,NULL,NULL,NULL,NULL,,NULL,0,0,1,1,N,N,35,NULL,98,9820,NULL,,Y,37.57374,-82.44871,N,NULL,NULL,NULL,NULL,NULL,NULL,NULL,NULL,9,3,1,2,1,2,9,6,7,3,N,NULL,N,N,618,654,845,N,NULL,40,,,N,,N,N,098-CR-1364Q4-0,NULL,NULL,2020,O,7.25E+11,098-CR-1364Q4-000,HIGH,098-CR-1364Q4-000,0.72,0,0,0,0,0,0,0,0,0,0,0,1,0,0
3038,72657861,980100,2.02E+11,20210812,1426,,HAMBLEY,,BLVD,,,0,098 CS-1222,CS1222,Y,N,NULL,NULL,NULL,N,NULL,NULL,NULL,NULL,NULL,NULL,0.76,NULL,NULL,NULL,NULL,,NULL,0,0,2,2,N,N,25,NULL,98,9801,NULL,,Y,37.48234,-82.51909,N,NULL,NULL,NULL,NULL,NULL,NULL,NULL,NULL,8,97,1,6,1,1,2,2,1,3,N,NULL,Y,N,1426,1430,1441,N,NULL,90,,,N,,N,N,098-CS-1222-0,NULL,NULL,2021,O,7.27E+11,098-CS-1222  -000,HIGH,098-CS-1222  -000,0.76,0,0,0,0,0,0,0,0,0,0,0,0,0,1
3039,72606262,KSP0900,21-113260,20210322,745,,OLD KY 319,,,,,0,098 CR-1883,CR1883,N,N,NULL,NULL,NULL,N,NULL,NULL,NULL,NULL,NULL,NULL,0.137,NULL,NULL,NULL,NULL,,NULL,0,0,2,2,N,N,35,NULL,98,9842,NULL,,Y,37.63776,-82.25237,N,NULL,NULL,NULL,NULL,NULL,NULL,NULL,NULL,1,3,2,6,1,1,2,2,7,3,N,NULL,Y,N,750,825,827,N,NULL,55,,,N,,N,N,098-CR-1883-0,NULL,NULL,2021,O,7.26E+11,098-CR-1883  -000,HIGH,098-CR-1883  -000,0.137,0,0,0,0,0,0,1,0,0,0,0,0,0,0
3040,72517617,KSP0900,20-581989,20200704,854,,ZEBULON,,HWY,KY1426,KY1426,0,098 KY-1426,KY1426,Y,N,NULL,NULL,NULL,N,NULL,NULL,NULL,NULL,NULL,NULL,11.661,NULL,NULL,NULL,NULL,,NULL,1,0,1,1,N,N,55,NULL,98,9828,NULL,,Y,37.53217,-82.46849,N,NULL,NULL,NULL,NULL,NULL,NULL,NULL,NULL,9,97,2,6,1,1,2,2,5,3,Y,NULL,Y,Y,854,857,904,Y,NULL,90,7,0,N,,N,N,098-KY-1426-0,NULL,NULL,2020,C,7.25E+11,098-KY-1426  -000,HIGH,098-KY-1426  -000,11.661,0,0,0,1,0,0,0,0,0,0,0,1,0,0
3041,72540713,980100,2.02E+11,20200909,1616,,MAY HOLLOW,,RD,,,,,,N,N,NULL,NULL,NULL,N,NULL,NULL,NULL,NULL,NULL,NULL,0.251,NULL,NULL,NULL,NULL,,NULL,0,0,2,2,N,N,35,NULL,98,9801,NULL,,Y,37.49327,-82.50011,N,NULL,NULL,NULL,NULL,NULL,NULL,NULL,NULL,2,3,1,5,1,1,2,2,6,3,N,NULL,Y,N,1558,1605,1605,N,NULL,56,,,Y,,N,N,,NULL,NULL,2020,O,7.25E+11,098-CS-1080  -000,LOW,098-CS-1080  -000,0.251,0,0,0,0,0,0,1,0,0,0,0,0,0,1
3042,72611487,KSP0900,21-139747,20210408,1135,,KY122,,,KY0122,KY0122,0,098 KY-122,KY0122,Y,N,NULL,NULL,NULL,N,NULL,NULL,NULL,NULL,NULL,NULL,10.321,NULL,NULL,NULL,NULL,,NULL,0,0,2,2,N,N,,NULL,98,9801,7,S,N,37.3878,-82.54422,N,NULL,NULL,NULL,NULL,NULL,NULL,NULL,NULL,2,97,0,6,2,1,2,2,7,3,N,NULL,Y,N,1135,1147,1147,N,NULL,90,,0,Y,,N,N,098-KY-0122-0,NULL,NULL,2021,O,7.26E+11,098-KY-0122  -000,HIGH,098-KY-0122  -000,10.321,0,0,0,1,0,0,0,0,0,1,0,0,0,0
3043,72784243,980100,2.02E+11,20220717,1223,,CASSIDY,,BLVD,,,0,098 CS-1191,CS1191,Y,N,NULL,NULL,NULL,N,NULL,NULL,NULL,NULL,NULL,NULL,0.349,NULL,NULL,NULL,NULL,,NULL,0,0,2,2,N,N,,NULL,98,9801,NULL,,Y,37.50517,-82.53785,N,NULL,NULL,NULL,NULL,NULL,NULL,NULL,NULL,2,97,,6,1,1,2,2,5,3,N,NULL,Y,N,1223,1230,1306,N,NULL,90,,,N,,N,N,098-CS-1191-0,NULL,NULL,2022,O,7.28E+11,098-CS-1191  -000,HIGH,098-CS-1191  -000,0.349,0,0,0,0,0,0,0,1,0,0,0,0,0,1
3044,72575404,KSP0900,20-829848,20201215,1747,,US119,,,US0119,US0119,,,,N,N,NULL,NULL,NULL,N,NULL,NULL,NULL,NULL,NULL,NULL,22.589,NULL,NULL,NULL,NULL,,NULL,0,0,2,2,N,N,55,NULL,98,9812,NULL,,Y,37.63956,-82.2589,N,NULL,NULL,NULL,NULL,NULL,NULL,NULL,NULL,5,3,4,6,1,1,2,3,7,3,N,NULL,Y,N,1748,1748,1750,N,NULL,70,2,1,N,,N,N,,NULL,NULL,2020,O,7.26E+11,098-US-0119  -000,MEDIUM,098-US-0119  -000,22.589,0,0,0,0,0,0,1,0,0,0,0,0,0,0
3045,72690959,KSP0900,21-449285,20211101,1841,,US23,,,US0023,US0023,0,098 US-23,US0023,N,N,NULL,NULL,NULL,N,NULL,NULL,NULL,NULL,NULL,NULL,0.019,NULL,NULL,NULL,NULL,,NULL,0,0,1,1,N,N,55,NULL,98,9809,NULL,,Y,37.24076,-82.62156,N,NULL,NULL,NULL,NULL,NULL,NULL,NULL,NULL,9,3,4,6,1,1,2,2,7,3,N,NULL,Y,N,1850,1928,,N,NULL,38,,1,N,,N,N,098-US-0023-0,NULL,NULL,2021,O,7.27E+11,098-US-0023  -000,HIGH,098-US-0023  -000,0.019,0,1,0,0,0,0,0,0,0,0,0,0,0,0
3046,72517512,980100,2.02E+11,20200702,2320,,US23,,,US0023,US0023,,,,N,N,NULL,NULL,NULL,N,NULL,NULL,NULL,NULL,NULL,NULL,18.558,NULL,NULL,NULL,NULL,,NULL,0,0,1,1,N,N,55,NULL,98,9801,NULL,,Y,37.43636,-82.51183,N,NULL,NULL,NULL,NULL,NULL,NULL,NULL,NULL,9,3,4,6,2,1,2,6,7,3,N,NULL,Y,N,2320,2326,2326,N,NULL,38,,1,N,,N,N,,NULL,NULL,2020,O,7.25E+11,098-US-0023  -010,MEDIUM,098-US-0023  -000,18.558,0,0,0,0,0,0,0,0,0,0,0,0,0,1
3047,72664669,KSP0900,21-358109,20210827,2323,,KY3418,,,KY3418,KY3418,0,098 KY-3418,KY3418,N,N,NULL,NULL,NULL,N,NULL,NULL,NULL,NULL,NULL,NULL,6.177,NULL,NULL,NULL,NULL,,NULL,0,0,1,1,N,N,55,NULL,98,9850,NULL,,Y,37.45458,-82.40257,N,NULL,NULL,NULL,NULL,NULL,NULL,NULL,NULL,9,3,2,1,1,5,2,6,7,3,N,NULL,Y,Y,2332,17,200,N,NULL,70,9,0,N,,N,N,098-KY-3418-0,NULL,NULL,2021,O,7.27E+11,098-KY-3418  -000,HIGH,098-KY-3418  -000,6.177,0,0,0,0,0,0,0,0,0,0,0,1,0,0
3048,72532275,KSP0900,20-632292,20200803,1750,,US23,,,US0023,US0023,0,098 US-23-10,US0023,N,N,NULL,NULL,NULL,N,NULL,NULL,NULL,NULL,NULL,NULL,23.96,NULL,NULL,NULL,NULL,,NULL,0,0,1,1,N,N,55,NULL,98,9801,NULL,,Y,37.47527,-82.53799,N,NULL,NULL,NULL,NULL,NULL,NULL,NULL,NULL,9,5,4,6,1,1,2,2,7,3,N,NULL,Y,Y,1750,1750,1750,N,NULL,40,,1,N,,N,N,098-US-0023-10,NULL,NULL,2020,O,7.25E+11,098-US-0023  -010,HIGH,098-US-0023  -000,23.96,0,0,0,0,0,0,1,0,0,0,0,1,0,1
3049,72622790,980100,2.02E+11,20210509,1020,,OWSLEY,,RD,KY1384,KY1384,0,098 KY-1384,KY1384,N,N,NULL,NULL,NULL,N,NULL,NULL,NULL,NULL,NULL,NULL,7.187,NULL,NULL,NULL,NULL,,NULL,0,0,2,2,N,N,45,NULL,98,9801,NULL,,Y,37.4805,-82.53633,N,NULL,NULL,NULL,NULL,NULL,NULL,NULL,NULL,4,3,4,6,1,1,2,2,7,3,N,NULL,Y,N,1020,1021,1101,N,NULL,70,16,0,N,,N,N,098-KY-1384-0,NULL,NULL,2021,O,7.26E+11,098-KY-1384  -000,HIGH,098-KY-1384  -000,7.187,0,0,0,1,0,0,0,1,0,0,0,0,0,1
3050,72674593,980100,2.02E+11,20210911,2112,,BYPASS,S,RD,KY1426,KY1426,0,098 KY-1426,KY1426,Y,N,NULL,NULL,NULL,N,NULL,NULL,NULL,NULL,NULL,NULL,6.449,NULL,NULL,NULL,NULL,,NULL,0,0,2,2,Y,N,15,NULL,98,9801,NULL,,Y,37.481,-82.51439,N,NULL,NULL,NULL,NULL,NULL,NULL,NULL,NULL,6,97,2,6,1,1,2,5,1,3,N,NULL,Y,N,2112,2114,,N,NULL,90,,0,N,,N,N,098-KY-1426-0,NULL,NULL,2021,O,7.27E+11,098-KY-1426  -000,HIGH,098-KY-1426  -000,6.449,0,0,0,0,0,0,0,0,0,0,0,0,0,1
3051,72756081,980100,2.02E+11,20220426,1529,,BAIRD,,AVE,KY1426,KY1426,0,098 KY-1426,KY1426,Y,N,NULL,NULL,NULL,N,NULL,NULL,NULL,NULL,NULL,NULL,5.412,NULL,NULL,NULL,NULL,,NULL,0,0,2,2,N,N,,NULL,98,9801,NULL,,Y,37.47303,-82.52705,N,NULL,NULL,NULL,NULL,NULL,NULL,NULL,NULL,2,97,0,6,1,1,2,2,1,3,N,NULL,N,N,1529,1536,,N,NULL,90,,0,N,,N,N,098-KY-1426-0,NULL,NULL,2022,O,7.28E+11,098-KY-1426  -000,HIGH,098-KY-1426  -000,5.412,0,0,1,0,0,0,0,0,0,0,0,0,0,1
3052,72847030,KSP0900,22-465751,20221206,924,,US23,,,US0023,US0023,0,098 US-23,US0023,N,N,NULL,NULL,NULL,N,NULL,NULL,NULL,NULL,NULL,NULL,9.838,NULL,NULL,NULL,NULL,,NULL,0,0,1,1,N,N,55,NULL,98,9801,NULL,,Y,37.3381,-82.5569,N,NULL,NULL,NULL,NULL,NULL,NULL,NULL,NULL,9,3,4,6,1,5,6,2,7,3,N,NULL,Y,N,924,952,952,N,NULL,44,,1,N,,N,N,098-US-0023-0,NULL,NULL,2022,O,7.28E+11,098-US-0023  -000,HIGH,098-US-0023  -000,9.838,0,0,0,0,0,0,0,0,0,0,0,1,0,0
3053,72725153,980100,2.02E+11,20220128,1845,,CASSIDY,,BLVD,,,0,098 CS-1191,CS1191,Y,N,NULL,NULL,NULL,N,NULL,NULL,NULL,NULL,NULL,NULL,0.36,NULL,NULL,NULL,NULL,,NULL,0,0,2,2,N,N,15,NULL,98,9801,NULL,,Y,37.50504,-82.53798,N,NULL,NULL,NULL,NULL,NULL,NULL,NULL,NULL,8,97,,6,1,4,9,5,1,3,N,NULL,Y,N,1845,1855,1925,N,NULL,90,,,N,,N,N,098-CS-1191-0,NULL,NULL,2022,O,7.27E+11,098-CS-1191  -000,HIGH,098-CS-1191  -000,0.36,0,0,0,1,0,0,0,0,0,0,0,0,0,1
3054,72578909,980100,2.02E+11,20201210,1411,,US23,,,US0023,US0023,0,098 US-23,US0023,N,Y,KEYSER HEIGHTS,,DR,N,NULL,NULL,NULL,NULL,NULL,NULL,25.418,NULL,NULL,NULL,NULL,,NULL,0,0,2,2,N,N,55,NULL,98,9801,NULL,,Y,37.49226,-82.53463,N,NULL,NULL,NULL,NULL,NULL,NULL,NULL,NULL,8,3,4,6,1,1,2,2,7,3,N,NULL,Y,N,1411,1418,1418,N,NULL,19,,1,N,,N,N,098-US-0023-0,NULL,NULL,2020,O,7.26E+11,098-US-0023  -000,HIGH,098-US-0023  -000,25.418,0,0,0,0,0,0,1,1,0,0,1,0,0,1
3055,72851515,980100,2.02E+11,20230105,2114,,HUFFMAN,,AVE,,,0,098 CS-1123,CS1123,N,N,NULL,NULL,NULL,N,NULL,NULL,NULL,NULL,NULL,NULL,0.117,NULL,NULL,NULL,NULL,,NULL,0,0,2,2,N,N,15,NULL,98,9801,NULL,,Y,37.47788,-82.5188,N,NULL,NULL,NULL,NULL,NULL,NULL,NULL,NULL,8,3,3,6,1,1,2,6,7,3,N,NULL,N,N,2114,2116,2131,N,NULL,53,,,N,,N,N,098-CS-1123-0,NULL,NULL,2023,O,7.29E+11,098-CS-1123  -000,HIGH,098-CS-1123  -000,0.117,0,1,0,1,0,0,1,1,0,0,0,1,0,1
3056,72791590,980100,2.02E+11,20220808,1239,,US23,,,US0023,US0023,0,098 US-23,US0023,N,N,NULL,NULL,NULL,N,NULL,NULL,NULL,NULL,NULL,NULL,25.588,NULL,NULL,NULL,NULL,,NULL,0,0,2,2,N,N,55,NULL,98,9801,NULL,,Y,37.4941,-82.53255,N,NULL,NULL,NULL,NULL,NULL,NULL,NULL,NULL,5,3,4,6,1,1,2,2,7,3,N,NULL,Y,N,1239,1249,1249,N,NULL,49,,1,Y,,N,N,098-US-0023-0,NULL,NULL,2022,O,7.28E+11,098-US-0023  -000,HIGH,098-US-0023  -000,25.588,0,0,0,0,0,0,1,0,0,0,0,0,0,1
3057,72591077,KSP0900,21-42921,20210202,100,,TOLER,,RD,KY0319,KY0319,0,098 KY-319,KY0319,N,N,NULL,NULL,NULL,N,NULL,NULL,NULL,NULL,NULL,NULL,5.491,NULL,NULL,NULL,NULL,,NULL,0,0,2,2,N,N,35,NULL,98,9842,NULL,,Y,37.62592,-82.24757,N,NULL,NULL,NULL,NULL,NULL,NULL,NULL,NULL,7,3,2,3,1,4,9,6,7,3,N,NULL,Y,N,100,130,130,N,NULL,54,7,0,N,,N,N,098-KY-0319-0,NULL,NULL,2021,O,7.26E+11,098-KY-0319  -000,HIGH,098-KY-0319  -000,5.491,0,0,0,0,0,0,0,1,0,0,0,1,0,0
3058,72785719,KSP0900,22-273516,20220718,1813,,SHELBY DRY,,FRK,,,0,098 CR-1257,CR1257,N,N,NULL,NULL,NULL,N,NULL,NULL,NULL,NULL,NULL,NULL,2.329,NULL,NULL,NULL,NULL,,NULL,2,0,2,2,Y,N,25,NULL,98,9824,NULL,,Y,37.39341,-82.49557,N,NULL,NULL,NULL,NULL,NULL,NULL,NULL,NULL,3,3,1,6,1,5,6,2,7,3,Y,NULL,N,Y,1813,1911,2000,N,NULL,52,,,N,,N,N,098-CR-1257-0,NULL,NULL,2022,B,7.28E+11,098-CR-1257  -000,HIGH,098-CR-1257  -000,2.329,0,0,0,0,0,0,0,0,0,0,0,1,0,0
3059,72735189,KSP0900,22-71841,20220227,43,,US119,,,US0119,US0119,0,098 US-119,US0119,N,N,NULL,NULL,NULL,N,NULL,NULL,NULL,NULL,NULL,NULL,4.408,NULL,NULL,NULL,NULL,,NULL,0,0,1,1,N,N,55,NULL,98,9801,NULL,,Y,37.51842,-82.4579,N,NULL,NULL,NULL,NULL,NULL,NULL,NULL,NULL,9,3,2,2,1,1,2,7,7,3,N,NULL,Y,N,143,158,215,N,NULL,44,2,1,N,,N,Y,098-US-0119-0,NULL,NULL,2022,O,7.27E+11,098-US-0119  -000,HIGH,098-US-0119  -000,4.408,0,0,0,0,0,0,0,0,0,0,0,1,0,0
3060,72717095,980100,2.02E+11,20220105,1358,,CASSIDY,,BLVD,,,,,,Y,N,NULL,NULL,NULL,N,NULL,NULL,NULL,NULL,NULL,NULL,0.138,NULL,NULL,NULL,NULL,,NULL,0,0,2,2,N,N,15,NULL,98,9801,NULL,,Y,37.50361,-82.53432,N,NULL,NULL,NULL,NULL,NULL,NULL,NULL,NULL,5,97,1,6,1,1,2,2,1,3,N,NULL,Y,N,1358,1404,1404,N,NULL,90,,,N,,N,N,,NULL,NULL,2022,O,7.27E+11,098-CS-1191  -000,LOW,098-CS-1191  -000,0.138,0,0,0,1,0,0,1,0,0,0,0,0,0,1
3061,72792341,KSP0900,22-284777,20220726,1504,,LITTLE ROBINSON CREEK,,RD,KY3415,KY3415,0,098 KY-3415,KY3415,N,N,NULL,NULL,NULL,N,NULL,NULL,NULL,NULL,NULL,NULL,2.086,NULL,NULL,NULL,NULL,,NULL,1,0,2,2,N,N,45,NULL,98,9827,NULL,,Y,37.36911,-82.61795,N,NULL,NULL,NULL,NULL,NULL,NULL,NULL,NULL,7,3,2,6,1,5,6,2,7,3,N,NULL,Y,Y,1504,1518,1545,N,NULL,54,9,0,N,,N,N,098-KY-3415-0,NULL,NULL,2022,C,7.28E+11,098-KY-3415  -000,HIGH,098-KY-3415  -000,2.086,0,0,0,1,0,0,0,1,0,0,0,1,0,0
3062,72450144,KSP0900,19-48584,20191212,1839,,US119,,,US0119,US0119,0,098 US-119,US0119,N,N,NULL,NULL,NULL,N,NULL,NULL,NULL,NULL,NULL,NULL,13.257,NULL,NULL,NULL,NULL,,NULL,0,0,1,1,N,N,55,NULL,98,9833,NULL,,Y,37.6106,-82.36224,N,NULL,NULL,NULL,NULL,NULL,NULL,NULL,NULL,9,3,4,4,1,1,2,7,7,3,N,NULL,Y,N,1840,1841,1841,N,NULL,38,2,1,N,,N,N,098-US-0119-0,NULL,NULL,2019,O,7.25E+11,098-US-0119  -000,HIGH,098-US-0119  -000,13.257,0,0,1,0,0,0,0,0,0,0,0,0,0,0
3063,72639276,980000,21-06-004,20210616,1615,,US119,,,US0119,US0119,0,098 US-119,US0119,Y,N,NULL,NULL,NULL,N,NULL,NULL,NULL,NULL,NULL,NULL,24.168,NULL,NULL,NULL,NULL,,NULL,0,0,2,2,Y,N,55,NULL,98,9834,NULL,,Y,37.65797,-82.27122,N,NULL,NULL,NULL,NULL,NULL,NULL,NULL,NULL,8,7,4,6,1,1,2,2,5,3,N,NULL,Y,Y,1630,1645,1645,N,NULL,90,2,1,Y,,N,N,098-US-0119-0,NULL,NULL,2021,O,7.26E+11,098-US-0119  -000,HIGH,098-US-0119  -000,24.168,0,0,0,0,0,0,0,0,0,0,0,0,0,0
3064,72742305,980100,2.02E+11,20220318,1856,,THOMPSON,,RD,,,0,098 CS-1215,CS1215,Y,N,NULL,NULL,NULL,N,NULL,NULL,NULL,NULL,NULL,NULL,0.508,NULL,NULL,NULL,NULL,,NULL,0,0,2,2,N,N,15,NULL,98,9801,NULL,,Y,37.506,-82.54353,N,NULL,NULL,NULL,NULL,NULL,NULL,NULL,NULL,6,97,1,6,1,1,2,2,1,3,N,NULL,Y,N,1856,1859,1859,N,NULL,90,,,N,,N,N,098-CS-1215-0,NULL,NULL,2022,O,7.27E+11,098-CS-1215  -000,HIGH,098-CS-1215  -000,0.508,0,0,0,0,0,0,1,0,0,0,0,0,0,1
3065,72483601,KSP0900,20-7780,20200228,1656,,US119,,,US0119,US0119,0,098 US-119,US0119,Y,N,NULL,NULL,NULL,N,NULL,NULL,NULL,NULL,NULL,NULL,24.791,NULL,NULL,NULL,NULL,,NULL,0,0,2,2,N,N,55,NULL,98,9834,NULL,,Y,37.66584,-82.2748,N,NULL,NULL,NULL,NULL,NULL,NULL,NULL,NULL,2,97,4,6,1,1,2,2,5,3,N,NULL,Y,N,1656,1740,1740,N,NULL,90,2,1,N,,N,N,098-US-0119-0,NULL,NULL,2020,O,7.25E+11,098-US-0119  -000,HIGH,098-US-0119  -000,24.791,0,0,0,0,0,0,1,0,0,0,0,0,0,0
3066,72789926,KSP0900,22-242580,20220627,740,,KY1426,,,KY1426,KY1426,0,098 KY-1426,KY1426,N,N,NULL,NULL,NULL,N,NULL,NULL,NULL,NULL,NULL,NULL,12.984,NULL,NULL,NULL,NULL,,NULL,3,0,2,2,N,N,55,NULL,98,9828,NULL,,Y,37.54652,-82.46192,N,NULL,NULL,NULL,NULL,NULL,NULL,NULL,NULL,1,3,2,3,1,5,6,2,7,3,Y,NULL,Y,Y,744,802,930,N,NULL,55,7,0,N,,N,N,098-KY-1426-0,NULL,NULL,2022,A,7.28E+11,098-KY-1426  -000,HIGH,098-KY-1426  -000,12.984,0,0,0,0,0,0,1,0,0,0,0,1,0,0
3067,72473795,980100,2.02E+11,20200205,1544,,US23,,,US0023,US0023,,,,N,N,NULL,NULL,NULL,N,NULL,NULL,NULL,NULL,NULL,NULL,26.051,NULL,NULL,NULL,NULL,,NULL,0,0,2,2,N,N,55,NULL,98,9801,NULL,,Y,37.50038,-82.53181,N,NULL,NULL,NULL,NULL,NULL,NULL,NULL,NULL,1,3,4,6,1,5,3,2,7,3,N,NULL,Y,N,1544,1547,1547,N,NULL,55,,1,N,,N,N,,NULL,NULL,2020,O,7.25E+11,098-US-0023  -010,MEDIUM,098-US-0023  -000,26.051,0,1,1,0,0,0,1,0,0,0,0,0,0,1
3068,72636400,KSP0900,2021-235221,20210608,1850,,SHELBY DRY,,FRK,,,0,098 CR-1257,CR1257,N,N,NULL,NULL,NULL,N,NULL,NULL,NULL,NULL,NULL,NULL,0.166,NULL,NULL,NULL,NULL,,NULL,1,0,2,2,N,Y,25,NULL,98,9841,NULL,,Y,37.4213,-82.49155,N,NULL,NULL,NULL,NULL,NULL,NULL,NULL,NULL,3,3,1,3,1,5,3,2,7,3,N,NULL,N,Y,1850,1857,1857,N,NULL,52,,,N,,N,N,098-CR-1257-0,NULL,NULL,2021,C,7.26E+11,098-CR-1257  -000,HIGH,098-CR-1257  -000,0.166,0,0,0,0,0,0,0,0,0,0,0,1,0,0
3069,72859918,KSP0900,23-35779,20230128,1422,,FEDSCREEK,,RD,KY0366,KY0366,,,,N,N,NULL,NULL,NULL,N,NULL,NULL,NULL,NULL,NULL,NULL,3.208,NULL,NULL,NULL,NULL,,NULL,0,0,1,1,N,N,25,NULL,98,9896,NULL,,Y,37.40145,-82.20483,N,NULL,NULL,NULL,NULL,NULL,NULL,NULL,NULL,9,3,2,3,1,1,2,2,6,3,N,NULL,Y,N,1422,1536,1536,N,NULL,44,9,0,N,,N,N,,NULL,NULL,2023,O,7.29E+11,098-KY-0366  -000,HIGH,098-KY-0366  -000,3.217,0,0,0,0,0,0,0,0,0,0,0,1,0,0
3070,72810027,980100,2.02E+11,20220920,849,,HAMBLEY BLVD,,,,,,,,Y,N,NULL,NULL,NULL,N,NULL,NULL,NULL,NULL,NULL,NULL,,NULL,NULL,NULL,NULL,NULL,NULL,0,0,2,2,N,N,15,NULL,98,9801,NULL,,Y,37.47831,-82.51994,N,NULL,NULL,NULL,NULL,NULL,NULL,NULL,NULL,2,97,,6,2,1,2,2,1,3,N,NULL,Y,N,849,855,857,N,NULL,90,,,N,,N,N,,NULL,NULL,2022,O,7.28E+11,098-CS-1123  -000,MEDIUM,098-CS-1123  -000,0.184,0,0,1,0,0,0,1,0,0,0,0,0,0,1
3071,72408212,980100,2.02E+11,20190916,1146,,KY3495,,,KY3495,KY3495,0,098 KY-3495,KY3495,Y,N,NULL,NULL,NULL,N,NULL,NULL,NULL,NULL,NULL,NULL,0.014,NULL,NULL,NULL,NULL,,NULL,0,0,2,2,N,N,,NULL,98,9801,NULL,,Y,37.48657,-82.54276,N,NULL,NULL,NULL,NULL,NULL,NULL,NULL,NULL,2,97,2,6,2,1,2,2,1,3,N,NULL,Y,N,1146,1153,1153,N,NULL,90,17,0,N,,N,N,098-KY-3495-0,NULL,NULL,2019,O,7.24E+11,098-KY-3495  -000,HIGH,098-KY-3495  -000,0.014,0,0,0,0,0,0,1,0,0,0,0,0,0,1
3072,72616866,980100,2.02E+11,20210421,1740,,BYPASS,S,RD,KY1426,KY1426,0,098 KY-1426,KY1426,N,N,NULL,NULL,NULL,N,NULL,NULL,NULL,NULL,NULL,NULL,6.556,NULL,NULL,NULL,NULL,,NULL,2,0,2,2,N,N,55,NULL,98,9801,NULL,,Y,37.48241,-82.51368,N,NULL,NULL,NULL,NULL,NULL,NULL,NULL,NULL,1,3,2,6,1,1,3,2,7,3,Y,NULL,Y,Y,1740,1742,1812,N,NULL,55,,0,N,,N,N,098-KY-1426-0,NULL,NULL,2021,C,7.26E+11,098-KY-1426  -000,HIGH,098-KY-1426  -000,6.556,0,0,1,1,0,0,1,1,0,0,0,0,0,1