OBJECTID,MasterFile,AgencyORINumber,LocalCode,CollisionDate,CollisionTime,CollisionDayWeekCode,RoadwayName,RoadwayName_Direction_,RoadwayName_RoadwaySuffix_,RoadwayfromReport,CurrentRoadwayNumber,RoadwayNumberCoupletID,RSEUniqueGIS,RoadwayIdentifier,ParkingLotIndicator,IntersectionWith_Indicator_,IntersectionWith_NameRoadway_,IntersectionWith_Direction_,IntersectionWith_RoadwaySuffix_,BetweenStreets_Indicator_,BetweenStreets1_NameRoadway_,BetweenStreet1_Direction_,BetweenStreets1_RoadwaySuffix_,BetweenStreets2_NameRoadway_,BetweenStreets2_Direction_,BetweenStreets2_RoadwaySuffix_,Milepoint,ReportMilepointDeriveNumber,CurrentDerivedMiepointNumber,MilestoMilepoint,FeettoMilepoint,DirectionfromMilepoint_NSEW_,ValidMilepointIndicator,NumberInjured,NumberKilled,ofUnits,ofMotorVehicleUnits,Hit&RunIndicator,OneWayIndicator,SpeedLimitNumber,KilometersIndicator,CountyCode,CityCountyCode,MilesFromCity,DirectionFromCity_NSEW_,InCityLimitsIndicator,Latitude,Longitude,RampIndicator,RampFromIdentifier,RampFromDirCode,RampFromCoupletID,RSEUniqueGISRampFrom,RampToidentifier,RampToDirCode,RampToCoupletID,RSEUniqueGisRampTo,MannerofCollisionCode,LocationFirstEventCode,TotalLanes,RoadwayCharacterCode,RoadwaySurfaceCode,RoadwayConditionCode,WeatherCode,LightConditionCode,LandUseCode,SchoolBusRelatedCode,FirstAidSceneIndicator,CollDescPresentInd,InvestigationCompleteIndicator,PhotosTakenIndicator,TimeNotified,TimeArrived,TimeRoadwayOpened,PropertyDamageIndicator,DiagramPresentIndicator,DirectionalAnalysis,FunctionClassCode,NationalHwySysCode,EnforcementsIndicator,KARSCityCode,SecondaryCollisionIndicator,MedianCrossoverIndicator,RT_UNIQUE,MapIt,TimeLastLeft,YR,KABCO,MFNY,WorkingRID,RT_CONFIDENCE,KTC_RT,KTC_MP,Motorcyclist,Commercial Vehicle,Young Driver,Mature Driver,Pedestrian,Bicyclist,Distracted,Aggressive,Impaired,Unrestrained,Intersection,Roadway Departure,Median Cross-over,City Crash
3073,72761804,980100,2.02E+11,20220513,745,,COLLEGE,S,ST,,,0,098 CS-1152,CS1152,N,N,NULL,NULL,NULL,N,NULL,NULL,NULL,NULL,NULL,NULL,0.25,NULL,NULL,NULL,NULL,,NULL,0,0,2,2,N,N,15,NULL,98,9801,NULL,,Y,37.47481,-82.52515,N,NULL,NULL,NULL,NULL,NULL,NULL,NULL,NULL,7,3,1,1,1,1,2,2,6,3,N,NULL,Y,N,745,750,833,N,NULL,54,,,N,,N,N,098-CS-1152-0,NULL,NULL,2022,O,7.28E+11,098-CS-1152  -000,HIGH,098-CS-1152  -000,0.25,0,0,0,0,0,0,1,0,0,0,0,1,0,1
3074,72479476,KSP0900,20-5991,20200214,2141,,GREASY,,CRK,,,0,098 CR-1256,CR1256,N,N,NULL,NULL,NULL,N,NULL,NULL,NULL,NULL,NULL,NULL,2.54,NULL,NULL,NULL,NULL,,NULL,0,0,2,2,N,N,35,NULL,98,9841,NULL,,Y,37.35254,-82.49823,N,NULL,NULL,NULL,NULL,NULL,NULL,NULL,NULL,1,6,2,1,1,2,3,6,7,3,N,NULL,N,N,2143,2207,2141,N,NULL,47,,,N,,N,N,098-CR-1256-0,NULL,NULL,2020,O,7.25E+11,098-CR-1256  -000,HIGH,098-CR-1256  -000,2.54,0,0,0,0,0,0,1,0,0,0,0,0,0,0
3075,72703279,980100,2.02E+11,20211130,1058,,BYPASS,,RD,,,0,098 CS-1223,CS1223,Y,N,NULL,NULL,NULL,N,NULL,NULL,NULL,NULL,NULL,NULL,,NULL,NULL,NULL,NULL,NULL,NULL,0,0,2,2,N,N,15,NULL,98,9801,NULL,,Y,37.47128,-82.52117,N,NULL,NULL,NULL,NULL,NULL,NULL,NULL,NULL,2,97,1,6,2,1,2,2,1,3,N,NULL,Y,N,1059,1102,1103,N,NULL,90,,,N,,N,N,098-CS-1223-0,NULL,NULL,2021,O,7.27E+11,098-CS-1223  -000,HIGH,098-CS-1223  -000,0.135,0,0,0,0,0,0,1,0,0,0,0,0,0,1
3076,72493149,980500,2020AR022,20200406,1030,,N MAYO TRIAL,,,,,,,,Y,N,NULL,NULL,NULL,N,NULL,NULL,NULL,NULL,NULL,NULL,,NULL,NULL,NULL,NULL,NULL,NULL,0,0,2,2,N,N,15,NULL,98,9807,NULL,,Y,37.51797,-82.56535,N,NULL,NULL,NULL,NULL,NULL,NULL,NULL,NULL,2,97,3,6,1,1,2,2,1,3,N,NULL,Y,N,1030,1032,1059,N,NULL,90,,,N,,N,N,,NULL,NULL,2020,O,7.25E+11,098-CS-3004  -000,MEDIUM,098-CS-3004  -000,0.023,0,0,0,1,0,0,1,0,0,0,0,0,0,0
3077,72687207,980100,2.02E+11,20211022,804,,US23,,,US0023,US0023,,,,Y,N,NULL,NULL,NULL,N,NULL,NULL,NULL,NULL,NULL,NULL,23.033,NULL,NULL,NULL,NULL,,NULL,0,0,2,2,N,N,15,NULL,98,9801,NULL,,Y,37.46571,-82.5276,N,NULL,NULL,NULL,NULL,NULL,NULL,NULL,NULL,2,97,1,6,1,1,3,2,1,3,N,NULL,Y,N,804,809,804,N,NULL,90,,1,N,,N,N,,NULL,NULL,2021,O,7.27E+11,098-US-0023  -010,MEDIUM,098-US-0023  -000,23.033,0,0,0,1,0,0,1,0,0,0,0,0,0,1
3078,72429709,980100,2.02E+11,20191010,1701,,MAIN,,ST,,,0,098 CS-1112,CS1112,N,N,NULL,NULL,NULL,N,NULL,NULL,NULL,NULL,NULL,NULL,0.173,NULL,NULL,NULL,NULL,,NULL,1,0,1,1,N,N,15,NULL,98,9801,NULL,,Y,37.47995,-82.51713,N,NULL,NULL,NULL,NULL,NULL,NULL,NULL,NULL,9,3,2,6,1,1,2,2,1,3,Y,NULL,Y,Y,1701,1701,1809,N,NULL,39,,,N,,N,N,098-CS-1112-0,NULL,NULL,2019,A,7.24E+11,098-CS-1112  -000,HIGH,098-CS-1112  -000,0.173,0,0,0,0,0,0,0,0,0,1,0,0,0,1
3079,72510783,KSP0900,20-21980,20200610,1354,,FERRELLS CREEK,,RD,US0460,US0460,0,098 US-460,US0460,N,N,NULL,NULL,NULL,N,NULL,NULL,NULL,NULL,NULL,NULL,22.761,NULL,NULL,NULL,NULL,,NULL,0,0,2,2,N,N,55,NULL,98,9847,NULL,,Y,37.37886,-82.25439,N,NULL,NULL,NULL,NULL,NULL,NULL,NULL,NULL,5,3,2,6,1,1,2,2,7,3,N,NULL,Y,N,1357,1431,1520,N,NULL,49,,1,N,,N,N,098-US-0460-0,NULL,NULL,2020,O,7.25E+11,098-US-0460  -000,HIGH,098-US-0460  -000,22.761,0,0,0,0,0,0,1,0,0,0,0,0,0,0
3080,72775231,KSP0900,22-222345,20220613,1821,,BACK,S,ST,,,0,098 CR-1262F,CR1262F,N,N,NULL,NULL,NULL,N,NULL,NULL,NULL,NULL,NULL,NULL,0.052,NULL,NULL,NULL,NULL,,NULL,1,0,2,1,N,N,10,NULL,98,9832,10,S,N,37.42012,-82.46507,N,NULL,NULL,NULL,NULL,NULL,NULL,NULL,NULL,9,3,1,6,1,1,2,2,7,3,Y,NULL,Y,Y,1821,1828,1908,N,NULL,36,,,N,,N,N,098-CR-1262F-0,NULL,NULL,2022,A,7.28E+11,098-CR-1262F -000,HIGH,098-CR-1262F -000,0.052,0,0,0,0,1,0,0,0,0,0,0,0,0,0
3081,72818677,KSP0900,22-401753,20221018,1323,,TOLER,,RD,KY0319,KY0319,0,098 KY-319,KY0319,N,N,NULL,NULL,NULL,N,NULL,NULL,NULL,NULL,NULL,NULL,4.537,NULL,NULL,NULL,NULL,,NULL,0,0,2,2,N,N,35,NULL,98,9842,NULL,,Y,37.61489,-82.23962,N,NULL,NULL,NULL,NULL,NULL,NULL,NULL,NULL,7,3,2,3,1,1,3,2,7,3,N,NULL,Y,N,1323,1325,1335,N,NULL,54,7,0,Y,,N,N,098-KY-0319-0,NULL,NULL,2022,O,7.28E+11,098-KY-0319  -000,HIGH,098-KY-0319  -000,4.537,0,0,0,0,0,0,1,0,0,0,0,1,0,0
3082,72715854,980100,2.02E+11,20211226,1422,,CASSIDY,,BLVD,,,0,098 CS-1191,CS1191,Y,N,NULL,NULL,NULL,N,NULL,NULL,NULL,NULL,NULL,NULL,0.053,NULL,NULL,NULL,NULL,,NULL,0,0,2,2,N,N,15,NULL,98,9801,NULL,,Y,37.50366,-82.533,N,NULL,NULL,NULL,NULL,NULL,NULL,NULL,NULL,6,97,,6,1,1,2,2,1,3,N,NULL,Y,N,1422,1434,,N,NULL,90,,,N,,N,N,098-CS-1191-0,NULL,NULL,2021,O,7.27E+11,098-CS-1191  -000,HIGH,098-CS-1191  -000,0.053,0,0,0,0,0,0,1,0,0,0,0,0,0,1
3083,72535962,370200,2020-669305,20200827,817,,US119,,,US0119,US0119,0,098 US-119,US0119,Y,N,NULL,NULL,NULL,N,NULL,NULL,NULL,NULL,NULL,NULL,25.12,NULL,NULL,NULL,NULL,,NULL,0,0,2,2,N,N,55,NULL,98,9834,NULL,,Y,37.66965,-82.2785,N,NULL,NULL,NULL,NULL,NULL,NULL,NULL,NULL,2,97,4,6,1,1,3,2,1,3,N,NULL,Y,N,817,918,918,N,NULL,90,2,1,N,,N,N,098-US-0119-0,NULL,NULL,2020,O,7.25E+11,098-US-0119  -000,HIGH,098-US-0119  -000,25.12,0,1,0,0,0,0,0,0,0,0,0,0,0,0
3084,72532913,980500,2020AR041,20200818,1624,,WEDDINGTON BRANCH ROAD,,RD,,,0,098 CS-3026,CS3026,Y,N,NULL,NULL,NULL,N,NULL,NULL,NULL,NULL,NULL,NULL,,NULL,NULL,NULL,NULL,NULL,NULL,0,0,2,2,N,N,15,NULL,98,9807,NULL,,Y,37.52549,-82.56863,N,NULL,NULL,NULL,NULL,NULL,NULL,NULL,NULL,2,97,2,5,1,1,2,2,1,3,N,NULL,Y,Y,1629,1633,1633,N,NULL,90,,,N,,N,N,098-CS-3026-0,NULL,NULL,2020,O,7.25E+11,098-CS-3026  -000,HIGH,098-CS-3026  -000,0.237,0,0,0,0,0,0,1,0,0,1,0,0,0,0
3085,72478867,980100,2.02E+11,20200221,949,,CASSIDY BLVD,,,,,,,,Y,N,NULL,NULL,NULL,N,NULL,NULL,NULL,NULL,NULL,NULL,,NULL,NULL,NULL,NULL,NULL,NULL,0,0,1,1,N,N,15,NULL,98,9801,NULL,,Y,37.50536,-82.54035,N,NULL,NULL,NULL,NULL,NULL,NULL,NULL,NULL,9,97,2,6,1,1,2,2,1,3,N,NULL,Y,N,949,954,954,Y,NULL,90,,,N,,N,N,,NULL,NULL,2020,O,7.25E+11,098-CS-1215  -000,MEDIUM,098-CS-1215  -000,0.692,0,0,0,1,0,0,1,0,0,0,0,1,0,1
3086,72497813,980100,2.02E+11,20200429,1057,,CASSIDY,,BLVD,,,,,,Y,N,NULL,NULL,NULL,N,NULL,NULL,NULL,NULL,NULL,NULL,0.2,NULL,NULL,NULL,NULL,,NULL,0,0,2,2,Y,N,,NULL,98,9801,NULL,,Y,37.50403,-82.53523,N,NULL,NULL,NULL,NULL,NULL,NULL,NULL,NULL,7,97,,6,1,1,3,2,1,3,N,NULL,N,N,1057,1107,,N,NULL,90,,,N,,N,N,,NULL,NULL,2020,O,7.25E+11,098-CS-1191  -000,LOW,098-CS-1191  -000,0.2,0,0,0,1,0,0,1,0,0,0,0,0,0,1
3087,72641320,KSP0900,21-256375,20210621,2206,,ISLAND CREEK,,RD,KY1426,KY1426,0,098 KY-1426,KY1426,Y,N,NULL,NULL,NULL,N,NULL,NULL,NULL,NULL,NULL,NULL,1.45,NULL,NULL,NULL,NULL,,NULL,0,0,2,2,N,N,55,NULL,98,9801,NULL,,Y,37.45949,-82.56894,N,NULL,NULL,NULL,NULL,NULL,NULL,NULL,NULL,2,97,2,6,1,1,2,6,1,3,N,NULL,Y,N,2230,2240,,N,NULL,90,8,0,N,,N,N,098-KY-1426-0,NULL,NULL,2021,O,7.26E+11,098-KY-1426  -000,HIGH,098-KY-1426  -000,1.45,0,0,0,0,0,0,1,0,0,0,0,0,0,0
3088,72582720,980100,2.02E+11,20201231,101,,MAYO,N,TRL,US0023,US0023,0,098 US-23,US0023,N,N,NULL,NULL,NULL,N,NULL,NULL,NULL,NULL,NULL,NULL,25.794,NULL,NULL,NULL,NULL,,NULL,1,0,1,1,N,N,55,NULL,98,9801,NULL,,Y,37.4967,-82.53089,N,NULL,NULL,NULL,NULL,NULL,NULL,NULL,NULL,9,5,4,6,1,1,3,6,7,3,Y,NULL,Y,N,101,102,144,N,NULL,44,,1,Y,,N,N,098-US-0023-0,NULL,NULL,2020,C,7.26E+11,098-US-0023  -000,HIGH,098-US-0023  -000,25.794,0,0,0,0,0,0,0,0,1,1,0,1,0,1
3089,72801471,980100,2.02E+11,20220904,1229,,CASSIDY,,BLVD,,,,,,N,N,NULL,NULL,NULL,N,NULL,NULL,NULL,NULL,NULL,NULL,0.006,NULL,NULL,NULL,NULL,,NULL,3,0,2,2,N,N,55,NULL,98,9801,NULL,,Y,37.50375,-82.53226,N,NULL,NULL,NULL,NULL,NULL,NULL,NULL,NULL,1,3,4,6,1,1,2,2,1,3,N,NULL,N,Y,1230,1234,1307,N,NULL,55,,,N,,N,N,,NULL,NULL,2022,B,7.28E+11,098-CS-1191  -000,MEDIUM,098-CS-1191  -000,0.006,0,0,0,0,0,0,1,1,0,0,0,0,0,1
3090,72770071,980200,980200,20220604,1309,,ELKHORN,W,ST,,,0,098 CS-2007,CS2007,Y,N,NULL,NULL,NULL,N,NULL,NULL,NULL,NULL,NULL,NULL,0.009,NULL,NULL,NULL,NULL,,NULL,0,0,2,2,N,N,15,NULL,98,9802,NULL,,Y,37.30523,-82.3544,N,NULL,NULL,NULL,NULL,NULL,NULL,NULL,NULL,2,97,,6,1,1,2,2,1,3,N,NULL,Y,Y,1309,1311,,N,NULL,90,,,N,,N,N,098-CS-2007-0,NULL,NULL,2022,O,7.28E+11,098-CS-2007  -000,HIGH,098-CS-2007  -000,0.009,0,0,0,1,0,0,0,0,0,1,0,0,0,0
3091,72832734,980100,2.02E+11,20221118,1316,,HAMBLEY,,BLVD,,,0,098 CS-1222,CS1222,N,N,NULL,NULL,NULL,N,NULL,NULL,NULL,NULL,NULL,NULL,0.631,NULL,NULL,NULL,NULL,,NULL,0,0,2,2,N,N,25,NULL,98,9801,NULL,,Y,37.48008,-82.51924,N,NULL,NULL,NULL,NULL,NULL,NULL,NULL,NULL,2,97,3,6,1,1,2,2,7,3,N,NULL,Y,N,1316,1327,1327,N,NULL,47,,,N,,N,N,098-CS-1222-0,NULL,NULL,2022,O,7.28E+11,098-CS-1222  -000,HIGH,098-CS-1222  -000,0.631,0,0,0,0,0,0,1,0,0,0,0,0,0,1
3092,72789304,KSP0900,22-284821,20220726,1548,,US23,,,US0023,US0023,0,098 US-23,US0023,Y,N,NULL,NULL,NULL,N,NULL,NULL,NULL,NULL,NULL,NULL,8.344,NULL,NULL,NULL,NULL,,NULL,0,0,2,2,N,N,15,NULL,98,9809,NULL,,Y,37.31945,-82.55175,N,NULL,NULL,NULL,NULL,NULL,NULL,NULL,NULL,2,97,1,6,1,1,2,2,1,3,N,NULL,Y,N,1548,1548,1548,N,NULL,90,,1,N,,N,N,098-US-0023-0,NULL,NULL,2022,O,7.28E+11,098-US-0023  -000,HIGH,098-US-0023  -000,8.344,0,0,0,0,0,0,1,0,0,0,0,0,0,0
3093,72607222,KSP0900,21-112023,20210321,1300,,US460,,,US0460,US0460,0,098 US-460,US0460,N,N,NULL,NULL,NULL,N,NULL,NULL,NULL,NULL,NULL,NULL,2.72,NULL,NULL,NULL,NULL,,NULL,0,0,2,2,N,N,55,NULL,98,9824,NULL,,Y,37.43093,-82.48035,N,NULL,NULL,NULL,NULL,NULL,NULL,NULL,NULL,2,97,2,6,1,1,2,2,1,3,N,NULL,N,N,1300,1315,,N,NULL,47,,1,N,,N,N,098-US-0460-0,NULL,NULL,2021,O,7.26E+11,098-US-0460  -000,HIGH,098-US-0460  -000,2.72,0,0,1,0,0,0,1,0,0,0,0,0,0,0
3094,72686584,980100,2.02E+11,20211023,1904,,US119,,,US0119,US0119,0,098 US-119,US0119,N,N,NULL,NULL,NULL,N,NULL,NULL,NULL,NULL,NULL,NULL,0.218,NULL,NULL,NULL,NULL,,NULL,0,0,1,1,N,N,55,NULL,98,9801,NULL,,Y,37.50463,-82.52827,N,NULL,NULL,NULL,NULL,NULL,NULL,NULL,NULL,9,3,2,6,1,1,2,6,1,3,N,NULL,Y,N,1904,1910,,N,NULL,38,2,1,N,,N,N,098-US-0119-0,NULL,NULL,2021,O,7.27E+11,098-US-0119  -000,HIGH,098-US-0119  -000,0.218,0,0,0,0,0,0,0,0,0,0,0,0,0,1
3095,72693945,KSP0900,21-456839,20211107,1043,,KY611,,,KY0611,KY0611,0,098 KY-611,KY0611,N,N,NULL,NULL,NULL,N,NULL,NULL,NULL,NULL,NULL,NULL,0.234,NULL,NULL,NULL,NULL,,NULL,0,0,2,2,N,N,25,NULL,98,9864,NULL,,Y,37.31633,-82.46906,N,NULL,NULL,NULL,NULL,NULL,NULL,NULL,NULL,7,3,2,3,1,1,2,2,6,3,N,NULL,Y,N,1307,1315,1100,N,NULL,54,8,0,N,,N,N,098-KY-0611-0,NULL,NULL,2021,O,7.27E+11,098-KY-0611  -000,HIGH,098-KY-0611  -000,0.234,0,0,0,0,0,0,0,0,0,0,0,1,0,0
3096,72646476,980100,2.02E+11,20210706,1652,,CASSIDY,,BLVD,,,0,098 CS-1191,CS1191,Y,N,NULL,NULL,NULL,N,NULL,NULL,NULL,NULL,NULL,NULL,0.288,NULL,NULL,NULL,NULL,,NULL,0,0,2,2,N,N,,NULL,98,9801,NULL,,Y,37.50494,-82.53658,N,NULL,NULL,NULL,NULL,NULL,NULL,NULL,NULL,2,97,,6,1,1,2,2,1,3,N,NULL,Y,N,1652,1659,1709,N,NULL,90,,,N,,N,N,098-CS-1191-0,NULL,NULL,2021,O,7.26E+11,098-CS-1191  -000,HIGH,098-CS-1191  -000,0.288,0,0,0,1,0,0,1,0,0,0,0,0,0,1
3097,72737128,980100,2.02E+11,20220303,947,,US23,,,US0023,US0023,0,098 US-23,US0023,N,N,NULL,NULL,NULL,N,NULL,NULL,NULL,NULL,NULL,NULL,27.311,NULL,NULL,NULL,NULL,,NULL,0,0,2,2,N,N,55,NULL,98,9801,NULL,,Y,37.51067,-82.54748,N,NULL,NULL,NULL,NULL,NULL,NULL,NULL,NULL,5,3,4,6,1,1,2,2,7,3,N,NULL,N,N,947,956,958,N,NULL,70,,1,N,,N,N,098-US-0023-0,NULL,NULL,2022,O,7.27E+11,098-US-0023  -000,HIGH,098-US-0023  -000,27.311,0,0,0,1,0,0,1,0,0,0,0,0,0,1
3098,72484897,980100,2.02E+11,20200306,1038,,BYPASS,S,RD,KY1426,KY1426,,,,Y,N,NULL,NULL,NULL,N,NULL,NULL,NULL,NULL,NULL,NULL,5.678,NULL,NULL,NULL,NULL,,NULL,0,0,2,2,Y,N,15,NULL,98,9801,NULL,,Y,37.47271,-82.52306,N,NULL,NULL,NULL,NULL,NULL,NULL,NULL,NULL,8,97,1,6,2,1,6,2,1,3,N,NULL,Y,N,1038,1043,1043,N,NULL,90,,0,N,,N,N,,NULL,NULL,2020,O,7.25E+11,098-KY-1426  -000,HIGH,098-KY-1426  -000,5.678,0,0,0,0,0,0,1,0,0,0,0,0,0,1
3099,72793653,KSP0900,22-312343,20220813,1137,,KY194,,,KY0194,KY0194,0,098 KY-194,KY0194,N,N,NULL,NULL,NULL,N,NULL,NULL,NULL,NULL,NULL,NULL,22.845,NULL,NULL,NULL,NULL,,NULL,0,0,3,3,N,N,55,NULL,98,9817,NULL,,Y,37.53954,-82.3728,N,NULL,NULL,NULL,NULL,NULL,NULL,NULL,NULL,7,3,2,6,1,1,2,2,7,3,N,NULL,Y,N,1149,1156,1156,N,NULL,54,6,0,N,,N,N,098-KY-0194-0,NULL,NULL,2022,O,7.28E+11,098-KY-0194  -000,HIGH,098-KY-0194  -000,22.845,0,1,0,0,0,0,0,0,0,0,0,1,0,0
3100,72427485,370200,2019-41018,20191018,252,,MARROWBONE CREEK,,RD,KY0195,KY0195,,,,N,N,NULL,NULL,NULL,N,NULL,NULL,NULL,NULL,NULL,NULL,6.235,NULL,NULL,NULL,NULL,,NULL,0,0,2,2,N,N,35,NULL,98,9830,NULL,,Y,37.32125,-82.45924,N,NULL,NULL,NULL,NULL,NULL,NULL,NULL,NULL,7,3,2,3,1,1,2,2,7,3,N,NULL,N,N,1452,1503,,N,NULL,54,7,0,Y,,N,N,,NULL,NULL,2019,O,7.24E+11,098-KY-0195  -000,HIGH,098-KY-0195  -000,6.235,0,1,0,0,0,0,1,0,0,0,0,1,0,0
3101,72751205,980100,2.02E+11,20220415,1558,,US23,,,US0023,US0023,0,098 US-23,US0023,N,N,NULL,NULL,NULL,N,NULL,NULL,NULL,NULL,NULL,NULL,22.988,NULL,NULL,NULL,NULL,,NULL,0,0,2,2,N,N,55,NULL,98,9801,NULL,,Y,37.46553,-82.52681,N,NULL,NULL,NULL,NULL,NULL,NULL,NULL,NULL,5,3,4,6,1,1,2,2,7,3,N,NULL,Y,N,1558,1558,1559,N,NULL,70,,1,N,,N,N,098-US-0023-0,NULL,NULL,2022,O,7.28E+11,098-US-0023  -000,HIGH,098-US-0023  -000,22.988,0,0,0,0,0,0,1,0,0,0,0,0,0,1
3102,72811899,KSP0900,22-379734,20221001,1313,,KY194,,,KY0194,KY0194,0,098 KY-194,KY0194,N,N,NULL,NULL,NULL,N,NULL,NULL,NULL,NULL,NULL,NULL,18.381,NULL,NULL,NULL,NULL,,NULL,0,0,1,1,N,N,40,NULL,98,9801,NULL,,Y,37.5586,-82.422,N,NULL,NULL,NULL,NULL,NULL,NULL,NULL,NULL,9,3,2,1,1,5,6,2,7,3,N,NULL,N,N,1312,1333,1342,N,NULL,40,6,5,N,,N,N,098-KY-0194-0,NULL,NULL,2022,O,7.28E+11,098-KY-0194  -000,HIGH,098-KY-0194  -000,18.381,0,0,0,0,0,0,0,0,0,0,0,1,0,0
3103,72585865,980100,2.02E+11,20210117,1124,,CASSIDY,,BLVD,,,0,098 CS-1191,CS1191,N,N,NULL,NULL,NULL,N,NULL,NULL,NULL,NULL,NULL,NULL,0.053,NULL,NULL,NULL,NULL,,NULL,0,0,2,2,N,N,15,NULL,98,9801,NULL,,Y,37.50368,-82.53301,N,NULL,NULL,NULL,NULL,NULL,NULL,NULL,NULL,2,97,1,6,1,1,2,2,1,3,N,NULL,Y,N,1116,1123,,N,NULL,56,,,N,,N,N,098-CS-1191-0,NULL,NULL,2021,O,7.26E+11,098-CS-1191  -000,HIGH,098-CS-1191  -000,0.053,0,0,0,0,0,0,1,0,0,0,0,0,0,1
3104,72474511,980000,20-02-001,20200203,1800,,ABNER FORK,,RD,,,0,098 CR-1648,CR1648,Y,N,NULL,NULL,NULL,N,NULL,NULL,NULL,NULL,NULL,NULL,0.415,NULL,NULL,NULL,NULL,,NULL,0,0,2,2,N,N,,NULL,98,9874,NULL,,Y,37.36032,-82.33862,N,NULL,NULL,NULL,NULL,NULL,NULL,NULL,NULL,8,97,,6,1,5,6,7,6,3,N,NULL,Y,Y,1800,1820,1930,N,NULL,90,,,N,,N,N,098-CR-1648-0,NULL,NULL,2020,O,7.25E+11,098-CR-1648  -000,HIGH,098-CR-1648  -000,0.415,0,0,0,0,0,0,1,0,0,0,0,0,0,0
3105,72672432,980100,2.02E+11,20210917,1223,,OWSLEY,,RD,KY1384,KY1384,0,098 KY-1384,KY1384,N,N,NULL,NULL,NULL,N,NULL,NULL,NULL,NULL,NULL,NULL,6.527,NULL,NULL,NULL,NULL,,NULL,0,0,2,2,N,N,35,NULL,98,9801,NULL,,Y,37.47703,-82.54698,N,NULL,NULL,NULL,NULL,NULL,NULL,NULL,NULL,5,3,2,4,1,1,2,2,6,3,N,NULL,Y,N,1223,1226,1250,N,NULL,49,17,0,Y,,N,N,098-KY-1384-0,NULL,NULL,2021,O,7.27E+11,098-KY-1384  -000,HIGH,098-KY-1384  -000,6.527,0,0,0,0,0,0,1,0,0,0,0,0,0,1
3106,72411727,KSP0900,19-36987,20190921,830,,COWPEN,,RD,KY2061,KY2061,0,098 KY-2061,KY2061,N,N,NULL,NULL,NULL,N,NULL,NULL,NULL,NULL,NULL,NULL,3.611,NULL,NULL,NULL,NULL,,NULL,0,0,1,1,N,N,55,NULL,98,9807,NULL,,Y,37.56272,-82.55708,N,NULL,NULL,NULL,NULL,NULL,NULL,NULL,NULL,9,3,2,1,1,1,2,2,7,3,N,NULL,Y,N,830,845,945,N,NULL,70,,0,N,,N,N,098-KY-2061-0,NULL,NULL,2019,O,7.24E+11,098-KY-2061  -000,HIGH,098-KY-2061  -000,3.611,0,0,0,0,0,0,0,0,0,0,0,0,0,0
3107,72569356,KSP0900,20-767141,20201101,1400,,UPPER BRANCH,,RD,,,0,098 CS-2042,CS2042,N,N,NULL,NULL,NULL,N,NULL,NULL,NULL,NULL,NULL,NULL,0.091,NULL,NULL,NULL,NULL,,NULL,0,0,1,1,N,N,35,NULL,98,9802,NULL,,Y,37.29921,-82.33605,N,NULL,NULL,NULL,NULL,NULL,NULL,NULL,NULL,9,3,1,5,1,1,2,2,7,3,N,NULL,N,N,1400,1420,1420,N,NULL,40,,,N,,N,N,098-CS-2042-0,NULL,NULL,2020,O,7.26E+11,098-CS-2042  -000,HIGH,098-CS-2042  -000,0.091,0,0,0,0,0,0,0,0,0,0,0,1,0,0
3108,72645923,KSP0900,21-285471,20210710,1605,,SHELBY DRY,,FRK,,,0,098 CR-1257,CR1257,N,N,NULL,NULL,NULL,N,NULL,NULL,NULL,NULL,NULL,NULL,1.464,NULL,NULL,NULL,NULL,,NULL,0,0,2,2,N,N,35,NULL,98,9824,NULL,,Y,37.40451,-82.49416,N,NULL,NULL,NULL,NULL,NULL,NULL,NULL,NULL,3,3,1,3,1,5,3,2,7,3,N,NULL,Y,N,1608,1617,1630,N,NULL,52,,,N,,N,N,098-CR-1257-0,NULL,NULL,2021,O,7.26E+11,098-CR-1257  -000,HIGH,098-CR-1257  -000,1.464,0,0,0,0,0,0,1,0,0,1,0,1,0,0
3109,72596033,980100,2.02E+11,20210219,1047,,BYPASS,S,RD,KY1426,KY1426,0,098 KY-1426,KY1426,N,N,NULL,NULL,NULL,N,NULL,NULL,NULL,NULL,NULL,NULL,5.674,NULL,NULL,NULL,NULL,,NULL,0,0,2,2,N,N,10,NULL,98,9801,NULL,,Y,37.4727,-82.52313,N,NULL,NULL,NULL,NULL,NULL,NULL,NULL,NULL,3,97,2,6,1,1,9,2,1,3,N,NULL,N,N,1047,1051,1105,N,NULL,47,,0,N,,N,N,098-KY-1426-0,NULL,NULL,2021,O,7.26E+11,098-KY-1426  -000,HIGH,098-KY-1426  -000,5.674,0,0,0,1,0,0,1,0,0,0,0,0,0,1
3110,72558754,KSP0900,20-718328,20200928,1618,,US119,,,US0119,US0119,,,,Y,N,NULL,NULL,NULL,N,NULL,NULL,NULL,NULL,NULL,NULL,23.935,NULL,NULL,NULL,NULL,,NULL,0,0,2,1,N,N,,NULL,98,9834,NULL,,Y,37.65477,-82.26978,N,NULL,NULL,NULL,NULL,NULL,NULL,NULL,NULL,8,97,,6,1,1,2,2,1,3,N,NULL,Y,N,1618,1618,,N,NULL,90,2,1,N,,N,N,,NULL,NULL,2020,O,7.26E+11,098-US-0119  -010,MEDIUM,098-US-0119  -000,23.935,0,0,0,1,0,0,1,0,0,0,0,0,0,0