OBJECTID,MasterFile,AgencyORINumber,LocalCode,CollisionDate,CollisionTime,CollisionDayWeekCode,RoadwayName,RoadwayName_Direction_,RoadwayName_RoadwaySuffix_,RoadwayfromReport,CurrentRoadwayNumber,RoadwayNumberCoupletID,RSEUniqueGIS,RoadwayIdentifier,ParkingLotIndicator,IntersectionWith_Indicator_,IntersectionWith_NameRoadway_,IntersectionWith_Direction_,IntersectionWith_RoadwaySuffix_,BetweenStreets_Indicator_,BetweenStreets1_NameRoadway_,BetweenStreet1_Direction_,BetweenStreets1_RoadwaySuffix_,BetweenStreets2_NameRoadway_,BetweenStreets2_Direction_,BetweenStreets2_RoadwaySuffix_,Milepoint,ReportMilepointDeriveNumber,CurrentDerivedMiepointNumber,MilestoMilepoint,FeettoMilepoint,DirectionfromMilepoint_NSEW_,ValidMilepointIndicator,NumberInjured,NumberKilled,ofUnits,ofMotorVehicleUnits,Hit&RunIndicator,OneWayIndicator,SpeedLimitNumber,KilometersIndicator,CountyCode,CityCountyCode,MilesFromCity,DirectionFromCity_NSEW_,InCityLimitsIndicator,Latitude,Longitude,RampIndicator,RampFromIdentifier,RampFromDirCode,RampFromCoupletID,RSEUniqueGISRampFrom,RampToidentifier,RampToDirCode,RampToCoupletID,RSEUniqueGisRampTo,MannerofCollisionCode,LocationFirstEventCode,TotalLanes,RoadwayCharacterCode,RoadwaySurfaceCode,RoadwayConditionCode,WeatherCode,LightConditionCode,LandUseCode,SchoolBusRelatedCode,FirstAidSceneIndicator,CollDescPresentInd,InvestigationCompleteIndicator,PhotosTakenIndicator,TimeNotified,TimeArrived,TimeRoadwayOpened,PropertyDamageIndicator,DiagramPresentIndicator,DirectionalAnalysis,FunctionClassCode,NationalHwySysCode,EnforcementsIndicator,KARSCityCode,SecondaryCollisionIndicator,MedianCrossoverIndicator,RT_UNIQUE,MapIt,TimeLastLeft,YR,KABCO,MFNY,WorkingRID,RT_CONFIDENCE,KTC_RT,KTC_MP,Motorcyclist,Commercial Vehicle,Young Driver,Mature Driver,Pedestrian,Bicyclist,Distracted,Aggressive,Impaired,Unrestrained,Intersection,Roadway Departure,Median Cross-over,City Crash
3111,72557789,980100,2.02E+11,20201027,1419,,US119,,,US0119,US0119,0,098 US-119-10,US0119,N,N,NULL,NULL,NULL,N,NULL,NULL,NULL,NULL,NULL,NULL,2.511,NULL,NULL,NULL,NULL,,NULL,0,0,2,2,N,N,55,NULL,98,9801,NULL,,Y,37.51405,-82.49041,N,NULL,NULL,NULL,NULL,NULL,NULL,NULL,NULL,1,3,2,6,1,1,2,2,7,3,N,NULL,Y,N,1419,1427,,N,NULL,55,2,1,N,,N,N,098-US-0119-10,NULL,NULL,2020,O,7.26E+11,098-US-0119  -010,HIGH,098-US-0119  -000,2.511,0,0,0,0,0,0,0,0,0,0,0,0,0,1
3112,72809742,980100,2.02E+11,20220927,1024,,2ND,,ST,,,0,098 CS-1117,CS1117,N,N,NULL,NULL,NULL,N,NULL,NULL,NULL,NULL,NULL,NULL,0.025,NULL,NULL,NULL,NULL,,NULL,0,0,2,2,N,Y,15,NULL,98,9801,NULL,,Y,37.48321,-82.51585,N,NULL,NULL,NULL,NULL,NULL,NULL,NULL,NULL,1,5,1,6,1,1,2,2,1,3,N,NULL,Y,N,1025,1031,1031,N,NULL,47,,,N,,N,N,098-CS-1117-0,NULL,NULL,2022,O,7.28E+11,098-CS-1117  -000,HIGH,098-CS-1117  -000,0.025,0,0,0,0,0,0,0,0,0,0,0,0,0,1
3113,72540787,980100,2.02E+11,20200905,2330,,US23,,,US0023,US0023,0,098 US-23,US0023,N,N,NULL,NULL,NULL,N,NULL,NULL,NULL,NULL,NULL,NULL,20.573,NULL,NULL,NULL,NULL,,NULL,1,0,1,1,N,N,55,NULL,98,9801,NULL,,Y,37.44355,-82.5189,N,NULL,NULL,NULL,NULL,NULL,NULL,NULL,NULL,9,5,4,3,1,1,2,5,1,3,N,NULL,Y,Y,2330,2336,25,Y,NULL,51,,1,Y,,N,N,098-US-0023-0,NULL,NULL,2020,C,7.25E+11,098-US-0023  -000,HIGH,098-US-0023  -000,20.573,0,0,1,0,0,0,0,0,1,1,0,1,0,1
3114,72538139,980100,2.02E+11,20200829,1400,,MAYO,S,TRL,US0023,US0023,,,,N,N,NULL,NULL,NULL,N,NULL,NULL,NULL,NULL,NULL,NULL,20.5,NULL,NULL,NULL,NULL,,NULL,0,0,1,1,N,N,55,NULL,98,9801,NULL,,Y,37.44417,-82.51794,N,NULL,NULL,NULL,NULL,NULL,NULL,NULL,NULL,9,3,4,3,1,1,2,2,1,3,N,NULL,N,N,1400,1407,1540,Y,NULL,70,,1,N,,N,N,,NULL,NULL,2020,O,7.25E+11,098-US-0023  -010,MEDIUM,098-US-0023  -000,20.5,0,0,0,0,0,0,0,0,0,0,0,1,0,1
3115,72697206,980100,2.02E+11,20211110,1507,,US23,,,US0023,US0023,0,098 US-23-10,US0023,N,N,NULL,NULL,NULL,N,NULL,NULL,NULL,NULL,NULL,NULL,22.288,NULL,NULL,NULL,NULL,,NULL,0,0,2,2,N,N,55,NULL,98,9801,NULL,,Y,37.46136,-82.51698,N,NULL,NULL,NULL,NULL,NULL,NULL,NULL,NULL,1,3,4,1,1,1,2,2,1,3,N,NULL,Y,N,1507,1512,1531,N,NULL,55,,1,N,,N,N,098-US-0023-10,NULL,NULL,2021,O,7.27E+11,098-US-0023  -010,HIGH,098-US-0023  -000,22.288,0,0,1,1,0,0,0,1,0,0,0,0,0,1
3116,72723336,KSP0900,22-25837,20220121,1812,,US460,,,US0460,US0460,0,098 US-460,US0460,N,N,NULL,NULL,NULL,N,NULL,NULL,NULL,NULL,NULL,NULL,12.887,NULL,NULL,NULL,NULL,,NULL,2,0,2,2,N,N,55,NULL,98,9822,NULL,,Y,37.33802,-82.39333,N,NULL,NULL,NULL,NULL,NULL,NULL,NULL,NULL,4,3,2,6,1,1,1,6,7,3,Y,NULL,Y,Y,1812,1830,1945,N,NULL,70,,1,N,,N,N,098-US-0460-0,NULL,NULL,2022,B,7.27E+11,098-US-0460  -000,HIGH,098-US-0460  -000,12.887,0,0,0,0,0,0,1,0,0,1,0,0,0,0
3117,72592786,KSP0900,21-43175,20210202,940,,LEFT FORK OF STANLEY,,FRK,,,0,098 CR-1366Q4,CR1366Q4,N,N,NULL,NULL,NULL,N,NULL,NULL,NULL,NULL,NULL,NULL,0.042,NULL,NULL,NULL,NULL,,NULL,0,1,1,1,N,N,25,NULL,98,9801,7,NE,N,37.60503,-82.4305,N,NULL,NULL,NULL,NULL,NULL,NULL,NULL,NULL,9,5,1,1,2,2,9,2,7,3,N,NULL,Y,Y,940,1100,1401,N,NULL,44,,,N,,N,N,098-CR-1366Q4-0,NULL,NULL,2021,K,7.26E+11,098-CR-1366Q4-000,MEDIUM,098-CR-1366Q4-000,0.042,0,0,0,0,0,0,0,0,0,1,0,1,0,0
3118,72800939,980100,2.02E+11,20220820,1324,,HUFFMAN,,AVE,,,0,098 CS-1123,CS1123,Y,N,NULL,NULL,NULL,N,NULL,NULL,NULL,NULL,NULL,NULL,0.183,NULL,NULL,NULL,NULL,,NULL,0,0,2,2,N,N,15,NULL,98,9801,NULL,,Y,37.47849,-82.51972,N,NULL,NULL,NULL,NULL,NULL,NULL,NULL,NULL,2,97,1,6,1,1,2,2,7,3,N,NULL,Y,N,1324,1327,1402,N,NULL,90,,,N,,N,N,098-CS-1123-0,NULL,NULL,2022,O,7.28E+11,098-CS-1123  -000,HIGH,098-CS-1123  -000,0.183,0,0,0,0,0,0,1,0,0,0,0,0,0,1
3119,72742469,980100,2.02E+11,20220320,1815,,BYPASS,S,RD,KY1426,KY1426,,,,Y,N,NULL,NULL,NULL,N,NULL,NULL,NULL,NULL,NULL,NULL,6.563,NULL,NULL,NULL,NULL,,NULL,0,0,2,2,N,N,15,NULL,98,9801,NULL,,Y,37.48252,-82.51366,N,NULL,NULL,NULL,NULL,NULL,NULL,NULL,NULL,2,97,,6,1,1,2,2,1,3,N,NULL,Y,N,1815,1820,,N,NULL,90,,0,N,,N,N,,NULL,NULL,2022,O,7.27E+11,098-KY-1426  -000,HIGH,098-KY-1426  -000,6.563,0,0,0,0,0,0,1,1,0,0,0,0,0,1
3120,72696268,KSP0900,21-465014,20211113,812,,KY194,,,KY0194,KY0194,0,098 KY-194,KY0194,N,N,NULL,NULL,NULL,N,NULL,NULL,NULL,NULL,NULL,NULL,24.707,NULL,NULL,NULL,NULL,,NULL,0,0,1,1,N,N,55,NULL,98,9817,NULL,,Y,37.52032,-82.36337,N,NULL,NULL,NULL,NULL,NULL,NULL,NULL,NULL,9,4,2,3,1,5,3,2,7,3,N,NULL,Y,N,812,832,832,Y,NULL,40,6,0,N,,N,N,098-KY-0194-0,NULL,NULL,2021,O,7.27E+11,098-KY-0194  -000,HIGH,098-KY-0194  -000,24.707,0,0,0,0,0,0,0,0,0,0,0,1,0,0
3121,72498387,KSP0900,20-15566,20200426,2012,,ROCKHOUSE,,CRK,,,0,098 CR-1243,CR1243,N,N,NULL,NULL,NULL,N,NULL,NULL,NULL,NULL,NULL,NULL,0.538,NULL,NULL,NULL,NULL,,NULL,0,0,2,2,N,N,35,NULL,98,9802,NULL,,Y,37.33155,-82.4609,N,NULL,NULL,NULL,NULL,NULL,NULL,NULL,NULL,2,3,2,1,1,5,6,6,7,3,N,NULL,Y,N,2013,2033,,N,NULL,56,,,N,,N,N,098-CR-1243-0,NULL,NULL,2020,O,7.25E+11,098-CR-1243  -000,HIGH,098-CR-1243  -000,0.538,0,0,1,0,0,0,1,0,0,0,0,1,0,0
3122,72602122,KSP0900,21-90999,20210307,1306,,US119,,,US0119,US0119,0,098 US-119,US0119,N,N,NULL,NULL,NULL,N,NULL,NULL,NULL,NULL,NULL,NULL,24.604,NULL,NULL,NULL,NULL,,NULL,1,0,2,2,N,N,55,NULL,98,9834,NULL,,Y,37.6635,-82.27316,N,NULL,NULL,NULL,NULL,NULL,NULL,NULL,NULL,4,3,4,1,1,1,2,2,7,3,N,NULL,Y,Y,1307,1311,1407,N,NULL,70,2,1,N,,N,N,098-US-0119-0,NULL,NULL,2021,C,7.26E+11,098-US-0119  -000,HIGH,098-US-0119  -000,24.604,0,0,0,1,0,0,1,0,0,0,0,0,0,0
3123,72606696,KSP0900,21-110516,20210320,1235,,US23,,,US0023,US0023,0,098 US-23-10,US0023,N,N,NULL,NULL,NULL,N,NULL,NULL,NULL,NULL,NULL,NULL,2.502,NULL,NULL,NULL,NULL,,NULL,0,0,1,1,N,N,55,NULL,98,9809,NULL,,Y,37.27084,-82.60623,N,NULL,NULL,NULL,NULL,NULL,NULL,NULL,NULL,9,3,4,4,1,1,2,2,7,3,N,NULL,Y,N,1235,1245,,N,NULL,38,,1,N,,N,N,098-US-0023-10,NULL,NULL,2021,O,7.26E+11,098-US-0023  -010,HIGH,098-US-0023  -000,2.502,0,0,0,0,0,0,0,0,0,0,0,0,0,0
3124,72744315,KSP0900,2022-109066,20220325,1045,,KY194,,,KY0194,KY0194,0,098 KY-194,KY0194,N,N,NULL,NULL,NULL,N,NULL,NULL,NULL,NULL,NULL,NULL,29.014,NULL,NULL,NULL,NULL,,NULL,0,0,1,1,N,N,55,NULL,98,9817,NULL,,Y,37.46819,-82.35802,N,NULL,NULL,NULL,NULL,NULL,NULL,NULL,NULL,9,3,2,6,1,1,2,2,7,3,N,NULL,Y,N,1000,1000,1000,N,NULL,70,7,0,N,,N,N,098-KY-0194-0,NULL,NULL,2022,O,7.27E+11,098-KY-0194  -000,HIGH,098-KY-0194  -000,29.014,0,0,0,0,0,0,0,0,0,0,0,0,0,0
3125,72710097,KSP0900,2021-511638,20211216,1810,,US23,,,US0023,US0023,0,098 US-23-10,US0023,N,N,NULL,NULL,NULL,N,NULL,NULL,NULL,NULL,NULL,NULL,28.748,NULL,NULL,NULL,NULL,,NULL,0,0,2,2,N,N,55,NULL,98,9807,NULL,,Y,37.52129,-82.56879,N,NULL,NULL,NULL,NULL,NULL,NULL,NULL,NULL,5,3,4,6,1,5,6,6,7,3,N,NULL,Y,N,1815,1815,1900,N,NULL,70,,1,N,,N,N,098-US-0023-10,NULL,NULL,2021,O,7.27E+11,098-US-0023  -010,HIGH,098-US-0023  -000,28.748,0,0,0,0,0,0,0,0,0,0,0,0,0,0
3126,72598608,980100,2.02E+11,20210222,949,,BAIRD,,AVE,KY1426,KY1426,0,098 KY-1426,KY1426,N,N,NULL,NULL,NULL,N,NULL,NULL,NULL,NULL,NULL,NULL,5.39,NULL,NULL,NULL,NULL,,NULL,0,0,2,2,N,N,55,NULL,98,9801,NULL,,Y,37.47334,-82.52714,N,NULL,NULL,NULL,NULL,NULL,NULL,NULL,NULL,1,3,2,6,1,1,2,2,1,3,N,NULL,Y,N,949,953,,N,NULL,55,,0,N,,N,N,098-KY-1426-0,NULL,NULL,2021,O,7.26E+11,098-KY-1426  -000,HIGH,098-KY-1426  -000,5.39,0,0,0,1,0,0,1,0,0,0,0,0,0,1
3127,72599422,980500,2021AR008,20210302,1655,,US 23 NORTH,,,,,,,,N,N,NULL,NULL,NULL,N,NULL,NULL,NULL,NULL,NULL,NULL,,NULL,NULL,NULL,NULL,NULL,NULL,0,0,2,2,N,N,45,NULL,98,9807,NULL,,Y,37.51914,-82.56599,N,NULL,NULL,NULL,NULL,NULL,NULL,NULL,NULL,1,3,6,6,1,1,2,2,7,3,N,NULL,Y,Y,1655,1650,1741,N,NULL,55,,,N,,N,N,,NULL,NULL,2021,O,7.26E+11,098-CS-3006  -000,MEDIUM,098-CS-3006  -000,0.003,0,0,0,0,0,0,1,1,0,0,0,0,0,0
3128,72768431,980500,2022AR024,20220602,1526,,MAYO TRAIL,N,,,,,,,Y,N,NULL,NULL,NULL,N,NULL,NULL,NULL,NULL,NULL,NULL,,NULL,NULL,NULL,NULL,NULL,NULL,0,0,2,2,N,N,,NULL,98,9807,NULL,,Y,37.51937,-82.56601,N,NULL,NULL,NULL,NULL,NULL,NULL,NULL,NULL,7,97,,6,1,1,2,2,5,3,N,NULL,Y,Y,1520,1520,1520,N,NULL,90,,,N,,N,N,,NULL,NULL,2022,O,7.28E+11,098-CS-3006  -000,MEDIUM,098-CS-3006  -000,0.01,0,0,0,1,0,0,1,0,0,1,0,0,0,0
3129,72834100,980100,2.02E+11,20221118,1249,,CASSIDY,,BLVD,,,0,098 CS-1191,CS1191,Y,N,NULL,NULL,NULL,N,NULL,NULL,NULL,NULL,NULL,NULL,0.287,NULL,NULL,NULL,NULL,,NULL,0,0,2,2,Y,N,,NULL,98,9801,NULL,,Y,37.50496,-82.53656,N,NULL,NULL,NULL,NULL,NULL,NULL,NULL,NULL,2,97,,6,1,1,2,2,1,3,N,NULL,Y,N,1249,1300,1300,N,NULL,90,,,N,,N,N,098-CS-1191-0,NULL,NULL,2022,O,7.28E+11,098-CS-1191  -000,HIGH,098-CS-1191  -000,0.287,0,0,0,0,0,0,1,0,0,0,0,1,0,1
3130,72758902,980100,2.02E+11,20220505,1140,,CASSIDY,,BLVD,,,0,098 CS-1191,CS1191,Y,N,NULL,NULL,NULL,N,NULL,NULL,NULL,NULL,NULL,NULL,0.315,NULL,NULL,NULL,NULL,,NULL,0,0,2,2,N,N,15,NULL,98,9801,NULL,,Y,37.5052,-82.53715,N,NULL,NULL,NULL,NULL,NULL,NULL,NULL,NULL,2,97,1,6,1,1,2,2,1,3,N,NULL,Y,N,1140,1151,1151,N,NULL,90,,,N,,N,N,098-CS-1191-0,NULL,NULL,2022,O,7.28E+11,098-CS-1191  -000,HIGH,098-CS-1191  -000,0.315,0,0,0,1,0,0,1,0,0,0,0,0,0,1
3131,72517727,980000,20-07-002,20200704,100,,FISHTRAP,,RD,KY1441,KY1441,0,098 KY-1441,KY1441,N,N,NULL,NULL,NULL,N,NULL,NULL,NULL,NULL,NULL,NULL,11.613,NULL,NULL,NULL,NULL,,NULL,1,0,1,1,N,N,45,NULL,98,9850,NULL,,Y,37.53438,-82.46238,N,NULL,NULL,NULL,NULL,NULL,NULL,NULL,NULL,9,5,2,4,1,1,2,6,6,3,N,NULL,Y,Y,115,115,200,N,NULL,44,8,0,N,,N,N,098-KY-1441-0,NULL,NULL,2020,C,7.25E+11,098-KY-1441  -000,HIGH,098-KY-1441  -000,11.613,0,0,1,0,0,0,0,1,0,0,0,1,0,0
3132,72792959,KSP0900,22-302822,20220806,1419,,ELKHORN,,CRK,KY0197,KY0197,0,098 KY-197,KY0197,N,N,NULL,NULL,NULL,N,NULL,NULL,NULL,NULL,NULL,NULL,6.833,NULL,NULL,NULL,NULL,,NULL,1,0,1,1,N,N,35,NULL,98,9864,NULL,,Y,37.25608,-82.47644,N,NULL,NULL,NULL,NULL,NULL,NULL,NULL,NULL,9,3,2,3,1,1,2,2,7,3,N,NULL,N,Y,1419,1438,1438,N,NULL,44,7,0,N,,N,N,098-KY-0197-0,NULL,NULL,2022,C,7.28E+11,098-KY-0197  -000,HIGH,098-KY-0197  -000,6.833,0,0,0,0,0,0,1,0,0,0,0,1,0,0
3133,72825204,KSP0900,22-417882,20221030,1544,,KY3418,,,KY3418,KY3418,0,098 KY-3418,KY3418,N,N,NULL,NULL,NULL,N,NULL,NULL,NULL,NULL,NULL,NULL,0.858,NULL,NULL,NULL,NULL,,NULL,3,0,2,2,N,N,55,NULL,98,9849,NULL,,Y,37.46357,-82.36244,N,NULL,NULL,NULL,NULL,NULL,NULL,NULL,NULL,7,3,2,3,1,1,3,2,7,3,Y,NULL,Y,Y,1545,1602,1645,N,NULL,54,9,0,N,,N,N,098-KY-3418-0,NULL,NULL,2022,B,7.28E+11,098-KY-3418  -000,HIGH,098-KY-3418  -000,0.858,0,0,0,0,0,0,1,0,0,0,0,1,0,0
3134,72649173,KSP0900,21-298433,20210719,950,,WILDCAT,,DR,,,0,098 CR-1703,CR1703,Y,N,NULL,NULL,NULL,N,NULL,NULL,NULL,NULL,NULL,NULL,0.101,NULL,NULL,NULL,NULL,,NULL,0,0,2,2,N,N,,NULL,98,9801,5,S,N,37.38292,-82.53854,N,NULL,NULL,NULL,NULL,NULL,NULL,NULL,NULL,2,97,,6,1,1,2,2,7,3,N,NULL,Y,N,950,1135,1135,N,NULL,90,,,N,,N,N,098-CR-1703-0,NULL,NULL,2021,O,7.26E+11,098-CR-1703  -000,HIGH,098-CR-1703  -000,0.101,0,0,1,0,0,0,0,0,0,0,0,0,0,0
3135,72514811,KSP0900,20-564655,20200624,1924,,REGINA-BELCHER,,HWY,US0460,US0460,0,098 US-460,US0460,N,N,NULL,NULL,NULL,N,NULL,NULL,NULL,NULL,NULL,NULL,9.075,NULL,NULL,NULL,NULL,,NULL,0,0,2,2,N,N,35,NULL,98,9830,NULL,,Y,37.36908,-82.41873,N,NULL,NULL,NULL,NULL,NULL,NULL,NULL,NULL,7,3,2,1,1,1,2,2,7,3,N,NULL,Y,N,1934,1937,,N,NULL,54,,1,Y,,N,N,098-US-0460-0,NULL,NULL,2020,O,7.25E+11,098-US-0460  -000,HIGH,098-US-0460  -000,9.075,0,0,0,0,0,0,0,0,0,0,0,1,0,0
3136,72661076,980100,2.02E+11,20210820,1755,,BAIRD,,AVE,KY1426,KY1426,,,,N,N,NULL,NULL,NULL,N,NULL,NULL,NULL,NULL,NULL,NULL,5.389,NULL,NULL,NULL,NULL,,NULL,0,0,2,1,N,N,55,NULL,98,9801,NULL,,Y,37.4731,-82.52714,N,NULL,NULL,NULL,NULL,NULL,NULL,NULL,NULL,5,3,2,6,1,1,2,2,1,3,N,NULL,Y,N,1755,1600,1610,N,NULL,49,,0,Y,,N,N,,NULL,NULL,2021,O,7.27E+11,098-KY-1426  -000,MEDIUM,098-KY-1426  -000,5.389,0,0,0,0,0,0,1,0,0,0,0,0,0,1
3137,72568777,980100,2.02E+11,20201119,1624,,BAIRD,,AVE,KY1426,KY1426,,,,Y,N,NULL,NULL,NULL,N,NULL,NULL,NULL,NULL,NULL,NULL,5.401,NULL,NULL,NULL,NULL,,NULL,0,0,2,2,N,N,,NULL,98,9801,NULL,,Y,37.47319,-82.52709,N,NULL,NULL,NULL,NULL,NULL,NULL,NULL,NULL,2,97,2,6,1,1,2,2,1,3,N,NULL,Y,N,1624,1635,,N,NULL,90,,0,N,,N,N,,NULL,NULL,2020,O,7.26E+11,098-KY-1426  -000,HIGH,098-KY-1426  -000,5.401,0,0,0,0,0,0,1,0,0,0,0,0,0,1
3138,72577797,KSP0900,20-832557,20201217,1715,,SHELBIANA,,RD,US0460,US0460,0,098 US-460,US0460,N,N,NULL,NULL,NULL,N,NULL,NULL,NULL,NULL,NULL,NULL,2.289,NULL,NULL,NULL,NULL,,NULL,2,0,2,2,N,N,55,NULL,98,9824,NULL,,Y,37.43353,-82.48736,N,NULL,NULL,NULL,NULL,NULL,NULL,NULL,NULL,3,3,2,3,1,5,2,6,7,3,N,NULL,Y,Y,1719,1729,,N,NULL,52,,1,N,,N,N,098-US-0460-0,NULL,NULL,2020,B,7.26E+11,098-US-0460  -000,HIGH,098-US-0460  -000,2.289,0,0,0,0,0,0,1,0,0,0,0,1,0,0
3139,72514716,KSP0900,20-559537,20200622,322,,VIRGIE,,RD,KY0610,KY0610,0,098 KY-610,KY0610,N,N,NULL,NULL,NULL,N,NULL,NULL,NULL,NULL,NULL,NULL,2.33,NULL,NULL,NULL,NULL,,NULL,0,0,2,2,N,N,55,NULL,98,9809,2,W,N,37.29592,-82.60419,N,NULL,NULL,NULL,NULL,NULL,NULL,NULL,NULL,3,97,2,6,1,1,3,4,6,3,N,NULL,Y,N,326,352,326,N,NULL,47,7,0,N,,N,N,098-KY-0610-0,NULL,NULL,2020,O,7.25E+11,098-KY-0610  -000,HIGH,098-KY-0610  -000,2.33,0,1,1,0,0,0,0,0,0,0,0,1,0,0
3140,72504160,980100,2.02E+11,20200524,1307,,CASSIDY,,BLVD,,,,,,Y,N,NULL,NULL,NULL,N,NULL,NULL,NULL,NULL,NULL,NULL,0.236,NULL,NULL,NULL,NULL,,NULL,0,0,2,2,N,Y,15,NULL,98,9801,NULL,,Y,37.50441,-82.53574,N,NULL,NULL,NULL,NULL,NULL,NULL,NULL,NULL,6,97,1,3,1,1,2,2,2,3,N,NULL,Y,N,1307,1314,1314,N,NULL,90,,,N,,N,N,,NULL,NULL,2020,O,7.25E+11,098-CS-1191  -000,LOW,098-CS-1191  -000,0.236,0,0,1,0,0,0,1,0,0,0,0,0,0,1
3141,72549512,KSP0900,20-709046,20200921,2002,,KY195,,,KY0195,KY0195,0,098 KY-195,KY0195,N,N,NULL,NULL,NULL,N,NULL,NULL,NULL,NULL,NULL,NULL,6.648,NULL,NULL,NULL,NULL,,NULL,0,0,2,2,N,N,35,NULL,98,9802,NULL,,Y,37.32631,-82.45642,N,NULL,NULL,NULL,NULL,NULL,NULL,NULL,NULL,7,3,2,3,1,1,2,6,7,3,N,NULL,Y,Y,2002,2016,2002,N,NULL,54,7,0,N,,N,N,098-KY-0195-0,NULL,NULL,2020,O,7.25E+11,098-KY-0195  -000,HIGH,098-KY-0195  -000,6.648,0,0,0,0,0,0,1,0,0,0,0,1,0,0
3142,72668181,980100,2.02E+11,20210907,1346,,HAMBLEY,,BLVD,,,0,098 CS-1222,CS1222,Y,N,NULL,NULL,NULL,N,NULL,NULL,NULL,NULL,NULL,NULL,0.404,NULL,NULL,NULL,NULL,,NULL,0,0,2,2,N,N,,NULL,98,9801,NULL,,Y,37.47733,-82.52147,N,NULL,NULL,NULL,NULL,NULL,NULL,NULL,NULL,1,97,1,6,2,1,2,2,1,3,N,NULL,Y,N,1346,1351,1352,N,NULL,90,,,N,,N,N,098-CS-1222-0,NULL,NULL,2021,O,7.27E+11,098-CS-1222  -000,HIGH,098-CS-1222  -000,0.404,0,0,1,1,0,0,1,0,0,0,0,0,0,1
3143,72463187,980100,2.02E+11,20200110,200,,KEYSER HEIGHTS,W,DR,,,0,098 CS-1188,CS1188,N,N,NULL,NULL,NULL,N,NULL,NULL,NULL,NULL,NULL,NULL,0.192,NULL,NULL,NULL,NULL,,NULL,0,0,2,2,N,N,15,NULL,98,9801,NULL,,Y,37.49099,-82.53316,N,NULL,NULL,NULL,NULL,NULL,NULL,NULL,NULL,2,3,2,6,1,1,3,5,6,3,N,NULL,Y,N,1714,1722,,N,NULL,47,,,N,,N,N,098-CS-1188-0,NULL,NULL,2020,O,7.25E+11,098-CS-1188  -000,HIGH,098-CS-1188  -000,0.192,0,0,0,0,0,0,1,0,0,0,0,0,0,1
3144,72612202,980100,2.02E+11,20210402,1430,,CASSIDY,,BLVD,,,0,098 CS-1191,CS1191,Y,N,NULL,NULL,NULL,N,NULL,NULL,NULL,NULL,NULL,NULL,0.233,NULL,NULL,NULL,NULL,,NULL,0,0,2,2,Y,N,10,NULL,98,9801,NULL,,Y,37.50436,-82.53571,N,NULL,NULL,NULL,NULL,NULL,NULL,NULL,NULL,2,97,,,1,1,2,2,1,3,N,NULL,Y,N,1430,1442,1504,N,NULL,90,,,N,,N,N,098-CS-1191-0,NULL,NULL,2021,O,7.26E+11,098-CS-1191  -000,HIGH,098-CS-1191  -000,0.233,0,0,0,0,0,0,1,0,0,0,0,1,0,1
3145,72550708,980000,20-10-001,20201006,1215,,SHELBIANA,,RD,US0460,US0460,0,098 US-460,US0460,N,N,NULL,NULL,NULL,N,NULL,NULL,NULL,NULL,NULL,NULL,0.801,NULL,NULL,NULL,NULL,,NULL,1,0,2,2,N,N,55,NULL,98,9824,7,E,N,37.43292,-82.50616,N,NULL,NULL,NULL,NULL,NULL,NULL,NULL,NULL,5,3,2,6,1,1,2,2,7,3,Y,NULL,N,Y,1235,1235,1305,N,NULL,49,,1,N,,N,N,098-US-0460-0,NULL,NULL,2020,B,7.26E+11,098-US-0460  -000,HIGH,098-US-0460  -000,0.801,0,0,0,0,0,0,1,0,0,0,0,0,0,0
3146,72768834,KSP0900,22-207115,20220603,1109,,COW,,BR,,,0,098 CR-1124,CR1124,N,N,NULL,NULL,NULL,N,NULL,NULL,NULL,NULL,NULL,NULL,0.162,NULL,NULL,NULL,NULL,,NULL,0,0,1,1,N,N,35,NULL,98,9804,NULL,,Y,37.47287,-82.20304,N,NULL,NULL,NULL,NULL,NULL,NULL,NULL,NULL,9,97,1,1,1,1,2,2,7,3,N,NULL,Y,N,1109,1324,1324,Y,NULL,70,,,N,,N,N,098-CR-1124-0,NULL,NULL,2022,O,7.28E+11,098-CR-1124  -000,HIGH,098-CR-1124  -000,0.162,0,0,0,0,0,0,0,0,0,0,0,0,0,0
3147,72811757,KSP0900,22-371922,20220925,1421,,US23,,,US0023,US0023,0,098 US-23-10,US0023,N,N,NULL,NULL,NULL,N,NULL,NULL,NULL,NULL,NULL,NULL,29.022,NULL,NULL,NULL,NULL,,NULL,0,0,2,2,Y,N,15,NULL,98,9807,NULL,,Y,37.52398,-82.57243,N,NULL,NULL,NULL,NULL,NULL,NULL,NULL,NULL,5,7,4,6,1,1,2,2,4,3,N,NULL,Y,N,1421,1440,1440,N,NULL,47,,1,N,,N,N,098-US-0023-10,NULL,NULL,2022,O,7.28E+11,098-US-0023  -010,HIGH,098-US-0023  -000,29.022,0,0,0,0,0,0,0,0,0,0,0,0,0,0