OBJECTID,MasterFile,AgencyORINumber,LocalCode,CollisionDate,CollisionTime,CollisionDayWeekCode,RoadwayName,RoadwayName_Direction_,RoadwayName_RoadwaySuffix_,RoadwayfromReport,CurrentRoadwayNumber,RoadwayNumberCoupletID,RSEUniqueGIS,RoadwayIdentifier,ParkingLotIndicator,IntersectionWith_Indicator_,IntersectionWith_NameRoadway_,IntersectionWith_Direction_,IntersectionWith_RoadwaySuffix_,BetweenStreets_Indicator_,BetweenStreets1_NameRoadway_,BetweenStreet1_Direction_,BetweenStreets1_RoadwaySuffix_,BetweenStreets2_NameRoadway_,BetweenStreets2_Direction_,BetweenStreets2_RoadwaySuffix_,Milepoint,ReportMilepointDeriveNumber,CurrentDerivedMiepointNumber,MilestoMilepoint,FeettoMilepoint,DirectionfromMilepoint_NSEW_,ValidMilepointIndicator,NumberInjured,NumberKilled,ofUnits,ofMotorVehicleUnits,Hit&RunIndicator,OneWayIndicator,SpeedLimitNumber,KilometersIndicator,CountyCode,CityCountyCode,MilesFromCity,DirectionFromCity_NSEW_,InCityLimitsIndicator,Latitude,Longitude,RampIndicator,RampFromIdentifier,RampFromDirCode,RampFromCoupletID,RSEUniqueGISRampFrom,RampToidentifier,RampToDirCode,RampToCoupletID,RSEUniqueGisRampTo,MannerofCollisionCode,LocationFirstEventCode,TotalLanes,RoadwayCharacterCode,RoadwaySurfaceCode,RoadwayConditionCode,WeatherCode,LightConditionCode,LandUseCode,SchoolBusRelatedCode,FirstAidSceneIndicator,CollDescPresentInd,InvestigationCompleteIndicator,PhotosTakenIndicator,TimeNotified,TimeArrived,TimeRoadwayOpened,PropertyDamageIndicator,DiagramPresentIndicator,DirectionalAnalysis,FunctionClassCode,NationalHwySysCode,EnforcementsIndicator,KARSCityCode,SecondaryCollisionIndicator,MedianCrossoverIndicator,RT_UNIQUE,MapIt,TimeLastLeft,YR,KABCO,MFNY,WorkingRID,RT_CONFIDENCE,KTC_RT,KTC_MP,Motorcyclist,Commercial Vehicle,Young Driver,Mature Driver,Pedestrian,Bicyclist,Distracted,Aggressive,Impaired,Unrestrained,Intersection,Roadway Departure,Median Cross-over,City Crash
3148,72574512,KSP0900,20-826930,20201213,1103,,VIRGIE,,RD,KY0610,KY0610,0,098 KY-610,KY0610,N,N,NULL,NULL,NULL,N,NULL,NULL,NULL,NULL,NULL,NULL,1.412,NULL,NULL,NULL,NULL,,NULL,2,0,1,1,N,N,55,NULL,98,9809,NULL,,Y,37.28724,-82.59676,N,NULL,NULL,NULL,NULL,NULL,NULL,NULL,NULL,9,97,2,6,1,1,3,2,7,3,N,NULL,Y,N,1103,1108,,N,NULL,70,7,0,N,,N,N,098-KY-0610-0,NULL,NULL,2020,C,7.26E+11,098-KY-0610  -000,HIGH,098-KY-0610  -000,1.412,0,0,0,1,0,0,0,0,0,0,0,1,0,0
3149,72644507,KSP0900,21-268855,20210630,240,,GRAPEVINE,,RD,KY0194,KY0194,0,098 KY-194,KY0194,N,N,NULL,NULL,NULL,N,NULL,NULL,NULL,NULL,NULL,NULL,31.614,NULL,NULL,NULL,NULL,,NULL,0,0,1,1,N,N,55,NULL,98,9849,NULL,,Y,37.43307,-82.3587,N,NULL,NULL,NULL,NULL,NULL,NULL,NULL,NULL,9,5,2,5,1,1,2,6,7,3,N,NULL,Y,N,240,300,317,N,NULL,44,7,0,N,,N,N,098-KY-0194-0,NULL,NULL,2021,O,7.26E+11,098-KY-0194  -000,HIGH,098-KY-0194  -000,31.614,0,0,0,0,0,0,0,0,0,0,0,1,0,0
3150,72649146,980100,2.02E+11,20210719,919,,HAMBLEY,,BLVD,,,0,098 CS-1222,CS1222,Y,N,NULL,NULL,NULL,N,NULL,NULL,NULL,NULL,NULL,NULL,0.603,NULL,NULL,NULL,NULL,,NULL,0,0,1,1,N,N,,NULL,98,9801,NULL,,Y,37.4797,-82.51945,N,NULL,NULL,NULL,NULL,NULL,NULL,NULL,NULL,9,97,,6,1,1,2,2,5,3,N,NULL,Y,N,919,919,919,N,NULL,90,,,N,,N,N,098-CS-1222-0,NULL,NULL,2021,O,7.26E+11,098-CS-1222  -000,HIGH,098-CS-1222  -000,0.603,0,1,0,0,0,0,0,0,0,0,0,1,0,1
3151,72502872,980100,2.02E+11,20200518,855,,BYPASS,,RD,,,0,098 CS-1223,CS1223,Y,N,NULL,NULL,NULL,N,NULL,NULL,NULL,NULL,NULL,NULL,,NULL,NULL,NULL,NULL,NULL,NULL,0,0,2,2,N,N,,NULL,98,9801,NULL,,Y,37.47128,-82.52117,N,NULL,NULL,NULL,NULL,NULL,NULL,NULL,NULL,2,97,1,6,2,1,2,2,1,3,N,NULL,Y,N,855,903,903,N,NULL,90,,,N,,N,N,098-CS-1223-0,NULL,NULL,2020,O,7.25E+11,098-CS-1223  -000,HIGH,098-CS-1223  -000,0.135,0,0,0,0,0,0,1,0,0,0,0,0,0,1
3152,72520937,KSP0900,2020-586924,20200706,2040,,KY612,,,KY0612,KY0612,,,,N,N,NULL,NULL,NULL,N,NULL,NULL,NULL,NULL,NULL,NULL,7.468,NULL,NULL,NULL,NULL,,NULL,3,0,1,1,N,N,35,NULL,98,9826,NULL,,Y,37.66179,-82.3064,N,NULL,NULL,NULL,NULL,NULL,NULL,NULL,NULL,9,5,2,6,1,5,6,3,7,3,Y,NULL,Y,Y,2045,2106,2200,N,NULL,44,8,0,N,,N,N,,NULL,NULL,2020,C,7.25E+11,098-KY-0612  -000,HIGH,098-KY-0612  -000,7.468,0,0,0,0,0,0,0,0,0,0,0,1,0,0
3153,72637359,KSP0900,21-244998,20210614,1848,,VIRGIE,,RD,KY0610,KY0610,0,098 KY-610,KY0610,Y,N,NULL,NULL,NULL,N,NULL,NULL,NULL,NULL,NULL,NULL,7.918,NULL,NULL,NULL,NULL,,NULL,0,0,2,2,N,N,35,NULL,98,9827,NULL,,Y,37.33772,-82.58598,N,NULL,NULL,NULL,NULL,NULL,NULL,NULL,NULL,7,97,1,6,1,1,2,7,1,3,N,NULL,Y,N,1908,1923,,N,NULL,90,7,0,N,,N,N,098-KY-0610-0,NULL,NULL,2021,O,7.26E+11,098-KY-0610  -000,HIGH,098-KY-0610  -000,7.918,0,0,0,0,0,0,1,0,0,0,0,0,0,0
3154,72722288,KSP0900,22-21352,20220117,2045,,KY612,,,KY0612,KY0612,,,,N,N,NULL,NULL,NULL,N,NULL,NULL,NULL,NULL,NULL,NULL,8.33,NULL,NULL,NULL,NULL,,NULL,2,0,2,2,N,N,45,NULL,98,9836,NULL,,Y,37.67222,-82.3037,N,NULL,NULL,NULL,NULL,NULL,NULL,NULL,NULL,1,3,2,1,1,2,8,6,7,3,Y,NULL,Y,Y,2045,2107,2107,N,NULL,55,8,0,N,,N,N,,NULL,NULL,2022,C,7.27E+11,098-KY-0612  -000,HIGH,098-KY-0612  -000,8.33,0,0,1,0,0,0,0,0,0,0,0,0,0,0
3155,72495014,KSP0900,20-13813,20200414,1221,,DORTON-JENKINS,,HWY,KY0805,KY0805,0,098 KY-805,KY0805,N,N,NULL,NULL,NULL,N,NULL,NULL,NULL,NULL,NULL,NULL,3.749,NULL,NULL,NULL,NULL,,NULL,1,0,2,2,N,N,35,NULL,98,9809,NULL,,Y,37.24234,-82.5676,N,NULL,NULL,NULL,NULL,NULL,NULL,NULL,NULL,8,3,2,3,1,1,2,2,7,3,Y,NULL,Y,Y,1228,1236,,N,NULL,53,7,0,N,,N,N,098-KY-0805-0,NULL,NULL,2020,B,7.25E+11,098-KY-0805  -000,HIGH,098-KY-0805  -000,3.749,0,1,0,0,0,0,0,0,0,0,0,1,0,0
3156,72531858,980100,2.02E+11,20200813,756,,US23,,,US0023,US0023,0,098 US-23,US0023,N,N,NULL,NULL,NULL,N,NULL,NULL,NULL,NULL,NULL,NULL,20.157,NULL,NULL,NULL,NULL,,NULL,1,0,3,3,N,N,55,NULL,98,9801,NULL,,Y,37.44791,-82.5143,N,NULL,NULL,NULL,NULL,NULL,NULL,NULL,NULL,5,3,4,6,1,1,3,2,7,3,Y,NULL,N,Y,802,804,804,N,NULL,49,,1,N,,N,N,098-US-0023-0,NULL,NULL,2020,C,7.25E+11,098-US-0023  -000,HIGH,098-US-0023  -000,20.157,0,0,0,0,0,0,0,0,0,0,0,0,0,1
3157,72582260,980100,2.02E+11,20201231,1716,,US23,,,US0023,US0023,,,,N,Y,OWSLEY,,RD,N,NULL,NULL,NULL,NULL,NULL,NULL,32.806,NULL,NULL,NULL,NULL,,NULL,3,0,2,2,N,N,55,NULL,98,9801,NULL,,Y,37.53174,-82.61946,N,NULL,NULL,NULL,NULL,NULL,NULL,NULL,NULL,1,3,4,6,1,5,6,3,7,3,Y,NULL,Y,Y,1716,1727,1831,N,NULL,10,,1,Y,,N,N,,NULL,NULL,2020,A,7.26E+11,098-US-0023  -010,MEDIUM,098-US-0023  -000,32.806,0,0,1,0,0,0,1,1,1,0,1,0,0,1
3158,72580418,980500,2020AR071,20201231,1415,,US 23 SOUTH,,,,,,,,N,N,NULL,NULL,NULL,N,NULL,NULL,NULL,NULL,NULL,NULL,,NULL,NULL,NULL,NULL,NULL,NULL,0,0,2,2,N,N,45,NULL,98,9807,NULL,,Y,37.52231,-82.57054,N,NULL,NULL,NULL,NULL,NULL,NULL,NULL,NULL,8,3,6,6,1,5,6,2,7,3,N,NULL,Y,N,1415,1420,1420,N,NULL,53,,,N,,N,N,,NULL,NULL,2020,O,7.26E+11,098-US-0023  -000,MEDIUM,098-US-0023  -000,28.869,0,0,0,0,0,0,0,0,0,0,0,1,0,0
3159,72452708,980100,2.02E+11,20191212,1232,,BYPASS ROAD/ DOUBLE KWIK,,,,,,,,Y,N,NULL,NULL,NULL,N,NULL,NULL,NULL,NULL,NULL,NULL,,NULL,NULL,NULL,NULL,NULL,NULL,0,0,2,2,N,N,15,NULL,98,9801,NULL,,Y,37.48246,-82.51408,N,NULL,NULL,NULL,NULL,NULL,NULL,NULL,NULL,2,97,,6,2,1,2,2,1,3,N,NULL,Y,N,1232,1239,1249,N,NULL,90,,,N,,N,N,,NULL,NULL,2019,O,7.25E+11,098-KY-1426  -000,MEDIUM,098-KY-1426  -000,6.549,0,0,0,0,0,0,1,0,0,0,0,0,0,1
3160,72613444,980200,4120006,20210413,1430,,ELKHORN,W,ST,,,0,098 CS-2007,CS2007,N,N,NULL,NULL,NULL,N,NULL,NULL,NULL,NULL,NULL,NULL,0.032,NULL,NULL,NULL,NULL,,NULL,0,0,2,2,N,N,25,NULL,98,9802,NULL,,Y,37.30491,-82.35457,N,NULL,NULL,NULL,NULL,NULL,NULL,NULL,NULL,8,7,2,6,1,1,3,2,1,3,N,NULL,Y,Y,1425,1430,,N,NULL,47,,,N,,N,N,098-CS-2007-0,NULL,NULL,2021,O,7.26E+11,098-CS-2007  -000,HIGH,098-CS-2007  -000,0.032,0,0,0,1,0,0,0,0,0,0,0,0,0,0
3161,72495219,980100,2.02E+11,20200417,1450,,CASSIDY,,BLVD,,,,,,Y,N,NULL,NULL,NULL,N,NULL,NULL,NULL,NULL,NULL,NULL,0.23,NULL,NULL,NULL,NULL,,NULL,0,0,2,2,N,N,15,NULL,98,9801,NULL,,Y,37.50432,-82.53565,N,NULL,NULL,NULL,NULL,NULL,NULL,NULL,NULL,8,97,1,6,1,1,2,2,1,3,N,NULL,Y,N,1450,1457,1457,N,NULL,90,,,N,,N,N,,NULL,NULL,2020,O,7.25E+11,098-CS-1191  -000,LOW,098-CS-1191  -000,0.23,0,0,0,1,0,0,1,0,0,0,0,0,0,1
3162,72667490,980500,2021AR035,20210906,1500,,MAYO TRAIL,N,,,,,,,Y,N,NULL,NULL,NULL,N,NULL,NULL,NULL,NULL,NULL,NULL,,NULL,NULL,NULL,NULL,NULL,NULL,0,0,2,2,N,N,15,NULL,98,9807,NULL,,Y,37.52002,-82.56849,N,NULL,NULL,NULL,NULL,NULL,NULL,NULL,NULL,8,97,2,6,1,1,2,2,1,3,N,NULL,Y,Y,1504,1508,1520,N,NULL,90,,,N,,N,N,,NULL,NULL,2021,O,7.27E+11,098-US-0023  -010,MEDIUM,098-US-0023  -000,28.673,0,0,0,0,0,0,1,0,0,0,0,0,0,0
3163,72619766,KSP0900,21-172276,20210430,739,,US460,,,US0460,US0460,0,098 US-460,US0460,N,N,NULL,NULL,NULL,N,NULL,NULL,NULL,NULL,NULL,NULL,4.551,NULL,NULL,NULL,NULL,,NULL,0,0,2,1,Y,N,55,NULL,98,9824,NULL,,Y,37.41623,-82.45323,N,NULL,NULL,NULL,NULL,NULL,NULL,NULL,NULL,5,3,2,6,1,1,2,2,7,3,N,NULL,Y,N,739,823,739,N,NULL,70,,1,N,,N,N,098-US-0460-0,NULL,NULL,2021,O,7.26E+11,098-US-0460  -000,HIGH,098-US-0460  -000,4.551,0,0,0,0,0,0,0,0,0,0,0,0,0,0
3164,72795149,980100,2.02E+11,20220810,835,,US23,,,US0023,US0023,0,098 US-23-10,US0023,N,N,NULL,NULL,NULL,N,NULL,NULL,NULL,NULL,NULL,NULL,26.259,NULL,NULL,NULL,NULL,,NULL,0,0,2,2,Y,N,55,NULL,98,9801,NULL,,Y,37.5034,-82.53233,N,NULL,NULL,NULL,NULL,NULL,NULL,NULL,NULL,5,3,4,6,1,5,6,2,7,3,N,NULL,Y,N,843,843,843,N,NULL,49,,1,N,,N,N,098-US-0023-10,NULL,NULL,2022,O,7.28E+11,098-US-0023  -010,HIGH,098-US-0023  -000,26.259,0,0,0,0,0,0,0,0,0,0,0,0,0,1
3165,72607375,KSP0900,21-121309,20210327,1246,,US23,,,US0023,US0023,0,098 US-23-10,US0023,N,N,NULL,NULL,NULL,N,NULL,NULL,NULL,NULL,NULL,NULL,15.004,NULL,NULL,NULL,NULL,,NULL,0,0,1,1,N,N,55,NULL,98,9801,NULL,,Y,37.39598,-82.52779,N,NULL,NULL,NULL,NULL,NULL,NULL,NULL,NULL,9,5,4,3,1,5,6,2,7,3,N,NULL,Y,N,1246,1258,1258,Y,NULL,40,,1,N,,N,N,098-US-0023-10,NULL,NULL,2021,O,7.26E+11,098-US-0023  -010,HIGH,098-US-0023  -000,15.004,0,0,0,0,0,0,0,0,0,0,0,1,0,0
3166,72736554,980100,2.02E+11,20220301,6,,TOWN MOUNTAIN,,RD,KY1426,KY1426,0,098 KY-1426,KY1426,N,N,NULL,NULL,NULL,N,NULL,NULL,NULL,NULL,NULL,NULL,8.171,NULL,NULL,NULL,NULL,,NULL,0,0,2,2,N,N,55,NULL,98,9801,NULL,,Y,37.49376,-82.49116,N,NULL,NULL,NULL,NULL,NULL,NULL,NULL,NULL,7,3,2,6,1,1,2,6,1,3,N,NULL,Y,N,6,15,15,N,NULL,54,,0,N,,N,N,098-KY-1426-0,NULL,NULL,2022,O,7.27E+11,098-KY-1426  -000,HIGH,098-KY-1426  -000,8.171,0,0,0,0,0,0,0,0,0,0,0,1,0,1
3167,72492877,KSP0900,20-11790,20200331,700,,KY1499,,,KY1499,KY1499,0,098 KY-1499,KY1499,N,N,NULL,NULL,NULL,N,NULL,NULL,NULL,NULL,NULL,NULL,1.656,NULL,NULL,NULL,NULL,,NULL,1,0,1,1,N,N,55,NULL,98,9839,NULL,,Y,37.40049,-82.25069,N,NULL,NULL,NULL,NULL,NULL,NULL,NULL,NULL,9,5,2,3,1,1,2,1,7,3,Y,NULL,Y,Y,700,730,,N,NULL,40,7,0,N,,N,N,098-KY-1499-0,NULL,NULL,2020,C,7.25E+11,098-KY-1499  -000,HIGH,098-KY-1499  -000,1.656,0,0,0,0,0,0,0,0,0,0,0,1,0,0
3168,72720901,KSP0900,22-14844,20220112,1650,,COLLINS,,HWY,KY0122,KY0122,0,098 KY-122,KY0122,Y,N,NULL,NULL,NULL,N,NULL,NULL,NULL,NULL,NULL,NULL,10.739,NULL,NULL,NULL,NULL,,NULL,0,0,2,2,N,N,15,NULL,98,9824,NULL,,Y,37.38722,-82.53754,N,NULL,NULL,NULL,NULL,NULL,NULL,NULL,NULL,1,97,2,6,1,1,2,2,1,3,N,NULL,Y,N,1650,1705,1705,N,NULL,90,,0,N,,N,N,098-KY-0122-0,NULL,NULL,2022,O,7.27E+11,098-KY-0122  -000,HIGH,098-KY-0122  -000,10.739,0,0,0,1,0,0,0,0,0,0,0,0,0,0
3169,72794222,980100,2.02E+11,20220809,1628,,CASSIDY,,BLVD,,,0,098 CS-1191,CS1191,Y,N,NULL,NULL,NULL,N,NULL,NULL,NULL,NULL,NULL,NULL,0.344,NULL,NULL,NULL,NULL,,NULL,0,0,2,2,N,N,15,NULL,98,9801,NULL,,Y,37.50559,-82.53813,N,NULL,NULL,NULL,NULL,NULL,NULL,NULL,NULL,2,97,1,6,1,1,3,2,1,3,N,NULL,Y,Y,1633,1658,1712,N,NULL,90,,,N,,N,N,098-CS-1191-0,NULL,NULL,2022,O,7.28E+11,098-CS-1191  -000,HIGH,098-CS-1191  -000,0.344,0,0,0,1,0,0,1,0,0,0,0,0,0,1
3170,72517537,KSP0900,20-573489,20200629,1440,,GOODY,,LOOP,,,0,098 PR-1024,PR1024,N,N,NULL,NULL,NULL,N,NULL,NULL,NULL,NULL,NULL,NULL,0.013,NULL,NULL,NULL,NULL,,NULL,0,0,2,2,N,N,10,NULL,98,9834,NULL,,Y,37.65993,-82.27299,N,NULL,NULL,NULL,NULL,NULL,NULL,NULL,NULL,2,7,1,6,1,1,2,2,1,3,N,NULL,N,N,1440,1440,1440,N,NULL,56,,,N,,N,N,098-PR-1024-0,NULL,NULL,2020,O,7.25E+11,098-PR-1024  -000,HIGH,098-PR-1024  -000,0.013,0,0,0,0,0,0,1,0,0,0,0,0,0,0
3171,72529959,KSP0900,20-637625,20200807,900,,KY194,,,KY0194,KY0194,0,098 KY-194,KY0194,N,N,NULL,NULL,NULL,N,NULL,NULL,NULL,NULL,NULL,NULL,25.272,NULL,NULL,NULL,NULL,,NULL,0,0,2,2,N,N,55,NULL,98,9817,NULL,,Y,37.51387,-82.35913,N,NULL,NULL,NULL,NULL,NULL,NULL,NULL,NULL,5,3,2,6,1,1,3,2,7,3,N,NULL,Y,N,905,935,905,N,NULL,49,6,0,N,,N,N,098-KY-0194-0,NULL,NULL,2020,O,7.25E+11,098-KY-0194  -000,HIGH,098-KY-0194  -000,25.272,0,0,0,0,0,0,1,0,0,0,0,0,0,0
3172,72512858,KSP0900,20-22358,20200612,2324,,FERRELLS CREEK,,RD,US0460,US0460,0,098 US-460,US0460,N,N,NULL,NULL,NULL,N,NULL,NULL,NULL,NULL,NULL,NULL,21.997,NULL,NULL,NULL,NULL,,NULL,0,0,1,1,N,N,55,NULL,98,9847,NULL,,Y,37.38034,-82.26262,N,NULL,NULL,NULL,NULL,NULL,NULL,NULL,NULL,9,3,2,1,1,1,2,6,7,3,N,NULL,Y,N,2328,0,,N,NULL,38,,1,N,,N,N,098-US-0460-0,NULL,NULL,2020,O,7.25E+11,098-US-0460  -000,HIGH,098-US-0460  -000,21.997,0,0,0,0,0,0,0,0,0,0,0,0,0,0
3173,72814589,980100,2.02E+11,20221003,1243,,BYPASS,S,RD,KY1426,KY1426,,,,Y,N,NULL,NULL,NULL,N,NULL,NULL,NULL,NULL,NULL,NULL,5.573,NULL,NULL,NULL,NULL,,NULL,0,0,2,2,N,N,,NULL,98,9801,NULL,,Y,37.4724,-82.52495,N,NULL,NULL,NULL,NULL,NULL,NULL,NULL,NULL,8,97,,6,1,1,3,2,5,3,N,NULL,Y,N,1243,1245,1245,N,NULL,90,,0,N,,N,N,,NULL,NULL,2022,O,7.28E+11,098-KY-1426  -000,HIGH,098-KY-1426  -000,5.573,0,0,0,0,0,0,0,0,0,0,0,0,0,1
3174,72778906,KSP0900,22-250161,20220702,1334,,US460,,,US0460,US0460,0,098 US-460,US0460,N,N,NULL,NULL,NULL,N,NULL,NULL,NULL,NULL,NULL,NULL,9.915,NULL,NULL,NULL,NULL,,NULL,0,0,1,1,N,N,45,NULL,98,9822,NULL,,Y,37.36328,-82.40709,N,NULL,NULL,NULL,NULL,NULL,NULL,NULL,NULL,9,3,2,6,1,5,6,2,6,3,N,NULL,Y,N,1325,1358,1358,N,NULL,40,,1,N,,N,N,098-US-0460-0,NULL,NULL,2022,O,7.28E+11,098-US-0460  -000,HIGH,098-US-0460  -000,9.915,0,0,0,0,0,0,0,0,0,0,0,1,0,0
3175,72659566,KSP0900,21-342278,20210817,430,,KY194,,,KY0194,KY0194,0,098 KY-194,KY0194,N,N,NULL,NULL,NULL,N,NULL,NULL,NULL,NULL,NULL,NULL,57.297,NULL,NULL,NULL,NULL,,NULL,0,0,1,1,N,N,35,NULL,98,9804,NULL,,Y,37.53584,-82.1616,N,NULL,NULL,NULL,NULL,NULL,NULL,NULL,NULL,9,3,2,3,1,5,6,6,7,3,N,NULL,Y,N,445,515,630,N,NULL,44,7,0,N,,N,N,098-KY-0194-0,NULL,NULL,2021,O,7.27E+11,098-KY-0194  -000,HIGH,098-KY-0194  -000,57.297,0,0,0,0,0,0,1,0,0,0,0,1,0,0
3176,72579271,980100,2.02E+11,20201226,1456,,US23,,,US0023,US0023,0,098 US-23-10,US0023,N,Y,US119,,,N,NULL,NULL,NULL,NULL,NULL,NULL,26.332,NULL,NULL,NULL,NULL,,NULL,1,0,2,2,N,N,55,NULL,98,9801,NULL,,Y,37.50376,-82.53214,N,NULL,NULL,NULL,NULL,NULL,NULL,NULL,NULL,5,3,4,6,1,5,3,2,7,3,N,NULL,Y,N,1456,1456,,N,NULL,35,,1,N,,N,N,098-US-0023-10,NULL,NULL,2020,C,7.26E+11,098-US-0023  -010,HIGH,098-US-0023  -000,26.332,0,0,0,0,0,0,1,0,0,0,1,0,0,1
3177,72576988,KSP0900,20-810177,20201130,2300,,4TH,W,ST,,,0,098 CS-2020,CS2020,N,N,NULL,NULL,NULL,N,NULL,NULL,NULL,NULL,NULL,NULL,0.26,NULL,NULL,NULL,NULL,,NULL,0,0,2,2,N,N,20,NULL,98,9802,NULL,,Y,37.30045,-82.35148,N,NULL,NULL,NULL,NULL,NULL,NULL,NULL,NULL,1,3,1,4,1,4,9,5,7,3,N,NULL,N,N,2300,2325,,N,NULL,47,,,N,,N,N,098-CS-2020-0,NULL,NULL,2020,O,7.26E+11,098-CS-2020  -000,HIGH,098-CS-2020  -000,0.26,0,0,0,1,0,0,0,0,0,1,0,0,0,0
3178,72727184,980500,2022AR004,20220202,1325,,WEDDINGTON BRANCH ROAD,,,,,,,,Y,N,NULL,NULL,NULL,N,NULL,NULL,NULL,NULL,NULL,NULL,,NULL,NULL,NULL,NULL,NULL,NULL,0,0,2,2,N,N,15,NULL,98,9807,NULL,,Y,37.52362,-82.57012,N,NULL,NULL,NULL,NULL,NULL,NULL,NULL,NULL,8,97,2,6,1,1,2,2,1,3,N,NULL,Y,Y,1325,1327,1340,N,NULL,90,,,N,,N,N,,NULL,NULL,2022,O,7.27E+11,098-CS-3026  -000,MEDIUM,098-CS-3026  -000,0.091,0,0,0,0,0,0,1,0,0,0,0,0,0,0
3179,72578683,980100,2.02E+11,20201225,825,,,,,US0023,US0023,,,,N,N,NULL,NULL,NULL,N,NULL,NULL,NULL,NULL,NULL,NULL,0.033,NULL,NULL,NULL,NULL,NULL,NULL,0,0,1,1,N,N,55,NULL,98,9801,NULL,,Y,37.43682,-82.51057,Y,US0460,W,NULL,098 US-23-422,US0023,N,NULL,098 US-23-422,9,5,2,2,1,4,9,2,7,3,N,NULL,Y,N,825,841,,N,NULL,72,,1,N,,N,N,,NULL,NULL,2020,O,7.26E+11,098-US-0023  -422,MEDIUM,098-US-0023  -422,0.033,0,0,0,0,0,0,1,0,0,0,0,1,0,1
3180,72598150,980100,2.02E+11,20210223,846,,BAIRD,,AVE,KY1426,KY1426,0,098 KY-1426,KY1426,N,N,NULL,NULL,NULL,N,NULL,NULL,NULL,NULL,NULL,NULL,5.389,NULL,NULL,NULL,NULL,,NULL,0,0,2,2,N,N,55,NULL,98,9801,NULL,,Y,37.47313,-82.52712,N,NULL,NULL,NULL,NULL,NULL,NULL,NULL,NULL,1,3,2,6,1,1,2,2,7,3,N,NULL,Y,N,846,849,916,N,NULL,55,,0,N,,N,N,098-KY-1426-0,NULL,NULL,2021,O,7.26E+11,098-KY-1426  -000,HIGH,098-KY-1426  -000,5.389,0,0,0,1,0,0,1,0,0,0,0,0,0,1
3181,72518589,KSP0900,20-587889,20200707,1300,,US460,,,US0460,US0460,0,098 US-460,US0460,N,N,NULL,NULL,NULL,N,NULL,NULL,NULL,NULL,NULL,NULL,9.068,NULL,NULL,NULL,NULL,,NULL,0,0,1,1,N,N,35,NULL,98,9801,8,SE,N,37.36917,-82.41924,N,NULL,NULL,NULL,NULL,NULL,NULL,NULL,NULL,9,5,2,4,1,1,2,2,7,3,N,NULL,Y,N,1300,1302,1302,Y,NULL,40,,1,N,,N,N,098-US-0460-0,NULL,NULL,2020,O,7.25E+11,098-US-0460  -000,HIGH,098-US-0460  -000,9.068,0,0,0,0,0,0,1,0,0,0,0,1,0,0
3182,72514604,980100,2.02E+11,20200625,930,,HAMBLEY,,BLVD,,,,,,N,N,NULL,NULL,NULL,N,NULL,NULL,NULL,NULL,NULL,NULL,0.305,NULL,NULL,NULL,NULL,,NULL,0,0,2,2,N,N,35,NULL,98,9801,NULL,,Y,37.47622,-82.52261,N,NULL,NULL,NULL,NULL,NULL,NULL,NULL,NULL,5,3,2,6,1,5,2,2,1,3,N,NULL,Y,N,930,931,934,N,NULL,49,,,N,,N,N,,NULL,NULL,2020,O,7.25E+11,098-CS-1222  -000,MEDIUM,098-CS-1222  -000,0.305,0,0,0,1,0,0,1,0,0,0,0,0,0,1
3183,72557936,KSP0900,20-755710,20201024,1202,,FISHTRAP,,RD,KY1441,KY1441,0,098 KY-1441,KY1441,N,N,NULL,NULL,NULL,N,NULL,NULL,NULL,NULL,NULL,NULL,3.262,NULL,NULL,NULL,NULL,,NULL,0,0,1,1,N,N,35,NULL,98,9832,NULL,,Y,37.43498,-82.4274,N,NULL,NULL,NULL,NULL,NULL,NULL,NULL,NULL,9,3,2,6,1,5,2,2,7,3,N,NULL,Y,N,1204,1218,,N,NULL,70,8,0,N,,N,N,098-KY-1441-0,NULL,NULL,2020,O,7.26E+11,098-KY-1441  -000,HIGH,098-KY-1441  -000,3.262,0,0,0,0,0,0,0,0,0,0,0,1,0,0
3184,72716510,980100,2.02E+11,20211231,1449,,CASSIDY,,BLVD,,,0,098 CS-1191,CS1191,Y,N,NULL,NULL,NULL,N,NULL,NULL,NULL,NULL,NULL,NULL,0.052,NULL,NULL,NULL,NULL,,NULL,0,0,2,2,N,N,,NULL,98,9801,NULL,,Y,37.50368,-82.533,N,NULL,NULL,NULL,NULL,NULL,NULL,NULL,NULL,2,97,1,6,1,1,3,2,1,3,N,NULL,Y,N,1449,1459,1459,N,NULL,90,,,N,,N,N,098-CS-1191-0,NULL,NULL,2021,O,7.27E+11,098-CS-1191  -000,HIGH,098-CS-1191  -000,0.052,0,0,1,1,0,0,0,0,0,0,0,0,0,1
3185,72584999,KSP0900,21-19509,20210115,1058,,US460,,,US0460,US0460,0,098 US-460,US0460,N,N,NULL,NULL,NULL,N,NULL,NULL,NULL,NULL,NULL,NULL,9.295,NULL,NULL,NULL,NULL,,NULL,0,0,1,1,N,N,35,NULL,98,9802,NULL,,Y,37.36869,-82.41512,N,NULL,NULL,NULL,NULL,NULL,NULL,NULL,NULL,9,97,2,6,1,5,6,2,7,3,N,NULL,Y,N,1058,1107,1107,Y,NULL,40,,1,N,,N,N,098-US-0460-0,NULL,NULL,2021,O,7.26E+11,098-US-0460  -000,MEDIUM,098-US-0460  -000,9.295,0,0,0,0,0,0,1,0,0,0,0,1,0,0
3186,72620357,980100,2.02E+11,20210429,1603,,CASSIDY,,BLVD,,,,,,Y,N,NULL,NULL,NULL,N,NULL,NULL,NULL,NULL,NULL,NULL,0.325,NULL,NULL,NULL,NULL,,NULL,0,0,2,2,N,N,,NULL,98,9801,NULL,,Y,37.50522,-82.53735,N,NULL,NULL,NULL,NULL,NULL,NULL,NULL,NULL,2,97,,6,1,1,3,2,1,3,N,NULL,Y,N,1603,1611,1611,N,NULL,90,,,Y,,N,N,,NULL,NULL,2021,O,7.26E+11,098-CS-1191  -000,MEDIUM,098-CS-1191  -000,0.325,0,0,0,0,0,0,1,0,0,0,0,0,0,1