OBJECTID,MasterFile,AgencyORINumber,LocalCode,CollisionDate,CollisionTime,CollisionDayWeekCode,RoadwayName,RoadwayName_Direction_,RoadwayName_RoadwaySuffix_,RoadwayfromReport,CurrentRoadwayNumber,RoadwayNumberCoupletID,RSEUniqueGIS,RoadwayIdentifier,ParkingLotIndicator,IntersectionWith_Indicator_,IntersectionWith_NameRoadway_,IntersectionWith_Direction_,IntersectionWith_RoadwaySuffix_,BetweenStreets_Indicator_,BetweenStreets1_NameRoadway_,BetweenStreet1_Direction_,BetweenStreets1_RoadwaySuffix_,BetweenStreets2_NameRoadway_,BetweenStreets2_Direction_,BetweenStreets2_RoadwaySuffix_,Milepoint,ReportMilepointDeriveNumber,CurrentDerivedMiepointNumber,MilestoMilepoint,FeettoMilepoint,DirectionfromMilepoint_NSEW_,ValidMilepointIndicator,NumberInjured,NumberKilled,ofUnits,ofMotorVehicleUnits,Hit&RunIndicator,OneWayIndicator,SpeedLimitNumber,KilometersIndicator,CountyCode,CityCountyCode,MilesFromCity,DirectionFromCity_NSEW_,InCityLimitsIndicator,Latitude,Longitude,RampIndicator,RampFromIdentifier,RampFromDirCode,RampFromCoupletID,RSEUniqueGISRampFrom,RampToidentifier,RampToDirCode,RampToCoupletID,RSEUniqueGisRampTo,MannerofCollisionCode,LocationFirstEventCode,TotalLanes,RoadwayCharacterCode,RoadwaySurfaceCode,RoadwayConditionCode,WeatherCode,LightConditionCode,LandUseCode,SchoolBusRelatedCode,FirstAidSceneIndicator,CollDescPresentInd,InvestigationCompleteIndicator,PhotosTakenIndicator,TimeNotified,TimeArrived,TimeRoadwayOpened,PropertyDamageIndicator,DiagramPresentIndicator,DirectionalAnalysis,FunctionClassCode,NationalHwySysCode,EnforcementsIndicator,KARSCityCode,SecondaryCollisionIndicator,MedianCrossoverIndicator,RT_UNIQUE,MapIt,TimeLastLeft,YR,KABCO,MFNY,WorkingRID,RT_CONFIDENCE,KTC_RT,KTC_MP,Motorcyclist,Commercial Vehicle,Young Driver,Mature Driver,Pedestrian,Bicyclist,Distracted,Aggressive,Impaired,Unrestrained,Intersection,Roadway Departure,Median Cross-over,City Crash
3187,72795530,980100,2.02E+11,20220814,1950,,US23,,,US0023,US0023,0,098 US-23-10,US0023,N,N,NULL,NULL,NULL,N,NULL,NULL,NULL,NULL,NULL,NULL,24.948,NULL,NULL,NULL,NULL,,NULL,0,0,1,1,N,N,55,NULL,98,9801,NULL,,Y,37.48779,-82.54105,N,NULL,NULL,NULL,NULL,NULL,NULL,NULL,NULL,9,3,4,3,1,5,6,2,6,3,N,NULL,Y,N,1950,1952,1952,N,NULL,70,,1,N,,N,N,098-US-0023-10,NULL,NULL,2022,O,7.28E+11,098-US-0023  -010,HIGH,098-US-0023  -000,24.948,1,0,0,0,0,0,0,0,0,0,0,1,0,1
3188,72577958,KSP0900,20-783263,20201112,530,,US119,,,US0119,US0119,0,098 US-119,US0119,N,N,NULL,NULL,NULL,N,NULL,NULL,NULL,NULL,NULL,NULL,22.371,NULL,NULL,NULL,NULL,,NULL,0,0,2,2,N,N,55,NULL,98,9842,NULL,,Y,37.63658,-82.25767,N,NULL,NULL,NULL,NULL,NULL,NULL,NULL,NULL,8,3,2,3,1,1,3,2,7,3,N,NULL,Y,N,539,710,835,N,NULL,53,2,1,N,,N,N,098-US-0119-0,NULL,NULL,2020,O,7.26E+11,098-US-0119  -000,HIGH,098-US-0119  -000,22.371,0,1,0,0,0,0,1,0,0,0,0,1,0,0
3189,72777545,KSP0900,22-223833,20220621,1015,,FOREST HILLS,,RD,KY0308,KY0308,0,098 KY-308,KY0308,N,N,NULL,NULL,NULL,N,NULL,NULL,NULL,NULL,NULL,NULL,1.845,NULL,NULL,NULL,NULL,,NULL,0,0,2,2,N,N,35,NULL,98,9885,NULL,,Y,37.64215,-82.27966,N,NULL,NULL,NULL,NULL,NULL,NULL,NULL,NULL,2,97,2,3,3,8,2,2,5,3,N,NULL,Y,N,1025,1115,1015,N,NULL,47,8,0,N,,N,N,098-KY-0308-0,NULL,NULL,2022,O,7.28E+11,098-KY-0308  -000,HIGH,098-KY-0308  -000,1.845,0,0,0,1,0,0,1,0,0,0,0,0,0,0
3190,72558725,370200,2020-763778,20201030,851,,US23,,,US0023,US0023,0,098 US-23,US0023,N,N,NULL,NULL,NULL,N,NULL,NULL,NULL,NULL,NULL,NULL,14.273,NULL,NULL,NULL,NULL,,NULL,0,0,2,2,N,N,55,NULL,98,9801,NULL,,Y,37.38923,-82.53651,N,NULL,NULL,NULL,NULL,NULL,NULL,NULL,NULL,2,5,4,6,1,1,3,2,7,3,N,NULL,Y,N,851,851,940,N,NULL,51,,1,N,,N,N,098-US-0023-0,NULL,NULL,2020,O,7.26E+11,098-US-0023  -000,HIGH,098-US-0023  -000,14.273,0,1,0,0,0,0,0,0,0,0,0,1,0,0
3191,72724698,KSP0900,22-32787,20220127,1349,,LITTLE ROBINSON CREEK,,RD,KY3415,KY3415,0,098 KY-3415,KY3415,N,N,NULL,NULL,NULL,N,NULL,NULL,NULL,NULL,NULL,NULL,2.812,NULL,NULL,NULL,NULL,,NULL,1,0,1,1,N,N,45,NULL,98,9801,7,SW,N,37.37096,-82.63055,N,NULL,NULL,NULL,NULL,NULL,NULL,NULL,NULL,9,5,2,6,1,1,2,2,7,3,Y,NULL,Y,N,1320,1346,1425,N,NULL,44,9,0,N,,N,N,098-KY-3415-0,NULL,NULL,2022,B,7.27E+11,098-KY-3415  -000,HIGH,098-KY-3415  -000,2.812,0,0,0,0,0,0,0,0,0,0,0,1,0,0
3192,72579216,980200,EC4120003,20201224,1201,,KY80,,,KY0080,KY0080,0,098 KY-80,KY0080,N,N,NULL,NULL,NULL,N,NULL,NULL,NULL,NULL,NULL,NULL,0.629,NULL,NULL,NULL,NULL,,NULL,0,0,2,2,N,N,45,NULL,98,9802,1.5,W,N,37.33412,-82.36963,N,NULL,NULL,NULL,NULL,NULL,NULL,NULL,NULL,8,3,2,4,1,5,6,2,7,3,N,NULL,Y,Y,1201,1240,1245,N,NULL,53,7,5,N,,N,N,098-KY-0080-0,NULL,NULL,2020,O,7.26E+11,098-KY-0080  -000,HIGH,098-KY-0080  -000,0.629,0,0,0,0,0,0,0,0,0,0,0,1,0,0
3193,72644536,980100,2.02E+11,20210706,1352,,MAIN,,ST,,,0,098 CS-1112,CS1112,N,N,NULL,NULL,NULL,N,NULL,NULL,NULL,NULL,NULL,NULL,0.055,NULL,NULL,NULL,NULL,,NULL,0,0,4,4,N,N,15,NULL,98,9801,NULL,,Y,37.47845,-82.51814,N,NULL,NULL,NULL,NULL,NULL,NULL,NULL,NULL,8,5,2,6,1,1,2,2,1,3,N,NULL,Y,N,1352,1423,1444,N,NULL,47,,,N,,N,N,098-CS-1112-0,NULL,NULL,2021,O,7.26E+11,098-CS-1112  -000,HIGH,098-CS-1112  -000,0.055,0,0,0,0,0,0,0,0,0,0,0,0,0,1
3194,72611730,KSP0900,21-140230,20210408,1655,,PETER FORK,,RD,,,0,098 CR-1527,CR1527,N,N,NULL,NULL,NULL,N,NULL,NULL,NULL,NULL,NULL,NULL,1.558,NULL,NULL,NULL,NULL,,NULL,0,0,2,2,N,N,35,NULL,98,9863,NULL,,Y,37.57218,-82.16519,N,NULL,NULL,NULL,NULL,NULL,NULL,NULL,NULL,7,3,1,1,1,5,3,2,7,3,N,NULL,Y,Y,1804,1849,1905,N,NULL,44,,,N,,N,N,098-CR-1527-0,NULL,NULL,2021,O,7.26E+11,098-CR-1527  -000,HIGH,098-CR-1527  -000,1.558,0,0,0,0,0,0,0,1,0,0,0,1,0,0
3195,72496770,KSP0900,20-15064,20200423,1340,,US119,,,US0119,US0119,0,098 US-119,US0119,N,N,NULL,NULL,NULL,N,NULL,NULL,NULL,NULL,NULL,NULL,22.562,NULL,NULL,NULL,NULL,,NULL,0,0,2,2,N,N,55,NULL,98,9814,NULL,,Y,37.63927,-82.25848,N,NULL,NULL,NULL,NULL,NULL,NULL,NULL,NULL,5,3,2,6,1,5,6,2,7,3,N,NULL,Y,N,134,1355,1400,N,NULL,70,2,1,N,,N,N,098-US-0119-0,NULL,NULL,2020,O,7.25E+11,098-US-0119  -000,HIGH,098-US-0119  -000,22.562,0,0,0,0,0,0,0,1,0,0,0,0,0,0
3196,72515714,KSP0900,20-571291,20200628,944,,US23,,,US0023,US0023,0,098 US-23,US0023,N,N,NULL,NULL,NULL,N,NULL,NULL,NULL,NULL,NULL,NULL,12.731,NULL,NULL,NULL,NULL,,NULL,1,0,1,1,N,N,55,NULL,98,9827,NULL,,Y,37.37118,-82.54613,N,NULL,NULL,NULL,NULL,NULL,NULL,NULL,NULL,9,3,4,1,1,5,6,2,3,3,Y,NULL,Y,Y,946,1018,,N,NULL,70,,1,N,,N,N,098-US-0023-0,NULL,NULL,2020,C,7.25E+11,098-US-0023  -000,HIGH,098-US-0023  -000,12.731,0,0,0,0,0,0,0,0,0,0,0,1,0,0
3197,72687541,KSP0900,21-431402,20211019,1742,,POPLAR FORK WOODMAN,,RD,KY2059,KY2059,0,098 KY-2059,KY2059,N,N,NULL,NULL,NULL,N,NULL,NULL,NULL,NULL,NULL,NULL,4.847,NULL,NULL,NULL,NULL,,NULL,0,0,2,1,Y,N,45,NULL,98,9825,NULL,,Y,37.54163,-82.06438,N,NULL,NULL,NULL,NULL,NULL,NULL,NULL,NULL,7,3,2,3,1,1,2,2,7,3,N,NULL,Y,N,1742,1830,1855,N,NULL,54,9,0,N,,N,N,098-KY-2059-0,NULL,NULL,2021,O,7.27E+11,098-KY-2059  -000,HIGH,098-KY-2059  -000,4.847,0,0,0,0,0,0,0,0,0,1,0,1,0,0
3198,72775546,980200,980200,20220404,1815,,HATCHER,,ST,,,0,098 CS-2019,CS2019,N,Y,POLLEY,,ST,N,NULL,NULL,NULL,NULL,NULL,NULL,0.206,NULL,NULL,NULL,NULL,,NULL,0,0,2,2,N,N,15,NULL,98,9802,NULL,,Y,37.30072,-82.35197,N,NULL,NULL,NULL,NULL,NULL,NULL,NULL,NULL,1,3,2,4,1,1,2,2,4,3,N,NULL,Y,Y,1617,1623,1640,N,NULL,10,,,N,,N,N,098-CS-2019-0,NULL,NULL,2022,O,7.28E+11,098-CS-2019  -000,HIGH,098-CS-2019  -000,0.206,0,0,0,0,0,0,1,0,0,0,1,0,0,0
3199,72572992,980000,20-12-003,20201204,1930,,US119,,,US0119,US0119,0,098 US-119,US0119,N,N,NULL,NULL,NULL,N,NULL,NULL,NULL,NULL,NULL,NULL,23.61,NULL,NULL,NULL,NULL,,NULL,3,0,2,2,N,N,55,NULL,98,9834,NULL,,Y,37.65028,-82.26773,N,NULL,NULL,NULL,NULL,NULL,NULL,NULL,NULL,1,3,4,6,1,5,6,5,1,3,N,NULL,N,Y,1927,1927,1927,N,NULL,55,2,1,Y,,N,N,098-US-0119-0,NULL,NULL,2020,B,7.26E+11,098-US-0119  -000,HIGH,098-US-0119  -000,23.61,0,0,0,0,0,0,0,1,0,0,0,0,0,0
3200,72602985,980100,2.02E+11,20210313,2030,,US23,,,US0023,US0023,0,098 US-23,US0023,N,N,NULL,NULL,NULL,N,NULL,NULL,NULL,NULL,NULL,NULL,19.342,NULL,NULL,NULL,NULL,,NULL,0,0,2,2,N,N,55,NULL,98,9801,NULL,,Y,37.44516,-82.50481,N,NULL,NULL,NULL,NULL,NULL,NULL,NULL,NULL,2,3,4,1,1,1,3,4,7,3,N,NULL,Y,N,2030,2041,,N,NULL,47,,1,Y,,N,N,098-US-0023-0,NULL,NULL,2021,O,7.26E+11,098-US-0023  -000,HIGH,098-US-0023  -000,19.342,0,0,0,0,0,0,0,0,1,0,0,0,0,1
3201,72554786,KSP0900,20-747547,20201018,2130,,POPLAR FORK WOODMAN,,RD,KY2059,KY2059,0,098 KY-2059,KY2059,N,N,NULL,NULL,NULL,N,NULL,NULL,NULL,NULL,NULL,NULL,1.69,NULL,NULL,NULL,NULL,,NULL,0,0,1,1,N,N,55,NULL,98,9855,NULL,,Y,37.51772,-82.05101,N,NULL,NULL,NULL,NULL,NULL,NULL,NULL,NULL,9,5,2,3,1,1,2,6,7,3,N,NULL,Y,N,2130,2200,2200,N,NULL,51,9,0,N,,N,N,098-KY-2059-0,NULL,NULL,2020,O,7.26E+11,098-KY-2059  -000,HIGH,098-KY-2059  -000,1.69,0,0,0,0,0,0,0,0,0,0,0,1,0,0
3202,72833085,KSP0900,22-448323,20221122,1658,,KY122,,,KY0122,KY0122,0,098 KY-122,KY0122,N,N,NULL,NULL,NULL,N,NULL,NULL,NULL,NULL,NULL,NULL,7.168,NULL,NULL,NULL,NULL,,NULL,0,0,1,1,N,N,55,NULL,98,9823,NULL,,Y,37.37351,-82.58458,N,NULL,NULL,NULL,NULL,NULL,NULL,NULL,NULL,9,3,2,3,1,1,2,3,7,3,N,NULL,Y,N,1658,1730,1800,N,NULL,44,,0,N,,N,N,098-KY-0122-0,NULL,NULL,2022,O,7.28E+11,098-KY-0122  -000,HIGH,098-KY-0122  -000,7.168,0,0,0,0,0,0,0,0,0,0,0,1,0,0
3203,72798932,980100,2.02E+11,20220822,813,,BAIRD,,AVE,KY1426,KY1426,0,098 KY-1426,KY1426,Y,N,NULL,NULL,NULL,N,NULL,NULL,NULL,NULL,NULL,NULL,5.392,NULL,NULL,NULL,NULL,,NULL,0,0,2,2,N,N,15,NULL,98,9801,NULL,,Y,37.4733,-82.52716,N,NULL,NULL,NULL,NULL,NULL,NULL,NULL,NULL,5,97,1,6,1,1,2,2,1,3,N,NULL,Y,N,813,816,,N,NULL,90,,0,N,,N,N,098-KY-1426-0,NULL,NULL,2022,O,7.28E+11,098-KY-1426  -000,HIGH,098-KY-1426  -000,5.392,0,0,0,1,0,0,0,0,0,0,0,0,0,1
3204,72526897,KSP0900,20-620850,20200727,1300,,DORTON-JENKINS,,HWY,KY0805,KY0805,0,098 KY-805,KY0805,N,N,NULL,NULL,NULL,N,NULL,NULL,NULL,NULL,NULL,NULL,4.576,NULL,NULL,NULL,NULL,,NULL,0,0,1,1,N,N,35,NULL,98,9809,NULL,,Y,37.25253,-82.56432,N,NULL,NULL,NULL,NULL,NULL,NULL,NULL,NULL,9,3,2,3,1,1,2,2,7,3,N,NULL,N,N,1300,1335,1335,N,NULL,70,7,0,N,,N,N,098-KY-0805-0,NULL,NULL,2020,O,7.25E+11,098-KY-0805  -000,HIGH,098-KY-0805  -000,4.576,0,0,0,0,0,0,0,0,0,0,0,1,0,0
3205,72746233,KSP0900,22-10322,20220321,1546,,US460,,,US0460,US0460,0,098 US-460,US0460,N,N,NULL,NULL,NULL,N,NULL,NULL,NULL,NULL,NULL,NULL,1.388,NULL,NULL,NULL,NULL,,NULL,0,0,2,2,N,N,35,NULL,98,9824,NULL,,Y,37.42678,-82.5,N,NULL,NULL,NULL,NULL,NULL,NULL,NULL,NULL,5,3,2,3,1,1,2,2,7,3,N,NULL,Y,N,1551,1608,1610,N,NULL,49,,1,N,,N,N,098-US-0460-0,NULL,NULL,2022,O,7.27E+11,098-US-0460  -000,HIGH,098-US-0460  -000,1.388,0,0,0,0,0,0,0,0,0,0,0,0,0,0
3206,72621530,KSP0900,21-173098,20210430,1726,,KY632,,,KY0632,KY0632,0,098 KY-632,KY0632,Y,N,NULL,NULL,NULL,N,NULL,NULL,NULL,NULL,NULL,NULL,13.929,NULL,NULL,NULL,NULL,,NULL,0,0,2,2,N,N,35,NULL,98,9804,NULL,,Y,37.5139,-82.15376,N,NULL,NULL,NULL,NULL,NULL,NULL,NULL,NULL,2,97,2,4,1,1,2,2,7,3,N,NULL,Y,Y,1734,1820,1820,N,NULL,90,6,0,N,,N,N,098-KY-0632-0,NULL,NULL,2021,O,7.26E+11,098-KY-0632  -000,HIGH,098-KY-0632  -000,13.929,0,0,0,0,0,0,1,0,0,0,0,0,0,0
3207,72540933,980100,2.02E+11,20200910,915,,2ND,,ST,,,0,098 CS-1117,CS1117,N,N,NULL,NULL,NULL,N,NULL,NULL,NULL,NULL,NULL,NULL,0.042,NULL,NULL,NULL,NULL,,NULL,0,0,2,2,N,N,15,NULL,98,9801,NULL,,Y,37.483,-82.51604,N,NULL,NULL,NULL,NULL,NULL,NULL,NULL,NULL,2,97,1,6,1,1,2,2,6,3,N,NULL,Y,N,940,955,955,N,NULL,56,,,Y,,N,N,098-CS-1117-0,NULL,NULL,2020,O,7.25E+11,098-CS-1117  -000,HIGH,098-CS-1117  -000,0.042,0,0,0,0,0,0,1,0,0,0,0,1,0,1
3208,72857306,KSP0900,23-15273,20230112,1332,,KY194,,,KY0194,KY0194,0,098 KY-194,KY0194,N,N,NULL,NULL,NULL,N,NULL,NULL,NULL,NULL,NULL,NULL,15.294,NULL,NULL,NULL,NULL,,NULL,1,0,1,1,N,N,55,NULL,98,9828,NULL,,Y,37.57119,-82.47674,N,NULL,NULL,NULL,NULL,NULL,NULL,NULL,NULL,9,6,2,6,1,1,3,2,7,3,Y,NULL,Y,Y,1334,1355,1430,N,NULL,44,7,0,N,,N,N,098-KY-0194-0,NULL,NULL,2023,C,7.29E+11,098-KY-0194  -000,HIGH,098-KY-0194  -000,15.353,0,0,0,1,0,0,1,0,0,0,0,1,0,0
3209,72664383,KSP0900,21-351681,20210823,1505,,US119,,,US0119,US0119,0,098 US-119-10,US0119,N,N,NULL,NULL,NULL,N,NULL,NULL,NULL,NULL,NULL,NULL,11.903,NULL,NULL,NULL,NULL,,NULL,0,0,1,1,N,N,55,NULL,98,9833,NULL,,Y,37.59455,-82.37527,N,NULL,NULL,NULL,NULL,NULL,NULL,NULL,NULL,9,3,2,5,1,1,2,2,3,3,N,NULL,Y,N,1505,1518,1505,N,NULL,40,2,1,N,,N,N,098-US-0119-10,NULL,NULL,2021,O,7.27E+11,098-US-0119  -010,HIGH,098-US-0119  -000,11.903,0,0,0,1,0,0,0,0,0,0,0,1,0,0
3210,72579170,980000,20-12-006,20201209,1730,,KY1469,,,KY1469,KY1469,0,098 KY-1469,KY1469,N,N,NULL,NULL,NULL,N,NULL,NULL,NULL,NULL,NULL,NULL,14.091,NULL,NULL,NULL,NULL,,NULL,2,0,2,2,N,N,55,NULL,98,9827,NULL,,Y,37.36023,-82.55505,N,NULL,NULL,NULL,NULL,NULL,NULL,NULL,NULL,4,3,2,6,1,1,2,6,7,3,Y,NULL,Y,Y,1730,1717,1845,N,NULL,70,7,0,N,,N,N,098-KY-1469-0,NULL,NULL,2020,C,7.26E+11,098-KY-1469  -000,HIGH,098-KY-1469  -000,14.091,0,0,0,0,0,0,1,1,0,0,0,0,0,0
3211,72589917,KSP0900,21-38954,20210129,2039,,VIRGIE,,RD,KY0610,KY0610,0,098 KY-610,KY0610,Y,N,NULL,NULL,NULL,N,NULL,NULL,NULL,NULL,NULL,NULL,7.681,NULL,NULL,NULL,NULL,,NULL,0,0,2,2,N,N,35,NULL,98,9827,NULL,,Y,37.336,-82.58235,N,NULL,NULL,NULL,NULL,NULL,NULL,NULL,NULL,1,97,2,6,1,1,2,6,1,3,N,NULL,Y,N,2045,2049,2043,Y,NULL,90,7,0,N,,N,N,098-KY-0610-0,NULL,NULL,2021,O,7.26E+11,098-KY-0610  -000,HIGH,098-KY-0610  -000,7.681,0,0,0,1,0,0,1,0,0,0,0,1,0,0
3212,72501846,980000,2005004,20200513,1400,,CALLOWAY BRANCH SENG CAMP,,RD,KY3419,KY3419,0,098 KY-3419,KY3419,N,N,NULL,NULL,NULL,N,NULL,NULL,NULL,NULL,NULL,NULL,7.008,NULL,NULL,NULL,NULL,,NULL,0,0,2,2,Y,N,25,NULL,98,9804,35,NE,N,37.49723,-82.21038,N,NULL,NULL,NULL,NULL,NULL,NULL,NULL,NULL,3,3,1,4,1,5,10,2,7,3,N,NULL,Y,Y,1400,1400,1435,N,NULL,52,9,0,N,,N,N,098-KY-3419-0,NULL,NULL,2020,O,7.25E+11,098-KY-3419  -000,HIGH,098-KY-3419  -000,7.008,0,0,0,0,0,0,0,1,0,0,0,1,0,0
3213,72694857,KSP0900,21-459526,20211109,1100,,COLEMAN,,RD,,,0,098 CR-1066,CR1066,Y,N,NULL,NULL,NULL,N,NULL,NULL,NULL,NULL,NULL,NULL,0.156,NULL,NULL,NULL,NULL,,NULL,0,0,2,2,N,N,5,NULL,98,9836,NULL,,Y,37.6412,-82.26184,N,NULL,NULL,NULL,NULL,NULL,NULL,NULL,NULL,2,97,,6,1,1,2,2,7,3,N,NULL,Y,N,1100,1115,1130,N,NULL,90,,,N,,N,N,098-CR-1066-0,NULL,NULL,2021,O,7.27E+11,098-CR-1066  -000,HIGH,098-CR-1066  -000,0.156,0,0,1,0,0,0,0,0,0,0,0,0,0,0
3214,72747459,980500,2022AR016,20220405,1700,,US 23 SOUTH,,,,,,,,N,N,NULL,NULL,NULL,N,NULL,NULL,NULL,NULL,NULL,NULL,,NULL,NULL,NULL,NULL,NULL,NULL,0,0,2,2,N,N,45,NULL,98,9807,NULL,,Y,37.52035,-82.56786,N,NULL,NULL,NULL,NULL,NULL,NULL,NULL,NULL,5,3,6,6,1,5,6,2,1,3,N,NULL,Y,Y,1700,1700,1700,N,NULL,49,,,N,,N,N,,NULL,NULL,2022,O,7.27E+11,098-US-0023  -000,MEDIUM,098-US-0023  -000,28.65,0,0,0,0,0,0,0,0,0,0,0,0,0,0
3215,72718976,KSP0900,22-04761,20220104,1843,,US119,,,US0119,US0119,0,098 US-119-10,US0119,N,N,NULL,NULL,NULL,N,NULL,NULL,NULL,NULL,NULL,NULL,25.375,NULL,NULL,NULL,NULL,,NULL,0,0,2,2,N,N,55,NULL,98,9834,NULL,,Y,37.67269,-82.28114,N,NULL,NULL,NULL,NULL,NULL,NULL,NULL,NULL,1,3,2,6,1,1,2,6,3,3,N,NULL,Y,Y,1843,1852,1925,N,NULL,55,2,1,N,,N,N,098-US-0119-10,NULL,NULL,2022,O,7.27E+11,098-US-0119  -010,HIGH,098-US-0119  -000,25.375,0,0,0,0,0,0,0,0,0,0,0,0,0,0
3216,72810821,980100,2.02E+11,20220928,1353,,OWSLEY,,RD,KY1384,KY1384,0,098 KY-1384,KY1384,N,N,NULL,NULL,NULL,N,NULL,NULL,NULL,NULL,NULL,NULL,6.779,NULL,NULL,NULL,NULL,,NULL,0,0,2,2,Y,N,45,NULL,98,9801,NULL,,Y,37.47914,-82.5433,N,NULL,NULL,NULL,NULL,NULL,NULL,NULL,NULL,8,3,4,6,1,1,2,2,7,3,N,NULL,Y,N,1353,1355,1355,N,NULL,53,17,0,Y,,N,N,098-KY-1384-0,NULL,NULL,2022,O,7.28E+11,098-KY-1384  -000,HIGH,098-KY-1384  -000,6.779,0,0,0,0,0,0,1,0,0,0,0,1,0,1
3217,72720142,980000,21-12-004,20211229,1800,,KY1426,,,KY1426,KY1426,0,098 KY-1426,KY1426,N,N,NULL,NULL,NULL,N,NULL,NULL,NULL,NULL,NULL,NULL,11.911,NULL,NULL,NULL,NULL,,NULL,3,0,2,2,N,N,55,NULL,98,9828,NULL,,Y,37.53508,-82.46596,N,NULL,NULL,NULL,NULL,NULL,NULL,NULL,NULL,1,3,2,3,1,5,6,6,1,3,Y,NULL,Y,Y,1800,1815,1900,N,NULL,55,7,0,N,,N,N,098-KY-1426-0,NULL,NULL,2021,C,7.27E+11,098-KY-1426  -000,HIGH,098-KY-1426  -000,11.911,0,0,0,1,0,0,0,1,0,0,0,0,0,0
3218,72582737,980500,2021AR001,20210108,1535,,US 23 SOUTH,,,,,,,,N,N,NULL,NULL,NULL,N,NULL,NULL,NULL,NULL,NULL,NULL,,NULL,NULL,NULL,NULL,NULL,NULL,0,0,2,2,N,N,45,NULL,98,9807,NULL,,Y,37.52825,-82.57508,N,NULL,NULL,NULL,NULL,NULL,NULL,NULL,NULL,5,3,6,6,1,1,3,2,7,3,N,NULL,N,N,1535,1537,1537,N,NULL,49,,,N,,N,N,,NULL,NULL,2021,O,7.26E+11,098-US-0023  -010,MEDIUM,098-US-0023  -000,29.349,0,0,1,0,0,0,0,0,0,0,0,0,0,0
3219,72757442,980100,2.02E+11,20220503,1612,,US23,,,US0023,US0023,,,,N,N,NULL,NULL,NULL,N,NULL,NULL,NULL,NULL,NULL,NULL,27.312,NULL,NULL,NULL,NULL,,NULL,0,0,2,2,N,N,55,NULL,98,9801,NULL,,Y,37.51067,-82.54749,N,NULL,NULL,NULL,NULL,NULL,NULL,NULL,NULL,5,3,4,6,1,1,2,2,2,3,N,NULL,Y,N,1612,1623,1640,N,NULL,70,,1,N,,N,N,,NULL,NULL,2022,O,7.28E+11,098-US-0023  -000,MEDIUM,098-US-0023  -000,27.312,0,0,0,0,0,0,1,0,0,0,0,0,0,1
3220,72533657,980100,2.02E+11,20200820,1741,,BYPASS,S,RD,KY1426,KY1426,,,,Y,N,NULL,NULL,NULL,N,NULL,NULL,NULL,NULL,NULL,NULL,6.437,NULL,NULL,NULL,NULL,,NULL,0,0,2,2,N,N,15,NULL,98,9801,NULL,,Y,37.48246,-82.51397,N,NULL,NULL,NULL,NULL,NULL,NULL,NULL,NULL,1,97,,6,1,1,3,2,1,3,N,NULL,Y,N,1741,1745,,N,NULL,90,,0,Y,,N,N,,NULL,NULL,2020,O,7.25E+11,098-KY-1426  -000,MEDIUM,098-KY-1426  -000,6.437,0,0,0,1,0,0,1,0,0,0,0,0,0,1
3221,72530511,980100,20200009759,20200811,1837,,CASSIDY,,BLVD,,,,,,Y,N,NULL,NULL,NULL,N,NULL,NULL,NULL,NULL,NULL,NULL,0.253,NULL,NULL,NULL,NULL,,NULL,0,0,2,2,N,N,15,NULL,98,9801,NULL,,Y,37.50455,-82.536,N,NULL,NULL,NULL,NULL,NULL,NULL,NULL,NULL,5,97,1,6,1,1,2,2,1,3,N,NULL,Y,N,1837,1859,1919,N,NULL,90,,,N,,N,N,,NULL,NULL,2020,O,7.25E+11,098-CS-1191  -000,LOW,098-CS-1191  -000,0.253,0,0,0,1,0,0,0,0,0,0,0,0,0,1
3222,72812594,980500,2022AR045,20221004,1704,,US 23 NORTH,,,,,,,,N,N,NULL,NULL,NULL,N,NULL,NULL,NULL,NULL,NULL,NULL,,NULL,NULL,NULL,NULL,NULL,NULL,0,0,2,2,N,N,45,NULL,98,9807,NULL,,Y,37.5194,-82.56647,N,NULL,NULL,NULL,NULL,NULL,NULL,NULL,NULL,5,3,6,6,1,1,2,2,7,3,N,NULL,Y,Y,1704,1704,1704,N,NULL,49,,,N,,N,N,,NULL,NULL,2022,O,7.28E+11,098-US-0023  -000,MEDIUM,098-US-0023  -000,28.55,0,1,0,0,0,0,1,1,0,0,0,0,0,0
3223,72876652,980100,2.02E+11,20230317,1659,,CASSIDY,,BLVD,,,0,098 CS-1191,CS1191,Y,N,NULL,NULL,NULL,N,NULL,NULL,NULL,NULL,NULL,NULL,0.25,NULL,NULL,NULL,NULL,,NULL,0,0,2,2,N,N,15,NULL,98,9801,NULL,,Y,37.50452,-82.53594,N,NULL,NULL,NULL,NULL,NULL,NULL,NULL,NULL,2,97,2,6,1,5,3,2,5,3,N,NULL,Y,N,1659,1708,1710,N,NULL,90,,,N,,N,N,098-CS-1191-0,NULL,NULL,2023,O,7.29E+11,098-CS-1191  -000,HIGH,098-CS-1191  -000,0.232,0,0,1,0,0,0,1,0,0,0,0,0,0,1