OBJECTID,MasterFile,AgencyORINumber,LocalCode,CollisionDate,CollisionTime,CollisionDayWeekCode,RoadwayName,RoadwayName_Direction_,RoadwayName_RoadwaySuffix_,RoadwayfromReport,CurrentRoadwayNumber,RoadwayNumberCoupletID,RSEUniqueGIS,RoadwayIdentifier,ParkingLotIndicator,IntersectionWith_Indicator_,IntersectionWith_NameRoadway_,IntersectionWith_Direction_,IntersectionWith_RoadwaySuffix_,BetweenStreets_Indicator_,BetweenStreets1_NameRoadway_,BetweenStreet1_Direction_,BetweenStreets1_RoadwaySuffix_,BetweenStreets2_NameRoadway_,BetweenStreets2_Direction_,BetweenStreets2_RoadwaySuffix_,Milepoint,ReportMilepointDeriveNumber,CurrentDerivedMiepointNumber,MilestoMilepoint,FeettoMilepoint,DirectionfromMilepoint_NSEW_,ValidMilepointIndicator,NumberInjured,NumberKilled,ofUnits,ofMotorVehicleUnits,Hit&RunIndicator,OneWayIndicator,SpeedLimitNumber,KilometersIndicator,CountyCode,CityCountyCode,MilesFromCity,DirectionFromCity_NSEW_,InCityLimitsIndicator,Latitude,Longitude,RampIndicator,RampFromIdentifier,RampFromDirCode,RampFromCoupletID,RSEUniqueGISRampFrom,RampToidentifier,RampToDirCode,RampToCoupletID,RSEUniqueGisRampTo,MannerofCollisionCode,LocationFirstEventCode,TotalLanes,RoadwayCharacterCode,RoadwaySurfaceCode,RoadwayConditionCode,WeatherCode,LightConditionCode,LandUseCode,SchoolBusRelatedCode,FirstAidSceneIndicator,CollDescPresentInd,InvestigationCompleteIndicator,PhotosTakenIndicator,TimeNotified,TimeArrived,TimeRoadwayOpened,PropertyDamageIndicator,DiagramPresentIndicator,DirectionalAnalysis,FunctionClassCode,NationalHwySysCode,EnforcementsIndicator,KARSCityCode,SecondaryCollisionIndicator,MedianCrossoverIndicator,RT_UNIQUE,MapIt,TimeLastLeft,YR,KABCO,MFNY,WorkingRID,RT_CONFIDENCE,KTC_RT,KTC_MP,Motorcyclist,Commercial Vehicle,Young Driver,Mature Driver,Pedestrian,Bicyclist,Distracted,Aggressive,Impaired,Unrestrained,Intersection,Roadway Departure,Median Cross-over,City Crash
3224,72673858,980100,2.02E+11,20210921,1357,,US23 TURN LANE,,,US0023,US0023,0,098 US-23-20,US0023,N,N,NULL,NULL,NULL,N,NULL,NULL,NULL,NULL,NULL,NULL,0.008,NULL,NULL,NULL,NULL,,NULL,0,0,2,2,N,N,55,NULL,98,9801,NULL,,Y,37.50365,-82.53259,N,NULL,NULL,NULL,NULL,NULL,NULL,NULL,NULL,5,3,4,6,1,5,3,2,7,3,N,NULL,Y,N,1357,1415,1435,N,NULL,49,,1,N,,N,N,098-US-0023-20,NULL,NULL,2021,O,7.27E+11,098-US-0023  -020,HIGH,098-US-0023  -020,0.008,0,0,1,0,0,0,0,0,0,0,0,0,0,1
3225,72883077,980100,2.02E+11,20230328,1704,,BAIRD,,AVE,KY1426,KY1426,0,098 KY-1426,KY1426,N,N,NULL,NULL,NULL,N,NULL,NULL,NULL,NULL,NULL,NULL,5.392,NULL,NULL,NULL,NULL,,NULL,0,0,2,2,N,N,35,NULL,98,9801,NULL,,Y,37.47321,-82.52708,N,NULL,NULL,NULL,NULL,NULL,NULL,NULL,NULL,4,3,2,6,1,1,2,2,1,3,N,NULL,Y,N,1704,1707,1720,N,NULL,70,,0,N,,N,N,098-KY-1426-0,NULL,NULL,2023,O,7.29E+11,098-KY-1426  -000,HIGH,098-KY-1426  -000,5.4,0,0,0,1,0,0,1,0,0,0,0,0,0,1
3226,72542714,KSP0900,20-694847,20200912,1121,,US119,,,US0119,US0119,0,098 US-119-10,US0119,N,N,NULL,NULL,NULL,N,NULL,NULL,NULL,NULL,NULL,NULL,23.427,NULL,NULL,NULL,NULL,,NULL,0,0,2,2,N,N,55,NULL,98,9836,NULL,,Y,37.64767,-82.26764,N,NULL,NULL,NULL,NULL,NULL,NULL,NULL,NULL,5,3,2,6,1,1,2,2,1,3,N,NULL,Y,N,1121,1134,1134,N,NULL,49,2,1,N,,N,N,098-US-0119-10,NULL,NULL,2020,O,7.25E+11,098-US-0119  -010,HIGH,098-US-0119  -000,23.427,0,0,0,0,0,0,0,0,1,0,0,0,0,0
3227,72690811,980100,2.02E+11,20211027,1439,,HAROLDS BRANCH,,RD,,,0,098 CS-1223,CS1223,Y,N,NULL,NULL,NULL,N,NULL,NULL,NULL,NULL,NULL,NULL,0.085,NULL,NULL,NULL,NULL,,NULL,0,0,2,2,N,N,15,NULL,98,9801,NULL,,Y,37.47173,-82.52202,N,NULL,NULL,NULL,NULL,NULL,NULL,NULL,NULL,5,97,,6,2,1,2,2,5,3,N,NULL,Y,N,1439,1443,1443,N,NULL,90,,,N,,N,N,098-CS-1223-0,NULL,NULL,2021,O,7.27E+11,098-CS-1223  -000,HIGH,098-CS-1223  -000,0.085,0,0,0,1,0,0,0,1,0,0,0,0,0,1
3228,72722860,980100,2.02E+11,20220114,1212,,US23,,,US0023,US0023,0,098 US-23,US0023,N,N,NULL,NULL,NULL,N,NULL,NULL,NULL,NULL,NULL,NULL,31.559,NULL,NULL,NULL,NULL,,NULL,0,0,2,2,N,N,55,NULL,98,9801,NULL,,Y,37.53688,-82.60082,N,NULL,NULL,NULL,NULL,NULL,NULL,NULL,NULL,5,3,4,6,1,1,3,2,7,3,N,NULL,Y,N,1212,1246,,N,NULL,49,,1,Y,,N,N,098-US-0023-0,NULL,NULL,2022,O,7.27E+11,098-US-0023  -000,HIGH,098-US-0023  -000,31.559,0,0,0,0,0,0,0,0,0,0,0,0,0,1
3229,72533193,980100,2.02E+11,20200815,100,,KY3496,,,KY3496,KY3496,0,098 KY-3496,KY3496,Y,N,NULL,NULL,NULL,N,NULL,NULL,NULL,NULL,NULL,NULL,0.861,NULL,NULL,NULL,NULL,,NULL,0,0,2,2,Y,N,,NULL,98,9801,NULL,,Y,37.47247,-82.52847,N,NULL,NULL,NULL,NULL,NULL,NULL,NULL,NULL,1,97,1,6,1,1,2,2,1,3,N,NULL,Y,N,1600,1610,1610,N,NULL,90,16,0,N,,N,N,098-KY-3496-0,NULL,NULL,2020,O,7.25E+11,098-KY-3496  -000,HIGH,098-KY-3496  -000,0.861,0,0,0,0,0,0,0,0,0,0,0,0,0,1
3230,72774517,370200,2022-228015,20220617,1250,,US119,,,US0119,US0119,0,098 US-119-10,US0119,N,N,NULL,NULL,NULL,N,NULL,NULL,NULL,NULL,NULL,NULL,11.214,NULL,NULL,NULL,NULL,,NULL,0,0,1,1,N,N,55,NULL,98,9820,NULL,,Y,37.59037,-82.38703,N,NULL,NULL,NULL,NULL,NULL,NULL,NULL,NULL,9,6,2,5,1,1,2,2,7,3,N,NULL,Y,N,1250,1313,1547,Y,NULL,40,2,1,N,,N,N,098-US-0119-10,NULL,NULL,2022,O,7.28E+11,098-US-0119  -010,HIGH,098-US-0119  -000,11.214,0,1,0,0,0,0,0,0,0,0,0,1,0,0
3231,72721417,KSP0900,2022-020637,20220117,1000,,KY1056,,,KY1056,KY1056,0,098 KY-1056,KY1056,N,N,NULL,NULL,NULL,N,NULL,NULL,NULL,NULL,NULL,NULL,8.685,NULL,NULL,NULL,NULL,,NULL,0,0,1,1,N,N,55,NULL,98,9863,NULL,,Y,37.59222,-82.17192,N,NULL,NULL,NULL,NULL,NULL,NULL,NULL,NULL,9,3,2,6,1,4,8,2,7,3,N,NULL,Y,N,1000,1000,1000,N,NULL,44,7,0,N,,N,N,098-KY-1056-0,NULL,NULL,2022,O,7.27E+11,098-KY-1056  -000,HIGH,098-KY-1056  -000,8.685,0,0,0,0,0,0,0,0,0,0,0,1,0,0
3232,72820357,980100,2.02E+11,20221024,1455,,SUMMIT,,DR,,,0,098 CS-1064,CS1064,N,N,NULL,NULL,NULL,N,NULL,NULL,NULL,NULL,NULL,NULL,0.017,NULL,NULL,NULL,NULL,,NULL,0,0,2,2,N,N,15,NULL,98,9801,NULL,,Y,37.47679,-82.51678,N,NULL,NULL,NULL,NULL,NULL,NULL,NULL,NULL,5,3,2,5,1,1,2,2,1,3,N,NULL,Y,N,1455,1500,1500,N,NULL,49,,,N,,N,N,098-CS-1064-0,NULL,NULL,2022,O,7.28E+11,098-CS-1064  -000,HIGH,098-CS-1064  -000,0.017,0,0,0,0,0,0,1,0,0,0,0,0,0,1
3233,72541700,980100,2.02E+11,20200830,517,,US23,,,US0023,US0023,0,098 US-23,US0023,N,N,NULL,NULL,NULL,N,NULL,NULL,NULL,NULL,NULL,NULL,30.886,NULL,NULL,NULL,NULL,,NULL,3,1,1,1,N,N,55,NULL,98,9801,NULL,,Y,37.54099,-82.59171,N,NULL,NULL,NULL,NULL,NULL,NULL,NULL,NULL,9,6,4,3,1,1,2,6,7,3,Y,NULL,Y,Y,517,525,1056,N,NULL,51,,1,N,,N,N,098-US-0023-0,NULL,NULL,2020,K,7.25E+11,098-US-0023  -000,HIGH,098-US-0023  -000,30.886,0,0,0,0,0,0,0,1,1,1,0,1,0,1
3234,72495218,980100,2.02E+11,20200417,1005,,CASSIDY,,BLVD,,,,,,Y,N,NULL,NULL,NULL,N,NULL,NULL,NULL,NULL,NULL,NULL,0.289,NULL,NULL,NULL,NULL,,NULL,0,0,2,2,N,N,15,NULL,98,9801,NULL,,Y,37.50497,-82.53661,N,NULL,NULL,NULL,NULL,NULL,NULL,NULL,NULL,2,97,1,6,1,1,2,2,1,3,N,NULL,Y,N,1005,1010,1010,N,NULL,90,,,N,,N,N,,NULL,NULL,2020,O,7.25E+11,098-CS-1191  -000,MEDIUM,098-CS-1191  -000,0.289,0,0,0,1,0,0,1,0,0,0,0,0,0,1
3235,72677133,KSP0900,21-386196,20210919,900,,HOLLY,,DR,,,0,098 CR-1374,CR1374,Y,N,NULL,NULL,NULL,N,NULL,NULL,NULL,NULL,NULL,NULL,0.101,NULL,NULL,NULL,NULL,,NULL,1,0,2,1,N,N,,NULL,98,9801,NULL,,Y,37.50445,-82.5447,N,NULL,NULL,NULL,NULL,NULL,NULL,NULL,NULL,9,97,,6,2,1,2,2,6,3,N,NULL,Y,N,900,900,900,N,NULL,90,,,N,,N,N,098-CR-1374-0,NULL,NULL,2021,C,7.27E+11,098-CR-1374  -000,HIGH,098-CR-1374  -000,0.101,0,0,0,0,1,0,0,0,0,0,0,0,0,1
3236,72519745,980200,ELK4125-18-20,20200628,1240,,KY80,,,KY0080,KY0080,0,098 KY-80,KY0080,N,N,NULL,NULL,NULL,N,NULL,NULL,NULL,NULL,NULL,NULL,1.77,NULL,NULL,NULL,NULL,,NULL,0,0,1,1,N,N,45,NULL,98,9802,NULL,,Y,37.31828,-82.36417,N,NULL,NULL,NULL,NULL,NULL,NULL,NULL,NULL,9,5,2,6,1,5,3,2,2,3,N,NULL,Y,Y,1245,1300,1300,N,NULL,51,7,5,N,,N,N,098-KY-0080-0,NULL,NULL,2020,O,7.25E+11,098-KY-0080  -000,HIGH,098-KY-0080  -000,1.77,0,0,0,0,0,0,0,0,0,0,0,1,0,0
3237,72547428,KSP0900,20-715137,20200926,1100,,SOOKEYS,W,CRK,,,0,098 CR-1282,CR1282,N,N,NULL,NULL,NULL,N,NULL,NULL,NULL,NULL,NULL,NULL,1.246,NULL,NULL,NULL,NULL,,NULL,0,0,2,2,N,N,35,NULL,98,9801,NULL,,Y,37.40461,-82.5347,N,NULL,NULL,NULL,NULL,NULL,NULL,NULL,NULL,8,3,2,6,1,1,2,2,7,3,N,NULL,Y,N,1100,1130,,N,NULL,47,,,N,,N,N,098-CR-1282-0,NULL,NULL,2020,O,7.25E+11,098-CR-1282  -000,HIGH,098-CR-1282  -000,1.246,0,1,0,1,0,0,0,0,0,0,0,0,0,0
3238,72645226,KSP0900,21-282312,20210708,1646,,FISHTRAP,,RD,KY1441,KY1441,0,098 KY-1441,KY1441,N,N,NULL,NULL,NULL,N,NULL,NULL,NULL,NULL,NULL,NULL,11.208,NULL,NULL,NULL,NULL,,NULL,0,0,2,2,N,N,45,NULL,98,9850,NULL,,Y,37.53094,-82.45761,N,NULL,NULL,NULL,NULL,NULL,NULL,NULL,NULL,5,3,2,3,1,5,2,2,7,3,N,NULL,Y,N,1646,1704,1742,N,NULL,49,8,0,N,,N,N,098-KY-1441-0,NULL,NULL,2021,O,7.26E+11,098-KY-1441  -000,HIGH,098-KY-1441  -000,11.208,0,0,0,0,0,0,1,0,0,0,0,0,0,0
3239,72618123,KSP0900,21-168030,20210427,1200,,US23,,,US0023,US0023,,,,N,N,NULL,NULL,NULL,N,NULL,NULL,NULL,NULL,NULL,NULL,13.235,NULL,NULL,NULL,NULL,,NULL,0,0,2,2,N,N,55,NULL,98,9824,NULL,,Y,37.37578,-82.54001,N,NULL,NULL,NULL,NULL,NULL,NULL,NULL,NULL,8,3,4,6,1,1,2,2,1,3,N,NULL,N,N,1200,1206,1206,N,NULL,53,,1,N,,N,N,,NULL,NULL,2021,O,7.26E+11,098-US-0023  -000,MEDIUM,098-US-0023  -000,13.235,0,0,0,0,0,0,1,0,0,0,0,1,0,0
3240,72749487,KSP0900,22-129862,20220410,1756,,KY195,,,KY0195,KY0195,0,098 KY-195,KY0195,N,N,NULL,NULL,NULL,N,NULL,NULL,NULL,NULL,NULL,NULL,9.764,NULL,NULL,NULL,NULL,,NULL,1,0,1,1,N,N,55,NULL,98,9830,NULL,,Y,37.34823,-82.42388,N,NULL,NULL,NULL,NULL,NULL,NULL,NULL,NULL,9,3,2,3,1,1,2,2,7,3,Y,NULL,N,N,1757,1819,1757,N,NULL,44,7,0,Y,,N,N,098-KY-0195-0,NULL,NULL,2022,B,7.27E+11,098-KY-0195  -000,HIGH,098-KY-0195  -000,9.764,1,0,0,0,0,0,1,0,1,0,0,1,0,0
3241,72523098,KSP0900,20-610427,20200720,1843,,KY1426,,,KY1426,KY1426,0,098 KY-1426,KY1426,N,N,NULL,NULL,NULL,N,NULL,NULL,NULL,NULL,NULL,NULL,8.245,NULL,NULL,NULL,NULL,,NULL,0,0,2,2,N,N,55,NULL,98,9801,NULL,,Y,37.49486,-82.4911,N,NULL,NULL,NULL,NULL,NULL,NULL,NULL,NULL,8,3,2,4,1,1,3,2,6,3,N,NULL,Y,N,1925,2005,,N,NULL,53,,0,N,,N,N,098-KY-1426-0,NULL,NULL,2020,O,7.25E+11,098-KY-1426  -000,HIGH,098-KY-1426  -000,8.245,0,0,0,0,0,0,0,0,0,0,0,1,0,1
3242,72460746,KSP0900,20-204,20190102,1523,,HOPKINS,,RD,,,0,098 CR-1255,CR1255,N,N,NULL,NULL,NULL,N,NULL,NULL,NULL,NULL,NULL,NULL,0.004,NULL,NULL,NULL,NULL,,NULL,0,0,2,2,N,N,35,NULL,98,9841,NULL,,Y,37.36996,-82.48612,N,NULL,NULL,NULL,NULL,NULL,NULL,NULL,NULL,2,3,1,1,1,5,3,2,7,3,N,NULL,Y,N,1523,1634,1634,N,NULL,56,,,N,,N,N,098-CR-1255-0,NULL,NULL,2019,O,7.25E+11,098-CR-1255  -000,HIGH,098-CR-1255  -000,0.004,0,0,0,1,0,0,0,1,0,0,0,0,0,0
3243,72492418,980000,2004002,20200403,1210,,US119,,,US0119,US0119,0,098 US-119,US0119,N,N,NULL,NULL,NULL,N,NULL,NULL,NULL,NULL,NULL,NULL,6.504,NULL,NULL,NULL,NULL,,NULL,0,0,1,1,N,N,55,NULL,98,9801,15,S,N,37.54511,-82.44411,N,NULL,NULL,NULL,NULL,NULL,NULL,NULL,NULL,9,3,2,2,1,1,2,2,1,3,N,NULL,Y,Y,1350,1350,1441,N,NULL,41,2,1,N,,N,N,098-US-0119-0,NULL,NULL,2020,O,7.25E+11,098-US-0119  -000,HIGH,098-US-0119  -000,6.504,0,0,0,0,0,0,0,0,0,0,0,1,0,0
3244,72805951,KSP0900,22-351964,20220910,1548,,KY1426,,,KY1426,KY1426,0,098 KY-1426,KY1426,N,N,NULL,NULL,NULL,N,NULL,NULL,NULL,NULL,NULL,NULL,13.122,NULL,NULL,NULL,NULL,,NULL,0,0,2,2,N,N,55,NULL,98,9828,NULL,,Y,37.54808,-82.46051,N,NULL,NULL,NULL,NULL,NULL,NULL,NULL,NULL,1,3,2,6,1,5,6,2,7,3,N,NULL,Y,N,1548,1559,1620,N,NULL,55,7,0,N,,N,N,098-KY-1426-0,NULL,NULL,2022,O,7.28E+11,098-KY-1426  -000,HIGH,098-KY-1426  -000,13.122,0,0,1,0,0,0,0,1,0,0,0,0,0,0
3245,72557823,980000,20-10-005,20201026,1945,,US119,,,US0119,US0119,0,098 US-119-10,US0119,N,N,NULL,NULL,NULL,N,NULL,NULL,NULL,NULL,NULL,NULL,20.945,NULL,NULL,NULL,NULL,,NULL,0,0,1,1,N,N,35,NULL,98,9836,4,S,N,37.62077,-82.26851,N,NULL,NULL,NULL,NULL,NULL,NULL,NULL,NULL,9,3,2,3,1,1,3,3,6,3,N,NULL,N,N,1945,1945,2006,N,NULL,38,2,1,N,,N,N,098-US-0119-10,NULL,NULL,2020,O,7.26E+11,098-US-0119  -010,HIGH,098-US-0119  -000,20.945,0,0,0,0,0,0,0,0,0,0,0,0,0,0
3246,72663378,980100,2.02E+11,20210825,1425,,HAMBLEY,,BLVD,,,0,098 CS-1222,CS1222,N,N,NULL,NULL,NULL,N,NULL,NULL,NULL,NULL,NULL,NULL,0.439,NULL,NULL,NULL,NULL,,NULL,0,0,2,2,N,N,15,NULL,98,9801,NULL,,Y,37.47772,-82.52106,N,NULL,NULL,NULL,NULL,NULL,NULL,NULL,NULL,8,97,1,6,2,1,2,2,3,3,N,NULL,Y,N,1426,1426,,N,NULL,47,,,N,,N,N,098-CS-1222-0,NULL,NULL,2021,O,7.27E+11,098-CS-1222  -000,HIGH,098-CS-1222  -000,0.439,0,0,1,0,0,0,0,0,0,0,0,0,0,1
3247,72598396,980100,2.02E+11,20210226,1353,,MAYO,S,TRL,,,,,,Y,N,NULL,NULL,NULL,N,NULL,NULL,NULL,NULL,NULL,NULL,,NULL,NULL,NULL,NULL,NULL,NULL,0,0,2,2,N,N,,NULL,98,9801,NULL,,Y,37.44014,-82.50925,N,NULL,NULL,NULL,NULL,NULL,NULL,NULL,NULL,3,97,2,6,1,5,6,2,1,3,N,NULL,Y,N,1354,1405,1405,N,NULL,90,,,N,,N,N,,NULL,NULL,2021,O,7.26E+11,098-US-0460  -000,MEDIUM,098-US-0460  -000,0.176,0,0,0,1,0,0,0,1,0,0,0,0,0,1
3248,72533053,KSP0900,20-645011,20200812,811,,LEFT FORK UPPER CHLOE,,RD,,,0,098 CR-1310,CR1310,N,N,NULL,NULL,NULL,N,NULL,NULL,NULL,NULL,NULL,NULL,0.678,NULL,NULL,NULL,NULL,,NULL,0,0,1,1,Y,N,15,NULL,98,9801,NULL,,Y,37.47193,-82.45176,N,NULL,NULL,NULL,NULL,NULL,NULL,NULL,NULL,9,97,,6,1,1,2,4,6,3,N,NULL,Y,Y,2011,2033,,Y,NULL,40,,,Y,,N,N,098-CR-1310-0,NULL,NULL,2020,O,7.25E+11,098-CR-1310  -000,HIGH,098-CR-1310  -000,0.678,0,0,0,0,0,0,0,0,0,0,0,1,0,0
3249,72696331,KSP0900,21-463119,20211111,2009,,US119,,,US0119,US0119,0,098 US-119,US0119,N,N,NULL,NULL,NULL,N,NULL,NULL,NULL,NULL,NULL,NULL,9.625,NULL,NULL,NULL,NULL,,NULL,1,0,1,1,N,N,55,NULL,98,9820,NULL,,Y,37.57893,-82.41093,N,NULL,NULL,NULL,NULL,NULL,NULL,NULL,NULL,9,3,2,4,1,5,6,6,7,3,Y,NULL,Y,Y,2009,2104,2120,N,NULL,38,2,1,N,,N,N,098-US-0119-0,NULL,NULL,2021,C,7.27E+11,098-US-0119  -000,HIGH,098-US-0119  -000,9.625,0,0,0,0,0,0,0,0,0,0,0,0,0,0
3250,72505085,980100,2.02E+11,20200527,841,,MAIN,,ST,,,0,098 CS-1112,CS1112,N,N,NULL,NULL,NULL,N,NULL,NULL,NULL,NULL,NULL,NULL,0.016,NULL,NULL,NULL,NULL,,NULL,0,0,2,2,N,Y,15,NULL,98,9801,NULL,,Y,37.47792,-82.51841,N,NULL,NULL,NULL,NULL,NULL,NULL,NULL,NULL,5,7,2,6,1,1,3,2,1,3,N,NULL,Y,N,841,842,842,N,NULL,47,,,N,,N,N,098-CS-1112-0,NULL,NULL,2020,O,7.25E+11,098-CS-1112  -000,HIGH,098-CS-1112  -000,0.016,0,0,0,1,0,0,1,0,0,0,0,0,0,1
3251,72649720,KSP0900,21-294236,20210716,1420,,US119,,,US0119,US0119,0,098 US-119,US0119,Y,N,NULL,NULL,NULL,N,NULL,NULL,NULL,NULL,NULL,NULL,23.632,NULL,NULL,NULL,NULL,,NULL,0,0,2,2,N,N,15,NULL,98,9836,NULL,,Y,37.65138,-82.26768,N,NULL,NULL,NULL,NULL,NULL,NULL,NULL,NULL,2,97,2,6,1,1,2,2,1,3,N,NULL,Y,N,1405,1415,1410,N,NULL,90,2,1,N,,N,N,098-US-0119-0,NULL,NULL,2021,O,7.26E+11,098-US-0119  -000,HIGH,098-US-0119  -000,23.632,0,0,0,0,0,0,1,0,0,0,0,0,0,0
3252,72469143,980100,2.02E+11,20200128,2054,,MAYO,S,TRL,KY3496,KY3496,0,098 KY-3496,KY3496,Y,N,NULL,NULL,NULL,N,NULL,NULL,NULL,NULL,NULL,NULL,0.374,NULL,NULL,NULL,NULL,,NULL,0,0,2,2,Y,N,15,NULL,98,9801,NULL,,Y,37.46839,-82.53329,N,NULL,NULL,NULL,NULL,NULL,NULL,NULL,NULL,2,97,2,6,1,1,3,5,1,3,N,NULL,N,N,2054,2054,,N,NULL,90,16,0,N,,N,N,098-KY-3496-0,NULL,NULL,2020,O,7.25E+11,098-KY-3496  -000,HIGH,098-KY-3496  -000,0.374,0,0,0,0,0,0,0,0,0,0,0,0,0,1
3253,72789150,KSP0900,22-286612,20220727,1912,,LUCY,,BR,,,0,098 CR-1222,CR1222,N,N,NULL,NULL,NULL,N,NULL,NULL,NULL,NULL,NULL,NULL,0.072,NULL,NULL,NULL,NULL,,NULL,0,0,1,1,N,N,35,NULL,98,9841,NULL,,Y,37.40624,-82.46931,N,NULL,NULL,NULL,NULL,NULL,NULL,NULL,NULL,9,3,1,3,1,5,3,2,7,3,N,NULL,Y,Y,1912,1931,2030,Y,NULL,44,,,N,,N,N,098-CR-1222-0,NULL,NULL,2022,O,7.28E+11,098-CR-1222  -000,HIGH,098-CR-1222  -000,0.072,0,0,0,0,0,0,0,0,0,0,0,1,0,0
3254,72600563,KSP0900,21-79441,20210228,1044,,KY195,,,KY0195,KY0195,0,098 KY-195,KY0195,N,N,NULL,NULL,NULL,N,NULL,NULL,NULL,NULL,NULL,NULL,5.026,NULL,NULL,NULL,NULL,,NULL,0,0,1,1,Y,N,35,NULL,98,9830,NULL,,Y,37.31403,-82.47324,N,NULL,NULL,NULL,NULL,NULL,NULL,NULL,NULL,9,97,2,3,1,1,2,2,7,3,N,NULL,Y,N,1046,1111,,Y,NULL,40,8,0,N,,N,N,098-KY-0195-0,NULL,NULL,2021,O,7.26E+11,098-KY-0195  -000,HIGH,098-KY-0195  -000,5.026,0,0,0,0,0,0,0,0,0,0,0,1,0,0
3255,72484386,KSP0900,20-8048,20200301,2103,,LICK,,FRK,,,0,098 CR-1022,CR1022,N,N,NULL,NULL,NULL,N,NULL,NULL,NULL,NULL,NULL,NULL,0.068,NULL,NULL,NULL,NULL,,NULL,1,0,1,1,N,N,35,NULL,98,9827,NULL,,Y,37.66542,-82.3243,N,NULL,NULL,NULL,NULL,NULL,NULL,NULL,NULL,9,4,1,3,1,5,3,4,7,3,Y,NULL,Y,Y,2103,2122,2103,N,NULL,51,,,Y,,N,N,098-CR-1022-0,NULL,NULL,2020,C,7.25E+11,098-CR-1022  -000,HIGH,098-CR-1022  -000,0.068,0,0,0,0,0,0,0,0,1,0,0,1,0,0
3256,72454306,980100,2.02E+11,20191219,2115,,RIVERFILL,N,DR,,,0,098 CS-1124,CS1124,Y,N,NULL,NULL,NULL,N,NULL,NULL,NULL,NULL,NULL,NULL,0.074,NULL,NULL,NULL,NULL,,NULL,0,0,2,2,Y,N,15,NULL,98,9801,NULL,,Y,37.4789,-82.51606,N,NULL,NULL,NULL,NULL,NULL,NULL,NULL,NULL,8,97,1,6,1,1,2,5,1,3,N,NULL,Y,N,2115,2117,,N,NULL,90,,,N,,N,N,098-CS-1124-0,NULL,NULL,2019,O,7.25E+11,098-CS-1124  -000,HIGH,098-CS-1124  -000,0.074,0,0,0,0,0,0,1,0,0,0,0,0,0,1
3257,72719083,980100,2.02E+11,20220108,1300,,CASSIDY,,BLVD,,,0,098 CS-1191,CS1191,Y,N,NULL,NULL,NULL,N,NULL,NULL,NULL,NULL,NULL,NULL,0.337,NULL,NULL,NULL,NULL,,NULL,0,0,2,2,N,N,,NULL,98,9801,NULL,,Y,37.50516,-82.53756,N,NULL,NULL,NULL,NULL,NULL,NULL,NULL,NULL,2,97,,6,1,2,2,2,1,3,N,NULL,Y,N,1300,1308,,N,NULL,90,,,N,,N,N,098-CS-1191-0,NULL,NULL,2022,O,7.27E+11,098-CS-1191  -000,HIGH,098-CS-1191  -000,0.337,0,0,0,0,0,0,0,0,0,0,0,0,0,1
3258,72735706,KSP0900,22-73164,20220228,605,,US460,,,US0460,US0460,0,098 US-460,US0460,N,N,NULL,NULL,NULL,N,NULL,NULL,NULL,NULL,NULL,NULL,12.221,NULL,NULL,NULL,NULL,,NULL,0,0,1,1,N,N,35,NULL,98,9871,NULL,,Y,37.34747,-82.39314,N,NULL,NULL,NULL,NULL,NULL,NULL,NULL,NULL,9,3,2,6,1,1,2,7,2,3,N,NULL,Y,N,616,746,800,N,NULL,70,,1,N,,N,N,098-US-0460-0,NULL,NULL,2022,O,7.27E+11,098-US-0460  -000,HIGH,098-US-0460  -000,12.221,0,0,0,0,0,0,1,0,0,0,0,0,0,0
3259,72495199,980100,2.02E+11,20200418,1354,,HUFFMAN,,AVE,,,0,098 CS-1123,CS1123,N,N,NULL,NULL,NULL,N,NULL,NULL,NULL,NULL,NULL,NULL,,NULL,NULL,NULL,NULL,NULL,NULL,0,0,1,1,N,N,15,NULL,98,9801,NULL,,Y,37.47839,-82.51975,N,NULL,NULL,NULL,NULL,NULL,NULL,NULL,NULL,9,6,2,6,1,1,3,2,1,3,N,NULL,Y,N,1354,1354,1355,Y,NULL,40,,,N,,N,N,098-CS-1123-0,NULL,NULL,2020,O,7.25E+11,098-CS-1123  -000,HIGH,098-CS-1123  -000,0.181,0,0,0,1,0,0,0,0,0,0,0,1,0,1
3260,72472540,KSP0900,20-04779,20200205,1913,,BIGGS,,BR,,,0,098 CR-1204,CR1204,N,N,NULL,NULL,NULL,N,NULL,NULL,NULL,NULL,NULL,NULL,0.006,NULL,NULL,NULL,NULL,,NULL,0,0,1,1,N,N,45,NULL,98,9801,NULL,,Y,37.3945,-82.43309,N,NULL,NULL,NULL,NULL,NULL,NULL,NULL,NULL,9,3,2,6,1,5,5,6,7,3,N,NULL,Y,N,1915,1933,,Y,NULL,70,,,N,,N,N,098-CR-1204-0,NULL,NULL,2020,O,7.25E+11,098-CR-1204  -000,HIGH,098-CR-1204  -000,0.006,0,0,0,1,0,0,0,0,0,0,0,1,0,0
3261,72576444,980100,2.02E+11,20201217,1726,,HAMBLEY,,BLVD,,,0,098 CS-1222,CS1222,N,Y,DIVISION,,ST,N,NULL,NULL,NULL,NULL,NULL,NULL,0.663,NULL,NULL,NULL,NULL,,NULL,0,0,2,2,N,N,25,NULL,98,9801,NULL,,Y,37.48054,-82.51904,N,NULL,NULL,NULL,NULL,NULL,NULL,NULL,NULL,8,3,2,6,1,5,2,5,1,3,N,NULL,Y,N,1727,1728,1755,N,NULL,19,,,N,,N,N,098-CS-1222-0,NULL,NULL,2020,O,7.26E+11,098-CS-1222  -000,HIGH,098-CS-1222  -000,0.663,0,0,0,1,0,0,0,0,0,0,1,0,0,1