OBJECTID,MasterFile,AgencyORINumber,LocalCode,CollisionDate,CollisionTime,CollisionDayWeekCode,RoadwayName,RoadwayName_Direction_,RoadwayName_RoadwaySuffix_,RoadwayfromReport,CurrentRoadwayNumber,RoadwayNumberCoupletID,RSEUniqueGIS,RoadwayIdentifier,ParkingLotIndicator,IntersectionWith_Indicator_,IntersectionWith_NameRoadway_,IntersectionWith_Direction_,IntersectionWith_RoadwaySuffix_,BetweenStreets_Indicator_,BetweenStreets1_NameRoadway_,BetweenStreet1_Direction_,BetweenStreets1_RoadwaySuffix_,BetweenStreets2_NameRoadway_,BetweenStreets2_Direction_,BetweenStreets2_RoadwaySuffix_,Milepoint,ReportMilepointDeriveNumber,CurrentDerivedMiepointNumber,MilestoMilepoint,FeettoMilepoint,DirectionfromMilepoint_NSEW_,ValidMilepointIndicator,NumberInjured,NumberKilled,ofUnits,ofMotorVehicleUnits,Hit&RunIndicator,OneWayIndicator,SpeedLimitNumber,KilometersIndicator,CountyCode,CityCountyCode,MilesFromCity,DirectionFromCity_NSEW_,InCityLimitsIndicator,Latitude,Longitude,RampIndicator,RampFromIdentifier,RampFromDirCode,RampFromCoupletID,RSEUniqueGISRampFrom,RampToidentifier,RampToDirCode,RampToCoupletID,RSEUniqueGisRampTo,MannerofCollisionCode,LocationFirstEventCode,TotalLanes,RoadwayCharacterCode,RoadwaySurfaceCode,RoadwayConditionCode,WeatherCode,LightConditionCode,LandUseCode,SchoolBusRelatedCode,FirstAidSceneIndicator,CollDescPresentInd,InvestigationCompleteIndicator,PhotosTakenIndicator,TimeNotified,TimeArrived,TimeRoadwayOpened,PropertyDamageIndicator,DiagramPresentIndicator,DirectionalAnalysis,FunctionClassCode,NationalHwySysCode,EnforcementsIndicator,KARSCityCode,SecondaryCollisionIndicator,MedianCrossoverIndicator,RT_UNIQUE,MapIt,TimeLastLeft,YR,KABCO,MFNY,WorkingRID,RT_CONFIDENCE,KTC_RT,KTC_MP,Motorcyclist,Commercial Vehicle,Young Driver,Mature Driver,Pedestrian,Bicyclist,Distracted,Aggressive,Impaired,Unrestrained,Intersection,Roadway Departure,Median Cross-over,City Crash
3262,72713170,980100,2.02E+11,20211220,1944,,CASSIDY,,BLVD,,,0,098 CS-1191,CS1191,Y,N,NULL,NULL,NULL,N,NULL,NULL,NULL,NULL,NULL,NULL,0.348,NULL,NULL,NULL,NULL,,NULL,0,0,2,2,N,N,15,NULL,98,9801,NULL,,Y,37.50522,-82.53785,N,NULL,NULL,NULL,NULL,NULL,NULL,NULL,NULL,2,97,,6,1,1,2,8,1,3,N,NULL,Y,N,1944,1951,1951,N,NULL,90,,,N,,N,N,098-CS-1191-0,NULL,NULL,2021,O,7.27E+11,098-CS-1191  -000,HIGH,098-CS-1191  -000,0.348,0,0,1,0,0,0,1,0,0,0,0,0,0,1
3263,72780624,KSP0900,22-248993,20220701,1700,,US460,,,US0460,US0460,0,098 US-460,US0460,N,N,NULL,NULL,NULL,N,NULL,NULL,NULL,NULL,NULL,NULL,4.893,NULL,NULL,NULL,NULL,,NULL,1,0,2,2,N,N,55,NULL,98,9805,NULL,,Y,37.41225,-82.45026,N,NULL,NULL,NULL,NULL,NULL,NULL,NULL,NULL,5,3,2,6,1,1,2,2,7,3,N,NULL,Y,Y,1700,1700,1730,N,NULL,40,,1,N,,N,N,098-US-0460-0,NULL,NULL,2022,C,7.28E+11,098-US-0460  -000,HIGH,098-US-0460  -000,4.893,0,0,1,0,0,0,1,0,0,0,0,1,0,0
3264,72790617,KSP0900,22-299186,20220803,2216,,KY194,,,KY0194,KY0194,0,098 KY-194,KY0194,N,N,NULL,NULL,NULL,N,NULL,NULL,NULL,NULL,NULL,NULL,68.491,NULL,NULL,NULL,NULL,,NULL,0,0,1,1,N,N,35,NULL,98,9825,NULL,,Y,37.51017,-82.07478,N,NULL,NULL,NULL,NULL,NULL,NULL,NULL,NULL,9,5,2,3,1,6,2,6,7,3,N,NULL,Y,N,2216,2330,2330,N,NULL,51,7,0,N,,N,N,098-KY-0194-0,NULL,NULL,2022,O,7.28E+11,098-KY-0194  -000,HIGH,098-KY-0194  -000,68.491,0,0,1,0,0,0,0,0,0,0,0,1,0,0
3265,72658668,980100,2.02E+11,20210811,1659,,CHLOE,,RD,KY1460,KY1460,0,098 KY-1460,KY1460,N,N,NULL,NULL,NULL,N,NULL,NULL,NULL,NULL,NULL,NULL,5.024,NULL,NULL,NULL,NULL,,NULL,0,0,2,2,N,N,45,NULL,98,9801,NULL,,Y,37.47754,-82.5155,N,NULL,NULL,NULL,NULL,NULL,NULL,NULL,NULL,7,3,2,4,1,1,2,2,7,3,N,NULL,Y,N,1659,1702,1743,N,NULL,54,,0,Y,,N,N,098-KY-1460-0,NULL,NULL,2021,O,7.27E+11,098-KY-1460  -000,HIGH,098-KY-1460  -000,5.024,0,0,0,0,0,0,0,0,1,1,0,1,0,1
3266,72532828,980100,2.02E+11,20200818,1530,,CASSIDY,,BLVD,,,,,,N,N,NULL,NULL,NULL,N,NULL,NULL,NULL,NULL,NULL,NULL,0.266,NULL,NULL,NULL,NULL,,NULL,0,0,2,2,N,N,25,NULL,98,9801,NULL,,Y,37.5047,-82.5362,N,NULL,NULL,NULL,NULL,NULL,NULL,NULL,NULL,1,3,4,6,1,1,2,2,7,3,N,NULL,N,N,1530,1531,1531,N,NULL,55,,,N,,N,N,,NULL,NULL,2020,O,7.25E+11,098-CS-1191  -000,MEDIUM,098-CS-1191  -000,0.266,0,0,0,0,0,0,1,0,0,0,0,0,0,1
3267,72707258,KSP0900,21-501054,20211209,1819,,NURSING HOME,,LN,,,0,098 CR-1705,CR1705,Y,N,NULL,NULL,NULL,N,NULL,NULL,NULL,NULL,NULL,NULL,0.274,NULL,NULL,NULL,NULL,,NULL,0,0,1,1,Y,N,5,NULL,98,9801,NULL,,Y,37.37688,-82.53827,N,NULL,NULL,NULL,NULL,NULL,NULL,NULL,NULL,9,7,1,6,3,1,2,2,7,3,N,NULL,Y,N,1819,1831,1831,N,NULL,90,,,N,,N,N,098-CR-1705-0,NULL,NULL,2021,O,7.27E+11,098-CR-1705  -000,HIGH,098-CR-1705  -000,0.274,0,0,0,0,0,0,0,0,0,0,0,0,0,0
3268,72711092,980100,2.02E+11,20211218,1956,,CASSIDY,,BLVD,,,0,098 CS-1191,CS1191,Y,N,NULL,NULL,NULL,N,NULL,NULL,NULL,NULL,NULL,NULL,0.408,NULL,NULL,NULL,NULL,,NULL,0,0,2,2,N,N,15,NULL,98,9801,NULL,,Y,37.50474,-82.53903,N,NULL,NULL,NULL,NULL,NULL,NULL,NULL,NULL,2,97,,6,1,5,2,5,1,3,N,NULL,Y,N,1957,2007,,N,NULL,90,,,N,,N,N,098-CS-1191-0,NULL,NULL,2021,O,7.27E+11,098-CS-1191  -000,HIGH,098-CS-1191  -000,0.408,0,0,0,0,0,0,0,0,0,0,0,0,0,1
3269,72818948,980100,2.02E+11,20221018,1153,,CHLOE,,RD,KY1460,KY1460,0,098 KY-1460,KY1460,N,N,NULL,NULL,NULL,N,NULL,NULL,NULL,NULL,NULL,NULL,3.859,NULL,NULL,NULL,NULL,,NULL,0,0,1,1,N,N,35,NULL,98,9801,NULL,,Y,37.47717,-82.4953,N,NULL,NULL,NULL,NULL,NULL,NULL,NULL,NULL,9,5,2,3,1,1,2,2,6,3,N,NULL,Y,Y,1154,1158,1305,Y,NULL,44,,0,N,,N,N,098-KY-1460-0,NULL,NULL,2022,O,7.28E+11,098-KY-1460  -000,HIGH,098-KY-1460  -000,3.859,0,0,0,0,0,0,0,0,0,0,0,1,0,1
3270,72803953,KSP0900,22-346513,20220906,1838,,KY194,,,KY0194,KY0194,0,098 KY-194,KY0194,N,N,NULL,NULL,NULL,N,NULL,NULL,NULL,NULL,NULL,NULL,53.382,NULL,NULL,NULL,NULL,,NULL,1,0,1,1,N,N,35,NULL,98,9804,NULL,,Y,37.49913,-82.13694,N,NULL,NULL,NULL,NULL,NULL,NULL,NULL,NULL,9,3,2,6,1,1,2,2,7,3,Y,NULL,Y,Y,1838,1844,1920,N,NULL,44,8,0,N,,N,N,098-KY-0194-0,NULL,NULL,2022,C,7.28E+11,098-KY-0194  -000,HIGH,098-KY-0194  -000,53.382,0,0,0,0,0,0,0,0,0,0,0,1,0,0
3271,72581240,980000,20-12-009,20201221,2213,,US119,,,US0119,US0119,0,098 US-119,US0119,N,N,NULL,NULL,NULL,N,NULL,NULL,NULL,NULL,NULL,NULL,7.003,NULL,NULL,NULL,NULL,,NULL,1,0,1,1,N,N,55,NULL,98,9817,NULL,,Y,37.54848,-82.43582,N,NULL,NULL,NULL,NULL,NULL,NULL,NULL,NULL,9,3,4,2,1,1,3,6,1,3,N,NULL,Y,Y,1918,1929,2026,N,NULL,40,2,1,Y,,N,N,098-US-0119-0,NULL,NULL,2020,C,7.26E+11,098-US-0119  -000,HIGH,098-US-0119  -000,7.003,0,0,0,0,0,0,0,0,1,1,0,1,1,0
3272,72475821,KSP0900,20-5183,20200208,1948,,RUSSELL,E,ST,,,0,098 CS-2009,CS2009,N,N,NULL,NULL,NULL,N,NULL,NULL,NULL,NULL,NULL,NULL,0.001,NULL,NULL,NULL,NULL,,NULL,0,0,2,2,N,N,45,NULL,98,9802,NULL,,Y,37.30398,-82.35129,N,NULL,NULL,NULL,NULL,NULL,NULL,NULL,NULL,4,3,2,6,1,5,3,5,7,3,N,NULL,Y,N,1949,2013,2052,N,NULL,70,,,N,,N,N,098-CS-2009-0,NULL,NULL,2020,O,7.25E+11,098-CS-2009  -000,HIGH,098-CS-2009  -000,0.001,0,0,1,0,0,0,1,0,0,0,0,0,0,0
3273,72819538,980100,2.02E+11,20221021,1618,,US23,,,US0023,US0023,,,,N,N,NULL,NULL,NULL,N,NULL,NULL,NULL,NULL,NULL,NULL,27.403,NULL,NULL,NULL,NULL,,NULL,0,0,2,2,N,N,55,NULL,98,9807,NULL,,Y,37.51095,-82.54919,N,NULL,NULL,NULL,NULL,NULL,NULL,NULL,NULL,5,3,3,6,1,1,2,2,1,3,N,NULL,Y,N,1618,1626,1633,N,NULL,49,,1,N,,N,N,,NULL,NULL,2022,O,7.28E+11,098-US-0023  -010,MEDIUM,098-US-0023  -000,27.403,0,0,1,0,0,0,0,1,0,0,0,0,0,1
3274,72562639,KSP0900,20-770379,20201103,1537,,KY3416,,,KY3416,KY3416,0,098 KY-3416,KY3416,N,N,NULL,NULL,NULL,N,NULL,NULL,NULL,NULL,NULL,NULL,0.86,NULL,NULL,NULL,NULL,,NULL,1,0,1,1,N,N,55,NULL,98,9801,NULL,,Y,37.43958,-82.54199,N,NULL,NULL,NULL,NULL,NULL,NULL,NULL,NULL,9,3,2,6,1,1,2,2,7,3,Y,NULL,Y,Y,1537,1630,1645,N,NULL,40,9,0,N,,N,N,098-KY-3416-0,NULL,NULL,2020,C,7.26E+11,098-KY-3416  -000,HIGH,098-KY-3416  -000,0.86,0,0,0,0,0,0,1,0,0,0,0,1,0,0
3275,72691352,KSP0900,21-449882,20211102,945,,US119,,,US0119,US0119,0,098 US-119,US0119,Y,N,NULL,NULL,NULL,N,NULL,NULL,NULL,NULL,NULL,NULL,24.125,NULL,NULL,NULL,NULL,,NULL,0,0,2,2,N,N,55,NULL,98,9834,NULL,,Y,37.65748,-82.27071,N,NULL,NULL,NULL,NULL,NULL,NULL,NULL,NULL,2,97,4,6,1,5,6,2,7,3,N,NULL,Y,N,945,950,1000,N,NULL,90,2,1,N,,N,N,098-US-0119-0,NULL,NULL,2021,O,7.27E+11,098-US-0119  -000,HIGH,098-US-0119  -000,24.125,0,0,0,0,0,0,1,0,0,0,0,0,0,0
3276,72438213,980100,2.02E+11,20191118,1225,,KY3496,,,KY3496,KY3496,,,,N,N,NULL,NULL,NULL,N,NULL,NULL,NULL,NULL,NULL,NULL,0.148,NULL,NULL,NULL,NULL,,NULL,0,0,2,2,N,N,35,NULL,98,9801,NULL,,Y,37.46624,-82.53032,N,NULL,NULL,NULL,NULL,NULL,NULL,NULL,NULL,1,3,2,3,1,1,2,2,1,3,N,NULL,Y,N,1226,1231,,N,NULL,55,16,0,N,,N,N,,NULL,NULL,2019,O,7.24E+11,098-KY-3496  -000,HIGH,098-KY-3496  -000,0.148,0,0,0,1,0,0,1,0,0,0,0,0,0,1
3277,72569180,KSP0900,20-788156,20201115,627,,FERRELLS CREEK,,RD,US0460,US0460,0,098 US-460,US0460,N,N,NULL,NULL,NULL,N,NULL,NULL,NULL,NULL,NULL,NULL,16.725,NULL,NULL,NULL,NULL,,NULL,0,0,1,1,N,N,55,NULL,98,9876,NULL,,Y,37.35528,-82.33551,N,NULL,NULL,NULL,NULL,NULL,NULL,NULL,NULL,9,3,2,1,1,1,2,6,7,3,N,NULL,Y,Y,629,700,700,N,NULL,38,,1,N,,N,N,098-US-0460-0,NULL,NULL,2020,O,7.26E+11,098-US-0460  -000,HIGH,098-US-0460  -000,16.725,0,0,0,0,0,0,0,0,0,0,0,0,0,0
3278,72759224,KSP0900,22-168801,20220507,1830,,KY194,,,KY0194,KY0194,0,098 KY-194,KY0194,N,N,NULL,NULL,NULL,N,NULL,NULL,NULL,NULL,NULL,NULL,19.285,NULL,NULL,NULL,NULL,,NULL,0,0,1,1,N,N,55,NULL,98,9817,NULL,,Y,37.55256,-82.41413,N,NULL,NULL,NULL,NULL,NULL,NULL,NULL,NULL,9,3,2,3,1,5,6,2,7,3,N,NULL,N,N,1830,1830,1830,N,NULL,44,6,0,N,,N,N,098-KY-0194-0,NULL,NULL,2022,O,7.28E+11,098-KY-0194  -000,HIGH,098-KY-0194  -000,19.285,0,0,0,0,0,0,0,1,0,0,0,1,0,0
3279,72800904,980100,2.02E+11,20220903,1224,,THOMPSON,,RD,,,,,,Y,N,NULL,NULL,NULL,N,NULL,NULL,NULL,NULL,NULL,NULL,0.544,NULL,NULL,NULL,NULL,,NULL,0,0,2,2,N,N,,NULL,98,9801,NULL,,Y,37.50582,-82.54292,N,NULL,NULL,NULL,NULL,NULL,NULL,NULL,NULL,7,97,,6,1,1,2,2,1,3,N,NULL,Y,N,1224,1233,1246,N,NULL,90,,,N,,N,N,,NULL,NULL,2022,O,7.28E+11,098-CS-1215  -000,MEDIUM,098-CS-1215  -000,0.544,0,0,0,1,0,0,0,0,0,0,0,0,0,1
3280,72672675,KSP0900,21-339267,20210814,2353,,LICK FORK,,RD,,,0,098 CR-1946,CR1946,N,N,NULL,NULL,NULL,N,NULL,NULL,NULL,NULL,NULL,NULL,1.7,NULL,NULL,NULL,NULL,,NULL,2,0,1,1,N,N,35,NULL,98,9809,NULL,,Y,37.24853,-82.60585,N,NULL,NULL,NULL,NULL,NULL,NULL,NULL,NULL,9,3,1,3,1,5,6,6,7,3,N,NULL,Y,Y,2357,50,,N,NULL,70,,,N,,N,N,098-CR-1946-0,NULL,NULL,2021,A,7.27E+11,098-CR-1946  -000,HIGH,098-CR-1946  -000,1.7,0,0,0,0,0,0,0,1,1,0,0,1,0,0
3281,72725086,980100,2.02E+11,20220128,1518,,BAIRD,,AVE,KY1426,KY1426,,,,N,N,NULL,NULL,NULL,N,NULL,NULL,NULL,NULL,NULL,NULL,5.415,NULL,NULL,NULL,NULL,,NULL,1,0,1,1,N,N,25,NULL,98,9801,NULL,,Y,37.47299,-82.52704,N,NULL,NULL,NULL,NULL,NULL,NULL,NULL,NULL,9,97,4,6,1,5,9,2,1,3,Y,NULL,Y,Y,1518,1520,1520,N,NULL,40,,0,Y,,N,N,,NULL,NULL,2022,C,7.27E+11,098-KY-1426  -000,HIGH,098-KY-1426  -000,5.415,0,0,0,1,0,0,1,0,1,0,0,1,0,1
3282,72465397,KSP0900,20-120,20200101,2045,,COLEMAN,,RD,,,0,098 CR-1581,CR1581,N,N,NULL,NULL,NULL,N,NULL,NULL,NULL,NULL,NULL,NULL,0.057,NULL,NULL,NULL,NULL,,NULL,0,0,2,1,Y,N,45,NULL,98,9802,NULL,,Y,37.49601,-82.33482,N,NULL,NULL,NULL,NULL,NULL,NULL,NULL,NULL,9,3,2,6,1,1,2,4,7,3,N,NULL,N,N,2045,2125,,N,NULL,36,,,N,,N,N,098-CR-1581-0,NULL,NULL,2020,O,7.25E+11,098-CR-1581  -000,HIGH,098-CR-1581  -000,0.057,0,0,0,0,1,0,1,0,0,0,0,0,0,0
3283,72802900,KSP0900,22-347467,20220907,1330,,KY1056,,,KY1056,KY1056,0,098 KY-1056,KY1056,Y,N,NULL,NULL,NULL,N,NULL,NULL,NULL,NULL,NULL,NULL,11.321,NULL,NULL,NULL,NULL,,NULL,0,0,2,2,N,N,35,NULL,98,9863,NULL,,Y,37.61983,-82.16694,N,NULL,NULL,NULL,NULL,NULL,NULL,NULL,NULL,1,97,2,6,1,1,3,2,5,3,N,NULL,Y,N,1330,1400,1330,N,NULL,90,7,0,N,,N,N,098-KY-1056-0,NULL,NULL,2022,O,7.28E+11,098-KY-1056  -000,HIGH,098-KY-1056  -000,11.321,0,0,0,1,0,0,1,0,0,0,0,0,0,0
3284,72683736,KSP0900,21-380316,20210912,2141,,RED CREEK,,RD,,,0,098 CR-1263,CR1263,N,N,NULL,NULL,NULL,N,NULL,NULL,NULL,NULL,NULL,NULL,0.571,NULL,NULL,NULL,NULL,,NULL,0,0,2,2,Y,N,35,NULL,98,9801,NULL,,Y,37.43521,-82.47068,N,NULL,NULL,NULL,NULL,NULL,NULL,NULL,NULL,7,3,1,6,1,1,3,6,7,3,N,NULL,Y,N,2143,2148,,N,NULL,54,,,N,,N,N,098-CR-1263-0,NULL,NULL,2021,O,7.27E+11,098-CR-1263  -000,HIGH,098-CR-1263  -000,0.571,0,0,0,0,0,0,0,0,0,0,0,1,0,0
3285,72757917,KSP0900,22-164944,20220505,730,,BIG CREEK,E,RD,KY3220,KY3220,0,098 KY-3220,KY3220,N,N,NULL,NULL,NULL,N,NULL,NULL,NULL,NULL,NULL,NULL,1.144,NULL,NULL,NULL,NULL,,NULL,0,0,1,1,N,N,35,NULL,98,9833,NULL,,Y,37.61765,-82.35098,N,NULL,NULL,NULL,NULL,NULL,NULL,NULL,NULL,9,3,2,3,1,1,3,2,7,3,N,NULL,Y,N,734,810,915,N,NULL,40,8,0,N,,N,N,098-KY-3220-0,NULL,NULL,2022,O,7.28E+11,098-KY-3220  -000,HIGH,098-KY-3220  -000,1.144,0,0,0,1,0,0,0,0,0,0,0,1,0,0
3286,72594961,980100,2.02E+11,20210209,47,,HAMBLEY,,BLVD,,,,,,N,N,NULL,NULL,NULL,N,NULL,NULL,NULL,NULL,NULL,NULL,,NULL,NULL,NULL,NULL,NULL,NULL,0,0,1,1,N,N,35,NULL,98,9801,NULL,,Y,37.47563,-82.52454,N,NULL,NULL,NULL,NULL,NULL,NULL,NULL,NULL,9,97,2,6,1,1,2,5,1,3,N,NULL,Y,N,48,50,128,Y,NULL,40,,,Y,,N,N,,NULL,NULL,2021,O,7.26E+11,098-CS-1153  -000,MEDIUM,098-CS-1153  -000,0.191,0,0,0,0,0,0,0,0,1,0,0,1,0,1
3287,72618693,KSP0900,21-168894,20210427,2000,,KY194,,,KY0194,KY0194,0,098 KY-194,KY0194,N,N,NULL,NULL,NULL,N,NULL,NULL,NULL,NULL,NULL,NULL,24.668,NULL,NULL,NULL,NULL,,NULL,0,0,1,1,N,N,55,NULL,98,9817,NULL,,Y,37.52055,-82.36422,N,NULL,NULL,NULL,NULL,NULL,NULL,NULL,NULL,9,5,2,3,1,1,2,2,7,3,N,NULL,Y,N,2000,2000,2030,N,NULL,51,6,0,N,,N,N,098-KY-0194-0,NULL,NULL,2021,O,7.26E+11,098-KY-0194  -000,HIGH,098-KY-0194  -000,24.668,0,0,0,0,0,0,0,0,0,0,0,1,0,0
3288,72628620,980100,2.02E+11,20210525,1531,,HAROLDS BRANCH,,RD,,,0,098 CS-1223,CS1223,Y,N,NULL,NULL,NULL,N,NULL,NULL,NULL,NULL,NULL,NULL,0.026,NULL,NULL,NULL,NULL,,NULL,0,0,2,2,N,N,15,NULL,98,9801,NULL,,Y,37.47246,-82.52285,N,NULL,NULL,NULL,NULL,NULL,NULL,NULL,NULL,6,97,,6,1,1,2,2,5,3,N,NULL,N,N,1531,1537,1537,N,NULL,90,,,N,,N,N,098-CS-1223-0,NULL,NULL,2021,O,7.26E+11,098-CS-1223  -000,HIGH,098-CS-1223  -000,0.026,0,0,0,1,0,0,1,0,0,0,0,0,0,1
3289,72502270,KSP0900,20-17890,20200513,1832,,US119,,,US0119,US0119,0,098 US-119-10,US0119,N,N,NULL,NULL,NULL,N,NULL,NULL,NULL,NULL,NULL,NULL,23.208,NULL,NULL,NULL,NULL,,NULL,0,0,1,1,N,N,55,NULL,98,9834,NULL,,Y,37.64442,-82.26694,N,NULL,NULL,NULL,NULL,NULL,NULL,NULL,NULL,9,5,2,3,1,1,3,2,7,3,N,NULL,N,N,1832,1842,1842,N,NULL,51,2,1,N,,N,N,098-US-0119-10,NULL,NULL,2020,O,7.25E+11,098-US-0119  -010,HIGH,098-US-0119  -000,23.208,0,0,0,0,0,0,1,0,0,1,0,1,0,0
3290,72606835,980100,2.02E+11,20210323,1544,,US23,,,US0023,US0023,,,,N,N,NULL,NULL,NULL,N,NULL,NULL,NULL,NULL,NULL,NULL,21.015,NULL,NULL,NULL,NULL,,NULL,0,0,2,2,N,N,55,NULL,98,9801,NULL,,Y,37.44522,-82.5256,N,NULL,NULL,NULL,NULL,NULL,NULL,NULL,NULL,8,3,4,6,1,1,2,2,1,3,N,NULL,Y,N,1544,1602,1602,N,NULL,53,,1,N,,N,N,,NULL,NULL,2021,O,7.26E+11,098-US-0023  -000,MEDIUM,098-US-0023  -000,21.015,0,0,1,0,0,0,1,0,0,0,0,1,0,1
3291,72770388,980100,2.02E+11,20220604,1633,,BAIRD,,AVE,KY1426,KY1426,0,098 KY-1426,KY1426,Y,N,NULL,NULL,NULL,N,NULL,NULL,NULL,NULL,NULL,NULL,5.404,NULL,NULL,NULL,NULL,,NULL,0,0,2,2,N,N,,NULL,98,9801,NULL,,Y,37.47314,-82.52708,N,NULL,NULL,NULL,NULL,NULL,NULL,NULL,NULL,2,97,0,6,1,5,6,2,1,3,N,NULL,Y,N,1633,1639,,N,NULL,90,,0,N,,N,N,098-KY-1426-0,NULL,NULL,2022,O,7.28E+11,098-KY-1426  -000,HIGH,098-KY-1426  -000,5.404,0,0,0,0,0,0,0,0,0,0,0,0,0,1
3292,72500601,980100,2.02E+11,20200511,1535,,MAYO TRAIL,S,CIR,,,0,098 CS-1050,CS1050,Y,N,NULL,NULL,NULL,N,NULL,NULL,NULL,NULL,NULL,NULL,,NULL,NULL,NULL,NULL,NULL,NULL,0,0,2,2,N,N,,NULL,98,9801,NULL,,Y,37.47251,-82.5295,N,NULL,NULL,NULL,NULL,NULL,NULL,NULL,NULL,2,97,1,6,1,1,2,2,1,3,N,NULL,Y,N,1535,1535,1535,N,NULL,90,,,N,,N,N,098-CS-1050-0,NULL,NULL,2020,O,7.25E+11,098-CS-1050  -000,HIGH,098-CS-1050  -000,0.104,0,0,0,0,0,0,0,0,0,0,0,0,0,0
3293,72518063,980100,2.02E+11,20200704,2243,,BYPASS,S,RD,KY1426,KY1426,,,,N,N,NULL,NULL,NULL,N,NULL,NULL,NULL,NULL,NULL,NULL,5.892,NULL,NULL,NULL,NULL,,NULL,0,0,3,3,N,N,45,NULL,98,9801,NULL,,Y,37.47436,-82.51974,N,NULL,NULL,NULL,NULL,NULL,NULL,NULL,NULL,5,3,2,6,1,1,3,5,7,3,N,NULL,Y,N,2243,2247,2314,N,NULL,70,,0,N,,N,N,,NULL,NULL,2020,O,7.25E+11,098-KY-1426  -000,HIGH,098-KY-1426  -000,5.892,0,0,1,0,0,0,1,0,0,0,0,0,0,1
3294,72708332,980100,2.02E+11,20211203,50,,HAMBLEY,,BLVD,,,0,098 CS-1222,CS1222,N,N,NULL,NULL,NULL,N,NULL,NULL,NULL,NULL,NULL,NULL,0.168,NULL,NULL,NULL,NULL,,NULL,1,0,3,3,N,N,25,NULL,98,9801,NULL,,Y,37.47491,-82.52447,N,NULL,NULL,NULL,NULL,NULL,NULL,NULL,NULL,5,3,2,6,1,1,2,4,1,3,Y,NULL,Y,Y,50,54,,N,NULL,47,,,Y,,N,N,098-CS-1222-0,NULL,NULL,2021,C,7.27E+11,098-CS-1222  -000,HIGH,098-CS-1222  -000,0.168,0,0,0,0,0,0,0,0,0,0,0,0,0,1
3295,72645589,980100,2.02E+11,20210709,2113,,KY3496,,,KY3496,KY3496,,,,Y,N,NULL,NULL,NULL,N,NULL,NULL,NULL,NULL,NULL,NULL,0.815,NULL,NULL,NULL,NULL,,NULL,0,0,2,2,N,N,,NULL,98,9801,NULL,,Y,37.47205,-82.52924,N,NULL,NULL,NULL,NULL,NULL,NULL,NULL,NULL,2,97,0,6,1,1,2,5,1,3,N,NULL,Y,N,2113,2114,,N,NULL,90,16,0,N,,N,N,,NULL,NULL,2021,O,7.26E+11,098-KY-3496  -000,HIGH,098-KY-3496  -000,0.815,0,0,0,0,0,0,1,0,0,0,0,0,0,1
3296,72457306,KSP0900,19-50178,20191225,1128,,KY122,,,KY0122,KY0122,0,098 KY-122,KY0122,N,N,NULL,NULL,NULL,N,NULL,NULL,NULL,NULL,NULL,NULL,2.821,NULL,NULL,NULL,NULL,,NULL,0,0,1,1,N,N,45,NULL,98,9827,NULL,,Y,37.33868,-82.6255,N,NULL,NULL,NULL,NULL,NULL,NULL,NULL,NULL,9,5,2,6,1,1,2,2,7,3,N,NULL,Y,N,1128,1207,1220,N,NULL,40,,0,N,,N,N,098-KY-0122-0,NULL,NULL,2019,O,7.25E+11,098-KY-0122  -000,HIGH,098-KY-0122  -000,2.821,0,0,0,0,0,0,0,0,0,0,0,1,0,0
3297,72746034,980100,2.02E+11,20220331,1939,,CEMETERY,,RD,,,,,,N,N,NULL,NULL,NULL,N,NULL,NULL,NULL,NULL,NULL,NULL,0.145,NULL,NULL,NULL,NULL,,NULL,0,0,2,2,N,Y,25,NULL,98,9801,NULL,,Y,37.48031,-82.52086,N,NULL,NULL,NULL,NULL,NULL,NULL,NULL,NULL,2,3,1,6,1,1,2,2,8,3,N,NULL,Y,N,1939,1950,,N,NULL,56,,,N,,N,N,,NULL,NULL,2022,O,7.27E+11,098-CS-1167  -000,MEDIUM,098-CS-1167  -000,0.145,0,0,1,0,0,0,1,1,0,0,0,0,0,1
3298,72826546,KSP0900,22-424341,20221104,1313,,US460,,,US0460,US0460,0,098 US-460,US0460,N,N,NULL,NULL,NULL,N,NULL,NULL,NULL,NULL,NULL,NULL,0.605,NULL,NULL,NULL,NULL,,NULL,1,0,3,3,N,N,45,NULL,98,9824,NULL,,Y,37.43496,-82.50844,N,NULL,NULL,NULL,NULL,NULL,NULL,NULL,NULL,7,3,2,6,1,1,2,2,7,3,Y,NULL,N,Y,1313,1318,1415,N,NULL,54,,1,N,,N,N,098-US-0460-0,NULL,NULL,2022,C,7.28E+11,098-US-0460  -000,HIGH,098-US-0460  -000,0.605,0,0,0,0,0,0,1,0,0,0,0,1,0,0
3299,72582939,KSP0900,21-7348,20210106,1158,,POWELLS,,CRK,,,0,098 CR-1208,CR1208,N,N,NULL,NULL,NULL,N,NULL,NULL,NULL,NULL,NULL,NULL,0.207,NULL,NULL,NULL,NULL,,NULL,0,0,1,1,N,N,25,NULL,98,9824,NULL,,Y,37.40032,-82.42941,N,NULL,NULL,NULL,NULL,NULL,NULL,NULL,NULL,9,3,2,3,1,1,2,2,7,3,N,NULL,Y,N,1158,1217,1300,Y,NULL,40,,,N,,N,N,098-CR-1208-0,NULL,NULL,2021,O,7.26E+11,098-CR-1208  -000,MEDIUM,098-CR-1208  -000,0.207,0,0,0,0,0,0,1,0,0,0,0,1,0,0