OBJECTID,MasterFile,AgencyORINumber,LocalCode,CollisionDate,CollisionTime,CollisionDayWeekCode,RoadwayName,RoadwayName_Direction_,RoadwayName_RoadwaySuffix_,RoadwayfromReport,CurrentRoadwayNumber,RoadwayNumberCoupletID,RSEUniqueGIS,RoadwayIdentifier,ParkingLotIndicator,IntersectionWith_Indicator_,IntersectionWith_NameRoadway_,IntersectionWith_Direction_,IntersectionWith_RoadwaySuffix_,BetweenStreets_Indicator_,BetweenStreets1_NameRoadway_,BetweenStreet1_Direction_,BetweenStreets1_RoadwaySuffix_,BetweenStreets2_NameRoadway_,BetweenStreets2_Direction_,BetweenStreets2_RoadwaySuffix_,Milepoint,ReportMilepointDeriveNumber,CurrentDerivedMiepointNumber,MilestoMilepoint,FeettoMilepoint,DirectionfromMilepoint_NSEW_,ValidMilepointIndicator,NumberInjured,NumberKilled,ofUnits,ofMotorVehicleUnits,Hit&RunIndicator,OneWayIndicator,SpeedLimitNumber,KilometersIndicator,CountyCode,CityCountyCode,MilesFromCity,DirectionFromCity_NSEW_,InCityLimitsIndicator,Latitude,Longitude,RampIndicator,RampFromIdentifier,RampFromDirCode,RampFromCoupletID,RSEUniqueGISRampFrom,RampToidentifier,RampToDirCode,RampToCoupletID,RSEUniqueGisRampTo,MannerofCollisionCode,LocationFirstEventCode,TotalLanes,RoadwayCharacterCode,RoadwaySurfaceCode,RoadwayConditionCode,WeatherCode,LightConditionCode,LandUseCode,SchoolBusRelatedCode,FirstAidSceneIndicator,CollDescPresentInd,InvestigationCompleteIndicator,PhotosTakenIndicator,TimeNotified,TimeArrived,TimeRoadwayOpened,PropertyDamageIndicator,DiagramPresentIndicator,DirectionalAnalysis,FunctionClassCode,NationalHwySysCode,EnforcementsIndicator,KARSCityCode,SecondaryCollisionIndicator,MedianCrossoverIndicator,RT_UNIQUE,MapIt,TimeLastLeft,YR,KABCO,MFNY,WorkingRID,RT_CONFIDENCE,KTC_RT,KTC_MP,Motorcyclist,Commercial Vehicle,Young Driver,Mature Driver,Pedestrian,Bicyclist,Distracted,Aggressive,Impaired,Unrestrained,Intersection,Roadway Departure,Median Cross-over,City Crash
3300,72705491,980100,2.02E+11,20211130,1823,,US460,,,US0460,US0460,,,,Y,N,NULL,NULL,NULL,N,NULL,NULL,NULL,NULL,NULL,NULL,0.202,NULL,NULL,NULL,NULL,,NULL,0,0,2,2,N,N,,NULL,98,9801,NULL,,Y,37.43958,-82.5092,N,NULL,NULL,NULL,NULL,NULL,NULL,NULL,NULL,5,97,,6,1,1,2,8,1,3,N,NULL,Y,N,1823,1833,1833,N,NULL,90,,1,N,,N,N,,NULL,NULL,2021,O,7.27E+11,098-US-0460  -000,HIGH,098-US-0460  -000,0.202,0,0,0,0,0,0,1,0,0,0,0,0,0,1
3301,72607254,KSP0900,21-120854,20210326,2356,,US460,,,US0460,US0460,0,098 US-460,US0460,N,N,NULL,NULL,NULL,N,NULL,NULL,NULL,NULL,NULL,NULL,2.178,NULL,NULL,NULL,NULL,,NULL,0,0,1,1,Y,N,55,NULL,98,9801,NULL,,Y,37.43381,-82.4893,N,NULL,NULL,NULL,NULL,NULL,NULL,NULL,NULL,9,3,2,3,1,1,2,6,7,3,N,NULL,Y,N,2358,5,,N,NULL,40,,1,Y,,N,N,098-US-0460-0,NULL,NULL,2021,O,7.26E+11,098-US-0460  -000,HIGH,098-US-0460  -000,2.178,0,0,0,0,0,0,0,0,1,0,0,1,0,0
3302,72778078,980000,22-06-003,20220615,1420,,GREASY,,CRK,KY3226,KY3226,0,098 KY-3226,KY3226,N,N,NULL,NULL,NULL,N,NULL,NULL,NULL,NULL,NULL,NULL,0.891,NULL,NULL,NULL,NULL,,NULL,2,0,2,2,N,N,35,NULL,98,9801,15,E,N,37.39071,-82.47112,N,NULL,NULL,NULL,NULL,NULL,NULL,NULL,NULL,3,3,2,3,1,1,2,2,7,3,Y,NULL,Y,Y,1428,1442,1552,N,NULL,52,8,0,N,,N,N,098-KY-3226-0,NULL,NULL,2022,B,7.28E+11,098-KY-3226  -000,HIGH,098-KY-3226  -000,0.891,0,0,1,0,0,0,1,0,0,1,0,1,0,0
3303,72464970,980100,2.02E+11,20200117,2115,,HUFFMAN,,AVE,,,,,,Y,N,NULL,NULL,NULL,N,NULL,NULL,NULL,NULL,NULL,NULL,0.18,NULL,NULL,NULL,NULL,,NULL,0,0,2,2,N,Y,,NULL,98,9801,NULL,,Y,37.47844,-82.5197,N,NULL,NULL,NULL,NULL,NULL,NULL,NULL,NULL,8,97,1,6,2,1,2,5,1,3,N,NULL,Y,N,2115,2116,,N,NULL,90,,,N,,N,N,,NULL,NULL,2020,O,7.25E+11,098-CS-1123  -000,MEDIUM,098-CS-1123  -000,0.18,0,0,0,0,0,0,1,0,0,0,0,0,0,1
3304,72476154,KSP0900,20-5590,20200211,2254,,US119,,,US0119,US0119,0,098 US-119-10,US0119,N,N,NULL,NULL,NULL,N,NULL,NULL,NULL,NULL,NULL,NULL,1.385,NULL,NULL,NULL,NULL,,NULL,1,0,1,1,N,N,55,NULL,98,9801,NULL,,Y,37.51122,-82.50962,N,NULL,NULL,NULL,NULL,NULL,NULL,NULL,NULL,9,2,4,1,1,5,10,7,7,3,N,NULL,Y,Y,2256,2306,2358,N,NULL,70,2,1,N,,N,Y,098-US-0119-10,NULL,NULL,2020,B,7.25E+11,098-US-0119  -010,HIGH,098-US-0119  -000,1.385,0,0,1,0,0,0,1,0,0,0,0,1,0,1
3305,72571957,980100,2.02E+11,20201201,1133,,KY3417,,,KY3417,KY3417,,,,N,N,NULL,NULL,NULL,N,NULL,NULL,NULL,NULL,NULL,NULL,0.565,NULL,NULL,NULL,NULL,,NULL,0,0,1,1,N,N,35,NULL,98,9801,NULL,,Y,37.4695,-82.55748,N,NULL,NULL,NULL,NULL,NULL,NULL,NULL,NULL,9,4,2,4,1,2,3,2,1,3,N,NULL,Y,N,1134,1138,1228,Y,NULL,51,17,0,N,,N,N,,NULL,NULL,2020,O,7.26E+11,098-KY-3417  -000,HIGH,098-KY-3417  -000,0.565,0,0,0,0,0,0,0,0,0,0,0,1,0,1
3306,72515501,980100,2.02E+11,20200627,1655,,JUSTICE,,WAY,,,,,,Y,N,NULL,NULL,NULL,N,NULL,NULL,NULL,NULL,NULL,NULL,,NULL,NULL,NULL,NULL,,NULL,0,0,2,2,N,N,15,NULL,98,9801,NULL,,Y,37.50619,-82.54095,N,NULL,NULL,NULL,NULL,NULL,NULL,NULL,NULL,1,97,,6,1,1,3,2,1,3,N,NULL,Y,N,1655,1705,,N,NULL,90,,,N,,N,N,,NULL,NULL,2020,O,7.25E+11,098-CS-1215  -000,MEDIUM,098-CS-1215  -000,0.639,0,0,0,1,0,0,1,0,0,0,0,0,0,1
3307,72756655,KSP0900,22-159090,20220501,345,,,,,US0119,US0119,,,,N,N,NULL,NULL,NULL,Y,US119 RAMP TO KY194,,,,,,0.851,NULL,NULL,NULL,NULL,NULL,NULL,1,0,1,1,N,N,55,NULL,98,9820,0.3,S,N,37.55844,-82.43028,N,NULL,NULL,NULL,NULL,NULL,NULL,NULL,NULL,9,3,2,1,1,1,2,6,7,3,Y,NULL,Y,Y,345,406,406,N,NULL,44,2,1,N,,N,N,,NULL,NULL,2022,C,7.28E+11,098-US-0119  -211,MEDIUM,098-US-0119  -211,0.851,0,0,0,0,0,0,0,0,0,0,0,1,0,0
3308,72603371,KSP0900,21-102926,20210315,1000,,DAVIS,,BR,,,0,098 CR-1546,CR1546,N,N,NULL,NULL,NULL,N,NULL,NULL,NULL,NULL,NULL,NULL,0.59,NULL,NULL,NULL,NULL,,NULL,0,0,1,1,N,N,10,NULL,98,9819,NULL,,Y,37.58035,-82.28303,N,NULL,NULL,NULL,NULL,NULL,NULL,NULL,NULL,9,97,1,4,3,1,3,2,5,3,N,NULL,Y,N,1000,1020,1030,N,NULL,44,,,N,,N,N,098-CR-1546-0,NULL,NULL,2021,O,7.26E+11,098-CR-1546  -000,HIGH,098-CR-1546  -000,0.59,0,0,0,1,0,0,1,0,0,1,0,1,0,0
3309,72662221,980100,2.02E+11,20210823,927,,HAMBLEY,,BLVD,,,0,098 CS-1222,CS1222,Y,N,NULL,NULL,NULL,N,NULL,NULL,NULL,NULL,NULL,NULL,0.468,NULL,NULL,NULL,NULL,,NULL,0,0,2,2,N,N,,NULL,98,9801,NULL,,Y,37.47805,-82.52071,N,NULL,NULL,NULL,NULL,NULL,NULL,NULL,NULL,1,97,1,6,1,1,2,2,7,3,N,NULL,Y,N,927,930,930,N,NULL,90,,,N,,N,N,098-CS-1222-0,NULL,NULL,2021,O,7.27E+11,098-CS-1222  -000,HIGH,098-CS-1222  -000,0.468,0,0,1,0,0,0,1,0,0,0,0,0,0,1
3310,72749399,980100,2.02E+11,20220404,1728,,US23,,,US0023,US0023,0,098 US-23,US0023,N,N,NULL,NULL,NULL,N,NULL,NULL,NULL,NULL,NULL,NULL,23.055,NULL,NULL,NULL,NULL,,NULL,1,0,2,2,N,N,55,NULL,98,9801,NULL,,Y,37.466,-82.52823,N,NULL,NULL,NULL,NULL,NULL,NULL,NULL,NULL,5,3,4,6,1,1,3,2,1,3,N,NULL,Y,Y,1728,1729,1729,N,NULL,49,,1,Y,,N,N,098-US-0023-0,NULL,NULL,2022,B,7.27E+11,098-US-0023  -000,HIGH,098-US-0023  -000,23.055,0,0,0,0,0,0,1,0,0,0,0,0,0,1
3311,72549739,KSP0900,20-729198,20201006,710,,FISHTRAP,,RD,KY1441,KY1441,0,098 KY-1441,KY1441,N,N,NULL,NULL,NULL,N,NULL,NULL,NULL,NULL,NULL,NULL,9.345,NULL,NULL,NULL,NULL,,NULL,0,0,2,2,N,N,45,NULL,98,9850,NULL,,Y,37.50711,-82.45004,N,NULL,NULL,NULL,NULL,NULL,NULL,NULL,NULL,5,3,2,6,1,1,10,6,7,3,N,NULL,Y,N,710,715,759,N,NULL,70,8,0,N,,N,N,098-KY-1441-0,NULL,NULL,2020,O,7.25E+11,098-KY-1441  -000,HIGH,098-KY-1441  -000,9.345,0,0,1,0,0,0,1,1,0,0,0,0,0,0
3312,72791350,980100,2.02E+11,20220807,1459,,US23,,,US0023,US0023,0,098 US-23,US0023,N,N,NULL,NULL,NULL,N,NULL,NULL,NULL,NULL,NULL,NULL,26.281,NULL,NULL,NULL,NULL,,NULL,0,0,2,2,N,N,55,NULL,98,9801,NULL,,Y,37.50363,-82.53212,N,NULL,NULL,NULL,NULL,NULL,NULL,NULL,NULL,5,3,4,6,1,1,3,2,7,3,N,NULL,Y,N,1500,1507,1507,N,NULL,70,,1,N,,N,N,098-US-0023-0,NULL,NULL,2022,O,7.28E+11,098-US-0023  -000,HIGH,098-US-0023  -000,26.281,0,0,0,1,0,0,0,1,0,0,0,0,0,1
3313,72593739,KSP0900,21-49118,20210206,1404,,BIG CREEK,,RD,KY0468,KY0468,0,098 KY-468,KY0468,Y,N,NULL,NULL,NULL,N,NULL,NULL,NULL,NULL,NULL,NULL,3.67,NULL,NULL,NULL,NULL,,NULL,0,0,2,2,N,N,55,NULL,98,9833,NULL,,Y,37.65917,-82.37553,N,NULL,NULL,NULL,NULL,NULL,NULL,NULL,NULL,2,97,2,6,1,1,2,2,5,3,N,NULL,Y,N,1404,1517,1517,N,NULL,90,8,0,N,,N,N,098-KY-0468-0,NULL,NULL,2021,O,7.26E+11,098-KY-0468  -000,HIGH,098-KY-0468  -000,3.67,0,0,0,0,0,0,1,0,0,0,0,0,0,0
3314,72668365,980100,2.02E+11,20210830,1807,,MAYO,N,TRL,,,,,,Y,N,NULL,NULL,NULL,N,NULL,NULL,NULL,NULL,NULL,NULL,,NULL,NULL,NULL,NULL,NULL,NULL,0,0,2,2,N,N,15,NULL,98,9801,NULL,,Y,37.48692,-82.54269,N,NULL,NULL,NULL,NULL,NULL,NULL,NULL,NULL,1,97,2,6,1,1,3,2,8,3,N,NULL,N,N,1807,1812,,N,NULL,90,,,N,,N,N,,NULL,NULL,2021,O,7.27E+11,098-PR-1190  -000,MEDIUM,098-PR-1190  -000,0.136,0,0,0,1,0,0,1,0,0,0,0,0,0,1
3315,72788988,KSP0900,22-281641,20220724,1201,,VENTERS,,LN,,,0,098 CR-1415,CR1415,N,N,NULL,NULL,NULL,N,NULL,NULL,NULL,NULL,NULL,NULL,0.466,NULL,NULL,NULL,NULL,,NULL,0,0,3,3,N,N,15,NULL,98,9801,NULL,,Y,37.54281,-82.59626,N,NULL,NULL,NULL,NULL,NULL,NULL,NULL,NULL,3,3,2,6,3,1,2,2,7,3,N,NULL,Y,N,1202,1210,1210,N,NULL,52,,,N,,N,N,098-CR-1415-0,NULL,NULL,2022,O,7.28E+11,098-CR-1415  -000,MEDIUM,098-CR-1415  -000,0.466,0,0,0,1,0,0,0,0,0,0,0,1,0,0
3316,72800172,KSP0900,22-328966,20220825,1249,,ABNER MOUNTAIN,,RD,KY0122,KY0122,0,098 KY-122,KY0122,N,N,NULL,NULL,NULL,N,NULL,NULL,NULL,NULL,NULL,NULL,0.107,NULL,NULL,NULL,NULL,,NULL,0,0,1,1,N,N,55,NULL,98,9827,NULL,,Y,37.34934,-82.65353,N,NULL,NULL,NULL,NULL,NULL,NULL,NULL,NULL,9,3,2,1,1,1,2,2,7,3,N,NULL,Y,N,1249,1309,1335,N,NULL,70,,0,N,,N,N,098-KY-0122-0,NULL,NULL,2022,O,7.28E+11,098-KY-0122  -000,HIGH,098-KY-0122  -000,0.107,0,0,0,0,0,0,0,0,0,0,0,0,0,0
3317,72599486,980000,21-02-002,20210209,800,,ISLAND CREEK,,RD,KY1426,KY1426,0,098 KY-1426,KY1426,N,N,NULL,NULL,NULL,N,NULL,NULL,NULL,NULL,NULL,NULL,1.386,NULL,NULL,NULL,NULL,,NULL,0,0,2,2,N,N,55,NULL,98,9801,1,W,N,37.45947,-82.57007,N,NULL,NULL,NULL,NULL,NULL,NULL,NULL,NULL,1,3,2,6,1,2,8,2,7,3,N,NULL,N,N,810,810,930,N,NULL,55,8,0,N,,N,N,098-KY-1426-0,NULL,NULL,2021,O,7.26E+11,098-KY-1426  -000,HIGH,098-KY-1426  -000,1.386,0,0,0,1,0,0,0,0,0,0,0,1,0,0
3318,72545277,980100,2.02E+11,20200923,1553,,HAROLDS BRANCH,,RD,,,0,098 CS-1223,CS1223,N,N,NULL,NULL,NULL,N,NULL,NULL,NULL,NULL,NULL,NULL,0.027,NULL,NULL,NULL,NULL,,NULL,0,0,2,2,N,N,35,NULL,98,9801,NULL,,Y,37.47249,-82.52245,N,NULL,NULL,NULL,NULL,NULL,NULL,NULL,NULL,5,3,3,6,1,1,3,2,7,3,N,NULL,Y,N,1553,1556,1611,N,NULL,49,,,N,,N,N,098-CS-1223-0,NULL,NULL,2020,O,7.25E+11,098-CS-1223  -000,HIGH,098-CS-1223  -000,0.027,0,0,0,1,0,0,1,0,0,0,0,0,0,1
3319,72748860,KSP0900,22-127280,20220408,1748,,FERRELLS CREEK,,RD,US0460,US0460,0,098 US-460,US0460,N,N,NULL,NULL,NULL,N,NULL,NULL,NULL,NULL,NULL,NULL,17.232,NULL,NULL,NULL,NULL,,NULL,0,0,2,2,N,N,55,NULL,98,9847,NULL,,Y,37.35654,-82.32668,N,NULL,NULL,NULL,NULL,NULL,NULL,NULL,NULL,7,3,2,3,1,5,6,2,7,3,N,NULL,Y,N,1748,1817,1900,N,NULL,54,,1,N,,N,Y,098-US-0460-0,NULL,NULL,2022,O,7.27E+11,098-US-0460  -000,HIGH,098-US-0460  -000,17.232,0,0,0,0,0,0,0,0,0,0,0,1,1,0
3320,72474799,980000,20-01-004,20200124,1430,,US460,,,US0460,US0460,0,098 US-460,US0460,N,N,NULL,NULL,NULL,N,NULL,NULL,NULL,NULL,NULL,NULL,3.977,NULL,NULL,NULL,NULL,,NULL,0,0,2,2,N,N,55,NULL,98,9824,3,E,N,37.41971,-82.46262,N,NULL,NULL,NULL,NULL,NULL,NULL,NULL,NULL,5,3,2,3,1,5,6,2,1,3,N,NULL,Y,Y,1520,1520,1558,N,NULL,49,,1,N,,N,N,098-US-0460-0,NULL,NULL,2020,O,7.25E+11,098-US-0460  -000,HIGH,098-US-0460  -000,3.977,0,0,1,0,0,0,0,1,0,0,0,0,0,0
3321,72621209,KSP0900,21-171125,20210429,1200,,HURRICANE,,CRK,,,0,098 CR-1880,CR1880,N,N,NULL,NULL,NULL,N,NULL,NULL,NULL,NULL,NULL,NULL,0.539,NULL,NULL,NULL,NULL,,NULL,1,0,2,2,N,N,35,NULL,98,9825,NULL,,Y,37.49424,-82.06789,N,NULL,NULL,NULL,NULL,NULL,NULL,NULL,NULL,3,3,2,3,1,1,3,2,7,3,Y,NULL,Y,Y,1204,1230,1300,N,NULL,52,,,Y,,N,N,098-CR-1880-0,NULL,NULL,2021,B,7.26E+11,098-CR-1880  -000,HIGH,098-CR-1880  -000,0.539,0,0,0,1,0,0,1,1,0,0,0,1,0,0
3322,72723010,980100,2.02E+11,20220119,1334,,KY1460,,,KY1460,KY1460,0,098 KY-1460,KY1460,N,N,NULL,NULL,NULL,N,NULL,NULL,NULL,NULL,NULL,NULL,6.825,NULL,NULL,NULL,NULL,,NULL,0,0,2,2,N,N,45,NULL,98,9801,NULL,,Y,37.48395,-82.54188,N,NULL,NULL,NULL,NULL,NULL,NULL,NULL,NULL,5,3,2,3,1,5,6,2,7,3,N,NULL,Y,N,1335,1338,1339,N,NULL,49,16,0,N,,N,N,098-KY-1460-0,NULL,NULL,2022,O,7.27E+11,098-KY-1460  -000,HIGH,098-KY-1460  -000,6.825,0,0,1,0,0,0,0,0,0,0,0,0,0,1
3323,72678355,KSP0900,21-406118,20211001,1516,,KY194,,,KY0194,KY0194,0,098 KY-194,KY0194,N,N,NULL,NULL,NULL,N,NULL,NULL,NULL,NULL,NULL,NULL,55.222,NULL,NULL,NULL,NULL,,NULL,0,0,2,2,N,N,35,NULL,98,9804,NULL,,Y,37.5143,-82.15226,N,NULL,NULL,NULL,NULL,NULL,NULL,NULL,NULL,7,3,2,3,1,1,2,2,7,3,N,NULL,Y,N,1516,1704,1704,N,NULL,47,8,0,N,,N,N,098-KY-0194-0,NULL,NULL,2021,O,7.27E+11,098-KY-0194  -000,HIGH,098-KY-0194  -000,55.222,0,0,0,0,0,0,0,0,0,0,0,0,0,0
3324,72515204,KSP0900,20-566784,20200625,2018,,KY612,,,KY0612,KY0612,0,098 KY-612,KY0612,N,N,NULL,NULL,NULL,N,NULL,NULL,NULL,NULL,NULL,NULL,7.223,NULL,NULL,NULL,NULL,,NULL,0,0,1,1,N,N,45,NULL,98,9869,NULL,,Y,37.65845,-82.30509,N,NULL,NULL,NULL,NULL,NULL,NULL,NULL,NULL,9,3,2,6,1,1,2,2,7,3,N,NULL,N,N,2019,2019,2019,N,NULL,38,8,0,N,,N,N,098-KY-0612-0,NULL,NULL,2020,O,7.25E+11,098-KY-0612  -000,HIGH,098-KY-0612  -000,7.223,0,0,0,0,0,0,0,0,0,0,0,0,0,0
3325,72487667,980100,2.02E+11,20200310,718,,US23,,,US0023,US0023,0,098 US-23,US0023,N,N,NULL,NULL,NULL,N,NULL,NULL,NULL,NULL,NULL,NULL,23.07,NULL,NULL,NULL,NULL,,NULL,0,0,2,2,N,N,55,NULL,98,9801,NULL,,Y,37.46597,-82.52819,N,NULL,NULL,NULL,NULL,NULL,NULL,NULL,NULL,5,3,4,6,1,5,3,2,7,3,N,NULL,Y,N,718,723,728,N,NULL,49,,1,N,,N,N,098-US-0023-0,NULL,NULL,2020,O,7.25E+11,098-US-0023  -000,HIGH,098-US-0023  -000,23.07,0,0,0,1,0,0,0,0,0,0,0,0,0,1
3326,72560399,KSP0900,20-769738,20201103,821,,KY195,,,KY0195,KY0195,0,098 KY-195,KY0195,N,N,NULL,NULL,NULL,N,NULL,NULL,NULL,NULL,NULL,NULL,5.037,NULL,NULL,NULL,NULL,,NULL,0,0,1,1,Y,N,35,NULL,98,9830,NULL,,Y,37.31402,-82.47303,N,NULL,NULL,NULL,NULL,NULL,NULL,NULL,NULL,9,97,2,3,1,1,2,6,7,3,N,NULL,N,N,821,850,,Y,NULL,70,8,0,N,,N,N,098-KY-0195-0,NULL,NULL,2020,O,7.26E+11,098-KY-0195  -000,HIGH,098-KY-0195  -000,5.037,0,0,0,0,0,0,0,0,0,0,0,1,0,0
3327,72687365,980100,2.02E+11,20211025,1615,,US23,,,,,,,,N,N,NULL,NULL,NULL,N,NULL,NULL,NULL,NULL,NULL,NULL,,NULL,NULL,NULL,NULL,NULL,NULL,1,0,2,2,N,N,55,NULL,98,9801,NULL,,Y,37.50315,-82.53208,N,NULL,NULL,NULL,NULL,NULL,NULL,NULL,NULL,1,3,4,6,1,5,2,2,1,3,N,NULL,Y,N,1615,1619,1625,N,NULL,55,,,N,,N,N,,NULL,NULL,2021,C,7.27E+11,098-US-0023  -000,MEDIUM,098-US-0023  -000,26.248,0,0,1,1,0,0,1,1,0,0,0,0,0,1
3328,72671264,980100,2.02E+11,20210915,1348,,HAMBLEY,,BLVD,,,0,098 CS-1222,CS1222,Y,N,NULL,NULL,NULL,N,NULL,NULL,NULL,NULL,NULL,NULL,0.656,NULL,NULL,NULL,NULL,,NULL,0,0,2,2,Y,N,,NULL,98,9801,NULL,,Y,37.48042,-82.51908,N,NULL,NULL,NULL,NULL,NULL,NULL,NULL,NULL,1,97,1,6,1,1,2,2,6,3,N,NULL,Y,N,1348,1348,1348,N,NULL,90,,,N,,N,N,098-CS-1222-0,NULL,NULL,2021,O,7.27E+11,098-CS-1222  -000,HIGH,098-CS-1222  -000,0.656,0,0,0,0,0,0,0,0,0,0,0,0,0,1
3329,72454990,KSP0900,19-45477,20191119,943,,US460,,,US0460,US0460,0,098 US-460,US0460,N,N,NULL,NULL,NULL,N,NULL,NULL,NULL,NULL,NULL,NULL,11.861,NULL,NULL,NULL,NULL,,NULL,0,0,2,2,N,N,55,NULL,98,9802,NULL,,Y,37.3522,-82.39146,N,NULL,NULL,NULL,NULL,NULL,NULL,NULL,NULL,5,3,2,6,1,1,3,2,7,3,N,NULL,Y,N,943,943,1030,N,NULL,49,,1,N,,N,N,098-US-0460-0,NULL,NULL,2019,O,7.25E+11,098-US-0460  -000,HIGH,098-US-0460  -000,11.861,0,0,1,0,0,0,0,0,0,0,0,0,0,0
3330,72692211,KSP0900,21-452557,20211104,935,,KY195,,,KY0195,KY0195,0,098 KY-195,KY0195,N,N,NULL,NULL,NULL,N,NULL,NULL,NULL,NULL,NULL,NULL,5.096,NULL,NULL,NULL,NULL,,NULL,0,0,2,2,N,N,35,NULL,98,9802,3,W,N,37.31363,-82.47212,N,NULL,NULL,NULL,NULL,NULL,NULL,NULL,NULL,7,3,2,6,1,1,2,2,7,3,N,NULL,Y,N,935,1006,1006,N,NULL,54,8,0,N,,N,N,098-KY-0195-0,NULL,NULL,2021,O,7.27E+11,098-KY-0195  -000,HIGH,098-KY-0195  -000,5.096,0,1,0,0,0,0,0,0,0,0,0,1,0,0
3331,72692210,KSP0900,21-423651,20211014,904,,KY194,,,KY0194,KY0194,0,098 KY-194,KY0194,N,N,NULL,NULL,NULL,N,NULL,NULL,NULL,NULL,NULL,NULL,50.718,NULL,NULL,NULL,NULL,,NULL,1,0,1,1,N,N,55,NULL,98,9815,NULL,,Y,37.4622,-82.13058,N,NULL,NULL,NULL,NULL,NULL,NULL,NULL,NULL,9,3,2,6,1,1,2,2,7,3,Y,NULL,Y,Y,912,930,1030,N,NULL,40,8,0,N,,N,N,098-KY-0194-0,NULL,NULL,2021,A,7.27E+11,098-KY-0194  -000,HIGH,098-KY-0194  -000,50.718,0,0,0,0,0,0,0,0,0,0,0,1,0,0
3332,72885761,980000,23-04-002,20230411,1507,,FISHTRAP,,RD,KY1441,KY1441,0,098 KY-1441,KY1441,N,N,NULL,NULL,NULL,N,NULL,NULL,NULL,NULL,NULL,NULL,6.382,NULL,NULL,NULL,NULL,,NULL,0,0,1,1,N,N,35,NULL,98,9824,NULL,,Y,37.47338,-82.42728,N,NULL,NULL,NULL,NULL,NULL,NULL,NULL,NULL,9,6,1,3,1,1,2,2,7,3,N,NULL,Y,Y,1507,1546,1745,N,NULL,51,8,0,N,,N,N,098-KY-1441-0,NULL,NULL,2023,O,7.29E+11,098-KY-1441  -000,HIGH,098-KY-1441  -000,6.382,0,0,0,0,0,0,1,0,0,0,0,1,0,0
3333,72622447,KSP0900,21-182428,20210506,1639,,US119,,,US0119,US0119,0,098 US-119,US0119,N,N,NULL,NULL,NULL,N,NULL,NULL,NULL,NULL,NULL,NULL,23.647,NULL,NULL,NULL,NULL,,NULL,0,0,2,2,N,N,55,NULL,98,9836,NULL,,Y,37.65079,-82.26781,N,NULL,NULL,NULL,NULL,NULL,NULL,NULL,NULL,1,3,4,6,1,1,2,2,1,3,N,NULL,Y,N,1639,1640,1718,N,NULL,55,2,1,N,,N,N,098-US-0119-0,NULL,NULL,2021,O,7.26E+11,098-US-0119  -000,HIGH,098-US-0119  -000,23.647,0,0,0,0,0,0,1,0,0,0,0,0,0,0
3334,72456714,980100,2.02E+11,20191225,943,,BYPASS,,RD,,,0,098 CS-1223,CS1223,Y,N,NULL,NULL,NULL,N,NULL,NULL,NULL,NULL,NULL,NULL,,NULL,NULL,NULL,NULL,NULL,NULL,0,0,2,2,Y,N,,NULL,98,9801,NULL,,Y,37.47128,-82.52117,N,NULL,NULL,NULL,NULL,NULL,NULL,NULL,NULL,1,97,1,6,2,1,2,2,1,3,N,NULL,Y,N,944,956,956,N,NULL,90,,,N,,N,N,098-CS-1223-0,NULL,NULL,2019,O,7.25E+11,098-CS-1223  -000,HIGH,098-CS-1223  -000,0.135,0,0,0,0,0,0,0,0,0,0,0,0,0,1
3335,72696649,KSP0900,21-460682,20211110,804,,US23,,,US0023,US0023,0,098 US-23,US0023,N,N,NULL,NULL,NULL,N,NULL,NULL,NULL,NULL,NULL,NULL,18.161,NULL,NULL,NULL,NULL,,NULL,0,0,2,2,N,N,55,NULL,98,9801,NULL,,Y,37.43122,-82.51465,N,NULL,NULL,NULL,NULL,NULL,NULL,NULL,NULL,5,3,4,6,1,1,2,2,7,3,N,NULL,Y,N,804,850,804,N,NULL,49,,1,N,,N,N,098-US-0023-0,NULL,NULL,2021,O,7.27E+11,098-US-0023  -000,HIGH,098-US-0023  -000,18.161,0,0,0,0,0,0,0,1,0,0,0,0,0,1
3336,72673892,KSP0900,21-393642,20210922,1440,,KY194,,,KY0194,KY0194,0,098 KY-194,KY0194,N,N,NULL,NULL,NULL,N,NULL,NULL,NULL,NULL,NULL,NULL,19.771,NULL,NULL,NULL,NULL,,NULL,1,0,1,1,N,N,55,NULL,98,9817,NULL,,Y,37.55014,-82.40553,N,NULL,NULL,NULL,NULL,NULL,NULL,NULL,NULL,9,3,2,3,1,5,6,2,7,3,Y,NULL,N,N,1440,1450,1500,N,NULL,44,6,0,N,,N,N,098-KY-0194-0,NULL,NULL,2021,B,7.27E+11,098-KY-0194  -000,HIGH,098-KY-0194  -000,19.771,0,0,0,1,0,0,0,0,0,0,0,1,0,0
3337,72818335,KSP0900,22-395416,20221013,1643,,STRATTON,,FRK,,,,,,N,N,NULL,NULL,NULL,N,NULL,NULL,NULL,NULL,NULL,NULL,0.634,NULL,NULL,NULL,NULL,,NULL,0,0,2,2,N,N,25,NULL,98,9838,NULL,,Y,37.59679,-82.3395,N,NULL,NULL,NULL,NULL,NULL,NULL,NULL,NULL,7,3,2,3,1,1,2,2,6,3,N,NULL,N,N,1643,1645,1700,N,NULL,54,,,N,,N,N,,NULL,NULL,2022,O,7.28E+11,098-CR-1535  -000,LOW,098-CR-1535  -000,0.634,0,0,0,0,0,0,0,0,0,0,0,1,0,0