OBJECTID,MasterFile,AgencyORINumber,LocalCode,CollisionDate,CollisionTime,CollisionDayWeekCode,RoadwayName,RoadwayName_Direction_,RoadwayName_RoadwaySuffix_,RoadwayfromReport,CurrentRoadwayNumber,RoadwayNumberCoupletID,RSEUniqueGIS,RoadwayIdentifier,ParkingLotIndicator,IntersectionWith_Indicator_,IntersectionWith_NameRoadway_,IntersectionWith_Direction_,IntersectionWith_RoadwaySuffix_,BetweenStreets_Indicator_,BetweenStreets1_NameRoadway_,BetweenStreet1_Direction_,BetweenStreets1_RoadwaySuffix_,BetweenStreets2_NameRoadway_,BetweenStreets2_Direction_,BetweenStreets2_RoadwaySuffix_,Milepoint,ReportMilepointDeriveNumber,CurrentDerivedMiepointNumber,MilestoMilepoint,FeettoMilepoint,DirectionfromMilepoint_NSEW_,ValidMilepointIndicator,NumberInjured,NumberKilled,ofUnits,ofMotorVehicleUnits,Hit&RunIndicator,OneWayIndicator,SpeedLimitNumber,KilometersIndicator,CountyCode,CityCountyCode,MilesFromCity,DirectionFromCity_NSEW_,InCityLimitsIndicator,Latitude,Longitude,RampIndicator,RampFromIdentifier,RampFromDirCode,RampFromCoupletID,RSEUniqueGISRampFrom,RampToidentifier,RampToDirCode,RampToCoupletID,RSEUniqueGisRampTo,MannerofCollisionCode,LocationFirstEventCode,TotalLanes,RoadwayCharacterCode,RoadwaySurfaceCode,RoadwayConditionCode,WeatherCode,LightConditionCode,LandUseCode,SchoolBusRelatedCode,FirstAidSceneIndicator,CollDescPresentInd,InvestigationCompleteIndicator,PhotosTakenIndicator,TimeNotified,TimeArrived,TimeRoadwayOpened,PropertyDamageIndicator,DiagramPresentIndicator,DirectionalAnalysis,FunctionClassCode,NationalHwySysCode,EnforcementsIndicator,KARSCityCode,SecondaryCollisionIndicator,MedianCrossoverIndicator,RT_UNIQUE,MapIt,TimeLastLeft,YR,KABCO,MFNY,WorkingRID,RT_CONFIDENCE,KTC_RT,KTC_MP,Motorcyclist,Commercial Vehicle,Young Driver,Mature Driver,Pedestrian,Bicyclist,Distracted,Aggressive,Impaired,Unrestrained,Intersection,Roadway Departure,Median Cross-over,City Crash
3338,72505734,980100,2.02E+11,20200528,1336,,CASSIDY,,BLVD,,,,,,Y,N,NULL,NULL,NULL,N,NULL,NULL,NULL,NULL,NULL,NULL,0.233,NULL,NULL,NULL,NULL,,NULL,0,0,2,2,N,N,,NULL,98,9801,NULL,,Y,37.50435,-82.53571,N,NULL,NULL,NULL,NULL,NULL,NULL,NULL,NULL,2,97,,6,1,1,3,2,1,3,N,NULL,Y,N,1336,1337,,N,NULL,90,,,N,,N,N,,NULL,NULL,2020,O,7.25E+11,098-CS-1191  -000,LOW,098-CS-1191  -000,0.233,0,0,1,0,0,0,1,0,0,0,0,0,0,1
3339,72537894,KSP0900,20-671561,20200828,1641,,US119 SPUR TURN LANE,,,US0119S,US0119S,0,098 US-119S-21,US0119S,N,N,NULL,NULL,NULL,N,NULL,NULL,NULL,NULL,NULL,NULL,0.022,NULL,NULL,NULL,NULL,,NULL,2,0,2,2,N,N,35,NULL,98,9834,NULL,,Y,37.67271,-82.2807,N,NULL,NULL,NULL,NULL,NULL,NULL,NULL,NULL,1,3,2,6,1,1,2,2,1,3,Y,NULL,Y,Y,1641,1645,1723,N,NULL,55,6,0,N,,N,N,098-US-0119S-21,NULL,NULL,2020,C,7.25E+11,098-US-0119S -021,HIGH,098-US-0119S -021,0.022,0,0,1,0,0,0,0,1,0,0,0,0,0,0
3340,72561438,KSP0900,20-763870,20201030,1026,,US119,,,US0119,US0119,0,098 US-119,US0119,N,Y,OLD US119,,,N,NULL,NULL,NULL,NULL,NULL,NULL,22.298,NULL,NULL,NULL,NULL,,NULL,0,0,2,2,N,N,55,NULL,98,9836,NULL,,Y,37.63581,-82.25838,N,NULL,NULL,NULL,NULL,NULL,NULL,NULL,NULL,1,3,2,3,1,5,3,2,7,3,N,NULL,Y,N,1028,1042,1130,N,NULL,10,2,1,N,,N,N,098-US-0119-0,NULL,NULL,2020,O,7.26E+11,098-US-0119  -000,HIGH,098-US-0119  -000,22.298,0,0,0,0,0,0,1,1,0,0,1,0,0,0
3341,72683525,980100,2.02E+11,20211016,1349,,CASSIDY,,BLVD,,,0,098 CS-1191,CS1191,Y,N,NULL,NULL,NULL,N,NULL,NULL,NULL,NULL,NULL,NULL,0.359,NULL,NULL,NULL,NULL,,NULL,0,0,2,2,N,N,,NULL,98,9801,NULL,,Y,37.5051,-82.53802,N,NULL,NULL,NULL,NULL,NULL,NULL,NULL,NULL,2,97,,6,1,1,2,2,1,3,N,NULL,Y,N,1349,1355,,N,NULL,90,,,N,,N,N,098-CS-1191-0,NULL,NULL,2021,O,7.27E+11,098-CS-1191  -000,HIGH,098-CS-1191  -000,0.359,0,0,0,1,0,0,1,0,0,0,0,0,0,1
3342,72648337,KSP0900,21-294704,20210716,1816,,US460,,,US0460,US0460,0,098 US-460,US0460,N,N,NULL,NULL,NULL,N,NULL,NULL,NULL,NULL,NULL,NULL,4.05,NULL,NULL,NULL,NULL,,NULL,0,0,2,2,N,N,45,NULL,98,9824,NULL,,Y,37.41933,-82.46135,N,NULL,NULL,NULL,NULL,NULL,NULL,NULL,NULL,5,3,2,6,1,1,2,2,7,3,N,NULL,Y,N,1816,1820,1820,N,NULL,49,,1,N,,N,N,098-US-0460-0,NULL,NULL,2021,O,7.26E+11,098-US-0460  -000,HIGH,098-US-0460  -000,4.05,0,0,0,0,0,0,1,0,0,0,0,0,0,0
3343,72772765,980100,2.02E+11,20220602,1036,,BYPASS,S,RD,KY1426,KY1426,0,098 KY-1426,KY1426,Y,N,NULL,NULL,NULL,N,NULL,NULL,NULL,NULL,NULL,NULL,5.673,NULL,NULL,NULL,NULL,,NULL,0,0,2,2,N,N,15,NULL,98,9801,NULL,,Y,37.47269,-82.52315,N,NULL,NULL,NULL,NULL,NULL,NULL,NULL,NULL,8,97,1,6,1,1,2,2,1,3,N,NULL,Y,N,1036,1039,1039,N,NULL,90,,0,N,,N,N,098-KY-1426-0,NULL,NULL,2022,O,7.28E+11,098-KY-1426  -000,HIGH,098-KY-1426  -000,5.673,0,0,0,1,0,0,1,0,0,0,0,0,0,1
3344,72582404,980100,2.02E+11,20210107,1350,,TOWN MTN ROAD,,,,,,,,N,N,NULL,NULL,NULL,N,NULL,NULL,NULL,NULL,NULL,NULL,,NULL,NULL,NULL,NULL,,NULL,0,0,2,2,N,N,45,NULL,98,9801,NULL,,Y,37.51331,-82.48769,N,NULL,NULL,NULL,NULL,NULL,NULL,NULL,NULL,5,3,2,6,1,1,3,2,7,3,N,NULL,Y,N,1350,1350,1400,N,NULL,49,,,N,,N,N,,NULL,NULL,2021,O,7.26E+11,098-KY-1426  -020,MEDIUM,098-KY-1426  -020,0.075,0,0,0,0,0,0,1,0,0,0,0,0,0,1
3345,72512253,980100,2.02E+11,20200617,1100,,BYPASS ROAD,,RD,,,0,098 CS-1223,CS1223,Y,N,NULL,NULL,NULL,N,NULL,NULL,NULL,NULL,NULL,NULL,,NULL,NULL,NULL,NULL,NULL,NULL,0,0,2,2,N,N,10,NULL,98,9801,NULL,,Y,37.47185,-82.52252,N,NULL,NULL,NULL,NULL,NULL,NULL,NULL,NULL,2,97,2,4,2,1,3,2,1,3,N,NULL,Y,N,1100,1108,1108,N,NULL,90,,,N,,N,N,098-CS-1223-0,NULL,NULL,2020,O,7.25E+11,098-CS-1223  -000,HIGH,098-CS-1223  -000,0.064,0,0,0,1,0,0,0,0,0,0,0,0,0,1
3346,72708032,KSP0900,21-504422,20211211,1840,,US119,,,US0119,US0119,,,,N,N,NULL,NULL,NULL,N,NULL,NULL,NULL,NULL,NULL,NULL,22.7,NULL,NULL,NULL,NULL,,NULL,0,0,2,2,N,N,35,NULL,98,9836,NULL,,Y,37.6409,-82.25964,N,NULL,NULL,NULL,NULL,NULL,NULL,NULL,NULL,8,3,2,3,1,5,3,6,7,3,N,NULL,N,N,1840,1842,1842,N,NULL,53,2,1,N,,N,N,,NULL,NULL,2021,O,7.27E+11,098-US-0119  -000,MEDIUM,098-US-0119  -000,22.7,0,0,0,0,0,0,0,1,0,0,0,1,0,0
3347,72501958,980100,2.02E+11,20200516,730,,CHLOE,,RD,KY1460,KY1460,,,,N,N,NULL,NULL,NULL,N,NULL,NULL,NULL,NULL,NULL,NULL,3.908,NULL,NULL,NULL,NULL,,NULL,0,0,1,1,N,N,45,NULL,98,9801,NULL,,Y,37.47694,-82.49514,N,NULL,NULL,NULL,NULL,NULL,NULL,NULL,NULL,9,3,2,3,1,1,3,2,6,3,N,NULL,N,N,730,730,730,N,NULL,40,,0,N,,N,N,,NULL,NULL,2020,O,7.25E+11,098-KY-1460  -000,HIGH,098-KY-1460  -000,3.908,0,0,0,0,0,0,1,0,0,0,0,1,0,1
3348,72514885,KSP0900,20-21495,20200606,2311,,LEFT FORK ISLAND,,CRK,,,0,098 CR-1233Q3,CR1233Q3,N,N,NULL,NULL,NULL,N,NULL,NULL,NULL,NULL,NULL,NULL,0.652,NULL,NULL,NULL,NULL,,NULL,1,0,1,1,N,N,55,NULL,98,9801,NULL,,Y,37.43346,-82.56544,N,NULL,NULL,NULL,NULL,NULL,NULL,NULL,NULL,9,3,2,6,1,1,2,6,7,3,Y,NULL,N,N,2311,2318,2350,N,NULL,70,,,N,,N,N,098-CR-1233Q3-0,NULL,NULL,2020,B,7.25E+11,098-CR-1233Q3-000,HIGH,098-CR-1233Q3-000,0.652,0,0,0,0,0,0,0,0,0,1,0,1,0,0
3349,72829741,KSP0900,22-433878,20221111,827,,TOLER,,RD,KY0319,KY0319,0,098 KY-319,KY0319,N,N,NULL,NULL,NULL,N,NULL,NULL,NULL,NULL,NULL,NULL,4.321,NULL,NULL,NULL,NULL,,NULL,0,0,1,1,N,N,45,NULL,98,9842,NULL,,Y,37.61278,-82.23687,N,NULL,NULL,NULL,NULL,NULL,NULL,NULL,NULL,9,3,2,3,1,5,6,2,7,3,N,NULL,N,N,827,901,945,Y,NULL,44,7,0,Y,,N,N,098-KY-0319-0,NULL,NULL,2022,O,7.28E+11,098-KY-0319  -000,HIGH,098-KY-0319  -000,4.321,0,0,0,0,0,0,0,0,0,1,0,1,0,0
3350,72748836,KSP0900,22-127062,20220408,1538,,KY632,,,KY0632,KY0632,0,098 KY-632,KY0632,N,N,NULL,NULL,NULL,N,NULL,NULL,NULL,NULL,NULL,NULL,11.128,NULL,NULL,NULL,NULL,,NULL,1,0,2,2,N,N,55,NULL,98,9804,NULL,,Y,37.4963,-82.18307,N,NULL,NULL,NULL,NULL,NULL,NULL,NULL,NULL,5,3,2,6,1,5,6,2,7,3,Y,NULL,Y,Y,1538,1600,1630,N,NULL,49,6,0,N,,N,N,098-KY-0632-0,NULL,NULL,2022,C,7.27E+11,098-KY-0632  -000,HIGH,098-KY-0632  -000,11.128,0,0,0,0,0,0,1,0,1,0,0,0,0,0
3351,72686073,KSP0900,21-434887,20211022,753,,KY3174,,,KY3174,KY3174,0,098 KY-3174,KY3174,N,N,NULL,NULL,NULL,N,NULL,NULL,NULL,NULL,NULL,NULL,6.436,NULL,NULL,NULL,NULL,,NULL,1,0,1,1,N,N,55,NULL,98,9802,5,W,N,37.34947,-82.43981,N,NULL,NULL,NULL,NULL,NULL,NULL,NULL,NULL,9,2,4,6,1,1,10,1,7,3,Y,NULL,Y,N,754,805,900,N,NULL,44,,0,N,,N,N,098-KY-3174-0,NULL,NULL,2021,B,7.27E+11,098-KY-3174  -000,HIGH,098-KY-3174  -000,6.436,0,0,0,0,0,0,0,0,0,0,0,1,0,0
3352,72679169,KSP0900,21-411417,20211005,1350,,KY195,,,KY0195,KY0195,0,098 KY-195,KY0195,N,N,NULL,NULL,NULL,N,NULL,NULL,NULL,NULL,NULL,NULL,10.794,NULL,NULL,NULL,NULL,,NULL,0,0,2,2,N,N,55,NULL,98,9802,5,W,N,37.35876,-82.41761,N,NULL,NULL,NULL,NULL,NULL,NULL,NULL,NULL,1,3,2,3,1,1,3,2,7,3,N,NULL,Y,Y,1350,1407,1515,N,NULL,55,7,0,N,,N,N,098-KY-0195-0,NULL,NULL,2021,O,7.27E+11,098-KY-0195  -000,HIGH,098-KY-0195  -000,10.794,0,1,0,0,0,0,0,0,0,0,0,0,0,0
3353,72514376,980100,2.02E+11,20200623,951,,US23,,,US0023,US0023,0,098 US-23,US0023,N,N,NULL,NULL,NULL,N,NULL,NULL,NULL,NULL,NULL,NULL,22.934,NULL,NULL,NULL,NULL,,NULL,1,0,2,2,N,N,55,NULL,98,9801,NULL,,Y,37.46537,-82.526,N,NULL,NULL,NULL,NULL,NULL,NULL,NULL,NULL,5,3,4,6,1,1,3,2,7,3,Y,NULL,Y,Y,952,954,1054,N,NULL,70,,1,N,,N,N,098-US-0023-0,NULL,NULL,2020,C,7.25E+11,098-US-0023  -000,HIGH,098-US-0023  -000,22.934,0,1,0,0,0,0,1,0,0,0,0,0,0,1
3354,72486537,370200,2020-09315,20200311,936,,TOLER,,RD,KY0319,KY0319,,,,N,N,NULL,NULL,NULL,N,NULL,NULL,NULL,NULL,NULL,NULL,3.477,NULL,NULL,NULL,NULL,,NULL,0,0,1,1,N,N,55,NULL,98,9836,NULL,,Y,37.60583,-82.22523,N,NULL,NULL,NULL,NULL,NULL,NULL,NULL,NULL,9,4,2,1,1,1,2,2,7,3,N,NULL,Y,N,941,1007,941,N,NULL,44,7,0,N,,N,N,,NULL,NULL,2020,O,7.25E+11,098-KY-0319  -000,HIGH,098-KY-0319  -000,3.477,0,1,0,0,0,0,1,0,0,0,0,1,0,0
3355,72572312,KSP0900,20-816253,20201205,1314,,APPALACHIAN,,PLZ,,,0,098 PR-1008,PR1008,N,N,NULL,NULL,NULL,N,NULL,NULL,NULL,NULL,NULL,NULL,0.059,NULL,NULL,NULL,NULL,,NULL,0,0,2,2,N,N,15,NULL,98,9834,NULL,,Y,37.66626,-82.27457,N,NULL,NULL,NULL,NULL,NULL,NULL,NULL,NULL,2,7,1,6,1,1,2,2,7,3,N,NULL,N,N,1314,1330,1330,N,NULL,47,,,N,,N,N,098-PR-1008-0,NULL,NULL,2020,O,7.26E+11,098-PR-1008  -000,HIGH,098-PR-1008  -000,0.059,0,0,0,0,0,0,0,0,0,1,0,0,0,0
3356,72520811,KSP0900,20-597717,20200713,830,,KY292,,,KY0292,KY0292,0,098 KY-292,KY0292,N,N,NULL,NULL,NULL,N,NULL,NULL,NULL,NULL,NULL,NULL,0.207,NULL,NULL,NULL,NULL,,NULL,2,0,1,1,N,N,45,NULL,98,9869,NULL,,Y,37.62962,-82.21979,N,NULL,NULL,NULL,NULL,NULL,NULL,NULL,NULL,9,3,2,6,1,1,3,2,7,3,Y,NULL,Y,Y,830,900,1100,N,NULL,44,8,0,N,,N,N,098-KY-0292-0,NULL,NULL,2020,B,7.25E+11,098-KY-0292  -000,HIGH,098-KY-0292  -000,0.207,0,1,0,0,0,0,0,0,0,0,0,1,0,0
3357,72580953,KSP0900,20-851309,20201231,1833,,RIGHT FORK OF BRUSHY,,RD,,,0,098 CR-1360Q4,CR1360Q4,N,N,NULL,NULL,NULL,N,NULL,NULL,NULL,NULL,NULL,NULL,7.23,NULL,NULL,NULL,NULL,,NULL,0,0,1,1,N,N,35,NULL,98,9820,NULL,,Y,37.58277,-82.44183,N,NULL,NULL,NULL,NULL,NULL,NULL,NULL,NULL,9,3,1,6,1,1,2,6,7,3,N,NULL,Y,N,1833,1848,1934,N,NULL,70,,,N,,N,N,098-CR-1360Q4-0,NULL,NULL,2020,O,7.26E+11,098-CR-1360Q4-000,HIGH,098-CR-1360Q4-000,7.23,0,0,0,0,0,0,0,0,0,0,0,0,0,0
3358,72495990,980100,2.02E+11,20200420,1552,,CHLOE,,RD,KY1460,KY1460,0,098 KY-1460,KY1460,N,N,NULL,NULL,NULL,N,NULL,NULL,NULL,NULL,NULL,NULL,1.867,NULL,NULL,NULL,NULL,,NULL,0,0,1,1,N,N,45,NULL,98,9801,0.5,E,N,37.45644,-82.47818,N,NULL,NULL,NULL,NULL,NULL,NULL,NULL,NULL,9,3,2,3,1,1,2,2,6,3,N,NULL,Y,N,1927,1927,1614,N,NULL,70,,0,Y,,N,N,098-KY-1460-0,NULL,NULL,2020,O,7.25E+11,098-KY-1460  -000,HIGH,098-KY-1460  -000,1.867,1,0,0,0,0,0,0,0,0,0,0,1,0,0
3359,72459580,KSP0900,19-49893,20191223,850,,MAIN ST CONN,,,,,0,098 CS-3000-71,CS3000,N,N,NULL,NULL,NULL,N,NULL,NULL,NULL,NULL,NULL,NULL,0.016,NULL,NULL,NULL,NULL,,NULL,0,0,2,2,N,N,35,NULL,98,9807,NULL,,Y,37.51896,-82.56622,N,NULL,NULL,NULL,NULL,NULL,NULL,NULL,NULL,5,3,2,5,1,1,2,2,7,3,N,NULL,N,N,850,859,,N,NULL,70,,,N,,N,N,098-CS-3000-71,NULL,NULL,2019,O,7.25E+11,098-CS-3000  -071,HIGH,098-CS-3000  -071,0.016,0,0,0,0,0,0,1,0,0,0,0,0,0,0
3360,72584037,KSP0900,21-11882,20210109,1749,,US460,,,US0460,US0460,0,098 US-460,US0460,N,N,NULL,NULL,NULL,N,NULL,NULL,NULL,NULL,NULL,NULL,9.008,NULL,NULL,NULL,NULL,,NULL,2,0,2,2,N,N,35,NULL,98,9801,NULL,,Y,37.36989,-82.42008,N,NULL,NULL,NULL,NULL,NULL,NULL,NULL,NULL,1,3,2,4,1,1,2,6,7,3,Y,NULL,Y,Y,1751,1830,1901,N,NULL,55,,1,N,,N,N,098-US-0460-0,NULL,NULL,2021,C,7.26E+11,098-US-0460  -000,MEDIUM,098-US-0460  -000,9.008,0,0,1,0,0,0,0,1,0,0,0,0,0,0
3361,72573381,980100,2.02E+11,20201209,1945,,MAYO,N,TRL,US0023,US0023,0,098 US-23,US0023,N,N,NULL,NULL,NULL,N,NULL,NULL,NULL,NULL,NULL,NULL,31.67,NULL,NULL,NULL,NULL,,NULL,0,0,1,1,N,N,55,NULL,98,9801,NULL,,Y,37.53713,-82.60283,N,NULL,NULL,NULL,NULL,NULL,NULL,NULL,NULL,9,3,4,6,1,1,2,7,7,3,N,NULL,Y,N,1945,1950,1950,N,NULL,38,,1,N,,N,N,098-US-0023-0,NULL,NULL,2020,O,7.26E+11,098-US-0023  -000,HIGH,098-US-0023  -000,31.67,0,0,0,0,0,0,0,0,0,0,0,0,0,1
3362,72712816,980100,2.02E+11,20211222,1250,,KY3496,,,KY3496,KY3496,,,,N,N,NULL,NULL,NULL,N,NULL,NULL,NULL,NULL,NULL,NULL,0.57,NULL,NULL,NULL,NULL,,NULL,0,0,2,2,N,N,35,NULL,98,9801,NULL,,Y,37.47108,-82.53339,N,NULL,NULL,NULL,NULL,NULL,NULL,NULL,NULL,5,3,2,3,1,1,2,2,7,3,N,NULL,Y,N,1251,1254,,N,NULL,49,16,0,N,,N,N,,NULL,NULL,2021,O,7.27E+11,098-KY-3496  -000,HIGH,098-KY-3496  -000,0.57,0,0,0,0,0,0,1,0,0,0,0,0,0,1
3363,72479073,980100,2.02E+11,20200221,2044,,LEE,,AVE,,,,,,Y,N,NULL,NULL,NULL,N,NULL,NULL,NULL,NULL,NULL,NULL,,NULL,NULL,NULL,NULL,,NULL,0,0,2,2,N,Y,15,NULL,98,9801,NULL,,Y,37.5008,-82.53397,N,NULL,NULL,NULL,NULL,NULL,NULL,NULL,NULL,2,97,2,6,1,1,3,5,1,3,N,NULL,Y,N,2044,2046,,N,NULL,90,,,N,,N,N,,NULL,NULL,2020,O,7.25E+11,098-CS-1202  -000,MEDIUM,098-CS-1202  -000,0.111,0,0,0,0,0,0,1,0,0,0,0,0,0,1
3364,72746579,KSP0900,22-117830,20220401,1519,,KY1426,,,KY1426,KY1426,0,098 KY-1426,KY1426,Y,N,NULL,NULL,NULL,N,NULL,NULL,NULL,NULL,NULL,NULL,11.598,NULL,NULL,NULL,NULL,,NULL,0,0,2,2,N,N,15,NULL,98,9801,NULL,,Y,37.53149,-82.46913,N,NULL,NULL,NULL,NULL,NULL,NULL,NULL,NULL,5,97,2,6,1,1,2,2,8,3,N,NULL,Y,N,1522,1550,1600,N,NULL,90,7,0,N,,N,N,098-KY-1426-0,NULL,NULL,2022,O,7.27E+11,098-KY-1426  -000,HIGH,098-KY-1426  -000,11.598,0,0,0,0,0,0,1,0,0,0,0,0,0,0
3365,72712167,980100,2.02E+11,20211214,1746,,US23,,,US0023,US0023,,,,N,N,NULL,NULL,NULL,N,NULL,NULL,NULL,NULL,NULL,NULL,26.165,NULL,NULL,NULL,NULL,,NULL,2,0,3,3,N,N,55,NULL,98,9801,NULL,,Y,37.50198,-82.53213,N,NULL,NULL,NULL,NULL,NULL,NULL,NULL,NULL,5,3,4,6,1,1,2,5,7,3,N,NULL,Y,Y,1746,1752,1842,N,NULL,70,,1,N,,N,N,,NULL,NULL,2021,B,7.27E+11,098-US-0023  -010,MEDIUM,098-US-0023  -000,26.165,0,0,0,1,0,0,1,0,0,0,0,0,0,1
3366,72691353,KSP0900,21-450094,20211102,1305,,KY194,,,KY0194,KY0194,0,098 KY-194,KY0194,N,N,NULL,NULL,NULL,N,NULL,NULL,NULL,NULL,NULL,NULL,19.167,NULL,NULL,NULL,NULL,,NULL,0,0,1,1,N,N,55,NULL,98,9817,NULL,,Y,37.55401,-82.41465,N,NULL,NULL,NULL,NULL,NULL,NULL,NULL,NULL,9,3,2,3,1,5,3,2,7,3,N,NULL,Y,N,1305,1310,1325,N,NULL,44,6,0,N,,N,N,098-KY-0194-0,NULL,NULL,2021,O,7.27E+11,098-KY-0194  -000,HIGH,098-KY-0194  -000,19.167,0,0,1,0,0,0,0,1,0,0,0,1,0,0
3367,72559051,KSP0900,20-744281,20201016,1619,,KY1056,,,KY1056,KY1056,0,098 KY-1056,KY1056,N,N,NULL,NULL,NULL,N,NULL,NULL,NULL,NULL,NULL,NULL,10.3,NULL,NULL,NULL,NULL,,NULL,0,0,2,2,Y,N,55,NULL,98,9863,NULL,,Y,37.60678,-82.164,N,NULL,NULL,NULL,NULL,NULL,NULL,NULL,NULL,8,3,2,3,1,1,2,2,7,3,N,NULL,Y,Y,1620,1719,1719,N,NULL,53,7,0,N,,N,N,098-KY-1056-0,NULL,NULL,2020,O,7.26E+11,098-KY-1056  -000,HIGH,098-KY-1056  -000,10.3,0,0,0,0,0,0,0,1,0,0,0,1,0,0
3368,72565729,980100,2.02E+11,20201111,1054,,US23,,,US0023,US0023,,,,N,Y,CASSIDY,,BLVD,N,NULL,NULL,NULL,NULL,NULL,NULL,26.292,NULL,NULL,NULL,NULL,,NULL,2,0,2,2,N,N,55,NULL,98,9801,NULL,,Y,37.50376,-82.53237,N,NULL,NULL,NULL,NULL,NULL,NULL,NULL,NULL,5,3,4,6,1,5,6,2,7,3,Y,NULL,Y,Y,1054,1055,,N,NULL,35,,1,N,,N,N,,NULL,NULL,2020,C,7.26E+11,098-US-0023  -010,MEDIUM,098-US-0023  -000,26.292,0,1,0,0,0,0,0,1,0,0,1,0,0,1
3369,72571880,KSP0900,2020-794905,20201119,2030,,SYCAMORE,,RD,,,0,098 CR-1981,CR1981,N,N,NULL,NULL,NULL,N,NULL,NULL,NULL,NULL,NULL,NULL,0.109,NULL,NULL,NULL,NULL,,NULL,0,0,2,2,Y,N,30,NULL,98,9864,NULL,,Y,37.25667,-82.48018,N,NULL,NULL,NULL,NULL,NULL,NULL,NULL,NULL,7,3,,6,2,1,3,6,7,3,N,NULL,N,N,2030,2110,2110,N,NULL,54,,,N,,N,N,098-CR-1981-0,NULL,NULL,2020,O,7.26E+11,098-CR-1981  -000,HIGH,098-CR-1981  -000,0.109,0,0,1,0,0,0,0,0,0,0,0,1,0,0
3370,72446574,980100,2.02E+11,20191205,1258,,CASSIDY,,BLVD,,,0,098 CS-1191,CS1191,N,N,NULL,NULL,NULL,N,NULL,NULL,NULL,NULL,NULL,NULL,0.192,NULL,NULL,NULL,NULL,,NULL,0,0,2,2,Y,N,25,NULL,98,9801,NULL,,Y,37.50395,-82.53512,N,NULL,NULL,NULL,NULL,NULL,NULL,NULL,NULL,8,3,4,3,1,1,2,2,7,3,N,NULL,N,N,1258,1304,1304,N,NULL,53,,,N,,N,N,098-CS-1191-0,NULL,NULL,2019,O,7.24E+11,098-CS-1191  -000,HIGH,098-CS-1191  -000,0.192,0,0,0,0,0,0,1,0,0,0,0,1,0,1
3371,72469113,980100,2.02E+11,20200127,1223,,HAMBLEY,,BLVD,,,0,098 CS-1222,CS1222,N,N,NULL,NULL,NULL,N,NULL,NULL,NULL,NULL,NULL,NULL,0.04,NULL,NULL,NULL,NULL,,NULL,0,0,2,2,N,N,35,NULL,98,9801,NULL,,Y,37.47408,-82.52724,N,NULL,NULL,NULL,NULL,NULL,NULL,NULL,NULL,1,3,4,6,1,5,3,2,7,3,N,NULL,Y,N,1224,1225,1252,N,NULL,55,,,N,,N,N,098-CS-1222-0,NULL,NULL,2020,O,7.25E+11,098-CS-1222  -000,HIGH,098-CS-1222  -000,0.04,0,0,1,1,0,0,1,0,0,0,0,0,0,1
3372,72682533,980500,2021AR042,20211013,1420,,COWPEN,,RD,KY2061,KY2061,0,098 KY-2061,KY2061,Y,N,NULL,NULL,NULL,N,NULL,NULL,NULL,NULL,NULL,NULL,,NULL,NULL,NULL,NULL,NULL,NULL,0,0,2,2,N,N,15,NULL,98,9807,NULL,,Y,37.52991,-82.57574,N,NULL,NULL,NULL,NULL,NULL,NULL,NULL,NULL,7,97,2,6,1,1,2,2,1,3,N,NULL,Y,Y,1420,1425,1425,N,NULL,90,,0,N,,N,N,098-KY-2061-0,NULL,NULL,2021,O,7.27E+11,098-KY-2061  -000,HIGH,098-KY-2061  -000,0.01,0,0,0,0,0,0,0,0,0,0,0,0,0,0
3373,72572766,KSP0900,20-813166,20201203,518,,US23,,,US0023,US0023,0,098 US-23,US0023,Y,N,NULL,NULL,NULL,N,NULL,NULL,NULL,NULL,NULL,NULL,10.974,NULL,NULL,NULL,NULL,,NULL,0,0,1,1,Y,N,55,NULL,98,9801,NULL,,Y,37.34963,-82.55018,N,NULL,NULL,NULL,NULL,NULL,NULL,NULL,NULL,9,97,4,6,1,1,2,6,5,3,N,NULL,Y,N,518,1157,518,Y,NULL,90,,1,N,,N,N,098-US-0023-0,NULL,NULL,2020,O,7.26E+11,098-US-0023  -000,HIGH,098-US-0023  -000,10.974,0,0,0,0,0,0,1,0,0,0,0,1,0,0
3374,72579582,980100,2.02E+11,20201223,2232,,BYPASS,S,RD,KY1426,KY1426,0,098 KY-1426,KY1426,N,N,NULL,NULL,NULL,N,NULL,NULL,NULL,NULL,NULL,NULL,6.027,NULL,NULL,NULL,NULL,,NULL,1,0,1,1,N,N,55,NULL,98,9801,NULL,,Y,37.47586,-82.51809,N,NULL,NULL,NULL,NULL,NULL,NULL,NULL,NULL,9,4,2,6,1,1,3,6,7,3,N,NULL,Y,Y,2332,2233,2310,N,NULL,44,,0,N,,N,N,098-KY-1426-0,NULL,NULL,2020,C,7.26E+11,098-KY-1426  -000,HIGH,098-KY-1426  -000,6.027,0,0,0,0,0,0,0,0,0,1,0,1,0,1
3375,72556274,KSP0900,20-755082,20201023,2100,,US119,,,US0119,US0119,,,,N,N,NULL,NULL,NULL,N,NULL,NULL,NULL,NULL,NULL,NULL,15.252,NULL,NULL,NULL,NULL,,NULL,0,0,1,1,N,N,55,NULL,98,9833,NULL,,Y,37.61127,-82.33259,N,NULL,NULL,NULL,NULL,NULL,NULL,NULL,NULL,9,3,4,3,1,1,2,6,7,3,Y,NULL,Y,N,2103,2109,2158,N,NULL,70,2,1,N,,N,N,,NULL,NULL,2020,O,7.26E+11,098-US-0119  -000,MEDIUM,098-US-0119  -000,15.252,0,0,0,0,0,0,0,0,0,0,0,1,0,0