OBJECTID,MasterFile,AgencyORINumber,LocalCode,CollisionDate,CollisionTime,CollisionDayWeekCode,RoadwayName,RoadwayName_Direction_,RoadwayName_RoadwaySuffix_,RoadwayfromReport,CurrentRoadwayNumber,RoadwayNumberCoupletID,RSEUniqueGIS,RoadwayIdentifier,ParkingLotIndicator,IntersectionWith_Indicator_,IntersectionWith_NameRoadway_,IntersectionWith_Direction_,IntersectionWith_RoadwaySuffix_,BetweenStreets_Indicator_,BetweenStreets1_NameRoadway_,BetweenStreet1_Direction_,BetweenStreets1_RoadwaySuffix_,BetweenStreets2_NameRoadway_,BetweenStreets2_Direction_,BetweenStreets2_RoadwaySuffix_,Milepoint,ReportMilepointDeriveNumber,CurrentDerivedMiepointNumber,MilestoMilepoint,FeettoMilepoint,DirectionfromMilepoint_NSEW_,ValidMilepointIndicator,NumberInjured,NumberKilled,ofUnits,ofMotorVehicleUnits,Hit&RunIndicator,OneWayIndicator,SpeedLimitNumber,KilometersIndicator,CountyCode,CityCountyCode,MilesFromCity,DirectionFromCity_NSEW_,InCityLimitsIndicator,Latitude,Longitude,RampIndicator,RampFromIdentifier,RampFromDirCode,RampFromCoupletID,RSEUniqueGISRampFrom,RampToidentifier,RampToDirCode,RampToCoupletID,RSEUniqueGisRampTo,MannerofCollisionCode,LocationFirstEventCode,TotalLanes,RoadwayCharacterCode,RoadwaySurfaceCode,RoadwayConditionCode,WeatherCode,LightConditionCode,LandUseCode,SchoolBusRelatedCode,FirstAidSceneIndicator,CollDescPresentInd,InvestigationCompleteIndicator,PhotosTakenIndicator,TimeNotified,TimeArrived,TimeRoadwayOpened,PropertyDamageIndicator,DiagramPresentIndicator,DirectionalAnalysis,FunctionClassCode,NationalHwySysCode,EnforcementsIndicator,KARSCityCode,SecondaryCollisionIndicator,MedianCrossoverIndicator,RT_UNIQUE,MapIt,TimeLastLeft,YR,KABCO,MFNY,WorkingRID,RT_CONFIDENCE,KTC_RT,KTC_MP,Motorcyclist,Commercial Vehicle,Young Driver,Mature Driver,Pedestrian,Bicyclist,Distracted,Aggressive,Impaired,Unrestrained,Intersection,Roadway Departure,Median Cross-over,City Crash
3376,72570361,980100,2.02E+11,20201130,1127,,US23,,,US0023,US0023,,,,N,N,NULL,NULL,NULL,N,NULL,NULL,NULL,NULL,NULL,NULL,27.442,NULL,NULL,NULL,NULL,,NULL,0,0,2,2,N,N,55,NULL,98,9807,NULL,,Y,37.5111,-82.54993,N,NULL,NULL,NULL,NULL,NULL,NULL,NULL,NULL,5,3,6,6,1,5,2,2,7,3,N,NULL,N,N,1127,1137,1127,N,NULL,49,,1,N,,N,N,,NULL,NULL,2020,O,7.26E+11,098-US-0023  -010,MEDIUM,098-US-0023  -000,27.442,0,0,1,0,0,0,0,1,0,0,0,0,0,1
3377,72594054,KSP0900,21-49114,20210206,1400,,US119,,,US0119,US0119,0,098 US-119,US0119,Y,N,NULL,NULL,NULL,N,NULL,NULL,NULL,NULL,NULL,NULL,24.381,NULL,NULL,NULL,NULL,,NULL,0,0,2,2,Y,N,5,NULL,98,9834,NULL,,Y,37.66077,-82.27347,N,NULL,NULL,NULL,NULL,NULL,NULL,NULL,NULL,2,97,4,4,1,1,2,2,1,3,N,NULL,Y,Y,1423,1457,1457,N,NULL,90,2,1,N,,N,N,098-US-0119-0,NULL,NULL,2021,O,7.26E+11,098-US-0119  -000,HIGH,098-US-0119  -000,24.381,0,0,0,0,0,0,1,0,0,0,0,0,0,0
3378,72839795,980100,2.02E+11,20221130,938,,US23,,,US0023,US0023,0,098 US-23,US0023,N,N,NULL,NULL,NULL,N,NULL,NULL,NULL,NULL,NULL,NULL,23.06,NULL,NULL,NULL,NULL,,NULL,3,0,2,2,N,N,55,NULL,98,9801,NULL,,Y,37.46594,-82.52803,N,NULL,NULL,NULL,NULL,NULL,NULL,NULL,NULL,5,3,4,6,1,5,6,2,7,3,Y,NULL,Y,Y,938,941,1015,N,NULL,49,,1,N,,N,N,098-US-0023-0,NULL,NULL,2022,C,7.28E+11,098-US-0023  -000,HIGH,098-US-0023  -000,23.06,0,0,0,0,0,0,1,0,0,0,0,0,0,1
3379,72797371,980100,2.02E+11,20220803,1228,,US23,,,US0023,US0023,0,098 US-23-10,US0023,N,Y,MAYO,,CIR,N,NULL,NULL,NULL,NULL,NULL,NULL,22.29,NULL,NULL,NULL,NULL,,NULL,1,0,2,2,N,N,55,NULL,98,9801,NULL,,Y,37.46134,-82.51697,N,NULL,NULL,NULL,NULL,NULL,NULL,NULL,NULL,5,3,4,6,1,1,2,2,7,3,Y,NULL,Y,Y,1228,1231,1231,N,NULL,14,,1,N,,N,N,098-US-0023-10,NULL,NULL,2022,C,7.28E+11,098-US-0023  -010,HIGH,098-US-0023  -000,22.29,0,0,0,1,0,0,1,0,0,0,1,0,0,1
3380,72545900,KSP0900,20-713581,20200925,1044,,LEFT FORK ISLAND,,CRK,,,0,098 CR-1233Q3,CR1233Q3,N,N,NULL,NULL,NULL,N,NULL,NULL,NULL,NULL,NULL,NULL,0.623,NULL,NULL,NULL,NULL,,NULL,0,0,1,1,N,N,35,NULL,98,9801,NULL,,Y,37.43351,-82.56495,N,NULL,NULL,NULL,NULL,NULL,NULL,NULL,NULL,9,3,1,6,1,5,3,2,7,3,N,NULL,Y,N,1039,1102,,Y,NULL,70,,,Y,,N,N,098-CR-1233Q3-0,NULL,NULL,2020,O,7.25E+11,098-CR-1233Q3-000,HIGH,098-CR-1233Q3-000,0.623,0,0,0,0,0,0,0,0,0,0,0,1,0,0
3381,72723527,980100,2.02E+11,20220123,1819,,CASSIDY,,BLVD,,,,,,Y,N,NULL,NULL,NULL,N,NULL,NULL,NULL,NULL,NULL,NULL,0.238,NULL,NULL,NULL,NULL,,NULL,0,0,2,2,N,Y,15,NULL,98,9801,NULL,,Y,37.50389,-82.53583,N,NULL,NULL,NULL,NULL,NULL,NULL,NULL,NULL,2,97,,6,1,1,2,5,1,3,N,NULL,Y,N,1819,1826,,N,NULL,90,,,Y,,N,N,,NULL,NULL,2022,O,7.27E+11,098-CS-1191  -000,LOW,098-CS-1191  -000,0.238,0,0,0,1,0,0,1,1,0,0,0,0,0,1
3382,72799739,980100,2.02E+11,20220812,947,,US23,,,US0023,US0023,0,098 US-23,US0023,N,Y,US119 TURN LANE FROM US23 N,,,N,NULL,NULL,NULL,NULL,NULL,NULL,26.289,NULL,NULL,NULL,NULL,,NULL,0,0,2,2,N,N,55,NULL,98,9801,NULL,,Y,37.50374,-82.53215,N,NULL,NULL,NULL,NULL,NULL,NULL,NULL,NULL,1,3,4,6,1,1,2,2,7,3,N,NULL,Y,N,947,950,1020,N,NULL,10,,1,N,,N,N,098-US-0023-0,NULL,NULL,2022,O,7.28E+11,098-US-0023  -000,HIGH,098-US-0023  -000,26.289,0,0,0,1,0,0,1,1,0,0,1,0,0,1
3383,72646829,KSP0900,21-289243,20210713,411,,CHLOE,,RD,KY1460,KY1460,0,098 KY-1460,KY1460,N,N,NULL,NULL,NULL,N,NULL,NULL,NULL,NULL,NULL,NULL,0.084,NULL,NULL,NULL,NULL,,NULL,1,0,1,1,N,N,45,NULL,98,9801,3,S,N,37.43256,-82.4809,N,NULL,NULL,NULL,NULL,NULL,NULL,NULL,NULL,9,5,2,6,1,5,3,6,7,3,Y,NULL,Y,N,413,443,515,N,NULL,44,,0,N,,N,N,098-KY-1460-0,NULL,NULL,2021,C,7.26E+11,098-KY-1460  -000,HIGH,098-KY-1460  -000,0.084,0,0,0,0,0,0,0,0,0,0,0,1,0,0
3384,72803970,980100,2.02E+11,20220911,2132,,BYPASS,S,RD,KY1426,KY1426,0,098 KY-1426,KY1426,N,N,NULL,NULL,NULL,N,NULL,NULL,NULL,NULL,NULL,NULL,5.687,NULL,NULL,NULL,NULL,,NULL,0,0,2,2,N,N,55,NULL,98,9801,NULL,,Y,37.47276,-82.5229,N,NULL,NULL,NULL,NULL,NULL,NULL,NULL,NULL,5,3,2,6,1,5,3,5,7,3,N,NULL,Y,N,2133,2137,2149,N,NULL,49,,0,N,,N,N,098-KY-1426-0,NULL,NULL,2022,O,7.28E+11,098-KY-1426  -000,HIGH,098-KY-1426  -000,5.687,0,0,0,0,0,0,1,0,0,0,0,0,0,1
3385,72539106,980000,2009-002,20200904,1740,,US 119,N,,,,,,,N,Y,SOUTHSIDE MALL ROAD,,,N,NULL,NULL,NULL,NULL,NULL,NULL,,NULL,NULL,NULL,NULL,NULL,NULL,0,0,2,2,N,N,45,NULL,98,9834,4,N,N,37.65653,-82.27053,N,NULL,NULL,NULL,NULL,NULL,NULL,NULL,NULL,5,3,4,6,1,5,3,2,7,3,N,NULL,N,Y,1755,1755,1820,N,NULL,35,,,N,,N,N,,NULL,NULL,2020,O,7.25E+11,098-US-0119  -000,MEDIUM,098-US-0119  -000,24.058,0,0,0,0,0,0,1,0,0,0,1,0,0,0
3386,72589405,KSP0900,21-38758,20210129,1844,,US460,,,US0460,US0460,0,098 US-460,US0460,Y,N,NULL,NULL,NULL,N,NULL,NULL,NULL,NULL,NULL,NULL,4.246,NULL,NULL,NULL,NULL,,NULL,0,0,2,2,Y,N,,NULL,98,9824,NULL,,Y,37.41866,-82.4577,N,NULL,NULL,NULL,NULL,NULL,NULL,NULL,NULL,6,7,,6,1,1,2,5,1,3,N,NULL,Y,N,1844,1945,1844,N,NULL,90,,1,N,,N,N,098-US-0460-0,NULL,NULL,2021,O,7.26E+11,098-US-0460  -000,HIGH,098-US-0460  -000,4.246,0,0,0,0,0,0,1,0,0,0,0,0,0,0
3387,72618213,980500,2021AR018,20210427,1736,,MCDONALDS,,,,,,,,N,N,NULL,NULL,NULL,N,NULL,NULL,NULL,NULL,NULL,NULL,,NULL,NULL,NULL,NULL,NULL,NULL,0,0,2,2,N,N,15,NULL,98,9807,NULL,,Y,37.51805,-82.56572,N,NULL,NULL,NULL,NULL,NULL,NULL,NULL,NULL,5,97,1,6,1,1,2,2,1,3,Y,NULL,Y,Y,1700,1730,1730,N,NULL,70,,,N,,N,N,,NULL,NULL,2021,O,7.26E+11,098-CS-3000  -000,MEDIUM,098-CS-3000  -000,0.397,0,0,0,0,0,0,0,0,0,0,0,0,0,0
3388,72567648,980100,2.02E+11,20201108,1339,,US460,,,US0460,US0460,,,,Y,N,NULL,NULL,NULL,N,NULL,NULL,NULL,NULL,NULL,NULL,0.195,NULL,NULL,NULL,NULL,,NULL,0,0,2,2,N,N,15,NULL,98,9801,NULL,,Y,37.43965,-82.50909,N,NULL,NULL,NULL,NULL,NULL,NULL,NULL,NULL,8,97,2,6,1,1,2,2,1,3,N,NULL,Y,N,1339,1406,1454,N,NULL,90,,1,N,,N,N,,NULL,NULL,2020,O,7.26E+11,098-US-0460  -000,HIGH,098-US-0460  -000,0.195,0,0,0,1,0,0,1,1,0,0,0,0,0,1
3389,72521198,980100,2.02E+11,20200715,821,,HAROLDS BRANCH,,RD,,,,,,N,N,NULL,NULL,NULL,N,NULL,NULL,NULL,NULL,NULL,NULL,0.238,NULL,NULL,NULL,NULL,,NULL,0,0,2,2,N,N,25,NULL,98,9801,NULL,,Y,37.46957,-82.51871,N,NULL,NULL,NULL,NULL,NULL,NULL,NULL,NULL,3,3,2,6,1,1,2,2,7,3,N,NULL,N,N,822,825,904,N,NULL,52,,,N,,N,N,,NULL,NULL,2020,O,7.25E+11,098-CS-1223  -000,LOW,098-CS-1223  -000,0.238,0,0,0,0,0,0,1,0,0,0,0,1,0,1
3390,72655982,980100,2.02E+11,20210806,1426,,US23,,,US0023,US0023,0,098 US-23-10,US0023,N,N,NULL,NULL,NULL,N,NULL,NULL,NULL,NULL,NULL,NULL,27.389,NULL,NULL,NULL,NULL,,NULL,0,0,2,2,N,N,55,NULL,98,9807,NULL,,Y,37.51086,-82.54903,N,NULL,NULL,NULL,NULL,NULL,NULL,NULL,NULL,5,3,4,6,1,1,2,2,7,3,N,NULL,Y,N,1427,1437,1437,N,NULL,49,,1,N,,N,N,098-US-0023-10,NULL,NULL,2021,O,7.27E+11,098-US-0023  -010,HIGH,098-US-0023  -000,27.389,0,0,0,1,0,0,1,0,0,0,0,0,0,1
3391,72677877,KSP0900,21-406942,20211002,134,,HAROLDS BRANCH,,RD,,,0,098 CS-1223,CS1223,N,N,NULL,NULL,NULL,N,NULL,NULL,NULL,NULL,NULL,NULL,0.136,NULL,NULL,NULL,NULL,,NULL,1,0,1,1,N,N,5,NULL,98,9801,NULL,,Y,37.47109,-82.52155,N,NULL,NULL,NULL,NULL,NULL,NULL,NULL,NULL,9,97,1,5,97,11,2,7,4,3,N,NULL,Y,N,346,350,350,N,NULL,70,,,N,,N,N,098-CS-1223-0,NULL,NULL,2021,B,7.27E+11,098-CS-1223  -000,HIGH,098-CS-1223  -000,0.136,0,0,1,0,0,0,0,0,1,0,0,1,0,1
3392,72533411,KSP0900,20-638292,20200807,1654,,US23,,,US0023,US0023,0,098 US-23,US0023,N,N,NULL,NULL,NULL,N,NULL,NULL,NULL,NULL,NULL,NULL,23.871,NULL,NULL,NULL,NULL,,NULL,0,0,3,3,N,N,55,NULL,98,9801,NULL,,Y,37.47458,-82.53709,N,NULL,NULL,NULL,NULL,NULL,NULL,NULL,NULL,5,3,4,6,1,1,2,2,7,3,N,NULL,Y,N,1654,1657,,N,NULL,49,,1,N,,N,N,098-US-0023-0,NULL,NULL,2020,O,7.25E+11,098-US-0023  -000,HIGH,098-US-0023  -000,23.871,0,0,0,0,0,0,0,0,0,0,0,0,0,1
3393,72869916,KSP0900,23-76823,20230227,2200,,CABIN,,FRK,,,0,098 CR-1932,CR1932,N,N,NULL,NULL,NULL,N,NULL,NULL,NULL,NULL,NULL,NULL,0.785,NULL,NULL,NULL,NULL,,NULL,0,0,1,1,N,N,20,NULL,98,9809,NULL,,Y,37.29256,-82.56816,N,NULL,NULL,NULL,NULL,NULL,NULL,NULL,NULL,9,3,1,1,1,5,3,6,7,3,N,NULL,Y,N,2200,2228,,N,NULL,44,,,N,,N,N,098-CR-1932-0,NULL,NULL,2023,O,7.29E+11,098-CR-1932  -000,HIGH,098-CR-1932  -000,0.782,0,0,0,0,0,0,0,0,0,0,0,1,0,0
3394,72653416,980100,2.02E+11,20210723,1739,,KY3496,,,KY3496,KY3496,0,098 KY-3496,KY3496,N,N,NULL,NULL,NULL,N,NULL,NULL,NULL,NULL,NULL,NULL,0.241,NULL,NULL,NULL,NULL,,NULL,1,0,2,2,N,N,35,NULL,98,9801,NULL,,Y,37.46688,-82.53181,N,NULL,NULL,NULL,NULL,NULL,NULL,NULL,NULL,5,3,2,6,1,1,2,2,1,3,Y,NULL,Y,Y,1739,1745,1844,N,NULL,49,16,0,N,,N,N,098-KY-3496-0,NULL,NULL,2021,B,7.27E+11,098-KY-3496  -000,HIGH,098-KY-3496  -000,0.241,0,0,0,1,0,0,1,0,0,0,0,0,0,1
3395,72774775,980100,2.02E+11,20220614,1601,,BANK,,ST,,,0,098 CS-1106,CS1106,Y,N,NULL,NULL,NULL,N,NULL,NULL,NULL,NULL,NULL,NULL,0.106,NULL,NULL,NULL,NULL,,NULL,0,0,2,2,Y,N,,NULL,98,9801,NULL,,Y,37.47624,-82.52016,N,NULL,NULL,NULL,NULL,NULL,NULL,NULL,NULL,1,7,,6,1,1,2,2,1,3,N,NULL,Y,N,1601,1601,1608,N,NULL,90,,,N,,N,N,098-CS-1106-0,NULL,NULL,2022,O,7.28E+11,098-CS-1106  -000,HIGH,098-CS-1106  -000,0.106,0,0,0,0,0,0,0,0,0,0,0,0,0,1
3396,72720067,980100,2.02E+11,20220112,1212,,CASSIDY,,BLVD,,,0,098 CS-1191,CS1191,N,N,NULL,NULL,NULL,N,NULL,NULL,NULL,NULL,NULL,NULL,0.242,NULL,NULL,NULL,NULL,,NULL,0,0,2,2,N,N,15,NULL,98,9801,NULL,,Y,37.50449,-82.53583,N,NULL,NULL,NULL,NULL,NULL,NULL,NULL,NULL,1,3,3,6,1,1,2,2,1,3,N,NULL,Y,N,1213,1223,1223,N,NULL,55,,,N,,N,N,098-CS-1191-0,NULL,NULL,2022,O,7.27E+11,098-CS-1191  -000,HIGH,098-CS-1191  -000,0.242,0,0,0,1,0,0,1,0,0,0,0,0,0,1
3397,72494431,980100,2.02E+11,20200411,616,,CHLOE,,RD,KY1460,KY1460,,,,N,N,NULL,NULL,NULL,N,NULL,NULL,NULL,NULL,NULL,NULL,3.414,NULL,NULL,NULL,NULL,,NULL,0,0,1,1,N,N,45,NULL,98,9801,NULL,,Y,37.47499,-82.48728,N,NULL,NULL,NULL,NULL,NULL,NULL,NULL,NULL,9,3,2,6,1,1,2,6,6,1,N,NULL,Y,N,616,618,735,N,NULL,40,,0,N,,N,N,,NULL,NULL,2020,O,7.25E+11,098-KY-1460  -000,HIGH,098-KY-1460  -000,3.414,0,0,0,1,0,0,0,0,0,1,0,1,0,1
3398,72534423,KSP0900,20-646399,20200812,1718,,KY194,,,KY0194,KY0194,0,098 KY-194,KY0194,N,N,NULL,NULL,NULL,N,NULL,NULL,NULL,NULL,NULL,NULL,28.034,NULL,NULL,NULL,NULL,,NULL,0,0,2,2,N,N,55,NULL,98,9817,NULL,,Y,37.47923,-82.34777,N,NULL,NULL,NULL,NULL,NULL,NULL,NULL,NULL,3,3,2,6,1,1,2,2,7,3,N,NULL,Y,Y,1718,1740,1820,N,NULL,52,7,0,N,,N,N,098-KY-0194-0,NULL,NULL,2020,O,7.25E+11,098-KY-0194  -000,HIGH,098-KY-0194  -000,28.034,0,0,0,0,0,0,0,0,1,1,0,1,0,0
3399,72561537,KSP0900,20-771408,20201104,1130,,US23,,,US0023,US0023,0,098 US-23-10,US0023,N,N,NULL,NULL,NULL,N,NULL,NULL,NULL,NULL,NULL,NULL,29.32,NULL,NULL,NULL,NULL,,NULL,0,0,2,2,N,N,45,NULL,98,9807,NULL,,Y,37.52784,-82.57487,N,NULL,NULL,NULL,NULL,NULL,NULL,NULL,NULL,5,3,6,6,1,1,2,2,6,3,N,NULL,Y,N,1130,1140,,N,NULL,49,,1,N,,N,N,098-US-0023-10,NULL,NULL,2020,O,7.26E+11,098-US-0023  -010,HIGH,098-US-0023  -000,29.32,0,0,1,1,0,0,0,0,0,0,0,0,0,0
3400,72636954,980500,2021AR023,20210616,1600,,US23,,,US0023,US0023,0,098 US-23-10,US0023,N,N,NULL,NULL,NULL,N,NULL,NULL,NULL,NULL,NULL,NULL,,NULL,NULL,NULL,NULL,NULL,NULL,0,0,2,2,N,N,45,NULL,98,9807,NULL,,Y,37.52267,-82.57109,N,NULL,NULL,NULL,NULL,NULL,NULL,NULL,NULL,5,3,6,6,1,1,2,2,7,3,N,NULL,Y,Y,1600,1600,1650,N,NULL,49,,1,Y,,N,N,098-US-0023-10,NULL,NULL,2021,O,7.26E+11,098-US-0023  -010,HIGH,098-US-0023  -000,28.907,0,0,0,0,0,0,1,0,0,0,0,0,0,0
3401,72496465,KSP0900,20-14284,20200417,2136,,DORTON-JENKINS,,HWY,KY0805,KY0805,0,098 KY-805,KY0805,N,N,NULL,NULL,NULL,N,NULL,NULL,NULL,NULL,NULL,NULL,3.098,NULL,NULL,NULL,NULL,,NULL,1,0,1,1,N,N,55,NULL,98,9809,NULL,,Y,37.23349,-82.56599,N,NULL,NULL,NULL,NULL,NULL,NULL,NULL,NULL,9,3,2,3,1,1,2,6,7,3,N,NULL,Y,N,2137,2205,,N,NULL,44,7,0,N,,N,N,098-KY-0805-0,NULL,NULL,2020,C,7.25E+11,098-KY-0805  -000,HIGH,098-KY-0805  -000,3.098,0,0,0,0,0,0,0,0,0,1,0,1,0,0
3402,72785433,KSP0900,22-271220,20220716,30,,ALLEGHENY,,RD,,,0,098 CR-1200Q3,CR1200Q3,N,N,NULL,NULL,NULL,N,NULL,NULL,NULL,NULL,NULL,NULL,0.381,NULL,NULL,NULL,NULL,,NULL,1,0,1,1,N,N,35,NULL,98,9835,NULL,,Y,37.28683,-82.47216,N,NULL,NULL,NULL,NULL,NULL,NULL,NULL,NULL,9,3,1,5,3,1,2,4,7,3,N,NULL,Y,Y,30,40,40,N,NULL,44,,,N,,N,N,098-CR-1200Q3-0,NULL,NULL,2022,B,7.28E+11,098-CR-1200Q3-000,HIGH,098-CR-1200Q3-000,0.381,0,0,0,0,0,0,0,0,0,0,0,1,0,0
3403,72501712,KSP0900,20-17377,20200509,1303,,FISHTRAP,,RD,KY1441,KY1441,0,098 KY-1441,KY1441,N,N,NULL,NULL,NULL,N,NULL,NULL,NULL,NULL,NULL,NULL,8.813,NULL,NULL,NULL,NULL,,NULL,0,0,1,1,Y,N,45,NULL,98,9850,NULL,,Y,37.5011,-82.44548,N,NULL,NULL,NULL,NULL,NULL,NULL,NULL,NULL,9,5,2,6,1,1,2,2,7,3,N,NULL,Y,Y,1345,1452,1452,Y,NULL,51,8,0,N,,N,N,098-KY-1441-0,NULL,NULL,2020,O,7.25E+11,098-KY-1441  -000,HIGH,098-KY-1441  -000,8.813,0,0,0,0,0,0,0,0,0,0,0,1,0,0
3404,72570410,980500,2020AR065,20201130,1740,,WEDDINGTON BRANCH,,RD,,,0,098 CS-3026,CS3026,Y,N,NULL,NULL,NULL,N,NULL,NULL,NULL,NULL,NULL,NULL,,NULL,NULL,NULL,NULL,NULL,NULL,0,0,2,2,N,N,15,NULL,98,9807,NULL,,Y,37.52598,-82.57069,N,NULL,NULL,NULL,NULL,NULL,NULL,NULL,NULL,2,97,2,6,1,5,6,3,1,3,N,NULL,Y,Y,1742,1746,1810,N,NULL,90,,,N,,N,N,098-CS-3026-0,NULL,NULL,2020,O,7.26E+11,098-CS-3026  -000,HIGH,098-CS-3026  -000,0.245,0,0,0,0,0,0,1,0,0,0,0,0,0,0
3405,72696648,KSP0900,21-458261,20211108,1244,,US460,,,US0460,US0460,0,098 US-460,US0460,N,N,NULL,NULL,NULL,N,NULL,NULL,NULL,NULL,NULL,NULL,0.855,NULL,NULL,NULL,NULL,,NULL,0,0,2,2,N,N,55,NULL,98,9801,NULL,,Y,37.43238,-82.50548,N,NULL,NULL,NULL,NULL,NULL,NULL,NULL,NULL,5,3,2,6,1,1,2,2,7,3,N,NULL,Y,N,1244,1245,1245,N,NULL,49,,1,N,,N,N,098-US-0460-0,NULL,NULL,2021,O,7.27E+11,098-US-0460  -000,HIGH,098-US-0460  -000,0.855,0,0,0,0,0,0,0,1,0,0,0,0,0,0
3406,72699518,KSP0900,21-469765,20211116,1835,,OWSLEY,,RD,KY1384,KY1384,0,098 KY-1384,KY1384,N,N,NULL,NULL,NULL,N,NULL,NULL,NULL,NULL,NULL,NULL,5.402,NULL,NULL,NULL,NULL,,NULL,0,0,1,1,N,N,35,NULL,98,9801,NULL,,Y,37.48179,-82.56426,N,NULL,NULL,NULL,NULL,NULL,NULL,NULL,NULL,9,3,2,4,1,1,2,6,7,3,N,NULL,Y,N,1842,1925,,N,NULL,40,17,0,N,,N,N,098-KY-1384-0,NULL,NULL,2021,O,7.27E+11,098-KY-1384  -000,HIGH,098-KY-1384  -000,5.402,0,0,0,0,0,0,0,0,0,0,0,1,0,1
3407,72527335,980100,2.02E+11,20200729,1609,,HAROLDS BRANCH,,RD,,,,,,Y,N,NULL,NULL,NULL,N,NULL,NULL,NULL,NULL,NULL,NULL,0.045,NULL,NULL,NULL,NULL,,NULL,0,0,2,2,Y,N,5,NULL,98,9801,NULL,,Y,37.47219,-82.5225,N,NULL,NULL,NULL,NULL,NULL,NULL,NULL,NULL,2,97,,1,2,1,2,2,1,3,N,NULL,Y,N,1609,1615,1615,N,NULL,90,,,N,,N,N,,NULL,NULL,2020,O,7.25E+11,098-CS-1223  -000,MEDIUM,098-CS-1223  -000,0.045,0,0,0,0,0,0,0,0,0,0,0,0,0,1
3408,72631506,KSP0900,21-218409,20210528,2015,,US23,,,US0023,US0023,0,098 US-23,US0023,N,N,NULL,NULL,NULL,N,NULL,NULL,NULL,NULL,NULL,NULL,29.564,NULL,NULL,NULL,NULL,,NULL,1,0,2,2,Y,N,55,NULL,98,9807,NULL,,Y,37.53108,-82.57665,N,NULL,NULL,NULL,NULL,NULL,NULL,NULL,NULL,5,3,6,6,1,1,2,2,7,3,N,NULL,Y,Y,2015,2020,2035,N,NULL,49,,1,N,,N,N,098-US-0023-0,NULL,NULL,2021,B,7.26E+11,098-US-0023  -000,HIGH,098-US-0023  -000,29.564,0,0,0,0,0,0,1,0,0,0,0,0,0,1
3409,72565675,980100,2.02E+11,20201110,2050,,SCOTT,,AVE,,,0,098 CS-1116,CS1116,Y,N,NULL,NULL,NULL,N,NULL,NULL,NULL,NULL,NULL,NULL,0.056,NULL,NULL,NULL,NULL,,NULL,0,0,2,2,N,N,15,NULL,98,9801,NULL,,Y,37.48252,-82.51627,N,NULL,NULL,NULL,NULL,NULL,NULL,NULL,NULL,2,97,1,6,1,1,2,4,5,3,N,NULL,Y,N,2050,2054,,N,NULL,90,,,N,,N,N,098-CS-1116-0,NULL,NULL,2020,O,7.26E+11,098-CS-1116  -000,HIGH,098-CS-1116  -000,0.056,0,0,0,0,0,0,1,0,0,0,0,0,0,1
3410,72572052,980000,10-11-009,20201125,1750,,BIG CREEK,,RD,KY0468,KY0468,0,098 KY-468,KY0468,N,N,NULL,NULL,NULL,N,NULL,NULL,NULL,NULL,NULL,NULL,8.778,NULL,NULL,NULL,NULL,,NULL,1,0,1,1,N,N,55,NULL,98,9843,NULL,,Y,37.70431,-82.35434,N,NULL,NULL,NULL,NULL,NULL,NULL,NULL,NULL,9,5,2,3,1,5,6,6,7,3,Y,NULL,Y,Y,1715,1735,1800,N,NULL,51,8,0,N,,N,N,098-KY-0468-0,NULL,NULL,2020,C,7.26E+11,098-KY-0468  -000,HIGH,098-KY-0468  -000,8.778,0,0,0,0,0,0,1,0,0,0,0,1,0,0
3411,72661541,980100,2.02E+11,20210819,2300,,SOUTH BYPASS,,RD,,,0,098 CS-1223,CS1223,Y,N,NULL,NULL,NULL,N,NULL,NULL,NULL,NULL,NULL,NULL,,NULL,NULL,NULL,NULL,NULL,NULL,0,0,2,2,Y,N,,NULL,98,9801,NULL,,Y,37.47211,-82.52253,N,NULL,NULL,NULL,NULL,NULL,NULL,NULL,NULL,8,97,2,6,2,1,2,5,1,3,N,NULL,N,N,1515,1515,1515,N,NULL,90,,,N,,N,N,098-CS-1223-0,NULL,NULL,2021,O,7.27E+11,098-CS-1223  -000,HIGH,098-CS-1223  -000,0.048,0,0,0,0,0,0,0,0,0,0,0,0,0,1
3412,72700833,980100,2.02E+11,20211123,1822,,US23,,,US0023,US0023,0,098 US-23,US0023,N,N,NULL,NULL,NULL,N,NULL,NULL,NULL,NULL,NULL,NULL,26.626,NULL,NULL,NULL,NULL,,NULL,0,0,2,2,Y,N,55,NULL,98,9801,NULL,,Y,37.5078,-82.53523,N,NULL,NULL,NULL,NULL,NULL,NULL,NULL,NULL,8,3,6,3,1,1,2,6,7,3,N,NULL,Y,N,1822,1829,1822,N,NULL,53,,1,N,,N,N,098-US-0023-0,NULL,NULL,2021,O,7.27E+11,098-US-0023  -000,HIGH,098-US-0023  -000,26.626,0,1,0,0,0,0,0,0,0,0,0,1,0,1