OBJECTID,MasterFile,AgencyORINumber,LocalCode,CollisionDate,CollisionTime,CollisionDayWeekCode,RoadwayName,RoadwayName_Direction_,RoadwayName_RoadwaySuffix_,RoadwayfromReport,CurrentRoadwayNumber,RoadwayNumberCoupletID,RSEUniqueGIS,RoadwayIdentifier,ParkingLotIndicator,IntersectionWith_Indicator_,IntersectionWith_NameRoadway_,IntersectionWith_Direction_,IntersectionWith_RoadwaySuffix_,BetweenStreets_Indicator_,BetweenStreets1_NameRoadway_,BetweenStreet1_Direction_,BetweenStreets1_RoadwaySuffix_,BetweenStreets2_NameRoadway_,BetweenStreets2_Direction_,BetweenStreets2_RoadwaySuffix_,Milepoint,ReportMilepointDeriveNumber,CurrentDerivedMiepointNumber,MilestoMilepoint,FeettoMilepoint,DirectionfromMilepoint_NSEW_,ValidMilepointIndicator,NumberInjured,NumberKilled,ofUnits,ofMotorVehicleUnits,Hit&RunIndicator,OneWayIndicator,SpeedLimitNumber,KilometersIndicator,CountyCode,CityCountyCode,MilesFromCity,DirectionFromCity_NSEW_,InCityLimitsIndicator,Latitude,Longitude,RampIndicator,RampFromIdentifier,RampFromDirCode,RampFromCoupletID,RSEUniqueGISRampFrom,RampToidentifier,RampToDirCode,RampToCoupletID,RSEUniqueGisRampTo,MannerofCollisionCode,LocationFirstEventCode,TotalLanes,RoadwayCharacterCode,RoadwaySurfaceCode,RoadwayConditionCode,WeatherCode,LightConditionCode,LandUseCode,SchoolBusRelatedCode,FirstAidSceneIndicator,CollDescPresentInd,InvestigationCompleteIndicator,PhotosTakenIndicator,TimeNotified,TimeArrived,TimeRoadwayOpened,PropertyDamageIndicator,DiagramPresentIndicator,DirectionalAnalysis,FunctionClassCode,NationalHwySysCode,EnforcementsIndicator,KARSCityCode,SecondaryCollisionIndicator,MedianCrossoverIndicator,RT_UNIQUE,MapIt,TimeLastLeft,YR,KABCO,MFNY,WorkingRID,RT_CONFIDENCE,KTC_RT,KTC_MP,Motorcyclist,Commercial Vehicle,Young Driver,Mature Driver,Pedestrian,Bicyclist,Distracted,Aggressive,Impaired,Unrestrained,Intersection,Roadway Departure,Median Cross-over,City Crash
3413,72604408,980100,2.02E+11,20210316,1234,,KY3496,,,KY3496,KY3496,,,,Y,N,NULL,NULL,NULL,N,NULL,NULL,NULL,NULL,NULL,NULL,0.787,NULL,NULL,NULL,NULL,,NULL,0,0,2,2,N,Y,10,NULL,98,9801,NULL,,Y,37.47206,-82.52948,N,NULL,NULL,NULL,NULL,NULL,NULL,NULL,NULL,1,97,1,6,1,1,2,2,1,3,N,NULL,Y,N,1234,1242,1249,N,NULL,90,16,0,N,,N,N,,NULL,NULL,2021,O,7.26E+11,098-KY-3496  -000,MEDIUM,098-KY-3496  -000,0.787,0,0,1,0,0,0,1,0,0,0,0,0,0,1
3414,72541218,980100,2.02E+11,20200905,1742,,CASSIDY,,BLVD,,,0,098 CS-1191,CS1191,Y,N,NULL,NULL,NULL,N,NULL,NULL,NULL,NULL,NULL,NULL,,NULL,NULL,NULL,NULL,,NULL,1,0,2,1,N,N,,NULL,98,9801,NULL,,Y,37.50568,-82.53745,N,NULL,NULL,NULL,NULL,NULL,NULL,NULL,NULL,9,97,1,6,1,1,2,2,1,3,Y,NULL,Y,Y,1742,1742,1750,N,NULL,90,,,N,,N,N,098-CS-1191-0,NULL,NULL,2020,C,7.25E+11,098-CS-1191  -000,HIGH,098-CS-1191  -000,0.33,0,0,0,0,1,0,1,0,0,0,0,0,0,1
3415,72698282,980100,2.02E+11,20211110,1445,,US23,,,US0023,US0023,0,098 US-23,US0023,N,N,NULL,NULL,NULL,N,NULL,NULL,NULL,NULL,NULL,NULL,26.282,NULL,NULL,NULL,NULL,,NULL,0,0,2,2,N,N,55,NULL,98,9801,NULL,,Y,37.50364,-82.53214,N,NULL,NULL,NULL,NULL,NULL,NULL,NULL,NULL,5,3,4,6,1,1,2,2,7,3,N,NULL,Y,N,1445,1445,1445,N,NULL,49,,1,N,,N,N,098-US-0023-0,NULL,NULL,2021,O,7.27E+11,098-US-0023  -000,HIGH,098-US-0023  -000,26.282,0,0,1,0,0,0,0,0,0,0,0,0,0,1
3416,72478020,980100,2.02E+11,20200214,1303,,CASSIDY,,BLVD,,,,,,Y,N,NULL,NULL,NULL,N,NULL,NULL,NULL,NULL,NULL,NULL,,NULL,NULL,NULL,NULL,,NULL,0,0,2,2,Y,N,15,NULL,98,9801,NULL,,Y,37.50751,-82.53906,N,NULL,NULL,NULL,NULL,NULL,NULL,NULL,NULL,5,97,2,6,1,1,2,2,1,3,N,NULL,Y,N,1303,1353,1353,N,NULL,90,,,Y,,N,N,,NULL,NULL,2020,O,7.25E+11,098-US-0023  -010,MEDIUM,098-US-0023  -000,26.796,0,0,0,0,0,0,1,0,0,0,0,0,0,1
3417,72732113,980100,2.02E+11,20220215,1718,,CASSIDY,,BLVD,,,,,,Y,N,NULL,NULL,NULL,N,NULL,NULL,NULL,NULL,NULL,NULL,0.33,NULL,NULL,NULL,NULL,,NULL,0,0,2,2,N,N,,NULL,98,9801,NULL,,Y,37.50522,-82.53747,N,NULL,NULL,NULL,NULL,NULL,NULL,NULL,NULL,2,97,2,6,1,1,2,2,1,3,N,NULL,Y,N,1719,1725,1725,N,NULL,90,,,N,,N,N,,NULL,NULL,2022,O,7.27E+11,098-CS-1191  -000,MEDIUM,098-CS-1191  -000,0.33,0,0,0,1,0,0,1,0,0,0,0,0,0,1
3418,72872961,KSP0900,23-81502,20230303,922,,US119,,,US0119,US0119,,,,Y,N,NULL,NULL,NULL,N,NULL,NULL,NULL,NULL,NULL,NULL,0.416,NULL,NULL,NULL,NULL,,NULL,0,0,2,2,N,N,15,NULL,98,9801,NULL,,Y,37.50587,-82.52507,N,NULL,NULL,NULL,NULL,NULL,NULL,NULL,NULL,8,97,1,6,3,11,3,2,1,3,N,NULL,Y,N,922,930,1000,N,NULL,90,2,1,N,,N,N,,NULL,NULL,2023,O,7.29E+11,098-US-0119  -000,MEDIUM,098-US-0119  -000,0.418,0,0,0,0,0,0,0,0,0,0,0,0,0,1
3419,72479806,KSP0900,20-6838,20200221,730,,RIGHT FORK OF BRUSHY,,RD,,,0,098 CR-1360Q4,CR1360Q4,N,N,NULL,NULL,NULL,N,NULL,NULL,NULL,NULL,NULL,NULL,1.095,NULL,NULL,NULL,NULL,,NULL,1,0,2,2,N,N,35,NULL,98,9801,NULL,,Y,37.65206,-82.47413,N,NULL,NULL,NULL,NULL,NULL,NULL,NULL,NULL,3,3,1,6,1,1,2,2,7,3,N,NULL,Y,Y,730,735,900,N,NULL,52,,,Y,,N,N,098-CR-1360Q4-0,NULL,NULL,2020,C,7.25E+11,098-CR-1360Q4-000,HIGH,098-CR-1360Q4-000,1.095,0,0,1,0,0,0,0,1,0,0,0,1,0,0
3420,72679040,980100,2.02E+11,20211001,1131,,CASSIDY,,BLVD,,,0,098 CS-1191,CS1191,Y,N,NULL,NULL,NULL,N,NULL,NULL,NULL,NULL,NULL,NULL,0.042,NULL,NULL,NULL,NULL,,NULL,0,0,2,2,N,N,,NULL,98,9801,NULL,,Y,37.5037,-82.53285,N,NULL,NULL,NULL,NULL,NULL,NULL,NULL,NULL,2,97,1,6,1,1,2,2,1,3,N,NULL,Y,N,1132,1137,1137,N,NULL,90,,,N,,N,N,098-CS-1191-0,NULL,NULL,2021,O,7.27E+11,098-CS-1191  -000,HIGH,098-CS-1191  -000,0.042,0,0,0,0,0,0,1,0,0,0,0,0,0,1
3421,72659983,980500,2021AR031,20210818,1204,,PARKING LOT,,,US0023,US0023,0,098 US-23-10,US0023,Y,N,NULL,NULL,NULL,N,NULL,NULL,NULL,NULL,NULL,NULL,,NULL,NULL,NULL,NULL,NULL,NULL,0,0,2,2,N,N,15,NULL,98,9807,NULL,,Y,37.52385,-82.57252,N,NULL,NULL,NULL,NULL,NULL,NULL,NULL,NULL,2,97,,5,1,1,3,2,1,3,N,NULL,Y,Y,1206,1208,1208,N,NULL,90,,1,N,,N,N,098-US-0023-10,NULL,NULL,2021,O,7.27E+11,098-US-0023  -010,HIGH,098-US-0023  -000,29.017,0,0,0,1,0,0,1,0,0,0,0,0,0,0
3422,72510517,KSP0900,20-22165,20200611,1729,,KY194,,,KY0194,KY0194,0,098 KY-194,KY0194,N,N,NULL,NULL,NULL,N,NULL,NULL,NULL,NULL,NULL,NULL,61.031,NULL,NULL,NULL,NULL,,NULL,0,0,2,2,N,N,35,NULL,98,9811,NULL,,Y,37.56238,-82.13545,N,NULL,NULL,NULL,NULL,NULL,NULL,NULL,NULL,5,3,2,6,1,1,2,2,7,3,N,NULL,Y,Y,1731,1756,1834,N,NULL,70,7,0,N,,N,N,098-KY-0194-0,NULL,NULL,2020,O,7.25E+11,098-KY-0194  -000,HIGH,098-KY-0194  -000,61.031,0,0,0,0,0,0,1,0,0,0,0,0,0,0
3423,72569101,KSP0900,20-805010,20201126,2131,,FISH POND,,BTM,,,0,098 CR-1625H,CR1625H,N,N,NULL,NULL,NULL,N,NULL,NULL,NULL,NULL,NULL,NULL,0.018,NULL,NULL,NULL,NULL,,NULL,0,0,2,2,N,N,10,NULL,98,9802,NULL,,Y,37.28706,-82.36782,N,NULL,NULL,NULL,NULL,NULL,NULL,NULL,NULL,2,3,1,6,1,1,2,6,7,3,N,NULL,Y,N,2131,2233,,N,NULL,47,,,N,,N,N,098-CR-1625H-0,NULL,NULL,2020,O,7.26E+11,098-CR-1625H -000,HIGH,098-CR-1625H -000,0.018,0,0,1,0,0,0,1,0,0,0,0,0,0,0
3424,72784032,KSP0900,22-272131,20220717,1725,,KY194,,,KY0194,KY0194,0,098 KY-194,KY0194,N,N,NULL,NULL,NULL,N,NULL,NULL,NULL,NULL,NULL,NULL,19.599,NULL,NULL,NULL,NULL,,NULL,0,0,1,1,N,N,55,NULL,98,9817,NULL,,Y,37.55017,-82.40931,N,NULL,NULL,NULL,NULL,NULL,NULL,NULL,NULL,9,3,2,3,1,5,2,2,7,3,N,NULL,Y,N,1727,1730,1730,N,NULL,44,6,0,N,,N,N,098-KY-0194-0,NULL,NULL,2022,O,7.28E+11,098-KY-0194  -000,HIGH,098-KY-0194  -000,19.599,0,0,0,0,0,0,0,0,0,0,0,1,0,0
3425,72474501,KSP0900,20-5261,20200209,1327,,KY195,,,KY0195,KY0195,0,098 KY-195,KY0195,N,N,NULL,NULL,NULL,N,NULL,NULL,NULL,NULL,NULL,NULL,11.533,NULL,NULL,NULL,NULL,,NULL,0,0,1,1,N,N,55,NULL,98,9830,NULL,,Y,37.36775,-82.41291,N,NULL,NULL,NULL,NULL,NULL,NULL,NULL,NULL,9,3,2,3,1,1,2,2,7,3,N,NULL,Y,N,1328,1333,1406,Y,NULL,44,7,0,N,,N,N,098-KY-0195-0,NULL,NULL,2020,O,7.25E+11,098-KY-0195  -000,HIGH,098-KY-0195  -000,11.533,0,0,0,0,0,0,0,0,0,0,0,1,0,0
3426,72678020,980100,2.02E+11,20211001,1633,,CASSIDY,,BLVD,,,0,098 CS-1191,CS1191,N,N,NULL,NULL,NULL,N,NULL,NULL,NULL,NULL,NULL,NULL,0.007,NULL,NULL,NULL,NULL,,NULL,0,0,2,2,N,N,55,NULL,98,9801,NULL,,Y,37.50375,-82.53226,N,NULL,NULL,NULL,NULL,NULL,NULL,NULL,NULL,5,3,4,6,1,1,2,2,1,3,N,NULL,Y,N,1633,1640,1716,N,NULL,49,,,N,,N,N,098-CS-1191-0,NULL,NULL,2021,O,7.27E+11,098-CS-1191  -000,HIGH,098-CS-1191  -000,0.007,0,1,0,0,0,0,1,0,0,0,0,0,0,1
3427,72599503,980100,2.02E+11,20210301,1828,,BAIRD,,AVE,KY1426,KY1426,0,098 KY-1426,KY1426,Y,N,NULL,NULL,NULL,N,NULL,NULL,NULL,NULL,NULL,NULL,5.418,NULL,NULL,NULL,NULL,,NULL,0,0,2,2,N,N,,NULL,98,9801,NULL,,Y,37.47295,-82.52705,N,NULL,NULL,NULL,NULL,NULL,NULL,NULL,NULL,2,97,2,6,1,1,2,3,1,3,N,NULL,Y,N,1829,1836,1913,N,NULL,90,,0,N,,N,N,098-KY-1426-0,NULL,NULL,2021,O,7.26E+11,098-KY-1426  -000,HIGH,098-KY-1426  -000,5.418,0,0,0,0,0,0,1,0,0,0,0,0,0,1
3428,72486215,KSP0900,20-7477,20200223,1200,,KY3496,,,KY3496,KY3496,0,098 KY-3496,KY3496,Y,N,NULL,NULL,NULL,N,NULL,NULL,NULL,NULL,NULL,NULL,0.69,NULL,NULL,NULL,NULL,,NULL,0,0,2,2,Y,N,35,NULL,98,9801,NULL,,Y,37.47182,-82.53152,N,NULL,NULL,NULL,NULL,NULL,NULL,NULL,NULL,1,97,2,6,1,1,2,2,1,3,N,NULL,Y,N,2133,2141,2239,N,NULL,90,16,0,N,,N,N,098-KY-3496-0,NULL,NULL,2020,O,7.25E+11,098-KY-3496  -000,HIGH,098-KY-3496  -000,0.69,0,0,0,0,0,0,1,0,0,0,0,0,0,1
3429,72526908,KSP0900,20-628283,20200801,213,,JESSIES,,BR,,,0,098 CR-1656,CR1656,N,N,NULL,NULL,NULL,N,NULL,NULL,NULL,NULL,NULL,NULL,0.685,NULL,NULL,NULL,NULL,,NULL,0,0,1,1,N,Y,5,NULL,98,9802,NULL,,Y,37.33796,-82.38024,N,NULL,NULL,NULL,NULL,NULL,NULL,NULL,NULL,9,3,1,6,3,5,2,6,7,3,N,NULL,Y,N,243,247,,N,NULL,44,,,N,,N,N,098-CR-1656-0,NULL,NULL,2020,O,7.25E+11,098-CR-1656  -000,HIGH,098-CR-1656  -000,0.685,0,0,0,0,0,0,0,0,0,0,0,1,0,0
3430,72511749,980100,2.02E+11,20200614,1821,,THOMPSON,,RD,,,,,,N,N,NULL,NULL,NULL,N,NULL,NULL,NULL,NULL,NULL,NULL,0.424,NULL,NULL,NULL,NULL,,NULL,0,0,2,2,N,N,45,NULL,98,9801,NULL,,Y,37.50639,-82.54498,N,NULL,NULL,NULL,NULL,NULL,NULL,NULL,NULL,1,3,2,3,1,5,3,2,7,3,N,NULL,Y,N,1821,1829,1829,N,NULL,55,,,N,,N,N,,NULL,NULL,2020,O,7.25E+11,098-CS-1215  -000,MEDIUM,098-CS-1215  -000,0.424,0,0,0,0,0,0,1,0,0,0,0,0,0,1
3431,72523845,980100,2.02E+11,20200716,1524,,KY3496,,,KY3496,KY3496,0,098 KY-3496,KY3496,Y,N,NULL,NULL,NULL,N,NULL,NULL,NULL,NULL,NULL,NULL,0.162,NULL,NULL,NULL,NULL,,NULL,0,0,2,2,N,N,35,NULL,98,9801,NULL,,Y,37.4663,-82.53058,N,NULL,NULL,NULL,NULL,NULL,NULL,NULL,NULL,5,97,1,6,1,1,2,2,1,3,N,NULL,Y,N,1524,1528,,N,NULL,90,16,0,N,,N,N,098-KY-3496-0,NULL,NULL,2020,O,7.25E+11,098-KY-3496  -000,HIGH,098-KY-3496  -000,0.162,0,0,0,0,0,0,0,0,0,0,0,0,0,1
3432,72487091,980100,2.02E+11,20200311,756,,US23,,,US0023,US0023,,,,N,N,NULL,NULL,NULL,N,NULL,NULL,NULL,NULL,NULL,NULL,31.568,NULL,NULL,NULL,NULL,,NULL,0,0,2,2,N,N,55,NULL,98,9801,NULL,,Y,37.53688,-82.601,N,NULL,NULL,NULL,NULL,NULL,NULL,NULL,NULL,5,3,4,6,1,1,3,1,7,3,N,NULL,N,N,756,812,,N,NULL,49,,1,N,,N,N,,NULL,NULL,2020,O,7.25E+11,098-US-0023  -000,MEDIUM,098-US-0023  -000,31.568,0,0,0,0,0,0,0,1,0,0,0,0,0,1
3433,72490507,KSP0900,20-10913,20200324,1205,,US119,,,US0119,US0119,0,098 US-119,US0119,Y,N,NULL,NULL,NULL,N,NULL,NULL,NULL,NULL,NULL,NULL,23.864,NULL,NULL,NULL,NULL,,NULL,0,0,1,1,N,N,10,NULL,98,9834,NULL,,Y,37.65391,-82.26895,N,NULL,NULL,NULL,NULL,NULL,NULL,NULL,NULL,9,97,4,6,1,1,3,2,1,3,N,NULL,N,N,1205,1235,1235,N,NULL,90,2,1,N,,N,N,098-US-0119-0,NULL,NULL,2020,O,7.25E+11,098-US-0119  -000,HIGH,098-US-0119  -000,23.864,0,0,0,0,0,0,0,0,0,0,0,1,0,0
3434,72720549,980100,2.02E+11,20220110,741,,BAIRD,,AVE,KY1426,KY1426,0,098 KY-1426,KY1426,Y,N,NULL,NULL,NULL,N,NULL,NULL,NULL,NULL,NULL,NULL,5.39,NULL,NULL,NULL,NULL,,NULL,0,0,2,2,N,N,15,NULL,98,9801,NULL,,Y,37.47334,-82.52714,N,NULL,NULL,NULL,NULL,NULL,NULL,NULL,NULL,2,97,2,6,3,1,3,8,1,3,N,NULL,Y,N,741,747,,N,NULL,90,,0,N,,N,N,098-KY-1426-0,NULL,NULL,2022,O,7.27E+11,098-KY-1426  -000,HIGH,098-KY-1426  -000,5.39,0,0,0,1,0,0,1,0,0,0,0,0,0,1
3435,72492712,980100,2.02E+11,20200331,1347,,HAMBLEY,,BLVD,,,0,098 CS-1222,CS1222,Y,N,NULL,NULL,NULL,N,NULL,NULL,NULL,NULL,NULL,NULL,0.074,NULL,NULL,NULL,NULL,,NULL,0,0,2,2,N,N,,NULL,98,9801,NULL,,Y,37.47439,-82.52605,N,NULL,NULL,NULL,NULL,NULL,NULL,NULL,NULL,2,97,1,6,1,5,6,2,1,3,N,NULL,Y,N,1347,1356,1356,N,NULL,90,,,N,,N,N,098-CS-1222-0,NULL,NULL,2020,O,7.25E+11,098-CS-1222  -000,HIGH,098-CS-1222  -000,0.074,0,0,0,1,0,0,1,0,0,0,0,0,0,1
3436,72686390,980100,2.02E+11,20211022,1324,,US23,,,US0023,US0023,,,,N,N,NULL,NULL,NULL,N,NULL,NULL,NULL,NULL,NULL,NULL,19.038,NULL,NULL,NULL,NULL,,NULL,0,0,2,2,N,N,55,NULL,98,9801,NULL,,Y,37.44165,-82.50656,N,NULL,NULL,NULL,NULL,NULL,NULL,NULL,NULL,8,3,4,6,1,1,3,2,1,3,N,NULL,Y,N,1324,1324,,N,NULL,53,,1,N,,N,N,,NULL,NULL,2021,O,7.27E+11,098-US-0023  -010,MEDIUM,098-US-0023  -000,19.038,0,0,0,1,0,0,1,1,0,0,0,1,0,1
3437,72536667,KSP0900,20-671309,20200828,1410,,KY194,,,KY0194,KY0194,0,098 KY-194,KY0194,N,N,NULL,NULL,NULL,N,NULL,NULL,NULL,NULL,NULL,NULL,69.407,NULL,NULL,NULL,NULL,,NULL,2,0,3,3,Y,N,35,NULL,98,9873,NULL,,Y,37.50242,-82.06348,N,NULL,NULL,NULL,NULL,NULL,NULL,NULL,NULL,3,3,2,6,1,1,2,2,7,3,Y,NULL,Y,Y,1410,1430,1639,N,NULL,52,7,0,N,,N,N,098-KY-0194-0,NULL,NULL,2020,C,7.25E+11,098-KY-0194  -000,HIGH,098-KY-0194  -000,69.407,0,0,0,0,0,0,0,0,0,0,0,1,0,0
3438,72555282,980100,2.02E+11,20201021,946,,HAROLDS BRANCH,,RD,,,0,098 CS-1223,CS1223,N,N,NULL,NULL,NULL,N,NULL,NULL,NULL,NULL,NULL,NULL,0.059,NULL,NULL,NULL,NULL,,NULL,0,0,1,1,N,Y,5,NULL,98,9801,NULL,,Y,37.47207,-82.52223,N,NULL,NULL,NULL,NULL,NULL,NULL,NULL,NULL,9,97,1,3,2,1,2,2,1,3,N,NULL,Y,Y,946,950,1004,Y,NULL,40,,,N,,N,N,098-CS-1223-0,NULL,NULL,2020,O,7.26E+11,098-CS-1223  -000,HIGH,098-CS-1223  -000,0.059,0,0,0,0,0,0,0,0,0,0,0,1,0,1
3439,72489948,KSP0900,20-10650,20200321,1931,,BIG CREEK,,RD,KY0468,KY0468,,,,N,N,NULL,NULL,NULL,N,NULL,NULL,NULL,NULL,NULL,NULL,9.23,NULL,NULL,NULL,NULL,,NULL,0,0,1,1,N,N,45,NULL,98,9843,NULL,,Y,37.70595,-82.34661,N,NULL,NULL,NULL,NULL,NULL,NULL,NULL,NULL,9,3,2,4,1,5,6,3,7,3,N,NULL,N,N,1931,1944,1944,N,NULL,40,8,0,N,,N,N,,NULL,NULL,2020,O,7.25E+11,098-KY-0468  -000,HIGH,098-KY-0468  -000,9.23,0,0,0,0,0,0,0,0,1,0,0,1,0,0
3440,72833140,980100,2.02E+11,20221120,1456,,THOMPSON,,RD,,,,,,Y,N,NULL,NULL,NULL,N,NULL,NULL,NULL,NULL,NULL,NULL,0.434,NULL,NULL,NULL,NULL,,NULL,0,0,2,2,Y,N,,NULL,98,9801,NULL,,Y,37.50639,-82.54478,N,NULL,NULL,NULL,NULL,NULL,NULL,NULL,NULL,1,97,,6,1,1,2,9,5,3,N,NULL,Y,N,1456,1503,1503,N,NULL,90,,,N,,N,N,,NULL,NULL,2022,O,7.28E+11,098-CS-1215  -000,LOW,098-CS-1215  -000,0.434,0,0,0,0,0,0,0,0,0,0,0,0,0,1
3441,72606037,980100,2.02E+11,20210319,1113,,BYPASS,S,RD,KY1426,KY1426,0,098 KY-1426,KY1426,Y,N,NULL,NULL,NULL,N,NULL,NULL,NULL,NULL,NULL,NULL,5.683,NULL,NULL,NULL,NULL,,NULL,0,0,1,1,Y,N,10,NULL,98,9801,NULL,,Y,37.47274,-82.52298,N,NULL,NULL,NULL,NULL,NULL,NULL,NULL,NULL,9,97,2,6,1,1,2,2,1,3,N,NULL,Y,N,1113,1123,1158,Y,NULL,90,,0,N,,N,N,098-KY-1426-0,NULL,NULL,2021,O,7.26E+11,098-KY-1426  -000,HIGH,098-KY-1426  -000,5.683,0,0,0,1,0,0,1,0,0,0,0,0,0,1
3442,72699735,KSP0900,21-472184,20211118,1600,,US119,,,US0119,US0119,0,098 US-119,US0119,N,N,NULL,NULL,NULL,N,NULL,NULL,NULL,NULL,NULL,NULL,24.452,NULL,NULL,NULL,NULL,,NULL,0,0,2,2,N,N,55,NULL,98,9836,NULL,,Y,37.66268,-82.27337,N,NULL,NULL,NULL,NULL,NULL,NULL,NULL,NULL,1,3,4,6,1,5,3,2,7,3,N,NULL,Y,N,1600,1600,1600,N,NULL,55,2,1,N,,N,N,098-US-0119-0,NULL,NULL,2021,O,7.27E+11,098-US-0119  -000,HIGH,098-US-0119  -000,24.452,0,0,0,0,0,0,0,0,0,0,0,1,0,0
3443,72884251,980500,2023AR011,20230404,1535,,COWPEN DOUBLE KIWK,,,,,,,,N,N,NULL,NULL,NULL,N,NULL,NULL,NULL,NULL,NULL,NULL,,NULL,NULL,NULL,NULL,NULL,NULL,1,0,2,2,N,N,45,NULL,98,9807,NULL,,Y,37.52984,-82.57578,N,NULL,NULL,NULL,NULL,NULL,NULL,NULL,NULL,1,3,2,6,1,1,2,2,7,3,N,NULL,Y,Y,1535,1535,1535,N,NULL,55,,,N,,N,N,,NULL,NULL,2023,C,7.29E+11,098-KY-2061  -000,MEDIUM,098-KY-2061  -000,0.005,1,0,0,1,0,0,0,0,0,0,0,0,0,0
3444,72588103,980100,2.02E+11,20210122,1326,,US23,,,US0023,US0023,,,,N,N,NULL,NULL,NULL,N,NULL,NULL,NULL,NULL,NULL,NULL,23.055,NULL,NULL,NULL,NULL,,NULL,6,0,3,3,N,N,55,NULL,98,9801,NULL,,Y,37.4659,-82.52794,N,NULL,NULL,NULL,NULL,NULL,NULL,NULL,NULL,5,3,4,6,1,1,2,2,7,3,Y,NULL,N,Y,1326,1332,1407,N,NULL,49,,1,N,,N,N,,NULL,NULL,2021,C,7.26E+11,098-US-0023  -000,MEDIUM,098-US-0023  -000,23.055,0,0,0,1,0,0,1,0,0,0,0,0,0,1
3445,72877439,KSP0900,23-106721,20230320,1642,,KY3174,,,KY3174,KY3174,0,098 KY-3174,KY3174,N,N,NULL,NULL,NULL,N,NULL,NULL,NULL,NULL,NULL,NULL,6.598,NULL,NULL,NULL,NULL,,NULL,0,0,1,1,N,N,55,NULL,98,9830,NULL,,Y,37.34809,-82.43748,N,NULL,NULL,NULL,NULL,NULL,NULL,NULL,NULL,9,3,4,4,1,1,2,2,2,3,N,NULL,Y,N,1645,1653,1730,N,NULL,70,,0,N,,N,N,098-KY-3174-0,NULL,NULL,2023,O,7.29E+11,098-KY-3174  -000,HIGH,098-KY-3174  -000,6.599,0,0,0,1,0,0,1,0,0,0,0,1,0,0
3446,72479553,980000,20-02-002,20200213,1715,,US460,,,US0460,US0460,0,098 US-460,US0460,N,N,NULL,NULL,NULL,N,NULL,NULL,NULL,NULL,NULL,NULL,6.673,NULL,NULL,NULL,NULL,,NULL,0,0,2,2,N,N,45,NULL,98,9832,NULL,,Y,37.39423,-82.43315,N,NULL,NULL,NULL,NULL,NULL,NULL,NULL,NULL,8,3,2,6,1,5,6,2,7,3,N,NULL,Y,Y,1700,1715,1715,N,NULL,53,,1,Y,,N,N,098-US-0460-0,NULL,NULL,2020,O,7.25E+11,098-US-0460  -000,HIGH,098-US-0460  -000,6.673,0,0,1,0,0,0,1,1,0,0,0,1,0,0
3447,72544005,KSP0900,20-698321,20200914,1746,,KY3218,,,KY3218,KY3218,0,098 KY-3218,KY3218,N,N,NULL,NULL,NULL,N,NULL,NULL,NULL,NULL,NULL,NULL,3.072,NULL,NULL,NULL,NULL,,NULL,0,0,2,2,N,N,55,NULL,98,9801,NULL,,Y,37.56003,-82.55866,N,NULL,NULL,NULL,NULL,NULL,NULL,NULL,NULL,5,3,2,6,1,1,2,2,7,3,N,NULL,Y,N,1753,1824,1840,N,NULL,49,8,0,N,,N,N,098-KY-3218-0,NULL,NULL,2020,O,7.25E+11,098-KY-3218  -000,HIGH,098-KY-3218  -000,3.072,0,0,1,0,0,0,0,0,0,0,0,0,0,1
3448,72486292,980100,2.02E+11,20200304,740,,US23,,,US0023,US0023,,,,N,N,NULL,NULL,NULL,N,NULL,NULL,NULL,NULL,NULL,NULL,27.358,NULL,NULL,NULL,NULL,,NULL,0,0,2,2,N,N,55,NULL,98,9801,NULL,,Y,37.51086,-82.54839,N,NULL,NULL,NULL,NULL,NULL,NULL,NULL,NULL,5,3,6,6,1,1,2,2,7,1,N,NULL,Y,N,740,751,816,N,NULL,49,,1,N,,N,N,,NULL,NULL,2020,O,7.25E+11,098-US-0023  -000,MEDIUM,098-US-0023  -000,27.358,0,0,0,0,0,0,1,0,0,0,0,0,0,1
3449,72775111,KSP0900,22-232658,20220620,1312,,DOUGLAS,,PARK,,,0,098 CR-1704,CR1704,Y,N,NULL,NULL,NULL,N,NULL,NULL,NULL,NULL,NULL,NULL,0.277,NULL,NULL,NULL,NULL,,NULL,0,0,1,1,N,N,15,NULL,98,9801,NULL,,Y,37.37975,-82.53629,N,NULL,NULL,NULL,NULL,NULL,NULL,NULL,NULL,9,97,1,6,1,1,2,2,6,3,N,NULL,Y,Y,1313,1327,,Y,NULL,90,,,N,,N,N,098-CR-1704-0,NULL,NULL,2022,O,7.28E+11,098-CR-1704  -000,HIGH,098-CR-1704  -000,0.277,0,0,0,1,0,0,0,0,0,0,0,1,0,0
3450,72545390,980100,2.02E+11,20200923,654,,BYPASS,S,RD,KY1426,KY1426,0,098 KY-1426,KY1426,N,N,NULL,NULL,NULL,N,NULL,NULL,NULL,NULL,NULL,NULL,5.562,NULL,NULL,NULL,NULL,,NULL,0,0,3,3,N,N,55,NULL,98,9801,NULL,,Y,37.47233,-82.52512,N,NULL,NULL,NULL,NULL,NULL,NULL,NULL,NULL,5,3,2,6,1,1,2,5,1,3,N,NULL,Y,N,654,700,708,N,NULL,49,,0,N,,N,N,098-KY-1426-0,NULL,NULL,2020,O,7.25E+11,098-KY-1426  -000,HIGH,098-KY-1426  -000,5.562,0,0,0,0,0,0,1,0,0,0,0,0,0,1
3451,72508285,KSP0900,2020-21139,20200604,1300,,TOLER,,RD,KY0319,KY0319,0,098 KY-319,KY0319,N,N,NULL,NULL,NULL,N,NULL,NULL,NULL,NULL,NULL,NULL,5.79,NULL,NULL,NULL,NULL,,NULL,0,0,1,1,N,N,35,NULL,98,9842,NULL,,Y,37.62997,-82.24902,N,NULL,NULL,NULL,NULL,NULL,NULL,NULL,NULL,9,3,2,3,1,1,2,2,7,3,N,NULL,N,N,1300,1300,1300,N,NULL,40,7,0,N,,N,N,098-KY-0319-0,NULL,NULL,2020,O,7.25E+11,098-KY-0319  -000,HIGH,098-KY-0319  -000,5.79,0,0,0,0,0,0,0,0,1,1,0,1,0,0