OBJECTID,MasterFile,AgencyORINumber,LocalCode,CollisionDate,CollisionTime,CollisionDayWeekCode,RoadwayName,RoadwayName_Direction_,RoadwayName_RoadwaySuffix_,RoadwayfromReport,CurrentRoadwayNumber,RoadwayNumberCoupletID,RSEUniqueGIS,RoadwayIdentifier,ParkingLotIndicator,IntersectionWith_Indicator_,IntersectionWith_NameRoadway_,IntersectionWith_Direction_,IntersectionWith_RoadwaySuffix_,BetweenStreets_Indicator_,BetweenStreets1_NameRoadway_,BetweenStreet1_Direction_,BetweenStreets1_RoadwaySuffix_,BetweenStreets2_NameRoadway_,BetweenStreets2_Direction_,BetweenStreets2_RoadwaySuffix_,Milepoint,ReportMilepointDeriveNumber,CurrentDerivedMiepointNumber,MilestoMilepoint,FeettoMilepoint,DirectionfromMilepoint_NSEW_,ValidMilepointIndicator,NumberInjured,NumberKilled,ofUnits,ofMotorVehicleUnits,Hit&RunIndicator,OneWayIndicator,SpeedLimitNumber,KilometersIndicator,CountyCode,CityCountyCode,MilesFromCity,DirectionFromCity_NSEW_,InCityLimitsIndicator,Latitude,Longitude,RampIndicator,RampFromIdentifier,RampFromDirCode,RampFromCoupletID,RSEUniqueGISRampFrom,RampToidentifier,RampToDirCode,RampToCoupletID,RSEUniqueGisRampTo,MannerofCollisionCode,LocationFirstEventCode,TotalLanes,RoadwayCharacterCode,RoadwaySurfaceCode,RoadwayConditionCode,WeatherCode,LightConditionCode,LandUseCode,SchoolBusRelatedCode,FirstAidSceneIndicator,CollDescPresentInd,InvestigationCompleteIndicator,PhotosTakenIndicator,TimeNotified,TimeArrived,TimeRoadwayOpened,PropertyDamageIndicator,DiagramPresentIndicator,DirectionalAnalysis,FunctionClassCode,NationalHwySysCode,EnforcementsIndicator,KARSCityCode,SecondaryCollisionIndicator,MedianCrossoverIndicator,RT_UNIQUE,MapIt,TimeLastLeft,YR,KABCO,MFNY,WorkingRID,RT_CONFIDENCE,KTC_RT,KTC_MP,Motorcyclist,Commercial Vehicle,Young Driver,Mature Driver,Pedestrian,Bicyclist,Distracted,Aggressive,Impaired,Unrestrained,Intersection,Roadway Departure,Median Cross-over,City Crash
3452,72550286,KSP0900,20-712881,20200923,1700,,FISHTRAP,,RD,KY1441,KY1441,0,098 KY-1441,KY1441,N,N,NULL,NULL,NULL,N,NULL,NULL,NULL,NULL,NULL,NULL,3.284,NULL,NULL,NULL,NULL,,NULL,0,0,2,2,N,N,35,NULL,98,9801,NULL,,Y,37.43528,-82.42685,N,NULL,NULL,NULL,NULL,NULL,NULL,NULL,NULL,3,3,2,6,1,1,2,2,7,3,N,NULL,Y,N,1847,1916,,N,NULL,52,8,0,N,,N,N,098-KY-1441-0,NULL,NULL,2020,O,7.26E+11,098-KY-1441  -000,HIGH,098-KY-1441  -000,3.284,0,0,0,0,0,0,1,0,0,0,0,1,0,0
3453,72587857,980200,980200,20210118,1800,,KY80,,,KY0080,KY0080,0,098 KY-80,KY0080,N,N,NULL,NULL,NULL,N,NULL,NULL,NULL,NULL,NULL,NULL,2.767,NULL,NULL,NULL,NULL,,NULL,0,0,2,2,N,N,55,NULL,98,9802,NULL,,Y,37.30783,-82.35302,N,NULL,NULL,NULL,NULL,NULL,NULL,NULL,NULL,2,7,2,6,1,1,2,4,1,3,N,NULL,N,N,1800,1803,1822,N,NULL,56,7,0,N,,N,N,098-KY-0080-0,NULL,NULL,2021,O,7.26E+11,098-KY-0080  -000,HIGH,098-KY-0080  -000,2.767,0,0,0,0,0,0,1,0,0,0,0,0,0,0
3454,72592552,980100,2.02E+11,20210201,1249,,THOMPSON,,RD,,,,,,Y,N,NULL,NULL,NULL,N,NULL,NULL,NULL,NULL,NULL,NULL,0.509,NULL,NULL,NULL,NULL,,NULL,0,0,2,2,N,N,15,NULL,98,9801,NULL,,Y,37.50599,-82.54351,N,NULL,NULL,NULL,NULL,NULL,NULL,NULL,NULL,2,97,1,6,1,5,6,2,1,3,N,NULL,Y,N,1249,1251,1251,N,NULL,90,,,N,,N,N,,NULL,NULL,2021,O,7.26E+11,098-CS-1215  -000,MEDIUM,098-CS-1215  -000,0.509,0,0,0,0,0,0,1,1,0,0,0,0,0,1
3455,72538162,KSP0900,20-676154,20200831,1830,,US460,,,US0460,US0460,0,098 US-460,US0460,N,N,NULL,NULL,NULL,N,NULL,NULL,NULL,NULL,NULL,NULL,3.421,NULL,NULL,NULL,NULL,,NULL,1,0,1,1,N,N,55,NULL,98,9824,1,E,N,37.42477,-82.47032,N,NULL,NULL,NULL,NULL,NULL,NULL,NULL,NULL,9,3,2,3,1,5,6,2,6,3,N,NULL,Y,Y,1830,1833,1845,N,NULL,70,,1,N,,N,N,098-US-0460-0,NULL,NULL,2020,B,7.25E+11,098-US-0460  -000,HIGH,098-US-0460  -000,3.421,0,0,0,0,0,0,0,0,0,0,0,1,0,0
3456,72750975,980100,2.02E+11,20220408,1321,,CASSIDY,,BLVD,,,0,098 CS-1191,CS1191,N,N,NULL,NULL,NULL,N,NULL,NULL,NULL,NULL,NULL,NULL,0.062,NULL,NULL,NULL,NULL,,NULL,2,0,2,2,N,N,35,NULL,98,9801,NULL,,Y,37.50368,-82.53316,N,NULL,NULL,NULL,NULL,NULL,NULL,NULL,NULL,1,3,3,6,1,5,8,2,1,3,Y,NULL,Y,Y,1321,1328,1349,N,NULL,55,,,N,,N,N,098-CS-1191-0,NULL,NULL,2022,B,7.28E+11,098-CS-1191  -000,HIGH,098-CS-1191  -000,0.062,0,0,0,1,0,0,1,0,0,0,0,0,0,1
3457,72521997,KSP0900,20-604839,20200717,1430,,MALL,S,RD,,,0,098 PR-1010,PR1010,Y,N,NULL,NULL,NULL,N,NULL,NULL,NULL,NULL,NULL,NULL,0.344,NULL,NULL,NULL,NULL,,NULL,0,0,2,2,N,Y,,NULL,98,9834,NULL,,Y,37.65633,-82.27316,N,NULL,NULL,NULL,NULL,NULL,NULL,NULL,NULL,5,97,,6,1,1,2,2,7,3,N,NULL,Y,N,1430,1435,1445,N,NULL,90,,,N,,N,N,098-PR-1010-0,NULL,NULL,2020,O,7.25E+11,098-PR-1010  -000,HIGH,098-PR-1010  -000,0.344,0,0,1,0,0,0,1,1,0,0,0,0,0,0
3458,72748001,KSP0900,22-119553,20220402,1908,,BEAVER CK,,RD,KY1373,KY1373,0,098 KY-1373,KY1373,N,N,NULL,NULL,NULL,N,NULL,NULL,NULL,NULL,NULL,NULL,5.428,NULL,NULL,NULL,NULL,,NULL,1,0,1,1,N,N,35,NULL,98,9876,NULL,,Y,37.35567,-82.29947,N,NULL,NULL,NULL,NULL,NULL,NULL,NULL,NULL,9,3,1,1,1,1,2,6,7,3,Y,NULL,N,Y,1908,2003,2045,N,NULL,70,8,0,N,,N,N,098-KY-1373-0,NULL,NULL,2022,B,7.27E+11,098-KY-1373  -000,HIGH,098-KY-1373  -000,5.428,0,0,1,0,0,0,1,0,0,0,0,1,0,0
3459,72522332,KSP0900,20-606161,20200718,849,,US460,,,US0460,US0460,0,098 US-460,US0460,N,N,NULL,NULL,NULL,N,NULL,NULL,NULL,NULL,NULL,NULL,9.979,NULL,NULL,NULL,NULL,,NULL,1,0,1,1,N,N,55,NULL,98,9802,6,W,N,37.36234,-82.40709,N,NULL,NULL,NULL,NULL,NULL,NULL,NULL,NULL,9,4,2,6,1,1,2,2,7,3,Y,NULL,Y,N,849,859,859,N,NULL,40,,1,N,,N,N,098-US-0460-0,NULL,NULL,2020,B,7.25E+11,098-US-0460  -000,HIGH,098-US-0460  -000,9.979,0,0,0,0,0,0,0,0,0,0,0,1,0,0
3460,72588711,KSP0900,21-36377,20210128,230,,DORTON-JENKINS,,HWY,KY0805,KY0805,0,098 KY-805,KY0805,N,N,NULL,NULL,NULL,N,NULL,NULL,NULL,NULL,NULL,NULL,4.927,NULL,NULL,NULL,NULL,,NULL,0,0,2,2,Y,N,35,NULL,98,9809,NULL,,Y,37.25518,-82.56951,N,NULL,NULL,NULL,NULL,NULL,NULL,NULL,NULL,1,97,2,6,1,4,9,6,7,3,N,NULL,Y,N,233,323,,Y,NULL,47,7,0,N,,Y,Y,098-KY-0805-0,NULL,NULL,2021,O,7.26E+11,098-KY-0805  -000,HIGH,098-KY-0805  -000,4.927,0,0,0,0,0,0,0,0,0,0,0,1,0,0
3461,72655259,980100,2.02E+11,20210805,1455,,US23,,,US0023,US0023,0,098 US-23,US0023,N,N,NULL,NULL,NULL,N,NULL,NULL,NULL,NULL,NULL,NULL,22.392,NULL,NULL,NULL,NULL,,NULL,1,0,2,2,N,N,55,NULL,98,9801,NULL,,Y,37.46267,-82.51748,N,NULL,NULL,NULL,NULL,NULL,NULL,NULL,NULL,1,3,4,6,1,1,2,2,7,3,N,NULL,Y,Y,1455,1459,1552,N,NULL,55,,1,N,,N,N,098-US-0023-0,NULL,NULL,2021,B,7.27E+11,098-US-0023  -000,HIGH,098-US-0023  -000,22.392,0,0,0,1,0,0,1,0,0,0,0,0,0,1
3462,72552291,980100,2.02E+11,20201013,1047,,HIBBARD,,ST,,,0,098 CS-1053,CS1053,Y,N,NULL,NULL,NULL,N,NULL,NULL,NULL,NULL,NULL,NULL,0.017,NULL,NULL,NULL,NULL,,NULL,0,0,2,2,N,N,,NULL,98,9801,NULL,,Y,37.47334,-82.52682,N,NULL,NULL,NULL,NULL,NULL,NULL,NULL,NULL,2,97,,6,1,1,3,2,1,3,N,NULL,Y,N,1047,1054,,N,NULL,90,,,N,,N,N,098-CS-1053-0,NULL,NULL,2020,O,7.26E+11,098-CS-1053  -000,HIGH,098-CS-1053  -000,0.017,0,0,0,0,0,0,1,0,0,0,0,0,0,1
3463,72728298,KSP0900,22-41799,20220203,1920,,US119,,,US0119,US0119,0,098 US-119-10,US0119,Y,N,NULL,NULL,NULL,N,NULL,NULL,NULL,NULL,NULL,NULL,23.696,NULL,NULL,NULL,NULL,,NULL,0,0,2,2,N,N,10,NULL,98,9834,NULL,,Y,37.65147,-82.2683,N,NULL,NULL,NULL,NULL,NULL,NULL,NULL,NULL,2,97,1,6,1,5,6,2,5,3,N,NULL,Y,N,1920,1950,1950,N,NULL,90,2,1,N,,N,N,098-US-0119-10,NULL,NULL,2022,O,7.27E+11,098-US-0119  -010,HIGH,098-US-0119  -000,23.696,0,0,0,1,0,0,0,0,0,0,0,0,0,0
3464,72725729,980000,22-01-005,20220127,1850,,US23,,,US0023,US0023,0,098 US-23-10,US0023,N,N,NULL,NULL,NULL,N,NULL,NULL,NULL,NULL,NULL,NULL,2.32,NULL,NULL,NULL,NULL,,NULL,0,0,1,1,N,N,55,NULL,98,9809,2,S,N,37.27019,-82.60938,N,NULL,NULL,NULL,NULL,NULL,NULL,NULL,NULL,9,3,4,4,1,1,2,6,7,3,N,NULL,Y,Y,1904,1926,1926,N,NULL,38,,1,N,,N,N,098-US-0023-10,NULL,NULL,2022,O,7.27E+11,098-US-0023  -010,HIGH,098-US-0023  -000,2.32,0,0,0,0,0,0,0,0,0,0,0,0,0,0
3465,72527260,980100,2.02E+11,20200802,914,,CASSIDY,,BLVD,,,,,,Y,N,NULL,NULL,NULL,N,NULL,NULL,NULL,NULL,NULL,NULL,0.29,NULL,NULL,NULL,NULL,,NULL,0,0,1,1,N,N,15,NULL,98,9801,NULL,,Y,37.50455,-82.5366,N,NULL,NULL,NULL,NULL,NULL,NULL,NULL,NULL,9,97,0,6,1,1,3,2,1,3,N,NULL,Y,N,914,922,922,N,NULL,90,,,N,,N,N,,NULL,NULL,2020,O,7.25E+11,098-CS-1191  -000,LOW,098-CS-1191  -000,0.29,0,0,0,1,0,0,1,0,0,0,0,1,0,1
3466,72522399,KSP0900,20-605270,20200717,1816,,SHELBIANA,,RD,US0460,US0460,,,,N,N,NULL,NULL,NULL,N,NULL,NULL,NULL,NULL,NULL,NULL,2.78,NULL,NULL,NULL,NULL,,NULL,0,0,2,2,N,N,55,NULL,98,9824,NULL,,Y,37.43049,-82.47935,N,NULL,NULL,NULL,NULL,NULL,NULL,NULL,NULL,5,3,2,6,1,1,2,2,7,3,N,NULL,Y,Y,1816,1829,1919,N,NULL,49,,1,N,,N,N,,NULL,NULL,2020,O,7.25E+11,098-US-0460  -000,HIGH,098-US-0460  -000,2.78,0,0,0,0,0,0,1,0,0,0,0,0,0,0
3467,72737354,KSP0900,22-79497,20220304,1300,,US119,,,US0119,US0119,0,098 US-119-10,US0119,N,N,NULL,NULL,NULL,N,NULL,NULL,NULL,NULL,NULL,NULL,1.198,NULL,NULL,NULL,NULL,,NULL,1,0,1,1,N,N,55,NULL,98,9801,8,N,N,37.50915,-82.51213,N,NULL,NULL,NULL,NULL,NULL,NULL,NULL,NULL,9,3,2,6,1,1,2,2,6,3,N,NULL,Y,Y,1302,1308,,N,NULL,44,2,1,N,,N,Y,098-US-0119-10,NULL,NULL,2022,C,7.27E+11,098-US-0119  -010,HIGH,098-US-0119  -000,1.198,0,0,0,0,0,0,0,0,0,0,0,1,0,1
3468,72698631,KSP0900,21-472754,20211118,2250,,KY612,,,KY0612,KY0612,0,098 KY-612,KY0612,N,N,NULL,NULL,NULL,N,NULL,NULL,NULL,NULL,NULL,NULL,6.319,NULL,NULL,NULL,NULL,,NULL,0,0,1,1,N,N,45,NULL,98,9834,NULL,,Y,37.64835,-82.31189,N,NULL,NULL,NULL,NULL,NULL,NULL,NULL,NULL,9,3,2,3,1,5,3,4,7,3,N,NULL,N,N,2250,2250,2250,N,NULL,44,8,0,N,,N,N,098-KY-0612-0,NULL,NULL,2021,O,7.27E+11,098-KY-0612  -000,HIGH,098-KY-0612  -000,6.319,0,0,0,0,0,0,0,0,0,0,0,1,0,0
3469,72741118,KSP0900,22-95655,20220316,1100,,US119,,,US0119,US0119,0,098 US-119,US0119,Y,N,NULL,NULL,NULL,N,NULL,NULL,NULL,NULL,NULL,NULL,23.919,NULL,NULL,NULL,NULL,,NULL,0,0,2,2,N,N,,NULL,98,9834,NULL,,Y,37.65463,-82.26941,N,NULL,NULL,NULL,NULL,NULL,NULL,NULL,NULL,2,97,1,6,1,1,3,2,5,3,N,NULL,Y,N,1100,1125,1100,N,NULL,90,2,1,N,,N,N,098-US-0119-0,NULL,NULL,2022,O,7.27E+11,098-US-0119  -000,HIGH,098-US-0119  -000,23.919,0,0,0,0,0,0,1,0,0,0,0,0,0,0
3470,72656236,KSP0900,21-329517,20210808,1800,,KY1506,,,KY1506,KY1506,0,098 KY-1506,KY1506,N,N,NULL,NULL,NULL,N,NULL,NULL,NULL,NULL,NULL,NULL,0.043,NULL,NULL,NULL,NULL,,NULL,0,0,2,2,Y,N,35,NULL,98,9834,NULL,,Y,37.66846,-82.27664,N,NULL,NULL,NULL,NULL,NULL,NULL,NULL,NULL,8,3,2,6,1,1,2,2,7,3,N,NULL,Y,N,1812,1814,1819,N,NULL,53,9,0,N,,N,N,098-KY-1506-0,NULL,NULL,2021,O,7.27E+11,098-KY-1506  -000,HIGH,098-KY-1506  -000,0.043,0,0,0,0,0,0,0,0,0,0,0,1,0,0
3471,72502651,KSP0900,20-18717,20200519,750,,DORTON-JENKINS,,HWY,KY0805,KY0805,0,098 KY-805,KY0805,N,N,NULL,NULL,NULL,N,NULL,NULL,NULL,NULL,NULL,NULL,6.552,NULL,NULL,NULL,NULL,,NULL,0,0,1,1,N,N,55,NULL,98,9809,NULL,,Y,37.27723,-82.57835,N,NULL,NULL,NULL,NULL,NULL,NULL,NULL,NULL,9,5,2,6,1,5,6,2,7,3,N,NULL,Y,N,745,820,,Y,NULL,40,7,0,N,,N,N,098-KY-0805-0,NULL,NULL,2020,O,7.25E+11,098-KY-0805  -000,HIGH,098-KY-0805  -000,6.552,0,0,0,0,0,0,0,0,0,0,0,1,0,0
3472,72747545,KSP0900,22-121848,20220404,1400,,US119,,,US0119,US0119,,,,N,N,NULL,NULL,NULL,N,NULL,NULL,NULL,NULL,NULL,NULL,10.466,NULL,NULL,NULL,NULL,,NULL,0,0,1,1,N,N,55,NULL,98,9820,NULL,,Y,37.58636,-82.39874,N,NULL,NULL,NULL,NULL,NULL,NULL,NULL,NULL,9,3,4,4,1,1,2,2,7,3,N,NULL,Y,Y,1400,1410,1410,N,NULL,70,2,1,N,,N,N,,NULL,NULL,2022,O,7.27E+11,098-US-0119  -010,HIGH,098-US-0119  -000,10.466,0,0,0,1,0,0,0,1,0,1,0,1,0,0
3473,72516554,980100,2.02E+11,20200630,1856,,RIVER,,DR,,,,,,Y,N,NULL,NULL,NULL,N,NULL,NULL,NULL,NULL,NULL,NULL,0.126,NULL,NULL,NULL,NULL,,NULL,0,0,2,2,N,N,15,NULL,98,9801,NULL,,Y,37.47385,-82.52341,N,NULL,NULL,NULL,NULL,NULL,NULL,NULL,NULL,2,97,,6,1,1,3,2,1,3,N,NULL,N,N,1856,1903,1903,N,NULL,90,,,N,,N,N,,NULL,NULL,2020,O,7.25E+11,098-CS-1054  -000,MEDIUM,098-CS-1054  -000,0.126,0,0,0,0,0,0,1,0,0,0,0,0,0,0
3474,72761627,KSP0900,22-178297,20220514,1316,,US23,,,US0023,US0023,0,098 US-23,US0023,Y,N,NULL,NULL,NULL,N,NULL,NULL,NULL,NULL,NULL,NULL,28.039,NULL,NULL,NULL,NULL,,NULL,0,0,2,2,N,N,5,NULL,98,9807,NULL,,Y,37.51517,-82.559,N,NULL,NULL,NULL,NULL,NULL,NULL,NULL,NULL,2,97,4,4,1,1,2,2,1,3,N,NULL,Y,N,1319,1326,1330,N,NULL,90,,1,N,,N,N,098-US-0023-0,NULL,NULL,2022,O,7.28E+11,098-US-0023  -000,HIGH,098-US-0023  -000,28.039,0,0,0,1,0,0,1,0,0,0,0,0,0,0
3475,72766284,980100,2.02E+11,20220522,1328,,THOMPSON,,RD,,,0,098 CS-1215,CS1215,Y,N,NULL,NULL,NULL,N,NULL,NULL,NULL,NULL,NULL,NULL,0.648,NULL,NULL,NULL,NULL,,NULL,0,0,2,2,N,N,,NULL,98,9801,NULL,,Y,37.50527,-82.54118,N,NULL,NULL,NULL,NULL,NULL,NULL,NULL,NULL,2,97,,6,1,1,2,2,1,3,N,NULL,Y,N,1328,1336,1336,N,NULL,90,,,N,,N,N,098-CS-1215-0,NULL,NULL,2022,O,7.28E+11,098-CS-1215  -000,HIGH,098-CS-1215  -000,0.648,0,0,0,1,0,0,1,0,0,0,0,0,0,1
3476,72595923,370200,2021-66279,20210219,647,,KY611,,,KY0611,KY0611,0,098 KY-611,KY0611,N,N,NULL,NULL,NULL,N,NULL,NULL,NULL,NULL,NULL,NULL,4.03,NULL,NULL,NULL,NULL,,NULL,0,0,1,1,N,N,35,NULL,98,9801,5,S,N,37.31786,-82.51666,N,NULL,NULL,NULL,NULL,NULL,NULL,NULL,NULL,9,3,1,2,1,4,3,2,7,3,N,NULL,Y,N,702,750,930,Y,NULL,40,8,0,N,,N,N,098-KY-0611-0,NULL,NULL,2021,O,7.26E+11,098-KY-0611  -000,HIGH,098-KY-0611  -000,4.03,0,1,0,0,0,0,0,0,0,0,0,1,0,0
3477,72475984,KSP0900,20-5769,20200213,949,,US460,,,US0460,US0460,0,098 US-460,US0460,N,N,NULL,NULL,NULL,N,NULL,NULL,NULL,NULL,NULL,NULL,13.098,NULL,NULL,NULL,NULL,,NULL,0,0,2,2,N,N,55,NULL,98,9802,5,W,N,37.33532,-82.39162,N,NULL,NULL,NULL,NULL,NULL,NULL,NULL,NULL,1,3,2,6,1,5,6,2,7,3,N,NULL,Y,N,949,951,1052,N,NULL,55,,1,N,,N,N,098-US-0460-0,NULL,NULL,2020,O,7.25E+11,098-US-0460  -000,HIGH,098-US-0460  -000,13.098,0,0,0,1,0,0,1,0,0,0,0,0,0,0
3478,72709187,980100,2.02E+11,20211212,2231,,US23,,,US0023,US0023,,,,N,N,NULL,NULL,NULL,N,NULL,NULL,NULL,NULL,NULL,NULL,27.375,NULL,NULL,NULL,NULL,,NULL,2,0,2,2,N,N,55,NULL,98,9801,NULL,,Y,37.51085,-82.54896,N,NULL,NULL,NULL,NULL,NULL,NULL,NULL,NULL,5,3,4,6,1,1,2,5,1,3,N,NULL,Y,Y,2231,2236,2339,N,NULL,49,,1,N,,N,N,,NULL,NULL,2021,C,7.27E+11,098-US-0023  -010,MEDIUM,098-US-0023  -000,27.375,0,0,0,0,0,0,0,0,0,0,0,1,0,1
3479,72849141,KSP0900,22-499729,20221231,903,,MALL,,RD,,,0,098 CR-1037,CR1037,Y,N,NULL,NULL,NULL,N,NULL,NULL,NULL,NULL,NULL,NULL,0.351,NULL,NULL,NULL,NULL,,NULL,0,0,2,2,N,N,,NULL,98,9834,NULL,,Y,37.6557,-82.27205,N,NULL,NULL,NULL,NULL,NULL,NULL,NULL,NULL,2,97,,6,1,5,3,2,1,3,N,NULL,Y,N,903,938,903,N,NULL,90,,,N,,N,N,098-CR-1037-0,NULL,NULL,2022,O,7.28E+11,098-CR-1037  -000,HIGH,098-CR-1037  -000,0.351,0,0,0,1,0,0,1,0,0,0,0,0,0,0
3480,72720066,980100,2.02E+11,20220111,1147,,CASSIDY,,BLVD,,,0,098 CS-1191,CS1191,N,N,NULL,NULL,NULL,N,NULL,NULL,NULL,NULL,NULL,NULL,0.311,NULL,NULL,NULL,NULL,,NULL,0,0,2,2,N,N,15,NULL,98,9801,NULL,,Y,37.50518,-82.53706,N,NULL,NULL,NULL,NULL,NULL,NULL,NULL,NULL,1,3,2,6,1,1,2,2,1,3,N,NULL,Y,N,1148,1149,1151,N,NULL,55,,,N,,N,N,098-CS-1191-0,NULL,NULL,2022,O,7.27E+11,098-CS-1191  -000,HIGH,098-CS-1191  -000,0.311,0,0,0,0,0,0,0,0,0,0,0,0,0,1
3481,72715848,980100,2.02E+11,20211230,2206,,KY3496,,,KY3496,KY3496,0,098 KY-3496,KY3496,Y,N,NULL,NULL,NULL,N,NULL,NULL,NULL,NULL,NULL,NULL,0.696,NULL,NULL,NULL,NULL,,NULL,0,0,2,2,Y,N,,NULL,98,9801,NULL,,Y,37.4719,-82.53143,N,NULL,NULL,NULL,NULL,NULL,NULL,NULL,NULL,2,97,0,6,1,5,2,7,1,3,N,NULL,Y,N,2206,2213,,N,NULL,90,16,0,N,,N,N,098-KY-3496-0,NULL,NULL,2021,O,7.27E+11,098-KY-3496  -000,HIGH,098-KY-3496  -000,0.696,0,0,0,0,0,0,0,0,0,0,0,0,0,1
3482,72610572,980100,2.02E+11,20210330,1714,,HAMBLEY,,BLVD,,,,,,Y,N,NULL,NULL,NULL,N,NULL,NULL,NULL,NULL,NULL,NULL,0.499,NULL,NULL,NULL,NULL,,NULL,0,0,2,2,Y,N,,NULL,98,9801,NULL,,Y,37.4784,-82.52038,N,NULL,NULL,NULL,NULL,NULL,NULL,NULL,NULL,1,97,2,4,2,1,2,2,8,3,N,NULL,Y,N,1714,1720,1720,N,NULL,90,,,N,,N,N,,NULL,NULL,2021,O,7.26E+11,098-CS-1222  -000,MEDIUM,098-CS-1222  -000,0.499,0,0,0,0,0,0,0,0,0,0,0,0,0,1
3483,72677643,980100,2.02E+11,20210930,1035,,KY1426,,,KY1426,KY1426,0,098 KY-1426,KY1426,Y,N,NULL,NULL,NULL,N,NULL,NULL,NULL,NULL,NULL,NULL,8.866,NULL,NULL,NULL,NULL,,NULL,0,0,1,1,Y,N,55,NULL,98,9801,NULL,,Y,37.50336,-82.48969,N,NULL,NULL,NULL,NULL,NULL,NULL,NULL,NULL,9,97,2,6,1,1,2,2,5,3,N,NULL,Y,N,1035,1042,1042,N,NULL,90,,0,N,,N,N,098-KY-1426-0,NULL,NULL,2021,O,7.27E+11,098-KY-1426  -000,HIGH,098-KY-1426  -000,8.866,0,0,0,0,0,0,1,0,0,0,0,1,0,1
3484,72620892,KSP0900,21-177339,20210503,1116,,KY194,,,KY0194,KY0194,0,098 KY-194,KY0194,N,N,NULL,NULL,NULL,N,NULL,NULL,NULL,NULL,NULL,NULL,23.8,NULL,NULL,NULL,NULL,,NULL,3,0,2,2,N,N,55,NULL,98,9817,NULL,,Y,37.53044,-82.37061,N,NULL,NULL,NULL,NULL,NULL,NULL,NULL,NULL,3,3,2,3,1,5,3,2,7,3,Y,NULL,Y,Y,1116,1138,1250,N,NULL,52,6,0,N,,N,N,098-KY-0194-0,NULL,NULL,2021,A,7.26E+11,098-KY-0194  -000,HIGH,098-KY-0194  -000,23.8,0,0,1,1,0,0,1,0,0,0,0,1,0,0
3485,72815201,KSP0900,22-391187,20221010,821,,KY3416,,,KY3416,KY3416,,,,Y,N,NULL,NULL,NULL,N,NULL,NULL,NULL,NULL,NULL,NULL,0.587,NULL,NULL,NULL,NULL,,NULL,0,0,2,2,N,N,15,NULL,98,9801,NULL,,Y,37.43647,-82.54481,N,NULL,NULL,NULL,NULL,NULL,NULL,NULL,NULL,2,97,4,6,3,1,2,2,6,3,N,NULL,Y,N,821,844,844,N,NULL,90,9,0,N,,N,N,,NULL,NULL,2022,O,7.28E+11,098-KY-3416  -000,HIGH,098-KY-3416  -000,0.587,0,1,0,0,0,0,1,0,0,0,0,0,0,0
3486,72474083,980100,2.02E+11,20200209,1226,,MYRA BARNES,,AVE,,,,,,N,N,NULL,NULL,NULL,N,NULL,NULL,NULL,NULL,NULL,NULL,0.073,NULL,NULL,NULL,NULL,,NULL,0,0,2,2,Y,N,15,NULL,98,9801,NULL,,Y,37.48373,-82.53085,N,NULL,NULL,NULL,NULL,NULL,NULL,NULL,NULL,6,7,1,6,1,1,3,5,6,3,N,NULL,N,N,1226,1230,1230,N,NULL,47,,,N,,N,N,,NULL,NULL,2020,O,7.25E+11,098-CS-1150  -000,MEDIUM,098-CS-1150  -000,0.073,0,0,0,0,0,0,0,0,0,0,0,0,0,1
3487,72758962,KSP0900,22166500,20220506,830,,US119,,,US0119,US0119,0,098 US-119,US0119,N,N,NULL,NULL,NULL,N,NULL,NULL,NULL,NULL,NULL,NULL,25.31,NULL,NULL,NULL,NULL,,NULL,0,0,2,2,N,N,55,NULL,98,9834,NULL,,Y,37.67295,-82.28115,N,NULL,NULL,NULL,NULL,NULL,NULL,NULL,NULL,5,3,2,6,1,5,6,2,7,3,N,NULL,N,N,830,850,830,N,NULL,49,2,1,N,,N,N,098-US-0119-0,NULL,NULL,2022,O,7.28E+11,098-US-0119  -000,HIGH,098-US-0119  -000,25.31,0,0,0,1,0,0,1,0,0,0,0,0,0,0
3488,72804923,980000,2209-002,20220912,1310,,US 119 NORTH,,,,,,,,N,N,NULL,NULL,NULL,N,NULL,NULL,NULL,NULL,NULL,NULL,,NULL,NULL,NULL,NULL,NULL,NULL,1,0,1,1,N,N,55,NULL,98,9836,NULL,,Y,37.64557,-82.2674,N,NULL,NULL,NULL,NULL,NULL,NULL,NULL,NULL,9,3,4,3,1,1,2,2,7,3,Y,NULL,Y,Y,1315,1320,1400,N,NULL,40,2,1,N,,Y,Y,,NULL,NULL,2022,C,7.28E+11,098-US-0119  -010,MEDIUM,098-US-0119  -000,23.283,0,0,0,0,0,0,0,0,0,0,0,1,0,0
3489,72695707,KSP0900,21-461222,20211110,1415,,US119,,,US0119,US0119,0,098 US-119,US0119,N,N,NULL,NULL,NULL,N,NULL,NULL,NULL,NULL,NULL,NULL,22.582,NULL,NULL,NULL,NULL,,NULL,2,0,2,2,N,N,55,NULL,98,9842,NULL,,Y,37.63947,-82.25871,N,NULL,NULL,NULL,NULL,NULL,NULL,NULL,NULL,4,3,2,6,1,1,2,2,7,3,Y,NULL,Y,Y,1415,1420,1450,N,NULL,70,2,1,N,,N,N,098-US-0119-0,NULL,NULL,2021,B,7.27E+11,098-US-0119  -000,HIGH,098-US-0119  -000,22.582,0,0,0,0,0,0,1,1,0,0,0,0,0,0