OBJECTID,MasterFile,AgencyORINumber,LocalCode,CollisionDate,CollisionTime,CollisionDayWeekCode,RoadwayName,RoadwayName_Direction_,RoadwayName_RoadwaySuffix_,RoadwayfromReport,CurrentRoadwayNumber,RoadwayNumberCoupletID,RSEUniqueGIS,RoadwayIdentifier,ParkingLotIndicator,IntersectionWith_Indicator_,IntersectionWith_NameRoadway_,IntersectionWith_Direction_,IntersectionWith_RoadwaySuffix_,BetweenStreets_Indicator_,BetweenStreets1_NameRoadway_,BetweenStreet1_Direction_,BetweenStreets1_RoadwaySuffix_,BetweenStreets2_NameRoadway_,BetweenStreets2_Direction_,BetweenStreets2_RoadwaySuffix_,Milepoint,ReportMilepointDeriveNumber,CurrentDerivedMiepointNumber,MilestoMilepoint,FeettoMilepoint,DirectionfromMilepoint_NSEW_,ValidMilepointIndicator,NumberInjured,NumberKilled,ofUnits,ofMotorVehicleUnits,Hit&RunIndicator,OneWayIndicator,SpeedLimitNumber,KilometersIndicator,CountyCode,CityCountyCode,MilesFromCity,DirectionFromCity_NSEW_,InCityLimitsIndicator,Latitude,Longitude,RampIndicator,RampFromIdentifier,RampFromDirCode,RampFromCoupletID,RSEUniqueGISRampFrom,RampToidentifier,RampToDirCode,RampToCoupletID,RSEUniqueGisRampTo,MannerofCollisionCode,LocationFirstEventCode,TotalLanes,RoadwayCharacterCode,RoadwaySurfaceCode,RoadwayConditionCode,WeatherCode,LightConditionCode,LandUseCode,SchoolBusRelatedCode,FirstAidSceneIndicator,CollDescPresentInd,InvestigationCompleteIndicator,PhotosTakenIndicator,TimeNotified,TimeArrived,TimeRoadwayOpened,PropertyDamageIndicator,DiagramPresentIndicator,DirectionalAnalysis,FunctionClassCode,NationalHwySysCode,EnforcementsIndicator,KARSCityCode,SecondaryCollisionIndicator,MedianCrossoverIndicator,RT_UNIQUE,MapIt,TimeLastLeft,YR,KABCO,MFNY,WorkingRID,RT_CONFIDENCE,KTC_RT,KTC_MP,Motorcyclist,Commercial Vehicle,Young Driver,Mature Driver,Pedestrian,Bicyclist,Distracted,Aggressive,Impaired,Unrestrained,Intersection,Roadway Departure,Median Cross-over,City Crash
3490,72555495,KSP0900,20-724040,20201002,1430,,US119,,,US0119,US0119,0,098 US-119,US0119,N,N,NULL,NULL,NULL,N,NULL,NULL,NULL,NULL,NULL,NULL,0.671,NULL,NULL,NULL,NULL,,NULL,0,0,2,2,Y,N,55,NULL,98,9801,NULL,,Y,37.50738,-82.5208,N,NULL,NULL,NULL,NULL,NULL,NULL,NULL,NULL,2,97,2,6,1,1,2,2,7,3,N,NULL,Y,N,1430,1500,,N,NULL,47,2,1,N,,N,N,098-US-0119-0,NULL,NULL,2020,O,7.26E+11,098-US-0119  -000,HIGH,098-US-0119  -000,0.671,0,0,0,0,0,0,0,0,0,0,0,0,0,1
3491,72679220,980500,2021AR040,20211005,1605,,MAYO TRAIL,S,,,,,,,N,N,NULL,NULL,NULL,N,NULL,NULL,NULL,NULL,NULL,NULL,,NULL,NULL,NULL,NULL,NULL,NULL,0,0,2,2,N,N,45,NULL,98,9807,NULL,,Y,37.5262,-82.57391,N,NULL,NULL,NULL,NULL,NULL,NULL,NULL,NULL,8,3,7,6,1,1,2,2,7,3,N,NULL,Y,Y,1611,1615,1615,N,NULL,53,,,N,,N,N,,NULL,NULL,2021,O,7.27E+11,098-US-0023  -010,MEDIUM,098-US-0023  -000,29.194,0,0,0,1,0,0,1,0,0,0,0,1,0,0
3492,72792762,980100,2.02E+11,20220802,1217,,MAYO,S,TRL,,,0,098 CS-1223,CS1223,Y,N,NULL,NULL,NULL,N,NULL,NULL,NULL,NULL,NULL,NULL,,NULL,NULL,NULL,NULL,NULL,NULL,0,0,2,2,N,N,,NULL,98,9801,NULL,,Y,37.47128,-82.52117,N,NULL,NULL,NULL,NULL,NULL,NULL,NULL,NULL,2,97,1,6,2,1,2,2,1,3,N,NULL,Y,N,1217,1223,1223,N,NULL,90,,,N,,N,N,098-CS-1223-0,NULL,NULL,2022,O,7.28E+11,098-CS-1223  -000,HIGH,098-CS-1223  -000,0.136,0,0,0,0,0,0,0,0,0,0,0,0,0,1
3493,72761235,KSP0900,22-176985,20220513,1532,,US119,,,US0119,US0119,0,098 US-119,US0119,N,N,NULL,NULL,NULL,N,NULL,NULL,NULL,NULL,NULL,NULL,24.584,NULL,NULL,NULL,NULL,,NULL,0,0,2,2,N,N,55,NULL,98,9834,NULL,,Y,37.66343,-82.27332,N,NULL,NULL,NULL,NULL,NULL,NULL,NULL,NULL,1,3,4,6,1,1,2,2,7,3,N,NULL,Y,N,1532,1544,1544,N,NULL,55,2,1,N,,N,N,098-US-0119-0,NULL,NULL,2022,O,7.28E+11,098-US-0119  -000,HIGH,098-US-0119  -000,24.584,0,0,0,1,0,0,1,0,0,0,0,0,0,0
3494,72550838,KSP0900,20-734200,20201009,1429,,VIRGIE,,RD,KY0610,KY0610,0,098 KY-610,KY0610,N,N,NULL,NULL,NULL,N,NULL,NULL,NULL,NULL,NULL,NULL,8.183,NULL,NULL,NULL,NULL,,NULL,1,0,1,1,N,N,35,NULL,98,9827,NULL,,Y,37.3401,-82.5896,N,NULL,NULL,NULL,NULL,NULL,NULL,NULL,NULL,9,97,2,3,1,1,2,2,7,3,N,NULL,Y,Y,1430,1451,,Y,NULL,70,7,0,N,,N,N,098-KY-0610-0,NULL,NULL,2020,B,7.26E+11,098-KY-0610  -000,HIGH,098-KY-0610  -000,8.183,0,0,0,0,0,0,0,0,0,0,0,1,0,0
3495,72723912,KSP0900,22-11475,20220109,2039,,US23,,,US0023,US0023,0,098 US-23,US0023,N,N,NULL,NULL,NULL,N,NULL,NULL,NULL,NULL,NULL,NULL,14.686,NULL,NULL,NULL,NULL,,NULL,0,0,1,1,N,N,55,NULL,98,9801,NULL,,Y,37.3924,-82.53004,N,NULL,NULL,NULL,NULL,NULL,NULL,NULL,NULL,9,3,4,6,1,5,2,6,7,3,N,NULL,Y,N,2042,2059,,N,NULL,41,,1,N,,N,N,098-US-0023-0,NULL,NULL,2022,O,7.27E+11,098-US-0023  -000,HIGH,098-US-0023  -000,14.686,0,0,0,0,0,0,0,0,0,0,0,1,0,0
3496,72682366,980100,2.02E+11,20211012,1549,,US23,,,US0023,US0023,0,098 US-23-10,US0023,N,N,NULL,NULL,NULL,N,NULL,NULL,NULL,NULL,NULL,NULL,29.619,NULL,NULL,NULL,NULL,,NULL,1,0,3,3,N,N,55,NULL,98,9801,1,N,N,37.53127,-82.57684,N,NULL,NULL,NULL,NULL,NULL,NULL,NULL,NULL,8,3,5,6,1,1,2,2,1,3,Y,NULL,Y,Y,1549,1553,1643,N,NULL,53,,1,N,,N,N,098-US-0023-10,NULL,NULL,2021,B,7.27E+11,098-US-0023  -010,HIGH,098-US-0023  -000,29.619,0,0,0,1,0,0,1,0,0,0,0,1,0,1
3497,72569024,980100,2.02E+11,20201119,1100,,CHLOE,,RD,KY1460,KY1460,0,098 KY-1460,KY1460,N,N,NULL,NULL,NULL,N,NULL,NULL,NULL,NULL,NULL,NULL,3.924,NULL,NULL,NULL,NULL,,NULL,1,0,1,1,N,N,35,NULL,98,9801,NULL,,Y,37.47687,-82.49538,N,NULL,NULL,NULL,NULL,NULL,NULL,NULL,NULL,9,5,2,3,1,1,3,2,6,3,Y,NULL,Y,Y,1100,1101,1135,N,NULL,51,,0,Y,,N,N,098-KY-1460-0,NULL,NULL,2020,A,7.26E+11,098-KY-1460  -000,HIGH,098-KY-1460  -000,3.924,0,0,0,0,0,0,0,0,1,1,0,1,0,1
3498,72583239,980100,2.02E+11,20210110,36,,BYPASS,S,RD,KY1426,KY1426,0,098 KY-1426,KY1426,Y,N,NULL,NULL,NULL,N,NULL,NULL,NULL,NULL,NULL,NULL,6.551,NULL,NULL,NULL,NULL,,NULL,0,0,2,2,N,N,5,NULL,98,9801,NULL,,Y,37.48233,-82.51369,N,NULL,NULL,NULL,NULL,NULL,NULL,NULL,NULL,5,97,2,6,1,1,3,7,1,3,N,NULL,Y,N,36,43,,N,NULL,90,,0,N,,N,N,098-KY-1426-0,NULL,NULL,2021,O,7.26E+11,098-KY-1426  -000,MEDIUM,098-KY-1426  -000,6.551,0,0,1,0,0,0,0,0,0,0,0,0,0,1
3499,72760628,980100,2.02E+11,20220512,820,,SCOTT,,AVE,,,0,098 CS-1116,CS1116,N,N,NULL,NULL,NULL,N,NULL,NULL,NULL,NULL,NULL,NULL,0.211,NULL,NULL,NULL,NULL,,NULL,0,0,2,2,N,N,25,NULL,98,9801,NULL,,Y,37.48381,-82.51859,N,NULL,NULL,NULL,NULL,NULL,NULL,NULL,NULL,1,3,1,6,1,1,2,2,6,3,N,NULL,Y,N,820,824,,N,NULL,55,,,N,,N,N,098-CS-1116-0,NULL,NULL,2022,O,7.28E+11,098-CS-1116  -000,HIGH,098-CS-1116  -000,0.211,0,0,0,0,0,0,0,0,0,0,0,0,0,1
3500,72711240,KSP0900,21-479133,20211123,1600,,US119,,,US0119,US0119,0,098 US-119,US0119,Y,N,NULL,NULL,NULL,N,NULL,NULL,NULL,NULL,NULL,NULL,0.561,NULL,NULL,NULL,NULL,,NULL,0,0,2,2,N,N,15,NULL,98,9801,NULL,,Y,37.5071,-82.52284,N,NULL,NULL,NULL,NULL,NULL,NULL,NULL,NULL,2,97,2,6,1,1,2,2,1,3,N,NULL,Y,N,1600,1613,1613,N,NULL,90,2,1,N,,N,N,098-US-0119-0,NULL,NULL,2021,O,7.27E+11,098-US-0119  -000,HIGH,098-US-0119  -000,0.561,0,0,0,1,0,0,1,0,0,0,0,0,0,1
3501,72865377,980100,2.02E+11,20230214,1946,,US23,,,US0023,US0023,0,098 US-23,US0023,N,N,NULL,NULL,NULL,N,NULL,NULL,NULL,NULL,NULL,NULL,30.396,NULL,NULL,NULL,NULL,,NULL,0,0,2,2,N,N,55,NULL,98,9801,NULL,,Y,37.54176,-82.58347,N,NULL,NULL,NULL,NULL,NULL,NULL,NULL,NULL,8,3,4,3,1,1,2,6,7,3,N,NULL,Y,N,1946,1951,1951,N,NULL,53,,1,N,,N,N,098-US-0023-0,NULL,NULL,2023,O,7.29E+11,098-US-0023  -000,HIGH,098-US-0023  -000,30.376,0,0,0,1,0,0,1,0,0,0,0,1,0,1
3502,72470413,980100,2.02E+11,20200130,1437,,BYPASS,S,RD,KY1426,KY1426,0,098 KY-1426,KY1426,Y,N,NULL,NULL,NULL,N,NULL,NULL,NULL,NULL,NULL,NULL,6.025,NULL,NULL,NULL,NULL,,NULL,0,0,2,2,N,N,15,NULL,98,9801,NULL,,Y,37.47585,-82.51814,N,NULL,NULL,NULL,NULL,NULL,NULL,NULL,NULL,7,97,1,6,1,1,2,2,5,3,N,NULL,Y,N,1437,1445,1523,N,NULL,90,,0,N,,N,N,098-KY-1426-0,NULL,NULL,2020,O,7.25E+11,098-KY-1426  -000,HIGH,098-KY-1426  -000,6.025,0,0,0,0,0,0,0,0,0,0,0,0,0,1
3503,72503659,980500,2020AR028,20200522,1328,,COWPEN,,,,,,,,N,Y,COUNTRY MUSIC HIGHWAY,,,N,NULL,NULL,NULL,NULL,NULL,NULL,,NULL,NULL,NULL,NULL,NULL,NULL,0,0,2,2,Y,N,35,NULL,98,9807,NULL,,Y,37.52977,-82.5759,N,NULL,NULL,NULL,NULL,NULL,NULL,NULL,NULL,5,3,2,6,1,5,6,2,7,3,N,NULL,Y,N,1332,1339,1339,N,NULL,35,,,N,,N,N,,NULL,NULL,2020,O,7.25E+11,098-KY-2061  -030,MEDIUM,098-KY-2061  -030,0.009,0,0,0,0,0,0,0,0,0,0,1,0,0,0
3504,72777544,KSP0900,22-171977,20220510,600,,MUDLICK,,RD,,,0,098 CR-1089,CR1089,N,N,NULL,NULL,NULL,N,NULL,NULL,NULL,NULL,NULL,NULL,0.518,NULL,NULL,NULL,NULL,,NULL,0,0,1,1,N,N,35,NULL,98,9842,NULL,,Y,37.60139,-82.23264,N,NULL,NULL,NULL,NULL,NULL,NULL,NULL,NULL,9,3,1,3,1,1,2,6,7,3,Y,NULL,Y,N,600,625,800,N,NULL,70,,,N,,N,N,098-CR-1089-0,NULL,NULL,2022,O,7.28E+11,098-CR-1089  -000,HIGH,098-CR-1089  -000,0.518,0,0,0,0,0,0,1,0,0,0,0,1,0,0
3505,72534255,KSP0900,20-661442,20200822,558,,US119,,,US0119,US0119,0,098 US-119,US0119,N,N,NULL,NULL,NULL,N,NULL,NULL,NULL,NULL,NULL,NULL,25.254,NULL,NULL,NULL,NULL,,NULL,0,0,1,1,N,N,55,NULL,98,9834,NULL,,Y,37.67125,-82.27986,N,NULL,NULL,NULL,NULL,NULL,NULL,NULL,NULL,9,3,3,6,1,1,2,5,7,3,N,NULL,Y,N,558,650,650,N,NULL,40,2,1,N,,N,Y,098-US-0119-0,NULL,NULL,2020,O,7.25E+11,098-US-0119  -000,HIGH,098-US-0119  -000,25.254,0,0,0,0,0,0,0,0,0,0,0,1,0,0
3506,72527628,980500,2020AR036,20200803,1316,,BROAD BOTTOM ROAD,,,,,,,,N,N,NULL,NULL,NULL,N,NULL,NULL,NULL,NULL,NULL,NULL,,NULL,NULL,NULL,NULL,NULL,NULL,0,0,2,2,N,N,25,NULL,98,9807,NULL,,Y,37.53079,-82.57916,N,NULL,NULL,NULL,NULL,NULL,NULL,NULL,NULL,1,3,2,6,1,1,2,2,6,3,Y,NULL,Y,Y,1320,1322,1347,N,NULL,55,,,Y,,N,N,,NULL,NULL,2020,O,7.25E+11,098-CR-1426G -000,MEDIUM,098-CR-1426G -000,0.002,0,0,0,1,0,0,1,0,0,0,0,0,0,1
3507,72647461,980100,2.02E+11,20210712,1738,,US23,,,US0023,US0023,0,098 US-23-10,US0023,N,N,NULL,NULL,NULL,N,NULL,NULL,NULL,NULL,NULL,NULL,20.967,NULL,NULL,NULL,NULL,,NULL,3,0,3,3,N,N,55,NULL,98,9801,NULL,,Y,37.44453,-82.52535,N,NULL,NULL,NULL,NULL,NULL,NULL,NULL,NULL,1,3,4,3,1,1,3,2,1,3,Y,NULL,Y,Y,1739,1741,1833,N,NULL,55,,1,N,,N,N,098-US-0023-10,NULL,NULL,2021,C,7.26E+11,098-US-0023  -010,HIGH,098-US-0023  -000,20.967,0,1,1,0,0,0,1,0,0,0,0,0,0,1
3508,72700449,980100,2.02E+11,20211116,1300,,HAROLDS BRANCH,,RD,,,0,098 CS-1223,CS1223,N,N,NULL,NULL,NULL,N,NULL,NULL,NULL,NULL,NULL,NULL,0.58,NULL,NULL,NULL,NULL,,NULL,0,0,1,1,N,N,15,NULL,98,9801,NULL,,Y,37.46941,-82.51424,N,NULL,NULL,NULL,NULL,NULL,NULL,NULL,NULL,9,5,1,6,1,1,2,2,6,3,N,NULL,Y,Y,1300,1304,1323,Y,NULL,40,,,N,,N,N,098-CS-1223-0,NULL,NULL,2021,O,7.27E+11,098-CS-1223  -000,HIGH,098-CS-1223  -000,0.58,0,0,0,0,0,0,1,0,0,0,0,1,0,1
3509,72547099,980100,2.02E+11,20200928,1215,,KY3496,,,KY3496,KY3496,0,098 KY-3496,KY3496,Y,N,NULL,NULL,NULL,N,NULL,NULL,NULL,NULL,NULL,NULL,0.837,NULL,NULL,NULL,NULL,,NULL,0,0,2,1,N,N,10,NULL,98,9801,NULL,,Y,37.47195,-82.52884,N,NULL,NULL,NULL,NULL,NULL,NULL,NULL,NULL,9,97,2,6,1,1,2,2,1,3,N,NULL,Y,N,1226,1231,1231,N,NULL,90,16,0,N,,N,N,098-KY-3496-0,NULL,NULL,2020,O,7.25E+11,098-KY-3496  -000,HIGH,098-KY-3496  -000,0.837,0,0,0,0,1,0,1,0,0,0,0,0,0,1
3510,72576106,KSP0900,20-831649,20201217,109,,KY194,,,KY0194,KY0194,0,098 KY-194,KY0194,N,N,NULL,NULL,NULL,N,NULL,NULL,NULL,NULL,NULL,NULL,23.999,NULL,NULL,NULL,NULL,,NULL,0,0,1,1,N,N,55,NULL,98,9817,NULL,,Y,37.52818,-82.36871,N,NULL,NULL,NULL,NULL,NULL,NULL,NULL,NULL,9,3,2,6,1,5,6,6,7,2,N,NULL,Y,N,109,126,242,N,NULL,40,6,0,N,,N,N,098-KY-0194-0,NULL,NULL,2020,O,7.26E+11,098-KY-0194  -000,HIGH,098-KY-0194  -000,23.999,0,0,0,0,0,0,0,0,0,0,0,1,0,0
3511,72810839,980100,2.02E+11,20220929,1735,,HUFFMAN,,AVE,,,0,098 CS-1123,CS1123,N,N,NULL,NULL,NULL,N,NULL,NULL,NULL,NULL,NULL,NULL,0.155,NULL,NULL,NULL,NULL,,NULL,0,0,2,2,N,N,25,NULL,98,9801,NULL,,Y,37.47823,-82.51933,N,NULL,NULL,NULL,NULL,NULL,NULL,NULL,NULL,4,3,2,6,1,1,2,2,3,3,N,NULL,Y,N,1735,1742,1817,N,NULL,70,,,Y,,N,N,098-CS-1123-0,NULL,NULL,2022,O,7.28E+11,098-CS-1123  -000,HIGH,098-CS-1123  -000,0.155,0,0,1,0,0,0,1,0,0,0,0,0,0,1
3512,72606605,980100,2.02E+11,20210323,1330,,CASSIDY,,BLVD,,,0,098 CS-1191,CS1191,Y,N,NULL,NULL,NULL,N,NULL,NULL,NULL,NULL,NULL,NULL,0.049,NULL,NULL,NULL,NULL,,NULL,0,0,2,2,N,N,,NULL,98,9801,NULL,,Y,37.50368,-82.53296,N,NULL,NULL,NULL,NULL,NULL,NULL,NULL,NULL,2,97,1,6,1,1,2,2,1,3,N,NULL,Y,N,1330,1339,1339,N,NULL,90,,,N,,N,N,098-CS-1191-0,NULL,NULL,2021,O,7.26E+11,098-CS-1191  -000,HIGH,098-CS-1191  -000,0.049,0,0,0,1,0,0,1,0,0,0,0,0,0,1
3513,72622107,980100,2.02E+11,20210507,1322,,SOUTH MAYO TRAIL,,,,,0,098 CS-1016,CS1016,Y,N,NULL,NULL,NULL,N,NULL,NULL,NULL,NULL,NULL,NULL,,NULL,NULL,NULL,NULL,NULL,NULL,0,0,2,2,N,N,,NULL,98,9801,NULL,,Y,37.45305,-82.52142,N,NULL,NULL,NULL,NULL,NULL,NULL,NULL,NULL,2,97,1,6,1,1,2,2,1,3,N,NULL,Y,N,1322,1329,1329,N,NULL,90,,,N,,N,N,098-CS-1016-0,NULL,NULL,2021,O,7.26E+11,098-CS-1016  -000,HIGH,098-CS-1016  -000,0.043,0,0,0,1,0,0,1,0,0,0,0,0,0,1
3514,72589961,KSP0900,21-19459,20210115,1022,,GRAPEVINE,,RD,KY0194,KY0194,0,098 KY-194,KY0194,N,N,NULL,NULL,NULL,N,NULL,NULL,NULL,NULL,NULL,NULL,30.277,NULL,NULL,NULL,NULL,,NULL,0,0,2,2,Y,N,55,NULL,98,9849,NULL,,Y,37.45095,-82.3549,N,NULL,NULL,NULL,NULL,NULL,NULL,NULL,NULL,3,3,2,5,1,5,6,2,7,3,N,NULL,Y,Y,1024,1043,1100,N,NULL,52,7,0,N,,N,N,098-KY-0194-0,NULL,NULL,2021,O,7.26E+11,098-KY-0194  -000,HIGH,098-KY-0194  -000,30.277,0,0,0,0,0,0,0,1,0,0,0,1,0,0
3515,72730854,KSP0900,22-53785,20220213,1534,,US23,,,US0023,US0023,0,098 US-23,US0023,N,N,NULL,NULL,NULL,N,NULL,NULL,NULL,NULL,NULL,NULL,28.127,NULL,NULL,NULL,NULL,,NULL,0,0,2,1,N,N,35,NULL,98,9807,NULL,,Y,37.51587,-82.56027,N,NULL,NULL,NULL,NULL,NULL,NULL,NULL,NULL,5,3,4,6,1,1,2,2,7,3,N,NULL,Y,N,1528,1539,1540,N,NULL,49,,1,N,,N,N,098-US-0023-0,NULL,NULL,2022,O,7.27E+11,098-US-0023  -000,HIGH,098-US-0023  -000,28.127,0,0,1,0,0,0,1,0,0,0,0,0,0,0
3516,72549809,KSP0900,20-729869,20201006,1611,,US460,,,US0460,US0460,0,098 US-460,US0460,N,N,NULL,NULL,NULL,N,NULL,NULL,NULL,NULL,NULL,NULL,4.812,NULL,NULL,NULL,NULL,,NULL,0,0,2,2,N,N,55,NULL,98,9801,5,SE,N,37.41311,-82.45088,N,NULL,NULL,NULL,NULL,NULL,NULL,NULL,NULL,5,3,2,6,1,1,2,2,7,3,N,NULL,Y,N,1625,1625,1625,N,NULL,49,,1,N,,N,N,098-US-0460-0,NULL,NULL,2020,O,7.25E+11,098-US-0460  -000,HIGH,098-US-0460  -000,4.812,0,0,0,0,0,0,1,0,0,0,0,0,0,0
3517,72822989,KSP0900,22-403790,20221020,527,,KY3174,,,KY3174,KY3174,0,098 KY-3174-10,KY3174,N,N,NULL,NULL,NULL,N,NULL,NULL,NULL,NULL,NULL,NULL,6.87,NULL,NULL,NULL,NULL,,NULL,0,0,1,1,N,N,55,NULL,98,9830,NULL,,Y,37.3454,-82.43368,N,NULL,NULL,NULL,NULL,NULL,NULL,NULL,NULL,9,3,4,4,1,1,2,6,2,3,N,NULL,Y,N,530,645,715,N,NULL,38,,0,N,,N,N,098-KY-3174-10,NULL,NULL,2022,O,7.28E+11,098-KY-3174  -010,HIGH,098-KY-3174  -000,6.87,0,0,0,0,0,0,0,0,0,0,0,0,0,0
3518,72552293,980100,2.02E+11,20201013,1505,,US23,,,US0023,US0023,0,098 US-23-10,US0023,N,N,NULL,NULL,NULL,N,NULL,NULL,NULL,NULL,NULL,NULL,26.259,NULL,NULL,NULL,NULL,,NULL,0,0,2,2,N,N,55,NULL,98,9801,NULL,,Y,37.50332,-82.53231,N,NULL,NULL,NULL,NULL,NULL,NULL,NULL,NULL,8,3,4,6,1,1,2,2,7,3,N,NULL,Y,N,1505,1509,,N,NULL,53,,1,N,,N,N,098-US-0023-10,NULL,NULL,2020,O,7.26E+11,098-US-0023  -010,HIGH,098-US-0023  -000,26.259,0,0,0,0,0,0,0,0,0,0,0,1,0,1
3519,72685967,980100,2.02E+11,20211015,1229,,BAIRD,,AVE,KY1426,KY1426,0,098 KY-1426,KY1426,N,N,NULL,NULL,NULL,N,NULL,NULL,NULL,NULL,NULL,NULL,5.386,NULL,NULL,NULL,NULL,,NULL,4,0,2,2,N,N,15,NULL,98,9801,NULL,,Y,37.47281,-82.52699,N,NULL,NULL,NULL,NULL,NULL,NULL,NULL,NULL,1,3,2,6,1,1,2,2,7,3,Y,NULL,Y,Y,1230,1238,1257,N,NULL,55,,0,N,,N,N,098-KY-1426-0,NULL,NULL,2021,C,7.27E+11,098-KY-1426  -000,HIGH,098-KY-1426  -000,5.386,0,0,0,0,0,0,1,0,0,0,0,0,0,1
3520,72546103,980100,2.02E+11,20200925,2218,,US119,,,US0119,US0119,,,,N,N,NULL,NULL,NULL,N,NULL,NULL,NULL,NULL,NULL,NULL,0.095,NULL,NULL,NULL,NULL,,NULL,0,0,2,2,N,N,55,NULL,98,9801,NULL,,Y,37.50397,-82.53042,N,NULL,NULL,NULL,NULL,NULL,NULL,NULL,NULL,8,3,4,6,1,1,2,5,1,3,N,NULL,Y,N,2218,2223,2250,N,NULL,53,2,1,N,,N,N,,NULL,NULL,2020,O,7.25E+11,098-US-0119  -010,MEDIUM,098-US-0119  -000,0.095,0,0,0,0,0,0,1,0,0,0,0,1,0,1
3521,72465818,980100,2.02E+11,20200115,2144,,CASSIDY,,BLVD,,,,,,Y,N,NULL,NULL,NULL,N,NULL,NULL,NULL,NULL,NULL,NULL,,NULL,NULL,NULL,NULL,NULL,NULL,0,0,2,2,N,N,15,NULL,98,9801,NULL,,Y,37.50686,-82.5391,N,NULL,NULL,NULL,NULL,NULL,NULL,NULL,NULL,2,97,1,6,1,1,3,5,1,3,N,NULL,Y,Y,2144,2153,,N,NULL,90,,,N,,N,N,,NULL,NULL,2020,O,7.25E+11,098-CS-1191  -000,MEDIUM,098-CS-1191  -000,0.359,0,0,1,0,0,0,1,0,0,0,0,0,0,1
3522,72460544,980100,2.02E+11,20200106,1554,,US23,,,US0023,US0023,0,098 US-23,US0023,N,N,NULL,NULL,NULL,N,NULL,NULL,NULL,NULL,NULL,NULL,26.914,NULL,NULL,NULL,NULL,,NULL,5,0,2,2,N,N,55,NULL,98,9801,NULL,,Y,37.50996,-82.53954,N,NULL,NULL,NULL,NULL,NULL,NULL,NULL,NULL,1,3,4,6,1,1,2,2,7,3,Y,NULL,Y,Y,1554,1557,1634,N,NULL,55,,1,N,,N,N,098-US-0023-0,NULL,NULL,2020,C,7.25E+11,098-US-0023  -000,HIGH,098-US-0023  -000,26.914,0,0,0,0,0,0,1,0,0,0,0,0,0,1
3523,72536043,KSP0900,20-662338,20200822,1843,,US460,,,US0460,US0460,0,098 US-460,US0460,N,N,NULL,NULL,NULL,N,NULL,NULL,NULL,NULL,NULL,NULL,8.916,NULL,NULL,NULL,NULL,,NULL,1,0,2,2,N,N,45,NULL,98,9832,NULL,,Y,37.37069,-82.42148,N,NULL,NULL,NULL,NULL,NULL,NULL,NULL,NULL,7,3,2,1,1,5,6,3,7,3,N,NULL,Y,Y,1958,2017,,N,NULL,54,,1,N,,N,N,098-US-0460-0,NULL,NULL,2020,C,7.25E+11,098-US-0460  -000,HIGH,098-US-0460  -000,8.916,0,0,0,1,0,0,0,0,0,0,0,1,0,0
3524,72745554,980100,2.02E+11,20220329,1607,,BYPASS,,RD,,,0,098 CS-1223,CS1223,Y,N,NULL,NULL,NULL,N,NULL,NULL,NULL,NULL,NULL,NULL,,NULL,NULL,NULL,NULL,NULL,NULL,0,0,2,2,Y,N,15,NULL,98,9801,NULL,,Y,37.47131,-82.52119,N,NULL,NULL,NULL,NULL,NULL,NULL,NULL,NULL,8,97,,6,1,1,3,2,5,3,N,NULL,Y,N,1607,1625,,N,NULL,90,,,N,,N,N,098-CS-1223-0,NULL,NULL,2022,O,7.27E+11,098-CS-1223  -000,HIGH,098-CS-1223  -000,0.134,0,0,0,0,0,0,0,0,0,0,0,0,0,1
3525,72516841,980100,2.02E+11,20200627,1842,,US23,,,US0023,US0023,0,098 US-23-10,US0023,N,N,NULL,NULL,NULL,N,NULL,NULL,NULL,NULL,NULL,NULL,26.276,NULL,NULL,NULL,NULL,,NULL,0,0,2,2,N,N,55,NULL,98,9801,NULL,,Y,37.50355,-82.53235,N,NULL,NULL,NULL,NULL,NULL,NULL,NULL,NULL,8,3,4,6,1,1,2,2,1,3,N,NULL,Y,N,1842,1847,,N,NULL,53,,1,N,,N,N,098-US-0023-10,NULL,NULL,2020,O,7.25E+11,098-US-0023  -010,HIGH,098-US-0023  -000,26.276,0,0,1,0,0,0,1,1,0,0,0,1,0,1
3526,72881146,980100,2.02E+11,20230330,733,,BAIRD,,AVE,KY1426,KY1426,0,098 KY-1426,KY1426,Y,N,NULL,NULL,NULL,N,NULL,NULL,NULL,NULL,NULL,NULL,5.391,NULL,NULL,NULL,NULL,,NULL,0,0,2,2,N,N,,NULL,98,9801,NULL,,Y,37.4732,-82.52707,N,NULL,NULL,NULL,NULL,NULL,NULL,NULL,NULL,5,97,2,6,1,1,2,2,1,3,N,NULL,Y,N,733,736,736,N,NULL,90,,0,N,,N,N,098-KY-1426-0,NULL,NULL,2023,O,7.29E+11,098-KY-1426  -000,HIGH,098-KY-1426  -000,5.401,0,0,0,0,0,0,0,0,0,0,0,1,0,1