OBJECTID,MasterFile,AgencyORINumber,LocalCode,CollisionDate,CollisionTime,CollisionDayWeekCode,RoadwayName,RoadwayName_Direction_,RoadwayName_RoadwaySuffix_,RoadwayfromReport,CurrentRoadwayNumber,RoadwayNumberCoupletID,RSEUniqueGIS,RoadwayIdentifier,ParkingLotIndicator,IntersectionWith_Indicator_,IntersectionWith_NameRoadway_,IntersectionWith_Direction_,IntersectionWith_RoadwaySuffix_,BetweenStreets_Indicator_,BetweenStreets1_NameRoadway_,BetweenStreet1_Direction_,BetweenStreets1_RoadwaySuffix_,BetweenStreets2_NameRoadway_,BetweenStreets2_Direction_,BetweenStreets2_RoadwaySuffix_,Milepoint,ReportMilepointDeriveNumber,CurrentDerivedMiepointNumber,MilestoMilepoint,FeettoMilepoint,DirectionfromMilepoint_NSEW_,ValidMilepointIndicator,NumberInjured,NumberKilled,ofUnits,ofMotorVehicleUnits,Hit&RunIndicator,OneWayIndicator,SpeedLimitNumber,KilometersIndicator,CountyCode,CityCountyCode,MilesFromCity,DirectionFromCity_NSEW_,InCityLimitsIndicator,Latitude,Longitude,RampIndicator,RampFromIdentifier,RampFromDirCode,RampFromCoupletID,RSEUniqueGISRampFrom,RampToidentifier,RampToDirCode,RampToCoupletID,RSEUniqueGisRampTo,MannerofCollisionCode,LocationFirstEventCode,TotalLanes,RoadwayCharacterCode,RoadwaySurfaceCode,RoadwayConditionCode,WeatherCode,LightConditionCode,LandUseCode,SchoolBusRelatedCode,FirstAidSceneIndicator,CollDescPresentInd,InvestigationCompleteIndicator,PhotosTakenIndicator,TimeNotified,TimeArrived,TimeRoadwayOpened,PropertyDamageIndicator,DiagramPresentIndicator,DirectionalAnalysis,FunctionClassCode,NationalHwySysCode,EnforcementsIndicator,KARSCityCode,SecondaryCollisionIndicator,MedianCrossoverIndicator,RT_UNIQUE,MapIt,TimeLastLeft,YR,KABCO,MFNY,WorkingRID,RT_CONFIDENCE,KTC_RT,KTC_MP,Motorcyclist,Commercial Vehicle,Young Driver,Mature Driver,Pedestrian,Bicyclist,Distracted,Aggressive,Impaired,Unrestrained,Intersection,Roadway Departure,Median Cross-over,City Crash
3527,72778049,980500,2022AR029,20220630,1000,,MAYO TRAIL,N,,,,,,,Y,N,NULL,NULL,NULL,N,NULL,NULL,NULL,NULL,NULL,NULL,,NULL,NULL,NULL,NULL,NULL,NULL,0,0,1,1,N,N,10,NULL,98,9807,NULL,,Y,37.51335,-82.55668,N,NULL,NULL,NULL,NULL,NULL,NULL,NULL,NULL,9,97,,6,3,1,2,2,1,3,N,NULL,Y,Y,1004,1014,1014,Y,NULL,90,,,N,,N,N,,NULL,NULL,2022,O,7.28E+11,098-CS-3003  -000,MEDIUM,098-CS-3003  -000,0.056,0,0,0,1,0,0,1,0,0,0,0,0,0,0
3528,72546645,980100,2.02E+11,20200924,1236,,MAYO TRAIL,S,,,,,,,Y,N,NULL,NULL,NULL,N,NULL,NULL,NULL,NULL,NULL,NULL,,NULL,NULL,NULL,NULL,NULL,NULL,0,0,2,2,N,N,15,NULL,98,9801,NULL,,Y,37.46629,-82.53079,N,NULL,NULL,NULL,NULL,NULL,NULL,NULL,NULL,5,97,,6,1,1,2,2,1,3,N,NULL,Y,N,1236,1249,1307,N,NULL,90,,,N,,N,N,,NULL,NULL,2020,O,7.25E+11,098-KY-3496  -000,MEDIUM,098-KY-3496  -000,0.178,0,0,0,0,0,0,1,0,0,0,0,0,0,1
3529,72765999,980000,22-05-006,20220526,1145,,KY194,,,KY0194,KY0194,0,098 KY-194,KY0194,Y,N,NULL,NULL,NULL,N,NULL,NULL,NULL,NULL,NULL,NULL,7.781,NULL,NULL,NULL,NULL,,NULL,0,0,2,2,N,N,10,NULL,98,9801,NULL,,Y,37.61519,-82.53799,N,NULL,NULL,NULL,NULL,NULL,NULL,NULL,NULL,2,97,2,6,3,8,2,2,5,3,N,NULL,Y,Y,1145,1212,1145,N,NULL,90,7,0,N,,N,N,098-KY-0194-0,NULL,NULL,2022,O,7.28E+11,098-KY-0194  -000,HIGH,098-KY-0194  -000,7.781,0,1,0,1,0,0,1,0,0,0,0,0,0,0
3530,72590176,KSP0900,21-36506,20210128,930,,ROCKHOUSE,,RD,,,0,098 CR-1113,CR1113,N,N,NULL,NULL,NULL,N,NULL,NULL,NULL,NULL,NULL,NULL,1.688,NULL,NULL,NULL,NULL,,NULL,0,0,2,2,N,N,35,NULL,98,9804,NULL,,Y,37.44447,-82.12163,N,NULL,NULL,NULL,NULL,NULL,NULL,NULL,NULL,3,3,2,6,1,2,3,2,7,3,N,NULL,Y,N,805,930,940,N,NULL,52,,,N,,N,N,098-CR-1113-0,NULL,NULL,2021,O,7.26E+11,098-CR-1113  -000,HIGH,098-CR-1113  -000,1.688,0,0,0,0,0,0,0,0,0,0,0,1,0,0
3531,72492040,980500,2020AR021,20200402,1129,,COUNTRY MUSIC HIGHWAY,,,,,,,,N,N,NULL,NULL,NULL,N,NULL,NULL,NULL,NULL,NULL,NULL,,NULL,NULL,NULL,NULL,NULL,NULL,0,0,2,2,N,N,45,NULL,98,9807,NULL,,Y,37.51525,-82.55938,N,NULL,NULL,NULL,NULL,NULL,NULL,NULL,NULL,4,3,6,4,1,1,2,2,7,2,N,NULL,Y,Y,1131,1132,1139,N,NULL,70,,,N,,N,N,,NULL,NULL,2020,O,7.25E+11,098-CS-3012  -000,MEDIUM,098-CS-3012  -000,0.007,0,0,0,1,0,0,1,0,0,0,0,0,0,0
3532,72502221,980100,2.02E+11,20200515,2047,,US460,,,US0460,US0460,,,,Y,N,NULL,NULL,NULL,N,NULL,NULL,NULL,NULL,NULL,NULL,0.174,NULL,NULL,NULL,NULL,,NULL,1,0,2,1,N,N,15,NULL,98,9801,NULL,,Y,37.43991,-82.50882,N,NULL,NULL,NULL,NULL,NULL,NULL,NULL,NULL,9,97,1,6,1,1,2,5,1,3,N,NULL,Y,Y,2047,2053,2053,N,NULL,90,,1,N,,N,N,,NULL,NULL,2020,C,7.25E+11,098-US-0460  -000,HIGH,098-US-0460  -000,0.174,0,0,0,0,1,0,1,0,0,0,0,0,0,1
3533,72667031,KSP0900,21-365278,20210902,1310,,US119,,,US0119,US0119,0,098 US-119-10,US0119,N,N,NULL,NULL,NULL,N,NULL,NULL,NULL,NULL,NULL,NULL,8.942,NULL,NULL,NULL,NULL,,NULL,0,0,1,1,N,N,55,NULL,98,9820,NULL,,Y,37.57111,-82.41817,N,NULL,NULL,NULL,NULL,NULL,NULL,NULL,NULL,9,3,4,6,1,1,2,2,7,3,N,NULL,Y,N,1310,1325,1325,N,NULL,38,2,1,N,,N,N,098-US-0119-10,NULL,NULL,2021,O,7.27E+11,098-US-0119  -010,HIGH,098-US-0119  -000,8.942,0,0,0,0,0,0,0,0,0,0,0,0,0,0
3534,72548954,980100,2.02E+11,20201001,1849,,GARRED,,ST,,,0,098 CS-1174,CS1174,N,N,NULL,NULL,NULL,N,NULL,NULL,NULL,NULL,NULL,NULL,0.183,NULL,NULL,NULL,NULL,,NULL,0,0,2,2,N,N,35,NULL,98,9801,NULL,,Y,37.48397,-82.52843,N,NULL,NULL,NULL,NULL,NULL,NULL,NULL,NULL,2,7,2,5,1,1,2,2,6,3,N,NULL,Y,N,1849,1858,,N,NULL,47,,,Y,,N,N,098-CS-1174-0,NULL,NULL,2020,O,7.25E+11,098-CS-1174  -000,HIGH,098-CS-1174  -000,0.183,0,0,0,0,0,0,1,0,0,1,0,0,0,1
3535,72475724,KSP0900,20-5306,20200209,2052,,TOM ADKINS,,RD,,,0,098 CR-1267P,CR1267P,N,N,NULL,NULL,NULL,N,NULL,NULL,NULL,NULL,NULL,NULL,0.702,NULL,NULL,NULL,NULL,,NULL,0,0,1,1,N,N,45,NULL,98,9801,NULL,,Y,37.42677,-82.47742,N,NULL,NULL,NULL,NULL,NULL,NULL,NULL,NULL,9,5,1,1,1,5,10,6,7,3,N,NULL,Y,N,2056,2121,2056,N,NULL,51,,,N,,N,N,098-CR-1267P-0,NULL,NULL,2020,O,7.25E+11,098-CR-1267P -000,HIGH,098-CR-1267P -000,0.702,0,0,0,0,0,0,0,0,0,0,0,1,0,0
3536,72593028,KSP0900,21-32604,20210125,1000,,KY194,,,KY0194,KY0194,0,098 KY-194,KY0194,N,N,NULL,NULL,NULL,N,NULL,NULL,NULL,NULL,NULL,NULL,39.622,NULL,NULL,NULL,NULL,,NULL,0,0,2,2,N,N,55,NULL,98,9839,NULL,,Y,37.43002,-82.26855,N,NULL,NULL,NULL,NULL,NULL,NULL,NULL,NULL,8,3,2,3,1,5,3,2,7,3,N,NULL,N,N,1000,1040,1040,N,NULL,53,8,0,N,,N,N,098-KY-0194-0,NULL,NULL,2021,O,7.26E+11,098-KY-0194  -000,HIGH,098-KY-0194  -000,39.622,0,0,0,0,0,0,1,0,0,0,0,1,0,0
3537,72504178,980100,2.02E+11,20200524,1621,,THOMPSON,,RD,,,,,,N,N,NULL,NULL,NULL,N,NULL,NULL,NULL,NULL,NULL,NULL,0.5,NULL,NULL,NULL,NULL,,NULL,0,0,2,2,N,N,10,NULL,98,9801,NULL,,Y,37.50602,-82.54368,N,NULL,NULL,NULL,NULL,NULL,NULL,NULL,NULL,1,97,1,6,1,1,2,2,1,3,N,NULL,Y,N,1621,1630,,N,NULL,55,,,N,,N,N,,NULL,NULL,2020,O,7.25E+11,098-CS-1215  -000,MEDIUM,098-CS-1215  -000,0.5,0,0,0,0,0,0,1,0,0,0,0,0,0,1
3538,72492163,980100,2.02E+11,20200331,2047,,CHLOE,,RD,KY1460,KY1460,0,098 KY-1460,KY1460,N,N,NULL,NULL,NULL,N,NULL,NULL,NULL,NULL,NULL,NULL,2.737,NULL,NULL,NULL,NULL,,NULL,1,0,1,1,N,N,35,NULL,98,9801,NULL,,Y,37.46885,-82.47852,N,NULL,NULL,NULL,NULL,NULL,NULL,NULL,NULL,9,3,2,2,1,5,6,6,7,3,Y,NULL,Y,Y,2047,2047,2151,N,NULL,44,,0,Y,,N,N,098-KY-1460-0,NULL,NULL,2020,C,7.25E+11,098-KY-1460  -000,HIGH,098-KY-1460  -000,2.737,0,0,0,0,0,0,1,1,0,1,0,1,0,1
3539,72496771,KSP0900,20-15216,20200424,1242,,KY1426,,,KY1426,KY1426,0,098 KY-1426,KY1426,N,N,NULL,NULL,NULL,N,NULL,NULL,NULL,NULL,NULL,NULL,10.59,NULL,NULL,NULL,NULL,,NULL,0,0,1,1,N,N,55,NULL,98,9814,NULL,,Y,37.518,-82.47398,N,NULL,NULL,NULL,NULL,NULL,NULL,NULL,NULL,9,3,2,3,1,5,6,2,7,3,N,NULL,Y,N,1242,1255,1300,N,NULL,44,7,0,N,,N,N,098-KY-1426-0,NULL,NULL,2020,O,7.25E+11,098-KY-1426  -000,HIGH,098-KY-1426  -000,10.59,0,0,1,0,0,0,1,1,0,0,0,1,0,0
3540,72617531,KSP0900,21-165225,20210425,1710,,KY1469,,,KY1469,KY1469,0,098 KY-1469,KY1469,N,N,NULL,NULL,NULL,N,NULL,NULL,NULL,NULL,NULL,NULL,9.318,NULL,NULL,NULL,NULL,,NULL,2,0,2,2,N,N,55,NULL,98,9827,NULL,,Y,37.32391,-82.61249,N,NULL,NULL,NULL,NULL,NULL,NULL,NULL,NULL,1,3,2,6,1,1,2,2,7,3,Y,NULL,Y,Y,1603,1612,1630,N,NULL,55,8,0,N,,N,N,098-KY-1469-0,NULL,NULL,2021,B,7.26E+11,098-KY-1469  -000,HIGH,098-KY-1469  -000,9.318,0,0,0,1,0,0,1,1,0,0,0,1,0,0
3541,72503164,KSP0900,20-17893,20200513,1910,,ABNER FORK,,RD,,,0,098 CR-1648,CR1648,N,N,NULL,NULL,NULL,N,NULL,NULL,NULL,NULL,NULL,NULL,1.427,NULL,NULL,NULL,NULL,,NULL,4,0,2,2,N,N,15,NULL,98,9802,4,E,N,37.37199,-82.33003,N,NULL,NULL,NULL,NULL,NULL,NULL,NULL,NULL,3,3,1,4,1,5,3,4,6,3,Y,NULL,Y,Y,1911,1950,1911,N,NULL,52,,,Y,,N,N,098-CR-1648-0,NULL,NULL,2020,B,7.25E+11,098-CR-1648  -000,HIGH,098-CR-1648  -000,1.427,0,0,0,0,0,0,0,0,0,0,0,1,0,0
3542,72734364,KSP0900,22-65295,20220222,915,,US119,,,US0119,US0119,0,098 US-119-10,US0119,N,N,NULL,NULL,NULL,N,NULL,NULL,NULL,NULL,NULL,NULL,24.33,NULL,NULL,NULL,NULL,,NULL,0,0,2,2,N,N,40,NULL,98,9834,NULL,,Y,37.65988,-82.27344,N,NULL,NULL,NULL,NULL,NULL,NULL,NULL,NULL,5,3,4,6,1,5,3,2,7,3,N,NULL,Y,N,916,916,920,N,NULL,49,2,1,N,,N,N,098-US-0119-10,NULL,NULL,2022,O,7.27E+11,098-US-0119  -010,HIGH,098-US-0119  -000,24.33,0,0,0,0,0,0,1,0,0,0,0,0,0,0
3543,72799770,980000,22-08-003,20220824,2100,,US23,,,US0023,US0023,0,098 US-23,US0023,N,N,NULL,NULL,NULL,N,NULL,NULL,NULL,NULL,NULL,NULL,26.223,NULL,NULL,NULL,NULL,,NULL,0,0,2,2,N,N,45,NULL,98,9801,NULL,,Y,37.50327,-82.53228,N,NULL,NULL,NULL,NULL,NULL,NULL,NULL,NULL,5,3,4,6,1,1,2,5,7,3,N,NULL,N,N,2100,2100,2105,N,NULL,49,,1,N,,N,N,098-US-0023-0,NULL,NULL,2022,O,7.28E+11,098-US-0023  -000,HIGH,098-US-0023  -000,26.223,0,0,0,1,0,0,1,0,0,0,0,0,0,1
3544,72678877,KSP0900,2021-408064,20211002,2200,,KY292,,,KY0292,KY0292,0,098 KY-292,KY0292,N,N,NULL,NULL,NULL,N,NULL,NULL,NULL,NULL,NULL,NULL,0.01,NULL,NULL,NULL,NULL,,NULL,0,0,2,2,N,N,45,NULL,98,9869,NULL,,Y,37.62722,-82.21783,N,NULL,NULL,NULL,NULL,NULL,NULL,NULL,NULL,3,3,2,6,1,5,3,6,7,3,N,NULL,Y,N,2200,2210,2210,N,NULL,52,8,0,N,,N,N,098-KY-0292-0,NULL,NULL,2021,O,7.27E+11,098-KY-0292  -000,HIGH,098-KY-0292  -000,0.01,0,0,1,0,0,0,0,0,1,0,0,1,0,0
3545,72618463,980500,2021AR019,20210428,1300,,COWPEN,,RD,KY2061,KY2061,0,098 KY-2061,KY2061,N,N,NULL,NULL,NULL,N,NULL,NULL,NULL,NULL,NULL,NULL,0.664,NULL,NULL,NULL,NULL,,NULL,0,0,2,2,Y,N,55,NULL,98,9807,NULL,,Y,37.53678,-82.56803,N,NULL,NULL,NULL,NULL,NULL,NULL,NULL,NULL,7,3,2,3,1,1,2,2,1,3,N,NULL,Y,Y,1300,1303,1322,N,NULL,54,,0,N,,N,N,098-KY-2061-0,NULL,NULL,2021,O,7.26E+11,098-KY-2061  -000,HIGH,098-KY-2061  -000,0.664,0,0,0,0,0,0,0,0,0,0,0,1,0,0
3546,72513226,KSP0900,20-21188,20200604,1851,,FERRELLS CREEK,,RD,US0460,US0460,0,098 US-460,US0460,N,N,NULL,NULL,NULL,N,NULL,NULL,NULL,NULL,NULL,NULL,21.009,NULL,NULL,NULL,NULL,,NULL,0,0,1,1,N,N,55,NULL,98,9847,NULL,,Y,37.37354,-82.27711,N,NULL,NULL,NULL,NULL,NULL,NULL,NULL,NULL,9,3,2,1,1,1,2,2,7,3,N,NULL,Y,Y,1851,1942,,Y,NULL,40,,1,N,,N,N,098-US-0460-0,NULL,NULL,2020,O,7.25E+11,098-US-0460  -000,HIGH,098-US-0460  -000,21.009,0,0,0,0,0,0,1,0,0,0,0,1,0,0
3547,72512979,KSP0900,20-554411,20200619,1506,,OWSLEY,,RD,KY1384,KY1384,0,098 KY-1384,KY1384,N,N,NULL,NULL,NULL,N,NULL,NULL,NULL,NULL,NULL,NULL,2.973,NULL,NULL,NULL,NULL,,NULL,1,0,1,1,N,N,35,NULL,98,9801,NULL,,Y,37.50616,-82.58858,N,NULL,NULL,NULL,NULL,NULL,NULL,NULL,NULL,9,3,2,6,1,1,2,2,7,3,N,NULL,Y,Y,1600,1630,1726,N,NULL,70,,0,Y,,N,N,098-KY-1384-0,NULL,NULL,2020,B,7.25E+11,098-KY-1384  -000,HIGH,098-KY-1384  -000,2.973,0,0,0,0,0,0,0,0,1,1,0,1,0,0
3548,72547758,980100,2.02E+11,20200914,1010,,BYPASS,S,RD,,,,,,Y,N,NULL,NULL,NULL,N,NULL,NULL,NULL,NULL,NULL,NULL,,NULL,NULL,NULL,NULL,NULL,NULL,0,0,2,2,Y,N,15,NULL,98,9801,NULL,,Y,37.47201,-82.52251,N,NULL,NULL,NULL,NULL,NULL,NULL,NULL,NULL,7,97,2,6,2,1,2,2,1,3,N,NULL,N,N,1716,1725,1725,N,NULL,90,,,N,,N,N,,NULL,NULL,2020,O,7.25E+11,098-CS-1223  -000,MEDIUM,098-CS-1223  -000,0.054,0,0,0,0,0,0,0,0,0,0,0,0,0,1
3549,72602025,980100,2.02E+11,20210226,1640,,US23,,,US0023,US0023,,,,N,N,NULL,NULL,NULL,N,NULL,NULL,NULL,NULL,NULL,NULL,19.547,NULL,NULL,NULL,NULL,,NULL,1,0,3,3,N,N,55,NULL,98,9801,NULL,,Y,37.44808,-82.50529,N,NULL,NULL,NULL,NULL,NULL,NULL,NULL,NULL,1,3,4,3,1,5,6,2,7,3,Y,NULL,Y,Y,1422,1422,1444,N,NULL,55,,1,N,,N,N,,NULL,NULL,2021,C,7.26E+11,098-US-0023  -010,MEDIUM,098-US-0023  -000,19.547,0,1,0,0,0,0,0,0,0,0,0,0,0,1
3550,72811921,980100,2.02E+11,20221001,1716,,US23,,,US0023,US0023,0,098 US-23,US0023,N,N,NULL,NULL,NULL,N,NULL,NULL,NULL,NULL,NULL,NULL,23.11,NULL,NULL,NULL,NULL,,NULL,1,0,1,1,N,N,55,NULL,98,9801,NULL,,Y,37.46611,-82.52883,N,NULL,NULL,NULL,NULL,NULL,NULL,NULL,NULL,9,3,4,6,1,5,6,2,7,3,Y,NULL,Y,Y,1716,1718,1740,N,NULL,70,,1,N,,N,N,098-US-0023-0,NULL,NULL,2022,C,7.28E+11,098-US-0023  -000,HIGH,098-US-0023  -000,23.11,0,0,0,0,0,0,0,0,0,0,0,1,0,1
3551,72763290,KSP0900,22-169547,20220508,1100,,KY632,,,KY0632,KY0632,0,098 KY-632,KY0632,N,N,NULL,NULL,NULL,N,NULL,NULL,NULL,NULL,NULL,NULL,13.874,NULL,NULL,NULL,NULL,,NULL,1,0,2,2,N,N,35,NULL,98,9804,NULL,,Y,37.51377,-82.15455,N,NULL,NULL,NULL,NULL,NULL,NULL,NULL,NULL,3,3,2,6,1,1,2,2,7,3,N,NULL,N,Y,1100,1100,1100,N,NULL,52,6,0,N,,N,N,098-KY-0632-0,NULL,NULL,2022,A,7.28E+11,098-KY-0632  -000,HIGH,098-KY-0632  -000,13.874,1,0,0,1,0,0,0,0,0,0,0,1,0,0
3552,72703635,980100,2.02E+11,20211201,2241,,HIBBARD,,ST,,,,,,Y,N,NULL,NULL,NULL,N,NULL,NULL,NULL,NULL,NULL,NULL,0.043,NULL,NULL,NULL,NULL,,NULL,0,0,2,2,N,N,,NULL,98,9801,NULL,,Y,37.47369,-82.52673,N,NULL,NULL,NULL,NULL,NULL,NULL,NULL,NULL,2,97,,6,1,1,2,8,7,3,N,NULL,Y,N,2241,2242,2256,N,NULL,90,,,N,,N,N,,NULL,NULL,2021,O,7.27E+11,098-CS-1053  -000,MEDIUM,098-CS-1053  -000,0.043,0,0,1,0,0,0,1,0,0,0,0,0,0,1
3553,72841562,980500,2022AR058,20221213,1120,,COWPEN,,,,,,,,N,N,NULL,NULL,NULL,N,NULL,NULL,NULL,NULL,NULL,NULL,,NULL,NULL,NULL,NULL,NULL,NULL,0,0,2,2,Y,N,55,NULL,98,9807,NULL,,Y,37.53324,-82.57184,N,NULL,NULL,NULL,NULL,NULL,NULL,NULL,NULL,7,3,2,6,1,1,2,2,7,3,N,NULL,Y,Y,1120,1120,1120,N,NULL,54,,,N,,N,N,,NULL,NULL,2022,O,7.28E+11,098-KY-2061  -000,MEDIUM,098-KY-2061  -000,0.321,0,0,0,0,0,0,0,0,0,0,0,1,0,0
3554,72584123,980100,2.02E+11,20210111,1726,,CASSIDY,,BLVD,,,,,,Y,N,NULL,NULL,NULL,N,NULL,NULL,NULL,NULL,NULL,NULL,0.292,NULL,NULL,NULL,NULL,,NULL,0,0,2,2,N,N,,NULL,98,9801,NULL,,Y,37.50499,-82.53667,N,NULL,NULL,NULL,NULL,NULL,NULL,NULL,NULL,7,97,2,6,2,1,2,8,1,3,N,NULL,Y,N,1726,1730,1730,N,NULL,90,,,N,,N,N,,NULL,NULL,2021,O,7.26E+11,098-CS-1191  -000,MEDIUM,098-CS-1191  -000,0.292,0,0,0,0,0,0,0,0,0,0,0,0,0,1
3555,72473768,KSP0900,      20-5060,20200207,1957,,KY122,,,KY0122,KY0122,0,098 KY-122,KY0122,N,N,NULL,NULL,NULL,N,NULL,NULL,NULL,NULL,NULL,NULL,7.688,NULL,NULL,NULL,NULL,,NULL,0,0,1,1,N,N,55,NULL,98,9801,NULL,,Y,37.38005,-82.58442,N,NULL,NULL,NULL,NULL,NULL,NULL,NULL,NULL,9,3,2,6,1,5,2,4,7,3,N,NULL,Y,N,1957,2014,2035,N,NULL,70,,0,Y,,N,N,098-KY-0122-0,NULL,NULL,2020,O,7.25E+11,098-KY-0122  -000,HIGH,098-KY-0122  -000,7.688,0,0,0,0,0,0,0,0,1,1,0,1,0,0
3556,72712926,KSP0900,21-512291,20211130,908,,WILLIAMSON,,RD,KY0292,KY0292,0,098 KY-292,KY0292,N,N,NULL,NULL,NULL,N,NULL,NULL,NULL,NULL,NULL,NULL,7.836,NULL,NULL,NULL,NULL,,NULL,0,0,3,3,Y,N,45,NULL,98,9826,NULL,,Y,37.68567,-82.29865,N,NULL,NULL,NULL,NULL,NULL,NULL,NULL,NULL,8,3,2,6,1,5,3,2,7,3,N,NULL,N,N,918,1005,1030,N,NULL,53,7,0,N,,N,N,098-KY-0292-0,NULL,NULL,2021,O,7.27E+11,098-KY-0292  -000,HIGH,098-KY-0292  -000,7.836,0,0,0,0,0,0,0,0,0,0,0,1,0,0
3557,72464745,KSP0900,20-1787,20200113,2125,,KY194,,,KY0194,KY0194,0,098 KY-194,KY0194,N,N,NULL,NULL,NULL,N,NULL,NULL,NULL,NULL,NULL,NULL,16.675,NULL,NULL,NULL,NULL,,NULL,1,0,1,1,N,N,55,NULL,98,9820,NULL,,Y,37.56736,-82.45991,N,NULL,NULL,NULL,NULL,NULL,NULL,NULL,NULL,9,3,2,4,1,1,2,6,7,3,N,NULL,Y,Y,2127,2138,2241,N,NULL,38,7,0,N,,N,Y,098-KY-0194-0,NULL,NULL,2020,C,7.25E+11,098-KY-0194  -000,HIGH,098-KY-0194  -000,16.675,0,0,0,0,0,0,0,0,0,0,0,1,0,0
3558,72866050,980500,2023AR005,20230214,1620,,BROAD BOTTOM,,RD,,,,,,N,Y,MOSSY BOTTOM,,LN,N,NULL,NULL,NULL,NULL,NULL,NULL,0.13,NULL,NULL,NULL,NULL,,NULL,0,0,2,2,N,N,35,NULL,98,9801,NULL,,Y,37.53074,-82.57911,N,NULL,NULL,NULL,NULL,NULL,NULL,NULL,NULL,8,3,2,6,1,1,2,2,6,3,N,NULL,Y,Y,1620,1630,1700,N,NULL,19,,,N,,N,N,,NULL,NULL,2023,O,7.29E+11,098-CR-1419  -000,MEDIUM,098-CR-1419  -000,0.132,0,0,1,0,0,0,1,0,0,0,1,0,0,1
3559,72674788,KSP0900,21-395957,20210924,808,,ELKHORN,,CRK,KY0197,KY0197,0,098 KY-197,KY0197,N,N,NULL,NULL,NULL,N,NULL,NULL,NULL,NULL,NULL,NULL,7.756,NULL,NULL,NULL,NULL,,NULL,1,0,1,1,N,N,55,NULL,98,9864,NULL,,Y,37.25792,-82.46101,N,NULL,NULL,NULL,NULL,NULL,NULL,NULL,NULL,9,5,2,6,1,1,2,2,7,3,Y,NULL,Y,N,825,847,847,Y,NULL,51,7,0,N,,N,N,098-KY-0197-0,NULL,NULL,2021,A,7.27E+11,098-KY-0197  -000,HIGH,098-KY-0197  -000,7.756,0,0,0,0,0,0,0,0,0,0,0,1,0,0
3560,72563862,980100,2.02E+11,20201110,1331,,KY1426,,,KY1426,KY1426,,,,N,N,NULL,NULL,NULL,N,NULL,NULL,NULL,NULL,NULL,NULL,8.83,NULL,NULL,NULL,NULL,,NULL,3,0,2,2,N,N,35,NULL,98,9801,NULL,,Y,37.50286,-82.48975,N,NULL,NULL,NULL,NULL,NULL,NULL,NULL,NULL,5,3,2,4,1,1,2,2,7,3,Y,NULL,N,Y,1331,1334,,N,NULL,70,,0,N,,N,N,,NULL,NULL,2020,C,7.26E+11,098-KY-1426  -000,HIGH,098-KY-1426  -000,8.83,0,0,0,1,0,0,1,0,0,0,0,0,0,1
3561,72556804,980100,2.02E+11,20201024,1523,,TOWN MOUNTAIN,,RD,KY1426,KY1426,0,098 KY-1426,KY1426,N,N,NULL,NULL,NULL,N,NULL,NULL,NULL,NULL,NULL,NULL,8.557,NULL,NULL,NULL,NULL,,NULL,1,0,1,1,N,N,45,NULL,98,9801,NULL,,Y,37.49923,-82.49062,N,NULL,NULL,NULL,NULL,NULL,NULL,NULL,NULL,9,3,2,1,1,5,3,2,7,3,Y,NULL,Y,Y,1525,1533,1634,N,NULL,44,,0,Y,,N,N,098-KY-1426-0,NULL,NULL,2020,C,7.26E+11,098-KY-1426  -000,HIGH,098-KY-1426  -000,8.557,0,0,0,0,0,0,1,1,0,1,0,1,0,1
3562,72574753,980100,2.02E+11,20201214,801,,BYPASS,S,RD,KY1426,KY1426,,,,N,N,NULL,NULL,NULL,N,NULL,NULL,NULL,NULL,NULL,NULL,5.956,NULL,NULL,NULL,NULL,,NULL,0,0,2,2,N,N,35,NULL,98,9801,NULL,,Y,37.47501,-82.51886,N,NULL,NULL,NULL,NULL,NULL,NULL,NULL,NULL,5,3,2,6,1,5,6,2,1,3,N,NULL,N,N,801,808,854,N,NULL,49,,0,N,,N,N,,NULL,NULL,2020,O,7.26E+11,098-KY-1426  -000,HIGH,098-KY-1426  -000,5.956,0,0,0,1,0,0,1,0,0,0,0,0,0,1
3563,72818696,980100,2.02E+11,20221004,1300,,3RD,,ST,,,0,098 CS-1118,CS1118,N,N,NULL,NULL,NULL,N,NULL,NULL,NULL,NULL,NULL,NULL,0.104,NULL,NULL,NULL,NULL,,NULL,0,0,1,1,N,N,25,NULL,98,9801,NULL,,Y,37.48244,-82.51785,N,NULL,NULL,NULL,NULL,NULL,NULL,NULL,NULL,9,3,1,6,1,1,2,2,6,3,N,NULL,Y,N,900,930,930,Y,NULL,70,,,N,,N,N,098-CS-1118-0,NULL,NULL,2022,O,7.28E+11,098-CS-1118  -000,HIGH,098-CS-1118  -000,0.104,0,1,0,0,0,0,0,0,0,0,0,0,0,1
3564,72820952,980200,980200,20220721,1200,,KY80,,,KY0080,KY0080,0,098 KY-80,KY0080,N,N,NULL,NULL,NULL,N,NULL,NULL,NULL,NULL,NULL,NULL,2.781,NULL,NULL,NULL,NULL,,NULL,0,0,2,2,N,N,5,NULL,98,9802,NULL,,Y,37.30764,-82.35307,N,NULL,NULL,NULL,NULL,NULL,NULL,NULL,NULL,2,7,2,6,1,1,2,2,1,3,N,NULL,N,Y,1200,1205,1220,N,NULL,47,7,0,N,,N,N,098-KY-0080-0,NULL,NULL,2022,O,7.28E+11,098-KY-0080  -000,HIGH,098-KY-0080  -000,2.781,0,0,0,0,0,0,1,0,0,0,0,0,0,0
3565,72662320,KSP0900,21-325964,20210306,1300,,MALL,S,RD,,,0,098 PR-1010,PR1010,Y,N,NULL,NULL,NULL,N,NULL,NULL,NULL,NULL,NULL,NULL,0.216,NULL,NULL,NULL,NULL,,NULL,0,0,2,2,N,Y,10,NULL,98,9834,NULL,,Y,37.65376,-82.27312,N,NULL,NULL,NULL,NULL,NULL,NULL,NULL,NULL,2,97,,6,1,1,2,2,7,3,N,NULL,N,N,1300,130,1330,N,NULL,90,,,N,,N,N,098-PR-1010-0,NULL,NULL,2021,O,7.27E+11,098-PR-1010  -000,HIGH,098-PR-1010  -000,0.216,0,0,0,1,0,0,1,0,0,0,0,0,0,0