OBJECTID,MasterFile,AgencyORINumber,LocalCode,CollisionDate,CollisionTime,CollisionDayWeekCode,RoadwayName,RoadwayName_Direction_,RoadwayName_RoadwaySuffix_,RoadwayfromReport,CurrentRoadwayNumber,RoadwayNumberCoupletID,RSEUniqueGIS,RoadwayIdentifier,ParkingLotIndicator,IntersectionWith_Indicator_,IntersectionWith_NameRoadway_,IntersectionWith_Direction_,IntersectionWith_RoadwaySuffix_,BetweenStreets_Indicator_,BetweenStreets1_NameRoadway_,BetweenStreet1_Direction_,BetweenStreets1_RoadwaySuffix_,BetweenStreets2_NameRoadway_,BetweenStreets2_Direction_,BetweenStreets2_RoadwaySuffix_,Milepoint,ReportMilepointDeriveNumber,CurrentDerivedMiepointNumber,MilestoMilepoint,FeettoMilepoint,DirectionfromMilepoint_NSEW_,ValidMilepointIndicator,NumberInjured,NumberKilled,ofUnits,ofMotorVehicleUnits,Hit&RunIndicator,OneWayIndicator,SpeedLimitNumber,KilometersIndicator,CountyCode,CityCountyCode,MilesFromCity,DirectionFromCity_NSEW_,InCityLimitsIndicator,Latitude,Longitude,RampIndicator,RampFromIdentifier,RampFromDirCode,RampFromCoupletID,RSEUniqueGISRampFrom,RampToidentifier,RampToDirCode,RampToCoupletID,RSEUniqueGisRampTo,MannerofCollisionCode,LocationFirstEventCode,TotalLanes,RoadwayCharacterCode,RoadwaySurfaceCode,RoadwayConditionCode,WeatherCode,LightConditionCode,LandUseCode,SchoolBusRelatedCode,FirstAidSceneIndicator,CollDescPresentInd,InvestigationCompleteIndicator,PhotosTakenIndicator,TimeNotified,TimeArrived,TimeRoadwayOpened,PropertyDamageIndicator,DiagramPresentIndicator,DirectionalAnalysis,FunctionClassCode,NationalHwySysCode,EnforcementsIndicator,KARSCityCode,SecondaryCollisionIndicator,MedianCrossoverIndicator,RT_UNIQUE,MapIt,TimeLastLeft,YR,KABCO,MFNY,WorkingRID,RT_CONFIDENCE,KTC_RT,KTC_MP,Motorcyclist,Commercial Vehicle,Young Driver,Mature Driver,Pedestrian,Bicyclist,Distracted,Aggressive,Impaired,Unrestrained,Intersection,Roadway Departure,Median Cross-over,City Crash
3566,72860107,980100,2.02E+11,20230130,1226,,CASSIDY,,BLVD,,,0,098 CS-1191,CS1191,Y,N,NULL,NULL,NULL,N,NULL,NULL,NULL,NULL,NULL,NULL,0.047,NULL,NULL,NULL,NULL,,NULL,0,0,2,2,Y,N,,NULL,98,9801,NULL,,Y,37.5037,-82.53292,N,NULL,NULL,NULL,NULL,NULL,NULL,NULL,NULL,1,97,1,6,1,5,3,2,1,3,N,NULL,Y,N,1226,1237,1237,N,NULL,90,,,N,,N,N,098-CS-1191-0,NULL,NULL,2023,O,7.29E+11,098-CS-1191  -000,HIGH,098-CS-1191  -000,0.044,0,0,0,0,0,0,0,0,0,0,0,0,0,1
3567,72643091,980100,2.02E+11,20210702,1559,,US23 TURN LANE,,,US0023,US0023,0,098 US-23-21,US0023,N,N,NULL,NULL,NULL,N,NULL,NULL,NULL,NULL,NULL,NULL,0.021,NULL,NULL,NULL,NULL,,NULL,0,0,2,2,N,N,55,NULL,98,9801,NULL,,Y,37.50354,-82.53238,N,NULL,NULL,NULL,NULL,NULL,NULL,NULL,NULL,5,3,4,6,1,1,2,2,7,3,N,NULL,Y,N,1559,1602,1602,N,NULL,49,,1,N,,N,N,098-US-0023-21,NULL,NULL,2021,O,7.26E+11,098-US-0023  -021,HIGH,098-US-0023  -021,0.021,0,0,0,0,0,0,1,0,0,0,0,0,0,1
3568,72543660,980100,2.02E+11,20200916,2340,,SUMMIT,,DR,,,0,098 CS-1064,CS1064,N,N,NULL,NULL,NULL,N,NULL,NULL,NULL,NULL,NULL,NULL,0.809,NULL,NULL,NULL,NULL,,NULL,0,0,1,1,N,N,45,NULL,98,9801,NULL,,Y,37.47298,-82.50722,N,NULL,NULL,NULL,NULL,NULL,NULL,NULL,NULL,9,5,2,1,1,1,2,6,7,3,N,NULL,Y,N,2159,2206,2349,N,NULL,51,,,N,,N,N,098-CS-1064-0,NULL,NULL,2020,O,7.25E+11,098-CS-1064  -000,HIGH,098-CS-1064  -000,0.809,0,0,0,0,0,0,1,0,0,0,0,1,0,1
3569,72673579,KSP0900,21-392325,20210921,1534,,COLLINS,,HWY,KY0122,KY0122,0,098 KY-122,KY0122,Y,N,NULL,NULL,NULL,N,NULL,NULL,NULL,NULL,NULL,NULL,10.39,NULL,NULL,NULL,NULL,,NULL,0,0,2,2,N,N,45,NULL,98,9823,NULL,,Y,37.38729,-82.54373,N,NULL,NULL,NULL,NULL,NULL,NULL,NULL,NULL,2,97,2,6,1,1,2,2,7,3,N,NULL,Y,N,1632,1634,,N,NULL,90,,0,N,,N,N,098-KY-0122-0,NULL,NULL,2021,O,7.27E+11,098-KY-0122  -000,HIGH,098-KY-0122  -000,10.39,0,0,0,0,0,0,1,0,0,0,0,0,0,0
3570,72687614,KSP0900,21-422484,20211013,123,,KY632,,,KY0632,KY0632,0,098 KY-632,KY0632,N,N,NULL,NULL,NULL,N,NULL,NULL,NULL,NULL,NULL,NULL,5.658,NULL,NULL,NULL,NULL,,NULL,0,0,1,1,N,N,55,NULL,98,9817,NULL,,Y,37.49235,-82.26575,N,NULL,NULL,NULL,NULL,NULL,NULL,NULL,NULL,9,3,2,6,1,1,2,2,7,3,N,NULL,Y,N,1230,1250,1305,N,NULL,44,6,0,N,,N,N,098-KY-0632-0,NULL,NULL,2021,O,7.27E+11,098-KY-0632  -000,HIGH,098-KY-0632  -000,5.658,0,0,0,1,0,0,0,0,0,0,0,1,0,0
3571,72814821,KSP0900,22-385901,20221006,851,,US460,,,US0460,US0460,0,098 US-460,US0460,N,N,NULL,NULL,NULL,N,NULL,NULL,NULL,NULL,NULL,NULL,4.975,NULL,NULL,NULL,NULL,,NULL,0,0,1,1,N,N,55,NULL,98,9832,NULL,,Y,37.4114,-82.44964,N,NULL,NULL,NULL,NULL,NULL,NULL,NULL,NULL,9,3,2,6,1,1,2,2,3,3,N,NULL,N,N,851,851,900,N,NULL,38,,1,N,,N,N,098-US-0460-0,NULL,NULL,2022,O,7.28E+11,098-US-0460  -000,HIGH,098-US-0460  -000,4.975,0,0,0,1,0,0,0,0,0,0,0,0,0,0
3572,72825294,980100,2.02E+11,20221028,1436,,KY1426,,,KY1426,KY1426,0,098 KY-1426,KY1426,Y,N,NULL,NULL,NULL,N,NULL,NULL,NULL,NULL,NULL,NULL,6.91,NULL,NULL,NULL,NULL,,NULL,0,0,2,2,Y,N,55,NULL,98,9801,NULL,,Y,37.48606,-82.50928,N,NULL,NULL,NULL,NULL,NULL,NULL,NULL,NULL,2,97,2,6,1,1,2,2,1,3,N,NULL,Y,N,1436,1444,1444,N,NULL,90,,0,N,,N,N,098-KY-1426-0,NULL,NULL,2022,O,7.28E+11,098-KY-1426  -000,HIGH,098-KY-1426  -000,6.91,0,0,0,0,0,0,1,0,0,0,0,0,0,1
3573,72714268,980500,2021AR054,20211227,1656,,US23,,,US0023,US0023,0,098 US-23,US0023,N,N,NULL,NULL,NULL,N,NULL,NULL,NULL,NULL,NULL,NULL,,NULL,NULL,NULL,NULL,NULL,NULL,1,0,1,1,N,N,55,NULL,98,9807,NULL,,Y,37.52104,-82.56853,N,NULL,NULL,NULL,NULL,NULL,NULL,NULL,NULL,9,97,2,6,1,1,2,2,1,2,Y,NULL,Y,Y,1658,1700,1800,Y,NULL,40,,1,N,,N,N,098-US-0023-0,NULL,NULL,2021,C,7.27E+11,098-US-0023  -000,HIGH,098-US-0023  -000,28.724,0,0,0,0,0,0,0,0,0,1,0,1,0,0
3574,72481964,980100,2.02E+11,20200228,1540,,BYPASS,S,RD,KY1426,KY1426,0,098 KY-1426,KY1426,N,N,NULL,NULL,NULL,N,NULL,NULL,NULL,NULL,NULL,NULL,6.04,NULL,NULL,NULL,NULL,,NULL,0,0,2,2,N,N,45,NULL,98,9801,NULL,,Y,37.47601,-82.51793,N,NULL,NULL,NULL,NULL,NULL,NULL,NULL,NULL,1,3,3,6,1,1,2,2,1,3,N,NULL,Y,N,1540,1545,1550,N,NULL,55,,0,N,,N,N,098-KY-1426-0,NULL,NULL,2020,O,7.25E+11,098-KY-1426  -000,HIGH,098-KY-1426  -000,6.04,0,0,0,1,0,0,1,0,0,0,0,0,0,1
3575,72571324,980100,2.02E+11,20201203,650,,US23,,,US0023,US0023,0,098 US-23,US0023,N,N,NULL,NULL,NULL,N,NULL,NULL,NULL,NULL,NULL,NULL,21.538,NULL,NULL,NULL,NULL,,NULL,0,0,2,2,N,N,55,NULL,98,9801,NULL,,Y,37.45185,-82.52351,N,NULL,NULL,NULL,NULL,NULL,NULL,NULL,NULL,1,3,4,6,1,1,3,1,1,3,N,NULL,Y,Y,650,657,741,N,NULL,55,,1,N,,N,N,098-US-0023-0,NULL,NULL,2020,O,7.26E+11,098-US-0023  -000,HIGH,098-US-0023  -000,21.538,0,0,0,0,0,0,1,0,0,0,0,0,0,1
3576,72771388,980100,2.02E+11,20220609,1100,,OWSLEY,,RD,KY1384,KY1384,0,098 KY-1384,KY1384,N,N,NULL,NULL,NULL,N,NULL,NULL,NULL,NULL,NULL,NULL,7.448,NULL,NULL,NULL,NULL,,NULL,0,0,2,2,N,N,45,NULL,98,9801,NULL,,Y,37.48263,-82.53395,N,NULL,NULL,NULL,NULL,NULL,NULL,NULL,NULL,2,3,4,6,1,1,2,2,7,3,N,NULL,N,N,1100,1106,,N,NULL,56,16,0,N,,N,N,098-KY-1384-0,NULL,NULL,2022,O,7.28E+11,098-KY-1384  -000,HIGH,098-KY-1384  -000,7.448,0,0,0,0,0,0,1,0,0,0,0,0,0,1
3577,72551061,KSP0900,20-734594,20201009,1816,,FISHTRAP,,RD,KY1441,KY1441,0,098 KY-1441,KY1441,N,N,NULL,NULL,NULL,N,NULL,NULL,NULL,NULL,NULL,NULL,10.002,NULL,NULL,NULL,NULL,,NULL,0,0,2,2,Y,N,45,NULL,98,9850,NULL,,Y,37.51568,-82.45123,N,NULL,NULL,NULL,NULL,NULL,NULL,NULL,NULL,7,3,2,3,1,1,2,2,7,3,N,NULL,Y,N,1816,1823,1816,N,NULL,54,8,0,N,,N,N,098-KY-1441-0,NULL,NULL,2020,O,7.26E+11,098-KY-1441  -000,HIGH,098-KY-1441  -000,10.002,0,0,0,0,0,0,0,0,0,0,0,1,0,0
3578,72718440,980100,2.02E+11,20220104,715,,CHLOE,,RD,KY1460,KY1460,0,098 KY-1460,KY1460,N,N,NULL,NULL,NULL,N,NULL,NULL,NULL,NULL,NULL,NULL,3.732,NULL,NULL,NULL,NULL,,NULL,0,0,2,2,N,N,35,NULL,98,9801,NULL,,Y,37.47738,-82.49208,N,NULL,NULL,NULL,NULL,NULL,NULL,NULL,NULL,1,3,2,5,1,2,2,1,7,3,N,NULL,Y,N,715,717,903,N,NULL,55,,0,N,,N,N,098-KY-1460-0,NULL,NULL,2022,O,7.27E+11,098-KY-1460  -000,HIGH,098-KY-1460  -000,3.732,0,0,0,0,0,0,0,0,0,1,0,1,0,1
3579,72659487,980100,2.02E+11,20210810,1359,,ADAMS,,LN,,,0,098 CS-1182,CS1182,N,N,NULL,NULL,NULL,N,NULL,NULL,NULL,NULL,NULL,NULL,0.353,NULL,NULL,NULL,NULL,,NULL,1,0,2,2,N,N,45,NULL,98,9801,NULL,,Y,37.48522,-82.54395,N,NULL,NULL,NULL,NULL,NULL,NULL,NULL,NULL,1,3,2,3,1,1,2,2,7,3,N,NULL,Y,Y,1359,1402,1402,N,NULL,55,,,N,,N,N,098-CS-1182-0,NULL,NULL,2021,C,7.27E+11,098-CS-1182  -000,HIGH,098-CS-1182  -000,0.353,0,0,0,0,0,0,0,1,0,0,0,0,0,0
3580,72594179,KSP0900,2021-57790,20210212,1850,,US119,,,US0119,US0119,0,098 US-119,US0119,Y,N,NULL,NULL,NULL,N,NULL,NULL,NULL,NULL,NULL,NULL,22.557,NULL,NULL,NULL,NULL,,NULL,0,0,2,2,N,N,55,NULL,98,9834,NULL,,Y,37.63957,-82.25873,N,NULL,NULL,NULL,NULL,NULL,NULL,NULL,NULL,2,97,2,6,1,5,2,5,1,3,N,NULL,N,N,1830,1850,1850,N,NULL,90,2,1,N,,N,N,098-US-0119-0,NULL,NULL,2021,O,7.26E+11,098-US-0119  -000,HIGH,098-US-0119  -000,22.557,0,0,0,0,0,0,1,0,0,0,0,0,0,0
3581,72505761,980000,20-05-009,20200522,1500,,US460,,,US0460,US0460,0,098 US-460,US0460,N,N,NULL,NULL,NULL,N,NULL,NULL,NULL,NULL,NULL,NULL,14.374,NULL,NULL,NULL,NULL,,NULL,1,0,2,2,N,N,55,NULL,98,9874,NULL,,Y,37.3421,-82.37447,N,NULL,NULL,NULL,NULL,NULL,NULL,NULL,NULL,5,3,2,3,1,5,6,2,7,3,Y,NULL,Y,Y,1500,1515,1545,N,NULL,49,,1,N,,N,N,098-US-0460-0,NULL,NULL,2020,C,7.25E+11,098-US-0460  -000,HIGH,098-US-0460  -000,14.374,0,0,0,0,0,0,1,1,0,0,0,0,0,0
3582,72740330,980100,2.02E+11,20220308,715,,KY3417,,,KY3417,KY3417,0,098 KY-3417,KY3417,N,N,NULL,NULL,NULL,N,NULL,NULL,NULL,NULL,NULL,NULL,0.469,NULL,NULL,NULL,NULL,,NULL,0,0,2,2,N,N,35,NULL,98,9801,NULL,,Y,37.46805,-82.55755,N,NULL,NULL,NULL,NULL,NULL,NULL,NULL,NULL,7,3,2,2,1,1,2,2,7,3,N,NULL,Y,N,713,720,,N,NULL,54,17,0,N,,N,N,098-KY-3417-0,NULL,NULL,2022,O,7.27E+11,098-KY-3417  -000,HIGH,098-KY-3417  -000,0.469,0,0,0,0,0,0,0,0,0,0,0,1,0,1
3583,72530257,980100,2.02E+11,20200810,1228,,BYPASS,S,RD,KY1426,KY1426,0,098 KY-1426,KY1426,Y,N,NULL,NULL,NULL,N,NULL,NULL,NULL,NULL,NULL,NULL,5.677,NULL,NULL,NULL,NULL,,NULL,0,0,2,2,N,N,5,NULL,98,9801,NULL,,Y,37.47221,-82.52262,N,NULL,NULL,NULL,NULL,NULL,NULL,NULL,NULL,8,97,2,1,1,1,2,2,1,3,N,NULL,N,N,1233,1236,1255,N,NULL,90,,0,N,,N,N,098-KY-1426-0,NULL,NULL,2020,O,7.25E+11,098-KY-1426  -000,HIGH,098-KY-1426  -000,5.677,0,0,0,0,0,0,1,0,0,0,0,0,0,1
3584,72790130,980100,2.02E+11,20220623,2257,,CHLOE,,RD,KY1460,KY1460,0,098 KY-1460,KY1460,N,N,NULL,NULL,NULL,N,NULL,NULL,NULL,NULL,NULL,NULL,4.598,NULL,NULL,NULL,NULL,,NULL,1,0,3,2,N,N,35,NULL,98,9801,NULL,,Y,37.47744,-82.50742,N,NULL,NULL,NULL,NULL,NULL,NULL,NULL,NULL,1,3,2,6,1,1,2,6,7,3,N,NULL,N,Y,2257,2259,126,N,NULL,36,,0,N,,Y,N,098-KY-1460-0,NULL,NULL,2022,A,7.28E+11,098-KY-1460  -000,HIGH,098-KY-1460  -000,4.598,0,0,1,0,1,0,0,0,0,0,0,0,0,1
3585,72721416,KSP0900,2022--001773,20220101,1245,,US119,,,US0119,US0119,0,098 US-119,US0119,N,N,NULL,NULL,NULL,N,NULL,NULL,NULL,NULL,NULL,NULL,25.339,NULL,NULL,NULL,NULL,,NULL,0,0,1,1,N,N,55,NULL,98,9834,NULL,,Y,37.67231,-82.28067,N,NULL,NULL,NULL,NULL,NULL,NULL,NULL,NULL,9,97,2,6,1,5,2,5,1,3,N,NULL,Y,N,1245,1245,1245,Y,NULL,40,2,1,N,,N,N,098-US-0119-0,NULL,NULL,2022,O,7.27E+11,098-US-0119  -000,HIGH,098-US-0119  -000,25.339,0,0,0,0,0,0,1,0,0,0,0,1,0,0
3586,72703748,980500,2021AR048,20211201,1330,,N MAYO TRAIL,,,US0023,US0023,0,098 US-23,US0023,Y,N,NULL,NULL,NULL,N,NULL,NULL,NULL,NULL,NULL,NULL,,NULL,NULL,NULL,NULL,NULL,NULL,0,0,2,2,N,N,15,NULL,98,9807,NULL,,Y,37.52729,-82.5743,N,NULL,NULL,NULL,NULL,NULL,NULL,NULL,NULL,5,97,1,6,1,1,2,2,1,3,Y,NULL,Y,Y,1330,1332,1332,N,NULL,90,,1,Y,,N,N,098-US-0023-0,NULL,NULL,2021,O,7.27E+11,098-US-0023  -000,HIGH,098-US-0023  -000,29.27,0,0,0,0,0,0,0,0,1,1,0,0,0,0
3587,72502003,KSP0900,20-17595,20200511,1000,,GRACE,,AVE,,,0,098 CS-1128,CS1128,N,N,NULL,NULL,NULL,N,NULL,NULL,NULL,NULL,NULL,NULL,0.027,NULL,NULL,NULL,NULL,,NULL,0,0,2,2,Y,N,55,NULL,98,9849,NULL,,Y,37.47927,-82.51819,N,NULL,NULL,NULL,NULL,NULL,NULL,NULL,NULL,5,97,,6,1,1,2,2,7,3,N,NULL,N,N,1000,1000,1000,N,NULL,47,,,N,,N,N,098-CS-1128-0,NULL,NULL,2020,O,7.25E+11,098-CS-1128  -000,HIGH,098-CS-1128  -000,0.027,0,0,0,1,0,0,0,0,0,0,0,0,0,1
3588,72584138,KSP0900,21-16216,20210113,12,,FISHTRAP,,RD,KY1441,KY1441,0,098 KY-1441,KY1441,N,N,NULL,NULL,NULL,N,NULL,NULL,NULL,NULL,NULL,NULL,9.257,NULL,NULL,NULL,NULL,,NULL,0,0,1,1,N,N,45,NULL,98,9850,NULL,,Y,37.50582,-82.44989,N,NULL,NULL,NULL,NULL,NULL,NULL,NULL,NULL,9,5,2,6,1,1,2,6,7,3,N,NULL,N,N,12,26,48,Y,NULL,40,8,0,N,,N,N,098-KY-1441-0,NULL,NULL,2021,O,7.26E+11,098-KY-1441  -000,MEDIUM,098-KY-1441  -000,9.257,0,0,1,0,0,0,1,0,0,0,0,1,0,0
3589,72687053,KSP0900,21-431611,20211019,2001,,US23,,,US0023,US0023,0,098 US-23-10,US0023,N,N,NULL,NULL,NULL,N,NULL,NULL,NULL,NULL,NULL,NULL,28.047,NULL,NULL,NULL,NULL,,NULL,0,0,2,1,N,N,45,NULL,98,9807,NULL,,Y,37.51524,-82.55911,N,NULL,NULL,NULL,NULL,NULL,NULL,NULL,NULL,8,3,4,6,1,1,2,6,1,3,N,NULL,Y,N,2005,2017,,N,NULL,53,,1,N,,N,N,098-US-0023-10,NULL,NULL,2021,O,7.27E+11,098-US-0023  -010,HIGH,098-US-0023  -000,28.047,0,1,1,0,0,0,0,0,0,0,0,1,0,0
3590,72435499,980100,2.02E+11,20191107,1254,,BAIRD,,AVE,KY1426,KY1426,0,098 KY-1426,KY1426,N,N,NULL,NULL,NULL,N,NULL,NULL,NULL,NULL,NULL,NULL,5.392,NULL,NULL,NULL,NULL,,NULL,0,0,2,2,N,N,15,NULL,98,9801,NULL,,Y,37.47322,-82.52715,N,NULL,NULL,NULL,NULL,NULL,NULL,NULL,NULL,8,97,2,6,1,5,6,2,1,3,N,NULL,Y,N,1258,1258,1300,N,NULL,53,,0,N,,N,N,098-KY-1426-0,NULL,NULL,2019,O,7.24E+11,098-KY-1426  -000,HIGH,098-KY-1426  -000,5.392,0,0,0,1,0,0,0,0,0,0,0,1,0,1
3591,72669400,KSP0900,21-375738,20210909,1729,,US119,,,US0119,US0119,0,098 US-119,US0119,N,N,NULL,NULL,NULL,N,NULL,NULL,NULL,NULL,NULL,NULL,24.342,NULL,NULL,NULL,NULL,,NULL,3,0,3,3,N,N,55,NULL,98,9834,NULL,,Y,37.65985,-82.27321,N,NULL,NULL,NULL,NULL,NULL,NULL,NULL,NULL,3,3,4,6,1,1,2,2,7,3,N,NULL,Y,Y,1729,1746,1746,N,NULL,52,2,1,N,,N,N,098-US-0119-0,NULL,NULL,2021,B,7.27E+11,098-US-0119  -000,HIGH,098-US-0119  -000,24.342,0,0,0,1,0,0,1,0,0,0,0,1,0,0
3592,72625970,KSP0900,21-200435,20210517,2206,,KY194,,,KY0194,KY0194,0,098 KY-194,KY0194,N,N,NULL,NULL,NULL,N,NULL,NULL,NULL,NULL,NULL,NULL,17.679,NULL,NULL,NULL,NULL,,NULL,1,0,1,1,N,N,55,NULL,98,9817,NULL,,Y,37.55568,-82.43331,N,NULL,NULL,NULL,NULL,NULL,NULL,NULL,NULL,9,3,2,3,1,1,3,6,7,3,N,NULL,Y,Y,2206,2211,2300,N,NULL,70,7,0,N,,N,N,098-KY-0194-0,NULL,NULL,2021,B,7.26E+11,098-KY-0194  -000,HIGH,098-KY-0194  -000,17.679,1,0,0,0,0,0,0,0,0,0,0,1,0,0
3593,72690305,KSP0900,21-432390,20211020,1324,,ROCKY,,RD,,,0,098 CR-1212,CR1212,N,N,NULL,NULL,NULL,N,NULL,NULL,NULL,NULL,NULL,NULL,0.443,NULL,NULL,NULL,NULL,,NULL,0,0,2,2,Y,N,35,NULL,98,9801,NULL,,Y,37.40725,-82.43097,N,NULL,NULL,NULL,NULL,NULL,NULL,NULL,NULL,7,3,2,6,1,1,2,2,7,3,N,NULL,Y,N,1324,1407,1324,N,NULL,54,,,N,,N,N,098-CR-1212-0,NULL,NULL,2021,O,7.27E+11,098-CR-1212  -000,HIGH,098-CR-1212  -000,0.443,0,0,0,0,0,0,0,0,0,0,0,1,0,0
3594,72764467,980100,2.02E+11,20220516,1504,,CASSIDY,,BLVD,,,0,098 CS-1191,CS1191,Y,N,NULL,NULL,NULL,N,NULL,NULL,NULL,NULL,NULL,NULL,0.25,NULL,NULL,NULL,NULL,,NULL,0,0,2,2,N,N,,NULL,98,9801,NULL,,Y,37.50454,-82.53595,N,NULL,NULL,NULL,NULL,NULL,NULL,NULL,NULL,8,97,,6,1,1,2,2,1,3,N,NULL,Y,N,1504,1510,1510,N,NULL,90,,,N,,N,N,098-CS-1191-0,NULL,NULL,2022,O,7.28E+11,098-CS-1191  -000,HIGH,098-CS-1191  -000,0.25,0,0,0,0,0,0,1,0,0,0,0,1,0,1
3595,72532729,980100,2.02E+11,20200813,1400,,REDALE,,RD,,,0,098 CS-1244,CS1244,N,N,NULL,NULL,NULL,N,NULL,NULL,NULL,NULL,NULL,NULL,0.103,NULL,NULL,NULL,NULL,,NULL,0,0,3,3,N,N,15,NULL,98,9801,NULL,,Y,37.48727,-82.52597,N,NULL,NULL,NULL,NULL,NULL,NULL,NULL,NULL,1,97,1,6,1,1,2,2,7,3,N,NULL,N,N,1400,1403,1403,N,NULL,47,,,N,,N,N,098-CS-1244-0,NULL,NULL,2020,O,7.25E+11,098-CS-1244  -000,HIGH,098-CS-1244  -000,0.103,0,0,0,0,0,0,0,0,0,0,0,0,0,1
3596,72765919,980100,2.02E+11,20220526,901,,KY1426,,,KY1426,KY1426,0,098 KY-1426,KY1426,N,N,NULL,NULL,NULL,N,NULL,NULL,NULL,NULL,NULL,NULL,7.575,NULL,NULL,NULL,NULL,,NULL,0,0,2,2,N,N,45,NULL,98,9801,NULL,,Y,37.49027,-82.49807,N,NULL,NULL,NULL,NULL,NULL,NULL,NULL,NULL,5,3,2,6,1,5,3,2,7,3,N,NULL,Y,N,901,911,911,N,NULL,49,,0,N,,N,N,098-KY-1426-0,NULL,NULL,2022,O,7.28E+11,098-KY-1426  -000,HIGH,098-KY-1426  -000,7.575,0,0,0,0,0,0,0,0,0,0,0,0,0,1
3597,72771814,980100,2.02E+11,20220604,731,,HAROLDS BRANCH,,RD,,,0,098 CS-1223,CS1223,N,N,NULL,NULL,NULL,N,NULL,NULL,NULL,NULL,NULL,NULL,0.111,NULL,NULL,NULL,NULL,,NULL,0,0,2,2,N,N,15,NULL,98,9801,NULL,,Y,37.47142,-82.52177,N,NULL,NULL,NULL,NULL,NULL,NULL,NULL,NULL,8,3,2,6,2,1,2,2,1,3,N,NULL,Y,N,731,734,,N,NULL,47,,,N,,N,N,098-CS-1223-0,NULL,NULL,2022,O,7.28E+11,098-CS-1223  -000,HIGH,098-CS-1223  -000,0.111,0,0,0,0,0,0,1,0,0,0,0,0,0,1
3598,72601303,980100,2.02E+11,20210305,1459,,US23,,,US0023,US0023,,,,N,N,NULL,NULL,NULL,N,NULL,NULL,NULL,NULL,NULL,NULL,19.488,NULL,NULL,NULL,NULL,,NULL,0,0,2,2,N,N,55,NULL,98,9801,NULL,,Y,37.44732,-82.50491,N,NULL,NULL,NULL,NULL,NULL,NULL,NULL,NULL,5,3,4,6,1,1,2,2,1,3,N,NULL,Y,N,1459,1508,1518,N,NULL,49,,1,N,,N,N,,NULL,NULL,2021,O,7.26E+11,098-US-0023  -010,MEDIUM,098-US-0023  -000,19.488,0,0,0,1,0,0,1,0,0,0,0,0,0,1
3599,72494543,980100,2.02E+11,20200327,2003,,HAROLDS BRANCH,,RD,,,0,098 CS-1223,CS1223,Y,N,NULL,NULL,NULL,N,NULL,NULL,NULL,NULL,NULL,NULL,0.066,NULL,NULL,NULL,NULL,,NULL,0,0,2,2,Y,N,,NULL,98,9801,NULL,,Y,37.47206,-82.52203,N,NULL,NULL,NULL,NULL,NULL,NULL,NULL,NULL,8,97,2,6,2,1,2,5,1,3,N,NULL,Y,N,1917,1920,,N,NULL,90,,,N,,N,N,098-CS-1223-0,NULL,NULL,2020,O,7.25E+11,098-CS-1223  -000,HIGH,098-CS-1223  -000,0.066,0,0,0,0,0,0,0,0,0,0,0,0,0,1
3600,72779265,KSP0900,22-252483,20220703,2130,,KY319,,,KY0319,KY0319,,,,N,N,NULL,NULL,NULL,N,NULL,NULL,NULL,NULL,NULL,NULL,1.493,NULL,NULL,NULL,NULL,,NULL,1,0,1,1,N,N,45,NULL,98,9842,NULL,,Y,37.59046,-82.20067,N,NULL,NULL,NULL,NULL,NULL,NULL,NULL,NULL,9,3,2,6,1,1,2,6,7,3,N,NULL,Y,Y,2133,2146,2243,N,NULL,40,7,0,N,,N,N,,NULL,NULL,2022,A,7.28E+11,098-KY-0319  -000,HIGH,098-KY-0319  -000,1.493,0,0,0,0,0,0,0,0,0,0,0,1,0,0
3601,72580559,KSP0900,20-841546,20201231,908,,MOTLEY,,RD,,,0,098 CR-1163,CR1163,Y,N,NULL,NULL,NULL,N,NULL,NULL,NULL,NULL,NULL,NULL,1.762,NULL,NULL,NULL,NULL,,NULL,0,0,1,1,N,N,15,NULL,98,9839,NULL,,Y,37.41439,-82.21683,N,NULL,NULL,NULL,NULL,NULL,NULL,NULL,NULL,9,97,1,6,3,5,5,6,7,3,N,NULL,Y,N,2013,2110,,N,NULL,90,,,N,,N,N,098-CR-1163-0,NULL,NULL,2020,O,7.26E+11,098-CR-1163  -000,HIGH,098-CR-1163  -000,1.762,0,0,0,0,0,0,0,0,0,0,0,1,0,0
3602,72535314,KSP0900,20-666752,20200825,1450,,KY3416,,,KY3416,KY3416,0,098 KY-3416,KY3416,N,N,NULL,NULL,NULL,N,NULL,NULL,NULL,NULL,NULL,NULL,0.618,NULL,NULL,NULL,NULL,,NULL,0,0,1,1,N,N,55,NULL,98,9801,2,W,N,37.43665,-82.54428,N,NULL,NULL,NULL,NULL,NULL,NULL,NULL,NULL,9,5,2,6,1,1,2,2,7,3,N,NULL,Y,N,1450,1510,1510,Y,NULL,51,9,0,N,,N,N,098-KY-3416-0,NULL,NULL,2020,O,7.25E+11,098-KY-3416  -000,HIGH,098-KY-3416  -000,0.618,0,0,0,0,0,0,0,0,0,0,0,1,0,0