OBJECTID,MasterFile,AgencyORINumber,LocalCode,CollisionDate,CollisionTime,CollisionDayWeekCode,RoadwayName,RoadwayName_Direction_,RoadwayName_RoadwaySuffix_,RoadwayfromReport,CurrentRoadwayNumber,RoadwayNumberCoupletID,RSEUniqueGIS,RoadwayIdentifier,ParkingLotIndicator,IntersectionWith_Indicator_,IntersectionWith_NameRoadway_,IntersectionWith_Direction_,IntersectionWith_RoadwaySuffix_,BetweenStreets_Indicator_,BetweenStreets1_NameRoadway_,BetweenStreet1_Direction_,BetweenStreets1_RoadwaySuffix_,BetweenStreets2_NameRoadway_,BetweenStreets2_Direction_,BetweenStreets2_RoadwaySuffix_,Milepoint,ReportMilepointDeriveNumber,CurrentDerivedMiepointNumber,MilestoMilepoint,FeettoMilepoint,DirectionfromMilepoint_NSEW_,ValidMilepointIndicator,NumberInjured,NumberKilled,ofUnits,ofMotorVehicleUnits,Hit&RunIndicator,OneWayIndicator,SpeedLimitNumber,KilometersIndicator,CountyCode,CityCountyCode,MilesFromCity,DirectionFromCity_NSEW_,InCityLimitsIndicator,Latitude,Longitude,RampIndicator,RampFromIdentifier,RampFromDirCode,RampFromCoupletID,RSEUniqueGISRampFrom,RampToidentifier,RampToDirCode,RampToCoupletID,RSEUniqueGisRampTo,MannerofCollisionCode,LocationFirstEventCode,TotalLanes,RoadwayCharacterCode,RoadwaySurfaceCode,RoadwayConditionCode,WeatherCode,LightConditionCode,LandUseCode,SchoolBusRelatedCode,FirstAidSceneIndicator,CollDescPresentInd,InvestigationCompleteIndicator,PhotosTakenIndicator,TimeNotified,TimeArrived,TimeRoadwayOpened,PropertyDamageIndicator,DiagramPresentIndicator,DirectionalAnalysis,FunctionClassCode,NationalHwySysCode,EnforcementsIndicator,KARSCityCode,SecondaryCollisionIndicator,MedianCrossoverIndicator,RT_UNIQUE,MapIt,TimeLastLeft,YR,KABCO,MFNY,WorkingRID,RT_CONFIDENCE,KTC_RT,KTC_MP,Motorcyclist,Commercial Vehicle,Young Driver,Mature Driver,Pedestrian,Bicyclist,Distracted,Aggressive,Impaired,Unrestrained,Intersection,Roadway Departure,Median Cross-over,City Crash
3603,72761646,980100,2.02E+11,20220514,1515,,KY1426,,,KY1426,KY1426,0,098 KY-1426,KY1426,Y,N,NULL,NULL,NULL,N,NULL,NULL,NULL,NULL,NULL,NULL,6.794,NULL,NULL,NULL,NULL,,NULL,0,0,2,2,N,N,,NULL,98,9801,NULL,,Y,37.48496,-82.51085,N,NULL,NULL,NULL,NULL,NULL,NULL,NULL,NULL,2,97,,6,1,1,2,2,1,3,N,NULL,Y,N,1515,1523,,N,NULL,90,,0,N,,N,N,098-KY-1426-0,NULL,NULL,2022,O,7.28E+11,098-KY-1426  -000,HIGH,098-KY-1426  -000,6.794,0,0,1,0,0,0,0,0,0,0,0,0,0,1
3604,72712925,KSP0900,21-501801,20211210,1030,,OLD HOUSE,,BR,,,0,098 CR-1811,CR1811,N,N,NULL,NULL,NULL,N,NULL,NULL,NULL,NULL,NULL,NULL,0.562,NULL,NULL,NULL,NULL,,NULL,0,0,2,2,N,N,5,NULL,98,9879,NULL,,Y,37.52283,-82.19582,N,NULL,NULL,NULL,NULL,NULL,NULL,NULL,NULL,2,97,1,6,3,1,2,2,6,3,N,NULL,Y,N,1030,1110,1130,N,NULL,47,,,N,,N,N,098-CR-1811-0,NULL,NULL,2021,O,7.27E+11,098-CR-1811  -000,HIGH,098-CR-1811  -000,0.562,0,0,0,0,0,0,1,0,0,0,0,0,0,0
3605,72733513,980100,2.02E+11,20220215,1333,,WILANA,,CT,,,0,098 CS-1056,CS1056,Y,N,NULL,NULL,NULL,N,NULL,NULL,NULL,NULL,NULL,NULL,0.04,NULL,NULL,NULL,NULL,,NULL,0,0,2,2,N,N,,NULL,98,9801,NULL,,Y,37.47395,-82.52562,N,NULL,NULL,NULL,NULL,NULL,NULL,NULL,NULL,2,97,,6,1,1,2,2,6,3,N,NULL,Y,N,657,705,,N,NULL,90,,,N,,N,N,098-CS-1056-0,NULL,NULL,2022,O,7.27E+11,098-CS-1056  -000,HIGH,098-CS-1056  -000,0.04,0,1,0,1,0,0,1,0,0,0,0,0,0,1
3606,72449045,980100,2.02E+11,20191209,1159,,HAROLDS BRANCH,,RD,,,0,098 CS-1223,CS1223,N,N,NULL,NULL,NULL,N,NULL,NULL,NULL,NULL,NULL,NULL,0.077,NULL,NULL,NULL,NULL,,NULL,0,0,2,2,N,N,25,NULL,98,9801,NULL,,Y,37.47186,-82.52204,N,NULL,NULL,NULL,NULL,NULL,NULL,NULL,NULL,5,3,3,6,2,1,2,2,1,3,N,NULL,Y,N,1159,1203,1224,N,NULL,49,,,N,,N,N,098-CS-1223-0,NULL,NULL,2019,O,7.24E+11,098-CS-1223  -000,HIGH,098-CS-1223  -000,0.077,0,0,0,0,0,0,1,0,0,0,0,0,0,1
3607,72656376,980100,2.02E+11,20210728,1849,,US119 TURN LANE,,,US0119,US0119,0,098 US-119-21,US0119,N,N,NULL,NULL,NULL,N,NULL,NULL,NULL,NULL,NULL,NULL,0.018,NULL,NULL,NULL,NULL,,NULL,0,0,2,2,N,N,55,NULL,98,9801,NULL,,Y,37.50385,-82.53217,N,NULL,NULL,NULL,NULL,NULL,NULL,NULL,NULL,5,3,2,6,1,1,2,2,1,3,N,NULL,Y,N,1849,1854,,N,NULL,49,2,1,N,,N,N,098-US-0119-21,NULL,NULL,2021,O,7.27E+11,098-US-0119  -021,HIGH,098-US-0119  -021,0.018,0,0,0,0,0,0,0,0,0,0,0,0,0,1
3608,72675390,370200,2021-381196,20210913,1533,,US23,,,US0023,US0023,,,,N,N,NULL,NULL,NULL,N,NULL,NULL,NULL,NULL,NULL,NULL,11.657,NULL,NULL,NULL,NULL,,NULL,0,0,2,2,N,N,55,NULL,98,9827,NULL,,Y,37.35831,-82.555,N,NULL,NULL,NULL,NULL,NULL,NULL,NULL,NULL,5,3,4,6,1,1,2,2,7,3,N,NULL,Y,N,1533,1609,1609,N,NULL,49,,1,N,,N,N,,NULL,NULL,2021,O,7.27E+11,098-US-0023  -010,MEDIUM,098-US-0023  -000,11.657,0,1,1,0,0,0,1,0,0,0,0,0,0,0
3609,72623240,KSP0900,2021-180263,20210505,1025,,FERRELLS CREEK,,RD,US0460,US0460,0,098 US-460,US0460,N,N,NULL,NULL,NULL,N,NULL,NULL,NULL,NULL,NULL,NULL,20.951,NULL,NULL,NULL,NULL,,NULL,2,0,2,2,N,N,55,NULL,98,9847,NULL,,Y,37.3736,-82.27811,N,NULL,NULL,NULL,NULL,NULL,NULL,NULL,NULL,3,3,2,2,1,5,3,2,7,3,N,NULL,Y,Y,1000,1021,1021,N,NULL,52,,1,N,,N,N,098-US-0460-0,NULL,NULL,2021,A,7.26E+11,098-US-0460  -000,HIGH,098-US-0460  -000,20.951,0,0,1,0,0,0,0,0,0,0,0,1,0,0
3610,72699903,KSP0900,21-465352,20211113,1235,,US23,,,US0023,US0023,0,098 US-23,US0023,N,N,NULL,NULL,NULL,N,NULL,NULL,NULL,NULL,NULL,NULL,13.3,NULL,NULL,NULL,NULL,,NULL,0,0,1,1,N,N,55,NULL,98,9801,NULL,,Y,37.37672,-82.54017,N,NULL,NULL,NULL,NULL,NULL,NULL,NULL,NULL,9,3,4,5,1,1,3,2,7,3,N,NULL,Y,N,1239,1253,,N,NULL,38,,1,N,,N,N,098-US-0023-0,NULL,NULL,2021,O,7.27E+11,098-US-0023  -000,HIGH,098-US-0023  -000,13.3,0,0,0,0,0,0,0,0,0,0,0,0,0,0
3611,72593572,980100,2.02E+11,20210209,1047,,HAMBLEY,,BLVD,,,0,098 CS-1222,CS1222,N,N,NULL,NULL,NULL,N,NULL,NULL,NULL,NULL,NULL,NULL,1.68,NULL,NULL,NULL,NULL,,NULL,0,0,2,2,N,N,35,NULL,98,9801,NULL,,Y,37.48198,-82.53281,N,NULL,NULL,NULL,NULL,NULL,NULL,NULL,NULL,8,3,2,6,1,5,3,2,7,3,N,NULL,Y,N,1047,1053,1055,N,NULL,53,,,N,,N,N,098-CS-1222-0,NULL,NULL,2021,O,7.26E+11,098-CS-1222  -000,HIGH,098-CS-1222  -000,1.68,0,0,0,0,0,0,1,0,0,0,0,1,0,1
3612,72525531,KSP0900,20-622353,20200728,,,APPALACHIAN,,PLZ,,,,,,Y,N,NULL,NULL,NULL,N,NULL,NULL,NULL,NULL,NULL,NULL,0.092,NULL,NULL,NULL,NULL,,NULL,0,0,2,2,Y,N,,NULL,98,9834,NULL,,Y,37.66683,-82.2747,N,NULL,NULL,NULL,NULL,NULL,NULL,NULL,NULL,1,97,,6,1,1,2,2,1,3,N,NULL,Y,N,1144,1230,1230,N,NULL,90,,,N,,N,N,,NULL,NULL,2020,O,7.25E+11,098-PR-1008  -000,MEDIUM,098-PR-1008  -000,0.092,0,0,0,0,0,0,0,0,0,0,0,0,0,0
3613,72480944,980500,2020AR016,20200224,1900,,TIGER,,WAY,,,0,,TIGER WAY,N,N,NULL,NULL,NULL,N,NULL,NULL,NULL,NULL,NULL,NULL,,NULL,NULL,NULL,NULL,,NULL,0,0,2,2,N,N,15,NULL,98,9807,10,SW,N,37.51494,-82.50182,N,NULL,NULL,NULL,NULL,NULL,NULL,NULL,NULL,8,3,2,2,1,6,6,2,7,3,N,NULL,Y,Y,1900,1905,,N,NULL,53,,,N,,N,N,,NULL,NULL,2020,O,7.25E+11,098-US-0119  -010,MEDIUM,098-US-0119  -000,1.823,0,0,1,0,0,0,0,1,0,0,0,1,0,1
3614,72442405,980000,19-11-003,20191115,1417,,CHLOE,,RD,KY1460,KY1460,0,098 KY-1460,KY1460,N,N,NULL,NULL,NULL,N,NULL,NULL,NULL,NULL,NULL,NULL,0.558,NULL,NULL,NULL,NULL,,NULL,0,0,2,2,N,N,45,NULL,98,9824,NULL,,Y,37.43898,-82.47923,N,NULL,NULL,NULL,NULL,NULL,NULL,NULL,NULL,5,3,2,6,1,1,2,2,7,3,N,NULL,Y,Y,1417,1430,1430,N,NULL,49,,0,Y,,N,N,098-KY-1460-0,NULL,NULL,2019,O,7.24E+11,098-KY-1460  -000,HIGH,098-KY-1460  -000,0.558,0,0,0,1,0,0,0,0,0,0,0,0,0,0
3615,72755643,980100,2.02E+11,20220426,1347,,HIBBARD,,ST,,,0,098 CS-1053,CS1053,Y,N,NULL,NULL,NULL,N,NULL,NULL,NULL,NULL,NULL,NULL,0.026,NULL,NULL,NULL,NULL,,NULL,0,0,1,1,N,N,,NULL,98,9801,NULL,,Y,37.47347,-82.52679,N,NULL,NULL,NULL,NULL,NULL,NULL,NULL,NULL,9,97,1,6,1,1,2,2,1,3,N,NULL,Y,N,1352,1353,1353,Y,NULL,90,,,N,,N,N,098-CS-1053-0,NULL,NULL,2022,O,7.28E+11,098-CS-1053  -000,HIGH,098-CS-1053  -000,0.026,0,0,0,0,0,0,1,0,0,0,0,1,0,1
3616,72852275,980100,2.02E+11,20230105,1521,,US23,,,US0023,US0023,0,098 US-23,US0023,N,N,NULL,NULL,NULL,N,NULL,NULL,NULL,NULL,NULL,NULL,25.398,NULL,NULL,NULL,NULL,,NULL,0,0,2,2,N,N,55,NULL,98,9801,NULL,,Y,37.49262,-82.53446,N,NULL,NULL,NULL,NULL,NULL,NULL,NULL,NULL,5,3,4,6,1,1,2,2,7,3,N,NULL,Y,N,1524,1526,1526,N,NULL,49,,1,N,,N,N,098-US-0023-0,NULL,NULL,2023,O,7.29E+11,098-US-0023  -000,HIGH,098-US-0023  -000,25.381,0,0,1,0,0,0,0,0,0,0,0,0,0,1
3617,72711381,980100,2.02E+11,20211215,1926,,CASSIDY,,BLVD,,,0,098 CS-1191,CS1191,Y,N,NULL,NULL,NULL,N,NULL,NULL,NULL,NULL,NULL,NULL,0.067,NULL,NULL,NULL,NULL,,NULL,0,0,2,2,N,N,,NULL,98,9801,NULL,,Y,37.50367,-82.53323,N,NULL,NULL,NULL,NULL,NULL,NULL,NULL,NULL,1,97,,6,1,1,3,7,1,3,N,NULL,Y,N,1926,1934,,N,NULL,90,,,N,,N,N,098-CS-1191-0,NULL,NULL,2021,O,7.27E+11,098-CS-1191  -000,HIGH,098-CS-1191  -000,0.067,0,0,0,0,0,0,1,0,0,0,0,0,0,1
3618,72700760,980100,2.02E+11,20211122,1818,,CASSIDY,,BLVD,,,0,098 CS-1191,CS1191,Y,N,NULL,NULL,NULL,N,NULL,NULL,NULL,NULL,NULL,NULL,0.238,NULL,NULL,NULL,NULL,,NULL,0,0,2,2,N,N,,NULL,98,9801,NULL,,Y,37.50445,-82.53576,N,NULL,NULL,NULL,NULL,NULL,NULL,NULL,NULL,5,97,,6,1,1,2,8,1,3,N,NULL,Y,N,1818,1825,1825,N,NULL,90,,,N,,N,N,098-CS-1191-0,NULL,NULL,2021,O,7.27E+11,098-CS-1191  -000,HIGH,098-CS-1191  -000,0.238,0,0,0,1,0,0,0,0,0,0,0,0,0,1
3619,72788003,980100,2.02E+11,20220729,823,,MAYO,S,TRL,,,0,098 CS-1022,CS1022,Y,N,NULL,NULL,NULL,N,NULL,NULL,NULL,NULL,NULL,NULL,,NULL,NULL,NULL,NULL,NULL,NULL,0,0,2,2,N,N,,NULL,98,9801,NULL,,Y,37.46729,-82.53256,N,NULL,NULL,NULL,NULL,NULL,NULL,NULL,NULL,1,97,1,6,1,1,2,2,1,3,N,NULL,Y,N,823,824,824,N,NULL,90,,,N,,N,N,098-CS-1022-0,NULL,NULL,2022,O,7.28E+11,098-CS-1022  -000,MEDIUM,098-CS-1022  -000,0,0,0,0,0,0,0,0,0,0,0,0,0,0,0
3620,72701263,980100,2.02E+11,20211122,1418,,THOMPSON,,RD,,,0,098 CS-1215,CS1215,Y,Y,CASSIDY,,BLVD,N,NULL,NULL,NULL,NULL,NULL,NULL,0.786,NULL,NULL,NULL,NULL,,NULL,0,0,2,2,N,N,,NULL,98,9801,NULL,,Y,37.50417,-82.53904,N,NULL,NULL,NULL,NULL,NULL,NULL,NULL,NULL,2,97,,6,1,1,2,2,1,3,N,NULL,Y,N,1418,1426,,N,NULL,90,,,N,,N,N,098-CS-1215-0,NULL,NULL,2021,O,7.27E+11,098-CS-1215  -000,HIGH,098-CS-1215  -000,0.786,0,0,0,1,0,0,1,0,0,0,1,0,0,1
3621,72653395,980100,2.02E+11,20210727,1318,,BYPASS ROAD,,,,,,,,Y,N,NULL,NULL,NULL,N,NULL,NULL,NULL,NULL,NULL,NULL,,NULL,NULL,NULL,NULL,NULL,NULL,0,0,2,2,Y,N,15,NULL,98,9801,NULL,,Y,37.47282,-82.5227,N,NULL,NULL,NULL,NULL,NULL,NULL,NULL,NULL,7,97,,6,2,1,2,2,5,3,N,NULL,Y,N,1318,1324,1324,N,NULL,90,,,N,,N,N,,NULL,NULL,2021,O,7.27E+11,098-KY-1426  -000,MEDIUM,098-KY-1426  -000,5.699,0,0,0,0,0,0,1,0,0,0,0,0,0,1
3622,72763483,980500,2022AR022,20220519,1627,,US HWY 23 SOUTH,,,,,,,,N,N,NULL,NULL,NULL,N,NULL,NULL,NULL,NULL,NULL,NULL,,NULL,NULL,NULL,NULL,NULL,NULL,2,0,2,2,N,N,45,NULL,98,9807,NULL,,Y,37.51522,-82.55942,N,NULL,NULL,NULL,NULL,NULL,NULL,NULL,NULL,1,3,6,6,1,1,2,2,7,3,Y,NULL,Y,Y,1627,1630,1710,N,NULL,55,,,N,,N,N,,NULL,NULL,2022,C,7.28E+11,098-CS-3012  -000,MEDIUM,098-CS-3012  -000,0.01,0,0,0,1,0,0,1,0,0,0,0,0,0,0
3623,72896456,980500,2023AR019,20230504,1246,,WEDDINGTON BRANCH,,RD,,,0,098 CS-3026,CS3026,Y,N,NULL,NULL,NULL,N,NULL,NULL,NULL,NULL,NULL,NULL,,NULL,NULL,NULL,NULL,NULL,NULL,0,0,2,2,Y,N,,NULL,98,9807,NULL,,Y,37.52275,-82.57023,N,NULL,NULL,NULL,NULL,NULL,NULL,NULL,NULL,1,97,,6,1,1,2,2,1,3,N,NULL,Y,Y,1246,1246,1246,N,NULL,90,,,N,,N,N,098-CS-3026-0,NULL,NULL,2023,O,7.29E+11,098-CS-3026  -000,HIGH,098-CS-3026  -000,0.029,0,0,0,0,0,0,0,0,0,0,0,0,0,0
3624,72532138,KSP0900,20-651371,20200815,1821,,US460,,,US0460,US0460,0,098 US-460,US0460,N,N,NULL,NULL,NULL,N,NULL,NULL,NULL,NULL,NULL,NULL,7.971,NULL,NULL,NULL,NULL,,NULL,0,0,2,2,N,N,55,NULL,98,9832,NULL,,Y,37.37919,-82.43377,N,NULL,NULL,NULL,NULL,NULL,NULL,NULL,NULL,5,3,2,1,1,5,2,2,7,3,N,NULL,N,N,1823,1842,,N,NULL,49,,1,N,,N,N,098-US-0460-0,NULL,NULL,2020,O,7.25E+11,098-US-0460  -000,HIGH,098-US-0460  -000,7.971,0,0,0,0,0,0,0,0,0,0,0,0,0,0
3625,72628619,980100,2.02E+11,20210523,413,,,,,US0023,US0023,,,,N,N,NULL,NULL,NULL,N,NULL,NULL,NULL,NULL,NULL,NULL,0.359,NULL,NULL,NULL,NULL,,NULL,1,0,1,1,N,N,45,NULL,98,9801,NULL,,Y,37.47375,-82.53154,Y,US0023,S,NULL,098 US-23-131,KY1426,E,NULL,098 US-23-131,9,5,1,6,1,1,2,5,6,3,Y,NULL,Y,Y,326,329,354,N,NULL,85,,1,Y,,N,N,,NULL,NULL,2021,C,7.26E+11,098-US-0023  -131,HIGH,098-US-0023  -131,0.359,0,0,0,0,0,0,1,0,1,0,0,1,0,1
3626,72598514,KSP0900,21-72350,20210223,1559,,LEFT FORK ISLAND,,CRK,,,0,098 CR-1233Q3,CR1233Q3,N,N,NULL,NULL,NULL,N,NULL,NULL,NULL,NULL,NULL,NULL,0.628,NULL,NULL,NULL,NULL,,NULL,0,0,2,2,N,N,15,NULL,98,9801,NULL,,Y,37.43336,-82.56504,N,NULL,NULL,NULL,NULL,NULL,NULL,NULL,NULL,1,97,1,2,1,1,2,2,6,3,N,NULL,Y,Y,1605,1633,1657,N,NULL,47,,,N,,N,N,098-CR-1233Q3-0,NULL,NULL,2021,O,7.26E+11,098-CR-1233Q3-000,HIGH,098-CR-1233Q3-000,0.628,0,0,0,0,0,0,1,0,0,0,0,0,0,0
3627,72578384,980100,2.02E+11,20201217,1159,,BYPASS,S,RD,KY1426,KY1426,,,,Y,N,NULL,NULL,NULL,N,NULL,NULL,NULL,NULL,NULL,NULL,5.755,NULL,NULL,NULL,NULL,,NULL,0,0,2,2,Y,N,,NULL,98,9801,NULL,,Y,37.47318,-82.52177,N,NULL,NULL,NULL,NULL,NULL,NULL,NULL,NULL,7,97,,6,1,1,2,2,1,3,N,NULL,N,N,1159,1204,,N,NULL,90,,0,N,,N,N,,NULL,NULL,2020,O,7.26E+11,098-KY-1426  -000,HIGH,098-KY-1426  -000,5.755,0,0,0,0,0,0,0,0,0,0,0,0,0,1
3628,72782809,980100,2.02E+11,20220629,854,,DIVISION,,ST,,,0,098 CS-1130,CS1130,N,N,NULL,NULL,NULL,N,NULL,NULL,NULL,NULL,NULL,NULL,0.131,NULL,NULL,NULL,NULL,,NULL,0,0,2,2,N,N,15,NULL,98,9801,NULL,,Y,37.47932,-82.5172,N,NULL,NULL,NULL,NULL,NULL,NULL,NULL,NULL,8,97,1,6,1,1,2,2,7,3,N,NULL,Y,N,854,921,921,N,NULL,47,,,N,,N,N,098-CS-1130-0,NULL,NULL,2022,O,7.28E+11,098-CS-1130  -000,HIGH,098-CS-1130  -000,0.131,0,0,1,0,0,0,1,0,0,0,0,0,0,1
3629,72569207,KSP0900,20-805574,20201127,1200,,KY632,,,KY0632,KY0632,0,098 KY-632,KY0632,Y,N,NULL,NULL,NULL,N,NULL,NULL,NULL,NULL,NULL,NULL,13.416,NULL,NULL,NULL,NULL,,NULL,0,0,2,2,N,N,10,NULL,98,9804,NULL,,Y,37.50991,-82.15948,N,NULL,NULL,NULL,NULL,NULL,NULL,NULL,NULL,2,97,2,6,1,1,2,2,1,3,N,NULL,Y,N,1200,1234,1234,N,NULL,90,6,0,N,,N,N,098-KY-0632-0,NULL,NULL,2020,O,7.26E+11,098-KY-0632  -000,HIGH,098-KY-0632  -000,13.416,0,0,0,0,0,0,1,0,0,0,0,0,0,0
3630,72463343,KSP0900,20-1681,20200113,400,,US119,,,US0119,US0119,0,098 US-119,US0119,N,N,NULL,NULL,NULL,N,NULL,NULL,NULL,NULL,NULL,NULL,5.971,NULL,NULL,NULL,NULL,,NULL,0,0,1,1,N,N,55,NULL,98,9820,NULL,,Y,37.54116,-82.4482,N,NULL,NULL,NULL,NULL,NULL,NULL,NULL,NULL,9,3,2,1,1,1,10,6,7,3,N,NULL,Y,N,408,511,408,N,NULL,38,2,1,N,,N,N,098-US-0119-0,NULL,NULL,2020,O,7.25E+11,098-US-0119  -000,HIGH,098-US-0119  -000,5.971,0,0,0,0,0,0,0,0,0,0,0,0,0,0
3631,72787284,980100,2.02E+11,20220727,927,,OWSLEY,,RD,KY1384,KY1384,0,098 KY-1384,KY1384,N,N,NULL,NULL,NULL,N,NULL,NULL,NULL,NULL,NULL,NULL,5.81,NULL,NULL,NULL,NULL,,NULL,0,0,1,1,N,N,35,NULL,98,9801,NULL,,Y,37.47768,-82.55916,N,NULL,NULL,NULL,NULL,NULL,NULL,NULL,NULL,9,3,2,6,1,5,3,2,7,3,N,NULL,Y,N,927,935,935,N,NULL,38,17,0,N,,N,N,098-KY-1384-0,NULL,NULL,2022,O,7.28E+11,098-KY-1384  -000,HIGH,098-KY-1384  -000,5.81,0,0,0,0,0,0,0,0,0,0,0,0,0,1
3632,72797641,980100,2.02E+11,20220816,1422,,US23,,,US0023,US0023,0,098 US-23,US0023,N,N,NULL,NULL,NULL,N,NULL,NULL,NULL,NULL,NULL,NULL,22.405,NULL,NULL,NULL,NULL,,NULL,1,0,3,3,N,N,45,NULL,98,9801,NULL,,Y,37.46278,-82.51767,N,NULL,NULL,NULL,NULL,NULL,NULL,NULL,NULL,1,3,4,6,1,1,2,2,7,3,Y,NULL,Y,Y,1422,1425,1531,N,NULL,55,,1,N,,N,N,098-US-0023-0,NULL,NULL,2022,C,7.28E+11,098-US-0023  -000,HIGH,098-US-0023  -000,22.405,0,1,0,1,0,0,1,0,0,0,0,0,0,1
3633,72767535,980100,2.02E+11,20220523,1446,,US460,,,US0460,US0460,0,098 US-460,US0460,N,N,NULL,NULL,NULL,N,NULL,NULL,NULL,NULL,NULL,NULL,0.033,NULL,NULL,NULL,NULL,,NULL,0,0,2,2,N,N,55,NULL,98,9801,NULL,,Y,37.44152,-82.50688,N,NULL,NULL,NULL,NULL,NULL,NULL,NULL,NULL,7,3,2,6,1,5,6,2,1,3,N,NULL,Y,N,1446,1454,,N,NULL,54,,1,N,,N,N,098-US-0460-0,NULL,NULL,2022,O,7.28E+11,098-US-0460  -000,HIGH,098-US-0460  -000,0.033,0,0,0,0,0,0,1,0,0,0,0,1,0,1
3634,72529751,370200,2020-614664,20200723,1311,,BEAVER CREEK,,RD,KY1373,KY1373,0,098 KY-1373,KY1373,N,N,NULL,NULL,NULL,N,NULL,NULL,NULL,NULL,NULL,NULL,2.73,NULL,NULL,NULL,NULL,,NULL,0,0,2,2,N,N,55,NULL,98,9802,NULL,,Y,37.3297,-82.32047,N,NULL,NULL,NULL,NULL,NULL,NULL,NULL,NULL,1,3,2,4,1,5,3,2,7,3,N,NULL,Y,N,1332,1359,1435,N,NULL,55,8,0,N,,N,N,098-KY-1373-0,NULL,NULL,2020,O,7.25E+11,098-KY-1373  -000,HIGH,098-KY-1373  -000,2.73,0,1,0,1,0,0,1,0,0,0,0,1,0,0
3635,72770984,980100,2.02E+11,20220608,1713,,US23,,,US0023,US0023,0,098 US-23,US0023,N,N,NULL,NULL,NULL,N,NULL,NULL,NULL,NULL,NULL,NULL,23.011,NULL,NULL,NULL,NULL,,NULL,0,0,3,3,N,N,55,NULL,98,9801,NULL,,Y,37.46575,-82.52717,N,NULL,NULL,NULL,NULL,NULL,NULL,NULL,NULL,5,3,4,6,1,1,2,2,2,3,N,NULL,Y,N,1713,1719,1806,N,NULL,49,,1,Y,,N,N,098-US-0023-0,NULL,NULL,2022,O,7.28E+11,098-US-0023  -000,HIGH,098-US-0023  -000,23.011,0,0,0,1,0,0,1,0,0,0,0,0,0,1
3636,72492038,KSP0900,20-11125,20200326,228,,MARROWBONE CREEK,,RD,KY0195,KY0195,0,098 KY-195,KY0195,N,N,NULL,NULL,NULL,N,NULL,NULL,NULL,NULL,NULL,NULL,4.312,NULL,NULL,NULL,NULL,,NULL,0,1,1,1,N,N,45,NULL,98,9802,NULL,,Y,37.30605,-82.47561,N,NULL,NULL,NULL,NULL,NULL,NULL,NULL,NULL,9,3,2,6,1,1,2,6,7,3,N,NULL,Y,Y,400,400,520,N,NULL,70,8,0,N,,N,N,098-KY-0195-0,NULL,NULL,2020,K,7.25E+11,098-KY-0195  -000,HIGH,098-KY-0195  -000,4.312,0,0,0,0,0,0,0,0,0,0,0,1,0,0
3637,72670302,KSP0900,21-361407,20210830,1415,,KY632,,,KY0632,KY0632,0,098 KY-632,KY0632,Y,N,NULL,NULL,NULL,N,NULL,NULL,NULL,NULL,NULL,NULL,13.46,NULL,NULL,NULL,NULL,,NULL,0,0,2,2,N,N,10,NULL,98,9804,NULL,,Y,37.51064,-82.15988,N,NULL,NULL,NULL,NULL,NULL,NULL,NULL,NULL,2,97,2,6,1,1,2,2,7,3,N,NULL,Y,N,1415,1515,1530,N,NULL,90,6,0,N,,N,N,098-KY-0632-0,NULL,NULL,2021,O,7.27E+11,098-KY-0632  -000,HIGH,098-KY-0632  -000,13.46,0,0,0,0,0,0,1,0,0,0,0,0,0,0
3638,72811927,KSP0900,22-365789,20220920,2037,,US119,,,US0119,US0119,0,098 US-119,US0119,N,N,NULL,NULL,NULL,N,NULL,NULL,NULL,NULL,NULL,NULL,23.634,NULL,NULL,NULL,NULL,,NULL,2,0,2,2,N,N,55,NULL,98,9836,NULL,,Y,37.65062,-82.26778,N,NULL,NULL,NULL,NULL,NULL,NULL,NULL,NULL,1,3,2,6,1,1,2,6,7,3,Y,NULL,Y,Y,2038,2102,2140,N,NULL,55,2,1,N,,N,N,098-US-0119-0,NULL,NULL,2022,C,7.28E+11,098-US-0119  -000,HIGH,098-US-0119  -000,23.634,1,0,0,1,0,0,1,0,0,0,0,1,0,0
3639,72709931,980100,2.02E+11,20211212,1530,,US23,,,US0023,US0023,0,098 US-23,US0023,N,N,NULL,NULL,NULL,N,NULL,NULL,NULL,NULL,NULL,NULL,23.028,NULL,NULL,NULL,NULL,,NULL,2,0,3,3,N,N,55,NULL,98,9801,NULL,,Y,37.4657,-82.52752,N,NULL,NULL,NULL,NULL,NULL,NULL,NULL,NULL,3,3,4,6,1,1,2,2,1,3,N,NULL,Y,Y,1530,1534,,N,NULL,52,,1,N,,N,N,098-US-0023-0,NULL,NULL,2021,C,7.27E+11,098-US-0023  -000,HIGH,098-US-0023  -000,23.028,0,0,0,0,0,0,1,1,0,0,0,1,0,1
3640,72629180,980100,2.02E+11,20210520,1152,,US23,,,US0023,US0023,,,,N,N,NULL,NULL,NULL,N,NULL,NULL,NULL,NULL,NULL,NULL,25.737,NULL,NULL,NULL,NULL,,NULL,1,0,2,2,N,N,55,NULL,98,9801,NULL,,Y,37.4959,-82.53105,N,NULL,NULL,NULL,NULL,NULL,NULL,NULL,NULL,1,3,4,6,1,1,2,2,1,3,N,NULL,Y,Y,1153,1158,1246,N,NULL,55,,1,N,,N,N,,NULL,NULL,2021,B,7.26E+11,098-US-0023  -000,MEDIUM,098-US-0023  -000,25.737,0,0,0,1,0,0,1,0,0,0,0,0,0,1