OBJECTID,MasterFile,AgencyORINumber,LocalCode,CollisionDate,CollisionTime,CollisionDayWeekCode,RoadwayName,RoadwayName_Direction_,RoadwayName_RoadwaySuffix_,RoadwayfromReport,CurrentRoadwayNumber,RoadwayNumberCoupletID,RSEUniqueGIS,RoadwayIdentifier,ParkingLotIndicator,IntersectionWith_Indicator_,IntersectionWith_NameRoadway_,IntersectionWith_Direction_,IntersectionWith_RoadwaySuffix_,BetweenStreets_Indicator_,BetweenStreets1_NameRoadway_,BetweenStreet1_Direction_,BetweenStreets1_RoadwaySuffix_,BetweenStreets2_NameRoadway_,BetweenStreets2_Direction_,BetweenStreets2_RoadwaySuffix_,Milepoint,ReportMilepointDeriveNumber,CurrentDerivedMiepointNumber,MilestoMilepoint,FeettoMilepoint,DirectionfromMilepoint_NSEW_,ValidMilepointIndicator,NumberInjured,NumberKilled,ofUnits,ofMotorVehicleUnits,Hit&RunIndicator,OneWayIndicator,SpeedLimitNumber,KilometersIndicator,CountyCode,CityCountyCode,MilesFromCity,DirectionFromCity_NSEW_,InCityLimitsIndicator,Latitude,Longitude,RampIndicator,RampFromIdentifier,RampFromDirCode,RampFromCoupletID,RSEUniqueGISRampFrom,RampToidentifier,RampToDirCode,RampToCoupletID,RSEUniqueGisRampTo,MannerofCollisionCode,LocationFirstEventCode,TotalLanes,RoadwayCharacterCode,RoadwaySurfaceCode,RoadwayConditionCode,WeatherCode,LightConditionCode,LandUseCode,SchoolBusRelatedCode,FirstAidSceneIndicator,CollDescPresentInd,InvestigationCompleteIndicator,PhotosTakenIndicator,TimeNotified,TimeArrived,TimeRoadwayOpened,PropertyDamageIndicator,DiagramPresentIndicator,DirectionalAnalysis,FunctionClassCode,NationalHwySysCode,EnforcementsIndicator,KARSCityCode,SecondaryCollisionIndicator,MedianCrossoverIndicator,RT_UNIQUE,MapIt,TimeLastLeft,YR,KABCO,MFNY,WorkingRID,RT_CONFIDENCE,KTC_RT,KTC_MP,Motorcyclist,Commercial Vehicle,Young Driver,Mature Driver,Pedestrian,Bicyclist,Distracted,Aggressive,Impaired,Unrestrained,Intersection,Roadway Departure,Median Cross-over,City Crash
3641,72710146,KSP0900,21-511609,20211216,1750,,ZEBULON,,HWY,KY1426,KY1426,0,098 KY-1426,KY1426,N,N,NULL,NULL,NULL,N,NULL,NULL,NULL,NULL,NULL,NULL,11.932,NULL,NULL,NULL,NULL,,NULL,0,0,2,2,N,N,55,NULL,98,9801,NULL,,Y,37.53536,-82.46604,N,NULL,NULL,NULL,NULL,NULL,NULL,NULL,NULL,1,3,2,3,1,5,6,6,7,3,N,NULL,Y,N,1750,1808,1808,N,NULL,55,7,0,N,,N,N,098-KY-1426-0,NULL,NULL,2021,O,7.27E+11,098-KY-1426  -000,HIGH,098-KY-1426  -000,11.932,0,0,0,1,0,0,1,0,0,0,0,0,0,0
3642,72618843,980100,2.02E+11,20210428,941,,US23,,,US0023,US0023,0,098 US-23,US0023,N,N,NULL,NULL,NULL,N,NULL,NULL,NULL,NULL,NULL,NULL,26.286,NULL,NULL,NULL,NULL,,NULL,0,0,2,2,Y,N,55,NULL,98,9801,NULL,,Y,37.5037,-82.53215,N,NULL,NULL,NULL,NULL,NULL,NULL,NULL,NULL,5,3,4,6,1,1,2,2,7,3,N,NULL,Y,N,941,954,954,N,NULL,49,,1,N,,N,N,098-US-0023-0,NULL,NULL,2021,O,7.26E+11,098-US-0023  -000,HIGH,098-US-0023  -000,26.286,0,0,0,0,0,0,0,0,0,0,0,0,0,1
3643,72540697,980500,2020AR049,20200909,1745,,MULLINS ADDITION,,DR,,,0,098 CR-1426P,CR1426P,N,N,NULL,NULL,NULL,N,NULL,NULL,NULL,NULL,NULL,NULL,0.041,NULL,NULL,NULL,NULL,,NULL,0,0,2,2,N,Y,15,NULL,98,9807,1,N,N,37.53895,-82.58201,N,NULL,NULL,NULL,NULL,NULL,NULL,NULL,NULL,1,3,1,6,1,1,2,2,7,3,N,NULL,Y,Y,1740,1745,,N,NULL,55,,,N,,N,N,098-CR-1426P-0,NULL,NULL,2020,O,7.25E+11,098-CR-1426P -000,HIGH,098-CR-1426P -000,0.041,0,0,0,1,0,0,1,0,0,0,0,0,0,0
3644,72691888,980100,2.02E+11,20211103,1612,,US23,,,US0023,US0023,0,098 US-23,US0023,N,N,NULL,NULL,NULL,N,NULL,NULL,NULL,NULL,NULL,NULL,30.533,NULL,NULL,NULL,NULL,,NULL,0,0,2,2,N,N,55,NULL,98,9801,NULL,,Y,37.54261,-82.58553,N,NULL,NULL,NULL,NULL,NULL,NULL,NULL,NULL,5,3,4,6,1,1,2,2,1,3,N,NULL,Y,N,1612,1631,1647,N,NULL,49,,1,N,,N,N,098-US-0023-0,NULL,NULL,2021,O,7.27E+11,098-US-0023  -000,HIGH,098-US-0023  -000,30.533,0,0,0,0,0,0,1,0,0,0,0,0,0,1
3645,72502668,KSP0900,20-18096,20200515,730,,FERRELLS CREEK,,RD,US0460,US0460,0,098 US-460,US0460,N,N,NULL,NULL,NULL,N,NULL,NULL,NULL,NULL,NULL,NULL,21.165,NULL,NULL,NULL,NULL,,NULL,0,0,1,1,N,N,55,NULL,98,9847,1,W,N,37.37515,-82.27505,N,NULL,NULL,NULL,NULL,NULL,NULL,NULL,NULL,9,3,2,4,1,1,2,2,7,3,N,NULL,Y,N,730,800,,N,NULL,38,,1,N,,N,N,098-US-0460-0,NULL,NULL,2020,O,7.25E+11,098-US-0460  -000,HIGH,098-US-0460  -000,21.165,0,0,0,0,0,0,0,0,0,0,0,0,0,0
3646,72748276,KSP0900,22-124568,20220406,1644,,US119,,,US0119,US0119,0,098 US-119,US0119,Y,N,NULL,NULL,NULL,N,NULL,NULL,NULL,NULL,NULL,NULL,23.734,NULL,NULL,NULL,NULL,,NULL,0,0,2,2,N,Y,10,NULL,98,9834,NULL,,Y,37.65208,-82.2681,N,NULL,NULL,NULL,NULL,NULL,NULL,NULL,NULL,2,97,2,6,1,1,2,2,1,3,N,NULL,Y,N,1646,1702,1819,N,NULL,90,2,1,N,,N,N,098-US-0119-0,NULL,NULL,2022,O,7.27E+11,098-US-0119  -000,HIGH,098-US-0119  -000,23.734,0,0,0,0,0,0,1,0,0,0,0,0,0,0
3647,72773518,980100,2.02E+11,20220615,1010,,HUFFMAN,,AVE,,,0,098 CS-1123,CS1123,Y,N,NULL,NULL,NULL,N,NULL,NULL,NULL,NULL,NULL,NULL,0.017,NULL,NULL,NULL,NULL,,NULL,0,0,1,1,N,N,,NULL,98,9801,NULL,,Y,37.47704,-82.51732,N,NULL,NULL,NULL,NULL,NULL,NULL,NULL,NULL,9,97,0,6,1,1,2,2,4,3,N,NULL,Y,N,1010,1011,1011,N,NULL,90,,,N,,N,N,098-CS-1123-0,NULL,NULL,2022,O,7.28E+11,098-CS-1123  -000,HIGH,098-CS-1123  -000,0.017,0,0,0,0,0,0,1,0,0,0,0,1,0,1
3648,72771916,KSP0900,22-220314,20220612,1057,,KY3418,,,KY3418,KY3418,0,098 KY-3418,KY3418,N,N,NULL,NULL,NULL,N,NULL,NULL,NULL,NULL,NULL,NULL,9.859,NULL,NULL,NULL,NULL,,NULL,0,0,1,1,N,N,35,NULL,98,9850,NULL,,Y,37.47571,-82.42342,N,NULL,NULL,NULL,NULL,NULL,NULL,NULL,NULL,9,3,1,3,1,1,2,2,7,3,N,NULL,N,N,1057,1112,1112,N,NULL,40,9,0,N,,N,N,098-KY-3418-0,NULL,NULL,2022,O,7.28E+11,098-KY-3418  -000,HIGH,098-KY-3418  -000,9.859,0,0,0,0,0,0,0,0,0,0,0,1,0,0
3649,72559715,980100,2.02E+11,20201027,1441,,HAMBLEY,,BLVD,,,0,098 CS-1222,CS1222,N,N,NULL,NULL,NULL,N,NULL,NULL,NULL,NULL,NULL,NULL,0.63,NULL,NULL,NULL,NULL,,NULL,0,0,4,4,N,N,35,NULL,98,9801,NULL,,Y,37.48006,-82.51923,N,NULL,NULL,NULL,NULL,NULL,NULL,NULL,NULL,8,3,2,6,1,1,2,2,1,3,N,NULL,N,N,1442,1443,1530,N,NULL,53,,,N,,N,N,098-CS-1222-0,NULL,NULL,2020,O,7.26E+11,098-CS-1222  -000,HIGH,098-CS-1222  -000,0.63,0,0,0,0,0,0,1,0,0,0,0,1,0,1
3650,72521116,980100,2.02E+11,20200714,1622,,BYPASS,S,RD,KY1426,KY1426,0,098 KY-1426,KY1426,N,N,NULL,NULL,NULL,N,NULL,NULL,NULL,NULL,NULL,NULL,5.616,NULL,NULL,NULL,NULL,,NULL,0,0,2,2,N,N,45,NULL,98,9801,NULL,,Y,37.4725,-82.52418,N,NULL,NULL,NULL,NULL,NULL,NULL,NULL,NULL,5,3,2,6,1,1,2,2,7,3,N,NULL,Y,N,1622,1636,1636,N,NULL,70,,0,N,,N,N,098-KY-1426-0,NULL,NULL,2020,O,7.25E+11,098-KY-1426  -000,HIGH,098-KY-1426  -000,5.616,0,0,0,0,0,0,1,0,0,0,0,0,0,1
3651,72539006,980100,2.02E+11,20200904,1354,,CASSIDY,,BLVD,,,0,098 CS-1191,CS1191,Y,N,NULL,NULL,NULL,N,NULL,NULL,NULL,NULL,NULL,NULL,0.291,NULL,NULL,NULL,NULL,,NULL,0,0,2,2,N,N,15,NULL,98,9801,NULL,,Y,37.50485,-82.53663,N,NULL,NULL,NULL,NULL,NULL,NULL,NULL,NULL,2,97,,6,1,1,2,2,1,3,N,NULL,Y,N,1355,1417,1420,N,NULL,90,,,N,,N,N,098-CS-1191-0,NULL,NULL,2020,O,7.25E+11,098-CS-1191  -000,HIGH,098-CS-1191  -000,0.291,0,0,0,1,0,0,1,0,0,0,0,0,0,1
3652,72757916,KSP0900,22-143587,20220420,1330,,STRAIGHT,,HOLW,,,0,098 CR-1574,CR1574,N,N,NULL,NULL,NULL,N,NULL,NULL,NULL,NULL,NULL,NULL,0.385,NULL,NULL,NULL,NULL,,NULL,0,0,1,1,N,N,25,NULL,98,9875,NULL,,Y,37.52372,-82.24998,N,NULL,NULL,NULL,NULL,NULL,NULL,NULL,NULL,9,3,1,6,1,1,2,2,7,3,N,NULL,Y,N,1330,1445,1330,N,NULL,40,,,N,,N,N,098-CR-1574-0,NULL,NULL,2022,O,7.28E+11,098-CR-1574  -000,HIGH,098-CR-1574  -000,0.385,0,0,0,0,0,0,1,0,0,0,0,1,0,0
3653,72488453,980100,2.02E+11,20200316,1651,,THOMPSON,,RD,,,,,,Y,N,NULL,NULL,NULL,N,NULL,NULL,NULL,NULL,NULL,NULL,0.575,NULL,NULL,NULL,NULL,,NULL,0,0,2,2,N,N,15,NULL,98,9801,NULL,,Y,37.50574,-82.54254,N,NULL,NULL,NULL,NULL,NULL,NULL,NULL,NULL,2,97,,6,1,1,2,2,1,3,N,NULL,Y,N,1651,1657,1657,N,NULL,90,,,N,,N,N,,NULL,NULL,2020,O,7.25E+11,098-CS-1215  -000,MEDIUM,098-CS-1215  -000,0.575,0,0,0,0,0,0,1,0,0,0,0,0,0,1
3654,72795525,KSP0900,22-320260,20220819,330,,CHLOE,,RD,KY1460,KY1460,0,098 KY-1460,KY1460,N,N,NULL,NULL,NULL,N,NULL,NULL,NULL,NULL,NULL,NULL,0.862,NULL,NULL,NULL,NULL,,NULL,0,0,1,1,N,N,45,NULL,98,9801,NULL,,Y,37.44327,-82.47839,N,NULL,NULL,NULL,NULL,NULL,NULL,NULL,NULL,9,3,2,5,1,1,2,6,7,3,N,NULL,Y,N,337,351,445,Y,NULL,44,,0,N,,N,N,098-KY-1460-0,NULL,NULL,2022,O,7.28E+11,098-KY-1460  -000,HIGH,098-KY-1460  -000,0.862,0,0,0,0,0,0,0,0,0,0,0,1,0,0
3655,72638557,KSP0900,21-246057,20210615,1321,,WILLIAMSON,,RD,KY0292,KY0292,0,098 KY-292,KY0292,N,N,NULL,NULL,NULL,N,NULL,NULL,NULL,NULL,NULL,NULL,7.87,NULL,NULL,NULL,NULL,,NULL,3,0,2,2,N,N,55,NULL,98,9834,NULL,,Y,37.68602,-82.29875,N,NULL,NULL,NULL,NULL,NULL,NULL,NULL,NULL,1,3,2,6,1,1,2,2,3,3,Y,NULL,Y,Y,1321,1347,1420,N,NULL,55,7,0,N,,N,N,098-KY-0292-0,NULL,NULL,2021,C,7.26E+11,098-KY-0292  -000,HIGH,098-KY-0292  -000,7.87,0,0,1,0,0,0,0,1,0,0,0,0,0,0
3656,72542318,980100,2.02E+11,20200914,1602,,BYPASS,,RD,,,,,,Y,N,NULL,NULL,NULL,N,NULL,NULL,NULL,NULL,NULL,NULL,,NULL,NULL,NULL,NULL,NULL,NULL,0,0,2,2,N,N,,NULL,98,9801,NULL,,Y,37.4786,-82.51533,N,NULL,NULL,NULL,NULL,NULL,NULL,NULL,NULL,5,97,,6,1,1,2,2,1,3,N,NULL,Y,N,1602,1613,1613,N,NULL,90,,,N,,N,N,,NULL,NULL,2020,O,7.25E+11,098-KY-1426  -000,MEDIUM,098-KY-1426  -000,6.273,0,0,0,1,0,0,0,0,0,0,0,0,0,1
3657,72635885,980100,2.02E+11,20210608,1719,,KY3496,,,KY3496,KY3496,0,098 KY-3496,KY3496,Y,N,NULL,NULL,NULL,N,NULL,NULL,NULL,NULL,NULL,NULL,0.172,NULL,NULL,NULL,NULL,,NULL,0,0,2,2,N,N,35,NULL,98,9801,NULL,,Y,37.46634,-82.53074,N,NULL,NULL,NULL,NULL,NULL,NULL,NULL,NULL,2,97,2,6,1,1,2,2,1,3,N,NULL,Y,N,1720,1724,,N,NULL,90,16,0,N,,N,N,098-KY-3496-0,NULL,NULL,2021,O,7.26E+11,098-KY-3496  -000,HIGH,098-KY-3496  -000,0.172,0,0,0,0,0,0,1,0,0,0,0,0,0,1
3658,72741647,KSP0900,22-97570,20220317,1649,,FERRELLS CREEK,,RD,US0460,US0460,,,,N,N,NULL,NULL,NULL,N,NULL,NULL,NULL,NULL,NULL,NULL,15.106,NULL,NULL,NULL,NULL,,NULL,0,0,2,2,N,N,55,NULL,98,9805,NULL,,Y,37.34646,-82.36273,N,NULL,NULL,NULL,NULL,NULL,NULL,NULL,NULL,5,3,2,6,1,1,2,2,1,3,N,NULL,Y,N,1649,1815,1815,N,NULL,49,,1,N,,N,N,,NULL,NULL,2022,O,7.27E+11,098-US-0460  -000,MEDIUM,098-US-0460  -000,15.106,0,0,1,1,0,0,1,0,0,0,0,0,0,0
3659,72432265,KSP0900,2019-43622,20191105,2344,,GRAPEVINE,,RD,KY0194,KY0194,0,098 KY-194,KY0194,N,N,NULL,NULL,NULL,N,NULL,NULL,NULL,NULL,NULL,NULL,31.68,NULL,NULL,NULL,NULL,,NULL,0,0,1,1,N,N,45,NULL,98,9849,NULL,,Y,37.43313,-82.35651,N,NULL,NULL,NULL,NULL,NULL,NULL,NULL,NULL,9,3,2,5,1,1,2,6,7,3,N,NULL,N,N,2344,5,115,N,NULL,40,7,0,N,,N,N,098-KY-0194-0,NULL,NULL,2019,O,7.24E+11,098-KY-0194  -000,HIGH,098-KY-0194  -000,31.68,0,0,0,0,0,0,0,0,0,0,0,1,0,0
3660,72504404,KSP0900,20-18769,20200519,1530,,US119,,,US0119,US0119,0,098 US-119,US0119,N,N,NULL,NULL,NULL,N,NULL,NULL,NULL,NULL,NULL,NULL,20.546,NULL,NULL,NULL,NULL,,NULL,0,0,2,2,N,N,45,NULL,98,9814,NULL,,Y,37.61789,-82.27258,N,NULL,NULL,NULL,NULL,NULL,NULL,NULL,NULL,1,3,2,3,1,5,3,2,7,3,N,NULL,Y,N,1530,1530,1540,N,NULL,47,2,1,N,,N,N,098-US-0119-0,NULL,NULL,2020,O,7.25E+11,098-US-0119  -000,HIGH,098-US-0119  -000,20.546,0,0,1,0,0,0,1,0,0,0,0,1,0,0
3661,72601691,980100,2.02E+11,20210309,1913,,HAMBLEY,,BLVD,,,,,,N,N,NULL,NULL,NULL,N,NULL,NULL,NULL,NULL,NULL,NULL,0.023,NULL,NULL,NULL,NULL,,NULL,0,0,2,2,Y,N,35,NULL,98,9801,NULL,,Y,37.47411,-82.52689,N,NULL,NULL,NULL,NULL,NULL,NULL,NULL,NULL,1,3,2,6,1,1,2,3,1,3,N,NULL,Y,N,1913,1913,,N,NULL,55,,,Y,,N,N,,NULL,NULL,2021,O,7.26E+11,098-CS-1222  -000,MEDIUM,098-CS-1222  -000,0.023,0,0,0,1,0,0,1,1,0,0,0,0,0,1
3662,72519703,KSP0900,20-589046,20200708,139,,HOSPITAL,,DR,,,0,098 CR-1015C,CR1015C,Y,N,NULL,NULL,NULL,N,NULL,NULL,NULL,NULL,NULL,NULL,0.004,NULL,NULL,NULL,NULL,,NULL,0,0,2,2,N,N,,NULL,98,9834,NULL,,Y,37.67516,-82.29697,N,NULL,NULL,NULL,NULL,NULL,NULL,NULL,NULL,7,97,,6,1,1,2,5,5,3,N,NULL,N,N,139,213,213,N,NULL,90,,,N,,N,N,098-CR-1015C-0,NULL,NULL,2020,O,7.25E+11,098-CR-1015C -000,HIGH,098-CR-1015C -000,0.004,0,0,0,0,0,0,1,0,0,0,0,0,0,0
3663,72628153,KSP0900,21-207917,20210522,1434,,FERRELLS CREEK,,RD,US0460,US0460,0,098 US-460,US0460,Y,N,NULL,NULL,NULL,N,NULL,NULL,NULL,NULL,NULL,NULL,22.42,NULL,NULL,NULL,NULL,,NULL,0,0,2,2,N,N,15,NULL,98,9847,NULL,,Y,37.38268,-82.25591,N,NULL,NULL,NULL,NULL,NULL,NULL,NULL,NULL,2,97,2,6,1,1,2,2,1,3,N,NULL,Y,N,1602,1635,1700,N,NULL,90,,1,N,,N,N,098-US-0460-0,NULL,NULL,2021,O,7.26E+11,098-US-0460  -000,HIGH,098-US-0460  -000,22.42,0,0,1,0,0,0,1,0,0,0,0,0,0,0
3664,72626913,980000,21-05-002,20210504,1556,,KY195,,,KY0195,KY0195,0,098 KY-195,KY0195,N,N,NULL,NULL,NULL,N,NULL,NULL,NULL,NULL,NULL,NULL,9.719,NULL,NULL,NULL,NULL,,NULL,0,0,6,6,N,N,55,NULL,98,9830,NULL,,Y,37.34763,-82.42372,N,NULL,NULL,NULL,NULL,NULL,NULL,NULL,NULL,1,5,2,3,1,5,6,2,1,3,N,NULL,Y,Y,1606,1611,1611,N,NULL,47,7,0,N,,N,N,098-KY-0195-0,NULL,NULL,2021,O,7.26E+11,098-KY-0195  -000,HIGH,098-KY-0195  -000,9.719,0,0,0,0,0,0,0,1,0,0,0,1,0,0
3665,72569070,KSP0900,20-804890,20201126,1933,,DOUGLAS,,PARK,,,0,098 CR-1704,CR1704,N,N,NULL,NULL,NULL,N,NULL,NULL,NULL,NULL,NULL,NULL,0.285,NULL,NULL,NULL,NULL,,NULL,0,0,2,2,N,N,15,NULL,98,9801,NULL,,Y,37.3796,-82.53557,N,NULL,NULL,NULL,NULL,NULL,NULL,NULL,NULL,8,3,1,6,1,1,2,5,7,3,N,NULL,Y,N,1934,1952,,N,NULL,47,,,N,,N,N,098-CR-1704-0,NULL,NULL,2020,O,7.26E+11,098-CR-1704  -000,HIGH,098-CR-1704  -000,0.285,0,0,0,0,0,0,1,0,0,0,0,0,0,0
3666,72802947,KSP0900,22-345368,20220905,2100,,ROCKHOUSE,,FRK,,,,,,N,N,NULL,NULL,NULL,N,NULL,NULL,NULL,NULL,NULL,NULL,1.498,NULL,NULL,NULL,NULL,,NULL,0,0,1,1,N,N,25,NULL,98,9833,NULL,,Y,37.65491,-82.38853,N,NULL,NULL,NULL,NULL,NULL,NULL,NULL,NULL,9,3,1,4,1,1,2,7,7,3,N,NULL,N,N,2100,2150,2150,N,NULL,70,,,N,,N,N,,NULL,NULL,2022,O,7.28E+11,098-CR-1395Q4-000,LOW,098-CR-1395Q4-000,1.498,0,0,0,0,0,0,0,0,0,0,0,1,0,0
3667,72520451,KSP0900,20-592638,20200710,630,,TOLER,,RD,KY0319,KY0319,0,098 KY-319,KY0319,N,N,NULL,NULL,NULL,N,NULL,NULL,NULL,NULL,NULL,NULL,2.266,NULL,NULL,NULL,NULL,,NULL,0,0,1,1,N,N,55,NULL,98,9842,NULL,,Y,37.60051,-82.20645,N,NULL,NULL,NULL,NULL,NULL,NULL,NULL,NULL,9,3,2,3,1,1,2,2,7,3,N,NULL,N,N,630,635,710,Y,NULL,40,7,0,N,,N,N,098-KY-0319-0,NULL,NULL,2020,O,7.25E+11,098-KY-0319  -000,HIGH,098-KY-0319  -000,2.266,0,0,0,0,0,0,0,0,0,0,0,1,0,0
3668,72813659,980100,2.02E+11,20221006,1002,,MAIN,,ST,,,0,098 CS-1112,CS1112,Y,N,NULL,NULL,NULL,N,NULL,NULL,NULL,NULL,NULL,NULL,0.017,NULL,NULL,NULL,NULL,,NULL,0,0,2,2,Y,N,,NULL,98,9801,NULL,,Y,37.47792,-82.51838,N,NULL,NULL,NULL,NULL,NULL,NULL,NULL,NULL,2,97,1,6,1,1,2,2,1,3,N,NULL,Y,N,1002,1020,1020,N,NULL,90,,,N,,N,N,098-CS-1112-0,NULL,NULL,2022,O,7.28E+11,098-CS-1112  -000,HIGH,098-CS-1112  -000,0.017,0,0,0,1,0,0,0,0,0,0,0,0,0,1
3669,72762872,KSP0900,22-179482,20220515,1020,,BUCKFIELD,,RD,,,0,098 CR-1270,CR1270,Y,N,NULL,NULL,NULL,N,NULL,NULL,NULL,NULL,NULL,NULL,0.291,NULL,NULL,NULL,NULL,,NULL,0,0,1,1,N,N,,NULL,98,9801,NULL,,Y,37.4039,-82.52222,N,NULL,NULL,NULL,NULL,NULL,NULL,NULL,NULL,9,97,,6,1,1,2,2,1,3,N,NULL,Y,Y,1035,1056,1035,Y,NULL,90,,,N,,N,N,098-CR-1270-0,NULL,NULL,2022,O,7.28E+11,098-CR-1270  -000,HIGH,098-CR-1270  -000,0.291,0,0,0,1,0,0,0,0,0,0,0,1,0,0
3670,72402373,KSP0900,19-33244,20190827,717,,KY1056,,,KY1056,KY1056,0,098 KY-1056,KY1056,N,N,NULL,NULL,NULL,N,NULL,NULL,NULL,NULL,NULL,NULL,1.244,NULL,NULL,NULL,NULL,,NULL,0,0,2,2,Y,N,55,NULL,98,9863,NULL,,Y,37.56617,-82.24404,N,NULL,NULL,NULL,NULL,NULL,NULL,NULL,NULL,7,3,2,1,1,5,6,2,7,3,N,NULL,N,N,719,800,825,N,NULL,54,8,0,N,,N,N,098-KY-1056-0,NULL,NULL,2019,O,7.24E+11,098-KY-1056  -000,HIGH,098-KY-1056  -000,1.244,0,0,0,0,0,0,1,0,0,0,0,1,0,0
3671,72718054,980000,22-01-001,20220106,2014,,US 119 SOUTH,,,,,,,,N,N,NULL,NULL,NULL,N,NULL,NULL,NULL,NULL,NULL,NULL,,NULL,NULL,NULL,NULL,NULL,NULL,0,0,2,2,N,N,55,NULL,98,9852,0.2,N,N,37.64119,-82.26009,N,NULL,NULL,NULL,NULL,NULL,NULL,NULL,NULL,3,3,4,6,1,4,9,6,2,3,N,NULL,N,N,2014,2014,2105,N,NULL,52,,,N,,N,N,,NULL,NULL,2022,O,7.27E+11,098-US-0119  -010,MEDIUM,098-US-0119  -000,22.729,0,0,1,0,0,0,1,0,0,0,0,1,0,0
3672,72498012,980000,20-03-006,20200327,1902,,US119,,,US0119,US0119,0,098 US-119,US0119,Y,N,NULL,NULL,NULL,N,NULL,NULL,NULL,NULL,NULL,NULL,24.829,NULL,NULL,NULL,NULL,,NULL,0,0,2,2,N,N,55,NULL,98,9834,NULL,,Y,37.66622,-82.27531,N,NULL,NULL,NULL,NULL,NULL,NULL,NULL,NULL,2,97,1,6,1,1,2,2,1,3,N,NULL,Y,Y,1902,1909,,N,NULL,90,2,1,N,,N,N,098-US-0119-0,NULL,NULL,2020,O,7.25E+11,098-US-0119  -000,HIGH,098-US-0119  -000,24.829,0,0,0,1,0,0,1,0,0,0,0,0,0,0
3673,72837710,980100,2.02E+11,20221204,1732,,CASSIDY,,BLVD,,,,,,Y,N,NULL,NULL,NULL,N,NULL,NULL,NULL,NULL,NULL,NULL,0.368,NULL,NULL,NULL,NULL,,NULL,0,0,2,2,N,N,,NULL,98,9801,NULL,,Y,37.50504,-82.53819,N,NULL,NULL,NULL,NULL,NULL,NULL,NULL,NULL,2,97,,6,1,1,2,6,1,3,N,NULL,Y,N,1732,1736,1801,N,NULL,90,,,N,,N,N,,NULL,NULL,2022,O,7.28E+11,098-CS-1191  -000,MEDIUM,098-CS-1191  -000,0.368,0,0,0,0,0,0,1,0,0,0,0,0,0,1
3674,72730310,KSP0900,22-51239,20220211,1529,,US119,,,US0119,US0119,0,098 US-119-10,US0119,N,N,NULL,NULL,NULL,N,NULL,NULL,NULL,NULL,NULL,NULL,8.01,NULL,NULL,NULL,NULL,,NULL,0,0,2,2,N,N,55,NULL,98,9820,NULL,,Y,37.55853,-82.42344,N,NULL,NULL,NULL,NULL,NULL,NULL,NULL,NULL,8,3,4,6,1,1,2,2,7,3,N,NULL,Y,N,1529,1558,1620,N,NULL,53,2,1,N,,N,N,098-US-0119-10,NULL,NULL,2022,O,7.27E+11,098-US-0119  -010,HIGH,098-US-0119  -000,8.01,0,0,0,0,0,0,0,0,0,0,0,1,0,0
3675,72577791,980100,2.02E+11,20201222,1925,,BYPASS,S,RD,KY1426,KY1426,,,,Y,N,NULL,NULL,NULL,N,NULL,NULL,NULL,NULL,NULL,NULL,5.677,NULL,NULL,NULL,NULL,,NULL,0,0,2,2,N,N,,NULL,98,9801,NULL,,Y,37.47271,-82.52308,N,NULL,NULL,NULL,NULL,NULL,NULL,NULL,NULL,2,97,2,4,2,1,2,5,1,3,N,NULL,Y,N,1926,1932,1932,N,NULL,90,,0,N,,N,N,,NULL,NULL,2020,O,7.26E+11,098-KY-1426  -000,HIGH,098-KY-1426  -000,5.677,0,0,0,1,0,0,1,0,0,0,0,0,0,1
3676,72809813,980100,2.02E+11,20220927,1507,,CASSIDY,,BLVD,,,0,098 CS-1191,CS1191,Y,N,NULL,NULL,NULL,N,NULL,NULL,NULL,NULL,NULL,NULL,0.335,NULL,NULL,NULL,NULL,,NULL,0,0,2,2,N,N,15,NULL,98,9801,NULL,,Y,37.50527,-82.53761,N,NULL,NULL,NULL,NULL,NULL,NULL,NULL,NULL,2,97,2,6,1,1,2,2,1,3,N,NULL,Y,N,1507,1514,1514,N,NULL,90,,,N,,N,N,098-CS-1191-0,NULL,NULL,2022,O,7.28E+11,098-CS-1191  -000,HIGH,098-CS-1191  -000,0.335,0,0,0,0,0,0,1,0,0,0,0,0,0,1
3677,72672839,980100,2.02E+11,20210920,639,,MAYO,S,TRL,US0023,US0023,0,098 US-23-10,US0023,N,N,NULL,NULL,NULL,N,NULL,NULL,NULL,NULL,NULL,NULL,22.938,NULL,NULL,NULL,NULL,,NULL,0,0,2,2,N,N,55,NULL,98,9801,NULL,,Y,37.46539,-82.52599,N,NULL,NULL,NULL,NULL,NULL,NULL,NULL,NULL,4,3,4,6,1,1,2,5,1,3,N,NULL,Y,N,639,642,642,N,NULL,70,,1,N,,N,N,098-US-0023-10,NULL,NULL,2021,O,7.27E+11,098-US-0023  -010,HIGH,098-US-0023  -000,22.938,0,0,0,0,0,0,1,1,0,0,0,0,0,1
3678,72626643,980000,21-05-006,20210520,1350,,WALKER MCCOY ROAD,,,,,,,,N,N,NULL,NULL,NULL,N,NULL,NULL,NULL,NULL,NULL,NULL,,NULL,NULL,NULL,NULL,NULL,NULL,0,0,2,2,Y,N,15,NULL,98,9812,4,N,N,37.66163,-82.2726,N,NULL,NULL,NULL,NULL,NULL,NULL,NULL,NULL,5,7,2,6,1,1,2,2,1,3,N,NULL,N,Y,1355,1400,1420,N,NULL,47,,,N,,N,N,,NULL,NULL,2021,O,7.26E+11,098-PR-1055  -000,MEDIUM,098-PR-1055  -000,0.115,0,0,0,0,0,0,0,0,0,0,0,0,0,0