OBJECTID,MasterFile,AgencyORINumber,LocalCode,CollisionDate,CollisionTime,CollisionDayWeekCode,RoadwayName,RoadwayName_Direction_,RoadwayName_RoadwaySuffix_,RoadwayfromReport,CurrentRoadwayNumber,RoadwayNumberCoupletID,RSEUniqueGIS,RoadwayIdentifier,ParkingLotIndicator,IntersectionWith_Indicator_,IntersectionWith_NameRoadway_,IntersectionWith_Direction_,IntersectionWith_RoadwaySuffix_,BetweenStreets_Indicator_,BetweenStreets1_NameRoadway_,BetweenStreet1_Direction_,BetweenStreets1_RoadwaySuffix_,BetweenStreets2_NameRoadway_,BetweenStreets2_Direction_,BetweenStreets2_RoadwaySuffix_,Milepoint,ReportMilepointDeriveNumber,CurrentDerivedMiepointNumber,MilestoMilepoint,FeettoMilepoint,DirectionfromMilepoint_NSEW_,ValidMilepointIndicator,NumberInjured,NumberKilled,ofUnits,ofMotorVehicleUnits,Hit&RunIndicator,OneWayIndicator,SpeedLimitNumber,KilometersIndicator,CountyCode,CityCountyCode,MilesFromCity,DirectionFromCity_NSEW_,InCityLimitsIndicator,Latitude,Longitude,RampIndicator,RampFromIdentifier,RampFromDirCode,RampFromCoupletID,RSEUniqueGISRampFrom,RampToidentifier,RampToDirCode,RampToCoupletID,RSEUniqueGisRampTo,MannerofCollisionCode,LocationFirstEventCode,TotalLanes,RoadwayCharacterCode,RoadwaySurfaceCode,RoadwayConditionCode,WeatherCode,LightConditionCode,LandUseCode,SchoolBusRelatedCode,FirstAidSceneIndicator,CollDescPresentInd,InvestigationCompleteIndicator,PhotosTakenIndicator,TimeNotified,TimeArrived,TimeRoadwayOpened,PropertyDamageIndicator,DiagramPresentIndicator,DirectionalAnalysis,FunctionClassCode,NationalHwySysCode,EnforcementsIndicator,KARSCityCode,SecondaryCollisionIndicator,MedianCrossoverIndicator,RT_UNIQUE,MapIt,TimeLastLeft,YR,KABCO,MFNY,WorkingRID,RT_CONFIDENCE,KTC_RT,KTC_MP,Motorcyclist,Commercial Vehicle,Young Driver,Mature Driver,Pedestrian,Bicyclist,Distracted,Aggressive,Impaired,Unrestrained,Intersection,Roadway Departure,Median Cross-over,City Crash
3679,72832732,980100,2.02E+11,20221111,713,,US23,,,US0023,US0023,0,098 US-23,US0023,N,N,NULL,NULL,NULL,N,NULL,NULL,NULL,NULL,NULL,NULL,23.057,NULL,NULL,NULL,NULL,,NULL,1,0,3,3,N,N,55,NULL,98,9801,NULL,,Y,37.46586,-82.52803,N,NULL,NULL,NULL,NULL,NULL,NULL,NULL,NULL,1,3,4,6,1,5,6,2,7,3,Y,NULL,Y,Y,714,719,1031,Y,NULL,55,,1,N,,N,N,098-US-0023-0,NULL,NULL,2022,A,7.28E+11,098-US-0023  -000,HIGH,098-US-0023  -000,23.057,0,1,0,0,0,0,1,0,0,0,0,1,0,1
3680,72694121,980000,21-10-005,20211025,1700,,KY632,,,KY0632,KY0632,0,098 KY-632,KY0632,N,N,NULL,NULL,NULL,N,NULL,NULL,NULL,NULL,NULL,NULL,0.705,NULL,NULL,NULL,NULL,,NULL,1,0,1,1,N,N,55,NULL,98,9817,NULL,,Y,37.49578,-82.33841,N,NULL,NULL,NULL,NULL,NULL,NULL,NULL,NULL,9,4,2,3,1,5,6,2,7,3,Y,NULL,Y,Y,1700,1725,1750,N,NULL,44,6,0,N,,N,N,098-KY-0632-0,NULL,NULL,2021,C,7.27E+11,098-KY-0632  -000,HIGH,098-KY-0632  -000,0.705,0,0,0,1,0,0,0,0,0,0,0,1,0,0
3681,72770983,980100,2.02E+11,20220609,1616,,BAIRD,,AVE,KY1426,KY1426,,,,N,N,NULL,NULL,NULL,N,NULL,NULL,NULL,NULL,NULL,NULL,5.394,NULL,NULL,NULL,NULL,,NULL,0,0,2,2,N,N,25,NULL,98,9801,NULL,,Y,37.47328,-82.52709,N,NULL,NULL,NULL,NULL,NULL,NULL,NULL,NULL,1,3,2,6,1,1,2,2,6,3,N,NULL,Y,N,1616,1620,1642,N,NULL,55,,0,N,,N,N,,NULL,NULL,2022,O,7.28E+11,098-KY-1426  -000,HIGH,098-KY-1426  -000,5.394,0,0,0,1,0,0,1,0,0,0,0,0,0,1
3682,72838196,980100,2.02E+11,20221202,1419,,N MAYO,,TRL,,,0,098 CR-1484-30,CR1484,Y,N,NULL,NULL,NULL,N,NULL,NULL,NULL,NULL,NULL,NULL,,NULL,NULL,NULL,NULL,NULL,NULL,0,0,2,2,N,N,,NULL,98,9801,NULL,,Y,37.49588,-82.53115,N,NULL,NULL,NULL,NULL,NULL,NULL,NULL,NULL,2,97,1,6,1,1,3,2,1,3,N,NULL,Y,N,1419,1425,1425,N,NULL,90,,,N,,N,N,098-CR-1484-30,NULL,NULL,2022,O,7.28E+11,098-CR-1484  -030,HIGH,098-CR-1484  -030,0.006,0,0,0,1,0,0,1,0,0,0,0,0,0,1
3683,72829632,980100,2.02E+11,20221111,2153,,KY3495,,,KY3495,KY3495,0,098 KY-3495,KY3495,Y,N,NULL,NULL,NULL,N,NULL,NULL,NULL,NULL,NULL,NULL,0.012,NULL,NULL,NULL,NULL,,NULL,0,0,2,2,N,N,,NULL,98,9801,NULL,,Y,37.48654,-82.54277,N,NULL,NULL,NULL,NULL,NULL,NULL,NULL,NULL,5,97,2,6,1,5,3,6,8,3,N,NULL,Y,N,2154,2127,2209,N,NULL,90,17,0,N,,N,N,098-KY-3495-0,NULL,NULL,2022,O,7.28E+11,098-KY-3495  -000,HIGH,098-KY-3495  -000,0.012,0,0,1,0,0,0,1,0,0,0,0,0,0,1
3684,72504299,KSP0900,20-19568,20200524,2200,,US119,,,US0119,US0119,0,098 US-119,US0119,Y,N,NULL,NULL,NULL,N,NULL,NULL,NULL,NULL,NULL,NULL,24.801,NULL,NULL,NULL,NULL,,NULL,0,0,2,2,N,N,15,NULL,98,9834,NULL,,Y,37.66601,-82.27483,N,NULL,NULL,NULL,NULL,NULL,NULL,NULL,NULL,5,97,1,6,1,5,3,6,5,3,N,NULL,Y,N,2200,2208,2231,N,NULL,90,2,1,N,,N,N,098-US-0119-0,NULL,NULL,2020,O,7.25E+11,098-US-0119  -000,HIGH,098-US-0119  -000,24.801,0,0,0,0,0,0,1,0,0,0,0,0,0,0
3685,72678996,KSP0900,21-401009,20210927,1920,,KY195,,,KY0195,KY0195,0,098 KY-195,KY0195,N,N,NULL,NULL,NULL,N,NULL,NULL,NULL,NULL,NULL,NULL,4.624,NULL,NULL,NULL,NULL,,NULL,0,1,1,1,N,N,35,NULL,98,9818,NULL,,Y,37.31009,-82.47809,N,NULL,NULL,NULL,NULL,NULL,NULL,NULL,NULL,9,4,2,3,1,1,2,2,7,3,N,NULL,Y,N,1921,1934,2030,N,NULL,40,8,0,N,,N,N,098-KY-0195-0,NULL,NULL,2021,K,7.27E+11,098-KY-0195  -000,HIGH,098-KY-0195  -000,4.624,1,0,0,0,0,0,0,1,0,0,0,1,0,0
3686,72713286,980100,2.02E+11,20211223,1330,,KY1426,,,KY1426,KY1426,0,098 KY-1426,KY1426,N,N,NULL,NULL,NULL,N,NULL,NULL,NULL,NULL,NULL,NULL,6.92,NULL,NULL,NULL,NULL,,NULL,0,0,2,2,N,N,55,NULL,98,9801,NULL,,Y,37.48628,-82.50907,N,NULL,NULL,NULL,NULL,NULL,NULL,NULL,NULL,5,3,2,6,1,1,2,2,7,3,N,NULL,Y,N,1331,1334,1346,N,NULL,49,,0,N,,N,N,098-KY-1426-0,NULL,NULL,2021,O,7.27E+11,098-KY-1426  -000,HIGH,098-KY-1426  -000,6.92,0,0,0,0,0,0,0,0,0,0,0,0,0,1
3687,72631715,980100,2.02E+11,20210526,1120,,BYPASS,S,RD,KY1426,KY1426,0,098 KY-1426,KY1426,Y,N,NULL,NULL,NULL,N,NULL,NULL,NULL,NULL,NULL,NULL,5.689,NULL,NULL,NULL,NULL,,NULL,0,0,2,2,Y,N,,NULL,98,9801,NULL,,Y,37.47277,-82.52288,N,NULL,NULL,NULL,NULL,NULL,NULL,NULL,NULL,1,97,2,6,1,1,2,2,1,3,N,NULL,Y,N,1121,1133,1133,N,NULL,90,,0,N,,N,N,098-KY-1426-0,NULL,NULL,2021,O,7.26E+11,098-KY-1426  -000,HIGH,098-KY-1426  -000,5.689,0,0,0,0,0,0,0,0,0,0,0,0,0,1
3688,72592387,980100,2.02E+11,20210208,1342,,CASSIDY,,BLVD,,,,,,N,N,NULL,NULL,NULL,N,NULL,NULL,NULL,NULL,NULL,NULL,0.392,NULL,NULL,NULL,NULL,,NULL,0,0,2,2,N,N,25,NULL,98,9801,NULL,,Y,37.50478,-82.53847,N,NULL,NULL,NULL,NULL,NULL,NULL,NULL,NULL,1,3,2,6,1,1,2,2,1,3,N,NULL,Y,N,1342,1345,,N,NULL,55,,,N,,N,N,,NULL,NULL,2021,O,7.26E+11,098-CS-1191  -000,MEDIUM,098-CS-1191  -000,0.392,0,0,0,1,0,0,1,0,0,0,0,0,0,1
3689,72741826,980500,2022AR015,20220318,1118,,MAYO TRAIL,S,,,,,,,N,N,NULL,NULL,NULL,N,NULL,NULL,NULL,NULL,NULL,NULL,,NULL,NULL,NULL,NULL,NULL,NULL,0,0,2,2,N,N,45,NULL,98,9807,NULL,,Y,37.51171,-82.55212,N,NULL,NULL,NULL,NULL,NULL,NULL,NULL,NULL,5,3,6,6,1,1,2,2,7,3,N,NULL,Y,Y,1120,1122,1124,N,NULL,49,,,N,,N,N,,NULL,NULL,2022,O,7.27E+11,098-US-0023  -010,MEDIUM,098-US-0023  -000,27.567,0,0,0,1,0,0,0,0,0,0,0,0,0,0
3690,72478687,980100,2.02E+11,20200218,1232,,HAMBLEY,,BLVD,,,,,,N,Y,KY1426,,,N,NULL,NULL,NULL,NULL,NULL,NULL,,NULL,NULL,NULL,NULL,,NULL,0,0,2,2,N,N,35,NULL,98,9801,NULL,,Y,37.47402,-82.5273,N,NULL,NULL,NULL,NULL,NULL,NULL,NULL,NULL,4,3,4,6,1,5,6,2,7,3,N,NULL,N,N,1232,1237,,N,NULL,16,,,Y,,N,N,,NULL,NULL,2020,O,7.25E+11,098-CS-1222  -000,MEDIUM,098-CS-1222  -000,0,0,0,0,0,0,0,1,1,0,0,1,0,0,1
3691,72521115,980100,2.02E+11,20200713,1656,,HIBBARD,,ST,,,,,,N,N,NULL,NULL,NULL,N,NULL,NULL,NULL,NULL,NULL,NULL,,NULL,NULL,NULL,NULL,NULL,NULL,0,0,2,2,N,N,15,NULL,98,9801,NULL,,Y,37.47308,-82.52643,N,NULL,NULL,NULL,NULL,NULL,NULL,NULL,NULL,5,97,1,6,1,1,2,2,1,3,N,NULL,Y,N,1656,1706,1706,N,NULL,70,,,N,,N,N,,NULL,NULL,2020,O,7.25E+11,098-CS-1053  -000,MEDIUM,098-CS-1053  -000,0.016,0,0,1,1,0,0,1,0,0,0,0,0,0,1
3692,72587992,KSP0900,21-22364,20210117,1622,,ISLAND CREEK,,RD,KY1426,KY1426,0,098 KY-1426,KY1426,N,N,NULL,NULL,NULL,N,NULL,NULL,NULL,NULL,NULL,NULL,1.81,NULL,NULL,NULL,NULL,,NULL,2,0,1,1,N,N,55,NULL,98,9801,NULL,,Y,37.46067,-82.56274,N,NULL,NULL,NULL,NULL,NULL,NULL,NULL,NULL,9,3,1,3,1,1,2,2,7,3,Y,NULL,Y,Y,1626,1649,,N,NULL,44,8,0,N,,N,N,098-KY-1426-0,NULL,NULL,2021,C,7.26E+11,098-KY-1426  -000,HIGH,098-KY-1426  -000,1.81,0,0,0,0,0,0,0,0,0,0,0,1,0,0
3693,72732152,980100,2.02E+11,20220216,949,,BYPASS,,RD,,,0,098 CS-1223,CS1223,Y,N,NULL,NULL,NULL,N,NULL,NULL,NULL,NULL,NULL,NULL,,NULL,NULL,NULL,NULL,NULL,NULL,0,0,2,2,N,N,,NULL,98,9801,NULL,,Y,37.47128,-82.52117,N,NULL,NULL,NULL,NULL,NULL,NULL,NULL,NULL,2,97,1,6,2,1,2,2,1,3,N,NULL,Y,N,949,951,951,N,NULL,90,,,N,,N,N,098-CS-1223-0,NULL,NULL,2022,O,7.27E+11,098-CS-1223  -000,HIGH,098-CS-1223  -000,0.136,0,0,0,1,0,0,1,0,0,0,0,0,0,1
3694,72747684,980000,22-03-003,20220314,755,,WINNERS CIRCLE DRIVE,,,,,,,,Y,N,NULL,NULL,NULL,N,NULL,NULL,NULL,NULL,NULL,NULL,,NULL,NULL,NULL,NULL,NULL,NULL,0,0,2,2,N,N,,NULL,98,9801,1,NE,N,37.51308,-82.49868,N,NULL,NULL,NULL,NULL,NULL,NULL,NULL,NULL,8,97,,6,1,1,2,2,8,3,N,NULL,Y,N,1050,1050,,N,NULL,90,,,N,,N,N,,NULL,NULL,2022,O,7.27E+11,098-US-0119  -010,MEDIUM,098-US-0119  -000,2.041,0,0,1,0,0,0,0,0,0,0,0,0,0,1
3695,72819995,980100,2.02E+11,20221019,909,,CEDAR HILLS,,RD,KY1426,KY1426,0,098 KY-1426,KY1426,N,N,NULL,NULL,NULL,N,NULL,NULL,NULL,NULL,NULL,NULL,4.638,NULL,NULL,NULL,NULL,,NULL,0,0,2,2,N,N,35,NULL,98,9801,NULL,,Y,37.46205,-82.52663,N,NULL,NULL,NULL,NULL,NULL,NULL,NULL,NULL,1,3,2,3,1,1,2,2,7,3,N,NULL,Y,N,909,909,935,N,NULL,55,,0,Y,,N,N,098-KY-1426-0,NULL,NULL,2022,O,7.28E+11,098-KY-1426  -000,HIGH,098-KY-1426  -000,4.638,0,0,0,0,0,0,1,0,1,0,0,1,0,1
3696,72655798,KSP0900,21-00325774,20210806,1038,,LEGION,,RD,,,0,098 CR-1267H,CR1267H,N,N,NULL,NULL,NULL,N,NULL,NULL,NULL,NULL,NULL,NULL,0.498,NULL,NULL,NULL,NULL,,NULL,0,0,2,2,N,N,15,NULL,98,9824,NULL,,Y,37.41709,-82.49393,N,NULL,NULL,NULL,NULL,NULL,NULL,NULL,NULL,2,97,1,2,1,1,2,2,7,3,N,NULL,Y,N,1038,1058,1038,N,NULL,56,,,N,,N,N,098-CR-1267H-0,NULL,NULL,2021,O,7.27E+11,098-CR-1267H -000,HIGH,098-CR-1267H -000,0.498,0,0,0,0,0,0,1,0,0,0,0,0,0,0
3697,72565040,980100,2.02E+11,20201114,1600,,CASSIDY,,BLVD,,,0,098 CS-1191,CS1191,Y,N,NULL,NULL,NULL,N,NULL,NULL,NULL,NULL,NULL,NULL,0.385,NULL,NULL,NULL,NULL,,NULL,0,0,2,2,N,Y,15,NULL,98,9801,NULL,,Y,37.50486,-82.53841,N,NULL,NULL,NULL,NULL,NULL,NULL,NULL,NULL,2,97,1,6,1,1,2,2,1,3,N,NULL,Y,N,1600,1604,1621,N,NULL,90,,,N,,N,N,098-CS-1191-0,NULL,NULL,2020,O,7.26E+11,098-CS-1191  -000,HIGH,098-CS-1191  -000,0.385,0,0,0,0,0,0,1,0,0,0,0,0,0,1
3698,72533724,KSP0900,20-658801,20200820,1633,,KY632,,,KY0632,KY0632,0,098 KY-632,KY0632,N,N,NULL,NULL,NULL,N,NULL,NULL,NULL,NULL,NULL,NULL,0.325,NULL,NULL,NULL,NULL,,NULL,0,0,1,1,N,N,55,NULL,98,9817,NULL,,Y,37.49858,-82.34396,N,NULL,NULL,NULL,NULL,NULL,NULL,NULL,NULL,9,3,2,3,1,5,6,2,7,3,N,NULL,Y,Y,1635,1653,1653,N,NULL,70,6,0,N,,N,Y,098-KY-0632-0,NULL,NULL,2020,O,7.25E+11,098-KY-0632  -000,HIGH,098-KY-0632  -000,0.325,0,0,1,0,0,0,0,1,0,0,0,1,0,0
3699,72712055,980100,2.02E+11,20211220,1350,,METHODIST CHURCH PARKING LOT,,,,,,,,Y,N,NULL,NULL,NULL,N,NULL,NULL,NULL,NULL,NULL,NULL,,NULL,NULL,NULL,NULL,NULL,NULL,0,0,1,1,N,N,15,NULL,98,9801,NULL,,Y,37.47814,-82.51891,N,NULL,NULL,NULL,NULL,NULL,NULL,NULL,NULL,9,97,1,6,1,1,2,2,1,3,N,NULL,Y,Y,1350,1350,1350,Y,NULL,90,,,N,,N,N,,NULL,NULL,2021,O,7.27E+11,098-CS-1123  -000,MEDIUM,098-CS-1123  -000,0.133,0,0,0,0,0,0,0,0,0,0,0,1,0,1
3700,72659576,980100,2.02E+11,20210810,1637,,US23,,,US0023,US0023,0,098 US-23,US0023,N,N,NULL,NULL,NULL,N,NULL,NULL,NULL,NULL,NULL,NULL,25.721,NULL,NULL,NULL,NULL,,NULL,0,0,2,2,N,N,55,NULL,98,9801,NULL,,Y,37.49567,-82.53115,N,NULL,NULL,NULL,NULL,NULL,NULL,NULL,NULL,5,3,4,6,1,1,2,2,1,3,N,NULL,Y,N,1657,1705,,N,NULL,49,,1,N,,N,N,098-US-0023-0,NULL,NULL,2021,O,7.27E+11,098-US-0023  -000,HIGH,098-US-0023  -000,25.721,0,0,0,0,0,0,1,0,0,0,0,0,0,1
3701,72639034,KSP0900,21-217003,20210527,2243,,KY1056,,,KY1056,KY1056,,,,N,N,NULL,NULL,NULL,N,NULL,NULL,NULL,NULL,NULL,NULL,10.686,NULL,NULL,NULL,NULL,,NULL,1,0,2,2,N,N,35,NULL,98,9863,NULL,,Y,37.6095,-82.16988,N,NULL,NULL,NULL,NULL,NULL,NULL,NULL,NULL,8,3,2,6,1,1,2,6,7,3,Y,NULL,Y,Y,2258,2314,24,N,NULL,53,7,0,N,,N,N,,NULL,NULL,2021,B,7.26E+11,098-KY-1056  -000,HIGH,098-KY-1056  -000,10.686,0,0,1,0,0,0,0,0,0,0,0,1,0,0
3702,72532150,980100,2.02E+11,20200812,1808,,NORTHGATE,,DR,,,,,,Y,N,NULL,NULL,NULL,N,NULL,NULL,NULL,NULL,NULL,NULL,0.014,NULL,NULL,NULL,NULL,,NULL,0,0,2,2,N,N,,NULL,98,9801,NULL,,Y,37.48637,-82.50925,N,NULL,NULL,NULL,NULL,NULL,NULL,NULL,NULL,5,97,2,6,1,1,2,2,1,3,N,NULL,N,N,1808,1818,1818,N,NULL,90,,,N,,N,N,,NULL,NULL,2020,O,7.25E+11,098-CS-1021  -000,MEDIUM,098-CS-1021  -000,0.014,0,0,0,1,0,0,1,0,0,0,0,0,0,1
3703,72761803,980100,2.02E+11,20220513,1144,,BYPASS,S,RD,KY1426,KY1426,0,098 KY-1426,KY1426,Y,N,NULL,NULL,NULL,N,NULL,NULL,NULL,NULL,NULL,NULL,5.616,NULL,NULL,NULL,NULL,,NULL,0,0,2,2,N,N,55,NULL,98,9801,NULL,,Y,37.47248,-82.52416,N,NULL,NULL,NULL,NULL,NULL,NULL,NULL,NULL,8,97,2,6,1,1,2,2,5,3,N,NULL,N,N,1144,1149,1149,N,NULL,90,,0,N,,N,N,098-KY-1426-0,NULL,NULL,2022,O,7.28E+11,098-KY-1426  -000,HIGH,098-KY-1426  -000,5.616,0,0,0,0,0,0,1,0,0,0,0,1,0,1
3704,72547897,980100,2.02E+11,20200930,1322,,US23,,,US0023,US0023,0,098 US-23,US0023,N,N,NULL,NULL,NULL,N,NULL,NULL,NULL,NULL,NULL,NULL,23.052,NULL,NULL,NULL,NULL,,NULL,2,0,2,2,N,N,55,NULL,98,9801,NULL,,Y,37.46584,-82.52792,N,NULL,NULL,NULL,NULL,NULL,NULL,NULL,NULL,3,3,4,6,1,1,2,2,1,3,Y,NULL,Y,Y,1322,1327,1408,N,NULL,52,,1,N,,N,N,098-US-0023-0,NULL,NULL,2020,B,7.25E+11,098-US-0023  -000,HIGH,098-US-0023  -000,23.052,0,0,0,1,0,0,0,0,0,0,0,1,0,1
3705,72700855,KSP0900,21-479519,20211123,2032,,GREASY,,CRK,KY3226,KY3226,0,098 KY-3226,KY3226,N,N,NULL,NULL,NULL,N,NULL,NULL,NULL,NULL,NULL,NULL,1.641,NULL,NULL,NULL,NULL,,NULL,1,0,1,1,N,N,55,NULL,98,9841,NULL,,Y,37.39997,-82.46849,N,NULL,NULL,NULL,NULL,NULL,NULL,NULL,NULL,9,97,2,3,1,5,2,6,7,3,N,NULL,Y,Y,2034,2043,2034,Y,NULL,44,8,0,N,,N,N,098-KY-3226-0,NULL,NULL,2021,B,7.27E+11,098-KY-3226  -000,HIGH,098-KY-3226  -000,1.641,0,0,0,0,0,0,0,0,0,1,0,1,0,0
3706,72480998,980100,2.02E+11,20200226,1900,,CHLOE,,RD,KY1460,KY1460,,,,N,N,NULL,NULL,NULL,N,NULL,NULL,NULL,NULL,NULL,NULL,4.908,NULL,NULL,NULL,NULL,,NULL,0,0,2,2,Y,N,45,NULL,98,9801,NULL,,Y,37.47773,-82.5133,N,NULL,NULL,NULL,NULL,NULL,NULL,NULL,NULL,7,3,,,1,5,6,7,1,3,N,NULL,Y,N,1900,1900,1900,N,NULL,54,,0,N,,N,N,,NULL,NULL,2020,O,7.25E+11,098-KY-1460  -000,HIGH,098-KY-1460  -000,4.908,0,0,0,0,0,0,0,0,0,0,0,1,0,1
3707,72796456,980100,2.02E+11,20220807,1531,,BILLUPS,,DR,,,0,098 CS-1221,CS1221,N,N,NULL,NULL,NULL,N,NULL,NULL,NULL,NULL,NULL,NULL,0.21,NULL,NULL,NULL,NULL,,NULL,0,0,1,1,N,N,15,NULL,98,9801,NULL,,Y,37.50854,-82.55224,N,NULL,NULL,NULL,NULL,NULL,NULL,NULL,NULL,9,3,2,6,1,1,2,2,1,3,N,NULL,Y,N,1533,1544,,N,NULL,44,,,N,,N,N,098-CS-1221-0,NULL,NULL,2022,O,7.28E+11,098-CS-1221  -000,HIGH,098-CS-1221  -000,0.21,0,0,0,1,0,0,0,0,0,0,0,1,0,1
3708,72632802,980100,2.02E+11,20210605,1418,,CASSIDY,,BLVD,,,0,098 CS-1191,CS1191,Y,N,NULL,NULL,NULL,N,NULL,NULL,NULL,NULL,NULL,NULL,0.227,NULL,NULL,NULL,NULL,,NULL,0,0,2,2,N,N,15,NULL,98,9801,NULL,,Y,37.50425,-82.53562,N,NULL,NULL,NULL,NULL,NULL,NULL,NULL,NULL,2,97,1,6,1,1,2,2,1,3,N,NULL,Y,N,1418,1422,1422,N,NULL,90,,,Y,,N,N,098-CS-1191-0,NULL,NULL,2021,O,7.26E+11,098-CS-1191  -000,HIGH,098-CS-1191  -000,0.227,0,0,0,0,0,0,1,0,0,0,0,0,0,1
3709,72800546,980100,2.02E+11,20220818,1539,,US23,,,US0023,US0023,0,098 US-23-10,US0023,N,N,NULL,NULL,NULL,N,NULL,NULL,NULL,NULL,NULL,NULL,25.057,NULL,NULL,NULL,NULL,,NULL,0,0,2,2,N,N,55,NULL,98,9801,NULL,,Y,37.48894,-82.5397,N,NULL,NULL,NULL,NULL,NULL,NULL,NULL,NULL,8,3,4,6,1,1,2,2,7,3,N,NULL,Y,N,1539,1539,1609,N,NULL,53,,1,N,,N,N,098-US-0023-10,NULL,NULL,2022,O,7.28E+11,098-US-0023  -010,HIGH,098-US-0023  -000,25.057,0,0,1,0,0,0,1,1,0,0,0,1,0,1
3710,72650290,KSP0900,21-300371,20210720,1348,,KY1056,,,KY1056,KY1056,0,098 KY-1056,KY1056,Y,N,NULL,NULL,NULL,N,NULL,NULL,NULL,NULL,NULL,NULL,11.468,NULL,NULL,NULL,NULL,,NULL,0,0,2,2,N,N,35,NULL,98,9863,NULL,,Y,37.61943,-82.16666,N,NULL,NULL,NULL,NULL,NULL,NULL,NULL,NULL,1,97,2,6,1,1,2,2,1,3,N,NULL,Y,N,1348,1420,1348,N,NULL,90,7,0,N,,N,N,098-KY-1056-0,NULL,NULL,2021,O,7.27E+11,098-KY-1056  -000,HIGH,098-KY-1056  -000,11.468,0,0,0,0,0,0,1,0,0,0,0,0,0,0
3711,72514628,980100,2.02E+11,20200621,1608,,CASSIDY,,BLVD,,,0,098 CS-1191,CS1191,Y,N,NULL,NULL,NULL,N,NULL,NULL,NULL,NULL,NULL,NULL,0.056,NULL,NULL,NULL,NULL,,NULL,0,0,2,2,N,N,15,NULL,98,9801,NULL,,Y,37.50367,-82.53307,N,NULL,NULL,NULL,NULL,NULL,NULL,NULL,NULL,2,97,1,6,1,1,2,2,1,3,N,NULL,Y,N,1608,1614,,N,NULL,90,,,N,,N,N,098-CS-1191-0,NULL,NULL,2020,O,7.25E+11,098-CS-1191  -000,HIGH,098-CS-1191  -000,0.056,0,0,0,1,0,0,1,0,0,0,0,0,0,1
3712,72754924,980100,2.02E+11,20220422,1429,,BAIRD,,AVE,KY1426,KY1426,0,098 KY-1426,KY1426,Y,N,NULL,NULL,NULL,N,NULL,NULL,NULL,NULL,NULL,NULL,5.385,NULL,NULL,NULL,NULL,,NULL,0,0,2,2,N,N,15,NULL,98,9801,NULL,,Y,37.47337,-82.52734,N,NULL,NULL,NULL,NULL,NULL,NULL,NULL,NULL,8,97,2,6,1,1,2,2,1,3,N,NULL,Y,N,1429,1444,1444,N,NULL,90,,0,N,,N,N,098-KY-1426-0,NULL,NULL,2022,O,7.28E+11,098-KY-1426  -000,HIGH,098-KY-1426  -000,5.385,0,0,1,0,0,0,1,0,0,0,0,0,0,1
3713,72670831,980200,980200,20210825,1400,,REGINA-BELCHER,,HWY,US0460,US0460,0,098 US-460,US0460,N,N,NULL,NULL,NULL,N,NULL,NULL,NULL,NULL,NULL,NULL,13.767,NULL,NULL,NULL,NULL,,NULL,0,0,3,3,N,N,55,NULL,98,9805,6,W,N,37.33759,-82.38252,N,NULL,NULL,NULL,NULL,NULL,NULL,NULL,NULL,5,3,2,6,1,1,2,2,7,3,Y,NULL,Y,Y,1400,1415,1545,N,NULL,70,,1,N,,Y,N,098-US-0460-0,NULL,NULL,2021,O,7.27E+11,098-US-0460  -000,HIGH,098-US-0460  -000,13.767,0,0,0,0,0,0,0,0,1,1,0,0,0,0
3714,72546084,KSP0900,20-682554,20200904,1740,,US119,,,US0119,US0119,0,098 US-119,US0119,N,N,NULL,NULL,NULL,N,NULL,NULL,NULL,NULL,NULL,NULL,0.49,NULL,NULL,NULL,NULL,,NULL,0,0,2,2,Y,N,55,NULL,98,9801,NULL,,Y,37.50861,-82.52576,N,NULL,NULL,NULL,NULL,NULL,NULL,NULL,NULL,2,97,2,6,1,5,2,2,7,3,N,NULL,Y,N,1740,1744,,N,NULL,47,2,1,N,,N,N,098-US-0119-0,NULL,NULL,2020,O,7.25E+11,098-US-0119  -000,HIGH,098-US-0119  -000,0.49,0,0,0,0,0,0,0,0,0,0,0,0,0,1
3715,72574870,KSP0900,20-828002,20201214,1054,,ASHCAMP,,RD,KY0195,KY0195,0,098 KY-195,KY0195,N,N,NULL,NULL,NULL,N,NULL,NULL,NULL,NULL,NULL,NULL,2.479,NULL,NULL,NULL,NULL,,NULL,2,0,1,1,N,N,55,NULL,98,9802,4,E,N,37.29015,-82.45805,N,NULL,NULL,NULL,NULL,NULL,NULL,NULL,NULL,9,5,2,1,1,5,6,2,7,3,Y,NULL,Y,Y,1054,1111,1230,N,NULL,44,8,0,N,,N,N,098-KY-0195-0,NULL,NULL,2020,B,7.26E+11,098-KY-0195  -000,HIGH,098-KY-0195  -000,2.479,0,0,0,0,0,0,0,1,0,0,0,1,0,0
3716,72426322,KSP0900,19-42019,20191025,1844,,FERRELLS CREEK,,RD,US0460,US0460,0,098 US-460,US0460,N,N,NULL,NULL,NULL,N,NULL,NULL,NULL,NULL,NULL,NULL,15.456,NULL,NULL,NULL,NULL,,NULL,0,0,2,2,N,N,55,NULL,98,9801,NULL,,Y,37.34763,-82.35661,N,NULL,NULL,NULL,NULL,NULL,NULL,NULL,NULL,1,3,2,6,1,5,6,3,7,3,N,NULL,N,N,1804,1820,,N,NULL,55,,1,N,,N,N,098-US-0460-0,NULL,NULL,2019,O,7.24E+11,098-US-0460  -000,HIGH,098-US-0460  -000,15.456,0,0,0,0,0,0,1,0,0,0,0,0,0,0