OBJECTID,MasterFile,AgencyORINumber,LocalCode,CollisionDate,CollisionTime,CollisionDayWeekCode,RoadwayName,RoadwayName_Direction_,RoadwayName_RoadwaySuffix_,RoadwayfromReport,CurrentRoadwayNumber,RoadwayNumberCoupletID,RSEUniqueGIS,RoadwayIdentifier,ParkingLotIndicator,IntersectionWith_Indicator_,IntersectionWith_NameRoadway_,IntersectionWith_Direction_,IntersectionWith_RoadwaySuffix_,BetweenStreets_Indicator_,BetweenStreets1_NameRoadway_,BetweenStreet1_Direction_,BetweenStreets1_RoadwaySuffix_,BetweenStreets2_NameRoadway_,BetweenStreets2_Direction_,BetweenStreets2_RoadwaySuffix_,Milepoint,ReportMilepointDeriveNumber,CurrentDerivedMiepointNumber,MilestoMilepoint,FeettoMilepoint,DirectionfromMilepoint_NSEW_,ValidMilepointIndicator,NumberInjured,NumberKilled,ofUnits,ofMotorVehicleUnits,Hit&RunIndicator,OneWayIndicator,SpeedLimitNumber,KilometersIndicator,CountyCode,CityCountyCode,MilesFromCity,DirectionFromCity_NSEW_,InCityLimitsIndicator,Latitude,Longitude,RampIndicator,RampFromIdentifier,RampFromDirCode,RampFromCoupletID,RSEUniqueGISRampFrom,RampToidentifier,RampToDirCode,RampToCoupletID,RSEUniqueGisRampTo,MannerofCollisionCode,LocationFirstEventCode,TotalLanes,RoadwayCharacterCode,RoadwaySurfaceCode,RoadwayConditionCode,WeatherCode,LightConditionCode,LandUseCode,SchoolBusRelatedCode,FirstAidSceneIndicator,CollDescPresentInd,InvestigationCompleteIndicator,PhotosTakenIndicator,TimeNotified,TimeArrived,TimeRoadwayOpened,PropertyDamageIndicator,DiagramPresentIndicator,DirectionalAnalysis,FunctionClassCode,NationalHwySysCode,EnforcementsIndicator,KARSCityCode,SecondaryCollisionIndicator,MedianCrossoverIndicator,RT_UNIQUE,MapIt,TimeLastLeft,YR,KABCO,MFNY,WorkingRID,RT_CONFIDENCE,KTC_RT,KTC_MP,Motorcyclist,Commercial Vehicle,Young Driver,Mature Driver,Pedestrian,Bicyclist,Distracted,Aggressive,Impaired,Unrestrained,Intersection,Roadway Departure,Median Cross-over,City Crash
3717,72740480,980100,2.02E+11,20220313,2056,,CEDAR HILLS,,RD,KY1426,KY1426,0,098 KY-1426,KY1426,N,N,NULL,NULL,NULL,N,NULL,NULL,NULL,NULL,NULL,NULL,4.776,NULL,NULL,NULL,NULL,,NULL,0,0,2,1,N,N,35,NULL,98,9801,NULL,,Y,37.46365,-82.52574,N,NULL,NULL,NULL,NULL,NULL,NULL,NULL,NULL,9,97,2,6,3,8,2,5,7,3,N,NULL,Y,N,2056,2057,2250,N,NULL,91,,0,Y,,N,N,098-KY-1426-0,NULL,NULL,2022,O,7.27E+11,098-KY-1426  -000,HIGH,098-KY-1426  -000,4.776,0,0,0,0,0,0,0,0,1,0,0,0,0,1
3718,72494378,KSP0900,20-13846,20200414,1614,,TOLER,,RD,KY0319,KY0319,,,,N,N,NULL,NULL,NULL,N,NULL,NULL,NULL,NULL,NULL,NULL,4.819,NULL,NULL,NULL,NULL,,NULL,0,0,2,2,N,N,45,NULL,98,9842,NULL,,Y,37.61705,-82.24232,N,NULL,NULL,NULL,NULL,NULL,NULL,NULL,NULL,7,3,2,1,1,1,2,2,7,2,N,NULL,N,N,1614,1617,1617,N,NULL,54,7,0,N,,N,N,,NULL,NULL,2020,O,7.25E+11,098-KY-0319  -000,MEDIUM,098-KY-0319  -000,4.819,0,0,1,0,0,0,0,0,0,0,0,1,0,0
3719,72481436,980100,2.02E+11,20200227,1614,,THOMPSON,,RD,,,0,098 CS-1215,CS1215,N,N,NULL,NULL,NULL,N,NULL,NULL,NULL,NULL,NULL,NULL,0.502,NULL,NULL,NULL,NULL,,NULL,0,0,2,2,N,N,35,NULL,98,9801,NULL,,Y,37.50612,-82.54359,N,NULL,NULL,NULL,NULL,NULL,NULL,NULL,NULL,8,3,3,6,1,1,2,2,1,3,N,NULL,Y,N,1614,1625,1637,N,NULL,53,,,N,,N,N,098-CS-1215-0,NULL,NULL,2020,O,7.25E+11,098-CS-1215  -000,HIGH,098-CS-1215  -000,0.502,0,0,0,1,0,0,1,0,0,0,0,1,0,1
3720,72691350,KSP0900,21-443606,20211028,1320,,TOLER,,RD,KY0319,KY0319,0,098 KY-319,KY0319,N,N,NULL,NULL,NULL,N,NULL,NULL,NULL,NULL,NULL,NULL,1.144,NULL,NULL,NULL,NULL,,NULL,0,0,1,1,N,N,55,NULL,98,9842,NULL,,Y,37.58643,-82.1973,N,NULL,NULL,NULL,NULL,NULL,NULL,NULL,NULL,9,3,2,1,1,5,6,2,7,3,N,NULL,N,N,1520,1540,1550,N,NULL,44,7,0,N,,N,N,098-KY-0319-0,NULL,NULL,2021,O,7.27E+11,098-KY-0319  -000,HIGH,098-KY-0319  -000,1.144,0,0,1,0,0,0,0,0,0,0,0,1,0,0
3721,72755095,KSP0900,22-149811,20220424,1652,,ELKHORN,,CRK,KY0197,KY0197,,,,N,N,NULL,NULL,NULL,N,NULL,NULL,NULL,NULL,NULL,NULL,11.615,NULL,NULL,NULL,NULL,,NULL,1,0,1,1,N,N,45,NULL,98,9802,NULL,,Y,37.27039,-82.40911,N,NULL,NULL,NULL,NULL,NULL,NULL,NULL,NULL,9,3,2,3,1,1,2,2,6,3,Y,NULL,Y,Y,1652,1706,1706,N,NULL,44,7,0,N,,N,N,,NULL,NULL,2022,C,7.28E+11,098-KY-0197  -000,HIGH,098-KY-0197  -000,11.615,0,0,0,1,0,0,0,0,0,1,0,1,0,0
3722,72748212,KSP0900,22-125189,20220407,600,,KY194,,,KY0194,KY0194,0,098 KY-194,KY0194,N,N,NULL,NULL,NULL,N,NULL,NULL,NULL,NULL,NULL,NULL,7.118,NULL,NULL,NULL,NULL,,NULL,0,0,1,1,N,N,55,NULL,98,9801,6,NE,N,37.61675,-82.54793,N,NULL,NULL,NULL,NULL,NULL,NULL,NULL,NULL,9,5,2,6,1,5,3,6,6,3,N,NULL,Y,N,600,718,815,N,NULL,44,7,0,N,,N,N,098-KY-0194-0,NULL,NULL,2022,O,7.27E+11,098-KY-0194  -000,HIGH,098-KY-0194  -000,7.118,0,0,0,0,0,0,0,0,0,0,0,1,0,0
3723,72569933,980100,2.02E+11,20201121,1627,,US23,,,US0023,US0023,,,,N,N,NULL,NULL,NULL,N,NULL,NULL,NULL,NULL,NULL,NULL,20.567,NULL,NULL,NULL,NULL,,NULL,2,0,2,2,N,N,55,NULL,98,9801,NULL,,Y,37.44358,-82.5188,N,NULL,NULL,NULL,NULL,NULL,NULL,NULL,NULL,1,3,4,3,1,1,2,2,7,3,Y,NULL,Y,Y,1627,1634,1710,N,NULL,55,,1,N,,N,N,,NULL,NULL,2020,C,7.26E+11,098-US-0023  -000,MEDIUM,098-US-0023  -000,20.567,0,0,0,1,0,0,1,0,0,0,0,0,0,1
3724,72746580,KSP0900,22-118007,20220401,1709,,YELLOW HILL,,LN,,,0,098 CR-1661E,CR1661E,N,N,NULL,NULL,NULL,N,NULL,NULL,NULL,NULL,NULL,NULL,0.073,NULL,NULL,NULL,NULL,,NULL,0,0,1,1,N,N,15,NULL,98,9802,NULL,,Y,37.35672,-82.40626,N,NULL,NULL,NULL,NULL,NULL,NULL,NULL,NULL,9,3,1,1,2,1,2,2,6,3,Y,NULL,Y,N,1709,1725,1725,Y,NULL,70,,,N,,N,N,098-CR-1661E-0,NULL,NULL,2022,O,7.27E+11,098-CR-1661E -000,HIGH,098-CR-1661E -000,0.073,0,0,0,1,0,0,0,0,1,1,0,0,0,0
3725,72673857,980100,2.02E+11,20210915,1123,,CASSIDY,,BLVD,,,0,098 CS-1191,CS1191,Y,N,NULL,NULL,NULL,N,NULL,NULL,NULL,NULL,NULL,NULL,0.046,NULL,NULL,NULL,NULL,,NULL,1,0,1,1,N,N,,NULL,98,9801,NULL,,Y,37.50369,-82.53291,N,NULL,NULL,NULL,NULL,NULL,NULL,NULL,NULL,9,97,2,6,1,1,2,2,1,3,Y,NULL,Y,Y,1132,1139,1145,Y,NULL,90,,,N,,N,N,098-CS-1191-0,NULL,NULL,2021,A,7.27E+11,098-CS-1191  -000,HIGH,098-CS-1191  -000,0.046,0,0,0,0,0,0,0,0,0,0,0,1,0,1
3726,72597915,KSP0900,21-71756,20210223,645,,KY292,,,KY0292,KY0292,0,098 KY-292,KY0292,N,N,NULL,NULL,NULL,N,NULL,NULL,NULL,NULL,NULL,NULL,3.345,NULL,NULL,NULL,NULL,,NULL,0,0,1,1,N,N,45,NULL,98,9869,NULL,,Y,37.65918,-82.24572,N,NULL,NULL,NULL,NULL,NULL,NULL,NULL,NULL,9,3,2,6,1,1,3,3,7,3,N,NULL,Y,N,650,720,645,N,NULL,38,8,0,N,,N,N,098-KY-0292-0,NULL,NULL,2021,O,7.26E+11,098-KY-0292  -000,HIGH,098-KY-0292  -000,3.345,0,0,0,0,0,0,0,0,0,0,0,0,0,0
3727,72844709,980100,2.02E+11,20221219,1649,,CASSIDY,,BLVD,,,0,098 CS-1191,CS1191,Y,N,NULL,NULL,NULL,N,NULL,NULL,NULL,NULL,NULL,NULL,0.355,NULL,NULL,NULL,NULL,,NULL,0,0,2,2,N,N,15,NULL,98,9801,NULL,,Y,37.50515,-82.53796,N,NULL,NULL,NULL,NULL,NULL,NULL,NULL,NULL,8,97,1,6,1,1,2,3,1,3,N,NULL,Y,N,1649,1658,1658,N,NULL,90,,,N,,N,N,098-CS-1191-0,NULL,NULL,2022,O,7.28E+11,098-CS-1191  -000,HIGH,098-CS-1191  -000,0.355,0,0,1,0,0,0,1,0,0,0,0,0,0,1
3728,72786464,980100,2.02E+11,20220724,1445,,CASSIDY,,BLVD,,,0,098 CS-1191,CS1191,Y,N,NULL,NULL,NULL,N,NULL,NULL,NULL,NULL,NULL,NULL,0.061,NULL,NULL,NULL,NULL,,NULL,0,0,2,2,N,N,,NULL,98,9801,NULL,,Y,37.50368,-82.53313,N,NULL,NULL,NULL,NULL,NULL,NULL,NULL,NULL,8,97,1,6,1,1,2,2,1,3,N,NULL,Y,N,1445,1454,,N,NULL,90,,,N,,N,N,098-CS-1191-0,NULL,NULL,2022,O,7.28E+11,098-CS-1191  -000,HIGH,098-CS-1191  -000,0.061,0,0,0,1,0,0,0,0,0,0,0,0,0,1
3729,72790439,KSP0900,22-300816,20220804,333,,US23,,,US0023,US0023,0,098 US-23,US0023,N,N,NULL,NULL,NULL,N,NULL,NULL,NULL,NULL,NULL,NULL,15.678,NULL,NULL,NULL,NULL,,NULL,0,0,1,1,N,N,55,NULL,98,9824,NULL,,Y,37.40507,-82.53073,N,NULL,NULL,NULL,NULL,NULL,NULL,NULL,NULL,9,3,4,5,1,1,2,6,7,3,N,NULL,Y,N,330,348,348,N,NULL,38,,1,N,,N,N,098-US-0023-0,NULL,NULL,2022,O,7.28E+11,098-US-0023  -000,HIGH,098-US-0023  -000,15.678,0,0,0,0,0,0,0,0,0,0,0,0,0,0
3730,72495402,980100,2.02E+11,20200413,1156,,US23,,,US0023,US0023,0,098 US-23,US0023,N,N,NULL,NULL,NULL,N,NULL,NULL,NULL,NULL,NULL,NULL,20.604,NULL,NULL,NULL,NULL,,NULL,2,0,2,2,N,N,55,NULL,98,9801,NULL,,Y,37.44327,-82.51935,N,NULL,NULL,NULL,NULL,NULL,NULL,NULL,NULL,1,3,4,6,1,5,3,2,7,3,Y,NULL,Y,Y,1157,1203,1235,N,NULL,55,,1,N,,N,N,098-US-0023-0,NULL,NULL,2020,C,7.25E+11,098-US-0023  -000,HIGH,098-US-0023  -000,20.604,0,0,0,1,0,0,1,0,0,0,0,0,0,1
3731,72587137,980100,2.02E+11,20210123,1303,,US23,,,US0023,US0023,0,098 US-23-10,US0023,N,N,NULL,NULL,NULL,N,NULL,NULL,NULL,NULL,NULL,NULL,26.26,NULL,NULL,NULL,NULL,,NULL,0,0,2,2,N,N,55,NULL,98,9801,NULL,,Y,37.50334,-82.5323,N,NULL,NULL,NULL,NULL,NULL,NULL,NULL,NULL,8,3,4,6,1,1,2,2,7,3,N,NULL,Y,N,1303,1309,1309,N,NULL,53,,1,N,,N,N,098-US-0023-10,NULL,NULL,2021,O,7.26E+11,098-US-0023  -010,HIGH,098-US-0023  -000,26.26,0,0,0,1,0,0,0,0,0,0,0,1,0,1
3732,72635039,980100,2.02E+11,20210611,932,,HAMBLEY,,BLVD,,,0,098 CS-1222,CS1222,N,N,NULL,NULL,NULL,N,NULL,NULL,NULL,NULL,NULL,NULL,1.632,NULL,NULL,NULL,NULL,,NULL,0,0,2,2,N,N,35,NULL,98,9801,NULL,,Y,37.48185,-82.53268,N,NULL,NULL,NULL,NULL,NULL,NULL,NULL,NULL,8,3,2,6,1,1,3,2,7,3,N,NULL,Y,N,932,933,935,N,NULL,53,,,N,,N,N,098-CS-1222-0,NULL,NULL,2021,O,7.26E+11,098-CS-1222  -000,HIGH,098-CS-1222  -000,1.632,0,0,0,0,0,0,1,0,0,0,0,1,0,1
3733,72517863,980100,2.02E+11,20200703,1119,,OWSLEY,,RD,KY1384,KY1384,,,,N,N,NULL,NULL,NULL,N,NULL,NULL,NULL,NULL,NULL,NULL,6.799,NULL,NULL,NULL,NULL,,NULL,0,0,2,2,N,N,35,NULL,98,9801,NULL,,Y,37.47931,-82.54302,N,NULL,NULL,NULL,NULL,NULL,NULL,NULL,NULL,4,3,4,6,1,1,2,2,6,3,N,NULL,Y,N,1119,1124,1216,N,NULL,70,17,0,N,,N,N,,NULL,NULL,2020,O,7.25E+11,098-KY-1384  -000,MEDIUM,098-KY-1384  -000,6.799,0,0,0,1,0,0,1,0,0,0,0,0,0,1
3734,72791688,KSP0900,22-300308,20220804,625,,US119,,,US0119,US0119,0,098 US-119,US0119,Y,N,NULL,NULL,NULL,N,NULL,NULL,NULL,NULL,NULL,NULL,22.59,NULL,NULL,NULL,NULL,,NULL,0,0,2,2,N,N,5,NULL,98,9842,NULL,,Y,37.63961,-82.25846,N,NULL,NULL,NULL,NULL,NULL,NULL,NULL,NULL,2,97,1,5,1,1,2,2,7,3,N,NULL,N,N,1825,1901,1901,N,NULL,90,2,1,N,,N,N,098-US-0119-0,NULL,NULL,2022,O,7.28E+11,098-US-0119  -000,HIGH,098-US-0119  -000,22.59,0,0,1,0,0,0,0,0,0,0,0,0,0,0
3735,72720986,980100,2.02E+11,20220114,1521,,CASSIDY,,BLVD,,,0,098 CS-1191,CS1191,Y,N,NULL,NULL,NULL,N,NULL,NULL,NULL,NULL,NULL,NULL,0.059,NULL,NULL,NULL,NULL,,NULL,0,0,2,2,N,N,15,NULL,98,9801,NULL,,Y,37.50368,-82.53311,N,NULL,NULL,NULL,NULL,NULL,NULL,NULL,NULL,7,97,,6,1,1,2,2,1,3,N,NULL,Y,N,1521,1526,,N,NULL,90,,,N,,N,N,098-CS-1191-0,NULL,NULL,2022,O,7.27E+11,098-CS-1191  -000,HIGH,098-CS-1191  -000,0.059,0,0,1,0,0,0,0,0,0,0,0,0,0,1
3736,72624596,KSP0900,21-185255,20210508,1152,,LEFT FORK ISLAND,,CRK,,,0,098 CR-1233Q3,CR1233Q3,N,N,NULL,NULL,NULL,N,NULL,NULL,NULL,NULL,NULL,NULL,1.827,NULL,NULL,NULL,NULL,,NULL,0,0,2,2,N,N,35,NULL,98,9801,5,N,N,37.43061,-82.58457,N,NULL,NULL,NULL,NULL,NULL,NULL,NULL,NULL,7,3,1,6,1,1,2,2,7,3,N,NULL,Y,N,1152,1213,1220,N,NULL,54,,,Y,,N,N,098-CR-1233Q3-0,NULL,NULL,2021,O,7.26E+11,098-CR-1233Q3-000,HIGH,098-CR-1233Q3-000,1.827,0,0,0,0,0,0,0,0,0,0,0,1,0,0
3737,72571898,KSP0900,20-789176,20201115,2109,,FISHTRAP,,RD,KY1441,KY1441,0,098 KY-1441,KY1441,N,N,NULL,NULL,NULL,N,NULL,NULL,NULL,NULL,NULL,NULL,0.259,NULL,NULL,NULL,NULL,,NULL,0,0,1,1,N,N,55,NULL,98,9832,NULL,,Y,37.40788,-82.44569,N,NULL,NULL,NULL,NULL,NULL,NULL,NULL,NULL,9,3,2,4,1,5,2,6,7,3,N,NULL,Y,N,2109,2145,,N,NULL,38,,5,N,,N,N,098-KY-1441-0,NULL,NULL,2020,O,7.26E+11,098-KY-1441  -000,HIGH,098-KY-1441  -000,0.259,0,0,0,0,0,0,0,0,0,0,0,0,0,0
3738,72516193,980100,2.02E+11,20200629,2242,,CASSIDY,,BLVD,,,0,098 CS-1191,CS1191,Y,N,NULL,NULL,NULL,N,NULL,NULL,NULL,NULL,NULL,NULL,0.343,NULL,NULL,NULL,NULL,,NULL,0,0,2,2,N,N,,NULL,98,9801,NULL,,Y,37.50517,-82.5377,N,NULL,NULL,NULL,NULL,NULL,NULL,NULL,NULL,2,97,1,6,1,1,2,5,1,3,N,NULL,Y,N,2243,2247,2247,N,NULL,90,,,N,,N,N,098-CS-1191-0,NULL,NULL,2020,O,7.25E+11,098-CS-1191  -000,HIGH,098-CS-1191  -000,0.343,0,0,1,0,0,0,1,0,0,0,0,0,0,1
3739,72781521,980100,2.02E+11,20220709,1634,,KY1426,,,KY1426,KY1426,0,098 KY-1426,KY1426,Y,N,NULL,NULL,NULL,N,NULL,NULL,NULL,NULL,NULL,NULL,8.908,NULL,NULL,NULL,NULL,,NULL,0,0,2,2,Y,N,55,NULL,98,9801,NULL,,Y,37.50397,-82.48933,N,NULL,NULL,NULL,NULL,NULL,NULL,NULL,NULL,5,97,2,3,1,5,6,2,5,3,N,NULL,Y,Y,1634,1642,1642,N,NULL,90,,0,N,,N,N,098-KY-1426-0,NULL,NULL,2022,O,7.28E+11,098-KY-1426  -000,HIGH,098-KY-1426  -000,8.908,0,0,0,0,0,0,0,0,0,0,0,0,0,1
3740,72825219,980100,2.02E+11,20221105,230,,US23,,,US0023,US0023,0,098 US-23,US0023,N,N,NULL,NULL,NULL,N,NULL,NULL,NULL,NULL,NULL,NULL,27.034,NULL,NULL,NULL,NULL,,NULL,0,0,1,1,N,N,55,NULL,98,9801,NULL,,Y,37.51046,-82.54188,N,NULL,NULL,NULL,NULL,NULL,NULL,NULL,NULL,9,3,4,6,1,1,3,6,1,3,N,NULL,Y,N,230,238,238,N,NULL,38,,1,N,,N,N,098-US-0023-0,NULL,NULL,2022,O,7.28E+11,098-US-0023  -000,HIGH,098-US-0023  -000,27.034,0,0,0,0,0,0,0,0,0,0,0,0,0,1
3741,72754116,KSP0900,22-149873,20220424,1735,,MAYNARD,N,ST,,,0,098 CR-1217C,CR1217C,N,N,NULL,NULL,NULL,N,NULL,NULL,NULL,NULL,NULL,NULL,0.048,NULL,NULL,NULL,NULL,,NULL,0,0,2,2,N,N,5,NULL,98,9801,NULL,,Y,37.41318,-82.45203,N,NULL,NULL,NULL,NULL,NULL,NULL,NULL,NULL,2,3,1,6,1,1,2,2,7,3,N,NULL,N,N,1735,1759,1830,N,NULL,47,,,N,,N,N,098-CR-1217C-0,NULL,NULL,2022,O,7.28E+11,098-CR-1217C -000,HIGH,098-CR-1217C -000,0.048,0,0,0,1,0,0,1,0,0,0,0,0,0,0
3742,72491775,KSP0900,20-11735,20200330,1928,,WINWRIGHT,,RD,,,0,098 CR-1201,CR1201,N,N,NULL,NULL,NULL,N,NULL,NULL,NULL,NULL,NULL,NULL,0.222,NULL,NULL,NULL,NULL,,NULL,1,0,1,1,N,N,25,NULL,98,9801,NULL,,Y,37.38141,-82.43863,N,NULL,NULL,NULL,NULL,NULL,NULL,NULL,NULL,9,4,1,4,1,1,2,2,7,3,N,NULL,Y,Y,1928,1939,2020,N,NULL,40,,,N,,N,N,098-CR-1201-0,NULL,NULL,2020,B,7.25E+11,098-CR-1201  -000,HIGH,098-CR-1201  -000,0.222,0,0,0,0,0,0,1,0,0,0,0,1,0,0
3743,72594286,KSP0900,21-58340,20210213,552,,US119,,,US0119,US0119,0,098 US-119-10,US0119,N,N,NULL,NULL,NULL,N,NULL,NULL,NULL,NULL,NULL,NULL,6.255,NULL,NULL,NULL,NULL,,NULL,1,0,1,1,N,N,55,NULL,98,9820,NULL,,Y,37.54255,-82.44745,N,NULL,NULL,NULL,NULL,NULL,NULL,NULL,NULL,9,3,2,1,1,2,2,6,7,3,N,NULL,Y,Y,556,637,730,N,NULL,40,2,1,N,,N,N,098-US-0119-10,NULL,NULL,2021,C,7.26E+11,098-US-0119  -010,HIGH,098-US-0119  -000,6.255,0,0,0,0,0,0,0,0,0,0,0,1,0,0
3744,72607439,980100,2.02E+11,20210317,1455,,BYPASS,S,RD,KY1426,KY1426,0,098 KY-1426,KY1426,Y,N,NULL,NULL,NULL,N,NULL,NULL,NULL,NULL,NULL,NULL,5.692,NULL,NULL,NULL,NULL,,NULL,0,0,2,1,Y,N,10,NULL,98,9801,NULL,,Y,37.47281,-82.52283,N,NULL,NULL,NULL,NULL,NULL,NULL,NULL,NULL,9,97,2,6,1,1,2,2,1,3,N,NULL,Y,N,1500,1542,1552,N,NULL,90,,0,N,,N,N,098-KY-1426-0,NULL,NULL,2021,O,7.26E+11,098-KY-1426  -000,HIGH,098-KY-1426  -000,5.692,0,0,0,0,1,0,1,0,0,0,0,0,0,1
3745,72673891,KSP0900,21-393581,20210922,135,,PIGEON ROOST,,RD,,,0,098 CR-1517,CR1517,N,N,NULL,NULL,NULL,N,NULL,NULL,NULL,NULL,NULL,NULL,0.346,NULL,NULL,NULL,NULL,,NULL,0,0,2,2,N,N,35,NULL,98,9838,NULL,,Y,37.60431,-82.32254,N,NULL,NULL,NULL,NULL,NULL,NULL,NULL,NULL,2,3,2,6,1,5,6,2,7,3,N,NULL,Y,N,1350,1359,1410,N,NULL,56,,,N,,N,N,098-CR-1517-0,NULL,NULL,2021,O,7.27E+11,098-CR-1517  -000,HIGH,098-CR-1517  -000,0.346,0,0,0,1,0,0,1,0,0,0,0,0,0,0
3746,72776521,KSP0900,22-237793,20220623,1930,,KY194,,,KY0194,KY0194,0,098 KY-194,KY0194,N,N,NULL,NULL,NULL,N,NULL,NULL,NULL,NULL,NULL,NULL,62.737,NULL,NULL,NULL,NULL,,NULL,1,0,1,1,N,N,45,NULL,98,9811,NULL,,Y,37.55484,-82.11954,N,NULL,NULL,NULL,NULL,NULL,NULL,NULL,NULL,9,3,2,6,1,1,2,2,7,3,Y,NULL,N,Y,1930,1950,2045,N,NULL,40,7,0,N,,N,N,098-KY-0194-0,NULL,NULL,2022,A,7.28E+11,098-KY-0194  -000,HIGH,098-KY-0194  -000,62.737,0,0,0,1,0,0,1,0,0,0,0,1,0,0
3747,72623005,KSP0900,21-177859,20210503,1659,,FISHTRAP,,RD,KY1441,KY1441,0,098 KY-1441,KY1441,N,N,NULL,NULL,NULL,N,NULL,NULL,NULL,NULL,NULL,NULL,7.218,NULL,NULL,NULL,NULL,,NULL,0,0,1,1,N,N,45,NULL,98,9850,NULL,,Y,37.48421,-82.43001,N,NULL,NULL,NULL,NULL,NULL,NULL,NULL,NULL,9,4,2,6,1,1,2,2,7,3,N,NULL,Y,N,1659,1709,1825,N,NULL,51,8,0,Y,,N,N,098-KY-1441-0,NULL,NULL,2021,O,7.26E+11,098-KY-1441  -000,HIGH,098-KY-1441  -000,7.218,0,0,0,0,0,0,0,0,1,0,0,1,0,0
3748,72610235,980100,2.02E+11,20210401,2009,,CASSIDY,,BLVD,,,0,098 CS-1191,CS1191,N,N,NULL,NULL,NULL,N,NULL,NULL,NULL,NULL,NULL,NULL,0.087,NULL,NULL,NULL,NULL,,NULL,0,0,2,2,N,N,5,NULL,98,9801,NULL,,Y,37.50362,-82.53354,N,NULL,NULL,NULL,NULL,NULL,NULL,NULL,NULL,5,97,2,6,1,1,3,7,1,3,N,NULL,Y,N,2009,2010,,N,NULL,49,,,Y,,N,N,098-CS-1191-0,NULL,NULL,2021,O,7.26E+11,098-CS-1191  -000,HIGH,098-CS-1191  -000,0.087,0,0,0,0,0,0,1,0,1,0,0,0,0,1
3749,72570691,980000,20-11-010,20201130,1740,,US23,,,US0023,US0023,0,098 US-23-10,US0023,N,N,NULL,NULL,NULL,N,NULL,NULL,NULL,NULL,NULL,NULL,17.681,NULL,NULL,NULL,NULL,,NULL,0,0,2,2,N,N,55,NULL,98,9886,0.6,S,N,37.42468,-82.51705,N,NULL,NULL,NULL,NULL,NULL,NULL,NULL,NULL,3,3,4,6,1,5,1,6,7,3,N,NULL,Y,Y,1744,1744,1823,N,NULL,52,,1,N,,N,Y,098-US-0023-10,NULL,NULL,2020,O,7.26E+11,098-US-0023  -010,HIGH,098-US-0023  -000,17.681,0,0,0,0,0,0,1,1,0,0,0,1,1,1
3750,72773214,KSP0900,22-187969,20220521,128,,US119,,,US0119,US0119,0,098 US-119-10,US0119,N,N,NULL,NULL,NULL,N,NULL,NULL,NULL,NULL,NULL,NULL,22.169,NULL,NULL,NULL,NULL,,NULL,1,1,3,2,N,N,55,NULL,98,9836,NULL,,Y,37.63518,-82.26053,N,NULL,NULL,NULL,NULL,NULL,NULL,NULL,NULL,3,3,2,1,1,1,2,6,7,3,N,NULL,N,Y,200,342,747,N,NULL,52,2,1,N,,N,N,098-US-0119-10,NULL,NULL,2022,K,7.28E+11,098-US-0119  -010,HIGH,098-US-0119  -000,22.169,0,0,0,0,1,0,1,0,1,1,0,1,0,0
3751,72653108,980100,2.02E+11,20210713,1539,,HAROLDS BRANCH,,RD,,,,,,Y,N,NULL,NULL,NULL,N,NULL,NULL,NULL,NULL,NULL,NULL,0.132,NULL,NULL,NULL,NULL,,NULL,0,0,2,1,N,N,,NULL,98,9801,NULL,,Y,37.47113,-82.52161,N,NULL,NULL,NULL,NULL,NULL,NULL,NULL,NULL,2,97,,6,2,1,2,2,1,3,N,NULL,Y,N,1540,1545,1627,N,NULL,90,,,N,,N,N,,NULL,NULL,2021,O,7.27E+11,098-CS-1223  -000,MEDIUM,098-CS-1223  -000,0.132,0,0,0,1,0,0,0,0,0,0,0,0,0,1
3752,72567223,KSP0900,20-790931,20201117,524,,US460,,,US0460,US0460,0,098 US-460,US0460,N,N,NULL,NULL,NULL,N,NULL,NULL,NULL,NULL,NULL,NULL,6.005,NULL,NULL,NULL,NULL,,NULL,0,0,2,2,N,N,55,NULL,98,9824,NULL,,Y,37.4035,-82.43485,N,NULL,NULL,NULL,NULL,NULL,NULL,NULL,NULL,5,3,2,5,1,1,2,6,7,3,N,NULL,Y,N,524,604,645,N,NULL,49,,1,N,,N,N,098-US-0460-0,NULL,NULL,2020,O,7.26E+11,098-US-0460  -000,HIGH,098-US-0460  -000,6.005,0,1,0,0,0,0,0,0,0,0,0,0,0,0
3753,72593613,980100,2.02E+11,20210204,1828,,US23,,,US0023,US0023,,,,N,N,NULL,NULL,NULL,N,NULL,NULL,NULL,NULL,NULL,NULL,31.096,NULL,NULL,NULL,NULL,,NULL,1,0,1,1,N,N,55,NULL,98,9801,NULL,,Y,37.53857,-82.59393,N,NULL,NULL,NULL,NULL,NULL,NULL,NULL,NULL,9,3,4,3,1,5,3,6,7,3,Y,NULL,Y,Y,1831,1838,,N,NULL,40,,1,Y,,N,N,,NULL,NULL,2021,B,7.26E+11,098-US-0023  -000,MEDIUM,098-US-0023  -000,31.096,0,0,0,0,0,0,1,0,0,0,0,1,0,1