OBJECTID,MasterFile,AgencyORINumber,LocalCode,CollisionDate,CollisionTime,CollisionDayWeekCode,RoadwayName,RoadwayName_Direction_,RoadwayName_RoadwaySuffix_,RoadwayfromReport,CurrentRoadwayNumber,RoadwayNumberCoupletID,RSEUniqueGIS,RoadwayIdentifier,ParkingLotIndicator,IntersectionWith_Indicator_,IntersectionWith_NameRoadway_,IntersectionWith_Direction_,IntersectionWith_RoadwaySuffix_,BetweenStreets_Indicator_,BetweenStreets1_NameRoadway_,BetweenStreet1_Direction_,BetweenStreets1_RoadwaySuffix_,BetweenStreets2_NameRoadway_,BetweenStreets2_Direction_,BetweenStreets2_RoadwaySuffix_,Milepoint,ReportMilepointDeriveNumber,CurrentDerivedMiepointNumber,MilestoMilepoint,FeettoMilepoint,DirectionfromMilepoint_NSEW_,ValidMilepointIndicator,NumberInjured,NumberKilled,ofUnits,ofMotorVehicleUnits,Hit&RunIndicator,OneWayIndicator,SpeedLimitNumber,KilometersIndicator,CountyCode,CityCountyCode,MilesFromCity,DirectionFromCity_NSEW_,InCityLimitsIndicator,Latitude,Longitude,RampIndicator,RampFromIdentifier,RampFromDirCode,RampFromCoupletID,RSEUniqueGISRampFrom,RampToidentifier,RampToDirCode,RampToCoupletID,RSEUniqueGisRampTo,MannerofCollisionCode,LocationFirstEventCode,TotalLanes,RoadwayCharacterCode,RoadwaySurfaceCode,RoadwayConditionCode,WeatherCode,LightConditionCode,LandUseCode,SchoolBusRelatedCode,FirstAidSceneIndicator,CollDescPresentInd,InvestigationCompleteIndicator,PhotosTakenIndicator,TimeNotified,TimeArrived,TimeRoadwayOpened,PropertyDamageIndicator,DiagramPresentIndicator,DirectionalAnalysis,FunctionClassCode,NationalHwySysCode,EnforcementsIndicator,KARSCityCode,SecondaryCollisionIndicator,MedianCrossoverIndicator,RT_UNIQUE,MapIt,TimeLastLeft,YR,KABCO,MFNY,WorkingRID,RT_CONFIDENCE,KTC_RT,KTC_MP,Motorcyclist,Commercial Vehicle,Young Driver,Mature Driver,Pedestrian,Bicyclist,Distracted,Aggressive,Impaired,Unrestrained,Intersection,Roadway Departure,Median Cross-over,City Crash
3754,72832641,KSP0900,22-429820,20221108,1245,,PAW PAW,,CRK,,,0,098 CR-1115,CR1115,N,N,NULL,NULL,NULL,N,NULL,NULL,NULL,NULL,NULL,NULL,0.244,NULL,NULL,NULL,NULL,,NULL,0,0,2,2,Y,N,35,NULL,98,9804,NULL,,Y,37.43541,-82.11619,N,NULL,NULL,NULL,NULL,NULL,NULL,NULL,NULL,7,3,,3,1,1,2,2,7,3,N,NULL,Y,N,1245,1255,1300,N,NULL,54,,,N,,N,N,098-CR-1115-0,NULL,NULL,2022,O,7.28E+11,098-CR-1115  -000,HIGH,098-CR-1115  -000,0.244,0,0,0,0,0,0,1,0,0,0,0,1,0,0
3755,72590550,980100,2.02E+11,20210202,1154,,WOODLAND HILL,,DR,,,0,098 CS-1223,CS1223,N,N,NULL,NULL,NULL,N,NULL,NULL,NULL,NULL,NULL,NULL,,NULL,NULL,NULL,NULL,NULL,NULL,0,0,1,1,N,N,5,NULL,98,9801,NULL,,Y,37.46904,-82.49283,N,NULL,NULL,NULL,NULL,NULL,NULL,NULL,NULL,9,4,1,4,1,4,3,2,6,3,N,NULL,Y,N,1154,1203,1203,N,NULL,44,,,N,,N,N,098-CS-1223-0,NULL,NULL,2021,O,7.26E+11,098-CS-1223  -000,HIGH,098-CS-1223  -000,2.006,0,0,0,0,0,0,0,0,0,0,0,1,0,1
3756,72530708,980100,2.02E+11,20200810,821,,US23,,,US0023,US0023,,,,N,N,NULL,NULL,NULL,N,NULL,NULL,NULL,NULL,NULL,NULL,22.057,NULL,NULL,NULL,NULL,,NULL,0,0,3,3,N,N,55,NULL,98,9801,NULL,,Y,37.4581,-82.51733,N,NULL,NULL,NULL,NULL,NULL,NULL,NULL,NULL,5,3,4,6,1,1,2,2,2,3,N,NULL,Y,N,821,821,824,N,NULL,49,,1,N,,N,N,,NULL,NULL,2020,O,7.25E+11,098-US-0023  -000,MEDIUM,098-US-0023  -000,22.057,0,0,0,0,0,0,0,1,0,0,0,0,0,1
3757,72567389,980100,2.02E+11,20201119,1554,,BYPASS,S,RD,KY1426,KY1426,,,,N,N,NULL,NULL,NULL,N,NULL,NULL,NULL,NULL,NULL,NULL,6.544,NULL,NULL,NULL,NULL,,NULL,0,0,2,1,N,N,45,NULL,98,9801,NULL,,Y,37.48228,-82.51382,N,NULL,NULL,NULL,NULL,NULL,NULL,NULL,NULL,1,3,3,6,1,1,2,2,7,3,N,NULL,Y,N,1554,1601,1628,N,NULL,55,,0,N,,N,N,,NULL,NULL,2020,O,7.26E+11,098-KY-1426  -000,HIGH,098-KY-1426  -000,6.544,0,0,0,0,0,0,1,0,0,0,0,0,0,1
3758,72599006,980100,2.02E+11,20210301,1047,,KY3496,,,KY3496,KY3496,0,098 KY-3496,KY3496,Y,N,NULL,NULL,NULL,N,NULL,NULL,NULL,NULL,NULL,NULL,0.707,NULL,NULL,NULL,NULL,,NULL,0,0,2,2,N,N,15,NULL,98,9801,NULL,,Y,37.47201,-82.53063,N,NULL,NULL,NULL,NULL,NULL,NULL,NULL,NULL,5,97,1,6,1,5,3,2,1,3,N,NULL,Y,N,1047,1059,1059,N,NULL,90,16,0,N,,N,N,098-KY-3496-0,NULL,NULL,2021,O,7.26E+11,098-KY-3496  -000,HIGH,098-KY-3496  -000,0.707,0,0,0,1,0,0,0,0,0,0,0,0,0,1
3759,72774100,KSP0900,22-228385,20220617,1425,,US119,,,US0119,US0119,0,098 US-119,US0119,N,N,NULL,NULL,NULL,N,NULL,NULL,NULL,NULL,NULL,NULL,23.948,NULL,NULL,NULL,NULL,,NULL,0,0,2,2,N,N,55,NULL,98,9836,NULL,,Y,37.65499,-82.26974,N,NULL,NULL,NULL,NULL,NULL,NULL,NULL,NULL,5,3,4,6,1,5,6,2,7,3,N,NULL,N,N,1527,1538,1538,N,NULL,41,2,1,N,,N,N,098-US-0119-0,NULL,NULL,2022,O,7.28E+11,098-US-0119  -000,HIGH,098-US-0119  -000,23.948,0,0,0,0,0,0,0,0,0,0,0,1,0,0
3760,72678051,KSP0900,21-398239,20210925,1927,,US23,,,US0023,US0023,0,098 US-23-10,US0023,N,N,NULL,NULL,NULL,N,NULL,NULL,NULL,NULL,NULL,NULL,28.883,NULL,NULL,NULL,NULL,,NULL,2,0,3,3,N,N,55,NULL,98,9807,NULL,,Y,37.5224,-82.57079,N,NULL,NULL,NULL,NULL,NULL,NULL,NULL,NULL,4,3,4,6,1,1,2,3,7,3,Y,NULL,Y,Y,1927,1930,,N,NULL,70,,1,N,,N,N,098-US-0023-10,NULL,NULL,2021,B,7.27E+11,098-US-0023  -010,HIGH,098-US-0023  -000,28.883,0,0,0,0,0,0,0,1,0,0,0,0,0,0
3761,72454522,KSP0900,19-49680,20191221,1254,,US460,,,US0460,US0460,0,098 US-460,US0460,N,N,NULL,NULL,NULL,N,NULL,NULL,NULL,NULL,NULL,NULL,13.112,NULL,NULL,NULL,NULL,,NULL,1,0,1,1,N,N,55,NULL,98,9802,NULL,,Y,37.33534,-82.39156,N,NULL,NULL,NULL,NULL,NULL,NULL,NULL,NULL,9,4,2,4,1,1,2,2,7,3,Y,NULL,Y,N,1254,1315,1315,N,NULL,51,,1,N,,N,N,098-US-0460-0,NULL,NULL,2019,C,7.25E+11,098-US-0460  -000,HIGH,098-US-0460  -000,13.112,0,0,0,0,0,0,0,0,0,0,0,1,0,0
3762,72780499,KSP0900,22-248328,20220701,1030,,APPALACHIAN,,PLZ,,,0,098 PR-1008,PR1008,N,N,NULL,NULL,NULL,N,NULL,NULL,NULL,NULL,NULL,NULL,0.047,NULL,NULL,NULL,NULL,,NULL,0,0,2,2,N,N,40,NULL,98,9834,NULL,,Y,37.66613,-82.27449,N,NULL,NULL,NULL,NULL,NULL,NULL,NULL,NULL,1,3,4,6,1,1,2,2,7,3,N,NULL,N,N,1030,1030,1040,N,NULL,55,,,N,,N,N,098-PR-1008-0,NULL,NULL,2022,O,7.28E+11,098-PR-1008  -000,HIGH,098-PR-1008  -000,0.047,0,0,0,0,0,0,0,1,0,0,0,0,0,0
3763,72710377,980200,980200,20211216,1738,,KY197,,,KY0197,KY0197,0,098 KY-197,KY0197,Y,N,NULL,NULL,NULL,N,NULL,NULL,NULL,NULL,NULL,NULL,15.582,NULL,NULL,NULL,NULL,,NULL,0,0,2,2,N,N,35,NULL,98,9802,NULL,,Y,37.29512,-82.36355,N,NULL,NULL,NULL,NULL,NULL,NULL,NULL,NULL,2,97,0,6,1,1,11,3,1,3,N,NULL,Y,Y,1736,1738,,N,NULL,90,7,0,N,,N,N,098-KY-0197-0,NULL,NULL,2021,O,7.27E+11,098-KY-0197  -000,HIGH,098-KY-0197  -000,15.582,0,0,0,1,0,0,0,0,0,0,0,0,0,0
3764,72544376,980200,980200,20200902,1200,,EPLING,,AVE,,,0,098 CR-1625D,CR1625D,N,Y,ELKHORN,,CRK,N,NULL,NULL,NULL,NULL,NULL,NULL,0.026,NULL,NULL,NULL,NULL,,NULL,0,0,1,1,Y,Y,15,NULL,98,9802,NULL,,Y,37.29246,-82.36622,N,NULL,NULL,NULL,NULL,NULL,NULL,NULL,NULL,9,97,1,6,1,1,2,2,6,3,N,NULL,Y,Y,1210,1230,1230,N,NULL,4,,,N,,N,N,098-CR-1625D-0,NULL,NULL,2020,O,7.25E+11,098-CR-1625D -000,HIGH,098-CR-1625D -000,0.026,0,0,0,0,0,0,0,0,0,0,1,0,0,0
3765,72592214,KSP0900,21-23163,20210118,1015,,US119,,,US0119,US0119,0,098 US-119-10,US0119,N,Y,FOREST HILLS,,RD,N,NULL,NULL,NULL,NULL,NULL,NULL,23.467,NULL,NULL,NULL,NULL,,NULL,0,0,2,2,N,N,55,NULL,98,9836,NULL,,Y,37.64825,-82.2677,N,NULL,NULL,NULL,NULL,NULL,NULL,NULL,NULL,1,3,2,6,1,5,9,2,7,3,N,NULL,Y,N,1011,1016,1100,N,NULL,8,2,1,N,,N,N,098-US-0119-10,NULL,NULL,2021,O,7.26E+11,098-US-0119  -010,HIGH,098-US-0119  -000,23.467,0,0,1,1,0,0,0,1,0,0,1,0,0,0
3766,72583887,980500,2021AR003,20210113,950,,US 23 SOUTH,,,,,,,,N,N,NULL,NULL,NULL,N,NULL,NULL,NULL,NULL,NULL,NULL,,NULL,NULL,NULL,NULL,NULL,NULL,0,0,2,2,N,N,45,NULL,98,9807,NULL,,Y,37.52551,-82.57347,N,NULL,NULL,NULL,NULL,NULL,NULL,NULL,NULL,5,3,6,6,1,1,2,2,7,3,N,NULL,Y,Y,950,955,955,N,NULL,49,,,N,,N,N,,NULL,NULL,2021,O,7.26E+11,098-US-0023  -010,MEDIUM,098-US-0023  -000,29.141,0,0,0,0,0,0,0,0,0,0,0,0,0,0
3767,72570031,980100,2.02E+11,20201130,1220,,KY3496,,,KY3496,KY3496,0,098 KY-3496,KY3496,Y,N,NULL,NULL,NULL,N,NULL,NULL,NULL,NULL,NULL,NULL,0.573,NULL,NULL,NULL,NULL,,NULL,0,0,2,2,Y,N,15,NULL,98,9801,NULL,,Y,37.47112,-82.53337,N,NULL,NULL,NULL,NULL,NULL,NULL,NULL,NULL,1,97,,6,1,5,6,2,1,3,N,NULL,Y,N,1220,1229,,N,NULL,90,16,0,N,,N,N,098-KY-3496-0,NULL,NULL,2020,O,7.26E+11,098-KY-3496  -000,HIGH,098-KY-3496  -000,0.573,0,0,0,0,0,0,0,0,0,0,0,0,0,1
3768,72726667,980100,2.02E+11,20220128,1532,,CASSIDY,,BLVD,,,0,098 CS-1191,CS1191,Y,N,NULL,NULL,NULL,N,NULL,NULL,NULL,NULL,NULL,NULL,0.067,NULL,NULL,NULL,NULL,,NULL,0,0,2,2,N,N,15,NULL,98,9801,NULL,,Y,37.50366,-82.53323,N,NULL,NULL,NULL,NULL,NULL,NULL,NULL,NULL,2,97,1,6,1,1,3,2,1,3,N,NULL,Y,N,1532,1542,,N,NULL,90,,,N,,N,N,098-CS-1191-0,NULL,NULL,2022,O,7.27E+11,098-CS-1191  -000,HIGH,098-CS-1191  -000,0.067,0,0,1,0,0,0,1,0,0,0,0,0,0,1
3769,72472623,KSP0900,20-4838,20200206,650,,US23,,,US0023,US0023,0,098 US-23,US0023,N,N,NULL,NULL,NULL,N,NULL,NULL,NULL,NULL,NULL,NULL,28.216,NULL,NULL,NULL,NULL,,NULL,0,0,2,2,Y,N,45,NULL,98,9807,NULL,,Y,37.51647,-82.5617,N,NULL,NULL,NULL,NULL,NULL,NULL,NULL,NULL,5,3,3,6,1,6,6,6,7,3,N,NULL,Y,N,650,700,,N,NULL,49,,1,N,,N,N,098-US-0023-0,NULL,NULL,2020,O,7.25E+11,098-US-0023  -000,HIGH,098-US-0023  -000,28.216,0,0,0,0,0,0,0,0,0,0,0,1,0,0
3770,72755199,KSP0900,22-154039,20220427,1502,,US460,,,US0460,US0460,0,098 US-460,US0460,N,N,NULL,NULL,NULL,N,NULL,NULL,NULL,NULL,NULL,NULL,5.15,NULL,NULL,NULL,NULL,,NULL,0,0,2,2,N,N,25,NULL,98,9832,NULL,,Y,37.40957,-82.44801,N,NULL,NULL,NULL,NULL,NULL,NULL,NULL,NULL,8,3,2,1,1,1,2,2,8,3,N,NULL,N,N,1502,1512,1512,N,NULL,53,,1,N,,N,N,098-US-0460-0,NULL,NULL,2022,O,7.28E+11,098-US-0460  -000,HIGH,098-US-0460  -000,5.15,0,0,0,0,0,0,0,1,0,0,0,1,0,0
3771,72815475,KSP0900,22-389339,20221008,1703,,CEDAR HILLS,,RD,KY1426,KY1426,0,098 KY-1426,KY1426,N,N,NULL,NULL,NULL,N,NULL,NULL,NULL,NULL,NULL,NULL,4.699,NULL,NULL,NULL,NULL,,NULL,1,0,1,1,N,N,55,NULL,98,9801,NULL,,Y,37.46271,-82.52608,N,NULL,NULL,NULL,NULL,NULL,NULL,NULL,NULL,9,3,2,6,1,1,2,2,7,3,N,NULL,Y,Y,1703,1740,1820,N,NULL,70,,0,N,,N,N,098-KY-1426-0,NULL,NULL,2022,B,7.28E+11,098-KY-1426  -000,HIGH,098-KY-1426  -000,4.699,0,0,0,1,0,0,0,0,0,0,0,1,0,1
3772,72713697,KSP0900,21-517738,20211221,1346,,US119,,,US0119,US0119,0,098 US-119-10,US0119,N,N,NULL,NULL,NULL,N,NULL,NULL,NULL,NULL,NULL,NULL,0.194,NULL,NULL,NULL,NULL,,NULL,0,0,2,2,N,N,55,NULL,98,9801,NULL,,Y,37.50459,-82.52872,N,NULL,NULL,NULL,NULL,NULL,NULL,NULL,NULL,5,7,2,6,1,1,2,2,7,3,N,NULL,Y,N,1346,1432,1432,N,NULL,47,2,1,N,,N,N,098-US-0119-10,NULL,NULL,2021,O,7.27E+11,098-US-0119  -010,HIGH,098-US-0119  -000,0.194,0,0,0,1,0,0,1,0,0,0,0,0,0,1
3773,72775185,KSP0900,22-207635,20220603,1722,,KY194,,,KY0194,KY0194,0,098 KY-194,KY0194,N,N,NULL,NULL,NULL,N,NULL,NULL,NULL,NULL,NULL,NULL,58.794,NULL,NULL,NULL,NULL,,NULL,0,0,2,2,N,N,35,NULL,98,9811,NULL,,Y,37.54816,-82.1581,N,NULL,NULL,NULL,NULL,NULL,NULL,NULL,NULL,1,3,2,6,1,1,2,2,6,3,N,NULL,Y,N,1722,1759,1759,N,NULL,55,7,0,N,,N,N,098-KY-0194-0,NULL,NULL,2022,O,7.28E+11,098-KY-0194  -000,HIGH,098-KY-0194  -000,58.794,0,0,0,0,0,0,1,0,0,0,0,0,0,0
3774,72760516,980100,2.02E+11,20220423,306,,HAMBLEY,,BLVD,,,0,098 CS-1222,CS1222,N,N,NULL,NULL,NULL,N,NULL,NULL,NULL,NULL,NULL,NULL,0.705,NULL,NULL,NULL,NULL,,NULL,0,0,1,1,N,N,25,NULL,98,9801,NULL,,Y,37.48112,-82.5189,N,NULL,NULL,NULL,NULL,NULL,NULL,NULL,NULL,9,3,2,3,1,1,2,5,7,3,N,NULL,N,N,306,306,329,Y,NULL,70,,,Y,,N,N,098-CS-1222-0,NULL,NULL,2022,O,7.28E+11,098-CS-1222  -000,HIGH,098-CS-1222  -000,0.705,0,0,0,0,0,0,0,0,1,0,0,0,0,1
3775,72544520,KSP0900,20-708403,20200921,1316,,US460,,,US0460,US0460,0,098 US-460,US0460,N,N,NULL,NULL,NULL,N,NULL,NULL,NULL,NULL,NULL,NULL,6.266,NULL,NULL,NULL,NULL,,NULL,0,0,2,2,N,N,55,NULL,98,9832,NULL,,Y,37.40001,-82.43309,N,NULL,NULL,NULL,NULL,NULL,NULL,NULL,NULL,5,3,2,3,1,1,2,2,7,3,N,NULL,Y,N,1317,1328,,N,NULL,49,,1,N,,N,N,098-US-0460-0,NULL,NULL,2020,O,7.25E+11,098-US-0460  -000,HIGH,098-US-0460  -000,6.266,0,0,0,0,0,0,0,0,0,0,0,0,0,0
3776,72555056,KSP0900,20-749373,20201020,918,,US460,,,US0460,US0460,0,098 US-460,US0460,N,N,NULL,NULL,NULL,N,NULL,NULL,NULL,NULL,NULL,NULL,6.653,NULL,NULL,NULL,NULL,,NULL,0,0,2,2,N,N,55,NULL,98,9801,4,SE,N,37.39451,-82.43313,N,NULL,NULL,NULL,NULL,NULL,NULL,NULL,NULL,5,3,2,6,1,1,3,2,7,3,N,NULL,Y,N,918,930,930,N,NULL,49,,1,N,,N,N,098-US-0460-0,NULL,NULL,2020,O,7.26E+11,098-US-0460  -000,HIGH,098-US-0460  -000,6.653,0,0,0,1,0,0,1,0,0,0,0,0,0,0
3777,72562583,980100,2.02E+11,20201017,2034,,BYPASS,S,RD,KY1426,KY1426,,,,N,N,NULL,NULL,NULL,N,NULL,NULL,NULL,NULL,NULL,NULL,6.48,NULL,NULL,NULL,NULL,,NULL,1,0,2,2,N,N,45,NULL,98,9801,NULL,,Y,37.48141,-82.51422,N,NULL,NULL,NULL,NULL,NULL,NULL,NULL,NULL,5,3,2,6,1,1,2,5,7,3,Y,NULL,Y,Y,2034,2035,2100,N,NULL,70,,0,N,,N,N,,NULL,NULL,2020,C,7.26E+11,098-KY-1426  -000,HIGH,098-KY-1426  -000,6.48,0,0,0,0,0,0,1,0,0,0,0,0,0,1
3778,72657144,980000,9821-08-001,20210806,645,,US23,,,US0023,US0023,0,098 US-23-10,US0023,N,N,NULL,NULL,NULL,N,NULL,NULL,NULL,NULL,NULL,NULL,32.333,NULL,NULL,NULL,NULL,,NULL,1,0,1,1,N,N,55,NULL,98,9801,NULL,,Y,37.53732,-82.6148,N,NULL,NULL,NULL,NULL,NULL,NULL,NULL,NULL,9,2,4,3,1,1,2,1,1,3,Y,NULL,Y,Y,640,640,,N,NULL,70,,1,Y,,N,N,098-US-0023-10,NULL,NULL,2021,C,7.27E+11,098-US-0023  -010,HIGH,098-US-0023  -000,32.333,0,0,0,0,0,0,0,0,1,1,0,1,0,1
3779,72793967,980100,2.02E+11,20220813,1703,,CASSIDY,,BLVD,,,0,098 CS-1191,CS1191,Y,N,NULL,NULL,NULL,N,NULL,NULL,NULL,NULL,NULL,NULL,0.399,NULL,NULL,NULL,NULL,,NULL,0,0,2,2,N,N,,NULL,98,9801,NULL,,Y,37.50471,-82.53856,N,NULL,NULL,NULL,NULL,NULL,NULL,NULL,NULL,2,97,,6,1,1,2,2,1,3,N,NULL,Y,N,1703,1712,1712,N,NULL,90,,,N,,N,N,098-CS-1191-0,NULL,NULL,2022,O,7.28E+11,098-CS-1191  -000,HIGH,098-CS-1191  -000,0.399,0,0,0,1,0,0,1,0,0,0,0,0,0,1
3780,72731546,980500,2022AR011,20220216,1411,,US23,,,US0023,US0023,0,098 US-23,US0023,Y,N,NULL,NULL,NULL,N,NULL,NULL,NULL,NULL,NULL,NULL,,NULL,NULL,NULL,NULL,NULL,NULL,0,0,2,2,N,N,,NULL,98,9807,NULL,,Y,37.53685,-82.59737,N,NULL,NULL,NULL,NULL,NULL,NULL,NULL,NULL,1,97,,6,1,1,2,2,1,3,N,NULL,Y,Y,1411,1411,1411,N,NULL,90,,1,N,,N,N,098-US-0023-0,NULL,NULL,2022,O,7.27E+11,098-US-0023  -000,HIGH,098-US-0023  -000,31.344,0,0,0,1,0,0,1,0,0,0,0,0,0,1
3781,72485550,KSP0900,20-8231,20200303,647,,US23,,,US0023,US0023,0,098 US-23,US0023,N,N,NULL,NULL,NULL,N,NULL,NULL,NULL,NULL,NULL,NULL,6.899,NULL,NULL,NULL,NULL,,NULL,0,0,2,2,N,N,55,NULL,98,9809,NULL,,Y,37.30053,-82.54319,N,NULL,NULL,NULL,NULL,NULL,NULL,NULL,NULL,1,5,4,1,1,5,2,1,7,3,Y,NULL,Y,Y,650,710,,N,NULL,47,,1,N,,N,N,098-US-0023-0,NULL,NULL,2020,O,7.25E+11,098-US-0023  -000,HIGH,098-US-0023  -000,6.899,0,1,0,0,0,0,1,0,0,0,0,1,0,0
3782,72597074,980100,2.02E+11,20210223,826,,CHLOE,,RD,KY1460,KY1460,,,,N,N,NULL,NULL,NULL,N,NULL,NULL,NULL,NULL,NULL,NULL,4.706,NULL,NULL,NULL,NULL,,NULL,0,0,1,1,N,N,35,NULL,98,9801,NULL,,Y,37.47792,-82.50941,N,NULL,NULL,NULL,NULL,NULL,NULL,NULL,NULL,9,97,2,6,1,2,2,2,1,3,N,NULL,N,N,826,838,926,N,NULL,44,,0,N,,N,N,,NULL,NULL,2021,O,7.26E+11,098-KY-1460  -000,HIGH,098-KY-1460  -000,4.706,0,0,0,0,0,0,0,0,0,0,0,1,0,1
3783,72622612,KSP0900,21-183498,20210507,1146,,ADAMS,,BR,,,0,098 CR-1635,CR1635,N,N,NULL,NULL,NULL,N,NULL,NULL,NULL,NULL,NULL,NULL,1.172,NULL,NULL,NULL,NULL,,NULL,1,0,1,1,N,N,35,NULL,98,9802,4,N,N,37.28688,-82.41414,N,NULL,NULL,NULL,NULL,NULL,NULL,NULL,NULL,9,4,1,6,1,1,2,2,7,3,Y,NULL,Y,Y,1147,1159,1147,N,NULL,51,,,Y,,N,N,098-CR-1635-0,NULL,NULL,2021,C,7.26E+11,098-CR-1635  -000,HIGH,098-CR-1635  -000,1.172,0,0,0,0,0,0,1,0,0,0,0,1,0,0
3784,72503169,KSP0900,20-18124,20200515,1048,,TOWN MOUNTAIN,,RD,KY1426,KY1426,,,,N,N,NULL,NULL,NULL,N,NULL,NULL,NULL,NULL,NULL,NULL,8.372,NULL,NULL,NULL,NULL,,NULL,0,0,2,2,N,N,55,NULL,98,9801,NULL,,Y,37.49667,-82.49096,N,NULL,NULL,NULL,NULL,NULL,NULL,NULL,NULL,5,3,2,4,1,1,2,2,7,3,N,NULL,Y,N,1055,1055,1114,N,NULL,49,,0,N,,N,N,,NULL,NULL,2020,O,7.25E+11,098-KY-1426  -000,MEDIUM,098-KY-1426  -000,8.372,0,0,0,1,0,0,1,0,0,0,0,0,0,1
3785,72620688,980100,2.02E+11,20210503,2148,,HIBBARD,,ST,,,,,,Y,N,NULL,NULL,NULL,N,NULL,NULL,NULL,NULL,NULL,NULL,0.017,NULL,NULL,NULL,NULL,,NULL,0,0,2,2,N,N,15,NULL,98,9801,NULL,,Y,37.47334,-82.52682,N,NULL,NULL,NULL,NULL,NULL,NULL,NULL,NULL,2,97,1,6,1,1,2,5,1,3,N,NULL,Y,N,2148,2148,2148,N,NULL,90,,,N,,N,N,,NULL,NULL,2021,O,7.26E+11,098-CS-1053  -000,MEDIUM,098-CS-1053  -000,0.017,0,0,1,0,0,0,1,0,0,0,0,0,0,1
3786,72570825,980100,2.02E+11,20201201,1227,,HAROLDS BRANCH,,RD,,,0,098 CS-1223,CS1223,N,N,NULL,NULL,NULL,N,NULL,NULL,NULL,NULL,NULL,NULL,0.902,NULL,NULL,NULL,NULL,,NULL,0,0,2,2,N,N,25,NULL,98,9801,NULL,,Y,37.46746,-82.50822,N,NULL,NULL,NULL,NULL,NULL,NULL,NULL,NULL,7,3,1,3,3,5,2,2,7,3,N,NULL,N,N,1230,1238,1238,N,NULL,54,,,N,,N,N,098-CS-1223-0,NULL,NULL,2020,O,7.26E+11,098-CS-1223  -000,HIGH,098-CS-1223  -000,0.902,0,1,0,0,0,0,1,0,0,0,0,1,0,1
3787,72659170,KSP0900,21-336806,20210813,1322,,NEW CAMP,,RD,,,0,098 CR-1032,CR1032,N,N,NULL,NULL,NULL,N,NULL,NULL,NULL,NULL,NULL,NULL,0.34,NULL,NULL,NULL,NULL,,NULL,0,0,1,1,N,N,25,NULL,98,9834,NULL,,Y,37.66335,-82.28661,N,NULL,NULL,NULL,NULL,NULL,NULL,NULL,NULL,9,97,1,6,3,1,2,2,6,3,N,NULL,Y,Y,1322,1435,1435,Y,NULL,40,,,N,,N,N,098-CR-1032-0,NULL,NULL,2021,O,7.27E+11,098-CR-1032  -000,HIGH,098-CR-1032  -000,0.34,0,0,0,0,0,0,1,0,0,0,0,1,0,0
3788,72562067,980100,2.02E+11,20201104,1746,,MT CHASE,,DR,,,,,,Y,N,NULL,NULL,NULL,N,NULL,NULL,NULL,NULL,NULL,NULL,0.075,NULL,NULL,NULL,NULL,,NULL,0,0,2,2,N,N,15,NULL,98,9801,NULL,,Y,37.48288,-82.52852,N,NULL,NULL,NULL,NULL,NULL,NULL,NULL,NULL,8,97,1,5,1,1,2,2,6,3,N,NULL,N,N,1746,1749,1749,N,NULL,47,,,N,,N,N,,NULL,NULL,2020,O,7.26E+11,098-CS-1179  -000,MEDIUM,098-CS-1179  -000,0.075,0,0,0,0,0,0,0,0,0,0,0,0,0,1
3789,72708907,980100,2.02E+11,20211211,619,,US23,,,US0023,US0023,0,098 US-23,US0023,N,N,NULL,NULL,NULL,N,NULL,NULL,NULL,NULL,NULL,NULL,22.289,NULL,NULL,NULL,NULL,,NULL,0,0,1,1,N,N,55,NULL,98,9801,NULL,,Y,37.46135,-82.51684,N,NULL,NULL,NULL,NULL,NULL,NULL,NULL,NULL,9,3,4,6,1,5,3,6,1,3,N,NULL,Y,N,619,623,623,N,NULL,38,,1,N,,N,N,098-US-0023-0,NULL,NULL,2021,O,7.27E+11,098-US-0023  -000,HIGH,098-US-0023  -000,22.289,0,0,0,0,0,0,0,0,0,0,0,0,0,1
3790,72772156,KSP0900,22-173174,20220510,2124,,US119,,,US0119,US0119,0,098 US-119,US0119,N,N,NULL,NULL,NULL,N,NULL,NULL,NULL,NULL,NULL,NULL,23.459,NULL,NULL,NULL,NULL,,NULL,0,1,2,2,N,N,55,NULL,98,9836,NULL,,Y,37.64816,-82.26751,N,NULL,NULL,NULL,NULL,NULL,NULL,NULL,NULL,7,3,4,6,1,1,2,5,8,3,Y,NULL,N,Y,2254,2358,2358,N,NULL,54,2,1,N,,N,N,098-US-0119-0,NULL,NULL,2022,K,7.28E+11,098-US-0119  -000,HIGH,098-US-0119  -000,23.459,0,0,0,0,0,0,0,1,1,0,0,1,0,0
3791,72413097,KSP0900,19-37934,20190927,2103,,US23,,,US0023,US0023,0,098 US-23,US0023,N,N,NULL,NULL,NULL,N,NULL,NULL,NULL,NULL,NULL,NULL,10.35,NULL,NULL,NULL,NULL,,NULL,0,0,1,1,N,N,55,NULL,98,9827,NULL,,Y,37.34208,-82.54967,N,NULL,NULL,NULL,NULL,NULL,NULL,NULL,NULL,9,3,4,5,1,1,2,4,7,3,N,NULL,Y,N,2118,2154,2154,N,NULL,38,,1,N,,N,N,098-US-0023-0,NULL,NULL,2019,O,7.24E+11,098-US-0023  -000,HIGH,098-US-0023  -000,10.35,0,0,0,0,0,0,0,0,0,0,0,0,0,0