OBJECTID,MasterFile,AgencyORINumber,LocalCode,CollisionDate,CollisionTime,CollisionDayWeekCode,RoadwayName,RoadwayName_Direction_,RoadwayName_RoadwaySuffix_,RoadwayfromReport,CurrentRoadwayNumber,RoadwayNumberCoupletID,RSEUniqueGIS,RoadwayIdentifier,ParkingLotIndicator,IntersectionWith_Indicator_,IntersectionWith_NameRoadway_,IntersectionWith_Direction_,IntersectionWith_RoadwaySuffix_,BetweenStreets_Indicator_,BetweenStreets1_NameRoadway_,BetweenStreet1_Direction_,BetweenStreets1_RoadwaySuffix_,BetweenStreets2_NameRoadway_,BetweenStreets2_Direction_,BetweenStreets2_RoadwaySuffix_,Milepoint,ReportMilepointDeriveNumber,CurrentDerivedMiepointNumber,MilestoMilepoint,FeettoMilepoint,DirectionfromMilepoint_NSEW_,ValidMilepointIndicator,NumberInjured,NumberKilled,ofUnits,ofMotorVehicleUnits,Hit&RunIndicator,OneWayIndicator,SpeedLimitNumber,KilometersIndicator,CountyCode,CityCountyCode,MilesFromCity,DirectionFromCity_NSEW_,InCityLimitsIndicator,Latitude,Longitude,RampIndicator,RampFromIdentifier,RampFromDirCode,RampFromCoupletID,RSEUniqueGISRampFrom,RampToidentifier,RampToDirCode,RampToCoupletID,RSEUniqueGisRampTo,MannerofCollisionCode,LocationFirstEventCode,TotalLanes,RoadwayCharacterCode,RoadwaySurfaceCode,RoadwayConditionCode,WeatherCode,LightConditionCode,LandUseCode,SchoolBusRelatedCode,FirstAidSceneIndicator,CollDescPresentInd,InvestigationCompleteIndicator,PhotosTakenIndicator,TimeNotified,TimeArrived,TimeRoadwayOpened,PropertyDamageIndicator,DiagramPresentIndicator,DirectionalAnalysis,FunctionClassCode,NationalHwySysCode,EnforcementsIndicator,KARSCityCode,SecondaryCollisionIndicator,MedianCrossoverIndicator,RT_UNIQUE,MapIt,TimeLastLeft,YR,KABCO,MFNY,WorkingRID,RT_CONFIDENCE,KTC_RT,KTC_MP,Motorcyclist,Commercial Vehicle,Young Driver,Mature Driver,Pedestrian,Bicyclist,Distracted,Aggressive,Impaired,Unrestrained,Intersection,Roadway Departure,Median Cross-over,City Crash
3792,72646141,980100,2.02E+11,20210706,1422,,HAROLDS BRANCH,,RD,,,0,098 CS-1223,CS1223,Y,N,NULL,NULL,NULL,N,NULL,NULL,NULL,NULL,NULL,NULL,0.068,NULL,NULL,NULL,NULL,,NULL,0,0,2,2,N,N,,NULL,98,9801,NULL,,Y,37.47196,-82.52213,N,NULL,NULL,NULL,NULL,NULL,NULL,NULL,NULL,2,97,,6,2,1,2,2,5,3,N,NULL,Y,N,1422,1426,1443,N,NULL,90,,,N,,N,N,098-CS-1223-0,NULL,NULL,2021,O,7.26E+11,098-CS-1223  -000,HIGH,098-CS-1223  -000,0.068,0,0,0,1,0,0,0,0,0,0,0,0,0,1
3793,72453215,980000,19-12-005,20191204,1630,,FERRELL,,RD,,,0,098 CR-1877,CR1877,N,N,NULL,NULL,NULL,N,NULL,NULL,NULL,NULL,NULL,NULL,0.053,NULL,NULL,NULL,NULL,,NULL,0,0,1,1,N,N,35,NULL,98,9825,NULL,,Y,37.51504,-82.08598,N,NULL,NULL,NULL,NULL,NULL,NULL,NULL,NULL,9,5,2,3,1,5,2,2,6,3,N,NULL,Y,Y,1800,1840,2005,N,NULL,51,,,N,,N,N,098-CR-1877-0,NULL,NULL,2019,O,7.25E+11,098-CR-1877  -000,HIGH,098-CR-1877  -000,0.053,0,0,0,0,0,0,0,0,0,0,0,1,0,0
3794,72553264,980100,2.02E+11,20201011,1930,,MAYO,S,TRL,US0023,US0023,,,,N,N,NULL,NULL,NULL,N,NULL,NULL,NULL,NULL,NULL,NULL,22.945,NULL,NULL,NULL,NULL,,NULL,1,0,2,2,N,N,55,NULL,98,9801,NULL,,Y,37.46542,-82.52599,N,NULL,NULL,NULL,NULL,NULL,NULL,NULL,NULL,1,3,4,6,1,1,2,5,1,3,Y,NULL,Y,Y,1930,1935,2010,N,NULL,55,,1,Y,,N,N,,NULL,NULL,2020,B,7.26E+11,098-US-0023  -010,MEDIUM,098-US-0023  -000,22.945,0,0,0,0,0,0,1,1,0,0,0,0,0,1
3795,72766285,980100,2.02E+11,20220523,1258,,CASSIDY,,BLVD,,,0,098 CS-1191,CS1191,Y,N,NULL,NULL,NULL,N,NULL,NULL,NULL,NULL,NULL,NULL,0.24,NULL,NULL,NULL,NULL,,NULL,0,0,2,2,N,N,,NULL,98,9801,NULL,,Y,37.50441,-82.5358,N,NULL,NULL,NULL,NULL,NULL,NULL,NULL,NULL,2,97,,6,1,5,6,2,1,3,N,NULL,Y,N,1258,1312,1312,N,NULL,90,,,N,,N,N,098-CS-1191-0,NULL,NULL,2022,O,7.28E+11,098-CS-1191  -000,HIGH,098-CS-1191  -000,0.24,0,0,0,1,0,0,1,0,0,0,0,0,0,1
3796,72640795,KSP0900,21-262445,20210625,900,,FISHTRAP,,RD,KY1441,KY1441,0,098 KY-1441,KY1441,N,N,NULL,NULL,NULL,N,NULL,NULL,NULL,NULL,NULL,NULL,1.7,NULL,NULL,NULL,NULL,,NULL,0,0,1,1,N,N,55,NULL,98,9801,NULL,,Y,37.41507,-82.42454,N,NULL,NULL,NULL,NULL,NULL,NULL,NULL,NULL,9,3,2,6,1,1,2,6,7,3,Y,NULL,N,N,2300,2310,2315,N,NULL,40,8,0,N,,N,N,098-KY-1441-0,NULL,NULL,2021,O,7.26E+11,098-KY-1441  -000,HIGH,098-KY-1441  -000,1.7,0,0,0,0,0,0,0,0,0,1,0,1,0,0
3797,72486236,KSP0900,20-8727,20200306,2012,,POTTERS GROCERY,,RD,,,0,098 CR-1980,CR1980,N,N,NULL,NULL,NULL,N,NULL,NULL,NULL,NULL,NULL,NULL,0.114,NULL,NULL,NULL,NULL,,NULL,0,0,1,1,N,N,55,NULL,98,9802,NULL,,Y,37.24945,-82.48891,N,NULL,NULL,NULL,NULL,NULL,NULL,NULL,NULL,9,97,1,4,1,5,8,5,6,1,N,NULL,Y,Y,2011,2045,2045,N,NULL,40,,,N,,N,N,098-CR-1980-0,NULL,NULL,2020,O,7.25E+11,098-CR-1980  -000,HIGH,098-CR-1980  -000,0.114,0,0,0,1,0,0,0,0,0,0,0,1,0,0
3798,72522479,980100,2.02E+11,20200712,520,,US23,S,,,,,,,N,N,NULL,NULL,NULL,N,NULL,NULL,NULL,NULL,NULL,NULL,,NULL,NULL,NULL,NULL,NULL,NULL,1,0,2,2,N,N,55,NULL,98,9801,NULL,,Y,37.40139,-82.52953,N,NULL,NULL,NULL,NULL,NULL,NULL,NULL,NULL,5,3,1,1,1,1,2,1,7,3,Y,NULL,Y,Y,520,554,,N,NULL,49,,,Y,,N,N,,NULL,NULL,2020,B,7.25E+11,098-US-0023  -010,MEDIUM,098-US-0023  -000,15.391,0,0,0,0,0,0,0,1,1,1,0,1,0,0
3799,72595381,980500,2021AR005,20210217,1304,,US 23 SOUTH,,,,,,,,N,N,NULL,NULL,NULL,N,NULL,NULL,NULL,NULL,NULL,NULL,,NULL,NULL,NULL,NULL,NULL,NULL,1,0,2,2,N,N,45,NULL,98,9807,NULL,,Y,37.52974,-82.57612,N,NULL,NULL,NULL,NULL,NULL,NULL,NULL,NULL,5,3,6,6,1,1,2,2,7,3,Y,NULL,Y,Y,1304,1307,1331,N,NULL,70,,,N,,N,N,,NULL,NULL,2021,C,7.26E+11,098-US-0023  -010,MEDIUM,098-US-0023  -000,29.469,0,0,0,1,0,0,1,0,0,1,0,0,0,1
3800,72719443,KSP0900,22-5787,20220105,1604,,US23,,,US0023,US0023,0,098 US-23,US0023,Y,N,NULL,NULL,NULL,N,NULL,NULL,NULL,NULL,NULL,NULL,31.983,NULL,NULL,NULL,NULL,,NULL,0,0,2,2,N,N,,NULL,98,9801,NULL,,Y,37.53759,-82.60851,N,NULL,NULL,NULL,NULL,NULL,NULL,NULL,NULL,2,97,0,6,1,1,2,2,6,3,N,NULL,Y,N,1604,1610,,N,NULL,90,,1,N,,N,N,098-US-0023-0,NULL,NULL,2022,O,7.27E+11,098-US-0023  -000,HIGH,098-US-0023  -000,31.983,0,0,0,1,0,0,0,0,0,0,0,0,0,1
3801,72597633,KSP0900,21-74050,20210224,1727,,US23,,,US0023,US0023,0,098 US-23,US0023,Y,N,NULL,NULL,NULL,N,NULL,NULL,NULL,NULL,NULL,NULL,12.917,NULL,NULL,NULL,NULL,,NULL,0,0,1,1,N,N,10,NULL,98,9867,NULL,,Y,37.37228,-82.54311,N,NULL,NULL,NULL,NULL,NULL,NULL,NULL,NULL,9,97,1,6,1,1,2,2,1,3,N,NULL,Y,N,1749,1800,1727,N,NULL,90,,1,N,,N,N,098-US-0023-0,NULL,NULL,2021,O,7.26E+11,098-US-0023  -000,HIGH,098-US-0023  -000,12.917,0,0,0,0,0,0,1,0,0,0,0,0,0,0
3802,72721787,980100,2.02E+11,20210115,400,,KY194,,,KY0194,KY0194,0,098 KY-194,KY0194,N,N,NULL,NULL,NULL,N,NULL,NULL,NULL,NULL,NULL,NULL,10.163,NULL,NULL,NULL,NULL,,NULL,0,0,1,1,N,N,55,NULL,98,9801,10,NW,N,37.59601,-82.52415,N,NULL,NULL,NULL,NULL,NULL,NULL,NULL,NULL,9,3,2,3,1,1,3,4,1,3,N,NULL,Y,N,1858,1858,,N,NULL,44,7,0,N,,N,N,098-KY-0194-0,NULL,NULL,2021,O,7.27E+11,098-KY-0194  -000,HIGH,098-KY-0194  -000,10.163,0,0,0,0,0,0,0,0,0,0,0,1,0,0
3803,72641008,KSP0900,21-265041,20210627,1701,,US23,,,US0023,US0023,0,098 US-23,US0023,Y,N,NULL,NULL,NULL,N,NULL,NULL,NULL,NULL,NULL,NULL,28.706,NULL,NULL,NULL,NULL,,NULL,0,0,2,2,N,Y,10,NULL,98,9807,NULL,,Y,37.52077,-82.56839,N,NULL,NULL,NULL,NULL,NULL,NULL,NULL,NULL,5,97,1,6,1,5,2,2,1,3,N,NULL,Y,N,1701,1712,1710,N,NULL,90,,1,N,,N,N,098-US-0023-0,NULL,NULL,2021,O,7.26E+11,098-US-0023  -000,HIGH,098-US-0023  -000,28.706,0,0,0,1,0,0,0,0,0,0,0,0,0,0
3804,72527310,KSP0900,20-626427,20200731,52,,US119,,,US0119,US0119,0,098 US-119-10,US0119,N,N,NULL,NULL,NULL,N,NULL,NULL,NULL,NULL,NULL,NULL,2.729,NULL,NULL,NULL,NULL,,NULL,0,0,2,2,Y,N,55,NULL,98,9828,NULL,,Y,37.51403,-82.48649,N,NULL,NULL,NULL,NULL,NULL,NULL,NULL,NULL,5,3,2,6,1,1,2,5,7,3,N,NULL,N,N,52,52,52,N,NULL,49,2,1,N,,N,N,098-US-0119-10,NULL,NULL,2020,O,7.25E+11,098-US-0119  -010,HIGH,098-US-0119  -000,2.729,0,0,1,0,0,0,0,1,0,0,0,0,0,1
3805,72640190,KSP0900,21-261227,20210625,930,,FISHTRAP,,RD,KY1441,KY1441,0,098 KY-1441,KY1441,N,N,NULL,NULL,NULL,N,NULL,NULL,NULL,NULL,NULL,NULL,11.19,NULL,NULL,NULL,NULL,,NULL,1,0,1,1,N,N,45,NULL,98,9850,NULL,,Y,37.53069,-82.4576,N,NULL,NULL,NULL,NULL,NULL,NULL,NULL,NULL,9,3,2,3,1,1,2,2,7,3,Y,NULL,Y,Y,930,930,1030,N,NULL,44,8,0,N,,N,N,098-KY-1441-0,NULL,NULL,2021,B,7.26E+11,098-KY-1441  -000,HIGH,098-KY-1441  -000,11.19,0,0,0,0,0,0,1,0,0,0,0,1,0,0
3806,72582274,980100,2.02E+11,20210104,1605,,MAYO,S,TRL,KY3496,KY3496,,,,Y,N,NULL,NULL,NULL,N,NULL,NULL,NULL,NULL,NULL,NULL,0.049,NULL,NULL,NULL,NULL,,NULL,0,0,2,2,N,N,15,NULL,98,9801,NULL,,Y,37.46538,-82.52863,N,NULL,NULL,NULL,NULL,NULL,NULL,NULL,NULL,2,97,0,6,1,1,2,2,1,3,N,NULL,Y,N,1605,1609,1609,N,NULL,90,16,0,N,,N,N,,NULL,NULL,2021,O,7.26E+11,098-KY-3496  -000,MEDIUM,098-KY-3496  -000,0.049,0,0,0,0,0,0,1,0,0,0,0,0,0,1
3807,72620154,KSP0900,21-175675,20210502,959,,UPPER CHLOE,,RD,,,0,098 CR-1309,CR1309,N,N,NULL,NULL,NULL,N,NULL,NULL,NULL,NULL,NULL,NULL,0.916,NULL,NULL,NULL,NULL,,NULL,0,0,1,1,N,N,25,NULL,98,9801,NULL,,Y,37.45926,-82.46427,N,NULL,NULL,NULL,NULL,NULL,NULL,NULL,NULL,9,5,2,6,1,1,2,2,7,3,N,NULL,Y,Y,959,1019,1030,Y,NULL,51,,,N,,N,N,098-CR-1309-0,NULL,NULL,2021,O,7.26E+11,098-CR-1309  -000,HIGH,098-CR-1309  -000,0.916,0,0,0,0,0,0,0,0,0,0,0,1,0,0
3808,72760571,KSP0900,22-168099,20220507,859,,APPALACHIAN,,PLZ,,,0,098 PR-1008,PR1008,Y,N,NULL,NULL,NULL,N,NULL,NULL,NULL,NULL,NULL,NULL,0.098,NULL,NULL,NULL,NULL,,NULL,0,0,1,1,N,N,,NULL,98,9834,NULL,,Y,37.66686,-82.27483,N,NULL,NULL,NULL,NULL,NULL,NULL,NULL,NULL,9,97,2,6,1,5,6,2,5,3,N,NULL,Y,N,859,930,930,Y,NULL,90,,,N,,N,N,098-PR-1008-0,NULL,NULL,2022,O,7.28E+11,098-PR-1008  -000,HIGH,098-PR-1008  -000,0.098,0,0,0,0,0,0,1,0,0,0,0,1,0,0
3809,72711938,980100,2.02E+11,20211220,921,,MAYO,S,TRL,US0460,US0460,0,098 US-460,US0460,N,N,NULL,NULL,NULL,N,NULL,NULL,NULL,NULL,NULL,NULL,0.372,NULL,NULL,NULL,NULL,,NULL,0,0,1,1,N,N,35,NULL,98,9801,NULL,,Y,37.43757,-82.51109,N,NULL,NULL,NULL,NULL,NULL,NULL,NULL,NULL,9,5,2,6,1,1,2,2,1,3,N,NULL,Y,Y,921,928,928,Y,NULL,40,,1,N,,N,N,098-US-0460-0,NULL,NULL,2021,O,7.27E+11,098-US-0460  -000,HIGH,098-US-0460  -000,0.372,0,0,1,0,0,0,0,0,0,0,0,1,0,1
3810,72632178,980100,2.02E+11,20210603,1113,,BYPASS,,RD,,,0,098 CS-1223,CS1223,Y,N,NULL,NULL,NULL,N,NULL,NULL,NULL,NULL,NULL,NULL,,NULL,NULL,NULL,NULL,NULL,NULL,0,0,1,1,N,N,,NULL,98,9801,NULL,,Y,37.47128,-82.52117,N,NULL,NULL,NULL,NULL,NULL,NULL,NULL,NULL,9,97,1,6,1,1,3,2,1,3,N,NULL,Y,N,1113,1120,1120,Y,NULL,90,,,N,,N,N,098-CS-1223-0,NULL,NULL,2021,O,7.26E+11,098-CS-1223  -000,HIGH,098-CS-1223  -000,0.135,0,0,0,0,0,0,0,0,0,0,0,1,0,1
3811,72555085,980100,2.02E+11,20201020,1032,,BYPASS,S,RD,KY1426,KY1426,0,098 KY-1426,KY1426,N,N,NULL,NULL,NULL,N,NULL,NULL,NULL,NULL,NULL,NULL,5.576,NULL,NULL,NULL,NULL,,NULL,0,0,2,2,N,N,55,NULL,98,9801,NULL,,Y,37.47253,-82.52491,N,NULL,NULL,NULL,NULL,NULL,NULL,NULL,NULL,8,7,2,4,1,1,2,2,1,3,N,NULL,Y,N,1032,1038,,N,NULL,47,,0,N,,N,N,098-KY-1426-0,NULL,NULL,2020,O,7.26E+11,098-KY-1426  -000,HIGH,098-KY-1426  -000,5.576,0,0,0,1,0,0,0,0,0,0,0,0,0,1
3812,72768430,980500,2022AR023,20220602,1423,,MULLINS,,HL,,,0,098 CR-1426T,CR1426T,Y,N,NULL,NULL,NULL,N,NULL,NULL,NULL,NULL,NULL,NULL,,NULL,NULL,NULL,NULL,NULL,NULL,0,0,2,2,N,N,,NULL,98,9807,NULL,,Y,37.53874,-82.58014,N,NULL,NULL,NULL,NULL,NULL,NULL,NULL,NULL,2,97,,6,3,1,2,2,6,3,N,NULL,Y,Y,1420,1423,1423,N,NULL,90,,,N,,N,N,098-CR-1426T-0,NULL,NULL,2022,O,7.28E+11,098-CR-1426T -000,MEDIUM,098-CR-1426T -000,0,0,0,0,1,0,0,1,0,0,0,0,0,0,0
3813,72432113,980500,2019AR070,20191105,1500,,US23,,,US0023,US0023,0,098 US-23-10,US0023,Y,N,NULL,NULL,NULL,N,NULL,NULL,NULL,NULL,NULL,NULL,29.155,NULL,NULL,NULL,NULL,,NULL,0,0,2,2,Y,N,15,NULL,98,9807,NULL,,Y,37.52721,-82.57533,N,NULL,NULL,NULL,NULL,NULL,NULL,NULL,NULL,7,7,2,6,1,1,2,2,7,3,N,NULL,Y,N,1500,1504,,N,NULL,90,,1,N,,N,N,098-US-0023-10,NULL,NULL,2019,O,7.24E+11,098-US-0023  -010,HIGH,098-US-0023  -000,29.155,0,0,0,0,0,0,1,0,0,0,0,0,0,0
3814,72515590,KSP0900,20-571238,20200628,900,,US119,,,US0119,US0119,0,098 US-119-10,US0119,N,N,NULL,NULL,NULL,N,NULL,NULL,NULL,NULL,NULL,NULL,1.99,NULL,NULL,NULL,NULL,,NULL,0,0,1,1,N,N,55,NULL,98,9801,NULL,,Y,37.5126,-82.49963,N,NULL,NULL,NULL,NULL,NULL,NULL,NULL,NULL,9,3,2,2,1,6,5,2,7,3,N,NULL,Y,Y,905,915,,N,NULL,70,2,1,N,,N,N,098-US-0119-10,NULL,NULL,2020,O,7.25E+11,098-US-0119  -010,HIGH,098-US-0119  -000,1.99,0,0,0,0,0,0,0,0,0,0,0,1,0,1
3815,72511517,980100,2.02E+11,20200616,1142,,BYPASS,S,RD,KY1426,KY1426,0,098 KY-1426,KY1426,N,N,NULL,NULL,NULL,N,NULL,NULL,NULL,NULL,NULL,NULL,6.105,NULL,NULL,NULL,NULL,,NULL,0,0,2,2,Y,N,35,NULL,98,9801,NULL,,Y,37.47705,-82.51694,N,NULL,NULL,NULL,NULL,NULL,NULL,NULL,NULL,5,3,2,6,1,1,3,2,7,3,N,NULL,Y,N,1143,1152,1152,N,NULL,49,,0,N,,N,N,098-KY-1426-0,NULL,NULL,2020,O,7.25E+11,098-KY-1426  -000,HIGH,098-KY-1426  -000,6.105,0,0,1,0,0,0,0,0,0,0,0,0,0,1
3816,72487306,980000,20-03-003,20200310,1101,,US460,,,US0460,US0460,0,098 US-460,US0460,N,N,NULL,NULL,NULL,N,NULL,NULL,NULL,NULL,NULL,NULL,2.21,NULL,NULL,NULL,NULL,,NULL,0,0,1,1,Y,N,55,NULL,98,9824,5,SE,N,37.4338,-82.48871,N,NULL,NULL,NULL,NULL,NULL,NULL,NULL,NULL,9,3,2,3,1,1,2,2,7,3,N,NULL,Y,Y,1101,1108,1108,N,NULL,70,,1,N,,N,N,098-US-0460-0,NULL,NULL,2020,O,7.25E+11,098-US-0460  -000,HIGH,098-US-0460  -000,2.21,0,1,0,0,0,0,0,0,0,0,0,0,0,0
3817,72729767,KSP0900,22-48699,20220209,1918,,KY194,,,KY0194,KY0194,0,098 KY-194,KY0194,N,N,NULL,NULL,NULL,N,NULL,NULL,NULL,NULL,NULL,NULL,28.659,NULL,NULL,NULL,NULL,,NULL,1,0,1,1,N,N,55,NULL,98,9849,NULL,,Y,37.47144,-82.35301,N,NULL,NULL,NULL,NULL,NULL,NULL,NULL,NULL,9,6,2,5,1,1,2,6,7,3,Y,NULL,Y,Y,1925,1955,2030,N,NULL,40,7,0,N,,N,N,098-KY-0194-0,NULL,NULL,2022,B,7.27E+11,098-KY-0194  -000,HIGH,098-KY-0194  -000,28.659,0,0,0,0,0,0,0,0,0,0,0,1,0,0
3818,72569492,KSP0900,20-806612,20201128,125,,US119,,,US0119,US0119,,,,N,N,NULL,NULL,NULL,N,NULL,NULL,NULL,NULL,NULL,NULL,10.137,NULL,NULL,NULL,NULL,,NULL,0,0,1,1,N,N,55,NULL,98,9820,NULL,,Y,37.58407,-82.40422,N,NULL,NULL,NULL,NULL,NULL,NULL,NULL,NULL,9,3,4,6,1,1,2,6,7,3,N,NULL,Y,N,129,202,202,N,NULL,38,2,1,N,,N,N,,NULL,NULL,2020,O,7.26E+11,098-US-0119  -010,MEDIUM,098-US-0119  -000,10.137,0,0,0,0,0,0,0,0,0,0,0,0,0,0
3819,72694858,KSP0900,21-459800,20211109,1515,,US119,,,US0119,US0119,0,098 US-119,US0119,Y,N,NULL,NULL,NULL,N,NULL,NULL,NULL,NULL,NULL,NULL,24.164,NULL,NULL,NULL,NULL,,NULL,0,0,2,2,N,N,10,NULL,98,9834,NULL,,Y,37.65818,-82.27039,N,NULL,NULL,NULL,NULL,NULL,NULL,NULL,NULL,2,97,4,6,1,1,2,2,7,3,N,NULL,Y,N,1515,1520,1545,N,NULL,90,2,1,N,,N,N,098-US-0119-0,NULL,NULL,2021,O,7.27E+11,098-US-0119  -000,HIGH,098-US-0119  -000,24.164,0,0,0,0,0,0,0,0,0,0,0,0,0,0
3820,72552212,980100,2.02E+11,20201007,1014,,CASSIDY,,BLVD,,,,,,N,N,NULL,NULL,NULL,N,NULL,NULL,NULL,NULL,NULL,NULL,0.261,NULL,NULL,NULL,NULL,,NULL,0,0,2,2,N,N,15,NULL,98,9801,NULL,,Y,37.50463,-82.53612,N,NULL,NULL,NULL,NULL,NULL,NULL,NULL,NULL,1,3,3,6,1,1,3,2,1,3,N,NULL,Y,N,1014,1024,,N,NULL,55,,,N,,N,N,,NULL,NULL,2020,O,7.26E+11,098-CS-1191  -000,MEDIUM,098-CS-1191  -000,0.261,0,0,0,1,0,0,1,1,0,0,0,0,0,1
3821,72772493,980000,2206001,20220606,1110,,VIRGINA ST,,,,,,,,N,N,NULL,NULL,NULL,N,NULL,NULL,NULL,NULL,NULL,NULL,,NULL,NULL,NULL,NULL,NULL,NULL,0,0,2,2,N,N,15,NULL,98,9834,0.1,N,N,37.67317,-82.28244,N,NULL,NULL,NULL,NULL,NULL,NULL,NULL,NULL,2,7,2,6,1,1,2,2,1,3,N,NULL,N,N,1115,1120,1150,N,NULL,56,,,N,,N,N,,NULL,NULL,2022,O,7.28E+11,098-CR-1035K -000,MEDIUM,098-CR-1035K -000,0.015,0,0,0,1,0,0,1,0,0,0,0,0,0,0
3822,72460370,980100,2.02E+11,20200107,820,,US119,,,US0119,US0119,0,098 US-119-10,US0119,N,N,NULL,NULL,NULL,N,NULL,NULL,NULL,NULL,NULL,NULL,2.265,NULL,NULL,NULL,NULL,,NULL,0,0,1,1,N,N,55,NULL,98,9801,NULL,,Y,37.51321,-82.4947,N,NULL,NULL,NULL,NULL,NULL,NULL,NULL,NULL,9,5,2,5,1,4,9,2,7,3,N,NULL,Y,N,820,820,820,N,NULL,40,2,1,N,,N,N,098-US-0119-10,NULL,NULL,2020,O,7.25E+11,098-US-0119  -010,HIGH,098-US-0119  -000,2.265,0,0,0,0,0,0,0,0,0,0,0,1,0,1
3823,72502681,KSP0900,20-17850,20200513,1400,,NARROWS,,BR,,,0,098 CR-1078,CR1078,N,N,NULL,NULL,NULL,N,NULL,NULL,NULL,NULL,NULL,NULL,0.418,NULL,NULL,NULL,NULL,,NULL,0,0,2,2,N,N,35,NULL,98,9842,NULL,,Y,37.61196,-82.24744,N,NULL,NULL,NULL,NULL,NULL,NULL,NULL,NULL,3,3,1,3,1,5,6,2,7,3,N,NULL,Y,N,1400,1405,1445,N,NULL,52,,,N,,N,N,098-CR-1078-0,NULL,NULL,2020,O,7.25E+11,098-CR-1078  -000,HIGH,098-CR-1078  -000,0.418,0,0,0,0,0,0,0,1,0,0,0,1,0,0
3824,72573916,KSP0900,2020-823506,20201210,1900,,KY194,,,KY0194,KY0194,0,098 KY-194,KY0194,N,N,NULL,NULL,NULL,N,NULL,NULL,NULL,NULL,NULL,NULL,25.201,NULL,NULL,NULL,NULL,,NULL,0,0,1,1,N,N,55,NULL,98,9817,NULL,,Y,37.51478,-82.35972,N,NULL,NULL,NULL,NULL,NULL,NULL,NULL,NULL,9,3,2,6,1,1,2,6,7,3,N,NULL,N,N,1900,1900,1900,N,NULL,40,6,0,N,,N,N,098-KY-0194-0,NULL,NULL,2020,O,7.26E+11,098-KY-0194  -000,HIGH,098-KY-0194  -000,25.201,0,0,0,0,0,0,1,0,0,0,0,1,0,0
3825,72540165,980500,2020-048,20200908,1234,,COWPEN ROAD,,,,,,,,Y,N,NULL,NULL,NULL,N,NULL,NULL,NULL,NULL,NULL,NULL,,NULL,NULL,NULL,NULL,NULL,NULL,0,0,1,1,Y,N,15,NULL,98,9807,NULL,,Y,37.53175,-82.57419,N,NULL,NULL,NULL,NULL,NULL,NULL,NULL,NULL,9,97,,6,1,1,2,2,1,3,N,NULL,Y,Y,1236,1249,1249,Y,NULL,90,,,N,,N,N,,NULL,NULL,2020,O,7.25E+11,098-KY-2061  -000,MEDIUM,098-KY-2061  -000,0.157,0,0,0,0,0,0,1,0,0,0,0,0,0,0
3826,72745142,KSP0900,22-103560,20220321,2057,,KY80,,,KY0080,KY0080,0,098 KY-80,KY0080,N,N,NULL,NULL,NULL,N,NULL,NULL,NULL,NULL,NULL,NULL,2.769,NULL,NULL,NULL,NULL,,NULL,2,0,2,2,N,N,35,NULL,98,9802,NULL,,Y,37.30779,-82.35294,N,NULL,NULL,NULL,NULL,NULL,NULL,NULL,NULL,1,3,2,4,1,1,2,6,7,3,Y,NULL,Y,Y,2106,2106,2147,N,NULL,55,7,0,Y,,N,N,098-KY-0080-0,NULL,NULL,2022,A,7.27E+11,098-KY-0080  -000,HIGH,098-KY-0080  -000,2.769,0,0,0,0,0,0,0,0,1,0,0,0,0,0
3827,72657994,980100,2.02E+11,20210812,923,,US23 TURN LANE,,,US0023,US0023,0,098 US-23-20,US0023,N,N,NULL,NULL,NULL,N,NULL,NULL,NULL,NULL,NULL,NULL,0.004,NULL,NULL,NULL,NULL,,NULL,0,0,2,2,N,N,55,NULL,98,9801,NULL,,Y,37.50397,-82.53239,N,NULL,NULL,NULL,NULL,NULL,NULL,NULL,NULL,8,3,4,6,1,1,2,2,7,3,N,NULL,Y,N,924,928,928,N,NULL,53,,1,N,,N,N,098-US-0023-20,NULL,NULL,2021,O,7.27E+11,098-US-0023  -020,HIGH,098-US-0023  -020,0.004,0,0,0,0,0,0,1,0,0,0,0,1,0,1
3828,72836418,KSP0900,22-459352,20221201,750,,US460,,,US0460,US0460,0,098 US-460,US0460,N,N,NULL,NULL,NULL,N,NULL,NULL,NULL,NULL,NULL,NULL,3.511,NULL,NULL,NULL,NULL,,NULL,2,0,3,1,N,N,55,NULL,98,9832,NULL,,Y,37.42412,-82.46889,N,NULL,NULL,NULL,NULL,NULL,NULL,NULL,NULL,5,3,2,3,1,1,2,2,7,3,Y,NULL,Y,Y,750,815,850,N,NULL,70,,1,N,,N,N,098-US-0460-0,NULL,NULL,2022,C,7.28E+11,098-US-0460  -000,HIGH,098-US-0460  -000,3.511,0,0,0,0,0,0,1,0,0,0,0,0,0,0
3829,72737334,980500,2022AR013,20220304,1407,,VILLAGE STREET,,,,,,,,Y,N,NULL,NULL,NULL,N,NULL,NULL,NULL,NULL,NULL,NULL,,NULL,NULL,NULL,NULL,NULL,NULL,0,0,1,1,N,N,10,NULL,98,9807,NULL,,Y,37.51545,-82.5623,N,NULL,NULL,NULL,NULL,NULL,NULL,NULL,NULL,9,97,,6,2,1,2,2,5,3,N,NULL,Y,Y,1409,1411,1411,Y,NULL,90,,,Y,,N,N,,NULL,NULL,2022,O,7.27E+11,098-CS-3022  -000,MEDIUM,098-CS-3022  -000,0.069,0,0,0,0,0,0,0,0,0,1,0,0,0,0