OBJECTID,MasterFile,AgencyORINumber,LocalCode,CollisionDate,CollisionTime,CollisionDayWeekCode,RoadwayName,RoadwayName_Direction_,RoadwayName_RoadwaySuffix_,RoadwayfromReport,CurrentRoadwayNumber,RoadwayNumberCoupletID,RSEUniqueGIS,RoadwayIdentifier,ParkingLotIndicator,IntersectionWith_Indicator_,IntersectionWith_NameRoadway_,IntersectionWith_Direction_,IntersectionWith_RoadwaySuffix_,BetweenStreets_Indicator_,BetweenStreets1_NameRoadway_,BetweenStreet1_Direction_,BetweenStreets1_RoadwaySuffix_,BetweenStreets2_NameRoadway_,BetweenStreets2_Direction_,BetweenStreets2_RoadwaySuffix_,Milepoint,ReportMilepointDeriveNumber,CurrentDerivedMiepointNumber,MilestoMilepoint,FeettoMilepoint,DirectionfromMilepoint_NSEW_,ValidMilepointIndicator,NumberInjured,NumberKilled,ofUnits,ofMotorVehicleUnits,Hit&RunIndicator,OneWayIndicator,SpeedLimitNumber,KilometersIndicator,CountyCode,CityCountyCode,MilesFromCity,DirectionFromCity_NSEW_,InCityLimitsIndicator,Latitude,Longitude,RampIndicator,RampFromIdentifier,RampFromDirCode,RampFromCoupletID,RSEUniqueGISRampFrom,RampToidentifier,RampToDirCode,RampToCoupletID,RSEUniqueGisRampTo,MannerofCollisionCode,LocationFirstEventCode,TotalLanes,RoadwayCharacterCode,RoadwaySurfaceCode,RoadwayConditionCode,WeatherCode,LightConditionCode,LandUseCode,SchoolBusRelatedCode,FirstAidSceneIndicator,CollDescPresentInd,InvestigationCompleteIndicator,PhotosTakenIndicator,TimeNotified,TimeArrived,TimeRoadwayOpened,PropertyDamageIndicator,DiagramPresentIndicator,DirectionalAnalysis,FunctionClassCode,NationalHwySysCode,EnforcementsIndicator,KARSCityCode,SecondaryCollisionIndicator,MedianCrossoverIndicator,RT_UNIQUE,MapIt,TimeLastLeft,YR,KABCO,MFNY,WorkingRID,RT_CONFIDENCE,KTC_RT,KTC_MP,Motorcyclist,Commercial Vehicle,Young Driver,Mature Driver,Pedestrian,Bicyclist,Distracted,Aggressive,Impaired,Unrestrained,Intersection,Roadway Departure,Median Cross-over,City Crash
3830,72410006,KSP0900,19-36662,20190918,2354,,MAIN,,ST,,,0,098 CS-3000,CS3000,N,N,NULL,NULL,NULL,N,NULL,NULL,NULL,NULL,NULL,NULL,0.43,NULL,NULL,NULL,NULL,,NULL,0,0,2,2,N,N,35,NULL,98,9807,NULL,,Y,37.51866,-82.56593,N,NULL,NULL,NULL,NULL,NULL,NULL,NULL,NULL,8,3,2,6,1,1,2,5,1,3,N,NULL,Y,N,2354,23,23,N,NULL,47,,,N,,N,N,098-CS-3000-0,NULL,NULL,2019,O,7.24E+11,098-CS-3000  -000,HIGH,098-CS-3000  -000,0.43,0,0,0,0,0,0,1,0,0,0,0,0,0,0
3831,72660311,980100,2.02E+11,20210814,1348,,CASSIDY,,BLVD,,,,,,Y,N,NULL,NULL,NULL,N,NULL,NULL,NULL,NULL,NULL,NULL,0.328,NULL,NULL,NULL,NULL,,NULL,0,0,2,2,N,N,,NULL,98,9801,NULL,,Y,37.50522,-82.53742,N,NULL,NULL,NULL,NULL,NULL,NULL,NULL,NULL,8,97,2,6,1,1,2,2,1,3,N,NULL,Y,N,1350,1356,1356,N,NULL,90,,,N,,N,N,,NULL,NULL,2021,O,7.27E+11,098-CS-1191  -000,MEDIUM,098-CS-1191  -000,0.328,0,0,0,1,0,0,1,0,0,0,0,0,0,1
3832,72580558,KSP0900,20-851212,20201231,1811,,COLLINS,,HWY,KY0122,KY0122,0,098 KY-122,KY0122,Y,N,NULL,NULL,NULL,N,NULL,NULL,NULL,NULL,NULL,NULL,10.41,NULL,NULL,NULL,NULL,,NULL,0,0,2,2,N,N,5,NULL,98,9827,NULL,,Y,37.38743,-82.54344,N,NULL,NULL,NULL,NULL,NULL,NULL,NULL,NULL,2,97,2,6,1,5,6,5,1,3,N,NULL,Y,N,1829,1830,,N,NULL,90,,0,N,,N,N,098-KY-0122-0,NULL,NULL,2020,O,7.26E+11,098-KY-0122  -000,HIGH,098-KY-0122  -000,10.41,0,0,0,1,0,0,1,0,0,0,0,0,0,0
3833,72662157,KSP0900,21-351918,20210823,1742,,KY194,,,KY0194,KY0194,0,098 KY-194,KY0194,N,N,NULL,NULL,NULL,N,NULL,NULL,NULL,NULL,NULL,NULL,26.489,NULL,NULL,NULL,NULL,,NULL,0,0,1,1,N,N,55,NULL,98,9817,NULL,,Y,37.49932,-82.35193,N,NULL,NULL,NULL,NULL,NULL,NULL,NULL,NULL,9,97,1,6,1,1,2,8,7,3,N,NULL,N,N,1742,1800,1800,Y,NULL,70,6,0,N,,N,N,098-KY-0194-0,NULL,NULL,2021,O,7.27E+11,098-KY-0194  -000,HIGH,098-KY-0194  -000,26.489,0,0,0,0,0,0,0,0,0,0,0,0,0,0
3834,72519249,KSP0900,20-589173,20200708,700,,LEFT FORK BLACKBERRY,,RD,,,0,098 CR-1809,CR1809,N,N,NULL,NULL,NULL,N,NULL,NULL,NULL,NULL,NULL,NULL,0.294,NULL,NULL,NULL,NULL,,NULL,0,0,2,2,N,N,35,NULL,98,9879,NULL,,Y,37.52469,-82.21375,N,NULL,NULL,NULL,NULL,NULL,NULL,NULL,NULL,2,3,1,6,3,5,2,2,7,3,N,NULL,Y,N,700,740,745,N,NULL,56,,,N,,N,N,098-CR-1809-0,NULL,NULL,2020,O,7.25E+11,098-CR-1809  -000,HIGH,098-CR-1809  -000,0.294,0,0,0,0,0,0,1,0,0,0,0,0,0,0
3835,72716098,980100,2.02E+11,20211231,1738,,MAYO,,CIR,,,,,,Y,N,NULL,NULL,NULL,N,NULL,NULL,NULL,NULL,NULL,NULL,0.196,NULL,NULL,NULL,NULL,,NULL,0,0,2,2,N,N,,NULL,98,9801,NULL,,Y,37.46163,-82.51735,N,NULL,NULL,NULL,NULL,NULL,NULL,NULL,NULL,2,97,,6,1,1,2,4,1,3,N,NULL,Y,N,1738,1743,,N,NULL,90,,,N,,N,N,,NULL,NULL,2021,O,7.27E+11,098-CS-1019  -000,MEDIUM,098-CS-1019  -000,0.196,0,0,0,0,0,0,0,0,0,0,0,0,0,1
3836,72536436,KSP0900,20-661232,20200821,5,,US23,,,US0023,US0023,0,098 US-23,US0023,N,N,NULL,NULL,NULL,N,NULL,NULL,NULL,NULL,NULL,NULL,29.539,NULL,NULL,NULL,NULL,,NULL,0,0,1,1,N,N,45,NULL,98,9807,NULL,,Y,37.53078,-82.57643,N,NULL,NULL,NULL,NULL,NULL,NULL,NULL,NULL,9,3,6,6,1,1,2,5,7,3,N,NULL,N,N,5,40,,N,NULL,38,,1,N,,N,N,098-US-0023-0,NULL,NULL,2020,O,7.25E+11,098-US-0023  -000,HIGH,098-US-0023  -000,29.539,0,0,0,0,0,0,0,0,0,0,0,0,0,1
3837,72706729,980100,2.02E+11,20211130,1000,,SYCAMORE,,ST,,,0,098 CS-1168,CS1168,Y,N,NULL,NULL,NULL,N,NULL,NULL,NULL,NULL,NULL,NULL,0.007,NULL,NULL,NULL,NULL,,NULL,1,0,2,1,N,N,,NULL,98,9801,NULL,,Y,37.47818,-82.52231,N,NULL,NULL,NULL,NULL,NULL,NULL,NULL,NULL,9,97,,6,1,1,2,6,5,3,N,NULL,Y,N,1657,1657,1657,N,NULL,90,,,N,,N,N,098-CS-1168-0,NULL,NULL,2021,C,7.27E+11,098-CS-1168  -000,MEDIUM,098-CS-1168  -000,0.007,0,0,0,0,1,0,1,0,0,0,0,0,0,1
3838,72762438,KSP0900,22-169139,20220507,2223,,FERRELLS CREEK,,RD,US0460,US0460,0,098 US-460,US0460,N,N,NULL,NULL,NULL,N,NULL,NULL,NULL,NULL,NULL,NULL,23.939,NULL,NULL,NULL,NULL,,NULL,2,0,2,2,Y,N,55,NULL,98,9847,NULL,,Y,37.36684,-82.24226,N,NULL,NULL,NULL,NULL,NULL,NULL,NULL,NULL,3,3,2,3,1,1,2,6,7,3,Y,NULL,Y,Y,2226,2253,10,N,NULL,52,,1,N,,N,N,098-US-0460-0,NULL,NULL,2022,C,7.28E+11,098-US-0460  -000,HIGH,098-US-0460  -000,23.939,0,0,0,0,0,0,0,0,0,0,0,1,0,0
3839,72667326,980100,2.02E+11,20210831,1921,,US23,,,US0023,US0023,0,098 US-23,US0023,N,Y,KY3496,,,N,NULL,NULL,NULL,NULL,NULL,NULL,23.06,NULL,NULL,NULL,NULL,,NULL,2,0,2,2,N,N,55,NULL,98,9801,NULL,,Y,37.4659,-82.5281,N,NULL,NULL,NULL,NULL,NULL,NULL,NULL,NULL,1,3,4,6,1,1,3,2,7,3,Y,NULL,Y,Y,1921,1925,2105,N,NULL,8,,1,Y,,N,N,098-US-0023-0,NULL,NULL,2021,B,7.27E+11,098-US-0023  -000,HIGH,098-US-0023  -000,23.06,0,0,0,0,0,0,1,1,1,0,1,0,0,1
3840,72815412,KSP0900,22-384074,20221004,1820,,KY194,,,KY0194,KY0194,0,098 KY-194,KY0194,N,N,NULL,NULL,NULL,N,NULL,NULL,NULL,NULL,NULL,NULL,57.036,NULL,NULL,NULL,NULL,,NULL,0,0,2,2,N,N,35,NULL,98,9811,NULL,,Y,37.53174,-82.16264,N,NULL,NULL,NULL,NULL,NULL,NULL,NULL,NULL,1,3,2,3,1,1,2,2,7,3,N,NULL,Y,N,1820,1820,1820,N,NULL,55,7,0,N,,N,N,098-KY-0194-0,NULL,NULL,2022,O,7.28E+11,098-KY-0194  -000,HIGH,098-KY-0194  -000,57.036,0,0,0,0,0,0,0,0,0,0,0,0,0,0
3841,72538801,980100,2.02E+12,20200903,1041,,HAMBLEY,,BLVD,,,0,098 CS-1222,CS1222,N,Y,KY1426,,,N,NULL,NULL,NULL,NULL,NULL,NULL,,NULL,NULL,NULL,NULL,,NULL,0,0,2,2,N,N,35,NULL,98,9801,NULL,,Y,37.47402,-82.52729,N,NULL,NULL,NULL,NULL,NULL,NULL,NULL,NULL,1,3,4,6,1,1,3,2,7,3,N,NULL,Y,N,1042,1045,1107,N,NULL,10,,,N,,N,N,098-CS-1222-0,NULL,NULL,2020,O,7.25E+11,098-CS-1222  -000,HIGH,098-CS-1222  -000,0,0,0,0,1,0,0,0,1,0,0,1,0,0,1
3842,72747071,370200,2022104052,20220322,1039,,ABNER MOUNTAIN,,RD,KY0122,KY0122,0,098 KY-122,KY0122,N,N,NULL,NULL,NULL,N,NULL,NULL,NULL,NULL,NULL,NULL,0.736,NULL,NULL,NULL,NULL,,NULL,0,0,1,1,N,N,55,NULL,98,9827,NULL,,Y,37.3441,-82.64931,N,NULL,NULL,NULL,NULL,NULL,NULL,NULL,NULL,9,5,2,2,1,1,3,2,7,3,N,NULL,Y,N,1041,1120,1155,N,NULL,44,,0,N,,N,N,098-KY-0122-0,NULL,NULL,2022,O,7.27E+11,098-KY-0122  -000,HIGH,098-KY-0122  -000,0.736,0,1,0,0,0,0,0,0,0,0,0,1,0,0
3843,72587787,980100,2.02E+11,20210125,1542,,BAIRD,,AVE,KY1426,KY1426,,,,N,N,NULL,NULL,NULL,N,NULL,NULL,NULL,NULL,NULL,NULL,5.416,NULL,NULL,NULL,NULL,,NULL,0,0,2,2,N,N,25,NULL,98,9801,NULL,,Y,37.47297,-82.52704,N,NULL,NULL,NULL,NULL,NULL,NULL,NULL,NULL,5,3,4,6,1,5,6,2,7,3,N,NULL,Y,N,1542,1547,1547,N,NULL,70,,0,N,,N,N,,NULL,NULL,2021,O,7.26E+11,098-KY-1426  -000,HIGH,098-KY-1426  -000,5.416,0,0,0,0,0,0,1,1,0,0,0,0,0,1
3844,72521984,980100,2.02E+11,20200717,1414,,TOWN MOUNTAIN,,RD,KY1426,KY1426,,,,N,N,NULL,NULL,NULL,N,NULL,NULL,NULL,NULL,NULL,NULL,6.921,NULL,NULL,NULL,NULL,,NULL,0,0,2,2,N,N,35,NULL,98,9801,NULL,,Y,37.48617,-82.50915,N,NULL,NULL,NULL,NULL,NULL,NULL,NULL,NULL,5,3,2,6,1,5,3,2,1,3,N,NULL,Y,N,1414,1420,1426,N,NULL,49,,0,N,,N,N,,NULL,NULL,2020,O,7.25E+11,098-KY-1426  -000,HIGH,098-KY-1426  -000,6.921,0,0,0,0,0,0,1,0,0,0,0,0,0,1
3845,72693122,KSP0900,21-455706,20211106,1350,,KY611,,,KY0611,KY0611,0,098 KY-611,KY0611,N,N,NULL,NULL,NULL,N,NULL,NULL,NULL,NULL,NULL,NULL,0.572,NULL,NULL,NULL,NULL,,NULL,0,0,1,1,N,N,55,NULL,98,9847,NULL,,Y,37.31917,-82.47388,N,NULL,NULL,NULL,NULL,NULL,NULL,NULL,NULL,9,3,2,5,1,1,2,2,7,3,N,NULL,Y,N,1353,1500,1353,N,NULL,38,8,0,N,,N,N,098-KY-0611-0,NULL,NULL,2021,O,7.27E+11,098-KY-0611  -000,HIGH,098-KY-0611  -000,0.572,0,0,0,0,0,0,0,0,0,0,0,0,0,0
3846,72608759,980000,2103007,20210331,1100,,"HWY,1056 MCCARR",,,,,,,,N,N,NULL,NULL,NULL,N,NULL,NULL,NULL,NULL,NULL,NULL,,NULL,NULL,NULL,NULL,NULL,NULL,0,0,1,1,N,N,55,NULL,98,9863,9,E,Y,37.59209,-82.17242,N,NULL,NULL,NULL,NULL,NULL,NULL,NULL,NULL,9,3,2,1,1,5,6,2,7,3,N,NULL,N,Y,1125,1200,1250,N,NULL,40,,,N,,N,N,,NULL,NULL,2021,O,7.26E+11,098-KY-1056  -000,MEDIUM,098-KY-1056  -000,8.736,0,0,0,0,0,0,0,1,0,0,0,1,0,0
3847,72738427,980000,22-03-001,20220303,1112,,WINNERS CIRCLE DRIVE,,,,,,,,Y,N,NULL,NULL,NULL,N,NULL,NULL,NULL,NULL,NULL,NULL,,NULL,NULL,NULL,NULL,NULL,NULL,0,0,2,2,N,N,,NULL,98,9801,1,NW,N,37.51312,-82.49883,N,NULL,NULL,NULL,NULL,NULL,NULL,NULL,NULL,2,97,,6,1,1,2,2,8,3,N,NULL,Y,N,1108,1112,,N,NULL,90,,,N,,N,N,,NULL,NULL,2022,O,7.27E+11,098-US-0119  -010,MEDIUM,098-US-0119  -000,2.033,0,0,1,0,0,0,0,0,0,0,0,0,0,1
3848,72538501,980000,20-09-001,20200903,1216,,US119,,,US0119,US0119,0,098 US-119,US0119,N,N,NULL,NULL,NULL,N,NULL,NULL,NULL,NULL,NULL,NULL,24.062,NULL,NULL,NULL,NULL,,NULL,0,0,2,2,N,N,45,NULL,98,9834,1,S,N,37.65654,-82.27052,N,NULL,NULL,NULL,NULL,NULL,NULL,NULL,NULL,5,3,4,6,1,5,6,2,1,3,N,NULL,Y,Y,1216,1223,1238,N,NULL,70,2,1,N,,N,N,098-US-0119-0,NULL,NULL,2020,O,7.25E+11,098-US-0119  -000,HIGH,098-US-0119  -000,24.062,0,0,0,0,0,0,0,0,0,0,0,0,0,0
3849,72781271,KSP0900,22-260472,20220709,1041,,PETER FORK,,RD,,,0,098 CR-1527,CR1527,N,N,NULL,NULL,NULL,N,NULL,NULL,NULL,NULL,NULL,NULL,1.185,NULL,NULL,NULL,NULL,,NULL,1,0,1,1,N,Y,35,NULL,98,9863,NULL,,Y,37.57707,-82.16651,N,NULL,NULL,NULL,NULL,NULL,NULL,NULL,NULL,9,6,1,1,1,5,6,2,7,3,Y,NULL,N,Y,1041,1115,1200,N,NULL,40,,,N,,N,N,098-CR-1527-0,NULL,NULL,2022,B,7.28E+11,098-CR-1527  -000,HIGH,098-CR-1527  -000,1.185,0,0,0,1,0,0,1,0,0,0,0,1,0,0
3850,72564311,980100,2.02E+11,20201113,1129,,US23,,,US0023,US0023,,,,N,N,NULL,NULL,NULL,N,NULL,NULL,NULL,NULL,NULL,NULL,25.417,NULL,NULL,NULL,NULL,,NULL,0,0,2,2,N,N,55,NULL,98,9801,NULL,,Y,37.49226,-82.53461,N,NULL,NULL,NULL,NULL,NULL,NULL,NULL,NULL,1,3,4,6,1,1,2,2,7,3,N,NULL,Y,N,1129,1132,,N,NULL,55,,1,N,,N,N,,NULL,NULL,2020,O,7.26E+11,098-US-0023  -000,MEDIUM,098-US-0023  -000,25.417,0,0,0,0,0,0,1,1,0,0,0,0,0,1
3851,72579218,980200,4135122420,20201224,2015,,KY197,,,KY0197,KY0197,0,098 KY-197,KY0197,N,N,NULL,NULL,NULL,N,NULL,NULL,NULL,NULL,NULL,NULL,16.088,NULL,NULL,NULL,NULL,,NULL,0,0,1,1,N,N,35,NULL,98,9802,NULL,,Y,37.2974,-82.35516,N,NULL,NULL,NULL,NULL,NULL,NULL,NULL,NULL,9,3,2,3,1,4,9,4,7,3,N,NULL,N,Y,2015,2024,2205,N,NULL,40,7,0,N,,N,N,098-KY-0197-0,NULL,NULL,2020,O,7.26E+11,098-KY-0197  -000,HIGH,098-KY-0197  -000,16.088,0,0,0,0,0,0,0,0,0,0,0,1,0,0
3852,72653890,980100,2.02E+11,20210801,1355,,CASSIDY,,BLVD,,,,,,N,N,NULL,NULL,NULL,N,NULL,NULL,NULL,NULL,NULL,NULL,0.266,NULL,NULL,NULL,NULL,,NULL,0,0,2,2,N,N,25,NULL,98,9801,NULL,,Y,37.50468,-82.5362,N,NULL,NULL,NULL,NULL,NULL,NULL,NULL,NULL,1,3,2,3,1,1,2,2,7,3,N,NULL,Y,N,1355,1404,1409,N,NULL,55,,,N,,N,N,,NULL,NULL,2021,O,7.27E+11,098-PS-1015  -000,LOW,098-PS-1015  -000,0.266,0,0,0,0,0,0,1,0,0,0,0,0,0,1
3853,72625902,980100,2.02E+11,20210518,1358,,MAYO,N,TRL,US0023,US0023,0,098 US-23,US0023,N,N,NULL,NULL,NULL,N,NULL,NULL,NULL,NULL,NULL,NULL,27.314,NULL,NULL,NULL,NULL,,NULL,0,0,2,2,N,N,55,NULL,98,9801,NULL,,Y,37.51068,-82.54753,N,NULL,NULL,NULL,NULL,NULL,NULL,NULL,NULL,5,3,4,6,1,1,3,2,7,3,N,NULL,Y,N,1358,1406,1358,N,NULL,49,,1,N,,N,N,098-US-0023-0,NULL,NULL,2021,O,7.26E+11,098-US-0023  -000,HIGH,098-US-0023  -000,27.314,0,0,0,0,0,0,1,0,0,0,0,0,0,1
3854,72525103,980100,2.02E+11,20200726,1445,,US460,,,US0460,US0460,,,,Y,N,NULL,NULL,NULL,N,NULL,NULL,NULL,NULL,NULL,NULL,0.187,NULL,NULL,NULL,NULL,,NULL,0,0,2,2,Y,N,15,NULL,98,9801,NULL,,Y,37.43979,-82.50902,N,NULL,NULL,NULL,NULL,NULL,NULL,NULL,NULL,8,97,,6,3,1,2,2,5,3,N,NULL,N,N,1445,1457,1457,N,NULL,90,,1,N,,N,N,,NULL,NULL,2020,O,7.25E+11,098-US-0460  -000,HIGH,098-US-0460  -000,0.187,0,0,0,0,0,0,1,0,0,0,0,0,0,1
3855,72651142,KSP0900,21-307269,20210724,2207,,US119,,,US0119,US0119,0,098 US-119-10,US0119,N,N,NULL,NULL,NULL,N,NULL,NULL,NULL,NULL,NULL,NULL,8.128,NULL,NULL,NULL,NULL,,NULL,0,0,1,1,N,N,55,NULL,98,9801,NULL,,Y,37.56009,-82.42255,N,NULL,NULL,NULL,NULL,NULL,NULL,NULL,NULL,9,3,2,4,1,1,2,5,7,3,N,NULL,Y,N,2207,2230,2230,N,NULL,38,2,1,N,,N,N,098-US-0119-10,NULL,NULL,2021,O,7.27E+11,098-US-0119  -010,HIGH,098-US-0119  -000,8.128,0,0,0,0,0,0,0,0,0,0,0,0,0,0
3856,72610001,KSP0900,21-122146,20210327,2340,,COWPEN,,RD,KY2061,KY2061,0,098 KY-2061,KY2061,N,N,NULL,NULL,NULL,N,NULL,NULL,NULL,NULL,NULL,NULL,4.125,NULL,NULL,NULL,NULL,,NULL,0,0,1,1,N,N,55,NULL,98,9807,NULL,,Y,37.56822,-82.55394,N,NULL,NULL,NULL,NULL,NULL,NULL,NULL,NULL,9,3,2,6,1,1,2,6,7,3,N,NULL,N,N,2340,2353,,N,NULL,40,,0,N,,N,N,098-KY-2061-0,NULL,NULL,2021,O,7.26E+11,098-KY-2061  -000,HIGH,098-KY-2061  -000,4.125,0,0,0,0,0,0,0,0,0,0,0,1,0,0
3857,72552003,980100,2.02E+11,20201012,2116,,THOMPSON,,RD,,,0,098 CS-1215,CS1215,N,N,NULL,NULL,NULL,N,NULL,NULL,NULL,NULL,NULL,NULL,0.249,NULL,NULL,NULL,NULL,,NULL,0,0,1,1,N,Y,25,NULL,98,9801,NULL,,Y,37.50745,-82.54804,N,NULL,NULL,NULL,NULL,NULL,NULL,NULL,NULL,9,3,2,6,1,1,2,6,7,3,N,NULL,Y,N,2116,2125,2125,N,NULL,70,,,N,,N,N,098-CS-1215-0,NULL,NULL,2020,O,7.26E+11,098-CS-1215  -000,HIGH,098-CS-1215  -000,0.249,0,0,0,0,0,0,0,0,0,0,0,0,0,1
3858,72541699,980100,2.02E+11,20200912,1911,,CASSIDY,,BLVD,,,0,098 CS-1191,CS1191,Y,N,NULL,NULL,NULL,N,NULL,NULL,NULL,NULL,NULL,NULL,0.241,NULL,NULL,NULL,NULL,,NULL,0,0,1,1,N,N,10,NULL,98,9801,NULL,,Y,37.50444,-82.5358,N,NULL,NULL,NULL,NULL,NULL,NULL,NULL,NULL,9,97,1,5,1,1,2,2,1,3,N,NULL,Y,N,1911,1916,2106,N,NULL,90,,,N,,N,N,098-CS-1191-0,NULL,NULL,2020,O,7.25E+11,098-CS-1191  -000,HIGH,098-CS-1191  -000,0.241,0,0,0,1,0,0,1,0,0,0,0,1,0,1
3859,72653107,980100,2.02E+11,20210725,1719,,CASSIDY,,BLVD,,,0,098 CS-1191,CS1191,N,N,NULL,NULL,NULL,N,NULL,NULL,NULL,NULL,NULL,NULL,0.01,NULL,NULL,NULL,NULL,,NULL,0,0,3,3,N,N,25,NULL,98,9801,NULL,,Y,37.50375,-82.53244,N,NULL,NULL,NULL,NULL,NULL,NULL,NULL,NULL,5,3,4,6,1,1,3,2,1,3,N,NULL,Y,N,1719,1728,1750,N,NULL,70,,,N,,N,N,098-CS-1191-0,NULL,NULL,2021,O,7.27E+11,098-CS-1191  -000,HIGH,098-CS-1191  -000,0.01,0,0,0,0,0,0,1,0,0,0,0,0,0,1
3860,72502765,980100,2.02E+11,20200519,1356,,FERGUSON,,LN,,,0,098 CS-1087,CS1087,Y,N,NULL,NULL,NULL,N,NULL,NULL,NULL,NULL,NULL,NULL,0.093,NULL,NULL,NULL,NULL,,NULL,0,0,2,2,N,N,,NULL,98,9801,NULL,,Y,37.48445,-82.51315,N,NULL,NULL,NULL,NULL,NULL,NULL,NULL,NULL,2,97,1,6,1,5,3,2,1,3,N,NULL,Y,N,1356,1359,1359,N,NULL,90,,,N,,N,N,098-CS-1087-0,NULL,NULL,2020,O,7.25E+11,098-CS-1087  -000,HIGH,098-CS-1087  -000,0.093,0,0,0,0,0,0,1,0,0,0,0,0,0,1
3861,72468156,KSP0900,20-3127,20200124,1426,,KY194,,,KY0194,KY0194,0,098 KY-194,KY0194,N,N,NULL,NULL,NULL,N,NULL,NULL,NULL,NULL,NULL,NULL,20.07,NULL,NULL,NULL,NULL,,NULL,1,0,1,1,N,N,55,NULL,98,9817,NULL,,Y,37.54701,-82.40288,N,NULL,NULL,NULL,NULL,NULL,NULL,NULL,NULL,9,5,2,3,1,5,6,2,7,3,Y,NULL,Y,Y,1426,1445,1606,N,NULL,44,6,0,N,,N,N,098-KY-0194-0,NULL,NULL,2020,B,7.25E+11,098-KY-0194  -000,HIGH,098-KY-0194  -000,20.07,0,0,0,0,0,0,0,0,0,0,0,1,0,0
3862,72603675,980100,2.02E+11,20210312,1642,,US23,,,US0023,US0023,,,,N,N,NULL,NULL,NULL,N,NULL,NULL,NULL,NULL,NULL,NULL,26.235,NULL,NULL,NULL,NULL,,NULL,0,0,2,2,Y,N,55,NULL,98,9801,NULL,,Y,37.50296,-82.53206,N,NULL,NULL,NULL,NULL,NULL,NULL,NULL,NULL,5,3,4,6,1,1,3,2,7,3,N,NULL,Y,N,1642,1649,1649,N,NULL,70,,1,Y,,N,N,,NULL,NULL,2021,O,7.26E+11,098-US-0023  -000,MEDIUM,098-US-0023  -000,26.235,0,0,0,0,0,0,1,0,0,0,0,0,0,1
3863,72577912,KSP0900,20-830816,20201216,1317,,US460,,,US0460,US0460,0,098 US-460,US0460,N,N,NULL,NULL,NULL,N,NULL,NULL,NULL,NULL,NULL,NULL,6.415,NULL,NULL,NULL,NULL,,NULL,1,0,1,1,N,N,55,NULL,98,9824,NULL,,Y,37.3979,-82.4332,N,NULL,NULL,NULL,NULL,NULL,NULL,NULL,NULL,9,3,2,6,1,5,6,2,7,3,N,NULL,Y,Y,1317,1322,1400,N,NULL,44,,1,N,,N,N,098-US-0460-0,NULL,NULL,2020,B,7.26E+11,098-US-0460  -000,HIGH,098-US-0460  -000,6.415,0,0,0,1,0,0,0,0,0,0,0,1,0,0
3864,72749779,980100,2.02E+11,20220408,1701,,BAIRD,,AVE,KY1426,KY1426,,,,N,N,NULL,NULL,NULL,N,NULL,NULL,NULL,NULL,NULL,NULL,5.398,NULL,NULL,NULL,NULL,,NULL,0,0,2,2,N,N,35,NULL,98,9801,NULL,,Y,37.47322,-82.52709,N,NULL,NULL,NULL,NULL,NULL,NULL,NULL,NULL,1,3,4,6,1,5,3,2,1,3,N,NULL,Y,N,1701,1706,1716,N,NULL,55,,0,N,,N,N,,NULL,NULL,2022,O,7.27E+11,098-KY-1426  -000,HIGH,098-KY-1426  -000,5.398,0,0,1,1,0,0,1,0,0,0,0,0,0,1
3865,72559714,980000,20-10-006,20201029,2000,,FISHTRAP,,RD,KY1441,KY1441,0,098 KY-1441,KY1441,N,N,NULL,NULL,NULL,N,NULL,NULL,NULL,NULL,NULL,NULL,1.118,NULL,NULL,NULL,NULL,,NULL,3,0,2,2,N,N,55,NULL,98,9832,NULL,,Y,37.40973,-82.43176,N,NULL,NULL,NULL,NULL,NULL,NULL,NULL,NULL,3,3,2,3,1,5,6,6,7,3,Y,NULL,Y,Y,1930,1945,2030,N,NULL,52,8,0,N,,N,N,098-KY-1441-0,NULL,NULL,2020,B,7.26E+11,098-KY-1441  -000,HIGH,098-KY-1441  -000,1.118,0,0,0,0,0,0,0,1,0,0,0,1,0,0
3866,72697179,KSP0900,21-313943,20210729,1129,,US119,,,US0119,US0119,0,098 US-119,US0119,N,N,NULL,NULL,NULL,N,NULL,NULL,NULL,NULL,NULL,NULL,4.185,NULL,NULL,NULL,NULL,,NULL,0,0,2,2,N,N,55,NULL,98,9820,NULL,,Y,37.51601,-82.46093,N,NULL,NULL,NULL,NULL,NULL,NULL,NULL,NULL,8,3,2,4,1,1,2,2,7,3,N,NULL,Y,N,1130,1149,1130,N,NULL,53,2,1,N,,N,N,098-US-0119-0,NULL,NULL,2021,O,7.27E+11,098-US-0119  -000,HIGH,098-US-0119  -000,4.185,0,0,0,1,0,0,1,0,0,0,0,1,0,0
3867,72412195,980100,2.02E+11,20190923,1307,,HAMBLEY,,BLVD,,,,,,Y,N,NULL,NULL,NULL,N,NULL,NULL,NULL,NULL,NULL,NULL,0.512,NULL,NULL,NULL,NULL,,NULL,0,0,2,2,N,Y,15,NULL,98,9801,NULL,,Y,37.47852,-82.52004,N,NULL,NULL,NULL,NULL,NULL,NULL,NULL,NULL,8,97,1,6,2,1,2,2,1,3,N,NULL,Y,N,1307,1313,,N,NULL,90,,,N,,N,N,,NULL,NULL,2019,O,7.24E+11,098-CS-1222  -000,MEDIUM,098-CS-1222  -000,0.512,0,0,1,0,0,0,1,0,0,0,0,0,0,1
3868,72680467,980100,2.02E+11,20211003,1512,,CASSIDY,,BLVD,,,0,098 CS-1191,CS1191,Y,N,NULL,NULL,NULL,N,NULL,NULL,NULL,NULL,NULL,NULL,0.328,NULL,NULL,NULL,NULL,,NULL,0,0,1,1,Y,N,,NULL,98,9801,NULL,,Y,37.50595,-82.53799,N,NULL,NULL,NULL,NULL,NULL,NULL,NULL,NULL,9,97,,6,1,5,6,2,1,3,N,NULL,Y,N,1512,1528,1528,N,NULL,90,,,N,,N,N,098-CS-1191-0,NULL,NULL,2021,O,7.27E+11,098-CS-1191  -000,HIGH,098-CS-1191  -000,0.328,0,0,0,0,0,0,0,0,0,0,0,0,0,1