OBJECTID,MasterFile,AgencyORINumber,LocalCode,CollisionDate,CollisionTime,CollisionDayWeekCode,RoadwayName,RoadwayName_Direction_,RoadwayName_RoadwaySuffix_,RoadwayfromReport,CurrentRoadwayNumber,RoadwayNumberCoupletID,RSEUniqueGIS,RoadwayIdentifier,ParkingLotIndicator,IntersectionWith_Indicator_,IntersectionWith_NameRoadway_,IntersectionWith_Direction_,IntersectionWith_RoadwaySuffix_,BetweenStreets_Indicator_,BetweenStreets1_NameRoadway_,BetweenStreet1_Direction_,BetweenStreets1_RoadwaySuffix_,BetweenStreets2_NameRoadway_,BetweenStreets2_Direction_,BetweenStreets2_RoadwaySuffix_,Milepoint,ReportMilepointDeriveNumber,CurrentDerivedMiepointNumber,MilestoMilepoint,FeettoMilepoint,DirectionfromMilepoint_NSEW_,ValidMilepointIndicator,NumberInjured,NumberKilled,ofUnits,ofMotorVehicleUnits,Hit&RunIndicator,OneWayIndicator,SpeedLimitNumber,KilometersIndicator,CountyCode,CityCountyCode,MilesFromCity,DirectionFromCity_NSEW_,InCityLimitsIndicator,Latitude,Longitude,RampIndicator,RampFromIdentifier,RampFromDirCode,RampFromCoupletID,RSEUniqueGISRampFrom,RampToidentifier,RampToDirCode,RampToCoupletID,RSEUniqueGisRampTo,MannerofCollisionCode,LocationFirstEventCode,TotalLanes,RoadwayCharacterCode,RoadwaySurfaceCode,RoadwayConditionCode,WeatherCode,LightConditionCode,LandUseCode,SchoolBusRelatedCode,FirstAidSceneIndicator,CollDescPresentInd,InvestigationCompleteIndicator,PhotosTakenIndicator,TimeNotified,TimeArrived,TimeRoadwayOpened,PropertyDamageIndicator,DiagramPresentIndicator,DirectionalAnalysis,FunctionClassCode,NationalHwySysCode,EnforcementsIndicator,KARSCityCode,SecondaryCollisionIndicator,MedianCrossoverIndicator,RT_UNIQUE,MapIt,TimeLastLeft,YR,KABCO,MFNY,WorkingRID,RT_CONFIDENCE,KTC_RT,KTC_MP,Motorcyclist,Commercial Vehicle,Young Driver,Mature Driver,Pedestrian,Bicyclist,Distracted,Aggressive,Impaired,Unrestrained,Intersection,Roadway Departure,Median Cross-over,City Crash
3906,72556381,980100,2.02E+11,20201024,749,,BYPASS,S,RD,KY1426,KY1426,,,,N,N,NULL,NULL,NULL,N,NULL,NULL,NULL,NULL,NULL,NULL,5.587,NULL,NULL,NULL,NULL,,NULL,0,0,2,2,N,N,35,NULL,98,9801,NULL,,Y,37.47241,-82.52469,N,NULL,NULL,NULL,NULL,NULL,NULL,NULL,NULL,1,3,2,6,1,5,6,2,1,3,N,NULL,Y,N,750,755,800,N,NULL,55,,0,N,,N,N,,NULL,NULL,2020,O,7.26E+11,098-KY-1426  -000,HIGH,098-KY-1426  -000,5.587,0,0,0,0,0,0,1,0,0,0,0,0,0,1
3907,72612502,KSP0900,2021-144115,20210411,350,,WILLIAMSON,,RD,KY0292,KY0292,0,098 KY-292,KY0292,N,N,NULL,NULL,NULL,N,NULL,NULL,NULL,NULL,NULL,NULL,9.553,NULL,NULL,NULL,NULL,,NULL,0,0,1,1,N,N,45,NULL,98,9836,NULL,,Y,37.70584,-82.30334,N,NULL,NULL,NULL,NULL,NULL,NULL,NULL,NULL,9,5,2,3,1,5,3,6,7,3,N,NULL,N,N,350,410,410,N,NULL,40,7,0,N,,N,N,098-KY-0292-0,NULL,NULL,2021,O,7.26E+11,098-KY-0292  -000,HIGH,098-KY-0292  -000,9.553,0,0,0,0,0,0,0,0,0,0,0,1,0,0
3908,72640398,980100,2.02E+11,20210625,1458,,KY3496,,,KY3496,KY3496,0,098 KY-3496,KY3496,Y,N,NULL,NULL,NULL,N,NULL,NULL,NULL,NULL,NULL,NULL,0.073,NULL,NULL,NULL,NULL,,NULL,0,0,2,2,N,N,15,NULL,98,9801,NULL,,Y,37.46558,-82.52914,N,NULL,NULL,NULL,NULL,NULL,NULL,NULL,NULL,2,97,1,6,1,1,2,2,1,3,N,NULL,Y,N,1458,1458,1515,N,NULL,90,16,0,N,,N,N,098-KY-3496-0,NULL,NULL,2021,O,7.26E+11,098-KY-3496  -000,HIGH,098-KY-3496  -000,0.073,0,0,0,0,0,0,0,0,0,0,0,0,0,1
3909,72670833,980200,980200,20210823,1600,,RUSSELL,W,ST,KY0197,KY0197,0,098 KY-197,KY0197,N,N,NULL,NULL,NULL,N,NULL,NULL,NULL,NULL,NULL,NULL,16.252,NULL,NULL,NULL,NULL,,NULL,0,0,1,1,N,N,35,NULL,98,9802,NULL,,Y,37.29963,-82.35498,N,NULL,NULL,NULL,NULL,NULL,NULL,NULL,NULL,9,4,2,3,1,1,2,2,1,3,N,NULL,Y,Y,1602,1605,1630,N,NULL,40,7,0,N,,N,N,098-KY-0197-0,NULL,NULL,2021,O,7.27E+11,098-KY-0197  -000,HIGH,098-KY-0197  -000,16.252,0,0,0,0,0,0,0,0,0,0,0,1,0,0
3910,72817326,KSP0900,2022-372810,20220926,759,,RUSSELL,W,ST,KY0197,KY0197,0,098 KY-197,KY0197,N,N,NULL,NULL,NULL,N,NULL,NULL,NULL,NULL,NULL,NULL,16.22,NULL,NULL,NULL,NULL,,NULL,0,1,2,2,N,N,35,NULL,98,9802,NULL,,Y,37.29914,-82.3549,N,NULL,NULL,NULL,NULL,NULL,NULL,NULL,NULL,1,3,2,1,1,5,3,2,1,1,Y,NULL,N,Y,939,1021,1645,N,NULL,55,7,0,N,,N,N,098-KY-0197-0,NULL,NULL,2022,K,7.28E+11,098-KY-0197  -000,HIGH,098-KY-0197  -000,16.22,0,1,0,0,0,0,1,0,0,1,0,1,0,0
3911,72685005,980100,2.02E+11,20211015,1516,,CASSIDY,,BLVD,,,0,098 CS-1191,CS1191,Y,N,NULL,NULL,NULL,N,NULL,NULL,NULL,NULL,NULL,NULL,0.218,NULL,NULL,NULL,NULL,,NULL,0,0,2,2,N,N,,NULL,98,9801,NULL,,Y,37.50466,-82.53541,N,NULL,NULL,NULL,NULL,NULL,NULL,NULL,NULL,6,97,,6,1,1,2,2,5,3,N,NULL,Y,N,1516,1517,1525,N,NULL,90,,,N,,N,N,098-CS-1191-0,NULL,NULL,2021,O,7.27E+11,098-CS-1191  -000,HIGH,098-CS-1191  -000,0.218,0,0,0,1,0,0,1,1,0,0,0,1,0,1
3912,72407531,KSP0900,19-34295,20190903,1234,,KY292,,,KY0292,KY0292,0,098 KY-292,KY0292,N,N,NULL,NULL,NULL,N,NULL,NULL,NULL,NULL,NULL,NULL,2.984,NULL,NULL,NULL,NULL,,NULL,0,0,1,1,N,N,45,NULL,98,9869,NULL,,Y,37.6604,-82.2396,N,NULL,NULL,NULL,NULL,NULL,NULL,NULL,NULL,9,3,2,3,1,1,3,2,7,3,N,NULL,Y,N,1309,1313,1330,N,NULL,44,8,0,N,,N,N,098-KY-0292-0,NULL,NULL,2019,O,7.24E+11,098-KY-0292  -000,HIGH,098-KY-0292  -000,2.984,0,0,0,0,0,0,1,0,0,0,0,1,0,0
3913,72490508,KSP0900,20-9995,20200316,1500,,US119,,,US0119,US0119,0,098 US-119,US0119,Y,N,NULL,NULL,NULL,N,NULL,NULL,NULL,NULL,NULL,NULL,23.608,NULL,NULL,NULL,NULL,,NULL,0,0,2,2,N,N,10,NULL,98,9834,NULL,,Y,37.65244,-82.268,N,NULL,NULL,NULL,NULL,NULL,NULL,NULL,NULL,2,97,2,6,1,1,3,2,7,3,N,NULL,Y,N,1500,1540,1540,N,NULL,90,2,1,N,,N,N,098-US-0119-0,NULL,NULL,2020,O,7.25E+11,098-US-0119  -000,HIGH,098-US-0119  -000,23.608,0,0,0,0,0,0,1,0,0,0,0,0,0,0
3914,72711383,980100,2.02E+11,20211214,1738,,US23,,,US0023,US0023,0,098 US-23,US0023,N,N,NULL,NULL,NULL,N,NULL,NULL,NULL,NULL,NULL,NULL,26.28,NULL,NULL,NULL,NULL,,NULL,0,0,2,2,N,N,55,NULL,98,9801,NULL,,Y,37.50361,-82.53215,N,NULL,NULL,NULL,NULL,NULL,NULL,NULL,NULL,5,3,4,6,1,1,2,2,7,3,N,NULL,Y,N,1738,1738,,N,NULL,49,,1,Y,,N,N,098-US-0023-0,NULL,NULL,2021,O,7.27E+11,098-US-0023  -000,HIGH,098-US-0023  -000,26.28,0,0,0,0,0,0,1,0,1,0,0,0,0,1
3915,72652494,KSP0900,21-309157,20210726,800,,MUDLICK,,RD,,,0,098 CR-1089,CR1089,N,N,NULL,NULL,NULL,N,NULL,NULL,NULL,NULL,NULL,NULL,1.254,NULL,NULL,NULL,NULL,,NULL,0,0,2,2,N,N,35,NULL,98,9842,NULL,,Y,37.59135,-82.22679,N,NULL,NULL,NULL,NULL,NULL,NULL,NULL,NULL,7,3,2,6,1,1,2,2,7,3,N,NULL,Y,N,800,820,800,N,NULL,54,,,N,,N,N,098-CR-1089-0,NULL,NULL,2021,O,7.27E+11,098-CR-1089  -000,HIGH,098-CR-1089  -000,1.254,0,0,1,0,0,0,0,0,0,0,0,1,0,0
3916,72420184,980100,2.02E+11,20191010,1718,,US23,,,US0023,US0023,,,,N,N,NULL,NULL,NULL,N,NULL,NULL,NULL,NULL,NULL,NULL,26.192,NULL,NULL,NULL,NULL,,NULL,0,0,2,2,N,N,55,NULL,98,9801,NULL,,Y,37.50237,-82.53201,N,NULL,NULL,NULL,NULL,NULL,NULL,NULL,NULL,5,3,4,6,1,1,2,2,7,3,N,NULL,N,N,1718,1724,1724,N,NULL,40,,1,N,,N,N,,NULL,NULL,2019,O,7.24E+11,098-US-0023  -000,MEDIUM,098-US-0023  -000,26.192,0,0,1,0,0,0,1,0,0,0,0,1,0,1
3917,72474928,KSP0900,20-4467,20200203,1526,,US119,,,US0119,US0119,0,098 US-119,US0119,N,N,NULL,NULL,NULL,N,NULL,NULL,NULL,NULL,NULL,NULL,23.866,NULL,NULL,NULL,NULL,,NULL,0,0,3,3,N,N,55,NULL,98,9834,NULL,,Y,37.65415,-82.26913,N,NULL,NULL,NULL,NULL,NULL,NULL,NULL,NULL,5,3,4,6,1,1,3,2,7,3,N,NULL,N,N,1526,1547,1558,N,NULL,49,2,1,Y,,N,N,098-US-0119-0,NULL,NULL,2020,O,7.25E+11,098-US-0119  -000,HIGH,098-US-0119  -000,23.866,0,0,0,1,0,0,1,0,0,1,0,0,0,0
3918,72610944,KSP0900,21-129242,20210401,1656,,FISHTRAP,,RD,KY1441,KY1441,0,098 KY-1441,KY1441,N,N,NULL,NULL,NULL,N,NULL,NULL,NULL,NULL,NULL,NULL,7.327,NULL,NULL,NULL,NULL,,NULL,0,0,2,2,N,N,35,NULL,98,9850,NULL,,Y,37.48557,-82.43056,N,NULL,NULL,NULL,NULL,NULL,NULL,NULL,NULL,4,3,2,6,1,1,2,2,7,1,N,NULL,Y,N,1656,1731,1742,N,NULL,47,8,0,N,,N,N,098-KY-1441-0,NULL,NULL,2021,O,7.26E+11,098-KY-1441  -000,HIGH,098-KY-1441  -000,7.327,0,0,0,0,0,0,1,0,0,0,0,0,0,0
3919,72476679,KSP0900,20-5945,20200214,1713,,US119,,,US0119,US0119,0,098 US-119,US0119,N,N,NULL,NULL,NULL,N,NULL,NULL,NULL,NULL,NULL,NULL,23.456,NULL,NULL,NULL,NULL,,NULL,0,0,2,2,N,N,55,NULL,98,9836,NULL,,Y,37.64811,-82.2675,N,NULL,NULL,NULL,NULL,NULL,NULL,NULL,NULL,5,3,2,6,1,1,2,2,8,3,N,NULL,Y,N,1713,1714,1714,N,NULL,49,2,1,N,,N,N,098-US-0119-0,NULL,NULL,2020,O,7.25E+11,098-US-0119  -000,HIGH,098-US-0119  -000,23.456,0,0,1,0,0,0,1,0,0,0,0,0,0,0
3920,72519967,980100,2.02E+11,20200707,1504,,CASSIDY,,BLVD,,,0,098 CS-1191,CS1191,Y,N,NULL,NULL,NULL,N,NULL,NULL,NULL,NULL,NULL,NULL,0.044,NULL,NULL,NULL,NULL,,NULL,0,0,2,2,N,N,,NULL,98,9801,NULL,,Y,37.50369,-82.53288,N,NULL,NULL,NULL,NULL,NULL,NULL,NULL,NULL,2,97,1,6,1,1,2,2,1,3,N,NULL,Y,N,1504,1511,1511,N,NULL,90,,,N,,N,N,098-CS-1191-0,NULL,NULL,2020,O,7.25E+11,098-CS-1191  -000,HIGH,098-CS-1191  -000,0.044,0,0,0,0,0,0,1,0,0,0,0,0,0,1
3921,72533755,980100,2.02E+11,20200817,2118,,HAMBLEY,,BLVD,,,0,098 CS-1222,CS1222,Y,N,NULL,NULL,NULL,N,NULL,NULL,NULL,NULL,NULL,NULL,0.485,NULL,NULL,NULL,NULL,,NULL,0,0,2,2,N,N,15,NULL,98,9801,NULL,,Y,37.47828,-82.52058,N,NULL,NULL,NULL,NULL,NULL,NULL,NULL,NULL,3,97,2,4,1,1,2,5,7,3,N,NULL,Y,N,2118,2118,2127,N,NULL,90,,,N,,N,N,098-CS-1222-0,NULL,NULL,2020,O,7.25E+11,098-CS-1222  -000,HIGH,098-CS-1222  -000,0.485,0,0,0,0,0,0,0,0,0,0,0,0,0,1
3922,72533172,KSP0900,20-656667,20200819,745,,KY632,,,KY0632,KY0632,0,098 KY-632,KY0632,N,N,NULL,NULL,NULL,N,NULL,NULL,NULL,NULL,NULL,NULL,5.734,NULL,NULL,NULL,NULL,,NULL,0,0,2,2,N,N,55,NULL,98,9817,NULL,,Y,37.49321,-82.26505,N,NULL,NULL,NULL,NULL,NULL,NULL,NULL,NULL,5,3,2,6,1,1,3,2,7,3,Y,NULL,Y,Y,745,750,815,N,NULL,49,6,0,N,,N,N,098-KY-0632-0,NULL,NULL,2020,O,7.25E+11,098-KY-0632  -000,HIGH,098-KY-0632  -000,5.734,0,0,0,1,0,0,1,1,0,0,0,0,0,0
3923,72581282,KSP0900,21-3089,20210103,1245,,KY1056,,,KY1056,KY1056,,,,N,N,NULL,NULL,NULL,N,NULL,NULL,NULL,NULL,NULL,NULL,5.381,NULL,NULL,NULL,NULL,,NULL,0,0,1,1,N,N,35,NULL,98,9879,NULL,,Y,37.55841,-82.19072,N,NULL,NULL,NULL,NULL,NULL,NULL,NULL,NULL,9,3,2,3,1,5,6,2,7,3,N,NULL,N,N,1245,1400,,N,NULL,44,7,0,N,,N,N,,NULL,NULL,2021,O,7.26E+11,098-KY-1056  -000,MEDIUM,098-KY-1056  -000,5.381,0,0,0,0,0,0,0,0,0,0,0,1,0,0
3924,72482280,KSP0900,20-7776,20200228,1619,,MEATHOUSE,,RD,,,0,098 CR-1444,CR1444,N,N,NULL,NULL,NULL,N,NULL,NULL,NULL,NULL,NULL,NULL,0.558,NULL,NULL,NULL,NULL,,NULL,0,0,2,2,N,N,35,NULL,98,9817,NULL,,Y,37.52973,-82.35986,N,NULL,NULL,NULL,NULL,NULL,NULL,NULL,NULL,2,3,1,6,1,5,8,2,7,3,N,NULL,Y,N,1619,1635,1739,N,NULL,56,,,N,,N,N,098-CR-1444-0,NULL,NULL,2020,O,7.25E+11,098-CR-1444  -000,HIGH,098-CR-1444  -000,0.558,0,0,0,0,0,0,1,0,0,1,0,0,0,0
3925,72551093,KSP0900,20-735332,20201010,654,,KY194,,,KY0194,KY0194,0,098 KY-194,KY0194,N,N,NULL,NULL,NULL,N,NULL,NULL,NULL,NULL,NULL,NULL,24.124,NULL,NULL,NULL,NULL,,NULL,0,0,1,1,N,N,55,NULL,98,9817,NULL,,Y,37.52706,-82.36694,N,NULL,NULL,NULL,NULL,NULL,NULL,NULL,NULL,9,4,2,3,1,5,6,4,7,3,N,NULL,Y,N,654,826,826,Y,NULL,40,6,0,N,,N,N,098-KY-0194-0,NULL,NULL,2020,O,7.26E+11,098-KY-0194  -000,HIGH,098-KY-0194  -000,24.124,0,0,0,0,0,0,0,0,0,0,0,1,0,0
3926,72750027,KSP0900,22-126926,20220408,1346,,US460,,,US0460,US0460,0,098 US-460,US0460,N,N,NULL,NULL,NULL,N,NULL,NULL,NULL,NULL,NULL,NULL,8.68,NULL,NULL,NULL,NULL,,NULL,2,0,4,4,N,N,35,NULL,98,9802,7,NW,N,37.37209,-82.42535,N,NULL,NULL,NULL,NULL,NULL,NULL,NULL,NULL,5,3,2,6,1,5,6,2,7,3,Y,NULL,Y,Y,1346,1352,1449,N,NULL,49,,1,N,,N,N,098-US-0460-0,NULL,NULL,2022,B,7.28E+11,098-US-0460  -000,HIGH,098-US-0460  -000,8.68,0,0,0,1,0,0,1,0,0,0,0,0,0,0
3927,72519051,980000,20070032,20200701,1850,,MALL,S,RD,,,0,098 PR-1010,PR1010,Y,N,NULL,NULL,NULL,N,NULL,NULL,NULL,NULL,NULL,NULL,0.236,NULL,NULL,NULL,NULL,,NULL,0,0,2,2,N,Y,15,NULL,98,9812,NULL,,Y,37.65397,-82.2736,N,NULL,NULL,NULL,NULL,NULL,NULL,NULL,NULL,1,97,1,6,1,1,2,2,1,3,N,NULL,Y,Y,1840,1850,1930,N,NULL,90,,,N,,N,N,098-PR-1010-0,NULL,NULL,2020,O,7.25E+11,098-PR-1010  -000,HIGH,098-PR-1010  -000,0.236,0,0,0,0,0,0,1,0,0,0,0,0,0,0
3928,72733903,980500,2022AR012,20220223,1421,,MAYO TRAIL,N,,,,,,,N,N,NULL,NULL,NULL,N,NULL,NULL,NULL,NULL,NULL,NULL,,NULL,NULL,NULL,NULL,NULL,NULL,0,0,2,2,N,N,45,NULL,98,9807,NULL,,Y,37.51908,-82.56597,N,NULL,NULL,NULL,NULL,NULL,NULL,NULL,NULL,5,3,7,6,1,1,3,2,7,3,N,NULL,Y,Y,1423,1425,1425,N,NULL,49,,,N,,N,N,,NULL,NULL,2022,O,7.27E+11,098-US-0023  -000,MEDIUM,098-US-0023  -000,28.515,0,0,1,0,0,0,0,0,0,0,0,0,0,0
3929,72505276,KSP0900,20-18015,20200514,1653,,KY1056,,,KY1056,KY1056,0,098 KY-1056,KY1056,N,N,NULL,NULL,NULL,N,NULL,NULL,NULL,NULL,NULL,NULL,2.641,NULL,NULL,NULL,NULL,,NULL,0,0,2,2,N,N,55,NULL,98,9851,NULL,,Y,37.55914,-82.23019,N,NULL,NULL,NULL,NULL,NULL,NULL,NULL,NULL,3,3,2,1,1,1,2,2,7,3,N,NULL,Y,Y,1702,1718,1811,N,NULL,52,8,0,N,,N,Y,098-KY-1056-0,NULL,NULL,2020,O,7.25E+11,098-KY-1056  -000,HIGH,098-KY-1056  -000,2.641,0,0,1,0,0,0,0,0,0,0,0,1,1,0
3930,72690867,KSP0900,21-433052,20211020,2055,,US23,,,US0023,US0023,0,098 US-23,US0023,N,N,NULL,NULL,NULL,N,NULL,NULL,NULL,NULL,NULL,NULL,28.879,NULL,NULL,NULL,NULL,,NULL,5,0,2,2,N,N,45,NULL,98,9807,NULL,,Y,37.52245,-82.5706,N,NULL,NULL,NULL,NULL,NULL,NULL,NULL,NULL,1,3,4,6,1,1,2,6,7,3,Y,NULL,Y,Y,2204,2233,,N,NULL,55,,1,N,,N,N,098-US-0023-0,NULL,NULL,2021,A,7.27E+11,098-US-0023  -000,HIGH,098-US-0023  -000,28.879,0,1,0,0,0,0,0,1,0,0,0,0,0,0
3931,72771669,980100,2.02E+11,20220606,2215,,HONEYSUCKLE,,DR,,,0,098 CS-1036,CS1036,N,N,NULL,NULL,NULL,N,NULL,NULL,NULL,NULL,NULL,NULL,0.075,NULL,NULL,NULL,NULL,,NULL,0,0,1,1,N,N,15,NULL,98,9801,NULL,,Y,37.47501,-82.55244,N,NULL,NULL,NULL,NULL,NULL,NULL,NULL,NULL,9,97,1,6,1,1,2,6,6,3,N,NULL,Y,N,2215,2220,2220,Y,NULL,40,,,N,,N,N,098-CS-1036-0,NULL,NULL,2022,O,7.28E+11,098-CS-1036  -000,HIGH,098-CS-1036  -000,0.075,0,0,0,1,0,0,1,0,0,0,0,1,0,1
3932,72484835,KSP0900,20-8700,20200306,1607,,CLEVINGER,,BR,,,0,098 CR-1497,CR1497,N,N,NULL,NULL,NULL,N,NULL,NULL,NULL,NULL,NULL,NULL,0.418,NULL,NULL,NULL,NULL,,NULL,0,0,2,2,N,N,25,NULL,98,9801,NULL,,Y,37.54222,-82.52447,N,NULL,NULL,NULL,NULL,NULL,NULL,NULL,NULL,7,3,1,3,1,5,8,2,7,3,N,NULL,Y,N,1607,1650,1700,N,NULL,54,,,N,,N,N,098-CR-1497-0,NULL,NULL,2020,O,7.25E+11,098-CR-1497  -000,HIGH,098-CR-1497  -000,0.418,0,0,0,0,0,0,0,0,0,0,0,1,0,0
3933,72515715,KSP0900,20-571598,20200628,1327,,ELKHORN,,CRK,KY0197,KY0197,0,098 KY-197,KY0197,N,N,NULL,NULL,NULL,N,NULL,NULL,NULL,NULL,NULL,NULL,1.091,NULL,NULL,NULL,NULL,,NULL,0,0,2,2,N,N,55,NULL,98,9867,NULL,,Y,37.21669,-82.54495,N,NULL,NULL,NULL,NULL,NULL,NULL,NULL,NULL,1,3,2,1,1,5,6,2,7,3,N,NULL,Y,N,1330,1351,,N,NULL,55,7,0,N,,N,N,098-KY-0197-0,NULL,NULL,2020,O,7.25E+11,098-KY-0197  -000,HIGH,098-KY-0197  -000,1.091,0,0,0,0,0,0,0,1,0,0,0,0,0,0
3934,72737048,KSP0900,22-78207,20220303,1603,,SHELBY DRY,,FRK,,,0,098 CR-1257,CR1257,N,N,NULL,NULL,NULL,N,NULL,NULL,NULL,NULL,NULL,NULL,0.905,NULL,NULL,NULL,NULL,,NULL,1,0,1,1,N,N,35,NULL,98,9801,NULL,,Y,37.41156,-82.49112,N,NULL,NULL,NULL,NULL,NULL,NULL,NULL,NULL,9,3,1,6,1,1,2,2,7,3,N,NULL,Y,Y,1603,1606,1715,N,NULL,44,,,N,,N,N,098-CR-1257-0,NULL,NULL,2022,B,7.27E+11,098-CR-1257  -000,HIGH,098-CR-1257  -000,0.905,0,0,1,0,0,0,0,0,0,0,0,1,0,0
3935,72646932,980500,2021AR025,20210713,1440,,WEDDINGTON BRANCH,,RD,,,0,098 CS-3026,CS3026,Y,N,NULL,NULL,NULL,N,NULL,NULL,NULL,NULL,NULL,NULL,,NULL,NULL,NULL,NULL,NULL,NULL,0,0,2,2,N,N,15,NULL,98,9807,NULL,,Y,37.52728,-82.56695,N,NULL,NULL,NULL,NULL,NULL,NULL,NULL,NULL,2,97,,6,1,1,2,3,7,3,N,NULL,Y,Y,1443,1445,1445,N,NULL,90,,,N,,N,N,098-CS-3026-0,NULL,NULL,2021,O,7.26E+11,098-CS-3026  -000,HIGH,098-CS-3026  -000,0.413,0,0,0,1,0,0,1,0,0,0,0,0,0,0
3936,72660962,980500,2021AR032,20210820,1527,,MAYO TRAIL,,,,,,,,N,N,NULL,NULL,NULL,N,NULL,NULL,NULL,NULL,NULL,NULL,,NULL,NULL,NULL,NULL,NULL,NULL,0,0,2,2,N,N,45,NULL,98,9807,NULL,,Y,37.52247,-82.57059,N,NULL,NULL,NULL,NULL,NULL,NULL,NULL,NULL,5,3,7,6,1,1,2,2,7,3,N,NULL,Y,Y,1527,1531,1533,N,NULL,70,,,N,,N,N,,NULL,NULL,2021,O,7.27E+11,098-CS-3026  -000,MEDIUM,098-CS-3026  -000,0.001,0,0,0,1,0,0,1,0,0,1,0,0,0,0
3937,72549579,980100,2.02E+11,20201005,1857,,CHLOE,,RD,KY1460,KY1460,0,098 KY-1460,KY1460,N,N,NULL,NULL,NULL,N,NULL,NULL,NULL,NULL,NULL,NULL,4.815,NULL,NULL,NULL,NULL,,NULL,0,0,1,1,N,N,45,NULL,98,9801,NULL,,Y,37.47805,-82.51153,N,NULL,NULL,NULL,NULL,NULL,NULL,NULL,NULL,9,3,2,3,1,1,3,2,7,3,N,NULL,Y,N,1857,1859,1943,N,NULL,44,,0,N,,N,N,098-KY-1460-0,NULL,NULL,2020,O,7.25E+11,098-KY-1460  -000,HIGH,098-KY-1460  -000,4.815,0,0,0,1,0,0,0,0,0,0,0,1,0,1
3938,72655007,KSP0900,21-321718,20210728,1425,,KY2062,,,KY2062,KY2062,0,098 KY-2062,KY2062,N,N,NULL,NULL,NULL,N,NULL,NULL,NULL,NULL,NULL,NULL,1.394,NULL,NULL,NULL,NULL,,NULL,1,0,1,1,N,N,55,NULL,98,9804,NULL,,Y,37.51182,-82.11655,N,NULL,NULL,NULL,NULL,NULL,NULL,NULL,NULL,9,3,2,1,1,1,2,2,7,3,Y,NULL,Y,N,1420,1430,1500,N,NULL,44,8,0,N,,N,N,098-KY-2062-0,NULL,NULL,2021,B,7.27E+11,098-KY-2062  -000,HIGH,098-KY-2062  -000,1.394,0,0,0,0,0,0,0,1,0,0,0,1,0,0
3939,72813660,980100,2.02E+11,20221007,1145,,CASSIDY,,BLVD,,,0,098 CS-1191,CS1191,Y,N,NULL,NULL,NULL,N,NULL,NULL,NULL,NULL,NULL,NULL,0.049,NULL,NULL,NULL,NULL,,NULL,0,0,2,2,N,N,,NULL,98,9801,NULL,,Y,37.50368,-82.53295,N,NULL,NULL,NULL,NULL,NULL,NULL,NULL,NULL,2,97,1,6,1,1,2,2,1,3,N,NULL,Y,N,1145,1156,1156,N,NULL,90,,,N,,N,N,098-CS-1191-0,NULL,NULL,2022,O,7.28E+11,098-CS-1191  -000,HIGH,098-CS-1191  -000,0.049,0,0,0,1,0,0,1,0,0,0,0,0,0,1
3940,72739512,980100,2.02E+11,20220307,1016,,CASSIDY,,BLVD,,,0,098 CS-1191,CS1191,N,N,NULL,NULL,NULL,N,NULL,NULL,NULL,NULL,NULL,NULL,0.209,NULL,NULL,NULL,NULL,,NULL,0,0,2,2,N,N,35,NULL,98,9801,NULL,,Y,37.5042,-82.53534,N,NULL,NULL,NULL,NULL,NULL,NULL,NULL,NULL,1,3,2,6,1,1,3,2,1,3,N,NULL,Y,N,1016,1025,,N,NULL,55,,,N,,N,N,098-CS-1191-0,NULL,NULL,2022,O,7.27E+11,098-CS-1191  -000,HIGH,098-CS-1191  -000,0.209,0,0,1,0,0,0,1,1,0,0,0,0,0,1
3941,72432033,980100,2.02E+11,20191102,1318,,CASSIDY,,BLVD,,,0,098 CS-1191,CS1191,Y,N,NULL,NULL,NULL,N,NULL,NULL,NULL,NULL,NULL,NULL,0.067,NULL,NULL,NULL,NULL,,NULL,0,0,2,2,N,N,,NULL,98,9801,NULL,,Y,37.50366,-82.53323,N,NULL,NULL,NULL,NULL,NULL,NULL,NULL,NULL,5,97,1,6,1,1,2,2,1,3,N,NULL,Y,N,1323,1334,1334,N,NULL,90,,,N,,N,N,098-CS-1191-0,NULL,NULL,2019,O,7.24E+11,098-CS-1191  -000,HIGH,098-CS-1191  -000,0.067,0,0,0,1,0,0,0,0,0,0,0,0,0,1
3942,72775165,KSP0900,22-232969,20220620,1652,,PETER FORK,,RD,,,0,098 CR-1527,CR1527,N,N,NULL,NULL,NULL,N,NULL,NULL,NULL,NULL,NULL,NULL,1.126,NULL,NULL,NULL,NULL,,NULL,0,0,1,1,N,N,35,NULL,98,9863,NULL,,Y,37.5779,-82.16673,N,NULL,NULL,NULL,NULL,NULL,NULL,NULL,NULL,9,3,2,4,1,1,2,2,7,3,N,NULL,Y,N,1655,1719,1719,N,NULL,70,,,N,,N,N,098-CR-1527-0,NULL,NULL,2022,O,7.28E+11,098-CR-1527  -000,HIGH,098-CR-1527  -000,1.126,0,0,0,0,0,0,1,0,0,0,0,1,0,0
3943,72833515,KSP0900,22-447173,20221121,1800,,KY632,,,KY0632,KY0632,0,098 KY-632,KY0632,N,N,NULL,NULL,NULL,N,NULL,NULL,NULL,NULL,NULL,NULL,12.402,NULL,NULL,NULL,NULL,,NULL,0,0,1,1,N,N,55,NULL,98,9804,NULL,,Y,37.50018,-82.16858,N,NULL,NULL,NULL,NULL,NULL,NULL,NULL,NULL,9,3,2,3,1,1,2,6,7,3,N,NULL,Y,N,1800,1835,1835,N,NULL,38,6,0,N,,N,N,098-KY-0632-0,NULL,NULL,2022,O,7.28E+11,098-KY-0632  -000,HIGH,098-KY-0632  -000,12.402,0,0,0,0,0,0,0,0,0,0,0,0,0,0