OBJECTID,MasterFile,AgencyORINumber,LocalCode,CollisionDate,CollisionTime,CollisionDayWeekCode,RoadwayName,RoadwayName_Direction_,RoadwayName_RoadwaySuffix_,RoadwayfromReport,CurrentRoadwayNumber,RoadwayNumberCoupletID,RSEUniqueGIS,RoadwayIdentifier,ParkingLotIndicator,IntersectionWith_Indicator_,IntersectionWith_NameRoadway_,IntersectionWith_Direction_,IntersectionWith_RoadwaySuffix_,BetweenStreets_Indicator_,BetweenStreets1_NameRoadway_,BetweenStreet1_Direction_,BetweenStreets1_RoadwaySuffix_,BetweenStreets2_NameRoadway_,BetweenStreets2_Direction_,BetweenStreets2_RoadwaySuffix_,Milepoint,ReportMilepointDeriveNumber,CurrentDerivedMiepointNumber,MilestoMilepoint,FeettoMilepoint,DirectionfromMilepoint_NSEW_,ValidMilepointIndicator,NumberInjured,NumberKilled,ofUnits,ofMotorVehicleUnits,Hit&RunIndicator,OneWayIndicator,SpeedLimitNumber,KilometersIndicator,CountyCode,CityCountyCode,MilesFromCity,DirectionFromCity_NSEW_,InCityLimitsIndicator,Latitude,Longitude,RampIndicator,RampFromIdentifier,RampFromDirCode,RampFromCoupletID,RSEUniqueGISRampFrom,RampToidentifier,RampToDirCode,RampToCoupletID,RSEUniqueGisRampTo,MannerofCollisionCode,LocationFirstEventCode,TotalLanes,RoadwayCharacterCode,RoadwaySurfaceCode,RoadwayConditionCode,WeatherCode,LightConditionCode,LandUseCode,SchoolBusRelatedCode,FirstAidSceneIndicator,CollDescPresentInd,InvestigationCompleteIndicator,PhotosTakenIndicator,TimeNotified,TimeArrived,TimeRoadwayOpened,PropertyDamageIndicator,DiagramPresentIndicator,DirectionalAnalysis,FunctionClassCode,NationalHwySysCode,EnforcementsIndicator,KARSCityCode,SecondaryCollisionIndicator,MedianCrossoverIndicator,RT_UNIQUE,MapIt,TimeLastLeft,YR,KABCO,MFNY,WorkingRID,RT_CONFIDENCE,KTC_RT,KTC_MP,Motorcyclist,Commercial Vehicle,Young Driver,Mature Driver,Pedestrian,Bicyclist,Distracted,Aggressive,Impaired,Unrestrained,Intersection,Roadway Departure,Median Cross-over,City Crash
3944,72427159,980100,2.02E+11,20191026,1108,,US23,,,US0023,US0023,0,098 US-23,US0023,N,N,NULL,NULL,NULL,N,NULL,NULL,NULL,NULL,NULL,NULL,25.734,NULL,NULL,NULL,NULL,,NULL,1,0,1,1,N,N,55,NULL,98,9801,NULL,,Y,37.49585,-82.53107,N,NULL,NULL,NULL,NULL,NULL,NULL,NULL,NULL,9,3,4,3,1,5,6,2,1,3,Y,NULL,Y,Y,1108,1112,,N,NULL,40,,1,N,,N,Y,098-US-0023-0,NULL,NULL,2019,C,7.24E+11,098-US-0023  -000,HIGH,098-US-0023  -000,25.734,0,0,0,1,0,0,0,0,0,0,0,1,0,1
3945,72755358,980100,2.02E+11,20220424,1241,,PIKE,,ST,,,0,098 CS-1113,CS1113,Y,N,NULL,NULL,NULL,N,NULL,NULL,NULL,NULL,NULL,NULL,0.01,NULL,NULL,NULL,NULL,,NULL,0,0,1,1,N,N,,NULL,98,9801,NULL,,Y,37.47984,-82.51572,N,NULL,NULL,NULL,NULL,NULL,NULL,NULL,NULL,9,97,,6,1,1,2,2,1,3,N,NULL,Y,N,1241,1241,1250,Y,NULL,90,,,N,,N,N,098-CS-1113-0,NULL,NULL,2022,O,7.28E+11,098-CS-1113  -000,HIGH,098-CS-1113  -000,0.01,0,1,0,0,0,0,0,0,0,0,0,1,0,1
3946,72676359,980100,2.02E+11,20210928,1630,,CASSIDY,,BLVD,,,0,098 CS-1191,CS1191,Y,N,NULL,NULL,NULL,N,NULL,NULL,NULL,NULL,NULL,NULL,0.357,NULL,NULL,NULL,NULL,,NULL,0,0,2,2,N,N,,NULL,98,9801,NULL,,Y,37.50512,-82.53797,N,NULL,NULL,NULL,NULL,NULL,NULL,NULL,NULL,2,97,,6,1,1,3,2,1,3,N,NULL,N,N,1630,1636,,N,NULL,90,,,N,,N,N,098-CS-1191-0,NULL,NULL,2021,O,7.27E+11,098-CS-1191  -000,HIGH,098-CS-1191  -000,0.357,0,0,0,0,0,0,1,0,0,0,0,0,0,1
3947,72599568,980100,2.02E+11,20210224,1655,,KY3496 TURN LANE,,,KY3496,KY3496,,,,N,N,NULL,NULL,NULL,N,NULL,NULL,NULL,NULL,NULL,NULL,0.013,NULL,NULL,NULL,NULL,,NULL,1,0,3,3,N,N,55,NULL,98,9801,NULL,,Y,37.46583,-82.52814,N,NULL,NULL,NULL,NULL,NULL,NULL,NULL,NULL,4,3,4,6,1,1,2,2,1,3,Y,NULL,N,N,1655,1658,1734,N,NULL,70,16,0,N,,Y,N,,NULL,NULL,2021,B,7.26E+11,098-KY-3496  -000,MEDIUM,098-KY-3496  -000,0.013,0,0,0,0,0,0,1,0,0,0,0,0,0,1
3948,72551566,370200,2020-719233,20200929,937,,ELKHORN,,CRK,KY0197,KY0197,0,098 KY-197,KY0197,N,N,NULL,NULL,NULL,N,NULL,NULL,NULL,NULL,NULL,NULL,8.638,NULL,NULL,NULL,NULL,,NULL,0,0,3,3,N,N,55,NULL,98,9802,NULL,,Y,37.26404,-82.44948,N,NULL,NULL,NULL,NULL,NULL,NULL,NULL,NULL,5,3,2,6,1,5,3,2,7,3,N,NULL,Y,N,945,1020,1032,N,NULL,49,7,0,N,,N,N,098-KY-0197-0,NULL,NULL,2020,O,7.26E+11,098-KY-0197  -000,HIGH,098-KY-0197  -000,8.638,0,0,0,0,0,0,1,0,0,0,0,0,0,0
3949,72602746,980100,2.02E+11,20210311,1424,,JUSTICE WAY,,,,,,,,Y,N,NULL,NULL,NULL,N,NULL,NULL,NULL,NULL,NULL,NULL,,NULL,NULL,NULL,NULL,,NULL,0,0,2,2,N,N,15,NULL,98,9801,NULL,,Y,37.50772,-82.54317,N,NULL,NULL,NULL,NULL,NULL,NULL,NULL,NULL,1,97,1,6,1,1,2,2,1,3,N,NULL,Y,N,1424,1431,1444,N,NULL,90,,,N,,N,N,,NULL,NULL,2021,O,7.26E+11,098-CS-1216  -000,MEDIUM,098-CS-1216  -000,0.039,0,0,0,1,0,0,1,0,0,0,0,0,0,1
3950,72582536,KSP0900,21-9444,20210107,2040,,WILLIAMSON,,RD,KY0292,KY0292,0,098 KY-292,KY0292,N,N,NULL,NULL,NULL,N,NULL,NULL,NULL,NULL,NULL,NULL,12.415,NULL,NULL,NULL,NULL,,NULL,0,0,1,1,N,N,35,NULL,98,9834,NULL,,Y,37.73756,-82.33018,N,NULL,NULL,NULL,NULL,NULL,NULL,NULL,NULL,9,3,2,6,1,5,2,6,7,3,N,NULL,Y,Y,2040,2054,2310,N,NULL,70,7,0,N,,N,N,098-KY-0292-0,NULL,NULL,2021,O,7.26E+11,098-KY-0292  -000,MEDIUM,098-KY-0292  -000,12.415,0,1,0,0,0,0,0,0,0,0,0,1,0,0
3951,72525885,KSP0900,20-623999,20200729,1320,,LEFT FORK ISLAND,,CRK,,,0,098 CR-1233Q3,CR1233Q3,N,N,NULL,NULL,NULL,N,NULL,NULL,NULL,NULL,NULL,NULL,1.473,NULL,NULL,NULL,NULL,,NULL,0,0,2,2,N,N,35,NULL,98,9801,4,W,N,37.43214,-82.57902,N,NULL,NULL,NULL,NULL,NULL,NULL,NULL,NULL,2,3,2,6,2,1,2,2,7,3,N,NULL,Y,N,1321,1340,1415,N,NULL,56,,,N,,N,N,098-CR-1233Q3-0,NULL,NULL,2020,O,7.25E+11,098-CR-1233Q3-000,HIGH,098-CR-1233Q3-000,1.473,0,0,0,0,0,0,1,0,0,0,0,0,0,0
3952,72770335,KSP0900,22-204788,20220601,1738,,KY195,,,KY0195,KY0195,0,098 KY-195,KY0195,N,N,NULL,NULL,NULL,N,NULL,NULL,NULL,NULL,NULL,NULL,5.938,NULL,NULL,NULL,NULL,,NULL,1,0,1,1,N,N,55,NULL,98,9802,10,S,N,37.3172,-82.45913,N,NULL,NULL,NULL,NULL,NULL,NULL,NULL,NULL,9,6,2,6,1,1,2,2,7,3,Y,NULL,Y,Y,1729,1753,1853,N,NULL,51,7,0,N,,N,N,098-KY-0195-0,NULL,NULL,2022,C,7.28E+11,098-KY-0195  -000,HIGH,098-KY-0195  -000,5.938,0,0,0,0,0,0,0,0,0,0,0,1,0,0
3953,72679181,980100,2.02E+11,20210930,808,,BYPASS ROAD,,,,,,,,Y,N,NULL,NULL,NULL,N,NULL,NULL,NULL,NULL,NULL,NULL,,NULL,NULL,NULL,NULL,NULL,NULL,1,0,2,1,N,N,15,NULL,98,9801,NULL,,Y,37.48033,-82.51243,N,NULL,NULL,NULL,NULL,NULL,NULL,NULL,NULL,9,97,2,3,2,1,2,2,1,3,Y,NULL,Y,Y,808,811,828,N,NULL,90,,,N,,N,N,,NULL,NULL,2021,A,7.27E+11,098-KY-1426  -000,MEDIUM,098-KY-1426  -000,6.428,0,0,0,0,1,0,1,0,0,0,0,0,0,1
3954,72676480,KSP0900,21-397013,20210924,2101,,FISHTRAP,,RD,KY1441,KY1441,0,098 KY-1441,KY1441,N,N,NULL,NULL,NULL,N,NULL,NULL,NULL,NULL,NULL,NULL,7.269,NULL,NULL,NULL,NULL,,NULL,0,0,2,2,Y,N,35,NULL,98,9850,NULL,,Y,37.48491,-82.4301,N,NULL,NULL,NULL,NULL,NULL,NULL,NULL,NULL,7,3,2,3,1,1,2,6,7,3,N,NULL,Y,N,2059,2108,2125,N,NULL,54,8,0,N,,N,N,098-KY-1441-0,NULL,NULL,2021,O,7.27E+11,098-KY-1441  -000,HIGH,098-KY-1441  -000,7.269,0,0,0,0,0,0,0,0,0,0,0,1,0,0
3955,72651250,KSP0900,21-305451,20210723,1901,,CEDAR HILLS,,RD,KY1426,KY1426,0,098 KY-1426,KY1426,N,N,NULL,NULL,NULL,N,NULL,NULL,NULL,NULL,NULL,NULL,3.116,NULL,NULL,NULL,NULL,,NULL,0,0,2,2,Y,N,10,NULL,98,9801,NULL,,Y,37.45219,-82.5435,N,NULL,NULL,NULL,NULL,NULL,NULL,NULL,NULL,2,97,2,6,1,1,2,2,7,3,N,NULL,Y,N,1925,1951,1951,N,NULL,47,8,0,N,,N,N,098-KY-1426-0,NULL,NULL,2021,O,7.27E+11,098-KY-1426  -000,HIGH,098-KY-1426  -000,3.116,0,0,0,0,0,0,1,0,0,0,0,0,0,1
3956,72730365,KSP0900,22-52699,20220212,1700,,SLONES,,BR,,,0,098 CR-1323,CR1323,N,N,NULL,NULL,NULL,N,NULL,NULL,NULL,NULL,NULL,NULL,0.335,NULL,NULL,NULL,NULL,,NULL,0,0,2,2,N,Y,20,NULL,98,9828,NULL,,Y,37.48639,-82.39867,N,NULL,NULL,NULL,NULL,NULL,NULL,NULL,NULL,2,3,1,6,1,5,6,2,7,3,N,NULL,Y,N,1823,1853,1853,N,NULL,56,,,N,,N,N,098-CR-1323-0,NULL,NULL,2022,O,7.27E+11,098-CR-1323  -000,HIGH,098-CR-1323  -000,0.335,0,0,0,0,0,0,1,0,0,0,0,0,0,0
3957,72509948,980100,2.02E+11,20200605,1412,,KY1460,,,KY1460,KY1460,0,098 KY-1460,KY1460,N,N,NULL,NULL,NULL,N,NULL,NULL,NULL,NULL,NULL,NULL,7.105,NULL,NULL,NULL,NULL,,NULL,0,0,2,2,N,N,45,NULL,98,9801,NULL,,Y,37.48608,-82.54227,N,NULL,NULL,NULL,NULL,NULL,NULL,NULL,NULL,5,3,2,6,1,1,3,2,1,3,N,NULL,Y,N,1412,1415,,N,NULL,49,16,0,N,,N,N,098-KY-1460-0,NULL,NULL,2020,O,7.25E+11,098-KY-1460  -000,HIGH,098-KY-1460  -000,7.105,0,0,0,0,0,0,0,0,0,0,0,0,0,1
3958,72838194,980100,2.02E+11,20221201,1114,,DIVISION,,ST,,,0,098 CS-1130,CS1130,Y,N,NULL,NULL,NULL,N,NULL,NULL,NULL,NULL,NULL,NULL,,NULL,NULL,NULL,NULL,NULL,NULL,0,0,2,2,N,N,,NULL,98,9801,NULL,,Y,37.48044,-82.5189,N,NULL,NULL,NULL,NULL,NULL,NULL,NULL,NULL,2,97,1,6,1,1,2,2,1,3,N,NULL,Y,N,1114,1117,1135,N,NULL,90,,,N,,N,N,098-CS-1130-0,NULL,NULL,2022,O,7.28E+11,098-CS-1130  -000,HIGH,098-CS-1130  -000,0.01,0,0,0,0,0,0,0,0,0,0,0,0,0,1
3959,72630128,KSP0900,21-218299,20210528,1912,,KY632,,,KY0632,KY0632,,,,N,N,NULL,NULL,NULL,N,NULL,NULL,NULL,NULL,NULL,NULL,10.973,NULL,NULL,NULL,NULL,,NULL,0,0,2,2,N,N,55,NULL,98,9804,NULL,,Y,37.49401,-82.18337,N,NULL,NULL,NULL,NULL,NULL,NULL,NULL,NULL,5,3,2,3,1,5,6,2,7,3,N,NULL,Y,N,1920,2020,2100,N,NULL,49,6,0,N,,N,N,,NULL,NULL,2021,O,7.26E+11,098-KY-0632  -000,HIGH,098-KY-0632  -000,10.973,0,0,0,0,0,0,0,0,0,0,0,0,0,0
3960,72652542,KSP0900,21-309722,20210726,1511,,US119,,,US0119,US0119,0,098 US-119,US0119,N,N,NULL,NULL,NULL,N,NULL,NULL,NULL,NULL,NULL,NULL,8.172,NULL,NULL,NULL,NULL,,NULL,0,0,1,1,N,N,55,NULL,98,9801,NULL,,Y,37.56012,-82.42229,N,NULL,NULL,NULL,NULL,NULL,NULL,NULL,NULL,9,4,4,4,1,1,2,2,7,3,N,NULL,Y,Y,1511,1515,1515,N,NULL,44,2,1,N,,N,N,098-US-0119-0,NULL,NULL,2021,O,7.27E+11,098-US-0119  -000,HIGH,098-US-0119  -000,8.172,0,0,0,0,0,0,0,1,0,0,0,1,0,0
3961,72630556,KSP0900,21-221431,20210530,2025,,COWPEN,,RD,KY2061,KY2061,0,098 KY-2061,KY2061,N,N,NULL,NULL,NULL,N,NULL,NULL,NULL,NULL,NULL,NULL,1.25,NULL,NULL,NULL,NULL,,NULL,0,0,1,1,N,N,55,NULL,98,9807,NULL,,Y,37.54399,-82.5631,N,NULL,NULL,NULL,NULL,NULL,NULL,NULL,NULL,9,5,2,3,1,5,3,3,6,3,N,NULL,Y,Y,2004,2009,2035,Y,NULL,51,,0,N,,N,N,098-KY-2061-0,NULL,NULL,2021,O,7.26E+11,098-KY-2061  -000,HIGH,098-KY-2061  -000,1.25,0,0,0,0,0,0,1,0,1,0,0,1,0,0
3962,72738365,KSP0900,22-47982,20220209,1017,,STATE HIGHWAY 292,E,,,,0,098 CR-1061,CR1061,N,N,NULL,NULL,NULL,N,NULL,NULL,NULL,NULL,NULL,NULL,0.606,NULL,NULL,NULL,NULL,,NULL,0,2,1,1,N,N,35,NULL,98,9893,NULL,,Y,37.62411,-82.20775,N,NULL,NULL,NULL,NULL,NULL,NULL,NULL,NULL,9,3,2,3,1,2,2,2,7,3,Y,NULL,Y,Y,1043,1059,1300,N,NULL,44,,,N,,N,N,098-CR-1061-0,NULL,NULL,2022,K,7.27E+11,098-CR-1061  -000,HIGH,098-CR-1061  -000,0.606,0,0,0,0,0,0,0,0,0,1,0,1,0,0
3963,72555340,980100,2.02E+11,20201016,1144,,CASSIDY,,BLVD,,,,,,N,N,NULL,NULL,NULL,N,NULL,NULL,NULL,NULL,NULL,NULL,0.351,NULL,NULL,NULL,NULL,,NULL,0,0,2,2,N,N,25,NULL,98,9801,NULL,,Y,37.50516,-82.53788,N,NULL,NULL,NULL,NULL,NULL,NULL,NULL,NULL,1,3,4,6,1,1,2,2,1,3,N,NULL,Y,N,1144,1152,,N,NULL,55,,,N,,N,N,,NULL,NULL,2020,O,7.26E+11,098-CS-1191  -000,MEDIUM,098-CS-1191  -000,0.351,0,0,0,1,0,0,1,1,0,0,0,0,0,1
3964,72677217,980000,21-09-005,20210924,1630,,KY194,S,,KY0194S,KY0194S,0,098 KY-194S,KY0194S,N,N,NULL,NULL,NULL,N,NULL,NULL,NULL,NULL,NULL,NULL,0.031,NULL,NULL,NULL,NULL,,NULL,0,0,2,2,N,N,35,NULL,98,9811,NULL,,Y,37.56567,-82.14445,N,NULL,NULL,NULL,NULL,NULL,NULL,NULL,NULL,2,3,2,6,1,1,2,2,1,3,N,NULL,Y,Y,1640,1700,1730,N,NULL,56,7,0,N,,N,N,098-KY-0194S-0,NULL,NULL,2021,O,7.27E+11,098-KY-0194S -000,HIGH,098-KY-0194S -000,0.031,0,0,0,0,0,0,1,0,0,0,0,0,0,0
3965,72544464,KSP0900,20-702479,20200917,1243,,LEVISA,N,RD,KY1499,KY1499,0,098 KY-1499,KY1499,N,N,NULL,NULL,NULL,N,NULL,NULL,NULL,NULL,NULL,NULL,1.749,NULL,NULL,NULL,NULL,,NULL,1,0,2,2,N,N,55,NULL,98,9847,NULL,,Y,37.40102,-82.24945,N,NULL,NULL,NULL,NULL,NULL,NULL,NULL,NULL,1,3,2,6,1,5,6,2,7,3,N,NULL,Y,Y,1328,1352,,N,NULL,55,7,0,N,,Y,N,098-KY-1499-0,NULL,NULL,2020,B,7.25E+11,098-KY-1499  -000,HIGH,098-KY-1499  -000,1.749,0,1,0,0,0,0,0,0,0,0,0,1,0,0
3966,72687806,980100,2.02E+11,20211025,1503,,HAROLDS BRANCH,,RD,,,0,098 CS-1223,CS1223,Y,N,NULL,NULL,NULL,N,NULL,NULL,NULL,NULL,NULL,NULL,0.02,NULL,NULL,NULL,NULL,,NULL,0,0,2,2,N,N,15,NULL,98,9801,NULL,,Y,37.47257,-82.52254,N,NULL,NULL,NULL,NULL,NULL,NULL,NULL,NULL,1,97,,4,2,1,3,2,5,3,N,NULL,Y,N,1504,1509,1509,N,NULL,90,,,N,,N,N,098-CS-1223-0,NULL,NULL,2021,O,7.27E+11,098-CS-1223  -000,HIGH,098-CS-1223  -000,0.02,0,0,0,1,0,0,1,0,0,0,0,0,0,1
3967,72689071,980100,2.02E+11,20211028,2115,,THOMPSON,,RD,,,0,098 CS-1215,CS1215,Y,N,NULL,NULL,NULL,N,NULL,NULL,NULL,NULL,NULL,NULL,0.513,NULL,NULL,NULL,NULL,,NULL,0,0,2,2,N,N,,NULL,98,9801,NULL,,Y,37.50599,-82.54345,N,NULL,NULL,NULL,NULL,NULL,NULL,NULL,NULL,7,97,,6,1,5,6,5,1,3,N,NULL,Y,N,2115,2130,,N,NULL,90,,,N,,N,N,098-CS-1215-0,NULL,NULL,2021,O,7.27E+11,098-CS-1215  -000,HIGH,098-CS-1215  -000,0.513,0,0,1,0,0,0,1,0,0,0,0,0,0,1
3968,72583203,980100,2.02E+11,20210110,1405,,US23,,,US0023,US0023,,,,N,N,NULL,NULL,NULL,N,NULL,NULL,NULL,NULL,NULL,NULL,24.174,NULL,NULL,NULL,NULL,,NULL,0,0,2,2,Y,N,55,NULL,98,9801,NULL,,Y,37.47738,-82.54062,N,NULL,NULL,NULL,NULL,NULL,NULL,NULL,NULL,8,3,4,6,1,1,2,2,7,3,N,NULL,Y,N,1405,1412,1412,N,NULL,53,,1,N,,N,N,,NULL,NULL,2021,O,7.26E+11,098-US-0023  -010,MEDIUM,098-US-0023  -000,24.174,0,0,1,0,0,0,1,1,0,0,0,1,0,1
3969,72643658,KSP0900,21-273932,20210703,1352,,CHILDERS,,RD,,,0,098 CS-3001,CS3001,N,N,NULL,NULL,NULL,N,NULL,NULL,NULL,NULL,NULL,NULL,,NULL,NULL,NULL,NULL,,NULL,0,0,1,1,N,N,5,NULL,98,9807,NULL,,Y,37.52111,-82.56769,N,NULL,NULL,NULL,NULL,NULL,NULL,NULL,NULL,9,97,1,6,2,97,2,2,1,3,N,NULL,Y,N,1352,1424,1352,Y,NULL,70,,,N,,N,N,098-CS-3001-0,NULL,NULL,2021,O,7.26E+11,098-CS-3001  -000,HIGH,098-CS-3001  -000,0.049,0,0,0,0,0,0,0,0,0,0,0,0,0,0
3970,72524949,980000,20-07-005,20200713,2030,,FISHTRAP,,RD,KY1441,KY1441,0,098 KY-1441,KY1441,N,N,NULL,NULL,NULL,N,NULL,NULL,NULL,NULL,NULL,NULL,7.07,NULL,NULL,NULL,NULL,,NULL,0,0,2,2,N,N,35,NULL,98,9850,NULL,,Y,37.48215,-82.43063,N,NULL,NULL,NULL,NULL,NULL,NULL,NULL,NULL,7,3,2,3,1,1,2,7,7,3,N,NULL,N,Y,2215,2245,2245,N,NULL,54,8,0,Y,,N,N,098-KY-1441-0,NULL,NULL,2020,O,7.25E+11,098-KY-1441  -000,HIGH,098-KY-1441  -000,7.07,0,0,0,0,0,0,1,0,0,0,0,1,0,0
3971,72867281,370200,202362121,20230217,1309,,MALL,S,RD,,,0,098 PR-1010,PR1010,N,N,NULL,NULL,NULL,N,NULL,NULL,NULL,NULL,NULL,NULL,0.328,NULL,NULL,NULL,NULL,,NULL,0,0,2,2,N,Y,10,NULL,98,9834,NULL,,Y,37.65551,-82.27332,N,NULL,NULL,NULL,NULL,NULL,NULL,NULL,NULL,2,97,2,6,1,6,6,2,1,3,N,NULL,Y,N,1310,1349,1349,N,NULL,47,,,N,,N,N,098-PR-1010-0,NULL,NULL,2023,O,7.29E+11,098-PR-1010  -000,HIGH,098-PR-1010  -000,0.365,0,1,0,0,0,0,0,0,0,0,0,0,0,0
3972,72533460,980000,20-08-003,20200813,1430,,OWLS,,BR,,,0,098 CR-1954,CR1954,N,N,NULL,NULL,NULL,N,NULL,NULL,NULL,NULL,NULL,NULL,0.515,NULL,NULL,NULL,NULL,,NULL,0,0,1,1,N,N,35,NULL,98,9809,25,S,N,37.26203,-82.56387,N,NULL,NULL,NULL,NULL,NULL,NULL,NULL,NULL,9,4,1,4,1,1,2,2,7,3,N,NULL,Y,Y,1441,1441,1549,N,NULL,44,,,N,,N,N,098-CR-1954-0,NULL,NULL,2020,O,7.25E+11,098-CR-1954  -000,HIGH,098-CR-1954  -000,0.515,0,0,0,1,0,0,0,0,0,0,0,1,0,0
3973,72639401,KSP0900,21-256792,20210622,940,,KY3417,,,KY3417,KY3417,0,098 KY-3417,KY3417,N,N,NULL,NULL,NULL,N,NULL,NULL,NULL,NULL,NULL,NULL,0.37,NULL,NULL,NULL,NULL,,NULL,0,0,2,2,N,N,35,NULL,98,9801,NULL,,Y,37.46663,-82.55825,N,NULL,NULL,NULL,NULL,NULL,NULL,NULL,NULL,7,3,2,1,1,5,2,2,7,3,N,NULL,N,Y,940,1001,,N,NULL,54,17,0,N,,N,N,098-KY-3417-0,NULL,NULL,2021,O,7.26E+11,098-KY-3417  -000,HIGH,098-KY-3417  -000,0.37,0,0,0,0,0,0,1,0,0,0,0,1,0,1
3974,72690211,980100,2.02E+11,20211029,1533,,US23,,,US0023,US0023,,,,N,N,NULL,NULL,NULL,N,NULL,NULL,NULL,NULL,NULL,NULL,26.124,NULL,NULL,NULL,NULL,,NULL,2,0,3,3,N,N,55,NULL,98,9801,NULL,,Y,37.5014,-82.53183,N,NULL,NULL,NULL,NULL,NULL,NULL,NULL,NULL,5,3,4,6,1,1,3,2,7,3,Y,NULL,Y,Y,1533,1537,1612,N,NULL,70,,1,N,,N,N,,NULL,NULL,2021,C,7.27E+11,098-US-0023  -000,MEDIUM,098-US-0023  -000,26.124,0,0,0,0,0,0,1,0,0,1,0,1,0,1
3975,72502705,980000,20-05-005,20200514,1408,,KY194,,,KY0194,KY0194,0,098 KY-194,KY0194,N,N,NULL,NULL,NULL,N,NULL,NULL,NULL,NULL,NULL,NULL,3.194,NULL,NULL,NULL,NULL,,NULL,0,0,1,1,N,N,55,NULL,98,9801,20,N,N,37.65287,-82.57289,N,NULL,NULL,NULL,NULL,NULL,NULL,NULL,NULL,9,3,2,3,1,1,2,2,7,3,N,NULL,Y,Y,1408,1439,1615,N,NULL,44,8,0,N,,N,N,098-KY-0194-0,NULL,NULL,2020,O,7.25E+11,098-KY-0194  -000,HIGH,098-KY-0194  -000,3.194,0,0,0,0,0,0,1,0,0,0,0,1,0,0
3976,72604542,980500,2021AR009,20210318,320,,RURAL KING,,,,,,,,Y,N,NULL,NULL,NULL,N,NULL,NULL,NULL,NULL,NULL,NULL,,NULL,NULL,NULL,NULL,NULL,NULL,0,0,2,2,N,N,,NULL,98,9807,NULL,,Y,37.51999,-82.56882,N,NULL,NULL,NULL,NULL,NULL,NULL,NULL,NULL,2,97,1,6,1,1,2,2,1,3,N,NULL,Y,Y,1520,1520,1520,N,NULL,90,,,N,,N,N,,NULL,NULL,2021,O,7.26E+11,098-US-0023  -010,MEDIUM,098-US-0023  -000,28.685,0,0,0,0,0,0,1,0,0,0,0,0,0,0
3977,72748406,KSP0900,2022-121381,20220404,630,,KY632,,,KY0632,KY0632,0,098 KY-632,KY0632,N,N,NULL,NULL,NULL,N,NULL,NULL,NULL,NULL,NULL,NULL,3.669,NULL,NULL,NULL,NULL,,NULL,0,0,1,1,N,N,55,NULL,98,9817,NULL,,Y,37.48706,-82.29544,N,NULL,NULL,NULL,NULL,NULL,NULL,NULL,NULL,9,3,2,6,1,1,2,1,7,3,N,NULL,Y,N,630,630,630,N,NULL,70,6,0,N,,N,N,098-KY-0632-0,NULL,NULL,2022,O,7.27E+11,098-KY-0632  -000,HIGH,098-KY-0632  -000,3.669,0,0,0,0,0,0,0,0,0,0,0,1,0,0
3978,72563501,980100,2.02E+11,20201108,1717,,BAIRD,,AVE,KY1426,KY1426,0,098 KY-1426,KY1426,N,N,NULL,NULL,NULL,N,NULL,NULL,NULL,NULL,NULL,NULL,5.401,NULL,NULL,NULL,NULL,,NULL,0,0,2,2,N,N,55,NULL,98,9801,NULL,,Y,37.47319,-82.52709,N,NULL,NULL,NULL,NULL,NULL,NULL,NULL,NULL,8,3,2,6,1,1,2,2,1,3,N,NULL,Y,N,1717,1724,,N,NULL,53,,0,N,,N,N,098-KY-1426-0,NULL,NULL,2020,O,7.26E+11,098-KY-1426  -000,HIGH,098-KY-1426  -000,5.401,0,0,0,1,0,0,1,0,0,0,0,1,0,1
3979,72751649,980100,2.02E+11,20220417,320,,CHLOE,,RD,KY1460,KY1460,0,098 KY-1460,KY1460,N,N,NULL,NULL,NULL,N,NULL,NULL,NULL,NULL,NULL,NULL,4.594,NULL,NULL,NULL,NULL,,NULL,2,0,1,1,N,N,35,NULL,98,9801,NULL,,Y,37.47744,-82.50735,N,NULL,NULL,NULL,NULL,NULL,NULL,NULL,NULL,9,6,2,3,1,1,2,5,1,3,Y,NULL,Y,Y,320,322,359,Y,NULL,40,,0,N,,N,N,098-KY-1460-0,NULL,NULL,2022,B,7.28E+11,098-KY-1460  -000,HIGH,098-KY-1460  -000,4.594,0,0,0,0,0,0,1,0,0,1,0,1,0,1
3980,72477670,980000,20-02-003,20200216,1445,,APPALACHIAN,,PLZ,,,0,098 PR-1008,PR1008,Y,N,NULL,NULL,NULL,N,NULL,NULL,NULL,NULL,NULL,NULL,0.078,NULL,NULL,NULL,NULL,,NULL,0,0,2,2,N,N,10,NULL,98,9812,0.5,SE,N,37.66656,-82.27455,N,NULL,NULL,NULL,NULL,NULL,NULL,NULL,NULL,8,97,,6,1,1,2,2,1,3,N,NULL,N,N,1445,1449,1522,N,NULL,90,,,N,,N,N,098-PR-1008-0,NULL,NULL,2020,O,7.25E+11,098-PR-1008  -000,HIGH,098-PR-1008  -000,0.078,0,0,1,0,0,0,0,0,0,0,0,0,0,0
3981,72512304,KSP0900,20-552473,20200618,1507,,US23,,,US0023,US0023,0,098 US-23-10,US0023,N,N,NULL,NULL,NULL,N,NULL,NULL,NULL,NULL,NULL,NULL,5.213,NULL,NULL,NULL,NULL,,NULL,1,0,1,1,N,N,55,NULL,98,9809,NULL,,Y,37.28217,-82.5618,N,NULL,NULL,NULL,NULL,NULL,NULL,NULL,NULL,9,5,4,4,1,5,6,2,7,3,Y,NULL,Y,N,1517,1533,1603,N,NULL,51,,1,N,,N,N,098-US-0023-10,NULL,NULL,2020,B,7.25E+11,098-US-0023  -010,HIGH,098-US-0023  -000,5.213,0,0,0,0,0,0,0,0,0,0,0,1,0,0