OBJECTID,MasterFile,AgencyORINumber,LocalCode,CollisionDate,CollisionTime,CollisionDayWeekCode,RoadwayName,RoadwayName_Direction_,RoadwayName_RoadwaySuffix_,RoadwayfromReport,CurrentRoadwayNumber,RoadwayNumberCoupletID,RSEUniqueGIS,RoadwayIdentifier,ParkingLotIndicator,IntersectionWith_Indicator_,IntersectionWith_NameRoadway_,IntersectionWith_Direction_,IntersectionWith_RoadwaySuffix_,BetweenStreets_Indicator_,BetweenStreets1_NameRoadway_,BetweenStreet1_Direction_,BetweenStreets1_RoadwaySuffix_,BetweenStreets2_NameRoadway_,BetweenStreets2_Direction_,BetweenStreets2_RoadwaySuffix_,Milepoint,ReportMilepointDeriveNumber,CurrentDerivedMiepointNumber,MilestoMilepoint,FeettoMilepoint,DirectionfromMilepoint_NSEW_,ValidMilepointIndicator,NumberInjured,NumberKilled,ofUnits,ofMotorVehicleUnits,Hit&RunIndicator,OneWayIndicator,SpeedLimitNumber,KilometersIndicator,CountyCode,CityCountyCode,MilesFromCity,DirectionFromCity_NSEW_,InCityLimitsIndicator,Latitude,Longitude,RampIndicator,RampFromIdentifier,RampFromDirCode,RampFromCoupletID,RSEUniqueGISRampFrom,RampToidentifier,RampToDirCode,RampToCoupletID,RSEUniqueGisRampTo,MannerofCollisionCode,LocationFirstEventCode,TotalLanes,RoadwayCharacterCode,RoadwaySurfaceCode,RoadwayConditionCode,WeatherCode,LightConditionCode,LandUseCode,SchoolBusRelatedCode,FirstAidSceneIndicator,CollDescPresentInd,InvestigationCompleteIndicator,PhotosTakenIndicator,TimeNotified,TimeArrived,TimeRoadwayOpened,PropertyDamageIndicator,DiagramPresentIndicator,DirectionalAnalysis,FunctionClassCode,NationalHwySysCode,EnforcementsIndicator,KARSCityCode,SecondaryCollisionIndicator,MedianCrossoverIndicator,RT_UNIQUE,MapIt,TimeLastLeft,YR,KABCO,MFNY,WorkingRID,RT_CONFIDENCE,KTC_RT,KTC_MP,Motorcyclist,Commercial Vehicle,Young Driver,Mature Driver,Pedestrian,Bicyclist,Distracted,Aggressive,Impaired,Unrestrained,Intersection,Roadway Departure,Median Cross-over,City Crash
3982,72697621,980100,2.02E+11,20211107,1629,,LORAINE,,ST,,,,,,N,N,NULL,NULL,NULL,N,NULL,NULL,NULL,NULL,NULL,NULL,,NULL,NULL,NULL,NULL,NULL,NULL,0,0,1,1,Y,N,35,NULL,98,9801,NULL,,Y,37.48379,-82.53488,N,NULL,NULL,NULL,NULL,NULL,NULL,NULL,NULL,9,3,,6,1,1,2,2,6,3,N,NULL,Y,N,1629,1633,,N,NULL,40,,,N,,N,N,,NULL,NULL,2021,O,7.27E+11,098-KY-1384  -000,MEDIUM,098-KY-1384  -000,7.536,0,0,0,0,0,0,0,0,0,0,0,1,0,1
3983,72677162,KSP0900,21-404621,20210930,1133,,US460,,,US0460,US0460,0,098 US-460,US0460,N,N,NULL,NULL,NULL,N,NULL,NULL,NULL,NULL,NULL,NULL,3.631,NULL,NULL,NULL,NULL,,NULL,1,0,1,1,N,N,55,NULL,98,9801,3,SE,N,37.42305,-82.46716,N,NULL,NULL,NULL,NULL,NULL,NULL,NULL,NULL,9,4,2,3,1,1,2,2,7,3,Y,NULL,Y,Y,1339,1401,1515,N,NULL,40,,1,N,,N,N,098-US-0460-0,NULL,NULL,2021,A,7.27E+11,098-US-0460  -000,HIGH,098-US-0460  -000,3.631,0,0,0,1,0,0,0,0,0,0,0,1,0,0
3984,72552241,KSP0900,20-739494,20201013,850,,KENDRICK,,FRK,,,0,098 CR-1312,CR1312,N,N,NULL,NULL,NULL,N,NULL,NULL,NULL,NULL,NULL,NULL,0.229,NULL,NULL,NULL,NULL,,NULL,1,0,1,1,N,N,25,NULL,98,9854,NULL,,Y,37.45763,-82.45973,N,NULL,NULL,NULL,NULL,NULL,NULL,NULL,NULL,9,3,1,1,1,5,3,2,7,3,N,NULL,Y,Y,854,906,,N,NULL,44,,,N,,N,N,098-CR-1312-0,NULL,NULL,2020,B,7.26E+11,098-CR-1312  -000,HIGH,098-CR-1312  -000,0.229,0,0,0,0,0,0,0,0,0,0,0,1,0,0
3985,72707193,980100,2.02E+11,20211208,2157,,OWSLEY,,RD,KY1384,KY1384,0,098 KY-1384,KY1384,N,N,NULL,NULL,NULL,N,NULL,NULL,NULL,NULL,NULL,NULL,,NULL,NULL,NULL,NULL,NULL,NULL,2,0,1,1,N,N,35,NULL,98,9801,NULL,,Y,37.48982,-82.5723,N,NULL,NULL,NULL,NULL,NULL,NULL,NULL,NULL,9,6,2,6,1,1,2,4,6,3,Y,NULL,Y,Y,2157,2205,2240,Y,NULL,51,,0,Y,,N,N,098-KY-1384-0,NULL,NULL,2021,B,7.27E+11,098-KY-1384  -000,HIGH,098-KY-1384  -000,4.65,0,0,0,0,0,0,0,0,1,1,0,1,0,0
3986,72815477,KSP0900,22-387558,20221007,1234,,KY611,,,KY0611,KY0611,0,098 KY-611,KY0611,N,N,NULL,NULL,NULL,N,NULL,NULL,NULL,NULL,NULL,NULL,5.947,NULL,NULL,NULL,NULL,,NULL,0,0,2,1,N,N,35,NULL,98,9830,NULL,,Y,37.3148,-82.54834,N,NULL,NULL,NULL,NULL,NULL,NULL,NULL,NULL,9,3,2,6,1,1,2,2,7,3,N,NULL,N,N,1234,1244,1244,N,NULL,36,8,0,N,,N,N,098-KY-0611-0,NULL,NULL,2022,O,7.28E+11,098-KY-0611  -000,HIGH,098-KY-0611  -000,5.947,0,0,0,1,1,0,0,0,0,0,0,0,0,0
3987,72535615,980100,2.02E+11,20200824,1434,,BYPASS,S,RD,KY1426,KY1426,,,,N,N,NULL,NULL,NULL,N,NULL,NULL,NULL,NULL,NULL,NULL,6.507,NULL,NULL,NULL,NULL,,NULL,0,0,2,2,N,N,35,NULL,98,9801,NULL,,Y,37.48177,-82.51404,N,NULL,NULL,NULL,NULL,NULL,NULL,NULL,NULL,5,3,2,6,1,1,2,2,1,3,N,NULL,Y,N,1434,1445,1448,N,NULL,49,,0,N,,N,N,,NULL,NULL,2020,O,7.25E+11,098-KY-1426  -000,HIGH,098-KY-1426  -000,6.507,0,0,1,1,0,0,1,0,0,0,0,0,0,1
3988,72458891,980000,19-12-007,20191223,1510,,US23,,,US0023,US0023,0,098 US-23,US0023,N,N,NULL,NULL,NULL,N,NULL,NULL,NULL,NULL,NULL,NULL,25.981,NULL,NULL,NULL,NULL,,NULL,0,0,2,2,N,N,55,NULL,98,9801,NULL,,Y,37.49936,-82.53155,N,NULL,NULL,NULL,NULL,NULL,NULL,NULL,NULL,5,3,4,6,1,1,2,2,1,3,N,NULL,Y,N,1510,1510,1510,N,NULL,70,,1,N,,N,N,098-US-0023-0,NULL,NULL,2019,O,7.25E+11,098-US-0023  -000,HIGH,098-US-0023  -000,25.981,0,0,1,0,0,0,1,0,0,0,0,0,0,1
3989,72824354,980100,2.02E+11,20221026,800,,BYPASS,S,RD,KY1426,KY1426,0,098 KY-1426,KY1426,N,N,NULL,NULL,NULL,N,NULL,NULL,NULL,NULL,NULL,NULL,5.633,NULL,NULL,NULL,NULL,,NULL,3,0,2,2,N,N,25,NULL,98,9801,NULL,,Y,37.47262,-82.52348,N,NULL,NULL,NULL,NULL,NULL,NULL,NULL,NULL,5,3,3,6,1,1,2,2,7,3,Y,NULL,Y,Y,800,801,842,N,NULL,49,,0,Y,,N,N,098-KY-1426-0,NULL,NULL,2022,C,7.28E+11,098-KY-1426  -000,HIGH,098-KY-1426  -000,5.633,0,0,0,0,0,0,1,0,1,0,0,0,0,1
3990,72639420,KSP0900,21-257176,20210622,1423,,KY1506,,,KY1506,KY1506,0,098 KY-1506,KY1506,Y,N,NULL,NULL,NULL,N,NULL,NULL,NULL,NULL,NULL,NULL,0.043,NULL,NULL,NULL,NULL,,NULL,0,0,2,2,N,N,10,NULL,98,9834,NULL,,Y,37.66811,-82.27592,N,NULL,NULL,NULL,NULL,NULL,NULL,NULL,NULL,1,97,2,6,1,1,2,2,7,3,N,NULL,Y,N,1425,1429,1515,N,NULL,90,9,0,Y,,N,N,098-KY-1506-0,NULL,NULL,2021,O,7.26E+11,098-KY-1506  -000,HIGH,098-KY-1506  -000,0.043,0,0,0,0,0,0,1,0,0,0,0,0,0,0
3991,72751263,KSP0900,22-138161,20220416,1327,,US119,,,US0119,US0119,0,098 US-119,US0119,N,N,NULL,NULL,NULL,N,NULL,NULL,NULL,NULL,NULL,NULL,4.637,NULL,NULL,NULL,NULL,,NULL,0,0,1,1,N,N,55,NULL,98,9828,NULL,,Y,37.52213,-82.45682,N,NULL,NULL,NULL,NULL,NULL,NULL,NULL,NULL,9,4,2,4,1,1,2,2,7,3,N,NULL,Y,N,1327,1330,1330,Y,NULL,51,2,1,N,,N,N,098-US-0119-0,NULL,NULL,2022,O,7.28E+11,098-US-0119  -000,HIGH,098-US-0119  -000,4.637,0,0,0,0,0,0,0,0,1,0,0,1,0,0
3992,72759565,980100,2.02E+11,20220420,1720,,2ND,,ST,,,0,098 CS-1117,CS1117,N,N,NULL,NULL,NULL,N,NULL,NULL,NULL,NULL,NULL,NULL,0.136,NULL,NULL,NULL,NULL,,NULL,0,0,1,1,N,N,15,NULL,98,9801,NULL,,Y,37.48184,-82.5169,N,NULL,NULL,NULL,NULL,NULL,NULL,NULL,NULL,9,5,1,6,1,1,2,2,1,3,N,NULL,Y,Y,1720,1723,1744,Y,NULL,40,,,N,,N,N,098-CS-1117-0,NULL,NULL,2022,O,7.28E+11,098-CS-1117  -000,HIGH,098-CS-1117  -000,0.136,0,0,0,1,0,0,0,0,0,0,0,1,0,1
3993,72758458,KSP0900,22-165593,20220505,1540,,LEFT FORK LONG,,FRK,,,0,098 CR-1765,CR1765,N,N,NULL,NULL,NULL,N,NULL,NULL,NULL,NULL,NULL,NULL,0.705,NULL,NULL,NULL,NULL,,NULL,0,0,2,2,N,N,35,NULL,98,9827,NULL,,Y,37.25011,-82.68861,N,NULL,NULL,NULL,NULL,NULL,NULL,NULL,NULL,7,3,2,6,1,1,2,2,7,3,N,NULL,Y,N,1542,1604,1622,N,NULL,54,,,N,,N,N,098-CR-1765-0,NULL,NULL,2022,O,7.28E+11,098-CR-1765  -000,HIGH,098-CR-1765  -000,0.705,0,0,0,1,0,0,0,0,0,0,0,1,0,0
3994,72608903,KSP0900,21-125573,20210330,320,,LEFT FORK ISLAND,,CRK,,,0,098 CR-1233Q3,CR1233Q3,N,N,NULL,NULL,NULL,N,NULL,NULL,NULL,NULL,NULL,NULL,0.094,NULL,NULL,NULL,NULL,,NULL,1,0,1,1,N,N,55,NULL,98,9801,NULL,,Y,37.43262,-82.55578,N,NULL,NULL,NULL,NULL,NULL,NULL,NULL,NULL,9,5,2,6,1,1,2,6,7,3,Y,NULL,Y,Y,326,340,400,N,NULL,51,,,N,,N,N,098-CR-1233Q3-0,NULL,NULL,2021,A,7.26E+11,098-CR-1233Q3-000,HIGH,098-CR-1233Q3-000,0.094,0,0,1,0,0,0,1,0,1,1,0,1,0,0
3995,72667934,KSP0900,21-372148,20210907,630,,US119,,,US0119,US0119,0,098 US-119,US0119,Y,N,NULL,NULL,NULL,N,NULL,NULL,NULL,NULL,NULL,NULL,20.817,NULL,NULL,NULL,NULL,,NULL,0,0,1,1,N,N,55,NULL,98,9836,NULL,,Y,37.61911,-82.26867,N,NULL,NULL,NULL,NULL,NULL,NULL,NULL,NULL,9,97,2,6,1,1,3,1,1,3,N,NULL,Y,N,630,700,700,Y,NULL,90,2,1,N,,N,N,098-US-0119-0,NULL,NULL,2021,O,7.27E+11,098-US-0119  -000,HIGH,098-US-0119  -000,20.817,0,0,0,1,0,0,1,0,0,0,0,1,0,0
3996,72776816,KSP0900,22-235657,20220622,1405,,US23,,,US0023,US0023,0,098 US-23,US0023,N,N,NULL,NULL,NULL,N,NULL,NULL,NULL,NULL,NULL,NULL,14.524,NULL,NULL,NULL,NULL,,NULL,1,0,1,1,N,N,55,NULL,98,9801,NULL,,Y,37.39158,-82.53264,N,NULL,NULL,NULL,NULL,NULL,NULL,NULL,NULL,9,3,4,6,1,1,2,2,7,3,N,NULL,Y,Y,1405,1420,1420,N,NULL,70,,1,Y,,N,Y,098-US-0023-0,NULL,NULL,2022,B,7.28E+11,098-US-0023  -000,HIGH,098-US-0023  -000,14.524,0,0,0,0,0,0,0,0,1,0,0,1,0,0
3997,72800903,980100,2.02E+11,20220829,1615,,US23,,,US0023,US0023,0,098 US-23-10,US0023,N,N,NULL,NULL,NULL,N,NULL,NULL,NULL,NULL,NULL,NULL,26.504,NULL,NULL,NULL,NULL,,NULL,1,0,2,2,N,N,55,NULL,98,9801,NULL,,Y,37.50663,-82.53355,N,NULL,NULL,NULL,NULL,NULL,NULL,NULL,NULL,1,3,4,6,1,1,2,2,7,3,Y,NULL,Y,Y,1615,1621,1801,N,NULL,55,,1,N,,N,Y,098-US-0023-10,NULL,NULL,2022,C,7.28E+11,098-US-0023  -010,HIGH,098-US-0023  -000,26.504,0,1,0,0,0,0,0,0,0,0,0,0,0,1
3998,72468756,980100,2.02E+11,20200123,1930,,SUMMIT,,DR,,,0,098 CS-1064,CS1064,N,N,NULL,NULL,NULL,N,NULL,NULL,NULL,NULL,NULL,NULL,0.115,NULL,NULL,NULL,NULL,,NULL,0,0,1,1,N,N,15,NULL,98,9801,NULL,,Y,37.4763,-82.51591,N,NULL,NULL,NULL,NULL,NULL,NULL,NULL,NULL,9,3,2,4,1,1,2,5,7,3,N,NULL,Y,N,1436,1436,,N,NULL,70,,,N,,N,N,098-CS-1064-0,NULL,NULL,2020,O,7.25E+11,098-CS-1064  -000,HIGH,098-CS-1064  -000,0.115,0,0,1,0,0,0,0,0,0,0,0,0,0,1
3999,72494828,980100,2.02E+11,20200404,1240,,BYPASS,S,RD,KY1426,KY1426,,,,Y,N,NULL,NULL,NULL,N,NULL,NULL,NULL,NULL,NULL,NULL,5.675,NULL,NULL,NULL,NULL,,NULL,0,0,2,2,N,N,15,NULL,98,9801,NULL,,Y,37.4727,-82.52311,N,NULL,NULL,NULL,NULL,NULL,NULL,NULL,NULL,8,97,1,4,2,1,2,2,1,3,N,NULL,Y,N,1240,1246,1246,N,NULL,90,,0,N,,N,N,,NULL,NULL,2020,O,7.25E+11,098-KY-1426  -000,HIGH,098-KY-1426  -000,5.675,0,0,0,0,0,0,1,0,0,0,0,0,0,1
4000,72502068,980100,2.02E+11,20200512,1254,,HAMBLEY,,BLVD,,,0,098 CS-1222,CS1222,Y,N,NULL,NULL,NULL,N,NULL,NULL,NULL,NULL,NULL,NULL,0.476,NULL,NULL,NULL,NULL,,NULL,0,0,2,2,N,N,,NULL,98,9801,NULL,,Y,37.47817,-82.52068,N,NULL,NULL,NULL,NULL,NULL,NULL,NULL,NULL,2,97,1,6,2,1,2,2,1,3,N,NULL,Y,N,1254,1307,1307,N,NULL,90,,,N,,N,N,098-CS-1222-0,NULL,NULL,2020,O,7.25E+11,098-CS-1222  -000,HIGH,098-CS-1222  -000,0.476,0,0,0,0,0,0,1,0,0,0,0,0,0,1
4001,72632639,KSP0900,21-224263,20210601,1722,,US119,,,US0119,US0119,0,098 US-119,US0119,Y,N,NULL,NULL,NULL,N,NULL,NULL,NULL,NULL,NULL,NULL,24.951,NULL,NULL,NULL,NULL,,NULL,0,0,2,2,N,N,10,NULL,98,9834,NULL,,Y,37.66859,-82.27724,N,NULL,NULL,NULL,NULL,NULL,NULL,NULL,NULL,1,97,2,6,1,1,2,2,1,3,N,NULL,Y,N,1722,1744,1722,N,NULL,90,2,1,N,,N,N,098-US-0119-0,NULL,NULL,2021,O,7.26E+11,098-US-0119  -000,HIGH,098-US-0119  -000,24.951,0,0,0,1,0,0,1,0,0,0,0,0,0,0
4002,72641343,KSP0900,21-266457,20210628,1529,,US460,,,US0460,US0460,0,098 US-460,US0460,N,N,NULL,NULL,NULL,N,NULL,NULL,NULL,NULL,NULL,NULL,9.851,NULL,NULL,NULL,NULL,,NULL,0,0,2,2,N,N,55,NULL,98,9805,NULL,,Y,37.36417,-82.40731,N,NULL,NULL,NULL,NULL,NULL,NULL,NULL,NULL,5,3,2,6,1,1,2,2,7,3,N,NULL,Y,N,1531,1550,1531,N,NULL,70,,1,N,,N,N,098-US-0460-0,NULL,NULL,2021,O,7.26E+11,098-US-0460  -000,HIGH,098-US-0460  -000,9.851,0,0,1,0,0,0,1,0,0,0,0,0,0,0
4003,72535890,980100,2.02E+11,20200825,900,,HAMBLEY,,BLVD,,,0,098 CS-1222,CS1222,Y,N,NULL,NULL,NULL,N,NULL,NULL,NULL,NULL,NULL,NULL,0.496,NULL,NULL,NULL,NULL,,NULL,0,0,2,2,N,N,15,NULL,98,9801,NULL,,Y,37.47829,-82.52023,N,NULL,NULL,NULL,NULL,NULL,NULL,NULL,NULL,7,97,2,6,1,1,2,4,7,3,N,NULL,Y,N,1230,1230,,N,NULL,90,,,N,,N,N,098-CS-1222-0,NULL,NULL,2020,O,7.25E+11,098-CS-1222  -000,HIGH,098-CS-1222  -000,0.496,0,0,1,0,0,0,0,0,0,0,0,0,0,1
4004,72755064,980100,2.02E+11,20220425,1434,,PIKE,,ST,,,,,,N,N,NULL,NULL,NULL,N,NULL,NULL,NULL,NULL,NULL,NULL,0.057,NULL,NULL,NULL,NULL,,NULL,0,0,2,2,N,N,15,NULL,98,9801,NULL,,Y,37.4802,-82.51644,N,NULL,NULL,NULL,NULL,NULL,NULL,NULL,NULL,2,3,2,5,1,1,2,2,1,3,N,NULL,Y,N,1434,1439,1501,N,NULL,56,,,N,,N,N,,NULL,NULL,2022,O,7.28E+11,098-CS-1113  -000,MEDIUM,098-CS-1113  -000,0.057,0,1,0,0,0,0,0,0,0,0,0,0,0,1
4005,72495398,980200,980200,20200409,1530,,RUSSELL,E,ST,,,0,098 CS-2009,CS2009,N,N,NULL,NULL,NULL,N,NULL,NULL,NULL,NULL,NULL,NULL,0.221,NULL,NULL,NULL,NULL,,NULL,0,0,1,1,N,N,35,NULL,98,9802,NULL,,Y,37.30564,-82.34814,N,NULL,NULL,NULL,NULL,NULL,NULL,NULL,NULL,9,3,2,3,3,1,2,2,6,3,N,NULL,N,Y,1534,1536,1630,N,NULL,40,,,N,,N,N,098-CS-2009-0,NULL,NULL,2020,O,7.25E+11,098-CS-2009  -000,HIGH,098-CS-2009  -000,0.221,0,0,0,0,0,0,0,0,0,0,0,1,0,0
4006,72435425,980100,2.02E+11,20191106,1115,,BAIRD,,AVE,KY1426,KY1426,0,098 KY-1426,KY1426,N,N,NULL,NULL,NULL,N,NULL,NULL,NULL,NULL,NULL,NULL,5.389,NULL,NULL,NULL,NULL,,NULL,1,0,2,2,N,N,55,NULL,98,9801,NULL,,Y,37.47334,-82.52718,N,NULL,NULL,NULL,NULL,NULL,NULL,NULL,NULL,1,3,2,5,1,1,2,2,1,3,N,NULL,N,Y,1115,1118,1147,N,NULL,55,,0,Y,,N,N,098-KY-1426-0,NULL,NULL,2019,C,7.24E+11,098-KY-1426  -000,HIGH,098-KY-1426  -000,5.389,0,0,0,0,0,0,1,1,0,0,0,0,0,1
4007,72551193,980100,2.02E+12,20201010,1633,,US23,,,US0023,US0023,0,098 US-23,US0023,N,N,NULL,NULL,NULL,N,NULL,NULL,NULL,NULL,NULL,NULL,26.237,NULL,NULL,NULL,NULL,,NULL,0,0,2,2,N,N,55,NULL,98,9801,NULL,,Y,37.50299,-82.53206,N,NULL,NULL,NULL,NULL,NULL,NULL,NULL,NULL,5,3,4,6,1,5,6,2,1,3,N,NULL,N,N,1633,1637,1733,N,NULL,70,,1,Y,,N,N,098-US-0023-0,NULL,NULL,2020,O,7.26E+11,098-US-0023  -000,HIGH,098-US-0023  -000,26.237,0,0,0,0,0,0,0,1,0,0,0,0,0,1
4008,72548405,980100,2.02E+11,20201002,1217,,BYPASS,S,RD,KY1426,KY1426,,,,Y,N,NULL,NULL,NULL,N,NULL,NULL,NULL,NULL,NULL,NULL,6.556,NULL,NULL,NULL,NULL,,NULL,0,0,2,2,N,N,15,NULL,98,9801,NULL,,Y,37.48241,-82.51369,N,NULL,NULL,NULL,NULL,NULL,NULL,NULL,NULL,2,97,,6,2,1,2,2,1,3,N,NULL,Y,N,1217,1217,,N,NULL,90,,0,N,,N,N,,NULL,NULL,2020,O,7.25E+11,098-KY-1426  -000,HIGH,098-KY-1426  -000,6.556,0,0,1,1,0,0,1,0,0,0,0,0,0,1
4009,72489608,KSP0900,20-10498,20200320,1437,,CHLOE,,RD,KY1460,KY1460,0,098 KY-1460,KY1460,N,N,NULL,NULL,NULL,N,NULL,NULL,NULL,NULL,NULL,NULL,0.976,NULL,NULL,NULL,NULL,,NULL,0,0,2,2,N,N,45,NULL,98,9801,3,S,N,37.44479,-82.47917,N,NULL,NULL,NULL,NULL,NULL,NULL,NULL,NULL,5,3,2,6,1,5,3,2,7,3,N,NULL,Y,N,1437,1504,1515,N,NULL,49,,0,N,,N,N,098-KY-1460-0,NULL,NULL,2020,O,7.25E+11,098-KY-1460  -000,HIGH,098-KY-1460  -000,0.976,0,0,1,1,0,0,1,0,0,0,0,0,0,0
4010,72485478,KSP0900,20-8969,20200308,1950,,SOOKEYS,W,CRK,,,0,098 CR-1282,CR1282,N,N,NULL,NULL,NULL,N,NULL,NULL,NULL,NULL,NULL,NULL,0.312,NULL,NULL,NULL,NULL,,NULL,0,0,1,1,N,N,35,NULL,98,9801,NULL,,Y,37.3982,-82.53141,N,NULL,NULL,NULL,NULL,NULL,NULL,NULL,NULL,9,3,2,2,1,1,2,2,7,3,N,NULL,Y,Y,1951,2005,2200,Y,NULL,40,,,N,,N,N,098-CR-1282-0,NULL,NULL,2020,O,7.25E+11,098-CR-1282  -000,HIGH,098-CR-1282  -000,0.312,0,1,0,0,0,0,0,1,0,0,0,1,0,0
4011,72617458,KSP0900,21-164553,20210425,0,,US119,,,US0119,US0119,,,,N,N,NULL,NULL,NULL,N,NULL,NULL,NULL,NULL,NULL,NULL,12.151,NULL,NULL,NULL,NULL,,NULL,0,0,1,1,N,N,55,NULL,98,9833,NULL,,Y,37.59765,-82.37281,N,NULL,NULL,NULL,NULL,NULL,NULL,NULL,NULL,9,3,4,4,1,5,6,6,7,3,N,NULL,Y,N,1200,1215,130,N,NULL,70,2,1,N,,N,N,,NULL,NULL,2021,O,7.26E+11,098-US-0119  -010,MEDIUM,098-US-0119  -000,12.151,0,0,0,0,0,0,1,0,0,0,0,0,0,0
4012,72728242,KSP0900,22-39151,20220201,1655,,TAYLOR,,FRK,,,,,,N,N,NULL,NULL,NULL,N,NULL,NULL,NULL,NULL,NULL,NULL,0.008,NULL,NULL,NULL,NULL,,NULL,0,0,2,2,N,N,45,NULL,98,9826,NULL,,Y,37.6709,-82.3073,N,NULL,NULL,NULL,NULL,NULL,NULL,NULL,NULL,3,3,2,6,1,5,3,6,7,3,N,NULL,Y,N,1839,1854,1917,N,NULL,52,,,N,,N,N,,NULL,NULL,2022,O,7.27E+11,098-CR-1017  -000,MEDIUM,098-CR-1017  -000,0.008,0,0,0,1,0,0,1,0,0,0,0,1,0,0
4013,72562256,980100,2.02E+11,20201107,1924,,KEYSER HEIGHTS,E,DR,,,0,098 CS-1189,CS1189,N,N,NULL,NULL,NULL,N,NULL,NULL,NULL,NULL,NULL,NULL,0.346,NULL,NULL,NULL,NULL,,NULL,0,0,2,2,N,N,15,NULL,98,9801,NULL,,Y,37.49134,-82.52416,N,NULL,NULL,NULL,NULL,NULL,NULL,NULL,NULL,7,97,1,6,2,1,2,5,5,3,N,NULL,Y,N,1925,1934,,N,NULL,47,,,N,,N,N,098-CS-1189-0,NULL,NULL,2020,O,7.26E+11,098-CS-1189  -000,HIGH,098-CS-1189  -000,0.346,0,0,0,1,0,0,0,0,0,0,0,0,0,0
4014,72502469,KSP0900,20-18247,20200516,328,,US460,,,US0460,US0460,0,098 US-460,US0460,N,N,NULL,NULL,NULL,N,NULL,NULL,NULL,NULL,NULL,NULL,3.953,NULL,NULL,NULL,NULL,,NULL,0,0,1,1,N,N,55,NULL,98,9824,NULL,,Y,37.41954,-82.46192,N,NULL,NULL,NULL,NULL,NULL,NULL,NULL,NULL,9,3,2,6,1,1,2,6,7,3,N,NULL,N,N,328,352,352,N,NULL,70,,1,Y,,N,N,098-US-0460-0,NULL,NULL,2020,O,7.25E+11,098-US-0460  -000,HIGH,098-US-0460  -000,3.953,0,0,0,0,0,0,1,0,0,0,0,1,0,0
4015,72539359,KSP0900,20-682439,20200904,1634,,KY194,,,KY0194,KY0194,0,098 KY-194,KY0194,Y,N,NULL,NULL,NULL,N,NULL,NULL,NULL,NULL,NULL,NULL,27.224,NULL,NULL,NULL,NULL,,NULL,0,0,2,2,N,N,55,NULL,98,9817,NULL,,Y,37.4899,-82.3511,N,NULL,NULL,NULL,NULL,NULL,NULL,NULL,NULL,5,97,2,4,1,5,3,2,7,3,N,NULL,Y,N,1638,1724,1724,N,NULL,90,7,0,N,,N,N,098-KY-0194-0,NULL,NULL,2020,O,7.25E+11,098-KY-0194  -000,HIGH,098-KY-0194  -000,27.224,0,0,0,0,0,0,0,0,0,0,0,0,0,0
4016,72494173,980100,2.02E+11,20200413,1940,,MAYO,S,TRL,US0023,US0023,,,,N,N,NULL,NULL,NULL,N,NULL,NULL,NULL,NULL,NULL,NULL,22.294,NULL,NULL,NULL,NULL,,NULL,0,0,3,3,N,N,55,NULL,98,9801,NULL,,Y,37.46137,-82.51691,N,NULL,NULL,NULL,NULL,NULL,NULL,NULL,NULL,5,3,4,6,1,1,2,3,1,3,N,NULL,Y,N,1940,1943,1943,N,NULL,49,,1,N,,N,N,,NULL,NULL,2020,O,7.25E+11,098-US-0023  -010,MEDIUM,098-US-0023  -000,22.294,0,0,0,1,0,0,1,0,0,0,0,0,0,1
4017,72595340,KSP0900,21-48052,20210205,1822,,US23,,,US0023,US0023,0,098 US-23-10,US0023,N,N,NULL,NULL,NULL,N,NULL,NULL,NULL,NULL,NULL,NULL,12.927,NULL,NULL,NULL,NULL,,NULL,0,0,2,2,N,N,55,NULL,98,9801,NULL,,Y,37.37247,-82.54301,N,NULL,NULL,NULL,NULL,NULL,NULL,NULL,NULL,2,3,4,6,1,5,2,6,7,3,N,NULL,Y,N,1824,1912,,N,NULL,56,,1,N,,N,Y,098-US-0023-10,NULL,NULL,2021,O,7.26E+11,098-US-0023  -010,HIGH,098-US-0023  -000,12.927,0,0,0,1,0,0,1,1,0,0,0,0,0,0
4018,72650161,KSP0900,21-297551,20210718,1803,,WOLFORD,,ST,,,0,098 CR-1833L,CR1833L,N,N,NULL,NULL,NULL,N,NULL,NULL,NULL,NULL,NULL,NULL,0.052,NULL,NULL,NULL,NULL,,NULL,0,0,2,2,N,N,25,NULL,98,9804,NULL,,Y,37.51378,-82.15515,N,NULL,NULL,NULL,NULL,NULL,NULL,NULL,NULL,1,3,1,6,1,1,2,2,7,3,N,NULL,N,N,1802,1815,1815,N,NULL,55,,,N,,N,N,098-CR-1833L-0,NULL,NULL,2021,O,7.27E+11,098-CR-1833L -000,HIGH,098-CR-1833L -000,0.052,0,0,0,0,0,0,1,0,0,0,0,0,0,0
4019,72501251,980100,2.02E+11,20200514,750,,BYPASS,S,RD,KY1426,KY1426,,,,Y,N,NULL,NULL,NULL,N,NULL,NULL,NULL,NULL,NULL,NULL,5.678,NULL,NULL,NULL,NULL,,NULL,0,0,2,2,N,N,,NULL,98,9801,NULL,,Y,37.47272,-82.52306,N,NULL,NULL,NULL,NULL,NULL,NULL,NULL,NULL,7,97,2,3,2,1,2,2,1,3,N,NULL,Y,N,750,753,,N,NULL,90,,0,N,,N,N,,NULL,NULL,2020,O,7.25E+11,098-KY-1426  -000,HIGH,098-KY-1426  -000,5.678,0,0,0,0,0,0,0,0,0,0,0,0,0,1