OBJECTID,MasterFile,AgencyORINumber,LocalCode,CollisionDate,CollisionTime,CollisionDayWeekCode,RoadwayName,RoadwayName_Direction_,RoadwayName_RoadwaySuffix_,RoadwayfromReport,CurrentRoadwayNumber,RoadwayNumberCoupletID,RSEUniqueGIS,RoadwayIdentifier,ParkingLotIndicator,IntersectionWith_Indicator_,IntersectionWith_NameRoadway_,IntersectionWith_Direction_,IntersectionWith_RoadwaySuffix_,BetweenStreets_Indicator_,BetweenStreets1_NameRoadway_,BetweenStreet1_Direction_,BetweenStreets1_RoadwaySuffix_,BetweenStreets2_NameRoadway_,BetweenStreets2_Direction_,BetweenStreets2_RoadwaySuffix_,Milepoint,ReportMilepointDeriveNumber,CurrentDerivedMiepointNumber,MilestoMilepoint,FeettoMilepoint,DirectionfromMilepoint_NSEW_,ValidMilepointIndicator,NumberInjured,NumberKilled,ofUnits,ofMotorVehicleUnits,Hit&RunIndicator,OneWayIndicator,SpeedLimitNumber,KilometersIndicator,CountyCode,CityCountyCode,MilesFromCity,DirectionFromCity_NSEW_,InCityLimitsIndicator,Latitude,Longitude,RampIndicator,RampFromIdentifier,RampFromDirCode,RampFromCoupletID,RSEUniqueGISRampFrom,RampToidentifier,RampToDirCode,RampToCoupletID,RSEUniqueGisRampTo,MannerofCollisionCode,LocationFirstEventCode,TotalLanes,RoadwayCharacterCode,RoadwaySurfaceCode,RoadwayConditionCode,WeatherCode,LightConditionCode,LandUseCode,SchoolBusRelatedCode,FirstAidSceneIndicator,CollDescPresentInd,InvestigationCompleteIndicator,PhotosTakenIndicator,TimeNotified,TimeArrived,TimeRoadwayOpened,PropertyDamageIndicator,DiagramPresentIndicator,DirectionalAnalysis,FunctionClassCode,NationalHwySysCode,EnforcementsIndicator,KARSCityCode,SecondaryCollisionIndicator,MedianCrossoverIndicator,RT_UNIQUE,MapIt,TimeLastLeft,YR,KABCO,MFNY,WorkingRID,RT_CONFIDENCE,KTC_RT,KTC_MP,Motorcyclist,Commercial Vehicle,Young Driver,Mature Driver,Pedestrian,Bicyclist,Distracted,Aggressive,Impaired,Unrestrained,Intersection,Roadway Departure,Median Cross-over,City Crash
4020,72591078,KSP0900,21-45320,20210203,1856,,COWPEN,,RD,KY2061,KY2061,0,098 KY-2061,KY2061,N,N,NULL,NULL,NULL,N,NULL,NULL,NULL,NULL,NULL,NULL,,NULL,NULL,NULL,NULL,NULL,NULL,1,0,1,1,N,N,55,NULL,98,9801,NULL,,Y,37.53314,-82.57204,N,NULL,NULL,NULL,NULL,NULL,NULL,NULL,NULL,9,3,2,6,1,1,2,6,7,3,N,NULL,Y,Y,1857,1925,,N,NULL,70,,0,N,,N,N,098-KY-2061-0,NULL,NULL,2021,C,7.26E+11,098-KY-2061  -000,HIGH,098-KY-2061  -000,0.307,0,0,0,0,0,0,0,0,0,0,0,1,0,0
4021,72710330,980100,2.02E+11,20211217,1402,,US23,,,US0023,US0023,,,,N,N,NULL,NULL,NULL,N,NULL,NULL,NULL,NULL,NULL,NULL,23.57,NULL,NULL,NULL,NULL,,NULL,0,0,1,1,N,N,55,NULL,98,9801,NULL,,Y,37.47091,-82.53383,N,NULL,NULL,NULL,NULL,NULL,NULL,NULL,NULL,9,3,2,3,1,5,6,2,1,3,N,NULL,Y,N,1402,1402,,N,NULL,70,,1,N,,N,N,,NULL,NULL,2021,O,7.27E+11,098-US-0023  -010,MEDIUM,098-US-0023  -000,23.57,0,0,0,0,0,0,0,0,0,0,0,1,0,1
4022,72509113,980100,2.02E+11,20200608,1445,,CHLOE,,RD,KY1460,KY1460,0,098 KY-1460,KY1460,N,N,NULL,NULL,NULL,N,NULL,NULL,NULL,NULL,NULL,NULL,3.426,NULL,NULL,NULL,NULL,,NULL,0,0,2,2,N,N,35,NULL,98,9801,NULL,,Y,37.47517,-82.48742,N,NULL,NULL,NULL,NULL,NULL,NULL,NULL,NULL,5,3,2,6,1,1,2,2,1,3,N,NULL,Y,N,1445,1450,1505,N,NULL,49,,0,N,,N,N,098-KY-1460-0,NULL,NULL,2020,O,7.25E+11,098-KY-1460  -000,HIGH,098-KY-1460  -000,3.426,0,0,0,0,0,0,1,0,0,0,0,0,0,1
4023,72592633,980100,2.02E+11,20210209,807,,US23 TURN LANE,,,US0023,US0023,0,098 US-23-21,US0023,N,N,NULL,NULL,NULL,N,NULL,NULL,NULL,NULL,NULL,NULL,0.016,NULL,NULL,NULL,NULL,,NULL,0,0,2,2,N,N,55,NULL,98,9801,NULL,,Y,37.50366,-82.53236,N,NULL,NULL,NULL,NULL,NULL,NULL,NULL,NULL,5,3,4,6,1,5,6,2,7,3,N,NULL,Y,N,808,816,816,N,NULL,70,,1,N,,N,N,098-US-0023-21,NULL,NULL,2021,O,7.26E+11,098-US-0023  -021,HIGH,098-US-0023  -021,0.016,0,0,0,0,0,0,0,0,0,0,0,0,0,1
4024,72579913,KSP0900,20-840990,20201223,1749,,BIG CREEK,E,RD,KY3220,KY3220,0,098 KY-3220,KY3220,N,N,NULL,NULL,NULL,N,NULL,NULL,NULL,NULL,NULL,NULL,2.504,NULL,NULL,NULL,NULL,,NULL,0,0,3,3,Y,N,35,NULL,98,9833,NULL,,Y,37.60871,-82.33002,N,NULL,NULL,NULL,NULL,NULL,NULL,NULL,NULL,7,3,2,6,1,1,2,6,7,3,Y,NULL,Y,N,1749,1751,1829,N,NULL,47,8,0,N,,N,N,098-KY-3220-0,NULL,NULL,2020,O,7.26E+11,098-KY-3220  -000,HIGH,098-KY-3220  -000,2.504,0,0,1,1,0,0,0,1,0,0,0,0,0,0
4025,72486050,980000,20-03-002,20200309,1900,,FERRELLS CREEK,,RD,US0460,US0460,0,098 US-460,US0460,N,N,NULL,NULL,NULL,N,NULL,NULL,NULL,NULL,NULL,NULL,15.334,NULL,NULL,NULL,NULL,,NULL,0,0,2,2,N,N,55,NULL,98,9874,NULL,,Y,37.34734,-82.35879,N,NULL,NULL,NULL,NULL,NULL,NULL,NULL,NULL,7,3,3,6,1,1,2,1,6,3,N,NULL,Y,Y,1900,1920,2000,N,NULL,54,,1,Y,,N,N,098-US-0460-0,NULL,NULL,2020,O,7.25E+11,098-US-0460  -000,HIGH,098-US-0460  -000,15.334,0,0,1,0,0,0,0,0,0,0,0,1,0,0
4026,72669013,980500,2021AR036,20210910,1254,,MAYO TRAIL,N,,,,,,,Y,N,NULL,NULL,NULL,N,NULL,NULL,NULL,NULL,NULL,NULL,,NULL,NULL,NULL,NULL,NULL,NULL,0,0,1,1,N,N,15,NULL,98,9801,2,N,N,37.53708,-82.60729,N,NULL,NULL,NULL,NULL,NULL,NULL,NULL,NULL,9,97,1,6,3,1,2,2,1,3,N,NULL,Y,Y,1257,1307,1307,Y,NULL,90,,,N,,N,N,,NULL,NULL,2021,O,7.27E+11,098-US-0023  -010,MEDIUM,098-US-0023  -000,31.915,0,0,0,1,0,0,1,0,0,0,0,0,0,1
4027,72525786,980100,2.02E+11,20200728,1554,,CASSIDY,,BLVD,,,,,,N,N,NULL,NULL,NULL,N,NULL,NULL,NULL,NULL,NULL,NULL,,NULL,NULL,NULL,NULL,,NULL,0,0,2,2,N,Y,15,NULL,98,9801,NULL,,Y,37.50654,-82.53915,N,NULL,NULL,NULL,NULL,NULL,NULL,NULL,NULL,2,97,1,4,1,1,2,2,7,3,N,NULL,N,N,1556,1557,1620,N,NULL,56,,,N,,N,N,,NULL,NULL,2020,O,7.25E+11,098-CS-1191  -000,MEDIUM,098-CS-1191  -000,0.366,0,0,0,1,0,0,1,0,0,0,0,0,0,1
4028,72630685,KSP0900,21-221923,20210531,742,,VIRGIE,,RD,KY0610,KY0610,0,098 KY-610,KY0610,N,N,NULL,NULL,NULL,N,NULL,NULL,NULL,NULL,NULL,NULL,6.661,NULL,NULL,NULL,NULL,,NULL,0,0,1,1,Y,N,55,NULL,98,9827,NULL,,Y,37.32626,-82.58776,N,NULL,NULL,NULL,NULL,NULL,NULL,NULL,NULL,9,97,2,3,1,1,2,2,6,3,N,NULL,N,Y,814,829,1000,Y,NULL,70,7,0,N,,N,N,098-KY-0610-0,NULL,NULL,2021,O,7.26E+11,098-KY-0610  -000,HIGH,098-KY-0610  -000,6.661,0,0,0,0,0,0,0,0,0,0,0,1,0,0
4029,72780863,KSP0900,22-258819,20220708,900,,FISHTRAP,,RD,KY1441,KY1441,0,098 KY-1441,KY1441,N,N,NULL,NULL,NULL,N,NULL,NULL,NULL,NULL,NULL,NULL,7.669,NULL,NULL,NULL,NULL,,NULL,0,0,1,1,N,N,35,NULL,98,9850,NULL,,Y,37.48791,-82.43595,N,NULL,NULL,NULL,NULL,NULL,NULL,NULL,NULL,9,5,2,3,1,5,2,6,7,3,N,NULL,Y,Y,857,928,928,Y,NULL,40,8,0,N,,N,N,098-KY-1441-0,NULL,NULL,2022,O,7.28E+11,098-KY-1441  -000,HIGH,098-KY-1441  -000,7.669,0,0,0,0,0,0,0,0,0,1,0,1,0,0
4030,72786248,KSP0900,22-273250,20220718,1505,,KY122,,,KY0122,KY0122,0,098 KY-122,KY0122,N,N,NULL,NULL,NULL,N,NULL,NULL,NULL,NULL,NULL,NULL,4.567,NULL,NULL,NULL,NULL,,NULL,0,0,1,1,N,N,55,NULL,98,9827,NULL,,Y,37.34583,-82.60145,N,NULL,NULL,NULL,NULL,NULL,NULL,NULL,NULL,9,3,2,6,1,5,6,2,7,3,N,NULL,Y,N,1505,1516,1516,N,NULL,40,,0,N,,N,N,098-KY-0122-0,NULL,NULL,2022,O,7.28E+11,098-KY-0122  -000,HIGH,098-KY-0122  -000,4.567,0,0,0,0,0,0,0,1,0,0,0,1,0,0
4031,72506330,980000,20-05-010,20200524,2300,,US23,,,US0023,US0023,0,098 US-23-10,US0023,N,N,NULL,NULL,NULL,N,NULL,NULL,NULL,NULL,NULL,NULL,28.845,NULL,NULL,NULL,NULL,,NULL,1,0,1,1,N,N,45,NULL,98,9807,NULL,,Y,37.52202,-82.57034,N,NULL,NULL,NULL,NULL,NULL,NULL,NULL,NULL,9,5,6,6,1,1,2,5,7,3,Y,NULL,Y,Y,2300,2315,2345,N,NULL,40,,1,Y,,N,Y,098-US-0023-10,NULL,NULL,2020,B,7.25E+11,098-US-0023  -010,HIGH,098-US-0023  -000,28.845,0,0,0,1,0,0,1,0,1,1,0,1,0,0
4032,72472219,980100,2.02E+11,20200130,1124,,WILLIAMS HOLLOW,,RD,,,,,,N,N,NULL,NULL,NULL,N,NULL,NULL,NULL,NULL,NULL,NULL,0.466,NULL,NULL,NULL,NULL,,NULL,0,0,1,1,N,N,15,NULL,98,9801,NULL,,Y,37.49205,-82.48619,N,NULL,NULL,NULL,NULL,NULL,NULL,NULL,NULL,9,3,1,6,1,1,2,2,6,3,N,NULL,Y,N,1124,1127,1127,N,NULL,44,,,N,,N,N,,NULL,NULL,2020,O,7.25E+11,098-CS-1085  -000,MEDIUM,098-CS-1085  -000,0.466,0,0,0,1,0,0,1,0,0,0,0,1,0,1
4033,72708906,980100,2.02E+11,20211207,1131,,MAIN,,ST,,,0,098 CS-1112,CS1112,N,N,NULL,NULL,NULL,N,NULL,NULL,NULL,NULL,NULL,NULL,0.199,NULL,NULL,NULL,NULL,,NULL,0,0,2,2,N,Y,15,NULL,98,9801,NULL,,Y,37.48047,-82.51677,N,NULL,NULL,NULL,NULL,NULL,NULL,NULL,NULL,8,3,2,6,1,1,2,2,1,3,N,NULL,Y,N,1131,1133,1144,N,NULL,47,,,Y,,N,N,098-CS-1112-0,NULL,NULL,2021,O,7.27E+11,098-CS-1112  -000,HIGH,098-CS-1112  -000,0.199,0,0,0,0,0,0,1,0,0,0,0,0,0,1
4034,72733000,980100,2.02E+11,20220220,229,,4TH,,ST,,,0,098 CS-1133,CS1133,N,Y,HAMBLEY,,BLVD,N,NULL,NULL,NULL,NULL,NULL,NULL,0.005,NULL,NULL,NULL,NULL,,NULL,0,0,2,2,Y,N,25,NULL,98,9801,NULL,,Y,37.48262,-82.51918,N,NULL,NULL,NULL,NULL,NULL,NULL,NULL,NULL,1,3,3,3,1,1,2,5,1,3,N,NULL,Y,N,229,230,,N,NULL,10,,,N,,N,Y,098-CS-1133-0,NULL,NULL,2022,O,7.27E+11,098-CS-1133  -000,HIGH,098-CS-1133  -000,0.005,0,0,0,0,0,0,0,0,0,0,1,0,1,1
4035,72533772,KSP0900,20-658881,20200820,1721,,US119,,,US0119,US0119,0,098 US-119-10,US0119,N,N,NULL,NULL,NULL,N,NULL,NULL,NULL,NULL,NULL,NULL,24.807,NULL,NULL,NULL,NULL,,NULL,1,0,2,2,N,N,45,NULL,98,9834,NULL,,Y,37.6659,-82.27516,N,NULL,NULL,NULL,NULL,NULL,NULL,NULL,NULL,5,3,4,6,1,5,6,2,7,3,N,NULL,Y,Y,1735,1747,1851,N,NULL,49,2,1,N,,N,N,098-US-0119-10,NULL,NULL,2020,B,7.25E+11,098-US-0119  -010,HIGH,098-US-0119  -000,24.807,0,1,0,0,0,0,0,0,0,0,0,0,0,0
4036,72542761,980100,2.02E+11,20200915,1329,,BYPASS,S,RD,KY1426,KY1426,,,,Y,N,NULL,NULL,NULL,N,NULL,NULL,NULL,NULL,NULL,NULL,5.694,NULL,NULL,NULL,NULL,,NULL,0,0,2,2,N,N,15,NULL,98,9801,NULL,,Y,37.47279,-82.52278,N,NULL,NULL,NULL,NULL,NULL,NULL,NULL,NULL,5,97,2,4,2,1,2,2,5,3,N,NULL,N,N,1329,1337,1337,N,NULL,90,,0,Y,,N,N,,NULL,NULL,2020,O,7.25E+11,098-KY-1426  -000,HIGH,098-KY-1426  -000,5.694,0,0,0,0,0,0,0,0,0,0,0,0,0,1
4037,72457845,980100,2.02E+11,20191230,1241,,,,,US0023,US0023,,,,N,N,NULL,NULL,NULL,N,NULL,NULL,NULL,NULL,NULL,NULL,0.027,NULL,NULL,NULL,NULL,,NULL,0,0,1,1,N,N,55,NULL,98,9801,NULL,,Y,37.48,-82.54182,Y,KY1384,W,NULL,,US0023,N,NULL,,9,3,4,1,1,1,2,2,7,3,N,NULL,Y,N,1241,1249,1249,N,NULL,72,,1,N,,N,N,,NULL,NULL,2019,O,7.25E+11,098-US-0023  -221,MEDIUM,098-US-0023  -221,0.027,0,0,1,0,0,0,0,0,0,0,0,1,0,1
4038,72488732,980000,203005,20200316,1010,,KY194,,,KY0194,KY0194,0,098 KY-194,KY0194,Y,N,NULL,NULL,NULL,N,NULL,NULL,NULL,NULL,NULL,NULL,38.378,NULL,NULL,NULL,NULL,,NULL,0,0,2,2,N,N,55,NULL,98,9849,4,E,N,37.44443,-82.26405,N,NULL,NULL,NULL,NULL,NULL,NULL,NULL,NULL,1,97,0,4,1,1,3,2,5,3,N,NULL,Y,Y,1017,1125,,N,NULL,90,7,0,N,,N,N,098-KY-0194-0,NULL,NULL,2020,O,7.25E+11,098-KY-0194  -000,HIGH,098-KY-0194  -000,38.378,0,0,1,0,0,0,1,1,0,0,0,0,0,0
4039,72672310,KSP0900,21-379546,20210912,1157,,US119,,,US0119,US0119,0,098 US-119,US0119,Y,N,NULL,NULL,NULL,N,NULL,NULL,NULL,NULL,NULL,NULL,23.649,NULL,NULL,NULL,NULL,,NULL,2,0,4,4,N,N,55,NULL,98,9836,NULL,,Y,37.65083,-82.26781,N,NULL,NULL,NULL,NULL,NULL,NULL,NULL,NULL,1,97,4,6,1,1,2,2,1,3,Y,NULL,Y,Y,1155,1228,1250,N,NULL,90,2,1,N,,N,N,098-US-0119-0,NULL,NULL,2021,A,7.27E+11,098-US-0119  -000,HIGH,098-US-0119  -000,23.649,0,0,0,0,0,0,0,0,1,1,0,0,0,0
4040,72639419,KSP0900,21-255737,20210621,1445,,US119,,,US0119,US0119,0,098 US-119,US0119,N,N,NULL,NULL,NULL,N,NULL,NULL,NULL,NULL,NULL,NULL,24.809,NULL,NULL,NULL,NULL,,NULL,1,0,2,2,N,N,55,NULL,98,9834,NULL,,Y,37.66605,-82.27502,N,NULL,NULL,NULL,NULL,NULL,NULL,NULL,NULL,1,3,4,6,1,5,6,2,7,3,Y,NULL,Y,N,1445,1450,1525,N,NULL,55,2,1,N,,N,N,098-US-0119-0,NULL,NULL,2021,B,7.26E+11,098-US-0119  -000,HIGH,098-US-0119  -000,24.809,0,0,0,1,0,0,1,0,0,0,0,0,0,0
4041,72696880,KSP0900,21-467413,20211114,2256,,US460,,,US0460,US0460,0,098 US-460,US0460,N,N,NULL,NULL,NULL,N,NULL,NULL,NULL,NULL,NULL,NULL,3.854,NULL,NULL,NULL,NULL,,NULL,0,0,2,2,N,N,45,NULL,98,9801,NULL,,Y,37.42064,-82.46454,N,NULL,NULL,NULL,NULL,NULL,NULL,NULL,NULL,8,3,2,6,1,1,3,6,7,3,N,NULL,Y,N,2258,2308,,N,NULL,53,,1,N,,N,N,098-US-0460-0,NULL,NULL,2021,O,7.27E+11,098-US-0460  -000,HIGH,098-US-0460  -000,3.854,0,0,0,1,0,0,0,1,0,0,0,1,0,0
4042,72513227,KSP0900,20-21431,20200606,1500,,US460,,,US0460,US0460,0,098 US-460,US0460,N,N,NULL,NULL,NULL,N,NULL,NULL,NULL,NULL,NULL,NULL,4.961,NULL,NULL,NULL,NULL,,NULL,0,0,2,2,Y,N,55,NULL,98,9801,NULL,,Y,37.41154,-82.44977,N,NULL,NULL,NULL,NULL,NULL,NULL,NULL,NULL,5,3,2,6,1,1,2,2,7,3,N,NULL,Y,Y,1500,1500,,N,NULL,49,,1,N,,N,N,098-US-0460-0,NULL,NULL,2020,O,7.25E+11,098-US-0460  -000,HIGH,098-US-0460  -000,4.961,1,0,0,0,0,0,1,1,0,0,0,0,0,0
4043,72465662,KSP0900,20-2410,20200118,2133,,KY194,,,KY0194,KY0194,0,098 KY-194,KY0194,N,N,NULL,NULL,NULL,N,NULL,NULL,NULL,NULL,NULL,NULL,7.125,NULL,NULL,NULL,NULL,,NULL,1,0,2,2,N,N,55,NULL,98,9831,NULL,,Y,37.61673,-82.54784,N,NULL,NULL,NULL,NULL,NULL,NULL,NULL,NULL,1,3,2,6,1,5,6,6,7,3,Y,NULL,Y,Y,2135,2202,2220,N,NULL,55,7,0,N,,N,N,098-KY-0194-0,NULL,NULL,2020,C,7.25E+11,098-KY-0194  -000,HIGH,098-KY-0194  -000,7.125,0,0,0,0,0,0,1,0,0,1,0,0,0,0
4044,72546022,KSP0900,20-699501,20200915,1418,,US23,,,US0023,US0023,0,098 US-23-10,US0023,N,N,NULL,NULL,NULL,N,NULL,NULL,NULL,NULL,NULL,NULL,5.232,NULL,NULL,NULL,NULL,,NULL,0,0,1,1,N,N,55,NULL,98,9809,NULL,,Y,37.28217,-82.56142,N,NULL,NULL,NULL,NULL,NULL,NULL,NULL,NULL,9,3,4,4,1,1,2,2,3,3,N,NULL,Y,N,1452,1508,,Y,NULL,70,,1,N,,N,N,098-US-0023-10,NULL,NULL,2020,O,7.25E+11,098-US-0023  -010,HIGH,098-US-0023  -000,5.232,0,0,0,0,0,0,0,0,0,0,0,0,0,0
4045,72505501,KSP0900,20-19304,20200523,1319,,US119,,,US0119,US0119,0,098 US-119,US0119,N,N,NULL,NULL,NULL,N,NULL,NULL,NULL,NULL,NULL,NULL,23.725,NULL,NULL,NULL,NULL,,NULL,0,0,2,2,N,N,55,NULL,98,9836,NULL,,Y,37.65195,-82.26805,N,NULL,NULL,NULL,NULL,NULL,NULL,NULL,NULL,2,7,2,6,1,5,3,2,1,3,N,NULL,N,N,1319,1319,1319,N,NULL,47,2,1,N,,N,N,098-US-0119-0,NULL,NULL,2020,O,7.25E+11,098-US-0119  -000,HIGH,098-US-0119  -000,23.725,0,0,0,0,0,0,0,0,0,0,0,0,0,0
4046,72592551,980100,2.02E+11,20210208,1718,,HAROLDS BRANCH,,RD,,,,,,N,Y,BYPASS,S,RD,N,NULL,NULL,NULL,NULL,NULL,NULL,,NULL,NULL,NULL,NULL,,NULL,0,0,2,2,N,N,35,NULL,98,9801,NULL,,Y,37.47281,-82.5227,N,NULL,NULL,NULL,NULL,NULL,NULL,NULL,NULL,5,3,2,6,1,1,2,2,7,3,N,NULL,Y,N,1718,1724,1724,N,NULL,35,,,N,,N,N,,NULL,NULL,2021,O,7.26E+11,098-CS-1223  -000,MEDIUM,098-CS-1223  -000,0,0,0,0,1,0,0,1,0,0,0,1,0,0,1
4047,72670366,980100,2.02E+11,20210914,1237,,MAYO,S,TRL,KY3496,KY3496,,,,Y,N,NULL,NULL,NULL,N,NULL,NULL,NULL,NULL,NULL,NULL,0.089,NULL,NULL,NULL,NULL,,NULL,0,0,2,2,N,N,15,NULL,98,9801,NULL,,Y,37.46589,-82.52934,N,NULL,NULL,NULL,NULL,NULL,NULL,NULL,NULL,1,97,2,6,1,1,2,2,1,3,N,NULL,Y,N,1237,1242,1242,N,NULL,90,16,0,N,,N,N,,NULL,NULL,2021,O,7.27E+11,098-KY-3496  -000,HIGH,098-KY-3496  -000,0.089,0,0,0,1,0,0,1,0,0,0,0,0,0,1
4048,72769099,980100,2.02E+11,20220601,1518,,KY3496,,,KY3496,KY3496,0,098 KY-3496,KY3496,Y,N,NULL,NULL,NULL,N,NULL,NULL,NULL,NULL,NULL,NULL,0.828,NULL,NULL,NULL,NULL,,NULL,0,0,2,2,N,N,15,NULL,98,9801,NULL,,Y,37.47205,-82.52901,N,NULL,NULL,NULL,NULL,NULL,NULL,NULL,NULL,5,97,1,6,1,1,2,2,1,3,N,NULL,Y,N,1518,1524,1524,N,NULL,90,16,0,N,,N,N,098-KY-3496-0,NULL,NULL,2022,O,7.28E+11,098-KY-3496  -000,HIGH,098-KY-3496  -000,0.828,0,0,0,0,0,0,1,0,0,0,0,0,0,1
4049,72659584,KSP0900,21-337189,20210813,1507,,US460,,,US0460,US0460,0,098 US-460,US0460,Y,N,NULL,NULL,NULL,N,NULL,NULL,NULL,NULL,NULL,NULL,2.889,NULL,NULL,NULL,NULL,,NULL,0,0,2,2,N,N,15,NULL,98,9824,NULL,,Y,37.42953,-82.4778,N,NULL,NULL,NULL,NULL,NULL,NULL,NULL,NULL,2,97,2,6,1,1,2,2,1,3,N,NULL,Y,N,1711,1720,1711,N,NULL,90,,1,N,,N,N,098-US-0460-0,NULL,NULL,2021,O,7.27E+11,098-US-0460  -000,HIGH,098-US-0460  -000,2.889,0,0,0,0,0,0,1,0,0,0,0,0,0,0
4050,72660856,980100,2.02E+11,20210819,1522,,HAMBLEY,,BLVD,,,0,098 CS-1222,CS1222,N,N,NULL,NULL,NULL,N,NULL,NULL,NULL,NULL,NULL,NULL,0.378,NULL,NULL,NULL,NULL,,NULL,0,0,2,2,N,N,25,NULL,98,9801,NULL,,Y,37.47704,-82.52175,N,NULL,NULL,NULL,NULL,NULL,NULL,NULL,NULL,5,3,2,6,1,5,6,2,7,3,N,NULL,Y,N,1523,1523,1542,N,NULL,49,,,N,,N,N,098-CS-1222-0,NULL,NULL,2021,O,7.27E+11,098-CS-1222  -000,HIGH,098-CS-1222  -000,0.378,0,0,1,0,0,0,0,1,0,0,0,0,0,1
4051,72586336,980200,4135010721,20210107,1340,,KY197,,,KY0197,KY0197,0,098 KY-197,KY0197,Y,N,NULL,NULL,NULL,N,NULL,NULL,NULL,NULL,NULL,NULL,15.627,NULL,NULL,NULL,NULL,,NULL,0,0,2,2,N,N,35,NULL,98,9802,NULL,,Y,37.2953,-82.36279,N,NULL,NULL,NULL,NULL,NULL,NULL,NULL,NULL,2,97,0,4,1,1,2,2,1,3,N,NULL,N,Y,1325,1339,,N,NULL,90,7,0,N,,N,N,098-KY-0197-0,NULL,NULL,2021,O,7.26E+11,098-KY-0197  -000,HIGH,098-KY-0197  -000,15.627,0,0,1,0,0,0,0,0,0,0,0,0,0,0
4052,72590873,980100,2.02E+11,20210203,1140,,JULIUS,,AVE,,,0,098 CS-1156,CS1156,Y,N,NULL,NULL,NULL,N,NULL,NULL,NULL,NULL,NULL,NULL,0.005,NULL,NULL,NULL,NULL,,NULL,0,0,2,2,N,N,,NULL,98,9801,NULL,,Y,37.47628,-82.52264,N,NULL,NULL,NULL,NULL,NULL,NULL,NULL,NULL,2,97,1,6,1,1,2,2,6,3,N,NULL,Y,N,1140,1142,1142,N,NULL,90,,,N,,N,N,098-CS-1156-0,NULL,NULL,2021,O,7.26E+11,098-CS-1156  -000,HIGH,098-CS-1156  -000,0.005,0,0,0,0,0,0,0,0,0,0,0,0,0,1
4053,72634940,KSP0900,21-238668,20210611,26,,COLLINS,,HWY,KY0122,KY0122,0,098 KY-122,KY0122,N,N,NULL,NULL,NULL,N,NULL,NULL,NULL,NULL,NULL,NULL,15.66,NULL,NULL,NULL,NULL,,NULL,0,0,1,1,N,N,45,NULL,98,9824,NULL,,Y,37.42269,-82.4996,N,NULL,NULL,NULL,NULL,NULL,NULL,NULL,NULL,9,3,2,6,1,5,2,6,7,3,N,NULL,Y,Y,100,130,150,N,NULL,40,,0,N,,N,N,098-KY-0122-0,NULL,NULL,2021,O,7.26E+11,098-KY-0122  -000,HIGH,098-KY-0122  -000,15.66,0,0,0,0,0,0,1,0,0,0,0,1,0,0
4054,72611883,KSP0900,21-140973,20210409,633,,US23,,,US0023,US0023,0,098 US-23,US0023,N,N,NULL,NULL,NULL,N,NULL,NULL,NULL,NULL,NULL,NULL,32.389,NULL,NULL,NULL,NULL,,NULL,0,0,1,1,N,N,55,NULL,98,9801,NULL,,Y,37.53708,-82.61584,N,NULL,NULL,NULL,NULL,NULL,NULL,NULL,NULL,9,5,4,3,1,5,3,6,7,3,N,NULL,Y,N,635,652,652,N,NULL,51,,1,N,,N,N,098-US-0023-0,NULL,NULL,2021,O,7.26E+11,098-US-0023  -000,HIGH,098-US-0023  -000,32.389,0,0,0,0,0,0,0,1,0,0,0,1,0,1
4055,72512995,KSP0900,20-556390,20200620,1441,,LEFT FORK ISLAND,,CRK,,,0,098 CR-1233Q3,CR1233Q3,N,N,NULL,NULL,NULL,N,NULL,NULL,NULL,NULL,NULL,NULL,1.054,NULL,NULL,NULL,NULL,,NULL,0,0,2,2,N,N,35,NULL,98,9801,3,W,N,37.43359,-82.57243,N,NULL,NULL,NULL,NULL,NULL,NULL,NULL,NULL,7,3,2,3,2,1,2,2,7,3,N,NULL,Y,N,1444,1501,1501,N,NULL,54,,,N,,N,N,098-CR-1233Q3-0,NULL,NULL,2020,O,7.25E+11,098-CR-1233Q3-000,HIGH,098-CR-1233Q3-000,1.054,0,0,0,0,0,0,0,0,0,0,0,1,0,0
4056,72561619,980100,2.02E+11,20201103,1632,,HAMBLEY,,BLVD,,,,,,N,Y,JULIUS,,AVE,N,NULL,NULL,NULL,NULL,NULL,NULL,0.307,NULL,NULL,NULL,NULL,,NULL,0,0,2,2,N,N,25,NULL,98,9801,NULL,,Y,37.47624,-82.52258,N,NULL,NULL,NULL,NULL,NULL,NULL,NULL,NULL,1,3,2,6,1,1,2,2,7,3,N,NULL,Y,N,1633,1636,,N,NULL,10,,,N,,N,N,,NULL,NULL,2020,O,7.26E+11,098-CS-1222  -000,LOW,098-CS-1222  -000,0.307,0,0,0,0,0,0,0,1,0,0,1,0,0,1
4057,72785390,980100,2.02E+11,20220718,1040,,CASSIDY,,BLVD,,,0,098 CS-1191,CS1191,N,N,NULL,NULL,NULL,N,NULL,NULL,NULL,NULL,NULL,NULL,0.268,NULL,NULL,NULL,NULL,,NULL,0,0,2,2,N,N,25,NULL,98,9801,NULL,,Y,37.50471,-82.53622,N,NULL,NULL,NULL,NULL,NULL,NULL,NULL,NULL,8,3,5,6,1,5,6,2,1,3,N,NULL,Y,N,1040,1203,,N,NULL,53,,,N,,N,N,098-CS-1191-0,NULL,NULL,2022,O,7.28E+11,098-CS-1191  -000,HIGH,098-CS-1191  -000,0.268,0,0,0,1,0,0,1,1,0,0,0,1,0,1