OBJECTID,MasterFile,AgencyORINumber,LocalCode,CollisionDate,CollisionTime,CollisionDayWeekCode,RoadwayName,RoadwayName_Direction_,RoadwayName_RoadwaySuffix_,RoadwayfromReport,CurrentRoadwayNumber,RoadwayNumberCoupletID,RSEUniqueGIS,RoadwayIdentifier,ParkingLotIndicator,IntersectionWith_Indicator_,IntersectionWith_NameRoadway_,IntersectionWith_Direction_,IntersectionWith_RoadwaySuffix_,BetweenStreets_Indicator_,BetweenStreets1_NameRoadway_,BetweenStreet1_Direction_,BetweenStreets1_RoadwaySuffix_,BetweenStreets2_NameRoadway_,BetweenStreets2_Direction_,BetweenStreets2_RoadwaySuffix_,Milepoint,ReportMilepointDeriveNumber,CurrentDerivedMiepointNumber,MilestoMilepoint,FeettoMilepoint,DirectionfromMilepoint_NSEW_,ValidMilepointIndicator,NumberInjured,NumberKilled,ofUnits,ofMotorVehicleUnits,Hit&RunIndicator,OneWayIndicator,SpeedLimitNumber,KilometersIndicator,CountyCode,CityCountyCode,MilesFromCity,DirectionFromCity_NSEW_,InCityLimitsIndicator,Latitude,Longitude,RampIndicator,RampFromIdentifier,RampFromDirCode,RampFromCoupletID,RSEUniqueGISRampFrom,RampToidentifier,RampToDirCode,RampToCoupletID,RSEUniqueGisRampTo,MannerofCollisionCode,LocationFirstEventCode,TotalLanes,RoadwayCharacterCode,RoadwaySurfaceCode,RoadwayConditionCode,WeatherCode,LightConditionCode,LandUseCode,SchoolBusRelatedCode,FirstAidSceneIndicator,CollDescPresentInd,InvestigationCompleteIndicator,PhotosTakenIndicator,TimeNotified,TimeArrived,TimeRoadwayOpened,PropertyDamageIndicator,DiagramPresentIndicator,DirectionalAnalysis,FunctionClassCode,NationalHwySysCode,EnforcementsIndicator,KARSCityCode,SecondaryCollisionIndicator,MedianCrossoverIndicator,RT_UNIQUE,MapIt,TimeLastLeft,YR,KABCO,MFNY,WorkingRID,RT_CONFIDENCE,KTC_RT,KTC_MP,Motorcyclist,Commercial Vehicle,Young Driver,Mature Driver,Pedestrian,Bicyclist,Distracted,Aggressive,Impaired,Unrestrained,Intersection,Roadway Departure,Median Cross-over,City Crash
4058,72829469,KSP0900,22-438005,20221114,1522,,KY194,,,KY0194,KY0194,0,098 KY-194,KY0194,N,N,NULL,NULL,NULL,N,NULL,NULL,NULL,NULL,NULL,NULL,61.838,NULL,NULL,NULL,NULL,,NULL,1,0,1,1,N,N,35,NULL,98,9811,NULL,,Y,37.55234,-82.13307,N,NULL,NULL,NULL,NULL,NULL,NULL,NULL,NULL,9,5,2,6,1,1,2,2,7,3,Y,NULL,Y,N,1523,1529,1530,N,NULL,44,7,0,N,,N,N,098-KY-0194-0,NULL,NULL,2022,B,7.28E+11,098-KY-0194  -000,HIGH,098-KY-0194  -000,61.838,0,0,0,1,0,0,0,0,1,0,0,1,0,0
4059,72607737,KSP0900,21-112056,20210321,1400,,WEDDINGTON BRANCH,,RD,,,0,098 CS-3026,CS3026,N,N,NULL,NULL,NULL,N,NULL,NULL,NULL,NULL,NULL,NULL,0.043,NULL,NULL,NULL,NULL,,NULL,0,0,2,2,N,N,55,NULL,98,9807,NULL,,Y,37.52279,-82.56985,N,NULL,NULL,NULL,NULL,NULL,NULL,NULL,NULL,2,7,1,6,1,1,2,2,2,3,N,NULL,Y,N,1400,1420,,N,NULL,56,,,N,,N,N,098-CS-3026-0,NULL,NULL,2021,O,7.26E+11,098-CS-3026  -000,HIGH,098-CS-3026  -000,0.043,0,0,0,1,0,0,1,0,0,0,0,0,0,0
4060,72695282,KSP0900,21-462666,20211111,1502,,HOLLY,,DR,,,0,098 CR-1374,CR1374,N,N,NULL,NULL,NULL,N,NULL,NULL,NULL,NULL,NULL,NULL,0.113,NULL,NULL,NULL,NULL,,NULL,1,0,1,1,N,N,25,NULL,98,9801,0.3,N,N,37.50424,-82.54475,N,NULL,NULL,NULL,NULL,NULL,NULL,NULL,NULL,9,97,2,6,1,1,2,2,7,3,Y,NULL,Y,Y,1503,1513,1600,Y,NULL,70,,,N,,N,N,098-CR-1374-0,NULL,NULL,2021,B,7.27E+11,098-CR-1374  -000,HIGH,098-CR-1374  -000,0.113,0,0,0,0,0,0,1,0,0,1,0,0,0,1
4061,72747743,980000,22-04-001,20220404,1000,,US119N,,,,,,,,N,N,NULL,NULL,NULL,N,NULL,NULL,NULL,NULL,NULL,NULL,,NULL,NULL,NULL,NULL,NULL,NULL,2,0,2,2,N,N,40,NULL,98,9834,0.1,NE,N,37.66793,-82.27703,N,NULL,NULL,NULL,NULL,NULL,NULL,NULL,NULL,8,3,4,6,1,1,3,2,1,3,Y,NULL,Y,Y,1025,1030,1100,N,NULL,53,,,N,,N,N,,NULL,NULL,2022,B,7.27E+11,098-KY-1506  -030,MEDIUM,098-KY-1506  -030,0.009,0,0,0,0,0,0,1,0,0,0,0,1,0,0
4062,72491511,980100,2.02E+11,20200329,1855,,US23,,,US0023,US0023,,,,N,N,NULL,NULL,NULL,N,NULL,NULL,NULL,NULL,NULL,NULL,23.475,NULL,NULL,NULL,NULL,,NULL,0,0,2,2,N,N,55,NULL,98,9801,NULL,,Y,37.46969,-82.53326,N,NULL,NULL,NULL,NULL,NULL,NULL,NULL,NULL,8,3,4,3,1,1,2,2,1,3,N,NULL,Y,N,1855,1858,1858,N,NULL,47,,1,N,,N,N,,NULL,NULL,2020,O,7.25E+11,098-US-0023  -010,MEDIUM,098-US-0023  -000,23.475,0,0,0,1,0,0,1,0,0,0,0,0,0,1
4063,72522286,KSP0900,20-590464,20200708,2128,,KY1056,,,KY1056,KY1056,0,098 KY-1056,KY1056,N,N,NULL,NULL,NULL,N,NULL,NULL,NULL,NULL,NULL,NULL,5.188,NULL,NULL,NULL,NULL,,NULL,0,0,1,1,N,N,55,NULL,98,9879,NULL,,Y,37.55764,-82.19371,N,NULL,NULL,NULL,NULL,NULL,NULL,NULL,NULL,9,3,2,4,1,1,2,6,7,3,N,NULL,Y,N,2128,2226,2327,N,NULL,70,7,0,N,,N,N,098-KY-1056-0,NULL,NULL,2020,O,7.25E+11,098-KY-1056  -000,HIGH,098-KY-1056  -000,5.188,0,0,0,0,0,0,0,0,0,0,0,0,0,0
4064,72709547,KSP0900,21-507843,20211214,600,,FOREST HILLS,,RD,KY0308,KY0308,0,098 KY-308,KY0308,N,N,NULL,NULL,NULL,N,NULL,NULL,NULL,NULL,NULL,NULL,2.598,NULL,NULL,NULL,NULL,,NULL,0,0,1,1,N,N,35,NULL,98,9885,NULL,,Y,37.6473,-82.26875,N,NULL,NULL,NULL,NULL,NULL,NULL,NULL,NULL,9,3,2,6,1,1,2,2,7,3,N,NULL,Y,N,615,645,600,N,NULL,40,8,0,N,,N,N,098-KY-0308-0,NULL,NULL,2021,O,7.27E+11,098-KY-0308  -000,HIGH,098-KY-0308  -000,2.598,0,0,0,0,0,0,0,0,0,0,0,1,0,0
4065,72833583,KSP0900,22-447813,20221122,1058,,WILLIAMSON,,RD,KY0292,KY0292,0,098 KY-292,KY0292,N,N,NULL,NULL,NULL,N,NULL,NULL,NULL,NULL,NULL,NULL,6.342,NULL,NULL,NULL,NULL,,NULL,1,0,2,2,N,N,45,NULL,98,9834,NULL,,Y,37.67262,-82.2956,N,NULL,NULL,NULL,NULL,NULL,NULL,NULL,NULL,1,3,2,4,1,1,2,2,7,3,Y,NULL,Y,Y,1100,1120,1130,N,NULL,55,7,0,N,,N,N,098-KY-0292-0,NULL,NULL,2022,B,7.28E+11,098-KY-0292  -000,HIGH,098-KY-0292  -000,6.342,0,0,0,0,0,0,1,0,0,0,0,0,0,0
4066,72724016,KSP0900,22-22004,20220118,1311,,KY194,,,KY0194,KY0194,,,,N,N,NULL,NULL,NULL,N,NULL,NULL,NULL,NULL,NULL,NULL,55.844,NULL,NULL,NULL,NULL,,NULL,0,0,2,2,N,N,35,NULL,98,9804,NULL,,Y,37.52279,-82.15535,N,NULL,NULL,NULL,NULL,NULL,NULL,NULL,NULL,5,3,2,6,1,5,3,2,7,3,N,NULL,Y,Y,1314,1319,1340,N,NULL,49,7,0,N,,N,N,,NULL,NULL,2022,O,7.27E+11,098-KY-0194  -000,HIGH,098-KY-0194  -000,55.844,0,0,0,1,0,0,0,0,0,0,0,0,0,0
4067,72755955,980100,2.02E+11,20220429,2239,,US23,,,US0023,US0023,0,098 US-23-10,US0023,N,N,NULL,NULL,NULL,N,NULL,NULL,NULL,NULL,NULL,NULL,27.302,NULL,NULL,NULL,NULL,,NULL,0,0,2,2,Y,N,55,NULL,98,9801,NULL,,Y,37.51052,-82.54735,N,NULL,NULL,NULL,NULL,NULL,NULL,NULL,NULL,8,3,4,6,1,1,2,6,7,3,N,NULL,Y,N,2239,2240,2240,N,NULL,53,,1,N,,N,N,098-US-0023-10,NULL,NULL,2022,O,7.28E+11,098-US-0023  -010,HIGH,098-US-0023  -000,27.302,0,0,0,0,0,0,0,0,0,0,0,1,0,1
4068,72544515,980000,20-09-004,20200917,1400,,CHURCH,,ST,,,0,098 CR-1505W,CR1505W,N,N,NULL,NULL,NULL,N,NULL,NULL,NULL,NULL,NULL,NULL,0.178,NULL,NULL,NULL,NULL,,NULL,0,0,2,2,N,N,35,NULL,98,9819,NULL,,Y,37.59756,-82.27289,N,NULL,NULL,NULL,NULL,NULL,NULL,NULL,NULL,7,3,2,1,1,5,6,2,6,3,N,NULL,Y,Y,1433,1440,1538,N,NULL,54,,,N,,N,N,098-CR-1505W-0,NULL,NULL,2020,O,7.25E+11,098-CR-1505W -000,HIGH,098-CR-1505W -000,0.178,0,0,0,1,0,0,0,0,0,0,0,1,0,0
4069,72771363,980100,2.02E+11,20220527,1436,,BYPASS,S,RD,KY1426,KY1426,0,098 KY-1426,KY1426,Y,N,NULL,NULL,NULL,N,NULL,NULL,NULL,NULL,NULL,NULL,5.663,NULL,NULL,NULL,NULL,,NULL,0,0,2,2,Y,N,55,NULL,98,9801,NULL,,Y,37.47265,-82.52332,N,NULL,NULL,NULL,NULL,NULL,NULL,NULL,NULL,7,97,2,6,2,1,2,8,1,3,N,NULL,Y,N,1436,1451,1451,N,NULL,90,,0,N,,N,N,098-KY-1426-0,NULL,NULL,2022,O,7.28E+11,098-KY-1426  -000,HIGH,098-KY-1426  -000,5.663,0,0,0,0,0,0,1,0,0,0,0,0,0,1
4070,72549810,KSP0900,20-729754,20201006,1504,,KY80,,,KY0080,KY0080,0,098 KY-80,KY0080,N,N,NULL,NULL,NULL,N,NULL,NULL,NULL,NULL,NULL,NULL,0.563,NULL,NULL,NULL,NULL,,NULL,1,0,1,1,N,N,55,NULL,98,9802,2,N,N,37.33511,-82.36974,N,NULL,NULL,NULL,NULL,NULL,NULL,NULL,NULL,9,4,2,6,1,1,2,2,7,3,Y,NULL,Y,N,1504,1536,1536,N,NULL,51,7,5,N,,N,N,098-KY-0080-0,NULL,NULL,2020,A,7.25E+11,098-KY-0080  -000,HIGH,098-KY-0080  -000,0.563,0,0,0,0,0,0,0,0,0,0,0,1,0,0
4071,72495273,980100,2.02E+11,20200419,1804,,MAYO,,CIR,,,,,,Y,N,NULL,NULL,NULL,N,NULL,NULL,NULL,NULL,NULL,NULL,0.191,NULL,NULL,NULL,NULL,,NULL,0,0,2,2,N,Y,15,NULL,98,9801,NULL,,Y,37.46173,-82.51733,N,NULL,NULL,NULL,NULL,NULL,NULL,NULL,NULL,2,97,1,6,1,1,3,2,1,3,N,NULL,Y,N,1804,1807,1807,N,NULL,90,,,N,,N,N,,NULL,NULL,2020,O,7.25E+11,098-CS-1019  -000,MEDIUM,098-CS-1019  -000,0.191,0,0,0,0,0,0,1,0,0,0,0,0,0,1
4072,72635884,980100,2.02E+11,20210607,1604,,US23,,,US0023,US0023,0,098 US-23,US0023,N,N,NULL,NULL,NULL,N,NULL,NULL,NULL,NULL,NULL,NULL,20.121,NULL,NULL,NULL,NULL,,NULL,0,0,1,1,N,N,55,NULL,98,9801,NULL,,Y,37.44821,-82.51377,N,NULL,NULL,NULL,NULL,NULL,NULL,NULL,NULL,9,3,4,6,1,6,6,2,1,3,N,NULL,Y,N,1604,1613,,N,NULL,40,,1,N,,N,N,098-US-0023-0,NULL,NULL,2021,O,7.26E+11,098-US-0023  -000,HIGH,098-US-0023  -000,20.121,0,0,0,0,0,0,0,1,0,0,0,1,0,1
4073,72581642,980100,2.02E+11,20201119,1547,,CASSIDY,,BLVD,,,,,,Y,N,NULL,NULL,NULL,N,NULL,NULL,NULL,NULL,NULL,NULL,0.319,NULL,NULL,NULL,NULL,,NULL,0,0,2,2,N,N,15,NULL,98,9801,NULL,,Y,37.50521,-82.53722,N,NULL,NULL,NULL,NULL,NULL,NULL,NULL,NULL,2,97,1,6,1,1,2,2,1,3,N,NULL,Y,N,1547,1555,1555,N,NULL,90,,,N,,N,N,,NULL,NULL,2020,O,7.26E+11,098-CS-1191  -000,MEDIUM,098-CS-1191  -000,0.319,0,0,0,0,0,0,1,0,0,0,0,0,0,1
4074,72616372,KSP0900,21-157722,20210420,1100,,COOK,,BTM,,,0,098 CR-1590F,CR1590F,N,N,NULL,NULL,NULL,N,NULL,NULL,NULL,NULL,NULL,NULL,0.057,NULL,NULL,NULL,NULL,,NULL,0,0,2,2,N,N,10,NULL,98,9863,NULL,,Y,37.62125,-82.16882,N,NULL,NULL,NULL,NULL,NULL,NULL,NULL,NULL,2,3,1,6,1,1,2,2,7,3,N,NULL,Y,N,1100,1115,1130,N,NULL,56,,,N,,N,N,098-CR-1590F-0,NULL,NULL,2021,O,7.26E+11,098-CR-1590F -000,HIGH,098-CR-1590F -000,0.057,0,0,0,1,0,0,1,0,0,0,0,0,0,0
4075,72651784,980100,2.02E+11,20210726,1723,,CASSIDY,,BLVD,,,0,098 CS-1191,CS1191,N,N,NULL,NULL,NULL,N,NULL,NULL,NULL,NULL,NULL,NULL,0.02,NULL,NULL,NULL,NULL,,NULL,0,0,2,2,N,N,55,NULL,98,9801,NULL,,Y,37.50373,-82.53249,N,NULL,NULL,NULL,NULL,NULL,NULL,NULL,NULL,5,3,4,6,1,1,2,2,1,3,N,NULL,Y,N,1723,1730,1730,N,NULL,49,,,N,,N,N,098-CS-1191-0,NULL,NULL,2021,O,7.27E+11,098-CS-1191  -000,HIGH,098-CS-1191  -000,0.02,0,0,0,0,0,0,1,0,0,0,0,0,0,1
4076,72866208,980100,2.02E+11,20230216,1509,,CLAIR,,LN,,,,,,Y,N,NULL,NULL,NULL,N,NULL,NULL,NULL,NULL,NULL,NULL,0.03,NULL,NULL,NULL,NULL,,NULL,0,0,2,2,N,N,,NULL,98,9801,NULL,,Y,37.47284,-82.54093,N,NULL,NULL,NULL,NULL,NULL,NULL,NULL,NULL,2,97,,6,1,5,6,2,6,1,N,NULL,Y,N,1509,1511,1511,N,NULL,90,,,N,,N,N,,NULL,NULL,2023,O,7.29E+11,098-PS-1008  -000,HIGH,098-PS-1008  -000,0.028,0,0,0,0,0,0,0,0,0,0,0,0,0,1
4077,72647462,980100,2.02E+11,20210714,1413,,CASSIDY,,BLVD,,,,,,Y,N,NULL,NULL,NULL,N,NULL,NULL,NULL,NULL,NULL,NULL,0.283,NULL,NULL,NULL,NULL,,NULL,0,0,2,2,N,N,,NULL,98,9801,NULL,,Y,37.50489,-82.53648,N,NULL,NULL,NULL,NULL,NULL,NULL,NULL,NULL,5,97,,6,1,1,2,2,1,3,N,NULL,Y,N,1413,1436,1440,N,NULL,90,,,N,,N,N,,NULL,NULL,2021,O,7.26E+11,098-CS-1191  -000,LOW,098-CS-1191  -000,0.283,0,0,0,1,0,0,0,0,0,0,0,0,0,1
4078,72755644,980100,2.02E+11,20220426,743,,US23,,,US0023,US0023,0,098 US-23-10,US0023,N,N,NULL,NULL,NULL,N,NULL,NULL,NULL,NULL,NULL,NULL,28.037,NULL,NULL,NULL,NULL,,NULL,0,0,2,2,N,N,55,NULL,98,9807,NULL,,Y,37.51503,-82.55906,N,NULL,NULL,NULL,NULL,NULL,NULL,NULL,NULL,1,3,4,6,1,5,6,2,7,3,N,NULL,Y,N,744,751,751,N,NULL,55,,1,N,,N,N,098-US-0023-10,NULL,NULL,2022,O,7.28E+11,098-US-0023  -010,HIGH,098-US-0023  -000,28.037,0,0,0,0,0,0,0,0,0,0,0,0,0,0
4079,72682495,KSP0900,21-422992,20211013,1759,,COLLINS,,HWY,KY0122,KY0122,0,098 KY-122,KY0122,Y,N,NULL,NULL,NULL,N,NULL,NULL,NULL,NULL,NULL,NULL,10.664,NULL,NULL,NULL,NULL,,NULL,0,0,2,2,N,N,45,NULL,98,9801,NULL,,Y,37.38701,-82.53892,N,NULL,NULL,NULL,NULL,NULL,NULL,NULL,NULL,2,97,2,6,1,1,2,2,7,3,N,NULL,Y,N,1759,1812,1812,N,NULL,90,,0,N,,N,N,098-KY-0122-0,NULL,NULL,2021,O,7.27E+11,098-KY-0122  -000,HIGH,098-KY-0122  -000,10.664,0,0,1,0,0,0,0,0,0,0,0,0,0,0
4080,72802899,KSP0900,22-346050,20220906,1330,,TOLER,,RD,KY0319,KY0319,0,098 KY-319,KY0319,N,N,NULL,NULL,NULL,N,NULL,NULL,NULL,NULL,NULL,NULL,2.869,NULL,NULL,NULL,NULL,,NULL,0,0,1,1,N,N,55,NULL,98,9842,NULL,,Y,37.60378,-82.21515,N,NULL,NULL,NULL,NULL,NULL,NULL,NULL,NULL,9,6,2,3,1,1,3,2,7,3,N,NULL,Y,N,1337,1402,1330,N,NULL,44,7,0,N,,N,N,098-KY-0319-0,NULL,NULL,2022,O,7.28E+11,098-KY-0319  -000,HIGH,098-KY-0319  -000,2.869,0,0,0,0,0,0,1,0,0,0,0,1,0,0
4081,72701155,980100,2.02E+11,20211124,1600,,US23,,,US0023,US0023,0,098 US-23-10,US0023,N,N,NULL,NULL,NULL,N,NULL,NULL,NULL,NULL,NULL,NULL,27.414,NULL,NULL,NULL,NULL,,NULL,0,0,2,2,N,N,55,NULL,98,9807,NULL,,Y,37.51097,-82.54945,N,NULL,NULL,NULL,NULL,NULL,NULL,NULL,NULL,5,3,6,6,1,1,2,2,7,3,N,NULL,Y,N,1600,1606,1608,N,NULL,49,,1,Y,,N,N,098-US-0023-10,NULL,NULL,2021,O,7.27E+11,098-US-0023  -010,HIGH,098-US-0023  -000,27.414,0,0,0,0,0,0,1,0,0,0,0,0,0,1
4082,72514715,KSP0900,20-565704,20200625,1042,,CLEVINGER,,BR,,,0,098 CR-1497,CR1497,N,N,NULL,NULL,NULL,N,NULL,NULL,NULL,NULL,NULL,NULL,0.361,NULL,NULL,NULL,NULL,,NULL,0,0,2,2,N,N,35,NULL,98,9801,4,NE,N,37.54142,-82.52493,N,NULL,NULL,NULL,NULL,NULL,NULL,NULL,NULL,3,3,2,6,1,1,2,2,7,3,N,NULL,Y,N,1042,1105,1145,N,NULL,52,,,N,,N,N,098-CR-1497-0,NULL,NULL,2020,O,7.25E+11,098-CR-1497  -000,HIGH,098-CR-1497  -000,0.361,0,0,1,0,0,0,0,0,0,0,0,1,0,0
4083,72740086,980000,22-02-007,20220226,1335,,MIDDLE,,FRK,,,0,098 CR-1397Q4,CR1397Q4,N,N,NULL,NULL,NULL,N,NULL,NULL,NULL,NULL,NULL,NULL,0.293,NULL,NULL,NULL,NULL,,NULL,2,0,2,2,N,N,35,NULL,98,9843,NULL,,Y,37.64845,-82.38992,N,NULL,NULL,NULL,NULL,NULL,NULL,NULL,NULL,3,3,2,5,1,1,3,2,7,3,Y,NULL,Y,Y,1450,1450,1525,N,NULL,52,,,N,,N,N,098-CR-1397Q4-0,NULL,NULL,2022,C,7.27E+11,098-CR-1397Q4-000,HIGH,098-CR-1397Q4-000,0.293,0,0,1,0,0,0,0,0,0,0,0,1,0,0
4084,72585900,980100,2.02E+11,20210115,847,,BYPASS,S,RD,KY1426,KY1426,0,098 KY-1426,KY1426,N,N,NULL,NULL,NULL,N,NULL,NULL,NULL,NULL,NULL,NULL,6.445,NULL,NULL,NULL,NULL,,NULL,1,0,2,2,N,N,35,NULL,98,9801,NULL,,Y,37.48224,-82.51395,N,NULL,NULL,NULL,NULL,NULL,NULL,NULL,NULL,1,3,3,6,1,5,6,2,1,3,Y,NULL,Y,Y,847,848,1004,N,NULL,55,,0,N,,N,N,098-KY-1426-0,NULL,NULL,2021,C,7.26E+11,098-KY-1426  -000,HIGH,098-KY-1426  -000,6.445,0,0,1,0,0,0,1,0,0,0,0,0,0,1
4085,72522357,KSP0900,20-606443,20200718,1306,,ELKHORN,,CRK,KY0197,KY0197,0,098 KY-197,KY0197,N,N,NULL,NULL,NULL,N,NULL,NULL,NULL,NULL,NULL,NULL,0.371,NULL,NULL,NULL,NULL,,NULL,0,0,1,1,Y,N,55,NULL,98,9802,NULL,,Y,37.21526,-82.55157,N,NULL,NULL,NULL,NULL,NULL,NULL,NULL,NULL,9,3,2,3,1,1,2,2,7,3,N,NULL,Y,N,1300,1339,,N,NULL,44,7,0,N,,N,Y,098-KY-0197-0,NULL,NULL,2020,O,7.25E+11,098-KY-0197  -000,HIGH,098-KY-0197  -000,0.371,0,0,0,0,0,0,0,0,0,0,0,1,0,0
4086,72740931,980100,2.02E+11,20220306,1819,,THOMPSON,,RD,,,0,098 CS-1215,CS1215,Y,N,NULL,NULL,NULL,N,NULL,NULL,NULL,NULL,NULL,NULL,0.459,NULL,NULL,NULL,NULL,,NULL,0,0,2,2,N,N,15,NULL,98,9801,NULL,,Y,37.5064,-82.54432,N,NULL,NULL,NULL,NULL,NULL,NULL,NULL,NULL,2,97,,4,1,1,2,2,1,3,N,NULL,Y,N,1821,1828,1828,N,NULL,90,,,N,,N,N,098-CS-1215-0,NULL,NULL,2022,O,7.27E+11,098-CS-1215  -000,HIGH,098-CS-1215  -000,0.459,0,0,1,0,0,0,1,1,0,0,0,0,0,1
4087,72541053,KSP0900,20-691841,20200910,1348,,US460,,,US0460,US0460,0,098 US-460,US0460,Y,N,NULL,NULL,NULL,N,NULL,NULL,NULL,NULL,NULL,NULL,4.22,NULL,NULL,NULL,NULL,,NULL,0,0,2,2,N,N,,NULL,98,9830,NULL,,Y,37.41876,-82.45819,N,NULL,NULL,NULL,NULL,NULL,NULL,NULL,NULL,2,97,2,6,1,1,2,2,6,3,N,NULL,Y,N,1349,1425,,N,NULL,90,,1,N,,N,N,098-US-0460-0,NULL,NULL,2020,O,7.25E+11,098-US-0460  -000,HIGH,098-US-0460  -000,4.22,0,0,0,1,0,0,1,0,0,0,0,0,0,0
4088,72679146,980100,2.02E+11,20211005,500,,US23,,,US0023,US0023,0,098 US-23,US0023,N,N,NULL,NULL,NULL,N,NULL,NULL,NULL,NULL,NULL,NULL,32.79,NULL,NULL,NULL,NULL,,NULL,0,0,1,1,N,N,55,NULL,98,9801,NULL,,Y,37.53168,-82.61981,N,NULL,NULL,NULL,NULL,NULL,NULL,NULL,NULL,9,3,4,6,1,1,2,4,7,3,N,NULL,Y,N,630,1030,505,N,NULL,38,,1,N,,N,N,098-US-0023-0,NULL,NULL,2021,O,7.27E+11,098-US-0023  -000,HIGH,098-US-0023  -000,32.79,0,0,0,1,0,0,0,0,0,0,0,0,0,1
4089,72662207,KSP0900,2021-350583,20210822,1858,,OLD RAILROAD,,RD,,,0,098 CR-1215,CR1215,N,N,NULL,NULL,NULL,N,NULL,NULL,NULL,NULL,NULL,NULL,0.214,NULL,NULL,NULL,NULL,,NULL,0,0,2,2,N,N,35,NULL,98,9832,NULL,,Y,37.41677,-82.42474,N,NULL,NULL,NULL,NULL,NULL,NULL,NULL,NULL,7,3,1,3,3,1,2,2,7,3,N,NULL,N,N,1855,1855,1855,N,NULL,54,,,N,,N,N,098-CR-1215-0,NULL,NULL,2021,O,7.27E+11,098-CR-1215  -000,HIGH,098-CR-1215  -000,0.214,0,0,0,0,0,0,0,0,0,0,0,1,0,0
4090,72760566,980100,2.02E+11,20220507,1853,,BYPASS,S,RD,KY1426,KY1426,0,098 KY-1426,KY1426,N,N,NULL,NULL,NULL,N,NULL,NULL,NULL,NULL,NULL,NULL,5.877,NULL,NULL,NULL,NULL,,NULL,0,0,2,2,N,N,35,NULL,98,9801,NULL,,Y,37.47417,-82.51989,N,NULL,NULL,NULL,NULL,NULL,NULL,NULL,NULL,1,3,2,6,1,1,3,2,7,3,N,NULL,Y,N,1853,1900,,N,NULL,55,,0,N,,N,N,098-KY-1426-0,NULL,NULL,2022,O,7.28E+11,098-KY-1426  -000,HIGH,098-KY-1426  -000,5.877,0,0,0,0,0,0,0,0,0,0,0,0,0,1
4091,72537535,980100,2.02E+11,20200830,1435,,US23,,,US0023,US0023,0,098 US-23,US0023,N,Y,US119,,,N,NULL,NULL,NULL,NULL,NULL,NULL,26.291,NULL,NULL,NULL,NULL,,NULL,0,0,2,2,N,N,55,NULL,98,9801,NULL,,Y,37.50377,-82.53216,N,NULL,NULL,NULL,NULL,NULL,NULL,NULL,NULL,5,3,4,6,1,1,2,2,7,3,N,NULL,Y,N,1435,1444,1442,N,NULL,35,,1,N,,N,N,098-US-0023-0,NULL,NULL,2020,O,7.25E+11,098-US-0023  -000,HIGH,098-US-0023  -000,26.291,0,0,0,1,0,0,1,0,0,0,1,0,0,1
4092,72706156,980000,21-11-004,20211125,1018,,PENNY,,HWY,KY3501,KY3501,0,098 KY-3501,KY3501,N,N,NULL,NULL,NULL,N,NULL,NULL,NULL,NULL,NULL,NULL,0.012,NULL,NULL,NULL,NULL,,NULL,0,0,1,1,N,N,55,NULL,98,9881,0.5,W,N,37.35649,-82.57567,N,NULL,NULL,NULL,NULL,NULL,NULL,NULL,NULL,9,3,2,6,1,1,3,2,7,3,N,NULL,Y,Y,1022,1035,1035,N,NULL,38,9,0,N,,N,N,098-KY-3501-0,NULL,NULL,2021,O,7.27E+11,098-KY-3501  -000,HIGH,098-KY-3501  -000,0.012,0,0,0,0,0,0,0,0,0,0,0,0,0,0
4093,72723883,KSP0900,22-29075,20220124,1502,,PINSONFORK,,RD,,,,,,N,N,NULL,NULL,NULL,N,NULL,NULL,NULL,NULL,NULL,NULL,0.178,NULL,NULL,NULL,NULL,,NULL,0,0,2,2,N,N,25,NULL,98,9819,NULL,,Y,37.56621,-82.26997,N,NULL,NULL,NULL,NULL,NULL,NULL,NULL,NULL,3,3,1,4,1,5,2,2,7,3,N,NULL,Y,Y,1502,1515,1545,N,NULL,52,,,N,,N,N,,NULL,NULL,2022,O,7.27E+11,098-CR-1544J -000,MEDIUM,098-CR-1544J -000,0.178,0,0,1,0,0,0,1,0,0,0,0,1,0,0
4094,72557131,KSP0900,20-712152,20200924,917,,KY194,,,KY0194,KY0194,0,098 KY-194,KY0194,N,N,NULL,NULL,NULL,N,NULL,NULL,NULL,NULL,NULL,NULL,61.652,NULL,NULL,NULL,NULL,,NULL,0,0,2,2,N,N,45,NULL,98,9811,NULL,,Y,37.55379,-82.13554,N,NULL,NULL,NULL,NULL,NULL,NULL,NULL,NULL,1,3,2,3,1,1,3,2,7,3,N,NULL,Y,N,918,946,946,N,NULL,55,7,0,Y,,N,N,098-KY-0194-0,NULL,NULL,2020,O,7.26E+11,098-KY-0194  -000,HIGH,098-KY-0194  -000,61.652,0,0,0,0,0,0,1,0,1,0,0,0,0,0
4095,72709930,980100,2.02E+11,20211210,1657,,US23,,,US0023,US0023,0,098 US-23,US0023,N,N,NULL,NULL,NULL,N,NULL,NULL,NULL,NULL,NULL,NULL,26.197,NULL,NULL,NULL,NULL,,NULL,1,0,3,3,N,N,55,NULL,98,9801,NULL,,Y,37.50245,-82.53191,N,NULL,NULL,NULL,NULL,NULL,NULL,NULL,NULL,5,3,6,6,1,5,6,2,7,3,N,NULL,Y,N,1657,1700,1824,N,NULL,49,,1,N,,N,N,098-US-0023-0,NULL,NULL,2021,C,7.27E+11,098-US-0023  -000,HIGH,098-US-0023  -000,26.197,0,0,0,0,0,0,0,0,0,0,0,0,0,1