OBJECTID,MasterFile,AgencyORINumber,LocalCode,CollisionDate,CollisionTime,CollisionDayWeekCode,RoadwayName,RoadwayName_Direction_,RoadwayName_RoadwaySuffix_,RoadwayfromReport,CurrentRoadwayNumber,RoadwayNumberCoupletID,RSEUniqueGIS,RoadwayIdentifier,ParkingLotIndicator,IntersectionWith_Indicator_,IntersectionWith_NameRoadway_,IntersectionWith_Direction_,IntersectionWith_RoadwaySuffix_,BetweenStreets_Indicator_,BetweenStreets1_NameRoadway_,BetweenStreet1_Direction_,BetweenStreets1_RoadwaySuffix_,BetweenStreets2_NameRoadway_,BetweenStreets2_Direction_,BetweenStreets2_RoadwaySuffix_,Milepoint,ReportMilepointDeriveNumber,CurrentDerivedMiepointNumber,MilestoMilepoint,FeettoMilepoint,DirectionfromMilepoint_NSEW_,ValidMilepointIndicator,NumberInjured,NumberKilled,ofUnits,ofMotorVehicleUnits,Hit&RunIndicator,OneWayIndicator,SpeedLimitNumber,KilometersIndicator,CountyCode,CityCountyCode,MilesFromCity,DirectionFromCity_NSEW_,InCityLimitsIndicator,Latitude,Longitude,RampIndicator,RampFromIdentifier,RampFromDirCode,RampFromCoupletID,RSEUniqueGISRampFrom,RampToidentifier,RampToDirCode,RampToCoupletID,RSEUniqueGisRampTo,MannerofCollisionCode,LocationFirstEventCode,TotalLanes,RoadwayCharacterCode,RoadwaySurfaceCode,RoadwayConditionCode,WeatherCode,LightConditionCode,LandUseCode,SchoolBusRelatedCode,FirstAidSceneIndicator,CollDescPresentInd,InvestigationCompleteIndicator,PhotosTakenIndicator,TimeNotified,TimeArrived,TimeRoadwayOpened,PropertyDamageIndicator,DiagramPresentIndicator,DirectionalAnalysis,FunctionClassCode,NationalHwySysCode,EnforcementsIndicator,KARSCityCode,SecondaryCollisionIndicator,MedianCrossoverIndicator,RT_UNIQUE,MapIt,TimeLastLeft,YR,KABCO,MFNY,WorkingRID,RT_CONFIDENCE,KTC_RT,KTC_MP,Motorcyclist,Commercial Vehicle,Young Driver,Mature Driver,Pedestrian,Bicyclist,Distracted,Aggressive,Impaired,Unrestrained,Intersection,Roadway Departure,Median Cross-over,City Crash
4096,72561863,980100,2.02E+11,20201106,1544,,CASSIDY,,BLVD,,,0,098 CS-1191,CS1191,N,N,NULL,NULL,NULL,N,NULL,NULL,NULL,NULL,NULL,NULL,0.201,NULL,NULL,NULL,NULL,,NULL,0,0,2,2,N,N,25,NULL,98,9801,NULL,,Y,37.50403,-82.53524,N,NULL,NULL,NULL,NULL,NULL,NULL,NULL,NULL,3,3,2,3,1,1,2,2,1,3,N,NULL,Y,N,1552,1554,1554,N,NULL,52,,,N,,N,N,098-CS-1191-0,NULL,NULL,2020,O,7.26E+11,098-CS-1191  -000,HIGH,098-CS-1191  -000,0.201,0,0,0,1,0,0,1,0,0,0,0,1,0,1
4097,72823715,980100,2.02E+11,20221101,1800,,HAMBLEY,,BLVD,,,0,098 CS-1222,CS1222,Y,N,NULL,NULL,NULL,N,NULL,NULL,NULL,NULL,NULL,NULL,0.52,NULL,NULL,NULL,NULL,,NULL,0,0,2,2,N,N,15,NULL,98,9801,NULL,,Y,37.47866,-82.52017,N,NULL,NULL,NULL,NULL,NULL,NULL,NULL,NULL,8,97,2,5,2,1,3,2,1,3,N,NULL,Y,N,1800,1801,1801,N,NULL,90,,,N,,N,N,098-CS-1222-0,NULL,NULL,2022,O,7.28E+11,098-CS-1222  -000,HIGH,098-CS-1222  -000,0.52,0,0,0,0,0,0,1,0,0,0,0,0,0,1
4098,72815915,980100,2.02E+11,20221013,1032,,US23,,,US0023,US0023,,,,N,N,NULL,NULL,NULL,N,NULL,NULL,NULL,NULL,NULL,NULL,21.588,NULL,NULL,NULL,NULL,,NULL,0,0,1,1,N,N,55,NULL,98,9801,NULL,,Y,37.45285,-82.52251,N,NULL,NULL,NULL,NULL,NULL,NULL,NULL,NULL,9,5,4,6,1,5,6,2,1,3,N,NULL,Y,N,1032,1038,,N,NULL,40,,1,N,,N,N,,NULL,NULL,2022,O,7.28E+11,098-US-0023  -000,MEDIUM,098-US-0023  -000,21.588,0,0,1,0,0,0,0,0,0,0,0,1,0,1
4099,72779778,980100,2.02E+11,20220705,1615,,BAIRD,,AVE,KY1426,KY1426,0,098 KY-1426,KY1426,Y,N,NULL,NULL,NULL,N,NULL,NULL,NULL,NULL,NULL,NULL,5.41,NULL,NULL,NULL,NULL,,NULL,0,0,2,2,N,N,55,NULL,98,9801,NULL,,Y,37.47306,-82.52706,N,NULL,NULL,NULL,NULL,NULL,NULL,NULL,NULL,6,97,2,6,1,5,6,2,1,3,N,NULL,Y,N,1615,1619,1619,N,NULL,90,,0,N,,N,N,098-KY-1426-0,NULL,NULL,2022,O,7.28E+11,098-KY-1426  -000,HIGH,098-KY-1426  -000,5.41,0,0,0,0,0,0,1,0,0,0,0,0,0,1
4100,72581453,KSP0900,20-850971,20201231,1445,,GOODY,,LOOP,,,0,098 PR-1024-30,PR1024,N,N,NULL,NULL,NULL,N,NULL,NULL,NULL,NULL,NULL,NULL,0.004,NULL,NULL,NULL,NULL,,NULL,0,0,2,2,N,N,45,NULL,98,9834,NULL,,Y,37.65979,-82.27328,N,NULL,NULL,NULL,NULL,NULL,NULL,NULL,NULL,6,3,4,6,1,5,6,2,7,3,N,NULL,Y,N,1445,1450,1450,N,NULL,70,,,Y,,N,N,098-PR-1024-30,NULL,NULL,2020,O,7.26E+11,098-PR-1024  -030,HIGH,098-PR-1024  -030,0.004,0,0,0,0,0,0,0,1,0,0,0,0,0,0
4101,72470849,KSP0900,20-3894,20200130,1600,,COLLINS,,HWY,KY0122,KY0122,0,098 KY-122,KY0122,Y,N,NULL,NULL,NULL,N,NULL,NULL,NULL,NULL,NULL,NULL,10.648,NULL,NULL,NULL,NULL,,NULL,0,0,2,2,Y,N,45,NULL,98,9827,NULL,,Y,37.38742,-82.53936,N,NULL,NULL,NULL,NULL,NULL,NULL,NULL,NULL,2,3,2,6,1,1,3,2,7,3,N,NULL,Y,N,1600,1650,,N,NULL,90,,0,N,,N,N,098-KY-0122-0,NULL,NULL,2020,O,7.25E+11,098-KY-0122  -000,HIGH,098-KY-0122  -000,10.648,0,0,0,0,0,0,1,0,0,0,0,0,0,0
4102,72453565,KSP0900,19-48725,20191213,2230,,FERRELLS CREEK,,RD,US0460,US0460,0,098 US-460,US0460,Y,N,NULL,NULL,NULL,N,NULL,NULL,NULL,NULL,NULL,NULL,17.929,NULL,NULL,NULL,NULL,,NULL,0,0,2,2,Y,N,35,NULL,98,9876,NULL,,Y,37.36475,-82.31982,N,NULL,NULL,NULL,NULL,NULL,NULL,NULL,NULL,2,97,1,6,1,1,2,5,8,3,N,NULL,N,N,2230,2230,,N,NULL,90,,1,N,,N,N,098-US-0460-0,NULL,NULL,2019,O,7.25E+11,098-US-0460  -000,HIGH,098-US-0460  -000,17.929,0,0,0,0,0,0,1,0,0,0,0,0,0,0
4103,72782847,KSP0900,22-266389,20220713,1529,,KY1469,,,KY1469,KY1469,0,098 KY-1469,KY1469,N,N,NULL,NULL,NULL,N,NULL,NULL,NULL,NULL,NULL,NULL,11.298,NULL,NULL,NULL,NULL,,NULL,1,0,2,2,N,N,35,NULL,98,9827,NULL,,Y,37.34147,-82.59148,N,NULL,NULL,NULL,NULL,NULL,NULL,NULL,NULL,1,3,2,6,1,1,2,2,7,3,Y,NULL,Y,Y,1532,1541,1620,N,NULL,55,8,0,N,,N,N,098-KY-1469-0,NULL,NULL,2022,C,7.28E+11,098-KY-1469  -000,HIGH,098-KY-1469  -000,11.298,0,0,0,1,0,0,1,0,0,0,0,0,0,0
4104,72550027,KSP0900,20-710943,20200923,954,,KY632,,,KY0632,KY0632,0,098 KY-632,KY0632,N,N,NULL,NULL,NULL,N,NULL,NULL,NULL,NULL,NULL,NULL,1.46,NULL,NULL,NULL,NULL,,NULL,0,0,2,2,N,N,55,NULL,98,9817,NULL,,Y,37.49748,-82.32843,N,NULL,NULL,NULL,NULL,NULL,NULL,NULL,NULL,5,3,2,6,1,1,2,2,7,3,N,NULL,Y,N,954,1025,1100,N,NULL,70,6,0,Y,,N,N,098-KY-0632-0,NULL,NULL,2020,O,7.26E+11,098-KY-0632  -000,HIGH,098-KY-0632  -000,1.46,0,0,0,0,0,0,0,1,0,0,0,0,0,0
4105,72527309,KSP0900,20-626196,20200730,2040,,BIG CREEK,E,RD,KY3220,KY3220,0,098 KY-3220,KY3220,N,N,NULL,NULL,NULL,N,NULL,NULL,NULL,NULL,NULL,NULL,0.578,NULL,NULL,NULL,NULL,,NULL,0,0,1,1,N,N,35,NULL,98,9833,NULL,,Y,37.61836,-82.35623,N,NULL,NULL,NULL,NULL,NULL,NULL,NULL,NULL,9,3,2,6,1,5,6,3,7,3,N,NULL,N,N,2040,2040,2040,N,NULL,38,8,0,N,,N,N,098-KY-3220-0,NULL,NULL,2020,O,7.25E+11,098-KY-3220  -000,HIGH,098-KY-3220  -000,0.578,0,0,0,0,0,0,0,0,0,0,0,0,0,0
4106,72727661,980000,2202001,20220201,1030,,US 119 N,,,,,,,,Y,N,NULL,NULL,NULL,N,NULL,NULL,NULL,NULL,NULL,NULL,,NULL,NULL,NULL,NULL,NULL,NULL,1,0,2,2,N,N,15,NULL,98,9812,0.2,N,N,37.65821,-82.27081,N,NULL,NULL,NULL,NULL,NULL,NULL,NULL,NULL,2,97,2,6,1,1,2,2,1,3,N,NULL,Y,Y,1030,1033,1125,N,NULL,90,,,N,,N,N,,NULL,NULL,2022,B,7.27E+11,098-US-0119  -000,MEDIUM,098-US-0119  -000,24.169,0,0,0,1,0,0,1,0,0,1,0,0,0,0
4107,72642777,980100,2.02E+11,20210630,2140,,KY3496,,,KY3496,KY3496,,,,Y,N,NULL,NULL,NULL,N,NULL,NULL,NULL,NULL,NULL,NULL,0.257,NULL,NULL,NULL,NULL,,NULL,0,0,2,2,N,N,,NULL,98,9801,NULL,,Y,37.467,-82.53206,N,NULL,NULL,NULL,NULL,NULL,NULL,NULL,NULL,5,97,2,6,1,1,2,5,1,3,N,NULL,Y,N,2140,2140,,N,NULL,90,16,0,Y,,N,N,,NULL,NULL,2021,O,7.26E+11,098-KY-3496  -000,HIGH,098-KY-3496  -000,0.257,0,0,0,1,0,0,1,0,0,0,0,0,0,1
4108,72682311,KSP0900,21-422641,20211013,1416,,US460,,,US0460,US0460,0,098 US-460,US0460,N,N,NULL,NULL,NULL,N,NULL,NULL,NULL,NULL,NULL,NULL,1.084,NULL,NULL,NULL,NULL,,NULL,1,0,2,2,N,N,55,NULL,98,9801,3,S,N,37.42952,-82.50367,N,NULL,NULL,NULL,NULL,NULL,NULL,NULL,NULL,5,3,2,6,1,1,2,2,7,3,N,NULL,Y,N,1417,1418,1500,N,NULL,49,,1,Y,,N,N,098-US-0460-0,NULL,NULL,2021,C,7.27E+11,098-US-0460  -000,HIGH,098-US-0460  -000,1.084,0,0,0,0,0,0,0,0,0,0,0,0,0,0
4109,72633652,KSP0900,21-233741,20210607,1900,,BROADHEAD,,HOLW,,,0,098 CR-1069,CR1069,N,N,NULL,NULL,NULL,N,NULL,NULL,NULL,NULL,NULL,NULL,0.281,NULL,NULL,NULL,NULL,,NULL,0,0,1,1,N,N,35,NULL,98,9842,NULL,,Y,37.63492,-82.2487,N,NULL,NULL,NULL,NULL,NULL,NULL,NULL,NULL,9,3,2,3,1,5,6,2,7,3,N,NULL,N,N,1901,1905,1920,Y,NULL,40,,,N,,N,N,098-CR-1069-0,NULL,NULL,2021,O,7.26E+11,098-CR-1069  -000,HIGH,098-CR-1069  -000,0.281,0,0,0,0,0,0,0,1,0,0,0,1,0,0
4110,72758038,KSP0900,22-163149,20220503,2119,,PINSONFORK,,RD,,,0,098 CR-1544J,CR1544J,N,N,NULL,NULL,NULL,N,NULL,NULL,NULL,NULL,NULL,NULL,0.921,NULL,NULL,NULL,NULL,,NULL,0,0,2,1,Y,Y,35,NULL,98,9872,NULL,,Y,37.55904,-82.27966,N,NULL,NULL,NULL,NULL,NULL,NULL,NULL,NULL,7,3,1,6,1,5,5,6,7,3,N,NULL,N,N,2119,2215,2245,N,NULL,54,,,N,,N,N,098-CR-1544J-0,NULL,NULL,2022,O,7.28E+11,098-CR-1544J -000,HIGH,098-CR-1544J -000,0.921,0,0,0,0,0,0,0,0,0,0,0,1,0,0
4111,72528183,980100,2.02E+11,20200731,1540,,MAYO,N,TRL,US0023,US0023,0,098 US-23,US0023,N,N,NULL,NULL,NULL,N,NULL,NULL,NULL,NULL,NULL,NULL,26.042,NULL,NULL,NULL,NULL,,NULL,3,0,2,2,N,N,55,NULL,98,9801,NULL,,Y,37.50023,-82.53162,N,NULL,NULL,NULL,NULL,NULL,NULL,NULL,NULL,5,3,4,6,1,1,3,2,7,3,Y,NULL,Y,Y,1541,1545,1610,N,NULL,49,,1,N,,N,N,098-US-0023-0,NULL,NULL,2020,C,7.25E+11,098-US-0023  -000,HIGH,098-US-0023  -000,26.042,0,0,0,0,0,0,1,0,0,0,0,0,0,1
4112,72562426,KSP0900,20-771736,20201104,1523,,KY195,,,KY0195,KY0195,0,098 KY-195,KY0195,N,N,NULL,NULL,NULL,N,NULL,NULL,NULL,NULL,NULL,NULL,4.823,NULL,NULL,NULL,NULL,,NULL,1,0,2,1,N,N,45,NULL,98,9818,NULL,,Y,37.31207,-82.4757,N,NULL,NULL,NULL,NULL,NULL,NULL,NULL,NULL,9,3,2,6,1,1,2,2,7,3,Y,NULL,Y,Y,1523,1539,1600,N,NULL,36,8,0,N,,N,N,098-KY-0195-0,NULL,NULL,2020,B,7.26E+11,098-KY-0195  -000,HIGH,098-KY-0195  -000,4.823,0,0,0,0,1,0,0,0,0,0,0,0,0,0
4113,72470341,980100,2.02E+11,20200131,1800,,CASSIDY,,BLVD,,,,,,Y,N,NULL,NULL,NULL,N,NULL,NULL,NULL,NULL,NULL,NULL,0.25,NULL,NULL,NULL,NULL,,NULL,0,0,2,2,N,Y,15,NULL,98,9801,NULL,,Y,37.50483,-82.53593,N,NULL,NULL,NULL,NULL,NULL,NULL,NULL,NULL,3,97,1,6,1,1,3,5,1,3,N,NULL,Y,N,1800,1809,,N,NULL,90,,,N,,N,N,,NULL,NULL,2020,O,7.25E+11,098-CS-1191  -000,MEDIUM,098-CS-1191  -000,0.25,0,0,1,0,0,0,1,0,0,0,0,1,0,1
4114,72732908,980100,2.02E+11,20220214,1452,,BYPASS,N,RD,KY1460,KY1460,0,098 KY-1460,KY1460,N,N,NULL,NULL,NULL,N,NULL,NULL,NULL,NULL,NULL,NULL,5.643,NULL,NULL,NULL,NULL,,NULL,0,0,2,2,N,N,45,NULL,98,9801,NULL,,Y,37.48674,-82.5219,N,NULL,NULL,NULL,NULL,NULL,NULL,NULL,NULL,1,3,2,5,1,1,2,2,1,3,N,NULL,Y,N,1452,1458,1458,N,NULL,55,16,0,N,,N,N,098-KY-1460-0,NULL,NULL,2022,O,7.27E+11,098-KY-1460  -000,HIGH,098-KY-1460  -000,5.643,0,0,0,1,0,0,1,1,0,0,0,0,0,1
4115,72632443,980100,2.02E+11,20210604,1738,,KY3496,,,KY3496,KY3496,,,,N,N,NULL,NULL,NULL,N,NULL,NULL,NULL,NULL,NULL,NULL,0.931,NULL,NULL,NULL,NULL,,NULL,0,0,2,2,N,N,35,NULL,98,9801,NULL,,Y,37.47223,-82.52709,N,NULL,NULL,NULL,NULL,NULL,NULL,NULL,NULL,1,3,2,6,2,1,2,2,1,3,N,NULL,Y,N,1738,1742,,N,NULL,55,16,0,N,,N,N,,NULL,NULL,2021,O,7.26E+11,098-KY-3496  -000,HIGH,098-KY-3496  -000,0.931,0,0,0,0,0,0,1,1,0,0,0,0,0,1
4116,72654396,370200,2021-290725,20210714,747,,US119,,,US0119,US0119,0,098 US-119-10,US0119,N,N,NULL,NULL,NULL,N,NULL,NULL,NULL,NULL,NULL,NULL,19.547,NULL,NULL,NULL,NULL,,NULL,1,0,1,1,N,N,55,NULL,98,9836,NULL,,Y,37.60888,-82.27301,N,NULL,NULL,NULL,NULL,NULL,NULL,NULL,NULL,9,3,4,1,1,1,3,2,7,3,Y,NULL,Y,Y,755,840,840,N,NULL,70,2,1,N,,N,N,098-US-0119-10,NULL,NULL,2021,C,7.27E+11,098-US-0119  -010,HIGH,098-US-0119  -000,19.547,0,1,0,0,0,0,0,0,0,0,0,1,0,0
4117,72564892,KSP0900,20-782385,20201111,1515,,KY194,,,KY0194,KY0194,,,,N,N,NULL,NULL,NULL,N,NULL,NULL,NULL,NULL,NULL,NULL,28.862,NULL,NULL,NULL,NULL,,NULL,0,0,1,1,N,N,45,NULL,98,9817,NULL,,Y,37.46977,-82.35618,N,NULL,NULL,NULL,NULL,NULL,NULL,NULL,NULL,9,3,2,3,1,5,6,2,7,3,N,NULL,N,N,1515,1535,1535,N,NULL,,,,N,,N,N,,NULL,NULL,2020,O,7.26E+11,098-KY-0194  -000,MEDIUM,098-KY-0194  -000,28.862,0,0,0,0,0,0,1,0,0,0,0,1,0,0
4118,72639943,980100,2.02E+11,20210624,1144,,US23,,,US0023,US0023,0,098 US-23,US0023,Y,N,NULL,NULL,NULL,N,NULL,NULL,NULL,NULL,NULL,NULL,23.393,NULL,NULL,NULL,NULL,,NULL,0,0,2,2,N,N,15,NULL,98,9801,NULL,,Y,37.4685,-82.53294,N,NULL,NULL,NULL,NULL,NULL,NULL,NULL,NULL,5,97,1,6,1,1,2,2,1,3,N,NULL,Y,N,1144,1152,1202,N,NULL,90,,1,N,,N,N,098-US-0023-0,NULL,NULL,2021,O,7.26E+11,098-US-0023  -000,HIGH,098-US-0023  -000,23.393,0,0,0,0,0,0,1,0,0,0,0,0,0,1
4119,72694305,370200,2021-458421,20211108,1430,,LITTLE ROBINSON CREEK,,RD,KY3415,KY3415,0,098 KY-3415,KY3415,N,N,NULL,NULL,NULL,N,NULL,NULL,NULL,NULL,NULL,NULL,2.004,NULL,NULL,NULL,NULL,,NULL,0,0,2,2,N,N,45,NULL,98,9827,NULL,,Y,37.36848,-82.61663,N,NULL,NULL,NULL,NULL,NULL,NULL,NULL,NULL,7,3,2,3,1,1,2,2,6,3,N,NULL,Y,N,1436,1453,1541,N,NULL,54,9,0,N,,N,N,098-KY-3415-0,NULL,NULL,2021,O,7.27E+11,098-KY-3415  -000,HIGH,098-KY-3415  -000,2.004,0,1,0,0,0,0,0,0,0,0,0,1,0,0
4120,72727095,980100,2.02E+11,20220202,1409,,MAIN,,ST,,,,,,Y,N,NULL,NULL,NULL,N,NULL,NULL,NULL,NULL,NULL,NULL,0.086,NULL,NULL,NULL,NULL,,NULL,0,0,2,2,N,N,15,NULL,98,9801,NULL,,Y,37.47886,-82.51791,N,NULL,NULL,NULL,NULL,NULL,NULL,NULL,NULL,8,97,1,6,1,1,2,2,1,3,N,NULL,Y,N,1406,1416,1416,N,NULL,90,,,N,,N,N,,NULL,NULL,2022,O,7.27E+11,098-CS-1112  -000,MEDIUM,098-CS-1112  -000,0.086,0,0,0,1,0,0,1,0,0,0,0,0,0,1
4121,72666489,980100,2.02E+11,20210813,1336,,HUFFMAN,,AVE,,,,,,N,N,NULL,NULL,NULL,N,NULL,NULL,NULL,NULL,NULL,NULL,0.086,NULL,NULL,NULL,NULL,,NULL,0,0,2,2,N,N,15,NULL,98,9801,NULL,,Y,37.47759,-82.51835,N,NULL,NULL,NULL,NULL,NULL,NULL,NULL,NULL,1,3,2,6,1,1,3,2,7,3,N,NULL,Y,N,1336,1338,1340,N,NULL,55,,,N,,N,N,,NULL,NULL,2021,O,7.27E+11,098-CS-1123  -000,MEDIUM,098-CS-1123  -000,0.086,0,0,0,0,0,0,1,0,0,0,0,0,0,1
4122,72787206,KSP0900,22-265293,20220712,1804,,KY292,,,KY0292,KY0292,0,098 KY-292,KY0292,N,N,NULL,NULL,NULL,N,NULL,NULL,NULL,NULL,NULL,NULL,2.862,NULL,NULL,NULL,NULL,,NULL,0,0,1,1,N,N,45,NULL,98,9869,NULL,,Y,37.65915,-82.23786,N,NULL,NULL,NULL,NULL,NULL,NULL,NULL,NULL,9,3,2,3,1,5,6,2,7,3,Y,NULL,N,Y,1804,1830,1845,N,NULL,40,8,0,N,,N,N,098-KY-0292-0,NULL,NULL,2022,O,7.28E+11,098-KY-0292  -000,HIGH,098-KY-0292  -000,2.862,0,0,0,0,0,0,0,0,0,0,0,1,0,0
4123,72702422,KSP0900,21-480568,20211124,1615,,KY1426,,,KY1426,KY1426,0,098 KY-1426,KY1426,N,N,NULL,NULL,NULL,N,NULL,NULL,NULL,NULL,NULL,NULL,14.463,NULL,NULL,NULL,NULL,,NULL,0,0,1,1,N,N,35,NULL,98,9820,NULL,,Y,37.5607,-82.46246,N,NULL,NULL,NULL,NULL,NULL,NULL,NULL,NULL,9,3,2,3,1,1,2,2,7,3,N,NULL,Y,N,1615,1640,1615,N,NULL,40,7,0,N,,N,N,098-KY-1426-0,NULL,NULL,2021,O,7.27E+11,098-KY-1426  -000,HIGH,098-KY-1426  -000,14.463,0,0,0,1,0,0,0,0,0,0,0,1,0,0
4124,72815220,980100,2.02E+11,20221010,1226,,PIKE,,ST,,,,,,N,N,NULL,NULL,NULL,N,NULL,NULL,NULL,NULL,NULL,NULL,,NULL,NULL,NULL,NULL,NULL,NULL,0,0,2,2,N,N,25,NULL,98,9801,NULL,,Y,37.48085,-82.51766,N,NULL,NULL,NULL,NULL,NULL,NULL,NULL,NULL,2,3,2,6,1,1,2,2,1,3,N,NULL,Y,N,1227,1231,1243,N,NULL,56,,,N,,N,N,,NULL,NULL,2022,O,7.28E+11,098-CS-1113  -000,MEDIUM,098-CS-1113  -000,0.138,0,0,0,0,0,0,1,0,0,0,0,0,0,1
4125,72476967,980100,2.02E+11,20200214,1325,,MAYO,,CIR,,,,,,Y,N,NULL,NULL,NULL,N,NULL,NULL,NULL,NULL,NULL,NULL,,NULL,NULL,NULL,NULL,NULL,NULL,0,0,2,2,N,N,,NULL,98,9801,NULL,,Y,37.46299,-82.51842,N,NULL,NULL,NULL,NULL,NULL,NULL,NULL,NULL,2,97,2,6,1,1,3,2,1,3,N,NULL,Y,N,1325,1325,1325,N,NULL,90,,,N,,N,N,,NULL,NULL,2020,O,7.25E+11,098-CS-1019  -000,MEDIUM,098-CS-1019  -000,0.082,0,0,0,0,0,0,1,0,0,0,0,0,0,1
4126,72779079,980100,2.02E+11,20220624,1328,,HAMBLEY,,BLVD,,,0,098 CS-1222,CS1222,N,N,NULL,NULL,NULL,N,NULL,NULL,NULL,NULL,NULL,NULL,0.036,NULL,NULL,NULL,NULL,,NULL,0,0,2,2,N,N,25,NULL,98,9801,NULL,,Y,37.47411,-82.52711,N,NULL,NULL,NULL,NULL,NULL,NULL,NULL,NULL,1,3,2,6,1,1,2,2,7,3,N,NULL,Y,N,1328,1330,1353,N,NULL,55,,,N,,N,N,098-CS-1222-0,NULL,NULL,2022,O,7.28E+11,098-CS-1222  -000,HIGH,098-CS-1222  -000,0.036,0,0,1,0,0,0,1,0,0,0,0,0,0,1
4127,72569019,980100,2.02E+11,20201125,1749,,US23,,,US0023,US0023,,,,N,N,NULL,NULL,NULL,N,NULL,NULL,NULL,NULL,NULL,NULL,30.535,NULL,NULL,NULL,NULL,,NULL,0,0,2,2,N,N,55,NULL,98,9801,NULL,,Y,37.54256,-82.58564,N,NULL,NULL,NULL,NULL,NULL,NULL,NULL,NULL,5,3,4,3,1,1,3,6,7,3,N,NULL,Y,N,1749,1756,,N,NULL,70,,1,N,,Y,N,,NULL,NULL,2020,O,7.26E+11,098-US-0023  -010,MEDIUM,098-US-0023  -000,30.535,0,0,0,1,0,0,1,0,0,0,0,0,0,1
4128,72730015,KSP0900,22-50776,20220211,1100,,KY199,,,KY0199,KY0199,0,098 KY-199,KY0199,N,N,NULL,NULL,NULL,N,NULL,NULL,NULL,NULL,NULL,NULL,7.749,NULL,NULL,NULL,NULL,,NULL,1,0,1,1,N,N,45,NULL,98,9804,NULL,,Y,37.55506,-82.26041,N,NULL,NULL,NULL,NULL,NULL,NULL,NULL,NULL,9,97,2,3,1,1,2,2,6,3,N,NULL,Y,Y,1100,1116,1116,N,NULL,40,9,0,N,,N,N,098-KY-0199-0,NULL,NULL,2022,B,7.27E+11,098-KY-0199  -000,HIGH,098-KY-0199  -000,7.749,0,0,1,0,0,0,1,0,0,0,0,1,0,0
4129,72489253,980100,2.02E+11,20200317,1119,,CASSIDY,,BLVD,,,0,098 CS-1191,CS1191,Y,N,NULL,NULL,NULL,N,NULL,NULL,NULL,NULL,NULL,NULL,0.051,NULL,NULL,NULL,NULL,,NULL,0,0,2,2,Y,N,,NULL,98,9801,NULL,,Y,37.50368,-82.53298,N,NULL,NULL,NULL,NULL,NULL,NULL,NULL,NULL,2,97,1,6,1,5,3,2,1,3,N,NULL,Y,N,1119,1125,1125,N,NULL,90,,,N,,N,N,098-CS-1191-0,NULL,NULL,2020,O,7.25E+11,098-CS-1191  -000,HIGH,098-CS-1191  -000,0.051,0,0,0,0,0,0,0,0,0,0,0,0,0,1
4130,72775232,KSP0900,22-225251,20220615,1519,,US23,,,US0023,US0023,0,098 US-23,US0023,Y,N,NULL,NULL,NULL,N,NULL,NULL,NULL,NULL,NULL,NULL,31.756,NULL,NULL,NULL,NULL,,NULL,0,0,2,2,Y,N,55,NULL,98,9801,NULL,,Y,37.53745,-82.60436,N,NULL,NULL,NULL,NULL,NULL,NULL,NULL,NULL,2,7,4,6,1,1,2,2,1,3,N,NULL,Y,N,1519,1545,1545,N,NULL,90,,1,N,,N,N,098-US-0023-0,NULL,NULL,2022,O,7.28E+11,098-US-0023  -000,HIGH,098-US-0023  -000,31.756,0,0,0,0,0,0,0,0,0,1,0,0,0,1
4131,72567583,KSP0900,20-798909,20201122,1347,,KY3418,,,KY3418,KY3418,,,,N,N,NULL,NULL,NULL,N,NULL,NULL,NULL,NULL,NULL,NULL,6.019,NULL,NULL,NULL,NULL,,NULL,0,0,2,2,N,N,35,NULL,98,9801,NULL,,Y,37.4543,-82.40048,N,NULL,NULL,NULL,NULL,NULL,NULL,NULL,NULL,7,3,1,3,1,1,3,2,7,3,N,NULL,Y,N,1355,1430,1430,N,NULL,54,9,0,N,,N,N,,NULL,NULL,2020,O,7.26E+11,098-KY-3418  -000,MEDIUM,098-KY-3418  -000,6.019,0,0,0,1,0,0,0,1,0,0,0,1,0,0
4132,72548525,980100,2.02E+11,20201002,1546,,CASSIDY,,BLVD,,,,,,Y,N,NULL,NULL,NULL,N,NULL,NULL,NULL,NULL,NULL,NULL,0.299,NULL,NULL,NULL,NULL,,NULL,0,0,2,2,N,Y,15,NULL,98,9801,NULL,,Y,37.50508,-82.5368,N,NULL,NULL,NULL,NULL,NULL,NULL,NULL,NULL,2,97,2,6,1,1,2,2,1,3,N,NULL,Y,N,1546,1559,1634,N,NULL,90,,,N,,N,N,,NULL,NULL,2020,O,7.25E+11,098-CS-1191  -000,MEDIUM,098-CS-1191  -000,0.299,0,0,0,0,0,0,1,0,0,0,0,0,0,1
4133,72795150,980100,2.02E+11,20220810,1603,,US23,,,US0023,US0023,0,098 US-23,US0023,N,N,NULL,NULL,NULL,N,NULL,NULL,NULL,NULL,NULL,NULL,25.396,NULL,NULL,NULL,NULL,,NULL,0,0,2,2,N,N,55,NULL,98,9801,NULL,,Y,37.49213,-82.535,N,NULL,NULL,NULL,NULL,NULL,NULL,NULL,NULL,5,3,4,6,1,1,2,2,7,3,N,NULL,Y,N,1603,1604,1604,N,NULL,49,,1,N,,N,N,098-US-0023-0,NULL,NULL,2022,O,7.28E+11,098-US-0023  -000,HIGH,098-US-0023  -000,25.396,0,0,1,0,0,0,0,0,0,0,0,0,0,1