OBJECTID,MasterFile,AgencyORINumber,LocalCode,CollisionDate,CollisionTime,CollisionDayWeekCode,RoadwayName,RoadwayName_Direction_,RoadwayName_RoadwaySuffix_,RoadwayfromReport,CurrentRoadwayNumber,RoadwayNumberCoupletID,RSEUniqueGIS,RoadwayIdentifier,ParkingLotIndicator,IntersectionWith_Indicator_,IntersectionWith_NameRoadway_,IntersectionWith_Direction_,IntersectionWith_RoadwaySuffix_,BetweenStreets_Indicator_,BetweenStreets1_NameRoadway_,BetweenStreet1_Direction_,BetweenStreets1_RoadwaySuffix_,BetweenStreets2_NameRoadway_,BetweenStreets2_Direction_,BetweenStreets2_RoadwaySuffix_,Milepoint,ReportMilepointDeriveNumber,CurrentDerivedMiepointNumber,MilestoMilepoint,FeettoMilepoint,DirectionfromMilepoint_NSEW_,ValidMilepointIndicator,NumberInjured,NumberKilled,ofUnits,ofMotorVehicleUnits,Hit&RunIndicator,OneWayIndicator,SpeedLimitNumber,KilometersIndicator,CountyCode,CityCountyCode,MilesFromCity,DirectionFromCity_NSEW_,InCityLimitsIndicator,Latitude,Longitude,RampIndicator,RampFromIdentifier,RampFromDirCode,RampFromCoupletID,RSEUniqueGISRampFrom,RampToidentifier,RampToDirCode,RampToCoupletID,RSEUniqueGisRampTo,MannerofCollisionCode,LocationFirstEventCode,TotalLanes,RoadwayCharacterCode,RoadwaySurfaceCode,RoadwayConditionCode,WeatherCode,LightConditionCode,LandUseCode,SchoolBusRelatedCode,FirstAidSceneIndicator,CollDescPresentInd,InvestigationCompleteIndicator,PhotosTakenIndicator,TimeNotified,TimeArrived,TimeRoadwayOpened,PropertyDamageIndicator,DiagramPresentIndicator,DirectionalAnalysis,FunctionClassCode,NationalHwySysCode,EnforcementsIndicator,KARSCityCode,SecondaryCollisionIndicator,MedianCrossoverIndicator,RT_UNIQUE,MapIt,TimeLastLeft,YR,KABCO,MFNY,WorkingRID,RT_CONFIDENCE,KTC_RT,KTC_MP,Motorcyclist,Commercial Vehicle,Young Driver,Mature Driver,Pedestrian,Bicyclist,Distracted,Aggressive,Impaired,Unrestrained,Intersection,Roadway Departure,Median Cross-over,City Crash
4134,72593817,980000,21-01-009,20210127,1410,,FISHTRAP,,RD,KY1441,KY1441,0,098 KY-1441,KY1441,N,N,NULL,NULL,NULL,N,NULL,NULL,NULL,NULL,NULL,NULL,11.693,NULL,NULL,NULL,NULL,,NULL,2,0,2,2,N,N,45,NULL,98,9850,NULL,,Y,37.5347,-82.46378,N,NULL,NULL,NULL,NULL,NULL,NULL,NULL,NULL,7,3,2,4,1,1,3,2,7,3,Y,NULL,Y,Y,1410,1415,1520,N,NULL,54,8,0,Y,,N,N,098-KY-1441-0,NULL,NULL,2021,C,7.26E+11,098-KY-1441  -000,HIGH,098-KY-1441  -000,11.693,0,0,0,0,0,0,0,0,0,1,0,1,0,0
4135,72533840,980100,2.02E+11,20200811,1229,,BYPASS,S,RD,KY1426,KY1426,,,,Y,N,NULL,NULL,NULL,N,NULL,NULL,NULL,NULL,NULL,NULL,5.692,NULL,NULL,NULL,NULL,,NULL,0,0,2,2,N,N,,NULL,98,9801,NULL,,Y,37.47278,-82.52283,N,NULL,NULL,NULL,NULL,NULL,NULL,NULL,NULL,2,97,2,4,2,1,2,2,5,3,N,NULL,Y,N,1229,1246,,N,NULL,90,,0,Y,,N,N,,NULL,NULL,2020,O,7.25E+11,098-KY-1426  -000,HIGH,098-KY-1426  -000,5.692,0,0,0,1,0,0,1,0,1,0,0,0,0,1
4136,72575524,980100,2.02E+11,20201216,1153,,US23,,,US0023,US0023,0,098 US-23,US0023,N,N,NULL,NULL,NULL,N,NULL,NULL,NULL,NULL,NULL,NULL,20.512,NULL,NULL,NULL,NULL,,NULL,0,0,1,1,N,N,55,NULL,98,9801,NULL,,Y,37.44395,-82.51853,N,NULL,NULL,NULL,NULL,NULL,NULL,NULL,NULL,9,3,4,6,1,5,6,2,7,3,N,NULL,Y,N,1153,1155,1155,N,NULL,38,,1,N,,N,N,098-US-0023-0,NULL,NULL,2020,O,7.26E+11,098-US-0023  -000,HIGH,098-US-0023  -000,20.512,0,0,0,0,0,0,0,0,0,0,0,0,0,1
4137,72575911,980500,2020AR069,20201217,1441,,US23,,,US0023,US0023,0,098 US-23-10,US0023,Y,N,NULL,NULL,NULL,N,NULL,NULL,NULL,NULL,NULL,NULL,,NULL,NULL,NULL,NULL,NULL,NULL,0,0,2,2,N,N,,NULL,98,9807,NULL,,Y,37.52375,-82.57263,N,NULL,NULL,NULL,NULL,NULL,NULL,NULL,NULL,2,97,,6,1,5,3,2,1,3,N,NULL,N,Y,1441,1441,1441,N,NULL,90,,1,N,,N,N,098-US-0023-10,NULL,NULL,2020,O,7.26E+11,098-US-0023  -010,HIGH,098-US-0023  -000,29.015,0,0,0,1,0,0,1,0,0,0,0,0,0,0
4138,72500600,980100,2.02E+11,20200510,1455,,CASSIDY,,BLVD,,,0,098 CS-1191,CS1191,Y,N,NULL,NULL,NULL,N,NULL,NULL,NULL,NULL,NULL,NULL,0.054,NULL,NULL,NULL,NULL,,NULL,0,0,2,2,Y,N,,NULL,98,9801,NULL,,Y,37.50368,-82.53304,N,NULL,NULL,NULL,NULL,NULL,NULL,NULL,NULL,1,97,1,6,1,1,2,2,1,3,N,NULL,Y,N,1455,1458,1458,N,NULL,90,,,N,,N,N,098-CS-1191-0,NULL,NULL,2020,O,7.25E+11,098-CS-1191  -000,HIGH,098-CS-1191  -000,0.054,0,0,0,0,0,0,0,0,0,0,0,0,0,1
4139,72611819,KSP0900,21-139786,20210408,1157,,N MAYO TR,,ST,,,0,098 CS-3000,CS3000,Y,N,NULL,NULL,NULL,N,NULL,NULL,NULL,NULL,NULL,NULL,,NULL,NULL,NULL,NULL,NULL,NULL,0,0,2,2,N,N,,NULL,98,9807,NULL,,Y,37.51817,-82.56565,N,NULL,NULL,NULL,NULL,NULL,NULL,NULL,NULL,2,97,,6,1,1,2,2,5,3,N,NULL,Y,N,1157,1157,1230,N,NULL,90,,,N,,N,N,098-CS-3000-0,NULL,NULL,2021,O,7.26E+11,098-CS-3000  -000,HIGH,098-CS-3000  -000,0.398,0,0,0,0,0,0,1,0,0,0,0,0,0,0
4140,72511112,980100,2.02E+11,20200613,1630,,CASSIDY,,BLVD,,,0,098 CS-1191,CS1191,Y,N,NULL,NULL,NULL,N,NULL,NULL,NULL,NULL,NULL,NULL,0.053,NULL,NULL,NULL,NULL,,NULL,0,0,2,2,N,N,,NULL,98,9801,NULL,,Y,37.50368,-82.53302,N,NULL,NULL,NULL,NULL,NULL,NULL,NULL,NULL,2,97,1,6,1,1,2,2,1,3,N,NULL,Y,N,1646,1646,1646,N,NULL,90,,,N,,N,N,098-CS-1191-0,NULL,NULL,2020,O,7.25E+11,098-CS-1191  -000,HIGH,098-CS-1191  -000,0.053,0,0,0,0,0,0,1,0,0,0,0,0,0,1
4141,72492681,KSP0900,20-12141,20200403,1210,,KY197,,,KY0197,KY0197,0,098 KY-197,KY0197,N,N,NULL,NULL,NULL,N,NULL,NULL,NULL,NULL,NULL,NULL,16.508,NULL,NULL,NULL,NULL,,NULL,0,0,2,2,N,N,35,NULL,98,9802,NULL,,Y,37.3026,-82.35239,N,NULL,NULL,NULL,NULL,NULL,NULL,NULL,NULL,5,97,1,6,1,1,2,2,1,3,N,NULL,Y,N,1211,1229,,N,NULL,70,7,0,N,,N,N,098-KY-0197-0,NULL,NULL,2020,O,7.25E+11,098-KY-0197  -000,HIGH,098-KY-0197  -000,16.508,0,0,0,0,0,0,1,0,0,0,0,0,0,0
4142,72466391,KSP0900,20-2805,20200122,640,,US119,,,US0119,US0119,0,098 US-119,US0119,N,N,NULL,NULL,NULL,N,NULL,NULL,NULL,NULL,NULL,NULL,4.22,NULL,NULL,NULL,NULL,,NULL,0,0,1,1,N,N,55,NULL,98,9828,NULL,,Y,37.51607,-82.46067,N,NULL,NULL,NULL,NULL,NULL,NULL,NULL,NULL,9,3,2,1,1,1,2,6,7,3,N,NULL,Y,N,648,710,830,N,NULL,44,2,1,N,,N,N,098-US-0119-0,NULL,NULL,2020,O,7.25E+11,098-US-0119  -000,HIGH,098-US-0119  -000,4.22,0,0,0,0,0,0,0,0,0,0,0,1,0,0
4143,72468657,KSP0900,20-2811,20200122,745,,OWSLEY,,RD,KY1384,KY1384,0,098 KY-1384,KY1384,N,N,NULL,NULL,NULL,N,NULL,NULL,NULL,NULL,NULL,NULL,3.765,NULL,NULL,NULL,NULL,,NULL,0,0,2,2,N,N,35,NULL,98,9801,2,W,N,37.4959,-82.58534,N,NULL,NULL,NULL,NULL,NULL,NULL,NULL,NULL,7,3,1,1,1,1,2,1,7,3,N,NULL,Y,N,745,820,,N,NULL,54,,0,N,,N,N,098-KY-1384-0,NULL,NULL,2020,O,7.25E+11,098-KY-1384  -000,HIGH,098-KY-1384  -000,3.765,0,0,0,0,0,0,1,0,0,0,0,1,0,0
4144,72752028,KSP0900,22-13521,20220414,1220,,KY1469,,,KY1469,KY1469,0,098 KY-1469,KY1469,N,N,NULL,NULL,NULL,N,NULL,NULL,NULL,NULL,NULL,NULL,10.584,NULL,NULL,NULL,NULL,,NULL,1,0,1,1,N,N,35,NULL,98,9827,NULL,,Y,37.33568,-82.59737,N,NULL,NULL,NULL,NULL,NULL,NULL,NULL,NULL,9,3,2,6,1,1,2,2,6,3,N,NULL,Y,Y,1220,1230,1235,N,NULL,40,8,0,N,,N,N,098-KY-1469-0,NULL,NULL,2022,C,7.28E+11,098-KY-1469  -000,HIGH,098-KY-1469  -000,10.584,0,0,0,1,0,0,0,0,0,0,0,1,0,0
4145,72779252,KSP0900,22-234270,20220621,1514,,KETTLECAMP BRANCH,,RD,,,0,098 CR-1631,CR1631,N,N,NULL,NULL,NULL,N,NULL,NULL,NULL,NULL,NULL,NULL,0.659,NULL,NULL,NULL,NULL,,NULL,0,0,2,2,N,N,15,NULL,98,9802,NULL,,Y,37.28486,-82.38988,N,NULL,NULL,NULL,NULL,NULL,NULL,NULL,NULL,2,3,1,3,1,1,2,2,6,3,N,NULL,Y,N,1516,1530,,N,NULL,56,,,N,,N,N,098-CR-1631-0,NULL,NULL,2022,O,7.28E+11,098-CR-1631  -000,HIGH,098-CR-1631  -000,0.659,0,0,0,1,0,0,1,0,0,0,0,0,0,0
4146,72524974,980000,20-07-008,20200724,1730,,US119,,,US0119,US0119,0,098 US-119-10,US0119,N,N,NULL,NULL,NULL,N,NULL,NULL,NULL,NULL,NULL,NULL,25.367,NULL,NULL,NULL,NULL,,NULL,0,0,2,2,N,N,55,NULL,98,9834,NULL,,Y,37.67265,-82.28112,N,NULL,NULL,NULL,NULL,NULL,NULL,NULL,NULL,1,3,4,6,1,1,2,2,7,3,N,NULL,N,Y,1735,1750,1750,N,NULL,55,2,1,N,,N,N,098-US-0119-10,NULL,NULL,2020,O,7.25E+11,098-US-0119  -010,HIGH,098-US-0119  -000,25.367,0,0,0,0,0,0,0,1,0,0,0,0,0,0
4147,72562066,980100,2.02E+11,20201030,1946,,CASSIDY BLVD,,,,,,,,Y,N,NULL,NULL,NULL,N,NULL,NULL,NULL,NULL,NULL,NULL,,NULL,NULL,NULL,NULL,,NULL,0,0,2,2,N,Y,15,NULL,98,9801,NULL,,Y,37.50513,-82.53748,N,NULL,NULL,NULL,NULL,NULL,NULL,NULL,NULL,2,97,1,6,1,1,2,5,1,3,N,NULL,Y,N,1946,1954,1954,N,NULL,90,,,N,,N,N,,NULL,NULL,2020,O,7.26E+11,098-CS-1191  -000,MEDIUM,098-CS-1191  -000,0.332,0,0,0,0,0,0,0,0,0,0,0,0,0,1
4148,72581205,980100,2.02E+11,20210102,2145,,US23,,,US0023,US0023,,,,N,N,NULL,NULL,NULL,N,NULL,NULL,NULL,NULL,NULL,NULL,25.336,NULL,NULL,NULL,NULL,,NULL,0,0,1,1,N,N,55,NULL,98,9801,NULL,,Y,37.49137,-82.53562,N,NULL,NULL,NULL,NULL,NULL,NULL,NULL,NULL,9,3,6,6,1,1,2,5,7,3,N,NULL,Y,N,2145,2150,2150,N,NULL,70,,1,N,,N,N,,NULL,NULL,2021,O,7.26E+11,098-US-0023  -000,MEDIUM,098-US-0023  -000,25.336,0,0,0,0,0,0,0,0,0,0,0,0,0,1
4149,72689984,KSP0900,21-446094,20211030,1325,,US23,,,US0023,US0023,0,098 US-23-10,US0023,N,N,NULL,NULL,NULL,N,NULL,NULL,NULL,NULL,NULL,NULL,6.984,NULL,NULL,NULL,NULL,,NULL,0,0,1,1,N,N,55,NULL,98,9809,NULL,,Y,37.30174,-82.54341,N,NULL,NULL,NULL,NULL,NULL,NULL,NULL,NULL,9,3,4,2,1,5,6,2,7,3,N,NULL,Y,N,1325,1340,1325,N,NULL,70,,1,N,,N,Y,098-US-0023-10,NULL,NULL,2021,O,7.27E+11,098-US-0023  -010,HIGH,098-US-0023  -000,6.984,0,0,0,0,0,0,0,0,0,0,0,1,0,0
4150,72663604,980100,2.02E+11,20210824,926,,JULIUS,,AVE,,,0,098 CS-1156,CS1156,Y,N,NULL,NULL,NULL,N,NULL,NULL,NULL,NULL,NULL,NULL,0.051,NULL,NULL,NULL,NULL,,NULL,0,0,2,2,N,N,,NULL,98,9801,NULL,,Y,37.47689,-82.52299,N,NULL,NULL,NULL,NULL,NULL,NULL,NULL,NULL,7,97,,5,1,1,3,2,5,3,N,NULL,Y,N,927,935,935,N,NULL,90,,,N,,N,N,098-CS-1156-0,NULL,NULL,2021,O,7.27E+11,098-CS-1156  -000,HIGH,098-CS-1156  -000,0.051,0,0,0,0,0,0,1,0,0,0,0,0,0,1
4151,72600153,980100,2.02E+11,20210303,1935,,CEDAR HILLS,,DR,KY3417,KY3417,0,098 KY-3417,KY3417,N,N,NULL,NULL,NULL,N,NULL,NULL,NULL,NULL,NULL,NULL,1.093,NULL,NULL,NULL,NULL,NULL,NULL,0,0,1,1,N,N,35,NULL,98,9801,NULL,,Y,37.47609,-82.5554,N,NULL,NULL,NULL,NULL,NULL,NULL,NULL,NULL,9,6,2,6,1,1,2,6,6,3,N,NULL,Y,N,1935,1939,1939,N,NULL,40,17,0,Y,,N,N,098-KY-3417-0,NULL,NULL,2021,O,7.26E+11,098-KY-3417  -000,HIGH,098-KY-3417  -000,1.093,0,0,0,0,0,0,1,0,1,1,0,1,0,1
4152,72667365,KSP0900,21-349520,20210821,2148,,POWELLS,,CRK,,,0,098 CR-1208,CR1208,N,N,NULL,NULL,NULL,N,NULL,NULL,NULL,NULL,NULL,NULL,2.239,NULL,NULL,NULL,NULL,,NULL,0,0,1,1,N,N,35,NULL,98,9801,NULL,,Y,37.40596,-82.39559,N,NULL,NULL,NULL,NULL,NULL,NULL,NULL,NULL,9,97,1,6,3,1,2,6,7,3,N,NULL,Y,N,2150,2159,,N,NULL,40,,,Y,,N,N,098-CR-1208-0,NULL,NULL,2021,O,7.27E+11,098-CR-1208  -000,HIGH,098-CR-1208  -000,2.239,0,0,0,0,0,0,0,0,1,0,0,1,0,0
4153,72510403,980000,20-06-001,20200604,1630,,KY194,,,KY0194,KY0194,0,098 KY-194,KY0194,N,N,NULL,NULL,NULL,N,NULL,NULL,NULL,NULL,NULL,NULL,16.357,NULL,NULL,NULL,NULL,,NULL,0,0,1,1,N,N,55,NULL,98,9817,NULL,,Y,37.56385,-82.46358,N,NULL,NULL,NULL,NULL,NULL,NULL,NULL,NULL,9,5,2,3,1,5,3,2,7,3,Y,NULL,Y,N,1632,1702,1730,N,NULL,44,7,0,N,,N,N,098-KY-0194-0,NULL,NULL,2020,O,7.25E+11,098-KY-0194  -000,HIGH,098-KY-0194  -000,16.357,0,0,0,0,0,0,0,1,0,0,0,1,0,0
4154,72588710,KSP0900,21-36241,20210127,2243,,KY3527,,,KY3527,KY3527,0,098 KY-3527,KY3527,N,N,NULL,NULL,NULL,N,NULL,NULL,NULL,NULL,NULL,NULL,0.15,NULL,NULL,NULL,NULL,,NULL,0,0,1,1,N,N,55,NULL,98,9809,NULL,,Y,37.27759,-82.5918,N,NULL,NULL,NULL,NULL,NULL,NULL,NULL,NULL,9,3,2,4,1,4,9,6,7,3,N,NULL,Y,N,2243,2311,,N,NULL,70,8,0,N,,N,N,098-KY-3527-0,NULL,NULL,2021,O,7.26E+11,098-KY-3527  -000,HIGH,098-KY-3527  -000,0.15,0,1,0,1,0,0,0,0,0,0,0,0,0,0
4155,72571881,KSP0900,20-786403,20201113,30,,US23,,,US0023,US0023,0,098 US-23,US0023,N,N,NULL,NULL,NULL,N,NULL,NULL,NULL,NULL,NULL,NULL,3.583,NULL,NULL,NULL,NULL,,NULL,0,0,1,1,N,N,55,NULL,98,9809,NULL,,Y,37.2775,-82.58966,N,NULL,NULL,NULL,NULL,NULL,NULL,NULL,NULL,9,3,4,1,1,5,6,6,7,3,N,NULL,N,N,30,50,50,N,NULL,38,,1,N,,N,N,098-US-0023-0,NULL,NULL,2020,O,7.26E+11,098-US-0023  -000,HIGH,098-US-0023  -000,3.583,0,0,0,0,0,0,0,0,0,0,0,0,0,0
4156,72691351,KSP0900,21-444365,20211029,710,,TROUT TOWN,,LN,,,0,098 CR-1544B,CR1544B,N,N,NULL,NULL,NULL,N,NULL,NULL,NULL,NULL,NULL,NULL,0.023,NULL,NULL,NULL,NULL,,NULL,0,0,2,2,N,N,35,NULL,98,9819,NULL,,Y,37.58466,-82.27186,N,NULL,NULL,NULL,NULL,NULL,NULL,NULL,NULL,5,3,2,6,1,5,6,6,7,3,N,NULL,Y,N,711,725,800,N,NULL,49,,,N,,N,N,098-CR-1544B-0,NULL,NULL,2021,O,7.27E+11,098-CR-1544B -000,HIGH,098-CR-1544B -000,0.023,0,0,0,0,0,0,0,1,0,0,0,0,0,0
4157,72515936,980100,2.02E+11,20200629,946,,SYCAMORE,,ST,,,0,098 CS-1168,CS1168,N,N,NULL,NULL,NULL,N,NULL,NULL,NULL,NULL,NULL,NULL,0.228,NULL,NULL,NULL,NULL,,NULL,0,0,1,1,N,N,15,NULL,98,9801,NULL,,Y,37.48012,-82.52096,N,NULL,NULL,NULL,NULL,NULL,NULL,NULL,NULL,9,5,1,6,1,1,2,2,6,3,N,NULL,Y,Y,946,948,948,N,NULL,40,,,N,,N,N,098-CS-1168-0,NULL,NULL,2020,O,7.25E+11,098-CS-1168  -000,HIGH,098-CS-1168  -000,0.228,0,0,0,0,0,0,0,0,0,0,0,1,0,1
4158,72662731,KSP0900,21-304913,20210723,1400,,WILLIAMSON,,RD,KY0292,KY0292,0,098 KY-292,KY0292,N,N,NULL,NULL,NULL,N,NULL,NULL,NULL,NULL,NULL,NULL,6.516,NULL,NULL,NULL,NULL,,NULL,0,0,2,2,N,N,45,NULL,98,9834,NULL,,Y,37.67489,-82.29651,N,NULL,NULL,NULL,NULL,NULL,NULL,NULL,NULL,7,3,2,1,1,1,2,2,7,3,N,NULL,Y,N,1400,1420,1440,N,NULL,54,7,0,N,,N,N,098-KY-0292-0,NULL,NULL,2021,O,7.27E+11,098-KY-0292  -000,HIGH,098-KY-0292  -000,6.516,0,0,0,1,0,0,1,0,0,0,0,1,0,0
4159,72589609,KSP0900,21-36958,20210128,1508,,US460,,,US0460,US0460,0,098 US-460,US0460,Y,N,NULL,NULL,NULL,N,NULL,NULL,NULL,NULL,NULL,NULL,5.26,NULL,NULL,NULL,NULL,,NULL,0,0,2,2,N,N,55,NULL,98,9801,NULL,,Y,37.40854,-82.4465,N,NULL,NULL,NULL,NULL,NULL,NULL,NULL,NULL,2,97,0,6,1,1,2,2,7,3,N,NULL,Y,N,1508,1521,1521,N,NULL,90,,1,N,,N,N,098-US-0460-0,NULL,NULL,2021,O,7.26E+11,098-US-0460  -000,HIGH,098-US-0460  -000,5.26,0,0,0,0,0,0,1,0,0,0,0,0,0,0
4160,72632640,KSP0900,21-223183,20210531,2210,,US119,,,US0119,US0119,0,098 US-119,US0119,N,N,NULL,NULL,NULL,N,NULL,NULL,NULL,NULL,NULL,NULL,24.996,NULL,NULL,NULL,NULL,,NULL,1,0,2,2,N,N,55,NULL,98,9834,NULL,,Y,37.66816,-82.27721,N,NULL,NULL,NULL,NULL,NULL,NULL,NULL,NULL,5,3,4,6,1,1,2,6,3,3,Y,NULL,Y,Y,2210,2225,2300,N,NULL,49,2,1,N,,N,N,098-US-0119-0,NULL,NULL,2021,C,7.26E+11,098-US-0119  -000,HIGH,098-US-0119  -000,24.996,0,0,0,0,0,0,1,1,0,0,0,0,0,0
4161,72537895,KSP0900,20-672334,20200829,539,,US119,,,US0119,US0119,0,098 US-119-10,US0119,N,N,NULL,NULL,NULL,N,NULL,NULL,NULL,NULL,NULL,NULL,23.237,NULL,NULL,NULL,NULL,,NULL,1,0,1,1,N,N,55,NULL,98,9836,NULL,,Y,37.64487,-82.26717,N,NULL,NULL,NULL,NULL,NULL,NULL,NULL,NULL,9,3,2,3,1,5,6,5,2,3,Y,NULL,Y,Y,539,645,645,N,NULL,70,2,1,N,,N,N,098-US-0119-10,NULL,NULL,2020,C,7.25E+11,098-US-0119  -010,HIGH,098-US-0119  -000,23.237,0,0,0,0,0,0,0,0,0,0,0,0,0,0
4162,72653961,980100,2.02E+11,20210801,1036,,US23,,,US0023,US0023,,,,N,N,NULL,NULL,NULL,N,NULL,NULL,NULL,NULL,NULL,NULL,20.959,NULL,NULL,NULL,NULL,,NULL,1,0,2,2,N,N,55,NULL,98,9801,NULL,,Y,37.44444,-82.52527,N,NULL,NULL,NULL,NULL,NULL,NULL,NULL,NULL,1,3,4,1,1,1,2,2,7,3,Y,NULL,Y,Y,1036,1040,1125,N,NULL,55,,1,N,,N,N,,NULL,NULL,2021,C,7.27E+11,098-US-0023  -010,MEDIUM,098-US-0023  -000,20.959,0,0,1,0,0,0,1,0,0,0,0,0,0,1
4163,72613420,KSP0900,21-141966,20210409,1836,,US23,,,US0023,US0023,0,098 US-23-10,US0023,Y,N,NULL,NULL,NULL,N,NULL,NULL,NULL,NULL,NULL,NULL,28.702,NULL,NULL,NULL,NULL,,NULL,0,0,2,2,N,N,55,NULL,98,9807,NULL,,Y,37.5206,-82.5685,N,NULL,NULL,NULL,NULL,NULL,NULL,NULL,NULL,1,97,4,6,1,1,2,2,1,3,N,NULL,Y,N,1953,2005,,N,NULL,90,,1,N,,N,N,098-US-0023-10,NULL,NULL,2021,O,7.26E+11,098-US-0023  -010,HIGH,098-US-0023  -000,28.702,0,0,0,0,0,0,1,0,0,0,0,0,0,0
4164,72785823,980100,2.02E+11,20220722,1538,,MAYO,N,TRL,US0023,US0023,,,,N,N,NULL,NULL,NULL,N,NULL,NULL,NULL,NULL,NULL,NULL,27.321,NULL,NULL,NULL,NULL,,NULL,0,0,2,2,N,N,55,NULL,98,9801,NULL,,Y,37.51072,-82.54767,N,NULL,NULL,NULL,NULL,NULL,NULL,NULL,NULL,5,3,6,6,1,1,2,2,1,3,N,NULL,Y,N,1538,1544,1544,N,NULL,49,,1,N,,N,N,,NULL,NULL,2022,O,7.28E+11,098-US-0023  -000,MEDIUM,098-US-0023  -000,27.321,0,0,0,0,0,0,1,0,0,0,0,0,0,1
4165,72713689,KSP0900,2021-522258,20211224,2000,,US52,,,US0052,US0052,0,098 US-52-10,US0052,N,N,NULL,NULL,NULL,N,NULL,NULL,NULL,NULL,NULL,NULL,0.907,NULL,NULL,NULL,NULL,,NULL,0,0,1,1,N,N,55,NULL,98,9834,NULL,,Y,37.70619,-82.30492,N,NULL,NULL,NULL,NULL,NULL,NULL,NULL,NULL,9,3,4,6,1,1,2,6,7,3,N,NULL,N,N,2000,2000,2000,N,NULL,38,,,N,,N,N,098-US-0052-10,NULL,NULL,2021,O,7.27E+11,098-US-0052  -010,HIGH,098-US-0052  -000,0.907,0,0,0,0,0,0,0,0,0,0,0,0,0,0
4166,72710529,KSP0900,21-512404,20211217,1045,,US119,,,US0119,US0119,0,098 US-119,US0119,N,N,NULL,NULL,NULL,N,NULL,NULL,NULL,NULL,NULL,NULL,24.834,NULL,NULL,NULL,NULL,,NULL,0,0,2,2,N,N,45,NULL,98,9834,NULL,,Y,37.66618,-82.27558,N,NULL,NULL,NULL,NULL,NULL,NULL,NULL,NULL,8,3,4,6,1,5,3,2,7,3,N,NULL,N,N,1045,1050,1100,N,NULL,53,2,1,N,,N,N,098-US-0119-0,NULL,NULL,2021,O,7.27E+11,098-US-0119  -000,HIGH,098-US-0119  -000,24.834,0,0,0,0,0,0,1,0,0,0,0,1,0,0
4167,72749206,KSP0900,22-129129,20220410,418,,KY194,,,KY0194,KY0194,0,098 KY-194,KY0194,N,N,NULL,NULL,NULL,N,NULL,NULL,NULL,NULL,NULL,NULL,17.741,NULL,NULL,NULL,NULL,,NULL,1,0,1,1,N,N,55,NULL,98,9828,NULL,,Y,37.55629,-82.43225,N,NULL,NULL,NULL,NULL,NULL,NULL,NULL,NULL,9,5,2,6,1,5,2,6,7,3,Y,NULL,N,Y,416,437,437,N,NULL,44,7,0,N,,N,N,098-KY-0194-0,NULL,NULL,2022,B,7.27E+11,098-KY-0194  -000,HIGH,098-KY-0194  -000,17.741,0,0,0,0,0,0,0,0,0,0,0,1,0,0
4168,72860106,980100,2.02E+11,20230130,1303,,BYPASS,S,RD,KY1426,KY1426,0,098 KY-1426,KY1426,N,N,NULL,NULL,NULL,N,NULL,NULL,NULL,NULL,NULL,NULL,6.56,NULL,NULL,NULL,NULL,,NULL,0,0,2,2,N,N,35,NULL,98,9801,NULL,,Y,37.48246,-82.51365,N,NULL,NULL,NULL,NULL,NULL,NULL,NULL,NULL,5,3,2,6,1,5,2,2,7,3,N,NULL,Y,N,1303,1307,1314,N,NULL,49,,0,N,,N,N,098-KY-1426-0,NULL,NULL,2023,O,7.29E+11,098-KY-1426  -000,HIGH,098-KY-1426  -000,6.559,0,0,0,0,0,0,0,0,0,0,0,0,0,1
4169,72748859,KSP0900,22-127147,20220408,1626,,ELKHORN,,CRK,KY0197,KY0197,0,098 KY-197,KY0197,N,N,NULL,NULL,NULL,N,NULL,NULL,NULL,NULL,NULL,NULL,12.444,NULL,NULL,NULL,NULL,,NULL,1,0,2,2,N,N,55,NULL,98,9802,NULL,,Y,37.27525,-82.39893,N,NULL,NULL,NULL,NULL,NULL,NULL,NULL,NULL,1,3,2,3,1,5,6,2,7,3,Y,NULL,Y,Y,1626,1636,1730,N,NULL,55,7,0,N,,N,N,098-KY-0197-0,NULL,NULL,2022,C,7.27E+11,098-KY-0197  -000,HIGH,098-KY-0197  -000,12.444,0,0,0,0,0,0,1,0,0,0,0,0,0,0
4170,72656549,370200,2021-312771,20210728,1301,,US119,,,US0119,US0119,0,098 US-119,US0119,N,N,NULL,NULL,NULL,N,NULL,NULL,NULL,NULL,NULL,NULL,18.541,NULL,NULL,NULL,NULL,,NULL,1,0,2,2,N,N,55,NULL,98,9836,NULL,,Y,37.59587,-82.2788,N,NULL,NULL,NULL,NULL,NULL,NULL,NULL,NULL,8,5,2,3,1,1,2,2,7,3,Y,NULL,Y,Y,1501,1522,1900,Y,NULL,47,2,1,N,,N,N,098-US-0119-0,NULL,NULL,2021,C,7.27E+11,098-US-0119  -000,HIGH,098-US-0119  -000,18.541,0,1,0,0,0,0,1,1,0,0,0,1,0,0