OBJECTID,MasterFile,AgencyORINumber,LocalCode,CollisionDate,CollisionTime,CollisionDayWeekCode,RoadwayName,RoadwayName_Direction_,RoadwayName_RoadwaySuffix_,RoadwayfromReport,CurrentRoadwayNumber,RoadwayNumberCoupletID,RSEUniqueGIS,RoadwayIdentifier,ParkingLotIndicator,IntersectionWith_Indicator_,IntersectionWith_NameRoadway_,IntersectionWith_Direction_,IntersectionWith_RoadwaySuffix_,BetweenStreets_Indicator_,BetweenStreets1_NameRoadway_,BetweenStreet1_Direction_,BetweenStreets1_RoadwaySuffix_,BetweenStreets2_NameRoadway_,BetweenStreets2_Direction_,BetweenStreets2_RoadwaySuffix_,Milepoint,ReportMilepointDeriveNumber,CurrentDerivedMiepointNumber,MilestoMilepoint,FeettoMilepoint,DirectionfromMilepoint_NSEW_,ValidMilepointIndicator,NumberInjured,NumberKilled,ofUnits,ofMotorVehicleUnits,Hit&RunIndicator,OneWayIndicator,SpeedLimitNumber,KilometersIndicator,CountyCode,CityCountyCode,MilesFromCity,DirectionFromCity_NSEW_,InCityLimitsIndicator,Latitude,Longitude,RampIndicator,RampFromIdentifier,RampFromDirCode,RampFromCoupletID,RSEUniqueGISRampFrom,RampToidentifier,RampToDirCode,RampToCoupletID,RSEUniqueGisRampTo,MannerofCollisionCode,LocationFirstEventCode,TotalLanes,RoadwayCharacterCode,RoadwaySurfaceCode,RoadwayConditionCode,WeatherCode,LightConditionCode,LandUseCode,SchoolBusRelatedCode,FirstAidSceneIndicator,CollDescPresentInd,InvestigationCompleteIndicator,PhotosTakenIndicator,TimeNotified,TimeArrived,TimeRoadwayOpened,PropertyDamageIndicator,DiagramPresentIndicator,DirectionalAnalysis,FunctionClassCode,NationalHwySysCode,EnforcementsIndicator,KARSCityCode,SecondaryCollisionIndicator,MedianCrossoverIndicator,RT_UNIQUE,MapIt,TimeLastLeft,YR,KABCO,MFNY,WorkingRID,RT_CONFIDENCE,KTC_RT,KTC_MP,Motorcyclist,Commercial Vehicle,Young Driver,Mature Driver,Pedestrian,Bicyclist,Distracted,Aggressive,Impaired,Unrestrained,Intersection,Roadway Departure,Median Cross-over,City Crash
4171,72762280,KSP0900,22-174258,20220511,1713,,US23,,,US0023,US0023,0,098 US-23-10,US0023,N,N,NULL,NULL,NULL,N,NULL,NULL,NULL,NULL,NULL,NULL,12.366,NULL,NULL,NULL,NULL,,NULL,0,0,2,2,N,N,55,NULL,98,9801,NULL,,Y,37.36673,-82.54933,N,NULL,NULL,NULL,NULL,NULL,NULL,NULL,NULL,5,3,4,6,1,1,2,2,7,3,N,NULL,Y,N,1713,1744,1830,N,NULL,49,,1,N,,N,N,098-US-0023-10,NULL,NULL,2022,O,7.28E+11,098-US-0023  -010,HIGH,098-US-0023  -000,12.366,0,0,0,0,0,0,1,0,0,0,0,0,0,0
4172,72510657,980000,20-06-004,20200608,1327,,US23,,,US0023,US0023,0,098 US-23,US0023,Y,N,NULL,NULL,NULL,N,NULL,NULL,NULL,NULL,NULL,NULL,,NULL,NULL,NULL,NULL,,NULL,0,0,2,2,N,N,55,NULL,98,9809,1,S,N,37.27869,-82.5777,N,NULL,NULL,NULL,NULL,NULL,NULL,NULL,NULL,2,97,2,6,1,1,2,2,1,3,N,NULL,Y,Y,1327,1333,1333,N,NULL,90,,1,N,,N,N,098-US-0023-0,NULL,NULL,2020,O,7.25E+11,098-US-0023  -000,HIGH,098-US-0023  -000,4.232,0,0,0,0,0,0,0,0,0,0,0,0,0,0
4173,72828548,KSP0900,22-429995,20221108,1659,,US23,,,US0023,US0023,,,,Y,N,NULL,NULL,NULL,N,NULL,NULL,NULL,NULL,NULL,NULL,4.426,NULL,NULL,NULL,NULL,,NULL,0,0,2,2,N,N,15,NULL,98,9809,NULL,,Y,37.28098,-82.57532,N,NULL,NULL,NULL,NULL,NULL,NULL,NULL,NULL,2,97,1,6,1,1,2,2,1,3,N,NULL,Y,N,1430,1432,1432,N,NULL,90,,1,Y,,N,N,,NULL,NULL,2022,O,7.28E+11,098-US-0023  -000,MEDIUM,098-US-0023  -000,4.426,0,0,0,0,0,0,1,0,1,0,0,0,0,0
4174,72785466,980200,980200,20220721,1214,,KY197,,,KY0197,KY0197,0,098 KY-197,KY0197,N,N,NULL,NULL,NULL,N,NULL,NULL,NULL,NULL,NULL,NULL,16.556,NULL,NULL,NULL,NULL,,NULL,0,0,2,2,N,N,35,NULL,98,9802,NULL,,Y,37.30315,-82.35188,N,NULL,NULL,NULL,NULL,NULL,NULL,NULL,NULL,5,3,2,6,1,1,2,2,7,3,N,NULL,N,Y,1213,1214,,N,NULL,49,7,0,Y,,N,N,098-KY-0197-0,NULL,NULL,2022,O,7.28E+11,098-KY-0197  -000,HIGH,098-KY-0197  -000,16.556,0,0,0,0,0,0,0,0,0,0,0,0,0,0
4175,72703877,980100,2.02E+11,20211201,1454,,CASSIDY,,BLVD,,,0,098 CS-1191,CS1191,N,N,NULL,NULL,NULL,N,NULL,NULL,NULL,NULL,NULL,NULL,,NULL,NULL,NULL,NULL,NULL,NULL,0,0,2,2,N,N,15,NULL,98,9801,NULL,,Y,37.5053,-82.53633,N,NULL,NULL,NULL,NULL,NULL,NULL,NULL,NULL,2,97,2,6,1,1,2,2,1,3,N,NULL,Y,N,1454,1504,1510,N,NULL,56,,,Y,,N,N,098-CS-1191-0,NULL,NULL,2021,O,7.27E+11,098-CS-1191  -000,HIGH,098-CS-1191  -000,0.281,0,0,0,1,0,0,1,0,0,0,0,0,0,1
4176,72640189,KSP0900,21-261160,20210625,825,,KING,,HOLW,,,0,098 CR-1471,CR1471,N,N,NULL,NULL,NULL,N,NULL,NULL,NULL,NULL,NULL,NULL,0.067,NULL,NULL,NULL,NULL,,NULL,0,0,1,1,N,N,55,NULL,98,9850,NULL,,Y,37.54169,-82.47184,N,NULL,NULL,NULL,NULL,NULL,NULL,NULL,NULL,9,3,2,3,1,1,2,2,7,3,N,NULL,N,N,825,850,1000,N,NULL,44,,,N,,N,N,098-CR-1471-0,NULL,NULL,2021,O,7.26E+11,098-CR-1471  -000,HIGH,098-CR-1471  -000,0.067,0,0,0,1,0,0,1,0,0,0,0,1,0,0
4177,72569179,KSP0900,20-784628,20201112,2325,,KY1426,,,KY1426,KY1426,0,098 KY-1426,KY1426,N,N,NULL,NULL,NULL,N,NULL,NULL,NULL,NULL,NULL,NULL,16.753,NULL,NULL,NULL,NULL,,NULL,0,0,1,1,N,N,45,NULL,98,9820,NULL,,Y,37.57142,-82.43835,N,NULL,NULL,NULL,NULL,NULL,NULL,NULL,NULL,9,5,2,6,1,1,2,6,7,3,N,NULL,Y,Y,2325,2328,52,Y,NULL,51,7,0,N,,N,N,098-KY-1426-0,NULL,NULL,2020,O,7.26E+11,098-KY-1426  -000,HIGH,098-KY-1426  -000,16.753,0,1,0,0,0,0,1,0,0,0,0,1,0,0
4178,72499172,KSP0900,20-16597,20200504,51,,KY194,,,KY0194,KY0194,0,098 KY-194,KY0194,N,N,NULL,NULL,NULL,N,NULL,NULL,NULL,NULL,NULL,NULL,22.23,NULL,NULL,NULL,NULL,,NULL,0,0,2,2,N,N,55,NULL,98,9817,NULL,,Y,37.53582,-82.38166,N,NULL,NULL,NULL,NULL,NULL,NULL,NULL,NULL,7,3,2,3,1,5,6,6,7,3,N,NULL,Y,N,51,118,118,N,NULL,54,6,0,N,,N,N,098-KY-0194-0,NULL,NULL,2020,O,7.25E+11,098-KY-0194  -000,HIGH,098-KY-0194  -000,22.23,0,0,0,0,0,0,0,1,0,0,0,1,0,0
4179,72708662,980000,21-120001,20211213,1445,,LEFT FORK ISLAND,,CRK,,,0,098 CR-1233Q3,CR1233Q3,N,N,NULL,NULL,NULL,N,NULL,NULL,NULL,NULL,NULL,NULL,0.761,NULL,NULL,NULL,NULL,,NULL,0,0,2,2,N,N,35,NULL,98,9801,NULL,,Y,37.43359,-82.56738,N,NULL,NULL,NULL,NULL,NULL,NULL,NULL,NULL,8,3,1,4,1,1,2,2,7,3,N,NULL,Y,Y,1423,1446,1423,N,NULL,53,,,N,,N,N,098-CR-1233Q3-0,NULL,NULL,2021,O,7.27E+11,098-CR-1233Q3-000,HIGH,098-CR-1233Q3-000,0.761,0,0,0,1,0,0,1,1,0,0,0,1,0,0
4180,72500083,980100,2.02E+11,20200508,1409,,US119 TURN LANE,,,US0119,US0119,0,098 US-119-21,US0119,N,N,NULL,NULL,NULL,N,NULL,NULL,NULL,NULL,NULL,NULL,0.024,NULL,NULL,NULL,NULL,,NULL,0,0,2,2,N,N,55,NULL,98,9801,NULL,,Y,37.50399,-82.53213,N,NULL,NULL,NULL,NULL,NULL,NULL,NULL,NULL,5,3,2,6,1,5,6,2,7,3,N,NULL,Y,N,1410,1417,1417,N,NULL,49,2,1,N,,N,N,098-US-0119-21,NULL,NULL,2020,O,7.25E+11,098-US-0119  -021,HIGH,098-US-0119  -021,0.024,0,0,0,0,0,0,1,1,0,0,0,0,0,1
4181,72509947,980100,2.02E+11,20200531,1447,,US23,,,US0023,US0023,0,098 US-23,US0023,N,N,NULL,NULL,NULL,N,NULL,NULL,NULL,NULL,NULL,NULL,22.561,NULL,NULL,NULL,NULL,,NULL,0,0,1,1,N,N,55,NULL,98,9801,NULL,,Y,37.46437,-82.51945,N,NULL,NULL,NULL,NULL,NULL,NULL,NULL,NULL,9,3,4,6,1,1,2,2,1,3,N,NULL,Y,N,1447,1449,,N,NULL,38,,1,N,,N,N,098-US-0023-0,NULL,NULL,2020,O,7.25E+11,098-US-0023  -000,HIGH,098-US-0023  -000,22.561,0,0,0,0,0,0,0,0,0,0,0,0,0,1
4182,72547823,KSP0900,20-721419,20200930,1744,,ASHCAMP,,RD,KY0195,KY0195,0,098 KY-195,KY0195,N,N,NULL,NULL,NULL,N,NULL,NULL,NULL,NULL,NULL,NULL,0.303,NULL,NULL,NULL,NULL,,NULL,0,0,2,2,Y,N,35,NULL,98,9802,NULL,,Y,37.26997,-82.43568,N,NULL,NULL,NULL,NULL,NULL,NULL,NULL,NULL,7,3,1,6,1,1,2,2,7,3,N,NULL,Y,N,1830,1924,,N,NULL,54,8,0,N,,N,N,098-KY-0195-0,NULL,NULL,2020,O,7.25E+11,098-KY-0195  -000,HIGH,098-KY-0195  -000,0.303,0,0,0,0,0,0,0,0,0,0,0,1,0,0
4183,72602588,KSP0900,21-98497,20210312,713,,KY195,,,KY0195,KY0195,0,098 KY-195,KY0195,N,N,NULL,NULL,NULL,N,NULL,NULL,NULL,NULL,NULL,NULL,10.287,NULL,NULL,NULL,NULL,,NULL,0,0,1,1,N,N,35,NULL,98,9802,5,W,N,37.35493,-82.42492,N,NULL,NULL,NULL,NULL,NULL,NULL,NULL,NULL,9,5,2,3,1,5,6,1,7,3,N,NULL,Y,N,713,722,730,N,NULL,44,7,0,N,,N,N,098-KY-0195-0,NULL,NULL,2021,O,7.26E+11,098-KY-0195  -000,HIGH,098-KY-0195  -000,10.287,0,0,0,0,0,0,1,0,0,0,0,1,0,0
4184,72579652,KSP0900,20-846695,20201228,1120,,KY632,,,KY0632,KY0632,0,098 KY-632,KY0632,N,N,NULL,NULL,NULL,N,NULL,NULL,NULL,NULL,NULL,NULL,14.007,NULL,NULL,NULL,NULL,,NULL,0,0,2,2,N,N,35,NULL,98,9804,NULL,,Y,37.51447,-82.1525,N,NULL,NULL,NULL,NULL,NULL,NULL,NULL,NULL,3,3,2,3,1,5,3,2,7,3,N,NULL,Y,N,1120,1140,1200,N,NULL,52,6,0,Y,,N,N,098-KY-0632-0,NULL,NULL,2020,O,7.26E+11,098-KY-0632  -000,HIGH,098-KY-0632  -000,14.007,0,0,0,0,0,0,0,1,0,1,0,1,0,0
4185,72472223,980100,2.02E+11,20200205,705,,BYPASS,S,RD,KY1426,KY1426,0,098 KY-1426,KY1426,N,N,NULL,NULL,NULL,N,NULL,NULL,NULL,NULL,NULL,NULL,5.641,NULL,NULL,NULL,NULL,,NULL,0,0,2,2,N,N,55,NULL,98,9801,NULL,,Y,37.4726,-82.5237,N,NULL,NULL,NULL,NULL,NULL,NULL,NULL,NULL,2,3,2,6,1,5,6,6,1,3,N,NULL,Y,N,705,708,708,N,NULL,56,,0,N,,N,N,098-KY-1426-0,NULL,NULL,2020,O,7.25E+11,098-KY-1426  -000,HIGH,098-KY-1426  -000,5.641,0,0,0,0,0,0,1,0,0,0,0,0,0,1
4186,72535148,KSP0900,20-665782,20200824,2107,,STONE COAL CREEK,,RD,KY3227,KY3227,0,098 KY-3227,KY3227,N,N,NULL,NULL,NULL,N,NULL,NULL,NULL,NULL,NULL,NULL,0.823,NULL,NULL,NULL,NULL,,NULL,2,0,1,1,N,N,55,NULL,98,9801,1,E,N,37.52157,-82.54277,N,NULL,NULL,NULL,NULL,NULL,NULL,NULL,NULL,9,97,2,6,1,1,2,4,6,3,Y,NULL,Y,Y,2010,2021,,N,NULL,44,8,0,N,,N,N,098-KY-3227-0,NULL,NULL,2020,C,7.25E+11,098-KY-3227  -000,HIGH,098-KY-3227  -000,0.823,0,0,0,0,0,0,0,0,0,0,0,1,0,0
4187,72720174,980000,22-01-002,20220111,1430,,PHILLIPS BRANCH,,RD,,,0,098 CR-1867,CR1867,Y,N,NULL,NULL,NULL,N,NULL,NULL,NULL,NULL,NULL,NULL,0.068,NULL,NULL,NULL,NULL,,NULL,0,0,3,3,N,N,15,NULL,98,9804,NULL,,Y,37.49533,-82.13713,N,NULL,NULL,NULL,NULL,NULL,NULL,NULL,NULL,2,97,1,6,1,1,2,2,1,3,N,NULL,Y,Y,1455,1530,1600,N,NULL,90,,,N,,N,N,098-CR-1867-0,NULL,NULL,2022,O,7.27E+11,098-CR-1867  -000,HIGH,098-CR-1867  -000,0.068,0,0,0,0,0,0,1,0,0,0,0,0,0,0
4188,72530783,980100,2.02E+11,20200812,1005,,CASSIDY,,BLVD,,,0,098 CS-1191,CS1191,N,N,NULL,NULL,NULL,N,NULL,NULL,NULL,NULL,NULL,NULL,0.036,NULL,NULL,NULL,NULL,,NULL,0,0,2,2,N,N,55,NULL,98,9801,NULL,,Y,37.5037,-82.53276,N,NULL,NULL,NULL,NULL,NULL,NULL,NULL,NULL,1,3,4,6,1,1,2,2,7,3,N,NULL,Y,N,1005,1011,1011,N,NULL,55,,,N,,N,N,098-CS-1191-0,NULL,NULL,2020,O,7.25E+11,098-CS-1191  -000,HIGH,098-CS-1191  -000,0.036,0,0,1,1,0,0,0,1,0,0,0,0,0,1
4189,72578847,KSP0900,20-843563,20201225,1530,,GREASY,,CRK,KY3226,KY3226,0,098 KY-3226,KY3226,N,N,NULL,NULL,NULL,N,NULL,NULL,NULL,NULL,NULL,NULL,0.385,NULL,NULL,NULL,NULL,,NULL,0,0,2,2,N,N,55,NULL,98,9824,NULL,,Y,37.38417,-82.47351,N,NULL,NULL,NULL,NULL,NULL,NULL,NULL,NULL,1,3,2,6,1,2,9,2,7,3,N,NULL,N,N,1530,1540,1558,N,NULL,55,8,0,N,,N,N,098-KY-3226-0,NULL,NULL,2020,O,7.26E+11,098-KY-3226  -000,HIGH,098-KY-3226  -000,0.385,0,0,0,0,0,0,0,1,0,0,0,0,0,0
4190,72605561,980000,21-03-001,20210316,2210,,US119,,,US0119,US0119,0,098 US-119,US0119,N,N,NULL,NULL,NULL,N,NULL,NULL,NULL,NULL,NULL,NULL,4.446,NULL,NULL,NULL,NULL,,NULL,0,0,1,1,N,N,55,NULL,98,9828,NULL,,Y,37.51891,-82.4575,N,NULL,NULL,NULL,NULL,NULL,NULL,NULL,NULL,9,3,2,2,1,1,3,7,1,3,N,NULL,Y,Y,2215,2215,2215,N,NULL,38,2,1,N,,N,N,098-US-0119-0,NULL,NULL,2021,O,7.26E+11,098-US-0119  -000,HIGH,098-US-0119  -000,4.446,0,0,0,0,0,0,0,0,0,0,0,0,0,0
4191,72539483,980100,2.02E+11,20200902,1801,,US23,,,US0023,US0023,0,098 US-23,US0023,N,N,NULL,NULL,NULL,N,NULL,NULL,NULL,NULL,NULL,NULL,26.28,NULL,NULL,NULL,NULL,,NULL,0,0,2,2,N,N,55,NULL,98,9801,NULL,,Y,37.50362,-82.53214,N,NULL,NULL,NULL,NULL,NULL,NULL,NULL,NULL,1,2,4,4,1,5,3,2,7,3,N,NULL,Y,N,1801,1812,,N,NULL,55,,1,N,,Y,N,098-US-0023-0,NULL,NULL,2020,O,7.25E+11,098-US-0023  -000,HIGH,098-US-0023  -000,26.28,0,0,0,0,0,0,1,0,0,0,0,0,0,1
4192,72652647,KSP0900,21-302203,20210721,1758,,KY1499,,,KY1499,KY1499,0,098 KY-1499,KY1499,N,N,NULL,NULL,NULL,N,NULL,NULL,NULL,NULL,NULL,NULL,3.305,NULL,NULL,NULL,NULL,,NULL,0,0,2,2,Y,N,55,NULL,98,9847,NULL,,Y,37.40506,-82.26501,N,NULL,NULL,NULL,NULL,NULL,NULL,NULL,NULL,4,3,2,2,1,1,2,2,7,3,N,NULL,Y,N,1758,1837,1837,N,NULL,70,7,0,N,,N,N,098-KY-1499-0,NULL,NULL,2021,O,7.27E+11,098-KY-1499  -000,HIGH,098-KY-1499  -000,3.305,0,1,0,0,0,0,1,0,0,0,0,0,0,0
4193,72716264,KSP0900,2021-00513016,20211217,1807,,US119,,,US0119,US0119,0,098 US-119-10,US0119,N,N,NULL,NULL,NULL,N,NULL,NULL,NULL,NULL,NULL,NULL,24.34,NULL,NULL,NULL,NULL,,NULL,0,1,2,1,N,N,45,NULL,98,9836,NULL,,Y,37.65976,-82.27335,N,NULL,NULL,NULL,NULL,NULL,NULL,NULL,NULL,9,3,4,6,1,5,6,5,1,3,N,NULL,N,Y,1844,1930,2142,N,NULL,36,2,1,Y,,N,N,098-US-0119-10,NULL,NULL,2021,K,7.27E+11,098-US-0119  -010,HIGH,098-US-0119  -000,24.34,0,0,0,0,1,0,0,0,1,0,0,0,0,0
4194,72627807,KSP0900,21-202892,20210519,1432,,KY194,,,KY0194,KY0194,0,098 KY-194,KY0194,N,N,NULL,NULL,NULL,N,NULL,NULL,NULL,NULL,NULL,NULL,16.055,NULL,NULL,NULL,NULL,,NULL,0,0,2,2,N,N,10,NULL,98,9887,NULL,,Y,37.56681,-82.46583,N,NULL,NULL,NULL,NULL,NULL,NULL,NULL,NULL,2,97,2,5,3,1,2,2,6,3,N,NULL,Y,N,1432,1455,1432,N,NULL,47,7,0,N,,N,N,098-KY-0194-0,NULL,NULL,2021,O,7.26E+11,098-KY-0194  -000,HIGH,098-KY-0194  -000,16.055,0,0,0,0,0,0,1,0,0,0,0,0,0,0
4195,72675005,980100,2.02E+11,20210924,1812,,CASSIDY,,BLVD,,,0,098 CS-1191,CS1191,Y,N,NULL,NULL,NULL,N,NULL,NULL,NULL,NULL,NULL,NULL,0.195,NULL,NULL,NULL,NULL,,NULL,0,0,2,2,N,N,15,NULL,98,9801,NULL,,Y,37.50398,-82.53516,N,NULL,NULL,NULL,NULL,NULL,NULL,NULL,NULL,1,97,2,6,1,1,2,2,1,3,N,NULL,Y,N,1812,1828,1844,N,NULL,90,,,N,,N,N,098-CS-1191-0,NULL,NULL,2021,O,7.27E+11,098-CS-1191  -000,HIGH,098-CS-1191  -000,0.195,0,0,0,1,0,0,1,0,0,0,0,0,0,1
4196,72679039,980100,2.02E+11,20211001,948,,ELM,N,ST,,,0,098 CS-1169,CS1169,N,N,NULL,NULL,NULL,N,NULL,NULL,NULL,NULL,NULL,NULL,0.004,NULL,NULL,NULL,NULL,,NULL,0,0,2,2,N,N,15,NULL,98,9801,NULL,,Y,37.47709,-82.5218,N,NULL,NULL,NULL,NULL,NULL,NULL,NULL,NULL,5,3,2,4,1,1,2,2,7,3,N,NULL,Y,N,950,953,1002,N,NULL,49,,,N,,N,N,098-CS-1169-0,NULL,NULL,2021,O,7.27E+11,098-CS-1169  -000,HIGH,098-CS-1169  -000,0.004,0,0,1,1,0,0,0,0,0,0,0,0,0,1
4197,72713673,980100,2.02E+11,20211223,1523,,CASSIDY,,BLVD,,,0,098 CS-1191,CS1191,Y,N,NULL,NULL,NULL,N,NULL,NULL,NULL,NULL,NULL,NULL,0.325,NULL,NULL,NULL,NULL,,NULL,0,0,2,2,N,N,15,NULL,98,9801,NULL,,Y,37.50519,-82.53735,N,NULL,NULL,NULL,NULL,NULL,NULL,NULL,NULL,5,97,2,6,1,1,2,2,1,3,N,NULL,Y,N,1523,1525,,N,NULL,90,,,Y,,N,N,098-CS-1191-0,NULL,NULL,2021,O,7.27E+11,098-CS-1191  -000,HIGH,098-CS-1191  -000,0.325,0,0,0,0,0,0,0,0,1,0,0,0,0,1
4198,72468123,980100,2.02E+11,20200126,1241,,POPLAR,,ST,,,0,098 CS-1160,CS1160,N,N,NULL,NULL,NULL,N,NULL,NULL,NULL,NULL,NULL,NULL,0.361,NULL,NULL,NULL,NULL,,NULL,0,0,2,2,Y,N,15,NULL,98,9801,NULL,,Y,37.48347,-82.52245,N,NULL,NULL,NULL,NULL,NULL,NULL,NULL,NULL,7,3,1,,1,1,2,2,7,3,N,NULL,Y,N,1241,1246,1301,N,NULL,47,,,N,,N,N,098-CS-1160-0,NULL,NULL,2020,O,7.25E+11,098-CS-1160  -000,HIGH,098-CS-1160  -000,0.361,0,0,0,0,0,0,0,0,0,0,0,0,0,1
4199,72744676,KSP0900,2022-102808,20220321,1400,,TOLER,,RD,KY0319,KY0319,0,098 KY-319,KY0319,N,N,NULL,NULL,NULL,N,NULL,NULL,NULL,NULL,NULL,NULL,1.572,NULL,NULL,NULL,NULL,,NULL,0,0,1,1,N,N,55,NULL,98,9842,NULL,,Y,37.5914,-82.20163,N,NULL,NULL,NULL,NULL,NULL,NULL,NULL,NULL,9,3,2,5,1,1,2,2,7,3,N,NULL,N,N,1400,1400,1400,N,NULL,70,7,0,N,,N,N,098-KY-0319-0,NULL,NULL,2022,O,7.27E+11,098-KY-0319  -000,HIGH,098-KY-0319  -000,1.572,0,0,0,0,0,0,0,0,0,0,0,1,0,0
4200,72661577,980100,2.02E+11,20210821,1518,,KY3496,,,KY3496,KY3496,0,098 KY-3496,KY3496,N,N,NULL,NULL,NULL,N,NULL,NULL,NULL,NULL,NULL,NULL,0.016,NULL,NULL,NULL,NULL,,NULL,0,0,2,2,N,N,35,NULL,98,9801,NULL,,Y,37.46574,-82.52818,N,NULL,NULL,NULL,NULL,NULL,NULL,NULL,NULL,5,3,2,6,1,1,2,2,7,3,N,NULL,Y,N,1518,1521,1521,N,NULL,49,16,0,N,,N,N,098-KY-3496-0,NULL,NULL,2021,O,7.27E+11,098-KY-3496  -000,HIGH,098-KY-3496  -000,0.016,0,0,0,1,0,0,1,0,0,0,0,0,0,1
4201,72523848,980100,2.02E+11,20200719,1705,,KY3496,,,KY3496,KY3496,0,098 KY-3496,KY3496,Y,N,NULL,NULL,NULL,N,NULL,NULL,NULL,NULL,NULL,NULL,0.137,NULL,NULL,NULL,NULL,,NULL,0,0,2,2,N,N,15,NULL,98,9801,NULL,,Y,37.46616,-82.53014,N,NULL,NULL,NULL,NULL,NULL,NULL,NULL,NULL,2,97,2,3,1,1,2,2,1,3,N,NULL,Y,N,1705,1715,,N,NULL,90,16,0,N,,N,N,098-KY-3496-0,NULL,NULL,2020,O,7.25E+11,098-KY-3496  -000,HIGH,098-KY-3496  -000,0.137,0,0,0,0,0,0,1,0,0,0,0,0,0,1
4202,72813814,KSP0900,22-387598,20221007,1302,,KY611,,,KY0611,KY0611,0,098 KY-611,KY0611,N,N,NULL,NULL,NULL,N,NULL,NULL,NULL,NULL,NULL,NULL,5.945,NULL,NULL,NULL,NULL,,NULL,0,0,2,2,N,N,35,NULL,98,9830,NULL,,Y,37.3148,-82.5483,N,NULL,NULL,NULL,NULL,NULL,NULL,NULL,NULL,7,3,2,6,1,1,2,2,7,3,N,NULL,N,N,1302,1302,1310,N,NULL,54,8,0,N,,N,N,098-KY-0611-0,NULL,NULL,2022,O,7.28E+11,098-KY-0611  -000,HIGH,098-KY-0611  -000,5.945,0,0,1,1,0,0,0,0,0,0,0,1,0,0
4203,72766925,980100,2.02E+11,20220529,1241,,KY3496,,,KY3496,KY3496,0,098 KY-3496,KY3496,Y,N,NULL,NULL,NULL,N,NULL,NULL,NULL,NULL,NULL,NULL,0.071,NULL,NULL,NULL,NULL,,NULL,0,0,3,3,N,N,35,NULL,98,9801,NULL,,Y,37.4657,-82.52908,N,NULL,NULL,NULL,NULL,NULL,NULL,NULL,NULL,8,97,1,6,1,1,2,2,5,3,N,NULL,Y,N,1241,1247,1247,N,NULL,90,16,0,N,,N,N,098-KY-3496-0,NULL,NULL,2022,O,7.28E+11,098-KY-3496  -000,HIGH,098-KY-3496  -000,0.071,0,0,0,1,0,0,0,0,0,0,0,0,0,1
4204,72555205,KSP0900,20-742868,20201015,1545,,MALL,,RD,,,0,098 CR-1037,CR1037,Y,N,NULL,NULL,NULL,N,NULL,NULL,NULL,NULL,NULL,NULL,0.407,NULL,NULL,NULL,NULL,,NULL,1,0,1,1,N,N,,NULL,98,9834,NULL,,Y,37.6563,-82.27123,N,NULL,NULL,NULL,NULL,NULL,NULL,NULL,NULL,9,97,2,5,1,1,2,2,5,3,Y,NULL,Y,Y,1545,1601,1658,N,NULL,90,,,N,,N,N,098-CR-1037-0,NULL,NULL,2020,A,7.26E+11,098-CR-1037  -000,HIGH,098-CR-1037  -000,0.407,0,0,0,1,0,0,0,0,0,0,0,1,0,0
4205,72402539,KSP0900,19-33453,20190828,1524,,KY194,,,KY0194,KY0194,0,098 KY-194,KY0194,N,N,NULL,NULL,NULL,N,NULL,NULL,NULL,NULL,NULL,NULL,66.007,NULL,NULL,NULL,NULL,,NULL,0,0,1,1,N,N,35,NULL,98,9873,NULL,,Y,37.53041,-82.10059,N,NULL,NULL,NULL,NULL,NULL,NULL,NULL,NULL,9,3,2,4,1,1,2,2,7,3,N,NULL,N,Y,1524,1547,1711,N,NULL,44,7,0,N,,N,N,098-KY-0194-0,NULL,NULL,2019,O,7.24E+11,098-KY-0194  -000,HIGH,098-KY-0194  -000,66.007,0,0,0,0,0,0,0,0,1,0,0,1,0,0
4206,72482717,KSP0900,20-7333,20200224,1945,,CHLOE,,RD,KY1460,KY1460,0,098 KY-1460,KY1460,N,N,NULL,NULL,NULL,N,NULL,NULL,NULL,NULL,NULL,NULL,0.13,NULL,NULL,NULL,NULL,,NULL,0,0,1,1,N,N,45,NULL,98,9801,NULL,,Y,37.43318,-82.48067,N,NULL,NULL,NULL,NULL,NULL,NULL,NULL,NULL,9,3,2,6,1,5,3,6,7,3,N,NULL,Y,N,1945,1952,2051,N,NULL,70,,0,Y,,N,N,098-KY-1460-0,NULL,NULL,2020,O,7.25E+11,098-KY-1460  -000,HIGH,098-KY-1460  -000,0.13,0,0,0,0,0,0,1,0,1,0,0,1,0,0
4207,72459458,980100,2.02E+11,20200103,1550,,2ND,,ST,,,0,098 CS-1117,CS1117,N,N,NULL,NULL,NULL,N,NULL,NULL,NULL,NULL,NULL,NULL,0.276,NULL,NULL,NULL,NULL,,NULL,0,0,2,2,N,N,15,NULL,98,9801,NULL,,Y,37.48011,-82.51826,N,NULL,NULL,NULL,NULL,NULL,NULL,NULL,NULL,8,3,1,6,1,5,6,2,1,3,N,NULL,Y,N,1550,1555,1600,N,NULL,47,,,N,,N,N,098-CS-1117-0,NULL,NULL,2020,O,7.25E+11,098-CS-1117  -000,HIGH,098-CS-1117  -000,0.276,0,0,0,0,0,0,1,0,0,0,0,0,0,1
4208,72620508,980100,2.02E+11,20210503,1543,,HAROLDS BRANCH,,RD,,,,,,Y,N,NULL,NULL,NULL,N,NULL,NULL,NULL,NULL,NULL,NULL,0.078,NULL,NULL,NULL,NULL,,NULL,0,0,2,2,N,N,35,NULL,98,9801,NULL,,Y,37.47183,-82.52205,N,NULL,NULL,NULL,NULL,NULL,NULL,NULL,NULL,2,97,,6,2,1,3,2,1,3,N,NULL,Y,N,1543,1546,1616,N,NULL,90,,,N,,N,N,,NULL,NULL,2021,O,7.26E+11,098-CS-1223  -000,MEDIUM,098-CS-1223  -000,0.078,0,0,0,0,0,0,1,0,0,0,0,0,0,1