OBJECTID,MasterFile,AgencyORINumber,LocalCode,CollisionDate,CollisionTime,CollisionDayWeekCode,RoadwayName,RoadwayName_Direction_,RoadwayName_RoadwaySuffix_,RoadwayfromReport,CurrentRoadwayNumber,RoadwayNumberCoupletID,RSEUniqueGIS,RoadwayIdentifier,ParkingLotIndicator,IntersectionWith_Indicator_,IntersectionWith_NameRoadway_,IntersectionWith_Direction_,IntersectionWith_RoadwaySuffix_,BetweenStreets_Indicator_,BetweenStreets1_NameRoadway_,BetweenStreet1_Direction_,BetweenStreets1_RoadwaySuffix_,BetweenStreets2_NameRoadway_,BetweenStreets2_Direction_,BetweenStreets2_RoadwaySuffix_,Milepoint,ReportMilepointDeriveNumber,CurrentDerivedMiepointNumber,MilestoMilepoint,FeettoMilepoint,DirectionfromMilepoint_NSEW_,ValidMilepointIndicator,NumberInjured,NumberKilled,ofUnits,ofMotorVehicleUnits,Hit&RunIndicator,OneWayIndicator,SpeedLimitNumber,KilometersIndicator,CountyCode,CityCountyCode,MilesFromCity,DirectionFromCity_NSEW_,InCityLimitsIndicator,Latitude,Longitude,RampIndicator,RampFromIdentifier,RampFromDirCode,RampFromCoupletID,RSEUniqueGISRampFrom,RampToidentifier,RampToDirCode,RampToCoupletID,RSEUniqueGisRampTo,MannerofCollisionCode,LocationFirstEventCode,TotalLanes,RoadwayCharacterCode,RoadwaySurfaceCode,RoadwayConditionCode,WeatherCode,LightConditionCode,LandUseCode,SchoolBusRelatedCode,FirstAidSceneIndicator,CollDescPresentInd,InvestigationCompleteIndicator,PhotosTakenIndicator,TimeNotified,TimeArrived,TimeRoadwayOpened,PropertyDamageIndicator,DiagramPresentIndicator,DirectionalAnalysis,FunctionClassCode,NationalHwySysCode,EnforcementsIndicator,KARSCityCode,SecondaryCollisionIndicator,MedianCrossoverIndicator,RT_UNIQUE,MapIt,TimeLastLeft,YR,KABCO,MFNY,WorkingRID,RT_CONFIDENCE,KTC_RT,KTC_MP,Motorcyclist,Commercial Vehicle,Young Driver,Mature Driver,Pedestrian,Bicyclist,Distracted,Aggressive,Impaired,Unrestrained,Intersection,Roadway Departure,Median Cross-over,City Crash
4209,72635009,980000,21-06-003,20210610,1520,,TOLER,,RD,KY0319,KY0319,0,098 KY-319,KY0319,N,N,NULL,NULL,NULL,N,NULL,NULL,NULL,NULL,NULL,NULL,5.184,NULL,NULL,NULL,NULL,,NULL,3,0,2,2,N,N,35,NULL,98,9842,NULL,,Y,37.62259,-82.24395,N,NULL,NULL,NULL,NULL,NULL,NULL,NULL,NULL,1,3,2,3,1,5,3,2,7,3,N,NULL,Y,Y,1520,1520,1530,N,NULL,55,7,0,N,,N,N,098-KY-0319-0,NULL,NULL,2021,B,7.26E+11,098-KY-0319  -000,HIGH,098-KY-0319  -000,5.184,0,0,0,0,0,0,0,1,0,0,0,0,0,0
4210,72628836,980100,2.02E+11,20210526,1205,,US23,,,US0023,US0023,0,098 US-23-10,US0023,N,N,NULL,NULL,NULL,N,NULL,NULL,NULL,NULL,NULL,NULL,23.051,NULL,NULL,NULL,NULL,,NULL,0,0,2,2,N,N,55,NULL,98,9801,NULL,,Y,37.46579,-82.52795,N,NULL,NULL,NULL,NULL,NULL,NULL,NULL,NULL,1,3,4,6,1,1,2,2,7,3,N,NULL,Y,N,1205,1210,1214,N,NULL,55,,1,N,,N,N,098-US-0023-10,NULL,NULL,2021,O,7.26E+11,098-US-0023  -010,HIGH,098-US-0023  -000,23.051,0,0,0,1,0,0,0,0,0,0,0,0,0,1
4211,72458628,KSP0900,19-50787,20191230,1011,,KY632,,,KY0632,KY0632,0,098 KY-632,KY0632,N,N,NULL,NULL,NULL,N,NULL,NULL,NULL,NULL,NULL,NULL,3.614,NULL,NULL,NULL,NULL,,NULL,0,0,1,1,N,N,55,NULL,98,9817,NULL,,Y,37.48748,-82.2962,N,NULL,NULL,NULL,NULL,NULL,NULL,NULL,NULL,9,3,2,6,1,1,2,2,7,3,N,NULL,Y,N,1011,1044,1044,N,NULL,40,6,0,Y,,N,N,098-KY-0632-0,NULL,NULL,2019,O,7.25E+11,098-KY-0632  -000,HIGH,098-KY-0632  -000,3.614,0,0,0,0,0,0,1,0,0,1,0,1,0,0
4212,72585693,980100,2.02E+11,20210114,1842,,US23,,,US0023,US0023,,,,N,N,NULL,NULL,NULL,N,NULL,NULL,NULL,NULL,NULL,NULL,18.869,NULL,NULL,NULL,NULL,,NULL,2,0,2,2,N,N,55,NULL,98,9801,NULL,,Y,37.43974,-82.50823,N,NULL,NULL,NULL,NULL,NULL,NULL,NULL,NULL,8,3,4,6,1,1,2,6,1,3,Y,NULL,Y,Y,1842,1850,1936,N,NULL,53,,1,N,,N,N,,NULL,NULL,2021,B,7.26E+11,098-US-0023  -000,MEDIUM,098-US-0023  -000,18.869,0,0,0,1,0,0,1,0,0,0,0,1,0,1
4213,72768625,KSP0900,22-204315,20220601,1158,,US460,,,US0460,US0460,0,098 US-460,US0460,N,N,NULL,NULL,NULL,N,NULL,NULL,NULL,NULL,NULL,NULL,5.939,NULL,NULL,NULL,NULL,,NULL,0,0,2,2,N,N,55,NULL,98,9801,5,SE,N,37.40426,-82.43558,N,NULL,NULL,NULL,NULL,NULL,NULL,NULL,NULL,5,3,2,6,1,1,2,2,7,3,N,NULL,Y,N,1200,1208,1234,N,NULL,49,,1,N,,N,N,098-US-0460-0,NULL,NULL,2022,O,7.28E+11,098-US-0460  -000,HIGH,098-US-0460  -000,5.939,0,0,0,0,0,0,1,0,0,0,0,0,0,0
4214,72864105,980100,2.02E+11,20230210,1804,,CHLOE,,RD,KY1460,KY1460,0,098 KY-1460,KY1460,N,N,NULL,NULL,NULL,N,NULL,NULL,NULL,NULL,NULL,NULL,2.758,NULL,NULL,NULL,NULL,,NULL,1,0,1,1,N,N,35,NULL,98,9801,NULL,,Y,37.46911,-82.47862,N,NULL,NULL,NULL,NULL,NULL,NULL,NULL,NULL,9,5,2,2,1,1,2,3,6,3,Y,NULL,Y,Y,1804,1818,1902,N,NULL,44,,0,N,,N,N,098-KY-1460-0,NULL,NULL,2023,B,7.29E+11,098-KY-1460  -000,HIGH,098-KY-1460  -000,2.731,0,0,0,1,0,0,1,0,0,0,0,1,0,1
4215,72606747,980100,2.02E+11,20210324,1623,,COLLEGE,N,ST,,,0,098 CS-1108,CS1108,N,N,NULL,NULL,NULL,N,NULL,NULL,NULL,NULL,NULL,NULL,0.157,NULL,NULL,NULL,NULL,,NULL,0,0,2,2,Y,N,25,NULL,98,9801,NULL,,Y,37.47738,-82.52003,N,NULL,NULL,NULL,NULL,NULL,NULL,NULL,NULL,2,3,,6,1,1,2,2,6,3,N,NULL,Y,N,1623,1627,1627,N,NULL,56,,,N,,N,N,098-CS-1108-0,NULL,NULL,2021,O,7.26E+11,098-CS-1108  -000,HIGH,098-CS-1108  -000,0.157,0,0,0,0,0,0,1,0,0,0,0,0,0,1
4216,72512176,980100,2.02E+11,20200617,1549,,MAYO,S,TRL,KY3496,KY3496,0,098 KY-3496,KY3496,Y,N,NULL,NULL,NULL,N,NULL,NULL,NULL,NULL,NULL,NULL,0.135,NULL,NULL,NULL,NULL,,NULL,0,0,2,2,N,N,35,NULL,98,9801,NULL,,Y,37.46614,-82.53012,N,NULL,NULL,NULL,NULL,NULL,NULL,NULL,NULL,5,97,,6,1,1,3,2,5,3,N,NULL,Y,N,1550,1554,1554,N,NULL,90,16,0,N,,N,N,098-KY-3496-0,NULL,NULL,2020,O,7.25E+11,098-KY-3496  -000,HIGH,098-KY-3496  -000,0.135,0,0,0,0,0,0,1,0,0,0,0,0,0,1
4217,72622300,980100,2.02E+11,20210507,1502,,US23,,,US0023,US0023,0,098 US-23-10,US0023,N,N,NULL,NULL,NULL,N,NULL,NULL,NULL,NULL,NULL,NULL,23.499,NULL,NULL,NULL,NULL,,NULL,0,0,2,2,N,N,55,NULL,98,9801,NULL,,Y,37.46996,-82.53361,N,NULL,NULL,NULL,NULL,NULL,NULL,NULL,NULL,8,3,4,6,1,1,2,2,7,3,N,NULL,Y,N,1502,1504,1504,N,NULL,53,,1,N,,N,N,098-US-0023-10,NULL,NULL,2021,O,7.26E+11,098-US-0023  -010,HIGH,098-US-0023  -000,23.499,0,0,0,0,0,0,1,0,0,0,0,1,0,1
4218,72513935,KSP0900,20-550407,20200617,1245,,WILLIAMSON,,RD,KY0292,KY0292,0,098 KY-292,KY0292,N,N,NULL,NULL,NULL,N,NULL,NULL,NULL,NULL,NULL,NULL,5.191,NULL,NULL,NULL,NULL,,NULL,0,0,2,2,N,N,45,NULL,98,9834,NULL,,Y,37.6736,-82.28299,N,NULL,NULL,NULL,NULL,NULL,NULL,NULL,NULL,1,3,2,3,1,5,3,2,7,3,N,NULL,Y,N,1245,1205,1300,N,NULL,55,7,0,N,,N,N,098-KY-0292-0,NULL,NULL,2020,O,7.25E+11,098-KY-0292  -000,HIGH,098-KY-0292  -000,5.191,0,0,0,1,0,0,1,0,0,0,0,0,0,0
4219,72509216,980100,2.02E+11,20200602,1429,,BYPASS,S,RD,KY1426,KY1426,,,,Y,N,NULL,NULL,NULL,N,NULL,NULL,NULL,NULL,NULL,NULL,5.679,NULL,NULL,NULL,NULL,,NULL,1,0,2,2,N,N,,NULL,98,9801,NULL,,Y,37.47272,-82.52305,N,NULL,NULL,NULL,NULL,NULL,NULL,NULL,NULL,2,97,2,4,2,1,2,8,1,3,Y,NULL,Y,Y,1429,1436,,N,NULL,90,,0,N,,N,N,,NULL,NULL,2020,C,7.25E+11,098-KY-1426  -000,HIGH,098-KY-1426  -000,5.679,0,0,0,0,0,0,1,0,0,0,0,0,0,1
4220,72677644,980100,2.02E+11,20211001,750,,US23,,,US0023,US0023,0,098 US-23-10,US0023,N,N,NULL,NULL,NULL,N,NULL,NULL,NULL,NULL,NULL,NULL,31.584,NULL,NULL,NULL,NULL,,NULL,0,0,2,2,N,N,55,NULL,98,9801,NULL,,Y,37.5368,-82.60133,N,NULL,NULL,NULL,NULL,NULL,NULL,NULL,NULL,8,3,4,6,1,1,2,2,7,3,N,NULL,Y,N,750,758,758,N,NULL,53,,1,N,,N,N,098-US-0023-10,NULL,NULL,2021,O,7.27E+11,098-US-0023  -010,HIGH,098-US-0023  -000,31.584,0,0,1,0,0,0,1,0,0,0,0,1,0,1
4221,72502667,KSP0900,20-18000,20200514,1419,,US460,,,US0460,US0460,0,098 US-460,US0460,N,N,NULL,NULL,NULL,N,NULL,NULL,NULL,NULL,NULL,NULL,9.842,NULL,NULL,NULL,NULL,,NULL,0,0,1,1,N,N,55,NULL,98,9822,NULL,,Y,37.36429,-82.40737,N,NULL,NULL,NULL,NULL,NULL,NULL,NULL,NULL,9,5,2,6,1,1,2,2,7,3,Y,NULL,Y,N,1419,1420,,N,NULL,51,,1,Y,,N,N,098-US-0460-0,NULL,NULL,2020,O,7.25E+11,098-US-0460  -000,HIGH,098-US-0460  -000,9.842,0,0,0,0,0,0,0,0,1,0,0,1,0,0
4222,72727573,980100,2.02E+11,20220204,1029,,HAMBLEY,,BLVD,,,0,098 CS-1222,CS1222,Y,N,NULL,NULL,NULL,N,NULL,NULL,NULL,NULL,NULL,NULL,1.078,NULL,NULL,NULL,NULL,,NULL,0,0,2,2,N,N,,NULL,98,9801,NULL,,Y,37.48483,-82.52312,N,NULL,NULL,NULL,NULL,NULL,NULL,NULL,NULL,2,97,1,6,1,5,3,2,1,3,N,NULL,Y,N,1030,1031,1040,N,NULL,90,,,N,,N,N,098-CS-1222-0,NULL,NULL,2022,O,7.27E+11,098-CS-1222  -000,HIGH,098-CS-1222  -000,1.078,0,0,0,0,0,0,1,0,0,0,0,0,0,1
4223,72840013,KSP0900,22-469644,20221209,730,,ELKHORN,,CRK,KY0197,KY0197,0,098 KY-197,KY0197,N,N,NULL,NULL,NULL,N,NULL,NULL,NULL,NULL,NULL,NULL,3.365,NULL,NULL,NULL,NULL,,NULL,0,0,1,1,N,N,55,NULL,98,9867,NULL,,Y,37.23059,-82.52227,N,NULL,NULL,NULL,NULL,NULL,NULL,NULL,NULL,9,3,2,3,1,5,3,2,7,3,N,NULL,Y,N,730,750,830,N,NULL,44,7,0,N,,N,N,098-KY-0197-0,NULL,NULL,2022,O,7.28E+11,098-KY-0197  -000,HIGH,098-KY-0197  -000,3.365,0,0,0,0,0,0,0,0,0,0,0,1,0,0
4224,72569314,KSP0900,20-803099,20201125,1424,,US119,,,US0119,US0119,0,098 US-119,US0119,N,N,NULL,NULL,NULL,N,NULL,NULL,NULL,NULL,NULL,NULL,20.392,NULL,NULL,NULL,NULL,,NULL,1,0,1,1,N,N,55,NULL,98,9834,NULL,,Y,37.61615,-82.27459,N,NULL,NULL,NULL,NULL,NULL,NULL,NULL,NULL,9,3,2,6,1,5,6,2,7,3,Y,NULL,Y,Y,1425,1440,1530,N,NULL,70,2,1,N,,N,N,098-US-0119-0,NULL,NULL,2020,B,7.26E+11,098-US-0119  -000,HIGH,098-US-0119  -000,20.392,0,0,0,1,0,0,0,0,0,0,0,1,0,0
4225,72750359,980100,2.02E+11,20220413,2154,,BYPASS,N,RD,KY1460,KY1460,,,,N,N,NULL,NULL,NULL,N,NULL,NULL,NULL,NULL,NULL,NULL,5.19,NULL,NULL,NULL,NULL,,NULL,0,0,2,2,N,N,45,NULL,98,9801,NULL,,Y,37.48427,-82.51467,N,NULL,NULL,NULL,NULL,NULL,NULL,NULL,NULL,7,97,2,6,1,1,2,5,1,3,N,NULL,Y,N,2154,2200,2242,N,NULL,54,16,0,N,,N,N,,NULL,NULL,2022,O,7.28E+11,098-KY-1460  -000,HIGH,098-KY-1460  -000,5.19,0,0,1,0,0,0,1,0,0,0,0,1,0,1
4226,72671575,KSP0900,21-185377,20210508,1338,,TOLER,,RD,KY0319,KY0319,0,098 KY-319,KY0319,N,N,NULL,NULL,NULL,N,NULL,NULL,NULL,NULL,NULL,NULL,0.065,NULL,NULL,NULL,NULL,,NULL,1,0,1,1,N,N,55,NULL,98,9842,NULL,,Y,37.58023,-82.18026,N,NULL,NULL,NULL,NULL,NULL,NULL,NULL,NULL,9,3,2,4,1,1,2,2,7,3,Y,NULL,Y,N,1339,1343,1720,Y,NULL,40,7,0,N,,N,N,098-KY-0319-0,NULL,NULL,2021,C,7.27E+11,098-KY-0319  -000,HIGH,098-KY-0319  -000,0.065,0,0,0,0,0,0,0,0,0,1,0,1,0,0
4227,72724385,KSP0900,22-31107,20220126,758,,MAIN ST CONN,,,,,0,098 CS-3000-71,CS3000,N,N,NULL,NULL,NULL,N,NULL,NULL,NULL,NULL,NULL,NULL,0.022,NULL,NULL,NULL,NULL,,NULL,0,0,2,2,N,N,35,NULL,98,9807,NULL,,Y,37.51886,-82.56633,N,NULL,NULL,NULL,NULL,NULL,NULL,NULL,NULL,1,3,2,6,1,1,2,2,7,3,N,NULL,Y,N,800,830,830,N,NULL,55,,,N,,N,N,098-CS-3000-71,NULL,NULL,2022,O,7.27E+11,098-CS-3000  -071,HIGH,098-CS-3000  -071,0.022,0,0,1,0,0,0,0,1,0,0,0,0,0,0
4228,72789315,KSP0900,22-296768,20220802,1240,,KY1499,,,KY1499,KY1499,0,098 KY-1499,KY1499,N,N,NULL,NULL,NULL,N,NULL,NULL,NULL,NULL,NULL,NULL,0.533,NULL,NULL,NULL,NULL,,NULL,0,0,1,1,N,N,45,NULL,98,9847,NULL,,Y,37.3899,-82.25722,N,NULL,NULL,NULL,NULL,NULL,NULL,NULL,NULL,9,3,2,3,1,1,2,2,6,3,N,NULL,Y,N,1241,1325,1400,N,NULL,44,7,0,N,,N,N,098-KY-1499-0,NULL,NULL,2022,O,7.28E+11,098-KY-1499  -000,HIGH,098-KY-1499  -000,0.533,0,0,0,0,0,0,0,0,0,0,0,1,0,0
4229,72612694,980100,2.02E+11,20210411,409,,US23,,,US0023,US0023,0,098 US-23,US0023,N,N,NULL,NULL,NULL,N,NULL,NULL,NULL,NULL,NULL,NULL,24.903,NULL,NULL,NULL,NULL,,NULL,0,0,1,1,N,N,55,NULL,98,9801,NULL,,Y,37.48719,-82.54146,N,NULL,NULL,NULL,NULL,NULL,NULL,NULL,NULL,9,3,4,3,1,1,3,5,7,3,N,NULL,Y,N,409,416,,N,NULL,38,,1,N,,N,N,098-US-0023-0,NULL,NULL,2021,O,7.26E+11,098-US-0023  -000,HIGH,098-US-0023  -000,24.903,0,0,0,0,0,0,1,0,0,0,0,0,0,1
4230,72466734,KSP0900,20-2821,20200122,850,,US23,,,US0023,US0023,0,098 US-23-10,US0023,N,N,NULL,NULL,NULL,N,NULL,NULL,NULL,NULL,NULL,NULL,29.025,NULL,NULL,NULL,NULL,,NULL,0,0,2,2,N,N,55,NULL,98,9807,NULL,,Y,37.52402,-82.57242,N,NULL,NULL,NULL,NULL,NULL,NULL,NULL,NULL,5,3,4,6,1,1,2,2,7,3,N,NULL,Y,N,850,900,936,N,NULL,49,,1,N,,N,N,098-US-0023-10,NULL,NULL,2020,O,7.25E+11,098-US-0023  -010,HIGH,098-US-0023  -000,29.025,0,0,0,1,0,0,0,0,0,0,0,0,0,0
4231,72672111,980100,2.02E+11,20210918,843,,HAROLDS BRANCH,,RD,,,0,098 CS-1223,CS1223,N,N,NULL,NULL,NULL,N,NULL,NULL,NULL,NULL,NULL,NULL,1.478,NULL,NULL,NULL,NULL,,NULL,0,0,1,1,N,Y,35,NULL,98,9801,NULL,,Y,37.4649,-82.49936,N,NULL,NULL,NULL,NULL,NULL,NULL,NULL,NULL,9,3,1,6,1,1,2,2,6,3,N,NULL,Y,N,843,847,847,N,NULL,70,,,N,,N,N,098-CS-1223-0,NULL,NULL,2021,O,7.27E+11,098-CS-1223  -000,HIGH,098-CS-1223  -000,1.478,0,0,0,0,0,0,1,0,0,0,0,1,0,1
4232,72488067,KSP0900,20-9848,20200315,815,,OWSLEY,,RD,KY1384,KY1384,0,098 KY-1384,KY1384,N,N,NULL,NULL,NULL,N,NULL,NULL,NULL,NULL,NULL,NULL,2.958,NULL,NULL,NULL,NULL,,NULL,1,0,1,1,N,N,35,NULL,98,9801,NULL,,Y,37.50638,-82.58865,N,NULL,NULL,NULL,NULL,NULL,NULL,NULL,NULL,9,3,2,3,1,5,6,2,7,3,N,NULL,Y,N,815,924,,N,NULL,44,,0,N,,N,N,098-KY-1384-0,NULL,NULL,2020,C,7.25E+11,098-KY-1384  -000,HIGH,098-KY-1384  -000,2.958,0,0,0,0,0,0,1,0,0,0,0,1,0,0
4233,72781589,980100,2.02E+11,20220710,1406,,US460,,,US0460,US0460,0,098 US-460,US0460,N,N,NULL,NULL,NULL,N,NULL,NULL,NULL,NULL,NULL,NULL,0.222,NULL,NULL,NULL,NULL,,NULL,2,0,2,2,N,N,55,NULL,98,9801,NULL,,Y,37.43933,-82.50941,N,NULL,NULL,NULL,NULL,NULL,NULL,NULL,NULL,4,3,2,6,1,5,6,2,7,3,Y,NULL,Y,Y,1406,1410,1410,Y,NULL,70,,1,N,,N,N,098-US-0460-0,NULL,NULL,2022,C,7.28E+11,098-US-0460  -000,HIGH,098-US-0460  -000,0.222,0,0,1,0,0,0,1,1,0,0,0,0,0,1
4234,72478233,980100,2.02E+11,20200219,1618,,2ND,,ST,,,,,,Y,N,NULL,NULL,NULL,N,NULL,NULL,NULL,NULL,NULL,NULL,0.131,NULL,NULL,NULL,NULL,,NULL,0,0,2,2,N,N,,NULL,98,9801,NULL,,Y,37.4819,-82.51684,N,NULL,NULL,NULL,NULL,NULL,NULL,NULL,NULL,6,97,,6,1,1,2,2,1,3,N,NULL,N,N,1618,1622,1622,N,NULL,90,,,N,,N,N,,NULL,NULL,2020,O,7.25E+11,098-CS-1117  -000,MEDIUM,098-CS-1117  -000,0.131,0,0,0,0,0,0,1,0,0,0,0,0,0,1
4235,72767255,KSP0900,22-198251,20220528,1243,,KY611,,,KY0611,KY0611,0,098 KY-611,KY0611,N,N,NULL,NULL,NULL,N,NULL,NULL,NULL,NULL,NULL,NULL,1.172,NULL,NULL,NULL,NULL,,NULL,0,0,2,2,N,N,35,NULL,98,9818,NULL,,Y,37.32413,-82.48238,N,NULL,NULL,NULL,NULL,NULL,NULL,NULL,NULL,3,3,2,2,1,5,3,2,6,3,N,NULL,Y,N,1243,1249,1315,N,NULL,52,8,0,N,,N,N,098-KY-0611-0,NULL,NULL,2022,O,7.28E+11,098-KY-0611  -000,HIGH,098-KY-0611  -000,1.172,0,0,0,0,0,0,0,0,0,0,0,1,0,0
4236,72485976,KSP0900,20-9173,20200310,725,,US460,,,US0460,US0460,0,098 US-460,US0460,N,N,NULL,NULL,NULL,N,NULL,NULL,NULL,NULL,NULL,NULL,14.37,NULL,NULL,NULL,NULL,,NULL,0,0,2,2,N,N,55,NULL,98,9805,NULL,,Y,37.3421,-82.37453,N,NULL,NULL,NULL,NULL,NULL,NULL,NULL,NULL,1,3,2,3,1,5,6,1,7,3,N,NULL,Y,N,720,745,,N,NULL,55,,1,Y,,N,N,098-US-0460-0,NULL,NULL,2020,O,7.25E+11,098-US-0460  -000,HIGH,098-US-0460  -000,14.37,0,0,0,0,0,0,1,0,0,0,0,0,0,0
4237,72649499,980200,980200,20210621,1705,,RIGHT FORK BEAVER,,CRK,,,0,098 CR-1606,CR1606,N,N,NULL,NULL,NULL,N,NULL,NULL,NULL,NULL,NULL,NULL,0.928,NULL,NULL,NULL,NULL,,NULL,0,0,2,2,N,N,35,NULL,98,9802,0.5,N,N,37.32449,-82.31256,N,NULL,NULL,NULL,NULL,NULL,NULL,NULL,NULL,7,3,1,3,1,1,2,2,6,3,N,NULL,Y,Y,1715,1721,1745,N,NULL,54,,,N,,N,N,098-CR-1606-0,NULL,NULL,2021,O,7.26E+11,098-CR-1606  -000,HIGH,098-CR-1606  -000,0.928,0,0,0,1,0,0,0,1,0,0,0,1,0,0
4238,72502004,KSP0900,20-17631,20200511,1530,,LEFT FORK ISLAND,,CRK,,,0,098 CR-1233Q3,CR1233Q3,N,N,NULL,NULL,NULL,N,NULL,NULL,NULL,NULL,NULL,NULL,0.644,NULL,NULL,NULL,NULL,,NULL,0,0,1,1,N,Y,55,NULL,98,9801,NULL,,Y,37.43362,-82.56531,N,NULL,NULL,NULL,NULL,NULL,NULL,NULL,NULL,9,3,2,6,1,1,2,2,7,3,N,NULL,N,N,1530,1545,1545,N,NULL,70,,,N,,N,N,098-CR-1233Q3-0,NULL,NULL,2020,O,7.25E+11,098-CR-1233Q3-000,HIGH,098-CR-1233Q3-000,0.644,0,0,1,0,0,0,0,0,0,0,0,1,0,0
4239,72786424,KSP0900,22-281387,20220724,340,,KY194,E,,KY0194,KY0194,,,,N,N,NULL,NULL,NULL,N,NULL,NULL,NULL,NULL,NULL,NULL,54.897,NULL,NULL,NULL,NULL,,NULL,0,0,1,1,N,N,35,NULL,98,9804,NULL,,Y,37.51154,-82.14814,N,NULL,NULL,NULL,NULL,NULL,NULL,NULL,NULL,9,3,2,6,1,1,2,7,7,3,N,NULL,N,Y,340,405,440,N,NULL,70,8,0,N,,N,N,,NULL,NULL,2022,O,7.28E+11,098-KY-0194  -000,HIGH,098-KY-0194  -000,54.897,0,0,0,0,0,0,0,0,0,1,0,1,0,0
4240,72753861,KSP0900,22-147017,20220422,1844,,VIRGIE,,RD,KY0610,KY0610,,,,Y,N,NULL,NULL,NULL,N,NULL,NULL,NULL,NULL,NULL,NULL,8.102,NULL,NULL,NULL,NULL,,NULL,0,0,2,2,N,N,15,NULL,98,9827,8,S,N,37.33913,-82.58878,N,NULL,NULL,NULL,NULL,NULL,NULL,NULL,NULL,2,97,1,6,1,1,2,2,1,3,N,NULL,Y,N,1844,1907,1907,N,NULL,90,7,0,N,,N,N,,NULL,NULL,2022,O,7.28E+11,098-KY-0610  -000,HIGH,098-KY-0610  -000,8.102,0,0,0,0,0,0,1,0,0,0,0,0,0,0
4241,72705077,KSP0900,21-494851,20211205,800,,US119,,,US0119,US0119,0,098 US-119,US0119,N,N,NULL,NULL,NULL,N,NULL,NULL,NULL,NULL,NULL,NULL,19.258,NULL,NULL,NULL,NULL,,NULL,1,0,1,1,N,N,55,NULL,98,9836,NULL,,Y,37.60483,-82.27312,N,NULL,NULL,NULL,NULL,NULL,NULL,NULL,NULL,9,5,2,6,1,1,2,2,7,3,Y,NULL,Y,Y,800,818,844,N,NULL,40,2,1,N,,N,N,098-US-0119-0,NULL,NULL,2021,C,7.27E+11,098-US-0119  -000,HIGH,098-US-0119  -000,19.258,0,0,0,0,0,0,1,0,0,1,0,1,0,0
4242,72762348,KSP0900,22-179617,20220515,1340,,KY194,,,KY0194,KY0194,0,098 KY-194,KY0194,N,N,NULL,NULL,NULL,N,NULL,NULL,NULL,NULL,NULL,NULL,57.738,NULL,NULL,NULL,NULL,,NULL,0,0,2,2,Y,N,35,NULL,98,9825,NULL,,Y,37.54039,-82.16164,N,NULL,NULL,NULL,NULL,NULL,NULL,NULL,NULL,7,3,2,6,1,1,2,2,7,3,N,NULL,Y,N,1340,1340,1340,N,NULL,54,7,0,N,,N,N,098-KY-0194-0,NULL,NULL,2022,O,7.28E+11,098-KY-0194  -000,HIGH,098-KY-0194  -000,57.738,0,0,0,0,0,0,0,0,0,0,0,1,0,0
4243,72720573,980500,2022AR003,20220114,1612,,MAYO TRAIL,S,,,,,,,N,N,NULL,NULL,NULL,N,NULL,NULL,NULL,NULL,NULL,NULL,,NULL,NULL,NULL,NULL,NULL,NULL,0,0,2,2,N,N,45,NULL,98,9807,NULL,,Y,37.51905,-82.56617,N,NULL,NULL,NULL,NULL,NULL,NULL,NULL,NULL,5,3,7,6,1,1,2,2,7,3,N,NULL,Y,Y,1615,1617,1625,N,NULL,70,,,N,,N,N,,NULL,NULL,2022,O,7.27E+11,098-CS-3000  -071,MEDIUM,098-CS-3000  -071,0.009,0,0,0,0,0,0,1,0,0,0,0,0,0,0
4244,72597826,980100,2.02E+11,20210224,1639,,KY3496,,,KY3496,KY3496,,,,Y,N,NULL,NULL,NULL,N,NULL,NULL,NULL,NULL,NULL,NULL,0.836,NULL,NULL,NULL,NULL,,NULL,0,0,2,2,N,N,10,NULL,98,9801,NULL,,Y,37.47205,-82.52885,N,NULL,NULL,NULL,NULL,NULL,NULL,NULL,NULL,2,97,2,6,1,1,2,2,1,3,N,NULL,N,N,1639,1640,1653,N,NULL,90,16,0,N,,N,N,,NULL,NULL,2021,O,7.26E+11,098-KY-3496  -000,HIGH,098-KY-3496  -000,0.836,0,0,1,0,0,0,1,0,0,0,0,0,0,1
4245,72588562,980000,21-01-007,20210118,1800,,US119 CROSSOVER,,,US0119,US0119,0,098 US-119-33,US0119,N,N,NULL,NULL,NULL,N,NULL,NULL,NULL,NULL,NULL,NULL,0.006,NULL,NULL,NULL,NULL,,NULL,0,0,2,2,N,N,55,NULL,98,9801,NULL,,Y,37.51239,-82.49973,N,NULL,NULL,NULL,NULL,NULL,NULL,NULL,NULL,8,3,2,6,1,1,2,6,7,3,N,NULL,Y,Y,1800,1800,1810,N,NULL,53,2,1,N,,N,N,098-US-0119-33,NULL,NULL,2021,O,7.26E+11,098-US-0119  -033,HIGH,098-US-0119  -033,0.006,0,0,1,0,0,0,0,0,0,0,0,1,0,1