OBJECTID,MasterFile,AgencyORINumber,LocalCode,CollisionDate,CollisionTime,CollisionDayWeekCode,RoadwayName,RoadwayName_Direction_,RoadwayName_RoadwaySuffix_,RoadwayfromReport,CurrentRoadwayNumber,RoadwayNumberCoupletID,RSEUniqueGIS,RoadwayIdentifier,ParkingLotIndicator,IntersectionWith_Indicator_,IntersectionWith_NameRoadway_,IntersectionWith_Direction_,IntersectionWith_RoadwaySuffix_,BetweenStreets_Indicator_,BetweenStreets1_NameRoadway_,BetweenStreet1_Direction_,BetweenStreets1_RoadwaySuffix_,BetweenStreets2_NameRoadway_,BetweenStreets2_Direction_,BetweenStreets2_RoadwaySuffix_,Milepoint,ReportMilepointDeriveNumber,CurrentDerivedMiepointNumber,MilestoMilepoint,FeettoMilepoint,DirectionfromMilepoint_NSEW_,ValidMilepointIndicator,NumberInjured,NumberKilled,ofUnits,ofMotorVehicleUnits,Hit&RunIndicator,OneWayIndicator,SpeedLimitNumber,KilometersIndicator,CountyCode,CityCountyCode,MilesFromCity,DirectionFromCity_NSEW_,InCityLimitsIndicator,Latitude,Longitude,RampIndicator,RampFromIdentifier,RampFromDirCode,RampFromCoupletID,RSEUniqueGISRampFrom,RampToidentifier,RampToDirCode,RampToCoupletID,RSEUniqueGisRampTo,MannerofCollisionCode,LocationFirstEventCode,TotalLanes,RoadwayCharacterCode,RoadwaySurfaceCode,RoadwayConditionCode,WeatherCode,LightConditionCode,LandUseCode,SchoolBusRelatedCode,FirstAidSceneIndicator,CollDescPresentInd,InvestigationCompleteIndicator,PhotosTakenIndicator,TimeNotified,TimeArrived,TimeRoadwayOpened,PropertyDamageIndicator,DiagramPresentIndicator,DirectionalAnalysis,FunctionClassCode,NationalHwySysCode,EnforcementsIndicator,KARSCityCode,SecondaryCollisionIndicator,MedianCrossoverIndicator,RT_UNIQUE,MapIt,TimeLastLeft,YR,KABCO,MFNY,WorkingRID,RT_CONFIDENCE,KTC_RT,KTC_MP,Motorcyclist,Commercial Vehicle,Young Driver,Mature Driver,Pedestrian,Bicyclist,Distracted,Aggressive,Impaired,Unrestrained,Intersection,Roadway Departure,Median Cross-over,City Crash
4246,72587302,KSP0900,21-1067,20210101,2009,,KY632,,,KY0632,KY0632,0,098 KY-632,KY0632,N,N,NULL,NULL,NULL,N,NULL,NULL,NULL,NULL,NULL,NULL,2.04,NULL,NULL,NULL,NULL,,NULL,2,0,1,1,N,N,55,NULL,98,9817,NULL,,Y,37.49187,-82.32111,N,NULL,NULL,NULL,NULL,NULL,NULL,NULL,NULL,9,3,2,6,1,5,2,6,7,3,Y,NULL,Y,Y,2011,2038,2028,N,NULL,44,6,0,N,,N,N,098-KY-0632-0,NULL,NULL,2021,C,7.26E+11,098-KY-0632  -000,HIGH,098-KY-0632  -000,2.04,0,0,0,0,0,0,0,0,0,0,0,1,0,0
4247,72776474,980100,2.02E+11,20220625,1454,,KY1426,,,KY1426,KY1426,0,098 KY-1426,KY1426,N,N,NULL,NULL,NULL,N,NULL,NULL,NULL,NULL,NULL,NULL,8.063,NULL,NULL,NULL,NULL,,NULL,0,0,1,1,N,N,55,NULL,98,9801,NULL,,Y,37.49194,-82.49116,N,NULL,NULL,NULL,NULL,NULL,NULL,NULL,NULL,9,3,2,1,1,5,6,2,7,3,N,NULL,Y,N,1454,1458,1514,N,NULL,70,,0,N,,N,N,098-KY-1426-0,NULL,NULL,2022,O,7.28E+11,098-KY-1426  -000,HIGH,098-KY-1426  -000,8.063,0,0,0,0,0,0,0,0,0,0,0,0,0,1
4248,72536024,KSP0900,2020-652201,20200816,922,,US119,,,US0119,US0119,0,098 US-119,US0119,N,N,NULL,NULL,NULL,N,NULL,NULL,NULL,NULL,NULL,NULL,14.014,NULL,NULL,NULL,NULL,,NULL,0,1,1,1,N,N,55,NULL,98,9833,NULL,,Y,37.6179,-82.3524,N,NULL,NULL,NULL,NULL,NULL,NULL,NULL,NULL,9,5,4,3,1,1,2,2,7,3,Y,NULL,N,Y,922,1030,922,N,NULL,51,2,1,N,,N,N,098-US-0119-0,NULL,NULL,2020,K,7.25E+11,098-US-0119  -000,HIGH,098-US-0119  -000,14.014,0,0,0,0,0,0,0,0,1,1,0,1,0,0
4249,72786163,980100,2.02E+11,20220714,704,,US460,,,US0460,US0460,,,,N,N,NULL,NULL,NULL,N,NULL,NULL,NULL,NULL,NULL,NULL,0.714,NULL,NULL,NULL,NULL,,NULL,0,0,1,1,N,N,45,NULL,98,9801,NULL,,Y,37.43391,-82.50705,N,NULL,NULL,NULL,NULL,NULL,NULL,NULL,NULL,9,5,2,6,1,1,2,1,7,3,N,NULL,N,N,704,704,750,N,NULL,40,,1,N,,N,N,,NULL,NULL,2022,O,7.28E+11,098-US-0460  -000,HIGH,098-US-0460  -000,0.714,0,0,0,0,0,0,0,0,0,0,0,1,0,0
4250,72671760,980100,2.02E+11,20210917,1245,,CASSIDY,,BLVD,,,0,098 CS-1191,CS1191,Y,N,NULL,NULL,NULL,N,NULL,NULL,NULL,NULL,NULL,NULL,0.049,NULL,NULL,NULL,NULL,,NULL,0,0,2,2,N,N,,NULL,98,9801,NULL,,Y,37.50368,-82.53296,N,NULL,NULL,NULL,NULL,NULL,NULL,NULL,NULL,2,97,1,6,1,1,2,2,1,3,N,NULL,Y,N,1246,1252,1253,N,NULL,90,,,N,,N,N,098-CS-1191-0,NULL,NULL,2021,O,7.27E+11,098-CS-1191  -000,HIGH,098-CS-1191  -000,0.049,0,0,0,0,0,0,1,0,0,0,0,0,0,1
4251,72558633,KSP0900,20-762917,20201029,1545,,BOARDTREE,,ST,,,0,098 CR-1828G,CR1828G,N,N,NULL,NULL,NULL,N,NULL,NULL,NULL,NULL,NULL,NULL,0.035,NULL,NULL,NULL,NULL,,NULL,0,0,1,1,Y,N,10,NULL,98,9804,NULL,,Y,37.53867,-82.16212,N,NULL,NULL,NULL,NULL,NULL,NULL,NULL,NULL,9,5,1,4,1,5,3,2,7,3,N,NULL,Y,N,1606,1659,1659,Y,NULL,40,,,N,,N,N,098-CR-1828G-0,NULL,NULL,2020,O,7.26E+11,098-CR-1828G -000,HIGH,098-CR-1828G -000,0.035,0,0,0,0,0,0,1,0,0,0,0,1,0,0
4252,72478114,980100,2.02E+11,20200207,,,CASSIDY BLVD,,,,,,,,Y,N,NULL,NULL,NULL,N,NULL,NULL,NULL,NULL,NULL,NULL,,NULL,NULL,NULL,NULL,NULL,NULL,0,0,2,2,Y,N,15,NULL,98,9801,NULL,,Y,37.50289,-82.53547,N,NULL,NULL,NULL,NULL,NULL,NULL,NULL,NULL,1,97,,6,1,1,3,,,,N,NULL,N,N,1334,1334,,N,NULL,90,,,N,,N,N,,NULL,NULL,2020,O,7.25E+11,098-CS-1191  -000,MEDIUM,098-CS-1191  -000,0.15,0,0,0,0,0,0,0,0,0,0,0,0,0,1
4253,72558364,KSP0900,20-762394,20201029,928,,KY1469,,,KY1469,KY1469,0,098 KY-1469,KY1469,N,N,NULL,NULL,NULL,N,NULL,NULL,NULL,NULL,NULL,NULL,5.247,NULL,NULL,NULL,NULL,,NULL,0,0,2,2,N,N,55,NULL,98,9827,5,W,N,37.29615,-82.66453,N,NULL,NULL,NULL,NULL,NULL,NULL,NULL,NULL,1,3,2,3,1,5,6,2,7,3,N,NULL,Y,N,928,951,955,N,NULL,55,8,0,N,,N,N,098-KY-1469-0,NULL,NULL,2020,O,7.26E+11,098-KY-1469  -000,HIGH,098-KY-1469  -000,5.247,0,0,0,1,0,0,0,1,0,0,0,0,0,0
4254,72643394,KSP0900,21-270683,20210701,1228,,US460,,,US0460,US0460,0,098 US-460,US0460,Y,N,NULL,NULL,NULL,N,NULL,NULL,NULL,NULL,NULL,NULL,9.195,NULL,NULL,NULL,NULL,,NULL,0,0,2,2,N,N,15,NULL,98,9802,NULL,,Y,37.36912,-82.41682,N,NULL,NULL,NULL,NULL,NULL,NULL,NULL,NULL,5,97,2,6,1,1,2,2,7,3,N,NULL,Y,N,1228,1240,1240,N,NULL,90,,1,N,,N,N,098-US-0460-0,NULL,NULL,2021,O,7.26E+11,098-US-0460  -000,HIGH,098-US-0460  -000,9.195,0,0,0,0,0,0,0,0,0,0,0,0,0,0
4255,72498716,980100,2.02E+11,20200430,1730,,KY1460,,,KY1460,KY1460,,,,N,N,NULL,NULL,NULL,N,NULL,NULL,NULL,NULL,NULL,NULL,7.02,NULL,NULL,NULL,NULL,,NULL,0,0,2,2,N,N,35,NULL,98,9801,NULL,,Y,37.48573,-82.54362,N,NULL,NULL,NULL,NULL,NULL,NULL,NULL,NULL,4,3,2,4,1,5,6,2,7,3,N,NULL,Y,N,1731,1732,1735,N,NULL,70,16,0,N,,N,N,,NULL,NULL,2020,O,7.25E+11,098-KY-1460  -000,HIGH,098-KY-1460  -000,7.02,0,0,1,1,0,0,1,1,0,0,0,0,0,1
4256,72704389,KSP0900,21-491068,20211202,1712,,KY632,,,KY0632,KY0632,0,098 KY-632,KY0632,N,N,NULL,NULL,NULL,N,NULL,NULL,NULL,NULL,NULL,NULL,13.72,NULL,NULL,NULL,NULL,,NULL,0,0,2,2,N,N,35,NULL,98,9804,NULL,,Y,37.5128,-82.15713,N,NULL,NULL,NULL,NULL,NULL,NULL,NULL,NULL,4,3,2,6,1,1,2,2,7,3,N,NULL,Y,N,1712,1750,1750,N,NULL,70,6,0,N,,N,N,098-KY-0632-0,NULL,NULL,2021,O,7.27E+11,098-KY-0632  -000,HIGH,098-KY-0632  -000,13.72,0,0,0,0,0,0,1,0,0,0,0,0,0,0
4257,72630862,980100,2.02E+11,20210528,1322,,BYPASS,,RD,,,0,098 CS-1223,CS1223,Y,N,NULL,NULL,NULL,N,NULL,NULL,NULL,NULL,NULL,NULL,,NULL,NULL,NULL,NULL,NULL,NULL,0,0,2,2,N,N,,NULL,98,9801,NULL,,Y,37.47128,-82.52117,N,NULL,NULL,NULL,NULL,NULL,NULL,NULL,NULL,1,97,1,6,2,1,2,2,1,3,N,NULL,Y,N,1322,1326,1327,N,NULL,90,,,N,,N,N,098-CS-1223-0,NULL,NULL,2021,O,7.26E+11,098-CS-1223  -000,HIGH,098-CS-1223  -000,0.135,0,0,0,1,0,0,1,0,0,0,0,0,0,1
4258,72505436,KSP0900,20-20032,20200527,2257,,US23,,,US0023,US0023,0,098 US-23,US0023,N,N,NULL,NULL,NULL,N,NULL,NULL,NULL,NULL,NULL,NULL,12.541,NULL,NULL,NULL,NULL,,NULL,0,0,1,1,N,N,55,NULL,98,9827,1,S,N,37.36882,-82.5478,N,NULL,NULL,NULL,NULL,NULL,NULL,NULL,NULL,9,3,4,1,1,1,2,4,1,3,N,NULL,Y,Y,2300,2319,,N,NULL,40,,1,N,,N,N,098-US-0023-0,NULL,NULL,2020,O,7.25E+11,098-US-0023  -000,HIGH,098-US-0023  -000,12.541,0,0,0,0,0,0,0,0,0,0,0,1,1,0
4259,72621208,KSP0900,21-168203,20210427,1330,,US119,,,US0119,US0119,0,098 US-119-10,US0119,N,Y,HILLCREST,,AVE,N,NULL,NULL,NULL,NULL,NULL,NULL,20.929,NULL,NULL,NULL,NULL,,NULL,1,0,3,3,N,N,35,NULL,98,9836,NULL,,Y,37.6207,-82.26859,N,NULL,NULL,NULL,NULL,NULL,NULL,NULL,NULL,1,97,4,6,1,1,2,2,7,3,Y,NULL,Y,Y,1333,1355,1330,N,NULL,6,2,1,N,,N,Y,098-US-0119-10,NULL,NULL,2021,B,7.26E+11,098-US-0119  -010,HIGH,098-US-0119  -000,20.929,0,0,0,1,0,0,1,0,0,0,1,0,0,0
4260,72590548,980100,2.02E+11,20210129,1241,,US23,,,US0023,US0023,0,098 US-23,US0023,N,N,NULL,NULL,NULL,N,NULL,NULL,NULL,NULL,NULL,NULL,21.447,NULL,NULL,NULL,NULL,,NULL,0,0,2,2,N,N,55,NULL,98,9801,NULL,,Y,37.45113,-82.52385,N,NULL,NULL,NULL,NULL,NULL,NULL,NULL,NULL,8,3,4,6,1,1,2,2,7,3,N,NULL,Y,N,1241,1253,1253,N,NULL,53,,1,N,,N,N,098-US-0023-0,NULL,NULL,2021,O,7.26E+11,098-US-0023  -000,HIGH,098-US-0023  -000,21.447,0,0,0,0,0,0,1,0,0,0,0,1,0,1
4261,72620824,KSP0900,21-178989,20210504,1223,,US119,,,US0119,US0119,0,098 US-119,US0119,Y,N,NULL,NULL,NULL,N,NULL,NULL,NULL,NULL,NULL,NULL,0.504,NULL,NULL,NULL,NULL,,NULL,0,0,2,2,N,N,55,NULL,98,9801,NULL,,Y,37.50636,-82.52358,N,NULL,NULL,NULL,NULL,NULL,NULL,NULL,NULL,2,97,2,6,1,5,6,2,7,3,N,NULL,Y,N,1223,1240,1240,N,NULL,90,2,1,N,,N,N,098-US-0119-0,NULL,NULL,2021,O,7.26E+11,098-US-0119  -000,HIGH,098-US-0119  -000,0.504,0,0,0,0,0,0,1,0,0,0,0,0,0,1
4262,72708137,KSP0900,21-495847,20211205,2246,,ASHCAMP,,RD,KY0195,KY0195,0,098 KY-195,KY0195,N,N,NULL,NULL,NULL,N,NULL,NULL,NULL,NULL,NULL,NULL,1.087,NULL,NULL,NULL,NULL,,NULL,0,0,2,2,Y,N,55,NULL,98,9802,NULL,,Y,37.27593,-82.44715,N,NULL,NULL,NULL,NULL,NULL,NULL,NULL,NULL,7,3,1,3,1,1,2,6,7,3,N,NULL,Y,N,2229,2340,,N,NULL,54,8,0,N,,N,N,098-KY-0195-0,NULL,NULL,2021,O,7.27E+11,098-KY-0195  -000,HIGH,098-KY-0195  -000,1.087,0,0,0,0,0,0,1,0,0,0,0,1,0,0
4263,72567788,980100,2.02E+11,20201122,1838,,US23,,,US0023,US0023,,,,N,N,NULL,NULL,NULL,N,NULL,NULL,NULL,NULL,NULL,NULL,30.19,NULL,NULL,NULL,NULL,,NULL,0,0,1,1,N,N,55,NULL,98,9801,NULL,,Y,37.53932,-82.58137,N,NULL,NULL,NULL,NULL,NULL,NULL,NULL,NULL,9,3,4,6,1,5,6,7,1,3,N,NULL,Y,N,1840,1851,1851,N,NULL,38,,1,N,,N,N,,NULL,NULL,2020,O,7.26E+11,098-US-0023  -000,MEDIUM,098-US-0023  -000,30.19,0,0,0,0,0,0,0,0,0,0,0,0,0,1
4264,72588715,980100,2.02E+11,20210122,708,,BYPASS,S,RD,KY1426,KY1426,,,,N,N,NULL,NULL,NULL,N,NULL,NULL,NULL,NULL,NULL,NULL,6.498,NULL,NULL,NULL,NULL,,NULL,0,0,2,2,N,N,45,NULL,98,9801,NULL,,Y,37.48164,-82.51412,N,NULL,NULL,NULL,NULL,NULL,NULL,NULL,NULL,5,3,2,6,1,1,2,2,7,3,N,NULL,Y,N,708,710,710,N,NULL,49,,0,N,,N,N,,NULL,NULL,2021,O,7.26E+11,098-KY-1426  -000,HIGH,098-KY-1426  -000,6.498,0,0,0,1,0,0,1,0,0,0,0,0,0,1
4265,72773278,980100,2.02E+11,20220609,1146,,US23,,,US0023,US0023,0,098 US-23-10,US0023,N,N,NULL,NULL,NULL,N,NULL,NULL,NULL,NULL,NULL,NULL,30.439,NULL,NULL,NULL,NULL,,NULL,0,0,2,2,N,N,55,NULL,98,9801,NULL,,Y,37.54203,-82.58414,N,NULL,NULL,NULL,NULL,NULL,NULL,NULL,NULL,1,3,4,3,1,1,2,2,7,3,N,NULL,Y,N,1146,1158,,N,NULL,55,,1,N,,N,N,098-US-0023-10,NULL,NULL,2022,O,7.28E+11,098-US-0023  -010,HIGH,098-US-0023  -000,30.439,0,0,0,0,0,0,1,0,0,0,0,0,0,1
4266,72833464,980100,2.02E+11,20221123,1457,,CASSIDY,,BLVD,,,0,098 CS-1191,CS1191,Y,N,NULL,NULL,NULL,N,NULL,NULL,NULL,NULL,NULL,NULL,0.209,NULL,NULL,NULL,NULL,,NULL,0,0,2,2,N,N,20,NULL,98,9801,NULL,,Y,37.50412,-82.53536,N,NULL,NULL,NULL,NULL,NULL,NULL,NULL,NULL,2,97,,6,1,1,2,2,5,3,N,NULL,Y,N,1458,1506,1506,N,NULL,90,,,N,,N,N,098-CS-1191-0,NULL,NULL,2022,O,7.28E+11,098-CS-1191  -000,HIGH,098-CS-1191  -000,0.209,0,0,0,0,0,0,1,0,0,1,0,0,0,1
4267,72642329,KSP0900,21-262973,20210626,1110,,US119,,,US0119,US0119,0,098 US-119,US0119,N,N,NULL,NULL,NULL,N,NULL,NULL,NULL,NULL,NULL,NULL,7.654,NULL,NULL,NULL,NULL,,NULL,1,0,1,1,N,N,55,NULL,98,9820,NULL,,Y,37.55461,-82.42728,N,NULL,NULL,NULL,NULL,NULL,NULL,NULL,NULL,9,5,2,1,1,1,2,2,7,3,Y,NULL,Y,Y,1110,1120,1258,Y,NULL,40,2,1,N,,N,N,098-US-0119-0,NULL,NULL,2021,A,7.26E+11,098-US-0119  -000,HIGH,098-US-0119  -000,7.654,0,0,0,1,0,0,0,0,0,1,0,1,0,0
4268,72576974,KSP0900,20-830170,20201215,2134,,FLEMING,,BR,,,0,098 CR-1950,CR1950,N,N,NULL,NULL,NULL,N,NULL,NULL,NULL,NULL,NULL,NULL,0.188,NULL,NULL,NULL,NULL,,NULL,0,0,2,2,N,N,5,NULL,98,9809,NULL,,Y,37.27418,-82.57364,N,NULL,NULL,NULL,NULL,NULL,NULL,NULL,NULL,2,97,1,6,1,1,2,6,5,3,N,NULL,Y,N,2134,2206,2230,N,NULL,47,,,N,,N,N,098-CR-1950-0,NULL,NULL,2020,O,7.26E+11,098-CR-1950  -000,HIGH,098-CR-1950  -000,0.188,0,0,0,0,0,0,0,0,0,0,0,0,0,0
4269,72585896,980100,2.02E+11,20210118,1251,,US23,,,US0023,US0023,0,098 US-23,US0023,N,N,NULL,NULL,NULL,N,NULL,NULL,NULL,NULL,NULL,NULL,19.183,NULL,NULL,NULL,NULL,,NULL,0,0,2,2,N,N,15,NULL,98,9801,NULL,,Y,37.44302,-82.50583,N,NULL,NULL,NULL,NULL,NULL,NULL,NULL,NULL,2,97,2,6,1,5,3,2,7,3,N,NULL,Y,N,1251,1256,1251,N,NULL,56,,1,N,,N,N,098-US-0023-0,NULL,NULL,2021,O,7.26E+11,098-US-0023  -000,HIGH,098-US-0023  -000,19.183,0,0,0,1,0,0,1,0,0,0,0,0,0,1
4270,72696329,KSP0900,21-411828,20211005,1812,,FERRELLS CREEK,,RD,US0460,US0460,0,098 US-460,US0460,N,N,NULL,NULL,NULL,N,NULL,NULL,NULL,NULL,NULL,NULL,21.147,NULL,NULL,NULL,NULL,,NULL,1,0,1,1,N,N,55,NULL,98,9847,NULL,,Y,37.375,-82.27528,N,NULL,NULL,NULL,NULL,NULL,NULL,NULL,NULL,9,5,2,4,1,1,2,2,7,3,Y,NULL,Y,Y,1817,1837,,N,NULL,51,,1,N,,N,N,098-US-0460-0,NULL,NULL,2021,C,7.27E+11,098-US-0460  -000,HIGH,098-US-0460  -000,21.147,0,0,0,0,0,0,0,0,0,0,0,1,0,0
4271,72777054,980200,980200,20220627,1000,,ELKHORN,,CRK,KY0197,KY0197,0,098 KY-197,KY0197,N,N,NULL,NULL,NULL,N,NULL,NULL,NULL,NULL,NULL,NULL,0.472,NULL,NULL,NULL,NULL,,NULL,1,0,1,1,N,N,55,NULL,98,9867,15.5,S,N,37.21661,-82.55155,N,NULL,NULL,NULL,NULL,NULL,NULL,NULL,NULL,9,4,2,1,1,5,3,2,7,3,Y,NULL,Y,Y,1000,1000,1116,N,NULL,51,7,0,N,,N,Y,098-KY-0197-0,NULL,NULL,2022,B,7.28E+11,098-KY-0197  -000,HIGH,098-KY-0197  -000,0.472,0,0,0,0,0,0,0,0,0,0,0,1,0,0
4272,72771190,KSP0900,22-216954,20220609,2225,,POPLAR FORK WOODMAN,,RD,KY2059,KY2059,0,098 KY-2059,KY2059,N,N,NULL,NULL,NULL,N,NULL,NULL,NULL,NULL,NULL,NULL,3.167,NULL,NULL,NULL,NULL,,NULL,0,0,1,1,N,N,35,NULL,98,9825,NULL,,Y,37.52598,-82.05782,N,NULL,NULL,NULL,NULL,NULL,NULL,NULL,NULL,9,3,2,6,1,1,2,6,7,3,N,NULL,N,N,2225,2241,2241,N,NULL,38,9,0,N,,N,N,098-KY-2059-0,NULL,NULL,2022,O,7.28E+11,098-KY-2059  -000,HIGH,098-KY-2059  -000,3.167,0,0,0,0,0,0,0,0,0,0,0,1,0,0
4273,72671655,980000,9821-0003,20210916,1607,,CHLOE,,RD,KY1460,KY1460,0,098 KY-1460,KY1460,N,N,NULL,NULL,NULL,N,NULL,NULL,NULL,NULL,NULL,NULL,2.162,NULL,NULL,NULL,NULL,,NULL,0,0,2,2,N,N,45,NULL,98,9801,NULL,,Y,37.46085,-82.47825,N,NULL,NULL,NULL,NULL,NULL,NULL,NULL,NULL,8,3,2,4,1,1,3,2,1,3,N,NULL,Y,Y,1607,1625,1625,N,NULL,53,,0,N,,N,N,098-KY-1460-0,NULL,NULL,2021,O,7.27E+11,098-KY-1460  -000,HIGH,098-KY-1460  -000,2.162,0,0,0,1,0,0,0,0,0,0,0,1,0,0
4274,72628479,KSP0900,21-194473,20210514,442,,ELKHORN,,CRK,KY0197,KY0197,0,098 KY-197,KY0197,N,N,NULL,NULL,NULL,N,NULL,NULL,NULL,NULL,NULL,NULL,9.526,NULL,NULL,NULL,NULL,,NULL,0,0,1,1,N,N,45,NULL,98,9801,NULL,,Y,37.26472,-82.43698,N,NULL,NULL,NULL,NULL,NULL,NULL,NULL,NULL,9,3,2,6,1,1,2,6,7,3,N,NULL,N,N,410,434,434,N,NULL,70,7,0,N,,N,N,098-KY-0197-0,NULL,NULL,2021,O,7.26E+11,098-KY-0197  -000,HIGH,098-KY-0197  -000,9.526,0,0,0,0,0,0,0,0,1,0,0,1,0,0
4275,72616612,980100,2.02E+11,20210410,2245,,US23,,,US0023,US0023,0,098 US-23,US0023,N,N,NULL,NULL,NULL,N,NULL,NULL,NULL,NULL,NULL,NULL,19.406,NULL,NULL,NULL,NULL,,NULL,1,0,1,1,N,N,55,NULL,98,9801,NULL,,Y,37.44612,-82.50465,N,NULL,NULL,NULL,NULL,NULL,NULL,NULL,NULL,9,5,4,6,1,5,3,5,7,3,Y,NULL,N,Y,2245,2250,321,N,NULL,44,,1,N,,N,N,098-US-0023-0,NULL,NULL,2021,A,7.26E+11,098-US-0023  -000,HIGH,098-US-0023  -000,19.406,0,0,0,0,0,0,0,0,1,0,0,1,0,1
4276,72699265,980200,980200,20211118,1758,,KY80,,,KY0080,KY0080,0,098 KY-80,KY0080,N,N,NULL,NULL,NULL,N,NULL,NULL,NULL,NULL,NULL,NULL,0.874,NULL,NULL,NULL,NULL,,NULL,3,0,5,5,N,N,55,NULL,98,9802,2.5,W,N,37.33064,-82.36886,N,NULL,NULL,NULL,NULL,NULL,NULL,NULL,NULL,7,3,2,3,1,5,3,6,7,3,Y,NULL,N,Y,1759,1803,2041,N,NULL,54,7,5,N,,N,Y,098-KY-0080-0,NULL,NULL,2021,A,7.27E+11,098-KY-0080  -000,HIGH,098-KY-0080  -000,0.873,0,0,0,1,0,0,0,0,0,1,0,1,1,0
4277,72547427,KSP0900,20-714029,20200925,1538,,GREASY,,CRK,KY3226,KY3226,0,098 KY-3226,KY3226,N,N,NULL,NULL,NULL,N,NULL,NULL,NULL,NULL,NULL,NULL,1.195,NULL,NULL,NULL,NULL,,NULL,0,0,2,2,N,N,35,NULL,98,9824,NULL,,Y,37.39397,-82.46725,N,NULL,NULL,NULL,NULL,NULL,NULL,NULL,NULL,1,3,2,3,1,5,2,2,7,3,N,NULL,Y,N,1544,1604,,N,NULL,55,8,0,N,,N,N,098-KY-3226-0,NULL,NULL,2020,O,7.25E+11,098-KY-3226  -000,HIGH,098-KY-3226  -000,1.195,0,0,0,0,0,0,0,0,0,0,0,0,0,0
4278,72510368,980100,2.02E+11,20200610,1533,,CASSIDY,,BLVD,,,,,,Y,N,NULL,NULL,NULL,N,NULL,NULL,NULL,NULL,NULL,NULL,0.161,NULL,NULL,NULL,NULL,,NULL,0,0,2,2,N,N,,NULL,98,9801,NULL,,Y,37.5037,-82.53468,N,NULL,NULL,NULL,NULL,NULL,NULL,NULL,NULL,2,97,2,6,1,1,2,2,1,3,N,NULL,Y,N,1553,1600,,N,NULL,90,,,Y,,N,N,,NULL,NULL,2020,O,7.25E+11,098-CS-1191  -000,LOW,098-CS-1191  -000,0.161,0,0,1,0,0,0,1,0,0,0,0,0,0,1
4279,72601741,980100,2.02E+11,20210308,1823,,THOMPSON,,RD,,,0,098 CS-1215,CS1215,Y,N,NULL,NULL,NULL,N,NULL,NULL,NULL,NULL,NULL,NULL,0.512,NULL,NULL,NULL,NULL,,NULL,0,0,2,2,N,N,,NULL,98,9801,NULL,,Y,37.50598,-82.54346,N,NULL,NULL,NULL,NULL,NULL,NULL,NULL,NULL,8,97,,6,1,1,2,2,1,3,N,NULL,Y,N,1823,1835,1850,N,NULL,90,,,N,,N,N,098-CS-1215-0,NULL,NULL,2021,O,7.26E+11,098-CS-1215  -000,HIGH,098-CS-1215  -000,0.512,0,0,0,0,0,0,1,0,0,0,0,0,0,1
4280,72538344,980100,2.02E+11,20200831,1316,,CASSIDY,,BLVD,,,,,,Y,N,NULL,NULL,NULL,N,NULL,NULL,NULL,NULL,NULL,NULL,0.191,NULL,NULL,NULL,NULL,,NULL,0,0,2,2,N,N,15,NULL,98,9801,NULL,,Y,37.50396,-82.5351,N,NULL,NULL,NULL,NULL,NULL,NULL,NULL,NULL,2,97,1,6,1,1,3,2,1,3,N,NULL,Y,N,1316,1320,1320,N,NULL,90,,,N,,N,N,,NULL,NULL,2020,O,7.25E+11,098-CS-1191  -000,LOW,098-CS-1191  -000,0.191,0,0,0,0,0,0,1,0,0,0,0,0,0,1
4281,72712515,KSP0900,21-496116,20211206,700,,STATE HIGHWAY 292,E,,,,0,098 CR-1061,CR1061,N,N,NULL,NULL,NULL,N,NULL,NULL,NULL,NULL,NULL,NULL,0.308,NULL,NULL,NULL,NULL,,NULL,0,0,1,1,N,N,35,NULL,98,9893,NULL,,Y,37.62473,-82.21329,N,NULL,NULL,NULL,NULL,NULL,NULL,NULL,NULL,9,3,1,3,1,5,3,6,7,3,N,NULL,Y,N,700,720,830,N,NULL,70,,,N,,N,N,098-CR-1061-0,NULL,NULL,2021,O,7.27E+11,098-CR-1061  -000,HIGH,098-CR-1061  -000,0.308,0,0,0,0,0,0,1,0,0,0,0,1,0,0
4282,72553943,KSP0900,20-716356,20200927,630,,US460,,,US0460,US0460,0,098 US-460,US0460,N,N,NULL,NULL,NULL,N,NULL,NULL,NULL,NULL,NULL,NULL,1.804,NULL,NULL,NULL,NULL,,NULL,0,0,1,1,N,N,55,NULL,98,9824,NULL,,Y,37.43079,-82.495,N,NULL,NULL,NULL,NULL,NULL,NULL,NULL,NULL,9,3,2,6,1,1,2,6,7,3,N,NULL,N,N,630,720,720,N,NULL,44,,1,Y,,N,N,098-US-0460-0,NULL,NULL,2020,O,7.26E+11,098-US-0460  -000,HIGH,098-US-0460  -000,1.804,0,0,0,0,0,0,0,0,1,0,0,1,0,0
4283,72473003,980100,2.02E+11,20200206,1831,,CASSIDY,,BLVD,,,0,098 CS-1191,CS1191,Y,N,NULL,NULL,NULL,N,NULL,NULL,NULL,NULL,NULL,NULL,,NULL,NULL,NULL,NULL,,NULL,0,0,2,2,Y,N,10,NULL,98,9801,NULL,,Y,37.50455,-82.5379,N,NULL,NULL,NULL,NULL,NULL,NULL,NULL,NULL,,7,,,1,5,6,5,1,3,N,NULL,Y,N,1831,1843,1843,N,NULL,90,,,N,,N,N,098-CS-1191-0,NULL,NULL,2020,O,7.25E+11,098-CS-1191  -000,HIGH,098-CS-1191  -000,0.387,0,0,0,0,0,0,0,0,0,0,0,0,0,1