OBJECTID,MasterFile,AgencyORINumber,LocalCode,CollisionDate,CollisionTime,CollisionDayWeekCode,RoadwayName,RoadwayName_Direction_,RoadwayName_RoadwaySuffix_,RoadwayfromReport,CurrentRoadwayNumber,RoadwayNumberCoupletID,RSEUniqueGIS,RoadwayIdentifier,ParkingLotIndicator,IntersectionWith_Indicator_,IntersectionWith_NameRoadway_,IntersectionWith_Direction_,IntersectionWith_RoadwaySuffix_,BetweenStreets_Indicator_,BetweenStreets1_NameRoadway_,BetweenStreet1_Direction_,BetweenStreets1_RoadwaySuffix_,BetweenStreets2_NameRoadway_,BetweenStreets2_Direction_,BetweenStreets2_RoadwaySuffix_,Milepoint,ReportMilepointDeriveNumber,CurrentDerivedMiepointNumber,MilestoMilepoint,FeettoMilepoint,DirectionfromMilepoint_NSEW_,ValidMilepointIndicator,NumberInjured,NumberKilled,ofUnits,ofMotorVehicleUnits,Hit&RunIndicator,OneWayIndicator,SpeedLimitNumber,KilometersIndicator,CountyCode,CityCountyCode,MilesFromCity,DirectionFromCity_NSEW_,InCityLimitsIndicator,Latitude,Longitude,RampIndicator,RampFromIdentifier,RampFromDirCode,RampFromCoupletID,RSEUniqueGISRampFrom,RampToidentifier,RampToDirCode,RampToCoupletID,RSEUniqueGisRampTo,MannerofCollisionCode,LocationFirstEventCode,TotalLanes,RoadwayCharacterCode,RoadwaySurfaceCode,RoadwayConditionCode,WeatherCode,LightConditionCode,LandUseCode,SchoolBusRelatedCode,FirstAidSceneIndicator,CollDescPresentInd,InvestigationCompleteIndicator,PhotosTakenIndicator,TimeNotified,TimeArrived,TimeRoadwayOpened,PropertyDamageIndicator,DiagramPresentIndicator,DirectionalAnalysis,FunctionClassCode,NationalHwySysCode,EnforcementsIndicator,KARSCityCode,SecondaryCollisionIndicator,MedianCrossoverIndicator,RT_UNIQUE,MapIt,TimeLastLeft,YR,KABCO,MFNY,WorkingRID,RT_CONFIDENCE,KTC_RT,KTC_MP,Motorcyclist,Commercial Vehicle,Young Driver,Mature Driver,Pedestrian,Bicyclist,Distracted,Aggressive,Impaired,Unrestrained,Intersection,Roadway Departure,Median Cross-over,City Crash
4284,72627781,KSP0900,21-208379,20210522,1930,,KY194,,,KY0194,KY0194,0,098 KY-194,KY0194,N,N,NULL,NULL,NULL,N,NULL,NULL,NULL,NULL,NULL,NULL,18.758,NULL,NULL,NULL,NULL,,NULL,1,0,1,1,N,N,45,NULL,98,9817,NULL,,Y,37.55906,-82.41627,N,NULL,NULL,NULL,NULL,NULL,NULL,NULL,NULL,9,4,2,1,1,1,2,2,7,3,Y,NULL,Y,Y,1900,1925,2030,N,NULL,44,6,5,N,,N,N,098-KY-0194-0,NULL,NULL,2021,A,7.26E+11,098-KY-0194  -000,HIGH,098-KY-0194  -000,18.758,1,0,0,0,0,0,1,0,0,0,0,1,0,0
4285,72627914,980100,2.02E+11,20210327,2037,,CASSIDY,,BLVD,,,0,098 CS-1191,CS1191,Y,N,NULL,NULL,NULL,N,NULL,NULL,NULL,NULL,NULL,NULL,0.334,NULL,NULL,NULL,NULL,,NULL,0,0,1,1,N,N,,NULL,98,9801,NULL,,Y,37.50526,-82.53757,N,NULL,NULL,NULL,NULL,NULL,NULL,NULL,NULL,9,97,,6,1,1,2,8,5,3,N,NULL,Y,N,2037,2044,2129,N,NULL,90,,,N,,N,N,098-CS-1191-0,NULL,NULL,2021,O,7.26E+11,098-CS-1191  -000,HIGH,098-CS-1191  -000,0.334,0,0,0,0,0,0,0,0,0,0,0,0,0,1
4286,72798973,KSP0900,22-325804,20220823,702,,US460,,,US0460,US0460,0,098 US-460,US0460,N,N,NULL,NULL,NULL,N,NULL,NULL,NULL,NULL,NULL,NULL,8.079,NULL,NULL,NULL,NULL,,NULL,0,0,2,2,N,N,45,NULL,98,9830,NULL,,Y,37.37761,-82.43353,N,NULL,NULL,NULL,NULL,NULL,NULL,NULL,NULL,7,3,2,1,1,1,2,2,7,3,N,NULL,Y,Y,703,740,805,N,NULL,54,,1,N,,N,N,098-US-0460-0,NULL,NULL,2022,O,7.28E+11,098-US-0460  -000,HIGH,098-US-0460  -000,8.079,0,0,0,0,0,0,1,0,0,0,0,1,0,0
4287,72738117,KSP0900,22-68455,20220224,1513,,US119,,,US0119,US0119,,,,N,N,NULL,NULL,NULL,N,NULL,NULL,NULL,NULL,NULL,NULL,25.332,NULL,NULL,NULL,NULL,,NULL,1,0,2,2,N,N,55,NULL,98,9834,NULL,,Y,37.67222,-82.28058,N,NULL,NULL,NULL,NULL,NULL,NULL,NULL,NULL,8,3,4,6,1,5,6,2,7,3,N,NULL,Y,Y,1546,1546,1613,N,NULL,53,2,1,N,,N,N,,NULL,NULL,2022,C,7.27E+11,098-US-0119  -000,MEDIUM,098-US-0119  -000,25.332,0,0,0,0,0,0,0,0,0,0,0,1,0,0
4288,72791035,980100,2.02E+11,20220801,1707,,CASSIDY,,BLVD,,,0,098 CS-1191,CS1191,Y,N,NULL,NULL,NULL,N,NULL,NULL,NULL,NULL,NULL,NULL,0.367,NULL,NULL,NULL,NULL,,NULL,0,0,2,2,Y,N,,NULL,98,9801,NULL,,Y,37.50504,-82.53815,N,NULL,NULL,NULL,NULL,NULL,NULL,NULL,NULL,8,97,,6,1,1,2,2,1,3,N,NULL,Y,N,1707,1708,1708,N,NULL,90,,,N,,N,N,098-CS-1191-0,NULL,NULL,2022,O,7.28E+11,098-CS-1191  -000,HIGH,098-CS-1191  -000,0.367,0,0,0,0,0,0,1,0,0,0,0,0,0,1
4289,72777900,KSP0900,22-235688,20220622,1422,,STONE COAL CREEK,,RD,KY3227,KY3227,0,098 KY-3227,KY3227,N,N,NULL,NULL,NULL,N,NULL,NULL,NULL,NULL,NULL,NULL,3.637,NULL,NULL,NULL,NULL,,NULL,0,0,2,2,N,N,35,NULL,98,9801,4,W,N,37.54152,-82.51064,N,NULL,NULL,NULL,NULL,NULL,NULL,NULL,NULL,7,3,2,6,1,1,2,2,7,3,N,NULL,Y,N,1446,1510,1515,N,NULL,54,8,0,N,,N,N,098-KY-3227-0,NULL,NULL,2022,O,7.28E+11,098-KY-3227  -000,HIGH,098-KY-3227  -000,3.637,0,0,0,0,0,0,0,0,0,0,0,1,0,0
4290,72760340,KSP0900,2022-168318,20220507,1245,,REGINA-BELCHER,,HWY,US0460,US0460,0,098 US-460,US0460,N,Y,JIMMIES CREEK,,RD,N,NULL,NULL,NULL,NULL,NULL,NULL,9.969,NULL,NULL,NULL,NULL,,NULL,5,0,2,2,N,N,45,NULL,98,9822,NULL,,Y,37.3622,-82.40707,N,NULL,NULL,NULL,NULL,NULL,NULL,NULL,NULL,1,3,2,6,1,5,6,2,7,3,Y,NULL,Y,Y,1245,124,1625,Y,NULL,10,,1,N,,N,N,098-US-0460-0,NULL,NULL,2022,C,7.28E+11,098-US-0460  -000,HIGH,098-US-0460  -000,9.969,0,0,0,0,0,0,0,1,0,1,1,0,0,0
4291,72580520,370200,2020-819761,20201208,830,,KY195,,,KY0195,KY0195,0,098 KY-195,KY0195,N,N,NULL,NULL,NULL,N,NULL,NULL,NULL,NULL,NULL,NULL,5.044,NULL,NULL,NULL,NULL,,NULL,0,0,1,1,N,N,35,NULL,98,9802,NULL,,Y,37.31401,-82.47291,N,NULL,NULL,NULL,NULL,NULL,NULL,NULL,NULL,9,5,2,1,1,1,3,2,7,3,N,NULL,Y,N,845,921,1501,Y,NULL,40,8,0,N,,N,N,098-KY-0195-0,NULL,NULL,2020,O,7.26E+11,098-KY-0195  -000,HIGH,098-KY-0195  -000,5.044,0,1,0,0,0,0,0,0,0,0,0,1,0,0
4292,72661330,KSP0900,21-346644,20210820,523,,US460,,,US0460,US0460,0,098 US-460,US0460,N,N,NULL,NULL,NULL,N,NULL,NULL,NULL,NULL,NULL,NULL,6.024,NULL,NULL,NULL,NULL,,NULL,0,0,1,1,N,N,55,NULL,98,9824,NULL,,Y,37.40324,-82.43472,N,NULL,NULL,NULL,NULL,NULL,NULL,NULL,NULL,9,7,2,6,1,8,6,2,7,3,N,NULL,Y,N,523,640,523,N,NULL,40,,1,N,,N,N,098-US-0460-0,NULL,NULL,2021,O,7.27E+11,098-US-0460  -000,HIGH,098-US-0460  -000,6.024,0,0,0,0,0,0,0,0,0,0,0,1,0,0
4293,72643599,KSP0900,21-272711,20210702,1747,,US119,,,US0119,US0119,,,,Y,N,NULL,NULL,NULL,N,NULL,NULL,NULL,NULL,NULL,NULL,24.079,NULL,NULL,NULL,NULL,,NULL,0,0,2,2,N,N,15,NULL,98,9834,NULL,,Y,37.65679,-82.27068,N,NULL,NULL,NULL,NULL,NULL,NULL,NULL,NULL,2,97,,6,1,1,2,2,1,3,N,NULL,Y,N,1911,1950,,N,NULL,90,2,1,N,,N,N,,NULL,NULL,2021,O,7.26E+11,098-US-0119  -000,MEDIUM,098-US-0119  -000,24.079,0,0,0,1,0,0,1,1,0,0,0,0,0,0
4294,72446367,KSP0900,19-47450,20191204,718,,US23,,,US0023,US0023,0,098 US-23-10,US0023,N,N,NULL,NULL,NULL,N,NULL,NULL,NULL,NULL,NULL,NULL,5.235,NULL,NULL,NULL,NULL,,NULL,1,0,1,1,N,N,55,NULL,98,9809,NULL,,Y,37.28222,-82.56139,N,NULL,NULL,NULL,NULL,NULL,NULL,NULL,NULL,9,5,4,1,1,2,2,1,7,3,Y,NULL,Y,Y,718,745,,N,NULL,44,,1,N,,N,N,098-US-0023-10,NULL,NULL,2019,C,7.24E+11,098-US-0023  -010,HIGH,098-US-0023  -000,5.235,0,0,0,0,0,0,0,0,0,0,0,1,0,0
4295,72818887,KSP0900,22-399263,20221016,1436,,TOLER,,RD,KY0319,KY0319,0,098 KY-319,KY0319,N,N,NULL,NULL,NULL,N,NULL,NULL,NULL,NULL,NULL,NULL,1.145,NULL,NULL,NULL,NULL,,NULL,0,0,1,1,N,N,55,NULL,98,9842,NULL,,Y,37.5866,-82.19717,N,NULL,NULL,NULL,NULL,NULL,NULL,NULL,NULL,9,3,2,1,1,5,3,2,7,3,N,NULL,Y,N,1436,1451,1451,N,NULL,44,7,0,N,,N,N,098-KY-0319-0,NULL,NULL,2022,O,7.28E+11,098-KY-0319  -000,HIGH,098-KY-0319  -000,1.145,0,0,0,1,0,0,1,0,0,0,0,1,0,0
4296,72809811,980100,2.02E+11,20220921,2215,,HAMBLEY,,BLVD,,,0,098 CS-1222,CS1222,Y,N,NULL,NULL,NULL,N,NULL,NULL,NULL,NULL,NULL,NULL,0.509,NULL,NULL,NULL,NULL,,NULL,0,0,2,2,N,N,15,NULL,98,9801,NULL,,Y,37.47853,-82.52028,N,NULL,NULL,NULL,NULL,NULL,NULL,NULL,NULL,2,97,2,5,2,1,2,5,1,3,N,NULL,Y,N,2215,2217,2217,N,NULL,90,,,N,,N,N,098-CS-1222-0,NULL,NULL,2022,O,7.28E+11,098-CS-1222  -000,HIGH,098-CS-1222  -000,0.509,0,0,1,0,0,0,1,0,0,0,0,0,0,1
4297,72667758,980100,2.02E+11,20210907,646,,MAYO,S,TRL,US0023,US0023,0,098 US-23-10,US0023,N,N,NULL,NULL,NULL,N,NULL,NULL,NULL,NULL,NULL,NULL,21.418,NULL,NULL,NULL,NULL,,NULL,0,0,1,1,N,N,55,NULL,98,9801,NULL,,Y,37.45075,-82.52404,N,NULL,NULL,NULL,NULL,NULL,NULL,NULL,NULL,9,3,4,6,1,1,2,1,1,3,N,NULL,Y,N,646,652,652,Y,NULL,70,,1,N,,N,Y,098-US-0023-10,NULL,NULL,2021,O,7.27E+11,098-US-0023  -010,HIGH,098-US-0023  -000,21.418,0,0,0,0,0,0,0,0,0,0,0,1,0,1
4298,72823263,KSP0900,22-419130,20221031,1611,,SYCAMORE MOUNTAIN,,RD,,,0,098 CR-1350Q4,CR1350Q4,N,N,NULL,NULL,NULL,N,NULL,NULL,NULL,NULL,NULL,NULL,0.438,NULL,NULL,NULL,NULL,,NULL,1,0,1,1,N,N,35,NULL,98,9831,NULL,,Y,37.63532,-82.54488,N,NULL,NULL,NULL,NULL,NULL,NULL,NULL,NULL,9,5,2,4,1,5,3,2,2,3,Y,NULL,Y,Y,1611,1656,1730,N,NULL,44,,,N,,N,N,098-CR-1350Q4-0,NULL,NULL,2022,B,7.28E+11,098-CR-1350Q4-000,HIGH,098-CR-1350Q4-000,0.438,0,0,0,0,0,0,0,0,0,0,0,1,0,0
4299,72659080,KSP0900,21-335434,20210812,1510,,KY194,,,KY0194,KY0194,0,098 KY-194,KY0194,N,N,NULL,NULL,NULL,N,NULL,NULL,NULL,NULL,NULL,NULL,18.336,NULL,NULL,NULL,NULL,,NULL,0,0,1,1,Y,N,55,NULL,98,9820,NULL,,Y,37.5583,-82.42272,N,NULL,NULL,NULL,NULL,NULL,NULL,NULL,NULL,9,97,2,3,1,1,2,2,7,2,N,NULL,Y,Y,1510,1623,1623,Y,NULL,44,6,5,N,,N,N,098-KY-0194-0,NULL,NULL,2021,O,7.27E+11,098-KY-0194  -000,HIGH,098-KY-0194  -000,18.336,0,0,0,0,0,0,0,0,0,0,0,1,0,0
4300,72485552,KSP0900,20-7604,20200227,600,,US23,,,US0023,US0023,0,098 US-23,US0023,N,N,NULL,NULL,NULL,N,NULL,NULL,NULL,NULL,NULL,NULL,12.793,NULL,NULL,NULL,NULL,,NULL,1,0,1,1,N,N,35,NULL,98,9823,NULL,,Y,37.37165,-82.54514,N,NULL,NULL,NULL,NULL,NULL,NULL,NULL,NULL,9,3,4,6,2,2,2,6,7,3,Y,NULL,Y,N,600,645,,N,NULL,40,,1,N,,N,N,098-US-0023-0,NULL,NULL,2020,C,7.25E+11,098-US-0023  -000,HIGH,098-US-0023  -000,12.793,0,0,0,1,0,0,0,0,0,0,0,1,0,0
4301,72552669,KSP0900,20-741540,20201014,1655,,FISHTRAP,,RD,KY1441,KY1441,,,,N,N,NULL,NULL,NULL,N,NULL,NULL,NULL,NULL,NULL,NULL,9.299,NULL,NULL,NULL,NULL,,NULL,0,0,2,2,N,N,45,NULL,98,9850,NULL,,Y,37.50644,-82.45001,N,NULL,NULL,NULL,NULL,NULL,NULL,NULL,NULL,7,3,2,6,1,1,2,2,8,3,N,NULL,N,N,1655,1725,1725,N,NULL,54,8,0,N,,N,N,,NULL,NULL,2020,O,7.26E+11,098-KY-1441  -000,HIGH,098-KY-1441  -000,9.299,0,0,0,0,0,0,1,0,0,0,0,1,0,0
4302,72651637,KSP0900,21-309556,20210726,1320,,VIRGIE,,RD,KY0610,KY0610,0,098 KY-610,KY0610,N,N,NULL,NULL,NULL,N,NULL,NULL,NULL,NULL,NULL,NULL,8.2,NULL,NULL,NULL,NULL,,NULL,0,0,1,1,N,N,45,NULL,98,9827,NULL,,Y,37.3403,-82.58978,N,NULL,NULL,NULL,NULL,NULL,NULL,NULL,NULL,9,3,2,6,1,1,2,2,7,3,N,NULL,Y,N,1321,1325,1325,N,NULL,40,7,0,N,,N,N,098-KY-0610-0,NULL,NULL,2021,O,7.27E+11,098-KY-0610  -000,HIGH,098-KY-0610  -000,8.2,0,0,0,0,0,0,0,0,0,0,0,1,0,0
4303,72800408,980100,2.02E+11,20220827,1937,,US23,,,US0023,US0023,0,098 US-23-10,US0023,N,N,NULL,NULL,NULL,N,NULL,NULL,NULL,NULL,NULL,NULL,32.352,NULL,NULL,NULL,NULL,,NULL,0,0,1,1,N,N,55,NULL,98,9801,NULL,,Y,37.53695,-82.615,N,NULL,NULL,NULL,NULL,NULL,NULL,NULL,NULL,9,3,4,6,1,1,3,2,7,3,N,NULL,Y,N,1937,1952,,N,NULL,70,,1,N,,N,N,098-US-0023-10,NULL,NULL,2022,O,7.28E+11,098-US-0023  -010,HIGH,098-US-0023  -000,32.352,0,0,0,0,0,0,0,0,0,0,0,0,0,1
4304,72783232,KSP0900,22-259388,20220708,1609,,TOLER,,RD,KY0319,KY0319,0,098 KY-319,KY0319,N,N,NULL,NULL,NULL,N,NULL,NULL,NULL,NULL,NULL,NULL,5.922,NULL,NULL,NULL,NULL,,NULL,0,0,1,1,N,N,45,NULL,98,9842,NULL,,Y,37.63163,-82.24925,N,NULL,NULL,NULL,NULL,NULL,NULL,NULL,NULL,9,3,2,3,1,5,6,2,7,3,N,NULL,Y,N,1609,1625,1625,N,NULL,40,7,0,N,,N,N,098-KY-0319-0,NULL,NULL,2022,O,7.28E+11,098-KY-0319  -000,HIGH,098-KY-0319  -000,5.922,0,0,0,0,0,0,0,0,0,0,0,1,0,0
4305,72599430,KSP0900,21-83380,20210302,1640,,US460,,,US0460,US0460,0,098 US-460,US0460,N,N,NULL,NULL,NULL,N,NULL,NULL,NULL,NULL,NULL,NULL,6.149,NULL,NULL,NULL,NULL,,NULL,0,0,2,2,N,N,55,NULL,98,9832,NULL,,Y,37.40159,-82.43382,N,NULL,NULL,NULL,NULL,NULL,NULL,NULL,NULL,5,3,2,4,1,1,2,2,7,3,N,NULL,N,N,1627,1710,1710,N,NULL,49,,1,N,,N,N,098-US-0460-0,NULL,NULL,2021,O,7.26E+11,098-US-0460  -000,HIGH,098-US-0460  -000,6.149,0,0,0,1,0,0,0,1,0,0,0,0,0,0
4306,72469842,980500,2020AR0009,20200130,935,,COUNTRY MUSIC HIGHWAY,,,,,,,,N,N,NULL,NULL,NULL,N,NULL,NULL,NULL,NULL,NULL,NULL,,NULL,NULL,NULL,NULL,NULL,NULL,0,0,2,2,N,N,45,NULL,98,9807,NULL,,Y,37.52653,-82.57384,N,NULL,NULL,NULL,NULL,NULL,NULL,NULL,NULL,5,3,6,6,1,5,1,2,7,3,N,NULL,Y,Y,941,948,948,N,NULL,70,,,N,,N,N,,NULL,NULL,2020,O,7.25E+11,098-US-0023  -000,MEDIUM,098-US-0023  -000,29.213,0,0,1,0,0,0,0,0,0,0,0,0,0,0
4307,72519158,980100,2.02E+11,20200708,1432,,KATI,,ST,,,0,098 CS-1041,CS1041,N,N,NULL,NULL,NULL,N,NULL,NULL,NULL,NULL,NULL,NULL,0.809,NULL,NULL,NULL,NULL,,NULL,0,0,1,1,N,N,35,NULL,98,9801,NULL,,Y,37.46883,-82.56466,N,NULL,NULL,NULL,NULL,NULL,NULL,NULL,NULL,9,4,1,1,1,1,2,2,6,3,N,NULL,Y,N,1342,1435,1515,N,NULL,44,,,N,,N,N,098-CS-1041-0,NULL,NULL,2020,O,7.25E+11,098-CS-1041  -000,HIGH,098-CS-1041  -000,0.809,0,0,1,0,0,0,0,0,0,0,0,1,0,1
4308,72589544,KSP0900,21-39541,20210130,1034,,WILLIAMSON,,RD,KY0292,KY0292,0,098 KY-292,KY0292,N,N,NULL,NULL,NULL,N,NULL,NULL,NULL,NULL,NULL,NULL,5.077,NULL,NULL,NULL,NULL,,NULL,0,0,2,2,N,N,45,NULL,98,9834,NULL,,Y,37.67255,-82.28129,N,NULL,NULL,NULL,NULL,NULL,NULL,NULL,NULL,5,3,2,1,1,1,2,2,7,3,N,NULL,Y,N,1036,1043,1054,N,NULL,49,7,0,N,,N,N,098-KY-0292-0,NULL,NULL,2021,O,7.26E+11,098-KY-0292  -000,HIGH,098-KY-0292  -000,5.077,0,0,0,1,0,0,0,0,0,0,0,0,0,0
4309,72585032,980100,2.02E+11,20210109,1224,,MAYO,S,TRL,KY3496,KY3496,0,098 KY-3496,KY3496,Y,N,NULL,NULL,NULL,N,NULL,NULL,NULL,NULL,NULL,NULL,0.803,NULL,NULL,NULL,NULL,,NULL,0,0,2,2,N,N,15,NULL,98,9801,NULL,,Y,37.47206,-82.52947,N,NULL,NULL,NULL,NULL,NULL,NULL,NULL,NULL,2,97,,6,1,5,3,2,1,3,N,NULL,Y,N,1224,1224,,N,NULL,90,16,0,Y,,N,N,098-KY-3496-0,NULL,NULL,2021,O,7.26E+11,098-KY-3496  -000,MEDIUM,098-KY-3496  -000,0.803,0,0,0,0,0,0,1,0,0,0,0,0,0,1
4310,72812646,KSP0900,22-380031,20221001,1655,,TOLER,,RD,KY0319,KY0319,0,098 KY-319,KY0319,N,N,NULL,NULL,NULL,N,NULL,NULL,NULL,NULL,NULL,NULL,1.173,NULL,NULL,NULL,NULL,,NULL,3,0,1,1,N,N,45,NULL,98,9842,NULL,,Y,37.5868,-82.19761,N,NULL,NULL,NULL,NULL,NULL,NULL,NULL,NULL,9,3,2,1,1,5,6,2,7,3,Y,NULL,N,Y,1655,1705,1755,N,NULL,44,7,0,N,,N,N,098-KY-0319-0,NULL,NULL,2022,C,7.28E+11,098-KY-0319  -000,HIGH,098-KY-0319  -000,1.173,0,0,0,0,0,0,0,0,0,0,0,1,0,0
4311,72579748,KSP0900,20-847476,20201228,2053,,US119,,,US0119,US0119,0,098 US-119,US0119,N,N,NULL,NULL,NULL,N,NULL,NULL,NULL,NULL,NULL,NULL,8.031,NULL,NULL,NULL,NULL,,NULL,1,0,1,1,N,N,55,NULL,98,9801,NULL,,Y,37.55877,-82.42311,N,NULL,NULL,NULL,NULL,NULL,NULL,NULL,NULL,9,3,4,6,1,1,2,4,7,3,N,NULL,N,N,2153,2129,2250,N,NULL,44,2,1,N,,N,N,098-US-0119-0,NULL,NULL,2020,C,7.26E+11,098-US-0119  -000,HIGH,098-US-0119  -000,8.031,0,0,1,0,0,0,0,0,0,0,0,1,0,0
4312,72584084,KSP0900,21-17050,20210113,1527,,ASHCAMP,,RD,KY0195,KY0195,,,,N,N,NULL,NULL,NULL,N,NULL,NULL,NULL,NULL,NULL,NULL,,NULL,NULL,NULL,NULL,,NULL,0,0,2,2,N,N,55,NULL,98,9864,NULL,,Y,37.26592,-82.4341,N,NULL,NULL,NULL,NULL,NULL,NULL,NULL,NULL,3,3,2,6,1,1,2,2,7,3,N,NULL,N,N,1545,1649,1645,N,NULL,52,8,0,N,,N,N,,NULL,NULL,2021,O,7.26E+11,098-KY-0195  -000,MEDIUM,098-KY-0195  -000,0,0,0,0,1,0,0,0,0,0,0,0,1,0,0
4313,72738303,980100,2.02E+11,20220307,1734,,STONE COAL CREEK,,RD,KY3227,KY3227,0,098 KY-3227,KY3227,N,N,NULL,NULL,NULL,N,NULL,NULL,NULL,NULL,NULL,NULL,0.008,NULL,NULL,NULL,NULL,,NULL,0,0,2,2,N,N,55,NULL,98,9801,NULL,,Y,37.51106,-82.54871,N,NULL,NULL,NULL,NULL,NULL,NULL,NULL,NULL,5,3,2,6,1,1,3,2,7,3,N,NULL,Y,N,1734,1741,1742,N,NULL,49,8,0,N,,N,N,098-KY-3227-0,NULL,NULL,2022,O,7.27E+11,098-KY-3227  -000,HIGH,098-KY-3227  -000,0.008,0,0,1,0,0,0,1,0,0,0,0,0,0,1
4314,72515387,KSP0900,20-569873,20200627,1413,,US460,,,US0460,US0460,0,098 US-460,US0460,N,N,NULL,NULL,NULL,N,NULL,NULL,NULL,NULL,NULL,NULL,6.178,NULL,NULL,NULL,NULL,,NULL,0,0,1,1,N,N,55,NULL,98,9832,NULL,,Y,37.40125,-82.43343,N,NULL,NULL,NULL,NULL,NULL,NULL,NULL,NULL,9,5,2,3,1,1,3,2,7,3,N,NULL,Y,N,1554,1615,1700,N,NULL,44,,1,N,,N,N,098-US-0460-0,NULL,NULL,2020,O,7.25E+11,098-US-0460  -000,HIGH,098-US-0460  -000,6.178,0,0,0,1,0,0,0,0,0,0,0,1,0,0
4315,72667757,980100,2.02E+11,20210906,823,,WELLS,,ALY,,,,,,N,N,NULL,NULL,NULL,N,NULL,NULL,NULL,NULL,NULL,NULL,0.022,NULL,NULL,NULL,NULL,,NULL,0,0,2,2,N,N,15,NULL,98,9801,NULL,,Y,37.48154,-82.51632,N,NULL,NULL,NULL,NULL,NULL,NULL,NULL,NULL,3,3,1,6,1,1,3,2,6,3,N,NULL,Y,N,823,826,844,N,NULL,52,,,N,,N,N,,NULL,NULL,2021,O,7.27E+11,098-CS-1122  -000,MEDIUM,098-CS-1122  -000,0.022,0,0,0,0,0,0,0,0,0,0,0,1,0,1
4316,72813657,980100,2.02E+11,20221005,1231,,JUSTICE WAY,,RD,,,0,098 CS-1215,CS1215,Y,N,NULL,NULL,NULL,N,NULL,NULL,NULL,NULL,NULL,NULL,,NULL,NULL,NULL,NULL,NULL,NULL,0,0,2,2,N,N,,NULL,98,9801,NULL,,Y,37.50715,-82.54703,N,NULL,NULL,NULL,NULL,NULL,NULL,NULL,NULL,2,97,1,6,1,1,2,2,1,3,N,NULL,Y,N,1232,1244,1244,N,NULL,90,,,N,,N,N,098-CS-1215-0,NULL,NULL,2022,O,7.28E+11,098-CS-1215  -000,HIGH,098-CS-1215  -000,0.31,0,0,0,0,0,0,1,0,0,0,0,0,0,1
4317,72453564,KSP0900,19-48142,20191209,1310,,KY195,,,KY0195,KY0195,0,098 KY-195,KY0195,N,N,NULL,NULL,NULL,N,NULL,NULL,NULL,NULL,NULL,NULL,9.052,NULL,NULL,NULL,NULL,,NULL,0,0,1,1,N,N,55,NULL,98,9857,NULL,,Y,37.34108,-82.42694,N,NULL,NULL,NULL,NULL,NULL,NULL,NULL,NULL,9,5,2,1,1,1,2,2,7,3,N,NULL,Y,Y,1310,1326,,Y,NULL,40,7,0,Y,,N,N,098-KY-0195-0,NULL,NULL,2019,O,7.25E+11,098-KY-0195  -000,HIGH,098-KY-0195  -000,9.052,0,0,0,0,0,0,0,0,1,0,0,1,0,0
4318,72758823,980100,2.02E+11,20220505,1747,,MAYO,S,TRAK,,,,,,Y,N,NULL,NULL,NULL,N,NULL,NULL,NULL,NULL,NULL,NULL,,NULL,NULL,NULL,NULL,NULL,NULL,0,0,2,2,N,N,,NULL,98,9801,NULL,,Y,37.46937,-82.53451,N,NULL,NULL,NULL,NULL,NULL,NULL,NULL,NULL,8,97,2,6,1,1,2,2,1,3,N,NULL,Y,N,1747,1752,1811,N,NULL,90,,,N,,N,N,,NULL,NULL,2022,O,7.28E+11,098-PS-1007  -000,MEDIUM,098-PS-1007  -000,0.037,0,0,0,0,0,0,1,0,0,0,0,0,0,1
4319,72590572,980100,2.02E+11,20210201,755,,BYPASS,N,RD,KY1460,KY1460,0,098 KY-1460,KY1460,N,N,NULL,NULL,NULL,N,NULL,NULL,NULL,NULL,NULL,NULL,5.192,NULL,NULL,NULL,NULL,,NULL,0,0,2,2,N,N,45,NULL,98,9801,NULL,,Y,37.48427,-82.51471,N,NULL,NULL,NULL,NULL,NULL,NULL,NULL,NULL,1,97,2,6,1,5,9,2,1,3,N,NULL,Y,N,756,804,817,N,NULL,55,16,0,N,,N,N,098-KY-1460-0,NULL,NULL,2021,O,7.26E+11,098-KY-1460  -000,HIGH,098-KY-1460  -000,5.192,0,0,1,0,0,0,1,0,0,0,0,0,0,1
4320,72639924,KSP0900,09-21-0532,20210618,521,,REGINA-BELCHER,,HWY,US0460,US0460,0,098 US-460,US0460,N,N,NULL,NULL,NULL,Y,MARROWBONE,,BTM,HARLESS,,CRK,9.642,NULL,NULL,NULL,NULL,,NULL,1,1,2,2,N,N,55,NULL,98,9830,NULL,,Y,37.36621,-82.40945,N,NULL,NULL,NULL,NULL,NULL,NULL,NULL,NULL,5,3,2,6,1,1,2,6,7,3,Y,NULL,Y,Y,547,710,850,N,NULL,49,,1,N,,N,N,098-US-0460-0,NULL,NULL,2021,K,7.26E+11,098-US-0460  -000,HIGH,098-US-0460  -000,9.642,0,0,0,1,0,0,0,1,0,1,0,1,0,0
4321,72473387,980100,2.02E+11,20200207,1052,,OWENS,,DR,,,,,,Y,N,NULL,NULL,NULL,N,NULL,NULL,NULL,NULL,NULL,NULL,0.038,NULL,NULL,NULL,NULL,,NULL,0,0,2,2,N,N,15,NULL,98,9801,NULL,,Y,37.48649,-82.52815,N,NULL,NULL,NULL,NULL,NULL,NULL,NULL,NULL,2,97,1,6,1,5,9,2,6,3,N,NULL,Y,N,1052,1058,1058,N,NULL,90,,,N,,N,N,,NULL,NULL,2020,O,7.25E+11,098-CS-1092  -000,MEDIUM,098-CS-1092  -000,0.038,0,0,0,0,0,0,1,0,0,0,0,0,0,0