OBJECTID,MasterFile,AgencyORINumber,LocalCode,CollisionDate,CollisionTime,CollisionDayWeekCode,RoadwayName,RoadwayName_Direction_,RoadwayName_RoadwaySuffix_,RoadwayfromReport,CurrentRoadwayNumber,RoadwayNumberCoupletID,RSEUniqueGIS,RoadwayIdentifier,ParkingLotIndicator,IntersectionWith_Indicator_,IntersectionWith_NameRoadway_,IntersectionWith_Direction_,IntersectionWith_RoadwaySuffix_,BetweenStreets_Indicator_,BetweenStreets1_NameRoadway_,BetweenStreet1_Direction_,BetweenStreets1_RoadwaySuffix_,BetweenStreets2_NameRoadway_,BetweenStreets2_Direction_,BetweenStreets2_RoadwaySuffix_,Milepoint,ReportMilepointDeriveNumber,CurrentDerivedMiepointNumber,MilestoMilepoint,FeettoMilepoint,DirectionfromMilepoint_NSEW_,ValidMilepointIndicator,NumberInjured,NumberKilled,ofUnits,ofMotorVehicleUnits,Hit&RunIndicator,OneWayIndicator,SpeedLimitNumber,KilometersIndicator,CountyCode,CityCountyCode,MilesFromCity,DirectionFromCity_NSEW_,InCityLimitsIndicator,Latitude,Longitude,RampIndicator,RampFromIdentifier,RampFromDirCode,RampFromCoupletID,RSEUniqueGISRampFrom,RampToidentifier,RampToDirCode,RampToCoupletID,RSEUniqueGisRampTo,MannerofCollisionCode,LocationFirstEventCode,TotalLanes,RoadwayCharacterCode,RoadwaySurfaceCode,RoadwayConditionCode,WeatherCode,LightConditionCode,LandUseCode,SchoolBusRelatedCode,FirstAidSceneIndicator,CollDescPresentInd,InvestigationCompleteIndicator,PhotosTakenIndicator,TimeNotified,TimeArrived,TimeRoadwayOpened,PropertyDamageIndicator,DiagramPresentIndicator,DirectionalAnalysis,FunctionClassCode,NationalHwySysCode,EnforcementsIndicator,KARSCityCode,SecondaryCollisionIndicator,MedianCrossoverIndicator,RT_UNIQUE,MapIt,TimeLastLeft,YR,KABCO,MFNY,WorkingRID,RT_CONFIDENCE,KTC_RT,KTC_MP,Motorcyclist,Commercial Vehicle,Young Driver,Mature Driver,Pedestrian,Bicyclist,Distracted,Aggressive,Impaired,Unrestrained,Intersection,Roadway Departure,Median Cross-over,City Crash
4398,72560601,980100,2.02E+11,20201103,1535,,KY3496,,,KY3496,KY3496,0,098 KY-3496,KY3496,Y,N,NULL,NULL,NULL,N,NULL,NULL,NULL,NULL,NULL,NULL,0.782,NULL,NULL,NULL,NULL,,NULL,0,0,2,2,N,N,35,NULL,98,9801,NULL,,Y,37.47207,-82.52986,N,NULL,NULL,NULL,NULL,NULL,NULL,NULL,NULL,1,97,2,6,1,1,2,2,1,3,N,NULL,Y,N,1535,1547,,N,NULL,90,16,0,N,,N,N,098-KY-3496-0,NULL,NULL,2020,O,7.26E+11,098-KY-3496  -000,HIGH,098-KY-3496  -000,0.782,0,0,0,1,0,0,1,0,0,0,0,0,0,1
4399,72560149,980100,2.02E+11,20201102,1455,,MAYO,S,TRL,US0023,US0023,0,098 US-23-10,US0023,N,N,NULL,NULL,NULL,N,NULL,NULL,NULL,NULL,NULL,NULL,21.312,NULL,NULL,NULL,NULL,,NULL,0,0,2,2,N,N,55,NULL,98,9801,NULL,,Y,37.44934,-82.52478,N,NULL,NULL,NULL,NULL,NULL,NULL,NULL,NULL,8,3,4,6,1,1,2,2,7,3,N,NULL,Y,N,1455,1500,1500,N,NULL,53,,1,N,,N,N,098-US-0023-10,NULL,NULL,2020,O,7.26E+11,098-US-0023  -010,HIGH,098-US-0023  -000,21.312,0,0,0,0,0,0,0,0,0,0,0,1,0,1
4400,72761270,KSP0900,22-176430,20220513,811,,MAIN,,ST,,,0,098 CS-3000,CS3000,Y,N,NULL,NULL,NULL,N,NULL,NULL,NULL,NULL,NULL,NULL,0.006,NULL,NULL,NULL,NULL,,NULL,0,0,1,1,N,N,5,NULL,98,9807,NULL,,Y,37.51504,-82.55975,N,NULL,NULL,NULL,NULL,NULL,NULL,NULL,NULL,9,97,,6,1,1,2,2,1,3,N,NULL,Y,N,835,856,900,Y,NULL,90,,,N,,N,N,098-CS-3000-0,NULL,NULL,2022,O,7.28E+11,098-CS-3000  -000,HIGH,098-CS-3000  -000,0.006,0,0,0,0,0,0,1,0,0,0,0,0,0,0
4401,72524641,KSP0900,20-599671,20200714,1151,,US119 SPUR TURN LANE,,,US0119S,US0119S,,,,N,N,NULL,NULL,NULL,N,NULL,NULL,NULL,NULL,NULL,NULL,0.002,NULL,NULL,NULL,NULL,,NULL,1,0,2,2,N,N,40,NULL,98,9834,NULL,,Y,37.6729,-82.28045,N,NULL,NULL,NULL,NULL,NULL,NULL,NULL,NULL,5,3,2,6,1,1,2,2,7,3,Y,NULL,Y,Y,1153,1219,1300,N,NULL,49,6,0,Y,,N,N,,NULL,NULL,2020,C,7.25E+11,098-US-0119S -020,MEDIUM,098-US-0119S -020,0.002,0,0,0,0,0,0,1,0,0,0,0,0,0,0
4402,72707042,980100,2.02E+11,20211208,1750,,US23,,,US0023,US0023,,,,N,Y,STONE COAL CREEK,,RD,N,NULL,NULL,NULL,NULL,NULL,NULL,27.379,NULL,NULL,NULL,NULL,,NULL,0,0,3,3,N,N,55,NULL,98,9801,NULL,,Y,37.51096,-82.54878,N,NULL,NULL,NULL,NULL,NULL,NULL,NULL,NULL,5,3,8,6,1,1,2,4,7,3,N,NULL,Y,N,1750,1754,,N,NULL,35,,1,N,,N,N,,NULL,NULL,2021,O,7.27E+11,098-US-0023  -000,MEDIUM,098-US-0023  -000,27.379,0,0,0,0,0,0,1,1,0,0,1,0,0,1
4403,72584654,980100,2.02E+11,20210109,1751,,HAMBLEY,,BLVD,,,0,098 CS-1222,CS1222,N,N,NULL,NULL,NULL,N,NULL,NULL,NULL,NULL,NULL,NULL,0.001,NULL,NULL,NULL,NULL,,NULL,3,0,2,2,N,N,35,NULL,98,9801,NULL,,Y,37.47404,-82.5273,N,NULL,NULL,NULL,NULL,NULL,NULL,NULL,NULL,1,3,2,6,1,1,2,3,7,3,Y,NULL,Y,Y,1751,1752,1847,N,NULL,55,,,Y,,N,N,098-CS-1222-0,NULL,NULL,2021,A,7.26E+11,098-CS-1222  -000,MEDIUM,098-CS-1222  -000,0.001,0,0,0,0,0,0,1,0,1,1,0,1,0,1
4404,72507474,KSP0900,20-20238,20200529,1000,,US119,,,US0119,US0119,0,098 US-119,US0119,Y,N,NULL,NULL,NULL,N,NULL,NULL,NULL,NULL,NULL,NULL,23.937,NULL,NULL,NULL,NULL,,NULL,1,0,1,1,N,N,,NULL,98,9834,NULL,,Y,37.65489,-82.26953,N,NULL,NULL,NULL,NULL,NULL,NULL,NULL,NULL,9,97,4,6,1,1,3,2,1,3,Y,NULL,Y,Y,1000,1004,1030,N,NULL,90,2,1,N,,N,N,098-US-0119-0,NULL,NULL,2020,B,7.25E+11,098-US-0119  -000,HIGH,098-US-0119  -000,23.937,0,0,0,1,0,0,1,0,0,0,0,1,0,0
4405,72760290,KSP0900,22-167587,20220506,1900,,POWELLS,,CRK,,,0,098 CR-1208,CR1208,N,N,NULL,NULL,NULL,N,NULL,NULL,NULL,NULL,NULL,NULL,0.179,NULL,NULL,NULL,NULL,,NULL,0,0,1,1,N,N,15,NULL,98,9832,NULL,,Y,37.40031,-82.42992,N,NULL,NULL,NULL,NULL,NULL,NULL,NULL,NULL,9,3,1,6,1,1,2,2,6,3,N,NULL,Y,N,1900,1910,2210,N,NULL,40,,,N,,N,N,098-CR-1208-0,NULL,NULL,2022,O,7.28E+11,098-CR-1208  -000,HIGH,098-CR-1208  -000,0.179,0,0,0,0,0,0,0,0,0,0,0,1,0,0
4406,72693563,370200,2021-452908,20211105,1406,,KY2062,,,KY2062,KY2062,0,098 KY-2062,KY2062,N,N,NULL,NULL,NULL,N,NULL,NULL,NULL,NULL,NULL,NULL,1.076,NULL,NULL,NULL,NULL,,NULL,0,0,1,1,N,N,55,NULL,98,9804,NULL,,Y,37.50546,-82.11726,N,NULL,NULL,NULL,NULL,NULL,NULL,NULL,NULL,9,3,2,2,1,1,2,2,7,3,N,NULL,Y,N,1437,1444,1900,N,NULL,70,8,0,N,,N,N,098-KY-2062-0,NULL,NULL,2021,O,7.27E+11,098-KY-2062  -000,HIGH,098-KY-2062  -000,1.076,0,1,0,0,0,0,0,0,0,0,0,1,0,0
4407,72737996,980100,2.02E+11,20220306,1758,,US23,,,US0023,US0023,0,098 US-23,US0023,N,N,NULL,NULL,NULL,N,NULL,NULL,NULL,NULL,NULL,NULL,26.277,NULL,NULL,NULL,NULL,,NULL,0,0,2,2,N,N,55,NULL,98,9801,NULL,,Y,37.50357,-82.53212,N,NULL,NULL,NULL,NULL,NULL,NULL,NULL,NULL,5,3,4,6,1,1,3,2,2,3,N,NULL,Y,N,1758,1808,1824,N,NULL,49,,1,N,,N,N,098-US-0023-0,NULL,NULL,2022,O,7.27E+11,098-US-0023  -000,HIGH,098-US-0023  -000,26.277,0,0,0,0,0,0,1,0,0,0,0,0,0,1
4408,72604549,980500,2021AR010,20210318,1520,,MAIN STREET,,,,,,,,Y,N,NULL,NULL,NULL,N,NULL,NULL,NULL,NULL,NULL,NULL,,NULL,NULL,NULL,NULL,NULL,NULL,0,0,2,2,N,N,15,NULL,98,9807,NULL,,Y,37.51955,-82.56711,N,NULL,NULL,NULL,NULL,NULL,NULL,NULL,NULL,1,97,,6,1,1,2,2,1,3,N,NULL,Y,Y,1520,1520,1530,N,NULL,90,,,N,,N,N,,NULL,NULL,2021,O,7.26E+11,098-US-0023  -010,MEDIUM,098-US-0023  -000,28.59,0,0,0,0,0,0,1,0,0,0,0,0,0,0
4409,72547903,980100,2.02E+11,20200930,1331,,BOE,,DR,,,,,,N,N,NULL,NULL,NULL,N,NULL,NULL,NULL,NULL,NULL,NULL,0.132,NULL,NULL,NULL,NULL,,NULL,0,0,2,2,N,N,15,NULL,98,9801,NULL,,Y,37.46911,-82.53568,N,NULL,NULL,NULL,NULL,NULL,NULL,NULL,NULL,2,97,1,6,1,1,2,2,1,3,N,NULL,N,N,1331,1336,1340,N,NULL,56,,,N,,N,N,,NULL,NULL,2020,O,7.25E+11,098-CS-1024  -000,LOW,098-CS-1024  -000,0.132,0,0,0,0,0,0,1,0,0,0,0,0,0,0
4410,72472328,980100,2.02E+11,20200205,1038,,STEEL,,ST,,,0,098 CS-1147,CS1147,Y,N,NULL,NULL,NULL,N,NULL,NULL,NULL,NULL,NULL,NULL,0.005,NULL,NULL,NULL,NULL,,NULL,0,0,2,2,N,N,15,NULL,98,9801,NULL,,Y,37.48275,-82.53119,N,NULL,NULL,NULL,NULL,NULL,NULL,NULL,NULL,8,97,,6,1,5,6,2,7,3,N,NULL,Y,N,1038,1042,1042,N,NULL,90,,,N,,N,N,098-CS-1147-0,NULL,NULL,2020,O,7.25E+11,098-CS-1147  -000,HIGH,098-CS-1147  -000,0.005,0,0,0,0,0,0,0,0,0,0,0,0,0,1
4411,72654011,KSP0900,21-319713,20210802,920,,BEAVER CR,,RD,KY1373,KY1373,0,098 KY-1373,KY1373,N,N,NULL,NULL,NULL,N,NULL,NULL,NULL,NULL,NULL,NULL,1.769,NULL,NULL,NULL,NULL,,NULL,0,0,1,1,N,N,55,NULL,98,9802,2,NE,N,37.32579,-82.33372,N,NULL,NULL,NULL,NULL,NULL,NULL,NULL,NULL,9,5,2,3,1,1,2,2,7,3,N,NULL,Y,N,920,940,940,N,NULL,44,8,0,N,,N,N,098-KY-1373-0,NULL,NULL,2021,O,7.27E+11,098-KY-1373  -000,HIGH,098-KY-1373  -000,1.769,1,0,0,0,0,0,0,0,0,0,0,1,0,0
4412,72665707,980100,2.02E+11,20210819,1250,,KY3496,,,KY3496,KY3496,,,,Y,N,NULL,NULL,NULL,N,NULL,NULL,NULL,NULL,NULL,NULL,0.699,NULL,NULL,NULL,NULL,,NULL,0,0,2,2,N,N,,NULL,98,9801,NULL,,Y,37.47188,-82.53136,N,NULL,NULL,NULL,NULL,NULL,NULL,NULL,NULL,8,97,2,6,1,1,2,2,1,3,N,NULL,Y,N,1253,1257,,N,NULL,90,16,0,N,,N,N,,NULL,NULL,2021,O,7.27E+11,098-KY-3496  -000,HIGH,098-KY-3496  -000,0.699,0,0,0,0,0,0,1,1,0,0,0,0,0,1
4413,72754984,980200,980200,20220414,246,,KY197,,,KY0197,KY0197,0,098 KY-197,KY0197,N,N,NULL,NULL,NULL,N,NULL,NULL,NULL,NULL,NULL,NULL,15.698,NULL,NULL,NULL,NULL,,NULL,0,0,1,1,N,N,35,NULL,98,9802,NULL,,Y,37.29574,-82.36166,N,NULL,NULL,NULL,NULL,NULL,NULL,NULL,NULL,9,7,2,6,1,5,2,2,1,3,N,NULL,N,N,240,246,,N,NULL,70,7,0,N,,N,N,098-KY-0197-0,NULL,NULL,2022,O,7.28E+11,098-KY-0197  -000,HIGH,098-KY-0197  -000,15.698,0,0,0,0,0,0,0,0,0,0,0,0,0,0
4414,72584995,KSP0900,21-15687,20210112,1650,,LEFT FORK BLACKBERRY,,RD,,,,,,N,N,NULL,NULL,NULL,N,NULL,NULL,NULL,NULL,NULL,NULL,0.954,NULL,NULL,NULL,NULL,,NULL,0,0,2,2,N,N,35,NULL,98,9879,NULL,,Y,37.52253,-82.22501,N,NULL,NULL,NULL,NULL,NULL,NULL,NULL,NULL,2,3,1,6,1,1,2,2,7,3,N,NULL,Y,N,1654,1740,,N,NULL,56,,,N,,N,N,,NULL,NULL,2021,O,7.26E+11,098-CR-1809  -000,MEDIUM,098-CR-1809  -000,0.954,0,0,0,0,0,0,1,1,0,0,0,0,0,0
4415,72739408,980100,2.02E+11,20220310,1230,,BYPASS,S,RD,KY1426,KY1426,0,098 KY-1426,KY1426,Y,N,NULL,NULL,NULL,N,NULL,NULL,NULL,NULL,NULL,NULL,,NULL,NULL,NULL,NULL,,NULL,0,0,1,1,N,N,10,NULL,98,9801,NULL,,Y,37.47248,-82.52293,N,NULL,NULL,NULL,NULL,NULL,NULL,NULL,NULL,9,97,,4,1,1,2,2,5,3,N,NULL,Y,N,1230,1232,1232,Y,NULL,90,8,0,Y,,N,N,098-KY-1426-0,NULL,NULL,2022,O,7.27E+11,098-KY-1426  -000,HIGH,098-KY-1426  -000,5.681,0,0,0,0,0,0,1,0,0,0,0,1,0,1
4416,72445789,KSP0900,19-46636,20191127,1700,,PHELPS 632,,RD,KY0632,KY0632,,,,N,N,NULL,NULL,NULL,N,NULL,NULL,NULL,NULL,NULL,NULL,12.181,NULL,NULL,NULL,NULL,,NULL,0,0,1,1,N,N,55,NULL,98,9804,NULL,,Y,37.50142,-82.17224,N,NULL,NULL,NULL,NULL,NULL,NULL,NULL,NULL,9,3,2,6,1,1,2,2,7,3,N,NULL,Y,Y,1710,1722,1830,N,NULL,38,6,0,N,,N,N,,NULL,NULL,2019,O,7.24E+11,098-KY-0632  -000,HIGH,098-KY-0632  -000,12.181,0,0,0,0,0,0,0,0,0,0,0,0,0,0
4417,72739458,980100,2.02E+11,20220304,1831,,US23,,,US0023,US0023,0,098 US-23,US0023,N,N,NULL,NULL,NULL,N,NULL,NULL,NULL,NULL,NULL,NULL,22.223,NULL,NULL,NULL,NULL,,NULL,0,0,1,1,N,N,55,NULL,98,9801,NULL,,Y,37.46108,-82.51694,N,NULL,NULL,NULL,NULL,NULL,NULL,NULL,NULL,9,3,4,6,1,1,2,2,1,3,N,NULL,Y,N,1831,1841,,N,NULL,41,,1,N,,N,N,098-US-0023-0,NULL,NULL,2022,O,7.27E+11,098-US-0023  -000,HIGH,098-US-0023  -000,22.223,0,0,0,0,0,0,0,0,0,0,0,1,0,1
4418,72564515,KSP0900,20-773186,20201105,1436,,US119,,,US0119,US0119,0,098 US-119,US0119,Y,N,NULL,NULL,NULL,N,NULL,NULL,NULL,NULL,NULL,NULL,24.239,NULL,NULL,NULL,NULL,,NULL,0,0,2,2,N,N,55,NULL,98,9834,NULL,,Y,37.65868,-82.27214,N,NULL,NULL,NULL,NULL,NULL,NULL,NULL,NULL,2,97,4,6,1,1,2,2,1,3,N,NULL,Y,N,1436,1553,1436,N,NULL,90,2,1,N,,N,N,098-US-0119-0,NULL,NULL,2020,O,7.26E+11,098-US-0119  -000,HIGH,098-US-0119  -000,24.239,0,0,0,1,0,0,1,0,0,0,0,0,0,0
4419,72747436,KSP0900,22-83329,20220307,715,,KY1056,,,KY1056,KY1056,0,098 KY-1056,KY1056,N,N,NULL,NULL,NULL,N,NULL,NULL,NULL,NULL,NULL,NULL,10.723,NULL,NULL,NULL,NULL,,NULL,0,0,3,3,N,N,35,NULL,98,9863,NULL,,Y,37.61004,-82.17004,N,NULL,NULL,NULL,NULL,NULL,NULL,NULL,NULL,2,97,2,6,1,1,3,2,7,1,N,NULL,Y,Y,715,724,735,Y,NULL,47,7,0,N,,N,N,098-KY-1056-0,NULL,NULL,2022,O,7.27E+11,098-KY-1056  -000,HIGH,098-KY-1056  -000,10.723,0,1,0,1,0,0,1,0,0,0,0,1,0,0
4420,72727657,980100,2.02E+11,20220129,2346,,PIKE,,ST,,,0,098 CS-1113,CS1113,Y,N,NULL,NULL,NULL,N,NULL,NULL,NULL,NULL,NULL,NULL,0.054,NULL,NULL,NULL,NULL,,NULL,0,0,2,2,N,N,15,NULL,98,9801,NULL,,Y,37.48016,-82.5164,N,NULL,NULL,NULL,NULL,NULL,NULL,NULL,NULL,2,97,1,6,1,5,2,5,1,3,N,NULL,Y,N,2346,2348,2348,N,NULL,90,,,N,,N,N,098-CS-1113-0,NULL,NULL,2022,O,7.27E+11,098-CS-1113  -000,HIGH,098-CS-1113  -000,0.054,0,0,0,0,0,0,1,0,0,0,0,0,0,1
4421,72748337,KSP0900,22-125970,20220407,1744,,US23,,,US0023,US0023,0,098 US-23,US0023,N,N,NULL,NULL,NULL,N,NULL,NULL,NULL,NULL,NULL,NULL,15.655,NULL,NULL,NULL,NULL,,NULL,0,0,1,1,N,N,55,NULL,98,9801,NULL,,Y,37.40477,-82.53064,N,NULL,NULL,NULL,NULL,NULL,NULL,NULL,NULL,9,3,4,5,1,5,2,2,7,3,N,NULL,N,N,1744,1755,1800,N,NULL,70,,1,N,,N,N,098-US-0023-0,NULL,NULL,2022,O,7.27E+11,098-US-0023  -000,HIGH,098-US-0023  -000,15.655,0,0,0,0,0,0,0,0,0,0,0,1,0,0
4422,72666715,980100,2.02E+11,20210903,2034,,US23,,,US0023,US0023,,,,Y,N,NULL,NULL,NULL,N,NULL,NULL,NULL,NULL,NULL,NULL,18.851,NULL,NULL,NULL,NULL,,NULL,0,0,2,2,N,N,,NULL,98,9801,NULL,,Y,37.43974,-82.50888,N,NULL,NULL,NULL,NULL,NULL,NULL,NULL,NULL,8,97,,6,2,1,2,5,1,3,N,NULL,Y,N,2035,2042,,N,NULL,90,,1,N,,N,N,,NULL,NULL,2021,O,7.27E+11,098-US-0023  -010,MEDIUM,098-US-0023  -000,18.851,0,0,0,0,0,0,1,0,0,1,0,0,0,1
4423,72880195,980100,2.02E+11,20230326,1553,,US23,,,US0023,US0023,0,098 US-23-10,US0023,N,N,NULL,NULL,NULL,N,NULL,NULL,NULL,NULL,NULL,NULL,20.679,NULL,NULL,NULL,NULL,,NULL,0,0,2,2,N,N,55,NULL,98,9801,NULL,,Y,37.44286,-82.52061,N,NULL,NULL,NULL,NULL,NULL,NULL,NULL,NULL,7,3,4,3,1,1,2,2,7,3,N,NULL,Y,N,1554,1602,1602,N,NULL,54,,1,N,,N,N,098-US-0023-10,NULL,NULL,2023,O,7.29E+11,098-US-0023  -010,HIGH,098-US-0023  -000,20.6,0,0,0,0,0,0,1,1,0,0,0,1,0,1
4424,72581119,KSP0900,21-2432,20210102,2055,,US23,,,US0023,US0023,0,098 US-23,US0023,N,N,NULL,NULL,NULL,N,NULL,NULL,NULL,NULL,NULL,NULL,29.494,NULL,NULL,NULL,NULL,,NULL,2,0,2,2,N,N,45,NULL,98,9807,NULL,,Y,37.53019,-82.57612,N,NULL,NULL,NULL,NULL,NULL,NULL,NULL,NULL,5,3,6,6,1,1,2,6,1,3,Y,NULL,Y,Y,2055,2055,,N,NULL,49,,1,N,,N,N,098-US-0023-0,NULL,NULL,2021,C,7.26E+11,098-US-0023  -000,MEDIUM,098-US-0023  -000,29.494,0,0,0,0,0,0,1,0,0,1,0,0,0,1
4425,72598907,KSP0900,21-72140,20210223,1219,,US460,,,US0460,US0460,0,098 US-460,US0460,Y,N,NULL,NULL,NULL,N,NULL,NULL,NULL,NULL,NULL,NULL,13.46,NULL,NULL,NULL,NULL,,NULL,1,0,2,1,N,Y,55,NULL,98,9802,NULL,,Y,37.33419,-82.38605,N,NULL,NULL,NULL,NULL,NULL,NULL,NULL,NULL,9,97,1,6,1,8,2,2,7,3,N,NULL,Y,Y,1219,1240,1240,N,NULL,90,,1,N,,N,N,098-US-0460-0,NULL,NULL,2021,A,7.26E+11,098-US-0460  -000,HIGH,098-US-0460  -000,13.46,0,0,1,0,1,0,1,0,0,0,0,0,0,0
4426,72531688,KSP0900,20-650009,20200814,2116,,US460,,,US0460,US0460,0,098 US-460,US0460,N,N,NULL,NULL,NULL,N,NULL,NULL,NULL,NULL,NULL,NULL,9.747,NULL,NULL,NULL,NULL,,NULL,1,0,1,1,N,N,45,NULL,98,9822,NULL,,Y,37.36541,-82.40834,N,NULL,NULL,NULL,NULL,NULL,NULL,NULL,NULL,9,3,2,6,1,5,10,6,7,3,N,NULL,Y,N,2127,2140,,N,NULL,40,,1,Y,,N,N,098-US-0460-0,NULL,NULL,2020,B,7.25E+11,098-US-0460  -000,HIGH,098-US-0460  -000,9.747,0,0,0,0,0,0,0,0,1,1,0,1,0,0
4427,72544292,KSP0900,20-707713,20200920,2315,,KY194,,,KY0194,KY0194,0,098 KY-194,KY0194,N,N,NULL,NULL,NULL,N,NULL,NULL,NULL,NULL,NULL,NULL,55.54,NULL,NULL,NULL,NULL,,NULL,0,0,1,1,N,N,45,NULL,98,9804,NULL,,Y,37.51863,-82.15414,N,NULL,NULL,NULL,NULL,NULL,NULL,NULL,NULL,9,97,2,3,1,1,2,6,8,3,N,NULL,Y,N,2315,15,15,Y,NULL,70,7,0,N,,N,N,098-KY-0194-0,NULL,NULL,2020,O,7.25E+11,098-KY-0194  -000,HIGH,098-KY-0194  -000,55.54,0,0,0,0,0,0,1,0,0,1,0,1,0,0
4428,72736227,980100,2.02E+11,20220228,2218,,CASSIDY,,BLVD,,,,,,N,N,NULL,NULL,NULL,N,NULL,NULL,NULL,NULL,NULL,NULL,0.351,NULL,NULL,NULL,NULL,,NULL,0,0,1,1,N,N,35,NULL,98,9801,NULL,,Y,37.50517,-82.53788,N,NULL,NULL,NULL,NULL,NULL,NULL,NULL,NULL,9,3,2,6,1,1,2,6,1,3,N,NULL,Y,N,2218,2222,2322,N,NULL,44,,,N,,N,N,,NULL,NULL,2022,O,7.27E+11,098-CS-1191  -000,MEDIUM,098-CS-1191  -000,0.351,0,0,1,0,0,0,0,0,0,0,0,1,0,1
4429,72483377,KSP0900,20-8273,20200303,1403,,US460,,,US0460,US0460,0,098 US-460,US0460,N,N,NULL,NULL,NULL,N,NULL,NULL,NULL,NULL,NULL,NULL,1.996,NULL,NULL,NULL,NULL,,NULL,0,0,1,1,N,N,55,NULL,98,9801,NULL,,Y,37.4329,-82.49254,N,NULL,NULL,NULL,NULL,NULL,NULL,NULL,NULL,9,3,2,6,1,1,2,2,7,3,N,NULL,Y,Y,1407,1407,1407,N,NULL,40,,1,N,,N,N,098-US-0460-0,NULL,NULL,2020,O,7.25E+11,098-US-0460  -000,HIGH,098-US-0460  -000,1.996,0,0,0,0,0,0,0,0,0,0,0,1,0,0
4430,72577016,980100,2.02E+11,20201215,1409,,CASSIDY,,BLVD,,,,,,Y,N,NULL,NULL,NULL,N,NULL,NULL,NULL,NULL,NULL,NULL,0.294,NULL,NULL,NULL,NULL,,NULL,0,0,2,2,N,N,,NULL,98,9801,NULL,,Y,37.50504,-82.5367,N,NULL,NULL,NULL,NULL,NULL,NULL,NULL,NULL,2,97,,6,1,1,2,2,1,3,N,NULL,Y,N,1409,1410,1431,N,NULL,90,,,N,,N,N,,NULL,NULL,2020,O,7.26E+11,098-CS-1191  -000,MEDIUM,098-CS-1191  -000,0.294,0,0,0,1,0,0,1,0,0,0,0,0,0,1
4431,72484134,980100,2.02E+11,20200305,1007,,MAYO,S,TRAK,,,,,,Y,N,NULL,NULL,NULL,N,NULL,NULL,NULL,NULL,NULL,NULL,,NULL,NULL,NULL,NULL,NULL,NULL,0,0,2,2,N,N,,NULL,98,9801,NULL,,Y,37.43978,-82.50949,N,NULL,NULL,NULL,NULL,NULL,NULL,NULL,NULL,8,97,2,4,1,1,3,2,1,3,N,NULL,Y,N,1007,1017,1017,N,NULL,90,,,N,,N,N,,NULL,NULL,2020,O,7.25E+11,098-US-0460  -000,MEDIUM,098-US-0460  -000,0.202,0,1,0,0,0,0,0,0,0,0,0,0,0,1
4432,72724793,KSP0900,22-17622,20220114,1742,,FROZEN,,CRK,,,0,098 CR-1353,CR1353,N,N,NULL,NULL,NULL,N,NULL,NULL,NULL,NULL,NULL,NULL,2.263,NULL,NULL,NULL,NULL,,NULL,0,0,1,1,N,N,35,NULL,98,9850,NULL,,Y,37.47631,-82.44697,N,NULL,NULL,NULL,NULL,NULL,NULL,NULL,NULL,9,97,1,3,1,5,2,2,7,3,N,NULL,Y,N,1637,1643,1700,Y,NULL,40,,,N,,N,N,098-CR-1353-0,NULL,NULL,2022,O,7.27E+11,098-CR-1353  -000,HIGH,098-CR-1353  -000,2.263,0,0,1,0,0,0,0,0,0,0,0,1,0,0
4433,72489310,980100,2.02E+11,20200318,1054,,HABITAT STREET,,,,,,,,Y,N,NULL,NULL,NULL,N,NULL,NULL,NULL,NULL,NULL,NULL,,NULL,NULL,NULL,NULL,NULL,NULL,0,0,2,2,Y,N,15,NULL,98,9801,NULL,,Y,37.47947,-82.52625,N,NULL,NULL,NULL,NULL,NULL,NULL,NULL,NULL,2,97,1,6,1,1,3,2,6,3,N,NULL,Y,N,1054,1058,1058,N,NULL,90,,,N,,N,N,,NULL,NULL,2020,O,7.25E+11,098-CS-1156  -000,MEDIUM,098-CS-1156  -000,0.338,0,0,0,0,0,0,1,0,0,0,0,0,0,1
4434,72582938,KSP0900,21-1763,20210102,1219,,KY122,,,KY0122,KY0122,0,098 KY-122,KY0122,N,N,NULL,NULL,NULL,N,NULL,NULL,NULL,NULL,NULL,NULL,9.734,NULL,NULL,NULL,NULL,,NULL,0,0,2,2,N,N,45,NULL,98,9823,NULL,,Y,37.38878,-82.55411,N,NULL,NULL,NULL,NULL,NULL,NULL,NULL,NULL,2,97,2,6,1,1,2,2,7,3,N,NULL,Y,N,1219,1249,1249,N,NULL,47,,0,N,,N,N,098-KY-0122-0,NULL,NULL,2021,O,7.26E+11,098-KY-0122  -000,MEDIUM,098-KY-0122  -000,9.734,0,0,0,1,0,0,1,0,0,0,0,0,0,0
4435,72464665,KSP0900,20-159,20200102,600,,KY194,,,KY0194,KY0194,0,098 KY-194,KY0194,N,N,NULL,NULL,NULL,N,NULL,NULL,NULL,NULL,NULL,NULL,11.42,NULL,NULL,NULL,NULL,,NULL,0,0,2,2,N,N,55,NULL,98,9831,NULL,,Y,37.59953,-82.50837,N,NULL,NULL,NULL,NULL,NULL,NULL,NULL,NULL,7,3,2,6,1,1,2,6,7,3,N,NULL,Y,N,606,652,600,N,NULL,54,7,0,N,,N,N,098-KY-0194-0,NULL,NULL,2020,O,7.25E+11,098-KY-0194  -000,HIGH,098-KY-0194  -000,11.42,0,0,0,1,0,0,0,0,0,0,0,1,0,0