OBJECTID,MasterFile,AgencyORINumber,LocalCode,CollisionDate,CollisionTime,CollisionDayWeekCode,RoadwayName,RoadwayName_Direction_,RoadwayName_RoadwaySuffix_,RoadwayfromReport,CurrentRoadwayNumber,RoadwayNumberCoupletID,RSEUniqueGIS,RoadwayIdentifier,ParkingLotIndicator,IntersectionWith_Indicator_,IntersectionWith_NameRoadway_,IntersectionWith_Direction_,IntersectionWith_RoadwaySuffix_,BetweenStreets_Indicator_,BetweenStreets1_NameRoadway_,BetweenStreet1_Direction_,BetweenStreets1_RoadwaySuffix_,BetweenStreets2_NameRoadway_,BetweenStreets2_Direction_,BetweenStreets2_RoadwaySuffix_,Milepoint,ReportMilepointDeriveNumber,CurrentDerivedMiepointNumber,MilestoMilepoint,FeettoMilepoint,DirectionfromMilepoint_NSEW_,ValidMilepointIndicator,NumberInjured,NumberKilled,ofUnits,ofMotorVehicleUnits,Hit&RunIndicator,OneWayIndicator,SpeedLimitNumber,KilometersIndicator,CountyCode,CityCountyCode,MilesFromCity,DirectionFromCity_NSEW_,InCityLimitsIndicator,Latitude,Longitude,RampIndicator,RampFromIdentifier,RampFromDirCode,RampFromCoupletID,RSEUniqueGISRampFrom,RampToidentifier,RampToDirCode,RampToCoupletID,RSEUniqueGisRampTo,MannerofCollisionCode,LocationFirstEventCode,TotalLanes,RoadwayCharacterCode,RoadwaySurfaceCode,RoadwayConditionCode,WeatherCode,LightConditionCode,LandUseCode,SchoolBusRelatedCode,FirstAidSceneIndicator,CollDescPresentInd,InvestigationCompleteIndicator,PhotosTakenIndicator,TimeNotified,TimeArrived,TimeRoadwayOpened,PropertyDamageIndicator,DiagramPresentIndicator,DirectionalAnalysis,FunctionClassCode,NationalHwySysCode,EnforcementsIndicator,KARSCityCode,SecondaryCollisionIndicator,MedianCrossoverIndicator,RT_UNIQUE,MapIt,TimeLastLeft,YR,KABCO,MFNY,WorkingRID,RT_CONFIDENCE,KTC_RT,KTC_MP,Motorcyclist,Commercial Vehicle,Young Driver,Mature Driver,Pedestrian,Bicyclist,Distracted,Aggressive,Impaired,Unrestrained,Intersection,Roadway Departure,Median Cross-over,City Crash
4436,72505997,KSP0900,20-19339,20200523,1630,,US119,,,US0119,US0119,0,098 US-119,US0119,N,N,NULL,NULL,NULL,N,NULL,NULL,NULL,NULL,NULL,NULL,24.138,NULL,NULL,NULL,NULL,,NULL,0,0,2,2,N,N,55,NULL,98,9834,NULL,,Y,37.65754,-82.27112,N,NULL,NULL,NULL,NULL,NULL,NULL,NULL,NULL,2,7,4,6,1,1,2,2,7,3,N,NULL,N,N,1615,1640,1640,N,NULL,46,2,1,N,,N,N,098-US-0119-0,NULL,NULL,2020,O,7.25E+11,098-US-0119  -000,HIGH,098-US-0119  -000,24.138,0,0,0,0,0,0,0,0,0,0,0,0,0,0
4437,72815200,KSP0900,22-390382,20221009,1409,,US460,,,US0460,US0460,,,,Y,N,NULL,NULL,NULL,N,NULL,NULL,NULL,NULL,NULL,NULL,0.928,NULL,NULL,NULL,NULL,,NULL,0,0,2,2,N,N,15,NULL,98,9824,NULL,,Y,37.43137,-82.50507,N,NULL,NULL,NULL,NULL,NULL,NULL,NULL,NULL,2,97,1,6,3,1,2,2,1,3,N,NULL,Y,N,1409,1441,1441,N,NULL,90,,1,Y,,N,N,,NULL,NULL,2022,O,7.28E+11,098-US-0460  -000,HIGH,098-US-0460  -000,0.928,0,0,0,0,0,0,1,0,0,0,0,0,0,0
4438,72571897,KSP0900,20-788908,20201115,1754,,CAMPBELL,,LN,,,0,098 CR-1311,CR1311,N,N,NULL,NULL,NULL,N,NULL,NULL,NULL,NULL,NULL,NULL,0.104,NULL,NULL,NULL,NULL,,NULL,0,0,1,1,N,N,5,NULL,98,9801,NULL,,Y,37.45448,-82.47133,N,NULL,NULL,NULL,NULL,NULL,NULL,NULL,NULL,9,97,1,4,3,5,6,6,6,3,N,NULL,Y,N,1754,1810,,Y,NULL,40,,,Y,,N,N,098-CR-1311-0,NULL,NULL,2020,O,7.26E+11,098-CR-1311  -000,HIGH,098-CR-1311  -000,0.104,0,0,0,0,0,0,0,0,0,1,0,1,0,0
4439,72732114,980100,2.02E+11,20220215,1824,,RAINBOW,,LN,,,0,098 CS-1006,CS1006,N,N,NULL,NULL,NULL,N,NULL,NULL,NULL,NULL,NULL,NULL,0.022,NULL,NULL,NULL,NULL,,NULL,0,0,1,1,N,N,35,NULL,98,9801,NULL,,Y,37.4426,-82.5221,N,NULL,NULL,NULL,NULL,NULL,NULL,NULL,NULL,9,97,2,6,1,1,2,5,6,3,N,NULL,Y,N,1825,1833,1833,Y,NULL,40,,,N,,N,N,098-CS-1006-0,NULL,NULL,2022,O,7.27E+11,098-CS-1006  -000,HIGH,098-CS-1006  -000,0.022,0,0,0,1,0,0,1,0,0,0,0,1,0,1
4440,72556015,980100,2.02E+11,20201023,1121,,HUFFMAN,,AVE,,,0,098 CS-1123,CS1123,N,N,NULL,NULL,NULL,N,NULL,NULL,NULL,NULL,NULL,NULL,0.012,NULL,NULL,NULL,NULL,,NULL,0,0,1,1,N,Y,15,NULL,98,9801,NULL,,Y,37.47699,-82.51725,N,NULL,NULL,NULL,NULL,NULL,NULL,NULL,NULL,9,97,2,6,1,1,3,2,6,3,N,NULL,Y,Y,1121,1126,1138,Y,NULL,40,,,N,,N,N,098-CS-1123-0,NULL,NULL,2020,O,7.26E+11,098-CS-1123  -000,HIGH,098-CS-1123  -000,0.012,0,1,0,0,0,0,0,0,0,0,0,1,0,1
4441,72538505,KSP0900,20-666180,20200825,659,,PARKING LOT,,,,,,,,Y,N,NULL,NULL,NULL,N,NULL,NULL,NULL,NULL,NULL,NULL,,NULL,NULL,NULL,NULL,NULL,NULL,1,0,2,2,N,N,,NULL,98,9836,NULL,,Y,37.6197,-82.26834,N,NULL,NULL,NULL,NULL,NULL,NULL,NULL,NULL,3,97,2,6,1,1,3,2,5,3,Y,NULL,Y,Y,659,659,800,Y,NULL,90,,,N,,N,N,,NULL,NULL,2020,C,7.25E+11,098-CR-1098F -000,MEDIUM,098-CR-1098F -000,0.011,0,0,0,1,0,0,0,0,0,0,0,1,0,0
4442,72775138,KSP0900,22-227493,20220617,301,,KY194,,,KY0194,KY0194,0,098 KY-194,KY0194,N,N,NULL,NULL,NULL,N,NULL,NULL,NULL,NULL,NULL,NULL,18.395,NULL,NULL,NULL,NULL,,NULL,1,0,1,1,N,N,55,NULL,98,9804,NULL,,Y,37.5586,-82.4217,N,NULL,NULL,NULL,NULL,NULL,NULL,NULL,NULL,9,3,2,2,1,1,2,4,7,3,N,NULL,Y,Y,301,301,320,N,NULL,44,6,5,N,,N,N,098-KY-0194-0,NULL,NULL,2022,C,7.28E+11,098-KY-0194  -000,HIGH,098-KY-0194  -000,18.395,0,0,0,0,0,0,0,0,0,0,0,1,0,0
4443,72509953,980500,2020AR033,20200610,1700,,US23,,,US0023,US0023,0,098 US-23,US0023,N,N,NULL,NULL,NULL,N,NULL,NULL,NULL,NULL,NULL,NULL,28.874,NULL,NULL,NULL,NULL,,NULL,2,0,4,4,N,N,45,NULL,98,9807,NULL,,Y,37.52254,-82.57057,N,NULL,NULL,NULL,NULL,NULL,NULL,NULL,NULL,8,3,4,6,1,1,2,2,7,3,N,NULL,N,Y,1658,1700,1750,N,NULL,53,,1,Y,,N,N,098-US-0023-0,NULL,NULL,2020,B,7.25E+11,098-US-0023  -000,HIGH,098-US-0023  -000,28.874,0,0,0,0,0,0,0,0,0,0,0,1,0,0
4444,72766101,KSP0900,22-189214,20220522,2252,,BARRENSHEE,,CRK,,,,,,N,N,NULL,NULL,NULL,N,NULL,NULL,NULL,NULL,NULL,NULL,1.109,NULL,NULL,NULL,NULL,,NULL,0,0,1,1,N,N,15,NULL,98,9811,NULL,,Y,37.54087,-82.13112,N,NULL,NULL,NULL,NULL,NULL,NULL,NULL,NULL,9,5,1,3,1,1,2,6,6,3,N,NULL,Y,N,2255,2302,2345,N,NULL,40,,,N,,N,N,,NULL,NULL,2022,O,7.28E+11,098-CR-1847  -000,LOW,098-CR-1847  -000,1.109,0,0,0,0,0,0,0,0,0,0,0,1,0,0
4445,72608648,980000,21-03-002,20210319,2200,,ROAD CREEK,,RD,,,0,098 CR-1659,CR1659,N,N,NULL,NULL,NULL,N,NULL,NULL,NULL,NULL,NULL,NULL,1.325,NULL,NULL,NULL,NULL,,NULL,0,0,2,2,Y,N,35,NULL,98,9802,8,W,N,37.36317,-82.37251,N,NULL,NULL,NULL,NULL,NULL,NULL,NULL,NULL,7,3,2,1,1,1,3,6,6,3,N,NULL,Y,Y,2215,2336,2345,N,NULL,54,,,Y,,N,N,098-CR-1659-0,NULL,NULL,2021,O,7.26E+11,098-CR-1659  -000,HIGH,098-CR-1659  -000,1.325,0,0,0,0,0,0,1,0,0,0,0,1,0,0
4446,72652901,980000,21-07-002,20210729,1632,,US119,,,US0119,US0119,0,098 US-119-10,US0119,Y,N,NULL,NULL,NULL,N,NULL,NULL,NULL,NULL,NULL,NULL,2.029,NULL,NULL,NULL,NULL,,NULL,0,0,2,2,N,N,10,NULL,98,9801,NULL,,Y,37.51248,-82.49884,N,NULL,NULL,NULL,NULL,NULL,NULL,NULL,NULL,2,97,2,6,1,1,2,2,8,3,N,NULL,Y,Y,1655,1709,1709,N,NULL,90,2,1,N,,N,N,098-US-0119-10,NULL,NULL,2021,O,7.27E+11,098-US-0119  -010,HIGH,098-US-0119  -000,2.029,0,0,0,0,0,0,0,0,0,0,0,0,0,1
4447,72685445,KSP0900,21-432467,20211020,1418,,US119,,,US0119,US0119,0,098 US-119-10,US0119,N,Y,MALL,,RD,N,NULL,NULL,NULL,NULL,NULL,NULL,24.071,NULL,NULL,NULL,NULL,,NULL,0,0,2,2,N,N,45,NULL,98,9834,NULL,,Y,37.65651,-82.2707,N,NULL,NULL,NULL,NULL,NULL,NULL,NULL,NULL,1,3,4,6,1,1,2,2,7,3,N,NULL,Y,N,1420,1445,1450,N,NULL,10,2,1,N,,N,N,098-US-0119-10,NULL,NULL,2021,O,7.27E+11,098-US-0119  -010,HIGH,098-US-0119  -000,24.071,0,0,1,0,0,0,1,1,0,0,1,0,0,0
4448,72596603,KSP0900,20-69303,20210221,1410,,KY195,,,KY0195,KY0195,,,,N,N,NULL,NULL,NULL,N,NULL,NULL,NULL,NULL,NULL,NULL,6.891,NULL,NULL,NULL,NULL,,NULL,0,0,1,1,N,N,35,NULL,98,9802,NULL,,Y,37.32854,-82.45322,N,NULL,NULL,NULL,NULL,NULL,NULL,NULL,NULL,9,3,2,3,1,1,2,2,6,3,N,NULL,Y,N,1414,1515,1545,Y,NULL,40,7,0,N,,N,N,,NULL,NULL,2021,O,7.26E+11,098-KY-0195  -000,HIGH,098-KY-0195  -000,6.891,0,0,0,0,0,0,0,0,0,0,0,1,0,0
4449,72655143,980100,2.02E+11,20210805,1715,,,,,US0023,US0023,,,,N,N,NULL,NULL,NULL,N,NULL,NULL,NULL,NULL,NULL,NULL,0.018,NULL,NULL,NULL,NULL,,NULL,0,0,2,2,N,N,45,NULL,98,9801,NULL,,Y,37.48,-82.5416,Y,KY1384,W,NULL,,US0023,N,NULL,,5,3,2,3,1,1,2,2,7,3,N,NULL,Y,N,1715,1721,,N,NULL,85,,1,N,,N,N,,NULL,NULL,2021,O,7.27E+11,098-US-0023  -221,MEDIUM,098-US-0023  -221,0.018,0,0,0,0,0,0,1,0,0,0,0,0,0,1
4450,72610653,980100,2.02E+11,20210406,1037,,POPLAR,,ST,,,0,098 CS-1160,CS1160,Y,N,NULL,NULL,NULL,N,NULL,NULL,NULL,NULL,NULL,NULL,0.086,NULL,NULL,NULL,NULL,,NULL,0,0,2,2,Y,N,,NULL,98,9801,NULL,,Y,37.47981,-82.52205,N,NULL,NULL,NULL,NULL,NULL,NULL,NULL,NULL,1,97,1,6,1,1,2,2,8,3,N,NULL,Y,N,1046,1050,1050,N,NULL,90,,,N,,N,N,098-CS-1160-0,NULL,NULL,2021,O,7.26E+11,098-CS-1160  -000,HIGH,098-CS-1160  -000,0.086,0,0,0,0,0,0,0,0,0,0,0,0,0,1
4451,72599453,980100,2.02E+11,20210224,1637,,COMBS,,AVE,,,,,,N,N,NULL,NULL,NULL,N,NULL,NULL,NULL,NULL,NULL,NULL,0.003,NULL,NULL,NULL,NULL,,NULL,2,0,2,2,N,N,35,NULL,98,9801,NULL,,Y,37.48167,-82.51417,N,NULL,NULL,NULL,NULL,NULL,NULL,NULL,NULL,3,3,2,6,1,1,2,2,1,3,Y,NULL,Y,Y,1637,1638,1658,N,NULL,52,,,N,,N,N,,NULL,NULL,2021,B,7.26E+11,098-CS-1115  -000,MEDIUM,098-CS-1115  -000,0.003,0,0,0,1,0,0,1,0,0,0,0,1,0,1
4452,72775014,980100,2.02E+11,20220519,2120,,PIKE,,ST,,,0,098 CS-1113,CS1113,Y,N,NULL,NULL,NULL,N,NULL,NULL,NULL,NULL,NULL,NULL,0.159,NULL,NULL,NULL,NULL,,NULL,0,0,1,1,N,Y,,NULL,98,9801,NULL,,Y,37.48104,-82.51796,N,NULL,NULL,NULL,NULL,NULL,NULL,NULL,NULL,9,97,1,3,1,1,2,5,1,3,N,NULL,Y,N,1,1,1,N,NULL,90,,,N,,N,N,098-CS-1113-0,NULL,NULL,2022,O,7.28E+11,098-CS-1113  -000,HIGH,098-CS-1113  -000,0.159,0,0,0,0,0,0,0,0,0,0,0,0,0,1
4453,72477943,KSP0900,20-6389,20200217,2006,,ASHCAMP,,RD,KY0195,KY0195,0,098 KY-195,KY0195,N,N,NULL,NULL,NULL,N,NULL,NULL,NULL,NULL,NULL,NULL,2.274,NULL,NULL,NULL,NULL,,NULL,1,0,1,1,N,N,35,NULL,98,9864,NULL,,Y,37.28859,-82.45564,N,NULL,NULL,NULL,NULL,NULL,NULL,NULL,NULL,9,3,2,1,1,5,3,6,7,3,Y,NULL,Y,Y,2000,2029,2126,N,NULL,38,8,0,N,,N,N,098-KY-0195-0,NULL,NULL,2020,B,7.25E+11,098-KY-0195  -000,HIGH,098-KY-0195  -000,2.274,0,0,0,0,0,0,0,0,0,0,0,1,0,0
4454,72417978,980100,2.02E+11,20191005,1156,,HAMBLEY,,BLVD,,,0,098 CS-1222,CS1222,Y,N,NULL,NULL,NULL,N,NULL,NULL,NULL,NULL,NULL,NULL,1.643,NULL,NULL,NULL,NULL,,NULL,0,0,2,2,N,N,,NULL,98,9801,NULL,,Y,37.48215,-82.5324,N,NULL,NULL,NULL,NULL,NULL,NULL,NULL,NULL,2,97,1,6,1,1,2,2,1,3,N,NULL,Y,N,1156,1202,1202,N,NULL,90,,,Y,,N,N,098-CS-1222-0,NULL,NULL,2019,O,7.24E+11,098-CS-1222  -000,HIGH,098-CS-1222  -000,1.643,0,0,0,0,0,0,1,0,0,0,0,0,0,1
4455,72498540,980100,2.02E+11,20200503,1630,,CHLOE,,RD,KY1460,KY1460,0,098 KY-1460,KY1460,N,N,NULL,NULL,NULL,N,NULL,NULL,NULL,NULL,NULL,NULL,4.81,NULL,NULL,NULL,NULL,,NULL,1,0,1,1,N,N,45,NULL,98,9801,NULL,,Y,37.47802,-82.51142,N,NULL,NULL,NULL,NULL,NULL,NULL,NULL,NULL,9,3,2,6,1,1,2,2,7,3,Y,NULL,N,Y,1630,1633,1648,N,NULL,38,,0,N,,N,N,098-KY-1460-0,NULL,NULL,2020,C,7.25E+11,098-KY-1460  -000,HIGH,098-KY-1460  -000,4.81,0,0,0,0,0,0,0,0,0,0,0,0,0,1
4456,72796567,370200,2022321033,20220819,1729,,ABNER MOUNTAIN,,RD,KY0122,KY0122,0,098 KY-122,KY0122,N,N,NULL,NULL,NULL,N,NULL,NULL,NULL,NULL,NULL,NULL,0.731,NULL,NULL,NULL,NULL,,NULL,0,0,1,1,N,N,55,NULL,98,9827,NULL,,Y,37.3442,-82.64924,N,NULL,NULL,NULL,NULL,NULL,NULL,NULL,NULL,9,5,2,2,1,1,3,2,7,3,N,NULL,Y,N,1745,1806,0,N,NULL,44,,0,N,,N,N,098-KY-0122-0,NULL,NULL,2022,O,7.28E+11,098-KY-0122  -000,HIGH,098-KY-0122  -000,0.731,0,1,0,0,0,0,0,0,0,0,0,1,0,0
4457,72747572,KSP0900,22-123597,20220405,2015,,FERRELLS CREEK,,RD,US0460,US0460,0,098 US-460,US0460,N,N,NULL,NULL,NULL,N,NULL,NULL,NULL,NULL,NULL,NULL,21.468,NULL,NULL,NULL,NULL,,NULL,0,0,1,1,N,N,55,NULL,98,9802,6,NE,N,37.37754,-82.271,N,NULL,NULL,NULL,NULL,NULL,NULL,NULL,NULL,9,4,2,4,1,5,6,6,7,3,N,NULL,Y,N,2016,2031,2210,N,NULL,40,,1,N,,N,N,098-US-0460-0,NULL,NULL,2022,O,7.27E+11,098-US-0460  -000,HIGH,098-US-0460  -000,21.468,0,0,0,0,0,0,0,1,0,0,0,1,0,0
4458,72745744,980100,2.02E+11,20220324,1951,,THOMPSON,,RD,,,0,098 CS-1215,CS1215,N,N,NULL,NULL,NULL,N,NULL,NULL,NULL,NULL,NULL,NULL,0.673,NULL,NULL,NULL,NULL,,NULL,0,0,2,2,N,N,15,NULL,98,9801,NULL,,Y,37.50509,-82.54076,N,NULL,NULL,NULL,NULL,NULL,NULL,NULL,NULL,2,97,1,6,1,1,2,3,1,3,N,NULL,Y,N,1951,1958,1958,N,NULL,56,,,N,,N,N,098-CS-1215-0,NULL,NULL,2022,O,7.27E+11,098-CS-1215  -000,HIGH,098-CS-1215  -000,0.673,0,0,1,0,0,0,1,0,0,0,0,0,0,1
4459,72767412,980100,2.02E+11,20220531,401,,US23,,,US0023,US0023,0,098 US-23-10,US0023,N,N,NULL,NULL,NULL,N,NULL,NULL,NULL,NULL,NULL,NULL,29.666,NULL,NULL,NULL,NULL,,NULL,0,0,1,1,N,N,55,NULL,98,9801,NULL,,Y,37.53242,-82.57742,N,NULL,NULL,NULL,NULL,NULL,NULL,NULL,NULL,9,3,4,6,1,1,2,6,7,3,N,NULL,Y,N,401,409,409,N,NULL,38,,1,N,,N,N,098-US-0023-10,NULL,NULL,2022,O,7.28E+11,098-US-0023  -010,HIGH,098-US-0023  -000,29.666,0,0,0,0,0,0,0,0,0,0,0,0,0,1
4460,72615990,980000,21-04-002,20210419,1520,,"170 STATE HWY,319",,,,,,,,N,N,NULL,NULL,NULL,N,NULL,NULL,NULL,NULL,NULL,NULL,,NULL,NULL,NULL,NULL,NULL,NULL,0,0,2,2,N,N,15,NULL,98,9852,5,S,N,37.64016,-82.25594,N,NULL,NULL,NULL,NULL,NULL,NULL,NULL,NULL,5,3,3,6,1,1,2,2,8,3,N,NULL,N,N,1520,1525,1550,N,NULL,70,,,N,,N,N,,NULL,NULL,2021,O,7.26E+11,098-KY-0319  -000,MEDIUM,098-KY-0319  -000,6.79,0,0,0,0,0,0,1,0,0,0,0,0,0,0
4461,72819562,KSP0900,22-405438,20221021,1158,,KY122,,,KY0122,KY0122,0,098 KY-122,KY0122,N,N,NULL,NULL,NULL,N,NULL,NULL,NULL,NULL,NULL,NULL,3.839,NULL,NULL,NULL,NULL,,NULL,0,0,2,2,N,N,55,NULL,98,9827,NULL,,Y,37.3392,-82.60931,N,NULL,NULL,NULL,NULL,NULL,NULL,NULL,NULL,2,3,2,6,1,1,2,2,7,3,N,NULL,N,N,1158,1219,1300,N,NULL,56,,0,N,,N,N,098-KY-0122-0,NULL,NULL,2022,O,7.28E+11,098-KY-0122  -000,HIGH,098-KY-0122  -000,3.839,0,0,0,0,0,0,0,0,0,0,0,0,0,0
4462,72708388,980500,2021AR049,20211206,1118,,US HWY 23 NORTH,,,,,,,,N,N,NULL,NULL,NULL,N,NULL,NULL,NULL,NULL,NULL,NULL,,NULL,NULL,NULL,NULL,NULL,NULL,2,0,3,3,N,N,45,NULL,98,9807,NULL,,Y,37.52246,-82.57061,N,NULL,NULL,NULL,NULL,NULL,NULL,NULL,NULL,1,3,7,6,1,5,6,2,7,3,Y,NULL,Y,Y,1118,1120,1230,N,NULL,55,,,N,,N,N,,NULL,NULL,2021,C,7.27E+11,098-US-0023  -000,MEDIUM,098-US-0023  -000,28.88,0,0,0,1,0,0,1,1,0,0,0,0,0,0
4463,72462876,980500,2020AR004,20200107,1440,,MAYO,N,TRL,US0023,US0023,0,098 US-23-10,US0023,N,N,NULL,NULL,NULL,N,NULL,NULL,NULL,NULL,NULL,NULL,28.066,NULL,NULL,NULL,NULL,,NULL,0,0,2,2,N,N,45,NULL,98,9807,NULL,,Y,37.51526,-82.55949,N,NULL,NULL,NULL,NULL,NULL,NULL,NULL,NULL,5,3,6,6,1,1,2,2,1,3,N,NULL,Y,N,1440,1442,1520,N,NULL,49,,1,N,,N,N,098-US-0023-10,NULL,NULL,2020,O,7.25E+11,098-US-0023  -010,HIGH,098-US-0023  -000,28.066,0,0,0,0,0,0,1,0,0,0,0,0,0,0
4464,72609025,980000,21-03-003,20210327,1545,,US119,,,US0119,US0119,0,098 US-119,US0119,N,Y,TOLER,,RD,N,NULL,NULL,NULL,NULL,NULL,NULL,22.572,NULL,NULL,NULL,NULL,,NULL,3,0,4,4,N,N,55,NULL,98,9852,NULL,,Y,37.63937,-82.25858,N,NULL,NULL,NULL,NULL,NULL,NULL,NULL,NULL,1,3,4,6,1,5,3,2,7,3,N,NULL,Y,Y,1608,1608,1650,N,NULL,10,2,1,N,,N,N,098-US-0119-0,NULL,NULL,2021,B,7.26E+11,098-US-0119  -000,HIGH,098-US-0119  -000,22.572,0,0,1,0,0,0,1,1,0,0,1,0,0,0
4465,72612638,980100,2.02E+11,20210329,1258,,BAIRD,,AVE,KY1426,KY1426,0,098 KY-1426,KY1426,Y,N,NULL,NULL,NULL,N,NULL,NULL,NULL,NULL,NULL,NULL,5.388,NULL,NULL,NULL,NULL,,NULL,0,0,2,2,N,N,55,NULL,98,9801,NULL,,Y,37.47337,-82.52714,N,NULL,NULL,NULL,NULL,NULL,NULL,NULL,NULL,5,97,2,6,1,1,2,2,1,3,N,NULL,Y,N,1258,1303,,N,NULL,90,,0,N,,N,N,098-KY-1426-0,NULL,NULL,2021,O,7.26E+11,098-KY-1426  -000,HIGH,098-KY-1426  -000,5.388,0,0,0,1,0,0,1,0,0,0,0,0,0,1
4466,72837662,KSP0900,22-457308,20221129,1610,,SIX CAMP,,RD,,,0,098 CR-1568,CR1568,N,N,NULL,NULL,NULL,N,NULL,NULL,NULL,NULL,NULL,NULL,0.085,NULL,NULL,NULL,NULL,,NULL,0,0,2,2,N,N,25,NULL,98,9851,NULL,,Y,37.53854,-82.2542,N,NULL,NULL,NULL,NULL,NULL,NULL,NULL,NULL,2,97,1,6,1,1,2,2,7,3,N,NULL,N,N,1607,1625,1625,N,NULL,47,,,N,,N,N,098-CR-1568-0,NULL,NULL,2022,O,7.28E+11,098-CR-1568  -000,HIGH,098-CR-1568  -000,0.085,0,0,0,0,0,0,0,0,0,0,0,0,0,0
4467,72799219,KSP0900,22-335320,20220829,2056,,ELKHORN,,CRK,KY0197,KY0197,0,098 KY-197,KY0197,N,N,NULL,NULL,NULL,N,NULL,NULL,NULL,NULL,NULL,NULL,11.196,NULL,NULL,NULL,NULL,,NULL,0,0,1,1,N,N,55,NULL,98,9802,NULL,,Y,37.27048,-82.41512,N,NULL,NULL,NULL,NULL,NULL,NULL,NULL,NULL,9,3,2,6,1,5,6,6,7,3,N,NULL,N,N,2056,2100,2100,N,NULL,41,7,0,N,,N,N,098-KY-0197-0,NULL,NULL,2022,O,7.28E+11,098-KY-0197  -000,HIGH,098-KY-0197  -000,11.196,0,0,0,0,0,0,0,0,0,0,0,1,0,0
4468,72717773,KSP0900,22-7586,20220106,1615,,KY612,,,KY0612,KY0612,0,098 KY-612,KY0612,N,N,NULL,NULL,NULL,N,NULL,NULL,NULL,NULL,NULL,NULL,6.368,NULL,NULL,NULL,NULL,,NULL,1,0,1,1,N,N,45,NULL,98,9826,NULL,,Y,37.64793,-82.31178,N,NULL,NULL,NULL,NULL,NULL,NULL,NULL,NULL,9,4,2,2,1,4,9,2,7,3,N,NULL,Y,Y,1615,1742,1800,N,NULL,44,8,0,N,,N,N,098-KY-0612-0,NULL,NULL,2022,B,7.27E+11,098-KY-0612  -000,HIGH,098-KY-0612  -000,6.368,0,0,0,0,0,0,0,0,0,0,0,1,0,0
4469,72525280,370200,2020-601074,20200715,951,,OWSLEY,,RD,KY1384,KY1384,0,098 KY-1384,KY1384,N,N,NULL,NULL,NULL,N,NULL,NULL,NULL,NULL,NULL,NULL,0.353,NULL,NULL,NULL,NULL,,NULL,0,0,2,2,N,N,35,NULL,98,9801,NULL,,Y,37.52824,-82.61765,N,NULL,NULL,NULL,NULL,NULL,NULL,NULL,NULL,7,3,2,2,1,1,2,2,7,3,N,NULL,N,N,951,1028,1028,N,NULL,54,,0,Y,,N,N,098-KY-1384-0,NULL,NULL,2020,O,7.25E+11,098-KY-1384  -000,HIGH,098-KY-1384  -000,0.353,0,1,0,0,0,0,1,0,1,0,0,1,0,0
4470,72780990,KSP0900,22-259547,20220708,1741,,KY1426,,,KY1426,KY1426,0,098 KY-1426,KY1426,N,N,NULL,NULL,NULL,N,NULL,NULL,NULL,NULL,NULL,NULL,12.989,NULL,NULL,NULL,NULL,,NULL,1,0,1,1,N,N,45,NULL,98,9828,NULL,,Y,37.54658,-82.46187,N,NULL,NULL,NULL,NULL,NULL,NULL,NULL,NULL,9,6,2,3,1,5,6,2,7,3,Y,NULL,N,Y,1741,1754,1754,N,NULL,51,7,0,N,,N,N,098-KY-1426-0,NULL,NULL,2022,B,7.28E+11,098-KY-1426  -000,HIGH,098-KY-1426  -000,12.989,0,0,0,0,0,0,0,0,0,0,0,1,0,0
4471,72480992,980500,2020AR017,20200226,1155,,COUNTRY MUSIC HIGHWAY,,,,,,,,N,N,NULL,NULL,NULL,N,NULL,NULL,NULL,NULL,NULL,NULL,,NULL,NULL,NULL,NULL,NULL,NULL,0,0,2,2,N,N,45,NULL,98,9807,NULL,,Y,37.51901,-82.56615,N,NULL,NULL,NULL,NULL,NULL,NULL,NULL,NULL,1,3,8,5,1,1,2,2,7,3,N,NULL,Y,Y,1155,1156,1158,N,NULL,55,,,N,,N,N,,NULL,NULL,2020,O,7.25E+11,098-CS-3000  -071,MEDIUM,098-CS-3000  -071,0.01,0,0,0,1,0,0,1,0,0,0,0,0,0,0
4472,72705568,KSP0900,21-496104,20211206,650,,CLEVINGER,,BR,,,0,098 CR-1497,CR1497,N,N,NULL,NULL,NULL,N,NULL,NULL,NULL,NULL,NULL,NULL,0.429,NULL,NULL,NULL,NULL,,NULL,0,0,1,1,N,N,15,NULL,98,9801,NULL,,Y,37.54239,-82.52436,N,NULL,NULL,NULL,NULL,NULL,NULL,NULL,NULL,9,5,2,3,1,1,2,2,6,1,N,NULL,Y,N,653,750,900,N,NULL,44,,,N,,N,N,098-CR-1497-0,NULL,NULL,2021,O,7.27E+11,098-CR-1497  -000,HIGH,098-CR-1497  -000,0.429,0,0,0,0,0,0,1,0,0,0,0,1,0,0
4473,72680997,KSP0900,21-416250,20211008,2230,,US460,,,US0460,US0460,0,098 US-460,US0460,N,N,NULL,NULL,NULL,N,NULL,NULL,NULL,NULL,NULL,NULL,9.321,NULL,NULL,NULL,NULL,,NULL,0,0,2,2,N,N,35,NULL,98,9830,NULL,,Y,37.36857,-82.41468,N,NULL,NULL,NULL,NULL,NULL,NULL,NULL,NULL,5,3,2,6,1,5,6,7,7,3,N,NULL,Y,N,2256,2300,2330,N,NULL,49,,1,N,,N,N,098-US-0460-0,NULL,NULL,2021,O,7.27E+11,098-US-0460  -000,HIGH,098-US-0460  -000,9.321,0,0,0,0,0,0,1,0,0,0,0,0,0,0