OBJECTID,MasterFile,AgencyORINumber,LocalCode,CollisionDate,CollisionTime,CollisionDayWeekCode,RoadwayName,RoadwayName_Direction_,RoadwayName_RoadwaySuffix_,RoadwayfromReport,CurrentRoadwayNumber,RoadwayNumberCoupletID,RSEUniqueGIS,RoadwayIdentifier,ParkingLotIndicator,IntersectionWith_Indicator_,IntersectionWith_NameRoadway_,IntersectionWith_Direction_,IntersectionWith_RoadwaySuffix_,BetweenStreets_Indicator_,BetweenStreets1_NameRoadway_,BetweenStreet1_Direction_,BetweenStreets1_RoadwaySuffix_,BetweenStreets2_NameRoadway_,BetweenStreets2_Direction_,BetweenStreets2_RoadwaySuffix_,Milepoint,ReportMilepointDeriveNumber,CurrentDerivedMiepointNumber,MilestoMilepoint,FeettoMilepoint,DirectionfromMilepoint_NSEW_,ValidMilepointIndicator,NumberInjured,NumberKilled,ofUnits,ofMotorVehicleUnits,Hit&RunIndicator,OneWayIndicator,SpeedLimitNumber,KilometersIndicator,CountyCode,CityCountyCode,MilesFromCity,DirectionFromCity_NSEW_,InCityLimitsIndicator,Latitude,Longitude,RampIndicator,RampFromIdentifier,RampFromDirCode,RampFromCoupletID,RSEUniqueGISRampFrom,RampToidentifier,RampToDirCode,RampToCoupletID,RSEUniqueGisRampTo,MannerofCollisionCode,LocationFirstEventCode,TotalLanes,RoadwayCharacterCode,RoadwaySurfaceCode,RoadwayConditionCode,WeatherCode,LightConditionCode,LandUseCode,SchoolBusRelatedCode,FirstAidSceneIndicator,CollDescPresentInd,InvestigationCompleteIndicator,PhotosTakenIndicator,TimeNotified,TimeArrived,TimeRoadwayOpened,PropertyDamageIndicator,DiagramPresentIndicator,DirectionalAnalysis,FunctionClassCode,NationalHwySysCode,EnforcementsIndicator,KARSCityCode,SecondaryCollisionIndicator,MedianCrossoverIndicator,RT_UNIQUE,MapIt,TimeLastLeft,YR,KABCO,MFNY,WorkingRID,RT_CONFIDENCE,KTC_RT,KTC_MP,Motorcyclist,Commercial Vehicle,Young Driver,Mature Driver,Pedestrian,Bicyclist,Distracted,Aggressive,Impaired,Unrestrained,Intersection,Roadway Departure,Median Cross-over,City Crash
4474,72713283,980100,2.02E+11,20211221,1246,,BYPASS,,RD,,,0,098 CS-1223,CS1223,Y,N,NULL,NULL,NULL,N,NULL,NULL,NULL,NULL,NULL,NULL,,NULL,NULL,NULL,NULL,NULL,NULL,0,0,1,1,N,N,,NULL,98,9801,NULL,,Y,37.47128,-82.52117,N,NULL,NULL,NULL,NULL,NULL,NULL,NULL,NULL,9,97,1,6,1,1,2,2,1,3,N,NULL,Y,N,1247,1251,1251,Y,NULL,90,,,N,,N,N,098-CS-1223-0,NULL,NULL,2021,O,7.27E+11,098-CS-1223  -000,HIGH,098-CS-1223  -000,0.135,0,0,0,0,0,0,1,0,0,0,0,1,0,1
4475,72532149,980100,2.02E+11,20200816,1538,,HAMBLEY,,BLVD,,,0,098 CS-1222,CS1222,N,N,NULL,NULL,NULL,N,NULL,NULL,NULL,NULL,NULL,NULL,1.09,NULL,NULL,NULL,NULL,,NULL,0,0,2,2,N,N,35,NULL,98,9801,NULL,,Y,37.48492,-82.52329,N,NULL,NULL,NULL,NULL,NULL,NULL,NULL,NULL,8,5,2,6,1,1,2,2,1,3,N,NULL,Y,N,1538,1544,1544,N,NULL,47,,,N,,N,N,098-CS-1222-0,NULL,NULL,2020,O,7.25E+11,098-CS-1222  -000,HIGH,098-CS-1222  -000,1.09,0,0,0,0,0,0,0,0,0,0,0,0,0,1
4476,72469789,980100,2.02E+11,20200130,1506,,CASSIDY,,BLVD,,,,,,Y,N,NULL,NULL,NULL,N,NULL,NULL,NULL,NULL,NULL,NULL,,NULL,NULL,NULL,NULL,NULL,NULL,0,0,2,2,N,Y,,NULL,98,9801,NULL,,Y,37.50431,-82.53702,N,NULL,NULL,NULL,NULL,NULL,NULL,NULL,NULL,2,97,1,6,1,5,3,2,1,3,N,NULL,Y,N,1507,1518,1518,N,NULL,90,,,N,,N,N,,NULL,NULL,2020,O,7.25E+11,098-CS-1191  -000,MEDIUM,098-CS-1191  -000,0.267,0,0,0,0,0,0,1,0,0,0,0,0,0,1
4477,72577083,980100,2.02E+11,20201127,1515,,HAMBLEY,,BLVD,,,,,,Y,N,NULL,NULL,NULL,N,NULL,NULL,NULL,NULL,NULL,NULL,0.641,NULL,NULL,NULL,NULL,,NULL,0,0,2,2,N,N,25,NULL,98,9801,NULL,,Y,37.48021,-82.51916,N,NULL,NULL,NULL,NULL,NULL,NULL,NULL,NULL,1,97,2,6,1,1,2,2,7,3,N,NULL,Y,N,1515,1516,1516,N,NULL,47,,,N,,N,N,,NULL,NULL,2020,O,7.26E+11,098-CS-1222  -000,MEDIUM,098-CS-1222  -000,0.641,0,0,0,0,0,0,1,0,0,0,0,0,0,1
4478,72630304,KSP0900,21-220111,20210529,2134,,ELKHORN,,CRK,KY0197,KY0197,0,098 KY-197,KY0197,N,N,NULL,NULL,NULL,N,NULL,NULL,NULL,NULL,NULL,NULL,13.097,NULL,NULL,NULL,NULL,,NULL,2,0,1,1,N,N,55,NULL,98,9802,NULL,,Y,37.27676,-82.39086,N,NULL,NULL,NULL,NULL,NULL,NULL,NULL,NULL,9,6,2,6,1,5,6,6,7,3,N,NULL,Y,Y,2137,2150,2300,N,NULL,51,7,0,N,,N,N,098-KY-0197-0,NULL,NULL,2021,B,7.26E+11,098-KY-0197  -000,HIGH,098-KY-0197  -000,13.097,0,0,0,0,0,0,0,0,0,0,0,1,0,0
4479,72557140,980200,ELK4125-43-20,20201023,2245,,JOHN MOORE,,BR,,,0,098 CR-1614,CR1614,N,N,NULL,NULL,NULL,N,NULL,NULL,NULL,NULL,NULL,NULL,1.524,NULL,NULL,NULL,NULL,,NULL,0,0,1,1,Y,N,25,NULL,98,9802,NULL,,Y,37.31096,-82.35876,N,NULL,NULL,NULL,NULL,NULL,NULL,NULL,NULL,9,4,1,6,1,1,2,7,3,3,N,NULL,N,Y,2245,2250,2245,N,NULL,51,,,N,,N,N,098-CR-1614-0,NULL,NULL,2020,O,7.26E+11,098-CR-1614  -000,HIGH,098-CR-1614  -000,0.941,0,0,0,0,0,0,0,0,0,0,0,1,0,0
4480,72567461,KSP0900,20-739811,20201013,1316,,TOLER,,RD,KY0319,KY0319,,,,N,N,NULL,NULL,NULL,N,NULL,NULL,NULL,NULL,NULL,NULL,0.767,NULL,NULL,NULL,NULL,,NULL,3,0,2,2,N,N,55,NULL,98,9863,NULL,,Y,37.58265,-82.19233,N,NULL,NULL,NULL,NULL,NULL,NULL,NULL,NULL,7,3,2,1,1,1,2,2,7,3,Y,NULL,Y,Y,1316,1348,1413,N,NULL,54,7,0,Y,,N,N,,NULL,NULL,2020,C,7.26E+11,098-KY-0319  -000,HIGH,098-KY-0319  -000,0.767,0,0,0,0,0,0,0,1,1,0,0,1,0,0
4481,72582537,KSP0900,2020-842867,20201224,2130,,US460,,,US0460,US0460,0,098 US-460,US0460,N,N,NULL,NULL,NULL,N,NULL,NULL,NULL,NULL,NULL,NULL,11.227,NULL,NULL,NULL,NULL,,NULL,0,0,2,2,N,N,55,NULL,98,9822,NULL,,Y,37.35838,-82.39545,N,NULL,NULL,NULL,NULL,NULL,NULL,NULL,NULL,8,3,2,6,1,4,9,6,7,3,N,NULL,N,N,2130,2148,2148,N,NULL,40,,1,N,,N,N,098-US-0460-0,NULL,NULL,2020,O,7.26E+11,098-US-0460  -000,HIGH,098-US-0460  -000,11.227,0,0,0,0,0,0,0,0,0,0,0,1,0,0
4482,72833422,KSP0900,22-439529,20221115,2050,,MEATHOUSE,,FRK,KY3154,KY3154,0,098 KY-3154,KY3154,N,N,NULL,NULL,NULL,N,NULL,NULL,NULL,NULL,NULL,NULL,2.27,NULL,NULL,NULL,NULL,,NULL,0,0,1,1,N,N,25,NULL,98,9838,NULL,,Y,37.60362,-82.33044,N,NULL,NULL,NULL,NULL,NULL,NULL,NULL,NULL,9,3,2,6,1,5,6,7,7,3,N,NULL,Y,Y,2050,2100,2100,N,NULL,40,9,0,N,,N,N,098-KY-3154-0,NULL,NULL,2022,O,7.28E+11,098-KY-3154  -000,HIGH,098-KY-3154  -000,2.27,0,0,0,0,0,0,1,0,0,0,0,1,0,0
4483,72750063,980100,2.02E+11,20220413,748,,US23,,,US0023,US0023,0,098 US-23-10,US0023,N,N,NULL,NULL,NULL,N,NULL,NULL,NULL,NULL,NULL,NULL,26.562,NULL,NULL,NULL,NULL,,NULL,0,0,3,3,N,N,55,NULL,98,9801,NULL,,Y,37.50715,-82.53448,N,NULL,NULL,NULL,NULL,NULL,NULL,NULL,NULL,5,3,4,6,1,1,3,2,1,3,N,NULL,Y,N,743,747,830,N,NULL,49,,1,N,,N,N,098-US-0023-10,NULL,NULL,2022,O,7.28E+11,098-US-0023  -010,HIGH,098-US-0023  -000,26.562,0,0,1,0,0,0,1,0,0,0,0,0,0,1
4484,72693902,980100,2.02E+11,20211105,1714,,KEYSER HEIGHTS,,DR,,,0,098 CS-1187,CS1187,N,N,NULL,NULL,NULL,N,NULL,NULL,NULL,NULL,NULL,NULL,0.03,NULL,NULL,NULL,NULL,,NULL,0,0,2,2,N,N,55,NULL,98,9801,NULL,,Y,37.49192,-82.53506,N,NULL,NULL,NULL,NULL,NULL,NULL,NULL,NULL,5,3,4,6,1,1,2,2,1,3,N,NULL,Y,N,1714,1720,1729,N,NULL,70,,,N,,N,N,098-CS-1187-0,NULL,NULL,2021,O,7.27E+11,098-CS-1187  -000,HIGH,098-CS-1187  -000,0.03,0,0,1,1,0,0,1,0,0,0,0,0,0,1
4485,72544910,980100,20200011548,20200922,1443,,KY1426,,,KY1426,KY1426,0,098 KY-1426,KY1426,Y,N,NULL,NULL,NULL,N,NULL,NULL,NULL,NULL,NULL,NULL,6.908,NULL,NULL,NULL,NULL,,NULL,0,0,2,2,Y,N,,NULL,98,9801,NULL,,Y,37.48623,-82.50874,N,NULL,NULL,NULL,NULL,NULL,NULL,NULL,NULL,5,7,2,,1,1,2,2,5,3,N,NULL,Y,N,1443,1450,1450,N,NULL,90,,0,N,,N,N,098-KY-1426-0,NULL,NULL,2020,O,7.25E+11,098-KY-1426  -000,HIGH,098-KY-1426  -000,6.908,0,0,0,0,0,0,0,0,0,0,0,0,0,1
4486,72786247,KSP0900,22-264844,20220712,1245,,KENDRICK,,FRK,,,0,098 CR-1312,CR1312,N,N,NULL,NULL,NULL,N,NULL,NULL,NULL,NULL,NULL,NULL,0.057,NULL,NULL,NULL,NULL,,NULL,1,0,1,1,N,N,35,NULL,98,9801,NULL,,Y,37.45905,-82.46213,N,NULL,NULL,NULL,NULL,NULL,NULL,NULL,NULL,9,3,1,3,1,1,2,2,7,3,N,NULL,Y,Y,1228,1245,1245,N,NULL,70,,,Y,,N,N,098-CR-1312-0,NULL,NULL,2022,B,7.28E+11,098-CR-1312  -000,HIGH,098-CR-1312  -000,0.057,0,0,0,0,0,0,1,0,0,0,0,1,0,0
4487,72528507,KSP0900,20-625922,20200730,1722,,KY2167,,,KY2167,KY2167,0,098 KY-2167,KY2167,N,N,NULL,NULL,NULL,N,NULL,NULL,NULL,NULL,NULL,NULL,0.108,NULL,NULL,NULL,NULL,,NULL,0,0,1,1,N,N,55,NULL,98,9823,NULL,,Y,37.38575,-82.54292,N,NULL,NULL,NULL,NULL,NULL,NULL,NULL,NULL,9,3,2,4,1,5,6,2,7,3,N,NULL,Y,Y,1722,1759,,N,NULL,40,7,0,N,,N,N,098-KY-2167-0,NULL,NULL,2020,O,7.25E+11,098-KY-2167  -000,HIGH,098-KY-2167  -000,0.108,0,0,0,0,0,0,0,0,0,0,0,1,0,0
4488,72541136,KSP0900,20-685161,20200906,737,,KY292,,,KY0292,KY0292,0,098 KY-292,KY0292,N,N,NULL,NULL,NULL,N,NULL,NULL,NULL,NULL,NULL,NULL,4.388,NULL,NULL,NULL,NULL,,NULL,0,0,1,1,N,N,45,NULL,98,9869,NULL,,Y,37.65945,-82.26306,N,NULL,NULL,NULL,NULL,NULL,NULL,NULL,NULL,9,4,2,6,1,1,10,1,7,3,N,NULL,Y,Y,828,842,909,N,NULL,51,8,0,N,,N,N,098-KY-0292-0,NULL,NULL,2020,O,7.25E+11,098-KY-0292  -000,HIGH,098-KY-0292  -000,4.388,0,0,0,0,0,0,0,0,0,0,0,1,0,0
4489,72735172,980100,2.02E+11,20220224,1649,,US23,,,US0023,US0023,0,098 US-23,US0023,N,N,NULL,NULL,NULL,N,NULL,NULL,NULL,NULL,NULL,NULL,26.225,NULL,NULL,NULL,NULL,,NULL,0,0,2,2,N,N,55,NULL,98,9801,NULL,,Y,37.50285,-82.53218,N,NULL,NULL,NULL,NULL,NULL,NULL,NULL,NULL,5,3,4,6,1,5,6,2,1,3,N,NULL,Y,N,1649,1649,1702,N,NULL,49,,1,Y,,N,N,098-US-0023-0,NULL,NULL,2022,O,7.27E+11,098-US-0023  -000,HIGH,098-US-0023  -000,26.225,0,0,0,0,0,0,1,0,0,0,0,0,0,1
4490,72588156,980200,ELK4125-46-20,20201231,1830,,ELKHORN,,CRK,KY0197,KY0197,0,098 KY-197,KY0197,N,N,NULL,NULL,NULL,N,NULL,NULL,NULL,NULL,NULL,NULL,13.047,NULL,NULL,NULL,NULL,,NULL,0,0,1,1,N,N,55,NULL,98,9802,NULL,,Y,37.27707,-82.39149,N,NULL,NULL,NULL,NULL,NULL,NULL,NULL,NULL,9,97,2,3,1,1,2,6,2,3,N,NULL,Y,Y,1830,1845,1830,Y,NULL,40,7,0,N,,N,Y,098-KY-0197-0,NULL,NULL,2020,O,7.26E+11,098-KY-0197  -000,HIGH,098-KY-0197  -000,13.054,0,0,0,1,0,0,0,0,1,1,0,1,0,0
4491,72778498,980500,2022AR031,20220701,1300,,US23 NORTH,,,US0023,US0023,0,098 US-23-10,US0023,N,N,NULL,NULL,NULL,N,NULL,NULL,NULL,NULL,NULL,NULL,,NULL,NULL,NULL,NULL,NULL,NULL,0,0,3,3,N,N,45,NULL,98,9807,NULL,,Y,37.5192,-82.56647,N,NULL,NULL,NULL,NULL,NULL,NULL,NULL,NULL,5,3,6,6,1,1,2,2,7,3,N,NULL,Y,Y,1300,1302,1304,N,NULL,49,,1,N,,N,N,098-US-0023-10,NULL,NULL,2022,O,7.28E+11,098-US-0023  -010,HIGH,098-US-0023  -000,28.54,0,0,1,0,0,0,1,1,0,0,0,0,0,0
4492,72489426,KSP0900,20-10397,20200319,1839,,ROAD CREEK,,RD,,,0,098 CR-1659,CR1659,N,N,NULL,NULL,NULL,N,NULL,NULL,NULL,NULL,NULL,NULL,0.024,NULL,NULL,NULL,NULL,,NULL,0,0,2,2,N,N,15,NULL,98,9802,NULL,,Y,37.3554,-82.38913,N,NULL,NULL,NULL,NULL,NULL,NULL,NULL,NULL,3,3,1,6,1,1,2,1,7,3,N,NULL,Y,N,1937,1939,,N,NULL,52,,,N,,N,N,098-CR-1659-0,NULL,NULL,2020,O,7.25E+11,098-CR-1659  -000,HIGH,098-CR-1659  -000,0.024,0,0,0,0,0,0,1,0,0,0,0,1,0,0
4493,72526000,KSP0900,20-614166,20200723,305,,KY194,,,KY0194,KY0194,0,098 KY-194,KY0194,N,N,NULL,NULL,NULL,N,NULL,NULL,NULL,NULL,NULL,NULL,20.102,NULL,NULL,NULL,NULL,,NULL,0,0,2,2,N,N,55,NULL,98,9820,NULL,,Y,37.54671,-82.40256,N,NULL,NULL,NULL,NULL,NULL,NULL,NULL,NULL,1,3,2,3,1,5,2,6,7,3,N,NULL,Y,Y,308,336,336,N,NULL,55,6,0,N,,N,Y,098-KY-0194-0,NULL,NULL,2020,O,7.25E+11,098-KY-0194  -000,HIGH,098-KY-0194  -000,20.102,0,0,0,0,0,0,0,1,0,0,0,1,1,0
4494,72688833,980100,2.02E+11,20211028,1148,,MAIN,,ST,,,0,098 CS-1112,CS1112,N,N,NULL,NULL,NULL,N,NULL,NULL,NULL,NULL,NULL,NULL,0.201,NULL,NULL,NULL,NULL,,NULL,0,0,2,2,N,N,15,NULL,98,9801,NULL,,Y,37.48028,-82.51686,N,NULL,NULL,NULL,NULL,NULL,NULL,NULL,NULL,8,5,2,6,1,1,2,2,1,3,N,NULL,Y,N,1149,1151,1151,N,NULL,47,,,N,,N,N,098-CS-1112-0,NULL,NULL,2021,O,7.27E+11,098-CS-1112  -000,HIGH,098-CS-1112  -000,0.201,0,0,0,0,0,0,0,0,0,0,0,0,0,1
4495,72750636,980100,2.02E+11,20220407,1544,,CASSIDY,,BLVD,,,0,098 CS-1191,CS1191,N,N,NULL,NULL,NULL,N,NULL,NULL,NULL,NULL,NULL,NULL,0.316,NULL,NULL,NULL,NULL,,NULL,0,0,2,2,N,N,15,NULL,98,9801,NULL,,Y,37.5052,-82.53717,N,NULL,NULL,NULL,NULL,NULL,NULL,NULL,NULL,2,97,1,6,1,1,3,2,1,3,N,NULL,Y,N,1544,1545,1545,N,NULL,56,,,N,,N,N,098-CS-1191-0,NULL,NULL,2022,O,7.28E+11,098-CS-1191  -000,HIGH,098-CS-1191  -000,0.316,0,0,0,0,0,0,1,0,0,0,0,0,0,1
4496,72533501,980100,2.02E+11,20200819,1014,,SYCAMORE,,ST,,,0,098 CS-1168,CS1168,Y,N,NULL,NULL,NULL,N,NULL,NULL,NULL,NULL,NULL,NULL,0.022,NULL,NULL,NULL,NULL,,NULL,0,0,2,2,N,N,,NULL,98,9801,NULL,,Y,37.47809,-82.52216,N,NULL,NULL,NULL,NULL,NULL,NULL,NULL,NULL,1,97,,6,1,1,2,2,5,3,N,NULL,Y,N,1014,1020,1020,N,NULL,90,,,N,,N,N,098-CS-1168-0,NULL,NULL,2020,O,7.25E+11,098-CS-1168  -000,HIGH,098-CS-1168  -000,0.022,0,0,1,0,0,0,0,0,0,0,0,0,0,1
4497,72564399,980500,2020AR062,20201113,1423,,US 23 NORTH,,,,,,,,N,N,NULL,NULL,NULL,N,NULL,NULL,NULL,NULL,NULL,NULL,,NULL,NULL,NULL,NULL,NULL,NULL,0,0,2,2,N,N,45,NULL,98,9807,NULL,,Y,37.52147,-82.56924,N,NULL,NULL,NULL,NULL,NULL,NULL,NULL,NULL,8,3,6,6,1,1,2,2,1,3,N,NULL,N,Y,1423,1429,1435,N,NULL,53,,,N,,N,N,,NULL,NULL,2020,O,7.26E+11,098-US-0023  -000,MEDIUM,098-US-0023  -000,28.775,0,0,0,1,0,0,1,0,0,0,0,1,0,0
4498,72389035,980500,2019AR053,20190805,1405,,WEDDINGTON BRANCH,,RD,,,0,098 CS-3026,CS3026,Y,N,NULL,NULL,NULL,N,NULL,NULL,NULL,NULL,NULL,NULL,,NULL,NULL,NULL,NULL,,NULL,0,0,2,2,N,N,15,NULL,98,9807,NULL,,Y,37.52228,-82.57212,N,NULL,NULL,NULL,NULL,NULL,NULL,NULL,NULL,2,97,1,6,1,1,2,2,1,3,N,NULL,Y,Y,1405,1406,1416,N,NULL,90,,,N,,N,N,098-CS-3026-0,NULL,NULL,2019,O,7.24E+11,098-CS-3026  -000,HIGH,098-CS-3026  -000,0,0,0,0,0,0,0,1,0,0,0,0,0,0,0
4499,72610571,980100,2.02E+11,20210330,1601,,CASSIDY,,BLVD,,,,,,N,N,NULL,NULL,NULL,N,NULL,NULL,NULL,NULL,NULL,NULL,0.227,NULL,NULL,NULL,NULL,,NULL,0,0,2,2,N,N,35,NULL,98,9801,NULL,,Y,37.50429,-82.53561,N,NULL,NULL,NULL,NULL,NULL,NULL,NULL,NULL,8,3,4,6,1,1,2,2,1,3,N,NULL,Y,N,1601,1606,1615,N,NULL,53,,,N,,N,N,,NULL,NULL,2021,O,7.26E+11,098-CS-1191  -000,LOW,098-CS-1191  -000,0.227,0,0,0,0,0,0,1,0,0,0,0,1,0,1
4500,72665212,KSP0900,21-362553,20210831,1249,,CASSIDY,,BLVD,,,0,098 CS-1191,CS1191,N,N,NULL,NULL,NULL,N,NULL,NULL,NULL,NULL,NULL,NULL,0.311,NULL,NULL,NULL,NULL,,NULL,0,0,2,2,N,N,15,NULL,98,9801,NULL,,Y,37.50518,-82.53706,N,NULL,NULL,NULL,NULL,NULL,NULL,NULL,NULL,1,3,2,3,1,5,6,2,1,3,N,NULL,Y,N,1251,1259,1325,N,NULL,55,,,N,,N,N,098-CS-1191-0,NULL,NULL,2021,O,7.27E+11,098-CS-1191  -000,HIGH,098-CS-1191  -000,0.311,0,0,0,0,0,0,1,0,0,0,0,0,0,1
4501,72652248,980100,2.02E+11,20210727,1455,,HAMBLEY,,BLVD,,,0,098 CS-1222,CS1222,Y,N,NULL,NULL,NULL,N,NULL,NULL,NULL,NULL,NULL,NULL,0.787,NULL,NULL,NULL,NULL,,NULL,0,0,2,2,N,N,,NULL,98,9801,NULL,,Y,37.48228,-82.51905,N,NULL,NULL,NULL,NULL,NULL,NULL,NULL,NULL,2,97,1,6,1,1,2,2,1,3,N,NULL,Y,N,1456,1508,1508,N,NULL,90,,,N,,N,N,098-CS-1222-0,NULL,NULL,2021,O,7.27E+11,098-CS-1222  -000,HIGH,098-CS-1222  -000,0.787,0,0,0,0,0,0,1,0,0,0,0,0,0,1
4502,72817740,980100,2.02E+11,20221011,1302,,US23,,,US0023,US0023,0,098 US-23,US0023,N,N,NULL,NULL,NULL,N,NULL,NULL,NULL,NULL,NULL,NULL,27.34,NULL,NULL,NULL,NULL,,NULL,1,0,2,2,N,N,55,NULL,98,9801,NULL,,Y,37.51082,-82.54809,N,NULL,NULL,NULL,NULL,NULL,NULL,NULL,NULL,1,3,4,6,1,1,2,2,7,3,Y,NULL,Y,Y,1303,1310,1336,N,NULL,55,,1,N,,N,N,098-US-0023-0,NULL,NULL,2022,C,7.28E+11,098-US-0023  -000,HIGH,098-US-0023  -000,27.34,0,0,0,1,0,0,1,1,0,0,0,0,0,1
4503,72645806,980100,2.02E+11,20210710,1631,,CASSIDY,,BLVD,,,,,,Y,N,NULL,NULL,NULL,N,NULL,NULL,NULL,NULL,NULL,NULL,0.329,NULL,NULL,NULL,NULL,,NULL,0,0,2,2,N,N,,NULL,98,9801,NULL,,Y,37.50557,-82.53767,N,NULL,NULL,NULL,NULL,NULL,NULL,NULL,NULL,2,97,,6,1,5,6,2,1,3,N,NULL,Y,N,1631,1643,,N,NULL,90,,,N,,N,N,,NULL,NULL,2021,O,7.26E+11,098-CS-1191  -000,MEDIUM,098-CS-1191  -000,0.329,0,0,0,1,0,0,1,0,0,0,0,0,0,1
4504,72826147,980100,2.02E+11,20221104,939,,US23,,,US0023,US0023,0,098 US-23,US0023,N,N,NULL,NULL,NULL,N,NULL,NULL,NULL,NULL,NULL,NULL,31.582,NULL,NULL,NULL,NULL,,NULL,0,0,2,2,N,N,55,NULL,98,9801,NULL,,Y,37.53682,-82.60129,N,NULL,NULL,NULL,NULL,NULL,NULL,NULL,NULL,5,3,4,6,1,1,2,2,7,3,N,NULL,Y,N,939,953,1032,N,NULL,49,,1,N,,N,N,098-US-0023-0,NULL,NULL,2022,O,7.28E+11,098-US-0023  -000,HIGH,098-US-0023  -000,31.582,0,0,0,0,0,0,0,0,0,0,0,0,0,1
4505,72796799,KSP0900,22-323831,20220821,1700,,US23,,,US0023,US0023,,,,N,N,NULL,NULL,NULL,N,NULL,NULL,NULL,NULL,NULL,NULL,12.363,NULL,NULL,NULL,NULL,,NULL,3,0,2,2,N,N,55,NULL,98,9801,0.6,S,N,37.36669,-82.54937,N,NULL,NULL,NULL,NULL,NULL,NULL,NULL,NULL,1,3,4,3,1,1,2,2,7,3,Y,NULL,Y,Y,1700,1700,1700,N,NULL,55,,1,N,,N,N,,NULL,NULL,2022,C,7.28E+11,098-US-0023  -010,MEDIUM,098-US-0023  -000,12.363,0,0,0,0,0,0,1,0,0,0,0,0,0,0
4506,72843180,980200,980200,20221216,1543,,LARA ANNE,,LN,,,0,098 CS-2018,CS2018,Y,N,NULL,NULL,NULL,N,NULL,NULL,NULL,NULL,NULL,NULL,0.069,NULL,NULL,NULL,NULL,,NULL,0,0,2,2,N,N,5,NULL,98,9802,NULL,,Y,37.30292,-82.35153,N,NULL,NULL,NULL,NULL,NULL,NULL,NULL,NULL,2,97,,6,1,1,2,2,1,3,N,NULL,N,Y,1543,1546,,N,NULL,90,,,N,,N,N,098-CS-2018-0,NULL,NULL,2022,O,7.28E+11,098-CS-2018  -000,HIGH,098-CS-2018  -000,0.069,0,0,0,1,0,0,1,0,0,0,0,0,0,0
4507,72816585,980100,2.02E+11,20221014,2037,,CASSIDY,,BLVD,,,0,098 CS-1191,CS1191,N,N,NULL,NULL,NULL,N,NULL,NULL,NULL,NULL,NULL,NULL,0.25,NULL,NULL,NULL,NULL,,NULL,0,0,2,2,N,N,35,NULL,98,9801,NULL,,Y,37.50452,-82.53596,N,NULL,NULL,NULL,NULL,NULL,NULL,NULL,NULL,1,3,3,6,1,1,2,5,1,3,N,NULL,Y,N,2037,2042,2143,N,NULL,55,,,N,,N,N,098-CS-1191-0,NULL,NULL,2022,O,7.28E+11,098-CS-1191  -000,HIGH,098-CS-1191  -000,0.25,0,0,0,0,0,0,1,1,0,0,0,0,0,1
4508,72735123,980100,2.02E+11,20220225,1537,,US23,,,US0023,US0023,0,098 US-23,US0023,N,N,NULL,NULL,NULL,N,NULL,NULL,NULL,NULL,NULL,NULL,26.222,NULL,NULL,NULL,NULL,,NULL,0,0,2,2,N,N,55,NULL,98,9801,NULL,,Y,37.50279,-82.53203,N,NULL,NULL,NULL,NULL,NULL,NULL,NULL,NULL,5,3,4,6,1,1,3,2,7,3,N,NULL,Y,N,1537,1542,1606,N,NULL,70,,1,N,,N,N,098-US-0023-0,NULL,NULL,2022,O,7.27E+11,098-US-0023  -000,HIGH,098-US-0023  -000,26.222,0,0,0,1,0,0,1,0,0,0,0,0,0,1
4509,72552589,980500,2020AR57,20201014,1111,,US 23 NORTH,,,,,,,,N,N,NULL,NULL,NULL,N,NULL,NULL,NULL,NULL,NULL,NULL,,NULL,NULL,NULL,NULL,NULL,NULL,3,0,2,2,N,N,45,NULL,98,9807,NULL,,Y,37.52249,-82.57075,N,NULL,NULL,NULL,NULL,NULL,NULL,NULL,NULL,4,3,6,6,1,1,2,2,1,3,Y,NULL,Y,Y,1111,1113,1203,N,NULL,70,,,N,,N,N,,NULL,NULL,2020,C,7.26E+11,098-US-0023  -000,MEDIUM,098-US-0023  -000,28.886,0,0,0,0,0,0,1,1,0,0,0,0,0,0
4510,72498888,980000,20-04-008,20200425,2100,,UPPER POMPEY,,RD,,,0,098 CR-1326,CR1326,N,N,NULL,NULL,NULL,N,NULL,NULL,NULL,NULL,NULL,NULL,0.758,NULL,NULL,NULL,NULL,,NULL,1,0,1,1,N,N,15,NULL,98,9850,NULL,,Y,37.4597,-82.4088,N,NULL,NULL,NULL,NULL,NULL,NULL,NULL,NULL,9,4,1,2,1,5,6,6,7,3,Y,NULL,Y,Y,2100,2115,2130,N,NULL,51,,,N,,N,N,098-CR-1326-0,NULL,NULL,2020,C,7.25E+11,098-CR-1326  -000,HIGH,098-CR-1326  -000,0.758,0,0,1,0,0,0,1,0,0,0,0,1,0,0
4511,72594611,KSP0900,21-60365,20210214,1900,,US119,,,US0119,US0119,0,098 US-119,US0119,N,N,NULL,NULL,NULL,N,NULL,NULL,NULL,NULL,NULL,NULL,6.304,NULL,NULL,NULL,NULL,,NULL,0,0,1,1,N,N,55,NULL,98,9801,NULL,,Y,37.54312,-82.44682,N,NULL,NULL,NULL,NULL,NULL,NULL,NULL,NULL,9,3,2,6,1,5,8,6,7,1,N,NULL,Y,Y,1900,1933,1933,N,NULL,40,2,1,N,,N,N,098-US-0119-0,NULL,NULL,2021,O,7.26E+11,098-US-0119  -000,HIGH,098-US-0119  -000,6.304,0,0,0,0,0,0,0,0,0,1,0,1,0,0