OBJECTID,MasterFile,AgencyORINumber,LocalCode,CollisionDate,CollisionTime,CollisionDayWeekCode,RoadwayName,RoadwayName_Direction_,RoadwayName_RoadwaySuffix_,RoadwayfromReport,CurrentRoadwayNumber,RoadwayNumberCoupletID,RSEUniqueGIS,RoadwayIdentifier,ParkingLotIndicator,IntersectionWith_Indicator_,IntersectionWith_NameRoadway_,IntersectionWith_Direction_,IntersectionWith_RoadwaySuffix_,BetweenStreets_Indicator_,BetweenStreets1_NameRoadway_,BetweenStreet1_Direction_,BetweenStreets1_RoadwaySuffix_,BetweenStreets2_NameRoadway_,BetweenStreets2_Direction_,BetweenStreets2_RoadwaySuffix_,Milepoint,ReportMilepointDeriveNumber,CurrentDerivedMiepointNumber,MilestoMilepoint,FeettoMilepoint,DirectionfromMilepoint_NSEW_,ValidMilepointIndicator,NumberInjured,NumberKilled,ofUnits,ofMotorVehicleUnits,Hit&RunIndicator,OneWayIndicator,SpeedLimitNumber,KilometersIndicator,CountyCode,CityCountyCode,MilesFromCity,DirectionFromCity_NSEW_,InCityLimitsIndicator,Latitude,Longitude,RampIndicator,RampFromIdentifier,RampFromDirCode,RampFromCoupletID,RSEUniqueGISRampFrom,RampToidentifier,RampToDirCode,RampToCoupletID,RSEUniqueGisRampTo,MannerofCollisionCode,LocationFirstEventCode,TotalLanes,RoadwayCharacterCode,RoadwaySurfaceCode,RoadwayConditionCode,WeatherCode,LightConditionCode,LandUseCode,SchoolBusRelatedCode,FirstAidSceneIndicator,CollDescPresentInd,InvestigationCompleteIndicator,PhotosTakenIndicator,TimeNotified,TimeArrived,TimeRoadwayOpened,PropertyDamageIndicator,DiagramPresentIndicator,DirectionalAnalysis,FunctionClassCode,NationalHwySysCode,EnforcementsIndicator,KARSCityCode,SecondaryCollisionIndicator,MedianCrossoverIndicator,RT_UNIQUE,MapIt,TimeLastLeft,YR,KABCO,MFNY,WorkingRID,RT_CONFIDENCE,KTC_RT,KTC_MP,Motorcyclist,Commercial Vehicle,Young Driver,Mature Driver,Pedestrian,Bicyclist,Distracted,Aggressive,Impaired,Unrestrained,Intersection,Roadway Departure,Median Cross-over,City Crash
4512,72493838,KSP0900,20-11391,20200328,1025,,KY612,,,KY0612,KY0612,0,098 KY-612,KY0612,N,N,NULL,NULL,NULL,N,NULL,NULL,NULL,NULL,NULL,NULL,7.045,NULL,NULL,NULL,NULL,,NULL,2,0,1,1,N,N,45,NULL,98,9826,NULL,,Y,37.65591,-82.30558,N,NULL,NULL,NULL,NULL,NULL,NULL,NULL,NULL,9,4,2,6,1,1,2,2,7,3,N,NULL,Y,Y,1026,1035,1156,N,NULL,51,8,0,N,,N,Y,098-KY-0612-0,NULL,NULL,2020,A,7.25E+11,098-KY-0612  -000,HIGH,098-KY-0612  -000,7.045,0,0,0,0,0,0,0,1,0,1,0,1,0,0
4513,72699460,980100,2.02E+11,20211119,1532,,KY1426,,,KY1426,KY1426,0,098 KY-1426,KY1426,N,N,NULL,NULL,NULL,N,NULL,NULL,NULL,NULL,NULL,NULL,7.208,NULL,NULL,NULL,NULL,,NULL,0,0,2,2,N,N,35,NULL,98,9801,NULL,,Y,37.48893,-82.50521,N,NULL,NULL,NULL,NULL,NULL,NULL,NULL,NULL,5,3,2,6,1,1,2,2,1,3,N,NULL,Y,N,1534,1537,,N,NULL,49,,0,N,,N,N,098-KY-1426-0,NULL,NULL,2021,O,7.27E+11,098-KY-1426  -000,HIGH,098-KY-1426  -000,7.208,0,0,1,0,0,0,1,1,0,0,0,0,0,1
4514,72709882,980500,2021AR051,20211216,1221,,WEDDINGTON PLAZA,,,US0023,US0023,0,098 US-23-10,US0023,N,N,NULL,NULL,NULL,N,NULL,NULL,NULL,NULL,NULL,NULL,,NULL,NULL,NULL,NULL,NULL,NULL,1,0,2,2,N,N,15,NULL,98,9807,NULL,,Y,37.52297,-82.57133,N,NULL,NULL,NULL,NULL,NULL,NULL,NULL,NULL,5,97,2,4,1,1,2,2,5,3,Y,NULL,Y,Y,1221,1221,1221,N,NULL,49,,1,N,,N,N,098-US-0023-10,NULL,NULL,2021,C,7.27E+11,098-US-0023  -010,HIGH,098-US-0023  -000,28.931,0,0,0,1,0,0,1,1,0,0,0,0,0,0
4515,72634672,980100,2.02E+11,20210610,1430,,MYRA BARNES,,AVE,,,,,,N,N,NULL,NULL,NULL,N,NULL,NULL,NULL,NULL,NULL,NULL,0.094,NULL,NULL,NULL,NULL,,NULL,0,0,2,2,N,N,15,NULL,98,9801,NULL,,Y,37.48362,-82.53123,N,NULL,NULL,NULL,NULL,NULL,NULL,NULL,NULL,8,3,1,6,1,5,3,2,7,3,N,NULL,Y,N,1430,1430,1500,N,NULL,47,,,N,,N,N,,NULL,NULL,2021,O,7.26E+11,098-CS-1150  -000,MEDIUM,098-CS-1150  -000,0.094,0,0,0,1,0,0,1,0,0,0,0,0,0,1
4516,72819707,KSP0900,22-407519,20221022,2100,,BENT BRANCH,,RD,KY1426,KY1426,0,098 KY-1426,KY1426,N,N,NULL,NULL,NULL,N,NULL,NULL,NULL,NULL,NULL,NULL,17.32,NULL,NULL,NULL,NULL,,NULL,0,0,1,1,N,N,45,NULL,98,9820,NULL,,Y,37.57425,-82.4268,N,NULL,NULL,NULL,NULL,NULL,NULL,NULL,NULL,9,3,2,6,1,1,2,6,7,3,N,NULL,Y,N,2100,2100,2100,N,NULL,38,7,0,N,,N,N,098-KY-1426-0,NULL,NULL,2022,O,7.28E+11,098-KY-1426  -000,HIGH,098-KY-1426  -000,17.32,0,0,0,0,0,0,0,0,0,0,0,0,0,0
4517,72689441,980100,2.02E+11,20211028,937,,COLLEGE,S,ST,,,,,,Y,N,NULL,NULL,NULL,N,NULL,NULL,NULL,NULL,NULL,NULL,0.302,NULL,NULL,NULL,NULL,,NULL,0,0,2,2,Y,N,,NULL,98,9801,NULL,,Y,37.47475,-82.5262,N,NULL,NULL,NULL,NULL,NULL,NULL,NULL,NULL,2,97,,6,1,1,2,2,6,3,N,NULL,Y,N,920,920,920,N,NULL,90,,,N,,N,N,,NULL,NULL,2021,O,7.27E+11,098-CS-1152  -000,LOW,098-CS-1152  -000,0.302,0,0,0,0,0,0,1,0,0,0,0,0,0,1
4518,72661800,KSP0900,2021-343108,20210817,1825,,KY1056,,,KY1056,KY1056,0,098 KY-1056,KY1056,N,N,NULL,NULL,NULL,N,NULL,NULL,NULL,NULL,NULL,NULL,8.722,NULL,NULL,NULL,NULL,,NULL,0,0,1,1,N,N,55,NULL,98,9863,NULL,,Y,37.59219,-82.17261,N,NULL,NULL,NULL,NULL,NULL,NULL,NULL,NULL,9,3,2,3,1,5,6,2,7,3,N,NULL,N,N,1825,1825,1825,Y,NULL,70,7,0,N,,N,N,098-KY-1056-0,NULL,NULL,2021,O,7.27E+11,098-KY-1056  -000,HIGH,098-KY-1056  -000,8.722,0,0,0,0,0,0,0,0,0,0,0,1,0,0
4519,72830334,KSP0900,22-439568,20221115,2150,,SCHOOL HOUSE,,BR,,,0,098 CR-1618,CR1618,N,N,NULL,NULL,NULL,N,NULL,NULL,NULL,NULL,NULL,NULL,,NULL,NULL,NULL,NULL,,NULL,0,0,1,1,N,N,55,NULL,98,9802,NULL,,Y,37.31248,-82.29066,N,NULL,NULL,NULL,NULL,NULL,NULL,NULL,NULL,9,3,2,6,1,5,6,6,7,3,N,NULL,N,N,2150,2225,2225,N,NULL,38,,,N,,N,N,098-CR-1618-0,NULL,NULL,2022,O,7.28E+11,098-CR-1618  -000,MEDIUM,098-CR-1618  -000,0,0,0,0,0,0,0,0,0,0,0,0,0,0,0
4520,72675575,KSP0900,21-386481,20210917,1250,,KY195,,,KY0195,KY0195,0,098 KY-195,KY0195,N,N,NULL,NULL,NULL,N,NULL,NULL,NULL,NULL,NULL,NULL,5.331,NULL,NULL,NULL,NULL,,NULL,0,0,1,1,N,N,35,NULL,98,9864,NULL,,Y,37.31357,-82.46785,N,NULL,NULL,NULL,NULL,NULL,NULL,NULL,NULL,9,97,2,6,1,1,2,2,7,3,N,NULL,Y,N,1250,1333,1250,N,NULL,44,8,0,N,,N,N,098-KY-0195-0,NULL,NULL,2021,O,7.27E+11,098-KY-0195  -000,HIGH,098-KY-0195  -000,5.331,0,0,0,0,0,0,0,0,0,0,0,1,0,0
4521,72590741,980100,2.02E+11,20210130,1641,,KY3496,,,KY3496,KY3496,0,098 KY-3496,KY3496,Y,N,NULL,NULL,NULL,N,NULL,NULL,NULL,NULL,NULL,NULL,0.132,NULL,NULL,NULL,NULL,,NULL,0,0,2,2,N,N,35,NULL,98,9801,NULL,,Y,37.46616,-82.53005,N,NULL,NULL,NULL,NULL,NULL,NULL,NULL,NULL,2,97,2,6,1,1,2,2,1,3,N,NULL,Y,N,1641,1646,,N,NULL,90,16,0,N,,N,N,098-KY-3496-0,NULL,NULL,2021,O,7.26E+11,098-KY-3496  -000,HIGH,098-KY-3496  -000,0.132,0,0,0,0,0,0,1,0,0,0,0,0,0,1
4522,72739992,KSP0900,2022-00081636,20220305,1940,,US23,,,US0023,US0023,0,098 US-23,US0023,Y,N,NULL,NULL,NULL,N,NULL,NULL,NULL,NULL,NULL,NULL,28.555,NULL,NULL,NULL,NULL,,NULL,0,0,1,1,N,N,15,NULL,98,9807,NULL,,Y,37.51943,-82.56641,N,NULL,NULL,NULL,NULL,NULL,NULL,NULL,NULL,9,97,1,5,1,1,2,6,7,3,N,NULL,Y,N,1044,1958,1958,N,NULL,90,,1,N,,N,N,098-US-0023-0,NULL,NULL,2022,O,7.27E+11,098-US-0023  -000,HIGH,098-US-0023  -000,28.555,0,0,0,0,0,0,0,0,0,0,0,1,0,0
4523,72488351,980100,2.02E+11,20200312,900,,CASSIDY,,BLVD,,,0,098 CS-1191,CS1191,Y,N,NULL,NULL,NULL,N,NULL,NULL,NULL,NULL,NULL,NULL,0.313,NULL,NULL,NULL,NULL,,NULL,0,0,2,2,Y,N,15,NULL,98,9801,NULL,,Y,37.50539,-82.53718,N,NULL,NULL,NULL,NULL,NULL,NULL,NULL,NULL,2,97,2,6,1,1,2,2,7,3,N,NULL,N,N,901,901,900,N,NULL,90,,,N,,N,N,098-CS-1191-0,NULL,NULL,2020,O,7.25E+11,098-CS-1191  -000,HIGH,098-CS-1191  -000,0.313,0,0,0,0,0,0,0,0,0,0,0,0,0,1
4524,72497655,980100,2.02E+11,20200417,2152,,BYPASS,S,RD,KY1426,KY1426,0,098 KY-1426,KY1426,Y,N,NULL,NULL,NULL,N,NULL,NULL,NULL,NULL,NULL,NULL,6.563,NULL,NULL,NULL,NULL,,NULL,0,0,2,2,N,N,15,NULL,98,9801,NULL,,Y,37.48252,-82.51366,N,NULL,NULL,NULL,NULL,NULL,NULL,NULL,NULL,2,97,2,6,1,1,2,5,1,3,N,NULL,N,N,2152,2152,,N,NULL,90,,0,N,,N,N,098-KY-1426-0,NULL,NULL,2020,O,7.25E+11,098-KY-1426  -000,HIGH,098-KY-1426  -000,6.563,0,0,0,0,0,0,1,0,0,0,0,0,0,1
4525,72742925,KSP0900,22-94410,20220315,1247,,KY1499,,,KY1499,KY1499,0,098 KY-1499,KY1499,Y,N,NULL,NULL,NULL,N,NULL,NULL,NULL,NULL,NULL,NULL,0.397,NULL,NULL,NULL,NULL,,NULL,0,0,2,2,N,N,55,NULL,98,9847,NULL,,Y,37.38782,-82.25735,N,NULL,NULL,NULL,NULL,NULL,NULL,NULL,NULL,2,97,2,4,1,1,2,2,1,3,N,NULL,Y,N,1248,1314,,N,NULL,90,7,0,N,,N,N,098-KY-1499-0,NULL,NULL,2022,O,7.27E+11,098-KY-1499  -000,HIGH,098-KY-1499  -000,0.397,0,0,0,1,0,0,1,0,0,0,0,0,0,0
4526,72560148,980100,2.02E+11,20201102,1248,,HAMBLEY,,BLVD,,,0,098 CS-1222,CS1222,Y,N,NULL,NULL,NULL,N,NULL,NULL,NULL,NULL,NULL,NULL,0.728,NULL,NULL,NULL,NULL,,NULL,0,0,2,2,Y,N,25,NULL,98,9801,NULL,,Y,37.48145,-82.51888,N,NULL,NULL,NULL,NULL,NULL,NULL,NULL,NULL,8,97,2,6,1,1,2,2,5,3,N,NULL,Y,N,1248,1248,1248,N,NULL,90,,,N,,N,N,098-CS-1222-0,NULL,NULL,2020,O,7.26E+11,098-CS-1222  -000,HIGH,098-CS-1222  -000,0.728,0,0,0,0,0,0,0,0,0,0,0,0,0,1
4527,72842360,KSP0900,22-476967,20221213,2144,,KY1469,,,KY1469,KY1469,0,098 KY-1469,KY1469,N,N,NULL,NULL,NULL,N,NULL,NULL,NULL,NULL,NULL,NULL,9.086,NULL,NULL,NULL,NULL,,NULL,0,0,1,1,N,N,55,NULL,98,9827,NULL,,Y,37.32264,-82.61635,N,NULL,NULL,NULL,NULL,NULL,NULL,NULL,NULL,9,3,2,6,1,1,2,7,6,3,N,NULL,N,N,2144,2207,2300,N,NULL,38,8,0,N,,N,N,098-KY-1469-0,NULL,NULL,2022,O,7.28E+11,098-KY-1469  -000,HIGH,098-KY-1469  -000,9.086,0,0,0,0,0,0,0,0,0,0,0,0,0,0
4528,72841342,KSP0900,22-471544,20221210,1604,,US23,,,US0023,US0023,0,098 US-23,US0023,N,N,NULL,NULL,NULL,N,NULL,NULL,NULL,NULL,NULL,NULL,8.849,NULL,NULL,NULL,NULL,,NULL,2,0,2,2,N,N,55,NULL,98,9809,5,N,N,37.32415,-82.55833,N,NULL,NULL,NULL,NULL,NULL,NULL,NULL,NULL,7,3,4,1,1,1,3,2,7,3,Y,NULL,Y,Y,1604,1620,1741,N,NULL,54,,1,N,,N,Y,098-US-0023-0,NULL,NULL,2022,A,7.28E+11,098-US-0023  -000,HIGH,098-US-0023  -000,8.849,0,0,0,1,0,0,0,0,0,0,0,1,1,0
4529,72493794,KSP0900,20-13147,20200411,140,,US460,,,US0460,US0460,0,098 US-460,US0460,N,N,NULL,NULL,NULL,N,NULL,NULL,NULL,NULL,NULL,NULL,4.601,NULL,NULL,NULL,NULL,,NULL,1,0,1,1,N,N,55,NULL,98,9832,NULL,,Y,37.41574,-82.45259,N,NULL,NULL,NULL,NULL,NULL,NULL,NULL,NULL,9,5,2,6,1,1,2,6,7,3,Y,NULL,Y,Y,142,148,148,N,NULL,44,,1,N,,N,N,098-US-0460-0,NULL,NULL,2020,C,7.25E+11,098-US-0460  -000,HIGH,098-US-0460  -000,4.601,0,0,0,0,0,0,1,0,0,1,0,1,0,0
4530,72515505,KSP0900,20-561484,20200623,333,,KY194,,,KY0194,KY0194,0,098 KY-194,KY0194,N,N,NULL,NULL,NULL,N,NULL,NULL,NULL,NULL,NULL,NULL,13.981,NULL,NULL,NULL,NULL,,NULL,0,0,1,1,N,N,55,NULL,98,9820,NULL,,Y,37.57689,-82.48654,N,NULL,NULL,NULL,NULL,NULL,NULL,NULL,NULL,9,4,2,3,1,1,2,5,7,3,N,NULL,Y,N,333,352,430,N,NULL,51,7,0,N,,N,N,098-KY-0194-0,NULL,NULL,2020,O,7.25E+11,098-KY-0194  -000,HIGH,098-KY-0194  -000,13.981,0,0,0,0,0,0,0,0,1,0,0,1,0,0
4531,72719630,370200,2021520853,20211223,1715,,US23,,,US0023,US0023,0,098 US-23-10,US0023,N,N,NULL,NULL,NULL,N,NULL,NULL,NULL,NULL,NULL,NULL,28.581,NULL,NULL,NULL,NULL,,NULL,0,0,2,2,N,N,55,NULL,98,9807,NULL,,Y,37.52037,-82.5696,N,NULL,NULL,NULL,NULL,NULL,NULL,NULL,NULL,1,7,4,4,1,1,3,3,1,3,N,NULL,N,N,1715,1736,1736,N,NULL,47,,1,N,,N,N,098-US-0023-10,NULL,NULL,2021,O,7.27E+11,098-US-0023  -010,HIGH,098-US-0023  -000,28.581,0,1,0,1,0,0,0,0,0,0,0,0,0,0
4532,72629092,KSP0900,21-200033,20210517,1721,,VIRGIE,,RD,KY0610,KY0610,0,098 KY-610,KY0610,N,N,NULL,NULL,NULL,N,NULL,NULL,NULL,NULL,NULL,NULL,2.354,NULL,NULL,NULL,NULL,,NULL,0,0,2,2,N,N,55,NULL,98,9809,NULL,,Y,37.29583,-82.60466,N,NULL,NULL,NULL,NULL,NULL,NULL,NULL,NULL,7,2,2,3,1,1,2,2,7,3,N,NULL,Y,N,1721,1749,1749,N,NULL,54,7,0,N,,N,N,098-KY-0610-0,NULL,NULL,2021,O,7.26E+11,098-KY-0610  -000,HIGH,098-KY-0610  -000,2.354,0,0,0,0,0,0,0,0,0,0,0,1,0,0
4533,72447610,980100,2.02E+11,20191207,1830,,HAMBLEY,,BLVD,,,0,098 CS-1222,CS1222,N,N,NULL,NULL,NULL,N,NULL,NULL,NULL,NULL,NULL,NULL,0.039,NULL,NULL,NULL,NULL,,NULL,0,0,2,2,N,N,35,NULL,98,9801,NULL,,Y,37.47404,-82.52721,N,NULL,NULL,NULL,NULL,NULL,NULL,NULL,NULL,5,3,3,6,1,1,2,5,1,3,N,NULL,Y,N,1835,1835,1848,N,NULL,49,,,N,,N,N,098-CS-1222-0,NULL,NULL,2019,O,7.24E+11,098-CS-1222  -000,HIGH,098-CS-1222  -000,0.039,0,0,1,0,0,0,1,0,0,0,0,0,0,1
4534,72670685,980100,2.02E+11,20210913,1716,,US119,,,US0119,US0119,,,,N,N,NULL,NULL,NULL,N,NULL,NULL,NULL,NULL,NULL,NULL,0.052,NULL,NULL,NULL,NULL,,NULL,0,0,2,2,N,N,55,NULL,98,9801,NULL,,Y,37.50397,-82.53111,N,NULL,NULL,NULL,NULL,NULL,NULL,NULL,NULL,5,3,6,3,1,1,2,2,7,3,N,NULL,Y,N,1716,1726,1726,N,NULL,49,2,1,N,,N,N,,NULL,NULL,2021,O,7.27E+11,098-US-0119  -010,MEDIUM,098-US-0119  -000,0.052,0,0,1,0,0,0,0,0,0,0,0,0,0,1
4535,72650420,980100,2.02E+11,20210709,1413,,HAMBLEY,,BLVD,,,0,098 CS-1222,CS1222,Y,N,NULL,NULL,NULL,N,NULL,NULL,NULL,NULL,NULL,NULL,0.476,NULL,NULL,NULL,NULL,,NULL,0,0,2,2,N,N,15,NULL,98,9801,NULL,,Y,37.47812,-82.52059,N,NULL,NULL,NULL,NULL,NULL,NULL,NULL,NULL,2,97,1,6,1,1,2,2,5,3,N,NULL,Y,N,1413,1415,1425,N,NULL,90,,,N,,N,N,098-CS-1222-0,NULL,NULL,2021,O,7.27E+11,098-CS-1222  -000,HIGH,098-CS-1222  -000,0.476,0,0,0,0,0,0,0,0,0,0,0,0,0,1
4536,72799191,KSP0900,22-333727,20220828,1800,,KY1499,,,KY1499,KY1499,,,,N,N,NULL,NULL,NULL,N,NULL,NULL,NULL,NULL,NULL,NULL,1.457,NULL,NULL,NULL,NULL,,NULL,1,0,1,1,N,N,55,NULL,98,9839,NULL,,Y,37.39881,-82.25265,N,NULL,NULL,NULL,NULL,NULL,NULL,NULL,NULL,9,3,1,6,1,1,2,2,7,3,N,NULL,Y,Y,1907,1926,2012,N,NULL,40,7,0,Y,,N,N,,NULL,NULL,2022,C,7.28E+11,098-KY-1499  -000,MEDIUM,098-KY-1499  -000,1.457,0,0,1,0,0,0,0,0,0,0,0,1,0,0
4537,72668182,980100,2.02E+11,20210907,818,,HAMBLEY,,BLVD,,,0,098 CS-1222,CS1222,Y,N,NULL,NULL,NULL,N,NULL,NULL,NULL,NULL,NULL,NULL,0.648,NULL,NULL,NULL,NULL,,NULL,0,0,2,2,N,N,,NULL,98,9801,NULL,,Y,37.48031,-82.51914,N,NULL,NULL,NULL,NULL,NULL,NULL,NULL,NULL,2,97,1,6,1,1,2,2,1,3,N,NULL,Y,N,818,821,821,N,NULL,90,,,N,,N,N,098-CS-1222-0,NULL,NULL,2021,O,7.27E+11,098-CS-1222  -000,HIGH,098-CS-1222  -000,0.648,0,0,0,0,0,0,0,0,0,0,0,0,0,1
4538,72587473,980000,21-01-005,20210116,10,,TOLER,,RD,KY0319,KY0319,0,098 KY-319,KY0319,N,N,NULL,NULL,NULL,N,NULL,NULL,NULL,NULL,NULL,NULL,3.426,NULL,NULL,NULL,NULL,,NULL,0,0,1,1,N,N,55,NULL,98,9842,NULL,,Y,37.60557,-82.22441,N,NULL,NULL,NULL,NULL,NULL,NULL,NULL,NULL,9,3,2,5,1,4,9,6,6,3,N,NULL,Y,Y,1,1,49,N,NULL,44,7,0,N,,N,N,098-KY-0319-0,NULL,NULL,2021,O,7.26E+11,098-KY-0319  -000,HIGH,098-KY-0319  -000,3.426,0,0,1,0,0,0,0,1,0,0,0,1,0,0
4539,72555609,KSP0900,20-743835,20201016,1100,,RIGHT FORK OF BRUSHY,,RD,,,0,098 CR-1360Q4,CR1360Q4,N,N,NULL,NULL,NULL,N,NULL,NULL,NULL,NULL,NULL,NULL,6.984,NULL,NULL,NULL,NULL,,NULL,0,0,2,2,N,N,35,NULL,98,9820,NULL,,Y,37.58606,-82.44466,N,NULL,NULL,NULL,NULL,NULL,NULL,NULL,NULL,7,3,1,4,1,1,3,2,7,3,N,NULL,Y,N,1105,1145,1150,N,NULL,54,,,N,,N,N,098-CR-1360Q4-0,NULL,NULL,2020,O,7.26E+11,098-CR-1360Q4-000,HIGH,098-CR-1360Q4-000,6.984,0,1,0,0,0,0,1,0,0,0,0,1,0,0
4540,72543177,980500,2020AR051,20200917,1303,,US 23 NORTH,,,,,,,,N,N,NULL,NULL,NULL,N,NULL,NULL,NULL,NULL,NULL,NULL,,NULL,NULL,NULL,NULL,NULL,NULL,0,0,2,2,N,N,45,NULL,98,9807,NULL,,Y,37.5265,-82.57398,N,NULL,NULL,NULL,NULL,NULL,NULL,NULL,NULL,1,3,6,6,1,5,6,2,1,3,Y,NULL,Y,N,1303,1308,1331,N,NULL,55,,,N,,N,N,,NULL,NULL,2020,O,7.25E+11,098-US-0023  -044,MEDIUM,098-US-0023  -044,0.007,0,0,0,1,0,0,0,1,0,0,0,0,0,0
4541,72644042,KSP0900,21-263901,20210626,2033,,LITTLE ROBINSON CREEK,,RD,KY3415,KY3415,0,098 KY-3415,KY3415,N,N,NULL,NULL,NULL,N,NULL,NULL,NULL,NULL,NULL,NULL,1.186,NULL,NULL,NULL,NULL,,NULL,0,0,2,2,Y,N,45,NULL,98,9827,NULL,,Y,37.36788,-82.60248,N,NULL,NULL,NULL,NULL,NULL,NULL,NULL,NULL,1,3,2,6,1,1,2,3,7,3,N,NULL,Y,N,2039,2055,,N,NULL,55,9,0,N,,N,N,098-KY-3415-0,NULL,NULL,2021,O,7.26E+11,098-KY-3415  -000,HIGH,098-KY-3415  -000,1.186,0,0,0,0,0,0,1,1,0,0,0,0,0,0
4542,72795770,980100,2.02E+11,20220809,1631,,US23,,,US0023,US0023,0,098 US-23-10,US0023,N,N,NULL,NULL,NULL,N,NULL,NULL,NULL,NULL,NULL,NULL,27.016,NULL,NULL,NULL,NULL,,NULL,0,0,2,2,Y,N,55,NULL,98,9801,NULL,,Y,37.51031,-82.5416,N,NULL,NULL,NULL,NULL,NULL,NULL,NULL,NULL,8,3,4,6,1,1,2,2,7,3,N,NULL,Y,N,1631,1650,1650,N,NULL,53,,1,N,,N,N,098-US-0023-10,NULL,NULL,2022,O,7.28E+11,098-US-0023  -010,HIGH,098-US-0023  -000,27.016,0,0,0,1,0,0,0,1,0,0,0,1,0,1
4543,72692062,980100,2.02E+11,20211014,2331,,BYPASS,S,RD,KY1426,KY1426,0,098 KY-1426,KY1426,N,N,NULL,NULL,NULL,N,NULL,NULL,NULL,NULL,NULL,NULL,5.61,NULL,NULL,NULL,NULL,,NULL,0,0,2,2,N,N,35,NULL,98,9801,NULL,,Y,37.47303,-82.52279,N,NULL,NULL,NULL,NULL,NULL,NULL,NULL,NULL,1,3,2,6,1,1,2,5,1,3,N,NULL,Y,N,2331,2334,,N,NULL,55,,0,N,,N,N,098-KY-1426-0,NULL,NULL,2021,O,7.27E+11,098-KY-1426  -000,HIGH,098-KY-1426  -000,5.61,0,0,0,0,0,0,1,1,0,0,0,0,0,1
4544,72528925,980100,2.02E+11,20200806,927,,ISLAND CREEK ROAD,,,,,,,,Y,N,NULL,NULL,NULL,N,NULL,NULL,NULL,NULL,NULL,NULL,,NULL,NULL,NULL,NULL,NULL,NULL,0,0,2,2,N,N,,NULL,98,9801,NULL,,Y,37.45943,-82.53091,N,NULL,NULL,NULL,NULL,NULL,NULL,NULL,NULL,2,97,2,6,1,1,3,2,5,3,N,NULL,Y,N,927,929,929,N,NULL,90,,,N,,N,N,,NULL,NULL,2020,O,7.25E+11,098-KY-1426  -000,MEDIUM,098-KY-1426  -000,4.335,0,0,0,0,0,0,1,0,0,0,0,0,0,1
4545,72557841,KSP0900,20-753672,20201023,8,,BIG CREEK,,RD,KY0468,KY0468,0,098 KY-468,KY0468,N,N,NULL,NULL,NULL,N,NULL,NULL,NULL,NULL,NULL,NULL,8.268,NULL,NULL,NULL,NULL,,NULL,3,0,1,1,N,N,55,NULL,98,9843,NULL,,Y,37.69829,-82.35448,N,NULL,NULL,NULL,NULL,NULL,NULL,NULL,NULL,9,4,2,1,1,1,2,6,7,3,N,NULL,Y,Y,46,127,127,N,NULL,38,8,0,N,,N,N,098-KY-0468-0,NULL,NULL,2020,C,7.26E+11,098-KY-0468  -000,HIGH,098-KY-0468  -000,8.268,0,0,1,0,0,0,0,0,0,0,0,1,0,0
4546,72871856,KSP0900,23-77628,20230228,1430,,US119,,,US0119,US0119,0,098 US-119,US0119,N,N,NULL,NULL,NULL,N,NULL,NULL,NULL,NULL,NULL,NULL,25.079,NULL,NULL,NULL,NULL,,NULL,0,0,2,2,N,N,55,NULL,98,9834,NULL,,Y,37.66918,-82.27802,N,NULL,NULL,NULL,NULL,NULL,NULL,NULL,NULL,5,3,4,6,1,1,2,2,7,3,N,NULL,Y,N,1430,1430,1430,N,NULL,49,2,1,N,,N,N,098-US-0119-0,NULL,NULL,2023,O,7.29E+11,098-US-0119  -000,HIGH,098-US-0119  -000,25.078,0,0,0,0,0,0,1,0,0,0,0,0,0,0
4547,72583489,980000,21-01-001,20210103,1830,,KY1056,,,KY1056,KY1056,0,098 KY-1056,KY1056,N,N,NULL,NULL,NULL,N,NULL,NULL,NULL,NULL,NULL,NULL,5.501,NULL,NULL,NULL,NULL,,NULL,2,0,2,2,Y,N,55,NULL,98,9879,NULL,,Y,37.56017,-82.19216,N,NULL,NULL,NULL,NULL,NULL,NULL,NULL,NULL,8,3,2,6,1,1,2,6,7,3,N,NULL,N,Y,2012,2012,2049,N,NULL,53,7,0,N,,N,N,098-KY-1056-0,NULL,NULL,2021,C,7.26E+11,098-KY-1056  -000,MEDIUM,098-KY-1056  -000,5.501,0,0,0,0,0,0,0,1,0,0,0,1,0,0
4548,72508578,KSP0900,20-21445,20200606,1618,,US119,,,US0119,US0119,0,098 US-119-10,US0119,N,N,NULL,NULL,NULL,N,NULL,NULL,NULL,NULL,NULL,NULL,2.732,NULL,NULL,NULL,NULL,,NULL,0,0,1,1,N,N,55,NULL,98,9801,NULL,,Y,37.51415,-82.48643,N,NULL,NULL,NULL,NULL,NULL,NULL,NULL,NULL,9,3,2,6,1,1,2,2,7,3,N,NULL,N,N,1618,1618,1618,N,NULL,70,2,1,N,,N,N,098-US-0119-10,NULL,NULL,2020,O,7.25E+11,098-US-0119  -010,HIGH,098-US-0119  -000,2.732,0,0,0,0,0,0,0,0,0,0,0,0,0,1