OBJECTID,MasterFile,AgencyORINumber,LocalCode,CollisionDate,CollisionTime,CollisionDayWeekCode,RoadwayName,RoadwayName_Direction_,RoadwayName_RoadwaySuffix_,RoadwayfromReport,CurrentRoadwayNumber,RoadwayNumberCoupletID,RSEUniqueGIS,RoadwayIdentifier,ParkingLotIndicator,IntersectionWith_Indicator_,IntersectionWith_NameRoadway_,IntersectionWith_Direction_,IntersectionWith_RoadwaySuffix_,BetweenStreets_Indicator_,BetweenStreets1_NameRoadway_,BetweenStreet1_Direction_,BetweenStreets1_RoadwaySuffix_,BetweenStreets2_NameRoadway_,BetweenStreets2_Direction_,BetweenStreets2_RoadwaySuffix_,Milepoint,ReportMilepointDeriveNumber,CurrentDerivedMiepointNumber,MilestoMilepoint,FeettoMilepoint,DirectionfromMilepoint_NSEW_,ValidMilepointIndicator,NumberInjured,NumberKilled,ofUnits,ofMotorVehicleUnits,Hit&RunIndicator,OneWayIndicator,SpeedLimitNumber,KilometersIndicator,CountyCode,CityCountyCode,MilesFromCity,DirectionFromCity_NSEW_,InCityLimitsIndicator,Latitude,Longitude,RampIndicator,RampFromIdentifier,RampFromDirCode,RampFromCoupletID,RSEUniqueGISRampFrom,RampToidentifier,RampToDirCode,RampToCoupletID,RSEUniqueGisRampTo,MannerofCollisionCode,LocationFirstEventCode,TotalLanes,RoadwayCharacterCode,RoadwaySurfaceCode,RoadwayConditionCode,WeatherCode,LightConditionCode,LandUseCode,SchoolBusRelatedCode,FirstAidSceneIndicator,CollDescPresentInd,InvestigationCompleteIndicator,PhotosTakenIndicator,TimeNotified,TimeArrived,TimeRoadwayOpened,PropertyDamageIndicator,DiagramPresentIndicator,DirectionalAnalysis,FunctionClassCode,NationalHwySysCode,EnforcementsIndicator,KARSCityCode,SecondaryCollisionIndicator,MedianCrossoverIndicator,RT_UNIQUE,MapIt,TimeLastLeft,YR,KABCO,MFNY,WorkingRID,RT_CONFIDENCE,KTC_RT,KTC_MP,Motorcyclist,Commercial Vehicle,Young Driver,Mature Driver,Pedestrian,Bicyclist,Distracted,Aggressive,Impaired,Unrestrained,Intersection,Roadway Departure,Median Cross-over,City Crash
4549,72627031,KSP0900,21-206322,20210521,1530,,US119,,,US0119,US0119,0,098 US-119,US0119,Y,N,NULL,NULL,NULL,N,NULL,NULL,NULL,NULL,NULL,NULL,24.099,NULL,NULL,NULL,NULL,,NULL,0,0,2,2,N,N,55,NULL,98,9834,NULL,,Y,37.65705,-82.27082,N,NULL,NULL,NULL,NULL,NULL,NULL,NULL,NULL,2,97,4,6,1,1,3,2,1,3,N,NULL,Y,N,1530,1545,1530,N,NULL,90,2,1,N,,N,N,098-US-0119-0,NULL,NULL,2021,O,7.26E+11,098-US-0119  -000,HIGH,098-US-0119  -000,24.099,0,0,0,0,0,0,1,0,0,0,0,0,0,0
4550,72568718,980000,20-11-003,20201114,1630,,RATLIFF CREEK,,RD,,,0,098 CR-1484,CR1484,N,N,NULL,NULL,NULL,N,NULL,NULL,NULL,NULL,NULL,NULL,1.9,NULL,NULL,NULL,NULL,,NULL,0,0,2,2,N,N,35,NULL,98,9801,NULL,,Y,37.50227,-82.49957,N,NULL,NULL,NULL,NULL,NULL,NULL,NULL,NULL,2,97,1,5,1,1,2,2,6,3,N,NULL,Y,Y,1600,1630,1630,N,NULL,47,,,N,,N,N,098-CR-1484-0,NULL,NULL,2020,O,7.26E+11,098-CR-1484  -000,HIGH,098-CR-1484  -000,1.9,0,0,0,0,0,0,1,0,0,0,0,0,0,0
4551,72685600,KSP0900,21-412835,20211006,1501,,KY194,,,KY0194,KY0194,0,098 KY-194,KY0194,N,N,NULL,NULL,NULL,N,NULL,NULL,NULL,NULL,NULL,NULL,11.04,NULL,NULL,NULL,NULL,,NULL,0,0,1,1,N,N,55,NULL,98,9801,10,E,N,37.60182,-82.51462,N,NULL,NULL,NULL,NULL,NULL,NULL,NULL,NULL,9,97,2,6,1,1,2,2,6,3,N,NULL,Y,N,1501,1520,1531,N,NULL,44,7,0,N,,N,N,098-KY-0194-0,NULL,NULL,2021,O,7.27E+11,098-KY-0194  -000,HIGH,098-KY-0194  -000,11.04,0,0,0,0,0,0,0,0,0,0,0,1,0,0
4552,72765918,980100,2.02E+11,20220524,1506,,LEE,,AVE,,,0,098 CS-1191,CS1191,Y,N,NULL,NULL,NULL,N,NULL,NULL,NULL,NULL,NULL,NULL,,NULL,NULL,NULL,NULL,NULL,NULL,0,0,2,2,N,N,,NULL,98,9801,NULL,,Y,37.50375,-82.53226,N,NULL,NULL,NULL,NULL,NULL,NULL,NULL,NULL,5,97,1,6,1,1,2,2,1,3,N,NULL,Y,N,1507,1514,1515,N,NULL,90,,,N,,N,N,098-CS-1191-0,NULL,NULL,2022,O,7.28E+11,098-CS-1191  -000,HIGH,098-CS-1191  -000,0.006,0,0,0,0,0,0,0,0,0,0,0,0,0,1
4553,72513388,980100,2.02E+11,20200619,2001,,US23,,,US0023,US0023,,,,N,N,NULL,NULL,NULL,N,NULL,NULL,NULL,NULL,NULL,NULL,24.868,NULL,NULL,NULL,NULL,,NULL,0,0,1,1,N,N,55,NULL,98,9801,NULL,,Y,37.48672,-82.54173,N,NULL,NULL,NULL,NULL,NULL,NULL,NULL,NULL,9,3,4,6,1,1,3,2,7,3,N,NULL,Y,N,2001,2008,2008,N,NULL,44,,1,N,,N,N,,NULL,NULL,2020,O,7.25E+11,098-US-0023  -000,MEDIUM,098-US-0023  -000,24.868,0,0,0,0,0,0,0,0,0,0,0,1,0,1
4554,72772153,980100,2.02E+11,20220613,933,,US23,,,US0023,US0023,0,098 US-23-10,US0023,N,N,NULL,NULL,NULL,N,NULL,NULL,NULL,NULL,NULL,NULL,24.057,NULL,NULL,NULL,NULL,,NULL,0,0,1,1,N,N,55,NULL,98,9801,NULL,,Y,37.47623,-82.53918,N,NULL,NULL,NULL,NULL,NULL,NULL,NULL,NULL,9,3,4,6,1,6,6,2,7,3,N,NULL,Y,N,933,935,958,N,NULL,70,,1,N,,N,N,098-US-0023-10,NULL,NULL,2022,O,7.28E+11,098-US-0023  -010,HIGH,098-US-0023  -000,24.057,0,0,0,0,0,0,0,0,0,0,0,1,0,1
4555,72562640,KSP0900,20-778303,20201108,2026,,US23,,,US0023,US0023,0,098 US-23-10,US0023,N,N,NULL,NULL,NULL,N,NULL,NULL,NULL,NULL,NULL,NULL,10.824,NULL,NULL,NULL,NULL,,NULL,0,0,1,1,N,N,55,NULL,98,9809,NULL,,Y,37.34792,-82.54861,N,NULL,NULL,NULL,NULL,NULL,NULL,NULL,NULL,9,3,4,6,1,1,2,6,3,3,N,NULL,Y,N,2026,2050,2026,N,NULL,38,,1,N,,N,N,098-US-0023-10,NULL,NULL,2020,O,7.26E+11,098-US-0023  -010,HIGH,098-US-0023  -000,10.824,0,0,0,0,0,0,0,0,0,0,0,0,0,0
4556,72603182,980100,2.02E+11,20210312,1629,,US23,,,US0023,US0023,0,098 US-23-10,US0023,N,N,NULL,NULL,NULL,N,NULL,NULL,NULL,NULL,NULL,NULL,26.878,NULL,NULL,NULL,NULL,,NULL,0,0,2,2,N,N,55,NULL,98,9801,NULL,,Y,37.50974,-82.53897,N,NULL,NULL,NULL,NULL,NULL,NULL,NULL,NULL,5,3,4,6,1,1,3,2,7,3,N,NULL,Y,N,1629,1636,,N,NULL,49,,1,N,,N,N,098-US-0023-10,NULL,NULL,2021,O,7.26E+11,098-US-0023  -010,HIGH,098-US-0023  -000,26.878,0,0,0,0,0,0,1,0,0,0,0,0,0,1
4557,72872960,KSP0900,23-80034,20230302,803,,LITTLE,,CRK,,,0,098 CR-1276,CR1276,N,N,NULL,NULL,NULL,N,NULL,NULL,NULL,NULL,NULL,NULL,0.232,NULL,NULL,NULL,NULL,,NULL,0,1,1,1,N,N,35,NULL,98,9801,NULL,,Y,37.39022,-82.51984,N,NULL,NULL,NULL,NULL,NULL,NULL,NULL,NULL,9,3,1,6,1,5,3,2,6,3,N,NULL,Y,Y,803,812,900,N,NULL,40,,,N,,N,N,098-CR-1276-0,NULL,NULL,2023,K,7.29E+11,098-CR-1276  -000,HIGH,098-CR-1276  -000,0.234,0,0,0,0,0,0,0,0,0,0,0,1,0,0
4558,72634632,980100,2.02E+11,20210610,859,,CASSIDY,,BLVD,,,0,098 CS-1191,CS1191,N,N,NULL,NULL,NULL,N,NULL,NULL,NULL,NULL,NULL,NULL,0.038,NULL,NULL,NULL,NULL,,NULL,0,0,2,2,N,N,15,NULL,98,9801,NULL,,Y,37.5037,-82.53279,N,NULL,NULL,NULL,NULL,NULL,NULL,NULL,NULL,5,3,4,6,2,1,3,2,7,3,N,NULL,Y,N,900,904,904,N,NULL,49,,,N,,N,N,098-CS-1191-0,NULL,NULL,2021,O,7.26E+11,098-CS-1191  -000,HIGH,098-CS-1191  -000,0.038,0,0,0,0,0,0,0,0,0,0,0,0,0,1
4559,72655434,KSP0900,21-325793,20210806,1040,,GOODY,,LOOP,,,0,098 PR-1024,PR1024,Y,N,NULL,NULL,NULL,N,NULL,NULL,NULL,NULL,NULL,NULL,0.058,NULL,NULL,NULL,NULL,,NULL,0,0,2,2,N,N,35,NULL,98,9834,NULL,,Y,37.65952,-82.2724,N,NULL,NULL,NULL,NULL,NULL,NULL,NULL,NULL,2,97,2,6,1,1,2,2,1,3,N,NULL,Y,N,1041,1045,1040,N,NULL,90,,,N,,N,N,098-PR-1024-0,NULL,NULL,2021,O,7.27E+11,098-PR-1024  -000,HIGH,098-PR-1024  -000,0.058,0,0,0,0,0,0,1,0,0,0,0,0,0,0
4560,72664574,KSP0900,21-332677,20210810,1843,,KY1499,,,KY1499,KY1499,0,098 KY-1499,KY1499,N,N,NULL,NULL,NULL,N,NULL,NULL,NULL,NULL,NULL,NULL,0.201,NULL,NULL,NULL,NULL,,NULL,1,0,1,1,N,N,55,NULL,98,9847,NULL,,Y,37.38525,-82.25615,N,NULL,NULL,NULL,NULL,NULL,NULL,NULL,NULL,9,5,2,3,1,1,2,2,7,3,Y,NULL,Y,Y,1846,1909,1943,N,NULL,51,7,0,N,,N,N,098-KY-1499-0,NULL,NULL,2021,C,7.27E+11,098-KY-1499  -000,HIGH,098-KY-1499  -000,0.201,0,0,0,1,0,0,0,0,0,0,0,1,0,0
4561,72728997,980100,2.02E+11,20220129,1840,,HUFFMAN,,AVE,,,0,098 CS-1123,CS1123,Y,N,NULL,NULL,NULL,N,NULL,NULL,NULL,NULL,NULL,NULL,0.15,NULL,NULL,NULL,NULL,,NULL,0,0,2,2,N,N,35,NULL,98,9801,NULL,,Y,37.47818,-82.51926,N,NULL,NULL,NULL,NULL,NULL,NULL,NULL,NULL,2,97,,6,1,1,2,8,1,3,N,NULL,Y,N,1840,1848,1900,N,NULL,90,,,N,,N,N,098-CS-1123-0,NULL,NULL,2022,O,7.27E+11,098-CS-1123  -000,HIGH,098-CS-1123  -000,0.15,0,0,0,0,0,0,1,0,0,0,0,0,0,1
4562,72688435,980000,21-10-006,20211025,1745,,KY194,,,KY0194,KY0194,0,098 KY-194,KY0194,N,N,NULL,NULL,NULL,N,NULL,NULL,NULL,NULL,NULL,NULL,57.022,NULL,NULL,NULL,NULL,,NULL,0,0,2,2,N,N,45,NULL,98,9804,3,S,N,37.53156,-82.16245,N,NULL,NULL,NULL,NULL,NULL,NULL,NULL,NULL,7,3,2,3,1,5,3,2,7,3,N,NULL,Y,Y,1755,1859,1859,N,NULL,54,7,0,Y,,N,N,098-KY-0194-0,NULL,NULL,2021,O,7.27E+11,098-KY-0194  -000,HIGH,098-KY-0194  -000,57.022,0,0,0,0,0,0,0,0,0,0,0,1,0,0
4563,72758830,KSP0900,22-167250,20220506,1700,,DORTON-JENKINS,,HWY,KY0805,KY0805,0,098 KY-805,KY0805,N,N,NULL,NULL,NULL,N,NULL,NULL,NULL,NULL,NULL,NULL,0.882,NULL,NULL,NULL,NULL,,NULL,0,0,1,1,N,N,45,NULL,98,9867,NULL,,Y,37.21056,-82.56437,N,NULL,NULL,NULL,NULL,NULL,NULL,NULL,NULL,9,5,2,4,1,5,6,2,6,3,N,NULL,Y,N,1652,1727,1800,N,NULL,51,7,0,N,,N,N,098-KY-0805-0,NULL,NULL,2022,O,7.28E+11,098-KY-0805  -000,HIGH,098-KY-0805  -000,0.882,0,0,0,1,0,0,0,0,0,0,0,1,0,0
4564,72747437,KSP0900,22-95788,20220316,1238,,TOLER,,RD,KY0319,KY0319,0,098 KY-319,KY0319,N,N,NULL,NULL,NULL,N,NULL,NULL,NULL,NULL,NULL,NULL,2.853,NULL,NULL,NULL,NULL,,NULL,0,0,1,1,N,N,45,NULL,98,9842,NULL,,Y,37.60372,-82.21489,N,NULL,NULL,NULL,NULL,NULL,NULL,NULL,NULL,9,6,2,3,1,1,3,2,7,3,N,NULL,Y,N,1239,1245,1435,Y,NULL,40,7,0,N,,N,N,098-KY-0319-0,NULL,NULL,2022,O,7.27E+11,098-KY-0319  -000,HIGH,098-KY-0319  -000,2.853,0,0,0,0,0,0,0,0,0,0,0,1,0,0
4565,72657995,980100,2.02E+11,20210812,1253,,CASSIDY,,BLVD,,,0,098 CS-1191,CS1191,Y,N,NULL,NULL,NULL,N,NULL,NULL,NULL,NULL,NULL,NULL,0.051,NULL,NULL,NULL,NULL,,NULL,0,0,2,2,N,N,,NULL,98,9801,NULL,,Y,37.50367,-82.53299,N,NULL,NULL,NULL,NULL,NULL,NULL,NULL,NULL,1,97,1,6,1,1,2,2,1,3,N,NULL,Y,N,1253,1309,1309,N,NULL,90,,,N,,N,N,098-CS-1191-0,NULL,NULL,2021,O,7.27E+11,098-CS-1191  -000,HIGH,098-CS-1191  -000,0.051,0,0,0,1,0,0,0,0,0,0,0,0,0,1
4566,72572754,KSP0900,20-790959,20201117,640,,KY194,,,KY0194,KY0194,0,098 KY-194,KY0194,N,Y,MIDDLE ELK,,RD,N,NULL,NULL,NULL,NULL,NULL,NULL,70.407,NULL,NULL,NULL,NULL,,NULL,2,0,2,2,N,N,35,NULL,98,9825,NULL,,Y,37.49345,-82.05659,N,NULL,NULL,NULL,NULL,NULL,NULL,NULL,NULL,1,3,2,3,1,1,2,6,7,3,Y,NULL,Y,Y,640,720,720,N,NULL,10,7,0,N,,N,N,098-KY-0194-0,NULL,NULL,2020,B,7.26E+11,098-KY-0194  -000,HIGH,098-KY-0194  -000,70.407,0,0,0,1,0,0,0,0,0,0,1,0,0,0
4567,72557937,KSP0900,20-755920,20201024,1502,,ROBINSON CREEK,,RD,KY0122,KY0122,0,098 KY-122,KY0122,N,N,NULL,NULL,NULL,N,NULL,NULL,NULL,NULL,NULL,NULL,10.278,NULL,NULL,NULL,NULL,,NULL,1,0,2,2,N,N,45,NULL,98,9823,NULL,,Y,37.38655,-82.54534,N,NULL,NULL,NULL,NULL,NULL,NULL,NULL,NULL,1,3,2,6,1,5,2,2,7,3,N,NULL,Y,Y,1512,1530,,N,NULL,55,,0,N,,N,N,098-KY-0122-0,NULL,NULL,2020,B,7.26E+11,098-KY-0122  -000,HIGH,098-KY-0122  -000,10.278,0,0,0,1,0,0,1,0,0,0,0,1,0,0
4568,72522680,980000,20-07-007,20200710,1630,,KY194,,,KY0194,KY0194,0,098 KY-194,KY0194,N,N,NULL,NULL,NULL,N,NULL,NULL,NULL,NULL,NULL,NULL,57.591,NULL,NULL,NULL,NULL,,NULL,0,0,2,2,N,N,35,NULL,98,9811,NULL,,Y,37.53846,-82.16169,N,NULL,NULL,NULL,NULL,NULL,NULL,NULL,NULL,1,3,2,3,1,5,3,2,1,3,N,NULL,N,N,1745,1800,1800,N,NULL,55,7,0,Y,,N,N,098-KY-0194-0,NULL,NULL,2020,O,7.25E+11,098-KY-0194  -000,HIGH,098-KY-0194  -000,57.591,0,0,0,1,0,0,0,1,0,0,0,0,0,0
4569,72800192,KSP0900,22-327836,20220824,1520,,KY1426,,,KY1426,KY1426,0,098 KY-1426,KY1426,N,N,NULL,NULL,NULL,N,NULL,NULL,NULL,NULL,NULL,NULL,11.699,NULL,NULL,NULL,NULL,,NULL,0,0,2,2,N,N,55,NULL,98,9828,NULL,,Y,37.53257,-82.46803,N,NULL,NULL,NULL,NULL,NULL,NULL,NULL,NULL,5,3,2,6,1,1,3,2,7,3,N,NULL,Y,N,1525,1600,1525,N,NULL,49,7,0,N,,N,N,098-KY-1426-0,NULL,NULL,2022,O,7.28E+11,098-KY-1426  -000,HIGH,098-KY-1426  -000,11.699,0,0,1,0,0,0,1,0,0,0,0,0,0,0
4570,72618872,KSP0900,21-163710,20210424,1241,,US23,,,US0023,US0023,0,098 US-23-10,US0023,N,N,NULL,NULL,NULL,N,NULL,NULL,NULL,NULL,NULL,NULL,28.922,NULL,NULL,NULL,NULL,,NULL,0,0,2,2,N,N,55,NULL,98,9807,NULL,,Y,37.52219,-82.57159,N,NULL,NULL,NULL,NULL,NULL,NULL,NULL,NULL,8,97,4,6,1,5,6,2,1,3,N,NULL,Y,N,1241,1338,1338,N,NULL,40,,1,N,,N,N,098-US-0023-10,NULL,NULL,2021,O,7.26E+11,098-US-0023  -010,HIGH,098-US-0023  -000,28.922,0,0,0,0,0,0,0,0,0,0,0,1,0,0
4571,72702299,KSP0900,21-485183,20211128,1015,,KY122,,,KY0122,KY0122,0,098 KY-122,KY0122,N,N,NULL,NULL,NULL,N,NULL,NULL,NULL,NULL,NULL,NULL,8.865,NULL,NULL,NULL,NULL,,NULL,0,0,1,1,N,N,45,NULL,98,9827,NULL,,Y,37.39079,-82.56886,N,NULL,NULL,NULL,NULL,NULL,NULL,NULL,NULL,9,5,2,2,1,1,2,2,6,3,N,NULL,Y,N,1015,1020,1045,N,NULL,44,,0,N,,N,N,098-KY-0122-0,NULL,NULL,2021,O,7.27E+11,098-KY-0122  -000,HIGH,098-KY-0122  -000,8.865,0,0,0,0,0,0,0,1,0,0,0,1,0,0
4572,72514812,KSP0900,20-564917,20200624,2126,,REGINA-BELCHER,,HWY,US0460,US0460,0,098 US-460,US0460,N,N,NULL,NULL,NULL,N,NULL,NULL,NULL,NULL,NULL,NULL,13.849,NULL,NULL,NULL,NULL,,NULL,0,0,1,1,N,N,55,NULL,98,9822,NULL,,Y,37.3386,-82.3818,N,NULL,NULL,NULL,NULL,NULL,NULL,NULL,NULL,9,3,2,6,1,1,2,3,7,3,N,NULL,Y,N,2130,2132,,N,NULL,38,,1,N,,N,N,098-US-0460-0,NULL,NULL,2020,O,7.25E+11,098-US-0460  -000,HIGH,098-US-0460  -000,13.849,0,0,0,0,0,0,0,0,0,0,0,0,0,0
4573,72755954,980100,2.02E+11,20220429,2143,,US23,,,US0023,US0023,,,,N,N,NULL,NULL,NULL,N,NULL,NULL,NULL,NULL,NULL,NULL,25.73,NULL,NULL,NULL,NULL,,NULL,0,0,1,1,N,N,55,NULL,98,9801,NULL,,Y,37.4958,-82.53109,N,NULL,NULL,NULL,NULL,NULL,NULL,NULL,NULL,9,3,4,6,1,1,2,6,7,3,N,NULL,Y,N,2143,2153,2153,N,NULL,38,,1,N,,N,N,,NULL,NULL,2022,O,7.28E+11,098-US-0023  -000,MEDIUM,098-US-0023  -000,25.73,0,0,0,1,0,0,0,0,0,0,0,0,0,1
4574,72634501,980100,2.02E+11,20210608,2059,,BOB AMOS,,DR,,,,,,Y,N,NULL,NULL,NULL,N,NULL,NULL,NULL,NULL,NULL,NULL,0.726,NULL,NULL,NULL,NULL,,NULL,0,0,2,2,N,N,15,NULL,98,9801,NULL,,Y,37.46981,-82.54232,N,NULL,NULL,NULL,NULL,NULL,NULL,NULL,NULL,2,97,1,6,1,5,6,6,1,3,N,NULL,Y,N,2059,2101,2101,N,NULL,90,,,N,,N,N,,NULL,NULL,2021,O,7.26E+11,098-CS-1025  -000,MEDIUM,098-CS-1025  -000,0.726,0,0,0,0,0,0,1,0,0,0,0,0,0,1
4575,72678556,980100,2.02E+11,20211003,2040,,CASSIDY,,BLVD,,,0,098 CS-1191,CS1191,N,N,NULL,NULL,NULL,N,NULL,NULL,NULL,NULL,NULL,NULL,0.232,NULL,NULL,NULL,NULL,,NULL,0,0,2,2,N,N,55,NULL,98,9801,NULL,,Y,37.50437,-82.53568,N,NULL,NULL,NULL,NULL,NULL,NULL,NULL,NULL,7,3,1,2,1,5,6,6,1,3,N,NULL,N,N,2040,2050,,N,NULL,54,,,N,,N,N,098-CS-1191-0,NULL,NULL,2021,O,7.27E+11,098-CS-1191  -000,HIGH,098-CS-1191  -000,0.232,0,0,0,0,0,0,0,0,0,0,0,1,0,1
4576,72560682,KSP0900,20-768985,20201102,1653,,KY292,,,KY0292,KY0292,,,,N,N,NULL,NULL,NULL,N,NULL,NULL,NULL,NULL,NULL,NULL,0.748,NULL,NULL,NULL,NULL,,NULL,0,0,2,1,N,N,30,NULL,98,9869,NULL,,Y,37.63605,-82.22,N,NULL,NULL,NULL,NULL,NULL,NULL,NULL,NULL,7,3,2,3,1,1,2,2,7,3,N,NULL,N,N,1653,1735,,N,NULL,54,8,0,N,,N,N,,NULL,NULL,2020,O,7.26E+11,098-KY-0292  -000,MEDIUM,098-KY-0292  -000,0.748,0,0,0,0,0,0,0,0,0,0,0,1,0,0
4577,72760565,980100,2.02E+11,20220510,1931,,BYPASS,S,RD,KY1426,KY1426,0,098 KY-1426,KY1426,Y,N,NULL,NULL,NULL,N,NULL,NULL,NULL,NULL,NULL,NULL,5.687,NULL,NULL,NULL,NULL,,NULL,0,0,2,2,N,N,,NULL,98,9801,NULL,,Y,37.47295,-82.52238,N,NULL,NULL,NULL,NULL,NULL,NULL,NULL,NULL,2,97,2,6,1,1,2,8,1,3,N,NULL,Y,N,1931,1934,,N,NULL,90,,0,N,,N,N,098-KY-1426-0,NULL,NULL,2022,O,7.28E+11,098-KY-1426  -000,HIGH,098-KY-1426  -000,5.687,0,0,0,0,0,0,1,0,0,0,0,0,0,1
4578,72793462,980000,2208001,20220812,1110,,GOODY ROAD SOUTH WILLIAMSON,,,,,,,,Y,N,NULL,NULL,NULL,N,NULL,NULL,NULL,NULL,NULL,NULL,,NULL,NULL,NULL,NULL,NULL,NULL,0,0,2,2,N,N,,NULL,98,9834,1,N,N,37.65934,-82.27322,N,NULL,NULL,NULL,NULL,NULL,NULL,NULL,NULL,8,97,2,6,2,1,2,2,1,3,N,NULL,N,Y,1110,1115,1145,N,NULL,90,,,N,,N,N,,NULL,NULL,2022,O,7.28E+11,098-US-0119  -010,MEDIUM,098-US-0119  -000,24.31,0,0,0,0,0,0,1,0,0,0,0,0,0,0
4579,72645736,980100,2.02E+11,20210710,915,,BILL KING,,HOLW,,,0,098 CS-1051,CS1051,N,N,NULL,NULL,NULL,N,NULL,NULL,NULL,NULL,NULL,NULL,0.173,NULL,NULL,NULL,NULL,,NULL,0,0,1,1,N,N,25,NULL,98,9801,NULL,,Y,37.48782,-82.50439,N,NULL,NULL,NULL,NULL,NULL,NULL,NULL,NULL,9,3,1,4,1,1,2,2,6,3,N,NULL,Y,N,915,923,,Y,NULL,70,,,N,,N,N,098-CS-1051-0,NULL,NULL,2021,O,7.26E+11,098-CS-1051  -000,HIGH,098-CS-1051  -000,0.173,0,0,0,1,0,0,0,0,0,1,0,1,0,1
4580,72497902,KSP0900,20-16100,20200430,1608,,US119,,,US0119,US0119,0,098 US-119,US0119,N,N,NULL,NULL,NULL,N,NULL,NULL,NULL,NULL,NULL,NULL,20.793,NULL,NULL,NULL,NULL,,NULL,0,0,1,1,N,N,35,NULL,98,9836,NULL,,Y,37.61882,-82.26881,N,NULL,NULL,NULL,NULL,NULL,NULL,NULL,NULL,9,5,2,3,1,5,6,2,7,3,N,NULL,Y,Y,1610,1643,1643,Y,NULL,40,2,1,N,,N,N,098-US-0119-0,NULL,NULL,2020,O,7.25E+11,098-US-0119  -000,HIGH,098-US-0119  -000,20.793,0,0,1,0,0,0,0,1,0,0,0,1,0,0
4581,72483505,KSP0900,20-6588,20200219,1221,,US119,,,US0119,US0119,0,098 US-119,US0119,N,Y,MALL,,RD,N,NULL,NULL,NULL,NULL,NULL,NULL,24.058,NULL,NULL,NULL,NULL,,NULL,0,0,2,2,N,N,55,NULL,98,9834,NULL,,Y,37.65657,-82.27057,N,NULL,NULL,NULL,NULL,NULL,NULL,NULL,NULL,5,3,4,6,1,1,3,2,7,3,N,NULL,Y,N,1221,1221,1230,N,NULL,35,2,1,N,,N,N,098-US-0119-0,NULL,NULL,2020,O,7.25E+11,098-US-0119  -000,HIGH,098-US-0119  -000,24.058,0,0,0,1,0,0,1,0,0,0,1,0,0,0
4582,72737379,980100,2.02E+11,20220227,1500,,CASSIDY,,BLVD,,,,,,Y,N,NULL,NULL,NULL,N,NULL,NULL,NULL,NULL,NULL,NULL,0.365,NULL,NULL,NULL,NULL,,NULL,0,0,1,1,N,N,,NULL,98,9801,NULL,,Y,37.50506,-82.53813,N,NULL,NULL,NULL,NULL,NULL,NULL,NULL,NULL,9,97,,6,1,1,2,2,1,3,N,NULL,Y,N,1500,1500,1500,Y,NULL,90,,,N,,N,N,,NULL,NULL,2022,O,7.27E+11,098-CS-1191  -000,MEDIUM,098-CS-1191  -000,0.365,0,0,0,0,0,0,1,0,0,0,0,1,0,1
4583,72647420,980500,2021AR027,20210714,1420,,MAIN STREET,,,,,,,,N,N,NULL,NULL,NULL,N,NULL,NULL,NULL,NULL,NULL,NULL,,NULL,NULL,NULL,NULL,NULL,NULL,0,0,2,2,Y,N,25,NULL,98,9807,NULL,,Y,37.51709,-82.56308,N,NULL,NULL,NULL,NULL,NULL,NULL,NULL,NULL,2,6,2,6,1,1,2,2,7,3,N,NULL,Y,Y,1415,1420,1420,N,NULL,47,,,N,,N,N,,NULL,NULL,2021,O,7.26E+11,098-CS-3000  -000,MEDIUM,098-CS-3000  -000,0.24,0,0,0,0,0,0,0,0,0,0,0,0,0,0
4584,72494250,370200,20-13781,20200414,709,,WILLIAMSON,,RD,KY0292,KY0292,0,098 KY-292,KY0292,N,N,NULL,NULL,NULL,N,NULL,NULL,NULL,NULL,NULL,NULL,5.317,NULL,NULL,NULL,NULL,,NULL,0,0,2,2,N,N,35,NULL,98,9834,NULL,,Y,37.67169,-82.28431,N,NULL,NULL,NULL,NULL,NULL,NULL,NULL,NULL,5,3,2,6,1,1,2,2,1,3,N,NULL,Y,N,739,739,818,N,NULL,49,7,0,N,,N,N,098-KY-0292-0,NULL,NULL,2020,O,7.25E+11,098-KY-0292  -000,HIGH,098-KY-0292  -000,5.317,0,0,0,0,0,0,0,0,0,0,0,0,0,0
4585,72611365,980100,2.02E+11,20210401,1755,,CASSIDY BLVD,,,,,,,,Y,N,NULL,NULL,NULL,N,NULL,NULL,NULL,NULL,NULL,NULL,,NULL,NULL,NULL,NULL,,NULL,0,0,2,2,N,N,15,NULL,98,9801,NULL,,Y,37.50427,-82.53782,N,NULL,NULL,NULL,NULL,NULL,NULL,NULL,NULL,2,97,2,6,1,1,2,2,1,3,N,NULL,Y,N,1756,1801,1801,N,NULL,90,,,N,,N,N,,NULL,NULL,2021,O,7.26E+11,098-CS-1215  -000,MEDIUM,098-CS-1215  -000,0.839,0,0,1,0,0,0,0,0,0,0,0,0,0,1
4586,72711939,980100,2.02E+11,20211221,530,,BOB AMOS,,DR,,,0,098 CS-1025,CS1025,N,N,NULL,NULL,NULL,N,NULL,NULL,NULL,NULL,NULL,NULL,0.553,NULL,NULL,NULL,NULL,,NULL,0,0,1,1,N,N,35,NULL,98,9801,NULL,,Y,37.47202,-82.54093,N,NULL,NULL,NULL,NULL,NULL,NULL,NULL,NULL,9,3,2,1,1,1,2,5,7,3,N,NULL,Y,N,530,541,,N,NULL,38,,,N,,N,N,098-CS-1025-0,NULL,NULL,2021,O,7.27E+11,098-CS-1025  -000,HIGH,098-CS-1025  -000,0.553,0,0,0,1,0,0,0,0,0,0,0,0,0,1