OBJECTID,MasterFile,AgencyORINumber,LocalCode,CollisionDate,CollisionTime,CollisionDayWeekCode,RoadwayName,RoadwayName_Direction_,RoadwayName_RoadwaySuffix_,RoadwayfromReport,CurrentRoadwayNumber,RoadwayNumberCoupletID,RSEUniqueGIS,RoadwayIdentifier,ParkingLotIndicator,IntersectionWith_Indicator_,IntersectionWith_NameRoadway_,IntersectionWith_Direction_,IntersectionWith_RoadwaySuffix_,BetweenStreets_Indicator_,BetweenStreets1_NameRoadway_,BetweenStreet1_Direction_,BetweenStreets1_RoadwaySuffix_,BetweenStreets2_NameRoadway_,BetweenStreets2_Direction_,BetweenStreets2_RoadwaySuffix_,Milepoint,ReportMilepointDeriveNumber,CurrentDerivedMiepointNumber,MilestoMilepoint,FeettoMilepoint,DirectionfromMilepoint_NSEW_,ValidMilepointIndicator,NumberInjured,NumberKilled,ofUnits,ofMotorVehicleUnits,Hit&RunIndicator,OneWayIndicator,SpeedLimitNumber,KilometersIndicator,CountyCode,CityCountyCode,MilesFromCity,DirectionFromCity_NSEW_,InCityLimitsIndicator,Latitude,Longitude,RampIndicator,RampFromIdentifier,RampFromDirCode,RampFromCoupletID,RSEUniqueGISRampFrom,RampToidentifier,RampToDirCode,RampToCoupletID,RSEUniqueGisRampTo,MannerofCollisionCode,LocationFirstEventCode,TotalLanes,RoadwayCharacterCode,RoadwaySurfaceCode,RoadwayConditionCode,WeatherCode,LightConditionCode,LandUseCode,SchoolBusRelatedCode,FirstAidSceneIndicator,CollDescPresentInd,InvestigationCompleteIndicator,PhotosTakenIndicator,TimeNotified,TimeArrived,TimeRoadwayOpened,PropertyDamageIndicator,DiagramPresentIndicator,DirectionalAnalysis,FunctionClassCode,NationalHwySysCode,EnforcementsIndicator,KARSCityCode,SecondaryCollisionIndicator,MedianCrossoverIndicator,RT_UNIQUE,MapIt,TimeLastLeft,YR,KABCO,MFNY,WorkingRID,RT_CONFIDENCE,KTC_RT,KTC_MP,Motorcyclist,Commercial Vehicle,Young Driver,Mature Driver,Pedestrian,Bicyclist,Distracted,Aggressive,Impaired,Unrestrained,Intersection,Roadway Departure,Median Cross-over,City Crash
4587,72489448,KSP0900,20-9977,20200316,1256,,US23,,,US0023,US0023,0,098 US-23,US0023,N,N,NULL,NULL,NULL,N,NULL,NULL,NULL,NULL,NULL,NULL,17.558,NULL,NULL,NULL,NULL,,NULL,0,0,2,2,N,N,55,NULL,98,9824,NULL,,Y,37.42287,-82.51701,N,NULL,NULL,NULL,NULL,NULL,NULL,NULL,NULL,8,3,4,6,1,1,2,2,7,3,N,NULL,N,N,1256,1310,1310,N,NULL,53,,1,N,,N,N,098-US-0023-0,NULL,NULL,2020,O,7.25E+11,098-US-0023  -000,HIGH,098-US-0023  -000,17.558,0,0,0,0,0,0,1,0,0,0,0,1,0,0
4588,72691731,980100,2.02E+11,20211103,709,,US23,,,US0023,US0023,0,098 US-23,US0023,N,N,NULL,NULL,NULL,N,NULL,NULL,NULL,NULL,NULL,NULL,27.031,NULL,NULL,NULL,NULL,,NULL,0,0,1,1,N,N,55,NULL,98,9801,NULL,,Y,37.51051,-82.54179,N,NULL,NULL,NULL,NULL,NULL,NULL,NULL,NULL,9,3,4,6,1,1,2,6,7,2,N,NULL,Y,N,709,711,711,N,NULL,38,,1,N,,N,N,098-US-0023-0,NULL,NULL,2021,O,7.27E+11,098-US-0023  -000,HIGH,098-US-0023  -000,27.031,0,0,1,0,0,0,0,0,0,0,0,0,0,1
4589,72739457,980100,2.02E+11,20220303,2243,,KY1426 TURN LANE,,,KY1426,KY1426,0,098 KY-1426-28,KY1426,N,N,NULL,NULL,NULL,N,NULL,NULL,NULL,NULL,NULL,NULL,0.024,NULL,NULL,NULL,NULL,,NULL,0,0,2,2,N,N,55,NULL,98,9801,NULL,,Y,37.47397,-82.52733,N,NULL,NULL,NULL,NULL,NULL,NULL,NULL,NULL,1,3,2,6,1,1,2,4,1,3,N,NULL,Y,N,2245,2248,,N,NULL,55,8,0,N,,N,N,098-KY-1426-28,NULL,NULL,2022,O,7.27E+11,098-KY-1426  -028,HIGH,098-KY-1426  -028,0.024,0,0,1,0,0,0,1,0,0,0,0,0,0,1
4590,72740779,980100,2.02E+11,20220120,753,,US23,,,US0023,US0023,0,098 US-23,US0023,N,N,NULL,NULL,NULL,N,NULL,NULL,NULL,NULL,NULL,NULL,23.062,NULL,NULL,NULL,NULL,,NULL,1,2,2,2,N,N,55,NULL,98,9801,NULL,,Y,37.46583,-82.52811,N,NULL,NULL,NULL,NULL,NULL,NULL,NULL,NULL,1,3,4,6,1,5,8,2,7,3,Y,NULL,Y,Y,753,758,1038,N,NULL,55,,1,N,,N,N,098-US-0023-0,NULL,NULL,2022,K,7.27E+11,098-US-0023  -000,HIGH,098-US-0023  -000,23.062,0,1,0,0,0,0,1,0,0,1,0,0,0,1
4591,72532354,980100,2.02E+11,20200802,1600,,BYPASS,S,RD,KY1426,KY1426,0,098 KY-1426,KY1426,N,N,NULL,NULL,NULL,N,NULL,NULL,NULL,NULL,NULL,NULL,5.676,NULL,NULL,NULL,NULL,,NULL,0,0,2,2,Y,N,15,NULL,98,9801,NULL,,Y,37.47205,-82.52248,N,NULL,NULL,NULL,NULL,NULL,NULL,NULL,NULL,2,97,2,4,1,1,2,2,1,3,N,NULL,N,N,1530,1530,,N,NULL,47,,0,N,,N,N,098-KY-1426-0,NULL,NULL,2020,O,7.25E+11,098-KY-1426  -000,HIGH,098-KY-1426  -000,5.676,0,0,0,0,0,0,1,0,0,0,0,0,0,1
4592,72794470,KSP0900,22-311428,20220812,1727,,KY1056,,,KY1056,KY1056,0,098 KY-1056,KY1056,N,N,NULL,NULL,NULL,N,NULL,NULL,NULL,NULL,NULL,NULL,8.685,NULL,NULL,NULL,NULL,,NULL,0,0,2,2,N,N,55,NULL,98,9863,NULL,,Y,37.59204,-82.17331,N,NULL,NULL,NULL,NULL,NULL,NULL,NULL,NULL,7,3,2,3,1,1,2,2,7,3,N,NULL,Y,N,1727,1807,1920,N,NULL,54,7,0,N,,N,N,098-KY-1056-0,NULL,NULL,2022,O,7.28E+11,098-KY-1056  -000,HIGH,098-KY-1056  -000,8.685,0,0,0,0,0,0,0,0,0,1,0,1,0,0
4593,72753221,980100,2.02E+11,20220421,700,,US23,,,US0023,US0023,0,098 US-23,US0023,N,N,NULL,NULL,NULL,N,NULL,NULL,NULL,NULL,NULL,NULL,20.457,NULL,NULL,NULL,NULL,,NULL,0,0,1,1,N,N,55,NULL,98,9801,NULL,,Y,37.44348,-82.51953,N,NULL,NULL,NULL,NULL,NULL,NULL,NULL,NULL,9,3,4,6,1,1,3,2,7,3,N,NULL,Y,N,701,709,709,N,NULL,38,,1,N,,N,N,098-US-0023-0,NULL,NULL,2022,O,7.28E+11,098-US-0023  -000,HIGH,098-US-0023  -000,20.457,0,0,0,0,0,0,0,0,0,0,0,0,0,1
4594,72464502,980500,2020-AR006,20200116,1125,,VILLAGE,,ST,,,0,098 CS-3022,CS3022,Y,N,NULL,NULL,NULL,N,NULL,NULL,NULL,NULL,NULL,NULL,,NULL,NULL,NULL,NULL,NULL,NULL,1,0,1,1,Y,N,15,NULL,98,9807,NULL,,Y,37.51611,-82.56158,N,NULL,NULL,NULL,NULL,NULL,NULL,NULL,NULL,9,97,,6,1,1,2,2,1,2,Y,NULL,Y,Y,1127,1130,1130,N,NULL,90,,,N,,N,N,098-CS-3022-0,NULL,NULL,2020,C,7.25E+11,098-CS-3022  -000,HIGH,098-CS-3022  -000,0.01,0,0,0,0,0,0,0,0,0,0,0,1,0,0
4595,72560723,980100,2.02E+11,20201029,1205,,US23,,,US0023,US0023,0,098 US-23,US0023,N,N,NULL,NULL,NULL,N,NULL,NULL,NULL,NULL,NULL,NULL,22.939,NULL,NULL,NULL,NULL,,NULL,2,0,2,2,N,N,55,NULL,98,9801,NULL,,Y,37.4655,-82.52596,N,NULL,NULL,NULL,NULL,NULL,NULL,NULL,NULL,5,3,4,6,1,1,2,2,1,3,Y,NULL,Y,N,1205,1208,1208,N,NULL,49,,1,N,,N,N,098-US-0023-0,NULL,NULL,2020,C,7.26E+11,098-US-0023  -000,HIGH,098-US-0023  -000,22.939,0,0,0,1,0,0,1,0,0,0,0,0,0,1
4596,72567736,980000,20-11-008,20201121,2030,,TOLER,,RD,KY0319,KY0319,0,098 KY-319,KY0319,N,N,NULL,NULL,NULL,N,NULL,NULL,NULL,NULL,NULL,NULL,5.294,NULL,NULL,NULL,NULL,,NULL,0,0,1,1,N,N,45,NULL,98,9842,NULL,,Y,37.62399,-82.2448,N,NULL,NULL,NULL,NULL,NULL,NULL,NULL,NULL,9,97,2,3,1,1,2,7,7,3,N,NULL,Y,Y,2030,2030,2030,Y,NULL,70,7,0,Y,,N,N,098-KY-0319-0,NULL,NULL,2020,O,7.26E+11,098-KY-0319  -000,HIGH,098-KY-0319  -000,5.294,0,0,0,0,0,0,0,0,1,1,0,1,0,0
4597,72677919,980100,2.02E+11,20211001,857,,CASSIDY,,BLVD,,,0,098 CS-1191,CS1191,N,N,NULL,NULL,NULL,N,NULL,NULL,NULL,NULL,NULL,NULL,0.125,NULL,NULL,NULL,NULL,,NULL,1,0,2,2,N,N,35,NULL,98,9801,NULL,,Y,37.5036,-82.53412,N,NULL,NULL,NULL,NULL,NULL,NULL,NULL,NULL,1,3,4,3,1,1,2,2,1,3,Y,NULL,Y,Y,859,901,949,N,NULL,55,,,N,,N,N,098-CS-1191-0,NULL,NULL,2021,C,7.27E+11,098-CS-1191  -000,HIGH,098-CS-1191  -000,0.125,0,0,0,0,0,0,1,0,0,1,0,1,0,1
4598,72535731,980500,2020AR043,20200826,1639,,MAIN STREET,,,,,,,,N,N,NULL,NULL,NULL,N,NULL,NULL,NULL,NULL,NULL,NULL,,NULL,NULL,NULL,NULL,NULL,NULL,0,0,2,2,N,N,25,NULL,98,9807,NULL,,Y,37.51889,-82.56631,N,NULL,NULL,NULL,NULL,NULL,NULL,NULL,NULL,1,3,2,6,1,1,2,2,7,3,N,NULL,Y,Y,1640,1641,1643,N,NULL,55,,,N,,N,N,,NULL,NULL,2020,O,7.25E+11,098-CS-3000  -071,MEDIUM,098-CS-3000  -071,0.022,0,0,0,0,0,0,1,0,0,0,0,0,0,0
4599,72567775,KSP0900,2020-758449,20201026,1100,,ELKHORN,,CRK,KY0197,KY0197,0,098 KY-197,KY0197,N,N,NULL,NULL,NULL,N,NULL,NULL,NULL,NULL,NULL,NULL,0.678,NULL,NULL,NULL,NULL,,NULL,1,0,2,2,N,N,55,NULL,98,9867,NULL,,Y,37.21928,-82.55109,N,NULL,NULL,NULL,NULL,NULL,NULL,NULL,NULL,3,3,2,3,1,5,3,2,7,3,Y,NULL,N,Y,1100,1130,1230,N,NULL,52,7,0,N,,N,Y,098-KY-0197-0,NULL,NULL,2020,C,7.26E+11,098-KY-0197  -000,HIGH,098-KY-0197  -000,0.678,0,0,1,0,0,0,0,0,0,1,0,1,1,0
4600,72483376,KSP0900,20-8164,20200302,1701,,US460,,,US0460,US0460,0,098 US-460,US0460,Y,N,NULL,NULL,NULL,N,NULL,NULL,NULL,NULL,NULL,NULL,4.943,NULL,NULL,NULL,NULL,,NULL,0,0,2,2,N,N,,NULL,98,9832,NULL,,Y,37.41168,-82.44999,N,NULL,NULL,NULL,NULL,NULL,NULL,NULL,NULL,2,97,0,6,1,1,2,2,1,3,N,NULL,Y,N,1701,1724,1701,N,NULL,90,,1,N,,N,N,098-US-0460-0,NULL,NULL,2020,O,7.25E+11,098-US-0460  -000,HIGH,098-US-0460  -000,4.943,0,0,0,0,0,0,1,0,0,0,0,0,0,0
4601,72723337,980100,2.02E+11,20220116,225,,CEDAR HILLS,,RD,KY1426,KY1426,0,098 KY-1426,KY1426,N,N,NULL,NULL,NULL,N,NULL,NULL,NULL,NULL,NULL,NULL,3.623,NULL,NULL,NULL,NULL,,NULL,0,0,1,1,N,N,35,NULL,98,9801,NULL,,Y,37.45204,-82.53629,N,NULL,NULL,NULL,NULL,NULL,NULL,NULL,NULL,9,5,2,1,1,5,2,6,7,3,N,NULL,Y,N,226,228,341,N,NULL,44,8,0,N,,N,N,098-KY-1426-0,NULL,NULL,2022,O,7.27E+11,098-KY-1426  -000,HIGH,098-KY-1426  -000,3.623,0,0,0,0,0,0,1,0,1,0,0,1,0,1
4602,72652536,KSP0900,21-302714,20210721,2358,,KY194,,,KY0194,KY0194,0,098 KY-194,KY0194,N,N,NULL,NULL,NULL,N,NULL,NULL,NULL,NULL,NULL,NULL,23.401,NULL,NULL,NULL,NULL,,NULL,0,0,1,1,Y,N,55,NULL,98,9817,NULL,,Y,37.53379,-82.36856,N,NULL,NULL,NULL,NULL,NULL,NULL,NULL,NULL,9,3,2,3,1,1,2,6,7,3,N,NULL,Y,N,2358,8,58,N,NULL,70,6,0,N,,N,N,098-KY-0194-0,NULL,NULL,2021,O,7.27E+11,098-KY-0194  -000,HIGH,098-KY-0194  -000,23.401,0,0,0,0,0,0,0,0,0,0,0,0,0,0
4603,72677142,980500,2021AR039,20210930,1314,,MAYO TRAIL,,,,,,,,N,N,NULL,NULL,NULL,N,NULL,NULL,NULL,NULL,NULL,NULL,,NULL,NULL,NULL,NULL,NULL,NULL,1,0,2,2,N,N,45,NULL,98,9807,NULL,,Y,37.52245,-82.57057,N,NULL,NULL,NULL,NULL,NULL,NULL,NULL,NULL,6,3,7,6,1,1,2,2,7,3,N,NULL,Y,Y,1317,1320,1407,N,NULL,70,,,N,,N,N,,NULL,NULL,2021,C,7.27E+11,098-US-0023  -000,MEDIUM,098-US-0023  -000,28.878,0,1,0,0,0,0,1,0,0,0,0,0,0,0
4604,72827674,KSP0900,22-432794,20221110,1342,,BEAVER CK,,RD,KY1373,KY1373,0,098 KY-1373,KY1373,N,N,NULL,NULL,NULL,N,NULL,NULL,NULL,NULL,NULL,NULL,5.74,NULL,NULL,NULL,NULL,,NULL,0,0,2,2,Y,N,35,NULL,98,9802,NULL,,Y,37.35864,-82.29659,N,NULL,NULL,NULL,NULL,NULL,NULL,NULL,NULL,7,3,2,2,1,1,2,2,7,3,N,NULL,N,N,1342,1414,1530,N,NULL,54,8,0,N,,N,N,098-KY-1373-0,NULL,NULL,2022,O,7.28E+11,098-KY-1373  -000,HIGH,098-KY-1373  -000,5.74,0,0,0,1,0,0,1,1,0,0,0,1,0,0
4605,72613862,980200,980200,20210216,1008,,MOORES,,ALY,,,0,098 CS-2005,CS2005,N,Y,PATTY LOVELESS,N,DR,N,NULL,NULL,NULL,NULL,NULL,NULL,0.021,NULL,NULL,NULL,NULL,,NULL,0,0,2,2,N,N,35,NULL,98,9802,NULL,,Y,37.30499,-82.3533,N,NULL,NULL,NULL,NULL,NULL,NULL,NULL,NULL,5,3,2,5,1,2,8,2,1,3,N,NULL,Y,Y,1012,1020,1048,N,NULL,35,,,N,,N,N,098-CS-2005-0,NULL,NULL,2021,O,7.26E+11,098-CS-2005  -000,HIGH,098-CS-2005  -000,0.021,0,0,0,0,0,0,1,0,0,0,1,0,0,0
4606,72659609,KSP0900,21-337001,20210813,1520,,ISLAND CREEK,,RD,KY1426,KY1426,0,098 KY-1426,KY1426,N,N,NULL,NULL,NULL,N,NULL,NULL,NULL,NULL,NULL,NULL,1.586,NULL,NULL,NULL,NULL,,NULL,0,0,1,1,N,N,55,NULL,98,9801,NULL,,Y,37.4598,-82.56655,N,NULL,NULL,NULL,NULL,NULL,NULL,NULL,NULL,9,3,2,6,1,1,2,2,7,3,N,NULL,Y,N,1520,1534,1534,N,NULL,70,8,0,N,,N,N,098-KY-1426-0,NULL,NULL,2021,O,7.27E+11,098-KY-1426  -000,HIGH,098-KY-1426  -000,1.586,0,0,0,1,0,0,0,0,0,0,0,1,0,0
4607,72510463,980100,2.02E+11,20200612,1610,,POPLAR,,ST,,,0,098 CS-1178,CS1178,N,N,NULL,NULL,NULL,N,NULL,NULL,NULL,NULL,NULL,NULL,0.111,NULL,NULL,NULL,NULL,,NULL,1,0,2,1,Y,N,15,NULL,98,9801,NULL,,Y,37.48396,-82.52416,N,NULL,NULL,NULL,NULL,NULL,NULL,NULL,NULL,9,3,2,3,1,1,2,2,6,3,N,NULL,Y,Y,1610,1614,,N,NULL,36,,,N,,N,N,098-CS-1178-0,NULL,NULL,2020,C,7.25E+11,098-CS-1160  -000,MEDIUM,098-CS-1160  -000,0.111,0,0,0,0,1,0,0,0,0,0,0,0,0,1
4608,72683379,KSP0900,2021-416119,20211008,2130,,RACCOON,,RD,,,0,098 CR-1322,CR1322,N,N,NULL,NULL,NULL,N,NULL,NULL,NULL,NULL,NULL,NULL,0.181,NULL,NULL,NULL,NULL,,NULL,0,0,2,2,N,N,45,NULL,98,9828,NULL,,Y,37.47998,-82.40549,N,NULL,NULL,NULL,NULL,NULL,NULL,NULL,NULL,3,3,2,6,1,5,3,6,7,3,N,NULL,Y,N,2130,2130,2130,N,NULL,52,,,N,,N,N,098-CR-1322-0,NULL,NULL,2021,O,7.27E+11,098-CR-1322  -000,HIGH,098-CR-1322  -000,0.181,0,0,0,0,0,0,0,0,0,0,0,1,0,0
4609,72826858,980500,2022AR052,20221108,1845,,US23,,,US0023,US0023,0,098 US-23,US0023,N,N,NULL,NULL,NULL,N,NULL,NULL,NULL,NULL,NULL,NULL,29.4,NULL,NULL,NULL,NULL,,NULL,0,0,1,1,N,N,45,NULL,98,9807,NULL,,Y,37.52899,-82.5753,N,NULL,NULL,NULL,NULL,NULL,NULL,NULL,NULL,9,3,4,6,1,1,2,6,1,3,N,NULL,Y,N,1845,1850,,N,NULL,38,,1,N,,N,N,098-US-0023-0,NULL,NULL,2022,O,7.28E+11,098-US-0023  -000,HIGH,098-US-0023  -000,29.4,0,0,0,0,0,0,0,0,0,0,0,0,0,0
4610,72587919,980100,2.02E+11,20210125,2056,,KY1426,,,KY1426,KY1426,,,,Y,N,NULL,NULL,NULL,N,NULL,NULL,NULL,NULL,NULL,NULL,5.28,NULL,NULL,NULL,NULL,,NULL,0,0,2,2,N,Y,10,NULL,98,9801,NULL,,Y,37.47312,-82.52834,N,NULL,NULL,NULL,NULL,NULL,NULL,NULL,NULL,5,97,1,6,1,5,6,5,1,3,N,NULL,Y,N,2056,2101,2101,N,NULL,90,,0,N,,N,N,,NULL,NULL,2021,O,7.26E+11,098-KY-1426  -000,MEDIUM,098-KY-1426  -000,5.28,0,0,0,0,0,0,0,0,0,0,0,0,0,1
4611,72667048,980100,2.02E+11,20210901,1934,,KY1426,,,KY1426,KY1426,0,098 KY-1426,KY1426,N,N,NULL,NULL,NULL,N,NULL,NULL,NULL,NULL,NULL,NULL,8.023,NULL,NULL,NULL,NULL,,NULL,0,0,1,1,N,N,45,NULL,98,9801,NULL,,Y,37.49155,-82.4917,N,NULL,NULL,NULL,NULL,NULL,NULL,NULL,NULL,9,3,2,1,1,1,2,2,6,3,N,NULL,Y,N,1934,1937,2033,N,NULL,40,,0,Y,,N,N,098-KY-1426-0,NULL,NULL,2021,O,7.27E+11,098-KY-1426  -000,HIGH,098-KY-1426  -000,8.023,0,0,0,0,0,0,0,0,1,1,0,1,0,1
4612,72653445,980100,2.02E+11,20210731,632,,BYPASS,S,RD,KY1426,KY1426,0,098 KY-1426,KY1426,Y,N,NULL,NULL,NULL,N,NULL,NULL,NULL,NULL,NULL,NULL,5.714,NULL,NULL,NULL,NULL,,NULL,0,0,2,2,Y,N,10,NULL,98,9801,NULL,,Y,37.4729,-82.52244,N,NULL,NULL,NULL,NULL,NULL,NULL,NULL,NULL,8,97,2,6,2,1,3,1,5,3,N,NULL,Y,N,632,639,632,N,NULL,90,,0,N,,N,N,098-KY-1426-0,NULL,NULL,2021,O,7.27E+11,098-KY-1426  -000,HIGH,098-KY-1426  -000,5.714,0,0,0,0,0,0,0,0,0,0,0,0,0,1
4613,72730170,980100,2.02E+11,20220207,1017,,HUFFMAN,,AVE,,,0,098 CS-1123,CS1123,Y,N,NULL,NULL,NULL,N,NULL,NULL,NULL,NULL,NULL,NULL,0.183,NULL,NULL,NULL,NULL,,NULL,0,0,3,3,Y,N,,NULL,98,9801,NULL,,Y,37.47848,-82.51973,N,NULL,NULL,NULL,NULL,NULL,NULL,NULL,NULL,8,97,,6,1,1,2,2,1,3,N,NULL,Y,N,1017,1020,,N,NULL,90,,,N,,N,N,098-CS-1123-0,NULL,NULL,2022,O,7.27E+11,098-CS-1123  -000,HIGH,098-CS-1123  -000,0.183,0,0,0,0,0,0,1,0,0,0,0,0,0,1
4614,72749211,KSP0900,21-417454,20220101,2000,,US119,,,US0119,US0119,0,098 US-119,US0119,N,N,NULL,NULL,NULL,N,NULL,NULL,NULL,NULL,NULL,NULL,10.612,NULL,NULL,NULL,NULL,,NULL,0,0,1,1,N,N,55,NULL,98,9801,NULL,,Y,37.58625,-82.39627,N,NULL,NULL,NULL,NULL,NULL,NULL,NULL,NULL,9,5,2,6,1,1,2,6,7,3,N,NULL,N,N,1935,2000,2000,N,NULL,51,2,1,N,,N,N,098-US-0119-0,NULL,NULL,2022,O,7.27E+11,098-US-0119  -000,HIGH,098-US-0119  -000,10.612,0,0,0,0,0,0,0,0,0,0,0,1,0,0
4615,72520955,KSP0900,20-599604,20200714,1112,,KY3174,,,KY3174,KY3174,0,098 KY-3174-10,KY3174,N,N,NULL,NULL,NULL,N,NULL,NULL,NULL,NULL,NULL,NULL,2.141,NULL,NULL,NULL,NULL,,NULL,0,0,1,1,N,N,55,NULL,98,9801,5,S,N,37.38227,-82.50012,N,NULL,NULL,NULL,NULL,NULL,NULL,NULL,NULL,9,5,4,1,1,1,2,2,7,3,N,NULL,Y,N,1112,1128,1128,N,NULL,44,,0,N,,N,N,098-KY-3174-10,NULL,NULL,2020,O,7.25E+11,098-KY-3174  -010,HIGH,098-KY-3174  -000,2.141,0,0,0,0,0,0,0,0,0,0,0,1,0,0
4616,72592550,KSP0900,21-49825,20210207,30,,KY194,,,KY0194,KY0194,,,,N,N,NULL,NULL,NULL,N,NULL,NULL,NULL,NULL,NULL,NULL,54.812,NULL,NULL,NULL,NULL,,NULL,0,0,1,1,N,N,35,NULL,98,9804,NULL,,Y,37.5108,-82.14699,N,NULL,NULL,NULL,NULL,NULL,NULL,NULL,NULL,9,3,2,6,1,5,8,6,7,3,N,NULL,N,N,30,230,30,N,NULL,,,,N,,N,N,,NULL,NULL,2021,O,7.26E+11,098-KY-0194  -000,HIGH,098-KY-0194  -000,54.812,0,0,0,0,0,0,0,0,0,0,0,1,0,0
4617,72524807,KSP0900,20-618766,20200725,2343,,KY194,,,KY0194,KY0194,0,098 KY-194,KY0194,N,N,NULL,NULL,NULL,N,NULL,NULL,NULL,NULL,NULL,NULL,26.695,NULL,NULL,NULL,NULL,,NULL,0,0,1,1,N,N,55,NULL,98,9817,NULL,,Y,37.49728,-82.34964,N,NULL,NULL,NULL,NULL,NULL,NULL,NULL,NULL,9,3,2,5,1,1,2,6,7,3,N,NULL,Y,N,2343,17,17,N,NULL,70,7,0,N,,N,N,098-KY-0194-0,NULL,NULL,2020,O,7.25E+11,098-KY-0194  -000,HIGH,098-KY-0194  -000,26.695,0,0,0,0,0,0,0,0,0,0,0,0,0,0
4618,72764675,980100,2.02E+11,20220507,724,,KY1426,,,KY1426,KY1426,0,098 KY-1426,KY1426,N,N,NULL,NULL,NULL,N,NULL,NULL,NULL,NULL,NULL,NULL,8.016,NULL,NULL,NULL,NULL,,NULL,0,0,1,1,N,N,55,NULL,98,9801,NULL,,Y,37.49131,-82.49161,N,NULL,NULL,NULL,NULL,NULL,NULL,NULL,NULL,9,3,2,2,1,5,6,2,1,3,N,NULL,Y,N,724,728,,N,NULL,44,,0,N,,N,N,098-KY-1426-0,NULL,NULL,2022,O,7.28E+11,098-KY-1426  -000,HIGH,098-KY-1426  -000,8.016,0,0,0,0,0,0,0,0,0,0,0,1,0,1
4619,72854068,KSP0900,23-17029,20230113,2028,,US119,,,US0119,US0119,0,098 US-119,US0119,N,N,NULL,NULL,NULL,N,NULL,NULL,NULL,NULL,NULL,NULL,6.32,NULL,NULL,NULL,NULL,,NULL,0,0,1,1,N,N,55,NULL,98,9820,NULL,,Y,37.54325,-82.44651,N,NULL,NULL,NULL,NULL,NULL,NULL,NULL,NULL,9,3,2,6,2,5,9,6,7,3,Y,NULL,Y,Y,2031,2034,2035,N,NULL,70,2,1,N,,N,N,098-US-0119-0,NULL,NULL,2023,O,7.29E+11,098-US-0119  -000,HIGH,098-US-0119  -000,6.312,0,0,0,0,0,0,0,0,0,0,0,1,0,0
4620,72780862,KSP0900,22-256733,20220706,1858,,KY1426,,,KY1426,KY1426,0,098 KY-1426,KY1426,N,N,NULL,NULL,NULL,N,NULL,NULL,NULL,NULL,NULL,NULL,10.242,NULL,NULL,NULL,NULL,,NULL,0,0,1,1,N,N,55,NULL,98,9828,NULL,,Y,37.51307,-82.47489,N,NULL,NULL,NULL,NULL,NULL,NULL,NULL,NULL,9,5,2,3,1,5,6,2,7,3,N,NULL,Y,N,1858,1911,1924,Y,NULL,40,7,0,N,,N,N,098-KY-1426-0,NULL,NULL,2022,O,7.28E+11,098-KY-1426  -000,HIGH,098-KY-1426  -000,10.242,0,0,0,0,0,0,0,0,0,0,0,1,0,0
4621,72582407,KSP0900,21-8976,20210107,1500,,US119,,,US0119,US0119,0,098 US-119,US0119,N,N,NULL,NULL,NULL,N,NULL,NULL,NULL,NULL,NULL,NULL,11.165,NULL,NULL,NULL,NULL,,NULL,0,0,1,1,N,N,55,NULL,98,9820,NULL,,Y,37.59035,-82.38802,N,NULL,NULL,NULL,NULL,NULL,NULL,NULL,NULL,9,3,2,4,1,1,2,2,7,3,N,NULL,N,N,1500,1520,1530,N,NULL,44,2,1,Y,,N,N,098-US-0119-0,NULL,NULL,2021,O,7.26E+11,098-US-0119  -000,MEDIUM,098-US-0119  -000,11.165,0,0,0,0,0,0,0,0,0,0,0,1,0,0
4622,72768232,980000,9822-05-005,20220531,745,,KY1426,,,KY1426,KY1426,0,098 KY-1426,KY1426,N,N,NULL,NULL,NULL,N,NULL,NULL,NULL,NULL,NULL,NULL,13.909,NULL,NULL,NULL,NULL,,NULL,0,0,1,1,N,N,55,NULL,98,9801,7,NE,N,37.55655,-82.45491,N,NULL,NULL,NULL,NULL,NULL,NULL,NULL,NULL,9,3,2,6,1,1,2,1,6,3,N,NULL,Y,N,745,755,,N,NULL,38,7,0,N,,N,N,098-KY-1426-0,NULL,NULL,2022,O,7.28E+11,098-KY-1426  -000,HIGH,098-KY-1426  -000,13.909,0,0,0,0,0,0,0,0,0,0,0,0,0,0
4623,72624154,980100,2.02E+11,20210507,1257,,JUSTICE WAY,,,,,,,,Y,N,NULL,NULL,NULL,N,NULL,NULL,NULL,NULL,NULL,NULL,,NULL,NULL,NULL,NULL,,NULL,0,0,2,2,N,N,15,NULL,98,9801,NULL,,Y,37.50593,-82.53881,N,NULL,NULL,NULL,NULL,NULL,NULL,NULL,NULL,5,97,2,6,1,1,2,2,1,3,N,NULL,Y,N,1257,1304,1304,N,NULL,90,,,Y,,N,N,,NULL,NULL,2021,O,7.26E+11,098-CS-1191  -000,MEDIUM,098-CS-1191  -000,0.371,0,0,1,0,0,0,1,0,0,0,0,0,0,1
4624,72528084,980100,2.02E+11,20200724,1450,,CASSIDY,,BLVD,,,0,098 CS-1191,CS1191,Y,N,NULL,NULL,NULL,N,NULL,NULL,NULL,NULL,NULL,NULL,0.062,NULL,NULL,NULL,NULL,,NULL,0,0,2,2,N,N,15,NULL,98,9801,NULL,,Y,37.50367,-82.53316,N,NULL,NULL,NULL,NULL,NULL,NULL,NULL,NULL,2,97,1,6,1,1,3,2,1,3,N,NULL,Y,N,1450,1450,,N,NULL,90,,,N,,N,N,098-CS-1191-0,NULL,NULL,2020,O,7.25E+11,098-CS-1191  -000,HIGH,098-CS-1191  -000,0.062,0,0,0,0,0,0,1,0,0,0,0,0,0,1