OBJECTID,MasterFile,AgencyORINumber,LocalCode,CollisionDate,CollisionTime,CollisionDayWeekCode,RoadwayName,RoadwayName_Direction_,RoadwayName_RoadwaySuffix_,RoadwayfromReport,CurrentRoadwayNumber,RoadwayNumberCoupletID,RSEUniqueGIS,RoadwayIdentifier,ParkingLotIndicator,IntersectionWith_Indicator_,IntersectionWith_NameRoadway_,IntersectionWith_Direction_,IntersectionWith_RoadwaySuffix_,BetweenStreets_Indicator_,BetweenStreets1_NameRoadway_,BetweenStreet1_Direction_,BetweenStreets1_RoadwaySuffix_,BetweenStreets2_NameRoadway_,BetweenStreets2_Direction_,BetweenStreets2_RoadwaySuffix_,Milepoint,ReportMilepointDeriveNumber,CurrentDerivedMiepointNumber,MilestoMilepoint,FeettoMilepoint,DirectionfromMilepoint_NSEW_,ValidMilepointIndicator,NumberInjured,NumberKilled,ofUnits,ofMotorVehicleUnits,Hit&RunIndicator,OneWayIndicator,SpeedLimitNumber,KilometersIndicator,CountyCode,CityCountyCode,MilesFromCity,DirectionFromCity_NSEW_,InCityLimitsIndicator,Latitude,Longitude,RampIndicator,RampFromIdentifier,RampFromDirCode,RampFromCoupletID,RSEUniqueGISRampFrom,RampToidentifier,RampToDirCode,RampToCoupletID,RSEUniqueGisRampTo,MannerofCollisionCode,LocationFirstEventCode,TotalLanes,RoadwayCharacterCode,RoadwaySurfaceCode,RoadwayConditionCode,WeatherCode,LightConditionCode,LandUseCode,SchoolBusRelatedCode,FirstAidSceneIndicator,CollDescPresentInd,InvestigationCompleteIndicator,PhotosTakenIndicator,TimeNotified,TimeArrived,TimeRoadwayOpened,PropertyDamageIndicator,DiagramPresentIndicator,DirectionalAnalysis,FunctionClassCode,NationalHwySysCode,EnforcementsIndicator,KARSCityCode,SecondaryCollisionIndicator,MedianCrossoverIndicator,RT_UNIQUE,MapIt,TimeLastLeft,YR,KABCO,MFNY,WorkingRID,RT_CONFIDENCE,KTC_RT,KTC_MP,Motorcyclist,Commercial Vehicle,Young Driver,Mature Driver,Pedestrian,Bicyclist,Distracted,Aggressive,Impaired,Unrestrained,Intersection,Roadway Departure,Median Cross-over,City Crash
4625,72830548,KSP0900,22-435421,20221112,1213,,US23,,,US0023,US0023,0,098 US-23,US0023,N,N,NULL,NULL,NULL,N,NULL,NULL,NULL,NULL,NULL,NULL,13.507,NULL,NULL,NULL,NULL,,NULL,2,0,2,2,N,N,55,NULL,98,9824,NULL,,Y,37.3793,-82.54058,N,NULL,NULL,NULL,NULL,NULL,NULL,NULL,NULL,4,3,4,6,1,5,6,2,7,3,Y,NULL,N,Y,1215,1218,1349,N,NULL,70,,1,N,,N,N,098-US-0023-0,NULL,NULL,2022,A,7.28E+11,098-US-0023  -000,HIGH,098-US-0023  -000,13.507,0,0,0,0,0,0,0,1,0,0,0,0,0,0
4626,72555349,980100,2.02E+11,20201016,1257,,KY3417,,,KY3417,KY3417,,,,N,N,NULL,NULL,NULL,N,NULL,NULL,NULL,NULL,NULL,NULL,0.244,NULL,NULL,NULL,NULL,,NULL,0,0,1,1,N,N,35,NULL,98,9801,NULL,,Y,37.46503,-82.55932,N,NULL,NULL,NULL,NULL,NULL,NULL,NULL,NULL,9,5,2,4,1,1,3,2,6,3,N,NULL,Y,N,1257,1257,,N,NULL,51,8,0,N,,N,N,,NULL,NULL,2020,O,7.26E+11,098-KY-3417  -000,HIGH,098-KY-3417  -000,0.244,0,0,1,0,0,0,0,0,0,0,0,1,0,1
4627,72880250,KSP0900,23-115473,20230326,2030,,KY1426,,,KY1426,KY1426,0,098 KY-1426,KY1426,N,N,NULL,NULL,NULL,N,NULL,NULL,NULL,NULL,NULL,NULL,16.576,NULL,NULL,NULL,NULL,,NULL,0,0,1,1,N,N,45,NULL,98,9820,NULL,,Y,37.57233,-82.44145,N,NULL,NULL,NULL,NULL,NULL,NULL,NULL,NULL,9,3,2,3,1,1,2,6,6,3,N,NULL,Y,N,2030,2038,2038,N,NULL,38,7,0,N,,N,N,098-KY-1426-0,NULL,NULL,2023,O,7.29E+11,098-KY-1426  -000,HIGH,098-KY-1426  -000,16.591,0,0,0,0,0,0,0,0,0,0,0,0,0,0
4628,72725289,KSP0900,22-34264,20220128,1600,,US119,,,US0119,US0119,0,098 US-119-10,US0119,N,N,NULL,NULL,NULL,N,NULL,NULL,NULL,NULL,NULL,NULL,24.065,NULL,NULL,NULL,NULL,,NULL,1,0,3,3,N,N,55,NULL,98,9834,NULL,,Y,37.65657,-82.27071,N,NULL,NULL,NULL,NULL,NULL,NULL,NULL,NULL,5,3,4,6,1,5,9,2,7,3,N,NULL,Y,Y,1600,1630,1700,N,NULL,49,2,1,N,,N,N,098-US-0119-10,NULL,NULL,2022,B,7.27E+11,098-US-0119  -010,HIGH,098-US-0119  -000,24.065,0,0,1,0,0,0,1,0,0,0,0,0,0,0
4629,72796941,980500,2022AR037,20220822,1754,,MAYO TRAIL,N,,,,,,,Y,N,NULL,NULL,NULL,N,NULL,NULL,NULL,NULL,NULL,NULL,,NULL,NULL,NULL,NULL,NULL,NULL,0,0,2,2,Y,N,15,NULL,98,9807,NULL,,Y,37.52624,-82.57515,N,NULL,NULL,NULL,NULL,NULL,NULL,NULL,NULL,8,7,,6,1,1,2,2,5,3,N,NULL,Y,Y,1754,1800,1800,N,NULL,90,,,N,,N,N,,NULL,NULL,2022,O,7.28E+11,098-US-0023  -010,MEDIUM,098-US-0023  -000,29.208,0,0,0,0,0,0,1,0,0,0,0,0,0,0
4630,72776863,370200,2022-228394,20220617,1530,,VIRGIE,,RD,KY0610,KY0610,0,098 KY-610,KY0610,N,N,NULL,NULL,NULL,N,NULL,NULL,NULL,NULL,NULL,NULL,5.771,NULL,NULL,NULL,NULL,,NULL,0,0,1,1,N,N,55,NULL,98,9816,NULL,,Y,37.31911,-82.58402,N,NULL,NULL,NULL,NULL,NULL,NULL,NULL,NULL,9,5,2,4,1,5,6,2,7,3,N,NULL,Y,N,1532,1628,1628,Y,NULL,44,7,0,N,,N,N,098-KY-0610-0,NULL,NULL,2022,O,7.28E+11,098-KY-0610  -000,HIGH,098-KY-0610  -000,5.771,0,1,0,0,0,0,0,0,0,0,0,1,0,0
4631,72493331,KSP0900,20-12941,20200409,610,,US23,,,US0023,US0023,0,098 US-23-10,US0023,N,N,NULL,NULL,NULL,N,NULL,NULL,NULL,NULL,NULL,NULL,28.666,NULL,NULL,NULL,NULL,,NULL,0,0,2,2,N,N,55,NULL,98,9807,NULL,,Y,37.52028,-82.56801,N,NULL,NULL,NULL,NULL,NULL,NULL,NULL,NULL,1,3,4,4,1,5,6,6,7,3,N,NULL,Y,N,610,650,,N,NULL,55,,1,N,,N,N,098-US-0023-10,NULL,NULL,2020,O,7.25E+11,098-US-0023  -010,HIGH,098-US-0023  -000,28.666,0,0,0,0,0,0,1,0,0,0,0,0,0,0
4632,72494407,KSP0900,20-10775,20200323,800,,TOLER,,RD,KY0319,KY0319,0,098 KY-319,KY0319,N,Y,KY1056,,,N,NULL,NULL,NULL,NULL,NULL,NULL,0.001,NULL,NULL,NULL,NULL,,NULL,0,0,2,2,N,N,55,NULL,98,9863,NULL,,Y,37.57972,-82.17925,N,NULL,NULL,NULL,NULL,NULL,NULL,NULL,NULL,1,3,2,6,1,5,3,2,7,3,N,NULL,N,N,803,812,843,N,NULL,10,7,0,N,,N,N,098-KY-0319-0,NULL,NULL,2020,O,7.25E+11,098-KY-0319  -000,HIGH,098-KY-0319  -000,0.001,0,0,0,0,0,0,1,1,0,0,1,0,0,0
4633,72764481,980100,2.02E+11,20220511,1226,,BYPASS,S,RD,KY1426,KY1426,0,098 KY-1426,KY1426,Y,N,NULL,NULL,NULL,N,NULL,NULL,NULL,NULL,NULL,NULL,5.673,NULL,NULL,NULL,NULL,,NULL,0,0,2,2,N,N,15,NULL,98,9801,NULL,,Y,37.47269,-82.52315,N,NULL,NULL,NULL,NULL,NULL,NULL,NULL,NULL,2,97,1,6,2,1,2,2,1,3,N,NULL,Y,N,1226,1235,1235,N,NULL,90,,0,N,,N,N,098-KY-1426-0,NULL,NULL,2022,O,7.28E+11,098-KY-1426  -000,HIGH,098-KY-1426  -000,5.673,0,0,0,1,0,0,1,0,0,0,0,0,0,1
4634,72632425,980100,2.02E+11,20210530,1501,,HAMBLEY,,BLVD,,,0,098 CS-1222,CS1222,N,N,NULL,NULL,NULL,N,NULL,NULL,NULL,NULL,NULL,NULL,,NULL,NULL,NULL,NULL,,NULL,1,0,2,2,N,N,35,NULL,98,9801,NULL,,Y,37.47402,-82.5273,N,NULL,NULL,NULL,NULL,NULL,NULL,NULL,NULL,3,3,4,6,1,1,3,2,7,3,N,NULL,Y,Y,1501,1501,1544,N,NULL,52,,,N,,N,N,098-CS-1222-0,NULL,NULL,2021,B,7.26E+11,098-CS-1222  -000,HIGH,098-CS-1222  -000,0,0,0,0,0,0,0,0,0,0,0,0,1,0,1
4635,72797642,980100,2.02E+11,20220823,910,,BOWLES PARK,,DR,,,0,098 CS-1097,CS1097,Y,N,NULL,NULL,NULL,N,NULL,NULL,NULL,NULL,NULL,NULL,0.057,NULL,NULL,NULL,NULL,,NULL,0,0,2,2,N,N,,NULL,98,9801,NULL,,Y,37.48378,-82.53952,N,NULL,NULL,NULL,NULL,NULL,NULL,NULL,NULL,1,97,1,6,1,1,2,2,6,3,N,NULL,Y,N,910,912,912,N,NULL,90,,,N,,N,N,098-CS-1097-0,NULL,NULL,2022,O,7.28E+11,098-CS-1097  -000,HIGH,098-CS-1097  -000,0.057,0,0,0,0,0,0,1,0,0,0,0,0,0,0
4636,72740636,980100,2.02E+11,20220314,1335,,CEDAR HILLS,,RD,KY1426,KY1426,0,098 KY-1426,KY1426,Y,N,NULL,NULL,NULL,N,NULL,NULL,NULL,NULL,NULL,NULL,4.248,NULL,NULL,NULL,NULL,,NULL,0,0,2,2,N,N,15,NULL,98,9801,NULL,,Y,37.45757,-82.52911,N,NULL,NULL,NULL,NULL,NULL,NULL,NULL,NULL,2,97,2,4,2,5,2,2,1,3,N,NULL,N,N,1338,1341,1338,N,NULL,90,8,0,N,,N,N,098-KY-1426-0,NULL,NULL,2022,O,7.27E+11,098-KY-1426  -000,HIGH,098-KY-1426  -000,4.248,0,0,0,0,0,0,1,0,0,0,0,0,0,1
4637,72755132,KSP0900,22-154088,20220427,1521,,US23,,,US0023,US0023,0,098 US-23-10,US0023,N,N,NULL,NULL,NULL,N,NULL,NULL,NULL,NULL,NULL,NULL,11.793,NULL,NULL,NULL,NULL,,NULL,0,0,2,2,N,N,55,NULL,98,9801,6,S,N,37.36022,-82.55506,N,NULL,NULL,NULL,NULL,NULL,NULL,NULL,NULL,1,3,4,6,1,1,2,2,7,3,N,NULL,Y,N,1521,1534,1630,N,NULL,55,,1,N,,N,N,098-US-0023-10,NULL,NULL,2022,O,7.28E+11,098-US-0023  -010,HIGH,098-US-0023  -000,11.793,0,0,0,0,0,0,0,1,0,0,0,0,0,0
4638,72393494,KSP0900,19-29857,20190805,628,,KY122,,,KY0122,KY0122,0,098 KY-122,KY0122,N,N,NULL,NULL,NULL,N,NULL,NULL,NULL,NULL,NULL,NULL,8.912,NULL,NULL,NULL,NULL,,NULL,2,0,2,2,N,N,55,NULL,98,9823,NULL,,Y,37.39123,-82.56818,N,NULL,NULL,NULL,NULL,NULL,NULL,NULL,NULL,1,3,2,4,1,1,2,2,7,3,Y,NULL,Y,Y,630,719,743,N,NULL,55,,0,N,,N,N,098-KY-0122-0,NULL,NULL,2019,C,7.24E+11,098-KY-0122  -000,HIGH,098-KY-0122  -000,8.912,0,0,0,0,0,0,1,0,0,0,0,0,0,0
4639,72507870,KSP0900,20-20264,20200529,1400,,US119,,,US0119,US0119,0,098 US-119-10,US0119,N,N,NULL,NULL,NULL,N,NULL,NULL,NULL,NULL,NULL,NULL,23.894,NULL,NULL,NULL,NULL,,NULL,0,0,2,2,N,N,55,NULL,98,9834,NULL,,Y,37.65424,-82.26933,N,NULL,NULL,NULL,NULL,NULL,NULL,NULL,NULL,8,3,4,6,1,1,3,2,7,3,N,NULL,N,N,1400,1415,1420,N,NULL,53,2,1,N,,N,N,098-US-0119-10,NULL,NULL,2020,O,7.25E+11,098-US-0119  -010,HIGH,098-US-0119  -000,23.894,0,0,0,0,0,0,1,0,0,0,0,1,0,0
4640,72468135,KSP0900,2020-3181,20200124,2321,,KY80,,,KY0080,KY0080,0,098 KY-80,KY0080,N,N,NULL,NULL,NULL,N,NULL,NULL,NULL,NULL,NULL,NULL,1.505,NULL,NULL,NULL,NULL,,NULL,2,0,1,1,N,N,55,NULL,98,9801,NULL,,Y,37.32177,-82.36622,N,NULL,NULL,NULL,NULL,NULL,NULL,NULL,NULL,9,3,2,6,1,5,5,5,7,3,Y,NULL,N,Y,2321,5,,N,NULL,70,7,5,N,,N,N,098-KY-0080-0,NULL,NULL,2020,C,7.25E+11,098-KY-0080  -000,HIGH,098-KY-0080  -000,1.505,0,0,1,0,0,0,0,0,0,0,0,1,0,0
4641,72642290,KSP0900,21-261565,20210625,1357,,KY1469,,,KY1469,KY1469,0,098 KY-1469,KY1469,N,N,NULL,NULL,NULL,N,NULL,NULL,NULL,NULL,NULL,NULL,13.172,NULL,NULL,NULL,NULL,,NULL,1,0,2,2,N,N,55,NULL,98,9827,NULL,,Y,37.35867,-82.57103,N,NULL,NULL,NULL,NULL,NULL,NULL,NULL,NULL,3,3,2,6,1,1,2,2,7,3,Y,NULL,Y,Y,1358,1403,1437,N,NULL,52,7,0,Y,,N,N,098-KY-1469-0,NULL,NULL,2021,B,7.26E+11,098-KY-1469  -000,HIGH,098-KY-1469  -000,13.172,0,0,1,0,0,0,0,0,1,0,0,1,0,0
4642,72836742,980100,2.02E+11,20221123,1347,,THOMPSON,,RD,,,,,,Y,N,NULL,NULL,NULL,N,NULL,NULL,NULL,NULL,NULL,NULL,0.682,NULL,NULL,NULL,NULL,,NULL,0,0,2,2,N,N,,NULL,98,9801,NULL,,Y,37.50514,-82.54056,N,NULL,NULL,NULL,NULL,NULL,NULL,NULL,NULL,1,97,,4,1,1,2,2,5,3,N,NULL,Y,N,1347,1359,1359,N,NULL,90,,,N,,N,N,,NULL,NULL,2022,O,7.28E+11,098-CS-1215  -000,MEDIUM,098-CS-1215  -000,0.682,0,0,0,0,0,0,1,0,0,0,0,0,0,1
4643,72881093,KSP0900,22-113569,20230325,1556,,US119,,,US0119,US0119,0,098 US-119-10,US0119,N,N,NULL,NULL,NULL,N,NULL,NULL,NULL,NULL,NULL,NULL,17.531,NULL,NULL,NULL,NULL,,NULL,0,0,1,1,N,N,55,NULL,98,9836,NULL,,Y,37.59868,-82.2961,N,NULL,NULL,NULL,NULL,NULL,NULL,NULL,NULL,9,3,2,4,1,1,2,2,7,3,N,NULL,Y,N,1600,1600,1600,N,NULL,38,2,1,N,,N,N,098-US-0119-10,NULL,NULL,2023,O,7.29E+11,098-US-0119  -010,HIGH,098-US-0119  -000,17.534,0,0,0,0,0,0,0,0,0,0,0,0,0,0
4644,72470659,KSP0900,20-3183,20200125,52,,TOLER,,RD,KY0319,KY0319,0,098 KY-319,KY0319,N,N,NULL,NULL,NULL,N,NULL,NULL,NULL,NULL,NULL,NULL,5.443,NULL,NULL,NULL,NULL,,NULL,0,0,1,1,N,N,35,NULL,98,9842,NULL,,Y,37.62531,-82.24696,N,NULL,NULL,NULL,NULL,NULL,NULL,NULL,NULL,9,97,2,3,1,5,6,6,7,3,N,NULL,Y,Y,53,58,135,Y,NULL,70,7,0,N,,N,N,098-KY-0319-0,NULL,NULL,2020,O,7.25E+11,098-KY-0319  -000,HIGH,098-KY-0319  -000,5.443,0,0,1,0,0,0,0,1,0,0,0,1,0,0
4645,72738563,980500,2022AR014,20220308,1622,,CHURCH STREET,,,,,,,,Y,N,NULL,NULL,NULL,N,NULL,NULL,NULL,NULL,NULL,NULL,,NULL,NULL,NULL,NULL,NULL,NULL,0,0,1,1,N,N,10,NULL,98,9807,NULL,,Y,37.51741,-82.56645,N,NULL,NULL,NULL,NULL,NULL,NULL,NULL,NULL,9,97,,4,1,1,2,2,5,3,N,NULL,Y,Y,1624,1625,1625,N,NULL,90,,,N,,N,N,,NULL,NULL,2022,O,7.27E+11,098-CS-3002  -000,MEDIUM,098-CS-3002  -000,0.231,0,0,0,0,0,0,0,0,0,0,0,1,0,0
4646,72782819,980100,2.02E+11,20220713,1333,,HAMBLEY,,BLVD,,,0,098 CS-1222,CS1222,N,N,NULL,NULL,NULL,N,NULL,NULL,NULL,NULL,NULL,NULL,0.514,NULL,NULL,NULL,NULL,,NULL,0,0,2,2,N,N,25,NULL,98,9801,NULL,,Y,37.47859,-82.52023,N,NULL,NULL,NULL,NULL,NULL,NULL,NULL,NULL,5,3,2,6,1,1,2,2,1,3,N,NULL,Y,N,1333,1338,,N,NULL,70,,,N,,N,N,098-CS-1222-0,NULL,NULL,2022,O,7.28E+11,098-CS-1222  -000,HIGH,098-CS-1222  -000,0.514,0,0,0,1,0,0,0,0,0,0,0,0,0,1
4647,72447586,980100,2.02E+11,20191206,1644,,US23,,,US0023,US0023,,,,N,Y,STONE COAL CREEK,,RD,N,NULL,NULL,NULL,NULL,NULL,NULL,27.378,NULL,NULL,NULL,NULL,,NULL,0,0,2,2,N,N,55,NULL,98,9801,NULL,,Y,37.51096,-82.54877,N,NULL,NULL,NULL,NULL,NULL,NULL,NULL,NULL,5,3,4,6,1,1,2,2,1,3,N,NULL,Y,N,1644,1652,,N,NULL,35,,1,N,,N,N,,NULL,NULL,2019,O,7.24E+11,098-US-0023  -000,MEDIUM,098-US-0023  -000,27.378,0,1,0,0,0,0,1,0,0,0,1,0,0,1
4648,72606211,980100,2.02E+11,20210322,2353,,THOMPSON,,RD,,,0,098 CS-1215,CS1215,N,N,NULL,NULL,NULL,N,NULL,NULL,NULL,NULL,NULL,NULL,0.702,NULL,NULL,NULL,NULL,,NULL,0,0,1,1,N,N,35,NULL,98,9801,NULL,,Y,37.50494,-82.54045,N,NULL,NULL,NULL,NULL,NULL,NULL,NULL,NULL,9,4,2,6,1,1,2,5,1,3,N,NULL,Y,N,2353,2357,104,N,NULL,51,,,Y,,N,N,098-CS-1215-0,NULL,NULL,2021,O,7.26E+11,098-CS-1215  -000,HIGH,098-CS-1215  -000,0.702,0,0,0,0,0,0,0,0,1,1,0,1,0,1
4649,72742713,980000,22-03-004,20220318,914,,US 119 NORTH,,,,,,,,N,Y,TOLER ROAD,,,N,NULL,NULL,NULL,NULL,NULL,NULL,,NULL,NULL,NULL,NULL,NULL,NULL,0,0,2,2,N,N,55,NULL,98,9852,2,N,N,37.63578,-82.25841,N,NULL,NULL,NULL,NULL,NULL,NULL,NULL,NULL,1,3,4,3,1,1,2,2,7,3,N,NULL,Y,Y,914,1003,,N,NULL,10,,,N,,N,N,,NULL,NULL,2022,O,7.27E+11,098-CR-1067  -030,MEDIUM,098-CR-1067  -030,0.008,0,0,0,1,0,0,0,1,0,0,1,0,0,0
4650,72809955,980100,2.02E+11,20220921,1814,,HUFFMAN,,AVE,,,0,098 CS-1123,CS1123,Y,N,NULL,NULL,NULL,N,NULL,NULL,NULL,NULL,NULL,NULL,0.194,NULL,NULL,NULL,NULL,,NULL,0,0,2,2,Y,N,10,NULL,98,9801,NULL,,Y,37.47861,-82.51991,N,NULL,NULL,NULL,NULL,NULL,NULL,NULL,NULL,1,97,2,6,2,1,3,2,1,3,N,NULL,N,N,1812,1812,1812,N,NULL,90,,,N,,N,N,098-CS-1123-0,NULL,NULL,2022,O,7.28E+11,098-CS-1123  -000,HIGH,098-CS-1123  -000,0.194,0,0,0,0,0,0,0,0,0,0,0,0,0,1
4651,72765915,980100,2.02E+11,20220524,1441,,BAIRD,,AVE,KY1426,KY1426,0,098 KY-1426,KY1426,Y,N,NULL,NULL,NULL,N,NULL,NULL,NULL,NULL,NULL,NULL,5.394,NULL,NULL,NULL,NULL,,NULL,0,0,2,2,N,N,,NULL,98,9801,NULL,,Y,37.47328,-82.52712,N,NULL,NULL,NULL,NULL,NULL,NULL,NULL,NULL,5,97,1,6,1,1,2,2,1,3,N,NULL,Y,N,1441,1446,1446,N,NULL,90,,0,N,,N,N,098-KY-1426-0,NULL,NULL,2022,O,7.28E+11,098-KY-1426  -000,HIGH,098-KY-1426  -000,5.394,0,0,1,0,0,0,1,0,0,0,0,0,0,1
4652,72605552,KSP0900,21-109656,20210319,2006,,GREASY,,CRK,,,0,098 CR-1256,CR1256,N,N,NULL,NULL,NULL,N,NULL,NULL,NULL,NULL,NULL,NULL,0.008,NULL,NULL,NULL,NULL,,NULL,1,0,1,1,N,N,35,NULL,98,9841,NULL,,Y,37.3793,-82.4761,N,NULL,NULL,NULL,NULL,NULL,NULL,NULL,NULL,9,3,2,3,1,1,2,6,7,3,Y,NULL,Y,Y,2007,2022,,Y,NULL,70,,,N,,N,N,098-CR-1256-0,NULL,NULL,2021,C,7.26E+11,098-CR-1256  -000,HIGH,098-CR-1256  -000,0.008,0,0,0,0,0,0,0,0,0,0,0,1,0,0
4653,72670183,980100,2.02E+11,20210904,1117,,2ND,,ST,,,0,098 CS-1117,CS1117,Y,N,NULL,NULL,NULL,N,NULL,NULL,NULL,NULL,NULL,NULL,0.056,NULL,NULL,NULL,NULL,,NULL,0,0,2,2,N,N,,NULL,98,9801,NULL,,Y,37.48282,-82.51612,N,NULL,NULL,NULL,NULL,NULL,NULL,NULL,NULL,8,97,,6,1,1,3,7,5,3,N,NULL,Y,N,1119,1121,1121,N,NULL,90,,,N,,N,N,098-CS-1117-0,NULL,NULL,2021,O,7.27E+11,098-CS-1117  -000,HIGH,098-CS-1117  -000,0.056,0,0,1,0,0,0,1,0,0,1,0,0,0,1
4654,72593122,980100,2.02E+11,20210203,1244,,CASSIDY,,BLVD,,,,,,N,N,NULL,NULL,NULL,N,NULL,NULL,NULL,NULL,NULL,NULL,0.297,NULL,NULL,NULL,NULL,,NULL,0,0,2,2,N,N,55,NULL,98,9801,NULL,,Y,37.50507,-82.53677,N,NULL,NULL,NULL,NULL,NULL,NULL,NULL,NULL,8,3,4,6,1,1,2,2,7,3,N,NULL,Y,N,1244,1252,,N,NULL,53,,,N,,N,N,,NULL,NULL,2021,O,7.26E+11,098-CS-1191  -000,MEDIUM,098-CS-1191  -000,0.297,0,0,0,1,0,0,1,0,0,0,0,1,0,1
4655,72581660,KSP0900,20-707104,20200920,1536,,US119,,,US0119,US0119,0,098 US-119,US0119,N,N,NULL,NULL,NULL,N,NULL,NULL,NULL,NULL,NULL,NULL,22.589,NULL,NULL,NULL,NULL,,NULL,1,0,1,1,N,N,55,NULL,98,9834,NULL,,Y,37.63958,-82.25872,N,NULL,NULL,NULL,NULL,NULL,NULL,NULL,NULL,9,3,4,6,1,1,2,2,7,3,Y,NULL,Y,N,1611,1614,1630,N,NULL,38,2,1,N,,N,N,098-US-0119-0,NULL,NULL,2020,B,7.26E+11,098-US-0119  -000,HIGH,098-US-0119  -000,22.589,1,0,0,0,0,0,0,0,0,0,0,0,0,0
4656,72839796,980100,2.02E+11,20221208,1403,,CASSIDY,,BLVD,,,0,098 CS-1191,CS1191,Y,N,NULL,NULL,NULL,N,NULL,NULL,NULL,NULL,NULL,NULL,0.039,NULL,NULL,NULL,NULL,,NULL,0,0,2,2,N,N,,NULL,98,9801,NULL,,Y,37.5037,-82.53281,N,NULL,NULL,NULL,NULL,NULL,NULL,NULL,NULL,3,97,1,6,1,5,6,2,1,3,N,NULL,Y,N,1404,1417,1417,N,NULL,90,,,N,,N,N,098-CS-1191-0,NULL,NULL,2022,O,7.28E+11,098-CS-1191  -000,HIGH,098-CS-1191  -000,0.039,0,0,0,0,0,0,0,0,0,0,0,0,0,1
4657,72425756,KSP0900,19-41895,20191024,1857,,KY194,,,KY0194,KY0194,0,098 KY-194,KY0194,N,N,NULL,NULL,NULL,N,NULL,NULL,NULL,NULL,NULL,NULL,23.06,NULL,NULL,NULL,NULL,,NULL,0,0,2,2,N,N,55,NULL,98,9817,NULL,,Y,37.53586,-82.37156,N,NULL,NULL,NULL,NULL,NULL,NULL,NULL,NULL,7,3,2,1,1,1,2,6,7,3,N,NULL,Y,N,1857,1927,2059,N,NULL,54,6,0,N,,N,N,098-KY-0194-0,NULL,NULL,2019,O,7.24E+11,098-KY-0194  -000,HIGH,098-KY-0194  -000,23.06,0,0,0,0,0,0,0,0,0,0,0,1,0,0
4658,72613700,980100,2.02E+11,20210413,1707,,3RD,,ST,,,0,098 CS-1118,CS1118,N,Y,WELLS,,ALY,N,NULL,NULL,NULL,NULL,NULL,NULL,0.106,NULL,NULL,NULL,NULL,,NULL,0,0,2,2,N,N,35,NULL,98,9801,NULL,,Y,37.48236,-82.51788,N,NULL,NULL,NULL,NULL,NULL,NULL,NULL,NULL,4,3,1,6,1,1,2,2,7,3,N,NULL,Y,N,1707,1708,1728,N,NULL,16,,,Y,,N,N,098-CS-1118-0,NULL,NULL,2021,O,7.26E+11,098-CS-1118  -000,HIGH,098-CS-1118  -000,0.106,0,0,0,0,0,0,1,0,0,0,1,0,0,1
4659,72441579,980100,2.02E+11,20191124,1329,,THOMPSON,,RD,,,,,,Y,N,NULL,NULL,NULL,N,NULL,NULL,NULL,NULL,NULL,NULL,0.497,NULL,NULL,NULL,NULL,,NULL,0,0,2,2,N,N,15,NULL,98,9801,NULL,,Y,37.50605,-82.54373,N,NULL,NULL,NULL,NULL,NULL,NULL,NULL,NULL,8,97,1,6,1,1,2,2,1,3,N,NULL,Y,N,1329,1336,1336,N,NULL,90,,,N,,N,N,,NULL,NULL,2019,O,7.24E+11,098-CS-1215  -000,MEDIUM,098-CS-1215  -000,0.497,0,0,1,0,0,0,1,0,0,0,0,0,0,1
4660,72616368,KSP0900,21-139996,20210408,1422,,GOODY,,LOOP,,,0,098 PR-1024,PR1024,N,N,NULL,NULL,NULL,N,NULL,NULL,NULL,NULL,NULL,NULL,0.016,NULL,NULL,NULL,NULL,,NULL,0,0,3,3,N,N,45,NULL,98,9834,NULL,,Y,37.6599,-82.27293,N,NULL,NULL,NULL,NULL,NULL,NULL,NULL,NULL,1,3,4,6,1,5,6,2,7,3,N,NULL,Y,N,1422,1440,1450,N,NULL,55,,,N,,N,N,098-PR-1024-0,NULL,NULL,2021,O,7.26E+11,098-PR-1024  -000,HIGH,098-PR-1024  -000,0.016,0,0,0,1,0,0,1,1,0,0,0,0,0,0
4661,72552455,KSP0900,20-733838,20201009,1020,,HOSPITAL,,DR,,,0,098 CR-1015C,CR1015C,Y,N,NULL,NULL,NULL,N,NULL,NULL,NULL,NULL,NULL,NULL,0.006,NULL,NULL,NULL,NULL,,NULL,0,0,2,2,N,N,,NULL,98,9834,NULL,,Y,37.67518,-82.29697,N,NULL,NULL,NULL,NULL,NULL,NULL,NULL,NULL,2,97,,6,1,1,2,2,5,3,N,NULL,Y,N,1020,1040,1020,N,NULL,90,,,N,,N,N,098-CR-1015C-0,NULL,NULL,2020,O,7.26E+11,098-CR-1015C -000,HIGH,098-CR-1015C -000,0.006,0,0,0,0,0,0,1,0,0,0,0,0,0,0
4662,72500360,980000,20-05-002,20200505,2149,,STATE HIGHWAY 292,E,,,,0,098 CR-1061,CR1061,N,N,NULL,NULL,NULL,N,NULL,NULL,NULL,NULL,NULL,NULL,0.123,NULL,NULL,NULL,NULL,,NULL,1,0,2,2,N,N,35,NULL,98,9869,NULL,,Y,37.62618,-82.21604,N,NULL,NULL,NULL,NULL,NULL,NULL,NULL,NULL,3,3,2,1,1,5,3,6,6,3,N,NULL,Y,Y,2149,2204,2313,N,NULL,52,,,Y,,N,N,098-CR-1061-0,NULL,NULL,2020,C,7.25E+11,098-CR-1061  -000,HIGH,098-CR-1061  -000,0.123,0,0,0,0,0,0,0,0,0,0,0,1,0,0