OBJECTID,MasterFile,AgencyORINumber,LocalCode,CollisionDate,CollisionTime,CollisionDayWeekCode,RoadwayName,RoadwayName_Direction_,RoadwayName_RoadwaySuffix_,RoadwayfromReport,CurrentRoadwayNumber,RoadwayNumberCoupletID,RSEUniqueGIS,RoadwayIdentifier,ParkingLotIndicator,IntersectionWith_Indicator_,IntersectionWith_NameRoadway_,IntersectionWith_Direction_,IntersectionWith_RoadwaySuffix_,BetweenStreets_Indicator_,BetweenStreets1_NameRoadway_,BetweenStreet1_Direction_,BetweenStreets1_RoadwaySuffix_,BetweenStreets2_NameRoadway_,BetweenStreets2_Direction_,BetweenStreets2_RoadwaySuffix_,Milepoint,ReportMilepointDeriveNumber,CurrentDerivedMiepointNumber,MilestoMilepoint,FeettoMilepoint,DirectionfromMilepoint_NSEW_,ValidMilepointIndicator,NumberInjured,NumberKilled,ofUnits,ofMotorVehicleUnits,Hit&RunIndicator,OneWayIndicator,SpeedLimitNumber,KilometersIndicator,CountyCode,CityCountyCode,MilesFromCity,DirectionFromCity_NSEW_,InCityLimitsIndicator,Latitude,Longitude,RampIndicator,RampFromIdentifier,RampFromDirCode,RampFromCoupletID,RSEUniqueGISRampFrom,RampToidentifier,RampToDirCode,RampToCoupletID,RSEUniqueGisRampTo,MannerofCollisionCode,LocationFirstEventCode,TotalLanes,RoadwayCharacterCode,RoadwaySurfaceCode,RoadwayConditionCode,WeatherCode,LightConditionCode,LandUseCode,SchoolBusRelatedCode,FirstAidSceneIndicator,CollDescPresentInd,InvestigationCompleteIndicator,PhotosTakenIndicator,TimeNotified,TimeArrived,TimeRoadwayOpened,PropertyDamageIndicator,DiagramPresentIndicator,DirectionalAnalysis,FunctionClassCode,NationalHwySysCode,EnforcementsIndicator,KARSCityCode,SecondaryCollisionIndicator,MedianCrossoverIndicator,RT_UNIQUE,MapIt,TimeLastLeft,YR,KABCO,MFNY,WorkingRID,RT_CONFIDENCE,KTC_RT,KTC_MP,Motorcyclist,Commercial Vehicle,Young Driver,Mature Driver,Pedestrian,Bicyclist,Distracted,Aggressive,Impaired,Unrestrained,Intersection,Roadway Departure,Median Cross-over,City Crash
4663,72610082,980100,2.02E+11,20210402,1500,,CASSIDY,,BLVD,,,0,098 CS-1191,CS1191,Y,N,NULL,NULL,NULL,N,NULL,NULL,NULL,NULL,NULL,NULL,0.261,NULL,NULL,NULL,NULL,,NULL,0,0,2,2,Y,N,15,NULL,98,9801,NULL,,Y,37.50464,-82.53613,N,NULL,NULL,NULL,NULL,NULL,NULL,NULL,NULL,8,97,,6,1,1,2,2,1,3,N,NULL,N,N,1325,1325,1333,N,NULL,90,,,N,,N,N,098-CS-1191-0,NULL,NULL,2021,O,7.26E+11,098-CS-1191  -000,HIGH,098-CS-1191  -000,0.261,0,0,0,0,0,0,0,0,0,0,0,0,0,1
4664,72852081,980100,2.02E+11,20230108,1713,,US119,,,US0119,US0119,0,098 US-119,US0119,N,N,NULL,NULL,NULL,N,NULL,NULL,NULL,NULL,NULL,NULL,2.673,NULL,NULL,NULL,NULL,,NULL,3,0,2,2,N,N,55,NULL,98,9801,NULL,,Y,37.51402,-82.48752,N,NULL,NULL,NULL,NULL,NULL,NULL,NULL,NULL,4,3,2,4,1,1,3,3,7,3,N,NULL,Y,Y,1713,1717,1753,N,NULL,70,2,1,N,,N,N,098-US-0119-0,NULL,NULL,2023,C,7.29E+11,098-US-0119  -000,HIGH,098-US-0119  -000,2.672,0,0,0,0,0,0,0,1,0,0,0,0,0,1
4665,72647585,KSP0900,21-282811,20210708,2142,,FOREST HILLS,,RD,KY0308,KY0308,0,098 KY-308,KY0308,N,N,NULL,NULL,NULL,N,NULL,NULL,NULL,NULL,NULL,NULL,0.245,NULL,NULL,NULL,NULL,,NULL,0,0,2,2,N,N,35,NULL,98,9885,NULL,,Y,37.62867,-82.29745,N,NULL,NULL,NULL,NULL,NULL,NULL,NULL,NULL,7,3,1,6,1,1,2,6,7,3,N,NULL,Y,N,2142,2202,2202,N,NULL,54,8,0,N,,N,N,098-KY-0308-0,NULL,NULL,2021,O,7.26E+11,098-KY-0308  -000,HIGH,098-KY-0308  -000,0.245,0,0,0,0,0,0,0,0,0,0,0,1,0,0
4666,72499746,KSP0900,20-17074,20200507,1000,,US119,,,US0119,US0119,0,098 US-119-10,US0119,N,N,NULL,NULL,NULL,N,NULL,NULL,NULL,NULL,NULL,NULL,3.554,NULL,NULL,NULL,NULL,,NULL,1,0,1,1,N,N,55,NULL,98,9801,NULL,,Y,37.5132,-82.47174,N,NULL,NULL,NULL,NULL,NULL,NULL,NULL,NULL,9,3,2,4,1,1,2,2,7,3,Y,NULL,N,N,1000,1004,1040,N,NULL,38,2,1,N,,N,N,098-US-0119-10,NULL,NULL,2020,B,7.25E+11,098-US-0119  -010,HIGH,098-US-0119  -000,3.554,0,0,1,0,0,0,0,0,0,0,0,0,0,0
4667,72832644,KSP0900,22-441559,20221117,1520,,US119,,,US0119,US0119,0,098 US-119,US0119,Y,N,NULL,NULL,NULL,N,NULL,NULL,NULL,NULL,NULL,NULL,23.841,NULL,NULL,NULL,NULL,,NULL,0,0,2,2,N,N,10,NULL,98,9834,NULL,,Y,37.65483,-82.26868,N,NULL,NULL,NULL,NULL,NULL,NULL,NULL,NULL,2,97,4,6,1,1,2,2,7,3,N,NULL,N,N,1520,1530,1545,N,NULL,90,2,1,N,,N,N,098-US-0119-0,NULL,NULL,2022,O,7.28E+11,098-US-0119  -000,HIGH,098-US-0119  -000,23.841,0,0,0,1,0,0,1,0,0,0,0,0,0,0
4668,72723667,980000,22-01-004,20220124,910,,"HWY,319",,,,,,,,N,N,NULL,NULL,NULL,N,NULL,NULL,NULL,NULL,NULL,NULL,,NULL,NULL,NULL,NULL,NULL,NULL,0,0,1,1,N,N,35,NULL,98,9852,2,N,N,37.63724,-82.25218,N,NULL,NULL,NULL,NULL,NULL,NULL,NULL,NULL,9,97,2,1,1,2,2,2,7,3,N,NULL,N,Y,910,927,1018,Y,NULL,40,,,N,,N,N,,NULL,NULL,2022,O,7.27E+11,098-KY-0319  -000,MEDIUM,098-KY-0319  -000,6.481,0,0,0,0,0,0,1,0,0,0,0,1,0,0
4669,72793966,980100,2.02E+11,20220802,1705,,US23,,,US0023,US0023,,,,N,N,NULL,NULL,NULL,N,NULL,NULL,NULL,NULL,NULL,NULL,28.543,NULL,NULL,NULL,NULL,,NULL,0,0,2,2,N,N,55,NULL,98,9807,NULL,,Y,37.51927,-82.56632,N,NULL,NULL,NULL,NULL,NULL,NULL,NULL,NULL,5,3,4,6,1,1,2,2,1,3,N,NULL,N,N,1740,1740,1740,N,NULL,49,,1,N,,N,N,,NULL,NULL,2022,O,7.28E+11,098-US-0023  -000,MEDIUM,098-US-0023  -000,28.543,0,0,0,0,0,0,1,0,0,0,0,0,0,0
4670,72539005,980100,2.02E+11,20200903,1402,,MAYO,S,TRL,US0023,US0023,0,098 US-23-10,US0023,N,N,NULL,NULL,NULL,N,NULL,NULL,NULL,NULL,NULL,NULL,21.66,NULL,NULL,NULL,NULL,,NULL,0,0,1,1,N,N,55,NULL,98,9801,NULL,,Y,37.45376,-82.52193,N,NULL,NULL,NULL,NULL,NULL,NULL,NULL,NULL,9,6,4,6,1,1,3,2,7,3,N,NULL,Y,N,1402,1410,1410,N,NULL,44,,1,Y,,N,N,098-US-0023-10,NULL,NULL,2020,O,7.25E+11,098-US-0023  -010,HIGH,098-US-0023  -000,21.66,0,0,0,0,0,0,0,0,1,1,0,1,0,1
4671,72764266,KSP0900,2022-181296,20220516,1440,,PETER FORK,,RD,,,0,098 CR-1527,CR1527,N,N,NULL,NULL,NULL,N,NULL,NULL,NULL,NULL,NULL,NULL,0.559,NULL,NULL,NULL,NULL,,NULL,1,0,2,2,N,N,35,NULL,98,9863,0,N,N,37.58591,-82.16603,N,NULL,NULL,NULL,NULL,NULL,NULL,NULL,NULL,5,3,1,6,1,1,2,2,7,3,N,NULL,N,Y,1453,1630,1452,N,NULL,49,,,N,,N,N,098-CR-1527-0,NULL,NULL,2022,A,7.28E+11,098-CR-1527  -000,HIGH,098-CR-1527  -000,0.559,0,0,0,0,0,0,0,1,0,0,0,0,0,0
4672,72588354,980100,2.02E+11,20210126,352,,US23,,,,,,,,N,N,NULL,NULL,NULL,N,NULL,NULL,NULL,NULL,NULL,NULL,,NULL,NULL,NULL,NULL,NULL,NULL,0,0,1,1,N,N,55,NULL,98,9801,NULL,,Y,37.48595,-82.54218,N,NULL,NULL,NULL,NULL,NULL,NULL,NULL,NULL,9,3,4,3,1,5,3,5,7,3,N,NULL,Y,N,353,402,402,N,NULL,38,,,N,,N,N,,NULL,NULL,2021,O,7.26E+11,098-US-0023  -000,MEDIUM,098-US-0023  -000,24.809,0,0,0,0,0,0,0,0,0,0,0,0,0,1
4673,72503423,KSP0900,20-19013,20200521,1035,,ELKHORN,,CRK,KY0197,KY0197,0,098 KY-197,KY0197,N,N,NULL,NULL,NULL,N,NULL,NULL,NULL,NULL,NULL,NULL,14.857,NULL,NULL,NULL,NULL,,NULL,0,0,1,1,N,N,55,NULL,98,9802,2,S,N,37.28604,-82.36784,N,NULL,NULL,NULL,NULL,NULL,NULL,NULL,NULL,9,3,2,6,1,5,6,2,7,3,N,NULL,Y,N,1035,1055,,N,NULL,40,7,0,N,,N,N,098-KY-0197-0,NULL,NULL,2020,O,7.25E+11,098-KY-0197  -000,HIGH,098-KY-0197  -000,14.857,0,0,1,0,0,0,0,0,0,0,0,1,0,0
4674,72504880,KSP0900,20-17581,20200511,658,,US119,,,US0119,US0119,0,098 US-119-10,US0119,N,Y,FOREST HILLS,,RD,N,NULL,NULL,NULL,NULL,NULL,NULL,23.466,NULL,NULL,NULL,NULL,,NULL,0,0,2,2,N,N,55,NULL,98,9834,NULL,,Y,37.64826,-82.26771,N,NULL,NULL,NULL,NULL,NULL,NULL,NULL,NULL,3,3,4,6,1,1,3,2,8,3,N,NULL,Y,N,658,730,830,N,NULL,52,2,1,N,,N,Y,098-US-0119-10,NULL,NULL,2020,O,7.25E+11,098-US-0119  -010,HIGH,098-US-0119  -000,23.466,0,0,0,0,0,0,0,0,0,0,1,0,1,0
4675,72720399,980100,2.02E+11,20220113,1232,,CASSIDY,,BLVD,,,0,098 CS-1191,CS1191,Y,N,NULL,NULL,NULL,N,NULL,NULL,NULL,NULL,NULL,NULL,0.328,NULL,NULL,NULL,NULL,,NULL,0,0,2,2,N,N,15,NULL,98,9801,NULL,,Y,37.50584,-82.53789,N,NULL,NULL,NULL,NULL,NULL,NULL,NULL,NULL,6,97,,6,1,1,2,2,1,3,N,NULL,Y,N,1232,1239,1244,N,NULL,90,,,N,,N,N,098-CS-1191-0,NULL,NULL,2022,O,7.27E+11,098-CS-1191  -000,HIGH,098-CS-1191  -000,0.328,0,0,0,1,0,0,1,0,0,0,0,0,0,1
4676,72481515,980100,2.02E+11,20200227,1640,,SYCAMORE,,ST,,,0,098 CS-1168,CS1168,Y,N,NULL,NULL,NULL,N,NULL,NULL,NULL,NULL,NULL,NULL,0.071,NULL,NULL,NULL,NULL,,NULL,0,0,2,2,N,N,10,NULL,98,9801,NULL,,Y,37.47839,-82.52147,N,NULL,NULL,NULL,NULL,NULL,NULL,NULL,NULL,2,97,,5,1,1,2,2,8,3,N,NULL,Y,N,1640,1647,1647,N,NULL,90,,,N,,N,N,098-CS-1168-0,NULL,NULL,2020,O,7.25E+11,098-CS-1168  -000,HIGH,098-CS-1168  -000,0.071,0,0,1,0,0,0,0,0,0,0,0,0,0,1
4677,72597474,980100,2.02E+11,20210224,632,,BYPASS,N,RD,KY1460,KY1460,0,098 KY-1460,KY1460,N,N,NULL,NULL,NULL,N,NULL,NULL,NULL,NULL,NULL,NULL,5.108,NULL,NULL,NULL,NULL,,NULL,0,0,2,2,N,N,45,NULL,98,9801,NULL,,Y,37.483,-82.51331,N,NULL,NULL,NULL,NULL,NULL,NULL,NULL,NULL,1,3,2,6,1,1,2,5,7,3,N,NULL,Y,N,632,633,727,N,NULL,55,16,0,N,,N,N,098-KY-1460-0,NULL,NULL,2021,O,7.26E+11,098-KY-1460  -000,HIGH,098-KY-1460  -000,5.108,0,0,0,1,0,0,0,1,0,0,0,1,0,1
4678,72534630,980100,2.02E+11,20200820,1612,,HAMBLEY,,BLVD,,,0,098 CS-1222,CS1222,Y,N,NULL,NULL,NULL,N,NULL,NULL,NULL,NULL,NULL,NULL,0.175,NULL,NULL,NULL,NULL,,NULL,0,0,2,2,N,N,15,NULL,98,9801,NULL,,Y,37.47501,-82.5244,N,NULL,NULL,NULL,NULL,NULL,NULL,NULL,NULL,5,97,1,6,1,1,2,2,1,3,N,NULL,Y,N,1612,1615,,N,NULL,90,,,Y,,N,N,098-CS-1222-0,NULL,NULL,2020,O,7.25E+11,098-CS-1222  -000,HIGH,098-CS-1222  -000,0.175,0,0,0,0,0,0,0,0,0,0,0,0,0,1
4679,72669377,980100,2.02E+11,20210911,1353,,CASSIDY,,BLVD,,,,,,Y,N,NULL,NULL,NULL,N,NULL,NULL,NULL,NULL,NULL,NULL,0.321,NULL,NULL,NULL,NULL,,NULL,0,0,2,2,N,N,15,NULL,98,9801,NULL,,Y,37.50521,-82.53727,N,NULL,NULL,NULL,NULL,NULL,NULL,NULL,NULL,2,97,1,6,1,1,2,2,1,3,N,NULL,Y,N,1353,1403,1403,N,NULL,90,,,N,,N,N,,NULL,NULL,2021,O,7.27E+11,098-CS-1191  -000,MEDIUM,098-CS-1191  -000,0.321,0,0,0,1,0,0,1,0,0,0,0,0,0,1
4680,72690079,980100,2.02E+11,20211030,1945,,BANK,,ST,,,,,,Y,N,NULL,NULL,NULL,N,NULL,NULL,NULL,NULL,NULL,NULL,0.041,NULL,NULL,NULL,NULL,,NULL,0,0,2,2,N,N,,NULL,98,9801,NULL,,Y,37.47564,-82.5211,N,NULL,NULL,NULL,NULL,NULL,NULL,NULL,NULL,7,97,2,6,1,5,6,5,8,3,N,NULL,Y,N,1945,1947,1947,N,NULL,90,,,N,,N,N,,NULL,NULL,2021,O,7.27E+11,098-CS-1106  -000,MEDIUM,098-CS-1106  -000,0.041,0,0,1,0,0,0,1,0,0,0,0,0,0,1
4681,72581611,980000,20-12-002,20201204,1330,,US23,,,US0023,US0023,0,098 US-23,US0023,Y,N,NULL,NULL,NULL,N,NULL,NULL,NULL,NULL,NULL,NULL,11.662,NULL,NULL,NULL,NULL,,NULL,0,0,2,2,Y,N,15,NULL,98,9806,NULL,,Y,37.35841,-82.5546,N,NULL,NULL,NULL,NULL,NULL,NULL,NULL,NULL,2,7,2,6,3,5,6,2,1,3,N,NULL,N,N,1338,1343,1400,N,NULL,90,,1,N,,N,N,098-US-0023-0,NULL,NULL,2020,O,7.26E+11,098-US-0023  -000,HIGH,098-US-0023  -000,11.662,0,0,0,0,0,0,1,0,1,0,0,0,0,0
4682,72686074,KSP0900,21-435261,20211022,1331,,HWY 194,,,KY0194,KY0194,,,,N,N,NULL,NULL,NULL,N,NULL,NULL,NULL,NULL,NULL,NULL,3,3,NULL,NULL,NULL,S,NULL,1,0,1,1,N,N,45,NULL,98,9801,7,N,N,37.6199,-82.55234,N,NULL,NULL,NULL,NULL,NULL,NULL,NULL,NULL,9,5,2,3,2,1,2,2,7,3,N,NULL,Y,N,1331,1430,1430,N,NULL,44,8,0,N,,N,N,,NULL,NULL,2021,B,7.27E+11,098-KY-0194  -000,MEDIUM,098-KY-0194  -000,3,0,0,0,0,0,0,0,0,0,0,0,1,0,0
4683,72479323,KSP0900,20-6872,20200221,1152,,REGINA-BELCHER,,HWY,US0460,US0460,0,098 US-460,US0460,Y,N,NULL,NULL,NULL,N,NULL,NULL,NULL,NULL,NULL,NULL,9.307,NULL,NULL,NULL,NULL,,NULL,0,0,2,2,N,N,,NULL,98,9822,NULL,,Y,37.36837,-82.41461,N,NULL,NULL,NULL,NULL,NULL,NULL,NULL,NULL,1,97,2,6,1,1,2,2,1,3,N,NULL,Y,N,1200,1205,,N,NULL,90,,1,N,,N,N,098-US-0460-0,NULL,NULL,2020,O,7.25E+11,098-US-0460  -000,HIGH,098-US-0460  -000,9.307,0,0,0,0,0,0,1,0,0,0,0,0,0,0
4684,72568326,980100,2.02E+11,20201122,1623,,HAMBLEY,,BLVD,,,0,098 CS-1222,CS1222,N,N,NULL,NULL,NULL,N,NULL,NULL,NULL,NULL,NULL,NULL,0.347,NULL,NULL,NULL,NULL,,NULL,1,0,4,4,N,N,35,NULL,98,9801,NULL,,Y,37.47679,-82.52225,N,NULL,NULL,NULL,NULL,NULL,NULL,NULL,NULL,8,3,2,6,1,1,3,2,1,3,Y,NULL,Y,Y,1623,1628,,N,NULL,47,,,Y,,N,N,098-CS-1222-0,NULL,NULL,2020,C,7.26E+11,098-CS-1222  -000,HIGH,098-CS-1222  -000,0.347,0,0,0,0,0,0,0,0,1,0,0,0,0,1
4685,72589265,KSP0900,21-38207,20210129,1248,,KY1506,,,KY1506,KY1506,0,098 KY-1506,KY1506,Y,N,NULL,NULL,NULL,N,NULL,NULL,NULL,NULL,NULL,NULL,0.073,NULL,NULL,NULL,NULL,,NULL,0,0,2,2,N,N,35,NULL,98,9834,NULL,,Y,37.66886,-82.27625,N,NULL,NULL,NULL,NULL,NULL,NULL,NULL,NULL,3,97,2,6,1,1,2,2,1,3,N,NULL,N,N,1240,1248,1250,N,NULL,90,9,0,Y,,N,N,098-KY-1506-0,NULL,NULL,2021,O,7.26E+11,098-KY-1506  -000,HIGH,098-KY-1506  -000,0.073,0,0,0,0,0,0,1,1,0,0,0,0,0,0
4686,72597505,980500,2021AR006,20210224,1332,,MAYO,N,TRL,US0023,US0023,0,098 US-23-10,US0023,N,N,NULL,NULL,NULL,N,NULL,NULL,NULL,NULL,NULL,NULL,,NULL,NULL,NULL,NULL,NULL,NULL,0,0,2,2,Y,N,25,NULL,98,9807,NULL,,Y,37.51678,-82.56238,N,NULL,NULL,NULL,NULL,NULL,NULL,NULL,NULL,2,7,2,6,1,1,2,2,7,3,N,NULL,Y,N,1331,1332,1340,N,NULL,47,,1,N,,N,N,098-US-0023-10,NULL,NULL,2021,O,7.26E+11,098-US-0023  -010,HIGH,098-US-0023  -000,28.259,0,0,0,0,0,0,1,0,0,1,0,1,0,0
4687,72578261,KSP0900,20-841278,20201223,2058,,BILLY COMPTON,,BR,,,0,098 CR-1288,CR1288,N,N,NULL,NULL,NULL,N,NULL,NULL,NULL,NULL,NULL,NULL,0.505,NULL,NULL,NULL,NULL,,NULL,0,0,2,2,N,N,35,NULL,98,9801,NULL,,Y,37.42622,-82.56117,N,NULL,NULL,NULL,NULL,NULL,NULL,NULL,NULL,1,3,1,6,1,1,2,8,6,3,N,NULL,Y,N,2059,2015,,N,NULL,47,,,Y,,N,N,098-CR-1288-0,NULL,NULL,2020,O,7.26E+11,098-CR-1288  -000,HIGH,098-CR-1288  -000,0.505,0,0,0,0,0,0,1,0,0,0,0,0,0,0
4688,72641466,KSP0900,21-263778,20210626,1927,,KY1426,,,KY1426,KY1426,0,098 KY-1426,KY1426,N,N,NULL,NULL,NULL,N,NULL,NULL,NULL,NULL,NULL,NULL,9.783,NULL,NULL,NULL,NULL,,NULL,0,0,1,1,N,N,55,NULL,98,9801,NULL,,Y,37.51363,-82.48277,N,NULL,NULL,NULL,NULL,NULL,NULL,NULL,NULL,9,3,2,6,1,1,2,2,3,3,N,NULL,Y,N,1927,1935,1935,N,NULL,38,7,0,N,,N,N,098-KY-1426-0,NULL,NULL,2021,O,7.26E+11,098-KY-1426  -000,HIGH,098-KY-1426  -000,9.783,1,0,0,0,0,0,0,0,0,0,0,1,0,0
4689,72774459,KSP0900,22-231498,20220619,1653,,KY194,,,KY0194,KY0194,0,098 KY-194,KY0194,N,N,NULL,NULL,NULL,N,NULL,NULL,NULL,NULL,NULL,NULL,15.186,NULL,NULL,NULL,NULL,,NULL,0,0,1,1,N,N,55,NULL,98,9801,NULL,,Y,37.57256,-82.47919,N,NULL,NULL,NULL,NULL,NULL,NULL,NULL,NULL,9,3,2,6,1,1,2,2,7,3,N,NULL,Y,N,1656,1704,1735,Y,NULL,40,7,0,N,,N,N,098-KY-0194-0,NULL,NULL,2022,O,7.28E+11,098-KY-0194  -000,HIGH,098-KY-0194  -000,15.186,0,1,0,0,0,0,1,0,0,0,0,1,0,0
4690,72593056,KSP0900,21-52917,20210209,820,,KY1056,,,KY1056,KY1056,0,098 KY-1056,KY1056,N,N,NULL,NULL,NULL,N,NULL,NULL,NULL,NULL,NULL,NULL,1.531,NULL,NULL,NULL,NULL,,NULL,0,0,1,1,N,N,55,NULL,98,9879,NULL,,Y,37.56396,-82.24042,N,NULL,NULL,NULL,NULL,NULL,NULL,NULL,NULL,9,5,2,4,1,2,6,2,7,3,N,NULL,N,N,820,820,825,N,NULL,40,8,0,N,,N,N,098-KY-1056-0,NULL,NULL,2021,O,7.26E+11,098-KY-1056  -000,HIGH,098-KY-1056  -000,1.531,0,0,0,0,0,0,0,0,0,0,0,1,0,0
4691,72487501,KSP0900,20-9621,20200313,1331,,US460,,,US0460,US0460,0,098 US-460,US0460,N,N,NULL,NULL,NULL,N,NULL,NULL,NULL,NULL,NULL,NULL,4.275,NULL,NULL,NULL,NULL,,NULL,2,0,2,2,N,N,55,NULL,98,9801,NULL,,Y,37.41853,-82.45717,N,NULL,NULL,NULL,NULL,NULL,NULL,NULL,NULL,5,3,2,6,1,1,2,2,7,3,N,NULL,N,Y,1331,1332,,N,NULL,49,,1,N,,N,N,098-US-0460-0,NULL,NULL,2020,C,7.25E+11,098-US-0460  -000,HIGH,098-US-0460  -000,4.275,0,0,0,1,0,0,1,0,0,0,0,0,0,0
4692,72538684,KSP0900,20-680662,20200903,1512,,US119,,,US0119,US0119,0,098 US-119,US0119,N,N,NULL,NULL,NULL,N,NULL,NULL,NULL,NULL,NULL,NULL,19.285,NULL,NULL,NULL,NULL,,NULL,0,0,1,1,N,N,55,NULL,98,9836,NULL,,Y,37.60522,-82.27306,N,NULL,NULL,NULL,NULL,NULL,NULL,NULL,NULL,9,5,4,3,1,5,6,2,7,3,N,NULL,Y,Y,1606,1635,1720,Y,NULL,51,2,1,N,,N,N,098-US-0119-0,NULL,NULL,2020,O,7.25E+11,098-US-0119  -000,HIGH,098-US-0119  -000,19.285,0,1,0,0,0,0,0,0,0,0,0,1,0,0
4693,72798680,980100,2.02E+11,20220826,1500,,MAYO,N,TRL,US0023,US0023,0,098 US-23-10,US0023,Y,N,NULL,NULL,NULL,N,NULL,NULL,NULL,NULL,NULL,NULL,,NULL,NULL,NULL,NULL,NULL,NULL,0,0,1,1,N,N,15,NULL,98,9801,2,N,N,37.52367,-82.57243,N,NULL,NULL,NULL,NULL,NULL,NULL,NULL,NULL,9,97,2,6,1,1,2,2,1,3,N,NULL,Y,N,1600,1600,1600,N,NULL,90,,1,N,,N,N,098-US-0023-10,NULL,NULL,2022,O,7.28E+11,098-US-0023  -010,HIGH,098-US-0023  -000,28.988,0,0,0,0,0,0,1,0,0,0,0,1,0,0
4694,72616369,KSP0900,21-152036,20210416,1245,,US119,,,US0119,US0119,0,098 US-119,US0119,N,N,NULL,NULL,NULL,N,NULL,NULL,NULL,NULL,NULL,NULL,23.118,NULL,NULL,NULL,NULL,,NULL,0,0,1,1,N,N,55,NULL,98,9836,NULL,,Y,37.64382,-82.26555,N,NULL,NULL,NULL,NULL,NULL,NULL,NULL,NULL,9,3,2,3,1,1,2,2,7,3,N,NULL,Y,N,1240,1245,1315,N,NULL,38,2,1,N,,N,N,098-US-0119-0,NULL,NULL,2021,O,7.26E+11,098-US-0119  -000,HIGH,098-US-0119  -000,23.118,0,0,0,0,0,0,0,0,0,0,0,0,0,0
4695,72743775,980100,2.02E+11,20220322,1009,,CASSIDY,,BLVD,,,0,098 CS-1191,CS1191,Y,N,NULL,NULL,NULL,N,NULL,NULL,NULL,NULL,NULL,NULL,0.04,NULL,NULL,NULL,NULL,,NULL,0,0,2,2,N,N,,NULL,98,9801,NULL,,Y,37.5037,-82.53281,N,NULL,NULL,NULL,NULL,NULL,NULL,NULL,NULL,2,97,1,6,1,1,2,2,1,3,N,NULL,Y,N,1009,1009,1009,N,NULL,90,,,N,,N,N,098-CS-1191-0,NULL,NULL,2022,O,7.27E+11,098-CS-1191  -000,HIGH,098-CS-1191  -000,0.04,0,0,0,0,0,0,1,0,0,0,0,0,0,1
4696,72828858,980100,2.02E+11,20221109,1405,,BYPASS,,RD,,,0,098 CS-1223,CS1223,Y,N,NULL,NULL,NULL,N,NULL,NULL,NULL,NULL,NULL,NULL,,NULL,NULL,NULL,NULL,NULL,NULL,0,0,2,2,N,N,,NULL,98,9801,NULL,,Y,37.47128,-82.52117,N,NULL,NULL,NULL,NULL,NULL,NULL,NULL,NULL,1,97,1,6,2,1,2,2,1,3,N,NULL,Y,N,1406,1409,1409,N,NULL,90,,,N,,N,N,098-CS-1223-0,NULL,NULL,2022,O,7.28E+11,098-CS-1223  -000,HIGH,098-CS-1223  -000,0.136,0,0,0,0,0,0,1,0,0,0,0,0,0,1
4697,72585130,980100,2.02E+11,20210107,543,,US23,,,US0023,US0023,,,,N,N,NULL,NULL,NULL,N,NULL,NULL,NULL,NULL,NULL,NULL,18.799,NULL,NULL,NULL,NULL,,NULL,0,0,1,1,N,N,55,NULL,98,9801,NULL,,Y,37.43892,-82.50895,N,NULL,NULL,NULL,NULL,NULL,NULL,NULL,NULL,9,3,4,6,1,1,2,7,7,3,N,NULL,Y,N,543,600,600,N,NULL,38,,1,N,,N,N,,NULL,NULL,2021,O,7.26E+11,098-US-0023  -000,MEDIUM,098-US-0023  -000,18.799,0,0,0,0,0,0,0,0,0,0,0,0,0,1
4698,72577957,KSP0900,20-782020,20201111,1025,,KY194,,,KY0194,KY0194,0,098 KY-194,KY0194,N,N,NULL,NULL,NULL,N,NULL,NULL,NULL,NULL,NULL,NULL,20,NULL,NULL,NULL,NULL,,NULL,0,0,2,2,N,N,55,NULL,98,9820,NULL,,Y,37.54755,-82.40373,N,NULL,NULL,NULL,NULL,NULL,NULL,NULL,NULL,5,3,2,3,1,5,6,2,7,3,N,NULL,Y,N,1030,1032,1030,N,NULL,49,6,0,N,,N,N,098-KY-0194-0,NULL,NULL,2020,O,7.26E+11,098-KY-0194  -000,HIGH,098-KY-0194  -000,20,0,1,0,0,0,0,1,1,0,0,0,0,0,0
4699,72583427,KSP0900,21-14264,20210111,1610,,COWPEN,,RD,KY2061,KY2061,,,,N,N,NULL,NULL,NULL,N,NULL,NULL,NULL,NULL,NULL,NULL,6.461,NULL,NULL,NULL,NULL,,NULL,0,0,2,2,N,N,35,NULL,98,9801,NULL,,Y,37.59391,-82.5349,N,NULL,NULL,NULL,NULL,NULL,NULL,NULL,NULL,7,3,2,6,1,1,2,2,7,3,N,NULL,Y,N,1615,1700,1700,N,NULL,54,,0,N,,N,N,,NULL,NULL,2021,O,7.26E+11,098-KY-2061  -000,MEDIUM,098-KY-2061  -000,6.461,0,0,0,0,0,0,0,0,0,0,0,1,0,0
4700,72551126,KSP0900,20-735681,20201010,1420,,COMMERCIAL,,ST,,,0,098 CS-3004,CS3004,Y,N,NULL,NULL,NULL,N,NULL,NULL,NULL,NULL,NULL,NULL,0.069,NULL,NULL,NULL,NULL,,NULL,0,0,2,2,N,N,,NULL,98,9807,NULL,,Y,37.51746,-82.56608,N,NULL,NULL,NULL,NULL,NULL,NULL,NULL,NULL,5,97,0,6,1,5,6,2,7,3,N,NULL,Y,N,1421,1455,,N,NULL,90,,,N,,N,N,098-CS-3004-0,NULL,NULL,2020,O,7.26E+11,098-CS-3004  -000,HIGH,098-CS-3004  -000,0.069,0,0,1,0,0,0,1,0,0,0,0,0,0,0