OBJECTID,MasterFile,AgencyORINumber,LocalCode,CollisionDate,CollisionTime,CollisionDayWeekCode,RoadwayName,RoadwayName_Direction_,RoadwayName_RoadwaySuffix_,RoadwayfromReport,CurrentRoadwayNumber,RoadwayNumberCoupletID,RSEUniqueGIS,RoadwayIdentifier,ParkingLotIndicator,IntersectionWith_Indicator_,IntersectionWith_NameRoadway_,IntersectionWith_Direction_,IntersectionWith_RoadwaySuffix_,BetweenStreets_Indicator_,BetweenStreets1_NameRoadway_,BetweenStreet1_Direction_,BetweenStreets1_RoadwaySuffix_,BetweenStreets2_NameRoadway_,BetweenStreets2_Direction_,BetweenStreets2_RoadwaySuffix_,Milepoint,ReportMilepointDeriveNumber,CurrentDerivedMiepointNumber,MilestoMilepoint,FeettoMilepoint,DirectionfromMilepoint_NSEW_,ValidMilepointIndicator,NumberInjured,NumberKilled,ofUnits,ofMotorVehicleUnits,Hit&RunIndicator,OneWayIndicator,SpeedLimitNumber,KilometersIndicator,CountyCode,CityCountyCode,MilesFromCity,DirectionFromCity_NSEW_,InCityLimitsIndicator,Latitude,Longitude,RampIndicator,RampFromIdentifier,RampFromDirCode,RampFromCoupletID,RSEUniqueGISRampFrom,RampToidentifier,RampToDirCode,RampToCoupletID,RSEUniqueGisRampTo,MannerofCollisionCode,LocationFirstEventCode,TotalLanes,RoadwayCharacterCode,RoadwaySurfaceCode,RoadwayConditionCode,WeatherCode,LightConditionCode,LandUseCode,SchoolBusRelatedCode,FirstAidSceneIndicator,CollDescPresentInd,InvestigationCompleteIndicator,PhotosTakenIndicator,TimeNotified,TimeArrived,TimeRoadwayOpened,PropertyDamageIndicator,DiagramPresentIndicator,DirectionalAnalysis,FunctionClassCode,NationalHwySysCode,EnforcementsIndicator,KARSCityCode,SecondaryCollisionIndicator,MedianCrossoverIndicator,RT_UNIQUE,MapIt,TimeLastLeft,YR,KABCO,MFNY,WorkingRID,RT_CONFIDENCE,KTC_RT,KTC_MP,Motorcyclist,Commercial Vehicle,Young Driver,Mature Driver,Pedestrian,Bicyclist,Distracted,Aggressive,Impaired,Unrestrained,Intersection,Roadway Departure,Median Cross-over,City Crash
4701,72619224,KSP0900,21-171640,20210429,1805,,MAYO,N,TRL,,,0,098 PR-1326,PR1326,Y,N,NULL,NULL,NULL,N,NULL,NULL,NULL,NULL,NULL,NULL,0.032,NULL,NULL,NULL,NULL,,NULL,0,0,2,2,N,N,35,NULL,98,9801,NULL,,Y,37.49488,-82.5323,N,NULL,NULL,NULL,NULL,NULL,NULL,NULL,NULL,2,97,0,6,1,1,2,2,1,3,N,NULL,Y,N,1805,1815,1820,N,NULL,90,,,N,,N,N,098-PR-1326-0,NULL,NULL,2021,O,7.26E+11,098-PR-1326  -000,HIGH,098-PR-1326  -000,0.032,0,0,1,0,0,0,1,0,0,0,0,0,0,1
4702,72418272,980000,10-09-015,20190930,810,,US119,,,US0119,US0119,0,098 US-119,US0119,N,N,NULL,NULL,NULL,N,NULL,NULL,NULL,NULL,NULL,NULL,4.279,NULL,NULL,NULL,NULL,,NULL,0,0,1,1,N,N,55,NULL,98,9801,2,N,N,37.51674,-82.45934,N,NULL,NULL,NULL,NULL,NULL,NULL,NULL,NULL,9,6,2,1,1,1,2,2,7,3,N,NULL,Y,Y,811,816,900,Y,NULL,40,2,1,N,,N,N,098-US-0119-0,NULL,NULL,2019,O,7.24E+11,098-US-0119  -000,HIGH,098-US-0119  -000,4.279,0,0,0,0,0,0,1,1,0,0,0,1,0,0
4703,72502995,KSP0900,20-16869,20200505,2058,,US460,,,US0460,US0460,0,098 US-460,US0460,N,N,NULL,NULL,NULL,N,NULL,NULL,NULL,NULL,NULL,NULL,6.477,NULL,NULL,NULL,NULL,,NULL,3,0,2,2,Y,N,55,NULL,98,9802,8,W,N,37.39702,-82.4332,N,NULL,NULL,NULL,NULL,NULL,NULL,NULL,NULL,1,3,2,6,1,1,3,6,7,3,N,NULL,Y,Y,2058,2103,2130,N,NULL,55,,1,N,,N,N,098-US-0460-0,NULL,NULL,2020,C,7.25E+11,098-US-0460  -000,HIGH,098-US-0460  -000,6.477,0,0,0,0,0,0,0,0,0,0,0,0,0,0
4704,72588307,KSP0900,21-23622,20210118,1635,,KY194,,,KY0194,KY0194,0,098 KY-194,KY0194,N,N,NULL,NULL,NULL,N,NULL,NULL,NULL,NULL,NULL,NULL,12.476,NULL,NULL,NULL,NULL,,NULL,1,0,1,1,N,N,55,NULL,98,9801,NULL,,Y,37.59109,-82.49652,N,NULL,NULL,NULL,NULL,NULL,NULL,NULL,NULL,9,3,2,3,1,1,2,2,7,3,Y,NULL,Y,Y,1639,1700,,Y,NULL,40,7,0,Y,,N,N,098-KY-0194-0,NULL,NULL,2021,C,7.26E+11,098-KY-0194  -000,HIGH,098-KY-0194  -000,12.476,0,0,0,0,0,0,0,0,1,1,0,1,0,0
4705,72612278,KSP0900,21-139245,20210407,2303,,RIGHT FORK OF BRUSHY,,RD,,,0,098 CR-1360Q4,CR1360Q4,N,N,NULL,NULL,NULL,N,NULL,NULL,NULL,NULL,NULL,NULL,7.294,NULL,NULL,NULL,NULL,,NULL,0,0,1,1,N,N,35,NULL,98,9820,NULL,,Y,37.58181,-82.44148,N,NULL,NULL,NULL,NULL,NULL,NULL,NULL,NULL,9,3,1,4,1,1,2,6,7,3,N,NULL,Y,N,2303,2332,607,N,NULL,40,,,N,,N,N,098-CR-1360Q4-0,NULL,NULL,2021,O,7.26E+11,098-CR-1360Q4-000,MEDIUM,098-CR-1360Q4-000,7.294,0,0,0,0,0,0,0,0,0,0,0,1,0,0
4706,72632297,KSP0900,21-228038,20210604,1130,,FOREST TRACE,,HL,,,0,098 CR-1505BB,CR1505BB,Y,N,NULL,NULL,NULL,N,NULL,NULL,NULL,NULL,NULL,NULL,0.204,NULL,NULL,NULL,NULL,,NULL,0,0,2,2,N,N,,NULL,98,9814,NULL,,Y,37.6007,-82.27887,N,NULL,NULL,NULL,NULL,NULL,NULL,NULL,NULL,2,97,2,6,1,1,3,2,5,3,N,NULL,Y,N,1200,1215,1300,N,NULL,90,,,N,,N,N,098-CR-1505BB-0,NULL,NULL,2021,O,7.26E+11,098-CR-1505BB-000,HIGH,098-CR-1505BB-000,0.204,0,0,0,0,0,0,1,0,0,0,0,0,0,0
4707,72593480,KSP0900,21-52963,20210209,1000,,MEATHOUSE,,RD,,,0,098 CR-1444,CR1444,N,N,NULL,NULL,NULL,N,NULL,NULL,NULL,NULL,NULL,NULL,0.372,NULL,NULL,NULL,NULL,,NULL,1,0,2,2,N,N,35,NULL,98,9817,NULL,,Y,37.52911,-82.36302,N,NULL,NULL,NULL,NULL,NULL,NULL,NULL,NULL,5,3,1,3,1,2,6,2,7,3,Y,NULL,Y,Y,907,1200,1230,N,NULL,47,,,N,,N,N,098-CR-1444-0,NULL,NULL,2021,C,7.26E+11,098-CR-1444  -000,HIGH,098-CR-1444  -000,0.372,0,0,0,0,0,0,0,0,0,1,0,0,0,0
4708,72773504,KSP0900,22-217940,20220610,1630,,US23,,,US0023,US0023,0,098 US-23-10,US0023,N,N,NULL,NULL,NULL,N,NULL,NULL,NULL,NULL,NULL,NULL,17.21,NULL,NULL,NULL,NULL,,NULL,0,0,1,1,N,N,55,NULL,98,9801,NULL,,Y,37.41806,-82.51752,N,NULL,NULL,NULL,NULL,NULL,NULL,NULL,NULL,9,3,4,6,1,1,2,2,7,3,N,NULL,Y,N,1630,1640,1640,N,NULL,70,,1,N,,N,N,098-US-0023-10,NULL,NULL,2022,O,7.28E+11,098-US-0023  -010,HIGH,098-US-0023  -000,17.21,0,0,0,0,0,0,0,0,0,0,0,0,0,0
4709,72756289,KSP0900,22-158362,20220430,1714,,COWPEN,,RD,KY2061,KY2061,0,098 KY-2061,KY2061,N,N,NULL,NULL,NULL,N,NULL,NULL,NULL,NULL,NULL,NULL,1.282,NULL,NULL,NULL,NULL,,NULL,1,0,1,1,N,N,35,NULL,98,9807,NULL,,Y,37.54444,-82.56291,N,NULL,NULL,NULL,NULL,NULL,NULL,NULL,NULL,9,3,2,6,1,1,2,2,7,3,N,NULL,Y,Y,1714,1749,1830,N,NULL,70,,0,N,,N,N,098-KY-2061-0,NULL,NULL,2022,C,7.28E+11,098-KY-2061  -000,HIGH,098-KY-2061  -000,1.282,0,0,1,0,0,0,0,0,0,0,0,0,0,0
4710,72811330,980100,2.02E+11,20220926,1038,,BYPASS,S,RD,KY1426,KY1426,0,098 KY-1426,KY1426,Y,N,NULL,NULL,NULL,N,NULL,NULL,NULL,NULL,NULL,NULL,5.52,NULL,NULL,NULL,NULL,,NULL,0,0,1,1,N,N,,NULL,98,9801,NULL,,Y,37.47237,-82.5259,N,NULL,NULL,NULL,NULL,NULL,NULL,NULL,NULL,9,97,2,6,1,1,2,2,5,3,N,NULL,Y,N,1038,1041,1041,Y,NULL,90,,0,N,,N,N,098-KY-1426-0,NULL,NULL,2022,O,7.28E+11,098-KY-1426  -000,HIGH,098-KY-1426  -000,5.52,0,0,0,1,0,0,0,0,0,0,0,1,0,1
4711,72767940,370200,2022-204053,20220601,806,,ELKHORN,,CRK,KY0197,KY0197,0,098 KY-197,KY0197,N,N,NULL,NULL,NULL,N,NULL,NULL,NULL,NULL,NULL,NULL,7.547,NULL,NULL,NULL,NULL,,NULL,0,0,2,2,N,N,55,NULL,98,9864,NULL,,Y,37.25904,-82.46453,N,NULL,NULL,NULL,NULL,NULL,NULL,NULL,NULL,7,3,2,6,1,1,2,2,7,3,N,NULL,Y,N,814,836,931,N,NULL,54,7,0,N,,N,N,098-KY-0197-0,NULL,NULL,2022,O,7.28E+11,098-KY-0197  -000,HIGH,098-KY-0197  -000,7.547,0,0,0,1,0,0,0,0,0,0,0,1,0,0
4712,72469704,980100,2.02E+11,20200130,1229,,SYCAMORE,,ST,,,0,098 CS-1168,CS1168,Y,N,NULL,NULL,NULL,N,NULL,NULL,NULL,NULL,NULL,NULL,,NULL,NULL,NULL,NULL,NULL,NULL,0,0,2,2,N,N,,NULL,98,9801,NULL,,Y,37.47818,-82.52197,N,NULL,NULL,NULL,NULL,NULL,NULL,NULL,NULL,2,97,,6,1,5,3,2,1,3,N,NULL,Y,N,1229,1235,1235,N,NULL,90,,,N,,N,N,098-CS-1168-0,NULL,NULL,2020,O,7.25E+11,098-CS-1168  -000,HIGH,098-CS-1168  -000,0,0,0,1,0,0,0,1,0,0,0,0,0,0,1
4713,72539457,980100,2.02E+11,20200906,150,,US119,,,US0119,US0119,,,,N,N,NULL,NULL,NULL,N,NULL,NULL,NULL,NULL,NULL,NULL,0.114,NULL,NULL,NULL,NULL,,NULL,0,0,1,1,N,N,55,NULL,98,9801,NULL,,Y,37.5042,-82.53005,N,NULL,NULL,NULL,NULL,NULL,NULL,NULL,NULL,9,3,4,1,1,1,2,6,7,3,N,NULL,Y,N,150,154,154,N,NULL,38,2,1,N,,N,N,,NULL,NULL,2020,O,7.25E+11,098-US-0119  -010,MEDIUM,098-US-0119  -000,0.114,0,0,0,0,0,0,0,0,0,0,0,0,0,1
4714,72590455,980100,2.02E+11,20210129,1421,,CASSIDY,,BLVD,,,0,098 CS-1191,CS1191,Y,N,NULL,NULL,NULL,N,NULL,NULL,NULL,NULL,NULL,NULL,0.414,NULL,NULL,NULL,NULL,,NULL,0,0,2,2,N,N,5,NULL,98,9801,NULL,,Y,37.50455,-82.53873,N,NULL,NULL,NULL,NULL,NULL,NULL,NULL,NULL,2,97,,6,1,1,2,2,1,3,N,NULL,Y,N,1421,1431,,N,NULL,90,,,N,,N,N,098-CS-1191-0,NULL,NULL,2021,O,7.26E+11,098-CS-1191  -000,HIGH,098-CS-1191  -000,0.414,0,0,0,0,0,0,1,0,0,0,0,0,0,1
4715,72537738,980100,2.02E+11,20200831,1646,,CASSIDY,,BLVD,,,0,098 CS-1191,CS1191,Y,N,NULL,NULL,NULL,N,NULL,NULL,NULL,NULL,NULL,NULL,0.292,NULL,NULL,NULL,NULL,,NULL,0,0,2,2,Y,N,,NULL,98,9801,NULL,,Y,37.50499,-82.53666,N,NULL,NULL,NULL,NULL,NULL,NULL,NULL,NULL,3,7,,4,1,1,3,2,1,3,N,NULL,Y,N,1647,1705,,N,NULL,90,,,N,,N,N,098-CS-1191-0,NULL,NULL,2020,O,7.25E+11,098-CS-1191  -000,HIGH,098-CS-1191  -000,0.292,0,0,0,0,0,0,0,0,0,0,0,0,0,1
4716,72803894,KSP0900,22-353092,20220911,1345,,US460,,,US0460,US0460,0,098 US-460,US0460,N,N,NULL,NULL,NULL,N,NULL,NULL,NULL,NULL,NULL,NULL,6.243,NULL,NULL,NULL,NULL,,NULL,0,0,1,1,N,N,55,NULL,98,9824,NULL,,Y,37.40034,-82.43304,N,NULL,NULL,NULL,NULL,NULL,NULL,NULL,NULL,9,4,2,6,1,1,3,2,7,3,N,NULL,Y,N,1345,1345,1400,N,NULL,44,,1,N,,N,N,098-US-0460-0,NULL,NULL,2022,O,7.28E+11,098-US-0460  -000,HIGH,098-US-0460  -000,6.243,0,0,0,0,0,0,0,0,0,0,0,1,0,0
4717,72499532,980100,2.02E+11,20200507,1501,,MAYO,S,TRL,US0023,US0023,0,098 US-23-10,US0023,N,N,NULL,NULL,NULL,N,NULL,NULL,NULL,NULL,NULL,NULL,22.28,NULL,NULL,NULL,NULL,,NULL,0,0,2,2,N,N,55,NULL,98,9801,NULL,,Y,37.4612,-82.51693,N,NULL,NULL,NULL,NULL,NULL,NULL,NULL,NULL,8,3,4,6,1,1,2,2,7,3,N,NULL,Y,N,1501,1507,1501,N,NULL,53,,1,N,,N,N,098-US-0023-10,NULL,NULL,2020,O,7.25E+11,098-US-0023  -010,HIGH,098-US-0023  -000,22.28,0,1,0,0,0,0,1,0,0,0,0,1,0,1
4718,72629341,KSP0900,21-216173,20210527,1528,,DORTON-JENKINS,,HWY,KY0805,KY0805,0,098 KY-805,KY0805,N,N,NULL,NULL,NULL,N,NULL,NULL,NULL,NULL,NULL,NULL,1.417,NULL,NULL,NULL,NULL,,NULL,0,0,2,2,N,N,55,NULL,98,9809,NULL,,Y,37.21249,-82.55708,N,NULL,NULL,NULL,NULL,NULL,NULL,NULL,NULL,1,3,2,6,1,1,2,2,7,3,N,NULL,Y,N,1534,1608,1608,N,NULL,55,7,0,N,,N,N,098-KY-0805-0,NULL,NULL,2021,O,7.26E+11,098-KY-0805  -000,HIGH,098-KY-0805  -000,1.417,0,0,0,1,0,0,0,1,0,0,0,0,0,0
4719,72608911,KSP0900,21-121343,20210327,1342,,MALL,,RD,,,0,098 CR-1037,CR1037,N,N,NULL,NULL,NULL,N,NULL,NULL,NULL,NULL,NULL,NULL,0.398,NULL,NULL,NULL,NULL,,NULL,0,0,2,2,N,N,35,NULL,98,9834,NULL,,Y,37.65624,-82.2714,N,NULL,NULL,NULL,NULL,NULL,NULL,NULL,NULL,8,3,2,5,1,5,6,2,1,3,N,NULL,Y,N,1342,1406,1414,N,NULL,53,,,N,,N,N,098-CR-1037-0,NULL,NULL,2021,O,7.26E+11,098-CR-1037  -000,HIGH,098-CR-1037  -000,0.398,0,0,0,1,0,0,0,0,0,0,0,1,0,0
4720,72674259,980500,2021AR038,20210923,1002,,MAIN STREET,,,,,,,,N,N,NULL,NULL,NULL,N,NULL,NULL,NULL,NULL,NULL,NULL,,NULL,NULL,NULL,NULL,NULL,NULL,0,0,2,2,N,N,25,NULL,98,9807,NULL,,Y,37.51888,-82.56631,N,NULL,NULL,NULL,NULL,NULL,NULL,NULL,NULL,1,3,2,6,1,1,2,2,1,3,N,NULL,Y,Y,1002,1004,1020,N,NULL,55,,,N,,N,N,,NULL,NULL,2021,O,7.27E+11,098-CS-3000  -071,MEDIUM,098-CS-3000  -071,0.023,0,0,0,0,0,0,1,1,0,0,0,0,0,0
4721,72717273,980100,2.02E+11,20220104,1356,,US460,,,US0460,US0460,0,098 US-460,US0460,N,N,NULL,NULL,NULL,N,NULL,NULL,NULL,NULL,NULL,NULL,0.695,NULL,NULL,NULL,NULL,,NULL,0,0,1,1,N,N,55,NULL,98,9801,0.2,E,N,37.4341,-82.50727,N,NULL,NULL,NULL,NULL,NULL,NULL,NULL,NULL,9,5,2,6,1,1,2,2,7,3,N,NULL,Y,N,1356,1356,1405,N,NULL,44,,1,N,,N,N,098-US-0460-0,NULL,NULL,2022,O,7.27E+11,098-US-0460  -000,HIGH,098-US-0460  -000,0.695,0,0,0,0,0,0,1,0,0,0,0,1,0,0
4722,72754755,KSP0900,22-152574,20220426,1444,,US23,,,US0023,US0023,0,098 US-23,US0023,N,N,NULL,NULL,NULL,N,NULL,NULL,NULL,NULL,NULL,NULL,5.141,NULL,NULL,NULL,NULL,,NULL,0,0,1,1,N,N,55,NULL,98,9809,NULL,,Y,37.28209,-82.5631,N,NULL,NULL,NULL,NULL,NULL,NULL,NULL,NULL,9,4,4,4,1,5,6,2,7,3,N,NULL,Y,N,1544,1459,1459,N,NULL,40,,1,N,,N,N,098-US-0023-0,NULL,NULL,2022,O,7.28E+11,098-US-0023  -000,HIGH,098-US-0023  -000,5.141,0,0,0,0,0,0,0,0,0,0,0,1,0,0
4723,72727433,980100,2.02E+11,20220203,2004,,US23,,,US0023,US0023,0,098 US-23,US0023,N,N,NULL,NULL,NULL,N,NULL,NULL,NULL,NULL,NULL,NULL,24.815,NULL,NULL,NULL,NULL,,NULL,0,0,2,2,N,N,55,NULL,98,9801,NULL,,Y,37.48602,-82.54214,N,NULL,NULL,NULL,NULL,NULL,NULL,NULL,NULL,8,3,4,6,1,5,6,6,7,3,N,NULL,Y,N,2004,2004,2004,N,NULL,53,,1,Y,,N,N,098-US-0023-0,NULL,NULL,2022,O,7.27E+11,098-US-0023  -000,HIGH,098-US-0023  -000,24.815,0,0,0,0,0,0,1,0,0,0,0,1,0,1
4724,72648644,KSP0900,21-296123,20210717,1722,,OAK,E,ST,,,0,098 CR-1822D,CR1822D,N,N,NULL,NULL,NULL,N,NULL,NULL,NULL,NULL,NULL,NULL,0.031,NULL,NULL,NULL,NULL,,NULL,2,0,1,1,N,N,5,NULL,98,9811,NULL,,Y,37.56393,-82.13939,N,NULL,NULL,NULL,NULL,NULL,NULL,NULL,NULL,9,97,1,1,3,11,2,2,7,3,Y,NULL,Y,Y,1722,1751,1751,N,NULL,40,,,N,,N,N,098-CR-1822D-0,NULL,NULL,2021,C,7.26E+11,098-CR-1822D -000,HIGH,098-CR-1822D -000,0.031,0,0,0,0,0,0,0,0,0,0,0,1,0,0
4725,72577865,980100,2.02E+11,20201221,2057,,US23,,,US0023,US0023,0,098 US-23,US0023,N,N,NULL,NULL,NULL,N,NULL,NULL,NULL,NULL,NULL,NULL,26.291,NULL,NULL,NULL,NULL,,NULL,3,0,2,2,N,N,55,NULL,98,9801,NULL,,Y,37.50377,-82.53215,N,NULL,NULL,NULL,NULL,NULL,NULL,NULL,NULL,1,3,4,6,1,1,2,5,7,3,N,NULL,Y,Y,2057,2101,2201,N,NULL,55,,1,N,,N,N,098-US-0023-0,NULL,NULL,2020,B,7.26E+11,098-US-0023  -000,HIGH,098-US-0023  -000,26.291,0,0,0,1,0,0,0,1,0,0,0,0,0,1
4726,72477789,KSP0900,20-6443,20200218,730,,FISHTRAP,,RD,KY1789,KY1789,0,098 KY-1789,KY1789,N,N,NULL,NULL,NULL,N,NULL,NULL,NULL,NULL,NULL,NULL,0.277,NULL,NULL,NULL,NULL,,NULL,0,0,1,1,N,N,55,NULL,98,9801,5,SE,N,37.40731,-82.43827,N,NULL,NULL,NULL,NULL,NULL,NULL,NULL,NULL,9,4,2,3,1,5,6,1,7,3,N,NULL,Y,N,803,820,820,N,NULL,44,,5,N,,N,N,098-KY-1789-0,NULL,NULL,2020,O,7.25E+11,098-KY-1789  -000,HIGH,098-KY-1789  -000,0.277,0,0,1,0,0,0,1,0,0,0,0,1,0,0
4727,72703305,KSP0900,21-482742,20211126,1330,,KY194,,,KY0194,KY0194,0,098 KY-194,KY0194,N,N,NULL,NULL,NULL,N,NULL,NULL,NULL,NULL,NULL,NULL,14.311,NULL,NULL,NULL,NULL,,NULL,0,0,2,2,N,N,55,NULL,98,9801,NULL,,Y,37.57917,-82.48263,N,NULL,NULL,NULL,NULL,NULL,NULL,NULL,NULL,1,3,2,6,1,1,2,2,7,3,N,NULL,Y,N,1330,1335,1400,N,NULL,55,7,0,N,,N,N,098-KY-0194-0,NULL,NULL,2021,O,7.27E+11,098-KY-0194  -000,HIGH,098-KY-0194  -000,14.311,0,0,0,0,0,0,0,1,0,0,0,0,0,0
4728,72772010,KSP0900,22-221107,20220612,2137,,US23,,,US0023,US0023,0,098 US-23,US0023,N,N,NULL,NULL,NULL,N,NULL,NULL,NULL,NULL,NULL,NULL,6.479,NULL,NULL,NULL,NULL,,NULL,0,0,1,1,N,N,55,NULL,98,9809,NULL,,Y,37.29539,-82.54671,N,NULL,NULL,NULL,NULL,NULL,NULL,NULL,NULL,9,3,4,1,1,1,2,6,7,3,N,NULL,Y,N,2154,2155,,N,NULL,38,,1,N,,N,N,098-US-0023-0,NULL,NULL,2022,O,7.28E+11,098-US-0023  -000,HIGH,098-US-0023  -000,6.479,0,0,0,0,0,0,0,0,0,0,0,0,0,0
4729,72760567,980100,2.02E+11,20220506,1929,,US23,,,US0023,US0023,0,098 US-23-10,US0023,N,N,NULL,NULL,NULL,N,NULL,NULL,NULL,NULL,NULL,NULL,26.389,NULL,NULL,NULL,NULL,,NULL,0,0,2,2,N,N,55,NULL,98,9801,NULL,,Y,37.50508,-82.53278,N,NULL,NULL,NULL,NULL,NULL,NULL,NULL,NULL,5,3,4,6,1,5,6,2,7,3,N,NULL,Y,N,1929,1929,2000,N,NULL,49,,1,Y,,N,N,098-US-0023-10,NULL,NULL,2022,O,7.28E+11,098-US-0023  -010,HIGH,098-US-0023  -000,26.389,0,0,0,0,0,0,0,0,1,0,0,0,0,1
4730,72469827,980500,2020AR010,20200130,1628,,ACCESS RD 1,,,,,0,098 CR-1426K,CR1426K,Y,N,NULL,NULL,NULL,N,NULL,NULL,NULL,NULL,NULL,NULL,0.24,NULL,NULL,NULL,NULL,,NULL,0,0,2,2,N,N,15,NULL,98,9801,1,N,N,37.53936,-82.58201,N,NULL,NULL,NULL,NULL,NULL,NULL,NULL,NULL,2,97,,3,1,1,3,2,7,3,N,NULL,Y,N,1628,1630,,N,NULL,90,,,N,,N,N,098-CR-1426K-0,NULL,NULL,2020,O,7.25E+11,098-CR-1426K -000,HIGH,098-CR-1426K -000,0.24,0,0,0,0,0,0,1,0,0,0,0,0,0,1
4731,72592093,980100,2.02E+11,20210125,1258,,HAMBLEY,,BLVD,,,0,098 CS-1222,CS1222,N,N,NULL,NULL,NULL,N,NULL,NULL,NULL,NULL,NULL,NULL,0.094,NULL,NULL,NULL,NULL,,NULL,0,0,2,2,N,N,25,NULL,98,9801,NULL,,Y,37.47449,-82.5257,N,NULL,NULL,NULL,NULL,NULL,NULL,NULL,NULL,4,3,2,6,1,5,2,2,1,3,N,NULL,Y,N,1258,1302,,N,NULL,70,,,N,,N,N,098-CS-1222-0,NULL,NULL,2021,O,7.26E+11,098-CS-1222  -000,HIGH,098-CS-1222  -000,0.094,0,0,0,1,0,0,1,0,0,0,0,0,0,1
4732,72772352,KSP0900,22-222169,20220613,1634,,COMPTON,,DR,,,0,098 CR-1297,CR1297,Y,N,NULL,NULL,NULL,N,NULL,NULL,NULL,NULL,NULL,NULL,0.061,NULL,NULL,NULL,NULL,,NULL,0,0,2,2,N,N,15,NULL,98,9801,NULL,,Y,37.39132,-82.53494,N,NULL,NULL,NULL,NULL,NULL,NULL,NULL,NULL,2,97,1,6,3,1,2,2,1,3,N,NULL,N,N,1637,1651,,N,NULL,90,,,N,,N,N,098-CR-1297-0,NULL,NULL,2022,O,7.28E+11,098-CR-1297  -000,HIGH,098-CR-1297  -000,0.061,0,0,0,1,0,0,1,0,0,0,0,0,0,0
4733,72497088,KSP0900,20-15452,20200426,43,,US460,,,US0460,US0460,0,098 US-460,US0460,N,N,NULL,NULL,NULL,N,NULL,NULL,NULL,NULL,NULL,NULL,12.24,NULL,NULL,NULL,NULL,,NULL,0,0,1,1,N,N,55,NULL,98,9805,NULL,,Y,37.34722,-82.3933,N,NULL,NULL,NULL,NULL,NULL,NULL,NULL,NULL,9,3,2,6,1,5,6,6,7,3,Y,NULL,N,Y,45,58,,Y,NULL,70,,1,N,,N,N,098-US-0460-0,NULL,NULL,2020,O,7.25E+11,098-US-0460  -000,HIGH,098-US-0460  -000,12.24,0,0,1,0,0,0,0,0,0,0,0,1,0,0
4734,72602388,KSP0900,21-96238,20210310,1750,,US119,,,US0119,US0119,0,098 US-119,US0119,N,N,NULL,NULL,NULL,N,NULL,NULL,NULL,NULL,NULL,NULL,13.972,NULL,NULL,NULL,NULL,,NULL,0,0,1,1,N,N,55,NULL,98,9833,NULL,,Y,37.61779,-82.35326,N,NULL,NULL,NULL,NULL,NULL,NULL,NULL,NULL,9,3,4,6,1,1,2,2,7,3,N,NULL,Y,N,1750,1800,1911,N,NULL,70,2,1,N,,N,N,098-US-0119-0,NULL,NULL,2021,O,7.26E+11,098-US-0119  -000,HIGH,098-US-0119  -000,13.972,0,0,0,0,0,0,0,0,0,0,0,0,0,0
4735,72653021,980200,980200,20210729,1625,,BEAVER CK,,RD,KY1373,KY1373,0,098 KY-1373,KY1373,N,N,NULL,NULL,NULL,N,NULL,NULL,NULL,NULL,NULL,NULL,0.521,NULL,NULL,NULL,NULL,,NULL,0,0,2,2,Y,N,25,NULL,98,9802,NULL,,Y,37.31546,-82.35043,N,NULL,NULL,NULL,NULL,NULL,NULL,NULL,NULL,7,3,2,6,1,1,2,2,7,3,N,NULL,N,Y,1628,1632,,N,NULL,54,8,0,N,,N,N,098-KY-1373-0,NULL,NULL,2021,O,7.27E+11,098-KY-1373  -000,HIGH,098-KY-1373  -000,0.521,0,0,1,0,0,0,0,1,0,0,0,1,0,0
4736,72600564,KSP0900,21-88358,20210305,1556,,COLLINS,,HWY,KY0122,KY0122,0,098 KY-122,KY0122,N,N,NULL,NULL,NULL,N,NULL,NULL,NULL,NULL,NULL,NULL,10.383,NULL,NULL,NULL,NULL,,NULL,1,0,2,1,N,N,45,NULL,98,9824,NULL,,Y,37.38723,-82.54382,N,NULL,NULL,NULL,NULL,NULL,NULL,NULL,NULL,5,3,2,6,1,1,2,2,7,3,N,NULL,Y,Y,1630,1630,1700,N,NULL,49,,0,N,,N,N,098-KY-0122-0,NULL,NULL,2021,C,7.26E+11,098-KY-0122  -000,HIGH,098-KY-0122  -000,10.383,0,0,1,0,0,0,0,1,0,1,0,0,0,0
4737,72583043,KSP0900,21-11337,20210109,936,,US119,,,US0119,US0119,0,098 US-119,US0119,Y,N,NULL,NULL,NULL,N,NULL,NULL,NULL,NULL,NULL,NULL,24.745,NULL,NULL,NULL,NULL,,NULL,0,0,2,2,N,N,15,NULL,98,9834,NULL,,Y,37.66647,-82.27518,N,NULL,NULL,NULL,NULL,NULL,NULL,NULL,NULL,2,97,4,6,1,1,2,2,1,3,N,NULL,Y,Y,938,950,950,N,NULL,90,2,1,N,,N,N,098-US-0119-0,NULL,NULL,2021,O,7.26E+11,098-US-0119  -000,MEDIUM,098-US-0119  -000,24.745,0,0,0,1,0,0,1,0,0,0,0,0,0,0