OBJECTID,MasterFile,AgencyORINumber,LocalCode,CollisionDate,CollisionTime,CollisionDayWeekCode,RoadwayName,RoadwayName_Direction_,RoadwayName_RoadwaySuffix_,RoadwayfromReport,CurrentRoadwayNumber,RoadwayNumberCoupletID,RSEUniqueGIS,RoadwayIdentifier,ParkingLotIndicator,IntersectionWith_Indicator_,IntersectionWith_NameRoadway_,IntersectionWith_Direction_,IntersectionWith_RoadwaySuffix_,BetweenStreets_Indicator_,BetweenStreets1_NameRoadway_,BetweenStreet1_Direction_,BetweenStreets1_RoadwaySuffix_,BetweenStreets2_NameRoadway_,BetweenStreets2_Direction_,BetweenStreets2_RoadwaySuffix_,Milepoint,ReportMilepointDeriveNumber,CurrentDerivedMiepointNumber,MilestoMilepoint,FeettoMilepoint,DirectionfromMilepoint_NSEW_,ValidMilepointIndicator,NumberInjured,NumberKilled,ofUnits,ofMotorVehicleUnits,Hit&RunIndicator,OneWayIndicator,SpeedLimitNumber,KilometersIndicator,CountyCode,CityCountyCode,MilesFromCity,DirectionFromCity_NSEW_,InCityLimitsIndicator,Latitude,Longitude,RampIndicator,RampFromIdentifier,RampFromDirCode,RampFromCoupletID,RSEUniqueGISRampFrom,RampToidentifier,RampToDirCode,RampToCoupletID,RSEUniqueGisRampTo,MannerofCollisionCode,LocationFirstEventCode,TotalLanes,RoadwayCharacterCode,RoadwaySurfaceCode,RoadwayConditionCode,WeatherCode,LightConditionCode,LandUseCode,SchoolBusRelatedCode,FirstAidSceneIndicator,CollDescPresentInd,InvestigationCompleteIndicator,PhotosTakenIndicator,TimeNotified,TimeArrived,TimeRoadwayOpened,PropertyDamageIndicator,DiagramPresentIndicator,DirectionalAnalysis,FunctionClassCode,NationalHwySysCode,EnforcementsIndicator,KARSCityCode,SecondaryCollisionIndicator,MedianCrossoverIndicator,RT_UNIQUE,MapIt,TimeLastLeft,YR,KABCO,MFNY,WorkingRID,RT_CONFIDENCE,KTC_RT,KTC_MP,Motorcyclist,Commercial Vehicle,Young Driver,Mature Driver,Pedestrian,Bicyclist,Distracted,Aggressive,Impaired,Unrestrained,Intersection,Roadway Departure,Median Cross-over,City Crash
4738,72758020,980100,2.02E+11,20220504,1743,,CASSIDY,,BLVD,,,0,098 CS-1191,CS1191,N,N,NULL,NULL,NULL,N,NULL,NULL,NULL,NULL,NULL,NULL,0.285,NULL,NULL,NULL,NULL,,NULL,0,0,2,2,N,N,25,NULL,98,9801,NULL,,Y,37.50499,-82.53653,N,NULL,NULL,NULL,NULL,NULL,NULL,NULL,NULL,8,3,3,6,1,1,2,2,1,3,N,NULL,Y,N,1743,1744,,N,NULL,53,,,N,,N,N,098-CS-1191-0,NULL,NULL,2022,O,7.28E+11,098-CS-1191  -000,HIGH,098-CS-1191  -000,0.285,0,0,0,0,0,0,0,0,0,0,0,1,0,1
4739,72628012,KSP0900,21-210856,20210524,950,,HOLLY,,DR,,,0,098 CR-1374,CR1374,Y,N,NULL,NULL,NULL,N,NULL,NULL,NULL,NULL,NULL,NULL,0.123,NULL,NULL,NULL,NULL,,NULL,0,0,2,2,N,N,,NULL,98,9801,1,W,N,37.5042,-82.54498,N,NULL,NULL,NULL,NULL,NULL,NULL,NULL,NULL,5,97,0,4,1,1,2,2,7,3,N,NULL,Y,N,950,958,958,N,NULL,90,,,N,,N,N,098-CR-1374-0,NULL,NULL,2021,O,7.26E+11,098-CR-1374  -000,HIGH,098-CR-1374  -000,0.123,0,0,0,1,0,0,0,0,0,0,0,0,0,1
4740,72592386,KSP0900,21-46069,20210204,945,,ROCKHOUSE,,RD,,,0,098 CR-1113,CR1113,N,N,NULL,NULL,NULL,N,NULL,NULL,NULL,NULL,NULL,NULL,2.418,NULL,NULL,NULL,NULL,,NULL,1,0,1,1,N,N,25,NULL,98,9804,NULL,,Y,37.44068,-82.11279,N,NULL,NULL,NULL,NULL,NULL,NULL,NULL,NULL,9,3,1,6,1,1,3,2,7,3,N,NULL,N,N,945,1030,1035,N,NULL,70,,,N,,N,N,098-CR-1113-0,NULL,NULL,2021,C,7.26E+11,098-CR-1113  -000,HIGH,098-CR-1113  -000,2.418,0,0,0,0,0,0,0,1,0,0,0,1,0,0
4741,72787307,980000,22-07-002,20220726,1513,,KY1426,,,KY1426,KY1426,0,098 KY-1426,KY1426,N,N,NULL,NULL,NULL,N,NULL,NULL,NULL,NULL,NULL,NULL,11.334,NULL,NULL,NULL,NULL,,NULL,1,0,1,1,N,N,55,NULL,98,9801,5,N,N,37.52853,-82.47128,N,NULL,NULL,NULL,NULL,NULL,NULL,NULL,NULL,9,5,2,4,1,5,3,2,7,3,N,NULL,Y,Y,1513,1513,1618,N,NULL,44,7,0,N,,N,N,098-KY-1426-0,NULL,NULL,2022,B,7.28E+11,098-KY-1426  -000,HIGH,098-KY-1426  -000,11.334,0,0,1,0,0,0,0,0,0,0,0,1,0,0
4742,72628013,KSP0900,21-211067,20210524,1208,,DORTON-JENKINS,,HWY,KY0805,KY0805,0,098 KY-805,KY0805,N,N,NULL,NULL,NULL,N,NULL,NULL,NULL,NULL,NULL,NULL,2.074,NULL,NULL,NULL,NULL,,NULL,0,0,2,2,N,N,55,NULL,98,9809,NULL,,Y,37.21987,-82.56421,N,NULL,NULL,NULL,NULL,NULL,NULL,NULL,NULL,8,3,2,6,1,1,2,2,7,3,N,NULL,Y,N,1248,1308,1308,N,NULL,53,7,0,N,,N,N,098-KY-0805-0,NULL,NULL,2021,O,7.26E+11,098-KY-0805  -000,HIGH,098-KY-0805  -000,2.074,0,1,0,1,0,0,0,0,0,0,0,1,0,0
4743,72795841,KSP0900,22-320823,20220819,1517,,US119,,,US0119,US0119,0,098 US-119,US0119,Y,N,NULL,NULL,NULL,N,NULL,NULL,NULL,NULL,NULL,NULL,0.53,NULL,NULL,NULL,NULL,,NULL,0,0,2,2,Y,N,5,NULL,98,9801,NULL,,Y,37.50634,-82.52305,N,NULL,NULL,NULL,NULL,NULL,NULL,NULL,NULL,8,7,1,6,3,1,2,2,1,3,N,NULL,Y,N,1602,1613,1613,N,NULL,90,2,1,N,,N,N,098-US-0119-0,NULL,NULL,2022,O,7.28E+11,098-US-0119  -000,HIGH,098-US-0119  -000,0.53,0,0,0,0,0,0,1,0,0,0,0,0,0,1
4744,72684022,KSP0900,2021-428565,20211017,1600,,KY194,,,KY0194,KY0194,0,098 KY-194,KY0194,N,N,NULL,NULL,NULL,N,NULL,NULL,NULL,NULL,NULL,NULL,70.408,NULL,NULL,NULL,NULL,,NULL,0,0,2,2,N,N,35,NULL,98,9825,NULL,,Y,37.49344,-82.05658,N,NULL,NULL,NULL,NULL,NULL,NULL,NULL,NULL,3,3,2,6,1,1,2,2,7,3,N,NULL,N,N,1600,1600,1600,N,NULL,52,7,0,N,,N,N,098-KY-0194-0,NULL,NULL,2021,O,7.27E+11,098-KY-0194  -000,HIGH,098-KY-0194  -000,70.408,0,0,0,0,0,0,1,0,0,0,0,1,0,0
4745,72875926,KSP0900,23-77177,20230228,900,,MALL,S,RD,,,0,098 PR-1010,PR1010,Y,N,NULL,NULL,NULL,N,NULL,NULL,NULL,NULL,NULL,NULL,0.346,NULL,NULL,NULL,NULL,NULL,NULL,0,0,2,2,N,Y,,NULL,98,9834,NULL,,Y,37.65557,-82.27299,N,NULL,NULL,NULL,NULL,NULL,NULL,NULL,NULL,5,97,1,4,1,1,3,2,1,3,N,NULL,Y,N,900,905,900,N,NULL,90,,,N,,N,N,098-PR-1010-0,NULL,NULL,2023,O,7.29E+11,098-PR-1010  -000,HIGH,098-PR-1010  -000,0.384,0,0,0,0,0,0,1,0,0,0,0,0,0,0
4746,72754405,KSP0900,22-149927,20220424,1809,,KY122,,,KY0122,KY0122,0,098 KY-122,KY0122,N,N,NULL,NULL,NULL,N,NULL,NULL,NULL,NULL,NULL,NULL,8.752,NULL,NULL,NULL,NULL,,NULL,0,0,1,1,N,N,55,NULL,98,9827,NULL,,Y,37.38974,-82.57045,N,NULL,NULL,NULL,NULL,NULL,NULL,NULL,NULL,9,3,2,3,1,1,2,2,7,3,N,NULL,N,N,1813,1849,1813,N,NULL,44,,0,N,,N,N,098-KY-0122-0,NULL,NULL,2022,O,7.28E+11,098-KY-0122  -000,HIGH,098-KY-0122  -000,8.752,0,0,0,0,0,0,1,0,0,0,0,1,0,0
4747,72656331,980000,21-07-001,20210721,1430,,KY194,,,KY0194,KY0194,0,098 KY-194,KY0194,N,N,NULL,NULL,NULL,N,NULL,NULL,NULL,NULL,NULL,NULL,25.314,NULL,NULL,NULL,NULL,,NULL,4,0,2,2,N,N,55,NULL,98,9817,NULL,,Y,37.51334,-82.3588,N,NULL,NULL,NULL,NULL,NULL,NULL,NULL,NULL,1,4,2,3,1,1,2,2,7,3,Y,NULL,Y,Y,1503,1600,1640,N,NULL,51,6,0,N,,N,N,098-KY-0194-0,NULL,NULL,2021,C,7.27E+11,098-KY-0194  -000,HIGH,098-KY-0194  -000,25.314,0,0,0,1,0,0,1,0,0,0,0,1,0,0
4748,72552292,980100,2.02E+11,20201013,1438,,US23,,,US0023,US0023,0,098 US-23-10,US0023,N,N,NULL,NULL,NULL,N,NULL,NULL,NULL,NULL,NULL,NULL,26.722,NULL,NULL,NULL,NULL,,NULL,0,0,2,2,N,N,55,NULL,98,9801,NULL,,Y,37.50847,-82.5368,N,NULL,NULL,NULL,NULL,NULL,NULL,NULL,NULL,5,3,4,6,1,1,2,2,7,3,N,NULL,Y,N,1438,1447,,N,NULL,49,,1,N,,N,N,098-US-0023-10,NULL,NULL,2020,O,7.26E+11,098-US-0023  -010,HIGH,098-US-0023  -000,26.722,0,0,0,1,0,0,0,0,0,0,0,0,0,1
4749,72631812,980100,2.02E+11,20210602,1414,,US23 TURN LANE,,,US0023,US0023,0,098 US-23-21,US0023,N,N,NULL,NULL,NULL,N,NULL,NULL,NULL,NULL,NULL,NULL,0.017,NULL,NULL,NULL,NULL,,NULL,0,0,2,2,N,N,55,NULL,98,9801,NULL,,Y,37.50358,-82.53235,N,NULL,NULL,NULL,NULL,NULL,NULL,NULL,NULL,5,3,4,6,1,1,2,2,7,3,N,NULL,Y,N,1430,1430,1430,N,NULL,70,,1,Y,,N,N,098-US-0023-21,NULL,NULL,2021,O,7.26E+11,098-US-0023  -021,HIGH,098-US-0023  -021,0.017,0,0,0,0,0,0,0,0,1,0,0,0,0,1
4750,72655840,KSP0900,21-326457,20210806,1753,,US23,,,US0023,US0023,0,098 US-23-10,US0023,N,N,NULL,NULL,NULL,N,NULL,NULL,NULL,NULL,NULL,NULL,29.225,NULL,NULL,NULL,NULL,,NULL,0,0,2,2,N,N,45,NULL,98,9807,NULL,,Y,37.52662,-82.57413,N,NULL,NULL,NULL,NULL,NULL,NULL,NULL,NULL,1,7,6,6,1,1,2,2,7,3,N,NULL,Y,N,1753,1812,1812,N,NULL,47,,1,N,,N,N,098-US-0023-10,NULL,NULL,2021,O,7.27E+11,098-US-0023  -010,HIGH,098-US-0023  -000,29.225,0,0,0,0,0,0,0,0,0,0,0,0,0,0
4751,72644170,KSP0900,21-265909,20210628,830,,KY3418,,,KY3418,KY3418,0,098 KY-3418,KY3418,N,N,NULL,NULL,NULL,N,NULL,NULL,NULL,NULL,NULL,NULL,5.821,NULL,NULL,NULL,NULL,,NULL,0,0,2,2,N,N,55,NULL,98,9850,NULL,,Y,37.45706,-82.39816,N,NULL,NULL,NULL,NULL,NULL,NULL,NULL,NULL,7,3,2,3,1,1,2,2,7,3,N,NULL,Y,N,835,915,1000,N,NULL,54,9,0,N,,N,N,098-KY-3418-0,NULL,NULL,2021,O,7.26E+11,098-KY-3418  -000,HIGH,098-KY-3418  -000,5.821,0,0,0,0,0,0,1,0,0,0,0,1,0,0
4752,72626375,980100,2.02E+11,20210519,1613,,US23,,,US0023,US0023,,,,N,N,NULL,NULL,NULL,N,NULL,NULL,NULL,NULL,NULL,NULL,26.27,NULL,NULL,NULL,NULL,,NULL,0,0,2,2,N,N,55,NULL,98,9801,NULL,,Y,37.50347,-82.53213,N,NULL,NULL,NULL,NULL,NULL,NULL,NULL,NULL,5,3,7,6,2,1,2,2,1,3,N,NULL,Y,N,1613,1617,,N,NULL,49,,1,N,,N,N,,NULL,NULL,2021,O,7.26E+11,098-US-0023  -000,MEDIUM,098-US-0023  -000,26.27,0,0,0,0,0,0,1,0,0,0,0,0,0,1
4753,72591884,KSP0900,21-46447,20210204,1511,,US119,,,US0119,US0119,0,098 US-119,US0119,Y,N,NULL,NULL,NULL,N,NULL,NULL,NULL,NULL,NULL,NULL,24.085,NULL,NULL,NULL,NULL,,NULL,0,0,2,2,N,N,,NULL,98,9834,NULL,,Y,37.65687,-82.27073,N,NULL,NULL,NULL,NULL,NULL,NULL,NULL,NULL,1,97,4,6,1,7,2,2,5,3,N,NULL,Y,N,1511,1617,1617,N,NULL,90,2,1,N,,N,N,098-US-0119-0,NULL,NULL,2021,O,7.26E+11,098-US-0119  -000,HIGH,098-US-0119  -000,24.085,0,0,0,0,0,0,1,0,0,0,0,0,0,0
4754,72806720,370200,2022363555,20220919,830,,US23,,,US0023,US0023,0,098 US-23-10,US0023,N,N,NULL,NULL,NULL,N,NULL,NULL,NULL,NULL,NULL,NULL,0.089,NULL,NULL,NULL,NULL,,NULL,0,0,1,1,N,N,55,NULL,98,9809,NULL,,Y,37.24173,-82.62124,N,NULL,NULL,NULL,NULL,NULL,NULL,NULL,NULL,9,3,4,4,1,1,3,2,7,3,N,NULL,Y,N,833,900,900,Y,NULL,70,,1,N,,N,N,098-US-0023-10,NULL,NULL,2022,O,7.28E+11,098-US-0023  -010,HIGH,098-US-0023  -000,0.089,0,1,0,0,0,0,0,0,0,0,0,0,0,0
4755,72758732,KSP0900,22-167600,20220506,2040,,KY1426,,,KY1426,KY1426,0,098 KY-1426,KY1426,N,N,NULL,NULL,NULL,N,NULL,NULL,NULL,NULL,NULL,NULL,12.005,NULL,NULL,NULL,NULL,,NULL,2,0,2,2,N,N,55,NULL,98,9828,NULL,,Y,37.53644,-82.46693,N,NULL,NULL,NULL,NULL,NULL,NULL,NULL,NULL,1,3,2,6,1,5,2,6,7,3,N,NULL,Y,Y,2040,2040,2040,N,NULL,55,7,0,N,,N,N,098-KY-1426-0,NULL,NULL,2022,C,7.28E+11,098-KY-1426  -000,HIGH,098-KY-1426  -000,12.005,0,0,1,0,0,0,1,0,0,0,0,0,0,0
4756,72513393,980100,2.02E+11,20200621,405,,CASSIDY,,BLVD,,,,,,N,N,NULL,NULL,NULL,N,NULL,NULL,NULL,NULL,NULL,NULL,0.16,NULL,NULL,NULL,NULL,,NULL,0,0,2,2,N,N,35,NULL,98,9801,NULL,,Y,37.50369,-82.53465,N,NULL,NULL,NULL,NULL,NULL,NULL,NULL,NULL,1,3,2,3,1,1,2,6,7,3,N,NULL,Y,N,405,412,441,N,NULL,55,,,N,,N,N,,NULL,NULL,2020,O,7.25E+11,098-CS-1191  -000,LOW,098-CS-1191  -000,0.16,0,0,0,0,0,0,1,1,0,0,0,0,0,1
4757,72589446,KSP0900,21-20281,20210115,1954,,KY1469,,,KY1469,KY1469,0,098 KY-1469,KY1469,N,N,NULL,NULL,NULL,N,NULL,NULL,NULL,NULL,NULL,NULL,13.345,NULL,NULL,NULL,NULL,,NULL,0,0,2,2,Y,N,55,NULL,98,9827,NULL,,Y,37.35904,-82.56807,N,NULL,NULL,NULL,NULL,NULL,NULL,NULL,NULL,7,3,2,3,1,1,2,6,7,3,N,NULL,Y,N,2121,2239,,N,NULL,54,7,0,N,,N,N,098-KY-1469-0,NULL,NULL,2021,O,7.26E+11,098-KY-1469  -000,HIGH,098-KY-1469  -000,13.345,0,0,0,0,0,0,0,0,0,0,0,1,0,0
4758,72833889,980100,2.02E+11,20221125,652,,CASSIDY,,BLVD,,,,,,N,N,NULL,NULL,NULL,N,NULL,NULL,NULL,NULL,NULL,NULL,0.008,NULL,NULL,NULL,NULL,,NULL,0,0,2,2,N,N,25,NULL,98,9801,NULL,,Y,37.50369,-82.53275,N,NULL,NULL,NULL,NULL,NULL,NULL,NULL,NULL,8,3,4,6,2,5,6,5,1,3,N,NULL,Y,N,653,659,,N,NULL,53,,,N,,N,N,,NULL,NULL,2022,O,7.28E+11,098-US-0023  -021,LOW,098-US-0023  -021,0.008,0,0,0,1,0,0,1,0,0,0,0,1,0,1
4759,72461633,980100,2.02E+11,20200103,1617,,US23,,,US0023,US0023,,,,N,N,NULL,NULL,NULL,N,NULL,NULL,NULL,NULL,NULL,NULL,31.082,NULL,NULL,NULL,NULL,,NULL,0,0,2,2,N,N,55,NULL,98,9801,NULL,,Y,37.53868,-82.59374,N,NULL,NULL,NULL,NULL,NULL,NULL,NULL,NULL,8,3,4,6,1,5,3,2,7,3,N,NULL,Y,N,1617,1635,1635,N,NULL,53,,1,N,,N,N,,NULL,NULL,2020,O,7.25E+11,098-US-0023  -000,MEDIUM,098-US-0023  -000,31.082,0,0,0,0,0,0,1,0,0,0,0,1,0,1
4760,72700418,980100,2.02E+11,20211122,1450,,LYKINS,,CRK,,,,,,N,Y,THOMPSON,,RD,N,NULL,NULL,NULL,NULL,NULL,NULL,,NULL,NULL,NULL,NULL,,NULL,0,0,2,2,N,N,25,NULL,98,9801,NULL,,Y,37.50779,-82.54859,N,NULL,NULL,NULL,NULL,NULL,NULL,NULL,NULL,1,3,1,3,1,1,2,2,7,3,N,NULL,Y,N,1450,1512,1512,N,NULL,10,,,N,,N,N,,NULL,NULL,2021,O,7.27E+11,098-CS-1215  -000,MEDIUM,098-CS-1215  -000,0.211,0,0,1,0,0,0,1,0,0,0,1,0,0,1
4761,72620457,980100,2.02E+11,20210503,1207,,FREDDY,,LN,,,0,098 CS-1016,CS1016,Y,N,NULL,NULL,NULL,N,NULL,NULL,NULL,NULL,NULL,NULL,0.011,NULL,NULL,NULL,NULL,,NULL,0,0,2,2,N,N,,NULL,98,9801,NULL,,Y,37.4533,-82.52193,N,NULL,NULL,NULL,NULL,NULL,NULL,NULL,NULL,2,97,,6,1,1,3,2,5,3,N,NULL,Y,N,1209,1214,1209,N,NULL,90,,,N,,N,N,098-CS-1016-0,NULL,NULL,2021,O,7.26E+11,098-CS-1016  -000,HIGH,098-CS-1016  -000,0.011,0,0,0,0,0,0,1,0,0,0,0,0,0,1
4762,72494409,KSP0900,20-12548,20200406,952,,KY199,,,KY0199,KY0199,0,098 KY-199,KY0199,N,N,NULL,NULL,NULL,N,NULL,NULL,NULL,NULL,NULL,NULL,10.366,NULL,NULL,NULL,NULL,,NULL,0,0,1,1,N,N,35,NULL,98,9851,NULL,,Y,37.58847,-82.26931,N,NULL,NULL,NULL,NULL,NULL,NULL,NULL,NULL,9,3,2,3,1,1,3,2,7,3,N,NULL,Y,N,956,1006,1030,N,NULL,40,7,0,Y,,N,N,098-KY-0199-0,NULL,NULL,2020,O,7.25E+11,098-KY-0199  -000,HIGH,098-KY-0199  -000,10.366,0,0,0,0,0,0,1,0,0,0,0,1,0,0
4763,72532151,980100,2.02E+11,20200814,2317,,US23,,,US0023,US0023,0,098 US-23,US0023,N,N,NULL,NULL,NULL,N,NULL,NULL,NULL,NULL,NULL,NULL,20.009,NULL,NULL,NULL,NULL,,NULL,0,0,2,2,N,N,55,NULL,98,9801,NULL,,Y,37.44933,-82.51221,N,NULL,NULL,NULL,NULL,NULL,NULL,NULL,NULL,1,3,4,6,1,1,2,4,1,3,N,NULL,N,N,2317,2323,,N,NULL,55,,1,N,,N,N,098-US-0023-0,NULL,NULL,2020,O,7.25E+11,098-US-0023  -000,HIGH,098-US-0023  -000,20.009,0,0,0,0,0,0,1,0,0,0,0,0,0,1
4764,72790208,980100,2.02E+11,20220804,1405,,KY1426,,,KY1426,KY1426,0,098 KY-1426,KY1426,Y,N,NULL,NULL,NULL,N,NULL,NULL,NULL,NULL,NULL,NULL,7.739,NULL,NULL,NULL,NULL,,NULL,0,0,2,2,N,N,,NULL,98,9801,NULL,,Y,37.49026,-82.4962,N,NULL,NULL,NULL,NULL,NULL,NULL,NULL,NULL,2,97,,6,1,1,2,2,1,3,N,NULL,Y,N,1405,1407,,N,NULL,90,,0,N,,N,N,098-KY-1426-0,NULL,NULL,2022,O,7.28E+11,098-KY-1426  -000,HIGH,098-KY-1426  -000,7.739,0,0,0,1,0,0,0,0,0,0,0,0,0,1
4765,72589049,KSP0900,21-37236,20210128,1746,,MAIN,,ST,,,0,098 CS-3000,CS3000,N,N,NULL,NULL,NULL,N,NULL,NULL,NULL,NULL,NULL,NULL,0.357,NULL,NULL,NULL,NULL,,NULL,0,0,2,2,N,N,35,NULL,98,9807,NULL,,Y,37.51804,-82.56484,N,NULL,NULL,NULL,NULL,NULL,NULL,NULL,NULL,1,3,2,6,1,1,2,2,7,3,N,NULL,Y,N,1746,1811,,N,NULL,55,,,N,,N,N,098-CS-3000-0,NULL,NULL,2021,O,7.26E+11,098-CS-3000  -000,HIGH,098-CS-3000  -000,0.357,0,0,0,0,0,0,0,0,0,0,0,0,0,0
4766,72724300,980100,2.02E+11,20220121,959,,US23,,,US0023,US0023,0,098 US-23,US0023,N,N,NULL,NULL,NULL,N,NULL,NULL,NULL,NULL,NULL,NULL,27.36,NULL,NULL,NULL,NULL,,NULL,1,0,2,2,N,N,55,NULL,98,9801,NULL,,Y,37.51087,-82.54843,N,NULL,NULL,NULL,NULL,NULL,NULL,NULL,NULL,5,3,6,6,1,1,2,2,7,3,Y,NULL,Y,Y,959,1002,1043,N,NULL,49,,1,Y,,N,N,098-US-0023-0,NULL,NULL,2022,C,7.27E+11,098-US-0023  -000,HIGH,098-US-0023  -000,27.36,0,0,0,0,0,0,1,0,1,0,0,0,0,1
4767,72576120,980100,2.02E+11,20201216,1752,,HAROLDS BRANCH,,RD,,,,,,N,N,NULL,NULL,NULL,N,NULL,NULL,NULL,NULL,NULL,NULL,0.412,NULL,NULL,NULL,NULL,,NULL,0,0,2,2,Y,N,55,NULL,98,9801,NULL,,Y,37.46959,-82.51728,N,NULL,NULL,NULL,NULL,NULL,NULL,NULL,NULL,7,3,1,1,1,5,6,6,6,3,N,NULL,Y,N,1754,1757,1757,N,NULL,54,,,N,,N,N,,NULL,NULL,2020,O,7.26E+11,098-CS-1223  -000,MEDIUM,098-CS-1223  -000,0.412,0,0,0,0,0,0,0,1,0,0,0,1,0,1
4768,72646983,980100,2.02E+11,20210713,1630,,BOB AMOS,,DR,,,,,,Y,N,NULL,NULL,NULL,N,NULL,NULL,NULL,NULL,NULL,NULL,0.641,NULL,NULL,NULL,NULL,,NULL,0,0,1,1,N,Y,,NULL,98,9801,NULL,,Y,37.47098,-82.54185,N,NULL,NULL,NULL,NULL,NULL,NULL,NULL,NULL,9,97,1,6,1,1,2,2,4,3,N,NULL,Y,N,1630,1635,,Y,NULL,90,,,N,,N,N,,NULL,NULL,2021,O,7.26E+11,098-CS-1025  -000,MEDIUM,098-CS-1025  -000,0.641,0,0,0,0,0,0,0,0,0,0,0,1,0,1
4769,72606208,980100,2.02E+11,20210322,2017,,HAMBLEY,,BLVD,,,,,,Y,N,NULL,NULL,NULL,N,NULL,NULL,NULL,NULL,NULL,NULL,0.516,NULL,NULL,NULL,NULL,,NULL,0,0,2,2,N,N,,NULL,98,9801,NULL,,Y,37.47861,-82.52021,N,NULL,NULL,NULL,NULL,NULL,NULL,NULL,NULL,2,97,1,6,2,1,2,5,6,3,N,NULL,Y,N,2018,2021,2021,N,NULL,90,,,N,,N,N,,NULL,NULL,2021,O,7.26E+11,098-CS-1222  -000,MEDIUM,098-CS-1222  -000,0.516,0,0,0,0,0,0,1,0,0,0,0,0,0,1
4770,72626851,980100,2.02E+11,20210514,724,,HAMBLEY,,BLVD,,,,,,N,N,NULL,NULL,NULL,N,NULL,NULL,NULL,NULL,NULL,NULL,1.368,NULL,NULL,NULL,NULL,,NULL,1,0,2,2,N,N,35,NULL,98,9801,NULL,,Y,37.48442,-82.52801,N,NULL,NULL,NULL,NULL,NULL,NULL,NULL,NULL,5,3,2,6,1,1,2,2,6,3,Y,NULL,Y,Y,724,724,811,N,NULL,49,,,N,,N,N,,NULL,NULL,2021,C,7.26E+11,098-CS-1222  -000,MEDIUM,098-CS-1222  -000,1.368,0,0,0,0,0,0,1,0,0,0,0,0,0,1
4771,72517939,KSP0900,20-553193,20200618,2130,,GREASY,,CRK,,,0,098 CR-1256,CR1256,N,N,NULL,NULL,NULL,N,NULL,NULL,NULL,NULL,NULL,NULL,1.043,NULL,NULL,NULL,NULL,,NULL,0,0,2,2,N,N,45,NULL,98,9824,NULL,,Y,37.36974,-82.48824,N,NULL,NULL,NULL,NULL,NULL,NULL,NULL,NULL,7,3,1,6,1,1,2,6,7,3,N,NULL,N,N,2130,2145,2215,N,NULL,54,,,N,,N,N,098-CR-1256-0,NULL,NULL,2020,O,7.25E+11,098-CR-1256  -000,HIGH,098-CR-1256  -000,1.043,0,0,0,0,0,0,0,0,0,0,0,1,0,0
4772,72737103,980100,2.02E+11,20220225,1041,,HAMBLEY,,BLVD,,,0,098 CS-1222,CS1222,N,N,NULL,NULL,NULL,N,NULL,NULL,NULL,NULL,NULL,NULL,,NULL,NULL,NULL,NULL,,NULL,0,0,2,2,N,N,35,NULL,98,9801,NULL,,Y,37.47402,-82.5273,N,NULL,NULL,NULL,NULL,NULL,NULL,NULL,NULL,4,3,2,6,1,1,2,2,1,3,N,NULL,Y,N,1041,1046,1107,N,NULL,70,,,N,,N,N,098-CS-1222-0,NULL,NULL,2022,O,7.27E+11,098-CS-1222  -000,HIGH,098-CS-1222  -000,0,0,0,0,0,0,0,1,0,0,0,0,0,0,1
4773,72672629,KSP0900,21-389978,20210919,2034,,BYPASS,S,RD,KY1426,KY1426,0,098 KY-1426,KY1426,Y,N,NULL,NULL,NULL,N,NULL,NULL,NULL,NULL,NULL,NULL,6.013,NULL,NULL,NULL,NULL,,NULL,0,0,2,2,N,N,5,NULL,98,9801,NULL,,Y,37.47569,-82.51823,N,NULL,NULL,NULL,NULL,NULL,NULL,NULL,NULL,1,97,2,6,1,1,2,2,1,3,N,NULL,Y,Y,2034,2035,2035,N,NULL,90,,0,N,,N,N,098-KY-1426-0,NULL,NULL,2021,O,7.27E+11,098-KY-1426  -000,HIGH,098-KY-1426  -000,6.013,0,0,0,0,0,0,0,0,0,0,0,0,0,1
4774,72666158,KSP0900,09-21-0706,20210816,1030,,KY3218,,,KY3218,KY3218,0,098 KY-3218,KY3218,N,N,NULL,NULL,NULL,N,NULL,NULL,NULL,NULL,NULL,NULL,3.153,NULL,NULL,NULL,NULL,,NULL,1,1,2,2,N,N,55,NULL,98,9807,NULL,,Y,37.56092,-82.55774,N,NULL,NULL,NULL,NULL,NULL,NULL,NULL,NULL,7,3,2,4,1,5,2,2,7,3,N,NULL,N,Y,1147,1210,,N,NULL,54,8,0,Y,,N,N,098-KY-3218-0,NULL,NULL,2021,K,7.27E+11,098-KY-3218  -000,HIGH,098-KY-3218  -000,3.153,0,0,0,0,0,0,0,0,0,0,0,1,0,1
4775,72825388,KSP0900,22-423628,20221103,2051,,US23,,,US0023,US0023,0,098 US-23,US0023,N,N,NULL,NULL,NULL,N,NULL,NULL,NULL,NULL,NULL,NULL,15.683,NULL,NULL,NULL,NULL,,NULL,0,0,1,1,N,N,55,NULL,98,9824,NULL,,Y,37.40512,-82.53082,N,NULL,NULL,NULL,NULL,NULL,NULL,NULL,NULL,9,3,4,6,1,1,2,5,7,3,N,NULL,N,N,2051,2118,2118,N,NULL,38,,1,N,,N,N,098-US-0023-0,NULL,NULL,2022,O,7.28E+11,098-US-0023  -000,HIGH,098-US-0023  -000,15.683,0,0,0,0,0,0,0,0,0,0,0,0,0,0
4776,72394974,KSP0900,19-31384,20190814,1629,,US460 TURN LANE,,,US0460,US0460,0,098 US-460-21,US0460,N,N,NULL,NULL,NULL,N,NULL,NULL,NULL,NULL,NULL,NULL,0.057,NULL,NULL,NULL,NULL,,NULL,0,0,2,2,N,N,55,NULL,98,9847,NULL,,Y,37.38237,-82.25486,N,NULL,NULL,NULL,NULL,NULL,NULL,NULL,NULL,1,3,2,6,1,1,2,2,7,3,N,NULL,Y,N,1631,1730,,N,NULL,55,,1,Y,,N,N,098-US-0460-21,NULL,NULL,2019,O,7.24E+11,098-US-0460  -021,HIGH,098-US-0460  -021,0.057,0,0,0,0,0,0,1,0,0,0,0,0,0,0