OBJECTID,MasterFile,AgencyORINumber,LocalCode,CollisionDate,CollisionTime,CollisionDayWeekCode,RoadwayName,RoadwayName_Direction_,RoadwayName_RoadwaySuffix_,RoadwayfromReport,CurrentRoadwayNumber,RoadwayNumberCoupletID,RSEUniqueGIS,RoadwayIdentifier,ParkingLotIndicator,IntersectionWith_Indicator_,IntersectionWith_NameRoadway_,IntersectionWith_Direction_,IntersectionWith_RoadwaySuffix_,BetweenStreets_Indicator_,BetweenStreets1_NameRoadway_,BetweenStreet1_Direction_,BetweenStreets1_RoadwaySuffix_,BetweenStreets2_NameRoadway_,BetweenStreets2_Direction_,BetweenStreets2_RoadwaySuffix_,Milepoint,ReportMilepointDeriveNumber,CurrentDerivedMiepointNumber,MilestoMilepoint,FeettoMilepoint,DirectionfromMilepoint_NSEW_,ValidMilepointIndicator,NumberInjured,NumberKilled,ofUnits,ofMotorVehicleUnits,Hit&RunIndicator,OneWayIndicator,SpeedLimitNumber,KilometersIndicator,CountyCode,CityCountyCode,MilesFromCity,DirectionFromCity_NSEW_,InCityLimitsIndicator,Latitude,Longitude,RampIndicator,RampFromIdentifier,RampFromDirCode,RampFromCoupletID,RSEUniqueGISRampFrom,RampToidentifier,RampToDirCode,RampToCoupletID,RSEUniqueGisRampTo,MannerofCollisionCode,LocationFirstEventCode,TotalLanes,RoadwayCharacterCode,RoadwaySurfaceCode,RoadwayConditionCode,WeatherCode,LightConditionCode,LandUseCode,SchoolBusRelatedCode,FirstAidSceneIndicator,CollDescPresentInd,InvestigationCompleteIndicator,PhotosTakenIndicator,TimeNotified,TimeArrived,TimeRoadwayOpened,PropertyDamageIndicator,DiagramPresentIndicator,DirectionalAnalysis,FunctionClassCode,NationalHwySysCode,EnforcementsIndicator,KARSCityCode,SecondaryCollisionIndicator,MedianCrossoverIndicator,RT_UNIQUE,MapIt,TimeLastLeft,YR,KABCO,MFNY,WorkingRID,RT_CONFIDENCE,KTC_RT,KTC_MP,Motorcyclist,Commercial Vehicle,Young Driver,Mature Driver,Pedestrian,Bicyclist,Distracted,Aggressive,Impaired,Unrestrained,Intersection,Roadway Departure,Median Cross-over,City Crash
4777,72827805,980100,2.02E+11,20221105,1644,,CASSIDY,,BLVD,,,0,098 CS-1191,CS1191,N,N,NULL,NULL,NULL,N,NULL,NULL,NULL,NULL,NULL,NULL,0.176,NULL,NULL,NULL,NULL,,NULL,0,0,2,2,N,N,25,NULL,98,9801,NULL,,Y,37.5038,-82.53489,N,NULL,NULL,NULL,NULL,NULL,NULL,NULL,NULL,4,3,4,6,1,1,2,2,1,3,N,NULL,Y,N,1644,1651,1731,N,NULL,70,,,N,,N,N,098-CS-1191-0,NULL,NULL,2022,O,7.28E+11,098-CS-1191  -000,HIGH,098-CS-1191  -000,0.176,0,0,0,0,0,0,1,0,0,0,0,0,0,1
4778,72853022,KSP0900,23-13388,20230111,642,,US23,,,US0023,US0023,0,098 US-23,US0023,N,N,NULL,NULL,NULL,N,NULL,NULL,NULL,NULL,NULL,NULL,13.779,NULL,NULL,NULL,NULL,,NULL,1,0,2,2,N,N,55,NULL,98,9824,NULL,,Y,37.38323,-82.54073,N,NULL,NULL,NULL,NULL,NULL,NULL,NULL,NULL,5,3,2,6,1,1,2,6,7,3,Y,NULL,N,Y,642,713,748,N,NULL,49,,1,Y,,N,N,098-US-0023-0,NULL,NULL,2023,C,7.29E+11,098-US-0023  -000,HIGH,098-US-0023  -000,13.766,0,0,0,0,0,0,1,1,0,0,0,0,0,0
4779,72504901,980100,2.02E+11,20200526,1658,,KY3496,,,KY3496,KY3496,,,,N,N,NULL,NULL,NULL,N,NULL,NULL,NULL,NULL,NULL,NULL,0.868,NULL,NULL,NULL,NULL,,NULL,0,0,2,2,Y,N,35,NULL,98,9801,NULL,,Y,37.47209,-82.52827,N,NULL,NULL,NULL,NULL,NULL,NULL,NULL,NULL,6,3,2,6,1,1,2,2,1,3,N,NULL,Y,N,1700,1719,1719,N,NULL,70,16,0,N,,N,N,,NULL,NULL,2020,O,7.25E+11,098-KY-3496  -000,HIGH,098-KY-3496  -000,0.868,0,0,0,1,0,0,0,0,0,0,0,0,0,1
4780,72685447,980100,2.02E+11,20211019,726,,BAIRD,,AVE,KY1426,KY1426,0,098 KY-1426,KY1426,N,N,NULL,NULL,NULL,N,NULL,NULL,NULL,NULL,NULL,NULL,5.387,NULL,NULL,NULL,NULL,,NULL,1,0,2,2,Y,N,15,NULL,98,9801,NULL,,Y,37.47295,-82.52708,N,NULL,NULL,NULL,NULL,NULL,NULL,NULL,NULL,1,3,2,6,1,1,2,2,7,3,N,NULL,Y,N,727,731,811,N,NULL,55,,0,N,,N,N,098-KY-1426-0,NULL,NULL,2021,C,7.27E+11,098-KY-1426  -000,HIGH,098-KY-1426  -000,5.387,0,0,0,0,0,0,0,0,0,0,0,0,0,1
4781,72494068,980100,2.02E+11,20200410,1227,,KY3496,,,KY3496,KY3496,,,,Y,N,NULL,NULL,NULL,N,NULL,NULL,NULL,NULL,NULL,NULL,0.195,NULL,NULL,NULL,NULL,,NULL,0,0,1,1,N,N,15,NULL,98,9801,NULL,,Y,37.4665,-82.53112,N,NULL,NULL,NULL,NULL,NULL,NULL,NULL,NULL,9,97,1,6,1,1,2,2,1,3,N,NULL,Y,N,1227,1238,1238,N,NULL,90,16,0,N,,N,N,,NULL,NULL,2020,O,7.25E+11,098-KY-3496  -000,HIGH,098-KY-3496  -000,0.195,0,0,0,0,0,0,1,0,0,0,0,1,0,1
4782,72688558,KSP0900,21-436665,20211023,1245,,TOLER,,RD,KY0319,KY0319,0,098 KY-319,KY0319,N,N,NULL,NULL,NULL,N,NULL,NULL,NULL,NULL,NULL,NULL,6.489,NULL,NULL,NULL,NULL,,NULL,0,0,2,2,N,N,45,NULL,98,9842,NULL,,Y,37.63734,-82.2521,N,NULL,NULL,NULL,NULL,NULL,NULL,NULL,NULL,7,3,2,3,1,1,2,2,7,3,N,NULL,Y,N,1245,1250,1340,N,NULL,54,7,0,N,,N,N,098-KY-0319-0,NULL,NULL,2021,O,7.27E+11,098-KY-0319  -000,HIGH,098-KY-0319  -000,6.489,0,0,0,1,0,0,0,0,0,0,0,1,0,0
4783,72774101,KSP0900,22-229777,20220618,1401,,US119,,,US0119,US0119,0,098 US-119,US0119,N,N,NULL,NULL,NULL,N,NULL,NULL,NULL,NULL,NULL,NULL,24.957,NULL,NULL,NULL,NULL,,NULL,0,0,2,2,N,N,55,NULL,98,9834,NULL,,Y,37.66835,-82.27714,N,NULL,NULL,NULL,NULL,NULL,NULL,NULL,NULL,4,3,4,6,1,1,2,2,7,3,N,NULL,N,N,1401,1425,1425,N,NULL,70,2,1,N,,N,N,098-US-0119-0,NULL,NULL,2022,O,7.28E+11,098-US-0119  -000,HIGH,098-US-0119  -000,24.957,0,0,0,0,0,0,0,0,0,0,0,0,0,0
4784,72685004,980100,2.02E+11,20211013,1219,,CASSIDY,,BLVD,,,0,098 CS-1191,CS1191,N,N,NULL,NULL,NULL,N,NULL,NULL,NULL,NULL,NULL,NULL,0.258,NULL,NULL,NULL,NULL,,NULL,1,0,2,2,N,N,35,NULL,98,9801,NULL,,Y,37.50459,-82.53607,N,NULL,NULL,NULL,NULL,NULL,NULL,NULL,NULL,1,3,4,6,1,1,2,2,1,3,Y,NULL,Y,Y,1219,1220,1249,N,NULL,55,,,N,,N,N,098-CS-1191-0,NULL,NULL,2021,C,7.27E+11,098-CS-1191  -000,HIGH,098-CS-1191  -000,0.258,0,0,0,1,0,0,1,0,0,0,0,0,0,1
4785,72693140,980100,2.02E+11,20211106,1730,,THOMPSON,,RD,,,0,098 CS-1215,CS1215,Y,N,NULL,NULL,NULL,N,NULL,NULL,NULL,NULL,NULL,NULL,0.539,NULL,NULL,NULL,NULL,,NULL,1,0,2,2,N,N,,NULL,98,9801,NULL,,Y,37.50591,-82.54297,N,NULL,NULL,NULL,NULL,NULL,NULL,NULL,NULL,1,97,,6,1,1,2,2,1,3,N,NULL,Y,N,1730,1734,,N,NULL,90,,,N,,N,N,098-CS-1215-0,NULL,NULL,2021,C,7.27E+11,098-CS-1215  -000,HIGH,098-CS-1215  -000,0.539,0,0,0,0,0,0,0,0,0,0,0,0,0,1
4786,72498011,980000,20-01-007,20200131,2245,,US119,,,US0119,US0119,0,098 US-119,US0119,N,N,NULL,NULL,NULL,N,NULL,NULL,NULL,NULL,NULL,NULL,23.372,NULL,NULL,NULL,NULL,,NULL,2,0,1,1,N,N,55,NULL,98,9812,NULL,,Y,37.64689,-82.26735,N,NULL,NULL,NULL,NULL,NULL,NULL,NULL,NULL,9,5,4,6,1,5,6,5,8,3,N,NULL,N,Y,2250,2258,2325,N,NULL,51,2,1,N,,N,N,098-US-0119-0,NULL,NULL,2020,C,7.25E+11,098-US-0119  -000,HIGH,098-US-0119  -000,23.372,0,0,1,0,0,0,0,0,0,0,0,1,0,0
4787,72494428,980000,20-04-006,20200413,941,,US460,,,US0460,US0460,0,098 US-460,US0460,N,N,NULL,NULL,NULL,N,NULL,NULL,NULL,NULL,NULL,NULL,1.814,NULL,NULL,NULL,NULL,,NULL,0,0,2,2,N,N,55,NULL,98,9801,6,E,N,37.4309,-82.4949,N,NULL,NULL,NULL,NULL,NULL,NULL,NULL,NULL,5,3,2,6,1,5,3,2,7,3,N,NULL,Y,Y,941,945,945,N,NULL,49,,1,N,,N,N,098-US-0460-0,NULL,NULL,2020,O,7.25E+11,098-US-0460  -000,HIGH,098-US-0460  -000,1.814,0,0,0,0,0,0,0,1,0,0,0,0,0,0
4788,72826590,980100,2.02E+11,20221025,1625,,HAROLDS BRANCH,,RD,,,0,098 CS-1223,CS1223,Y,N,NULL,NULL,NULL,N,NULL,NULL,NULL,NULL,NULL,NULL,0.041,NULL,NULL,NULL,NULL,,NULL,0,0,2,2,N,N,15,NULL,98,9801,NULL,,Y,37.47238,-82.52222,N,NULL,NULL,NULL,NULL,NULL,NULL,NULL,NULL,2,97,2,6,2,1,2,2,1,3,N,NULL,Y,N,1634,1639,,N,NULL,90,,,N,,N,N,098-CS-1223-0,NULL,NULL,2022,O,7.28E+11,098-CS-1223  -000,HIGH,098-CS-1223  -000,0.041,0,0,0,0,0,0,0,0,0,0,0,0,0,1
4789,72783183,980100,2.02E+11,20220714,1718,,US119,,,US0119,US0119,0,098 US-119-10,US0119,N,N,NULL,NULL,NULL,N,NULL,NULL,NULL,NULL,NULL,NULL,2.705,NULL,NULL,NULL,NULL,,NULL,0,0,2,2,N,N,55,NULL,98,9801,NULL,,Y,37.51419,-82.48693,N,NULL,NULL,NULL,NULL,NULL,NULL,NULL,NULL,5,3,4,5,1,1,2,2,7,3,N,NULL,Y,N,1718,1729,,N,NULL,70,2,1,N,,N,N,098-US-0119-10,NULL,NULL,2022,O,7.28E+11,098-US-0119  -010,HIGH,098-US-0119  -000,2.705,0,0,0,0,0,0,0,0,0,0,0,0,0,1
4790,72740946,KSP0900,22-93377,20220314,1700,,KY3418,,,KY3418,KY3418,0,098 KY-3418,KY3418,Y,N,NULL,NULL,NULL,N,NULL,NULL,NULL,NULL,NULL,NULL,10.079,NULL,NULL,NULL,NULL,,NULL,0,0,2,2,N,N,15,NULL,98,9801,NULL,,Y,37.47519,-82.42728,N,NULL,NULL,NULL,NULL,NULL,NULL,NULL,NULL,2,97,1,6,1,1,2,2,7,3,N,NULL,N,N,1730,1815,1815,N,NULL,90,9,0,N,,N,N,098-KY-3418-0,NULL,NULL,2022,O,7.27E+11,098-KY-3418  -000,HIGH,098-KY-3418  -000,10.079,0,0,0,0,0,0,1,0,0,0,0,0,0,0
4791,72460242,980100,2.02E+11,20200106,1727,,HAROLDS BRANCH,,RD,,,,,,Y,N,NULL,NULL,NULL,N,NULL,NULL,NULL,NULL,NULL,NULL,0.013,NULL,NULL,NULL,NULL,,NULL,0,0,2,2,N,N,,NULL,98,9801,NULL,,Y,37.47266,-82.52261,N,NULL,NULL,NULL,NULL,NULL,NULL,NULL,NULL,2,97,1,6,1,1,2,8,1,3,N,NULL,N,N,1727,1729,1729,N,NULL,90,,,N,,N,N,,NULL,NULL,2020,O,7.25E+11,098-CS-1223  -000,MEDIUM,098-CS-1223  -000,0.013,0,0,0,0,0,0,1,0,0,0,0,0,0,1
4792,72516875,KSP0900,20-566425,20200625,1706,,FERRELLS CREEK,,RD,US0460,US0460,0,098 US-460,US0460,N,N,NULL,NULL,NULL,N,NULL,NULL,NULL,NULL,NULL,NULL,16.596,NULL,NULL,NULL,NULL,,NULL,1,0,2,2,N,N,55,NULL,98,9822,NULL,,Y,37.35476,-82.33734,N,NULL,NULL,NULL,NULL,NULL,NULL,NULL,NULL,8,3,2,6,1,1,2,2,7,3,N,NULL,Y,Y,1714,1742,,N,NULL,53,,1,N,,N,N,098-US-0460-0,NULL,NULL,2020,C,7.25E+11,098-US-0460  -000,HIGH,098-US-0460  -000,16.596,0,0,0,0,0,0,1,0,0,0,0,1,0,0
4793,72518769,KSP0900,20-588486,20200707,1820,,US460,,,US0460,US0460,0,098 US-460,US0460,N,N,NULL,NULL,NULL,N,NULL,NULL,NULL,NULL,NULL,NULL,4.785,NULL,NULL,NULL,NULL,,NULL,1,0,2,2,N,N,55,NULL,98,9824,NULL,,Y,37.41346,-82.45106,N,NULL,NULL,NULL,NULL,NULL,NULL,NULL,NULL,5,3,2,6,1,1,3,2,7,3,N,NULL,Y,Y,1825,1830,1852,N,NULL,70,,1,N,,N,N,098-US-0460-0,NULL,NULL,2020,C,7.25E+11,098-US-0460  -000,HIGH,098-US-0460  -000,4.785,0,0,1,0,0,0,1,0,0,0,0,1,0,0
4794,72730137,KSP0900,22-51349,20220211,1622,,US460,,,US0460,US0460,0,098 US-460,US0460,N,N,NULL,NULL,NULL,N,NULL,NULL,NULL,NULL,NULL,NULL,1.937,NULL,NULL,NULL,NULL,,NULL,0,0,1,1,N,N,55,NULL,98,9801,NULL,,Y,37.43229,-82.49337,N,NULL,NULL,NULL,NULL,NULL,NULL,NULL,NULL,9,3,2,6,1,1,2,2,7,3,N,NULL,Y,N,1622,1632,1700,N,NULL,44,,1,N,,N,N,098-US-0460-0,NULL,NULL,2022,O,7.27E+11,098-US-0460  -000,HIGH,098-US-0460  -000,1.937,0,0,0,0,0,0,0,0,0,0,0,1,0,0
4795,72563809,980500,2020AR061,20201111,1644,,WEDDINGTON BRANCH,,RD,,,0,098 CS-3026,CS3026,Y,N,NULL,NULL,NULL,N,NULL,NULL,NULL,NULL,NULL,NULL,,NULL,NULL,NULL,NULL,NULL,NULL,0,0,2,2,N,N,15,NULL,98,9807,NULL,,Y,37.52553,-82.56886,N,NULL,NULL,NULL,NULL,NULL,NULL,NULL,NULL,2,97,,6,1,5,6,2,1,3,N,NULL,Y,Y,1644,1648,1648,N,NULL,90,,,N,,N,N,098-CS-3026-0,NULL,NULL,2020,O,7.26E+11,098-CS-3026  -000,HIGH,098-CS-3026  -000,0.238,0,0,0,0,0,0,1,0,0,0,0,0,0,0
4796,72784779,980100,2.02E+11,20220713,102,,HAROLDS BRANCH,,RD,,,0,098 CS-1223,CS1223,Y,N,NULL,NULL,NULL,N,NULL,NULL,NULL,NULL,NULL,NULL,0.065,NULL,NULL,NULL,NULL,,NULL,0,0,2,2,N,N,,NULL,98,9801,NULL,,Y,37.472,-82.52216,N,NULL,NULL,NULL,NULL,NULL,NULL,NULL,NULL,2,97,,6,2,1,2,5,5,3,N,NULL,Y,N,102,102,102,N,NULL,90,,,N,,N,N,098-CS-1223-0,NULL,NULL,2022,O,7.28E+11,098-CS-1223  -000,HIGH,098-CS-1223  -000,0.065,0,0,0,0,0,0,1,1,0,0,0,0,0,1
4797,72775588,KSP0900,22-236138,20220622,1845,,US119,,,US0119,US0119,0,098 US-119,US0119,N,N,NULL,NULL,NULL,N,NULL,NULL,NULL,NULL,NULL,NULL,10.509,NULL,NULL,NULL,NULL,,NULL,0,0,1,1,N,N,55,NULL,98,9820,NULL,,Y,37.58633,-82.39809,N,NULL,NULL,NULL,NULL,NULL,NULL,NULL,NULL,9,6,2,5,1,1,2,2,3,3,N,NULL,Y,Y,1845,1845,1915,N,NULL,51,2,1,N,,N,N,098-US-0119-0,NULL,NULL,2022,O,7.28E+11,098-US-0119  -000,HIGH,098-US-0119  -000,10.509,0,0,1,0,0,0,0,0,0,0,0,1,0,0
4798,72674826,KSP0900,21-395955,20210924,810,,COAL RIDGE,,RD,,,0,098 CR-1340,CR1340,N,N,NULL,NULL,NULL,N,NULL,NULL,NULL,NULL,NULL,NULL,4.443,NULL,NULL,NULL,NULL,,NULL,0,0,2,2,N,N,35,NULL,98,9850,NULL,,Y,37.5053,-82.45091,N,NULL,NULL,NULL,NULL,NULL,NULL,NULL,NULL,7,3,2,3,1,1,2,2,7,3,N,NULL,Y,N,810,945,950,N,NULL,54,,,N,,N,N,098-CR-1340-0,NULL,NULL,2021,O,7.27E+11,098-CR-1340  -000,HIGH,098-CR-1340  -000,4.443,0,0,0,0,0,0,1,0,0,0,0,1,0,0
4799,72498259,KSP0900,20-16115,20200430,1828,,US460,,,US0460,US0460,0,098 US-460,US0460,N,N,NULL,NULL,NULL,N,NULL,NULL,NULL,NULL,NULL,NULL,2.83,NULL,NULL,NULL,NULL,,NULL,2,1,2,2,N,N,45,NULL,98,9824,NULL,,Y,37.43012,-82.47855,N,NULL,NULL,NULL,NULL,NULL,NULL,NULL,NULL,1,3,2,6,1,5,6,2,7,3,Y,NULL,Y,Y,1829,1838,1934,N,NULL,55,,1,N,,N,N,098-US-0460-0,NULL,NULL,2020,K,7.25E+11,098-US-0460  -000,HIGH,098-US-0460  -000,2.83,0,0,0,0,0,0,1,1,1,1,0,0,0,0
4800,72558634,KSP0900,20-763350,20201029,2036,,KY3495,,,KY3495,KY3495,0,098 KY-3495,KY3495,N,N,NULL,NULL,NULL,N,NULL,NULL,NULL,NULL,NULL,NULL,0.6,NULL,NULL,NULL,NULL,,NULL,0,0,1,1,N,N,45,NULL,98,9801,NULL,,Y,37.4924,-82.53487,N,NULL,NULL,NULL,NULL,NULL,NULL,NULL,NULL,9,3,2,6,1,5,6,9,7,3,N,NULL,Y,Y,2038,2042,2042,N,NULL,38,17,0,N,,N,N,098-KY-3495-0,NULL,NULL,2020,O,7.26E+11,098-KY-3495  -000,HIGH,098-KY-3495  -000,0.6,0,0,0,0,0,0,0,0,0,0,0,0,0,1
4801,72537504,KSP0900,20-676122,20200831,1811,,KY194,,,KY0194,KY0194,0,098 KY-194,KY0194,N,N,NULL,NULL,NULL,N,NULL,NULL,NULL,NULL,NULL,NULL,54.806,NULL,NULL,NULL,NULL,,NULL,3,0,1,1,N,N,45,NULL,98,9804,NULL,,Y,37.51075,-82.14691,N,NULL,NULL,NULL,NULL,NULL,NULL,NULL,NULL,9,3,2,6,1,6,6,2,7,3,N,NULL,Y,Y,1811,1840,1840,N,NULL,44,8,0,N,,N,N,098-KY-0194-0,NULL,NULL,2020,C,7.25E+11,098-KY-0194  -000,HIGH,098-KY-0194  -000,54.806,0,0,0,0,0,0,1,0,0,0,0,1,0,0
4802,72577757,980100,2.02E+11,20201221,1510,,CASSIDY,,BLVD,,,0,098 CS-1191,CS1191,Y,N,NULL,NULL,NULL,N,NULL,NULL,NULL,NULL,NULL,NULL,0.218,NULL,NULL,NULL,NULL,,NULL,0,0,2,2,N,N,,NULL,98,9801,NULL,,Y,37.5042,-82.53548,N,NULL,NULL,NULL,NULL,NULL,NULL,NULL,NULL,2,97,,6,1,1,2,2,1,3,N,NULL,Y,N,1513,1515,1530,N,NULL,90,,,N,,N,N,098-CS-1191-0,NULL,NULL,2020,O,7.26E+11,098-CS-1191  -000,HIGH,098-CS-1191  -000,0.218,0,0,1,1,0,0,1,0,0,0,0,0,0,1
4803,72721795,980100,2.02E+11,20210111,1802,,PARK,,ST,,,0,098 CS-1058,CS1058,N,N,NULL,NULL,NULL,N,NULL,NULL,NULL,NULL,NULL,NULL,0.048,NULL,NULL,NULL,NULL,,NULL,0,0,2,2,N,N,5,NULL,98,9801,NULL,,Y,37.47499,-82.52245,N,NULL,NULL,NULL,NULL,NULL,NULL,NULL,NULL,2,3,1,6,1,1,2,2,6,3,N,NULL,Y,N,1756,1800,1810,N,NULL,47,,,N,,N,N,098-CS-1058-0,NULL,NULL,2021,O,7.27E+11,098-CS-1058  -000,HIGH,098-CS-1058  -000,0.048,0,0,0,0,0,0,0,0,0,0,0,0,0,1
4804,72438653,370200,2019-44852,20191115,753,,US23,,,US0023,US0023,,,,N,N,NULL,NULL,NULL,N,NULL,NULL,NULL,NULL,NULL,NULL,19.973,NULL,NULL,NULL,NULL,,NULL,0,0,2,1,N,N,55,NULL,98,9801,NULL,,Y,37.44948,-82.51158,N,NULL,NULL,NULL,NULL,NULL,NULL,NULL,NULL,5,3,4,2,1,1,3,2,7,3,N,NULL,N,N,753,753,753,N,NULL,49,,1,N,,N,N,,NULL,NULL,2019,O,7.24E+11,098-US-0023  -000,MEDIUM,098-US-0023  -000,19.973,0,0,0,1,0,0,1,0,0,0,0,0,0,1
4805,72727617,KSP0900,22-42297,20220204,1050,,FISHTRAP,,RD,KY1441,KY1441,0,098 KY-1441,KY1441,N,N,NULL,NULL,NULL,N,NULL,NULL,NULL,NULL,NULL,NULL,6.453,NULL,NULL,NULL,NULL,,NULL,0,0,2,2,Y,N,35,NULL,98,9839,NULL,,Y,37.47439,-82.42728,N,NULL,NULL,NULL,NULL,NULL,NULL,NULL,NULL,7,3,2,6,1,5,8,2,2,3,N,NULL,Y,N,1053,1125,1125,N,NULL,54,8,0,N,,N,N,098-KY-1441-0,NULL,NULL,2022,O,7.27E+11,098-KY-1441  -000,HIGH,098-KY-1441  -000,6.453,0,0,0,0,0,0,0,0,0,0,0,1,0,0
4806,72783058,KSP0900,22-263949,20220711,1758,,FERRELLS CREEK,,RD,US0460,US0460,0,098 US-460,US0460,N,N,NULL,NULL,NULL,N,NULL,NULL,NULL,NULL,NULL,NULL,16.43,NULL,NULL,NULL,NULL,,NULL,1,0,1,1,N,N,55,NULL,98,9874,NULL,,Y,37.35364,-82.34047,N,NULL,NULL,NULL,NULL,NULL,NULL,NULL,NULL,9,3,2,6,1,1,2,2,7,3,Y,NULL,N,Y,1800,1827,1827,N,NULL,44,,1,N,,N,N,098-US-0460-0,NULL,NULL,2022,C,7.28E+11,098-US-0460  -000,HIGH,098-US-0460  -000,16.43,0,0,0,0,0,0,1,0,1,0,0,1,0,0
4807,72530757,KSP0900,20-641725,20200809,1944,,US23,,,US0023,US0023,0,098 US-23,US0023,N,N,NULL,NULL,NULL,N,NULL,NULL,NULL,NULL,NULL,NULL,29.311,NULL,NULL,NULL,NULL,,NULL,0,0,2,2,N,N,45,NULL,98,9807,NULL,,Y,37.52781,-82.57465,N,NULL,NULL,NULL,NULL,NULL,NULL,NULL,NULL,5,3,6,6,1,1,2,2,1,3,N,NULL,Y,N,2006,2024,,N,NULL,49,,1,N,,N,N,098-US-0023-0,NULL,NULL,2020,O,7.25E+11,098-US-0023  -000,HIGH,098-US-0023  -000,29.311,0,0,0,1,0,0,0,0,0,0,0,0,0,0
4808,72558287,980100,2.02E+11,20201028,1330,,CASSIDY,,BLVD,,,0,098 CS-1191,CS1191,N,N,NULL,NULL,NULL,N,NULL,NULL,NULL,NULL,NULL,NULL,0.17,NULL,NULL,NULL,NULL,,NULL,1,0,2,2,N,N,35,NULL,98,9801,NULL,,Y,37.50375,-82.5348,N,NULL,NULL,NULL,NULL,NULL,NULL,NULL,NULL,8,3,4,6,1,1,3,2,7,3,Y,NULL,Y,Y,1330,1336,,N,NULL,53,,,N,,N,N,098-CS-1191-0,NULL,NULL,2020,C,7.26E+11,098-CS-1191  -000,HIGH,098-CS-1191  -000,0.17,0,0,0,1,0,0,1,0,0,0,0,1,0,1
4809,72732839,980100,2.02E+11,20220214,1449,,US23,,,US0023,US0023,0,098 US-23,US0023,N,Y,KY3218,,,N,NULL,NULL,NULL,NULL,NULL,NULL,31.602,NULL,NULL,NULL,NULL,,NULL,0,0,2,2,N,N,55,NULL,98,9801,NULL,,Y,37.53698,-82.60163,N,NULL,NULL,NULL,NULL,NULL,NULL,NULL,NULL,5,3,4,6,1,1,2,2,7,3,N,NULL,Y,N,917,917,,N,NULL,35,,1,N,,Y,N,098-US-0023-0,NULL,NULL,2022,O,7.27E+11,098-US-0023  -000,HIGH,098-US-0023  -000,31.602,0,0,1,0,0,0,1,0,0,0,1,0,0,1
4810,72767117,KSP0900,22-200224,20220529,1741,,TOLER,,RD,KY0319,KY0319,0,098 KY-319,KY0319,N,N,NULL,NULL,NULL,N,NULL,NULL,NULL,NULL,NULL,NULL,5.695,NULL,NULL,NULL,NULL,,NULL,0,0,1,1,N,N,45,NULL,98,9842,NULL,,Y,37.62868,-82.24858,N,NULL,NULL,NULL,NULL,NULL,NULL,NULL,NULL,9,5,2,6,1,1,2,2,7,3,N,NULL,Y,N,1810,1824,1824,N,NULL,44,7,0,N,,N,N,098-KY-0319-0,NULL,NULL,2022,O,7.28E+11,098-KY-0319  -000,HIGH,098-KY-0319  -000,5.695,0,0,0,1,0,0,0,0,0,0,0,1,0,0
4811,72825585,980100,2.02E+11,20221106,342,,CHLOE,,RD,KY1460,KY1460,0,098 KY-1460,KY1460,N,N,NULL,NULL,NULL,N,NULL,NULL,NULL,NULL,NULL,NULL,4.775,NULL,NULL,NULL,NULL,,NULL,0,0,1,1,N,N,45,NULL,98,9801,NULL,,Y,37.47806,-82.51073,N,NULL,NULL,NULL,NULL,NULL,NULL,NULL,NULL,9,6,2,6,1,1,2,6,7,3,N,NULL,Y,N,342,345,413,Y,NULL,44,,0,Y,,N,N,098-KY-1460-0,NULL,NULL,2022,O,7.28E+11,098-KY-1460  -000,HIGH,098-KY-1460  -000,4.775,0,0,0,0,0,0,1,0,1,0,0,1,0,1
4812,72481366,KSP0900,20-7617,20200227,812,,KY122,,,KY0122,KY0122,0,098 KY-122,KY0122,N,N,NULL,NULL,NULL,N,NULL,NULL,NULL,NULL,NULL,NULL,3.804,NULL,NULL,NULL,NULL,,NULL,0,0,2,2,N,N,55,NULL,98,9827,NULL,,Y,37.33904,-82.60992,N,NULL,NULL,NULL,NULL,NULL,NULL,NULL,NULL,7,3,2,6,1,2,3,2,7,3,N,NULL,Y,N,812,843,915,N,NULL,54,,0,N,,N,N,098-KY-0122-0,NULL,NULL,2020,O,7.25E+11,098-KY-0122  -000,HIGH,098-KY-0122  -000,3.804,0,0,0,0,0,0,0,1,0,0,0,1,0,0
4813,72640794,KSP0900,21-262143,20210625,1942,,CHLOE,,RD,KY1460,KY1460,0,098 KY-1460,KY1460,N,N,NULL,NULL,NULL,N,NULL,NULL,NULL,NULL,NULL,NULL,1.636,NULL,NULL,NULL,NULL,,NULL,0,0,2,2,N,N,45,NULL,98,9801,NULL,,Y,37.45352,-82.47704,N,NULL,NULL,NULL,NULL,NULL,NULL,NULL,NULL,3,3,2,4,1,1,2,2,7,3,Y,NULL,N,Y,1900,1926,1940,N,NULL,52,,0,N,,N,N,098-KY-1460-0,NULL,NULL,2021,O,7.26E+11,098-KY-1460  -000,HIGH,098-KY-1460  -000,1.636,0,0,0,0,0,0,0,0,0,0,0,1,0,0