OBJECTID,MasterFile,AgencyORINumber,LocalCode,CollisionDate,CollisionTime,CollisionDayWeekCode,RoadwayName,RoadwayName_Direction_,RoadwayName_RoadwaySuffix_,RoadwayfromReport,CurrentRoadwayNumber,RoadwayNumberCoupletID,RSEUniqueGIS,RoadwayIdentifier,ParkingLotIndicator,IntersectionWith_Indicator_,IntersectionWith_NameRoadway_,IntersectionWith_Direction_,IntersectionWith_RoadwaySuffix_,BetweenStreets_Indicator_,BetweenStreets1_NameRoadway_,BetweenStreet1_Direction_,BetweenStreets1_RoadwaySuffix_,BetweenStreets2_NameRoadway_,BetweenStreets2_Direction_,BetweenStreets2_RoadwaySuffix_,Milepoint,ReportMilepointDeriveNumber,CurrentDerivedMiepointNumber,MilestoMilepoint,FeettoMilepoint,DirectionfromMilepoint_NSEW_,ValidMilepointIndicator,NumberInjured,NumberKilled,ofUnits,ofMotorVehicleUnits,Hit&RunIndicator,OneWayIndicator,SpeedLimitNumber,KilometersIndicator,CountyCode,CityCountyCode,MilesFromCity,DirectionFromCity_NSEW_,InCityLimitsIndicator,Latitude,Longitude,RampIndicator,RampFromIdentifier,RampFromDirCode,RampFromCoupletID,RSEUniqueGISRampFrom,RampToidentifier,RampToDirCode,RampToCoupletID,RSEUniqueGisRampTo,MannerofCollisionCode,LocationFirstEventCode,TotalLanes,RoadwayCharacterCode,RoadwaySurfaceCode,RoadwayConditionCode,WeatherCode,LightConditionCode,LandUseCode,SchoolBusRelatedCode,FirstAidSceneIndicator,CollDescPresentInd,InvestigationCompleteIndicator,PhotosTakenIndicator,TimeNotified,TimeArrived,TimeRoadwayOpened,PropertyDamageIndicator,DiagramPresentIndicator,DirectionalAnalysis,FunctionClassCode,NationalHwySysCode,EnforcementsIndicator,KARSCityCode,SecondaryCollisionIndicator,MedianCrossoverIndicator,RT_UNIQUE,MapIt,TimeLastLeft,YR,KABCO,MFNY,WorkingRID,RT_CONFIDENCE,KTC_RT,KTC_MP,Motorcyclist,Commercial Vehicle,Young Driver,Mature Driver,Pedestrian,Bicyclist,Distracted,Aggressive,Impaired,Unrestrained,Intersection,Roadway Departure,Median Cross-over,City Crash
4814,72803453,980100,2.02E+11,20220910,828,,HUFFMAN,,AVE,,,,,,Y,N,NULL,NULL,NULL,N,NULL,NULL,NULL,NULL,NULL,NULL,0.189,NULL,NULL,NULL,NULL,,NULL,0,0,2,2,Y,Y,15,NULL,98,9801,NULL,,Y,37.47852,-82.52001,N,NULL,NULL,NULL,NULL,NULL,NULL,NULL,NULL,2,7,,6,2,1,2,5,1,3,N,NULL,Y,N,828,832,839,N,NULL,90,,,N,,N,N,,NULL,NULL,2022,O,7.28E+11,098-CS-1123  -000,MEDIUM,098-CS-1123  -000,0.189,0,0,0,0,0,0,0,0,0,0,0,0,0,1
4815,72459581,KSP0900,19-49737,20191221,2032,,US460,,,US0460,US0460,0,098 US-460,US0460,N,N,NULL,NULL,NULL,N,NULL,NULL,NULL,NULL,NULL,NULL,3.121,NULL,NULL,NULL,NULL,,NULL,0,0,1,1,N,N,55,NULL,98,9801,NULL,,Y,37.42756,-82.47443,N,NULL,NULL,NULL,NULL,NULL,NULL,NULL,NULL,9,3,2,6,1,1,2,5,7,3,N,NULL,N,N,2032,2041,,N,NULL,38,,1,N,,N,N,098-US-0460-0,NULL,NULL,2019,O,7.25E+11,098-US-0460  -000,HIGH,098-US-0460  -000,3.121,0,0,0,0,0,0,0,0,0,0,0,0,0,0
4816,72587678,980500,2021AR004,20210122,2009,,US 23 NORTH,,,,,,,,N,N,NULL,NULL,NULL,N,NULL,NULL,NULL,NULL,NULL,NULL,,NULL,NULL,NULL,NULL,NULL,NULL,0,0,2,2,N,N,45,NULL,98,9807,NULL,,Y,37.52789,-82.57464,N,NULL,NULL,NULL,NULL,NULL,NULL,NULL,NULL,5,3,6,6,1,1,2,5,7,3,N,NULL,Y,Y,2000,2000,2009,N,NULL,49,,,N,,N,N,,NULL,NULL,2021,O,7.26E+11,098-US-0023  -000,MEDIUM,098-US-0023  -000,29.316,0,0,0,0,0,0,1,1,0,0,0,0,0,0
4817,72545732,980100,2.02E+11,20200921,1540,,BOWLES PARK,,DR,,,0,098 CS-1097,CS1097,Y,N,NULL,NULL,NULL,N,NULL,NULL,NULL,NULL,NULL,NULL,0.059,NULL,NULL,NULL,NULL,,NULL,0,0,1,1,N,N,15,NULL,98,9801,NULL,,Y,37.4838,-82.5395,N,NULL,NULL,NULL,NULL,NULL,NULL,NULL,NULL,9,97,,6,1,1,2,2,6,3,N,NULL,Y,N,1540,1544,,N,NULL,90,,,Y,,N,N,098-CS-1097-0,NULL,NULL,2020,O,7.25E+11,098-CS-1097  -000,HIGH,098-CS-1097  -000,0.059,0,0,0,0,0,0,1,0,1,1,0,1,0,0
4818,72749090,KSP0900,22-129280,20220410,1047,,BOWENS,,RD,,,0,098 CR-1202Q3,CR1202Q3,N,N,NULL,NULL,NULL,N,NULL,NULL,NULL,NULL,NULL,NULL,0.214,NULL,NULL,NULL,NULL,,NULL,2,0,1,1,N,N,35,NULL,98,9835,NULL,,Y,37.27592,-82.48162,N,NULL,NULL,NULL,NULL,NULL,NULL,NULL,NULL,9,5,2,6,1,1,2,2,6,3,Y,NULL,Y,Y,1047,1103,1230,N,NULL,51,,,N,,N,N,098-CR-1202Q3-0,NULL,NULL,2022,A,7.27E+11,098-CR-1202Q3-000,HIGH,098-CR-1202Q3-000,0.214,0,0,0,0,0,0,0,0,0,0,0,1,0,0
4819,72539001,KSP0900,20-662337,20200822,2000,,US23,,,US0023,US0023,0,098 US-23-10,US0023,N,N,NULL,NULL,NULL,N,NULL,NULL,NULL,NULL,NULL,NULL,29.195,NULL,NULL,NULL,NULL,,NULL,0,0,1,1,N,N,45,NULL,98,9807,NULL,,Y,37.52656,-82.57439,N,NULL,NULL,NULL,NULL,NULL,NULL,NULL,NULL,9,97,6,6,1,5,3,5,7,3,N,NULL,Y,N,2000,2130,,N,NULL,40,,1,N,,N,N,098-US-0023-10,NULL,NULL,2020,O,7.25E+11,098-US-0023  -010,HIGH,098-US-0023  -000,29.195,0,0,0,0,0,0,0,0,0,0,0,1,0,0
4820,72495216,980100,2.02E+11,20200410,1303,,HUFFMAN,,AVE,,,,,,N,Y,BYPASS,S,RD,N,NULL,NULL,NULL,NULL,NULL,NULL,,NULL,NULL,NULL,NULL,,NULL,1,0,2,2,N,N,45,NULL,98,9801,NULL,,Y,37.47689,-82.51707,N,NULL,NULL,NULL,NULL,NULL,NULL,NULL,NULL,1,3,2,6,1,1,2,2,7,3,Y,NULL,Y,Y,1303,1305,1420,N,NULL,8,,,N,,N,N,,NULL,NULL,2020,C,7.25E+11,098-CS-1123  -000,MEDIUM,098-CS-1123  -000,6.117,0,0,0,0,0,0,1,1,0,0,1,0,0,0
4821,72656218,KSP0900,21-329558,20210808,1835,,US460,,,US0460,US0460,0,098 US-460,US0460,N,N,NULL,NULL,NULL,N,NULL,NULL,NULL,NULL,NULL,NULL,4.594,NULL,NULL,NULL,NULL,,NULL,2,0,1,1,N,N,45,NULL,98,9801,NULL,,Y,37.41582,-82.45267,N,NULL,NULL,NULL,NULL,NULL,NULL,NULL,NULL,9,4,2,6,1,1,2,2,7,3,Y,NULL,Y,Y,1837,1840,,Y,NULL,51,,1,N,,N,N,098-US-0460-0,NULL,NULL,2021,B,7.27E+11,098-US-0460  -000,HIGH,098-US-0460  -000,4.594,0,0,0,0,0,0,0,0,0,0,0,1,0,0
4822,72610972,980100,2.02E+11,20210405,2052,,HAMBLEY,,BLVD,,,,,,N,N,NULL,NULL,NULL,N,NULL,NULL,NULL,NULL,NULL,NULL,,NULL,NULL,NULL,NULL,NULL,NULL,3,0,2,2,N,N,45,NULL,98,9801,NULL,,Y,37.47929,-82.54307,N,NULL,NULL,NULL,NULL,NULL,NULL,NULL,NULL,3,3,4,6,1,1,2,1,1,3,Y,NULL,Y,Y,2054,2055,2139,N,NULL,52,,,Y,,N,N,,NULL,NULL,2021,B,7.26E+11,098-KY-1384  -000,MEDIUM,098-KY-1384  -000,6.795,0,0,1,0,0,0,0,1,0,0,0,1,0,1
4823,72509777,980100,2.02E+11,20200605,2037,,KY3496,,,KY3496,KY3496,0,098 KY-3496,KY3496,N,N,NULL,NULL,NULL,N,NULL,NULL,NULL,NULL,NULL,NULL,0.453,NULL,NULL,NULL,NULL,,NULL,2,0,2,2,N,N,35,NULL,98,9801,NULL,,Y,37.46946,-82.5338,N,NULL,NULL,NULL,NULL,NULL,NULL,NULL,NULL,1,3,2,6,1,1,2,2,1,3,Y,NULL,Y,Y,2040,2044,2107,N,NULL,55,16,0,N,,N,N,098-KY-3496-0,NULL,NULL,2020,C,7.25E+11,098-KY-3496  -000,HIGH,098-KY-3496  -000,0.453,0,0,1,1,0,0,0,1,0,0,0,0,0,1
4824,72636557,KSP0900,21-240975,20210612,1300,,US23,,,US0023,US0023,0,098 US-23-10,US0023,Y,N,NULL,NULL,NULL,N,NULL,NULL,NULL,NULL,NULL,NULL,32.063,NULL,NULL,NULL,NULL,,NULL,0,0,2,2,N,N,15,NULL,98,9801,NULL,,Y,37.53745,-82.61088,N,NULL,NULL,NULL,NULL,NULL,NULL,NULL,NULL,7,97,1,6,3,1,2,2,1,3,N,NULL,Y,N,1310,1342,1300,N,NULL,90,,1,N,,N,N,098-US-0023-10,NULL,NULL,2021,O,7.26E+11,098-US-0023  -010,HIGH,098-US-0023  -000,32.063,0,0,0,0,0,0,1,0,0,0,0,0,0,1
4825,72546021,KSP0900,20-696040,20200913,125,,KY195,,,KY0195,KY0195,0,098 KY-195,KY0195,N,N,NULL,NULL,NULL,N,NULL,NULL,NULL,NULL,NULL,NULL,7.406,NULL,NULL,NULL,NULL,,NULL,0,0,1,1,N,N,35,NULL,98,9830,NULL,,Y,37.32851,-82.44404,N,NULL,NULL,NULL,NULL,NULL,NULL,NULL,NULL,9,3,2,3,1,1,2,6,7,3,N,NULL,Y,N,131,148,,N,NULL,44,7,0,N,,N,N,098-KY-0195-0,NULL,NULL,2020,O,7.25E+11,098-KY-0195  -000,HIGH,098-KY-0195  -000,7.406,0,0,0,0,0,0,1,1,0,0,0,1,0,0
4826,72783027,KSP0900,2022-00248103,20220701,436,,US119,,,US0119,US0119,0,098 US-119,US0119,N,N,NULL,NULL,NULL,N,NULL,NULL,NULL,NULL,NULL,NULL,9.577,NULL,NULL,NULL,NULL,,NULL,0,0,1,1,N,N,55,NULL,98,9820,NULL,,Y,37.57846,-82.41154,N,NULL,NULL,NULL,NULL,NULL,NULL,NULL,NULL,9,3,2,6,1,1,3,6,7,3,N,NULL,Y,Y,436,501,,N,NULL,38,2,1,N,,N,N,098-US-0119-0,NULL,NULL,2022,O,7.28E+11,098-US-0119  -000,HIGH,098-US-0119  -000,9.577,0,0,0,0,0,0,0,0,0,0,0,0,0,0
4827,72574466,980100,2.02E+11,20201212,1515,,KY3496,,,KY3496,KY3496,,,,N,N,NULL,NULL,NULL,N,NULL,NULL,NULL,NULL,NULL,NULL,0.106,NULL,NULL,NULL,NULL,,NULL,3,0,2,2,N,N,35,NULL,98,9801,NULL,,Y,37.46598,-82.52962,N,NULL,NULL,NULL,NULL,NULL,NULL,NULL,NULL,1,3,2,6,1,5,6,2,1,3,N,NULL,Y,Y,1515,1522,,Y,NULL,55,16,0,N,,N,N,,NULL,NULL,2020,B,7.26E+11,098-KY-3496  -000,HIGH,098-KY-3496  -000,0.106,0,0,0,1,0,0,1,1,0,0,0,1,0,1
4828,72776079,980500,2022AR028,20220624,1018,,MAIN,,ST,,,0,098 CS-3000,CS3000,Y,N,NULL,NULL,NULL,N,NULL,NULL,NULL,NULL,NULL,NULL,,NULL,NULL,NULL,NULL,NULL,NULL,0,0,2,2,N,N,10,NULL,98,9807,NULL,,Y,37.51901,-82.56673,N,NULL,NULL,NULL,NULL,NULL,NULL,NULL,NULL,8,97,,5,1,1,2,2,1,3,N,NULL,Y,Y,1032,1035,1035,N,NULL,90,,,N,,N,N,098-CS-3000-0,NULL,NULL,2022,O,7.28E+11,098-CS-3000  -000,HIGH,098-CS-3000  -000,0.479,0,0,0,0,0,0,1,0,0,0,0,0,0,0
4829,72565842,KSP0900,20-786571,20201114,450,,KY80,,,KY0080,KY0080,0,098 KY-80,KY0080,N,N,NULL,NULL,NULL,N,NULL,NULL,NULL,NULL,NULL,NULL,5.109,NULL,NULL,NULL,NULL,,NULL,0,0,1,1,N,N,55,NULL,98,9802,NULL,,Y,37.29557,-82.32668,N,NULL,NULL,NULL,NULL,NULL,NULL,NULL,NULL,9,3,2,3,1,1,3,6,7,3,N,NULL,Y,N,450,530,620,N,NULL,40,7,0,N,,N,N,098-KY-0080-0,NULL,NULL,2020,O,7.26E+11,098-KY-0080  -000,HIGH,098-KY-0080  -000,5.109,0,0,0,0,0,0,0,0,0,0,0,1,0,0
4830,72489060,980100,2.02E+11,20200311,1915,,CASSIDY,,BLVD,,,,,,Y,N,NULL,NULL,NULL,N,NULL,NULL,NULL,NULL,NULL,NULL,0.329,NULL,NULL,NULL,NULL,,NULL,0,0,2,2,N,Y,,NULL,98,9801,NULL,,Y,37.50522,-82.53745,N,NULL,NULL,NULL,NULL,NULL,NULL,NULL,NULL,2,97,1,6,1,1,2,3,1,1,N,NULL,Y,N,1918,1927,,N,NULL,90,,,N,,N,N,,NULL,NULL,2020,O,7.25E+11,098-CS-1191  -000,MEDIUM,098-CS-1191  -000,0.329,0,0,0,0,0,0,1,0,0,0,0,0,0,1
4831,72511254,980100,2.02E+11,20200615,840,,US23,,,US0023,US0023,0,098 US-23,US0023,N,N,NULL,NULL,NULL,N,NULL,NULL,NULL,NULL,NULL,NULL,21.404,NULL,NULL,NULL,NULL,,NULL,0,0,2,2,N,N,55,NULL,98,9801,NULL,,Y,37.45056,-82.52413,N,NULL,NULL,NULL,NULL,NULL,NULL,NULL,NULL,5,3,4,6,1,1,2,2,1,3,N,NULL,Y,N,840,847,840,N,NULL,49,,1,Y,,N,N,098-US-0023-0,NULL,NULL,2020,O,7.25E+11,098-US-0023  -000,HIGH,098-US-0023  -000,21.404,0,0,0,0,0,0,1,0,0,0,0,0,0,1
4832,72550028,KSP0900,20-713847,20200925,1354,,US119,,,US0119,US0119,0,098 US-119,US0119,N,N,NULL,NULL,NULL,N,NULL,NULL,NULL,NULL,NULL,NULL,18.909,NULL,NULL,NULL,NULL,,NULL,1,0,2,2,N,N,55,NULL,98,9814,NULL,,Y,37.60051,-82.27587,N,NULL,NULL,NULL,NULL,NULL,NULL,NULL,NULL,1,3,4,6,1,1,2,2,7,3,Y,NULL,Y,Y,1354,1405,1430,N,NULL,55,2,1,N,,N,N,098-US-0119-0,NULL,NULL,2020,C,7.26E+11,098-US-0119  -000,HIGH,098-US-0119  -000,18.909,0,0,0,0,0,0,1,1,0,0,0,0,0,0
4833,72616973,980100,2.02E+11,20210423,1651,,BAIRD,,AVE,KY1426,KY1426,0,098 KY-1426,KY1426,Y,N,NULL,NULL,NULL,N,NULL,NULL,NULL,NULL,NULL,NULL,5.388,NULL,NULL,NULL,NULL,,NULL,0,0,2,2,N,N,15,NULL,98,9801,NULL,,Y,37.47299,-82.52706,N,NULL,NULL,NULL,NULL,NULL,NULL,NULL,NULL,5,97,2,6,1,1,3,2,1,3,N,NULL,Y,N,1651,1654,1654,N,NULL,90,,0,N,,N,N,098-KY-1426-0,NULL,NULL,2021,O,7.26E+11,098-KY-1426  -000,HIGH,098-KY-1426  -000,5.388,0,0,0,1,0,0,0,0,0,0,0,0,0,1
4834,72725809,KSP0900,21-026747,20220122,1450,,US460,,,US0460,US0460,0,098 US-460,US0460,N,N,NULL,NULL,NULL,N,NULL,NULL,NULL,NULL,NULL,NULL,12.919,NULL,NULL,NULL,NULL,,NULL,0,0,3,3,N,N,55,NULL,98,9874,NULL,,Y,37.33756,-82.39326,N,NULL,NULL,NULL,NULL,NULL,NULL,NULL,NULL,5,3,2,4,1,1,2,2,7,3,N,NULL,Y,N,1434,1451,1530,N,NULL,49,,1,N,,N,N,098-US-0460-0,NULL,NULL,2022,O,7.27E+11,098-US-0460  -000,HIGH,098-US-0460  -000,12.919,0,0,0,0,0,0,0,0,1,0,0,1,0,0
4835,72543771,980100,2.02E+11,20200917,944,,US119,N,,,,,,,N,N,NULL,NULL,NULL,N,NULL,NULL,NULL,NULL,NULL,NULL,,NULL,NULL,NULL,NULL,NULL,NULL,0,0,2,2,N,N,55,NULL,98,9801,NULL,,Y,37.50378,-82.53212,N,NULL,NULL,NULL,NULL,NULL,NULL,NULL,NULL,8,3,2,3,1,5,3,2,1,3,N,NULL,Y,N,944,958,1001,N,NULL,53,,,N,,N,N,,NULL,NULL,2020,O,7.25E+11,098-US-0119  -010,MEDIUM,098-US-0119  -000,0.002,0,1,0,0,0,0,0,0,0,0,0,1,0,1
4836,72669035,980100,2.02E+11,20210910,1345,,CASSIDY,,BLVD,,,0,098 CS-1191,CS1191,Y,N,NULL,NULL,NULL,N,NULL,NULL,NULL,NULL,NULL,NULL,0.043,NULL,NULL,NULL,NULL,,NULL,0,0,2,2,N,N,,NULL,98,9801,NULL,,Y,37.5037,-82.53287,N,NULL,NULL,NULL,NULL,NULL,NULL,NULL,NULL,2,97,1,6,1,1,2,2,1,3,N,NULL,Y,N,1345,1353,1354,N,NULL,90,,,N,,N,N,098-CS-1191-0,NULL,NULL,2021,O,7.27E+11,098-CS-1191  -000,HIGH,098-CS-1191  -000,0.043,0,0,0,0,0,0,1,0,0,0,0,0,0,1
4837,72488001,KSP0900,20-8938,20200308,1620,,BEAVER CK,,RD,KY1373,KY1373,0,098 KY-1373,KY1373,N,N,NULL,NULL,NULL,N,NULL,NULL,NULL,NULL,NULL,NULL,4.886,NULL,NULL,NULL,NULL,,NULL,1,0,1,1,N,N,45,NULL,98,9802,NULL,,Y,37.35007,-82.30138,N,NULL,NULL,NULL,NULL,NULL,NULL,NULL,NULL,9,6,1,4,3,1,2,2,7,1,Y,NULL,N,Y,1620,1629,1629,N,NULL,51,8,0,N,,N,N,098-KY-1373-0,NULL,NULL,2020,C,7.25E+11,098-KY-1373  -000,HIGH,098-KY-1373  -000,4.886,0,0,0,0,0,0,0,0,0,0,0,1,0,0
4838,72570852,370200,2020-782239,20201111,1328,,US119,,,US0119,US0119,0,098 US-119,US0119,N,N,NULL,NULL,NULL,N,NULL,NULL,NULL,NULL,NULL,NULL,23.501,NULL,NULL,NULL,NULL,,NULL,3,0,3,3,N,N,55,NULL,98,9836,NULL,,Y,37.64826,-82.2675,N,NULL,NULL,NULL,NULL,NULL,NULL,NULL,NULL,5,3,4,6,1,5,6,2,7,3,Y,NULL,Y,Y,1327,1407,1407,N,NULL,70,2,1,Y,,N,N,098-US-0119-0,NULL,NULL,2020,C,7.26E+11,098-US-0119  -000,HIGH,098-US-0119  -000,23.501,0,0,0,0,0,0,0,0,0,0,0,0,0,0
4839,72571961,980100,2.02E+11,20201204,1531,,US23,,,US0023,US0023,,,,N,N,NULL,NULL,NULL,N,NULL,NULL,NULL,NULL,NULL,NULL,26.21,NULL,NULL,NULL,NULL,,NULL,1,0,1,1,N,N,55,NULL,98,9801,NULL,,Y,37.50262,-82.53222,N,NULL,NULL,NULL,NULL,NULL,NULL,NULL,NULL,9,5,5,6,1,5,6,2,7,3,N,NULL,Y,Y,1533,1539,,Y,NULL,40,,1,N,,N,N,,NULL,NULL,2020,C,7.26E+11,098-US-0023  -000,MEDIUM,098-US-0023  -000,26.21,0,0,0,0,0,0,0,0,0,0,0,1,0,1
4840,72546170,KSP0900,20-707523,20200920,2028,,ROCKY,,RD,,,0,098 CR-1212,CR1212,N,N,NULL,NULL,NULL,N,NULL,NULL,NULL,NULL,NULL,NULL,0.985,NULL,NULL,NULL,NULL,,NULL,0,0,1,1,N,N,25,NULL,98,9801,NULL,,Y,37.41241,-82.42513,N,NULL,NULL,NULL,NULL,NULL,NULL,NULL,NULL,9,3,2,6,1,1,2,6,7,3,N,NULL,Y,N,2028,2110,2110,N,NULL,44,,,N,,N,N,098-CR-1212-0,NULL,NULL,2020,O,7.25E+11,098-CR-1212  -000,HIGH,098-CR-1212  -000,0.985,0,0,0,0,0,0,0,0,0,0,0,1,0,0
4841,72713832,KSP0900,21-508497,20211214,1547,,LICK,,BR,,,0,098 CR-1261,CR1261,N,N,NULL,NULL,NULL,N,NULL,NULL,NULL,NULL,NULL,NULL,0.14,NULL,NULL,NULL,NULL,,NULL,0,0,2,2,N,N,15,NULL,98,9824,NULL,,Y,37.41482,-82.48711,N,NULL,NULL,NULL,NULL,NULL,NULL,NULL,NULL,2,3,1,4,1,5,2,2,7,3,N,NULL,Y,N,1602,1622,,N,NULL,56,,,N,,N,N,098-CR-1261-0,NULL,NULL,2021,O,7.27E+11,098-CR-1261  -000,HIGH,098-CR-1261  -000,0.14,0,0,0,1,0,0,1,0,0,0,0,0,0,0
4842,72741576,980100,2.02E+11,20220316,2220,,US23,,,US0023,US0023,0,098 US-23-10,US0023,N,N,NULL,NULL,NULL,N,NULL,NULL,NULL,NULL,NULL,NULL,31.345,NULL,NULL,NULL,NULL,,NULL,0,0,1,1,N,N,55,NULL,98,9801,NULL,,Y,37.53633,-82.59692,N,NULL,NULL,NULL,NULL,NULL,NULL,NULL,NULL,9,6,4,3,1,1,2,6,7,3,N,NULL,Y,N,2220,2227,2227,N,NULL,40,,1,N,,N,N,098-US-0023-10,NULL,NULL,2022,O,7.27E+11,098-US-0023  -010,HIGH,098-US-0023  -000,31.345,0,0,0,0,0,0,0,0,0,0,0,1,0,1
4843,72615133,980100,2.02E+11,20210411,2200,,MAYO,S,TRL,,,,,,Y,N,NULL,NULL,NULL,N,NULL,NULL,NULL,NULL,NULL,NULL,,NULL,NULL,NULL,NULL,NULL,NULL,0,0,2,2,N,N,15,NULL,98,9801,NULL,,Y,37.4723,-82.53213,N,NULL,NULL,NULL,NULL,NULL,NULL,NULL,NULL,2,97,,6,1,1,3,5,1,3,N,NULL,Y,N,1000,1000,,N,NULL,90,,,N,,N,N,,NULL,NULL,2021,O,7.26E+11,098-KY-3496  -000,MEDIUM,098-KY-3496  -000,0.672,0,0,0,0,0,0,1,0,0,0,0,0,0,1
4844,72471984,980100,2.02E+11,20200204,1951,,MAYO,S,TRL,KY3496,KY3496,0,098 KY-3496,KY3496,Y,N,NULL,NULL,NULL,N,NULL,NULL,NULL,NULL,NULL,NULL,0.588,NULL,NULL,NULL,NULL,,NULL,0,0,2,2,N,N,15,NULL,98,9801,NULL,,Y,37.47129,-82.5332,N,NULL,NULL,NULL,NULL,NULL,NULL,NULL,NULL,5,97,2,6,1,5,6,5,1,3,N,NULL,Y,N,1951,1956,1958,N,NULL,90,16,0,N,,N,N,098-KY-3496-0,NULL,NULL,2020,O,7.25E+11,098-KY-3496  -000,HIGH,098-KY-3496  -000,0.588,0,0,0,0,0,0,0,0,0,0,0,0,0,1
4845,72479810,KSP0900,20-6707,20200220,820,,TAYLOR,,RD,,,0,098 CR-1479,CR1479,N,N,NULL,NULL,NULL,N,NULL,NULL,NULL,NULL,NULL,NULL,0.42,NULL,NULL,NULL,NULL,,NULL,1,0,2,1,N,N,35,NULL,98,9828,NULL,,Y,37.52359,-82.4805,N,NULL,NULL,NULL,NULL,NULL,NULL,NULL,NULL,9,97,1,4,1,1,3,2,5,3,Y,NULL,Y,N,820,900,900,N,NULL,40,,,N,,N,N,098-CR-1479-0,NULL,NULL,2020,A,7.25E+11,098-CR-1479  -000,HIGH,098-CR-1479  -000,0.42,0,0,0,0,1,0,0,0,0,0,0,1,0,0
4846,72771389,980100,2.02E+11,20220609,1640,,CASSIDY,,BLVD,,,0,098 CS-1191,CS1191,Y,N,NULL,NULL,NULL,N,NULL,NULL,NULL,NULL,NULL,NULL,0.281,NULL,NULL,NULL,NULL,,NULL,0,0,2,2,N,N,,NULL,98,9801,NULL,,Y,37.50486,-82.53646,N,NULL,NULL,NULL,NULL,NULL,NULL,NULL,NULL,2,97,,6,1,1,2,2,1,3,N,NULL,Y,N,1640,1649,,N,NULL,90,,,N,,N,N,098-CS-1191-0,NULL,NULL,2022,O,7.28E+11,098-CS-1191  -000,HIGH,098-CS-1191  -000,0.281,0,0,1,0,0,0,0,0,0,0,0,0,0,1
4847,72673382,KSP0900,21-391840,20210921,935,,KY194,,,KY0194,KY0194,0,098 KY-194,KY0194,N,N,NULL,NULL,NULL,N,NULL,NULL,NULL,NULL,NULL,NULL,24.698,NULL,NULL,NULL,NULL,,NULL,1,0,1,1,N,N,55,NULL,98,9817,NULL,,Y,37.52036,-82.3636,N,NULL,NULL,NULL,NULL,NULL,NULL,NULL,NULL,9,5,2,6,1,5,6,2,7,3,N,NULL,Y,N,935,1015,1015,N,NULL,44,6,0,N,,N,N,098-KY-0194-0,NULL,NULL,2021,C,7.27E+11,098-KY-0194  -000,HIGH,098-KY-0194  -000,24.698,0,0,0,0,0,0,0,0,0,0,0,1,0,0
4848,72759810,KSP0900,22-170009,20220508,1707,,VIRGINIA,,AVE,,,0,098 CR-1035K,CR1035K,Y,N,NULL,NULL,NULL,N,NULL,NULL,NULL,NULL,NULL,NULL,0.052,NULL,NULL,NULL,NULL,,NULL,0,0,2,2,N,N,,NULL,98,9834,NULL,,Y,37.67255,-82.28238,N,NULL,NULL,NULL,NULL,NULL,NULL,NULL,NULL,2,97,,6,1,1,2,2,1,3,N,NULL,Y,N,1804,1809,1815,N,NULL,90,,,N,,N,N,098-CR-1035K-0,NULL,NULL,2022,O,7.28E+11,098-CR-1035K -000,HIGH,098-CR-1035K -000,0.052,0,0,0,0,0,0,1,0,0,0,0,0,0,0
4849,72635485,KSP0900,21-238367,20210610,2043,,FEDSCREEK,,RD,KY0366,KY0366,0,098 KY-366,KY0366,Y,N,NULL,NULL,NULL,N,NULL,NULL,NULL,NULL,NULL,NULL,3.056,NULL,NULL,NULL,NULL,,NULL,0,0,2,2,N,N,,NULL,98,9839,NULL,,Y,37.40013,-82.20699,N,NULL,NULL,NULL,NULL,NULL,NULL,NULL,NULL,2,97,1,4,1,1,2,3,5,3,N,NULL,Y,N,2045,2105,,N,NULL,90,9,0,Y,,N,N,098-KY-0366-0,NULL,NULL,2021,O,7.26E+11,098-KY-0366  -000,HIGH,098-KY-0366  -000,3.056,0,0,0,0,0,0,1,0,0,0,0,0,0,0
4850,72458607,980100,2.02E+11,20191227,1253,,KY1426,,,KY1426,KY1426,,,,N,Y,CHLOE,,RD,N,NULL,NULL,NULL,NULL,NULL,NULL,6.19,NULL,NULL,NULL,NULL,,NULL,2,0,2,2,N,N,45,NULL,98,9801,NULL,,Y,37.47765,-82.51628,N,NULL,NULL,NULL,NULL,NULL,NULL,NULL,NULL,8,3,3,6,1,5,3,2,7,3,Y,NULL,Y,Y,1254,1258,,N,NULL,19,,0,Y,,N,N,,NULL,NULL,2019,C,7.25E+11,098-KY-1426  -000,HIGH,098-KY-1426  -000,6.19,0,0,0,0,0,0,1,0,1,0,1,0,0,1
4851,72746850,KSP0900,22-94015,20220315,800,,WILLIAMSON,,RD,KY0292,KY0292,0,098 KY-292,KY0292,N,N,NULL,NULL,NULL,N,NULL,NULL,NULL,NULL,NULL,NULL,7.06,NULL,NULL,NULL,NULL,,NULL,0,0,1,1,N,N,45,NULL,98,9826,NULL,,Y,37.67681,-82.30511,N,NULL,NULL,NULL,NULL,NULL,NULL,NULL,NULL,9,3,2,4,1,1,3,2,7,3,Y,NULL,Y,N,802,814,930,Y,NULL,70,7,0,N,,N,N,098-KY-0292-0,NULL,NULL,2022,O,7.27E+11,098-KY-0292  -000,HIGH,098-KY-0292  -000,7.06,0,0,0,1,0,0,1,0,0,0,0,1,0,0