OBJECTID,MasterFile,AgencyORINumber,LocalCode,CollisionDate,CollisionTime,CollisionDayWeekCode,RoadwayName,RoadwayName_Direction_,RoadwayName_RoadwaySuffix_,RoadwayfromReport,CurrentRoadwayNumber,RoadwayNumberCoupletID,RSEUniqueGIS,RoadwayIdentifier,ParkingLotIndicator,IntersectionWith_Indicator_,IntersectionWith_NameRoadway_,IntersectionWith_Direction_,IntersectionWith_RoadwaySuffix_,BetweenStreets_Indicator_,BetweenStreets1_NameRoadway_,BetweenStreet1_Direction_,BetweenStreets1_RoadwaySuffix_,BetweenStreets2_NameRoadway_,BetweenStreets2_Direction_,BetweenStreets2_RoadwaySuffix_,Milepoint,ReportMilepointDeriveNumber,CurrentDerivedMiepointNumber,MilestoMilepoint,FeettoMilepoint,DirectionfromMilepoint_NSEW_,ValidMilepointIndicator,NumberInjured,NumberKilled,ofUnits,ofMotorVehicleUnits,Hit&RunIndicator,OneWayIndicator,SpeedLimitNumber,KilometersIndicator,CountyCode,CityCountyCode,MilesFromCity,DirectionFromCity_NSEW_,InCityLimitsIndicator,Latitude,Longitude,RampIndicator,RampFromIdentifier,RampFromDirCode,RampFromCoupletID,RSEUniqueGISRampFrom,RampToidentifier,RampToDirCode,RampToCoupletID,RSEUniqueGisRampTo,MannerofCollisionCode,LocationFirstEventCode,TotalLanes,RoadwayCharacterCode,RoadwaySurfaceCode,RoadwayConditionCode,WeatherCode,LightConditionCode,LandUseCode,SchoolBusRelatedCode,FirstAidSceneIndicator,CollDescPresentInd,InvestigationCompleteIndicator,PhotosTakenIndicator,TimeNotified,TimeArrived,TimeRoadwayOpened,PropertyDamageIndicator,DiagramPresentIndicator,DirectionalAnalysis,FunctionClassCode,NationalHwySysCode,EnforcementsIndicator,KARSCityCode,SecondaryCollisionIndicator,MedianCrossoverIndicator,RT_UNIQUE,MapIt,TimeLastLeft,YR,KABCO,MFNY,WorkingRID,RT_CONFIDENCE,KTC_RT,KTC_MP,Motorcyclist,Commercial Vehicle,Young Driver,Mature Driver,Pedestrian,Bicyclist,Distracted,Aggressive,Impaired,Unrestrained,Intersection,Roadway Departure,Median Cross-over,City Crash
4852,72752898,KSP0900,22-137728,20220416,140,,ROCKHOUSE,,RD,,,0,098 CR-1113,CR1113,N,N,NULL,NULL,NULL,N,NULL,NULL,NULL,NULL,NULL,NULL,1.318,NULL,NULL,NULL,NULL,,NULL,0,0,1,1,N,N,25,NULL,98,9860,NULL,,Y,37.44436,-82.12975,N,NULL,NULL,NULL,NULL,NULL,NULL,NULL,NULL,9,3,1,5,1,1,2,4,7,3,N,NULL,Y,N,140,140,140,N,NULL,70,,,N,,N,N,098-CR-1113-0,NULL,NULL,2022,O,7.28E+11,098-CR-1113  -000,HIGH,098-CR-1113  -000,1.318,0,0,0,0,0,0,0,0,0,0,0,0,0,0
4853,72496932,KSP0900,20-15393,20200425,1730,,US119,,,US0119,US0119,0,098 US-119,US0119,N,N,NULL,NULL,NULL,N,NULL,NULL,NULL,NULL,NULL,NULL,24.36,NULL,NULL,NULL,NULL,,NULL,0,0,2,2,N,N,55,NULL,98,9834,NULL,,Y,37.66006,-82.27341,N,NULL,NULL,NULL,NULL,NULL,NULL,NULL,NULL,5,3,4,6,1,5,3,2,7,3,N,NULL,Y,N,1730,1738,1745,N,NULL,49,2,1,N,,N,N,098-US-0119-0,NULL,NULL,2020,O,7.25E+11,098-US-0119  -000,HIGH,098-US-0119  -000,24.36,0,0,0,0,0,0,1,1,0,0,0,0,0,0
4854,72464672,KSP0900,20-1262,20200110,848,,WILLIAMSON,,RD,KY0292,KY0292,0,098 KY-292,KY0292,N,Y,ACCESS RD #3,,,N,NULL,NULL,NULL,NULL,NULL,NULL,7.862,NULL,NULL,NULL,NULL,,NULL,0,0,2,2,N,N,45,NULL,98,9826,NULL,,Y,37.68593,-82.2987,N,NULL,NULL,NULL,NULL,NULL,NULL,NULL,NULL,3,3,2,6,1,1,3,2,7,3,N,NULL,Y,N,900,930,950,N,NULL,52,7,0,N,,N,N,098-KY-0292-0,NULL,NULL,2020,O,7.25E+11,098-KY-0292  -000,HIGH,098-KY-0292  -000,7.862,0,0,0,0,0,0,1,0,0,0,1,0,0,0
4855,72641646,980100,2.02E+11,20210629,1242,,MAYO,S,TRL,KY3496,KY3496,0,098 KY-3496,KY3496,Y,N,NULL,NULL,NULL,N,NULL,NULL,NULL,NULL,NULL,NULL,0.868,NULL,NULL,NULL,NULL,,NULL,0,0,2,2,Y,N,35,NULL,98,9801,NULL,,Y,37.47205,-82.52828,N,NULL,NULL,NULL,NULL,NULL,NULL,NULL,NULL,1,97,2,6,1,1,2,2,5,3,N,NULL,Y,N,1242,1255,1255,N,NULL,90,16,0,N,,N,N,098-KY-3496-0,NULL,NULL,2021,O,7.26E+11,098-KY-3496  -000,HIGH,098-KY-3496  -000,0.868,0,0,0,0,0,0,0,0,0,0,0,0,0,1
4856,72772713,980100,2.02E+11,20220613,1550,,CHERRY,,LN,,,0,098 CS-1184,CS1184,N,N,NULL,NULL,NULL,N,NULL,NULL,NULL,NULL,NULL,NULL,0.028,NULL,NULL,NULL,NULL,,NULL,0,0,1,1,N,N,10,NULL,98,9801,NULL,,Y,37.48392,-82.54407,N,NULL,NULL,NULL,NULL,NULL,NULL,NULL,NULL,9,3,1,6,1,1,2,2,6,3,N,NULL,Y,N,1554,1600,1600,Y,NULL,40,,,N,,N,N,098-CS-1184-0,NULL,NULL,2022,O,7.28E+11,098-CS-1184  -000,HIGH,098-CS-1184  -000,0.028,0,0,0,0,0,0,1,0,0,0,0,1,0,1
4857,72568719,980000,20-11-006,20201119,1500,,US23,,,US0023,US0023,0,098 US-23-10,US0023,Y,N,NULL,NULL,NULL,N,NULL,NULL,NULL,NULL,NULL,NULL,30.259,NULL,NULL,NULL,NULL,,NULL,0,0,1,1,N,N,55,NULL,98,9801,NULL,,Y,37.54016,-82.58212,N,NULL,NULL,NULL,NULL,NULL,NULL,NULL,NULL,9,97,4,6,1,1,2,2,5,3,N,NULL,N,Y,1700,1715,1715,Y,NULL,90,,1,N,,N,N,098-US-0023-10,NULL,NULL,2020,O,7.26E+11,098-US-0023  -010,HIGH,098-US-0023  -000,30.259,0,0,0,0,0,0,1,0,0,0,0,1,0,1
4858,72563255,KSP0900,20-772006,20201104,1740,,CHLOE,,RD,KY1460,KY1460,0,098 KY-1460,KY1460,N,N,NULL,NULL,NULL,N,NULL,NULL,NULL,NULL,NULL,NULL,2.174,NULL,NULL,NULL,NULL,,NULL,0,0,2,2,N,N,45,NULL,98,9801,NULL,,Y,37.46062,-82.47819,N,NULL,NULL,NULL,NULL,NULL,NULL,NULL,NULL,2,97,2,6,1,8,2,2,7,3,N,NULL,Y,N,1847,1857,,N,NULL,47,,0,N,,N,N,098-KY-1460-0,NULL,NULL,2020,O,7.26E+11,098-KY-1460  -000,HIGH,098-KY-1460  -000,2.174,0,0,0,0,0,0,1,0,0,0,0,0,0,0
4859,72700761,980100,2.02E+11,20211122,1901,,US23,,,US0023,US0023,0,098 US-23,US0023,N,N,NULL,NULL,NULL,N,NULL,NULL,NULL,NULL,NULL,NULL,29.756,NULL,NULL,NULL,NULL,,NULL,0,0,1,1,N,N,55,NULL,98,9801,NULL,,Y,37.53366,-82.57799,N,NULL,NULL,NULL,NULL,NULL,NULL,NULL,NULL,9,3,4,6,1,1,2,5,2,3,N,NULL,Y,N,1902,1911,1911,N,NULL,38,,1,N,,N,N,098-US-0023-0,NULL,NULL,2021,O,7.27E+11,098-US-0023  -000,HIGH,098-US-0023  -000,29.756,0,0,0,0,0,0,0,0,0,0,0,0,0,1
4860,72685444,KSP0900,21-422490,20211013,1215,,US119,,,US0119,US0119,0,098 US-119,US0119,N,N,NULL,NULL,NULL,N,NULL,NULL,NULL,NULL,NULL,NULL,24.079,NULL,NULL,NULL,NULL,,NULL,0,0,2,2,N,N,55,NULL,98,9834,NULL,,Y,37.65681,-82.27066,N,NULL,NULL,NULL,NULL,NULL,NULL,NULL,NULL,2,7,2,6,1,1,3,2,5,3,N,NULL,Y,N,1215,1217,1230,N,NULL,56,2,1,N,,N,N,098-US-0119-0,NULL,NULL,2021,O,7.27E+11,098-US-0119  -000,HIGH,098-US-0119  -000,24.079,0,0,0,1,0,0,1,0,0,0,0,0,0,0
4861,72692778,980100,2.02E+11,20211104,1751,,LEE,,AVE,,,,,,Y,N,NULL,NULL,NULL,N,NULL,NULL,NULL,NULL,NULL,NULL,,NULL,NULL,NULL,NULL,,NULL,0,0,2,2,N,N,,NULL,98,9801,NULL,,Y,37.5028,-82.53493,N,NULL,NULL,NULL,NULL,NULL,NULL,NULL,NULL,2,97,,6,1,1,3,2,1,3,N,NULL,Y,N,1751,1752,,N,NULL,90,,,N,,N,N,,NULL,NULL,2021,O,7.27E+11,098-CS-1261  -000,MEDIUM,098-CS-1261  -000,0.024,0,0,0,0,0,0,0,0,0,0,0,0,0,1
4862,72508460,980100,2.02E+11,20200605,1221,,CASSIDY,,BLVD,,,,,,Y,N,NULL,NULL,NULL,N,NULL,NULL,NULL,NULL,NULL,NULL,0.286,NULL,NULL,NULL,NULL,,NULL,1,0,2,2,N,N,15,NULL,98,9801,NULL,,Y,37.50503,-82.53655,N,NULL,NULL,NULL,NULL,NULL,NULL,NULL,NULL,5,97,1,6,1,5,6,2,1,3,Y,NULL,Y,Y,1221,1226,1226,N,NULL,90,,,N,,N,N,,NULL,NULL,2020,B,7.25E+11,098-CS-1191  -000,MEDIUM,098-CS-1191  -000,0.286,0,0,0,0,0,0,1,0,0,0,0,0,0,1
4863,72644319,KSP0900,21-278726,20210706,1022,,VIRGIE,,RD,KY0610,KY0610,0,098 KY-610,KY0610,N,N,NULL,NULL,NULL,N,NULL,NULL,NULL,NULL,NULL,NULL,6.053,NULL,NULL,NULL,NULL,,NULL,0,0,2,2,N,N,45,NULL,98,9827,NULL,,Y,37.32213,-82.58086,N,NULL,NULL,NULL,NULL,NULL,NULL,NULL,NULL,3,3,2,3,1,1,2,2,6,3,N,NULL,Y,N,1026,1045,1030,N,NULL,52,7,0,N,,N,N,098-KY-0610-0,NULL,NULL,2021,O,7.26E+11,098-KY-0610  -000,HIGH,098-KY-0610  -000,6.053,0,0,0,1,0,0,0,0,0,0,0,1,0,0
4864,72592436,980100,2.02E+11,20210208,834,,US23,,,US0023,US0023,0,098 US-23,US0023,N,N,NULL,NULL,NULL,N,NULL,NULL,NULL,NULL,NULL,NULL,23.378,NULL,NULL,NULL,NULL,,NULL,0,0,2,2,N,N,55,NULL,98,9801,NULL,,Y,37.4683,-82.53283,N,NULL,NULL,NULL,NULL,NULL,NULL,NULL,NULL,5,3,4,6,1,1,2,2,7,3,N,NULL,Y,N,834,841,841,N,NULL,49,,1,Y,,N,N,098-US-0023-0,NULL,NULL,2021,O,7.26E+11,098-US-0023  -000,HIGH,098-US-0023  -000,23.378,0,0,0,0,0,0,1,0,0,0,0,0,0,1
4865,72731525,980100,2.02E+11,20220208,1741,,US23,,,US0023,US0023,0,098 US-23,US0023,N,N,NULL,NULL,NULL,N,NULL,NULL,NULL,NULL,NULL,NULL,21.672,NULL,NULL,NULL,NULL,,NULL,0,0,2,2,N,N,55,NULL,98,9801,NULL,,Y,37.45388,-82.52173,N,NULL,NULL,NULL,NULL,NULL,NULL,NULL,NULL,5,3,4,6,1,1,2,2,1,3,N,NULL,Y,Y,1742,1742,1809,N,NULL,49,,1,N,,N,N,098-US-0023-0,NULL,NULL,2022,O,7.27E+11,098-US-0023  -000,HIGH,098-US-0023  -000,21.672,0,1,0,1,0,0,1,0,0,0,0,0,0,1
4866,72778539,980500,2022AR032,20220701,1220,,MAYO TRAIL,,,,,,,,N,N,NULL,NULL,NULL,N,NULL,NULL,NULL,NULL,NULL,NULL,,NULL,NULL,NULL,NULL,NULL,NULL,0,0,2,2,N,N,45,NULL,98,9807,NULL,,Y,37.53157,-82.5771,N,NULL,NULL,NULL,NULL,NULL,NULL,NULL,NULL,5,3,6,6,1,1,2,2,7,3,N,NULL,Y,Y,1220,1225,1225,N,NULL,70,,,N,,N,N,,NULL,NULL,2022,O,7.28E+11,098-US-0023  -010,MEDIUM,098-US-0023  -000,29.585,0,0,1,0,0,0,0,0,0,0,0,0,0,1
4867,72736388,980000,22-02-004,20220225,1431,,319 S,S,,,,,,,N,N,NULL,NULL,NULL,N,NULL,NULL,NULL,NULL,NULL,NULL,,NULL,NULL,NULL,NULL,NULL,NULL,0,0,2,2,N,N,55,NULL,98,9852,1,N,N,37.63946,-82.25868,N,NULL,NULL,NULL,NULL,NULL,NULL,NULL,NULL,4,3,4,6,1,5,6,2,7,3,N,NULL,Y,Y,1432,1445,1455,N,NULL,70,,,N,,N,N,,NULL,NULL,2022,O,7.27E+11,098-US-0119  -000,MEDIUM,098-US-0119  -000,22.58,0,0,0,1,0,0,1,1,0,0,0,0,0,0
4868,72643700,980100,2.02E+11,20210628,1215,,US23,,,US0023,US0023,,,,N,N,NULL,NULL,NULL,N,NULL,NULL,NULL,NULL,NULL,NULL,20.977,NULL,NULL,NULL,NULL,,NULL,0,0,2,2,N,N,55,NULL,98,9801,NULL,,Y,37.44466,-82.52543,N,NULL,NULL,NULL,NULL,NULL,NULL,NULL,NULL,1,3,2,3,1,1,2,2,7,3,N,NULL,Y,N,1215,1220,1348,N,NULL,55,,1,N,,N,N,,NULL,NULL,2021,O,7.26E+11,098-US-0023  -010,MEDIUM,098-US-0023  -000,20.977,0,0,0,0,0,0,1,0,0,0,0,0,0,1
4869,72740131,KSP0900,22-90434,20220312,930,,KY122,,,KY0122,KY0122,0,098 KY-122,KY0122,N,N,NULL,NULL,NULL,N,NULL,NULL,NULL,NULL,NULL,NULL,4.558,NULL,NULL,NULL,NULL,,NULL,0,0,2,2,N,N,45,NULL,98,9827,NULL,,Y,37.34566,-82.60149,N,NULL,NULL,NULL,NULL,NULL,NULL,NULL,NULL,7,3,2,6,1,4,9,2,6,3,N,NULL,Y,N,930,1030,1100,N,NULL,54,,0,N,,N,N,098-KY-0122-0,NULL,NULL,2022,O,7.27E+11,098-KY-0122  -000,HIGH,098-KY-0122  -000,4.558,0,0,0,0,0,0,0,0,0,0,0,1,0,0
4870,72757619,980100,2.02E+11,20220502,1833,,KY1426,,,KY1426,KY1426,,,,N,N,NULL,NULL,NULL,N,NULL,NULL,NULL,NULL,NULL,NULL,9.119,NULL,NULL,NULL,NULL,,NULL,0,0,1,1,N,N,45,NULL,98,9801,NULL,,Y,37.50686,-82.48898,N,NULL,NULL,NULL,NULL,NULL,NULL,NULL,NULL,9,5,3,1,1,1,2,2,7,3,N,NULL,Y,N,1833,1839,,N,NULL,44,,0,N,,N,N,,NULL,NULL,2022,O,7.28E+11,098-KY-1426  -000,MEDIUM,098-KY-1426  -000,9.119,0,0,0,0,0,0,0,0,0,0,0,1,0,1
4871,72642778,980100,2.02E+11,20210701,2120,,JUSTICE,,WAY,,,,,,Y,N,NULL,NULL,NULL,N,NULL,NULL,NULL,NULL,NULL,NULL,,NULL,NULL,NULL,NULL,,NULL,0,0,2,2,N,N,15,NULL,98,9801,NULL,,Y,37.50577,-82.54018,N,NULL,NULL,NULL,NULL,NULL,NULL,NULL,NULL,1,97,,6,1,5,6,5,1,3,N,NULL,Y,N,2120,2130,,N,NULL,90,,,N,,N,N,,NULL,NULL,2021,O,7.26E+11,098-CS-1215  -000,MEDIUM,098-CS-1215  -000,0.688,0,0,1,0,0,0,1,0,0,0,0,0,0,1
4872,72628665,980100,2.02E+11,20210523,2005,,BYPASS,S,RD,KY1426,KY1426,0,098 KY-1426,KY1426,N,N,NULL,NULL,NULL,N,NULL,NULL,NULL,NULL,NULL,NULL,6.547,NULL,NULL,NULL,NULL,,NULL,1,0,2,1,N,N,45,NULL,98,9801,NULL,,Y,37.4823,-82.51377,N,NULL,NULL,NULL,NULL,NULL,NULL,NULL,NULL,9,3,2,6,1,1,2,2,1,3,Y,NULL,Y,Y,2005,2007,2021,N,NULL,37,,0,N,,N,N,098-KY-1426-0,NULL,NULL,2021,B,7.26E+11,098-KY-1426  -000,HIGH,098-KY-1426  -000,6.547,0,0,0,0,0,1,0,1,0,0,0,0,0,1
4873,72780702,980100,2.02E+11,20220706,1228,,CASSIDY,,BLVD,,,0,098 CS-1191,CS1191,Y,N,NULL,NULL,NULL,N,NULL,NULL,NULL,NULL,NULL,NULL,0.038,NULL,NULL,NULL,NULL,,NULL,0,0,2,2,N,N,,NULL,98,9801,NULL,,Y,37.5037,-82.53278,N,NULL,NULL,NULL,NULL,NULL,NULL,NULL,NULL,2,97,1,6,1,1,2,2,1,3,N,NULL,Y,N,1228,1236,1236,N,NULL,90,,,N,,N,N,098-CS-1191-0,NULL,NULL,2022,O,7.28E+11,098-CS-1191  -000,HIGH,098-CS-1191  -000,0.038,0,0,0,1,0,0,1,0,0,0,0,0,0,1
4874,72512016,980100,2.02E+11,20200614,1752,,KY3496,,,KY3496,KY3496,,,,Y,N,NULL,NULL,NULL,N,NULL,NULL,NULL,NULL,NULL,NULL,0.14,NULL,NULL,NULL,NULL,,NULL,0,0,2,2,N,N,,NULL,98,9801,NULL,,Y,37.46616,-82.5302,N,NULL,NULL,NULL,NULL,NULL,NULL,NULL,NULL,2,97,,6,1,1,3,2,1,3,N,NULL,Y,N,1753,1800,1800,N,NULL,90,16,0,Y,,N,N,,NULL,NULL,2020,O,7.25E+11,098-KY-3496  -000,HIGH,098-KY-3496  -000,0.14,0,0,0,0,0,0,1,0,0,0,0,0,0,1
4875,72510326,KSP0900,20-22031,20200610,1929,,BRUSHY,,,KY0881,KY0881,0,098 KY-881,KY0881,N,N,NULL,NULL,NULL,N,NULL,NULL,NULL,NULL,NULL,NULL,0.659,NULL,NULL,NULL,NULL,,NULL,0,0,1,1,N,N,35,NULL,98,9801,NULL,,Y,37.5906,-82.39609,N,NULL,NULL,NULL,NULL,NULL,NULL,NULL,NULL,9,3,2,3,1,1,2,2,7,3,N,NULL,N,N,1929,1955,2030,N,NULL,,,,N,,N,N,098-KY-0881-0,NULL,NULL,2020,O,7.25E+11,098-KY-0881  -000,HIGH,098-KY-0881  -000,0.659,0,0,0,0,0,0,0,0,1,0,0,1,0,0
4876,72534304,980100,2.02E+11,20200821,1756,,BYPASS,S,RD,KY1426,KY1426,,,,Y,N,NULL,NULL,NULL,N,NULL,NULL,NULL,NULL,NULL,NULL,5.687,NULL,NULL,NULL,NULL,,NULL,0,0,2,2,N,N,15,NULL,98,9801,NULL,,Y,37.47266,-82.52282,N,NULL,NULL,NULL,NULL,NULL,NULL,NULL,NULL,2,97,2,6,2,1,2,2,1,3,N,NULL,Y,N,1756,1800,,N,NULL,90,,0,N,,N,N,,NULL,NULL,2020,O,7.25E+11,098-KY-1426  -000,HIGH,098-KY-1426  -000,5.687,0,0,0,0,0,0,1,0,0,0,0,0,0,1
4877,72661630,KSP0900,21-350274,20210822,1501,,MALL,,RD,,,0,098 CR-1037,CR1037,Y,N,NULL,NULL,NULL,N,NULL,NULL,NULL,NULL,NULL,NULL,0.269,NULL,NULL,NULL,NULL,,NULL,0,0,2,2,Y,N,,NULL,98,9834,NULL,,Y,37.6545,-82.27146,N,NULL,NULL,NULL,NULL,NULL,NULL,NULL,NULL,2,97,1,6,1,1,2,2,1,3,N,NULL,Y,N,1501,1518,1501,N,NULL,90,,,N,,N,N,098-CR-1037-0,NULL,NULL,2021,O,7.27E+11,098-CR-1037  -000,HIGH,098-CR-1037  -000,0.269,0,0,0,0,0,0,0,0,0,0,0,0,0,0
4878,72714158,KSP0900,21-525300,20211227,1654,,ELKHORN,,CRK,KY0197,KY0197,0,098 KY-197,KY0197,N,N,NULL,NULL,NULL,N,NULL,NULL,NULL,NULL,NULL,NULL,12.916,NULL,NULL,NULL,NULL,,NULL,1,0,1,1,N,N,55,NULL,98,9802,NULL,,Y,37.27848,-82.3932,N,NULL,NULL,NULL,NULL,NULL,NULL,NULL,NULL,9,5,2,3,1,1,2,3,7,3,Y,NULL,Y,Y,1656,1724,1745,N,NULL,51,7,0,N,,N,N,098-KY-0197-0,NULL,NULL,2021,C,7.27E+11,098-KY-0197  -000,HIGH,098-KY-0197  -000,12.916,0,0,0,0,0,0,0,0,0,0,0,1,0,0
4879,72653429,KSP0900,21-313883,20210729,1041,,KY80,,,KY0080,KY0080,0,098 KY-80,KY0080,N,N,NULL,NULL,NULL,N,NULL,NULL,NULL,NULL,NULL,NULL,1.84,NULL,NULL,NULL,NULL,,NULL,0,0,1,1,N,N,55,NULL,98,9802,NULL,,Y,37.31744,-82.36343,N,NULL,NULL,NULL,NULL,NULL,NULL,NULL,NULL,9,3,2,6,1,1,2,2,7,3,N,NULL,Y,N,1041,1043,1045,N,NULL,40,7,5,N,,N,N,098-KY-0080-0,NULL,NULL,2021,O,7.27E+11,098-KY-0080  -000,HIGH,098-KY-0080  -000,1.84,0,0,0,1,0,0,0,0,0,0,0,1,0,0
4880,72480363,980100,2.02E+11,20200224,915,,BOB AMOS,,DR,,,0,098 CS-1025,CS1025,N,N,NULL,NULL,NULL,N,NULL,NULL,NULL,NULL,NULL,NULL,0.77,NULL,NULL,NULL,NULL,,NULL,0,0,2,2,N,N,15,NULL,98,9801,NULL,,Y,37.4693,-82.54323,N,NULL,NULL,NULL,NULL,NULL,NULL,NULL,NULL,7,97,2,6,1,5,2,2,7,3,N,NULL,N,N,915,922,922,N,NULL,47,,,N,,N,N,098-CS-1025-0,NULL,NULL,2020,O,7.25E+11,098-CS-1025  -000,HIGH,098-CS-1025  -000,0.77,0,0,0,1,0,0,1,0,0,0,0,0,0,1
4881,72685969,980100,2.02E+11,20211021,838,,CEDAR CREEK,,RD,,,0,098 CS-1038,CS1038,N,N,NULL,NULL,NULL,N,NULL,NULL,NULL,NULL,NULL,NULL,,NULL,NULL,NULL,NULL,NULL,NULL,0,0,2,2,N,N,35,NULL,98,9801,NULL,,Y,37.47917,-82.558,N,NULL,NULL,NULL,NULL,NULL,NULL,NULL,NULL,2,97,2,6,2,1,2,2,6,3,N,NULL,Y,Y,839,845,845,N,NULL,47,,,N,,N,N,098-CS-1038-0,NULL,NULL,2021,O,7.27E+11,098-CS-1038  -000,HIGH,098-CS-1038  -000,0.116,0,0,0,0,0,0,1,0,0,0,0,0,0,1
4882,72775993,980100,2.02E+12,20220623,1552,,BAIRD,,AVE,KY1426,KY1426,0,098 KY-1426,KY1426,Y,N,NULL,NULL,NULL,N,NULL,NULL,NULL,NULL,NULL,NULL,5.406,NULL,NULL,NULL,NULL,,NULL,0,0,2,2,N,N,,NULL,98,9801,NULL,,Y,37.47312,-82.52706,N,NULL,NULL,NULL,NULL,NULL,NULL,NULL,NULL,5,97,2,6,1,1,2,2,1,3,N,NULL,Y,N,1552,1557,1652,N,NULL,90,,0,Y,,N,N,098-KY-1426-0,NULL,NULL,2022,O,7.28E+11,098-KY-1426  -000,HIGH,098-KY-1426  -000,5.406,0,0,0,1,0,0,1,0,0,0,0,0,0,1
4883,72828860,980100,2.02E+11,20221111,1434,,US119,,,US0119,US0119,0,098 US-119-10,US0119,N,N,NULL,NULL,NULL,N,NULL,NULL,NULL,NULL,NULL,NULL,2.699,NULL,NULL,NULL,NULL,,NULL,0,0,1,1,N,N,55,NULL,98,9801,NULL,,Y,37.51418,-82.48703,N,NULL,NULL,NULL,NULL,NULL,NULL,NULL,NULL,9,3,4,6,1,5,6,2,7,3,N,NULL,Y,N,1434,1441,1441,N,NULL,41,2,1,N,,N,N,098-US-0119-10,NULL,NULL,2022,O,7.28E+11,098-US-0119  -010,HIGH,098-US-0119  -000,2.699,0,0,0,0,0,0,0,0,0,0,0,1,0,1
4884,72771180,980100,2.02E+11,20220609,1310,,MAYO,N,TRL,,,0,098 CS-1186,CS1186,Y,N,NULL,NULL,NULL,N,NULL,NULL,NULL,NULL,NULL,NULL,,NULL,NULL,NULL,NULL,NULL,NULL,0,0,2,2,N,N,,NULL,98,9801,NULL,,Y,37.48717,-82.54279,N,NULL,NULL,NULL,NULL,NULL,NULL,NULL,NULL,2,97,1,6,1,1,2,2,1,3,N,NULL,Y,N,1310,1325,1325,N,NULL,90,,,N,,N,N,098-CS-1186-0,NULL,NULL,2022,O,7.28E+11,098-CS-1186  -000,MEDIUM,098-CS-1186  -000,0,0,0,0,1,0,0,1,0,0,0,0,0,0,0
4885,72576105,KSP0900,20-830341,20201216,105,,KY194,,,KY0194,KY0194,0,098 KY-194,KY0194,N,N,NULL,NULL,NULL,N,NULL,NULL,NULL,NULL,NULL,NULL,56.727,NULL,NULL,NULL,NULL,,NULL,0,0,2,2,N,N,35,NULL,98,9804,NULL,,Y,37.53112,-82.1579,N,NULL,NULL,NULL,NULL,NULL,NULL,NULL,NULL,8,3,2,3,1,5,6,6,7,3,N,NULL,Y,N,105,159,235,Y,NULL,53,7,0,N,,N,N,098-KY-0194-0,NULL,NULL,2020,O,7.26E+11,098-KY-0194  -000,HIGH,098-KY-0194  -000,56.727,0,0,1,0,0,0,0,1,0,0,0,1,0,0
4886,72816558,KSP0900,22-396226,20221014,908,,US23,,,US0023,US0023,0,098 US-23,US0023,N,N,NULL,NULL,NULL,N,NULL,NULL,NULL,NULL,NULL,NULL,3.954,NULL,NULL,NULL,NULL,,NULL,1,0,1,1,N,N,55,NULL,98,9809,NULL,,Y,37.27778,-82.58276,N,NULL,NULL,NULL,NULL,NULL,NULL,NULL,NULL,9,3,4,2,1,1,2,2,7,3,N,NULL,N,Y,908,925,1114,N,NULL,40,,1,N,,N,N,098-US-0023-0,NULL,NULL,2022,B,7.28E+11,098-US-0023  -000,HIGH,098-US-0023  -000,3.954,0,0,0,0,0,0,0,0,0,0,0,1,0,0
4887,72639982,980100,2.02E+11,20210617,1452,,US460,,,US0460,US0460,0,098 US-460,US0460,Y,N,NULL,NULL,NULL,N,NULL,NULL,NULL,NULL,NULL,NULL,0.16,NULL,NULL,NULL,NULL,,NULL,0,0,2,2,Y,N,15,NULL,98,9801,NULL,,Y,37.44009,-82.50867,N,NULL,NULL,NULL,NULL,NULL,NULL,NULL,NULL,2,97,2,6,1,1,2,2,1,3,N,NULL,Y,N,1452,1458,1533,N,NULL,90,,1,N,,N,N,098-US-0460-0,NULL,NULL,2021,O,7.26E+11,098-US-0460  -000,HIGH,098-US-0460  -000,0.16,0,0,0,1,0,0,1,0,0,0,0,0,0,1
4888,72646279,980000,21-06-005,20210622,1920,,US460,,,US0460,US0460,0,098 US-460,US0460,N,N,NULL,NULL,NULL,N,NULL,NULL,NULL,NULL,NULL,NULL,4.24,NULL,NULL,NULL,NULL,,NULL,1,0,2,2,N,N,55,NULL,98,9824,4,E,N,37.41862,-82.45786,N,NULL,NULL,NULL,NULL,NULL,NULL,NULL,NULL,5,3,2,6,1,1,2,2,7,3,N,NULL,Y,Y,1920,1920,1930,N,NULL,70,,1,N,,N,N,098-US-0460-0,NULL,NULL,2021,C,7.26E+11,098-US-0460  -000,HIGH,098-US-0460  -000,4.24,0,0,0,0,0,0,1,0,0,0,0,0,0,0
4889,72666191,KSP0900,21-355471,20210826,1045,,KY195,,,KY0195,KY0195,0,098 KY-195,KY0195,N,N,NULL,NULL,NULL,N,NULL,NULL,NULL,NULL,NULL,NULL,10.862,NULL,NULL,NULL,NULL,,NULL,0,0,2,2,N,N,55,NULL,98,9802,NULL,,Y,37.3597,-82.41712,N,NULL,NULL,NULL,NULL,NULL,NULL,NULL,NULL,1,3,2,6,1,1,2,2,7,3,N,NULL,Y,N,1045,1100,1130,N,NULL,55,7,0,N,,N,N,098-KY-0195-0,NULL,NULL,2021,O,7.27E+11,098-KY-0195  -000,HIGH,098-KY-0195  -000,10.862,0,1,0,0,0,0,0,0,0,0,0,0,0,0