OBJECTID,MasterFile,AgencyORINumber,LocalCode,CollisionDate,CollisionTime,CollisionDayWeekCode,RoadwayName,RoadwayName_Direction_,RoadwayName_RoadwaySuffix_,RoadwayfromReport,CurrentRoadwayNumber,RoadwayNumberCoupletID,RSEUniqueGIS,RoadwayIdentifier,ParkingLotIndicator,IntersectionWith_Indicator_,IntersectionWith_NameRoadway_,IntersectionWith_Direction_,IntersectionWith_RoadwaySuffix_,BetweenStreets_Indicator_,BetweenStreets1_NameRoadway_,BetweenStreet1_Direction_,BetweenStreets1_RoadwaySuffix_,BetweenStreets2_NameRoadway_,BetweenStreets2_Direction_,BetweenStreets2_RoadwaySuffix_,Milepoint,ReportMilepointDeriveNumber,CurrentDerivedMiepointNumber,MilestoMilepoint,FeettoMilepoint,DirectionfromMilepoint_NSEW_,ValidMilepointIndicator,NumberInjured,NumberKilled,ofUnits,ofMotorVehicleUnits,Hit&RunIndicator,OneWayIndicator,SpeedLimitNumber,KilometersIndicator,CountyCode,CityCountyCode,MilesFromCity,DirectionFromCity_NSEW_,InCityLimitsIndicator,Latitude,Longitude,RampIndicator,RampFromIdentifier,RampFromDirCode,RampFromCoupletID,RSEUniqueGISRampFrom,RampToidentifier,RampToDirCode,RampToCoupletID,RSEUniqueGisRampTo,MannerofCollisionCode,LocationFirstEventCode,TotalLanes,RoadwayCharacterCode,RoadwaySurfaceCode,RoadwayConditionCode,WeatherCode,LightConditionCode,LandUseCode,SchoolBusRelatedCode,FirstAidSceneIndicator,CollDescPresentInd,InvestigationCompleteIndicator,PhotosTakenIndicator,TimeNotified,TimeArrived,TimeRoadwayOpened,PropertyDamageIndicator,DiagramPresentIndicator,DirectionalAnalysis,FunctionClassCode,NationalHwySysCode,EnforcementsIndicator,KARSCityCode,SecondaryCollisionIndicator,MedianCrossoverIndicator,RT_UNIQUE,MapIt,TimeLastLeft,YR,KABCO,MFNY,WorkingRID,RT_CONFIDENCE,KTC_RT,KTC_MP,Motorcyclist,Commercial Vehicle,Young Driver,Mature Driver,Pedestrian,Bicyclist,Distracted,Aggressive,Impaired,Unrestrained,Intersection,Roadway Departure,Median Cross-over,City Crash
4890,72539605,KSP0900,20-684963,20200905,2345,,HOSPITAL,,DR,,,0,098 CR-1015C,CR1015C,Y,N,NULL,NULL,NULL,N,NULL,NULL,NULL,NULL,NULL,NULL,0.264,NULL,NULL,NULL,NULL,,NULL,0,0,2,2,Y,N,10,NULL,98,9834,NULL,,Y,37.6757,-82.29717,N,NULL,NULL,NULL,NULL,NULL,NULL,NULL,NULL,2,97,2,6,1,1,2,6,1,3,N,NULL,Y,N,7,33,7,N,NULL,90,,,N,,N,N,098-CR-1015C-0,NULL,NULL,2020,O,7.25E+11,098-CR-1015C -000,HIGH,098-CR-1015C -000,0.264,0,0,0,0,0,0,1,0,0,0,0,0,0,0
4891,72583893,KSP0900,20-847547,20201228,2030,,US119,,,US0119,US0119,,,,N,N,NULL,NULL,NULL,N,NULL,NULL,NULL,NULL,NULL,NULL,7.081,NULL,NULL,NULL,NULL,,NULL,0,0,2,2,N,N,55,NULL,98,9820,NULL,,Y,37.54922,-82.43483,N,NULL,NULL,NULL,NULL,NULL,NULL,NULL,NULL,5,3,4,6,1,1,2,6,7,3,N,NULL,Y,N,2030,2100,2300,N,NULL,41,2,1,N,,N,N,,NULL,NULL,2020,O,7.26E+11,098-US-0119  -000,MEDIUM,098-US-0119  -000,7.081,0,0,1,0,0,0,0,0,0,0,0,1,0,0
4892,72494120,980500,2020AR023,20200413,1454,,MAYO TRAIL,N,,,,0,098 US-23,US0023,Y,N,NULL,NULL,NULL,N,NULL,NULL,NULL,NULL,NULL,NULL,,NULL,NULL,NULL,NULL,NULL,NULL,0,0,2,2,N,N,15,NULL,98,9807,NULL,,Y,37.5212,-82.56808,N,NULL,NULL,NULL,NULL,NULL,NULL,NULL,NULL,2,97,4,5,1,1,3,2,1,3,N,NULL,Y,N,1457,1459,1459,N,NULL,90,,,N,,N,N,098-US-0023-0,NULL,NULL,2020,O,7.25E+11,098-US-0023  -000,HIGH,098-US-0023  -000,28.714,0,0,0,0,0,0,1,0,0,0,0,0,0,0
4893,72406606,KSP0900,19-35427,20190910,2306,,CHLOE,,RD,KY1460,KY1460,0,098 KY-1460,KY1460,N,N,NULL,NULL,NULL,N,NULL,NULL,NULL,NULL,NULL,NULL,2.077,NULL,NULL,NULL,NULL,,NULL,1,0,1,1,N,N,45,NULL,98,9801,1,S,N,37.45966,-82.47825,N,NULL,NULL,NULL,NULL,NULL,NULL,NULL,NULL,9,4,2,4,1,1,2,6,7,3,Y,NULL,Y,Y,2308,2319,2308,N,NULL,44,,0,Y,,N,N,098-KY-1460-0,NULL,NULL,2019,C,7.24E+11,098-KY-1460  -000,HIGH,098-KY-1460  -000,2.077,0,0,0,0,0,0,0,0,1,0,0,1,0,0
4894,72777214,KSP0900,22-242601,20220627,808,,KY194,,,KY0194,KY0194,0,098 KY-194,KY0194,N,N,NULL,NULL,NULL,N,NULL,NULL,NULL,NULL,NULL,NULL,22.831,NULL,NULL,NULL,NULL,,NULL,0,0,1,1,N,N,55,NULL,98,9817,NULL,,Y,37.53892,-82.37345,N,NULL,NULL,NULL,NULL,NULL,NULL,NULL,NULL,9,3,2,3,1,5,6,2,7,3,N,NULL,Y,N,810,839,925,N,NULL,40,6,0,N,,N,N,098-KY-0194-0,NULL,NULL,2022,O,7.28E+11,098-KY-0194  -000,HIGH,098-KY-0194  -000,22.831,0,0,1,0,0,0,0,0,0,0,0,1,0,0
4895,72686999,KSP0900,21-436782,20211023,1511,,US23,,,US0023,US0023,0,098 US-23-10,US0023,Y,N,NULL,NULL,NULL,N,NULL,NULL,NULL,NULL,NULL,NULL,19.363,NULL,NULL,NULL,NULL,,NULL,0,0,2,1,N,N,5,NULL,98,9801,NULL,,Y,37.44546,-82.50478,N,NULL,NULL,NULL,NULL,NULL,NULL,NULL,NULL,2,97,1,6,1,1,2,2,7,3,N,NULL,Y,N,1511,1535,1535,N,NULL,90,,1,N,,N,N,098-US-0023-10,NULL,NULL,2021,O,7.27E+11,098-US-0023  -010,HIGH,098-US-0023  -000,19.363,0,0,0,0,0,0,1,0,0,0,0,0,0,1
4896,72661329,KSP0900,21-345801,20210819,1519,,US23,,,US0023,US0023,0,098 US-23-10,US0023,N,N,NULL,NULL,NULL,N,NULL,NULL,NULL,NULL,NULL,NULL,18.313,NULL,NULL,NULL,NULL,,NULL,0,0,1,1,N,N,55,NULL,98,9801,NULL,,Y,37.43338,-82.51427,N,NULL,NULL,NULL,NULL,NULL,NULL,NULL,NULL,9,3,4,3,1,5,6,2,7,3,N,NULL,Y,Y,1519,1544,1555,N,NULL,40,,1,N,,N,N,098-US-0023-10,NULL,NULL,2021,O,7.27E+11,098-US-0023  -010,HIGH,098-US-0023  -000,18.313,0,0,1,0,0,0,0,0,0,0,0,1,0,1
4897,72500368,980100,2.02E+11,20200509,2023,,US23,,,US0023,US0023,,,,N,N,NULL,NULL,NULL,N,NULL,NULL,NULL,NULL,NULL,NULL,25.083,NULL,NULL,NULL,NULL,,NULL,0,0,1,1,N,N,55,NULL,98,9801,NULL,,Y,37.48911,-82.53921,N,NULL,NULL,NULL,NULL,NULL,NULL,NULL,NULL,9,6,4,6,1,1,2,2,7,3,N,NULL,Y,N,2023,2028,2028,N,NULL,44,,1,N,,N,Y,,NULL,NULL,2020,O,7.25E+11,098-US-0023  -000,MEDIUM,098-US-0023  -000,25.083,0,0,0,0,0,0,0,0,0,0,0,1,0,1
4898,72506855,KSP0900,20-20546,20200531,1346,,US23,,,US0023,US0023,0,098 US-23-10,US0023,N,N,NULL,NULL,NULL,N,NULL,NULL,NULL,NULL,NULL,NULL,29.875,NULL,NULL,NULL,NULL,,NULL,0,0,2,2,N,N,55,NULL,98,9801,NULL,,Y,37.53521,-82.57896,N,NULL,NULL,NULL,NULL,NULL,NULL,NULL,NULL,5,3,4,6,1,1,2,2,3,3,N,NULL,Y,N,1348,1350,,N,NULL,49,,1,N,,N,N,098-US-0023-10,NULL,NULL,2020,O,7.25E+11,098-US-0023  -010,HIGH,098-US-0023  -000,29.875,0,0,1,0,0,0,1,0,0,0,0,0,0,1
4899,72811544,980100,2.02E+11,20220923,2202,,THOMPSON,,RD,,,0,098 CS-1215,CS1215,Y,N,NULL,NULL,NULL,N,NULL,NULL,NULL,NULL,NULL,NULL,0.454,NULL,NULL,NULL,NULL,,NULL,0,0,2,2,N,N,15,NULL,98,9801,NULL,,Y,37.50624,-82.54446,N,NULL,NULL,NULL,NULL,NULL,NULL,NULL,NULL,2,97,1,6,1,1,2,5,1,3,N,NULL,Y,N,2202,2203,2203,N,NULL,90,,,N,,N,N,098-CS-1215-0,NULL,NULL,2022,O,7.28E+11,098-CS-1215  -000,HIGH,098-CS-1215  -000,0.454,0,0,0,0,0,0,1,0,0,0,0,0,0,1
4900,72695772,980500,2021AR044,20211112,1232,,US23,,,US0023,US0023,0,098 US-23-10,US0023,N,N,NULL,NULL,NULL,N,NULL,NULL,NULL,NULL,NULL,NULL,,NULL,NULL,NULL,NULL,NULL,NULL,0,0,2,2,N,N,55,NULL,98,9807,NULL,,Y,37.5336,-82.57809,N,NULL,NULL,NULL,NULL,NULL,NULL,NULL,NULL,8,3,4,6,1,1,2,2,7,3,N,NULL,Y,Y,1225,1232,1232,N,NULL,53,,1,N,,N,N,098-US-0023-10,NULL,NULL,2021,O,7.27E+11,098-US-0023  -010,HIGH,098-US-0023  -000,29.754,0,0,0,0,0,0,1,0,0,0,0,1,0,1
4901,72791284,KSP0900,22-295618,20220801,1720,,GRAPEVINE,,RD,KY0194,KY0194,0,098 KY-194,KY0194,N,N,NULL,NULL,NULL,N,NULL,NULL,NULL,NULL,NULL,NULL,29.225,NULL,NULL,NULL,NULL,,NULL,0,0,2,2,N,N,55,NULL,98,9817,NULL,,Y,37.46568,-82.35751,N,NULL,NULL,NULL,NULL,NULL,NULL,NULL,NULL,7,3,2,5,1,1,2,2,7,3,N,NULL,Y,N,1820,1840,1820,N,NULL,54,7,0,N,,N,N,098-KY-0194-0,NULL,NULL,2022,O,7.28E+11,098-KY-0194  -000,HIGH,098-KY-0194  -000,29.225,0,0,0,0,0,0,0,0,0,0,0,1,0,0
4902,72590549,980100,2.02E+11,20210127,1207,,HIBBARD,,ST,,,0,098 CS-1053,CS1053,Y,N,NULL,NULL,NULL,N,NULL,NULL,NULL,NULL,NULL,NULL,0.015,NULL,NULL,NULL,NULL,,NULL,0,0,2,2,Y,N,,NULL,98,9801,NULL,,Y,37.47342,-82.52697,N,NULL,NULL,NULL,NULL,NULL,NULL,NULL,NULL,2,97,1,6,1,1,2,2,1,3,N,NULL,Y,N,1207,1213,1213,N,NULL,90,,,N,,N,N,098-CS-1053-0,NULL,NULL,2021,O,7.26E+11,098-CS-1053  -000,HIGH,098-CS-1053  -000,0.015,0,0,0,0,0,0,0,0,0,0,0,0,0,1
4903,72788286,KSP0900,22-279145,20220722,1707,,PINSONFORK,,RD,,,0,098 CR-1544J,CR1544J,N,N,NULL,NULL,NULL,N,NULL,NULL,NULL,NULL,NULL,NULL,0.602,NULL,NULL,NULL,NULL,,NULL,1,0,2,2,N,N,35,NULL,98,9819,NULL,,Y,37.56232,-82.27574,N,NULL,NULL,NULL,NULL,NULL,NULL,NULL,NULL,3,3,1,6,1,1,2,2,7,3,N,NULL,Y,Y,1707,1720,1720,N,NULL,52,,,N,,N,N,098-CR-1544J-0,NULL,NULL,2022,B,7.28E+11,098-CR-1544J -000,HIGH,098-CR-1544J -000,0.602,0,0,0,0,0,0,0,0,0,0,0,1,0,0
4904,72764633,KSP0900,22-171471,20220509,1856,,RIVER,,RD,,,0,098 CR-1643,CR1643,N,N,NULL,NULL,NULL,N,NULL,NULL,NULL,NULL,NULL,NULL,1.167,NULL,NULL,NULL,NULL,,NULL,1,0,1,1,N,N,35,NULL,98,9802,NULL,,Y,37.35426,-82.39149,N,NULL,NULL,NULL,NULL,NULL,NULL,NULL,NULL,9,3,1,6,3,1,2,2,7,3,Y,NULL,Y,Y,1857,1908,,N,NULL,40,,,N,,N,N,098-CR-1643-0,NULL,NULL,2022,C,7.28E+11,098-CR-1643  -000,HIGH,098-CR-1643  -000,1.167,0,0,0,0,0,0,0,0,0,1,0,1,0,0
4905,72503360,980100,2.02E+11,20200520,1523,,CASSIDY,,BLVD,,,0,098 CS-1191,CS1191,Y,N,NULL,NULL,NULL,N,NULL,NULL,NULL,NULL,NULL,NULL,0.297,NULL,NULL,NULL,NULL,,NULL,0,0,2,2,N,N,,NULL,98,9801,NULL,,Y,37.50502,-82.53676,N,NULL,NULL,NULL,NULL,NULL,NULL,NULL,NULL,2,97,,6,1,5,6,2,5,3,N,NULL,Y,N,1524,1531,1531,N,NULL,90,,,N,,N,N,098-CS-1191-0,NULL,NULL,2020,O,7.25E+11,098-CS-1191  -000,HIGH,098-CS-1191  -000,0.297,0,0,0,0,0,0,1,0,0,0,0,0,0,1
4906,72680280,980100,2.02E+11,20211002,250,,CASSIDY,,BLVD,,,0,098 CS-1191,CS1191,Y,N,NULL,NULL,NULL,N,NULL,NULL,NULL,NULL,NULL,NULL,0.345,NULL,NULL,NULL,NULL,,NULL,0,0,2,2,Y,N,15,NULL,98,9801,NULL,,Y,37.50592,-82.53869,N,NULL,NULL,NULL,NULL,NULL,NULL,NULL,NULL,1,3,,6,1,1,2,5,1,3,N,NULL,Y,N,250,250,,N,NULL,90,,,Y,,N,N,098-CS-1191-0,NULL,NULL,2021,O,7.27E+11,098-CS-1191  -000,HIGH,098-CS-1191  -000,0.345,0,0,0,0,0,0,0,0,1,0,0,0,0,1
4907,72547429,KSP0900,20-720169,20200929,2003,,FISHTRAP,,RD,KY1441,KY1441,0,098 KY-1441,KY1441,N,N,NULL,NULL,NULL,N,NULL,NULL,NULL,NULL,NULL,NULL,1.034,NULL,NULL,NULL,NULL,,NULL,1,0,1,1,N,N,55,NULL,98,9832,NULL,,Y,37.41014,-82.4331,N,NULL,NULL,NULL,NULL,NULL,NULL,NULL,NULL,9,3,2,3,1,5,2,6,7,3,N,NULL,Y,Y,2005,2023,,N,NULL,44,8,0,N,,N,N,098-KY-1441-0,NULL,NULL,2020,B,7.25E+11,098-KY-1441  -000,HIGH,098-KY-1441  -000,1.034,0,0,1,0,0,0,0,1,0,0,0,1,0,0
4908,72749035,980100,2.02E+11,20220404,1441,,CASSIDY,,BLVD,,,,,,Y,N,NULL,NULL,NULL,N,NULL,NULL,NULL,NULL,NULL,NULL,0.333,NULL,NULL,NULL,NULL,,NULL,0,0,2,2,N,N,,NULL,98,9801,NULL,,Y,37.50523,-82.53753,N,NULL,NULL,NULL,NULL,NULL,NULL,NULL,NULL,6,97,,6,1,1,3,2,5,3,N,NULL,Y,N,1441,1449,1449,N,NULL,90,,,N,,N,N,,NULL,NULL,2022,O,7.27E+11,098-CS-1191  -000,MEDIUM,098-CS-1191  -000,0.333,0,0,0,0,0,0,1,0,0,0,0,0,0,1
4909,72693614,980100,2.02E+11,20211103,1526,,US23,,,US0023,US0023,0,098 US-23,US0023,N,Y,MAYO,,CIR,N,NULL,NULL,NULL,NULL,NULL,NULL,22.282,NULL,NULL,NULL,NULL,,NULL,2,0,2,2,N,N,55,NULL,98,9801,NULL,,Y,37.46141,-82.51699,N,NULL,NULL,NULL,NULL,NULL,NULL,NULL,NULL,1,3,4,4,1,1,2,2,7,3,N,NULL,Y,Y,1526,1533,1551,N,NULL,10,,1,N,,N,Y,098-US-0023-0,NULL,NULL,2021,C,7.27E+11,098-US-0023  -000,HIGH,098-US-0023  -000,22.282,0,0,0,1,0,0,1,1,0,0,1,0,1,1
4910,72799618,980100,2.02E+11,20220823,1843,,HIBBARD,,ST,,,0,098 CS-1053,CS1053,Y,N,NULL,NULL,NULL,N,NULL,NULL,NULL,NULL,NULL,NULL,0.021,NULL,NULL,NULL,NULL,,NULL,1,0,2,2,N,N,,NULL,98,9801,NULL,,Y,37.4734,-82.52682,N,NULL,NULL,NULL,NULL,NULL,NULL,NULL,NULL,2,97,,6,1,1,2,2,5,3,N,NULL,Y,Y,1844,1850,1850,N,NULL,90,,,N,,N,N,098-CS-1053-0,NULL,NULL,2022,B,7.28E+11,098-CS-1053  -000,HIGH,098-CS-1053  -000,0.021,0,1,0,0,0,0,1,0,0,1,0,0,0,1
4911,72748002,KSP0900,2022-117950,20220401,1633,,GRAPEVINE,,RD,KY0194,KY0194,0,098 KY-194,KY0194,N,N,NULL,NULL,NULL,N,NULL,NULL,NULL,NULL,NULL,NULL,31.582,NULL,NULL,NULL,NULL,,NULL,1,0,2,2,N,N,55,NULL,98,9849,NULL,,Y,37.43352,-82.35934,N,NULL,NULL,NULL,NULL,NULL,NULL,NULL,NULL,7,3,2,2,1,1,2,2,7,3,Y,NULL,Y,Y,1633,1656,1727,N,NULL,54,7,0,N,,N,N,098-KY-0194-0,NULL,NULL,2022,B,7.27E+11,098-KY-0194  -000,HIGH,098-KY-0194  -000,31.582,0,0,0,0,0,0,0,0,0,0,0,1,0,0
4912,72780623,KSP0900,22-248032,20220701,100,,VIRGIE,,RD,KY0610,KY0610,0,098 KY-610,KY0610,N,N,NULL,NULL,NULL,N,NULL,NULL,NULL,NULL,NULL,NULL,7.967,NULL,NULL,NULL,NULL,,NULL,0,0,1,1,N,N,35,NULL,98,9827,NULL,,Y,37.33814,-82.58669,N,NULL,NULL,NULL,NULL,NULL,NULL,NULL,NULL,9,3,2,6,1,1,2,6,7,3,N,NULL,Y,N,100,110,110,N,NULL,70,7,0,N,,N,N,098-KY-0610-0,NULL,NULL,2022,O,7.28E+11,098-KY-0610  -000,HIGH,098-KY-0610  -000,7.967,0,0,0,0,0,0,1,0,0,0,0,0,0,0
4913,72730006,KSP0900,22-48307,20220209,1437,,US460,,,US0460,US0460,0,098 US-460,US0460,N,N,NULL,NULL,NULL,N,NULL,NULL,NULL,NULL,NULL,NULL,2.673,NULL,NULL,NULL,NULL,,NULL,0,0,2,2,Y,N,55,NULL,98,9824,NULL,,Y,37.43139,-82.48102,N,NULL,NULL,NULL,NULL,NULL,NULL,NULL,NULL,5,3,2,6,1,1,2,2,7,3,N,NULL,Y,N,1603,1807,1437,N,NULL,49,,1,N,,N,N,098-US-0460-0,NULL,NULL,2022,O,7.27E+11,098-US-0460  -000,HIGH,098-US-0460  -000,2.673,0,0,0,0,0,0,0,0,0,0,0,0,0,0
4914,72513933,KSP0900,20-556701,20200620,1730,,KY632,,,KY0632,KY0632,0,098 KY-632,KY0632,N,N,NULL,NULL,NULL,N,NULL,NULL,NULL,NULL,NULL,NULL,1.562,NULL,NULL,NULL,NULL,,NULL,2,0,2,2,N,N,55,NULL,98,9817,NULL,,Y,37.49697,-82.32649,N,NULL,NULL,NULL,NULL,NULL,NULL,NULL,NULL,7,3,2,3,1,5,2,2,7,3,N,NULL,N,N,1730,1730,1730,N,NULL,54,6,0,N,,N,N,098-KY-0632-0,NULL,NULL,2020,B,7.25E+11,098-KY-0632  -000,HIGH,098-KY-0632  -000,1.562,0,0,1,0,0,0,1,0,0,0,0,1,0,0
4915,72621408,KSP0900,21-166827,20210426,1649,,US460,,,US0460,US0460,0,098 US-460,US0460,N,N,NULL,NULL,NULL,N,NULL,NULL,NULL,NULL,NULL,NULL,2.673,NULL,NULL,NULL,NULL,,NULL,0,0,2,2,N,N,55,NULL,98,9801,NULL,,Y,37.43139,-82.48102,N,NULL,NULL,NULL,NULL,NULL,NULL,NULL,NULL,5,3,2,6,1,1,2,2,7,3,N,NULL,Y,N,1651,1709,,N,NULL,49,,1,N,,N,N,098-US-0460-0,NULL,NULL,2021,O,7.26E+11,098-US-0460  -000,HIGH,098-US-0460  -000,2.673,0,0,1,0,0,0,1,0,0,0,0,0,0,0
4916,72661299,980100,2.02E+11,20210821,1425,,US23,,,US0023,US0023,,,,N,N,NULL,NULL,NULL,N,NULL,NULL,NULL,NULL,NULL,NULL,23.062,NULL,NULL,NULL,NULL,,NULL,0,0,2,2,N,N,55,NULL,98,9801,NULL,,Y,37.46592,-82.52806,N,NULL,NULL,NULL,NULL,NULL,NULL,NULL,NULL,5,3,4,6,1,1,2,2,7,3,N,NULL,Y,N,1425,1427,1443,N,NULL,49,,1,N,,N,N,,NULL,NULL,2021,O,7.27E+11,098-US-0023  -000,MEDIUM,098-US-0023  -000,23.062,0,0,0,0,0,0,0,0,0,0,0,0,0,1
4917,72622218,980100,2.02E+11,20210507,1715,,US23,,,US0023,US0023,0,098 US-23,US0023,N,N,NULL,NULL,NULL,N,NULL,NULL,NULL,NULL,NULL,NULL,26.233,NULL,NULL,NULL,NULL,,NULL,0,0,2,2,N,N,55,NULL,98,9801,NULL,,Y,37.50294,-82.53205,N,NULL,NULL,NULL,NULL,NULL,NULL,NULL,NULL,5,3,4,6,1,1,2,2,1,3,N,NULL,Y,N,1715,1720,1728,N,NULL,49,,1,N,,N,N,098-US-0023-0,NULL,NULL,2021,O,7.26E+11,098-US-0023  -000,HIGH,098-US-0023  -000,26.233,0,0,0,0,0,0,1,0,0,0,0,0,0,1
4918,72738008,KSP0900,22-75418,20220301,1806,,US119,,,US0119,US0119,0,098 US-119,US0119,N,N,NULL,NULL,NULL,N,NULL,NULL,NULL,NULL,NULL,NULL,22.607,NULL,NULL,NULL,NULL,,NULL,0,0,2,2,N,N,55,NULL,98,9836,NULL,,Y,37.63979,-82.25883,N,NULL,NULL,NULL,NULL,NULL,NULL,NULL,NULL,5,3,2,6,1,1,2,2,3,3,N,NULL,N,N,1806,1812,1830,N,NULL,70,2,1,N,,N,N,098-US-0119-0,NULL,NULL,2022,O,7.27E+11,098-US-0119  -000,HIGH,098-US-0119  -000,22.607,0,0,0,0,0,0,1,0,0,0,0,0,0,0
4919,72659316,980100,2.02E+11,20210812,1757,,US23,,,US0023,US0023,0,098 US-23-10,US0023,N,N,NULL,NULL,NULL,N,NULL,NULL,NULL,NULL,NULL,NULL,25.418,NULL,NULL,NULL,NULL,,NULL,0,0,2,2,N,N,55,NULL,98,9801,NULL,,Y,37.49234,-82.53472,N,NULL,NULL,NULL,NULL,NULL,NULL,NULL,NULL,1,3,4,6,1,1,2,2,7,3,N,NULL,Y,N,1757,1805,1805,N,NULL,55,,1,N,,N,N,098-US-0023-10,NULL,NULL,2021,O,7.27E+11,098-US-0023  -010,HIGH,098-US-0023  -000,25.418,0,0,0,0,0,0,1,0,0,0,0,0,0,1
4920,72720297,980100,2.02E+11,20211213,1016,,OWSLEY,,RD,KY1384,KY1384,,,,Y,N,NULL,NULL,NULL,N,NULL,NULL,NULL,NULL,NULL,NULL,7.166,NULL,NULL,NULL,NULL,,NULL,0,0,2,2,N,N,15,NULL,98,9801,NULL,,Y,37.48038,-82.53668,N,NULL,NULL,NULL,NULL,NULL,NULL,NULL,NULL,2,97,1,6,1,1,2,2,1,3,N,NULL,Y,N,1016,1020,1020,N,NULL,90,16,0,N,,N,N,,NULL,NULL,2021,O,7.27E+11,098-KY-1384  -000,HIGH,098-KY-1384  -000,7.166,0,0,0,1,0,0,1,0,0,0,0,0,0,1
4921,72621480,KSP0900,21-180981,20210505,1830,,US119,,,US0119,US0119,0,098 US-119,US0119,N,N,NULL,NULL,NULL,N,NULL,NULL,NULL,NULL,NULL,NULL,23.512,NULL,NULL,NULL,NULL,,NULL,0,0,1,1,N,N,15,NULL,98,9836,NULL,,Y,37.64887,-82.26779,N,NULL,NULL,NULL,NULL,NULL,NULL,NULL,NULL,9,97,1,6,1,1,2,2,7,1,N,NULL,N,N,1830,1900,1900,Y,NULL,40,2,1,N,,N,N,098-US-0119-0,NULL,NULL,2021,O,7.26E+11,098-US-0119  -000,HIGH,098-US-0119  -000,23.512,0,0,0,0,0,0,0,0,1,0,0,1,0,0
4922,72525530,KSP0900,20-622199,20200728,950,,WILLIAMSON,,RD,KY0292,KY0292,,,,N,N,NULL,NULL,NULL,N,NULL,NULL,NULL,NULL,NULL,NULL,10.317,NULL,NULL,NULL,NULL,,NULL,0,0,1,1,N,N,35,NULL,98,9836,NULL,,Y,37.7132,-82.31174,N,NULL,NULL,NULL,NULL,NULL,NULL,NULL,NULL,9,3,2,6,1,1,2,2,7,3,N,NULL,Y,N,952,1037,1115,Y,NULL,40,7,0,N,,N,N,,NULL,NULL,2020,O,7.25E+11,098-KY-0292  -000,MEDIUM,098-KY-0292  -000,10.317,0,0,0,0,0,0,0,0,0,0,0,1,0,0
4923,72651783,980100,2.02E+11,20210720,1906,,THOMPSON,,RD,,,0,098 CS-1215,CS1215,N,N,NULL,NULL,NULL,N,NULL,NULL,NULL,NULL,NULL,NULL,0.547,NULL,NULL,NULL,NULL,,NULL,1,0,2,2,N,N,35,NULL,98,9801,NULL,,Y,37.50583,-82.54285,N,NULL,NULL,NULL,NULL,NULL,NULL,NULL,NULL,4,3,2,6,1,1,2,2,7,3,N,NULL,Y,Y,1906,1912,2008,N,NULL,70,,,N,,N,N,098-CS-1215-0,NULL,NULL,2021,B,7.27E+11,098-CS-1215  -000,HIGH,098-CS-1215  -000,0.547,0,0,1,0,0,0,1,0,0,0,0,0,0,1
4924,72723913,KSP0900,22-13697,20220111,1658,,US23,,,US0023,US0023,0,098 US-23-10,US0023,N,N,NULL,NULL,NULL,N,NULL,NULL,NULL,NULL,NULL,NULL,11.834,NULL,NULL,NULL,NULL,,NULL,1,0,3,3,N,N,55,NULL,98,9801,NULL,,Y,37.3609,-82.55508,N,NULL,NULL,NULL,NULL,NULL,NULL,NULL,NULL,5,3,4,6,1,1,2,3,7,3,N,NULL,Y,Y,1659,1714,1718,N,NULL,49,,1,N,,N,N,098-US-0023-10,NULL,NULL,2022,C,7.27E+11,098-US-0023  -010,HIGH,098-US-0023  -000,11.834,0,0,0,0,0,0,1,0,0,0,0,0,0,0
4925,72544909,980100,20200011542,20200922,1118,,US23,,,US0023,US0023,0,098 US-23-10,US0023,N,N,NULL,NULL,NULL,N,NULL,NULL,NULL,NULL,NULL,NULL,21.372,NULL,NULL,NULL,NULL,,NULL,1,0,2,2,N,N,55,NULL,98,9801,NULL,,Y,37.45013,-82.52436,N,NULL,NULL,NULL,NULL,NULL,NULL,NULL,NULL,3,3,4,6,1,1,2,2,6,3,N,NULL,Y,Y,1118,1129,1156,Y,NULL,52,,1,N,,Y,N,098-US-0023-10,NULL,NULL,2020,C,7.25E+11,098-US-0023  -010,HIGH,098-US-0023  -000,21.372,0,0,0,1,0,0,1,0,0,0,0,1,0,1
4926,72591215,980100,2.02E+11,20210204,901,,DIVISION,,ST,,,0,098 CS-1130,CS1130,N,Y,2ND,,ST,N,NULL,NULL,NULL,NULL,NULL,NULL,0.051,NULL,NULL,NULL,NULL,,NULL,0,0,2,2,N,N,15,NULL,98,9801,NULL,,Y,37.48005,-82.51831,N,NULL,NULL,NULL,NULL,NULL,NULL,NULL,NULL,5,3,2,6,1,1,3,2,1,3,N,NULL,Y,N,901,904,911,N,NULL,35,,,N,,N,N,098-CS-1130-0,NULL,NULL,2021,O,7.26E+11,098-CS-1130  -000,HIGH,098-CS-1130  -000,0.051,0,0,0,0,0,0,1,0,0,0,1,0,0,1
4927,72818697,980100,2.02E+11,20221018,1510,,US23,,,US0023,US0023,0,098 US-23-10,US0023,N,Y,CEDAR HILLS,,RD,N,NULL,NULL,NULL,NULL,NULL,NULL,22.941,NULL,NULL,NULL,NULL,,NULL,3,0,2,2,N,N,55,NULL,98,9801,NULL,,Y,37.46535,-82.52597,N,NULL,NULL,NULL,NULL,NULL,NULL,NULL,NULL,5,3,4,6,1,1,3,2,1,3,N,NULL,Y,Y,1510,1512,1543,N,NULL,35,,1,N,,N,N,098-US-0023-10,NULL,NULL,2022,B,7.28E+11,098-US-0023  -010,HIGH,098-US-0023  -000,22.941,0,0,0,0,0,0,1,0,0,0,1,0,0,1