OBJECTID,MasterFile,AgencyORINumber,LocalCode,CollisionDate,CollisionTime,CollisionDayWeekCode,RoadwayName,RoadwayName_Direction_,RoadwayName_RoadwaySuffix_,RoadwayfromReport,CurrentRoadwayNumber,RoadwayNumberCoupletID,RSEUniqueGIS,RoadwayIdentifier,ParkingLotIndicator,IntersectionWith_Indicator_,IntersectionWith_NameRoadway_,IntersectionWith_Direction_,IntersectionWith_RoadwaySuffix_,BetweenStreets_Indicator_,BetweenStreets1_NameRoadway_,BetweenStreet1_Direction_,BetweenStreets1_RoadwaySuffix_,BetweenStreets2_NameRoadway_,BetweenStreets2_Direction_,BetweenStreets2_RoadwaySuffix_,Milepoint,ReportMilepointDeriveNumber,CurrentDerivedMiepointNumber,MilestoMilepoint,FeettoMilepoint,DirectionfromMilepoint_NSEW_,ValidMilepointIndicator,NumberInjured,NumberKilled,ofUnits,ofMotorVehicleUnits,Hit&RunIndicator,OneWayIndicator,SpeedLimitNumber,KilometersIndicator,CountyCode,CityCountyCode,MilesFromCity,DirectionFromCity_NSEW_,InCityLimitsIndicator,Latitude,Longitude,RampIndicator,RampFromIdentifier,RampFromDirCode,RampFromCoupletID,RSEUniqueGISRampFrom,RampToidentifier,RampToDirCode,RampToCoupletID,RSEUniqueGisRampTo,MannerofCollisionCode,LocationFirstEventCode,TotalLanes,RoadwayCharacterCode,RoadwaySurfaceCode,RoadwayConditionCode,WeatherCode,LightConditionCode,LandUseCode,SchoolBusRelatedCode,FirstAidSceneIndicator,CollDescPresentInd,InvestigationCompleteIndicator,PhotosTakenIndicator,TimeNotified,TimeArrived,TimeRoadwayOpened,PropertyDamageIndicator,DiagramPresentIndicator,DirectionalAnalysis,FunctionClassCode,NationalHwySysCode,EnforcementsIndicator,KARSCityCode,SecondaryCollisionIndicator,MedianCrossoverIndicator,RT_UNIQUE,MapIt,TimeLastLeft,YR,KABCO,MFNY,WorkingRID,RT_CONFIDENCE,KTC_RT,KTC_MP,Motorcyclist,Commercial Vehicle,Young Driver,Mature Driver,Pedestrian,Bicyclist,Distracted,Aggressive,Impaired,Unrestrained,Intersection,Roadway Departure,Median Cross-over,City Crash
4928,72475737,KSP0900,20-5587,20200211,2203,,BIG CREEK,,RD,KY0468,KY0468,0,098 KY-468,KY0468,N,N,NULL,NULL,NULL,N,NULL,NULL,NULL,NULL,NULL,NULL,1.585,NULL,NULL,NULL,NULL,,NULL,0,0,1,1,Y,N,55,NULL,98,9833,NULL,,Y,37.63782,-82.35555,N,NULL,NULL,NULL,NULL,NULL,NULL,NULL,NULL,9,3,2,6,1,1,2,6,7,3,N,NULL,Y,N,2215,2231,2231,N,NULL,70,8,0,N,,N,N,098-KY-0468-0,NULL,NULL,2020,O,7.25E+11,098-KY-0468  -000,HIGH,098-KY-0468  -000,1.585,0,0,0,0,0,0,0,0,0,0,0,0,0,0
4929,72650195,980200,980200,20210708,1629,,JOHN MOORE,,BR,,,0,098 CR-1614,CR1614,N,N,NULL,NULL,NULL,N,NULL,NULL,NULL,NULL,NULL,NULL,1.486,NULL,NULL,NULL,NULL,,NULL,0,1,1,1,N,N,30,NULL,98,9802,NULL,,Y,37.30633,-82.36567,N,NULL,NULL,NULL,NULL,NULL,NULL,NULL,NULL,9,97,2,5,97,11,6,2,2,3,Y,NULL,Y,Y,1631,1634,,N,NULL,70,,,N,,N,N,098-CR-1614-0,NULL,NULL,2021,K,7.27E+11,098-CR-1614  -000,HIGH,098-CR-1614  -000,1.486,0,0,0,0,0,0,0,0,0,0,0,0,0,0
4930,72466643,980100,2.02E+12,20200121,1608,,HAMBLEY BOULEVARD,,,,,,,,N,N,NULL,NULL,NULL,N,NULL,NULL,NULL,NULL,NULL,NULL,,NULL,NULL,NULL,NULL,NULL,NULL,4,0,2,2,N,N,45,NULL,98,9801,NULL,,Y,37.47948,-82.54266,N,NULL,NULL,NULL,NULL,NULL,NULL,NULL,NULL,1,3,4,6,1,1,3,2,1,3,Y,NULL,Y,Y,1609,1633,1647,N,NULL,55,,,N,,N,N,,NULL,NULL,2020,A,7.25E+11,098-KY-1384  -000,MEDIUM,098-KY-1384  -000,6.822,0,0,0,1,0,0,1,1,0,0,0,1,0,1
4931,72690467,980100,2.02E+11,20211029,1447,,US23,,,US0023,US0023,0,098 US-23,US0023,N,N,NULL,NULL,NULL,N,NULL,NULL,NULL,NULL,NULL,NULL,24.125,NULL,NULL,NULL,NULL,,NULL,2,0,1,1,N,N,55,NULL,98,9801,NULL,,Y,37.47698,-82.54012,N,NULL,NULL,NULL,NULL,NULL,NULL,NULL,NULL,9,6,4,1,1,1,3,2,7,3,N,NULL,Y,Y,1447,1450,,N,NULL,51,,1,N,,N,N,098-US-0023-0,NULL,NULL,2021,C,7.27E+11,098-US-0023  -000,HIGH,098-US-0023  -000,24.125,0,0,0,0,0,0,0,0,0,0,0,1,0,1
4932,72855829,980100,2.02E+11,20230113,1133,,ISLAND CREEK,,RD,KY1426,KY1426,0,098 KY-1426,KY1426,N,N,NULL,NULL,NULL,N,NULL,NULL,NULL,NULL,NULL,NULL,,NULL,NULL,NULL,NULL,NULL,NULL,0,0,1,1,N,N,35,NULL,98,9801,NULL,,Y,37.45238,-82.53516,N,NULL,NULL,NULL,NULL,NULL,NULL,NULL,NULL,9,5,2,3,1,5,6,2,7,3,N,NULL,Y,N,1202,1202,1242,N,NULL,44,8,0,Y,,N,N,098-KY-1426-0,NULL,NULL,2023,O,7.29E+11,098-KY-1426  -000,HIGH,098-KY-1426  -000,3.662,0,0,0,0,0,0,0,0,1,0,0,1,0,1
4933,72675247,980100,2.02E+11,20210925,1901,,CHAMPIONSHIP,,DR,,,,,,Y,N,NULL,NULL,NULL,N,NULL,NULL,NULL,NULL,NULL,NULL,,NULL,NULL,NULL,NULL,NULL,NULL,0,0,2,2,N,N,15,NULL,98,9801,NULL,,Y,37.48727,-82.5427,N,NULL,NULL,NULL,NULL,NULL,NULL,NULL,NULL,2,97,,6,1,1,2,2,8,3,N,NULL,Y,N,1901,1906,,N,NULL,90,,,N,,N,N,,NULL,NULL,2021,O,7.27E+11,098-PR-1190  -000,MEDIUM,098-PR-1190  -000,0.12,0,0,0,0,0,0,0,0,0,0,0,0,0,1
4934,72523879,KSP0900,20-611929,20200721,1654,,POWELLS,,CRK,,,0,098 CR-1208,CR1208,N,N,NULL,NULL,NULL,N,NULL,NULL,NULL,NULL,NULL,NULL,1.536,NULL,NULL,NULL,NULL,,NULL,0,0,2,2,N,N,15,NULL,98,9801,NULL,,Y,37.40385,-82.40714,N,NULL,NULL,NULL,NULL,NULL,NULL,NULL,NULL,1,3,1,6,1,1,2,2,6,3,N,NULL,Y,N,1658,1733,,N,NULL,55,,,N,,N,N,098-CR-1208-0,NULL,NULL,2020,O,7.25E+11,098-CR-1208  -000,HIGH,098-CR-1208  -000,1.536,0,0,0,0,0,0,0,0,0,0,0,0,0,0
4935,72737579,KSP0900,22-79163,20220304,959,,WILLIAMSON,,RD,KY0292,KY0292,0,098 KY-292,KY0292,N,N,NULL,NULL,NULL,N,NULL,NULL,NULL,NULL,NULL,NULL,12.618,NULL,NULL,NULL,NULL,,NULL,0,0,1,1,N,N,35,NULL,98,9834,NULL,,Y,37.7396,-82.33288,N,NULL,NULL,NULL,NULL,NULL,NULL,NULL,NULL,9,5,2,3,1,1,2,2,7,3,N,NULL,Y,N,959,1015,1050,N,NULL,51,7,0,N,,N,N,098-KY-0292-0,NULL,NULL,2022,O,7.27E+11,098-KY-0292  -000,HIGH,098-KY-0292  -000,12.618,0,0,1,0,0,0,1,0,0,0,0,1,0,0
4936,72697172,980100,2.02E+11,20211108,1822,,KY3496,,,KY3496,KY3496,,,,Y,N,NULL,NULL,NULL,N,NULL,NULL,NULL,NULL,NULL,NULL,0.101,NULL,NULL,NULL,NULL,,NULL,0,0,2,2,N,N,,NULL,98,9801,NULL,,Y,37.46598,-82.52954,N,NULL,NULL,NULL,NULL,NULL,NULL,NULL,NULL,5,97,,6,1,1,2,5,1,3,N,NULL,Y,N,1823,1829,1829,N,NULL,90,16,0,N,,N,N,,NULL,NULL,2021,O,7.27E+11,098-KY-3496  -000,HIGH,098-KY-3496  -000,0.101,0,0,0,0,0,0,1,0,0,0,0,0,0,1
4937,72562641,KSP0900,20-778693,20201109,400,,KY122,,,KY0122,KY0122,0,098 KY-122,KY0122,N,N,NULL,NULL,NULL,N,NULL,NULL,NULL,NULL,NULL,NULL,3.972,NULL,NULL,NULL,NULL,,NULL,0,0,1,1,N,N,45,NULL,98,9827,NULL,,Y,37.34018,-82.60725,N,NULL,NULL,NULL,NULL,NULL,NULL,NULL,NULL,9,97,2,6,1,1,2,6,5,3,N,NULL,Y,Y,400,425,400,Y,NULL,40,,0,Y,,N,N,098-KY-0122-0,NULL,NULL,2020,O,7.26E+11,098-KY-0122  -000,HIGH,098-KY-0122  -000,3.972,0,0,0,0,0,0,0,0,1,1,0,1,0,0
4938,72548414,980100,2.02E+11,20201002,856,,BYPASS,S,RD,KY1426,KY1426,0,098 KY-1426,KY1426,Y,N,NULL,NULL,NULL,N,NULL,NULL,NULL,NULL,NULL,NULL,5.671,NULL,NULL,NULL,NULL,,NULL,0,0,2,2,N,N,15,NULL,98,9801,NULL,,Y,37.47268,-82.52319,N,NULL,NULL,NULL,NULL,NULL,NULL,NULL,NULL,2,97,2,6,1,1,2,2,5,3,N,NULL,Y,N,856,907,907,N,NULL,90,,0,N,,N,N,098-KY-1426-0,NULL,NULL,2020,O,7.25E+11,098-KY-1426  -000,HIGH,098-KY-1426  -000,5.671,0,0,0,0,0,0,0,0,0,0,0,0,0,1
4939,72826164,980500,2022AR051,20221102,1615,,MAYO TRAIL #103,N,,,,,,,Y,N,NULL,NULL,NULL,N,NULL,NULL,NULL,NULL,NULL,NULL,,NULL,NULL,NULL,NULL,NULL,NULL,0,0,2,2,N,N,15,NULL,98,9807,NULL,,Y,37.52646,-82.57446,N,NULL,NULL,NULL,NULL,NULL,NULL,NULL,NULL,2,97,2,6,1,1,2,2,1,3,N,NULL,Y,Y,1620,1630,1630,N,NULL,90,,,N,,N,N,,NULL,NULL,2022,O,7.28E+11,098-US-0023  -010,MEDIUM,098-US-0023  -000,29.205,0,0,0,1,0,0,0,0,0,0,0,0,0,0
4940,72762057,980100,2.02E+11,20220507,2212,,THOMPSON,,RD,,,0,098 CS-1215,CS1215,Y,N,NULL,NULL,NULL,N,NULL,NULL,NULL,NULL,NULL,NULL,0.33,NULL,NULL,NULL,NULL,,NULL,0,0,2,2,N,N,,NULL,98,9801,NULL,,Y,37.50801,-82.54305,N,NULL,NULL,NULL,NULL,NULL,NULL,NULL,NULL,2,97,,6,1,5,6,8,5,3,N,NULL,Y,N,2212,2223,2223,N,NULL,90,,,Y,,N,N,098-CS-1215-0,NULL,NULL,2022,O,7.28E+11,098-CS-1215  -000,HIGH,098-CS-1215  -000,0.33,0,0,0,0,0,0,1,0,1,0,0,0,0,1
4941,72775291,980100,2.02E+11,20220615,928,,MAIN,,ST,,,0,098 CS-1112,CS1112,N,N,NULL,NULL,NULL,N,NULL,NULL,NULL,NULL,NULL,NULL,0.12,NULL,NULL,NULL,NULL,,NULL,0,0,2,2,N,Y,15,NULL,98,9801,NULL,,Y,37.47929,-82.51762,N,NULL,NULL,NULL,NULL,NULL,NULL,NULL,NULL,2,97,2,6,1,1,2,2,7,3,N,NULL,Y,N,928,929,929,N,NULL,47,,,N,,N,N,098-CS-1112-0,NULL,NULL,2022,O,7.28E+11,098-CS-1112  -000,HIGH,098-CS-1112  -000,0.12,0,0,0,0,0,0,1,0,0,0,0,0,0,1
4942,72634387,980000,21-06-002,20210609,1635,,KY194,,,KY0194,KY0194,0,098 KY-194,KY0194,N,N,NULL,NULL,NULL,N,NULL,NULL,NULL,NULL,NULL,NULL,10.966,NULL,NULL,NULL,NULL,,NULL,1,0,1,1,N,N,55,NULL,98,9801,NULL,,Y,37.6024,-82.51573,N,NULL,NULL,NULL,NULL,NULL,NULL,NULL,NULL,9,3,2,6,1,5,6,2,7,3,Y,NULL,Y,Y,1635,1635,1635,N,NULL,38,7,0,N,,N,N,098-KY-0194-0,NULL,NULL,2021,B,7.26E+11,098-KY-0194  -000,HIGH,098-KY-0194  -000,10.966,1,0,0,1,0,0,0,0,0,0,0,1,0,0
4943,72825479,KSP0900,22-425261,20221104,2309,,US119,,,US0119,US0119,0,098 US-119,US0119,N,N,NULL,NULL,NULL,N,NULL,NULL,NULL,NULL,NULL,NULL,12.961,NULL,NULL,NULL,NULL,,NULL,0,0,1,1,N,N,55,NULL,98,9833,NULL,,Y,37.60734,-82.36562,N,NULL,NULL,NULL,NULL,NULL,NULL,NULL,NULL,9,3,2,6,1,1,2,6,7,3,N,NULL,Y,N,2309,2309,2309,N,NULL,38,2,1,N,,N,N,098-US-0119-0,NULL,NULL,2022,O,7.28E+11,098-US-0119  -000,HIGH,098-US-0119  -000,12.961,0,0,0,0,0,0,0,0,0,0,0,0,0,0
4944,72520552,980100,2.02E+11,20200713,1415,,BAIRD,,AVE,KY1426,KY1426,0,098 KY-1426,KY1426,N,N,NULL,NULL,NULL,N,NULL,NULL,NULL,NULL,NULL,NULL,5.392,NULL,NULL,NULL,NULL,,NULL,0,0,2,2,N,N,25,NULL,98,9801,NULL,,Y,37.47322,-82.52712,N,NULL,NULL,NULL,NULL,NULL,NULL,NULL,NULL,8,3,4,6,1,1,2,2,7,3,N,NULL,N,N,1415,1417,1425,N,NULL,53,,0,N,,N,N,098-KY-1426-0,NULL,NULL,2020,O,7.25E+11,098-KY-1426  -000,HIGH,098-KY-1426  -000,5.392,0,0,0,1,0,0,1,0,0,0,0,1,0,1
4945,72735530,KSP0900,22-28784,20220124,1140,,KY194,,,KY0194,KY0194,0,098 KY-194,KY0194,N,N,NULL,NULL,NULL,N,NULL,NULL,NULL,NULL,NULL,NULL,65.625,NULL,NULL,NULL,NULL,,NULL,0,0,1,1,N,N,35,NULL,98,9873,NULL,,Y,37.53557,-82.10032,N,NULL,NULL,NULL,NULL,NULL,NULL,NULL,NULL,9,3,2,1,1,1,3,2,7,3,N,NULL,Y,N,1140,1200,1400,Y,NULL,40,7,0,N,,N,N,098-KY-0194-0,NULL,NULL,2022,O,7.27E+11,098-KY-0194  -000,HIGH,098-KY-0194  -000,65.625,0,0,0,0,0,0,1,0,0,1,0,1,0,0
4946,72635883,980100,2.02E+11,20210601,1635,,2ND,,ST,,,0,098 CS-1117,CS1117,N,N,NULL,NULL,NULL,N,NULL,NULL,NULL,NULL,NULL,NULL,0.051,NULL,NULL,NULL,NULL,,NULL,0,0,2,2,N,N,15,NULL,98,9801,NULL,,Y,37.48289,-82.51608,N,NULL,NULL,NULL,NULL,NULL,NULL,NULL,NULL,8,3,1,6,1,1,2,2,1,3,N,NULL,Y,N,1635,1642,,N,NULL,53,,,N,,N,N,098-CS-1117-0,NULL,NULL,2021,O,7.26E+11,098-CS-1117  -000,HIGH,098-CS-1117  -000,0.051,0,0,0,0,0,0,1,0,0,0,0,1,0,1
4947,72443394,980100,2.02E+11,20191125,1613,,CASSIDY,,BLVD,,,,,,Y,N,NULL,NULL,NULL,N,NULL,NULL,NULL,NULL,NULL,NULL,0.292,NULL,NULL,NULL,NULL,,NULL,0,0,2,2,N,N,15,NULL,98,9801,NULL,,Y,37.505,-82.53666,N,NULL,NULL,NULL,NULL,NULL,NULL,NULL,NULL,2,97,1,6,1,1,2,2,1,3,N,NULL,Y,N,1613,1621,1621,N,NULL,90,,,N,,N,N,,NULL,NULL,2019,O,7.24E+11,098-CS-1191  -000,HIGH,098-CS-1191  -000,0.292,0,0,0,1,0,0,1,1,0,0,0,0,0,1
4948,72572895,980100,2.02E+11,20201207,1238,,US23,,,US0023,US0023,,,,N,N,NULL,NULL,NULL,N,NULL,NULL,NULL,NULL,NULL,NULL,30.937,NULL,NULL,NULL,NULL,,NULL,0,0,1,1,N,N,55,NULL,98,9801,NULL,,Y,37.54042,-82.59234,N,NULL,NULL,NULL,NULL,NULL,NULL,NULL,NULL,9,2,4,3,1,1,3,2,1,3,N,NULL,N,N,1238,1255,1316,N,NULL,70,,1,N,,N,N,,NULL,NULL,2020,O,7.26E+11,098-US-0023  -000,MEDIUM,098-US-0023  -000,30.937,0,0,0,0,0,0,0,0,0,0,0,1,0,1
4949,72770334,980100,2.02E+11,20220607,1720,,US23,,,US0023,US0023,0,098 US-23-10,US0023,N,N,NULL,NULL,NULL,N,NULL,NULL,NULL,NULL,NULL,NULL,26.486,NULL,NULL,NULL,NULL,,NULL,0,0,3,3,N,N,55,NULL,98,9801,NULL,,Y,37.50635,-82.5335,N,NULL,NULL,NULL,NULL,NULL,NULL,NULL,NULL,5,3,4,6,1,1,3,2,7,2,N,NULL,Y,N,1720,1720,1753,N,NULL,49,,1,N,,N,N,098-US-0023-10,NULL,NULL,2022,O,7.28E+11,098-US-0023  -010,HIGH,098-US-0023  -000,26.486,0,0,0,0,0,0,1,0,0,0,0,0,0,1
4950,72620155,KSP0900,21-175846,20210502,1133,,COLLINS,,HWY,KY0122,KY0122,0,098 KY-122,KY0122,N,N,NULL,NULL,NULL,N,NULL,NULL,NULL,NULL,NULL,NULL,10.394,NULL,NULL,NULL,NULL,,NULL,0,0,1,1,N,N,45,NULL,98,9801,NULL,,Y,37.38737,-82.54373,N,NULL,NULL,NULL,NULL,NULL,NULL,NULL,NULL,9,97,2,6,1,1,2,2,1,3,N,NULL,N,N,1133,1133,1140,Y,NULL,40,,0,N,,N,N,098-KY-0122-0,NULL,NULL,2021,O,7.26E+11,098-KY-0122  -000,HIGH,098-KY-0122  -000,10.394,0,0,0,0,0,0,1,0,0,0,0,1,0,0
4951,72522502,980100,2.02E+11,20200716,1140,,CASSIDY,,BLVD,,,0,098 CS-1191,CS1191,Y,N,NULL,NULL,NULL,N,NULL,NULL,NULL,NULL,NULL,NULL,0.316,NULL,NULL,NULL,NULL,,NULL,0,0,2,2,N,N,,NULL,98,9801,NULL,,Y,37.50522,-82.53718,N,NULL,NULL,NULL,NULL,NULL,NULL,NULL,NULL,2,97,1,6,1,1,2,2,1,3,N,NULL,Y,N,1140,1142,,N,NULL,90,,,N,,N,N,098-CS-1191-0,NULL,NULL,2020,O,7.25E+11,098-CS-1191  -000,HIGH,098-CS-1191  -000,0.316,0,0,1,0,0,0,1,0,0,0,0,0,0,1
4952,72815086,980100,2.02E+11,20221010,1526,,CHAMPIONSHIP,,DR,,,0,098 CS-1186-80,CS1186,Y,N,NULL,NULL,NULL,N,NULL,NULL,NULL,NULL,NULL,NULL,0.077,NULL,NULL,NULL,NULL,,NULL,0,0,2,2,N,Y,15,NULL,98,9801,NULL,,Y,37.48757,-82.54308,N,NULL,NULL,NULL,NULL,NULL,NULL,NULL,NULL,2,97,1,6,1,1,2,2,5,3,N,NULL,Y,N,1526,1532,1532,N,NULL,90,,,N,,N,N,098-CS-1186-80,NULL,NULL,2022,O,7.28E+11,098-CS-1186  -080,HIGH,098-CS-1186  -080,0.077,0,0,1,0,0,0,1,0,0,0,0,0,0,0
4953,72710528,KSP0900,21-509310,20211215,725,,KY199,,,KY0199,KY0199,0,098 KY-199,KY0199,N,N,NULL,NULL,NULL,N,NULL,NULL,NULL,NULL,NULL,NULL,10.883,NULL,NULL,NULL,NULL,,NULL,0,0,2,2,N,N,35,NULL,98,9851,NULL,,Y,37.59242,-82.27423,N,NULL,NULL,NULL,NULL,NULL,NULL,NULL,NULL,1,3,2,6,1,2,2,2,7,3,N,NULL,Y,N,725,810,830,N,NULL,55,7,0,N,,N,N,098-KY-0199-0,NULL,NULL,2021,O,7.27E+11,098-KY-0199  -000,HIGH,098-KY-0199  -000,10.883,0,0,0,0,0,0,0,0,0,0,0,0,0,0
4954,72796880,KSP0900,09-22-0606,20220716,2128,,ELKHORN,,CRK,KY0197,KY0197,0,098 KY-197,KY0197,N,N,NULL,NULL,NULL,N,NULL,NULL,NULL,NULL,NULL,NULL,14.566,NULL,NULL,NULL,NULL,,NULL,1,1,2,2,N,N,55,NULL,98,9802,NULL,,Y,37.28202,-82.36903,N,NULL,NULL,NULL,NULL,NULL,NULL,NULL,NULL,3,3,2,3,1,1,2,6,7,3,N,NULL,Y,Y,2128,2151,,N,NULL,52,7,0,Y,,N,N,098-KY-0197-0,NULL,NULL,2022,K,7.28E+11,098-KY-0197  -000,HIGH,098-KY-0197  -000,14.566,0,0,0,0,0,0,0,1,1,1,0,1,0,0
4955,72748405,KSP0900,22-112466,20220328,1830,,KY199,,,KY0199,KY0199,0,098 KY-199,KY0199,N,N,NULL,NULL,NULL,N,NULL,NULL,NULL,NULL,NULL,NULL,9.15,NULL,NULL,NULL,NULL,,NULL,3,0,2,2,N,N,35,NULL,98,9872,NULL,,Y,37.57215,-82.26783,N,NULL,NULL,NULL,NULL,NULL,NULL,NULL,NULL,6,3,2,6,1,1,2,2,7,3,N,NULL,Y,N,1800,1800,1800,N,NULL,70,7,0,N,,N,N,098-KY-0199-0,NULL,NULL,2022,C,7.27E+11,098-KY-0199  -000,HIGH,098-KY-0199  -000,9.15,0,0,0,0,0,0,0,0,0,0,0,0,0,0
4956,72493816,KSP0900,20-12735,20200407,1814,,US460,,,US0460,US0460,0,098 US-460,US0460,N,N,NULL,NULL,NULL,N,NULL,NULL,NULL,NULL,NULL,NULL,2.674,NULL,NULL,NULL,NULL,,NULL,0,0,2,2,N,N,55,NULL,98,9801,NULL,,Y,37.43138,-82.481,N,NULL,NULL,NULL,NULL,NULL,NULL,NULL,NULL,1,3,2,6,1,1,2,2,7,3,N,NULL,Y,N,1815,1819,1814,N,NULL,55,,1,N,,N,N,098-US-0460-0,NULL,NULL,2020,O,7.25E+11,098-US-0460  -000,HIGH,098-US-0460  -000,2.674,0,0,0,0,0,0,1,0,0,0,0,0,0,0
4957,72714980,KSP0900,21-527222,20211229,255,,US119,,,US0119,US0119,0,098 US-119,US0119,N,N,NULL,NULL,NULL,N,NULL,NULL,NULL,NULL,NULL,NULL,24.113,NULL,NULL,NULL,NULL,,NULL,1,0,2,1,N,N,45,NULL,98,9834,NULL,,Y,37.65722,-82.27096,N,NULL,NULL,NULL,NULL,NULL,NULL,NULL,NULL,9,3,4,6,1,5,6,5,1,3,N,NULL,N,Y,350,515,748,N,NULL,36,2,1,N,,N,N,098-US-0119-0,NULL,NULL,2021,A,7.27E+11,098-US-0119  -000,HIGH,098-US-0119  -000,24.113,0,0,0,0,1,0,0,1,0,1,0,0,0,0
4958,72530758,KSP0900,20-643648,20200810,2107,,DOUGLAS,,PARK,,,0,098 CR-1704,CR1704,Y,N,NULL,NULL,NULL,N,NULL,NULL,NULL,NULL,NULL,NULL,0.184,NULL,NULL,NULL,NULL,,NULL,0,0,2,2,N,N,,NULL,98,9827,NULL,,Y,37.37892,-82.53724,N,NULL,NULL,NULL,NULL,NULL,NULL,NULL,NULL,2,97,,6,1,1,2,5,8,3,N,NULL,Y,N,2109,2109,2135,N,NULL,90,,,N,,N,N,098-CR-1704-0,NULL,NULL,2020,O,7.25E+11,098-CR-1704  -000,HIGH,098-CR-1704  -000,0.184,0,0,1,0,0,0,0,0,0,0,0,0,0,0
4959,72617432,980100,2.02E+11,20210419,1734,,SCOTT,,AVE,,,,,,N,N,NULL,NULL,NULL,N,NULL,NULL,NULL,NULL,NULL,NULL,0.222,NULL,NULL,NULL,NULL,,NULL,0,0,2,2,N,Y,15,NULL,98,9801,NULL,,Y,37.48389,-82.51876,N,NULL,NULL,NULL,NULL,NULL,NULL,NULL,NULL,2,3,1,6,1,1,2,2,6,3,N,NULL,Y,N,1734,1737,1737,N,NULL,47,,,N,,N,N,,NULL,NULL,2021,O,7.26E+11,098-CS-1116  -000,MEDIUM,098-CS-1116  -000,0.222,0,0,0,0,0,0,1,0,0,0,0,0,0,1
4960,72876626,KSP0900,23-00103117,20230317,2046,,KY1056,,,KY1056,KY1056,0,098 KY-1056,KY1056,N,N,NULL,NULL,NULL,N,NULL,NULL,NULL,NULL,NULL,NULL,7.107,NULL,NULL,NULL,NULL,,NULL,0,0,1,1,N,N,55,NULL,98,9863,NULL,,Y,37.57272,-82.18089,N,NULL,NULL,NULL,NULL,NULL,NULL,NULL,NULL,9,3,2,3,1,5,3,6,7,3,N,NULL,N,N,2046,2100,2100,N,NULL,44,7,0,N,,N,N,098-KY-1056-0,NULL,NULL,2023,O,7.29E+11,098-KY-1056  -000,HIGH,098-KY-1056  -000,7.111,0,0,0,0,0,0,0,1,0,0,0,1,0,0
4961,72762456,KSP0900,22-182089,20220517,36,,TOLER,,RD,KY0319,KY0319,0,098 KY-319,KY0319,N,N,NULL,NULL,NULL,N,NULL,NULL,NULL,NULL,NULL,NULL,1.896,NULL,NULL,NULL,NULL,,NULL,0,0,1,1,N,N,45,NULL,98,9842,NULL,,Y,37.59566,-82.20426,N,NULL,NULL,NULL,NULL,NULL,NULL,NULL,NULL,9,3,2,4,1,1,2,6,7,3,N,NULL,Y,N,36,59,100,N,NULL,40,7,0,N,,N,N,098-KY-0319-0,NULL,NULL,2022,O,7.28E+11,098-KY-0319  -000,HIGH,098-KY-0319  -000,1.896,0,0,0,0,0,0,0,0,0,0,0,1,0,0
4962,72723538,980100,2.02E+11,20220119,2056,,BYPASS,N,RD,KY1460,KY1460,0,098 KY-1460,KY1460,N,N,NULL,NULL,NULL,N,NULL,NULL,NULL,NULL,NULL,NULL,6.237,NULL,NULL,NULL,NULL,,NULL,0,0,1,1,N,N,45,NULL,98,9801,NULL,,Y,37.48544,-82.53165,N,NULL,NULL,NULL,NULL,NULL,NULL,NULL,NULL,9,3,2,6,1,5,6,5,6,3,N,NULL,Y,N,2056,2056,2103,N,NULL,70,16,0,N,,N,N,098-KY-1460-0,NULL,NULL,2022,O,7.27E+11,098-KY-1460  -000,HIGH,098-KY-1460  -000,6.237,0,0,0,0,0,0,0,0,0,0,0,0,0,1
4963,72546897,980000,20-09-006,20200923,2000,,CALLOWAY BRANCH SENG CAMP,,RD,KY3419,KY3419,0,098 KY-3419,KY3419,N,N,NULL,NULL,NULL,N,NULL,NULL,NULL,NULL,NULL,NULL,6.895,NULL,NULL,NULL,NULL,,NULL,0,0,1,1,N,Y,25,NULL,98,9804,3,E,N,37.50045,-82.2058,N,NULL,NULL,NULL,NULL,NULL,NULL,NULL,NULL,9,5,1,5,1,1,2,6,7,3,N,NULL,Y,Y,2010,2035,2210,N,NULL,51,9,0,N,,N,N,098-KY-3419-0,NULL,NULL,2020,O,7.25E+11,098-KY-3419  -000,HIGH,098-KY-3419  -000,6.895,0,0,0,0,0,0,1,0,0,0,0,1,0,0
4964,72720127,KSP0900,22-14317,20220112,825,,KY612,,,KY0612,KY0612,0,098 KY-612,KY0612,N,N,NULL,NULL,NULL,N,NULL,NULL,NULL,NULL,NULL,NULL,7.877,NULL,NULL,NULL,NULL,,NULL,0,0,1,1,N,N,45,NULL,98,9826,NULL,,Y,37.66757,-82.3073,N,NULL,NULL,NULL,NULL,NULL,NULL,NULL,NULL,9,3,2,6,1,5,3,2,7,3,N,NULL,Y,N,830,915,1000,N,NULL,40,8,0,N,,N,N,098-KY-0612-0,NULL,NULL,2022,O,7.27E+11,098-KY-0612  -000,HIGH,098-KY-0612  -000,7.877,0,0,0,0,0,0,1,0,0,0,0,1,0,0
4965,72676441,KSP0900,21-401638,20210928,925,,4TH,W,ST,,,0,098 CS-2020,CS2020,N,N,NULL,NULL,NULL,N,NULL,NULL,NULL,NULL,NULL,NULL,0.215,NULL,NULL,NULL,NULL,,NULL,0,0,2,2,N,N,35,NULL,98,9802,NULL,,Y,37.30101,-82.35104,N,NULL,NULL,NULL,NULL,NULL,NULL,NULL,NULL,2,3,2,6,1,1,2,2,7,3,N,NULL,Y,N,958,1025,1025,N,NULL,47,,,N,,N,N,098-CS-2020-0,NULL,NULL,2021,O,7.27E+11,098-CS-2020  -000,HIGH,098-CS-2020  -000,0.215,0,0,0,0,0,0,0,0,0,0,0,0,0,0