OBJECTID,MasterFile,AgencyORINumber,LocalCode,CollisionDate,CollisionTime,CollisionDayWeekCode,RoadwayName,RoadwayName_Direction_,RoadwayName_RoadwaySuffix_,RoadwayfromReport,CurrentRoadwayNumber,RoadwayNumberCoupletID,RSEUniqueGIS,RoadwayIdentifier,ParkingLotIndicator,IntersectionWith_Indicator_,IntersectionWith_NameRoadway_,IntersectionWith_Direction_,IntersectionWith_RoadwaySuffix_,BetweenStreets_Indicator_,BetweenStreets1_NameRoadway_,BetweenStreet1_Direction_,BetweenStreets1_RoadwaySuffix_,BetweenStreets2_NameRoadway_,BetweenStreets2_Direction_,BetweenStreets2_RoadwaySuffix_,Milepoint,ReportMilepointDeriveNumber,CurrentDerivedMiepointNumber,MilestoMilepoint,FeettoMilepoint,DirectionfromMilepoint_NSEW_,ValidMilepointIndicator,NumberInjured,NumberKilled,ofUnits,ofMotorVehicleUnits,Hit&RunIndicator,OneWayIndicator,SpeedLimitNumber,KilometersIndicator,CountyCode,CityCountyCode,MilesFromCity,DirectionFromCity_NSEW_,InCityLimitsIndicator,Latitude,Longitude,RampIndicator,RampFromIdentifier,RampFromDirCode,RampFromCoupletID,RSEUniqueGISRampFrom,RampToidentifier,RampToDirCode,RampToCoupletID,RSEUniqueGisRampTo,MannerofCollisionCode,LocationFirstEventCode,TotalLanes,RoadwayCharacterCode,RoadwaySurfaceCode,RoadwayConditionCode,WeatherCode,LightConditionCode,LandUseCode,SchoolBusRelatedCode,FirstAidSceneIndicator,CollDescPresentInd,InvestigationCompleteIndicator,PhotosTakenIndicator,TimeNotified,TimeArrived,TimeRoadwayOpened,PropertyDamageIndicator,DiagramPresentIndicator,DirectionalAnalysis,FunctionClassCode,NationalHwySysCode,EnforcementsIndicator,KARSCityCode,SecondaryCollisionIndicator,MedianCrossoverIndicator,RT_UNIQUE,MapIt,TimeLastLeft,YR,KABCO,MFNY,WorkingRID,RT_CONFIDENCE,KTC_RT,KTC_MP,Motorcyclist,Commercial Vehicle,Young Driver,Mature Driver,Pedestrian,Bicyclist,Distracted,Aggressive,Impaired,Unrestrained,Intersection,Roadway Departure,Median Cross-over,City Crash
4966,72701295,KSP0900,21-478000,20211122,1819,,US460,,,US0460,US0460,0,098 US-460,US0460,N,N,NULL,NULL,NULL,N,NULL,NULL,NULL,NULL,NULL,NULL,4.879,NULL,NULL,NULL,NULL,,NULL,0,0,2,2,Y,N,55,NULL,98,9832,NULL,,Y,37.41236,-82.45043,N,NULL,NULL,NULL,NULL,NULL,NULL,NULL,NULL,4,3,2,6,1,1,2,6,7,3,N,NULL,Y,N,1914,1914,1819,N,NULL,70,,1,N,,N,N,098-US-0460-0,NULL,NULL,2021,O,7.27E+11,098-US-0460  -000,HIGH,098-US-0460  -000,4.879,0,0,0,0,0,0,1,1,0,0,0,0,0,0
4967,72656101,KSP0900,21-329063,20210807,2350,,MOSSY BOTTOM,,LN,,,0,098 CR-1426F,CR1426F,N,N,NULL,NULL,NULL,N,NULL,NULL,NULL,NULL,NULL,NULL,0.057,NULL,NULL,NULL,NULL,,NULL,0,0,2,2,Y,N,15,NULL,98,9801,NULL,,Y,37.53004,-82.57867,N,NULL,NULL,NULL,NULL,NULL,NULL,NULL,NULL,1,97,1,6,1,1,2,7,6,3,N,NULL,Y,N,1219,1247,1247,N,NULL,47,,,N,,N,N,098-CR-1426F-0,NULL,NULL,2021,O,7.27E+11,098-CR-1426F -000,MEDIUM,098-CR-1426F -000,0.057,0,0,1,0,0,0,0,0,0,1,0,0,0,0
4968,72655945,KSP0900,21-308415,20210725,1742,,US460,,,US0460,US0460,0,098 US-460,US0460,N,N,NULL,NULL,NULL,N,NULL,NULL,NULL,NULL,NULL,NULL,4.272,NULL,NULL,NULL,NULL,,NULL,2,0,3,3,N,N,45,NULL,98,9832,NULL,,Y,37.41852,-82.45725,N,NULL,NULL,NULL,NULL,NULL,NULL,NULL,NULL,1,3,2,6,1,1,2,2,7,3,N,NULL,Y,Y,1743,1749,1845,N,NULL,55,,1,N,,N,N,098-US-0460-0,NULL,NULL,2021,C,7.27E+11,098-US-0460  -000,HIGH,098-US-0460  -000,4.272,0,0,0,1,0,0,0,1,0,0,0,1,0,0
4969,72557843,KSP0900,20-755617,20201024,300,,US119,,,US0119,US0119,0,098 US-119,US0119,Y,N,NULL,NULL,NULL,N,NULL,NULL,NULL,NULL,NULL,NULL,24.824,NULL,NULL,NULL,NULL,,NULL,0,0,1,1,Y,N,,NULL,98,9834,NULL,,Y,37.66633,-82.27505,N,NULL,NULL,NULL,NULL,NULL,NULL,NULL,NULL,9,97,4,6,1,1,2,5,1,3,N,NULL,Y,Y,1035,1050,1050,Y,NULL,90,2,1,N,,N,N,098-US-0119-0,NULL,NULL,2020,O,7.26E+11,098-US-0119  -000,HIGH,098-US-0119  -000,24.824,0,0,0,0,0,0,1,0,0,0,0,1,0,0
4970,72594242,KSP0900,2152887,20210209,830,,CEDAR HILLS,,RD,KY1426,KY1426,0,098 KY-1426,KY1426,N,N,NULL,NULL,NULL,N,NULL,NULL,NULL,NULL,NULL,NULL,3.692,NULL,NULL,NULL,NULL,,NULL,0,0,1,1,N,N,55,NULL,98,9801,NULL,,Y,37.45241,-82.53528,N,NULL,NULL,NULL,NULL,NULL,NULL,NULL,NULL,9,3,2,1,1,2,2,2,7,3,N,NULL,N,N,830,830,928,N,NULL,70,8,0,N,,N,N,098-KY-1426-0,NULL,NULL,2021,O,7.26E+11,098-KY-1426  -000,HIGH,098-KY-1426  -000,3.692,0,0,0,0,0,0,0,0,0,0,0,1,0,1
4971,72451051,KSP0900,19-48764,20191214,955,,KY1469,,,KY1469,KY1469,0,098 KY-1469,KY1469,N,N,NULL,NULL,NULL,N,NULL,NULL,NULL,NULL,NULL,NULL,9.413,NULL,NULL,NULL,NULL,,NULL,3,0,2,2,N,N,55,NULL,98,9827,NULL,,Y,37.32489,-82.61132,N,NULL,NULL,NULL,NULL,NULL,NULL,NULL,NULL,5,3,2,6,1,5,6,2,7,3,Y,NULL,Y,Y,957,1008,1119,N,NULL,49,8,0,Y,,N,N,098-KY-1469-0,NULL,NULL,2019,C,7.25E+11,098-KY-1469  -000,HIGH,098-KY-1469  -000,9.413,0,0,0,0,0,0,0,1,1,0,0,0,0,0
4972,72544085,980100,2.02E+11,20200919,1324,,LEE,,AVE,,,0,,LEE AVE,Y,N,NULL,NULL,NULL,N,NULL,NULL,NULL,NULL,NULL,NULL,,NULL,NULL,NULL,NULL,,NULL,0,0,2,2,N,N,15,NULL,98,9801,NULL,,Y,37.50208,-82.53448,N,NULL,NULL,NULL,NULL,NULL,NULL,NULL,NULL,2,97,1,6,1,1,2,2,1,3,N,NULL,Y,N,1324,1326,1326,N,NULL,90,,,N,,N,N,,NULL,NULL,2020,O,7.25E+11,098-CS-1191  -000,MEDIUM,098-CS-1191  -000,0.121,0,0,0,1,0,0,1,0,0,0,0,0,0,1
4973,72526907,KSP0900,20-619850,20200726,1828,,ELKHORN,,CRK,KY0197,KY0197,0,098 KY-197,KY0197,N,N,NULL,NULL,NULL,N,NULL,NULL,NULL,NULL,NULL,NULL,0.018,NULL,NULL,NULL,NULL,,NULL,0,0,2,2,N,N,55,NULL,98,9867,NULL,,Y,37.21259,-82.55679,N,NULL,NULL,NULL,NULL,NULL,NULL,NULL,NULL,1,3,2,6,1,1,2,2,7,3,N,NULL,Y,N,1830,1850,,N,NULL,55,7,0,N,,N,N,098-KY-0197-0,NULL,NULL,2020,O,7.25E+11,098-KY-0197  -000,HIGH,098-KY-0197  -000,0.018,0,0,0,1,0,0,1,0,0,1,0,0,0,0
4974,72589588,KSP0900,21-27349,20210121,1222,,US460,,,US0460,US0460,0,098 US-460,US0460,N,N,NULL,NULL,NULL,N,NULL,NULL,NULL,NULL,NULL,NULL,2.76,NULL,NULL,NULL,NULL,,NULL,0,0,2,2,N,N,55,NULL,98,9801,NULL,,Y,37.43077,-82.47959,N,NULL,NULL,NULL,NULL,NULL,NULL,NULL,NULL,5,3,2,6,1,1,2,2,7,3,N,NULL,Y,N,1222,1231,1231,N,NULL,49,,1,N,,N,N,098-US-0460-0,NULL,NULL,2021,O,7.26E+11,098-US-0460  -000,HIGH,098-US-0460  -000,2.76,0,0,0,1,0,0,0,1,0,0,0,0,0,0
4975,72686858,KSP0900,21-419920,20211011,1516,,DOUGLAS,,PARK,,,0,098 CR-1704,CR1704,Y,N,NULL,NULL,NULL,N,NULL,NULL,NULL,NULL,NULL,NULL,0.063,NULL,NULL,NULL,NULL,,NULL,0,0,2,1,N,N,,NULL,98,9801,NULL,,Y,37.37945,-82.53949,N,NULL,NULL,NULL,NULL,NULL,NULL,NULL,NULL,2,97,2,6,3,1,2,2,4,3,N,NULL,Y,N,1516,1528,1516,N,NULL,90,,,N,,N,N,098-CR-1704-0,NULL,NULL,2021,O,7.27E+11,098-CR-1704  -000,HIGH,098-CR-1704  -000,0.063,0,0,1,0,0,0,1,0,0,0,0,0,0,0
4976,72591857,980100,2.02E+11,20210205,828,,BYPASS,S,RD,KY1426,KY1426,,,,Y,N,NULL,NULL,NULL,N,NULL,NULL,NULL,NULL,NULL,NULL,5.813,NULL,NULL,NULL,NULL,,NULL,0,0,2,2,N,N,15,NULL,98,9801,NULL,,Y,37.4736,-82.52084,N,NULL,NULL,NULL,NULL,NULL,NULL,NULL,NULL,8,97,2,4,1,1,2,2,1,3,N,NULL,Y,N,828,830,835,N,NULL,90,,0,N,,N,N,,NULL,NULL,2021,O,7.26E+11,098-KY-1426  -000,MEDIUM,098-KY-1426  -000,5.813,0,0,0,0,0,0,0,0,0,0,0,0,0,1
4977,72465859,980500,2020AR007,20200120,1230,,MAYO,N,TRL,US0023,US0023,0,098 US-23,US0023,Y,N,NULL,NULL,NULL,N,NULL,NULL,NULL,NULL,NULL,NULL,28.395,NULL,NULL,NULL,NULL,,NULL,0,0,2,2,Y,N,15,NULL,98,9807,NULL,,Y,37.51974,-82.56891,N,NULL,NULL,NULL,NULL,NULL,NULL,NULL,NULL,2,7,2,6,1,1,3,2,1,3,N,NULL,Y,N,1230,1232,,N,NULL,90,,1,N,,N,N,098-US-0023-0,NULL,NULL,2020,O,7.25E+11,098-US-0023  -000,HIGH,098-US-0023  -000,28.395,0,0,0,0,0,0,0,0,0,0,0,0,0,0
4978,72590247,980100,2.02E+11,20210125,1244,,CASSIDY,,BLVD,,,0,098 CS-1191,CS1191,Y,N,NULL,NULL,NULL,N,NULL,NULL,NULL,NULL,NULL,NULL,,NULL,NULL,NULL,NULL,NULL,NULL,0,0,2,2,N,N,15,NULL,98,9801,NULL,,Y,37.50633,-82.5378,N,NULL,NULL,NULL,NULL,NULL,NULL,NULL,NULL,2,97,1,6,1,5,6,2,1,3,N,NULL,Y,Y,1244,1256,1321,N,NULL,90,,,N,,N,N,098-CS-1191-0,NULL,NULL,2021,O,7.26E+11,098-CS-1191  -000,HIGH,098-CS-1191  -000,0.337,0,0,1,0,0,0,1,0,0,0,0,0,0,1
4979,72771851,KSP0900,22-218961,20220611,1300,,US460,,,US0460,US0460,0,098 US-460,US0460,N,N,NULL,NULL,NULL,N,NULL,NULL,NULL,NULL,NULL,NULL,9.507,NULL,NULL,NULL,NULL,,NULL,0,0,2,2,N,N,45,NULL,98,9830,NULL,,Y,37.36754,-82.41164,N,NULL,NULL,NULL,NULL,NULL,NULL,NULL,NULL,5,3,2,6,1,1,2,2,7,3,N,NULL,Y,N,1301,1302,1330,N,NULL,49,,1,N,,N,N,098-US-0460-0,NULL,NULL,2022,O,7.28E+11,098-US-0460  -000,HIGH,098-US-0460  -000,9.507,0,0,0,1,0,0,0,0,0,0,0,0,0,0
4980,72432608,980200,980200,20191029,1400,,ELKHORN,,CRK,KY0197,KY0197,0,098 KY-197,KY0197,N,N,NULL,NULL,NULL,N,NULL,NULL,NULL,NULL,NULL,NULL,14.492,NULL,NULL,NULL,NULL,,NULL,1,0,1,1,N,N,55,NULL,98,9802,0.1,S,N,37.28134,-82.37019,N,NULL,NULL,NULL,NULL,NULL,NULL,NULL,NULL,9,5,2,3,1,1,3,2,1,3,Y,NULL,Y,Y,1400,1410,1535,N,NULL,51,7,0,N,,N,N,098-KY-0197-0,NULL,NULL,2019,A,7.24E+11,098-KY-0197  -000,HIGH,098-KY-0197  -000,14.492,0,0,0,0,0,0,0,0,0,0,0,1,0,0
4981,72845339,980100,2.02E+11,20221219,1241,,US119,,,US0119,US0119,0,098 US-119,US0119,N,N,NULL,NULL,NULL,N,NULL,NULL,NULL,NULL,NULL,NULL,2.663,NULL,NULL,NULL,NULL,,NULL,1,0,3,3,N,N,55,NULL,98,9801,NULL,,Y,37.51406,-82.48768,N,NULL,NULL,NULL,NULL,NULL,NULL,NULL,NULL,1,3,4,6,1,1,2,2,7,3,Y,NULL,Y,Y,1242,1246,1309,N,NULL,55,2,1,N,,N,N,098-US-0119-0,NULL,NULL,2022,B,7.28E+11,098-US-0119  -000,HIGH,098-US-0119  -000,2.663,0,0,0,1,0,0,0,1,0,0,0,0,0,1
4982,72801029,KSP0900,22-341536,20220903,840,,FISHTRAP,,RD,KY1441,KY1441,0,098 KY-1441,KY1441,N,N,NULL,NULL,NULL,N,NULL,NULL,NULL,NULL,NULL,NULL,8.72,NULL,NULL,NULL,NULL,,NULL,0,0,1,1,Y,N,45,NULL,98,9850,NULL,,Y,37.49982,-82.44548,N,NULL,NULL,NULL,NULL,NULL,NULL,NULL,NULL,9,97,2,3,1,1,2,2,7,3,N,NULL,N,N,1004,1020,1020,Y,NULL,70,8,0,N,,N,N,098-KY-1441-0,NULL,NULL,2022,O,7.28E+11,098-KY-1441  -000,HIGH,098-KY-1441  -000,8.72,0,0,0,0,0,0,1,0,0,0,0,0,0,0
4983,72844057,980100,2.02E+11,20221216,1430,,CASSIDY,,BLVD,,,0,098 CS-1191,CS1191,Y,N,NULL,NULL,NULL,N,NULL,NULL,NULL,NULL,NULL,NULL,0.038,NULL,NULL,NULL,NULL,,NULL,0,0,1,1,N,N,,NULL,98,9801,NULL,,Y,37.50371,-82.53279,N,NULL,NULL,NULL,NULL,NULL,NULL,NULL,NULL,9,97,1,6,1,1,2,2,1,3,N,NULL,Y,N,1430,1456,1456,Y,NULL,90,,,N,,N,N,098-CS-1191-0,NULL,NULL,2022,O,7.28E+11,098-CS-1191  -000,HIGH,098-CS-1191  -000,0.038,0,0,0,0,0,0,1,0,0,0,0,1,0,1
4984,72456390,KSP0900,19-49201,20191217,1515,,WILLIAMSON,,RD,KY0292,KY0292,0,098 KY-292,KY0292,N,N,NULL,NULL,NULL,N,NULL,NULL,NULL,NULL,NULL,NULL,5.189,NULL,NULL,NULL,NULL,,NULL,0,0,2,2,N,N,35,NULL,98,9834,NULL,,Y,37.67356,-82.28294,N,NULL,NULL,NULL,NULL,NULL,NULL,NULL,NULL,1,3,2,6,1,5,6,2,7,3,Y,NULL,Y,Y,151,1530,1545,N,NULL,55,7,0,N,,N,N,098-KY-0292-0,NULL,NULL,2019,O,7.25E+11,098-KY-0292  -000,HIGH,098-KY-0292  -000,5.189,0,0,0,0,0,0,1,1,0,0,0,0,0,0
4985,72539646,980100,2.02E+11,20200906,1610,,OWSLEY,,RD,KY1384,KY1384,,,,N,N,NULL,NULL,NULL,N,NULL,NULL,NULL,NULL,NULL,NULL,6.122,NULL,NULL,NULL,NULL,,NULL,0,0,2,2,N,N,35,NULL,98,9801,NULL,,Y,37.47591,-82.55405,N,NULL,NULL,NULL,NULL,NULL,NULL,NULL,NULL,5,3,2,4,1,1,2,2,6,3,N,NULL,Y,N,1610,1610,1640,N,NULL,49,17,0,Y,,N,N,,NULL,NULL,2020,O,7.25E+11,098-KY-1384  -000,HIGH,098-KY-1384  -000,6.122,0,0,1,0,0,0,1,0,0,0,0,0,0,1
4986,72848095,KSP0900,22-496359,20221228,2053,,BIG CREEK,,RD,KY0468,KY0468,0,098 KY-468,KY0468,N,N,NULL,NULL,NULL,N,NULL,NULL,NULL,NULL,NULL,NULL,5.462,NULL,NULL,NULL,NULL,,NULL,1,0,1,1,N,N,55,NULL,98,9833,NULL,,Y,37.68163,-82.38049,N,NULL,NULL,NULL,NULL,NULL,NULL,NULL,NULL,9,3,2,3,1,1,2,6,7,3,Y,NULL,Y,Y,2100,2245,2300,N,NULL,44,8,0,N,,N,N,098-KY-0468-0,NULL,NULL,2022,C,7.28E+11,098-KY-0468  -000,HIGH,098-KY-0468  -000,5.462,0,0,0,0,0,0,0,0,0,0,0,1,0,0
4987,72642857,980100,2.02E+11,20210701,2257,,JULIUS,,AVE,,,0,098 CS-1156,CS1156,N,N,NULL,NULL,NULL,N,NULL,NULL,NULL,NULL,NULL,NULL,0.211,NULL,NULL,NULL,NULL,,NULL,0,0,2,2,N,N,15,NULL,98,9801,NULL,,Y,37.47887,-82.52423,N,NULL,NULL,NULL,NULL,NULL,NULL,NULL,NULL,5,97,1,6,3,8,5,5,6,3,N,NULL,Y,N,2257,2301,2301,N,NULL,47,,,N,,N,N,098-CS-1156-0,NULL,NULL,2021,O,7.26E+11,098-CS-1156  -000,HIGH,098-CS-1156  -000,0.211,0,0,0,0,0,0,1,0,0,0,0,0,0,1
4988,72763482,980500,2022AR021,20220519,1003,,US HWY 23 SOUTH,,,,,,,,N,N,NULL,NULL,NULL,N,NULL,NULL,NULL,NULL,NULL,NULL,,NULL,NULL,NULL,NULL,NULL,NULL,3,0,2,2,N,N,45,NULL,98,9807,NULL,,Y,37.52013,-82.56784,N,NULL,NULL,NULL,NULL,NULL,NULL,NULL,NULL,1,3,6,6,1,1,2,2,7,3,Y,NULL,Y,Y,1003,1005,1116,N,NULL,55,,,Y,,N,N,,NULL,NULL,2022,C,7.28E+11,098-US-0023  -010,MEDIUM,098-US-0023  -000,28.64,0,0,0,0,0,0,1,1,0,1,0,0,0,0
4989,72644785,980100,2.02E+11,20210701,2044,,KENTUCKY,,AVE,,,0,098 CS-1162,CS1162,N,Y,SMITH,,ST,N,NULL,NULL,NULL,NULL,NULL,NULL,0.056,NULL,NULL,NULL,NULL,,NULL,0,0,2,2,Y,N,15,NULL,98,9801,NULL,,Y,37.48314,-82.52132,N,NULL,NULL,NULL,NULL,NULL,NULL,NULL,NULL,2,3,,,1,5,6,3,6,3,N,NULL,Y,Y,2044,2047,,Y,NULL,6,,,Y,,N,N,098-CS-1162-0,NULL,NULL,2021,O,7.26E+11,098-CS-1162  -000,HIGH,098-CS-1162  -000,0.056,0,0,0,0,0,0,1,0,0,1,1,0,0,1
4990,72631128,KSP0900,21-222812,20210531,1812,,US119,,,US0119,US0119,0,098 US-119,US0119,N,N,NULL,NULL,NULL,N,NULL,NULL,NULL,NULL,NULL,NULL,19.135,NULL,NULL,NULL,NULL,,NULL,0,0,2,2,N,N,55,NULL,98,9851,NULL,,Y,37.60317,-82.27387,N,NULL,NULL,NULL,NULL,NULL,NULL,NULL,NULL,5,3,4,6,1,1,2,2,7,3,N,NULL,Y,N,1812,1820,1825,N,NULL,49,2,1,N,,N,N,098-US-0119-0,NULL,NULL,2021,O,7.26E+11,098-US-0119  -000,HIGH,098-US-0119  -000,19.135,0,0,0,0,0,0,1,0,0,0,0,0,0,0
4991,72792147,980100,2.02E+11,20220809,1642,,US23,,,US0023,US0023,0,098 US-23,US0023,N,N,NULL,NULL,NULL,N,NULL,NULL,NULL,NULL,NULL,NULL,26.22,NULL,NULL,NULL,NULL,,NULL,0,0,2,2,N,N,55,NULL,98,9801,NULL,,Y,37.50277,-82.53203,N,NULL,NULL,NULL,NULL,NULL,NULL,NULL,NULL,5,3,4,6,1,1,3,2,7,3,N,NULL,Y,N,1644,1644,1644,N,NULL,49,,1,N,,N,N,098-US-0023-0,NULL,NULL,2022,O,7.28E+11,098-US-0023  -000,HIGH,098-US-0023  -000,26.22,0,0,1,0,0,0,0,1,0,0,0,0,0,1
4992,72585895,980100,2.02E+11,20210118,1329,,GAP,,BR,,,0,098 CR-1416,CR1416,N,N,NULL,NULL,NULL,N,NULL,NULL,NULL,NULL,NULL,NULL,0.065,NULL,NULL,NULL,NULL,,NULL,0,0,2,2,N,N,25,NULL,98,9801,2,W,N,37.51653,-82.59132,N,NULL,NULL,NULL,NULL,NULL,NULL,NULL,NULL,7,3,1,6,1,5,3,2,7,3,N,NULL,Y,N,1329,1339,1351,N,NULL,47,,,N,,N,N,098-CR-1416-0,NULL,NULL,2021,O,7.26E+11,098-CR-1416  -000,HIGH,098-CR-1416  -000,0.065,0,0,0,1,0,0,1,0,0,0,0,0,0,0
4993,72544163,KSP0900,20-701506,20200916,2030,,KY1056,,,KY1056,KY1056,,,,N,N,NULL,NULL,NULL,N,NULL,NULL,NULL,NULL,NULL,NULL,6.096,NULL,NULL,NULL,NULL,,NULL,0,0,1,1,N,N,45,NULL,98,9879,NULL,,Y,37.56548,-82.18983,N,NULL,NULL,NULL,NULL,NULL,NULL,NULL,NULL,9,3,2,3,1,1,2,6,7,3,N,NULL,Y,Y,2030,2044,2044,N,NULL,44,7,0,N,,N,N,,NULL,NULL,2020,O,7.25E+11,098-KY-1056  -000,MEDIUM,098-KY-1056  -000,6.096,0,0,1,0,0,0,1,0,0,0,0,1,0,0
4994,72487138,980500,2020AR019,20200311,1600,,US23 CROSSOVER,,,US0023,US0023,0,098 US-23-43,US0023,N,N,NULL,NULL,NULL,N,NULL,NULL,NULL,NULL,NULL,NULL,0.01,NULL,NULL,NULL,NULL,,NULL,0,0,2,2,N,N,45,NULL,98,9807,NULL,,Y,37.52028,-82.568,N,NULL,NULL,NULL,NULL,NULL,NULL,NULL,NULL,8,3,4,6,1,1,3,2,7,3,N,NULL,Y,N,1600,1605,,N,NULL,53,,1,N,,N,N,098-US-0023-43,NULL,NULL,2020,O,7.25E+11,098-US-0023  -043,HIGH,098-US-0023  -043,0.01,0,0,0,1,0,0,0,1,0,0,0,1,0,0
4995,72527308,KSP0900,20-615231,20200723,2032,,BYPASS,S,RD,KY1426,KY1426,0,098 KY-1426,KY1426,N,N,NULL,NULL,NULL,N,NULL,NULL,NULL,NULL,NULL,NULL,6.551,NULL,NULL,NULL,NULL,,NULL,1,0,1,1,N,N,55,NULL,98,9801,NULL,,Y,37.48233,-82.5137,N,NULL,NULL,NULL,NULL,NULL,NULL,NULL,NULL,9,3,2,6,1,5,3,2,7,3,N,NULL,Y,Y,2032,2032,2032,N,NULL,40,,0,N,,N,N,098-KY-1426-0,NULL,NULL,2020,C,7.25E+11,098-KY-1426  -000,HIGH,098-KY-1426  -000,6.551,0,0,1,0,0,0,0,0,0,1,0,1,0,1
4996,72656627,980100,2.02E+11,20210806,912,,WOLFORD,,ST,,,0,098 CS-1120,CS1120,Y,N,NULL,NULL,NULL,N,NULL,NULL,NULL,NULL,NULL,NULL,0.062,NULL,NULL,NULL,NULL,,NULL,0,0,2,2,Y,N,15,NULL,98,9801,NULL,,Y,37.48278,-82.51833,N,NULL,NULL,NULL,NULL,NULL,NULL,NULL,NULL,3,97,,6,1,1,2,7,6,3,N,NULL,N,N,912,918,,N,NULL,90,,,N,,N,N,098-CS-1120-0,NULL,NULL,2021,O,7.27E+11,098-CS-1120  -000,HIGH,098-CS-1120  -000,0.062,0,0,0,0,0,0,0,0,0,0,0,1,0,1
4997,72399398,KSP0900,19-33306,20190826,1521,,BIG CREEK,E,RD,KY3220,KY3220,,,,N,N,NULL,NULL,NULL,N,NULL,NULL,NULL,NULL,NULL,NULL,1.326,NULL,NULL,NULL,NULL,,NULL,0,0,2,2,N,N,35,NULL,98,9833,NULL,,Y,37.61638,-82.34848,N,NULL,NULL,NULL,NULL,NULL,NULL,NULL,NULL,7,3,2,3,1,1,2,2,7,3,N,NULL,N,N,1602,1625,1625,N,NULL,54,8,0,N,,N,N,,NULL,NULL,2019,O,7.24E+11,098-KY-3220  -000,HIGH,098-KY-3220  -000,1.326,0,0,0,0,0,0,0,0,0,0,0,1,0,0
4998,72542806,370200,2020-680479,20200903,1329,,DORTON-JENKINS,,HWY,KY0805,KY0805,0,098 KY-805,KY0805,N,N,NULL,NULL,NULL,N,NULL,NULL,NULL,NULL,NULL,NULL,1.28,NULL,NULL,NULL,NULL,,NULL,0,0,2,2,N,N,45,NULL,98,9802,NULL,,Y,37.21144,-82.55848,N,NULL,NULL,NULL,NULL,NULL,NULL,NULL,NULL,7,3,2,3,1,5,6,2,7,3,N,NULL,Y,N,1508,1523,1523,N,NULL,54,7,0,N,,N,N,098-KY-0805-0,NULL,NULL,2020,O,7.25E+11,098-KY-0805  -000,HIGH,098-KY-0805  -000,1.28,0,0,0,0,0,0,0,0,0,0,0,1,0,0
4999,72756121,980100,2.02E+11,20220429,2012,,KY3496,,,KY3496,KY3496,0,098 KY-3496,KY3496,Y,N,NULL,NULL,NULL,N,NULL,NULL,NULL,NULL,NULL,NULL,0.083,NULL,NULL,NULL,NULL,,NULL,0,0,2,2,N,N,35,NULL,98,9801,NULL,,Y,37.46584,-82.52926,N,NULL,NULL,NULL,NULL,NULL,NULL,NULL,NULL,5,97,2,6,1,1,2,3,1,3,N,NULL,Y,N,2012,2016,2016,N,NULL,90,16,0,N,,N,N,098-KY-3496-0,NULL,NULL,2022,O,7.28E+11,098-KY-3496  -000,HIGH,098-KY-3496  -000,0.083,0,0,0,0,0,0,1,0,0,0,0,0,0,1
5000,72750924,980100,2.02E+11,20220415,1339,,NORTHGATE,,DR,,,0,098 CS-1021,CS1021,Y,N,NULL,NULL,NULL,N,NULL,NULL,NULL,NULL,NULL,NULL,,NULL,NULL,NULL,NULL,,NULL,0,0,1,1,Y,Y,,NULL,98,9801,NULL,,Y,37.48621,-82.50909,N,NULL,NULL,NULL,NULL,NULL,NULL,NULL,NULL,9,7,,3,1,1,2,2,1,3,N,NULL,Y,N,1339,1348,1350,Y,NULL,90,,,N,,N,N,098-CS-1021-0,NULL,NULL,2022,O,7.28E+11,098-CS-1021  -000,HIGH,098-CS-1021  -000,0,0,0,0,1,0,0,1,0,0,0,0,1,0,1
5001,72719809,KSP0900,21-517297,20211221,643,,US119,,,US0119,US0119,0,098 US-119-10,US0119,N,N,NULL,NULL,NULL,N,NULL,NULL,NULL,NULL,NULL,NULL,22.568,NULL,NULL,NULL,NULL,,NULL,2,0,2,2,N,N,55,NULL,98,9836,NULL,,Y,37.6394,-82.25876,N,NULL,NULL,NULL,NULL,NULL,NULL,NULL,NULL,4,3,2,6,1,1,2,1,7,3,Y,NULL,Y,Y,645,830,900,N,NULL,70,2,1,Y,,N,N,098-US-0119-10,NULL,NULL,2021,B,7.27E+11,098-US-0119  -010,HIGH,098-US-0119  -000,22.568,0,0,0,0,0,0,1,1,0,0,0,1,0,0
5002,72705516,980100,2.02E+11,20211129,1403,,US23,,,US0023,US0023,0,098 US-23,US0023,N,Y,CASSIDY,,BLVD,N,NULL,NULL,NULL,NULL,NULL,NULL,26.292,NULL,NULL,NULL,NULL,,NULL,0,0,2,2,Y,N,55,NULL,98,9801,NULL,,Y,37.50377,-82.53236,N,NULL,NULL,NULL,NULL,NULL,NULL,NULL,NULL,5,3,4,6,1,1,2,2,7,3,N,NULL,N,N,1403,1413,1425,N,NULL,35,,1,N,,N,N,098-US-0023-0,NULL,NULL,2021,O,7.27E+11,098-US-0023  -000,HIGH,098-US-0023  -000,26.292,0,0,0,0,0,0,1,0,0,0,1,0,0,1