OBJECTID,MasterFile,AgencyORINumber,LocalCode,CollisionDate,CollisionTime,CollisionDayWeekCode,RoadwayName,RoadwayName_Direction_,RoadwayName_RoadwaySuffix_,RoadwayfromReport,CurrentRoadwayNumber,RoadwayNumberCoupletID,RSEUniqueGIS,RoadwayIdentifier,ParkingLotIndicator,IntersectionWith_Indicator_,IntersectionWith_NameRoadway_,IntersectionWith_Direction_,IntersectionWith_RoadwaySuffix_,BetweenStreets_Indicator_,BetweenStreets1_NameRoadway_,BetweenStreet1_Direction_,BetweenStreets1_RoadwaySuffix_,BetweenStreets2_NameRoadway_,BetweenStreets2_Direction_,BetweenStreets2_RoadwaySuffix_,Milepoint,ReportMilepointDeriveNumber,CurrentDerivedMiepointNumber,MilestoMilepoint,FeettoMilepoint,DirectionfromMilepoint_NSEW_,ValidMilepointIndicator,NumberInjured,NumberKilled,ofUnits,ofMotorVehicleUnits,Hit&RunIndicator,OneWayIndicator,SpeedLimitNumber,KilometersIndicator,CountyCode,CityCountyCode,MilesFromCity,DirectionFromCity_NSEW_,InCityLimitsIndicator,Latitude,Longitude,RampIndicator,RampFromIdentifier,RampFromDirCode,RampFromCoupletID,RSEUniqueGISRampFrom,RampToidentifier,RampToDirCode,RampToCoupletID,RSEUniqueGisRampTo,MannerofCollisionCode,LocationFirstEventCode,TotalLanes,RoadwayCharacterCode,RoadwaySurfaceCode,RoadwayConditionCode,WeatherCode,LightConditionCode,LandUseCode,SchoolBusRelatedCode,FirstAidSceneIndicator,CollDescPresentInd,InvestigationCompleteIndicator,PhotosTakenIndicator,TimeNotified,TimeArrived,TimeRoadwayOpened,PropertyDamageIndicator,DiagramPresentIndicator,DirectionalAnalysis,FunctionClassCode,NationalHwySysCode,EnforcementsIndicator,KARSCityCode,SecondaryCollisionIndicator,MedianCrossoverIndicator,RT_UNIQUE,MapIt,TimeLastLeft,YR,KABCO,MFNY,WorkingRID,RT_CONFIDENCE,KTC_RT,KTC_MP,Motorcyclist,Commercial Vehicle,Young Driver,Mature Driver,Pedestrian,Bicyclist,Distracted,Aggressive,Impaired,Unrestrained,Intersection,Roadway Departure,Median Cross-over,City Crash
5003,72795148,980100,2.02E+11,20220811,1134,,US23,,,US0023,US0023,0,098 US-23-10,US0023,N,N,NULL,NULL,NULL,N,NULL,NULL,NULL,NULL,NULL,NULL,24.9,NULL,NULL,NULL,NULL,,NULL,0,0,2,2,N,N,55,NULL,98,9801,NULL,,Y,37.4872,-82.54158,N,NULL,NULL,NULL,NULL,NULL,NULL,NULL,NULL,5,3,4,6,1,5,3,2,7,3,N,NULL,Y,N,1135,1140,1140,N,NULL,49,,1,N,,N,N,098-US-0023-10,NULL,NULL,2022,O,7.28E+11,098-US-0023  -010,HIGH,098-US-0023  -000,24.9,0,0,0,1,0,0,0,0,0,0,0,0,0,1
5004,72579665,KSP0900,20-842778,20201224,2000,,TOLER,,RD,KY0319,KY0319,0,098 KY-319,KY0319,N,N,NULL,NULL,NULL,N,NULL,NULL,NULL,NULL,NULL,NULL,4.501,NULL,NULL,NULL,NULL,,NULL,5,0,2,2,N,N,35,NULL,98,9842,NULL,,Y,37.61471,-82.23901,N,NULL,NULL,NULL,NULL,NULL,NULL,NULL,NULL,3,3,2,3,1,4,9,6,7,3,Y,NULL,Y,N,2000,2000,2020,N,NULL,52,7,0,N,,N,N,098-KY-0319-0,NULL,NULL,2020,B,7.26E+11,098-KY-0319  -000,HIGH,098-KY-0319  -000,4.501,0,0,0,0,0,0,0,0,0,0,0,1,0,0
5005,72494544,980100,2.02E+11,20200403,1840,,THOMPSON,,RD,,,0,098 CS-1215,CS1215,Y,N,NULL,NULL,NULL,N,NULL,NULL,NULL,NULL,NULL,NULL,0.521,NULL,NULL,NULL,NULL,,NULL,0,0,2,2,Y,N,,NULL,98,9801,NULL,,Y,37.50597,-82.5433,N,NULL,NULL,NULL,NULL,NULL,NULL,NULL,NULL,8,97,1,6,1,1,2,2,1,3,N,NULL,Y,N,1840,1840,,N,NULL,90,,,N,,N,N,098-CS-1215-0,NULL,NULL,2020,O,7.25E+11,098-CS-1215  -000,HIGH,098-CS-1215  -000,0.521,0,0,0,0,0,0,0,0,0,0,0,0,0,1
5006,72537709,KSP0900,20-676976,20200901,1017,,US460,,,US0460,US0460,0,098 US-460,US0460,Y,N,NULL,NULL,NULL,N,NULL,NULL,NULL,NULL,NULL,NULL,9.341,NULL,NULL,NULL,NULL,,NULL,0,0,2,2,N,N,,NULL,98,9830,NULL,,Y,37.3685,-82.41433,N,NULL,NULL,NULL,NULL,NULL,NULL,NULL,NULL,2,97,,6,1,1,2,2,5,3,N,NULL,Y,N,1017,1017,,N,NULL,90,,1,Y,,N,N,098-US-0460-0,NULL,NULL,2020,O,7.25E+11,098-US-0460  -000,HIGH,098-US-0460  -000,9.341,0,0,1,0,0,0,1,0,0,0,0,0,0,0
5007,72693231,KSP0900,21-455950,20211106,1700,,US119,,,US0119,US0119,0,098 US-119,US0119,N,N,NULL,NULL,NULL,N,NULL,NULL,NULL,NULL,NULL,NULL,24.166,NULL,NULL,NULL,NULL,,NULL,0,0,2,2,N,N,55,NULL,98,9836,NULL,,Y,37.65792,-82.27127,N,NULL,NULL,NULL,NULL,NULL,NULL,NULL,NULL,5,3,4,6,1,1,2,2,7,3,N,NULL,Y,N,1700,1700,1700,N,NULL,49,2,1,N,,N,N,098-US-0119-0,NULL,NULL,2021,O,7.27E+11,098-US-0119  -000,HIGH,098-US-0119  -000,24.166,0,0,0,1,0,0,1,0,0,0,0,0,0,0
5008,72494296,980100,2.02E+11,20200413,807,,REDALE,,RD,,,0,098 CS-1244,CS1244,N,N,NULL,NULL,NULL,N,NULL,NULL,NULL,NULL,NULL,NULL,0.179,NULL,NULL,NULL,NULL,,NULL,1,0,2,1,Y,N,15,NULL,98,9801,NULL,,Y,37.48714,-82.52739,N,NULL,NULL,NULL,NULL,NULL,NULL,NULL,NULL,9,3,1,6,1,5,3,2,1,3,Y,NULL,N,N,807,814,814,N,NULL,70,,,N,,N,N,098-CS-1244-0,NULL,NULL,2020,C,7.25E+11,098-CS-1244  -000,HIGH,098-CS-1244  -000,0.179,0,0,0,0,1,0,0,0,0,0,0,0,0,1
5009,72626026,980500,2021AR021,20210518,1800,,MAYO TRAIL,N,ST,,,0,098 CS-3000,CS3000,Y,N,NULL,NULL,NULL,N,NULL,NULL,NULL,NULL,NULL,NULL,,NULL,NULL,NULL,NULL,NULL,NULL,0,0,2,2,N,N,,NULL,98,9807,NULL,,Y,37.51907,-82.56673,N,NULL,NULL,NULL,NULL,NULL,NULL,NULL,NULL,2,97,,4,1,1,2,2,7,3,N,NULL,Y,Y,1800,1800,1800,N,NULL,90,,,N,,N,N,098-CS-3000-0,NULL,NULL,2021,O,7.26E+11,098-CS-3000  -000,HIGH,098-CS-3000  -000,0.482,0,0,0,0,0,0,0,0,0,0,0,0,0,0
5010,72633804,980100,2.02E+11,20210608,1358,,CASSIDY,,BLVD,,,0,098 CS-1191,CS1191,Y,N,NULL,NULL,NULL,N,NULL,NULL,NULL,NULL,NULL,NULL,0.252,NULL,NULL,NULL,NULL,,NULL,0,0,2,2,N,N,,NULL,98,9801,NULL,,Y,37.50458,-82.53597,N,NULL,NULL,NULL,NULL,NULL,NULL,NULL,NULL,2,97,,6,1,1,2,2,5,3,N,NULL,Y,N,1358,1407,1407,N,NULL,90,,,N,,N,N,098-CS-1191-0,NULL,NULL,2021,O,7.26E+11,098-CS-1191  -000,HIGH,098-CS-1191  -000,0.252,0,0,0,1,0,0,1,0,0,0,0,0,0,1
5011,72590177,KSP0900,21-36623,20210128,1208,,BIG BRANCH,,RD,,,0,098 CR-1622,CR1622,N,N,NULL,NULL,NULL,N,NULL,NULL,NULL,NULL,NULL,NULL,0.182,NULL,NULL,NULL,NULL,,NULL,1,0,1,1,N,N,45,NULL,98,9833,NULL,,Y,37.29614,-82.36288,N,NULL,NULL,NULL,NULL,NULL,NULL,NULL,NULL,9,5,2,6,1,2,3,2,7,3,N,NULL,N,N,1100,1008,1010,N,NULL,51,,,N,,N,N,098-CR-1622-0,NULL,NULL,2021,B,7.26E+11,098-CR-1622  -000,HIGH,098-CR-1622  -000,0.182,0,0,0,0,0,0,1,0,0,0,0,1,0,0
5012,72569447,KSP0900,20-796030,20201120,1528,,KY1056,,,KY1056,KY1056,0,098 KY-1056,KY1056,N,N,NULL,NULL,NULL,N,NULL,NULL,NULL,NULL,NULL,NULL,9.28,NULL,NULL,NULL,NULL,,NULL,0,0,1,1,N,N,55,NULL,98,9863,NULL,,Y,37.59473,-82.16516,N,NULL,NULL,NULL,NULL,NULL,NULL,NULL,NULL,9,5,2,3,1,1,2,2,7,3,Y,NULL,Y,N,1532,1543,1640,N,NULL,51,7,0,N,,N,N,098-KY-1056-0,NULL,NULL,2020,O,7.26E+11,098-KY-1056  -000,HIGH,098-KY-1056  -000,9.28,0,0,0,0,0,0,1,0,0,0,0,1,0,0
5013,72518791,980100,2.02E+11,20200706,1800,,US23,,,US0023,US0023,,,,N,N,NULL,NULL,NULL,N,NULL,NULL,NULL,NULL,NULL,NULL,24.895,NULL,NULL,NULL,NULL,,NULL,0,0,2,2,N,N,55,NULL,98,9801,NULL,,Y,37.48705,-82.54144,N,NULL,NULL,NULL,NULL,NULL,NULL,NULL,NULL,8,3,4,6,1,1,2,2,7,3,N,NULL,Y,N,1932,1947,1947,N,NULL,53,,1,N,,N,N,,NULL,NULL,2020,O,7.25E+11,098-US-0023  -000,MEDIUM,098-US-0023  -000,24.895,0,0,0,0,0,0,0,0,0,0,0,1,0,1
5014,72593125,KSP0900,21-52590,20210209,855,,KY194,,,KY0194,KY0194,0,098 KY-194,KY0194,N,N,NULL,NULL,NULL,N,NULL,NULL,NULL,NULL,NULL,NULL,38.332,NULL,NULL,NULL,NULL,,NULL,0,0,1,1,N,N,55,NULL,98,9817,NULL,,Y,37.44488,-82.26378,N,NULL,NULL,NULL,NULL,NULL,NULL,NULL,NULL,9,3,2,3,1,2,6,2,7,3,N,NULL,Y,N,855,1300,1300,N,NULL,44,7,0,N,,N,N,098-KY-0194-0,NULL,NULL,2021,O,7.26E+11,098-KY-0194  -000,HIGH,098-KY-0194  -000,38.332,0,0,0,0,0,0,0,0,0,0,0,1,0,0
5015,72769038,980100,2.02E+11,20220523,1200,,HAROLDS BRANCH,,RD,,,0,098 CS-1223,CS1223,Y,N,NULL,NULL,NULL,N,NULL,NULL,NULL,NULL,NULL,NULL,0.042,NULL,NULL,NULL,NULL,,NULL,0,0,2,2,N,N,15,NULL,98,9801,NULL,,Y,37.4723,-82.52232,N,NULL,NULL,NULL,NULL,NULL,NULL,NULL,NULL,8,97,1,6,2,1,2,2,1,3,N,NULL,Y,N,1200,1208,,N,NULL,90,,,N,,N,N,098-CS-1223-0,NULL,NULL,2022,O,7.28E+11,098-CS-1223  -000,HIGH,098-CS-1223  -000,0.042,0,0,0,1,0,0,1,0,0,0,0,0,0,1
5016,72734888,KSP0900,2022-69526,20220225,1124,,PHILLIP,,BR,,,0,098 CR-1907,CR1907,N,N,NULL,NULL,NULL,N,NULL,NULL,NULL,NULL,NULL,NULL,0.178,NULL,NULL,NULL,NULL,,NULL,0,0,1,1,N,N,15,NULL,98,9804,NULL,,Y,37.27969,-82.6096,N,NULL,NULL,NULL,NULL,NULL,NULL,NULL,NULL,9,97,1,5,3,1,2,2,7,3,N,NULL,Y,N,1124,1439,1439,N,NULL,44,,,N,,N,N,098-CR-1907-0,NULL,NULL,2022,O,7.27E+11,098-CR-1907  -000,HIGH,098-CR-1907  -000,0.178,0,0,0,0,0,0,0,0,1,0,0,1,0,0
5017,72495483,KSP0900,2020-14569,20200420,1118,,KY632,,,KY0632,KY0632,0,098 KY-632,KY0632,N,N,NULL,NULL,NULL,N,NULL,NULL,NULL,NULL,NULL,NULL,13.088,NULL,NULL,NULL,NULL,,NULL,0,0,2,2,N,N,35,NULL,98,9804,NULL,,Y,37.50579,-82.15977,N,NULL,NULL,NULL,NULL,NULL,NULL,NULL,NULL,2,7,2,6,1,1,2,2,1,3,N,NULL,N,N,1115,1120,1120,N,NULL,47,6,0,N,,N,N,098-KY-0632-0,NULL,NULL,2020,O,7.25E+11,098-KY-0632  -000,HIGH,098-KY-0632  -000,13.088,0,0,0,0,0,0,0,0,0,0,0,0,0,0
5018,72644232,980100,2.02E+11,20210706,1042,,BYPASS,S,RD,KY1426,KY1426,0,098 KY-1426,KY1426,N,N,NULL,NULL,NULL,N,NULL,NULL,NULL,NULL,NULL,NULL,6.199,NULL,NULL,NULL,NULL,,NULL,1,0,2,2,N,N,55,NULL,98,9801,NULL,,Y,37.47776,-82.51617,N,NULL,NULL,NULL,NULL,NULL,NULL,NULL,NULL,1,3,2,6,1,1,2,2,7,3,N,NULL,Y,Y,1042,1043,1102,N,NULL,55,,0,N,,N,N,098-KY-1426-0,NULL,NULL,2021,C,7.26E+11,098-KY-1426  -000,HIGH,098-KY-1426  -000,6.199,0,0,1,1,0,0,0,1,0,0,0,1,0,1
5019,72467014,KSP0900,20-2393,20200118,1757,,STATE HIGHWAY 292,E,,,,0,098 CR-1061,CR1061,N,N,NULL,NULL,NULL,N,NULL,NULL,NULL,NULL,NULL,NULL,0.253,NULL,NULL,NULL,NULL,,NULL,3,0,1,1,N,N,55,NULL,98,9869,NULL,,Y,37.62508,-82.21419,N,NULL,NULL,NULL,NULL,NULL,NULL,NULL,NULL,9,3,2,2,1,5,6,6,7,3,N,NULL,Y,Y,1757,1805,1919,N,NULL,70,,,N,,N,Y,098-CR-1061-0,NULL,NULL,2020,C,7.25E+11,098-CR-1061  -000,HIGH,098-CR-1061  -000,0.253,0,0,0,0,0,0,0,1,0,1,0,1,0,0
5020,72598450,980100,2.02E+11,20210226,1849,,HIBBARD,,ST,,,0,098 CS-1053,CS1053,Y,N,NULL,NULL,NULL,N,NULL,NULL,NULL,NULL,NULL,NULL,0.05,NULL,NULL,NULL,NULL,,NULL,0,0,2,2,N,N,15,NULL,98,9801,NULL,,Y,37.4738,-82.52673,N,NULL,NULL,NULL,NULL,NULL,NULL,NULL,NULL,2,97,,6,1,5,2,8,1,3,N,NULL,Y,N,1849,1858,,N,NULL,90,,,N,,N,N,098-CS-1053-0,NULL,NULL,2021,O,7.26E+11,098-CS-1053  -000,HIGH,098-CS-1053  -000,0.05,0,0,0,0,0,0,1,0,0,0,0,0,0,1
5021,72543993,KSP0900,20-703199,20200917,2125,,FISHTRAP,,RD,KY1441,KY1441,0,098 KY-1441,KY1441,N,N,NULL,NULL,NULL,N,NULL,NULL,NULL,NULL,NULL,NULL,8.296,NULL,NULL,NULL,NULL,,NULL,1,0,1,1,N,N,45,NULL,98,9850,NULL,,Y,37.49486,-82.44228,N,NULL,NULL,NULL,NULL,NULL,NULL,NULL,NULL,9,5,2,3,1,5,6,6,7,3,Y,NULL,Y,Y,2129,2140,2300,N,NULL,51,8,0,Y,,N,N,098-KY-1441-0,NULL,NULL,2020,C,7.25E+11,098-KY-1441  -000,HIGH,098-KY-1441  -000,8.296,0,0,0,0,0,0,0,0,0,0,0,1,0,0
5022,72620127,980100,2.02E+11,20210501,1129,,CASSIDY,,BLVD,,,0,098 CS-1191,CS1191,Y,N,NULL,NULL,NULL,N,NULL,NULL,NULL,NULL,NULL,NULL,0.009,NULL,NULL,NULL,NULL,,NULL,0,0,2,2,N,N,10,NULL,98,9801,NULL,,Y,37.50375,-82.53231,N,NULL,NULL,NULL,NULL,NULL,NULL,NULL,NULL,2,97,1,6,1,1,2,2,1,3,N,NULL,Y,N,1129,1136,1145,N,NULL,90,,,N,,N,N,098-CS-1191-0,NULL,NULL,2021,O,7.26E+11,098-CS-1191  -000,HIGH,098-CS-1191  -000,0.009,0,0,0,1,0,0,1,0,0,0,0,1,0,1
5023,72655841,KSP0900,21-327383,20210807,931,,KY194,,,KY0194,KY0194,0,098 KY-194,KY0194,N,N,NULL,NULL,NULL,N,NULL,NULL,NULL,NULL,NULL,NULL,55.571,NULL,NULL,NULL,NULL,,NULL,0,0,2,2,N,N,35,NULL,98,9804,NULL,,Y,37.51907,-82.15415,N,NULL,NULL,NULL,NULL,NULL,NULL,NULL,NULL,2,7,2,6,1,1,2,2,7,3,N,NULL,Y,N,959,1046,1046,N,NULL,47,7,0,N,,N,N,098-KY-0194-0,NULL,NULL,2021,O,7.27E+11,098-KY-0194  -000,HIGH,098-KY-0194  -000,55.571,0,0,0,0,0,0,1,0,0,0,0,0,0,0
5024,72552297,980100,2.02E+11,20201011,1042,,US23,,,US0023,US0023,,,,N,N,NULL,NULL,NULL,N,NULL,NULL,NULL,NULL,NULL,NULL,26.261,NULL,NULL,NULL,NULL,,NULL,0,0,3,3,N,N,55,NULL,98,9801,NULL,,Y,37.50338,-82.53232,N,NULL,NULL,NULL,NULL,NULL,NULL,NULL,NULL,5,3,4,6,1,5,3,2,1,3,N,NULL,Y,N,1042,1050,1136,N,NULL,49,,1,N,,N,N,,NULL,NULL,2020,O,7.26E+11,098-US-0023  -010,MEDIUM,098-US-0023  -000,26.261,0,0,0,1,0,0,1,0,0,0,0,0,0,1
5025,72540043,980100,2.02E+11,20200903,1029,,KY3496,,,KY3496,KY3496,,,,Y,N,NULL,NULL,NULL,N,NULL,NULL,NULL,NULL,NULL,NULL,0.772,NULL,NULL,NULL,NULL,,NULL,0,0,2,2,N,N,,NULL,98,9801,NULL,,Y,37.47208,-82.53004,N,NULL,NULL,NULL,NULL,NULL,NULL,NULL,NULL,2,97,1,6,1,1,2,2,1,3,N,NULL,Y,N,1032,1035,,N,NULL,90,16,0,N,,N,N,,NULL,NULL,2020,O,7.25E+11,098-KY-3496  -000,HIGH,098-KY-3496  -000,0.772,0,0,0,0,0,0,1,0,0,0,0,0,0,1
5026,72826431,KSP0900,22-428910,20221107,1702,,US119,N,,US0119,US0119,0,098 US-119-10,US0119,N,N,NULL,NULL,NULL,N,NULL,NULL,NULL,NULL,NULL,NULL,11.939,NULL,NULL,NULL,NULL,,NULL,0,0,2,2,N,N,55,NULL,98,9833,NULL,,Y,37.5949,-82.3747,N,NULL,NULL,NULL,NULL,NULL,NULL,NULL,NULL,8,3,2,5,1,1,2,2,7,3,N,NULL,Y,N,1702,1719,1800,N,NULL,53,2,1,N,,Y,N,098-US-0119-10,NULL,NULL,2022,O,7.28E+11,098-US-0119  -010,HIGH,098-US-0119  -000,11.939,0,0,1,0,0,0,0,0,0,0,0,1,0,0
5027,72742313,980100,2.02E+11,20220319,2319,,US23,,,US0023,US0023,0,098 US-23,US0023,N,N,NULL,NULL,NULL,N,NULL,NULL,NULL,NULL,NULL,NULL,27.337,NULL,NULL,NULL,NULL,,NULL,0,0,2,2,N,N,55,NULL,98,9801,NULL,,Y,37.51077,-82.54799,N,NULL,NULL,NULL,NULL,NULL,NULL,NULL,NULL,5,3,4,6,1,5,6,7,7,3,N,NULL,Y,N,2319,2328,2329,N,NULL,49,,1,N,,N,N,098-US-0023-0,NULL,NULL,2022,O,7.27E+11,098-US-0023  -000,HIGH,098-US-0023  -000,27.337,0,0,0,1,0,0,1,0,0,0,0,0,0,1
5028,72478363,980100,2.02E+11,20200214,1706,,KY1426,,,KY1426,KY1426,0,098 KY-1426,KY1426,N,N,NULL,NULL,NULL,N,NULL,NULL,NULL,NULL,NULL,NULL,6.76,NULL,NULL,NULL,NULL,,NULL,0,0,2,2,N,N,55,NULL,98,9801,NULL,,Y,37.48471,-82.51141,N,NULL,NULL,NULL,NULL,NULL,NULL,NULL,NULL,2,97,2,6,1,1,2,2,1,3,N,NULL,Y,N,1707,1711,,N,NULL,56,,0,N,,N,N,098-KY-1426-0,NULL,NULL,2020,O,7.25E+11,098-KY-1426  -000,HIGH,098-KY-1426  -000,6.76,0,0,0,0,0,0,1,0,0,0,0,0,0,1
5029,72499747,KSP0900,20-17103,20200507,1200,,US119,,,US0119,US0119,0,098 US-119,US0119,Y,N,NULL,NULL,NULL,N,NULL,NULL,NULL,NULL,NULL,NULL,23.945,NULL,NULL,NULL,NULL,,NULL,0,0,2,2,N,N,10,NULL,98,9834,NULL,,Y,37.655,-82.26962,N,NULL,NULL,NULL,NULL,NULL,NULL,NULL,NULL,1,97,4,6,1,1,2,2,1,3,N,NULL,Y,N,1200,1300,1330,N,NULL,90,2,1,N,,N,N,098-US-0119-0,NULL,NULL,2020,O,7.25E+11,098-US-0119  -000,HIGH,098-US-0119  -000,23.945,0,0,0,0,0,0,1,0,0,0,0,0,0,0
5030,72621242,370200,2021-164506,20210425,100,,US119,,,US0119,US0119,0,098 US-119-10,US0119,N,N,NULL,NULL,NULL,N,NULL,NULL,NULL,NULL,NULL,NULL,12.328,NULL,NULL,NULL,NULL,,NULL,1,0,2,2,N,N,55,NULL,98,9801,NULL,,Y,37.60016,-82.37222,N,NULL,NULL,NULL,NULL,NULL,NULL,NULL,NULL,5,3,2,5,1,5,6,6,7,3,Y,NULL,Y,Y,130,200,200,N,NULL,49,2,1,Y,,N,N,098-US-0119-10,NULL,NULL,2021,C,7.26E+11,098-US-0119  -010,HIGH,098-US-0119  -000,12.328,0,1,0,0,0,0,1,0,0,0,0,0,0,0
5031,72757138,KSP0900,22-158574,20220430,2000,,KY1426,,,KY1426,KY1426,0,098 KY-1426,KY1426,N,N,NULL,NULL,NULL,N,NULL,NULL,NULL,NULL,NULL,NULL,10.893,NULL,NULL,NULL,NULL,,NULL,0,0,2,2,N,N,55,NULL,98,9828,NULL,,Y,37.52216,-82.47351,N,NULL,NULL,NULL,NULL,NULL,NULL,NULL,NULL,1,3,2,6,1,1,2,2,7,3,N,NULL,Y,N,2000,2000,2000,N,NULL,55,7,0,N,,N,N,098-KY-1426-0,NULL,NULL,2022,O,7.28E+11,098-KY-1426  -000,HIGH,098-KY-1426  -000,10.893,0,0,0,0,0,0,0,0,0,0,0,0,0,0
5032,72486730,980100,2.02E+11,20200310,0,,KENTUCKY,,AVE,,,,,,Y,N,NULL,NULL,NULL,N,NULL,NULL,NULL,NULL,NULL,NULL,0.361,NULL,NULL,NULL,NULL,,NULL,0,0,2,2,Y,N,10,NULL,98,9801,NULL,,Y,37.47837,-82.52193,N,NULL,NULL,NULL,NULL,NULL,NULL,NULL,NULL,,97,,6,1,1,2,2,8,3,N,NULL,Y,N,1410,1417,1417,N,NULL,90,,,N,,N,N,,NULL,NULL,2020,O,7.25E+11,098-CS-1162  -000,LOW,098-CS-1162  -000,0.361,0,0,0,0,0,0,0,0,0,0,0,0,0,1
5033,72657758,370200,2021-315245,20210730,857,,,,,US0119,US0119,,,,N,N,NULL,NULL,NULL,N,NULL,NULL,NULL,NULL,NULL,NULL,0.575,NULL,NULL,NULL,NULL,NULL,NULL,0,0,2,2,N,N,35,NULL,98,9801,NULL,,Y,37.55993,-82.42573,Y,KY0194,N,NULL,098 US-119-211,US0119,N,NULL,098 US-119-211,1,3,2,4,1,1,3,2,7,3,N,NULL,Y,Y,900,938,938,Y,NULL,85,2,1,Y,,N,N,,NULL,NULL,2021,O,7.27E+11,098-US-0119  -211,HIGH,098-US-0119  -211,0.575,0,1,0,1,0,0,0,0,0,0,0,1,0,0
5034,72543478,980100,2.02E+11,20200918,1049,,BYPASS,S,RD,KY1426,KY1426,,,,Y,N,NULL,NULL,NULL,N,NULL,NULL,NULL,NULL,NULL,NULL,5.513,NULL,NULL,NULL,NULL,,NULL,0,0,2,2,N,Y,15,NULL,98,9801,NULL,,Y,37.47256,-82.52625,N,NULL,NULL,NULL,NULL,NULL,NULL,NULL,NULL,5,97,1,6,1,1,3,2,1,3,N,NULL,Y,N,1049,1054,,N,NULL,90,,0,N,,N,N,,NULL,NULL,2020,O,7.25E+11,098-KY-1426  -000,MEDIUM,098-KY-1426  -000,5.513,0,0,0,1,0,0,1,1,0,0,0,0,0,1
5035,72689450,KSP0900,21-444692,20211029,1230,,TOLER,,RD,KY0319,KY0319,0,098 KY-319,KY0319,N,N,NULL,NULL,NULL,N,NULL,NULL,NULL,NULL,NULL,NULL,4.754,NULL,NULL,NULL,NULL,,NULL,0,0,2,2,N,N,35,NULL,98,9842,NULL,,Y,37.61675,-82.24245,N,NULL,NULL,NULL,NULL,NULL,NULL,NULL,NULL,1,3,2,3,1,1,3,2,7,3,N,NULL,Y,N,1231,1245,1255,N,NULL,55,7,0,N,,N,N,098-KY-0319-0,NULL,NULL,2021,O,7.27E+11,098-KY-0319  -000,HIGH,098-KY-0319  -000,4.754,0,0,0,0,0,0,0,0,0,0,0,0,0,0
5036,72698685,KSP0900,21-472695,20211118,2202,,US119,,,US0119,US0119,0,098 US-119,US0119,N,N,NULL,NULL,NULL,N,NULL,NULL,NULL,NULL,NULL,NULL,23.39,NULL,NULL,NULL,NULL,,NULL,0,0,2,2,N,N,55,NULL,98,9836,NULL,,Y,37.64719,-82.26717,N,NULL,NULL,NULL,NULL,NULL,NULL,NULL,NULL,2,7,2,6,1,5,2,5,7,3,N,NULL,Y,N,2202,2213,2202,N,NULL,47,2,1,N,,N,N,098-US-0119-0,NULL,NULL,2021,O,7.27E+11,098-US-0119  -000,HIGH,098-US-0119  -000,23.39,0,0,1,0,0,0,1,0,0,0,0,0,0,0
5037,72544377,980200,980200,20200908,1025,,KY80,,,KY0080,KY0080,0,098 KY-80,KY0080,N,N,NULL,NULL,NULL,N,NULL,NULL,NULL,NULL,NULL,NULL,1.732,NULL,NULL,NULL,NULL,,NULL,0,0,1,1,N,N,55,NULL,98,9802,1,W,N,37.31876,-82.36449,N,NULL,NULL,NULL,NULL,NULL,NULL,NULL,NULL,9,4,2,6,1,1,2,2,1,3,Y,NULL,Y,Y,1029,1033,1200,N,NULL,51,7,5,N,,N,N,098-KY-0080-0,NULL,NULL,2020,O,7.25E+11,098-KY-0080  -000,HIGH,098-KY-0080  -000,1.732,0,0,0,0,0,0,0,0,1,0,0,1,0,0
5038,72793002,KSP0900,22-308821,20220810,1821,,US460,,,US0460,US0460,0,098 US-460,US0460,N,N,NULL,NULL,NULL,N,NULL,NULL,NULL,NULL,NULL,NULL,11.646,NULL,NULL,NULL,NULL,,NULL,0,0,2,2,N,N,55,NULL,98,9802,NULL,,Y,37.35524,-82.38951,N,NULL,NULL,NULL,NULL,NULL,NULL,NULL,NULL,5,3,2,3,1,5,6,2,7,3,N,NULL,Y,N,1821,1908,1821,N,NULL,49,,1,N,,N,N,098-US-0460-0,NULL,NULL,2022,O,7.28E+11,098-US-0460  -000,HIGH,098-US-0460  -000,11.646,0,0,1,0,0,0,0,0,0,0,0,0,0,0
5039,72698283,980100,2.02E+11,20211112,1426,,CASSIDY,,BLVD,,,0,098 CS-1191,CS1191,Y,N,NULL,NULL,NULL,N,NULL,NULL,NULL,NULL,NULL,NULL,0.031,NULL,NULL,NULL,NULL,,NULL,0,0,2,2,Y,N,,NULL,98,9801,NULL,,Y,37.50371,-82.53275,N,NULL,NULL,NULL,NULL,NULL,NULL,NULL,NULL,2,97,1,6,1,1,2,2,1,3,N,NULL,Y,N,1426,1438,1438,N,NULL,90,,,N,,N,N,098-CS-1191-0,NULL,NULL,2021,O,7.27E+11,098-CS-1191  -000,HIGH,098-CS-1191  -000,0.031,0,0,0,0,0,0,0,0,0,0,0,0,0,1
5040,72606206,980100,2.02E+11,20210322,2110,,HAMBLEY,,BLVD,,,0,098 CS-1222,CS1222,Y,N,NULL,NULL,NULL,N,NULL,NULL,NULL,NULL,NULL,NULL,0.444,NULL,NULL,NULL,NULL,,NULL,0,0,2,2,N,N,,NULL,98,9801,NULL,,Y,37.47778,-82.521,N,NULL,NULL,NULL,NULL,NULL,NULL,NULL,NULL,8,97,,4,1,1,2,8,1,3,N,NULL,Y,N,2110,2113,2139,N,NULL,90,,,N,,N,N,098-CS-1222-0,NULL,NULL,2021,O,7.26E+11,098-CS-1222  -000,HIGH,098-CS-1222  -000,0.444,0,0,1,0,0,0,1,0,0,0,0,0,0,1