OBJECTID,MasterFile,AgencyORINumber,LocalCode,CollisionDate,CollisionTime,CollisionDayWeekCode,RoadwayName,RoadwayName_Direction_,RoadwayName_RoadwaySuffix_,RoadwayfromReport,CurrentRoadwayNumber,RoadwayNumberCoupletID,RSEUniqueGIS,RoadwayIdentifier,ParkingLotIndicator,IntersectionWith_Indicator_,IntersectionWith_NameRoadway_,IntersectionWith_Direction_,IntersectionWith_RoadwaySuffix_,BetweenStreets_Indicator_,BetweenStreets1_NameRoadway_,BetweenStreet1_Direction_,BetweenStreets1_RoadwaySuffix_,BetweenStreets2_NameRoadway_,BetweenStreets2_Direction_,BetweenStreets2_RoadwaySuffix_,Milepoint,ReportMilepointDeriveNumber,CurrentDerivedMiepointNumber,MilestoMilepoint,FeettoMilepoint,DirectionfromMilepoint_NSEW_,ValidMilepointIndicator,NumberInjured,NumberKilled,ofUnits,ofMotorVehicleUnits,Hit&RunIndicator,OneWayIndicator,SpeedLimitNumber,KilometersIndicator,CountyCode,CityCountyCode,MilesFromCity,DirectionFromCity_NSEW_,InCityLimitsIndicator,Latitude,Longitude,RampIndicator,RampFromIdentifier,RampFromDirCode,RampFromCoupletID,RSEUniqueGISRampFrom,RampToidentifier,RampToDirCode,RampToCoupletID,RSEUniqueGisRampTo,MannerofCollisionCode,LocationFirstEventCode,TotalLanes,RoadwayCharacterCode,RoadwaySurfaceCode,RoadwayConditionCode,WeatherCode,LightConditionCode,LandUseCode,SchoolBusRelatedCode,FirstAidSceneIndicator,CollDescPresentInd,InvestigationCompleteIndicator,PhotosTakenIndicator,TimeNotified,TimeArrived,TimeRoadwayOpened,PropertyDamageIndicator,DiagramPresentIndicator,DirectionalAnalysis,FunctionClassCode,NationalHwySysCode,EnforcementsIndicator,KARSCityCode,SecondaryCollisionIndicator,MedianCrossoverIndicator,RT_UNIQUE,MapIt,TimeLastLeft,YR,KABCO,MFNY,WorkingRID,RT_CONFIDENCE,KTC_RT,KTC_MP,Motorcyclist,Commercial Vehicle,Young Driver,Mature Driver,Pedestrian,Bicyclist,Distracted,Aggressive,Impaired,Unrestrained,Intersection,Roadway Departure,Median Cross-over,City Crash
5041,72567803,KSP0900,20-791914,20201117,1926,,FERRELLS CREEK,,RD,US0460,US0460,0,098 US-460,US0460,N,N,NULL,NULL,NULL,N,NULL,NULL,NULL,NULL,NULL,NULL,21.902,NULL,NULL,NULL,NULL,,NULL,0,0,1,1,N,N,55,NULL,98,9847,NULL,,Y,37.38046,-82.26446,N,NULL,NULL,NULL,NULL,NULL,NULL,NULL,NULL,9,3,2,2,1,1,2,6,7,3,N,NULL,Y,N,1926,1948,1926,N,NULL,38,,1,N,,N,N,098-US-0460-0,NULL,NULL,2020,O,7.26E+11,098-US-0460  -000,HIGH,098-US-0460  -000,21.902,0,0,0,0,0,0,0,0,0,0,0,0,0,0
5042,72638570,KSP0900,21-254331,20210620,1650,,KY194,,,KY0194,KY0194,0,098 KY-194,KY0194,N,N,NULL,NULL,NULL,N,NULL,NULL,NULL,NULL,NULL,NULL,14.487,NULL,NULL,NULL,NULL,,NULL,0,0,1,1,N,N,55,NULL,98,9801,NULL,,Y,37.58114,-82.4789,N,NULL,NULL,NULL,NULL,NULL,NULL,NULL,NULL,9,3,2,3,1,1,2,2,7,3,Y,NULL,N,Y,1628,1650,1800,N,NULL,40,7,0,N,,N,N,098-KY-0194-0,NULL,NULL,2021,O,7.26E+11,098-KY-0194  -000,HIGH,098-KY-0194  -000,14.487,0,0,0,0,0,0,0,0,0,1,0,1,0,0
5043,72438196,980100,2.02E+11,20191111,1505,,HAROLDS BRANCH,,RD,,,0,098 CS-1223,CS1223,N,N,NULL,NULL,NULL,N,NULL,NULL,NULL,NULL,NULL,NULL,,NULL,NULL,NULL,NULL,NULL,NULL,0,0,2,1,N,N,15,NULL,98,9801,NULL,,Y,37.47128,-82.52117,N,NULL,NULL,NULL,NULL,NULL,NULL,NULL,NULL,1,97,2,1,2,1,2,2,5,3,N,NULL,Y,N,1505,1507,1519,N,NULL,47,,,N,,N,N,098-CS-1223-0,NULL,NULL,2019,O,7.24E+11,098-CS-1223  -000,HIGH,098-CS-1223  -000,0.135,0,0,0,0,0,0,1,0,0,0,0,0,0,1
5044,72700385,KSP0900,21-472159,20211118,1508,,DOUGLAS,,PARK,,,0,098 CR-1704,CR1704,Y,N,NULL,NULL,NULL,N,NULL,NULL,NULL,NULL,NULL,NULL,0.092,NULL,NULL,NULL,NULL,,NULL,0,0,2,2,N,N,15,NULL,98,9827,NULL,,Y,37.37906,-82.53893,N,NULL,NULL,NULL,NULL,NULL,NULL,NULL,NULL,5,97,1,6,3,1,2,6,1,3,N,NULL,Y,N,1509,1541,1509,N,NULL,90,,,N,,N,N,098-CR-1704-0,NULL,NULL,2021,O,7.27E+11,098-CR-1704  -000,HIGH,098-CR-1704  -000,0.092,0,0,1,0,0,0,1,0,0,0,0,0,0,0
5045,72573964,980100,2.02E+11,20201204,1815,,US23,N,,,,,,,N,N,NULL,NULL,NULL,N,NULL,NULL,NULL,NULL,NULL,NULL,,NULL,NULL,NULL,NULL,NULL,NULL,0,0,2,2,Y,N,55,NULL,98,9801,NULL,,Y,37.50376,-82.53216,N,NULL,NULL,NULL,NULL,NULL,NULL,NULL,NULL,5,3,6,6,1,5,6,5,1,3,N,NULL,Y,N,1815,1822,,N,NULL,70,,,Y,,N,N,,NULL,NULL,2020,O,7.26E+11,098-US-0023  -000,MEDIUM,098-US-0023  -000,26.291,0,0,0,0,0,0,1,0,0,0,0,0,0,1
5046,72431126,KSP0900,19-42894,20191031,1500,,LEFT FORK HAPPY,,HOLW,,,0,098 CR-1997,CR1997,N,N,NULL,NULL,NULL,N,NULL,NULL,NULL,NULL,NULL,NULL,0.08,NULL,NULL,NULL,NULL,,NULL,0,0,2,2,N,N,25,NULL,98,9864,NULL,,Y,37.2801,-82.44769,N,NULL,NULL,NULL,NULL,NULL,NULL,NULL,NULL,2,3,2,6,1,5,6,2,7,3,N,NULL,Y,N,1500,1500,1500,N,NULL,47,,,N,,N,N,098-CR-1997-0,NULL,NULL,2019,O,7.24E+11,098-CR-1997  -000,HIGH,098-CR-1997  -000,0.08,0,0,0,0,0,0,0,0,0,0,0,0,0,0
5047,72616262,KSP0900,21-154572,20210418,630,,BIG CREEK,E,RD,KY3220,KY3220,0,098 KY-3220,KY3220,N,N,NULL,NULL,NULL,N,NULL,NULL,NULL,NULL,NULL,NULL,0.889,NULL,NULL,NULL,NULL,,NULL,0,0,4,4,Y,N,35,NULL,98,9833,NULL,,Y,37.6205,-82.35333,N,NULL,NULL,NULL,NULL,NULL,NULL,NULL,NULL,1,97,2,1,1,1,2,1,7,3,N,NULL,Y,Y,806,824,824,N,NULL,47,8,0,N,,N,N,098-KY-3220-0,NULL,NULL,2021,O,7.26E+11,098-KY-3220  -000,HIGH,098-KY-3220  -000,0.889,0,0,0,0,0,0,0,0,0,0,0,0,0,0
5048,72472576,KSP0900,20-3939,20200130,2040,,HUGHES,,LN,,,0,098 CR-1273,CR1273,N,N,NULL,NULL,NULL,N,NULL,NULL,NULL,NULL,NULL,NULL,0.115,NULL,NULL,NULL,NULL,,NULL,0,0,2,2,N,N,15,NULL,98,9801,NULL,,Y,37.39608,-82.52322,N,NULL,NULL,NULL,NULL,NULL,NULL,NULL,NULL,3,6,1,6,1,1,3,2,7,3,N,NULL,Y,N,2040,2053,,N,NULL,51,,,N,,N,N,098-CR-1273-0,NULL,NULL,2020,O,7.25E+11,098-CR-1273  -000,HIGH,098-CR-1273  -000,0.115,0,0,0,0,0,0,0,0,0,0,0,1,0,0
5049,72533702,KSP0900,20-636919,20200806,1911,,KY194,,,KY0194,KY0194,0,098 KY-194,KY0194,N,N,NULL,NULL,NULL,N,NULL,NULL,NULL,NULL,NULL,NULL,70.275,NULL,NULL,NULL,NULL,,NULL,2,0,2,2,N,N,35,NULL,98,9825,NULL,,Y,37.49489,-82.05652,N,NULL,NULL,NULL,NULL,NULL,NULL,NULL,NULL,3,3,2,6,1,1,2,2,7,3,N,NULL,Y,Y,1900,1911,1911,N,NULL,52,7,0,N,,N,N,098-KY-0194-0,NULL,NULL,2020,B,7.25E+11,098-KY-0194  -000,HIGH,098-KY-0194  -000,70.275,0,0,0,0,0,0,1,0,0,1,0,1,0,0
5050,72471770,980500,2020AR013,20200204,1350,,MAYO,N,TRL,US0023,US0023,0,098 US-23-10,US0023,N,N,NULL,NULL,NULL,N,NULL,NULL,NULL,NULL,NULL,NULL,29.603,NULL,NULL,NULL,NULL,,NULL,0,0,2,2,N,N,55,NULL,98,9801,NULL,,Y,37.5315,-82.57714,N,NULL,NULL,NULL,NULL,NULL,NULL,NULL,NULL,5,3,4,6,1,6,3,2,7,3,N,NULL,Y,N,1350,1353,,N,NULL,70,,1,N,,N,N,098-US-0023-10,NULL,NULL,2020,O,7.25E+11,098-US-0023  -010,HIGH,098-US-0023  -000,29.603,0,0,0,0,0,0,1,0,0,0,0,0,0,1
5051,72760572,KSP0900,22-168409,20220507,1404,,KY199,,,KY0199,KY0199,0,098 KY-199,KY0199,N,N,NULL,NULL,NULL,N,NULL,NULL,NULL,NULL,NULL,NULL,10.469,NULL,NULL,NULL,NULL,,NULL,0,0,2,2,N,N,35,NULL,98,9851,NULL,,Y,37.58961,-82.26799,N,NULL,NULL,NULL,NULL,NULL,NULL,NULL,NULL,7,3,2,3,1,5,6,2,7,3,N,NULL,Y,N,1408,1420,1500,N,NULL,54,7,0,N,,N,N,098-KY-0199-0,NULL,NULL,2022,O,7.28E+11,098-KY-0199  -000,HIGH,098-KY-0199  -000,10.469,0,0,1,0,0,0,1,0,0,0,0,1,0,0
5052,72510404,980000,206-003,20200605,1615,,KY194,,,KY0194,KY0194,0,098 KY-194,KY0194,N,N,NULL,NULL,NULL,N,NULL,NULL,NULL,NULL,NULL,NULL,58.599,NULL,NULL,NULL,NULL,,NULL,1,0,1,1,N,N,35,NULL,98,9811,NULL,,Y,37.54567,-82.15896,N,NULL,NULL,NULL,NULL,NULL,NULL,NULL,NULL,9,5,2,1,1,5,3,2,7,3,Y,NULL,Y,N,1618,1618,1640,N,NULL,44,7,0,N,,N,N,098-KY-0194-0,NULL,NULL,2020,C,7.25E+11,098-KY-0194  -000,HIGH,098-KY-0194  -000,58.599,0,0,0,0,0,0,0,0,0,0,0,1,0,0
5053,72661062,KSP0900,2021-346185,20210819,1942,,SHELBIANA,,RD,US0460,US0460,0,098 US-460,US0460,N,N,NULL,NULL,NULL,N,NULL,NULL,NULL,NULL,NULL,NULL,4.511,NULL,NULL,NULL,NULL,,NULL,0,0,2,2,N,N,55,NULL,98,9832,NULL,,Y,37.41663,-82.45374,N,NULL,NULL,NULL,NULL,NULL,NULL,NULL,NULL,5,3,2,6,1,5,6,2,7,3,N,NULL,N,N,1942,1956,2015,N,NULL,49,,1,N,,N,N,098-US-0460-0,NULL,NULL,2021,O,7.27E+11,098-US-0460  -000,HIGH,098-US-0460  -000,4.511,0,0,0,0,0,0,0,0,0,0,0,0,0,0
5054,72780859,370200,2022-255773,20220706,700,,ASHCAMP,,RD,KY0195,KY0195,0,098 KY-195,KY0195,N,N,NULL,NULL,NULL,N,NULL,NULL,NULL,NULL,NULL,NULL,1.101,NULL,NULL,NULL,NULL,,NULL,2,0,2,2,N,N,55,NULL,98,9864,NULL,,Y,37.27596,-82.44736,N,NULL,NULL,NULL,NULL,NULL,NULL,NULL,NULL,3,3,1,2,1,5,3,1,7,3,N,NULL,Y,Y,700,734,923,N,NULL,52,8,0,N,,N,N,098-KY-0195-0,NULL,NULL,2022,C,7.28E+11,098-KY-0195  -000,HIGH,098-KY-0195  -000,1.101,0,1,0,0,0,0,0,0,0,0,0,1,0,0
5055,72585866,980100,2.02E+11,20210117,1141,,KY3496,,,KY3496,KY3496,0,098 KY-3496,KY3496,N,N,NULL,NULL,NULL,N,NULL,NULL,NULL,NULL,NULL,NULL,0.206,NULL,NULL,NULL,NULL,,NULL,0,0,2,2,N,N,35,NULL,98,9801,NULL,,Y,37.46659,-82.53128,N,NULL,NULL,NULL,NULL,NULL,NULL,NULL,NULL,8,97,2,6,1,1,2,2,1,3,N,NULL,Y,N,1140,1140,,N,NULL,47,16,0,N,,N,N,098-KY-3496-0,NULL,NULL,2021,O,7.26E+11,098-KY-3496  -000,HIGH,098-KY-3496  -000,0.206,0,0,0,0,0,0,1,0,0,0,0,0,0,1
5056,72801307,KSP0900,22-343250,20220904,1218,,US119,,,US0119,US0119,0,098 US-119-10,US0119,N,N,NULL,NULL,NULL,N,NULL,NULL,NULL,NULL,NULL,NULL,25.336,NULL,NULL,NULL,NULL,,NULL,0,0,2,2,N,N,55,NULL,98,9834,NULL,,Y,37.67221,-82.28079,N,NULL,NULL,NULL,NULL,NULL,NULL,NULL,NULL,8,3,2,6,1,5,6,2,7,3,N,NULL,N,N,1218,1242,1242,N,NULL,53,2,1,N,,N,N,098-US-0119-10,NULL,NULL,2022,O,7.28E+11,098-US-0119  -010,HIGH,098-US-0119  -000,25.336,0,0,1,1,0,0,1,0,0,0,0,1,0,0
5057,72645998,980100,2.02E+11,20210710,1236,,MAYO,S,TRL,US0023,US0023,0,098 US-23-10,US0023,N,N,NULL,NULL,NULL,N,NULL,NULL,NULL,NULL,NULL,NULL,22.941,NULL,NULL,NULL,NULL,,NULL,0,0,2,2,N,N,55,NULL,98,9801,NULL,,Y,37.46535,-82.52596,N,NULL,NULL,NULL,NULL,NULL,NULL,NULL,NULL,1,3,4,6,1,1,3,2,7,3,N,NULL,Y,N,1236,1242,1242,N,NULL,55,,1,N,,N,N,098-US-0023-10,NULL,NULL,2021,O,7.26E+11,098-US-0023  -010,HIGH,098-US-0023  -000,22.941,0,0,0,1,0,0,1,1,0,0,0,0,0,1
5058,72430700,980100,2.02E+11,20191101,1722,,US23,,,US0023,US0023,0,098 US-23,US0023,N,N,NULL,NULL,NULL,N,NULL,NULL,NULL,NULL,NULL,NULL,25.116,NULL,NULL,NULL,NULL,,NULL,0,0,2,2,N,N,55,NULL,98,9801,NULL,,Y,37.48948,-82.53882,N,NULL,NULL,NULL,NULL,NULL,NULL,NULL,NULL,5,3,4,6,1,1,2,2,1,3,N,NULL,Y,N,1722,1725,,N,NULL,49,,1,N,,N,N,098-US-0023-0,NULL,NULL,2019,O,7.24E+11,098-US-0023  -000,HIGH,098-US-0023  -000,25.116,0,0,1,0,0,0,1,0,0,0,0,0,0,1
5059,72555204,KSP0900,20-743933,20201016,1242,,HOSPITAL,,DR,,,0,098 CR-1015C,CR1015C,Y,N,NULL,NULL,NULL,N,NULL,NULL,NULL,NULL,NULL,NULL,0.007,NULL,NULL,NULL,NULL,,NULL,0,0,2,2,N,N,,NULL,98,9834,NULL,,Y,37.67519,-82.29697,N,NULL,NULL,NULL,NULL,NULL,NULL,NULL,NULL,7,97,,6,1,1,2,2,5,3,N,NULL,Y,N,1242,1313,1313,N,NULL,90,,,N,,N,N,098-CR-1015C-0,NULL,NULL,2020,O,7.26E+11,098-CR-1015C -000,HIGH,098-CR-1015C -000,0.007,0,0,0,1,0,0,1,0,0,0,0,1,0,0
5060,72519239,KSP0900,20-578208,20200702,1100,,KY194,,,KY0194,KY0194,0,098 KY-194,KY0194,N,N,NULL,NULL,NULL,N,NULL,NULL,NULL,NULL,NULL,NULL,54.73,NULL,NULL,NULL,NULL,,NULL,1,0,2,2,N,N,35,NULL,98,9804,NULL,,Y,37.50999,-82.14598,N,NULL,NULL,NULL,NULL,NULL,NULL,NULL,NULL,1,3,2,6,1,1,2,2,7,3,Y,NULL,Y,Y,1100,1130,1150,N,NULL,55,8,0,N,,N,N,098-KY-0194-0,NULL,NULL,2020,C,7.25E+11,098-KY-0194  -000,HIGH,098-KY-0194  -000,54.73,0,0,0,0,0,0,1,1,0,1,0,0,0,0
5061,72428925,980100,2.02E+11,20191029,1627,,US23,,,US0023,US0023,,,,N,Y,KELSEY FRIEND,,DR,N,NULL,NULL,NULL,NULL,NULL,NULL,31.603,NULL,NULL,NULL,NULL,,NULL,0,0,2,2,N,N,55,NULL,98,9801,NULL,,Y,37.53687,-82.60168,N,NULL,NULL,NULL,NULL,NULL,NULL,NULL,NULL,1,3,4,6,1,1,2,2,7,3,N,NULL,Y,N,1627,1641,1641,N,NULL,8,,1,N,,N,N,,NULL,NULL,2019,O,7.24E+11,098-US-0023  -010,MEDIUM,098-US-0023  -000,31.603,0,0,0,0,0,0,1,1,0,0,1,0,0,1
5062,72534002,KSP0900,20-660414,20200821,1626,,ELKHORN,,CRK,KY0197,KY0197,0,098 KY-197,KY0197,N,N,NULL,NULL,NULL,N,NULL,NULL,NULL,NULL,NULL,NULL,2.756,NULL,NULL,NULL,NULL,,NULL,0,0,1,1,N,N,55,NULL,98,9802,NULL,,Y,37.22861,-82.52992,N,NULL,NULL,NULL,NULL,NULL,NULL,NULL,NULL,9,3,2,3,1,5,2,2,7,3,N,NULL,Y,N,1626,1721,,N,NULL,44,7,0,N,,N,N,098-KY-0197-0,NULL,NULL,2020,O,7.25E+11,098-KY-0197  -000,HIGH,098-KY-0197  -000,2.756,0,0,0,1,0,0,0,0,0,0,0,1,0,0
5063,72615082,980500,2021AR016,20210416,1405,,MAYO,N,TRL,US0023,US0023,0,098 US-23,US0023,N,N,NULL,NULL,NULL,N,NULL,NULL,NULL,NULL,NULL,NULL,,NULL,NULL,NULL,NULL,NULL,NULL,3,0,2,2,N,N,45,NULL,98,9807,NULL,,Y,37.52984,-82.57599,N,NULL,NULL,NULL,NULL,NULL,NULL,NULL,NULL,4,3,6,6,1,1,2,2,7,3,Y,NULL,Y,Y,1405,1407,1530,N,NULL,70,,1,N,,N,N,098-US-0023-0,NULL,NULL,2021,C,7.26E+11,098-US-0023  -000,HIGH,098-US-0023  -000,29.469,0,0,0,0,0,0,1,1,0,0,0,0,0,1
5064,72584188,KSP0900,21-16994,20210113,1515,,GREASY,,CRK,KY3226,KY3226,0,098 KY-3226,KY3226,N,N,NULL,NULL,NULL,N,NULL,NULL,NULL,NULL,NULL,NULL,1.527,NULL,NULL,NULL,NULL,,NULL,0,0,2,2,N,N,55,NULL,98,9801,7,S,N,37.39868,-82.46735,N,NULL,NULL,NULL,NULL,NULL,NULL,NULL,NULL,2,3,2,6,1,1,2,2,7,3,N,NULL,Y,N,1515,1523,1523,N,NULL,56,8,0,N,,N,N,098-KY-3226-0,NULL,NULL,2021,O,7.26E+11,098-KY-3226  -000,MEDIUM,098-KY-3226  -000,1.527,0,0,0,1,0,0,0,1,0,0,0,0,0,0
5065,72495138,KSP0900,20-13373,20200412,2236,,US460,,,US0460,US0460,0,098 US-460,US0460,N,N,NULL,NULL,NULL,N,NULL,NULL,NULL,NULL,NULL,NULL,13.527,NULL,NULL,NULL,NULL,,NULL,1,0,2,1,N,N,55,NULL,98,9802,NULL,,Y,37.33473,-82.38515,N,NULL,NULL,NULL,NULL,NULL,NULL,NULL,NULL,9,3,2,6,1,5,6,6,7,3,N,NULL,Y,Y,2236,2310,2310,N,NULL,36,,1,N,,N,N,098-US-0460-0,NULL,NULL,2020,A,7.25E+11,098-US-0460  -000,HIGH,098-US-0460  -000,13.527,0,0,1,0,1,0,0,1,0,0,0,0,0,0
5066,72481965,980100,2.02E+11,20200228,1750,,THOMPSON,,RD,,,0,098 CS-1215,CS1215,N,N,NULL,NULL,NULL,N,NULL,NULL,NULL,NULL,NULL,NULL,0.529,NULL,NULL,NULL,NULL,,NULL,0,0,2,2,N,N,35,NULL,98,9801,NULL,,Y,37.50591,-82.54317,N,NULL,NULL,NULL,NULL,NULL,NULL,NULL,NULL,1,3,2,6,1,1,2,2,1,3,N,NULL,Y,N,1750,1802,1826,N,NULL,55,,,Y,,N,N,098-CS-1215-0,NULL,NULL,2020,O,7.25E+11,098-CS-1215  -000,HIGH,098-CS-1215  -000,0.529,0,0,1,0,0,0,0,1,0,0,0,0,0,1
5067,72762147,KSP0900,22-175513,20220512,1533,,CASSIDY,,BLVD,,,0,098 CS-1191,CS1191,Y,N,NULL,NULL,NULL,N,NULL,NULL,NULL,NULL,NULL,NULL,0.005,NULL,NULL,NULL,NULL,,NULL,0,0,2,2,N,N,,NULL,98,9801,NULL,,Y,37.50376,-82.53223,N,NULL,NULL,NULL,NULL,NULL,NULL,NULL,NULL,2,97,0,4,1,1,2,2,1,3,N,NULL,Y,Y,1536,1555,1533,N,NULL,90,,,N,,N,N,098-CS-1191-0,NULL,NULL,2022,O,7.28E+11,098-CS-1191  -000,HIGH,098-CS-1191  -000,0.005,0,0,0,0,0,0,0,0,0,0,0,0,0,1
5068,72780724,980100,2.02E+11,20220623,936,,US23,,,US0023,US0023,0,098 US-23,US0023,N,N,NULL,NULL,NULL,N,NULL,NULL,NULL,NULL,NULL,NULL,19.813,NULL,NULL,NULL,NULL,,NULL,0,0,1,1,N,N,55,NULL,98,9801,NULL,,Y,37.44999,-82.50878,N,NULL,NULL,NULL,NULL,NULL,NULL,NULL,NULL,9,2,4,3,1,1,2,2,7,3,N,NULL,Y,N,936,945,1033,N,NULL,40,,1,N,,N,N,098-US-0023-0,NULL,NULL,2022,O,7.28E+11,098-US-0023  -000,HIGH,098-US-0023  -000,19.813,0,0,0,1,0,0,0,0,0,0,0,1,0,1
5069,72512604,KSP0900,20-549008,20200616,1714,,US460,,,US0460,US0460,0,098 US-460,US0460,N,N,NULL,NULL,NULL,N,NULL,NULL,NULL,NULL,NULL,NULL,6.428,NULL,NULL,NULL,NULL,,NULL,1,0,1,1,N,N,55,NULL,98,9832,NULL,,Y,37.39771,-82.4332,N,NULL,NULL,NULL,NULL,NULL,NULL,NULL,NULL,9,5,2,6,1,1,2,2,7,3,Y,NULL,Y,Y,1714,1726,1830,N,NULL,51,,1,N,,N,N,098-US-0460-0,NULL,NULL,2020,A,7.25E+11,098-US-0460  -000,HIGH,098-US-0460  -000,6.428,0,0,0,0,0,0,1,0,0,0,0,1,0,0
5070,72649900,KSP0900,21-300581,20210720,1615,,US23,,,US0023,US0023,0,098 US-23,US0023,Y,N,NULL,NULL,NULL,N,NULL,NULL,NULL,NULL,NULL,NULL,29.453,NULL,NULL,NULL,NULL,,NULL,0,0,2,2,N,N,45,NULL,98,9807,NULL,,Y,37.52966,-82.57578,N,NULL,NULL,NULL,NULL,NULL,NULL,NULL,NULL,1,97,1,6,1,1,2,2,1,3,N,NULL,N,N,1615,1623,,N,NULL,90,,1,N,,N,N,098-US-0023-0,NULL,NULL,2021,O,7.26E+11,098-US-0023  -000,HIGH,098-US-0023  -000,29.453,0,0,0,1,0,0,1,0,0,0,0,0,0,0
5071,72509159,370200,2020-20589,20200531,1927,,KY3174,,,KY3174,KY3174,0,098 KY-3174,KY3174,N,N,NULL,NULL,NULL,N,NULL,NULL,NULL,NULL,NULL,NULL,2.709,NULL,NULL,NULL,NULL,,NULL,0,0,2,2,N,N,55,NULL,98,9801,NULL,,Y,37.37998,-82.49084,N,NULL,NULL,NULL,NULL,NULL,NULL,NULL,NULL,5,3,4,5,1,1,2,2,7,3,N,NULL,N,N,1937,1951,1951,N,NULL,49,,0,N,,N,N,098-KY-3174-0,NULL,NULL,2020,O,7.25E+11,098-KY-3174  -000,HIGH,098-KY-3174  -000,2.709,0,0,1,0,0,0,1,0,0,0,0,0,0,0
5072,72660029,KSP0900,2021-340510,20210815,2250,,US23,,,US0023,US0023,0,098 US-23-10,US0023,N,N,NULL,NULL,NULL,N,NULL,NULL,NULL,NULL,NULL,NULL,4.991,NULL,NULL,NULL,NULL,,NULL,0,0,1,1,N,N,55,NULL,98,9809,NULL,,Y,37.28187,-82.5657,N,NULL,NULL,NULL,NULL,NULL,NULL,NULL,NULL,9,3,4,1,1,5,6,6,7,3,N,NULL,Y,N,2208,2230,2208,N,NULL,70,,1,N,,N,N,098-US-0023-10,NULL,NULL,2021,O,7.27E+11,098-US-0023  -010,HIGH,098-US-0023  -000,4.991,0,0,0,0,0,0,0,0,0,0,0,1,0,0
5073,72697569,980500,2021AR046,20211116,1615,,MAIN,,ST,,,0,098 CS-3000,CS3000,Y,N,NULL,NULL,NULL,N,NULL,NULL,NULL,NULL,NULL,NULL,,NULL,NULL,NULL,NULL,NULL,NULL,0,0,2,2,N,N,,NULL,98,9807,NULL,,Y,37.51906,-82.56673,N,NULL,NULL,NULL,NULL,NULL,NULL,NULL,NULL,8,97,,5,1,1,2,2,1,3,N,NULL,Y,Y,1618,1619,1619,N,NULL,90,,,N,,N,N,098-CS-3000-0,NULL,NULL,2021,O,7.27E+11,098-CS-3000  -000,HIGH,098-CS-3000  -000,0.482,0,0,0,0,0,0,1,0,0,0,0,0,0,0
5074,72741114,KSP0900,22-95581,20220316,958,,ROCKY,,RD,,,0,098 CR-1212,CR1212,N,N,NULL,NULL,NULL,N,NULL,NULL,NULL,NULL,NULL,NULL,0.736,NULL,NULL,NULL,NULL,,NULL,0,0,2,2,N,N,35,NULL,98,9801,4,SE,N,37.40917,-82.4267,N,NULL,NULL,NULL,NULL,NULL,NULL,NULL,NULL,1,3,2,6,1,1,3,2,7,3,N,NULL,Y,N,958,1024,1050,Y,NULL,47,,,N,,N,N,098-CR-1212-0,NULL,NULL,2022,O,7.27E+11,098-CR-1212  -000,HIGH,098-CR-1212  -000,0.736,0,0,0,1,0,0,0,0,0,0,0,1,0,0
5075,72728614,KSP0900,22-40445,20220202,1803,,US119,,,US0119,US0119,0,098 US-119,US0119,N,N,NULL,NULL,NULL,N,NULL,NULL,NULL,NULL,NULL,NULL,0.124,NULL,NULL,NULL,NULL,,NULL,0,0,2,2,N,N,55,NULL,98,9801,2,W,N,37.50412,-82.52982,N,NULL,NULL,NULL,NULL,NULL,NULL,NULL,NULL,7,3,2,6,1,5,6,6,7,3,N,NULL,Y,N,1803,1814,1803,N,NULL,54,2,1,N,,N,N,098-US-0119-0,NULL,NULL,2022,O,7.27E+11,098-US-0119  -000,HIGH,098-US-0119  -000,0.124,0,0,0,0,0,0,0,0,0,0,0,1,0,1
5076,72528547,980100,2.02E+11,20200731,234,,US23,,,US0023,US0023,0,098 US-23,US0023,N,N,NULL,NULL,NULL,N,NULL,NULL,NULL,NULL,NULL,NULL,27.31,NULL,NULL,NULL,NULL,,NULL,0,0,1,1,N,N,55,NULL,98,9801,NULL,,Y,37.51098,-82.54749,N,NULL,NULL,NULL,NULL,NULL,NULL,NULL,NULL,9,3,4,6,1,1,2,6,1,3,N,NULL,Y,N,234,241,245,N,NULL,70,,1,N,,N,N,098-US-0023-0,NULL,NULL,2020,O,7.25E+11,098-US-0023  -000,HIGH,098-US-0023  -000,27.31,0,0,1,0,0,0,0,0,0,0,0,0,0,1
5077,72735257,KSP0900,2022-62249,20220219,2129,,FALLS BRANCH,,RD,,,0,098 CR-1011,CR1011,N,N,NULL,NULL,NULL,N,NULL,NULL,NULL,NULL,NULL,NULL,0.34,NULL,NULL,NULL,NULL,,NULL,0,0,1,1,N,N,25,NULL,98,9834,NULL,,Y,37.68531,-82.30403,N,NULL,NULL,NULL,NULL,NULL,NULL,NULL,NULL,9,7,1,6,1,1,2,6,7,3,N,NULL,Y,N,2129,2129,2129,Y,NULL,40,,,Y,,N,N,098-CR-1011-0,NULL,NULL,2022,O,7.27E+11,098-CR-1011  -000,HIGH,098-CR-1011  -000,0.34,0,0,0,0,0,0,0,0,0,1,0,1,0,0
5078,72664979,KSP0900,21-362022,20210830,2200,,KY1426,,,KY1426,KY1426,0,098 KY-1426,KY1426,N,N,NULL,NULL,NULL,N,NULL,NULL,NULL,NULL,NULL,NULL,15.771,NULL,NULL,NULL,NULL,,NULL,0,0,2,2,N,N,55,NULL,98,9820,NULL,,Y,37.56488,-82.4463,N,NULL,NULL,NULL,NULL,NULL,NULL,NULL,NULL,1,3,2,6,1,5,3,6,7,3,N,NULL,Y,N,2200,2215,2215,N,NULL,55,7,0,N,,N,N,098-KY-1426-0,NULL,NULL,2021,O,7.27E+11,098-KY-1426  -000,HIGH,098-KY-1426  -000,15.771,0,0,1,0,0,0,1,0,0,0,0,0,0,0