OBJECTID,MasterFile,AgencyORINumber,LocalCode,CollisionDate,CollisionTime,CollisionDayWeekCode,RoadwayName,RoadwayName_Direction_,RoadwayName_RoadwaySuffix_,RoadwayfromReport,CurrentRoadwayNumber,RoadwayNumberCoupletID,RSEUniqueGIS,RoadwayIdentifier,ParkingLotIndicator,IntersectionWith_Indicator_,IntersectionWith_NameRoadway_,IntersectionWith_Direction_,IntersectionWith_RoadwaySuffix_,BetweenStreets_Indicator_,BetweenStreets1_NameRoadway_,BetweenStreet1_Direction_,BetweenStreets1_RoadwaySuffix_,BetweenStreets2_NameRoadway_,BetweenStreets2_Direction_,BetweenStreets2_RoadwaySuffix_,Milepoint,ReportMilepointDeriveNumber,CurrentDerivedMiepointNumber,MilestoMilepoint,FeettoMilepoint,DirectionfromMilepoint_NSEW_,ValidMilepointIndicator,NumberInjured,NumberKilled,ofUnits,ofMotorVehicleUnits,Hit&RunIndicator,OneWayIndicator,SpeedLimitNumber,KilometersIndicator,CountyCode,CityCountyCode,MilesFromCity,DirectionFromCity_NSEW_,InCityLimitsIndicator,Latitude,Longitude,RampIndicator,RampFromIdentifier,RampFromDirCode,RampFromCoupletID,RSEUniqueGISRampFrom,RampToidentifier,RampToDirCode,RampToCoupletID,RSEUniqueGisRampTo,MannerofCollisionCode,LocationFirstEventCode,TotalLanes,RoadwayCharacterCode,RoadwaySurfaceCode,RoadwayConditionCode,WeatherCode,LightConditionCode,LandUseCode,SchoolBusRelatedCode,FirstAidSceneIndicator,CollDescPresentInd,InvestigationCompleteIndicator,PhotosTakenIndicator,TimeNotified,TimeArrived,TimeRoadwayOpened,PropertyDamageIndicator,DiagramPresentIndicator,DirectionalAnalysis,FunctionClassCode,NationalHwySysCode,EnforcementsIndicator,KARSCityCode,SecondaryCollisionIndicator,MedianCrossoverIndicator,RT_UNIQUE,MapIt,TimeLastLeft,YR,KABCO,MFNY,WorkingRID,RT_CONFIDENCE,KTC_RT,KTC_MP,Motorcyclist,Commercial Vehicle,Young Driver,Mature Driver,Pedestrian,Bicyclist,Distracted,Aggressive,Impaired,Unrestrained,Intersection,Roadway Departure,Median Cross-over,City Crash
5079,72630830,KSP0900,21-223248,20210531,2300,,FERRELLS CREEK,,RD,US0460,US0460,0,098 US-460,US0460,N,N,NULL,NULL,NULL,N,NULL,NULL,NULL,NULL,NULL,NULL,21.408,NULL,NULL,NULL,NULL,,NULL,0,0,1,1,N,N,55,NULL,98,9847,NULL,,Y,37.37727,-82.27197,N,NULL,NULL,NULL,NULL,NULL,NULL,NULL,NULL,9,3,2,4,1,1,2,6,7,3,N,NULL,Y,N,2300,2301,2310,N,NULL,38,,1,N,,N,N,098-US-0460-0,NULL,NULL,2021,O,7.26E+11,098-US-0460  -000,HIGH,098-US-0460  -000,21.408,0,0,0,0,0,0,0,0,0,0,0,0,0,0
5080,72435203,KSP0900,19-43818,20191107,605,,KY122,,,KY0122,KY0122,0,098 KY-122,KY0122,N,N,NULL,NULL,NULL,N,NULL,NULL,NULL,NULL,NULL,NULL,6.594,NULL,NULL,NULL,NULL,,NULL,1,0,1,1,N,N,55,NULL,98,9823,NULL,,Y,37.36654,-82.58234,N,NULL,NULL,NULL,NULL,NULL,NULL,NULL,NULL,9,4,2,1,1,1,2,6,7,3,Y,NULL,Y,Y,605,645,,Y,NULL,51,,0,N,,N,N,098-KY-0122-0,NULL,NULL,2019,A,7.24E+11,098-KY-0122  -000,HIGH,098-KY-0122  -000,6.594,0,0,0,0,0,0,1,0,0,0,0,1,0,0
5081,72648805,KSP0900,21-293655,20210716,104,,US460,,,US0460,US0460,0,098 US-460,US0460,N,N,NULL,NULL,NULL,N,NULL,NULL,NULL,NULL,NULL,NULL,14.192,NULL,NULL,NULL,NULL,,NULL,1,0,1,1,N,N,55,NULL,98,9805,NULL,,Y,37.342,-82.37765,N,NULL,NULL,NULL,NULL,NULL,NULL,NULL,NULL,9,3,2,6,1,1,2,6,7,3,Y,NULL,Y,Y,104,121,200,N,NULL,70,,1,N,,N,N,098-US-0460-0,NULL,NULL,2021,C,7.26E+11,098-US-0460  -000,HIGH,098-US-0460  -000,14.192,0,0,0,0,0,0,0,0,1,0,0,1,0,0
5082,72482121,KSP0900,20-7847,20200229,907,,ALEXANDER,,AVE,,,0,098 CS-2030,CS2030,N,N,NULL,NULL,NULL,N,NULL,NULL,NULL,NULL,NULL,NULL,0.079,NULL,NULL,NULL,NULL,,NULL,0,0,2,2,N,N,35,NULL,98,9802,NULL,,Y,37.29799,-82.35289,N,NULL,NULL,NULL,NULL,NULL,NULL,NULL,NULL,1,3,1,6,1,5,2,2,7,3,N,NULL,Y,N,910,1011,,N,NULL,55,,,N,,N,N,098-CS-2030-0,NULL,NULL,2020,O,7.25E+11,098-CS-2030  -000,HIGH,098-CS-2030  -000,0.079,0,0,0,1,0,0,1,0,0,0,0,0,0,0
5083,72661465,980100,2.02E+11,20210821,1538,,US23,,,US0023,US0023,0,098 US-23-10,US0023,N,N,NULL,NULL,NULL,N,NULL,NULL,NULL,NULL,NULL,NULL,26.876,NULL,NULL,NULL,NULL,,NULL,0,0,2,2,N,N,55,NULL,98,9801,NULL,,Y,37.50972,-82.53894,N,NULL,NULL,NULL,NULL,NULL,NULL,NULL,NULL,5,3,4,6,1,1,2,2,1,3,Y,NULL,Y,N,1503,1513,1700,N,NULL,49,,1,Y,,N,N,098-US-0023-10,NULL,NULL,2021,O,7.27E+11,098-US-0023  -010,HIGH,098-US-0023  -000,26.876,0,0,0,0,0,0,1,0,1,0,0,0,0,1
5084,72768762,980100,2.02E+11,20220603,1315,,HAMBLEY,,BLVD,,,,,,N,N,NULL,NULL,NULL,N,NULL,NULL,NULL,NULL,NULL,NULL,,NULL,NULL,NULL,NULL,NULL,NULL,0,0,2,2,N,N,25,NULL,98,9801,NULL,,Y,37.48137,-82.51886,N,NULL,NULL,NULL,NULL,NULL,NULL,NULL,NULL,1,3,2,3,1,1,3,2,1,3,N,NULL,Y,N,1315,1316,1351,N,NULL,55,,,N,,N,N,,NULL,NULL,2022,O,7.28E+11,098-CS-1222  -000,MEDIUM,098-CS-1222  -000,0.72,0,0,1,0,0,0,1,0,0,0,0,0,0,1
5085,72754115,KSP0900,22-149524,20220424,1315,,US23,,,US0023,US0023,0,098 US-23,US0023,N,N,NULL,NULL,NULL,N,NULL,NULL,NULL,NULL,NULL,NULL,14.612,NULL,NULL,NULL,NULL,,NULL,0,0,1,1,N,N,55,NULL,98,9801,NULL,,Y,37.39198,-82.5312,N,NULL,NULL,NULL,NULL,NULL,NULL,NULL,NULL,9,3,4,5,1,1,2,2,7,3,N,NULL,Y,N,1315,1331,1331,N,NULL,40,,1,N,,N,N,098-US-0023-0,NULL,NULL,2022,O,7.28E+11,098-US-0023  -000,HIGH,098-US-0023  -000,14.612,0,0,0,0,0,0,0,0,0,0,0,1,0,0
5086,72793495,980100,2.02E+11,20220812,2148,,US460,,,US0460,US0460,0,098 US-460,US0460,Y,N,NULL,NULL,NULL,N,NULL,NULL,NULL,NULL,NULL,NULL,0.192,NULL,NULL,NULL,NULL,,NULL,0,0,2,2,N,N,15,NULL,98,9801,NULL,,Y,37.43972,-82.50908,N,NULL,NULL,NULL,NULL,NULL,NULL,NULL,NULL,7,97,2,6,1,1,2,5,1,3,N,NULL,Y,N,2148,2158,2158,N,NULL,90,,1,N,,N,N,098-US-0460-0,NULL,NULL,2022,O,7.28E+11,098-US-0460  -000,HIGH,098-US-0460  -000,0.192,0,0,0,0,0,0,1,0,0,0,0,0,0,1
5087,72730606,980100,2.02E+11,20220213,1823,,KY3496,,,KY3496,KY3496,0,098 KY-3496,KY3496,N,N,NULL,NULL,NULL,N,NULL,NULL,NULL,NULL,NULL,NULL,0.78,NULL,NULL,NULL,NULL,,NULL,0,0,2,2,N,N,35,NULL,98,9801,NULL,,Y,37.47206,-82.52989,N,NULL,NULL,NULL,NULL,NULL,NULL,NULL,NULL,1,3,2,6,1,1,3,3,7,3,N,NULL,Y,N,1823,1823,1823,N,NULL,55,16,0,N,,N,N,098-KY-3496-0,NULL,NULL,2022,O,7.27E+11,098-KY-3496  -000,HIGH,098-KY-3496  -000,0.78,0,0,1,0,0,0,0,1,0,0,0,0,0,1
5088,72524113,KSP0900,20-607495,20200718,2309,,KY195,,,KY0195,KY0195,0,098 KY-195,KY0195,N,N,NULL,NULL,NULL,N,NULL,NULL,NULL,NULL,NULL,NULL,5.571,NULL,NULL,NULL,NULL,,NULL,0,0,1,1,N,N,35,NULL,98,9802,NULL,,Y,37.31536,-82.46431,N,NULL,NULL,NULL,NULL,NULL,NULL,NULL,NULL,9,3,2,2,1,1,2,6,7,3,N,NULL,N,N,2309,2327,2327,N,NULL,70,7,0,N,,N,N,098-KY-0195-0,NULL,NULL,2020,O,7.25E+11,098-KY-0195  -000,HIGH,098-KY-0195  -000,5.571,0,0,0,0,0,0,0,0,0,0,0,1,0,0
5089,72563366,980100,2.02E+11,20201110,707,,OWSLEY,,RD,KY1384,KY1384,0,098 KY-1384,KY1384,N,N,NULL,NULL,NULL,N,NULL,NULL,NULL,NULL,NULL,NULL,7.018,NULL,NULL,NULL,NULL,,NULL,1,0,2,2,N,N,45,NULL,98,9801,NULL,,Y,37.48013,-82.53933,N,NULL,NULL,NULL,NULL,NULL,NULL,NULL,NULL,1,3,4,6,1,1,2,2,1,3,Y,NULL,Y,Y,707,707,752,N,NULL,55,16,0,N,,N,N,098-KY-1384-0,NULL,NULL,2020,C,7.26E+11,098-KY-1384  -000,HIGH,098-KY-1384  -000,7.018,0,0,1,0,0,0,1,0,0,0,0,0,0,1
5090,72456702,980100,2.02E+11,20191228,2,,HAMBLEY,,BLVD,,,0,098 CS-1222,CS1222,Y,N,NULL,NULL,NULL,N,NULL,NULL,NULL,NULL,NULL,NULL,0.494,NULL,NULL,NULL,NULL,,NULL,0,0,2,2,N,N,,NULL,98,9801,NULL,,Y,37.47834,-82.52042,N,NULL,NULL,NULL,NULL,NULL,NULL,NULL,NULL,2,97,,6,2,1,2,5,5,3,N,NULL,Y,N,2,30,30,N,NULL,90,,,N,,N,N,098-CS-1222-0,NULL,NULL,2019,O,7.25E+11,098-CS-1222  -000,HIGH,098-CS-1222  -000,0.494,0,0,0,0,0,0,1,0,0,0,0,0,0,1
5091,72481435,980100,2.02E+11,20200227,1522,,BYPASS,S,RD,KY1426,KY1426,0,098 KY-1426,KY1426,Y,N,NULL,NULL,NULL,N,NULL,NULL,NULL,NULL,NULL,NULL,6.042,NULL,NULL,NULL,NULL,,NULL,0,0,2,2,N,N,15,NULL,98,9801,NULL,,Y,37.47604,-82.51794,N,NULL,NULL,NULL,NULL,NULL,NULL,NULL,NULL,8,97,2,4,1,1,2,2,1,3,N,NULL,Y,N,1522,1526,1539,N,NULL,90,,0,N,,N,N,098-KY-1426-0,NULL,NULL,2020,O,7.25E+11,098-KY-1426  -000,HIGH,098-KY-1426  -000,6.042,0,0,0,0,0,0,0,0,0,0,0,0,0,1
5092,72514602,980000,20-06-005,20200614,2040,,KY1056,,,KY1056,KY1056,0,098 KY-1056,KY1056,N,N,NULL,NULL,NULL,N,NULL,NULL,NULL,NULL,NULL,NULL,9.596,NULL,NULL,NULL,NULL,,NULL,0,0,1,1,N,N,55,NULL,98,9863,8,N,N,37.59876,-82.16781,N,NULL,NULL,NULL,NULL,NULL,NULL,NULL,NULL,9,97,2,3,1,5,6,6,7,3,N,NULL,N,N,2040,2128,2158,N,NULL,40,7,0,N,,N,N,098-KY-1056-0,NULL,NULL,2020,O,7.25E+11,098-KY-1056  -000,HIGH,098-KY-1056  -000,9.596,0,0,0,0,0,0,0,1,0,0,0,1,0,0
5093,72786588,KSP0900,22-280051,20220723,940,,LEGION,,RD,,,0,098 CR-1267H,CR1267H,N,N,NULL,NULL,NULL,N,NULL,NULL,NULL,NULL,NULL,NULL,0.237,NULL,NULL,NULL,NULL,,NULL,0,0,1,1,N,N,35,NULL,98,9824,NULL,,Y,37.42015,-82.49691,N,NULL,NULL,NULL,NULL,NULL,NULL,NULL,NULL,9,3,2,3,1,1,2,2,7,3,N,NULL,Y,N,940,950,950,N,NULL,44,,,N,,N,N,098-CR-1267H-0,NULL,NULL,2022,O,7.28E+11,098-CR-1267H -000,HIGH,098-CR-1267H -000,0.237,1,0,0,0,0,0,0,0,0,0,0,1,0,0
5094,72841470,KSP0900,22-468906,20221208,1610,,US119,,,US0119,US0119,0,098 US-119-10,US0119,Y,N,NULL,NULL,NULL,N,NULL,NULL,NULL,NULL,NULL,NULL,23.671,NULL,NULL,NULL,NULL,,NULL,0,0,2,2,N,N,10,NULL,98,9834,NULL,,Y,37.65111,-82.26806,N,NULL,NULL,NULL,NULL,NULL,NULL,NULL,NULL,1,97,2,6,1,5,6,2,7,3,N,NULL,N,N,1615,1700,1700,N,NULL,90,2,1,N,,N,N,098-US-0119-10,NULL,NULL,2022,O,7.28E+11,098-US-0119  -010,HIGH,098-US-0119  -000,23.671,0,0,0,0,0,0,1,0,0,0,0,0,0,0
5095,72563573,980100,2.02E+11,20201111,1434,,KY1426,,,KY1426,KY1426,0,098 KY-1426,KY1426,N,N,NULL,NULL,NULL,N,NULL,NULL,NULL,NULL,NULL,NULL,7.498,NULL,NULL,NULL,NULL,,NULL,1,0,1,1,N,N,45,NULL,98,9801,NULL,,Y,37.49044,-82.50043,N,NULL,NULL,NULL,NULL,NULL,NULL,NULL,NULL,9,3,2,3,1,5,6,2,1,3,N,NULL,Y,Y,1434,1435,1506,N,NULL,70,,0,N,,N,N,098-KY-1426-0,NULL,NULL,2020,B,7.26E+11,098-KY-1426  -000,HIGH,098-KY-1426  -000,7.498,0,0,0,0,0,0,0,0,0,0,0,1,0,1
5096,72482563,KSP0900,20-5656,20200212,1525,,KY194,,,KY0194,KY0194,0,098 KY-194,KY0194,N,N,NULL,NULL,NULL,N,NULL,NULL,NULL,NULL,NULL,NULL,54.044,NULL,NULL,NULL,NULL,,NULL,3,0,2,2,N,N,55,NULL,98,9804,NULL,,Y,37.50766,-82.13577,N,NULL,NULL,NULL,NULL,NULL,NULL,NULL,NULL,3,3,2,6,1,5,3,2,7,3,N,NULL,Y,Y,1528,1709,1742,N,NULL,52,8,0,N,,N,Y,098-KY-0194-0,NULL,NULL,2020,A,7.25E+11,098-KY-0194  -000,HIGH,098-KY-0194  -000,54.044,0,0,0,0,0,0,1,0,1,0,0,1,1,0
5097,72502006,KSP0900,20-17753,20200512,1707,,BEEFHIDE,,CRK,,,0,098 CR-1906,CR1906,N,N,NULL,NULL,NULL,N,NULL,NULL,NULL,NULL,NULL,NULL,0.243,NULL,NULL,NULL,NULL,,NULL,1,0,2,1,N,N,35,NULL,98,9827,NULL,,Y,37.28718,-82.60191,N,NULL,NULL,NULL,NULL,NULL,NULL,NULL,NULL,9,3,2,6,1,1,2,2,7,3,Y,NULL,Y,Y,1709,1743,,N,NULL,36,,,N,,N,N,098-CR-1906-0,NULL,NULL,2020,A,7.25E+11,098-CR-1906  -000,HIGH,098-CR-1906  -000,0.243,0,0,0,0,1,0,0,0,0,0,0,0,0,0
5098,72657860,980100,2.02E+11,20210808,1741,,CASSIDY,,BLVD,,,,,,N,N,NULL,NULL,NULL,N,NULL,NULL,NULL,NULL,NULL,NULL,0.24,NULL,NULL,NULL,NULL,,NULL,0,0,2,2,N,N,15,NULL,98,9801,NULL,,Y,37.50444,-82.5358,N,NULL,NULL,NULL,NULL,NULL,NULL,NULL,NULL,5,3,2,6,1,1,2,2,1,3,N,NULL,Y,N,1741,1743,1807,N,NULL,49,,,N,,N,N,,NULL,NULL,2021,O,7.27E+11,098-CS-1191  -000,LOW,098-CS-1191  -000,0.24,0,0,0,0,0,0,1,0,0,0,0,0,0,1
5099,72539004,980100,2.02E+11,20200902,1041,,CHLOE,,RD,KY1460,KY1460,0,098 KY-1460,KY1460,Y,N,NULL,NULL,NULL,N,NULL,NULL,NULL,NULL,NULL,NULL,3.893,NULL,NULL,NULL,NULL,,NULL,0,0,2,2,Y,N,,NULL,98,9801,NULL,,Y,37.47705,-82.4949,N,NULL,NULL,NULL,NULL,NULL,NULL,NULL,NULL,4,97,1,4,3,8,6,2,5,3,N,NULL,Y,N,1041,1049,1049,N,NULL,90,,0,Y,,N,N,098-KY-1460-0,NULL,NULL,2020,O,7.25E+11,098-KY-1460  -000,HIGH,098-KY-1460  -000,3.893,0,0,0,0,0,0,0,0,1,0,0,0,0,1
5100,72696679,980100,2.02E+11,20211113,1759,,LYKINS,,CRK,,,,,,N,N,NULL,NULL,NULL,N,NULL,NULL,NULL,NULL,NULL,NULL,0.24,NULL,NULL,NULL,NULL,,NULL,0,0,1,1,N,N,25,NULL,98,9801,NULL,,Y,37.50481,-82.54839,N,NULL,NULL,NULL,NULL,NULL,NULL,NULL,NULL,9,97,1,3,1,1,2,6,6,3,N,NULL,Y,N,1759,1810,,Y,NULL,40,,,N,,N,N,,NULL,NULL,2021,O,7.27E+11,098-CS-1249  -000,MEDIUM,098-CS-1249  -000,0.24,0,0,0,0,0,0,0,0,0,0,0,1,0,1
5101,72536044,KSP0900,20-666533,20200825,1221,,DOUGLAS,,PARK,,,0,098 CR-1704,CR1704,Y,N,NULL,NULL,NULL,N,NULL,NULL,NULL,NULL,NULL,NULL,0.467,NULL,NULL,NULL,NULL,,NULL,0,0,2,2,N,N,,NULL,98,9801,NULL,,Y,37.38249,-82.53613,N,NULL,NULL,NULL,NULL,NULL,NULL,NULL,NULL,2,97,1,6,3,1,2,2,6,3,N,NULL,Y,N,1228,1323,,N,NULL,90,,,N,,N,N,098-CR-1704-0,NULL,NULL,2020,O,7.25E+11,098-CR-1704  -000,HIGH,098-CR-1704  -000,0.467,0,0,0,1,0,0,1,0,0,0,0,0,0,0
5102,72536843,KSP0900,20-672090,20200828,2253,,KY1056,,,KY1056,KY1056,,,,N,N,NULL,NULL,NULL,N,NULL,NULL,NULL,NULL,NULL,NULL,7.832,NULL,NULL,NULL,NULL,,NULL,0,0,2,2,N,N,35,NULL,98,9863,NULL,,Y,37.58082,-82.17847,N,NULL,NULL,NULL,NULL,NULL,NULL,NULL,NULL,8,3,2,6,1,5,6,6,7,3,N,NULL,Y,N,2256,2325,2325,N,NULL,53,7,0,N,,N,N,,NULL,NULL,2020,O,7.25E+11,098-KY-1056  -000,HIGH,098-KY-1056  -000,7.832,0,0,0,0,0,0,0,1,0,0,0,1,0,0
5103,72535374,980000,20-08-004,20200806,1930,,MILLARD,,HWY,US0460,US0460,0,098 US-460,US0460,N,N,NULL,NULL,NULL,N,NULL,NULL,NULL,NULL,NULL,NULL,6.266,NULL,NULL,NULL,NULL,,NULL,0,0,2,2,Y,N,55,NULL,98,9832,4,NE,N,37.39998,-82.43317,N,NULL,NULL,NULL,NULL,NULL,NULL,NULL,NULL,7,97,2,3,1,1,2,2,1,3,N,NULL,Y,Y,1934,2008,,N,NULL,47,,1,Y,,N,N,098-US-0460-0,NULL,NULL,2020,O,7.25E+11,098-US-0460  -000,HIGH,098-US-0460  -000,6.266,0,0,1,0,0,0,0,0,0,0,0,0,0,0
5104,72488066,KSP0900,20-9754,20200314,1114,,KY1426,,,KY1426,KY1426,0,098 KY-1426,KY1426,N,N,NULL,NULL,NULL,N,NULL,NULL,NULL,NULL,NULL,NULL,13.186,NULL,NULL,NULL,NULL,,NULL,0,0,2,2,N,N,55,NULL,98,9801,NULL,,Y,37.54896,-82.45857,N,NULL,NULL,NULL,NULL,NULL,NULL,NULL,NULL,5,97,1,6,1,8,3,2,7,3,N,NULL,Y,N,1114,1123,,N,NULL,47,7,0,N,,N,N,098-KY-1426-0,NULL,NULL,2020,O,7.25E+11,098-KY-1426  -000,HIGH,098-KY-1426  -000,13.186,0,0,0,0,0,0,1,0,0,0,0,0,0,0
5105,72676244,KSP0900,21-396475,20210924,1500,,IRICK,,ST,,,0,098 CR-1544C,CR1544C,N,N,NULL,NULL,NULL,N,NULL,NULL,NULL,NULL,NULL,NULL,0.049,NULL,NULL,NULL,NULL,,NULL,0,0,2,2,N,N,35,NULL,98,9851,NULL,,Y,37.58949,-82.27415,N,NULL,NULL,NULL,NULL,NULL,NULL,NULL,NULL,1,3,2,3,1,1,2,2,7,3,N,NULL,N,N,1500,1505,1530,N,NULL,55,,,N,,N,N,098-CR-1544C-0,NULL,NULL,2021,O,7.27E+11,098-CR-1544C -000,HIGH,098-CR-1544C -000,0.049,0,0,1,0,0,0,1,0,0,0,0,0,0,0
5106,72579466,KSP0900,20-842960,20201224,1924,,LONG FORK,,RD,KY1469,KY1469,0,098 KY-1469,KY1469,N,N,NULL,NULL,NULL,N,NULL,NULL,NULL,NULL,NULL,NULL,7.553,NULL,NULL,NULL,NULL,,NULL,0,0,1,1,N,N,55,NULL,98,9827,NULL,,Y,37.30963,-82.63372,N,NULL,NULL,NULL,NULL,NULL,NULL,NULL,NULL,9,3,2,6,1,4,9,6,7,3,N,NULL,Y,N,1924,2030,,N,NULL,70,8,0,N,,N,N,098-KY-1469-0,NULL,NULL,2020,O,7.26E+11,098-KY-1469  -000,HIGH,098-KY-1469  -000,7.553,0,0,0,0,0,0,0,0,0,0,0,1,0,0
5107,72772910,980100,2.02E+11,20220615,1334,,KY3496,,,KY3496,KY3496,0,098 KY-3496,KY3496,Y,N,NULL,NULL,NULL,N,NULL,NULL,NULL,NULL,NULL,NULL,0.112,NULL,NULL,NULL,NULL,,NULL,0,0,2,2,N,N,,NULL,98,9801,NULL,,Y,37.46604,-82.52972,N,NULL,NULL,NULL,NULL,NULL,NULL,NULL,NULL,2,97,0,6,1,1,2,2,1,3,N,NULL,Y,N,1334,1341,,N,NULL,90,16,0,N,,N,N,098-KY-3496-0,NULL,NULL,2022,O,7.28E+11,098-KY-3496  -000,HIGH,098-KY-3496  -000,0.112,0,0,0,1,0,0,0,0,0,0,0,0,0,1
5108,72592434,980100,2.02E+11,20210207,1308,,CASSIDY,,BLVD,,,0,098 CS-1191,CS1191,Y,N,NULL,NULL,NULL,N,NULL,NULL,NULL,NULL,NULL,NULL,0.243,NULL,NULL,NULL,NULL,,NULL,0,0,2,2,N,N,15,NULL,98,9801,NULL,,Y,37.50439,-82.53584,N,NULL,NULL,NULL,NULL,NULL,NULL,NULL,NULL,6,97,,6,1,1,3,2,1,3,N,NULL,Y,N,1308,1319,1319,N,NULL,90,,,N,,N,N,098-CS-1191-0,NULL,NULL,2021,O,7.26E+11,098-CS-1191  -000,HIGH,098-CS-1191  -000,0.243,0,0,0,1,0,0,1,0,0,0,0,0,0,1
5109,72507808,KSP0900,20-19979,20200527,1530,,US119,,,US0119,US0119,0,098 US-119-10,US0119,Y,N,NULL,NULL,NULL,N,NULL,NULL,NULL,NULL,NULL,NULL,23.933,NULL,NULL,NULL,NULL,,NULL,0,0,2,2,N,N,10,NULL,98,9834,NULL,,Y,37.6548,-82.26963,N,NULL,NULL,NULL,NULL,NULL,NULL,NULL,NULL,8,97,4,6,1,1,2,2,1,3,N,NULL,Y,N,1530,1530,1530,N,NULL,90,2,1,N,,N,N,098-US-0119-10,NULL,NULL,2020,O,7.25E+11,098-US-0119  -010,HIGH,098-US-0119  -000,23.933,0,0,0,1,0,0,1,0,0,0,0,0,0,0
5110,72788430,980100,2.02E+11,20220730,1744,,CASSIDY,,BLVD,,,0,098 CS-1191,CS1191,Y,N,NULL,NULL,NULL,N,NULL,NULL,NULL,NULL,NULL,NULL,0.25,NULL,NULL,NULL,NULL,,NULL,0,0,2,2,N,Y,15,NULL,98,9801,NULL,,Y,37.50458,-82.53595,N,NULL,NULL,NULL,NULL,NULL,NULL,NULL,NULL,5,97,2,6,1,1,2,2,1,3,N,NULL,Y,N,1744,1749,1749,N,NULL,90,,,Y,,N,N,098-CS-1191-0,NULL,NULL,2022,O,7.28E+11,098-CS-1191  -000,HIGH,098-CS-1191  -000,0.25,0,0,0,0,0,0,1,0,0,0,0,0,0,1
5111,72711060,KSP0900,21-508773,20211214,1836,,US23,,,US0023,US0023,0,098 US-23-10,US0023,N,N,NULL,NULL,NULL,N,NULL,NULL,NULL,NULL,NULL,NULL,28.515,NULL,NULL,NULL,NULL,,NULL,0,0,2,2,Y,N,45,NULL,98,9807,NULL,,Y,37.51902,-82.56613,N,NULL,NULL,NULL,NULL,NULL,NULL,NULL,NULL,1,3,4,6,1,1,2,5,7,3,N,NULL,Y,N,1844,1844,1844,N,NULL,55,,1,Y,,N,N,098-US-0023-10,NULL,NULL,2021,O,7.27E+11,098-US-0023  -010,HIGH,098-US-0023  -000,28.515,0,0,1,0,0,0,1,0,0,0,0,0,0,0
5112,72743288,KSP0900,22-104653,20220322,1757,,WEDDINGTON BRANCH,,RD,,,0,098 CS-3026,CS3026,N,N,NULL,NULL,NULL,N,NULL,NULL,NULL,NULL,NULL,NULL,0.314,NULL,NULL,NULL,NULL,,NULL,0,0,2,2,N,N,10,NULL,98,9807,NULL,,Y,37.52604,-82.56892,N,NULL,NULL,NULL,NULL,NULL,NULL,NULL,NULL,2,3,2,6,1,1,2,2,6,3,N,NULL,Y,N,1801,1817,,N,NULL,47,,,N,,N,N,098-CS-3026-0,NULL,NULL,2022,O,7.27E+11,098-CS-3026  -000,HIGH,098-CS-3026  -000,0.314,0,0,0,0,0,0,1,0,0,0,0,0,0,0
5113,72471408,980100,2.02E+11,20200202,1309,,JUSTICE WAY,,RD,,,0,098 CS-1215,CS1215,Y,N,NULL,NULL,NULL,N,NULL,NULL,NULL,NULL,NULL,NULL,,NULL,NULL,NULL,NULL,NULL,NULL,0,0,2,2,N,N,,NULL,98,9801,NULL,,Y,37.50715,-82.54703,N,NULL,NULL,NULL,NULL,NULL,NULL,NULL,NULL,2,97,1,6,1,1,2,2,1,3,N,NULL,Y,N,1309,1318,1318,N,NULL,90,,,N,,N,N,098-CS-1215-0,NULL,NULL,2020,O,7.25E+11,098-CS-1215  -000,HIGH,098-CS-1215  -000,0.309,0,0,0,0,0,0,1,0,0,0,0,0,0,1
5114,72731055,980100,2.02E+11,20220214,1007,,BYPASS,S,RD,KY1426,KY1426,0,098 KY-1426,KY1426,Y,N,NULL,NULL,NULL,N,NULL,NULL,NULL,NULL,NULL,NULL,6.106,NULL,NULL,NULL,NULL,,NULL,0,0,2,2,N,N,,NULL,98,9801,NULL,,Y,37.47677,-82.5172,N,NULL,NULL,NULL,NULL,NULL,NULL,NULL,NULL,1,97,0,5,1,1,3,2,5,3,N,NULL,Y,N,1007,1016,,N,NULL,90,,0,N,,N,N,098-KY-1426-0,NULL,NULL,2022,O,7.27E+11,098-KY-1426  -000,HIGH,098-KY-1426  -000,6.106,0,0,0,1,0,0,0,0,0,0,0,0,0,1
5115,72793523,980100,2.02E+11,20220813,1213,,BYPASS,S,RD,KY1426,KY1426,0,098 KY-1426,KY1426,Y,N,NULL,NULL,NULL,N,NULL,NULL,NULL,NULL,NULL,NULL,5.675,NULL,NULL,NULL,NULL,,NULL,0,0,2,2,N,N,15,NULL,98,9801,NULL,,Y,37.4727,-82.52312,N,NULL,NULL,NULL,NULL,NULL,NULL,NULL,NULL,2,97,1,6,1,1,2,2,1,3,N,NULL,Y,N,1213,1219,1219,N,NULL,90,,0,N,,N,N,098-KY-1426-0,NULL,NULL,2022,O,7.28E+11,098-KY-1426  -000,HIGH,098-KY-1426  -000,5.675,0,0,0,1,0,0,1,0,0,0,0,0,0,1