OBJECTID,MasterFile,AgencyORINumber,LocalCode,CollisionDate,CollisionTime,CollisionDayWeekCode,RoadwayName,RoadwayName_Direction_,RoadwayName_RoadwaySuffix_,RoadwayfromReport,CurrentRoadwayNumber,RoadwayNumberCoupletID,RSEUniqueGIS,RoadwayIdentifier,ParkingLotIndicator,IntersectionWith_Indicator_,IntersectionWith_NameRoadway_,IntersectionWith_Direction_,IntersectionWith_RoadwaySuffix_,BetweenStreets_Indicator_,BetweenStreets1_NameRoadway_,BetweenStreet1_Direction_,BetweenStreets1_RoadwaySuffix_,BetweenStreets2_NameRoadway_,BetweenStreets2_Direction_,BetweenStreets2_RoadwaySuffix_,Milepoint,ReportMilepointDeriveNumber,CurrentDerivedMiepointNumber,MilestoMilepoint,FeettoMilepoint,DirectionfromMilepoint_NSEW_,ValidMilepointIndicator,NumberInjured,NumberKilled,ofUnits,ofMotorVehicleUnits,Hit&RunIndicator,OneWayIndicator,SpeedLimitNumber,KilometersIndicator,CountyCode,CityCountyCode,MilesFromCity,DirectionFromCity_NSEW_,InCityLimitsIndicator,Latitude,Longitude,RampIndicator,RampFromIdentifier,RampFromDirCode,RampFromCoupletID,RSEUniqueGISRampFrom,RampToidentifier,RampToDirCode,RampToCoupletID,RSEUniqueGisRampTo,MannerofCollisionCode,LocationFirstEventCode,TotalLanes,RoadwayCharacterCode,RoadwaySurfaceCode,RoadwayConditionCode,WeatherCode,LightConditionCode,LandUseCode,SchoolBusRelatedCode,FirstAidSceneIndicator,CollDescPresentInd,InvestigationCompleteIndicator,PhotosTakenIndicator,TimeNotified,TimeArrived,TimeRoadwayOpened,PropertyDamageIndicator,DiagramPresentIndicator,DirectionalAnalysis,FunctionClassCode,NationalHwySysCode,EnforcementsIndicator,KARSCityCode,SecondaryCollisionIndicator,MedianCrossoverIndicator,RT_UNIQUE,MapIt,TimeLastLeft,YR,KABCO,MFNY,WorkingRID,RT_CONFIDENCE,KTC_RT,KTC_MP,Motorcyclist,Commercial Vehicle,Young Driver,Mature Driver,Pedestrian,Bicyclist,Distracted,Aggressive,Impaired,Unrestrained,Intersection,Roadway Departure,Median Cross-over,City Crash
5116,72711760,980500,2021AR052,20211220,1534,,MAIN,,ST,,,0,098 CS-3000,CS3000,N,N,NULL,NULL,NULL,N,NULL,NULL,NULL,NULL,NULL,NULL,,NULL,NULL,NULL,NULL,NULL,NULL,0,0,2,2,N,N,45,NULL,98,9807,NULL,,Y,37.51892,-82.56638,N,NULL,NULL,NULL,NULL,NULL,NULL,NULL,NULL,5,3,6,6,1,1,2,2,7,3,N,NULL,Y,Y,1536,1539,1540,N,NULL,49,,,N,,N,N,098-CS-3000-0,NULL,NULL,2021,O,7.27E+11,098-CS-3000  -000,HIGH,098-CS-3000  -000,0.46,0,0,0,0,0,0,1,0,0,0,0,0,0,0
5117,72796032,KSP0900,22-322079,20220820,1232,,FEDSCREEK,,RD,KY0366,KY0366,0,098 KY-366,KY0366,N,N,NULL,NULL,NULL,N,NULL,NULL,NULL,NULL,NULL,NULL,2.917,NULL,NULL,NULL,NULL,,NULL,1,0,1,1,N,N,35,NULL,98,9839,NULL,,Y,37.39868,-82.20874,N,NULL,NULL,NULL,NULL,NULL,NULL,NULL,NULL,9,5,2,5,1,1,2,2,7,3,N,NULL,N,Y,1232,1304,1445,N,NULL,44,9,0,N,,N,N,098-KY-0366-0,NULL,NULL,2022,C,7.28E+11,098-KY-0366  -000,HIGH,098-KY-0366  -000,2.917,0,0,0,0,0,0,0,0,0,0,0,1,0,0
5118,72588367,980100,2.02E+11,20210121,1205,,DOUBLE KWIK PARKING LOT,,,,,,,,Y,N,NULL,NULL,NULL,N,NULL,NULL,NULL,NULL,NULL,NULL,,NULL,NULL,NULL,NULL,NULL,NULL,1,0,1,1,N,N,,NULL,98,9801,NULL,,Y,37.4819,-82.51488,N,NULL,NULL,NULL,NULL,NULL,NULL,NULL,NULL,9,97,1,6,1,1,2,2,1,3,Y,NULL,Y,Y,1205,1207,1233,N,NULL,90,,,N,,N,N,,NULL,NULL,2021,C,7.26E+11,098-CS-1115  -000,MEDIUM,098-CS-1115  -000,0.044,0,0,0,0,0,0,0,0,0,0,0,1,0,1
5119,72782069,980500,2022AR035,20220712,1400,,MAYO TRAIL,N,,,,,,,Y,N,NULL,NULL,NULL,N,NULL,NULL,NULL,NULL,NULL,NULL,,NULL,NULL,NULL,NULL,NULL,NULL,0,0,2,2,Y,N,15,NULL,98,9807,NULL,,Y,37.52848,-82.57451,N,NULL,NULL,NULL,NULL,NULL,NULL,NULL,NULL,1,97,,6,1,1,2,2,5,3,N,NULL,Y,Y,1400,1405,1406,N,NULL,90,,,N,,N,N,,NULL,NULL,2022,O,7.28E+11,098-US-0023  -000,MEDIUM,098-US-0023  -000,29.331,0,0,0,0,0,0,0,0,0,0,0,0,0,0
5120,72492878,KSP0900,20-11902,20200401,633,,US460,,,US0460,US0460,0,098 US-460,US0460,N,N,NULL,NULL,NULL,N,NULL,NULL,NULL,NULL,NULL,NULL,1.381,NULL,NULL,NULL,NULL,,NULL,0,0,2,2,N,N,35,NULL,98,9824,NULL,,Y,37.42677,-82.50012,N,NULL,NULL,NULL,NULL,NULL,NULL,NULL,NULL,1,3,2,1,1,5,6,6,7,3,N,NULL,Y,N,630,710,,N,NULL,55,,1,N,,N,N,098-US-0460-0,NULL,NULL,2020,O,7.25E+11,098-US-0460  -000,HIGH,098-US-0460  -000,1.381,0,0,0,0,0,0,1,0,0,0,0,0,0,0
5121,72754188,980100,2.02E+11,20220423,2020,,KY3496,,,KY3496,KY3496,0,098 KY-3496,KY3496,Y,N,NULL,NULL,NULL,N,NULL,NULL,NULL,NULL,NULL,NULL,0.826,NULL,NULL,NULL,NULL,,NULL,0,0,2,2,Y,N,15,NULL,98,9801,NULL,,Y,37.47204,-82.52904,N,NULL,NULL,NULL,NULL,NULL,NULL,NULL,NULL,2,97,2,6,1,1,2,5,1,3,N,NULL,Y,N,2020,2023,,N,NULL,90,16,0,N,,N,N,098-KY-3496-0,NULL,NULL,2022,O,7.28E+11,098-KY-3496  -000,HIGH,098-KY-3496  -000,0.826,0,0,0,0,0,0,0,0,0,0,0,0,0,1
5122,72776620,980100,2.02E+11,20220621,1642,,US23 TURN LANE,,,US0023,US0023,0,098 US-23-21,US0023,N,N,NULL,NULL,NULL,N,NULL,NULL,NULL,NULL,NULL,NULL,0.01,NULL,NULL,NULL,NULL,,NULL,0,0,1,1,N,N,55,NULL,98,9801,NULL,,Y,37.50364,-82.53255,N,NULL,NULL,NULL,NULL,NULL,NULL,NULL,NULL,9,3,4,6,1,1,2,2,7,3,N,NULL,Y,N,1642,1643,1643,N,NULL,70,,1,N,,N,N,098-US-0023-21,NULL,NULL,2022,O,7.28E+11,098-US-0023  -021,HIGH,098-US-0023  -021,0.01,0,0,0,0,0,0,0,0,0,0,0,1,0,1
5123,72746872,980100,2.02E+11,20220325,1927,,US23,,,US0023,US0023,0,098 US-23,US0023,N,Y,KY3496,,,N,NULL,NULL,NULL,NULL,NULL,NULL,23.062,NULL,NULL,NULL,NULL,,NULL,4,0,2,2,N,N,55,NULL,98,9801,NULL,,Y,37.46593,-82.52807,N,NULL,NULL,NULL,NULL,NULL,NULL,NULL,NULL,1,3,6,6,1,1,2,2,1,3,N,NULL,Y,Y,1927,1932,2012,N,NULL,10,,1,N,,N,N,098-US-0023-0,NULL,NULL,2022,B,7.27E+11,098-US-0023  -000,HIGH,098-US-0023  -000,23.062,0,0,0,1,0,0,1,1,0,1,1,0,0,1
5124,72757878,370200,2022-164162,20220504,1601,,US23,,,US0023,US0023,0,098 US-23-10,US0023,N,N,NULL,NULL,NULL,N,NULL,NULL,NULL,NULL,NULL,NULL,18.456,NULL,NULL,NULL,NULL,,NULL,0,0,2,2,Y,N,55,NULL,98,9801,NULL,,Y,37.4352,-82.51292,N,NULL,NULL,NULL,NULL,NULL,NULL,NULL,NULL,8,3,4,5,1,1,2,2,7,3,N,NULL,Y,N,1601,1618,1644,N,NULL,53,,1,N,,N,N,098-US-0023-10,NULL,NULL,2022,O,7.28E+11,098-US-0023  -010,HIGH,098-US-0023  -000,18.456,0,1,0,0,0,0,0,0,0,0,0,1,0,1
5125,72477508,KSP0900,2020-5227,20200209,730,,FORD MOUNTAIN,,RD,,,0,098 CR-1364Q4,CR1364Q4,N,N,NULL,NULL,NULL,N,NULL,NULL,NULL,NULL,NULL,NULL,0.497,NULL,NULL,NULL,NULL,,NULL,0,0,1,1,N,N,35,NULL,98,9820,NULL,,Y,37.57169,-82.45165,N,NULL,NULL,NULL,NULL,NULL,NULL,NULL,NULL,9,3,1,4,1,1,10,2,6,3,N,NULL,N,N,605,728,728,N,NULL,38,,,N,,N,N,098-CR-1364Q4-0,NULL,NULL,2020,O,7.25E+11,098-CR-1364Q4-000,HIGH,098-CR-1364Q4-000,0.497,0,0,0,0,0,0,0,0,0,0,0,1,0,0
5126,72608446,980500,021AR013,20210330,1715,,SUN TAN CITY,,,,,,,,Y,N,NULL,NULL,NULL,N,NULL,NULL,NULL,NULL,NULL,NULL,,NULL,NULL,NULL,NULL,NULL,NULL,0,0,2,2,N,N,15,NULL,98,9807,NULL,,Y,37.53403,-82.58141,N,NULL,NULL,NULL,NULL,NULL,NULL,NULL,NULL,6,97,,6,1,1,2,2,7,3,N,NULL,Y,Y,1710,1715,1720,N,NULL,90,,,N,,N,N,,NULL,NULL,2021,O,7.26E+11,098-PR-1302  -000,MEDIUM,098-PR-1302  -000,0.017,0,0,0,1,0,0,1,0,0,1,0,0,0,0
5127,72566586,KSP0900,20-764088,20201030,1310,,US23,,,US0023,US0023,0,098 US-23-10,US0023,N,N,NULL,NULL,NULL,N,NULL,NULL,NULL,NULL,NULL,NULL,9.139,NULL,NULL,NULL,NULL,,NULL,0,1,2,2,N,N,55,NULL,98,9827,NULL,,Y,37.32848,-82.55913,N,NULL,NULL,NULL,NULL,NULL,NULL,NULL,NULL,1,3,4,6,1,1,2,2,7,3,N,NULL,Y,Y,1313,1426,,N,NULL,55,,1,N,,N,N,098-US-0023-10,NULL,NULL,2020,K,7.26E+11,098-US-0023  -010,HIGH,098-US-0023  -000,9.139,0,1,0,1,0,0,0,1,0,0,0,1,0,0
5128,72747098,980100,2.02E+11,20220403,1639,,HAMBLEY,,BLVD,,,,,,Y,N,NULL,NULL,NULL,N,NULL,NULL,NULL,NULL,NULL,NULL,1.492,NULL,NULL,NULL,NULL,,NULL,0,0,2,2,N,N,35,NULL,98,9801,NULL,,Y,37.48342,-82.5299,N,NULL,NULL,NULL,NULL,NULL,NULL,NULL,NULL,2,97,2,4,1,1,2,2,1,3,N,NULL,Y,N,1639,1643,1704,N,NULL,90,,,N,,N,N,,NULL,NULL,2022,O,7.27E+11,098-CS-1222  -000,MEDIUM,098-CS-1222  -000,1.492,0,0,0,1,0,0,1,0,0,0,0,0,0,1
5129,72653226,370200,2021-315665,20210730,1458,,KY194,,,KY0194,KY0194,0,098 KY-194,KY0194,N,N,NULL,NULL,NULL,N,NULL,NULL,NULL,NULL,NULL,NULL,37.497,NULL,NULL,NULL,NULL,,NULL,0,0,1,1,N,N,55,NULL,98,9849,NULL,,Y,37.45111,-82.26689,N,NULL,NULL,NULL,NULL,NULL,NULL,NULL,NULL,9,5,2,1,1,1,3,2,7,3,N,NULL,Y,N,1515,1454,1454,Y,NULL,40,7,0,N,,N,N,098-KY-0194-0,NULL,NULL,2021,O,7.27E+11,098-KY-0194  -000,HIGH,098-KY-0194  -000,37.497,0,1,0,0,0,0,0,0,0,0,0,1,0,0
5130,72627775,980100,2.02E+11,20210511,1613,,KY3495,,,KY3495,KY3495,0,098 KY-3495,KY3495,Y,N,NULL,NULL,NULL,N,NULL,NULL,NULL,NULL,NULL,NULL,0.035,NULL,NULL,NULL,NULL,,NULL,0,0,2,2,N,N,15,NULL,98,9801,NULL,,Y,37.48711,-82.54219,N,NULL,NULL,NULL,NULL,NULL,NULL,NULL,NULL,7,97,2,6,1,1,2,2,1,3,N,NULL,Y,N,1613,1621,,N,NULL,90,17,0,N,,N,N,098-KY-3495-0,NULL,NULL,2021,O,7.26E+11,098-KY-3495  -000,HIGH,098-KY-3495  -000,0.035,0,0,0,1,0,0,0,0,0,0,0,0,0,1
5131,72638149,KSP0900,21-252698,20210619,1630,,US23,,,US0023,US0023,0,098 US-23-10,US0023,N,N,NULL,NULL,NULL,N,NULL,NULL,NULL,NULL,NULL,NULL,6.097,NULL,NULL,NULL,NULL,,NULL,0,0,1,1,N,N,55,NULL,98,9809,NULL,,Y,37.29095,-82.55054,N,NULL,NULL,NULL,NULL,NULL,NULL,NULL,NULL,9,3,4,4,1,1,2,2,7,3,N,NULL,Y,N,1620,1640,1640,N,NULL,38,,1,N,,N,N,098-US-0023-10,NULL,NULL,2021,O,7.26E+11,098-US-0023  -010,HIGH,098-US-0023  -000,6.097,0,0,0,0,0,0,0,0,0,0,0,0,0,0
5132,72684319,KSP0900,21-428251,20211017,1245,,US460,,,US0460,US0460,0,098 US-460,US0460,N,N,NULL,NULL,NULL,N,NULL,NULL,NULL,NULL,NULL,NULL,1.003,NULL,NULL,NULL,NULL,,NULL,0,0,2,2,N,N,45,NULL,98,9824,NULL,,Y,37.43057,-82.50426,N,NULL,NULL,NULL,NULL,NULL,NULL,NULL,NULL,5,3,2,6,1,1,2,2,6,3,N,NULL,Y,N,1245,1255,1300,N,NULL,49,,1,N,,N,N,098-US-0460-0,NULL,NULL,2021,O,7.27E+11,098-US-0460  -000,HIGH,098-US-0460  -000,1.003,0,0,1,0,0,0,0,0,0,0,0,0,0,0
5133,72501623,KSP0900,20-18037,20200514,1937,,JESSIES,,BR,,,0,098 CR-1656,CR1656,Y,N,NULL,NULL,NULL,N,NULL,NULL,NULL,NULL,NULL,NULL,0.036,NULL,NULL,NULL,NULL,,NULL,0,0,2,2,Y,N,,NULL,98,9802,4,NW,N,37.33356,-82.38654,N,NULL,NULL,NULL,NULL,NULL,NULL,NULL,NULL,1,97,,6,3,1,2,2,7,3,N,NULL,Y,N,1937,2032,2032,N,NULL,90,,,Y,,N,N,098-CR-1656-0,NULL,NULL,2020,O,7.25E+11,098-CR-1656  -000,HIGH,098-CR-1656  -000,0.036,0,0,0,0,0,0,0,0,1,0,0,0,0,0
5134,72491514,980500,2020AR20,20200330,1535,,ACCESS RD 1,,,,,0,098 CR-1426K,CR1426K,Y,N,NULL,NULL,NULL,N,NULL,NULL,NULL,NULL,NULL,NULL,,NULL,NULL,NULL,NULL,NULL,NULL,0,0,2,2,N,N,15,NULL,98,9807,0.5,N,N,37.53963,-82.58204,N,NULL,NULL,NULL,NULL,NULL,NULL,NULL,NULL,2,97,,6,3,1,2,2,1,3,N,NULL,Y,Y,1541,1553,1553,N,NULL,90,,,N,,N,N,098-CR-1426K-0,NULL,NULL,2020,O,7.25E+11,098-CR-1426K -000,HIGH,098-CR-1426K -000,0.326,0,0,0,0,0,0,0,0,0,0,0,0,0,1
5135,72528128,980100,2.02E+11,20200714,1955,,US119,,,US0119,US0119,0,098 US-119,US0119,N,N,NULL,NULL,NULL,N,NULL,NULL,NULL,NULL,NULL,NULL,2.705,NULL,NULL,NULL,NULL,,NULL,3,0,2,2,N,N,55,NULL,98,9801,NULL,,Y,37.51402,-82.48693,N,NULL,NULL,NULL,NULL,NULL,NULL,NULL,NULL,1,3,2,4,1,1,2,2,7,3,Y,NULL,Y,Y,1955,2000,2051,N,NULL,55,2,1,N,,N,N,098-US-0119-0,NULL,NULL,2020,C,7.25E+11,098-US-0119  -000,HIGH,098-US-0119  -000,2.705,0,0,0,0,0,0,1,0,0,0,0,0,0,1
5136,72537666,980100,2.02E+11,20200831,1334,,HAMBLEY,,BLVD,,,0,098 CS-1222,CS1222,Y,N,NULL,NULL,NULL,N,NULL,NULL,NULL,NULL,NULL,NULL,1.633,NULL,NULL,NULL,NULL,,NULL,0,0,2,2,N,N,,NULL,98,9801,NULL,,Y,37.48228,-82.5327,N,NULL,NULL,NULL,NULL,NULL,NULL,NULL,NULL,1,97,1,6,1,1,2,2,1,3,N,NULL,Y,N,1324,1329,1329,N,NULL,90,,,N,,N,N,098-CS-1222-0,NULL,NULL,2020,O,7.25E+11,098-CS-1222  -000,HIGH,098-CS-1222  -000,1.633,0,0,0,1,0,0,1,0,0,0,0,0,0,1
5137,72797041,980100,2.02E+11,20220822,1309,,CASSIDY,,BLVD,,,0,098 CS-1191,CS1191,N,N,NULL,NULL,NULL,N,NULL,NULL,NULL,NULL,NULL,NULL,0.157,NULL,NULL,NULL,NULL,,NULL,0,0,2,2,Y,N,35,NULL,98,9801,NULL,,Y,37.50368,-82.53461,N,NULL,NULL,NULL,NULL,NULL,NULL,NULL,NULL,1,3,,3,1,1,3,2,7,3,N,NULL,Y,N,1310,1315,1315,N,NULL,55,,,N,,N,N,098-CS-1191-0,NULL,NULL,2022,O,7.28E+11,098-CS-1191  -000,HIGH,098-CS-1191  -000,0.157,0,0,1,0,0,0,0,1,0,0,0,0,0,1
5138,72566930,KSP0900,20-794580,20201119,1629,,US119,,,US0119,US0119,0,098 US-119,US0119,N,N,NULL,NULL,NULL,N,NULL,NULL,NULL,NULL,NULL,NULL,24.799,NULL,NULL,NULL,NULL,,NULL,0,0,2,2,N,N,55,NULL,98,9834,NULL,,Y,37.66593,-82.2749,N,NULL,NULL,NULL,NULL,NULL,NULL,NULL,NULL,1,3,4,6,1,1,2,2,1,3,Y,NULL,Y,N,1629,1639,1753,N,NULL,55,2,1,N,,N,N,098-US-0119-0,NULL,NULL,2020,O,7.26E+11,098-US-0119  -000,HIGH,098-US-0119  -000,24.799,0,0,0,1,0,0,1,0,0,0,0,0,0,0
5139,72696280,980100,2.02E+11,20211112,1530,,US23,,,US0023,US0023,0,098 US-23-10,US0023,N,N,NULL,NULL,NULL,N,NULL,NULL,NULL,NULL,NULL,NULL,31.99,NULL,NULL,NULL,NULL,,NULL,0,0,1,1,N,N,55,NULL,98,9801,NULL,,Y,37.53747,-82.6086,N,NULL,NULL,NULL,NULL,NULL,NULL,NULL,NULL,9,4,4,6,1,1,2,2,7,3,N,NULL,Y,N,1530,1531,1541,N,NULL,51,,1,N,,N,N,098-US-0023-10,NULL,NULL,2021,O,7.27E+11,098-US-0023  -010,HIGH,098-US-0023  -000,31.99,0,0,0,1,0,0,1,1,0,0,0,1,0,1
5140,72756388,980100,2.02E+11,20220425,1531,,JOHNSON,,ST,,,0,098 CS-1007,CS1007,Y,N,NULL,NULL,NULL,N,NULL,NULL,NULL,NULL,NULL,NULL,0.033,NULL,NULL,NULL,NULL,,NULL,0,0,2,2,N,N,,NULL,98,9801,NULL,,Y,37.44365,-82.52506,N,NULL,NULL,NULL,NULL,NULL,NULL,NULL,NULL,2,97,1,6,1,1,2,2,1,3,N,NULL,Y,N,1531,1539,,N,NULL,90,,,N,,N,N,098-CS-1007-0,NULL,NULL,2022,O,7.28E+11,098-CS-1007  -000,HIGH,098-CS-1007  -000,0.033,0,0,0,0,0,0,1,0,0,0,0,0,0,1
5141,72477167,980100,2.02E+11,20200216,1844,,US23,,,US0023,US0023,0,098 US-23,US0023,N,N,NULL,NULL,NULL,N,NULL,NULL,NULL,NULL,NULL,NULL,22.961,NULL,NULL,NULL,NULL,,NULL,0,0,2,2,N,N,55,NULL,98,9801,NULL,,Y,37.46554,-82.52631,N,NULL,NULL,NULL,NULL,NULL,NULL,NULL,NULL,8,3,4,6,1,1,2,7,1,3,N,NULL,Y,N,1844,1848,1848,N,NULL,53,,1,N,,N,N,098-US-0023-0,NULL,NULL,2020,O,7.25E+11,098-US-0023  -000,HIGH,098-US-0023  -000,22.961,0,0,1,0,0,0,0,1,0,0,0,1,0,1
5142,72562069,980100,2.02E+11,20201106,1636,,SOUTH MAYO TRAIL,,,,,,,,Y,N,NULL,NULL,NULL,N,NULL,NULL,NULL,NULL,NULL,NULL,,NULL,NULL,NULL,NULL,,NULL,0,0,2,2,Y,N,15,NULL,98,9801,NULL,,Y,37.4724,-82.53014,N,NULL,NULL,NULL,NULL,NULL,NULL,NULL,NULL,7,97,1,6,1,1,2,2,1,3,N,NULL,Y,N,1636,1640,1640,N,NULL,90,,,N,,N,N,,NULL,NULL,2020,O,7.26E+11,098-CS-1050  -000,MEDIUM,098-CS-1050  -000,0.115,0,0,0,0,0,0,0,0,0,0,0,0,0,0
5143,72629653,KSP0900,21-176536,20210502,1859,,US23,,,US0023,US0023,0,098 US-23,US0023,N,N,NULL,NULL,NULL,N,NULL,NULL,NULL,NULL,NULL,NULL,28.587,NULL,NULL,NULL,NULL,,NULL,0,0,2,2,N,N,55,NULL,98,9807,NULL,,Y,37.51965,-82.56688,N,NULL,NULL,NULL,NULL,NULL,NULL,NULL,NULL,1,3,4,6,1,1,2,2,7,3,N,NULL,N,N,1859,1914,1914,N,NULL,55,,1,N,,N,N,098-US-0023-0,NULL,NULL,2021,O,7.26E+11,098-US-0023  -000,HIGH,098-US-0023  -000,28.587,0,0,0,0,0,0,0,1,0,1,0,0,0,0
5144,72581659,KSP0900,20-848422,20201229,1530,,PRITCHARD,,FRK,,,,,,Y,N,NULL,NULL,NULL,N,NULL,NULL,NULL,NULL,NULL,NULL,0.766,NULL,NULL,NULL,NULL,,NULL,0,0,2,2,N,N,,NULL,98,9817,NULL,,Y,37.51098,-82.30665,N,NULL,NULL,NULL,NULL,NULL,NULL,NULL,NULL,2,97,,4,3,5,2,2,6,3,N,NULL,Y,N,1605,1705,,N,NULL,90,,,N,,N,N,,NULL,NULL,2020,O,7.26E+11,098-CR-1579  -000,LOW,098-CR-1579  -000,0.766,0,0,0,0,0,0,0,0,0,0,0,0,0,0
5145,72728460,KSP0900,22-39288,20220201,1823,,SMITH FORK,,RD,KY3419,KY3419,0,098 KY-3419,KY3419,N,N,NULL,NULL,NULL,N,NULL,NULL,NULL,NULL,NULL,NULL,3.899,NULL,NULL,NULL,NULL,,NULL,1,0,1,1,N,N,15,NULL,98,9804,NULL,,Y,37.47511,-82.18672,N,NULL,NULL,NULL,NULL,NULL,NULL,NULL,NULL,9,3,2,2,1,5,3,6,7,3,Y,NULL,Y,Y,1823,2300,57,N,NULL,40,9,0,N,,N,N,098-KY-3419-0,NULL,NULL,2022,C,7.27E+11,098-KY-3419  -000,HIGH,098-KY-3419  -000,3.899,0,1,0,1,0,0,1,0,0,0,0,1,0,0
5146,72611934,980100,2.02E+11,20210408,1636,,MAIN,,ST,,,,,,Y,N,NULL,NULL,NULL,N,NULL,NULL,NULL,NULL,NULL,NULL,,NULL,NULL,NULL,NULL,NULL,NULL,0,0,2,2,N,N,,NULL,98,9801,NULL,,Y,37.48034,-82.51624,N,NULL,NULL,NULL,NULL,NULL,NULL,NULL,NULL,2,97,2,6,1,1,3,2,1,3,N,NULL,Y,N,1641,1645,1645,N,NULL,90,,,N,,N,N,,NULL,NULL,2021,O,7.26E+11,098-CS-1113  -000,MEDIUM,098-CS-1113  -000,0.053,0,0,0,0,0,0,1,0,0,0,0,0,0,1
5147,72704180,980100,2.02E+11,20211201,,,HAMBLEY,,BLVD,,,0,098 CS-1222,CS1222,N,N,NULL,NULL,NULL,N,NULL,NULL,NULL,NULL,NULL,NULL,0.565,NULL,NULL,NULL,NULL,,NULL,0,0,2,2,Y,N,35,NULL,98,9801,NULL,,Y,37.47923,-82.51977,N,NULL,NULL,NULL,NULL,NULL,NULL,NULL,NULL,8,7,,6,1,1,2,3,1,3,N,NULL,Y,N,919,919,919,N,NULL,47,,,N,,N,N,098-CS-1222-0,NULL,NULL,2021,O,7.27E+11,098-CS-1222  -000,HIGH,098-CS-1222  -000,0.565,0,0,0,0,0,0,1,0,0,0,0,0,0,1
5148,72628869,KSP0900,21-214446,20210526,1258,,VIRGIE,,RD,KY0610,KY0610,0,098 KY-610,KY0610,Y,N,NULL,NULL,NULL,N,NULL,NULL,NULL,NULL,NULL,NULL,8.943,NULL,NULL,NULL,NULL,,NULL,0,0,2,2,N,N,35,NULL,98,9827,NULL,,Y,37.34976,-82.59263,N,NULL,NULL,NULL,NULL,NULL,NULL,NULL,NULL,2,97,2,6,1,1,2,2,1,3,N,NULL,Y,N,1258,1258,1325,N,NULL,90,7,0,N,,N,N,098-KY-0610-0,NULL,NULL,2021,O,7.26E+11,098-KY-0610  -000,HIGH,098-KY-0610  -000,8.943,0,0,0,0,0,0,0,0,0,0,0,0,0,0
5149,72594989,980100,2.02E+11,20210216,758,,US23,,,US0023,US0023,0,098 US-23,US0023,N,N,NULL,NULL,NULL,N,NULL,NULL,NULL,NULL,NULL,NULL,23.704,NULL,NULL,NULL,NULL,,NULL,0,0,2,1,N,N,55,NULL,98,9801,NULL,,Y,37.47272,-82.53463,N,NULL,NULL,NULL,NULL,NULL,NULL,NULL,NULL,5,5,4,6,1,2,3,2,7,3,N,NULL,Y,N,758,758,800,N,NULL,47,,1,N,,N,N,098-US-0023-0,NULL,NULL,2021,O,7.26E+11,098-US-0023  -000,HIGH,098-US-0023  -000,23.704,0,0,0,0,0,0,0,0,0,0,0,1,0,1
5150,72673968,980100,2.02E+11,20210922,1614,,BAIRD,,AVE,KY1426,KY1426,0,098 KY-1426,KY1426,N,N,NULL,NULL,NULL,N,NULL,NULL,NULL,NULL,NULL,NULL,5.393,NULL,NULL,NULL,NULL,,NULL,0,0,2,2,N,N,35,NULL,98,9801,NULL,,Y,37.4733,-82.52711,N,NULL,NULL,NULL,NULL,NULL,NULL,NULL,NULL,4,3,2,6,1,1,3,2,7,3,N,NULL,Y,N,1614,1614,1615,N,NULL,70,,0,N,,N,N,098-KY-1426-0,NULL,NULL,2021,O,7.27E+11,098-KY-1426  -000,HIGH,098-KY-1426  -000,5.393,0,0,0,0,0,0,0,1,0,0,0,0,0,1
5151,72544626,KSP0900,20-708674,20200921,1619,,DIX,,FRK,,,0,098 CR-1538,CR1538,N,N,NULL,NULL,NULL,N,NULL,NULL,NULL,NULL,NULL,NULL,0.243,NULL,NULL,NULL,NULL,,NULL,0,0,1,1,N,N,35,NULL,98,9838,NULL,,Y,37.6106,-82.34406,N,NULL,NULL,NULL,NULL,NULL,NULL,NULL,NULL,9,5,1,3,1,1,2,2,7,3,N,NULL,N,N,1619,1625,1650,N,NULL,44,,,N,,N,N,098-CR-1538-0,NULL,NULL,2020,O,7.25E+11,098-CR-1538  -000,HIGH,098-CR-1538  -000,0.243,0,0,1,0,0,0,0,0,1,0,0,1,0,0
5152,72767357,KSP0900,22-197892,20220528,449,,US119,,,US0119,US0119,0,098 US-119,US0119,N,N,NULL,NULL,NULL,N,NULL,NULL,NULL,NULL,NULL,NULL,21.129,NULL,NULL,NULL,NULL,,NULL,0,0,1,1,N,N,55,NULL,98,9836,NULL,,Y,37.62366,-82.26712,N,NULL,NULL,NULL,NULL,NULL,NULL,NULL,NULL,9,97,2,3,1,5,3,7,8,3,N,NULL,Y,N,456,549,549,Y,NULL,40,2,1,N,,N,N,098-US-0119-0,NULL,NULL,2022,O,7.28E+11,098-US-0119  -000,HIGH,098-US-0119  -000,21.129,0,0,0,0,0,0,1,0,0,0,0,1,0,0
5153,72690102,KSP0900,21-446248,20211030,1600,,KY199,,,KY0199,KY0199,0,098 KY-199,KY0199,N,N,NULL,NULL,NULL,N,NULL,NULL,NULL,NULL,NULL,NULL,10.418,NULL,NULL,NULL,NULL,,NULL,0,0,2,2,N,N,35,NULL,98,9851,NULL,,Y,37.58924,-82.26813,N,NULL,NULL,NULL,NULL,NULL,NULL,NULL,NULL,7,3,2,3,1,5,6,2,7,3,N,NULL,Y,N,1600,1600,1600,N,NULL,54,7,0,N,,N,N,098-KY-0199-0,NULL,NULL,2021,O,7.27E+11,098-KY-0199  -000,HIGH,098-KY-0199  -000,10.418,0,0,0,0,0,0,1,0,0,0,0,1,0,0