OBJECTID,MasterFile,AgencyORINumber,LocalCode,CollisionDate,CollisionTime,CollisionDayWeekCode,RoadwayName,RoadwayName_Direction_,RoadwayName_RoadwaySuffix_,RoadwayfromReport,CurrentRoadwayNumber,RoadwayNumberCoupletID,RSEUniqueGIS,RoadwayIdentifier,ParkingLotIndicator,IntersectionWith_Indicator_,IntersectionWith_NameRoadway_,IntersectionWith_Direction_,IntersectionWith_RoadwaySuffix_,BetweenStreets_Indicator_,BetweenStreets1_NameRoadway_,BetweenStreet1_Direction_,BetweenStreets1_RoadwaySuffix_,BetweenStreets2_NameRoadway_,BetweenStreets2_Direction_,BetweenStreets2_RoadwaySuffix_,Milepoint,ReportMilepointDeriveNumber,CurrentDerivedMiepointNumber,MilestoMilepoint,FeettoMilepoint,DirectionfromMilepoint_NSEW_,ValidMilepointIndicator,NumberInjured,NumberKilled,ofUnits,ofMotorVehicleUnits,Hit&RunIndicator,OneWayIndicator,SpeedLimitNumber,KilometersIndicator,CountyCode,CityCountyCode,MilesFromCity,DirectionFromCity_NSEW_,InCityLimitsIndicator,Latitude,Longitude,RampIndicator,RampFromIdentifier,RampFromDirCode,RampFromCoupletID,RSEUniqueGISRampFrom,RampToidentifier,RampToDirCode,RampToCoupletID,RSEUniqueGisRampTo,MannerofCollisionCode,LocationFirstEventCode,TotalLanes,RoadwayCharacterCode,RoadwaySurfaceCode,RoadwayConditionCode,WeatherCode,LightConditionCode,LandUseCode,SchoolBusRelatedCode,FirstAidSceneIndicator,CollDescPresentInd,InvestigationCompleteIndicator,PhotosTakenIndicator,TimeNotified,TimeArrived,TimeRoadwayOpened,PropertyDamageIndicator,DiagramPresentIndicator,DirectionalAnalysis,FunctionClassCode,NationalHwySysCode,EnforcementsIndicator,KARSCityCode,SecondaryCollisionIndicator,MedianCrossoverIndicator,RT_UNIQUE,MapIt,TimeLastLeft,YR,KABCO,MFNY,WorkingRID,RT_CONFIDENCE,KTC_RT,KTC_MP,Motorcyclist,Commercial Vehicle,Young Driver,Mature Driver,Pedestrian,Bicyclist,Distracted,Aggressive,Impaired,Unrestrained,Intersection,Roadway Departure,Median Cross-over,City Crash
5154,72573285,980100,2.02E+11,20201209,1614,,THOMPSON,,RD,,,,,,Y,N,NULL,NULL,NULL,N,NULL,NULL,NULL,NULL,NULL,NULL,0.478,NULL,NULL,NULL,NULL,,NULL,0,0,2,2,N,N,,NULL,98,9801,NULL,,Y,37.50614,-82.54404,N,NULL,NULL,NULL,NULL,NULL,NULL,NULL,NULL,7,97,,6,1,1,2,2,1,3,N,NULL,Y,N,1614,1614,1631,N,NULL,90,,,N,,N,N,,NULL,NULL,2020,O,7.26E+11,098-CS-1215  -000,LOW,098-CS-1215  -000,0.478,0,0,0,1,0,0,0,0,0,0,0,0,0,1
5155,72461727,KSP0900,2020-192,20200102,1300,,US23,,,US0023,US0023,0,098 US-23-10,US0023,Y,N,NULL,NULL,NULL,N,NULL,NULL,NULL,NULL,NULL,NULL,12.914,NULL,NULL,NULL,NULL,,NULL,0,0,2,2,N,Y,15,NULL,98,9801,NULL,,Y,37.37246,-82.54333,N,NULL,NULL,NULL,NULL,NULL,NULL,NULL,NULL,2,97,1,6,1,1,2,2,1,3,N,NULL,Y,N,1300,1330,1300,N,NULL,90,,1,N,,N,N,098-US-0023-10,NULL,NULL,2020,O,7.25E+11,098-US-0023  -010,HIGH,098-US-0023  -000,12.914,0,0,0,0,0,0,1,0,0,0,0,0,0,0
5156,72508649,980000,20-05-011,20200527,1730,,US119,,,US0119,US0119,0,098 US-119,US0119,Y,N,NULL,NULL,NULL,N,NULL,NULL,NULL,NULL,NULL,NULL,24.164,NULL,NULL,NULL,NULL,,NULL,0,0,2,2,Y,N,10,NULL,98,9812,NULL,,Y,37.65808,-82.27078,N,NULL,NULL,NULL,NULL,NULL,NULL,NULL,NULL,8,7,,6,1,1,2,2,1,3,N,NULL,N,Y,1730,1735,1735,N,NULL,90,2,1,N,,N,N,098-US-0119-0,NULL,NULL,2020,O,7.25E+11,098-US-0119  -000,HIGH,098-US-0119  -000,24.164,0,0,0,1,0,0,0,0,0,0,0,0,0,0
5157,72588626,980100,2.02E+11,20210127,1900,,SMITH,,ST,,,,,,N,N,NULL,NULL,NULL,N,NULL,NULL,NULL,NULL,NULL,NULL,0.031,NULL,NULL,NULL,NULL,,NULL,0,0,2,2,N,N,5,NULL,98,9801,NULL,,Y,37.4833,-82.52187,N,NULL,NULL,NULL,NULL,NULL,NULL,NULL,NULL,2,3,1,6,1,5,9,5,6,3,N,NULL,Y,N,1900,1904,,N,NULL,47,,,N,,N,N,,NULL,NULL,2021,O,7.26E+11,098-CS-1163  -000,MEDIUM,098-CS-1163  -000,0.031,0,0,0,0,0,0,0,0,0,0,0,0,0,1
5158,72583544,KSP0900,21-10357,20210108,1510,,US119,,,US0119,US0119,0,098 US-119,US0119,N,N,NULL,NULL,NULL,N,NULL,NULL,NULL,NULL,NULL,NULL,14.176,NULL,NULL,NULL,NULL,,NULL,0,0,2,2,N,N,55,NULL,98,9833,NULL,,Y,37.61796,-82.3491,N,NULL,NULL,NULL,NULL,NULL,NULL,NULL,NULL,8,3,4,3,1,1,3,2,7,3,N,NULL,N,N,151,1520,1525,N,NULL,53,2,1,N,,N,N,098-US-0119-0,NULL,NULL,2021,O,7.26E+11,098-US-0119  -000,MEDIUM,098-US-0119  -000,14.176,0,0,0,0,0,0,1,1,0,0,0,1,0,0
5159,72688834,980100,2.02E+11,20211028,1429,,CASSIDY,,BLVD,,,0,098 CS-1191,CS1191,Y,N,NULL,NULL,NULL,N,NULL,NULL,NULL,NULL,NULL,NULL,0.039,NULL,NULL,NULL,NULL,,NULL,0,0,2,2,N,N,,NULL,98,9801,NULL,,Y,37.5037,-82.53281,N,NULL,NULL,NULL,NULL,NULL,NULL,NULL,NULL,2,97,1,6,1,1,2,2,1,3,N,NULL,Y,N,1430,1437,1444,N,NULL,90,,,N,,N,N,098-CS-1191-0,NULL,NULL,2021,O,7.27E+11,098-CS-1191  -000,HIGH,098-CS-1191  -000,0.039,0,0,0,1,0,0,1,0,0,0,0,0,0,1
5160,72583756,370200,2021-10138,20210108,1159,,FERRELLS CREEK,,RD,US0460,US0460,0,098 US-460,US0460,N,N,NULL,NULL,NULL,N,NULL,NULL,NULL,NULL,NULL,NULL,15.107,NULL,NULL,NULL,NULL,,NULL,1,0,2,2,N,N,55,NULL,98,9874,NULL,,Y,37.34649,-82.36272,N,NULL,NULL,NULL,NULL,NULL,NULL,NULL,NULL,1,3,2,6,1,5,9,2,7,3,Y,NULL,Y,Y,1159,1232,1428,N,NULL,55,,1,N,,N,N,098-US-0460-0,NULL,NULL,2021,C,7.26E+11,098-US-0460  -000,MEDIUM,098-US-0460  -000,15.107,0,1,0,0,0,0,1,0,0,0,0,0,0,0
5161,72563647,980100,2.02E+11,20201028,1730,,JULIUS,,AVE,,,,,,N,N,NULL,NULL,NULL,N,NULL,NULL,NULL,NULL,NULL,NULL,0.158,NULL,NULL,NULL,NULL,,NULL,0,0,2,2,Y,N,15,NULL,98,9801,NULL,,Y,37.4783,-82.52367,N,NULL,NULL,NULL,NULL,NULL,NULL,NULL,NULL,3,3,1,4,1,1,2,2,6,3,N,NULL,Y,N,1723,1726,1726,N,NULL,47,,,Y,,N,N,,NULL,NULL,2020,O,7.26E+11,098-CS-1156  -000,MEDIUM,098-CS-1156  -000,0.158,0,0,1,0,0,0,1,0,0,0,0,0,0,1
5162,72532775,980000,2008002,20200807,1830,,GRAPEVINE,,RD,KY0194,KY0194,0,098 KY-194,KY0194,N,N,NULL,NULL,NULL,N,NULL,NULL,NULL,NULL,NULL,NULL,34.861,NULL,NULL,NULL,NULL,,NULL,0,0,1,1,N,N,35,NULL,98,9849,30,E,N,37.44948,-82.30881,N,NULL,NULL,NULL,NULL,NULL,NULL,NULL,NULL,9,3,2,3,1,1,2,2,7,3,N,NULL,Y,Y,1840,1843,1932,N,NULL,70,7,0,N,,N,N,098-KY-0194-0,NULL,NULL,2020,O,7.25E+11,098-KY-0194  -000,HIGH,098-KY-0194  -000,34.861,0,0,0,0,0,0,0,1,0,0,0,1,0,0
5163,72622446,KSP0900,21-181513,20210505,2333,,DRY,,BR,,,0,098 CR-1314Q4,CR1314Q4,N,N,NULL,NULL,NULL,N,NULL,NULL,NULL,NULL,NULL,NULL,0.341,NULL,NULL,NULL,NULL,,NULL,0,0,1,1,N,N,35,NULL,98,9820,NULL,,Y,37.57724,-82.471,N,NULL,NULL,NULL,NULL,NULL,NULL,NULL,NULL,9,3,1,4,1,5,6,6,7,3,N,NULL,Y,N,2333,2353,55,N,NULL,44,,,N,,N,N,098-CR-1314Q4-0,NULL,NULL,2021,O,7.26E+11,098-CR-1314Q4-000,HIGH,098-CR-1314Q4-000,0.341,0,0,0,0,0,0,0,0,1,1,0,1,0,0
5164,72719723,980100,2.02E+11,20220110,503,,CLEVENGER,,ST,,,0,098 CS-1154,CS1154,N,N,NULL,NULL,NULL,N,NULL,NULL,NULL,NULL,NULL,NULL,0.018,NULL,NULL,NULL,NULL,,NULL,0,0,2,2,N,N,15,NULL,98,9801,NULL,,Y,37.47576,-82.52415,N,NULL,NULL,NULL,NULL,NULL,NULL,NULL,NULL,3,3,1,5,1,2,3,5,6,3,N,NULL,Y,N,503,507,629,N,NULL,47,,,N,,N,N,098-CS-1154-0,NULL,NULL,2022,O,7.27E+11,098-CS-1154  -000,HIGH,098-CS-1154  -000,0.018,0,0,0,0,0,0,0,0,0,0,0,0,0,1
5165,72800193,KSP0900,22-337119,20220831,1000,,KY1426,,,KY1426,KY1426,0,098 KY-1426,KY1426,Y,N,NULL,NULL,NULL,N,NULL,NULL,NULL,NULL,NULL,NULL,16.595,NULL,NULL,NULL,NULL,,NULL,0,0,2,2,N,N,,NULL,98,9820,NULL,,Y,37.57247,-82.44099,N,NULL,NULL,NULL,NULL,NULL,NULL,NULL,NULL,2,97,2,6,1,1,2,2,5,3,N,NULL,N,N,1011,1100,1000,N,NULL,90,7,0,N,,N,N,098-KY-1426-0,NULL,NULL,2022,O,7.28E+11,098-KY-1426  -000,HIGH,098-KY-1426  -000,16.595,0,0,0,1,0,0,1,0,0,0,0,0,0,0
5166,72403419,980100,2.02E+11,20190906,927,,BANK,,ST,,,,,,Y,N,NULL,NULL,NULL,N,NULL,NULL,NULL,NULL,NULL,NULL,0.038,NULL,NULL,NULL,NULL,,NULL,0,0,2,2,N,N,,NULL,98,9801,NULL,,Y,37.47562,-82.52113,N,NULL,NULL,NULL,NULL,NULL,NULL,NULL,NULL,7,97,1,6,1,1,2,2,8,3,N,NULL,Y,N,927,929,,N,NULL,90,,,N,,N,N,,NULL,NULL,2019,O,7.24E+11,098-CS-1106  -000,HIGH,098-CS-1106  -000,0.038,0,0,1,0,0,0,1,0,0,0,0,0,0,1
5167,72686339,980100,2.02E+11,20211022,1143,,HAMBLEY,,BLVD,,,0,098 CS-1222,CS1222,N,N,NULL,NULL,NULL,N,NULL,NULL,NULL,NULL,NULL,NULL,0.029,NULL,NULL,NULL,NULL,,NULL,0,0,2,2,N,N,35,NULL,98,9801,NULL,,Y,37.47417,-82.52684,N,NULL,NULL,NULL,NULL,NULL,NULL,NULL,NULL,1,3,3,6,1,1,2,2,7,3,N,NULL,Y,N,1144,1144,1145,N,NULL,55,,,N,,N,N,098-CS-1222-0,NULL,NULL,2021,O,7.27E+11,098-CS-1222  -000,HIGH,098-CS-1222  -000,0.029,0,0,0,0,0,0,1,0,0,0,0,0,0,1
5168,72750742,KSP0900,22-127210,20220408,1708,,US460,,,US0460,US0460,0,098 US-460,US0460,N,N,NULL,NULL,NULL,N,NULL,NULL,NULL,NULL,NULL,NULL,7.99,NULL,NULL,NULL,NULL,,NULL,4,0,3,3,N,N,45,NULL,98,9824,NULL,,Y,37.37893,-82.43367,N,NULL,NULL,NULL,NULL,NULL,NULL,NULL,NULL,5,3,2,5,1,5,3,2,7,3,Y,NULL,Y,Y,1709,1814,2043,N,NULL,70,,1,Y,,N,N,098-US-0460-0,NULL,NULL,2022,B,7.28E+11,098-US-0460  -000,HIGH,098-US-0460  -000,7.99,0,0,0,1,0,0,1,1,1,1,0,0,0,0
5169,72435500,980100,2.02E+11,20191107,1530,,CASSIDY,,BLVD,,,0,098 CS-1191,CS1191,Y,N,NULL,NULL,NULL,N,NULL,NULL,NULL,NULL,NULL,NULL,0.049,NULL,NULL,NULL,NULL,,NULL,0,0,2,2,N,N,,NULL,98,9801,NULL,,Y,37.50369,-82.53296,N,NULL,NULL,NULL,NULL,NULL,NULL,NULL,NULL,2,97,1,6,1,5,6,2,1,3,N,NULL,Y,N,1530,1535,1535,N,NULL,90,,,N,,N,N,098-CS-1191-0,NULL,NULL,2019,O,7.24E+11,098-CS-1191  -000,HIGH,098-CS-1191  -000,0.049,0,0,0,0,0,0,1,0,0,0,0,0,0,1
5170,72479378,980200,ELK4118-1-20,20200222,1600,,RUSSELL,E,ST,,,0,098 CS-2009,CS2009,N,N,NULL,NULL,NULL,N,NULL,NULL,NULL,NULL,NULL,NULL,0.063,NULL,NULL,NULL,NULL,,NULL,0,0,1,1,N,N,35,NULL,98,9802,NULL,,Y,37.3047,-82.35069,N,NULL,NULL,NULL,NULL,NULL,NULL,NULL,NULL,9,3,2,6,1,1,2,2,6,3,N,NULL,Y,Y,1837,1850,,N,NULL,40,,,N,,N,N,098-CS-2009-0,NULL,NULL,2020,O,7.25E+11,098-CS-2009  -000,HIGH,098-CS-2009  -000,0.063,0,0,0,0,0,0,0,0,0,0,0,1,0,0
5171,72481546,KSP0900,20-7560,20200226,1536,,SHELBIANA,,RD,US0460,US0460,0,098 US-460,US0460,N,N,NULL,NULL,NULL,N,NULL,NULL,NULL,NULL,NULL,NULL,4.278,NULL,NULL,NULL,NULL,,NULL,3,0,2,2,N,N,55,NULL,98,9824,NULL,,Y,37.41848,-82.45715,N,NULL,NULL,NULL,NULL,NULL,NULL,NULL,NULL,1,3,2,6,1,5,6,2,7,3,N,NULL,Y,Y,1548,1622,1648,N,NULL,55,,1,N,,N,N,098-US-0460-0,NULL,NULL,2020,C,7.25E+11,098-US-0460  -000,HIGH,098-US-0460  -000,4.278,0,0,0,0,0,0,1,0,0,1,0,0,0,0
5172,72599627,KSP0900,21-82603,20210302,715,,FISHTRAP,,RD,KY1441,KY1441,0,098 KY-1441,KY1441,N,N,NULL,NULL,NULL,N,NULL,NULL,NULL,NULL,NULL,NULL,10.237,NULL,NULL,NULL,NULL,,NULL,0,0,1,1,N,N,45,NULL,98,9850,NULL,,Y,37.5182,-82.4537,N,NULL,NULL,NULL,NULL,NULL,NULL,NULL,NULL,9,3,2,6,1,2,3,1,7,3,N,NULL,Y,N,720,800,715,Y,NULL,40,8,0,N,,N,N,098-KY-1441-0,NULL,NULL,2021,O,7.26E+11,098-KY-1441  -000,HIGH,098-KY-1441  -000,10.237,0,0,0,0,0,0,0,0,0,0,0,1,0,0
5173,72763775,980100,2.02E+11,20220520,1250,,CASSIDY,,BLVD,,,0,098 CS-1191,CS1191,Y,N,NULL,NULL,NULL,N,NULL,NULL,NULL,NULL,NULL,NULL,0.364,NULL,NULL,NULL,NULL,,NULL,0,0,2,2,N,N,15,NULL,98,9801,NULL,,Y,37.50509,-82.53812,N,NULL,NULL,NULL,NULL,NULL,NULL,NULL,NULL,1,97,2,6,1,1,2,2,7,3,N,NULL,Y,N,1250,1257,1312,N,NULL,90,,,N,,N,N,098-CS-1191-0,NULL,NULL,2022,O,7.28E+11,098-CS-1191  -000,HIGH,098-CS-1191  -000,0.364,0,0,0,0,0,0,1,0,0,0,0,0,0,1
5174,72503647,980100,2.02E+11,20200522,1336,,US23,,,US0023,US0023,0,098 US-23,US0023,N,N,NULL,NULL,NULL,N,NULL,NULL,NULL,NULL,NULL,NULL,22.935,NULL,NULL,NULL,NULL,,NULL,0,0,2,2,N,N,55,NULL,98,9801,NULL,,Y,37.46545,-82.52586,N,NULL,NULL,NULL,NULL,NULL,NULL,NULL,NULL,5,3,4,6,1,5,3,2,7,3,N,NULL,Y,N,1336,1341,1341,N,NULL,49,,1,N,,N,N,098-US-0023-0,NULL,NULL,2020,O,7.25E+11,098-US-0023  -000,HIGH,098-US-0023  -000,22.935,0,0,0,0,0,0,1,0,0,0,0,0,0,1
5175,72498660,KSP0900,20-15927,20200429,1434,,KY195,,,KY0195,KY0195,0,098 KY-195,KY0195,N,N,NULL,NULL,NULL,N,NULL,NULL,NULL,NULL,NULL,NULL,5.944,NULL,NULL,NULL,NULL,,NULL,1,0,1,1,N,N,35,NULL,98,9802,NULL,,Y,37.31728,-82.45911,N,NULL,NULL,NULL,NULL,NULL,NULL,NULL,NULL,9,5,2,3,1,1,2,2,7,3,N,NULL,Y,Y,1436,1518,1518,Y,NULL,51,7,0,N,,N,N,098-KY-0195-0,NULL,NULL,2020,C,7.25E+11,098-KY-0195  -000,HIGH,098-KY-0195  -000,5.944,0,0,0,0,0,0,1,0,0,0,0,1,0,0
5176,72650647,KSP0900,21-304794,20210723,1210,,TOLER,,RD,KY0319,KY0319,0,098 KY-319,KY0319,N,N,NULL,NULL,NULL,N,NULL,NULL,NULL,NULL,NULL,NULL,4.926,NULL,NULL,NULL,NULL,,NULL,0,0,1,1,N,N,35,NULL,98,9842,NULL,,Y,37.62248,-82.24451,N,NULL,NULL,NULL,NULL,NULL,NULL,NULL,NULL,9,3,2,3,1,1,2,2,7,3,N,NULL,Y,N,1210,1220,1300,Y,NULL,40,7,0,N,,N,N,098-KY-0319-0,NULL,NULL,2021,O,7.27E+11,098-KY-0319  -000,HIGH,098-KY-0319  -000,4.926,0,0,0,0,0,0,1,0,0,0,0,1,0,0
5177,72499173,KSP0900,20-16763,20200505,230,,KY632,,,KY0632,KY0632,0,098 KY-632,KY0632,N,N,NULL,NULL,NULL,N,NULL,NULL,NULL,NULL,NULL,NULL,2.366,NULL,NULL,NULL,NULL,,NULL,0,0,1,1,N,N,45,NULL,98,9817,NULL,,Y,37.48904,-82.31707,N,NULL,NULL,NULL,NULL,NULL,NULL,NULL,NULL,9,3,2,3,1,1,3,6,7,3,N,NULL,Y,N,230,318,430,Y,NULL,70,6,0,N,,N,N,098-KY-0632-0,NULL,NULL,2020,O,7.25E+11,098-KY-0632  -000,HIGH,098-KY-0632  -000,2.366,0,0,0,0,0,0,0,0,0,0,0,1,0,0
5178,72547367,KSP0900,20-716231,20200927,147,,APPALACHIAN,,PLZ,,,,,,Y,N,NULL,NULL,NULL,N,NULL,NULL,NULL,NULL,NULL,NULL,0.041,NULL,NULL,NULL,NULL,,NULL,0,0,2,2,N,N,15,NULL,98,9834,NULL,,Y,37.66607,-82.27457,N,NULL,NULL,NULL,NULL,NULL,NULL,NULL,NULL,4,97,1,6,1,1,2,5,7,3,N,NULL,N,N,120,145,145,N,NULL,90,,,N,,N,N,,NULL,NULL,2020,O,7.25E+11,098-PR-1008  -000,LOW,098-PR-1008  -000,0.041,0,0,1,0,0,0,0,1,0,0,0,0,0,0
5179,72626129,KSP0900,21-201519,20210518,1730,,TOLER,,RD,KY0319,KY0319,0,098 KY-319,KY0319,N,N,NULL,NULL,NULL,N,NULL,NULL,NULL,NULL,NULL,NULL,4.502,NULL,NULL,NULL,NULL,,NULL,0,0,2,2,N,N,35,NULL,98,9842,NULL,,Y,37.61469,-82.23906,N,NULL,NULL,NULL,NULL,NULL,NULL,NULL,NULL,5,3,2,6,1,1,2,2,7,3,N,NULL,N,N,1730,1800,1810,N,NULL,49,7,0,N,,N,N,098-KY-0319-0,NULL,NULL,2021,O,7.26E+11,098-KY-0319  -000,HIGH,098-KY-0319  -000,4.502,0,0,0,0,0,0,1,0,0,0,0,0,0,0
5180,72777901,KSP0900,22-245325,20220629,912,,KY3174,,,KY3174,KY3174,0,098 KY-3174-10,KY3174,N,N,NULL,NULL,NULL,N,NULL,NULL,NULL,NULL,NULL,NULL,0.892,NULL,NULL,NULL,NULL,,NULL,0,0,1,1,N,N,55,NULL,98,9801,2,S,N,37.39045,-82.51648,N,NULL,NULL,NULL,NULL,NULL,NULL,NULL,NULL,9,3,4,6,1,1,2,2,7,3,N,NULL,Y,N,914,937,914,N,NULL,38,,0,N,,N,N,098-KY-3174-10,NULL,NULL,2022,O,7.28E+11,098-KY-3174  -010,HIGH,098-KY-3174  -000,0.892,0,0,0,0,0,0,0,0,0,0,0,0,0,0
5181,72825210,KSP0900,22-424847,20221104,1834,,US23,,,US0023,US0023,0,098 US-23-10,US0023,Y,N,NULL,NULL,NULL,N,NULL,NULL,NULL,NULL,NULL,NULL,10.325,NULL,NULL,NULL,NULL,,NULL,0,0,2,2,N,N,5,NULL,98,9801,NULL,,Y,37.34225,-82.55061,N,NULL,NULL,NULL,NULL,NULL,NULL,NULL,NULL,2,97,0,6,1,1,2,6,1,3,N,NULL,Y,N,1916,1930,1930,N,NULL,90,,1,N,,N,N,098-US-0023-10,NULL,NULL,2022,O,7.28E+11,098-US-0023  -010,HIGH,098-US-0023  -000,10.325,0,0,0,0,0,0,1,0,0,0,0,0,0,0
5182,72584798,KSP0900,21-19984,20210115,1626,,HOSPITAL,,DR,,,0,098 CR-1015C,CR1015C,Y,N,NULL,NULL,NULL,N,NULL,NULL,NULL,NULL,NULL,NULL,0.004,NULL,NULL,NULL,NULL,,NULL,0,0,1,1,N,N,,NULL,98,9834,NULL,,Y,37.67514,-82.29696,N,NULL,NULL,NULL,NULL,NULL,NULL,NULL,NULL,9,97,2,3,1,5,2,2,1,3,N,NULL,Y,N,1626,1655,,Y,NULL,90,,,N,,N,N,098-CR-1015C-0,NULL,NULL,2021,O,7.26E+11,098-CR-1015C -000,MEDIUM,098-CR-1015C -000,0.004,0,0,0,0,0,0,0,0,0,0,0,1,0,0
5183,72747991,KSP0900,22-124790,20220406,1945,,KY3417,,,KY3417,KY3417,,,,N,N,NULL,NULL,NULL,N,NULL,NULL,NULL,NULL,NULL,NULL,0.376,NULL,NULL,NULL,NULL,,NULL,1,0,1,1,N,N,35,NULL,98,9801,NULL,,Y,37.46671,-82.5582,N,NULL,NULL,NULL,NULL,NULL,NULL,NULL,NULL,9,3,2,1,1,5,6,6,7,3,N,NULL,Y,Y,1945,1955,2030,N,NULL,70,17,0,N,,N,N,,NULL,NULL,2022,C,7.27E+11,098-KY-3417  -000,HIGH,098-KY-3417  -000,0.376,0,0,1,0,0,0,0,1,0,0,0,1,0,1
5184,72587774,980100,2.02E+11,20210125,1009,,DESKINS,,DR,,,0,098 PR-1331,PR1331,N,N,NULL,NULL,NULL,N,NULL,NULL,NULL,NULL,NULL,NULL,0.01,NULL,NULL,NULL,NULL,,NULL,0,0,2,2,N,N,15,NULL,98,9801,0.1,W,N,37.53725,-82.60505,N,NULL,NULL,NULL,NULL,NULL,NULL,NULL,NULL,5,3,2,6,1,5,6,2,7,3,N,NULL,N,N,1009,1024,1024,N,NULL,49,,,N,,N,N,098-PR-1331-0,NULL,NULL,2021,O,7.26E+11,098-PR-1331  -000,HIGH,098-PR-1331  -000,0.01,0,0,0,0,0,0,1,1,0,0,0,0,0,1
5185,72541435,980100,2.02E+12,20200911,1547,,CASSIDY BLVD,,,,,,,,Y,N,NULL,NULL,NULL,N,NULL,NULL,NULL,NULL,NULL,NULL,,NULL,NULL,NULL,NULL,,NULL,0,0,2,2,N,N,15,NULL,98,9801,NULL,,Y,37.50604,-82.53951,N,NULL,NULL,NULL,NULL,NULL,NULL,NULL,NULL,6,97,1,6,1,1,2,2,1,3,N,NULL,Y,N,1547,1601,1601,N,NULL,90,,,N,,N,N,,NULL,NULL,2020,O,7.25E+11,098-CS-1215  -000,MEDIUM,098-CS-1215  -000,0.707,0,0,0,1,0,0,0,0,0,0,0,0,0,1
5186,72472582,980100,2.02E+11,20200123,123,,KY1460,,,KY1460,KY1460,0,098 KY-1460,KY1460,N,N,NULL,NULL,NULL,N,NULL,NULL,NULL,NULL,NULL,NULL,7.075,NULL,NULL,NULL,NULL,,NULL,0,0,1,1,N,N,45,NULL,98,9801,NULL,,Y,37.48635,-82.54296,N,NULL,NULL,NULL,NULL,NULL,NULL,NULL,NULL,9,3,2,6,1,1,2,4,1,3,N,NULL,Y,N,123,127,,N,NULL,38,16,0,N,,N,N,098-KY-1460-0,NULL,NULL,2020,O,7.25E+11,098-KY-1460  -000,HIGH,098-KY-1460  -000,7.075,0,0,0,0,0,0,0,0,0,0,0,0,0,1
5187,72700384,KSP0900,21-468571,20211115,,,HERITAGE,S,DR,,,0,098 CR-1937,CR1937,N,N,NULL,NULL,NULL,N,NULL,NULL,NULL,NULL,NULL,NULL,0.499,NULL,NULL,NULL,NULL,,NULL,0,0,1,1,Y,N,35,NULL,98,9809,NULL,,Y,37.26066,-82.61108,N,NULL,NULL,NULL,NULL,NULL,NULL,NULL,NULL,9,97,,4,1,1,2,6,7,3,N,NULL,Y,N,1829,1853,1853,Y,NULL,40,,,N,,N,N,098-CR-1937-0,NULL,NULL,2021,O,7.27E+11,098-CR-1937  -000,HIGH,098-CR-1937  -000,0.499,0,0,0,0,0,0,0,0,0,0,0,1,0,0
5188,72656975,980100,2.02E+11,20210803,1542,,CASSIDY,,BLVD,,,,,,Y,N,NULL,NULL,NULL,N,NULL,NULL,NULL,NULL,NULL,NULL,0.311,NULL,NULL,NULL,NULL,,NULL,0,0,2,2,N,N,,NULL,98,9801,NULL,,Y,37.50515,-82.53705,N,NULL,NULL,NULL,NULL,NULL,NULL,NULL,NULL,7,97,,6,1,1,2,2,1,3,N,NULL,N,N,1542,1550,1606,N,NULL,90,,,N,,N,N,,NULL,NULL,2021,O,7.27E+11,098-CS-1191  -000,MEDIUM,098-CS-1191  -000,0.311,0,0,0,0,0,0,0,0,0,0,0,0,0,1
5189,72650289,KSP0900,2021-300325,20210720,1305,,US119,,,US0119,US0119,0,098 US-119,US0119,N,N,NULL,NULL,NULL,N,NULL,NULL,NULL,NULL,NULL,NULL,24.112,NULL,NULL,NULL,NULL,,NULL,0,0,2,2,N,N,15,NULL,98,9834,NULL,,Y,37.65731,-82.27057,N,NULL,NULL,NULL,NULL,NULL,NULL,NULL,NULL,5,3,4,6,1,1,2,2,7,3,N,NULL,Y,N,1300,1305,1300,N,NULL,49,2,1,N,,N,N,098-US-0119-0,NULL,NULL,2021,O,7.27E+11,098-US-0119  -000,HIGH,098-US-0119  -000,24.112,0,0,1,0,0,0,1,0,0,0,0,0,0,0
5190,72615915,980100,2.02E+11,20210420,1729,,CASSIDY,,BLVD,,,0,098 CS-1191,CS1191,Y,N,NULL,NULL,NULL,N,NULL,NULL,NULL,NULL,NULL,NULL,0.049,NULL,NULL,NULL,NULL,,NULL,0,0,2,2,N,N,,NULL,98,9801,NULL,,Y,37.50368,-82.53295,N,NULL,NULL,NULL,NULL,NULL,NULL,NULL,NULL,2,97,1,6,1,1,2,2,1,3,N,NULL,Y,N,1729,1738,1738,N,NULL,90,,,N,,N,N,098-CS-1191-0,NULL,NULL,2021,O,7.26E+11,098-CS-1191  -000,HIGH,098-CS-1191  -000,0.049,0,0,0,0,0,0,1,0,0,0,0,0,0,1
5191,72633922,980100,2.02E+11,20210607,1853,,US23 TURN LANE,,,US0023,US0023,0,098 US-23-21,US0023,N,Y,CASSIDY,,BLVD,N,NULL,NULL,NULL,NULL,NULL,NULL,0.031,NULL,NULL,NULL,NULL,,NULL,0,0,1,1,N,N,55,NULL,98,9801,NULL,,Y,37.50339,-82.53235,N,NULL,NULL,NULL,NULL,NULL,NULL,NULL,NULL,9,3,4,6,1,5,3,2,7,3,N,NULL,Y,N,1853,1857,,Y,NULL,35,,1,N,,N,N,098-US-0023-21,NULL,NULL,2021,O,7.26E+11,098-US-0023  -021,HIGH,098-US-0023  -021,0.031,0,0,0,0,0,0,0,0,0,0,1,0,0,1