OBJECTID,MasterFile,AgencyORINumber,LocalCode,CollisionDate,CollisionTime,CollisionDayWeekCode,RoadwayName,RoadwayName_Direction_,RoadwayName_RoadwaySuffix_,RoadwayfromReport,CurrentRoadwayNumber,RoadwayNumberCoupletID,RSEUniqueGIS,RoadwayIdentifier,ParkingLotIndicator,IntersectionWith_Indicator_,IntersectionWith_NameRoadway_,IntersectionWith_Direction_,IntersectionWith_RoadwaySuffix_,BetweenStreets_Indicator_,BetweenStreets1_NameRoadway_,BetweenStreet1_Direction_,BetweenStreets1_RoadwaySuffix_,BetweenStreets2_NameRoadway_,BetweenStreets2_Direction_,BetweenStreets2_RoadwaySuffix_,Milepoint,ReportMilepointDeriveNumber,CurrentDerivedMiepointNumber,MilestoMilepoint,FeettoMilepoint,DirectionfromMilepoint_NSEW_,ValidMilepointIndicator,NumberInjured,NumberKilled,ofUnits,ofMotorVehicleUnits,Hit&RunIndicator,OneWayIndicator,SpeedLimitNumber,KilometersIndicator,CountyCode,CityCountyCode,MilesFromCity,DirectionFromCity_NSEW_,InCityLimitsIndicator,Latitude,Longitude,RampIndicator,RampFromIdentifier,RampFromDirCode,RampFromCoupletID,RSEUniqueGISRampFrom,RampToidentifier,RampToDirCode,RampToCoupletID,RSEUniqueGisRampTo,MannerofCollisionCode,LocationFirstEventCode,TotalLanes,RoadwayCharacterCode,RoadwaySurfaceCode,RoadwayConditionCode,WeatherCode,LightConditionCode,LandUseCode,SchoolBusRelatedCode,FirstAidSceneIndicator,CollDescPresentInd,InvestigationCompleteIndicator,PhotosTakenIndicator,TimeNotified,TimeArrived,TimeRoadwayOpened,PropertyDamageIndicator,DiagramPresentIndicator,DirectionalAnalysis,FunctionClassCode,NationalHwySysCode,EnforcementsIndicator,KARSCityCode,SecondaryCollisionIndicator,MedianCrossoverIndicator,RT_UNIQUE,MapIt,TimeLastLeft,YR,KABCO,MFNY,WorkingRID,RT_CONFIDENCE,KTC_RT,KTC_MP,Motorcyclist,Commercial Vehicle,Young Driver,Mature Driver,Pedestrian,Bicyclist,Distracted,Aggressive,Impaired,Unrestrained,Intersection,Roadway Departure,Median Cross-over,City Crash
5192,72475639,980100,2.02E+11,20200206,1833,,KY1460,,,KY1460,KY1460,0,098 KY-1460,KY1460,N,N,NULL,NULL,NULL,N,NULL,NULL,NULL,NULL,NULL,NULL,6.699,NULL,NULL,NULL,NULL,,NULL,0,0,2,2,N,N,45,NULL,98,9801,NULL,,Y,37.48363,-82.53923,N,NULL,NULL,NULL,NULL,NULL,NULL,NULL,NULL,1,3,2,6,1,5,3,4,1,3,N,NULL,Y,N,1833,1839,,N,NULL,55,16,0,N,,N,N,098-KY-1460-0,NULL,NULL,2020,O,7.25E+11,098-KY-1460  -000,HIGH,098-KY-1460  -000,6.699,0,0,0,0,0,0,1,0,0,0,0,0,0,1
5193,72713171,980100,2.02E+11,20211222,1452,,THOMPSON,,RD,,,,,,Y,N,NULL,NULL,NULL,N,NULL,NULL,NULL,NULL,NULL,NULL,0.574,NULL,NULL,NULL,NULL,,NULL,0,0,2,2,N,N,15,NULL,98,9801,NULL,,Y,37.50571,-82.54238,N,NULL,NULL,NULL,NULL,NULL,NULL,NULL,NULL,2,97,,4,1,1,2,2,1,3,N,NULL,Y,N,1453,1500,1500,N,NULL,90,,,N,,N,N,,NULL,NULL,2021,O,7.27E+11,098-CS-1215  -000,MEDIUM,098-CS-1215  -000,0.574,0,0,0,0,0,0,1,1,0,0,0,0,0,1
5194,72747585,KSP0900,22-123618,20220405,2040,,KY3174,,,KY3174,KY3174,,,,N,N,NULL,NULL,NULL,N,NULL,NULL,NULL,NULL,NULL,NULL,0.856,NULL,NULL,NULL,NULL,,NULL,1,0,1,1,N,N,55,NULL,98,9824,NULL,,Y,37.39067,-82.51688,N,NULL,NULL,NULL,NULL,NULL,NULL,NULL,NULL,9,3,4,6,1,5,6,6,7,3,N,NULL,Y,Y,2030,2102,2130,N,NULL,38,,0,N,,N,N,,NULL,NULL,2022,A,7.27E+11,098-KY-3174  -010,HIGH,098-KY-3174  -000,0.856,0,0,0,0,0,0,0,0,0,0,0,0,0,0
5195,72495349,KSP0900,20-14524,20200419,2310,,TOLER,,RD,KY0319,KY0319,,,,N,N,NULL,NULL,NULL,N,NULL,NULL,NULL,NULL,NULL,NULL,4.818,NULL,NULL,NULL,NULL,,NULL,0,0,1,1,N,N,45,NULL,98,9842,NULL,,Y,37.61732,-82.24226,N,NULL,NULL,NULL,NULL,NULL,NULL,NULL,NULL,9,3,2,6,1,5,6,4,7,3,N,NULL,N,N,2310,2315,2350,N,NULL,44,7,0,N,,N,N,,NULL,NULL,2020,O,7.25E+11,098-KY-0319  -000,MEDIUM,098-KY-0319  -000,4.818,0,0,0,0,0,0,0,0,0,0,0,1,0,0
5196,72715994,KSP0900,2021-523686,20211226,1300,,KY292,,,KY0292,KY0292,0,098 KY-292,KY0292,N,N,NULL,NULL,NULL,N,NULL,NULL,NULL,NULL,NULL,NULL,3.048,NULL,NULL,NULL,NULL,,NULL,0,0,2,2,N,N,45,NULL,98,9869,NULL,,Y,37.66073,-82.24084,N,NULL,NULL,NULL,NULL,NULL,NULL,NULL,NULL,7,3,2,2,1,5,2,2,7,3,N,NULL,Y,N,1300,1300,1300,N,NULL,54,8,0,N,,N,N,098-KY-0292-0,NULL,NULL,2021,O,7.27E+11,098-KY-0292  -000,HIGH,098-KY-0292  -000,3.048,0,0,0,0,0,0,0,0,0,0,0,1,0,0
5197,72505011,980100,2.02E+11,20200526,1139,,LEE AVENUE,,,,,,,,Y,N,NULL,NULL,NULL,N,NULL,NULL,NULL,NULL,NULL,NULL,,NULL,NULL,NULL,NULL,NULL,NULL,0,0,1,1,N,N,15,NULL,98,9801,NULL,,Y,37.50229,-82.53459,N,NULL,NULL,NULL,NULL,NULL,NULL,NULL,NULL,9,97,1,4,1,1,2,2,7,3,N,NULL,Y,N,1139,1140,1140,Y,NULL,40,,,N,,N,N,,NULL,NULL,2020,O,7.25E+11,098-CS-1191  -000,MEDIUM,098-CS-1191  -000,0.124,0,0,0,0,0,0,0,0,0,0,0,1,0,1
5198,72687351,980100,2.02E+11,20211025,1239,,US23,,,US0023,US0023,0,098 US-23,US0023,N,N,NULL,NULL,NULL,N,NULL,NULL,NULL,NULL,NULL,NULL,23.054,NULL,NULL,NULL,NULL,,NULL,0,0,3,3,N,N,55,NULL,98,9801,NULL,,Y,37.46593,-82.52791,N,NULL,NULL,NULL,NULL,NULL,NULL,NULL,NULL,5,3,4,6,1,5,6,2,1,3,N,NULL,Y,N,1240,1248,1318,N,NULL,49,,1,N,,N,N,098-US-0023-0,NULL,NULL,2021,O,7.27E+11,098-US-0023  -000,HIGH,098-US-0023  -000,23.054,0,0,1,0,0,0,1,0,0,0,0,0,0,1
5199,72506703,980100,2.02E+11,20200526,1618,,MAYO,S,TRL,,,,,,Y,N,NULL,NULL,NULL,N,NULL,NULL,NULL,NULL,NULL,NULL,,NULL,NULL,NULL,NULL,NULL,NULL,0,0,2,2,Y,N,,NULL,98,9801,NULL,,Y,37.4719,-82.52957,N,NULL,NULL,NULL,NULL,NULL,NULL,NULL,NULL,2,97,2,6,1,1,3,2,1,3,N,NULL,N,N,1619,1628,1628,N,NULL,90,,,N,,N,N,,NULL,NULL,2020,O,7.25E+11,098-KY-3496  -000,MEDIUM,098-KY-3496  -000,0.798,0,0,0,1,0,0,0,0,0,0,0,0,0,1
5200,72571953,KSP0900,20-813924,20201203,1717,,INDIAN CREEK,,RD,KY0122,KY0122,0,098 KY-122,KY0122,N,N,NULL,NULL,NULL,N,NULL,NULL,NULL,NULL,NULL,NULL,2.737,NULL,NULL,NULL,NULL,,NULL,0,0,1,1,Y,N,35,NULL,98,9827,NULL,,Y,37.33797,-82.62675,N,NULL,NULL,NULL,NULL,NULL,NULL,NULL,NULL,9,3,2,3,1,1,2,5,7,3,N,NULL,Y,N,1717,1727,,Y,NULL,70,,0,Y,,N,N,098-KY-0122-0,NULL,NULL,2020,O,7.26E+11,098-KY-0122  -000,HIGH,098-KY-0122  -000,2.737,0,0,0,0,0,0,0,0,0,0,0,1,0,0
5201,72613448,980100,2.02E+11,20210405,1545,,KY1426,,,KY1426,KY1426,0,098 KY-1426,KY1426,N,Y,NORTHGATE,,DR,N,NULL,NULL,NULL,NULL,NULL,NULL,6.925,NULL,NULL,NULL,NULL,,NULL,2,0,2,2,N,N,45,NULL,98,9801,NULL,,Y,37.48621,-82.50909,N,NULL,NULL,NULL,NULL,NULL,NULL,NULL,NULL,4,3,2,4,1,1,2,2,1,3,Y,NULL,Y,Y,1546,1548,1621,N,NULL,16,,0,N,,N,N,098-KY-1426-0,NULL,NULL,2021,C,7.26E+11,098-KY-1426  -000,HIGH,098-KY-1426  -000,6.925,0,0,0,1,0,0,0,1,0,0,1,0,0,1
5202,72728542,KSP0900,22-28520,20220124,647,,TOLER,,RD,KY0319,KY0319,0,098 KY-319,KY0319,N,N,NULL,NULL,NULL,N,NULL,NULL,NULL,NULL,NULL,NULL,4.511,NULL,NULL,NULL,NULL,,NULL,2,0,2,2,N,N,35,NULL,98,9842,NULL,,Y,37.61484,-82.2391,N,NULL,NULL,NULL,NULL,NULL,NULL,NULL,NULL,3,3,2,6,1,1,3,2,7,3,Y,NULL,Y,Y,648,701,757,N,NULL,52,7,0,N,,N,N,098-KY-0319-0,NULL,NULL,2022,A,7.27E+11,098-KY-0319  -000,HIGH,098-KY-0319  -000,4.511,0,0,0,0,0,0,1,0,0,1,0,1,0,0
5203,72589250,KSP0900,21-20466,20210115,2226,,KY194,,,KY0194,KY0194,0,098 KY-194,KY0194,N,N,NULL,NULL,NULL,N,NULL,NULL,NULL,NULL,NULL,NULL,10.745,NULL,NULL,NULL,NULL,,NULL,0,0,1,1,N,N,55,NULL,98,9801,NULL,,Y,37.6032,-82.51936,N,NULL,NULL,NULL,NULL,NULL,NULL,NULL,NULL,9,3,2,3,1,5,9,6,7,3,N,NULL,N,N,2226,2306,2306,N,NULL,38,7,0,N,,N,N,098-KY-0194-0,NULL,NULL,2021,O,7.26E+11,098-KY-0194  -000,HIGH,098-KY-0194  -000,10.745,0,0,0,0,0,0,0,0,0,0,0,0,0,0
5204,72602222,980100,2.02E+11,20210305,1359,,BYPASS ROAD,,,,,,,,N,N,NULL,NULL,NULL,N,NULL,NULL,NULL,NULL,NULL,NULL,,NULL,NULL,NULL,NULL,NULL,NULL,0,0,2,2,Y,N,15,NULL,98,9801,NULL,,Y,37.47215,-82.52272,N,NULL,NULL,NULL,NULL,NULL,NULL,NULL,NULL,2,97,2,6,2,1,2,2,1,3,N,NULL,Y,N,1359,1411,1411,N,NULL,47,,,N,,N,N,,NULL,NULL,2021,O,7.26E+11,098-CS-1223  -000,MEDIUM,098-CS-1223  -000,0.041,0,0,0,0,0,0,1,0,0,0,0,0,0,1
5205,72701262,980100,2.02E+11,20211123,1448,,CASSIDY,,BLVD,,,0,098 CS-1191,CS1191,Y,Y,THOMPSON,,RD,N,NULL,NULL,NULL,NULL,NULL,NULL,0.449,NULL,NULL,NULL,NULL,,NULL,0,0,2,2,N,N,,NULL,98,9801,NULL,,Y,37.50418,-82.53905,N,NULL,NULL,NULL,NULL,NULL,NULL,NULL,NULL,6,97,,6,1,1,2,2,1,3,N,NULL,Y,N,1448,1505,,N,NULL,90,,,N,,N,N,098-CS-1191-0,NULL,NULL,2021,O,7.27E+11,098-CS-1191  -000,HIGH,098-CS-1191  -000,0.449,0,0,0,0,0,0,1,0,0,0,1,0,0,1
5206,72772009,KSP0900,22-221038,20220612,2037,,US23,,,US0023,US0023,0,098 US-23,US0023,N,N,NULL,NULL,NULL,N,NULL,NULL,NULL,NULL,NULL,NULL,3.183,NULL,NULL,NULL,NULL,,NULL,0,0,1,1,N,N,55,NULL,98,9809,NULL,,Y,37.27428,-82.595,N,NULL,NULL,NULL,NULL,NULL,NULL,NULL,NULL,9,3,4,4,1,1,2,3,7,3,N,NULL,Y,N,2039,2048,,N,NULL,70,,1,N,,N,N,098-US-0023-0,NULL,NULL,2022,O,7.28E+11,098-US-0023  -000,HIGH,098-US-0023  -000,3.183,0,1,0,0,0,0,0,0,0,0,0,0,0,0
5207,72579341,KSP0900,20-841870,20201224,1130,,APPALACHIAN,,PLZ,,,0,098 PR-1008,PR1008,Y,N,NULL,NULL,NULL,N,NULL,NULL,NULL,NULL,NULL,NULL,0.103,NULL,NULL,NULL,NULL,,NULL,0,0,2,2,N,N,,NULL,98,9834,NULL,,Y,37.667,-82.27495,N,NULL,NULL,NULL,NULL,NULL,NULL,NULL,NULL,7,97,2,6,3,5,6,2,1,3,N,NULL,Y,N,1140,1145,1145,N,NULL,90,,,N,,N,N,098-PR-1008-0,NULL,NULL,2020,O,7.26E+11,098-PR-1008  -000,HIGH,098-PR-1008  -000,0.103,0,0,0,1,0,0,1,0,0,0,0,0,0,0
5208,72673859,980100,2.02E+11,20210922,1341,,CHLOE,,RD,KY1460,KY1460,0,098 KY-1460,KY1460,N,N,NULL,NULL,NULL,N,NULL,NULL,NULL,NULL,NULL,NULL,3.413,NULL,NULL,NULL,NULL,,NULL,0,0,1,1,N,N,35,NULL,98,9801,NULL,,Y,37.47503,-82.48726,N,NULL,NULL,NULL,NULL,NULL,NULL,NULL,NULL,9,5,2,2,1,5,6,2,7,3,N,NULL,Y,N,1341,1347,1414,N,NULL,44,,0,N,,N,N,098-KY-1460-0,NULL,NULL,2021,O,7.27E+11,098-KY-1460  -000,HIGH,098-KY-1460  -000,3.413,0,0,0,0,0,0,0,0,0,0,0,1,0,1
5209,72640397,980100,2.02E+11,20210618,1240,,BYPASS,S,RD,KY1426,KY1426,0,098 KY-1426,KY1426,Y,N,NULL,NULL,NULL,N,NULL,NULL,NULL,NULL,NULL,NULL,5.695,NULL,NULL,NULL,NULL,,NULL,0,0,2,2,Y,N,15,NULL,98,9801,NULL,,Y,37.47278,-82.52277,N,NULL,NULL,NULL,NULL,NULL,NULL,NULL,NULL,2,97,2,4,1,1,2,2,1,3,N,NULL,Y,N,1240,1244,1257,N,NULL,90,,0,N,,N,N,098-KY-1426-0,NULL,NULL,2021,O,7.26E+11,098-KY-1426  -000,HIGH,098-KY-1426  -000,5.695,0,0,0,1,0,0,0,0,0,0,0,0,0,1
5210,72666148,980500,2021AR034,20210902,1114,,MAIN STREET,,,,,,,,N,N,NULL,NULL,NULL,N,NULL,NULL,NULL,NULL,NULL,NULL,,NULL,NULL,NULL,NULL,NULL,NULL,0,0,2,2,N,N,25,NULL,98,9807,NULL,,Y,37.51888,-82.56631,N,NULL,NULL,NULL,NULL,NULL,NULL,NULL,NULL,1,3,2,5,1,1,2,2,7,3,N,NULL,Y,Y,1117,1119,1123,N,NULL,55,,,N,,N,N,,NULL,NULL,2021,O,7.27E+11,098-CS-3000  -071,MEDIUM,098-CS-3000  -071,0.023,0,1,0,0,0,0,1,0,0,0,0,0,0,0
5211,72402416,KSP0900,19-34155,20190902,1400,,ROCKHOUSE,,FRK,,,0,098 CR-1395Q4,CR1395Q4,N,N,NULL,NULL,NULL,N,NULL,NULL,NULL,NULL,NULL,NULL,0.651,NULL,NULL,NULL,NULL,,NULL,1,0,2,2,N,N,45,NULL,98,9843,NULL,,Y,37.66529,-82.38715,N,NULL,NULL,NULL,NULL,NULL,NULL,NULL,NULL,7,3,1,3,1,1,2,2,7,3,Y,NULL,Y,Y,1400,1415,1440,N,NULL,54,,,N,,N,N,098-CR-1395Q4-0,NULL,NULL,2019,C,7.24E+11,098-CR-1395Q4-000,HIGH,098-CR-1395Q4-000,0.651,0,0,0,1,0,0,1,0,0,0,0,1,0,0
5212,72521638,980100,2.02E+11,20200714,1423,,BYPASS,,RD,,,0,098 CS-1223,CS1223,Y,N,NULL,NULL,NULL,N,NULL,NULL,NULL,NULL,NULL,NULL,,NULL,NULL,NULL,NULL,NULL,NULL,0,0,2,2,N,N,15,NULL,98,9801,NULL,,Y,37.47128,-82.52117,N,NULL,NULL,NULL,NULL,NULL,NULL,NULL,NULL,1,97,1,6,2,1,2,2,1,3,N,NULL,Y,N,1423,1434,1434,N,NULL,90,,,N,,N,N,098-CS-1223-0,NULL,NULL,2020,O,7.25E+11,098-CS-1223  -000,HIGH,098-CS-1223  -000,0.135,0,0,1,0,0,0,0,0,0,0,0,0,0,1
5213,72510190,KSP0900,20-21415,20200606,1157,,US460,,,US0460,US0460,0,098 US-460,US0460,N,N,NULL,NULL,NULL,N,NULL,NULL,NULL,NULL,NULL,NULL,7.011,NULL,NULL,NULL,NULL,,NULL,2,0,2,2,N,N,55,NULL,98,9801,NULL,,Y,37.38939,-82.43362,N,NULL,NULL,NULL,NULL,NULL,NULL,NULL,NULL,1,3,2,6,1,1,2,2,7,3,N,NULL,Y,N,1157,1200,,N,NULL,55,,1,N,,N,N,098-US-0460-0,NULL,NULL,2020,C,7.25E+11,098-US-0460  -000,HIGH,098-US-0460  -000,7.011,0,0,0,0,0,0,1,0,0,0,0,0,0,0
5214,72811788,KSP0900,22-380887,20221002,1008,,TOLER,,RD,KY0319,KY0319,0,098 KY-319,KY0319,N,N,NULL,NULL,NULL,N,NULL,NULL,NULL,NULL,NULL,NULL,6.464,NULL,NULL,NULL,NULL,,NULL,1,0,2,2,N,N,45,NULL,98,9842,NULL,,Y,37.63703,-82.25228,N,NULL,NULL,NULL,NULL,NULL,NULL,NULL,NULL,1,4,2,3,1,5,6,2,7,3,Y,NULL,Y,Y,1011,1034,1100,Y,NULL,40,7,0,N,,N,N,098-KY-0319-0,NULL,NULL,2022,B,7.28E+11,098-KY-0319  -000,HIGH,098-KY-0319  -000,6.464,0,0,0,1,0,0,0,0,0,0,0,1,0,0
5215,72693091,980100,2.02E+11,20211105,936,,CEDAR HILLS,,DR,KY3417,KY3417,0,098 KY-3417,KY3417,N,N,NULL,NULL,NULL,N,NULL,NULL,NULL,NULL,NULL,NULL,0.648,NULL,NULL,NULL,NULL,,NULL,0,0,1,1,N,N,35,NULL,98,9801,NULL,,Y,37.47072,-82.55771,N,NULL,NULL,NULL,NULL,NULL,NULL,NULL,NULL,9,4,2,4,1,1,2,2,6,3,N,NULL,Y,N,936,943,1017,Y,NULL,40,17,0,Y,,N,N,098-KY-3417-0,NULL,NULL,2021,O,7.27E+11,098-KY-3417  -000,HIGH,098-KY-3417  -000,0.648,0,0,0,0,0,0,1,0,1,1,0,1,0,1
5216,72562002,980100,2.02E+11,20201030,1301,,CASSIDY,,BLVD,,,,,,Y,N,NULL,NULL,NULL,N,NULL,NULL,NULL,NULL,NULL,NULL,0.323,NULL,NULL,NULL,NULL,,NULL,1,0,2,1,N,N,15,NULL,98,9801,NULL,,Y,37.50521,-82.53731,N,NULL,NULL,NULL,NULL,NULL,NULL,NULL,NULL,9,97,1,6,1,1,3,2,1,3,Y,NULL,Y,Y,1301,1304,1304,N,NULL,90,,,N,,N,N,,NULL,NULL,2020,C,7.26E+11,098-CS-1191  -000,MEDIUM,098-CS-1191  -000,0.323,0,0,0,1,1,0,1,1,0,0,0,0,0,1
5217,72735762,KSP0900,22-73978,20220228,1800,,US119,,,US0119,US0119,0,098 US-119,US0119,N,N,NULL,NULL,NULL,N,NULL,NULL,NULL,NULL,NULL,NULL,24.111,NULL,NULL,NULL,NULL,,NULL,0,0,2,2,N,N,15,NULL,98,9834,NULL,,Y,37.65592,-82.26942,N,NULL,NULL,NULL,NULL,NULL,NULL,NULL,NULL,7,7,1,6,1,1,2,2,7,3,N,NULL,N,N,1800,1805,1805,N,NULL,47,2,1,N,,N,N,098-US-0119-0,NULL,NULL,2022,O,7.27E+11,098-US-0119  -000,HIGH,098-US-0119  -000,24.111,0,0,0,1,0,0,0,0,0,0,0,0,0,0
5218,72701236,980000, 21-11-003,20211119,1730,,BANK,,ST,,,0,098 CR-1833B,CR1833B,N,N,NULL,NULL,NULL,N,NULL,NULL,NULL,NULL,NULL,NULL,0.061,NULL,NULL,NULL,NULL,,NULL,0,0,1,1,N,N,5,NULL,98,9804,NULL,,Y,37.52053,-82.1553,N,NULL,NULL,NULL,NULL,NULL,NULL,NULL,NULL,9,97,1,4,1,1,3,6,1,3,N,NULL,Y,Y,1740,1750,1825,N,NULL,44,,,N,,N,N,098-CR-1833B-0,NULL,NULL,2021,O,7.27E+11,098-CR-1833B -000,HIGH,098-CR-1833B -000,0.061,0,0,0,0,0,0,1,0,0,0,0,1,0,0
5219,72704599,KSP0900,21-486472,20211129,1130,,KY632,,,KY0632,KY0632,0,098 KY-632,KY0632,N,N,NULL,NULL,NULL,N,NULL,NULL,NULL,NULL,NULL,NULL,10.457,NULL,NULL,NULL,NULL,,NULL,0,0,2,2,N,N,55,NULL,98,9804,NULL,,Y,37.48718,-82.1869,N,NULL,NULL,NULL,NULL,NULL,NULL,NULL,NULL,5,3,2,6,1,1,2,2,7,3,N,NULL,Y,N,1130,1130,1130,N,NULL,47,6,0,N,,N,N,098-KY-0632-0,NULL,NULL,2021,O,7.27E+11,098-KY-0632  -000,HIGH,098-KY-0632  -000,10.457,0,0,0,1,0,0,0,0,0,0,0,0,0,0
5220,72499276,KSP0900,20-16304,20200502,403,,KY292,,,KY0292,KY0292,0,098 KY-292,KY0292,N,N,NULL,NULL,NULL,N,NULL,NULL,NULL,NULL,NULL,NULL,5.048,NULL,NULL,NULL,NULL,,NULL,0,0,2,2,Y,N,45,NULL,98,9834,NULL,,Y,37.66333,-82.27297,N,NULL,NULL,NULL,NULL,NULL,NULL,NULL,NULL,5,3,2,6,1,1,2,6,7,3,N,NULL,Y,Y,403,813,403,N,NULL,49,8,0,N,,N,N,098-KY-0292-0,NULL,NULL,2020,O,7.25E+11,098-KY-0292  -000,HIGH,098-KY-0292  -000,5.048,0,0,0,0,0,0,0,1,0,0,0,1,0,0
5221,72607172,980100,2.02E+11,20210325,2046,,CASSIDY,,BLVD,,,,,,N,N,NULL,NULL,NULL,N,NULL,NULL,NULL,NULL,NULL,NULL,0.235,NULL,NULL,NULL,NULL,,NULL,0,0,2,2,Y,N,25,NULL,98,9801,NULL,,Y,37.50438,-82.53573,N,NULL,NULL,NULL,NULL,NULL,NULL,NULL,NULL,1,3,4,6,1,5,3,5,1,3,N,NULL,Y,N,2046,2051,,N,NULL,55,,,N,,N,N,,NULL,NULL,2021,O,7.26E+11,098-CS-1191  -000,LOW,098-CS-1191  -000,0.235,0,0,0,0,0,0,1,1,0,0,0,0,0,1
5222,72526896,KSP0900,20-568439,20200626,1600,,KY1469,,,KY1469,KY1469,0,098 KY-1469,KY1469,N,N,NULL,NULL,NULL,N,NULL,NULL,NULL,NULL,NULL,NULL,9.847,NULL,NULL,NULL,NULL,,NULL,1,0,1,1,N,N,55,NULL,98,9827,NULL,,Y,37.32871,-82.60598,N,NULL,NULL,NULL,NULL,NULL,NULL,NULL,NULL,9,3,2,3,1,1,2,2,7,3,Y,NULL,N,Y,1600,1623,1623,N,NULL,44,8,0,N,,N,N,098-KY-1469-0,NULL,NULL,2020,B,7.25E+11,098-KY-1469  -000,HIGH,098-KY-1469  -000,9.847,0,0,0,0,0,0,0,0,0,0,0,1,0,0
5223,72742950,KSP0900,22-10264,20220321,1050,,US23,,,US0023,US0023,0,098 US-23,US0023,N,N,NULL,NULL,NULL,N,NULL,NULL,NULL,NULL,NULL,NULL,15.078,NULL,NULL,NULL,NULL,,NULL,0,0,1,1,N,N,55,NULL,98,9801,2,S,N,37.39708,-82.52785,N,NULL,NULL,NULL,NULL,NULL,NULL,NULL,NULL,9,3,4,1,1,1,2,2,7,3,N,NULL,N,N,1104,1121,1104,N,NULL,38,,1,N,,N,N,098-US-0023-0,NULL,NULL,2022,O,7.27E+11,098-US-0023  -000,HIGH,098-US-0023  -000,15.078,0,0,0,0,0,0,0,0,0,0,0,0,0,0
5224,72726666,980100,2.02E+11,20220118,1559,,US23,,,US0023,US0023,0,098 US-23,US0023,N,N,NULL,NULL,NULL,N,NULL,NULL,NULL,NULL,NULL,NULL,21.475,NULL,NULL,NULL,NULL,,NULL,0,0,2,2,N,N,55,NULL,98,9801,NULL,,Y,37.45152,-82.52367,N,NULL,NULL,NULL,NULL,NULL,NULL,NULL,NULL,5,3,4,6,1,1,2,2,1,3,N,NULL,Y,N,1559,1604,,N,NULL,49,,1,N,,N,N,098-US-0023-0,NULL,NULL,2022,O,7.27E+11,098-US-0023  -000,HIGH,098-US-0023  -000,21.475,0,0,0,0,0,0,1,0,0,0,0,0,0,1
5225,72744590,980100,2.02E+11,20220325,1737,,THOMPSON,,RD,,,0,098 CS-1215,CS1215,N,N,NULL,NULL,NULL,N,NULL,NULL,NULL,NULL,NULL,NULL,0.646,NULL,NULL,NULL,NULL,,NULL,0,0,2,2,N,N,35,NULL,98,9801,NULL,,Y,37.50528,-82.5412,N,NULL,NULL,NULL,NULL,NULL,NULL,NULL,NULL,1,3,2,6,1,1,3,2,7,3,N,NULL,Y,N,1737,1747,1747,N,NULL,55,,,N,,N,N,098-CS-1215-0,NULL,NULL,2022,O,7.27E+11,098-CS-1215  -000,HIGH,098-CS-1215  -000,0.646,0,0,0,1,0,0,1,1,0,0,0,0,0,1
5226,72810386,980100,2.02E+11,20220924,1910,,KY1426,,,KY1426,KY1426,0,098 KY-1426,KY1426,N,N,NULL,NULL,NULL,N,NULL,NULL,NULL,NULL,NULL,NULL,8.124,NULL,NULL,NULL,NULL,,NULL,0,0,1,1,N,N,55,NULL,98,9801,NULL,,Y,37.49295,-82.49094,N,NULL,NULL,NULL,NULL,NULL,NULL,NULL,NULL,9,3,2,1,1,5,3,1,7,3,Y,NULL,Y,N,1910,1912,1944,N,NULL,40,,0,N,,N,N,098-KY-1426-0,NULL,NULL,2022,O,7.28E+11,098-KY-1426  -000,HIGH,098-KY-1426  -000,8.124,0,0,1,0,0,0,1,0,0,0,0,1,0,1
5227,72470412,980100,2.02E+11,20200131,1757,,US23,,,US0023,US0023,0,098 US-23,US0023,N,N,NULL,NULL,NULL,N,NULL,NULL,NULL,NULL,NULL,NULL,23.057,NULL,NULL,NULL,NULL,,NULL,0,0,2,2,N,N,55,NULL,98,9801,NULL,,Y,37.46585,-82.52814,N,NULL,NULL,NULL,NULL,NULL,NULL,NULL,NULL,1,3,4,6,1,5,3,5,1,3,N,NULL,Y,Y,1757,1805,1851,N,NULL,55,,1,N,,N,N,098-US-0023-0,NULL,NULL,2020,O,7.25E+11,098-US-0023  -000,HIGH,098-US-0023  -000,23.057,0,0,0,1,0,0,0,1,0,0,0,0,0,1
5228,72742926,KSP0900,22-102198,20220320,2314,,US460,,,US0460,US0460,0,098 US-460,US0460,N,N,NULL,NULL,NULL,N,NULL,NULL,NULL,NULL,NULL,NULL,4.948,NULL,NULL,NULL,NULL,,NULL,0,0,1,1,N,N,35,NULL,98,9801,NULL,,Y,37.41169,-82.44982,N,NULL,NULL,NULL,NULL,NULL,NULL,NULL,NULL,9,5,2,6,1,1,2,6,7,3,N,NULL,Y,N,2314,2314,,N,NULL,51,,1,Y,,N,N,098-US-0460-0,NULL,NULL,2022,O,7.27E+11,098-US-0460  -000,HIGH,098-US-0460  -000,4.948,0,0,0,0,0,0,0,0,1,0,0,1,0,0
5229,72640188,KSP0900,21-259782,20210624,1054,,TOLER,,RD,KY0319,KY0319,0,098 KY-319,KY0319,N,N,NULL,NULL,NULL,N,NULL,NULL,NULL,NULL,NULL,NULL,5.624,NULL,NULL,NULL,NULL,,NULL,1,0,1,1,N,N,45,NULL,98,9842,NULL,,Y,37.62765,-82.24835,N,NULL,NULL,NULL,NULL,NULL,NULL,NULL,NULL,9,3,2,6,1,1,2,2,7,3,Y,NULL,Y,Y,1055,1125,1200,N,NULL,40,7,0,N,,N,N,098-KY-0319-0,NULL,NULL,2021,B,7.26E+11,098-KY-0319  -000,HIGH,098-KY-0319  -000,5.624,0,0,0,1,0,0,1,0,0,0,0,1,0,0