OBJECTID,MasterFile,AgencyORINumber,LocalCode,CollisionDate,CollisionTime,CollisionDayWeekCode,RoadwayName,RoadwayName_Direction_,RoadwayName_RoadwaySuffix_,RoadwayfromReport,CurrentRoadwayNumber,RoadwayNumberCoupletID,RSEUniqueGIS,RoadwayIdentifier,ParkingLotIndicator,IntersectionWith_Indicator_,IntersectionWith_NameRoadway_,IntersectionWith_Direction_,IntersectionWith_RoadwaySuffix_,BetweenStreets_Indicator_,BetweenStreets1_NameRoadway_,BetweenStreet1_Direction_,BetweenStreets1_RoadwaySuffix_,BetweenStreets2_NameRoadway_,BetweenStreets2_Direction_,BetweenStreets2_RoadwaySuffix_,Milepoint,ReportMilepointDeriveNumber,CurrentDerivedMiepointNumber,MilestoMilepoint,FeettoMilepoint,DirectionfromMilepoint_NSEW_,ValidMilepointIndicator,NumberInjured,NumberKilled,ofUnits,ofMotorVehicleUnits,Hit&RunIndicator,OneWayIndicator,SpeedLimitNumber,KilometersIndicator,CountyCode,CityCountyCode,MilesFromCity,DirectionFromCity_NSEW_,InCityLimitsIndicator,Latitude,Longitude,RampIndicator,RampFromIdentifier,RampFromDirCode,RampFromCoupletID,RSEUniqueGISRampFrom,RampToidentifier,RampToDirCode,RampToCoupletID,RSEUniqueGisRampTo,MannerofCollisionCode,LocationFirstEventCode,TotalLanes,RoadwayCharacterCode,RoadwaySurfaceCode,RoadwayConditionCode,WeatherCode,LightConditionCode,LandUseCode,SchoolBusRelatedCode,FirstAidSceneIndicator,CollDescPresentInd,InvestigationCompleteIndicator,PhotosTakenIndicator,TimeNotified,TimeArrived,TimeRoadwayOpened,PropertyDamageIndicator,DiagramPresentIndicator,DirectionalAnalysis,FunctionClassCode,NationalHwySysCode,EnforcementsIndicator,KARSCityCode,SecondaryCollisionIndicator,MedianCrossoverIndicator,RT_UNIQUE,MapIt,TimeLastLeft,YR,KABCO,MFNY,WorkingRID,RT_CONFIDENCE,KTC_RT,KTC_MP,Motorcyclist,Commercial Vehicle,Young Driver,Mature Driver,Pedestrian,Bicyclist,Distracted,Aggressive,Impaired,Unrestrained,Intersection,Roadway Departure,Median Cross-over,City Crash
5268,72871852,KSP0900,23-83285,20230303,2027,,ISLAND CREEK,,RD,,,0,098 CR-1141,CR1141,N,N,NULL,NULL,NULL,N,NULL,NULL,NULL,NULL,NULL,NULL,0.469,NULL,NULL,NULL,NULL,,NULL,0,0,1,1,N,N,15,NULL,98,9801,NULL,,Y,37.45073,-82.31523,N,NULL,NULL,NULL,NULL,NULL,NULL,NULL,NULL,9,97,1,6,1,5,97,5,6,3,N,NULL,N,N,2033,2043,2043,N,NULL,70,,,N,,N,N,098-CR-1141-0,NULL,NULL,2023,O,7.29E+11,098-CR-1141  -000,HIGH,098-CR-1141  -000,0.399,0,0,0,0,0,0,0,0,0,0,0,0,0,0
5269,72600455,980200,4120004,20210303,1830,,BELCHER,,DR,,,0,098 CS-2044,CS2044,N,N,NULL,NULL,NULL,N,NULL,NULL,NULL,NULL,NULL,NULL,0.056,NULL,NULL,NULL,NULL,,NULL,0,0,2,2,N,N,25,NULL,98,9802,NULL,,Y,37.29967,-82.33177,N,NULL,NULL,NULL,NULL,NULL,NULL,NULL,NULL,5,97,1,1,1,1,2,7,6,3,N,NULL,Y,Y,1840,1849,,Y,NULL,47,,,Y,,N,N,098-CS-2044-0,NULL,NULL,2021,O,7.26E+11,098-CS-2044  -000,HIGH,098-CS-2044  -000,0.056,0,0,0,0,0,0,0,0,0,0,0,1,0,0
5270,72701854,980100,2.02E+11,20211125,1630,,LEFT FORK ISLAND,,CRK,,,0,098 CR-1233Q3,CR1233Q3,N,N,NULL,NULL,NULL,N,NULL,NULL,NULL,NULL,NULL,NULL,1.607,NULL,NULL,NULL,NULL,,NULL,0,0,2,2,N,N,25,NULL,98,9801,5,W,N,37.43071,-82.58092,N,NULL,NULL,NULL,NULL,NULL,NULL,NULL,NULL,7,3,1,3,1,5,6,2,6,3,N,NULL,Y,N,1630,1641,,N,NULL,54,,,Y,,N,N,098-CR-1233Q3-0,NULL,NULL,2021,O,7.27E+11,098-CR-1233Q3-000,HIGH,098-CR-1233Q3-000,1.607,0,0,0,0,0,0,1,1,0,0,0,1,0,0
5271,72654720,980100,2.02E+11,20210803,1518,,US23,,,US0023,US0023,0,098 US-23-10,US0023,N,N,NULL,NULL,NULL,N,NULL,NULL,NULL,NULL,NULL,NULL,25.595,NULL,NULL,NULL,NULL,,NULL,0,0,2,2,N,N,55,NULL,98,9801,NULL,,Y,37.49426,-82.53258,N,NULL,NULL,NULL,NULL,NULL,NULL,NULL,NULL,8,3,4,6,1,1,2,2,7,3,N,NULL,Y,N,1518,1523,1523,N,NULL,53,,1,N,,N,N,098-US-0023-10,NULL,NULL,2021,O,7.27E+11,098-US-0023  -010,HIGH,098-US-0023  -000,25.595,0,1,0,1,0,0,1,0,0,0,0,1,0,1
5272,72530884,980100,2.02E+11,20200809,1819,,US23,,,US0023,US0023,0,098 US-23,US0023,N,N,NULL,NULL,NULL,N,NULL,NULL,NULL,NULL,NULL,NULL,27.324,NULL,NULL,NULL,NULL,,NULL,0,0,2,2,N,N,55,NULL,98,9801,NULL,,Y,37.51072,-82.54772,N,NULL,NULL,NULL,NULL,NULL,NULL,NULL,NULL,5,3,4,6,1,1,2,2,1,3,N,NULL,Y,N,1820,1833,1833,N,NULL,49,,1,N,,N,N,098-US-0023-0,NULL,NULL,2020,O,7.25E+11,098-US-0023  -000,HIGH,098-US-0023  -000,27.324,0,0,1,0,0,0,0,0,0,0,0,0,0,1
5273,72549808,KSP0900,20-729233,20201006,810,,KY1469,,,KY1469,KY1469,0,098 KY-1469,KY1469,N,N,NULL,NULL,NULL,N,NULL,NULL,NULL,NULL,NULL,NULL,11.812,NULL,NULL,NULL,NULL,,NULL,1,0,1,1,N,N,55,NULL,98,9827,3,NE,N,37.34534,-82.58451,N,NULL,NULL,NULL,NULL,NULL,NULL,NULL,NULL,9,5,2,6,1,1,10,2,7,3,Y,NULL,Y,N,810,818,830,N,NULL,51,7,0,N,,N,N,098-KY-1469-0,NULL,NULL,2020,C,7.25E+11,098-KY-1469  -000,HIGH,098-KY-1469  -000,11.812,0,0,0,0,0,0,1,0,0,0,0,1,0,0
5274,72647002,980500,2021AR026,20210713,1720,,WEDDINGTON SQUARE PARKING LOT,,,,,,,,Y,N,NULL,NULL,NULL,N,NULL,NULL,NULL,NULL,NULL,NULL,,NULL,NULL,NULL,NULL,NULL,NULL,0,0,2,2,N,N,15,NULL,98,9807,NULL,,Y,37.52804,-82.57551,N,NULL,NULL,NULL,NULL,NULL,NULL,NULL,NULL,6,97,,6,1,1,2,2,1,3,N,NULL,Y,Y,1728,1731,1741,N,NULL,90,,,N,,N,N,,NULL,NULL,2021,O,7.26E+11,098-US-0023  -010,MEDIUM,098-US-0023  -000,29.346,0,0,0,0,0,0,1,0,0,0,0,0,0,0
5275,72707044,980100,2.02E+11,20211209,1104,,US23,,,US0023,US0023,0,098 US-23,US0023,N,N,NULL,NULL,NULL,N,NULL,NULL,NULL,NULL,NULL,NULL,26.28,NULL,NULL,NULL,NULL,,NULL,0,0,2,2,N,N,55,NULL,98,9801,NULL,,Y,37.50362,-82.53214,N,NULL,NULL,NULL,NULL,NULL,NULL,NULL,NULL,5,3,4,6,1,1,2,2,7,3,N,NULL,Y,N,1106,1114,1123,N,NULL,70,,1,Y,,N,N,098-US-0023-0,NULL,NULL,2021,O,7.27E+11,098-US-0023  -000,HIGH,098-US-0023  -000,26.28,0,0,0,1,0,0,0,0,0,0,0,0,0,1
5276,72805795,980100,2.02E+11,20220916,1339,,BYPASS,,RD,,,0,098 CS-1223,CS1223,Y,N,NULL,NULL,NULL,N,NULL,NULL,NULL,NULL,NULL,NULL,,NULL,NULL,NULL,NULL,NULL,NULL,0,0,2,2,N,N,,NULL,98,9801,NULL,,Y,37.47128,-82.52117,N,NULL,NULL,NULL,NULL,NULL,NULL,NULL,NULL,1,97,2,6,2,1,2,2,1,3,N,NULL,Y,N,1339,1342,1351,N,NULL,90,,,N,,N,N,098-CS-1223-0,NULL,NULL,2022,O,7.28E+11,098-CS-1223  -000,HIGH,098-CS-1223  -000,0.136,0,0,0,0,0,0,0,0,0,0,0,0,0,1
5277,72766363,KSP0900,22-196291,20220527,701,,ELKHORN,,CRK,KY0197,KY0197,0,098 KY-197,KY0197,N,N,NULL,NULL,NULL,N,NULL,NULL,NULL,NULL,NULL,NULL,10.792,NULL,NULL,NULL,NULL,,NULL,0,0,1,1,N,N,55,NULL,98,9802,5,W,N,37.27007,-82.41906,N,NULL,NULL,NULL,NULL,NULL,NULL,NULL,NULL,9,5,2,3,1,5,2,2,7,3,N,NULL,Y,N,701,724,724,N,NULL,51,7,0,N,,N,N,098-KY-0197-0,NULL,NULL,2022,O,7.28E+11,098-KY-0197  -000,HIGH,098-KY-0197  -000,10.792,0,0,0,0,0,0,0,0,0,0,0,1,0,0
5278,72744213,980200,980200,20220325,1632,,ELKHORN,W,ST,,,0,098 CS-2007,CS2007,Y,N,NULL,NULL,NULL,N,NULL,NULL,NULL,NULL,NULL,NULL,0.015,NULL,NULL,NULL,NULL,,NULL,0,0,2,2,N,N,,NULL,98,9802,NULL,,Y,37.30516,-82.35448,N,NULL,NULL,NULL,NULL,NULL,NULL,NULL,NULL,2,97,,6,1,1,3,2,1,3,N,NULL,Y,Y,1630,1632,,N,NULL,90,,,N,,N,N,098-CS-2007-0,NULL,NULL,2022,O,7.27E+11,098-CS-2007  -000,HIGH,098-CS-2007  -000,0.015,0,0,0,1,0,0,0,0,0,1,0,0,0,0
5279,72577583,980100,2.02E+11,20201217,1440,,JUSTICE WAY,,RD,,,0,098 CS-1215,CS1215,Y,N,NULL,NULL,NULL,N,NULL,NULL,NULL,NULL,NULL,NULL,,NULL,NULL,NULL,NULL,NULL,NULL,0,0,2,2,N,N,,NULL,98,9801,NULL,,Y,37.50715,-82.54703,N,NULL,NULL,NULL,NULL,NULL,NULL,NULL,NULL,1,97,1,6,1,1,2,2,1,3,N,NULL,Y,N,1440,1446,1446,N,NULL,90,,,N,,N,N,098-CS-1215-0,NULL,NULL,2020,O,7.26E+11,098-CS-1215  -000,HIGH,098-CS-1215  -000,0.309,0,0,0,0,0,0,0,0,0,0,0,0,0,1
5280,72649718,KSP0900,21-299277,20210719,1830,,ROCKHOUSE,,FRK,,,0,098 CR-1395Q4,CR1395Q4,N,N,NULL,NULL,NULL,N,NULL,NULL,NULL,NULL,NULL,NULL,0.74,NULL,NULL,NULL,NULL,,NULL,1,0,1,1,N,N,35,NULL,98,9843,NULL,,Y,37.66442,-82.38815,N,NULL,NULL,NULL,NULL,NULL,NULL,NULL,NULL,9,5,1,3,1,1,2,2,7,3,N,NULL,Y,Y,1830,1846,1846,N,NULL,51,,,N,,N,N,098-CR-1395Q4-0,NULL,NULL,2021,C,7.26E+11,098-CR-1395Q4-000,HIGH,098-CR-1395Q4-000,0.74,0,0,0,0,0,0,0,0,0,0,0,1,0,0
5281,72675691,980100,2.02E+11,20210922,2029,,US23,,,US0023,US0023,,,,N,N,NULL,NULL,NULL,N,NULL,NULL,NULL,NULL,NULL,NULL,23.06,NULL,NULL,NULL,NULL,,NULL,0,0,2,2,N,N,55,NULL,98,9801,NULL,,Y,37.46582,-82.52808,N,NULL,NULL,NULL,NULL,NULL,NULL,NULL,NULL,4,3,4,6,1,5,3,6,1,3,N,NULL,Y,N,2029,2032,2106,N,NULL,70,,1,N,,N,N,,NULL,NULL,2021,O,7.27E+11,098-US-0023  -010,MEDIUM,098-US-0023  -000,23.06,0,0,0,0,0,0,1,0,0,0,0,0,0,1
5282,72729110,980500,2022AR007,20220209,1120,,MAYO TRAIL,,,,,,,,N,N,NULL,NULL,NULL,N,NULL,NULL,NULL,NULL,NULL,NULL,,NULL,NULL,NULL,NULL,NULL,NULL,2,0,2,2,N,N,45,NULL,98,9807,NULL,,Y,37.52248,-82.57063,N,NULL,NULL,NULL,NULL,NULL,NULL,NULL,NULL,1,3,8,6,1,1,2,2,7,3,Y,NULL,N,Y,1124,1126,1154,N,NULL,55,,,N,,N,N,,NULL,NULL,2022,C,7.27E+11,098-US-0023  -000,MEDIUM,098-US-0023  -000,28.864,0,0,0,1,0,0,1,1,0,0,0,0,0,0
5283,72786660,980100,2.02E+11,20220725,1637,,MAYO,S,TRL,US0023,US0023,0,098 US-23-10,US0023,N,N,NULL,NULL,NULL,N,NULL,NULL,NULL,NULL,NULL,NULL,23.063,NULL,NULL,NULL,NULL,,NULL,1,0,2,2,N,N,55,NULL,98,9801,NULL,,Y,37.46583,-82.52814,N,NULL,NULL,NULL,NULL,NULL,NULL,NULL,NULL,4,3,4,6,1,1,3,2,1,3,Y,NULL,Y,Y,1637,1640,1713,N,NULL,70,,1,N,,N,N,098-US-0023-10,NULL,NULL,2022,B,7.28E+11,098-US-0023  -010,HIGH,098-US-0023  -000,23.063,0,0,0,0,0,0,1,1,0,1,0,0,0,1
5284,72573177,KSP0900,20-818841,20201207,1424,,KY2062,,,KY2062,KY2062,0,098 KY-2062,KY2062,N,N,NULL,NULL,NULL,N,NULL,NULL,NULL,NULL,NULL,NULL,0.02,NULL,NULL,NULL,NULL,,NULL,1,0,2,2,N,N,55,NULL,98,9804,NULL,,Y,37.50554,-82.12936,N,NULL,NULL,NULL,NULL,NULL,NULL,NULL,NULL,1,3,2,4,1,5,3,2,7,3,Y,NULL,Y,Y,1424,1448,1515,N,NULL,55,8,0,N,,N,N,098-KY-2062-0,NULL,NULL,2020,C,7.26E+11,098-KY-2062  -000,HIGH,098-KY-2062  -000,0.02,0,0,0,0,0,0,1,0,0,1,0,0,0,0
5285,72622243,980100,2.02E+11,20210506,1800,,HAMBLEY,,BLVD,,,0,098 CS-1222,CS1222,Y,N,NULL,NULL,NULL,N,NULL,NULL,NULL,NULL,NULL,NULL,1.034,NULL,NULL,NULL,NULL,,NULL,0,0,2,2,N,N,10,NULL,98,9801,NULL,,Y,37.48513,-82.52331,N,NULL,NULL,NULL,NULL,NULL,NULL,NULL,NULL,8,97,0,6,1,1,2,2,1,3,N,NULL,N,N,1800,1809,1829,N,NULL,90,,,Y,,N,N,098-CS-1222-0,NULL,NULL,2021,O,7.26E+11,098-CS-1222  -000,HIGH,098-CS-1222  -000,1.034,0,0,0,0,0,0,1,0,0,0,0,0,0,1
5286,72491130,KSP0900,20-10924,20200324,1400,,COWPEN,,RD,KY2061,KY2061,0,098 KY-2061,KY2061,N,N,NULL,NULL,NULL,N,NULL,NULL,NULL,NULL,NULL,NULL,5.642,NULL,NULL,NULL,NULL,,NULL,1,0,2,2,N,N,55,NULL,98,9801,NULL,,Y,37.58492,-82.54166,N,NULL,NULL,NULL,NULL,NULL,NULL,NULL,NULL,5,3,2,3,1,1,2,2,7,3,Y,NULL,Y,Y,1400,1430,1510,N,NULL,49,,0,N,,N,N,098-KY-2061-0,NULL,NULL,2020,C,7.25E+11,098-KY-2061  -000,HIGH,098-KY-2061  -000,5.642,0,0,0,1,0,0,1,0,0,1,0,0,0,0
5287,72771390,980100,2.02E+11,20220610,1454,,CASSIDY,,BLVD,,,0,098 CS-1191,CS1191,N,N,NULL,NULL,NULL,N,NULL,NULL,NULL,NULL,NULL,NULL,0.195,NULL,NULL,NULL,NULL,NULL,NULL,1,0,1,1,N,N,25,NULL,98,9801,NULL,,Y,37.50397,-82.53516,N,NULL,NULL,NULL,NULL,NULL,NULL,NULL,NULL,9,3,3,6,1,1,2,2,1,3,N,NULL,Y,Y,1454,1458,,N,NULL,39,,,N,,N,N,098-CS-1191-0,NULL,NULL,2022,B,7.28E+11,098-CS-1191  -000,HIGH,098-CS-1191  -000,0.195,1,0,0,0,0,0,0,0,0,0,0,0,0,1
5288,72657064,370200,2021-319888,20210802,1201,,KY194,,,KY0194,KY0194,0,098 KY-194,KY0194,N,N,NULL,NULL,NULL,N,NULL,NULL,NULL,NULL,NULL,NULL,59.132,NULL,NULL,NULL,NULL,,NULL,0,0,2,2,N,N,35,NULL,98,9811,NULL,,Y,37.55279,-82.15915,N,NULL,NULL,NULL,NULL,NULL,NULL,NULL,NULL,7,3,2,3,1,1,2,2,7,3,N,NULL,Y,N,1218,1253,1253,N,NULL,54,7,0,N,,N,N,098-KY-0194-0,NULL,NULL,2021,O,7.27E+11,098-KY-0194  -000,HIGH,098-KY-0194  -000,59.132,0,1,0,0,0,0,1,0,0,0,0,1,0,0
5289,72532455,980500,2020AR040,20200817,1500,,COWPEN,,RD,KY2061,KY2061,0,098 KY-2061,KY2061,N,N,NULL,NULL,NULL,N,NULL,NULL,NULL,NULL,NULL,NULL,0.016,NULL,NULL,NULL,NULL,,NULL,0,0,2,2,N,N,45,NULL,98,9807,NULL,,Y,37.52999,-82.57568,N,NULL,NULL,NULL,NULL,NULL,NULL,NULL,NULL,8,3,2,6,1,1,2,2,7,3,N,NULL,Y,Y,1500,1510,1515,N,NULL,53,,0,N,,N,N,098-KY-2061-0,NULL,NULL,2020,O,7.25E+11,098-KY-2061  -000,HIGH,098-KY-2061  -000,0.016,0,0,1,0,0,0,1,0,0,0,0,1,0,0
5290,72627027,KSP0900,21-203201,20210519,1729,,RATLIFF CREEK,,RD,,,0,098 CR-1484,CR1484,N,N,NULL,NULL,NULL,N,NULL,NULL,NULL,NULL,NULL,NULL,2.38,NULL,NULL,NULL,NULL,,NULL,0,0,2,2,N,N,45,NULL,98,9801,1,S,N,37.50502,-82.49177,N,NULL,NULL,NULL,NULL,NULL,NULL,NULL,NULL,5,3,2,1,1,1,2,2,7,3,N,NULL,Y,N,1733,1744,1746,N,NULL,49,,,N,,N,N,098-CR-1484-0,NULL,NULL,2021,O,7.26E+11,098-CR-1484  -000,HIGH,098-CR-1484  -000,2.38,0,0,0,0,0,0,1,0,0,0,0,0,0,0
5291,72651476,980100,2.02E+11,20210725,1215,,BAIRD,,AVE,KY1426,KY1426,0,098 KY-1426,KY1426,Y,N,NULL,NULL,NULL,N,NULL,NULL,NULL,NULL,NULL,NULL,5.387,NULL,NULL,NULL,NULL,,NULL,0,0,2,2,N,N,55,NULL,98,9801,NULL,,Y,37.47339,-82.52714,N,NULL,NULL,NULL,NULL,NULL,NULL,NULL,NULL,2,97,2,6,3,1,2,2,5,3,N,NULL,Y,N,1214,1222,1222,N,NULL,90,,0,N,,N,N,098-KY-1426-0,NULL,NULL,2021,O,7.27E+11,098-KY-1426  -000,HIGH,098-KY-1426  -000,5.387,0,0,0,0,0,0,1,0,0,0,0,0,0,1
5292,72777682,980100,2.02E+11,20220629,801,,LEE AVENUE,,,,,,,,Y,N,NULL,NULL,NULL,N,NULL,NULL,NULL,NULL,NULL,NULL,,NULL,NULL,NULL,NULL,NULL,NULL,0,0,2,2,N,N,15,NULL,98,9801,NULL,,Y,37.50173,-82.53436,N,NULL,NULL,NULL,NULL,NULL,NULL,NULL,NULL,2,97,1,6,1,1,2,2,1,3,N,NULL,Y,N,801,805,825,N,NULL,90,,,N,,N,N,,NULL,NULL,2022,O,7.28E+11,098-CS-1261  -000,MEDIUM,098-CS-1261  -000,0.106,0,0,0,1,0,0,1,0,0,1,0,0,0,1
5293,72606932,980100,2.02E+11,20210323,1237,,BYPASS,S,RD,KY1426,KY1426,,,,Y,N,NULL,NULL,NULL,N,NULL,NULL,NULL,NULL,NULL,NULL,5.711,NULL,NULL,NULL,NULL,,NULL,0,0,2,2,N,N,,NULL,98,9801,NULL,,Y,37.47288,-82.5225,N,NULL,NULL,NULL,NULL,NULL,NULL,NULL,NULL,7,97,2,4,2,1,2,2,1,3,N,NULL,Y,N,1237,1246,,N,NULL,90,,0,N,,N,N,,NULL,NULL,2021,O,7.26E+11,098-KY-1426  -000,HIGH,098-KY-1426  -000,5.711,0,0,0,1,0,0,1,0,0,0,0,0,0,1
5294,72628427,980100,2.02E+11,20210524,1426,,HAROLDS BRANCH,,RD,,,,,,Y,N,NULL,NULL,NULL,N,NULL,NULL,NULL,NULL,NULL,NULL,0.068,NULL,NULL,NULL,NULL,,NULL,0,0,2,2,N,N,,NULL,98,9801,NULL,,Y,37.47195,-82.52216,N,NULL,NULL,NULL,NULL,NULL,NULL,NULL,NULL,1,97,,1,2,1,2,2,5,3,N,NULL,Y,N,1426,1431,1510,N,NULL,90,,,N,,N,N,,NULL,NULL,2021,O,7.26E+11,098-CS-1223  -000,MEDIUM,098-CS-1223  -000,0.068,0,0,0,1,0,0,0,0,0,1,0,0,0,1
5295,72756281,980100,2.02E+11,20220422,1728,,CHLOE,,RD,KY1460,KY1460,0,098 KY-1460,KY1460,N,N,NULL,NULL,NULL,N,NULL,NULL,NULL,NULL,NULL,NULL,2.732,NULL,NULL,NULL,NULL,,NULL,0,0,2,2,N,N,15,NULL,98,9801,NULL,,Y,37.46878,-82.47836,N,NULL,NULL,NULL,NULL,NULL,NULL,NULL,NULL,2,97,1,6,1,1,2,2,6,3,N,NULL,Y,N,1728,1737,1805,N,NULL,56,,0,N,,N,N,098-KY-1460-0,NULL,NULL,2022,O,7.28E+11,098-KY-1460  -000,HIGH,098-KY-1460  -000,2.732,0,0,0,0,0,0,1,0,0,0,0,0,0,1
5296,72708405,980100,2.02E+11,20211206,1204,,BYPASS,S,RD,KY1426,KY1426,0,098 KY-1426,KY1426,N,Y,BYPASS,N,RD,N,NULL,NULL,NULL,NULL,NULL,NULL,6.602,NULL,NULL,NULL,NULL,,NULL,0,0,2,2,N,N,45,NULL,98,9801,NULL,,Y,37.483,-82.51329,N,NULL,NULL,NULL,NULL,NULL,NULL,NULL,NULL,5,3,2,6,1,5,3,2,7,3,N,NULL,Y,N,1204,1211,1232,N,NULL,35,,0,N,,N,N,098-KY-1426-0,NULL,NULL,2021,O,7.27E+11,098-KY-1426  -000,HIGH,098-KY-1426  -000,6.602,0,0,0,1,0,0,1,1,0,0,1,0,0,1
5297,72607660,980100,2.02E+11,20210322,940,,MAIN,,ST,,,0,098 CS-1112,CS1112,Y,N,NULL,NULL,NULL,N,NULL,NULL,NULL,NULL,NULL,NULL,0.09,NULL,NULL,NULL,NULL,,NULL,0,0,3,3,N,N,,NULL,98,9801,NULL,,Y,37.47892,-82.51788,N,NULL,NULL,NULL,NULL,NULL,NULL,NULL,NULL,2,97,1,6,1,1,2,2,1,3,N,NULL,Y,N,940,945,,N,NULL,90,,,N,,N,N,098-CS-1112-0,NULL,NULL,2021,O,7.26E+11,098-CS-1112  -000,HIGH,098-CS-1112  -000,0.09,0,0,0,0,0,0,1,0,0,0,0,0,0,1
5298,72863906,980100,2.02E+11,20230209,825,,HAMBLEY,,BLVD,,,0,098 CS-1222,CS1222,N,N,NULL,NULL,NULL,N,NULL,NULL,NULL,NULL,NULL,NULL,0.383,NULL,NULL,NULL,NULL,,NULL,0,0,2,2,N,N,25,NULL,98,9801,NULL,,Y,37.4771,-82.5217,N,NULL,NULL,NULL,NULL,NULL,NULL,NULL,NULL,5,3,3,6,1,1,2,2,7,3,N,NULL,Y,N,825,827,828,N,NULL,49,,,N,,N,N,098-CS-1222-0,NULL,NULL,2023,O,7.29E+11,098-CS-1222  -000,HIGH,098-CS-1222  -000,0.383,0,0,0,0,0,0,1,0,0,0,0,0,0,1
5299,72510206,KSP0900,20-21194,20200604,1900,,MAIN,,ST,,,0,098 CS-3000,CS3000,N,N,NULL,NULL,NULL,N,NULL,NULL,NULL,NULL,NULL,NULL,0.52,NULL,NULL,NULL,NULL,,NULL,0,0,1,1,N,N,25,NULL,98,9807,NULL,,Y,37.51949,-82.56718,N,NULL,NULL,NULL,NULL,NULL,NULL,NULL,NULL,9,7,2,6,1,1,2,3,7,3,N,NULL,N,N,1900,1930,,N,NULL,40,,,N,,N,N,098-CS-3000-0,NULL,NULL,2020,O,7.25E+11,098-CS-3000  -000,HIGH,098-CS-3000  -000,0.52,0,0,0,0,0,0,1,0,0,0,0,1,0,0
5300,72616316,980000,21-04-003,20210420,1420,,KY194,,,KY0194,KY0194,0,098 KY-194,KY0194,N,Y,US119 RAMP TO KY194,,,N,NULL,NULL,NULL,NULL,NULL,NULL,17.938,NULL,NULL,NULL,NULL,,NULL,3,0,2,2,N,N,55,NULL,98,9820,NULL,,Y,37.55797,-82.43005,N,NULL,NULL,NULL,NULL,NULL,NULL,NULL,NULL,1,3,2,6,1,1,2,2,7,3,N,NULL,Y,Y,1537,1601,1601,N,NULL,10,6,5,Y,,N,N,098-KY-0194-0,NULL,NULL,2021,B,7.26E+11,098-KY-0194  -000,HIGH,098-KY-0194  -000,17.938,0,0,0,0,0,0,0,0,1,0,1,0,0,0
5301,72624650,980100,2.02E+11,20210514,1315,,HUFFMAN,,AVE,,,0,098 CS-1123,CS1123,N,N,NULL,NULL,NULL,N,NULL,NULL,NULL,NULL,NULL,NULL,0.019,NULL,NULL,NULL,NULL,,NULL,0,0,2,2,N,N,15,NULL,98,9801,NULL,,Y,37.47703,-82.51736,N,NULL,NULL,NULL,NULL,NULL,NULL,NULL,NULL,1,3,3,6,1,1,2,2,7,3,N,NULL,Y,N,1315,1320,1320,N,NULL,55,,,N,,N,N,098-CS-1123-0,NULL,NULL,2021,O,7.26E+11,098-CS-1123  -000,HIGH,098-CS-1123  -000,0.019,0,0,0,1,0,0,1,0,0,0,0,0,0,1
5302,72515320,KSP0900,20-566388,20200625,1657,,US119,,,US0119,US0119,0,098 US-119,US0119,Y,N,NULL,NULL,NULL,N,NULL,NULL,NULL,NULL,NULL,NULL,24.105,NULL,NULL,NULL,NULL,,NULL,0,0,2,2,N,N,55,NULL,98,9834,NULL,,Y,37.65712,-82.27089,N,NULL,NULL,NULL,NULL,NULL,NULL,NULL,NULL,2,97,4,6,1,1,2,2,5,3,N,NULL,Y,N,1700,1711,1703,N,NULL,90,2,1,N,,N,N,098-US-0119-0,NULL,NULL,2020,O,7.25E+11,098-US-0119  -000,HIGH,098-US-0119  -000,24.105,0,0,0,1,0,0,1,0,0,0,0,0,0,0
5303,72492496,KSP0900,20-12346,20200404,1800,,US119,,,US0119,US0119,,,,N,N,NULL,NULL,NULL,N,NULL,NULL,NULL,NULL,NULL,NULL,18.775,NULL,NULL,NULL,NULL,,NULL,0,0,1,1,N,N,55,NULL,98,9851,NULL,,Y,37.59866,-82.27666,N,NULL,NULL,NULL,NULL,NULL,NULL,NULL,NULL,9,3,4,2,1,1,2,2,7,3,N,NULL,N,N,1800,1802,1802,N,NULL,70,2,1,N,,N,N,,NULL,NULL,2020,O,7.25E+11,098-US-0119  -000,MEDIUM,098-US-0119  -000,18.775,0,0,0,0,0,0,0,0,0,0,0,1,0,0
5304,72794819,980100,2.02E+11,20220810,1614,,US23,,,US0023,US0023,,,,N,N,NULL,NULL,NULL,N,NULL,NULL,NULL,NULL,NULL,NULL,25.545,NULL,NULL,NULL,NULL,,NULL,0,0,2,2,N,N,45,NULL,98,9801,NULL,,Y,37.49363,-82.53308,N,NULL,NULL,NULL,NULL,NULL,NULL,NULL,NULL,5,3,4,6,1,5,3,2,7,3,N,NULL,Y,N,1614,1614,,N,NULL,49,,1,N,,N,N,,NULL,NULL,2022,O,7.28E+11,098-US-0023  -000,MEDIUM,098-US-0023  -000,25.545,0,0,0,1,0,0,1,1,0,0,0,0,0,1
5305,72518831,KSP0900,20-587977,20200707,1340,,TOLER,,RD,KY0319,KY0319,,,,N,N,NULL,NULL,NULL,N,NULL,NULL,NULL,NULL,NULL,NULL,3.99,NULL,NULL,NULL,NULL,,NULL,0,0,1,1,N,N,55,NULL,98,9842,NULL,,Y,37.6099,-82.23234,N,NULL,NULL,NULL,NULL,NULL,NULL,NULL,NULL,9,5,2,3,1,1,2,2,7,3,N,NULL,Y,N,1346,1400,1445,N,NULL,44,7,0,Y,,N,N,,NULL,NULL,2020,O,7.25E+11,098-KY-0319  -000,HIGH,098-KY-0319  -000,3.99,0,0,0,0,0,0,0,0,0,0,0,1,0,0