OBJECTID,MasterFile,AgencyORINumber,LocalCode,CollisionDate,CollisionTime,CollisionDayWeekCode,RoadwayName,RoadwayName_Direction_,RoadwayName_RoadwaySuffix_,RoadwayfromReport,CurrentRoadwayNumber,RoadwayNumberCoupletID,RSEUniqueGIS,RoadwayIdentifier,ParkingLotIndicator,IntersectionWith_Indicator_,IntersectionWith_NameRoadway_,IntersectionWith_Direction_,IntersectionWith_RoadwaySuffix_,BetweenStreets_Indicator_,BetweenStreets1_NameRoadway_,BetweenStreet1_Direction_,BetweenStreets1_RoadwaySuffix_,BetweenStreets2_NameRoadway_,BetweenStreets2_Direction_,BetweenStreets2_RoadwaySuffix_,Milepoint,ReportMilepointDeriveNumber,CurrentDerivedMiepointNumber,MilestoMilepoint,FeettoMilepoint,DirectionfromMilepoint_NSEW_,ValidMilepointIndicator,NumberInjured,NumberKilled,ofUnits,ofMotorVehicleUnits,Hit&RunIndicator,OneWayIndicator,SpeedLimitNumber,KilometersIndicator,CountyCode,CityCountyCode,MilesFromCity,DirectionFromCity_NSEW_,InCityLimitsIndicator,Latitude,Longitude,RampIndicator,RampFromIdentifier,RampFromDirCode,RampFromCoupletID,RSEUniqueGISRampFrom,RampToidentifier,RampToDirCode,RampToCoupletID,RSEUniqueGisRampTo,MannerofCollisionCode,LocationFirstEventCode,TotalLanes,RoadwayCharacterCode,RoadwaySurfaceCode,RoadwayConditionCode,WeatherCode,LightConditionCode,LandUseCode,SchoolBusRelatedCode,FirstAidSceneIndicator,CollDescPresentInd,InvestigationCompleteIndicator,PhotosTakenIndicator,TimeNotified,TimeArrived,TimeRoadwayOpened,PropertyDamageIndicator,DiagramPresentIndicator,DirectionalAnalysis,FunctionClassCode,NationalHwySysCode,EnforcementsIndicator,KARSCityCode,SecondaryCollisionIndicator,MedianCrossoverIndicator,RT_UNIQUE,MapIt,TimeLastLeft,YR,KABCO,MFNY,WorkingRID,RT_CONFIDENCE,KTC_RT,KTC_MP,Motorcyclist,Commercial Vehicle,Young Driver,Mature Driver,Pedestrian,Bicyclist,Distracted,Aggressive,Impaired,Unrestrained,Intersection,Roadway Departure,Median Cross-over,City Crash
5306,72597775,980100,2.02E+11,20210223,747,,US23,,,US0023,US0023,,,,N,N,NULL,NULL,NULL,N,NULL,NULL,NULL,NULL,NULL,NULL,26.533,NULL,NULL,NULL,NULL,,NULL,0,0,2,2,N,N,55,NULL,98,9801,NULL,,Y,37.50689,-82.53403,N,NULL,NULL,NULL,NULL,NULL,NULL,NULL,NULL,5,3,4,6,1,1,3,2,7,3,N,NULL,Y,N,747,751,,N,NULL,70,,1,N,,N,N,,NULL,NULL,2021,O,7.26E+11,098-US-0023  -010,MEDIUM,098-US-0023  -000,26.533,0,0,0,0,0,0,0,0,0,0,0,0,0,1
5307,72705031,KSP0900,21-472460,20211118,1811,,BEAVER CK,,RD,KY1373,KY1373,0,098 KY-1373,KY1373,N,N,NULL,NULL,NULL,N,NULL,NULL,NULL,NULL,NULL,NULL,1.409,NULL,NULL,NULL,NULL,,NULL,0,0,1,1,N,N,35,NULL,98,9802,1,N,N,37.32328,-82.33921,N,NULL,NULL,NULL,NULL,NULL,NULL,NULL,NULL,9,5,1,3,1,5,2,6,7,3,N,NULL,Y,N,1813,1826,1826,N,NULL,44,8,0,N,,N,N,098-KY-1373-0,NULL,NULL,2021,O,7.27E+11,098-KY-1373  -000,HIGH,098-KY-1373  -000,1.409,0,0,0,0,0,0,0,0,0,0,0,1,0,0
5308,72663641,980100,2.02E+11,20210826,1526,,CASSIDY,,BLVD,,,,,,N,N,NULL,NULL,NULL,N,NULL,NULL,NULL,NULL,NULL,NULL,0.192,NULL,NULL,NULL,NULL,,NULL,0,0,2,2,N,N,25,NULL,98,9801,NULL,,Y,37.50402,-82.53511,N,NULL,NULL,NULL,NULL,NULL,NULL,NULL,NULL,5,3,4,3,1,1,2,2,1,3,N,NULL,Y,N,1526,1536,1555,N,NULL,49,,,N,,N,N,,NULL,NULL,2021,O,7.27E+11,098-CS-1191  -000,LOW,098-CS-1191  -000,0.192,0,0,0,0,0,0,1,0,0,0,0,0,0,1
5309,72502676,980100,2.02E+11,20200519,756,,KY1426,,,KY1426,KY1426,0,098 KY-1426,KY1426,N,N,NULL,NULL,NULL,N,NULL,NULL,NULL,NULL,NULL,NULL,7.529,NULL,NULL,NULL,NULL,,NULL,0,0,1,1,N,N,45,NULL,98,9801,NULL,,Y,37.49048,-82.49986,N,NULL,NULL,NULL,NULL,NULL,NULL,NULL,NULL,9,4,2,4,1,5,6,2,7,3,N,NULL,N,N,756,800,841,Y,NULL,40,,0,N,,N,N,098-KY-1426-0,NULL,NULL,2020,O,7.25E+11,098-KY-1426  -000,HIGH,098-KY-1426  -000,7.529,0,0,0,0,0,0,0,0,0,0,0,1,0,1
5310,72471771,KSP0900,20-4462,20200203,1448,,KY1499,,,KY1499,KY1499,0,098 KY-1499,KY1499,N,N,NULL,NULL,NULL,N,NULL,NULL,NULL,NULL,NULL,NULL,0.123,NULL,NULL,NULL,NULL,,NULL,2,0,2,2,N,N,55,NULL,98,9847,NULL,,Y,37.38434,-82.25536,N,NULL,NULL,NULL,NULL,NULL,NULL,NULL,NULL,5,3,2,6,1,1,2,2,7,3,Y,NULL,N,Y,1448,1506,1722,N,NULL,49,7,0,N,,N,N,098-KY-1499-0,NULL,NULL,2020,A,7.25E+11,098-KY-1499  -000,HIGH,098-KY-1499  -000,0.123,1,0,0,0,0,0,1,0,0,0,0,0,0,0
5311,72794731,KSP0900,22-311823,20220812,2148,,KY1426,,,KY1426,KY1426,0,098 KY-1426,KY1426,Y,N,NULL,NULL,NULL,N,NULL,NULL,NULL,NULL,NULL,NULL,11.899,NULL,NULL,NULL,NULL,,NULL,0,0,2,2,Y,N,,NULL,98,9828,NULL,,Y,37.53526,-82.46598,N,NULL,NULL,NULL,NULL,NULL,NULL,NULL,NULL,2,97,0,6,1,1,2,6,1,3,N,NULL,Y,N,2148,2201,2201,N,NULL,90,7,0,Y,,N,N,098-KY-1426-0,NULL,NULL,2022,O,7.28E+11,098-KY-1426  -000,HIGH,098-KY-1426  -000,11.899,0,0,0,0,0,0,0,0,0,0,0,0,0,0
5312,72551976,KSP0900,2020-00727198,20201004,1820,,BOWENS,,RD,,,0,098 CR-1202Q3,CR1202Q3,N,N,NULL,NULL,NULL,N,NULL,NULL,NULL,NULL,NULL,NULL,0.083,NULL,NULL,NULL,NULL,,NULL,0,0,2,2,N,Y,10,NULL,98,9835,NULL,,Y,37.27758,-82.48056,N,NULL,NULL,NULL,NULL,NULL,NULL,NULL,NULL,8,3,1,6,1,1,2,2,7,3,N,NULL,Y,N,1820,1900,1930,N,NULL,53,,,N,,N,N,098-CR-1202Q3-0,NULL,NULL,2020,O,7.26E+11,098-CR-1202Q3-000,HIGH,098-CR-1202Q3-000,0.083,0,0,0,0,0,0,0,0,0,1,0,1,0,0
5313,72740132,KSP0900,22-91491,20220313,804,,US460,,,US0460,US0460,0,098 US-460,US0460,N,N,NULL,NULL,NULL,N,NULL,NULL,NULL,NULL,NULL,NULL,2.986,NULL,NULL,NULL,NULL,,NULL,0,0,2,2,Y,N,45,NULL,98,9824,NULL,,Y,37.42877,-82.47631,N,NULL,NULL,NULL,NULL,NULL,NULL,NULL,NULL,7,97,2,6,1,4,9,7,6,,N,NULL,Y,N,830,849,849,N,NULL,47,,1,N,,N,N,098-US-0460-0,NULL,NULL,2022,O,7.27E+11,098-US-0460  -000,HIGH,098-US-0460  -000,2.986,0,0,0,0,0,0,0,0,0,0,0,0,0,0
5314,72534029,KSP0900,20-654369,20200817,1717,,KY194,,,KY0194,KY0194,,,,N,N,NULL,NULL,NULL,N,NULL,NULL,NULL,NULL,NULL,NULL,24.494,NULL,NULL,NULL,NULL,,NULL,0,0,2,2,N,N,55,NULL,98,9817,NULL,,Y,37.52237,-82.36717,N,NULL,NULL,NULL,NULL,NULL,NULL,NULL,NULL,7,3,2,3,1,1,2,2,7,3,N,NULL,Y,N,1717,1745,1845,N,NULL,54,6,0,N,,N,N,,NULL,NULL,2020,O,7.25E+11,098-KY-0194  -000,HIGH,098-KY-0194  -000,24.494,0,0,0,0,0,0,0,0,0,0,0,1,0,0
5315,72607839,980100,2.02E+11,20210308,1539,,THOMPSON,,RD,,,,,,Y,N,NULL,NULL,NULL,N,NULL,NULL,NULL,NULL,NULL,NULL,0.464,NULL,NULL,NULL,NULL,,NULL,0,0,2,2,Y,N,15,NULL,98,9801,NULL,,Y,37.5062,-82.5443,N,NULL,NULL,NULL,NULL,NULL,NULL,NULL,NULL,8,97,1,6,1,1,2,2,1,3,N,NULL,Y,N,1539,1553,1553,N,NULL,90,,,N,,N,N,,NULL,NULL,2021,O,7.26E+11,098-CS-1215  -000,LOW,098-CS-1215  -000,0.464,0,0,0,0,0,0,1,0,0,0,0,0,0,1
5316,72798043,980100,2.02E+11,20220811,1206,,US23,,,US0023,US0023,0,098 US-23,US0023,N,N,NULL,NULL,NULL,N,NULL,NULL,NULL,NULL,NULL,NULL,25.439,NULL,NULL,NULL,NULL,,NULL,0,0,2,2,N,N,55,NULL,98,9801,NULL,,Y,37.49249,-82.53436,N,NULL,NULL,NULL,NULL,NULL,NULL,NULL,NULL,5,3,4,6,1,1,2,2,7,3,N,NULL,Y,N,1206,1213,1234,N,NULL,70,,1,N,,N,N,098-US-0023-0,NULL,NULL,2022,O,7.28E+11,098-US-0023  -000,HIGH,098-US-0023  -000,25.439,0,0,0,1,0,0,1,0,0,0,0,0,0,1
5317,72586064,KSP0900,21-23967,20210118,2100,,TOLER,,RD,KY0319,KY0319,0,098 KY-319,KY0319,Y,N,NULL,NULL,NULL,N,NULL,NULL,NULL,NULL,NULL,NULL,0.011,NULL,NULL,NULL,NULL,,NULL,0,0,1,1,N,N,15,NULL,98,9836,NULL,,Y,37.57957,-82.1794,N,NULL,NULL,NULL,NULL,NULL,NULL,NULL,NULL,9,97,2,6,1,1,2,6,7,3,N,NULL,N,N,2100,2100,2100,N,NULL,,,,N,,N,N,098-KY-0319-0,NULL,NULL,2021,O,7.26E+11,098-KY-0319  -000,HIGH,098-KY-0319  -000,0.011,0,0,0,0,0,0,1,0,0,0,0,1,0,0
5318,72571783,980100,2.02E+11,20201204,1821,,ZIEGLER,,DR,,,0,098 CR-1408,CR1408,N,Y,US23,,,N,NULL,NULL,NULL,NULL,NULL,NULL,0.001,NULL,NULL,NULL,NULL,,NULL,0,0,2,2,N,N,55,NULL,98,9801,NULL,,Y,37.5374,-82.60503,N,NULL,NULL,NULL,NULL,NULL,NULL,NULL,NULL,1,3,4,6,1,5,6,6,6,3,N,NULL,Y,N,1821,1852,,N,NULL,8,,,N,,N,N,098-CR-1408-0,NULL,NULL,2020,O,7.26E+11,098-CR-1408  -000,HIGH,098-CR-1408  -000,0.001,0,0,0,0,0,0,1,0,0,0,1,0,0,1
5319,72671263,980100,2.02E+11,20210914,1218,,HAMBLEY,,BLVD,,,0,098 CS-1222,CS1222,Y,N,NULL,NULL,NULL,N,NULL,NULL,NULL,NULL,NULL,NULL,0.417,NULL,NULL,NULL,NULL,,NULL,0,0,2,2,N,N,,NULL,98,9801,NULL,,Y,37.47746,-82.52129,N,NULL,NULL,NULL,NULL,NULL,NULL,NULL,NULL,1,97,1,6,2,1,2,2,1,3,N,NULL,Y,N,1218,1221,1221,N,NULL,90,,,N,,N,N,098-CS-1222-0,NULL,NULL,2021,O,7.27E+11,098-CS-1222  -000,HIGH,098-CS-1222  -000,0.417,0,0,0,0,0,0,0,0,0,0,0,0,0,1
5320,72779401,KSP0900,22-251926,20220703,1512,,FOREST HILLS,,RD,KY0308,KY0308,0,098 KY-308,KY0308,N,N,NULL,NULL,NULL,N,NULL,NULL,NULL,NULL,NULL,NULL,2.687,NULL,NULL,NULL,NULL,,NULL,0,0,1,1,N,N,35,NULL,98,9836,NULL,,Y,37.64825,-82.26772,N,NULL,NULL,NULL,NULL,NULL,NULL,NULL,NULL,9,4,2,1,1,1,2,2,7,3,N,NULL,Y,N,1512,1516,1516,N,NULL,44,8,0,N,,N,N,098-KY-0308-0,NULL,NULL,2022,O,7.28E+11,098-KY-0308  -000,HIGH,098-KY-0308  -000,2.687,0,0,0,0,0,0,1,0,0,0,0,1,0,0
5321,72777546,KSP0900,22-244102,20220628,1026,,KY1056,,,KY1056,KY1056,0,098 KY-1056,KY1056,N,N,NULL,NULL,NULL,N,NULL,NULL,NULL,NULL,NULL,NULL,5.532,NULL,NULL,NULL,NULL,,NULL,0,0,1,1,N,N,45,NULL,98,9879,NULL,,Y,37.56052,-82.19228,N,NULL,NULL,NULL,NULL,NULL,NULL,NULL,NULL,9,3,2,6,1,1,2,2,7,3,N,NULL,Y,N,1028,1033,1100,N,NULL,44,7,0,Y,,N,N,098-KY-1056-0,NULL,NULL,2022,O,7.28E+11,098-KY-1056  -000,HIGH,098-KY-1056  -000,5.532,0,0,0,0,0,0,1,0,1,1,0,1,0,0
5322,72539679,KSP0900,20-18131,20200515,1122,,WILLIAMSON,,RD,KY0292,KY0292,0,098 KY-292,KY0292,N,N,NULL,NULL,NULL,N,NULL,NULL,NULL,NULL,NULL,NULL,6.081,NULL,NULL,NULL,NULL,,NULL,2,0,2,2,N,N,55,NULL,98,9834,NULL,,Y,37.66897,-82.29408,N,NULL,NULL,NULL,NULL,NULL,NULL,NULL,NULL,3,3,2,3,1,1,3,2,7,3,Y,NULL,Y,Y,1123,1156,1230,N,NULL,52,7,0,Y,,N,N,098-KY-0292-0,NULL,NULL,2020,B,7.25E+11,098-KY-0292  -000,HIGH,098-KY-0292  -000,6.081,0,0,0,1,0,0,1,0,0,0,0,1,0,0
5323,72618516,980000,2104005,20210428,1325,,28402 HWY 119 N,,,,,,,,N,N,NULL,NULL,NULL,N,NULL,NULL,NULL,NULL,NULL,NULL,,NULL,NULL,NULL,NULL,NULL,NULL,0,0,2,2,Y,N,15,NULL,98,9812,4,N,N,37.65784,-82.27008,N,NULL,NULL,NULL,NULL,NULL,NULL,NULL,NULL,8,7,2,6,1,1,2,2,1,3,N,NULL,N,Y,1310,1325,1355,N,NULL,47,,,N,,N,N,,NULL,NULL,2021,O,7.26E+11,098-US-0119  -000,MEDIUM,098-US-0119  -000,24.129,0,0,0,1,0,0,0,0,0,1,0,0,0,0
5324,72741840,980100,2.02E+11,20220317,1424,,US23,,,US0023,US0023,0,098 US-23-10,US0023,N,N,NULL,NULL,NULL,N,NULL,NULL,NULL,NULL,NULL,NULL,20.762,NULL,NULL,NULL,NULL,,NULL,0,0,2,2,N,N,55,NULL,98,9801,NULL,,Y,37.44283,-82.52219,N,NULL,NULL,NULL,NULL,NULL,NULL,NULL,NULL,3,3,4,3,1,1,2,2,1,3,N,NULL,N,N,1424,1426,1426,N,NULL,52,,1,N,,N,N,098-US-0023-10,NULL,NULL,2022,O,7.27E+11,098-US-0023  -010,HIGH,098-US-0023  -000,20.762,0,0,0,1,0,0,0,0,0,0,0,1,0,1
5325,72597368,KSP0900,21-66875,20210219,1633,,BARRENSHEE,,CRK,,,0,098 CR-1847,CR1847,N,N,NULL,NULL,NULL,N,NULL,NULL,NULL,NULL,NULL,NULL,0.451,NULL,NULL,NULL,NULL,,NULL,1,0,1,1,N,N,25,NULL,98,9811,NULL,,Y,37.54801,-82.1368,N,NULL,NULL,NULL,NULL,NULL,NULL,NULL,NULL,9,4,1,6,1,5,2,2,7,3,N,NULL,Y,Y,1633,1649,1755,N,NULL,44,,,N,,N,N,098-CR-1847-0,NULL,NULL,2021,C,7.26E+11,098-CR-1847  -000,HIGH,098-CR-1847  -000,0.451,0,0,0,0,0,0,1,0,0,1,0,1,0,0
5326,72529080,980000,20-08-001,20200803,1600,,US460,,,US0460,US0460,0,098 US-460,US0460,N,N,NULL,NULL,NULL,N,NULL,NULL,NULL,NULL,NULL,NULL,0.214,NULL,NULL,NULL,NULL,,NULL,0,0,2,2,N,N,55,NULL,98,9801,NULL,,Y,37.43943,-82.50932,N,NULL,NULL,NULL,NULL,NULL,NULL,NULL,NULL,8,3,2,6,1,1,2,2,7,3,N,NULL,Y,Y,1630,1630,1700,N,NULL,53,,1,N,,N,N,098-US-0460-0,NULL,NULL,2020,O,7.25E+11,098-US-0460  -000,HIGH,098-US-0460  -000,0.214,0,0,0,1,0,0,1,0,0,0,0,1,0,1
5327,72609228,KSP0900,21-118986,20210325,2100,,KY1499,,,KY1499,KY1499,0,098 KY-1499,KY1499,N,N,NULL,NULL,NULL,N,NULL,NULL,NULL,NULL,NULL,NULL,1.557,NULL,NULL,NULL,NULL,,NULL,0,0,1,1,N,N,55,NULL,98,9839,NULL,,Y,37.39959,-82.2516,N,NULL,NULL,NULL,NULL,NULL,NULL,NULL,NULL,9,3,2,3,1,1,2,6,7,3,N,NULL,N,N,2100,2142,,N,NULL,38,7,0,N,,N,N,098-KY-1499-0,NULL,NULL,2021,O,7.26E+11,098-KY-1499  -000,HIGH,098-KY-1499  -000,1.557,0,0,0,0,0,0,0,0,0,0,0,0,0,0
5328,72676968,980100,2.02E+11,20210929,1938,,KY1426,,,KY1426,KY1426,0,098 KY-1426,KY1426,N,N,NULL,NULL,NULL,N,NULL,NULL,NULL,NULL,NULL,NULL,9.554,NULL,NULL,NULL,NULL,,NULL,0,0,2,2,N,N,45,NULL,98,9801,NULL,,Y,37.51276,-82.48763,N,NULL,NULL,NULL,NULL,NULL,NULL,NULL,NULL,5,3,2,4,1,1,2,6,1,3,N,NULL,Y,N,1940,1946,2010,N,NULL,49,,0,Y,,N,N,098-KY-1426-0,NULL,NULL,2021,O,7.27E+11,098-KY-1426  -000,HIGH,098-KY-1426  -000,9.554,0,0,0,1,0,0,0,1,0,0,0,0,0,1
5329,72509861,KSP0900,20-21604,20200607,1957,,KY292,,,KY0292,KY0292,0,098 KY-292,KY0292,N,N,NULL,NULL,NULL,N,NULL,NULL,NULL,NULL,NULL,NULL,1,NULL,NULL,NULL,NULL,,NULL,2,0,2,2,Y,N,55,NULL,98,9869,NULL,,Y,37.63981,-82.2179,N,NULL,NULL,NULL,NULL,NULL,NULL,NULL,NULL,5,3,,3,1,1,2,2,7,3,N,NULL,Y,Y,1959,2009,2037,N,NULL,49,8,0,N,,N,N,098-KY-0292-0,NULL,NULL,2020,A,7.25E+11,098-KY-0292  -000,HIGH,098-KY-0292  -000,1,1,0,0,0,0,0,0,0,1,0,0,1,0,0
5330,72791285,KSP0900,22-297772,20220803,117,,TOLER,,RD,KY0319,KY0319,0,098 KY-319,KY0319,N,N,NULL,NULL,NULL,N,NULL,NULL,NULL,NULL,NULL,NULL,6.536,NULL,NULL,NULL,NULL,,NULL,0,0,1,1,N,N,35,NULL,98,9842,NULL,,Y,37.63788,-82.25246,N,NULL,NULL,NULL,NULL,NULL,NULL,NULL,NULL,9,3,2,3,1,1,2,6,7,3,N,NULL,N,N,114,117,200,Y,NULL,40,7,0,N,,N,N,098-KY-0319-0,NULL,NULL,2022,O,7.28E+11,098-KY-0319  -000,HIGH,098-KY-0319  -000,6.536,0,0,0,0,0,0,0,0,0,0,0,1,0,0
5331,72711788,980100,2.02E+11,20211129,1510,,HAMBLEY,,BLVD,,,,,,N,N,NULL,NULL,NULL,N,NULL,NULL,NULL,NULL,NULL,NULL,,NULL,NULL,NULL,NULL,NULL,NULL,0,0,2,2,N,N,25,NULL,98,9801,NULL,,Y,37.47873,-82.52012,N,NULL,NULL,NULL,NULL,NULL,NULL,NULL,NULL,5,3,2,6,1,1,2,2,1,3,N,NULL,Y,N,1510,1511,1528,N,NULL,70,,,N,,N,N,,NULL,NULL,2021,O,7.27E+11,098-CS-1222  -000,MEDIUM,098-CS-1222  -000,0.526,0,0,1,0,0,0,1,0,0,0,0,0,0,1
5332,72496919,KSP0900,20-14745,20200421,1550,,US119,,,US0119,US0119,0,098 US-119-10,US0119,N,N,NULL,NULL,NULL,N,NULL,NULL,NULL,NULL,NULL,NULL,10.26,NULL,NULL,NULL,NULL,,NULL,0,0,2,2,N,N,55,NULL,98,9833,1,S,N,37.58514,-82.40227,N,NULL,NULL,NULL,NULL,NULL,NULL,NULL,NULL,8,3,2,1,1,1,2,2,6,3,N,NULL,Y,N,1607,1618,,N,NULL,53,2,1,N,,N,N,098-US-0119-10,NULL,NULL,2020,O,7.25E+11,098-US-0119  -010,HIGH,098-US-0119  -000,10.26,0,1,0,0,0,0,0,0,0,0,0,1,0,0
5333,72481208,KSP0900,20-6549,20200219,600,,KY194,,,KY0194,KY0194,0,098 KY-194,KY0194,N,N,NULL,NULL,NULL,N,NULL,NULL,NULL,NULL,NULL,NULL,32.63,NULL,NULL,NULL,NULL,,NULL,2,0,3,3,N,N,35,NULL,98,9849,NULL,,Y,37.43793,-82.34234,N,NULL,NULL,NULL,NULL,NULL,NULL,NULL,NULL,5,3,2,6,1,5,3,6,7,3,Y,NULL,Y,Y,611,642,800,N,NULL,49,7,0,N,,N,N,098-KY-0194-0,NULL,NULL,2020,B,7.25E+11,098-KY-0194  -000,HIGH,098-KY-0194  -000,32.63,0,0,0,0,0,0,1,0,0,0,0,0,0,0
5334,72620282,980100,2.02E+11,20210412,1349,,KY3496,,,KY3496,KY3496,0,098 KY-3496,KY3496,N,N,NULL,NULL,NULL,N,NULL,NULL,NULL,NULL,NULL,NULL,0.201,NULL,NULL,NULL,NULL,,NULL,0,0,2,2,N,N,35,NULL,98,9801,NULL,,Y,37.46654,-82.53121,N,NULL,NULL,NULL,NULL,NULL,NULL,NULL,NULL,7,3,2,6,1,1,2,2,1,3,N,NULL,Y,N,1349,1353,,N,NULL,54,16,0,N,,N,N,098-KY-3496-0,NULL,NULL,2021,O,7.26E+11,098-KY-3496  -000,HIGH,098-KY-3496  -000,0.201,0,0,0,0,0,0,0,0,0,0,0,1,0,1
5335,72666500,370200,2021354514,20210825,1514,,US119 CROSSOVER,,,US0119,US0119,0,098 US-119-33,US0119,N,N,NULL,NULL,NULL,N,NULL,NULL,NULL,NULL,NULL,NULL,0.008,NULL,NULL,NULL,NULL,,NULL,0,0,2,2,N,N,20,NULL,98,9801,NULL,,Y,37.51249,-82.49979,N,NULL,NULL,NULL,NULL,NULL,NULL,NULL,NULL,2,97,2,5,1,1,3,2,8,3,N,NULL,N,N,1514,1516,1516,N,NULL,56,2,1,N,,N,N,098-US-0119-33,NULL,NULL,2021,O,7.27E+11,098-US-0119  -033,HIGH,098-US-0119  -033,0.008,0,0,0,0,0,0,0,0,0,0,0,0,0,1
5336,72783104,980100,2.02E+11,20220701,1114,,CASSIDY,,BLVD,,,0,098 CS-1191,CS1191,Y,N,NULL,NULL,NULL,N,NULL,NULL,NULL,NULL,NULL,NULL,0.315,NULL,NULL,NULL,NULL,,NULL,0,0,2,2,N,N,15,NULL,98,9801,NULL,,Y,37.5052,-82.53713,N,NULL,NULL,NULL,NULL,NULL,NULL,NULL,NULL,5,97,2,6,1,1,2,2,1,3,N,NULL,Y,N,1114,1120,1120,N,NULL,90,,,N,,N,N,098-CS-1191-0,NULL,NULL,2022,O,7.28E+11,098-CS-1191  -000,HIGH,098-CS-1191  -000,0.315,0,0,0,1,0,0,1,0,0,0,0,0,0,1
5337,72700450,980100,2.02E+11,20211122,1246,,CASSIDY,,BLVD,,,0,098 CS-1191,CS1191,Y,N,NULL,NULL,NULL,N,NULL,NULL,NULL,NULL,NULL,NULL,0.309,NULL,NULL,NULL,NULL,,NULL,0,0,2,2,Y,N,15,NULL,98,9801,NULL,,Y,37.50518,-82.53701,N,NULL,NULL,NULL,NULL,NULL,NULL,NULL,NULL,3,97,1,6,1,1,2,2,1,3,N,NULL,Y,N,1246,1253,1253,N,NULL,90,,,N,,N,N,098-CS-1191-0,NULL,NULL,2021,O,7.27E+11,098-CS-1191  -000,HIGH,098-CS-1191  -000,0.309,0,0,0,0,0,0,0,0,0,0,0,0,0,1
5338,72667030,KSP0900,21-364190,20210901,1705,,KY194,,,KY0194,KY0194,0,098 KY-194,KY0194,N,N,NULL,NULL,NULL,N,NULL,NULL,NULL,NULL,NULL,NULL,19.282,NULL,NULL,NULL,NULL,,NULL,1,0,1,1,N,N,55,NULL,98,9817,NULL,,Y,37.55262,-82.41402,N,NULL,NULL,NULL,NULL,NULL,NULL,NULL,NULL,9,5,2,3,1,5,6,2,7,3,Y,NULL,Y,Y,1705,1705,1900,N,NULL,51,6,0,N,,N,N,098-KY-0194-0,NULL,NULL,2021,B,7.27E+11,098-KY-0194  -000,HIGH,098-KY-0194  -000,19.282,0,0,0,0,0,0,0,1,0,0,0,1,0,0
5339,72652247,980100,2.02E+11,20210727,1353,,BYPASS,,RD,,,0,098 CS-1116,CS1116,Y,N,NULL,NULL,NULL,N,NULL,NULL,NULL,NULL,NULL,NULL,,NULL,NULL,NULL,NULL,NULL,NULL,0,0,2,2,N,N,,NULL,98,9801,NULL,,Y,37.4823,-82.51588,N,NULL,NULL,NULL,NULL,NULL,NULL,NULL,NULL,2,97,1,6,1,1,2,2,1,3,N,NULL,Y,N,1354,1358,1358,N,NULL,90,,,N,,N,N,098-CS-1116-0,NULL,NULL,2021,O,7.27E+11,098-CS-1116  -000,HIGH,098-CS-1116  -000,0.03,0,0,0,0,0,0,1,0,0,0,0,0,0,1
5340,72719579,980500,2022AR002,20220111,1420,,MAYO TRAIL,N,,,,,,,N,N,NULL,NULL,NULL,N,NULL,NULL,NULL,NULL,NULL,NULL,,NULL,NULL,NULL,NULL,NULL,NULL,1,0,2,2,N,N,45,NULL,98,9807,NULL,,Y,37.52007,-82.56741,N,NULL,NULL,NULL,NULL,NULL,NULL,NULL,NULL,6,3,7,6,1,1,2,2,7,3,N,NULL,Y,Y,1422,1427,1422,N,NULL,70,,,N,,N,N,,NULL,NULL,2022,C,7.27E+11,098-US-0023  -000,MEDIUM,098-US-0023  -000,28.62,0,0,0,0,0,0,0,0,0,0,0,0,0,0
5341,72508890,980100,2.02E+11,20200608,905,,NORTHGATE,,DR,,,,,,N,N,NULL,NULL,NULL,N,NULL,NULL,NULL,NULL,NULL,NULL,0.019,NULL,NULL,NULL,NULL,,NULL,0,0,2,2,N,N,15,NULL,98,9801,NULL,,Y,37.48642,-82.50928,N,NULL,NULL,NULL,NULL,NULL,NULL,NULL,NULL,1,3,2,5,1,1,2,2,6,3,N,NULL,Y,N,905,908,908,N,NULL,55,,,N,,N,N,,NULL,NULL,2020,O,7.25E+11,098-CS-1021  -000,MEDIUM,098-CS-1021  -000,0.019,0,0,1,1,0,0,1,0,0,0,0,0,0,1
5342,72493770,980100,2.02E+11,20200407,2144,,NORTHGATE,,DR,,,0,098 CS-1021,CS1021,N,N,NULL,NULL,NULL,N,NULL,NULL,NULL,NULL,NULL,NULL,0.04,NULL,NULL,NULL,NULL,,NULL,0,0,1,1,N,N,15,NULL,98,9801,NULL,,Y,37.48668,-82.50948,N,NULL,NULL,NULL,NULL,NULL,NULL,NULL,NULL,9,5,1,4,1,1,2,5,6,3,N,NULL,Y,N,2144,2146,2146,Y,NULL,40,,,Y,,N,N,098-CS-1021-0,NULL,NULL,2020,O,7.25E+11,098-CS-1021  -000,HIGH,098-CS-1021  -000,0.04,0,0,0,0,0,0,1,0,1,1,0,1,0,1