OBJECTID,MasterFile,AgencyORINumber,LocalCode,CollisionDate,CollisionTime,CollisionDayWeekCode,RoadwayName,RoadwayName_Direction_,RoadwayName_RoadwaySuffix_,RoadwayfromReport,CurrentRoadwayNumber,RoadwayNumberCoupletID,RSEUniqueGIS,RoadwayIdentifier,ParkingLotIndicator,IntersectionWith_Indicator_,IntersectionWith_NameRoadway_,IntersectionWith_Direction_,IntersectionWith_RoadwaySuffix_,BetweenStreets_Indicator_,BetweenStreets1_NameRoadway_,BetweenStreet1_Direction_,BetweenStreets1_RoadwaySuffix_,BetweenStreets2_NameRoadway_,BetweenStreets2_Direction_,BetweenStreets2_RoadwaySuffix_,Milepoint,ReportMilepointDeriveNumber,CurrentDerivedMiepointNumber,MilestoMilepoint,FeettoMilepoint,DirectionfromMilepoint_NSEW_,ValidMilepointIndicator,NumberInjured,NumberKilled,ofUnits,ofMotorVehicleUnits,Hit&RunIndicator,OneWayIndicator,SpeedLimitNumber,KilometersIndicator,CountyCode,CityCountyCode,MilesFromCity,DirectionFromCity_NSEW_,InCityLimitsIndicator,Latitude,Longitude,RampIndicator,RampFromIdentifier,RampFromDirCode,RampFromCoupletID,RSEUniqueGISRampFrom,RampToidentifier,RampToDirCode,RampToCoupletID,RSEUniqueGisRampTo,MannerofCollisionCode,LocationFirstEventCode,TotalLanes,RoadwayCharacterCode,RoadwaySurfaceCode,RoadwayConditionCode,WeatherCode,LightConditionCode,LandUseCode,SchoolBusRelatedCode,FirstAidSceneIndicator,CollDescPresentInd,InvestigationCompleteIndicator,PhotosTakenIndicator,TimeNotified,TimeArrived,TimeRoadwayOpened,PropertyDamageIndicator,DiagramPresentIndicator,DirectionalAnalysis,FunctionClassCode,NationalHwySysCode,EnforcementsIndicator,KARSCityCode,SecondaryCollisionIndicator,MedianCrossoverIndicator,RT_UNIQUE,MapIt,TimeLastLeft,YR,KABCO,MFNY,WorkingRID,RT_CONFIDENCE,KTC_RT,KTC_MP,Motorcyclist,Commercial Vehicle,Young Driver,Mature Driver,Pedestrian,Bicyclist,Distracted,Aggressive,Impaired,Unrestrained,Intersection,Roadway Departure,Median Cross-over,City Crash
5343,72796849,980100,2.02E+11,20220809,928,,KY1426,,,KY1426,KY1426,0,098 KY-1426,KY1426,N,N,NULL,NULL,NULL,N,NULL,NULL,NULL,NULL,NULL,NULL,7.07,NULL,NULL,NULL,NULL,,NULL,0,0,2,2,N,N,55,NULL,98,9801,NULL,,Y,37.48777,-82.50712,N,NULL,NULL,NULL,NULL,NULL,NULL,NULL,NULL,5,3,2,6,1,1,2,2,1,3,N,NULL,Y,N,928,930,,N,NULL,49,,0,N,,N,N,098-KY-1426-0,NULL,NULL,2022,O,7.28E+11,098-KY-1426  -000,HIGH,098-KY-1426  -000,7.07,0,0,0,0,0,0,1,0,0,0,0,0,0,1
5344,72543226,980500,2020AR052,20200917,1600,,MAYO TRAIL,N,TRL,US0023,US0023,0,098 US-23,US0023,N,N,NULL,NULL,NULL,N,NULL,NULL,NULL,NULL,NULL,NULL,,NULL,NULL,NULL,NULL,NULL,NULL,0,0,2,2,N,N,55,NULL,98,9807,NULL,,Y,37.51154,-82.55064,N,NULL,NULL,NULL,NULL,NULL,NULL,NULL,NULL,5,3,6,6,1,5,3,2,7,3,N,NULL,Y,N,1600,1603,1603,N,NULL,70,,1,N,,N,N,098-US-0023-0,NULL,NULL,2020,O,7.25E+11,098-US-0023  -000,HIGH,098-US-0023  -000,27.49,0,0,0,0,0,0,1,0,0,0,0,0,0,1
5345,72735081,980100,2.02E+11,20220223,1407,,CASSIDY,,BLVD,,,0,098 CS-1191,CS1191,Y,N,NULL,NULL,NULL,N,NULL,NULL,NULL,NULL,NULL,NULL,0.316,NULL,NULL,NULL,NULL,,NULL,0,0,2,2,N,N,15,NULL,98,9801,NULL,,Y,37.5052,-82.53716,N,NULL,NULL,NULL,NULL,NULL,NULL,NULL,NULL,2,97,1,6,1,5,6,2,1,3,N,NULL,Y,N,1407,1419,1419,N,NULL,90,,,N,,N,N,098-CS-1191-0,NULL,NULL,2022,O,7.27E+11,098-CS-1191  -000,HIGH,098-CS-1191  -000,0.316,0,0,0,0,0,0,1,0,0,0,0,0,0,1
5346,72551018,980100,2.02E+12,20201009,1403,,US23,,,US0023,US0023,0,098 US-23,US0023,N,N,NULL,NULL,NULL,N,NULL,NULL,NULL,NULL,NULL,NULL,32.023,NULL,NULL,NULL,NULL,,NULL,3,0,2,2,N,N,55,NULL,98,9801,NULL,,Y,37.53752,-82.60925,N,NULL,NULL,NULL,NULL,NULL,NULL,NULL,NULL,4,3,4,6,1,1,2,2,7,3,Y,NULL,Y,Y,1403,1414,1500,N,NULL,70,,1,N,,N,N,098-US-0023-0,NULL,NULL,2020,C,7.26E+11,098-US-0023  -000,HIGH,098-US-0023  -000,32.023,0,0,0,1,0,0,1,1,0,0,0,0,0,1
5347,72482763,KSP0900,20-7793,20200228,1904,,KY194,,,KY0194,KY0194,0,098 KY-194,KY0194,N,N,NULL,NULL,NULL,N,NULL,NULL,NULL,NULL,NULL,NULL,71.791,NULL,NULL,NULL,NULL,,NULL,0,0,2,2,N,N,35,NULL,98,9801,NULL,,Y,37.48118,-82.05929,N,NULL,NULL,NULL,NULL,NULL,NULL,NULL,NULL,8,3,2,6,1,1,2,6,7,3,N,NULL,N,N,1800,1830,1830,N,NULL,53,7,0,N,,N,N,098-KY-0194-0,NULL,NULL,2020,O,7.25E+11,098-KY-0194  -000,HIGH,098-KY-0194  -000,71.791,0,0,0,0,0,0,1,0,0,0,0,1,0,0
5348,72554836,980100,2.02E+11,20201020,627,,US119,,,US0119,US0119,,,,N,N,NULL,NULL,NULL,N,NULL,NULL,NULL,NULL,NULL,NULL,2.689,NULL,NULL,NULL,NULL,,NULL,0,0,2,2,N,N,55,NULL,98,9801,NULL,,Y,37.51406,-82.48727,N,NULL,NULL,NULL,NULL,NULL,NULL,NULL,NULL,5,3,4,6,1,1,2,5,1,3,N,NULL,Y,N,627,638,705,N,NULL,49,2,1,N,,N,N,,NULL,NULL,2020,O,7.26E+11,098-US-0119  -010,MEDIUM,098-US-0119  -000,2.689,0,0,0,1,0,0,1,0,0,0,0,0,0,1
5349,72756387,980100,2.02E+11,20220412,1532,,US23,,,US0023,US0023,0,098 US-23-10,US0023,N,N,NULL,NULL,NULL,N,NULL,NULL,NULL,NULL,NULL,NULL,26.317,NULL,NULL,NULL,NULL,,NULL,0,0,2,2,N,N,55,NULL,98,9801,NULL,,Y,37.50413,-82.53242,N,NULL,NULL,NULL,NULL,NULL,NULL,NULL,NULL,5,3,4,6,1,1,2,2,1,3,N,NULL,Y,N,1532,1536,,N,NULL,49,,1,N,,N,N,098-US-0023-10,NULL,NULL,2022,O,7.28E+11,098-US-0023  -010,HIGH,098-US-0023  -000,26.317,0,0,0,1,0,0,1,0,0,0,0,0,0,1
5350,72748482,980500,2022AR017,20220408,1330,,POWERS DRIVE,,,,,,,,N,N,NULL,NULL,NULL,N,NULL,NULL,NULL,NULL,NULL,NULL,,NULL,NULL,NULL,NULL,NULL,NULL,0,0,2,2,N,N,25,NULL,98,9807,NULL,,Y,37.51517,-82.5594,N,NULL,NULL,NULL,NULL,NULL,NULL,NULL,NULL,5,3,3,5,1,5,6,2,7,3,N,NULL,Y,N,1330,1330,1330,N,NULL,49,,,N,,N,N,,NULL,NULL,2022,O,7.27E+11,098-US-0023  -010,MEDIUM,098-US-0023  -000,28.054,0,0,0,1,0,0,0,1,0,0,0,0,0,0
5351,72842574,980100,2.02E+11,20221213,735,,HAMBLEY,,BLVD,,,0,098 CS-1222,CS1222,N,N,NULL,NULL,NULL,N,NULL,NULL,NULL,NULL,NULL,NULL,1.641,NULL,NULL,NULL,NULL,,NULL,0,0,2,2,N,N,35,NULL,98,9801,NULL,,Y,37.48212,-82.53244,N,NULL,NULL,NULL,NULL,NULL,NULL,NULL,NULL,1,3,2,6,1,1,10,2,7,3,N,NULL,Y,N,738,740,741,N,NULL,55,,,N,,N,N,098-CS-1222-0,NULL,NULL,2022,O,7.28E+11,098-CS-1222  -000,HIGH,098-CS-1222  -000,1.641,0,0,0,0,0,0,1,0,0,0,0,0,0,1
5352,72620128,980100,2.02E+11,20210501,700,,US23,,,US0023,US0023,0,098 US-23,US0023,N,N,NULL,NULL,NULL,N,NULL,NULL,NULL,NULL,NULL,NULL,20.679,NULL,NULL,NULL,NULL,,NULL,0,0,1,1,N,N,55,NULL,98,9801,NULL,,Y,37.44287,-82.52156,N,NULL,NULL,NULL,NULL,NULL,NULL,NULL,NULL,9,97,4,6,1,1,2,2,1,3,N,NULL,Y,N,700,706,733,N,NULL,44,,1,N,,N,Y,098-US-0023-0,NULL,NULL,2021,O,7.26E+11,098-US-0023  -000,HIGH,098-US-0023  -000,20.679,0,0,0,0,0,0,0,0,0,0,0,1,0,1
5353,72786784,KSP0900,22-281422,20220724,515,,KY292,E,,KY0292,KY0292,,,,N,N,NULL,NULL,NULL,N,NULL,NULL,NULL,NULL,NULL,NULL,3.182,NULL,NULL,NULL,NULL,,NULL,0,0,1,1,N,N,45,NULL,98,9869,NULL,,Y,37.66014,-82.24325,N,NULL,NULL,NULL,NULL,NULL,NULL,NULL,NULL,9,3,2,6,1,1,2,7,7,3,N,NULL,Y,N,520,529,631,N,NULL,40,8,0,N,,N,N,,NULL,NULL,2022,O,7.28E+11,098-KY-0292  -000,MEDIUM,098-KY-0292  -000,3.182,0,0,0,0,0,0,0,0,0,0,0,1,0,0
5354,72790228,980200,980200,20220803,1333,,BIG BRANCH,,RD,,,0,098 CR-1622,CR1622,N,N,NULL,NULL,NULL,N,NULL,NULL,NULL,NULL,NULL,NULL,0.781,NULL,NULL,NULL,NULL,,NULL,0,0,1,1,N,N,20,NULL,98,9802,0.7,S,N,37.29331,-82.37229,N,NULL,NULL,NULL,NULL,NULL,NULL,NULL,NULL,9,4,1,1,1,1,2,2,7,3,N,NULL,Y,Y,1333,1340,1533,N,NULL,51,,,N,,N,N,098-CR-1622-0,NULL,NULL,2022,O,7.28E+11,098-CR-1622  -000,HIGH,098-CR-1622  -000,0.781,0,0,0,1,0,0,0,0,0,0,0,1,0,0
5355,72713282,980100,2.02E+11,20211217,1003,,BYPASS,,RD,,,0,098 CS-1223,CS1223,Y,N,NULL,NULL,NULL,N,NULL,NULL,NULL,NULL,NULL,NULL,,NULL,NULL,NULL,NULL,NULL,NULL,0,0,2,2,N,N,,NULL,98,9801,NULL,,Y,37.47128,-82.52117,N,NULL,NULL,NULL,NULL,NULL,NULL,NULL,NULL,1,97,1,6,2,1,2,2,1,3,N,NULL,Y,N,1003,1008,1008,N,NULL,90,,,N,,N,N,098-CS-1223-0,NULL,NULL,2021,O,7.27E+11,098-CS-1223  -000,HIGH,098-CS-1223  -000,0.135,0,0,0,1,0,0,0,0,0,0,0,0,0,1
5356,72745285,KSP0900,22-113016,20220329,415,,COMPTON,,BTM,,,0,098 CR-1039,CR1039,N,N,NULL,NULL,NULL,N,NULL,NULL,NULL,NULL,NULL,NULL,0.01,NULL,NULL,NULL,NULL,,NULL,0,0,1,1,N,N,15,NULL,98,9834,NULL,,Y,37.65168,-82.26871,N,NULL,NULL,NULL,NULL,NULL,NULL,NULL,NULL,9,7,1,6,1,1,2,5,7,3,N,NULL,N,N,415,500,500,N,NULL,40,,,N,,N,N,098-CR-1039-0,NULL,NULL,2022,O,7.27E+11,098-CR-1039  -000,HIGH,098-CR-1039  -000,0.01,0,0,0,0,0,0,1,1,0,0,0,1,0,0
5357,72825226,KSP0900,22-425627,20221104,1622,,US119,,,US0119,US0119,0,098 US-119,US0119,Y,N,NULL,NULL,NULL,N,NULL,NULL,NULL,NULL,NULL,NULL,24.16,NULL,NULL,NULL,NULL,,NULL,0,0,2,2,N,N,5,NULL,98,9834,NULL,,Y,37.65792,-82.27103,N,NULL,NULL,NULL,NULL,NULL,NULL,NULL,NULL,2,97,4,6,1,1,2,2,7,3,N,NULL,N,N,1622,1650,1650,N,NULL,90,2,1,N,,N,N,098-US-0119-0,NULL,NULL,2022,O,7.28E+11,098-US-0119  -000,HIGH,098-US-0119  -000,24.16,0,0,0,1,0,0,0,0,0,0,0,0,0,0
5358,72542240,980500,2020AR050,20200914,1456,,MAYO TRAIL,,,,,,,,N,N,NULL,NULL,NULL,N,NULL,NULL,NULL,NULL,NULL,NULL,,NULL,NULL,NULL,NULL,NULL,NULL,0,0,2,2,N,N,15,NULL,98,9807,NULL,,Y,37.52642,-82.57407,N,NULL,NULL,NULL,NULL,NULL,NULL,NULL,NULL,5,97,3,5,1,1,2,2,7,3,N,NULL,Y,Y,1458,1459,1503,N,NULL,49,,,Y,,N,N,,NULL,NULL,2020,O,7.25E+11,098-US-0023  -010,MEDIUM,098-US-0023  -000,29.211,0,0,0,1,0,0,0,0,0,1,0,0,0,0
5359,72779381,KSP0900,22-249081,20220701,1851,,KY3154,,,KY3154,KY3154,0,098 KY-3154,KY3154,N,N,NULL,NULL,NULL,N,NULL,NULL,NULL,NULL,NULL,NULL,1.802,NULL,NULL,NULL,NULL,,NULL,0,0,2,2,N,N,35,NULL,98,9838,NULL,,Y,37.5967,-82.32797,N,NULL,NULL,NULL,NULL,NULL,NULL,NULL,NULL,7,3,2,3,1,1,2,2,7,1,N,NULL,N,N,1851,1919,1919,N,NULL,54,9,0,N,,N,N,098-KY-3154-0,NULL,NULL,2022,O,7.28E+11,098-KY-3154  -000,HIGH,098-KY-3154  -000,1.802,0,0,1,0,0,0,1,0,0,0,0,1,0,0
5360,72735765,KSP0900,22-70013,20220225,1800,,OWSLEY,,RD,KY1384,KY1384,0,098 KY-1384,KY1384,N,N,NULL,NULL,NULL,N,NULL,NULL,NULL,NULL,NULL,NULL,0.495,NULL,NULL,NULL,NULL,,NULL,0,0,2,2,N,N,35,NULL,98,9858,NULL,,Y,37.52695,-82.61572,N,NULL,NULL,NULL,NULL,NULL,NULL,NULL,NULL,5,3,2,6,1,5,2,6,7,3,N,NULL,Y,N,1800,1850,1905,N,NULL,40,,0,N,,N,N,098-KY-1384-0,NULL,NULL,2022,O,7.27E+11,098-KY-1384  -000,HIGH,098-KY-1384  -000,0.495,0,0,0,1,0,0,0,0,0,0,0,1,0,0
5361,72513119,KSP0900,20-554896,20200619,1841,,KY194,,,KY0194,KY0194,0,098 KY-194,KY0194,N,N,NULL,NULL,NULL,N,NULL,NULL,NULL,NULL,NULL,NULL,53.233,NULL,NULL,NULL,NULL,,NULL,0,0,2,2,N,N,35,NULL,98,9804,NULL,,Y,37.49699,-82.13689,N,NULL,NULL,NULL,NULL,NULL,NULL,NULL,NULL,5,3,2,6,1,5,6,2,7,3,N,NULL,Y,Y,1845,1922,2004,N,NULL,49,8,0,Y,,N,N,098-KY-0194-0,NULL,NULL,2020,O,7.25E+11,098-KY-0194  -000,HIGH,098-KY-0194  -000,53.233,0,0,0,0,0,0,0,0,0,0,0,0,0,0
5362,72683300,980100,2.02E+11,20211014,1459,,JUSTICE,,WAY,,,,,,Y,N,NULL,NULL,NULL,N,NULL,NULL,NULL,NULL,NULL,NULL,,NULL,NULL,NULL,NULL,,NULL,0,0,2,2,N,N,15,NULL,98,9801,NULL,,Y,37.50573,-82.54097,N,NULL,NULL,NULL,NULL,NULL,NULL,NULL,NULL,2,97,,6,1,1,2,2,1,3,N,NULL,Y,N,1459,1507,,N,NULL,90,,,N,,N,N,,NULL,NULL,2021,O,7.27E+11,098-CS-1215  -000,MEDIUM,098-CS-1215  -000,0.651,0,0,0,1,0,0,1,1,0,0,0,0,0,1
5363,72792327,980100,2.02E+11,20220802,1313,,ELM,N,ST,,,0,098 CS-1169,CS1169,N,N,NULL,NULL,NULL,N,NULL,NULL,NULL,NULL,NULL,NULL,0.079,NULL,NULL,NULL,NULL,,NULL,1,0,1,1,N,N,15,NULL,98,9801,NULL,,Y,37.478,-82.52245,N,NULL,NULL,NULL,NULL,NULL,NULL,NULL,NULL,9,5,2,1,1,1,2,2,1,3,Y,NULL,Y,Y,1313,1314,1359,Y,NULL,40,,,N,,N,N,098-CS-1169-0,NULL,NULL,2022,C,7.28E+11,098-CS-1169  -000,HIGH,098-CS-1169  -000,0.079,0,0,0,1,0,0,0,0,0,0,0,1,0,1
5364,72764626,980100,2.02E+11,20220517,1812,,US460,,,US0460,US0460,0,098 US-460,US0460,N,N,NULL,NULL,NULL,N,NULL,NULL,NULL,NULL,NULL,NULL,0.561,NULL,NULL,NULL,NULL,,NULL,0,0,1,1,N,N,55,NULL,98,9801,NULL,,Y,37.43533,-82.50905,N,NULL,NULL,NULL,NULL,NULL,NULL,NULL,NULL,9,3,2,6,1,1,2,2,7,3,N,NULL,Y,N,1812,1820,1820,N,NULL,38,,1,N,,N,N,098-US-0460-0,NULL,NULL,2022,O,7.28E+11,098-US-0460  -000,HIGH,098-US-0460  -000,0.561,0,0,0,0,0,0,0,0,0,0,0,0,0,0
5365,72568874,980100,2.02E+11,20201125,1717,,MAYO,N,TRL,US0023,US0023,0,098 US-23-10,US0023,N,N,NULL,NULL,NULL,N,NULL,NULL,NULL,NULL,NULL,NULL,29.656,NULL,NULL,NULL,NULL,,NULL,0,0,3,3,N,N,55,NULL,98,9801,NULL,,Y,37.53225,-82.57748,N,NULL,NULL,NULL,NULL,NULL,NULL,NULL,NULL,5,3,4,6,1,1,3,3,7,3,N,NULL,Y,N,1717,1730,1808,N,NULL,49,,1,Y,,N,N,098-US-0023-10,NULL,NULL,2020,O,7.26E+11,098-US-0023  -010,HIGH,098-US-0023  -000,29.656,0,0,0,0,0,0,1,0,0,1,0,0,0,1
5366,72634383,980000,21-06-001,20210603,1330,,US 119,,,,,,,,N,N,NULL,NULL,NULL,N,NULL,NULL,NULL,NULL,NULL,NULL,,NULL,NULL,NULL,NULL,NULL,NULL,0,0,2,2,N,N,15,NULL,98,9812,NULL,,Y,37.64091,-82.26054,N,NULL,NULL,NULL,NULL,NULL,NULL,NULL,NULL,6,7,2,6,1,1,3,2,1,3,N,NULL,N,Y,1335,1340,1400,N,NULL,47,,,N,,N,N,,NULL,NULL,2021,O,7.26E+11,098-US-0119  -010,MEDIUM,098-US-0119  -000,22.725,0,0,0,0,0,0,0,0,0,1,0,0,0,0
5367,72441090,980100,2.02E+11,20191122,1700,,US23,,,US0023,US0023,,,,N,N,NULL,NULL,NULL,N,NULL,NULL,NULL,NULL,NULL,NULL,27.403,NULL,NULL,NULL,NULL,,NULL,0,0,2,2,N,N,55,NULL,98,9807,NULL,,Y,37.51093,-82.54927,N,NULL,NULL,NULL,NULL,NULL,NULL,NULL,NULL,5,3,6,6,1,1,2,2,7,3,N,NULL,Y,N,1700,1710,1710,N,NULL,49,,1,N,,N,N,,NULL,NULL,2019,O,7.24E+11,098-US-0023  -010,MEDIUM,098-US-0023  -000,27.403,0,0,0,0,0,0,1,0,0,0,0,0,0,1
5368,72629426,980000,21-05-007,20210527,1320,,UPPER POMPEY,,RD,,,0,098 CR-1326,CR1326,N,N,NULL,NULL,NULL,N,NULL,NULL,NULL,NULL,NULL,NULL,0.06,NULL,NULL,NULL,NULL,,NULL,0,0,2,2,N,N,15,NULL,98,9810,NULL,,Y,37.467,-82.40707,N,NULL,NULL,NULL,NULL,NULL,NULL,NULL,NULL,3,97,1,2,1,1,2,2,5,3,N,NULL,Y,Y,1320,1331,1331,N,NULL,47,,,N,,N,N,098-CR-1326-0,NULL,NULL,2021,O,7.26E+11,098-CR-1326  -000,HIGH,098-CR-1326  -000,0.06,1,0,0,0,0,0,1,0,0,0,0,0,0,0
5369,72565439,980000,2010003,20201020,1315,,61 N RAIL ROAD STREET,,,,,,,,N,N,NULL,NULL,NULL,N,NULL,NULL,NULL,NULL,NULL,NULL,,NULL,NULL,NULL,NULL,NULL,NULL,0,0,1,1,N,N,15,NULL,98,9814,4,N,N,37.60273,-82.27309,N,NULL,NULL,NULL,NULL,NULL,NULL,NULL,NULL,9,97,2,6,1,1,2,2,6,3,N,NULL,N,Y,1400,1405,,N,NULL,40,,,N,,N,N,,NULL,NULL,2020,O,7.26E+11,098-CR-1505E -000,MEDIUM,098-CR-1505E -000,0.091,0,0,0,1,0,0,1,0,0,0,0,1,0,0
5370,72601490,980100,2.02E+11,20210309,759,,,,,US0023,US0023,,,,N,N,NULL,NULL,NULL,N,NULL,NULL,NULL,NULL,NULL,NULL,0.244,NULL,NULL,NULL,NULL,,NULL,0,0,2,2,N,N,35,NULL,98,9801,NULL,,Y,37.47334,-82.53337,Y,US0023,S,NULL,,KY1426,E,NULL,,5,3,1,6,1,1,2,2,1,3,N,NULL,Y,N,759,807,816,N,NULL,85,,1,N,,N,N,,NULL,NULL,2021,O,7.26E+11,098-US-0023  -131,MEDIUM,098-US-0023  -131,0.244,0,0,0,0,0,0,1,0,0,0,0,0,0,1
5371,72628376,980100,2.02E+11,20210525,1302,,BYPASS,N,RD,KY1460,KY1460,0,098 KY-1460,KY1460,Y,N,NULL,NULL,NULL,N,NULL,NULL,NULL,NULL,NULL,NULL,5.129,NULL,NULL,NULL,NULL,,NULL,0,0,2,2,N,N,45,NULL,98,9801,NULL,,Y,37.48361,-82.514,N,NULL,NULL,NULL,NULL,NULL,NULL,NULL,NULL,2,97,2,6,1,1,2,2,5,3,N,NULL,Y,N,1302,1305,1302,N,NULL,90,16,0,N,,N,N,098-KY-1460-0,NULL,NULL,2021,O,7.26E+11,098-KY-1460  -000,HIGH,098-KY-1460  -000,5.129,0,0,0,0,0,0,1,0,0,0,0,0,0,1
5372,72466338,KSP0900,20-2734,20200121,1615,,MAYO,S,TRL,US0023,US0023,,,,N,Y,RAINBOW,,LN,N,NULL,NULL,NULL,NULL,NULL,NULL,20.758,NULL,NULL,NULL,NULL,,NULL,1,0,2,2,N,N,55,NULL,98,9801,NULL,,Y,37.44281,-82.52209,N,NULL,NULL,NULL,NULL,NULL,NULL,NULL,NULL,5,3,4,3,1,1,2,2,7,3,N,NULL,Y,Y,1617,1721,1730,N,NULL,14,,1,N,,N,N,,NULL,NULL,2020,C,7.25E+11,098-US-0023  -010,MEDIUM,098-US-0023  -000,20.758,0,0,0,1,0,0,1,0,0,0,1,0,0,1
5373,72532236,KSP0900,20-650266,20200814,2334,,WILLIAMSON,,RD,KY0292,KY0292,,,,N,N,NULL,NULL,NULL,N,NULL,NULL,NULL,NULL,NULL,NULL,8.206,NULL,NULL,NULL,NULL,,NULL,0,0,1,1,N,N,55,NULL,98,9834,NULL,,Y,37.69031,-82.30193,N,NULL,NULL,NULL,NULL,NULL,NULL,NULL,NULL,9,3,2,6,1,5,6,6,7,3,N,NULL,Y,N,2336,2354,30,N,NULL,40,7,0,N,,N,N,,NULL,NULL,2020,O,7.25E+11,098-KY-0292  -000,HIGH,098-KY-0292  -000,8.206,0,0,0,0,0,0,0,0,0,0,0,1,0,0
5374,72472346,980100,2.02E+11,20200204,1652,,US119 TURN LANE,,,US0119,US0119,,,,N,N,NULL,NULL,NULL,N,NULL,NULL,NULL,NULL,NULL,NULL,0.006,NULL,NULL,NULL,NULL,,NULL,0,0,2,2,N,N,55,NULL,98,9801,NULL,,Y,37.50375,-82.53167,N,NULL,NULL,NULL,NULL,NULL,NULL,NULL,NULL,8,3,4,6,1,5,6,2,1,3,N,NULL,N,N,1652,1658,1710,N,NULL,53,2,1,N,,N,N,,NULL,NULL,2020,O,7.25E+11,098-US-0119  -021,MEDIUM,098-US-0119  -021,0.006,0,0,0,1,0,0,1,0,0,0,0,1,0,1
5375,72430355,980100,2.02E+11,20191029,1100,,BYPASS,S,RD,KY1426,KY1426,0,098 KY-1426,KY1426,Y,N,NULL,NULL,NULL,N,NULL,NULL,NULL,NULL,NULL,NULL,5.681,NULL,NULL,NULL,NULL,,NULL,0,0,2,2,N,N,15,NULL,98,9801,NULL,,Y,37.47271,-82.523,N,NULL,NULL,NULL,NULL,NULL,NULL,NULL,NULL,8,97,0,6,2,1,2,2,1,3,N,NULL,Y,N,1119,1121,,N,NULL,90,,0,N,,N,N,098-KY-1426-0,NULL,NULL,2019,O,7.24E+11,098-KY-1426  -000,HIGH,098-KY-1426  -000,5.681,0,0,0,0,0,0,1,0,0,0,0,0,0,1
5376,72637139,KSP0900,21-242678,20210613,1400,,US119,,,US0119,US0119,0,098 US-119-10,US0119,N,N,NULL,NULL,NULL,N,NULL,NULL,NULL,NULL,NULL,NULL,2.821,NULL,NULL,NULL,NULL,,NULL,1,0,1,1,N,N,55,NULL,98,9801,NULL,,Y,37.51395,-82.48483,N,NULL,NULL,NULL,NULL,NULL,NULL,NULL,NULL,9,3,2,6,1,1,2,2,7,3,Y,NULL,Y,Y,1400,1430,1400,N,NULL,38,2,1,N,,N,N,098-US-0119-10,NULL,NULL,2021,C,7.26E+11,098-US-0119  -010,HIGH,098-US-0119  -000,2.821,0,0,0,0,0,0,0,0,0,0,0,0,0,0
5377,72503536,980100,2.02E+11,20200514,609,,US23,N,,,,,,,N,N,NULL,NULL,NULL,N,NULL,NULL,NULL,NULL,NULL,NULL,,NULL,NULL,NULL,NULL,NULL,NULL,1,0,2,2,N,N,55,NULL,98,9801,NULL,,Y,37.50375,-82.53216,N,NULL,NULL,NULL,NULL,NULL,NULL,NULL,NULL,5,3,4,6,1,1,2,2,1,3,Y,NULL,Y,Y,611,616,656,N,NULL,70,,,N,,N,N,,NULL,NULL,2020,A,7.25E+11,098-US-0023  -000,MEDIUM,098-US-0023  -000,26.29,0,1,0,0,0,0,0,0,0,1,0,0,0,1
5378,72825932,KSP0900,22-427797,20221106,2034,,VIRGIE,,RD,KY0610,KY0610,0,098 KY-610,KY0610,N,N,NULL,NULL,NULL,N,NULL,NULL,NULL,NULL,NULL,NULL,7.976,NULL,NULL,NULL,NULL,,NULL,0,0,1,1,N,N,55,NULL,98,9827,5,E,N,37.33821,-82.58683,N,NULL,NULL,NULL,NULL,NULL,NULL,NULL,NULL,9,3,2,6,1,5,97,6,7,3,N,NULL,Y,N,2034,2041,2102,N,NULL,70,7,0,N,,N,N,098-KY-0610-0,NULL,NULL,2022,O,7.28E+11,098-KY-0610  -000,HIGH,098-KY-0610  -000,7.976,0,0,0,0,0,0,0,0,0,0,0,0,0,0
5379,72536673,980100,2.02E+11,20200822,1048,,US23,,,US0023,US0023,0,098 US-23,US0023,N,N,NULL,NULL,NULL,N,NULL,NULL,NULL,NULL,NULL,NULL,21.543,NULL,NULL,NULL,NULL,,NULL,1,0,2,2,N,N,55,NULL,98,9801,NULL,,Y,37.45265,-82.52293,N,NULL,NULL,NULL,NULL,NULL,NULL,NULL,NULL,1,3,4,6,1,1,2,2,7,3,Y,NULL,Y,Y,1050,1055,1055,N,NULL,55,,1,N,,N,N,098-US-0023-0,NULL,NULL,2020,C,7.25E+11,098-US-0023  -000,HIGH,098-US-0023  -000,21.543,0,0,0,1,0,0,1,0,0,0,0,0,0,1
5380,72853843,KSP0900,23-16068,20230113,730,,US460,,,US0460,US0460,0,098 US-460,US0460,N,N,NULL,NULL,NULL,N,NULL,NULL,NULL,NULL,NULL,NULL,13.016,NULL,NULL,NULL,NULL,,NULL,0,0,1,1,N,N,55,NULL,98,9871,NULL,,Y,37.33646,-82.39266,N,NULL,NULL,NULL,NULL,NULL,NULL,NULL,NULL,9,3,2,6,1,5,6,1,7,3,N,NULL,Y,N,730,840,840,N,NULL,40,,1,N,,N,N,098-US-0460-0,NULL,NULL,2023,O,7.29E+11,098-US-0460  -000,HIGH,098-US-0460  -000,12.983,0,0,0,0,0,0,0,0,0,0,0,1,0,0
5381,72755806,980100,2.02E+11,20220422,1535,,CASSIDY,,BLVD,,,0,098 CS-1191,CS1191,Y,N,NULL,NULL,NULL,N,NULL,NULL,NULL,NULL,NULL,NULL,0.048,NULL,NULL,NULL,NULL,,NULL,0,0,2,2,N,N,,NULL,98,9801,NULL,,Y,37.50369,-82.53294,N,NULL,NULL,NULL,NULL,NULL,NULL,NULL,NULL,1,97,,6,1,1,2,2,1,3,N,NULL,Y,N,1535,1535,,N,NULL,90,,,N,,N,N,098-CS-1191-0,NULL,NULL,2022,O,7.28E+11,098-CS-1191  -000,HIGH,098-CS-1191  -000,0.048,0,0,0,0,0,0,1,0,0,0,0,0,0,1