OBJECTID,MasterFile,AgencyORINumber,LocalCode,CollisionDate,CollisionTime,CollisionDayWeekCode,RoadwayName,RoadwayName_Direction_,RoadwayName_RoadwaySuffix_,RoadwayfromReport,CurrentRoadwayNumber,RoadwayNumberCoupletID,RSEUniqueGIS,RoadwayIdentifier,ParkingLotIndicator,IntersectionWith_Indicator_,IntersectionWith_NameRoadway_,IntersectionWith_Direction_,IntersectionWith_RoadwaySuffix_,BetweenStreets_Indicator_,BetweenStreets1_NameRoadway_,BetweenStreet1_Direction_,BetweenStreets1_RoadwaySuffix_,BetweenStreets2_NameRoadway_,BetweenStreets2_Direction_,BetweenStreets2_RoadwaySuffix_,Milepoint,ReportMilepointDeriveNumber,CurrentDerivedMiepointNumber,MilestoMilepoint,FeettoMilepoint,DirectionfromMilepoint_NSEW_,ValidMilepointIndicator,NumberInjured,NumberKilled,ofUnits,ofMotorVehicleUnits,Hit&RunIndicator,OneWayIndicator,SpeedLimitNumber,KilometersIndicator,CountyCode,CityCountyCode,MilesFromCity,DirectionFromCity_NSEW_,InCityLimitsIndicator,Latitude,Longitude,RampIndicator,RampFromIdentifier,RampFromDirCode,RampFromCoupletID,RSEUniqueGISRampFrom,RampToidentifier,RampToDirCode,RampToCoupletID,RSEUniqueGisRampTo,MannerofCollisionCode,LocationFirstEventCode,TotalLanes,RoadwayCharacterCode,RoadwaySurfaceCode,RoadwayConditionCode,WeatherCode,LightConditionCode,LandUseCode,SchoolBusRelatedCode,FirstAidSceneIndicator,CollDescPresentInd,InvestigationCompleteIndicator,PhotosTakenIndicator,TimeNotified,TimeArrived,TimeRoadwayOpened,PropertyDamageIndicator,DiagramPresentIndicator,DirectionalAnalysis,FunctionClassCode,NationalHwySysCode,EnforcementsIndicator,KARSCityCode,SecondaryCollisionIndicator,MedianCrossoverIndicator,RT_UNIQUE,MapIt,TimeLastLeft,YR,KABCO,MFNY,WorkingRID,RT_CONFIDENCE,KTC_RT,KTC_MP,Motorcyclist,Commercial Vehicle,Young Driver,Mature Driver,Pedestrian,Bicyclist,Distracted,Aggressive,Impaired,Unrestrained,Intersection,Roadway Departure,Median Cross-over,City Crash
5382,72602702,KSP0900,21-88200,20210305,1433,,US23,,,US0023,US0023,0,098 US-23-10,US0023,N,N,NULL,NULL,NULL,N,NULL,NULL,NULL,NULL,NULL,NULL,13.493,NULL,NULL,NULL,NULL,,NULL,3,0,2,2,N,N,55,NULL,98,9827,NULL,,Y,37.37913,-82.54067,N,NULL,NULL,NULL,NULL,NULL,NULL,NULL,NULL,1,3,4,6,1,1,2,2,7,3,N,NULL,Y,Y,1435,1445,,N,NULL,55,,1,Y,,N,N,098-US-0023-10,NULL,NULL,2021,A,7.26E+11,098-US-0023  -010,HIGH,098-US-0023  -000,13.493,0,1,0,0,0,0,0,1,1,1,0,0,0,0
5383,72495716,370200,20-14730,20200421,1340,,US119,,,US0119,US0119,0,098 US-119,US0119,N,N,NULL,NULL,NULL,N,NULL,NULL,NULL,NULL,NULL,NULL,24.648,NULL,NULL,NULL,NULL,,NULL,0,0,2,2,N,N,40,NULL,98,9834,NULL,,Y,37.66415,-82.27329,N,NULL,NULL,NULL,NULL,NULL,NULL,NULL,NULL,1,3,4,6,1,1,2,2,1,3,N,NULL,Y,N,1356,1356,1357,N,NULL,55,2,1,N,,N,N,098-US-0119-0,NULL,NULL,2020,O,7.25E+11,098-US-0119  -000,HIGH,098-US-0119  -000,24.648,0,0,1,0,0,0,0,1,0,0,0,0,0,0
5384,72660310,980100,2.02E+11,20210812,731,,US23,,,US0023,US0023,,,,N,N,NULL,NULL,NULL,N,NULL,NULL,NULL,NULL,NULL,NULL,26.288,NULL,NULL,NULL,NULL,,NULL,0,0,2,2,N,N,55,NULL,98,9801,NULL,,Y,37.50373,-82.53215,N,NULL,NULL,NULL,NULL,NULL,NULL,NULL,NULL,5,3,6,6,1,1,2,2,1,3,N,NULL,Y,N,732,737,739,N,NULL,70,,1,N,,N,N,,NULL,NULL,2021,O,7.27E+11,098-US-0023  -000,MEDIUM,098-US-0023  -000,26.288,0,0,0,1,0,0,1,0,0,0,0,0,0,1
5385,72759628,980100,2.02E+11,20220509,1642,,US23,,,US0023,US0023,0,098 US-23,US0023,N,N,NULL,NULL,NULL,N,NULL,NULL,NULL,NULL,NULL,NULL,26.013,NULL,NULL,NULL,NULL,,NULL,0,0,2,2,N,N,55,NULL,98,9801,NULL,,Y,37.49982,-82.53152,N,NULL,NULL,NULL,NULL,NULL,NULL,NULL,NULL,5,3,4,6,1,1,2,2,7,3,N,NULL,Y,N,1642,1643,1645,N,NULL,49,,1,N,,N,N,098-US-0023-0,NULL,NULL,2022,O,7.28E+11,098-US-0023  -000,HIGH,098-US-0023  -000,26.013,0,0,0,0,0,0,1,0,0,0,0,0,0,1
5386,72593838,KSP0900,21-52908,20210209,830,,KY2062,,,KY2062,KY2062,0,098 KY-2062,KY2062,N,N,NULL,NULL,NULL,N,NULL,NULL,NULL,NULL,NULL,NULL,0.415,NULL,NULL,NULL,NULL,,NULL,0,0,2,2,N,N,55,NULL,98,9804,NULL,,Y,37.50618,-82.12701,N,NULL,NULL,NULL,NULL,NULL,NULL,NULL,NULL,1,97,2,4,1,2,8,2,7,3,N,NULL,Y,N,830,1000,1100,N,NULL,47,8,0,N,,N,N,098-KY-2062-0,NULL,NULL,2021,O,7.26E+11,098-KY-2062  -000,HIGH,098-KY-2062  -000,0.415,0,0,0,1,0,0,0,0,0,0,0,0,0,0
5387,72714942,980100,2.02E+11,20211217,1618,,US23,,,US0023,US0023,0,098 US-23,US0023,N,N,NULL,NULL,NULL,N,NULL,NULL,NULL,NULL,NULL,NULL,21.496,NULL,NULL,NULL,NULL,,NULL,4,0,3,3,Y,N,55,NULL,98,9801,NULL,,Y,37.45173,-82.52335,N,NULL,NULL,NULL,NULL,NULL,NULL,NULL,NULL,1,3,4,6,1,1,3,2,1,3,N,NULL,Y,Y,1618,1623,1704,N,NULL,55,,1,Y,,N,N,098-US-0023-0,NULL,NULL,2021,B,7.27E+11,098-US-0023  -000,HIGH,098-US-0023  -000,21.496,0,0,1,0,0,0,0,1,1,1,0,0,0,1
5388,72784689,KSP0900,22-260653,20220709,1320,,POUNDING MILL,,RD,,,0,098 CR-1526,CR1526,N,N,NULL,NULL,NULL,N,NULL,NULL,NULL,NULL,NULL,NULL,0.029,NULL,NULL,NULL,NULL,,NULL,0,0,2,2,N,N,35,NULL,98,9811,NULL,,Y,37.56377,-82.14646,N,NULL,NULL,NULL,NULL,NULL,NULL,NULL,NULL,5,3,1,6,1,1,2,2,7,3,N,NULL,Y,N,1320,1427,1427,N,NULL,70,,,N,,N,N,098-CR-1526-0,NULL,NULL,2022,O,7.28E+11,098-CR-1526  -000,HIGH,098-CR-1526  -000,0.029,0,0,0,0,0,0,1,0,0,0,0,0,0,0
5389,72680533,980500,2021AR041,20211008,1546,,MAYO TRAIL,N,,,,,,,N,N,NULL,NULL,NULL,N,NULL,NULL,NULL,NULL,NULL,NULL,,NULL,NULL,NULL,NULL,NULL,NULL,0,0,2,2,N,N,45,NULL,98,9807,NULL,,Y,37.5191,-82.566,N,NULL,NULL,NULL,NULL,NULL,NULL,NULL,NULL,5,3,7,6,1,5,3,2,7,3,N,NULL,Y,Y,1548,1553,1559,N,NULL,49,,,N,,N,N,,NULL,NULL,2021,O,7.27E+11,098-US-0023  -000,MEDIUM,098-US-0023  -000,28.52,0,0,1,0,0,0,1,0,0,0,0,0,0,0
5390,72679861,KSP0900,21-411615,20211005,1605,,PEACH ORCHARD,,BR,,,0,098 CR-1292,CR1292,N,N,NULL,NULL,NULL,N,NULL,NULL,NULL,NULL,NULL,NULL,0.428,NULL,NULL,NULL,NULL,,NULL,0,0,1,1,N,Y,35,NULL,98,9801,2,N,N,37.43812,-82.5578,N,NULL,NULL,NULL,NULL,NULL,NULL,NULL,NULL,9,3,1,6,1,1,2,2,7,3,N,NULL,N,N,1712,1733,1750,N,NULL,70,,,N,,N,N,098-CR-1292-0,NULL,NULL,2021,O,7.27E+11,098-CR-1292  -000,HIGH,098-CR-1292  -000,0.428,1,0,0,0,0,0,0,0,0,0,0,0,0,0
5391,72600025,KSP0900,21-85971,20210304,703,,US460,,,US0460,US0460,0,098 US-460,US0460,N,N,NULL,NULL,NULL,N,NULL,NULL,NULL,NULL,NULL,NULL,9.498,NULL,NULL,NULL,NULL,,NULL,1,0,1,1,N,N,45,NULL,98,9802,4,W,N,37.36772,-82.4117,N,NULL,NULL,NULL,NULL,NULL,NULL,NULL,NULL,9,4,2,3,1,1,2,2,7,3,Y,NULL,Y,N,703,720,810,N,NULL,40,,1,N,,N,N,098-US-0460-0,NULL,NULL,2021,C,7.26E+11,098-US-0460  -000,HIGH,098-US-0460  -000,9.498,0,0,0,0,0,0,0,0,0,0,0,1,0,0
5392,72667032,KSP0900,21-365443,20210902,1300,,US119,,,US0119,US0119,0,098 US-119,US0119,N,N,NULL,NULL,NULL,N,NULL,NULL,NULL,NULL,NULL,NULL,24.335,NULL,NULL,NULL,NULL,,NULL,0,0,2,2,N,N,55,NULL,98,9834,NULL,,Y,37.65993,-82.27326,N,NULL,NULL,NULL,NULL,NULL,NULL,NULL,NULL,1,3,4,6,1,1,2,2,7,3,N,NULL,Y,N,1500,1545,1545,N,NULL,55,2,1,N,,N,N,098-US-0119-0,NULL,NULL,2021,O,7.27E+11,098-US-0119  -000,HIGH,098-US-0119  -000,24.335,0,0,0,0,0,0,0,1,0,0,0,0,0,0
5393,72571155,980000,20-11-002,20201111,2005,,US23,,,US0023,US0023,0,098 US-23-10,US0023,N,N,NULL,NULL,NULL,N,NULL,NULL,NULL,NULL,NULL,NULL,10.754,NULL,NULL,NULL,NULL,,NULL,0,0,2,2,N,N,55,NULL,98,9806,NULL,,Y,37.34709,-82.5479,N,NULL,NULL,NULL,NULL,NULL,NULL,NULL,NULL,1,3,4,3,1,5,3,6,1,3,N,NULL,Y,Y,2005,2015,2050,N,NULL,55,,1,N,,N,N,098-US-0023-10,NULL,NULL,2020,O,7.26E+11,098-US-0023  -010,HIGH,098-US-0023  -000,10.754,0,0,0,0,0,0,0,1,0,0,0,0,0,0
5394,72472312,980000,2001008,20200131,1908,,MEATHOUSE FORK,,RD,KY3154,KY3154,0,098 KY-3154,KY3154,N,N,NULL,NULL,NULL,N,NULL,NULL,NULL,NULL,NULL,NULL,2.668,NULL,NULL,NULL,NULL,,NULL,0,0,2,2,N,N,55,NULL,98,9838,NULL,,Y,37.60821,-82.32918,N,NULL,NULL,NULL,NULL,NULL,NULL,NULL,NULL,4,3,2,1,1,1,2,6,6,3,N,NULL,Y,Y,1855,1908,1954,N,NULL,70,9,0,N,,N,N,098-KY-3154-0,NULL,NULL,2020,O,7.25E+11,098-KY-3154  -000,HIGH,098-KY-3154  -000,2.668,0,0,0,0,0,0,1,0,0,0,0,0,0,0
5395,72584283,980100,2.02E+11,20210113,1032,,CASSIDY,,BLVD,,,,,,Y,N,NULL,NULL,NULL,N,NULL,NULL,NULL,NULL,NULL,NULL,0.431,NULL,NULL,NULL,NULL,,NULL,0,0,2,2,N,Y,,NULL,98,9801,NULL,,Y,37.50436,-82.53887,N,NULL,NULL,NULL,NULL,NULL,NULL,NULL,NULL,2,97,1,6,1,1,2,2,1,3,N,NULL,Y,N,1032,1032,,N,NULL,90,,,N,,N,N,,NULL,NULL,2021,O,7.26E+11,098-CS-1191  -000,MEDIUM,098-CS-1191  -000,0.431,0,0,0,0,0,0,1,0,0,0,0,0,0,1
5396,72746447,KSP0900,2022-118114,20220401,1815,,CLEO DAVIS,,ST,,,0,098 CR-1505X,CR1505X,N,N,NULL,NULL,NULL,N,NULL,NULL,NULL,NULL,NULL,NULL,0.053,NULL,NULL,NULL,NULL,,NULL,0,0,1,1,Y,N,35,NULL,98,9814,NULL,,Y,37.59301,-82.27441,N,NULL,NULL,NULL,NULL,NULL,NULL,NULL,NULL,9,3,1,6,1,1,2,2,7,3,N,NULL,Y,N,1815,1815,1815,Y,NULL,40,,,N,,N,N,098-CR-1505X-0,NULL,NULL,2022,O,7.27E+11,098-CR-1505X -000,HIGH,098-CR-1505X -000,0.053,0,0,0,0,0,0,0,0,1,0,0,1,0,0
5397,72624092,KSP0900,21-187507,20210509,2002,,US119,,,US0119,US0119,0,098 US-119,US0119,Y,N,NULL,NULL,NULL,N,NULL,NULL,NULL,NULL,NULL,NULL,24.856,NULL,NULL,NULL,NULL,,NULL,1,0,2,1,Y,N,15,NULL,98,9834,NULL,,Y,37.66658,-82.27558,N,NULL,NULL,NULL,NULL,NULL,NULL,NULL,NULL,9,7,4,6,1,1,2,2,5,3,Y,NULL,Y,Y,2002,2021,2021,N,NULL,90,2,1,N,,N,N,098-US-0119-0,NULL,NULL,2021,B,7.26E+11,098-US-0119  -000,HIGH,098-US-0119  -000,24.856,0,0,1,0,1,0,1,0,0,0,0,0,0,0
5398,72664805,980100,2.02E+11,20210830,1717,,KY1460,,,KY1460,KY1460,0,098 KY-1460,KY1460,N,N,NULL,NULL,NULL,N,NULL,NULL,NULL,NULL,NULL,NULL,6.657,NULL,NULL,NULL,NULL,,NULL,0,0,2,2,N,N,45,NULL,98,9801,NULL,,Y,37.48356,-82.53848,N,NULL,NULL,NULL,NULL,NULL,NULL,NULL,NULL,5,3,2,6,1,1,3,2,1,3,N,NULL,N,N,1717,1717,,N,NULL,49,16,0,N,,N,N,098-KY-1460-0,NULL,NULL,2021,O,7.27E+11,098-KY-1460  -000,HIGH,098-KY-1460  -000,6.657,0,0,1,1,0,0,1,0,0,0,0,0,0,1
5399,72712843,980500,2021AR053,20211223,1000,,N MAYO TRAIL,,,,,,,,Y,N,NULL,NULL,NULL,N,NULL,NULL,NULL,NULL,NULL,NULL,,NULL,NULL,NULL,NULL,NULL,NULL,0,0,2,2,N,N,15,NULL,98,9807,NULL,,Y,37.5275,-82.5748,N,NULL,NULL,NULL,NULL,NULL,NULL,NULL,NULL,2,97,2,6,1,1,2,2,1,3,N,NULL,Y,Y,1000,1003,1020,N,NULL,90,,,N,,N,N,,NULL,NULL,2021,O,7.27E+11,098-US-0023  -010,MEDIUM,098-US-0023  -000,29.295,0,0,0,1,0,0,1,0,0,0,0,0,0,0
5400,72811940,KSP0900,22-381239,20221002,1600,,KY1426,,,KY1426,KY1426,0,098 KY-1426,KY1426,N,N,NULL,NULL,NULL,N,NULL,NULL,NULL,NULL,NULL,NULL,12.593,NULL,NULL,NULL,NULL,,NULL,0,0,1,1,N,N,55,NULL,98,9828,NULL,,Y,37.54448,-82.46767,N,NULL,NULL,NULL,NULL,NULL,NULL,NULL,NULL,9,3,2,6,1,5,3,2,7,3,N,NULL,Y,N,1600,1600,1600,N,NULL,38,7,0,N,,N,N,098-KY-1426-0,NULL,NULL,2022,O,7.28E+11,098-KY-1426  -000,HIGH,098-KY-1426  -000,12.593,0,0,0,0,0,0,0,0,0,0,0,0,0,0
5401,72541382,KSP0900,20-692067,20200910,1627,,TOLER,,RD,KY0319,KY0319,0,098 KY-319,KY0319,N,N,NULL,NULL,NULL,N,NULL,NULL,NULL,NULL,NULL,NULL,2.469,NULL,NULL,NULL,NULL,,NULL,0,0,1,1,N,N,45,NULL,98,9842,NULL,,Y,37.60284,-82.20845,N,NULL,NULL,NULL,NULL,NULL,NULL,NULL,NULL,9,4,2,6,1,1,2,2,7,3,N,NULL,Y,Y,1627,1627,1731,N,NULL,40,7,0,N,,N,N,098-KY-0319-0,NULL,NULL,2020,O,7.25E+11,098-KY-0319  -000,HIGH,098-KY-0319  -000,2.469,0,0,0,0,0,0,1,0,1,0,0,1,0,0
5402,72633169,980100,2.02E+11,20210605,1946,,CASSIDY,,BLVD,,,0,098 CS-1191,CS1191,Y,N,NULL,NULL,NULL,N,NULL,NULL,NULL,NULL,NULL,NULL,0.083,NULL,NULL,NULL,NULL,,NULL,0,0,2,2,N,N,,NULL,98,9801,NULL,,Y,37.50364,-82.53348,N,NULL,NULL,NULL,NULL,NULL,NULL,NULL,NULL,7,97,,6,1,1,2,2,1,3,N,NULL,Y,N,1946,1954,,N,NULL,90,,,N,,N,N,098-CS-1191-0,NULL,NULL,2021,O,7.26E+11,098-CS-1191  -000,HIGH,098-CS-1191  -000,0.083,0,0,0,0,0,0,1,0,0,0,0,0,0,1
5403,72691528,980100,2.02E+11,20211102,753,,OWSLEY,,RD,KY1384,KY1384,0,098 KY-1384,KY1384,N,N,NULL,NULL,NULL,N,NULL,NULL,NULL,NULL,NULL,NULL,7.519,NULL,NULL,NULL,NULL,,NULL,0,0,2,2,N,N,15,NULL,98,9801,NULL,,Y,37.48347,-82.53463,N,NULL,NULL,NULL,NULL,NULL,NULL,NULL,NULL,5,3,4,6,1,5,6,2,7,3,N,NULL,Y,N,753,800,801,N,NULL,49,16,0,N,,N,N,098-KY-1384-0,NULL,NULL,2021,O,7.27E+11,098-KY-1384  -000,HIGH,098-KY-1384  -000,7.519,0,0,1,0,0,0,0,0,0,0,0,0,0,1
5404,72727475,980100,2.02E+11,20220131,1050,,US23,,,US0023,US0023,0,098 US-23,US0023,N,N,NULL,NULL,NULL,N,NULL,NULL,NULL,NULL,NULL,NULL,26.277,NULL,NULL,NULL,NULL,,NULL,0,0,2,2,N,N,55,NULL,98,9801,NULL,,Y,37.50356,-82.53214,N,NULL,NULL,NULL,NULL,NULL,NULL,NULL,NULL,5,3,4,6,1,1,3,2,7,3,N,NULL,Y,N,1050,1058,,N,NULL,49,,1,N,,N,N,098-US-0023-0,NULL,NULL,2022,O,7.27E+11,098-US-0023  -000,HIGH,098-US-0023  -000,26.277,0,0,0,0,0,0,0,0,0,0,0,0,0,1
5405,72685547,KSP0900,21-431315,20211019,1700,,US23,,,US0023,US0023,0,098 US-23-10,US0023,N,N,NULL,NULL,NULL,N,NULL,NULL,NULL,NULL,NULL,NULL,20.64,NULL,NULL,NULL,NULL,,NULL,0,0,2,2,N,N,55,NULL,98,9801,NULL,,Y,37.44302,-82.51992,N,NULL,NULL,NULL,NULL,NULL,NULL,NULL,NULL,1,3,4,3,1,1,2,2,1,3,N,NULL,Y,N,1704,1723,1704,N,NULL,55,,1,N,,N,N,098-US-0023-10,NULL,NULL,2021,O,7.27E+11,098-US-0023  -010,HIGH,098-US-0023  -000,20.64,0,0,0,0,0,0,0,0,0,0,0,0,0,1
5406,72625270,KSP0900,21-198224,20210516,1419,,KY194,,,KY0194,KY0194,,,,N,N,NULL,NULL,NULL,N,NULL,NULL,NULL,NULL,NULL,NULL,59.172,NULL,NULL,NULL,NULL,,NULL,0,0,2,2,Y,N,55,NULL,98,9811,NULL,,Y,37.5534,-82.15858,N,NULL,NULL,NULL,NULL,NULL,NULL,NULL,NULL,8,3,2,1,1,5,3,2,7,3,N,NULL,Y,N,1421,1510,1510,N,NULL,53,7,0,N,,N,N,,NULL,NULL,2021,O,7.26E+11,098-KY-0194  -000,HIGH,098-KY-0194  -000,59.172,0,0,0,0,0,0,0,1,0,0,0,1,0,0
5407,72688882,KSP0900,21-443551,20211028,1443,,US460,,,US0460,US0460,0,098 US-460,US0460,Y,N,NULL,NULL,NULL,N,NULL,NULL,NULL,NULL,NULL,NULL,9.405,NULL,NULL,NULL,NULL,,NULL,0,0,2,2,N,N,15,NULL,98,9830,NULL,,Y,37.36823,-82.41322,N,NULL,NULL,NULL,NULL,NULL,NULL,NULL,NULL,2,97,2,6,1,1,3,2,1,3,N,NULL,Y,N,1445,1456,1445,N,NULL,90,,1,N,,N,N,098-US-0460-0,NULL,NULL,2021,O,7.27E+11,098-US-0460  -000,HIGH,098-US-0460  -000,9.405,0,0,0,0,0,0,1,0,0,0,0,0,0,0
5408,72617428,980100,2.02E+11,20210406,1651,,BYPASS,S,RD,KY1426,KY1426,,,,Y,N,NULL,NULL,NULL,N,NULL,NULL,NULL,NULL,NULL,NULL,5.583,NULL,NULL,NULL,NULL,,NULL,0,0,2,2,N,N,15,NULL,98,9801,NULL,,Y,37.4724,-82.52477,N,NULL,NULL,NULL,NULL,NULL,NULL,NULL,NULL,4,97,1,6,1,1,2,2,1,3,N,NULL,Y,N,1651,1659,1659,N,NULL,90,,0,N,,N,N,,NULL,NULL,2021,O,7.26E+11,098-KY-1426  -000,HIGH,098-KY-1426  -000,5.583,0,0,0,1,0,0,1,1,0,0,0,0,0,1
5409,72592277,KSP0900,21-26273,20210120,1515,,KY1499,,,KY1499,KY1499,0,098 KY-1499,KY1499,N,N,NULL,NULL,NULL,N,NULL,NULL,NULL,NULL,NULL,NULL,2.311,NULL,NULL,NULL,NULL,,NULL,1,0,1,1,N,N,45,NULL,98,9847,NULL,,Y,37.40385,-82.25266,N,NULL,NULL,NULL,NULL,NULL,NULL,NULL,NULL,9,3,2,6,1,1,2,2,7,3,Y,NULL,Y,Y,1530,1546,1700,N,NULL,44,7,0,N,,N,N,098-KY-1499-0,NULL,NULL,2021,C,7.26E+11,098-KY-1499  -000,HIGH,098-KY-1499  -000,2.311,0,0,0,0,0,0,0,0,0,0,0,1,0,0
5410,72872365,KSP0900,23-83230,20230303,2024,,US119,,,US0119,US0119,0,098 US-119-10,US0119,N,N,NULL,NULL,NULL,N,NULL,NULL,NULL,NULL,NULL,NULL,5.872,NULL,NULL,NULL,NULL,,NULL,0,0,1,1,N,N,55,NULL,98,9828,NULL,,Y,37.53743,-82.44975,N,NULL,NULL,NULL,NULL,NULL,NULL,NULL,NULL,9,2,2,5,1,1,3,6,7,3,N,NULL,Y,Y,2024,2038,2024,N,NULL,70,2,1,N,,N,Y,098-US-0119-10,NULL,NULL,2023,O,7.29E+11,098-US-0119  -010,HIGH,098-US-0119  -000,5.874,0,0,0,0,0,0,0,0,0,0,0,1,0,0
5411,72477438,KSP0900,2020-5970,20200214,1918,,GREASY,,CRK,KY3226,KY3226,0,098 KY-3226,KY3226,N,N,NULL,NULL,NULL,N,NULL,NULL,NULL,NULL,NULL,NULL,2.358,NULL,NULL,NULL,NULL,,NULL,0,0,2,2,N,N,55,NULL,98,9801,NULL,,Y,37.40752,-82.46418,N,NULL,NULL,NULL,NULL,NULL,NULL,NULL,NULL,2,3,1,6,1,1,2,6,7,3,N,NULL,Y,N,1918,1936,1955,N,NULL,56,8,0,N,,N,N,098-KY-3226-0,NULL,NULL,2020,O,7.25E+11,098-KY-3226  -000,HIGH,098-KY-3226  -000,2.358,0,0,0,1,0,0,1,0,0,0,0,0,0,0
5412,72486782,980100,2.02E+11,20200305,1919,,CASSIDY,,BLVD,,,0,098 CS-1191,CS1191,Y,N,NULL,NULL,NULL,N,NULL,NULL,NULL,NULL,NULL,NULL,0.053,NULL,NULL,NULL,NULL,,NULL,0,0,2,2,Y,N,,NULL,98,9801,NULL,,Y,37.50368,-82.53302,N,NULL,NULL,NULL,NULL,NULL,NULL,NULL,NULL,2,97,1,6,1,1,2,5,1,3,N,NULL,Y,N,1919,1924,,N,NULL,90,,,N,,N,N,098-CS-1191-0,NULL,NULL,2020,O,7.25E+11,098-CS-1191  -000,HIGH,098-CS-1191  -000,0.053,0,0,0,0,0,0,1,0,0,0,0,0,0,1
5413,72613312,980100,2.02E+11,20210406,1238,,S MAYO TRAIL,,ST,,,0,098 CS-1007,CS1007,Y,N,NULL,NULL,NULL,N,NULL,NULL,NULL,NULL,NULL,NULL,,NULL,NULL,NULL,NULL,NULL,NULL,0,0,2,2,N,N,,NULL,98,9801,NULL,,Y,37.44329,-82.52528,N,NULL,NULL,NULL,NULL,NULL,NULL,NULL,NULL,2,97,1,6,1,1,2,2,1,3,N,NULL,Y,N,1238,1249,1249,N,NULL,90,,,N,,N,N,098-CS-1007-0,NULL,NULL,2021,O,7.26E+11,098-CS-1007  -000,HIGH,098-CS-1007  -000,0.025,0,0,0,1,0,0,1,0,0,0,0,0,0,1
5414,72757441,980100,2.02E+11,20220503,1524,,US23,,,US0023,US0023,,,,N,N,NULL,NULL,NULL,N,NULL,NULL,NULL,NULL,NULL,NULL,26.339,NULL,NULL,NULL,NULL,,NULL,0,0,2,2,N,N,55,NULL,98,9801,NULL,,Y,37.50443,-82.53247,N,NULL,NULL,NULL,NULL,NULL,NULL,NULL,NULL,5,3,4,6,1,1,2,2,2,3,N,NULL,Y,N,1524,1531,1552,N,NULL,70,,1,N,,N,N,,NULL,NULL,2022,O,7.28E+11,098-US-0023  -010,MEDIUM,098-US-0023  -000,26.339,0,0,0,0,0,0,1,0,0,0,0,0,0,1
5415,72710668,KSP0900,21-513109,20211217,1914,,US460,,,US0460,US0460,0,098 US-460,US0460,N,N,NULL,NULL,NULL,N,NULL,NULL,NULL,NULL,NULL,NULL,1.095,NULL,NULL,NULL,NULL,,NULL,2,0,2,2,N,N,55,NULL,98,9824,NULL,,Y,37.42937,-82.50356,N,NULL,NULL,NULL,NULL,NULL,NULL,NULL,NULL,5,3,2,6,1,5,6,7,7,3,N,NULL,Y,Y,1914,1948,2005,N,NULL,49,,1,N,,N,N,098-US-0460-0,NULL,NULL,2021,B,7.27E+11,098-US-0460  -000,HIGH,098-US-0460  -000,1.095,0,0,0,0,0,0,0,0,0,0,0,0,0,0
5416,72689725,KSP0900,21-445357,20211029,1944,,GREASY,,CRK,,,0,098 CR-1256,CR1256,N,N,NULL,NULL,NULL,N,NULL,NULL,NULL,NULL,NULL,NULL,0.07,NULL,NULL,NULL,NULL,,NULL,0,0,1,1,N,N,25,NULL,98,9801,NULL,,Y,37.37917,-82.47722,N,NULL,NULL,NULL,NULL,NULL,NULL,NULL,NULL,9,3,1,6,1,1,2,7,7,3,N,NULL,Y,N,1953,2020,2020,N,NULL,70,,,N,,N,N,098-CR-1256-0,NULL,NULL,2021,O,7.27E+11,098-CR-1256  -000,HIGH,098-CR-1256  -000,0.07,0,0,0,0,0,0,1,0,0,0,0,1,0,0
5417,72611898,980500,2021AR015,20210409,1340,,MAIN,,ST,,,0,098 CS-3000,CS3000,Y,N,NULL,NULL,NULL,N,NULL,NULL,NULL,NULL,NULL,NULL,,NULL,NULL,NULL,NULL,NULL,NULL,0,0,2,2,N,N,15,NULL,98,9807,NULL,,Y,37.51942,-82.56775,N,NULL,NULL,NULL,NULL,NULL,NULL,NULL,NULL,2,97,,6,1,1,2,2,1,3,N,NULL,Y,Y,1343,1344,1344,N,NULL,90,,,N,,N,N,098-CS-3000-0,NULL,NULL,2021,O,7.26E+11,098-CS-3000  -000,HIGH,098-CS-3000  -000,0.548,0,0,1,0,0,0,1,0,0,0,0,0,0,0
5418,72517625,980100,2.02E+11,20200703,1338,,THOMPSON,,RD,,,,,,Y,N,NULL,NULL,NULL,N,NULL,NULL,NULL,NULL,NULL,NULL,0.594,NULL,NULL,NULL,NULL,,NULL,0,0,2,2,N,N,15,NULL,98,9801,NULL,,Y,37.50576,-82.5421,N,NULL,NULL,NULL,NULL,NULL,NULL,NULL,NULL,2,97,1,6,1,1,2,2,1,3,N,NULL,Y,N,1338,1347,1347,N,NULL,90,,,N,,N,N,,NULL,NULL,2020,O,7.25E+11,098-CS-1215  -000,MEDIUM,098-CS-1215  -000,0.594,0,0,0,1,0,0,1,0,0,0,0,0,0,1
5419,72537413,KSP0900,20-673721,20200829,2326,,COMMERCIAL,,ST,,,0,098 CS-3004,CS3004,Y,N,NULL,NULL,NULL,N,NULL,NULL,NULL,NULL,NULL,NULL,0.039,NULL,NULL,NULL,NULL,,NULL,0,0,1,1,N,N,,NULL,98,9807,NULL,,Y,37.51792,-82.56567,N,NULL,NULL,NULL,NULL,NULL,NULL,NULL,NULL,9,97,1,6,1,1,2,5,5,3,N,NULL,Y,N,2328,2332,,N,NULL,90,,,N,,N,N,098-CS-3004-0,NULL,NULL,2020,O,7.25E+11,098-CS-3004  -000,HIGH,098-CS-3004  -000,0.039,0,0,0,0,0,0,1,0,0,0,0,1,0,0