OBJECTID,MasterFile,AgencyORINumber,LocalCode,CollisionDate,CollisionTime,CollisionDayWeekCode,RoadwayName,RoadwayName_Direction_,RoadwayName_RoadwaySuffix_,RoadwayfromReport,CurrentRoadwayNumber,RoadwayNumberCoupletID,RSEUniqueGIS,RoadwayIdentifier,ParkingLotIndicator,IntersectionWith_Indicator_,IntersectionWith_NameRoadway_,IntersectionWith_Direction_,IntersectionWith_RoadwaySuffix_,BetweenStreets_Indicator_,BetweenStreets1_NameRoadway_,BetweenStreet1_Direction_,BetweenStreets1_RoadwaySuffix_,BetweenStreets2_NameRoadway_,BetweenStreets2_Direction_,BetweenStreets2_RoadwaySuffix_,Milepoint,ReportMilepointDeriveNumber,CurrentDerivedMiepointNumber,MilestoMilepoint,FeettoMilepoint,DirectionfromMilepoint_NSEW_,ValidMilepointIndicator,NumberInjured,NumberKilled,ofUnits,ofMotorVehicleUnits,Hit&RunIndicator,OneWayIndicator,SpeedLimitNumber,KilometersIndicator,CountyCode,CityCountyCode,MilesFromCity,DirectionFromCity_NSEW_,InCityLimitsIndicator,Latitude,Longitude,RampIndicator,RampFromIdentifier,RampFromDirCode,RampFromCoupletID,RSEUniqueGISRampFrom,RampToidentifier,RampToDirCode,RampToCoupletID,RSEUniqueGisRampTo,MannerofCollisionCode,LocationFirstEventCode,TotalLanes,RoadwayCharacterCode,RoadwaySurfaceCode,RoadwayConditionCode,WeatherCode,LightConditionCode,LandUseCode,SchoolBusRelatedCode,FirstAidSceneIndicator,CollDescPresentInd,InvestigationCompleteIndicator,PhotosTakenIndicator,TimeNotified,TimeArrived,TimeRoadwayOpened,PropertyDamageIndicator,DiagramPresentIndicator,DirectionalAnalysis,FunctionClassCode,NationalHwySysCode,EnforcementsIndicator,KARSCityCode,SecondaryCollisionIndicator,MedianCrossoverIndicator,RT_UNIQUE,MapIt,TimeLastLeft,YR,KABCO,MFNY,WorkingRID,RT_CONFIDENCE,KTC_RT,KTC_MP,Motorcyclist,Commercial Vehicle,Young Driver,Mature Driver,Pedestrian,Bicyclist,Distracted,Aggressive,Impaired,Unrestrained,Intersection,Roadway Departure,Median Cross-over,City Crash
5420,72451232,KSP0900,19-48811,20191214,1758,,KY1499,,,KY1499,KY1499,0,098 KY-1499,KY1499,N,N,NULL,NULL,NULL,N,NULL,NULL,NULL,NULL,NULL,NULL,0.483,NULL,NULL,NULL,NULL,,NULL,2,0,1,1,N,N,55,NULL,98,9839,NULL,,Y,37.38908,-82.25739,N,NULL,NULL,NULL,NULL,NULL,NULL,NULL,NULL,9,4,2,3,1,5,6,6,7,3,Y,NULL,Y,Y,1758,1836,1917,N,NULL,44,7,0,N,,N,N,098-KY-1499-0,NULL,NULL,2019,B,7.25E+11,098-KY-1499  -000,HIGH,098-KY-1499  -000,0.483,0,0,1,0,0,0,0,1,0,1,0,1,0,0
5421,72513934,KSP0900,2020-555155,20200619,2334,,VARNEY,,BR,,,0,098 CR-1439,CR1439,N,N,NULL,NULL,NULL,N,NULL,NULL,NULL,NULL,NULL,NULL,0.604,NULL,NULL,NULL,NULL,,NULL,1,0,1,1,N,N,25,NULL,98,9817,NULL,,Y,37.51385,-82.35208,N,NULL,NULL,NULL,NULL,NULL,NULL,NULL,NULL,9,3,1,6,3,5,2,6,6,3,N,NULL,Y,Y,2334,2334,2334,Y,NULL,40,,,N,,N,N,098-CR-1439-0,NULL,NULL,2020,B,7.25E+11,098-CR-1439  -000,HIGH,098-CR-1439  -000,0.604,0,0,0,0,0,0,0,1,1,1,0,1,0,0
5422,72828287,980500,2022AR054,20221111,1415,,RIGHT FORK OF COWPEN,,RD,,,0,098 CR-1321Q4,CR1321Q4,N,N,NULL,NULL,NULL,N,NULL,NULL,NULL,NULL,NULL,NULL,1.524,NULL,NULL,NULL,NULL,,NULL,0,0,2,2,N,N,25,NULL,98,9807,NULL,,Y,37.55172,-82.53723,N,NULL,NULL,NULL,NULL,NULL,NULL,NULL,NULL,3,3,1,3,1,5,6,2,6,3,N,NULL,Y,Y,1415,1430,,N,NULL,52,,,Y,,N,N,098-CR-1321Q4-0,NULL,NULL,2022,O,7.28E+11,098-CR-1321Q4-000,MEDIUM,098-CR-1321Q4-000,1.524,0,0,0,0,0,0,1,0,0,0,0,1,0,0
5423,72579847,980100,2.02E+11,20201229,1454,,KY3496,,,KY3496,KY3496,,,,Y,N,NULL,NULL,NULL,N,NULL,NULL,NULL,NULL,NULL,NULL,0.181,NULL,NULL,NULL,NULL,,NULL,0,0,2,2,N,N,,NULL,98,9801,NULL,,Y,37.46639,-82.53089,N,NULL,NULL,NULL,NULL,NULL,NULL,NULL,NULL,2,97,,6,1,1,2,2,1,3,N,NULL,Y,N,1454,1501,1516,N,NULL,90,16,0,N,,N,N,,NULL,NULL,2020,O,7.26E+11,098-KY-3496  -000,HIGH,098-KY-3496  -000,0.181,0,0,0,0,0,0,1,0,0,0,0,0,0,1
5424,72621230,KSP0900,21-177053,20210503,615,,TOLER,,RD,KY0319,KY0319,0,098 KY-319,KY0319,N,N,NULL,NULL,NULL,N,NULL,NULL,NULL,NULL,NULL,NULL,1.04,NULL,NULL,NULL,NULL,,NULL,1,0,1,1,N,N,55,NULL,98,9863,NULL,,Y,37.58536,-82.19596,N,NULL,NULL,NULL,NULL,NULL,NULL,NULL,NULL,9,6,2,1,1,5,3,6,7,3,Y,NULL,Y,Y,620,655,715,N,NULL,44,7,0,N,,N,N,098-KY-0319-0,NULL,NULL,2021,C,7.26E+11,098-KY-0319  -000,HIGH,098-KY-0319  -000,1.04,0,0,0,0,0,0,1,0,0,0,0,1,0,0
5425,72490475,KSP0900,20-10858,20200323,2207,,HIGH,,ST,,,0,098 CS-2029,CS2029,N,N,NULL,NULL,NULL,N,NULL,NULL,NULL,NULL,NULL,NULL,0.044,NULL,NULL,NULL,NULL,,NULL,0,0,2,2,N,N,35,NULL,98,9802,NULL,,Y,37.29859,-82.35191,N,NULL,NULL,NULL,NULL,NULL,NULL,NULL,NULL,1,3,1,5,1,5,3,5,6,3,N,NULL,Y,N,2214,2237,2252,N,NULL,55,,,N,,N,N,098-CS-2029-0,NULL,NULL,2020,O,7.25E+11,098-CS-2029  -000,HIGH,098-CS-2029  -000,0.044,0,0,1,0,0,0,0,0,0,0,0,0,0,0
5426,72506285,KSP0900,20-19133,20200522,829,,COLLINS,,HWY,KY0122,KY0122,0,098 KY-122,KY0122,N,N,NULL,NULL,NULL,N,NULL,NULL,NULL,NULL,NULL,NULL,15.621,NULL,NULL,NULL,NULL,,NULL,4,1,2,2,N,N,45,NULL,98,9824,NULL,,Y,37.42213,-82.49957,N,NULL,NULL,NULL,NULL,NULL,NULL,NULL,NULL,3,3,2,3,1,1,2,2,7,3,N,NULL,Y,N,926,945,1230,N,NULL,52,,0,N,,N,N,098-KY-0122-0,NULL,NULL,2020,K,7.25E+11,098-KY-0122  -000,HIGH,098-KY-0122  -000,15.621,0,0,0,0,0,0,0,0,1,1,0,1,0,0
5427,72500571,KSP0900,20-16950,20200506,1213,,KY612,,,KY0612,KY0612,0,098 KY-612,KY0612,N,N,NULL,NULL,NULL,N,NULL,NULL,NULL,NULL,NULL,NULL,8.636,NULL,NULL,NULL,NULL,,NULL,0,0,2,2,N,N,45,NULL,98,9834,NULL,,Y,37.6751,-82.2997,N,NULL,NULL,NULL,NULL,NULL,NULL,NULL,NULL,7,3,2,4,1,5,3,2,7,3,N,NULL,N,N,1213,1215,1251,N,NULL,54,8,0,N,,N,N,098-KY-0612-0,NULL,NULL,2020,O,7.25E+11,098-KY-0612  -000,HIGH,098-KY-0612  -000,8.636,0,0,0,0,0,0,1,1,0,0,0,1,0,0
5428,72613510,KSP0900,21-147819,20210413,1619,,APPALACHIAN,,PLZ,,,,,,Y,N,NULL,NULL,NULL,N,NULL,NULL,NULL,NULL,NULL,NULL,0.132,NULL,NULL,NULL,NULL,,NULL,0,0,2,2,N,N,,NULL,98,9834,NULL,,Y,37.66673,-82.27541,N,NULL,NULL,NULL,NULL,NULL,NULL,NULL,NULL,2,97,,6,1,1,2,2,1,3,N,NULL,Y,N,1621,1645,,N,NULL,90,,,N,,N,N,,NULL,NULL,2021,O,7.26E+11,098-PR-1008  -000,LOW,098-PR-1008  -000,0.132,0,0,0,0,0,0,1,0,0,0,0,0,0,0
5429,72627583,KSP0900,21-207012,20210521,2146,,FERRELLS CREEK,,RD,US0460,US0460,0,098 US-460,US0460,N,N,NULL,NULL,NULL,N,NULL,NULL,NULL,NULL,NULL,NULL,22.54,NULL,NULL,NULL,NULL,,NULL,0,0,1,1,N,N,55,NULL,98,9847,NULL,,Y,37.38156,-82.25493,N,NULL,NULL,NULL,NULL,NULL,NULL,NULL,NULL,9,3,2,6,1,1,2,6,7,3,N,NULL,Y,N,2215,2250,,N,NULL,38,,1,N,,N,N,098-US-0460-0,NULL,NULL,2021,O,7.26E+11,098-US-0460  -000,HIGH,098-US-0460  -000,22.54,0,0,0,1,0,0,0,0,0,0,0,0,0,0
5430,72519248,KSP0900,20-580207,20200703,1215,,MALL,,RD,,,0,098 CR-1037,CR1037,Y,N,NULL,NULL,NULL,N,NULL,NULL,NULL,NULL,NULL,NULL,0.064,NULL,NULL,NULL,NULL,,NULL,0,0,2,2,N,N,,NULL,98,9834,NULL,,Y,37.6523,-82.2692,N,NULL,NULL,NULL,NULL,NULL,NULL,NULL,NULL,1,97,,6,1,1,2,2,7,3,N,NULL,Y,N,1215,1245,1255,N,NULL,90,,,N,,N,N,098-CR-1037-0,NULL,NULL,2020,O,7.25E+11,098-CR-1037  -000,HIGH,098-CR-1037  -000,0.064,0,0,0,1,0,0,0,1,0,0,0,0,0,0
5431,72751320,980100,2.02E+11,20220416,2027,,BAIRD,,AVE,KY1426,KY1426,0,098 KY-1426,KY1426,N,N,NULL,NULL,NULL,N,NULL,NULL,NULL,NULL,NULL,NULL,5.387,NULL,NULL,NULL,NULL,,NULL,0,0,2,2,N,N,55,NULL,98,9801,NULL,,Y,37.47339,-82.52714,N,NULL,NULL,NULL,NULL,NULL,NULL,NULL,NULL,1,3,2,6,1,1,2,5,1,3,N,NULL,Y,N,2027,2038,2044,N,NULL,55,,0,N,,N,N,098-KY-1426-0,NULL,NULL,2022,O,7.28E+11,098-KY-1426  -000,HIGH,098-KY-1426  -000,5.387,0,0,0,1,0,0,1,0,0,0,0,0,0,1
5432,72531137,980100,2.02E+11,20200813,1610,,US23,,,US0023,US0023,,,,N,N,NULL,NULL,NULL,N,NULL,NULL,NULL,NULL,NULL,NULL,21.541,NULL,NULL,NULL,NULL,,NULL,0,0,2,2,N,N,45,NULL,98,9801,NULL,,Y,37.45232,-82.52303,N,NULL,NULL,NULL,NULL,NULL,NULL,NULL,NULL,2,2,4,6,1,1,2,2,1,3,N,NULL,Y,N,1610,1618,,N,NULL,56,,1,N,,N,N,,NULL,NULL,2020,O,7.25E+11,098-US-0023  -000,MEDIUM,098-US-0023  -000,21.541,0,0,0,0,0,0,1,0,0,0,0,0,0,1
5433,72708138,KSP0900,21-496953,20211206,1821,,CHURCH,,ST,,,0,098 CS-3002,CS3002,Y,N,NULL,NULL,NULL,N,NULL,NULL,NULL,NULL,NULL,NULL,0.045,NULL,NULL,NULL,NULL,,NULL,0,0,2,2,N,N,,NULL,98,9807,NULL,,Y,37.51585,-82.56371,N,NULL,NULL,NULL,NULL,NULL,NULL,NULL,NULL,2,97,1,6,1,1,2,6,1,3,N,NULL,Y,N,1937,1943,,N,NULL,90,,,N,,N,N,098-CS-3002-0,NULL,NULL,2021,O,7.27E+11,098-CS-3002  -000,HIGH,098-CS-3002  -000,0.045,0,0,1,1,0,0,0,0,0,0,0,1,0,0
5434,72482184,KSP0900,20-7662,20200227,1646,,KY1056,,,KY1056,KY1056,0,098 KY-1056,KY1056,N,N,NULL,NULL,NULL,N,NULL,NULL,NULL,NULL,NULL,NULL,7.384,NULL,NULL,NULL,NULL,,NULL,1,0,1,1,N,N,35,NULL,98,9863,NULL,,Y,37.57681,-82.1827,N,NULL,NULL,NULL,NULL,NULL,NULL,NULL,NULL,9,3,2,3,1,1,2,2,7,3,N,NULL,Y,Y,1646,1654,1800,N,NULL,44,7,0,N,,N,N,098-KY-1056-0,NULL,NULL,2020,B,7.25E+11,098-KY-1056  -000,HIGH,098-KY-1056  -000,7.384,0,0,0,0,0,0,0,0,1,0,0,1,0,0
5435,72507244,980100,2.02E+11,20200603,1228,,HUFFMAN,,AVE,,,0,098 CS-1123,CS1123,N,N,NULL,NULL,NULL,N,NULL,NULL,NULL,NULL,NULL,NULL,0.097,NULL,NULL,NULL,NULL,,NULL,0,0,2,2,N,N,15,NULL,98,9801,NULL,,Y,37.47772,-82.51855,N,NULL,NULL,NULL,NULL,NULL,NULL,NULL,NULL,1,3,3,6,1,1,2,2,1,3,N,NULL,Y,N,1228,1233,1300,N,NULL,55,,,Y,,N,N,098-CS-1123-0,NULL,NULL,2020,O,7.25E+11,098-CS-1123  -000,HIGH,098-CS-1123  -000,0.097,0,0,0,0,0,0,0,0,1,0,0,0,0,1
5436,72725011,KSP0900,22-34027,20220128,1235,,BOWLING,,FRK,,,0,098 CR-1206Q3,CR1206Q3,N,N,NULL,NULL,NULL,N,NULL,NULL,NULL,NULL,NULL,NULL,1.916,NULL,NULL,NULL,NULL,,NULL,1,0,1,1,N,N,35,NULL,98,9802,6,W,N,37.30047,-82.50487,N,NULL,NULL,NULL,NULL,NULL,NULL,NULL,NULL,9,5,2,3,2,1,9,2,7,3,Y,NULL,Y,N,1237,1305,1345,N,NULL,44,,,Y,,N,N,098-CR-1206Q3-0,NULL,NULL,2022,B,7.27E+11,098-CR-1206Q3-000,HIGH,098-CR-1206Q3-000,1.916,0,0,0,0,0,0,0,0,0,0,0,1,0,0
5437,72750637,980100,2.02E+11,20220408,1704,,US23,,,US0023,US0023,0,098 US-23,US0023,N,N,NULL,NULL,NULL,N,NULL,NULL,NULL,NULL,NULL,NULL,26.204,NULL,NULL,NULL,NULL,,NULL,0,0,3,3,N,N,55,NULL,98,9801,NULL,,Y,37.50253,-82.532,N,NULL,NULL,NULL,NULL,NULL,NULL,NULL,NULL,5,3,4,6,1,5,3,2,7,3,N,NULL,Y,N,1704,1710,1710,N,NULL,70,,1,N,,N,N,098-US-0023-0,NULL,NULL,2022,O,7.28E+11,098-US-0023  -000,HIGH,098-US-0023  -000,26.204,0,0,1,0,0,0,1,1,0,0,0,0,0,1
5438,72489099,KSP0900,20-10265,20200318,1811,,CHLOE,,RD,KY1460,KY1460,0,098 KY-1460,KY1460,N,N,NULL,NULL,NULL,N,NULL,NULL,NULL,NULL,NULL,NULL,2.147,NULL,NULL,NULL,NULL,,NULL,0,0,2,2,N,N,45,NULL,98,9801,NULL,,Y,37.46024,-82.47822,N,NULL,NULL,NULL,NULL,NULL,NULL,NULL,NULL,7,3,2,4,1,5,2,2,7,3,N,NULL,Y,N,1813,1839,,N,NULL,54,,0,Y,,N,N,098-KY-1460-0,NULL,NULL,2020,O,7.25E+11,098-KY-1460  -000,HIGH,098-KY-1460  -000,2.147,0,0,0,0,0,0,0,0,1,0,0,1,0,0
5439,72486049,980000,20-03-001,20200306,1800,,KY194,,,KY0194,KY0194,0,098 KY-194,KY0194,N,N,NULL,NULL,NULL,N,NULL,NULL,NULL,NULL,NULL,NULL,26.101,NULL,NULL,NULL,NULL,,NULL,2,0,1,1,N,N,55,NULL,98,9817,NULL,,Y,37.50216,-82.35788,N,NULL,NULL,NULL,NULL,NULL,NULL,NULL,NULL,9,3,2,3,1,5,11,2,7,3,Y,NULL,Y,Y,1800,1800,1845,N,NULL,70,6,0,N,,N,N,098-KY-0194-0,NULL,NULL,2020,B,7.25E+11,098-KY-0194  -000,HIGH,098-KY-0194  -000,26.101,0,0,0,0,0,0,1,0,0,0,0,1,0,0
5440,72783120,980100,2.02E+11,20220709,1357,,US23,,,US0023,US0023,0,098 US-23-10,US0023,Y,N,NULL,NULL,NULL,N,NULL,NULL,NULL,NULL,NULL,NULL,20.833,NULL,NULL,NULL,NULL,,NULL,0,0,1,1,N,N,15,NULL,98,9801,NULL,,Y,37.44316,-82.52351,N,NULL,NULL,NULL,NULL,NULL,NULL,NULL,NULL,9,97,1,6,1,5,3,2,1,3,N,NULL,Y,N,1357,1402,1402,N,NULL,90,,1,N,,N,N,098-US-0023-10,NULL,NULL,2022,O,7.28E+11,098-US-0023  -010,HIGH,098-US-0023  -000,20.833,0,0,0,1,0,0,1,0,0,0,0,1,0,1
5441,72688707,980100,2.02E+11,20211026,737,,HAMBLEY,,BLVD,,,0,098 CS-1222,CS1222,N,Y,OWSLEY,,RD,N,NULL,NULL,NULL,NULL,NULL,NULL,1.712,NULL,NULL,NULL,NULL,,NULL,3,0,2,2,N,N,35,NULL,98,9801,NULL,,Y,37.48168,-82.53329,N,NULL,NULL,NULL,NULL,NULL,NULL,NULL,NULL,1,3,2,6,1,5,6,5,1,3,Y,NULL,Y,Y,737,740,911,N,NULL,10,,,N,,N,N,098-CS-1222-0,NULL,NULL,2021,C,7.27E+11,098-CS-1222  -000,HIGH,098-CS-1222  -000,1.712,0,0,0,0,0,0,1,0,0,1,1,0,0,1
5442,72536256,KSP0900,20-668163,20200826,1330,,US119,,,US0119,US0119,0,098 US-119-10,US0119,Y,N,NULL,NULL,NULL,N,NULL,NULL,NULL,NULL,NULL,NULL,23.836,NULL,NULL,NULL,NULL,,NULL,0,0,2,2,N,N,10,NULL,98,9834,NULL,,Y,37.65347,-82.26894,N,NULL,NULL,NULL,NULL,NULL,NULL,NULL,NULL,1,97,4,6,1,1,2,2,1,3,N,NULL,Y,N,1330,1355,1430,N,NULL,90,2,1,N,,N,N,098-US-0119-10,NULL,NULL,2020,O,7.25E+11,098-US-0119  -010,HIGH,098-US-0119  -000,23.836,0,1,0,0,0,0,1,0,0,0,0,0,0,0
5443,72524075,KSP0900,20-598503,20200713,1647,,STONE COAL CREEK,,RD,KY3227,KY3227,0,098 KY-3227,KY3227,N,N,NULL,NULL,NULL,N,NULL,NULL,NULL,NULL,NULL,NULL,2.395,NULL,NULL,NULL,NULL,,NULL,0,0,2,2,Y,N,55,NULL,98,9801,NULL,,Y,37.53613,-82.52599,N,NULL,NULL,NULL,NULL,NULL,NULL,NULL,NULL,8,3,2,3,1,1,2,2,7,3,N,NULL,Y,N,1647,1656,1656,N,NULL,53,8,0,Y,,N,N,098-KY-3227-0,NULL,NULL,2020,O,7.25E+11,098-KY-3227  -000,HIGH,098-KY-3227  -000,2.395,0,0,1,0,0,0,0,0,1,0,0,1,0,0
5444,72648648,KSP0900,21-296504,20210717,2145,,US23,,,US0023,US0023,0,098 US-23-10,US0023,N,N,NULL,NULL,NULL,N,NULL,NULL,NULL,NULL,NULL,NULL,0.001,NULL,NULL,NULL,NULL,,NULL,0,0,1,1,N,N,55,NULL,98,9809,NULL,,Y,37.24047,-82.62185,N,NULL,NULL,NULL,NULL,NULL,NULL,NULL,NULL,9,3,4,4,1,5,6,7,7,3,N,NULL,Y,N,2143,2201,2201,N,NULL,38,,1,N,,N,N,098-US-0023-10,NULL,NULL,2021,O,7.26E+11,098-US-0023  -010,HIGH,098-US-0023  -000,0.001,0,0,0,0,0,0,0,0,0,0,0,0,0,0
5445,72503389,980500,2020AR027,20200521,1404,,US HWY 23,N,,,,,,,N,N,NULL,NULL,NULL,N,NULL,NULL,NULL,NULL,NULL,NULL,,NULL,NULL,NULL,NULL,NULL,NULL,0,0,2,2,N,N,45,NULL,98,9807,NULL,,Y,37.52242,-82.57059,N,NULL,NULL,NULL,NULL,NULL,NULL,NULL,NULL,5,3,8,6,1,1,3,2,7,3,N,NULL,Y,Y,1410,1416,1416,N,NULL,70,,,N,,N,N,,NULL,NULL,2020,O,7.25E+11,098-US-0023  -000,MEDIUM,098-US-0023  -000,28.877,0,0,0,1,0,0,0,0,0,0,0,0,0,0
5446,72519335,980500,2020AR035,20200709,1440,,COUNTRY MUSIC HIGHWAY,,,,,,,,N,N,NULL,NULL,NULL,N,NULL,NULL,NULL,NULL,NULL,NULL,,NULL,NULL,NULL,NULL,NULL,NULL,0,0,2,2,N,N,45,NULL,98,9807,NULL,,Y,37.5298,-82.57588,N,NULL,NULL,NULL,NULL,NULL,NULL,NULL,NULL,1,3,2,6,1,1,2,2,7,3,N,NULL,Y,Y,1438,1440,1440,N,NULL,55,,0,N,,N,N,,NULL,NULL,2020,O,7.25E+11,098-US-0023  -000,MEDIUM,098-US-0023  -000,29.464,0,0,0,0,0,0,1,0,0,0,0,1,0,0
5447,72574814,KSP0900,20-821380,20201209,1240,,US119,,,US0119,US0119,0,098 US-119,US0119,Y,N,NULL,NULL,NULL,N,NULL,NULL,NULL,NULL,NULL,NULL,23.98,NULL,NULL,NULL,NULL,,NULL,0,0,2,2,N,N,55,NULL,98,9834,NULL,,Y,37.65563,-82.26954,N,NULL,NULL,NULL,NULL,NULL,NULL,NULL,NULL,2,97,2,6,1,1,3,2,1,3,N,NULL,Y,N,1241,1244,1244,N,NULL,90,2,1,N,,N,N,098-US-0119-0,NULL,NULL,2020,O,7.26E+11,098-US-0119  -000,HIGH,098-US-0119  -000,23.98,0,0,0,1,0,0,1,0,0,0,0,0,0,0
5448,72574072,980100,2.02E+11,20201211,1939,,CASSIDY,,BLVD,,,0,098 CS-1191,CS1191,N,N,NULL,NULL,NULL,N,NULL,NULL,NULL,NULL,NULL,NULL,0.298,NULL,NULL,NULL,NULL,,NULL,0,0,2,2,N,N,15,NULL,98,9801,NULL,,Y,37.50505,-82.53678,N,NULL,NULL,NULL,NULL,NULL,NULL,NULL,NULL,2,7,2,6,1,1,2,7,1,3,N,NULL,Y,N,1939,1951,,N,NULL,56,,,N,,N,N,098-CS-1191-0,NULL,NULL,2020,O,7.26E+11,098-CS-1191  -000,HIGH,098-CS-1191  -000,0.298,0,0,1,0,0,0,1,0,0,0,0,0,0,1
5449,72705463,980100,2.02E+11,20211206,1238,,MAYO,N,TRL,US0023,US0023,0,098 US-23-10,US0023,N,N,NULL,NULL,NULL,N,NULL,NULL,NULL,NULL,NULL,NULL,26.104,NULL,NULL,NULL,NULL,,NULL,0,0,1,1,N,N,55,NULL,98,9801,NULL,,Y,37.50113,-82.53197,N,NULL,NULL,NULL,NULL,NULL,NULL,NULL,NULL,9,6,4,6,1,5,6,2,1,3,N,NULL,Y,N,1238,1242,1242,Y,NULL,40,,1,N,,N,N,098-US-0023-10,NULL,NULL,2021,O,7.27E+11,098-US-0023  -010,HIGH,098-US-0023  -000,26.104,0,0,0,1,0,0,1,0,0,0,0,1,0,1
5450,72676936,980100,2.02E+11,20210929,1602,,CASSIDY,,BLVD,,,0,098 CS-1191,CS1191,N,N,NULL,NULL,NULL,N,NULL,NULL,NULL,NULL,NULL,NULL,0.054,NULL,NULL,NULL,NULL,,NULL,0,0,2,2,N,N,35,NULL,98,9801,NULL,,Y,37.5037,-82.53304,N,NULL,NULL,NULL,NULL,NULL,NULL,NULL,NULL,1,3,4,6,1,1,2,2,7,3,N,NULL,Y,N,1602,1614,1629,N,NULL,55,,,N,,N,N,098-CS-1191-0,NULL,NULL,2021,O,7.27E+11,098-CS-1191  -000,HIGH,098-CS-1191  -000,0.054,0,0,0,0,0,0,1,0,0,0,0,0,0,1
5451,72675948,KSP0900,21-400577,20210927,1500,,KY1469,,,KY1469,KY1469,0,098 KY-1469,KY1469,N,N,NULL,NULL,NULL,N,NULL,NULL,NULL,NULL,NULL,NULL,12.786,NULL,NULL,NULL,NULL,,NULL,0,0,1,1,N,N,55,NULL,98,9827,NULL,,Y,37.35556,-82.57645,N,NULL,NULL,NULL,NULL,NULL,NULL,NULL,NULL,9,3,2,3,1,1,2,2,6,3,N,NULL,Y,N,1502,1519,1530,N,NULL,70,7,0,N,,N,N,098-KY-1469-0,NULL,NULL,2021,O,7.27E+11,098-KY-1469  -000,HIGH,098-KY-1469  -000,12.786,0,0,0,0,0,0,0,0,0,0,0,1,0,0
5452,72479531,980100,2.02E+11,20200218,1348,,BYPASS RD,,RD,,,0,098 CS-1223,CS1223,Y,N,NULL,NULL,NULL,N,NULL,NULL,NULL,NULL,NULL,NULL,,NULL,NULL,NULL,NULL,NULL,NULL,0,0,2,2,Y,N,,NULL,98,9801,NULL,,Y,37.47128,-82.52117,N,NULL,NULL,NULL,NULL,NULL,NULL,NULL,NULL,1,97,1,6,2,1,2,2,1,3,N,NULL,Y,N,1348,1354,1354,N,NULL,90,,,N,,N,N,098-CS-1223-0,NULL,NULL,2020,O,7.25E+11,098-CS-1223  -000,HIGH,098-CS-1223  -000,0.135,0,0,0,1,0,0,0,0,0,0,0,0,0,1
5453,72801425,KSP0900,22-335037,20220829,1742,,VARNEY,,DR,,,,,,Y,N,NULL,NULL,NULL,N,NULL,NULL,NULL,NULL,NULL,NULL,0.034,NULL,NULL,NULL,NULL,,NULL,1,0,2,1,N,N,10,NULL,98,9836,NULL,,Y,37.63789,-82.25215,N,NULL,NULL,NULL,NULL,NULL,NULL,NULL,NULL,9,97,,6,1,1,2,2,5,3,N,NULL,N,N,1734,1804,1818,N,NULL,90,,,N,,N,N,,NULL,NULL,2022,C,7.28E+11,098-CR-1068  -000,MEDIUM,098-CR-1068  -000,0.034,0,0,0,0,1,0,0,0,0,0,0,0,0,0
5454,72802194,980100,2.02E+11,20220901,1801,,US23,,,US0023,US0023,0,098 US-23,US0023,N,N,NULL,NULL,NULL,N,NULL,NULL,NULL,NULL,NULL,NULL,25.72,NULL,NULL,NULL,NULL,,NULL,1,0,4,4,N,N,55,NULL,98,9801,NULL,,Y,37.49567,-82.53117,N,NULL,NULL,NULL,NULL,NULL,NULL,NULL,NULL,5,3,4,6,1,1,2,2,7,3,Y,NULL,Y,Y,1801,1803,1842,N,NULL,49,,1,N,,N,N,098-US-0023-0,NULL,NULL,2022,B,7.28E+11,098-US-0023  -000,HIGH,098-US-0023  -000,25.72,0,0,0,1,0,0,1,0,0,0,0,0,0,1
5455,72742341,980100,2.02E+11,20220317,2201,,,,,US0023,US0023,,,,N,Y,US23 S RAMP TO KY1384,,,N,NULL,NULL,NULL,NULL,NULL,NULL,0.238,NULL,NULL,NULL,NULL,,NULL,0,0,2,2,N,Y,55,NULL,98,9801,NULL,,Y,37.47928,-82.54311,N,NULL,NULL,NULL,NULL,NULL,NULL,NULL,NULL,5,3,2,2,1,1,2,5,1,3,N,NULL,Y,N,2201,2206,,N,NULL,35,,1,N,,N,N,,NULL,NULL,2022,O,7.27E+11,098-US-0023  -231,HIGH,098-US-0023  -231,0.238,0,0,0,0,0,0,1,1,0,0,1,0,0,1
5456,72480176,KSP0900,20-7287,20200224,1603,,US460,,,US0460,US0460,0,098 US-460,US0460,Y,N,NULL,NULL,NULL,N,NULL,NULL,NULL,NULL,NULL,NULL,2.395,NULL,NULL,NULL,NULL,,NULL,0,0,2,2,N,N,,NULL,98,9824,NULL,,Y,37.4329,-82.48428,N,NULL,NULL,NULL,NULL,NULL,NULL,NULL,NULL,2,97,1,6,1,5,6,2,1,3,N,NULL,Y,N,1622,1632,1644,N,NULL,90,,1,N,,N,N,098-US-0460-0,NULL,NULL,2020,O,7.25E+11,098-US-0460  -000,HIGH,098-US-0460  -000,2.395,0,0,0,1,0,0,1,0,0,0,0,0,0,0