OBJECTID,MasterFile,AgencyORINumber,LocalCode,CollisionDate,CollisionTime,CollisionDayWeekCode,RoadwayName,RoadwayName_Direction_,RoadwayName_RoadwaySuffix_,RoadwayfromReport,CurrentRoadwayNumber,RoadwayNumberCoupletID,RSEUniqueGIS,RoadwayIdentifier,ParkingLotIndicator,IntersectionWith_Indicator_,IntersectionWith_NameRoadway_,IntersectionWith_Direction_,IntersectionWith_RoadwaySuffix_,BetweenStreets_Indicator_,BetweenStreets1_NameRoadway_,BetweenStreet1_Direction_,BetweenStreets1_RoadwaySuffix_,BetweenStreets2_NameRoadway_,BetweenStreets2_Direction_,BetweenStreets2_RoadwaySuffix_,Milepoint,ReportMilepointDeriveNumber,CurrentDerivedMiepointNumber,MilestoMilepoint,FeettoMilepoint,DirectionfromMilepoint_NSEW_,ValidMilepointIndicator,NumberInjured,NumberKilled,ofUnits,ofMotorVehicleUnits,Hit&RunIndicator,OneWayIndicator,SpeedLimitNumber,KilometersIndicator,CountyCode,CityCountyCode,MilesFromCity,DirectionFromCity_NSEW_,InCityLimitsIndicator,Latitude,Longitude,RampIndicator,RampFromIdentifier,RampFromDirCode,RampFromCoupletID,RSEUniqueGISRampFrom,RampToidentifier,RampToDirCode,RampToCoupletID,RSEUniqueGisRampTo,MannerofCollisionCode,LocationFirstEventCode,TotalLanes,RoadwayCharacterCode,RoadwaySurfaceCode,RoadwayConditionCode,WeatherCode,LightConditionCode,LandUseCode,SchoolBusRelatedCode,FirstAidSceneIndicator,CollDescPresentInd,InvestigationCompleteIndicator,PhotosTakenIndicator,TimeNotified,TimeArrived,TimeRoadwayOpened,PropertyDamageIndicator,DiagramPresentIndicator,DirectionalAnalysis,FunctionClassCode,NationalHwySysCode,EnforcementsIndicator,KARSCityCode,SecondaryCollisionIndicator,MedianCrossoverIndicator,RT_UNIQUE,MapIt,TimeLastLeft,YR,KABCO,MFNY,WorkingRID,RT_CONFIDENCE,KTC_RT,KTC_MP,Motorcyclist,Commercial Vehicle,Young Driver,Mature Driver,Pedestrian,Bicyclist,Distracted,Aggressive,Impaired,Unrestrained,Intersection,Roadway Departure,Median Cross-over,City Crash
5457,72513118,KSP0900,20-554838,20200619,1824,,KY194,,,KY0194,KY0194,0,098 KY-194,KY0194,N,N,NULL,NULL,NULL,N,NULL,NULL,NULL,NULL,NULL,NULL,20.189,NULL,NULL,NULL,NULL,,NULL,0,0,2,2,N,N,55,NULL,98,9820,NULL,,Y,37.54628,-82.40119,N,NULL,NULL,NULL,NULL,NULL,NULL,NULL,NULL,8,3,2,6,1,5,6,2,7,3,N,NULL,Y,Y,2005,2044,2044,N,NULL,53,6,0,N,,N,N,098-KY-0194-0,NULL,NULL,2020,O,7.25E+11,098-KY-0194  -000,HIGH,098-KY-0194  -000,20.189,0,0,0,0,0,0,0,0,0,0,0,1,0,0
5458,72521830,KSP0900,20-593520,20200710,1730,,KY1056,,,KY1056,KY1056,0,098 KY-1056,KY1056,N,N,NULL,NULL,NULL,N,NULL,NULL,NULL,NULL,NULL,NULL,11.589,NULL,NULL,NULL,NULL,,NULL,2,0,1,1,N,N,35,NULL,98,9863,NULL,,Y,37.62063,-82.16795,N,NULL,NULL,NULL,NULL,NULL,NULL,NULL,NULL,9,3,2,1,1,1,2,2,7,3,N,NULL,Y,N,1733,1753,1854,N,NULL,70,7,0,N,,N,N,098-KY-1056-0,NULL,NULL,2020,B,7.25E+11,098-KY-1056  -000,HIGH,098-KY-1056  -000,11.589,0,0,0,0,0,0,1,0,0,0,0,1,0,0
5459,72713483,980100,2.02E+11,20211225,732,,HAROLDS BRANCH,,RD,,,0,098 CS-1223,CS1223,Y,N,NULL,NULL,NULL,N,NULL,NULL,NULL,NULL,NULL,NULL,0.006,NULL,NULL,NULL,NULL,,NULL,0,0,2,2,N,N,15,NULL,98,9801,NULL,,Y,37.47273,-82.52271,N,NULL,NULL,NULL,NULL,NULL,NULL,NULL,NULL,2,97,1,6,1,1,2,1,1,3,N,NULL,Y,N,732,735,735,N,NULL,90,,,N,,N,N,098-CS-1223-0,NULL,NULL,2021,O,7.27E+11,098-CS-1223  -000,HIGH,098-CS-1223  -000,0.006,0,0,1,0,0,0,1,0,0,0,0,0,0,1
5460,72792921,980100,2.02E+11,20220809,1002,,BYPASS,S,RD,KY1426,KY1426,,,,N,Y,COMBS,,AVE,N,NULL,NULL,NULL,NULL,NULL,NULL,6.57,NULL,NULL,NULL,NULL,,NULL,0,0,2,2,N,N,45,NULL,98,9801,NULL,,Y,37.48259,-82.51357,N,NULL,NULL,NULL,NULL,NULL,NULL,NULL,NULL,5,3,4,6,1,1,2,2,7,3,N,NULL,Y,N,1002,1002,,N,NULL,35,,0,N,,N,N,,NULL,NULL,2022,O,7.28E+11,098-KY-1426  -000,HIGH,098-KY-1426  -000,6.57,0,0,0,0,0,0,1,0,0,0,1,0,0,1
5461,72767578,980100,2.02E+11,20220528,1230,,COLLEGE,S,ST,,,0,098 CS-1152,CS1152,Y,N,NULL,NULL,NULL,N,NULL,NULL,NULL,NULL,NULL,NULL,0.278,NULL,NULL,NULL,NULL,,NULL,0,0,2,2,N,N,15,NULL,98,9801,NULL,,Y,37.4747,-82.5257,N,NULL,NULL,NULL,NULL,NULL,NULL,NULL,NULL,2,97,,6,1,1,3,2,6,3,N,NULL,Y,N,1230,1236,1236,N,NULL,90,,,N,,N,N,098-CS-1152-0,NULL,NULL,2022,O,7.28E+11,098-CS-1152  -000,HIGH,098-CS-1152  -000,0.278,0,0,1,0,0,0,1,0,0,0,0,0,0,1
5462,72595110,KSP0900,21-62843,20210216,1250,,US119,,,US0119,US0119,0,098 US-119-10,US0119,N,N,NULL,NULL,NULL,N,NULL,NULL,NULL,NULL,NULL,NULL,23.869,NULL,NULL,NULL,NULL,,NULL,0,0,2,2,N,N,55,NULL,98,9834,NULL,,Y,37.65392,-82.26918,N,NULL,NULL,NULL,NULL,NULL,NULL,NULL,NULL,8,3,4,6,1,5,9,2,7,3,N,NULL,Y,N,1250,1337,1339,N,NULL,53,2,1,N,,N,N,098-US-0119-10,NULL,NULL,2021,O,7.26E+11,098-US-0119  -010,HIGH,098-US-0119  -000,23.869,0,0,0,1,0,0,1,1,0,0,0,1,0,0
5463,72589825,KSP0900,21-27889,20210121,1824,,KY1056,,,KY1056,KY1056,0,098 KY-1056,KY1056,N,N,NULL,NULL,NULL,N,NULL,NULL,NULL,NULL,NULL,NULL,0.993,NULL,NULL,NULL,NULL,,NULL,0,0,2,2,N,N,55,NULL,98,9879,NULL,,Y,37.56432,-82.24667,N,NULL,NULL,NULL,NULL,NULL,NULL,NULL,NULL,8,3,2,6,1,1,2,6,7,3,N,NULL,Y,Y,1827,1846,1846,N,NULL,53,8,0,N,,N,N,098-KY-1056-0,NULL,NULL,2021,O,7.26E+11,098-KY-1056  -000,HIGH,098-KY-1056  -000,0.993,0,0,0,1,0,0,1,1,0,0,0,1,0,0
5464,72634461,KSP0900,21-236516,20210609,1728,,APPALACHIAN,,PLZ,,,0,098 PR-1008,PR1008,N,N,NULL,NULL,NULL,N,NULL,NULL,NULL,NULL,NULL,NULL,0.114,NULL,NULL,NULL,NULL,,NULL,0,0,2,2,N,N,15,NULL,98,9834,NULL,,Y,37.66684,-82.27516,N,NULL,NULL,NULL,NULL,NULL,NULL,NULL,NULL,6,3,1,6,3,5,6,2,7,2,N,NULL,N,N,1730,1810,1810,N,NULL,70,,,N,,N,N,098-PR-1008-0,NULL,NULL,2021,O,7.26E+11,098-PR-1008  -000,HIGH,098-PR-1008  -000,0.114,0,0,0,0,0,0,0,1,0,0,0,0,0,0
5465,72592686,980100,2.02E+11,20210204,1340,,HAMBLEY,,BLVD,,,0,098 CS-1222,CS1222,N,N,NULL,NULL,NULL,N,NULL,NULL,NULL,NULL,NULL,NULL,1.712,NULL,NULL,NULL,NULL,,NULL,1,0,2,2,N,N,35,NULL,98,9801,NULL,,Y,37.48169,-82.53329,N,NULL,NULL,NULL,NULL,NULL,NULL,NULL,NULL,4,3,2,6,1,1,2,2,7,3,Y,NULL,Y,Y,1340,1343,1408,N,NULL,70,,,N,,N,N,098-CS-1222-0,NULL,NULL,2021,B,7.26E+11,098-CS-1222  -000,HIGH,098-CS-1222  -000,1.712,0,0,0,0,0,0,1,1,0,0,0,0,0,1
5466,72547421,980100,2.02E+11,20200928,2310,,BYPASS,S,RD,KY1426,KY1426,0,098 KY-1426,KY1426,N,N,NULL,NULL,NULL,N,NULL,NULL,NULL,NULL,NULL,NULL,5.575,NULL,NULL,NULL,NULL,,NULL,2,0,3,3,N,N,35,NULL,98,9801,NULL,,Y,37.47239,-82.5249,N,NULL,NULL,NULL,NULL,NULL,NULL,NULL,NULL,1,3,2,6,1,5,6,5,1,3,N,NULL,Y,Y,2310,2313,6,N,NULL,55,,0,N,,N,N,098-KY-1426-0,NULL,NULL,2020,C,7.25E+11,098-KY-1426  -000,HIGH,098-KY-1426  -000,5.575,0,0,1,0,0,0,0,0,0,0,0,0,0,1
5467,72586673,980100,2.02E+11,20210116,1355,,US23,,,US0023,US0023,,,,N,N,NULL,NULL,NULL,N,NULL,NULL,NULL,NULL,NULL,NULL,26.221,NULL,NULL,NULL,NULL,,NULL,3,0,3,3,N,N,55,NULL,98,9801,NULL,,Y,37.50286,-82.53232,N,NULL,NULL,NULL,NULL,NULL,NULL,NULL,NULL,5,3,4,6,1,5,3,2,7,3,Y,NULL,Y,N,1356,1403,1423,N,NULL,70,,1,Y,,N,N,,NULL,NULL,2021,C,7.26E+11,098-US-0023  -010,MEDIUM,098-US-0023  -000,26.221,0,0,0,0,0,0,1,0,0,0,0,0,0,1
5468,72471509,KSP0900,2020-4220,20200202,22,,KY194,,,KY0194,KY0194,0,098 KY-194,KY0194,N,N,NULL,NULL,NULL,N,NULL,NULL,NULL,NULL,NULL,NULL,50.824,NULL,NULL,NULL,NULL,,NULL,0,0,1,1,Y,N,55,NULL,98,9811,NULL,,Y,37.46349,-82.12956,N,NULL,NULL,NULL,NULL,NULL,NULL,NULL,NULL,9,3,2,1,1,5,2,7,6,3,N,NULL,N,N,2102,20,20,N,NULL,70,8,0,N,,N,N,098-KY-0194-0,NULL,NULL,2020,O,7.25E+11,098-KY-0194  -000,HIGH,098-KY-0194  -000,50.824,0,0,0,0,0,0,0,0,0,0,0,1,0,0
5469,72512120,KSP0900,20-17988,20200514,1246,,KY194,,,KY0194,KY0194,0,098 KY-194,KY0194,N,N,NULL,NULL,NULL,N,NULL,NULL,NULL,NULL,NULL,NULL,15.594,NULL,NULL,NULL,NULL,,NULL,1,0,2,1,N,N,55,NULL,98,9887,NULL,,Y,37.57016,-82.47301,N,NULL,NULL,NULL,NULL,NULL,NULL,NULL,NULL,9,3,2,6,1,1,3,2,7,3,Y,NULL,Y,Y,1246,1317,1502,N,NULL,36,7,0,N,,N,N,098-KY-0194-0,NULL,NULL,2020,B,7.25E+11,098-KY-0194  -000,HIGH,098-KY-0194  -000,15.594,0,0,0,0,1,0,0,0,0,0,0,0,0,0
5470,72797784,980500,2022AR038,20220825,1551,,MAYO TRAIL,N,RD,KY2061,KY2061,0,098 KY-2061,KY2061,Y,N,NULL,NULL,NULL,N,NULL,NULL,NULL,NULL,NULL,NULL,,NULL,NULL,NULL,NULL,NULL,NULL,0,0,2,2,N,N,15,NULL,98,9807,NULL,,Y,37.5299,-82.57545,N,NULL,NULL,NULL,NULL,NULL,NULL,NULL,NULL,2,97,2,6,1,1,2,2,5,3,N,NULL,Y,Y,1551,1552,1552,N,NULL,90,,0,N,,N,N,098-KY-2061-0,NULL,NULL,2022,O,7.28E+11,098-KY-2061  -000,HIGH,098-KY-2061  -000,0.02,0,0,1,0,0,0,1,0,0,0,0,0,0,0
5471,72773517,980100,2.02E+11,20220610,1331,,CASSIDY,,BLVD,,,0,098 CS-1191,CS1191,Y,N,NULL,NULL,NULL,N,NULL,NULL,NULL,NULL,NULL,NULL,0.039,NULL,NULL,NULL,NULL,,NULL,0,0,2,2,N,N,,NULL,98,9801,NULL,,Y,37.5037,-82.5328,N,NULL,NULL,NULL,NULL,NULL,NULL,NULL,NULL,1,97,1,6,1,1,2,2,1,3,N,NULL,Y,N,1331,1338,1338,N,NULL,90,,,N,,N,N,098-CS-1191-0,NULL,NULL,2022,O,7.28E+11,098-CS-1191  -000,HIGH,098-CS-1191  -000,0.039,0,0,0,1,0,0,1,0,0,0,0,0,0,1
5472,72458176,KSP0900,19-50047,20191224,1200,,KY1469,,,KY1469,KY1469,0,098 KY-1469,KY1469,N,N,NULL,NULL,NULL,N,NULL,NULL,NULL,NULL,NULL,NULL,10.051,NULL,NULL,NULL,NULL,,NULL,0,0,1,1,N,N,55,NULL,98,9827,NULL,,Y,37.33043,-82.60341,N,NULL,NULL,NULL,NULL,NULL,NULL,NULL,NULL,9,4,2,6,1,1,2,2,7,3,N,NULL,Y,N,1210,1230,,N,NULL,44,8,0,N,,N,N,098-KY-1469-0,NULL,NULL,2019,O,7.25E+11,098-KY-1469  -000,HIGH,098-KY-1469  -000,10.051,0,0,0,0,0,0,0,0,0,0,0,1,0,0
5473,72667967,KSP0900,21-372897,20210907,1711,,KY1426,,,KY1426,KY1426,0,098 KY-1426,KY1426,N,N,NULL,NULL,NULL,N,NULL,NULL,NULL,NULL,NULL,NULL,12.387,NULL,NULL,NULL,NULL,,NULL,1,0,2,2,N,N,55,NULL,98,9801,NULL,,Y,37.54126,-82.46839,N,NULL,NULL,NULL,NULL,NULL,NULL,NULL,NULL,1,3,2,6,1,1,2,2,7,3,N,NULL,Y,N,1741,1815,1815,N,NULL,55,7,0,N,,N,N,098-KY-1426-0,NULL,NULL,2021,C,7.27E+11,098-KY-1426  -000,HIGH,098-KY-1426  -000,12.387,0,0,0,1,0,0,1,0,0,0,0,0,0,0
5474,72637262,KSP0900,21-241276,20210612,1607,,KY195,,,KY0195,KY0195,0,098 KY-195,KY0195,N,N,NULL,NULL,NULL,N,NULL,NULL,NULL,NULL,NULL,NULL,5.31,NULL,NULL,NULL,NULL,,NULL,1,0,2,2,N,N,35,NULL,98,9818,NULL,,Y,37.31346,-82.46847,N,NULL,NULL,NULL,NULL,NULL,NULL,NULL,NULL,3,3,2,6,1,1,2,2,7,3,Y,NULL,Y,Y,1407,1430,1430,N,NULL,52,8,0,N,,N,N,098-KY-0195-0,NULL,NULL,2021,C,7.26E+11,098-KY-0195  -000,HIGH,098-KY-0195  -000,5.31,0,0,0,1,0,0,1,0,0,1,0,1,0,0
5475,72520226,KSP0900,20-571552,20200628,1254,,KY195,,,KY0195,KY0195,0,098 KY-195,KY0195,N,N,NULL,NULL,NULL,N,NULL,NULL,NULL,NULL,NULL,NULL,6.395,NULL,NULL,NULL,NULL,,NULL,0,0,2,2,N,N,35,NULL,98,9802,NULL,,Y,37.32332,-82.45847,N,NULL,NULL,NULL,NULL,NULL,NULL,NULL,NULL,1,3,2,3,1,5,5,2,7,3,N,NULL,Y,N,1254,1306,,Y,NULL,55,7,0,N,,N,N,098-KY-0195-0,NULL,NULL,2020,O,7.25E+11,098-KY-0195  -000,HIGH,098-KY-0195  -000,6.395,0,0,0,1,0,0,1,0,0,0,0,0,0,0
5476,72536863,KSP0900,20-668380,20200826,1542,,BRUSHY,,RD,KY0881,KY0881,0,098 KY-881,KY0881,N,N,NULL,NULL,NULL,N,NULL,NULL,NULL,NULL,NULL,NULL,9.913,NULL,NULL,NULL,NULL,,NULL,0,0,2,2,N,N,55,NULL,98,9853,NULL,,Y,37.66412,-82.46838,N,NULL,NULL,NULL,NULL,NULL,NULL,NULL,NULL,7,3,2,2,1,1,2,2,7,3,N,NULL,Y,N,1542,1630,1630,N,NULL,54,9,0,N,,N,N,098-KY-0881-0,NULL,NULL,2020,O,7.25E+11,098-KY-0881  -000,HIGH,098-KY-0881  -000,9.913,0,0,0,1,0,0,0,0,0,0,0,1,0,0
5477,72583738,370200,2021-05755,20210105,1102,,TOLER,,RD,KY0319,KY0319,0,098 KY-319,KY0319,N,N,NULL,NULL,NULL,N,NULL,NULL,NULL,NULL,NULL,NULL,4.561,NULL,NULL,NULL,NULL,,NULL,1,0,2,2,N,N,35,NULL,98,9863,NULL,,Y,37.61497,-82.24007,N,NULL,NULL,NULL,NULL,NULL,NULL,NULL,NULL,3,3,2,3,1,5,3,2,7,3,Y,NULL,Y,Y,1102,1132,1230,N,NULL,52,7,0,Y,,N,N,098-KY-0319-0,NULL,NULL,2021,C,7.26E+11,098-KY-0319  -000,MEDIUM,098-KY-0319  -000,4.561,0,1,1,0,0,0,1,0,0,0,0,1,0,0
5478,72764468,980100,2.02E+11,20220520,1308,,BYPASS,S,RD,KY1426,KY1426,0,098 KY-1426,KY1426,Y,N,NULL,NULL,NULL,N,NULL,NULL,NULL,NULL,NULL,NULL,5.657,NULL,NULL,NULL,NULL,,NULL,0,0,2,2,Y,N,55,NULL,98,9801,NULL,,Y,37.47262,-82.52344,N,NULL,NULL,NULL,NULL,NULL,NULL,NULL,NULL,8,97,2,6,2,1,2,2,5,3,N,NULL,Y,N,1308,1313,1313,N,NULL,90,,0,N,,N,N,098-KY-1426-0,NULL,NULL,2022,O,7.28E+11,098-KY-1426  -000,HIGH,098-KY-1426  -000,5.657,0,0,0,0,0,0,1,0,0,0,0,0,0,1
5479,72645223,980100,2.02E+11,20210708,1951,,US23,,,US0023,US0023,0,098 US-23,US0023,N,N,NULL,NULL,NULL,N,NULL,NULL,NULL,NULL,NULL,NULL,30.957,NULL,NULL,NULL,NULL,,NULL,2,0,1,1,N,N,55,NULL,98,9801,NULL,,Y,37.54005,-82.59243,N,NULL,NULL,NULL,NULL,NULL,NULL,NULL,NULL,9,3,4,6,1,1,2,2,7,3,Y,NULL,Y,Y,1951,1958,2026,N,NULL,38,,1,N,,N,N,098-US-0023-0,NULL,NULL,2021,A,7.26E+11,098-US-0023  -000,HIGH,098-US-0023  -000,30.957,1,0,0,0,0,0,0,0,0,0,0,1,0,1
5480,72704181,980100,2.02E+11,20211201,1018,,BYPASS,S,RD,KY1426,KY1426,0,098 KY-1426,KY1426,Y,N,NULL,NULL,NULL,N,NULL,NULL,NULL,NULL,NULL,NULL,5.617,NULL,NULL,NULL,NULL,,NULL,0,0,2,2,N,N,55,NULL,98,9801,NULL,,Y,37.47256,-82.52293,N,NULL,NULL,NULL,NULL,NULL,NULL,NULL,NULL,2,97,2,5,1,1,2,2,5,3,N,NULL,Y,N,1018,1018,1018,N,NULL,90,,0,N,,N,N,098-KY-1426-0,NULL,NULL,2021,O,7.27E+11,098-KY-1426  -000,HIGH,098-KY-1426  -000,5.617,0,0,0,0,0,0,0,0,0,0,0,0,0,1
5481,72455182,980100,2.02E+11,20191223,1339,,CASSIDY,,BLVD,,,,,,Y,N,NULL,NULL,NULL,N,NULL,NULL,NULL,NULL,NULL,NULL,0.294,NULL,NULL,NULL,NULL,,NULL,0,0,2,2,N,Y,15,NULL,98,9801,NULL,,Y,37.50551,-82.53682,N,NULL,NULL,NULL,NULL,NULL,NULL,NULL,NULL,1,97,1,6,1,1,2,2,1,3,N,NULL,Y,N,1339,1348,,N,NULL,90,,,N,,N,N,,NULL,NULL,2019,O,7.25E+11,098-CS-1191  -000,MEDIUM,098-CS-1191  -000,0.294,0,0,0,1,0,0,1,0,0,0,0,0,0,1
5482,72694820,980100,2.02E+11,20211104,1703,,US23,,,US0023,US0023,0,098 US-23,US0023,N,N,NULL,NULL,NULL,N,NULL,NULL,NULL,NULL,NULL,NULL,26.228,NULL,NULL,NULL,NULL,,NULL,1,0,3,3,N,N,55,NULL,98,9801,NULL,,Y,37.50287,-82.53204,N,NULL,NULL,NULL,NULL,NULL,NULL,NULL,NULL,5,3,4,6,1,1,2,2,1,3,N,NULL,Y,Y,1708,1709,1709,N,NULL,70,,1,N,,N,N,098-US-0023-0,NULL,NULL,2021,B,7.27E+11,098-US-0023  -000,HIGH,098-US-0023  -000,26.228,0,0,0,1,0,0,1,0,0,0,0,0,0,1
5483,72391987,980100,2.02E+11,20190806,1340,,POPLAR,,ST,,,0,098 CS-1160,CS1160,N,N,NULL,NULL,NULL,N,NULL,NULL,NULL,NULL,NULL,NULL,0.101,NULL,NULL,NULL,NULL,,NULL,0,0,2,2,N,N,15,NULL,98,9801,NULL,,Y,37.48,-82.52204,N,NULL,NULL,NULL,NULL,NULL,NULL,NULL,NULL,8,3,1,6,1,1,2,2,1,3,N,NULL,Y,N,1341,1344,1344,N,NULL,53,,,N,,N,N,098-CS-1160-0,NULL,NULL,2019,O,7.24E+11,098-CS-1160  -000,HIGH,098-CS-1160  -000,0.101,0,0,1,0,0,0,0,0,0,1,0,1,0,1
5484,72705947,KSP0900,2021-00493346,20211204,319,,US119,,,US0119,US0119,0,098 US-119,US0119,N,N,NULL,NULL,NULL,N,NULL,NULL,NULL,NULL,NULL,NULL,5.166,NULL,NULL,NULL,NULL,,NULL,0,0,1,1,N,N,55,NULL,98,9833,NULL,,Y,37.52763,-82.4515,N,NULL,NULL,NULL,NULL,NULL,NULL,NULL,NULL,9,3,2,6,1,1,2,6,7,3,N,NULL,N,Y,319,319,537,N,NULL,38,2,1,N,,N,N,098-US-0119-0,NULL,NULL,2021,O,7.27E+11,098-US-0119  -000,HIGH,098-US-0119  -000,5.166,0,0,0,0,0,0,0,0,0,0,0,0,0,0
5485,72504876,KSP0900,20-19824,20200526,1806,,KY194,,,KY0194,KY0194,,,,N,N,NULL,NULL,NULL,N,NULL,NULL,NULL,NULL,NULL,NULL,16.778,NULL,NULL,NULL,NULL,,NULL,0,0,2,2,Y,N,45,NULL,98,9801,NULL,,Y,37.56758,-82.45805,N,NULL,NULL,NULL,NULL,NULL,NULL,NULL,NULL,7,3,2,3,1,1,2,2,7,3,N,NULL,N,N,1808,1832,1832,N,NULL,,,,N,,N,N,,NULL,NULL,2020,O,7.25E+11,098-KY-0194  -000,HIGH,098-KY-0194  -000,16.778,1,0,0,0,0,0,1,0,0,0,0,0,0,0
5486,72653589,980100,2.02E+11,20210727,2114,,US23,,,US0023,US0023,0,098 US-23,US0023,N,N,NULL,NULL,NULL,N,NULL,NULL,NULL,NULL,NULL,NULL,23.565,NULL,NULL,NULL,NULL,,NULL,0,0,2,2,N,N,55,NULL,98,9801,NULL,,Y,37.47109,-82.53391,N,NULL,NULL,NULL,NULL,NULL,NULL,NULL,NULL,8,3,4,6,1,1,3,7,7,3,N,NULL,Y,N,2114,2120,,N,NULL,53,,1,Y,,N,N,098-US-0023-0,NULL,NULL,2021,O,7.27E+11,098-US-0023  -000,HIGH,098-US-0023  -000,23.565,0,0,0,1,0,0,1,0,0,0,0,1,0,1
5487,72424216,KSP0900,19-41405,20191021,1403,,FERRELLS CREEK,,RD,US0460,US0460,0,098 US-460,US0460,N,N,NULL,NULL,NULL,N,NULL,NULL,NULL,NULL,NULL,NULL,22.479,NULL,NULL,NULL,NULL,,NULL,0,0,2,2,N,N,55,NULL,98,9847,NULL,,Y,37.38267,-82.2548,N,NULL,NULL,NULL,NULL,NULL,NULL,NULL,NULL,4,3,2,6,1,1,2,2,7,3,N,NULL,Y,N,1404,1409,1409,N,NULL,70,,1,N,,N,N,098-US-0460-0,NULL,NULL,2019,O,7.24E+11,098-US-0460  -000,HIGH,098-US-0460  -000,22.479,0,0,0,0,0,0,0,0,0,0,0,0,0,0
5488,72778905,KSP0900,22-249876,20220702,900,,KY194,,,KY0194,KY0194,0,098 KY-194,KY0194,N,N,NULL,NULL,NULL,N,NULL,NULL,NULL,NULL,NULL,NULL,60.643,NULL,NULL,NULL,NULL,,NULL,0,0,1,1,Y,N,35,NULL,98,9811,NULL,,Y,37.56453,-82.14178,N,NULL,NULL,NULL,NULL,NULL,NULL,NULL,NULL,9,6,1,6,1,1,2,2,7,3,N,NULL,N,N,1055,1200,1200,Y,NULL,51,7,0,N,,N,N,098-KY-0194-0,NULL,NULL,2022,O,7.28E+11,098-KY-0194  -000,HIGH,098-KY-0194  -000,60.643,0,0,0,0,0,0,0,0,0,0,0,1,0,0
5489,72566202,980100,2.02E+11,20201111,1518,,US23,,,US0023,US0023,,,,N,N,NULL,NULL,NULL,N,NULL,NULL,NULL,NULL,NULL,NULL,26.236,NULL,NULL,NULL,NULL,,NULL,0,0,2,2,N,N,55,NULL,98,9801,NULL,,Y,37.50298,-82.53206,N,NULL,NULL,NULL,NULL,NULL,NULL,NULL,NULL,5,3,4,6,1,5,6,2,7,3,N,NULL,Y,N,1518,1522,,N,NULL,70,,1,N,,N,N,,NULL,NULL,2020,O,7.26E+11,098-US-0023  -000,MEDIUM,098-US-0023  -000,26.236,0,0,0,0,0,0,0,0,0,0,0,0,0,1
5490,72523844,980100,2.02E+11,20200711,2021,,CASSIDY,,BLVD,,,0,098 CS-1191,CS1191,Y,N,NULL,NULL,NULL,N,NULL,NULL,NULL,NULL,NULL,NULL,0.066,NULL,NULL,NULL,NULL,,NULL,0,0,2,2,Y,N,15,NULL,98,9801,NULL,,Y,37.50367,-82.53321,N,NULL,NULL,NULL,NULL,NULL,NULL,NULL,NULL,7,7,1,6,1,1,2,2,1,3,N,NULL,Y,N,2021,2021,,N,NULL,90,,,N,,N,N,098-CS-1191-0,NULL,NULL,2020,O,7.25E+11,098-CS-1191  -000,HIGH,098-CS-1191  -000,0.066,0,0,0,0,0,0,0,0,0,0,0,0,0,1
5491,72499879,KSP0900,20-17253,20200508,1336,,SYCAMORE,,RD,,,0,098 CR-1351Q4,CR1351Q4,N,N,NULL,NULL,NULL,N,NULL,NULL,NULL,NULL,NULL,NULL,0.169,NULL,NULL,NULL,NULL,,NULL,0,0,1,1,N,N,25,NULL,98,9801,6,N,N,37.62852,-82.54758,N,NULL,NULL,NULL,NULL,NULL,NULL,NULL,NULL,9,5,2,6,2,5,6,2,7,3,N,NULL,Y,N,1336,1400,1400,Y,NULL,40,,,N,,N,N,098-CR-1351Q4-0,NULL,NULL,2020,O,7.25E+11,098-CR-1351Q4-000,HIGH,098-CR-1351Q4-000,0.169,0,0,0,0,0,0,0,0,0,0,0,1,0,0
5492,72478364,980100,2.02E+11,20200215,2209,,KY3496,,,KY3496,KY3496,0,098 KY-3496,KY3496,N,N,NULL,NULL,NULL,N,NULL,NULL,NULL,NULL,NULL,NULL,0.171,NULL,NULL,NULL,NULL,,NULL,0,0,2,2,N,N,35,NULL,98,9801,NULL,,Y,37.46635,-82.53071,N,NULL,NULL,NULL,NULL,NULL,NULL,NULL,NULL,2,97,2,6,1,1,2,5,1,3,N,NULL,Y,N,2212,2212,,N,NULL,56,16,0,N,,N,N,098-KY-3496-0,NULL,NULL,2020,O,7.25E+11,098-KY-3496  -000,HIGH,098-KY-3496  -000,0.171,0,0,0,0,0,0,1,0,0,0,0,0,0,1
5493,72621514,KSP0900,21-176765,20210502,2200,,DIX,,FRK,,,0,098 CR-1538,CR1538,N,N,NULL,NULL,NULL,N,NULL,NULL,NULL,NULL,NULL,NULL,3.413,NULL,NULL,NULL,NULL,,NULL,0,0,1,1,N,N,25,NULL,98,9833,NULL,,Y,37.5719,-82.35368,N,NULL,NULL,NULL,NULL,NULL,NULL,NULL,NULL,9,97,1,3,1,5,6,6,7,3,N,NULL,Y,N,2201,2220,2255,N,NULL,44,,,N,,N,N,098-CR-1538-0,NULL,NULL,2021,O,7.26E+11,098-CR-1538  -000,HIGH,098-CR-1538  -000,3.413,0,0,0,0,0,0,0,0,0,0,0,1,0,0
5494,72528748,KSP0900,20-624170,20200729,1523,,US460,,,US0460,US0460,0,098 US-460,US0460,N,N,NULL,NULL,NULL,N,NULL,NULL,NULL,NULL,NULL,NULL,8.934,NULL,NULL,NULL,NULL,,NULL,1,0,2,2,N,N,55,NULL,98,9801,8,E,N,37.37038,-82.42101,N,NULL,NULL,NULL,NULL,NULL,NULL,NULL,NULL,5,3,2,6,1,1,2,2,6,3,N,NULL,Y,Y,1559,1636,1700,N,NULL,49,,1,N,,N,N,098-US-0460-0,NULL,NULL,2020,C,7.25E+11,098-US-0460  -000,HIGH,098-US-0460  -000,8.934,0,0,0,0,0,0,0,0,0,0,0,0,0,0