OBJECTID,MasterFile,AgencyORINumber,LocalCode,CollisionDate,CollisionTime,CollisionDayWeekCode,RoadwayName,RoadwayName_Direction_,RoadwayName_RoadwaySuffix_,RoadwayfromReport,CurrentRoadwayNumber,RoadwayNumberCoupletID,RSEUniqueGIS,RoadwayIdentifier,ParkingLotIndicator,IntersectionWith_Indicator_,IntersectionWith_NameRoadway_,IntersectionWith_Direction_,IntersectionWith_RoadwaySuffix_,BetweenStreets_Indicator_,BetweenStreets1_NameRoadway_,BetweenStreet1_Direction_,BetweenStreets1_RoadwaySuffix_,BetweenStreets2_NameRoadway_,BetweenStreets2_Direction_,BetweenStreets2_RoadwaySuffix_,Milepoint,ReportMilepointDeriveNumber,CurrentDerivedMiepointNumber,MilestoMilepoint,FeettoMilepoint,DirectionfromMilepoint_NSEW_,ValidMilepointIndicator,NumberInjured,NumberKilled,ofUnits,ofMotorVehicleUnits,Hit&RunIndicator,OneWayIndicator,SpeedLimitNumber,KilometersIndicator,CountyCode,CityCountyCode,MilesFromCity,DirectionFromCity_NSEW_,InCityLimitsIndicator,Latitude,Longitude,RampIndicator,RampFromIdentifier,RampFromDirCode,RampFromCoupletID,RSEUniqueGISRampFrom,RampToidentifier,RampToDirCode,RampToCoupletID,RSEUniqueGisRampTo,MannerofCollisionCode,LocationFirstEventCode,TotalLanes,RoadwayCharacterCode,RoadwaySurfaceCode,RoadwayConditionCode,WeatherCode,LightConditionCode,LandUseCode,SchoolBusRelatedCode,FirstAidSceneIndicator,CollDescPresentInd,InvestigationCompleteIndicator,PhotosTakenIndicator,TimeNotified,TimeArrived,TimeRoadwayOpened,PropertyDamageIndicator,DiagramPresentIndicator,DirectionalAnalysis,FunctionClassCode,NationalHwySysCode,EnforcementsIndicator,KARSCityCode,SecondaryCollisionIndicator,MedianCrossoverIndicator,RT_UNIQUE,MapIt,TimeLastLeft,YR,KABCO,MFNY,WorkingRID,RT_CONFIDENCE,KTC_RT,KTC_MP,Motorcyclist,Commercial Vehicle,Young Driver,Mature Driver,Pedestrian,Bicyclist,Distracted,Aggressive,Impaired,Unrestrained,Intersection,Roadway Departure,Median Cross-over,City Crash
5495,72682556,980000,21-10-002,20211007,1307,,GREASY,,CRK,,,0,098 CR-1256,CR1256,Y,N,NULL,NULL,NULL,N,NULL,NULL,NULL,NULL,NULL,NULL,1.262,NULL,NULL,NULL,NULL,,NULL,0,0,1,1,N,N,,NULL,98,9801,10,E,N,37.36871,-82.49185,N,NULL,NULL,NULL,NULL,NULL,NULL,NULL,NULL,9,97,1,4,2,1,2,2,6,3,N,NULL,Y,Y,1310,1331,1331,Y,NULL,90,,,N,,N,N,098-CR-1256-0,NULL,NULL,2021,O,7.27E+11,098-CR-1256  -000,HIGH,098-CR-1256  -000,1.262,0,0,0,0,0,0,0,0,0,0,0,1,0,0
5496,72657842,980100,2.02E+11,20210812,1630,,BYPASS,S,RD,KY1426,KY1426,,,,Y,N,NULL,NULL,NULL,N,NULL,NULL,NULL,NULL,NULL,NULL,5.621,NULL,NULL,NULL,NULL,,NULL,0,0,2,2,N,N,15,NULL,98,9801,NULL,,Y,37.47251,-82.52408,N,NULL,NULL,NULL,NULL,NULL,NULL,NULL,NULL,7,97,,6,1,1,2,2,1,3,N,NULL,Y,N,1630,1637,,N,NULL,90,,0,N,,N,N,,NULL,NULL,2021,O,7.27E+11,098-KY-1426  -000,HIGH,098-KY-1426  -000,5.621,0,0,1,0,0,0,1,0,0,0,0,0,0,1
5497,72562888,980100,2.02E+11,20201105,707,,US23,,,US0023,US0023,0,098 US-23,US0023,N,N,NULL,NULL,NULL,N,NULL,NULL,NULL,NULL,NULL,NULL,25.406,NULL,NULL,NULL,NULL,,NULL,2,0,2,2,N,N,55,NULL,98,9801,NULL,,Y,37.49228,-82.53486,N,NULL,NULL,NULL,NULL,NULL,NULL,NULL,NULL,1,3,4,6,1,1,2,2,7,3,Y,NULL,Y,Y,707,712,801,N,NULL,55,,1,N,,N,N,098-US-0023-0,NULL,NULL,2020,A,7.26E+11,098-US-0023  -000,HIGH,098-US-0023  -000,25.406,0,0,0,1,0,0,1,0,0,0,0,1,0,1
5498,72793959,KSP0900,22-307652,20220809,2049,,KY632,,,KY0632,KY0632,0,098 KY-632,KY0632,N,N,NULL,NULL,NULL,N,NULL,NULL,NULL,NULL,NULL,NULL,1.671,NULL,NULL,NULL,NULL,,NULL,0,0,1,1,N,N,55,NULL,98,9817,NULL,,Y,37.49553,-82.3251,N,NULL,NULL,NULL,NULL,NULL,NULL,NULL,NULL,9,3,2,6,1,1,2,6,7,3,N,NULL,Y,N,2049,2150,2049,N,NULL,38,6,0,N,,N,N,098-KY-0632-0,NULL,NULL,2022,O,7.28E+11,098-KY-0632  -000,HIGH,098-KY-0632  -000,1.671,0,0,0,0,0,0,0,0,0,0,0,0,0,0
5499,72659137,KSP0900,21-322023,20210803,1758,,APPALACHIAN,,PLZ,,,0,098 PR-1008,PR1008,Y,N,NULL,NULL,NULL,N,NULL,NULL,NULL,NULL,NULL,NULL,0.135,NULL,NULL,NULL,NULL,,NULL,0,0,2,2,N,N,5,NULL,98,9834,NULL,,Y,37.66662,-82.27542,N,NULL,NULL,NULL,NULL,NULL,NULL,NULL,NULL,7,97,2,6,1,5,2,2,1,3,N,NULL,Y,N,1758,1843,1758,N,NULL,90,,,N,,N,N,098-PR-1008-0,NULL,NULL,2021,O,7.27E+11,098-PR-1008  -000,HIGH,098-PR-1008  -000,0.135,0,0,0,0,0,0,1,0,0,0,0,0,0,0
5500,72751952,KSP0900,22-140264,20220418,326,,US23,,,US0023,US0023,0,098 US-23,US0023,N,N,NULL,NULL,NULL,N,NULL,NULL,NULL,NULL,NULL,NULL,27.803,NULL,NULL,NULL,NULL,,NULL,2,0,2,2,N,N,55,NULL,98,9807,NULL,,Y,37.51325,-82.55554,N,NULL,NULL,NULL,NULL,NULL,NULL,NULL,NULL,5,3,4,6,1,5,6,6,7,3,Y,NULL,Y,Y,330,336,517,N,NULL,49,,1,Y,,N,N,098-US-0023-0,NULL,NULL,2022,C,7.28E+11,098-US-0023  -000,HIGH,098-US-0023  -000,27.803,0,0,0,0,0,0,0,0,1,1,0,0,0,0
5501,72576990,KSP0900,2020-827884,20201214,820,,GREASY,,CRK,KY3226,KY3226,0,098 KY-3226,KY3226,N,N,NULL,NULL,NULL,N,NULL,NULL,NULL,NULL,NULL,NULL,0.018,NULL,NULL,NULL,NULL,,NULL,0,0,2,2,N,N,55,NULL,98,9801,NULL,,Y,37.37934,-82.47628,N,NULL,NULL,NULL,NULL,NULL,NULL,NULL,NULL,2,97,2,6,1,5,9,2,5,3,N,NULL,N,N,820,840,,N,NULL,47,8,0,N,,N,N,098-KY-3226-0,NULL,NULL,2020,O,7.26E+11,098-KY-3226  -000,HIGH,098-KY-3226  -000,0.018,0,0,0,0,0,0,1,0,0,1,0,0,0,0
5502,72724491,KSP0900,22-23604,20220119,1701,,KY1469,,,KY1469,KY1469,0,098 KY-1469,KY1469,N,N,NULL,NULL,NULL,N,NULL,NULL,NULL,NULL,NULL,NULL,3.107,NULL,NULL,NULL,NULL,,NULL,0,0,2,1,N,N,55,NULL,98,9827,NULL,,Y,37.27652,-82.68146,N,NULL,NULL,NULL,NULL,NULL,NULL,NULL,NULL,3,3,2,3,1,5,6,6,7,3,N,NULL,Y,Y,1701,1721,1916,N,NULL,52,8,0,N,,N,N,098-KY-1469-0,NULL,NULL,2022,O,7.27E+11,098-KY-1469  -000,HIGH,098-KY-1469  -000,3.107,0,0,0,1,0,0,0,1,0,1,0,1,0,0
5503,72475583,980500,2020AR015,20200212,1530,,COWPEN,,RD,KY2061,KY2061,0,098 KY-2061,KY2061,N,N,NULL,NULL,NULL,N,NULL,NULL,NULL,NULL,NULL,NULL,2.363,NULL,NULL,NULL,NULL,,NULL,1,0,1,1,N,N,25,NULL,98,9807,NULL,,Y,37.55421,-82.55164,N,NULL,NULL,NULL,NULL,NULL,NULL,NULL,NULL,9,97,2,1,1,6,6,2,7,3,N,NULL,Y,Y,1530,1535,1700,N,NULL,44,,0,N,,N,N,098-KY-2061-0,NULL,NULL,2020,C,7.25E+11,098-KY-2061  -000,HIGH,098-KY-2061  -000,2.363,0,0,0,1,0,0,0,0,0,0,0,1,0,0
5504,72491350,KSP0900,20-10526,20200320,1730,,RED CREEK,,RD,,,0,098 CR-1263,CR1263,N,N,NULL,NULL,NULL,N,NULL,NULL,NULL,NULL,NULL,NULL,0.378,NULL,NULL,NULL,NULL,,NULL,0,0,2,2,N,N,35,NULL,98,9832,NULL,,Y,37.43313,-82.47295,N,NULL,NULL,NULL,NULL,NULL,NULL,NULL,NULL,6,97,1,6,1,5,6,7,7,3,N,NULL,N,N,1730,1753,1753,N,NULL,47,,,N,,N,N,098-CR-1263-0,NULL,NULL,2020,O,7.25E+11,098-CR-1263  -000,HIGH,098-CR-1263  -000,0.378,0,0,0,1,0,0,1,0,0,0,0,0,0,0
5505,72680404,KSP0900,21-413277,20211006,2020,,US23,,,US0023,US0023,0,098 US-23-10,US0023,N,N,NULL,NULL,NULL,N,NULL,NULL,NULL,NULL,NULL,NULL,29.358,NULL,NULL,NULL,NULL,,NULL,0,0,2,2,N,N,45,NULL,98,9807,NULL,,Y,37.52836,-82.57522,N,NULL,NULL,NULL,NULL,NULL,NULL,NULL,NULL,4,3,6,6,1,1,2,6,1,3,N,NULL,Y,N,2052,2104,2052,N,NULL,70,,1,N,,N,N,098-US-0023-10,NULL,NULL,2021,O,7.27E+11,098-US-0023  -010,HIGH,098-US-0023  -000,29.358,0,0,0,0,0,0,1,1,0,0,0,0,0,0
5506,72853072,980000,23-01-002,20230111,230,,US23,,,US0023,US0023,0,098 US-23,US0023,N,N,NULL,NULL,NULL,N,NULL,NULL,NULL,NULL,NULL,NULL,11.72,NULL,NULL,NULL,NULL,,NULL,0,0,1,1,N,N,55,NULL,98,9827,NULL,,Y,37.35923,-82.55488,N,NULL,NULL,NULL,NULL,NULL,NULL,NULL,NULL,9,97,4,6,3,1,2,2,1,3,N,NULL,Y,Y,230,248,307,Y,NULL,40,,1,N,,N,N,098-US-0023-0,NULL,NULL,2023,O,7.29E+11,098-US-0023  -000,HIGH,098-US-0023  -000,11.71,0,0,0,0,0,0,1,0,0,0,0,1,0,0
5507,72679041,980100,2.02E+11,20210930,1056,,US23,,,US0023,US0023,0,098 US-23-10,US0023,N,N,NULL,NULL,NULL,N,NULL,NULL,NULL,NULL,NULL,NULL,27.366,NULL,NULL,NULL,NULL,,NULL,0,0,2,2,N,N,55,NULL,98,9801,NULL,,Y,37.51077,-82.54864,N,NULL,NULL,NULL,NULL,NULL,NULL,NULL,NULL,5,3,4,6,1,1,2,2,7,3,N,NULL,Y,N,1056,1104,1107,N,NULL,49,,1,N,,N,N,098-US-0023-10,NULL,NULL,2021,O,7.27E+11,098-US-0023  -010,HIGH,098-US-0023  -000,27.366,0,0,1,0,0,0,0,0,0,0,0,0,0,1
5508,72728455,980500,2022AR006,20220207,1608,,MAYO TRAIL,S,,,,,,,N,N,NULL,NULL,NULL,N,NULL,NULL,NULL,NULL,NULL,NULL,,NULL,NULL,NULL,NULL,NULL,NULL,0,0,2,2,N,N,45,NULL,98,9807,NULL,,Y,37.51527,-82.55936,N,NULL,NULL,NULL,NULL,NULL,NULL,NULL,NULL,5,3,7,6,1,1,2,2,7,3,N,NULL,Y,Y,1608,1612,1612,N,NULL,70,,,N,,N,N,,NULL,NULL,2022,O,7.27E+11,098-CS-3012  -000,MEDIUM,098-CS-3012  -000,0.005,0,0,0,1,0,0,1,0,0,0,0,0,0,0
5509,72765601,370200,2022173981,20220511,1358,,US23,,,US0023,US0023,0,098 US-23,US0023,Y,N,NULL,NULL,NULL,N,NULL,NULL,NULL,NULL,NULL,NULL,10.305,NULL,NULL,NULL,NULL,,NULL,0,0,2,2,N,N,,NULL,98,9827,NULL,,Y,37.34195,-82.55062,N,NULL,NULL,NULL,NULL,NULL,NULL,NULL,NULL,2,97,4,6,1,1,2,2,1,3,N,NULL,N,N,1417,1417,1417,N,NULL,90,,1,Y,,N,N,098-US-0023-0,NULL,NULL,2022,O,7.28E+11,098-US-0023  -000,HIGH,098-US-0023  -000,10.305,0,1,0,0,0,0,0,0,0,0,0,0,0,0
5510,72547636,KSP0900,20-720030,20200929,1830,,RATLIFF CREEK,,RD,,,0,098 CR-1484,CR1484,N,N,NULL,NULL,NULL,N,NULL,NULL,NULL,NULL,NULL,NULL,0.474,NULL,NULL,NULL,NULL,,NULL,0,0,1,1,N,N,35,NULL,98,9801,NULL,,Y,37.49828,-82.52325,N,NULL,NULL,NULL,NULL,NULL,NULL,NULL,NULL,9,5,1,6,1,5,3,1,7,3,N,NULL,Y,N,1835,1900,1920,N,NULL,51,,,N,,N,N,098-CR-1484-0,NULL,NULL,2020,O,7.25E+11,098-CR-1484  -000,HIGH,098-CR-1484  -000,0.474,0,0,1,0,0,0,0,0,0,0,0,1,0,0
5511,72880034,980100,2.02E+11,20230322,1357,,BYPASS,N,RD,KY1460,KY1460,0,098 KY-1460,KY1460,Y,N,NULL,NULL,NULL,N,NULL,NULL,NULL,NULL,NULL,NULL,5.751,NULL,NULL,NULL,NULL,,NULL,0,0,2,2,N,N,,NULL,98,9801,NULL,,Y,37.48711,-82.52377,N,NULL,NULL,NULL,NULL,NULL,NULL,NULL,NULL,2,97,2,6,1,1,2,2,1,3,N,NULL,Y,N,1357,1359,1400,N,NULL,90,16,0,N,,N,N,098-KY-1460-0,NULL,NULL,2023,O,7.29E+11,098-KY-1460  -000,HIGH,098-KY-1460  -000,5.731,0,0,0,1,0,0,1,0,0,0,0,0,0,1
5512,72611467,KSP0900,21-133602,20210404,1611,,KY194,,,KY0194,KY0194,0,098 KY-194,KY0194,N,N,NULL,NULL,NULL,N,NULL,NULL,NULL,NULL,NULL,NULL,53.274,NULL,NULL,NULL,NULL,,NULL,2,0,1,1,N,N,35,NULL,98,9804,NULL,,Y,37.49785,-82.13698,N,NULL,NULL,NULL,NULL,NULL,NULL,NULL,NULL,9,3,2,6,1,1,2,2,7,3,Y,NULL,Y,Y,1617,1645,1700,N,NULL,41,8,0,N,,N,N,098-KY-0194-0,NULL,NULL,2021,A,7.26E+11,098-KY-0194  -000,HIGH,098-KY-0194  -000,53.274,0,0,1,0,0,0,0,0,0,0,0,1,0,0
5513,72734905,KSP0900,22-70199,20220225,1859,,US460,,,US0460,US0460,0,098 US-460,US0460,N,N,NULL,NULL,NULL,N,NULL,NULL,NULL,NULL,NULL,NULL,9.896,NULL,NULL,NULL,NULL,,NULL,3,0,2,2,N,N,55,NULL,98,9822,NULL,,Y,37.36356,-82.40711,N,NULL,NULL,NULL,NULL,NULL,NULL,NULL,NULL,5,3,2,6,1,1,2,6,7,3,N,NULL,Y,Y,1859,1902,2000,N,NULL,49,,1,N,,N,N,098-US-0460-0,NULL,NULL,2022,B,7.27E+11,098-US-0460  -000,HIGH,098-US-0460  -000,9.896,0,0,0,0,0,0,1,0,0,0,0,1,0,0
5514,72517750,980100,2.02E+11,20200704,1601,,CASSIDY,,BLVD,,,0,098 CS-1191,CS1191,Y,N,NULL,NULL,NULL,N,NULL,NULL,NULL,NULL,NULL,NULL,0.32,NULL,NULL,NULL,NULL,,NULL,0,0,2,2,N,Y,15,NULL,98,9801,NULL,,Y,37.50546,-82.53736,N,NULL,NULL,NULL,NULL,NULL,NULL,NULL,NULL,2,97,1,6,1,1,2,2,1,3,N,NULL,Y,N,1601,1604,,N,NULL,90,,,Y,,N,N,098-CS-1191-0,NULL,NULL,2020,O,7.25E+11,098-CS-1191  -000,HIGH,098-CS-1191  -000,0.32,0,0,1,0,0,0,1,0,0,0,0,0,0,1
5515,72685395,370200,2021-433287,20211021,41,,WEDDINGTON BRANCH,,RD,,,0,098 CS-3026,CS3026,N,N,NULL,NULL,NULL,N,NULL,NULL,NULL,NULL,NULL,NULL,0.007,NULL,NULL,NULL,NULL,,NULL,0,0,1,1,N,N,35,NULL,98,9807,NULL,,Y,37.52253,-82.57051,N,NULL,NULL,NULL,NULL,NULL,NULL,NULL,NULL,9,3,6,6,1,1,2,5,1,3,N,NULL,Y,N,41,41,41,N,NULL,40,,,N,,N,N,098-CS-3026-0,NULL,NULL,2021,O,7.27E+11,098-CS-3026  -000,HIGH,098-CS-3026  -000,0.007,0,0,0,0,0,0,0,0,0,0,0,1,0,0
5516,72578059,980500,2020AR070,20201223,1600,,WEDDINGTON SQUARE,,,,,,,,Y,N,NULL,NULL,NULL,N,NULL,NULL,NULL,NULL,NULL,NULL,,NULL,NULL,NULL,NULL,NULL,NULL,0,0,2,2,N,N,15,NULL,98,9807,NULL,,Y,37.52599,-82.57482,N,NULL,NULL,NULL,NULL,NULL,NULL,NULL,NULL,2,97,,6,1,1,2,2,1,3,N,NULL,Y,Y,1605,1611,1611,N,NULL,90,,,N,,N,N,,NULL,NULL,2020,O,7.26E+11,098-US-0023  -010,MEDIUM,098-US-0023  -000,29.202,0,0,0,0,0,0,1,0,0,0,0,0,0,0
5517,72707645,980100,2.02E+11,20211210,1705,,US23,,,US0023,US0023,0,098 US-23,US0023,N,N,NULL,NULL,NULL,N,NULL,NULL,NULL,NULL,NULL,NULL,26.274,NULL,NULL,NULL,NULL,,NULL,0,0,2,2,N,N,55,NULL,98,9801,NULL,,Y,37.50353,-82.53213,N,NULL,NULL,NULL,NULL,NULL,NULL,NULL,NULL,5,3,4,6,1,5,3,2,1,3,N,NULL,Y,N,1705,1713,1808,N,NULL,49,,1,N,,Y,N,098-US-0023-0,NULL,NULL,2021,O,7.27E+11,098-US-0023  -000,HIGH,098-US-0023  -000,26.274,0,0,1,0,0,0,0,0,0,0,0,0,0,1
5518,72627806,KSP0900,21-201758,20210518,1923,,BIG CREEK,,RD,KY0468,KY0468,0,098 KY-468,KY0468,N,N,NULL,NULL,NULL,N,NULL,NULL,NULL,NULL,NULL,NULL,8.96,NULL,NULL,NULL,NULL,,NULL,2,0,1,1,N,N,45,NULL,98,9843,NULL,,Y,37.70417,-82.35064,N,NULL,NULL,NULL,NULL,NULL,NULL,NULL,NULL,9,3,2,3,1,1,2,2,7,3,Y,NULL,Y,Y,1923,1957,1923,N,NULL,44,8,0,N,,N,N,098-KY-0468-0,NULL,NULL,2021,C,7.26E+11,098-KY-0468  -000,HIGH,098-KY-0468  -000,8.96,1,0,0,0,0,0,0,0,0,0,0,1,0,0
5519,72622990,980100,2.02E+11,20210506,1047,,BYPASS,S,RD,KY1426,KY1426,,,,Y,N,NULL,NULL,NULL,N,NULL,NULL,NULL,NULL,NULL,NULL,5.695,NULL,NULL,NULL,NULL,,NULL,0,0,2,2,Y,N,15,NULL,98,9801,NULL,,Y,37.47276,-82.52273,N,NULL,NULL,NULL,NULL,NULL,NULL,NULL,NULL,2,97,2,6,1,1,2,2,1,3,N,NULL,Y,N,2016,2018,2018,N,NULL,90,,0,N,,N,N,,NULL,NULL,2021,O,7.26E+11,098-KY-1426  -000,HIGH,098-KY-1426  -000,5.695,0,0,0,0,0,0,1,0,0,0,0,0,0,1
5520,72530918,KSP0900,20-646427,20200812,1727,,US23,,,US0023,US0023,0,098 US-23,US0023,Y,N,NULL,NULL,NULL,N,NULL,NULL,NULL,NULL,NULL,NULL,,NULL,NULL,NULL,NULL,,NULL,0,0,2,2,N,N,15,NULL,98,9827,NULL,,Y,37.34202,-82.5504,N,NULL,NULL,NULL,NULL,NULL,NULL,NULL,NULL,2,97,1,6,1,1,2,2,5,3,N,NULL,Y,N,1727,1736,,N,NULL,90,,1,N,,N,N,098-US-0023-0,NULL,NULL,2020,O,7.25E+11,098-US-0023  -000,HIGH,098-US-0023  -000,10.325,0,0,0,0,0,0,1,0,0,0,0,0,0,0
5521,72537174,KSP0900,20-657652,20200819,1840,,KY805,,,KY0805,KY0805,0,098 KY-805,KY0805,N,N,NULL,NULL,NULL,N,NULL,NULL,NULL,NULL,NULL,NULL,4.719,NULL,NULL,NULL,NULL,,NULL,0,0,1,1,Y,N,55,NULL,98,9809,NULL,,Y,37.25359,-82.56644,N,NULL,NULL,NULL,NULL,NULL,NULL,NULL,NULL,9,97,2,6,3,1,2,4,5,3,N,NULL,Y,Y,1842,1855,1842,N,NULL,40,7,0,Y,,N,N,098-KY-0805-0,NULL,NULL,2020,O,7.25E+11,098-KY-0805  -000,HIGH,098-KY-0805  -000,4.719,0,0,0,0,0,0,0,0,0,1,0,1,0,0
5522,72864751,KSP0900,23-55319,20230212,1541,,PMC PRIMARY CARE PARKING LOT,,,,,,,,Y,N,NULL,NULL,NULL,N,NULL,NULL,NULL,NULL,NULL,NULL,,NULL,NULL,NULL,NULL,NULL,NULL,0,0,1,1,N,N,15,NULL,98,9801,NULL,,Y,37.46937,-82.52048,N,NULL,NULL,NULL,NULL,NULL,NULL,NULL,NULL,9,97,,6,1,5,3,2,1,3,N,NULL,Y,Y,1555,1605,1605,N,NULL,90,,,N,,N,N,,NULL,NULL,2023,O,7.29E+11,098-CS-1227  -000,MEDIUM,098-CS-1227  -000,0.089,0,0,0,0,0,0,1,0,0,1,0,1,0,1
5523,72527103,980000,20-07-009,20200728,1615,,US119,,,US0119,US0119,0,098 US-119-10,US0119,N,N,NULL,NULL,NULL,N,NULL,NULL,NULL,NULL,NULL,NULL,4.794,NULL,NULL,NULL,NULL,,NULL,0,0,2,2,N,N,55,NULL,98,9828,NULL,,Y,37.52345,-82.45568,N,NULL,NULL,NULL,NULL,NULL,NULL,NULL,NULL,8,3,2,6,1,6,6,2,7,3,N,NULL,Y,Y,1600,1600,1700,N,NULL,53,2,1,Y,,N,N,098-US-0119-10,NULL,NULL,2020,O,7.25E+11,098-US-0119  -010,HIGH,098-US-0119  -000,4.794,0,0,0,0,0,0,0,1,0,0,0,1,0,0
5524,72504073,980100,2.02E+11,20200519,1815,,KY1460,,,KY1460,KY1460,,,,N,N,NULL,NULL,NULL,N,NULL,NULL,NULL,NULL,NULL,NULL,6.648,NULL,NULL,NULL,NULL,,NULL,0,0,2,2,N,N,45,NULL,98,9801,NULL,,Y,37.48352,-82.53831,N,NULL,NULL,NULL,NULL,NULL,NULL,NULL,NULL,1,3,2,6,1,5,3,2,6,3,N,NULL,N,N,1810,1815,1820,N,NULL,55,16,0,N,,N,N,,NULL,NULL,2020,O,7.25E+11,098-KY-1460  -000,HIGH,098-KY-1460  -000,6.648,0,0,0,1,0,0,1,0,0,0,0,0,0,1
5525,72465176,980100,2.02E+11,20200116,1001,,BYPASS,,RD,,,,,,Y,N,NULL,NULL,NULL,N,NULL,NULL,NULL,NULL,NULL,NULL,,NULL,NULL,NULL,NULL,,NULL,0,0,2,2,N,N,15,NULL,98,9801,NULL,,Y,37.47215,-82.5226,N,NULL,NULL,NULL,NULL,NULL,NULL,NULL,NULL,1,97,2,3,2,1,2,2,1,3,N,NULL,Y,N,1001,1010,1010,N,NULL,90,,,N,,N,N,,NULL,NULL,2020,O,7.25E+11,098-CS-1223  -000,MEDIUM,098-CS-1223  -000,0.045,0,0,0,1,0,0,0,0,0,0,0,0,0,1
5526,72755131,980100,2.02E+11,20220422,1211,,KY1426,,,KY1426,KY1426,0,098 KY-1426,KY1426,N,N,NULL,NULL,NULL,N,NULL,NULL,NULL,NULL,NULL,NULL,8.667,NULL,NULL,NULL,NULL,,NULL,1,0,1,1,N,N,55,NULL,98,9801,NULL,,Y,37.50068,-82.49034,N,NULL,NULL,NULL,NULL,NULL,NULL,NULL,NULL,9,3,2,5,1,1,2,2,7,3,N,NULL,N,Y,1212,1217,1306,N,NULL,40,,0,N,,N,N,098-KY-1426-0,NULL,NULL,2022,B,7.28E+11,098-KY-1426  -000,HIGH,098-KY-1426  -000,8.667,0,0,0,0,0,0,0,0,0,0,0,1,0,1
5527,72456696,980100,2.02E+11,20191228,23,,HAMBLEY,,BLVD,,,0,098 CS-1222,CS1222,Y,N,NULL,NULL,NULL,N,NULL,NULL,NULL,NULL,NULL,NULL,0.47,NULL,NULL,NULL,NULL,,NULL,0,0,2,2,N,N,,NULL,98,9801,NULL,,Y,37.47805,-82.52067,N,NULL,NULL,NULL,NULL,NULL,NULL,NULL,NULL,2,97,2,6,2,1,2,5,1,3,N,NULL,Y,N,23,30,,N,NULL,90,,,N,,N,N,098-CS-1222-0,NULL,NULL,2019,O,7.25E+11,098-CS-1222  -000,HIGH,098-CS-1222  -000,0.47,0,0,0,0,0,0,1,0,0,0,0,0,0,1
5528,72421956,980000,19-10-004,20191010,1130,,KY632,,,KY0632,KY0632,0,098 KY-632,KY0632,N,N,NULL,NULL,NULL,N,NULL,NULL,NULL,NULL,NULL,NULL,1.505,NULL,NULL,NULL,NULL,,NULL,0,0,1,1,N,N,55,NULL,98,9817,NULL,,Y,37.4971,-82.32761,N,NULL,NULL,NULL,NULL,NULL,NULL,NULL,NULL,9,3,2,3,1,1,2,2,7,3,N,NULL,Y,Y,1130,1130,1130,N,NULL,38,6,0,N,,N,N,098-KY-0632-0,NULL,NULL,2019,O,7.24E+11,098-KY-0632  -000,HIGH,098-KY-0632  -000,1.505,0,0,0,0,0,0,0,0,0,0,0,0,0,0
5529,72776154,KSP0900,22-225173,20220615,1421,,US23,,,US0023,US0023,0,098 US-23-10,US0023,N,N,NULL,NULL,NULL,N,NULL,NULL,NULL,NULL,NULL,NULL,29.078,NULL,NULL,NULL,NULL,,NULL,0,0,2,2,N,N,45,NULL,98,9807,NULL,,Y,37.52471,-82.57291,N,NULL,NULL,NULL,NULL,NULL,NULL,NULL,NULL,5,3,6,6,1,1,2,2,1,3,N,NULL,Y,N,1421,1421,1421,N,NULL,70,,1,N,,N,N,098-US-0023-10,NULL,NULL,2022,O,7.28E+11,098-US-0023  -010,HIGH,098-US-0023  -000,29.078,0,0,0,1,0,0,0,0,0,0,0,0,0,0
5530,72732727,980100,2.02E+11,20220212,2205,,US23,,,US0023,US0023,0,098 US-23-10,US0023,N,N,NULL,NULL,NULL,N,NULL,NULL,NULL,NULL,NULL,NULL,21.523,NULL,NULL,NULL,NULL,,NULL,0,0,2,2,Y,N,55,NULL,98,9801,NULL,,Y,37.45213,-82.52325,N,NULL,NULL,NULL,NULL,NULL,NULL,NULL,NULL,1,3,4,6,1,1,2,6,7,3,N,NULL,Y,N,2205,2212,2212,N,NULL,55,,1,N,,N,N,098-US-0023-10,NULL,NULL,2022,O,7.27E+11,098-US-0023  -010,HIGH,098-US-0023  -000,21.523,0,0,1,0,0,0,1,0,0,0,0,0,0,1
5531,72506603,KSP0900,2020-20670,20200601,1230,,GOODY,,LOOP,,,0,098 PR-1024,PR1024,N,N,NULL,NULL,NULL,N,NULL,NULL,NULL,NULL,NULL,NULL,0.012,NULL,NULL,NULL,NULL,,NULL,0,0,2,2,N,N,10,NULL,98,9834,NULL,,Y,37.65992,-82.27301,N,NULL,NULL,NULL,NULL,NULL,NULL,NULL,NULL,2,7,1,6,1,1,2,2,1,3,N,NULL,N,N,1230,1230,1230,N,NULL,56,,,N,,N,N,098-PR-1024-0,NULL,NULL,2020,O,7.25E+11,098-PR-1024  -000,HIGH,098-PR-1024  -000,0.012,0,0,1,0,0,0,1,0,0,0,0,0,0,0
5532,72711241,KSP0900,21-477933,20211124,852,,ELKHORN,,CRK,KY0197,KY0197,0,098 KY-197,KY0197,N,N,NULL,NULL,NULL,N,NULL,NULL,NULL,NULL,NULL,NULL,4.302,NULL,NULL,NULL,NULL,,NULL,0,0,2,2,N,N,55,NULL,98,9802,NULL,,Y,37.23937,-82.51463,N,NULL,NULL,NULL,NULL,NULL,NULL,NULL,NULL,8,3,2,6,1,1,2,2,7,3,N,NULL,Y,N,852,955,955,N,NULL,53,7,0,N,,N,N,098-KY-0197-0,NULL,NULL,2021,O,7.27E+11,098-KY-0197  -000,HIGH,098-KY-0197  -000,4.302,0,1,1,1,0,0,0,0,0,0,0,1,0,0