OBJECTID,MasterFile,AgencyORINumber,LocalCode,CollisionDate,CollisionTime,CollisionDayWeekCode,RoadwayName,RoadwayName_Direction_,RoadwayName_RoadwaySuffix_,RoadwayfromReport,CurrentRoadwayNumber,RoadwayNumberCoupletID,RSEUniqueGIS,RoadwayIdentifier,ParkingLotIndicator,IntersectionWith_Indicator_,IntersectionWith_NameRoadway_,IntersectionWith_Direction_,IntersectionWith_RoadwaySuffix_,BetweenStreets_Indicator_,BetweenStreets1_NameRoadway_,BetweenStreet1_Direction_,BetweenStreets1_RoadwaySuffix_,BetweenStreets2_NameRoadway_,BetweenStreets2_Direction_,BetweenStreets2_RoadwaySuffix_,Milepoint,ReportMilepointDeriveNumber,CurrentDerivedMiepointNumber,MilestoMilepoint,FeettoMilepoint,DirectionfromMilepoint_NSEW_,ValidMilepointIndicator,NumberInjured,NumberKilled,ofUnits,ofMotorVehicleUnits,Hit&RunIndicator,OneWayIndicator,SpeedLimitNumber,KilometersIndicator,CountyCode,CityCountyCode,MilesFromCity,DirectionFromCity_NSEW_,InCityLimitsIndicator,Latitude,Longitude,RampIndicator,RampFromIdentifier,RampFromDirCode,RampFromCoupletID,RSEUniqueGISRampFrom,RampToidentifier,RampToDirCode,RampToCoupletID,RSEUniqueGisRampTo,MannerofCollisionCode,LocationFirstEventCode,TotalLanes,RoadwayCharacterCode,RoadwaySurfaceCode,RoadwayConditionCode,WeatherCode,LightConditionCode,LandUseCode,SchoolBusRelatedCode,FirstAidSceneIndicator,CollDescPresentInd,InvestigationCompleteIndicator,PhotosTakenIndicator,TimeNotified,TimeArrived,TimeRoadwayOpened,PropertyDamageIndicator,DiagramPresentIndicator,DirectionalAnalysis,FunctionClassCode,NationalHwySysCode,EnforcementsIndicator,KARSCityCode,SecondaryCollisionIndicator,MedianCrossoverIndicator,RT_UNIQUE,MapIt,TimeLastLeft,YR,KABCO,MFNY,WorkingRID,RT_CONFIDENCE,KTC_RT,KTC_MP,Motorcyclist,Commercial Vehicle,Young Driver,Mature Driver,Pedestrian,Bicyclist,Distracted,Aggressive,Impaired,Unrestrained,Intersection,Roadway Departure,Median Cross-over,City Crash
5533,72533966,980100,2.02E+11,20200821,1200,,CASSIDY,,BLVD,,,0,098 CS-1191,CS1191,Y,N,NULL,NULL,NULL,N,NULL,NULL,NULL,NULL,NULL,NULL,0.283,NULL,NULL,NULL,NULL,,NULL,0,0,2,2,Y,N,15,NULL,98,9801,NULL,,Y,37.50489,-82.53649,N,NULL,NULL,NULL,NULL,NULL,NULL,NULL,NULL,2,97,,6,1,1,3,2,1,3,N,NULL,Y,N,1442,1442,,N,NULL,90,,,N,,N,N,098-CS-1191-0,NULL,NULL,2020,O,7.25E+11,098-CS-1191  -000,HIGH,098-CS-1191  -000,0.283,0,0,0,0,0,0,1,0,0,0,0,0,0,1
5534,72511113,980100,2.02E+11,20200609,843,,BYPASS,S,RD,KY1426,KY1426,0,098 KY-1426,KY1426,N,N,NULL,NULL,NULL,N,NULL,NULL,NULL,NULL,NULL,NULL,5.656,NULL,NULL,NULL,NULL,,NULL,0,0,2,2,N,N,35,NULL,98,9801,NULL,,Y,37.47263,-82.52345,N,NULL,NULL,NULL,NULL,NULL,NULL,NULL,NULL,5,3,2,6,1,1,2,2,7,3,N,NULL,Y,N,843,847,900,N,NULL,49,,0,N,,N,N,098-KY-1426-0,NULL,NULL,2020,O,7.25E+11,098-KY-1426  -000,HIGH,098-KY-1426  -000,5.656,0,0,0,1,0,0,0,0,0,0,0,0,0,1
5535,72470311,KSP0900,20-474,20200104,1826,,US23,,,US0023,US0023,0,098 US-23-10,US0023,Y,N,NULL,NULL,NULL,N,NULL,NULL,NULL,NULL,NULL,NULL,12.858,NULL,NULL,NULL,NULL,,NULL,0,0,2,2,Y,N,35,NULL,98,9801,NULL,,Y,37.37254,-82.54379,N,NULL,NULL,NULL,NULL,NULL,NULL,NULL,NULL,2,7,,6,1,1,2,3,1,3,N,NULL,Y,N,1946,1946,2127,N,NULL,90,,1,Y,,N,N,098-US-0023-10,NULL,NULL,2020,O,7.25E+11,098-US-0023  -010,HIGH,098-US-0023  -000,12.858,0,0,0,0,0,0,0,0,0,1,0,0,0,0
5536,72757570,KSP0900,22-161255,20220502,1656,,KY2167,,,KY2167,KY2167,,,,N,N,NULL,NULL,NULL,N,NULL,NULL,NULL,NULL,NULL,NULL,0.235,NULL,NULL,NULL,NULL,,NULL,0,0,2,2,N,N,55,NULL,98,9823,NULL,,Y,37.38458,-82.54104,N,NULL,NULL,NULL,NULL,NULL,NULL,NULL,NULL,5,3,2,6,1,1,2,2,7,3,N,NULL,Y,N,1656,1656,1714,N,NULL,49,7,0,N,,N,N,,NULL,NULL,2022,O,7.28E+11,098-KY-2167  -000,HIGH,098-KY-2167  -000,0.235,0,0,0,1,0,0,1,0,0,0,0,0,0,0
5537,72668451,KSP0900,21-374381,20210908,1838,,US460,,,US0460,US0460,0,098 US-460,US0460,N,N,NULL,NULL,NULL,N,NULL,NULL,NULL,NULL,NULL,NULL,3.761,NULL,NULL,NULL,NULL,,NULL,1,0,1,1,N,N,45,NULL,98,9832,NULL,,Y,37.42158,-82.4657,N,NULL,NULL,NULL,NULL,NULL,NULL,NULL,NULL,9,3,2,6,1,5,6,2,6,3,Y,NULL,N,Y,1800,1815,1840,N,NULL,44,,1,N,,N,N,098-US-0460-0,NULL,NULL,2021,C,7.27E+11,098-US-0460  -000,HIGH,098-US-0460  -000,3.761,0,0,0,0,0,0,0,0,1,0,0,1,0,0
5538,72472034,KSP0900,20-04662,20200204,1954,,KY195,,,KY0195,KY0195,0,098 KY-195,KY0195,N,N,NULL,NULL,NULL,N,NULL,NULL,NULL,NULL,NULL,NULL,5.901,NULL,NULL,NULL,NULL,,NULL,2,0,1,1,N,N,35,NULL,98,9830,NULL,,Y,37.31671,-82.45935,N,NULL,NULL,NULL,NULL,NULL,NULL,NULL,NULL,9,3,2,6,1,5,6,6,7,3,N,NULL,Y,Y,1958,2029,,N,NULL,46,7,0,N,,N,N,098-KY-0195-0,NULL,NULL,2020,A,7.25E+11,098-KY-0195  -000,HIGH,098-KY-0195  -000,5.901,0,0,0,0,0,0,0,0,0,0,0,1,0,0
5539,72685971,980100,2.02E+11,20211022,1037,,HIBBARD,,ST,,,0,098 CS-1053,CS1053,Y,N,NULL,NULL,NULL,N,NULL,NULL,NULL,NULL,NULL,NULL,0.028,NULL,NULL,NULL,NULL,,NULL,0,0,2,2,N,N,,NULL,98,9801,NULL,,Y,37.47349,-82.52679,N,NULL,NULL,NULL,NULL,NULL,NULL,NULL,NULL,2,97,1,6,1,1,3,2,1,3,N,NULL,Y,N,1037,1043,1043,N,NULL,90,,,N,,N,N,098-CS-1053-0,NULL,NULL,2021,O,7.27E+11,098-CS-1053  -000,HIGH,098-CS-1053  -000,0.028,0,0,0,0,0,0,0,0,0,0,0,0,0,1
5540,72524071,980100,2.02E+11,20200723,1837,,MAYO,N,TRL,US0023,US0023,0,098 US-23-10,US0023,N,N,NULL,NULL,NULL,N,NULL,NULL,NULL,NULL,NULL,NULL,25.707,NULL,NULL,NULL,NULL,,NULL,0,0,2,2,N,N,55,NULL,98,9801,NULL,,Y,37.49553,-82.53142,N,NULL,NULL,NULL,NULL,NULL,NULL,NULL,NULL,1,3,4,6,1,5,6,2,7,3,N,NULL,Y,N,1837,1843,,N,NULL,55,,1,N,,N,N,098-US-0023-10,NULL,NULL,2020,O,7.25E+11,098-US-0023  -010,HIGH,098-US-0023  -000,25.707,0,0,0,0,0,0,1,0,0,0,0,0,0,1
5541,72720389,KSP0900,22-000509,20220112,2315,,KY195,,,KY0195,KY0195,0,098 KY-195,KY0195,N,N,NULL,NULL,NULL,N,NULL,NULL,NULL,NULL,NULL,NULL,4.458,NULL,NULL,NULL,NULL,,NULL,0,0,2,2,Y,N,35,NULL,98,9830,NULL,,Y,37.30795,-82.47681,N,NULL,NULL,NULL,NULL,NULL,NULL,NULL,NULL,5,97,,3,1,1,2,6,7,3,N,NULL,Y,N,2300,2300,2300,N,NULL,47,8,0,N,,N,N,098-KY-0195-0,NULL,NULL,2022,O,7.27E+11,098-KY-0195  -000,HIGH,098-KY-0195  -000,4.458,0,0,0,0,0,0,0,0,0,1,0,0,0,0
5542,72652005,980100,2.02E+11,20210727,1251,,BYPASS,S,RD,KY1426,KY1426,0,098 KY-1426,KY1426,Y,N,NULL,NULL,NULL,N,NULL,NULL,NULL,NULL,NULL,NULL,5.7,NULL,NULL,NULL,NULL,,NULL,0,0,2,2,N,N,,NULL,98,9801,NULL,,Y,37.47282,-82.52268,N,NULL,NULL,NULL,NULL,NULL,NULL,NULL,NULL,7,97,2,6,2,1,2,2,5,3,N,NULL,Y,N,1251,1302,1302,N,NULL,90,,0,N,,N,N,098-KY-1426-0,NULL,NULL,2021,O,7.27E+11,098-KY-1426  -000,HIGH,098-KY-1426  -000,5.7,0,0,0,1,0,0,0,0,0,0,0,0,0,1
5543,72523380,980100,2.02E+11,20200720,1715,,THOMPSON,,RD,,,,,,N,N,NULL,NULL,NULL,N,NULL,NULL,NULL,NULL,NULL,NULL,0.647,NULL,NULL,NULL,NULL,,NULL,0,0,3,3,N,N,35,NULL,98,9801,NULL,,Y,37.50528,-82.54118,N,NULL,NULL,NULL,NULL,NULL,NULL,NULL,NULL,1,3,3,6,1,1,2,2,7,3,Y,NULL,Y,N,1715,1720,1749,N,NULL,55,,,N,,N,N,,NULL,NULL,2020,O,7.25E+11,098-CS-1215  -000,MEDIUM,098-CS-1215  -000,0.647,0,0,0,1,0,0,1,0,0,0,0,0,0,1
5544,72854844,KSP0900,23-19971,20230116,1014,,US119,,,US0119,US0119,0,098 US-119,US0119,N,N,NULL,NULL,NULL,N,NULL,NULL,NULL,NULL,NULL,NULL,22.404,NULL,NULL,NULL,NULL,,NULL,0,0,1,1,N,N,55,NULL,98,9836,NULL,,Y,37.63711,-82.25778,N,NULL,NULL,NULL,NULL,NULL,NULL,NULL,NULL,9,3,2,6,1,1,2,2,7,3,N,NULL,Y,N,1014,1014,1014,N,NULL,70,2,1,N,,N,N,098-US-0119-0,NULL,NULL,2023,O,7.29E+11,098-US-0119  -000,HIGH,098-US-0119  -000,22.404,0,0,0,0,0,0,0,0,0,0,0,1,0,0
5545,72712952,980100,2.02E+11,20211216,1517,,THOMPSON,,RD,,,0,098 CS-1215,CS1215,Y,N,NULL,NULL,NULL,N,NULL,NULL,NULL,NULL,NULL,NULL,0.572,NULL,NULL,NULL,NULL,,NULL,0,0,2,2,Y,N,,NULL,98,9801,NULL,,Y,37.50574,-82.54241,N,NULL,NULL,NULL,NULL,NULL,NULL,NULL,NULL,8,97,,6,1,1,2,2,1,3,N,NULL,Y,N,1509,1517,,N,NULL,90,,,N,,N,N,098-CS-1215-0,NULL,NULL,2021,O,7.27E+11,098-CS-1215  -000,HIGH,098-CS-1215  -000,0.572,0,0,0,0,0,0,0,0,0,0,0,0,0,1
5546,72717577,KSP0900,22-7551,20220106,1535,,KY122,,,KY0122,KY0122,0,098 KY-122,KY0122,N,N,NULL,NULL,NULL,N,NULL,NULL,NULL,NULL,NULL,NULL,4.656,NULL,NULL,NULL,NULL,,NULL,1,0,1,1,N,N,55,NULL,98,9827,NULL,,Y,37.34622,-82.60009,N,NULL,NULL,NULL,NULL,NULL,NULL,NULL,NULL,9,4,2,6,1,2,9,2,7,3,Y,NULL,Y,N,1535,1609,1715,N,NULL,44,,0,N,,N,N,098-KY-0122-0,NULL,NULL,2022,B,7.27E+11,098-KY-0122  -000,HIGH,098-KY-0122  -000,4.656,0,0,1,0,0,0,0,0,0,0,0,1,0,0
5547,72576107,KSP0900,20-832609,20201217,1752,,KY194,,,KY0194,KY0194,0,098 KY-194,KY0194,N,N,NULL,NULL,NULL,N,NULL,NULL,NULL,NULL,NULL,NULL,16.939,NULL,NULL,NULL,NULL,,NULL,1,0,2,2,N,N,55,NULL,98,9820,NULL,,Y,37.5637,-82.44082,N,NULL,NULL,NULL,NULL,NULL,NULL,NULL,NULL,1,3,2,6,1,5,8,6,7,3,Y,NULL,N,Y,1752,1810,1900,N,NULL,55,7,0,N,,N,N,098-KY-0194-0,NULL,NULL,2020,B,7.26E+11,098-KY-0194  -000,HIGH,098-KY-0194  -000,16.939,0,0,0,1,0,0,1,0,0,1,0,0,0,0
5548,72785318,KSP0900,22-267200,20220714,724,,KY1426,,,KY1426,KY1426,0,098 KY-1426,KY1426,N,N,NULL,NULL,NULL,N,NULL,NULL,NULL,NULL,NULL,NULL,11.9,NULL,NULL,NULL,NULL,,NULL,2,0,2,2,N,N,55,NULL,98,9828,NULL,,Y,37.53493,-82.46591,N,NULL,NULL,NULL,NULL,NULL,NULL,NULL,NULL,1,3,2,3,1,1,2,2,7,3,Y,NULL,Y,N,724,813,845,N,NULL,55,7,0,N,,N,N,098-KY-1426-0,NULL,NULL,2022,B,7.28E+11,098-KY-1426  -000,HIGH,098-KY-1426  -000,11.9,0,0,0,0,0,0,1,1,0,0,0,0,0,0
5549,72606397,980500,2021AR012,20210324,1324,,US23 SOUTH,,,US0023,US0023,0,098 US-23-10,US0023,N,N,NULL,NULL,NULL,N,NULL,NULL,NULL,NULL,NULL,NULL,,NULL,NULL,NULL,NULL,NULL,NULL,1,0,2,2,N,N,45,NULL,98,9807,NULL,,Y,37.51979,-82.56741,N,NULL,NULL,NULL,NULL,NULL,NULL,NULL,NULL,5,3,4,6,1,1,2,2,7,3,Y,NULL,Y,Y,1324,1328,1352,N,NULL,49,,1,N,,N,N,098-US-0023-10,NULL,NULL,2021,C,7.26E+11,098-US-0023  -010,HIGH,098-US-0023  -000,28.615,0,0,0,0,0,0,1,1,0,0,0,0,0,0
5550,72635493,980100,2.02E+11,20210606,2111,,HAMBLEY,,BLVD,,,0,098 CS-1222,CS1222,N,N,NULL,NULL,NULL,N,NULL,NULL,NULL,NULL,NULL,NULL,0.027,NULL,NULL,NULL,NULL,,NULL,0,0,2,2,N,N,35,NULL,98,9801,NULL,,Y,37.47412,-82.52682,N,NULL,NULL,NULL,NULL,NULL,NULL,NULL,NULL,4,3,2,6,1,1,2,5,1,3,N,NULL,Y,N,2111,2111,2201,N,NULL,70,,,N,,N,N,098-CS-1222-0,NULL,NULL,2021,O,7.26E+11,098-CS-1222  -000,HIGH,098-CS-1222  -000,0.027,0,0,0,0,0,0,1,0,0,0,0,1,0,1
5551,72569321,KSP0900,20-806008,20201127,1713,,GREASY,,CRK,,,0,098 CR-1256,CR1256,N,N,NULL,NULL,NULL,N,NULL,NULL,NULL,NULL,NULL,NULL,1.083,NULL,NULL,NULL,NULL,,NULL,0,0,2,2,N,N,25,NULL,98,9824,NULL,,Y,37.36962,-82.48895,N,NULL,NULL,NULL,NULL,NULL,NULL,NULL,NULL,7,3,1,6,1,1,2,3,7,3,N,NULL,Y,N,1728,1738,,N,NULL,54,,,N,,N,N,098-CR-1256-0,NULL,NULL,2020,O,7.26E+11,098-CR-1256  -000,HIGH,098-CR-1256  -000,1.083,0,0,0,0,0,0,1,0,0,0,0,1,0,0
5552,72497920,980100,2.02E+11,20200424,750,,US23,,,US0023,US0023,,,,N,N,NULL,NULL,NULL,N,NULL,NULL,NULL,NULL,NULL,NULL,26.285,NULL,NULL,NULL,NULL,,NULL,0,0,2,2,N,N,55,NULL,98,9801,NULL,,Y,37.50368,-82.53215,N,NULL,NULL,NULL,NULL,NULL,NULL,NULL,NULL,5,3,4,6,1,5,6,2,7,3,N,NULL,Y,N,750,755,755,N,NULL,70,,1,N,,N,N,,NULL,NULL,2020,O,7.25E+11,098-US-0023  -000,MEDIUM,098-US-0023  -000,26.285,0,0,0,0,0,0,1,0,0,0,0,0,0,1
5553,72636922,980100,2.02E+11,20210616,1217,,BYPASS,S,RD,KY1426,KY1426,,,,Y,N,NULL,NULL,NULL,N,NULL,NULL,NULL,NULL,NULL,NULL,5.695,NULL,NULL,NULL,NULL,,NULL,0,0,2,2,N,N,,NULL,98,9801,NULL,,Y,37.4728,-82.52277,N,NULL,NULL,NULL,NULL,NULL,NULL,NULL,NULL,5,97,2,4,2,1,2,2,1,3,N,NULL,Y,N,1217,1225,1225,N,NULL,90,,0,N,,N,N,,NULL,NULL,2021,O,7.26E+11,098-KY-1426  -000,HIGH,098-KY-1426  -000,5.695,0,0,0,0,0,0,0,0,0,0,0,0,0,1
5554,72786463,980100,2.02E+11,20220718,1517,,CASSIDY,,BLVD,,,0,098 CS-1191,CS1191,Y,N,NULL,NULL,NULL,N,NULL,NULL,NULL,NULL,NULL,NULL,0.057,NULL,NULL,NULL,NULL,,NULL,0,0,2,2,N,N,,NULL,98,9801,NULL,,Y,37.50368,-82.53308,N,NULL,NULL,NULL,NULL,NULL,NULL,NULL,NULL,6,97,1,6,1,1,2,2,1,3,N,NULL,Y,N,1517,1528,,N,NULL,90,,,N,,N,N,098-CS-1191-0,NULL,NULL,2022,O,7.28E+11,098-CS-1191  -000,HIGH,098-CS-1191  -000,0.057,0,0,0,0,0,0,1,0,0,0,0,0,0,1
5555,72559833,KSP0900,20-766756,20201101,759,,KY195,,,KY0195,KY0195,0,098 KY-195,KY0195,N,N,NULL,NULL,NULL,N,NULL,NULL,NULL,NULL,NULL,NULL,10.072,NULL,NULL,NULL,NULL,,NULL,0,0,1,1,N,N,35,NULL,98,9822,NULL,,Y,37.35235,-82.4236,N,NULL,NULL,NULL,NULL,NULL,NULL,NULL,NULL,9,3,2,1,1,1,3,2,7,3,N,NULL,N,N,759,815,,N,NULL,44,7,0,N,,N,N,098-KY-0195-0,NULL,NULL,2020,O,7.26E+11,098-KY-0195  -000,HIGH,098-KY-0195  -000,10.072,0,0,0,1,0,0,0,0,0,0,0,1,0,0
5556,72688832,980100,2.02E+11,20211028,1055,,BYPASS,S,RD,KY1426,KY1426,0,098 KY-1426,KY1426,Y,N,NULL,NULL,NULL,N,NULL,NULL,NULL,NULL,NULL,NULL,6.461,NULL,NULL,NULL,NULL,,NULL,0,0,2,2,N,N,,NULL,98,9801,NULL,,Y,37.48187,-82.51402,N,NULL,NULL,NULL,NULL,NULL,NULL,NULL,NULL,2,97,1,6,1,1,2,2,1,3,N,NULL,Y,N,1055,1058,1059,N,NULL,90,,0,N,,N,N,098-KY-1426-0,NULL,NULL,2021,O,7.27E+11,098-KY-1426  -000,HIGH,098-KY-1426  -000,6.461,0,0,0,0,0,0,1,0,0,0,0,0,0,1
5557,72698686,KSP0900,21-472764,20211118,2244,,US119,,,US0119,US0119,0,098 US-119-10,US0119,N,N,NULL,NULL,NULL,N,NULL,NULL,NULL,NULL,NULL,NULL,16.541,NULL,NULL,NULL,NULL,,NULL,0,0,1,1,N,N,55,NULL,98,9838,NULL,,Y,37.60478,-82.31225,N,NULL,NULL,NULL,NULL,NULL,NULL,NULL,NULL,9,3,2,6,1,5,10,6,7,3,N,NULL,Y,N,2244,2249,2330,N,NULL,38,2,1,N,,N,N,098-US-0119-10,NULL,NULL,2021,O,7.27E+11,098-US-0119  -010,HIGH,098-US-0119  -000,16.541,0,0,1,0,0,0,0,0,0,0,0,0,0,0
5558,72557133,KSP0900,20-741220,20201014,1340,,KY194,,,KY0194,KY0194,0,098 KY-194,KY0194,N,N,NULL,NULL,NULL,N,NULL,NULL,NULL,NULL,NULL,NULL,24.516,NULL,NULL,NULL,NULL,,NULL,0,0,2,2,N,N,55,NULL,98,9817,NULL,,Y,37.52204,-82.36712,N,NULL,NULL,NULL,NULL,NULL,NULL,NULL,NULL,8,3,2,3,1,1,3,2,7,3,N,NULL,Y,N,1341,1410,1415,N,NULL,53,6,0,N,,N,N,098-KY-0194-0,NULL,NULL,2020,O,7.26E+11,098-KY-0194  -000,HIGH,098-KY-0194  -000,24.516,1,0,0,0,0,0,1,0,0,0,0,1,0,0
5559,72474929,KSP0900,20-4583,20200204,927,,KY1056,,,KY1056,KY1056,0,098 KY-1056,KY1056,N,N,NULL,NULL,NULL,N,NULL,NULL,NULL,NULL,NULL,NULL,5.382,NULL,NULL,NULL,NULL,,NULL,0,0,2,2,N,N,55,NULL,98,9863,NULL,,Y,37.55849,-82.19078,N,NULL,NULL,NULL,NULL,NULL,NULL,NULL,NULL,7,3,2,3,1,5,6,2,7,3,N,NULL,N,N,927,940,950,N,NULL,54,7,0,N,,N,N,098-KY-1056-0,NULL,NULL,2020,O,7.25E+11,098-KY-1056  -000,HIGH,098-KY-1056  -000,5.382,0,0,0,0,0,0,1,0,0,0,0,1,0,0
5560,72557974,980100,2.02E+11,20201028,748,,US23,,,US0023,US0023,0,098 US-23-10,US0023,N,Y,CASSIDY,,BLVD,N,NULL,NULL,NULL,NULL,NULL,NULL,26.291,NULL,NULL,NULL,NULL,,NULL,0,0,3,3,N,N,55,NULL,98,9801,NULL,,Y,37.50374,-82.53237,N,NULL,NULL,NULL,NULL,NULL,NULL,NULL,NULL,5,3,4,6,1,5,3,2,7,3,N,NULL,Y,N,748,754,824,N,NULL,35,,1,N,,N,N,098-US-0023-10,NULL,NULL,2020,O,7.26E+11,098-US-0023  -010,HIGH,098-US-0023  -000,26.291,0,0,1,0,0,0,1,0,0,0,1,0,0,1
5561,72524815,KSP0900,20-605920,20200718,31,,ISLAND CREEK,,RD,KY1426,KY1426,0,098 KY-1426,KY1426,N,N,NULL,NULL,NULL,N,NULL,NULL,NULL,NULL,NULL,NULL,0.006,NULL,NULL,NULL,NULL,,NULL,0,0,2,2,Y,N,35,NULL,98,9801,NULL,,Y,37.44932,-82.58929,N,NULL,NULL,NULL,NULL,NULL,NULL,NULL,NULL,7,3,2,4,1,1,10,6,7,3,N,NULL,Y,N,34,58,,N,NULL,54,8,0,N,,N,N,098-KY-1426-0,NULL,NULL,2020,O,7.25E+11,098-KY-1426  -000,HIGH,098-KY-1426  -000,0.006,0,0,1,0,0,0,0,0,0,0,0,1,0,0
5562,72591039,980100,2.02E+11,20210111,1533,,HIBBARD,,ST,,,,,,N,N,NULL,NULL,NULL,N,NULL,NULL,NULL,NULL,NULL,NULL,0.042,NULL,NULL,NULL,NULL,,NULL,0,0,2,2,N,N,20,NULL,98,9801,NULL,,Y,37.47367,-82.52674,N,NULL,NULL,NULL,NULL,NULL,NULL,NULL,NULL,2,3,2,6,1,1,3,2,7,3,N,NULL,N,N,1533,1538,1538,N,NULL,56,,,N,,N,N,,NULL,NULL,2021,O,7.26E+11,098-CS-1053  -000,MEDIUM,098-CS-1053  -000,0.042,0,0,0,0,0,0,1,1,0,0,0,0,0,1
5563,72843714,980100,2.02E+11,20221218,400,,US23,,,US0023,US0023,0,098 US-23,US0023,N,N,NULL,NULL,NULL,N,NULL,NULL,NULL,NULL,NULL,NULL,19.668,NULL,NULL,NULL,NULL,,NULL,0,0,1,1,N,N,55,NULL,98,9801,NULL,,Y,37.44937,-82.50663,N,NULL,NULL,NULL,NULL,NULL,NULL,NULL,NULL,9,3,4,3,1,1,3,6,3,3,N,NULL,Y,N,400,407,445,N,NULL,40,,1,N,,N,N,098-US-0023-0,NULL,NULL,2022,O,7.28E+11,098-US-0023  -000,HIGH,098-US-0023  -000,19.668,0,0,0,0,0,0,0,0,0,0,0,1,0,1
5564,72740961,980100,2.02E+11,20220312,1115,,US23,,,US0023,US0023,0,098 US-23,US0023,N,N,NULL,NULL,NULL,N,NULL,NULL,NULL,NULL,NULL,NULL,27.248,NULL,NULL,NULL,NULL,,NULL,0,0,1,1,N,N,55,NULL,98,9801,NULL,,Y,37.51051,-82.54622,N,NULL,NULL,NULL,NULL,NULL,NULL,NULL,NULL,9,3,6,6,1,1,2,2,7,3,N,NULL,Y,N,1118,1122,1156,N,NULL,70,,1,Y,,N,N,098-US-0023-0,NULL,NULL,2022,O,7.27E+11,098-US-0023  -000,HIGH,098-US-0023  -000,27.248,0,0,0,0,0,0,0,0,0,1,0,1,0,1
5565,72540642,KSP0900,20-686257,20200906,2020,,KY194,,,KY0194,KY0194,0,098 KY-194,KY0194,N,N,NULL,NULL,NULL,N,NULL,NULL,NULL,NULL,NULL,NULL,6.904,NULL,NULL,NULL,NULL,,NULL,0,0,2,2,Y,N,55,NULL,98,9801,2,S,N,37.61837,-82.55058,N,NULL,NULL,NULL,NULL,NULL,NULL,NULL,NULL,7,3,2,6,1,1,2,4,6,3,N,NULL,Y,N,2031,2057,,N,NULL,54,7,0,N,,N,N,098-KY-0194-0,NULL,NULL,2020,O,7.25E+11,098-KY-0194  -000,HIGH,098-KY-0194  -000,6.904,0,0,0,1,0,0,0,0,0,0,0,1,0,0
5566,72713981,980100,2.02E+11,20211225,1354,,4TH,,ST,,,0,098 CS-1133,CS1133,N,N,NULL,NULL,NULL,N,NULL,NULL,NULL,NULL,NULL,NULL,0.03,NULL,NULL,NULL,NULL,,NULL,0,0,4,4,N,N,25,NULL,98,9801,NULL,,Y,37.48295,-82.51888,N,NULL,NULL,NULL,NULL,NULL,NULL,NULL,NULL,3,97,2,6,1,1,2,2,7,3,N,NULL,Y,Y,1354,1356,1525,Y,NULL,40,,,Y,,N,N,098-CS-1133-0,NULL,NULL,2021,O,7.27E+11,098-CS-1133  -000,HIGH,098-CS-1133  -000,0.03,0,0,0,0,0,0,1,0,1,0,0,1,0,1
5567,72584301,980100,2.02E+11,20210113,922,,BAIRD,,AVE,KY1426,KY1426,0,098 KY-1426,KY1426,Y,N,NULL,NULL,NULL,N,NULL,NULL,NULL,NULL,NULL,NULL,5.386,NULL,NULL,NULL,NULL,,NULL,0,0,2,2,N,N,,NULL,98,9801,NULL,,Y,37.47313,-82.52752,N,NULL,NULL,NULL,NULL,NULL,NULL,NULL,NULL,5,97,1,6,1,1,2,2,1,3,N,NULL,Y,N,923,926,926,N,NULL,90,,0,N,,N,N,098-KY-1426-0,NULL,NULL,2021,O,7.26E+11,098-KY-1426  -000,MEDIUM,098-KY-1426  -000,5.386,0,0,0,0,0,0,0,0,0,0,0,0,0,1
5568,72676958,KSP0900,21-394736,20210923,1130,,KY194,,,KY0194,KY0194,0,098 KY-194,KY0194,N,N,NULL,NULL,NULL,N,NULL,NULL,NULL,NULL,NULL,NULL,25.379,NULL,NULL,NULL,NULL,,NULL,1,1,2,2,N,N,55,NULL,98,9817,NULL,,Y,37.51231,-82.35888,N,NULL,NULL,NULL,NULL,NULL,NULL,NULL,NULL,3,3,2,6,1,1,2,2,7,3,Y,NULL,Y,Y,1132,1143,1234,N,NULL,52,6,0,N,,N,N,098-KY-0194-0,NULL,NULL,2021,K,7.27E+11,098-KY-0194  -000,HIGH,098-KY-0194  -000,25.379,0,0,0,1,0,0,0,1,0,0,0,1,0,0
5569,72577082,980100,2.02E+11,20201218,1917,,KY3496,,,KY3496,KY3496,,,,Y,N,NULL,NULL,NULL,N,NULL,NULL,NULL,NULL,NULL,NULL,0.762,NULL,NULL,NULL,NULL,,NULL,0,0,2,2,N,N,15,NULL,98,9801,NULL,,Y,37.47203,-82.53022,N,NULL,NULL,NULL,NULL,NULL,NULL,NULL,NULL,1,97,1,6,1,1,2,6,1,3,N,NULL,Y,N,1917,1928,1928,N,NULL,90,16,0,N,,N,N,,NULL,NULL,2020,O,7.26E+11,098-KY-3496  -000,HIGH,098-KY-3496  -000,0.762,0,0,0,0,0,0,1,0,0,0,0,0,0,1