OBJECTID,MasterFile,AgencyORINumber,LocalCode,CollisionDate,CollisionTime,CollisionDayWeekCode,RoadwayName,RoadwayName_Direction_,RoadwayName_RoadwaySuffix_,RoadwayfromReport,CurrentRoadwayNumber,RoadwayNumberCoupletID,RSEUniqueGIS,RoadwayIdentifier,ParkingLotIndicator,IntersectionWith_Indicator_,IntersectionWith_NameRoadway_,IntersectionWith_Direction_,IntersectionWith_RoadwaySuffix_,BetweenStreets_Indicator_,BetweenStreets1_NameRoadway_,BetweenStreet1_Direction_,BetweenStreets1_RoadwaySuffix_,BetweenStreets2_NameRoadway_,BetweenStreets2_Direction_,BetweenStreets2_RoadwaySuffix_,Milepoint,ReportMilepointDeriveNumber,CurrentDerivedMiepointNumber,MilestoMilepoint,FeettoMilepoint,DirectionfromMilepoint_NSEW_,ValidMilepointIndicator,NumberInjured,NumberKilled,ofUnits,ofMotorVehicleUnits,Hit&RunIndicator,OneWayIndicator,SpeedLimitNumber,KilometersIndicator,CountyCode,CityCountyCode,MilesFromCity,DirectionFromCity_NSEW_,InCityLimitsIndicator,Latitude,Longitude,RampIndicator,RampFromIdentifier,RampFromDirCode,RampFromCoupletID,RSEUniqueGISRampFrom,RampToidentifier,RampToDirCode,RampToCoupletID,RSEUniqueGisRampTo,MannerofCollisionCode,LocationFirstEventCode,TotalLanes,RoadwayCharacterCode,RoadwaySurfaceCode,RoadwayConditionCode,WeatherCode,LightConditionCode,LandUseCode,SchoolBusRelatedCode,FirstAidSceneIndicator,CollDescPresentInd,InvestigationCompleteIndicator,PhotosTakenIndicator,TimeNotified,TimeArrived,TimeRoadwayOpened,PropertyDamageIndicator,DiagramPresentIndicator,DirectionalAnalysis,FunctionClassCode,NationalHwySysCode,EnforcementsIndicator,KARSCityCode,SecondaryCollisionIndicator,MedianCrossoverIndicator,RT_UNIQUE,MapIt,TimeLastLeft,YR,KABCO,MFNY,WorkingRID,RT_CONFIDENCE,KTC_RT,KTC_MP,Motorcyclist,Commercial Vehicle,Young Driver,Mature Driver,Pedestrian,Bicyclist,Distracted,Aggressive,Impaired,Unrestrained,Intersection,Roadway Departure,Median Cross-over,City Crash
5570,72462443,980100,2.02E+11,20200111,2140,,MAIN,,ST,,,0,098 CS-1112,CS1112,N,N,NULL,NULL,NULL,N,NULL,NULL,NULL,NULL,NULL,NULL,0.081,NULL,NULL,NULL,NULL,,NULL,0,0,2,2,N,N,15,NULL,98,9801,NULL,,Y,37.47879,-82.51795,N,NULL,NULL,NULL,NULL,NULL,NULL,NULL,NULL,2,3,1,6,1,5,3,5,1,3,N,NULL,Y,N,2140,2142,2142,N,NULL,47,,,Y,,N,N,098-CS-1112-0,NULL,NULL,2020,O,7.25E+11,098-CS-1112  -000,HIGH,098-CS-1112  -000,0.081,0,0,0,0,0,0,1,0,0,0,0,0,0,1
5571,72769690,980500,2022AR025,20220606,1315,,CHURCH STREET,,ST,,,0,098 CS-3002,CS3002,Y,N,NULL,NULL,NULL,N,NULL,NULL,NULL,NULL,NULL,NULL,,NULL,NULL,NULL,NULL,NULL,NULL,0,0,2,2,N,N,10,NULL,98,9807,NULL,,Y,37.51751,-82.56645,N,NULL,NULL,NULL,NULL,NULL,NULL,NULL,NULL,2,97,2,6,1,1,2,2,1,3,N,NULL,Y,Y,1320,1321,1321,N,NULL,90,,,N,,N,N,098-CS-3002-0,NULL,NULL,2022,O,7.28E+11,098-CS-3002  -000,HIGH,098-CS-3002  -000,0.235,0,0,0,1,0,0,1,0,0,0,0,0,0,0
5572,72681405,980100,2.02E+11,20211011,1053,,CASSIDY,,BLVD,,,0,098 CS-1191,CS1191,Y,N,NULL,NULL,NULL,N,NULL,NULL,NULL,NULL,NULL,NULL,0.258,NULL,NULL,NULL,NULL,,NULL,0,0,2,2,N,N,,NULL,98,9801,NULL,,Y,37.5046,-82.53606,N,NULL,NULL,NULL,NULL,NULL,NULL,NULL,NULL,1,97,,6,1,1,2,2,1,3,N,NULL,Y,N,1053,1101,,N,NULL,90,,,N,,N,N,098-CS-1191-0,NULL,NULL,2021,O,7.27E+11,098-CS-1191  -000,HIGH,098-CS-1191  -000,0.258,0,0,0,1,0,0,1,0,0,0,0,0,0,1
5573,72809378,980100,2.02E+11,20220926,1332,,CASSIDY,,BLVD,,,0,098 CS-1191,CS1191,N,N,NULL,NULL,NULL,N,NULL,NULL,NULL,NULL,NULL,NULL,0.225,NULL,NULL,NULL,NULL,,NULL,0,0,2,2,N,N,35,NULL,98,9801,NULL,,Y,37.5043,-82.53558,N,NULL,NULL,NULL,NULL,NULL,NULL,NULL,NULL,1,3,4,6,1,1,2,2,1,3,N,NULL,Y,N,1332,1334,,N,NULL,55,,,N,,N,N,098-CS-1191-0,NULL,NULL,2022,O,7.28E+11,098-CS-1191  -000,HIGH,098-CS-1191  -000,0.225,0,0,0,1,0,0,1,1,0,0,0,0,0,1
5574,72585366,KSP0900,21-21024,20210116,1258,,TURKEY CREEK,,RD,KY0612,KY0612,0,098 KY-612,KY0612,N,N,NULL,NULL,NULL,N,NULL,NULL,NULL,NULL,NULL,NULL,7.295,NULL,NULL,NULL,NULL,,NULL,3,0,2,2,N,N,45,NULL,98,9893,NULL,,Y,37.65944,-82.30553,N,NULL,NULL,NULL,NULL,NULL,NULL,NULL,NULL,1,3,2,4,1,4,9,2,7,3,N,NULL,Y,Y,1258,1335,1444,N,NULL,55,8,0,N,,N,N,098-KY-0612-0,NULL,NULL,2021,B,7.26E+11,098-KY-0612  -000,HIGH,098-KY-0612  -000,7.295,0,0,0,0,0,0,0,0,0,0,0,0,0,0
5575,72794730,KSP0900,22-311664,20220812,1959,,WILLIAMSON,,RD,KY0292,KY0292,0,098 KY-292,KY0292,N,N,NULL,NULL,NULL,N,NULL,NULL,NULL,NULL,NULL,NULL,7.987,NULL,NULL,NULL,NULL,,NULL,3,0,2,2,N,N,45,NULL,98,9836,NULL,,Y,37.68752,-82.29965,N,NULL,NULL,NULL,NULL,NULL,NULL,NULL,NULL,1,3,2,6,1,1,2,6,7,3,Y,NULL,Y,Y,2004,2014,2145,N,NULL,55,7,0,N,,N,N,098-KY-0292-0,NULL,NULL,2022,C,7.28E+11,098-KY-0292  -000,HIGH,098-KY-0292  -000,7.987,0,0,1,0,0,0,0,1,0,0,0,0,0,0
5576,72585365,KSP0900,21-20713,20210116,403,,WOODMAN SUMMER,,RD,,,0,098 CR-1873,CR1873,N,N,NULL,NULL,NULL,N,NULL,NULL,NULL,NULL,NULL,NULL,0.959,NULL,NULL,NULL,NULL,,NULL,1,0,1,1,N,N,35,NULL,98,9855,NULL,,Y,37.53559,-82.05217,N,NULL,NULL,NULL,NULL,NULL,NULL,NULL,NULL,9,5,1,3,1,2,9,6,7,3,N,NULL,Y,Y,403,617,617,N,NULL,44,,,N,,N,N,098-CR-1873-0,NULL,NULL,2021,C,7.26E+11,098-CR-1873  -000,HIGH,098-CR-1873  -000,0.959,0,0,0,0,0,0,0,0,0,0,0,1,0,0
5577,72749075,KSP0900,22-125372,20220407,1100,,ROAD CREEK,,RD,,,0,098 CR-1659,CR1659,N,N,NULL,NULL,NULL,N,NULL,NULL,NULL,NULL,NULL,NULL,0.25,NULL,NULL,NULL,NULL,,NULL,4,0,2,2,N,N,15,NULL,98,9805,NULL,,Y,37.35456,-82.38535,N,NULL,NULL,NULL,NULL,NULL,NULL,NULL,NULL,3,3,1,3,1,5,2,2,7,3,N,NULL,Y,Y,1100,1120,1120,N,NULL,52,,,N,,N,N,098-CR-1659-0,NULL,NULL,2022,B,7.27E+11,098-CR-1659  -000,HIGH,098-CR-1659  -000,0.25,0,0,1,0,0,0,0,1,0,0,0,1,0,0
5578,72593126,KSP0900,21-52871,20210209,800,,OOTEN,,LN,,,0,098 CR-1544G,CR1544G,N,N,NULL,NULL,NULL,N,NULL,NULL,NULL,NULL,NULL,NULL,0.063,NULL,NULL,NULL,NULL,,NULL,1,0,1,1,N,N,35,NULL,98,9819,NULL,,Y,37.58216,-82.27011,N,NULL,NULL,NULL,NULL,NULL,NULL,NULL,NULL,9,3,2,6,1,2,6,2,7,3,Y,NULL,Y,N,800,950,950,N,NULL,44,,,N,,N,N,098-CR-1544G-0,NULL,NULL,2021,C,7.26E+11,098-CR-1544G -000,MEDIUM,098-CR-1544G -000,0.063,0,0,0,1,0,0,0,1,0,0,0,1,0,0
5579,72521459,KSP0900,20-601902,20200715,1827,,GRAPEVINE,,RD,KY0194,KY0194,0,098 KY-194,KY0194,N,N,NULL,NULL,NULL,N,NULL,NULL,NULL,NULL,NULL,NULL,31.155,NULL,NULL,NULL,NULL,,NULL,2,0,2,2,N,N,55,NULL,98,9849,NULL,,Y,37.43998,-82.36109,N,NULL,NULL,NULL,NULL,NULL,NULL,NULL,NULL,3,3,2,3,1,1,2,2,7,3,Y,NULL,Y,Y,1827,1935,2002,N,NULL,52,7,0,N,,N,N,098-KY-0194-0,NULL,NULL,2020,B,7.25E+11,098-KY-0194  -000,HIGH,098-KY-0194  -000,31.155,0,0,0,0,0,0,0,0,0,0,0,1,0,0
5580,72489053,KSP0900,20-9804,20200314,2005,,US460,,,US0460,US0460,0,098 US-460,US0460,N,N,NULL,NULL,NULL,N,NULL,NULL,NULL,NULL,NULL,NULL,10.967,NULL,NULL,NULL,NULL,,NULL,2,0,1,1,N,N,55,NULL,98,9802,NULL,,Y,37.35584,-82.39942,N,NULL,NULL,NULL,NULL,NULL,NULL,NULL,NULL,9,3,2,6,1,5,6,6,7,3,Y,NULL,Y,Y,2006,2023,2330,N,NULL,70,,1,N,,N,N,098-US-0460-0,NULL,NULL,2020,B,7.25E+11,098-US-0460  -000,HIGH,098-US-0460  -000,10.967,0,0,1,0,0,0,0,0,0,0,0,0,0,0
5581,72563567,980100,2.02E+11,20201111,1628,,PEACH ORCHARD,,DR,,,,,,N,N,NULL,NULL,NULL,N,NULL,NULL,NULL,NULL,NULL,NULL,0.164,NULL,NULL,NULL,NULL,,NULL,0,0,2,2,N,N,35,NULL,98,9801,NULL,,Y,37.47973,-82.52433,N,NULL,NULL,NULL,NULL,NULL,NULL,NULL,NULL,7,3,2,1,1,5,6,2,6,3,N,NULL,Y,N,1626,1636,1713,N,NULL,54,,,N,,N,N,,NULL,NULL,2020,O,7.26E+11,098-CS-1156  -000,LOW,098-CS-1156  -000,0.164,0,0,1,1,0,0,0,1,0,0,0,1,0,1
5582,72854021,980100,2.02E+11,20230113,1636,,KY3496,,,KY3496,KY3496,0,098 KY-3496,KY3496,N,N,NULL,NULL,NULL,N,NULL,NULL,NULL,NULL,NULL,NULL,0.157,NULL,NULL,NULL,NULL,,NULL,1,0,2,2,N,N,35,NULL,98,9801,NULL,,Y,37.46625,-82.53049,N,NULL,NULL,NULL,NULL,NULL,NULL,NULL,NULL,3,3,2,6,1,5,9,2,7,3,N,NULL,Y,Y,1636,1640,1717,N,NULL,52,16,0,Y,,N,N,098-KY-3496-0,NULL,NULL,2023,C,7.29E+11,098-KY-3496  -000,HIGH,098-KY-3496  -000,0.162,0,0,0,1,0,0,1,0,1,1,0,1,0,1
5583,72734046,KSP0900,22-64524,20220221,1641,,HURRICANE,,CRK,,,0,098 CR-1880,CR1880,N,N,NULL,NULL,NULL,N,NULL,NULL,NULL,NULL,NULL,NULL,1.644,NULL,NULL,NULL,NULL,,NULL,0,0,1,1,N,N,20,NULL,98,9825,NULL,,Y,37.49489,-82.08498,N,NULL,NULL,NULL,NULL,NULL,NULL,NULL,NULL,9,97,2,3,1,1,2,2,7,3,N,NULL,Y,N,1743,1839,1641,Y,NULL,40,,,N,,N,N,098-CR-1880-0,NULL,NULL,2022,O,7.27E+11,098-CR-1880  -000,HIGH,098-CR-1880  -000,1.644,0,0,0,0,0,0,0,0,0,0,0,1,0,0
5584,72563574,980100,2.02E+11,20201104,1215,,US23,,,US0023,US0023,,,,N,N,NULL,NULL,NULL,N,NULL,NULL,NULL,NULL,NULL,NULL,22.24,NULL,NULL,NULL,NULL,,NULL,0,0,2,2,N,N,55,NULL,98,9801,NULL,,Y,37.46063,-82.51683,N,NULL,NULL,NULL,NULL,NULL,NULL,NULL,NULL,8,3,4,3,1,1,2,2,1,3,N,NULL,Y,N,1215,1221,1258,N,NULL,53,,1,N,,N,N,,NULL,NULL,2020,O,7.26E+11,098-US-0023  -010,MEDIUM,098-US-0023  -000,22.24,0,0,0,1,0,0,0,1,0,0,0,1,0,1
5585,72654523,KSP0900,21-322101,20210803,1841,,KY194,,,KY0194,KY0194,0,098 KY-194,KY0194,N,N,NULL,NULL,NULL,N,NULL,NULL,NULL,NULL,NULL,NULL,18.592,NULL,NULL,NULL,NULL,,NULL,0,0,2,2,N,N,55,NULL,98,9817,NULL,,Y,37.56029,-82.41905,N,NULL,NULL,NULL,NULL,NULL,NULL,NULL,NULL,7,3,2,3,1,6,3,2,7,3,N,NULL,Y,N,1848,1940,1940,N,NULL,54,6,5,N,,N,N,098-KY-0194-0,NULL,NULL,2021,O,7.27E+11,098-KY-0194  -000,HIGH,098-KY-0194  -000,18.592,0,0,0,0,0,0,0,0,0,0,0,1,0,0
5586,72636912,KSP0900,21-244832,20210614,1726,,US23,,,US0023,US0023,0,098 US-23,US0023,N,N,NULL,NULL,NULL,N,NULL,NULL,NULL,NULL,NULL,NULL,28.088,NULL,NULL,NULL,NULL,,NULL,0,0,2,2,N,N,55,NULL,98,9807,NULL,,Y,37.51557,-82.55972,N,NULL,NULL,NULL,NULL,NULL,NULL,NULL,NULL,8,3,4,6,1,1,2,2,1,3,N,NULL,Y,N,1728,1806,,N,NULL,53,,1,N,,N,N,098-US-0023-0,NULL,NULL,2021,O,7.26E+11,098-US-0023  -000,HIGH,098-US-0023  -000,28.088,0,0,0,0,0,0,1,0,0,0,0,1,0,0
5587,72581556,980100,2.02E+11,20201231,1710,,NORTHGATE,,DR,,,0,098 CS-1021,CS1021,Y,N,NULL,NULL,NULL,N,NULL,NULL,NULL,NULL,NULL,NULL,0.067,NULL,NULL,NULL,NULL,,NULL,0,0,1,1,N,N,5,NULL,98,9801,NULL,,Y,37.48702,-82.50973,N,NULL,NULL,NULL,NULL,NULL,NULL,NULL,NULL,9,97,,6,1,5,3,3,1,3,N,NULL,Y,Y,1710,1717,,Y,NULL,90,,,N,,N,N,098-CS-1021-0,NULL,NULL,2020,O,7.26E+11,098-CS-1021  -000,HIGH,098-CS-1021  -000,0.067,0,0,0,0,0,0,0,0,0,0,0,0,0,1
5588,72690306,KSP0900,21-439446,20211025,1408,,US23,,,US0023,US0023,0,098 US-23,US0023,N,N,NULL,NULL,NULL,N,NULL,NULL,NULL,NULL,NULL,NULL,6.502,NULL,NULL,NULL,NULL,,NULL,0,0,1,1,N,N,55,NULL,98,9827,NULL,,Y,37.29571,-82.54665,N,NULL,NULL,NULL,NULL,NULL,NULL,NULL,NULL,9,3,4,4,1,5,6,2,7,3,N,NULL,Y,N,1408,1425,1425,N,NULL,40,,1,N,,N,Y,098-US-0023-0,NULL,NULL,2021,O,7.27E+11,098-US-0023  -000,HIGH,098-US-0023  -000,6.502,0,0,0,1,0,0,0,0,0,0,0,1,1,0
5589,72563800,980100,2.02E+11,20201111,1510,,CASSIDY,,BLVD,,,,,,Y,N,NULL,NULL,NULL,N,NULL,NULL,NULL,NULL,NULL,NULL,0.401,NULL,NULL,NULL,NULL,,NULL,0,0,2,2,N,N,15,NULL,98,9801,NULL,,Y,37.50477,-82.53871,N,NULL,NULL,NULL,NULL,NULL,NULL,NULL,NULL,2,97,2,6,1,5,6,8,1,3,N,NULL,Y,N,1510,1519,1519,N,NULL,90,,,N,,N,N,,NULL,NULL,2020,O,7.26E+11,098-CS-1191  -000,MEDIUM,098-CS-1191  -000,0.401,0,0,0,0,0,0,1,0,0,0,0,0,0,1
5590,72594223,980100,2.02E+11,20210206,1438,,MAYO,S,TRL,KY3496,KY3496,0,098 KY-3496,KY3496,Y,N,NULL,NULL,NULL,N,NULL,NULL,NULL,NULL,NULL,NULL,0.343,NULL,NULL,NULL,NULL,,NULL,0,0,2,2,N,N,15,NULL,98,9801,NULL,,Y,37.468,-82.53301,N,NULL,NULL,NULL,NULL,NULL,NULL,NULL,NULL,2,97,2,6,1,1,3,2,1,3,N,NULL,Y,N,1439,1448,,N,NULL,90,16,0,N,,N,N,098-KY-3496-0,NULL,NULL,2021,O,7.26E+11,098-KY-3496  -000,HIGH,098-KY-3496  -000,0.343,0,0,0,0,0,0,1,0,0,0,0,0,0,1
5591,72632525,KSP0900,21-228670,20210604,1820,,DORTON-JENKINS,,HWY,KY0805,KY0805,0,098 KY-805,KY0805,N,N,NULL,NULL,NULL,N,NULL,NULL,NULL,NULL,NULL,NULL,0.359,NULL,NULL,NULL,NULL,,NULL,0,0,1,1,N,N,55,NULL,98,9867,NULL,,Y,37.20864,-82.57043,N,NULL,NULL,NULL,NULL,NULL,NULL,NULL,NULL,9,3,2,3,1,1,2,2,7,3,N,NULL,Y,Y,1820,1830,1844,N,NULL,40,7,0,N,,N,N,098-KY-0805-0,NULL,NULL,2021,O,7.26E+11,098-KY-0805  -000,HIGH,098-KY-0805  -000,0.359,0,0,0,0,0,0,0,0,0,0,0,1,0,0
5592,72536575,KSP0900,20-656393,20200818,2239,,KY195,,,KY0195,KY0195,0,098 KY-195,KY0195,N,N,NULL,NULL,NULL,N,NULL,NULL,NULL,NULL,NULL,NULL,10.784,NULL,NULL,NULL,NULL,,NULL,1,0,1,1,N,N,55,NULL,98,9802,NULL,,Y,37.35876,-82.41785,N,NULL,NULL,NULL,NULL,NULL,NULL,NULL,NULL,9,4,2,3,1,5,6,6,7,3,N,NULL,Y,Y,2242,2302,2239,N,NULL,40,7,0,N,,N,N,098-KY-0195-0,NULL,NULL,2020,C,7.25E+11,098-KY-0195  -000,HIGH,098-KY-0195  -000,10.784,0,0,0,0,0,0,0,1,0,0,0,1,0,0
5593,72506430,980100,2.02E+11,20200601,741,,HAROLDS BRANCH,,RD,,,,,,Y,N,NULL,NULL,NULL,N,NULL,NULL,NULL,NULL,NULL,NULL,0.018,NULL,NULL,NULL,NULL,,NULL,0,0,2,2,N,N,15,NULL,98,9801,NULL,,Y,37.47259,-82.52258,N,NULL,NULL,NULL,NULL,NULL,NULL,NULL,NULL,8,97,1,5,2,1,2,2,1,3,N,NULL,Y,N,738,741,741,N,NULL,90,,,N,,N,N,,NULL,NULL,2020,O,7.25E+11,098-CS-1223  -000,MEDIUM,098-CS-1223  -000,0.018,0,0,0,0,0,0,1,0,0,0,0,0,0,1
5594,72728433,980500,2022AR005,20220207,1045,,N MAYO TRAIL,,,US0023,US0023,0,098 US-23,US0023,N,N,NULL,NULL,NULL,N,NULL,NULL,NULL,NULL,NULL,NULL,,NULL,NULL,NULL,NULL,NULL,NULL,1,0,2,2,N,N,45,NULL,98,9807,NULL,,Y,37.52053,-82.56794,N,NULL,NULL,NULL,NULL,NULL,NULL,NULL,NULL,3,97,2,6,1,1,2,2,1,3,Y,NULL,Y,Y,1045,1050,1155,Y,NULL,40,,1,N,,N,N,098-US-0023-0,NULL,NULL,2022,B,7.27E+11,098-US-0023  -000,HIGH,098-US-0023  -000,28.662,0,0,0,0,0,0,0,0,0,0,0,1,0,0
5595,72495227,KSP0900,20-13193,20200411,1412,,US23,,,US0023,US0023,0,098 US-23-10,US0023,N,N,NULL,NULL,NULL,N,NULL,NULL,NULL,NULL,NULL,NULL,29.203,NULL,NULL,NULL,NULL,,NULL,0,0,2,2,N,N,45,NULL,98,9807,NULL,,Y,37.52651,-82.57386,N,NULL,NULL,NULL,NULL,NULL,NULL,NULL,NULL,5,3,6,6,1,1,2,2,7,3,N,NULL,Y,N,1412,1435,,N,NULL,70,,1,N,,N,N,098-US-0023-10,NULL,NULL,2020,O,7.25E+11,098-US-0023  -010,HIGH,098-US-0023  -000,29.203,0,0,0,1,0,0,1,0,0,0,0,0,0,0
5596,72769259,KSP0900,22-209873,20220605,339,,US23,,,US0023,US0023,0,098 US-23,US0023,N,N,NULL,NULL,NULL,N,NULL,NULL,NULL,NULL,NULL,NULL,31.979,NULL,NULL,NULL,NULL,,NULL,0,0,1,1,N,N,55,NULL,98,9801,NULL,,Y,37.53758,-82.60842,N,NULL,NULL,NULL,NULL,NULL,NULL,NULL,NULL,9,3,4,6,1,1,2,6,1,3,N,NULL,Y,N,410,410,,N,NULL,38,,1,N,,N,N,098-US-0023-0,NULL,NULL,2022,O,7.28E+11,098-US-0023  -000,HIGH,098-US-0023  -000,31.979,0,0,0,0,0,0,0,0,0,0,0,0,0,1
5597,72636038,980100,2.02E+11,20210609,1712,,US23,,,US0023,US0023,0,098 US-23-10,US0023,N,N,NULL,NULL,NULL,N,NULL,NULL,NULL,NULL,NULL,NULL,27.422,NULL,NULL,NULL,NULL,,NULL,0,0,2,2,N,N,55,NULL,98,9807,NULL,,Y,37.51101,-82.54956,N,NULL,NULL,NULL,NULL,NULL,NULL,NULL,NULL,5,3,4,6,1,5,6,2,7,3,N,NULL,Y,N,1712,1719,1720,N,NULL,70,,1,N,,N,N,098-US-0023-10,NULL,NULL,2021,O,7.26E+11,098-US-0023  -010,HIGH,098-US-0023  -000,27.422,0,0,0,0,0,0,0,1,0,0,0,0,0,1
5598,72547799,KSP0900,20-721335,20200930,2015,,UPPER BLACKBERRY,,RD,,,,,,N,N,NULL,NULL,NULL,N,NULL,NULL,NULL,NULL,NULL,NULL,1.602,NULL,NULL,NULL,NULL,,NULL,0,0,1,1,N,N,25,NULL,98,9879,NULL,,Y,37.53316,-82.22812,N,NULL,NULL,NULL,NULL,NULL,NULL,NULL,NULL,9,3,1,6,1,1,2,3,7,3,N,NULL,N,N,650,815,815,N,NULL,40,,,N,,N,N,,NULL,NULL,2020,O,7.25E+11,098-CR-1804  -000,MEDIUM,098-CR-1804  -000,1.602,0,0,0,0,0,0,0,0,0,1,0,1,0,0
5599,72732080,980100,2.02E+11,20220203,1807,,CASSIDY,,BLVD,,,,,,Y,N,NULL,NULL,NULL,N,NULL,NULL,NULL,NULL,NULL,NULL,0.334,NULL,NULL,NULL,NULL,,NULL,1,0,2,1,N,N,,NULL,98,9801,NULL,,Y,37.50522,-82.53754,N,NULL,NULL,NULL,NULL,NULL,NULL,NULL,NULL,9,97,2,6,1,5,6,5,1,3,N,NULL,Y,Y,1807,1809,1846,N,NULL,90,,,N,,N,N,,NULL,NULL,2022,B,7.27E+11,098-CS-1191  -000,MEDIUM,098-CS-1191  -000,0.334,0,0,0,0,1,0,1,0,0,0,0,0,0,1
5600,72474185,980100,2.02E+11,20200208,2005,,CASSIDY,,BLVD,,,0,098 CS-1191,CS1191,N,N,NULL,NULL,NULL,N,NULL,NULL,NULL,NULL,NULL,NULL,0.25,NULL,NULL,NULL,NULL,,NULL,0,0,2,2,Y,N,25,NULL,98,9801,NULL,,Y,37.50452,-82.53594,N,NULL,NULL,NULL,NULL,NULL,NULL,NULL,NULL,1,3,4,6,1,5,3,5,1,3,N,NULL,Y,N,2006,2013,,N,NULL,55,,,N,,N,N,098-CS-1191-0,NULL,NULL,2020,O,7.25E+11,098-CS-1191  -000,HIGH,098-CS-1191  -000,0.25,0,0,1,0,0,0,1,0,0,0,0,0,0,1
5601,72808284,980100,2.02E+11,20220920,1304,,BAIRD,,AVE,KY1426,KY1426,0,098 KY-1426,KY1426,N,N,NULL,NULL,NULL,N,NULL,NULL,NULL,NULL,NULL,NULL,5.389,NULL,NULL,NULL,NULL,,NULL,0,0,2,2,N,N,15,NULL,98,9801,NULL,,Y,37.47313,-82.52716,N,NULL,NULL,NULL,NULL,NULL,NULL,NULL,NULL,1,3,2,6,1,1,2,2,7,3,N,NULL,Y,N,1305,1307,1334,N,NULL,55,,0,N,,N,N,098-KY-1426-0,NULL,NULL,2022,O,7.28E+11,098-KY-1426  -000,HIGH,098-KY-1426  -000,5.389,0,0,0,0,0,0,1,0,0,0,0,0,0,1
5602,72508664,980100,2.02E+11,20200601,2111,,CASSIDY,,BLVD,,,,,,N,N,NULL,NULL,NULL,N,NULL,NULL,NULL,NULL,NULL,NULL,0.318,NULL,NULL,NULL,NULL,,NULL,0,0,2,2,N,N,25,NULL,98,9801,NULL,,Y,37.50521,-82.5372,N,NULL,NULL,NULL,NULL,NULL,NULL,NULL,NULL,1,3,2,3,1,1,2,5,7,3,N,NULL,N,N,2111,2112,2112,N,NULL,55,,,N,,N,N,,NULL,NULL,2020,O,7.25E+11,098-CS-1191  -000,MEDIUM,098-CS-1191  -000,0.318,0,0,0,1,0,0,1,0,0,0,0,0,0,1
5603,72712239,980100,2.02E+11,20211221,1645,,CHLOE,,RD,KY1460,KY1460,0,098 KY-1460,KY1460,Y,N,NULL,NULL,NULL,N,NULL,NULL,NULL,NULL,NULL,NULL,5.049,NULL,NULL,NULL,NULL,,NULL,0,0,2,2,N,N,45,NULL,98,9801,NULL,,Y,37.47748,-82.51598,N,NULL,NULL,NULL,NULL,NULL,NULL,NULL,NULL,2,97,2,6,1,1,2,2,5,3,N,NULL,Y,Y,1645,1649,1649,N,NULL,90,,0,N,,N,N,098-KY-1460-0,NULL,NULL,2021,O,7.27E+11,098-KY-1460  -000,HIGH,098-KY-1460  -000,5.049,0,0,0,0,0,0,1,0,0,0,0,0,0,1
5604,72631716,980100,2.02E+11,20210529,1228,,BYPASS,S,RD,KY1426,KY1426,,,,Y,N,NULL,NULL,NULL,N,NULL,NULL,NULL,NULL,NULL,NULL,5.694,NULL,NULL,NULL,NULL,,NULL,0,0,2,2,N,N,,NULL,98,9801,NULL,,Y,37.47279,-82.52278,N,NULL,NULL,NULL,NULL,NULL,NULL,NULL,NULL,1,97,,6,2,5,3,2,1,3,N,NULL,Y,N,1228,1231,1231,N,NULL,90,,0,N,,N,N,,NULL,NULL,2021,O,7.26E+11,098-KY-1426  -000,HIGH,098-KY-1426  -000,5.694,0,0,0,0,0,0,1,0,0,0,0,0,0,1
5605,72433706,KSP0900,19-43807,20191103,133,,KY194,,,KY0194,KY0194,0,098 KY-194,KY0194,N,N,NULL,NULL,NULL,N,NULL,NULL,NULL,NULL,NULL,NULL,60.298,NULL,NULL,NULL,NULL,,NULL,0,0,1,1,N,N,35,NULL,98,9804,NULL,,Y,37.56295,-82.14589,N,NULL,NULL,NULL,NULL,NULL,NULL,NULL,NULL,9,4,2,3,1,1,2,5,7,3,N,NULL,Y,Y,133,213,331,N,NULL,44,7,0,N,,N,N,098-KY-0194-0,NULL,NULL,2019,O,7.24E+11,098-KY-0194  -000,HIGH,098-KY-0194  -000,60.298,0,0,0,0,0,0,0,0,1,1,0,1,0,0
5606,72635456,980000,21-05-005,20210519,936,,COLLINS,,HWY,KY0122,KY0122,0,098 KY-122,KY0122,N,N,NULL,NULL,NULL,N,NULL,NULL,NULL,NULL,NULL,NULL,13.732,NULL,NULL,NULL,NULL,,NULL,1,0,2,2,N,N,55,NULL,98,9801,13,SE,N,37.40648,-82.50723,N,NULL,NULL,NULL,NULL,NULL,NULL,NULL,NULL,7,3,2,1,1,1,2,2,7,3,Y,NULL,Y,Y,936,947,1056,N,NULL,40,,0,N,,N,N,098-KY-0122-0,NULL,NULL,2021,C,7.26E+11,098-KY-0122  -000,HIGH,098-KY-0122  -000,13.732,0,0,1,0,0,0,0,0,0,0,0,1,0,0
5607,72469526,980100,2.02E+11,20200115,1907,,WALNUT,,DR,,,0,098 CS-1095,CS1095,N,N,NULL,NULL,NULL,N,NULL,NULL,NULL,NULL,NULL,NULL,0.131,NULL,NULL,NULL,NULL,,NULL,0,0,2,2,N,N,15,NULL,98,9801,NULL,,Y,37.48226,-82.54078,N,NULL,NULL,NULL,NULL,NULL,NULL,NULL,NULL,2,97,2,6,1,1,2,4,1,3,N,NULL,Y,N,1907,1912,,N,NULL,47,,,N,,N,N,098-CS-1095-0,NULL,NULL,2020,O,7.25E+11,098-CS-1095  -000,HIGH,098-CS-1095  -000,0.131,0,0,0,1,0,0,1,0,0,0,0,0,0,1