OBJECTID,MasterFile,AgencyORINumber,LocalCode,CollisionDate,CollisionTime,CollisionDayWeekCode,RoadwayName,RoadwayName_Direction_,RoadwayName_RoadwaySuffix_,RoadwayfromReport,CurrentRoadwayNumber,RoadwayNumberCoupletID,RSEUniqueGIS,RoadwayIdentifier,ParkingLotIndicator,IntersectionWith_Indicator_,IntersectionWith_NameRoadway_,IntersectionWith_Direction_,IntersectionWith_RoadwaySuffix_,BetweenStreets_Indicator_,BetweenStreets1_NameRoadway_,BetweenStreet1_Direction_,BetweenStreets1_RoadwaySuffix_,BetweenStreets2_NameRoadway_,BetweenStreets2_Direction_,BetweenStreets2_RoadwaySuffix_,Milepoint,ReportMilepointDeriveNumber,CurrentDerivedMiepointNumber,MilestoMilepoint,FeettoMilepoint,DirectionfromMilepoint_NSEW_,ValidMilepointIndicator,NumberInjured,NumberKilled,ofUnits,ofMotorVehicleUnits,Hit&RunIndicator,OneWayIndicator,SpeedLimitNumber,KilometersIndicator,CountyCode,CityCountyCode,MilesFromCity,DirectionFromCity_NSEW_,InCityLimitsIndicator,Latitude,Longitude,RampIndicator,RampFromIdentifier,RampFromDirCode,RampFromCoupletID,RSEUniqueGISRampFrom,RampToidentifier,RampToDirCode,RampToCoupletID,RSEUniqueGisRampTo,MannerofCollisionCode,LocationFirstEventCode,TotalLanes,RoadwayCharacterCode,RoadwaySurfaceCode,RoadwayConditionCode,WeatherCode,LightConditionCode,LandUseCode,SchoolBusRelatedCode,FirstAidSceneIndicator,CollDescPresentInd,InvestigationCompleteIndicator,PhotosTakenIndicator,TimeNotified,TimeArrived,TimeRoadwayOpened,PropertyDamageIndicator,DiagramPresentIndicator,DirectionalAnalysis,FunctionClassCode,NationalHwySysCode,EnforcementsIndicator,KARSCityCode,SecondaryCollisionIndicator,MedianCrossoverIndicator,RT_UNIQUE,MapIt,TimeLastLeft,YR,KABCO,MFNY,WorkingRID,RT_CONFIDENCE,KTC_RT,KTC_MP,Motorcyclist,Commercial Vehicle,Young Driver,Mature Driver,Pedestrian,Bicyclist,Distracted,Aggressive,Impaired,Unrestrained,Intersection,Roadway Departure,Median Cross-over,City Crash
5608,72777952,KSP0900,22-240435,20220625,1506,,US23,,,US0023,US0023,0,098 US-23,US0023,N,N,NULL,NULL,NULL,N,NULL,NULL,NULL,NULL,NULL,NULL,17.575,NULL,NULL,NULL,NULL,,NULL,0,0,1,1,N,N,55,NULL,98,9801,NULL,,Y,37.42313,-82.51685,N,NULL,NULL,NULL,NULL,NULL,NULL,NULL,NULL,9,3,4,1,1,5,6,2,7,3,N,NULL,N,N,1506,1520,1520,N,NULL,44,,1,N,,N,N,098-US-0023-0,NULL,NULL,2022,O,7.28E+11,098-US-0023  -000,HIGH,098-US-0023  -000,17.575,0,0,0,0,0,0,0,0,0,0,0,1,0,1
5609,72616058,980100,2.02E+12,20210420,1602,,CASSIDY,,BLVD,,,0,098 CS-1191,CS1191,Y,N,NULL,NULL,NULL,N,NULL,NULL,NULL,NULL,NULL,NULL,0.244,NULL,NULL,NULL,NULL,,NULL,0,0,2,2,N,N,10,NULL,98,9801,NULL,,Y,37.50364,-82.53596,N,NULL,NULL,NULL,NULL,NULL,NULL,NULL,NULL,8,97,,6,1,1,2,2,1,3,N,NULL,Y,N,1602,1605,1619,N,NULL,90,,,N,,N,N,098-CS-1191-0,NULL,NULL,2021,O,7.26E+11,098-CS-1191  -000,HIGH,098-CS-1191  -000,0.244,0,0,0,1,0,0,1,0,0,0,0,0,0,1
5610,72506503,370200,2020-19004,20200521,938,,US23,,,US0023,US0023,0,098 US-23,US0023,Y,N,NULL,NULL,NULL,N,NULL,NULL,NULL,NULL,NULL,NULL,28.584,NULL,NULL,NULL,NULL,,NULL,0,0,2,2,N,N,15,NULL,98,9807,NULL,,Y,37.51988,-82.56885,N,NULL,NULL,NULL,NULL,NULL,NULL,NULL,NULL,2,97,2,6,1,5,6,2,2,3,N,NULL,Y,N,941,949,949,N,NULL,90,,1,N,,N,N,098-US-0023-0,NULL,NULL,2020,O,7.25E+11,098-US-0023  -000,HIGH,098-US-0023  -000,28.584,0,0,0,1,0,0,1,0,0,0,0,0,0,0
5611,72483555,KSP0900,20-7894,20200229,1600,,US460,,,US0460,US0460,0,098 US-460,US0460,N,N,NULL,NULL,NULL,N,NULL,NULL,NULL,NULL,NULL,NULL,10.036,NULL,NULL,NULL,NULL,,NULL,0,0,2,2,N,N,55,NULL,98,9830,NULL,,Y,37.36151,-82.40719,N,NULL,NULL,NULL,NULL,NULL,NULL,NULL,NULL,5,3,2,6,1,1,2,2,7,3,N,NULL,N,N,1558,1628,1628,N,NULL,49,,1,N,,N,N,098-US-0460-0,NULL,NULL,2020,O,7.25E+11,098-US-0460  -000,HIGH,098-US-0460  -000,10.036,0,0,1,0,0,0,1,0,0,0,0,0,0,0
5612,72587494,980100,2.02E+11,20210123,1537,,HAMBLEY,,BLVD,,,0,098 CS-1222,CS1222,Y,N,NULL,NULL,NULL,N,NULL,NULL,NULL,NULL,NULL,NULL,0.804,NULL,NULL,NULL,NULL,,NULL,0,0,1,1,N,N,25,NULL,98,9801,NULL,,Y,37.48267,-82.51923,N,NULL,NULL,NULL,NULL,NULL,NULL,NULL,NULL,9,97,2,6,1,1,2,2,1,3,N,NULL,Y,N,1537,1541,,N,NULL,90,,,N,,N,N,098-CS-1222-0,NULL,NULL,2021,O,7.26E+11,098-CS-1222  -000,HIGH,098-CS-1222  -000,0.804,0,0,0,0,0,0,1,0,0,0,0,0,0,1
5613,72685420,KSP0900,21-433090,20211020,2200,,US460,,,US0460,US0460,0,098 US-460,US0460,N,N,NULL,NULL,NULL,N,NULL,NULL,NULL,NULL,NULL,NULL,8.076,NULL,NULL,NULL,NULL,,NULL,0,0,1,1,N,N,45,NULL,98,9832,NULL,,Y,37.3777,-82.43336,N,NULL,NULL,NULL,NULL,NULL,NULL,NULL,NULL,9,3,2,3,1,1,2,6,7,3,N,NULL,N,Y,2200,2200,2200,N,NULL,44,,1,N,,N,N,098-US-0460-0,NULL,NULL,2021,O,7.27E+11,098-US-0460  -000,HIGH,098-US-0460  -000,8.076,0,0,0,0,0,0,0,0,0,0,0,1,0,0
5614,72435167,980000,1906005,20191108,759,,KY632,,,KY0632,KY0632,0,098 KY-632,KY0632,Y,N,NULL,NULL,NULL,N,NULL,NULL,NULL,NULL,NULL,NULL,9.433,NULL,NULL,NULL,NULL,,NULL,0,0,2,2,N,N,15,NULL,98,9804,NULL,,Y,37.48596,-82.20451,N,NULL,NULL,NULL,NULL,NULL,NULL,NULL,NULL,2,97,2,6,1,1,2,2,8,3,N,NULL,Y,N,800,801,803,N,NULL,90,6,0,N,,N,N,098-KY-0632-0,NULL,NULL,2019,O,7.24E+11,098-KY-0632  -000,HIGH,098-KY-0632  -000,9.433,0,0,1,0,0,0,0,0,0,0,0,0,0,0
5615,72756464,KSP0900,22-159111,20220501,450,,US23,,,US0023,US0023,0,098 US-23-10,US0023,N,N,NULL,NULL,NULL,N,NULL,NULL,NULL,NULL,NULL,NULL,4.723,NULL,NULL,NULL,NULL,,NULL,1,0,2,1,N,N,55,NULL,98,9809,NULL,,Y,37.28209,-82.57027,N,NULL,NULL,NULL,NULL,NULL,NULL,NULL,NULL,9,3,4,4,1,1,2,7,7,3,Y,NULL,Y,Y,453,535,600,N,NULL,36,,1,N,,N,N,098-US-0023-10,NULL,NULL,2022,A,7.28E+11,098-US-0023  -010,HIGH,098-US-0023  -000,4.723,0,0,0,0,1,0,0,0,0,0,0,0,0,0
5616,72605266,980100,2.02E+11,20210320,1621,,CASSIDY,,BLVD,,,0,098 CS-1191,CS1191,Y,N,NULL,NULL,NULL,N,NULL,NULL,NULL,NULL,NULL,NULL,0.372,NULL,NULL,NULL,NULL,,NULL,0,0,2,2,N,N,,NULL,98,9801,NULL,,Y,37.505,-82.53823,N,NULL,NULL,NULL,NULL,NULL,NULL,NULL,NULL,2,97,,6,1,1,2,2,5,3,N,NULL,Y,N,1621,1627,1627,N,NULL,90,,,N,,N,N,098-CS-1191-0,NULL,NULL,2021,O,7.26E+11,098-CS-1191  -000,HIGH,098-CS-1191  -000,0.372,0,0,0,1,0,0,1,0,0,0,0,0,0,1
5617,72762440,KSP0900,22-181905,20220516,2203,,US460,,,US0460,US0460,0,098 US-460,US0460,N,N,NULL,NULL,NULL,N,NULL,NULL,NULL,NULL,NULL,NULL,7.529,NULL,NULL,NULL,NULL,,NULL,0,0,1,1,N,N,55,NULL,98,9832,NULL,,Y,37.38387,-82.43769,N,NULL,NULL,NULL,NULL,NULL,NULL,NULL,NULL,9,3,2,6,1,1,2,2,7,3,N,NULL,Y,N,2152,2157,2220,N,NULL,38,,1,N,,N,N,098-US-0460-0,NULL,NULL,2022,O,7.28E+11,098-US-0460  -000,HIGH,098-US-0460  -000,7.529,0,0,1,0,0,0,0,0,0,0,0,0,0,0
5618,72748055,980100,2.02E+11,20220406,1206,,CASSIDY,,BLVD,,,0,098 CS-1191,CS1191,Y,N,NULL,NULL,NULL,N,NULL,NULL,NULL,NULL,NULL,NULL,0.052,NULL,NULL,NULL,NULL,,NULL,0,0,2,2,N,N,,NULL,98,9801,NULL,,Y,37.50368,-82.533,N,NULL,NULL,NULL,NULL,NULL,NULL,NULL,NULL,2,97,1,6,1,1,2,2,1,3,N,NULL,Y,N,1206,1224,1224,N,NULL,90,,,N,,N,N,098-CS-1191-0,NULL,NULL,2022,O,7.27E+11,098-CS-1191  -000,HIGH,098-CS-1191  -000,0.052,0,0,0,0,0,0,1,0,0,0,0,0,0,1
5619,72502994,KSP0900,20-16697,20200504,1715,,STONE COAL CREEK,,RD,KY3227,KY3227,0,098 KY-3227,KY3227,N,N,NULL,NULL,NULL,N,NULL,NULL,NULL,NULL,NULL,NULL,6.192,NULL,NULL,NULL,NULL,,NULL,0,0,2,2,N,N,55,NULL,98,9801,NULL,,Y,37.57402,-82.50197,N,NULL,NULL,NULL,NULL,NULL,NULL,NULL,NULL,7,3,2,3,1,1,2,2,7,3,N,NULL,Y,N,1715,1744,1756,N,NULL,54,8,0,N,,N,N,098-KY-3227-0,NULL,NULL,2020,O,7.25E+11,098-KY-3227  -000,HIGH,098-KY-3227  -000,6.192,0,0,0,0,0,0,1,0,0,0,0,1,0,0
5620,72786587,KSP0900,22-276754,20220721,29,,KY194,,,KY0194,KY0194,0,098 KY-194,KY0194,N,N,NULL,NULL,NULL,N,NULL,NULL,NULL,NULL,NULL,NULL,68.029,NULL,NULL,NULL,NULL,,NULL,0,0,1,1,N,N,35,NULL,98,9825,NULL,,Y,37.51361,-82.08111,N,NULL,NULL,NULL,NULL,NULL,NULL,NULL,NULL,9,3,2,6,1,1,2,7,7,3,N,NULL,Y,N,29,115,115,N,NULL,44,7,0,N,,N,N,098-KY-0194-0,NULL,NULL,2022,O,7.28E+11,098-KY-0194  -000,HIGH,098-KY-0194  -000,68.029,0,0,0,0,0,0,0,0,0,0,0,1,0,0
5621,72713176,KSP0900,21-521327,20211223,2230,,KY1426,,,KY1426,KY1426,0,098 KY-1426,KY1426,N,N,NULL,NULL,NULL,N,NULL,NULL,NULL,NULL,NULL,NULL,15.338,NULL,NULL,NULL,NULL,,NULL,0,0,1,1,N,N,35,NULL,98,9801,NULL,,Y,37.56474,-82.45316,N,NULL,NULL,NULL,NULL,NULL,NULL,NULL,NULL,9,3,2,3,1,1,2,6,7,3,N,NULL,Y,N,2230,2300,2300,N,NULL,38,7,0,N,,N,N,098-KY-1426-0,NULL,NULL,2021,O,7.27E+11,098-KY-1426  -000,HIGH,098-KY-1426  -000,15.338,0,0,0,0,0,0,0,0,0,0,0,0,0,0
5622,72555403,980100,2.02E+11,20201021,1523,,KY3496,,,KY3496,KY3496,0,098 KY-3496,KY3496,N,N,NULL,NULL,NULL,N,NULL,NULL,NULL,NULL,NULL,NULL,0.103,NULL,NULL,NULL,NULL,,NULL,0,0,2,2,N,N,35,NULL,98,9801,NULL,,Y,37.466,-82.52957,N,NULL,NULL,NULL,NULL,NULL,NULL,NULL,NULL,1,3,2,6,1,1,2,2,1,3,N,NULL,Y,N,1524,1530,1550,N,NULL,55,16,0,N,,N,N,098-KY-3496-0,NULL,NULL,2020,O,7.26E+11,098-KY-3496  -000,HIGH,098-KY-3496  -000,0.103,0,0,0,1,0,0,1,0,0,0,0,0,0,1
5623,72597202,980100,2.02E+11,20210223,1201,,US23,,,US0023,US0023,,,,N,N,NULL,NULL,NULL,N,NULL,NULL,NULL,NULL,NULL,NULL,29.1,NULL,NULL,NULL,NULL,,NULL,0,0,2,2,N,N,55,NULL,98,9807,1,N,N,37.525,-82.5731,N,NULL,NULL,NULL,NULL,NULL,NULL,NULL,NULL,8,3,4,6,1,1,2,2,1,3,N,NULL,N,N,1201,1215,1229,N,NULL,53,,1,N,,N,N,,NULL,NULL,2021,O,7.26E+11,098-US-0023  -010,MEDIUM,098-US-0023  -000,29.1,0,0,0,0,0,0,0,0,0,0,0,1,0,0
5624,72461238,KSP0900,20-177,20200102,900,,FISHTRAP,,RD,KY1441,KY1441,0,098 KY-1441,KY1441,N,N,NULL,NULL,NULL,N,NULL,NULL,NULL,NULL,NULL,NULL,11.03,NULL,NULL,NULL,NULL,,NULL,0,0,1,1,N,N,35,NULL,98,9850,NULL,,Y,37.52843,-82.45801,N,NULL,NULL,NULL,NULL,NULL,NULL,NULL,NULL,9,3,2,6,1,1,2,2,7,3,N,NULL,Y,N,900,1015,1100,Y,NULL,40,8,0,N,,N,N,098-KY-1441-0,NULL,NULL,2020,O,7.25E+11,098-KY-1441  -000,HIGH,098-KY-1441  -000,11.03,0,0,0,0,0,0,1,0,0,0,0,1,0,0
5625,72531859,980100,2.02E+11,20200812,1332,,BYPASS,S,RD,KY1426,KY1426,0,098 KY-1426,KY1426,Y,N,NULL,NULL,NULL,N,NULL,NULL,NULL,NULL,NULL,NULL,5.734,NULL,NULL,NULL,NULL,,NULL,0,0,2,2,N,N,,NULL,98,9801,NULL,,Y,37.47305,-82.52213,N,NULL,NULL,NULL,NULL,NULL,NULL,NULL,NULL,5,97,2,6,1,1,2,2,5,3,N,NULL,Y,N,1332,1332,1332,N,NULL,90,,0,N,,N,N,098-KY-1426-0,NULL,NULL,2020,O,7.25E+11,098-KY-1426  -000,HIGH,098-KY-1426  -000,5.734,0,0,0,1,0,0,1,0,0,0,0,0,0,1
5626,72622301,980100,2.02E+11,20210507,1426,,CASSIDY,,BLVD,,,0,098 CS-1191,CS1191,Y,N,NULL,NULL,NULL,N,NULL,NULL,NULL,NULL,NULL,NULL,0.281,NULL,NULL,NULL,NULL,,NULL,0,0,2,2,N,N,15,NULL,98,9801,NULL,,Y,37.50494,-82.53646,N,NULL,NULL,NULL,NULL,NULL,NULL,NULL,NULL,6,97,1,6,1,1,2,2,1,3,N,NULL,Y,N,1426,1439,1439,N,NULL,90,,,N,,N,N,098-CS-1191-0,NULL,NULL,2021,O,7.26E+11,098-CS-1191  -000,HIGH,098-CS-1191  -000,0.281,0,0,0,1,0,0,1,0,0,0,0,0,0,1
5627,72544063,KSP0900,20-706357,20200919,2205,,KY199,,,KY0199,KY0199,,,,N,N,NULL,NULL,NULL,N,NULL,NULL,NULL,NULL,NULL,NULL,9.013,NULL,NULL,NULL,NULL,,NULL,0,0,2,2,N,N,35,NULL,98,9872,NULL,,Y,37.5702,-82.26786,N,NULL,NULL,NULL,NULL,NULL,NULL,NULL,NULL,7,3,2,3,1,1,2,6,6,3,N,NULL,Y,N,2211,2216,2300,N,NULL,54,7,0,N,,N,N,,NULL,NULL,2020,O,7.25E+11,098-KY-0199  -000,HIGH,098-KY-0199  -000,9.013,0,0,1,1,0,0,0,0,0,0,0,1,0,0
5628,72598488,980100,2.02E+11,20210221,1744,,SAAD,,AVE,,,0,098 CS-1165,CS1165,N,N,NULL,NULL,NULL,N,NULL,NULL,NULL,NULL,NULL,NULL,0.028,NULL,NULL,NULL,NULL,,NULL,0,0,2,2,Y,N,15,NULL,98,9801,NULL,,Y,37.48267,-82.52058,N,NULL,NULL,NULL,NULL,NULL,NULL,NULL,NULL,8,3,1,1,1,1,2,2,6,3,N,NULL,N,N,1746,1751,1751,N,NULL,47,,,N,,N,N,098-CS-1165-0,NULL,NULL,2021,O,7.26E+11,098-CS-1165  -000,HIGH,098-CS-1165  -000,0.028,0,0,1,0,0,0,1,0,0,0,0,0,0,1
5629,72638879,KSP0900,21-255898,20210621,1645,,US119,,,US0119,US0119,0,098 US-119,US0119,Y,N,NULL,NULL,NULL,N,NULL,NULL,NULL,NULL,NULL,NULL,23.838,NULL,NULL,NULL,NULL,,NULL,0,0,2,2,N,N,10,NULL,98,9834,NULL,,Y,37.65382,-82.27005,N,NULL,NULL,NULL,NULL,NULL,NULL,NULL,NULL,2,97,1,6,1,5,2,2,5,3,N,NULL,Y,N,1645,1650,1650,N,NULL,90,2,1,N,,N,N,098-US-0119-0,NULL,NULL,2021,O,7.26E+11,098-US-0119  -000,HIGH,098-US-0119  -000,23.838,0,0,0,1,0,0,1,0,0,0,0,0,0,0
5630,72543688,980100,2.02E+11,20200917,2042,,MAYO,S,TRL,US0023,US0023,0,098 US-23,US0023,N,N,NULL,NULL,NULL,N,NULL,NULL,NULL,NULL,NULL,NULL,20.975,NULL,NULL,NULL,NULL,,NULL,1,0,1,1,N,N,55,NULL,98,9801,NULL,,Y,37.44464,-82.52542,N,NULL,NULL,NULL,NULL,NULL,NULL,NULL,NULL,9,97,4,3,1,5,5,5,1,3,Y,NULL,Y,Y,2042,2042,2042,Y,NULL,70,,1,N,,N,N,098-US-0023-0,NULL,NULL,2020,C,7.25E+11,098-US-0023  -000,HIGH,098-US-0023  -000,20.975,0,0,0,0,0,0,0,0,0,1,0,0,0,1
5631,72527938,980100,2.02E+11,20200804,837,,US23,,,US0023,US0023,0,098 US-23,US0023,N,N,NULL,NULL,NULL,N,NULL,NULL,NULL,NULL,NULL,NULL,31.591,NULL,NULL,NULL,NULL,,NULL,0,0,2,2,N,N,55,NULL,98,9801,NULL,,Y,37.53688,-82.60184,N,NULL,NULL,NULL,NULL,NULL,NULL,NULL,NULL,5,3,4,6,1,1,2,2,7,3,N,NULL,Y,N,837,847,847,N,NULL,49,,1,N,,N,N,098-US-0023-0,NULL,NULL,2020,O,7.25E+11,098-US-0023  -000,HIGH,098-US-0023  -000,31.591,0,0,0,0,0,0,0,0,0,0,0,0,0,1
5632,72548130,KSP0900,20-722593,20201001,1439,,MARROWBONE CREEK,,RD,KY0195,KY0195,0,098 KY-195,KY0195,N,N,NULL,NULL,NULL,N,NULL,NULL,NULL,NULL,NULL,NULL,7.94,NULL,NULL,NULL,NULL,,NULL,0,0,2,2,N,N,55,NULL,98,9830,NULL,,Y,37.33155,-82.43567,N,NULL,NULL,NULL,NULL,NULL,NULL,NULL,NULL,5,3,2,3,1,1,2,2,7,3,N,NULL,Y,N,1501,1524,,N,NULL,49,7,0,N,,N,N,098-KY-0195-0,NULL,NULL,2020,O,7.25E+11,098-KY-0195  -000,HIGH,098-KY-0195  -000,7.94,0,0,0,1,0,0,1,0,0,0,0,0,0,0
5633,72649172,KSP0900,21-298283,20210719,743,,ROCKHOUSE,,RD,,,0,098 CR-1926,CR1926,N,N,NULL,NULL,NULL,N,NULL,NULL,NULL,NULL,NULL,NULL,1.166,NULL,NULL,NULL,NULL,,NULL,0,0,1,1,N,N,35,NULL,98,9801,7,S,N,37.30708,-82.52547,N,NULL,NULL,NULL,NULL,NULL,NULL,NULL,NULL,9,4,1,6,1,1,2,1,7,3,N,NULL,Y,N,743,1050,1050,N,NULL,44,,,N,,N,N,098-CR-1926-0,NULL,NULL,2021,O,7.26E+11,098-CR-1926  -000,HIGH,098-CR-1926  -000,1.166,0,0,0,0,0,0,0,0,0,0,0,1,0,0
5634,72684597,KSP0900,21-402511,20210928,2015,,,,,US0119,US0119,,,,N,N,NULL,NULL,NULL,N,NULL,NULL,NULL,NULL,NULL,NULL,0.673,NULL,NULL,NULL,NULL,NULL,NULL,1,2,2,2,N,N,45,NULL,98,9820,NULL,,Y,37.55948,-82.42735,Y,KY0194,N,NULL,098 US-119-211,US0119,S,NULL,098 US-119-211,5,3,3,4,1,1,2,6,7,3,N,NULL,N,Y,2049,2253,122,N,NULL,85,2,1,N,,N,N,,NULL,NULL,2021,K,7.27E+11,098-US-0119  -211,MEDIUM,098-US-0119  -211,0.673,0,1,0,0,0,0,1,0,0,1,0,0,0,0
5635,72647946,980100,2.02E+11,20210715,1352,,JUSTICE,,WAY,,,0,098 CS-1215,CS1215,Y,N,NULL,NULL,NULL,N,NULL,NULL,NULL,NULL,NULL,NULL,,NULL,NULL,NULL,NULL,NULL,NULL,0,0,2,2,N,N,,NULL,98,9801,NULL,,Y,37.50715,-82.54703,N,NULL,NULL,NULL,NULL,NULL,NULL,NULL,NULL,1,97,1,6,1,1,2,2,1,3,N,NULL,Y,N,1355,1402,1402,N,NULL,90,,,N,,N,N,098-CS-1215-0,NULL,NULL,2021,O,7.26E+11,098-CS-1215  -000,HIGH,098-CS-1215  -000,0.309,0,0,1,0,0,0,0,0,0,0,0,0,0,1
5636,72561380,KSP0900,20-771082,20201104,620,,US119,,,US0119,US0119,0,098 US-119,US0119,N,N,NULL,NULL,NULL,N,NULL,NULL,NULL,NULL,NULL,NULL,12.931,NULL,NULL,NULL,NULL,,NULL,0,0,1,1,N,N,55,NULL,98,9833,NULL,,Y,37.60695,-82.36596,N,NULL,NULL,NULL,NULL,NULL,NULL,NULL,NULL,9,3,2,4,1,1,2,2,7,3,N,NULL,Y,N,620,710,710,N,NULL,38,2,1,N,,N,N,098-US-0119-0,NULL,NULL,2020,O,7.26E+11,098-US-0119  -000,HIGH,098-US-0119  -000,12.931,0,0,0,0,0,0,0,0,0,0,0,0,0,0
5637,72614934,KSP0900,21-142481,20210409,2354,,US460,,,US0460,US0460,0,098 US-460,US0460,N,N,NULL,NULL,NULL,N,NULL,NULL,NULL,NULL,NULL,NULL,12.761,NULL,NULL,NULL,NULL,,NULL,1,0,1,1,N,N,55,NULL,98,9802,NULL,,Y,37.33983,-82.39355,N,NULL,NULL,NULL,NULL,NULL,NULL,NULL,NULL,9,3,2,3,1,1,2,6,7,3,Y,NULL,Y,Y,2356,14,,N,NULL,70,,1,N,,N,N,098-US-0460-0,NULL,NULL,2021,A,7.26E+11,098-US-0460  -000,HIGH,098-US-0460  -000,12.761,1,0,0,0,0,0,0,1,0,0,0,1,0,0
5638,72783596,KSP0900,22-270327,20220716,1241,,US119,,,US0119,US0119,0,098 US-119,US0119,Y,N,NULL,NULL,NULL,N,NULL,NULL,NULL,NULL,NULL,NULL,24.161,NULL,NULL,NULL,NULL,,NULL,0,0,2,2,N,N,5,NULL,98,9834,NULL,,Y,37.65792,-82.27109,N,NULL,NULL,NULL,NULL,NULL,NULL,NULL,NULL,2,97,1,6,1,1,2,2,7,3,N,NULL,N,N,1241,1314,1314,N,NULL,90,2,1,N,,N,N,098-US-0119-0,NULL,NULL,2022,O,7.28E+11,098-US-0119  -000,HIGH,098-US-0119  -000,24.161,0,0,0,1,0,0,0,0,0,0,0,0,0,0
5639,72499054,KSP0900,20-16440,20200502,2330,,KY195,,,KY0195,KY0195,0,098 KY-195,KY0195,N,N,NULL,NULL,NULL,N,NULL,NULL,NULL,NULL,NULL,NULL,8.067,NULL,NULL,NULL,NULL,,NULL,2,0,1,1,N,N,55,NULL,98,9830,NULL,,Y,37.33066,-82.43185,N,NULL,NULL,NULL,NULL,NULL,NULL,NULL,NULL,9,3,2,3,1,1,2,6,7,3,Y,NULL,Y,Y,2330,2340,,N,NULL,70,7,0,N,,N,N,098-KY-0195-0,NULL,NULL,2020,A,7.25E+11,098-KY-0195  -000,HIGH,098-KY-0195  -000,8.067,1,0,0,0,0,0,1,1,0,0,0,1,0,0
5640,72696838,KSP0900,21-457689,20211107,2235,,BIG CREEK,E,RD,KY3220,KY3220,0,098 KY-3220,KY3220,N,N,NULL,NULL,NULL,N,NULL,NULL,NULL,NULL,NULL,NULL,1.066,NULL,NULL,NULL,NULL,,NULL,0,0,1,1,N,N,35,NULL,98,9833,NULL,,Y,37.61848,-82.3516,N,NULL,NULL,NULL,NULL,NULL,NULL,NULL,NULL,9,97,2,2,1,1,2,6,7,3,N,NULL,Y,N,2235,2244,2235,N,NULL,44,8,0,N,,N,N,098-KY-3220-0,NULL,NULL,2021,O,7.27E+11,098-KY-3220  -000,HIGH,098-KY-3220  -000,1.066,0,0,0,1,0,0,0,0,0,0,0,1,0,0
5641,72548257,KSP0900,20-704362,20200918,1820,,US460,,,US0460,US0460,0,098 US-460,US0460,N,N,NULL,NULL,NULL,N,NULL,NULL,NULL,NULL,NULL,NULL,2.648,NULL,NULL,NULL,NULL,,NULL,0,0,2,2,N,N,55,NULL,98,9824,NULL,,Y,37.43153,-82.48143,N,NULL,NULL,NULL,NULL,NULL,NULL,NULL,NULL,5,3,2,6,1,1,2,2,7,3,N,NULL,N,N,1620,1640,1640,N,NULL,49,,1,N,,N,N,098-US-0460-0,NULL,NULL,2020,O,7.25E+11,098-US-0460  -000,HIGH,098-US-0460  -000,2.648,0,0,0,0,0,0,1,0,0,0,0,0,0,0
5642,72586835,KSP0900,21-28656,20210122,1130,,KY194,,,KY0194,KY0194,0,098 KY-194,KY0194,N,N,NULL,NULL,NULL,N,NULL,NULL,NULL,NULL,NULL,NULL,69.731,NULL,NULL,NULL,NULL,,NULL,0,0,2,2,N,N,35,NULL,98,9825,NULL,,Y,37.49957,-82.0615,N,NULL,NULL,NULL,NULL,NULL,NULL,NULL,NULL,7,3,2,6,1,5,3,2,7,3,N,NULL,Y,N,1132,1210,1130,N,NULL,54,7,0,N,,N,N,098-KY-0194-0,NULL,NULL,2021,O,7.26E+11,098-KY-0194  -000,HIGH,098-KY-0194  -000,69.731,0,0,0,0,0,0,1,0,0,0,0,1,0,0
5643,72557323,980100,2.02E+11,20201020,2247,,BYPASS,N,RD,KY1460,KY1460,0,098 KY-1460,KY1460,Y,N,NULL,NULL,NULL,N,NULL,NULL,NULL,NULL,NULL,NULL,5.127,NULL,NULL,NULL,NULL,,NULL,0,0,1,1,N,N,45,NULL,98,9801,NULL,,Y,37.48359,-82.51398,N,NULL,NULL,NULL,NULL,NULL,NULL,NULL,NULL,9,97,2,6,1,1,2,6,5,3,N,NULL,Y,Y,2247,2247,2247,Y,NULL,90,16,0,Y,,N,N,098-KY-1460-0,NULL,NULL,2020,O,7.26E+11,098-KY-1460  -000,HIGH,098-KY-1460  -000,5.127,0,0,0,0,0,0,0,0,1,1,0,1,0,1
5644,72597914,KSP0900,21-53146,20210209,900,,KY2062,,,KY2062,KY2062,0,098 KY-2062,KY2062,N,N,NULL,NULL,NULL,N,NULL,NULL,NULL,NULL,NULL,NULL,0.699,NULL,NULL,NULL,NULL,,NULL,0,0,2,2,N,N,55,NULL,98,9804,NULL,,Y,37.50511,-82.12296,N,NULL,NULL,NULL,NULL,NULL,NULL,NULL,NULL,5,3,2,6,1,2,8,2,7,3,N,NULL,Y,N,900,1000,1100,N,NULL,49,8,0,N,,N,N,098-KY-2062-0,NULL,NULL,2021,O,7.26E+11,098-KY-2062  -000,HIGH,098-KY-2062  -000,0.699,0,0,0,0,0,0,0,0,0,0,0,0,0,0
5645,72510369,980100,2.02E+11,20200611,1304,,THOMPSON,,RD,,,,,,Y,N,NULL,NULL,NULL,N,NULL,NULL,NULL,NULL,NULL,NULL,0.465,NULL,NULL,NULL,NULL,,NULL,0,0,2,2,N,N,,NULL,98,9801,NULL,,Y,37.50619,-82.54427,N,NULL,NULL,NULL,NULL,NULL,NULL,NULL,NULL,2,97,2,6,1,1,2,2,1,3,N,NULL,Y,N,1304,1313,,N,NULL,90,,,N,,N,N,,NULL,NULL,2020,O,7.25E+11,098-CS-1215  -000,MEDIUM,098-CS-1215  -000,0.465,0,0,0,0,0,0,1,0,0,0,0,0,0,1