OBJECTID,MasterFile,AgencyORINumber,LocalCode,CollisionDate,CollisionTime,CollisionDayWeekCode,RoadwayName,RoadwayName_Direction_,RoadwayName_RoadwaySuffix_,RoadwayfromReport,CurrentRoadwayNumber,RoadwayNumberCoupletID,RSEUniqueGIS,RoadwayIdentifier,ParkingLotIndicator,IntersectionWith_Indicator_,IntersectionWith_NameRoadway_,IntersectionWith_Direction_,IntersectionWith_RoadwaySuffix_,BetweenStreets_Indicator_,BetweenStreets1_NameRoadway_,BetweenStreet1_Direction_,BetweenStreets1_RoadwaySuffix_,BetweenStreets2_NameRoadway_,BetweenStreets2_Direction_,BetweenStreets2_RoadwaySuffix_,Milepoint,ReportMilepointDeriveNumber,CurrentDerivedMiepointNumber,MilestoMilepoint,FeettoMilepoint,DirectionfromMilepoint_NSEW_,ValidMilepointIndicator,NumberInjured,NumberKilled,ofUnits,ofMotorVehicleUnits,Hit&RunIndicator,OneWayIndicator,SpeedLimitNumber,KilometersIndicator,CountyCode,CityCountyCode,MilesFromCity,DirectionFromCity_NSEW_,InCityLimitsIndicator,Latitude,Longitude,RampIndicator,RampFromIdentifier,RampFromDirCode,RampFromCoupletID,RSEUniqueGISRampFrom,RampToidentifier,RampToDirCode,RampToCoupletID,RSEUniqueGisRampTo,MannerofCollisionCode,LocationFirstEventCode,TotalLanes,RoadwayCharacterCode,RoadwaySurfaceCode,RoadwayConditionCode,WeatherCode,LightConditionCode,LandUseCode,SchoolBusRelatedCode,FirstAidSceneIndicator,CollDescPresentInd,InvestigationCompleteIndicator,PhotosTakenIndicator,TimeNotified,TimeArrived,TimeRoadwayOpened,PropertyDamageIndicator,DiagramPresentIndicator,DirectionalAnalysis,FunctionClassCode,NationalHwySysCode,EnforcementsIndicator,KARSCityCode,SecondaryCollisionIndicator,MedianCrossoverIndicator,RT_UNIQUE,MapIt,TimeLastLeft,YR,KABCO,MFNY,WorkingRID,RT_CONFIDENCE,KTC_RT,KTC_MP,Motorcyclist,Commercial Vehicle,Young Driver,Mature Driver,Pedestrian,Bicyclist,Distracted,Aggressive,Impaired,Unrestrained,Intersection,Roadway Departure,Median Cross-over,City Crash
5646,72726306,KSP0900,22-37514,20220131,1406,,KY194,,,KY0194,KY0194,0,098 KY-194,KY0194,N,N,NULL,NULL,NULL,N,NULL,NULL,NULL,NULL,NULL,NULL,60.321,NULL,NULL,NULL,NULL,,NULL,0,0,2,2,N,N,35,NULL,98,9804,NULL,,Y,37.5644,-82.14588,N,NULL,NULL,NULL,NULL,NULL,NULL,NULL,NULL,7,3,2,3,1,1,2,2,7,3,N,NULL,Y,N,1406,1440,1440,N,NULL,54,7,0,N,,N,N,098-KY-0194-0,NULL,NULL,2022,O,7.27E+11,098-KY-0194  -000,HIGH,098-KY-0194  -000,60.321,0,0,0,0,0,0,0,0,0,0,0,1,0,0
5647,72661883,980000,21-08-006,20210817,1815,,KY1426,,,KY1426,KY1426,0,098 KY-1426,KY1426,N,N,NULL,NULL,NULL,N,NULL,NULL,NULL,NULL,NULL,NULL,9.838,NULL,NULL,NULL,NULL,,NULL,0,0,1,1,N,N,55,NULL,98,9828,1,S,N,37.51337,-82.48184,N,NULL,NULL,NULL,NULL,NULL,NULL,NULL,NULL,9,5,2,1,1,5,6,2,7,3,N,NULL,Y,Y,1815,1815,1900,N,NULL,51,7,0,N,,N,N,098-KY-1426-0,NULL,NULL,2021,O,7.27E+11,098-KY-1426  -000,HIGH,098-KY-1426  -000,9.838,0,0,1,0,0,0,0,1,0,0,0,1,0,0
5648,72481207,KSP0900,20-849,20200107,803,,TOLER,,RD,KY0319,KY0319,0,098 KY-319,KY0319,N,N,NULL,NULL,NULL,N,NULL,NULL,NULL,NULL,NULL,NULL,2.241,NULL,NULL,NULL,NULL,,NULL,0,0,1,1,N,N,55,NULL,98,9842,NULL,,Y,37.60019,-82.20628,N,NULL,NULL,NULL,NULL,NULL,NULL,NULL,NULL,9,6,2,3,1,2,9,2,7,3,N,NULL,Y,N,910,942,1000,N,NULL,44,7,0,N,,N,N,098-KY-0319-0,NULL,NULL,2020,O,7.25E+11,098-KY-0319  -000,HIGH,098-KY-0319  -000,2.241,0,0,0,0,0,0,0,0,0,0,0,1,0,0
5649,72689442,980100,2.02E+11,20211028,1342,,BYPASS,S,RD,KY1426,KY1426,0,098 KY-1426,KY1426,N,N,NULL,NULL,NULL,N,NULL,NULL,NULL,NULL,NULL,NULL,6.255,NULL,NULL,NULL,NULL,,NULL,0,0,2,2,N,N,55,NULL,98,9801,NULL,,Y,37.47842,-82.51559,N,NULL,NULL,NULL,NULL,NULL,NULL,NULL,NULL,1,3,2,6,1,5,6,2,1,3,N,NULL,Y,N,1343,1343,1344,N,NULL,55,,0,N,,N,N,098-KY-1426-0,NULL,NULL,2021,O,7.27E+11,098-KY-1426  -000,HIGH,098-KY-1426  -000,6.255,0,0,0,1,0,0,0,0,0,0,0,0,0,1
5650,72830639,980100,2.02E+11,20221116,400,,KY1426,,,KY1426,KY1426,0,098 KY-1426,KY1426,N,N,NULL,NULL,NULL,N,NULL,NULL,NULL,NULL,NULL,NULL,8.027,NULL,NULL,NULL,NULL,,NULL,0,0,1,1,N,N,40,NULL,98,9801,NULL,,Y,37.49157,-82.49162,N,NULL,NULL,NULL,NULL,NULL,NULL,NULL,NULL,9,3,2,1,1,5,6,6,1,3,N,NULL,Y,N,415,422,519,N,NULL,44,,0,N,,N,N,098-KY-1426-0,NULL,NULL,2022,O,7.28E+11,098-KY-1426  -000,HIGH,098-KY-1426  -000,8.027,0,0,0,0,0,0,0,0,0,0,0,1,0,1
5651,72624488,KSP0900,21-194147,20210513,2200,,US460,,,US0460,US0460,0,098 US-460,US0460,N,N,NULL,NULL,NULL,N,NULL,NULL,NULL,NULL,NULL,NULL,0.6,NULL,NULL,NULL,NULL,,NULL,1,0,1,1,N,N,45,NULL,98,9801,NULL,,Y,37.43502,-82.5085,N,NULL,NULL,NULL,NULL,NULL,NULL,NULL,NULL,9,3,2,6,1,1,2,5,7,3,Y,NULL,Y,Y,2200,2200,2300,N,NULL,40,,1,N,,N,N,098-US-0460-0,NULL,NULL,2021,C,7.26E+11,098-US-0460  -000,HIGH,098-US-0460  -000,0.6,0,0,0,0,0,0,0,0,1,1,0,1,0,0
5652,72627835,KSP0900,21-198391,20210516,1638,,SHELBY DRY,,FRK,,,0,098 CR-1257,CR1257,N,N,NULL,NULL,NULL,N,NULL,NULL,NULL,NULL,NULL,NULL,1.438,NULL,NULL,NULL,NULL,,NULL,0,0,2,2,N,N,55,NULL,98,9824,NULL,,Y,37.4049,-82.49451,N,NULL,NULL,NULL,NULL,NULL,NULL,NULL,NULL,7,3,1,3,1,1,2,2,7,3,N,NULL,Y,N,1638,1652,1730,N,NULL,54,,,N,,N,N,098-CR-1257-0,NULL,NULL,2021,O,7.26E+11,098-CR-1257  -000,HIGH,098-CR-1257  -000,1.438,0,0,1,0,0,0,0,0,0,1,0,1,0,0
5653,72766145,980100,2.02E+11,20220519,1854,,US119,,,US0119,US0119,0,098 US-119-10,US0119,N,N,NULL,NULL,NULL,N,NULL,NULL,NULL,NULL,NULL,NULL,2.697,NULL,NULL,NULL,NULL,,NULL,0,0,2,2,N,N,55,NULL,98,9801,NULL,,Y,37.51401,-82.48712,N,NULL,NULL,NULL,NULL,NULL,NULL,NULL,NULL,5,3,2,6,1,1,3,2,7,3,N,NULL,Y,N,1854,1858,,N,NULL,49,2,1,N,,N,N,098-US-0119-10,NULL,NULL,2022,O,7.28E+11,098-US-0119  -010,HIGH,098-US-0119  -000,2.697,0,0,0,0,0,0,1,0,0,0,0,0,0,1
5654,72543006,KSP0900,20-701477,20200916,1918,,SHELBIANA,,RD,US0460,US0460,0,098 US-460,US0460,N,N,NULL,NULL,NULL,N,NULL,NULL,NULL,NULL,NULL,NULL,2.953,NULL,NULL,NULL,NULL,,NULL,0,0,1,1,N,N,55,NULL,98,9824,NULL,,Y,37.42911,-82.47673,N,NULL,NULL,NULL,NULL,NULL,NULL,NULL,NULL,9,3,2,6,1,1,2,2,7,3,N,NULL,Y,N,1919,1927,1945,N,NULL,70,,1,N,,N,N,098-US-0460-0,NULL,NULL,2020,O,7.25E+11,098-US-0460  -000,HIGH,098-US-0460  -000,2.953,0,0,0,0,0,0,0,0,0,0,0,1,0,0
5655,72638199,KSP0900,21-250325,20210618,811,,KY122,,,KY0122,KY0122,0,098 KY-122,KY0122,N,N,NULL,NULL,NULL,N,NULL,NULL,NULL,NULL,NULL,NULL,6.541,NULL,NULL,NULL,NULL,,NULL,1,0,1,1,N,N,55,NULL,98,9823,NULL,,Y,37.36583,-82.58243,N,NULL,NULL,NULL,NULL,NULL,NULL,NULL,NULL,9,5,2,6,1,1,2,2,7,3,N,NULL,Y,Y,813,838,838,N,NULL,44,,0,N,,N,N,098-KY-0122-0,NULL,NULL,2021,C,7.26E+11,098-KY-0122  -000,HIGH,098-KY-0122  -000,6.541,0,0,0,0,0,0,0,0,0,0,0,1,0,0
5656,72686684,KSP0900,21-437291,20211023,2100,,TOLER,,RD,KY0319,KY0319,0,098 KY-319,KY0319,N,N,NULL,NULL,NULL,N,NULL,NULL,NULL,NULL,NULL,NULL,5.364,NULL,NULL,NULL,NULL,,NULL,0,0,1,1,N,N,35,NULL,98,9842,NULL,,Y,37.62534,-82.24675,N,NULL,NULL,NULL,NULL,NULL,NULL,NULL,NULL,9,3,2,6,1,1,2,6,7,3,N,NULL,Y,N,2100,2100,2100,N,NULL,40,7,0,N,,N,N,098-KY-0319-0,NULL,NULL,2021,O,7.27E+11,098-KY-0319  -000,HIGH,098-KY-0319  -000,5.364,0,0,0,0,0,0,0,0,0,0,0,1,0,0
5657,72477651,KSP0900,20-5381,20200210,1430,,HARLESS,,CRK,,,0,098 CR-1664,CR1664,N,N,NULL,NULL,NULL,N,NULL,NULL,NULL,NULL,NULL,NULL,0.02,NULL,NULL,NULL,NULL,,NULL,0,0,2,2,N,N,35,NULL,98,9822,0.5,E,N,37.36386,-82.4069,N,NULL,NULL,NULL,NULL,NULL,NULL,NULL,NULL,1,3,2,1,1,1,2,2,7,3,N,NULL,Y,N,1430,1435,,N,NULL,55,,,N,,N,N,098-CR-1664-0,NULL,NULL,2020,O,7.25E+11,098-CR-1664  -000,HIGH,098-CR-1664  -000,0.02,0,0,0,0,0,0,0,0,0,0,0,0,0,0
5658,72541953,370200,2020-680571,20200903,225,,BEAVER CREEK,,RD,KY1373,KY1373,0,098 KY-1373,KY1373,N,N,NULL,NULL,NULL,N,NULL,NULL,NULL,NULL,NULL,NULL,6.34,NULL,NULL,NULL,NULL,,NULL,0,0,2,2,N,N,55,NULL,98,9839,NULL,,Y,37.36542,-82.29541,N,NULL,NULL,NULL,NULL,NULL,NULL,NULL,NULL,1,3,2,6,1,5,3,2,7,3,N,NULL,Y,N,1424,1445,1552,N,NULL,55,8,0,N,,N,N,098-KY-1373-0,NULL,NULL,2020,O,7.25E+11,098-KY-1373  -000,HIGH,098-KY-1373  -000,6.34,0,1,0,1,0,0,1,0,0,0,0,1,0,0
5659,72528560,KSP0900,20-626734,20200731,853,,US119,,,US0119,US0119,0,098 US-119-10,US0119,N,N,NULL,NULL,NULL,N,NULL,NULL,NULL,NULL,NULL,NULL,18.89,NULL,NULL,NULL,NULL,,NULL,0,0,1,1,N,N,55,NULL,98,9836,NULL,,Y,37.60025,-82.27607,N,NULL,NULL,NULL,NULL,NULL,NULL,NULL,NULL,9,5,4,3,1,5,2,2,1,3,N,NULL,Y,N,856,913,913,N,NULL,44,2,1,N,,N,N,098-US-0119-10,NULL,NULL,2020,O,7.25E+11,098-US-0119  -010,HIGH,098-US-0119  -000,18.89,0,0,0,1,0,0,0,0,0,0,0,1,0,0
5660,72700334,KSP0900,21-477765,20211122,1701,,FISHTRAP,,RD,KY1441,KY1441,,,,N,N,NULL,NULL,NULL,N,NULL,NULL,NULL,NULL,NULL,NULL,10.628,NULL,NULL,NULL,NULL,,NULL,0,0,2,2,N,N,45,NULL,98,9850,NULL,,Y,37.52351,-82.45579,N,NULL,NULL,NULL,NULL,NULL,NULL,NULL,NULL,7,3,2,6,1,1,2,3,7,3,N,NULL,Y,Y,1635,1708,1850,N,NULL,54,8,0,N,,N,N,,NULL,NULL,2021,O,7.27E+11,098-KY-1441  -000,HIGH,098-KY-1441  -000,10.628,0,0,0,1,0,0,1,0,0,0,0,1,0,0
5661,72579922,980100,2.02E+11,20201223,2059,,THOMPSON,,RD,,,,,,Y,N,NULL,NULL,NULL,N,NULL,NULL,NULL,NULL,NULL,NULL,0.752,NULL,NULL,NULL,NULL,,NULL,1,0,2,2,N,N,,NULL,98,9801,NULL,,Y,37.50447,-82.53955,N,NULL,NULL,NULL,NULL,NULL,NULL,NULL,NULL,2,97,2,6,1,1,2,8,1,3,N,NULL,Y,N,2059,2107,2107,N,NULL,90,,,N,,N,N,,NULL,NULL,2020,C,7.26E+11,098-CS-1215  -000,LOW,098-CS-1215  -000,0.752,0,0,0,0,0,0,1,0,0,1,0,0,0,1
5662,72542544,980100,2.02E+11,20200902,1716,,US23,,,US0023,US0023,,,,N,N,NULL,NULL,NULL,N,NULL,NULL,NULL,NULL,NULL,NULL,26.217,NULL,NULL,NULL,NULL,,NULL,0,0,3,3,N,N,55,NULL,98,9801,NULL,,Y,37.50272,-82.53202,N,NULL,NULL,NULL,NULL,NULL,NULL,NULL,NULL,1,3,8,6,1,5,6,2,7,3,N,NULL,N,N,1717,1721,,N,NULL,55,,1,N,,N,Y,,NULL,NULL,2020,O,7.25E+11,098-US-0023  -000,MEDIUM,098-US-0023  -000,26.217,0,0,1,0,0,0,0,1,0,0,0,0,1,1
5663,72509444,KSP0900,20-21500,20200606,2159,,ELKHORN,,CRK,KY0197,KY0197,0,098 KY-197,KY0197,N,N,NULL,NULL,NULL,N,NULL,NULL,NULL,NULL,NULL,NULL,15.307,NULL,NULL,NULL,NULL,,NULL,0,0,2,2,Y,N,55,NULL,98,9802,NULL,,Y,37.29243,-82.36672,N,NULL,NULL,NULL,NULL,NULL,NULL,NULL,NULL,5,3,,6,1,1,2,6,7,3,N,NULL,Y,N,2211,2250,,N,NULL,49,7,0,Y,,N,N,098-KY-0197-0,NULL,NULL,2020,O,7.25E+11,098-KY-0197  -000,HIGH,098-KY-0197  -000,15.307,0,0,0,0,0,0,0,0,1,1,0,0,0,0
5664,72663071,KSP0900,21-352627,20210824,852,,US119,,,US0119,US0119,0,098 US-119,US0119,N,N,NULL,NULL,NULL,N,NULL,NULL,NULL,NULL,NULL,NULL,7.243,NULL,NULL,NULL,NULL,,NULL,0,0,1,1,N,N,55,NULL,98,9836,NULL,,Y,37.55183,-82.43241,N,NULL,NULL,NULL,NULL,NULL,NULL,NULL,NULL,9,3,2,5,1,1,2,2,7,3,N,NULL,Y,Y,854,925,,N,NULL,38,2,1,N,,N,N,098-US-0119-0,NULL,NULL,2021,O,7.27E+11,098-US-0119  -000,HIGH,098-US-0119  -000,7.243,0,0,0,0,0,0,0,0,0,0,0,0,0,0
5665,72744208,KSP0900,22-107011,20220324,1426,,MALL,S,RD,,,0,098 PR-1010,PR1010,Y,N,NULL,NULL,NULL,N,NULL,NULL,NULL,NULL,NULL,NULL,0.31,NULL,NULL,NULL,NULL,,NULL,0,0,2,2,N,Y,15,NULL,98,9834,NULL,,Y,37.65564,-82.2739,N,NULL,NULL,NULL,NULL,NULL,NULL,NULL,NULL,1,97,1,6,1,1,2,2,7,3,N,NULL,Y,N,1426,1512,1512,N,NULL,90,,,N,,N,N,098-PR-1010-0,NULL,NULL,2022,O,7.27E+11,098-PR-1010  -000,HIGH,098-PR-1010  -000,0.31,0,0,1,0,0,0,0,0,0,0,0,0,0,0
5666,72525742,KSP0900,20-614248,20200723,650,,KY197,,,KY0197,KY0197,0,098 KY-197,KY0197,N,N,NULL,NULL,NULL,N,NULL,NULL,NULL,NULL,NULL,NULL,6.97,NULL,NULL,NULL,NULL,,NULL,1,0,1,1,N,N,55,NULL,98,9802,9,S,N,37.25629,-82.47404,N,NULL,NULL,NULL,NULL,NULL,NULL,NULL,NULL,9,3,2,6,1,5,2,2,6,3,N,NULL,Y,Y,706,751,,N,NULL,44,7,0,N,,N,N,098-KY-0197-0,NULL,NULL,2020,B,7.25E+11,098-KY-0197  -000,HIGH,098-KY-0197  -000,6.97,0,0,0,0,0,0,0,0,0,0,0,1,0,0
5667,72515043,980100,2.02E+11,20200617,1400,,US23,,,US0023,US0023,,,,N,N,NULL,NULL,NULL,N,NULL,NULL,NULL,NULL,NULL,NULL,20.596,NULL,NULL,NULL,NULL,,NULL,0,0,2,2,N,N,55,NULL,98,9801,NULL,,Y,37.4433,-82.51921,N,NULL,NULL,NULL,NULL,NULL,NULL,NULL,NULL,8,3,4,3,1,1,2,2,7,3,N,NULL,Y,N,1400,1408,,N,NULL,53,,1,N,,N,N,,NULL,NULL,2020,O,7.25E+11,098-US-0023  -010,MEDIUM,098-US-0023  -000,20.596,0,0,0,0,0,0,1,0,0,0,0,1,0,1
5668,72693944,KSP0900,21-456823,20211107,1033,,US460,,,US0460,US0460,0,098 US-460,US0460,N,N,NULL,NULL,NULL,N,NULL,NULL,NULL,NULL,NULL,NULL,4.517,NULL,NULL,NULL,NULL,,NULL,3,0,1,1,N,N,55,NULL,98,9832,NULL,,Y,37.41654,-82.45368,N,NULL,NULL,NULL,NULL,NULL,NULL,NULL,NULL,9,5,2,6,1,1,2,2,6,3,N,NULL,Y,Y,1033,1033,1120,N,NULL,51,,1,N,,N,N,098-US-0460-0,NULL,NULL,2021,C,7.27E+11,098-US-0460  -000,HIGH,098-US-0460  -000,4.517,0,0,0,0,0,0,1,0,0,0,0,1,0,0
5669,72518635,980000,20-06-007,20200628,1800,,FISHTRAP LAKE,,RD,,,0,098 CR-1137,CR1137,N,N,NULL,NULL,NULL,N,NULL,NULL,NULL,NULL,NULL,NULL,0.491,NULL,NULL,NULL,NULL,,NULL,1,0,1,1,N,N,35,NULL,98,9849,NULL,,Y,37.43492,-82.34978,N,NULL,NULL,NULL,NULL,NULL,NULL,NULL,NULL,9,4,1,6,1,1,3,2,4,3,N,NULL,N,Y,1800,1835,1835,N,NULL,40,,,N,,N,N,098-CR-1137-0,NULL,NULL,2020,B,7.25E+11,098-CR-1137  -000,HIGH,098-CR-1137  -000,0.491,0,0,0,0,0,0,0,0,0,0,0,1,0,0
5670,72573030,KSP0900,20-815531,20201204,2031,,ISLAND CREEK,,RD,KY1426,KY1426,0,098 KY-1426,KY1426,N,N,NULL,NULL,NULL,N,NULL,NULL,NULL,NULL,NULL,NULL,1.743,NULL,NULL,NULL,NULL,,NULL,0,0,2,2,Y,N,55,NULL,98,9801,NULL,,Y,37.46017,-82.56381,N,NULL,NULL,NULL,NULL,NULL,NULL,NULL,NULL,1,97,2,6,3,5,2,6,6,3,N,NULL,N,N,2034,2101,,N,NULL,47,8,0,N,,N,N,098-KY-1426-0,NULL,NULL,2020,O,7.26E+11,098-KY-1426  -000,HIGH,098-KY-1426  -000,1.743,0,0,0,0,0,0,0,0,0,0,0,0,0,0
5671,72461804,KSP0900,19-46736,20191128,1506,,US460,,,US0460,US0460,0,098 US-460,US0460,N,N,NULL,NULL,NULL,N,NULL,NULL,NULL,NULL,NULL,NULL,13.015,NULL,NULL,NULL,NULL,,NULL,1,0,1,1,N,N,55,NULL,98,9802,NULL,,Y,37.33634,-82.39251,N,NULL,NULL,NULL,NULL,NULL,NULL,NULL,NULL,9,3,2,6,1,1,2,2,7,3,N,NULL,Y,N,1506,0,0,N,NULL,70,,1,N,,N,N,098-US-0460-0,NULL,NULL,2019,B,7.25E+11,098-US-0460  -000,HIGH,098-US-0460  -000,13.015,0,0,0,0,0,0,0,0,0,0,0,1,0,0
5672,72705668,KSP0900,21-497160,20211206,2128,,US23,,,US0023,US0023,0,098 US-23,US0023,N,N,NULL,NULL,NULL,N,NULL,NULL,NULL,NULL,NULL,NULL,16.27,NULL,NULL,NULL,NULL,,NULL,0,0,1,1,N,N,55,NULL,98,9801,NULL,,Y,37.41348,-82.53116,N,NULL,NULL,NULL,NULL,NULL,NULL,NULL,NULL,9,3,4,4,1,5,2,6,7,3,N,NULL,Y,N,2130,2141,,N,NULL,70,,1,N,,N,N,098-US-0023-0,NULL,NULL,2021,O,7.27E+11,098-US-0023  -000,HIGH,098-US-0023  -000,16.27,0,0,1,0,0,0,0,0,0,0,0,1,0,0
5673,72594798,980000,21-02-001,20210206,1819,,TUG FORK,,DR,,,0,098 CR-1006,CR1006,Y,N,NULL,NULL,NULL,N,NULL,NULL,NULL,NULL,NULL,NULL,0.022,NULL,NULL,NULL,NULL,,NULL,0,0,2,2,N,N,15,NULL,98,9826,NULL,,Y,37.70461,-82.30038,N,NULL,NULL,NULL,NULL,NULL,NULL,NULL,NULL,2,97,,3,1,1,3,2,6,3,N,NULL,Y,Y,1807,1815,1815,N,NULL,90,,,N,,N,N,098-CR-1006-0,NULL,NULL,2021,O,7.26E+11,098-CR-1006  -000,MEDIUM,098-CR-1006  -000,0.022,0,0,0,0,0,0,0,0,0,0,0,0,0,0
5674,72580245,KSP0900,20-849906,20201230,1628,,US119,,,US0119,US0119,0,098 US-119,US0119,Y,N,NULL,NULL,NULL,N,NULL,NULL,NULL,NULL,NULL,NULL,1.246,NULL,NULL,NULL,NULL,,NULL,0,0,2,2,N,N,10,NULL,98,9801,NULL,,Y,37.50888,-82.51122,N,NULL,NULL,NULL,NULL,NULL,NULL,NULL,NULL,2,97,2,6,1,8,2,2,1,3,N,NULL,Y,N,1628,1644,1656,N,NULL,90,2,1,N,,N,N,098-US-0119-0,NULL,NULL,2020,O,7.26E+11,098-US-0119  -000,HIGH,098-US-0119  -000,1.246,0,0,0,0,0,0,0,0,0,0,0,1,0,1
5675,72554826,KSP0900,20-743769,20201016,1031,,KY3414,,,KY3414,KY3414,0,098 KY-3414,KY3414,N,N,NULL,NULL,NULL,N,NULL,NULL,NULL,NULL,NULL,NULL,1.699,NULL,NULL,NULL,NULL,,NULL,0,0,2,2,N,N,35,NULL,98,9827,5,S,N,37.2653,-82.65475,N,NULL,NULL,NULL,NULL,NULL,NULL,NULL,NULL,3,3,2,4,1,5,3,2,6,3,N,NULL,Y,N,1041,1056,1031,N,NULL,52,9,0,Y,,N,N,098-KY-3414-0,NULL,NULL,2020,O,7.26E+11,098-KY-3414  -000,HIGH,098-KY-3414  -000,1.699,0,0,0,0,0,0,0,0,0,0,0,1,0,0
5676,72501905,KSP0900,20-18190,20200515,1810,,MAYO,N,TRL,US0023,US0023,0,098 US-23-10,US0023,N,N,NULL,NULL,NULL,N,NULL,NULL,NULL,NULL,NULL,NULL,26.297,NULL,NULL,NULL,NULL,,NULL,2,0,2,2,N,N,55,NULL,98,9801,NULL,,Y,37.50385,-82.53238,N,NULL,NULL,NULL,NULL,NULL,NULL,NULL,NULL,4,3,4,6,1,1,2,2,1,3,Y,NULL,Y,Y,1810,1810,1900,N,NULL,70,,1,N,,N,N,098-US-0023-10,NULL,NULL,2020,B,7.25E+11,098-US-0023  -010,HIGH,098-US-0023  -000,26.297,0,0,0,0,0,0,0,1,0,1,0,0,0,1
5677,72796960,KSP0900,22-307092,20220809,1415,,US119,,,US0119,US0119,0,098 US-119,US0119,N,N,NULL,NULL,NULL,N,NULL,NULL,NULL,NULL,NULL,NULL,23.908,NULL,NULL,NULL,NULL,,NULL,0,0,2,2,N,N,45,NULL,98,9834,NULL,,Y,37.65447,-82.26937,N,NULL,NULL,NULL,NULL,NULL,NULL,NULL,NULL,1,3,4,6,1,1,2,2,7,3,N,NULL,N,N,1215,1420,1430,N,NULL,55,2,1,N,,N,N,098-US-0119-0,NULL,NULL,2022,O,7.28E+11,098-US-0119  -000,HIGH,098-US-0119  -000,23.908,0,0,0,1,0,0,1,0,0,0,0,0,0,0
5678,72619353,980100,2.02E+11,20210430,927,,HAMBLEY,,BLVD,,,0,098 CS-1222,CS1222,N,N,NULL,NULL,NULL,N,NULL,NULL,NULL,NULL,NULL,NULL,0.448,NULL,NULL,NULL,NULL,,NULL,0,0,2,2,Y,N,25,NULL,98,9801,NULL,,Y,37.47779,-82.52089,N,NULL,NULL,NULL,NULL,NULL,NULL,NULL,NULL,8,3,2,6,1,1,2,2,1,3,N,NULL,Y,Y,927,927,927,N,NULL,47,,,Y,,N,N,098-CS-1222-0,NULL,NULL,2021,O,7.26E+11,098-CS-1222  -000,HIGH,098-CS-1222  -000,0.448,0,0,0,0,0,0,0,0,0,0,0,0,0,1
5679,72575537,980500,2020AR068,20201216,1614,,US23,,,US0023,US0023,0,098 US-23-10,US0023,N,N,NULL,NULL,NULL,N,NULL,NULL,NULL,NULL,NULL,NULL,,NULL,NULL,NULL,NULL,NULL,NULL,0,0,2,2,N,N,45,NULL,98,9807,NULL,,Y,37.51906,-82.56622,N,NULL,NULL,NULL,NULL,NULL,NULL,NULL,NULL,5,3,6,6,1,5,6,2,7,3,N,NULL,Y,Y,1614,1615,1616,N,NULL,49,,1,N,,N,N,098-US-0023-10,NULL,NULL,2020,O,7.26E+11,098-US-0023  -010,HIGH,098-US-0023  -000,28.527,0,0,1,0,0,0,1,1,0,0,0,0,0,0
5680,72800801,KSP0900,22-340726,20220902,1829,,KY80 TURN LANE TO US460,,,KY0080,KY0080,0,098 KY-80-21,KY0080,N,N,NULL,NULL,NULL,N,NULL,NULL,NULL,NULL,NULL,NULL,0.038,NULL,NULL,NULL,NULL,,NULL,0,0,2,2,N,N,55,NULL,98,9802,NULL,,Y,37.34216,-82.37411,N,NULL,NULL,NULL,NULL,NULL,NULL,NULL,NULL,5,3,2,3,1,1,2,2,7,3,N,NULL,Y,N,1829,1856,1856,N,NULL,49,7,5,N,,N,N,098-KY-0080-21,NULL,NULL,2022,O,7.28E+11,098-KY-0080  -021,HIGH,098-KY-0080  -021,0.038,0,0,0,1,0,0,1,0,0,0,0,0,0,0
5681,72767280,980100,2.02E+11,20220530,1540,,KY3218,,,KY3218,KY3218,,,,N,N,NULL,NULL,NULL,N,NULL,NULL,NULL,NULL,NULL,NULL,0.008,NULL,NULL,NULL,NULL,,NULL,0,0,2,2,N,N,45,NULL,98,9801,NULL,,Y,37.53709,-82.60155,N,NULL,NULL,NULL,NULL,NULL,NULL,NULL,NULL,5,3,3,4,1,1,2,2,7,3,N,NULL,Y,N,1541,1549,,N,NULL,49,8,0,N,,N,N,,NULL,NULL,2022,O,7.28E+11,098-KY-3218  -000,HIGH,098-KY-3218  -000,0.008,0,0,0,0,0,0,1,0,0,0,0,0,0,1
5682,72687426,KSP0900,2021-439652,20211025,1639,,KY199,,,KY0199,KY0199,0,098 KY-199,KY0199,N,N,NULL,NULL,NULL,N,NULL,NULL,NULL,NULL,NULL,NULL,11.025,NULL,NULL,NULL,NULL,,NULL,0,0,2,1,N,N,35,NULL,98,9851,NULL,,Y,37.59404,-82.27573,N,NULL,NULL,NULL,NULL,NULL,NULL,NULL,NULL,2,3,2,1,1,5,3,2,7,3,N,NULL,Y,N,1639,1639,1639,N,NULL,56,7,0,N,,N,N,098-KY-0199-0,NULL,NULL,2021,O,7.27E+11,098-KY-0199  -000,HIGH,098-KY-0199  -000,11.025,0,1,0,1,0,0,0,0,0,0,0,0,0,0