OBJECTID,MasterFile,AgencyORINumber,LocalCode,CollisionDate,CollisionTime,CollisionDayWeekCode,RoadwayName,RoadwayName_Direction_,RoadwayName_RoadwaySuffix_,RoadwayfromReport,CurrentRoadwayNumber,RoadwayNumberCoupletID,RSEUniqueGIS,RoadwayIdentifier,ParkingLotIndicator,IntersectionWith_Indicator_,IntersectionWith_NameRoadway_,IntersectionWith_Direction_,IntersectionWith_RoadwaySuffix_,BetweenStreets_Indicator_,BetweenStreets1_NameRoadway_,BetweenStreet1_Direction_,BetweenStreets1_RoadwaySuffix_,BetweenStreets2_NameRoadway_,BetweenStreets2_Direction_,BetweenStreets2_RoadwaySuffix_,Milepoint,ReportMilepointDeriveNumber,CurrentDerivedMiepointNumber,MilestoMilepoint,FeettoMilepoint,DirectionfromMilepoint_NSEW_,ValidMilepointIndicator,NumberInjured,NumberKilled,ofUnits,ofMotorVehicleUnits,Hit&RunIndicator,OneWayIndicator,SpeedLimitNumber,KilometersIndicator,CountyCode,CityCountyCode,MilesFromCity,DirectionFromCity_NSEW_,InCityLimitsIndicator,Latitude,Longitude,RampIndicator,RampFromIdentifier,RampFromDirCode,RampFromCoupletID,RSEUniqueGISRampFrom,RampToidentifier,RampToDirCode,RampToCoupletID,RSEUniqueGisRampTo,MannerofCollisionCode,LocationFirstEventCode,TotalLanes,RoadwayCharacterCode,RoadwaySurfaceCode,RoadwayConditionCode,WeatherCode,LightConditionCode,LandUseCode,SchoolBusRelatedCode,FirstAidSceneIndicator,CollDescPresentInd,InvestigationCompleteIndicator,PhotosTakenIndicator,TimeNotified,TimeArrived,TimeRoadwayOpened,PropertyDamageIndicator,DiagramPresentIndicator,DirectionalAnalysis,FunctionClassCode,NationalHwySysCode,EnforcementsIndicator,KARSCityCode,SecondaryCollisionIndicator,MedianCrossoverIndicator,RT_UNIQUE,MapIt,TimeLastLeft,YR,KABCO,MFNY,WorkingRID,RT_CONFIDENCE,KTC_RT,KTC_MP,Motorcyclist,Commercial Vehicle,Young Driver,Mature Driver,Pedestrian,Bicyclist,Distracted,Aggressive,Impaired,Unrestrained,Intersection,Roadway Departure,Median Cross-over,City Crash
5683,72494513,KSP0900,20-13892,20200414,1922,,DORTON-JENKINS,,HWY,KY0805,KY0805,0,098 KY-805,KY0805,N,N,NULL,NULL,NULL,N,NULL,NULL,NULL,NULL,NULL,NULL,6.003,NULL,NULL,NULL,NULL,,NULL,1,0,2,2,N,N,45,NULL,98,9809,NULL,,Y,37.26936,-82.57557,N,NULL,NULL,NULL,NULL,NULL,NULL,NULL,NULL,5,3,2,6,1,5,6,2,7,3,N,NULL,Y,Y,1922,1932,2016,N,NULL,49,7,0,N,,N,N,098-KY-0805-0,NULL,NULL,2020,B,7.25E+11,098-KY-0805  -000,HIGH,098-KY-0805  -000,6.003,0,0,0,0,0,0,1,0,0,0,0,0,0,0
5684,72535496,980100,2.02E+11,20200824,614,,SCOTT,,AVE,,,,,,N,N,NULL,NULL,NULL,N,NULL,NULL,NULL,NULL,NULL,NULL,0.13,NULL,NULL,NULL,NULL,,NULL,0,0,2,1,N,Y,15,NULL,98,9801,NULL,,Y,37.48316,-82.51734,N,NULL,NULL,NULL,NULL,NULL,NULL,NULL,NULL,9,97,1,6,2,1,2,2,6,3,N,NULL,Y,N,614,616,616,N,NULL,37,,,N,,N,N,,NULL,NULL,2020,O,7.25E+11,098-CS-1116  -000,MEDIUM,098-CS-1116  -000,0.13,0,0,0,0,0,1,0,0,0,0,0,0,0,1
5685,72574653,KSP0900,20-820145,20201208,1354,,COON,,BR,,,0,098 CR-1302,CR1302,N,N,NULL,NULL,NULL,N,NULL,NULL,NULL,NULL,NULL,NULL,0.381,NULL,NULL,NULL,NULL,,NULL,1,0,2,2,N,N,25,NULL,98,9801,NULL,,Y,37.45351,-82.55276,N,NULL,NULL,NULL,NULL,NULL,NULL,NULL,NULL,7,3,1,1,1,1,2,2,7,3,N,NULL,Y,Y,1359,1425,,N,NULL,54,,,N,,N,N,098-CR-1302-0,NULL,NULL,2020,C,7.26E+11,098-CR-1302  -000,HIGH,098-CR-1302  -000,0.381,0,0,1,1,0,0,0,0,0,0,0,1,0,0
5686,72713157,KSP0900,21-521053,20211223,1922,,KY195,,,KY0195,KY0195,0,098 KY-195,KY0195,N,N,NULL,NULL,NULL,N,NULL,NULL,NULL,NULL,NULL,NULL,9.857,NULL,NULL,NULL,NULL,,NULL,1,0,1,1,N,N,35,NULL,98,9830,NULL,,Y,37.34946,-82.42339,N,NULL,NULL,NULL,NULL,NULL,NULL,NULL,NULL,9,3,2,6,1,1,2,7,7,3,N,NULL,N,N,1922,1935,1935,Y,NULL,40,7,0,N,,N,N,098-KY-0195-0,NULL,NULL,2021,A,7.27E+11,098-KY-0195  -000,HIGH,098-KY-0195  -000,9.857,0,0,0,1,0,0,0,0,0,1,0,1,0,0
5687,72507883,KSP0900,20-18879,20200520,1403,,KY632,,,KY0632,KY0632,0,098 KY-632,KY0632,N,N,NULL,NULL,NULL,N,NULL,NULL,NULL,NULL,NULL,NULL,2.936,NULL,NULL,NULL,NULL,,NULL,1,0,1,1,N,N,55,NULL,98,9817,NULL,,Y,37.485,-82.30855,N,NULL,NULL,NULL,NULL,NULL,NULL,NULL,NULL,9,3,2,3,1,5,6,2,7,3,Y,NULL,Y,Y,1403,1406,1430,N,NULL,44,6,0,N,,N,N,098-KY-0632-0,NULL,NULL,2020,B,7.25E+11,098-KY-0632  -000,HIGH,098-KY-0632  -000,2.936,0,0,0,1,0,0,1,0,0,0,0,1,0,0
5688,72454645,980100,2.02E+11,20191221,1622,,LANKS BRANCH,S,RD,,,0,098 CS-1017,CS1017,N,N,NULL,NULL,NULL,N,NULL,NULL,NULL,NULL,NULL,NULL,0.008,NULL,NULL,NULL,NULL,,NULL,0,0,2,2,Y,N,15,NULL,98,9801,NULL,,Y,37.46017,-82.51655,N,NULL,NULL,NULL,NULL,NULL,NULL,NULL,NULL,2,97,,6,3,1,2,2,1,3,N,NULL,Y,Y,1630,1632,1632,Y,NULL,47,,,Y,,N,N,098-CS-1017-0,NULL,NULL,2019,O,7.25E+11,098-CS-1017  -000,HIGH,098-CS-1017  -000,0.008,0,0,0,0,0,0,0,0,1,1,0,1,0,0
5689,72754250,980500,2022AR018,20220415,953,,US23,,,US0023,US0023,0,098 US-23,US0023,N,N,NULL,NULL,NULL,N,NULL,NULL,NULL,NULL,NULL,NULL,29.603,NULL,NULL,NULL,NULL,,NULL,0,0,2,2,N,N,55,NULL,98,9801,0.1,N,N,37.53159,-82.57696,N,NULL,NULL,NULL,NULL,NULL,NULL,NULL,NULL,8,3,5,6,1,1,2,2,1,3,N,NULL,Y,Y,953,956,1015,N,NULL,53,,1,N,,N,N,098-US-0023-0,NULL,NULL,2022,O,7.28E+11,098-US-0023  -000,HIGH,098-US-0023  -000,29.603,0,0,0,1,0,0,1,0,0,0,0,1,0,1
5690,72774303,980100,2.02E+11,20220617,1551,,KY3496,,,KY3496,KY3496,0,098 KY-3496,KY3496,Y,N,NULL,NULL,NULL,N,NULL,NULL,NULL,NULL,NULL,NULL,0.411,NULL,NULL,NULL,NULL,,NULL,0,0,2,2,N,N,35,NULL,98,9801,NULL,,Y,37.46889,-82.53357,N,NULL,NULL,NULL,NULL,NULL,NULL,NULL,NULL,4,97,1,6,1,5,6,2,8,3,N,NULL,Y,N,1551,1606,1606,N,NULL,90,16,0,N,,N,N,098-KY-3496-0,NULL,NULL,2022,O,7.28E+11,098-KY-3496  -000,HIGH,098-KY-3496  -000,0.411,0,0,0,0,0,0,1,0,0,0,0,0,0,1
5691,72821735,KSP0900,22-406183,20221021,2008,,US119,,,US0119,US0119,0,098 US-119,US0119,N,N,NULL,NULL,NULL,N,NULL,NULL,NULL,NULL,NULL,NULL,19.271,NULL,NULL,NULL,NULL,,NULL,2,0,2,2,N,N,55,NULL,98,9836,NULL,,Y,37.60501,-82.27308,N,NULL,NULL,NULL,NULL,NULL,NULL,NULL,NULL,1,3,4,3,1,1,2,6,7,3,Y,NULL,N,N,2006,2010,2040,N,NULL,55,2,1,N,,N,N,098-US-0119-0,NULL,NULL,2022,C,7.28E+11,098-US-0119  -000,HIGH,098-US-0119  -000,19.271,0,0,0,1,0,0,1,0,0,0,0,0,0,0
5692,72478360,980100,2.02E+11,20200217,1716,,MAYO,N,TRL,US0023,US0023,0,098 US-23,US0023,N,N,NULL,NULL,NULL,N,NULL,NULL,NULL,NULL,NULL,NULL,26.175,NULL,NULL,NULL,NULL,,NULL,0,0,2,2,N,N,55,NULL,98,9801,NULL,,Y,37.50212,-82.53194,N,NULL,NULL,NULL,NULL,NULL,NULL,NULL,NULL,5,3,4,6,1,1,3,2,1,3,N,NULL,Y,N,1716,1719,,N,NULL,70,,1,N,,N,N,098-US-0023-0,NULL,NULL,2020,O,7.25E+11,098-US-0023  -000,HIGH,098-US-0023  -000,26.175,0,0,0,0,0,0,1,0,0,0,0,0,0,1
5693,72552990,980100,2.02E+11,20201014,1548,,BYPASS,S,RD,KY1426,KY1426,0,098 KY-1426,KY1426,N,N,NULL,NULL,NULL,N,NULL,NULL,NULL,NULL,NULL,NULL,5.848,NULL,NULL,NULL,NULL,,NULL,0,0,2,2,N,N,55,NULL,98,9801,NULL,,Y,37.47385,-82.52029,N,NULL,NULL,NULL,NULL,NULL,NULL,NULL,NULL,8,7,2,4,1,1,2,8,1,3,N,NULL,Y,N,1548,1548,,N,NULL,47,,0,N,,N,N,098-KY-1426-0,NULL,NULL,2020,O,7.26E+11,098-KY-1426  -000,HIGH,098-KY-1426  -000,5.848,0,0,1,0,0,0,0,0,0,0,0,0,0,1
5694,72645024,KSP0900,21-281590,20210708,450,,ROAD CREEK,,RD,,,0,098 CR-1659,CR1659,N,N,NULL,NULL,NULL,N,NULL,NULL,NULL,NULL,NULL,NULL,0.84,NULL,NULL,NULL,NULL,,NULL,1,0,1,1,N,N,25,NULL,98,9802,5,NW,N,37.35719,-82.37623,N,NULL,NULL,NULL,NULL,NULL,NULL,NULL,NULL,9,4,1,6,1,5,3,6,7,3,Y,NULL,Y,N,450,600,600,N,NULL,44,,,N,,N,N,098-CR-1659-0,NULL,NULL,2021,B,7.26E+11,098-CR-1659  -000,HIGH,098-CR-1659  -000,0.84,0,0,0,0,0,0,1,0,0,0,0,1,0,0
5695,72630489,KSP0900,21-212220,20210524,2308,,KY3218,,,KY3218,KY3218,0,098 KY-3218,KY3218,N,N,NULL,NULL,NULL,N,NULL,NULL,NULL,NULL,NULL,NULL,3.236,NULL,NULL,NULL,NULL,,NULL,2,0,1,1,N,N,55,NULL,98,9801,NULL,,Y,37.56206,-82.55688,N,NULL,NULL,NULL,NULL,NULL,NULL,NULL,NULL,9,3,2,1,1,1,2,6,7,3,Y,NULL,Y,Y,2312,2331,,N,NULL,70,8,0,N,,N,N,098-KY-3218-0,NULL,NULL,2021,A,7.26E+11,098-KY-3218  -000,HIGH,098-KY-3218  -000,3.236,0,0,1,0,0,0,1,0,0,1,0,1,0,1
5696,72466488,980100,2.02E+11,20200122,721,,BAIRD,,AVE,KY1426,KY1426,0,098 KY-1426,KY1426,N,N,NULL,NULL,NULL,N,NULL,NULL,NULL,NULL,NULL,NULL,5.393,NULL,NULL,NULL,NULL,,NULL,0,0,2,2,N,N,25,NULL,98,9801,NULL,,Y,37.47329,-82.52715,N,NULL,NULL,NULL,NULL,NULL,NULL,NULL,NULL,8,97,2,6,1,1,2,2,7,3,N,NULL,N,N,723,731,735,N,NULL,53,,0,N,,N,N,098-KY-1426-0,NULL,NULL,2020,O,7.25E+11,098-KY-1426  -000,HIGH,098-KY-1426  -000,5.393,0,0,0,1,0,0,1,0,0,0,0,1,0,1
5697,72573510,980000,2012005,20201209,1510,,APPLACHIAN REGIONAL HOSPITAL PARKING LOT,,,,,,,,Y,N,NULL,NULL,NULL,N,NULL,NULL,NULL,NULL,NULL,NULL,,NULL,NULL,NULL,NULL,NULL,NULL,0,0,2,2,N,N,,NULL,98,9834,6,N,N,37.67641,-82.29567,N,NULL,NULL,NULL,NULL,NULL,NULL,NULL,NULL,2,97,,6,1,1,2,2,1,3,N,NULL,N,Y,1510,1524,1541,N,NULL,90,,,N,,N,N,,NULL,NULL,2020,O,7.26E+11,098-CR-1015C -000,MEDIUM,098-CR-1015C -000,0.159,0,0,0,1,0,0,1,0,0,0,0,1,0,0
5698,72567109,KSP0900,2020-767063,20201101,1300,,RIVER,S,RD,,,0,098 CR-1181,CR1181,Y,N,NULL,NULL,NULL,N,NULL,NULL,NULL,NULL,NULL,NULL,0.14,NULL,NULL,NULL,NULL,,NULL,0,0,1,1,Y,N,,NULL,98,9847,NULL,,Y,37.37885,-82.25354,N,NULL,NULL,NULL,NULL,NULL,NULL,NULL,NULL,9,97,,6,1,8,2,2,7,3,N,NULL,N,N,1300,1305,,N,NULL,90,,,N,,N,N,098-CR-1181-0,NULL,NULL,2020,O,7.26E+11,098-CR-1181  -000,HIGH,098-CR-1181  -000,0.14,0,0,0,0,0,0,0,0,0,1,0,1,0,0
5699,72842657,KSP0900,22-477475,20221215,605,,US23 CONNECTOR TO KY122,,,US0023,US0023,0,098 US-23-70,US0023,N,N,NULL,NULL,NULL,N,NULL,NULL,NULL,NULL,NULL,NULL,0.116,NULL,NULL,NULL,NULL,,NULL,0,0,1,1,N,N,45,NULL,98,9823,NULL,,Y,37.38946,-82.5348,N,NULL,NULL,NULL,NULL,NULL,NULL,NULL,NULL,9,6,4,3,1,5,2,6,7,3,Y,NULL,Y,N,605,614,614,N,NULL,44,,1,N,,N,N,098-US-0023-70,NULL,NULL,2022,O,7.28E+11,098-US-0023  -070,HIGH,098-US-0023  -070,0.116,0,0,0,1,0,0,0,0,0,0,0,1,0,0
5700,72814820,KSP0900,22-383903,20221004,1550,,KY3174,,,KY3174,KY3174,0,098 KY-3174,KY3174,N,N,NULL,NULL,NULL,N,NULL,NULL,NULL,NULL,NULL,NULL,5.403,NULL,NULL,NULL,NULL,,NULL,0,0,1,1,N,N,55,NULL,98,9801,NULL,,Y,37.35898,-82.45389,N,NULL,NULL,NULL,NULL,NULL,NULL,NULL,NULL,9,3,4,6,1,1,2,2,2,3,N,NULL,N,N,1547,1600,1630,N,NULL,70,,0,N,,N,N,098-KY-3174-0,NULL,NULL,2022,O,7.28E+11,098-KY-3174  -000,HIGH,098-KY-3174  -000,5.403,0,0,0,0,0,0,1,0,0,0,0,1,0,0
5701,72690348,KSP0900,21-447160,20211031,838,,DORTON-JENKINS,,HWY,KY0805,KY0805,0,098 KY-805,KY0805,N,N,NULL,NULL,NULL,N,NULL,NULL,NULL,NULL,NULL,NULL,3.057,NULL,NULL,NULL,NULL,,NULL,0,0,1,1,N,N,45,NULL,98,9809,NULL,,Y,37.23289,-82.56578,N,NULL,NULL,NULL,NULL,NULL,NULL,NULL,NULL,9,4,2,3,1,5,6,2,7,3,Y,NULL,Y,N,838,855,900,N,NULL,51,7,0,N,,N,Y,098-KY-0805-0,NULL,NULL,2021,O,7.27E+11,098-KY-0805  -000,HIGH,098-KY-0805  -000,3.057,0,0,0,0,0,0,0,0,0,0,0,1,0,0
5702,72724092,980100,2.02E+11,20220123,1858,,CHLOE,,RD,KY1460,KY1460,0,098 KY-1460,KY1460,N,N,NULL,NULL,NULL,N,NULL,NULL,NULL,NULL,NULL,NULL,,NULL,NULL,NULL,NULL,NULL,NULL,0,0,1,1,Y,N,35,NULL,98,9801,NULL,,Y,37.47744,-82.5051,N,NULL,NULL,NULL,NULL,NULL,NULL,NULL,NULL,9,5,2,6,1,5,3,5,5,3,N,NULL,Y,N,1859,1901,,N,NULL,40,,0,N,,N,N,098-KY-1460-0,NULL,NULL,2022,O,7.27E+11,098-KY-1460  -000,HIGH,098-KY-1460  -000,4.443,0,0,0,0,0,0,0,1,0,0,0,1,0,1
5703,72541052,KSP0900,20-691625,20200910,900,,KY1469,,,KY1469,KY1469,0,098 KY-1469,KY1469,N,N,NULL,NULL,NULL,N,NULL,NULL,NULL,NULL,NULL,NULL,11.581,NULL,NULL,NULL,NULL,,NULL,0,0,2,2,N,N,55,NULL,98,9801,4,E,N,37.34218,-82.58666,N,NULL,NULL,NULL,NULL,NULL,NULL,NULL,NULL,8,3,2,3,1,1,2,2,6,3,N,NULL,N,N,0,0,0,N,NULL,53,7,0,N,,N,N,098-KY-1469-0,NULL,NULL,2020,O,7.25E+11,098-KY-1469  -000,HIGH,098-KY-1469  -000,11.581,0,0,1,0,0,0,0,0,0,0,0,1,0,0
5704,72657996,980100,2.02E+11,20210811,1133,,KY1426,,,KY1426,KY1426,0,098 KY-1426,KY1426,N,N,NULL,NULL,NULL,N,NULL,NULL,NULL,NULL,NULL,NULL,6.894,NULL,NULL,NULL,NULL,,NULL,0,0,2,2,N,N,35,NULL,98,9801,NULL,,Y,37.48658,-82.50854,N,NULL,NULL,NULL,NULL,NULL,NULL,NULL,NULL,5,3,2,6,1,1,2,2,7,3,N,NULL,Y,N,1133,1155,1155,N,NULL,49,,0,N,,N,N,098-KY-1426-0,NULL,NULL,2021,O,7.27E+11,098-KY-1426  -000,HIGH,098-KY-1426  -000,6.894,0,0,1,0,0,0,1,0,0,0,0,0,0,1
5705,72505044,980100,2.02E+11,20200521,916,,BYPASS,S,RD,KY1426,KY1426,0,098 KY-1426,KY1426,N,N,NULL,NULL,NULL,N,NULL,NULL,NULL,NULL,NULL,NULL,6.594,NULL,NULL,NULL,NULL,,NULL,0,0,3,3,N,N,55,NULL,98,9801,NULL,,Y,37.48291,-82.51339,N,NULL,NULL,NULL,NULL,NULL,NULL,NULL,NULL,5,3,2,6,1,1,2,2,1,3,N,NULL,Y,N,917,919,1105,Y,NULL,49,,0,Y,,N,N,098-KY-1426-0,NULL,NULL,2020,O,7.25E+11,098-KY-1426  -000,HIGH,098-KY-1426  -000,6.594,0,0,0,1,0,0,0,0,1,0,0,0,0,1
5706,72529906,KSP0900,20-641492,20200809,1725,,US119,,,US0119,US0119,,,,N,N,NULL,NULL,NULL,N,NULL,NULL,NULL,NULL,NULL,NULL,24.465,NULL,NULL,NULL,NULL,,NULL,0,0,2,2,N,N,45,NULL,98,9834,NULL,,Y,37.66156,-82.27393,N,NULL,NULL,NULL,NULL,NULL,NULL,NULL,NULL,1,3,4,3,1,1,2,2,7,3,N,NULL,Y,Y,1727,1731,1833,N,NULL,55,2,1,N,,N,N,,NULL,NULL,2020,O,7.25E+11,098-US-0119  -010,MEDIUM,098-US-0119  -000,24.465,0,0,0,1,0,0,1,1,0,0,0,0,0,0
5707,72791034,980100,2.02E+11,20220726,2132,,BYPASS,S,RD,KY1426,KY1426,0,098 KY-1426,KY1426,Y,N,NULL,NULL,NULL,N,NULL,NULL,NULL,NULL,NULL,NULL,6.559,NULL,NULL,NULL,NULL,,NULL,0,0,2,2,N,N,55,NULL,98,9801,NULL,,Y,37.48247,-82.51367,N,NULL,NULL,NULL,NULL,NULL,NULL,NULL,NULL,2,97,2,6,1,1,2,5,1,3,N,NULL,Y,N,2133,2134,2134,N,NULL,90,,0,N,,N,N,098-KY-1426-0,NULL,NULL,2022,O,7.28E+11,098-KY-1426  -000,HIGH,098-KY-1426  -000,6.559,0,0,1,0,0,0,1,0,0,0,0,0,0,1
5708,72743010,980100,2.02E+11,20220318,1528,,MAIN,,ST,,,0,098 CS-1112,CS1112,N,N,NULL,NULL,NULL,N,NULL,NULL,NULL,NULL,NULL,NULL,0.079,NULL,NULL,NULL,NULL,,NULL,0,0,1,1,N,N,15,NULL,98,9801,NULL,,Y,37.47877,-82.51796,N,NULL,NULL,NULL,NULL,NULL,NULL,NULL,NULL,9,4,2,6,1,1,2,2,1,3,N,NULL,Y,N,1528,1536,1536,Y,NULL,40,,,N,,N,N,098-CS-1112-0,NULL,NULL,2022,O,7.27E+11,098-CS-1112  -000,HIGH,098-CS-1112  -000,0.079,0,0,0,0,0,0,0,0,0,0,0,1,0,1
5709,72487761,KSP0900,20-9643,20200313,1652,,KY194,,,KY0194,KY0194,0,098 KY-194,KY0194,N,N,NULL,NULL,NULL,N,NULL,NULL,NULL,NULL,NULL,NULL,11.67,NULL,NULL,NULL,NULL,,NULL,0,0,1,1,N,N,55,NULL,98,9825,NULL,,Y,37.59703,-82.5051,N,NULL,NULL,NULL,NULL,NULL,NULL,NULL,NULL,9,4,2,3,1,1,2,2,7,3,N,NULL,Y,N,1652,1719,1725,Y,NULL,40,7,0,N,,N,N,098-KY-0194-0,NULL,NULL,2020,O,7.25E+11,098-KY-0194  -000,HIGH,098-KY-0194  -000,11.67,0,0,0,0,0,0,0,0,0,0,0,1,0,0
5710,72457795,980100,2.02E+11,20191231,726,,US23,,,US0023,US0023,,,,N,N,NULL,NULL,NULL,N,NULL,NULL,NULL,NULL,NULL,NULL,25.747,NULL,NULL,NULL,NULL,,NULL,0,0,2,2,N,N,55,NULL,98,9801,NULL,,Y,37.49603,-82.53111,N,NULL,NULL,NULL,NULL,NULL,NULL,NULL,NULL,8,3,4,3,1,1,2,5,7,3,N,NULL,N,N,726,736,726,N,NULL,53,,1,N,,N,N,,NULL,NULL,2019,O,7.25E+11,098-US-0023  -000,MEDIUM,098-US-0023  -000,25.747,0,0,0,0,0,0,1,0,0,0,0,1,0,1
5711,72538433,980100,2.02E+11,20200902,1535,,US23,,,US0023,US0023,0,098 US-23,US0023,N,N,NULL,NULL,NULL,N,NULL,NULL,NULL,NULL,NULL,NULL,23.057,NULL,NULL,NULL,NULL,,NULL,2,0,2,2,N,N,55,NULL,98,9801,NULL,,Y,37.46585,-82.52813,N,NULL,NULL,NULL,NULL,NULL,NULL,NULL,NULL,1,3,4,6,1,1,3,2,1,3,Y,NULL,Y,Y,1536,1537,1631,N,NULL,55,,1,N,,N,N,098-US-0023-0,NULL,NULL,2020,C,7.25E+11,098-US-0023  -000,HIGH,098-US-0023  -000,23.057,0,0,0,0,0,0,1,1,0,0,0,0,0,1
5712,72471483,980000,20-01-005,20200126,2215,,US119,,,US0119,US0119,0,098 US-119,US0119,N,N,NULL,NULL,NULL,N,NULL,NULL,NULL,NULL,NULL,NULL,24.644,NULL,NULL,NULL,NULL,,NULL,1,0,1,1,N,N,45,NULL,98,9834,NULL,,Y,37.66413,-82.27296,N,NULL,NULL,NULL,NULL,NULL,NULL,NULL,NULL,9,4,4,3,1,5,2,6,7,3,Y,NULL,Y,Y,2215,2230,2230,Y,NULL,51,2,1,Y,,N,Y,098-US-0119-0,NULL,NULL,2020,B,7.25E+11,098-US-0119  -000,HIGH,098-US-0119  -000,24.644,0,0,0,0,0,0,1,0,0,0,0,1,0,0
5713,72516069,980500,2020AR-034,20200629,1608,,POWER DRIVE,,,,,,,,N,N,NULL,NULL,NULL,N,NULL,NULL,NULL,NULL,NULL,NULL,,NULL,NULL,NULL,NULL,NULL,NULL,0,0,2,2,Y,N,25,NULL,98,9807,NULL,,Y,37.51521,-82.55942,N,NULL,NULL,NULL,NULL,NULL,NULL,NULL,NULL,2,3,3,5,1,1,3,2,7,3,N,NULL,Y,Y,1615,1621,1621,N,NULL,56,,,N,,N,N,,NULL,NULL,2020,O,7.25E+11,098-US-0023  -010,MEDIUM,098-US-0023  -000,28.06,0,0,0,0,0,0,0,0,0,0,0,0,0,0
5714,72796940,980500,2022AR036,20220819,1203,,MAYO TRAIL,N,,US0023,US0023,0,098 US-23-10,US0023,Y,N,NULL,NULL,NULL,N,NULL,NULL,NULL,NULL,NULL,NULL,,NULL,NULL,NULL,NULL,NULL,NULL,0,0,2,2,Y,N,15,NULL,98,9807,NULL,,Y,37.52237,-82.57134,N,NULL,NULL,NULL,NULL,NULL,NULL,NULL,NULL,2,7,4,6,1,1,2,2,5,3,N,NULL,Y,Y,1203,1205,1205,N,NULL,90,,1,N,,N,N,098-US-0023-10,NULL,NULL,2022,O,7.28E+11,098-US-0023  -010,HIGH,098-US-0023  -000,28.884,0,0,0,0,0,0,1,0,0,0,0,0,0,0
5715,72538722,KSP0900,20-681205,20200903,2035,,ROBINSON CREEK,,RD,KY0122,KY0122,0,098 KY-122,KY0122,N,N,NULL,NULL,NULL,N,NULL,NULL,NULL,NULL,NULL,NULL,7.234,NULL,NULL,NULL,NULL,,NULL,0,0,1,1,N,N,55,NULL,98,9823,NULL,,Y,37.37407,-82.58558,N,NULL,NULL,NULL,NULL,NULL,NULL,NULL,NULL,9,3,2,3,1,5,2,6,7,3,N,NULL,Y,N,2035,2035,2045,N,NULL,40,,0,N,,N,N,098-KY-0122-0,NULL,NULL,2020,O,7.25E+11,098-KY-0122  -000,HIGH,098-KY-0122  -000,7.234,0,0,0,0,0,0,0,0,0,0,0,1,0,0
5716,72612742,980100,2.02E+11,20210407,532,,US23,,,US0023,US0023,0,098 US-23-10,US0023,N,N,NULL,NULL,NULL,N,NULL,NULL,NULL,NULL,NULL,NULL,31.18,NULL,NULL,NULL,NULL,,NULL,0,0,1,1,N,N,55,NULL,98,9801,NULL,,Y,37.53755,-82.59462,N,NULL,NULL,NULL,NULL,NULL,NULL,NULL,NULL,9,3,4,3,1,1,2,6,1,3,N,NULL,Y,N,532,543,613,Y,NULL,40,,1,N,,N,Y,098-US-0023-10,NULL,NULL,2021,O,7.26E+11,098-US-0023  -010,HIGH,098-US-0023  -000,31.18,0,0,0,0,0,0,0,0,0,0,0,1,0,1
5717,72679786,KSP0900,21-407580,20211002,1600,,STONE COAL CREEK,,RD,KY3227,KY3227,0,098 KY-3227,KY3227,N,N,NULL,NULL,NULL,N,NULL,NULL,NULL,NULL,NULL,NULL,4.115,NULL,NULL,NULL,NULL,,NULL,0,0,2,2,N,N,35,NULL,98,9801,NULL,,Y,37.54797,-82.51003,N,NULL,NULL,NULL,NULL,NULL,NULL,NULL,NULL,5,3,2,5,1,5,6,2,7,3,N,NULL,Y,N,1600,1600,1609,N,NULL,49,8,0,N,,N,N,098-KY-3227-0,NULL,NULL,2021,O,7.27E+11,098-KY-3227  -000,HIGH,098-KY-3227  -000,4.115,0,0,0,0,0,0,1,0,0,0,0,0,0,0
5718,72489302,KSP0900,20-10338,20200319,1030,,US460,,,US0460,US0460,0,098 US-460,US0460,N,N,NULL,NULL,NULL,N,NULL,NULL,NULL,NULL,NULL,NULL,2.434,NULL,NULL,NULL,NULL,,NULL,0,0,2,2,N,N,55,NULL,98,9801,4,S,N,37.43292,-82.48489,N,NULL,NULL,NULL,NULL,NULL,NULL,NULL,NULL,5,3,2,6,1,5,6,2,7,3,N,NULL,Y,N,1030,1050,1050,N,NULL,49,,1,N,,N,N,098-US-0460-0,NULL,NULL,2020,O,7.25E+11,098-US-0460  -000,HIGH,098-US-0460  -000,2.434,0,0,0,1,0,0,1,0,0,0,0,0,0,0
5719,72750358,KSP0900,22-134171,20220413,1815,,KY1056,,,KY1056,KY1056,0,098 KY-1056,KY1056,N,N,NULL,NULL,NULL,N,NULL,NULL,NULL,NULL,NULL,NULL,10.641,NULL,NULL,NULL,NULL,,NULL,0,0,2,2,Y,N,55,NULL,98,9863,NULL,,Y,37.60884,-82.16934,N,NULL,NULL,NULL,NULL,NULL,NULL,NULL,NULL,7,3,2,6,1,1,2,2,7,3,N,NULL,Y,N,1815,1840,1840,N,NULL,54,7,0,N,,N,N,098-KY-1056-0,NULL,NULL,2022,O,7.28E+11,098-KY-1056  -000,HIGH,098-KY-1056  -000,10.641,0,0,0,0,0,0,0,0,0,0,0,1,0,0
5720,72502996,KSP0900,20-18791,20200519,1853,,SHELBY YARD,,RD,,,0,098 CR-1267G,CR1267G,N,N,NULL,NULL,NULL,N,NULL,NULL,NULL,NULL,NULL,NULL,0.403,NULL,NULL,NULL,NULL,,NULL,1,0,2,2,N,N,35,NULL,98,9801,NULL,,Y,37.42961,-82.48957,N,NULL,NULL,NULL,NULL,NULL,NULL,NULL,NULL,3,3,1,1,1,5,3,2,7,3,N,NULL,Y,Y,1853,1902,1940,N,NULL,52,,,N,,N,N,098-CR-1267G-0,NULL,NULL,2020,C,7.25E+11,098-CR-1267G -000,HIGH,098-CR-1267G -000,0.403,0,0,0,1,0,0,1,0,0,0,0,1,0,0