OBJECTID,MasterFile,AgencyORINumber,LocalCode,CollisionDate,CollisionTime,CollisionDayWeekCode,RoadwayName,RoadwayName_Direction_,RoadwayName_RoadwaySuffix_,RoadwayfromReport,CurrentRoadwayNumber,RoadwayNumberCoupletID,RSEUniqueGIS,RoadwayIdentifier,ParkingLotIndicator,IntersectionWith_Indicator_,IntersectionWith_NameRoadway_,IntersectionWith_Direction_,IntersectionWith_RoadwaySuffix_,BetweenStreets_Indicator_,BetweenStreets1_NameRoadway_,BetweenStreet1_Direction_,BetweenStreets1_RoadwaySuffix_,BetweenStreets2_NameRoadway_,BetweenStreets2_Direction_,BetweenStreets2_RoadwaySuffix_,Milepoint,ReportMilepointDeriveNumber,CurrentDerivedMiepointNumber,MilestoMilepoint,FeettoMilepoint,DirectionfromMilepoint_NSEW_,ValidMilepointIndicator,NumberInjured,NumberKilled,ofUnits,ofMotorVehicleUnits,Hit&RunIndicator,OneWayIndicator,SpeedLimitNumber,KilometersIndicator,CountyCode,CityCountyCode,MilesFromCity,DirectionFromCity_NSEW_,InCityLimitsIndicator,Latitude,Longitude,RampIndicator,RampFromIdentifier,RampFromDirCode,RampFromCoupletID,RSEUniqueGISRampFrom,RampToidentifier,RampToDirCode,RampToCoupletID,RSEUniqueGisRampTo,MannerofCollisionCode,LocationFirstEventCode,TotalLanes,RoadwayCharacterCode,RoadwaySurfaceCode,RoadwayConditionCode,WeatherCode,LightConditionCode,LandUseCode,SchoolBusRelatedCode,FirstAidSceneIndicator,CollDescPresentInd,InvestigationCompleteIndicator,PhotosTakenIndicator,TimeNotified,TimeArrived,TimeRoadwayOpened,PropertyDamageIndicator,DiagramPresentIndicator,DirectionalAnalysis,FunctionClassCode,NationalHwySysCode,EnforcementsIndicator,KARSCityCode,SecondaryCollisionIndicator,MedianCrossoverIndicator,RT_UNIQUE,MapIt,TimeLastLeft,YR,KABCO,MFNY,WorkingRID,RT_CONFIDENCE,KTC_RT,KTC_MP,Motorcyclist,Commercial Vehicle,Young Driver,Mature Driver,Pedestrian,Bicyclist,Distracted,Aggressive,Impaired,Unrestrained,Intersection,Roadway Departure,Median Cross-over,City Crash
5721,72669156,980100,2.02E+11,20210910,1709,,CASSIDY,,BLVD,,,0,098 CS-1191,CS1191,Y,N,NULL,NULL,NULL,N,NULL,NULL,NULL,NULL,NULL,NULL,0.227,NULL,NULL,NULL,NULL,,NULL,0,0,2,2,N,N,10,NULL,98,9801,NULL,,Y,37.5043,-82.53561,N,NULL,NULL,NULL,NULL,NULL,NULL,NULL,NULL,2,97,2,6,1,1,2,2,1,3,N,NULL,Y,N,1709,1712,1726,N,NULL,90,,,N,,N,N,098-CS-1191-0,NULL,NULL,2021,O,7.27E+11,098-CS-1191  -000,HIGH,098-CS-1191  -000,0.227,0,0,0,1,0,0,1,0,0,0,0,0,0,1
5722,72461404,980500,2020AR003,20200109,1400,,MAIN,,ST,,,0,098 CS-3000,CS3000,N,N,NULL,NULL,NULL,N,NULL,NULL,NULL,NULL,NULL,NULL,0.39,NULL,NULL,NULL,NULL,,NULL,0,0,2,2,N,N,25,NULL,98,9807,NULL,,Y,37.51821,-82.56541,N,NULL,NULL,NULL,NULL,NULL,NULL,NULL,NULL,4,3,2,6,1,1,2,2,7,3,N,NULL,Y,N,1400,1402,1500,N,NULL,70,,,N,,N,N,098-CS-3000-0,NULL,NULL,2020,O,7.25E+11,098-CS-3000  -000,HIGH,098-CS-3000  -000,0.39,0,0,1,0,0,0,0,1,0,0,0,0,0,0
5723,72495820,980100,2.02E+11,20200421,1807,,CASSIDY,,BLVD,,,0,098 CS-1191,CS1191,Y,N,NULL,NULL,NULL,N,NULL,NULL,NULL,NULL,NULL,NULL,0.334,NULL,NULL,NULL,NULL,,NULL,0,0,2,2,N,N,,NULL,98,9801,NULL,,Y,37.50515,-82.5375,N,NULL,NULL,NULL,NULL,NULL,NULL,NULL,NULL,2,97,,6,1,1,2,2,5,3,N,NULL,Y,N,1808,1811,1811,N,NULL,90,,,N,,N,N,098-CS-1191-0,NULL,NULL,2020,O,7.25E+11,098-CS-1191  -000,HIGH,098-CS-1191  -000,0.334,0,0,0,0,0,0,1,0,0,0,0,0,0,1
5724,72658667,980100,2.02E+11,20210810,1534,,US23,,,US0023,US0023,0,098 US-23,US0023,N,N,NULL,NULL,NULL,N,NULL,NULL,NULL,NULL,NULL,NULL,27.366,NULL,NULL,NULL,NULL,,NULL,0,0,2,2,N,N,55,NULL,98,9801,NULL,,Y,37.51106,-82.54951,N,NULL,NULL,NULL,NULL,NULL,NULL,NULL,NULL,8,3,4,6,1,1,2,2,1,3,N,NULL,Y,N,1534,1556,,N,NULL,53,,1,N,,N,N,098-US-0023-0,NULL,NULL,2021,O,7.27E+11,098-US-0023  -000,HIGH,098-US-0023  -000,27.366,0,0,0,1,0,0,1,0,0,0,0,1,0,1
5725,72698127,980100,2.02E+11,20211117,1430,,CASSIDY,,BLVD,,,0,098 CS-1191,CS1191,Y,N,NULL,NULL,NULL,N,NULL,NULL,NULL,NULL,NULL,NULL,0.123,NULL,NULL,NULL,NULL,,NULL,0,0,2,2,N,N,5,NULL,98,9801,NULL,,Y,37.50363,-82.5341,N,NULL,NULL,NULL,NULL,NULL,NULL,NULL,NULL,2,97,,6,1,1,2,2,1,3,N,NULL,Y,N,1430,1436,,N,NULL,90,,,N,,N,N,098-CS-1191-0,NULL,NULL,2021,O,7.27E+11,098-CS-1191  -000,HIGH,098-CS-1191  -000,0.123,0,0,0,0,0,0,1,0,0,0,0,0,0,1
5726,72543748,KSP0900,20-702674,20200917,1604,,GOODY,,LOOP,,,0,098 PR-1024,PR1024,N,N,NULL,NULL,NULL,N,NULL,NULL,NULL,NULL,NULL,NULL,0.011,NULL,NULL,NULL,NULL,,NULL,0,0,2,2,N,N,35,NULL,98,9834,NULL,,Y,37.65992,-82.27303,N,NULL,NULL,NULL,NULL,NULL,NULL,NULL,NULL,8,3,1,6,1,1,3,2,1,3,N,NULL,Y,N,1604,1639,1639,N,NULL,53,,,N,,N,N,098-PR-1024-0,NULL,NULL,2020,O,7.25E+11,098-PR-1024  -000,HIGH,098-PR-1024  -000,0.011,0,0,0,0,0,0,1,0,0,0,0,1,0,0
5727,72743303,KSP0900,22-104706,20220322,1851,,US119,,,US0119,US0119,0,098 US-119,US0119,Y,N,NULL,NULL,NULL,N,NULL,NULL,NULL,NULL,NULL,NULL,24.831,NULL,NULL,NULL,NULL,,NULL,0,0,2,2,Y,N,15,NULL,98,9834,NULL,,Y,37.66687,-82.27487,N,NULL,NULL,NULL,NULL,NULL,NULL,NULL,NULL,5,97,1,6,1,1,2,2,7,3,N,NULL,N,N,1850,1900,1900,N,NULL,90,2,1,N,,N,N,098-US-0119-0,NULL,NULL,2022,O,7.27E+11,098-US-0119  -000,HIGH,098-US-0119  -000,24.831,0,0,0,0,0,0,1,0,0,0,0,0,0,0
5728,72711458,980100,2.02E+11,20211126,920,,CASSIDY,,BLVD,,,,,,Y,N,NULL,NULL,NULL,N,NULL,NULL,NULL,NULL,NULL,NULL,0.278,NULL,NULL,NULL,NULL,,NULL,0,0,2,2,N,N,15,NULL,98,9801,NULL,,Y,37.50483,-82.5364,N,NULL,NULL,NULL,NULL,NULL,NULL,NULL,NULL,2,97,1,6,1,1,2,2,1,3,N,NULL,Y,N,920,930,930,N,NULL,90,,,Y,,N,N,,NULL,NULL,2021,O,7.27E+11,098-CS-1191  -000,LOW,098-CS-1191  -000,0.278,0,0,0,0,0,0,1,0,0,0,0,0,0,1
5729,72734413,KSP0900,22-64636,20220221,1745,,FERRELLS CREEK,,RD,US0460,US0460,0,098 US-460,US0460,N,N,NULL,NULL,NULL,N,NULL,NULL,NULL,NULL,NULL,NULL,17.457,NULL,NULL,NULL,NULL,,NULL,0,0,2,2,Y,N,55,NULL,98,9876,NULL,,Y,37.35921,-82.32465,N,NULL,NULL,NULL,NULL,NULL,NULL,NULL,NULL,8,3,2,5,1,1,2,2,7,3,N,NULL,N,N,1745,2040,2040,N,NULL,53,,1,N,,N,N,098-US-0460-0,NULL,NULL,2022,O,7.27E+11,098-US-0460  -000,HIGH,098-US-0460  -000,17.457,0,1,1,0,0,0,1,0,0,0,0,1,0,0
5730,72794104,980100,2.02E+11,20220814,1401,,US23,,,US0023,US0023,0,098 US-23,US0023,N,N,NULL,NULL,NULL,N,NULL,NULL,NULL,NULL,NULL,NULL,25.379,NULL,NULL,NULL,NULL,,NULL,0,0,2,2,N,N,55,NULL,98,9801,NULL,,Y,37.49183,-82.53511,N,NULL,NULL,NULL,NULL,NULL,NULL,NULL,NULL,5,3,4,6,1,1,2,2,7,3,N,NULL,Y,N,1401,1401,1401,N,NULL,49,,1,N,,N,N,098-US-0023-0,NULL,NULL,2022,O,7.28E+11,098-US-0023  -000,HIGH,098-US-0023  -000,25.379,0,0,0,1,0,0,1,0,0,0,0,0,0,1
5731,72632907,980100,2.02E+11,20210605,1009,,US23,,,US0023,US0023,,,,N,N,NULL,NULL,NULL,N,NULL,NULL,NULL,NULL,NULL,NULL,26.363,NULL,NULL,NULL,NULL,,NULL,0,0,2,2,N,N,55,NULL,98,9801,NULL,,Y,37.50476,-82.53254,N,NULL,NULL,NULL,NULL,NULL,NULL,NULL,NULL,5,3,4,6,1,1,2,2,7,3,N,NULL,Y,N,1011,1017,1020,N,NULL,49,,1,N,,N,N,,NULL,NULL,2021,O,7.26E+11,098-US-0023  -010,MEDIUM,098-US-0023  -000,26.363,0,0,0,0,0,0,1,0,0,0,0,0,0,1
5732,72599846,980100,2.02E+11,20210302,2237,,RIVER,,DR,,,,,,Y,N,NULL,NULL,NULL,N,NULL,NULL,NULL,NULL,NULL,NULL,0.308,NULL,NULL,NULL,NULL,,NULL,0,0,2,2,N,N,15,NULL,98,9801,NULL,,Y,37.47357,-82.52651,N,NULL,NULL,NULL,NULL,NULL,NULL,NULL,NULL,2,97,1,6,1,1,2,5,1,3,N,NULL,Y,N,2237,2238,2238,N,NULL,90,,,N,,N,N,,NULL,NULL,2021,O,7.26E+11,098-CS-1256  -000,LOW,098-CS-1256  -000,0.308,0,0,0,0,0,0,1,0,0,0,0,0,0,0
5733,72635275,980100,2.02E+11,20210610,1651,,JULIUS,,AVE,,,0,098 CS-1156,CS1156,N,N,NULL,NULL,NULL,N,NULL,NULL,NULL,NULL,NULL,NULL,0.032,NULL,NULL,NULL,NULL,,NULL,0,0,2,2,N,N,15,NULL,98,9801,NULL,,Y,37.47664,-82.52287,N,NULL,NULL,NULL,NULL,NULL,NULL,NULL,NULL,7,3,1,6,1,5,3,2,1,3,N,NULL,Y,N,1651,1655,1737,N,NULL,47,,,Y,,N,N,098-CS-1156-0,NULL,NULL,2021,O,7.26E+11,098-CS-1156  -000,HIGH,098-CS-1156  -000,0.032,0,0,1,0,0,0,1,0,0,0,0,0,0,1
5734,72528083,980100,2.02E+11,20200724,1657,,OWSLEY,,RD,KY1384,KY1384,0,098 KY-1384,KY1384,N,N,NULL,NULL,NULL,N,NULL,NULL,NULL,NULL,NULL,NULL,6.858,NULL,NULL,NULL,NULL,,NULL,2,0,2,2,N,N,45,NULL,98,9801,NULL,,Y,37.47984,-82.54191,N,NULL,NULL,NULL,NULL,NULL,NULL,NULL,NULL,1,3,4,6,1,1,2,2,1,3,N,NULL,Y,Y,1657,1700,,N,NULL,55,16,0,N,,N,N,098-KY-1384-0,NULL,NULL,2020,C,7.25E+11,098-KY-1384  -000,HIGH,098-KY-1384  -000,6.858,0,0,0,0,0,0,1,0,0,0,0,0,0,1
5735,72756125,KSP0900,22-156615,20220429,1246,,WILSON,,DR,,,0,098 CR-1015B,CR1015B,Y,N,NULL,NULL,NULL,N,NULL,NULL,NULL,NULL,NULL,NULL,0.001,NULL,NULL,NULL,NULL,,NULL,0,0,2,2,N,N,,NULL,98,9834,NULL,,Y,37.6758,-82.2981,N,NULL,NULL,NULL,NULL,NULL,NULL,NULL,NULL,1,97,,6,1,1,2,2,5,3,N,NULL,Y,N,1246,1324,1324,N,NULL,90,,,N,,N,N,098-CR-1015B-0,NULL,NULL,2022,O,7.28E+11,098-CR-1015B -000,HIGH,098-CR-1015B -000,0.001,0,0,0,0,0,0,1,0,0,0,0,0,0,0
5736,72543992,KSP0900,20-693551,20200911,1537,,US119,,,US0119,US0119,0,098 US-119,US0119,Y,N,NULL,NULL,NULL,N,NULL,NULL,NULL,NULL,NULL,NULL,23.835,NULL,NULL,NULL,NULL,,NULL,0,0,2,2,Y,N,15,NULL,98,9834,NULL,,Y,37.65344,-82.26945,N,NULL,NULL,NULL,NULL,NULL,NULL,NULL,NULL,7,97,4,6,1,1,2,2,7,3,N,NULL,Y,Y,1606,1636,1636,N,NULL,90,2,1,N,,N,N,098-US-0119-0,NULL,NULL,2020,O,7.25E+11,098-US-0119  -000,HIGH,098-US-0119  -000,23.835,0,0,0,0,0,0,1,0,0,0,0,0,0,0
5737,72552604,KSP0900,20-00738972,20201012,2021,,IVY FORK,,CRK,,,0,098 CR-1313,CR1313,N,N,NULL,NULL,NULL,N,NULL,NULL,NULL,NULL,NULL,NULL,0.481,NULL,NULL,NULL,NULL,,NULL,0,0,1,1,N,N,15,NULL,98,9801,NULL,,Y,37.46904,-82.46405,N,NULL,NULL,NULL,NULL,NULL,NULL,NULL,NULL,9,97,2,2,1,1,2,6,7,3,N,NULL,Y,Y,2021,2053,2130,N,NULL,44,,,N,,N,N,098-CR-1313-0,NULL,NULL,2020,O,7.26E+11,098-CR-1313  -000,HIGH,098-CR-1313  -000,0.481,0,0,0,0,0,0,0,0,0,0,0,1,0,0
5738,72554252,980100,2.02E+11,20201018,1455,,US23,,,US0023,US0023,,,,N,N,NULL,NULL,NULL,N,NULL,NULL,NULL,NULL,NULL,NULL,26.278,NULL,NULL,NULL,NULL,,NULL,0,0,2,2,N,N,55,NULL,98,9801,NULL,,Y,37.50357,-82.53214,N,NULL,NULL,NULL,NULL,NULL,NULL,NULL,NULL,5,3,4,6,1,1,2,2,1,3,N,NULL,Y,N,1455,1458,1527,N,NULL,70,,1,N,,N,N,,NULL,NULL,2020,O,7.26E+11,098-US-0023  -000,MEDIUM,098-US-0023  -000,26.278,0,0,0,0,0,0,1,0,0,0,0,0,0,1
5739,72552288,KSP0900,20-737677,20201011,2310,,US460,,,US0460,US0460,0,098 US-460,US0460,N,N,NULL,NULL,NULL,N,NULL,NULL,NULL,NULL,NULL,NULL,3.077,NULL,NULL,NULL,NULL,,NULL,0,0,2,2,N,N,55,NULL,98,9824,NULL,,Y,37.42795,-82.47504,N,NULL,NULL,NULL,NULL,NULL,NULL,NULL,NULL,1,97,2,6,1,1,2,6,7,3,N,NULL,Y,N,2310,2338,2338,N,NULL,47,,1,N,,N,N,098-US-0460-0,NULL,NULL,2020,O,7.26E+11,098-US-0460  -000,HIGH,098-US-0460  -000,3.077,0,0,0,0,0,0,1,0,0,0,0,1,0,0
5740,72480034,980100,2.02E+11,20200224,1630,,CASSIDY,,BLVD,,,0,098 CS-1191,CS1191,Y,N,NULL,NULL,NULL,N,NULL,NULL,NULL,NULL,NULL,NULL,0.054,NULL,NULL,NULL,NULL,,NULL,0,0,2,2,N,N,,NULL,98,9801,NULL,,Y,37.50368,-82.53304,N,NULL,NULL,NULL,NULL,NULL,NULL,NULL,NULL,2,97,1,6,1,5,6,2,1,3,N,NULL,Y,N,1630,1638,1638,N,NULL,90,,,N,,N,N,098-CS-1191-0,NULL,NULL,2020,O,7.25E+11,098-CS-1191  -000,HIGH,098-CS-1191  -000,0.054,0,0,0,1,0,0,1,0,0,0,0,0,0,1
5741,72639031,KSP0900,21-239299,20210611,1700,,HURRICANE,,CRK,,,,,,N,N,NULL,NULL,NULL,N,NULL,NULL,NULL,NULL,NULL,NULL,1.393,NULL,NULL,NULL,NULL,,NULL,0,0,2,2,N,N,35,NULL,98,9825,NULL,,Y,37.49283,-82.08142,N,NULL,NULL,NULL,NULL,NULL,NULL,NULL,NULL,7,3,1,6,1,1,2,2,7,3,N,NULL,Y,N,1700,1730,,N,NULL,54,,,N,,N,N,,NULL,NULL,2021,O,7.26E+11,098-CR-1880  -000,MEDIUM,098-CR-1880  -000,1.393,1,0,0,0,0,0,0,1,0,0,0,1,0,0
5742,72769037,980100,2.02E+11,20220529,1132,,CASSIDY,,BLVD,,,0,098 CS-1191,CS1191,Y,N,NULL,NULL,NULL,N,NULL,NULL,NULL,NULL,NULL,NULL,0.046,NULL,NULL,NULL,NULL,,NULL,0,0,2,2,N,N,15,NULL,98,9801,NULL,,Y,37.5037,-82.53291,N,NULL,NULL,NULL,NULL,NULL,NULL,NULL,NULL,2,97,1,6,1,1,2,2,1,3,N,NULL,Y,N,1132,1139,,N,NULL,90,,,N,,N,N,098-CS-1191-0,NULL,NULL,2022,O,7.28E+11,098-CS-1191  -000,HIGH,098-CS-1191  -000,0.046,0,0,0,1,0,0,1,0,0,0,0,0,0,1
5743,72530192,KSP0900,20-635330,20200805,1808,,US23,,,US0023,US0023,0,098 US-23,US0023,N,N,NULL,NULL,NULL,N,NULL,NULL,NULL,NULL,NULL,NULL,4.129,NULL,NULL,NULL,NULL,,NULL,0,0,2,2,N,N,55,NULL,98,9809,NULL,,Y,37.2784,-82.57956,N,NULL,NULL,NULL,NULL,NULL,NULL,NULL,NULL,8,3,4,6,1,1,2,2,6,3,N,NULL,N,N,1812,1833,,N,NULL,53,,1,N,,N,N,098-US-0023-0,NULL,NULL,2020,O,7.25E+11,098-US-0023  -000,HIGH,098-US-0023  -000,4.129,0,0,0,0,0,0,0,0,0,0,0,1,0,0
5744,72621790,KSP0900,21-163190,20210424,1532,,KY632,,,KY0632,KY0632,0,098 KY-632,KY0632,N,N,NULL,NULL,NULL,N,NULL,NULL,NULL,NULL,NULL,NULL,3.929,NULL,NULL,NULL,NULL,,NULL,3,0,1,1,N,N,55,NULL,98,9817,NULL,,Y,37.48597,-82.29147,N,NULL,NULL,NULL,NULL,NULL,NULL,NULL,NULL,9,3,2,3,1,5,6,2,7,3,Y,NULL,Y,Y,1535,1547,1700,N,NULL,70,6,0,N,,N,N,098-KY-0632-0,NULL,NULL,2021,C,7.26E+11,098-KY-0632  -000,HIGH,098-KY-0632  -000,3.929,0,0,0,0,0,0,0,1,0,0,0,1,0,0
5745,72794716,980100,2.02E+11,20220810,1655,,US23,,,US0023,US0023,0,098 US-23-10,US0023,N,N,NULL,NULL,NULL,N,NULL,NULL,NULL,NULL,NULL,NULL,21.321,NULL,NULL,NULL,NULL,,NULL,0,0,4,4,N,N,55,NULL,98,9801,NULL,,Y,37.44946,-82.52471,N,NULL,NULL,NULL,NULL,NULL,NULL,NULL,NULL,3,3,4,6,1,1,3,2,1,3,Y,NULL,Y,N,1655,1700,1700,Y,NULL,47,,1,N,,N,N,098-US-0023-10,NULL,NULL,2022,O,7.28E+11,098-US-0023  -010,HIGH,098-US-0023  -000,21.321,0,0,0,0,0,0,0,0,0,0,0,1,0,1
5746,72730518,980100,2.02E+11,20220207,1015,,CASSIDY,,BLVD,,,0,098 CS-1191,CS1191,Y,N,NULL,NULL,NULL,N,NULL,NULL,NULL,NULL,NULL,NULL,0.073,NULL,NULL,NULL,NULL,,NULL,0,0,2,2,N,N,15,NULL,98,9801,NULL,,Y,37.50365,-82.53333,N,NULL,NULL,NULL,NULL,NULL,NULL,NULL,NULL,2,97,,6,1,1,2,2,1,3,N,NULL,Y,N,1015,1025,,N,NULL,90,,,N,,N,N,098-CS-1191-0,NULL,NULL,2022,O,7.27E+11,098-CS-1191  -000,HIGH,098-CS-1191  -000,0.073,0,0,0,0,0,0,1,0,0,0,0,0,0,1
5747,72484904,KSP0900,20-8599,20200305,1733,,PETER FORK,,RD,,,0,098 CR-1527,CR1527,N,N,NULL,NULL,NULL,N,NULL,NULL,NULL,NULL,NULL,NULL,2.152,NULL,NULL,NULL,NULL,,NULL,0,0,2,2,Y,N,35,NULL,98,9811,NULL,,Y,37.57024,-82.15657,N,NULL,NULL,NULL,NULL,NULL,NULL,NULL,NULL,7,3,1,4,1,1,2,2,7,3,N,NULL,Y,N,1733,1810,1818,N,NULL,54,,,N,,N,N,098-CR-1527-0,NULL,NULL,2020,O,7.25E+11,098-CR-1527  -000,HIGH,098-CR-1527  -000,2.152,0,0,0,0,0,0,0,0,0,0,0,1,0,0
5748,72573675,980500,2020-AR-067,20201210,1503,,L R JOHNSON,,DR,,,0,,L R JOHNSON DR,N,N,NULL,NULL,NULL,N,NULL,NULL,NULL,NULL,NULL,NULL,,NULL,NULL,NULL,NULL,NULL,NULL,0,0,2,2,N,N,15,NULL,98,9807,NULL,,Y,37.51369,-82.55509,N,NULL,NULL,NULL,NULL,NULL,NULL,NULL,NULL,2,97,1,4,1,1,2,2,6,3,N,NULL,Y,Y,1500,1503,1503,N,NULL,47,,,N,,N,N,,NULL,NULL,2020,O,7.26E+11,098-US-0023  -000,MEDIUM,098-US-0023  -000,27.797,0,1,0,1,0,0,1,0,0,1,0,0,0,0
5749,72536672,980100,2.02E+11,20200825,1243,,BYPASS,,RD,,,0,098 CS-1223,CS1223,Y,N,NULL,NULL,NULL,N,NULL,NULL,NULL,NULL,NULL,NULL,,NULL,NULL,NULL,NULL,NULL,NULL,0,0,2,2,N,N,,NULL,98,9801,NULL,,Y,37.47128,-82.52117,N,NULL,NULL,NULL,NULL,NULL,NULL,NULL,NULL,2,97,1,6,2,1,2,2,1,3,N,NULL,Y,N,1243,1301,1301,N,NULL,90,,,N,,N,N,098-CS-1223-0,NULL,NULL,2020,O,7.25E+11,098-CS-1223  -000,HIGH,098-CS-1223  -000,0.135,0,0,0,1,0,0,1,0,0,0,0,0,0,1
5750,72638200,KSP0900,21-248959,20210617,1148,,US119,,,US0119,US0119,0,098 US-119-10,US0119,Y,N,NULL,NULL,NULL,N,NULL,NULL,NULL,NULL,NULL,NULL,2.495,NULL,NULL,NULL,NULL,,NULL,0,0,2,2,N,N,15,NULL,98,9801,NULL,,Y,37.51375,-82.49442,N,NULL,NULL,NULL,NULL,NULL,NULL,NULL,NULL,2,97,2,6,1,1,2,2,8,3,N,NULL,Y,N,1233,1241,1233,N,NULL,90,2,1,N,,N,N,098-US-0119-10,NULL,NULL,2021,O,7.26E+11,098-US-0119  -010,HIGH,098-US-0119  -000,2.495,0,0,1,0,0,0,1,0,0,0,0,0,0,1
5751,72456991,980100,2.02E+11,20191228,2323,,MAIN,,ST,,,0,098 CS-1112,CS1112,N,N,NULL,NULL,NULL,N,NULL,NULL,NULL,NULL,NULL,NULL,0.13,NULL,NULL,NULL,NULL,,NULL,0,0,2,2,N,N,25,NULL,98,9801,NULL,,Y,37.47958,-82.51748,N,NULL,NULL,NULL,NULL,NULL,NULL,NULL,NULL,5,7,2,6,1,1,3,5,1,3,N,NULL,Y,N,2152,2153,,N,NULL,47,,,Y,,N,N,098-CS-1112-0,NULL,NULL,2019,O,7.25E+11,098-CS-1112  -000,HIGH,098-CS-1112  -000,0.13,0,0,0,0,0,0,0,0,1,0,0,0,0,1
5752,72713284,980100,2.02E+11,20211222,1231,,BYPASS,,RD,,,0,098 CS-1223,CS1223,Y,N,NULL,NULL,NULL,N,NULL,NULL,NULL,NULL,NULL,NULL,,NULL,NULL,NULL,NULL,NULL,NULL,0,0,2,2,N,N,,NULL,98,9801,NULL,,Y,37.47128,-82.52117,N,NULL,NULL,NULL,NULL,NULL,NULL,NULL,NULL,2,97,1,6,2,1,2,2,1,3,N,NULL,Y,N,1231,1237,1237,N,NULL,90,,,N,,N,N,098-CS-1223-0,NULL,NULL,2021,O,7.27E+11,098-CS-1223  -000,HIGH,098-CS-1223  -000,0.135,0,0,0,0,0,0,1,0,0,0,0,0,0,1
5753,72693503,980100,2.02E+11,20211105,1449,,MAYO,S,TRL,,,0,098 CS-1000,CS1000,Y,N,NULL,NULL,NULL,N,NULL,NULL,NULL,NULL,NULL,NULL,,NULL,NULL,NULL,NULL,NULL,NULL,0,0,2,2,N,N,,NULL,98,9801,NULL,,Y,37.43827,-82.51131,N,NULL,NULL,NULL,NULL,NULL,NULL,NULL,NULL,1,97,1,6,1,1,2,2,1,3,N,NULL,Y,N,1452,1502,1502,N,NULL,90,,,N,,N,N,098-CS-1000-0,NULL,NULL,2021,O,7.27E+11,098-CS-1000  -000,HIGH,098-CS-1000  -000,0.063,0,0,0,1,0,0,1,0,0,0,0,0,0,1
5754,72503359,980100,2.02E+11,20200520,1140,,THOMPSON,,RD,,,0,098 CS-1215,CS1215,N,N,NULL,NULL,NULL,N,NULL,NULL,NULL,NULL,NULL,NULL,0.673,NULL,NULL,NULL,NULL,,NULL,0,0,2,2,N,N,35,NULL,98,9801,NULL,,Y,37.50518,-82.54089,N,NULL,NULL,NULL,NULL,NULL,NULL,NULL,NULL,8,3,2,6,1,1,3,2,7,3,N,NULL,Y,N,1140,1148,1148,N,NULL,53,,,N,,N,N,098-CS-1215-0,NULL,NULL,2020,O,7.25E+11,098-CS-1215  -000,HIGH,098-CS-1215  -000,0.673,0,0,1,1,0,0,1,0,0,0,0,1,0,1
5755,72699398,KSP0900,21-466854,20211114,1459,,KY1056,,,KY1056,KY1056,0,098 KY-1056,KY1056,N,N,NULL,NULL,NULL,N,NULL,NULL,NULL,NULL,NULL,NULL,11.551,NULL,NULL,NULL,NULL,,NULL,0,0,2,2,N,N,35,NULL,98,9863,NULL,,Y,37.62014,-82.16774,N,NULL,NULL,NULL,NULL,NULL,NULL,NULL,NULL,1,3,2,6,1,1,2,2,7,3,N,NULL,Y,N,1459,1538,1558,N,NULL,55,7,0,N,,N,N,098-KY-1056-0,NULL,NULL,2021,O,7.27E+11,098-KY-1056  -000,HIGH,098-KY-1056  -000,11.551,0,0,0,0,0,0,1,0,0,0,0,0,0,0
5756,72789018,980100,2.02E+11,20220801,951,,US23,,,US0023,US0023,0,098 US-23,US0023,N,N,NULL,NULL,NULL,N,NULL,NULL,NULL,NULL,NULL,NULL,23.067,NULL,NULL,NULL,NULL,,NULL,0,0,1,1,N,N,55,NULL,98,9801,NULL,,Y,37.46595,-82.52814,N,NULL,NULL,NULL,NULL,NULL,NULL,NULL,NULL,9,2,4,6,1,5,3,2,7,3,N,NULL,Y,N,952,957,1017,Y,NULL,40,,1,N,,N,N,098-US-0023-0,NULL,NULL,2022,O,7.28E+11,098-US-0023  -000,HIGH,098-US-0023  -000,23.067,0,0,0,0,0,0,0,0,0,0,0,1,0,1
5757,72494319,980100,2.02E+11,20200414,1639,,HAROLDS BRANCH,,RD,,,,,,Y,N,NULL,NULL,NULL,N,NULL,NULL,NULL,NULL,NULL,NULL,0.007,NULL,NULL,NULL,NULL,,NULL,0,0,2,2,N,N,15,NULL,98,9801,NULL,,Y,37.47272,-82.52265,N,NULL,NULL,NULL,NULL,NULL,NULL,NULL,NULL,5,97,2,6,2,1,3,2,1,3,N,NULL,Y,N,1639,1641,1641,N,NULL,90,,,N,,N,N,,NULL,NULL,2020,O,7.25E+11,098-CS-1223  -000,MEDIUM,098-CS-1223  -000,0.007,0,0,0,0,0,0,1,0,0,0,0,0,0,1
5758,72659585,KSP0900,21-337170,20210813,455,,US23,,,US0023,US0023,0,098 US-23-10,US0023,N,N,NULL,NULL,NULL,N,NULL,NULL,NULL,NULL,NULL,NULL,9.135,NULL,NULL,NULL,NULL,,NULL,0,0,1,1,N,N,55,NULL,98,9827,NULL,,Y,37.32857,-82.55914,N,NULL,NULL,NULL,NULL,NULL,NULL,NULL,NULL,9,97,4,6,1,1,2,2,7,3,N,NULL,N,N,1748,1630,1748,N,NULL,70,,1,N,,N,N,098-US-0023-10,NULL,NULL,2021,O,7.27E+11,098-US-0023  -010,HIGH,098-US-0023  -000,9.135,0,0,0,0,0,0,0,0,0,0,0,0,0,0