OBJECTID,MasterFile,AgencyORINumber,LocalCode,CollisionDate,CollisionTime,CollisionDayWeekCode,RoadwayName,RoadwayName_Direction_,RoadwayName_RoadwaySuffix_,RoadwayfromReport,CurrentRoadwayNumber,RoadwayNumberCoupletID,RSEUniqueGIS,RoadwayIdentifier,ParkingLotIndicator,IntersectionWith_Indicator_,IntersectionWith_NameRoadway_,IntersectionWith_Direction_,IntersectionWith_RoadwaySuffix_,BetweenStreets_Indicator_,BetweenStreets1_NameRoadway_,BetweenStreet1_Direction_,BetweenStreets1_RoadwaySuffix_,BetweenStreets2_NameRoadway_,BetweenStreets2_Direction_,BetweenStreets2_RoadwaySuffix_,Milepoint,ReportMilepointDeriveNumber,CurrentDerivedMiepointNumber,MilestoMilepoint,FeettoMilepoint,DirectionfromMilepoint_NSEW_,ValidMilepointIndicator,NumberInjured,NumberKilled,ofUnits,ofMotorVehicleUnits,Hit&RunIndicator,OneWayIndicator,SpeedLimitNumber,KilometersIndicator,CountyCode,CityCountyCode,MilesFromCity,DirectionFromCity_NSEW_,InCityLimitsIndicator,Latitude,Longitude,RampIndicator,RampFromIdentifier,RampFromDirCode,RampFromCoupletID,RSEUniqueGISRampFrom,RampToidentifier,RampToDirCode,RampToCoupletID,RSEUniqueGisRampTo,MannerofCollisionCode,LocationFirstEventCode,TotalLanes,RoadwayCharacterCode,RoadwaySurfaceCode,RoadwayConditionCode,WeatherCode,LightConditionCode,LandUseCode,SchoolBusRelatedCode,FirstAidSceneIndicator,CollDescPresentInd,InvestigationCompleteIndicator,PhotosTakenIndicator,TimeNotified,TimeArrived,TimeRoadwayOpened,PropertyDamageIndicator,DiagramPresentIndicator,DirectionalAnalysis,FunctionClassCode,NationalHwySysCode,EnforcementsIndicator,KARSCityCode,SecondaryCollisionIndicator,MedianCrossoverIndicator,RT_UNIQUE,MapIt,TimeLastLeft,YR,KABCO,MFNY,WorkingRID,RT_CONFIDENCE,KTC_RT,KTC_MP,Motorcyclist,Commercial Vehicle,Young Driver,Mature Driver,Pedestrian,Bicyclist,Distracted,Aggressive,Impaired,Unrestrained,Intersection,Roadway Departure,Median Cross-over,City Crash
5759,72506495,370200,2020-19022,20200521,1236,,FERRELLS CREEK,,RD,US0460,US0460,0,098 US-460,US0460,N,N,NULL,NULL,NULL,N,NULL,NULL,NULL,NULL,NULL,NULL,18.337,NULL,NULL,NULL,NULL,,NULL,0,0,2,2,N,N,55,NULL,98,9839,NULL,,Y,37.36206,-82.31464,N,NULL,NULL,NULL,NULL,NULL,NULL,NULL,NULL,8,5,2,1,1,1,3,2,7,3,N,NULL,Y,N,1236,1302,1443,N,NULL,47,,1,Y,,N,N,098-US-0460-0,NULL,NULL,2020,O,7.25E+11,098-US-0460  -000,HIGH,098-US-0460  -000,18.337,0,0,0,0,0,0,1,0,1,1,0,0,0,0
5760,72621826,980100,2.02E+11,20210506,1718,,US23,,,US0023,US0023,0,098 US-23-10,US0023,N,N,NULL,NULL,NULL,N,NULL,NULL,NULL,NULL,NULL,NULL,26.364,NULL,NULL,NULL,NULL,,NULL,0,0,3,3,N,N,55,NULL,98,9801,NULL,,Y,37.50482,-82.53238,N,NULL,NULL,NULL,NULL,NULL,NULL,NULL,NULL,6,3,4,6,1,1,2,2,1,3,N,NULL,Y,N,1718,1727,1808,N,NULL,70,,1,N,,N,N,098-US-0023-10,NULL,NULL,2021,O,7.26E+11,098-US-0023  -010,HIGH,098-US-0023  -000,26.364,0,0,0,0,0,0,1,0,0,0,0,0,0,1
5761,72768156,KSP0900,22-204055,20220601,810,,US23,,,US0023,US0023,0,098 US-23-10,US0023,N,N,NULL,NULL,NULL,N,NULL,NULL,NULL,NULL,NULL,NULL,12.564,NULL,NULL,NULL,NULL,,NULL,0,0,1,1,N,N,55,NULL,98,9801,8,S,N,37.36915,-82.54771,N,NULL,NULL,NULL,NULL,NULL,NULL,NULL,NULL,9,3,4,6,1,1,2,2,7,3,N,NULL,Y,N,815,819,819,N,NULL,38,,1,N,,N,N,098-US-0023-10,NULL,NULL,2022,O,7.28E+11,098-US-0023  -010,HIGH,098-US-0023  -000,12.564,0,0,0,0,0,0,0,0,0,0,0,0,0,0
5762,72718633,KSP0900,22-007666,20220106,1621,,US23,,,US0023,US0023,0,098 US-23,US0023,Y,N,NULL,NULL,NULL,N,NULL,NULL,NULL,NULL,NULL,NULL,18.183,NULL,NULL,NULL,NULL,,NULL,0,0,1,1,N,N,55,NULL,98,9801,NULL,,Y,37.43154,-82.51461,N,NULL,NULL,NULL,NULL,NULL,NULL,NULL,NULL,9,97,4,6,1,4,9,6,7,3,N,NULL,N,N,1621,1751,1621,N,NULL,90,,1,N,,N,N,098-US-0023-0,NULL,NULL,2022,O,7.27E+11,098-US-0023  -000,HIGH,098-US-0023  -000,18.183,0,0,0,0,0,0,1,0,0,1,0,0,0,1
5763,72685970,980100,2.02E+11,20211021,1530,,BYPASS,S,RD,KY1426,KY1426,0,098 KY-1426,KY1426,N,N,NULL,NULL,NULL,N,NULL,NULL,NULL,NULL,NULL,NULL,6.111,NULL,NULL,NULL,NULL,,NULL,0,0,2,2,N,N,35,NULL,98,9801,NULL,,Y,37.47684,-82.51714,N,NULL,NULL,NULL,NULL,NULL,NULL,NULL,NULL,5,3,2,6,1,1,3,2,7,3,N,NULL,Y,N,1533,1533,1533,N,NULL,49,,0,N,,N,N,098-KY-1426-0,NULL,NULL,2021,O,7.27E+11,098-KY-1426  -000,HIGH,098-KY-1426  -000,6.111,0,0,1,0,0,0,0,0,0,0,0,0,0,1
5764,72596521,KSP0900,21-68052,20210220,1537,,TOLER,,RD,KY0319,KY0319,0,098 KY-319,KY0319,N,N,NULL,NULL,NULL,N,NULL,NULL,NULL,NULL,NULL,NULL,1.141,NULL,NULL,NULL,NULL,,NULL,0,0,1,1,N,N,55,NULL,98,9842,NULL,,Y,37.58653,-82.19714,N,NULL,NULL,NULL,NULL,NULL,NULL,NULL,NULL,9,5,2,1,1,1,2,2,7,3,N,NULL,Y,Y,1538,1606,1657,N,NULL,51,7,0,Y,,N,N,098-KY-0319-0,NULL,NULL,2021,O,7.26E+11,098-KY-0319  -000,HIGH,098-KY-0319  -000,1.141,0,0,0,0,0,0,0,0,1,0,0,1,0,0
5765,72613974,KSP0900,21-140569,20210408,2032,,US460,,,US0460,US0460,0,098 US-460,US0460,N,N,NULL,NULL,NULL,N,NULL,NULL,NULL,NULL,NULL,NULL,9.859,NULL,NULL,NULL,NULL,,NULL,2,0,2,2,N,N,55,NULL,98,9822,NULL,,Y,37.36408,-82.40723,N,NULL,NULL,NULL,NULL,NULL,NULL,NULL,NULL,5,3,2,6,1,1,2,6,7,3,Y,NULL,Y,Y,2032,2140,2155,N,NULL,49,,1,N,,N,N,098-US-0460-0,NULL,NULL,2021,C,7.26E+11,098-US-0460  -000,HIGH,098-US-0460  -000,9.859,0,0,0,0,0,0,0,1,0,0,0,0,0,0
5766,72523258,980100,2.02E+11,20200721,1431,,CASSIDY,,BLVD,,,,,,Y,N,NULL,NULL,NULL,N,NULL,NULL,NULL,NULL,NULL,NULL,,NULL,NULL,NULL,NULL,,NULL,0,0,2,2,N,N,15,NULL,98,9801,NULL,,Y,37.50655,-82.53836,N,NULL,NULL,NULL,NULL,NULL,NULL,NULL,NULL,1,97,2,4,1,1,2,2,7,3,N,NULL,N,N,1432,1439,1439,N,NULL,90,,,N,,N,N,,NULL,NULL,2020,O,7.25E+11,098-CS-1191  -000,MEDIUM,098-CS-1191  -000,0.353,0,0,0,1,0,0,1,1,0,0,0,0,0,1
5767,72733207,KSP0900,22-62906,20220220,1416,,FOREST HILLS,,RD,KY0308,KY0308,0,098 KY-308,KY0308,Y,N,NULL,NULL,NULL,N,NULL,NULL,NULL,NULL,NULL,NULL,2.427,NULL,NULL,NULL,NULL,,NULL,0,0,2,2,N,N,5,NULL,98,9834,NULL,,Y,37.6452,-82.27051,N,NULL,NULL,NULL,NULL,NULL,NULL,NULL,NULL,2,97,2,3,1,1,2,2,1,3,N,NULL,Y,N,1419,1440,1500,N,NULL,90,8,0,N,,N,N,098-KY-0308-0,NULL,NULL,2022,O,7.27E+11,098-KY-0308  -000,HIGH,098-KY-0308  -000,2.427,0,0,0,1,0,0,1,0,0,0,0,0,0,0
5768,72715209,KSP0900,21-528117,20211229,1832,,STONE COAL CREEK,,RD,KY3227,KY3227,0,098 KY-3227,KY3227,N,N,NULL,NULL,NULL,N,NULL,NULL,NULL,NULL,NULL,NULL,6.999,NULL,NULL,NULL,NULL,,NULL,0,0,1,1,N,N,25,NULL,98,9801,NULL,,Y,37.58327,-82.50609,N,NULL,NULL,NULL,NULL,NULL,NULL,NULL,NULL,9,3,2,2,1,5,6,6,7,3,N,NULL,Y,N,1832,1915,2100,N,NULL,44,8,0,N,,N,N,098-KY-3227-0,NULL,NULL,2021,O,7.27E+11,098-KY-3227  -000,HIGH,098-KY-3227  -000,6.999,0,0,0,0,0,0,0,0,0,0,0,1,0,0
5769,72606396,980500,2021AR011,20210324,1153,,US23 NORTH,,,US0023,US0023,0,098 US-23,US0023,N,N,NULL,NULL,NULL,N,NULL,NULL,NULL,NULL,NULL,NULL,,NULL,NULL,NULL,NULL,NULL,NULL,0,0,2,2,N,N,45,NULL,98,9807,NULL,,Y,37.52952,-82.57567,N,NULL,NULL,NULL,NULL,NULL,NULL,NULL,NULL,5,3,6,6,1,1,2,2,7,3,N,NULL,Y,Y,1153,1155,1155,N,NULL,70,,1,N,,N,N,098-US-0023-0,NULL,NULL,2021,O,7.26E+11,098-US-0023  -000,HIGH,098-US-0023  -000,29.441,0,0,1,0,0,0,1,1,0,0,0,0,0,0
5770,72499980,980100,2.02E+11,20200508,2137,,US23,,,US0023,US0023,,,,N,N,NULL,NULL,NULL,N,NULL,NULL,NULL,NULL,NULL,NULL,25.563,NULL,NULL,NULL,NULL,,NULL,0,0,1,1,N,N,55,NULL,98,9801,NULL,,Y,37.49382,-82.53286,N,NULL,NULL,NULL,NULL,NULL,NULL,NULL,NULL,9,97,4,6,1,5,10,6,7,3,N,NULL,Y,N,2137,2141,2141,N,NULL,44,,1,N,,N,Y,,NULL,NULL,2020,O,7.25E+11,098-US-0023  -000,MEDIUM,098-US-0023  -000,25.563,0,0,1,0,0,0,0,0,0,0,0,1,0,1
5771,72550686,980100,2.02E+11,20201005,1752,,BYPASS,S,RD,KY1426,KY1426,,,,N,N,NULL,NULL,NULL,N,NULL,NULL,NULL,NULL,NULL,NULL,5.705,NULL,NULL,NULL,NULL,,NULL,0,0,2,2,N,N,35,NULL,98,9801,NULL,,Y,37.47286,-82.5226,N,NULL,NULL,NULL,NULL,NULL,NULL,NULL,NULL,5,3,3,6,1,1,2,2,1,3,N,NULL,Y,N,1752,1754,,N,NULL,49,,0,N,,N,N,,NULL,NULL,2020,O,7.26E+11,098-KY-1426  -000,HIGH,098-KY-1426  -000,5.705,0,0,0,0,0,0,1,1,0,0,0,0,0,1
5772,72567014,980000,2011007,20201120,1350,,MALL RD,,,,,,,,N,N,NULL,NULL,NULL,N,NULL,NULL,NULL,NULL,NULL,NULL,,NULL,NULL,NULL,NULL,NULL,NULL,0,0,2,2,N,N,15,NULL,98,9812,4,N,N,37.65611,-82.27264,N,NULL,NULL,NULL,NULL,NULL,NULL,NULL,NULL,5,3,2,2,1,1,2,2,1,3,N,NULL,N,N,1350,1356,1356,N,NULL,70,,,N,,N,N,,NULL,NULL,2020,O,7.26E+11,098-PR-1010  -000,MEDIUM,098-PR-1010  -000,0.413,0,0,0,0,0,0,1,0,0,0,0,0,0,0
5773,72642305,980100,2.02E+11,20210629,1620,,HUFFMAN,,AVE,,,0,098 CS-1123,CS1123,N,N,NULL,NULL,NULL,N,NULL,NULL,NULL,NULL,NULL,NULL,0.019,NULL,NULL,NULL,NULL,,NULL,0,0,2,2,N,N,25,NULL,98,9801,NULL,,Y,37.47704,-82.51736,N,NULL,NULL,NULL,NULL,NULL,NULL,NULL,NULL,5,3,2,6,1,1,2,2,1,3,N,NULL,Y,N,1620,1624,1625,N,NULL,49,,,N,,N,N,098-CS-1123-0,NULL,NULL,2021,O,7.26E+11,098-CS-1123  -000,HIGH,098-CS-1123  -000,0.019,0,0,0,0,0,0,1,0,0,0,0,0,0,1
5774,72508264,KSP0900,20-20036,20200528,0,,KY612,,,KY0612,KY0612,0,098 KY-612,KY0612,N,N,NULL,NULL,NULL,N,NULL,NULL,NULL,NULL,NULL,NULL,6.728,NULL,NULL,NULL,NULL,,NULL,0,1,2,2,N,N,45,NULL,98,9826,NULL,,Y,37.65189,-82.30761,N,NULL,NULL,NULL,NULL,NULL,NULL,NULL,NULL,8,5,2,6,1,5,6,6,7,3,N,NULL,N,Y,2359,4,259,Y,NULL,47,8,0,N,,N,N,098-KY-0612-0,NULL,NULL,2020,K,7.25E+11,098-KY-0612  -000,HIGH,098-KY-0612  -000,6.728,0,0,1,0,0,0,0,0,0,1,0,1,0,0
5775,72639473,980500,2021AR024,20210623,1310,,N MAYO TRAIL,,,,,,,,Y,N,NULL,NULL,NULL,Y,MCDONALDS PARKING LOT,,,MCDONALDS PARKING LOT,,,,NULL,NULL,NULL,NULL,NULL,NULL,0,0,3,3,N,Y,15,NULL,98,9807,NULL,,Y,37.51765,-82.56608,N,NULL,NULL,NULL,NULL,NULL,NULL,NULL,NULL,2,97,1,6,1,1,2,2,1,3,N,NULL,Y,Y,1310,1312,1329,N,NULL,90,,,N,,N,N,,NULL,NULL,2021,O,7.26E+11,098-CS-3002  -000,MEDIUM,098-CS-3002  -000,0.223,0,0,0,1,0,0,0,0,0,0,0,0,0,0
5776,72464828,KSP0900,20-377,20200103,2335,,BIG CREEK,E,RD,KY3220,KY3220,0,098 KY-3220,KY3220,N,N,NULL,NULL,NULL,N,NULL,NULL,NULL,NULL,NULL,NULL,2.007,NULL,NULL,NULL,NULL,,NULL,2,0,1,1,N,N,55,NULL,98,9833,NULL,,Y,37.61181,-82.33794,N,NULL,NULL,NULL,NULL,NULL,NULL,NULL,NULL,9,4,2,6,1,5,6,6,7,3,N,NULL,Y,Y,2338,2358,244,Y,NULL,51,8,0,N,,N,Y,098-KY-3220-0,NULL,NULL,2020,A,7.25E+11,098-KY-3220  -000,HIGH,098-KY-3220  -000,2.007,0,0,0,0,0,0,0,1,0,1,0,1,0,0
5777,72499053,980100,2.02E+11,20200505,1033,,US23,,,US0023,US0023,0,098 US-23,US0023,N,N,NULL,NULL,NULL,N,NULL,NULL,NULL,NULL,NULL,NULL,23.061,NULL,NULL,NULL,NULL,,NULL,0,0,2,2,N,N,55,NULL,98,9801,NULL,,Y,37.46593,-82.52804,N,NULL,NULL,NULL,NULL,NULL,NULL,NULL,NULL,5,3,4,6,1,5,6,2,7,3,N,NULL,Y,N,1034,1040,1040,N,NULL,49,,1,N,,N,N,098-US-0023-0,NULL,NULL,2020,O,7.25E+11,098-US-0023  -000,HIGH,098-US-0023  -000,23.061,0,0,0,1,0,0,0,0,0,0,0,0,0,1
5778,72632174,980100,2.02E+11,20210521,1257,,CHLOE,,RD,KY1460,KY1460,,,,N,N,NULL,NULL,NULL,N,NULL,NULL,NULL,NULL,NULL,NULL,3.819,NULL,NULL,NULL,NULL,,NULL,1,0,1,1,N,N,45,NULL,98,9801,NULL,,Y,37.47723,-82.49359,N,NULL,NULL,NULL,NULL,NULL,NULL,NULL,NULL,9,4,2,2,1,1,2,2,6,3,Y,NULL,Y,N,1257,1301,1329,N,NULL,44,,0,Y,,N,N,,NULL,NULL,2021,C,7.26E+11,098-KY-1460  -000,HIGH,098-KY-1460  -000,3.819,0,0,0,0,0,0,1,0,0,0,0,1,0,1
5779,72469375,KSP0900,20-3646,20200128,1430,,US460,,,US0460,US0460,0,098 US-460,US0460,N,N,NULL,NULL,NULL,N,NULL,NULL,NULL,NULL,NULL,NULL,4.275,NULL,NULL,NULL,NULL,,NULL,1,0,2,2,N,N,55,NULL,98,9832,NULL,,Y,37.4185,-82.45719,N,NULL,NULL,NULL,NULL,NULL,NULL,NULL,NULL,1,3,2,6,1,1,2,2,7,3,N,NULL,Y,Y,1443,1443,1456,N,NULL,55,,1,N,,N,N,098-US-0460-0,NULL,NULL,2020,C,7.25E+11,098-US-0460  -000,HIGH,098-US-0460  -000,4.275,0,0,0,0,0,0,0,1,0,0,0,0,0,0
5780,72554030,370200,2020-739483,20201013,842,,KY194,,,KY0194,KY0194,0,098 KY-194,KY0194,N,N,NULL,NULL,NULL,N,NULL,NULL,NULL,NULL,NULL,NULL,44.583,NULL,NULL,NULL,NULL,,NULL,1,0,2,2,N,N,55,NULL,98,9896,NULL,,Y,37.44307,-82.20381,N,NULL,NULL,NULL,NULL,NULL,NULL,NULL,NULL,7,3,2,1,1,1,2,2,7,3,Y,NULL,Y,Y,900,929,1031,N,NULL,54,8,0,N,,N,N,098-KY-0194-0,NULL,NULL,2020,C,7.26E+11,098-KY-0194  -000,HIGH,098-KY-0194  -000,44.583,0,1,0,1,0,0,0,0,0,0,0,1,0,0
5781,72694508,980100,2.02E+11,20211102,1259,,HAMBLEY,,BLVD,,,,,,Y,N,NULL,NULL,NULL,N,NULL,NULL,NULL,NULL,NULL,NULL,,NULL,NULL,NULL,NULL,NULL,NULL,0,0,2,2,N,N,15,NULL,98,9801,NULL,,Y,37.47863,-82.52003,N,NULL,NULL,NULL,NULL,NULL,NULL,NULL,NULL,8,97,2,4,2,1,97,2,4,3,N,NULL,Y,N,1259,1301,,N,NULL,90,,,N,,N,N,,NULL,NULL,2021,O,7.27E+11,098-CS-1123  -000,MEDIUM,098-CS-1123  -000,0.203,0,0,0,0,0,0,1,0,0,0,0,0,0,1
5782,72653305,KSP0900,21-311743,20210727,2009,,KY194,,,KY0194,KY0194,0,098 KY-194,KY0194,N,N,NULL,NULL,NULL,N,NULL,NULL,NULL,NULL,NULL,NULL,25.313,NULL,NULL,NULL,NULL,,NULL,0,0,1,1,N,N,55,NULL,98,9817,NULL,,Y,37.51335,-82.35878,N,NULL,NULL,NULL,NULL,NULL,NULL,NULL,NULL,9,5,2,3,1,1,2,3,7,3,N,NULL,N,N,2000,2005,2005,N,NULL,44,6,0,N,,N,N,098-KY-0194-0,NULL,NULL,2021,O,7.27E+11,098-KY-0194  -000,HIGH,098-KY-0194  -000,25.313,0,0,0,0,0,0,1,0,0,0,0,1,0,0
5783,72655041,KSP0900,21-324278,20210805,1052,,US460,,,US0460,US0460,0,098 US-460,US0460,N,N,NULL,NULL,NULL,N,NULL,NULL,NULL,NULL,NULL,NULL,7.372,NULL,NULL,NULL,NULL,,NULL,0,0,2,2,N,N,45,NULL,98,9801,5,SE,N,37.38615,-82.43829,N,NULL,NULL,NULL,NULL,NULL,NULL,NULL,NULL,5,3,2,6,1,1,2,2,7,3,N,NULL,Y,N,1052,1115,1115,N,NULL,70,,1,N,,N,N,098-US-0460-0,NULL,NULL,2021,O,7.27E+11,098-US-0460  -000,HIGH,098-US-0460  -000,7.372,0,0,0,1,0,0,1,0,0,0,0,0,0,0
5784,72756389,980100,2.02E+11,20220428,1519,,HAMBLEY,,BLVD,,,0,098 CS-1222,CS1222,Y,N,NULL,NULL,NULL,N,NULL,NULL,NULL,NULL,NULL,NULL,0.303,NULL,NULL,NULL,NULL,,NULL,0,0,2,2,N,N,15,NULL,98,9801,NULL,,Y,37.4763,-82.52258,N,NULL,NULL,NULL,NULL,NULL,NULL,NULL,NULL,7,97,2,6,1,1,2,2,1,3,N,NULL,Y,N,1519,1522,,N,NULL,90,,,N,,N,N,098-CS-1222-0,NULL,NULL,2022,O,7.28E+11,098-CS-1222  -000,HIGH,098-CS-1222  -000,0.303,0,0,0,0,0,0,0,0,0,0,0,0,0,1
5785,72748504,980100,2.02E+11,20220402,1446,,CASSIDY,,BLVD,,,0,098 CS-1191,CS1191,Y,N,NULL,NULL,NULL,N,NULL,NULL,NULL,NULL,NULL,NULL,0.051,NULL,NULL,NULL,NULL,,NULL,0,0,2,2,N,N,,NULL,98,9801,NULL,,Y,37.50367,-82.53298,N,NULL,NULL,NULL,NULL,NULL,NULL,NULL,NULL,1,97,,6,1,1,2,2,1,3,N,NULL,Y,N,1446,1454,,N,NULL,90,,,N,,N,N,098-CS-1191-0,NULL,NULL,2022,O,7.27E+11,098-CS-1191  -000,HIGH,098-CS-1191  -000,0.051,0,0,1,1,0,0,1,0,0,0,0,0,0,1
5786,72560284,980100,2.02E+11,20201103,940,,BYPASS,S,RD,KY1426,KY1426,0,098 KY-1426,KY1426,N,N,NULL,NULL,NULL,N,NULL,NULL,NULL,NULL,NULL,NULL,5.83,NULL,NULL,NULL,NULL,,NULL,0,0,2,2,N,N,55,NULL,98,9801,NULL,,Y,37.47373,-82.52059,N,NULL,NULL,NULL,NULL,NULL,NULL,NULL,NULL,5,3,2,6,1,1,2,2,1,3,N,NULL,Y,N,940,943,,N,NULL,49,,0,N,,N,N,098-KY-1426-0,NULL,NULL,2020,O,7.26E+11,098-KY-1426  -000,HIGH,098-KY-1426  -000,5.83,0,0,1,0,0,0,1,0,0,0,0,0,0,1
5787,72702716,KSP0900,21-486261,20211129,800,,US460,,,US0460,US0460,0,098 US-460,US0460,N,N,NULL,NULL,NULL,N,NULL,NULL,NULL,NULL,NULL,NULL,3.826,NULL,NULL,NULL,NULL,,NULL,0,0,2,2,N,N,45,NULL,98,9832,NULL,,Y,37.42091,-82.4649,N,NULL,NULL,NULL,NULL,NULL,NULL,NULL,NULL,5,3,2,6,1,1,2,2,6,3,N,NULL,Y,N,806,821,802,N,NULL,49,,1,N,,N,N,098-US-0460-0,NULL,NULL,2021,O,7.27E+11,098-US-0460  -000,HIGH,098-US-0460  -000,3.826,0,0,0,0,0,0,1,0,0,0,0,0,0,0
5788,72447427,KSP0900,19-47747,20191206,1543,,RAILROAD,,LN,,,0,098 CR-1245,CR1245,N,N,NULL,NULL,NULL,N,NULL,NULL,NULL,NULL,NULL,NULL,0.051,NULL,NULL,NULL,NULL,,NULL,0,0,2,2,N,N,25,NULL,98,9802,NULL,,Y,37.32909,-82.45446,N,NULL,NULL,NULL,NULL,NULL,NULL,NULL,NULL,2,7,1,6,3,1,2,7,7,3,N,NULL,N,N,1543,1837,,N,NULL,47,,,N,,N,N,098-CR-1245-0,NULL,NULL,2019,O,7.24E+11,098-CR-1245  -000,HIGH,098-CR-1245  -000,0.051,0,0,0,0,0,0,1,0,0,0,0,0,0,0
5789,72464988,KSP0900,20-2032,20200115,1947,,REDBUD,,LN,,,0,098 CR-1041,CR1041,N,N,NULL,NULL,NULL,N,NULL,NULL,NULL,NULL,NULL,NULL,0.304,NULL,NULL,NULL,NULL,,NULL,0,0,1,1,N,N,25,NULL,98,9836,NULL,,Y,37.64838,-82.2665,N,NULL,NULL,NULL,NULL,NULL,NULL,NULL,NULL,9,5,2,4,1,1,2,5,8,3,N,NULL,Y,N,1947,1948,2012,Y,NULL,40,,,N,,N,N,098-CR-1041-0,NULL,NULL,2020,O,7.25E+11,098-CR-1041  -000,HIGH,098-CR-1041  -000,0.304,0,1,0,0,0,0,1,0,0,0,0,1,0,0
5790,72507623,980000,20-05-012,20200528,1430,,PETER FORK,,RD,,,0,098 CR-1527,CR1527,N,N,NULL,NULL,NULL,N,NULL,NULL,NULL,NULL,NULL,NULL,0.574,NULL,NULL,NULL,NULL,,NULL,1,0,1,1,N,N,35,NULL,98,9863,NULL,,Y,37.5857,-82.16625,N,NULL,NULL,NULL,NULL,NULL,NULL,NULL,NULL,9,5,2,6,1,1,2,2,6,3,Y,NULL,Y,Y,1502,1512,1550,N,NULL,44,,,N,,N,N,098-CR-1527-0,NULL,NULL,2020,B,7.25E+11,098-CR-1527  -000,HIGH,098-CR-1527  -000,0.574,0,0,0,1,0,0,0,0,0,0,0,1,0,0
5791,72569830,KSP0900,20-807590,20201128,2035,,WILLIAMSON,,RD,KY0292,KY0292,,,,N,N,NULL,NULL,NULL,N,NULL,NULL,NULL,NULL,NULL,NULL,8.298,NULL,NULL,NULL,NULL,,NULL,0,0,1,1,N,N,45,NULL,98,9826,NULL,,Y,37.69361,-82.30375,N,NULL,NULL,NULL,NULL,NULL,NULL,NULL,NULL,9,3,2,3,1,1,2,6,7,3,N,NULL,N,N,2037,2105,2105,N,NULL,,,,N,,N,N,,NULL,NULL,2020,O,7.26E+11,098-KY-0292  -000,MEDIUM,098-KY-0292  -000,8.298,0,0,0,0,0,0,0,0,0,0,0,1,0,0
5792,72612184,980100,2.02E+11,20210331,724,,US23,,,US0023,US0023,0,098 US-23,US0023,N,N,NULL,NULL,NULL,N,NULL,NULL,NULL,NULL,NULL,NULL,20.742,NULL,NULL,NULL,NULL,,NULL,2,0,2,2,N,N,55,NULL,98,9801,NULL,,Y,37.44296,-82.52277,N,NULL,NULL,NULL,NULL,NULL,NULL,NULL,NULL,1,3,4,3,1,5,3,3,1,3,Y,NULL,Y,Y,724,730,834,N,NULL,55,,1,N,,N,Y,098-US-0023-0,NULL,NULL,2021,A,7.26E+11,098-US-0023  -000,HIGH,098-US-0023  -000,20.742,0,0,0,1,0,0,1,0,0,0,0,0,1,1
5793,72700333,KSP0900,21-476523,20211121,1850,,US119,,,US0119,US0119,0,098 US-119,US0119,N,N,NULL,NULL,NULL,N,NULL,NULL,NULL,NULL,NULL,NULL,21.781,NULL,NULL,NULL,NULL,,NULL,0,0,1,1,N,N,55,NULL,98,9836,NULL,,Y,37.63047,-82.26105,N,NULL,NULL,NULL,NULL,NULL,NULL,NULL,NULL,9,5,2,3,1,6,6,6,7,3,N,NULL,N,N,1850,1900,1900,N,NULL,51,2,1,N,,N,N,098-US-0119-0,NULL,NULL,2021,O,7.27E+11,098-US-0119  -000,HIGH,098-US-0119  -000,21.781,0,0,0,0,0,0,0,0,0,0,0,1,0,0
5794,72793483,KSP0900,22-309809,20220811,1502,,US23,,,US0023,US0023,0,098 US-23-10,US0023,Y,N,NULL,NULL,NULL,N,NULL,NULL,NULL,NULL,NULL,NULL,11.912,NULL,NULL,NULL,NULL,,NULL,0,0,2,2,N,N,15,NULL,98,9801,3,S,N,37.36212,-82.55508,N,NULL,NULL,NULL,NULL,NULL,NULL,NULL,NULL,8,97,4,1,1,8,2,2,1,3,N,NULL,Y,N,1504,1507,1504,N,NULL,90,,1,N,,N,N,098-US-0023-10,NULL,NULL,2022,O,7.28E+11,098-US-0023  -010,HIGH,098-US-0023  -000,11.912,0,0,0,0,0,0,0,0,0,0,0,0,0,0
5795,72735705,KSP0900,22-72466,20220227,1615,,US23,,,US0023,US0023,0,098 US-23,US0023,N,N,NULL,NULL,NULL,N,NULL,NULL,NULL,NULL,NULL,NULL,2.637,NULL,NULL,NULL,NULL,,NULL,6,0,2,2,N,N,55,NULL,98,9809,NULL,,Y,37.27113,-82.60388,N,NULL,NULL,NULL,NULL,NULL,NULL,NULL,NULL,1,3,4,5,1,1,2,2,3,3,Y,NULL,Y,Y,1616,1626,1710,N,NULL,55,,1,N,,N,N,098-US-0023-0,NULL,NULL,2022,C,7.27E+11,098-US-0023  -000,HIGH,098-US-0023  -000,2.637,0,0,0,1,0,0,1,0,0,0,0,1,0,0