OBJECTID,MasterFile,AgencyORINumber,LocalCode,CollisionDate,CollisionTime,CollisionDayWeekCode,RoadwayName,RoadwayName_Direction_,RoadwayName_RoadwaySuffix_,RoadwayfromReport,CurrentRoadwayNumber,RoadwayNumberCoupletID,RSEUniqueGIS,RoadwayIdentifier,ParkingLotIndicator,IntersectionWith_Indicator_,IntersectionWith_NameRoadway_,IntersectionWith_Direction_,IntersectionWith_RoadwaySuffix_,BetweenStreets_Indicator_,BetweenStreets1_NameRoadway_,BetweenStreet1_Direction_,BetweenStreets1_RoadwaySuffix_,BetweenStreets2_NameRoadway_,BetweenStreets2_Direction_,BetweenStreets2_RoadwaySuffix_,Milepoint,ReportMilepointDeriveNumber,CurrentDerivedMiepointNumber,MilestoMilepoint,FeettoMilepoint,DirectionfromMilepoint_NSEW_,ValidMilepointIndicator,NumberInjured,NumberKilled,ofUnits,ofMotorVehicleUnits,Hit&RunIndicator,OneWayIndicator,SpeedLimitNumber,KilometersIndicator,CountyCode,CityCountyCode,MilesFromCity,DirectionFromCity_NSEW_,InCityLimitsIndicator,Latitude,Longitude,RampIndicator,RampFromIdentifier,RampFromDirCode,RampFromCoupletID,RSEUniqueGISRampFrom,RampToidentifier,RampToDirCode,RampToCoupletID,RSEUniqueGisRampTo,MannerofCollisionCode,LocationFirstEventCode,TotalLanes,RoadwayCharacterCode,RoadwaySurfaceCode,RoadwayConditionCode,WeatherCode,LightConditionCode,LandUseCode,SchoolBusRelatedCode,FirstAidSceneIndicator,CollDescPresentInd,InvestigationCompleteIndicator,PhotosTakenIndicator,TimeNotified,TimeArrived,TimeRoadwayOpened,PropertyDamageIndicator,DiagramPresentIndicator,DirectionalAnalysis,FunctionClassCode,NationalHwySysCode,EnforcementsIndicator,KARSCityCode,SecondaryCollisionIndicator,MedianCrossoverIndicator,RT_UNIQUE,MapIt,TimeLastLeft,YR,KABCO,MFNY,WorkingRID,RT_CONFIDENCE,KTC_RT,KTC_MP,Motorcyclist,Commercial Vehicle,Young Driver,Mature Driver,Pedestrian,Bicyclist,Distracted,Aggressive,Impaired,Unrestrained,Intersection,Roadway Departure,Median Cross-over,City Crash
5796,72724236,370200,2022-23273,20220119,1453,,KY194,,,KY0194,KY0194,0,098 KY-194,KY0194,N,N,NULL,NULL,NULL,N,NULL,NULL,NULL,NULL,NULL,NULL,25.65,NULL,NULL,NULL,NULL,,NULL,0,0,1,1,N,N,55,NULL,98,9817,NULL,,Y,37.50855,-82.35802,N,NULL,NULL,NULL,NULL,NULL,NULL,NULL,NULL,9,3,2,6,1,5,8,2,7,3,N,NULL,Y,N,1509,1541,1727,Y,NULL,70,6,0,N,,N,N,098-KY-0194-0,NULL,NULL,2022,O,7.27E+11,098-KY-0194  -000,HIGH,098-KY-0194  -000,25.65,0,1,0,0,0,0,1,0,0,0,0,1,0,0
5797,72676308,980100,2.02E+11,20210817,2051,,US23,,,US0023,US0023,,,,N,N,NULL,NULL,NULL,N,NULL,NULL,NULL,NULL,NULL,NULL,31.08,NULL,NULL,NULL,NULL,,NULL,0,0,1,1,N,N,55,NULL,98,9801,NULL,,Y,37.53875,-82.59377,N,NULL,NULL,NULL,NULL,NULL,NULL,NULL,NULL,9,3,4,6,1,5,6,6,7,3,N,NULL,Y,N,2051,2104,2104,N,NULL,44,,1,N,,N,N,,NULL,NULL,2021,O,7.27E+11,098-US-0023  -000,MEDIUM,098-US-0023  -000,31.08,0,0,0,0,0,0,1,1,0,0,0,1,0,1
5798,72678426,KSP0900,21-401831,20210928,1216,,OWSLEY,,RD,KY1384,KY1384,0,098 KY-1384,KY1384,N,N,NULL,NULL,NULL,N,NULL,NULL,NULL,NULL,NULL,NULL,2.146,NULL,NULL,NULL,NULL,,NULL,0,0,2,2,N,N,35,NULL,98,9801,NULL,,Y,37.51661,-82.59354,N,NULL,NULL,NULL,NULL,NULL,NULL,NULL,NULL,7,3,2,6,1,1,2,2,7,3,N,NULL,Y,N,1216,1233,1233,N,NULL,54,,0,N,,N,N,098-KY-1384-0,NULL,NULL,2021,O,7.27E+11,098-KY-1384  -000,HIGH,098-KY-1384  -000,2.146,0,0,0,1,0,0,0,1,0,0,0,1,0,0
5799,72704390,KSP0900,21-491347,20211202,1946,,KY194,,,KY0194,KY0194,0,098 KY-194,KY0194,N,N,NULL,NULL,NULL,N,NULL,NULL,NULL,NULL,NULL,NULL,54.258,NULL,NULL,NULL,NULL,,NULL,1,0,1,1,N,N,35,NULL,98,9804,NULL,,Y,37.50928,-82.13853,N,NULL,NULL,NULL,NULL,NULL,NULL,NULL,NULL,9,5,2,3,1,1,2,5,7,3,Y,NULL,Y,Y,1942,2000,2100,N,NULL,40,8,0,N,,N,N,098-KY-0194-0,NULL,NULL,2021,A,7.27E+11,098-KY-0194  -000,HIGH,098-KY-0194  -000,54.258,0,0,0,0,0,0,0,0,1,0,0,1,0,0
5800,72655178,KSP0900,21-137723,20210407,430,,KY194,,,KY0194,KY0194,0,098 KY-194,KY0194,N,N,NULL,NULL,NULL,N,NULL,NULL,NULL,NULL,NULL,NULL,64.452,NULL,NULL,NULL,NULL,,NULL,2,0,1,1,N,N,35,NULL,98,9873,NULL,,Y,37.55128,-82.10313,N,NULL,NULL,NULL,NULL,NULL,NULL,NULL,NULL,9,3,2,1,1,1,2,4,7,3,Y,NULL,Y,Y,438,511,438,N,NULL,40,7,0,N,,N,N,098-KY-0194-0,NULL,NULL,2021,A,7.27E+11,098-KY-0194  -000,HIGH,098-KY-0194  -000,64.452,0,0,0,0,0,0,1,0,1,0,0,1,0,0
5801,72570404,980500,2020AR066,20201201,930,,N MAYO TRAIL,,,,,,,,Y,N,NULL,NULL,NULL,N,NULL,NULL,NULL,NULL,NULL,NULL,,NULL,NULL,NULL,NULL,NULL,NULL,0,0,2,2,N,Y,15,NULL,98,9807,NULL,,Y,37.51767,-82.56596,N,NULL,NULL,NULL,NULL,NULL,NULL,NULL,NULL,5,97,1,6,1,5,9,2,1,3,N,NULL,Y,Y,930,933,1000,N,NULL,90,,,N,,N,N,,NULL,NULL,2020,O,7.26E+11,098-CS-3004  -000,MEDIUM,098-CS-3004  -000,0.061,0,0,0,1,0,0,0,1,0,0,0,0,0,0
5802,72583232,980100,2.02E+11,20201230,1857,,US23,,,US0023,US0023,,,,N,N,NULL,NULL,NULL,N,NULL,NULL,NULL,NULL,NULL,NULL,29.524,NULL,NULL,NULL,NULL,,NULL,0,0,2,2,N,N,45,NULL,98,9807,NULL,,Y,37.53057,-82.57635,N,NULL,NULL,NULL,NULL,NULL,NULL,NULL,NULL,8,6,4,6,1,1,2,6,1,3,N,NULL,Y,N,1857,1916,1916,N,NULL,51,,1,N,,N,N,,NULL,NULL,2020,O,7.26E+11,098-US-0023  -000,MEDIUM,098-US-0023  -000,29.524,0,1,0,1,0,0,0,0,0,1,0,1,0,1
5803,72616263,KSP0900,21-154831,20210418,1212,,US119,,,US0119,US0119,0,098 US-119,US0119,N,N,NULL,NULL,NULL,N,NULL,NULL,NULL,NULL,NULL,NULL,24.975,NULL,NULL,NULL,NULL,,NULL,0,0,2,2,N,N,45,NULL,98,9834,NULL,,Y,37.66791,-82.27699,N,NULL,NULL,NULL,NULL,NULL,NULL,NULL,NULL,1,3,4,6,1,1,2,2,7,3,N,NULL,Y,Y,1212,1220,1225,N,NULL,55,2,1,N,,N,N,098-US-0119-0,NULL,NULL,2021,O,7.26E+11,098-US-0119  -000,HIGH,098-US-0119  -000,24.975,0,0,0,1,0,0,1,0,0,0,0,0,0,0
5804,72635689,KSP0900,21-234134,20210608,14,,US460,,,US0460,US0460,0,098 US-460,US0460,N,N,NULL,NULL,NULL,N,NULL,NULL,NULL,NULL,NULL,NULL,1.216,NULL,NULL,NULL,NULL,,NULL,0,0,1,1,N,N,55,NULL,98,9824,NULL,,Y,37.4278,-82.50267,N,NULL,NULL,NULL,NULL,NULL,NULL,NULL,NULL,9,3,2,3,1,1,2,6,7,3,N,NULL,Y,N,16,31,,N,NULL,40,,1,N,,N,N,098-US-0460-0,NULL,NULL,2021,O,7.26E+11,098-US-0460  -000,HIGH,098-US-0460  -000,1.216,0,0,0,0,0,0,0,0,0,0,0,1,0,0
5805,72734045,KSP0900,22-64886,20220221,2045,,KY632,,,KY0632,KY0632,0,098 KY-632,KY0632,N,N,NULL,NULL,NULL,N,NULL,NULL,NULL,NULL,NULL,NULL,3.794,NULL,NULL,NULL,NULL,,NULL,3,0,1,1,N,N,55,NULL,98,9817,NULL,,Y,37.48624,-82.29364,N,NULL,NULL,NULL,NULL,NULL,NULL,NULL,NULL,9,3,2,6,1,1,2,6,7,3,Y,NULL,Y,Y,2045,2113,2155,N,NULL,44,6,0,N,,N,N,098-KY-0632-0,NULL,NULL,2022,A,7.27E+11,098-KY-0632  -000,HIGH,098-KY-0632  -000,3.794,0,0,0,0,0,0,0,0,0,0,0,1,0,0
5806,72538198,980500,2020AR046,20200902,1500,,VENTERS,,LN,,,0,098 CR-1415,CR1415,Y,N,NULL,NULL,NULL,N,NULL,NULL,NULL,NULL,NULL,NULL,0.027,NULL,NULL,NULL,NULL,,NULL,0,0,2,2,N,N,15,NULL,98,9801,NULL,,Y,37.53728,-82.59859,N,NULL,NULL,NULL,NULL,NULL,NULL,NULL,NULL,1,97,2,6,3,5,3,2,1,3,N,NULL,Y,Y,1455,1500,,N,NULL,90,,,N,,N,N,098-CR-1415-0,NULL,NULL,2020,O,7.25E+11,098-CR-1415  -000,MEDIUM,098-CR-1415  -000,0.027,0,0,0,0,0,0,1,0,0,0,0,0,0,0
5807,72760492,980100,2.02E+11,20220511,2043,,CASSIDY,,BLVD,,,0,098 CS-1191,CS1191,Y,N,NULL,NULL,NULL,N,NULL,NULL,NULL,NULL,NULL,NULL,0.281,NULL,NULL,NULL,NULL,,NULL,0,0,2,2,N,N,15,NULL,98,9801,NULL,,Y,37.50496,-82.53647,N,NULL,NULL,NULL,NULL,NULL,NULL,NULL,NULL,2,97,,6,1,1,2,5,1,3,N,NULL,Y,N,2043,2052,,N,NULL,90,,,N,,N,N,098-CS-1191-0,NULL,NULL,2022,O,7.28E+11,098-CS-1191  -000,HIGH,098-CS-1191  -000,0.281,0,0,0,0,0,0,1,0,0,0,0,0,0,1
5808,72781929,KSP0900,22-263798,20220711,1608,,US119,,,US0119,US0119,0,098 US-119,US0119,N,N,NULL,NULL,NULL,N,NULL,NULL,NULL,NULL,NULL,NULL,0.485,NULL,NULL,NULL,NULL,,NULL,1,0,2,2,N,N,55,NULL,98,9801,NULL,,Y,37.50631,-82.52394,N,NULL,NULL,NULL,NULL,NULL,NULL,NULL,NULL,5,3,2,4,1,1,2,2,7,3,Y,NULL,Y,Y,1608,1618,1737,N,NULL,49,2,1,N,,N,N,098-US-0119-0,NULL,NULL,2022,B,7.28E+11,098-US-0119  -000,HIGH,098-US-0119  -000,0.485,0,1,0,0,0,0,1,0,0,0,0,0,0,1
5809,72528580,980100,2.02E+11,20200805,757,,SAAD,,AVE,,,0,098 CS-1165,CS1165,Y,N,NULL,NULL,NULL,N,NULL,NULL,NULL,NULL,NULL,NULL,0.097,NULL,NULL,NULL,NULL,,NULL,0,0,2,2,N,N,,NULL,98,9801,NULL,,Y,37.48278,-82.51953,N,NULL,NULL,NULL,NULL,NULL,NULL,NULL,NULL,2,97,,6,1,1,3,2,5,3,N,NULL,Y,N,757,758,758,N,NULL,90,,,N,,N,N,098-CS-1165-0,NULL,NULL,2020,O,7.25E+11,098-CS-1165  -000,HIGH,098-CS-1165  -000,0.097,0,0,0,0,0,0,1,0,0,0,0,0,0,1
5810,72542459,370200,2020-681804,20200904,946,,COWPEN,,RD,KY2061,KY2061,0,098 KY-2061,KY2061,N,N,NULL,NULL,NULL,N,NULL,NULL,NULL,NULL,NULL,NULL,1.927,NULL,NULL,NULL,NULL,,NULL,0,0,2,2,N,N,55,NULL,98,9807,NULL,,Y,37.55207,-82.55883,N,NULL,NULL,NULL,NULL,NULL,NULL,NULL,NULL,1,3,2,6,1,5,3,2,7,3,N,NULL,Y,N,948,1003,1003,N,NULL,55,,0,N,,N,N,098-KY-2061-0,NULL,NULL,2020,O,7.25E+11,098-KY-2061  -000,HIGH,098-KY-2061  -000,1.927,0,0,0,0,0,0,1,0,0,0,0,0,0,0
5811,72568509,980100,2.02E+11,20201124,1810,,US23,,,US0023,US0023,0,098 US-23,US0023,N,N,NULL,NULL,NULL,N,NULL,NULL,NULL,NULL,NULL,NULL,27.369,NULL,NULL,NULL,NULL,,NULL,0,0,3,3,N,N,55,NULL,98,9801,NULL,,Y,37.51078,-82.54873,N,NULL,NULL,NULL,NULL,NULL,NULL,NULL,NULL,5,3,4,6,1,1,2,5,7,3,N,NULL,Y,N,1818,1824,1842,N,NULL,49,,1,N,,N,N,098-US-0023-0,NULL,NULL,2020,O,7.26E+11,098-US-0023  -000,HIGH,098-US-0023  -000,27.369,0,0,1,0,0,0,0,0,0,0,0,0,0,1
5812,72434674,370200,2019-43856,20191107,1258,,LITTLE,,CRK,,,0,098 CR-1276,CR1276,N,N,NULL,NULL,NULL,N,NULL,NULL,NULL,NULL,NULL,NULL,0.679,NULL,NULL,NULL,NULL,,NULL,0,0,2,2,N,N,35,NULL,98,9801,NULL,,Y,37.38651,-82.51543,N,NULL,NULL,NULL,NULL,NULL,NULL,NULL,NULL,3,3,2,3,1,5,6,2,7,3,N,NULL,N,N,1233,1255,1345,N,NULL,52,,,N,,N,N,098-CR-1276-0,NULL,NULL,2019,O,7.24E+11,098-CR-1276  -000,HIGH,098-CR-1276  -000,0.679,0,0,0,1,0,0,1,0,0,0,0,1,0,0
5813,72814347,KSP0900,2022-372020,20220925,1532,,US23,,,US0023,US0023,0,098 US-23,US0023,N,N,NULL,NULL,NULL,N,NULL,NULL,NULL,NULL,NULL,NULL,6.336,NULL,NULL,NULL,NULL,,NULL,0,0,1,1,N,N,55,NULL,98,9809,NULL,,Y,37.29415,-82.54709,N,NULL,NULL,NULL,NULL,NULL,NULL,NULL,NULL,9,6,4,2,1,5,6,2,7,3,N,NULL,Y,N,1532,1532,,N,NULL,44,,1,N,,N,N,098-US-0023-0,NULL,NULL,2022,O,7.28E+11,098-US-0023  -000,HIGH,098-US-0023  -000,6.336,0,0,0,0,0,0,0,0,0,0,0,1,0,0
5814,72724380,980100,2.02E+11,20220126,916,,MAIN,,ST,,,0,098 CS-1112,CS1112,Y,N,NULL,NULL,NULL,N,NULL,NULL,NULL,NULL,NULL,NULL,0.014,NULL,NULL,NULL,NULL,,NULL,0,0,2,2,N,N,,NULL,98,9801,NULL,,Y,37.47789,-82.51843,N,NULL,NULL,NULL,NULL,NULL,NULL,NULL,NULL,2,97,1,4,1,1,2,2,1,3,N,NULL,Y,N,917,932,944,N,NULL,90,,,N,,N,N,098-CS-1112-0,NULL,NULL,2022,O,7.27E+11,098-CS-1112  -000,HIGH,098-CS-1112  -000,0.014,0,0,0,0,0,0,1,0,0,0,0,0,0,1
5815,72824721,980100,2.02E+11,20221101,1653,,KY3496,,,KY3496,KY3496,0,098 KY-3496,KY3496,Y,N,NULL,NULL,NULL,N,NULL,NULL,NULL,NULL,NULL,NULL,0.197,NULL,NULL,NULL,NULL,,NULL,0,0,2,2,N,N,35,NULL,98,9801,NULL,,Y,37.46651,-82.53114,N,NULL,NULL,NULL,NULL,NULL,NULL,NULL,NULL,2,97,2,6,1,1,3,2,5,3,N,NULL,Y,N,1654,1704,1704,N,NULL,90,16,0,N,,N,N,098-KY-3496-0,NULL,NULL,2022,O,7.28E+11,098-KY-3496  -000,HIGH,098-KY-3496  -000,0.197,0,0,0,1,0,0,1,0,0,0,0,0,0,1
5816,72930873,KSP0900,23-349830,20230806,914,,US119,,,US0119,US0119,0,098 US-119-10,US0119,N,N,NULL,NULL,NULL,N,NULL,NULL,NULL,NULL,NULL,NULL,21.785,NULL,NULL,NULL,NULL,,NULL,0,0,1,1,N,N,55,NULL,98,9836,NULL,,Y,37.63052,-82.26103,N,NULL,NULL,NULL,NULL,NULL,NULL,NULL,NULL,9,3,2,3,1,5,3,2,7,3,N,NULL,Y,N,914,914,914,N,NULL,44,2,1,N,,N,N,098-US-0119-10,NULL,NULL,2023,O,7.29E+11,098-US-0119  -010,HIGH,098-US-0119  -000,21.788,0,0,0,1,0,0,0,0,0,0,0,1,0,0
5817,72922868,980000,23-07-001,20230705,1635,,US460,,,US0460,US0460,0,098 US-460,US0460,N,N,NULL,NULL,NULL,N,NULL,NULL,NULL,NULL,NULL,NULL,8.264,NULL,NULL,NULL,NULL,,NULL,0,0,2,2,N,N,35,NULL,98,9822,NULL,,Y,37.37536,-82.43158,N,NULL,NULL,NULL,NULL,NULL,NULL,NULL,NULL,7,3,2,1,1,1,2,2,7,3,N,NULL,Y,Y,1635,1635,1645,N,NULL,54,,1,N,,N,N,098-US-0460-0,NULL,NULL,2023,O,7.29E+11,098-US-0460  -000,HIGH,098-US-0460  -000,8.244,0,1,0,0,0,0,1,0,0,0,0,1,0,0
5818,72958466,980100,2.02E+11,20231012,1750,,US23,,,US0023,US0023,0,098 US-23,US0023,N,N,NULL,NULL,NULL,N,NULL,NULL,NULL,NULL,NULL,NULL,23.979,NULL,NULL,NULL,NULL,,NULL,0,0,2,2,N,N,45,NULL,98,9801,NULL,,Y,37.47546,-82.53823,N,NULL,NULL,NULL,NULL,NULL,NULL,NULL,NULL,5,3,4,6,1,1,2,2,2,3,N,NULL,Y,N,1750,1759,1759,N,NULL,49,,1,N,,N,N,098-US-0023-0,NULL,NULL,2023,O,7.30E+11,098-US-0023  -000,HIGH,098-US-0023  -000,23.912,0,0,0,0,0,0,1,1,0,0,0,0,0,1
5819,72986031,980100,2.02E+11,20231129,640,,US23,,,US0023,US0023,0,098 US-23,US0023,N,N,NULL,NULL,NULL,N,NULL,NULL,NULL,NULL,NULL,NULL,22.28,NULL,NULL,NULL,NULL,,NULL,0,0,1,1,N,N,55,NULL,98,9801,NULL,,Y,37.46157,-82.51691,N,NULL,NULL,NULL,NULL,NULL,NULL,NULL,NULL,9,3,4,3,1,1,2,6,7,3,N,NULL,Y,N,640,645,645,N,NULL,38,,1,N,,N,N,098-US-0023-0,NULL,NULL,2023,O,7.30E+11,098-US-0023  -000,HIGH,098-US-0023  -000,22.239,0,0,0,0,0,0,0,0,0,0,0,0,0,1
5820,72901692,980100,2.02E+11,20230517,1418,,KY1426,,,KY1426,KY1426,0,098 KY-1426,KY1426,N,N,NULL,NULL,NULL,N,NULL,NULL,NULL,NULL,NULL,NULL,6.921,NULL,NULL,NULL,NULL,,NULL,2,0,2,2,N,N,45,NULL,98,9801,NULL,,Y,37.48627,-82.50911,N,NULL,NULL,NULL,NULL,NULL,NULL,NULL,NULL,5,3,2,6,1,1,2,2,7,3,Y,NULL,Y,Y,1418,1421,1526,N,NULL,49,,0,N,,N,N,098-KY-1426-0,NULL,NULL,2023,C,7.29E+11,098-KY-1426  -000,HIGH,098-KY-1426  -000,6.926,0,0,0,0,0,0,1,0,0,0,0,0,0,1
5821,72985101,KSP0900,23-488978,20231213,600,,THOMAS MAY,,HOLW,,,0,098 PR-1038,PR1038,N,N,NULL,NULL,NULL,N,NULL,NULL,NULL,NULL,NULL,NULL,0.179,NULL,NULL,NULL,NULL,,NULL,0,0,1,1,N,N,35,NULL,98,9885,NULL,,Y,37.58449,-82.34451,N,NULL,NULL,NULL,NULL,NULL,NULL,NULL,NULL,9,3,1,4,1,1,2,6,7,3,N,NULL,N,N,600,630,700,N,NULL,44,,,N,,N,N,098-PR-1038-0,NULL,NULL,2023,O,7.30E+11,098-PR-1038  -000,HIGH,098-PR-1038  -000,0.18,0,0,0,0,0,0,1,0,0,0,0,1,0,0
5822,72857849,980100,2.02E+11,20230118,1618,,KY3496,,,KY3496,KY3496,0,098 KY-3496,KY3496,Y,N,NULL,NULL,NULL,N,NULL,NULL,NULL,NULL,NULL,NULL,0.763,NULL,NULL,NULL,NULL,,NULL,0,0,2,2,N,N,5,NULL,98,9801,NULL,,Y,37.47192,-82.53019,N,NULL,NULL,NULL,NULL,NULL,NULL,NULL,NULL,2,97,2,6,1,1,2,2,1,3,N,NULL,Y,N,1618,1621,,N,NULL,90,16,0,N,,N,N,098-KY-3496-0,NULL,NULL,2023,O,7.29E+11,098-KY-3496  -000,HIGH,098-KY-3496  -000,0.763,0,0,1,0,0,0,1,0,0,0,0,0,0,1
5823,72920778,980500,2023AR034,20230710,1234,,US 23 AND WEDDINGTON BRANCH ROAD,,,,,,,,N,N,NULL,NULL,NULL,N,NULL,NULL,NULL,NULL,NULL,NULL,,NULL,NULL,NULL,NULL,NULL,NULL,0,0,2,2,Y,N,45,NULL,98,9807,NULL,,Y,37.52239,-82.57073,N,NULL,NULL,NULL,NULL,NULL,NULL,NULL,NULL,1,3,6,6,1,1,2,2,7,3,N,NULL,Y,Y,1234,1234,1234,N,NULL,55,,,N,,N,N,,NULL,NULL,2023,O,7.29E+11,098-CS-3026  -030,MEDIUM,098-CS-3026  -030,0.002,0,0,0,0,0,0,0,0,0,0,0,0,0,0
5824,72844499,980100,2.02E+11,20221213,1530,,BAIRD,,AVE,KY1426,KY1426,,,,Y,N,NULL,NULL,NULL,N,NULL,NULL,NULL,NULL,NULL,NULL,5.418,NULL,NULL,NULL,NULL,,NULL,0,0,2,2,N,N,15,NULL,98,9801,NULL,,Y,37.47295,-82.52702,N,NULL,NULL,NULL,NULL,NULL,NULL,NULL,NULL,5,97,,6,1,1,2,2,5,3,N,NULL,Y,N,1533,1545,1545,N,NULL,90,,0,N,,N,N,,NULL,NULL,2022,O,7.28E+11,098-KY-1426  -000,HIGH,098-KY-1426  -000,5.418,0,0,0,1,0,0,0,0,0,0,0,0,0,1
5825,72963086,KSP0900,23-433874,20231023,1925,,BOWLING,,FRK,,,0,098 CR-1206Q3,CR1206Q3,N,N,NULL,NULL,NULL,N,NULL,NULL,NULL,NULL,NULL,NULL,0.006,NULL,NULL,NULL,NULL,,NULL,0,0,2,2,Y,N,25,NULL,98,9818,NULL,,Y,37.30552,-82.47549,N,NULL,NULL,NULL,NULL,NULL,NULL,NULL,NULL,7,3,,6,1,1,2,6,7,3,N,NULL,N,N,1924,1928,1930,N,NULL,54,,,N,,N,N,098-CR-1206Q3-0,NULL,NULL,2023,O,7.30E+11,098-CR-1206Q3-000,HIGH,098-CR-1206Q3-000,0.005,0,0,0,1,0,0,0,0,0,0,0,1,0,0
5826,72913837,KSP0900,23-216100,20230607,216,,KY3174,,,KY3174,KY3174,0,098 KY-3174-10,KY3174,N,N,NULL,NULL,NULL,N,NULL,NULL,NULL,NULL,NULL,NULL,4.186,NULL,NULL,NULL,NULL,,NULL,0,1,1,1,N,N,55,NULL,98,9801,NULL,,Y,37.36874,-82.47208,N,NULL,NULL,NULL,NULL,NULL,NULL,NULL,NULL,9,3,4,1,1,5,6,6,7,3,N,NULL,Y,Y,216,230,330,N,NULL,44,,0,N,,N,N,098-KY-3174-10,NULL,NULL,2023,K,7.29E+11,098-KY-3174  -010,HIGH,098-KY-3174  -000,4.185,0,0,0,0,0,0,0,0,0,1,0,1,0,0
5827,72947656,980100,2.02E+11,20230911,1233,,KY3227 CROSSOVER,,,KY3227,KY3227,0,098 KY-3227-30,KY3227,N,N,NULL,NULL,NULL,N,NULL,NULL,NULL,NULL,NULL,NULL,0.005,NULL,NULL,NULL,NULL,,NULL,1,0,2,1,N,N,55,NULL,98,9801,NULL,,Y,37.51044,-82.54823,N,NULL,NULL,NULL,NULL,NULL,NULL,NULL,NULL,9,3,2,6,1,1,3,2,1,3,Y,NULL,Y,N,1234,1245,1337,N,NULL,37,8,0,N,,N,N,098-KY-3227-30,NULL,NULL,2023,A,7.29E+11,098-KY-3227  -030,HIGH,098-KY-3227  -030,0,0,0,0,0,0,1,0,0,0,0,0,0,0,1
5828,72763868,KSP0900,22-186960,20220520,1330,,GOODY,,LOOP,,,0,098 PR-1024,PR1024,Y,N,NULL,NULL,NULL,N,NULL,NULL,NULL,NULL,NULL,NULL,0.015,NULL,NULL,NULL,NULL,,NULL,0,0,2,2,N,N,,NULL,98,9834,NULL,,Y,37.6601,-82.27286,N,NULL,NULL,NULL,NULL,NULL,NULL,NULL,NULL,2,97,0,6,1,1,2,2,1,3,N,NULL,Y,N,1330,1337,1337,N,NULL,90,,,N,,N,N,098-PR-1024-0,NULL,NULL,2022,O,7.28E+11,098-PR-1024  -000,HIGH,098-PR-1024  -000,0.015,0,0,0,0,0,0,1,0,0,0,0,0,0,0
5829,72842397,KSP0900,22-477185,20221214,2047,,GRAPEVINE,,RD,KY0194,KY0194,0,098 KY-194,KY0194,N,N,NULL,NULL,NULL,N,NULL,NULL,NULL,NULL,NULL,NULL,31.565,NULL,NULL,NULL,NULL,,NULL,0,0,1,1,N,N,45,NULL,98,9817,NULL,,Y,37.43375,-82.35969,N,NULL,NULL,NULL,NULL,NULL,NULL,NULL,NULL,9,3,2,2,1,5,6,6,7,3,Y,NULL,N,N,2047,2145,2145,N,NULL,40,7,0,N,,N,N,098-KY-0194-0,NULL,NULL,2022,O,7.28E+11,098-KY-0194  -000,HIGH,098-KY-0194  -000,31.565,0,0,0,1,0,0,0,0,0,0,0,1,0,0
5830,72841521,980500,2022AR057,20221213,1130,,WEDDINGTON BRANCH ROAD,,,,,,,,Y,N,NULL,NULL,NULL,N,NULL,NULL,NULL,NULL,NULL,NULL,,NULL,NULL,NULL,NULL,NULL,NULL,0,0,2,2,N,N,15,NULL,98,9807,NULL,,Y,37.52415,-82.57027,N,NULL,NULL,NULL,NULL,NULL,NULL,NULL,NULL,7,97,2,6,1,1,2,2,1,3,N,NULL,Y,Y,1130,1132,1155,N,NULL,90,,,Y,,N,N,,NULL,NULL,2022,O,7.28E+11,098-CS-3026  -000,MEDIUM,098-CS-3026  -000,0.127,0,0,0,0,0,0,0,1,0,0,0,0,0,0
5831,72927253,980100,2.02E+11,20230721,1224,,JULIUS,,AVE,,,0,098 CS-1156,CS1156,N,N,NULL,NULL,NULL,N,NULL,NULL,NULL,NULL,NULL,NULL,0.005,NULL,NULL,NULL,NULL,,NULL,0,0,1,1,N,N,15,NULL,98,9801,NULL,,Y,37.47629,-82.52264,N,NULL,NULL,NULL,NULL,NULL,NULL,NULL,NULL,9,4,1,4,1,1,2,2,6,3,N,NULL,Y,N,1225,1226,1304,N,NULL,44,,,N,,N,N,098-CS-1156-0,NULL,NULL,2023,O,7.29E+11,098-CS-1156  -000,HIGH,098-CS-1156  -000,0.004,0,0,0,0,0,0,0,0,0,1,0,1,0,1
5832,72848427,980100,2.02E+11,20221218,2102,,CEDAR HILLS,,RD,KY1426,KY1426,0,098 KY-1426,KY1426,N,N,NULL,NULL,NULL,N,NULL,NULL,NULL,NULL,NULL,NULL,4.531,NULL,NULL,NULL,NULL,,NULL,0,0,2,2,N,N,35,NULL,98,9801,NULL,,Y,37.46196,-82.52892,N,NULL,NULL,NULL,NULL,NULL,NULL,NULL,NULL,1,3,2,3,1,97,2,6,6,3,N,NULL,Y,N,2102,2105,2214,N,NULL,55,,0,Y,,N,N,098-KY-1426-0,NULL,NULL,2022,O,7.28E+11,098-KY-1426  -000,HIGH,098-KY-1426  -000,4.531,0,0,0,0,0,0,0,1,0,0,0,0,0,1
5833,72880036,980100,2.02E+11,20230323,837,,KY1460,,,KY1460,KY1460,0,098 KY-1460,KY1460,N,N,NULL,NULL,NULL,N,NULL,NULL,NULL,NULL,NULL,NULL,6.679,NULL,NULL,NULL,NULL,,NULL,0,0,1,1,N,N,45,NULL,98,9801,NULL,,Y,37.48358,-82.53888,N,NULL,NULL,NULL,NULL,NULL,NULL,NULL,NULL,9,3,2,6,1,1,2,2,7,3,N,NULL,Y,N,837,838,838,N,NULL,38,16,0,N,,N,N,098-KY-1460-0,NULL,NULL,2023,O,7.29E+11,098-KY-1460  -000,HIGH,098-KY-1460  -000,6.633,0,0,0,1,0,0,0,0,0,0,0,0,0,1