OBJECTID,MasterFile,AgencyORINumber,LocalCode,CollisionDate,CollisionTime,CollisionDayWeekCode,RoadwayName,RoadwayName_Direction_,RoadwayName_RoadwaySuffix_,RoadwayfromReport,CurrentRoadwayNumber,RoadwayNumberCoupletID,RSEUniqueGIS,RoadwayIdentifier,ParkingLotIndicator,IntersectionWith_Indicator_,IntersectionWith_NameRoadway_,IntersectionWith_Direction_,IntersectionWith_RoadwaySuffix_,BetweenStreets_Indicator_,BetweenStreets1_NameRoadway_,BetweenStreet1_Direction_,BetweenStreets1_RoadwaySuffix_,BetweenStreets2_NameRoadway_,BetweenStreets2_Direction_,BetweenStreets2_RoadwaySuffix_,Milepoint,ReportMilepointDeriveNumber,CurrentDerivedMiepointNumber,MilestoMilepoint,FeettoMilepoint,DirectionfromMilepoint_NSEW_,ValidMilepointIndicator,NumberInjured,NumberKilled,ofUnits,ofMotorVehicleUnits,Hit&RunIndicator,OneWayIndicator,SpeedLimitNumber,KilometersIndicator,CountyCode,CityCountyCode,MilesFromCity,DirectionFromCity_NSEW_,InCityLimitsIndicator,Latitude,Longitude,RampIndicator,RampFromIdentifier,RampFromDirCode,RampFromCoupletID,RSEUniqueGISRampFrom,RampToidentifier,RampToDirCode,RampToCoupletID,RSEUniqueGisRampTo,MannerofCollisionCode,LocationFirstEventCode,TotalLanes,RoadwayCharacterCode,RoadwaySurfaceCode,RoadwayConditionCode,WeatherCode,LightConditionCode,LandUseCode,SchoolBusRelatedCode,FirstAidSceneIndicator,CollDescPresentInd,InvestigationCompleteIndicator,PhotosTakenIndicator,TimeNotified,TimeArrived,TimeRoadwayOpened,PropertyDamageIndicator,DiagramPresentIndicator,DirectionalAnalysis,FunctionClassCode,NationalHwySysCode,EnforcementsIndicator,KARSCityCode,SecondaryCollisionIndicator,MedianCrossoverIndicator,RT_UNIQUE,MapIt,TimeLastLeft,YR,KABCO,MFNY,WorkingRID,RT_CONFIDENCE,KTC_RT,KTC_MP,Motorcyclist,Commercial Vehicle,Young Driver,Mature Driver,Pedestrian,Bicyclist,Distracted,Aggressive,Impaired,Unrestrained,Intersection,Roadway Departure,Median Cross-over,City Crash
5834,72894031,980100,2.02E+11,20230413,1054,,KY3496,,,KY3496,KY3496,0,098 KY-3496,KY3496,N,N,NULL,NULL,NULL,N,NULL,NULL,NULL,NULL,NULL,NULL,0.131,NULL,NULL,NULL,NULL,,NULL,0,0,2,2,N,N,35,NULL,98,9801,NULL,,Y,37.46613,-82.53004,N,NULL,NULL,NULL,NULL,NULL,NULL,NULL,NULL,4,3,2,6,1,1,2,2,7,3,N,NULL,Y,N,1054,1101,1101,N,NULL,70,16,0,N,,N,N,098-KY-3496-0,NULL,NULL,2023,O,7.29E+11,098-KY-3496  -000,HIGH,098-KY-3496  -000,0.137,0,0,0,0,0,0,1,0,0,0,0,0,0,1
5835,72917508,KSP0900,23-309838,20230701,1452,,US23,,,US0023,US0023,,,,Y,N,NULL,NULL,NULL,N,NULL,NULL,NULL,NULL,NULL,NULL,25.904,NULL,NULL,NULL,NULL,,NULL,0,0,2,2,Y,N,15,NULL,98,9801,NULL,,Y,37.4983,-82.53133,N,NULL,NULL,NULL,NULL,NULL,NULL,NULL,NULL,1,97,1,6,1,5,3,2,5,3,N,NULL,Y,N,1452,1515,1515,N,NULL,90,,1,N,,N,N,,NULL,NULL,2023,O,7.29E+11,098-US-0023  -010,MEDIUM,098-US-0023  -000,25.843,0,0,0,0,0,0,0,0,0,0,0,0,0,1
5836,72966283,KSP0900,23-441570,20231031,200,,CALLOWAY,,RD,KY3419,KY3419,0,098 KY-3419,KY3419,N,N,NULL,NULL,NULL,N,NULL,NULL,NULL,NULL,NULL,NULL,8.661,NULL,NULL,NULL,NULL,,NULL,0,0,1,1,N,N,55,NULL,98,9804,NULL,,Y,37.51732,-82.21191,N,NULL,NULL,NULL,NULL,NULL,NULL,NULL,NULL,9,3,1,5,1,5,3,7,7,3,N,NULL,N,N,200,220,230,N,NULL,70,9,0,N,,N,N,098-KY-3419-0,NULL,NULL,2023,O,7.30E+11,098-KY-3419  -000,HIGH,098-KY-3419  -000,8.784,0,0,0,0,0,0,0,0,0,0,0,1,0,0
5837,72965685,980100,2.02E+11,20231021,2006,,KY3496,,,KY3496,KY3496,0,098 KY-3496,KY3496,Y,N,NULL,NULL,NULL,N,NULL,NULL,NULL,NULL,NULL,NULL,0.806,NULL,NULL,NULL,NULL,,NULL,0,0,2,2,Y,N,15,NULL,98,9801,NULL,,Y,37.47208,-82.52905,N,NULL,NULL,NULL,NULL,NULL,NULL,NULL,NULL,2,97,2,6,1,1,2,5,1,3,N,NULL,Y,N,2006,2008,,N,NULL,90,16,0,N,,N,N,098-KY-3496-0,NULL,NULL,2023,O,7.30E+11,098-KY-3496  -000,HIGH,098-KY-3496  -000,0.826,0,0,0,0,0,0,1,0,0,0,0,0,0,1
5838,72901691,980100,2.02E+11,20230517,1218,,US23,,,US0023,US0023,0,098 US-23,US0023,N,N,NULL,NULL,NULL,N,NULL,NULL,NULL,NULL,NULL,NULL,21.658,NULL,NULL,NULL,NULL,,NULL,0,0,2,2,N,N,55,NULL,98,9801,NULL,,Y,37.45374,-82.52194,N,NULL,NULL,NULL,NULL,NULL,NULL,NULL,NULL,8,3,4,6,1,1,2,2,7,3,N,NULL,Y,N,1219,1226,1226,N,NULL,53,,1,N,,N,N,098-US-0023-0,NULL,NULL,2023,O,7.29E+11,098-US-0023  -000,HIGH,098-US-0023  -000,21.59,0,0,0,0,0,0,0,0,0,0,0,1,0,1
5839,72927827,KSP0900,23-340596,20230728,1546,,TOLER,,RD,KY0319,KY0319,0,098 KY-319,KY0319,N,N,NULL,NULL,NULL,N,NULL,NULL,NULL,NULL,NULL,NULL,5.738,NULL,NULL,NULL,NULL,,NULL,0,0,1,1,N,N,45,NULL,98,9842,NULL,,Y,37.62921,-82.24895,N,NULL,NULL,NULL,NULL,NULL,NULL,NULL,NULL,9,5,2,1,1,5,3,2,7,3,N,NULL,Y,N,1546,1611,1630,N,NULL,40,7,0,N,,N,N,098-KY-0319-0,NULL,NULL,2023,O,7.29E+11,098-KY-0319  -000,HIGH,098-KY-0319  -000,5.737,0,0,0,0,0,0,0,0,0,0,0,1,0,0
5840,72981128,980100,2.02E+11,20231201,1433,,KY1426,,,KY1426,KY1426,0,098 KY-1426,KY1426,N,N,NULL,NULL,NULL,N,NULL,NULL,NULL,NULL,NULL,NULL,9.148,NULL,NULL,NULL,NULL,,NULL,2,0,2,2,N,N,55,NULL,98,9801,NULL,,Y,37.50727,-82.48913,N,NULL,NULL,NULL,NULL,NULL,NULL,NULL,NULL,1,3,2,1,1,5,6,2,1,3,N,NULL,Y,Y,1433,1435,1518,N,NULL,55,,0,N,,N,N,098-KY-1426-0,NULL,NULL,2023,C,7.30E+11,098-KY-1426  -000,HIGH,098-KY-1426  -000,9.137,0,0,0,0,0,0,0,0,0,0,0,0,0,1
5841,72915792,KSP0900,23-236497,20230621,2035,,HARLESS,,CRK,,,0,098 CR-1664,CR1664,N,N,NULL,NULL,NULL,N,NULL,NULL,NULL,NULL,NULL,NULL,0.804,NULL,NULL,NULL,NULL,,NULL,1,0,1,1,N,N,20,NULL,98,9822,NULL,,Y,37.37276,-82.39938,N,NULL,NULL,NULL,NULL,NULL,NULL,NULL,NULL,9,3,1,6,1,1,2,6,7,3,N,NULL,Y,Y,2000,2035,2035,N,NULL,70,,,N,,N,N,098-CR-1664-0,NULL,NULL,2023,C,7.29E+11,098-CR-1664  -000,HIGH,098-CR-1664  -000,0.806,0,0,1,0,0,0,0,0,0,1,0,1,0,0
5842,72826148,980100,2.02E+11,20221104,1037,,MAYO TRAIL,S,LN,,,0,098 CR-1406-30,CR1406,Y,N,NULL,NULL,NULL,N,NULL,NULL,NULL,NULL,NULL,NULL,,NULL,NULL,NULL,NULL,NULL,NULL,0,0,1,1,N,N,,NULL,98,9801,NULL,,Y,37.53748,-82.60715,N,NULL,NULL,NULL,NULL,NULL,NULL,NULL,NULL,9,97,1,6,2,1,2,2,1,3,N,NULL,Y,N,1037,1045,1045,Y,NULL,90,,,N,,N,N,098-CR-1406-30,NULL,NULL,2022,O,7.28E+11,098-CR-1406  -030,HIGH,098-CR-1406  -030,0.003,0,0,0,0,0,0,0,0,0,0,0,1,0,1
5843,72812938,370200,2022382067,20221003,837,,KY195,,,KY0195,KY0195,0,098 KY-195,KY0195,N,N,NULL,NULL,NULL,N,NULL,NULL,NULL,NULL,NULL,NULL,9.945,NULL,NULL,NULL,NULL,,NULL,0,0,2,2,Y,N,35,NULL,98,9830,NULL,,Y,37.34978,-82.42356,N,NULL,NULL,NULL,NULL,NULL,NULL,NULL,NULL,7,3,2,3,1,5,3,2,7,3,N,NULL,Y,N,841,843,843,N,NULL,54,7,0,N,,N,N,098-KY-0195-0,NULL,NULL,2022,O,7.28E+11,098-KY-0195  -000,HIGH,098-KY-0195  -000,9.945,0,0,0,0,0,0,1,0,0,0,0,1,0,0
5844,72965503,KSP0900,23-431412,20231021,1602,,KY319,,,KY0319,KY0319,0,098 KY-319,KY0319,N,N,NULL,NULL,NULL,N,NULL,NULL,NULL,NULL,NULL,NULL,4.72,NULL,NULL,NULL,NULL,,NULL,0,0,2,2,Y,N,35,NULL,98,9842,NULL,,Y,37.61628,-82.24234,N,NULL,NULL,NULL,NULL,NULL,NULL,NULL,NULL,5,3,2,,1,1,2,2,7,3,N,NULL,N,N,1605,1620,1645,N,NULL,49,7,0,N,,N,N,098-KY-0319-0,NULL,NULL,2023,O,7.30E+11,098-KY-0319  -000,HIGH,098-KY-0319  -000,4.72,0,0,0,1,0,0,0,0,0,0,0,0,0,0
5845,72903931,KSP0900,23-199619,20230526,1335,,KY122,,,KY0122,KY0122,0,098 KY-122,KY0122,N,N,NULL,NULL,NULL,N,NULL,NULL,NULL,NULL,NULL,NULL,7.753,NULL,NULL,NULL,NULL,,NULL,0,0,2,2,Y,N,55,NULL,98,9823,NULL,,Y,37.38065,-82.58344,N,NULL,NULL,NULL,NULL,NULL,NULL,NULL,NULL,7,3,2,3,1,1,2,2,7,3,N,NULL,N,N,1337,1415,1445,N,NULL,54,,0,N,,N,N,098-KY-0122-0,NULL,NULL,2023,O,7.29E+11,098-KY-0122  -000,HIGH,098-KY-0122  -000,7.762,0,0,0,1,0,0,0,0,0,0,0,1,0,0
5846,72843047,980100,2.02E+11,20221213,1536,,BANK,,ST,,,0,098 CS-1106,CS1106,Y,N,NULL,NULL,NULL,N,NULL,NULL,NULL,NULL,NULL,NULL,0.042,NULL,NULL,NULL,NULL,,NULL,0,0,2,2,N,N,,NULL,98,9801,NULL,,Y,37.47562,-82.52105,N,NULL,NULL,NULL,NULL,NULL,NULL,NULL,NULL,1,97,1,6,1,1,2,2,1,3,N,NULL,Y,N,1536,1542,,N,NULL,90,,,N,,N,N,098-CS-1106-0,NULL,NULL,2022,O,7.28E+11,098-CS-1106  -000,HIGH,098-CS-1106  -000,0.042,0,0,1,0,0,0,0,0,0,0,0,0,0,1
5847,72976889,980100,2.02E+11,20231122,1359,,EAST,,ST,,,0,098 CS-1233,CS1233,Y,N,NULL,NULL,NULL,N,NULL,NULL,NULL,NULL,NULL,NULL,0.012,NULL,NULL,NULL,NULL,,NULL,0,0,2,2,N,N,15,NULL,98,9801,NULL,,Y,37.48049,-82.51865,N,NULL,NULL,NULL,NULL,NULL,NULL,NULL,NULL,2,97,,6,1,5,3,2,5,3,N,NULL,Y,N,1359,1401,1401,N,NULL,90,,,N,,N,N,098-CS-1233-0,NULL,NULL,2023,O,7.30E+11,098-CS-1233  -000,HIGH,098-CS-1233  -000,0.011,0,0,0,0,0,0,1,0,0,1,0,0,0,1
5848,72934828,KSP0900,23-346580,20230803,1110,,US119,,,US0119,US0119,0,098 US-119,US0119,Y,N,NULL,NULL,NULL,N,NULL,NULL,NULL,NULL,NULL,NULL,22.54,NULL,NULL,NULL,NULL,,NULL,0,0,2,2,N,N,10,NULL,98,9814,NULL,,Y,37.63993,-82.2585,N,NULL,NULL,NULL,NULL,NULL,NULL,NULL,NULL,2,97,2,4,1,5,6,2,7,3,N,NULL,N,N,1110,1155,1155,N,NULL,90,2,1,N,,N,N,098-US-0119-0,NULL,NULL,2023,O,7.29E+11,098-US-0119  -000,HIGH,098-US-0119  -000,22.605,0,0,0,1,0,0,1,0,0,0,0,0,0,0
5849,72900714,KSP0900,23-189363,20230519,1042,,US460,,,US0460,US0460,0,098 US-460,US0460,N,N,NULL,NULL,NULL,N,NULL,NULL,NULL,NULL,NULL,NULL,10.654,NULL,NULL,NULL,NULL,,NULL,0,0,1,1,N,N,55,NULL,98,9822,NULL,,Y,37.35411,-82.40386,N,NULL,NULL,NULL,NULL,NULL,NULL,NULL,NULL,9,3,2,3,1,1,2,2,7,3,N,NULL,Y,N,1251,1318,1318,N,NULL,38,,1,N,,N,N,098-US-0460-0,NULL,NULL,2023,O,7.29E+11,098-US-0460  -000,HIGH,098-US-0460  -000,10.634,0,0,0,0,0,0,0,0,0,0,0,0,0,0
5850,72870149,980100,2.02E+11,20230228,1123,,KY1426,,,KY1426,KY1426,,,,N,N,NULL,NULL,NULL,N,NULL,NULL,NULL,NULL,NULL,NULL,8.28,NULL,NULL,NULL,NULL,,NULL,0,0,2,2,N,N,45,NULL,98,9801,NULL,,Y,37.49535,-82.49103,N,NULL,NULL,NULL,NULL,NULL,NULL,NULL,NULL,1,3,2,4,1,1,2,2,7,3,N,NULL,N,N,1123,1131,,N,NULL,55,,0,N,,N,N,,NULL,NULL,2023,O,7.29E+11,098-KY-1426  -000,HIGH,098-KY-1426  -000,8.3,0,0,0,1,0,0,1,0,0,0,0,0,0,1
5851,72939528,KSP0900,23-371214,20230826,640,,KY80,,,KY0080,KY0080,0,098 KY-80,KY0080,N,N,NULL,NULL,NULL,N,NULL,NULL,NULL,NULL,NULL,NULL,5.651,NULL,NULL,NULL,NULL,,NULL,0,0,1,1,N,N,55,NULL,98,9802,NULL,,Y,37.29957,-82.32284,N,NULL,NULL,NULL,NULL,NULL,NULL,NULL,NULL,9,3,2,6,1,1,2,6,7,3,N,NULL,Y,N,640,842,854,N,NULL,40,7,0,N,,N,N,098-KY-0080-0,NULL,NULL,2023,O,7.29E+11,098-KY-0080  -000,HIGH,098-KY-0080  -000,5.548,0,0,0,0,0,0,0,0,0,0,0,1,0,0
5852,72928271,KSP0900,23-343319,20230731,204,,US119,,,US0119,US0119,0,098 US-119,US0119,N,N,NULL,NULL,NULL,N,NULL,NULL,NULL,NULL,NULL,NULL,10.431,NULL,NULL,NULL,NULL,,NULL,0,0,1,1,N,N,55,NULL,98,9820,NULL,,Y,37.58592,-82.39935,N,NULL,NULL,NULL,NULL,NULL,NULL,NULL,NULL,9,3,2,6,1,1,2,6,3,3,N,NULL,Y,N,204,218,218,N,NULL,38,2,1,N,,N,N,098-US-0119-0,NULL,NULL,2023,O,7.29E+11,098-US-0119  -000,HIGH,098-US-0119  -000,10.432,0,0,0,0,0,0,0,0,0,0,0,0,0,0
5853,72868302,KSP0900,23-57892,20230214,1234,,US119,,,US0119,US0119,0,098 US-119,US0119,Y,N,NULL,NULL,NULL,N,NULL,NULL,NULL,NULL,NULL,NULL,23.958,NULL,NULL,NULL,NULL,,NULL,0,0,2,2,N,N,10,NULL,98,9834,NULL,,Y,37.65489,-82.2704,N,NULL,NULL,NULL,NULL,NULL,NULL,NULL,NULL,2,97,4,6,1,1,2,2,7,3,N,NULL,Y,N,1239,1300,1315,N,NULL,90,2,1,N,,N,N,098-US-0119-0,NULL,NULL,2023,O,7.29E+11,098-US-0119  -000,HIGH,098-US-0119  -000,23.955,0,0,0,0,0,0,0,0,0,0,0,0,0,0
5854,72955278,KSP0900,23-395801,20230917,1656,,POND CREEK,,RD,KY0199,KY0199,0,098 KY-199,KY0199,N,N,NULL,NULL,NULL,N,NULL,NULL,NULL,NULL,NULL,NULL,9.596,NULL,NULL,NULL,NULL,,NULL,0,0,1,1,N,N,35,NULL,98,9851,NULL,,Y,37.57811,-82.26896,N,NULL,NULL,NULL,NULL,NULL,NULL,NULL,NULL,9,3,2,6,1,1,2,2,7,3,N,NULL,N,N,1656,1704,1730,N,NULL,44,7,0,N,,N,N,098-KY-0199-0,NULL,NULL,2023,O,7.30E+11,098-KY-0199  -000,HIGH,098-KY-0199  -000,9.595,0,0,0,1,0,0,0,0,0,0,0,1,0,0
5855,72945482,KSP0900,23-385293,20230907,2025,,FERRELLS CREEK,,RD,US0460,US0460,0,098 US-460,US0460,N,N,NULL,NULL,NULL,N,NULL,NULL,NULL,NULL,NULL,NULL,21.579,NULL,NULL,NULL,NULL,,NULL,5,0,2,2,N,N,55,NULL,98,9847,NULL,,Y,37.37836,-82.26938,N,NULL,NULL,NULL,NULL,NULL,NULL,NULL,NULL,3,3,2,4,1,1,2,6,7,3,Y,NULL,Y,Y,2025,2100,2341,N,NULL,52,,1,N,,N,N,098-US-0460-0,NULL,NULL,2023,A,7.29E+11,098-US-0460  -000,HIGH,098-US-0460  -000,21.55,0,0,0,0,0,0,0,0,0,1,0,1,0,0
5856,72870756,KSP0900,23-71463,20230224,622,,US460,,,US0460,US0460,,,,N,N,NULL,NULL,NULL,N,NULL,NULL,NULL,NULL,NULL,NULL,2.79,NULL,NULL,NULL,NULL,,NULL,0,0,2,2,N,N,55,NULL,98,9801,NULL,,Y,37.43047,-82.47916,N,NULL,NULL,NULL,NULL,NULL,NULL,NULL,NULL,7,3,2,6,1,1,2,6,7,3,N,NULL,Y,N,622,629,730,N,NULL,54,,1,N,,N,N,,NULL,NULL,2023,O,7.29E+11,098-US-0460  -000,HIGH,098-US-0460  -000,2.79,0,0,0,0,0,0,0,0,0,0,0,1,0,0
5857,72877545,980100,2.02E+11,20230315,1714,,KY1426,,,KY1426,KY1426,0,098 KY-1426,KY1426,N,N,NULL,NULL,NULL,N,NULL,NULL,NULL,NULL,NULL,NULL,7.151,NULL,NULL,NULL,NULL,,NULL,1,0,2,2,N,N,55,NULL,98,9801,NULL,,Y,37.48854,-82.50616,N,NULL,NULL,NULL,NULL,NULL,NULL,NULL,NULL,5,3,2,6,1,1,3,2,7,3,Y,NULL,Y,Y,1714,1718,1814,N,NULL,49,,0,N,,N,N,098-KY-1426-0,NULL,NULL,2023,B,7.29E+11,098-KY-1426  -000,HIGH,098-KY-1426  -000,7.151,0,0,0,0,0,0,1,0,0,0,0,0,0,1
5858,72961362,KSP0900,23-429493,20231019,1752,,US23,,,US0023,US0023,,,,N,N,NULL,NULL,NULL,N,NULL,NULL,NULL,NULL,NULL,NULL,4.766,NULL,NULL,NULL,NULL,,NULL,0,0,1,1,N,N,55,NULL,98,9809,NULL,,Y,37.28205,-82.56951,N,NULL,NULL,NULL,NULL,NULL,NULL,NULL,NULL,9,3,4,6,1,1,2,3,6,3,N,NULL,N,N,1752,1826,1900,N,NULL,70,,1,N,,N,N,,NULL,NULL,2023,O,7.30E+11,098-US-0023  -000,MEDIUM,098-US-0023  -000,4.771,0,0,0,0,0,0,0,0,0,0,0,0,0,0
5859,72896042,370200,2023-174099,20230508,713,,,,,US0119,US0119,,,,Y,N,NULL,NULL,NULL,N,NULL,NULL,NULL,NULL,NULL,NULL,0.054,NULL,NULL,NULL,NULL,NULL,NULL,0,0,2,2,N,N,55,NULL,98,9801,7,N,N,37.56116,-82.42261,N,NULL,NULL,NULL,NULL,NULL,NULL,NULL,NULL,8,97,2,6,3,1,10,2,4,3,N,NULL,Y,N,717,733,757,N,NULL,90,2,1,N,,N,N,,NULL,NULL,2023,O,7.29E+11,098-US-0119  -231,MEDIUM,098-US-0119  -231,0.051,0,1,0,1,0,0,0,0,0,0,0,0,0,0
5860,72910874,980000,2306004,20230614,1255,,STATE HWY 319,,,,,,,,Y,N,NULL,NULL,NULL,N,NULL,NULL,NULL,NULL,NULL,NULL,,NULL,NULL,NULL,NULL,NULL,NULL,0,0,2,2,N,N,10,NULL,98,9852,0.1,N,N,37.63958,-82.25804,N,NULL,NULL,NULL,NULL,NULL,NULL,NULL,NULL,2,97,2,4,1,1,3,2,1,3,N,NULL,Y,Y,1257,1300,1320,N,NULL,90,,,N,,N,N,,NULL,NULL,2023,O,7.29E+11,098-KY-0319  -000,MEDIUM,098-KY-0319  -000,6.905,0,0,0,0,0,0,1,0,0,0,0,0,0,0
5861,72949266,980100,2.02E+11,20230921,1737,,CHLOE,,RD,KY1460,KY1460,0,098 KY-1460,KY1460,N,N,NULL,NULL,NULL,N,NULL,NULL,NULL,NULL,NULL,NULL,2.585,NULL,NULL,NULL,NULL,,NULL,0,0,2,2,N,N,45,NULL,98,9801,NULL,,Y,37.46678,-82.47887,N,NULL,NULL,NULL,NULL,NULL,NULL,NULL,NULL,7,3,2,4,1,1,2,2,7,3,N,NULL,Y,N,1737,1742,1802,N,NULL,54,,0,N,,N,N,098-KY-1460-0,NULL,NULL,2023,O,7.29E+11,098-KY-1460  -000,HIGH,098-KY-1460  -000,2.56,0,0,1,0,0,0,0,0,0,0,0,1,0,1
5862,72832895,KSP0900,2022-00440008,20221116,1110,,KY1426,,,KY1426,KY1426,0,098 KY-1426,KY1426,N,N,NULL,NULL,NULL,N,NULL,NULL,NULL,NULL,NULL,NULL,14.41,NULL,NULL,NULL,NULL,,NULL,0,0,1,1,N,N,35,NULL,98,9801,7,N,N,37.55997,-82.46218,N,NULL,NULL,NULL,NULL,NULL,NULL,NULL,NULL,9,3,2,3,1,1,3,4,6,3,N,NULL,Y,N,1110,1124,1110,N,NULL,38,7,0,N,,N,N,098-KY-1426-0,NULL,NULL,2022,O,7.28E+11,098-KY-1426  -000,HIGH,098-KY-1426  -000,14.41,0,0,0,1,0,0,0,0,0,0,0,0,0,0
5863,72977748,980100,2.02E+11,20231124,1650,,CASSIDY,,BLVD,,,,,,Y,N,NULL,NULL,NULL,N,NULL,NULL,NULL,NULL,NULL,NULL,0.273,NULL,NULL,NULL,NULL,,NULL,0,0,2,2,N,N,,NULL,98,9801,NULL,,Y,37.50493,-82.53632,N,NULL,NULL,NULL,NULL,NULL,NULL,NULL,NULL,2,97,,6,1,1,2,2,1,3,N,NULL,Y,N,1650,1657,1712,N,NULL,90,,,N,,N,N,,NULL,NULL,2023,O,7.30E+11,098-CS-1191  -000,MEDIUM,098-CS-1191  -000,0.266,0,0,0,1,0,0,1,0,0,0,0,0,0,1
5864,72926298,980100,2.02E+11,20230715,2205,,CASSIDY,,BLVD,,,0,098 CS-1191,CS1191,Y,N,NULL,NULL,NULL,N,NULL,NULL,NULL,NULL,NULL,NULL,0.316,NULL,NULL,NULL,NULL,,NULL,0,0,2,2,N,N,15,NULL,98,9801,NULL,,Y,37.5052,-82.53716,N,NULL,NULL,NULL,NULL,NULL,NULL,NULL,NULL,2,97,1,6,1,5,3,5,1,3,N,NULL,Y,N,2205,2205,2218,N,NULL,90,,,N,,N,N,098-CS-1191-0,NULL,NULL,2023,O,7.29E+11,098-CS-1191  -000,HIGH,098-CS-1191  -000,0.314,0,0,0,1,0,0,1,0,0,0,0,0,0,1
5865,72866449,KSP0900,23-30213,20230124,900,,US460,,,US0460,US0460,0,098 US-460,US0460,N,N,NULL,NULL,NULL,N,NULL,NULL,NULL,NULL,NULL,NULL,1.313,NULL,NULL,NULL,NULL,,NULL,0,0,2,2,N,N,35,NULL,98,9801,NULL,,Y,37.42699,-82.50127,N,NULL,NULL,NULL,NULL,NULL,NULL,NULL,NULL,5,3,2,6,1,1,2,2,7,3,N,NULL,Y,N,816,828,816,N,NULL,49,,1,N,,N,N,098-US-0460-0,NULL,NULL,2023,O,7.29E+11,098-US-0460  -000,HIGH,098-US-0460  -000,1.314,0,0,0,0,0,0,0,1,0,0,0,0,0,0
5866,72970212,KSP0900,23-448226,20231106,624,,US23,S,,US0023,US0023,,,,N,N,NULL,NULL,NULL,N,NULL,NULL,NULL,NULL,NULL,NULL,10.228,NULL,NULL,NULL,NULL,,NULL,0,0,1,1,N,N,55,NULL,98,9827,NULL,,Y,37.34166,-82.55202,N,NULL,NULL,NULL,NULL,NULL,NULL,NULL,NULL,9,3,4,6,1,1,2,2,7,3,N,NULL,Y,N,624,647,647,N,NULL,38,,1,N,,N,N,,NULL,NULL,2023,O,7.30E+11,098-US-0023  -000,MEDIUM,098-US-0023  -000,10.222,0,0,0,0,0,0,0,0,0,0,0,0,0,0
5867,72837197,KSP0900,22-462376,20221203,1318,,BROAD BOTTOM,,RD,,,0,098 CR-1419,CR1419,N,N,NULL,NULL,NULL,N,NULL,NULL,NULL,NULL,NULL,NULL,0.104,NULL,NULL,NULL,NULL,,NULL,0,0,2,2,N,N,35,NULL,98,9801,NULL,,Y,37.53094,-82.57867,N,NULL,NULL,NULL,NULL,NULL,NULL,NULL,NULL,1,3,2,6,3,5,3,2,7,3,Y,NULL,N,N,1318,1333,1333,N,NULL,55,,,N,,N,N,098-CR-1419-0,NULL,NULL,2022,O,7.28E+11,098-CR-1419  -000,HIGH,098-CR-1419  -000,0.104,0,0,0,0,0,0,1,0,0,0,0,0,0,1
5868,72881151,980000,23-01-008,20230327,1700,,KY2167,,,KY2167,KY2167,0,098 KY-2167,KY2167,N,N,NULL,NULL,NULL,N,NULL,NULL,NULL,NULL,NULL,NULL,0.241,NULL,NULL,NULL,NULL,,NULL,0,0,2,2,N,N,35,NULL,98,9823,NULL,,Y,37.38456,-82.54089,N,NULL,NULL,NULL,NULL,NULL,NULL,NULL,NULL,5,3,2,4,1,1,2,2,7,3,N,NULL,N,Y,1745,1745,1750,N,NULL,70,7,0,N,,N,N,098-KY-2167-0,NULL,NULL,2023,O,7.29E+11,098-KY-2167  -000,HIGH,098-KY-2167  -000,0.242,0,0,0,1,0,0,1,0,0,0,0,0,0,0
5869,72937934,KSP0900,23-366243,20230821,1430,,GOODY,,LOOP,,,0,098 PR-1024,PR1024,Y,N,NULL,NULL,NULL,N,NULL,NULL,NULL,NULL,NULL,NULL,0.094,NULL,NULL,NULL,NULL,,NULL,1,0,2,2,Y,Y,,NULL,98,9834,NULL,,Y,37.65903,-82.27216,N,NULL,NULL,NULL,NULL,NULL,NULL,NULL,NULL,7,97,,6,1,1,2,2,1,3,Y,NULL,N,Y,1431,1440,1530,N,NULL,90,,,N,,N,N,098-PR-1024-0,NULL,NULL,2023,B,7.29E+11,098-PR-1024  -000,HIGH,098-PR-1024  -000,0.095,0,0,0,1,0,0,1,0,0,1,0,0,0,0
5870,72959944,980100,2.02E+11,20231014,1543,,HAMBLEY,,BLVD,,,0,098 CS-1222,CS1222,Y,N,NULL,NULL,NULL,N,NULL,NULL,NULL,NULL,NULL,NULL,0.552,NULL,NULL,NULL,NULL,,NULL,0,0,2,1,Y,N,15,NULL,98,9801,NULL,,Y,37.47906,-82.51989,N,NULL,NULL,NULL,NULL,NULL,NULL,NULL,NULL,9,97,2,6,2,1,2,2,5,3,N,NULL,Y,Y,1544,1546,,N,NULL,90,,,Y,,N,N,098-CS-1222-0,NULL,NULL,2023,O,7.30E+11,098-CS-1222  -000,HIGH,098-CS-1222  -000,0.551,0,0,0,0,0,1,1,1,0,0,0,0,0,1
5871,72913374,KSP0900,23-231056,20230617,1930,,NARROWS,,BR,,,0,098 CR-1078,CR1078,N,N,NULL,NULL,NULL,N,NULL,NULL,NULL,NULL,NULL,NULL,0.78,NULL,NULL,NULL,NULL,,NULL,0,0,2,2,N,N,35,NULL,98,9842,NULL,,Y,37.60726,-82.24837,N,NULL,NULL,NULL,NULL,NULL,NULL,NULL,NULL,7,3,1,6,1,1,2,2,7,3,N,NULL,N,N,1930,1938,1939,N,NULL,54,,,N,,N,N,098-CR-1078-0,NULL,NULL,2023,O,7.29E+11,098-CR-1078  -000,HIGH,098-CR-1078  -000,0.775,0,0,0,0,0,0,1,0,0,0,0,1,0,0