OBJECTID,MasterFile,AgencyORINumber,LocalCode,CollisionDate,CollisionTime,CollisionDayWeekCode,RoadwayName,RoadwayName_Direction_,RoadwayName_RoadwaySuffix_,RoadwayfromReport,CurrentRoadwayNumber,RoadwayNumberCoupletID,RSEUniqueGIS,RoadwayIdentifier,ParkingLotIndicator,IntersectionWith_Indicator_,IntersectionWith_NameRoadway_,IntersectionWith_Direction_,IntersectionWith_RoadwaySuffix_,BetweenStreets_Indicator_,BetweenStreets1_NameRoadway_,BetweenStreet1_Direction_,BetweenStreets1_RoadwaySuffix_,BetweenStreets2_NameRoadway_,BetweenStreets2_Direction_,BetweenStreets2_RoadwaySuffix_,Milepoint,ReportMilepointDeriveNumber,CurrentDerivedMiepointNumber,MilestoMilepoint,FeettoMilepoint,DirectionfromMilepoint_NSEW_,ValidMilepointIndicator,NumberInjured,NumberKilled,ofUnits,ofMotorVehicleUnits,Hit&RunIndicator,OneWayIndicator,SpeedLimitNumber,KilometersIndicator,CountyCode,CityCountyCode,MilesFromCity,DirectionFromCity_NSEW_,InCityLimitsIndicator,Latitude,Longitude,RampIndicator,RampFromIdentifier,RampFromDirCode,RampFromCoupletID,RSEUniqueGISRampFrom,RampToidentifier,RampToDirCode,RampToCoupletID,RSEUniqueGisRampTo,MannerofCollisionCode,LocationFirstEventCode,TotalLanes,RoadwayCharacterCode,RoadwaySurfaceCode,RoadwayConditionCode,WeatherCode,LightConditionCode,LandUseCode,SchoolBusRelatedCode,FirstAidSceneIndicator,CollDescPresentInd,InvestigationCompleteIndicator,PhotosTakenIndicator,TimeNotified,TimeArrived,TimeRoadwayOpened,PropertyDamageIndicator,DiagramPresentIndicator,DirectionalAnalysis,FunctionClassCode,NationalHwySysCode,EnforcementsIndicator,KARSCityCode,SecondaryCollisionIndicator,MedianCrossoverIndicator,RT_UNIQUE,MapIt,TimeLastLeft,YR,KABCO,MFNY,WorkingRID,RT_CONFIDENCE,KTC_RT,KTC_MP,Motorcyclist,Commercial Vehicle,Young Driver,Mature Driver,Pedestrian,Bicyclist,Distracted,Aggressive,Impaired,Unrestrained,Intersection,Roadway Departure,Median Cross-over,City Crash
5872,72818564,KSP0900,22-403180,20221019,1546,,MAYO,N,TRL,,,,,,N,N,NULL,NULL,NULL,N,NULL,NULL,NULL,NULL,NULL,NULL,0.016,NULL,NULL,NULL,NULL,,NULL,0,0,2,2,N,N,35,NULL,98,9801,NULL,,Y,37.49473,-82.53253,N,NULL,NULL,NULL,NULL,NULL,NULL,NULL,NULL,5,3,2,6,1,1,2,2,6,3,N,NULL,N,N,1546,1636,1700,N,NULL,49,,,N,,N,N,,NULL,NULL,2022,O,7.28E+11,098-PR-1326  -000,MEDIUM,098-PR-1326  -000,0.016,0,0,0,0,0,0,0,0,0,0,0,0,0,1
5873,72959156,KSP0900,23-424464,20231014,1746,,US23,,,US0023,US0023,,,,N,N,NULL,NULL,NULL,N,NULL,NULL,NULL,NULL,NULL,NULL,29.44,NULL,NULL,NULL,NULL,,NULL,0,0,2,2,N,N,45,NULL,98,9807,NULL,,Y,37.52951,-82.57564,N,NULL,NULL,NULL,NULL,NULL,NULL,NULL,NULL,4,3,6,6,1,5,6,2,7,3,N,NULL,N,N,1746,1805,1840,N,NULL,70,,1,N,,N,N,,NULL,NULL,2023,O,7.30E+11,098-US-0023  -000,MEDIUM,098-US-0023  -000,29.422,0,0,0,1,0,0,1,0,0,0,0,0,0,0
5874,72965176,980100,2.02E+11,20231027,1534,,US119,,,US0119,US0119,0,098 US-119-10,US0119,N,N,NULL,NULL,NULL,N,NULL,NULL,NULL,NULL,NULL,NULL,0.236,NULL,NULL,NULL,NULL,,NULL,1,0,2,2,N,N,55,NULL,98,9801,NULL,,Y,37.50487,-82.52805,N,NULL,NULL,NULL,NULL,NULL,NULL,NULL,NULL,5,3,2,6,1,1,2,2,1,3,Y,NULL,N,Y,1534,1539,1609,N,NULL,49,2,1,N,,N,N,098-US-0119-10,NULL,NULL,2023,C,7.30E+11,098-US-0119  -010,HIGH,098-US-0119  -000,0.236,0,0,0,0,0,0,1,0,0,0,0,0,0,1
5875,72975783,KSP0900,464817,20231120,847,,TOWN MOUNTAIN,,RD,KY1426,KY1426,0,098 KY-1426,KY1426,N,N,NULL,NULL,NULL,N,NULL,NULL,NULL,NULL,NULL,NULL,8.169,NULL,NULL,NULL,NULL,,NULL,0,0,1,1,N,N,55,NULL,98,9801,NULL,,Y,37.49374,-82.49116,N,NULL,NULL,NULL,NULL,NULL,NULL,NULL,NULL,9,3,2,4,1,1,2,2,1,3,N,NULL,N,N,847,857,857,N,NULL,38,,0,N,,N,N,098-KY-1426-0,NULL,NULL,2023,O,7.30E+11,098-KY-1426  -000,HIGH,098-KY-1426  -000,8.188,0,0,1,0,0,0,0,0,0,0,0,0,0,1
5876,72889046,980100,2.02E+11,20230418,1139,,CASSIDY,,BLVD,,,0,098 CS-1191,CS1191,Y,N,NULL,NULL,NULL,N,NULL,NULL,NULL,NULL,NULL,NULL,0.043,NULL,NULL,NULL,NULL,,NULL,0,0,2,2,N,N,,NULL,98,9801,NULL,,Y,37.50371,-82.53287,N,NULL,NULL,NULL,NULL,NULL,NULL,NULL,NULL,2,97,1,6,1,1,2,2,1,3,N,NULL,Y,N,1139,1151,1152,N,NULL,90,,,N,,N,N,098-CS-1191-0,NULL,NULL,2023,O,7.29E+11,098-CS-1191  -000,HIGH,098-CS-1191  -000,0.041,0,0,0,1,0,0,1,0,0,0,0,0,0,1
5877,72863005,KSP0900,23-47901,20230207,730,,DORTON-JENKINS,,HWY,KY0805,KY0805,0,098 KY-805,KY0805,N,N,NULL,NULL,NULL,N,NULL,NULL,NULL,NULL,NULL,NULL,2.355,NULL,NULL,NULL,NULL,,NULL,0,0,1,1,N,N,50,NULL,98,9867,NULL,,Y,37.22332,-82.56707,N,NULL,NULL,NULL,NULL,NULL,NULL,NULL,NULL,9,6,2,6,1,5,2,2,7,3,N,NULL,N,N,745,755,815,N,NULL,44,7,0,N,,N,N,098-KY-0805-0,NULL,NULL,2023,O,7.29E+11,098-KY-0805  -000,HIGH,098-KY-0805  -000,2.353,0,0,1,0,0,0,0,0,0,0,0,1,0,0
5878,72988856,KSP0900,23-490817,20231214,1633,,BALL,,FRK,,,0,098 CR-1556,CR1556,N,N,NULL,NULL,NULL,N,NULL,NULL,NULL,NULL,NULL,NULL,0.323,NULL,NULL,NULL,NULL,,NULL,0,0,1,1,N,N,20,NULL,98,9872,NULL,,Y,37.55526,-82.2515,N,NULL,NULL,NULL,NULL,NULL,NULL,NULL,NULL,9,4,1,3,1,1,2,2,7,3,N,NULL,Y,N,1635,1653,1655,N,NULL,51,,,N,,N,N,098-CR-1556-0,NULL,NULL,2023,O,7.30E+11,098-CR-1556  -000,HIGH,098-CR-1556  -000,0.325,0,0,0,1,0,0,1,0,0,0,0,1,0,0
5879,72868739,980100,2.02E+11,20230223,755,,OWSLEY,,RD,KY1384,KY1384,0,098 KY-1384,KY1384,N,N,NULL,NULL,NULL,N,NULL,NULL,NULL,NULL,NULL,NULL,1.094,NULL,NULL,NULL,NULL,,NULL,0,0,1,1,N,N,35,NULL,98,9801,NULL,,Y,37.52031,-82.61013,N,NULL,NULL,NULL,NULL,NULL,NULL,NULL,NULL,9,5,2,3,1,5,6,2,7,3,N,NULL,Y,N,756,759,800,N,NULL,51,,0,N,,N,N,098-KY-1384-0,NULL,NULL,2023,O,7.29E+11,098-KY-1384  -000,HIGH,098-KY-1384  -000,1.106,0,0,0,0,0,0,0,0,0,0,0,1,0,0
5880,72873256,KSP0900,23-90308,20230308,1322,,FISHTRAP,,RD,KY1441,KY1441,0,098 KY-1441,KY1441,N,N,NULL,NULL,NULL,N,NULL,NULL,NULL,NULL,NULL,NULL,0.525,NULL,NULL,NULL,NULL,,NULL,0,0,1,1,N,N,55,NULL,98,9832,NULL,,Y,37.40769,-82.44083,N,NULL,NULL,NULL,NULL,NULL,NULL,NULL,NULL,9,3,2,3,1,1,2,2,6,3,N,NULL,Y,N,1322,1325,1400,N,NULL,44,,5,N,,N,N,098-KY-1441-0,NULL,NULL,2023,O,7.29E+11,098-KY-1441  -000,HIGH,098-KY-1441  -000,0.512,0,0,0,1,0,0,1,0,0,0,0,1,0,0
5881,72918184,KSP0900,23-306172,20230628,1011,,KY199,,,KY0199,KY0199,0,098 KY-199,KY0199,N,N,NULL,NULL,NULL,N,NULL,NULL,NULL,NULL,NULL,NULL,10.295,NULL,NULL,NULL,NULL,,NULL,2,0,1,1,N,N,35,NULL,98,9851,NULL,,Y,37.58785,-82.27016,N,NULL,NULL,NULL,NULL,NULL,NULL,NULL,NULL,9,3,2,6,1,1,2,2,7,3,Y,NULL,Y,N,1011,1030,1100,N,NULL,38,7,0,Y,,N,N,098-KY-0199-0,NULL,NULL,2023,B,7.29E+11,098-KY-0199  -000,HIGH,098-KY-0199  -000,10.295,1,0,0,0,0,0,0,0,0,0,0,1,0,0
5882,72855846,KSP0900,23-21800,20230117,1720,,KY1426,,,KY1426,KY1426,0,098 KY-1426,KY1426,N,N,NULL,NULL,NULL,N,NULL,NULL,NULL,NULL,NULL,NULL,10.795,NULL,NULL,NULL,NULL,,NULL,0,0,2,2,N,N,55,NULL,98,9801,NULL,,Y,37.52198,-82.4734,N,NULL,NULL,NULL,NULL,NULL,NULL,NULL,NULL,5,3,2,6,1,5,2,2,7,3,N,NULL,Y,N,1720,1720,1720,N,NULL,49,7,0,N,,N,N,098-KY-1426-0,NULL,NULL,2023,O,7.29E+11,098-KY-1426  -000,HIGH,098-KY-1426  -000,10.882,0,0,0,0,0,0,1,0,0,0,0,0,0,0
5883,72857520,980100,2.02E+11,20230121,1747,,US23,,,US0023,US0023,0,098 US-23-10,US0023,N,N,NULL,NULL,NULL,N,NULL,NULL,NULL,NULL,NULL,NULL,26.408,NULL,NULL,NULL,NULL,,NULL,0,0,2,2,N,N,55,NULL,98,9801,NULL,,Y,37.50538,-82.53275,N,NULL,NULL,NULL,NULL,NULL,NULL,NULL,NULL,5,3,5,6,1,1,2,2,7,3,N,NULL,Y,N,1747,1804,,N,NULL,49,,1,Y,,N,N,098-US-0023-10,NULL,NULL,2023,O,7.29E+11,098-US-0023  -010,HIGH,098-US-0023  -000,26.345,0,0,0,0,0,0,0,0,1,0,0,0,0,1
5884,72866524,980100,2.02E+11,20230216,1853,,BOB AMOS,,DR,,,0,098 CS-1025,CS1025,N,N,NULL,NULL,NULL,N,NULL,NULL,NULL,NULL,NULL,NULL,1.43,NULL,NULL,NULL,NULL,,NULL,0,0,1,1,N,N,15,NULL,98,9801,NULL,,Y,37.47057,-82.54002,N,NULL,NULL,NULL,NULL,NULL,NULL,NULL,NULL,9,97,1,6,1,5,6,4,1,3,N,NULL,Y,N,1853,1859,1859,N,NULL,40,,,N,,N,N,098-CS-1025-0,NULL,NULL,2023,O,7.29E+11,098-CS-1025  -000,HIGH,098-CS-1025  -000,1.439,0,0,0,0,0,0,0,0,0,0,0,1,0,1
5885,72841394,980000,22-12-001,20221209,100,,VIRGIE,,RD,KY0610,KY0610,0,098 KY-610,KY0610,Y,N,NULL,NULL,NULL,N,NULL,NULL,NULL,NULL,NULL,NULL,7.317,NULL,NULL,NULL,NULL,,NULL,0,0,1,1,N,N,5,NULL,98,9827,30,S,N,37.33301,-82.58006,N,NULL,NULL,NULL,NULL,NULL,NULL,NULL,NULL,9,97,2,6,1,1,2,2,1,3,N,NULL,Y,Y,1200,100,115,Y,NULL,90,7,0,N,,N,N,098-KY-0610-0,NULL,NULL,2022,O,7.28E+11,098-KY-0610  -000,HIGH,098-KY-0610  -000,7.317,0,0,0,0,0,0,1,0,0,0,0,1,0,0
5886,72938254,KSP0900,23-360498,20230816,1145,,KY194,,,KY0194,KY0194,0,098 KY-194,KY0194,N,N,NULL,NULL,NULL,N,NULL,NULL,NULL,NULL,NULL,NULL,60.051,NULL,NULL,NULL,NULL,,NULL,0,0,1,1,N,N,35,NULL,98,9811,NULL,,Y,37.55992,-82.1478,N,NULL,NULL,NULL,NULL,NULL,NULL,NULL,NULL,9,3,2,3,1,1,2,2,7,3,N,NULL,Y,N,1145,1300,1145,N,NULL,44,7,0,N,,N,N,098-KY-0194-0,NULL,NULL,2023,O,7.29E+11,098-KY-0194  -000,HIGH,098-KY-0194  -000,60.05,0,0,0,0,0,0,0,0,0,0,0,1,0,0
5887,72953892,980000,23-10-001,20231001,1130,,GARDEN SPRINGS,,RD,,,0,098 CR-1810,CR1810,N,N,NULL,NULL,NULL,N,NULL,NULL,NULL,NULL,NULL,NULL,,NULL,NULL,NULL,NULL,NULL,NULL,0,0,2,2,N,N,35,NULL,98,9879,8.1,NE,N,37.5228,-82.2195,N,NULL,NULL,NULL,NULL,NULL,NULL,NULL,NULL,7,97,1,4,1,1,2,2,6,3,N,NULL,Y,N,1015,1118,1200,N,NULL,54,,,N,,N,N,098-CR-1810-0,NULL,NULL,2023,O,7.30E+11,098-CR-1810  -000,HIGH,098-CR-1810  -000,0.103,0,0,0,0,0,0,1,0,0,0,0,1,0,0
5888,72899104,KSP0900,23-181081,20230512,16,,MARIONS,,BR,,,0,098 CR-1268,CR1268,N,N,NULL,NULL,NULL,N,NULL,NULL,NULL,NULL,NULL,NULL,0.332,NULL,NULL,NULL,NULL,,NULL,0,0,1,1,N,N,45,NULL,98,9802,NULL,,Y,37.43805,-82.53609,N,NULL,NULL,NULL,NULL,NULL,NULL,NULL,NULL,9,3,2,6,1,5,6,6,7,3,N,NULL,Y,N,18,39,,N,NULL,44,,,N,,N,N,098-CR-1268-0,NULL,NULL,2023,O,7.29E+11,098-CR-1268  -000,MEDIUM,098-CR-1268  -000,0,0,0,0,0,0,0,0,0,0,0,0,1,0,0
5889,72884319,KSP0900,23-131563,20230407,855,,KY1426,,,KY1426,KY1426,0,098 KY-1426,KY1426,N,N,NULL,NULL,NULL,N,NULL,NULL,NULL,NULL,NULL,NULL,12.533,NULL,NULL,NULL,NULL,,NULL,0,0,1,1,N,N,55,NULL,98,9828,NULL,,Y,37.54332,-82.46773,N,NULL,NULL,NULL,NULL,NULL,NULL,NULL,NULL,9,3,2,3,1,5,6,2,7,3,Y,NULL,Y,N,850,855,900,N,NULL,44,7,0,N,,N,N,098-KY-1426-0,NULL,NULL,2023,O,7.29E+11,098-KY-1426  -000,HIGH,098-KY-1426  -000,12.532,0,0,0,1,0,0,0,0,0,0,0,1,0,0
5890,72982191,KSP0900,23-479027,20231203,1813,,BRUSHY,,RD,KY0881,KY0881,0,098 KY-881,KY0881,N,N,NULL,NULL,NULL,N,NULL,NULL,NULL,NULL,NULL,NULL,3.827,NULL,NULL,NULL,NULL,,NULL,0,0,1,1,N,N,55,NULL,98,9820,NULL,,Y,37.61187,-82.41149,N,NULL,NULL,NULL,NULL,NULL,NULL,NULL,NULL,9,3,2,6,1,1,2,6,7,3,N,NULL,Y,N,1813,1835,1835,N,NULL,38,8,0,N,,N,N,098-KY-0881-0,NULL,NULL,2023,O,7.30E+11,098-KY-0881  -000,HIGH,098-KY-0881  -000,3.83,0,0,0,0,0,0,0,0,0,0,0,0,0,0
5891,72946251,KSP0900,23-389324,20230911,1532,,GREASY,,CRK,KY3226,KY3226,0,098 KY-3226,KY3226,N,N,NULL,NULL,NULL,N,NULL,NULL,NULL,NULL,NULL,NULL,0.351,NULL,NULL,NULL,NULL,,NULL,1,0,1,1,N,N,45,NULL,98,9841,NULL,,Y,37.38368,-82.47353,N,NULL,NULL,NULL,NULL,NULL,NULL,NULL,NULL,9,3,2,6,1,1,2,2,6,3,Y,NULL,Y,N,1532,1545,1615,N,NULL,70,8,0,N,,N,N,098-KY-3226-0,NULL,NULL,2023,C,7.29E+11,098-KY-3226  -000,HIGH,098-KY-3226  -000,0.351,0,0,0,0,0,0,1,0,0,0,0,1,0,0
5892,72881296,KSP0900,23-108006,20230321,1530,,KY1426,,,KY1426,KY1426,0,098 KY-1426,KY1426,N,N,NULL,NULL,NULL,N,NULL,NULL,NULL,NULL,NULL,NULL,14.539,NULL,NULL,NULL,NULL,,NULL,0,0,2,2,N,N,35,NULL,98,9828,NULL,,Y,37.5622,-82.46185,N,NULL,NULL,NULL,NULL,NULL,NULL,NULL,NULL,5,3,2,6,1,1,2,2,7,3,N,NULL,Y,N,1530,1530,1530,N,NULL,49,7,0,N,,N,N,098-KY-1426-0,NULL,NULL,2023,O,7.29E+11,098-KY-1426  -000,HIGH,098-KY-1426  -000,14.577,0,0,0,0,0,0,0,0,0,0,0,0,0,0
5893,72944533,980100,2.02E+11,20230909,1834,,BANK,,ST,,,0,098 CS-1106,CS1106,Y,N,NULL,NULL,NULL,N,NULL,NULL,NULL,NULL,NULL,NULL,0.064,NULL,NULL,NULL,NULL,,NULL,0,0,2,1,Y,N,,NULL,98,9801,NULL,,Y,37.47582,-82.52074,N,NULL,NULL,NULL,NULL,NULL,NULL,NULL,NULL,2,97,,6,1,5,3,2,6,3,N,NULL,Y,N,1834,1855,,N,NULL,90,,,Y,,N,N,098-CS-1106-0,NULL,NULL,2023,O,7.29E+11,098-CS-1106  -000,HIGH,098-CS-1106  -000,0.063,0,0,1,0,0,0,1,0,0,0,0,0,0,1
5894,72960973,980100,2.02E+11,20231012,637,,BYPASS,S,RD,KY1426,KY1426,0,098 KY-1426,KY1426,Y,N,NULL,NULL,NULL,N,NULL,NULL,NULL,NULL,NULL,NULL,5.671,NULL,NULL,NULL,NULL,,NULL,0,0,2,2,N,N,5,NULL,98,9801,NULL,,Y,37.47268,-82.52319,N,NULL,NULL,NULL,NULL,NULL,NULL,NULL,NULL,7,97,2,3,2,1,2,8,5,3,N,NULL,Y,N,637,641,641,N,NULL,90,,0,N,,N,N,098-KY-1426-0,NULL,NULL,2023,O,7.30E+11,098-KY-1426  -000,HIGH,098-KY-1426  -000,5.671,0,0,0,0,0,0,1,0,0,0,0,0,0,1
5895,72930869,370200,2023-346621,20230803,1201,,US23,,,US0023,US0023,0,098 US-23,US0023,N,N,NULL,NULL,NULL,N,NULL,NULL,NULL,NULL,NULL,NULL,16.206,NULL,NULL,NULL,NULL,,NULL,3,0,2,2,N,N,55,NULL,98,9801,NULL,,Y,37.41264,-82.53168,N,NULL,NULL,NULL,NULL,NULL,NULL,NULL,NULL,5,3,4,4,1,5,6,2,7,3,Y,NULL,Y,Y,1210,1220,1245,N,NULL,49,,1,N,,N,N,098-US-0023-0,NULL,NULL,2023,C,7.29E+11,098-US-0023  -000,HIGH,098-US-0023  -000,16.191,0,0,0,1,0,0,1,0,0,0,0,0,0,0
5896,72950725,KSP0900,23-213853,20230605,1420,,KY1426,,,KY1426,KY1426,0,098 KY-1426,KY1426,N,N,NULL,NULL,NULL,N,NULL,NULL,NULL,NULL,NULL,NULL,15.8,NULL,NULL,NULL,NULL,,NULL,0,0,2,2,N,N,55,NULL,98,9820,NULL,,Y,37.56471,-82.44578,N,NULL,NULL,NULL,NULL,NULL,NULL,NULL,NULL,8,3,2,6,1,1,2,2,7,3,N,NULL,Y,N,1425,1445,1420,N,NULL,53,7,0,N,,N,N,098-KY-1426-0,NULL,NULL,2023,O,7.30E+11,098-KY-1426  -000,HIGH,098-KY-1426  -000,15.796,0,1,0,0,0,0,0,0,0,0,0,1,0,0
5897,72962604,KSP0900,23-431578,20231018,1800,,VIRGIE,,RD,KY0610,KY0610,0,098 KY-610,KY0610,N,N,NULL,NULL,NULL,N,NULL,NULL,NULL,NULL,NULL,NULL,6.414,NULL,NULL,NULL,NULL,,NULL,0,0,1,1,N,N,55,NULL,98,9816,NULL,,Y,37.32376,-82.58538,N,NULL,NULL,NULL,NULL,NULL,NULL,NULL,NULL,9,3,2,3,1,1,2,2,7,3,N,NULL,N,N,1800,1819,,Y,NULL,44,7,0,N,,N,N,098-KY-0610-0,NULL,NULL,2023,O,7.30E+11,098-KY-0610  -000,HIGH,098-KY-0610  -000,6.418,0,0,0,0,0,0,0,0,0,0,0,1,0,0
5898,72807473,980100,2.02E+11,20220920,1643,,KY3496 TURN LANE,,,KY3496,KY3496,0,098 KY-3496-20,KY3496,N,N,NULL,NULL,NULL,N,NULL,NULL,NULL,NULL,NULL,NULL,0.025,NULL,NULL,NULL,NULL,,NULL,0,0,2,2,N,N,35,NULL,98,9801,NULL,,Y,37.46557,-82.52829,N,NULL,NULL,NULL,NULL,NULL,NULL,NULL,NULL,5,3,2,6,1,1,2,2,1,3,N,NULL,Y,N,1643,1647,,N,NULL,49,16,0,N,,N,N,098-KY-3496-20,NULL,NULL,2022,O,7.28E+11,098-KY-3496  -020,HIGH,098-KY-3496  -020,0.025,0,0,0,0,0,0,1,0,0,0,0,0,0,1
5899,72926995,KSP0900,23-338872,20230727,608,,POWER,,DR,,,0,098 CS-3012,CS3012,N,N,NULL,NULL,NULL,N,NULL,NULL,NULL,NULL,NULL,NULL,0.003,NULL,NULL,NULL,NULL,,NULL,0,0,2,2,N,N,55,NULL,98,9807,NULL,,Y,37.51529,-82.55934,N,NULL,NULL,NULL,NULL,NULL,NULL,NULL,NULL,2,3,2,6,1,1,2,3,1,3,N,NULL,Y,N,608,649,630,N,NULL,56,,,N,,N,N,098-CS-3012-0,NULL,NULL,2023,O,7.29E+11,098-CS-3012  -000,HIGH,098-CS-3012  -000,0.004,0,0,0,0,0,0,1,0,0,0,0,0,0,0
5900,72954196,980100,2.02E+11,20231001,1543,,CASSIDY,,BLVD,,,,,,Y,N,NULL,NULL,NULL,N,NULL,NULL,NULL,NULL,NULL,NULL,0.348,NULL,NULL,NULL,NULL,,NULL,0,0,2,2,N,N,15,NULL,98,9801,NULL,,Y,37.50526,-82.5379,N,NULL,NULL,NULL,NULL,NULL,NULL,NULL,NULL,2,97,,6,1,1,2,2,1,3,N,NULL,Y,N,1543,1551,,N,NULL,90,,,N,,N,N,,NULL,NULL,2023,O,7.30E+11,098-CS-1191  -000,MEDIUM,098-CS-1191  -000,0.354,0,0,0,0,0,0,1,1,0,0,0,0,0,1
5901,72884185,980100,2.02E+11,20230405,947,,BAIRD,,AVE,KY1426,KY1426,0,098 KY-1426,KY1426,Y,N,NULL,NULL,NULL,N,NULL,NULL,NULL,NULL,NULL,NULL,5.394,NULL,NULL,NULL,NULL,,NULL,0,0,2,2,N,N,,NULL,98,9801,NULL,,Y,37.47329,-82.52712,N,NULL,NULL,NULL,NULL,NULL,NULL,NULL,NULL,5,97,2,6,1,1,2,2,1,3,N,NULL,Y,N,948,952,953,N,NULL,90,,0,N,,N,N,098-KY-1426-0,NULL,NULL,2023,O,7.29E+11,098-KY-1426  -000,HIGH,098-KY-1426  -000,5.395,0,0,0,1,0,0,0,0,0,0,0,0,0,1
5902,72956689,980100,2.02E+11,20231002,1530,,US23,,,US0023,US0023,,,,N,N,NULL,NULL,NULL,N,NULL,NULL,NULL,NULL,NULL,NULL,25.565,NULL,NULL,NULL,NULL,,NULL,3,0,3,3,N,Y,55,NULL,98,9801,NULL,,Y,37.49385,-82.53283,N,NULL,NULL,NULL,NULL,NULL,NULL,NULL,NULL,5,3,2,6,1,1,2,2,7,3,Y,NULL,Y,Y,1531,1536,,N,NULL,49,,1,Y,,N,N,,NULL,NULL,2023,B,7.30E+11,098-US-0023  -000,MEDIUM,098-US-0023  -000,25.503,0,0,0,1,0,0,1,0,0,0,0,0,0,1
5903,72832119,980100,2.02E+11,20221119,155,,US23,,,US0023,US0023,0,098 US-23-10,US0023,N,N,NULL,NULL,NULL,N,NULL,NULL,NULL,NULL,NULL,NULL,30.587,NULL,NULL,NULL,NULL,,NULL,0,0,1,1,N,N,55,NULL,98,9801,NULL,,Y,37.54266,-82.58655,N,NULL,NULL,NULL,NULL,NULL,NULL,NULL,NULL,9,3,4,3,1,1,2,6,7,3,N,NULL,Y,N,155,156,231,N,NULL,38,,1,N,,N,N,098-US-0023-10,NULL,NULL,2022,O,7.28E+11,098-US-0023  -010,HIGH,098-US-0023  -000,30.587,0,0,0,0,0,0,0,0,0,0,0,0,0,1
5904,72863396,KSP0900,23-49357,20230207,759,,KY194,W,,KY0194,KY0194,0,098 KY-194,KY0194,N,N,NULL,NULL,NULL,N,NULL,NULL,NULL,NULL,NULL,NULL,15.996,NULL,NULL,NULL,NULL,,NULL,0,0,1,1,N,N,45,NULL,98,9887,NULL,,Y,37.56771,-82.46614,N,NULL,NULL,NULL,NULL,NULL,NULL,NULL,NULL,9,3,2,2,1,5,3,2,7,3,N,NULL,N,N,759,811,811,N,NULL,38,7,0,N,,N,N,098-KY-0194-0,NULL,NULL,2023,O,7.29E+11,098-KY-0194  -000,HIGH,098-KY-0194  -000,15.986,0,0,0,0,0,0,0,0,0,0,0,0,0,0
5905,72935506,980100,2.02E+11,20230814,1407,,CASSIDY,,BLVD,,,0,098 CS-1191,CS1191,Y,N,NULL,NULL,NULL,N,NULL,NULL,NULL,NULL,NULL,NULL,0.04,NULL,NULL,NULL,NULL,,NULL,0,0,2,2,N,N,,NULL,98,9801,NULL,,Y,37.5037,-82.53281,N,NULL,NULL,NULL,NULL,NULL,NULL,NULL,NULL,1,97,1,6,1,1,2,2,1,3,N,NULL,Y,N,1407,1416,1417,N,NULL,90,,,N,,N,N,098-CS-1191-0,NULL,NULL,2023,O,7.29E+11,098-CS-1191  -000,HIGH,098-CS-1191  -000,0.038,0,0,0,0,0,0,1,0,0,0,0,0,0,1
5906,72880213,980100,2.02E+11,20230325,2241,,US23,,,US0023,US0023,0,098 US-23,US0023,N,N,NULL,NULL,NULL,N,NULL,NULL,NULL,NULL,NULL,NULL,26.637,NULL,NULL,NULL,NULL,,NULL,0,0,1,1,N,N,55,NULL,98,9801,NULL,,Y,37.5079,-82.53539,N,NULL,NULL,NULL,NULL,NULL,NULL,NULL,NULL,9,3,4,3,1,1,2,6,7,3,N,NULL,Y,N,2243,2247,,N,NULL,70,,1,N,,N,N,098-US-0023-0,NULL,NULL,2023,O,7.29E+11,098-US-0023  -000,HIGH,098-US-0023  -000,26.583,0,0,1,0,0,0,0,0,0,0,0,0,0,1
5907,72852168,980100,2.02E+11,20221220,1323,,CASSIDY,,BLVD,,,0,098 CS-1191,CS1191,Y,N,NULL,NULL,NULL,N,NULL,NULL,NULL,NULL,NULL,NULL,0.065,NULL,NULL,NULL,NULL,,NULL,0,0,2,2,N,N,15,NULL,98,9801,NULL,,Y,37.50366,-82.5332,N,NULL,NULL,NULL,NULL,NULL,NULL,NULL,NULL,2,97,1,6,1,1,2,2,1,3,N,NULL,Y,N,1323,1331,,N,NULL,90,,,N,,N,N,098-CS-1191-0,NULL,NULL,2022,O,7.29E+11,098-CS-1191  -000,HIGH,098-CS-1191  -000,0.065,0,0,0,0,0,0,1,0,0,0,0,0,0,1
5908,72877299,980100,2.02E+11,20230314,920,,SAAD,,AVE,,,0,098 CS-1165,CS1165,Y,N,NULL,NULL,NULL,N,NULL,NULL,NULL,NULL,NULL,NULL,0.052,NULL,NULL,NULL,NULL,,NULL,0,0,2,2,N,N,,NULL,98,9801,NULL,,Y,37.48268,-82.52022,N,NULL,NULL,NULL,NULL,NULL,NULL,NULL,NULL,1,97,1,6,1,1,2,2,6,3,N,NULL,Y,N,920,922,922,N,NULL,90,,,N,,N,N,098-CS-1165-0,NULL,NULL,2023,O,7.29E+11,098-CS-1165  -000,HIGH,098-CS-1165  -000,0.044,0,0,0,0,0,0,0,0,0,0,0,0,0,1
5909,72966553,980100,2.02E+11,20231030,1421,,,,,US0023,US0023,,,,N,N,NULL,NULL,NULL,N,NULL,NULL,NULL,NULL,NULL,NULL,0.074,NULL,NULL,NULL,NULL,NULL,NULL,1,0,1,1,N,N,55,NULL,98,9801,NULL,,Y,37.43695,-82.51054,N,NULL,NULL,NULL,NULL,NULL,NULL,NULL,NULL,9,3,2,1,1,5,6,2,7,3,Y,NULL,Y,N,1421,1421,1500,Y,NULL,40,,1,N,,N,N,,NULL,NULL,2023,C,7.30E+11,098-US-0023  -421,MEDIUM,098-US-0023  -421,0.074,0,0,1,0,0,0,0,0,0,0,0,1,0,1