OBJECTID,MasterFile,AgencyORINumber,LocalCode,CollisionDate,CollisionTime,CollisionDayWeekCode,RoadwayName,RoadwayName_Direction_,RoadwayName_RoadwaySuffix_,RoadwayfromReport,CurrentRoadwayNumber,RoadwayNumberCoupletID,RSEUniqueGIS,RoadwayIdentifier,ParkingLotIndicator,IntersectionWith_Indicator_,IntersectionWith_NameRoadway_,IntersectionWith_Direction_,IntersectionWith_RoadwaySuffix_,BetweenStreets_Indicator_,BetweenStreets1_NameRoadway_,BetweenStreet1_Direction_,BetweenStreets1_RoadwaySuffix_,BetweenStreets2_NameRoadway_,BetweenStreets2_Direction_,BetweenStreets2_RoadwaySuffix_,Milepoint,ReportMilepointDeriveNumber,CurrentDerivedMiepointNumber,MilestoMilepoint,FeettoMilepoint,DirectionfromMilepoint_NSEW_,ValidMilepointIndicator,NumberInjured,NumberKilled,ofUnits,ofMotorVehicleUnits,Hit&RunIndicator,OneWayIndicator,SpeedLimitNumber,KilometersIndicator,CountyCode,CityCountyCode,MilesFromCity,DirectionFromCity_NSEW_,InCityLimitsIndicator,Latitude,Longitude,RampIndicator,RampFromIdentifier,RampFromDirCode,RampFromCoupletID,RSEUniqueGISRampFrom,RampToidentifier,RampToDirCode,RampToCoupletID,RSEUniqueGisRampTo,MannerofCollisionCode,LocationFirstEventCode,TotalLanes,RoadwayCharacterCode,RoadwaySurfaceCode,RoadwayConditionCode,WeatherCode,LightConditionCode,LandUseCode,SchoolBusRelatedCode,FirstAidSceneIndicator,CollDescPresentInd,InvestigationCompleteIndicator,PhotosTakenIndicator,TimeNotified,TimeArrived,TimeRoadwayOpened,PropertyDamageIndicator,DiagramPresentIndicator,DirectionalAnalysis,FunctionClassCode,NationalHwySysCode,EnforcementsIndicator,KARSCityCode,SecondaryCollisionIndicator,MedianCrossoverIndicator,RT_UNIQUE,MapIt,TimeLastLeft,YR,KABCO,MFNY,WorkingRID,RT_CONFIDENCE,KTC_RT,KTC_MP,Motorcyclist,Commercial Vehicle,Young Driver,Mature Driver,Pedestrian,Bicyclist,Distracted,Aggressive,Impaired,Unrestrained,Intersection,Roadway Departure,Median Cross-over,City Crash
5910,72981103,980100,2.02E+11,20231129,1656,,HAMBLEY,,BLVD,,,0,098 CS-1222,CS1222,N,Y,6TH,,ST,N,NULL,NULL,NULL,NULL,NULL,NULL,0.901,NULL,NULL,NULL,NULL,,NULL,1,0,2,2,N,N,35,NULL,98,9801,NULL,,Y,37.48358,-82.5203,N,NULL,NULL,NULL,NULL,NULL,NULL,NULL,NULL,1,3,2,6,1,1,2,2,1,3,N,NULL,Y,Y,1658,1701,1701,N,NULL,10,,,Y,,N,N,098-CS-1222-0,NULL,NULL,2023,B,7.30E+11,098-CS-1222  -000,HIGH,098-CS-1222  -000,0.9,0,0,0,0,0,0,0,1,1,0,1,0,0,1
5911,72887410,980100,2.02E+11,20230405,2142,,LEE,,AVE,,,,,,N,N,NULL,NULL,NULL,N,NULL,NULL,NULL,NULL,NULL,NULL,,NULL,NULL,NULL,NULL,NULL,NULL,0,0,2,2,N,N,25,NULL,98,9801,NULL,,Y,37.50306,-82.53511,N,NULL,NULL,NULL,NULL,NULL,NULL,NULL,NULL,8,3,2,6,1,5,6,5,1,3,N,NULL,Y,N,2142,2148,2148,N,NULL,53,,,N,,N,N,,NULL,NULL,2023,O,7.29E+11,098-CS-1261  -000,MEDIUM,098-CS-1261  -000,0.004,0,0,0,0,0,0,1,0,0,0,0,1,0,1
5912,72964517,KSP0900,23-412158,20231003,700,,KY194,,,KY0194,KY0194,0,098 KY-194,KY0194,N,N,NULL,NULL,NULL,N,NULL,NULL,NULL,NULL,NULL,NULL,61.944,NULL,NULL,NULL,NULL,,NULL,1,0,1,1,N,N,35,NULL,98,9811,NULL,,Y,37.55167,-82.13131,N,NULL,NULL,NULL,NULL,NULL,NULL,NULL,NULL,9,3,2,6,1,1,10,1,7,3,Y,NULL,Y,Y,705,720,815,N,NULL,44,7,0,N,,N,N,098-KY-0194-0,NULL,NULL,2023,B,7.30E+11,098-KY-0194  -000,HIGH,098-KY-0194  -000,61.961,0,0,0,0,0,0,0,0,0,0,0,1,0,0
5913,72954151,980100,2.02E+11,20230930,644,,KY3496,,,KY3496,KY3496,0,098 KY-3496,KY3496,Y,N,NULL,NULL,NULL,N,NULL,NULL,NULL,NULL,NULL,NULL,0.828,NULL,NULL,NULL,NULL,,NULL,0,0,2,2,N,N,,NULL,98,9801,NULL,,Y,37.47186,-82.52909,N,NULL,NULL,NULL,NULL,NULL,NULL,NULL,NULL,2,97,2,6,1,1,2,5,1,3,N,NULL,Y,N,644,647,647,N,NULL,90,16,0,N,,N,N,098-KY-3496-0,NULL,NULL,2023,O,7.30E+11,098-KY-3496  -000,HIGH,098-KY-3496  -000,0.824,0,0,0,0,0,0,1,0,0,0,0,0,0,1
5914,72950616,980500,2023AR044,20230922,1354,,US 23 SOUTH,,,,,,,,N,N,NULL,NULL,NULL,N,NULL,NULL,NULL,NULL,NULL,NULL,,NULL,NULL,NULL,NULL,NULL,NULL,0,0,2,2,N,N,45,NULL,98,9807,NULL,,Y,37.52642,-82.57401,N,NULL,NULL,NULL,NULL,NULL,NULL,NULL,NULL,5,3,6,6,1,1,2,2,7,3,N,NULL,Y,Y,1254,1254,1254,N,NULL,49,,,N,,N,N,,NULL,NULL,2023,O,7.30E+11,098-US-0023  -010,MEDIUM,098-US-0023  -000,29.192,0,0,1,0,0,0,1,1,0,0,0,0,0,0
5915,72976954,KSP0900,23-467631,20231122,1741,,MALL,S,RD,,,0,098 PR-1010,PR1010,Y,N,NULL,NULL,NULL,N,NULL,NULL,NULL,NULL,NULL,NULL,0.32,NULL,NULL,NULL,NULL,,NULL,0,0,2,2,N,Y,,NULL,98,9834,NULL,,Y,37.65546,-82.27347,N,NULL,NULL,NULL,NULL,NULL,NULL,NULL,NULL,1,97,,5,1,5,3,5,5,3,N,NULL,Y,N,1741,1750,1750,N,NULL,90,,,N,,N,N,098-PR-1010-0,NULL,NULL,2023,O,7.30E+11,098-PR-1010  -000,HIGH,098-PR-1010  -000,0.355,0,0,0,0,0,0,1,0,0,0,0,0,0,0
5916,72927252,980100,2.02E+11,20230721,1659,,HUFFMAN,,AVE,,,0,098 CS-1123,CS1123,N,N,NULL,NULL,NULL,N,NULL,NULL,NULL,NULL,NULL,NULL,0.018,NULL,NULL,NULL,NULL,,NULL,0,0,2,2,N,N,15,NULL,98,9801,NULL,,Y,37.47704,-82.51734,N,NULL,NULL,NULL,NULL,NULL,NULL,NULL,NULL,1,3,2,6,1,1,2,2,7,3,N,NULL,Y,N,1659,1703,1703,N,NULL,55,,,N,,N,N,098-CS-1123-0,NULL,NULL,2023,O,7.29E+11,098-CS-1123  -000,HIGH,098-CS-1123  -000,0.018,0,0,0,0,0,0,1,0,0,0,0,0,0,1
5917,72881981,980100,2.02E+11,20230325,2311,,US23,,,US0023,US0023,0,098 US-23,US0023,N,N,NULL,NULL,NULL,N,NULL,NULL,NULL,NULL,NULL,NULL,27.147,NULL,NULL,NULL,NULL,,NULL,0,0,1,1,N,N,55,NULL,98,9801,NULL,,Y,37.51051,-82.54417,N,NULL,NULL,NULL,NULL,NULL,NULL,NULL,NULL,9,3,4,6,1,97,2,7,7,3,N,NULL,Y,N,2311,2311,2337,N,NULL,70,,1,N,,N,N,098-US-0023-0,NULL,NULL,2023,O,7.29E+11,098-US-0023  -000,HIGH,098-US-0023  -000,27.117,0,0,0,0,0,0,0,0,0,0,0,0,0,1
5918,72945680,980100,2.02E+11,20230907,1211,,HAROLDS BRANCH,,RD,,,0,098 CS-1223,CS1223,Y,N,NULL,NULL,NULL,N,NULL,NULL,NULL,NULL,NULL,NULL,0.037,NULL,NULL,NULL,NULL,,NULL,0,0,2,2,N,N,10,NULL,98,9801,NULL,,Y,37.47229,-82.52256,N,NULL,NULL,NULL,NULL,NULL,NULL,NULL,NULL,2,97,,4,2,1,2,2,1,3,N,NULL,Y,N,1211,1218,1218,N,NULL,90,,,N,,N,N,098-CS-1223-0,NULL,NULL,2023,O,7.29E+11,098-CS-1223  -000,HIGH,098-CS-1223  -000,0.037,0,0,0,1,0,0,1,0,0,0,0,0,0,1
5919,72860328,980100,2.02E+11,20230131,1120,,US23,,,US0023,US0023,0,098 US-23,US0023,N,N,NULL,NULL,NULL,N,NULL,NULL,NULL,NULL,NULL,NULL,21.714,NULL,NULL,NULL,NULL,,NULL,0,0,2,2,N,N,55,NULL,98,9801,NULL,,Y,37.45435,-82.5213,N,NULL,NULL,NULL,NULL,NULL,NULL,NULL,NULL,8,3,4,6,1,5,6,2,7,3,N,NULL,Y,N,1120,1127,1129,N,NULL,53,,1,Y,,N,N,098-US-0023-0,NULL,NULL,2023,O,7.29E+11,098-US-0023  -000,HIGH,098-US-0023  -000,21.645,0,0,0,0,0,0,1,0,0,1,0,1,0,1
5920,72888159,980100,2.02E+11,20230414,1554,,THOMPSON,,RD,,,0,098 CS-1215,CS1215,Y,N,NULL,NULL,NULL,N,NULL,NULL,NULL,NULL,NULL,NULL,0.527,NULL,NULL,NULL,NULL,,NULL,0,0,2,2,Y,N,,NULL,98,9801,NULL,,Y,37.50594,-82.5432,N,NULL,NULL,NULL,NULL,NULL,NULL,NULL,NULL,6,97,,6,1,1,3,2,7,3,N,NULL,Y,N,1555,1603,1603,N,NULL,90,,,N,,N,N,098-CS-1215-0,NULL,NULL,2023,O,7.29E+11,098-CS-1215  -000,HIGH,098-CS-1215  -000,0.536,0,0,0,0,0,0,0,0,0,0,0,0,0,1
5921,72934359,980100,2.02E+11,20230809,1349,,CASSIDY,,BLVD,,,0,098 CS-1191,CS1191,Y,N,NULL,NULL,NULL,N,NULL,NULL,NULL,NULL,NULL,NULL,0.282,NULL,NULL,NULL,NULL,,NULL,0,0,3,3,N,N,,NULL,98,9801,NULL,,Y,37.50488,-82.53647,N,NULL,NULL,NULL,NULL,NULL,NULL,NULL,NULL,2,97,,6,1,1,2,2,5,3,N,NULL,Y,N,1349,1357,1357,N,NULL,90,,,N,,N,N,098-CS-1191-0,NULL,NULL,2023,O,7.29E+11,098-CS-1191  -000,HIGH,098-CS-1191  -000,0.27,0,0,0,1,0,0,0,0,0,1,0,0,0,1
5922,72953086,980100,2.02E+11,20230926,843,,US23,,,US0023,US0023,,,,N,N,NULL,NULL,NULL,N,NULL,NULL,NULL,NULL,NULL,NULL,20.909,NULL,NULL,NULL,NULL,,NULL,0,0,2,2,N,N,55,NULL,98,9801,NULL,,Y,37.44389,-82.5246,N,NULL,NULL,NULL,NULL,NULL,NULL,NULL,NULL,5,3,4,3,1,1,2,2,1,3,N,NULL,Y,N,843,851,,N,NULL,49,,1,Y,,N,N,,NULL,NULL,2023,O,7.30E+11,098-US-0023  -000,MEDIUM,098-US-0023  -000,20.838,0,0,1,0,0,0,1,0,1,0,0,0,0,1
5923,72862921,KSP0900,23-45929,20230205,1817,,KY194,,,KY0194,KY0194,0,098 KY-194,KY0194,N,N,NULL,NULL,NULL,N,NULL,NULL,NULL,NULL,NULL,NULL,28.216,NULL,NULL,NULL,NULL,,NULL,0,0,1,1,N,N,55,NULL,98,9849,NULL,,Y,37.47673,-82.34911,N,NULL,NULL,NULL,NULL,NULL,NULL,NULL,NULL,9,3,2,6,1,1,2,6,7,3,N,NULL,Y,N,1817,1817,1820,N,NULL,38,7,0,N,,N,N,098-KY-0194-0,NULL,NULL,2023,O,7.29E+11,098-KY-0194  -000,HIGH,098-KY-0194  -000,28.222,0,0,0,0,0,0,0,0,0,0,0,0,0,0
5924,72896423,980100,2.02E+11,20230504,1443,,CASSIDY,,BLVD,,,0,098 CS-1191,CS1191,Y,N,NULL,NULL,NULL,N,NULL,NULL,NULL,NULL,NULL,NULL,0.045,NULL,NULL,NULL,NULL,,NULL,0,0,2,2,N,N,,NULL,98,9801,NULL,,Y,37.50369,-82.5329,N,NULL,NULL,NULL,NULL,NULL,NULL,NULL,NULL,2,97,1,6,1,1,2,2,1,3,N,NULL,Y,N,1443,1446,1446,N,NULL,90,,,N,,N,N,098-CS-1191-0,NULL,NULL,2023,O,7.29E+11,098-CS-1191  -000,HIGH,098-CS-1191  -000,0.043,0,0,0,1,0,0,0,0,0,0,0,0,0,1
5925,72916939,KSP0900,23-308337,20230630,1054,,BENT BRANCH,,RD,KY1426,KY1426,0,098 KY-1426,KY1426,N,N,NULL,NULL,NULL,N,NULL,NULL,NULL,NULL,NULL,NULL,17.335,NULL,NULL,NULL,NULL,,NULL,0,0,2,2,N,N,45,NULL,98,9820,NULL,,Y,37.57333,-82.42886,N,NULL,NULL,NULL,NULL,NULL,NULL,NULL,NULL,8,3,2,6,1,1,2,2,7,3,N,NULL,Y,N,1120,1151,1200,N,NULL,53,7,0,N,,N,N,098-KY-1426-0,NULL,NULL,2023,O,7.29E+11,098-KY-1426  -000,HIGH,098-KY-1426  -000,17.336,0,1,0,1,0,0,1,0,0,0,0,1,0,0
5926,72864357,KSP0900,23-46260,20230205,2256,,RACCOON,,RD,KY1441,KY1441,0,098 KY-1441,KY1441,N,N,NULL,NULL,NULL,N,NULL,NULL,NULL,NULL,NULL,NULL,10.335,NULL,NULL,NULL,NULL,,NULL,0,0,1,1,N,N,45,NULL,98,9850,NULL,,Y,37.51961,-82.45409,N,NULL,NULL,NULL,NULL,NULL,NULL,NULL,NULL,9,3,2,6,1,1,2,7,7,3,N,NULL,N,N,2256,2307,2307,N,NULL,38,8,0,N,,N,N,098-KY-1441-0,NULL,NULL,2023,O,7.29E+11,098-KY-1441  -000,HIGH,098-KY-1441  -000,10.336,0,0,0,0,0,0,0,0,0,0,0,0,0,0
5927,72906438,KSP0900,23-209453,20230602,1635,,FORDS BRANCH,N,ST,,,0,098 CR-1267DD,CR1267DD,N,N,NULL,NULL,NULL,N,NULL,NULL,NULL,NULL,NULL,NULL,0.073,NULL,NULL,NULL,NULL,,NULL,1,0,1,1,N,N,5,NULL,98,9824,NULL,,Y,37.43433,-82.51136,N,NULL,NULL,NULL,NULL,NULL,NULL,NULL,NULL,9,97,1,6,3,1,2,2,7,3,Y,NULL,Y,Y,1638,1650,,N,NULL,44,,,N,,N,N,098-CR-1267DD-0,NULL,NULL,2023,B,7.29E+11,098-CR-1267DD-000,HIGH,098-CR-1267DD-000,0.073,0,0,0,0,0,0,0,0,0,0,0,1,0,0
5928,72962338,980100,2.02E+11,20231021,1108,,US23,,,US0023,US0023,,,,N,Y,KY3227 CROSSOVER,,,N,NULL,NULL,NULL,NULL,NULL,NULL,27.378,NULL,NULL,NULL,NULL,,NULL,0,0,2,2,N,N,55,NULL,98,9801,NULL,,Y,37.51082,-82.54884,N,NULL,NULL,NULL,NULL,NULL,NULL,NULL,NULL,5,3,6,6,1,1,2,2,7,3,N,NULL,Y,N,1108,1110,,N,NULL,35,,1,N,,N,N,,NULL,NULL,2023,O,7.30E+11,098-US-0023  -010,MEDIUM,098-US-0023  -000,27.375,0,0,0,1,0,0,1,1,0,0,1,0,0,1
5929,72943470,980100,2.02E+11,20230830,1855,,KY3496,,,KY3496,KY3496,0,098 KY-3496,KY3496,Y,N,NULL,NULL,NULL,N,NULL,NULL,NULL,NULL,NULL,NULL,0.791,NULL,NULL,NULL,NULL,,NULL,0,0,2,2,Y,N,,NULL,98,9801,NULL,,Y,37.47207,-82.52969,N,NULL,NULL,NULL,NULL,NULL,NULL,NULL,NULL,,97,2,6,1,1,2,2,5,3,N,NULL,Y,N,1855,1859,1934,N,NULL,90,16,0,N,,N,N,098-KY-3496-0,NULL,NULL,2023,O,7.29E+11,098-KY-3496  -000,HIGH,098-KY-3496  -000,0.791,0,0,0,0,0,0,0,0,0,0,0,0,0,1
5930,72839642,980100,2.02E+11,20221201,2336,,CHLOE,,RD,KY1460,KY1460,0,098 KY-1460,KY1460,N,N,NULL,NULL,NULL,N,NULL,NULL,NULL,NULL,NULL,NULL,2.929,NULL,NULL,NULL,NULL,,NULL,0,0,1,1,N,N,45,NULL,98,9801,NULL,,Y,37.47065,-82.48123,N,NULL,NULL,NULL,NULL,NULL,NULL,NULL,NULL,9,6,2,4,1,1,2,6,7,3,N,NULL,Y,N,2337,2343,50,N,NULL,44,,0,Y,,N,N,098-KY-1460-0,NULL,NULL,2022,O,7.28E+11,098-KY-1460  -000,HIGH,098-KY-1460  -000,2.929,0,0,1,0,0,0,1,0,0,0,0,1,0,1
5931,72921886,980100,2.02E+11,20230713,1538,,CASSIDY,,BLVD,,,0,098 CS-1191,CS1191,N,N,NULL,NULL,NULL,N,NULL,NULL,NULL,NULL,NULL,NULL,0.261,NULL,NULL,NULL,NULL,,NULL,0,0,2,2,N,N,35,NULL,98,9801,NULL,,Y,37.50464,-82.53611,N,NULL,NULL,NULL,NULL,NULL,NULL,NULL,NULL,1,3,4,6,1,1,2,2,1,3,N,NULL,Y,N,1538,1542,1545,N,NULL,55,,,N,,N,N,098-CS-1191-0,NULL,NULL,2023,O,7.29E+11,098-CS-1191  -000,HIGH,098-CS-1191  -000,0.244,0,0,0,0,0,0,1,0,0,0,0,0,0,1
5932,72869249,980100,2.02E+11,20230218,2142,,US23,,,US0023,US0023,0,098 US-23,US0023,N,N,NULL,NULL,NULL,N,NULL,NULL,NULL,NULL,NULL,NULL,30.25,NULL,NULL,NULL,NULL,,NULL,2,0,2,2,N,N,55,NULL,98,9801,NULL,,Y,37.54013,-82.58184,N,NULL,NULL,NULL,NULL,NULL,NULL,NULL,NULL,8,3,4,3,1,1,2,6,1,3,N,NULL,Y,Y,2143,2147,2147,N,NULL,53,,1,N,,N,N,098-US-0023-0,NULL,NULL,2023,B,7.29E+11,098-US-0023  -000,HIGH,098-US-0023  -000,30.231,0,0,1,0,0,0,0,0,0,1,0,1,0,1
5933,72880240,KSP0900,23-115193,20230326,1731,,CEDAR HILLS,,RD,KY1426,KY1426,0,098 KY-1426,KY1426,N,N,NULL,NULL,NULL,N,NULL,NULL,NULL,NULL,NULL,NULL,2.642,NULL,NULL,NULL,NULL,,NULL,1,0,1,1,N,N,55,NULL,98,9801,NULL,,Y,37.45626,-82.55027,N,NULL,NULL,NULL,NULL,NULL,NULL,NULL,NULL,9,3,2,3,1,1,2,2,7,3,Y,NULL,Y,Y,1734,1737,,N,NULL,44,8,0,N,,N,N,098-KY-1426-0,NULL,NULL,2023,B,7.29E+11,098-KY-1426  -000,HIGH,098-KY-1426  -000,2.642,0,0,0,0,0,0,0,0,0,0,0,1,0,1
5934,72951292,980100,2.02E+11,20230921,222,,BYPASS,N,RD,KY1460,KY1460,0,098 KY-1460,KY1460,Y,N,NULL,NULL,NULL,N,NULL,NULL,NULL,NULL,NULL,NULL,5.151,NULL,NULL,NULL,NULL,,NULL,0,0,2,2,N,N,15,NULL,98,9801,NULL,,Y,37.48384,-82.51424,N,NULL,NULL,NULL,NULL,NULL,NULL,NULL,NULL,2,97,1,6,1,1,2,6,1,3,N,NULL,Y,N,222,226,226,N,NULL,90,16,0,N,,N,N,098-KY-1460-0,NULL,NULL,2023,O,7.30E+11,098-KY-1460  -000,HIGH,098-KY-1460  -000,5.148,0,0,0,0,0,0,1,0,0,0,0,0,0,1
5935,72958968,980100,2.02E+11,20231012,802,,US23,,,US0023,US0023,0,098 US-23-10,US0023,N,N,NULL,NULL,NULL,N,NULL,NULL,NULL,NULL,NULL,NULL,25.321,NULL,NULL,NULL,NULL,,NULL,1,0,2,2,N,N,55,NULL,98,9801,NULL,,Y,37.49129,-82.53592,N,NULL,NULL,NULL,NULL,NULL,NULL,NULL,NULL,5,3,4,6,1,5,2,2,7,3,Y,NULL,Y,Y,802,809,809,N,NULL,49,,1,N,,N,N,098-US-0023-10,NULL,NULL,2023,C,7.30E+11,098-US-0023  -010,HIGH,098-US-0023  -000,25.258,0,0,0,0,0,0,1,0,0,0,0,0,0,1
5936,72930619,980100,2.02E+11,20230805,1202,,US23,,,US0023,US0023,0,098 US-23,US0023,Y,N,NULL,NULL,NULL,N,NULL,NULL,NULL,NULL,NULL,NULL,20.58,NULL,NULL,NULL,NULL,,NULL,0,0,1,1,N,N,55,NULL,98,9801,NULL,,Y,37.44344,-82.51897,N,NULL,NULL,NULL,NULL,NULL,NULL,NULL,NULL,9,97,4,6,1,1,2,2,1,3,N,NULL,Y,N,1202,1211,1211,Y,NULL,90,,1,N,,N,N,098-US-0023-0,NULL,NULL,2023,O,7.29E+11,098-US-0023  -000,HIGH,098-US-0023  -000,20.501,0,1,0,0,0,0,1,0,0,0,0,0,0,1
5937,72975608,KSP0900,23-216161,20230607,615,,KY194,,,KY0194,KY0194,0,098 KY-194,KY0194,N,N,NULL,NULL,NULL,N,NULL,NULL,NULL,NULL,NULL,NULL,17.296,NULL,NULL,NULL,NULL,,NULL,0,1,1,1,N,N,55,NULL,98,9820,NULL,,Y,37.5604,-82.43575,N,NULL,NULL,NULL,NULL,NULL,NULL,NULL,NULL,9,3,2,3,1,5,5,6,7,3,Y,NULL,Y,Y,624,648,1000,N,NULL,44,7,0,N,,N,N,098-KY-0194-0,NULL,NULL,2023,K,7.30E+11,098-KY-0194  -000,HIGH,098-KY-0194  -000,17.296,0,0,0,0,0,0,1,0,0,1,0,1,0,0
5938,72932274,980100,2.02E+11,20230809,1625,,US23,,,US0023,US0023,,,,Y,N,NULL,NULL,NULL,N,NULL,NULL,NULL,NULL,NULL,NULL,21.539,NULL,NULL,NULL,NULL,,NULL,0,0,2,2,N,N,,NULL,98,9801,NULL,,Y,37.45144,-82.52391,N,NULL,NULL,NULL,NULL,NULL,NULL,NULL,NULL,3,97,4,6,1,1,2,2,1,3,N,NULL,Y,N,1625,1631,1707,N,NULL,90,,1,N,,N,N,,NULL,NULL,2023,O,7.29E+11,098-US-0023  -010,MEDIUM,098-US-0023  -000,21.398,0,0,0,0,0,0,1,0,0,0,0,0,0,1
5939,72954054,980100,2.02E+11,20231002,1404,,US23,,,US0023,US0023,0,098 US-23-10,US0023,N,N,NULL,NULL,NULL,N,NULL,NULL,NULL,NULL,NULL,NULL,26.754,NULL,NULL,NULL,NULL,,NULL,1,0,1,1,N,N,55,NULL,98,9801,NULL,,Y,37.5088,-82.5372,N,NULL,NULL,NULL,NULL,NULL,NULL,NULL,NULL,9,5,4,6,1,1,2,2,2,3,Y,NULL,Y,Y,1404,1410,1620,N,NULL,44,,1,N,,N,Y,098-US-0023-10,NULL,NULL,2023,B,7.30E+11,098-US-0023  -010,HIGH,098-US-0023  -000,26.698,0,1,0,0,0,0,0,0,0,0,0,1,0,1
5940,72995784,980100,2.02E+11,20231230,1310,,KY1426,,,KY1426,KY1426,0,098 KY-1426,KY1426,N,N,NULL,NULL,NULL,N,NULL,NULL,NULL,NULL,NULL,NULL,8.107,NULL,NULL,NULL,NULL,,NULL,0,0,1,1,N,N,55,NULL,98,9801,NULL,,Y,37.4926,-82.49086,N,NULL,NULL,NULL,NULL,NULL,NULL,NULL,NULL,9,3,2,1,1,5,6,2,7,3,N,NULL,Y,N,1310,1320,1359,N,NULL,70,,0,N,,N,N,098-KY-1426-0,NULL,NULL,2023,O,7.30E+11,098-KY-1426  -000,HIGH,098-KY-1426  -000,8.109,0,0,0,0,0,0,0,0,0,0,0,1,0,1
5941,72857312,KSP0900,23-22366,20230118,530,,STATE HIGHWAY 292,E,,,,0,098 CR-1061,CR1061,N,N,NULL,NULL,NULL,N,NULL,NULL,NULL,NULL,NULL,NULL,0.002,NULL,NULL,NULL,NULL,,NULL,0,0,2,2,N,N,35,NULL,98,9893,NULL,,Y,37.62713,-82.21776,N,NULL,NULL,NULL,NULL,NULL,NULL,NULL,NULL,8,3,2,6,1,5,10,6,7,3,N,NULL,Y,N,535,600,535,N,NULL,53,,,N,,N,N,098-CR-1061-0,NULL,NULL,2023,O,7.29E+11,098-CR-1061  -000,HIGH,098-CR-1061  -000,0,0,1,0,0,0,0,1,0,0,0,0,1,0,0
5942,72859042,980100,2.02E+11,20230120,1641,,OWSLEY,,RD,KY1384,KY1384,,,,N,N,NULL,NULL,NULL,N,NULL,NULL,NULL,NULL,NULL,NULL,7.504,NULL,NULL,NULL,NULL,,NULL,0,0,1,1,N,N,25,NULL,98,9801,NULL,,Y,37.48327,-82.53454,N,NULL,NULL,NULL,NULL,NULL,NULL,NULL,NULL,9,3,4,6,1,1,2,2,7,3,N,NULL,Y,N,1641,1645,1657,Y,NULL,40,16,0,N,,N,N,,NULL,NULL,2023,O,7.29E+11,098-KY-1384  -000,MEDIUM,098-KY-1384  -000,7.504,0,0,0,0,0,0,0,0,0,0,0,1,0,1
5943,72908989,980500,2023AR028,20230609,740,,COWPEN ROADWAY,,,,,,,,N,N,NULL,NULL,NULL,N,NULL,NULL,NULL,NULL,NULL,NULL,,NULL,NULL,NULL,NULL,NULL,NULL,2,0,2,2,N,N,45,NULL,98,9807,NULL,,Y,37.52982,-82.57587,N,NULL,NULL,NULL,NULL,NULL,NULL,NULL,NULL,5,3,2,6,1,1,2,2,1,3,Y,NULL,Y,Y,740,743,830,N,NULL,70,,,N,,N,N,,NULL,NULL,2023,C,7.29E+11,098-KY-2061  -000,MEDIUM,098-KY-2061  -000,0,0,0,0,0,0,0,0,1,0,0,0,0,0,0
5944,72965504,KSP0900,23-432602,20231022,1825,,US119,,,US0119,US0119,0,098 US-119-10,US0119,N,N,NULL,NULL,NULL,N,NULL,NULL,NULL,NULL,NULL,NULL,18.593,NULL,NULL,NULL,NULL,,NULL,0,0,1,1,N,N,55,NULL,98,9814,NULL,,Y,37.59644,-82.27818,N,NULL,NULL,NULL,NULL,NULL,NULL,NULL,NULL,9,3,2,2,1,1,2,2,7,3,N,NULL,Y,N,1825,1825,1825,N,NULL,44,2,1,N,,N,N,098-US-0119-10,NULL,NULL,2023,O,7.30E+11,098-US-0119  -010,HIGH,098-US-0119  -000,18.594,0,0,0,0,0,0,0,0,0,0,0,1,0,0
5945,72933390,KSP0900,23-354414,20230810,1626,,KY194,,,KY0194,KY0194,0,098 KY-194,KY0194,N,N,NULL,NULL,NULL,N,NULL,NULL,NULL,NULL,NULL,NULL,71.027,NULL,NULL,NULL,NULL,,NULL,0,0,1,1,N,N,35,NULL,98,9825,NULL,,Y,37.48666,-82.05305,N,NULL,NULL,NULL,NULL,NULL,NULL,NULL,NULL,9,5,2,6,1,1,3,2,7,3,N,NULL,Y,N,1758,1840,1626,Y,NULL,51,7,0,N,,N,N,098-KY-0194-0,NULL,NULL,2023,O,7.29E+11,098-KY-0194  -000,HIGH,098-KY-0194  -000,71.068,0,0,0,0,0,0,0,0,0,0,0,1,0,0
5946,72963087,KSP0900,23-434090,20231023,2300,,KY1469,,,KY1469,KY1469,0,098 KY-1469,KY1469,N,N,NULL,NULL,NULL,N,NULL,NULL,NULL,NULL,NULL,NULL,13.343,NULL,NULL,NULL,NULL,,NULL,0,0,1,1,N,N,55,NULL,98,9881,NULL,,Y,37.35909,-82.56809,N,NULL,NULL,NULL,NULL,NULL,NULL,NULL,NULL,9,3,2,6,1,1,2,6,7,3,N,NULL,N,N,2300,2315,2330,N,NULL,38,7,0,N,,N,N,098-KY-1469-0,NULL,NULL,2023,O,7.30E+11,098-KY-1469  -000,HIGH,098-KY-1469  -000,13.341,0,0,0,0,0,0,0,0,0,0,0,0,0,0