OBJECTID,MasterFile,AgencyORINumber,LocalCode,CollisionDate,CollisionTime,CollisionDayWeekCode,RoadwayName,RoadwayName_Direction_,RoadwayName_RoadwaySuffix_,RoadwayfromReport,CurrentRoadwayNumber,RoadwayNumberCoupletID,RSEUniqueGIS,RoadwayIdentifier,ParkingLotIndicator,IntersectionWith_Indicator_,IntersectionWith_NameRoadway_,IntersectionWith_Direction_,IntersectionWith_RoadwaySuffix_,BetweenStreets_Indicator_,BetweenStreets1_NameRoadway_,BetweenStreet1_Direction_,BetweenStreets1_RoadwaySuffix_,BetweenStreets2_NameRoadway_,BetweenStreets2_Direction_,BetweenStreets2_RoadwaySuffix_,Milepoint,ReportMilepointDeriveNumber,CurrentDerivedMiepointNumber,MilestoMilepoint,FeettoMilepoint,DirectionfromMilepoint_NSEW_,ValidMilepointIndicator,NumberInjured,NumberKilled,ofUnits,ofMotorVehicleUnits,Hit&RunIndicator,OneWayIndicator,SpeedLimitNumber,KilometersIndicator,CountyCode,CityCountyCode,MilesFromCity,DirectionFromCity_NSEW_,InCityLimitsIndicator,Latitude,Longitude,RampIndicator,RampFromIdentifier,RampFromDirCode,RampFromCoupletID,RSEUniqueGISRampFrom,RampToidentifier,RampToDirCode,RampToCoupletID,RSEUniqueGisRampTo,MannerofCollisionCode,LocationFirstEventCode,TotalLanes,RoadwayCharacterCode,RoadwaySurfaceCode,RoadwayConditionCode,WeatherCode,LightConditionCode,LandUseCode,SchoolBusRelatedCode,FirstAidSceneIndicator,CollDescPresentInd,InvestigationCompleteIndicator,PhotosTakenIndicator,TimeNotified,TimeArrived,TimeRoadwayOpened,PropertyDamageIndicator,DiagramPresentIndicator,DirectionalAnalysis,FunctionClassCode,NationalHwySysCode,EnforcementsIndicator,KARSCityCode,SecondaryCollisionIndicator,MedianCrossoverIndicator,RT_UNIQUE,MapIt,TimeLastLeft,YR,KABCO,MFNY,WorkingRID,RT_CONFIDENCE,KTC_RT,KTC_MP,Motorcyclist,Commercial Vehicle,Young Driver,Mature Driver,Pedestrian,Bicyclist,Distracted,Aggressive,Impaired,Unrestrained,Intersection,Roadway Departure,Median Cross-over,City Crash
5947,72929038,KSP0900,23-345400,20230802,345,,US23,,,US0023,US0023,0,098 US-23-10,US0023,N,N,NULL,NULL,NULL,N,NULL,NULL,NULL,NULL,NULL,NULL,11.898,NULL,NULL,NULL,NULL,,NULL,0,0,1,1,N,N,55,NULL,98,9827,5,W,N,37.36189,-82.55505,N,NULL,NULL,NULL,NULL,NULL,NULL,NULL,NULL,9,3,4,3,1,1,10,6,7,3,N,NULL,Y,N,345,400,400,N,NULL,38,,1,Y,,N,N,098-US-0023-10,NULL,NULL,2023,O,7.29E+11,098-US-0023  -010,HIGH,098-US-0023  -000,11.893,0,0,0,0,0,0,0,0,0,0,0,0,0,0
5948,72844463,KSP0900,22-484049,20221220,42,,FORDS BRANCH,S,ST,,,0,098 CR-1267Z,CR1267Z,N,N,NULL,NULL,NULL,N,NULL,NULL,NULL,NULL,NULL,NULL,0.016,NULL,NULL,NULL,NULL,,NULL,0,0,2,2,N,N,25,NULL,98,9801,4,S,N,37.43373,-82.5099,N,NULL,NULL,NULL,NULL,NULL,NULL,NULL,NULL,8,97,1,6,3,1,2,5,7,3,N,NULL,Y,N,29,43,43,N,NULL,47,,,N,,N,N,098-CR-1267Z-0,NULL,NULL,2022,O,7.28E+11,098-CR-1267Z -000,HIGH,098-CR-1267Z -000,0.016,0,0,0,0,0,0,0,0,1,0,0,0,0,0
5949,72916643,980100,2.02E+11,20230623,1558,,KY3496,,,KY3496,KY3496,0,098 KY-3496,KY3496,N,N,NULL,NULL,NULL,N,NULL,NULL,NULL,NULL,NULL,NULL,0.76,NULL,NULL,NULL,NULL,,NULL,0,0,2,2,N,N,35,NULL,98,9801,NULL,,Y,37.47198,-82.53025,N,NULL,NULL,NULL,NULL,NULL,NULL,NULL,NULL,1,3,2,3,1,5,6,2,1,3,N,NULL,Y,N,1558,1600,,N,NULL,55,16,0,N,,N,N,098-KY-3496-0,NULL,NULL,2023,O,7.29E+11,098-KY-3496  -000,HIGH,098-KY-3496  -000,0.76,0,0,1,0,0,0,1,1,0,0,0,0,0,1
5950,72875634,KSP0900,23-97946,20230314,616,,US119,,,US0119,US0119,,,,N,N,NULL,NULL,NULL,N,NULL,NULL,NULL,NULL,NULL,NULL,3.464,NULL,NULL,NULL,NULL,,NULL,0,0,1,1,N,N,55,NULL,98,9801,NULL,,Y,37.51326,-82.47372,N,NULL,NULL,NULL,NULL,NULL,NULL,NULL,NULL,9,5,2,6,1,2,2,5,7,3,N,NULL,Y,N,616,634,634,N,NULL,40,2,1,N,,N,N,,NULL,NULL,2023,O,7.29E+11,098-US-0119  -000,MEDIUM,098-US-0119  -000,3.435,0,0,0,0,0,0,0,0,0,0,0,1,0,0
5951,72872366,KSP0900,23-85132,20230304,2226,,KY1056,,,KY1056,KY1056,0,098 KY-1056,KY1056,N,N,NULL,NULL,NULL,N,NULL,NULL,NULL,NULL,NULL,NULL,5.372,NULL,NULL,NULL,NULL,,NULL,0,0,1,1,N,N,35,NULL,98,9879,NULL,,Y,37.5583,-82.1908,N,NULL,NULL,NULL,NULL,NULL,NULL,NULL,NULL,9,3,2,3,1,1,2,6,7,3,N,NULL,N,N,2226,2237,2240,N,NULL,70,7,0,N,,N,N,098-KY-1056-0,NULL,NULL,2023,O,7.29E+11,098-KY-1056  -000,HIGH,098-KY-1056  -000,5.367,0,0,1,0,0,0,1,0,0,0,0,1,0,0
5952,72883689,KSP0900,23-127472,20230404,658,,INDUSTRIAL,,DR,,,,,,Y,N,NULL,NULL,NULL,N,NULL,NULL,NULL,NULL,NULL,NULL,0.278,NULL,NULL,NULL,NULL,,NULL,0,0,2,2,N,N,15,NULL,98,9801,0.3,N,N,37.5344,-82.58131,N,NULL,NULL,NULL,NULL,NULL,NULL,NULL,NULL,1,97,2,6,1,1,3,2,1,3,N,NULL,Y,N,658,724,724,N,NULL,90,,,N,,N,N,,NULL,NULL,2023,O,7.29E+11,098-CR-1426G -000,HIGH,098-CR-1426G -000,0.277,0,0,0,0,0,0,1,0,0,0,0,0,0,0
5953,72750745,KSP0900,22-129432,20220410,1310,,US119,,,US0119,US0119,0,098 US-119,US0119,N,N,NULL,NULL,NULL,N,NULL,NULL,NULL,NULL,NULL,NULL,11.668,NULL,NULL,NULL,NULL,,NULL,0,0,1,1,N,N,55,NULL,98,9833,NULL,,Y,37.59283,-82.37938,N,NULL,NULL,NULL,NULL,NULL,NULL,NULL,NULL,9,3,2,4,1,1,2,2,7,3,N,NULL,N,N,1314,1314,1330,N,NULL,38,2,1,N,,N,N,098-US-0119-0,NULL,NULL,2022,O,7.28E+11,098-US-0119  -000,HIGH,098-US-0119  -000,11.668,0,0,0,0,0,0,0,0,0,0,0,0,0,0
5954,72805545,KSP0900,22-357693,20220914,2057,,OWSLEY,,RD,KY1384,KY1384,0,098 KY-1384,KY1384,N,N,NULL,NULL,NULL,N,NULL,NULL,NULL,NULL,NULL,NULL,1.114,NULL,NULL,NULL,NULL,,NULL,0,0,2,2,N,N,55,NULL,98,9801,NULL,,Y,37.52023,-82.61005,N,NULL,NULL,NULL,NULL,NULL,NULL,NULL,NULL,3,3,2,3,1,1,2,6,7,3,N,NULL,Y,N,2059,2111,2200,N,NULL,52,,0,N,,N,N,098-KY-1384-0,NULL,NULL,2022,O,7.28E+11,098-KY-1384  -000,HIGH,098-KY-1384  -000,1.114,0,0,0,1,0,0,1,0,0,0,0,1,0,0
5955,72964015,KSP0900,23-436341,20231025,2126,,US23,,,US0023,US0023,0,098 US-23-10,US0023,N,N,NULL,NULL,NULL,N,NULL,NULL,NULL,NULL,NULL,NULL,0.089,NULL,NULL,NULL,NULL,,NULL,0,0,1,1,N,Y,55,NULL,98,9809,NULL,,Y,37.24169,-82.62114,N,NULL,NULL,NULL,NULL,NULL,NULL,NULL,NULL,9,3,4,6,1,1,2,6,7,3,N,NULL,Y,Y,2126,2236,2126,N,NULL,38,,1,N,,N,N,098-US-0023-10,NULL,NULL,2023,O,7.30E+11,098-US-0023  -010,HIGH,098-US-0023  -000,0.086,0,0,0,0,0,0,0,0,0,0,0,0,0,0
5956,72962831,980100,2.02E+11,20231023,755,,BYPASS,S,RD,KY1426,KY1426,0,098 KY-1426,KY1426,Y,N,NULL,NULL,NULL,N,NULL,NULL,NULL,NULL,NULL,NULL,5.674,NULL,NULL,NULL,NULL,,NULL,0,0,2,2,N,N,15,NULL,98,9801,NULL,,Y,37.47269,-82.52314,N,NULL,NULL,NULL,NULL,NULL,NULL,NULL,NULL,2,97,2,6,1,1,3,2,1,3,N,NULL,Y,N,755,800,820,N,NULL,90,,0,N,,N,N,098-KY-1426-0,NULL,NULL,2023,O,7.30E+11,098-KY-1426  -000,HIGH,098-KY-1426  -000,5.674,0,0,0,0,0,0,0,0,0,0,0,0,0,1
5957,72936280,KSP0900,23-365283,20230820,1724,,KY1373,,,KY1373,KY1373,,,,N,N,NULL,NULL,NULL,N,NULL,NULL,NULL,NULL,NULL,NULL,8.28,NULL,NULL,NULL,NULL,,NULL,1,0,1,1,N,N,45,NULL,98,9802,NULL,,Y,37.39344,-82.30006,N,NULL,NULL,NULL,NULL,NULL,NULL,NULL,NULL,9,3,1,3,1,1,2,2,7,3,Y,NULL,N,N,1724,1758,1830,N,NULL,70,8,0,N,,N,N,,NULL,NULL,2023,C,7.29E+11,098-KY-1373  -000,HIGH,098-KY-1373  -000,8.246,0,0,1,0,0,0,0,0,0,0,0,1,0,0
5958,72958480,KSP0900,23-421093,20231011,1543,,KY1426,,,KY1426,KY1426,0,098 KY-1426,KY1426,Y,N,NULL,NULL,NULL,N,NULL,NULL,NULL,NULL,NULL,NULL,11.692,NULL,NULL,NULL,NULL,,NULL,0,0,2,2,N,N,10,NULL,98,9828,NULL,,Y,37.53235,-82.4679,N,NULL,NULL,NULL,NULL,NULL,NULL,NULL,NULL,1,97,2,6,1,1,2,2,1,3,N,NULL,Y,N,1543,1635,1635,N,NULL,90,7,0,N,,N,N,098-KY-1426-0,NULL,NULL,2023,O,7.30E+11,098-KY-1426  -000,HIGH,098-KY-1426  -000,11.691,0,0,0,1,0,0,0,0,0,0,0,0,0,0
5959,72985098,KSP0900,23-476729,20231201,1450,,TOLER,,RD,KY0319,KY0319,0,098 KY-319,KY0319,N,N,NULL,NULL,NULL,N,NULL,NULL,NULL,NULL,NULL,NULL,4.454,NULL,NULL,NULL,NULL,,NULL,0,0,1,1,N,N,35,NULL,98,9842,NULL,,Y,37.61432,-82.23835,N,NULL,NULL,NULL,NULL,NULL,NULL,NULL,NULL,9,3,2,3,1,5,6,2,7,3,N,NULL,N,N,1450,1510,1530,Y,NULL,40,7,0,N,,N,N,098-KY-0319-0,NULL,NULL,2023,O,7.30E+11,098-KY-0319  -000,HIGH,098-KY-0319  -000,4.457,0,0,0,0,0,0,0,0,0,0,0,1,0,0
5960,72914422,KSP0900,23-237721,20230623,814,,ABNER MOUNTAIN,,RD,KY0122,KY0122,0,098 KY-122,KY0122,N,N,NULL,NULL,NULL,N,NULL,NULL,NULL,NULL,NULL,NULL,0.48,NULL,NULL,NULL,NULL,,NULL,0,0,2,2,Y,N,55,NULL,98,9827,NULL,,Y,37.34881,-82.6488,N,NULL,NULL,NULL,NULL,NULL,NULL,NULL,NULL,7,3,2,2,1,5,6,2,7,3,N,NULL,Y,N,816,843,843,N,NULL,54,,0,N,,N,N,098-KY-0122-0,NULL,NULL,2023,O,7.29E+11,098-KY-0122  -000,HIGH,098-KY-0122  -000,0.536,0,0,0,0,0,0,1,0,0,0,0,1,0,0
5961,72862466,980500,2023AR004,20230206,1356,,US23,,,US0023,US0023,0,098 US-23-10,US0023,N,N,NULL,NULL,NULL,N,NULL,NULL,NULL,NULL,NULL,NULL,,NULL,NULL,NULL,NULL,NULL,NULL,0,0,2,2,N,N,45,NULL,98,9807,NULL,,Y,37.52418,-82.57224,N,NULL,NULL,NULL,NULL,NULL,NULL,NULL,NULL,8,3,6,6,1,1,2,2,7,3,N,NULL,Y,Y,1356,1400,1402,N,NULL,53,,1,N,,N,N,098-US-0023-10,NULL,NULL,2023,O,7.29E+11,098-US-0023  -010,HIGH,098-US-0023  -000,29.011,0,0,1,1,0,0,1,0,0,0,0,1,0,0
5962,72913969,980000,23-05-003,20230606,2130,,MAIN,,ST,,,0,098 CS-3000,CS3000,Y,N,NULL,NULL,NULL,N,NULL,NULL,NULL,NULL,NULL,NULL,0.444,NULL,NULL,NULL,NULL,,NULL,0,0,2,2,N,N,10,NULL,98,9807,NULL,,Y,37.51889,-82.5666,N,NULL,NULL,NULL,NULL,NULL,NULL,NULL,NULL,2,97,,5,1,1,2,7,1,3,N,NULL,Y,Y,2130,2135,2130,N,NULL,90,,,N,,N,N,098-CS-3000-0,NULL,NULL,2023,O,7.29E+11,098-CS-3000  -000,HIGH,098-CS-3000  -000,0.468,0,0,1,0,0,0,0,0,0,1,0,0,0,0
5963,72881361,KSP0900,23-120403,20230330,1120,,US119,,,US0119,US0119,0,098 US-119,US0119,N,N,NULL,NULL,NULL,N,NULL,NULL,NULL,NULL,NULL,NULL,24.508,NULL,NULL,NULL,NULL,,NULL,2,0,2,2,N,N,55,NULL,98,9834,NULL,,Y,37.66217,-82.27377,N,NULL,NULL,NULL,NULL,NULL,NULL,NULL,NULL,5,5,4,3,1,1,2,2,7,3,Y,NULL,N,Y,1120,1133,1133,N,NULL,47,2,1,N,,N,N,098-US-0119-0,NULL,NULL,2023,B,7.29E+11,098-US-0119  -000,HIGH,098-US-0119  -000,24.505,0,0,0,0,0,0,0,0,0,0,0,0,0,0
5964,72947113,KSP0900,23-394659,20230916,1157,,ELKHORN,,CRK,KY0197,KY0197,,,,N,N,NULL,NULL,NULL,N,NULL,NULL,NULL,NULL,NULL,NULL,0.205,NULL,NULL,NULL,NULL,,NULL,1,0,1,1,N,N,55,NULL,98,9802,NULL,,Y,37.21434,-82.5544,N,NULL,NULL,NULL,NULL,NULL,NULL,NULL,NULL,9,3,2,3,1,1,2,2,7,3,Y,NULL,N,N,1157,1257,1341,N,NULL,70,7,0,N,,N,N,,NULL,NULL,2023,B,7.29E+11,098-KY-0197  -000,HIGH,098-KY-0197  -000,0.199,0,0,0,0,0,0,0,0,0,0,0,1,0,0
5965,72967620,KSP0900,23-442737,20231101,930,,US460,,,US0460,US0460,0,098 US-460,US0460,N,N,NULL,NULL,NULL,N,NULL,NULL,NULL,NULL,NULL,NULL,9.046,NULL,NULL,NULL,NULL,,NULL,0,0,1,1,N,N,35,NULL,98,9822,NULL,,Y,37.36956,-82.41951,N,NULL,NULL,NULL,NULL,NULL,NULL,NULL,NULL,9,3,2,4,1,1,3,2,7,3,N,NULL,Y,N,930,930,930,N,NULL,38,,1,N,,N,N,098-US-0460-0,NULL,NULL,2023,O,7.30E+11,098-US-0460  -000,HIGH,098-US-0460  -000,9.023,0,0,0,0,0,0,0,0,0,0,0,0,0,0
5966,72847321,KSP0900,22-485151,20221220,2003,,US23,,,US0023,US0023,0,098 US-23,US0023,N,N,NULL,NULL,NULL,N,NULL,NULL,NULL,NULL,NULL,NULL,17.353,NULL,NULL,NULL,NULL,,NULL,4,0,2,2,N,N,55,NULL,98,9801,NULL,,Y,37.41998,-82.51659,N,NULL,NULL,NULL,NULL,NULL,NULL,NULL,NULL,3,3,4,1,1,1,2,6,7,3,Y,NULL,Y,Y,2003,2014,0,Y,NULL,52,,1,N,,N,N,098-US-0023-0,NULL,NULL,2022,A,7.28E+11,098-US-0023  -000,HIGH,098-US-0023  -000,17.353,0,1,0,0,0,0,1,0,0,0,0,1,0,0
5967,72896704,980500,2023AR020,20230504,2120,,US23,,,US0023,US0023,0,098 US-23-10,US0023,N,Y,WEDDINGTON BRANCH,,RD,N,NULL,NULL,NULL,NULL,NULL,NULL,28.894,NULL,NULL,NULL,NULL,,NULL,0,0,2,2,N,N,45,NULL,98,9807,NULL,,Y,37.5225,-82.57056,N,NULL,NULL,NULL,NULL,NULL,NULL,NULL,NULL,8,3,4,6,1,1,2,5,1,3,N,NULL,Y,Y,2120,2120,,N,NULL,19,,1,N,,N,N,098-US-0023-10,NULL,NULL,2023,O,7.29E+11,098-US-0023  -010,HIGH,098-US-0023  -000,28.861,0,0,0,1,0,0,0,1,0,0,1,0,0,0
5968,72912752,KSP0900,23-220925,20230610,1457,,KY194,,,KY0194,KY0194,0,098 KY-194,KY0194,N,N,NULL,NULL,NULL,N,NULL,NULL,NULL,NULL,NULL,NULL,26.854,NULL,NULL,NULL,NULL,,NULL,0,0,2,2,N,N,55,NULL,98,9817,NULL,,Y,37.49522,-82.35086,N,NULL,NULL,NULL,NULL,NULL,NULL,NULL,NULL,5,3,2,4,1,1,2,2,7,3,N,NULL,Y,N,1457,1457,1457,N,NULL,49,7,0,N,,N,N,098-KY-0194-0,NULL,NULL,2023,O,7.29E+11,098-KY-0194  -000,HIGH,098-KY-0194  -000,26.856,0,1,0,0,0,0,0,0,0,0,0,0,0,0
5969,72952339,980100,2.02E+11,20230831,1600,,CASSIDY,,BLVD,,,0,098 CS-1191,CS1191,Y,N,NULL,NULL,NULL,N,NULL,NULL,NULL,NULL,NULL,NULL,0.325,NULL,NULL,NULL,NULL,,NULL,0,0,2,2,N,N,,NULL,98,9801,NULL,,Y,37.50523,-82.53737,N,NULL,NULL,NULL,NULL,NULL,NULL,NULL,NULL,8,97,1,6,1,1,2,2,1,3,N,NULL,Y,N,1600,1610,,N,NULL,90,,,N,,N,N,098-CS-1191-0,NULL,NULL,2023,O,7.30E+11,098-CS-1191  -000,HIGH,098-CS-1191  -000,0.326,0,0,1,0,0,0,1,0,0,0,0,0,0,1
5970,72948128,980100,2.02E+11,20230829,1412,,US119,,,US0119,US0119,0,098 US-119-10,US0119,N,N,NULL,NULL,NULL,N,NULL,NULL,NULL,NULL,NULL,NULL,2.694,NULL,NULL,NULL,NULL,,NULL,0,0,2,2,N,N,55,NULL,98,9801,NULL,,Y,37.51403,-82.48714,N,NULL,NULL,NULL,NULL,NULL,NULL,NULL,NULL,8,3,2,3,1,1,2,2,1,3,N,NULL,Y,N,1412,1418,,N,NULL,53,2,1,N,,N,N,098-US-0119-10,NULL,NULL,2023,O,7.29E+11,098-US-0119  -010,HIGH,098-US-0119  -000,2.693,0,0,1,0,0,0,1,0,0,0,0,1,0,1
5971,72970423,KSP0900,23-448959,20231106,1700,,KY122,,,KY0122,KY0122,0,098 KY-122,KY0122,Y,N,NULL,NULL,NULL,N,NULL,NULL,NULL,NULL,NULL,NULL,2.255,NULL,NULL,NULL,NULL,,NULL,1,0,2,1,N,N,55,NULL,98,9829,NULL,,Y,37.33601,-82.63485,N,NULL,NULL,NULL,NULL,NULL,NULL,NULL,NULL,9,97,2,5,1,1,2,2,5,3,Y,NULL,N,Y,1738,1745,1800,N,NULL,90,,0,N,,N,N,098-KY-0122-0,NULL,NULL,2023,A,7.30E+11,098-KY-0122  -000,HIGH,098-KY-0122  -000,2.256,0,0,0,0,1,0,0,0,0,0,0,0,0,0
5972,72854595,980100,2.02E+11,20230115,1655,,PIKE,,ST,,,0,098 CS-1113,CS1113,N,N,NULL,NULL,NULL,N,NULL,NULL,NULL,NULL,NULL,NULL,0.137,NULL,NULL,NULL,NULL,,NULL,0,0,2,2,N,Y,25,NULL,98,9801,NULL,,Y,37.48085,-82.51765,N,NULL,NULL,NULL,NULL,NULL,NULL,NULL,NULL,7,3,2,6,1,1,2,2,7,3,N,NULL,Y,N,1655,1657,1658,N,NULL,54,,,N,,N,N,098-CS-1113-0,NULL,NULL,2023,O,7.29E+11,098-CS-1113  -000,HIGH,098-CS-1113  -000,0.137,0,0,1,1,0,0,1,0,0,0,0,1,0,1
5973,72892532,KSP0900,23-152608,20230421,2305,,BIG CREEK,N,RD,KY0468,KY0468,0,098 KY-468,KY0468,N,N,NULL,NULL,NULL,N,NULL,NULL,NULL,NULL,NULL,NULL,9.261,NULL,NULL,NULL,NULL,,NULL,0,0,1,1,N,N,55,NULL,98,9843,NULL,,Y,37.70619,-82.34618,N,NULL,NULL,NULL,NULL,NULL,NULL,NULL,NULL,9,3,2,1,1,5,6,6,7,3,N,NULL,Y,N,2305,2342,2342,N,NULL,70,8,0,N,,N,N,098-KY-0468-0,NULL,NULL,2023,O,7.29E+11,098-KY-0468  -000,HIGH,098-KY-0468  -000,9.265,0,0,0,0,0,0,0,0,0,0,0,1,0,0
5974,72911811,KSP0900,23-228737,20230616,1010,,KY80,,,KY0080,KY0080,,,,N,N,NULL,NULL,NULL,N,NULL,NULL,NULL,NULL,NULL,NULL,0.065,NULL,NULL,NULL,NULL,,NULL,2,0,2,2,N,N,55,NULL,98,9802,NULL,,Y,37.34137,-82.37373,N,NULL,NULL,NULL,NULL,NULL,NULL,NULL,NULL,1,3,2,6,1,1,2,2,7,3,N,NULL,Y,Y,1010,1020,1115,N,NULL,55,7,5,N,,N,N,,NULL,NULL,2023,B,7.29E+11,098-KY-0080  -000,MEDIUM,098-KY-0080  -000,0.065,0,0,0,0,0,0,1,0,0,0,0,0,0,0
5975,72873403,KSP0900,23-91025,20230308,2254,,KY194,,,KY0194,KY0194,0,098 KY-194,KY0194,N,N,NULL,NULL,NULL,N,NULL,NULL,NULL,NULL,NULL,NULL,54.962,NULL,NULL,NULL,NULL,,NULL,0,0,2,2,Y,N,35,NULL,98,9804,NULL,,Y,37.51226,-82.14888,N,NULL,NULL,NULL,NULL,NULL,NULL,NULL,NULL,7,3,2,6,1,1,2,6,7,3,N,NULL,Y,N,2256,2351,2351,N,NULL,54,8,0,N,,N,N,098-KY-0194-0,NULL,NULL,2023,O,7.29E+11,098-KY-0194  -000,HIGH,098-KY-0194  -000,54.955,0,0,0,0,0,0,1,0,0,0,0,1,0,0
5976,72884816,KSP0900,23-127496,20230404,739,,KY1469,,,KY1469,KY1469,0,098 KY-1469,KY1469,N,N,NULL,NULL,NULL,N,NULL,NULL,NULL,NULL,NULL,NULL,14.053,NULL,NULL,NULL,NULL,,NULL,2,0,3,3,N,N,55,NULL,98,9827,5,N,N,37.36012,-82.55574,N,NULL,NULL,NULL,NULL,NULL,NULL,NULL,NULL,5,3,2,6,1,1,2,2,7,3,Y,NULL,Y,Y,739,747,920,N,NULL,49,7,0,N,,N,N,098-KY-1469-0,NULL,NULL,2023,B,7.29E+11,098-KY-1469  -000,HIGH,098-KY-1469  -000,14.054,0,0,1,0,0,0,0,0,0,0,0,0,0,0
5977,72863907,980100,2.02E+11,20230209,1137,,CASSIDY,,BLVD,,,0,098 CS-1191,CS1191,Y,N,NULL,NULL,NULL,N,NULL,NULL,NULL,NULL,NULL,NULL,0.045,NULL,NULL,NULL,NULL,,NULL,0,0,2,2,N,N,,NULL,98,9801,NULL,,Y,37.5037,-82.5329,N,NULL,NULL,NULL,NULL,NULL,NULL,NULL,NULL,1,97,1,6,1,1,2,2,1,3,N,NULL,Y,N,1137,1147,1149,N,NULL,90,,,N,,N,N,098-CS-1191-0,NULL,NULL,2023,O,7.29E+11,098-CS-1191  -000,HIGH,098-CS-1191  -000,0.043,0,0,0,1,0,0,1,0,0,0,0,0,0,1
5978,72852274,980100,2.02E+11,20230105,706,,US23,,,US0023,US0023,0,098 US-23-10,US0023,N,N,NULL,NULL,NULL,N,NULL,NULL,NULL,NULL,NULL,NULL,26.297,NULL,NULL,NULL,NULL,,NULL,0,0,2,2,N,N,55,NULL,98,9801,NULL,,Y,37.50384,-82.53237,N,NULL,NULL,NULL,NULL,NULL,NULL,NULL,NULL,5,3,4,6,1,1,2,5,7,3,N,NULL,Y,N,706,708,710,N,NULL,49,,1,N,,N,N,098-US-0023-10,NULL,NULL,2023,O,7.29E+11,098-US-0023  -010,HIGH,098-US-0023  -000,26.235,0,0,0,0,0,0,0,0,0,0,0,0,0,1
5979,72900175,KSP0900,23-177615,20230510,1455,,US119,,,US0119,US0119,0,098 US-119,US0119,N,N,NULL,NULL,NULL,N,NULL,NULL,NULL,NULL,NULL,NULL,11.1,NULL,NULL,NULL,NULL,,NULL,0,0,1,1,N,N,55,NULL,98,9820,NULL,,Y,37.58959,-82.38876,N,NULL,NULL,NULL,NULL,NULL,NULL,NULL,NULL,9,3,2,6,1,1,2,2,7,3,N,NULL,N,N,1455,1500,1530,N,NULL,44,2,1,N,,N,N,098-US-0119-0,NULL,NULL,2023,O,7.29E+11,098-US-0119  -000,HIGH,098-US-0119  -000,11.068,0,0,0,0,0,0,1,0,0,0,0,1,0,0
5980,72967539,980100,2.02E+11,20231102,1402,,HAMBLEY,,BLVD,,,0,098 CS-1222,CS1222,N,N,NULL,NULL,NULL,N,NULL,NULL,NULL,NULL,NULL,NULL,1.528,NULL,NULL,NULL,NULL,,NULL,0,0,2,2,N,N,35,NULL,98,9801,NULL,,Y,37.48308,-82.5304,N,NULL,NULL,NULL,NULL,NULL,NULL,NULL,NULL,5,5,2,6,1,1,2,2,7,3,N,NULL,Y,N,1404,1408,1430,N,NULL,47,,,N,,N,N,098-CS-1222-0,NULL,NULL,2023,O,7.30E+11,098-CS-1222  -000,HIGH,098-CS-1222  -000,1.528,0,0,0,1,0,0,1,0,0,0,0,0,0,1
5981,72916082,KSP0900,23-306167,20230628,1009,,US460,,,US0460,US0460,0,098 US-460,US0460,N,N,NULL,NULL,NULL,N,NULL,NULL,NULL,NULL,NULL,NULL,2.367,NULL,NULL,NULL,NULL,,NULL,1,0,1,1,N,N,45,NULL,98,9824,NULL,,Y,37.43323,-82.48605,N,NULL,NULL,NULL,NULL,NULL,NULL,NULL,NULL,9,5,2,6,1,1,2,2,1,3,Y,NULL,Y,N,1009,1017,1100,N,NULL,51,,1,N,,N,N,098-US-0460-0,NULL,NULL,2023,C,7.29E+11,098-US-0460  -000,HIGH,098-US-0460  -000,2.366,0,0,0,0,0,0,1,0,0,0,0,1,0,0
5982,72933572,KSP0900,23-355013,20230811,807,,KY195,,,KY0195,KY0195,0,098 KY-195,KY0195,N,N,NULL,NULL,NULL,N,NULL,NULL,NULL,NULL,NULL,NULL,9.569,NULL,NULL,NULL,NULL,,NULL,0,0,1,1,N,N,55,NULL,98,9830,NULL,,Y,37.34582,-82.42176,N,NULL,NULL,NULL,NULL,NULL,NULL,NULL,NULL,9,3,2,3,1,1,2,2,7,3,N,NULL,Y,N,807,950,950,N,NULL,40,7,0,N,,N,N,098-KY-0195-0,NULL,NULL,2023,O,7.29E+11,098-KY-0195  -000,HIGH,098-KY-0195  -000,9.557,0,0,0,0,0,0,0,0,0,0,0,1,0,0
5983,72888085,980500,2023AR013,20230411,1615,,WEDDINGTON BRANCH,,RD,,,0,098 CS-3026,CS3026,Y,N,NULL,NULL,NULL,N,NULL,NULL,NULL,NULL,NULL,NULL,0.052,NULL,NULL,NULL,NULL,,NULL,0,0,2,2,N,N,15,NULL,98,9807,NULL,,Y,37.52307,-82.56973,N,NULL,NULL,NULL,NULL,NULL,NULL,NULL,NULL,2,97,,6,1,1,2,2,1,3,N,NULL,Y,Y,1615,1625,,N,NULL,90,,,N,,N,N,098-CS-3026-0,NULL,NULL,2023,O,7.29E+11,098-CS-3026  -000,HIGH,098-CS-3026  -000,0.062,0,0,0,0,0,0,1,0,0,0,0,0,0,0
5984,72893955,KSP0900,23-128275,20230404,1822,,SKY VIEW,,DR,,,0,098 CR-1012,CR1012,N,N,NULL,NULL,NULL,N,NULL,NULL,NULL,NULL,NULL,NULL,0.026,NULL,NULL,NULL,NULL,,NULL,0,0,1,1,N,N,10,NULL,98,9834,NULL,,Y,37.68776,-82.30106,N,NULL,NULL,NULL,NULL,NULL,NULL,NULL,NULL,9,97,1,6,1,1,2,2,5,3,N,NULL,N,N,1822,1930,1930,N,NULL,40,,,N,,N,N,098-CR-1012-0,NULL,NULL,2023,O,7.29E+11,098-CR-1012  -000,HIGH,098-CR-1012  -000,0.028,0,0,0,0,0,0,1,0,0,1,0,1,0,0