OBJECTID,MasterFile,AgencyORINumber,LocalCode,CollisionDate,CollisionTime,CollisionDayWeekCode,RoadwayName,RoadwayName_Direction_,RoadwayName_RoadwaySuffix_,RoadwayfromReport,CurrentRoadwayNumber,RoadwayNumberCoupletID,RSEUniqueGIS,RoadwayIdentifier,ParkingLotIndicator,IntersectionWith_Indicator_,IntersectionWith_NameRoadway_,IntersectionWith_Direction_,IntersectionWith_RoadwaySuffix_,BetweenStreets_Indicator_,BetweenStreets1_NameRoadway_,BetweenStreet1_Direction_,BetweenStreets1_RoadwaySuffix_,BetweenStreets2_NameRoadway_,BetweenStreets2_Direction_,BetweenStreets2_RoadwaySuffix_,Milepoint,ReportMilepointDeriveNumber,CurrentDerivedMiepointNumber,MilestoMilepoint,FeettoMilepoint,DirectionfromMilepoint_NSEW_,ValidMilepointIndicator,NumberInjured,NumberKilled,ofUnits,ofMotorVehicleUnits,Hit&RunIndicator,OneWayIndicator,SpeedLimitNumber,KilometersIndicator,CountyCode,CityCountyCode,MilesFromCity,DirectionFromCity_NSEW_,InCityLimitsIndicator,Latitude,Longitude,RampIndicator,RampFromIdentifier,RampFromDirCode,RampFromCoupletID,RSEUniqueGISRampFrom,RampToidentifier,RampToDirCode,RampToCoupletID,RSEUniqueGisRampTo,MannerofCollisionCode,LocationFirstEventCode,TotalLanes,RoadwayCharacterCode,RoadwaySurfaceCode,RoadwayConditionCode,WeatherCode,LightConditionCode,LandUseCode,SchoolBusRelatedCode,FirstAidSceneIndicator,CollDescPresentInd,InvestigationCompleteIndicator,PhotosTakenIndicator,TimeNotified,TimeArrived,TimeRoadwayOpened,PropertyDamageIndicator,DiagramPresentIndicator,DirectionalAnalysis,FunctionClassCode,NationalHwySysCode,EnforcementsIndicator,KARSCityCode,SecondaryCollisionIndicator,MedianCrossoverIndicator,RT_UNIQUE,MapIt,TimeLastLeft,YR,KABCO,MFNY,WorkingRID,RT_CONFIDENCE,KTC_RT,KTC_MP,Motorcyclist,Commercial Vehicle,Young Driver,Mature Driver,Pedestrian,Bicyclist,Distracted,Aggressive,Impaired,Unrestrained,Intersection,Roadway Departure,Median Cross-over,City Crash
5985,72877303,980100,2.02E+11,20230315,1442,,CASSIDY,,BLVD,,,0,098 CS-1191,CS1191,Y,N,NULL,NULL,NULL,N,NULL,NULL,NULL,NULL,NULL,NULL,0.048,NULL,NULL,NULL,NULL,,NULL,1,0,1,1,N,N,,NULL,98,9801,NULL,,Y,37.50368,-82.53294,N,NULL,NULL,NULL,NULL,NULL,NULL,NULL,NULL,9,97,1,6,1,1,2,2,1,3,Y,NULL,Y,Y,1442,1447,1448,N,NULL,90,,,N,,N,N,098-CS-1191-0,NULL,NULL,2023,C,7.29E+11,098-CS-1191  -000,HIGH,098-CS-1191  -000,0.045,0,0,0,1,0,0,1,0,0,0,0,1,0,1
5986,72827983,980000,2211-003,20221110,1535,,US 119,N,,,,,,,N,N,NULL,NULL,NULL,N,NULL,NULL,NULL,NULL,NULL,NULL,,NULL,NULL,NULL,NULL,NULL,NULL,0,0,2,2,N,N,45,NULL,98,9812,2,N,N,37.64859,-82.26762,N,NULL,NULL,NULL,NULL,NULL,NULL,NULL,NULL,8,3,4,6,1,1,2,2,7,3,N,NULL,N,Y,1535,1540,1610,N,NULL,53,,,N,,N,N,,NULL,NULL,2022,O,7.28E+11,098-US-0119  -000,MEDIUM,098-US-0119  -000,23.49,0,0,1,0,0,0,1,0,0,0,0,1,0,0
5987,72764682,980100,2.02E+11,20220502,1307,,HAROLDS BRANCH,,RD,,,,,,N,N,NULL,NULL,NULL,N,NULL,NULL,NULL,NULL,NULL,NULL,0.052,NULL,NULL,NULL,NULL,,NULL,0,0,2,2,N,N,15,NULL,98,9801,NULL,,Y,37.47215,-82.52233,N,NULL,NULL,NULL,NULL,NULL,NULL,NULL,NULL,2,3,2,6,1,1,2,2,1,3,N,NULL,Y,N,1307,1314,,N,NULL,56,,,N,,N,N,,NULL,NULL,2022,O,7.28E+11,098-CS-1223  -000,MEDIUM,098-CS-1223  -000,0.052,0,0,0,1,0,0,1,0,0,0,0,0,0,1
5988,72929514,980100,2.02E+11,20230801,930,,HAMBLEY,,BLVD,,,0,098 CS-1222,CS1222,Y,N,NULL,NULL,NULL,N,NULL,NULL,NULL,NULL,NULL,NULL,0.471,NULL,NULL,NULL,NULL,,NULL,0,0,2,2,N,N,,NULL,98,9801,NULL,,Y,37.4781,-82.5207,N,NULL,NULL,NULL,NULL,NULL,NULL,NULL,NULL,1,97,1,6,2,1,2,2,7,3,N,NULL,Y,N,930,932,932,N,NULL,90,,,N,,N,N,098-CS-1222-0,NULL,NULL,2023,O,7.29E+11,098-CS-1222  -000,HIGH,098-CS-1222  -000,0.472,0,0,0,0,0,0,0,0,0,0,0,0,0,1
5989,72930233,KSP0900,23-347731,20230804,1231,,KY194,,,KY0194,KY0194,0,098 KY-194,KY0194,N,N,NULL,NULL,NULL,N,NULL,NULL,NULL,NULL,NULL,NULL,64.459,NULL,NULL,NULL,NULL,,NULL,0,0,2,2,N,N,35,NULL,98,9873,NULL,,Y,37.55117,-82.10312,N,NULL,NULL,NULL,NULL,NULL,NULL,NULL,NULL,3,3,2,1,1,1,2,2,7,3,Y,NULL,Y,N,1231,1330,1400,N,NULL,52,7,0,N,,N,N,098-KY-0194-0,NULL,NULL,2023,O,7.29E+11,098-KY-0194  -000,HIGH,098-KY-0194  -000,64.463,0,0,0,0,0,0,1,0,0,0,0,1,0,0
5990,72922927,KSP0900,23-314496,20230705,1352,,KY292,,,KY0292,KY0292,0,098 KY-292,KY0292,N,N,NULL,NULL,NULL,N,NULL,NULL,NULL,NULL,NULL,NULL,3.329,NULL,NULL,NULL,NULL,,NULL,0,0,1,1,N,N,45,NULL,98,9869,NULL,,Y,37.65924,-82.24541,N,NULL,NULL,NULL,NULL,NULL,NULL,NULL,NULL,9,3,2,6,1,1,2,2,6,3,N,NULL,Y,Y,1352,1450,1510,Y,NULL,40,8,0,N,,N,N,098-KY-0292-0,NULL,NULL,2023,O,7.29E+11,098-KY-0292  -000,HIGH,098-KY-0292  -000,3.333,0,0,0,0,0,0,0,0,0,0,0,1,0,0
5991,72925890,980100,2.02E+11,20230718,1502,,RATLIFF,,LN,,,0,098 CS-1227,CS1227,Y,N,NULL,NULL,NULL,N,NULL,NULL,NULL,NULL,NULL,NULL,0.075,NULL,NULL,NULL,NULL,,NULL,0,0,2,2,N,N,,NULL,98,9801,NULL,,Y,37.46944,-82.52029,N,NULL,NULL,NULL,NULL,NULL,NULL,NULL,NULL,7,97,,6,1,1,2,2,5,3,N,NULL,Y,N,1502,1507,1528,N,NULL,90,,,Y,,N,N,098-CS-1227-0,NULL,NULL,2023,O,7.29E+11,098-CS-1227  -000,HIGH,098-CS-1227  -000,0.089,0,0,0,0,0,0,1,0,0,0,0,0,0,1
5992,72970747,KSP0900,23-445878,20231104,215,,KY194,E,,KY0194,KY0194,0,098 KY-194,KY0194,N,N,NULL,NULL,NULL,N,NULL,NULL,NULL,NULL,NULL,NULL,44.216,NULL,NULL,NULL,NULL,,NULL,2,0,1,1,N,N,55,NULL,98,9870,NULL,,Y,37.44568,-82.20161,N,NULL,NULL,NULL,NULL,NULL,NULL,NULL,NULL,9,3,2,2,1,1,2,6,7,3,Y,NULL,Y,N,219,311,311,N,NULL,44,8,0,N,,N,N,098-KY-0194-0,NULL,NULL,2023,B,7.30E+11,098-KY-0194  -000,HIGH,098-KY-0194  -000,44.22,0,0,0,0,0,0,0,0,0,1,0,1,0,0
5993,72844277,KSP0900,22-475275,20221213,1311,,US460,,,US0460,US0460,0,098 US-460,US0460,Y,N,NULL,NULL,NULL,N,NULL,NULL,NULL,NULL,NULL,NULL,9.236,NULL,NULL,NULL,NULL,,NULL,0,0,1,1,N,N,35,NULL,98,9822,NULL,,Y,37.36911,-82.41605,N,NULL,NULL,NULL,NULL,NULL,NULL,NULL,NULL,9,97,2,6,1,1,2,2,7,3,N,NULL,Y,N,1311,1317,1317,Y,NULL,90,,1,N,,N,N,098-US-0460-0,NULL,NULL,2022,O,7.28E+11,098-US-0460  -000,HIGH,098-US-0460  -000,9.236,0,0,0,0,0,0,1,0,0,0,0,1,0,0
5994,72932839,980000,23-08-001,20230810,705,,KY1426,,,KY1426,KY1426,0,098 KY-1426,KY1426,N,N,NULL,NULL,NULL,N,NULL,NULL,NULL,NULL,NULL,NULL,11.458,NULL,NULL,NULL,NULL,,NULL,1,0,1,1,N,N,55,NULL,98,9801,0.2,E,N,37.53013,-82.47015,N,NULL,NULL,NULL,NULL,NULL,NULL,NULL,NULL,9,5,2,4,1,5,6,1,6,3,Y,NULL,Y,Y,705,705,725,N,NULL,44,7,0,N,,N,N,098-KY-1426-0,NULL,NULL,2023,C,7.29E+11,098-KY-1426  -000,HIGH,098-KY-1426  -000,11.459,0,0,0,0,0,0,0,0,0,0,0,1,0,0
5995,72905246,980100,2.02E+11,20230526,1230,,BAIRD,,AVE,KY1426,KY1426,0,098 KY-1426,KY1426,N,N,NULL,NULL,NULL,N,NULL,NULL,NULL,NULL,NULL,NULL,5.39,NULL,NULL,NULL,NULL,,NULL,1,0,2,2,N,N,15,NULL,98,9801,NULL,,Y,37.47333,-82.52716,N,NULL,NULL,NULL,NULL,NULL,NULL,NULL,NULL,1,3,4,6,1,1,2,2,7,3,Y,NULL,Y,Y,1230,1233,1255,N,NULL,55,,0,N,,N,N,098-KY-1426-0,NULL,NULL,2023,C,7.29E+11,098-KY-1426  -000,HIGH,098-KY-1426  -000,5.391,0,0,1,0,0,0,1,0,0,0,0,0,0,1
5996,72879158,980500,2023AR010,20230323,1530,,MAYO,N,TRL,,,,,,Y,N,NULL,NULL,NULL,N,NULL,NULL,NULL,NULL,NULL,NULL,,NULL,NULL,NULL,NULL,NULL,NULL,0,0,2,2,N,N,15,NULL,98,9807,NULL,,Y,37.51911,-82.56686,N,NULL,NULL,NULL,NULL,NULL,NULL,NULL,NULL,1,97,2,6,1,1,2,2,1,3,N,NULL,Y,Y,1530,1545,,N,NULL,90,,,N,,N,N,,NULL,NULL,2023,O,7.29E+11,098-CS-3010  -000,MEDIUM,098-CS-3010  -000,0.006,0,0,0,1,0,0,1,0,0,0,0,0,0,0
5997,72937290,980100,2.02E+11,20230821,1201,,JUSTICE WAY,,RD,,,0,098 CS-1215,CS1215,Y,N,NULL,NULL,NULL,N,NULL,NULL,NULL,NULL,NULL,NULL,,NULL,NULL,NULL,NULL,NULL,NULL,0,0,2,2,N,N,,NULL,98,9801,NULL,,Y,37.50715,-82.54703,N,NULL,NULL,NULL,NULL,NULL,NULL,NULL,NULL,2,97,1,6,1,1,2,2,1,3,N,NULL,Y,N,1201,1216,1217,N,NULL,90,,,N,,N,N,098-CS-1215-0,NULL,NULL,2023,O,7.29E+11,098-CS-1215  -000,HIGH,098-CS-1215  -000,0.309,0,0,0,1,0,0,0,0,0,0,0,0,0,1
5998,72960136,980100,2.02E+11,20231017,1449,,CASSIDY,,BLVD,,,0,098 CS-1191,CS1191,Y,N,NULL,NULL,NULL,N,NULL,NULL,NULL,NULL,NULL,NULL,0.349,NULL,NULL,NULL,NULL,,NULL,0,0,2,2,N,N,15,NULL,98,9801,NULL,,Y,37.50515,-82.53782,N,NULL,NULL,NULL,NULL,NULL,NULL,NULL,NULL,2,97,2,6,1,1,3,2,1,3,N,NULL,Y,N,1449,1454,1454,N,NULL,90,,,N,,N,N,098-CS-1191-0,NULL,NULL,2023,O,7.30E+11,098-CS-1191  -000,HIGH,098-CS-1191  -000,0.352,0,0,1,0,0,0,1,0,0,0,0,0,0,1
5999,72879689,980100,2.02E+11,20230325,1429,,US23,,,US0023,US0023,,,,N,N,NULL,NULL,NULL,N,NULL,NULL,NULL,NULL,NULL,NULL,30.232,NULL,NULL,NULL,NULL,,NULL,0,0,1,1,N,N,55,NULL,98,9801,NULL,,Y,37.53985,-82.58177,N,NULL,NULL,NULL,NULL,NULL,NULL,NULL,NULL,9,5,4,6,1,1,2,2,7,3,N,NULL,Y,N,1429,1441,,N,NULL,40,,1,N,,N,N,,NULL,NULL,2023,O,7.29E+11,098-US-0023  -000,MEDIUM,098-US-0023  -000,30.213,0,0,0,0,0,0,0,0,0,0,0,1,0,1
6000,72854461,KSP0900,23-10709,20230109,619,,US460,,,US0460,US0460,0,098 US-460,US0460,N,N,NULL,NULL,NULL,N,NULL,NULL,NULL,NULL,NULL,NULL,4.092,NULL,NULL,NULL,NULL,,NULL,1,0,1,1,N,N,55,NULL,98,9801,NULL,,Y,37.41923,-82.46055,N,NULL,NULL,NULL,NULL,NULL,NULL,NULL,NULL,9,3,2,6,1,2,2,6,7,3,N,NULL,Y,Y,626,647,715,N,NULL,70,,1,N,,N,N,098-US-0460-0,NULL,NULL,2023,C,7.29E+11,098-US-0460  -000,HIGH,098-US-0460  -000,4.092,0,0,0,1,0,0,0,0,0,0,0,1,0,0
6001,72876222,KSP0900,23-100530,20230315,2248,,ISLAND CREEK,,RD,KY1426,KY1426,0,098 KY-1426,KY1426,N,N,NULL,NULL,NULL,N,NULL,NULL,NULL,NULL,NULL,NULL,0.99,NULL,NULL,NULL,NULL,,NULL,0,0,2,2,N,N,55,NULL,98,9801,NULL,,Y,37.45663,-82.57571,N,NULL,NULL,NULL,NULL,NULL,NULL,NULL,NULL,3,97,2,3,1,1,2,6,7,3,N,NULL,Y,N,2248,2311,2311,N,NULL,47,8,0,N,,N,N,098-KY-1426-0,NULL,NULL,2023,O,7.29E+11,098-KY-1426  -000,HIGH,098-KY-1426  -000,1.025,0,0,0,0,0,0,0,0,0,0,0,1,0,0
6002,73000377,KSP0900,23-440638,20231030,746,,COLLINS,,HWY,KY0122,KY0122,,,,N,N,NULL,NULL,NULL,N,NULL,NULL,NULL,NULL,NULL,NULL,13.039,NULL,NULL,NULL,NULL,,NULL,0,0,2,2,N,N,45,NULL,98,9801,4,S,N,37.40541,-82.51603,N,NULL,NULL,NULL,NULL,NULL,NULL,NULL,NULL,7,3,2,6,2,1,2,2,7,3,N,NULL,Y,N,746,759,759,N,NULL,54,,0,N,,N,N,,NULL,NULL,2023,O,7.30E+11,098-KY-0122  -000,HIGH,098-KY-0122  -000,13.05,0,0,0,0,0,0,1,0,0,0,0,1,0,0
6003,72866291,980100,2.02E+11,20230216,1228,,LEE,,AVE,,,0,098 CS-1191,CS1191,Y,N,NULL,NULL,NULL,N,NULL,NULL,NULL,NULL,NULL,NULL,,NULL,NULL,NULL,NULL,NULL,NULL,0,0,2,2,N,N,,NULL,98,9801,NULL,,Y,37.50375,-82.53226,N,NULL,NULL,NULL,NULL,NULL,NULL,NULL,NULL,2,97,1,6,1,5,6,2,1,3,N,NULL,Y,N,1253,1300,1300,N,NULL,90,,,N,,N,N,098-CS-1191-0,NULL,NULL,2023,O,7.29E+11,098-CS-1191  -000,HIGH,098-CS-1191  -000,0.006,0,0,0,0,0,0,1,0,0,0,0,0,0,1
6004,72765917,980100,2.02E+11,20220524,1352,,BYPASS,,RD,,,0,098 CS-1223,CS1223,Y,N,NULL,NULL,NULL,N,NULL,NULL,NULL,NULL,NULL,NULL,,NULL,NULL,NULL,NULL,NULL,NULL,0,0,2,2,N,N,,NULL,98,9801,NULL,,Y,37.47128,-82.52117,N,NULL,NULL,NULL,NULL,NULL,NULL,NULL,NULL,1,97,1,6,2,1,2,2,1,3,N,NULL,Y,N,1333,1334,1334,N,NULL,90,,,N,,N,N,098-CS-1223-0,NULL,NULL,2022,O,7.28E+11,098-CS-1223  -000,HIGH,098-CS-1223  -000,0.136,0,0,0,1,0,0,0,0,0,0,0,0,0,1
6005,72831878,980100,2.02E+11,20221116,2110,,CASSIDY,,BLVD,,,0,098 CS-1191,CS1191,N,Y,US119,,,N,NULL,NULL,NULL,NULL,NULL,NULL,0.007,NULL,NULL,NULL,NULL,,NULL,0,0,2,2,N,N,55,NULL,98,9801,NULL,,Y,37.50375,-82.53227,N,NULL,NULL,NULL,NULL,NULL,NULL,NULL,NULL,3,3,4,6,1,1,2,5,7,3,N,NULL,Y,N,2110,2115,2202,N,NULL,52,,,N,,N,N,098-CS-1191-0,NULL,NULL,2022,O,7.28E+11,098-CS-1191  -000,HIGH,098-CS-1191  -000,0.007,0,0,1,0,0,0,1,1,0,0,1,0,0,1
6006,72888955,KSP0900,23-149583,20230419,2159,,BEAVER CK,,RD,KY1373,KY1373,0,098 KY-1373,KY1373,N,N,NULL,NULL,NULL,N,NULL,NULL,NULL,NULL,NULL,NULL,2.315,NULL,NULL,NULL,NULL,,NULL,0,0,1,1,N,N,55,NULL,98,9802,NULL,,Y,37.32646,-82.32513,N,NULL,NULL,NULL,NULL,NULL,NULL,NULL,NULL,9,3,4,6,1,1,2,6,7,3,N,NULL,Y,N,2159,2233,2233,N,NULL,38,8,0,N,,N,N,098-KY-1373-0,NULL,NULL,2023,O,7.29E+11,098-KY-1373  -000,HIGH,098-KY-1373  -000,2.271,0,0,0,0,0,0,0,0,0,0,0,0,0,0
6007,72827036,KSP0900,22-430861,20221109,458,,US119,,,US0119,US0119,0,098 US-119,US0119,N,N,NULL,NULL,NULL,N,NULL,NULL,NULL,NULL,NULL,NULL,12.794,NULL,NULL,NULL,NULL,,NULL,0,0,1,1,N,N,55,NULL,98,9833,NULL,,Y,37.60535,-82.36733,N,NULL,NULL,NULL,NULL,NULL,NULL,NULL,NULL,9,3,2,6,1,1,2,4,7,3,N,NULL,Y,Y,458,525,525,N,NULL,38,2,1,N,,N,N,098-US-0119-0,NULL,NULL,2022,O,7.28E+11,098-US-0119  -000,HIGH,098-US-0119  -000,12.794,0,0,0,0,0,0,0,0,0,0,0,0,0,0
6008,72980949,KSP0900,23-473936,20231128,2101,,FEDSCREEK,,RD,KY0366,KY0366,0,098 KY-366,KY0366,Y,N,NULL,NULL,NULL,N,NULL,NULL,NULL,NULL,NULL,NULL,0.271,NULL,NULL,NULL,NULL,,NULL,0,0,2,2,N,N,35,NULL,98,9839,NULL,,Y,37.40172,-82.24439,N,NULL,NULL,NULL,NULL,NULL,NULL,NULL,NULL,2,97,2,6,1,1,2,7,8,3,N,NULL,Y,Y,2101,2305,2320,N,NULL,90,9,0,N,,N,N,098-KY-0366-0,NULL,NULL,2023,O,7.30E+11,098-KY-0366  -000,HIGH,098-KY-0366  -000,0.269,0,0,0,0,0,0,0,0,0,0,0,0,0,0
6009,72985048,KSP0900,23-473976,20231128,2157,,COLLINS,,HWY,KY0122,KY0122,0,098 KY-122,KY0122,N,N,NULL,NULL,NULL,N,NULL,NULL,NULL,NULL,NULL,NULL,10.371,NULL,NULL,NULL,NULL,,NULL,0,0,2,2,N,N,45,NULL,98,9823,NULL,,Y,37.38714,-82.54402,N,NULL,NULL,NULL,NULL,NULL,NULL,NULL,NULL,8,3,2,6,1,1,2,5,7,3,N,NULL,Y,Y,2157,2300,2300,N,NULL,53,,0,N,,N,N,098-KY-0122-0,NULL,NULL,2023,O,7.30E+11,098-KY-0122  -000,HIGH,098-KY-0122  -000,10.37,0,0,1,0,0,0,1,0,0,0,0,1,0,0
6010,72849268,KSP0900,22-466973,20221207,745,,ABNER MOUNTAIN,,RD,KY0122,KY0122,0,098 KY-122,KY0122,N,N,NULL,NULL,NULL,N,NULL,NULL,NULL,NULL,NULL,NULL,0.448,NULL,NULL,NULL,NULL,,NULL,0,1,1,1,N,N,55,NULL,98,9827,NULL,,Y,37.35031,-82.64905,N,NULL,NULL,NULL,NULL,NULL,NULL,NULL,NULL,9,3,2,1,1,5,6,2,7,3,N,NULL,Y,Y,745,804,900,N,NULL,40,,0,N,,N,N,098-KY-0122-0,NULL,NULL,2022,K,7.28E+11,098-KY-0122  -000,HIGH,098-KY-0122  -000,0.448,0,0,0,1,0,0,0,0,0,1,0,1,0,0
6011,72982345,980100,2.02E+11,20231205,951,,KY3496,,,KY3496,KY3496,0,098 KY-3496,KY3496,Y,N,NULL,NULL,NULL,N,NULL,NULL,NULL,NULL,NULL,NULL,0.77,NULL,NULL,NULL,NULL,,NULL,0,0,2,2,N,N,15,NULL,98,9801,NULL,,Y,37.47215,-82.53008,N,NULL,NULL,NULL,NULL,NULL,NULL,NULL,NULL,2,97,2,6,1,1,2,2,1,3,N,NULL,Y,N,951,1006,,N,NULL,90,16,0,N,,N,N,098-KY-3496-0,NULL,NULL,2023,O,7.30E+11,098-KY-3496  -000,HIGH,098-KY-3496  -000,0.771,0,0,0,1,0,0,1,0,0,0,0,0,0,1
6012,72827107,980100,2.02E+11,20221105,1207,,MAIN,,ST,,,0,098 CS-1112,CS1112,Y,N,NULL,NULL,NULL,N,NULL,NULL,NULL,NULL,NULL,NULL,0.119,NULL,NULL,NULL,NULL,,NULL,0,0,2,2,N,N,,NULL,98,9801,NULL,,Y,37.47927,-82.51764,N,NULL,NULL,NULL,NULL,NULL,NULL,NULL,NULL,2,97,,6,1,1,2,2,1,3,N,NULL,Y,N,1207,1210,1210,N,NULL,90,,,N,,N,N,098-CS-1112-0,NULL,NULL,2022,O,7.28E+11,098-CS-1112  -000,HIGH,098-CS-1112  -000,0.119,0,0,0,0,0,0,1,0,0,0,0,0,0,1
6013,72962530,KSP0900,23-431201,20231021,1308,,US119,,,US0119,US0119,0,098 US-119,US0119,Y,N,NULL,NULL,NULL,N,NULL,NULL,NULL,NULL,NULL,NULL,24.349,NULL,NULL,NULL,NULL,,NULL,1,0,2,2,N,N,,NULL,98,9834,NULL,,Y,37.65993,-82.27326,N,NULL,NULL,NULL,NULL,NULL,NULL,NULL,NULL,2,97,4,6,1,1,2,2,5,3,Y,NULL,Y,Y,1503,1534,1534,N,NULL,90,2,1,N,,N,N,098-US-0119-0,NULL,NULL,2023,C,7.30E+11,098-US-0119  -000,HIGH,098-US-0119  -000,24.348,0,0,0,0,0,0,1,0,0,0,0,0,0,0
6014,72920381,980100,2.02E+11,20230608,1911,,CASSIDY,,BLVD,,,0,098 CS-1191,CS1191,Y,N,NULL,NULL,NULL,N,NULL,NULL,NULL,NULL,NULL,NULL,0.066,NULL,NULL,NULL,NULL,,NULL,0,0,2,2,N,N,,NULL,98,9801,NULL,,Y,37.50366,-82.53322,N,NULL,NULL,NULL,NULL,NULL,NULL,NULL,NULL,2,97,1,6,1,1,2,2,1,3,N,NULL,Y,N,1911,1921,,N,NULL,90,,,N,,N,N,098-CS-1191-0,NULL,NULL,2023,O,7.29E+11,098-CS-1191  -000,HIGH,098-CS-1191  -000,0.061,0,0,0,0,0,0,1,0,0,0,0,0,0,1
6015,72835224,980100,2.02E+11,20221122,1643,,US23 TURN LANE,,,US0023,US0023,0,098 US-23-20,US0023,N,N,NULL,NULL,NULL,N,NULL,NULL,NULL,NULL,NULL,NULL,0.008,NULL,NULL,NULL,NULL,,NULL,0,0,2,2,N,N,55,NULL,98,9801,NULL,,Y,37.50395,-82.53219,N,NULL,NULL,NULL,NULL,NULL,NULL,NULL,NULL,5,3,4,6,1,1,2,2,1,3,N,NULL,Y,N,1643,1649,,N,NULL,70,,1,N,,N,N,098-US-0023-20,NULL,NULL,2022,O,7.28E+11,098-US-0023  -020,HIGH,098-US-0023  -020,0.008,0,0,1,0,0,0,0,0,0,0,0,0,0,1
6016,72907822,KSP0900,23-213715,20230605,1324,,MARROWBONE CREEK,,RD,KY0195,KY0195,,,,N,N,NULL,NULL,NULL,N,NULL,NULL,NULL,NULL,NULL,NULL,11.258,NULL,NULL,NULL,NULL,,NULL,1,0,1,1,N,N,45,NULL,98,9830,NULL,,Y,37.36447,-82.41357,N,NULL,NULL,NULL,NULL,NULL,NULL,NULL,NULL,9,3,2,6,1,1,2,2,7,3,Y,NULL,Y,Y,1324,1334,1420,N,NULL,44,7,0,N,,N,N,,NULL,NULL,2023,C,7.29E+11,098-KY-0195  -000,HIGH,098-KY-0195  -000,11.263,0,0,0,0,0,0,0,0,0,0,0,1,0,0
6017,72874641,980100,2.02E+11,20230312,1648,,US23,,,US0023,US0023,0,098 US-23-10,US0023,N,N,NULL,NULL,NULL,N,NULL,NULL,NULL,NULL,NULL,NULL,22.292,NULL,NULL,NULL,NULL,,NULL,0,0,2,2,N,N,55,NULL,98,9801,NULL,,Y,37.46136,-82.51698,N,NULL,NULL,NULL,NULL,NULL,NULL,NULL,NULL,1,3,4,3,1,5,3,2,7,3,N,NULL,Y,N,1648,1648,1648,N,NULL,55,,1,N,,N,N,098-US-0023-10,NULL,NULL,2023,O,7.29E+11,098-US-0023  -010,HIGH,098-US-0023  -000,22.225,0,0,1,1,0,0,1,0,0,0,0,0,0,1
6018,72885055,980100,2.02E+11,20230409,1959,,KY3496,,,KY3496,KY3496,0,098 KY-3496,KY3496,Y,N,NULL,NULL,NULL,N,NULL,NULL,NULL,NULL,NULL,NULL,0.565,NULL,NULL,NULL,NULL,,NULL,0,0,2,2,N,N,35,NULL,98,9801,NULL,,Y,37.47103,-82.53345,N,NULL,NULL,NULL,NULL,NULL,NULL,NULL,NULL,5,97,2,6,1,1,2,3,5,3,N,NULL,Y,N,1959,2003,2003,N,NULL,90,16,0,N,,N,N,098-KY-3496-0,NULL,NULL,2023,O,7.29E+11,098-KY-3496  -000,HIGH,098-KY-3496  -000,0.566,0,0,0,1,0,0,1,0,0,0,0,0,0,1
6019,72986721,980100,2.02E+11,20231215,1709,,PEACH ORCHARD,,DR,,,,,,N,N,NULL,NULL,NULL,N,NULL,NULL,NULL,NULL,NULL,NULL,0.176,NULL,NULL,NULL,NULL,,NULL,0,0,2,2,N,N,15,NULL,98,9801,NULL,,Y,37.4795,-82.52341,N,NULL,NULL,NULL,NULL,NULL,NULL,NULL,NULL,3,3,1,2,1,1,2,2,6,3,N,NULL,Y,N,1709,1715,1731,N,NULL,52,,,N,,N,N,,NULL,NULL,2023,O,7.30E+11,098-CS-1219  -000,HIGH,098-CS-1219  -000,0.173,0,0,1,0,0,0,0,0,0,0,0,1,0,1
6020,72884567,KSP0900,23-130578,20230406,1355,,ELSWICK FORK,,RD,,,0,098 CR-1600,CR1600,N,N,NULL,NULL,NULL,N,NULL,NULL,NULL,NULL,NULL,NULL,0.456,NULL,NULL,NULL,NULL,,NULL,0,0,2,2,N,N,35,NULL,98,9876,NULL,,Y,37.38488,-82.30769,N,NULL,NULL,NULL,NULL,NULL,NULL,NULL,NULL,5,3,1,6,1,1,2,2,7,3,N,NULL,Y,N,1355,1512,1512,N,NULL,49,,,N,,N,N,098-CR-1600-0,NULL,NULL,2023,O,7.29E+11,098-CR-1600  -000,HIGH,098-CR-1600  -000,0.457,0,0,1,0,0,0,1,0,0,0,0,0,0,0
6021,72853392,980100,2.02E+11,20230111,1546,,HAMBLEY,,BLVD,,,0,098 CS-1222,CS1222,N,N,NULL,NULL,NULL,N,NULL,NULL,NULL,NULL,NULL,NULL,0.434,NULL,NULL,NULL,NULL,,NULL,0,0,2,2,N,N,25,NULL,98,9801,NULL,,Y,37.47766,-82.52111,N,NULL,NULL,NULL,NULL,NULL,NULL,NULL,NULL,8,3,2,6,1,1,2,2,8,3,N,NULL,Y,N,1546,1549,1634,N,NULL,53,,,N,,N,N,098-CS-1222-0,NULL,NULL,2023,O,7.29E+11,098-CS-1222  -000,HIGH,098-CS-1222  -000,0.434,0,0,1,1,0,0,1,0,0,0,0,1,0,1
6022,72904378,KSP0900,23-202148,20230528,153,,US460,,,US0460,US0460,0,098 US-460,US0460,N,N,NULL,NULL,NULL,N,NULL,NULL,NULL,NULL,NULL,NULL,13.555,NULL,NULL,NULL,NULL,,NULL,0,0,1,1,N,N,55,NULL,98,9805,NULL,,Y,37.33501,-82.38484,N,NULL,NULL,NULL,NULL,NULL,NULL,NULL,NULL,9,3,2,3,1,5,6,6,7,3,N,NULL,N,N,157,211,300,N,NULL,70,,1,N,,N,N,098-US-0460-0,NULL,NULL,2023,O,7.29E+11,098-US-0460  -000,HIGH,098-US-0460  -000,13.529,0,0,0,0,0,0,0,0,0,0,0,1,0,0