OBJECTID,MasterFile,AgencyORINumber,LocalCode,CollisionDate,CollisionTime,CollisionDayWeekCode,RoadwayName,RoadwayName_Direction_,RoadwayName_RoadwaySuffix_,RoadwayfromReport,CurrentRoadwayNumber,RoadwayNumberCoupletID,RSEUniqueGIS,RoadwayIdentifier,ParkingLotIndicator,IntersectionWith_Indicator_,IntersectionWith_NameRoadway_,IntersectionWith_Direction_,IntersectionWith_RoadwaySuffix_,BetweenStreets_Indicator_,BetweenStreets1_NameRoadway_,BetweenStreet1_Direction_,BetweenStreets1_RoadwaySuffix_,BetweenStreets2_NameRoadway_,BetweenStreets2_Direction_,BetweenStreets2_RoadwaySuffix_,Milepoint,ReportMilepointDeriveNumber,CurrentDerivedMiepointNumber,MilestoMilepoint,FeettoMilepoint,DirectionfromMilepoint_NSEW_,ValidMilepointIndicator,NumberInjured,NumberKilled,ofUnits,ofMotorVehicleUnits,Hit&RunIndicator,OneWayIndicator,SpeedLimitNumber,KilometersIndicator,CountyCode,CityCountyCode,MilesFromCity,DirectionFromCity_NSEW_,InCityLimitsIndicator,Latitude,Longitude,RampIndicator,RampFromIdentifier,RampFromDirCode,RampFromCoupletID,RSEUniqueGISRampFrom,RampToidentifier,RampToDirCode,RampToCoupletID,RSEUniqueGisRampTo,MannerofCollisionCode,LocationFirstEventCode,TotalLanes,RoadwayCharacterCode,RoadwaySurfaceCode,RoadwayConditionCode,WeatherCode,LightConditionCode,LandUseCode,SchoolBusRelatedCode,FirstAidSceneIndicator,CollDescPresentInd,InvestigationCompleteIndicator,PhotosTakenIndicator,TimeNotified,TimeArrived,TimeRoadwayOpened,PropertyDamageIndicator,DiagramPresentIndicator,DirectionalAnalysis,FunctionClassCode,NationalHwySysCode,EnforcementsIndicator,KARSCityCode,SecondaryCollisionIndicator,MedianCrossoverIndicator,RT_UNIQUE,MapIt,TimeLastLeft,YR,KABCO,MFNY,WorkingRID,RT_CONFIDENCE,KTC_RT,KTC_MP,Motorcyclist,Commercial Vehicle,Young Driver,Mature Driver,Pedestrian,Bicyclist,Distracted,Aggressive,Impaired,Unrestrained,Intersection,Roadway Departure,Median Cross-over,City Crash
6023,72797040,980100,2.02E+11,20220822,706,,BYPASS,S,RD,KY1426,KY1426,0,098 KY-1426,KY1426,Y,N,NULL,NULL,NULL,N,NULL,NULL,NULL,NULL,NULL,NULL,5.537,NULL,NULL,NULL,NULL,,NULL,0,0,2,2,N,N,,NULL,98,9801,NULL,,Y,37.47236,-82.5256,N,NULL,NULL,NULL,NULL,NULL,NULL,NULL,NULL,2,97,2,6,1,1,3,1,5,3,N,NULL,Y,N,707,710,710,N,NULL,90,,0,N,,N,N,098-KY-1426-0,NULL,NULL,2022,O,7.28E+11,098-KY-1426  -000,HIGH,098-KY-1426  -000,5.537,0,0,0,0,0,0,1,0,0,0,0,0,0,1
6024,72950958,KSP0900,23-398025,20230919,1659,,BIG CREEK,E,RD,KY3220,KY3220,0,098 KY-3220,KY3220,Y,N,NULL,NULL,NULL,N,NULL,NULL,NULL,NULL,NULL,NULL,0.938,NULL,NULL,NULL,NULL,,NULL,0,0,2,2,N,N,10,NULL,98,9833,NULL,,Y,37.62011,-82.35265,N,NULL,NULL,NULL,NULL,NULL,NULL,NULL,NULL,2,97,2,6,1,1,2,2,1,3,N,NULL,Y,N,1659,1800,1800,N,NULL,90,8,0,N,,N,N,098-KY-3220-0,NULL,NULL,2023,O,7.30E+11,098-KY-3220  -000,HIGH,098-KY-3220  -000,0.938,0,0,0,0,0,0,0,0,0,0,0,0,0,0
6025,72953487,980100,2.02E+11,20231001,1440,,COLLEGE,S,ST,,,,,,N,N,NULL,NULL,NULL,N,NULL,NULL,NULL,NULL,NULL,NULL,0.244,NULL,NULL,NULL,NULL,,NULL,0,0,2,2,N,N,15,NULL,98,9801,NULL,,Y,37.47485,-82.52505,N,NULL,NULL,NULL,NULL,NULL,NULL,NULL,NULL,2,3,1,6,1,1,2,2,6,3,N,NULL,Y,N,1440,1445,,N,NULL,47,,,N,,N,N,,NULL,NULL,2023,O,7.30E+11,098-CS-1152  -000,HIGH,098-CS-1152  -000,0.166,0,0,0,0,0,0,0,0,0,0,0,0,0,1
6026,72962222,980100,2.02E+11,20231018,1758,,CASSIDY,,BLVD,,,0,098 CS-1191,CS1191,Y,N,NULL,NULL,NULL,N,NULL,NULL,NULL,NULL,NULL,NULL,0.165,NULL,NULL,NULL,NULL,,NULL,0,0,2,2,N,N,,NULL,98,9801,NULL,,Y,37.50362,-82.53473,N,NULL,NULL,NULL,NULL,NULL,NULL,NULL,NULL,2,97,,6,1,1,2,2,1,3,N,NULL,Y,N,1759,1804,1818,N,NULL,90,,,N,,N,N,098-CS-1191-0,NULL,NULL,2023,O,7.30E+11,098-CS-1191  -000,HIGH,098-CS-1191  -000,0.142,0,0,0,1,0,0,1,0,0,0,0,0,0,1
6027,72839977,KSP0900,22-469674,20221209,759,,US23,,,US0023,US0023,0,098 US-23,US0023,N,N,NULL,NULL,NULL,N,NULL,NULL,NULL,NULL,NULL,NULL,13.51,NULL,NULL,NULL,NULL,,NULL,0,0,2,2,N,N,55,NULL,98,9824,NULL,,Y,37.37934,-82.54056,N,NULL,NULL,NULL,NULL,NULL,NULL,NULL,NULL,5,3,4,6,1,5,10,2,7,3,N,NULL,Y,N,807,814,814,N,NULL,70,,1,N,,N,N,098-US-0023-0,NULL,NULL,2022,O,7.28E+11,098-US-0023  -000,HIGH,098-US-0023  -000,13.51,0,0,1,0,0,0,1,0,0,0,0,0,0,0
6028,72970676,980200,980200,20231106,1510,,FERRELLS CREEK,,RD,US0460,US0460,0,098 US-460,US0460,Y,N,NULL,NULL,NULL,N,NULL,NULL,NULL,NULL,NULL,NULL,18.481,NULL,NULL,NULL,NULL,,NULL,1,0,3,3,N,N,55,NULL,98,9876,8,W,N,37.36106,-82.31241,N,NULL,NULL,NULL,NULL,NULL,NULL,NULL,NULL,5,97,2,6,1,1,2,2,8,3,Y,NULL,Y,Y,1515,1532,1630,N,NULL,90,,1,N,,Y,N,098-US-0460-0,NULL,NULL,2023,B,7.30E+11,098-US-0460  -000,HIGH,098-US-0460  -000,18.45,0,0,1,0,0,0,0,1,0,1,0,0,0,0
6029,72935505,980100,2.02E+11,20230816,745,,BYPASS,S,RD,KY1426,KY1426,0,098 KY-1426,KY1426,N,N,NULL,NULL,NULL,N,NULL,NULL,NULL,NULL,NULL,NULL,6.207,NULL,NULL,NULL,NULL,,NULL,0,0,2,2,N,N,35,NULL,98,9801,NULL,,Y,37.47786,-82.51608,N,NULL,NULL,NULL,NULL,NULL,NULL,NULL,NULL,1,3,2,6,1,1,2,2,7,3,N,NULL,Y,N,745,745,745,N,NULL,55,,0,N,,N,N,098-KY-1426-0,NULL,NULL,2023,O,7.29E+11,098-KY-1426  -000,HIGH,098-KY-1426  -000,6.207,0,0,0,0,0,0,1,0,0,0,0,0,0,1
6030,72895174,KSP0900,2023-170754,20230505,1926,,US23,,,US0023,US0023,,,,N,N,NULL,NULL,NULL,N,NULL,NULL,NULL,NULL,NULL,NULL,11.684,NULL,NULL,NULL,NULL,,NULL,4,0,2,2,N,N,55,NULL,98,9827,NULL,,Y,37.35871,-82.55492,N,NULL,NULL,NULL,NULL,NULL,NULL,NULL,NULL,4,3,4,6,1,1,2,2,6,3,Y,NULL,N,Y,1926,1931,2039,N,NULL,70,,1,N,,N,N,,NULL,NULL,2023,B,7.29E+11,098-US-0023  -000,MEDIUM,098-US-0023  -000,11.674,0,0,0,0,0,0,1,0,0,0,0,0,0,0
6031,72827174,KSP0900,22-429133,20221107,1954,,US460,,,US0460,US0460,0,098 US-460,US0460,N,N,NULL,NULL,NULL,N,NULL,NULL,NULL,NULL,NULL,NULL,5.85,NULL,NULL,NULL,NULL,,NULL,0,0,1,1,N,N,55,NULL,98,9832,NULL,,Y,37.40527,-82.43655,N,NULL,NULL,NULL,NULL,NULL,NULL,NULL,NULL,9,3,2,6,1,1,2,6,7,3,N,NULL,N,N,1950,1951,1951,N,NULL,38,,1,N,,N,N,098-US-0460-0,NULL,NULL,2022,O,7.28E+11,098-US-0460  -000,HIGH,098-US-0460  -000,5.85,0,0,0,0,0,0,0,0,0,0,0,0,0,0
6032,72936106,KSP0900,23-363129,20230818,1800,,KY122,,,KY0122,KY0122,0,098 KY-122,KY0122,Y,N,NULL,NULL,NULL,N,NULL,NULL,NULL,NULL,NULL,NULL,9.986,NULL,NULL,NULL,NULL,,NULL,0,0,2,2,N,N,5,NULL,98,9823,NULL,,Y,37.38716,-82.55025,N,NULL,NULL,NULL,NULL,NULL,NULL,NULL,NULL,7,97,2,6,1,1,2,2,1,3,N,NULL,N,N,1800,1820,1820,N,NULL,90,,0,N,,N,N,098-KY-0122-0,NULL,NULL,2023,O,7.29E+11,098-KY-0122  -000,HIGH,098-KY-0122  -000,9.975,0,0,0,1,0,0,0,0,0,0,0,0,0,0
6033,72902738,980100,2.02E+11,20230522,1340,,NORTHMONTE,,DR,,,0,098 CS-1098,CS1098,N,N,NULL,NULL,NULL,N,NULL,NULL,NULL,NULL,NULL,NULL,0.005,NULL,NULL,NULL,NULL,,NULL,0,0,1,1,Y,N,15,NULL,98,9801,NULL,,Y,37.48362,-82.53853,N,NULL,NULL,NULL,NULL,NULL,NULL,NULL,NULL,9,97,2,6,1,1,2,2,6,3,N,NULL,Y,N,1340,1340,1340,Y,NULL,40,,,N,,N,N,098-CS-1098-0,NULL,NULL,2023,O,7.29E+11,098-CS-1098  -000,HIGH,098-CS-1098  -000,0.005,0,0,0,0,0,0,0,0,0,0,0,1,0,1
6034,72959613,980100,2.02E+11,20230923,2032,,CASSIDY,,BLVD,,,0,098 CS-1191,CS1191,Y,N,NULL,NULL,NULL,N,NULL,NULL,NULL,NULL,NULL,NULL,0.053,NULL,NULL,NULL,NULL,,NULL,0,0,2,2,N,N,15,NULL,98,9801,NULL,,Y,37.50368,-82.53302,N,NULL,NULL,NULL,NULL,NULL,NULL,NULL,NULL,2,97,1,6,1,1,2,5,1,3,N,NULL,Y,N,2032,2039,,N,NULL,90,,,N,,N,N,098-CS-1191-0,NULL,NULL,2023,O,7.30E+11,098-CS-1191  -000,HIGH,098-CS-1191  -000,0.05,0,0,1,0,0,0,1,0,0,0,0,0,0,1
6035,72740947,KSP0900,22-95381,20220316,315,,GRAPEVINE,,RD,KY0194,KY0194,0,098 KY-194,KY0194,N,N,NULL,NULL,NULL,N,NULL,NULL,NULL,NULL,NULL,NULL,36.657,NULL,NULL,NULL,NULL,,NULL,0,0,1,1,N,N,35,NULL,98,9849,NULL,,Y,37.45571,-82.27895,N,NULL,NULL,NULL,NULL,NULL,NULL,NULL,NULL,9,5,2,1,1,1,2,7,7,3,N,NULL,N,Y,315,350,350,N,NULL,40,7,0,N,,N,N,098-KY-0194-0,NULL,NULL,2022,O,7.27E+11,098-KY-0194  -000,HIGH,098-KY-0194  -000,36.657,0,0,0,0,0,0,1,0,0,0,0,1,0,0
6036,72858568,KSP0900,23-11350,20230109,1627,,,,,US0119,US0119,,,,N,N,NULL,NULL,NULL,N,NULL,NULL,NULL,NULL,NULL,NULL,0.026,NULL,NULL,NULL,NULL,NULL,NULL,1,2,2,2,N,N,55,NULL,98,9820,NULL,,Y,37.562,-82.42115,N,NULL,NULL,NULL,NULL,NULL,NULL,NULL,NULL,4,3,2,6,1,1,2,2,7,3,Y,NULL,N,Y,1627,1644,1833,N,NULL,70,2,1,N,,N,N,,NULL,NULL,2023,K,7.29E+11,098-US-0119  -231,MEDIUM,098-US-0119  -231,0,0,1,0,1,0,0,1,1,0,1,0,0,0,0
6037,72945051,KSP0900,23-387619,20230909,2107,,US23,,,US0023,US0023,0,098 US-23,US0023,N,N,NULL,NULL,NULL,N,NULL,NULL,NULL,NULL,NULL,NULL,29.28,NULL,NULL,NULL,NULL,,NULL,0,0,2,2,N,N,45,NULL,98,9807,NULL,,Y,37.52744,-82.5743,N,NULL,NULL,NULL,NULL,NULL,NULL,NULL,NULL,5,3,6,6,1,5,6,6,7,3,N,NULL,N,N,2107,2120,2140,N,NULL,49,,1,N,,N,N,098-US-0023-0,NULL,NULL,2023,O,7.29E+11,098-US-0023  -000,HIGH,098-US-0023  -000,29.262,0,0,0,1,0,0,0,0,0,0,0,0,0,0
6038,72976084,KSP0900,23-465990,20231121,1010,,FISHTRAP,,RD,KY1441,KY1441,0,098 KY-1441,KY1441,N,N,NULL,NULL,NULL,N,NULL,NULL,NULL,NULL,NULL,NULL,7.977,NULL,NULL,NULL,NULL,,NULL,0,0,1,1,N,N,55,NULL,98,9849,NULL,,Y,37.49085,-82.43995,N,NULL,NULL,NULL,NULL,NULL,NULL,NULL,NULL,9,3,2,1,1,5,6,2,7,3,N,NULL,Y,N,1010,1020,1045,N,NULL,44,8,0,N,,N,N,098-KY-1441-0,NULL,NULL,2023,O,7.30E+11,098-KY-1441  -000,HIGH,098-KY-1441  -000,7.975,0,0,1,0,0,0,0,0,0,0,0,1,0,0
6039,72813715,KSP0900,22-385929,20221006,910,,KY1426,,,KY1426,KY1426,0,098 KY-1426,KY1426,N,N,NULL,NULL,NULL,N,NULL,NULL,NULL,NULL,NULL,NULL,12.539,NULL,NULL,NULL,NULL,,NULL,0,0,2,2,N,N,55,NULL,98,9828,NULL,,Y,37.54341,-82.46774,N,NULL,NULL,NULL,NULL,NULL,NULL,NULL,NULL,5,3,2,3,1,1,2,2,7,3,N,NULL,N,N,907,910,945,N,NULL,49,7,0,N,,N,N,098-KY-1426-0,NULL,NULL,2022,O,7.28E+11,098-KY-1426  -000,HIGH,098-KY-1426  -000,12.539,0,0,1,1,0,0,0,1,0,0,0,0,0,0
6040,72911867,KSP0900,23-219162,20230609,1155,,US119,,,US0119,US0119,0,098 US-119,US0119,N,N,NULL,NULL,NULL,N,NULL,NULL,NULL,NULL,NULL,NULL,24.622,NULL,NULL,NULL,NULL,,NULL,0,1,2,2,N,N,45,NULL,98,9834,NULL,,Y,37.66377,-82.27316,N,NULL,NULL,NULL,NULL,NULL,NULL,NULL,NULL,1,3,4,3,1,1,2,2,7,3,Y,NULL,N,Y,1201,1208,1215,N,NULL,55,2,1,N,,N,N,098-US-0119-0,NULL,NULL,2023,K,7.29E+11,098-US-0119  -000,HIGH,098-US-0119  -000,24.621,1,0,0,0,0,0,1,1,0,0,0,0,0,0
6041,72964787,980100,2.02E+11,20231026,1559,,OWENS,,DR,,,,,,N,N,NULL,NULL,NULL,N,NULL,NULL,NULL,NULL,NULL,NULL,0.006,NULL,NULL,NULL,NULL,,NULL,0,0,2,2,N,N,15,NULL,98,9801,NULL,,Y,37.48691,-82.52828,N,NULL,NULL,NULL,NULL,NULL,NULL,NULL,NULL,3,3,1,5,1,1,2,2,6,3,N,NULL,Y,N,1559,1608,1618,N,NULL,52,,,N,,N,N,,NULL,NULL,2023,O,7.30E+11,098-PR-1185  -000,HIGH,098-PR-1185  -000,0.001,0,0,0,0,0,0,1,0,0,0,0,1,0,1
6042,72990043,KSP0900,23-502388,20231225,2238,,KY195,,,KY0195,KY0195,0,098 KY-195,KY0195,N,N,NULL,NULL,NULL,N,NULL,NULL,NULL,NULL,NULL,NULL,5.019,NULL,NULL,NULL,NULL,,NULL,0,0,1,1,N,N,35,NULL,98,9818,NULL,,Y,37.31402,-82.47335,N,NULL,NULL,NULL,NULL,NULL,NULL,NULL,NULL,9,4,2,3,1,5,6,6,7,3,N,NULL,Y,Y,2238,2307,1115,N,NULL,40,8,0,N,,N,N,098-KY-0195-0,NULL,NULL,2023,O,7.30E+11,098-KY-0195  -000,HIGH,098-KY-0195  -000,5.019,0,0,1,0,0,0,0,0,0,0,0,1,0,0
6043,72873547,KSP0900,23-88560,20230307,745,,US23 CONNECTOR TO KY122,,,US0023,US0023,,,,N,N,NULL,NULL,NULL,N,NULL,NULL,NULL,NULL,NULL,NULL,0.017,NULL,NULL,NULL,NULL,,NULL,0,0,2,2,N,N,25,NULL,98,9801,3,S,N,37.38909,-82.53632,N,NULL,NULL,NULL,NULL,NULL,NULL,NULL,NULL,5,3,2,1,1,1,2,2,7,3,N,NULL,Y,N,745,752,752,N,NULL,70,,1,Y,,N,N,,NULL,NULL,2023,O,7.29E+11,098-US-0023  -070,MEDIUM,098-US-0023  -070,0.014,0,0,0,0,0,0,1,1,0,0,0,0,0,0
6044,72896422,980100,2.02E+11,20230504,1043,,US23,,,US0023,US0023,0,098 US-23,US0023,N,N,NULL,NULL,NULL,N,NULL,NULL,NULL,NULL,NULL,NULL,24.819,NULL,NULL,NULL,NULL,,NULL,0,0,2,2,N,N,55,NULL,98,9801,NULL,,Y,37.48639,-82.54192,N,NULL,NULL,NULL,NULL,NULL,NULL,NULL,NULL,1,3,4,6,1,1,2,2,7,3,N,NULL,Y,N,1043,1048,1049,N,NULL,55,,1,N,,N,N,098-US-0023-0,NULL,NULL,2023,O,7.29E+11,098-US-0023  -000,HIGH,098-US-0023  -000,24.778,0,0,0,1,0,0,1,0,0,0,0,0,0,1
6045,72944138,KSP0900,23-382983,20230905,1902,,WALKER MCCOY,,DR,,,0,098 PR-1055,PR1055,N,N,NULL,NULL,NULL,N,NULL,NULL,NULL,NULL,NULL,NULL,0.139,NULL,NULL,NULL,NULL,,NULL,0,0,2,2,N,N,5,NULL,98,9834,NULL,,Y,37.66137,-82.27227,N,NULL,NULL,NULL,NULL,NULL,NULL,NULL,NULL,7,3,2,6,1,1,2,2,1,3,N,NULL,Y,N,1902,1915,1902,N,NULL,54,,,N,,N,N,098-PR-1055-0,NULL,NULL,2023,O,7.29E+11,098-PR-1055  -000,HIGH,098-PR-1055  -000,0.133,0,0,0,0,0,0,0,1,0,0,0,1,0,0
6046,72887082,KSP0900,23-136937,20230411,812,,US23,,,US0023,US0023,0,098 US-23-10,US0023,Y,N,NULL,NULL,NULL,N,NULL,NULL,NULL,NULL,NULL,NULL,4.512,NULL,NULL,NULL,NULL,,NULL,0,0,2,2,N,N,55,NULL,98,9809,2,N,N,37.28179,-82.57401,N,NULL,NULL,NULL,NULL,NULL,NULL,NULL,NULL,2,97,0,6,1,1,2,2,7,3,N,NULL,Y,N,812,821,851,N,NULL,90,,1,Y,,N,N,098-US-0023-10,NULL,NULL,2023,O,7.29E+11,098-US-0023  -010,HIGH,098-US-0023  -000,4.522,0,0,0,0,0,0,0,0,0,0,0,0,0,0
6047,72839047,980100,2.02E+11,20221206,1715,,,,,US0023,US0023,,,,N,N,NULL,NULL,NULL,N,NULL,NULL,NULL,NULL,NULL,NULL,0.001,NULL,NULL,NULL,NULL,NULL,NULL,0,0,2,2,N,N,35,NULL,98,9801,NULL,,Y,37.47928,-82.54309,Y,KY1384,S,NULL,098 US-23-241,US0023,S,NULL,098 US-23-241,5,3,4,5,1,5,6,5,1,3,N,NULL,Y,N,1715,1718,1720,N,NULL,85,,1,N,,N,N,,NULL,NULL,2022,O,7.28E+11,098-US-0023  -241,MEDIUM,098-US-0023  -241,0.001,0,0,0,1,0,0,1,0,0,0,0,0,0,1
6048,72859680,980100,2.02E+11,20230126,746,,CHLOE,,RD,KY1460,KY1460,0,098 KY-1460,KY1460,N,N,NULL,NULL,NULL,N,NULL,NULL,NULL,NULL,NULL,NULL,4.294,NULL,NULL,NULL,NULL,,NULL,0,0,2,2,N,N,35,NULL,98,9801,NULL,,Y,37.47663,-82.50191,N,NULL,NULL,NULL,NULL,NULL,NULL,NULL,NULL,7,3,2,6,1,5,3,2,7,3,N,NULL,Y,N,746,746,747,N,NULL,54,,0,N,,N,N,098-KY-1460-0,NULL,NULL,2023,O,7.29E+11,098-KY-1460  -000,HIGH,098-KY-1460  -000,4.257,0,0,0,0,0,0,0,0,0,0,0,1,0,1
6049,72813240,980200,980200,20220908,1137,,KY197,,,KY0197,KY0197,0,098 KY-197,KY0197,N,N,NULL,NULL,NULL,N,NULL,NULL,NULL,NULL,NULL,NULL,16.399,NULL,NULL,NULL,NULL,,NULL,0,0,2,2,N,N,35,NULL,98,9802,NULL,,Y,37.30101,-82.35313,N,NULL,NULL,NULL,NULL,NULL,NULL,NULL,NULL,1,7,2,6,1,1,2,2,1,3,N,NULL,N,N,1137,1140,,N,NULL,47,7,0,N,,N,N,098-KY-0197-0,NULL,NULL,2022,O,7.28E+11,098-KY-0197  -000,HIGH,098-KY-0197  -000,16.399,0,0,0,1,0,0,0,0,0,0,0,0,0,0
6050,72943284,980100,2.02E+11,20230906,1644,,CHLOE,,RD,KY1460,KY1460,0,098 KY-1460,KY1460,N,N,NULL,NULL,NULL,N,NULL,NULL,NULL,NULL,NULL,NULL,4.222,NULL,NULL,NULL,NULL,,NULL,1,0,1,1,N,N,35,NULL,98,9801,NULL,,Y,37.47631,-82.50067,N,NULL,NULL,NULL,NULL,NULL,NULL,NULL,NULL,9,5,2,3,1,1,2,2,3,3,Y,NULL,Y,Y,1644,1648,1826,Y,NULL,40,,0,N,,N,N,098-KY-1460-0,NULL,NULL,2023,B,7.29E+11,098-KY-1460  -000,HIGH,098-KY-1460  -000,4.182,0,0,1,0,0,0,1,0,0,0,0,1,0,1
6051,72980938,KSP0900,23-478041,20231202,1825,,GREASY,,CRK,KY3226,KY3226,0,098 KY-3226,KY3226,N,N,NULL,NULL,NULL,N,NULL,NULL,NULL,NULL,NULL,NULL,2.879,NULL,NULL,NULL,NULL,,NULL,0,0,1,1,N,N,55,NULL,98,9832,NULL,,Y,37.4124,-82.45798,N,NULL,NULL,NULL,NULL,NULL,NULL,NULL,NULL,9,3,2,6,1,5,5,6,7,3,N,NULL,Y,N,1825,1847,1847,N,NULL,44,8,0,N,,N,N,098-KY-3226-0,NULL,NULL,2023,O,7.30E+11,098-KY-3226  -000,HIGH,098-KY-3226  -000,2.905,0,0,1,0,0,0,0,0,0,0,0,1,0,0
6052,72941875,980100,2.02E+11,20230901,1311,,US119,,,US0119,US0119,0,098 US-119,US0119,N,N,NULL,NULL,NULL,N,NULL,NULL,NULL,NULL,NULL,NULL,2.708,NULL,NULL,NULL,NULL,,NULL,0,0,2,2,N,N,55,NULL,98,9801,NULL,,Y,37.51406,-82.4869,N,NULL,NULL,NULL,NULL,NULL,NULL,NULL,NULL,5,3,4,4,1,1,2,2,1,3,N,NULL,Y,N,1311,1319,1319,N,NULL,49,2,1,Y,,N,N,098-US-0119-0,NULL,NULL,2023,O,7.29E+11,098-US-0119  -000,HIGH,098-US-0119  -000,2.707,0,0,0,0,0,0,1,0,0,0,0,0,0,1
6053,72945756,980100,2.02E+11,20230913,1114,,BYPASS,S,RD,KY1426,KY1426,0,098 KY-1426,KY1426,N,N,NULL,NULL,NULL,N,NULL,NULL,NULL,NULL,NULL,NULL,5.666,NULL,NULL,NULL,NULL,,NULL,0,0,2,2,N,N,45,NULL,98,9801,NULL,,Y,37.47266,-82.52327,N,NULL,NULL,NULL,NULL,NULL,NULL,NULL,NULL,5,3,2,6,1,1,3,2,1,3,N,NULL,Y,N,1114,1117,1119,N,NULL,49,,0,N,,N,N,098-KY-1426-0,NULL,NULL,2023,O,7.29E+11,098-KY-1426  -000,HIGH,098-KY-1426  -000,5.667,0,0,0,0,0,0,1,0,0,0,0,0,0,1
6054,72844561,980200,KY0980200,20221115,630,,STILLHOUSE,,AVE,,,0,098 CS-2017,CS2017,N,Y,7TH,W,ST,N,NULL,NULL,NULL,NULL,NULL,NULL,0.277,NULL,NULL,NULL,NULL,,NULL,1,0,1,1,N,N,15,NULL,98,9802,NULL,,Y,37.30066,-82.348,N,NULL,NULL,NULL,NULL,NULL,NULL,NULL,NULL,9,4,1,2,1,5,3,1,6,3,N,NULL,Y,Y,635,640,644,N,NULL,5,,,N,,N,N,098-CS-2017-0,NULL,NULL,2022,B,7.28E+11,098-CS-2017  -000,HIGH,098-CS-2017  -000,0.277,0,0,0,0,0,0,1,0,0,0,1,0,0,0
6055,72989257,KSP0900,23-495135,20231218,1755,,US23,,,US0023,US0023,0,098 US-23,US0023,N,N,NULL,NULL,NULL,N,NULL,NULL,NULL,NULL,NULL,NULL,11.082,NULL,NULL,NULL,NULL,,NULL,0,0,2,2,N,N,55,NULL,98,9806,NULL,,Y,37.35065,-82.55165,N,NULL,NULL,NULL,NULL,NULL,NULL,NULL,NULL,8,3,4,6,1,4,9,6,7,3,N,NULL,N,N,1800,1825,1900,N,NULL,53,,1,N,,N,N,098-US-0023-0,NULL,NULL,2023,O,7.30E+11,098-US-0023  -000,HIGH,098-US-0023  -000,11.069,0,0,0,1,0,0,0,0,0,0,0,1,0,0
6056,72958533,980500,2023AR047,20231013,1257,,US23,,,US0023,US0023,0,098 US-23,US0023,N,N,NULL,NULL,NULL,N,NULL,NULL,NULL,NULL,NULL,NULL,,NULL,NULL,NULL,NULL,NULL,NULL,1,0,2,2,N,N,45,NULL,98,9807,NULL,,Y,37.51742,-82.56326,N,NULL,NULL,NULL,NULL,NULL,NULL,NULL,NULL,5,3,6,6,1,1,2,2,7,3,Y,NULL,Y,Y,1257,1300,1315,N,NULL,49,,1,N,,N,N,098-US-0023-0,NULL,NULL,2023,C,7.30E+11,098-US-0023  -000,HIGH,098-US-0023  -000,28.325,0,0,0,0,0,0,1,1,0,0,0,0,0,0
6057,72862163,KSP0900,23-40593,20230201,1523,,FISHTRAP,,RD,KY1441,KY1441,0,098 KY-1441,KY1441,N,N,NULL,NULL,NULL,N,NULL,NULL,NULL,NULL,NULL,NULL,2.721,NULL,NULL,NULL,NULL,,NULL,1,0,2,2,N,N,35,NULL,98,9832,NULL,,Y,37.428,-82.42877,N,NULL,NULL,NULL,NULL,NULL,NULL,NULL,NULL,3,3,2,3,1,5,3,2,7,3,Y,NULL,Y,Y,1527,1550,1630,N,NULL,52,8,0,N,,N,N,098-KY-1441-0,NULL,NULL,2023,C,7.29E+11,098-KY-1441  -000,HIGH,098-KY-1441  -000,2.718,0,0,1,0,0,0,0,0,0,0,0,1,0,0
6058,72869150,KSP0900,23-70308,20230223,1215,,CASSIDY,,BLVD,,,,,,N,N,NULL,NULL,NULL,N,NULL,NULL,NULL,NULL,NULL,NULL,0.047,NULL,NULL,NULL,NULL,,NULL,0,0,2,2,N,N,25,NULL,98,9801,NULL,,Y,37.50369,-82.53293,N,NULL,NULL,NULL,NULL,NULL,NULL,NULL,NULL,1,3,3,6,1,1,2,2,1,3,N,NULL,Y,N,1215,1215,1215,N,NULL,55,,,N,,N,N,,NULL,NULL,2023,O,7.29E+11,098-CS-1191  -000,MEDIUM,098-CS-1191  -000,0.045,0,0,0,0,0,0,0,1,0,0,0,0,0,1
6059,72813587,980100,2.02E+11,20221005,1634,,MAYO,N,TRL,US0023,US0023,0,098 US-23,US0023,N,N,NULL,NULL,NULL,N,NULL,NULL,NULL,NULL,NULL,NULL,27.163,NULL,NULL,NULL,NULL,,NULL,0,0,2,2,N,N,55,NULL,98,9801,NULL,,Y,37.51045,-82.5445,N,NULL,NULL,NULL,NULL,NULL,NULL,NULL,NULL,5,3,4,6,1,1,2,2,2,3,N,NULL,Y,N,1634,1645,1647,N,NULL,70,,1,N,,N,N,098-US-0023-0,NULL,NULL,2022,O,7.28E+11,098-US-0023  -000,HIGH,098-US-0023  -000,27.163,0,0,0,0,0,0,1,0,0,0,0,0,0,1