OBJECTID,MasterFile,AgencyORINumber,LocalCode,CollisionDate,CollisionTime,CollisionDayWeekCode,RoadwayName,RoadwayName_Direction_,RoadwayName_RoadwaySuffix_,RoadwayfromReport,CurrentRoadwayNumber,RoadwayNumberCoupletID,RSEUniqueGIS,RoadwayIdentifier,ParkingLotIndicator,IntersectionWith_Indicator_,IntersectionWith_NameRoadway_,IntersectionWith_Direction_,IntersectionWith_RoadwaySuffix_,BetweenStreets_Indicator_,BetweenStreets1_NameRoadway_,BetweenStreet1_Direction_,BetweenStreets1_RoadwaySuffix_,BetweenStreets2_NameRoadway_,BetweenStreets2_Direction_,BetweenStreets2_RoadwaySuffix_,Milepoint,ReportMilepointDeriveNumber,CurrentDerivedMiepointNumber,MilestoMilepoint,FeettoMilepoint,DirectionfromMilepoint_NSEW_,ValidMilepointIndicator,NumberInjured,NumberKilled,ofUnits,ofMotorVehicleUnits,Hit&RunIndicator,OneWayIndicator,SpeedLimitNumber,KilometersIndicator,CountyCode,CityCountyCode,MilesFromCity,DirectionFromCity_NSEW_,InCityLimitsIndicator,Latitude,Longitude,RampIndicator,RampFromIdentifier,RampFromDirCode,RampFromCoupletID,RSEUniqueGISRampFrom,RampToidentifier,RampToDirCode,RampToCoupletID,RSEUniqueGisRampTo,MannerofCollisionCode,LocationFirstEventCode,TotalLanes,RoadwayCharacterCode,RoadwaySurfaceCode,RoadwayConditionCode,WeatherCode,LightConditionCode,LandUseCode,SchoolBusRelatedCode,FirstAidSceneIndicator,CollDescPresentInd,InvestigationCompleteIndicator,PhotosTakenIndicator,TimeNotified,TimeArrived,TimeRoadwayOpened,PropertyDamageIndicator,DiagramPresentIndicator,DirectionalAnalysis,FunctionClassCode,NationalHwySysCode,EnforcementsIndicator,KARSCityCode,SecondaryCollisionIndicator,MedianCrossoverIndicator,RT_UNIQUE,MapIt,TimeLastLeft,YR,KABCO,MFNY,WorkingRID,RT_CONFIDENCE,KTC_RT,KTC_MP,Motorcyclist,Commercial Vehicle,Young Driver,Mature Driver,Pedestrian,Bicyclist,Distracted,Aggressive,Impaired,Unrestrained,Intersection,Roadway Departure,Median Cross-over,City Crash
6060,72862097,980100,2.02E+11,20230203,1155,,MAIN,,ST,,,0,098 CS-1112,CS1112,Y,N,NULL,NULL,NULL,N,NULL,NULL,NULL,NULL,NULL,NULL,0.027,NULL,NULL,NULL,NULL,,NULL,0,0,2,2,N,N,,NULL,98,9801,NULL,,Y,37.47809,-82.51836,N,NULL,NULL,NULL,NULL,NULL,NULL,NULL,NULL,2,97,1,6,1,1,2,2,1,3,N,NULL,Y,N,1155,1156,1156,N,NULL,90,,,N,,N,N,098-CS-1112-0,NULL,NULL,2023,O,7.29E+11,098-CS-1112  -000,HIGH,098-CS-1112  -000,0.027,0,0,0,0,0,0,1,0,0,0,0,0,0,1
6061,72946719,KSP0900,23-387650,20230909,2144,,US119,N,,US0119,US0119,0,098 US-119-10,US0119,N,N,NULL,NULL,NULL,N,NULL,NULL,NULL,NULL,NULL,NULL,22.634,NULL,NULL,NULL,NULL,,NULL,0,0,2,2,N,N,55,NULL,98,9834,NULL,,Y,37.64004,-82.25928,N,NULL,NULL,NULL,NULL,NULL,NULL,NULL,NULL,5,3,2,3,1,5,6,5,7,3,N,NULL,N,N,2144,2150,2150,N,NULL,49,2,1,N,,N,N,098-US-0119-10,NULL,NULL,2023,O,7.29E+11,098-US-0119  -010,HIGH,098-US-0119  -000,22.633,0,0,1,0,0,0,0,0,0,0,0,0,0,0
6062,72911685,980500,2023AR029,20230612,1800,,MAYO TRAIL,N,,,,,,,Y,N,NULL,NULL,NULL,N,NULL,NULL,NULL,NULL,NULL,NULL,,NULL,NULL,NULL,NULL,NULL,NULL,0,0,2,2,N,N,15,NULL,98,9807,NULL,,Y,37.51747,-82.56517,N,NULL,NULL,NULL,NULL,NULL,NULL,NULL,NULL,1,97,,6,1,1,2,2,1,3,N,NULL,Y,N,1800,1805,,N,NULL,90,,,N,,N,N,,NULL,NULL,2023,O,7.29E+11,098-CS-3004  -000,MEDIUM,098-CS-3004  -000,0.041,0,0,1,0,0,0,1,0,0,0,0,0,0,0
6063,72933911,980100,2.02E+11,20230813,930,,KY3496,,,KY3496,KY3496,0,098 KY-3496,KY3496,Y,N,NULL,NULL,NULL,N,NULL,NULL,NULL,NULL,NULL,NULL,0.761,NULL,NULL,NULL,NULL,,NULL,0,0,2,2,N,N,15,NULL,98,9801,NULL,,Y,37.47203,-82.53024,N,NULL,NULL,NULL,NULL,NULL,NULL,NULL,NULL,2,97,2,6,1,1,3,2,1,3,N,NULL,Y,N,930,936,936,N,NULL,90,16,0,N,,N,N,098-KY-3496-0,NULL,NULL,2023,O,7.29E+11,098-KY-3496  -000,HIGH,098-KY-3496  -000,0.761,0,0,0,0,0,0,1,0,0,0,0,0,0,1
6064,72906346,980500,2023AR026,20230531,1500,,RIGHT FORK OF COWPEN,,RD,,,0,098 CR-1321Q4,CR1321Q4,N,N,NULL,NULL,NULL,N,NULL,NULL,NULL,NULL,NULL,NULL,2.043,NULL,NULL,NULL,NULL,,NULL,2,0,1,1,N,N,35,NULL,98,9807,NULL,,Y,37.55505,-82.5294,N,NULL,NULL,NULL,NULL,NULL,NULL,NULL,NULL,9,3,1,3,1,1,2,2,6,3,Y,NULL,Y,Y,1515,1525,1615,N,NULL,44,,,N,,N,N,098-CR-1321Q4-0,NULL,NULL,2023,B,7.29E+11,098-CR-1321Q4-000,HIGH,098-CR-1321Q4-000,0.124,0,0,1,0,0,0,1,0,0,0,0,1,0,0
6065,72857456,KSP0900,23-29444,20230123,1546,,US460,,,US0460,US0460,,,,N,N,NULL,NULL,NULL,N,NULL,NULL,NULL,NULL,NULL,NULL,4.964,NULL,NULL,NULL,NULL,,NULL,0,0,2,2,N,N,55,NULL,98,9805,NULL,,Y,37.41152,-82.44972,N,NULL,NULL,NULL,NULL,NULL,NULL,NULL,NULL,7,3,2,6,1,5,3,2,7,3,N,NULL,Y,N,1546,1604,1604,N,NULL,54,,1,N,,N,N,,NULL,NULL,2023,O,7.29E+11,098-US-0460  -000,HIGH,098-US-0460  -000,4.95,0,0,0,0,0,0,0,0,0,0,0,1,0,0
6066,72873110,980100,2.02E+11,20230227,1204,,CASSIDY,,BLVD,,,0,098 CS-1191,CS1191,Y,N,NULL,NULL,NULL,N,NULL,NULL,NULL,NULL,NULL,NULL,0.031,NULL,NULL,NULL,NULL,,NULL,0,0,2,2,N,N,,NULL,98,9801,NULL,,Y,37.50371,-82.53275,N,NULL,NULL,NULL,NULL,NULL,NULL,NULL,NULL,2,97,1,6,1,1,2,2,1,3,N,NULL,Y,N,1204,1220,1220,N,NULL,90,,,N,,N,N,098-CS-1191-0,NULL,NULL,2023,O,7.29E+11,098-CS-1191  -000,HIGH,098-CS-1191  -000,0.035,0,0,0,0,0,0,1,0,0,0,0,0,0,1
6067,72962737,KSP0900,23-428240,20231018,1518,,UPPER JOHNS,,CRK,KY0632,KY0632,0,098 KY-632,KY0632,N,N,NULL,NULL,NULL,N,NULL,NULL,NULL,NULL,NULL,NULL,5.769,NULL,NULL,NULL,NULL,,NULL,1,0,1,1,N,N,55,NULL,98,9817,NULL,,Y,37.49353,-82.26467,N,NULL,NULL,NULL,NULL,NULL,NULL,NULL,NULL,9,3,2,6,1,1,2,2,7,3,Y,NULL,Y,Y,1518,1600,1621,N,NULL,44,6,0,N,,N,N,098-KY-0632-0,NULL,NULL,2023,A,7.30E+11,098-KY-0632  -000,HIGH,098-KY-0632  -000,5.795,0,0,0,1,0,0,0,0,0,0,0,1,0,0
6068,72925558,KSP0900,23-335449,20230723,2340,,KY1056,,,KY1056,KY1056,0,098 KY-1056,KY1056,N,N,NULL,NULL,NULL,N,NULL,NULL,NULL,NULL,NULL,NULL,6.34,NULL,NULL,NULL,NULL,,NULL,0,0,1,1,N,N,55,NULL,98,9879,NULL,,Y,37.56681,-82.18809,N,NULL,NULL,NULL,NULL,NULL,NULL,NULL,NULL,9,3,2,3,1,1,2,7,7,3,N,NULL,N,N,2340,2350,10,N,NULL,70,7,0,N,,N,N,098-KY-1056-0,NULL,NULL,2023,O,7.29E+11,098-KY-1056  -000,HIGH,098-KY-1056  -000,6.328,0,0,0,0,0,0,0,0,0,0,0,1,0,0
6069,72853060,KSP0900,23-3668,20230103,2159,,KY1056,,,KY1056,KY1056,0,098 KY-1056,KY1056,N,N,NULL,NULL,NULL,N,NULL,NULL,NULL,NULL,NULL,NULL,8.132,NULL,NULL,NULL,NULL,,NULL,1,0,1,1,N,N,45,NULL,98,9863,NULL,,Y,37.58427,-82.17536,N,NULL,NULL,NULL,NULL,NULL,NULL,NULL,NULL,9,3,2,6,1,5,2,7,6,3,Y,NULL,N,Y,2037,2048,2150,N,NULL,40,7,0,N,,N,N,098-KY-1056-0,NULL,NULL,2023,A,7.29E+11,098-KY-1056  -000,HIGH,098-KY-1056  -000,8.154,0,0,0,0,0,0,0,0,1,0,0,1,0,0
6070,72870676,980100,2.02E+11,20230223,1746,,CASSIDY,,BLVD,,,,,,Y,N,NULL,NULL,NULL,N,NULL,NULL,NULL,NULL,NULL,NULL,0.348,NULL,NULL,NULL,NULL,,NULL,0,0,2,2,N,N,,NULL,98,9801,NULL,,Y,37.50524,-82.53786,N,NULL,NULL,NULL,NULL,NULL,NULL,NULL,NULL,6,97,,6,1,1,2,2,1,3,N,NULL,Y,N,1747,1755,1809,N,NULL,90,,,N,,N,N,,NULL,NULL,2023,O,7.29E+11,098-CS-1191  -000,MEDIUM,098-CS-1191  -000,0.352,0,0,0,1,0,0,1,0,0,0,0,0,0,1
6071,72941490,980100,2.02E+11,20230902,1508,,KY3495,,,KY3495,KY3495,0,098 KY-3495,KY3495,Y,N,NULL,NULL,NULL,N,NULL,NULL,NULL,NULL,NULL,NULL,0.036,NULL,NULL,NULL,NULL,,NULL,0,0,2,2,N,N,10,NULL,98,9801,NULL,,Y,37.4868,-82.54249,N,NULL,NULL,NULL,NULL,NULL,NULL,NULL,NULL,2,97,2,5,1,1,2,2,5,3,N,NULL,Y,N,1508,1508,1508,N,NULL,90,17,0,N,,N,N,098-KY-3495-0,NULL,NULL,2023,O,7.29E+11,098-KY-3495  -000,HIGH,098-KY-3495  -000,0.035,0,0,0,0,0,0,1,0,0,0,0,0,0,1
6072,72916296,KSP0900,23-234578,20230620,104,,TOLER,,RD,KY0319,KY0319,0,098 KY-319,KY0319,N,N,NULL,NULL,NULL,N,NULL,NULL,NULL,NULL,NULL,NULL,0.892,NULL,NULL,NULL,NULL,,NULL,1,0,1,1,N,N,55,NULL,98,9879,NULL,,Y,37.58372,-82.19417,N,NULL,NULL,NULL,NULL,NULL,NULL,NULL,NULL,9,3,2,1,1,5,6,2,7,3,Y,NULL,N,N,1049,1100,1130,N,NULL,40,7,0,N,,N,N,098-KY-0319-0,NULL,NULL,2023,B,7.29E+11,098-KY-0319  -000,HIGH,098-KY-0319  -000,0.884,0,0,0,0,0,0,0,1,0,0,0,1,0,0
6073,72927565,980100,2.02E+11,20230721,2028,,CASSIDY,,BLVD,,,0,098 CS-1191,CS1191,N,N,NULL,NULL,NULL,N,NULL,NULL,NULL,NULL,NULL,NULL,0.26,NULL,NULL,NULL,NULL,,NULL,0,0,2,2,N,N,25,NULL,98,9801,NULL,,Y,37.50462,-82.53609,N,NULL,NULL,NULL,NULL,NULL,NULL,NULL,NULL,1,3,4,6,1,1,2,1,1,3,N,NULL,Y,N,2028,2040,2040,N,NULL,55,,,N,,N,N,098-CS-1191-0,NULL,NULL,2023,O,7.29E+11,098-CS-1191  -000,HIGH,098-CS-1191  -000,0.242,0,0,0,0,0,0,1,0,0,0,0,0,0,1
6074,72951340,980100,2.02E+11,20230904,1810,,HAMBLEY,,BLVD,,,,,,Y,N,NULL,NULL,NULL,N,NULL,NULL,NULL,NULL,NULL,NULL,,NULL,NULL,NULL,NULL,NULL,NULL,0,0,2,1,N,N,15,NULL,98,9801,NULL,,Y,37.4805,-82.51934,N,NULL,NULL,NULL,NULL,NULL,NULL,NULL,NULL,8,97,1,4,1,1,2,2,5,3,N,NULL,Y,N,1810,1813,,N,NULL,90,,,N,,N,N,,NULL,NULL,2023,O,7.30E+11,098-CS-1222  -000,MEDIUM,098-CS-1222  -000,0.656,0,0,0,1,0,0,0,0,0,0,0,0,0,1
6075,72894157,KSP0900,23-166900,20230503,734,,US460,,,US0460,US0460,0,098 US-460,US0460,N,N,NULL,NULL,NULL,N,NULL,NULL,NULL,NULL,NULL,NULL,2.793,NULL,NULL,NULL,NULL,,NULL,0,0,2,2,N,N,55,NULL,98,9824,NULL,,Y,37.43045,-82.47911,N,NULL,NULL,NULL,NULL,NULL,NULL,NULL,NULL,5,3,2,6,1,5,3,2,2,3,N,NULL,Y,N,734,735,800,N,NULL,49,,1,N,,N,N,098-US-0460-0,NULL,NULL,2023,O,7.29E+11,098-US-0460  -000,HIGH,098-US-0460  -000,2.793,0,0,0,0,0,0,1,0,0,0,0,0,0,0
6076,72955897,980100,2.02E+11,20231003,2013,,COLLEGE,S,ST,,,0,098 CS-1152,CS1152,N,N,NULL,NULL,NULL,N,NULL,NULL,NULL,NULL,NULL,NULL,0.134,NULL,NULL,NULL,NULL,,NULL,0,0,2,2,N,N,25,NULL,98,9801,NULL,,Y,37.4756,-82.52363,N,NULL,NULL,NULL,NULL,NULL,NULL,NULL,NULL,1,3,2,6,1,1,2,5,7,3,N,NULL,Y,N,2013,2024,,N,NULL,55,,,N,,N,N,098-CS-1152-0,NULL,NULL,2023,O,7.30E+11,098-CS-1152  -000,HIGH,098-CS-1152  -000,0.072,0,0,1,0,0,0,0,1,0,0,0,0,0,1
6077,72937691,KSP0900,23-368396,20230823,1430,,LEFT FORK ISLAND,,CRK,,,0,098 CR-1233Q3,CR1233Q3,N,N,NULL,NULL,NULL,N,NULL,NULL,NULL,NULL,NULL,NULL,0.268,NULL,NULL,NULL,NULL,,NULL,0,0,2,2,N,N,25,NULL,98,9801,NULL,,Y,37.43323,-82.5587,N,NULL,NULL,NULL,NULL,NULL,NULL,NULL,NULL,7,3,1,6,1,1,2,2,7,3,N,NULL,Y,N,1430,1457,1530,N,NULL,54,,,N,,N,N,098-CR-1233Q3-0,NULL,NULL,2023,O,7.29E+11,098-CR-1233Q3-000,HIGH,098-CR-1233Q3-000,0.27,0,0,0,1,0,0,0,0,0,0,0,1,0,0
6078,72910245,980100,2.02E+11,20230605,1723,,CASSIDY,,BLVD,,,0,098 CS-1191,CS1191,N,N,NULL,NULL,NULL,N,NULL,NULL,NULL,NULL,NULL,NULL,0.057,NULL,NULL,NULL,NULL,,NULL,0,0,2,2,N,N,25,NULL,98,9801,NULL,,Y,37.50367,-82.53307,N,NULL,NULL,NULL,NULL,NULL,NULL,NULL,NULL,5,3,1,6,1,1,2,2,7,3,N,NULL,Y,N,1723,1728,1728,N,NULL,70,,,N,,N,N,098-CS-1191-0,NULL,NULL,2023,O,7.29E+11,098-CS-1191  -000,HIGH,098-CS-1191  -000,0.053,0,0,1,0,0,0,1,1,0,0,0,0,0,1
6079,72952158,980100,2.02E+11,20230926,1200,,US23,,,US0023,US0023,0,098 US-23,US0023,N,N,NULL,NULL,NULL,N,NULL,NULL,NULL,NULL,NULL,NULL,30.527,NULL,NULL,NULL,NULL,,NULL,2,0,2,2,N,N,55,NULL,98,9801,NULL,,Y,37.54263,-82.58542,N,NULL,NULL,NULL,NULL,NULL,NULL,NULL,NULL,5,3,4,2,1,1,2,2,3,3,Y,NULL,Y,Y,1200,1208,1322,N,NULL,49,,1,N,,N,Y,098-US-0023-0,NULL,NULL,2023,B,7.30E+11,098-US-0023  -000,HIGH,098-US-0023  -000,30.5,0,0,0,0,0,0,1,1,0,0,0,0,0,1
6080,72936006,KSP0900,23-363855,20230819,1130,,GOODY,,LOOP,,,0,098 PR-1024,PR1024,Y,N,NULL,NULL,NULL,N,NULL,NULL,NULL,NULL,NULL,NULL,0.003,NULL,NULL,NULL,NULL,,NULL,1,0,2,2,N,N,,NULL,98,9834,NULL,,Y,37.65989,-82.27323,N,NULL,NULL,NULL,NULL,NULL,NULL,NULL,NULL,2,97,1,6,1,1,2,2,7,3,N,NULL,N,N,1130,1130,1130,N,NULL,90,,,N,,N,N,098-PR-1024-0,NULL,NULL,2023,C,7.29E+11,098-PR-1024  -000,HIGH,098-PR-1024  -000,0,0,0,1,0,0,0,0,0,0,0,0,0,0,0
6081,72890871,KSP0900,23-148231,20230418,2300,,US119,,,US0119,US0119,0,098 US-119,US0119,N,N,NULL,NULL,NULL,N,NULL,NULL,NULL,NULL,NULL,NULL,12.979,NULL,NULL,NULL,NULL,,NULL,0,0,1,1,N,N,55,NULL,98,9833,NULL,,Y,37.60743,-82.36536,N,NULL,NULL,NULL,NULL,NULL,NULL,NULL,NULL,9,3,2,6,1,1,2,6,7,3,N,NULL,Y,N,2300,2300,2300,N,NULL,38,2,1,N,,N,N,098-US-0119-0,NULL,NULL,2023,O,7.29E+11,098-US-0119  -000,HIGH,098-US-0119  -000,12.979,0,0,0,1,0,0,0,0,0,0,0,0,0,0
6082,72917717,KSP0900,23-310596,20230702,110,,LITTLE ROBINSON,,CRK,,,0,098 CR-1234Q3,CR1234Q3,N,N,NULL,NULL,NULL,N,NULL,NULL,NULL,NULL,NULL,NULL,0.784,NULL,NULL,NULL,NULL,,NULL,0,0,1,1,N,Y,25,NULL,98,9823,NULL,,Y,37.37283,-82.64338,N,NULL,NULL,NULL,NULL,NULL,NULL,NULL,NULL,9,3,1,3,1,5,2,6,7,3,N,NULL,N,N,103,122,200,N,NULL,44,,,N,,N,N,098-CR-1234Q3-0,NULL,NULL,2023,O,7.29E+11,098-CR-1234Q3-000,HIGH,098-CR-1234Q3-000,0.787,0,0,0,0,0,0,0,0,0,0,0,1,0,0
6083,72894177,KSP0900,23-164892,20230424,745,,TIGER,,WAY,,,0,,TIGER WAY,Y,N,NULL,NULL,NULL,N,NULL,NULL,NULL,NULL,NULL,NULL,,NULL,NULL,NULL,NULL,,NULL,0,0,2,2,N,N,15,NULL,98,9801,0.4,N,N,37.51609,-82.50349,N,NULL,NULL,NULL,NULL,NULL,NULL,NULL,NULL,8,97,1,6,1,1,2,2,8,3,N,NULL,Y,N,745,745,745,N,NULL,90,,,N,,N,N,,NULL,NULL,2023,O,7.29E+11,NULL,LOW,NULL,,0,0,0,0,0,0,0,0,0,0,0,0,0,0
6084,72771886,KSP0900,22-216262,20220609,1449,,KY3174,,,KY3174,KY3174,0,098 KY-3174-142,KY3174,N,N,NULL,NULL,NULL,N,NULL,NULL,NULL,NULL,NULL,NULL,0.324,NULL,NULL,NULL,NULL,,NULL,0,0,1,1,N,N,55,NULL,98,9841,NULL,,Y,37.37983,-82.4845,N,NULL,NULL,NULL,NULL,NULL,NULL,NULL,NULL,9,3,4,6,1,1,2,2,7,3,N,NULL,N,N,1452,1601,1601,N,NULL,38,,0,N,,N,N,098-KY-3174-142,NULL,NULL,2022,O,7.28E+11,098-KY-3174  -142,HIGH,098-KY-3174  -142,0.324,0,0,0,1,0,0,0,0,0,0,0,0,0,0
6085,72819711,KSP0900,22-407775,20221022,2351,,COWPEN,,RD,KY2061,KY2061,0,098 KY-2061,KY2061,N,N,NULL,NULL,NULL,N,NULL,NULL,NULL,NULL,NULL,NULL,0.213,NULL,NULL,NULL,NULL,,NULL,0,0,1,1,N,N,55,NULL,98,9807,NULL,,Y,37.53232,-82.57341,N,NULL,NULL,NULL,NULL,NULL,NULL,NULL,NULL,9,3,2,6,1,1,2,6,7,3,N,NULL,Y,N,2351,27,52,N,NULL,40,,0,N,,N,N,098-KY-2061-0,NULL,NULL,2022,O,7.28E+11,098-KY-2061  -000,HIGH,098-KY-2061  -000,0.213,0,0,0,0,0,0,0,0,0,0,0,1,0,0
6086,72869206,KSP0900,23-73483,20230225,1636,,APPALACHIAN,,PLZ,,,0,098 PR-1008,PR1008,Y,N,NULL,NULL,NULL,N,NULL,NULL,NULL,NULL,NULL,NULL,0.041,NULL,NULL,NULL,NULL,,NULL,0,0,2,2,N,N,,NULL,98,9834,NULL,,Y,37.66602,-82.27428,N,NULL,NULL,NULL,NULL,NULL,NULL,NULL,NULL,6,97,,6,2,5,2,2,5,3,N,NULL,Y,N,1636,1636,1636,N,NULL,90,,,N,,N,N,098-PR-1008-0,NULL,NULL,2023,O,7.29E+11,098-PR-1008  -000,HIGH,098-PR-1008  -000,0.029,0,0,0,0,0,0,1,0,0,0,0,0,0,0
6087,72861599,KSP0900,23-37083,20230129,1630,,BOWENS,,RD,,,,,,Y,N,NULL,NULL,NULL,N,NULL,NULL,NULL,NULL,NULL,NULL,0.014,NULL,NULL,NULL,NULL,,NULL,0,0,2,2,N,N,15,NULL,98,9835,NULL,,Y,37.27819,-82.47971,N,NULL,NULL,NULL,NULL,NULL,NULL,NULL,NULL,1,97,1,5,1,5,3,2,7,3,N,NULL,Y,N,1630,1657,1715,N,NULL,90,,,N,,N,N,,NULL,NULL,2023,O,7.29E+11,098-CR-1202Q3-000,HIGH,098-CR-1202Q3-000,0.014,0,0,0,0,0,0,0,0,0,0,0,0,0,0
6088,72887295,KSP0900,23-136477,20230410,2027,,LITTLE FORK,,RD,,,0,098 CR-1722,CR1722,N,N,NULL,NULL,NULL,N,NULL,NULL,NULL,NULL,NULL,NULL,0.573,NULL,NULL,NULL,NULL,,NULL,0,0,1,1,N,N,45,NULL,98,9823,NULL,,Y,37.36058,-82.60627,N,NULL,NULL,NULL,NULL,NULL,NULL,NULL,NULL,9,97,1,2,3,1,2,4,7,3,N,NULL,Y,Y,2027,2038,2038,N,NULL,70,,,N,,N,N,098-CR-1722-0,NULL,NULL,2023,O,7.29E+11,098-CR-1722  -000,HIGH,098-CR-1722  -000,0.549,0,0,0,0,0,0,0,0,0,0,0,0,0,0
6089,72848720,980500,2022AR063,20221230,1225,,US23,,,US0023,US0023,0,098 US-23,US0023,N,N,NULL,NULL,NULL,N,NULL,NULL,NULL,NULL,NULL,NULL,,NULL,NULL,NULL,NULL,NULL,NULL,0,0,2,2,N,N,45,NULL,98,9807,NULL,,Y,37.51933,-82.56633,N,NULL,NULL,NULL,NULL,NULL,NULL,NULL,NULL,1,3,6,6,1,1,2,2,7,3,N,NULL,Y,Y,1225,1225,1225,N,NULL,55,,1,N,,N,N,098-US-0023-0,NULL,NULL,2022,O,7.28E+11,098-US-0023  -000,HIGH,098-US-0023  -000,28.541,0,0,0,0,0,0,1,0,0,0,0,0,0,0
6090,72896310,KSP0900,23-171985,20230506,1625,,HOPKINS,,FRK,,,0,098 CR-1223Q3,CR1223Q3,N,N,NULL,NULL,NULL,N,NULL,NULL,NULL,NULL,NULL,NULL,0.885,NULL,NULL,NULL,NULL,,NULL,1,0,1,1,N,N,55,NULL,98,9802,18,N,N,37.32618,-82.52136,N,NULL,NULL,NULL,NULL,NULL,NULL,NULL,NULL,9,4,1,6,1,1,2,2,7,3,Y,NULL,Y,Y,1625,1642,1717,N,NULL,40,,,N,,N,N,098-CR-1223Q3-0,NULL,NULL,2023,B,7.29E+11,098-CR-1223Q3-000,HIGH,098-CR-1223Q3-000,0.891,1,0,0,0,0,0,0,0,0,0,0,1,0,0
6091,72982114,KSP0900,23-480989,20231205,1428,,KENDRICK,,FRK,,,0,098 CR-1312,CR1312,N,N,NULL,NULL,NULL,N,NULL,NULL,NULL,NULL,NULL,NULL,0.324,NULL,NULL,NULL,NULL,,NULL,0,0,2,2,N,N,15,NULL,98,9801,NULL,,Y,37.45699,-82.45827,N,NULL,NULL,NULL,NULL,NULL,NULL,NULL,NULL,7,3,1,6,1,1,3,2,6,3,N,NULL,Y,N,1452,1501,1530,N,NULL,54,,,N,,N,N,098-CR-1312-0,NULL,NULL,2023,O,7.30E+11,098-CR-1312  -000,HIGH,098-CR-1312  -000,0.317,0,0,0,0,0,0,1,0,0,0,0,1,0,0
6092,72976890,980100,2.02E+11,20231122,1742,,THOMPSON,,RD,,,0,098 CS-1215,CS1215,N,N,NULL,NULL,NULL,N,NULL,NULL,NULL,NULL,NULL,NULL,0.513,NULL,NULL,NULL,NULL,,NULL,0,0,2,2,N,N,35,NULL,98,9801,NULL,,Y,37.50597,-82.54344,N,NULL,NULL,NULL,NULL,NULL,NULL,NULL,NULL,1,3,3,6,1,5,3,6,7,3,N,NULL,Y,N,1742,1742,1742,N,NULL,55,,,N,,N,N,098-CS-1215-0,NULL,NULL,2023,O,7.30E+11,098-CS-1215  -000,HIGH,098-CS-1215  -000,0.523,0,0,0,1,0,0,1,1,0,0,0,1,0,1
6093,72839221,KSP0900,22-467951,20221207,2316,,US460,,,US0460,US0460,0,098 US-460,US0460,N,N,NULL,NULL,NULL,N,NULL,NULL,NULL,NULL,NULL,NULL,7.802,NULL,NULL,NULL,NULL,,NULL,0,0,1,1,N,N,45,NULL,98,9832,NULL,,Y,37.38103,-82.43511,N,NULL,NULL,NULL,NULL,NULL,NULL,NULL,NULL,9,3,2,6,1,5,2,6,7,3,N,NULL,Y,N,2316,2337,0,N,NULL,40,,1,N,,N,N,098-US-0460-0,NULL,NULL,2022,O,7.28E+11,098-US-0460  -000,HIGH,098-US-0460  -000,7.802,0,0,0,1,0,0,0,0,0,0,0,1,0,0
6094,72990792,KSP0900,23-498782,20231222,220,,KY199,,,KY0199,KY0199,0,098 KY-199,KY0199,N,N,NULL,NULL,NULL,N,NULL,NULL,NULL,NULL,NULL,NULL,8.327,NULL,NULL,NULL,NULL,,NULL,0,0,1,1,N,N,35,NULL,98,9872,NULL,,Y,37.56223,-82.26186,N,NULL,NULL,NULL,NULL,NULL,NULL,NULL,NULL,9,3,2,6,1,1,2,6,7,3,N,NULL,Y,Y,220,328,328,Y,NULL,40,7,0,Y,,N,N,098-KY-0199-0,NULL,NULL,2023,O,7.30E+11,098-KY-0199  -000,HIGH,098-KY-0199  -000,8.324,0,0,0,1,0,0,0,0,1,0,0,1,0,0
6095,72893414,980500,2023AR017,20230428,1405,,MAYO TRAIL,N,,,,,,,Y,N,NULL,NULL,NULL,N,NULL,NULL,NULL,NULL,NULL,NULL,,NULL,NULL,NULL,NULL,NULL,NULL,0,0,2,2,N,N,,NULL,98,9801,NULL,,Y,37.52261,-82.57157,N,NULL,NULL,NULL,NULL,NULL,NULL,NULL,NULL,2,97,2,6,1,1,2,2,5,3,N,NULL,Y,Y,1405,1410,1410,N,NULL,90,,,N,,N,N,,NULL,NULL,2023,O,7.29E+11,098-US-0023  -010,MEDIUM,098-US-0023  -000,28.904,0,0,0,0,0,0,1,0,0,0,0,0,0,0
6096,72866237,KSP0900,23-61198,20230216,1827,,PETERS,,BR,,,0,098 CR-1711,CR1711,N,N,NULL,NULL,NULL,N,NULL,NULL,NULL,NULL,NULL,NULL,0.089,NULL,NULL,NULL,NULL,,NULL,0,0,1,1,N,N,20,NULL,98,9823,NULL,,Y,37.38738,-82.55329,N,NULL,NULL,NULL,NULL,NULL,NULL,NULL,NULL,9,3,1,3,1,5,6,6,7,3,N,NULL,Y,N,1827,1835,1915,N,NULL,44,,,N,,N,N,098-CR-1711-0,NULL,NULL,2023,O,7.29E+11,098-CR-1711  -000,HIGH,098-CR-1711  -000,0.092,0,0,0,1,0,0,1,0,0,0,0,1,0,0
6097,72871443,980100,2.02E+11,20230303,1622,,US23,,,US0023,US0023,,,,N,N,NULL,NULL,NULL,N,NULL,NULL,NULL,NULL,NULL,NULL,19.152,NULL,NULL,NULL,NULL,,NULL,0,0,2,2,N,N,55,NULL,98,9801,NULL,,Y,37.44257,-82.50578,N,NULL,NULL,NULL,NULL,NULL,NULL,NULL,NULL,8,3,4,6,1,5,6,2,7,3,N,NULL,Y,N,1622,1635,1635,N,NULL,53,,1,N,,N,N,,NULL,NULL,2023,O,7.29E+11,098-US-0023  -000,MEDIUM,098-US-0023  -000,19.087,0,0,1,0,0,0,0,0,0,0,0,1,0,1