OBJECTID,MasterFile,AgencyORINumber,LocalCode,CollisionDate,CollisionTime,CollisionDayWeekCode,RoadwayName,RoadwayName_Direction_,RoadwayName_RoadwaySuffix_,RoadwayfromReport,CurrentRoadwayNumber,RoadwayNumberCoupletID,RSEUniqueGIS,RoadwayIdentifier,ParkingLotIndicator,IntersectionWith_Indicator_,IntersectionWith_NameRoadway_,IntersectionWith_Direction_,IntersectionWith_RoadwaySuffix_,BetweenStreets_Indicator_,BetweenStreets1_NameRoadway_,BetweenStreet1_Direction_,BetweenStreets1_RoadwaySuffix_,BetweenStreets2_NameRoadway_,BetweenStreets2_Direction_,BetweenStreets2_RoadwaySuffix_,Milepoint,ReportMilepointDeriveNumber,CurrentDerivedMiepointNumber,MilestoMilepoint,FeettoMilepoint,DirectionfromMilepoint_NSEW_,ValidMilepointIndicator,NumberInjured,NumberKilled,ofUnits,ofMotorVehicleUnits,Hit&RunIndicator,OneWayIndicator,SpeedLimitNumber,KilometersIndicator,CountyCode,CityCountyCode,MilesFromCity,DirectionFromCity_NSEW_,InCityLimitsIndicator,Latitude,Longitude,RampIndicator,RampFromIdentifier,RampFromDirCode,RampFromCoupletID,RSEUniqueGISRampFrom,RampToidentifier,RampToDirCode,RampToCoupletID,RSEUniqueGisRampTo,MannerofCollisionCode,LocationFirstEventCode,TotalLanes,RoadwayCharacterCode,RoadwaySurfaceCode,RoadwayConditionCode,WeatherCode,LightConditionCode,LandUseCode,SchoolBusRelatedCode,FirstAidSceneIndicator,CollDescPresentInd,InvestigationCompleteIndicator,PhotosTakenIndicator,TimeNotified,TimeArrived,TimeRoadwayOpened,PropertyDamageIndicator,DiagramPresentIndicator,DirectionalAnalysis,FunctionClassCode,NationalHwySysCode,EnforcementsIndicator,KARSCityCode,SecondaryCollisionIndicator,MedianCrossoverIndicator,RT_UNIQUE,MapIt,TimeLastLeft,YR,KABCO,MFNY,WorkingRID,RT_CONFIDENCE,KTC_RT,KTC_MP,Motorcyclist,Commercial Vehicle,Young Driver,Mature Driver,Pedestrian,Bicyclist,Distracted,Aggressive,Impaired,Unrestrained,Intersection,Roadway Departure,Median Cross-over,City Crash
6098,72872182,980100,2.02E+11,20230228,1741,,US460,,,US0460,US0460,0,098 US-460,US0460,N,Y,US23 RAMP FROM US460,,,N,NULL,NULL,NULL,NULL,NULL,NULL,0.431,NULL,NULL,NULL,NULL,,NULL,0,0,2,2,N,N,55,NULL,98,9801,NULL,,Y,37.43652,-82.51097,N,NULL,NULL,NULL,NULL,NULL,NULL,NULL,NULL,1,3,2,6,1,1,3,2,7,3,N,NULL,Y,N,1741,1753,,N,NULL,10,,1,N,,N,N,098-US-0460-0,NULL,NULL,2023,O,7.29E+11,098-US-0460  -000,HIGH,098-US-0460  -000,0.433,0,0,0,0,0,0,0,1,0,0,1,0,0,1
6099,72844502,KSP0900,22-474171,20221212,1700,,KY1426,,,KY1426,KY1426,0,098 KY-1426,KY1426,N,N,NULL,NULL,NULL,N,NULL,NULL,NULL,NULL,NULL,NULL,16.557,NULL,NULL,NULL,NULL,,NULL,0,0,1,1,N,N,45,NULL,98,9820,NULL,,Y,37.57227,-82.44193,N,NULL,NULL,NULL,NULL,NULL,NULL,NULL,NULL,9,3,2,3,1,1,2,2,7,3,N,NULL,Y,N,1700,1700,1700,N,NULL,70,7,0,N,,N,N,098-KY-1426-0,NULL,NULL,2022,O,7.28E+11,098-KY-1426  -000,HIGH,098-KY-1426  -000,16.557,0,0,0,0,0,0,1,0,0,1,0,1,0,0
6100,72827365,KSP0900,22-423481,20221103,1903,,US460,,,US0460,US0460,0,098 US-460,US0460,N,N,NULL,NULL,NULL,N,NULL,NULL,NULL,NULL,NULL,NULL,1.454,NULL,NULL,NULL,NULL,,NULL,0,0,2,2,N,N,45,NULL,98,9824,NULL,,Y,37.42712,-82.49897,N,NULL,NULL,NULL,NULL,NULL,NULL,NULL,NULL,7,3,2,6,1,1,2,6,7,3,N,NULL,Y,N,1903,1920,1920,N,NULL,54,,1,N,,N,N,098-US-0460-0,NULL,NULL,2022,O,7.28E+11,098-US-0460  -000,HIGH,098-US-0460  -000,1.454,0,1,0,0,0,0,0,0,0,0,0,1,0,0
6101,72933042,KSP0900,23-355708,20230811,1805,,US119,,,US0119,US0119,0,098 US-119,US0119,N,N,NULL,NULL,NULL,N,NULL,NULL,NULL,NULL,NULL,NULL,13.381,NULL,NULL,NULL,NULL,,NULL,0,0,1,1,N,N,55,NULL,98,9833,NULL,,Y,37.61234,-82.36066,N,NULL,NULL,NULL,NULL,NULL,NULL,NULL,NULL,9,3,4,6,1,1,2,2,7,3,N,NULL,Y,N,1805,1805,1805,N,NULL,38,2,1,N,,N,N,098-US-0119-0,NULL,NULL,2023,O,7.29E+11,098-US-0119  -000,HIGH,098-US-0119  -000,13.401,0,0,0,0,0,0,0,0,0,0,0,0,0,0
6102,72772315,KSP0900,22-217925,20220610,1637,,ROCKHOUSE,,FRK,,,0,098 CR-1395Q4,CR1395Q4,N,N,NULL,NULL,NULL,N,NULL,NULL,NULL,NULL,NULL,NULL,0.063,NULL,NULL,NULL,NULL,,NULL,1,0,2,2,N,N,35,NULL,98,9833,NULL,,Y,37.66386,-82.37737,N,NULL,NULL,NULL,NULL,NULL,NULL,NULL,NULL,7,3,2,6,1,1,2,2,7,3,Y,NULL,Y,Y,1637,1657,1657,N,NULL,54,,,N,,N,N,098-CR-1395Q4-0,NULL,NULL,2022,B,7.28E+11,098-CR-1395Q4-000,HIGH,098-CR-1395Q4-000,0.063,0,0,1,0,0,0,1,0,0,0,0,1,0,0
6103,72918257,980500,2023AR032,20230630,1524,,US 23 NORTH,,,,,,,,N,N,NULL,NULL,NULL,N,NULL,NULL,NULL,NULL,NULL,NULL,,NULL,NULL,NULL,NULL,NULL,NULL,0,0,2,2,N,N,45,NULL,98,9807,NULL,,Y,37.52244,-82.57073,N,NULL,NULL,NULL,NULL,NULL,NULL,NULL,NULL,5,3,6,6,1,1,2,2,7,3,N,NULL,Y,Y,1524,1530,1600,N,NULL,49,,,N,,N,N,,NULL,NULL,2023,O,7.29E+11,098-CS-3026  -030,MEDIUM,098-CS-3026  -030,0.004,0,0,0,0,0,0,1,1,0,0,0,0,0,0
6104,72879081,KSP0900,23-110687,20230323,1638,,MALL,,RD,,,0,098 CR-1037,CR1037,N,N,NULL,NULL,NULL,N,NULL,NULL,NULL,NULL,NULL,NULL,0.146,NULL,NULL,NULL,NULL,,NULL,0,0,1,1,N,N,10,NULL,98,9834,NULL,,Y,37.65296,-82.27041,N,NULL,NULL,NULL,NULL,NULL,NULL,NULL,NULL,9,7,2,6,1,1,2,2,5,3,N,NULL,Y,N,1638,1647,1647,Y,NULL,40,,,N,,N,N,098-CR-1037-0,NULL,NULL,2023,O,7.29E+11,098-CR-1037  -000,HIGH,098-CR-1037  -000,0.146,0,0,0,0,0,0,1,0,1,1,0,1,0,0
6105,72953043,980100,2.02E+11,20230922,854,,OWSLEY,,RD,KY1384,KY1384,0,098 KY-1384,KY1384,N,N,NULL,NULL,NULL,N,NULL,NULL,NULL,NULL,NULL,NULL,7.015,NULL,NULL,NULL,NULL,,NULL,2,0,2,2,N,N,45,NULL,98,9801,NULL,,Y,37.48012,-82.53938,N,NULL,NULL,NULL,NULL,NULL,NULL,NULL,NULL,5,3,2,6,1,1,2,2,1,3,Y,NULL,Y,Y,854,856,856,N,NULL,49,16,0,Y,,N,N,098-KY-1384-0,NULL,NULL,2023,C,7.30E+11,098-KY-1384  -000,HIGH,098-KY-1384  -000,7.01,0,0,0,0,0,0,1,0,0,0,0,0,0,1
6106,72972739,980100,2.02E+11,20231114,754,,OWSLEY,,RD,KY1384,KY1384,0,098 KY-1384,KY1384,N,N,NULL,NULL,NULL,N,NULL,NULL,NULL,NULL,NULL,NULL,7,NULL,NULL,NULL,NULL,,NULL,0,0,1,1,N,N,45,NULL,98,9801,NULL,,Y,37.48014,-82.53964,N,NULL,NULL,NULL,NULL,NULL,NULL,NULL,NULL,9,3,4,6,1,1,2,2,7,3,N,NULL,N,N,754,757,,N,NULL,38,16,0,N,,N,N,098-KY-1384-0,NULL,NULL,2023,O,7.30E+11,098-KY-1384  -000,HIGH,098-KY-1384  -000,6.995,0,0,0,1,0,0,0,0,0,0,0,0,0,1
6107,72900054,980100,2.02E+11,20230514,533,,US23,,,US0023,US0023,0,098 US-23,US0023,N,N,NULL,NULL,NULL,N,NULL,NULL,NULL,NULL,NULL,NULL,22.535,NULL,NULL,NULL,NULL,,NULL,0,0,1,1,N,N,55,NULL,98,9801,NULL,,Y,37.46408,-82.51913,N,NULL,NULL,NULL,NULL,NULL,NULL,NULL,NULL,9,3,4,3,1,1,2,6,7,3,N,NULL,Y,N,533,542,542,N,NULL,38,,1,N,,N,N,098-US-0023-0,NULL,NULL,2023,O,7.29E+11,098-US-0023  -000,HIGH,098-US-0023  -000,22.467,0,0,0,0,0,0,0,0,0,0,0,0,0,1
6108,72866687,KSP0900,23-60708,20230216,1203,,KY80,,,KY0080,KY0080,0,098 KY-80,KY0080,N,N,NULL,NULL,NULL,N,NULL,NULL,NULL,NULL,NULL,NULL,2.297,NULL,NULL,NULL,NULL,,NULL,0,0,2,2,N,N,35,NULL,98,9802,NULL,,Y,37.31276,-82.35794,N,NULL,NULL,NULL,NULL,NULL,NULL,NULL,NULL,1,3,2,6,1,5,6,2,7,3,N,NULL,Y,Y,1205,1241,1241,Y,NULL,55,7,0,N,,N,N,098-KY-0080-0,NULL,NULL,2023,O,7.29E+11,098-KY-0080  -000,HIGH,098-KY-0080  -000,2.288,0,0,0,0,0,0,1,0,0,0,0,1,0,0
6109,72936244,KSP0900,23-364489,20230819,2109,,MAIN,,ST,,,,,,N,N,NULL,NULL,NULL,N,NULL,NULL,NULL,NULL,NULL,NULL,0.43,NULL,NULL,NULL,NULL,,NULL,0,0,1,1,N,N,45,NULL,98,9807,NULL,,Y,37.51907,-82.5658,N,NULL,NULL,NULL,NULL,NULL,NULL,NULL,NULL,9,3,6,6,1,1,2,7,7,3,N,NULL,N,N,2109,2112,2134,N,NULL,70,,,N,,N,N,,NULL,NULL,2023,O,7.29E+11,098-CS-3000  -000,MEDIUM,098-CS-3000  -000,0.44,0,0,0,0,0,0,0,0,0,0,0,0,0,0
6110,72841469,KSP0900,22-459365,20221201,805,,US119,,,US0119,US0119,0,098 US-119,US0119,N,N,NULL,NULL,NULL,N,NULL,NULL,NULL,NULL,NULL,NULL,24.964,NULL,NULL,NULL,NULL,,NULL,0,0,2,2,N,N,55,NULL,98,9834,NULL,,Y,37.66816,-82.27717,N,NULL,NULL,NULL,NULL,NULL,NULL,NULL,NULL,1,3,4,3,1,1,2,2,7,3,N,NULL,N,N,805,830,830,N,NULL,55,2,1,N,,N,N,098-US-0119-0,NULL,NULL,2022,O,7.28E+11,098-US-0119  -000,HIGH,098-US-0119  -000,24.964,0,0,0,0,0,0,1,0,0,0,0,0,0,0
6111,72915019,980100,2.02E+11,20230624,2254,,RIVERFILL,S,DR,,,0,098 CS-1125,CS1125,Y,N,NULL,NULL,NULL,N,NULL,NULL,NULL,NULL,NULL,NULL,0.053,NULL,NULL,NULL,NULL,,NULL,0,0,2,2,N,N,15,NULL,98,9801,NULL,,Y,37.47649,-82.51836,N,NULL,NULL,NULL,NULL,NULL,NULL,NULL,NULL,1,97,,6,1,1,2,6,8,3,N,NULL,Y,N,2254,2254,2254,N,NULL,90,,,Y,,N,N,098-CS-1125-0,NULL,NULL,2023,O,7.29E+11,098-CS-1125  -000,HIGH,098-CS-1125  -000,0.058,0,0,0,0,0,0,1,0,1,0,0,0,0,1
6112,72890528,KSP0900,23-138583,20230412,1122,,MILLARD,,HWY,US0460,US0460,,,,N,N,NULL,NULL,NULL,N,NULL,NULL,NULL,NULL,NULL,NULL,9.144,NULL,NULL,NULL,NULL,,NULL,1,0,1,1,N,N,45,NULL,98,9830,NULL,,Y,37.36895,-82.41747,N,NULL,NULL,NULL,NULL,NULL,NULL,NULL,NULL,9,3,2,6,1,1,2,2,7,3,Y,NULL,Y,Y,1122,1138,1138,N,NULL,40,,1,N,,N,N,,NULL,NULL,2023,C,7.29E+11,098-US-0460  -000,HIGH,098-US-0460  -000,9.146,0,0,0,0,0,0,0,0,0,0,0,1,0,0
6113,72896419,980100,2.02E+11,20230503,1516,,4TH,,ST,,,0,098 CS-1133,CS1133,Y,N,NULL,NULL,NULL,N,NULL,NULL,NULL,NULL,NULL,NULL,0.054,NULL,NULL,NULL,NULL,,NULL,0,0,2,2,Y,N,,NULL,98,9801,NULL,,Y,37.48331,-82.51879,N,NULL,NULL,NULL,NULL,NULL,NULL,NULL,NULL,1,97,1,6,1,1,2,2,1,3,N,NULL,Y,N,1430,1434,1434,N,NULL,90,,,Y,,N,N,098-CS-1133-0,NULL,NULL,2023,O,7.29E+11,098-CS-1133  -000,HIGH,098-CS-1133  -000,0.054,0,0,0,0,0,0,0,0,1,0,0,0,0,1
6114,72970065,980100,2.02E+11,20231105,1240,,CEDAR HILLS,,RD,KY1426,KY1426,,,,Y,N,NULL,NULL,NULL,N,NULL,NULL,NULL,NULL,NULL,NULL,3.786,NULL,NULL,NULL,NULL,,NULL,0,0,2,2,N,N,15,NULL,98,9801,NULL,,Y,37.45262,-82.53358,N,NULL,NULL,NULL,NULL,NULL,NULL,NULL,NULL,2,97,,6,1,1,2,2,5,3,N,NULL,Y,N,1240,1247,,N,NULL,90,8,0,N,,N,N,,NULL,NULL,2023,O,7.30E+11,098-KY-1426  -000,HIGH,098-KY-1426  -000,3.752,0,0,1,0,0,0,1,0,0,1,0,0,0,1
6115,72865744,KSP0900,2023-50296,20230208,2031,,US23,,,US0023,US0023,0,098 US-23,US0023,N,N,NULL,NULL,NULL,N,NULL,NULL,NULL,NULL,NULL,NULL,13.444,NULL,NULL,NULL,NULL,,NULL,1,0,2,1,N,N,35,NULL,98,9801,NULL,,Y,37.37849,-82.54047,N,NULL,NULL,NULL,NULL,NULL,NULL,NULL,NULL,9,3,4,6,1,1,2,6,7,3,Y,NULL,N,Y,2031,2039,2039,N,NULL,36,,1,N,,N,N,098-US-0023-0,NULL,NULL,2023,B,7.29E+11,098-US-0023  -000,HIGH,098-US-0023  -000,13.432,0,0,0,1,1,0,1,1,0,0,0,0,0,0
6116,72914307,980100,2.02E+11,20230615,1611,,CASSIDY,,BLVD,,,,,,Y,N,NULL,NULL,NULL,N,NULL,NULL,NULL,NULL,NULL,NULL,0.337,NULL,NULL,NULL,NULL,,NULL,0,0,1,1,N,N,,NULL,98,9801,NULL,,Y,37.50521,-82.5376,N,NULL,NULL,NULL,NULL,NULL,NULL,NULL,NULL,9,97,1,6,1,1,2,2,1,3,N,NULL,N,N,1612,1614,,N,NULL,90,,,Y,,N,N,,NULL,NULL,2023,O,7.29E+11,098-CS-1191  -000,MEDIUM,098-CS-1191  -000,0.339,0,0,0,1,0,0,0,0,1,0,0,0,0,1
6117,72864642,980100,2.02E+11,20230210,1047,,US23,,,US0023,US0023,0,098 US-23,US0023,N,N,NULL,NULL,NULL,N,NULL,NULL,NULL,NULL,NULL,NULL,21.402,NULL,NULL,NULL,NULL,,NULL,0,0,2,2,N,N,55,NULL,98,9801,NULL,,Y,37.4505,-82.52405,N,NULL,NULL,NULL,NULL,NULL,NULL,NULL,NULL,8,3,4,6,1,1,2,2,7,3,N,NULL,Y,N,1047,1047,1047,N,NULL,53,,1,N,,N,N,098-US-0023-0,NULL,NULL,2023,O,7.29E+11,098-US-0023  -000,HIGH,098-US-0023  -000,21.335,0,0,0,1,0,0,1,0,0,0,0,1,0,1
6118,72867166,980100,2.02E+11,20230220,730,,US23,,,US0023,US0023,0,098 US-23,US0023,N,N,NULL,NULL,NULL,N,NULL,NULL,NULL,NULL,NULL,NULL,21.595,NULL,NULL,NULL,NULL,,NULL,0,0,1,1,N,N,55,NULL,98,9801,NULL,,Y,37.45324,-82.52229,N,NULL,NULL,NULL,NULL,NULL,NULL,NULL,NULL,9,5,4,3,1,1,3,2,7,3,N,NULL,Y,N,820,824,824,N,NULL,40,,1,N,,N,N,098-US-0023-0,NULL,NULL,2023,O,7.29E+11,098-US-0023  -000,HIGH,098-US-0023  -000,21.55,0,0,0,0,0,0,0,0,0,0,0,1,0,1
6119,72977353,980100,2.02E+11,20231124,734,,HAROLDS BRANCH,,RD,,,0,098 CS-1223,CS1223,Y,N,NULL,NULL,NULL,N,NULL,NULL,NULL,NULL,NULL,NULL,0.044,NULL,NULL,NULL,NULL,,NULL,0,0,2,2,N,N,10,NULL,98,9801,NULL,,Y,37.47219,-82.52263,N,NULL,NULL,NULL,NULL,NULL,NULL,NULL,NULL,8,97,1,5,2,1,2,2,1,3,N,NULL,Y,N,734,734,734,N,NULL,90,,,N,,N,N,098-CS-1223-0,NULL,NULL,2023,O,7.30E+11,098-CS-1223  -000,HIGH,098-CS-1223  -000,0.041,0,0,0,0,0,0,0,0,0,0,0,0,0,1
6120,72972200,KSP0900,23-454210,20231110,2130,,BOULDER,,DR,,,0,098 CS-1231,CS1231,N,N,NULL,NULL,NULL,N,NULL,NULL,NULL,NULL,NULL,NULL,0.048,NULL,NULL,NULL,NULL,,NULL,0,0,2,2,Y,N,5,NULL,98,9801,NULL,,Y,37.4749,-82.48337,N,NULL,NULL,NULL,NULL,NULL,NULL,NULL,NULL,2,7,,6,3,1,2,5,7,3,N,NULL,N,N,2307,2307,2330,N,NULL,47,,,N,,N,N,098-CS-1231-0,NULL,NULL,2023,O,7.30E+11,098-PR-1194  -000,HIGH,098-PR-1194  -000,0.048,0,0,0,0,0,0,0,0,0,0,0,0,0,1
6121,72937314,980000,23-08-003,20230815,810,,BELFRY,,DR,,,0,098 CS-2044,CS2044,Y,N,NULL,NULL,NULL,N,NULL,NULL,NULL,NULL,NULL,NULL,,NULL,NULL,NULL,NULL,NULL,NULL,0,0,2,2,N,N,10,NULL,98,9836,0.1,N,N,37.29954,-82.33156,N,NULL,NULL,NULL,NULL,NULL,NULL,NULL,NULL,8,97,,6,1,1,2,2,8,3,N,NULL,N,N,810,810,815,N,NULL,90,,,N,,N,N,098-CS-2044-0,NULL,NULL,2023,O,7.29E+11,098-CS-2044  -000,HIGH,098-CS-2044  -000,0.036,0,0,1,0,0,0,1,0,0,0,0,0,0,0
6122,72923074,980100,2.02E+11,20230715,1533,,MAIN,,ST,,,0,098 CS-1112,CS1112,N,N,NULL,NULL,NULL,N,NULL,NULL,NULL,NULL,NULL,NULL,0.136,NULL,NULL,NULL,NULL,,NULL,1,0,2,2,N,N,25,NULL,98,9801,NULL,,Y,37.47949,-82.51748,N,NULL,NULL,NULL,NULL,NULL,NULL,NULL,NULL,1,3,1,6,1,5,6,2,7,3,N,NULL,Y,Y,1534,1535,1535,N,NULL,55,,,N,,N,N,098-CS-1112-0,NULL,NULL,2023,C,7.29E+11,098-CS-1112  -000,HIGH,098-CS-1112  -000,0.135,0,0,0,0,0,0,0,1,0,0,0,0,0,1
6123,72955282,980100,2.02E+11,20231005,1237,,US23,,,US0023,US0023,0,098 US-23,US0023,N,N,NULL,NULL,NULL,N,NULL,NULL,NULL,NULL,NULL,NULL,22.979,NULL,NULL,NULL,NULL,,NULL,0,0,2,2,N,N,55,NULL,98,9801,NULL,,Y,37.4655,-82.52664,N,NULL,NULL,NULL,NULL,NULL,NULL,NULL,NULL,8,3,4,6,1,1,2,2,2,3,N,NULL,Y,N,1237,1237,1249,N,NULL,53,,1,N,,N,N,098-US-0023-0,NULL,NULL,2023,O,7.30E+11,098-US-0023  -000,HIGH,098-US-0023  -000,22.912,0,1,0,1,0,0,1,1,0,0,0,1,0,1
6124,72920382,980100,2.02E+11,20230612,1544,,DIVISION,,ST,,,0,098 CS-1130,CS1130,N,N,NULL,NULL,NULL,N,NULL,NULL,NULL,NULL,NULL,NULL,0.038,NULL,NULL,NULL,NULL,,NULL,0,0,2,2,Y,Y,15,NULL,98,9801,NULL,,Y,37.48018,-82.51849,N,NULL,NULL,NULL,NULL,NULL,NULL,NULL,NULL,8,97,2,6,1,1,2,2,1,3,N,NULL,Y,N,1545,1552,,N,NULL,47,,,N,,N,N,098-CS-1130-0,NULL,NULL,2023,O,7.29E+11,098-CS-1130  -000,HIGH,098-CS-1130  -000,0.039,0,0,0,0,0,0,0,0,0,0,0,0,0,1
6125,72967985,KSP0900,2023-440712,20231030,942,,TOLER,,RD,KY0319,KY0319,0,098 KY-319,KY0319,N,N,NULL,NULL,NULL,N,NULL,NULL,NULL,NULL,NULL,NULL,1.151,NULL,NULL,NULL,NULL,,NULL,2,0,1,1,N,N,55,NULL,98,9863,NULL,,Y,37.58665,-82.19726,N,NULL,NULL,NULL,NULL,NULL,NULL,NULL,NULL,9,3,2,1,1,5,6,2,7,3,Y,NULL,Y,Y,945,955,1015,N,NULL,44,7,0,N,,N,N,098-KY-0319-0,NULL,NULL,2023,C,7.30E+11,098-KY-0319  -000,HIGH,098-KY-0319  -000,1.158,0,0,0,0,0,0,0,0,0,0,0,1,0,0
6126,72853642,980100,2.02E+11,20230113,710,,KY1426,,,KY1426,KY1426,0,098 KY-1426,KY1426,N,N,NULL,NULL,NULL,N,NULL,NULL,NULL,NULL,NULL,NULL,7.9,NULL,NULL,NULL,NULL,,NULL,0,0,1,1,N,N,45,NULL,98,9801,NULL,,Y,37.49038,-82.49336,N,NULL,NULL,NULL,NULL,NULL,NULL,NULL,NULL,9,3,2,4,1,5,6,4,7,3,N,NULL,Y,N,710,711,711,N,NULL,41,,0,N,,N,N,098-KY-1426-0,NULL,NULL,2023,O,7.29E+11,098-KY-1426  -000,HIGH,098-KY-1426  -000,7.9,0,0,0,0,0,0,0,0,0,0,0,1,0,1
6127,72896371,980100,2.02E+11,20230501,1514,,CASSIDY,,BLVD,,,0,098 CS-1191,CS1191,N,N,NULL,NULL,NULL,N,NULL,NULL,NULL,NULL,NULL,NULL,0.05,NULL,NULL,NULL,NULL,,NULL,0,0,2,2,N,N,35,NULL,98,9801,NULL,,Y,37.50368,-82.53297,N,NULL,NULL,NULL,NULL,NULL,NULL,NULL,NULL,5,3,4,6,1,1,2,2,1,3,N,NULL,Y,N,1514,1520,,N,NULL,49,,,N,,N,N,098-CS-1191-0,NULL,NULL,2023,O,7.29E+11,098-CS-1191  -000,HIGH,098-CS-1191  -000,0.047,0,0,0,0,0,0,1,0,0,0,0,0,0,1
6128,72959270,KSP0900,23-424684,20231014,2220,,ROCKHOUSE,,FRK,,,0,098 CR-1395Q4,CR1395Q4,N,N,NULL,NULL,NULL,N,NULL,NULL,NULL,NULL,NULL,NULL,2.223,NULL,NULL,NULL,NULL,,NULL,0,0,2,2,Y,N,35,NULL,98,9804,NULL,,Y,37.64748,-82.38154,N,NULL,NULL,NULL,NULL,NULL,NULL,NULL,NULL,5,3,1,2,1,5,6,6,7,3,N,NULL,Y,N,2206,2250,2330,N,NULL,49,,,N,,N,N,098-CR-1395Q4-0,NULL,NULL,2023,O,7.30E+11,098-CR-1395Q4-000,HIGH,098-CR-1395Q4-000,2.176,0,0,0,0,0,0,1,0,0,0,0,0,0,0
6129,72926642,980500,2023AR035,20230726,1622,,US 23 SOUTH,,,,,,,,N,N,NULL,NULL,NULL,N,NULL,NULL,NULL,NULL,NULL,NULL,,NULL,NULL,NULL,NULL,NULL,NULL,0,0,2,2,N,N,45,NULL,98,9807,NULL,,Y,37.52244,-82.57069,N,NULL,NULL,NULL,NULL,NULL,NULL,NULL,NULL,5,3,6,6,1,1,2,2,7,3,N,NULL,Y,Y,1644,1644,1700,N,NULL,49,,,Y,,N,N,,NULL,NULL,2023,O,7.29E+11,098-CS-3026  -030,MEDIUM,098-CS-3026  -030,0.006,1,0,0,0,0,0,1,1,0,0,0,0,0,0
6130,72877300,980100,2.02E+11,20230314,805,,BOWLES PARK,,DR,,,0,098 CS-1097,CS1097,N,N,NULL,NULL,NULL,N,NULL,NULL,NULL,NULL,NULL,NULL,0.05,NULL,NULL,NULL,NULL,,NULL,0,0,2,2,N,N,15,NULL,98,9801,NULL,,Y,37.48383,-82.53966,N,NULL,NULL,NULL,NULL,NULL,NULL,NULL,NULL,1,3,1,6,1,1,3,2,6,3,N,NULL,Y,N,805,810,810,N,NULL,55,,,N,,N,N,098-CS-1097-0,NULL,NULL,2023,O,7.29E+11,098-CS-1097  -000,MEDIUM,098-CS-1097  -000,0,0,0,0,0,0,0,0,0,0,0,0,0,0,0
6131,72920773,980100,2.02E+11,20230710,1014,,BYPASS,,RD,,,0,098 CS-1223,CS1223,Y,N,NULL,NULL,NULL,N,NULL,NULL,NULL,NULL,NULL,NULL,,NULL,NULL,NULL,NULL,NULL,NULL,0,0,2,2,N,N,,NULL,98,9801,NULL,,Y,37.47128,-82.52117,N,NULL,NULL,NULL,NULL,NULL,NULL,NULL,NULL,1,97,2,3,2,1,2,2,1,3,N,NULL,Y,N,1014,1021,1023,N,NULL,90,,,N,,N,N,098-CS-1223-0,NULL,NULL,2023,O,7.29E+11,098-CS-1223  -000,HIGH,098-CS-1223  -000,0.136,0,0,0,0,0,0,0,0,0,0,0,0,0,1
6132,72927440,980100,2.02E+11,20230719,2016,,BYPASS,S,RD,KY1426,KY1426,0,098 KY-1426,KY1426,Y,N,NULL,NULL,NULL,N,NULL,NULL,NULL,NULL,NULL,NULL,5.916,NULL,NULL,NULL,NULL,,NULL,0,0,2,2,N,N,,NULL,98,9801,NULL,,Y,37.47448,-82.51926,N,NULL,NULL,NULL,NULL,NULL,NULL,NULL,NULL,2,97,,4,2,1,3,2,1,3,N,NULL,Y,N,2016,2033,,N,NULL,90,,0,Y,,N,N,098-KY-1426-0,NULL,NULL,2023,O,7.29E+11,098-KY-1426  -000,HIGH,098-KY-1426  -000,5.916,0,0,0,1,0,0,1,0,1,0,0,0,0,1
6133,72938276,980500,2023AR039,20230825,1227,,WEDDINGTON BRANCH ROAD,,,,,,,,N,N,NULL,NULL,NULL,N,NULL,NULL,NULL,NULL,NULL,NULL,,NULL,NULL,NULL,NULL,NULL,NULL,0,0,2,2,N,N,45,NULL,98,9807,NULL,,Y,37.52237,-82.57076,N,NULL,NULL,NULL,NULL,NULL,NULL,NULL,NULL,8,3,6,6,1,5,6,2,1,3,N,NULL,Y,Y,1227,1230,1335,N,NULL,53,,,Y,,N,N,,NULL,NULL,2023,O,7.29E+11,098-US-0023  -010,MEDIUM,098-US-0023  -000,28.863,0,0,0,0,0,0,1,0,0,0,0,1,0,0
6134,72952340,980100,2.02E+11,20230831,1703,,SYCAMORE,,ST,,,0,098 CS-1168,CS1168,Y,N,NULL,NULL,NULL,N,NULL,NULL,NULL,NULL,NULL,NULL,0.209,NULL,NULL,NULL,NULL,,NULL,0,0,2,2,Y,N,,NULL,98,9801,NULL,,Y,37.47963,-82.52011,N,NULL,NULL,NULL,NULL,NULL,NULL,NULL,NULL,8,97,1,6,1,1,2,2,1,3,N,NULL,Y,N,1703,1707,,N,NULL,90,,,N,,N,N,098-CS-1168-0,NULL,NULL,2023,O,7.30E+11,098-CS-1168  -000,HIGH,098-CS-1168  -000,0,0,0,0,0,0,0,0,0,0,0,0,0,0,1
6135,72850751,KSP0900,23-5244,20230104,2247,,WILLIAMSON,,RD,KY0292,KY0292,0,098 KY-292,KY0292,N,N,NULL,NULL,NULL,N,NULL,NULL,NULL,NULL,NULL,NULL,9.845,NULL,NULL,NULL,NULL,,NULL,0,0,2,2,N,N,55,NULL,98,9834,NULL,,Y,37.70741,-82.30797,N,NULL,NULL,NULL,NULL,NULL,NULL,NULL,NULL,8,3,2,6,1,1,11,6,3,3,N,NULL,N,N,2253,2303,2330,N,NULL,53,7,0,N,,N,N,098-KY-0292-0,NULL,NULL,2023,O,7.29E+11,098-KY-0292  -000,HIGH,098-KY-0292  -000,9.845,0,0,0,0,0,0,0,0,0,0,0,1,0,0