OBJECTID,MasterFile,AgencyORINumber,LocalCode,CollisionDate,CollisionTime,CollisionDayWeekCode,RoadwayName,RoadwayName_Direction_,RoadwayName_RoadwaySuffix_,RoadwayfromReport,CurrentRoadwayNumber,RoadwayNumberCoupletID,RSEUniqueGIS,RoadwayIdentifier,ParkingLotIndicator,IntersectionWith_Indicator_,IntersectionWith_NameRoadway_,IntersectionWith_Direction_,IntersectionWith_RoadwaySuffix_,BetweenStreets_Indicator_,BetweenStreets1_NameRoadway_,BetweenStreet1_Direction_,BetweenStreets1_RoadwaySuffix_,BetweenStreets2_NameRoadway_,BetweenStreets2_Direction_,BetweenStreets2_RoadwaySuffix_,Milepoint,ReportMilepointDeriveNumber,CurrentDerivedMiepointNumber,MilestoMilepoint,FeettoMilepoint,DirectionfromMilepoint_NSEW_,ValidMilepointIndicator,NumberInjured,NumberKilled,ofUnits,ofMotorVehicleUnits,Hit&RunIndicator,OneWayIndicator,SpeedLimitNumber,KilometersIndicator,CountyCode,CityCountyCode,MilesFromCity,DirectionFromCity_NSEW_,InCityLimitsIndicator,Latitude,Longitude,RampIndicator,RampFromIdentifier,RampFromDirCode,RampFromCoupletID,RSEUniqueGISRampFrom,RampToidentifier,RampToDirCode,RampToCoupletID,RSEUniqueGisRampTo,MannerofCollisionCode,LocationFirstEventCode,TotalLanes,RoadwayCharacterCode,RoadwaySurfaceCode,RoadwayConditionCode,WeatherCode,LightConditionCode,LandUseCode,SchoolBusRelatedCode,FirstAidSceneIndicator,CollDescPresentInd,InvestigationCompleteIndicator,PhotosTakenIndicator,TimeNotified,TimeArrived,TimeRoadwayOpened,PropertyDamageIndicator,DiagramPresentIndicator,DirectionalAnalysis,FunctionClassCode,NationalHwySysCode,EnforcementsIndicator,KARSCityCode,SecondaryCollisionIndicator,MedianCrossoverIndicator,RT_UNIQUE,MapIt,TimeLastLeft,YR,KABCO,MFNY,WorkingRID,RT_CONFIDENCE,KTC_RT,KTC_MP,Motorcyclist,Commercial Vehicle,Young Driver,Mature Driver,Pedestrian,Bicyclist,Distracted,Aggressive,Impaired,Unrestrained,Intersection,Roadway Departure,Median Cross-over,City Crash
6136,72882872,980100,2.02E+11,20230401,1637,,CASSIDY,,BLVD,,,0,098 CS-1191,CS1191,Y,N,NULL,NULL,NULL,N,NULL,NULL,NULL,NULL,NULL,NULL,0.331,NULL,NULL,NULL,NULL,,NULL,0,0,2,2,Y,N,15,NULL,98,9801,NULL,,Y,37.50599,-82.53814,N,NULL,NULL,NULL,NULL,NULL,NULL,NULL,NULL,8,7,,6,1,1,2,2,1,3,N,NULL,Y,N,1637,1642,1642,N,NULL,90,,,N,,N,N,098-CS-1191-0,NULL,NULL,2023,O,7.29E+11,098-CS-1191  -000,HIGH,098-CS-1191  -000,0.352,0,0,0,0,0,0,0,0,0,0,0,0,0,1
6137,72886159,KSP0900,23-138605,20230412,1137,,US460,,,US0460,US0460,0,098 US-460,US0460,Y,N,NULL,NULL,NULL,N,NULL,NULL,NULL,NULL,NULL,NULL,14.081,NULL,NULL,NULL,NULL,,NULL,0,0,2,2,N,N,55,NULL,98,9805,NULL,,Y,37.34106,-82.37942,N,NULL,NULL,NULL,NULL,NULL,NULL,NULL,NULL,2,97,2,6,1,1,2,2,7,3,N,NULL,Y,N,1206,1208,1208,N,NULL,90,,1,N,,N,N,098-US-0460-0,NULL,NULL,2023,O,7.29E+11,098-US-0460  -000,HIGH,098-US-0460  -000,14.06,0,0,0,1,0,0,1,0,0,0,0,0,0,0
6138,72972787,980100,2.02E+11,20231108,740,,US119,,,US0119,US0119,0,098 US-119,US0119,N,N,NULL,NULL,NULL,N,NULL,NULL,NULL,NULL,NULL,NULL,1.977,NULL,NULL,NULL,NULL,,NULL,2,0,2,2,N,N,55,NULL,98,9801,2,N,N,37.51232,-82.49979,N,NULL,NULL,NULL,NULL,NULL,NULL,NULL,NULL,4,3,2,4,1,1,2,2,7,3,Y,NULL,Y,Y,740,740,,N,NULL,70,2,1,N,,N,N,098-US-0119-0,NULL,NULL,2023,B,7.30E+11,098-US-0119  -000,HIGH,098-US-0119  -000,1.977,0,0,1,0,0,0,1,1,0,0,0,1,0,1
6139,72903483,KSP0900,09-23-0401,20230519,438,,KY1056,,,KY1056,KY1056,0,098 KY-1056,KY1056,N,N,NULL,NULL,NULL,N,NULL,NULL,NULL,NULL,NULL,NULL,8.999,NULL,NULL,NULL,NULL,,NULL,0,1,1,1,N,N,55,NULL,98,9863,NULL,,Y,37.59415,-82.16896,N,NULL,NULL,NULL,NULL,NULL,NULL,NULL,NULL,9,3,2,3,1,1,2,7,7,3,N,NULL,Y,Y,552,725,949,N,NULL,70,7,0,Y,,N,N,098-KY-1056-0,NULL,NULL,2023,K,7.29E+11,098-KY-1056  -000,HIGH,098-KY-1056  -000,9.038,0,0,0,0,0,0,0,0,1,1,0,1,0,0
6140,72917364,KSP0900,23-309897,20230701,1548,,CLEVINGER,,BR,,,,,,N,N,NULL,NULL,NULL,N,NULL,NULL,NULL,NULL,NULL,NULL,0.462,NULL,NULL,NULL,NULL,,NULL,0,0,2,2,N,N,30,NULL,98,9807,NULL,,Y,37.54285,-82.52456,N,NULL,NULL,NULL,NULL,NULL,NULL,NULL,NULL,3,3,1,3,1,5,3,2,7,3,N,NULL,N,N,1548,1559,1620,N,NULL,52,,,N,,N,N,,NULL,NULL,2023,O,7.29E+11,098-CR-1497  -000,MEDIUM,098-CR-1497  -000,0.462,0,0,0,1,0,0,0,1,0,0,0,1,0,0
6141,72851848,KSP0900,23-8956,20230107,1752,,DORTON-JENKINS,,HWY,KY0805,KY0805,0,098 KY-805,KY0805,N,N,NULL,NULL,NULL,N,NULL,NULL,NULL,NULL,NULL,NULL,3.61,NULL,NULL,NULL,NULL,,NULL,1,0,2,2,N,N,55,NULL,98,9809,NULL,,Y,37.24039,-82.56828,N,NULL,NULL,NULL,NULL,NULL,NULL,NULL,NULL,5,3,2,6,1,1,2,4,7,3,N,NULL,Y,Y,1754,1900,2000,N,NULL,49,7,0,N,,N,N,098-KY-0805-0,NULL,NULL,2023,B,7.29E+11,098-KY-0805  -000,HIGH,098-KY-0805  -000,3.606,0,0,1,0,0,0,0,0,0,0,0,0,0,0
6142,72860451,KSP0900,23-32165,20230125,1730,,LONG FORK,,RD,KY1469,KY1469,0,098 KY-1469,KY1469,N,N,NULL,NULL,NULL,N,NULL,NULL,NULL,NULL,NULL,NULL,9.969,NULL,NULL,NULL,NULL,,NULL,0,0,1,1,N,N,55,NULL,98,9827,NULL,,Y,37.32945,-82.60403,N,NULL,NULL,NULL,NULL,NULL,NULL,NULL,NULL,9,5,2,3,1,5,6,2,6,3,N,NULL,Y,N,1734,1753,,N,NULL,51,8,0,N,,N,N,098-KY-1469-0,NULL,NULL,2023,O,7.29E+11,098-KY-1469  -000,HIGH,098-KY-1469  -000,9.969,0,0,0,1,0,0,1,0,0,0,0,1,0,0
6143,72978023,980100,2.02E+11,20231120,1747,,US23,,,US0023,US0023,0,098 US-23-10,US0023,N,Y,KY3496,,,N,NULL,NULL,NULL,NULL,NULL,NULL,23.062,NULL,NULL,NULL,NULL,,NULL,1,0,2,2,N,N,55,NULL,98,9801,NULL,,Y,37.46584,-82.52814,N,NULL,NULL,NULL,NULL,NULL,NULL,NULL,NULL,1,3,4,6,1,1,2,6,1,3,N,NULL,Y,Y,1749,1752,1752,N,NULL,10,,1,N,,N,N,098-US-0023-10,NULL,NULL,2023,B,7.30E+11,098-US-0023  -010,HIGH,098-US-0023  -000,22.997,0,0,0,0,0,0,0,1,0,0,1,0,0,1
6144,72970672,980200,980200,20230920,1345,,RUSSELL,W,ST,KY0197,KY0197,0,098 KY-197,KY0197,N,Y,ELKHORN,,CRK,N,NULL,NULL,NULL,NULL,NULL,NULL,15.736,NULL,NULL,NULL,NULL,,NULL,0,0,2,2,N,N,35,NULL,98,9802,NULL,,Y,37.29629,-82.36118,N,NULL,NULL,NULL,NULL,NULL,NULL,NULL,NULL,3,3,2,3,1,1,2,2,1,3,N,NULL,Y,Y,1359,1402,,N,NULL,52,7,0,N,,N,N,098-KY-0197-0,NULL,NULL,2023,O,7.30E+11,098-KY-0197  -000,HIGH,098-KY-0197  -000,15.737,0,0,0,1,0,0,0,0,0,0,1,0,0,0
6145,72929132,KSP0900,23-342612,20230730,1258,,ELKHORN,,CRK,KY0197,KY0197,0,098 KY-197,KY0197,Y,N,NULL,NULL,NULL,N,NULL,NULL,NULL,NULL,NULL,NULL,8.926,NULL,NULL,NULL,NULL,,NULL,0,0,2,2,N,N,15,NULL,98,9864,NULL,,Y,37.26641,-82.44625,N,NULL,NULL,NULL,NULL,NULL,NULL,NULL,NULL,8,97,1,6,1,1,2,2,5,3,N,NULL,Y,N,1258,1347,1347,N,NULL,90,7,0,Y,,N,N,098-KY-0197-0,NULL,NULL,2023,O,7.29E+11,098-KY-0197  -000,HIGH,098-KY-0197  -000,8.825,0,0,0,0,0,0,1,0,0,0,0,0,0,0
6146,72916557,KSP0900,23-232652,20230618,2148,,WILLIAMSON,,RD,KY0292,KY0292,0,098 KY-292,KY0292,N,N,NULL,NULL,NULL,N,NULL,NULL,NULL,NULL,NULL,NULL,7.57,NULL,NULL,NULL,NULL,,NULL,0,1,2,2,N,N,45,NULL,98,9834,NULL,,Y,37.68312,-82.29968,N,NULL,NULL,NULL,NULL,NULL,NULL,NULL,NULL,3,3,2,6,1,1,2,6,7,3,Y,NULL,N,Y,2237,2359,214,N,NULL,52,7,0,N,,N,N,098-KY-0292-0,NULL,NULL,2023,K,7.29E+11,098-KY-0292  -000,HIGH,098-KY-0292  -000,7.626,1,0,0,0,0,0,0,1,0,0,0,1,0,0
6147,72955911,KSP0900,23-416111,20231006,1931,,DORTON-JENKINS,,HWY,KY0805,KY0805,0,098 KY-805,KY0805,N,N,NULL,NULL,NULL,N,NULL,NULL,NULL,NULL,NULL,NULL,5.601,NULL,NULL,NULL,NULL,,NULL,1,0,1,1,N,N,55,NULL,98,9809,NULL,,Y,37.26374,-82.57497,N,NULL,NULL,NULL,NULL,NULL,NULL,NULL,NULL,9,3,2,3,1,5,2,6,7,3,Y,NULL,N,Y,1931,1954,2100,N,NULL,44,7,0,N,,N,N,098-KY-0805-0,NULL,NULL,2023,B,7.30E+11,098-KY-0805  -000,HIGH,098-KY-0805  -000,5.6,0,0,0,0,0,0,0,0,0,0,0,1,0,0
6148,72818034,980100,2.02E+11,20221014,124,,CASSIDY,,BLVD,,,0,098 CS-1191,CS1191,N,N,NULL,NULL,NULL,N,NULL,NULL,NULL,NULL,NULL,NULL,0.383,NULL,NULL,NULL,NULL,,NULL,0,0,2,2,N,N,35,NULL,98,9801,NULL,,Y,37.50486,-82.53835,N,NULL,NULL,NULL,NULL,NULL,NULL,NULL,NULL,1,3,2,6,1,1,2,2,1,3,N,NULL,Y,N,1247,1252,,N,NULL,55,,,N,,N,N,098-CS-1191-0,NULL,NULL,2022,O,7.28E+11,098-CS-1191  -000,HIGH,098-CS-1191  -000,0.383,0,0,0,1,0,0,0,0,0,0,0,0,0,1
6149,72860664,KSP0900,23-38162,20230130,1423,,MCCOY,,CT,,,0,098 CR-1825,CR1825,Y,N,NULL,NULL,NULL,N,NULL,NULL,NULL,NULL,NULL,NULL,0.014,NULL,NULL,NULL,NULL,,NULL,0,0,2,2,N,N,,NULL,98,9804,NULL,,Y,37.55012,-82.1599,N,NULL,NULL,NULL,NULL,NULL,NULL,NULL,NULL,2,97,,6,3,1,3,2,5,3,N,NULL,Y,N,1423,1520,1520,N,NULL,90,,,N,,N,N,098-CR-1825-0,NULL,NULL,2023,O,7.29E+11,098-CR-1825  -000,HIGH,098-CR-1825  -000,0.013,0,0,0,0,0,0,1,0,0,0,0,0,0,0
6150,72966109,KSP0900,23-434958,20231024,1800,,GOODY,,LOOP,,,0,098 PR-1024,PR1024,Y,N,NULL,NULL,NULL,N,NULL,NULL,NULL,NULL,NULL,NULL,0.018,NULL,NULL,NULL,NULL,,NULL,0,0,2,2,Y,N,,NULL,98,9834,NULL,,Y,37.65991,-82.2729,N,NULL,NULL,NULL,NULL,NULL,NULL,NULL,NULL,7,3,,6,1,1,2,2,5,3,N,NULL,Y,N,1800,1800,1800,N,NULL,90,,,N,,N,N,098-PR-1024-0,NULL,NULL,2023,O,7.30E+11,098-PR-1024  -000,HIGH,098-PR-1024  -000,0.018,0,0,0,0,0,0,0,0,0,0,0,0,0,0
6151,72924245,KSP0900,23-324240,20230714,651,,US119,,,US0119,US0119,0,098 US-119,US0119,N,N,NULL,NULL,NULL,N,NULL,NULL,NULL,NULL,NULL,NULL,11.24,NULL,NULL,NULL,NULL,,NULL,0,0,1,1,N,N,55,NULL,98,9820,NULL,,Y,37.59023,-82.38641,N,NULL,NULL,NULL,NULL,NULL,NULL,NULL,NULL,9,3,2,3,1,5,3,2,7,3,N,NULL,N,N,651,722,745,N,NULL,44,2,1,N,,N,N,098-US-0119-0,NULL,NULL,2023,O,7.29E+11,098-US-0119  -000,HIGH,098-US-0119  -000,11.204,0,0,0,0,0,0,1,0,0,0,0,1,0,0
6152,72930957,980100,2.02E+11,20230725,146,,BYPASS,S,RD,KY1426,KY1426,0,098 KY-1426,KY1426,N,N,NULL,NULL,NULL,N,NULL,NULL,NULL,NULL,NULL,NULL,5.682,NULL,NULL,NULL,NULL,,NULL,0,0,2,2,N,N,15,NULL,98,9801,NULL,,Y,37.47274,-82.52299,N,NULL,NULL,NULL,NULL,NULL,NULL,NULL,NULL,7,97,2,6,2,5,3,5,1,3,N,NULL,Y,N,146,148,148,N,NULL,54,,0,N,,N,N,098-KY-1426-0,NULL,NULL,2023,O,7.29E+11,098-KY-1426  -000,HIGH,098-KY-1426  -000,5.682,0,0,1,0,0,0,1,0,0,0,0,1,0,1
6153,72975521,KSP0900,23-448541,20231106,1159,,KY1506 CROSSOVER,,,KY1506,KY1506,0,098 KY-1506-30,KY1506,N,N,NULL,NULL,NULL,N,NULL,NULL,NULL,NULL,NULL,NULL,0.01,NULL,NULL,NULL,NULL,,NULL,0,0,2,2,N,N,40,NULL,98,9834,NULL,,Y,37.66794,-82.27702,N,NULL,NULL,NULL,NULL,NULL,NULL,NULL,NULL,1,3,2,3,1,1,2,2,7,3,N,NULL,Y,N,1205,1220,1200,N,NULL,40,9,0,N,,N,N,098-KY-1506-30,NULL,NULL,2023,O,7.30E+11,098-KY-1506  -030,HIGH,098-KY-1506  -030,0.01,0,0,0,0,0,0,0,1,0,0,0,1,0,0
6154,72794095,KSP0900,22-306944,20220809,1220,,US119,,,US0119,US0119,0,098 US-119,US0119,N,N,NULL,NULL,NULL,N,NULL,NULL,NULL,NULL,NULL,NULL,23.249,NULL,NULL,NULL,NULL,,NULL,0,0,2,2,N,N,55,NULL,98,9834,NULL,,Y,37.64512,-82.26711,N,NULL,NULL,NULL,NULL,NULL,NULL,NULL,NULL,8,3,2,3,1,1,3,2,7,3,N,NULL,Y,N,1225,1230,1225,N,NULL,53,2,1,N,,N,N,098-US-0119-0,NULL,NULL,2022,O,7.28E+11,098-US-0119  -000,HIGH,098-US-0119  -000,23.249,0,0,0,0,0,0,1,0,0,0,0,1,0,0
6155,72817703,KSP0900,22-401213,20221017,2345,,GREASY,,CRK,KY3226,KY3226,0,098 KY-3226,KY3226,N,N,NULL,NULL,NULL,N,NULL,NULL,NULL,NULL,NULL,NULL,3.088,NULL,NULL,NULL,NULL,,NULL,0,0,1,1,N,N,55,NULL,98,9824,NULL,,Y,37.41514,-82.45705,N,NULL,NULL,NULL,NULL,NULL,NULL,NULL,NULL,9,6,2,6,1,1,2,6,7,3,N,NULL,N,N,2345,9,9,N,NULL,51,8,0,N,,N,N,098-KY-3226-0,NULL,NULL,2022,O,7.28E+11,098-KY-3226  -000,HIGH,098-KY-3226  -000,3.088,0,0,0,0,0,0,1,0,0,0,0,1,0,0
6156,72987314,KSP0900,23-494454,20231218,657,,US460,,,US0460,US0460,0,098 US-460,US0460,Y,N,NULL,NULL,NULL,N,NULL,NULL,NULL,NULL,NULL,NULL,9.356,NULL,NULL,NULL,NULL,,NULL,1,0,1,1,N,N,5,NULL,98,9822,NULL,,Y,37.36846,-82.41405,N,NULL,NULL,NULL,NULL,NULL,NULL,NULL,NULL,9,97,1,6,1,5,6,3,1,3,Y,NULL,N,Y,640,657,730,Y,NULL,90,,1,N,,N,N,098-US-0460-0,NULL,NULL,2023,C,7.30E+11,098-US-0460  -000,HIGH,098-US-0460  -000,9.337,0,0,0,0,0,0,1,0,0,0,0,1,0,0
6157,72938232,980100,2.02E+11,20230823,1004,,BYPASS,,RD,,,0,098 CS-1223,CS1223,Y,N,NULL,NULL,NULL,N,NULL,NULL,NULL,NULL,NULL,NULL,,NULL,NULL,NULL,NULL,NULL,NULL,1,0,2,1,N,N,,NULL,98,9801,NULL,,Y,37.47128,-82.52117,N,NULL,NULL,NULL,NULL,NULL,NULL,NULL,NULL,9,97,1,6,2,1,2,2,1,3,Y,NULL,Y,Y,1004,1009,1010,N,NULL,90,,,N,,N,N,098-CS-1223-0,NULL,NULL,2023,C,7.29E+11,098-CS-1223  -000,HIGH,098-CS-1223  -000,0.136,0,0,0,1,1,0,1,0,0,0,0,0,0,1
6158,72835223,980100,2.02E+11,20221117,1608,,HAMBLEY,,BLVD,,,0,098 CS-1222,CS1222,N,N,NULL,NULL,NULL,N,NULL,NULL,NULL,NULL,NULL,NULL,0.002,NULL,NULL,NULL,NULL,,NULL,0,0,2,2,N,N,35,NULL,98,9801,NULL,,Y,37.47399,-82.52731,N,NULL,NULL,NULL,NULL,NULL,NULL,NULL,NULL,1,3,2,6,1,1,2,2,1,3,N,NULL,Y,N,1608,1612,,N,NULL,55,,,N,,N,N,098-CS-1222-0,NULL,NULL,2022,O,7.28E+11,098-CS-1222  -000,HIGH,098-CS-1222  -000,0.002,0,0,1,0,0,0,1,0,0,0,0,0,0,1
6159,72877302,980100,2.02E+11,20230315,839,,US23,,,US0023,US0023,0,098 US-23-10,US0023,N,N,NULL,NULL,NULL,N,NULL,NULL,NULL,NULL,NULL,NULL,27.404,NULL,NULL,NULL,NULL,,NULL,0,0,2,2,N,N,55,NULL,98,9807,NULL,,Y,37.51088,-82.54911,N,NULL,NULL,NULL,NULL,NULL,NULL,NULL,NULL,5,3,4,6,1,1,2,2,7,3,N,NULL,Y,N,839,845,912,N,NULL,49,,1,N,,N,N,098-US-0023-10,NULL,NULL,2023,O,7.29E+11,098-US-0023  -010,HIGH,098-US-0023  -000,27.39,0,0,1,0,0,0,0,0,0,0,0,0,0,1
6160,72925195,KSP0900,23-333757,20230722,1456,,US460,,,US0460,US0460,0,098 US-460,US0460,N,N,NULL,NULL,NULL,N,NULL,NULL,NULL,NULL,NULL,NULL,6.438,NULL,NULL,NULL,NULL,,NULL,1,0,2,2,N,N,55,NULL,98,9832,NULL,,Y,37.39756,-82.43317,N,NULL,NULL,NULL,NULL,NULL,NULL,NULL,NULL,6,3,2,6,1,1,2,2,7,3,Y,NULL,N,Y,1457,1503,1503,N,NULL,70,,1,N,,N,N,098-US-0460-0,NULL,NULL,2023,C,7.29E+11,098-US-0460  -000,HIGH,098-US-0460  -000,6.44,0,0,1,0,0,0,0,0,0,0,0,0,0,0
6161,72897212,980100,2.02E+11,20230413,1643,,BANK,,ST,,,,,,N,N,NULL,NULL,NULL,N,NULL,NULL,NULL,NULL,NULL,NULL,0.026,NULL,NULL,NULL,NULL,,NULL,0,0,2,2,N,N,35,NULL,98,9801,NULL,,Y,37.47556,-82.52133,N,NULL,NULL,NULL,NULL,NULL,NULL,NULL,NULL,7,3,2,6,1,1,2,2,8,3,N,NULL,Y,N,1644,1647,1647,N,NULL,47,,,N,,N,N,,NULL,NULL,2023,O,7.29E+11,098-CS-1106  -000,HIGH,098-CS-1106  -000,0.026,0,0,0,0,0,0,1,0,0,0,0,0,0,1
6162,72888298,KSP0900,23-146307,20230417,1622,,US119,,,US0119,US0119,,,,N,N,NULL,NULL,NULL,N,NULL,NULL,NULL,NULL,NULL,NULL,23.444,NULL,NULL,NULL,NULL,,NULL,1,0,2,2,N,N,55,NULL,98,9836,NULL,,Y,37.64795,-82.26749,N,NULL,NULL,NULL,NULL,NULL,NULL,NULL,NULL,5,3,4,6,1,1,2,2,7,3,N,NULL,Y,Y,1622,1622,1707,N,NULL,49,2,1,N,,N,N,,NULL,NULL,2023,C,7.29E+11,098-US-0119  -000,MEDIUM,098-US-0119  -000,23.444,0,0,0,0,0,0,1,0,0,0,0,0,0,0
6163,72899644,980100,2.02E+11,20230513,1215,,US23,,,US0023,US0023,,,,N,N,NULL,NULL,NULL,N,NULL,NULL,NULL,NULL,NULL,NULL,26.23,NULL,NULL,NULL,NULL,,NULL,0,0,2,2,N,N,55,NULL,98,9801,NULL,,Y,37.5029,-82.53204,N,NULL,NULL,NULL,NULL,NULL,NULL,NULL,NULL,5,3,4,6,1,1,3,2,1,3,N,NULL,Y,N,1215,1220,1220,N,NULL,70,,1,N,,N,N,,NULL,NULL,2023,O,7.29E+11,098-US-0023  -000,MEDIUM,098-US-0023  -000,26.167,0,0,0,0,0,0,1,0,0,0,0,0,0,1
6164,72829739,KSP0900,22-413466,20221027,950,,WILLIAMSON,,RD,KY0292,KY0292,0,098 KY-292,KY0292,N,N,NULL,NULL,NULL,N,NULL,NULL,NULL,NULL,NULL,NULL,6.101,NULL,NULL,NULL,NULL,,NULL,0,0,2,2,N,N,45,NULL,98,9826,NULL,,Y,37.66927,-82.29424,N,NULL,NULL,NULL,NULL,NULL,NULL,NULL,NULL,1,3,2,6,1,1,3,2,7,3,N,NULL,N,N,950,1000,1030,N,NULL,55,7,0,N,,N,N,098-KY-0292-0,NULL,NULL,2022,O,7.28E+11,098-KY-0292  -000,HIGH,098-KY-0292  -000,6.101,0,0,1,1,0,0,0,1,0,0,0,0,0,0
6165,72943512,980100,2.02E+11,20230907,1658,,US23,,,US0023,US0023,0,098 US-23-10,US0023,N,N,NULL,NULL,NULL,N,NULL,NULL,NULL,NULL,NULL,NULL,29.654,NULL,NULL,NULL,NULL,,NULL,0,0,4,4,N,N,45,NULL,98,9801,NULL,,Y,37.53222,-82.57747,N,NULL,NULL,NULL,NULL,NULL,NULL,NULL,NULL,5,3,4,6,1,1,3,2,7,3,Y,NULL,Y,N,1658,1709,1741,N,NULL,49,,1,N,,N,N,098-US-0023-10,NULL,NULL,2023,O,7.29E+11,098-US-0023  -010,HIGH,098-US-0023  -000,29.633,0,0,0,1,0,0,1,0,0,0,0,0,0,1
6166,72888584,KSP0900,23-128780,20230405,356,,KY194,E,,KY0194,KY0194,0,098 KY-194,KY0194,N,N,NULL,NULL,NULL,N,NULL,NULL,NULL,NULL,NULL,NULL,22.843,NULL,NULL,NULL,NULL,,NULL,0,0,1,1,N,N,55,NULL,98,9817,NULL,,Y,37.53955,-82.37268,N,NULL,NULL,NULL,NULL,NULL,NULL,NULL,NULL,9,3,2,6,1,1,2,7,7,3,N,NULL,N,N,356,430,430,N,NULL,38,6,0,N,,N,N,098-KY-0194-0,NULL,NULL,2023,O,7.29E+11,098-KY-0194  -000,HIGH,098-KY-0194  -000,22.668,0,0,0,0,0,0,0,0,0,0,0,0,0,0
6167,72811758,KSP0900,22-372753,20220926,609,,KY197,,,KY0197,KY0197,0,098 KY-197,KY0197,N,N,NULL,NULL,NULL,N,NULL,NULL,NULL,NULL,NULL,NULL,16.201,NULL,NULL,NULL,NULL,,NULL,1,0,1,1,N,N,35,NULL,98,9802,NULL,,Y,37.29887,-82.35479,N,NULL,NULL,NULL,NULL,NULL,NULL,NULL,NULL,9,3,2,6,1,1,2,2,7,3,N,NULL,Y,Y,609,710,710,N,NULL,44,7,0,N,,N,N,098-KY-0197-0,NULL,NULL,2022,C,7.28E+11,098-KY-0197  -000,HIGH,098-KY-0197  -000,16.201,0,0,0,0,0,0,0,0,0,0,0,1,0,0
6168,72746633,KSP0900,22-118840,20220402,1000,,TOLER,,RD,KY0319,KY0319,0,098 KY-319,KY0319,N,N,NULL,NULL,NULL,N,NULL,NULL,NULL,NULL,NULL,NULL,0.521,NULL,NULL,NULL,NULL,,NULL,3,0,2,2,N,N,55,NULL,98,9842,NULL,,Y,37.5812,-82.18831,N,NULL,NULL,NULL,NULL,NULL,NULL,NULL,NULL,7,3,2,6,1,1,2,2,7,3,Y,NULL,Y,Y,1000,1004,1104,N,NULL,54,7,0,N,,N,N,098-KY-0319-0,NULL,NULL,2022,B,7.27E+11,098-KY-0319  -000,HIGH,098-KY-0319  -000,0.521,0,0,0,0,0,0,0,0,1,0,0,1,0,0
6169,72890843,980100,2.02E+11,20230417,1948,,CASSIDY,,BLVD,,,0,098 CS-1191,CS1191,N,N,NULL,NULL,NULL,N,NULL,NULL,NULL,NULL,NULL,NULL,0.052,NULL,NULL,NULL,NULL,,NULL,0,0,2,2,N,N,35,NULL,98,9801,NULL,,Y,37.5037,-82.53301,N,NULL,NULL,NULL,NULL,NULL,NULL,NULL,NULL,1,3,2,3,1,1,2,2,1,3,N,NULL,Y,N,1948,1958,,N,NULL,55,,,N,,N,N,098-CS-1191-0,NULL,NULL,2023,O,7.29E+11,098-CS-1191  -000,HIGH,098-CS-1191  -000,0.049,0,0,0,0,0,0,1,1,0,0,0,0,0,1
6170,72988748,980000,23-12-004,20231216,2359,,KY194,,,KY0194,KY0194,0,098 KY-194,KY0194,N,N,NULL,NULL,NULL,N,NULL,NULL,NULL,NULL,NULL,NULL,58.076,NULL,NULL,NULL,NULL,,NULL,1,0,1,1,N,N,35,NULL,98,9804,NULL,,Y,37.54475,-82.16325,N,NULL,NULL,NULL,NULL,NULL,NULL,NULL,NULL,9,3,2,3,1,5,2,6,7,3,N,NULL,Y,N,2130,2141,,N,NULL,70,7,0,Y,,N,N,098-KY-0194-0,NULL,NULL,2023,B,7.30E+11,098-KY-0194  -000,HIGH,098-KY-0194  -000,58.064,0,0,0,0,0,0,0,1,1,1,0,1,0,0
6171,72833584,KSP0900,22-450615,20221124,600,,KY292,,,KY0292,KY0292,0,098 KY-292,KY0292,N,N,NULL,NULL,NULL,N,NULL,NULL,NULL,NULL,NULL,NULL,1.908,NULL,NULL,NULL,NULL,,NULL,1,0,1,1,N,N,45,NULL,98,9869,NULL,,Y,37.65017,-82.22611,N,NULL,NULL,NULL,NULL,NULL,NULL,NULL,NULL,9,3,2,6,1,2,2,6,7,3,Y,NULL,Y,Y,600,630,645,N,NULL,44,8,0,N,,N,N,098-KY-0292-0,NULL,NULL,2022,B,7.28E+11,098-KY-0292  -000,HIGH,098-KY-0292  -000,1.908,0,0,1,0,0,0,0,0,0,0,0,1,0,0
6172,72987592,980100,2.02E+11,20231212,1220,,OWSLEY,,RD,KY1384,KY1384,0,098 KY-1384,KY1384,N,N,NULL,NULL,NULL,N,NULL,NULL,NULL,NULL,NULL,NULL,7.127,NULL,NULL,NULL,NULL,,NULL,0,0,2,2,N,N,45,NULL,98,9801,NULL,,Y,37.48029,-82.53699,N,NULL,NULL,NULL,NULL,NULL,NULL,NULL,NULL,1,3,4,6,1,1,2,2,1,3,N,NULL,Y,N,1221,1222,1232,N,NULL,55,16,0,N,,N,N,098-KY-1384-0,NULL,NULL,2023,O,7.30E+11,098-KY-1384  -000,HIGH,098-KY-1384  -000,7.149,0,0,0,1,0,0,1,0,0,0,0,0,0,1
6173,73000569,KSP0900,23-456577,20231113,510,,RATLIFF CREEK,,RD,,,0,098 CR-1484,CR1484,N,N,NULL,NULL,NULL,N,NULL,NULL,NULL,NULL,NULL,NULL,0.754,NULL,NULL,NULL,NULL,,NULL,0,1,1,1,N,N,35,NULL,98,9801,3,N,N,37.49963,-82.51861,N,NULL,NULL,NULL,NULL,NULL,NULL,NULL,NULL,9,97,1,5,97,1,2,1,6,3,Y,NULL,Y,Y,510,601,601,N,NULL,40,,,N,,N,N,098-CR-1484-0,NULL,NULL,2023,K,7.30E+11,098-CR-1484  -000,HIGH,098-CR-1484  -000,0.754,0,0,0,0,0,0,0,0,0,0,0,1,0,0