OBJECTID,MasterFile,AgencyORINumber,LocalCode,CollisionDate,CollisionTime,CollisionDayWeekCode,RoadwayName,RoadwayName_Direction_,RoadwayName_RoadwaySuffix_,RoadwayfromReport,CurrentRoadwayNumber,RoadwayNumberCoupletID,RSEUniqueGIS,RoadwayIdentifier,ParkingLotIndicator,IntersectionWith_Indicator_,IntersectionWith_NameRoadway_,IntersectionWith_Direction_,IntersectionWith_RoadwaySuffix_,BetweenStreets_Indicator_,BetweenStreets1_NameRoadway_,BetweenStreet1_Direction_,BetweenStreets1_RoadwaySuffix_,BetweenStreets2_NameRoadway_,BetweenStreets2_Direction_,BetweenStreets2_RoadwaySuffix_,Milepoint,ReportMilepointDeriveNumber,CurrentDerivedMiepointNumber,MilestoMilepoint,FeettoMilepoint,DirectionfromMilepoint_NSEW_,ValidMilepointIndicator,NumberInjured,NumberKilled,ofUnits,ofMotorVehicleUnits,Hit&RunIndicator,OneWayIndicator,SpeedLimitNumber,KilometersIndicator,CountyCode,CityCountyCode,MilesFromCity,DirectionFromCity_NSEW_,InCityLimitsIndicator,Latitude,Longitude,RampIndicator,RampFromIdentifier,RampFromDirCode,RampFromCoupletID,RSEUniqueGISRampFrom,RampToidentifier,RampToDirCode,RampToCoupletID,RSEUniqueGisRampTo,MannerofCollisionCode,LocationFirstEventCode,TotalLanes,RoadwayCharacterCode,RoadwaySurfaceCode,RoadwayConditionCode,WeatherCode,LightConditionCode,LandUseCode,SchoolBusRelatedCode,FirstAidSceneIndicator,CollDescPresentInd,InvestigationCompleteIndicator,PhotosTakenIndicator,TimeNotified,TimeArrived,TimeRoadwayOpened,PropertyDamageIndicator,DiagramPresentIndicator,DirectionalAnalysis,FunctionClassCode,NationalHwySysCode,EnforcementsIndicator,KARSCityCode,SecondaryCollisionIndicator,MedianCrossoverIndicator,RT_UNIQUE,MapIt,TimeLastLeft,YR,KABCO,MFNY,WorkingRID,RT_CONFIDENCE,KTC_RT,KTC_MP,Motorcyclist,Commercial Vehicle,Young Driver,Mature Driver,Pedestrian,Bicyclist,Distracted,Aggressive,Impaired,Unrestrained,Intersection,Roadway Departure,Median Cross-over,City Crash
6174,72957838,KSP0900,23-419159,20231009,2009,,TOLLAGE,,CRK,,,0,098 CR-1492,CR1492,Y,N,NULL,NULL,NULL,N,NULL,NULL,NULL,NULL,NULL,NULL,0.487,NULL,NULL,NULL,NULL,,NULL,0,0,2,2,N,N,,NULL,98,9807,NULL,,Y,37.51437,-82.53277,N,NULL,NULL,NULL,NULL,NULL,NULL,NULL,NULL,2,97,,6,1,1,2,5,1,3,N,NULL,N,N,2210,2221,2230,N,NULL,90,,,N,,N,N,098-CR-1492-0,NULL,NULL,2023,O,7.30E+11,098-CS-3029  -000,HIGH,098-CS-3029  -000,0.486,0,0,1,0,0,0,0,0,0,0,0,0,0,0
6175,72895193,KSP0900,23-171158,20230506,20,,KY195,,,KY0195,KY0195,0,098 KY-195,KY0195,N,N,NULL,NULL,NULL,N,NULL,NULL,NULL,NULL,NULL,NULL,9.915,NULL,NULL,NULL,NULL,,NULL,0,0,1,1,N,N,35,NULL,98,9830,NULL,,Y,37.35034,-82.42303,N,NULL,NULL,NULL,NULL,NULL,NULL,NULL,NULL,9,3,2,3,1,1,2,6,7,3,N,NULL,N,N,20,28,100,N,NULL,40,7,0,N,,N,N,098-KY-0195-0,NULL,NULL,2023,O,7.29E+11,098-KY-0195  -000,HIGH,098-KY-0195  -000,9.92,0,0,1,0,0,0,0,0,0,0,0,1,0,0
6176,72874014,KSP0900,23-92786,20230310,1133,,LITTLE,,CRK,,,0,098 CR-1276,CR1276,N,N,NULL,NULL,NULL,N,NULL,NULL,NULL,NULL,NULL,NULL,0.535,NULL,NULL,NULL,NULL,,NULL,0,0,2,1,N,N,30,NULL,98,9801,NULL,,Y,37.38816,-82.51505,N,NULL,NULL,NULL,NULL,NULL,NULL,NULL,NULL,3,3,1,3,1,5,3,2,7,3,N,NULL,Y,N,1133,1149,1150,N,NULL,52,,,N,,N,N,098-CR-1276-0,NULL,NULL,2023,O,7.29E+11,098-CR-1276  -000,HIGH,098-CR-1276  -000,0.536,0,0,0,1,0,0,0,0,0,0,0,1,0,0
6177,72973859,KSP0900,23-460159,20231116,737,,KY1469,,,KY1469,KY1469,0,098 KY-1469,KY1469,N,N,NULL,NULL,NULL,N,NULL,NULL,NULL,NULL,NULL,NULL,6.707,NULL,NULL,NULL,NULL,,NULL,0,0,2,2,N,N,55,NULL,98,9827,NULL,,Y,37.3035,-82.6459,N,NULL,NULL,NULL,NULL,NULL,NULL,NULL,NULL,1,3,2,6,1,1,2,2,7,3,N,NULL,Y,N,830,850,915,N,NULL,55,8,0,N,,N,N,098-KY-1469-0,NULL,NULL,2023,O,7.30E+11,098-KY-1469  -000,HIGH,098-KY-1469  -000,6.708,0,0,0,0,0,0,1,0,0,0,0,0,0,0
6178,72905177,980100,2.02E+11,20230524,1546,,US23,,,US0023,US0023,0,098 US-23-10,US0023,N,N,NULL,NULL,NULL,N,NULL,NULL,NULL,NULL,NULL,NULL,25.053,NULL,NULL,NULL,NULL,,NULL,2,0,2,2,N,N,55,NULL,98,9801,NULL,,Y,37.48891,-82.53977,N,NULL,NULL,NULL,NULL,NULL,NULL,NULL,NULL,3,3,4,6,1,1,2,2,1,3,N,NULL,Y,Y,1547,1549,1617,N,NULL,52,,1,N,,N,Y,098-US-0023-10,NULL,NULL,2023,B,7.29E+11,098-US-0023  -010,HIGH,098-US-0023  -000,24.991,0,0,0,0,0,0,0,0,0,0,0,1,1,1
6179,72963277,980100,2.02E+11,20231024,1354,,KY3496,,,KY3496,KY3496,0,098 KY-3496,KY3496,Y,N,NULL,NULL,NULL,N,NULL,NULL,NULL,NULL,NULL,NULL,0.926,NULL,NULL,NULL,NULL,,NULL,0,0,2,2,N,N,15,NULL,98,9801,NULL,,Y,37.47217,-82.52721,N,NULL,NULL,NULL,NULL,NULL,NULL,NULL,NULL,2,97,2,6,1,1,2,2,1,3,N,NULL,Y,N,1354,1402,1402,N,NULL,90,16,0,N,,N,N,098-KY-3496-0,NULL,NULL,2023,O,7.30E+11,098-KY-3496  -000,HIGH,098-KY-3496  -000,0.928,0,0,0,1,0,0,1,0,0,0,0,0,0,1
6180,72859043,980100,2.02E+11,20230124,1608,,THOMPSON,,RD,,,,,,Y,N,NULL,NULL,NULL,N,NULL,NULL,NULL,NULL,NULL,NULL,1.045,NULL,NULL,NULL,NULL,,NULL,0,0,2,2,N,N,,NULL,98,9801,NULL,,Y,37.50117,-82.53632,N,NULL,NULL,NULL,NULL,NULL,NULL,NULL,NULL,1,97,,6,1,1,2,2,1,3,N,NULL,Y,N,1609,1616,1630,N,NULL,90,,,N,,N,N,,NULL,NULL,2023,O,7.29E+11,098-CS-1215  -000,MEDIUM,098-CS-1215  -000,1.055,0,0,0,0,0,0,1,0,0,0,0,0,0,1
6181,72994141,KSP0900,23-478274,20231202,2355,,US119,N,,US0119,US0119,0,098 US-119-10,US0119,N,N,NULL,NULL,NULL,N,NULL,NULL,NULL,NULL,NULL,NULL,18.9,NULL,NULL,NULL,NULL,,NULL,0,0,1,1,N,N,55,NULL,98,9836,NULL,,Y,37.60037,-82.27601,N,NULL,NULL,NULL,NULL,NULL,NULL,NULL,NULL,9,3,2,3,1,5,5,7,7,3,N,NULL,N,N,2300,2320,2340,N,NULL,70,2,1,N,,N,N,098-US-0119-10,NULL,NULL,2023,O,7.30E+11,098-US-0119  -010,HIGH,098-US-0119  -000,18.897,0,0,0,0,0,0,1,1,0,0,0,1,0,0
6182,72931467,KSP0900,23-349544,20230805,2159,,FEDSCREEK,,RD,KY0366,KY0366,0,098 KY-366,KY0366,N,N,NULL,NULL,NULL,N,NULL,NULL,NULL,NULL,NULL,NULL,1.426,NULL,NULL,NULL,NULL,,NULL,0,0,1,1,N,N,35,NULL,98,9839,NULL,,Y,37.3946,-82.22803,N,NULL,NULL,NULL,NULL,NULL,NULL,NULL,NULL,9,3,2,6,1,1,2,6,7,3,N,NULL,N,N,2203,2215,2300,N,NULL,44,9,0,Y,,N,N,098-KY-0366-0,NULL,NULL,2023,O,7.29E+11,098-KY-0366  -000,HIGH,098-KY-0366  -000,1.425,0,0,0,0,0,0,0,0,1,0,0,1,0,0
6183,72817290,KSP0900,22-399606,20221016,1903,,LEVISA,N,RD,KY1499,KY1499,,,,N,N,NULL,NULL,NULL,N,NULL,NULL,NULL,NULL,NULL,NULL,0.542,NULL,NULL,NULL,NULL,,NULL,1,0,1,1,N,N,45,NULL,98,9847,NULL,,Y,37.39003,-82.25721,N,NULL,NULL,NULL,NULL,NULL,NULL,NULL,NULL,9,3,2,3,1,5,6,7,7,3,N,NULL,Y,Y,1708,2021,2040,N,NULL,40,7,0,N,,N,N,,NULL,NULL,2022,A,7.28E+11,098-KY-1499  -000,HIGH,098-KY-1499  -000,0.542,0,0,0,1,0,0,0,0,0,0,0,1,0,0
6184,72853444,KSP0900,23-10000,20230108,1510,,SHELBIANA,W,RD,US0460,US0460,0,098 US-460,US0460,N,N,NULL,NULL,NULL,N,NULL,NULL,NULL,NULL,NULL,NULL,1.379,NULL,NULL,NULL,NULL,,NULL,0,0,2,2,N,N,45,NULL,98,9824,NULL,,Y,37.42678,-82.50014,N,NULL,NULL,NULL,NULL,NULL,NULL,NULL,NULL,5,3,2,4,1,5,3,2,7,3,N,NULL,Y,N,1510,1520,1520,N,NULL,49,,1,N,,N,N,098-US-0460-0,NULL,NULL,2023,O,7.29E+11,098-US-0460  -000,HIGH,098-US-0460  -000,1.38,0,0,0,0,0,0,1,0,0,0,0,0,0,0
6185,72862942,KSP0900,23-44782,20230204,1927,,US460,,,US0460,US0460,0,098 US-460,US0460,N,N,NULL,NULL,NULL,N,NULL,NULL,NULL,NULL,NULL,NULL,8.537,NULL,NULL,NULL,NULL,,NULL,1,0,1,1,N,N,45,NULL,98,9802,NULL,,Y,37.37333,-82.42747,N,NULL,NULL,NULL,NULL,NULL,NULL,NULL,NULL,9,3,2,6,1,1,2,6,7,3,Y,NULL,Y,Y,1927,1939,2000,N,NULL,44,,1,N,,N,N,098-US-0460-0,NULL,NULL,2023,B,7.29E+11,098-US-0460  -000,HIGH,098-US-0460  -000,8.514,0,0,0,0,0,0,1,0,0,0,0,1,0,0
6186,72975919,KSP0900,23-465579,20231120,1941,,UPPER JOHNS,,CRK,KY0632,KY0632,0,098 KY-632,KY0632,Y,N,NULL,NULL,NULL,N,NULL,NULL,NULL,NULL,NULL,NULL,0.055,NULL,NULL,NULL,NULL,,NULL,0,0,2,2,N,N,10,NULL,98,9817,NULL,,Y,37.49754,-82.3485,N,NULL,NULL,NULL,NULL,NULL,NULL,NULL,NULL,2,97,2,6,1,1,2,7,1,3,N,NULL,N,N,1941,2010,2010,N,NULL,90,6,0,N,,N,N,098-KY-0632-0,NULL,NULL,2023,O,7.30E+11,098-KY-0632  -000,HIGH,098-KY-0632  -000,0.053,0,0,0,0,0,0,1,0,0,0,0,0,0,0
6187,72918258,980500,2023AR033,20230703,1243,,MAIN STREET AND GOLDENROD LANE INTERSECT,,,,,,,,N,N,NULL,NULL,NULL,N,NULL,NULL,NULL,NULL,NULL,NULL,,NULL,NULL,NULL,NULL,NULL,NULL,0,0,2,2,N,N,25,NULL,98,9807,NULL,,Y,37.5189,-82.56625,N,NULL,NULL,NULL,NULL,NULL,NULL,NULL,NULL,1,3,2,5,1,1,2,2,1,3,N,NULL,Y,Y,1243,1244,1244,N,NULL,55,,,N,,N,N,,NULL,NULL,2023,O,7.29E+11,098-CS-3000  -071,MEDIUM,098-CS-3000  -071,0.019,0,0,0,1,0,0,0,0,0,0,0,0,0,0
6188,72809774,370200,2022-374102,20220927,657,,SLONE,,PL,,,0,098 CR-1443D,CR1443D,N,N,NULL,NULL,NULL,N,NULL,NULL,NULL,NULL,NULL,NULL,0.005,NULL,NULL,NULL,NULL,,NULL,0,0,1,1,N,N,35,NULL,98,9817,NULL,,Y,37.52944,-82.36181,N,NULL,NULL,NULL,NULL,NULL,NULL,NULL,NULL,9,3,1,3,1,1,2,6,7,3,N,NULL,Y,N,713,730,823,Y,NULL,40,,,N,,N,N,098-CR-1443D-0,NULL,NULL,2022,O,7.28E+11,098-CR-1443D -000,HIGH,098-CR-1443D -000,0.005,0,1,0,0,0,0,0,0,0,0,0,1,0,0
6189,72852082,980100,2.02E+11,20221206,1716,,HAMBLEY,,BLVD,,,,,,Y,N,NULL,NULL,NULL,N,NULL,NULL,NULL,NULL,NULL,NULL,0.493,NULL,NULL,NULL,NULL,,NULL,0,0,2,2,N,N,,NULL,98,9801,NULL,,Y,37.47834,-82.52045,N,NULL,NULL,NULL,NULL,NULL,NULL,NULL,NULL,2,97,,6,2,1,2,5,5,3,N,NULL,Y,N,1718,1726,1726,N,NULL,90,,,N,,N,N,,NULL,NULL,2022,O,7.29E+11,098-CS-1222  -000,MEDIUM,098-CS-1222  -000,0.493,0,0,0,1,0,0,0,0,0,0,0,0,0,1
6190,72850479,980500,2023AR001,20230104,1227,,US23,,,US0023,US0023,0,098 US-23,US0023,N,N,NULL,NULL,NULL,N,NULL,NULL,NULL,NULL,NULL,NULL,,NULL,NULL,NULL,NULL,NULL,NULL,0,0,2,2,N,N,45,NULL,98,9807,NULL,,Y,37.51501,-82.55872,N,NULL,NULL,NULL,NULL,NULL,NULL,NULL,NULL,5,3,6,5,1,5,3,2,7,3,N,NULL,Y,Y,1227,1230,1230,N,NULL,49,,1,N,,N,N,098-US-0023-0,NULL,NULL,2023,O,7.29E+11,098-US-0023  -000,HIGH,098-US-0023  -000,28.016,0,0,0,0,0,0,0,1,0,0,0,0,0,0
6191,72937457,KSP0900,23-364705,20230820,140,,META,,HWY,KY1426,KY1426,0,098 KY-1426,KY1426,N,N,NULL,NULL,NULL,N,NULL,NULL,NULL,NULL,NULL,NULL,15.054,NULL,NULL,NULL,NULL,,NULL,2,0,1,1,N,N,45,NULL,98,9820,NULL,,Y,37.5669,-82.45644,N,NULL,NULL,NULL,NULL,NULL,NULL,NULL,NULL,9,97,2,3,1,1,2,7,7,3,N,NULL,Y,Y,140,145,230,Y,NULL,70,7,0,N,,N,N,098-KY-1426-0,NULL,NULL,2023,B,7.29E+11,098-KY-1426  -000,HIGH,098-KY-1426  -000,15.054,0,0,0,0,0,0,0,1,0,0,0,0,0,0
6192,72966603,KSP0900,23-441658,20231031,730,,US119,,,US0119,US0119,0,098 US-119,US0119,N,N,NULL,NULL,NULL,N,NULL,NULL,NULL,NULL,NULL,NULL,24.079,NULL,NULL,NULL,NULL,,NULL,1,0,2,2,N,N,55,NULL,98,9834,NULL,,Y,37.65635,-82.27025,N,NULL,NULL,NULL,NULL,NULL,NULL,NULL,NULL,5,3,4,6,1,5,3,3,7,3,N,NULL,Y,Y,730,730,730,N,NULL,70,2,1,N,,N,N,098-US-0119-0,NULL,NULL,2023,C,7.30E+11,098-US-0119  -000,HIGH,098-US-0119  -000,24.04,0,0,0,1,0,0,1,0,0,0,0,0,0,0
6193,72971658,KSP0900,2023-447110,20231105,506,,US119,,,US0119,US0119,0,098 US-119,US0119,N,N,NULL,NULL,NULL,N,NULL,NULL,NULL,NULL,NULL,NULL,19.756,NULL,NULL,NULL,NULL,,NULL,0,0,1,1,N,N,55,NULL,98,9836,NULL,,Y,37.61221,-82.26913,N,NULL,NULL,NULL,NULL,NULL,NULL,NULL,NULL,9,3,4,3,1,1,2,6,7,3,N,NULL,Y,N,506,506,506,N,NULL,38,2,1,N,,N,N,098-US-0119-0,NULL,NULL,2023,O,7.30E+11,098-US-0119  -000,HIGH,098-US-0119  -000,19.926,0,0,0,0,0,0,0,0,0,0,0,0,0,0
6194,72991133,KSP0900,23-493393,20231216,2303,,APPALACHIAN,,PLZ,,,0,098 PR-1008,PR1008,Y,N,NULL,NULL,NULL,N,NULL,NULL,NULL,NULL,NULL,NULL,0.147,NULL,NULL,NULL,NULL,,NULL,1,0,2,2,N,N,,NULL,98,9834,NULL,,Y,37.66655,-82.27557,N,NULL,NULL,NULL,NULL,NULL,NULL,NULL,NULL,1,97,,6,3,1,2,5,1,3,N,NULL,Y,Y,2303,2354,2303,N,NULL,90,,,N,,N,N,098-PR-1008-0,NULL,NULL,2023,C,7.30E+11,098-PR-1008  -000,HIGH,098-PR-1008  -000,0.158,0,0,1,0,0,0,1,0,0,0,0,0,0,0
6195,72948690,980100,2.02E+11,20230920,752,,KY3495,,,KY3495,KY3495,0,098 KY-3495,KY3495,N,N,NULL,NULL,NULL,N,NULL,NULL,NULL,NULL,NULL,NULL,0.017,NULL,NULL,NULL,NULL,,NULL,0,0,2,2,N,N,45,NULL,98,9801,NULL,,Y,37.48661,-82.54273,N,NULL,NULL,NULL,NULL,NULL,NULL,NULL,NULL,1,3,2,6,1,1,2,2,7,3,N,NULL,Y,N,752,753,753,N,NULL,55,17,0,N,,N,N,098-KY-3495-0,NULL,NULL,2023,O,7.29E+11,098-KY-3495  -000,HIGH,098-KY-3495  -000,0.017,0,0,1,0,0,0,1,0,0,0,0,0,0,1
6196,72924631,980100,2.02E+11,20230719,1118,,US23,,,US0023,US0023,0,098 US-23-10,US0023,N,N,NULL,NULL,NULL,N,NULL,NULL,NULL,NULL,NULL,NULL,26.311,NULL,NULL,NULL,NULL,,NULL,0,0,2,2,N,N,55,NULL,98,9801,NULL,,Y,37.50409,-82.5322,N,NULL,NULL,NULL,NULL,NULL,NULL,NULL,NULL,5,3,4,6,1,1,2,2,7,3,N,NULL,Y,N,1118,1127,1128,N,NULL,49,,1,N,,N,N,098-US-0023-10,NULL,NULL,2023,O,7.29E+11,098-US-0023  -010,HIGH,098-US-0023  -000,26.25,0,0,0,1,0,0,0,0,0,0,0,0,0,1
6197,72916559,980100,2.02E+11,20230627,1238,,KY3496,,,KY3496,KY3496,,,,Y,N,NULL,NULL,NULL,N,NULL,NULL,NULL,NULL,NULL,NULL,0.234,NULL,NULL,NULL,NULL,,NULL,0,0,2,2,N,N,,NULL,98,9801,NULL,,Y,37.46679,-82.53173,N,NULL,NULL,NULL,NULL,NULL,NULL,NULL,NULL,2,97,,6,1,1,3,2,1,3,N,NULL,Y,N,1242,1247,1247,N,NULL,90,16,0,N,,N,N,,NULL,NULL,2023,O,7.29E+11,098-KY-3496  -000,MEDIUM,098-KY-3496  -000,0.236,0,0,0,0,0,0,1,0,0,0,0,0,0,1
6198,72895457,KSP0900,2023-171205,20230506,106,,KY194,,,KY0194,KY0194,,,,N,N,NULL,NULL,NULL,N,NULL,NULL,NULL,NULL,NULL,NULL,10.06,NULL,NULL,NULL,NULL,,NULL,0,0,2,2,N,N,55,NULL,98,9801,NULL,,Y,37.59681,-82.52479,N,NULL,NULL,NULL,NULL,NULL,NULL,NULL,NULL,7,3,2,3,1,1,2,6,7,3,N,NULL,N,N,106,135,156,N,NULL,54,7,0,N,,N,N,,NULL,NULL,2023,O,7.29E+11,098-KY-0194  -000,HIGH,098-KY-0194  -000,10.087,0,0,1,0,0,0,0,0,0,0,0,1,0,0
6199,72840857,KSP0900,22-468974,20221208,1820,,VIRGIE,,RD,KY0610,KY0610,0,098 KY-610,KY0610,N,N,NULL,NULL,NULL,N,NULL,NULL,NULL,NULL,NULL,NULL,0.361,NULL,NULL,NULL,NULL,,NULL,0,0,1,1,N,N,55,NULL,98,9809,NULL,,Y,37.27856,-82.5843,N,NULL,NULL,NULL,NULL,NULL,NULL,NULL,NULL,9,3,2,4,1,5,6,6,7,3,N,NULL,Y,N,1718,1821,1836,N,NULL,38,7,0,N,,N,N,098-KY-0610-0,NULL,NULL,2022,O,7.28E+11,098-KY-0610  -000,HIGH,098-KY-0610  -000,0.361,0,0,0,0,0,0,0,0,0,0,0,0,0,0
6200,72985158,KSP0900,23-477014,20231201,1902,,TOLER,,RD,KY0319,KY0319,0,098 KY-319,KY0319,N,N,NULL,NULL,NULL,N,NULL,NULL,NULL,NULL,NULL,NULL,1.031,NULL,NULL,NULL,NULL,,NULL,0,1,2,1,N,N,55,NULL,98,9842,NULL,,Y,37.58519,-82.19592,N,NULL,NULL,NULL,NULL,NULL,NULL,NULL,NULL,9,3,2,1,1,5,6,6,7,3,N,NULL,N,Y,1945,2107,238,N,NULL,36,7,0,N,,N,N,098-KY-0319-0,NULL,NULL,2023,K,7.30E+11,098-KY-0319  -000,HIGH,098-KY-0319  -000,1.029,0,0,0,1,1,0,0,0,0,0,0,1,0,0
6201,72888919,KSP0900,23-149368,20230419,1929,,KY194,,,KY0194,KY0194,0,098 KY-194,KY0194,N,N,NULL,NULL,NULL,N,NULL,NULL,NULL,NULL,NULL,NULL,53.926,NULL,NULL,NULL,NULL,,NULL,1,0,1,1,N,N,45,NULL,98,9804,NULL,,Y,37.5062,-82.13481,N,NULL,NULL,NULL,NULL,NULL,NULL,NULL,NULL,9,3,1,6,1,1,2,2,7,3,Y,NULL,N,Y,1929,1950,1950,N,NULL,44,8,0,N,,N,N,098-KY-0194-0,NULL,NULL,2023,C,7.29E+11,098-KY-0194  -000,HIGH,098-KY-0194  -000,53.926,0,0,0,0,0,0,1,0,1,1,0,1,0,0
6202,72783561,980100,2.02E+11,20220715,1735,,SOUTH MAYO,,TRL,,,,,,N,N,NULL,NULL,NULL,N,NULL,NULL,NULL,NULL,NULL,NULL,,NULL,NULL,NULL,NULL,NULL,NULL,0,0,2,2,N,Y,45,NULL,98,9801,NULL,,Y,37.43658,-82.51056,N,NULL,NULL,NULL,NULL,NULL,NULL,NULL,NULL,5,3,1,1,1,1,2,2,1,3,N,NULL,N,N,1735,1748,1748,N,NULL,49,,,N,,N,N,,NULL,NULL,2022,O,7.28E+11,098-US-0023  -421,MEDIUM,098-US-0023  -421,0.048,0,0,0,0,0,0,1,0,0,0,0,0,0,1
6203,72844464,KSP0900,22-482343,20221218,1834,,ELKHORN,,CRK,KY0197,KY0197,0,098 KY-197,KY0197,N,N,NULL,NULL,NULL,N,NULL,NULL,NULL,NULL,NULL,NULL,7.567,NULL,NULL,NULL,NULL,,NULL,1,0,1,1,N,N,55,NULL,98,9864,NULL,S,Y,37.25894,-82.46416,N,NULL,NULL,NULL,NULL,NULL,NULL,NULL,NULL,9,5,2,6,1,1,2,6,7,3,Y,NULL,Y,Y,1834,1909,2113,N,NULL,51,7,0,N,,N,N,098-KY-0197-0,NULL,NULL,2022,A,7.28E+11,098-KY-0197  -000,HIGH,098-KY-0197  -000,7.567,1,0,0,0,0,0,0,0,0,0,0,1,0,0
6204,72842037,KSP0900,22-451999,20221125,1336,,US119,,,US0119,US0119,0,098 US-119,US0119,N,N,NULL,NULL,NULL,N,NULL,NULL,NULL,NULL,NULL,NULL,24.966,NULL,NULL,NULL,NULL,,NULL,1,0,3,3,N,N,40,NULL,98,9834,NULL,,Y,37.66779,-82.27692,N,NULL,NULL,NULL,NULL,NULL,NULL,NULL,NULL,5,3,4,6,1,1,3,2,7,3,Y,NULL,N,N,1330,1400,1430,N,NULL,49,2,1,Y,,N,N,098-US-0119-0,NULL,NULL,2022,B,7.28E+11,098-US-0119  -000,HIGH,098-US-0119  -000,24.966,0,0,0,0,0,0,0,0,1,0,0,1,0,0
6205,72999668,980200,980200,20231128,1100,,MAIN,E,ST,,,0,098 CS-2006,CS2006,N,N,NULL,NULL,NULL,N,NULL,NULL,NULL,NULL,NULL,NULL,0.046,NULL,NULL,NULL,NULL,,NULL,0,0,2,2,N,N,15,NULL,98,9802,NULL,,Y,37.30547,-82.35291,N,NULL,NULL,NULL,NULL,NULL,NULL,NULL,NULL,2,7,1,4,1,1,2,2,1,3,N,NULL,Y,N,1100,1109,1125,N,NULL,47,,,N,,N,N,098-CS-2006-0,NULL,NULL,2023,O,7.30E+11,098-CS-2006  -000,HIGH,098-CS-2006  -000,0.048,0,0,0,1,0,0,1,0,0,0,0,0,0,0
6206,72851155,KSP0900,23-6176,20230105,1740,,TOLER,,RD,KY0319,KY0319,0,098 KY-319,KY0319,N,N,NULL,NULL,NULL,N,NULL,NULL,NULL,NULL,NULL,NULL,2.097,NULL,NULL,NULL,NULL,,NULL,0,0,1,1,N,N,55,NULL,98,9842,NULL,,Y,37.59938,-82.20621,N,NULL,NULL,NULL,NULL,NULL,NULL,NULL,NULL,9,3,2,4,1,1,2,6,7,3,N,NULL,Y,N,1741,1816,1816,N,NULL,38,7,0,N,,N,N,098-KY-0319-0,NULL,NULL,2023,O,7.29E+11,098-KY-0319  -000,HIGH,098-KY-0319  -000,2.18,0,0,0,1,0,0,0,0,0,0,0,0,0,0
6207,72961230,980100,2.02E+11,20231019,1906,,JULIUS,,AVE,,,0,098 CS-1156,CS1156,Y,N,NULL,NULL,NULL,N,NULL,NULL,NULL,NULL,NULL,NULL,0.042,NULL,NULL,NULL,NULL,,NULL,0,0,1,1,N,N,,NULL,98,9801,NULL,,Y,37.47676,-82.52293,N,NULL,NULL,NULL,NULL,NULL,NULL,NULL,NULL,9,97,,6,1,1,3,3,5,3,N,NULL,Y,N,1907,1912,1912,Y,NULL,90,,,N,,N,N,098-CS-1156-0,NULL,NULL,2023,O,7.30E+11,098-CS-1156  -000,HIGH,098-CS-1156  -000,0.041,0,0,0,0,0,0,0,0,0,0,0,0,0,1
6208,72941874,980100,2.02E+11,20230826,1518,,CASSIDY,,BLVD,,,0,098 CS-1191,CS1191,Y,N,NULL,NULL,NULL,N,NULL,NULL,NULL,NULL,NULL,NULL,0.317,NULL,NULL,NULL,NULL,,NULL,0,0,3,3,N,N,,NULL,98,9801,NULL,,Y,37.50522,-82.5372,N,NULL,NULL,NULL,NULL,NULL,NULL,NULL,NULL,5,97,,6,1,1,2,2,5,3,N,NULL,Y,Y,1520,1526,1526,Y,NULL,90,,,Y,,N,N,098-CS-1191-0,NULL,NULL,2023,O,7.29E+11,098-CS-1191  -000,HIGH,098-CS-1191  -000,0.317,0,0,0,1,0,0,0,0,0,0,0,0,0,1
6209,72920191,KSP0900,23-319042,20230709,1453,,KY194,,,KY0194,KY0194,,,,N,N,NULL,NULL,NULL,N,NULL,NULL,NULL,NULL,NULL,NULL,18.897,NULL,NULL,NULL,NULL,,NULL,2,0,2,2,N,N,55,NULL,98,9817,NULL,,Y,37.55736,-82.41504,N,NULL,NULL,NULL,NULL,NULL,NULL,NULL,NULL,3,3,2,3,1,5,6,2,7,3,Y,NULL,N,Y,1453,1526,1549,N,NULL,52,6,5,N,,N,N,,NULL,NULL,2023,C,7.29E+11,098-KY-0194  -000,HIGH,098-KY-0194  -000,18.934,0,0,0,0,0,0,0,1,0,0,0,1,0,0
6210,72885193,980000,2304001,20230410,1100,,SOUTHSIDE MALL ROAD,,,,,,,,Y,N,NULL,NULL,NULL,N,NULL,NULL,NULL,NULL,NULL,NULL,,NULL,NULL,NULL,NULL,NULL,NULL,0,0,2,2,N,N,15,NULL,98,9812,3,N,N,37.65463,-82.27396,N,NULL,NULL,NULL,NULL,NULL,NULL,NULL,NULL,2,97,2,6,1,1,2,2,1,3,N,NULL,N,Y,1105,1110,1200,N,NULL,90,,,N,,N,N,,NULL,NULL,2023,O,7.29E+11,098-PR-1010  -000,MEDIUM,098-PR-1010  -000,0.305,0,0,0,0,0,0,1,0,0,0,0,0,0,0
6211,72842205,980100,2.02E+11,20221207,1228,,CASSIDY,,BLVD,,,0,098 CS-1191,CS1191,N,N,NULL,NULL,NULL,N,NULL,NULL,NULL,NULL,NULL,NULL,0.263,NULL,NULL,NULL,NULL,,NULL,1,0,2,2,N,N,35,NULL,98,9801,NULL,,Y,37.50465,-82.53615,N,NULL,NULL,NULL,NULL,NULL,NULL,NULL,NULL,1,3,4,3,1,5,3,2,1,3,Y,NULL,Y,Y,1228,1235,1435,N,NULL,55,,,N,,N,N,098-CS-1191-0,NULL,NULL,2022,B,7.28E+11,098-CS-1191  -000,HIGH,098-CS-1191  -000,0.263,0,0,0,1,0,0,0,1,0,0,0,0,0,1