OBJECTID,MasterFile,AgencyORINumber,LocalCode,CollisionDate,CollisionTime,CollisionDayWeekCode,RoadwayName,RoadwayName_Direction_,RoadwayName_RoadwaySuffix_,RoadwayfromReport,CurrentRoadwayNumber,RoadwayNumberCoupletID,RSEUniqueGIS,RoadwayIdentifier,ParkingLotIndicator,IntersectionWith_Indicator_,IntersectionWith_NameRoadway_,IntersectionWith_Direction_,IntersectionWith_RoadwaySuffix_,BetweenStreets_Indicator_,BetweenStreets1_NameRoadway_,BetweenStreet1_Direction_,BetweenStreets1_RoadwaySuffix_,BetweenStreets2_NameRoadway_,BetweenStreets2_Direction_,BetweenStreets2_RoadwaySuffix_,Milepoint,ReportMilepointDeriveNumber,CurrentDerivedMiepointNumber,MilestoMilepoint,FeettoMilepoint,DirectionfromMilepoint_NSEW_,ValidMilepointIndicator,NumberInjured,NumberKilled,ofUnits,ofMotorVehicleUnits,Hit&RunIndicator,OneWayIndicator,SpeedLimitNumber,KilometersIndicator,CountyCode,CityCountyCode,MilesFromCity,DirectionFromCity_NSEW_,InCityLimitsIndicator,Latitude,Longitude,RampIndicator,RampFromIdentifier,RampFromDirCode,RampFromCoupletID,RSEUniqueGISRampFrom,RampToidentifier,RampToDirCode,RampToCoupletID,RSEUniqueGisRampTo,MannerofCollisionCode,LocationFirstEventCode,TotalLanes,RoadwayCharacterCode,RoadwaySurfaceCode,RoadwayConditionCode,WeatherCode,LightConditionCode,LandUseCode,SchoolBusRelatedCode,FirstAidSceneIndicator,CollDescPresentInd,InvestigationCompleteIndicator,PhotosTakenIndicator,TimeNotified,TimeArrived,TimeRoadwayOpened,PropertyDamageIndicator,DiagramPresentIndicator,DirectionalAnalysis,FunctionClassCode,NationalHwySysCode,EnforcementsIndicator,KARSCityCode,SecondaryCollisionIndicator,MedianCrossoverIndicator,RT_UNIQUE,MapIt,TimeLastLeft,YR,KABCO,MFNY,WorkingRID,RT_CONFIDENCE,KTC_RT,KTC_MP,Motorcyclist,Commercial Vehicle,Young Driver,Mature Driver,Pedestrian,Bicyclist,Distracted,Aggressive,Impaired,Unrestrained,Intersection,Roadway Departure,Median Cross-over,City Crash
6212,72876761,980100,2.02E+11,20230317,1505,,KY3495,,,KY3495,KY3495,0,098 KY-3495,KY3495,N,N,NULL,NULL,NULL,N,NULL,NULL,NULL,NULL,NULL,NULL,0.158,NULL,NULL,NULL,NULL,,NULL,0,0,3,3,N,N,45,NULL,98,9801,NULL,,Y,37.48814,-82.54102,N,NULL,NULL,NULL,NULL,NULL,NULL,NULL,NULL,1,3,2,6,1,5,6,2,7,3,N,NULL,Y,N,1505,1505,1542,N,NULL,55,17,0,N,,N,N,098-KY-3495-0,NULL,NULL,2023,O,7.29E+11,098-KY-3495  -000,HIGH,098-KY-3495  -000,0.157,0,0,1,0,0,0,1,1,0,0,0,0,0,1
6213,72987187,980000,23-12-003,20231215,1745,,"STATE ROUTE 612,TURKEY CREEK KY",,,,,,,,N,N,NULL,NULL,NULL,N,NULL,NULL,NULL,NULL,NULL,NULL,,NULL,NULL,NULL,NULL,NULL,NULL,0,0,2,2,Y,N,35,NULL,98,9826,0.4,N,N,37.67179,-82.30553,N,NULL,NULL,NULL,NULL,NULL,NULL,NULL,NULL,5,3,2,1,1,1,2,2,7,3,N,NULL,Y,N,1805,1810,1840,N,NULL,49,,,N,,N,N,,NULL,NULL,2023,O,7.30E+11,098-KY-0612  -000,MEDIUM,098-KY-0612  -000,8.229,0,0,0,0,0,0,0,0,0,0,0,0,0,0
6214,72938678,980100,2.02E+11,20230824,1504,,HAMBLEY,,BLVD,,,0,098 CS-1222,CS1222,Y,N,NULL,NULL,NULL,N,NULL,NULL,NULL,NULL,NULL,NULL,1.177,NULL,NULL,NULL,NULL,,NULL,0,0,2,2,N,N,35,NULL,98,9801,NULL,,Y,37.48536,-82.5248,N,NULL,NULL,NULL,NULL,NULL,NULL,NULL,NULL,2,97,2,6,1,1,3,2,1,3,N,NULL,Y,N,1504,1506,1506,N,NULL,90,,,N,,N,N,098-CS-1222-0,NULL,NULL,2023,O,7.29E+11,098-CS-1222  -000,HIGH,098-CS-1222  -000,1.177,0,1,0,0,0,0,1,1,0,0,0,0,0,1
6215,72927254,980100,2.02E+11,20230725,820,,BYPASS,,RD,,,0,098 CS-1223,CS1223,Y,N,NULL,NULL,NULL,N,NULL,NULL,NULL,NULL,NULL,NULL,,NULL,NULL,NULL,NULL,NULL,NULL,0,0,2,2,N,N,,NULL,98,9801,NULL,,Y,37.47128,-82.52117,N,NULL,NULL,NULL,NULL,NULL,NULL,NULL,NULL,1,97,1,6,1,1,2,2,1,3,N,NULL,Y,N,820,824,824,N,NULL,90,,,N,,N,N,098-CS-1223-0,NULL,NULL,2023,O,7.29E+11,098-CS-1223  -000,HIGH,098-CS-1223  -000,0.136,0,0,0,0,0,0,0,0,0,0,0,0,0,1
6216,72868448,KSP0900,23-47155,20230206,1632,,KY197,,,KY0197,KY0197,0,098 KY-197,KY0197,N,N,NULL,NULL,NULL,N,NULL,NULL,NULL,NULL,NULL,NULL,15.967,NULL,NULL,NULL,NULL,,NULL,0,1,1,1,N,N,35,NULL,98,9802,NULL,,Y,37.29678,-82.35718,N,NULL,NULL,NULL,NULL,NULL,NULL,NULL,NULL,9,3,2,6,1,1,2,2,7,3,N,NULL,Y,Y,1634,1637,1900,N,NULL,40,7,0,N,,N,N,098-KY-0197-0,NULL,NULL,2023,K,7.29E+11,098-KY-0197  -000,HIGH,098-KY-0197  -000,15.968,0,0,0,0,0,0,0,0,0,0,0,1,0,0
6217,72972125,980100,2.02E+11,20231108,1459,,KY3496,,,KY3496,KY3496,0,098 KY-3496,KY3496,Y,N,NULL,NULL,NULL,N,NULL,NULL,NULL,NULL,NULL,NULL,0.102,NULL,NULL,NULL,NULL,,NULL,0,0,1,1,N,N,,NULL,98,9801,NULL,,Y,37.466,-82.52955,N,NULL,NULL,NULL,NULL,NULL,NULL,NULL,NULL,9,97,1,3,1,1,2,2,5,3,N,NULL,Y,N,1459,1503,1503,Y,NULL,90,16,0,N,,N,N,098-KY-3496-0,NULL,NULL,2023,O,7.30E+11,098-KY-3496  -000,HIGH,098-KY-3496  -000,0.11,0,0,0,0,0,0,0,0,0,0,0,1,0,1
6218,72820358,980100,2.02E+11,20221024,1557,,MAYO,S,TRL,KY3496,KY3496,0,098 KY-3496,KY3496,N,N,NULL,NULL,NULL,N,NULL,NULL,NULL,NULL,NULL,NULL,0.609,NULL,NULL,NULL,NULL,,NULL,0,0,2,2,N,N,35,NULL,98,9801,NULL,,Y,37.47148,-82.53293,N,NULL,NULL,NULL,NULL,NULL,NULL,NULL,NULL,4,3,2,6,1,1,2,2,1,3,N,NULL,Y,N,1557,1557,1611,N,NULL,70,16,0,N,,N,N,098-KY-3496-0,NULL,NULL,2022,O,7.28E+11,098-KY-3496  -000,HIGH,098-KY-3496  -000,0.609,0,0,1,0,0,0,0,1,0,0,0,0,0,1
6219,72962596,980100,2.02E+11,20231006,2056,,US23,,,US0023,US0023,0,098 US-23-10,US0023,N,N,NULL,NULL,NULL,N,NULL,NULL,NULL,NULL,NULL,NULL,27.616,NULL,NULL,NULL,NULL,,NULL,0,0,2,2,N,N,55,NULL,98,9807,NULL,,Y,37.51193,-82.55289,N,NULL,NULL,NULL,NULL,NULL,NULL,NULL,NULL,5,3,4,6,1,1,2,5,7,3,N,NULL,Y,N,2056,2102,,N,NULL,49,,1,N,,N,N,098-US-0023-10,NULL,NULL,2023,O,7.30E+11,098-US-0023  -010,HIGH,098-US-0023  -000,27.613,0,0,0,0,0,0,1,1,0,0,0,0,0,0
6220,72873111,980100,2.02E+11,20230306,840,,US23,,,US0023,US0023,0,098 US-23,US0023,N,N,NULL,NULL,NULL,N,NULL,NULL,NULL,NULL,NULL,NULL,26.286,NULL,NULL,NULL,NULL,,NULL,0,0,2,2,N,N,55,NULL,98,9801,NULL,,Y,37.5037,-82.53215,N,NULL,NULL,NULL,NULL,NULL,NULL,NULL,NULL,5,3,4,6,1,1,2,2,7,3,N,NULL,Y,N,840,842,850,N,NULL,49,,1,Y,,N,N,098-US-0023-0,NULL,NULL,2023,O,7.29E+11,098-US-0023  -000,HIGH,098-US-0023  -000,26.224,0,0,0,0,0,0,0,0,1,0,0,0,0,1
6221,72963272,KSP0900,23-430990,20231021,833,,US119,,,US0119,US0119,0,098 US-119,US0119,N,N,NULL,NULL,NULL,N,NULL,NULL,NULL,NULL,NULL,NULL,0.465,NULL,NULL,NULL,NULL,,NULL,0,0,2,2,N,N,55,NULL,98,9801,NULL,,Y,37.50619,-82.52426,N,NULL,NULL,NULL,NULL,NULL,NULL,NULL,NULL,5,3,4,6,1,5,2,2,7,3,N,NULL,Y,N,833,855,930,N,NULL,49,2,1,N,,N,N,098-US-0119-0,NULL,NULL,2023,O,7.30E+11,098-US-0119  -000,HIGH,098-US-0119  -000,0.468,0,0,0,0,0,0,0,0,0,0,0,0,0,1
6222,72991818,KSP0900,23-503454,20231227,553,,ISLAND CREEK,,RD,KY1426,KY1426,,,,N,N,NULL,NULL,NULL,N,NULL,NULL,NULL,NULL,NULL,NULL,2.381,NULL,NULL,NULL,NULL,,NULL,0,0,1,1,N,N,45,NULL,98,9801,5,S,N,37.45861,-82.55379,N,NULL,NULL,NULL,NULL,NULL,NULL,NULL,NULL,9,2,2,6,1,5,6,6,7,3,N,NULL,Y,N,553,626,626,N,NULL,40,8,0,N,,N,N,,NULL,NULL,2023,O,7.30E+11,098-KY-1426  -000,HIGH,098-KY-1426  -000,2.384,0,0,0,0,0,0,0,0,0,0,0,1,0,1
6223,72837887,980100,2.02E+11,20221205,1009,,CASSIDY,,BLVD,,,0,098 CS-1191,CS1191,N,N,NULL,NULL,NULL,N,NULL,NULL,NULL,NULL,NULL,NULL,0.252,NULL,NULL,NULL,NULL,,NULL,0,0,2,2,N,N,35,NULL,98,9801,NULL,,Y,37.50452,-82.53598,N,NULL,NULL,NULL,NULL,NULL,NULL,NULL,NULL,1,3,3,6,1,1,2,2,1,3,N,NULL,Y,N,1009,1011,,N,NULL,55,,,N,,N,N,098-CS-1191-0,NULL,NULL,2022,O,7.28E+11,098-CS-1191  -000,HIGH,098-CS-1191  -000,0.252,0,0,0,1,0,0,1,1,0,0,0,0,0,1
6224,72838197,980100,2.02E+11,20221205,1350,,LEE,,AVE,,,0,098 CS-1191,CS1191,N,N,NULL,NULL,NULL,N,NULL,NULL,NULL,NULL,NULL,NULL,,NULL,NULL,NULL,NULL,NULL,NULL,0,0,2,2,N,N,15,NULL,98,9801,NULL,,Y,37.50375,-82.53226,N,NULL,NULL,NULL,NULL,NULL,NULL,NULL,NULL,1,3,2,6,1,1,2,2,1,3,N,NULL,Y,N,1350,1359,1359,N,NULL,55,,,N,,N,N,098-CS-1191-0,NULL,NULL,2022,O,7.28E+11,098-CS-1191  -000,HIGH,098-CS-1191  -000,0.006,0,0,0,0,0,0,0,0,0,0,0,0,0,1
6225,72911111,KSP0900,2023-220228,20230609,2343,,US23,,,US0023,US0023,0,098 US-23-10,US0023,N,N,NULL,NULL,NULL,N,NULL,NULL,NULL,NULL,NULL,NULL,30.485,NULL,NULL,NULL,NULL,,NULL,0,0,1,1,N,N,55,NULL,98,9801,NULL,,Y,37.54229,-82.58478,N,NULL,NULL,NULL,NULL,NULL,NULL,NULL,NULL,9,3,4,3,1,1,3,5,7,3,N,NULL,Y,N,2343,2343,,N,NULL,38,,1,N,,N,N,098-US-0023-10,NULL,NULL,2023,O,7.29E+11,098-US-0023  -010,HIGH,098-US-0023  -000,30.456,0,0,0,0,0,0,0,0,0,0,0,0,0,1
6226,72956668,980100,2.02E+11,20231009,1237,,US23,,,US0023,US0023,,,,N,N,NULL,NULL,NULL,N,NULL,NULL,NULL,NULL,NULL,NULL,23.565,NULL,NULL,NULL,NULL,,NULL,0,0,2,2,N,N,55,NULL,98,9801,NULL,,Y,37.47123,-82.53368,N,NULL,NULL,NULL,NULL,NULL,NULL,NULL,NULL,1,3,5,6,1,5,6,2,7,3,N,NULL,Y,N,1237,1248,,N,NULL,55,,1,N,,N,N,,NULL,NULL,2023,O,7.30E+11,098-US-0023  -000,MEDIUM,098-US-0023  -000,23.524,0,0,0,0,0,0,1,0,0,0,0,0,0,1
6227,72971229,KSP0900,23-453416,20231110,1216,,STONE COAL CREEK,,RD,KY3227,KY3227,0,098 KY-3227,KY3227,N,N,NULL,NULL,NULL,N,NULL,NULL,NULL,NULL,NULL,NULL,3.479,NULL,NULL,NULL,NULL,,NULL,1,0,2,2,N,N,55,NULL,98,9801,NULL,,Y,37.53953,-82.51181,N,NULL,NULL,NULL,NULL,NULL,NULL,NULL,NULL,3,3,2,3,1,5,6,2,7,3,Y,NULL,Y,Y,1216,1225,1315,N,NULL,52,8,0,N,,N,N,098-KY-3227-0,NULL,NULL,2023,C,7.30E+11,098-KY-3227  -000,HIGH,098-KY-3227  -000,3.466,0,0,0,0,0,0,0,0,0,0,0,1,0,0
6228,72765373,KSP0900,22-152344,20220426,930,,LEFT FRK BLACKBERRY,,,,,,,,Y,N,NULL,NULL,NULL,N,NULL,NULL,NULL,NULL,NULL,NULL,,NULL,NULL,NULL,NULL,NULL,NULL,0,0,1,1,N,N,,NULL,98,9879,NULL,,Y,37.53419,-82.19376,N,NULL,NULL,NULL,NULL,NULL,NULL,NULL,NULL,9,97,1,2,3,11,3,2,5,3,N,NULL,Y,N,900,1000,900,Y,NULL,90,,,N,,N,N,,NULL,NULL,2022,O,7.28E+11,098-KY-3419  -000,MEDIUM,098-KY-3419  -000,10.467,0,0,0,1,0,0,0,0,0,0,0,1,0,0
6229,72827338,KSP0900,22-423244,20221103,1641,,US119,,,US0119,US0119,0,098 US-119,US0119,N,N,NULL,NULL,NULL,N,NULL,NULL,NULL,NULL,NULL,NULL,19.45,NULL,NULL,NULL,NULL,,NULL,2,0,2,2,N,N,55,NULL,98,9836,NULL,,Y,37.60754,-82.27375,N,NULL,NULL,NULL,NULL,NULL,NULL,NULL,NULL,8,3,4,6,1,1,2,2,7,3,N,NULL,Y,Y,1642,1646,1731,N,NULL,53,2,1,N,,N,N,098-US-0119-0,NULL,NULL,2022,C,7.28E+11,098-US-0119  -000,HIGH,098-US-0119  -000,19.45,0,0,0,1,0,0,1,0,0,0,0,1,0,0
6230,72929983,KSP0900,23-325489,20230715,249,,BIG CREEK,,RD,KY0468,KY0468,0,098 KY-468,KY0468,N,N,NULL,NULL,NULL,N,NULL,NULL,NULL,NULL,NULL,NULL,13.094,NULL,NULL,NULL,NULL,,NULL,1,0,1,1,N,N,55,NULL,98,9843,NULL,,Y,37.73816,-82.3401,N,NULL,NULL,NULL,NULL,NULL,NULL,NULL,NULL,9,3,2,6,1,1,2,6,7,3,Y,NULL,Y,Y,249,322,322,N,NULL,40,8,0,N,,N,N,098-KY-0468-0,NULL,NULL,2023,A,7.29E+11,098-KY-0468  -000,HIGH,098-KY-0468  -000,13.191,0,0,0,0,0,0,0,0,0,0,0,1,0,0
6231,72863965,KSP0900,23-52451,20230210,1224,,STONE COAL CREEK,,RD,KY3227,KY3227,0,098 KY-3227,KY3227,N,N,NULL,NULL,NULL,N,NULL,NULL,NULL,NULL,NULL,NULL,1.672,NULL,NULL,NULL,NULL,,NULL,1,0,1,1,N,N,35,NULL,98,9801,NULL,,Y,37.53194,-82.5364,N,NULL,NULL,NULL,NULL,NULL,NULL,NULL,NULL,9,5,2,6,1,1,2,2,7,3,Y,NULL,Y,Y,1224,1237,1315,N,NULL,44,8,0,N,,N,N,098-KY-3227-0,NULL,NULL,2023,B,7.29E+11,098-KY-3227  -000,HIGH,098-KY-3227  -000,1.681,0,0,1,0,0,0,0,0,0,0,0,1,0,0
6232,72931926,KSP0900,23-352514,20230808,1900,,3C,,RD,,,0,098 CR-1984,CR1984,N,N,NULL,NULL,NULL,N,NULL,NULL,NULL,NULL,NULL,NULL,0.851,NULL,NULL,NULL,NULL,,NULL,0,0,2,2,N,N,35,NULL,98,9864,NULL,,Y,37.26139,-82.48557,N,NULL,NULL,NULL,NULL,NULL,NULL,NULL,NULL,1,3,1,6,3,1,2,2,7,3,N,NULL,N,N,1900,1955,2030,N,NULL,55,,,N,,N,N,098-CR-1984-0,NULL,NULL,2023,O,7.29E+11,098-CR-1984  -000,HIGH,098-CR-1984  -000,0.622,0,0,0,0,0,0,1,0,0,1,0,0,0,0
6233,72968190,980100,2.02E+11,20231102,1757,,KY3496,,,KY3496,KY3496,,,,N,N,NULL,NULL,NULL,N,NULL,NULL,NULL,NULL,NULL,NULL,0.705,NULL,NULL,NULL,NULL,,NULL,0,0,2,2,N,N,35,NULL,98,9801,NULL,,Y,37.47195,-82.53126,N,NULL,NULL,NULL,NULL,NULL,NULL,NULL,NULL,5,3,2,3,1,1,2,2,1,3,N,NULL,Y,N,1757,1806,1825,N,NULL,70,16,0,N,,N,N,,NULL,NULL,2023,O,7.30E+11,098-KY-3496  -000,HIGH,098-KY-3496  -000,0.708,0,0,0,0,0,0,1,0,0,0,0,0,0,1
6234,72992499,KSP0900,23-503160,20231226,2330,,KY194,E,,KY0194,KY0194,0,098 KY-194,KY0194,N,N,NULL,NULL,NULL,N,NULL,NULL,NULL,NULL,NULL,NULL,24.161,NULL,NULL,NULL,NULL,,NULL,0,0,1,1,N,N,55,NULL,98,9817,NULL,,Y,37.52668,-82.36649,N,NULL,NULL,NULL,NULL,NULL,NULL,NULL,NULL,9,3,2,3,1,5,6,7,7,3,N,NULL,N,N,2330,2350,2355,N,NULL,70,6,0,N,,N,N,098-KY-0194-0,NULL,NULL,2023,O,7.30E+11,098-KY-0194  -000,HIGH,098-KY-0194  -000,24.161,0,0,1,0,0,0,0,0,0,0,0,1,0,0
6235,72808718,980100,2.02E+11,20220919,1303,,KY3496,,,KY3496,KY3496,,,,Y,N,NULL,NULL,NULL,N,NULL,NULL,NULL,NULL,NULL,NULL,0.836,NULL,NULL,NULL,NULL,,NULL,0,0,2,2,N,N,35,NULL,98,9801,NULL,,Y,37.47205,-82.52885,N,NULL,NULL,NULL,NULL,NULL,NULL,NULL,NULL,5,97,2,6,1,1,2,2,1,3,N,NULL,Y,N,1304,1313,1313,N,NULL,90,16,0,N,,N,N,,NULL,NULL,2022,O,7.28E+11,098-KY-3496  -000,HIGH,098-KY-3496  -000,0.836,0,0,0,0,0,0,1,0,0,0,0,0,0,1
6236,72935513,KSP0900,23-347439,20230804,520,,US119,,,US0119,US0119,0,098 US-119,US0119,N,N,NULL,NULL,NULL,N,NULL,NULL,NULL,NULL,NULL,NULL,14.876,NULL,NULL,NULL,NULL,,NULL,0,0,1,1,N,N,55,NULL,98,9833,NULL,,Y,37.61309,-82.33787,N,NULL,NULL,NULL,NULL,NULL,NULL,NULL,NULL,9,3,4,6,1,1,3,6,7,3,N,NULL,N,N,526,555,630,N,NULL,40,2,1,N,,N,N,098-US-0119-0,NULL,NULL,2023,O,7.29E+11,098-US-0119  -000,HIGH,098-US-0119  -000,14.934,0,0,0,0,0,0,0,0,0,0,0,1,0,0
6237,72813469,980100,2.02E+11,20221006,1605,,KY1426,,,KY1426,KY1426,0,098 KY-1426,KY1426,Y,N,NULL,NULL,NULL,N,NULL,NULL,NULL,NULL,NULL,NULL,6.876,NULL,NULL,NULL,NULL,,NULL,0,0,2,2,N,N,55,NULL,98,9801,NULL,,Y,37.48573,-82.50974,N,NULL,NULL,NULL,NULL,NULL,NULL,NULL,NULL,1,97,2,6,1,1,2,2,5,3,N,NULL,Y,N,1605,1609,1609,N,NULL,90,,0,N,,N,N,098-KY-1426-0,NULL,NULL,2022,O,7.28E+11,098-KY-1426  -000,HIGH,098-KY-1426  -000,6.876,0,0,0,1,0,0,1,0,0,0,0,0,0,1
6238,72865991,KSP0900,23-60694,20230216,1145,,WILLIAMSON,,RD,KY0292,KY0292,0,098 KY-292,KY0292,N,N,NULL,NULL,NULL,N,NULL,NULL,NULL,NULL,NULL,NULL,6.351,NULL,NULL,NULL,NULL,,NULL,0,0,1,1,N,N,45,NULL,98,9834,NULL,,Y,37.67274,-82.29562,N,NULL,NULL,NULL,NULL,NULL,NULL,NULL,NULL,9,3,2,4,1,5,6,2,7,3,N,NULL,Y,N,1150,1200,1200,N,NULL,40,7,0,N,,N,N,098-KY-0292-0,NULL,NULL,2023,O,7.29E+11,098-KY-0292  -000,HIGH,098-KY-0292  -000,6.36,0,0,0,0,0,0,0,0,0,0,0,1,0,0
6239,72930874,KSP0900,23-349874,20230806,1036,,KY194,,,KY0194,KY0194,0,098 KY-194,KY0194,N,N,NULL,NULL,NULL,N,NULL,NULL,NULL,NULL,NULL,NULL,18.442,NULL,NULL,NULL,NULL,,NULL,0,0,2,2,N,N,55,NULL,98,9817,NULL,,Y,37.55915,-82.42113,N,NULL,NULL,NULL,NULL,NULL,NULL,NULL,NULL,3,3,2,6,1,5,3,2,7,3,N,NULL,Y,N,1036,1036,1036,N,NULL,52,6,5,N,,N,N,098-KY-0194-0,NULL,NULL,2023,O,7.29E+11,098-KY-0194  -000,HIGH,098-KY-0194  -000,18.456,0,0,1,0,0,0,0,0,0,0,0,1,0,0
6240,72936965,980100,2.02E+11,20230822,1130,,US23,,,US0023,US0023,0,098 US-23,US0023,N,N,NULL,NULL,NULL,N,NULL,NULL,NULL,NULL,NULL,NULL,21.207,NULL,NULL,NULL,NULL,,NULL,1,0,2,2,N,N,55,NULL,98,9801,NULL,,Y,37.44791,-82.52534,N,NULL,NULL,NULL,NULL,NULL,NULL,NULL,NULL,1,3,4,6,1,1,2,2,1,3,Y,NULL,Y,Y,1130,1136,1155,N,NULL,55,,1,N,,N,N,098-US-0023-0,NULL,NULL,2023,B,7.29E+11,098-US-0023  -000,HIGH,098-US-0023  -000,21.141,0,0,0,0,0,0,1,1,0,0,0,0,0,1
6241,72819072,KSP1300,2022-00382335,20221003,1228,,US23,,,US0023,US0023,0,098 US-23-10,US0023,N,N,NULL,NULL,NULL,N,NULL,NULL,NULL,NULL,NULL,NULL,0.246,NULL,NULL,NULL,NULL,,NULL,2,0,1,1,N,N,55,NULL,98,9809,NULL,,Y,37.24393,-82.62087,N,NULL,NULL,NULL,NULL,NULL,NULL,NULL,NULL,9,4,4,3,1,1,3,2,7,3,Y,NULL,Y,Y,1228,1228,1228,Y,NULL,44,,1,Y,,N,N,098-US-0023-10,NULL,NULL,2022,B,7.28E+11,098-US-0023  -010,HIGH,098-US-0023  -000,0.246,0,0,0,0,0,0,0,0,1,0,0,1,0,0
6242,72815185,KSP0900,22-391880,20221010,1659,,ABNER MOUNTAIN,,RD,KY0122,KY0122,0,098 KY-122,KY0122,N,N,NULL,NULL,NULL,N,NULL,NULL,NULL,NULL,NULL,NULL,0.332,NULL,NULL,NULL,NULL,,NULL,0,0,2,2,N,N,35,NULL,98,9827,NULL,,Y,37.35101,-82.65115,N,NULL,NULL,NULL,NULL,NULL,NULL,NULL,NULL,1,3,2,6,1,1,2,2,6,3,N,NULL,N,N,1659,1739,1800,N,NULL,55,,0,N,,N,N,098-KY-0122-0,NULL,NULL,2022,O,7.28E+11,098-KY-0122  -000,HIGH,098-KY-0122  -000,0.332,0,0,0,0,0,0,1,0,0,0,0,0,0,0
6243,72884184,980100,2.02E+11,20230404,921,,HAMBLEY,,BLVD,,,0,098 CS-1222,CS1222,Y,N,NULL,NULL,NULL,N,NULL,NULL,NULL,NULL,NULL,NULL,0.071,NULL,NULL,NULL,NULL,,NULL,0,0,2,2,N,N,,NULL,98,9801,NULL,,Y,37.47438,-82.52609,N,NULL,NULL,NULL,NULL,NULL,NULL,NULL,NULL,1,97,1,6,2,1,2,2,1,3,N,NULL,Y,N,921,923,923,N,NULL,90,,,N,,N,N,098-CS-1222-0,NULL,NULL,2023,O,7.29E+11,098-CS-1222  -000,HIGH,098-CS-1222  -000,0.071,0,0,0,0,0,0,1,0,0,0,0,0,0,1
6244,72811756,KSP0900,22-371768,20220925,1151,,PENNY,,HWY,KY3501,KY3501,0,098 KY-3501,KY3501,N,N,NULL,NULL,NULL,N,NULL,NULL,NULL,NULL,NULL,NULL,0.154,NULL,NULL,NULL,NULL,,NULL,1,0,2,2,N,N,55,NULL,98,9827,NULL,,Y,37.35658,-82.57309,N,NULL,NULL,NULL,NULL,NULL,NULL,NULL,NULL,3,97,2,6,1,5,6,2,7,3,N,NULL,Y,Y,1151,1210,1210,Y,NULL,47,9,0,Y,,N,N,098-KY-3501-0,NULL,NULL,2022,B,7.28E+11,098-KY-3501  -000,HIGH,098-KY-3501  -000,0.154,0,0,0,0,0,0,0,0,1,0,0,0,0,0
6245,72825387,KSP0900,22-423206,20221103,1627,,US23,,,US0023,US0023,0,098 US-23-10,US0023,N,N,NULL,NULL,NULL,N,NULL,NULL,NULL,NULL,NULL,NULL,16.859,NULL,NULL,NULL,NULL,,NULL,0,0,2,2,N,N,55,NULL,98,9824,NULL,,Y,37.41674,-82.52304,N,NULL,NULL,NULL,NULL,NULL,NULL,NULL,NULL,8,3,4,5,1,1,2,2,7,3,N,NULL,N,N,1627,1633,1633,N,NULL,53,,1,N,,N,N,098-US-0023-10,NULL,NULL,2022,O,7.28E+11,098-US-0023  -010,HIGH,098-US-0023  -000,16.859,0,0,0,0,0,0,0,0,0,0,0,1,0,0
6246,72825731,KSP0900,22-419893,20221101,935,,GRAPEVINE,,RD,KY0194,KY0194,0,098 KY-194,KY0194,N,N,NULL,NULL,NULL,N,NULL,NULL,NULL,NULL,NULL,NULL,34.424,NULL,NULL,NULL,NULL,,NULL,0,0,1,1,N,N,35,NULL,98,9802,NULL,,Y,37.45181,-82.31586,N,NULL,NULL,NULL,NULL,NULL,NULL,NULL,NULL,9,3,2,6,1,1,2,2,7,3,N,NULL,Y,N,935,1007,1007,N,NULL,41,7,0,N,,N,N,098-KY-0194-0,NULL,NULL,2022,O,7.28E+11,098-KY-0194  -000,HIGH,098-KY-0194  -000,34.424,0,0,0,0,0,0,0,0,0,0,0,1,0,0
6247,72971230,KSP0900,23-453512,20231110,1352,,KY1426,,,KY1426,KY1426,0,098 KY-1426,KY1426,N,N,NULL,NULL,NULL,N,NULL,NULL,NULL,NULL,NULL,NULL,9.187,NULL,NULL,NULL,NULL,,NULL,0,0,2,2,N,N,55,NULL,98,9801,NULL,,Y,37.50775,-82.4886,N,NULL,NULL,NULL,NULL,NULL,NULL,NULL,NULL,1,3,2,3,1,5,3,2,7,3,N,NULL,Y,N,1400,1415,1445,N,NULL,55,,0,N,,N,N,098-KY-1426-0,NULL,NULL,2023,O,7.30E+11,098-KY-1426  -000,HIGH,098-KY-1426  -000,9.187,0,0,0,1,0,0,0,0,0,0,0,0,0,1
6248,72863395,KSP0900,23-48390,20230207,1400,,US119,N,,US0119,US0119,0,098 US-119-10,US0119,Y,N,NULL,NULL,NULL,N,NULL,NULL,NULL,NULL,NULL,NULL,21.095,NULL,NULL,NULL,NULL,,NULL,0,0,1,1,N,N,45,NULL,98,9836,NULL,,Y,37.62325,-82.26738,N,NULL,NULL,NULL,NULL,NULL,NULL,NULL,NULL,9,97,4,3,1,1,2,2,7,3,N,NULL,N,N,1400,1415,1400,N,NULL,90,2,1,N,,N,Y,098-US-0119-10,NULL,NULL,2023,O,7.29E+11,098-US-0119  -010,HIGH,098-US-0119  -000,21.094,0,0,0,0,0,0,1,0,0,0,0,1,0,0