OBJECTID,MasterFile,AgencyORINumber,LocalCode,CollisionDate,CollisionTime,CollisionDayWeekCode,RoadwayName,RoadwayName_Direction_,RoadwayName_RoadwaySuffix_,RoadwayfromReport,CurrentRoadwayNumber,RoadwayNumberCoupletID,RSEUniqueGIS,RoadwayIdentifier,ParkingLotIndicator,IntersectionWith_Indicator_,IntersectionWith_NameRoadway_,IntersectionWith_Direction_,IntersectionWith_RoadwaySuffix_,BetweenStreets_Indicator_,BetweenStreets1_NameRoadway_,BetweenStreet1_Direction_,BetweenStreets1_RoadwaySuffix_,BetweenStreets2_NameRoadway_,BetweenStreets2_Direction_,BetweenStreets2_RoadwaySuffix_,Milepoint,ReportMilepointDeriveNumber,CurrentDerivedMiepointNumber,MilestoMilepoint,FeettoMilepoint,DirectionfromMilepoint_NSEW_,ValidMilepointIndicator,NumberInjured,NumberKilled,ofUnits,ofMotorVehicleUnits,Hit&RunIndicator,OneWayIndicator,SpeedLimitNumber,KilometersIndicator,CountyCode,CityCountyCode,MilesFromCity,DirectionFromCity_NSEW_,InCityLimitsIndicator,Latitude,Longitude,RampIndicator,RampFromIdentifier,RampFromDirCode,RampFromCoupletID,RSEUniqueGISRampFrom,RampToidentifier,RampToDirCode,RampToCoupletID,RSEUniqueGisRampTo,MannerofCollisionCode,LocationFirstEventCode,TotalLanes,RoadwayCharacterCode,RoadwaySurfaceCode,RoadwayConditionCode,WeatherCode,LightConditionCode,LandUseCode,SchoolBusRelatedCode,FirstAidSceneIndicator,CollDescPresentInd,InvestigationCompleteIndicator,PhotosTakenIndicator,TimeNotified,TimeArrived,TimeRoadwayOpened,PropertyDamageIndicator,DiagramPresentIndicator,DirectionalAnalysis,FunctionClassCode,NationalHwySysCode,EnforcementsIndicator,KARSCityCode,SecondaryCollisionIndicator,MedianCrossoverIndicator,RT_UNIQUE,MapIt,TimeLastLeft,YR,KABCO,MFNY,WorkingRID,RT_CONFIDENCE,KTC_RT,KTC_MP,Motorcyclist,Commercial Vehicle,Young Driver,Mature Driver,Pedestrian,Bicyclist,Distracted,Aggressive,Impaired,Unrestrained,Intersection,Roadway Departure,Median Cross-over,City Crash
6249,72875757,980500,2023AR006,20230313,1220,,US 23 NORTH,,,,,,,,N,N,NULL,NULL,NULL,N,NULL,NULL,NULL,NULL,NULL,NULL,,NULL,NULL,NULL,NULL,NULL,NULL,2,0,2,2,N,N,45,NULL,98,9807,NULL,,Y,37.5267,-82.57353,N,NULL,NULL,NULL,NULL,NULL,NULL,NULL,NULL,1,3,6,6,1,5,6,2,7,3,Y,NULL,Y,Y,1220,1224,1300,N,NULL,55,,,N,,N,N,,NULL,NULL,2023,C,7.29E+11,098-US-0023  -000,MEDIUM,098-US-0023  -000,29.198,0,0,0,0,0,0,1,1,0,1,0,1,0,0
6250,72931927,KSP0900,23-352841,20230809,346,,KY194,,,KY0194,KY0194,0,098 KY-194,KY0194,N,N,NULL,NULL,NULL,N,NULL,NULL,NULL,NULL,NULL,NULL,5.575,NULL,NULL,NULL,NULL,,NULL,0,0,1,1,N,N,55,NULL,98,9831,NULL,,Y,37.63387,-82.5566,N,NULL,NULL,NULL,NULL,NULL,NULL,NULL,NULL,9,3,2,6,1,1,2,6,7,3,N,NULL,Y,N,346,410,500,N,NULL,44,8,0,N,,N,N,098-KY-0194-0,NULL,NULL,2023,O,7.29E+11,098-KY-0194  -000,HIGH,098-KY-0194  -000,5.56,0,1,0,0,0,0,0,0,0,0,0,1,0,0
6251,72965648,KSP0900,23-440045,20231029,1436,,KY1469,,,KY1469,KY1469,,,,N,N,NULL,NULL,NULL,N,NULL,NULL,NULL,NULL,NULL,NULL,10.945,NULL,NULL,NULL,NULL,,NULL,0,0,2,2,N,N,45,NULL,98,9827,NULL,,Y,37.34056,-82.59756,N,NULL,NULL,NULL,NULL,NULL,NULL,NULL,NULL,7,3,2,3,1,1,2,2,7,3,N,NULL,N,N,1436,1600,1628,N,NULL,54,8,0,N,,N,N,,NULL,NULL,2023,O,7.30E+11,098-KY-1469  -000,HIGH,098-KY-1469  -000,10.962,0,0,0,0,0,0,0,0,0,0,0,1,0,0
6252,72842575,980100,2.02E+11,20221213,1326,,US23,,,US0023,US0023,0,098 US-23,US0023,N,N,NULL,NULL,NULL,N,NULL,NULL,NULL,NULL,NULL,NULL,26.277,NULL,NULL,NULL,NULL,,NULL,0,0,2,2,N,N,55,NULL,98,9801,NULL,,Y,37.50357,-82.53214,N,NULL,NULL,NULL,NULL,NULL,NULL,NULL,NULL,8,3,4,6,1,5,3,2,7,3,N,NULL,Y,N,1326,1330,1330,N,NULL,53,,1,N,,N,N,098-US-0023-0,NULL,NULL,2022,O,7.28E+11,098-US-0023  -000,HIGH,098-US-0023  -000,26.277,0,0,1,0,0,0,1,0,0,0,0,1,0,1
6253,72758903,980100,2.02E+11,20220505,1222,,RIVERFILL,S,DR,,,0,098 CS-1125,CS1125,Y,N,NULL,NULL,NULL,N,NULL,NULL,NULL,NULL,NULL,NULL,0.047,NULL,NULL,NULL,NULL,,NULL,0,0,2,2,N,N,15,NULL,98,9801,NULL,,Y,37.47663,-82.51813,N,NULL,NULL,NULL,NULL,NULL,NULL,NULL,NULL,1,97,1,6,1,1,2,2,8,3,N,NULL,Y,N,1222,1228,1228,N,NULL,90,,,N,,N,N,098-CS-1125-0,NULL,NULL,2022,O,7.28E+11,098-CS-1125  -000,HIGH,098-CS-1125  -000,0.047,0,0,0,0,0,0,1,0,0,0,0,0,0,1
6254,72890591,980500,2023AR015,20230424,830,,US HWY 23 NORTH,,,,,,,,N,N,NULL,NULL,NULL,N,NULL,NULL,NULL,NULL,NULL,NULL,,NULL,NULL,NULL,NULL,NULL,NULL,0,0,3,3,N,N,45,NULL,98,9807,NULL,,Y,37.51534,-82.55932,N,NULL,NULL,NULL,NULL,NULL,NULL,NULL,NULL,1,3,6,6,1,1,2,2,1,3,N,NULL,Y,Y,830,833,940,N,NULL,55,,,N,,N,N,,NULL,NULL,2023,O,7.29E+11,098-CS-3012  -000,MEDIUM,098-CS-3012  -000,0,0,0,0,0,0,0,0,0,0,0,0,0,0,0
6255,72950548,980100,2.02E+11,20230921,644,,MAIN,,ST,,,0,098 CS-1112,CS1112,N,Y,PIKE,,ST,N,NULL,NULL,NULL,NULL,NULL,NULL,0.206,NULL,NULL,NULL,NULL,,NULL,0,0,2,2,N,Y,25,NULL,98,9801,NULL,,Y,37.48034,-82.5168,N,NULL,NULL,NULL,NULL,NULL,NULL,NULL,NULL,1,3,1,6,1,1,2,1,7,3,N,NULL,Y,N,644,650,711,N,NULL,10,,,N,,N,N,098-CS-1112-0,NULL,NULL,2023,O,7.30E+11,098-CS-1112  -000,HIGH,098-CS-1112  -000,0.206,0,0,0,0,0,0,1,0,0,0,1,0,0,1
6256,72930883,KSP0900,23-349981,20230806,1312,,US23,,,US0023,US0023,,,,N,N,NULL,NULL,NULL,N,NULL,NULL,NULL,NULL,NULL,NULL,13.503,NULL,NULL,NULL,NULL,,NULL,0,0,2,2,N,N,55,NULL,98,9801,NULL,,Y,37.37925,-82.54057,N,NULL,NULL,NULL,NULL,NULL,NULL,NULL,NULL,5,3,4,6,1,1,2,2,7,3,N,NULL,Y,N,1312,1410,1410,N,NULL,49,,1,Y,,N,N,,NULL,NULL,2023,O,7.29E+11,098-US-0023  -000,MEDIUM,098-US-0023  -000,13.485,0,0,0,1,0,0,1,0,0,0,0,0,0,0
6257,72989192,KSP0900,23-499085,20231222,1230,,KY319,,,KY0319,KY0319,0,098 KY-319,KY0319,N,N,NULL,NULL,NULL,N,NULL,NULL,NULL,NULL,NULL,NULL,3.682,NULL,NULL,NULL,NULL,,NULL,0,0,2,2,N,N,55,NULL,98,9842,NULL,,Y,37.60733,-82.22816,N,NULL,NULL,NULL,NULL,NULL,NULL,NULL,NULL,3,3,2,3,1,1,3,2,7,3,N,NULL,Y,Y,1231,1249,1249,N,NULL,52,7,0,N,,N,N,098-KY-0319-0,NULL,NULL,2023,O,7.30E+11,098-KY-0319  -000,HIGH,098-KY-0319  -000,3.679,0,0,0,1,0,0,0,0,0,0,0,1,0,0
6258,72841337,KSP0900,22-456423,20221128,2112,,US119,,,US0119,US0119,0,098 US-119,US0119,N,N,NULL,NULL,NULL,N,NULL,NULL,NULL,NULL,NULL,NULL,9.413,NULL,NULL,NULL,NULL,,NULL,0,0,1,1,N,N,55,NULL,98,9820,NULL,,Y,37.5769,-82.41363,N,NULL,NULL,NULL,NULL,NULL,NULL,NULL,NULL,9,3,2,6,1,1,2,6,3,3,N,NULL,N,N,2112,2130,2130,N,NULL,38,2,1,N,,N,N,098-US-0119-0,NULL,NULL,2022,O,7.28E+11,098-US-0119  -000,HIGH,098-US-0119  -000,9.413,0,0,0,0,0,0,0,0,0,0,0,0,0,0
6259,72859995,KSP0900,23-37095,20230129,1640,,ELKHORN,,CRK,KY0197,KY0197,0,098 KY-197,KY0197,N,N,NULL,NULL,NULL,N,NULL,NULL,NULL,NULL,NULL,NULL,10.775,NULL,NULL,NULL,NULL,,NULL,0,0,1,1,N,N,55,NULL,98,9864,NULL,,Y,37.27037,-82.42023,N,NULL,NULL,NULL,NULL,NULL,NULL,NULL,NULL,9,3,2,3,1,5,6,2,7,3,N,NULL,Y,N,1644,1722,,N,NULL,44,7,0,N,,N,N,098-KY-0197-0,NULL,NULL,2023,O,7.29E+11,098-KY-0197  -000,HIGH,098-KY-0197  -000,10.73,0,0,1,0,0,0,0,0,0,0,0,1,0,0
6260,72868118,KSP0900,23-62172,20230217,1400,,US460,,,US0460,US0460,0,098 US-460,US0460,N,N,NULL,NULL,NULL,N,NULL,NULL,NULL,NULL,NULL,NULL,8.891,NULL,NULL,NULL,NULL,,NULL,0,0,2,2,Y,N,35,NULL,98,9822,NULL,,Y,37.37082,-82.4219,N,NULL,NULL,NULL,NULL,NULL,NULL,NULL,NULL,7,3,2,6,1,1,3,2,7,3,N,NULL,Y,N,1400,1400,1400,N,NULL,54,,1,N,,N,N,098-US-0460-0,NULL,NULL,2023,O,7.29E+11,098-US-0460  -000,HIGH,098-US-0460  -000,8.865,0,0,0,1,0,0,0,0,0,0,0,1,0,0
6261,72812484,980100,2.02E+11,20220930,1158,,ELM,S,ST,,,0,098 CS-1107,CS1107,Y,N,NULL,NULL,NULL,N,NULL,NULL,NULL,NULL,NULL,NULL,0.007,NULL,NULL,NULL,NULL,,NULL,0,0,2,2,Y,N,,NULL,98,9801,NULL,,Y,37.47696,-82.52168,N,NULL,NULL,NULL,NULL,NULL,NULL,NULL,NULL,1,97,1,6,1,1,2,2,1,3,N,NULL,Y,N,1158,1209,1209,N,NULL,90,,,N,,N,N,098-CS-1107-0,NULL,NULL,2022,O,7.28E+11,098-CS-1107  -000,HIGH,098-CS-1107  -000,0.007,0,0,0,0,0,0,0,0,0,0,0,0,0,1
6262,72855375,KSP0900,23-22015,20230117,2027,,KY292,,,KY0292,KY0292,0,098 KY-292,KY0292,N,N,NULL,NULL,NULL,N,NULL,NULL,NULL,NULL,NULL,NULL,1.972,NULL,NULL,NULL,NULL,,NULL,0,0,1,1,N,N,45,NULL,98,9869,NULL,,Y,37.65118,-82.22634,N,NULL,NULL,NULL,NULL,NULL,NULL,NULL,NULL,9,3,2,3,1,5,10,6,7,3,N,NULL,N,N,2028,2037,2115,N,NULL,44,8,0,N,,N,N,098-KY-0292-0,NULL,NULL,2023,O,7.29E+11,098-KY-0292  -000,HIGH,098-KY-0292  -000,1.973,0,0,0,0,0,0,0,0,0,0,0,1,0,0
6263,72940736,KSP0900,23-377135,20230831,1625,,US23,,,US0023,US0023,0,098 US-23-10,US0023,N,N,NULL,NULL,NULL,N,NULL,NULL,NULL,NULL,NULL,NULL,27.646,NULL,NULL,NULL,NULL,,NULL,0,0,2,2,N,N,55,NULL,98,9807,NULL,,Y,37.51205,-82.55341,N,NULL,NULL,NULL,NULL,NULL,NULL,NULL,NULL,8,3,4,6,1,1,2,2,7,3,N,NULL,Y,Y,1640,1655,1658,N,NULL,53,,1,N,,N,N,098-US-0023-10,NULL,NULL,2023,O,7.29E+11,098-US-0023  -010,HIGH,098-US-0023  -000,27.643,0,0,0,1,0,0,0,0,0,0,0,1,0,0
6264,72875078,980100,2.02E+11,20230313,732,,US23,,,US0023,US0023,0,098 US-23,US0023,N,N,NULL,NULL,NULL,N,NULL,NULL,NULL,NULL,NULL,NULL,21.592,NULL,NULL,NULL,NULL,,NULL,0,0,1,1,N,N,55,NULL,98,9801,NULL,,Y,37.45337,-82.52229,N,NULL,NULL,NULL,NULL,NULL,NULL,NULL,NULL,9,5,4,6,1,1,3,2,7,3,N,NULL,Y,N,732,742,743,N,NULL,44,,1,N,,N,N,098-US-0023-0,NULL,NULL,2023,O,7.29E+11,098-US-0023  -000,HIGH,098-US-0023  -000,21.558,0,0,0,0,0,0,0,0,0,0,0,1,0,1
6265,72870757,KSP0900,23-71500,20230224,743,,FERRELLS CREEK,,RD,US0460,US0460,,,,N,N,NULL,NULL,NULL,N,NULL,NULL,NULL,NULL,NULL,NULL,19.731,NULL,NULL,NULL,NULL,,NULL,1,0,1,1,N,N,55,NULL,98,9839,NULL,,Y,37.37176,-82.29709,N,NULL,NULL,NULL,NULL,NULL,NULL,NULL,NULL,9,3,2,6,1,1,2,2,7,3,N,NULL,Y,Y,743,807,807,N,NULL,40,,1,N,,N,N,,NULL,NULL,2023,B,7.29E+11,098-US-0460  -000,HIGH,098-US-0460  -000,19.711,0,0,0,0,0,0,0,0,0,0,0,1,0,0
6266,72848428,980100,2.02E+11,20221223,1854,,HAROLDS BRANCH,,RD,,,0,098 CS-1223,CS1223,Y,N,NULL,NULL,NULL,N,NULL,NULL,NULL,NULL,NULL,NULL,0.023,NULL,NULL,NULL,NULL,,NULL,0,0,2,2,N,N,10,NULL,98,9801,NULL,,Y,37.4725,-82.52262,N,NULL,NULL,NULL,NULL,NULL,NULL,NULL,NULL,8,97,,4,1,1,2,5,5,3,N,NULL,Y,N,1854,1858,1858,N,NULL,90,,,N,,N,N,098-CS-1223-0,NULL,NULL,2022,O,7.28E+11,098-CS-1223  -000,HIGH,098-CS-1223  -000,0.023,0,0,0,0,0,0,1,0,0,0,0,0,0,1
6267,72929416,KSP0900,23-340488,20230728,1429,,US119,,,US0119,US0119,0,098 US-119,US0119,N,N,NULL,NULL,NULL,N,NULL,NULL,NULL,NULL,NULL,NULL,10.134,NULL,NULL,NULL,NULL,,NULL,1,0,2,2,N,N,55,NULL,98,9820,NULL,,Y,37.58392,-82.40415,N,NULL,NULL,NULL,NULL,NULL,NULL,NULL,NULL,5,3,2,6,1,1,2,2,7,3,Y,NULL,Y,Y,1429,1449,1450,N,NULL,49,2,1,N,,N,N,098-US-0119-0,NULL,NULL,2023,C,7.29E+11,098-US-0119  -000,HIGH,098-US-0119  -000,10.136,0,0,0,0,0,0,1,0,0,0,0,0,0,0
6268,72969378,980500,2023AR056,20231103,1342,,US 23 SOUTH,,,,,,,,N,N,NULL,NULL,NULL,N,NULL,NULL,NULL,NULL,NULL,NULL,,NULL,NULL,NULL,NULL,NULL,NULL,0,0,2,2,N,N,55,NULL,98,9807,NULL,,Y,37.5112,-82.5502,N,NULL,NULL,NULL,NULL,NULL,NULL,NULL,NULL,5,3,6,6,1,1,2,2,7,3,N,NULL,Y,Y,1342,1350,1410,N,NULL,49,,,N,,N,N,,NULL,NULL,2023,O,7.30E+11,098-US-0023  -010,MEDIUM,098-US-0023  -000,27.455,0,0,1,0,0,0,1,1,0,0,0,0,0,1
6269,72793927,980100,2.02E+11,20220814,1559,,CASSIDY,,BLVD,,,,,,Y,N,NULL,NULL,NULL,N,NULL,NULL,NULL,NULL,NULL,NULL,0.363,NULL,NULL,NULL,NULL,,NULL,0,0,2,2,Y,N,,NULL,98,9801,NULL,,Y,37.50508,-82.5381,N,NULL,NULL,NULL,NULL,NULL,NULL,NULL,NULL,,,,,1,1,3,2,1,3,N,NULL,Y,N,1559,1600,1600,N,NULL,90,,,N,,N,N,,NULL,NULL,2022,O,7.28E+11,098-CS-1191  -000,MEDIUM,098-CS-1191  -000,0.363,0,0,0,0,0,0,0,0,0,0,0,0,0,1
6270,72805021,KSP0900,22-351862,20220910,1424,,GRAPEVINE,,RD,KY0194,KY0194,0,098 KY-194,KY0194,N,N,NULL,NULL,NULL,N,NULL,NULL,NULL,NULL,NULL,NULL,31.026,NULL,NULL,NULL,NULL,,NULL,0,0,1,1,N,N,55,NULL,98,9849,NULL,,Y,37.44128,-82.36057,N,NULL,NULL,NULL,NULL,NULL,NULL,NULL,NULL,9,5,2,5,1,5,6,2,7,3,Y,NULL,Y,Y,1434,1450,1536,N,NULL,44,7,0,Y,,N,N,098-KY-0194-0,NULL,NULL,2022,O,7.28E+11,098-KY-0194  -000,HIGH,098-KY-0194  -000,31.026,0,0,0,0,0,0,0,0,1,1,0,1,0,0
6271,72853400,980100,2.02E+11,20230108,1211,,US23,,,US0023,US0023,0,098 US-23,US0023,N,N,NULL,NULL,NULL,N,NULL,NULL,NULL,NULL,NULL,NULL,25.462,NULL,NULL,NULL,NULL,,NULL,0,0,2,2,N,N,55,NULL,98,9801,NULL,,Y,37.49273,-82.53409,N,NULL,NULL,NULL,NULL,NULL,NULL,NULL,NULL,5,3,4,6,1,5,3,2,7,3,N,NULL,Y,N,1211,1216,1216,N,NULL,49,,1,N,,N,N,098-US-0023-0,NULL,NULL,2023,O,7.29E+11,098-US-0023  -000,HIGH,098-US-0023  -000,25.4,0,0,0,1,0,0,1,1,0,0,0,0,0,1
6272,72950228,KSP0900,23-402116,20230923,1451,,US23,,,US0023,US0023,,,,N,N,NULL,NULL,NULL,N,NULL,NULL,NULL,NULL,NULL,NULL,29.625,NULL,NULL,NULL,NULL,,NULL,0,0,2,2,N,N,55,NULL,98,9801,NULL,,Y,37.53188,-82.57711,N,NULL,NULL,NULL,NULL,NULL,NULL,NULL,NULL,8,3,5,6,1,1,2,2,7,3,N,NULL,Y,N,1451,1513,1513,N,NULL,40,,1,N,,N,N,,NULL,NULL,2023,O,7.30E+11,098-US-0023  -000,MEDIUM,098-US-0023  -000,29.604,0,0,0,0,0,0,1,0,0,0,0,1,0,1
6273,72888964,980100,2.02E+11,20230415,1553,,CASSIDY,,BLVD,,,0,098 CS-1191,CS1191,N,N,NULL,NULL,NULL,N,NULL,NULL,NULL,NULL,NULL,NULL,0.246,NULL,NULL,NULL,NULL,,NULL,0,0,2,2,N,N,15,NULL,98,9801,NULL,,Y,37.50466,-82.53587,N,NULL,NULL,NULL,NULL,NULL,NULL,NULL,NULL,2,3,2,6,1,1,2,2,1,3,N,NULL,Y,N,1553,1601,1601,N,NULL,56,,,N,,N,N,098-CS-1191-0,NULL,NULL,2023,O,7.29E+11,098-CS-1191  -000,HIGH,098-CS-1191  -000,0.235,0,0,1,0,0,0,1,0,0,0,0,0,0,1
6274,72808270,370200,2022368846,20220923,846,,COWPEN,,RD,KY2061,KY2061,0,098 KY-2061,KY2061,N,N,NULL,NULL,NULL,N,NULL,NULL,NULL,NULL,NULL,NULL,0.287,NULL,NULL,NULL,NULL,,NULL,0,0,1,1,N,N,45,NULL,98,9807,NULL,,Y,37.53295,-82.57237,N,NULL,NULL,NULL,NULL,NULL,NULL,NULL,NULL,9,5,2,4,1,1,2,2,1,3,N,NULL,Y,N,901,935,1321,N,NULL,44,,0,N,,N,N,098-KY-2061-0,NULL,NULL,2022,O,7.28E+11,098-KY-2061  -000,HIGH,098-KY-2061  -000,0.287,0,1,0,0,0,0,0,0,0,0,0,1,0,0
6275,72927184,KSP0900,23-339558,20230727,1728,,KY194,,,KY0194,KY0194,0,098 KY-194,KY0194,N,N,NULL,NULL,NULL,N,NULL,NULL,NULL,NULL,NULL,NULL,20.445,NULL,NULL,NULL,NULL,,NULL,0,0,2,2,N,N,55,NULL,98,9801,NULL,,Y,37.54538,-82.39659,N,NULL,NULL,NULL,NULL,NULL,NULL,NULL,NULL,7,3,2,3,1,1,2,2,7,3,N,NULL,N,N,1654,1715,1723,N,NULL,54,6,0,N,,N,N,098-KY-0194-0,NULL,NULL,2023,O,7.29E+11,098-KY-0194  -000,HIGH,098-KY-0194  -000,20.439,0,0,0,0,0,0,0,0,0,0,0,1,0,0
6276,72967851,KSP0900,23-435389,20231025,715,,US119,,,US0119,US0119,0,098 US-119-10,US0119,N,N,NULL,NULL,NULL,N,NULL,NULL,NULL,NULL,NULL,NULL,15.914,NULL,NULL,NULL,NULL,,NULL,0,0,1,1,N,N,55,NULL,98,9833,NULL,,Y,37.60958,-82.32169,N,NULL,NULL,NULL,NULL,NULL,NULL,NULL,NULL,9,3,2,6,1,1,2,1,7,3,N,NULL,Y,N,715,735,745,N,NULL,70,2,1,N,,N,N,098-US-0119-10,NULL,NULL,2023,O,7.30E+11,098-US-0119  -010,HIGH,098-US-0119  -000,15.914,0,0,0,0,0,0,0,0,0,0,0,1,0,0
6277,72978726,KSP0900,23-466161,20231121,1310,,TOLER,,RD,KY0319,KY0319,0,098 KY-319,KY0319,N,N,NULL,NULL,NULL,N,NULL,NULL,NULL,NULL,NULL,NULL,5.674,NULL,NULL,NULL,NULL,,NULL,0,0,1,1,N,N,45,NULL,98,9842,NULL,,Y,37.62929,-82.2489,N,NULL,NULL,NULL,NULL,NULL,NULL,NULL,NULL,9,3,2,3,1,5,6,2,7,3,N,NULL,Y,N,1311,1315,1330,N,NULL,44,7,0,N,,N,N,098-KY-0319-0,NULL,NULL,2023,O,7.30E+11,098-KY-0319  -000,HIGH,098-KY-0319  -000,5.741,0,0,0,1,0,0,0,0,0,0,0,1,0,0
6278,72908501,980100,2.02E+11,20230604,1330,,CASSIDY,,BLVD,,,0,098 CS-1191,CS1191,N,N,NULL,NULL,NULL,N,NULL,NULL,NULL,NULL,NULL,NULL,0.159,NULL,NULL,NULL,NULL,,NULL,0,0,2,2,N,N,5,NULL,98,9801,NULL,,Y,37.50369,-82.53464,N,NULL,NULL,NULL,NULL,NULL,NULL,NULL,NULL,2,97,2,6,1,1,2,2,5,3,N,NULL,Y,N,1331,1336,1336,N,NULL,56,,,N,,N,N,098-CS-1191-0,NULL,NULL,2023,O,7.29E+11,098-CS-1191  -000,HIGH,098-CS-1191  -000,0.14,0,0,0,0,0,0,1,0,0,0,0,0,0,1
6279,72955436,KSP0900,23-415160,20231005,2235,,US119,,,US0119,US0119,0,098 US-119-10,US0119,N,N,NULL,NULL,NULL,N,NULL,NULL,NULL,NULL,NULL,NULL,25.383,NULL,NULL,NULL,NULL,,NULL,0,0,2,2,N,N,55,NULL,98,9834,NULL,,Y,37.67279,-82.28121,N,NULL,NULL,NULL,NULL,NULL,NULL,NULL,NULL,5,3,2,6,1,1,2,5,7,3,N,NULL,N,N,2235,2235,2235,N,NULL,70,2,1,N,,N,N,098-US-0119-10,NULL,NULL,2023,O,7.30E+11,098-US-0119  -010,HIGH,098-US-0119  -000,25.382,0,0,0,1,0,0,0,0,0,0,0,0,0,0
6280,72890563,980200,980200,20230223,915,,PATTY LOVELESS,S,DR,KY0080,KY0080,0,098 KY-80,KY0080,N,N,NULL,NULL,NULL,N,NULL,NULL,NULL,NULL,NULL,NULL,3.54,NULL,NULL,NULL,NULL,,NULL,0,0,2,2,N,N,5,NULL,98,9802,NULL,,Y,37.30458,-82.34451,N,NULL,NULL,NULL,NULL,NULL,NULL,NULL,NULL,2,7,2,6,1,1,2,2,1,2,N,NULL,Y,Y,919,920,920,N,NULL,47,7,0,N,,N,N,098-KY-0080-0,NULL,NULL,2023,O,7.29E+11,098-KY-0080  -000,HIGH,098-KY-0080  -000,3.535,0,0,0,0,0,0,0,0,0,1,0,0,0,0
6281,72952908,980100,2.02E+11,20230928,1651,,US460,,,US0460,US0460,0,098 US-460,US0460,Y,N,NULL,NULL,NULL,N,NULL,NULL,NULL,NULL,NULL,NULL,0.166,NULL,NULL,NULL,NULL,,NULL,1,0,2,1,N,N,15,NULL,98,9801,NULL,,Y,37.44,-82.50873,N,NULL,NULL,NULL,NULL,NULL,NULL,NULL,NULL,9,97,2,6,1,1,2,2,1,3,Y,NULL,Y,Y,1651,1656,1731,N,NULL,90,,1,N,,N,N,098-US-0460-0,NULL,NULL,2023,C,7.30E+11,098-US-0460  -000,HIGH,098-US-0460  -000,0.167,0,0,0,0,1,0,1,0,0,0,0,0,0,1
6282,72976083,KSP0900,23-453290,20231110,1020,,KY632,,,KY0632,KY0632,0,098 KY-632,KY0632,N,N,NULL,NULL,NULL,N,NULL,NULL,NULL,NULL,NULL,NULL,1.503,NULL,NULL,NULL,NULL,,NULL,0,0,1,1,N,N,55,NULL,98,9817,NULL,,Y,37.49728,-82.32761,N,NULL,NULL,NULL,NULL,NULL,NULL,NULL,NULL,9,3,2,3,1,5,6,2,7,3,N,NULL,N,N,1010,1045,1100,N,NULL,44,6,0,N,,N,N,098-KY-0632-0,NULL,NULL,2023,O,7.30E+11,098-KY-0632  -000,HIGH,098-KY-0632  -000,1.509,0,0,0,0,0,0,0,0,0,0,0,1,0,0
6283,72893067,980100,2.02E+11,20230421,1650,,BAIRD,,AVE,KY1426,KY1426,0,098 KY-1426,KY1426,N,N,NULL,NULL,NULL,N,NULL,NULL,NULL,NULL,NULL,NULL,5.395,NULL,NULL,NULL,NULL,,NULL,0,0,2,2,N,N,55,NULL,98,9801,NULL,,Y,37.47327,-82.52711,N,NULL,NULL,NULL,NULL,NULL,NULL,NULL,NULL,1,3,2,6,1,1,2,2,1,3,N,NULL,Y,N,1650,1653,1719,N,NULL,55,,0,N,,N,N,098-KY-1426-0,NULL,NULL,2023,O,7.29E+11,098-KY-1426  -000,HIGH,098-KY-1426  -000,5.395,0,0,0,0,0,0,1,0,0,0,0,0,0,1
6284,72839465,KSP0900,22-464853,20221205,1407,,US460,,,US0460,US0460,0,098 US-460,US0460,N,N,NULL,NULL,NULL,N,NULL,NULL,NULL,NULL,NULL,NULL,6.649,NULL,NULL,NULL,NULL,,NULL,0,0,2,2,N,N,55,NULL,98,9832,NULL,,Y,37.39457,-82.43314,N,NULL,NULL,NULL,NULL,NULL,NULL,NULL,NULL,5,3,2,6,1,1,2,2,7,3,N,NULL,Y,N,1409,1416,1445,N,NULL,49,,1,N,,N,N,098-US-0460-0,NULL,NULL,2022,O,7.28E+11,098-US-0460  -000,HIGH,098-US-0460  -000,6.649,0,0,0,1,0,0,1,0,0,0,0,0,0,0
6285,72849986,980500,2022AR065,20221229,1605,,US23,,,US0023,US0023,0,098 US-23-10,US0023,N,N,NULL,NULL,NULL,N,NULL,NULL,NULL,NULL,NULL,NULL,28.941,NULL,NULL,NULL,NULL,,NULL,0,0,2,2,N,N,45,NULL,98,9807,NULL,,Y,37.52161,-82.56933,N,NULL,NULL,NULL,NULL,NULL,NULL,NULL,NULL,8,97,4,6,1,1,2,2,1,3,N,NULL,Y,Y,1605,1615,,N,NULL,53,,1,N,,N,N,098-US-0023-10,NULL,NULL,2022,O,7.29E+11,098-US-0023  -010,HIGH,098-US-0023  -000,28.941,0,0,0,1,0,0,0,1,0,0,0,1,0,0
6286,72918823,KSP0900,23-308059,20230629,2355,,KY122,,,KY0122,KY0122,0,098 KY-122,KY0122,N,N,NULL,NULL,NULL,N,NULL,NULL,NULL,NULL,NULL,NULL,6.999,NULL,NULL,NULL,NULL,,NULL,1,0,1,1,N,N,55,NULL,98,9823,NULL,,Y,37.37194,-82.58215,N,NULL,NULL,NULL,NULL,NULL,NULL,NULL,NULL,9,3,2,3,1,1,2,6,7,3,N,NULL,Y,Y,2355,2355,30,N,NULL,44,,0,N,,N,N,098-KY-0122-0,NULL,NULL,2023,C,7.29E+11,098-KY-0122  -000,HIGH,098-KY-0122  -000,6.991,0,0,0,0,0,0,0,0,0,0,0,1,0,0