OBJECTID,MasterFile,AgencyORINumber,LocalCode,CollisionDate,CollisionTime,CollisionDayWeekCode,RoadwayName,RoadwayName_Direction_,RoadwayName_RoadwaySuffix_,RoadwayfromReport,CurrentRoadwayNumber,RoadwayNumberCoupletID,RSEUniqueGIS,RoadwayIdentifier,ParkingLotIndicator,IntersectionWith_Indicator_,IntersectionWith_NameRoadway_,IntersectionWith_Direction_,IntersectionWith_RoadwaySuffix_,BetweenStreets_Indicator_,BetweenStreets1_NameRoadway_,BetweenStreet1_Direction_,BetweenStreets1_RoadwaySuffix_,BetweenStreets2_NameRoadway_,BetweenStreets2_Direction_,BetweenStreets2_RoadwaySuffix_,Milepoint,ReportMilepointDeriveNumber,CurrentDerivedMiepointNumber,MilestoMilepoint,FeettoMilepoint,DirectionfromMilepoint_NSEW_,ValidMilepointIndicator,NumberInjured,NumberKilled,ofUnits,ofMotorVehicleUnits,Hit&RunIndicator,OneWayIndicator,SpeedLimitNumber,KilometersIndicator,CountyCode,CityCountyCode,MilesFromCity,DirectionFromCity_NSEW_,InCityLimitsIndicator,Latitude,Longitude,RampIndicator,RampFromIdentifier,RampFromDirCode,RampFromCoupletID,RSEUniqueGISRampFrom,RampToidentifier,RampToDirCode,RampToCoupletID,RSEUniqueGisRampTo,MannerofCollisionCode,LocationFirstEventCode,TotalLanes,RoadwayCharacterCode,RoadwaySurfaceCode,RoadwayConditionCode,WeatherCode,LightConditionCode,LandUseCode,SchoolBusRelatedCode,FirstAidSceneIndicator,CollDescPresentInd,InvestigationCompleteIndicator,PhotosTakenIndicator,TimeNotified,TimeArrived,TimeRoadwayOpened,PropertyDamageIndicator,DiagramPresentIndicator,DirectionalAnalysis,FunctionClassCode,NationalHwySysCode,EnforcementsIndicator,KARSCityCode,SecondaryCollisionIndicator,MedianCrossoverIndicator,RT_UNIQUE,MapIt,TimeLastLeft,YR,KABCO,MFNY,WorkingRID,RT_CONFIDENCE,KTC_RT,KTC_MP,Motorcyclist,Commercial Vehicle,Young Driver,Mature Driver,Pedestrian,Bicyclist,Distracted,Aggressive,Impaired,Unrestrained,Intersection,Roadway Departure,Median Cross-over,City Crash
6287,72973858,KSP0900,23-458063,20231114,1038,,US460,,,US0460,US0460,0,098 US-460,US0460,N,N,NULL,NULL,NULL,N,NULL,NULL,NULL,NULL,NULL,NULL,4.003,NULL,NULL,NULL,NULL,,NULL,1,0,2,2,N,N,55,NULL,98,9801,NULL,,Y,37.41958,-82.46218,N,NULL,NULL,NULL,NULL,NULL,NULL,NULL,NULL,3,97,2,6,1,1,2,2,5,3,Y,NULL,Y,Y,1038,1038,1038,N,NULL,47,,1,N,,N,N,098-US-0460-0,NULL,NULL,2023,C,7.30E+11,098-US-0460  -000,HIGH,098-US-0460  -000,4.004,0,0,0,0,0,0,0,0,1,1,0,1,0,0
6288,72874155,KSP0900,23-93220,20230310,1720,,US23,,,US0023,US0023,0,098 US-23-10,US0023,N,N,NULL,NULL,NULL,N,NULL,NULL,NULL,NULL,NULL,NULL,22.633,NULL,NULL,NULL,NULL,,NULL,0,0,3,3,N,N,55,NULL,98,9801,NULL,,Y,37.46475,-82.52065,N,NULL,NULL,NULL,NULL,NULL,NULL,NULL,NULL,5,3,4,6,1,1,3,2,7,3,N,NULL,Y,N,1720,1720,1725,N,NULL,49,,1,Y,,N,N,098-US-0023-10,NULL,NULL,2023,O,7.29E+11,098-US-0023  -010,HIGH,098-US-0023  -000,22.567,0,0,0,0,0,0,0,1,0,0,0,0,0,1
6289,72948442,KSP0900,23-393129,20230915,317,,KY80,,,KY0080,KY0080,0,098 KY-80,KY0080,N,N,NULL,NULL,NULL,N,NULL,NULL,NULL,NULL,NULL,NULL,1.145,NULL,NULL,NULL,NULL,,NULL,0,0,1,1,N,N,55,NULL,98,9802,NULL,,Y,37.32701,-82.36734,N,NULL,NULL,NULL,NULL,NULL,NULL,NULL,NULL,9,3,2,6,1,5,6,6,7,3,N,NULL,N,N,317,358,447,N,NULL,70,7,5,N,,N,N,098-KY-0080-0,NULL,NULL,2023,O,7.29E+11,098-KY-0080  -000,HIGH,098-KY-0080  -000,1.138,0,0,0,0,0,0,0,0,0,0,0,0,0,0
6290,72902943,KSP0900,23-197310,20230524,2003,,US119,,,US0119,US0119,0,098 US-119,US0119,N,N,NULL,NULL,NULL,N,NULL,NULL,NULL,NULL,NULL,NULL,0.61,NULL,NULL,NULL,NULL,,NULL,0,0,1,1,N,N,55,NULL,98,9801,NULL,,Y,37.50708,-82.52184,N,NULL,NULL,NULL,NULL,NULL,NULL,NULL,NULL,9,3,2,6,1,1,2,2,7,3,N,NULL,Y,N,2017,2020,2020,N,NULL,38,2,1,N,,N,N,098-US-0119-0,NULL,NULL,2023,O,7.29E+11,098-US-0119  -000,HIGH,098-US-0119  -000,0.605,0,0,0,0,0,0,0,0,0,0,0,0,0,1
6291,72985099,KSP0900,23-481597,20231206,655,,BALL,,FRK,,,0,098 CR-1556,CR1556,N,N,NULL,NULL,NULL,N,NULL,NULL,NULL,NULL,NULL,NULL,0.014,NULL,NULL,NULL,NULL,,NULL,0,0,2,2,N,N,35,NULL,98,9872,NULL,,Y,37.55861,-82.25499,N,NULL,NULL,NULL,NULL,NULL,NULL,NULL,NULL,1,3,2,3,1,5,3,6,7,1,N,NULL,N,N,655,715,730,N,NULL,55,,,N,,N,N,098-CR-1556-0,NULL,NULL,2023,O,7.30E+11,098-CR-1556  -000,HIGH,098-CR-1556  -000,0.013,0,0,0,0,0,0,0,1,0,0,0,1,0,0
6292,72985097,KSP0900,23-475447,20231130,1145,,US119,,,US0119,US0119,0,098 US-119,US0119,N,N,NULL,NULL,NULL,N,NULL,NULL,NULL,NULL,NULL,NULL,18.982,NULL,NULL,NULL,NULL,,NULL,0,0,1,1,N,N,55,NULL,98,9814,NULL,,Y,37.60131,-82.27513,N,NULL,NULL,NULL,NULL,NULL,NULL,NULL,NULL,9,3,4,6,1,1,2,2,7,3,N,NULL,Y,N,1145,1215,1230,N,NULL,38,2,1,N,,N,N,098-US-0119-0,NULL,NULL,2023,O,7.30E+11,098-US-0119  -000,HIGH,098-US-0119  -000,18.982,0,0,0,1,0,0,0,0,0,0,0,0,0,0
6293,72969640,980500,2023AR057,20231107,1041,,CHURCH STREET,,ST,,,0,098 CS-3002,CS3002,Y,N,NULL,NULL,NULL,N,NULL,NULL,NULL,NULL,NULL,NULL,,NULL,NULL,NULL,NULL,NULL,NULL,0,0,2,2,N,N,15,NULL,98,9807,NULL,,Y,37.51763,-82.5668,N,NULL,NULL,NULL,NULL,NULL,NULL,NULL,NULL,2,97,,6,2,1,2,2,1,3,N,NULL,Y,Y,1041,1045,1045,N,NULL,90,,,Y,,N,N,098-CS-3002-0,NULL,NULL,2023,O,7.30E+11,098-CS-3002  -000,HIGH,098-CS-3002  -000,0.257,0,0,0,1,0,0,0,0,0,0,0,0,0,0
6294,72871406,980100,2.02E+11,20230303,2015,,CASSIDY,,BLVD,,,,,,N,N,NULL,NULL,NULL,N,NULL,NULL,NULL,NULL,NULL,NULL,0.219,NULL,NULL,NULL,NULL,,NULL,0,0,2,2,N,N,35,NULL,98,9801,NULL,,Y,37.50418,-82.5355,N,NULL,NULL,NULL,NULL,NULL,NULL,NULL,NULL,1,3,4,6,1,1,7,5,1,3,N,NULL,Y,N,2015,2016,,N,NULL,46,,,N,,N,N,,NULL,NULL,2023,O,7.29E+11,098-CS-1191  -000,MEDIUM,098-CS-1191  -000,0.198,0,0,0,1,0,0,1,1,0,0,0,0,0,1
6295,72907029,KSP0900,23-210981,20230603,1614,,FISHTRAP LAKE,,RD,,,0,098 CR-1137,CR1137,N,N,NULL,NULL,NULL,N,NULL,NULL,NULL,NULL,NULL,NULL,0.388,NULL,NULL,NULL,NULL,,NULL,0,0,2,2,N,N,10,NULL,98,9849,NULL,,Y,37.43559,-82.34819,N,NULL,NULL,NULL,NULL,NULL,NULL,NULL,NULL,5,3,1,6,1,1,3,2,7,3,N,NULL,Y,N,1614,1730,1730,N,NULL,49,,,N,,N,N,098-CR-1137-0,NULL,NULL,2023,O,7.29E+11,098-CR-1137  -000,HIGH,098-CR-1137  -000,0.383,0,0,0,0,0,0,0,1,0,0,0,0,0,0
6296,72947371,KSP0900,23-360415,20230816,1043,,KY632,,,KY0632,KY0632,0,098 KY-632,KY0632,N,N,NULL,NULL,NULL,N,NULL,NULL,NULL,NULL,NULL,NULL,7.941,NULL,NULL,NULL,NULL,,NULL,0,1,1,1,N,N,55,NULL,98,9817,NULL,,Y,37.48804,-82.23006,N,NULL,NULL,NULL,NULL,NULL,NULL,NULL,NULL,9,3,2,5,1,1,2,2,7,3,Y,NULL,Y,N,1043,1140,1300,N,NULL,44,6,0,N,,N,N,098-KY-0632-0,NULL,NULL,2023,K,7.29E+11,098-KY-0632  -000,HIGH,098-KY-0632  -000,7.95,0,0,0,0,0,0,0,0,0,1,0,1,0,0
6297,72949064,980000,23-09-001,20230912,2025,,US23,,,US0023,US0023,0,098 US-23-10,US0023,N,N,NULL,NULL,NULL,N,NULL,NULL,NULL,NULL,NULL,NULL,29.181,NULL,NULL,NULL,NULL,,NULL,1,0,2,2,N,N,45,NULL,98,9807,NULL,,Y,37.52606,-82.57373,N,NULL,NULL,NULL,NULL,NULL,NULL,NULL,NULL,5,3,6,6,1,5,6,6,7,3,N,NULL,Y,N,2020,2025,2026,N,NULL,70,,1,N,,N,N,098-US-0023-10,NULL,NULL,2023,B,7.29E+11,098-US-0023  -010,HIGH,098-US-0023  -000,29.164,0,0,0,0,0,0,1,0,0,0,0,0,0,0
6298,72980734,KSP0900,23-477428,20231202,621,,VIRGIE,,RD,KY0610,KY0610,0,098 KY-610,KY0610,N,N,NULL,NULL,NULL,N,NULL,NULL,NULL,NULL,NULL,NULL,7.977,NULL,NULL,NULL,NULL,,NULL,0,0,1,1,N,N,35,NULL,98,9827,NULL,,Y,37.33821,-82.58684,N,NULL,NULL,NULL,NULL,NULL,NULL,NULL,NULL,9,3,2,6,1,5,10,7,7,3,N,NULL,Y,Y,621,653,720,N,NULL,40,7,0,N,,N,N,098-KY-0610-0,NULL,NULL,2023,O,7.30E+11,098-KY-0610  -000,HIGH,098-KY-0610  -000,7.97,0,0,0,1,0,0,0,0,0,0,0,1,0,0
6299,72972572,KSP0900,23-454282,20231111,35,,ELKHORN,,CRK,KY0197,KY0197,0,098 KY-197,KY0197,N,N,NULL,NULL,NULL,N,NULL,NULL,NULL,NULL,NULL,NULL,5.904,NULL,NULL,NULL,NULL,,NULL,1,0,1,1,N,N,55,NULL,98,9864,NULL,,Y,37.25096,-82.4906,N,NULL,NULL,NULL,NULL,NULL,NULL,NULL,NULL,9,3,2,6,1,10,10,6,7,3,Y,NULL,Y,Y,39,112,200,Y,NULL,40,7,0,N,,N,N,098-KY-0197-0,NULL,NULL,2023,B,7.30E+11,098-KY-0197  -000,HIGH,098-KY-0197  -000,5.903,0,0,1,0,0,0,0,0,0,0,0,1,0,0
6300,72884182,980100,2.02E+11,20230403,854,,US23 TURN LANE,,,US0023,US0023,0,098 US-23-20,US0023,N,N,NULL,NULL,NULL,N,NULL,NULL,NULL,NULL,NULL,NULL,0.006,NULL,NULL,NULL,NULL,,NULL,0,0,2,2,N,N,55,NULL,98,9801,NULL,,Y,37.50394,-82.53239,N,NULL,NULL,NULL,NULL,NULL,NULL,NULL,NULL,5,3,4,6,1,1,2,2,7,3,N,NULL,Y,N,854,859,859,N,NULL,49,,1,N,,N,N,098-US-0023-20,NULL,NULL,2023,O,7.29E+11,098-US-0023  -020,HIGH,098-US-0023  -020,0.006,0,1,0,0,0,0,0,0,0,0,0,0,0,1
6301,72946692,980100,2.02E+11,20230913,1746,,KY3496,,,KY3496,KY3496,0,098 KY-3496,KY3496,N,N,NULL,NULL,NULL,N,NULL,NULL,NULL,NULL,NULL,NULL,0.337,NULL,NULL,NULL,NULL,,NULL,0,0,2,2,N,N,35,NULL,98,9801,NULL,,Y,37.46793,-82.53294,N,NULL,NULL,NULL,NULL,NULL,NULL,NULL,NULL,1,3,2,6,1,1,2,2,1,3,N,NULL,Y,N,1746,1758,1758,N,NULL,55,16,0,N,,N,N,098-KY-3496-0,NULL,NULL,2023,O,7.29E+11,098-KY-3496  -000,HIGH,098-KY-3496  -000,0.336,0,0,0,0,0,0,1,0,0,0,0,0,0,1
6302,72848086,KSP0900,22-496513,20221228,2318,,US23,,,US0023,US0023,0,098 US-23,US0023,N,N,NULL,NULL,NULL,N,NULL,NULL,NULL,NULL,NULL,NULL,12.716,NULL,NULL,NULL,NULL,,NULL,0,0,1,1,N,N,55,NULL,98,9801,NULL,,Y,37.37106,-82.54635,N,NULL,NULL,NULL,NULL,NULL,NULL,NULL,NULL,9,3,4,3,1,2,2,6,7,3,N,NULL,Y,N,2318,2325,2325,N,NULL,70,,1,N,,N,N,098-US-0023-0,NULL,NULL,2022,O,7.28E+11,098-US-0023  -000,HIGH,098-US-0023  -000,12.716,0,0,0,0,0,0,0,0,0,0,0,1,0,0
6303,72779440,980100,2.02E+11,20220704,1915,,CASSIDY,,BLVD,,,0,098 CS-1191,CS1191,Y,N,NULL,NULL,NULL,N,NULL,NULL,NULL,NULL,NULL,NULL,0.321,NULL,NULL,NULL,NULL,,NULL,0,0,2,2,N,N,15,NULL,98,9801,NULL,,Y,37.50546,-82.53739,N,NULL,NULL,NULL,NULL,NULL,NULL,NULL,NULL,2,97,,6,1,1,2,2,1,3,N,NULL,Y,N,1915,1917,,N,NULL,90,,,N,,N,N,098-CS-1191-0,NULL,NULL,2022,O,7.28E+11,098-CS-1191  -000,HIGH,098-CS-1191  -000,0.321,0,0,0,0,0,0,1,0,0,0,0,0,0,1
6304,72856381,KSP0900,23-19369,20230115,1950,,ELKHORN,,CRK,KY0197,KY0197,0,098 KY-197,KY0197,N,N,NULL,NULL,NULL,N,NULL,NULL,NULL,NULL,NULL,NULL,11.366,NULL,NULL,NULL,NULL,,NULL,1,0,1,1,N,N,55,NULL,98,9802,NULL,,Y,37.26973,-82.4126,N,NULL,NULL,NULL,NULL,NULL,NULL,NULL,NULL,9,3,2,3,1,1,2,4,7,3,N,NULL,Y,Y,1950,2020,2048,N,NULL,40,7,0,Y,,N,N,098-KY-0197-0,NULL,NULL,2023,B,7.29E+11,098-KY-0197  -000,HIGH,098-KY-0197  -000,11.387,0,0,0,0,0,0,0,0,1,0,0,1,0,0
6305,72971682,KSP0900,23-454590,20231111,1122,,US460,,,US0460,US0460,,,,N,N,NULL,NULL,NULL,N,NULL,NULL,NULL,NULL,NULL,NULL,8.618,NULL,NULL,NULL,NULL,,NULL,0,0,2,2,N,N,55,NULL,98,9824,NULL,,Y,37.37244,-82.42639,N,NULL,NULL,NULL,NULL,NULL,NULL,NULL,NULL,5,3,2,6,1,1,2,2,7,3,N,NULL,N,N,1122,1149,1123,N,NULL,49,,1,N,,N,N,,NULL,NULL,2023,O,7.30E+11,098-US-0460  -000,HIGH,098-US-0460  -000,8.595,0,0,0,0,0,0,0,0,0,0,0,0,0,0
6306,72944137,KSP0900,23-382864,20230905,1727,,TURKEY CREEK,,RD,KY0612,KY0612,0,098 KY-612,KY0612,N,N,NULL,NULL,NULL,N,NULL,NULL,NULL,NULL,NULL,NULL,,NULL,NULL,NULL,NULL,,NULL,1,0,1,1,N,N,5,NULL,98,9826,NULL,,Y,37.6414,-82.31189,N,NULL,NULL,NULL,NULL,NULL,NULL,NULL,NULL,9,97,1,4,97,1,2,2,5,3,Y,NULL,Y,N,1727,1803,1727,N,NULL,44,8,0,N,,N,N,098-KY-0612-0,NULL,NULL,2023,C,7.29E+11,098-KY-0612  -000,HIGH,098-KY-0612  -000,5.901,0,0,0,0,0,0,0,0,0,1,0,1,0,0
6307,72967616,980500,2023AR055,20231102,1403,,US 23 NORTH,,,,,,,,N,N,NULL,NULL,NULL,N,NULL,NULL,NULL,NULL,NULL,NULL,,NULL,NULL,NULL,NULL,NULL,NULL,0,0,2,2,N,N,45,NULL,98,9807,NULL,,Y,37.52035,-82.56794,N,NULL,NULL,NULL,NULL,NULL,NULL,NULL,NULL,5,3,6,6,1,1,2,2,7,3,N,NULL,Y,Y,1403,1405,1408,N,NULL,49,,,N,,N,N,,NULL,NULL,2023,O,7.30E+11,098-US-0023  -043,MEDIUM,098-US-0023  -043,0.005,0,0,1,1,0,0,1,1,0,0,0,0,0,0
6308,72898936,KSP0900,2023-00182747,20230514,950,,BEEFHIDE,,CRK,,,,,,N,N,NULL,NULL,NULL,N,NULL,NULL,NULL,NULL,NULL,NULL,0.034,NULL,NULL,NULL,NULL,,NULL,0,0,1,1,N,N,55,NULL,98,9809,NULL,,Y,37.2891,-82.59956,N,NULL,NULL,NULL,NULL,NULL,NULL,NULL,NULL,9,3,1,6,1,1,2,2,7,3,N,NULL,Y,N,925,957,957,N,NULL,44,,,N,,N,N,,NULL,NULL,2023,O,7.29E+11,098-CR-1906  -000,HIGH,098-CR-1906  -000,0.03,0,0,0,0,0,0,0,0,1,1,0,1,0,0
6309,72817739,980100,2.02E+11,20221013,1208,,RIVERFILL,N,DR,,,0,098 CS-1124,CS1124,Y,N,NULL,NULL,NULL,N,NULL,NULL,NULL,NULL,NULL,NULL,0.069,NULL,NULL,NULL,NULL,,NULL,0,0,2,2,N,N,,NULL,98,9801,NULL,,Y,37.47884,-82.51609,N,NULL,NULL,NULL,NULL,NULL,NULL,NULL,NULL,2,97,1,6,1,1,3,2,1,3,N,NULL,Y,N,1208,1212,1212,N,NULL,90,,,N,,N,N,098-CS-1124-0,NULL,NULL,2022,O,7.28E+11,098-CS-1124  -000,HIGH,098-CS-1124  -000,0.069,0,0,0,1,0,0,1,0,0,0,0,0,0,1
6310,72937011,KSP0900,23-363318,20230818,1930,,FIFTY EIGHT,,BR,,,0,098 CR-1341,CR1341,N,N,NULL,NULL,NULL,N,NULL,NULL,NULL,NULL,NULL,NULL,0.455,NULL,NULL,NULL,NULL,,NULL,1,0,1,1,N,Y,25,NULL,98,9850,NULL,,Y,37.4883,-82.42341,N,NULL,NULL,NULL,NULL,NULL,NULL,NULL,NULL,9,3,1,3,1,1,2,2,7,3,Y,NULL,N,Y,1930,1945,2015,N,NULL,44,,,N,,N,N,098-CR-1341-0,NULL,NULL,2023,B,7.29E+11,098-CR-1341  -000,HIGH,098-CR-1341  -000,0.457,1,0,0,0,0,0,1,1,0,0,0,1,0,0
6311,72905597,KSP0900,23-206633,20230531,1633,,LICK,,BR,,,0,098 CR-1261,CR1261,N,N,NULL,NULL,NULL,N,NULL,NULL,NULL,NULL,NULL,NULL,0.202,NULL,NULL,NULL,NULL,,NULL,0,0,2,2,N,N,35,NULL,98,9824,NULL,,Y,37.41488,-82.48605,N,NULL,NULL,NULL,NULL,NULL,NULL,NULL,NULL,7,3,1,3,1,1,2,2,7,3,N,NULL,Y,N,1633,1710,1715,N,NULL,54,,,N,,N,N,098-CR-1261-0,NULL,NULL,2023,O,7.29E+11,098-CR-1261  -000,HIGH,098-CR-1261  -000,0.188,0,0,0,1,0,0,0,0,0,0,0,1,0,0
6312,72853569,KSP0900,23-9557,20230108,346,,KY80,,,KY0080,KY0080,0,098 KY-80,KY0080,N,N,NULL,NULL,NULL,N,NULL,NULL,NULL,NULL,NULL,NULL,2.224,NULL,NULL,NULL,NULL,,NULL,0,0,1,1,N,N,35,NULL,98,9802,NULL,,Y,37.3135,-82.35869,N,NULL,NULL,NULL,NULL,NULL,NULL,NULL,NULL,9,3,2,3,1,5,3,4,7,3,N,NULL,Y,N,348,358,500,N,NULL,44,7,0,N,,N,N,098-KY-0080-0,NULL,NULL,2023,O,7.29E+11,098-KY-0080  -000,HIGH,098-KY-0080  -000,2.223,0,0,0,0,0,0,0,0,0,0,0,1,0,0
6313,72943469,980100,2.02E+11,20230907,1756,,CASSIDY,,BLVD,,,,,,Y,N,NULL,NULL,NULL,N,NULL,NULL,NULL,NULL,NULL,NULL,0.207,NULL,NULL,NULL,NULL,,NULL,0,0,2,2,Y,N,,NULL,98,9801,NULL,,Y,37.50419,-82.53532,N,NULL,NULL,NULL,NULL,NULL,NULL,NULL,NULL,8,97,,6,1,1,2,2,1,3,N,NULL,Y,N,1756,1802,1852,N,NULL,90,,,N,,N,N,,NULL,NULL,2023,O,7.29E+11,098-CS-1191  -000,MEDIUM,098-CS-1191  -000,0.191,0,0,0,0,0,0,0,0,0,0,0,0,0,1
6314,72870351,980000,23-01-008,20230228,745,,WINNERS CIRCLE DRIVE,,,,,,,,N,N,NULL,NULL,NULL,N,NULL,NULL,NULL,NULL,NULL,NULL,,NULL,NULL,NULL,NULL,NULL,NULL,0,0,1,1,N,N,15,NULL,98,9801,1,N,N,37.51362,-82.49935,N,NULL,NULL,NULL,NULL,NULL,NULL,NULL,NULL,9,6,2,1,1,1,2,1,8,3,N,NULL,Y,N,745,745,746,N,NULL,40,,,N,,N,N,,NULL,NULL,2023,O,7.29E+11,098-US-0119  -010,MEDIUM,098-US-0119  -000,2.001,0,0,1,0,0,0,0,0,0,0,0,1,0,1
6315,72944593,KSP0900,23-386287,20230908,1817,,KY122,,,KY0122,KY0122,0,098 KY-122,KY0122,N,N,NULL,NULL,NULL,N,NULL,NULL,NULL,NULL,NULL,NULL,7.109,NULL,NULL,NULL,NULL,,NULL,0,0,1,1,N,N,55,NULL,98,9827,NULL,,Y,37.37317,-82.58341,N,NULL,NULL,NULL,NULL,NULL,NULL,NULL,NULL,9,3,2,6,1,1,2,2,7,3,N,NULL,Y,N,1817,1835,1900,N,NULL,40,,0,N,,N,N,098-KY-0122-0,NULL,NULL,2023,O,7.29E+11,098-KY-0122  -000,HIGH,098-KY-0122  -000,7.108,0,0,0,0,0,0,0,0,0,0,0,1,0,0
6316,72847896,KSP0900,22-486176,20221221,1621,,ABNER MOUNTAIN,,RD,KY0122,KY0122,0,098 KY-122,KY0122,N,N,NULL,NULL,NULL,N,NULL,NULL,NULL,NULL,NULL,NULL,1.527,NULL,NULL,NULL,NULL,,NULL,0,0,2,2,N,N,35,NULL,98,9827,NULL,,Y,37.33828,-82.6444,N,NULL,NULL,NULL,NULL,NULL,NULL,NULL,NULL,7,3,2,2,1,1,2,2,3,3,N,NULL,Y,N,1621,1652,1715,N,NULL,54,,0,N,,N,N,098-KY-0122-0,NULL,NULL,2022,O,7.28E+11,098-KY-0122  -000,HIGH,098-KY-0122  -000,1.527,0,0,0,1,0,0,0,0,0,0,0,1,0,0
6317,72986138,980000,23-12-002,20231212,1210,,US23,,,US0023,US0023,0,098 US-23-10,US0023,N,N,NULL,NULL,NULL,N,NULL,NULL,NULL,NULL,NULL,NULL,18.306,NULL,NULL,NULL,NULL,,NULL,0,0,2,2,N,N,55,NULL,98,9801,NULL,,Y,37.43331,-82.5145,N,NULL,NULL,NULL,NULL,NULL,NULL,NULL,NULL,5,3,4,5,1,1,2,2,6,3,N,NULL,Y,Y,1212,1220,1230,N,NULL,49,,1,N,,N,N,098-US-0023-10,NULL,NULL,2023,O,7.30E+11,098-US-0023  -010,HIGH,098-US-0023  -000,18.289,0,0,0,0,0,0,1,1,0,0,0,0,0,1
6318,72962813,980100,2.02E+11,20231002,1746,,COLLEGE,S,ST,,,0,098 CS-1152,CS1152,N,Y,STRATTON,,ST,N,NULL,NULL,NULL,NULL,NULL,NULL,0.139,NULL,NULL,NULL,NULL,,NULL,0,0,2,2,N,N,15,NULL,98,9801,NULL,,Y,37.47563,-82.52353,N,NULL,NULL,NULL,NULL,NULL,NULL,NULL,NULL,1,3,1,6,1,1,2,2,7,3,N,NULL,Y,N,1746,1805,1824,N,NULL,10,,,N,,N,N,098-CS-1152-0,NULL,NULL,2023,O,7.30E+11,098-CS-1152  -000,HIGH,098-CS-1152  -000,0.066,0,0,0,0,0,0,0,0,0,0,1,0,0,1
6319,72822193,980100,2.02E+11,20221028,943,,THOMPSON,,RD,,,,,,N,N,NULL,NULL,NULL,N,NULL,NULL,NULL,NULL,NULL,NULL,0.008,NULL,NULL,NULL,NULL,,NULL,0,0,2,2,N,N,55,NULL,98,9801,NULL,,Y,37.51061,-82.54812,N,NULL,NULL,NULL,NULL,NULL,NULL,NULL,NULL,5,3,4,6,1,1,2,2,1,3,N,NULL,N,N,943,952,,N,NULL,49,,,N,,N,N,,NULL,NULL,2022,O,7.28E+11,098-CS-1215  -000,MEDIUM,098-CS-1215  -000,0.008,0,0,0,1,0,0,1,0,0,0,0,0,0,1
6320,72779382,KSP0900,22-250061,20220702,1208,,KY194,,,KY0194,KY0194,0,098 KY-194,KY0194,N,N,NULL,NULL,NULL,N,NULL,NULL,NULL,NULL,NULL,NULL,26.081,NULL,NULL,NULL,NULL,,NULL,1,0,1,1,N,N,55,NULL,98,9817,NULL,,Y,37.50235,-82.35812,N,NULL,NULL,NULL,NULL,NULL,NULL,NULL,NULL,9,4,2,3,1,5,2,2,7,3,Y,NULL,N,Y,1208,1330,1330,N,NULL,44,6,0,N,,N,N,098-KY-0194-0,NULL,NULL,2022,B,7.28E+11,098-KY-0194  -000,HIGH,098-KY-0194  -000,26.081,0,0,0,0,0,0,1,1,0,0,0,1,0,0
6321,72833153,980100,2.02E+11,20221111,1137,,KY1426,,,KY1426,KY1426,0,098 KY-1426,KY1426,N,N,NULL,NULL,NULL,N,NULL,NULL,NULL,NULL,NULL,NULL,8.099,NULL,NULL,NULL,NULL,,NULL,1,0,1,1,N,N,55,NULL,98,9801,NULL,,Y,37.49245,-82.49087,N,NULL,NULL,NULL,NULL,NULL,NULL,NULL,NULL,9,3,2,1,1,5,6,2,7,3,Y,NULL,Y,Y,1137,1140,1243,N,NULL,70,,0,N,,N,N,098-KY-1426-0,NULL,NULL,2022,B,7.28E+11,098-KY-1426  -000,HIGH,098-KY-1426  -000,8.099,0,0,0,1,0,0,0,0,0,0,0,1,0,1
6322,72958333,980100,2.02E+11,20231012,1832,,US23,,,US0023,US0023,0,098 US-23-10,US0023,N,N,NULL,NULL,NULL,N,NULL,NULL,NULL,NULL,NULL,NULL,24.102,NULL,NULL,NULL,NULL,,NULL,0,0,2,2,N,N,55,NULL,98,9801,NULL,,Y,37.47667,-82.53973,N,NULL,NULL,NULL,NULL,NULL,NULL,NULL,NULL,6,3,4,6,1,1,3,2,7,3,N,NULL,Y,N,1833,1844,1833,N,NULL,70,,1,N,,N,N,098-US-0023-10,NULL,NULL,2023,O,7.30E+11,098-US-0023  -010,HIGH,098-US-0023  -000,24.03,0,1,0,0,0,0,1,0,0,0,0,0,0,1
6323,72962154,KSP0900,23-431051,20231021,1013,,MALL,S,RD,,,0,098 PR-1010,PR1010,Y,N,NULL,NULL,NULL,N,NULL,NULL,NULL,NULL,NULL,NULL,0.382,NULL,NULL,NULL,NULL,,NULL,0,0,2,2,N,Y,,NULL,98,9834,NULL,,Y,37.65564,-82.27248,N,NULL,NULL,NULL,NULL,NULL,NULL,NULL,NULL,5,97,,3,1,1,2,2,5,3,N,NULL,Y,N,1013,1017,1017,N,NULL,90,,,N,,N,N,098-PR-1010-0,NULL,NULL,2023,O,7.30E+11,098-PR-1010  -000,HIGH,098-PR-1010  -000,0.412,0,0,0,1,0,0,1,0,0,0,0,0,0,0
6324,72848163,980100,2.02E+11,20221223,1501,,CEDAR HILLS,,RD,KY1426,KY1426,0,098 KY-1426,KY1426,Y,N,NULL,NULL,NULL,N,NULL,NULL,NULL,NULL,NULL,NULL,4.367,NULL,NULL,NULL,NULL,,NULL,0,0,2,2,N,N,,NULL,98,9801,NULL,,Y,37.46004,-82.53015,N,NULL,NULL,NULL,NULL,NULL,NULL,NULL,NULL,2,97,,6,1,1,2,2,1,3,N,NULL,N,N,1501,1501,,N,NULL,90,,0,N,,N,N,098-KY-1426-0,NULL,NULL,2022,O,7.28E+11,098-KY-1426  -000,HIGH,098-KY-1426  -000,4.367,0,0,0,0,0,0,0,0,0,0,0,0,0,1