OBJECTID,MasterFile,AgencyORINumber,LocalCode,CollisionDate,CollisionTime,CollisionDayWeekCode,RoadwayName,RoadwayName_Direction_,RoadwayName_RoadwaySuffix_,RoadwayfromReport,CurrentRoadwayNumber,RoadwayNumberCoupletID,RSEUniqueGIS,RoadwayIdentifier,ParkingLotIndicator,IntersectionWith_Indicator_,IntersectionWith_NameRoadway_,IntersectionWith_Direction_,IntersectionWith_RoadwaySuffix_,BetweenStreets_Indicator_,BetweenStreets1_NameRoadway_,BetweenStreet1_Direction_,BetweenStreets1_RoadwaySuffix_,BetweenStreets2_NameRoadway_,BetweenStreets2_Direction_,BetweenStreets2_RoadwaySuffix_,Milepoint,ReportMilepointDeriveNumber,CurrentDerivedMiepointNumber,MilestoMilepoint,FeettoMilepoint,DirectionfromMilepoint_NSEW_,ValidMilepointIndicator,NumberInjured,NumberKilled,ofUnits,ofMotorVehicleUnits,Hit&RunIndicator,OneWayIndicator,SpeedLimitNumber,KilometersIndicator,CountyCode,CityCountyCode,MilesFromCity,DirectionFromCity_NSEW_,InCityLimitsIndicator,Latitude,Longitude,RampIndicator,RampFromIdentifier,RampFromDirCode,RampFromCoupletID,RSEUniqueGISRampFrom,RampToidentifier,RampToDirCode,RampToCoupletID,RSEUniqueGisRampTo,MannerofCollisionCode,LocationFirstEventCode,TotalLanes,RoadwayCharacterCode,RoadwaySurfaceCode,RoadwayConditionCode,WeatherCode,LightConditionCode,LandUseCode,SchoolBusRelatedCode,FirstAidSceneIndicator,CollDescPresentInd,InvestigationCompleteIndicator,PhotosTakenIndicator,TimeNotified,TimeArrived,TimeRoadwayOpened,PropertyDamageIndicator,DiagramPresentIndicator,DirectionalAnalysis,FunctionClassCode,NationalHwySysCode,EnforcementsIndicator,KARSCityCode,SecondaryCollisionIndicator,MedianCrossoverIndicator,RT_UNIQUE,MapIt,TimeLastLeft,YR,KABCO,MFNY,WorkingRID,RT_CONFIDENCE,KTC_RT,KTC_MP,Motorcyclist,Commercial Vehicle,Young Driver,Mature Driver,Pedestrian,Bicyclist,Distracted,Aggressive,Impaired,Unrestrained,Intersection,Roadway Departure,Median Cross-over,City Crash
6325,72766001,KSP0900,22-193409,20220525,740,,US119,,,US0119,US0119,0,098 US-119-10,US0119,N,N,NULL,NULL,NULL,N,NULL,NULL,NULL,NULL,NULL,NULL,25.357,NULL,NULL,NULL,NULL,,NULL,0,0,2,2,N,N,55,NULL,98,9834,NULL,,Y,37.67276,-82.28124,N,NULL,NULL,NULL,NULL,NULL,NULL,NULL,NULL,5,3,2,6,1,1,2,2,7,3,N,NULL,Y,N,750,751,800,N,NULL,49,2,1,N,,N,N,098-US-0119-10,NULL,NULL,2022,O,7.28E+11,098-US-0119  -010,HIGH,098-US-0119  -000,25.357,0,0,0,0,0,0,1,0,0,0,0,0,0,0
6326,72880035,980100,2.02E+11,20230323,1123,,US23,,,US0023,US0023,0,098 US-23,US0023,N,N,NULL,NULL,NULL,N,NULL,NULL,NULL,NULL,NULL,NULL,24.921,NULL,NULL,NULL,NULL,,NULL,2,0,2,2,N,N,55,NULL,98,9801,NULL,,Y,37.48743,-82.54129,N,NULL,NULL,NULL,NULL,NULL,NULL,NULL,NULL,1,3,4,6,1,1,2,2,7,3,Y,NULL,Y,Y,1123,1127,1159,N,NULL,55,,1,N,,N,N,098-US-0023-0,NULL,NULL,2023,C,7.29E+11,098-US-0023  -000,HIGH,098-US-0023  -000,24.858,0,0,0,1,0,0,0,0,0,0,0,0,0,1
6327,72938395,KSP0900,23-370273,20230825,1101,,US119,,,US0119,US0119,0,098 US-119,US0119,N,N,NULL,NULL,NULL,N,NULL,NULL,NULL,NULL,NULL,NULL,20.816,NULL,NULL,NULL,NULL,,NULL,0,0,2,2,N,N,25,NULL,98,9836,NULL,,Y,37.61909,-82.26866,N,NULL,NULL,NULL,NULL,NULL,NULL,NULL,NULL,5,3,2,3,1,5,6,2,7,3,Y,NULL,Y,Y,1101,1109,1109,N,NULL,49,2,1,N,,N,N,098-US-0119-0,NULL,NULL,2023,O,7.29E+11,098-US-0119  -000,HIGH,098-US-0119  -000,20.817,0,0,0,0,0,0,0,0,0,0,0,0,0,0
6328,72942671,980100,2.02E+11,20230831,1606,,CASSIDY,,BLVD,,,0,098 CS-1191,CS1191,N,N,NULL,NULL,NULL,N,NULL,NULL,NULL,NULL,NULL,NULL,0.06,NULL,NULL,NULL,NULL,,NULL,0,0,2,2,N,N,25,NULL,98,9801,NULL,,Y,37.50367,-82.53313,N,NULL,NULL,NULL,NULL,NULL,NULL,NULL,NULL,1,3,2,6,1,1,2,2,1,3,N,NULL,Y,N,1606,1614,,N,NULL,55,,,N,,N,N,098-CS-1191-0,NULL,NULL,2023,O,7.29E+11,098-CS-1191  -000,HIGH,098-CS-1191  -000,0.056,0,0,0,1,0,0,1,0,0,0,0,0,0,1
6329,72875395,KSP0900,23-95430,20230312,720,,RACCOON,,RD,KY3418,KY3418,0,098 KY-3418,KY3418,N,N,NULL,NULL,NULL,N,NULL,NULL,NULL,NULL,NULL,NULL,9.213,NULL,NULL,NULL,NULL,,NULL,0,0,1,1,N,N,35,NULL,98,9850,NULL,,Y,37.47816,-82.413,N,NULL,NULL,NULL,NULL,NULL,NULL,NULL,NULL,9,3,2,3,1,5,6,2,7,3,N,NULL,N,N,720,742,809,N,NULL,70,9,0,N,,N,N,098-KY-3418-0,NULL,NULL,2023,O,7.29E+11,098-KY-3418  -000,HIGH,098-KY-3418  -000,9.2,0,0,0,0,0,0,1,0,0,0,0,1,0,0
6330,72991511,KSP0900,23-504764,20231228,1240,,US23,,,US0023,US0023,0,098 US-23,US0023,Y,N,NULL,NULL,NULL,N,NULL,NULL,NULL,NULL,NULL,NULL,12.134,NULL,NULL,NULL,NULL,,NULL,0,0,2,2,N,N,15,NULL,98,9827,NULL,,Y,37.36481,-82.55276,N,NULL,NULL,NULL,NULL,NULL,NULL,NULL,NULL,2,97,1,6,1,1,2,2,5,3,N,NULL,Y,N,1240,1300,1320,N,NULL,90,,1,N,,N,N,098-US-0023-0,NULL,NULL,2023,O,7.30E+11,098-US-0023  -000,HIGH,098-US-0023  -000,12.135,0,0,0,0,0,0,1,0,0,0,0,0,0,0
6331,72949991,KSP0900,23-402094,20230923,1440,,GOODY,,RD,,,0,098 CR-1036B,CR1036B,Y,N,NULL,NULL,NULL,N,NULL,NULL,NULL,NULL,NULL,NULL,0.019,NULL,NULL,NULL,NULL,,NULL,0,0,2,2,N,N,,NULL,98,9834,NULL,,Y,37.66017,-82.27337,N,NULL,NULL,NULL,NULL,NULL,NULL,NULL,NULL,7,97,,6,1,1,2,2,5,3,N,NULL,Y,N,1440,1440,1440,N,NULL,90,,,N,,N,N,098-CR-1036B-0,NULL,NULL,2023,O,7.30E+11,098-CR-1036B -000,HIGH,098-CR-1036B -000,0,0,0,0,0,0,0,0,0,0,0,0,0,0,0
6332,72938679,980100,2.02E+11,20230825,1324,,US23,,,US0023,US0023,0,098 US-23-10,US0023,N,N,NULL,NULL,NULL,N,NULL,NULL,NULL,NULL,NULL,NULL,23.567,NULL,NULL,NULL,NULL,,NULL,0,0,2,2,N,N,55,NULL,98,9801,NULL,,Y,37.47099,-82.53386,N,NULL,NULL,NULL,NULL,NULL,NULL,NULL,NULL,8,3,4,3,1,5,3,2,1,3,N,NULL,Y,N,1328,1329,1329,N,NULL,53,,1,N,,N,N,098-US-0023-10,NULL,NULL,2023,O,7.29E+11,098-US-0023  -010,HIGH,098-US-0023  -000,23.51,0,1,0,0,0,0,0,0,0,0,0,1,0,1
6333,72909388,KSP0900,23-217404,20230608,623,,KY80,,,KY0080,KY0080,,,,N,N,NULL,NULL,NULL,N,NULL,NULL,NULL,NULL,NULL,NULL,3.154,NULL,NULL,NULL,NULL,,NULL,0,0,2,2,Y,N,25,NULL,98,9802,NULL,,Y,37.30397,-82.35131,N,NULL,NULL,NULL,NULL,NULL,NULL,NULL,NULL,1,3,2,6,1,1,2,2,7,3,N,NULL,Y,N,623,739,750,N,NULL,55,7,0,N,,N,N,,NULL,NULL,2023,O,7.29E+11,098-KY-0080  -000,HIGH,098-KY-0080  -000,3.149,0,0,0,0,0,0,0,1,0,0,0,0,0,0
6334,72879840,980100,2.02E+11,20230326,1950,,CASSIDY,,BLVD,,,0,098 CS-1191,CS1191,N,N,NULL,NULL,NULL,N,NULL,NULL,NULL,NULL,NULL,NULL,0.324,NULL,NULL,NULL,NULL,,NULL,0,0,2,2,N,N,5,NULL,98,9801,NULL,,Y,37.50522,-82.53733,N,NULL,NULL,NULL,NULL,NULL,NULL,NULL,NULL,1,97,1,6,1,1,2,3,5,3,N,NULL,Y,N,1950,2000,2000,N,NULL,47,,,N,,N,N,098-CS-1191-0,NULL,NULL,2023,O,7.29E+11,098-CS-1191  -000,HIGH,098-CS-1191  -000,0.324,0,0,0,0,0,0,1,0,0,1,0,0,0,1
6335,72876671,KSP0900,23-102977,20230317,1844,,US119,,,US0119,US0119,0,098 US-119,US0119,N,N,NULL,NULL,NULL,N,NULL,NULL,NULL,NULL,NULL,NULL,11.414,NULL,NULL,NULL,NULL,,NULL,0,0,1,1,N,N,55,NULL,98,9801,NULL,,Y,37.59136,-82.38368,N,NULL,NULL,NULL,NULL,NULL,NULL,NULL,NULL,9,3,2,5,1,5,6,2,7,3,N,NULL,N,N,1844,1854,1854,N,NULL,70,2,1,N,,N,N,098-US-0119-0,NULL,NULL,2023,O,7.29E+11,098-US-0119  -000,HIGH,098-US-0119  -000,11.374,0,1,0,0,0,0,0,0,0,0,0,0,0,0
6336,72838191,980100,2.02E+11,20221125,1200,,BYPASS,S,RD,KY1426,KY1426,,,,Y,N,NULL,NULL,NULL,N,NULL,NULL,NULL,NULL,NULL,NULL,5.55,NULL,NULL,NULL,NULL,,NULL,0,0,1,1,N,N,,NULL,98,9801,NULL,,Y,37.4725,-82.52538,N,NULL,NULL,NULL,NULL,NULL,NULL,NULL,NULL,9,97,,6,1,5,6,2,5,3,N,NULL,Y,N,1144,1156,1156,N,NULL,90,,0,N,,N,N,,NULL,NULL,2022,O,7.28E+11,098-KY-1426  -000,HIGH,098-KY-1426  -000,5.55,0,0,0,0,0,0,1,0,0,0,0,1,0,1
6337,72853771,KSP0900,23-15044,20230112,1015,,KY632,,,KY0632,KY0632,0,098 KY-632,KY0632,Y,N,NULL,NULL,NULL,N,NULL,NULL,NULL,NULL,NULL,NULL,12.491,NULL,NULL,NULL,NULL,,NULL,0,0,2,2,N,N,5,NULL,98,9804,NULL,,Y,37.50054,-82.16698,N,NULL,NULL,NULL,NULL,NULL,NULL,NULL,NULL,2,97,2,6,1,1,3,2,1,3,N,NULL,Y,N,1015,1040,1100,N,NULL,90,6,0,N,,N,N,098-KY-0632-0,NULL,NULL,2023,O,7.29E+11,098-KY-0632  -000,HIGH,098-KY-0632  -000,12.496,0,0,0,0,0,0,1,0,0,0,0,0,0,0
6338,72817967,KSP0900,22-400061,20221017,744,,HURRICANE,,CRK,,,0,098 CR-1880,CR1880,N,N,NULL,NULL,NULL,N,NULL,NULL,NULL,NULL,NULL,NULL,0.57,NULL,NULL,NULL,NULL,,NULL,0,0,1,1,N,Y,20,NULL,98,9825,NULL,,Y,37.49376,-82.06812,N,NULL,NULL,NULL,NULL,NULL,NULL,NULL,NULL,9,3,1,3,1,5,2,1,7,1,N,NULL,Y,N,744,744,744,Y,NULL,70,,,N,,N,N,098-CR-1880-0,NULL,NULL,2022,O,7.28E+11,098-CR-1880  -000,HIGH,098-CR-1880  -000,0.57,0,0,0,1,0,0,1,0,0,0,0,0,0,0
6339,72896602,980100,2.02E+11,20230508,732,,US23,,,US0023,US0023,0,098 US-23,US0023,N,N,NULL,NULL,NULL,N,NULL,NULL,NULL,NULL,NULL,NULL,23.023,NULL,NULL,NULL,NULL,,NULL,0,0,2,2,N,N,55,NULL,98,9801,NULL,,Y,37.46583,-82.52736,N,NULL,NULL,NULL,NULL,NULL,NULL,NULL,NULL,5,3,4,6,1,1,2,2,7,3,N,NULL,Y,N,732,737,738,N,NULL,49,,1,N,,N,N,098-US-0023-0,NULL,NULL,2023,O,7.29E+11,098-US-0023  -000,HIGH,098-US-0023  -000,22.956,0,0,0,1,0,0,0,0,0,0,0,0,0,1
6340,72823714,980100,2.02E+11,20221030,1455,,CASSIDY,,BLVD,,,0,098 CS-1191,CS1191,N,N,NULL,NULL,NULL,N,NULL,NULL,NULL,NULL,NULL,NULL,0.001,NULL,NULL,NULL,NULL,,NULL,0,0,2,2,N,N,55,NULL,98,9801,NULL,,Y,37.50377,-82.53217,N,NULL,NULL,NULL,NULL,NULL,NULL,NULL,NULL,5,3,5,6,1,1,3,2,1,3,N,NULL,Y,N,1455,1459,1459,N,NULL,70,,,N,,N,N,098-CS-1191-0,NULL,NULL,2022,O,7.28E+11,098-CS-1191  -000,HIGH,098-CS-1191  -000,0.001,0,0,0,0,0,0,1,0,0,0,0,0,0,1
6341,72866366,KSP0900,23-56661,20230213,1520,,OLD HOUSE,,BR,,,0,098 CR-1811,CR1811,N,N,NULL,NULL,NULL,N,NULL,NULL,NULL,NULL,NULL,NULL,0.466,NULL,NULL,NULL,NULL,,NULL,1,0,1,1,N,Y,35,NULL,98,9879,NULL,,Y,37.52367,-82.19444,N,NULL,NULL,NULL,NULL,NULL,NULL,NULL,NULL,9,3,1,3,1,1,2,2,7,3,N,NULL,Y,Y,1507,1526,1633,N,NULL,70,,,N,,N,N,098-CR-1811-0,NULL,NULL,2023,B,7.29E+11,098-CR-1811  -000,HIGH,098-CR-1811  -000,0.466,0,0,0,1,0,0,1,0,0,0,0,1,0,0
6342,72825719,980100,2.02E+11,20221031,1741,,CASSIDY,,BLVD,,,,,,Y,N,NULL,NULL,NULL,N,NULL,NULL,NULL,NULL,NULL,NULL,0.222,NULL,NULL,NULL,NULL,,NULL,0,0,2,2,N,N,15,NULL,98,9801,NULL,,Y,37.50425,-82.53554,N,NULL,NULL,NULL,NULL,NULL,NULL,NULL,NULL,1,97,,6,1,1,3,2,5,3,N,NULL,Y,N,1741,1749,1749,N,NULL,90,,,N,,N,N,,NULL,NULL,2022,O,7.28E+11,098-CS-1191  -000,LOW,098-CS-1191  -000,0.222,0,0,0,1,0,0,0,1,0,0,0,0,0,1
6343,72992592,KSP0900,23-503713,20231227,1240,,TOLER,,RD,KY0319,KY0319,0,098 KY-319,KY0319,N,N,NULL,NULL,NULL,N,NULL,NULL,NULL,NULL,NULL,NULL,5.771,NULL,NULL,NULL,NULL,,NULL,2,0,2,2,N,N,35,NULL,98,9842,NULL,,Y,37.62971,-82.24902,N,NULL,NULL,NULL,NULL,NULL,NULL,NULL,NULL,1,3,2,6,1,5,3,2,7,3,Y,NULL,Y,Y,1240,1304,1400,N,NULL,55,7,0,Y,,N,N,098-KY-0319-0,NULL,NULL,2023,C,7.30E+11,098-KY-0319  -000,HIGH,098-KY-0319  -000,5.776,0,0,0,1,0,0,0,1,0,0,0,1,0,0
6344,72867299,KSP0900,23-56381,20230213,1156,,ABNER MOUNTAIN,,RD,KY0122,KY0122,,,,N,N,NULL,NULL,NULL,N,NULL,NULL,NULL,NULL,NULL,NULL,0.74,NULL,NULL,NULL,NULL,,NULL,0,0,2,2,N,N,35,NULL,98,9827,NULL,,Y,37.34419,-82.64912,N,NULL,NULL,NULL,NULL,NULL,NULL,NULL,NULL,7,3,2,1,1,1,2,2,7,3,N,NULL,Y,N,1156,1208,1306,N,NULL,54,,0,N,,N,N,,NULL,NULL,2023,O,7.29E+11,098-KY-0122  -000,HIGH,098-KY-0122  -000,0.936,0,0,0,0,0,0,1,0,0,0,0,1,0,0
6345,72990249,KSP0900,23-497321,20231220,1700,,STONE COAL CREEK,,RD,KY3227,KY3227,0,098 KY-3227,KY3227,N,N,NULL,NULL,NULL,N,NULL,NULL,NULL,NULL,NULL,NULL,1.693,NULL,NULL,NULL,NULL,,NULL,0,0,1,1,Y,N,55,NULL,98,9801,NULL,,Y,37.53217,-82.53617,N,NULL,NULL,NULL,NULL,NULL,NULL,NULL,NULL,9,3,2,6,1,5,6,2,7,3,N,NULL,N,Y,1700,1730,1730,Y,NULL,40,8,0,N,,N,N,098-KY-3227-0,NULL,NULL,2023,O,7.30E+11,098-KY-3227  -000,HIGH,098-KY-3227  -000,1.702,0,0,0,0,0,0,0,0,1,0,0,1,0,0
6346,72843041,980000,22-12-002,20221215,1320,,WATSON STREET,,,,,,,,N,N,NULL,NULL,NULL,N,NULL,NULL,NULL,NULL,NULL,NULL,,NULL,NULL,NULL,NULL,NULL,NULL,0,0,2,2,N,N,15,NULL,98,9836,4,S,N,37.62274,-82.26669,N,NULL,NULL,NULL,NULL,NULL,NULL,NULL,NULL,3,3,2,6,1,5,6,2,1,3,N,NULL,N,N,1323,1325,1338,N,NULL,52,,,N,,N,N,,NULL,NULL,2022,O,7.28E+11,098-CR-1098B -000,MEDIUM,098-CR-1098B -000,0.042,0,0,0,1,0,0,1,0,0,0,0,1,0,0
6347,72911753,980100,2.02E+11,20230616,1125,,BYPASS,,RD,,,0,098 CS-1223,CS1223,Y,N,NULL,NULL,NULL,N,NULL,NULL,NULL,NULL,NULL,NULL,,NULL,NULL,NULL,NULL,NULL,NULL,0,0,2,2,N,N,,NULL,98,9801,NULL,,Y,37.47128,-82.52117,N,NULL,NULL,NULL,NULL,NULL,NULL,NULL,NULL,1,97,1,6,2,1,2,2,1,3,N,NULL,N,N,1125,1130,1130,N,NULL,90,,,N,,N,N,098-CS-1223-0,NULL,NULL,2023,O,7.29E+11,098-CS-1223  -000,HIGH,098-CS-1223  -000,0.136,0,0,0,1,0,0,1,0,0,0,0,0,0,1
6348,72906400,KSP0900,23-208705,20230602,530,,BIG CREEK,,RD,KY0468,KY0468,0,098 KY-468,KY0468,N,N,NULL,NULL,NULL,N,NULL,NULL,NULL,NULL,NULL,NULL,2.077,NULL,NULL,NULL,NULL,,NULL,0,0,1,1,N,N,55,NULL,98,9843,NULL,,Y,37.64426,-82.35606,N,NULL,NULL,NULL,NULL,NULL,NULL,NULL,NULL,9,3,2,3,1,1,2,1,7,3,N,NULL,N,N,530,620,620,N,NULL,38,8,0,N,,N,N,098-KY-0468-0,NULL,NULL,2023,O,7.29E+11,098-KY-0468  -000,HIGH,098-KY-0468  -000,2.081,0,0,0,0,0,0,0,0,0,0,0,0,0,0
6349,72956865,KSP0900,23-415870,20231006,1623,,TOLER,,RD,KY0319,KY0319,0,098 KY-319,KY0319,N,N,NULL,NULL,NULL,N,NULL,NULL,NULL,NULL,NULL,NULL,5.732,NULL,NULL,NULL,NULL,,NULL,0,0,1,1,N,N,45,NULL,98,9842,NULL,,Y,37.62914,-82.24892,N,NULL,NULL,NULL,NULL,NULL,NULL,NULL,NULL,9,3,2,3,1,5,6,2,7,3,N,NULL,Y,N,1623,1645,1623,N,NULL,44,7,0,N,,N,N,098-KY-0319-0,NULL,NULL,2023,O,7.30E+11,098-KY-0319  -000,HIGH,098-KY-0319  -000,5.733,0,0,1,0,0,0,0,0,0,0,0,1,0,0
6350,72939809,980100,2.02E+11,20230829,1312,,US23,,,US0023,US0023,0,098 US-23,US0023,N,N,NULL,NULL,NULL,N,NULL,NULL,NULL,NULL,NULL,NULL,20.912,NULL,NULL,NULL,NULL,,NULL,2,0,2,2,N,N,55,NULL,98,9801,NULL,,Y,37.4439,-82.52477,N,NULL,NULL,NULL,NULL,NULL,NULL,NULL,NULL,4,3,4,3,1,1,2,2,2,3,Y,NULL,Y,Y,1313,1316,1345,N,NULL,70,,1,N,,N,N,098-US-0023-0,NULL,NULL,2023,B,7.29E+11,098-US-0023  -000,HIGH,098-US-0023  -000,20.845,0,0,0,1,0,0,1,1,0,0,0,0,0,1
6351,72836032,980100,2.02E+11,20221130,1602,,THOMPSON,,RD,,,0,098 CS-1215,CS1215,Y,N,NULL,NULL,NULL,N,NULL,NULL,NULL,NULL,NULL,NULL,0.681,NULL,NULL,NULL,NULL,,NULL,0,0,2,2,N,N,15,NULL,98,9801,NULL,,Y,37.50524,-82.54068,N,NULL,NULL,NULL,NULL,NULL,NULL,NULL,NULL,8,97,0,6,1,1,2,2,1,3,N,NULL,Y,N,1602,1609,1609,N,NULL,90,,,N,,N,N,098-CS-1215-0,NULL,NULL,2022,O,7.28E+11,098-CS-1215  -000,HIGH,098-CS-1215  -000,0.681,0,0,0,0,0,0,1,0,0,0,0,0,0,1
6352,72829343,KSP0900,22-421445,20221102,1230,,US119,,,US0119,US0119,0,098 US-119,US0119,N,N,NULL,NULL,NULL,N,NULL,NULL,NULL,NULL,NULL,NULL,23.048,NULL,NULL,NULL,NULL,,NULL,0,0,2,2,N,N,55,NULL,98,9836,NULL,,Y,37.64342,-82.26449,N,NULL,NULL,NULL,NULL,NULL,NULL,NULL,NULL,1,3,2,3,1,1,3,2,7,3,N,NULL,N,N,1232,1236,1400,N,NULL,55,2,1,N,,N,N,098-US-0119-0,NULL,NULL,2022,O,7.28E+11,098-US-0119  -000,HIGH,098-US-0119  -000,23.048,0,0,0,1,0,0,1,0,0,0,0,0,0,0
6353,72868300,KSP0900,23-57776,20230214,1044,,US119,,,US0119,US0119,0,098 US-119-10,US0119,N,N,NULL,NULL,NULL,N,NULL,NULL,NULL,NULL,NULL,NULL,25.357,NULL,NULL,NULL,NULL,,NULL,0,0,2,2,N,N,55,NULL,98,9834,NULL,,Y,37.67244,-82.28111,N,NULL,NULL,NULL,NULL,NULL,NULL,NULL,NULL,5,3,2,6,1,1,2,2,7,3,N,NULL,N,N,1044,1048,1055,N,NULL,70,2,1,N,,N,N,098-US-0119-10,NULL,NULL,2023,O,7.29E+11,098-US-0119  -010,HIGH,098-US-0119  -000,25.358,0,0,0,0,0,0,1,0,0,0,0,0,0,0
6354,72896909,980100,2.02E+11,20230510,834,,BAIRD,,AVE,KY1426,KY1426,0,098 KY-1426,KY1426,Y,N,NULL,NULL,NULL,N,NULL,NULL,NULL,NULL,NULL,NULL,5.384,NULL,NULL,NULL,NULL,,NULL,0,0,2,2,N,N,,NULL,98,9801,NULL,,Y,37.47343,-82.52717,N,NULL,NULL,NULL,NULL,NULL,NULL,NULL,NULL,5,97,1,6,1,1,3,2,1,3,N,NULL,Y,N,834,837,838,N,NULL,90,,0,N,,N,N,098-KY-1426-0,NULL,NULL,2023,O,7.29E+11,098-KY-1426  -000,HIGH,098-KY-1426  -000,5.384,0,0,0,0,0,0,0,0,0,0,0,0,0,1
6355,72915018,980100,2.02E+11,20230623,1607,,KY3496,,,KY3496,KY3496,0,098 KY-3496,KY3496,N,N,NULL,NULL,NULL,N,NULL,NULL,NULL,NULL,NULL,NULL,0.078,NULL,NULL,NULL,NULL,,NULL,0,0,2,2,N,N,35,NULL,98,9801,NULL,,Y,37.46578,-82.52918,N,NULL,NULL,NULL,NULL,NULL,NULL,NULL,NULL,1,3,2,3,1,1,2,2,1,3,N,NULL,Y,N,1607,1614,1614,N,NULL,55,16,0,N,,N,N,098-KY-3496-0,NULL,NULL,2023,O,7.29E+11,098-KY-3496  -000,HIGH,098-KY-3496  -000,0.086,0,0,0,0,0,0,1,0,0,0,0,0,0,1
6356,72989489,KSP0900,23-500354,20231223,1443,,LITTLE ROBINSON CREEK,,RD,KY3415,KY3415,0,098 KY-3415,KY3415,N,N,NULL,NULL,NULL,N,NULL,NULL,NULL,NULL,NULL,NULL,0.955,NULL,NULL,NULL,NULL,,NULL,0,0,1,1,N,N,45,NULL,98,9827,NULL,,Y,37.3691,-82.59874,N,NULL,NULL,NULL,NULL,NULL,NULL,NULL,NULL,9,3,2,3,1,1,2,2,7,3,N,NULL,Y,N,1443,1617,,Y,NULL,40,9,0,N,,N,N,098-KY-3415-0,NULL,NULL,2023,O,7.30E+11,098-KY-3415  -000,HIGH,098-KY-3415  -000,0.95,0,0,0,0,0,0,0,0,0,0,0,1,0,0
6357,72820450,KSP0900,22-386129,20221006,1220,,US52,,,US0052,US0052,0,098 US-52-10,US0052,N,Y,US52 CONNECTOR TO KY292,,,N,NULL,NULL,NULL,NULL,NULL,NULL,0.115,NULL,NULL,NULL,NULL,,NULL,3,0,2,2,N,N,55,NULL,98,9834,NULL,,Y,37.68621,-82.29697,N,NULL,NULL,NULL,NULL,NULL,NULL,NULL,NULL,1,3,4,6,1,1,3,2,7,3,Y,NULL,Y,Y,1231,1248,1400,N,NULL,10,,,N,,N,N,098-US-0052-10,NULL,NULL,2022,C,7.28E+11,098-US-0052  -010,HIGH,098-US-0052  -000,0.115,0,0,0,1,0,0,1,0,0,1,1,0,0,0
6358,72957385,980100,2.02E+11,20231009,1603,,KY3417,,,KY3417,KY3417,0,098 KY-3417,KY3417,N,N,NULL,NULL,NULL,N,NULL,NULL,NULL,NULL,NULL,NULL,0.298,NULL,NULL,NULL,NULL,,NULL,0,0,2,2,N,N,35,NULL,98,9801,NULL,,Y,37.46584,-82.55918,N,NULL,NULL,NULL,NULL,NULL,NULL,NULL,NULL,7,3,2,3,1,5,2,2,7,3,N,NULL,Y,N,1603,1617,1659,N,NULL,54,17,0,Y,,N,N,098-KY-3417-0,NULL,NULL,2023,O,7.30E+11,098-KY-3417  -000,HIGH,098-KY-3417  -000,0.298,0,0,0,0,0,0,1,0,0,0,0,1,0,1
6359,72793983,KSP0900,22-301572,20220805,1709,,BRUSHY,,RD,,,0,098 CR-1429Q4,CR1429Q4,N,N,NULL,NULL,NULL,N,NULL,NULL,NULL,NULL,NULL,NULL,3.751,NULL,NULL,NULL,NULL,,NULL,0,0,2,2,N,N,55,NULL,98,9801,NULL,,Y,37.65445,-82.51726,N,NULL,NULL,NULL,NULL,NULL,NULL,NULL,NULL,7,3,1,6,1,1,2,2,7,3,N,NULL,Y,N,1709,1746,1858,N,NULL,54,,,N,,N,N,098-CR-1429Q4-0,NULL,NULL,2022,O,7.28E+11,098-CR-1429Q4-000,HIGH,098-CR-1429Q4-000,3.751,0,0,0,0,0,0,0,0,0,0,0,1,0,0
6360,72892278,KSP0900,23-160399,20230405,500,,PINSONFORK,,RD,,,0,098 CR-1544J,CR1544J,N,N,NULL,NULL,NULL,N,NULL,NULL,NULL,NULL,NULL,NULL,0.229,NULL,NULL,NULL,NULL,,NULL,0,0,1,1,N,N,35,NULL,98,9851,NULL,,Y,37.56566,-82.27058,N,NULL,NULL,NULL,NULL,NULL,NULL,NULL,NULL,9,3,2,3,3,5,6,6,7,3,N,NULL,Y,N,500,700,730,Y,NULL,40,,,N,,N,N,098-CR-1544J-0,NULL,NULL,2023,O,7.29E+11,098-CR-1544J -000,HIGH,098-CR-1544J -000,0.229,0,0,1,0,0,0,1,1,0,0,0,1,0,0
6361,72904068,KSP0900,23-201605,20230527,1852,,DORTON,,CRK,,,0,098 CR-1930,CR1930,N,N,NULL,NULL,NULL,N,NULL,NULL,NULL,NULL,NULL,NULL,0.333,NULL,NULL,NULL,NULL,,NULL,1,0,1,1,N,N,35,NULL,98,9809,5,N,N,37.2816,-82.55989,N,NULL,NULL,NULL,NULL,NULL,NULL,NULL,NULL,9,3,1,6,1,1,3,2,7,3,Y,NULL,Y,Y,1852,1915,1940,N,NULL,70,,,N,,N,N,098-CR-1930-0,NULL,NULL,2023,B,7.29E+11,098-CR-1930  -000,HIGH,098-CR-1930  -000,0.333,1,0,0,0,0,0,0,0,0,0,0,0,0,0