OBJECTID,MasterFile,AgencyORINumber,LocalCode,CollisionDate,CollisionTime,CollisionDayWeekCode,RoadwayName,RoadwayName_Direction_,RoadwayName_RoadwaySuffix_,RoadwayfromReport,CurrentRoadwayNumber,RoadwayNumberCoupletID,RSEUniqueGIS,RoadwayIdentifier,ParkingLotIndicator,IntersectionWith_Indicator_,IntersectionWith_NameRoadway_,IntersectionWith_Direction_,IntersectionWith_RoadwaySuffix_,BetweenStreets_Indicator_,BetweenStreets1_NameRoadway_,BetweenStreet1_Direction_,BetweenStreets1_RoadwaySuffix_,BetweenStreets2_NameRoadway_,BetweenStreets2_Direction_,BetweenStreets2_RoadwaySuffix_,Milepoint,ReportMilepointDeriveNumber,CurrentDerivedMiepointNumber,MilestoMilepoint,FeettoMilepoint,DirectionfromMilepoint_NSEW_,ValidMilepointIndicator,NumberInjured,NumberKilled,ofUnits,ofMotorVehicleUnits,Hit&RunIndicator,OneWayIndicator,SpeedLimitNumber,KilometersIndicator,CountyCode,CityCountyCode,MilesFromCity,DirectionFromCity_NSEW_,InCityLimitsIndicator,Latitude,Longitude,RampIndicator,RampFromIdentifier,RampFromDirCode,RampFromCoupletID,RSEUniqueGISRampFrom,RampToidentifier,RampToDirCode,RampToCoupletID,RSEUniqueGisRampTo,MannerofCollisionCode,LocationFirstEventCode,TotalLanes,RoadwayCharacterCode,RoadwaySurfaceCode,RoadwayConditionCode,WeatherCode,LightConditionCode,LandUseCode,SchoolBusRelatedCode,FirstAidSceneIndicator,CollDescPresentInd,InvestigationCompleteIndicator,PhotosTakenIndicator,TimeNotified,TimeArrived,TimeRoadwayOpened,PropertyDamageIndicator,DiagramPresentIndicator,DirectionalAnalysis,FunctionClassCode,NationalHwySysCode,EnforcementsIndicator,KARSCityCode,SecondaryCollisionIndicator,MedianCrossoverIndicator,RT_UNIQUE,MapIt,TimeLastLeft,YR,KABCO,MFNY,WorkingRID,RT_CONFIDENCE,KTC_RT,KTC_MP,Motorcyclist,Commercial Vehicle,Young Driver,Mature Driver,Pedestrian,Bicyclist,Distracted,Aggressive,Impaired,Unrestrained,Intersection,Roadway Departure,Median Cross-over,City Crash
6362,72914247,KSP0900,23-237405,20230622,1845,,US460,,,US0460,US0460,,,,N,N,NULL,NULL,NULL,N,NULL,NULL,NULL,NULL,NULL,NULL,2.77,NULL,NULL,NULL,NULL,,NULL,0,0,2,2,N,N,55,NULL,98,9824,NULL,,Y,37.43073,-82.47939,N,NULL,NULL,NULL,NULL,NULL,NULL,NULL,NULL,4,3,2,6,1,5,6,2,7,3,Y,NULL,N,N,1845,1854,2013,N,NULL,70,,1,N,,N,Y,,NULL,NULL,2023,O,7.29E+11,098-US-0460  -000,HIGH,098-US-0460  -000,2.77,0,0,0,0,0,0,1,0,0,0,0,0,0,0
6363,72894594,KSP0900,23-168412,20230504,950,,FERRELLS CREEK,,RD,US0460,US0460,0,098 US-460,US0460,N,N,NULL,NULL,NULL,N,NULL,NULL,NULL,NULL,NULL,NULL,22.082,NULL,NULL,NULL,NULL,,NULL,0,0,1,1,N,N,55,NULL,98,9847,NULL,,Y,37.38037,-82.26102,N,NULL,NULL,NULL,NULL,NULL,NULL,NULL,NULL,9,3,2,5,1,1,2,2,7,3,N,NULL,Y,N,950,1023,1030,N,NULL,38,,1,N,,N,N,098-US-0460-0,NULL,NULL,2023,O,7.29E+11,098-US-0460  -000,HIGH,098-US-0460  -000,22.069,0,0,0,0,0,0,0,0,0,0,0,0,0,0
6364,72964527,KSP0900,23-434831,20231024,1540,,KY194,,,KY0194,KY0194,0,098 KY-194,KY0194,N,N,NULL,NULL,NULL,N,NULL,NULL,NULL,NULL,NULL,NULL,22.986,NULL,NULL,NULL,NULL,,NULL,0,0,2,2,N,N,55,NULL,98,9817,NULL,,Y,37.53931,-82.36923,N,NULL,NULL,NULL,NULL,NULL,NULL,NULL,NULL,5,3,2,3,1,1,2,2,7,3,N,NULL,Y,N,1545,1610,1545,N,NULL,49,6,0,N,,N,N,098-KY-0194-0,NULL,NULL,2023,O,7.30E+11,098-KY-0194  -000,HIGH,098-KY-0194  -000,22.87,0,0,0,0,0,0,0,0,0,0,0,0,0,0
6365,72822346,KSP0900,22-415389,20221028,1725,,KY1506,,,KY1506,KY1506,0,098 KY-1506,KY1506,N,N,NULL,NULL,NULL,N,NULL,NULL,NULL,NULL,NULL,NULL,0.03,NULL,NULL,NULL,NULL,,NULL,0,0,2,2,N,N,35,NULL,98,9834,NULL,,Y,37.66825,-82.27665,N,NULL,NULL,NULL,NULL,NULL,NULL,NULL,NULL,1,3,2,6,1,1,2,2,7,3,N,NULL,Y,N,1729,1737,1815,N,NULL,55,9,0,N,,N,N,098-KY-1506-0,NULL,NULL,2022,O,7.28E+11,098-KY-1506  -000,HIGH,098-KY-1506  -000,0.03,0,0,0,0,0,0,1,0,0,0,0,0,0,0
6366,72890564,980200,980200,20230412,1205,,KY80,,,KY0080,KY0080,0,098 KY-80,KY0080,N,N,NULL,NULL,NULL,N,NULL,NULL,NULL,NULL,NULL,NULL,0.859,NULL,NULL,NULL,NULL,,NULL,0,0,2,2,N,N,15,NULL,98,9805,2,W,N,37.33087,-82.36887,N,NULL,NULL,NULL,NULL,NULL,NULL,NULL,NULL,5,3,2,6,1,1,2,2,1,3,N,NULL,Y,Y,1200,1200,1235,N,NULL,49,7,5,N,,N,N,098-KY-0080-0,NULL,NULL,2023,O,7.29E+11,098-KY-0080  -000,HIGH,098-KY-0080  -000,0.857,0,0,0,0,0,0,1,1,0,0,0,0,0,0
6367,72939268,980100,2.02E+11,20230825,1325,,KY3496,,,KY3496,KY3496,0,098 KY-3496,KY3496,N,N,NULL,NULL,NULL,N,NULL,NULL,NULL,NULL,NULL,NULL,0.745,NULL,NULL,NULL,NULL,,NULL,0,0,2,2,N,N,35,NULL,98,9801,NULL,,Y,37.47202,-82.53054,N,NULL,NULL,NULL,NULL,NULL,NULL,NULL,NULL,1,3,2,6,1,5,3,2,1,3,N,NULL,Y,N,1325,1330,1359,N,NULL,55,16,0,N,,N,N,098-KY-3496-0,NULL,NULL,2023,O,7.29E+11,098-KY-3496  -000,HIGH,098-KY-3496  -000,0.745,0,0,0,0,0,0,0,0,0,0,0,0,0,1
6368,72914827,KSP0900,23-238059,20230623,1640,,KY122,,,KY0122,KY0122,0,098 KY-122,KY0122,N,N,NULL,NULL,NULL,N,NULL,NULL,NULL,NULL,NULL,NULL,5.313,NULL,NULL,NULL,NULL,,NULL,0,0,2,2,N,N,55,NULL,98,9827,NULL,,Y,37.35123,-82.59369,N,NULL,NULL,NULL,NULL,NULL,NULL,NULL,NULL,1,3,2,6,1,5,2,2,7,3,N,NULL,Y,N,1640,1711,,N,NULL,55,,0,N,,N,N,098-KY-0122-0,NULL,NULL,2023,O,7.29E+11,098-KY-0122  -000,HIGH,098-KY-0122  -000,5.299,0,0,0,0,0,0,0,0,0,0,0,0,0,0
6369,72910146,KSP0900,23-216197,20230607,742,,KY1056,,,KY1056,KY1056,,,,N,N,NULL,NULL,NULL,N,NULL,NULL,NULL,NULL,NULL,NULL,8.687,NULL,NULL,NULL,NULL,,NULL,1,0,2,2,N,N,45,NULL,98,9863,NULL,,Y,37.59203,-82.17326,N,NULL,NULL,NULL,NULL,NULL,NULL,NULL,NULL,3,3,2,6,1,5,6,2,7,3,Y,NULL,Y,Y,745,759,854,N,NULL,52,7,0,N,,N,N,,NULL,NULL,2023,C,7.29E+11,098-KY-1056  -000,HIGH,098-KY-1056  -000,8.724,0,0,0,0,0,0,0,0,0,0,0,1,0,0
6370,72970748,KSP0900,23-446799,20231104,2112,,US119,N,,US0119,US0119,0,098 US-119,US0119,N,N,NULL,NULL,NULL,N,NULL,NULL,NULL,NULL,NULL,NULL,23.415,NULL,NULL,NULL,NULL,,NULL,5,0,2,2,N,N,55,NULL,98,9834,NULL,,Y,37.64752,-82.26745,N,NULL,NULL,NULL,NULL,NULL,NULL,NULL,NULL,3,3,2,6,1,1,2,5,7,3,Y,NULL,Y,N,2112,2113,2230,N,NULL,52,2,1,N,,N,N,098-US-0119-0,NULL,NULL,2023,A,7.30E+11,098-US-0119  -000,HIGH,098-US-0119  -000,23.415,0,0,1,0,0,0,1,0,0,1,0,1,0,0
6371,72824355,980100,2.02E+11,20221102,1000,,MYRA BARNES,,AVE,,,0,098 CS-1150,CS1150,N,N,NULL,NULL,NULL,N,NULL,NULL,NULL,NULL,NULL,NULL,0.008,NULL,NULL,NULL,NULL,,NULL,0,0,2,2,N,N,15,NULL,98,9801,NULL,,Y,37.48426,-82.52986,N,NULL,NULL,NULL,NULL,NULL,NULL,NULL,NULL,2,3,1,6,1,1,2,2,6,3,N,NULL,Y,N,1000,1005,1005,N,NULL,56,,,N,,N,N,098-CS-1150-0,NULL,NULL,2022,O,7.28E+11,098-CS-1150  -000,HIGH,098-CS-1150  -000,0.008,0,0,0,1,0,0,0,0,0,0,0,0,0,1
6372,72780712,KSP0900,22-247229,20220630,1509,,US119,,,US0119,US0119,0,098 US-119,US0119,N,N,NULL,NULL,NULL,N,NULL,NULL,NULL,NULL,NULL,NULL,24.586,NULL,NULL,NULL,NULL,,NULL,0,0,2,2,N,N,55,NULL,98,9834,NULL,,Y,37.66346,-82.27309,N,NULL,NULL,NULL,NULL,NULL,NULL,NULL,NULL,5,3,4,6,1,1,2,2,7,3,N,NULL,N,N,1509,1540,1540,N,NULL,49,2,1,N,,N,N,098-US-0119-0,NULL,NULL,2022,O,7.28E+11,098-US-0119  -000,HIGH,098-US-0119  -000,24.586,0,0,0,1,0,0,0,1,0,0,0,0,0,0
6373,72896639,KSP0900,23-174916,20230508,1657,,PORTER,,RD,,,0,098 CR-1400,CR1400,N,N,NULL,NULL,NULL,N,NULL,NULL,NULL,NULL,NULL,NULL,0.035,NULL,NULL,NULL,NULL,,NULL,0,0,2,2,N,N,35,NULL,98,9858,NULL,,Y,37.53059,-82.61677,N,NULL,NULL,NULL,NULL,NULL,NULL,NULL,NULL,7,3,2,6,1,1,2,2,7,3,N,NULL,Y,N,1659,1740,,N,NULL,46,,,N,,N,N,098-CR-1400-0,NULL,NULL,2023,O,7.29E+11,098-CR-1400  -000,HIGH,098-CR-1400  -000,0.021,0,0,0,0,0,0,0,0,1,0,0,0,0,0
6374,72922087,KSP0900,09-23-0530,20230705,1055,,KY194,,,KY0194,KY0194,0,098 KY-194,KY0194,N,N,NULL,NULL,NULL,N,NULL,NULL,NULL,NULL,NULL,NULL,55.523,NULL,NULL,NULL,NULL,,NULL,0,1,2,2,N,N,35,NULL,98,9804,NULL,,Y,37.51838,-82.15413,N,NULL,NULL,NULL,NULL,NULL,NULL,NULL,NULL,7,3,2,3,1,1,2,2,7,3,N,NULL,Y,Y,1301,1338,1844,N,NULL,54,7,0,N,,N,N,098-KY-0194-0,NULL,NULL,2023,K,7.29E+11,098-KY-0194  -000,HIGH,098-KY-0194  -000,55.522,0,1,0,1,0,0,1,0,0,1,0,1,0,0
6375,72900043,KSP0900,23-187383,20230517,1952,,US119,,,US0119,US0119,0,098 US-119-10,US0119,N,N,NULL,NULL,NULL,N,NULL,NULL,NULL,NULL,NULL,NULL,14.452,NULL,NULL,NULL,NULL,,NULL,0,0,1,1,N,N,55,NULL,98,9833,NULL,,Y,37.61693,-82.34536,N,NULL,NULL,NULL,NULL,NULL,NULL,NULL,NULL,9,3,4,6,1,1,2,2,7,3,N,NULL,N,N,1952,2032,2032,N,NULL,38,2,1,N,,N,N,098-US-0119-10,NULL,NULL,2023,O,7.29E+11,098-US-0119  -010,HIGH,098-US-0119  -000,14.453,0,0,0,0,0,0,0,0,0,0,0,0,0,0
6376,72928645,KSP0900,23-343242,20230730,2321,,KY80,,,KY0080,KY0080,0,098 KY-80,KY0080,Y,N,NULL,NULL,NULL,N,NULL,NULL,NULL,NULL,NULL,NULL,2.796,NULL,NULL,NULL,NULL,,NULL,0,0,2,2,Y,N,10,NULL,98,9802,NULL,,Y,37.30743,-82.35307,N,NULL,NULL,NULL,NULL,NULL,NULL,NULL,NULL,2,7,2,5,1,8,2,6,7,3,N,NULL,N,N,2348,8,8,N,NULL,90,7,0,N,,N,N,098-KY-0080-0,NULL,NULL,2023,O,7.29E+11,098-KY-0080  -000,HIGH,098-KY-0080  -000,2.798,0,0,0,0,0,0,0,0,0,0,0,0,0,0
6377,72820822,KSP0900,22-411736,20221025,2100,,DORTON-JENKINS,,HWY,KY0805,KY0805,0,098 KY-805,KY0805,N,N,NULL,NULL,NULL,N,NULL,NULL,NULL,NULL,NULL,NULL,4.775,NULL,NULL,NULL,NULL,,NULL,0,0,1,1,N,N,45,NULL,98,9809,NULL,,Y,37.25402,-82.56721,N,NULL,NULL,NULL,NULL,NULL,NULL,NULL,NULL,9,3,2,6,1,1,2,6,7,3,N,NULL,Y,N,2100,2105,2105,N,NULL,38,7,0,N,,N,N,098-KY-0805-0,NULL,NULL,2022,O,7.28E+11,098-KY-0805  -000,HIGH,098-KY-0805  -000,4.775,1,0,0,0,0,0,0,0,0,0,0,0,0,0
6378,72829515,KSP0900,22-437483,20221114,800,,COMPTON,,BTM,,,0,098 CR-1039,CR1039,N,N,NULL,NULL,NULL,N,NULL,NULL,NULL,NULL,NULL,NULL,0.009,NULL,NULL,NULL,NULL,,NULL,0,0,2,2,N,N,20,NULL,98,9836,NULL,,Y,37.6512,-82.268,N,NULL,NULL,NULL,NULL,NULL,NULL,NULL,NULL,5,3,1,6,1,1,10,2,7,3,N,NULL,Y,N,800,800,800,N,NULL,49,,,N,,N,N,098-CR-1039-0,NULL,NULL,2022,O,7.28E+11,098-CR-1039  -000,HIGH,098-CR-1039  -000,0.009,0,0,0,0,0,0,1,0,0,0,0,0,0,0
6379,72811482,980500,2022AR043,20221001,1440,,US23,,,US0023,US0023,0,098 US-23,US0023,N,N,NULL,NULL,NULL,N,NULL,NULL,NULL,NULL,NULL,NULL,27.272,NULL,NULL,NULL,NULL,,NULL,0,0,2,2,N,N,45,NULL,98,9807,NULL,,Y,37.51114,-82.55013,N,NULL,NULL,NULL,NULL,NULL,NULL,NULL,NULL,5,3,4,6,1,5,6,2,1,3,Y,NULL,Y,Y,1440,1446,1530,N,NULL,70,,1,N,,N,N,098-US-0023-0,NULL,NULL,2022,O,7.28E+11,098-US-0023  -000,HIGH,098-US-0023  -000,27.272,0,0,1,1,0,0,1,0,0,0,0,0,0,1
6380,72963771,980100,2.02E+11,20231023,759,,BAIRD,,AVE,KY1426,KY1426,0,098 KY-1426,KY1426,N,N,NULL,NULL,NULL,N,NULL,NULL,NULL,NULL,NULL,NULL,5.376,NULL,NULL,NULL,NULL,,NULL,0,0,2,2,N,N,55,NULL,98,9801,NULL,,Y,37.47355,-82.52718,N,NULL,NULL,NULL,NULL,NULL,NULL,NULL,NULL,5,3,2,3,1,1,2,2,7,3,N,NULL,Y,N,800,804,,N,NULL,49,,0,N,,N,N,098-KY-1426-0,NULL,NULL,2023,O,7.30E+11,098-KY-1426  -000,HIGH,098-KY-1426  -000,5.376,0,0,0,0,0,0,0,1,0,0,0,0,0,1
6381,72819767,980100,2.02E+11,20221020,1331,,CASSIDY,,BLVD,,,0,098 CS-1191,CS1191,N,N,NULL,NULL,NULL,N,NULL,NULL,NULL,NULL,NULL,NULL,0.267,NULL,NULL,NULL,NULL,,NULL,0,0,2,2,N,N,35,NULL,98,9801,NULL,,Y,37.5047,-82.53621,N,NULL,NULL,NULL,NULL,NULL,NULL,NULL,NULL,1,3,2,6,1,1,2,2,1,3,N,NULL,Y,N,1331,1334,1334,N,NULL,55,,,N,,N,N,098-CS-1191-0,NULL,NULL,2022,O,7.28E+11,098-CS-1191  -000,HIGH,098-CS-1191  -000,0.267,0,0,0,1,0,0,1,1,0,0,0,0,0,1
6382,72978625,KSP0900,23-467622,20231122,1735,,US119,,,US0119,US0119,0,098 US-119,US0119,N,N,NULL,NULL,NULL,N,NULL,NULL,NULL,NULL,NULL,NULL,12.983,NULL,NULL,NULL,NULL,,NULL,0,0,1,1,N,N,55,NULL,98,9833,NULL,,Y,37.60744,-82.36529,N,NULL,NULL,NULL,NULL,NULL,NULL,NULL,NULL,9,3,2,6,1,5,6,6,3,3,N,NULL,Y,N,1735,1745,1745,N,NULL,38,2,1,N,,N,N,098-US-0119-0,NULL,NULL,2023,O,7.30E+11,098-US-0119  -000,HIGH,098-US-0119  -000,12.982,0,0,0,0,0,0,0,0,0,0,0,0,0,0
6383,72982664,KSP0900,23-467641,20231122,1751,,US119,,,US0119,US0119,0,098 US-119,US0119,Y,N,NULL,NULL,NULL,N,NULL,NULL,NULL,NULL,NULL,NULL,20.931,NULL,NULL,NULL,NULL,,NULL,0,0,1,1,N,N,55,NULL,98,9836,NULL,,Y,37.62081,-82.26831,N,NULL,NULL,NULL,NULL,NULL,NULL,NULL,NULL,9,97,2,6,1,1,2,6,1,3,N,NULL,Y,N,1751,1800,1751,Y,NULL,90,2,1,N,,N,N,098-US-0119-0,NULL,NULL,2023,O,7.30E+11,098-US-0119  -000,HIGH,098-US-0119  -000,20.947,0,0,0,1,0,0,1,0,0,0,0,1,0,0
6384,72937286,KSP0900,23-345544,20230802,1100,,KY199,,,KY0199,KY0199,0,098 KY-199,KY0199,N,N,NULL,NULL,NULL,N,NULL,NULL,NULL,NULL,NULL,NULL,11.095,NULL,NULL,NULL,NULL,,NULL,0,0,1,1,N,N,35,NULL,98,9851,NULL,,Y,37.59484,-82.27499,N,NULL,NULL,NULL,NULL,NULL,NULL,NULL,NULL,9,3,2,6,1,1,2,2,7,3,N,NULL,N,N,1100,1120,1200,N,NULL,44,7,0,Y,,N,N,098-KY-0199-0,NULL,NULL,2023,O,7.29E+11,098-KY-0199  -000,HIGH,098-KY-0199  -000,11.095,0,0,0,0,0,0,0,0,1,1,0,1,0,0
6385,72833123,980100,2.02E+11,20221121,308,,RAYS,,BR,,,0,098 CR-1294,CR1294,N,N,NULL,NULL,NULL,N,NULL,NULL,NULL,NULL,NULL,NULL,0.56,NULL,NULL,NULL,NULL,,NULL,0,0,3,3,N,N,35,NULL,98,9801,NULL,,Y,37.43406,-82.58817,N,NULL,NULL,NULL,NULL,NULL,NULL,NULL,NULL,1,97,1,4,3,8,3,6,6,3,N,NULL,N,N,308,308,,N,NULL,47,,,Y,,N,N,098-CR-1294-0,NULL,NULL,2022,O,7.28E+11,098-CR-1294  -000,HIGH,098-CR-1294  -000,0.56,0,0,0,0,0,0,0,0,0,1,0,0,0,0
6386,72977514,980100,2.02E+11,20231009,1712,,CASSIDY,,BLVD,,,0,098 CS-1191,CS1191,Y,N,NULL,NULL,NULL,N,NULL,NULL,NULL,NULL,NULL,NULL,0.321,NULL,NULL,NULL,NULL,,NULL,0,0,1,1,N,N,15,NULL,98,9801,NULL,,Y,37.50521,-82.53727,N,NULL,NULL,NULL,NULL,NULL,NULL,NULL,NULL,9,97,1,6,1,1,2,2,1,3,N,NULL,Y,N,1712,1712,1712,N,NULL,90,,,N,,N,N,098-CS-1191-0,NULL,NULL,2023,O,7.30E+11,098-CS-1191  -000,HIGH,098-CS-1191  -000,0.321,0,0,1,0,0,0,1,0,0,0,0,0,0,1
6387,72940903,980100,2.02E+11,20230816,2051,,CASSIDY,,BLVD,,,0,098 CS-1191,CS1191,N,N,NULL,NULL,NULL,N,NULL,NULL,NULL,NULL,NULL,NULL,0.159,NULL,NULL,NULL,NULL,,NULL,0,0,2,2,N,N,35,NULL,98,9801,NULL,,Y,37.50367,-82.53465,N,NULL,NULL,NULL,NULL,NULL,NULL,NULL,NULL,8,3,4,3,1,1,2,5,1,3,N,NULL,Y,N,2051,2059,2059,N,NULL,53,,,N,,N,N,098-CS-1191-0,NULL,NULL,2023,O,7.29E+11,098-CS-1191  -000,HIGH,098-CS-1191  -000,0.14,0,0,0,1,0,0,1,0,0,0,0,1,0,1
6388,72822361,KSP0900,22-416153,20221029,659,,US119,,,US0119,US0119,0,098 US-119-10,US0119,N,N,NULL,NULL,NULL,N,NULL,NULL,NULL,NULL,NULL,NULL,9.383,NULL,NULL,NULL,NULL,,NULL,0,0,1,1,N,N,55,NULL,98,9820,NULL,,Y,37.57635,-82.41392,N,NULL,NULL,NULL,NULL,NULL,NULL,NULL,NULL,9,3,2,4,1,1,2,1,7,3,N,NULL,Y,N,700,744,744,N,NULL,38,2,1,N,,N,N,098-US-0119-10,NULL,NULL,2022,O,7.28E+11,098-US-0119  -010,HIGH,098-US-0119  -000,9.383,0,0,0,0,0,0,0,0,0,0,0,0,0,0
6389,72978289,370200,2023465879,20231121,828,,BRUSHY,,RD,,,0,098 CR-1429Q4,CR1429Q4,N,N,NULL,NULL,NULL,N,NULL,NULL,NULL,NULL,NULL,NULL,3.129,NULL,NULL,NULL,NULL,,NULL,0,0,1,1,N,N,35,NULL,98,9831,NULL,,Y,37.65669,-82.50749,N,NULL,NULL,NULL,NULL,NULL,NULL,NULL,NULL,9,4,1,1,1,5,6,2,7,3,N,NULL,Y,N,828,1015,0,N,NULL,44,,,N,,N,N,098-CR-1429Q4-0,NULL,NULL,2023,O,7.30E+11,098-CR-1429Q4-000,HIGH,098-CR-1429Q4-000,3.078,0,0,0,0,0,0,0,0,0,0,0,1,0,0
6390,72827673,KSP0900,22-432365,20220710,647,,KY3174,,,KY3174,KY3174,0,098 KY-3174-321,KY3174,N,N,NULL,NULL,NULL,N,NULL,NULL,NULL,NULL,NULL,NULL,0.551,NULL,NULL,NULL,NULL,,NULL,0,0,1,1,N,N,55,NULL,98,9830,NULL,,Y,37.3447,-82.43172,N,NULL,NULL,NULL,NULL,NULL,NULL,NULL,NULL,9,3,4,5,1,1,2,2,7,3,N,NULL,N,N,647,728,728,N,NULL,40,,0,Y,,N,N,098-KY-3174-321,NULL,NULL,2022,O,7.28E+11,098-KY-3174  -321,HIGH,098-KY-3174  -321,0.551,0,0,0,0,0,0,0,0,0,0,0,1,0,0
6391,72970674,980200,980200,20230929,1520,,RUSSELL,W,ST,KY0197,KY0197,0,098 KY-197,KY0197,N,N,NULL,NULL,NULL,N,NULL,NULL,NULL,NULL,NULL,NULL,15.633,NULL,NULL,NULL,NULL,,NULL,0,0,2,2,N,N,35,NULL,98,9802,NULL,,Y,37.29558,-82.36282,N,NULL,NULL,NULL,NULL,NULL,NULL,NULL,NULL,7,3,2,6,1,1,2,2,1,3,N,NULL,Y,Y,1551,1554,1630,N,NULL,54,7,0,N,,N,N,098-KY-0197-0,NULL,NULL,2023,O,7.30E+11,098-KY-0197  -000,HIGH,098-KY-0197  -000,15.632,0,0,0,1,0,0,0,1,0,0,0,1,0,0
6392,72911686,980500,2023AR030,20230613,1650,,US23,,,US0023,US0023,0,098 US-23-10,US0023,N,N,NULL,NULL,NULL,N,NULL,NULL,NULL,NULL,NULL,NULL,28.05,NULL,NULL,NULL,NULL,,NULL,0,0,2,2,N,N,55,NULL,98,9807,NULL,,Y,37.51532,-82.55926,N,NULL,NULL,NULL,NULL,NULL,NULL,NULL,NULL,5,3,4,6,1,1,2,2,1,3,N,NULL,Y,Y,1650,1700,,N,NULL,49,,1,N,,N,N,098-US-0023-10,NULL,NULL,2023,O,7.29E+11,098-US-0023  -010,HIGH,098-US-0023  -000,28.054,0,0,0,0,0,0,1,0,0,0,0,0,0,0
6393,72972950,980100,2.02E+11,20231110,1929,,HIBBARD,,ST,,,0,098 CS-1053,CS1053,N,N,NULL,NULL,NULL,N,NULL,NULL,NULL,NULL,NULL,NULL,0.265,NULL,NULL,NULL,NULL,,NULL,0,0,2,2,N,N,25,NULL,98,9801,NULL,,Y,37.47539,-82.52344,N,NULL,NULL,NULL,NULL,NULL,NULL,NULL,NULL,2,3,2,6,1,1,2,5,3,3,N,NULL,Y,N,1929,1932,1932,N,NULL,56,,,N,,N,N,098-CS-1053-0,NULL,NULL,2023,O,7.30E+11,098-CS-1053  -000,HIGH,098-CS-1053  -000,0.264,0,0,0,0,0,0,1,0,0,0,0,0,0,1
6394,72984645,KSP0900,23-486716,20231211,329,,KY195,,,KY0195,KY0195,0,098 KY-195,KY0195,N,N,NULL,NULL,NULL,N,NULL,NULL,NULL,NULL,NULL,NULL,4.976,NULL,NULL,NULL,NULL,,NULL,1,0,1,1,N,N,35,NULL,98,9818,NULL,,Y,37.31398,-82.47414,N,NULL,NULL,NULL,NULL,NULL,NULL,NULL,NULL,9,3,2,3,1,5,2,6,7,3,Y,NULL,N,Y,329,406,430,N,NULL,44,8,0,N,,N,N,098-KY-0195-0,NULL,NULL,2023,B,7.30E+11,098-KY-0195  -000,HIGH,098-KY-0195  -000,4.981,0,0,1,0,0,0,0,0,0,0,0,1,0,0
6395,72884138,KSP0900,23-131144,20230406,2113,,BUCK,,BR,,,0,098 CR-1308,CR1308,Y,N,NULL,NULL,NULL,N,NULL,NULL,NULL,NULL,NULL,NULL,0.002,NULL,NULL,NULL,NULL,,NULL,0,0,1,1,N,N,55,NULL,98,9801,NULL,,Y,37.44758,-82.47987,N,NULL,NULL,NULL,NULL,NULL,NULL,NULL,NULL,9,97,,3,1,1,2,6,7,3,N,NULL,N,N,2052,2058,2058,Y,NULL,90,,,N,,N,N,098-CR-1308-0,NULL,NULL,2023,O,7.29E+11,098-CR-1308  -000,HIGH,098-CR-1308  -000,0,0,0,0,0,0,0,0,0,1,1,0,1,0,0
6396,72909788,370200,2023216218,20230607,813,,COLBY,,DR,,,0,098 CR-1684,CR1684,Y,N,NULL,NULL,NULL,N,NULL,NULL,NULL,NULL,NULL,NULL,0.007,NULL,NULL,NULL,NULL,,NULL,0,0,1,1,N,N,35,NULL,98,9801,NULL,,Y,37.51453,-82.48742,N,NULL,NULL,NULL,NULL,NULL,NULL,NULL,NULL,9,97,1,6,3,5,6,2,1,3,N,NULL,N,N,816,856,856,Y,NULL,90,,,N,,N,N,098-CR-1684-0,NULL,NULL,2023,O,7.29E+11,098-CR-1684  -000,HIGH,098-CR-1684  -000,0.062,0,1,0,0,0,0,0,0,0,0,0,0,0,0
6397,72891273,KSP0900,23-157034,20230425,1610,,BELLE,,ST,,,0,098 CR-1833Q,CR1833Q,Y,N,NULL,NULL,NULL,N,NULL,NULL,NULL,NULL,NULL,NULL,0.083,NULL,NULL,NULL,NULL,,NULL,0,0,2,2,N,N,10,NULL,98,9804,NULL,,Y,37.51482,-82.15308,N,NULL,NULL,NULL,NULL,NULL,NULL,NULL,NULL,2,97,,6,1,1,2,2,5,3,N,NULL,N,N,1613,1640,1640,N,NULL,90,,,N,,N,N,098-CR-1833Q-0,NULL,NULL,2023,O,7.29E+11,098-CR-1833Q -000,HIGH,098-CR-1833Q -000,0.084,0,0,0,0,0,0,1,0,0,0,0,0,0,0
6398,72836126,KSP0900,22-459041,20221130,2130,,TOLER,,RD,KY0319,KY0319,0,098 KY-319,KY0319,N,N,NULL,NULL,NULL,N,NULL,NULL,NULL,NULL,NULL,NULL,1.135,NULL,NULL,NULL,NULL,,NULL,2,0,1,1,N,N,45,NULL,98,9842,NULL,,Y,37.58644,-82.19709,N,NULL,NULL,NULL,NULL,NULL,NULL,NULL,NULL,9,3,2,2,1,5,2,6,7,3,Y,NULL,N,Y,2130,2138,2200,N,NULL,70,7,0,N,,N,N,098-KY-0319-0,NULL,NULL,2022,B,7.28E+11,098-KY-0319  -000,HIGH,098-KY-0319  -000,1.135,0,0,0,1,0,0,0,0,0,1,0,1,0,0
6399,72988197,KSP0900,23-493044,20231216,1704,,SOUTHSIDE MALL,,RD,,,0,098 PR-1010,PR1010,Y,N,NULL,NULL,NULL,N,NULL,NULL,NULL,NULL,NULL,NULL,0.34,NULL,NULL,NULL,NULL,,NULL,0,0,2,2,Y,Y,,NULL,98,9834,NULL,,Y,37.65577,-82.27323,N,NULL,NULL,NULL,NULL,NULL,NULL,NULL,NULL,7,7,,6,1,1,2,2,1,3,N,NULL,N,N,1704,1709,1709,N,NULL,90,,,N,,N,N,098-PR-1010-0,NULL,NULL,2023,O,7.30E+11,098-PR-1010  -000,HIGH,098-PR-1010  -000,0.372,0,0,0,0,0,0,0,0,0,0,0,0,0,0