OBJECTID,MasterFile,AgencyORINumber,LocalCode,CollisionDate,CollisionTime,CollisionDayWeekCode,RoadwayName,RoadwayName_Direction_,RoadwayName_RoadwaySuffix_,RoadwayfromReport,CurrentRoadwayNumber,RoadwayNumberCoupletID,RSEUniqueGIS,RoadwayIdentifier,ParkingLotIndicator,IntersectionWith_Indicator_,IntersectionWith_NameRoadway_,IntersectionWith_Direction_,IntersectionWith_RoadwaySuffix_,BetweenStreets_Indicator_,BetweenStreets1_NameRoadway_,BetweenStreet1_Direction_,BetweenStreets1_RoadwaySuffix_,BetweenStreets2_NameRoadway_,BetweenStreets2_Direction_,BetweenStreets2_RoadwaySuffix_,Milepoint,ReportMilepointDeriveNumber,CurrentDerivedMiepointNumber,MilestoMilepoint,FeettoMilepoint,DirectionfromMilepoint_NSEW_,ValidMilepointIndicator,NumberInjured,NumberKilled,ofUnits,ofMotorVehicleUnits,Hit&RunIndicator,OneWayIndicator,SpeedLimitNumber,KilometersIndicator,CountyCode,CityCountyCode,MilesFromCity,DirectionFromCity_NSEW_,InCityLimitsIndicator,Latitude,Longitude,RampIndicator,RampFromIdentifier,RampFromDirCode,RampFromCoupletID,RSEUniqueGISRampFrom,RampToidentifier,RampToDirCode,RampToCoupletID,RSEUniqueGisRampTo,MannerofCollisionCode,LocationFirstEventCode,TotalLanes,RoadwayCharacterCode,RoadwaySurfaceCode,RoadwayConditionCode,WeatherCode,LightConditionCode,LandUseCode,SchoolBusRelatedCode,FirstAidSceneIndicator,CollDescPresentInd,InvestigationCompleteIndicator,PhotosTakenIndicator,TimeNotified,TimeArrived,TimeRoadwayOpened,PropertyDamageIndicator,DiagramPresentIndicator,DirectionalAnalysis,FunctionClassCode,NationalHwySysCode,EnforcementsIndicator,KARSCityCode,SecondaryCollisionIndicator,MedianCrossoverIndicator,RT_UNIQUE,MapIt,TimeLastLeft,YR,KABCO,MFNY,WorkingRID,RT_CONFIDENCE,KTC_RT,KTC_MP,Motorcyclist,Commercial Vehicle,Young Driver,Mature Driver,Pedestrian,Bicyclist,Distracted,Aggressive,Impaired,Unrestrained,Intersection,Roadway Departure,Median Cross-over,City Crash
6400,72896420,980100,2.02E+11,20230505,1038,,KENTUCKY,,AVE,,,0,098 CS-1162,CS1162,N,N,NULL,NULL,NULL,N,NULL,NULL,NULL,NULL,NULL,NULL,0.033,NULL,NULL,NULL,NULL,,NULL,0,0,3,3,Y,N,15,NULL,98,9801,NULL,,Y,37.48344,-82.52115,N,NULL,NULL,NULL,NULL,NULL,NULL,NULL,NULL,1,5,2,6,1,1,2,2,6,3,N,NULL,Y,N,1038,1039,1039,N,NULL,47,,,N,,N,N,098-CS-1162-0,NULL,NULL,2023,O,7.29E+11,098-CS-1162  -000,HIGH,098-CS-1162  -000,0.033,0,0,0,0,0,0,0,0,0,0,0,0,0,1
6401,72867448,980100,2.02E+11,20230201,1239,,US23,,,US0023,US0023,0,098 US-23-10,US0023,N,N,NULL,NULL,NULL,N,NULL,NULL,NULL,NULL,NULL,NULL,15.306,NULL,NULL,NULL,NULL,,NULL,0,0,2,2,N,N,55,NULL,98,9801,NULL,,Y,37.40015,-82.52896,N,NULL,NULL,NULL,NULL,NULL,NULL,NULL,NULL,8,3,4,6,1,1,2,2,1,3,N,NULL,Y,N,1239,1247,,N,NULL,53,,1,N,,N,N,098-US-0023-10,NULL,NULL,2023,O,7.29E+11,098-US-0023  -010,HIGH,098-US-0023  -000,15.289,0,0,0,0,0,0,1,0,0,0,0,1,0,0
6402,72889417,KSP0900,2023-151106,20230420,2201,,KY122,,,KY0122,KY0122,,,,N,N,NULL,NULL,NULL,N,NULL,NULL,NULL,NULL,NULL,NULL,8.148,NULL,NULL,NULL,NULL,,NULL,0,0,2,2,N,N,55,NULL,98,9823,NULL,,Y,37.38379,-82.57812,N,NULL,NULL,NULL,NULL,NULL,NULL,NULL,NULL,2,3,2,6,1,1,2,6,7,3,N,NULL,N,N,2201,2221,2221,N,NULL,56,,0,N,,N,N,,NULL,NULL,2023,O,7.29E+11,098-KY-0122  -000,HIGH,098-KY-0122  -000,8.15,0,0,0,1,0,0,1,0,0,0,0,0,0,0
6403,72905800,KSP0900,23-184193,20230515,1200,,US119,,,US0119,US0119,0,098 US-119-10,US0119,N,Y,WILLIAMSON,,RD,N,NULL,NULL,NULL,NULL,NULL,NULL,25.369,NULL,NULL,NULL,NULL,,NULL,0,0,2,2,N,N,45,NULL,98,9834,NULL,,Y,37.67262,-82.2811,N,NULL,NULL,NULL,NULL,NULL,NULL,NULL,NULL,1,3,2,6,1,1,3,2,7,3,N,NULL,Y,N,1140,1225,1245,N,NULL,10,2,1,N,,N,N,098-US-0119-10,NULL,NULL,2023,O,7.29E+11,098-US-0119  -010,HIGH,098-US-0119  -000,25.369,0,0,0,0,0,0,1,1,0,0,1,0,0,0
6404,72800121,980500,2022AR039,20220901,1230,,WEDDINGTON PLAZA,,,,,,,,Y,N,NULL,NULL,NULL,N,NULL,NULL,NULL,NULL,NULL,NULL,,NULL,NULL,NULL,NULL,NULL,NULL,0,0,2,2,N,N,15,NULL,98,9807,NULL,,Y,37.5225,-82.57203,N,NULL,NULL,NULL,NULL,NULL,NULL,NULL,NULL,1,97,2,6,1,1,2,2,1,3,N,NULL,Y,Y,1230,1232,1258,N,NULL,90,,,N,,N,N,,NULL,NULL,2022,O,7.28E+11,098-US-0023  -010,MEDIUM,098-US-0023  -000,28.913,0,0,0,1,0,0,1,0,0,0,0,0,0,0
6405,72858429,KSP0900,23-32616,20230126,620,,BEAVER CK,,RD,KY1373,KY1373,0,098 KY-1373,KY1373,N,N,NULL,NULL,NULL,N,NULL,NULL,NULL,NULL,NULL,NULL,0.314,NULL,NULL,NULL,NULL,,NULL,0,0,1,1,N,N,55,NULL,98,9802,NULL,,Y,37.31399,-82.35359,N,NULL,NULL,NULL,NULL,NULL,NULL,NULL,NULL,9,3,2,1,1,1,2,4,2,3,N,NULL,Y,N,622,648,715,N,NULL,38,8,0,N,,N,N,098-KY-1373-0,NULL,NULL,2023,O,7.29E+11,098-KY-1373  -000,HIGH,098-KY-1373  -000,0.297,0,0,0,0,0,0,0,0,0,0,0,1,0,0
6406,72902699,980000,23-04-006,20230518,1333,,CABIN,,FRK,,,0,098 CR-1932,CR1932,Y,N,NULL,NULL,NULL,N,NULL,NULL,NULL,NULL,NULL,NULL,0.017,NULL,NULL,NULL,NULL,,NULL,0,0,2,2,Y,N,5,NULL,98,9809,NULL,,Y,37.28228,-82.57211,N,NULL,NULL,NULL,NULL,NULL,NULL,NULL,NULL,2,97,0,6,1,1,2,2,1,3,N,NULL,Y,Y,1555,1630,1555,N,NULL,90,,,Y,,N,N,098-CR-1932-0,NULL,NULL,2023,O,7.29E+11,098-CR-1932  -000,HIGH,098-CR-1932  -000,0.016,0,0,0,0,0,0,1,0,0,0,0,0,0,0
6407,72988196,KSP0900,23-492128,20231215,1956,,UPPER JOHNS,,CRK,KY0632,KY0632,0,098 KY-632,KY0632,N,N,NULL,NULL,NULL,N,NULL,NULL,NULL,NULL,NULL,NULL,0.684,NULL,NULL,NULL,NULL,,NULL,1,0,1,1,N,N,55,NULL,98,9817,NULL,,Y,37.49501,-82.33961,N,NULL,NULL,NULL,NULL,NULL,NULL,NULL,NULL,9,3,2,6,1,2,2,6,7,3,Y,NULL,N,N,1956,1956,2057,N,NULL,44,6,0,N,,N,N,098-KY-0632-0,NULL,NULL,2023,A,7.30E+11,098-KY-0632  -000,HIGH,098-KY-0632  -000,0.688,0,0,0,0,0,0,0,0,0,1,0,1,0,0
6408,72834634,980100,2.02E+11,20221125,1356,,US460,,,US0460,US0460,0,098 US-460,US0460,N,N,NULL,NULL,NULL,N,NULL,NULL,NULL,NULL,NULL,NULL,0.431,NULL,NULL,NULL,NULL,,NULL,0,0,2,2,N,N,55,NULL,98,9801,NULL,,Y,37.43657,-82.51102,N,NULL,NULL,NULL,NULL,NULL,NULL,NULL,NULL,5,3,2,6,1,6,6,2,7,3,N,NULL,Y,N,1356,1400,1434,N,NULL,49,,1,N,,N,N,098-US-0460-0,NULL,NULL,2022,O,7.28E+11,098-US-0460  -000,HIGH,098-US-0460  -000,0.431,0,0,1,0,0,0,1,0,0,0,0,0,0,1
6409,72919646,980100,2.02E+11,20230701,1559,,KY3496,,,KY3496,KY3496,,,,Y,N,NULL,NULL,NULL,N,NULL,NULL,NULL,NULL,NULL,NULL,0.353,NULL,NULL,NULL,NULL,,NULL,0,0,2,2,N,N,,NULL,98,9801,NULL,,Y,37.46812,-82.53312,N,NULL,NULL,NULL,NULL,NULL,NULL,NULL,NULL,2,97,,6,1,1,2,2,1,3,N,NULL,Y,N,1559,1604,1604,N,NULL,90,16,0,Y,,N,N,,NULL,NULL,2023,O,7.29E+11,098-KY-3496  -000,HIGH,098-KY-3496  -000,0.352,0,0,0,0,0,0,1,0,0,0,0,0,0,1
6410,72942007,980100,2.02E+11,20230904,1019,,CASSIDY,,BLVD,,,,,,Y,N,NULL,NULL,NULL,N,NULL,NULL,NULL,NULL,NULL,NULL,0.35,NULL,NULL,NULL,NULL,,NULL,0,0,2,2,N,N,15,NULL,98,9801,NULL,,Y,37.50523,-82.5379,N,NULL,NULL,NULL,NULL,NULL,NULL,NULL,NULL,2,97,,6,1,1,2,2,1,3,N,NULL,Y,N,1019,1031,,N,NULL,90,,,N,,N,N,,NULL,NULL,2023,O,7.29E+11,098-CS-1191  -000,MEDIUM,098-CS-1191  -000,0.355,0,0,0,1,0,0,1,1,0,0,0,0,0,1
6411,72870860,KSP0900,23-80043,20230302,808,,SHELBY DRY,,FRK,,,0,098 CR-1257,CR1257,N,N,NULL,NULL,NULL,N,NULL,NULL,NULL,NULL,NULL,NULL,1.561,NULL,NULL,NULL,NULL,,NULL,0,0,1,1,N,N,35,NULL,98,9824,NULL,,Y,37.40314,-82.49347,N,NULL,NULL,NULL,NULL,NULL,NULL,NULL,NULL,9,5,1,3,1,5,5,2,6,3,N,NULL,Y,N,808,824,900,N,NULL,51,,,N,,N,N,098-CR-1257-0,NULL,NULL,2023,O,7.29E+11,098-CR-1257  -000,HIGH,098-CR-1257  -000,1.6,0,0,0,0,0,0,0,0,0,0,0,1,0,0
6412,72864297,KSP0900,23-44181,20230204,1201,,US23,S,,US0023,US0023,0,098 US-23,US0023,N,N,NULL,NULL,NULL,N,NULL,NULL,NULL,NULL,NULL,NULL,14.925,NULL,NULL,NULL,NULL,,NULL,1,0,1,1,N,N,55,NULL,98,9801,0.4,S,N,37.39481,-82.52763,N,NULL,NULL,NULL,NULL,NULL,NULL,NULL,NULL,9,97,4,3,1,1,2,2,7,3,Y,NULL,Y,N,1201,1204,1204,N,NULL,40,,1,N,,N,N,098-US-0023-0,NULL,NULL,2023,C,7.29E+11,098-US-0023  -000,HIGH,098-US-0023  -000,14.907,0,0,0,0,0,0,0,0,0,0,0,1,0,0
6413,72976305,KSP0900,23-466016,20231121,1032,,TOLER,,RD,KY0319,KY0319,0,098 KY-319,KY0319,N,N,NULL,NULL,NULL,N,NULL,NULL,NULL,NULL,NULL,NULL,1.353,NULL,NULL,NULL,NULL,,NULL,2,0,1,1,N,N,55,NULL,98,9842,NULL,,Y,37.58853,-82.19978,N,NULL,NULL,NULL,NULL,NULL,NULL,NULL,NULL,9,3,2,2,1,5,6,2,7,3,N,NULL,N,N,1032,1032,1032,N,NULL,44,7,0,N,,N,N,098-KY-0319-0,NULL,NULL,2023,C,7.30E+11,098-KY-0319  -000,HIGH,098-KY-0319  -000,1.354,0,0,0,0,0,0,0,0,0,0,0,1,0,0
6414,72919686,980100,2.02E+11,20230628,1203,,US119,,,US0119,US0119,0,098 US-119,US0119,N,N,NULL,NULL,NULL,N,NULL,NULL,NULL,NULL,NULL,NULL,0.737,NULL,NULL,NULL,NULL,,NULL,0,0,1,1,N,N,55,NULL,98,9801,NULL,,Y,37.50778,-82.51959,N,NULL,NULL,NULL,NULL,NULL,NULL,NULL,NULL,9,3,4,6,1,1,2,2,1,3,N,NULL,Y,N,1203,1216,1216,N,NULL,39,2,1,N,,N,N,098-US-0119-0,NULL,NULL,2023,O,7.29E+11,098-US-0119  -000,HIGH,098-US-0119  -000,0.739,0,1,0,0,0,0,0,0,0,0,0,0,0,1
6415,72956899,KSP0900,23-405883,20230926,2151,,US119,,,US0119,US0119,0,098 US-119-10,US0119,N,N,NULL,NULL,NULL,N,NULL,NULL,NULL,NULL,NULL,NULL,1.98,NULL,NULL,NULL,NULL,,NULL,0,0,2,2,Y,N,55,NULL,98,9801,NULL,,Y,37.51247,-82.49973,N,NULL,NULL,NULL,NULL,NULL,NULL,NULL,NULL,8,2,2,5,1,1,2,6,7,3,N,NULL,Y,Y,2154,2201,,N,NULL,47,2,1,Y,,N,N,098-US-0119-10,NULL,NULL,2023,O,7.30E+11,098-US-0119  -010,HIGH,098-US-0119  -000,1.98,0,0,0,0,0,0,1,0,1,1,0,0,0,1
6416,72848502,980100,2.02E+11,20221229,1806,,LEE,,AVE,,,,,,Y,N,NULL,NULL,NULL,N,NULL,NULL,NULL,NULL,NULL,NULL,,NULL,NULL,NULL,NULL,NULL,NULL,0,0,2,2,N,N,,NULL,98,9801,NULL,,Y,37.50253,-82.53471,N,NULL,NULL,NULL,NULL,NULL,NULL,NULL,NULL,2,97,,6,1,1,2,3,1,3,N,NULL,Y,N,1807,1815,1815,N,NULL,90,,,Y,,N,N,,NULL,NULL,2022,O,7.28E+11,098-CS-1261  -000,MEDIUM,098-CS-1261  -000,0.047,0,0,0,0,0,0,1,0,0,0,0,0,0,1
6417,72947850,980000,23-09-002,20230918,755,,US460,,,US0460,US0460,0,098 US-460,US0460,N,N,NULL,NULL,NULL,N,NULL,NULL,NULL,NULL,NULL,NULL,2.786,NULL,NULL,NULL,NULL,,NULL,1,0,2,2,N,N,45,NULL,98,9801,NULL,,Y,37.43052,-82.4792,N,NULL,NULL,NULL,NULL,NULL,NULL,NULL,NULL,7,3,2,6,1,1,3,2,7,3,N,NULL,Y,Y,755,755,831,N,NULL,54,,1,N,,N,N,098-US-0460-0,NULL,NULL,2023,B,7.29E+11,098-US-0460  -000,HIGH,098-US-0460  -000,2.786,0,0,0,0,0,0,0,0,0,0,0,1,0,0
6418,72977471,980100,2.02E+11,20231117,1540,,COLLEGE,S,ST,,,0,098 CS-1152,CS1152,N,N,NULL,NULL,NULL,N,NULL,NULL,NULL,NULL,NULL,NULL,0.14,NULL,NULL,NULL,NULL,,NULL,0,0,2,2,N,N,15,NULL,98,9801,NULL,,Y,37.47562,-82.52354,N,NULL,NULL,NULL,NULL,NULL,NULL,NULL,NULL,7,3,2,6,1,1,2,2,6,1,N,NULL,Y,N,1540,1543,1634,N,NULL,54,,,N,,N,N,098-CS-1152-0,NULL,NULL,2023,O,7.30E+11,098-CS-1152  -000,HIGH,098-CS-1152  -000,0.067,0,1,0,1,0,0,0,0,0,0,0,1,0,1
6419,72988181,980500,2023AR068,20231220,1211,,WENDYS PARKING LOT,,,,,,,,Y,N,NULL,NULL,NULL,N,NULL,NULL,NULL,NULL,NULL,NULL,,NULL,NULL,NULL,NULL,NULL,NULL,0,0,2,2,N,Y,15,NULL,98,9807,NULL,,Y,37.52127,-82.56787,N,NULL,NULL,NULL,NULL,NULL,NULL,NULL,NULL,8,97,1,6,1,1,2,2,5,3,N,NULL,Y,Y,1211,1215,1215,N,NULL,90,,,N,,N,N,,NULL,NULL,2023,O,7.30E+11,098-US-0023  -000,MEDIUM,098-US-0023  -000,28.695,0,0,0,0,0,0,1,0,0,0,0,0,0,0
6420,72949695,KSP0900,23-399476,20230921,159,,KY292,,,KY0292,KY0292,0,098 KY-292,KY0292,N,N,NULL,NULL,NULL,N,NULL,NULL,NULL,NULL,NULL,NULL,4.968,NULL,NULL,NULL,NULL,,NULL,0,0,1,1,N,N,45,NULL,98,9834,NULL,,Y,37.6632,-82.27153,N,NULL,NULL,NULL,NULL,NULL,NULL,NULL,NULL,9,4,2,3,1,1,2,6,7,3,Y,NULL,Y,Y,132,141,141,N,NULL,51,8,0,N,,N,N,098-KY-0292-0,NULL,NULL,2023,O,7.29E+11,098-KY-0292  -000,HIGH,098-KY-0292  -000,4.969,1,0,0,0,0,0,0,1,0,0,0,1,0,0
6421,72834521,KSP0900,22-452570,20221125,2039,,KY195,,,KY0195,KY0195,0,098 KY-195,KY0195,N,N,NULL,NULL,NULL,N,NULL,NULL,NULL,NULL,NULL,NULL,10.788,NULL,NULL,NULL,NULL,,NULL,0,0,1,1,N,N,55,NULL,98,9830,NULL,,Y,37.35875,-82.41773,N,NULL,NULL,NULL,NULL,NULL,NULL,NULL,NULL,9,3,2,3,1,5,10,6,7,3,N,NULL,Y,N,2039,2052,2137,N,NULL,40,7,0,N,,N,N,098-KY-0195-0,NULL,NULL,2022,O,7.28E+11,098-KY-0195  -000,HIGH,098-KY-0195  -000,10.788,0,0,1,0,0,0,0,0,0,0,0,1,0,0
6422,72811419,KSP0900,22-379517,20221001,949,,STONE COAL CREEK,,RD,KY3227,KY3227,0,098 KY-3227,KY3227,N,N,NULL,NULL,NULL,N,NULL,NULL,NULL,NULL,NULL,NULL,1.892,NULL,NULL,NULL,NULL,,NULL,0,0,1,1,N,N,35,NULL,98,9801,NULL,,Y,37.53378,-82.53341,N,NULL,NULL,NULL,NULL,NULL,NULL,NULL,NULL,9,5,2,3,1,5,6,2,7,3,Y,NULL,N,N,949,1000,1030,N,NULL,44,8,0,N,,N,N,098-KY-3227-0,NULL,NULL,2022,O,7.28E+11,098-KY-3227  -000,HIGH,098-KY-3227  -000,1.892,0,0,0,0,0,0,0,0,0,0,0,1,0,0
6423,72835222,980100,2.02E+11,20221109,1614,,RIVER,,DR,,,0,098 CS-1054,CS1054,Y,N,NULL,NULL,NULL,N,NULL,NULL,NULL,NULL,NULL,NULL,0.158,NULL,NULL,NULL,NULL,,NULL,0,0,2,2,Y,N,15,NULL,98,9801,NULL,,Y,37.47363,-82.52445,N,NULL,NULL,NULL,NULL,NULL,NULL,NULL,NULL,8,97,,6,1,1,2,2,1,3,N,NULL,Y,N,1614,1619,,N,NULL,90,,,N,,N,N,098-CS-1054-0,NULL,NULL,2022,O,7.28E+11,098-CS-1054  -000,HIGH,098-CS-1054  -000,0.158,0,0,0,0,0,0,0,0,0,0,0,0,0,0
6424,72902946,KSP0900,23-197219,20230524,1905,,KY632,,,KY0632,KY0632,0,098 KY-632,KY0632,N,N,NULL,NULL,NULL,N,NULL,NULL,NULL,NULL,NULL,NULL,2.042,NULL,NULL,NULL,NULL,,NULL,0,0,3,3,N,N,55,NULL,98,9817,NULL,,Y,37.49183,-82.32105,N,NULL,NULL,NULL,NULL,NULL,NULL,NULL,NULL,1,3,2,6,1,1,2,2,7,3,N,NULL,Y,Y,1906,1921,1921,N,NULL,55,6,0,N,,N,N,098-KY-0632-0,NULL,NULL,2023,O,7.29E+11,098-KY-0632  -000,HIGH,098-KY-0632  -000,2.046,0,0,1,0,0,0,1,0,0,0,0,0,0,0
6425,72896421,980100,2.02E+11,20230505,1248,,CASSIDY,,BLVD,,,0,098 CS-1191,CS1191,N,N,NULL,NULL,NULL,N,NULL,NULL,NULL,NULL,NULL,NULL,0.048,NULL,NULL,NULL,NULL,,NULL,0,0,3,3,N,N,25,NULL,98,9801,NULL,,Y,37.50368,-82.53294,N,NULL,NULL,NULL,NULL,NULL,NULL,NULL,NULL,1,3,4,6,1,1,2,2,1,3,N,NULL,Y,N,1248,1257,1340,N,NULL,55,,,N,,N,N,098-CS-1191-0,NULL,NULL,2023,O,7.29E+11,098-CS-1191  -000,HIGH,098-CS-1191  -000,0.045,0,0,0,1,0,0,1,0,0,0,0,0,0,1
6426,72898763,KSP0900,23-174452,20230508,1145,,US119,,,US0119,US0119,0,098 US-119,US0119,N,N,NULL,NULL,NULL,N,NULL,NULL,NULL,NULL,NULL,NULL,24.431,NULL,NULL,NULL,NULL,,NULL,0,0,2,2,N,N,40,NULL,98,9834,NULL,,Y,37.66105,-82.27374,N,NULL,NULL,NULL,NULL,NULL,NULL,NULL,NULL,8,3,4,3,1,1,3,2,7,3,N,NULL,Y,N,1147,1230,1147,N,NULL,53,2,1,N,,N,N,098-US-0119-0,NULL,NULL,2023,O,7.29E+11,098-US-0119  -000,HIGH,098-US-0119  -000,24.431,0,0,0,1,0,0,1,0,0,0,0,1,0,0
6427,72897213,980100,2.02E+11,20230406,1438,,KY3496,,,KY3496,KY3496,0,098 KY-3496,KY3496,Y,N,NULL,NULL,NULL,N,NULL,NULL,NULL,NULL,NULL,NULL,0.703,NULL,NULL,NULL,NULL,,NULL,0,0,2,2,Y,N,,NULL,98,9801,NULL,,Y,37.47189,-82.53129,N,NULL,NULL,NULL,NULL,NULL,NULL,NULL,NULL,7,97,2,6,1,1,3,2,1,3,N,NULL,Y,N,1439,1444,1444,N,NULL,90,16,0,N,,N,N,098-KY-3496-0,NULL,NULL,2023,O,7.29E+11,098-KY-3496  -000,HIGH,098-KY-3496  -000,0.706,0,0,0,0,0,0,0,0,0,0,0,0,0,1
6428,72838195,980100,2.02E+11,20221201,801,,HAMBLEY,,BLVD,,,0,098 CS-1222,CS1222,N,N,NULL,NULL,NULL,N,NULL,NULL,NULL,NULL,NULL,NULL,0.313,NULL,NULL,NULL,NULL,,NULL,0,0,2,2,N,N,25,NULL,98,9801,NULL,,Y,37.47632,-82.52251,N,NULL,NULL,NULL,NULL,NULL,NULL,NULL,NULL,5,3,3,6,1,1,2,2,7,3,N,NULL,Y,N,801,805,834,N,NULL,49,,,N,,N,N,098-CS-1222-0,NULL,NULL,2022,O,7.28E+11,098-CS-1222  -000,HIGH,098-CS-1222  -000,0.313,0,0,1,0,0,0,0,0,0,0,0,0,0,1
6429,72894350,KSP0900,23-167614,20230503,1735,,TOLER,,RD,KY0319,KY0319,0,098 KY-319,KY0319,N,N,NULL,NULL,NULL,N,NULL,NULL,NULL,NULL,NULL,NULL,5.416,NULL,NULL,NULL,NULL,,NULL,0,0,1,1,N,N,55,NULL,98,9842,NULL,,Y,37.62506,-82.24658,N,NULL,NULL,NULL,NULL,NULL,NULL,NULL,NULL,9,97,2,6,1,1,2,2,7,3,N,NULL,N,N,1735,1757,1757,Y,NULL,40,7,0,N,,N,N,098-KY-0319-0,NULL,NULL,2023,O,7.29E+11,098-KY-0319  -000,HIGH,098-KY-0319  -000,5.416,0,0,0,0,0,0,0,0,0,0,0,1,0,0
6430,72808037,KSP0900,22-363263,20220918,2238,,US119,,,US0119,US0119,0,098 US-119,US0119,N,N,NULL,NULL,NULL,N,NULL,NULL,NULL,NULL,NULL,NULL,25.178,NULL,NULL,NULL,NULL,,NULL,0,0,2,2,N,N,55,NULL,98,9834,NULL,,Y,37.67023,-82.27929,N,NULL,NULL,NULL,NULL,NULL,NULL,NULL,NULL,8,3,3,6,1,1,2,5,7,3,N,NULL,Y,N,2238,2240,2240,N,NULL,53,2,1,N,,N,N,098-US-0119-0,NULL,NULL,2022,O,7.28E+11,098-US-0119  -000,HIGH,098-US-0119  -000,25.178,0,0,0,1,0,0,1,0,0,0,0,1,0,0
6431,72936752,KSP0900,23-358464,20230814,1234,,FEDSCREEK,,RD,KY0366,KY0366,,,,N,N,NULL,NULL,NULL,N,NULL,NULL,NULL,NULL,NULL,NULL,1.324,NULL,NULL,NULL,NULL,,NULL,1,0,2,2,N,N,25,NULL,98,9839,NULL,,Y,37.39534,-82.22953,N,NULL,NULL,NULL,NULL,NULL,NULL,NULL,NULL,1,3,1,3,1,5,6,2,7,3,Y,NULL,Y,Y,1234,1244,1350,N,NULL,55,9,0,N,,N,N,,NULL,NULL,2023,C,7.29E+11,098-KY-0366  -000,HIGH,098-KY-0366  -000,1.323,0,1,0,0,0,0,0,0,0,0,0,0,0,0
6432,72844344,KSP0900,22-483485,20221219,1614,,LITTLE ROBINSON CREEK,,RD,KY3415,KY3415,0,098 KY-3415,KY3415,N,N,NULL,NULL,NULL,N,NULL,NULL,NULL,NULL,NULL,NULL,2.595,NULL,NULL,NULL,NULL,,NULL,0,0,2,2,N,N,45,NULL,98,9827,NULL,,Y,37.3708,-82.62646,N,NULL,NULL,NULL,NULL,NULL,NULL,NULL,NULL,3,3,2,6,1,2,2,2,6,3,N,NULL,Y,N,1614,1633,1700,N,NULL,52,9,0,N,,N,N,098-KY-3415-0,NULL,NULL,2022,O,7.28E+11,098-KY-3415  -000,HIGH,098-KY-3415  -000,2.595,0,0,1,0,0,0,0,0,0,0,0,1,0,0
6433,72943345,980100,2.02E+11,20230904,1101,,POPLAR,,ST,,,0,098 CS-1160,CS1160,Y,N,NULL,NULL,NULL,N,NULL,NULL,NULL,NULL,NULL,NULL,0.154,NULL,NULL,NULL,NULL,,NULL,0,0,2,2,N,N,,NULL,98,9801,NULL,,Y,37.48072,-82.52214,N,NULL,NULL,NULL,NULL,NULL,NULL,NULL,NULL,1,97,,6,3,1,2,2,8,3,N,NULL,Y,N,1101,1106,1106,N,NULL,90,,,N,,N,N,098-CS-1160-0,NULL,NULL,2023,O,7.29E+11,098-CS-1160  -000,HIGH,098-CS-1160  -000,0.155,0,0,0,0,0,0,0,0,0,0,0,0,0,1
6434,72758935,980100,2.02E+11,20220503,2022,,CHLOE,,RD,KY1460,KY1460,0,098 KY-1460,KY1460,N,N,NULL,NULL,NULL,N,NULL,NULL,NULL,NULL,NULL,NULL,4.846,NULL,NULL,NULL,NULL,,NULL,0,0,1,1,N,N,45,NULL,98,9801,NULL,,Y,37.47792,-82.51212,N,NULL,NULL,NULL,NULL,NULL,NULL,NULL,NULL,9,3,2,3,1,5,6,6,7,3,N,NULL,Y,N,2022,2026,2026,N,NULL,40,,0,N,,N,N,098-KY-1460-0,NULL,NULL,2022,O,7.28E+11,098-KY-1460  -000,HIGH,098-KY-1460  -000,4.846,0,0,0,0,0,0,0,0,0,0,0,1,0,1
6435,72822937,KSP0900,22-418400,20221031,44,,TACKETT,,BR,,,0,098 CR-1728,CR1728,N,N,NULL,NULL,NULL,N,NULL,NULL,NULL,NULL,NULL,NULL,0.353,NULL,NULL,NULL,NULL,,NULL,0,0,1,1,N,N,35,NULL,98,9827,8,N,N,37.3763,-82.64877,N,NULL,NULL,NULL,NULL,NULL,NULL,NULL,NULL,9,3,1,4,1,5,6,6,7,3,N,NULL,Y,N,44,108,214,N,NULL,70,,,N,,N,N,098-CR-1728-0,NULL,NULL,2022,O,7.28E+11,098-CR-1728  -000,HIGH,098-CR-1728  -000,0.353,0,0,1,0,0,0,0,0,0,0,0,1,0,0
6436,72857457,KSP0900,23-29744,20230123,1943,,US23,,,US0023,US0023,0,098 US-23,US0023,N,N,NULL,NULL,NULL,N,NULL,NULL,NULL,NULL,NULL,NULL,17.611,NULL,NULL,NULL,NULL,,NULL,0,0,1,1,N,N,55,NULL,98,9801,NULL,,Y,37.42364,-82.51685,N,NULL,NULL,NULL,NULL,NULL,NULL,NULL,NULL,9,3,4,6,1,5,3,4,7,3,N,NULL,Y,N,1943,2021,2021,N,NULL,38,,1,N,,N,N,098-US-0023-0,NULL,NULL,2023,O,7.29E+11,098-US-0023  -000,HIGH,098-US-0023  -000,17.598,0,0,0,0,0,0,0,0,0,0,0,0,0,1
6437,72895118,KSP0900,23-170045,20230505,1215,,KY194,,,KY0194,KY0194,0,098 KY-194,KY0194,N,N,NULL,NULL,NULL,N,NULL,NULL,NULL,NULL,NULL,NULL,53.866,NULL,NULL,NULL,NULL,,NULL,0,0,2,2,N,N,35,NULL,98,9804,NULL,,Y,37.50549,-82.13425,N,NULL,NULL,NULL,NULL,NULL,NULL,NULL,NULL,1,3,2,1,1,1,2,2,7,3,N,NULL,Y,N,1228,1330,1228,N,NULL,55,8,0,N,,N,N,098-KY-0194-0,NULL,NULL,2023,O,7.29E+11,098-KY-0194  -000,HIGH,098-KY-0194  -000,53.866,0,0,1,1,0,0,1,0,0,0,0,0,0,0