OBJECTID,MasterFile,AgencyORINumber,LocalCode,CollisionDate,CollisionTime,CollisionDayWeekCode,RoadwayName,RoadwayName_Direction_,RoadwayName_RoadwaySuffix_,RoadwayfromReport,CurrentRoadwayNumber,RoadwayNumberCoupletID,RSEUniqueGIS,RoadwayIdentifier,ParkingLotIndicator,IntersectionWith_Indicator_,IntersectionWith_NameRoadway_,IntersectionWith_Direction_,IntersectionWith_RoadwaySuffix_,BetweenStreets_Indicator_,BetweenStreets1_NameRoadway_,BetweenStreet1_Direction_,BetweenStreets1_RoadwaySuffix_,BetweenStreets2_NameRoadway_,BetweenStreets2_Direction_,BetweenStreets2_RoadwaySuffix_,Milepoint,ReportMilepointDeriveNumber,CurrentDerivedMiepointNumber,MilestoMilepoint,FeettoMilepoint,DirectionfromMilepoint_NSEW_,ValidMilepointIndicator,NumberInjured,NumberKilled,ofUnits,ofMotorVehicleUnits,Hit&RunIndicator,OneWayIndicator,SpeedLimitNumber,KilometersIndicator,CountyCode,CityCountyCode,MilesFromCity,DirectionFromCity_NSEW_,InCityLimitsIndicator,Latitude,Longitude,RampIndicator,RampFromIdentifier,RampFromDirCode,RampFromCoupletID,RSEUniqueGISRampFrom,RampToidentifier,RampToDirCode,RampToCoupletID,RSEUniqueGisRampTo,MannerofCollisionCode,LocationFirstEventCode,TotalLanes,RoadwayCharacterCode,RoadwaySurfaceCode,RoadwayConditionCode,WeatherCode,LightConditionCode,LandUseCode,SchoolBusRelatedCode,FirstAidSceneIndicator,CollDescPresentInd,InvestigationCompleteIndicator,PhotosTakenIndicator,TimeNotified,TimeArrived,TimeRoadwayOpened,PropertyDamageIndicator,DiagramPresentIndicator,DirectionalAnalysis,FunctionClassCode,NationalHwySysCode,EnforcementsIndicator,KARSCityCode,SecondaryCollisionIndicator,MedianCrossoverIndicator,RT_UNIQUE,MapIt,TimeLastLeft,YR,KABCO,MFNY,WorkingRID,RT_CONFIDENCE,KTC_RT,KTC_MP,Motorcyclist,Commercial Vehicle,Young Driver,Mature Driver,Pedestrian,Bicyclist,Distracted,Aggressive,Impaired,Unrestrained,Intersection,Roadway Departure,Median Cross-over,City Crash
6438,72810602,KSP0900,22-375604,20220928,1045,,KY194,,,KY0194,KY0194,0,098 KY-194,KY0194,N,N,NULL,NULL,NULL,N,NULL,NULL,NULL,NULL,NULL,NULL,53.277,NULL,NULL,NULL,NULL,,NULL,1,0,1,1,N,N,35,NULL,98,9804,NULL,,Y,37.49759,-82.13698,N,NULL,NULL,NULL,NULL,NULL,NULL,NULL,NULL,9,3,2,6,1,1,3,2,7,3,Y,NULL,Y,N,1045,1130,1230,Y,NULL,40,8,0,Y,,N,N,098-KY-0194-0,NULL,NULL,2022,C,7.28E+11,098-KY-0194  -000,HIGH,098-KY-0194  -000,53.277,0,0,0,0,0,0,1,0,0,0,0,1,0,0
6439,72862096,980100,2.02E+11,20230203,1319,,JUSTICE,,WAY,,,0,098 CS-1215,CS1215,Y,N,NULL,NULL,NULL,N,NULL,NULL,NULL,NULL,NULL,NULL,,NULL,NULL,NULL,NULL,NULL,NULL,0,0,2,2,N,N,,NULL,98,9801,NULL,,Y,37.50715,-82.54703,N,NULL,NULL,NULL,NULL,NULL,NULL,NULL,NULL,2,97,2,6,1,1,2,2,1,3,N,NULL,Y,N,1320,1340,1340,N,NULL,90,,,N,,N,N,098-CS-1215-0,NULL,NULL,2023,O,7.29E+11,098-CS-1215  -000,HIGH,098-CS-1215  -000,0.309,0,0,0,1,0,0,1,0,0,0,0,0,0,1
6440,72822192,980100,2.02E+11,20221024,1139,,HAMBLEY,,BLVD,,,,,,Y,N,NULL,NULL,NULL,N,NULL,NULL,NULL,NULL,NULL,NULL,0.629,NULL,NULL,NULL,NULL,,NULL,0,0,2,2,N,N,15,NULL,98,9801,NULL,,Y,37.48005,-82.51927,N,NULL,NULL,NULL,NULL,NULL,NULL,NULL,NULL,1,97,2,6,1,1,2,2,6,3,N,NULL,Y,N,1139,1147,,N,NULL,90,,,N,,N,N,,NULL,NULL,2022,O,7.28E+11,098-CS-1222  -000,MEDIUM,098-CS-1222  -000,0.629,0,0,0,1,0,0,0,0,0,0,0,0,0,1
6441,72898781,KSP0900,23-182637,20230514,400,,TOLER,,RD,KY0319,KY0319,0,098 KY-319,KY0319,N,N,NULL,NULL,NULL,N,NULL,NULL,NULL,NULL,NULL,NULL,0.977,NULL,NULL,NULL,NULL,,NULL,1,0,1,1,N,N,55,NULL,98,9842,NULL,,Y,37.58456,-82.1953,N,NULL,NULL,NULL,NULL,NULL,NULL,NULL,NULL,9,3,2,1,1,1,2,6,7,3,N,NULL,Y,Y,400,400,400,N,NULL,44,7,0,N,,N,N,098-KY-0319-0,NULL,NULL,2023,B,7.29E+11,098-KY-0319  -000,HIGH,098-KY-0319  -000,0.974,0,0,0,0,0,0,0,0,1,1,0,1,0,0
6442,72874697,KSP0900,23-95363,20230312,302,,KY3174,,,KY3174,KY3174,0,098 KY-3174,KY3174,N,N,NULL,NULL,NULL,N,NULL,NULL,NULL,NULL,NULL,NULL,0.513,NULL,NULL,NULL,NULL,,NULL,0,0,1,1,N,N,55,NULL,98,9824,NULL,,Y,37.39308,-82.52229,N,NULL,NULL,NULL,NULL,NULL,NULL,NULL,NULL,9,3,4,6,1,1,2,5,7,3,N,NULL,N,N,302,312,354,N,NULL,40,,0,N,,N,N,098-KY-3174-0,NULL,NULL,2023,O,7.29E+11,098-KY-3174  -000,HIGH,098-KY-3174  -000,0.502,0,0,0,0,0,0,0,0,0,0,0,1,0,0
6443,72941283,980100,2.02E+11,20230824,2053,,BYPASS,S,RD,KY1426,KY1426,0,098 KY-1426,KY1426,Y,N,NULL,NULL,NULL,N,NULL,NULL,NULL,NULL,NULL,NULL,5.695,NULL,NULL,NULL,NULL,,NULL,0,0,2,2,Y,N,5,NULL,98,9801,NULL,,Y,37.4728,-82.52277,N,NULL,NULL,NULL,NULL,NULL,NULL,NULL,NULL,7,97,2,6,2,1,2,9,1,3,N,NULL,Y,N,2053,2104,2053,N,NULL,90,,0,N,,N,N,098-KY-1426-0,NULL,NULL,2023,O,7.29E+11,098-KY-1426  -000,HIGH,098-KY-1426  -000,5.695,0,0,0,0,0,0,0,0,0,0,0,0,0,1
6444,72945255,KSP0900,09-23-0745,20230907,1227,,US23,,,US0023,US0023,0,098 US-23-10,US0023,N,N,NULL,NULL,NULL,N,NULL,NULL,NULL,NULL,NULL,NULL,17.626,NULL,NULL,NULL,NULL,,NULL,0,1,2,2,N,N,55,NULL,98,9801,NULL,,Y,37.42386,-82.517,N,NULL,NULL,NULL,NULL,NULL,NULL,NULL,NULL,5,3,4,4,1,1,2,2,7,3,N,NULL,Y,Y,1129,1203,,N,NULL,49,,1,N,,N,N,098-US-0023-10,NULL,NULL,2023,K,7.29E+11,098-US-0023  -010,HIGH,098-US-0023  -000,17.613,0,0,0,1,0,0,1,1,0,1,0,1,0,1
6445,72868617,KSP0900,23-70709,20230223,1641,,US23,,,US0023,US0023,0,098 US-23-10,US0023,N,N,NULL,NULL,NULL,N,NULL,NULL,NULL,NULL,NULL,NULL,8.542,NULL,NULL,NULL,NULL,,NULL,0,0,2,2,Y,N,55,NULL,98,9801,NULL,,Y,37.32179,-82.55374,N,NULL,NULL,NULL,NULL,NULL,NULL,NULL,NULL,1,3,4,6,1,1,2,2,7,3,N,NULL,Y,N,1649,1653,1653,N,NULL,55,,1,N,,N,N,098-US-0023-10,NULL,NULL,2023,O,7.29E+11,098-US-0023  -010,HIGH,098-US-0023  -000,8.534,0,0,0,0,0,0,0,0,0,0,0,0,0,0
6446,72852273,980100,2.02E+11,20221228,1411,,MAIN,,ST,,,0,098 CS-1112,CS1112,Y,N,NULL,NULL,NULL,N,NULL,NULL,NULL,NULL,NULL,NULL,0.013,NULL,NULL,NULL,NULL,,NULL,0,0,2,2,Y,N,,NULL,98,9801,NULL,,Y,37.47787,-82.51843,N,NULL,NULL,NULL,NULL,NULL,NULL,NULL,NULL,1,97,1,6,1,1,2,2,1,3,N,NULL,Y,N,1154,1154,1154,N,NULL,90,,,N,,N,N,098-CS-1112-0,NULL,NULL,2022,O,7.29E+11,098-CS-1112  -000,HIGH,098-CS-1112  -000,0.013,0,0,0,0,0,0,1,0,0,0,0,0,0,1
6447,72897865,980500,2023AR021,20230511,1300,,US23,,,US0023,US0023,0,098 US-23-10,US0023,N,N,NULL,NULL,NULL,N,NULL,NULL,NULL,NULL,NULL,NULL,,NULL,NULL,NULL,NULL,NULL,NULL,0,0,2,2,N,N,45,NULL,98,9807,NULL,,Y,37.51507,-82.55908,N,NULL,NULL,NULL,NULL,NULL,NULL,NULL,NULL,8,3,6,6,1,1,2,2,1,3,N,NULL,Y,Y,1300,1300,1300,N,NULL,53,,1,N,,N,N,098-US-0023-10,NULL,NULL,2023,O,7.29E+11,098-US-0023  -010,HIGH,098-US-0023  -000,28.036,0,0,0,0,0,0,1,0,0,0,0,1,0,0
6448,72810026,980100,2.02E+11,20220829,838,,US23,,,US0023,US0023,0,098 US-23,US0023,N,N,NULL,NULL,NULL,N,NULL,NULL,NULL,NULL,NULL,NULL,25.416,NULL,NULL,NULL,NULL,,NULL,0,0,2,2,N,N,55,NULL,98,9801,NULL,,Y,37.49228,-82.53461,N,NULL,NULL,NULL,NULL,NULL,NULL,NULL,NULL,5,3,4,6,1,1,2,2,1,3,N,NULL,Y,N,838,849,857,N,NULL,49,,1,N,,N,N,098-US-0023-0,NULL,NULL,2022,O,7.28E+11,098-US-0023  -000,HIGH,098-US-0023  -000,25.416,0,0,0,0,0,0,1,0,0,0,0,0,0,1
6449,72888963,980100,2.02E+11,20230415,1147,,US23,,,US0023,US0023,0,098 US-23,US0023,N,N,NULL,NULL,NULL,N,NULL,NULL,NULL,NULL,NULL,NULL,28.877,NULL,NULL,NULL,NULL,,NULL,0,0,2,2,N,N,45,NULL,98,9807,NULL,,Y,37.52244,-82.57058,N,NULL,NULL,NULL,NULL,NULL,NULL,NULL,NULL,5,3,4,6,1,1,2,2,1,3,N,NULL,Y,N,1147,1147,1203,N,NULL,70,,1,N,,N,N,098-US-0023-0,NULL,NULL,2023,O,7.29E+11,098-US-0023  -000,HIGH,098-US-0023  -000,28.86,0,0,0,1,0,0,1,0,0,0,0,0,0,0
6450,72960940,980100,2.02E+11,20231018,1741,,US23,,,US0023,US0023,0,098 US-23,US0023,N,N,NULL,NULL,NULL,N,NULL,NULL,NULL,NULL,NULL,NULL,26.219,NULL,NULL,NULL,NULL,,NULL,0,0,2,2,N,N,55,NULL,98,9801,NULL,,Y,37.50274,-82.53203,N,NULL,NULL,NULL,NULL,NULL,NULL,NULL,NULL,5,3,4,6,1,1,2,2,2,3,N,NULL,Y,N,1741,1744,1744,N,NULL,49,,1,N,,N,N,098-US-0023-0,NULL,NULL,2023,O,7.30E+11,098-US-0023  -000,HIGH,098-US-0023  -000,26.156,0,0,0,0,0,0,1,1,0,0,0,0,0,1
6451,72936432,KSP0900,23-363150,20230818,1731,,BIG CREEK,E,RD,KY3220,KY3220,0,098 KY-3220,KY3220,Y,N,NULL,NULL,NULL,N,NULL,NULL,NULL,NULL,NULL,NULL,3.465,NULL,NULL,NULL,NULL,,NULL,0,0,2,2,N,N,35,NULL,98,9833,NULL,,Y,37.60496,-82.31495,N,NULL,NULL,NULL,NULL,NULL,NULL,NULL,NULL,2,97,2,6,1,1,2,2,8,3,N,NULL,N,N,1801,1825,1825,N,NULL,90,8,0,N,,N,N,098-KY-3220-0,NULL,NULL,2023,O,7.29E+11,098-KY-3220  -000,HIGH,098-KY-3220  -000,3.476,0,0,0,1,0,0,1,0,0,0,0,0,0,0
6452,72976082,KSP0900,23-450694,20231108,610,,KY292,,,KY0292,KY0292,0,098 KY-292,KY0292,N,N,NULL,NULL,NULL,N,NULL,NULL,NULL,NULL,NULL,NULL,3.327,NULL,NULL,NULL,NULL,,NULL,0,0,1,1,N,N,45,NULL,98,9869,NULL,,Y,37.65924,-82.24539,N,NULL,NULL,NULL,NULL,NULL,NULL,NULL,NULL,9,3,2,6,1,1,10,6,7,3,N,NULL,Y,N,610,650,710,N,NULL,38,8,0,N,,N,N,098-KY-0292-0,NULL,NULL,2023,O,7.30E+11,098-KY-0292  -000,HIGH,098-KY-0292  -000,3.332,0,0,0,0,0,0,0,0,0,0,0,0,0,0
6453,72962412,KSP0900,23-428846,20231019,536,,US460,,,US0460,US0460,0,098 US-460,US0460,N,N,NULL,NULL,NULL,N,NULL,NULL,NULL,NULL,NULL,NULL,11.744,NULL,NULL,NULL,NULL,,NULL,1,0,2,1,Y,N,55,NULL,98,9871,NULL,,Y,37.35384,-82.38983,N,NULL,NULL,NULL,NULL,NULL,NULL,NULL,NULL,9,3,2,6,1,5,2,4,7,3,Y,NULL,Y,N,536,818,818,N,NULL,36,,1,N,,N,N,098-US-0460-0,NULL,NULL,2023,A,7.30E+11,098-US-0460  -000,HIGH,098-US-0460  -000,11.724,0,0,0,0,1,0,1,0,0,0,0,0,0,0
6454,72895971,KSP0900,23-155605,20230424,1407,,KY194,,,KY0194,KY0194,0,098 KY-194,KY0194,N,N,NULL,NULL,NULL,N,NULL,NULL,NULL,NULL,NULL,NULL,27.8,NULL,NULL,NULL,NULL,,NULL,1,0,2,2,N,N,55,NULL,98,9825,NULL,,Y,37.48275,-82.34714,N,NULL,NULL,NULL,NULL,NULL,NULL,NULL,NULL,2,3,2,6,1,1,2,2,7,3,N,NULL,Y,Y,1407,1407,1407,N,NULL,56,7,0,N,,N,N,098-KY-0194-0,NULL,NULL,2023,B,7.29E+11,098-KY-0194  -000,HIGH,098-KY-0194  -000,27.781,0,0,0,0,0,0,0,0,0,0,0,1,0,0
6455,72992306,KSP0900,23-480741,20231205,1100,,US119,,,US0119,US0119,0,098 US-119,US0119,N,N,NULL,NULL,NULL,N,NULL,NULL,NULL,NULL,NULL,NULL,23.55,NULL,NULL,NULL,NULL,,NULL,2,0,3,3,N,N,45,NULL,98,9834,NULL,,Y,37.64944,-82.26764,N,NULL,NULL,NULL,NULL,NULL,NULL,NULL,NULL,5,3,2,6,1,1,3,2,7,3,Y,NULL,Y,Y,1100,1115,1215,N,NULL,49,2,1,N,,N,N,098-US-0119-0,NULL,NULL,2023,C,7.30E+11,098-US-0119  -000,HIGH,098-US-0119  -000,23.549,0,0,0,0,0,0,1,0,0,0,0,0,0,0
6456,72814958,980100,20220015421,20221009,1926,,US119,,,US0119,US0119,0,098 US-119,US0119,N,N,NULL,NULL,NULL,N,NULL,NULL,NULL,NULL,NULL,NULL,2.697,NULL,NULL,NULL,NULL,,NULL,2,0,2,2,N,N,55,NULL,98,9801,NULL,,Y,37.51402,-82.48707,N,NULL,NULL,NULL,NULL,NULL,NULL,NULL,NULL,4,3,2,4,1,1,2,5,7,3,Y,NULL,Y,Y,1926,1926,2017,N,NULL,70,2,1,N,,N,N,098-US-0119-0,NULL,NULL,2022,C,7.28E+11,098-US-0119  -000,HIGH,098-US-0119  -000,2.697,0,0,1,0,0,0,0,0,0,0,0,1,0,1
6457,72937932,KSP0900,23-363635,20230819,150,,LONG FORK,,RD,KY1758,KY1758,0,098 KY-1758,KY1758,N,N,NULL,NULL,NULL,N,NULL,NULL,NULL,NULL,NULL,NULL,5.634,NULL,NULL,NULL,NULL,,NULL,2,0,1,1,N,N,55,NULL,98,9817,NULL,,Y,37.46838,-82.26716,N,NULL,NULL,NULL,NULL,NULL,NULL,NULL,NULL,9,3,1,3,3,1,2,6,7,3,Y,NULL,Y,Y,227,303,351,N,NULL,44,8,0,N,,N,N,098-KY-1758-0,NULL,NULL,2023,A,7.29E+11,098-KY-1758  -000,HIGH,098-KY-1758  -000,5.623,0,0,0,0,0,0,1,0,0,0,0,1,0,0
6458,72952471,KSP0900,23-398448,20230920,711,,COLLINS,,HWY,KY0122,KY0122,,,,N,N,NULL,NULL,NULL,N,NULL,NULL,NULL,NULL,NULL,NULL,11.806,NULL,NULL,NULL,NULL,,NULL,4,0,2,2,N,N,45,NULL,98,9823,NULL,,Y,37.39075,-82.52367,N,NULL,NULL,NULL,NULL,NULL,NULL,NULL,NULL,3,3,2,6,1,1,2,2,7,3,Y,NULL,Y,Y,711,720,843,N,NULL,52,,0,Y,,N,Y,,NULL,NULL,2023,C,7.30E+11,098-KY-0122  -000,HIGH,098-KY-0122  -000,11.808,0,0,0,0,0,0,1,0,0,0,0,1,1,0
6459,72987264,980100,2.02E+11,20231211,1226,,CASSIDY,,BLVD,,,0,098 CS-1191,CS1191,N,N,NULL,NULL,NULL,N,NULL,NULL,NULL,NULL,NULL,NULL,0.318,NULL,NULL,NULL,NULL,,NULL,0,0,2,2,N,N,35,NULL,98,9801,NULL,,Y,37.50521,-82.5372,N,NULL,NULL,NULL,NULL,NULL,NULL,NULL,NULL,4,3,2,3,1,1,3,2,1,3,N,NULL,Y,N,1226,1234,1239,N,NULL,70,,,N,,N,N,098-CS-1191-0,NULL,NULL,2023,O,7.30E+11,098-CS-1191  -000,HIGH,098-CS-1191  -000,0.317,0,0,0,0,0,0,1,0,0,0,0,0,0,1
6460,72977662,980100,2.02E+11,20231118,2107,,US23,,,US0023,US0023,0,098 US-23-10,US0023,N,N,NULL,NULL,NULL,N,NULL,NULL,NULL,NULL,NULL,NULL,26.329,NULL,NULL,NULL,NULL,,NULL,3,0,2,2,N,N,55,NULL,98,9801,NULL,,Y,37.50379,-82.53219,N,NULL,NULL,NULL,NULL,NULL,NULL,NULL,NULL,3,3,4,6,1,1,2,5,2,3,Y,NULL,Y,Y,2107,2109,2226,N,NULL,52,,1,N,,N,N,098-US-0023-10,NULL,NULL,2023,B,7.30E+11,098-US-0023  -010,HIGH,098-US-0023  -000,26.231,0,0,1,0,0,0,1,0,0,0,0,1,0,1
6461,72963270,980100,2.02E+11,20231024,1327,,CASSIDY,,BLVD,,,0,098 CS-1191,CS1191,Y,N,NULL,NULL,NULL,N,NULL,NULL,NULL,NULL,NULL,NULL,0.225,NULL,NULL,NULL,NULL,,NULL,0,0,2,2,N,N,15,NULL,98,9801,NULL,,Y,37.50426,-82.53558,N,NULL,NULL,NULL,NULL,NULL,NULL,NULL,NULL,6,97,1,6,1,1,2,2,1,3,N,NULL,Y,N,1327,1343,,N,NULL,90,,,N,,N,N,098-CS-1191-0,NULL,NULL,2023,O,7.30E+11,098-CS-1191  -000,HIGH,098-CS-1191  -000,0.205,0,0,0,1,0,0,1,1,0,0,0,0,0,1
6462,72975530,KSP0900,23-458989,20231115,730,,US119,,,US0119,US0119,0,098 US-119,US0119,N,N,NULL,NULL,NULL,N,NULL,NULL,NULL,NULL,NULL,NULL,24.078,NULL,NULL,NULL,NULL,,NULL,0,0,2,2,N,N,55,NULL,98,9834,NULL,,Y,37.65669,-82.27078,N,NULL,NULL,NULL,NULL,NULL,NULL,NULL,NULL,5,3,4,6,1,1,3,2,7,3,N,NULL,Y,N,745,755,755,N,NULL,49,2,1,N,,N,N,098-US-0119-0,NULL,NULL,2023,O,7.30E+11,098-US-0119  -000,HIGH,098-US-0119  -000,24.074,0,0,1,0,0,0,1,0,0,0,0,0,0,0
6463,72981728,980100,2.02E+11,20231204,1455,,KY1426,,,KY1426,KY1426,0,098 KY-1426,KY1426,N,N,NULL,NULL,NULL,N,NULL,NULL,NULL,NULL,NULL,NULL,9.191,NULL,NULL,NULL,NULL,,NULL,1,0,1,1,N,N,55,NULL,98,9801,NULL,,Y,37.50778,-82.48843,N,NULL,NULL,NULL,NULL,NULL,NULL,NULL,NULL,9,3,2,1,1,1,3,2,1,3,N,NULL,Y,Y,1500,1503,1535,N,NULL,44,,0,N,,N,N,098-KY-1426-0,NULL,NULL,2023,C,7.30E+11,098-KY-1426  -000,HIGH,098-KY-1426  -000,9.197,0,0,0,0,0,0,0,0,0,0,0,1,0,1
6464,72958986,KSP0900,23-423923,20231014,626,,KY194,,,KY0194,KY0194,0,098 KY-194,KY0194,N,N,NULL,NULL,NULL,N,NULL,NULL,NULL,NULL,NULL,NULL,23.039,NULL,NULL,NULL,NULL,,NULL,1,0,1,1,N,N,55,NULL,98,9817,NULL,,Y,37.53857,-82.36865,N,NULL,NULL,NULL,NULL,NULL,NULL,NULL,NULL,9,5,2,3,1,5,6,6,7,3,Y,NULL,Y,Y,630,658,715,N,NULL,44,6,0,N,,N,N,098-KY-0194-0,NULL,NULL,2023,B,7.30E+11,098-KY-0194  -000,HIGH,098-KY-0194  -000,22.931,0,0,0,0,0,0,0,0,0,0,0,1,0,0
6465,72856712,KSP0900,23-24713,20230119,2017,,TOLER,,RD,KY0319,KY0319,0,098 KY-319,KY0319,N,N,NULL,NULL,NULL,N,NULL,NULL,NULL,NULL,NULL,NULL,2.656,NULL,NULL,NULL,NULL,,NULL,1,0,1,1,N,N,55,NULL,98,9842,NULL,,Y,37.60311,-82.21159,N,NULL,NULL,NULL,NULL,NULL,NULL,NULL,NULL,9,3,2,3,1,1,2,6,7,3,N,NULL,N,Y,2019,2032,2032,N,NULL,44,7,0,N,,N,N,098-KY-0319-0,NULL,NULL,2023,C,7.29E+11,098-KY-0319  -000,HIGH,098-KY-0319  -000,2.655,0,0,0,0,0,0,1,0,0,0,0,1,0,0
6466,72934994,980100,2.02E+11,20230815,1829,,US119,,,US0119,US0119,,,,N,N,NULL,NULL,NULL,N,NULL,NULL,NULL,NULL,NULL,NULL,2.665,NULL,NULL,NULL,NULL,,NULL,0,0,2,2,N,N,55,NULL,98,9801,NULL,,Y,37.51402,-82.48764,N,NULL,NULL,NULL,NULL,NULL,NULL,NULL,NULL,5,3,4,6,1,1,2,2,7,3,N,NULL,Y,N,1829,1835,1900,N,NULL,49,2,1,N,,N,N,,NULL,NULL,2023,O,7.29E+11,098-US-0119  -000,MEDIUM,098-US-0119  -000,2.664,0,0,0,0,0,0,1,0,0,0,0,0,0,1
6467,72853520,980100,2.02E+11,20221231,1204,,THOMPSON,,RD,,,0,098 CS-1215,CS1215,Y,N,NULL,NULL,NULL,N,NULL,NULL,NULL,NULL,NULL,NULL,0.653,NULL,NULL,NULL,NULL,,NULL,1,0,2,2,N,N,,NULL,98,9801,NULL,,Y,37.50524,-82.54108,N,NULL,NULL,NULL,NULL,NULL,NULL,NULL,NULL,2,97,,4,1,5,3,2,1,3,Y,NULL,Y,Y,1204,1213,1213,N,NULL,90,,,Y,,N,N,098-CS-1215-0,NULL,NULL,2022,C,7.29E+11,098-CS-1215  -000,HIGH,098-CS-1215  -000,0.653,0,0,0,0,0,0,1,0,0,0,0,0,0,1
6468,72877609,KSP0900,23-107366,20230321,251,,US23,,,US0023,US0023,0,098 US-23,US0023,N,N,NULL,NULL,NULL,N,NULL,NULL,NULL,NULL,NULL,NULL,5.467,NULL,NULL,NULL,NULL,,NULL,0,0,1,1,N,N,55,NULL,98,9809,NULL,,Y,37.28415,-82.55806,N,NULL,NULL,NULL,NULL,NULL,NULL,NULL,NULL,9,3,4,5,1,1,2,6,7,3,N,NULL,N,N,320,336,336,N,NULL,70,,1,N,,N,N,098-US-0023-0,NULL,NULL,2023,O,7.29E+11,098-US-0023  -000,HIGH,098-US-0023  -000,5.467,0,0,0,0,0,0,0,0,0,0,0,0,0,0
6469,72907027,KSP0900,23-209214,20230602,1404,,KY1426,,,KY1426,KY1426,0,098 KY-1426,KY1426,Y,N,NULL,NULL,NULL,N,NULL,NULL,NULL,NULL,NULL,NULL,11.946,NULL,NULL,NULL,NULL,,NULL,0,0,2,2,N,N,5,NULL,98,9828,NULL,,Y,37.53555,-82.46606,N,NULL,NULL,NULL,NULL,NULL,NULL,NULL,NULL,2,97,2,6,1,1,2,2,5,3,N,NULL,Y,N,1404,1445,1445,N,NULL,90,7,0,N,,N,N,098-KY-1426-0,NULL,NULL,2023,O,7.29E+11,098-KY-1426  -000,HIGH,098-KY-1426  -000,11.947,0,0,0,0,0,0,1,0,0,0,0,0,0,0
6470,72951990,980100,2.02E+11,20230927,1721,,CASSIDY,,BLVD,,,0,098 CS-1191,CS1191,Y,N,NULL,NULL,NULL,N,NULL,NULL,NULL,NULL,NULL,NULL,0.175,NULL,NULL,NULL,NULL,,NULL,0,0,2,2,N,N,,NULL,98,9801,NULL,,Y,37.5038,-82.53487,N,NULL,NULL,NULL,NULL,NULL,NULL,NULL,NULL,1,97,,6,1,1,2,2,5,3,N,NULL,Y,N,1721,1734,1734,N,NULL,90,,,N,,N,N,098-CS-1191-0,NULL,NULL,2023,O,7.30E+11,098-CS-1191  -000,HIGH,098-CS-1191  -000,0.154,0,0,0,0,0,0,0,0,0,0,0,0,0,1
6471,72781941,KSP0900,22-264307,20220711,2249,,KY3154,,,KY3154,KY3154,0,098 KY-3154,KY3154,N,N,NULL,NULL,NULL,N,NULL,NULL,NULL,NULL,NULL,NULL,2.606,NULL,NULL,NULL,NULL,,NULL,0,0,2,2,Y,N,35,NULL,98,9838,NULL,,Y,37.60735,-82.32915,N,NULL,NULL,NULL,NULL,NULL,NULL,NULL,NULL,5,3,2,6,1,1,2,6,7,3,N,NULL,Y,N,2252,2311,2252,N,NULL,49,9,0,N,,N,N,098-KY-3154-0,NULL,NULL,2022,O,7.28E+11,098-KY-3154  -000,HIGH,098-KY-3154  -000,2.606,0,0,0,0,0,0,0,0,0,0,0,0,0,0
6472,72881638,KSP0900,23-120874,20230330,1715,,PORTER,,LN,,,0,098 PR-1301,PR1301,N,N,NULL,NULL,NULL,N,NULL,NULL,NULL,NULL,NULL,NULL,0.043,NULL,NULL,NULL,NULL,,NULL,1,0,2,1,N,N,15,NULL,98,9801,NULL,,Y,37.53378,-82.61423,N,NULL,NULL,NULL,NULL,NULL,NULL,NULL,NULL,9,3,1,6,3,1,2,2,6,3,N,NULL,Y,Y,1715,1745,1745,N,NULL,36,,,N,,N,N,098-PR-1301-0,NULL,NULL,2023,A,7.29E+11,098-PR-1301  -000,HIGH,098-PR-1301  -000,0.031,0,0,0,0,1,0,0,0,0,0,0,0,0,0
6473,72977752,KSP0900,23-469711,20231124,2220,,US23,,,US0023,US0023,0,098 US-23,US0023,N,N,NULL,NULL,NULL,N,NULL,NULL,NULL,NULL,NULL,NULL,16.277,NULL,NULL,NULL,NULL,,NULL,0,0,1,1,N,N,55,NULL,98,9824,NULL,,Y,37.41369,-82.53136,N,NULL,NULL,NULL,NULL,NULL,NULL,NULL,NULL,9,3,4,5,1,1,2,6,7,3,N,NULL,N,N,2230,2240,2300,N,NULL,38,,1,N,,N,N,098-US-0023-0,NULL,NULL,2023,O,7.30E+11,098-US-0023  -000,HIGH,098-US-0023  -000,16.265,0,0,0,0,0,0,0,0,0,0,0,0,0,0
6474,72911541,KSP0900,23-227445,20230615,1202,,WILLIAMSON,,RD,KY0292,KY0292,0,098 KY-292,KY0292,N,N,NULL,NULL,NULL,N,NULL,NULL,NULL,NULL,NULL,NULL,5.324,NULL,NULL,NULL,NULL,,NULL,0,0,2,2,N,N,35,NULL,98,9834,NULL,,Y,37.67191,-82.28419,N,NULL,NULL,NULL,NULL,NULL,NULL,NULL,NULL,1,3,2,6,1,1,2,2,7,3,N,NULL,Y,N,1205,1234,1240,N,NULL,55,7,0,N,,N,N,098-KY-0292-0,NULL,NULL,2023,O,7.29E+11,098-KY-0292  -000,HIGH,098-KY-0292  -000,5.33,0,0,1,0,0,0,1,0,0,0,0,0,0,0