OBJECTID,MasterFile,AgencyORINumber,LocalCode,CollisionDate,CollisionTime,CollisionDayWeekCode,RoadwayName,RoadwayName_Direction_,RoadwayName_RoadwaySuffix_,RoadwayfromReport,CurrentRoadwayNumber,RoadwayNumberCoupletID,RSEUniqueGIS,RoadwayIdentifier,ParkingLotIndicator,IntersectionWith_Indicator_,IntersectionWith_NameRoadway_,IntersectionWith_Direction_,IntersectionWith_RoadwaySuffix_,BetweenStreets_Indicator_,BetweenStreets1_NameRoadway_,BetweenStreet1_Direction_,BetweenStreets1_RoadwaySuffix_,BetweenStreets2_NameRoadway_,BetweenStreets2_Direction_,BetweenStreets2_RoadwaySuffix_,Milepoint,ReportMilepointDeriveNumber,CurrentDerivedMiepointNumber,MilestoMilepoint,FeettoMilepoint,DirectionfromMilepoint_NSEW_,ValidMilepointIndicator,NumberInjured,NumberKilled,ofUnits,ofMotorVehicleUnits,Hit&RunIndicator,OneWayIndicator,SpeedLimitNumber,KilometersIndicator,CountyCode,CityCountyCode,MilesFromCity,DirectionFromCity_NSEW_,InCityLimitsIndicator,Latitude,Longitude,RampIndicator,RampFromIdentifier,RampFromDirCode,RampFromCoupletID,RSEUniqueGISRampFrom,RampToidentifier,RampToDirCode,RampToCoupletID,RSEUniqueGisRampTo,MannerofCollisionCode,LocationFirstEventCode,TotalLanes,RoadwayCharacterCode,RoadwaySurfaceCode,RoadwayConditionCode,WeatherCode,LightConditionCode,LandUseCode,SchoolBusRelatedCode,FirstAidSceneIndicator,CollDescPresentInd,InvestigationCompleteIndicator,PhotosTakenIndicator,TimeNotified,TimeArrived,TimeRoadwayOpened,PropertyDamageIndicator,DiagramPresentIndicator,DirectionalAnalysis,FunctionClassCode,NationalHwySysCode,EnforcementsIndicator,KARSCityCode,SecondaryCollisionIndicator,MedianCrossoverIndicator,RT_UNIQUE,MapIt,TimeLastLeft,YR,KABCO,MFNY,WorkingRID,RT_CONFIDENCE,KTC_RT,KTC_MP,Motorcyclist,Commercial Vehicle,Young Driver,Mature Driver,Pedestrian,Bicyclist,Distracted,Aggressive,Impaired,Unrestrained,Intersection,Roadway Departure,Median Cross-over,City Crash
6475,72872723,980100,2.02E+11,20230227,910,,THOMPSON,,RD,,,,,,N,N,NULL,NULL,NULL,N,NULL,NULL,NULL,NULL,NULL,NULL,0.213,NULL,NULL,NULL,NULL,,NULL,0,0,2,2,N,N,25,NULL,98,9801,NULL,,Y,37.50776,-82.54856,N,NULL,NULL,NULL,NULL,NULL,NULL,NULL,NULL,1,3,2,3,1,1,2,2,1,3,N,NULL,Y,N,910,918,946,N,NULL,55,,,N,,N,N,,NULL,NULL,2023,O,7.29E+11,098-CS-1215  -000,MEDIUM,098-CS-1215  -000,0.214,0,0,0,0,0,0,1,0,0,0,0,0,0,1
6476,72955898,980100,2.02E+11,20231003,1846,,GARRED,,ST,,,0,098 CS-1174,CS1174,N,N,NULL,NULL,NULL,N,NULL,NULL,NULL,NULL,NULL,NULL,0.183,NULL,NULL,NULL,NULL,,NULL,0,0,2,2,N,N,35,NULL,98,9801,NULL,,Y,37.48392,-82.52837,N,NULL,NULL,NULL,NULL,NULL,NULL,NULL,NULL,1,3,2,6,1,1,2,2,6,3,N,NULL,Y,N,1846,1850,,N,NULL,55,,,N,,N,N,098-CS-1174-0,NULL,NULL,2023,O,7.30E+11,098-CS-1174  -000,HIGH,098-CS-1174  -000,0.183,0,0,0,0,0,0,1,0,0,0,0,0,0,1
6477,72868741,KSP0900,23-52028,20230209,2000,,KY194,,,KY0194,KY0194,0,098 KY-194,KY0194,N,N,NULL,NULL,NULL,N,NULL,NULL,NULL,NULL,NULL,NULL,40.667,NULL,NULL,NULL,NULL,,NULL,1,0,1,1,N,N,55,NULL,98,9870,NULL,,Y,37.42898,-82.25095,N,NULL,NULL,NULL,NULL,NULL,NULL,NULL,NULL,9,3,2,3,1,1,2,6,7,3,N,NULL,Y,Y,131,330,330,N,NULL,44,8,0,N,,N,N,098-KY-0194-0,NULL,NULL,2023,A,7.29E+11,098-KY-0194  -000,HIGH,098-KY-0194  -000,40.694,0,0,0,0,0,0,0,0,0,0,0,1,0,0
6478,72958967,980100,2.02E+11,20231010,928,,US23,,,US0023,US0023,0,098 US-23,US0023,N,N,NULL,NULL,NULL,N,NULL,NULL,NULL,NULL,NULL,NULL,30.871,NULL,NULL,NULL,NULL,,NULL,0,0,2,2,N,N,55,NULL,98,9801,NULL,,Y,37.54111,-82.59147,N,NULL,NULL,NULL,NULL,NULL,NULL,NULL,NULL,8,3,4,3,1,1,2,2,7,3,N,NULL,Y,N,928,937,937,N,NULL,40,,1,N,,N,N,098-US-0023-0,NULL,NULL,2023,O,7.30E+11,098-US-0023  -000,HIGH,098-US-0023  -000,30.875,0,0,0,0,0,0,0,0,0,0,0,1,0,1
6479,72924498,370200,2023324582,20230714,1307,,US460,,,US0460,US0460,0,098 US-460,US0460,N,N,NULL,NULL,NULL,N,NULL,NULL,NULL,NULL,NULL,NULL,14.286,NULL,NULL,NULL,NULL,,NULL,0,0,1,1,N,N,55,NULL,98,9802,NULL,,Y,37.34213,-82.37598,N,NULL,NULL,NULL,NULL,NULL,NULL,NULL,NULL,9,3,2,1,1,5,6,2,7,3,N,NULL,Y,N,1307,1322,1322,Y,NULL,44,,1,N,,N,N,098-US-0460-0,NULL,NULL,2023,O,7.29E+11,098-US-0460  -000,HIGH,098-US-0460  -000,14.268,0,1,0,0,0,0,0,0,0,0,0,1,0,0
6480,72975822,980100,2.02E+11,20231107,1745,,COLLEGE,S,ST,,,0,098 CS-1152,CS1152,N,N,NULL,NULL,NULL,N,NULL,NULL,NULL,NULL,NULL,NULL,0.289,NULL,NULL,NULL,NULL,,NULL,2,0,3,1,N,N,25,NULL,98,9801,NULL,,Y,37.47479,-82.52592,N,NULL,NULL,NULL,NULL,NULL,NULL,NULL,NULL,9,3,2,2,1,1,2,3,6,3,N,NULL,Y,Y,1748,1748,1748,N,NULL,36,,,N,,N,N,098-CS-1152-0,NULL,NULL,2023,C,7.30E+11,098-CS-1152  -000,HIGH,098-CS-1152  -000,0.216,0,0,0,0,1,0,0,0,0,0,0,0,0,1
6481,72992213,980100,2.02E+11,20231228,710,,THOMPSON,,RD,,,0,098 CS-1215,CS1215,N,N,NULL,NULL,NULL,N,NULL,NULL,NULL,NULL,NULL,NULL,0.636,NULL,NULL,NULL,NULL,,NULL,0,0,2,2,N,N,45,NULL,98,9801,NULL,,Y,37.50534,-82.54136,N,NULL,NULL,NULL,NULL,NULL,NULL,NULL,NULL,1,3,2,6,1,1,2,6,1,3,N,NULL,Y,N,710,716,716,N,NULL,55,,,N,,N,N,098-CS-1215-0,NULL,NULL,2023,O,7.30E+11,098-CS-1215  -000,HIGH,098-CS-1215  -000,0.645,0,0,1,0,0,0,1,0,0,0,0,0,0,1
6482,72945047,KSP0900,23-380300,20230903,1232,,GOODY,,LOOP,,,0,098 PR-1024,PR1024,Y,N,NULL,NULL,NULL,N,NULL,NULL,NULL,NULL,NULL,NULL,0.012,NULL,NULL,NULL,NULL,,NULL,0,0,2,2,N,N,,NULL,98,9834,NULL,,Y,37.65863,-82.27134,N,NULL,NULL,NULL,NULL,NULL,NULL,NULL,NULL,3,97,,6,1,1,2,2,1,3,N,NULL,Y,N,1235,1325,1235,N,NULL,90,,,N,,N,N,098-PR-1024-0,NULL,NULL,2023,O,7.29E+11,098-PR-1024  -000,HIGH,098-PR-1024  -000,0.102,0,0,0,1,0,0,1,0,0,0,0,0,0,0
6483,72932754,980500,2023AR037,20230810,1436,,US23,,,US0023,US0023,0,098 US-23,US0023,N,N,NULL,NULL,NULL,N,NULL,NULL,NULL,NULL,NULL,NULL,28.757,NULL,NULL,NULL,NULL,NULL,NULL,0,0,2,2,N,N,55,NULL,98,9807,NULL,,Y,37.52126,-82.56905,N,NULL,NULL,NULL,NULL,NULL,NULL,NULL,NULL,8,3,6,6,1,1,2,2,1,3,N,NULL,Y,Y,1436,1438,1510,N,NULL,53,,1,N,,N,N,098-US-0023-0,NULL,NULL,2023,O,7.29E+11,098-US-0023  -000,HIGH,098-US-0023  -000,28.742,0,0,1,0,0,0,1,0,0,0,0,1,0,0
6484,72853368,980100,2.02E+11,20230112,908,,BYPASS,S,RD,KY1426,KY1426,0,098 KY-1426,KY1426,N,N,NULL,NULL,NULL,N,NULL,NULL,NULL,NULL,NULL,NULL,6.107,NULL,NULL,NULL,NULL,,NULL,0,0,2,2,N,N,35,NULL,98,9801,NULL,,Y,37.47705,-82.517,N,NULL,NULL,NULL,NULL,NULL,NULL,NULL,NULL,1,3,2,6,1,1,2,2,7,3,N,NULL,Y,N,908,911,911,N,NULL,55,,0,N,,N,N,098-KY-1426-0,NULL,NULL,2023,O,7.29E+11,098-KY-1426  -000,HIGH,098-KY-1426  -000,6.127,0,0,0,0,0,0,0,0,0,0,0,0,0,1
6485,72927828,KSP0900,23-341415,20230729,1119,,APPALACHIAN,,PLZ,,,0,098 PR-1008,PR1008,N,N,NULL,NULL,NULL,N,NULL,NULL,NULL,NULL,NULL,NULL,0.102,NULL,NULL,NULL,NULL,,NULL,0,0,2,2,N,N,5,NULL,98,9834,NULL,,Y,37.66698,-82.27492,N,NULL,NULL,NULL,NULL,NULL,NULL,NULL,NULL,8,3,1,6,3,1,2,2,7,3,N,NULL,Y,N,1119,1158,1158,N,NULL,53,,,N,,N,N,098-PR-1008-0,NULL,NULL,2023,O,7.29E+11,098-PR-1008  -000,HIGH,098-PR-1008  -000,0.11,0,0,0,0,0,0,1,0,0,0,0,1,0,0
6486,72844396,980100,2.02E+11,20221214,,,CASSIDY,,BLVD,,,0,098 CS-1191,CS1191,Y,N,NULL,NULL,NULL,N,NULL,NULL,NULL,NULL,NULL,NULL,0.179,NULL,NULL,NULL,NULL,,NULL,0,0,2,2,Y,N,,NULL,98,9801,NULL,,Y,37.5041,-82.5349,N,NULL,NULL,NULL,NULL,NULL,NULL,NULL,NULL,2,97,,6,1,1,6,5,1,3,N,NULL,N,N,1726,1732,1726,N,NULL,90,,,N,,N,N,098-CS-1191-0,NULL,NULL,2022,O,7.28E+11,098-CS-1191  -000,HIGH,098-CS-1191  -000,0.179,0,0,0,1,0,0,0,0,0,0,0,0,0,1
6487,72902494,KSP0900,23-181436,20230513,1140,,US119,,,US0119,US0119,0,098 US-119-10,US0119,N,N,NULL,NULL,NULL,N,NULL,NULL,NULL,NULL,NULL,NULL,25.368,NULL,NULL,NULL,NULL,,NULL,0,0,2,2,N,N,55,NULL,98,9834,NULL,,Y,37.67263,-82.28107,N,NULL,NULL,NULL,NULL,NULL,NULL,NULL,NULL,5,3,2,6,1,1,2,2,7,3,N,NULL,Y,N,1142,1219,1142,N,NULL,70,2,1,N,,N,N,098-US-0119-10,NULL,NULL,2023,O,7.29E+11,098-US-0119  -010,HIGH,098-US-0119  -000,25.369,0,0,0,0,0,0,1,0,0,0,0,0,0,0
6488,72864110,KSP0900,23-52996,20230210,1917,,KY194,,,KY0194,KY0194,0,098 KY-194,KY0194,Y,N,NULL,NULL,NULL,N,NULL,NULL,NULL,NULL,NULL,NULL,20.315,NULL,NULL,NULL,NULL,,NULL,1,0,1,1,N,N,5,NULL,98,9817,NULL,,Y,37.54573,-82.39913,N,NULL,NULL,NULL,NULL,NULL,NULL,NULL,NULL,9,97,2,6,1,1,2,5,5,3,Y,NULL,Y,Y,1918,1927,1930,Y,NULL,90,6,0,N,,N,N,098-KY-0194-0,NULL,NULL,2023,C,7.29E+11,098-KY-0194  -000,HIGH,098-KY-0194  -000,20.299,0,0,0,0,0,0,0,0,0,0,0,1,0,0
6489,72748213,KSP0900,22-125252,20220407,839,,COLLINS,,HWY,KY0122,KY0122,0,098 KY-122,KY0122,N,N,NULL,NULL,NULL,N,NULL,NULL,NULL,NULL,NULL,NULL,13.527,NULL,NULL,NULL,NULL,,NULL,0,0,1,1,N,N,55,NULL,98,9801,4,S,N,37.40647,-82.50813,N,NULL,NULL,NULL,NULL,NULL,NULL,NULL,NULL,9,3,2,4,1,5,3,2,7,3,N,NULL,N,N,839,845,930,N,NULL,40,,0,N,,N,N,098-KY-0122-0,NULL,NULL,2022,O,7.27E+11,098-KY-0122  -000,HIGH,098-KY-0122  -000,13.527,0,0,0,0,0,0,0,0,0,0,0,1,0,0
6490,72874928,KSP0900,23-96837,20230313,1054,,RATLIFF,,HOLW,,,0,098 PR-1208,PR1208,N,N,NULL,NULL,NULL,N,NULL,NULL,NULL,NULL,NULL,NULL,0.004,NULL,NULL,NULL,NULL,,NULL,1,0,1,1,N,N,45,NULL,98,9830,NULL,,Y,37.34226,-82.42645,N,NULL,NULL,NULL,NULL,NULL,NULL,NULL,NULL,9,3,2,3,3,5,6,2,6,3,Y,NULL,Y,Y,1054,1058,1130,N,NULL,70,,,N,,N,N,098-PR-1208-0,NULL,NULL,2023,C,7.29E+11,098-PR-1208  -000,HIGH,098-PR-1208  -000,0.003,0,0,0,0,0,0,0,0,0,0,0,1,0,0
6491,72851525,KSP0900,23-20,20230101,10,,FERRELLS CREEK,,RD,US0460,US0460,0,098 US-460,US0460,N,N,NULL,NULL,NULL,N,NULL,NULL,NULL,NULL,NULL,NULL,19.951,NULL,NULL,NULL,NULL,,NULL,1,0,1,1,N,N,55,NULL,98,9839,NULL,,Y,37.37447,-82.29518,N,NULL,NULL,NULL,NULL,NULL,NULL,NULL,NULL,9,3,2,6,1,5,3,6,7,3,N,NULL,Y,Y,10,109,130,N,NULL,40,,1,N,,N,N,098-US-0460-0,NULL,NULL,2023,C,7.29E+11,098-US-0460  -000,HIGH,098-US-0460  -000,19.932,0,0,0,0,0,0,0,0,0,0,0,1,0,0
6492,72840834,980100,2.02E+11,20221210,1718,,THOMPSON,,RD,,,0,098 CS-1215,CS1215,Y,N,NULL,NULL,NULL,N,NULL,NULL,NULL,NULL,NULL,NULL,0.75,NULL,NULL,NULL,NULL,,NULL,0,0,2,2,N,N,15,NULL,98,9801,NULL,,Y,37.50404,-82.53799,N,NULL,NULL,NULL,NULL,NULL,NULL,NULL,NULL,2,97,,6,1,1,2,5,1,3,N,NULL,Y,N,1718,1723,1723,N,NULL,90,,,N,,N,N,098-CS-1215-0,NULL,NULL,2022,O,7.28E+11,098-CS-1215  -000,HIGH,098-CS-1215  -000,0.75,0,0,0,0,0,0,1,0,0,0,0,0,0,1
6493,72970577,980100,2.02E+11,20231108,1759,,KY1426 TURN LANE,,,KY1426,KY1426,0,098 KY-1426-27,KY1426,N,N,NULL,NULL,NULL,N,NULL,NULL,NULL,NULL,NULL,NULL,0.018,NULL,NULL,NULL,NULL,,NULL,0,0,2,2,N,N,55,NULL,98,9801,NULL,,Y,37.51401,-82.48753,N,NULL,NULL,NULL,NULL,NULL,NULL,NULL,NULL,7,3,2,6,1,1,2,5,2,3,N,NULL,Y,N,1759,1804,1845,N,NULL,54,8,0,N,,N,N,098-KY-1426-27,NULL,NULL,2023,O,7.30E+11,098-KY-1426  -027,HIGH,098-KY-1426  -027,0.02,0,0,0,0,0,0,1,0,0,0,0,1,0,1
6494,72820451,KSP0900,22-403793,20221020,540,,KY292,,,KY0292,KY0292,0,098 KY-292,KY0292,N,N,NULL,NULL,NULL,N,NULL,NULL,NULL,NULL,NULL,NULL,1.011,NULL,NULL,NULL,NULL,,NULL,1,0,1,1,N,N,45,NULL,98,9869,NULL,,Y,37.63993,-82.21806,N,NULL,NULL,NULL,NULL,NULL,NULL,NULL,NULL,9,3,2,3,1,1,2,6,7,3,Y,NULL,Y,N,550,620,700,N,NULL,40,8,0,N,,N,N,098-KY-0292-0,NULL,NULL,2022,C,7.28E+11,098-KY-0292  -000,HIGH,098-KY-0292  -000,1.011,0,0,0,0,0,0,1,0,0,0,0,1,0,0
6495,72853774,980500,2023AR002,20230113,1430,,MAYO,N,TRL,,,,,,Y,N,NULL,NULL,NULL,N,NULL,NULL,NULL,NULL,NULL,NULL,,NULL,NULL,NULL,NULL,NULL,NULL,0,0,2,2,N,N,15,NULL,98,9807,NULL,,Y,37.51733,-82.56367,N,NULL,NULL,NULL,NULL,NULL,NULL,NULL,NULL,2,97,,6,1,5,3,2,1,3,N,NULL,Y,Y,1430,1432,,N,NULL,90,,,N,,N,N,,NULL,NULL,2023,O,7.29E+11,098-CS-3000  -000,MEDIUM,098-CS-3000  -000,0.275,0,0,0,0,0,0,1,0,0,0,0,0,0,0
6496,72869432,KSP0900,23-72551,20230224,2050,,MAIN ST CONNECTOR TO U. S. 0023,,,,,,,,N,Y,MAIN ,NE,ST,N,NULL,NULL,NULL,NULL,NULL,NULL,,NULL,NULL,NULL,NULL,NULL,NULL,0,0,2,2,N,N,25,NULL,98,9807,NULL,,Y,37.51893,-82.56622,N,NULL,NULL,NULL,NULL,NULL,NULL,NULL,NULL,1,3,2,4,1,1,3,5,1,3,N,NULL,Y,N,2052,2055,2100,N,NULL,9,,,N,,N,N,,NULL,NULL,2023,O,7.29E+11,098-CS-3000  -071,MEDIUM,098-CS-3000  -071,0.017,0,0,0,1,0,0,1,0,0,0,1,0,0,0
6497,72966364,KSP0900,23-437173,20231026,1700,,FERRELLS CREEK,,RD,US0460,US0460,0,098 US-460,US0460,N,N,NULL,NULL,NULL,N,NULL,NULL,NULL,NULL,NULL,NULL,22.922,NULL,NULL,NULL,NULL,,NULL,1,0,2,2,N,N,55,NULL,98,9847,NULL,,Y,37.37697,-82.25301,N,NULL,NULL,NULL,NULL,NULL,NULL,NULL,NULL,5,3,2,6,1,1,2,2,7,3,Y,NULL,Y,Y,1656,1700,1752,N,NULL,49,,1,N,,N,N,098-US-0460-0,NULL,NULL,2023,B,7.30E+11,098-US-0460  -000,HIGH,098-US-0460  -000,22.887,0,0,0,0,0,0,1,0,0,0,0,0,0,0
6498,72943847,980100,2.02E+11,20230908,1508,,US23,,,US0023,US0023,0,098 US-23-10,US0023,N,N,NULL,NULL,NULL,N,NULL,NULL,NULL,NULL,NULL,NULL,26.31,NULL,NULL,NULL,NULL,,NULL,0,0,2,2,N,N,55,NULL,98,9801,NULL,,Y,37.50406,-82.53218,N,NULL,NULL,NULL,NULL,NULL,NULL,NULL,NULL,8,3,4,6,1,1,2,2,3,3,N,NULL,Y,N,1508,1514,1514,N,NULL,53,,1,N,,N,N,098-US-0023-10,NULL,NULL,2023,O,7.29E+11,098-US-0023  -010,HIGH,098-US-0023  -000,26.247,0,0,1,0,0,0,1,0,0,0,0,1,0,1
6499,72809114,980100,2.02E+11,20220920,1301,,US23,,,US0023,US0023,,,,N,N,NULL,NULL,NULL,N,NULL,NULL,NULL,NULL,NULL,NULL,26.279,NULL,NULL,NULL,NULL,,NULL,1,0,3,3,N,N,55,NULL,98,9801,NULL,,Y,37.5036,-82.53214,N,NULL,NULL,NULL,NULL,NULL,NULL,NULL,NULL,5,3,4,6,1,1,2,2,1,3,N,NULL,Y,Y,1301,1307,1307,N,NULL,70,,1,N,,N,N,,NULL,NULL,2022,C,7.28E+11,098-US-0023  -000,MEDIUM,098-US-0023  -000,26.279,0,1,0,0,0,0,1,0,0,0,0,0,0,1
6500,72900848,KSP0900,23-184529,20230515,1658,,POPLAR,,ST,,,0,098 CS-1160,CS1160,Y,N,NULL,NULL,NULL,N,NULL,NULL,NULL,NULL,NULL,NULL,0.406,NULL,NULL,NULL,NULL,,NULL,0,0,2,2,Y,N,,NULL,98,9801,NULL,,Y,37.48439,-82.52279,N,NULL,NULL,NULL,NULL,NULL,NULL,NULL,NULL,8,97,,6,1,1,2,2,7,3,N,NULL,N,N,1627,1657,,N,NULL,90,,,Y,,N,N,098-CS-1160-0,NULL,NULL,2023,O,7.29E+11,098-CS-1160  -000,HIGH,098-CS-1160  -000,0.429,0,0,0,0,0,0,0,0,0,0,0,0,0,1
6501,72963108,KSP0900,23-429609,20231019,1949,,LEFT FORK UPPER CHLOE,,RD,,,0,098 CR-1310,CR1310,N,N,NULL,NULL,NULL,N,NULL,NULL,NULL,NULL,NULL,NULL,0.489,NULL,NULL,NULL,NULL,,NULL,0,0,1,1,N,N,10,NULL,98,9801,NULL,,Y,37.47122,-82.45456,N,NULL,NULL,NULL,NULL,NULL,NULL,NULL,NULL,9,3,1,1,1,1,2,6,7,3,N,NULL,N,N,2000,2035,2120,N,NULL,44,,,N,,N,N,098-CR-1310-0,NULL,NULL,2023,O,7.30E+11,098-CR-1310  -000,HIGH,098-CR-1310  -000,0.322,0,0,0,0,0,0,0,0,0,0,0,1,0,0
6502,72936393,KSP0900,23-364608,20230819,2300,,COWPEN,,RD,KY2061,KY2061,0,098 KY-2061,KY2061,N,N,NULL,NULL,NULL,N,NULL,NULL,NULL,NULL,NULL,NULL,3.649,NULL,NULL,NULL,NULL,,NULL,1,0,1,1,N,N,55,NULL,98,9807,NULL,,Y,37.56263,-82.55746,N,NULL,NULL,NULL,NULL,NULL,NULL,NULL,NULL,9,3,2,2,1,1,2,6,7,3,Y,NULL,N,Y,2241,2304,30,N,NULL,38,,0,N,,N,N,098-KY-2061-0,NULL,NULL,2023,C,7.29E+11,098-KY-2061  -000,HIGH,098-KY-2061  -000,3.648,0,0,0,1,0,0,0,0,0,0,0,1,0,1
6503,72850982,KSP0900,22-380306,20221001,2059,,KY1469,,,KY1469,KY1469,,,,N,N,NULL,NULL,NULL,N,NULL,NULL,NULL,NULL,NULL,NULL,13.265,NULL,NULL,NULL,NULL,,NULL,0,0,1,1,N,N,45,NULL,98,9827,NULL,,Y,37.35917,-82.56947,N,NULL,NULL,NULL,NULL,NULL,NULL,NULL,NULL,9,3,2,6,1,5,6,6,7,3,N,NULL,Y,N,2059,2104,2104,N,NULL,38,7,0,N,,N,N,,NULL,NULL,2022,O,7.29E+11,098-KY-1469  -000,HIGH,098-KY-1469  -000,13.265,0,0,0,0,0,0,0,0,0,0,0,0,0,0
6504,72906737,KSP0900,23-211403,20230603,2007,,LEFT FORK UPPER CHLOE,,RD,,,,,,N,N,NULL,NULL,NULL,N,NULL,NULL,NULL,NULL,NULL,NULL,0.38,NULL,NULL,NULL,NULL,,NULL,0,0,1,1,N,N,20,NULL,98,9801,NULL,,Y,37.47018,-82.45473,N,NULL,NULL,NULL,NULL,NULL,NULL,NULL,NULL,9,3,1,2,1,5,6,3,7,3,N,NULL,N,N,2007,2023,2100,N,NULL,70,,,N,,N,N,,NULL,NULL,2023,O,7.29E+11,098-CR-1310  -000,HIGH,098-CR-1310  -000,0.228,0,0,0,0,0,0,0,0,0,0,0,1,0,0
6505,72947990,980100,2.02E+11,20230918,1531,,US23,,,US0023,US0023,0,098 US-23-10,US0023,N,N,NULL,NULL,NULL,N,NULL,NULL,NULL,NULL,NULL,NULL,26.324,NULL,NULL,NULL,NULL,,NULL,0,0,2,2,N,N,55,NULL,98,9801,NULL,,Y,37.50423,-82.53243,N,NULL,NULL,NULL,NULL,NULL,NULL,NULL,NULL,5,3,4,6,1,1,3,2,7,3,N,NULL,Y,N,1532,1536,1536,N,NULL,49,,1,N,,N,N,098-US-0023-10,NULL,NULL,2023,O,7.29E+11,098-US-0023  -010,HIGH,098-US-0023  -000,26.261,0,0,0,0,0,0,1,0,0,0,0,0,0,1
6506,72834030,980100,2.02E+11,20221125,2133,,US23 CONNECTOR TO US460,,,US0023,US0023,0,098 US-23-71,US0023,N,N,NULL,NULL,NULL,N,NULL,NULL,NULL,NULL,NULL,NULL,0.005,NULL,NULL,NULL,NULL,,NULL,0,0,2,2,N,N,55,NULL,98,9801,NULL,,Y,37.43887,-82.50922,N,NULL,NULL,NULL,NULL,NULL,NULL,NULL,NULL,1,3,4,6,1,5,10,6,3,3,N,NULL,Y,N,2133,2141,2141,N,NULL,55,,1,N,,N,N,098-US-0023-71,NULL,NULL,2022,O,7.28E+11,098-US-0023  -071,HIGH,098-US-0023  -071,0.005,0,0,0,1,0,0,0,1,0,0,0,0,0,1
6507,72935511,KSP0900,23-346658,20230803,1253,,US119,,,US0119,US0119,0,098 US-119,US0119,Y,N,NULL,NULL,NULL,N,NULL,NULL,NULL,NULL,NULL,NULL,23.846,NULL,NULL,NULL,NULL,,NULL,0,0,2,2,N,N,10,NULL,98,9834,NULL,,Y,37.65473,-82.26921,N,NULL,NULL,NULL,NULL,NULL,NULL,NULL,NULL,1,97,4,6,1,5,6,2,7,3,N,NULL,Y,N,1253,1309,1320,N,NULL,90,2,1,N,,N,N,098-US-0119-0,NULL,NULL,2023,O,7.29E+11,098-US-0119  -000,HIGH,098-US-0119  -000,23.919,0,0,0,0,0,0,1,1,0,0,0,0,0,0
6508,72875008,980100,2.02E+11,20230313,1740,,US23,,,US0023,US0023,0,098 US-23-10,US0023,N,N,NULL,NULL,NULL,N,NULL,NULL,NULL,NULL,NULL,NULL,26.26,NULL,NULL,NULL,NULL,,NULL,0,0,2,2,N,N,55,NULL,98,9801,NULL,,Y,37.50334,-82.53232,N,NULL,NULL,NULL,NULL,NULL,NULL,NULL,NULL,5,3,4,1,1,1,3,2,1,3,N,NULL,Y,N,1741,1744,1744,N,NULL,40,,1,N,,N,N,098-US-0023-10,NULL,NULL,2023,O,7.29E+11,098-US-0023  -010,HIGH,098-US-0023  -000,26.198,0,0,0,0,0,0,1,0,0,0,0,1,0,1
6509,72883766,KSP0900,23-123316,20230401,1314,,MUDLICK,,RD,,,0,098 CR-1089,CR1089,N,N,NULL,NULL,NULL,N,NULL,NULL,NULL,NULL,NULL,NULL,0.796,NULL,NULL,NULL,NULL,,NULL,1,0,1,1,N,N,20,NULL,98,9842,NULL,,Y,37.59748,-82.23278,N,NULL,NULL,NULL,NULL,NULL,NULL,NULL,NULL,9,3,1,6,1,1,7,2,7,3,Y,NULL,Y,Y,1315,1322,1350,N,NULL,40,,,N,,N,N,098-CR-1089-0,NULL,NULL,2023,C,7.29E+11,098-CR-1089  -000,HIGH,098-CR-1089  -000,0.768,0,0,0,0,0,0,0,0,0,0,0,1,0,0
6510,72910702,980100,2.02E+11,20230613,1738,,CASSIDY,,BLVD,,,,,,N,N,NULL,NULL,NULL,N,NULL,NULL,NULL,NULL,NULL,NULL,0.274,NULL,NULL,NULL,NULL,,NULL,0,0,2,2,N,N,15,NULL,98,9801,NULL,,Y,37.50507,-82.53634,N,NULL,NULL,NULL,NULL,NULL,NULL,NULL,NULL,8,3,3,6,1,1,2,2,1,3,N,NULL,Y,N,1738,1746,1800,N,NULL,53,,,N,,N,N,,NULL,NULL,2023,O,7.29E+11,098-CS-1191  -000,MEDIUM,098-CS-1191  -000,0.272,0,0,0,0,0,0,1,0,0,0,0,1,0,1
6511,72896603,980100,2.02E+11,20230509,828,,BOB AMOS,,DR,,,0,098 CS-1025,CS1025,N,N,NULL,NULL,NULL,N,NULL,NULL,NULL,NULL,NULL,NULL,0.977,NULL,NULL,NULL,NULL,,NULL,0,0,2,2,N,N,25,NULL,98,9801,NULL,,Y,37.46626,-82.54289,N,NULL,NULL,NULL,NULL,NULL,NULL,NULL,NULL,1,97,2,4,1,5,6,2,6,3,N,NULL,Y,N,828,836,847,N,NULL,55,,,N,,N,N,098-CS-1025-0,NULL,NULL,2023,O,7.29E+11,098-CS-1025  -000,HIGH,098-CS-1025  -000,0.982,0,0,0,1,0,0,1,0,0,0,0,0,0,1
6512,72892921,980100,2.02E+11,20230429,1128,,CASSIDY,,BLVD,,,,,,Y,N,NULL,NULL,NULL,N,NULL,NULL,NULL,NULL,NULL,NULL,0.235,NULL,NULL,NULL,NULL,,NULL,0,0,2,2,N,N,,NULL,98,9801,NULL,,Y,37.50354,-82.53583,N,NULL,NULL,NULL,NULL,NULL,NULL,NULL,NULL,2,97,,6,1,1,2,2,1,3,N,NULL,Y,N,1128,1130,1145,N,NULL,90,,,N,,N,N,,NULL,NULL,2023,O,7.29E+11,098-CS-1260  -000,MEDIUM,098-CS-1260  -000,0.046,0,0,0,1,0,0,1,0,0,0,0,0,0,1