OBJECTID,MasterFile,AgencyORINumber,LocalCode,CollisionDate,CollisionTime,CollisionDayWeekCode,RoadwayName,RoadwayName_Direction_,RoadwayName_RoadwaySuffix_,RoadwayfromReport,CurrentRoadwayNumber,RoadwayNumberCoupletID,RSEUniqueGIS,RoadwayIdentifier,ParkingLotIndicator,IntersectionWith_Indicator_,IntersectionWith_NameRoadway_,IntersectionWith_Direction_,IntersectionWith_RoadwaySuffix_,BetweenStreets_Indicator_,BetweenStreets1_NameRoadway_,BetweenStreet1_Direction_,BetweenStreets1_RoadwaySuffix_,BetweenStreets2_NameRoadway_,BetweenStreets2_Direction_,BetweenStreets2_RoadwaySuffix_,Milepoint,ReportMilepointDeriveNumber,CurrentDerivedMiepointNumber,MilestoMilepoint,FeettoMilepoint,DirectionfromMilepoint_NSEW_,ValidMilepointIndicator,NumberInjured,NumberKilled,ofUnits,ofMotorVehicleUnits,Hit&RunIndicator,OneWayIndicator,SpeedLimitNumber,KilometersIndicator,CountyCode,CityCountyCode,MilesFromCity,DirectionFromCity_NSEW_,InCityLimitsIndicator,Latitude,Longitude,RampIndicator,RampFromIdentifier,RampFromDirCode,RampFromCoupletID,RSEUniqueGISRampFrom,RampToidentifier,RampToDirCode,RampToCoupletID,RSEUniqueGisRampTo,MannerofCollisionCode,LocationFirstEventCode,TotalLanes,RoadwayCharacterCode,RoadwaySurfaceCode,RoadwayConditionCode,WeatherCode,LightConditionCode,LandUseCode,SchoolBusRelatedCode,FirstAidSceneIndicator,CollDescPresentInd,InvestigationCompleteIndicator,PhotosTakenIndicator,TimeNotified,TimeArrived,TimeRoadwayOpened,PropertyDamageIndicator,DiagramPresentIndicator,DirectionalAnalysis,FunctionClassCode,NationalHwySysCode,EnforcementsIndicator,KARSCityCode,SecondaryCollisionIndicator,MedianCrossoverIndicator,RT_UNIQUE,MapIt,TimeLastLeft,YR,KABCO,MFNY,WorkingRID,RT_CONFIDENCE,KTC_RT,KTC_MP,Motorcyclist,Commercial Vehicle,Young Driver,Mature Driver,Pedestrian,Bicyclist,Distracted,Aggressive,Impaired,Unrestrained,Intersection,Roadway Departure,Median Cross-over,City Crash
6513,72941791,KSP0900,23-380451,20230903,1454,,US460,,,US0460,US0460,,,,N,N,NULL,NULL,NULL,N,NULL,NULL,NULL,NULL,NULL,NULL,3.963,NULL,NULL,NULL,NULL,,NULL,2,0,2,2,N,N,55,NULL,98,9824,NULL,,Y,37.41975,-82.46227,N,NULL,NULL,NULL,NULL,NULL,NULL,NULL,NULL,4,3,2,3,1,1,2,2,7,3,Y,NULL,N,N,1454,1510,1541,N,NULL,70,,1,N,,N,N,,NULL,NULL,2023,B,7.29E+11,098-US-0460  -000,HIGH,098-US-0460  -000,3.995,0,0,0,0,0,0,1,0,0,0,0,0,0,0
6514,72914487,980100,2.02E+11,20230621,1012,,BYPASS,,RD,,,0,098 CS-1223,CS1223,Y,N,NULL,NULL,NULL,N,NULL,NULL,NULL,NULL,NULL,NULL,,NULL,NULL,NULL,NULL,NULL,NULL,0,0,2,2,Y,N,,NULL,98,9801,NULL,,Y,37.47128,-82.52117,N,NULL,NULL,NULL,NULL,NULL,NULL,NULL,NULL,1,97,1,6,2,1,2,2,1,3,N,NULL,Y,N,1012,1012,1012,N,NULL,90,,,N,,N,N,098-CS-1223-0,NULL,NULL,2023,O,7.29E+11,098-CS-1223  -000,HIGH,098-CS-1223  -000,0.136,0,0,0,0,0,0,0,0,0,0,0,0,0,1
6515,72887035,980100,2.02E+11,20230414,1953,,TOWN MOUNTAIN,,RD,KY1426,KY1426,0,098 KY-1426,KY1426,N,N,NULL,NULL,NULL,N,NULL,NULL,NULL,NULL,NULL,NULL,8.059,NULL,NULL,NULL,NULL,,NULL,0,0,1,1,N,N,35,NULL,98,9801,NULL,,Y,37.49188,-82.49122,N,NULL,NULL,NULL,NULL,NULL,NULL,NULL,NULL,9,3,2,2,1,5,5,4,6,3,N,NULL,Y,N,1953,1957,1957,Y,NULL,40,,0,Y,,N,N,098-KY-1426-0,NULL,NULL,2023,O,7.29E+11,098-KY-1426  -000,HIGH,098-KY-1426  -000,8.055,0,0,0,0,0,0,0,0,0,0,0,1,0,1
6516,72857513,980100,2.02E+11,20230109,1148,,BYPASS,S,RD,KY1426,KY1426,0,098 KY-1426,KY1426,N,N,NULL,NULL,NULL,N,NULL,NULL,NULL,NULL,NULL,NULL,6.563,NULL,NULL,NULL,NULL,,NULL,0,0,2,2,N,N,55,NULL,98,9801,NULL,,Y,37.48251,-82.51365,N,NULL,NULL,NULL,NULL,NULL,NULL,NULL,NULL,2,97,2,6,1,1,2,2,1,3,N,NULL,Y,N,1148,1201,,N,NULL,56,,0,N,,N,N,098-KY-1426-0,NULL,NULL,2023,O,7.29E+11,098-KY-1426  -000,HIGH,098-KY-1426  -000,6.563,0,0,0,1,0,0,1,0,0,0,0,0,0,1
6517,72940159,980100,2.02E+11,20230829,1543,,US23,,,US0023,US0023,,,,N,N,NULL,NULL,NULL,N,NULL,NULL,NULL,NULL,NULL,NULL,23.037,NULL,NULL,NULL,NULL,,NULL,0,0,2,2,N,N,55,NULL,98,9801,NULL,,Y,37.46576,-82.52766,N,NULL,NULL,NULL,NULL,NULL,NULL,NULL,NULL,5,3,4,6,1,5,6,2,1,3,N,NULL,Y,N,1543,1548,1603,N,NULL,49,,1,N,,N,N,,NULL,NULL,2023,O,7.29E+11,098-US-0023  -000,MEDIUM,098-US-0023  -000,22.971,0,0,1,0,0,0,1,0,0,0,0,0,0,1
6518,72989239,KSP0900,23-499631,20231222,1948,,US23,,,US0023,US0023,,,,N,N,NULL,NULL,NULL,N,NULL,NULL,NULL,NULL,NULL,NULL,14.133,NULL,NULL,NULL,NULL,,NULL,0,0,1,1,N,N,55,NULL,98,9823,NULL,,Y,37.38792,-82.53851,N,NULL,NULL,NULL,NULL,NULL,NULL,NULL,NULL,9,3,4,6,1,1,2,6,7,3,N,NULL,N,N,1948,1948,2020,N,NULL,38,,1,N,,N,N,,NULL,NULL,2023,O,7.30E+11,098-US-0023  -000,MEDIUM,098-US-0023  -000,14.121,0,0,0,0,0,0,0,0,0,0,0,0,0,0
6519,72960975,980100,2.02E+11,20231019,952,,US23,,,US0023,US0023,0,098 US-23,US0023,N,N,NULL,NULL,NULL,N,NULL,NULL,NULL,NULL,NULL,NULL,24.739,NULL,NULL,NULL,NULL,,NULL,0,0,1,1,N,N,55,NULL,98,9801,NULL,,Y,37.48499,-82.5426,N,NULL,NULL,NULL,NULL,NULL,NULL,NULL,NULL,9,3,4,6,1,1,2,2,7,3,N,NULL,Y,N,953,1002,1045,N,NULL,70,,1,N,,N,N,098-US-0023-0,NULL,NULL,2023,O,7.30E+11,098-US-0023  -000,HIGH,098-US-0023  -000,24.673,0,0,0,1,0,0,0,0,0,0,0,1,0,1
6520,72859994,KSP0900,23-35294,20230128,1618,,US460,,,US0460,US0460,0,098 US-460,US0460,N,N,NULL,NULL,NULL,N,NULL,NULL,NULL,NULL,NULL,NULL,4.483,NULL,NULL,NULL,NULL,,NULL,0,0,2,2,N,N,45,NULL,98,9824,NULL,,Y,37.41676,-82.45424,N,NULL,NULL,NULL,NULL,NULL,NULL,NULL,NULL,5,3,2,6,1,1,2,2,7,3,N,NULL,Y,N,1621,1626,,N,NULL,49,,1,Y,,N,N,098-US-0460-0,NULL,NULL,2023,O,7.29E+11,098-US-0460  -000,HIGH,098-US-0460  -000,4.484,1,0,0,0,0,0,0,0,0,0,0,0,0,0
6521,72945133,980100,2.02E+11,20230828,1715,,HAMBLEY,,BLVD,,,,,,Y,N,NULL,NULL,NULL,N,NULL,NULL,NULL,NULL,NULL,NULL,0.458,NULL,NULL,NULL,NULL,,NULL,0,0,2,2,N,Y,,NULL,98,9801,NULL,,Y,37.47794,-82.52084,N,NULL,NULL,NULL,NULL,NULL,NULL,NULL,NULL,2,97,1,6,2,1,2,2,7,3,N,NULL,Y,N,1715,1723,,N,NULL,90,,,N,,N,N,,NULL,NULL,2023,O,7.29E+11,098-CS-1222  -000,HIGH,098-CS-1222  -000,0.458,0,0,1,0,0,0,1,0,0,0,0,0,0,1
6522,72986720,980100,2.02E+11,20231206,2132,,THOMPSON,,RD,,,0,098 CS-1215,CS1215,Y,N,NULL,NULL,NULL,N,NULL,NULL,NULL,NULL,NULL,NULL,0.677,NULL,NULL,NULL,NULL,,NULL,0,0,2,2,N,N,,NULL,98,9801,NULL,,Y,37.5051,-82.54069,N,NULL,NULL,NULL,NULL,NULL,NULL,NULL,NULL,2,97,,6,1,1,2,8,1,3,N,NULL,Y,N,2132,2138,2155,N,NULL,90,,,N,,N,N,098-CS-1215-0,NULL,NULL,2023,O,7.30E+11,098-CS-1215  -000,HIGH,098-CS-1215  -000,0.685,0,0,0,1,0,0,1,0,0,0,0,0,0,1
6523,72842576,980100,2.02E+11,20221212,912,,HAMBLEY,,BLVD,,,0,098 CS-1222,CS1222,Y,N,NULL,NULL,NULL,N,NULL,NULL,NULL,NULL,NULL,NULL,1.621,NULL,NULL,NULL,NULL,,NULL,0,0,2,2,N,N,,NULL,98,9801,NULL,,Y,37.48248,-82.53192,N,NULL,NULL,NULL,NULL,NULL,NULL,NULL,NULL,2,97,1,6,1,1,2,2,1,3,N,NULL,Y,N,913,915,915,N,NULL,90,,,N,,N,N,098-CS-1222-0,NULL,NULL,2022,O,7.28E+11,098-CS-1222  -000,HIGH,098-CS-1222  -000,1.621,0,0,0,0,0,0,1,0,0,0,0,0,0,1
6524,72976507,KSP0900,23-466328,20231121,1517,,FEDSCREEK,,RD,KY0366,KY0366,0,098 KY-366,KY0366,N,N,NULL,NULL,NULL,N,NULL,NULL,NULL,NULL,NULL,NULL,0.365,NULL,NULL,NULL,NULL,,NULL,0,0,1,1,N,N,35,NULL,98,9839,NULL,,Y,37.40172,-82.24283,N,NULL,NULL,NULL,NULL,NULL,NULL,NULL,NULL,9,3,2,6,1,5,6,2,7,3,N,NULL,Y,Y,1517,1715,1730,N,NULL,40,9,0,N,,N,N,098-KY-0366-0,NULL,NULL,2023,O,7.30E+11,098-KY-0366  -000,HIGH,098-KY-0366  -000,0.358,0,0,1,0,0,0,0,0,0,0,0,1,0,0
6525,72812799,980500,2022AR044,20221003,1500,,US HWY 23 NORTH,,,,,,,,N,N,NULL,NULL,NULL,N,NULL,NULL,NULL,NULL,NULL,NULL,,NULL,NULL,NULL,NULL,NULL,NULL,3,0,2,2,N,N,45,NULL,98,9807,NULL,,Y,37.52824,-82.575,N,NULL,NULL,NULL,NULL,NULL,NULL,NULL,NULL,1,3,6,6,1,1,2,2,1,3,Y,NULL,Y,Y,1500,1503,1600,N,NULL,55,,,Y,,N,N,,NULL,NULL,2022,C,7.28E+11,098-US-0023  -045,MEDIUM,098-US-0023  -045,0.004,0,0,0,0,0,0,0,1,0,0,0,0,0,0
6526,72877301,980100,2.02E+11,20230314,1052,,KY3496,,,KY3496,KY3496,0,098 KY-3496,KY3496,N,N,NULL,NULL,NULL,N,NULL,NULL,NULL,NULL,NULL,NULL,0.304,NULL,NULL,NULL,NULL,,NULL,0,0,2,2,N,N,35,NULL,98,9801,NULL,,Y,37.46753,-82.5326,N,NULL,NULL,NULL,NULL,NULL,NULL,NULL,NULL,1,3,2,6,1,1,3,2,1,3,N,NULL,Y,N,1052,1057,1100,N,NULL,55,16,0,N,,N,N,098-KY-3496-0,NULL,NULL,2023,O,7.29E+11,098-KY-3496  -000,HIGH,098-KY-3496  -000,0.303,0,0,0,0,0,0,1,0,0,0,0,0,0,1
6527,72818533,KSP0900,22-377084,20220929,1343,,KY194,,,KY0194,KY0194,0,098 KY-194,KY0194,N,N,NULL,NULL,NULL,N,NULL,NULL,NULL,NULL,NULL,NULL,19.722,NULL,NULL,NULL,NULL,,NULL,1,0,2,2,N,N,55,NULL,98,9817,NULL,,Y,37.55023,-82.40646,N,NULL,NULL,NULL,NULL,NULL,NULL,NULL,NULL,1,3,2,3,1,1,2,2,7,3,Y,NULL,Y,Y,1343,1438,1530,N,NULL,55,6,0,N,,N,N,098-KY-0194-0,NULL,NULL,2022,C,7.28E+11,098-KY-0194  -000,HIGH,098-KY-0194  -000,19.722,0,0,0,1,0,0,0,0,0,0,0,0,0,0
6528,72943200,KSP0900,23-358237,20230814,735,,BEEFHIDE,,CRK,,,0,098 CR-1906,CR1906,N,N,NULL,NULL,NULL,N,NULL,NULL,NULL,NULL,NULL,NULL,0.609,NULL,NULL,NULL,NULL,,NULL,0,0,1,1,N,N,25,NULL,98,9809,NULL,,Y,37.28371,-82.60721,N,NULL,NULL,NULL,NULL,NULL,NULL,NULL,NULL,9,4,1,6,1,1,2,2,7,3,N,NULL,Y,N,735,759,759,N,NULL,40,,,Y,,N,N,098-CR-1906-0,NULL,NULL,2023,O,7.29E+11,098-CR-1906  -000,HIGH,098-CR-1906  -000,0.602,0,0,0,0,0,0,1,0,1,1,0,1,0,0
6529,72907511,KSP0900,23-214536,20230605,2206,,KY194,,,KY0194,KY0194,0,098 KY-194,KY0194,N,N,NULL,NULL,NULL,N,NULL,NULL,NULL,NULL,NULL,NULL,37.965,NULL,NULL,NULL,NULL,,NULL,2,0,1,1,N,N,35,NULL,98,9849,NULL,,Y,37.44729,-82.26834,N,NULL,NULL,NULL,NULL,NULL,NULL,NULL,NULL,9,3,2,2,1,1,2,6,7,3,Y,NULL,N,Y,2210,2227,2300,N,NULL,40,7,0,N,,N,N,098-KY-0194-0,NULL,NULL,2023,B,7.29E+11,098-KY-0194  -000,HIGH,098-KY-0194  -000,37.879,0,0,0,0,0,0,0,0,0,0,0,1,0,0
6530,72983020,KSP0900,23-473861,20231128,1913,,TOLER,,RD,KY0319,KY0319,0,098 KY-319,KY0319,N,N,NULL,NULL,NULL,N,NULL,NULL,NULL,NULL,NULL,NULL,2.198,NULL,NULL,NULL,NULL,,NULL,0,0,2,2,Y,N,55,NULL,98,9842,NULL,,Y,37.59958,-82.20619,N,NULL,NULL,NULL,NULL,NULL,NULL,NULL,NULL,1,3,2,6,1,1,2,6,7,3,N,NULL,Y,N,1913,1945,1913,N,NULL,55,7,0,N,,N,N,098-KY-0319-0,NULL,NULL,2023,O,7.30E+11,098-KY-0319  -000,HIGH,098-KY-0319  -000,2.195,0,0,0,1,0,0,0,0,0,0,0,0,0,0
6531,72822912,KSP0900,22-418099,20221030,1839,,US23,,,US0023,US0023,,,,N,N,NULL,NULL,NULL,N,NULL,NULL,NULL,NULL,NULL,NULL,8.28,NULL,NULL,NULL,NULL,,NULL,0,0,1,1,N,N,55,NULL,98,9809,NULL,,Y,37.31884,-82.5508,N,NULL,NULL,NULL,NULL,NULL,NULL,NULL,NULL,9,3,4,1,1,5,3,4,7,3,N,NULL,Y,N,1839,1908,1930,N,NULL,40,,1,N,,N,N,,NULL,NULL,2022,O,7.28E+11,098-US-0023  -000,MEDIUM,098-US-0023  -000,8.28,0,0,0,1,0,0,0,0,0,0,0,1,0,0
6532,72998651,KSP0900,23-502846,20231226,1500,,KY1056,,,KY1056,KY1056,0,098 KY-1056,KY1056,N,N,NULL,NULL,NULL,N,NULL,NULL,NULL,NULL,NULL,NULL,8.686,NULL,NULL,NULL,NULL,,NULL,4,0,2,1,N,N,55,NULL,98,9863,NULL,,Y,37.59198,-82.17325,N,NULL,NULL,NULL,NULL,NULL,NULL,NULL,NULL,3,3,2,3,1,5,3,2,7,3,Y,NULL,Y,N,1500,1510,1630,N,NULL,52,7,0,N,,N,N,098-KY-1056-0,NULL,NULL,2023,A,7.30E+11,098-KY-1056  -000,HIGH,098-KY-1056  -000,8.722,0,0,0,1,0,0,0,0,0,0,0,1,0,0
6533,72930232,KSP0900,23-347048,20230803,1840,,KY3154,,,KY3154,KY3154,0,098 KY-3154,KY3154,N,N,NULL,NULL,NULL,N,NULL,NULL,NULL,NULL,NULL,NULL,2.59,NULL,NULL,NULL,NULL,,NULL,0,0,2,2,Y,N,35,NULL,98,9833,NULL,,Y,37.60714,-82.32906,N,NULL,NULL,NULL,NULL,NULL,NULL,NULL,NULL,8,3,2,6,1,1,3,2,7,3,N,NULL,Y,N,1843,1900,1843,N,NULL,53,9,0,N,,N,N,098-KY-3154-0,NULL,NULL,2023,O,7.29E+11,098-KY-3154  -000,HIGH,098-KY-3154  -000,2.591,0,0,0,0,0,0,0,0,0,0,0,1,0,0
6534,72887878,980500,2023AR012,20230414,1729,,VENTERS,,LN,,,0,098 CR-1415,CR1415,N,N,NULL,NULL,NULL,N,NULL,NULL,NULL,NULL,NULL,NULL,,NULL,NULL,NULL,NULL,NULL,NULL,1,0,2,2,N,N,25,NULL,98,9807,NULL,,Y,37.53757,-82.59831,N,NULL,NULL,NULL,NULL,NULL,NULL,NULL,NULL,1,3,2,3,3,5,3,2,7,3,Y,NULL,Y,Y,1729,1735,1800,N,NULL,55,,,N,,N,N,098-CR-1415-0,NULL,NULL,2023,C,7.29E+11,098-CR-1415  -000,MEDIUM,098-CR-1415  -000,0,0,0,0,0,0,0,1,1,0,0,0,0,0,0
6535,72861320,980100,2.02E+11,20230201,2048,,CASSIDY,,BLVD,,,0,098 CS-1191,CS1191,Y,N,NULL,NULL,NULL,N,NULL,NULL,NULL,NULL,NULL,NULL,0.338,NULL,NULL,NULL,NULL,,NULL,1,0,2,1,N,N,15,NULL,98,9801,NULL,,Y,37.50513,-82.53758,N,NULL,NULL,NULL,NULL,NULL,NULL,NULL,NULL,9,97,2,6,1,5,3,5,1,3,Y,NULL,Y,Y,2048,2051,2158,N,NULL,90,,,N,,N,N,098-CS-1191-0,NULL,NULL,2023,B,7.29E+11,098-CS-1191  -000,HIGH,098-CS-1191  -000,0.339,0,0,1,0,1,0,1,1,0,0,0,0,0,1
6536,72982108,KSP0900,23-480696,20231205,1015,,ELKHORN,,CRK,KY0197,KY0197,0,098 KY-197,KY0197,N,N,NULL,NULL,NULL,N,NULL,NULL,NULL,NULL,NULL,NULL,10.751,NULL,NULL,NULL,NULL,,NULL,0,0,2,2,N,N,55,NULL,98,9802,NULL,,Y,37.2699,-82.42016,N,NULL,NULL,NULL,NULL,NULL,NULL,NULL,NULL,5,3,2,6,1,5,3,2,7,3,N,NULL,Y,N,1015,1015,1045,N,NULL,49,7,0,N,,N,N,098-KY-0197-0,NULL,NULL,2023,O,7.30E+11,098-KY-0197  -000,HIGH,098-KY-0197  -000,10.733,0,0,0,0,0,0,1,0,0,0,0,0,0,0
6537,72935512,KSP0900,23-354094,20230810,1125,,CENTRAL,,AVE,,,0,098 CR-1035H,CR1035H,Y,N,NULL,NULL,NULL,N,NULL,NULL,NULL,NULL,NULL,NULL,0.035,NULL,NULL,NULL,NULL,,NULL,0,0,2,2,N,N,10,NULL,98,9834,NULL,,Y,37.67401,-82.28262,N,NULL,NULL,NULL,NULL,NULL,NULL,NULL,NULL,2,97,,6,1,5,6,2,1,3,N,NULL,N,N,1125,1130,1158,N,NULL,90,,,N,,N,N,098-CR-1035H-0,NULL,NULL,2023,O,7.29E+11,098-CR-1035H -000,HIGH,098-CR-1035H -000,0.037,0,0,0,1,0,0,0,0,0,0,0,0,0,0
6538,72929515,980100,2.02E+11,20230802,1419,,S MAYO,,TRL,,,0,098 CS-1024,CS1024,N,N,NULL,NULL,NULL,N,NULL,NULL,NULL,NULL,NULL,NULL,,NULL,NULL,NULL,NULL,NULL,NULL,0,0,2,2,N,N,15,NULL,98,9801,NULL,,Y,37.46843,-82.53453,N,NULL,NULL,NULL,NULL,NULL,NULL,NULL,NULL,1,3,1,6,1,1,2,2,1,3,N,NULL,Y,N,1419,1424,1425,N,NULL,55,,,N,,N,N,098-CS-1024-0,NULL,NULL,2023,O,7.29E+11,098-PS-1007  -000,MEDIUM,098-PS-1007  -000,0.22,0,0,0,1,0,0,1,0,0,0,0,0,0,1
6539,72968066,KSP0900,23-444940,20231103,1201,,KY632,,,KY0632,KY0632,0,098 KY-632,KY0632,N,N,NULL,NULL,NULL,N,NULL,NULL,NULL,NULL,NULL,NULL,5.108,NULL,NULL,NULL,NULL,,NULL,0,0,1,1,N,N,55,NULL,98,9804,NULL,,Y,37.48569,-82.2715,N,NULL,NULL,NULL,NULL,NULL,NULL,NULL,NULL,9,3,2,6,1,1,2,2,7,3,N,NULL,N,N,1205,1240,1300,N,NULL,44,6,0,N,,N,N,098-KY-0632-0,NULL,NULL,2023,O,7.30E+11,098-KY-0632  -000,HIGH,098-KY-0632  -000,5.1,0,0,0,0,0,0,0,0,0,0,0,1,0,0
6540,72875079,980100,2.02E+11,20230313,1337,,US23 TURN LANE,,,US0023,US0023,0,098 US-23-21,US0023,N,N,NULL,NULL,NULL,N,NULL,NULL,NULL,NULL,NULL,NULL,0.017,NULL,NULL,NULL,NULL,,NULL,0,0,2,2,N,N,55,NULL,98,9801,NULL,,Y,37.50358,-82.53234,N,NULL,NULL,NULL,NULL,NULL,NULL,NULL,NULL,5,3,4,6,1,1,2,2,7,3,N,NULL,Y,N,1337,1342,1354,N,NULL,49,,1,N,,N,N,098-US-0023-21,NULL,NULL,2023,O,7.29E+11,098-US-0023  -021,HIGH,098-US-0023  -021,0.02,0,0,0,0,0,0,0,0,0,0,0,0,0,1
6541,72875186,KSP0900,23-78997,20230301,1327,,KY194,,,KY0194,KY0194,0,098 KY-194,KY0194,N,N,NULL,NULL,NULL,N,NULL,NULL,NULL,NULL,NULL,NULL,51.01,NULL,NULL,NULL,NULL,,NULL,0,0,1,1,N,N,55,NULL,98,9804,NULL,,Y,37.46603,-82.12968,N,NULL,NULL,NULL,NULL,NULL,NULL,NULL,NULL,9,3,2,6,1,1,2,2,7,3,N,NULL,N,N,1330,1415,1430,Y,NULL,40,8,0,N,,N,N,098-KY-0194-0,NULL,NULL,2023,O,7.29E+11,098-KY-0194  -000,HIGH,098-KY-0194  -000,51.01,0,0,0,0,0,0,0,0,0,0,0,1,0,0
6542,72979720,KSP0900,23-468783,20231124,640,,US23,,,US0023,US0023,0,098 US-23,US0023,N,N,NULL,NULL,NULL,N,NULL,NULL,NULL,NULL,NULL,NULL,8.881,NULL,NULL,NULL,NULL,,NULL,0,0,1,1,Y,N,55,NULL,98,9801,NULL,,Y,37.32445,-82.55884,N,NULL,NULL,NULL,NULL,NULL,NULL,NULL,NULL,9,5,4,3,1,1,3,7,7,3,N,NULL,Y,Y,640,703,703,Y,NULL,40,,1,N,,N,N,098-US-0023-0,NULL,NULL,2023,O,7.30E+11,098-US-0023  -000,HIGH,098-US-0023  -000,8.873,0,0,0,0,0,0,0,0,0,0,0,1,0,0
6543,72832731,980100,2.02E+11,20221113,946,,US23,,,US0023,US0023,0,098 US-23,US0023,N,N,NULL,NULL,NULL,N,NULL,NULL,NULL,NULL,NULL,NULL,21.119,NULL,NULL,NULL,NULL,,NULL,1,0,1,1,N,N,55,NULL,98,9801,NULL,,Y,37.44695,-82.52577,N,NULL,NULL,NULL,NULL,NULL,NULL,NULL,NULL,9,2,4,3,1,1,3,2,7,3,Y,NULL,Y,Y,947,953,1136,Y,NULL,70,,1,Y,,N,N,098-US-0023-0,NULL,NULL,2022,C,7.28E+11,098-US-0023  -000,HIGH,098-US-0023  -000,21.119,0,0,0,0,0,0,0,0,1,0,0,1,0,1
6544,72864863,KSP0900,23-56134,20230213,825,,ELKHORN,,CRK,KY0197,KY0197,0,098 KY-197,KY0197,N,N,NULL,NULL,NULL,N,NULL,NULL,NULL,NULL,NULL,NULL,2.933,NULL,NULL,NULL,NULL,,NULL,0,0,2,2,N,N,45,NULL,98,9867,NULL,,Y,37.23057,-82.52864,N,NULL,NULL,NULL,NULL,NULL,NULL,NULL,NULL,1,97,2,3,1,2,2,2,6,3,N,NULL,Y,N,827,902,902,N,NULL,47,7,0,N,,N,N,098-KY-0197-0,NULL,NULL,2023,O,7.29E+11,098-KY-0197  -000,HIGH,098-KY-0197  -000,2.929,0,0,0,0,0,0,0,0,0,0,0,0,0,0
6545,72986966,980100,2.02E+11,20231127,1813,,CHLOE,,RD,KY1460,KY1460,0,098 KY-1460,KY1460,N,N,NULL,NULL,NULL,N,NULL,NULL,NULL,NULL,NULL,NULL,1.919,NULL,NULL,NULL,NULL,,NULL,0,0,1,1,N,N,45,NULL,98,9801,1,E,N,37.45713,-82.47833,N,NULL,NULL,NULL,NULL,NULL,NULL,NULL,NULL,9,5,2,4,1,1,3,6,7,3,N,NULL,N,N,1814,1814,1932,N,NULL,44,,0,N,,N,N,098-KY-1460-0,NULL,NULL,2023,O,7.30E+11,098-KY-1460  -000,HIGH,098-KY-1460  -000,1.888,0,0,0,1,0,0,0,0,0,0,0,1,0,0
6546,72852271,980100,2.02E+11,20221229,1437,,US460,,,US0460,US0460,0,098 US-460,US0460,N,N,NULL,NULL,NULL,N,NULL,NULL,NULL,NULL,NULL,NULL,0.862,NULL,NULL,NULL,NULL,,NULL,3,0,2,2,N,N,55,NULL,98,9801,NULL,,Y,37.43225,-82.50549,N,NULL,NULL,NULL,NULL,NULL,NULL,NULL,NULL,3,3,2,6,1,1,2,2,7,3,Y,NULL,Y,Y,1438,1446,1517,N,NULL,52,,1,N,,N,N,098-US-0460-0,NULL,NULL,2022,C,7.29E+11,098-US-0460  -000,HIGH,098-US-0460  -000,0.862,0,0,0,1,0,0,0,0,0,0,0,1,0,0
6547,72956789,KSP0900,23-417613,20231008,1350,,BACK BOTTOM,,RD,,,,,,Y,N,NULL,NULL,NULL,N,NULL,NULL,NULL,NULL,NULL,NULL,0.114,NULL,NULL,NULL,NULL,,NULL,0,0,2,2,Y,N,15,NULL,98,9824,NULL,,Y,37.42657,-82.49541,N,NULL,NULL,NULL,NULL,NULL,NULL,NULL,NULL,2,97,1,6,1,1,3,2,1,3,N,NULL,Y,N,1350,1356,1410,N,NULL,90,,,N,,N,N,,NULL,NULL,2023,O,7.30E+11,098-PR-1128  -000,HIGH,098-PR-1128  -000,0.097,0,0,0,0,0,0,1,0,0,0,0,0,0,0
6548,72855845,KSP0900,23-21713,20230117,1600,,US119,,,US0119,US0119,0,098 US-119-10,US0119,N,N,NULL,NULL,NULL,N,NULL,NULL,NULL,NULL,NULL,NULL,2.674,NULL,NULL,NULL,NULL,,NULL,0,0,2,2,N,N,55,NULL,98,9801,NULL,,Y,37.5142,-82.4875,N,NULL,NULL,NULL,NULL,NULL,NULL,NULL,NULL,5,3,2,3,1,1,2,2,7,3,N,NULL,Y,N,1600,1600,1600,N,NULL,49,2,1,N,,N,N,098-US-0119-10,NULL,NULL,2023,O,7.29E+11,098-US-0119  -010,HIGH,098-US-0119  -000,2.672,0,0,0,0,0,0,1,0,0,0,0,0,0,1
6549,72919940,KSP0900,23-318130,20230708,1622,,CHLOE,,RD,KY1460,KY1460,,,,N,N,NULL,NULL,NULL,N,NULL,NULL,NULL,NULL,NULL,NULL,1.898,NULL,NULL,NULL,NULL,,NULL,0,0,1,1,N,N,55,NULL,98,9824,NULL,,Y,37.4571,-82.47845,N,NULL,NULL,NULL,NULL,NULL,NULL,NULL,NULL,9,3,2,3,1,1,3,2,7,3,N,NULL,N,N,1622,1633,1640,N,NULL,70,,0,N,,N,N,,NULL,NULL,2023,O,7.29E+11,098-KY-1460  -000,HIGH,098-KY-1460  -000,1.888,0,0,0,0,0,0,0,0,1,0,0,1,0,0
6550,72976575,980100,2.02E+11,20231117,1151,,KY3496,,,KY3496,KY3496,0,098 KY-3496,KY3496,N,N,NULL,NULL,NULL,N,NULL,NULL,NULL,NULL,NULL,NULL,0.046,NULL,NULL,NULL,NULL,,NULL,0,0,2,2,N,N,35,NULL,98,9801,NULL,,Y,37.46546,-82.52862,N,NULL,NULL,NULL,NULL,NULL,NULL,NULL,NULL,1,3,2,3,1,1,2,2,1,3,N,NULL,Y,N,1151,1157,1157,N,NULL,55,16,0,N,,N,N,098-KY-3496-0,NULL,NULL,2023,O,7.30E+11,098-KY-3496  -000,HIGH,098-KY-3496  -000,0.048,0,0,0,1,0,0,1,0,0,0,0,0,0,1