OBJECTID,MasterFile,AgencyORINumber,LocalCode,CollisionDate,CollisionTime,CollisionDayWeekCode,RoadwayName,RoadwayName_Direction_,RoadwayName_RoadwaySuffix_,RoadwayfromReport,CurrentRoadwayNumber,RoadwayNumberCoupletID,RSEUniqueGIS,RoadwayIdentifier,ParkingLotIndicator,IntersectionWith_Indicator_,IntersectionWith_NameRoadway_,IntersectionWith_Direction_,IntersectionWith_RoadwaySuffix_,BetweenStreets_Indicator_,BetweenStreets1_NameRoadway_,BetweenStreet1_Direction_,BetweenStreets1_RoadwaySuffix_,BetweenStreets2_NameRoadway_,BetweenStreets2_Direction_,BetweenStreets2_RoadwaySuffix_,Milepoint,ReportMilepointDeriveNumber,CurrentDerivedMiepointNumber,MilestoMilepoint,FeettoMilepoint,DirectionfromMilepoint_NSEW_,ValidMilepointIndicator,NumberInjured,NumberKilled,ofUnits,ofMotorVehicleUnits,Hit&RunIndicator,OneWayIndicator,SpeedLimitNumber,KilometersIndicator,CountyCode,CityCountyCode,MilesFromCity,DirectionFromCity_NSEW_,InCityLimitsIndicator,Latitude,Longitude,RampIndicator,RampFromIdentifier,RampFromDirCode,RampFromCoupletID,RSEUniqueGISRampFrom,RampToidentifier,RampToDirCode,RampToCoupletID,RSEUniqueGisRampTo,MannerofCollisionCode,LocationFirstEventCode,TotalLanes,RoadwayCharacterCode,RoadwaySurfaceCode,RoadwayConditionCode,WeatherCode,LightConditionCode,LandUseCode,SchoolBusRelatedCode,FirstAidSceneIndicator,CollDescPresentInd,InvestigationCompleteIndicator,PhotosTakenIndicator,TimeNotified,TimeArrived,TimeRoadwayOpened,PropertyDamageIndicator,DiagramPresentIndicator,DirectionalAnalysis,FunctionClassCode,NationalHwySysCode,EnforcementsIndicator,KARSCityCode,SecondaryCollisionIndicator,MedianCrossoverIndicator,RT_UNIQUE,MapIt,TimeLastLeft,YR,KABCO,MFNY,WorkingRID,RT_CONFIDENCE,KTC_RT,KTC_MP,Motorcyclist,Commercial Vehicle,Young Driver,Mature Driver,Pedestrian,Bicyclist,Distracted,Aggressive,Impaired,Unrestrained,Intersection,Roadway Departure,Median Cross-over,City Crash
6551,72939781,KSP0900,23-367951,20230823,700,,ROCKHOUSE,,FRK,,,0,098 CR-1395Q4,CR1395Q4,N,N,NULL,NULL,NULL,N,NULL,NULL,NULL,NULL,NULL,NULL,0.544,NULL,NULL,NULL,NULL,,NULL,1,0,1,1,N,N,35,NULL,98,9843,NULL,,Y,37.665,-82.38538,N,NULL,NULL,NULL,NULL,NULL,NULL,NULL,NULL,9,3,1,6,1,1,2,2,7,3,Y,NULL,Y,N,700,720,730,N,NULL,44,,,N,,N,N,098-CR-1395Q4-0,NULL,NULL,2023,B,7.29E+11,098-CR-1395Q4-000,HIGH,098-CR-1395Q4-000,0.549,0,0,0,0,0,0,0,0,0,1,0,1,0,0
6552,72955283,980100,2.02E+11,20231005,1648,,US23,,,US0023,US0023,0,098 US-23,US0023,N,N,NULL,NULL,NULL,N,NULL,NULL,NULL,NULL,NULL,NULL,24.068,NULL,NULL,NULL,NULL,,NULL,4,0,2,2,N,N,55,NULL,98,9801,NULL,,Y,37.47633,-82.53932,N,NULL,NULL,NULL,NULL,NULL,NULL,NULL,NULL,5,3,4,6,1,1,2,2,2,3,Y,NULL,Y,Y,1648,1651,1651,N,NULL,49,,1,N,,N,N,098-US-0023-0,NULL,NULL,2023,B,7.30E+11,098-US-0023  -000,HIGH,098-US-0023  -000,23.997,0,0,0,0,0,0,1,1,0,0,0,0,0,1
6553,72749461,KSP0900,22-130567,20220411,800,,VIRGIE,,RD,KY0610,KY0610,0,098 KY-610,KY0610,N,N,NULL,NULL,NULL,N,NULL,NULL,NULL,NULL,NULL,NULL,0.172,NULL,NULL,NULL,NULL,,NULL,0,0,2,2,N,N,55,NULL,98,9867,NULL,,Y,37.27748,-82.58131,N,NULL,NULL,NULL,NULL,NULL,NULL,NULL,NULL,5,3,2,6,1,1,2,2,6,3,N,NULL,Y,N,802,815,815,N,NULL,49,7,0,N,,N,N,098-KY-0610-0,NULL,NULL,2022,O,7.27E+11,098-KY-0610  -000,HIGH,098-KY-0610  -000,0.172,0,0,0,0,0,0,1,0,0,0,0,0,0,0
6554,72731501,980500,2022AR009,20220216,1128,,US HWY 23 NORTH AND KINNIKINNICK ROAD,,,,,,,,N,N,NULL,NULL,NULL,N,NULL,NULL,NULL,NULL,NULL,NULL,,NULL,NULL,NULL,NULL,NULL,NULL,0,0,2,2,N,N,55,NULL,98,9807,1,N,N,37.54082,-82.58239,N,NULL,NULL,NULL,NULL,NULL,NULL,NULL,NULL,1,3,4,6,1,1,2,2,1,3,N,NULL,Y,Y,1128,1131,1145,N,NULL,55,,,N,,N,N,,NULL,NULL,2022,O,7.27E+11,098-US-0023  -000,MEDIUM,098-US-0023  -000,30.289,0,0,0,1,0,0,0,0,0,0,0,0,0,1
6555,72907374,KSP0900,23-213344,20230605,850,,US119,,,US0119,US0119,0,098 US-119,US0119,N,N,NULL,NULL,NULL,N,NULL,NULL,NULL,NULL,NULL,NULL,25.285,NULL,NULL,NULL,NULL,,NULL,0,0,2,2,N,N,55,NULL,98,9834,NULL,,Y,37.6736,-82.28143,N,NULL,NULL,NULL,NULL,NULL,NULL,NULL,NULL,5,3,3,6,1,1,2,2,7,3,N,NULL,Y,N,850,850,850,N,NULL,70,2,1,N,,N,N,098-US-0119-0,NULL,NULL,2023,O,7.29E+11,098-US-0119  -000,HIGH,098-US-0119  -000,25.439,0,0,0,1,0,0,1,0,0,0,0,0,0,0
6556,72794842,980100,2.02E+11,20220810,855,,CASSIDY,,BLVD,,,0,098 CS-1191,CS1191,Y,N,NULL,NULL,NULL,N,NULL,NULL,NULL,NULL,NULL,NULL,0.316,NULL,NULL,NULL,NULL,,NULL,0,0,2,2,N,N,15,NULL,98,9801,NULL,,Y,37.5052,-82.53716,N,NULL,NULL,NULL,NULL,NULL,NULL,NULL,NULL,1,97,1,6,1,1,2,2,1,3,N,NULL,Y,N,855,903,903,N,NULL,90,,,N,,N,N,098-CS-1191-0,NULL,NULL,2022,O,7.28E+11,098-CS-1191  -000,HIGH,098-CS-1191  -000,0.316,0,0,0,0,0,0,1,0,0,0,0,0,0,1
6557,72885227,980100,2.02E+11,20230410,957,,CASSIDY,,BLVD,,,0,098 CS-1191,CS1191,N,N,NULL,NULL,NULL,N,NULL,NULL,NULL,NULL,NULL,NULL,0.307,NULL,NULL,NULL,NULL,,NULL,0,0,2,2,N,N,35,NULL,98,9801,NULL,,Y,37.50519,-82.53698,N,NULL,NULL,NULL,NULL,NULL,NULL,NULL,NULL,3,3,2,3,1,1,2,2,1,3,N,NULL,Y,N,957,1004,1030,N,NULL,52,,,N,,N,N,098-CS-1191-0,NULL,NULL,2023,O,7.29E+11,098-CS-1191  -000,HIGH,098-CS-1191  -000,0.305,0,0,0,1,0,0,1,1,0,0,0,1,0,1
6558,72920269,980100,2.02E+11,20230706,2133,,US460,,,US0460,US0460,0,098 US-460,US0460,Y,N,NULL,NULL,NULL,N,NULL,NULL,NULL,NULL,NULL,NULL,0.25,NULL,NULL,NULL,NULL,,NULL,0,0,2,2,N,N,15,NULL,98,9801,NULL,,Y,37.44039,-82.50952,N,NULL,NULL,NULL,NULL,NULL,NULL,NULL,NULL,1,97,2,6,1,1,2,5,1,3,N,NULL,Y,N,2133,2141,2141,N,NULL,90,,1,N,,N,N,098-US-0460-0,NULL,NULL,2023,O,7.29E+11,098-US-0460  -000,HIGH,098-US-0460  -000,0.172,0,0,1,0,0,0,0,1,0,0,0,0,0,1
6559,72898739,KSP0900,23-166292,20230502,1631,,KY319,,,KY0319,KY0319,0,098 KY-319,KY0319,N,N,NULL,NULL,NULL,N,NULL,NULL,NULL,NULL,NULL,NULL,6.041,NULL,NULL,NULL,NULL,,NULL,1,0,3,3,Y,N,45,NULL,98,9842,NULL,,Y,37.63264,-82.25068,N,NULL,NULL,NULL,NULL,NULL,NULL,NULL,NULL,7,3,2,,1,1,2,2,6,3,N,NULL,Y,Y,1631,1642,1715,N,NULL,54,7,0,N,,N,N,098-KY-0319-0,NULL,NULL,2023,B,7.29E+11,098-KY-0319  -000,HIGH,098-KY-0319  -000,6.032,0,0,0,0,0,0,1,0,0,0,0,1,0,0
6560,72881307,KSP0900,23-120515,20230330,1255,,KY194,,,KY0194,KY0194,0,098 KY-194,KY0194,Y,N,NULL,NULL,NULL,N,NULL,NULL,NULL,NULL,NULL,NULL,43.018,NULL,NULL,NULL,NULL,,NULL,0,0,2,2,N,N,5,NULL,98,9870,NULL,,Y,37.43504,-82.21474,N,NULL,NULL,NULL,NULL,NULL,NULL,NULL,NULL,2,97,2,4,3,1,2,2,5,3,N,NULL,Y,N,1255,1330,1255,N,NULL,90,8,0,N,,N,N,098-KY-0194-0,NULL,NULL,2023,O,7.29E+11,098-KY-0194  -000,HIGH,098-KY-0194  -000,43.029,0,1,1,0,0,0,1,0,0,0,0,0,0,0
6561,72993084,980100,2.02E+11,20231209,1808,,CASSIDY,,BLVD,,,0,098 CS-1191,CS1191,Y,N,NULL,NULL,NULL,N,NULL,NULL,NULL,NULL,NULL,NULL,0.235,NULL,NULL,NULL,NULL,,NULL,0,0,2,2,N,N,,NULL,98,9801,NULL,,Y,37.50438,-82.53573,N,NULL,NULL,NULL,NULL,NULL,NULL,NULL,NULL,8,97,,6,1,7,2,5,1,3,N,NULL,Y,N,1808,1814,1846,N,NULL,90,,,N,,N,N,098-CS-1191-0,NULL,NULL,2023,O,7.30E+11,098-CS-1191  -000,HIGH,098-CS-1191  -000,0.216,0,0,0,0,0,0,1,0,0,0,0,0,0,1
6562,72741716,980100,2.02E+11,20220318,728,,US23,,,US0023,US0023,0,098 US-23,US0023,N,N,NULL,NULL,NULL,N,NULL,NULL,NULL,NULL,NULL,NULL,21.003,NULL,NULL,NULL,NULL,,NULL,0,0,1,1,N,N,55,NULL,98,9801,NULL,,Y,37.44505,-82.52557,N,NULL,NULL,NULL,NULL,NULL,NULL,NULL,NULL,9,3,4,6,1,1,2,2,7,3,N,NULL,Y,N,728,730,741,N,NULL,38,,1,N,,N,N,098-US-0023-0,NULL,NULL,2022,O,7.27E+11,098-US-0023  -000,HIGH,098-US-0023  -000,21.003,0,0,0,0,0,0,0,0,0,0,0,0,0,1
6563,72903529,KSP0900,2023-193606,20230522,1259,,ADAMS,,RD,,,0,098 CR-1483,CR1483,N,N,NULL,NULL,NULL,N,NULL,NULL,NULL,NULL,NULL,NULL,0.011,NULL,NULL,NULL,NULL,,NULL,0,0,2,2,N,N,15,NULL,98,9801,NULL,,Y,37.50785,-82.51953,N,NULL,NULL,NULL,NULL,NULL,NULL,NULL,NULL,7,3,1,4,1,1,2,2,1,3,N,NULL,Y,N,1420,1425,,N,NULL,54,,,N,,N,N,098-CR-1483-0,NULL,NULL,2023,O,7.29E+11,098-CR-1483  -000,HIGH,098-CR-1483  -000,0.011,0,0,0,1,0,0,0,0,0,0,0,1,0,1
6564,72882012,KSP0900,23-121936,20230331,1407,,US23,,,US0023,US0023,0,098 US-23,US0023,N,N,NULL,NULL,NULL,N,NULL,NULL,NULL,NULL,NULL,NULL,23.19,NULL,NULL,NULL,NULL,,NULL,0,0,1,1,N,N,55,NULL,98,9801,NULL,,Y,37.46645,-82.5302,N,NULL,NULL,NULL,NULL,NULL,NULL,NULL,NULL,9,3,4,3,1,5,6,2,7,3,N,NULL,Y,N,1407,1417,1417,N,NULL,40,,1,N,,N,N,098-US-0023-0,NULL,NULL,2023,O,7.29E+11,098-US-0023  -000,HIGH,098-US-0023  -000,23.118,0,0,0,0,0,0,0,0,0,0,0,1,0,1
6565,72866331,980100,2.02E+11,20230210,948,,US23,,,US0023,US0023,0,098 US-23,US0023,N,N,NULL,NULL,NULL,N,NULL,NULL,NULL,NULL,NULL,NULL,24.05,NULL,NULL,NULL,NULL,,NULL,1,0,2,2,N,N,55,NULL,98,9801,NULL,,Y,37.47628,-82.53905,N,NULL,NULL,NULL,NULL,NULL,NULL,NULL,NULL,5,3,4,6,1,1,2,2,7,3,Y,NULL,Y,Y,948,953,1035,N,NULL,49,,1,N,,N,N,098-US-0023-0,NULL,NULL,2023,C,7.29E+11,098-US-0023  -000,HIGH,098-US-0023  -000,23.984,0,0,0,0,0,0,1,1,0,0,0,0,0,1
6566,72896234,KSP0900,23-155719,20230424,1539,,RIGHT FORK OF BRUSHY,,RD,,,0,098 CR-1360Q4,CR1360Q4,N,N,NULL,NULL,NULL,N,NULL,NULL,NULL,NULL,NULL,NULL,5.507,NULL,NULL,NULL,NULL,,NULL,0,0,2,2,N,N,25,NULL,98,9820,NULL,,Y,37.60526,-82.44578,N,NULL,NULL,NULL,NULL,NULL,NULL,NULL,NULL,7,3,1,5,1,1,2,2,7,3,N,NULL,Y,N,1539,1539,1539,N,NULL,54,,,N,,N,N,098-CR-1360Q4-0,NULL,NULL,2023,O,7.29E+11,098-PR-1443  -000,HIGH,098-PR-1443  -000,0.376,0,0,1,0,0,0,0,0,0,0,0,1,0,0
6567,72959183,KSP0900,23-423516,20231013,1835,,US460,,,US0460,US0460,0,098 US-460,US0460,Y,N,NULL,NULL,NULL,N,NULL,NULL,NULL,NULL,NULL,NULL,9.039,NULL,NULL,NULL,NULL,,NULL,0,0,2,2,Y,N,5,NULL,98,9830,NULL,,Y,37.36943,-82.41969,N,NULL,NULL,NULL,NULL,NULL,NULL,NULL,NULL,2,97,2,6,1,1,2,5,1,3,N,NULL,N,N,1903,1923,2000,N,NULL,90,,1,N,,N,N,098-US-0460-0,NULL,NULL,2023,O,7.30E+11,098-US-0460  -000,HIGH,098-US-0460  -000,9.021,0,0,1,0,0,0,0,0,0,0,0,0,0,0
6568,72783424,KSP0900,22-266885,20220713,2141,,ELKHORN,,CRK,KY0197,KY0197,0,098 KY-197,KY0197,N,N,NULL,NULL,NULL,N,NULL,NULL,NULL,NULL,NULL,NULL,10.609,NULL,NULL,NULL,NULL,,NULL,1,0,1,1,N,N,35,NULL,98,9802,NULL,,Y,37.26931,-82.42249,N,NULL,NULL,NULL,NULL,NULL,NULL,NULL,NULL,9,3,2,6,1,1,2,6,7,3,Y,NULL,Y,Y,2141,2156,2226,N,NULL,40,7,0,Y,,N,N,098-KY-0197-0,NULL,NULL,2022,B,7.28E+11,098-KY-0197  -000,HIGH,098-KY-0197  -000,10.609,0,0,0,0,0,0,0,0,1,1,0,1,0,0
6569,72972597,980100,2.02E+11,20231113,1826,,REDALE,,RD,,,0,098 CS-1244,CS1244,Y,N,NULL,NULL,NULL,N,NULL,NULL,NULL,NULL,NULL,NULL,0.113,NULL,NULL,NULL,NULL,,NULL,0,0,2,2,N,N,15,NULL,98,9801,NULL,,Y,37.48713,-82.52618,N,NULL,NULL,NULL,NULL,NULL,NULL,NULL,NULL,8,97,,6,1,1,2,5,6,3,N,NULL,Y,N,1826,1831,,N,NULL,90,,,N,,N,N,098-CS-1244-0,NULL,NULL,2023,O,7.30E+11,098-CS-1244  -000,HIGH,098-CS-1244  -000,0.116,0,0,0,0,0,0,0,0,0,0,0,0,0,1
6570,72863905,980100,2.02E+11,20230208,1114,,MAYO,S,TRL,,,0,098 CS-1022,CS1022,Y,N,NULL,NULL,NULL,N,NULL,NULL,NULL,NULL,NULL,NULL,,NULL,NULL,NULL,NULL,NULL,NULL,0,0,2,2,Y,N,,NULL,98,9801,NULL,,Y,37.46729,-82.53256,N,NULL,NULL,NULL,NULL,NULL,NULL,NULL,NULL,1,97,1,6,1,1,2,5,1,3,N,NULL,Y,N,1114,1116,1116,N,NULL,90,,,N,,N,N,098-CS-1022-0,NULL,NULL,2023,O,7.29E+11,098-PS-1005  -000,MEDIUM,098-PS-1005  -000,0.009,0,0,0,0,0,0,0,0,0,0,0,0,0,1
6571,72829426,980500,2022AR055,20221111,1600,,US23,,,US0023,US0023,0,098 US-23,US0023,N,N,NULL,NULL,NULL,N,NULL,NULL,NULL,NULL,NULL,NULL,,NULL,NULL,NULL,NULL,NULL,NULL,1,0,1,1,N,N,55,NULL,98,9807,NULL,,Y,37.54286,-82.58677,N,NULL,NULL,NULL,NULL,NULL,NULL,NULL,NULL,9,3,4,6,1,5,6,2,7,3,N,NULL,Y,Y,1602,1610,1610,N,NULL,70,,1,N,,N,N,098-US-0023-0,NULL,NULL,2022,C,7.28E+11,098-US-0023  -000,HIGH,098-US-0023  -000,30.576,0,0,0,0,0,0,0,0,0,0,0,1,0,1
6572,72947390,KSP0900,23-394907,20230916,1703,,US23,,,US0023,US0023,,,,N,N,NULL,NULL,NULL,N,NULL,NULL,NULL,NULL,NULL,NULL,4.327,NULL,NULL,NULL,NULL,,NULL,2,0,3,3,N,N,55,NULL,98,9809,NULL,,Y,37.28022,-82.57648,N,NULL,NULL,NULL,NULL,NULL,NULL,NULL,NULL,4,3,4,6,1,1,2,2,7,3,Y,NULL,N,N,1703,1703,1840,N,NULL,70,,1,N,,N,N,,NULL,NULL,2023,B,7.29E+11,098-US-0023  -010,MEDIUM,098-US-0023  -000,4.347,0,0,0,1,0,0,0,0,0,0,0,0,0,0
6573,72796737,KSP0900,22-324053,20220821,2048,,LITTLE ROBINSON CREEK,,RD,KY3415,KY3415,,,,N,N,NULL,NULL,NULL,N,NULL,NULL,NULL,NULL,NULL,NULL,1.261,NULL,NULL,NULL,NULL,,NULL,1,0,1,1,N,N,45,NULL,98,9827,NULL,,Y,37.36729,-82.60358,N,NULL,NULL,NULL,NULL,NULL,NULL,NULL,NULL,9,3,2,6,1,1,2,4,7,3,N,NULL,Y,Y,2048,2122,2140,N,NULL,70,9,0,N,,N,N,,NULL,NULL,2022,B,7.28E+11,098-KY-3415  -000,HIGH,098-KY-3415  -000,1.261,0,0,0,0,0,0,0,0,0,0,0,1,0,0
6574,72828196,980200,980200,20221104,1500,,KY197,,,KY0197,KY0197,0,098 KY-197,KY0197,N,N,NULL,NULL,NULL,N,NULL,NULL,NULL,NULL,NULL,NULL,15.8,NULL,NULL,NULL,NULL,,NULL,0,0,2,2,N,N,35,NULL,98,9802,NULL,,Y,37.29633,-82.36004,N,NULL,NULL,NULL,NULL,NULL,NULL,NULL,NULL,1,3,2,6,1,1,2,2,7,1,N,NULL,Y,Y,1500,1505,1637,N,NULL,55,7,0,N,,N,Y,098-KY-0197-0,NULL,NULL,2022,O,7.28E+11,098-KY-0197  -000,HIGH,098-KY-0197  -000,15.8,0,0,0,1,0,0,0,0,0,0,0,0,1,0
6575,72916520,KSP0900,23-306515,20230628,1543,,KENTUCKY ROUTE 3385,,,,,0,098 CR-1430Q4,CR1430Q4,N,N,NULL,NULL,NULL,N,NULL,NULL,NULL,NULL,NULL,NULL,0.329,NULL,NULL,NULL,NULL,,NULL,2,0,1,1,N,N,25,NULL,98,9801,NULL,,Y,37.62553,-82.59751,N,NULL,NULL,NULL,NULL,NULL,NULL,NULL,NULL,9,3,1,3,1,1,2,2,7,3,Y,NULL,N,Y,1554,1632,1730,N,NULL,44,,,Y,,N,N,098-CR-1430Q4-0,NULL,NULL,2023,A,7.29E+11,098-CR-1430Q4-000,HIGH,098-CR-1430Q4-000,0.325,0,0,0,0,0,0,0,0,1,0,0,1,0,0
6576,72875381,KSP0900,23-89044,20230307,1400,,KY1426,,,KY1426,KY1426,0,098 KY-1426,KY1426,N,N,NULL,NULL,NULL,N,NULL,NULL,NULL,NULL,NULL,NULL,12.275,NULL,NULL,NULL,NULL,,NULL,0,0,3,3,N,N,55,NULL,98,9828,NULL,,Y,37.53967,-82.4687,N,NULL,NULL,NULL,NULL,NULL,NULL,NULL,NULL,5,3,2,6,1,1,2,2,7,3,N,NULL,Y,N,1400,1400,1400,N,NULL,49,7,0,N,,N,N,098-KY-1426-0,NULL,NULL,2023,O,7.29E+11,098-KY-1426  -000,HIGH,098-KY-1426  -000,12.276,0,0,1,0,0,0,0,0,0,0,0,0,0,0
6577,72788267,KSP0900,22-290870,20220729,1830,,US119,,,US0119,US0119,0,098 US-119-10,US0119,Y,N,NULL,NULL,NULL,N,NULL,NULL,NULL,NULL,NULL,NULL,1.659,NULL,NULL,NULL,NULL,,NULL,0,0,2,2,N,N,15,NULL,98,9801,NULL,,Y,37.51342,-82.5052,N,NULL,NULL,NULL,NULL,NULL,NULL,NULL,NULL,2,97,2,6,1,1,2,2,8,3,N,NULL,Y,N,1830,1840,1840,N,NULL,90,2,1,N,,N,N,098-US-0119-10,NULL,NULL,2022,O,7.28E+11,098-US-0119  -010,HIGH,098-US-0119  -000,1.659,0,0,1,0,0,0,0,0,0,0,0,0,0,1
6578,72882234,KSP0900,23-119688,20230329,1854,,HOSPITAL,,DR,,,0,098 CR-1015C,CR1015C,Y,N,NULL,NULL,NULL,N,NULL,NULL,NULL,NULL,NULL,NULL,0.264,NULL,NULL,NULL,NULL,,NULL,0,0,2,2,N,N,15,NULL,98,9834,NULL,,Y,37.6755,-82.29735,N,NULL,NULL,NULL,NULL,NULL,NULL,NULL,NULL,2,97,1,6,1,1,2,1,1,3,N,NULL,Y,N,1854,1910,1910,N,NULL,90,,,N,,N,N,098-CR-1015C-0,NULL,NULL,2023,O,7.29E+11,098-CR-1015C -000,HIGH,098-CR-1015C -000,0.488,0,0,1,0,0,0,1,0,0,0,0,0,0,0
6579,72966604,KSP0900,23-441915,20231031,1200,,GOODY,,LOOP,,,0,098 PR-1024,PR1024,Y,N,NULL,NULL,NULL,N,NULL,NULL,NULL,NULL,NULL,NULL,0.015,NULL,NULL,NULL,NULL,,NULL,0,0,2,2,N,N,,NULL,98,9834,NULL,,Y,37.66009,-82.27289,N,NULL,NULL,NULL,NULL,NULL,NULL,NULL,NULL,2,97,,6,1,1,2,2,7,3,N,NULL,Y,N,1200,1200,1200,N,NULL,90,,,N,,N,N,098-PR-1024-0,NULL,NULL,2023,O,7.30E+11,098-PR-1024  -000,HIGH,098-PR-1024  -000,0.016,0,0,0,0,0,0,0,0,0,0,0,0,0,0
6580,72842398,KSP0900,22-477062,20221214,1849,,US23,,,US0023,US0023,0,098 US-23,US0023,N,N,NULL,NULL,NULL,N,NULL,NULL,NULL,NULL,NULL,NULL,16.69,NULL,NULL,NULL,NULL,,NULL,0,0,2,2,N,N,55,NULL,98,9801,NULL,,Y,37.41722,-82.52599,N,NULL,NULL,NULL,NULL,NULL,NULL,NULL,NULL,4,3,4,4,1,5,6,6,7,3,N,NULL,N,N,1845,1900,1900,N,NULL,70,,1,N,,N,N,098-US-0023-0,NULL,NULL,2022,O,7.28E+11,098-US-0023  -000,HIGH,098-US-0023  -000,16.69,0,0,0,1,0,0,1,0,0,0,0,0,0,0
6581,72884512,KSP0900,23-132861,20230408,240,,US119,,,US0119,US0119,0,098 US-119,US0119,N,N,NULL,NULL,NULL,N,NULL,NULL,NULL,NULL,NULL,NULL,22.307,NULL,NULL,NULL,NULL,,NULL,0,0,1,1,N,N,55,NULL,98,9836,NULL,,Y,37.6357,-82.25841,N,NULL,NULL,NULL,NULL,NULL,NULL,NULL,NULL,9,3,2,6,1,1,2,6,7,3,N,NULL,N,N,232,245,245,N,NULL,40,2,1,N,,N,N,098-US-0119-0,NULL,NULL,2023,O,7.29E+11,098-US-0119  -000,HIGH,098-US-0119  -000,22.298,0,0,0,0,0,0,0,0,1,0,0,1,0,0
6582,72915828,980500,2023AR031,20230623,1525,,US23,,,US0023,US0023,0,098 US-23-10,US0023,N,Y,MAIN ST CONN,,,N,NULL,NULL,NULL,NULL,NULL,NULL,28.593,NULL,NULL,NULL,NULL,,NULL,0,0,2,2,N,N,55,NULL,98,9807,NULL,,Y,37.51963,-82.56708,N,NULL,NULL,NULL,NULL,NULL,NULL,NULL,NULL,1,3,4,6,1,5,6,2,1,3,N,NULL,Y,Y,1525,1525,1610,N,NULL,8,,1,N,,N,N,098-US-0023-10,NULL,NULL,2023,O,7.29E+11,098-US-0023  -010,HIGH,098-US-0023  -000,28.585,0,0,0,0,0,0,0,1,0,0,1,0,0,0
6583,72805434,KSP0900,22-356815,20220914,1005,,TOLER,,RD,KY0319,KY0319,0,098 KY-319,KY0319,N,N,NULL,NULL,NULL,N,NULL,NULL,NULL,NULL,NULL,NULL,4.536,NULL,NULL,NULL,NULL,,NULL,0,0,1,1,N,N,35,NULL,98,9842,NULL,,Y,37.61492,-82.23957,N,NULL,NULL,NULL,NULL,NULL,NULL,NULL,NULL,9,3,2,6,1,1,2,2,7,3,N,NULL,N,N,1005,1025,1045,N,NULL,44,7,0,N,,N,N,098-KY-0319-0,NULL,NULL,2022,O,7.28E+11,098-KY-0319  -000,HIGH,098-KY-0319  -000,4.536,0,0,0,0,0,0,1,0,0,0,0,1,0,0
6584,72830742,980100,2.02E+11,20221116,1050,,US23,,,US0023,US0023,0,098 US-23,US0023,N,N,NULL,NULL,NULL,N,NULL,NULL,NULL,NULL,NULL,NULL,24.765,NULL,NULL,NULL,NULL,,NULL,0,0,2,2,N,N,55,NULL,98,9801,NULL,,Y,37.48533,-82.54242,N,NULL,NULL,NULL,NULL,NULL,NULL,NULL,NULL,8,3,4,3,1,5,2,2,7,3,N,NULL,N,N,1050,1105,1050,N,NULL,53,,1,N,,N,N,098-US-0023-0,NULL,NULL,2022,O,7.28E+11,098-US-0023  -000,HIGH,098-US-0023  -000,24.765,0,0,0,0,0,0,1,0,0,0,0,1,0,1
6585,72982699,980100,2.02E+11,20231110,1510,,HAMBLEY,,BLVD,,,0,098 CS-1222,CS1222,N,N,NULL,NULL,NULL,N,NULL,NULL,NULL,NULL,NULL,NULL,0.446,NULL,NULL,NULL,NULL,,NULL,0,0,2,2,Y,N,35,NULL,98,9801,NULL,,Y,37.4778,-82.52096,N,NULL,NULL,NULL,NULL,NULL,NULL,NULL,NULL,8,5,,6,1,1,2,2,8,3,N,NULL,Y,N,1510,1513,1513,N,NULL,47,,,N,,N,N,098-CS-1222-0,NULL,NULL,2023,O,7.30E+11,098-CS-1222  -000,HIGH,098-CS-1222  -000,0.446,0,0,0,0,0,0,0,0,0,0,0,0,0,1
6586,72835881,980100,2.02E+11,20221130,1010,,HAROLDS BRANCH,,RD,,,0,098 CS-1223,CS1223,Y,N,NULL,NULL,NULL,N,NULL,NULL,NULL,NULL,NULL,NULL,0.037,NULL,NULL,NULL,NULL,,NULL,0,0,2,2,N,N,15,NULL,98,9801,NULL,,Y,37.47246,-82.52222,N,NULL,NULL,NULL,NULL,NULL,NULL,NULL,NULL,8,97,1,6,2,1,3,2,1,3,N,NULL,N,N,1010,1015,,N,NULL,90,,,N,,N,N,098-CS-1223-0,NULL,NULL,2022,O,7.28E+11,098-CS-1223  -000,HIGH,098-CS-1223  -000,0.037,0,0,0,0,0,0,1,0,0,0,0,0,0,1
6587,72940403,KSP0900,23-375023,20230829,1912,,UPPER JOHNS,,CRK,KY0632,KY0632,0,098 KY-632,KY0632,N,N,NULL,NULL,NULL,N,NULL,NULL,NULL,NULL,NULL,NULL,0.931,NULL,NULL,NULL,NULL,,NULL,0,0,2,2,N,N,55,NULL,98,9817,NULL,,Y,37.4937,-82.33572,N,NULL,NULL,NULL,NULL,NULL,NULL,NULL,NULL,7,3,2,3,1,5,3,2,1,3,N,NULL,N,N,1900,1910,1915,N,NULL,54,6,0,N,,N,N,098-KY-0632-0,NULL,NULL,2023,O,7.29E+11,098-KY-0632  -000,HIGH,098-KY-0632  -000,0.932,0,0,0,0,0,0,0,1,0,0,0,1,0,0