OBJECTID,MasterFile,AgencyORINumber,LocalCode,CollisionDate,CollisionTime,CollisionDayWeekCode,RoadwayName,RoadwayName_Direction_,RoadwayName_RoadwaySuffix_,RoadwayfromReport,CurrentRoadwayNumber,RoadwayNumberCoupletID,RSEUniqueGIS,RoadwayIdentifier,ParkingLotIndicator,IntersectionWith_Indicator_,IntersectionWith_NameRoadway_,IntersectionWith_Direction_,IntersectionWith_RoadwaySuffix_,BetweenStreets_Indicator_,BetweenStreets1_NameRoadway_,BetweenStreet1_Direction_,BetweenStreets1_RoadwaySuffix_,BetweenStreets2_NameRoadway_,BetweenStreets2_Direction_,BetweenStreets2_RoadwaySuffix_,Milepoint,ReportMilepointDeriveNumber,CurrentDerivedMiepointNumber,MilestoMilepoint,FeettoMilepoint,DirectionfromMilepoint_NSEW_,ValidMilepointIndicator,NumberInjured,NumberKilled,ofUnits,ofMotorVehicleUnits,Hit&RunIndicator,OneWayIndicator,SpeedLimitNumber,KilometersIndicator,CountyCode,CityCountyCode,MilesFromCity,DirectionFromCity_NSEW_,InCityLimitsIndicator,Latitude,Longitude,RampIndicator,RampFromIdentifier,RampFromDirCode,RampFromCoupletID,RSEUniqueGISRampFrom,RampToidentifier,RampToDirCode,RampToCoupletID,RSEUniqueGisRampTo,MannerofCollisionCode,LocationFirstEventCode,TotalLanes,RoadwayCharacterCode,RoadwaySurfaceCode,RoadwayConditionCode,WeatherCode,LightConditionCode,LandUseCode,SchoolBusRelatedCode,FirstAidSceneIndicator,CollDescPresentInd,InvestigationCompleteIndicator,PhotosTakenIndicator,TimeNotified,TimeArrived,TimeRoadwayOpened,PropertyDamageIndicator,DiagramPresentIndicator,DirectionalAnalysis,FunctionClassCode,NationalHwySysCode,EnforcementsIndicator,KARSCityCode,SecondaryCollisionIndicator,MedianCrossoverIndicator,RT_UNIQUE,MapIt,TimeLastLeft,YR,KABCO,MFNY,WorkingRID,RT_CONFIDENCE,KTC_RT,KTC_MP,Motorcyclist,Commercial Vehicle,Young Driver,Mature Driver,Pedestrian,Bicyclist,Distracted,Aggressive,Impaired,Unrestrained,Intersection,Roadway Departure,Median Cross-over,City Crash
6588,72945614,980100,2.02E+11,20230908,649,,BYPASS,S,RD,KY1426,KY1426,0,098 KY-1426,KY1426,Y,N,NULL,NULL,NULL,N,NULL,NULL,NULL,NULL,NULL,NULL,5.67,NULL,NULL,NULL,NULL,,NULL,0,0,2,2,N,N,55,NULL,98,9801,NULL,,Y,37.47268,-82.52321,N,NULL,NULL,NULL,NULL,NULL,NULL,NULL,NULL,2,97,2,6,1,1,2,1,1,3,N,NULL,Y,N,649,653,653,N,NULL,90,,0,N,,N,N,098-KY-1426-0,NULL,NULL,2023,O,7.29E+11,098-KY-1426  -000,HIGH,098-KY-1426  -000,5.67,0,0,0,0,0,0,1,0,0,0,0,0,0,1
6589,72842317,980100,2.02E+11,20221209,1954,,CASSIDY,,BLVD,,,0,098 CS-1191,CS1191,Y,N,NULL,NULL,NULL,N,NULL,NULL,NULL,NULL,NULL,NULL,0.2,NULL,NULL,NULL,NULL,,NULL,0,0,2,2,N,N,10,NULL,98,9801,NULL,,Y,37.50404,-82.53522,N,NULL,NULL,NULL,NULL,NULL,NULL,NULL,NULL,2,97,2,6,1,1,3,5,1,3,N,NULL,Y,N,1953,2003,2003,N,NULL,90,,,Y,,N,N,098-CS-1191-0,NULL,NULL,2022,O,7.28E+11,098-CS-1191  -000,HIGH,098-CS-1191  -000,0.2,0,0,0,0,0,0,1,0,1,0,0,0,0,1
6590,72890690,980500,2023AR016,20230420,1552,,MAYO TRAIL,N,,,,,,,N,N,NULL,NULL,NULL,N,NULL,NULL,NULL,NULL,NULL,NULL,,NULL,NULL,NULL,NULL,NULL,NULL,1,0,2,2,N,N,15,NULL,98,9807,NULL,,Y,37.52652,-82.57429,N,NULL,NULL,NULL,NULL,NULL,NULL,NULL,NULL,1,97,2,4,1,1,2,2,1,3,Y,NULL,Y,Y,1552,1559,1636,N,NULL,55,,,N,,N,N,,NULL,NULL,2023,C,7.29E+11,098-US-0023  -010,MEDIUM,098-US-0023  -000,29.205,0,0,0,0,0,0,1,0,0,0,0,0,0,0
6591,72916293,980100,2.02E+11,20230627,1252,,US23,,,US0023,US0023,,,,N,N,NULL,NULL,NULL,N,NULL,NULL,NULL,NULL,NULL,NULL,26.226,NULL,NULL,NULL,NULL,,NULL,0,0,2,2,Y,N,55,NULL,98,9801,NULL,,Y,37.50284,-82.53204,N,NULL,NULL,NULL,NULL,NULL,NULL,NULL,NULL,6,3,,6,1,1,3,2,1,3,N,NULL,Y,N,1252,1258,1258,N,NULL,70,,1,Y,,N,N,,NULL,NULL,2023,O,7.29E+11,098-US-0023  -000,MEDIUM,098-US-0023  -000,26.163,0,0,0,1,0,0,1,0,0,1,0,0,0,1
6592,72967891,980100,2.02E+11,20231102,1908,,US23,,,US0023,US0023,0,098 US-23-10,US0023,N,N,NULL,NULL,NULL,N,NULL,NULL,NULL,NULL,NULL,NULL,29.691,NULL,NULL,NULL,NULL,,NULL,0,0,1,1,N,N,55,NULL,98,9801,NULL,,Y,37.53277,-82.57757,N,NULL,NULL,NULL,NULL,NULL,NULL,NULL,NULL,9,3,4,6,1,1,2,5,2,3,N,NULL,Y,N,1908,1908,1908,N,NULL,38,,1,N,,N,N,098-US-0023-10,NULL,NULL,2023,O,7.30E+11,098-US-0023  -010,HIGH,098-US-0023  -000,29.671,0,0,0,0,0,0,0,0,0,0,0,0,0,1
6593,72977515,980100,2.02E+11,20231115,2226,,US23,,,US0023,US0023,0,098 US-23,US0023,N,N,NULL,NULL,NULL,N,NULL,NULL,NULL,NULL,NULL,NULL,24.721,NULL,NULL,NULL,NULL,,NULL,0,0,1,1,N,N,55,NULL,98,9801,NULL,,Y,37.48474,-82.54268,N,NULL,NULL,NULL,NULL,NULL,NULL,NULL,NULL,9,3,4,6,1,1,2,5,7,3,N,NULL,Y,N,2226,2231,2231,N,NULL,38,,1,N,,N,N,098-US-0023-0,NULL,NULL,2023,O,7.30E+11,098-US-0023  -000,HIGH,098-US-0023  -000,24.655,0,0,0,0,0,0,0,0,0,0,0,0,0,1
6594,72886748,980100,2.02E+11,20230414,802,,US23,,,US0023,US0023,0,098 US-23,US0023,N,Y,TOLLAGE,,CRK,N,NULL,NULL,NULL,NULL,NULL,NULL,26.912,NULL,NULL,NULL,NULL,,NULL,1,0,2,2,N,N,55,NULL,98,9801,NULL,,Y,37.50994,-82.5395,N,NULL,NULL,NULL,NULL,NULL,NULL,NULL,NULL,1,3,4,6,1,1,3,2,1,3,Y,NULL,Y,Y,802,808,836,N,NULL,10,,1,N,,N,N,098-US-0023-0,NULL,NULL,2023,B,7.29E+11,098-US-0023  -000,HIGH,098-US-0023  -000,26.853,0,0,0,1,0,0,1,0,0,0,1,0,0,1
6595,72895768,980100,2.02E+11,20230507,1230,,CASSIDY,,BLVD,,,0,098 CS-1191,CS1191,Y,N,NULL,NULL,NULL,N,NULL,NULL,NULL,NULL,NULL,NULL,0.29,NULL,NULL,NULL,NULL,,NULL,0,0,2,2,N,N,15,NULL,98,9801,NULL,,Y,37.50436,-82.53659,N,NULL,NULL,NULL,NULL,NULL,NULL,NULL,NULL,5,97,,4,1,1,2,2,1,3,N,NULL,Y,N,1230,1231,1232,N,NULL,90,,,N,,N,N,098-CS-1191-0,NULL,NULL,2023,O,7.29E+11,098-CS-1191  -000,HIGH,098-CS-1191  -000,0.251,0,0,0,0,0,0,1,0,0,0,0,0,0,1
6596,72927850,KSP0900,23-332754,20230721,1707,,KY319,,,KY0319,KY0319,0,098 KY-319,KY0319,N,N,NULL,NULL,NULL,N,NULL,NULL,NULL,NULL,NULL,NULL,1.122,NULL,NULL,NULL,NULL,,NULL,1,0,1,1,N,N,55,NULL,98,9842,NULL,,Y,37.58615,-82.19707,N,NULL,NULL,NULL,NULL,NULL,NULL,NULL,NULL,9,3,2,2,1,1,2,2,7,3,N,NULL,N,N,1837,1846,1905,N,NULL,44,7,0,N,,N,N,098-KY-0319-0,NULL,NULL,2023,A,7.29E+11,098-KY-0319  -000,HIGH,098-KY-0319  -000,1.122,0,0,0,1,0,0,1,0,0,1,0,1,0,0
6597,72984761,980100,2.02E+11,20231212,1226,,JUSTICE,,WAY,,,,,,Y,N,NULL,NULL,NULL,N,NULL,NULL,NULL,NULL,NULL,NULL,,NULL,NULL,NULL,NULL,,NULL,0,0,2,2,N,N,15,NULL,98,9801,NULL,,Y,37.50536,-82.53982,N,NULL,NULL,NULL,NULL,NULL,NULL,NULL,NULL,8,97,,6,1,1,2,2,1,3,N,NULL,Y,N,1226,1235,,N,NULL,90,,,N,,N,N,,NULL,NULL,2023,O,7.30E+11,098-CS-1215  -000,MEDIUM,098-CS-1215  -000,0.717,0,0,0,0,0,0,1,0,0,0,0,0,0,1
6598,72955721,980100,2.02E+11,20231006,1639,,KY1426,,,KY1426,KY1426,0,098 KY-1426,KY1426,N,N,NULL,NULL,NULL,N,NULL,NULL,NULL,NULL,NULL,NULL,9.148,NULL,NULL,NULL,NULL,,NULL,0,0,1,1,N,N,35,NULL,98,9801,0.5,E,N,37.50727,-82.48912,N,NULL,NULL,NULL,NULL,NULL,NULL,NULL,NULL,9,5,2,2,1,5,5,2,3,3,N,NULL,Y,N,1639,1643,1718,N,NULL,51,,0,N,,N,N,098-KY-1426-0,NULL,NULL,2023,O,7.30E+11,098-KY-1426  -000,HIGH,098-KY-1426  -000,9.137,0,0,0,0,0,0,0,0,0,0,0,1,0,1
6599,72811268,980100,2.02E+11,20220921,2007,,,,,US0023,US0023,,,,N,Y,US23 RAMP TO KY1384,,,N,NULL,NULL,NULL,NULL,NULL,NULL,0.012,NULL,NULL,NULL,NULL,NULL,NULL,0,0,2,2,N,N,45,NULL,98,9801,NULL,,Y,37.47971,-82.54192,N,NULL,NULL,NULL,NULL,NULL,NULL,NULL,NULL,1,3,4,6,1,1,2,6,7,3,N,NULL,Y,N,2007,2011,2056,N,NULL,10,,1,N,,N,N,,NULL,NULL,2022,O,7.28E+11,098-US-0023  -212,MEDIUM,098-US-0023  -212,0.012,0,0,0,0,0,0,1,1,0,0,1,0,0,1
6600,72802370,KSP0900,22-347080,20220907,756,,SOOKEYS,W,CRK,,,0,098 CR-1282,CR1282,N,N,NULL,NULL,NULL,N,NULL,NULL,NULL,NULL,NULL,NULL,1.313,NULL,NULL,NULL,NULL,,NULL,0,0,2,2,N,N,25,NULL,98,9827,NULL,,Y,37.405,-82.53569,N,NULL,NULL,NULL,NULL,NULL,NULL,NULL,NULL,3,3,2,2,1,1,2,2,6,3,N,NULL,Y,N,756,803,835,N,NULL,52,,,N,,N,N,098-CR-1282-0,NULL,NULL,2022,O,7.28E+11,098-CR-1282  -000,HIGH,098-CR-1282  -000,1.313,0,0,0,0,0,0,1,0,0,0,0,1,0,0
6601,72888682,KSP0900,23-142632,20230414,2050,,ZEBULON,,HWY,KY1426,KY1426,0,098 KY-1426,KY1426,N,N,NULL,NULL,NULL,N,NULL,NULL,NULL,NULL,NULL,NULL,14.846,NULL,NULL,NULL,NULL,,NULL,0,0,1,1,N,N,35,NULL,98,9887,NULL,,Y,37.56589,-82.45967,N,NULL,NULL,NULL,NULL,NULL,NULL,NULL,NULL,9,3,2,3,1,5,2,6,7,3,N,NULL,N,N,2250,2250,2250,N,NULL,40,7,0,N,,N,N,098-KY-1426-0,NULL,NULL,2023,O,7.29E+11,098-KY-1426  -000,HIGH,098-KY-1426  -000,14.847,0,0,1,0,0,0,0,0,0,0,0,1,0,0
6602,72925257,980100,2.02E+11,20230712,1648,,BYPASS,S,RD,KY1426,KY1426,0,098 KY-1426,KY1426,Y,N,NULL,NULL,NULL,N,NULL,NULL,NULL,NULL,NULL,NULL,5.938,NULL,NULL,NULL,NULL,,NULL,0,0,2,2,N,N,15,NULL,98,9801,NULL,,Y,37.47483,-82.51912,N,NULL,NULL,NULL,NULL,NULL,NULL,NULL,NULL,1,97,2,6,1,1,2,2,1,3,N,NULL,Y,N,1648,1655,,N,NULL,90,,0,N,,N,N,098-KY-1426-0,NULL,NULL,2023,O,7.29E+11,098-KY-1426  -000,HIGH,098-KY-1426  -000,5.938,0,0,0,1,0,0,1,0,0,0,0,0,0,1
6603,72883383,980100,2.02E+11,20230401,1845,,BYPASS,S,RD,KY1426,KY1426,0,098 KY-1426,KY1426,Y,N,NULL,NULL,NULL,N,NULL,NULL,NULL,NULL,NULL,NULL,5.692,NULL,NULL,NULL,NULL,,NULL,0,0,2,2,N,N,,NULL,98,9801,NULL,,Y,37.47282,-82.52283,N,NULL,NULL,NULL,NULL,NULL,NULL,NULL,NULL,6,97,2,5,1,1,2,2,5,3,N,NULL,Y,N,1845,1850,1850,N,NULL,90,,0,N,,N,N,098-KY-1426-0,NULL,NULL,2023,O,7.29E+11,098-KY-1426  -000,HIGH,098-KY-1426  -000,5.692,0,0,0,0,0,0,0,0,0,0,0,0,0,1
6604,72896546,KSP0900,23-170963,20230505,2157,,KY194,E,,KY0194,KY0194,0,098 KY-194,KY0194,N,N,NULL,NULL,NULL,N,NULL,NULL,NULL,NULL,NULL,NULL,20.945,NULL,NULL,NULL,NULL,,NULL,0,0,2,2,Y,N,55,NULL,98,9820,NULL,,Y,37.53915,-82.39367,N,NULL,NULL,NULL,NULL,NULL,NULL,NULL,NULL,7,3,2,6,1,1,2,6,7,3,N,NULL,N,N,2157,2211,2211,N,NULL,54,6,0,N,,N,N,098-KY-0194-0,NULL,NULL,2023,O,7.29E+11,098-KY-0194  -000,HIGH,098-KY-0194  -000,20.974,0,0,0,0,0,0,1,0,0,0,0,1,0,0
6605,72894835,980100,2.02E+11,20230504,1509,,MAIN,,ST,,,0,098 CS-1112,CS1112,N,N,NULL,NULL,NULL,N,NULL,NULL,NULL,NULL,NULL,NULL,0.011,NULL,NULL,NULL,NULL,,NULL,0,0,2,2,N,Y,15,NULL,98,9801,NULL,,Y,37.47785,-82.51844,N,NULL,NULL,NULL,NULL,NULL,NULL,NULL,NULL,8,3,2,6,1,1,2,2,7,3,N,NULL,Y,N,1509,1511,1511,N,NULL,53,,,N,,N,N,098-CS-1112-0,NULL,NULL,2023,O,7.29E+11,098-CS-1112  -000,HIGH,098-CS-1112  -000,0.011,0,0,0,0,0,0,0,0,0,0,0,1,0,1
6606,72823238,980100,2.02E+11,20221025,1744,,US119,,,US0119,US0119,0,098 US-119-10,US0119,N,N,NULL,NULL,NULL,N,NULL,NULL,NULL,NULL,NULL,NULL,0.02,NULL,NULL,NULL,NULL,,NULL,1,0,3,3,N,N,55,NULL,98,9801,NULL,,Y,37.50389,-82.53165,N,NULL,NULL,NULL,NULL,NULL,NULL,NULL,NULL,1,3,2,6,1,1,3,2,7,3,Y,NULL,Y,Y,1744,1749,1827,N,NULL,55,2,1,N,,N,N,098-US-0119-10,NULL,NULL,2022,C,7.28E+11,098-US-0119  -010,HIGH,098-US-0119  -000,0.02,0,0,1,0,0,0,0,0,0,1,0,0,0,1
6607,72926821,KSP0900,23-338304,20230726,1747,,US23,,,US0023,US0023,0,098 US-23,US0023,N,N,NULL,NULL,NULL,N,NULL,NULL,NULL,NULL,NULL,NULL,13.568,NULL,NULL,NULL,NULL,,NULL,1,0,2,2,N,N,55,NULL,98,9801,NULL,,Y,37.38019,-82.54061,N,NULL,NULL,NULL,NULL,NULL,NULL,NULL,NULL,1,3,4,6,1,1,2,2,7,3,Y,NULL,Y,Y,1747,1750,1800,N,NULL,55,,1,N,,N,N,098-US-0023-0,NULL,NULL,2023,C,7.29E+11,098-US-0023  -000,HIGH,098-US-0023  -000,13.551,0,0,0,1,0,0,0,1,0,0,0,0,0,0
6608,72859132,980100,2.02E+11,20230122,1122,,COLLEGE,S,ST,,,0,098 CS-1152,CS1152,N,N,NULL,NULL,NULL,N,NULL,NULL,NULL,NULL,NULL,NULL,0.34,NULL,NULL,NULL,NULL,,NULL,0,0,2,2,N,N,15,NULL,98,9801,NULL,,Y,37.47518,-82.52674,N,NULL,NULL,NULL,NULL,NULL,NULL,NULL,NULL,1,3,2,6,1,5,3,2,6,3,N,NULL,Y,N,1122,1131,1140,N,NULL,55,,,N,,N,N,098-CS-1152-0,NULL,NULL,2023,O,7.29E+11,098-CS-1152  -000,HIGH,098-CS-1152  -000,0.271,0,0,0,0,0,0,1,0,0,0,0,0,0,1
6609,72887789,KSP0900,23-136288,20230410,1752,,KY194,,,KY0194,KY0194,0,098 KY-194,KY0194,N,N,NULL,NULL,NULL,N,NULL,NULL,NULL,NULL,NULL,NULL,54.799,NULL,NULL,NULL,NULL,,NULL,0,0,2,2,N,N,35,NULL,98,9804,NULL,,Y,37.51069,-82.14679,N,NULL,NULL,NULL,NULL,NULL,NULL,NULL,NULL,1,3,2,6,1,1,2,2,7,3,N,NULL,Y,N,1752,1835,1800,N,NULL,55,8,0,N,,N,N,098-KY-0194-0,NULL,NULL,2023,O,7.29E+11,098-KY-0194  -000,HIGH,098-KY-0194  -000,54.798,0,0,0,1,0,0,0,0,0,0,0,0,0,0
6610,72895704,KSP0900,2023-173284,20230507,1425,,KY122,,,KY0122,KY0122,,,,N,N,NULL,NULL,NULL,N,NULL,NULL,NULL,NULL,NULL,NULL,2.869,NULL,NULL,NULL,NULL,,NULL,0,0,1,1,N,N,45,NULL,98,9827,NULL,,Y,37.33867,-82.6246,N,NULL,NULL,NULL,NULL,NULL,NULL,NULL,NULL,9,3,2,6,1,5,3,2,7,3,N,NULL,N,N,1425,1439,1530,N,NULL,70,,0,N,,N,N,,NULL,NULL,2023,O,7.29E+11,098-KY-0122  -000,HIGH,098-KY-0122  -000,2.864,0,0,0,0,0,0,0,0,0,0,0,1,0,0
6611,72947205,980100,2.02E+11,20230915,1811,,KY3496,,,KY3496,KY3496,,,,Y,N,NULL,NULL,NULL,N,NULL,NULL,NULL,NULL,NULL,NULL,0.251,NULL,NULL,NULL,NULL,,NULL,0,0,2,2,N,N,,NULL,98,9801,NULL,,Y,37.46676,-82.53244,N,NULL,NULL,NULL,NULL,NULL,NULL,NULL,NULL,2,97,,6,1,1,2,2,1,3,N,NULL,Y,N,1811,1816,1831,N,NULL,90,16,0,N,,N,N,,NULL,NULL,2023,O,7.29E+11,098-KY-3496  -000,HIGH,098-KY-3496  -000,0.263,0,0,0,0,0,0,1,0,0,0,0,0,0,1
6612,72950870,980500,2023AR045,20230916,1937,,UNNAMED,,,,,,,,N,N,NULL,NULL,NULL,N,NULL,NULL,NULL,NULL,NULL,NULL,,NULL,NULL,NULL,NULL,NULL,NULL,1,0,1,1,N,N,15,NULL,98,9807,NULL,,Y,37.5393,-82.58056,N,NULL,NULL,NULL,NULL,NULL,NULL,NULL,NULL,9,97,1,5,97,1,2,8,5,3,Y,NULL,Y,Y,1925,2000,,Y,NULL,44,,,N,,N,N,,NULL,NULL,2023,C,7.30E+11,098-CS-3062  -000,MEDIUM,098-CS-3062  -000,0.095,0,0,0,0,0,0,0,0,1,0,0,1,0,0
6613,72824682,KSP0900,22-422500,20221103,630,,US119,,,US0119,US0119,0,098 US-119-10,US0119,N,N,NULL,NULL,NULL,N,NULL,NULL,NULL,NULL,NULL,NULL,21.012,NULL,NULL,NULL,NULL,,NULL,0,0,1,1,N,N,35,NULL,98,9836,NULL,,Y,37.6221,-82.2683,N,NULL,NULL,NULL,NULL,NULL,NULL,NULL,NULL,9,6,4,3,1,1,10,6,7,3,N,NULL,Y,N,640,715,715,Y,NULL,40,2,1,N,,N,N,098-US-0119-10,NULL,NULL,2022,O,7.28E+11,098-US-0119  -010,HIGH,098-US-0119  -000,21.012,0,0,0,0,0,0,1,0,0,0,0,1,0,0
6614,72816853,980200,980200,20221015,1800,,KY80,,,KY0080,KY0080,0,098 KY-80,KY0080,Y,N,NULL,NULL,NULL,N,NULL,NULL,NULL,NULL,NULL,NULL,3.146,NULL,NULL,NULL,NULL,,NULL,0,0,2,2,N,N,35,NULL,98,9802,NULL,,Y,37.30404,-82.35143,N,NULL,NULL,NULL,NULL,NULL,NULL,NULL,NULL,2,97,0,6,1,1,2,2,1,3,N,NULL,Y,Y,1800,1802,,N,NULL,90,7,0,N,,N,N,098-KY-0080-0,NULL,NULL,2022,O,7.28E+11,098-KY-0080  -000,HIGH,098-KY-0080  -000,3.146,0,0,0,0,0,0,0,0,0,1,0,0,0,0
6615,72954527,980100,2.02E+11,20230927,1715,,MAYO,S,TRL,US0023,US0023,0,098 US-23-10,US0023,N,N,NULL,NULL,NULL,N,NULL,NULL,NULL,NULL,NULL,NULL,21.214,NULL,NULL,NULL,NULL,,NULL,3,0,2,2,N,N,55,NULL,98,9801,NULL,,Y,37.44804,-82.52547,N,NULL,NULL,NULL,NULL,NULL,NULL,NULL,NULL,1,3,4,6,1,1,3,2,1,3,Y,NULL,Y,Y,1715,1722,1758,N,NULL,55,,1,N,,N,N,098-US-0023-10,NULL,NULL,2023,A,7.30E+11,098-US-0023  -010,HIGH,098-US-0023  -000,21.147,0,0,1,0,0,0,0,1,0,1,0,1,0,1
6616,72882284,KSP0900,23-111222,20230401,1703,,KY194,,,KY0194,KY0194,0,098 KY-194,KY0194,N,N,NULL,NULL,NULL,N,NULL,NULL,NULL,NULL,NULL,NULL,14.505,NULL,NULL,NULL,NULL,,NULL,0,0,1,1,N,N,55,NULL,98,9801,NULL,,Y,37.58121,-82.47826,N,NULL,NULL,NULL,NULL,NULL,NULL,NULL,NULL,9,3,2,3,1,1,7,2,7,3,N,NULL,N,N,1704,1704,1720,N,NULL,44,7,0,N,,N,N,098-KY-0194-0,NULL,NULL,2023,O,7.29E+11,098-KY-0194  -000,HIGH,098-KY-0194  -000,14.496,0,0,0,0,0,0,0,0,0,0,0,1,0,0
6617,72849695,KSP0900,23-1728,20230102,1314,,KY194,,,KY0194,KY0194,0,098 KY-194,KY0194,N,N,NULL,NULL,NULL,N,NULL,NULL,NULL,NULL,NULL,NULL,62.69,NULL,NULL,NULL,NULL,,NULL,0,0,1,1,N,N,35,NULL,98,9811,NULL,,Y,37.55419,-82.11977,N,NULL,NULL,NULL,NULL,NULL,NULL,NULL,NULL,9,5,2,6,1,5,3,2,7,3,N,NULL,Y,N,1314,1355,1355,N,NULL,44,7,0,N,,N,N,098-KY-0194-0,NULL,NULL,2023,O,7.28E+11,098-KY-0194  -000,HIGH,098-KY-0194  -000,62.697,0,0,0,0,0,0,0,0,0,0,0,1,0,0
6618,72939780,KSP0900,23-359271,20230815,744,,RIGHT FORK OF BRUSHY,,RD,,,0,098 CR-1360Q4,CR1360Q4,N,N,NULL,NULL,NULL,N,NULL,NULL,NULL,NULL,NULL,NULL,7.553,NULL,NULL,NULL,NULL,,NULL,2,0,2,2,N,Y,35,NULL,98,9820,NULL,,Y,37.57775,-82.44254,N,NULL,NULL,NULL,NULL,NULL,NULL,NULL,NULL,3,3,1,1,1,1,2,2,7,3,Y,NULL,Y,N,744,1840,900,N,NULL,52,,,N,,N,N,098-CR-1360Q4-0,NULL,NULL,2023,C,7.29E+11,098-PR-1443  -000,HIGH,098-PR-1443  -000,2.407,0,0,0,0,0,0,1,0,0,0,0,1,0,0
6619,72968117,980100,2.02E+11,20231102,1211,,CASSIDY,,BLVD,,,,,,Y,N,NULL,NULL,NULL,N,NULL,NULL,NULL,NULL,NULL,NULL,0.18,NULL,NULL,NULL,NULL,,NULL,0,0,2,2,N,Y,,NULL,98,9801,NULL,,Y,37.50384,-82.53495,N,NULL,NULL,NULL,NULL,NULL,NULL,NULL,NULL,5,97,1,6,2,1,2,2,1,3,N,NULL,N,N,1211,1230,,N,NULL,90,,,N,,N,N,,NULL,NULL,2023,O,7.30E+11,098-CS-1191  -000,MEDIUM,098-CS-1191  -000,0.159,0,0,0,0,0,0,0,0,0,0,0,0,0,1
6620,72859681,980100,2.02E+11,20230127,1053,,JUSTICE WAY,,RD,,,0,098 CS-1215,CS1215,Y,N,NULL,NULL,NULL,N,NULL,NULL,NULL,NULL,NULL,NULL,,NULL,NULL,NULL,NULL,NULL,NULL,3,0,2,2,N,N,,NULL,98,9801,NULL,,Y,37.50715,-82.54703,N,NULL,NULL,NULL,NULL,NULL,NULL,NULL,NULL,1,97,1,6,1,1,2,2,1,3,Y,NULL,Y,Y,1300,1306,1306,N,NULL,90,,,N,,N,N,098-CS-1215-0,NULL,NULL,2023,C,7.29E+11,098-CS-1215  -000,HIGH,098-CS-1215  -000,0.309,0,0,0,0,0,0,0,0,0,0,0,0,0,1
6621,72960974,980100,2.02E+11,20231016,900,,BYPASS,S,RD,KY1426,KY1426,0,098 KY-1426,KY1426,Y,N,NULL,NULL,NULL,N,NULL,NULL,NULL,NULL,NULL,NULL,5.675,NULL,NULL,NULL,NULL,,NULL,0,0,2,2,N,N,5,NULL,98,9801,NULL,,Y,37.4727,-82.52312,N,NULL,NULL,NULL,NULL,NULL,NULL,NULL,NULL,2,97,2,6,2,1,2,8,5,3,N,NULL,Y,N,900,904,904,N,NULL,90,,0,N,,N,N,098-KY-1426-0,NULL,NULL,2023,O,7.30E+11,098-KY-1426  -000,HIGH,098-KY-1426  -000,5.675,0,0,0,0,0,0,1,0,0,0,0,0,0,1
6622,72925466,KSP0900,23-334306,20230722,2205,,COWPEN,,RD,KY2061,KY2061,0,098 KY-2061,KY2061,N,N,NULL,NULL,NULL,N,NULL,NULL,NULL,NULL,NULL,NULL,6.949,NULL,NULL,NULL,NULL,,NULL,0,0,1,1,N,N,55,NULL,98,9806,NULL,,Y,37.59971,-82.53208,N,NULL,NULL,NULL,NULL,NULL,NULL,NULL,NULL,9,3,2,3,1,1,3,6,7,3,N,NULL,Y,N,2229,2255,2330,N,NULL,38,,0,N,,N,N,098-KY-2061-0,NULL,NULL,2023,O,7.29E+11,098-KY-2061  -000,HIGH,098-KY-2061  -000,6.938,0,0,0,0,0,0,0,0,0,0,0,1,0,0
6623,72953250,KSP0900,23-409568,20230930,1423,,KY1426,,,KY1426,KY1426,0,098 KY-1426,KY1426,N,N,NULL,NULL,NULL,N,NULL,NULL,NULL,NULL,NULL,NULL,11.795,NULL,NULL,NULL,NULL,,NULL,2,0,2,2,N,N,35,NULL,98,9828,NULL,,Y,37.53361,-82.4669,N,NULL,NULL,NULL,NULL,NULL,NULL,NULL,NULL,7,3,2,6,1,1,2,2,7,3,Y,NULL,Y,Y,1423,1442,1500,N,NULL,54,7,0,N,,N,N,098-KY-1426-0,NULL,NULL,2023,B,7.30E+11,098-KY-1426  -000,HIGH,098-KY-1426  -000,11.792,0,0,0,1,0,0,0,0,0,0,0,1,0,0
6624,72860473,KSP0900,2023-38701,20230130,2130,,MIDDLE,,ST,,,0,098 CS-3009,CS3009,N,N,NULL,NULL,NULL,N,NULL,NULL,NULL,NULL,NULL,NULL,0.011,NULL,NULL,NULL,NULL,,NULL,0,0,1,1,N,N,35,NULL,98,9807,NULL,,Y,37.51711,-82.56348,N,NULL,NULL,NULL,NULL,NULL,NULL,NULL,NULL,9,3,2,6,1,1,2,5,7,3,N,NULL,Y,N,2130,2133,2133,Y,NULL,40,,,N,,N,N,098-CS-3009-0,NULL,NULL,2023,O,7.29E+11,098-CS-3009  -000,HIGH,098-CS-3009  -000,0.012,0,1,0,0,0,0,1,0,0,0,0,1,0,0
6625,72907980,980100,2.02E+11,20230606,1020,,BYPASS,,RD,,,0,098 CS-1223,CS1223,Y,N,NULL,NULL,NULL,N,NULL,NULL,NULL,NULL,NULL,NULL,,NULL,NULL,NULL,NULL,NULL,NULL,0,0,2,2,N,N,,NULL,98,9801,NULL,,Y,37.47128,-82.52117,N,NULL,NULL,NULL,NULL,NULL,NULL,NULL,NULL,1,97,1,6,2,1,2,2,1,3,N,NULL,Y,N,1020,1037,1038,N,NULL,90,,,N,,N,N,098-CS-1223-0,NULL,NULL,2023,O,7.29E+11,098-CS-1223  -000,HIGH,098-CS-1223  -000,0.136,0,0,0,0,0,0,0,0,0,0,0,0,0,1