OBJECTID,MasterFile,AgencyORINumber,LocalCode,CollisionDate,CollisionTime,CollisionDayWeekCode,RoadwayName,RoadwayName_Direction_,RoadwayName_RoadwaySuffix_,RoadwayfromReport,CurrentRoadwayNumber,RoadwayNumberCoupletID,RSEUniqueGIS,RoadwayIdentifier,ParkingLotIndicator,IntersectionWith_Indicator_,IntersectionWith_NameRoadway_,IntersectionWith_Direction_,IntersectionWith_RoadwaySuffix_,BetweenStreets_Indicator_,BetweenStreets1_NameRoadway_,BetweenStreet1_Direction_,BetweenStreets1_RoadwaySuffix_,BetweenStreets2_NameRoadway_,BetweenStreets2_Direction_,BetweenStreets2_RoadwaySuffix_,Milepoint,ReportMilepointDeriveNumber,CurrentDerivedMiepointNumber,MilestoMilepoint,FeettoMilepoint,DirectionfromMilepoint_NSEW_,ValidMilepointIndicator,NumberInjured,NumberKilled,ofUnits,ofMotorVehicleUnits,Hit&RunIndicator,OneWayIndicator,SpeedLimitNumber,KilometersIndicator,CountyCode,CityCountyCode,MilesFromCity,DirectionFromCity_NSEW_,InCityLimitsIndicator,Latitude,Longitude,RampIndicator,RampFromIdentifier,RampFromDirCode,RampFromCoupletID,RSEUniqueGISRampFrom,RampToidentifier,RampToDirCode,RampToCoupletID,RSEUniqueGisRampTo,MannerofCollisionCode,LocationFirstEventCode,TotalLanes,RoadwayCharacterCode,RoadwaySurfaceCode,RoadwayConditionCode,WeatherCode,LightConditionCode,LandUseCode,SchoolBusRelatedCode,FirstAidSceneIndicator,CollDescPresentInd,InvestigationCompleteIndicator,PhotosTakenIndicator,TimeNotified,TimeArrived,TimeRoadwayOpened,PropertyDamageIndicator,DiagramPresentIndicator,DirectionalAnalysis,FunctionClassCode,NationalHwySysCode,EnforcementsIndicator,KARSCityCode,SecondaryCollisionIndicator,MedianCrossoverIndicator,RT_UNIQUE,MapIt,TimeLastLeft,YR,KABCO,MFNY,WorkingRID,RT_CONFIDENCE,KTC_RT,KTC_MP,Motorcyclist,Commercial Vehicle,Young Driver,Mature Driver,Pedestrian,Bicyclist,Distracted,Aggressive,Impaired,Unrestrained,Intersection,Roadway Departure,Median Cross-over,City Crash
6626,72910338,980100,2.02E+11,20230612,1640,,SYCAMORE,,ST,,,0,098 CS-1168,CS1168,Y,N,NULL,NULL,NULL,N,NULL,NULL,NULL,NULL,NULL,NULL,0.119,NULL,NULL,NULL,NULL,,NULL,0,0,2,2,N,N,15,NULL,98,9801,NULL,,Y,37.47889,-82.5211,N,NULL,NULL,NULL,NULL,NULL,NULL,NULL,NULL,8,97,1,6,1,1,2,2,5,3,N,NULL,Y,N,1640,1643,1643,N,NULL,90,,,N,,N,N,098-CS-1168-0,NULL,NULL,2023,O,7.29E+11,098-CS-1168  -000,MEDIUM,098-CS-1168  -000,0,0,0,0,0,0,0,1,0,0,0,0,0,0,1
6627,72831806,980100,2.02E+11,20221119,1842,,CASSIDY,,BLVD,,,0,098 CS-1191,CS1191,N,N,NULL,NULL,NULL,N,NULL,NULL,NULL,NULL,NULL,NULL,0.429,NULL,NULL,NULL,NULL,,NULL,0,0,2,2,N,N,25,NULL,98,9801,NULL,,Y,37.50438,-82.53886,N,NULL,NULL,NULL,NULL,NULL,NULL,NULL,NULL,1,3,2,6,1,1,2,6,1,3,N,NULL,Y,N,1840,1844,1844,N,NULL,55,,,Y,,N,N,098-CS-1191-0,NULL,NULL,2022,O,7.28E+11,098-CS-1191  -000,HIGH,098-CS-1191  -000,0.429,0,0,0,0,0,0,1,1,0,0,0,0,0,1
6628,72980883,980100,2.02E+11,20231202,1720,,CASSIDY,,BLVD,,,0,098 CS-1191,CS1191,Y,N,NULL,NULL,NULL,N,NULL,NULL,NULL,NULL,NULL,NULL,0.274,NULL,NULL,NULL,NULL,,NULL,0,0,1,1,N,N,,NULL,98,9801,NULL,,Y,37.50484,-82.53633,N,NULL,NULL,NULL,NULL,NULL,NULL,NULL,NULL,9,97,,6,1,5,6,7,1,3,N,NULL,Y,N,1720,1728,1728,N,NULL,90,,,N,,N,N,098-CS-1191-0,NULL,NULL,2023,O,7.30E+11,098-CS-1191  -000,HIGH,098-CS-1191  -000,0.262,0,0,0,1,0,0,1,0,0,0,0,1,0,1
6629,72914833,KSP0900,23-238124,20230623,1835,,KY319,,,KY0319,KY0319,0,098 KY-319,KY0319,N,N,NULL,NULL,NULL,N,NULL,NULL,NULL,NULL,NULL,NULL,0.837,NULL,NULL,NULL,NULL,,NULL,0,0,1,1,N,N,30,NULL,98,9834,NULL,,Y,37.5833,-82.19332,N,NULL,NULL,NULL,NULL,NULL,NULL,NULL,NULL,9,3,2,6,1,5,6,2,7,3,N,NULL,N,N,1835,1838,1838,N,NULL,44,7,0,N,,N,N,098-KY-0319-0,NULL,NULL,2023,O,7.29E+11,098-KY-0319  -000,HIGH,098-KY-0319  -000,0.833,0,0,0,0,0,0,1,1,0,0,0,1,0,0
6630,72972630,KSP0900,23-454064,20231110,2053,,KY194,,,KY0194,KY0194,0,098 KY-194,KY0194,N,N,NULL,NULL,NULL,N,NULL,NULL,NULL,NULL,NULL,NULL,24.517,NULL,NULL,NULL,NULL,,NULL,1,0,1,1,N,N,55,NULL,98,9817,NULL,,Y,37.52203,-82.36694,N,NULL,NULL,NULL,NULL,NULL,NULL,NULL,NULL,9,3,2,1,1,1,3,6,7,3,Y,NULL,Y,Y,2055,2135,2152,N,NULL,40,6,0,N,,N,N,098-KY-0194-0,NULL,NULL,2023,C,7.30E+11,098-KY-0194  -000,HIGH,098-KY-0194  -000,24.514,0,0,0,0,0,0,0,0,0,0,0,1,0,0
6631,72950141,980100,2.02E+11,20230922,1608,,HUFFMAN,,AVE,,,0,098 CS-1123,CS1123,Y,N,NULL,NULL,NULL,N,NULL,NULL,NULL,NULL,NULL,NULL,0.165,NULL,NULL,NULL,NULL,,NULL,0,0,2,2,Y,N,35,NULL,98,9801,NULL,,Y,37.47834,-82.51951,N,NULL,NULL,NULL,NULL,NULL,NULL,NULL,NULL,1,97,,6,1,1,2,2,6,3,N,NULL,Y,N,1608,1612,1624,N,NULL,90,,,N,,N,N,098-CS-1123-0,NULL,NULL,2023,O,7.30E+11,098-CS-1123  -000,HIGH,098-CS-1123  -000,0.168,0,0,0,0,0,0,0,0,0,0,0,0,0,1
6632,72887825,980100,2.02E+11,20230408,1052,,OWSLEY,,RD,KY1384,KY1384,0,098 KY-1384,KY1384,N,N,NULL,NULL,NULL,N,NULL,NULL,NULL,NULL,NULL,NULL,6.132,NULL,NULL,NULL,NULL,,NULL,0,0,2,2,N,N,35,NULL,98,9801,NULL,,Y,37.47589,-82.55387,N,NULL,NULL,NULL,NULL,NULL,NULL,NULL,NULL,7,5,2,3,1,1,2,2,6,3,N,NULL,Y,N,1052,1057,1244,Y,NULL,51,17,0,Y,,N,N,098-KY-1384-0,NULL,NULL,2023,O,7.29E+11,098-KY-1384  -000,HIGH,098-KY-1384  -000,6.133,0,0,0,0,0,0,1,0,1,0,0,1,0,1
6633,72848721,980500,2022AR064,20221230,1300,,US23,,,US0023,US0023,0,098 US-23-10,US0023,Y,N,NULL,NULL,NULL,N,NULL,NULL,NULL,NULL,NULL,NULL,,NULL,NULL,NULL,NULL,NULL,NULL,0,0,2,2,N,N,,NULL,98,9807,NULL,,Y,37.52281,-82.57157,N,NULL,NULL,NULL,NULL,NULL,NULL,NULL,NULL,8,97,4,6,1,1,2,2,7,3,N,NULL,Y,Y,1300,1305,1300,N,NULL,90,,1,N,,N,N,098-US-0023-10,NULL,NULL,2022,O,7.28E+11,098-US-0023  -010,HIGH,098-US-0023  -000,28.913,0,0,0,0,0,0,1,0,0,1,0,0,0,0
6634,72839207,KSP0900,22-467621,20221207,1845,,US119,,,US0119,US0119,0,098 US-119,US0119,N,N,NULL,NULL,NULL,N,NULL,NULL,NULL,NULL,NULL,NULL,12.441,NULL,NULL,NULL,NULL,,NULL,1,0,2,1,N,N,55,NULL,98,9838,NULL,,Y,37.60146,-82.37116,N,NULL,NULL,NULL,NULL,NULL,NULL,NULL,NULL,9,3,2,4,1,5,10,6,7,3,Y,NULL,N,N,1838,1841,1841,N,NULL,36,2,1,N,,N,N,098-US-0119-0,NULL,NULL,2022,C,7.28E+11,098-US-0119  -000,HIGH,098-US-0119  -000,12.441,0,0,0,0,1,0,0,0,0,0,0,0,0,0
6635,72959309,KSP0900,23-424078,20231014,1348,,FERRELLS CREEK,,RD,US0460,US0460,0,098 US-460,US0460,Y,N,NULL,NULL,NULL,N,NULL,NULL,NULL,NULL,NULL,NULL,24.379,NULL,NULL,NULL,NULL,,NULL,0,0,2,2,N,N,15,NULL,98,9847,NULL,,Y,37.3679,-82.23411,N,NULL,NULL,NULL,NULL,NULL,NULL,NULL,NULL,2,97,1,6,1,1,3,2,5,3,N,NULL,Y,N,1348,1416,1430,N,NULL,90,,1,N,,N,N,098-US-0460-0,NULL,NULL,2023,O,7.30E+11,098-US-0460  -000,HIGH,098-US-0460  -000,24.376,0,0,0,1,0,0,1,0,0,0,0,0,0,0
6636,72945757,980100,2.02E+11,20230913,1620,,2ND,,ST,,,0,098 CS-1117,CS1117,Y,N,NULL,NULL,NULL,N,NULL,NULL,NULL,NULL,NULL,NULL,0.074,NULL,NULL,NULL,NULL,,NULL,0,0,1,1,N,N,15,NULL,98,9801,NULL,,Y,37.4826,-82.51629,N,NULL,NULL,NULL,NULL,NULL,NULL,NULL,NULL,9,97,,4,1,1,2,2,1,3,N,NULL,Y,N,1620,1623,1625,Y,NULL,90,,,N,,N,N,098-CS-1117-0,NULL,NULL,2023,O,7.29E+11,098-CS-1117  -000,HIGH,098-CS-1117  -000,0.05,0,0,0,0,0,0,1,0,0,0,0,1,0,1
6637,72964400,980100,2.02E+11,20231025,1512,,BYPASS,S,RD,KY1426,KY1426,0,098 KY-1426,KY1426,N,N,NULL,NULL,NULL,N,NULL,NULL,NULL,NULL,NULL,NULL,5.698,NULL,NULL,NULL,NULL,,NULL,1,0,1,1,N,N,55,NULL,98,9801,NULL,,Y,37.47281,-82.52271,N,NULL,NULL,NULL,NULL,NULL,NULL,NULL,NULL,9,3,2,6,1,1,2,2,7,3,N,NULL,Y,N,1513,1513,1522,N,NULL,70,,0,N,,N,N,098-KY-1426-0,NULL,NULL,2023,C,7.30E+11,098-KY-1426  -000,HIGH,098-KY-1426  -000,5.699,1,0,0,0,0,0,0,0,0,0,0,1,0,1
6638,72864685,980100,2.02E+11,20230207,754,,BANK,,ST,,,,,,Y,N,NULL,NULL,NULL,N,NULL,NULL,NULL,NULL,NULL,NULL,0.115,NULL,NULL,NULL,NULL,,NULL,0,0,3,3,N,Y,,NULL,98,9801,NULL,,Y,37.4763,-82.52003,N,NULL,NULL,NULL,NULL,NULL,NULL,NULL,NULL,5,97,1,4,1,1,2,2,1,3,N,NULL,Y,N,754,801,,N,NULL,90,,,N,,N,N,,NULL,NULL,2023,O,7.29E+11,098-CS-1106  -000,HIGH,098-CS-1106  -000,0.115,0,0,0,0,0,0,0,0,0,0,0,0,0,1
6639,72886765,KSP0900,23-110002,20230323,755,,POPLAR FORK WOODMAN,,RD,KY2059,KY2059,0,098 KY-2059,KY2059,N,N,NULL,NULL,NULL,N,NULL,NULL,NULL,NULL,NULL,NULL,6.003,NULL,NULL,NULL,NULL,,NULL,3,0,2,2,N,N,55,NULL,98,9825,NULL,,Y,37.55421,-82.07378,N,NULL,NULL,NULL,NULL,NULL,NULL,NULL,NULL,3,3,2,3,1,1,3,2,7,3,Y,NULL,N,N,730,759,900,N,NULL,52,9,0,N,,N,N,098-KY-2059-0,NULL,NULL,2023,B,7.29E+11,098-KY-2059  -000,HIGH,098-KY-2059  -000,6.027,0,0,0,0,0,0,1,0,0,0,0,1,0,0
6640,72862943,KSP0900,23-45866,20230205,1721,,ELKHORN,,CRK,KY0197,KY0197,0,098 KY-197,KY0197,N,N,NULL,NULL,NULL,N,NULL,NULL,NULL,NULL,NULL,NULL,10.87,NULL,NULL,NULL,NULL,,NULL,0,0,1,1,N,N,55,NULL,98,9802,NULL,,Y,37.27266,-82.41875,N,NULL,NULL,NULL,NULL,NULL,NULL,NULL,NULL,9,3,2,1,1,1,2,3,7,3,N,NULL,Y,N,1721,1802,1830,Y,NULL,44,7,0,N,,N,N,098-KY-0197-0,NULL,NULL,2023,O,7.29E+11,098-KY-0197  -000,HIGH,098-KY-0197  -000,10.974,0,0,0,0,0,0,0,0,0,0,0,1,0,0
6641,72964641,980500,2023AR054,20231027,1237,,US 23 SOUTH AND POWER DRIVE INTERSECTION,,,,,,,,N,N,NULL,NULL,NULL,N,NULL,NULL,NULL,NULL,NULL,NULL,,NULL,NULL,NULL,NULL,NULL,NULL,0,0,2,2,N,N,45,NULL,98,9807,NULL,,Y,37.51539,-82.55957,N,NULL,NULL,NULL,NULL,NULL,NULL,NULL,NULL,5,3,6,6,1,1,2,2,7,3,N,NULL,Y,Y,1237,1242,1312,N,NULL,49,,,N,,N,N,,NULL,NULL,2023,O,7.30E+11,098-US-0023  -010,MEDIUM,098-US-0023  -000,28.071,0,0,0,0,0,0,1,1,0,0,0,0,0,0
6642,72876887,KSP0900,23-103628,20230318,1019,,KY612,,,KY0612,KY0612,0,098 KY-612,KY0612,N,N,NULL,NULL,NULL,N,NULL,NULL,NULL,NULL,NULL,NULL,8.21,NULL,NULL,NULL,NULL,,NULL,0,0,1,1,N,N,45,NULL,98,9826,NULL,,Y,37.6717,-82.30579,N,NULL,NULL,NULL,NULL,NULL,NULL,NULL,NULL,9,3,2,3,1,1,2,2,7,3,N,NULL,N,N,1019,1050,1050,N,NULL,44,8,0,N,,N,N,098-KY-0612-0,NULL,NULL,2023,O,7.29E+11,098-KY-0612  -000,HIGH,098-KY-0612  -000,8.215,0,0,0,0,0,0,1,0,0,0,0,1,0,0
6643,72969407,980100,2.02E+11,20231105,1402,,CASSIDY,,BLVD,,,0,098 CS-1191,CS1191,Y,N,NULL,NULL,NULL,N,NULL,NULL,NULL,NULL,NULL,NULL,0.324,NULL,NULL,NULL,NULL,,NULL,0,0,2,2,N,N,,NULL,98,9801,NULL,,Y,37.50522,-82.53734,N,NULL,NULL,NULL,NULL,NULL,NULL,NULL,NULL,2,97,,6,1,1,2,2,5,3,N,NULL,Y,N,1402,1425,1425,N,NULL,90,,,N,,N,N,098-CS-1191-0,NULL,NULL,2023,O,7.30E+11,098-CS-1191  -000,HIGH,098-CS-1191  -000,0.325,0,0,0,1,0,0,1,0,0,0,0,0,0,1
6644,72813239,980200,980200,20220902,1820,,KY197,,,KY0197,KY0197,0,098 KY-197,KY0197,N,Y,KY80,,,N,NULL,NULL,NULL,NULL,NULL,NULL,16.619,NULL,NULL,NULL,NULL,,NULL,0,0,2,2,N,N,35,NULL,98,9802,NULL,,Y,37.30396,-82.35132,N,NULL,NULL,NULL,NULL,NULL,NULL,NULL,NULL,5,3,2,6,1,1,2,2,7,3,N,NULL,N,Y,1820,1827,,N,NULL,35,7,0,N,,N,N,098-KY-0197-0,NULL,NULL,2022,O,7.28E+11,098-KY-0197  -000,HIGH,098-KY-0197  -000,16.619,0,0,0,1,0,0,1,0,0,0,1,0,0,0
6645,72882207,980100,2.02E+11,20230401,1538,,BYPASS,S,RD,KY1426,KY1426,0,098 KY-1426,KY1426,N,Y,HUFFMAN,,AVE,N,NULL,NULL,NULL,NULL,NULL,NULL,6.117,NULL,NULL,NULL,NULL,,NULL,0,0,2,2,N,N,55,NULL,98,9801,NULL,,Y,37.4769,-82.51706,N,NULL,NULL,NULL,NULL,NULL,NULL,NULL,NULL,1,3,2,6,1,1,7,2,7,3,N,NULL,Y,N,1538,1541,1619,N,NULL,10,,0,N,,N,N,098-KY-1426-0,NULL,NULL,2023,O,7.29E+11,098-KY-1426  -000,HIGH,098-KY-1426  -000,6.117,0,0,1,1,0,0,0,0,0,0,1,0,0,1
6646,72935306,980100,2.02E+11,20230817,1659,,US23,,,US0023,US0023,0,098 US-23,US0023,N,N,NULL,NULL,NULL,N,NULL,NULL,NULL,NULL,NULL,NULL,24.807,NULL,NULL,NULL,NULL,,NULL,0,0,2,2,N,N,55,NULL,98,9801,NULL,,Y,37.48591,-82.5422,N,NULL,NULL,NULL,NULL,NULL,NULL,NULL,NULL,8,3,4,6,1,1,3,2,7,3,N,NULL,Y,N,1659,1705,1705,N,NULL,53,,1,N,,N,N,098-US-0023-0,NULL,NULL,2023,O,7.29E+11,098-US-0023  -000,HIGH,098-US-0023  -000,24.741,0,0,0,0,0,0,0,0,0,0,0,1,0,1
6647,72955572,980000,23-10-002,20231002,1745,,WILDCAT,,DR,,,0,098 CR-1703,CR1703,Y,N,NULL,NULL,NULL,N,NULL,NULL,NULL,NULL,NULL,NULL,0.142,NULL,NULL,NULL,NULL,,NULL,0,0,2,2,N,N,10,NULL,98,9801,22,S,N,37.38176,-82.53836,N,NULL,NULL,NULL,NULL,NULL,NULL,NULL,NULL,7,97,1,6,1,1,3,2,8,3,N,NULL,Y,Y,1745,1750,1745,N,NULL,90,,,N,,N,N,098-CR-1703-0,NULL,NULL,2023,O,7.30E+11,098-CR-1703  -000,HIGH,098-CR-1703  -000,0.143,0,0,1,0,0,0,0,0,0,0,0,0,0,0
6648,72889212,KSP0900,23-143655,20230415,1705,,GOODY,,LOOP,,,0,098 PR-1024,PR1024,Y,N,NULL,NULL,NULL,N,NULL,NULL,NULL,NULL,NULL,NULL,0.01,NULL,NULL,NULL,NULL,,NULL,0,0,2,2,N,N,,NULL,98,9834,1.5,S,N,37.65989,-82.27303,N,NULL,NULL,NULL,NULL,NULL,NULL,NULL,NULL,2,97,0,6,1,1,2,2,1,3,N,NULL,Y,N,1705,1709,1723,N,NULL,90,,,N,,N,N,098-PR-1024-0,NULL,NULL,2023,O,7.29E+11,098-PR-1024  -000,HIGH,098-PR-1024  -000,0.011,0,0,0,0,0,0,1,0,0,0,0,0,0,0
6649,72853845,KSP0900,23-16058,20230113,634,,US23,,,US0023,US0023,0,098 US-23,US0023,N,N,NULL,NULL,NULL,N,NULL,NULL,NULL,NULL,NULL,NULL,8.891,NULL,NULL,NULL,NULL,,NULL,1,0,1,1,N,N,55,NULL,98,9801,NULL,,Y,37.32465,-82.55885,N,NULL,NULL,NULL,NULL,NULL,NULL,NULL,NULL,9,5,4,3,1,5,6,6,7,3,Y,NULL,N,Y,634,721,755,N,NULL,40,,1,Y,,N,N,098-US-0023-0,NULL,NULL,2023,C,7.29E+11,098-US-0023  -000,HIGH,098-US-0023  -000,8.885,0,0,0,0,0,0,0,0,0,0,0,1,0,0
6650,72907166,980100,2.02E+11,20230531,1413,,BYPASS,,RD,,,0,098 CS-1223,CS1223,Y,N,NULL,NULL,NULL,N,NULL,NULL,NULL,NULL,NULL,NULL,,NULL,NULL,NULL,NULL,NULL,NULL,0,0,2,2,N,N,15,NULL,98,9801,NULL,,Y,37.47128,-82.52117,N,NULL,NULL,NULL,NULL,NULL,NULL,NULL,NULL,1,97,1,6,2,1,2,2,1,3,N,NULL,Y,N,1413,1416,1418,N,NULL,90,,,N,,N,N,098-CS-1223-0,NULL,NULL,2023,O,7.29E+11,098-CS-1223  -000,HIGH,098-CS-1223  -000,0.136,0,0,0,1,0,0,1,0,0,0,0,0,0,1
6651,72727218,980100,2.02E+11,20220202,814,,BYPASS,,RD,,,0,098 CS-1223,CS1223,Y,N,NULL,NULL,NULL,N,NULL,NULL,NULL,NULL,NULL,NULL,,NULL,NULL,NULL,NULL,NULL,NULL,0,0,2,2,N,N,,NULL,98,9801,NULL,,Y,37.47128,-82.52117,N,NULL,NULL,NULL,NULL,NULL,NULL,NULL,NULL,1,97,2,6,2,1,2,2,1,3,N,NULL,Y,N,820,820,822,N,NULL,90,,,N,,N,N,098-CS-1223-0,NULL,NULL,2022,O,7.27E+11,098-CS-1223  -000,HIGH,098-CS-1223  -000,0.136,0,0,0,0,0,0,1,0,0,0,0,0,0,1
6652,72850657,KSP0900,23-3068,20230103,1300,,GOODY,,LOOP,,,0,098 PR-1024,PR1024,N,N,NULL,NULL,NULL,N,NULL,NULL,NULL,NULL,NULL,NULL,0.079,NULL,NULL,NULL,NULL,,NULL,0,0,2,2,N,N,10,NULL,98,9836,NULL,,Y,37.65891,-82.27129,N,NULL,NULL,NULL,NULL,NULL,NULL,NULL,NULL,7,7,1,6,1,1,2,2,1,3,N,NULL,Y,N,1300,1300,1300,N,NULL,47,,,N,,N,N,098-PR-1024-0,NULL,NULL,2023,O,7.29E+11,098-PR-1024  -000,HIGH,098-PR-1024  -000,0.102,0,0,0,0,0,0,1,0,0,0,0,0,0,0
6653,72944567,KSP0900,23-386829,20230909,824,,US119,,,US0119,US0119,0,098 US-119-10,US0119,N,N,NULL,NULL,NULL,N,NULL,NULL,NULL,NULL,NULL,NULL,21.725,NULL,NULL,NULL,NULL,,NULL,0,0,1,1,N,N,55,NULL,98,9836,NULL,,Y,37.62992,-82.2618,N,NULL,NULL,NULL,NULL,NULL,NULL,NULL,NULL,9,5,2,3,1,5,3,2,7,3,N,NULL,Y,N,824,915,915,N,NULL,44,2,1,N,,N,N,098-US-0119-10,NULL,NULL,2023,O,7.29E+11,098-US-0119  -010,HIGH,098-US-0119  -000,21.724,0,0,0,0,0,0,0,0,0,0,0,1,0,0
6654,72820356,980100,2.02E+11,20221023,2113,,MAYO,N,TRL,US0023,US0023,0,098 US-23,US0023,N,N,NULL,NULL,NULL,N,NULL,NULL,NULL,NULL,NULL,NULL,32.59,NULL,NULL,NULL,NULL,,NULL,0,0,1,1,N,N,55,NULL,98,9801,NULL,,Y,37.53435,-82.61776,N,NULL,NULL,NULL,NULL,NULL,NULL,NULL,NULL,9,3,4,6,1,1,2,6,1,3,N,NULL,Y,N,2113,2125,2125,Y,NULL,40,,1,N,,N,N,098-US-0023-0,NULL,NULL,2022,O,7.28E+11,098-US-0023  -000,HIGH,098-US-0023  -000,32.59,0,1,0,0,0,0,1,0,0,0,0,1,1,1
6655,72819403,KSP0900,22-400802,20221017,1739,,MOTLEY,,RD,,,0,098 CR-1163,CR1163,N,N,NULL,NULL,NULL,N,NULL,NULL,NULL,NULL,NULL,NULL,0.536,NULL,NULL,NULL,NULL,,NULL,0,0,2,2,N,N,55,NULL,98,9839,NULL,,Y,37.40164,-82.22385,N,NULL,NULL,NULL,NULL,NULL,NULL,NULL,NULL,3,3,1,1,1,1,2,2,7,3,N,NULL,N,N,1739,1848,1947,N,NULL,52,,,N,,N,N,098-CR-1163-0,NULL,NULL,2022,O,7.28E+11,098-CR-1163  -000,HIGH,098-CR-1163  -000,0.536,0,0,0,0,0,0,0,0,0,0,0,1,0,0
6656,72921088,KSP0900,23-313211,20230704,1249,,CHLOE,,RD,KY1460,KY1460,,,,N,N,NULL,NULL,NULL,N,NULL,NULL,NULL,NULL,NULL,NULL,0.025,NULL,NULL,NULL,NULL,,NULL,0,0,2,2,N,N,45,NULL,98,9801,0.3,S,N,37.43171,-82.481,N,NULL,NULL,NULL,NULL,NULL,NULL,NULL,NULL,7,3,2,6,1,1,2,2,7,3,N,NULL,Y,N,1249,1333,1333,N,NULL,54,,0,N,,N,N,,NULL,NULL,2023,O,7.29E+11,098-KY-1460  -000,HIGH,098-KY-1460  -000,0.024,0,0,0,0,0,0,1,0,0,0,0,1,0,0
6657,72929973,KSP0900,23-347010,20230803,1825,,US119,,,US0119,US0119,0,098 US-119,US0119,Y,N,NULL,NULL,NULL,N,NULL,NULL,NULL,NULL,NULL,NULL,,NULL,NULL,NULL,NULL,,NULL,0,0,1,1,N,N,,NULL,98,9836,NULL,,Y,37.61893,-82.26854,N,NULL,NULL,NULL,NULL,NULL,NULL,NULL,NULL,9,97,,6,2,5,6,2,6,3,N,NULL,N,N,1825,1840,1840,Y,NULL,90,2,1,N,,N,N,098-US-0119-0,NULL,NULL,2023,O,7.29E+11,098-US-0119  -000,HIGH,098-US-0119  -000,20.806,0,0,0,0,0,0,1,0,0,0,0,0,0,0
6658,72992024,KSP0900,23-499541,20231222,1844,,KY194,E,,KY0194,KY0194,0,098 KY-194,KY0194,N,N,NULL,NULL,NULL,N,NULL,NULL,NULL,NULL,NULL,NULL,63.675,NULL,NULL,NULL,NULL,,NULL,0,0,1,1,N,N,35,NULL,98,9873,NULL,,Y,37.55871,-82.10595,N,NULL,NULL,NULL,NULL,NULL,NULL,NULL,NULL,9,3,2,2,1,1,2,6,7,3,N,NULL,Y,N,1844,2015,2035,N,NULL,44,7,0,N,,N,N,098-KY-0194-0,NULL,NULL,2023,O,7.30E+11,098-KY-0194  -000,HIGH,098-KY-0194  -000,63.675,0,0,0,0,0,0,0,0,0,0,0,1,0,0
6659,72944931,980500,2023AR041,20230908,1245,,WEDDINGTON BRANCH,,RD,,,0,098 CS-3026,CS3026,Y,N,NULL,NULL,NULL,N,NULL,NULL,NULL,NULL,NULL,NULL,,NULL,NULL,NULL,NULL,NULL,NULL,0,0,2,2,N,N,25,NULL,98,9807,NULL,,Y,37.52275,-82.57023,N,NULL,NULL,NULL,NULL,NULL,NULL,NULL,NULL,2,97,2,6,1,1,2,2,1,3,N,NULL,Y,Y,1245,1245,1245,N,NULL,90,,,N,,N,N,098-CS-3026-0,NULL,NULL,2023,O,7.29E+11,098-CS-3026  -000,HIGH,098-CS-3026  -000,0.029,0,0,0,0,0,0,1,0,0,0,0,0,0,0
6660,72890213,KSP0900,23-146139,20230417,0,,LITTLE ROBINSON,,CRK,,,0,098 CR-1234Q3,CR1234Q3,N,N,NULL,NULL,NULL,N,NULL,NULL,NULL,NULL,NULL,NULL,0.66,NULL,NULL,NULL,NULL,,NULL,2,0,1,1,N,N,55,NULL,98,9827,5.3,N,N,37.37329,-82.64128,N,NULL,NULL,NULL,NULL,NULL,NULL,NULL,NULL,9,3,1,6,1,1,2,2,7,3,Y,NULL,Y,Y,1449,1507,1547,N,NULL,44,,,N,,N,N,098-CR-1234Q3-0,NULL,NULL,2023,A,7.29E+11,098-CR-1234Q3-000,HIGH,098-CR-1234Q3-000,0.657,0,0,1,0,0,0,0,0,0,0,0,1,0,0
6661,72985100,KSP0900,23-481854,20231206,1201,,KY1506,,,KY1506,KY1506,0,098 KY-1506,KY1506,N,N,NULL,NULL,NULL,N,NULL,NULL,NULL,NULL,NULL,NULL,0.028,NULL,NULL,NULL,NULL,,NULL,0,0,2,2,N,N,35,NULL,98,9834,NULL,,Y,37.66824,-82.27667,N,NULL,NULL,NULL,NULL,NULL,NULL,NULL,NULL,1,3,2,6,1,1,3,2,7,3,N,NULL,N,N,1201,1203,1210,N,NULL,55,9,0,N,,N,N,098-KY-1506-0,NULL,NULL,2023,O,7.30E+11,098-KY-1506  -000,HIGH,098-KY-1506  -000,0.029,0,0,0,0,0,0,0,1,0,0,0,0,0,0
6662,72970259,KSP0900,23-450174,20231107,1630,,KY195,,,KY0195,KY0195,0,098 KY-195,KY0195,N,N,NULL,NULL,NULL,N,NULL,NULL,NULL,NULL,NULL,NULL,10.166,NULL,NULL,NULL,NULL,,NULL,2,0,2,2,N,N,35,NULL,98,9830,NULL,,Y,37.35323,-82.42485,N,NULL,NULL,NULL,NULL,NULL,NULL,NULL,NULL,3,3,2,3,1,1,2,2,7,3,Y,NULL,Y,Y,1700,1730,1815,N,NULL,52,7,0,N,,N,N,098-KY-0195-0,NULL,NULL,2023,B,7.30E+11,098-KY-0195  -000,HIGH,098-KY-0195  -000,10.164,0,0,0,1,0,0,0,0,0,0,0,1,0,0