OBJECTID,MasterFile,AgencyORINumber,LocalCode,CollisionDate,CollisionTime,CollisionDayWeekCode,RoadwayName,RoadwayName_Direction_,RoadwayName_RoadwaySuffix_,RoadwayfromReport,CurrentRoadwayNumber,RoadwayNumberCoupletID,RSEUniqueGIS,RoadwayIdentifier,ParkingLotIndicator,IntersectionWith_Indicator_,IntersectionWith_NameRoadway_,IntersectionWith_Direction_,IntersectionWith_RoadwaySuffix_,BetweenStreets_Indicator_,BetweenStreets1_NameRoadway_,BetweenStreet1_Direction_,BetweenStreets1_RoadwaySuffix_,BetweenStreets2_NameRoadway_,BetweenStreets2_Direction_,BetweenStreets2_RoadwaySuffix_,Milepoint,ReportMilepointDeriveNumber,CurrentDerivedMiepointNumber,MilestoMilepoint,FeettoMilepoint,DirectionfromMilepoint_NSEW_,ValidMilepointIndicator,NumberInjured,NumberKilled,ofUnits,ofMotorVehicleUnits,Hit&RunIndicator,OneWayIndicator,SpeedLimitNumber,KilometersIndicator,CountyCode,CityCountyCode,MilesFromCity,DirectionFromCity_NSEW_,InCityLimitsIndicator,Latitude,Longitude,RampIndicator,RampFromIdentifier,RampFromDirCode,RampFromCoupletID,RSEUniqueGISRampFrom,RampToidentifier,RampToDirCode,RampToCoupletID,RSEUniqueGisRampTo,MannerofCollisionCode,LocationFirstEventCode,TotalLanes,RoadwayCharacterCode,RoadwaySurfaceCode,RoadwayConditionCode,WeatherCode,LightConditionCode,LandUseCode,SchoolBusRelatedCode,FirstAidSceneIndicator,CollDescPresentInd,InvestigationCompleteIndicator,PhotosTakenIndicator,TimeNotified,TimeArrived,TimeRoadwayOpened,PropertyDamageIndicator,DiagramPresentIndicator,DirectionalAnalysis,FunctionClassCode,NationalHwySysCode,EnforcementsIndicator,KARSCityCode,SecondaryCollisionIndicator,MedianCrossoverIndicator,RT_UNIQUE,MapIt,TimeLastLeft,YR,KABCO,MFNY,WorkingRID,RT_CONFIDENCE,KTC_RT,KTC_MP,Motorcyclist,Commercial Vehicle,Young Driver,Mature Driver,Pedestrian,Bicyclist,Distracted,Aggressive,Impaired,Unrestrained,Intersection,Roadway Departure,Median Cross-over,City Crash
6663,72823237,980100,2.02E+11,20221025,1546,,US23,,,US0023,US0023,0,098 US-23-10,US0023,N,N,NULL,NULL,NULL,N,NULL,NULL,NULL,NULL,NULL,NULL,22.293,NULL,NULL,NULL,NULL,,NULL,2,0,2,2,N,N,55,NULL,98,9801,NULL,,Y,37.46138,-82.51698,N,NULL,NULL,NULL,NULL,NULL,NULL,NULL,NULL,5,3,4,3,1,1,3,2,7,3,Y,NULL,Y,Y,1546,1551,1639,N,NULL,49,,1,N,,N,N,098-US-0023-10,NULL,NULL,2022,C,7.28E+11,098-US-0023  -010,HIGH,098-US-0023  -000,22.293,0,0,0,1,0,0,1,0,0,1,0,0,0,1
6664,72860944,980100,2.02E+11,20230126,526,,US119,,,US0119,US0119,0,098 US-119-10,US0119,N,N,NULL,NULL,NULL,N,NULL,NULL,NULL,NULL,NULL,NULL,3.088,NULL,NULL,NULL,NULL,NULL,NULL,0,0,1,1,N,N,55,NULL,98,9801,NULL,,Y,37.51411,-82.47997,N,NULL,NULL,NULL,NULL,NULL,NULL,NULL,NULL,9,3,2,4,1,1,2,7,7,3,N,NULL,Y,N,526,529,529,N,NULL,38,2,1,N,,N,N,098-US-0119-10,NULL,NULL,2023,O,7.29E+11,098-US-0119  -010,HIGH,098-US-0119  -000,3.088,0,0,0,0,0,0,0,0,0,0,0,0,0,0
6665,72851526,KSP0900,22-499379,20221230,2235,,US460,,,US0460,US0460,0,098 US-460,US0460,N,N,NULL,NULL,NULL,N,NULL,NULL,NULL,NULL,NULL,NULL,4.949,NULL,NULL,NULL,NULL,,NULL,0,1,1,1,N,N,55,NULL,98,9822,NULL,,Y,37.41167,-82.44984,N,NULL,NULL,NULL,NULL,NULL,NULL,NULL,NULL,9,3,2,6,1,5,3,6,7,3,Y,NULL,Y,Y,2235,2252,108,N,NULL,44,,1,N,,N,N,098-US-0460-0,NULL,NULL,2022,K,7.29E+11,098-US-0460  -000,HIGH,098-US-0460  -000,4.949,0,0,1,0,0,0,0,0,0,1,0,1,0,0
6666,72747164,980100,2.02E+11,20220329,1436,,CEDAR HILLS,,RD,KY1426,KY1426,0,098 KY-1426,KY1426,N,N,NULL,NULL,NULL,N,NULL,NULL,NULL,NULL,NULL,NULL,4.677,NULL,NULL,NULL,NULL,,NULL,0,0,2,2,N,N,55,NULL,98,9801,NULL,,Y,37.46246,-82.52626,N,NULL,NULL,NULL,NULL,NULL,NULL,NULL,NULL,3,3,2,3,1,1,3,2,1,3,N,NULL,Y,N,1436,1443,1443,N,NULL,52,,0,N,,N,N,098-KY-1426-0,NULL,NULL,2022,O,7.27E+11,098-KY-1426  -000,HIGH,098-KY-1426  -000,4.677,0,0,0,0,0,0,0,0,0,0,0,1,0,1
6667,72890525,KSP0900,23-136863,20230411,541,,SHELBIANA,E,RD,US0460,US0460,,,,N,N,NULL,NULL,NULL,N,NULL,NULL,NULL,NULL,NULL,NULL,4.225,NULL,NULL,NULL,NULL,,NULL,0,0,1,1,N,N,45,NULL,98,9824,NULL,,Y,37.41885,-82.45805,N,NULL,NULL,NULL,NULL,NULL,NULL,NULL,NULL,9,3,2,6,1,1,2,4,7,3,N,NULL,N,N,541,548,623,N,NULL,44,,1,N,,N,N,,NULL,NULL,2023,O,7.29E+11,098-US-0460  -000,HIGH,098-US-0460  -000,4.226,0,0,1,0,0,0,0,0,0,0,0,1,0,0
6668,72956950,980100,2.02E+11,20230922,2223,,MARIONS,,BR,,,0,098 CR-1268,CR1268,N,N,NULL,NULL,NULL,N,NULL,NULL,NULL,NULL,NULL,NULL,0.372,NULL,NULL,NULL,NULL,,NULL,1,0,1,1,N,N,25,NULL,98,9801,NULL,,Y,37.43927,-82.53236,N,NULL,NULL,NULL,NULL,NULL,NULL,NULL,NULL,9,3,2,6,1,1,2,6,1,3,Y,NULL,Y,Y,2223,2233,149,N,NULL,39,,,N,,N,N,098-CR-1268-0,NULL,NULL,2023,A,7.30E+11,098-CR-1268  -000,MEDIUM,098-CR-1268  -000,0,0,0,1,0,0,0,1,1,0,0,0,0,0,0
6669,72982158,980100,2.02E+11,20231205,1651,,BYPASS,S,RD,KY1426,KY1426,0,098 KY-1426,KY1426,Y,N,NULL,NULL,NULL,N,NULL,NULL,NULL,NULL,NULL,NULL,5.514,NULL,NULL,NULL,NULL,,NULL,0,0,1,1,N,N,15,NULL,98,9801,NULL,,Y,37.47232,-82.526,N,NULL,NULL,NULL,NULL,NULL,NULL,NULL,NULL,9,97,2,6,1,1,3,2,5,3,N,NULL,Y,N,1651,1655,1655,Y,NULL,90,,0,N,,N,N,098-KY-1426-0,NULL,NULL,2023,O,7.30E+11,098-KY-1426  -000,HIGH,098-KY-1426  -000,5.515,0,0,0,1,0,0,0,0,0,0,0,1,0,1
6670,72953155,KSP0900,23-409248,20230930,503,,THACKER,,BTM,,,0,098 CR-1266,CR1266,N,N,NULL,NULL,NULL,N,NULL,NULL,NULL,NULL,NULL,NULL,0.049,NULL,NULL,NULL,NULL,,NULL,0,0,2,2,Y,N,15,NULL,98,9801,NULL,,Y,37.4361,-82.47902,N,NULL,NULL,NULL,NULL,NULL,NULL,NULL,NULL,7,97,1,6,1,1,2,6,5,3,N,NULL,Y,N,503,650,650,N,NULL,47,,,Y,,N,N,098-CR-1266-0,NULL,NULL,2023,O,7.30E+11,098-PR-1126  -000,HIGH,098-PR-1126  -000,0.043,0,0,0,0,0,0,1,0,0,0,0,0,0,0
6671,72867449,980100,2.02E+11,20230203,910,,US23,,,US0023,US0023,0,098 US-23,US0023,N,N,NULL,NULL,NULL,N,NULL,NULL,NULL,NULL,NULL,NULL,25.407,NULL,NULL,NULL,NULL,,NULL,0,0,2,2,N,N,55,NULL,98,9801,NULL,,Y,37.49242,-82.53453,N,NULL,NULL,NULL,NULL,NULL,NULL,NULL,NULL,1,3,4,6,1,1,2,2,1,3,N,NULL,Y,N,910,918,,N,NULL,55,,1,N,,N,N,098-US-0023-0,NULL,NULL,2023,O,7.29E+11,098-US-0023  -000,HIGH,098-US-0023  -000,25.368,0,0,0,0,0,0,1,0,0,0,0,0,0,1
6672,72837476,KSP0900,22=449097,20221123,637,,US23,,,US0023,US0023,0,098 US-23-10,US0023,N,N,NULL,NULL,NULL,N,NULL,NULL,NULL,NULL,NULL,NULL,18.376,NULL,NULL,NULL,NULL,,NULL,0,0,1,1,N,N,55,NULL,98,9801,NULL,,Y,37.43425,-82.51392,N,NULL,NULL,NULL,NULL,NULL,NULL,NULL,NULL,9,3,4,6,1,1,2,6,7,3,N,NULL,Y,N,637,642,642,N,NULL,38,,1,N,,N,N,098-US-0023-10,NULL,NULL,2022,O,7.28E+11,098-US-0023  -010,HIGH,098-US-0023  -000,18.376,0,0,0,0,0,0,0,0,0,0,0,0,0,1
6673,72952525,KSP0900,23-407982,20230928,2304,,KY194,,,KY0194,KY0194,0,098 KY-194,KY0194,N,N,NULL,NULL,NULL,N,NULL,NULL,NULL,NULL,NULL,NULL,55.491,NULL,NULL,NULL,NULL,,NULL,0,0,1,1,N,N,35,NULL,98,9804,NULL,,Y,37.51795,-82.15379,N,NULL,NULL,NULL,NULL,NULL,NULL,NULL,NULL,9,3,2,6,1,1,3,6,7,3,N,NULL,Y,N,2304,2304,2304,N,NULL,38,7,0,N,,N,N,098-KY-0194-0,NULL,NULL,2023,O,7.30E+11,098-KY-0194  -000,HIGH,098-KY-0194  -000,55.487,0,0,0,0,0,0,0,0,0,0,0,0,0,0
6674,72959777,KSP0900,23-425996,20231016,1124,,KY194,,,KY0194,KY0194,0,098 KY-194,KY0194,N,N,NULL,NULL,NULL,N,NULL,NULL,NULL,NULL,NULL,NULL,24.311,NULL,NULL,NULL,NULL,,NULL,0,0,1,1,N,N,55,NULL,98,9817,NULL,,Y,37.52481,-82.36591,N,NULL,NULL,NULL,NULL,NULL,NULL,NULL,NULL,9,3,2,3,1,5,6,2,7,3,N,NULL,Y,N,1124,1124,1124,N,NULL,44,6,0,N,,N,N,098-KY-0194-0,NULL,NULL,2023,O,7.30E+11,098-KY-0194  -000,HIGH,098-KY-0194  -000,24.3,0,0,1,0,0,0,0,0,0,0,0,1,0,0
6675,72911594,980000,23-04-007,20230522,1308,,ROAD,,FRK,,,0,098 CR-1286,CR1286,N,N,NULL,NULL,NULL,N,NULL,NULL,NULL,NULL,NULL,NULL,0.55,NULL,NULL,NULL,NULL,,NULL,0,0,2,2,Y,N,35,NULL,98,9801,NULL,,Y,37.42554,-82.55144,N,NULL,NULL,NULL,NULL,NULL,NULL,NULL,NULL,7,3,1,3,1,1,2,2,7,3,N,NULL,Y,Y,1309,1326,1335,N,NULL,54,,,N,,N,N,098-CR-1286-0,NULL,NULL,2023,O,7.29E+11,098-CR-1286  -000,HIGH,098-CR-1286  -000,0.556,0,1,0,0,0,0,0,0,0,0,0,1,0,0
6676,72939177,980100,2.02E+11,20230825,1406,,HUFFMAN,,AVE,,,0,098 CS-1123,CS1123,Y,N,NULL,NULL,NULL,N,NULL,NULL,NULL,NULL,NULL,NULL,0.185,NULL,NULL,NULL,NULL,,NULL,0,0,2,2,N,N,15,NULL,98,9801,NULL,,Y,37.47845,-82.51983,N,NULL,NULL,NULL,NULL,NULL,NULL,NULL,NULL,1,97,,6,1,1,2,2,1,3,N,NULL,Y,N,1406,1407,1407,N,NULL,90,,,N,,N,N,098-CS-1123-0,NULL,NULL,2023,O,7.29E+11,098-CS-1123  -000,HIGH,098-CS-1123  -000,0.186,0,0,0,0,0,0,1,0,0,0,0,0,0,1
6677,72822226,980100,2.02E+11,20221029,1053,,KY1460,,,KY1460,KY1460,0,098 KY-1460,KY1460,N,N,NULL,NULL,NULL,N,NULL,NULL,NULL,NULL,NULL,NULL,6.634,NULL,NULL,NULL,NULL,,NULL,0,0,2,1,N,N,45,NULL,98,9801,NULL,,Y,37.48349,-82.53806,N,NULL,NULL,NULL,NULL,NULL,NULL,NULL,NULL,9,3,2,6,1,1,2,2,6,3,N,NULL,Y,N,1053,1058,,N,NULL,36,16,0,N,,N,N,098-KY-1460-0,NULL,NULL,2022,O,7.28E+11,098-KY-1460  -000,HIGH,098-KY-1460  -000,6.634,0,0,0,0,1,0,1,0,0,0,0,0,0,1
6678,72858886,980100,2.02E+11,20230127,1527,,CASSIDY,,BLVD,,,,,,Y,N,NULL,NULL,NULL,N,NULL,NULL,NULL,NULL,NULL,NULL,0.344,NULL,NULL,NULL,NULL,,NULL,0,0,2,2,N,N,15,NULL,98,9801,NULL,,Y,37.50529,-82.53781,N,NULL,NULL,NULL,NULL,NULL,NULL,NULL,NULL,2,97,,6,1,1,2,2,1,3,N,NULL,Y,N,1527,1527,,N,NULL,90,,,N,,N,N,,NULL,NULL,2023,O,7.29E+11,098-CS-1191  -000,MEDIUM,098-CS-1191  -000,0.349,0,0,0,0,0,0,1,0,0,0,0,0,0,1
6679,72934204,KSP0900,23-358729,20230814,1641,,KY122,,,KY0122,KY0122,0,098 KY-122,KY0122,Y,N,NULL,NULL,NULL,N,NULL,NULL,NULL,NULL,NULL,NULL,9.472,NULL,NULL,NULL,NULL,,NULL,0,0,2,2,N,N,,NULL,98,9823,NULL,,Y,37.39038,-82.55849,N,NULL,NULL,NULL,NULL,NULL,NULL,NULL,NULL,2,97,0,6,3,5,2,2,7,3,N,NULL,Y,N,1641,1723,1723,N,NULL,90,,0,Y,,N,N,098-KY-0122-0,NULL,NULL,2023,O,7.29E+11,098-KY-0122  -000,HIGH,098-KY-0122  -000,9.474,0,0,0,0,0,0,0,0,0,0,0,0,0,0
6680,72810823,980100,2.02E+11,20220929,1940,,COLLEGE,S,ST,,,0,098 CS-1152,CS1152,N,N,NULL,NULL,NULL,N,NULL,NULL,NULL,NULL,NULL,NULL,0.209,NULL,NULL,NULL,NULL,,NULL,0,0,2,2,N,N,25,NULL,98,9801,NULL,,Y,37.4751,-82.52449,N,NULL,NULL,NULL,NULL,NULL,NULL,NULL,NULL,2,3,1,6,1,1,2,3,7,3,N,NULL,Y,N,1941,1944,1944,N,NULL,56,,,N,,N,N,098-CS-1152-0,NULL,NULL,2022,O,7.28E+11,098-CS-1152  -000,HIGH,098-CS-1152  -000,0.209,0,0,0,0,0,0,1,0,0,0,0,0,0,1
6681,72914595,980100,2.02E+11,20230604,1528,,US23,,,US0023,US0023,0,098 US-23-10,US0023,N,N,NULL,NULL,NULL,N,NULL,NULL,NULL,NULL,NULL,NULL,22.499,NULL,NULL,NULL,NULL,,NULL,0,0,1,1,N,N,55,NULL,98,9801,NULL,,Y,37.46376,-82.51868,N,NULL,NULL,NULL,NULL,NULL,NULL,NULL,NULL,9,3,4,3,1,1,2,2,1,3,N,NULL,Y,N,1528,1536,1536,N,NULL,38,,1,N,,N,N,098-US-0023-10,NULL,NULL,2023,O,7.29E+11,098-US-0023  -010,HIGH,098-US-0023  -000,22.433,0,0,0,0,0,0,0,0,0,0,0,1,0,1
6682,72972693,980100,2.02E+11,20231105,17,,US23,,,US0023,US0023,0,098 US-23,US0023,N,N,NULL,NULL,NULL,N,NULL,NULL,NULL,NULL,NULL,NULL,22.177,NULL,NULL,NULL,NULL,,NULL,1,0,2,2,N,N,55,NULL,98,9801,NULL,,Y,37.4598,-82.51691,N,NULL,NULL,NULL,NULL,NULL,NULL,NULL,NULL,8,3,4,6,1,1,2,6,7,3,Y,NULL,Y,Y,17,20,148,N,NULL,53,,1,Y,,N,N,098-US-0023-0,NULL,NULL,2023,B,7.30E+11,098-US-0023  -000,HIGH,098-US-0023  -000,22.113,0,0,1,0,0,0,0,0,1,0,0,1,0,1
6683,72981938,KSP0900,23-472999,20231128,5,,KY194,E,,KY0194,KY0194,0,098 KY-194,KY0194,N,N,NULL,NULL,NULL,N,NULL,NULL,NULL,NULL,NULL,NULL,18.815,NULL,NULL,NULL,NULL,,NULL,1,0,2,2,N,N,55,NULL,98,9817,NULL,,Y,37.55849,-82.41549,N,NULL,NULL,NULL,NULL,NULL,NULL,NULL,NULL,7,3,2,6,1,1,2,7,7,3,N,NULL,N,N,5,10,45,N,NULL,54,6,5,N,,N,N,098-KY-0194-0,NULL,NULL,2023,B,7.30E+11,098-KY-0194  -000,HIGH,098-KY-0194  -000,18.853,0,0,0,0,0,0,1,0,0,0,0,1,0,0
6684,72904454,980500,2023AR024,20230526,1430,,POWER,,DR,,,0,098 CS-3012,CS3012,Y,N,NULL,NULL,NULL,N,NULL,NULL,NULL,NULL,NULL,NULL,,NULL,NULL,NULL,NULL,NULL,NULL,0,0,2,2,N,N,,NULL,98,9807,NULL,,Y,37.5141,-82.56118,N,NULL,NULL,NULL,NULL,NULL,NULL,NULL,NULL,1,97,2,6,2,1,2,2,1,3,N,NULL,Y,Y,1430,1435,1435,N,NULL,90,,,N,,N,N,098-CS-3012-0,NULL,NULL,2023,O,7.29E+11,098-CS-3012  -000,HIGH,098-CS-3012  -000,0.135,0,0,0,0,0,0,1,0,0,0,0,0,0,0
6685,72765982,980100,2.02E+11,20220525,1215,,CASSIDY,,BLVD,,,0,098 CS-1191,CS1191,N,N,NULL,NULL,NULL,N,NULL,NULL,NULL,NULL,NULL,NULL,0.027,NULL,NULL,NULL,NULL,,NULL,0,0,2,2,N,N,25,NULL,98,9801,NULL,,Y,37.5037,-82.533,N,NULL,NULL,NULL,NULL,NULL,NULL,NULL,NULL,5,3,5,6,1,1,2,2,7,3,N,NULL,Y,N,1215,1218,1226,N,NULL,49,,,N,,N,N,098-CS-1191-0,NULL,NULL,2022,O,7.28E+11,098-CS-1191  -000,HIGH,098-CS-1191  -000,0.027,0,0,0,0,0,0,1,0,0,0,0,0,0,1
6686,72852272,980100,2.02E+11,20230104,1244,,BAIRD,,AVE,KY1426,KY1426,0,098 KY-1426,KY1426,N,N,NULL,NULL,NULL,N,NULL,NULL,NULL,NULL,NULL,NULL,5.381,NULL,NULL,NULL,NULL,,NULL,0,0,2,2,N,N,15,NULL,98,9801,NULL,,Y,37.47348,-82.52716,N,NULL,NULL,NULL,NULL,NULL,NULL,NULL,NULL,5,3,2,6,1,1,3,2,7,3,N,NULL,Y,N,1244,1247,1248,N,NULL,49,,0,N,,N,N,098-KY-1426-0,NULL,NULL,2023,O,7.29E+11,098-KY-1426  -000,HIGH,098-KY-1426  -000,5.381,0,0,0,0,0,0,0,0,0,0,0,0,0,1
6687,72845136,980500,2022AR060,20221221,1410,,MAYO,N,TRL,,,,,,Y,N,NULL,NULL,NULL,N,NULL,NULL,NULL,NULL,NULL,NULL,,NULL,NULL,NULL,NULL,NULL,NULL,0,0,2,2,N,N,15,NULL,98,9807,NULL,,Y,37.52794,-82.57542,N,NULL,NULL,NULL,NULL,NULL,NULL,NULL,NULL,2,97,,6,1,1,2,2,1,3,N,NULL,Y,Y,1410,1415,,N,NULL,90,,,N,,N,N,,NULL,NULL,2022,O,7.28E+11,098-US-0023  -010,MEDIUM,098-US-0023  -000,29.32,0,0,1,0,0,0,0,0,0,0,0,0,0,0
6688,72820089,980100,2.02E+11,20221023,1044,,US23,,,US0023,US0023,0,098 US-23-10,US0023,N,N,NULL,NULL,NULL,N,NULL,NULL,NULL,NULL,NULL,NULL,21.071,NULL,NULL,NULL,NULL,,NULL,0,0,1,1,N,N,55,NULL,98,9801,NULL,,Y,37.44603,-82.52596,N,NULL,NULL,NULL,NULL,NULL,NULL,NULL,NULL,9,3,4,1,1,1,2,2,1,3,N,NULL,Y,N,1044,1050,1050,N,NULL,38,,1,N,,N,N,098-US-0023-10,NULL,NULL,2022,O,7.28E+11,098-US-0023  -010,HIGH,098-US-0023  -000,21.071,0,0,0,0,0,0,0,0,0,0,0,0,0,1
6689,72959241,980100,2.02E+11,20231012,1708,,US23,,,US0023,US0023,0,098 US-23,US0023,N,N,NULL,NULL,NULL,N,NULL,NULL,NULL,NULL,NULL,NULL,,NULL,NULL,NULL,NULL,,NULL,0,0,1,1,N,N,55,NULL,98,9801,NULL,,Y,37.4324,-82.51433,N,NULL,NULL,NULL,NULL,NULL,NULL,NULL,NULL,9,5,4,6,1,1,2,2,7,3,N,NULL,Y,N,1709,1715,,N,NULL,51,,1,N,,N,Y,098-US-0023-0,NULL,NULL,2023,O,7.30E+11,098-US-0023  -000,HIGH,098-US-0023  -000,18.226,0,0,0,0,0,0,0,0,0,0,0,1,0,1
6690,72872140,980100,2.02E+11,20230304,1504,,PRATER,,PL,,,,,,N,Y,LEE,,AVE,N,NULL,NULL,NULL,NULL,NULL,NULL,,NULL,NULL,NULL,NULL,NULL,NULL,0,0,2,2,N,N,25,NULL,98,9801,NULL,,Y,37.50312,-82.53516,N,NULL,NULL,NULL,NULL,NULL,NULL,NULL,NULL,1,3,2,6,1,1,2,2,1,3,N,NULL,Y,N,1504,1514,1517,N,NULL,10,,,N,,N,N,,NULL,NULL,2023,O,7.29E+11,098-CS-1260  -000,HIGH,098-CS-1260  -000,0.048,0,0,0,1,0,0,1,1,0,0,1,0,0,1
6691,72900423,980100,2.02E+11,20230512,1531,,THOMPSON,,RD,,,0,098 CS-1215,CS1215,N,N,NULL,NULL,NULL,N,NULL,NULL,NULL,NULL,NULL,NULL,0.787,NULL,NULL,NULL,NULL,,NULL,0,0,2,2,N,N,45,NULL,98,9801,NULL,,Y,37.50417,-82.53905,N,NULL,NULL,NULL,NULL,NULL,NULL,NULL,NULL,4,3,2,6,1,5,6,2,1,3,N,NULL,Y,N,1531,1537,1537,N,NULL,70,,,N,,N,N,098-CS-1215-0,NULL,NULL,2023,O,7.29E+11,098-CS-1215  -000,HIGH,098-CS-1215  -000,0.796,0,1,0,0,0,0,1,0,0,0,0,0,0,1
6692,72896547,KSP0900,23-172378,20230506,2016,,GOODY,,LOOP,,,0,098 PR-1024,PR1024,Y,N,NULL,NULL,NULL,N,NULL,NULL,NULL,NULL,NULL,NULL,0.012,NULL,NULL,NULL,NULL,,NULL,0,0,2,2,N,N,10,NULL,98,9834,NULL,,Y,37.65989,-82.27301,N,NULL,NULL,NULL,NULL,NULL,NULL,NULL,NULL,8,97,0,6,1,1,2,2,1,3,N,NULL,Y,N,2016,2020,2020,N,NULL,90,,,N,,N,N,098-PR-1024-0,NULL,NULL,2023,O,7.29E+11,098-PR-1024  -000,HIGH,098-PR-1024  -000,0.012,0,0,0,0,0,0,1,0,0,0,0,0,0,0
6693,72968067,KSP0900,23-444704,20231103,745,,KY122,,,KY0122,KY0122,0,098 KY-122,KY0122,N,N,NULL,NULL,NULL,N,NULL,NULL,NULL,NULL,NULL,NULL,8.277,NULL,NULL,NULL,NULL,,NULL,0,0,1,1,N,N,55,NULL,98,9823,NULL,,Y,37.38531,-82.57685,N,NULL,NULL,NULL,NULL,NULL,NULL,NULL,NULL,9,3,2,6,1,1,2,2,7,3,N,NULL,Y,N,745,828,828,N,NULL,38,,0,N,,N,N,098-KY-0122-0,NULL,NULL,2023,O,7.30E+11,098-KY-0122  -000,HIGH,098-KY-0122  -000,8.276,0,0,0,0,0,0,0,0,0,0,0,0,0,0
6694,72978584,980100,2.02E+11,20231127,1711,,US23,,,US0023,US0023,0,098 US-23,US0023,N,Y,KINNIKINNICK,,RD,N,NULL,NULL,NULL,NULL,NULL,NULL,30.306,NULL,NULL,NULL,NULL,,NULL,0,0,2,2,N,N,55,NULL,98,9801,NULL,,Y,37.54082,-82.58238,N,NULL,NULL,NULL,NULL,NULL,NULL,NULL,NULL,1,3,4,6,1,1,3,2,1,3,N,NULL,Y,N,1711,1720,1720,N,NULL,8,,1,N,,N,N,098-US-0023-0,NULL,NULL,2023,O,7.30E+11,098-US-0023  -000,HIGH,098-US-0023  -000,30.288,0,0,0,0,0,0,0,1,0,0,1,0,0,1
6695,72892343,KSP0900,23-160617,20230428,951,,KY195,,,KY0195,KY0195,,,,N,N,NULL,NULL,NULL,N,NULL,NULL,NULL,NULL,NULL,NULL,9.018,NULL,NULL,NULL,NULL,,NULL,0,0,1,1,N,N,35,NULL,98,9830,NULL,,Y,37.34059,-82.42691,N,NULL,NULL,NULL,NULL,NULL,NULL,NULL,NULL,9,3,2,3,1,5,3,2,7,3,N,NULL,Y,N,1030,1030,1120,N,NULL,44,7,0,N,,N,N,,NULL,NULL,2023,O,7.29E+11,098-KY-0195  -000,HIGH,098-KY-0195  -000,9.022,0,0,1,0,0,0,0,0,0,0,0,1,0,0
6696,72911192,980100,2.02E+11,20230606,1132,,LANKS BRANCH,S,RD,,,0,098 CS-1017,CS1017,N,N,NULL,NULL,NULL,N,NULL,NULL,NULL,NULL,NULL,NULL,0.388,NULL,NULL,NULL,NULL,,NULL,0,0,1,1,N,N,35,NULL,98,9801,NULL,,Y,37.46325,-82.51104,N,NULL,NULL,NULL,NULL,NULL,NULL,NULL,NULL,9,3,2,1,1,1,2,2,1,3,N,NULL,Y,N,1133,1136,1136,N,NULL,40,,,N,,N,N,098-CS-1017-0,NULL,NULL,2023,O,7.29E+11,098-PR-1170  -000,MEDIUM,098-PR-1170  -000,0.391,0,1,0,0,0,0,1,0,0,0,0,1,0,1
6697,72870596,980100,2.02E+11,20230301,1323,,CASSIDY,,BLVD,,,0,098 CS-1191,CS1191,Y,N,NULL,NULL,NULL,N,NULL,NULL,NULL,NULL,NULL,NULL,,NULL,NULL,NULL,NULL,NULL,NULL,0,0,2,2,N,N,15,NULL,98,9801,NULL,,Y,37.5055,-82.5378,N,NULL,NULL,NULL,NULL,NULL,NULL,NULL,NULL,7,97,2,6,1,1,2,2,1,3,N,NULL,Y,N,1323,1337,1347,N,NULL,90,,,N,,N,N,098-CS-1191-0,NULL,NULL,2023,O,7.29E+11,098-CS-1191  -000,HIGH,098-CS-1191  -000,0.346,0,0,0,1,0,0,0,0,0,0,0,0,0,1
6698,72915078,980100,2.02E+11,20230618,1801,,CASSIDY,,BLVD,,,,,,Y,N,NULL,NULL,NULL,N,NULL,NULL,NULL,NULL,NULL,NULL,0.239,NULL,NULL,NULL,NULL,,NULL,0,0,2,2,N,N,,NULL,98,9801,NULL,,Y,37.50425,-82.5358,N,NULL,NULL,NULL,NULL,NULL,NULL,NULL,NULL,2,97,,6,1,1,2,2,1,3,N,NULL,Y,N,1801,1809,,N,NULL,90,,,N,,N,N,,NULL,NULL,2023,O,7.29E+11,098-CS-1191  -000,MEDIUM,098-CS-1191  -000,0.213,0,0,0,1,0,0,1,0,0,0,0,0,0,1
6699,72916659,KSP0900,23-302848,20230625,1406,,US119,,,US0119,US0119,0,098 US-119,US0119,N,N,NULL,NULL,NULL,N,NULL,NULL,NULL,NULL,NULL,NULL,20.285,NULL,NULL,NULL,NULL,,NULL,3,0,2,2,N,N,55,NULL,98,9836,NULL,,Y,37.61471,-82.27451,N,NULL,NULL,NULL,NULL,NULL,NULL,NULL,NULL,1,3,2,6,1,1,2,2,7,3,N,NULL,Y,Y,1406,1407,1407,N,NULL,55,2,1,N,,N,N,098-US-0119-0,NULL,NULL,2023,C,7.29E+11,098-US-0119  -000,HIGH,098-US-0119  -000,20.288,0,0,0,1,0,0,1,0,0,0,0,0,0,0
6700,72886212,980100,2.02E+11,20230411,1840,,KILGORE,,LN,,,0,098 CS-1105,CS1105,N,N,NULL,NULL,NULL,N,NULL,NULL,NULL,NULL,NULL,NULL,0.021,NULL,NULL,NULL,NULL,,NULL,0,0,1,1,N,N,15,NULL,98,9801,NULL,,Y,37.47605,-82.52231,N,NULL,NULL,NULL,NULL,NULL,NULL,NULL,NULL,9,3,2,6,1,1,2,2,7,3,Y,NULL,Y,N,1841,1843,1929,N,NULL,40,,,N,,N,N,098-CS-1105-0,NULL,NULL,2023,O,7.29E+11,098-CS-1105  -000,HIGH,098-CS-1105  -000,0.021,0,0,1,0,0,0,0,0,0,0,0,1,0,1