OBJECTID,MasterFile,AgencyORINumber,LocalCode,CollisionDate,CollisionTime,CollisionDayWeekCode,RoadwayName,RoadwayName_Direction_,RoadwayName_RoadwaySuffix_,RoadwayfromReport,CurrentRoadwayNumber,RoadwayNumberCoupletID,RSEUniqueGIS,RoadwayIdentifier,ParkingLotIndicator,IntersectionWith_Indicator_,IntersectionWith_NameRoadway_,IntersectionWith_Direction_,IntersectionWith_RoadwaySuffix_,BetweenStreets_Indicator_,BetweenStreets1_NameRoadway_,BetweenStreet1_Direction_,BetweenStreets1_RoadwaySuffix_,BetweenStreets2_NameRoadway_,BetweenStreets2_Direction_,BetweenStreets2_RoadwaySuffix_,Milepoint,ReportMilepointDeriveNumber,CurrentDerivedMiepointNumber,MilestoMilepoint,FeettoMilepoint,DirectionfromMilepoint_NSEW_,ValidMilepointIndicator,NumberInjured,NumberKilled,ofUnits,ofMotorVehicleUnits,Hit&RunIndicator,OneWayIndicator,SpeedLimitNumber,KilometersIndicator,CountyCode,CityCountyCode,MilesFromCity,DirectionFromCity_NSEW_,InCityLimitsIndicator,Latitude,Longitude,RampIndicator,RampFromIdentifier,RampFromDirCode,RampFromCoupletID,RSEUniqueGISRampFrom,RampToidentifier,RampToDirCode,RampToCoupletID,RSEUniqueGisRampTo,MannerofCollisionCode,LocationFirstEventCode,TotalLanes,RoadwayCharacterCode,RoadwaySurfaceCode,RoadwayConditionCode,WeatherCode,LightConditionCode,LandUseCode,SchoolBusRelatedCode,FirstAidSceneIndicator,CollDescPresentInd,InvestigationCompleteIndicator,PhotosTakenIndicator,TimeNotified,TimeArrived,TimeRoadwayOpened,PropertyDamageIndicator,DiagramPresentIndicator,DirectionalAnalysis,FunctionClassCode,NationalHwySysCode,EnforcementsIndicator,KARSCityCode,SecondaryCollisionIndicator,MedianCrossoverIndicator,RT_UNIQUE,MapIt,TimeLastLeft,YR,KABCO,MFNY,WorkingRID,RT_CONFIDENCE,KTC_RT,KTC_MP,Motorcyclist,Commercial Vehicle,Young Driver,Mature Driver,Pedestrian,Bicyclist,Distracted,Aggressive,Impaired,Unrestrained,Intersection,Roadway Departure,Median Cross-over,City Crash
6701,72848508,KSP0900,2022-497610,20221229,1914,,KY195,,,KY0195,KY0195,0,098 KY-195,KY0195,N,N,NULL,NULL,NULL,N,NULL,NULL,NULL,NULL,NULL,NULL,9.402,NULL,NULL,NULL,NULL,,NULL,2,0,1,1,N,N,55,NULL,98,9830,NULL,,Y,37.34368,-82.42222,N,NULL,NULL,NULL,NULL,NULL,NULL,NULL,NULL,9,3,2,6,1,5,2,5,7,3,Y,NULL,Y,Y,1914,1914,1914,Y,NULL,44,7,0,N,,N,N,098-KY-0195-0,NULL,NULL,2022,C,7.28E+11,098-KY-0195  -000,HIGH,098-KY-0195  -000,9.402,0,0,0,0,0,0,0,0,0,0,0,1,0,0
6702,72945045,980500,2023AR043,20230912,15,,US23,,,US0023,US0023,0,098 US-23-10,US0023,N,N,NULL,NULL,NULL,N,NULL,NULL,NULL,NULL,NULL,NULL,29.894,NULL,NULL,NULL,NULL,,NULL,0,0,2,2,Y,N,45,NULL,98,9801,NULL,,Y,37.53621,-82.57945,N,NULL,NULL,NULL,NULL,NULL,NULL,NULL,NULL,5,3,4,6,1,1,2,6,1,3,N,NULL,Y,Y,20,25,,N,NULL,49,,1,N,,N,N,098-US-0023-10,NULL,NULL,2023,O,7.29E+11,098-US-0023  -010,HIGH,098-US-0023  -000,29.928,0,1,0,0,0,0,1,0,0,0,0,0,0,1
6703,72910483,KSP0900,23-217709,20230608,1136,,KY194,,,KY0194,KY0194,0,098 KY-194,KY0194,N,N,NULL,NULL,NULL,N,NULL,NULL,NULL,NULL,NULL,NULL,60.692,NULL,NULL,NULL,NULL,,NULL,1,0,1,1,N,N,35,NULL,98,9811,NULL,,Y,37.56431,-82.14091,N,NULL,NULL,NULL,NULL,NULL,NULL,NULL,NULL,9,3,2,6,1,1,2,2,7,3,Y,NULL,N,N,1205,1225,1300,N,NULL,70,7,0,N,,N,N,098-KY-0194-0,NULL,NULL,2023,B,7.29E+11,098-KY-0194  -000,HIGH,098-KY-0194  -000,60.697,0,0,0,0,0,0,1,0,0,0,0,1,0,0
6704,72972543,980500,2023AR059,20231113,1502,,MAYO TRAIL,N,,US0023,US0023,0,098 US-23,US0023,Y,N,NULL,NULL,NULL,N,NULL,NULL,NULL,NULL,NULL,NULL,,NULL,NULL,NULL,NULL,NULL,NULL,0,0,2,2,N,Y,,NULL,98,9807,NULL,,Y,37.52077,-82.56796,N,NULL,NULL,NULL,NULL,NULL,NULL,NULL,NULL,2,97,4,6,1,1,2,2,5,3,N,NULL,Y,Y,1502,1509,1509,N,NULL,90,,1,N,,N,N,098-US-0023-0,NULL,NULL,2023,O,7.30E+11,098-US-0023  -000,HIGH,098-US-0023  -000,28.674,0,0,1,1,0,0,1,0,0,1,0,0,0,0
6705,72801863,KSP0900,22-338221,20220901,46,,KY1056,,,KY1056,KY1056,0,098 KY-1056,KY1056,N,N,NULL,NULL,NULL,N,NULL,NULL,NULL,NULL,NULL,NULL,0.174,NULL,NULL,NULL,NULL,,NULL,0,0,1,1,N,N,35,NULL,98,9872,NULL,,Y,37.5598,-82.25839,N,NULL,NULL,NULL,NULL,NULL,NULL,NULL,NULL,9,3,2,3,1,1,2,5,7,3,N,NULL,Y,N,46,128,128,Y,NULL,40,8,0,Y,,N,N,098-KY-1056-0,NULL,NULL,2022,O,7.28E+11,098-KY-1056  -000,HIGH,098-KY-1056  -000,0.174,0,0,0,0,0,0,0,0,1,0,0,1,0,0
6706,72989712,KSP0900,23-500262,20231223,1310,,PHELPS 632,,RD,KY0632,KY0632,0,098 KY-632,KY0632,N,N,NULL,NULL,NULL,N,NULL,NULL,NULL,NULL,NULL,NULL,13.882,NULL,NULL,NULL,NULL,,NULL,2,0,3,3,N,N,35,NULL,98,9804,NULL,,Y,37.51348,-82.15443,N,NULL,NULL,NULL,NULL,NULL,NULL,NULL,NULL,7,3,2,6,1,1,3,2,7,3,N,NULL,Y,Y,1312,1410,1410,N,NULL,54,6,0,N,,Y,N,098-KY-0632-0,NULL,NULL,2023,C,7.30E+11,098-KY-0632  -000,HIGH,098-KY-0632  -000,13.882,0,0,0,1,0,0,1,0,0,0,0,1,0,0
6707,72979334,980100,2.02E+11,20231129,1541,,HAMBLEY,,BLVD,,,0,098 CS-1222,CS1222,N,N,NULL,NULL,NULL,N,NULL,NULL,NULL,NULL,NULL,NULL,1.71,NULL,NULL,NULL,NULL,,NULL,0,0,2,2,N,N,35,NULL,98,9801,NULL,,Y,37.48171,-82.53332,N,NULL,NULL,NULL,NULL,NULL,NULL,NULL,NULL,1,3,2,6,1,1,2,2,2,3,N,NULL,Y,N,1541,1541,1552,N,NULL,55,,,N,,N,N,098-CS-1222-0,NULL,NULL,2023,O,7.30E+11,098-CS-1222  -000,HIGH,098-CS-1222  -000,1.713,0,0,1,0,0,0,1,1,0,0,0,0,0,1
6708,72977354,980100,2.02E+11,20231124,1149,,CASSIDY,,BLVD,,,0,098 CS-1191,CS1191,Y,N,NULL,NULL,NULL,N,NULL,NULL,NULL,NULL,NULL,NULL,0.007,NULL,NULL,NULL,NULL,,NULL,0,0,2,2,N,N,10,NULL,98,9801,NULL,,Y,37.50604,-82.53733,N,NULL,NULL,NULL,NULL,NULL,NULL,NULL,NULL,6,97,2,6,1,1,2,2,1,3,N,NULL,Y,N,1149,1159,1227,N,NULL,90,,,N,,N,N,098-CS-1191-0,NULL,NULL,2023,O,7.30E+11,098-CS-1191  -000,HIGH,098-CS-1191  -000,0.328,0,0,0,0,0,0,1,0,0,0,0,0,0,1
6709,72898737,KSP0900,23-183718,20230514,2220,,KY195,,,KY0195,KY0195,0,098 KY-195,KY0195,N,N,NULL,NULL,NULL,N,NULL,NULL,NULL,NULL,NULL,NULL,11.402,NULL,NULL,NULL,NULL,,NULL,0,0,1,1,N,N,35,NULL,98,9830,NULL,,Y,37.36627,-82.4143,N,NULL,NULL,NULL,NULL,NULL,NULL,NULL,NULL,9,3,2,2,1,1,2,6,7,3,N,NULL,N,N,2220,2241,2300,N,NULL,44,7,0,N,,N,N,098-KY-0195-0,NULL,NULL,2023,O,7.29E+11,098-KY-0195  -000,HIGH,098-KY-0195  -000,11.401,0,1,0,0,0,0,0,0,0,0,0,1,0,0
6710,72860692,980100,2.02E+11,20230201,1243,,HAMBLEY,,BLVD,,,0,098 CS-1222,CS1222,Y,N,NULL,NULL,NULL,N,NULL,NULL,NULL,NULL,NULL,NULL,1.572,NULL,NULL,NULL,NULL,,NULL,0,0,2,2,N,N,,NULL,98,9801,NULL,,Y,37.48269,-82.53105,N,NULL,NULL,NULL,NULL,NULL,NULL,NULL,NULL,5,97,1,6,1,1,3,2,1,3,N,NULL,Y,N,1208,1220,1220,N,NULL,90,,,Y,,N,N,098-CS-1222-0,NULL,NULL,2023,O,7.29E+11,098-CS-1222  -000,HIGH,098-CS-1222  -000,1.573,0,0,0,1,0,0,0,0,0,0,0,0,0,1
6711,72929121,980100,2.02E+11,20230718,1608,,US23,,,US0023,US0023,0,098 US-23-10,US0023,N,N,NULL,NULL,NULL,N,NULL,NULL,NULL,NULL,NULL,NULL,27.408,NULL,NULL,NULL,NULL,,NULL,0,0,2,2,N,N,55,NULL,98,9807,NULL,,Y,37.51093,-82.54929,N,NULL,NULL,NULL,NULL,NULL,NULL,NULL,NULL,5,3,4,6,1,1,3,2,1,3,N,NULL,Y,N,1608,1422,,N,NULL,49,,1,N,,N,N,098-US-0023-10,NULL,NULL,2023,O,7.29E+11,098-US-0023  -010,HIGH,098-US-0023  -000,27.401,0,0,0,1,0,0,1,0,0,0,0,0,0,1
6712,72992293,KSP0900,23-494707,20231218,1200,,US119,,,US0119,US0119,0,098 US-119-10,US0119,N,N,NULL,NULL,NULL,N,NULL,NULL,NULL,NULL,NULL,NULL,22.013,NULL,NULL,NULL,NULL,,NULL,0,0,2,2,N,N,55,NULL,98,9836,NULL,,Y,37.63332,-82.26213,N,NULL,NULL,NULL,NULL,NULL,NULL,NULL,NULL,1,2,2,1,1,5,6,2,7,3,N,NULL,Y,N,1205,1225,1205,N,NULL,55,2,1,N,,N,N,098-US-0119-10,NULL,NULL,2023,O,7.30E+11,098-US-0119  -010,HIGH,098-US-0119  -000,22.007,0,0,0,0,0,0,1,0,0,0,0,0,0,0
6713,72963499,980500,2023AR051,20231020,1954,,US23,,,US0023,US0023,0,098 US-23-10,US0023,N,N,NULL,NULL,NULL,N,NULL,NULL,NULL,NULL,NULL,NULL,29.636,NULL,NULL,NULL,NULL,,NULL,0,0,2,2,N,N,45,NULL,98,9801,NULL,,Y,37.53094,-82.57661,N,NULL,NULL,NULL,NULL,NULL,NULL,NULL,NULL,5,3,4,6,1,5,6,6,1,3,N,NULL,Y,Y,1954,2005,2030,N,NULL,70,,1,Y,,N,N,098-US-0023-10,NULL,NULL,2023,O,7.30E+11,098-US-0023  -010,HIGH,098-US-0023  -000,29.535,0,0,0,0,0,0,0,0,1,0,0,0,0,1
6714,72910554,KSP0900,23-192521,20230521,900,,COWPEN,,RD,KY2061,KY2061,0,098 KY-2061,KY2061,N,N,NULL,NULL,NULL,N,NULL,NULL,NULL,NULL,NULL,NULL,0.636,NULL,NULL,NULL,NULL,,NULL,0,0,1,1,N,N,55,NULL,98,9807,NULL,,Y,37.5364,-82.56818,N,NULL,NULL,NULL,NULL,NULL,NULL,NULL,NULL,9,3,2,3,1,1,2,2,7,3,N,NULL,N,N,1724,1739,1812,N,NULL,44,,0,N,,N,N,098-KY-2061-0,NULL,NULL,2023,O,7.29E+11,098-KY-2061  -000,HIGH,098-KY-2061  -000,0.631,0,0,1,0,0,0,1,1,0,0,0,1,0,0
6715,72908585,KSP0900,23-214998,20230606,1045,,TOLER,,RD,KY0319,KY0319,0,098 KY-319,KY0319,N,N,NULL,NULL,NULL,N,NULL,NULL,NULL,NULL,NULL,NULL,2.833,NULL,NULL,NULL,NULL,,NULL,0,0,2,2,N,N,55,NULL,98,9842,NULL,,Y,37.60349,-82.21459,N,NULL,NULL,NULL,NULL,NULL,NULL,NULL,NULL,5,3,2,3,1,1,2,2,7,3,N,NULL,Y,N,1045,1045,1045,N,NULL,49,7,0,N,,N,N,098-KY-0319-0,NULL,NULL,2023,O,7.29E+11,098-KY-0319  -000,HIGH,098-KY-0319  -000,2.83,0,0,0,1,0,0,1,0,0,0,0,0,0,0
6716,72860124,980100,2.02E+11,20230111,1121,,PEACH ORCHARD,,DR,,,0,098 CS-1158,CS1158,N,N,NULL,NULL,NULL,N,NULL,NULL,NULL,NULL,NULL,NULL,0.17,NULL,NULL,NULL,NULL,,NULL,0,0,2,2,N,N,15,NULL,98,9801,NULL,,Y,37.47968,-82.52409,N,NULL,NULL,NULL,NULL,NULL,NULL,NULL,NULL,7,3,1,6,1,1,2,2,1,3,N,NULL,Y,N,1122,1133,,N,NULL,47,,,N,,N,N,098-CS-1158-0,NULL,NULL,2023,O,7.29E+11,098-CS-1219  -000,MEDIUM,098-CS-1219  -000,0.13,0,0,0,0,0,0,0,0,0,0,0,0,0,1
6717,72901042,KSP0900,23-190720,20230520,932,,COWPEN,,RD,KY2061,KY2061,0,098 KY-2061,KY2061,N,N,NULL,NULL,NULL,N,NULL,NULL,NULL,NULL,NULL,NULL,5.446,NULL,NULL,NULL,NULL,,NULL,0,0,1,1,N,N,55,NULL,98,9801,NULL,,Y,37.58318,-82.54427,N,NULL,NULL,NULL,NULL,NULL,NULL,NULL,NULL,9,5,2,3,1,5,3,2,7,3,N,NULL,Y,N,940,950,1025,N,NULL,44,,0,N,,N,N,098-KY-2061-0,NULL,NULL,2023,O,7.29E+11,098-KY-2061  -000,HIGH,098-KY-2061  -000,5.515,0,0,1,0,0,0,0,0,0,0,0,1,0,0
6718,72866840,KSP0900,2023-63859,20230218,1807,,US23,,,US0023,US0023,,,,N,N,NULL,NULL,NULL,N,NULL,NULL,NULL,NULL,NULL,NULL,29.432,NULL,NULL,NULL,NULL,,NULL,0,0,2,2,N,N,45,NULL,98,9807,NULL,,Y,37.52939,-82.57561,N,NULL,NULL,NULL,NULL,NULL,NULL,NULL,NULL,5,3,4,6,1,1,2,3,7,3,N,NULL,N,N,1807,1821,1807,N,NULL,70,,1,N,,N,N,,NULL,NULL,2023,O,7.29E+11,098-US-0023  -000,MEDIUM,098-US-0023  -000,29.414,0,0,1,0,0,0,0,0,0,0,0,0,0,0
6719,72910465,980100,2.02E+11,20230613,1109,,CHLOE,,RD,KY1460,KY1460,0,098 KY-1460,KY1460,N,N,NULL,NULL,NULL,N,NULL,NULL,NULL,NULL,NULL,NULL,3.097,NULL,NULL,NULL,NULL,,NULL,0,0,2,2,N,N,35,NULL,98,9801,NULL,,Y,37.47245,-82.4828,N,NULL,NULL,NULL,NULL,NULL,NULL,NULL,NULL,1,3,2,4,1,1,2,2,7,3,N,NULL,Y,N,1109,1118,1133,N,NULL,55,,0,N,,N,N,098-KY-1460-0,NULL,NULL,2023,O,7.29E+11,098-KY-1460  -000,HIGH,098-KY-1460  -000,3.066,0,0,0,0,0,0,0,0,0,0,0,0,0,1
6720,72954558,980100,2.02E+11,20231003,1834,,KY1426,,,KY1426,KY1426,0,098 KY-1426,KY1426,Y,N,NULL,NULL,NULL,N,NULL,NULL,NULL,NULL,NULL,NULL,6.858,NULL,NULL,NULL,NULL,,NULL,0,0,1,1,N,N,15,NULL,98,9801,NULL,,Y,37.48555,-82.50996,N,NULL,NULL,NULL,NULL,NULL,NULL,NULL,NULL,9,97,2,6,1,1,2,2,1,3,N,NULL,Y,N,1834,1841,1853,Y,NULL,90,,0,N,,N,N,098-KY-1426-0,NULL,NULL,2023,O,7.30E+11,098-KY-1426  -000,HIGH,098-KY-1426  -000,6.859,0,0,0,0,0,0,1,0,0,0,0,1,0,1
6721,72762309,980100,2.02E+11,20220516,1725,,KY3496 TURN LANE,,,KY3496,KY3496,,,,N,Y,US23,,,N,NULL,NULL,NULL,NULL,NULL,NULL,0.014,NULL,NULL,NULL,NULL,,NULL,0,0,2,2,N,N,35,NULL,98,9801,NULL,,Y,37.4658,-82.52816,N,NULL,NULL,NULL,NULL,NULL,NULL,NULL,NULL,5,3,3,2,1,1,2,2,1,3,N,NULL,Y,N,1725,1729,,N,NULL,35,16,0,N,,N,N,,NULL,NULL,2022,O,7.28E+11,098-KY-3496  -000,MEDIUM,098-KY-3496  -000,0.014,0,0,0,0,0,0,1,1,0,0,1,0,0,1
6722,72900464,980100,2.02E+11,20230513,1857,,CASSIDY,,BLVD,,,0,098 CS-1191,CS1191,N,N,NULL,NULL,NULL,N,NULL,NULL,NULL,NULL,NULL,NULL,0.133,NULL,NULL,NULL,NULL,,NULL,0,0,2,2,N,N,15,NULL,98,9801,NULL,,Y,37.50364,-82.53423,N,NULL,NULL,NULL,NULL,NULL,NULL,NULL,NULL,1,97,2,4,1,1,2,2,1,3,N,NULL,Y,N,1857,1905,,N,NULL,55,,,N,,N,N,098-CS-1191-0,NULL,NULL,2023,O,7.29E+11,098-CS-1191  -000,HIGH,098-CS-1191  -000,0.117,0,0,0,0,0,0,1,0,0,0,0,0,0,1
6723,72860848,980100,2.02E+11,20230131,1311,,KY3495,,,,,,,,N,N,NULL,NULL,NULL,N,NULL,NULL,NULL,NULL,NULL,NULL,,NULL,NULL,NULL,NULL,NULL,NULL,0,0,2,2,N,N,35,NULL,98,9801,NULL,,Y,37.48408,-82.5429,N,NULL,NULL,NULL,NULL,NULL,NULL,NULL,NULL,5,3,2,3,1,5,3,2,6,3,N,NULL,Y,N,1311,1316,1326,N,NULL,49,,,N,,N,N,,NULL,NULL,2023,O,7.29E+11,098-KY-1460  -000,MEDIUM,098-KY-1460  -000,6.847,0,0,0,0,0,0,1,0,0,0,0,0,0,1
6724,72946465,KSP0900,23-384909,20230907,312,,KY632,,,KY0632,KY0632,0,098 KY-632,KY0632,N,N,NULL,NULL,NULL,N,NULL,NULL,NULL,NULL,NULL,NULL,5.074,NULL,NULL,NULL,NULL,,NULL,0,0,1,1,N,N,55,NULL,98,9817,NULL,,Y,37.48566,-82.27219,N,NULL,NULL,NULL,NULL,NULL,NULL,NULL,NULL,9,3,2,3,1,5,6,2,7,3,N,NULL,N,N,1512,1535,1600,N,NULL,44,6,0,N,,N,N,098-KY-0632-0,NULL,NULL,2023,O,7.29E+11,098-KY-0632  -000,HIGH,098-KY-0632  -000,5.063,0,0,0,0,0,0,0,1,0,1,0,1,0,0
6725,72817962,980100,2.02E+11,20221017,1543,,US23 TURN LANE,,,US0023,US0023,,,,N,N,NULL,NULL,NULL,N,NULL,NULL,NULL,NULL,NULL,NULL,0.018,NULL,NULL,NULL,NULL,,NULL,0,0,2,2,N,N,55,NULL,98,9801,NULL,,Y,37.50355,-82.53246,N,NULL,NULL,NULL,NULL,NULL,NULL,NULL,NULL,5,3,8,3,1,1,2,2,1,3,N,NULL,Y,N,1543,1545,,N,NULL,49,,1,N,,N,N,,NULL,NULL,2022,O,7.28E+11,098-US-0023  -021,MEDIUM,098-US-0023  -021,0.018,0,0,0,1,0,0,1,1,0,0,0,0,0,1
6726,72873080,980100,2.02E+11,20230227,2333,,US119,,,US0119,US0119,0,098 US-119-10,US0119,N,N,NULL,NULL,NULL,N,NULL,NULL,NULL,NULL,NULL,NULL,0.017,NULL,NULL,NULL,NULL,,NULL,0,0,2,2,N,N,55,NULL,98,9801,NULL,,Y,37.50389,-82.53172,N,NULL,NULL,NULL,NULL,NULL,NULL,NULL,NULL,5,3,4,6,1,1,2,5,1,3,N,NULL,Y,N,2333,2338,2338,N,NULL,49,2,1,N,,N,N,098-US-0119-10,NULL,NULL,2023,O,7.29E+11,098-US-0119  -010,HIGH,098-US-0119  -000,0.017,0,0,0,1,0,0,1,0,0,0,0,0,0,1
6727,72905164,980000,23-05-001,20230530,1000,,GRASSY,,BR,,,0,098 CR-1358,CR1358,Y,N,NULL,NULL,NULL,N,NULL,NULL,NULL,NULL,NULL,NULL,,NULL,NULL,NULL,NULL,NULL,NULL,0,0,2,1,N,N,,NULL,98,9850,6,E,N,37.51228,-82.40894,N,NULL,NULL,NULL,NULL,NULL,NULL,NULL,NULL,2,97,,6,3,1,2,2,6,3,N,NULL,Y,Y,1000,1015,1015,N,NULL,90,,,N,,N,N,098-CR-1358-0,NULL,NULL,2023,O,7.29E+11,098-CR-1358  -000,HIGH,098-CR-1358  -000,2.722,0,0,0,0,0,0,1,0,0,0,0,0,0,0
6728,72955437,KSP0900,23-409801,20230930,1840,,KY292,,,KY0292,KY0292,0,098 KY-292,KY0292,N,N,NULL,NULL,NULL,N,NULL,NULL,NULL,NULL,NULL,NULL,1.042,NULL,NULL,NULL,NULL,,NULL,0,0,2,2,N,N,45,NULL,98,9836,NULL,,Y,37.64034,-82.21838,N,NULL,NULL,NULL,NULL,NULL,NULL,NULL,NULL,7,3,2,3,1,1,2,3,7,3,N,NULL,Y,N,1840,1855,1945,N,NULL,54,8,0,N,,N,N,098-KY-0292-0,NULL,NULL,2023,O,7.30E+11,098-KY-0292  -000,HIGH,098-KY-0292  -000,1.055,0,0,1,0,0,0,1,0,0,0,0,1,0,0
6729,72819705,980100,2.02E+11,20221019,1815,,HAMBLEY,,BLVD,,,0,098 CS-1222,CS1222,Y,N,NULL,NULL,NULL,N,NULL,NULL,NULL,NULL,NULL,NULL,0.778,NULL,NULL,NULL,NULL,,NULL,0,0,2,2,Y,N,,NULL,98,9801,NULL,,Y,37.48215,-82.519,N,NULL,NULL,NULL,NULL,NULL,NULL,NULL,NULL,7,97,2,6,1,1,2,2,5,3,N,NULL,Y,N,1815,1823,1823,N,NULL,90,,,N,,N,N,098-CS-1222-0,NULL,NULL,2022,O,7.28E+11,098-CS-1222  -000,HIGH,098-CS-1222  -000,0.778,0,0,0,0,0,0,1,0,0,0,0,0,0,1
6730,72921161,980100,2.02E+11,20230708,1232,,US23,,,US0023,US0023,0,098 US-23,US0023,N,N,NULL,NULL,NULL,N,NULL,NULL,NULL,NULL,NULL,NULL,26.214,NULL,NULL,NULL,NULL,,NULL,0,0,2,2,N,N,55,NULL,98,9801,NULL,,Y,37.50268,-82.53201,N,NULL,NULL,NULL,NULL,NULL,NULL,NULL,NULL,8,3,4,6,1,1,2,2,1,3,N,NULL,Y,N,1232,1233,1233,N,NULL,53,,1,N,,N,N,098-US-0023-0,NULL,NULL,2023,O,7.29E+11,098-US-0023  -000,HIGH,098-US-0023  -000,26.152,0,0,0,1,0,0,0,0,0,0,0,1,0,1
6731,72964828,980100,2.02E+11,20231027,1649,,OWSLEY,,RD,KY1384,KY1384,0,098 KY-1384,KY1384,N,N,NULL,NULL,NULL,N,NULL,NULL,NULL,NULL,NULL,NULL,6.175,NULL,NULL,NULL,NULL,,NULL,0,0,2,2,N,N,35,NULL,98,9801,NULL,,Y,37.47599,-82.55311,N,NULL,NULL,NULL,NULL,NULL,NULL,NULL,NULL,5,3,2,6,1,1,2,2,6,3,N,NULL,Y,N,1649,1653,1653,N,NULL,49,17,0,Y,,N,N,098-KY-1384-0,NULL,NULL,2023,O,7.30E+11,098-KY-1384  -000,HIGH,098-KY-1384  -000,6.175,0,0,1,0,0,0,1,0,1,0,0,0,0,1
6732,72855622,KSP0900,23-22420,20230118,800,,US460,,,US0460,US0460,0,098 US-460,US0460,N,N,NULL,NULL,NULL,N,NULL,NULL,NULL,NULL,NULL,NULL,7.058,NULL,NULL,NULL,NULL,,NULL,2,0,1,1,N,N,55,NULL,98,9832,NULL,,Y,37.3888,-82.43412,N,NULL,NULL,NULL,NULL,NULL,NULL,NULL,NULL,9,3,2,3,1,1,2,3,6,3,Y,NULL,Y,Y,801,834,900,N,NULL,70,,1,N,,N,N,098-US-0460-0,NULL,NULL,2023,B,7.29E+11,098-US-0460  -000,HIGH,098-US-0460  -000,7.065,0,0,0,1,0,0,1,0,0,0,0,1,0,0
6733,72897617,KSP0900,23-173048,20230507,1054,,US119,,,US0119,US0119,0,098 US-119,US0119,N,N,NULL,NULL,NULL,N,NULL,NULL,NULL,NULL,NULL,NULL,14.523,NULL,NULL,NULL,NULL,,NULL,0,0,1,1,N,N,55,NULL,98,9834,NULL,,Y,37.61536,-82.34297,N,NULL,NULL,NULL,NULL,NULL,NULL,NULL,NULL,9,3,4,6,1,1,3,2,7,3,N,NULL,Y,N,1131,1144,1144,N,NULL,70,2,1,N,,N,N,098-US-0119-0,NULL,NULL,2023,O,7.29E+11,098-US-0119  -000,HIGH,098-US-0119  -000,14.605,0,0,0,0,0,0,0,0,0,0,0,1,0,0
6734,72887870,980100,2.02E+11,20230405,655,,KY1426,,,KY1426,KY1426,0,098 KY-1426,KY1426,N,Y,KY1460 TURN LANE,,,N,NULL,NULL,NULL,NULL,NULL,NULL,6.603,NULL,NULL,NULL,NULL,,NULL,1,0,2,2,N,N,45,NULL,98,9801,NULL,,Y,37.48301,-82.5133,N,NULL,NULL,NULL,NULL,NULL,NULL,NULL,NULL,3,3,2,6,1,1,2,1,7,3,Y,NULL,Y,Y,655,656,843,N,NULL,52,,0,N,,N,N,098-KY-1426-0,NULL,NULL,2023,C,7.29E+11,098-KY-1426  -000,HIGH,098-KY-1426  -000,6.602,0,0,1,0,0,0,0,0,0,0,1,0,0,1
6735,72889357,KSP0900,23-142825,20230415,309,,FOREST TRACE,,HL,,,0,098 CR-1505BB,CR1505BB,Y,N,NULL,NULL,NULL,N,NULL,NULL,NULL,NULL,NULL,NULL,0.148,NULL,NULL,NULL,NULL,,NULL,0,0,2,2,Y,N,5,NULL,98,9836,NULL,,Y,37.60111,-82.27803,N,NULL,NULL,NULL,NULL,NULL,NULL,NULL,NULL,8,7,1,6,1,1,2,5,6,3,N,NULL,N,N,309,313,313,N,NULL,90,,,N,,N,N,098-CR-1505BB-0,NULL,NULL,2023,O,7.29E+11,098-CR-1505BB-000,HIGH,098-CR-1505BB-000,0.154,0,0,0,0,0,0,1,0,0,0,0,0,0,0
6736,72878148,980500,2023AR009,20230322,1300,,WEDDINGTON BRANCH ROAD,,,,,,,,N,N,NULL,NULL,NULL,N,NULL,NULL,NULL,NULL,NULL,NULL,,NULL,NULL,NULL,NULL,NULL,NULL,0,0,1,1,N,N,45,NULL,98,9807,NULL,,Y,37.52239,-82.57071,N,NULL,NULL,NULL,NULL,NULL,NULL,NULL,NULL,9,3,4,6,1,5,6,2,7,3,N,NULL,Y,Y,1300,1300,1300,N,NULL,70,,,N,,N,N,,NULL,NULL,2023,O,7.29E+11,098-CS-3026  -030,MEDIUM,098-CS-3026  -030,0.003,0,0,0,0,0,0,0,0,0,0,0,1,0,0
6737,72906397,980100,2.02E+11,20230602,1426,,CASSIDY,,BLVD,,,0,098 CS-1191,CS1191,Y,N,NULL,NULL,NULL,N,NULL,NULL,NULL,NULL,NULL,NULL,0.191,NULL,NULL,NULL,NULL,,NULL,0,0,2,2,N,N,,NULL,98,9801,NULL,,Y,37.5041,-82.53507,N,NULL,NULL,NULL,NULL,NULL,NULL,NULL,NULL,1,97,,6,1,1,2,2,1,3,N,NULL,Y,N,1426,1427,1427,N,NULL,90,,,N,,N,N,098-CS-1191-0,NULL,NULL,2023,O,7.29E+11,098-CS-1191  -000,HIGH,098-CS-1191  -000,0.176,0,0,0,0,0,0,1,0,0,0,0,0,0,1
6738,72820491,980100,2.02E+11,20221015,1227,,CASSIDY,,BLVD,,,0,098 CS-1191,CS1191,Y,N,NULL,NULL,NULL,N,NULL,NULL,NULL,NULL,NULL,NULL,0.272,NULL,NULL,NULL,NULL,,NULL,0,0,2,2,N,N,,NULL,98,9801,NULL,,Y,37.50471,-82.53631,N,NULL,NULL,NULL,NULL,NULL,NULL,NULL,NULL,1,97,,6,1,1,2,2,1,3,N,NULL,N,N,1227,1228,1228,N,NULL,90,,,N,,N,N,098-CS-1191-0,NULL,NULL,2022,O,7.28E+11,098-CS-1191  -000,HIGH,098-CS-1191  -000,0.272,0,0,0,0,0,0,0,0,0,0,0,0,0,1