OBJECTID,MasterFile,AgencyORINumber,LocalCode,CollisionDate,CollisionTime,CollisionDayWeekCode,RoadwayName,RoadwayName_Direction_,RoadwayName_RoadwaySuffix_,RoadwayfromReport,CurrentRoadwayNumber,RoadwayNumberCoupletID,RSEUniqueGIS,RoadwayIdentifier,ParkingLotIndicator,IntersectionWith_Indicator_,IntersectionWith_NameRoadway_,IntersectionWith_Direction_,IntersectionWith_RoadwaySuffix_,BetweenStreets_Indicator_,BetweenStreets1_NameRoadway_,BetweenStreet1_Direction_,BetweenStreets1_RoadwaySuffix_,BetweenStreets2_NameRoadway_,BetweenStreets2_Direction_,BetweenStreets2_RoadwaySuffix_,Milepoint,ReportMilepointDeriveNumber,CurrentDerivedMiepointNumber,MilestoMilepoint,FeettoMilepoint,DirectionfromMilepoint_NSEW_,ValidMilepointIndicator,NumberInjured,NumberKilled,ofUnits,ofMotorVehicleUnits,Hit&RunIndicator,OneWayIndicator,SpeedLimitNumber,KilometersIndicator,CountyCode,CityCountyCode,MilesFromCity,DirectionFromCity_NSEW_,InCityLimitsIndicator,Latitude,Longitude,RampIndicator,RampFromIdentifier,RampFromDirCode,RampFromCoupletID,RSEUniqueGISRampFrom,RampToidentifier,RampToDirCode,RampToCoupletID,RSEUniqueGisRampTo,MannerofCollisionCode,LocationFirstEventCode,TotalLanes,RoadwayCharacterCode,RoadwaySurfaceCode,RoadwayConditionCode,WeatherCode,LightConditionCode,LandUseCode,SchoolBusRelatedCode,FirstAidSceneIndicator,CollDescPresentInd,InvestigationCompleteIndicator,PhotosTakenIndicator,TimeNotified,TimeArrived,TimeRoadwayOpened,PropertyDamageIndicator,DiagramPresentIndicator,DirectionalAnalysis,FunctionClassCode,NationalHwySysCode,EnforcementsIndicator,KARSCityCode,SecondaryCollisionIndicator,MedianCrossoverIndicator,RT_UNIQUE,MapIt,TimeLastLeft,YR,KABCO,MFNY,WorkingRID,RT_CONFIDENCE,KTC_RT,KTC_MP,Motorcyclist,Commercial Vehicle,Young Driver,Mature Driver,Pedestrian,Bicyclist,Distracted,Aggressive,Impaired,Unrestrained,Intersection,Roadway Departure,Median Cross-over,City Crash
6739,72893057,KSP0900,23-162243,20230429,1432,,KY1426,,,KY1426,KY1426,0,098 KY-1426,KY1426,N,N,NULL,NULL,NULL,N,NULL,NULL,NULL,NULL,NULL,NULL,13.727,NULL,NULL,NULL,NULL,,NULL,2,0,2,2,N,N,55,NULL,98,9828,NULL,,Y,37.55373,-82.45367,N,NULL,NULL,NULL,NULL,NULL,NULL,NULL,NULL,3,3,2,6,1,1,2,2,7,3,N,NULL,Y,Y,1432,1448,1500,N,NULL,52,7,0,N,,N,N,098-KY-1426-0,NULL,NULL,2023,A,7.29E+11,098-KY-1426  -000,HIGH,098-KY-1426  -000,13.723,0,0,0,0,0,0,0,0,0,0,0,1,0,0
6740,72817291,KSP0900,22-391929,20221010,1733,,CENTRAL,,AVE,KY0292,KY0292,,,,Y,N,NULL,NULL,NULL,N,NULL,NULL,NULL,NULL,NULL,NULL,5.316,NULL,NULL,NULL,NULL,,NULL,0,0,2,2,N,N,5,NULL,98,9834,NULL,,Y,37.67171,-82.28442,N,NULL,NULL,NULL,NULL,NULL,NULL,NULL,NULL,2,97,,6,1,1,2,2,1,3,N,NULL,N,N,1733,1744,1804,N,NULL,90,7,0,N,,N,N,,NULL,NULL,2022,O,7.28E+11,098-KY-0292  -000,MEDIUM,098-KY-0292  -000,5.316,0,0,0,0,0,0,1,0,0,0,0,0,0,0
6741,72981902,980000,23-11-004,20231124,1030,,US23,,,US0023,US0023,0,098 US-23,US0023,N,N,NULL,NULL,NULL,N,NULL,NULL,NULL,NULL,NULL,NULL,30.112,NULL,NULL,NULL,NULL,,NULL,0,0,1,1,N,N,55,NULL,98,9801,NULL,,Y,37.53864,-82.58083,N,NULL,NULL,NULL,NULL,NULL,NULL,NULL,NULL,9,3,4,6,1,1,2,7,7,3,N,NULL,Y,Y,1030,1115,1030,N,NULL,38,,1,N,,N,N,098-US-0023-0,NULL,NULL,2023,O,7.30E+11,098-US-0023  -000,HIGH,098-US-0023  -000,30.114,0,0,0,0,0,0,0,0,0,0,0,0,0,1
6742,72827111,980500,2022AR053,20221109,1258,,MAIN STREET,,,,,,,,N,N,NULL,NULL,NULL,N,NULL,NULL,NULL,NULL,NULL,NULL,,NULL,NULL,NULL,NULL,NULL,NULL,1,0,2,2,N,N,25,NULL,98,9807,NULL,,Y,37.51901,-82.56612,N,NULL,NULL,NULL,NULL,NULL,NULL,NULL,NULL,7,3,2,6,1,1,2,2,7,3,N,NULL,Y,Y,1258,1300,1300,N,NULL,54,,,N,,N,N,,NULL,NULL,2022,C,7.28E+11,098-US-0023  -010,MEDIUM,098-US-0023  -000,28.516,0,0,0,1,0,0,1,0,0,0,0,1,0,0
6743,72967552,980100,2.02E+11,20231031,1353,,US23,,,US0023,US0023,0,098 US-23-10,US0023,N,N,NULL,NULL,NULL,N,NULL,NULL,NULL,NULL,NULL,NULL,24.738,NULL,NULL,NULL,NULL,,NULL,0,0,1,1,N,N,55,NULL,98,9801,NULL,,Y,37.4849,-82.54277,N,NULL,NULL,NULL,NULL,NULL,NULL,NULL,NULL,9,3,4,3,1,1,2,2,7,3,N,NULL,Y,N,1353,1357,,N,NULL,38,,1,N,,N,N,098-US-0023-10,NULL,NULL,2023,O,7.30E+11,098-US-0023  -010,HIGH,098-US-0023  -000,24.669,0,0,0,0,0,0,0,0,0,0,0,0,0,1
6744,72910353,980100,2.02E+11,20230609,1018,,US23,,,US0023,US0023,0,098 US-23,US0023,N,N,NULL,NULL,NULL,N,NULL,NULL,NULL,NULL,NULL,NULL,26.281,NULL,NULL,NULL,NULL,,NULL,0,0,3,3,N,N,55,NULL,98,9801,NULL,,Y,37.50363,-82.53214,N,NULL,NULL,NULL,NULL,NULL,NULL,NULL,NULL,8,3,4,6,1,1,2,2,7,3,N,NULL,Y,N,1018,1023,1024,N,NULL,53,,1,N,,N,N,098-US-0023-0,NULL,NULL,2023,O,7.29E+11,098-US-0023  -000,HIGH,098-US-0023  -000,26.219,0,0,0,0,0,0,0,0,0,0,0,1,0,1
6745,72804320,KSP0900,22-355276,20220913,29,,ELKHORN,,CRK,KY0197,KY0197,0,098 KY-197,KY0197,N,N,NULL,NULL,NULL,N,NULL,NULL,NULL,NULL,NULL,NULL,0.024,NULL,NULL,NULL,NULL,,NULL,0,0,1,1,N,N,55,NULL,98,9867,NULL,,Y,37.21266,-82.55672,N,NULL,NULL,NULL,NULL,NULL,NULL,NULL,NULL,9,3,2,6,1,1,2,6,7,3,N,NULL,Y,N,29,48,218,N,NULL,70,7,0,N,,N,N,098-KY-0197-0,NULL,NULL,2022,O,7.28E+11,098-KY-0197  -000,HIGH,098-KY-0197  -000,0.024,0,0,0,0,0,0,0,0,0,0,0,0,0,0
6746,72871855,KSP0900,23-73244,20230225,1323,,KY194,,,KY0194,KY0194,0,098 KY-194,KY0194,N,N,NULL,NULL,NULL,N,NULL,NULL,NULL,NULL,NULL,NULL,13.804,NULL,NULL,NULL,NULL,,NULL,0,0,2,2,N,N,55,NULL,98,9820,NULL,,Y,37.57713,-82.48647,N,NULL,NULL,NULL,NULL,NULL,NULL,NULL,NULL,7,3,2,3,1,5,6,2,7,3,N,NULL,Y,N,1323,1323,1323,N,NULL,54,7,0,N,,N,N,098-KY-0194-0,NULL,NULL,2023,O,7.29E+11,098-KY-0194  -000,HIGH,098-KY-0194  -000,13.953,0,0,0,1,0,0,0,0,0,0,0,1,0,0
6747,72840012,KSP0900,22-461097,20221202,1348,,US119,,,US0119,US0119,0,098 US-119,US0119,Y,N,NULL,NULL,NULL,N,NULL,NULL,NULL,NULL,NULL,NULL,20.925,NULL,NULL,NULL,NULL,,NULL,1,0,3,2,N,N,,NULL,98,9836,NULL,,Y,37.62088,-82.26866,N,NULL,NULL,NULL,NULL,NULL,NULL,NULL,NULL,2,97,0,6,1,1,2,2,8,3,N,NULL,Y,N,1348,1409,1409,N,NULL,90,2,1,N,,N,N,098-US-0119-0,NULL,NULL,2022,B,7.28E+11,098-US-0119  -000,HIGH,098-US-0119  -000,20.925,0,0,0,0,1,0,0,0,0,1,0,0,0,0
6748,72867065,KSP0900,23-65208,20230219,1854,,US23,,,US0023,US0023,0,098 US-23,US0023,N,N,NULL,NULL,NULL,N,NULL,NULL,NULL,NULL,NULL,NULL,12.441,NULL,NULL,NULL,NULL,,NULL,0,0,2,2,N,N,55,NULL,98,9823,NULL,,Y,37.36734,-82.54834,N,NULL,NULL,NULL,NULL,NULL,NULL,NULL,NULL,5,3,4,3,1,1,2,6,7,3,N,NULL,Y,N,1854,1911,1935,N,NULL,49,,1,N,,N,N,098-US-0023-0,NULL,NULL,2023,O,7.29E+11,098-US-0023  -000,HIGH,098-US-0023  -000,12.434,0,0,1,0,0,0,1,0,0,0,0,0,0,0
6749,72804545,980500,2022AR041,20220813,1050,,MAYO TRAIL,N,,,,,,,Y,N,NULL,NULL,NULL,N,NULL,NULL,NULL,NULL,NULL,NULL,,NULL,NULL,NULL,NULL,NULL,NULL,0,0,1,1,N,N,,NULL,98,9807,NULL,,Y,37.51692,-82.56403,N,NULL,NULL,NULL,NULL,NULL,NULL,NULL,NULL,9,97,1,6,1,1,2,2,1,3,N,NULL,Y,Y,1050,1050,1050,Y,NULL,90,,,N,,N,N,,NULL,NULL,2022,O,7.28E+11,098-CS-3009  -000,MEDIUM,098-CS-3009  -000,0.041,0,1,0,0,0,0,1,0,0,0,0,1,0,0
6750,72833637,KSP0900,22-450614,20221124,557,,ROAD CREEK,,RD,,,0,098 CR-1659,CR1659,N,N,NULL,NULL,NULL,N,NULL,NULL,NULL,NULL,NULL,NULL,0.341,NULL,NULL,NULL,NULL,,NULL,0,0,1,1,N,N,25,NULL,98,9802,NULL,,Y,37.35535,-82.38375,N,NULL,NULL,NULL,NULL,NULL,NULL,NULL,NULL,9,3,1,3,3,2,2,6,6,3,N,NULL,Y,N,557,631,700,N,NULL,44,,,N,,N,N,098-CR-1659-0,NULL,NULL,2022,O,7.28E+11,098-CR-1659  -000,HIGH,098-CR-1659  -000,0.341,0,0,0,0,0,0,0,0,0,0,0,1,0,0
6751,72802188,KSP0900,22-346306,20220906,1634,,BANK,,ST,,,,,,Y,N,NULL,NULL,NULL,N,NULL,NULL,NULL,NULL,NULL,NULL,0.07,NULL,NULL,NULL,NULL,,NULL,0,0,2,2,N,N,10,NULL,98,9804,NULL,,Y,37.52042,-82.15546,N,NULL,NULL,NULL,NULL,NULL,NULL,NULL,NULL,7,97,,6,1,1,2,2,5,3,N,NULL,Y,N,1634,1725,1725,N,NULL,90,,,N,,N,N,,NULL,NULL,2022,O,7.28E+11,098-CR-1833B -000,LOW,098-CR-1833B -000,0.07,0,0,0,0,0,0,0,0,0,1,0,0,0,0
6752,72950838,KSP0900,23-404227,20230925,1403,,FERRELLS CREEK,,RD,US0460,US0460,0,098 US-460,US0460,N,N,NULL,NULL,NULL,N,NULL,NULL,NULL,NULL,NULL,NULL,20.081,NULL,NULL,NULL,NULL,,NULL,0,0,2,2,Y,N,55,NULL,98,9802,NULL,,Y,37.37527,-82.29317,N,NULL,NULL,NULL,NULL,NULL,NULL,NULL,NULL,7,3,2,4,1,1,2,2,7,3,N,NULL,N,N,1407,1458,,N,NULL,54,,1,N,,N,N,098-US-0460-0,NULL,NULL,2023,O,7.30E+11,098-US-0460  -000,HIGH,098-US-0460  -000,20.059,1,0,0,0,0,0,0,0,0,0,0,1,0,0
6753,72944606,KSP0900,23-388345,20230910,1736,,BIG CREEK,E,RD,KY3220,KY3220,0,098 KY-3220,KY3220,N,N,NULL,NULL,NULL,N,NULL,NULL,NULL,NULL,NULL,NULL,1.733,NULL,NULL,NULL,NULL,,NULL,0,0,1,1,N,N,45,NULL,98,9838,NULL,,Y,37.61353,-82.34235,N,NULL,NULL,NULL,NULL,NULL,NULL,NULL,NULL,9,3,2,6,1,1,2,2,7,3,N,NULL,N,N,1736,1736,1800,N,NULL,40,8,0,N,,N,N,098-KY-3220-0,NULL,NULL,2023,O,7.29E+11,098-KY-3220  -000,HIGH,098-KY-3220  -000,1.734,0,0,0,0,0,0,0,0,0,1,0,1,0,0
6754,72936217,KSP0900,23-362497,20230818,655,,US460,,,US0460,US0460,,,,N,N,NULL,NULL,NULL,N,NULL,NULL,NULL,NULL,NULL,NULL,2.678,NULL,NULL,NULL,NULL,,NULL,2,0,2,1,N,N,55,NULL,98,9801,NULL,,Y,37.43136,-82.48094,N,NULL,NULL,NULL,NULL,NULL,NULL,NULL,NULL,5,3,2,6,1,1,2,2,7,3,N,NULL,Y,Y,655,707,707,N,NULL,49,,1,N,,N,N,,NULL,NULL,2023,B,7.29E+11,098-US-0460  -000,HIGH,098-US-0460  -000,2.678,0,0,0,1,0,0,0,0,0,0,0,0,0,0
6755,72991712,KSP0900,23-500640,20231223,1811,,KY3417,,,KY3417,KY3417,0,098 KY-3417,KY3417,N,N,NULL,NULL,NULL,N,NULL,NULL,NULL,NULL,NULL,NULL,0.372,NULL,NULL,NULL,NULL,,NULL,0,0,2,2,Y,N,35,NULL,98,9801,3,S,N,37.46662,-82.55817,N,NULL,NULL,NULL,NULL,NULL,NULL,NULL,NULL,7,3,2,6,1,1,2,7,7,3,N,NULL,Y,Y,1811,1847,1900,N,NULL,54,17,0,N,,N,N,098-KY-3417-0,NULL,NULL,2023,O,7.30E+11,098-KY-3417  -000,HIGH,098-KY-3417  -000,0.372,0,0,0,0,0,0,0,0,0,0,0,1,0,1
6756,72838723,KSP0900,22-465404,20221205,2143,,US460,,,US0460,US0460,0,098 US-460,US0460,N,N,NULL,NULL,NULL,N,NULL,NULL,NULL,NULL,NULL,NULL,11.456,NULL,NULL,NULL,NULL,,NULL,1,0,2,1,N,N,55,NULL,98,9822,NULL,,Y,37.35749,-82.39091,N,NULL,NULL,NULL,NULL,NULL,NULL,NULL,NULL,9,3,2,3,1,5,2,6,7,3,Y,NULL,Y,Y,2142,2152,2235,N,NULL,40,,1,N,,N,N,098-US-0460-0,NULL,NULL,2022,B,7.28E+11,098-US-0460  -000,HIGH,098-US-0460  -000,11.456,0,0,0,0,1,0,0,0,0,0,0,1,0,0
6757,72993704,980100,2.02E+11,20230106,1437,,US460,,,US0460,US0460,,,,Y,N,NULL,NULL,NULL,N,NULL,NULL,NULL,NULL,NULL,NULL,0.154,NULL,NULL,NULL,NULL,,NULL,0,0,2,2,N,N,,NULL,98,9801,NULL,,Y,37.44021,-82.50872,N,NULL,NULL,NULL,NULL,NULL,NULL,NULL,NULL,1,97,,6,1,5,2,2,1,3,N,NULL,Y,N,1437,1445,,N,NULL,90,,1,N,,N,N,,NULL,NULL,2023,O,7.30E+11,098-US-0460  -000,HIGH,098-US-0460  -000,0.156,0,0,0,0,0,0,1,0,0,0,0,0,0,1
6758,72882389,KSP0900,23-123399,20230401,1348,,STONE COAL CREEK,,RD,KY3227,KY3227,0,098 KY-3227,KY3227,N,N,NULL,NULL,NULL,N,NULL,NULL,NULL,NULL,NULL,NULL,0.249,NULL,NULL,NULL,NULL,,NULL,0,0,1,1,N,N,35,NULL,98,9801,NULL,,Y,37.5138,-82.54613,N,NULL,NULL,NULL,NULL,NULL,NULL,NULL,NULL,9,3,1,4,1,1,2,2,7,3,N,NULL,Y,N,1351,1411,1411,N,NULL,40,8,0,N,,N,N,098-KY-3227-0,NULL,NULL,2023,O,7.29E+11,098-KY-3227  -000,HIGH,098-KY-3227  -000,0.247,0,0,0,0,0,0,0,0,0,0,0,1,0,0
6759,72934556,980100,2.02E+11,20230815,1842,,CHLOE,,RD,KY1460,KY1460,0,098 KY-1460,KY1460,N,N,NULL,NULL,NULL,N,NULL,NULL,NULL,NULL,NULL,NULL,4.655,NULL,NULL,NULL,NULL,,NULL,0,0,2,2,N,N,35,NULL,98,9801,NULL,,Y,37.47771,-82.50844,N,NULL,NULL,NULL,NULL,NULL,NULL,NULL,NULL,5,3,2,6,1,1,2,2,7,3,N,NULL,Y,N,1842,1845,1901,N,NULL,70,,0,N,,N,N,098-KY-1460-0,NULL,NULL,2023,O,7.29E+11,098-KY-1460  -000,HIGH,098-KY-1460  -000,4.629,0,0,0,0,0,0,1,0,0,0,0,0,0,1
6760,72954938,KSP0900,23-413157,20231004,4,,BEAVER CREEK,,RD,KY1373,KY1373,0,098 KY-1373,KY1373,N,N,NULL,NULL,NULL,N,NULL,NULL,NULL,NULL,NULL,NULL,0.457,NULL,NULL,NULL,NULL,,NULL,4,0,1,1,N,N,55,NULL,98,9802,NULL,,Y,37.31515,-82.35122,N,NULL,NULL,NULL,NULL,NULL,NULL,NULL,NULL,9,5,2,3,1,1,2,6,6,3,Y,NULL,Y,Y,6,20,152,N,NULL,51,8,0,N,,N,N,098-KY-1373-0,NULL,NULL,2023,B,7.30E+11,098-KY-1373  -000,HIGH,098-KY-1373  -000,0.454,0,0,0,0,0,0,1,0,0,0,0,1,0,0
6761,72868449,KSP0900,23-63222,20230218,937,,VIRGIE,,RD,KY0610,KY0610,0,098 KY-610,KY0610,N,N,NULL,NULL,NULL,N,NULL,NULL,NULL,NULL,NULL,NULL,8.502,NULL,NULL,NULL,NULL,,NULL,0,0,1,1,N,N,35,NULL,98,9827,NULL,,Y,37.34356,-82.59323,N,NULL,NULL,NULL,NULL,NULL,NULL,NULL,NULL,9,5,2,3,1,2,2,2,7,3,N,NULL,Y,N,937,940,1030,N,NULL,44,7,0,N,,N,N,098-KY-0610-0,NULL,NULL,2023,O,7.29E+11,098-KY-0610  -000,HIGH,098-KY-0610  -000,8.5,0,0,0,0,0,0,0,0,0,0,0,1,0,0
6762,72936391,980100,2.02E+11,20230819,1744,,KY3496,,,KY3496,KY3496,0,098 KY-3496,KY3496,Y,N,NULL,NULL,NULL,N,NULL,NULL,NULL,NULL,NULL,NULL,0.66,NULL,NULL,NULL,NULL,,NULL,0,0,1,1,N,N,15,NULL,98,9801,NULL,,Y,37.47176,-82.53207,N,NULL,NULL,NULL,NULL,NULL,NULL,NULL,NULL,9,97,2,6,1,1,2,2,1,3,N,NULL,Y,Y,1744,1752,1814,Y,NULL,90,16,0,N,,N,N,098-KY-3496-0,NULL,NULL,2023,O,7.29E+11,098-KY-3496  -000,HIGH,098-KY-3496  -000,0.669,0,0,0,0,0,0,0,0,0,0,0,1,0,1
6763,72925072,980100,2.02E+11,20230722,722,,CHLOE,,RD,KY1460,KY1460,0,098 KY-1460,KY1460,N,N,NULL,NULL,NULL,N,NULL,NULL,NULL,NULL,NULL,NULL,5.07,NULL,NULL,NULL,NULL,,NULL,2,0,2,2,N,N,35,NULL,98,9801,NULL,,Y,37.47761,-82.51632,N,NULL,NULL,NULL,NULL,NULL,NULL,NULL,NULL,1,3,2,6,1,5,3,1,6,3,Y,NULL,Y,Y,722,722,756,N,NULL,55,,0,N,,N,N,098-KY-1460-0,NULL,NULL,2023,B,7.29E+11,098-KY-1460  -000,HIGH,098-KY-1460  -000,5.07,0,0,1,0,0,0,1,1,0,0,0,0,0,1
6764,72988592,980100,2.02E+11,20231221,1112,,CASSIDY,,BLVD,,,0,098 CS-1191,CS1191,Y,N,NULL,NULL,NULL,N,NULL,NULL,NULL,NULL,NULL,NULL,0.254,NULL,NULL,NULL,NULL,,NULL,0,0,2,1,N,N,15,NULL,98,9801,NULL,,Y,37.50449,-82.53602,N,NULL,NULL,NULL,NULL,NULL,NULL,NULL,NULL,9,97,2,6,1,1,2,2,1,3,N,NULL,Y,Y,1112,1113,1113,N,NULL,90,,,N,,Y,N,098-CS-1191-0,NULL,NULL,2023,O,7.30E+11,098-CS-1191  -000,HIGH,098-CS-1191  -000,0.234,0,0,0,0,1,0,1,1,0,0,0,0,0,1
6765,72845728,KSP0900,22-487490,20221222,1513,,CEDAR HILLS,,RD,KY1426,KY1426,0,098 KY-1426,KY1426,N,N,NULL,NULL,NULL,N,NULL,NULL,NULL,NULL,NULL,NULL,4.008,NULL,NULL,NULL,NULL,,NULL,0,0,1,1,N,N,55,NULL,98,9801,NULL,,Y,37.45465,-82.53085,N,NULL,NULL,NULL,NULL,NULL,NULL,NULL,NULL,9,5,2,3,1,1,3,2,7,3,N,NULL,N,N,1513,1543,1543,N,NULL,40,8,0,N,,N,N,098-KY-1426-0,NULL,NULL,2022,O,7.28E+11,098-KY-1426  -000,HIGH,098-KY-1426  -000,4.008,0,0,0,0,0,0,1,0,0,0,0,1,0,1
6766,72991951,KSP0900,23-502960,20231226,1634,,KY1056,,,KY1056,KY1056,0,098 KY-1056,KY1056,N,N,NULL,NULL,NULL,N,NULL,NULL,NULL,NULL,NULL,NULL,8.959,NULL,NULL,NULL,NULL,,NULL,0,0,2,2,N,N,55,NULL,98,9863,NULL,,Y,37.59428,-82.16962,N,NULL,NULL,NULL,NULL,NULL,NULL,NULL,NULL,7,3,2,3,1,5,6,2,7,3,N,NULL,Y,N,1634,1704,1730,N,NULL,54,7,0,N,,N,N,098-KY-1056-0,NULL,NULL,2023,O,7.30E+11,098-KY-1056  -000,HIGH,098-KY-1056  -000,8.998,0,0,0,0,0,0,0,0,0,0,0,1,0,0
6767,72930871,KSP0900,23-344083,20230731,1908,,KY1426,,,KY1426,KY1426,0,098 KY-1426,KY1426,N,N,NULL,NULL,NULL,N,NULL,NULL,NULL,NULL,NULL,NULL,12.732,NULL,NULL,NULL,NULL,,NULL,1,0,1,1,N,N,55,NULL,98,9828,NULL,,Y,37.54585,-82.46658,N,NULL,NULL,NULL,NULL,NULL,NULL,NULL,NULL,9,3,2,3,1,1,2,2,7,3,Y,NULL,Y,Y,1908,1908,1908,N,NULL,70,7,0,N,,N,N,098-KY-1426-0,NULL,NULL,2023,C,7.29E+11,098-KY-1426  -000,HIGH,098-KY-1426  -000,12.727,1,0,0,0,0,0,0,0,0,0,0,0,0,0
6768,72842890,KSP0900,22-466520,20221206,1904,,DIX,,FRK,,,0,098 CR-1538,CR1538,N,N,NULL,NULL,NULL,N,NULL,NULL,NULL,NULL,NULL,NULL,0.663,NULL,NULL,NULL,NULL,,NULL,1,0,1,1,N,N,15,NULL,98,9833,NULL,,Y,37.6049,-82.34518,N,NULL,NULL,NULL,NULL,NULL,NULL,NULL,NULL,9,3,2,3,1,5,6,6,7,3,Y,NULL,Y,Y,1948,2031,2031,N,NULL,44,,,N,,N,N,098-CR-1538-0,NULL,NULL,2022,C,7.28E+11,098-CR-1538  -000,HIGH,098-CR-1538  -000,0.663,0,0,0,1,0,0,0,0,0,0,0,1,0,0
6769,72970673,980200,980200,20231006,1315,,REGINA-BELCHER,,HWY,US0460,US0460,0,098 US-460,US0460,N,N,NULL,NULL,NULL,N,NULL,NULL,NULL,NULL,NULL,NULL,14.306,NULL,NULL,NULL,NULL,,NULL,0,0,2,2,N,N,55,NULL,98,9802,4,W,N,37.34201,-82.375,N,NULL,NULL,NULL,NULL,NULL,NULL,NULL,NULL,7,3,2,1,1,5,6,2,1,3,N,NULL,Y,Y,1330,1340,,N,NULL,54,,1,N,,N,N,098-US-0460-0,NULL,NULL,2023,O,7.30E+11,098-US-0460  -000,HIGH,098-US-0460  -000,14.323,0,0,0,0,0,0,0,1,0,0,0,1,0,0
6770,72879700,KSP0900,23-113403,20230325,1500,,US23,,,US0023,US0023,,,,N,N,NULL,NULL,NULL,N,NULL,NULL,NULL,NULL,NULL,NULL,17.372,NULL,NULL,NULL,NULL,,NULL,0,0,2,1,N,N,55,NULL,98,9827,NULL,,Y,37.42026,-82.51663,N,NULL,NULL,NULL,NULL,NULL,NULL,NULL,NULL,8,3,4,6,1,1,2,2,7,3,N,NULL,Y,N,1300,1315,1315,N,NULL,53,,1,N,,N,N,,NULL,NULL,2023,O,7.29E+11,098-US-0023  -000,MEDIUM,098-US-0023  -000,17.361,0,0,0,0,0,0,0,0,0,0,0,1,0,0
6771,72989488,KSP0900,23-499524,20231222,1827,,US23,,,US0023,US0023,0,098 US-23-10,US0023,N,N,NULL,NULL,NULL,N,NULL,NULL,NULL,NULL,NULL,NULL,28.981,NULL,NULL,NULL,NULL,,NULL,0,0,2,2,N,N,55,NULL,98,9807,NULL,,Y,37.52293,-82.57266,N,NULL,NULL,NULL,NULL,NULL,NULL,NULL,NULL,7,97,4,6,1,1,2,5,1,3,N,NULL,Y,N,1835,1842,,N,NULL,47,,1,N,,N,N,098-US-0023-10,NULL,NULL,2023,O,7.30E+11,098-US-0023  -010,HIGH,098-US-0023  -000,28.956,0,0,0,0,0,0,0,0,0,0,0,0,0,0
6772,72810021,980100,2.02E+11,20220921,1047,,HUFFMAN,,AVE,,,0,098 CS-1123,CS1123,Y,N,NULL,NULL,NULL,N,NULL,NULL,NULL,NULL,NULL,NULL,0.208,NULL,NULL,NULL,NULL,,NULL,0,0,2,2,Y,N,,NULL,98,9801,NULL,,Y,37.47871,-82.52008,N,NULL,NULL,NULL,NULL,NULL,NULL,NULL,NULL,8,97,,4,2,1,2,2,7,3,N,NULL,Y,Y,1049,1053,1053,N,NULL,90,,,N,,N,N,098-CS-1123-0,NULL,NULL,2022,O,7.28E+11,098-CS-1123  -000,HIGH,098-CS-1123  -000,0.208,0,0,1,0,0,0,1,0,0,0,0,0,0,1
6773,72937264,KSP0900,23-356506,20230812,1400,,US119,N,,US0119,US0119,0,098 US-119,US0119,N,N,NULL,NULL,NULL,N,NULL,NULL,NULL,NULL,NULL,NULL,19.016,NULL,NULL,NULL,NULL,,NULL,0,0,1,1,N,N,55,NULL,98,9814,NULL,,Y,37.60167,-82.27481,N,NULL,NULL,NULL,NULL,NULL,NULL,NULL,NULL,9,3,4,6,1,1,2,2,7,3,N,NULL,N,N,1400,1405,1405,N,NULL,38,2,1,N,,N,N,098-US-0119-0,NULL,NULL,2023,O,7.29E+11,098-US-0119  -000,HIGH,098-US-0119  -000,19.016,0,0,0,0,0,0,0,0,0,0,0,0,0,0
6774,72902342,KSP0900,23-193362,20230522,942,,KY194,,,KY0194,KY0194,0,098 KY-194,KY0194,N,N,NULL,NULL,NULL,N,NULL,NULL,NULL,NULL,NULL,NULL,54.891,NULL,NULL,NULL,NULL,,NULL,0,0,2,2,N,N,35,NULL,98,9804,NULL,,Y,37.51159,-82.14812,N,NULL,NULL,NULL,NULL,NULL,NULL,NULL,NULL,8,3,2,6,1,1,2,2,7,3,N,NULL,Y,N,942,942,942,N,NULL,53,8,0,N,,N,N,098-KY-0194-0,NULL,NULL,2023,O,7.29E+11,098-KY-0194  -000,HIGH,098-KY-0194  -000,54.894,0,0,0,1,0,0,0,0,0,0,0,1,0,0
6775,72992809,980100,2.02E+11,20231218,1609,,KY3496,,,KY3496,KY3496,0,098 KY-3496,KY3496,Y,N,NULL,NULL,NULL,N,NULL,NULL,NULL,NULL,NULL,NULL,0.832,NULL,NULL,NULL,NULL,,NULL,0,0,2,2,N,N,35,NULL,98,9801,NULL,,Y,37.47198,-82.52894,N,NULL,NULL,NULL,NULL,NULL,NULL,NULL,NULL,2,97,2,6,1,1,2,2,5,3,N,NULL,Y,N,1608,1608,1608,N,NULL,90,16,0,N,,N,N,098-KY-3496-0,NULL,NULL,2023,O,7.30E+11,098-KY-3496  -000,HIGH,098-KY-3496  -000,0.832,0,0,0,0,0,0,0,0,0,0,0,0,0,1