OBJECTID,MasterFile,AgencyORINumber,LocalCode,CollisionDate,CollisionTime,CollisionDayWeekCode,RoadwayName,RoadwayName_Direction_,RoadwayName_RoadwaySuffix_,RoadwayfromReport,CurrentRoadwayNumber,RoadwayNumberCoupletID,RSEUniqueGIS,RoadwayIdentifier,ParkingLotIndicator,IntersectionWith_Indicator_,IntersectionWith_NameRoadway_,IntersectionWith_Direction_,IntersectionWith_RoadwaySuffix_,BetweenStreets_Indicator_,BetweenStreets1_NameRoadway_,BetweenStreet1_Direction_,BetweenStreets1_RoadwaySuffix_,BetweenStreets2_NameRoadway_,BetweenStreets2_Direction_,BetweenStreets2_RoadwaySuffix_,Milepoint,ReportMilepointDeriveNumber,CurrentDerivedMiepointNumber,MilestoMilepoint,FeettoMilepoint,DirectionfromMilepoint_NSEW_,ValidMilepointIndicator,NumberInjured,NumberKilled,ofUnits,ofMotorVehicleUnits,Hit&RunIndicator,OneWayIndicator,SpeedLimitNumber,KilometersIndicator,CountyCode,CityCountyCode,MilesFromCity,DirectionFromCity_NSEW_,InCityLimitsIndicator,Latitude,Longitude,RampIndicator,RampFromIdentifier,RampFromDirCode,RampFromCoupletID,RSEUniqueGISRampFrom,RampToidentifier,RampToDirCode,RampToCoupletID,RSEUniqueGisRampTo,MannerofCollisionCode,LocationFirstEventCode,TotalLanes,RoadwayCharacterCode,RoadwaySurfaceCode,RoadwayConditionCode,WeatherCode,LightConditionCode,LandUseCode,SchoolBusRelatedCode,FirstAidSceneIndicator,CollDescPresentInd,InvestigationCompleteIndicator,PhotosTakenIndicator,TimeNotified,TimeArrived,TimeRoadwayOpened,PropertyDamageIndicator,DiagramPresentIndicator,DirectionalAnalysis,FunctionClassCode,NationalHwySysCode,EnforcementsIndicator,KARSCityCode,SecondaryCollisionIndicator,MedianCrossoverIndicator,RT_UNIQUE,MapIt,TimeLastLeft,YR,KABCO,MFNY,WorkingRID,RT_CONFIDENCE,KTC_RT,KTC_MP,Motorcyclist,Commercial Vehicle,Young Driver,Mature Driver,Pedestrian,Bicyclist,Distracted,Aggressive,Impaired,Unrestrained,Intersection,Roadway Departure,Median Cross-over,City Crash
6776,72843111,KSP0900,22-479072,20221216,710,,KY194,,,KY0194,KY0194,0,098 KY-194,KY0194,N,N,NULL,NULL,NULL,N,NULL,NULL,NULL,NULL,NULL,NULL,55.182,NULL,NULL,NULL,NULL,,NULL,0,0,2,2,N,N,35,NULL,98,9804,NULL,,Y,37.51424,-82.15247,N,NULL,NULL,NULL,NULL,NULL,NULL,NULL,NULL,1,3,2,6,1,1,2,2,7,3,N,NULL,Y,N,710,750,800,N,NULL,55,8,0,N,,N,N,098-KY-0194-0,NULL,NULL,2022,O,7.28E+11,098-KY-0194  -000,HIGH,098-KY-0194  -000,55.182,0,0,0,0,0,0,0,1,0,0,0,0,0,0
6777,72939742,980000,23-08-004,20230828,1415,,STATE RT 319,,,,,,,,N,N,NULL,NULL,NULL,N,NULL,NULL,NULL,NULL,NULL,NULL,,NULL,NULL,NULL,NULL,NULL,NULL,0,0,1,1,N,N,35,NULL,98,9842,2,N,N,37.62645,-82.24767,N,NULL,NULL,NULL,NULL,NULL,NULL,NULL,NULL,9,97,2,3,1,5,6,2,6,3,N,NULL,N,N,1425,1430,1535,Y,NULL,40,,,N,,N,N,,NULL,NULL,2023,O,7.29E+11,098-KY-0319  -000,MEDIUM,098-KY-0319  -000,5.534,0,0,0,0,0,0,1,0,0,0,0,1,0,0
6778,72989113,980100,2.02E+11,20231221,1430,,HAMBLEY,,BLVD,,,0,098 CS-1222,CS1222,N,N,NULL,NULL,NULL,N,NULL,NULL,NULL,NULL,NULL,NULL,0.556,NULL,NULL,NULL,NULL,,NULL,0,0,2,2,Y,N,25,NULL,98,9801,NULL,,Y,37.47911,-82.51985,N,NULL,NULL,NULL,NULL,NULL,NULL,NULL,NULL,8,5,2,6,1,1,2,2,1,3,N,NULL,N,N,1430,1430,1430,N,NULL,47,,,N,,N,N,098-CS-1222-0,NULL,NULL,2023,O,7.30E+11,098-CS-1222  -000,HIGH,098-CS-1222  -000,0.556,0,0,0,0,0,0,0,0,0,0,0,0,0,1
6779,72902794,KSP0900,2023-00193431,20230522,1041,,BEAVER CREEK,,RD,KY1373,KY1373,,,,N,N,NULL,NULL,NULL,N,NULL,NULL,NULL,NULL,NULL,NULL,2.587,NULL,NULL,NULL,NULL,,NULL,0,1,1,1,N,N,25,NULL,98,9802,NULL,,Y,37.32879,-82.32195,N,NULL,NULL,NULL,NULL,NULL,NULL,NULL,NULL,9,3,2,6,1,1,2,2,7,3,Y,NULL,Y,Y,1041,1055,1326,N,NULL,70,8,0,N,,N,N,,NULL,NULL,2023,K,7.29E+11,098-KY-1373  -000,HIGH,098-KY-1373  -000,2.512,0,0,0,0,0,0,0,0,0,0,0,1,0,0
6780,72890670,980100,2.02E+11,20230424,859,,BYPASS,,RD,,,0,098 CS-1223,CS1223,Y,N,NULL,NULL,NULL,N,NULL,NULL,NULL,NULL,NULL,NULL,,NULL,NULL,NULL,NULL,NULL,NULL,0,0,2,2,N,N,,NULL,98,9801,NULL,,Y,37.47128,-82.52117,N,NULL,NULL,NULL,NULL,NULL,NULL,NULL,NULL,1,97,1,6,2,1,2,2,1,3,N,NULL,Y,N,859,904,904,N,NULL,90,,,N,,N,N,098-CS-1223-0,NULL,NULL,2023,O,7.29E+11,098-CS-1223  -000,HIGH,098-CS-1223  -000,0.136,0,0,0,1,0,0,0,0,0,0,0,0,0,1
6781,72858835,370200,2023-34290,20230127,1339,,US119,,,US0119,US0119,0,098 US-119,US0119,N,N,NULL,NULL,NULL,N,NULL,NULL,NULL,NULL,NULL,NULL,12.87,NULL,NULL,NULL,NULL,,NULL,0,0,1,1,N,N,55,NULL,98,9833,NULL,,Y,37.60623,-82.36655,N,NULL,NULL,NULL,NULL,NULL,NULL,NULL,NULL,9,3,2,5,1,1,2,2,7,3,N,NULL,Y,N,1334,1346,1456,N,NULL,70,2,1,N,,N,N,098-US-0119-0,NULL,NULL,2023,O,7.29E+11,098-US-0119  -000,HIGH,098-US-0119  -000,12.87,0,1,0,0,0,0,0,0,0,0,0,0,0,0
6782,72924561,KSP0900,23-322523,20230712,1706,,KY1506,,,KY1506,KY1506,0,098 KY-1506,KY1506,N,N,NULL,NULL,NULL,N,NULL,NULL,NULL,NULL,NULL,NULL,0.049,NULL,NULL,NULL,NULL,,NULL,0,0,2,2,N,N,35,NULL,98,9834,NULL,,Y,37.66858,-82.27673,N,NULL,NULL,NULL,NULL,NULL,NULL,NULL,NULL,1,3,2,5,1,1,2,2,3,3,N,NULL,Y,N,1706,1739,1800,N,NULL,55,9,0,N,,N,N,098-KY-1506-0,NULL,NULL,2023,O,7.29E+11,098-KY-1506  -000,HIGH,098-KY-1506  -000,0.052,0,0,0,0,0,0,0,0,0,0,0,0,0,0
6783,72739129,980000,22-03-002,20220309,1510,,US119,,,US0119,US0119,0,098 US-119-10,US0119,N,N,NULL,NULL,NULL,N,NULL,NULL,NULL,NULL,NULL,NULL,1.984,NULL,NULL,NULL,NULL,,NULL,0,0,2,2,N,N,25,NULL,98,9801,1,NW,N,37.51251,-82.49979,N,NULL,NULL,NULL,NULL,NULL,NULL,NULL,NULL,5,3,2,4,1,1,3,2,8,3,N,NULL,Y,Y,1510,1510,1514,N,NULL,70,2,1,N,,N,N,098-US-0119-10,NULL,NULL,2022,O,7.27E+11,098-US-0119  -010,HIGH,098-US-0119  -000,1.984,0,0,1,0,0,0,0,1,0,0,0,0,0,1
6784,72969865,980100,2.02E+11,20231106,1802,,CASSIDY,,BLVD,,,0,098 CS-1191,CS1191,Y,N,NULL,NULL,NULL,N,NULL,NULL,NULL,NULL,NULL,NULL,0.188,NULL,NULL,NULL,NULL,,NULL,0,0,2,2,N,N,15,NULL,98,9801,NULL,,Y,37.50391,-82.53506,N,NULL,NULL,NULL,NULL,NULL,NULL,NULL,NULL,2,97,,6,1,1,3,3,5,3,N,NULL,Y,N,1803,1809,1809,N,NULL,90,,,N,,N,N,098-CS-1191-0,NULL,NULL,2023,O,7.30E+11,098-CS-1191  -000,HIGH,098-CS-1191  -000,0.167,0,0,0,1,0,0,1,0,0,0,0,0,0,1
6785,72919696,KSP0900,23-304023,20230626,1254,,US119,,,US0119,US0119,0,098 US-119,US0119,Y,N,NULL,NULL,NULL,N,NULL,NULL,NULL,NULL,NULL,NULL,24.173,NULL,NULL,NULL,NULL,,NULL,0,0,2,2,Y,N,55,NULL,98,9834,NULL,,Y,37.6579,-82.27156,N,NULL,NULL,NULL,NULL,NULL,NULL,NULL,NULL,2,7,4,6,1,1,2,2,1,3,N,NULL,Y,N,1254,1254,1254,N,NULL,90,2,1,N,,N,N,098-US-0119-0,NULL,NULL,2023,O,7.29E+11,098-US-0119  -000,HIGH,098-US-0119  -000,24.173,0,0,0,1,0,0,0,0,0,0,0,0,0,0
6786,72934827,KSP0900,23-344806,20230801,1539,,KY292,,,KY0292,KY0292,0,098 KY-292,KY0292,N,N,NULL,NULL,NULL,N,NULL,NULL,NULL,NULL,NULL,NULL,3.514,NULL,NULL,NULL,NULL,,NULL,0,0,1,1,N,N,35,NULL,98,9869,NULL,,Y,37.65776,-82.24826,N,NULL,NULL,NULL,NULL,NULL,NULL,NULL,NULL,9,3,2,6,1,1,2,2,7,3,N,NULL,Y,Y,1330,1345,1415,N,NULL,40,8,0,Y,,N,N,098-KY-0292-0,NULL,NULL,2023,O,7.29E+11,098-KY-0292  -000,HIGH,098-KY-0292  -000,3.515,0,0,0,0,0,0,0,0,1,1,0,1,0,0
6787,72977757,KSP0900,23-471133,20231126,320,,US119,,,US0119,US0119,0,098 US-119,US0119,N,N,NULL,NULL,NULL,N,NULL,NULL,NULL,NULL,NULL,NULL,17.848,NULL,NULL,NULL,NULL,,NULL,0,0,1,1,N,N,55,NULL,98,9833,NULL,,Y,37.59744,-82.29062,N,NULL,NULL,NULL,NULL,NULL,NULL,NULL,NULL,9,3,2,4,1,1,2,6,7,3,N,NULL,Y,N,320,325,325,N,NULL,38,2,1,N,,N,N,098-US-0119-0,NULL,NULL,2023,O,7.30E+11,098-US-0119  -000,HIGH,098-US-0119  -000,17.849,0,0,0,0,0,0,0,0,0,0,0,0,0,0
6788,72887486,980100,2.02E+11,20230410,1342,,US23,,,US0023,US0023,0,098 US-23-10,US0023,N,N,NULL,NULL,NULL,N,NULL,NULL,NULL,NULL,NULL,NULL,22.518,NULL,NULL,NULL,NULL,,NULL,0,0,2,2,N,N,55,NULL,98,9801,NULL,,Y,37.46393,-82.51893,N,NULL,NULL,NULL,NULL,NULL,NULL,NULL,NULL,5,3,4,3,1,1,2,2,1,3,N,NULL,Y,N,1343,1346,1413,N,NULL,49,,1,N,,N,N,098-US-0023-10,NULL,NULL,2023,O,7.29E+11,098-US-0023  -010,HIGH,098-US-0023  -000,22.452,0,0,0,0,0,0,1,0,0,0,0,0,0,1
6789,72868797,KSP0900,23-71442,20230224,610,,KY632,,,KY0632,KY0632,0,098 KY-632,KY0632,N,N,NULL,NULL,NULL,N,NULL,NULL,NULL,NULL,NULL,NULL,0.321,NULL,NULL,NULL,NULL,,NULL,0,0,1,1,N,N,55,NULL,98,9817,NULL,,Y,37.49856,-82.34404,N,NULL,NULL,NULL,NULL,NULL,NULL,NULL,NULL,9,3,2,3,1,1,2,6,7,3,N,NULL,N,N,610,650,720,N,NULL,44,6,0,N,,N,N,098-KY-0632-0,NULL,NULL,2023,O,7.29E+11,098-KY-0632  -000,HIGH,098-KY-0632  -000,0.323,0,0,0,0,0,0,0,0,0,0,0,1,0,0
6790,72901694,980100,2.02E+11,20230522,827,,S MAYO TRAIL,,LN,,,0,098 CS-1016,CS1016,Y,N,NULL,NULL,NULL,N,NULL,NULL,NULL,NULL,NULL,NULL,,NULL,NULL,NULL,NULL,NULL,NULL,0,0,1,1,N,N,,NULL,98,9801,NULL,,Y,37.45305,-82.52142,N,NULL,NULL,NULL,NULL,NULL,NULL,NULL,NULL,9,97,1,6,1,1,2,2,1,3,N,NULL,Y,N,827,835,835,Y,NULL,90,,,Y,,N,N,098-CS-1016-0,NULL,NULL,2023,O,7.29E+11,098-CS-1016  -000,HIGH,098-CS-1016  -000,0.044,0,0,0,0,0,0,0,0,1,1,0,1,0,1
6791,72879479,KSP0900,23-104389,20230318,2052,,LONG BRANCH,,RD,KY0612,KY0612,0,098 KY-612,KY0612,N,N,NULL,NULL,NULL,N,NULL,NULL,NULL,NULL,NULL,NULL,4.352,NULL,NULL,NULL,NULL,,NULL,1,0,1,1,N,N,45,NULL,98,9826,NULL,,Y,37.63962,-82.33113,N,NULL,NULL,NULL,NULL,NULL,NULL,NULL,NULL,9,5,2,6,1,1,2,7,7,3,N,NULL,Y,Y,2100,2200,2200,N,NULL,40,8,0,N,,N,N,098-KY-0612-0,NULL,NULL,2023,B,7.29E+11,098-KY-0612  -000,HIGH,098-KY-0612  -000,4.395,0,0,0,0,0,0,0,0,0,1,0,1,0,0
6792,72991462,KSP0900,23-506369,20231229,2156,,FERRELLS CREEK,,RD,US0460,US0460,0,098 US-460,US0460,N,N,NULL,NULL,NULL,N,NULL,NULL,NULL,NULL,NULL,NULL,19.533,NULL,NULL,NULL,NULL,,NULL,0,0,1,1,N,N,55,NULL,98,9805,NULL,,Y,37.36897,-82.29743,N,NULL,NULL,NULL,NULL,NULL,NULL,NULL,NULL,9,3,2,5,1,5,6,6,7,3,N,NULL,N,N,2159,2212,2230,N,NULL,40,,1,N,,N,N,098-US-0460-0,NULL,NULL,2023,O,7.30E+11,098-US-0460  -000,HIGH,098-US-0460  -000,19.514,0,0,0,1,0,0,0,0,0,0,0,1,0,0
6793,72944982,980100,2.02E+11,20230906,1510,,CHAMPIONSHIP,,DR,,,0,098 CS-1186,CS1186,Y,N,NULL,NULL,NULL,N,NULL,NULL,NULL,NULL,NULL,NULL,0.029,NULL,NULL,NULL,NULL,,NULL,0,0,2,2,N,N,,NULL,98,9801,NULL,,Y,37.48717,-82.54279,N,NULL,NULL,NULL,NULL,NULL,NULL,NULL,NULL,2,97,,4,1,1,2,2,8,3,N,NULL,Y,N,1510,1511,1511,N,NULL,90,,,N,,N,N,098-CS-1186-0,NULL,NULL,2023,O,7.29E+11,098-CS-1186  -000,MEDIUM,098-CS-1186  -000,0,0,0,1,0,0,0,0,0,0,0,0,1,0,0
6794,72888585,KSP0900,23-134274,20230409,330,,FOREST HILLS,,RD,KY0308,KY0308,0,098 KY-308,KY0308,N,N,NULL,NULL,NULL,N,NULL,NULL,NULL,NULL,NULL,NULL,0.636,NULL,NULL,NULL,NULL,,NULL,1,0,1,1,N,N,35,NULL,98,9885,NULL,,Y,37.6333,-82.29365,N,NULL,NULL,NULL,NULL,NULL,NULL,NULL,NULL,9,97,2,6,1,1,2,7,7,3,N,NULL,N,Y,330,340,340,N,NULL,40,8,0,N,,N,N,098-KY-0308-0,NULL,NULL,2023,B,7.29E+11,098-KY-0308  -000,HIGH,098-KY-0308  -000,0.634,0,0,0,0,0,0,0,0,0,1,0,1,0,0
6795,72915292,980000,23-06-002,20230607,1700,,PHELPS 632,,RD,KY0632,KY0632,0,098 KY-632,KY0632,Y,N,NULL,NULL,NULL,N,NULL,NULL,NULL,NULL,NULL,NULL,12.473,NULL,NULL,NULL,NULL,,NULL,0,0,2,2,N,N,,NULL,98,9804,NULL,,Y,37.50045,-82.16729,N,NULL,NULL,NULL,NULL,NULL,NULL,NULL,NULL,2,97,2,6,1,5,3,2,1,3,N,NULL,Y,Y,1700,1754,1754,N,NULL,90,6,0,N,,N,N,098-KY-0632-0,NULL,NULL,2023,O,7.29E+11,098-KY-0632  -000,HIGH,098-KY-0632  -000,12.479,0,0,0,1,0,0,1,0,0,0,0,0,0,0
6796,72978615,980100,2.02E+11,20231128,155,,US23,,,US0023,US0023,0,098 US-23,US0023,N,N,NULL,NULL,NULL,N,NULL,NULL,NULL,NULL,NULL,NULL,22.043,NULL,NULL,NULL,NULL,,NULL,0,0,1,1,N,N,55,NULL,98,9801,NULL,,Y,37.45794,-82.51762,N,NULL,NULL,NULL,NULL,NULL,NULL,NULL,NULL,9,3,4,3,1,1,2,4,7,3,N,NULL,Y,N,155,159,159,N,NULL,38,,1,N,,N,N,098-US-0023-0,NULL,NULL,2023,O,7.30E+11,098-US-0023  -000,HIGH,098-US-0023  -000,21.971,0,0,0,0,0,0,0,0,0,0,0,0,0,1
6797,72987823,980500,2023AR066,20231219,1312,,US 23 SOUTH AND COWPEN INTERSECTION,,,,,,,,N,N,NULL,NULL,NULL,N,NULL,NULL,NULL,NULL,NULL,NULL,,NULL,NULL,NULL,NULL,NULL,NULL,0,0,2,2,N,N,45,NULL,98,9807,NULL,,Y,37.52981,-82.576,N,NULL,NULL,NULL,NULL,NULL,NULL,NULL,NULL,1,3,6,6,1,1,2,2,7,3,N,NULL,Y,Y,1312,1315,1315,N,NULL,55,,,N,,N,N,,NULL,NULL,2023,O,7.30E+11,098-US-0023  -010,MEDIUM,098-US-0023  -000,29.453,0,0,0,0,0,0,1,0,0,0,0,0,0,0
6798,72889453,980100,2.02E+11,20230413,928,,KY3496,,,KY3496,KY3496,0,098 KY-3496,KY3496,N,N,NULL,NULL,NULL,N,NULL,NULL,NULL,NULL,NULL,NULL,0.035,NULL,NULL,NULL,NULL,,NULL,0,0,2,2,N,N,35,NULL,98,9801,NULL,,Y,37.46548,-82.52839,N,NULL,NULL,NULL,NULL,NULL,NULL,NULL,NULL,8,3,2,3,1,1,2,2,7,3,N,NULL,Y,N,928,933,1018,N,NULL,53,16,0,N,,N,N,098-KY-3496-0,NULL,NULL,2023,O,7.29E+11,098-KY-3496  -000,HIGH,098-KY-3496  -000,0.036,0,0,0,1,0,0,1,1,0,0,0,1,0,1
6799,72933497,980000,23-07-002,20230731,945,,PIKE,,ST,,,0,098 CS-2000,CS2000,N,N,NULL,NULL,NULL,N,NULL,NULL,NULL,NULL,NULL,NULL,0.053,NULL,NULL,NULL,NULL,,NULL,1,0,1,1,N,N,15,NULL,98,9802,NULL,,Y,37.30663,-82.35257,N,NULL,NULL,NULL,NULL,NULL,NULL,NULL,NULL,9,6,1,1,1,1,2,2,6,3,Y,NULL,Y,Y,945,947,1128,N,NULL,46,,,N,,N,N,098-CS-2000-0,NULL,NULL,2023,A,7.29E+11,098-CS-2000  -000,HIGH,098-CS-2000  -000,0.053,0,0,0,1,0,0,0,0,0,1,0,1,0,0
6800,72770426,980200,980200,20220607,1216,,ELKHORN,,CRK,KY0197,KY0197,0,098 KY-197,KY0197,Y,N,NULL,NULL,NULL,N,NULL,NULL,NULL,NULL,NULL,NULL,15.563,NULL,NULL,NULL,NULL,,NULL,0,0,2,2,N,N,35,NULL,98,9802,NULL,,Y,37.29507,-82.36361,N,NULL,NULL,NULL,NULL,NULL,NULL,NULL,NULL,2,97,2,6,1,5,6,2,1,3,N,NULL,Y,Y,1216,1220,,N,NULL,90,7,0,N,,N,N,098-KY-0197-0,NULL,NULL,2022,O,7.28E+11,098-KY-0197  -000,HIGH,098-KY-0197  -000,15.563,0,0,0,1,0,0,0,0,0,0,0,0,0,0
6801,72988950,980100,2.02E+11,20231215,834,,SUMMIT,,DR,,,0,098 CS-1064,CS1064,Y,N,NULL,NULL,NULL,N,NULL,NULL,NULL,NULL,NULL,NULL,0.109,NULL,NULL,NULL,NULL,,NULL,0,0,2,2,N,N,,NULL,98,9801,NULL,,Y,37.47636,-82.51588,N,NULL,NULL,NULL,NULL,NULL,NULL,NULL,NULL,2,97,,6,1,1,2,2,1,3,N,NULL,Y,N,834,841,841,N,NULL,90,,,N,,N,N,098-CS-1064-0,NULL,NULL,2023,O,7.30E+11,098-CS-1064  -000,HIGH,098-CS-1064  -000,0.076,0,0,0,0,0,0,1,0,0,0,0,0,0,1
6802,72807561,KSP0900,22-361408,20220917,1652,,KY194,,,KY0194,KY0194,0,098 KY-194,KY0194,N,N,NULL,NULL,NULL,N,NULL,NULL,NULL,NULL,NULL,NULL,70.121,NULL,NULL,NULL,NULL,,NULL,0,1,1,1,N,N,55,NULL,98,9825,NULL,,Y,37.49678,-82.05677,N,NULL,NULL,NULL,NULL,NULL,NULL,NULL,NULL,9,5,2,3,1,1,2,2,7,3,N,NULL,Y,Y,1653,1718,2006,N,NULL,40,7,0,N,,N,N,098-KY-0194-0,NULL,NULL,2022,K,7.28E+11,098-KY-0194  -000,HIGH,098-KY-0194  -000,70.121,0,0,1,0,0,0,0,0,0,0,0,1,0,0
6803,72873628,KSP0900,23-91233,20230309,728,,COLLINS,,HWY,KY0122,KY0122,0,098 KY-122,KY0122,N,N,NULL,NULL,NULL,N,NULL,NULL,NULL,NULL,NULL,NULL,10.838,NULL,NULL,NULL,NULL,,NULL,0,0,1,1,N,N,45,NULL,98,9827,NULL,,Y,37.38792,-82.53591,N,NULL,NULL,NULL,NULL,NULL,NULL,NULL,NULL,9,5,2,3,1,1,2,2,1,3,N,NULL,Y,N,728,734,800,Y,NULL,40,,0,N,,N,N,098-KY-0122-0,NULL,NULL,2023,O,7.29E+11,098-KY-0122  -000,HIGH,098-KY-0122  -000,10.842,0,0,1,0,0,0,0,0,0,0,0,1,0,0
6804,72875396,KSP0900,23-95524,20230312,1033,,ORINOCO,,HOLW,,,0,098 CR-1098K,CR1098K,N,N,NULL,NULL,NULL,N,NULL,NULL,NULL,NULL,NULL,NULL,0.097,NULL,NULL,NULL,NULL,,NULL,0,0,1,1,N,N,20,NULL,98,9836,NULL,,Y,37.61824,-82.26768,N,NULL,NULL,NULL,NULL,NULL,NULL,NULL,NULL,9,6,1,2,1,5,3,2,7,3,N,NULL,N,N,1033,1100,1100,N,NULL,40,,,N,,N,N,098-CR-1098K-0,NULL,NULL,2023,O,7.29E+11,098-CR-1098K -000,HIGH,098-CR-1098K -000,0.093,0,0,0,1,0,0,1,0,0,0,0,1,0,0
6805,72890527,KSP0900,23-136902,20230411,740,,KY2167,,,KY2167,KY2167,,,,N,N,NULL,NULL,NULL,N,NULL,NULL,NULL,NULL,NULL,NULL,0.234,NULL,NULL,NULL,NULL,,NULL,0,0,2,2,N,N,25,NULL,98,9823,NULL,,Y,37.38456,-82.54107,N,NULL,NULL,NULL,NULL,NULL,NULL,NULL,NULL,5,3,2,6,1,1,2,2,7,3,N,NULL,N,N,740,824,824,N,NULL,49,7,0,N,,N,N,,NULL,NULL,2023,O,7.29E+11,098-KY-2167  -000,HIGH,098-KY-2167  -000,0.234,0,0,0,0,0,0,1,0,0,0,0,0,0,0
6806,72975790,KSP0900,23-457106,20231113,1414,,FISHTRAP,,RD,KY1441,KY1441,0,098 KY-1441,KY1441,N,N,NULL,NULL,NULL,N,NULL,NULL,NULL,NULL,NULL,NULL,9.199,NULL,NULL,NULL,NULL,,NULL,0,0,1,1,N,N,45,NULL,98,9850,NULL,,Y,37.50505,-82.44974,N,NULL,NULL,NULL,NULL,NULL,NULL,NULL,NULL,9,3,2,6,1,1,2,2,7,3,N,NULL,Y,N,1414,1414,1414,N,NULL,44,8,0,N,,N,N,098-KY-1441-0,NULL,NULL,2023,O,7.30E+11,098-KY-1441  -000,HIGH,098-KY-1441  -000,9.204,0,0,0,0,0,0,0,0,0,0,0,1,0,0
6807,72962413,KSP0900,23-429868,20231020,726,,ISLAND CREEK,,RD,KY1426,KY1426,0,098 KY-1426,KY1426,N,N,NULL,NULL,NULL,N,NULL,NULL,NULL,NULL,NULL,NULL,1.967,NULL,NULL,NULL,NULL,,NULL,0,0,2,2,N,N,35,NULL,98,9801,NULL,,Y,37.46124,-82.56007,N,NULL,NULL,NULL,NULL,NULL,NULL,NULL,NULL,8,3,1,6,1,5,3,2,7,3,N,NULL,Y,N,726,838,838,N,NULL,53,8,0,N,,N,N,098-KY-1426-0,NULL,NULL,2023,O,7.30E+11,098-KY-1426  -000,HIGH,098-KY-1426  -000,1.969,0,0,0,0,0,0,0,0,0,0,0,1,0,0
6808,72937266,KSP0900,23-349401,20230805,2000,,CANEY CREEK,,RD,KY2061,KY2061,0,098 KY-2061,KY2061,N,N,NULL,NULL,NULL,N,NULL,NULL,NULL,NULL,NULL,NULL,3.862,NULL,NULL,NULL,NULL,,NULL,1,0,1,1,N,N,35,NULL,98,9801,NULL,,Y,37.56544,-82.55676,N,NULL,NULL,NULL,NULL,NULL,NULL,NULL,NULL,9,3,2,1,1,1,2,2,7,3,N,NULL,Y,Y,2000,2035,2110,N,NULL,40,,0,N,,N,N,098-KY-2061-0,NULL,NULL,2023,A,7.29E+11,098-KY-2061  -000,HIGH,098-KY-2061  -000,3.934,0,0,0,0,0,0,0,0,0,0,0,1,0,0
6809,72950713,KSP0900,23-204645,20230530,430,,US119,,,US0119,US0119,0,098 US-119,US0119,N,N,NULL,NULL,NULL,N,NULL,NULL,NULL,NULL,NULL,NULL,4.303,NULL,NULL,NULL,NULL,,NULL,0,0,1,1,N,N,55,NULL,98,9828,NULL,,Y,37.51679,-82.45878,N,NULL,NULL,NULL,NULL,NULL,NULL,NULL,NULL,9,3,2,1,1,5,5,6,7,3,N,NULL,Y,N,435,500,435,N,NULL,38,2,1,N,,N,N,098-US-0119-0,NULL,NULL,2023,O,7.30E+11,098-US-0119  -000,HIGH,098-US-0119  -000,4.318,0,0,0,0,0,0,0,0,0,0,0,0,0,0
6810,72829344,KSP0900,22-432741,20221110,1310,,KY632,,,KY0632,KY0632,0,098 KY-632,KY0632,N,N,NULL,NULL,NULL,N,NULL,NULL,NULL,NULL,NULL,NULL,1.595,NULL,NULL,NULL,NULL,,NULL,0,0,1,1,N,N,55,NULL,98,9817,NULL,,Y,37.49667,-82.32595,N,NULL,NULL,NULL,NULL,NULL,NULL,NULL,NULL,9,3,2,6,1,1,2,2,7,3,N,NULL,Y,N,1311,1320,1310,Y,NULL,44,6,0,N,,N,N,098-KY-0632-0,NULL,NULL,2022,O,7.28E+11,098-KY-0632  -000,HIGH,098-KY-0632  -000,1.595,0,0,1,0,0,0,1,0,0,0,0,1,0,0
6811,72862932,980100,2.02E+11,20230206,1821,,BYPASS,S,RD,KY1426,KY1426,0,098 KY-1426,KY1426,N,N,NULL,NULL,NULL,N,NULL,NULL,NULL,NULL,NULL,NULL,6.551,NULL,NULL,NULL,NULL,,NULL,2,0,2,2,N,N,45,NULL,98,9801,NULL,,Y,37.48235,-82.51371,N,NULL,NULL,NULL,NULL,NULL,NULL,NULL,NULL,1,3,2,6,1,1,2,3,1,3,N,NULL,Y,Y,1822,1827,1827,N,NULL,55,,0,N,,N,N,098-KY-1426-0,NULL,NULL,2023,B,7.29E+11,098-KY-1426  -000,HIGH,098-KY-1426  -000,6.551,0,0,0,0,0,0,1,0,0,0,0,0,0,1
6812,72868422,KSP0900,23-69989,20230223,745,,US119,,,US0119,US0119,0,098 US-119-10,US0119,N,N,NULL,NULL,NULL,N,NULL,NULL,NULL,NULL,NULL,NULL,23.452,NULL,NULL,NULL,NULL,,NULL,0,0,2,2,N,N,45,NULL,98,9834,NULL,,Y,37.64808,-82.26754,N,NULL,NULL,NULL,NULL,NULL,NULL,NULL,NULL,8,3,4,6,1,5,6,2,7,3,N,NULL,Y,N,750,815,750,N,NULL,53,2,1,N,,N,N,098-US-0119-10,NULL,NULL,2023,O,7.29E+11,098-US-0119  -010,HIGH,098-US-0119  -000,23.454,0,0,0,1,0,0,1,0,0,0,0,1,0,0
6813,72964338,980500,2023AR053,20231026,1458,,US23,,,US0023,US0023,0,098 US-23-10,US0023,N,N,NULL,NULL,NULL,N,NULL,NULL,NULL,NULL,NULL,NULL,,NULL,NULL,NULL,NULL,NULL,NULL,1,0,1,1,N,N,45,NULL,98,9807,NULL,,Y,37.53368,-82.57792,N,NULL,NULL,NULL,NULL,NULL,NULL,NULL,NULL,9,4,4,6,1,1,2,2,7,3,Y,NULL,Y,Y,1458,1458,1515,N,NULL,43,,1,N,,N,Y,098-US-0023-10,NULL,NULL,2023,C,7.30E+11,098-US-0023  -010,HIGH,098-US-0023  -000,29.736,0,0,0,1,0,0,0,0,0,0,0,1,0,1