OBJECTID,MasterFile,AgencyORINumber,LocalCode,CollisionDate,CollisionTime,CollisionDayWeekCode,RoadwayName,RoadwayName_Direction_,RoadwayName_RoadwaySuffix_,RoadwayfromReport,CurrentRoadwayNumber,RoadwayNumberCoupletID,RSEUniqueGIS,RoadwayIdentifier,ParkingLotIndicator,IntersectionWith_Indicator_,IntersectionWith_NameRoadway_,IntersectionWith_Direction_,IntersectionWith_RoadwaySuffix_,BetweenStreets_Indicator_,BetweenStreets1_NameRoadway_,BetweenStreet1_Direction_,BetweenStreets1_RoadwaySuffix_,BetweenStreets2_NameRoadway_,BetweenStreets2_Direction_,BetweenStreets2_RoadwaySuffix_,Milepoint,ReportMilepointDeriveNumber,CurrentDerivedMiepointNumber,MilestoMilepoint,FeettoMilepoint,DirectionfromMilepoint_NSEW_,ValidMilepointIndicator,NumberInjured,NumberKilled,ofUnits,ofMotorVehicleUnits,Hit&RunIndicator,OneWayIndicator,SpeedLimitNumber,KilometersIndicator,CountyCode,CityCountyCode,MilesFromCity,DirectionFromCity_NSEW_,InCityLimitsIndicator,Latitude,Longitude,RampIndicator,RampFromIdentifier,RampFromDirCode,RampFromCoupletID,RSEUniqueGISRampFrom,RampToidentifier,RampToDirCode,RampToCoupletID,RSEUniqueGisRampTo,MannerofCollisionCode,LocationFirstEventCode,TotalLanes,RoadwayCharacterCode,RoadwaySurfaceCode,RoadwayConditionCode,WeatherCode,LightConditionCode,LandUseCode,SchoolBusRelatedCode,FirstAidSceneIndicator,CollDescPresentInd,InvestigationCompleteIndicator,PhotosTakenIndicator,TimeNotified,TimeArrived,TimeRoadwayOpened,PropertyDamageIndicator,DiagramPresentIndicator,DirectionalAnalysis,FunctionClassCode,NationalHwySysCode,EnforcementsIndicator,KARSCityCode,SecondaryCollisionIndicator,MedianCrossoverIndicator,RT_UNIQUE,MapIt,TimeLastLeft,YR,KABCO,MFNY,WorkingRID,RT_CONFIDENCE,KTC_RT,KTC_MP,Motorcyclist,Commercial Vehicle,Young Driver,Mature Driver,Pedestrian,Bicyclist,Distracted,Aggressive,Impaired,Unrestrained,Intersection,Roadway Departure,Median Cross-over,City Crash
6814,72901171,KSP0900,2023-191210,20230520,1731,,US460,,,US0460,US0460,,,,N,N,NULL,NULL,NULL,N,NULL,NULL,NULL,NULL,NULL,NULL,9.263,NULL,NULL,NULL,NULL,,NULL,0,0,2,2,Y,N,45,NULL,98,9802,NULL,,Y,37.36901,-82.41559,N,NULL,NULL,NULL,NULL,NULL,NULL,NULL,NULL,3,3,2,2,1,5,6,2,7,3,N,NULL,N,N,1731,1755,1845,Y,NULL,52,,1,N,,N,N,,NULL,NULL,2023,O,7.29E+11,098-US-0460  -000,HIGH,098-US-0460  -000,9.247,0,0,0,0,0,0,0,0,0,0,0,1,0,0
6815,72866290,980100,2.02E+11,20230214,1212,,CASSIDY,,BLVD,,,0,098 CS-1191,CS1191,Y,N,NULL,NULL,NULL,N,NULL,NULL,NULL,NULL,NULL,NULL,0.052,NULL,NULL,NULL,NULL,,NULL,0,0,2,2,Y,N,,NULL,98,9801,NULL,,Y,37.50368,-82.533,N,NULL,NULL,NULL,NULL,NULL,NULL,NULL,NULL,1,97,1,6,1,1,2,2,1,3,N,NULL,Y,N,1212,1219,1219,N,NULL,90,,,N,,N,N,098-CS-1191-0,NULL,NULL,2023,O,7.29E+11,098-CS-1191  -000,HIGH,098-CS-1191  -000,0.049,0,0,0,0,0,0,0,0,0,0,0,0,0,1
6816,72928547,KSP0900,2023-335274,20230723,2028,,KY292,,,KY0292,KY0292,0,098 KY-292,KY0292,N,N,NULL,NULL,NULL,N,NULL,NULL,NULL,NULL,NULL,NULL,3.472,NULL,NULL,NULL,NULL,,NULL,1,0,2,2,N,N,45,NULL,98,9869,NULL,,Y,37.65823,-82.2477,N,NULL,NULL,NULL,NULL,NULL,NULL,NULL,NULL,3,3,2,6,1,1,2,2,7,3,Y,NULL,Y,Y,2038,2104,2158,N,NULL,52,8,0,Y,,N,N,098-KY-0292-0,NULL,NULL,2023,C,7.29E+11,098-KY-0292  -000,HIGH,098-KY-0292  -000,3.472,0,0,0,1,0,0,0,0,0,0,0,1,0,0
6817,72961765,980500,2023AR050,20231020,1209,,RIGHT FORK OF COWPEN,,RD,,,0,098 CR-1321Q4,CR1321Q4,N,N,NULL,NULL,NULL,N,NULL,NULL,NULL,NULL,NULL,NULL,,NULL,NULL,NULL,NULL,NULL,NULL,0,0,1,1,N,N,35,NULL,98,9807,NULL,,Y,37.54545,-82.56052,N,NULL,NULL,NULL,NULL,NULL,NULL,NULL,NULL,9,3,1,6,1,5,6,2,7,3,Y,NULL,Y,Y,1209,1215,1318,Y,NULL,70,,,N,,N,N,098-CR-1321Q4-0,NULL,NULL,2023,O,7.30E+11,098-CR-1321Q4-000,MEDIUM,098-CR-1321Q4-000,0,0,0,1,0,0,0,1,1,0,0,0,0,0,0
6818,72991856,KSP0900,23-501340,20231224,1316,,KY199,,,KY0199,KY0199,0,098 KY-199,KY0199,N,N,NULL,NULL,NULL,N,NULL,NULL,NULL,NULL,NULL,NULL,10.208,NULL,NULL,NULL,NULL,,NULL,0,0,2,2,N,N,35,NULL,98,9851,NULL,,Y,37.58741,-82.27058,N,NULL,NULL,NULL,NULL,NULL,NULL,NULL,NULL,5,3,2,6,1,5,2,2,7,3,N,NULL,Y,N,1316,1316,1316,N,NULL,49,7,0,N,,N,N,098-KY-0199-0,NULL,NULL,2023,O,7.30E+11,098-KY-0199  -000,HIGH,098-KY-0199  -000,10.256,0,0,1,1,0,0,1,0,0,0,0,0,0,0
6819,72914828,KSP0900,23-238491,20230624,1601,,US460,,,US0460,US0460,0,098 US-460,US0460,N,N,NULL,NULL,NULL,N,NULL,NULL,NULL,NULL,NULL,NULL,4.308,NULL,NULL,NULL,NULL,,NULL,1,0,1,1,N,N,55,NULL,98,9824,NULL,,Y,37.41836,-82.45663,N,NULL,NULL,NULL,NULL,NULL,NULL,NULL,NULL,9,3,2,3,1,1,2,2,7,3,Y,NULL,Y,N,1604,1645,1720,N,NULL,44,,1,N,,N,N,098-US-0460-0,NULL,NULL,2023,B,7.29E+11,098-US-0460  -000,HIGH,098-US-0460  -000,4.309,0,0,0,0,0,0,0,0,0,0,0,1,0,0
6820,72820965,KSP0900,22-400523,20221017,1439,,BIG CREEK,E,RD,KY3220,KY3220,0,098 KY-3220,KY3220,N,N,NULL,NULL,NULL,N,NULL,NULL,NULL,NULL,NULL,NULL,2.683,NULL,NULL,NULL,NULL,,NULL,1,0,1,1,N,N,35,NULL,98,9833,NULL,,Y,37.60753,-82.32729,N,NULL,NULL,NULL,NULL,NULL,NULL,NULL,NULL,9,3,2,6,1,1,2,2,7,3,N,NULL,Y,Y,1500,1500,1500,N,NULL,70,8,0,N,,N,N,098-KY-3220-0,NULL,NULL,2022,C,7.28E+11,098-KY-3220  -000,HIGH,098-KY-3220  -000,2.683,0,0,0,0,0,0,0,0,1,0,0,1,0,0
6821,72971377,980100,2.02E+11,20231110,2009,,CASSIDY,,BLVD,,,0,098 CS-1191,CS1191,N,N,NULL,NULL,NULL,N,NULL,NULL,NULL,NULL,NULL,NULL,0.022,NULL,NULL,NULL,NULL,,NULL,0,0,3,3,N,N,45,NULL,98,9801,NULL,,Y,37.50373,-82.53252,N,NULL,NULL,NULL,NULL,NULL,NULL,NULL,NULL,5,3,5,4,1,1,2,5,1,3,N,NULL,Y,N,2010,2010,2027,N,NULL,70,,,N,,N,N,098-CS-1191-0,NULL,NULL,2023,O,7.30E+11,098-CS-1191  -000,HIGH,098-CS-1191  -000,0.022,0,0,0,0,0,0,1,0,0,0,0,0,0,1
6822,72979875,KSP0900,23-462092,20231117,1913,,KY611,,,KY0611,KY0611,0,098 KY-611,KY0611,N,N,NULL,NULL,NULL,N,NULL,NULL,NULL,NULL,NULL,NULL,5.79,NULL,NULL,NULL,NULL,,NULL,0,0,1,1,N,N,55,NULL,98,9809,NULL,,Y,37.31528,-82.54562,N,NULL,NULL,NULL,NULL,NULL,NULL,NULL,NULL,9,3,2,6,1,5,6,6,7,3,N,NULL,Y,N,1913,1946,1946,N,NULL,70,8,0,N,,N,N,098-KY-0611-0,NULL,NULL,2023,O,7.30E+11,098-KY-0611  -000,HIGH,098-KY-0611  -000,5.793,0,0,0,0,0,0,0,0,0,0,0,1,0,0
6823,72978650,980100,2.02E+11,20231127,1238,,CASSIDY,,BLVD,,,0,098 CS-1191,CS1191,Y,N,NULL,NULL,NULL,N,NULL,NULL,NULL,NULL,NULL,NULL,0.291,NULL,NULL,NULL,NULL,,NULL,0,0,2,2,N,N,15,NULL,98,9801,NULL,,Y,37.50504,-82.53666,N,NULL,NULL,NULL,NULL,NULL,NULL,NULL,NULL,2,97,,6,1,1,2,2,1,3,N,NULL,Y,N,1238,1243,,N,NULL,90,,,N,,N,N,098-CS-1191-0,NULL,NULL,2023,O,7.30E+11,098-CS-1191  -000,HIGH,098-CS-1191  -000,0.285,0,0,0,0,0,0,1,0,0,0,0,0,0,1
6824,72847315,KSP0900,2022-493556,20221226,1815,,KY1469,,,KY1469,KY1469,0,098 KY-1469,KY1469,N,N,NULL,NULL,NULL,N,NULL,NULL,NULL,NULL,NULL,NULL,6.844,NULL,NULL,NULL,NULL,,NULL,0,0,2,2,N,N,45,NULL,98,9827,NULL,,Y,37.30471,-82.644,N,NULL,NULL,NULL,NULL,NULL,NULL,NULL,NULL,7,3,2,6,1,1,2,5,6,3,N,NULL,Y,N,1815,1849,1849,N,NULL,54,8,0,N,,N,N,098-KY-1469-0,NULL,NULL,2022,O,7.28E+11,098-KY-1469  -000,HIGH,098-KY-1469  -000,6.844,0,0,0,0,0,0,0,0,0,0,0,1,0,0
6825,72887474,980100,2.02E+11,20230415,1155,,US23,,,US0023,US0023,0,098 US-23,US0023,N,N,NULL,NULL,NULL,N,NULL,NULL,NULL,NULL,NULL,NULL,31.817,NULL,NULL,NULL,NULL,,NULL,0,0,2,2,N,N,55,NULL,98,9801,NULL,,Y,37.53743,-82.60548,N,NULL,NULL,NULL,NULL,NULL,NULL,NULL,NULL,7,3,4,6,1,1,2,2,2,3,N,NULL,Y,N,1156,1202,1242,N,NULL,54,,1,Y,,N,N,098-US-0023-0,NULL,NULL,2023,O,7.29E+11,098-US-0023  -000,HIGH,098-US-0023  -000,31.796,0,0,0,1,0,0,1,0,0,0,0,1,0,1
6826,72813067,980100,2.02E+11,20221004,1520,,US23,,,US0023,US0023,0,098 US-23-10,US0023,N,N,NULL,NULL,NULL,N,NULL,NULL,NULL,NULL,NULL,NULL,26.221,NULL,NULL,NULL,NULL,,NULL,0,0,2,2,N,N,55,NULL,98,9801,NULL,,Y,37.50278,-82.53223,N,NULL,NULL,NULL,NULL,NULL,NULL,NULL,NULL,8,3,4,6,1,1,2,2,1,3,N,NULL,Y,N,1521,1527,1542,N,NULL,53,,1,N,,N,N,098-US-0023-10,NULL,NULL,2022,O,7.28E+11,098-US-0023  -010,HIGH,098-US-0023  -000,26.221,0,0,1,0,0,0,0,0,0,0,0,1,0,1
6827,72970888,980100,2.02E+11,20231107,1223,,CASSIDY,,BLVD,,,0,098 CS-1191,CS1191,N,N,NULL,NULL,NULL,N,NULL,NULL,NULL,NULL,NULL,NULL,0.31,NULL,NULL,NULL,NULL,,NULL,0,0,2,2,N,N,35,NULL,98,9801,NULL,,Y,37.50518,-82.53704,N,NULL,NULL,NULL,NULL,NULL,NULL,NULL,NULL,1,3,3,6,1,1,2,2,1,3,N,NULL,Y,N,1223,1234,1247,N,NULL,55,,,N,,N,N,098-CS-1191-0,NULL,NULL,2023,O,7.30E+11,098-CS-1191  -000,HIGH,098-CS-1191  -000,0.307,0,0,0,0,0,0,1,0,0,0,0,0,0,1
6828,72963895,980500,2023AR052,20231025,1734,,MAYO TRAIL,N,,,,,,,N,N,NULL,NULL,NULL,N,NULL,NULL,NULL,NULL,NULL,NULL,,NULL,NULL,NULL,NULL,NULL,NULL,2,0,2,2,N,N,45,NULL,98,9807,NULL,,Y,37.5191,-82.56606,N,NULL,NULL,NULL,NULL,NULL,NULL,NULL,NULL,1,3,6,5,1,1,2,2,7,3,Y,NULL,Y,Y,1734,1736,1816,N,NULL,55,,,N,,N,N,,NULL,NULL,2023,C,7.30E+11,098-CS-3000  -071,MEDIUM,098-CS-3000  -071,0.002,0,0,0,0,0,0,0,0,0,0,0,0,0,0
6829,72947853,KSP0900,23-383334,20230906,758,,SHELBIANA,E,RD,US0460,US0460,,,,N,N,NULL,NULL,NULL,N,NULL,NULL,NULL,NULL,NULL,NULL,4.532,NULL,NULL,NULL,NULL,,NULL,1,0,1,1,N,N,55,NULL,98,9832,NULL,,Y,37.41641,-82.45348,N,NULL,NULL,NULL,NULL,NULL,NULL,NULL,NULL,9,5,2,6,1,1,2,2,7,3,Y,NULL,Y,Y,758,800,830,N,NULL,44,,1,N,,N,N,,NULL,NULL,2023,C,7.29E+11,098-US-0460  -000,HIGH,098-US-0460  -000,4.532,0,0,1,0,0,0,1,0,0,0,0,1,0,0
6830,72980773,KSP0900,23-476619,20231201,1325,,US119,N,,US0119,US0119,0,098 US-119,US0119,Y,N,NULL,NULL,NULL,N,NULL,NULL,NULL,NULL,NULL,NULL,24.17,NULL,NULL,NULL,NULL,,NULL,1,0,2,1,Y,N,55,NULL,98,9834,NULL,,Y,37.65789,-82.27147,N,NULL,NULL,NULL,NULL,NULL,NULL,NULL,NULL,9,7,1,6,1,5,3,2,1,3,N,NULL,Y,Y,1325,1240,1240,N,NULL,90,2,1,N,,N,N,098-US-0119-0,NULL,NULL,2023,B,7.30E+11,098-US-0119  -000,HIGH,098-US-0119  -000,24.169,0,0,0,0,1,0,1,1,0,0,0,0,0,0
6831,72953887,980100,2.02E+11,20230926,1734,,US23,,,US0023,US0023,0,098 US-23-10,US0023,N,N,NULL,NULL,NULL,N,NULL,NULL,NULL,NULL,NULL,NULL,24.107,NULL,NULL,NULL,NULL,,NULL,1,0,3,3,N,N,55,NULL,98,9801,NULL,,Y,37.47673,-82.53979,N,NULL,NULL,NULL,NULL,NULL,NULL,NULL,NULL,5,3,4,6,1,1,2,2,1,3,N,NULL,Y,Y,1734,1746,1746,N,NULL,49,,1,N,,N,N,098-US-0023-10,NULL,NULL,2023,C,7.30E+11,098-US-0023  -010,HIGH,098-US-0023  -000,24.035,0,0,0,0,0,0,1,0,0,0,0,0,0,1
6832,72912979,KSP0900,23-222819,20230611,2235,,KY194,,,KY0194,KY0194,0,098 KY-194,KY0194,N,N,NULL,NULL,NULL,N,NULL,NULL,NULL,NULL,NULL,NULL,24.488,NULL,NULL,NULL,NULL,,NULL,1,0,2,2,N,N,55,NULL,98,9817,NULL,,Y,37.52246,-82.36716,N,NULL,NULL,NULL,NULL,NULL,NULL,NULL,NULL,3,3,2,3,1,5,6,6,7,3,Y,NULL,Y,Y,2235,2259,2335,N,NULL,52,6,0,N,,N,N,098-KY-0194-0,NULL,NULL,2023,C,7.29E+11,098-KY-0194  -000,HIGH,098-KY-0194  -000,24.48,0,0,1,0,0,0,0,0,0,0,0,1,0,0
6833,72984539,980100,2.02E+11,20231204,802,,US23,,,US0023,US0023,,,,N,N,NULL,NULL,NULL,N,NULL,NULL,NULL,NULL,NULL,NULL,32.033,NULL,NULL,NULL,NULL,,NULL,0,0,2,2,N,N,55,NULL,98,9801,NULL,,Y,37.53761,-82.60942,N,NULL,NULL,NULL,NULL,NULL,NULL,NULL,NULL,8,2,4,6,1,1,3,2,7,3,N,NULL,N,N,802,814,,N,NULL,53,,1,Y,,N,N,,NULL,NULL,2023,O,7.30E+11,098-US-0023  -000,MEDIUM,098-US-0023  -000,32.013,0,0,0,0,0,0,0,0,1,0,0,1,0,1
6834,72836901,370200,2022456722,20221129,748,,BIG HACKNEYS,,CRK,,,0,098 CR-1186,CR1186,N,N,NULL,NULL,NULL,N,NULL,NULL,NULL,NULL,NULL,NULL,0.557,NULL,NULL,NULL,NULL,,NULL,0,0,2,2,N,N,35,NULL,98,9847,NULL,,Y,37.37106,-82.22303,N,NULL,NULL,NULL,NULL,NULL,NULL,NULL,NULL,3,3,1,3,1,5,3,2,7,3,N,NULL,Y,N,812,848,930,N,NULL,52,,,Y,,N,N,098-CR-1186-0,NULL,NULL,2022,O,7.28E+11,098-CR-1186  -000,HIGH,098-CR-1186  -000,0.557,0,1,0,0,0,0,0,0,0,0,0,1,0,0
6835,72824270,KSP0900,22-413976,20221027,1703,,FISHTRAP,,RD,KY1441,KY1441,0,098 KY-1441,KY1441,N,N,NULL,NULL,NULL,N,NULL,NULL,NULL,NULL,NULL,NULL,1.907,NULL,NULL,NULL,NULL,,NULL,1,0,2,2,N,N,35,NULL,98,9832,NULL,,Y,37.41746,-82.42351,N,NULL,NULL,NULL,NULL,NULL,NULL,NULL,NULL,8,3,1,6,1,1,2,2,7,3,N,NULL,Y,Y,1703,1730,1800,N,NULL,47,8,0,N,,N,N,098-KY-1441-0,NULL,NULL,2022,C,7.28E+11,098-KY-1441  -000,HIGH,098-KY-1441  -000,1.907,0,0,0,0,0,0,0,0,0,0,0,1,0,0
6836,72969387,KSP0900,23-448412,20231106,1006,,US23,,,US0023,US0023,0,098 US-23-10,US0023,N,N,NULL,NULL,NULL,N,NULL,NULL,NULL,NULL,NULL,NULL,6.379,NULL,NULL,NULL,NULL,,NULL,0,0,2,2,N,N,55,NULL,98,9809,NULL,,Y,37.29411,-82.54742,N,NULL,NULL,NULL,NULL,NULL,NULL,NULL,NULL,8,3,4,4,1,1,2,2,3,3,N,NULL,Y,N,1006,1033,1045,N,NULL,53,,1,N,,N,N,098-US-0023-10,NULL,NULL,2023,O,7.30E+11,098-US-0023  -010,HIGH,098-US-0023  -000,6.38,0,0,0,0,0,0,1,0,0,0,0,1,0,0
6837,72961918,KSP0900,23-428409,20231018,1733,,US119,,,US0119,US0119,0,098 US-119,US0119,N,N,NULL,NULL,NULL,N,NULL,NULL,NULL,NULL,NULL,NULL,22.147,NULL,NULL,NULL,NULL,,NULL,0,0,2,2,N,N,55,NULL,98,9836,NULL,,Y,37.63545,-82.26093,N,NULL,NULL,NULL,NULL,NULL,NULL,NULL,NULL,8,3,2,6,1,1,2,2,3,3,N,NULL,Y,N,1733,1835,1733,N,NULL,53,2,1,N,,N,N,098-US-0119-0,NULL,NULL,2023,O,7.30E+11,098-US-0119  -000,HIGH,098-US-0119  -000,22.157,0,0,0,1,0,0,0,0,0,0,0,1,0,0
6838,72945424,KSP0900,23-333409,20230722,739,,US460,,,US0460,US0460,0,098 US-460,US0460,N,N,NULL,NULL,NULL,N,NULL,NULL,NULL,NULL,NULL,NULL,7.472,NULL,NULL,NULL,NULL,,NULL,1,1,2,2,N,N,45,NULL,98,9802,NULL,,Y,37.38454,-82.43858,N,NULL,NULL,NULL,NULL,NULL,NULL,NULL,NULL,3,3,2,3,1,1,2,2,7,3,Y,NULL,N,Y,847,949,1319,N,NULL,52,,1,N,,N,N,098-US-0460-0,NULL,NULL,2023,K,7.29E+11,098-US-0460  -000,HIGH,098-US-0460  -000,7.475,0,0,0,0,0,0,0,0,1,1,0,1,0,0
6839,72907979,980100,2.02E+11,20230606,1424,,THOMPSON,,RD,,,0,098 CS-1215,CS1215,N,N,NULL,NULL,NULL,N,NULL,NULL,NULL,NULL,NULL,NULL,0.043,NULL,NULL,NULL,NULL,,NULL,0,0,2,2,N,N,35,NULL,98,9801,NULL,,Y,37.51018,-82.54826,N,NULL,NULL,NULL,NULL,NULL,NULL,NULL,NULL,5,3,2,6,2,1,2,2,7,3,N,NULL,Y,N,1425,1429,1426,N,NULL,49,,,N,,N,N,098-CS-1215-0,NULL,NULL,2023,O,7.29E+11,098-CS-1215  -000,HIGH,098-CS-1215  -000,0.043,0,0,0,0,0,0,0,0,0,0,0,0,0,1
6840,72872519,KSP0900,23-87148,20230306,1020,,MALL,,RD,,,0,098 CR-1037,CR1037,Y,N,NULL,NULL,NULL,N,NULL,NULL,NULL,NULL,NULL,NULL,0.353,NULL,NULL,NULL,NULL,,NULL,0,0,2,2,Y,N,10,NULL,98,9834,NULL,,Y,37.65594,-82.27177,N,NULL,NULL,NULL,NULL,NULL,NULL,NULL,NULL,6,7,,6,1,1,2,2,7,3,N,NULL,Y,N,1020,1020,1020,N,NULL,90,,,N,,N,N,098-CR-1037-0,NULL,NULL,2023,O,7.29E+11,098-CR-1037  -000,HIGH,098-CR-1037  -000,0.372,0,0,0,1,0,0,0,0,0,0,0,1,0,0
6841,72896387,980100,2.02E+11,20230509,618,,US23,,,US0023,US0023,0,098 US-23-10,US0023,N,N,NULL,NULL,NULL,N,NULL,NULL,NULL,NULL,NULL,NULL,29.866,NULL,NULL,NULL,NULL,,NULL,0,0,1,1,N,N,55,NULL,98,9801,NULL,,Y,37.53503,-82.57915,N,NULL,NULL,NULL,NULL,NULL,NULL,NULL,NULL,9,3,4,6,1,1,3,1,7,3,N,NULL,Y,N,618,626,,N,NULL,38,,1,N,,N,N,098-US-0023-10,NULL,NULL,2023,O,7.29E+11,098-US-0023  -010,HIGH,098-US-0023  -000,29.847,0,0,0,0,0,0,0,0,0,0,0,0,0,1
6842,72960606,980500,2023AR048,20231018,1352,,US 23 NORTH & WEDDINGTON BRANCH ROAD,,,,,,,,N,N,NULL,NULL,NULL,N,NULL,NULL,NULL,NULL,NULL,NULL,,NULL,NULL,NULL,NULL,NULL,NULL,4,0,2,2,N,N,45,NULL,98,9807,NULL,,Y,37.52236,-82.57073,N,NULL,NULL,NULL,NULL,NULL,NULL,NULL,NULL,1,3,6,6,1,1,2,2,7,3,Y,NULL,Y,Y,1352,1355,1427,N,NULL,55,,,N,,N,N,,NULL,NULL,2023,C,7.30E+11,098-US-0023  -010,MEDIUM,098-US-0023  -000,28.861,0,0,0,0,0,0,1,0,0,0,0,0,0,0
6843,72889213,KSP0900,23-143990,20230415,2032,,KY194,,,KY0194,KY0194,0,098 KY-194,KY0194,N,N,NULL,NULL,NULL,N,NULL,NULL,NULL,NULL,NULL,NULL,24.288,NULL,NULL,NULL,NULL,,NULL,0,0,1,1,N,N,55,NULL,98,9817,10,N,N,37.52511,-82.36583,N,NULL,NULL,NULL,NULL,NULL,NULL,NULL,NULL,9,5,2,6,1,1,2,6,7,3,N,NULL,Y,N,2032,2055,2103,N,NULL,51,6,0,N,,N,N,098-KY-0194-0,NULL,NULL,2023,O,7.29E+11,098-KY-0194  -000,HIGH,098-KY-0194  -000,24.279,0,0,0,0,0,0,1,0,0,0,0,1,0,0
6844,72907255,980100,2.02E+11,20230604,1417,,US23,,,US0023,US0023,,,,N,N,NULL,NULL,NULL,N,NULL,NULL,NULL,NULL,NULL,NULL,19.652,NULL,NULL,NULL,NULL,,NULL,0,0,1,1,N,N,55,NULL,98,9801,NULL,,Y,37.44922,-82.50642,N,NULL,NULL,NULL,NULL,NULL,NULL,NULL,NULL,9,3,4,3,1,1,2,2,2,3,N,NULL,Y,N,1417,1419,1441,N,NULL,38,,1,N,,N,N,,NULL,NULL,2023,O,7.29E+11,098-US-0023  -000,MEDIUM,098-US-0023  -000,19.601,0,0,0,1,0,0,0,0,0,0,0,0,0,1
6845,72891757,980100,2.02E+11,20230422,1116,,KILGORE,,LN,,,0,098 CS-1105,CS1105,Y,N,NULL,NULL,NULL,N,NULL,NULL,NULL,NULL,NULL,NULL,0.008,NULL,NULL,NULL,NULL,,NULL,0,0,2,2,N,N,,NULL,98,9801,NULL,,Y,37.47619,-82.52247,N,NULL,NULL,NULL,NULL,NULL,NULL,NULL,NULL,2,97,1,6,1,1,2,2,6,3,N,NULL,Y,N,1116,1117,1117,N,NULL,90,,,N,,N,N,098-CS-1105-0,NULL,NULL,2023,O,7.29E+11,098-CS-1105  -000,HIGH,098-CS-1105  -000,0.008,0,0,0,0,0,0,0,0,0,0,0,0,0,1
6846,72980346,KSP0900,23-476796,20231201,1557,,KY292,W,,KY0292,KY0292,0,098 KY-292,KY0292,Y,N,NULL,NULL,NULL,N,NULL,NULL,NULL,NULL,NULL,NULL,9.352,NULL,NULL,NULL,NULL,,NULL,0,0,2,2,N,N,45,NULL,98,9834,NULL,,Y,37.70422,-82.30038,N,NULL,NULL,NULL,NULL,NULL,NULL,NULL,NULL,2,97,2,6,1,5,3,5,7,3,N,NULL,Y,Y,1705,1730,1730,N,NULL,90,7,0,N,,N,N,098-KY-0292-0,NULL,NULL,2023,O,7.30E+11,098-KY-0292  -000,HIGH,098-KY-0292  -000,9.356,0,0,0,0,0,0,1,0,0,0,0,0,0,0
6847,72873468,980100,2.02E+11,20230208,915,,SCOTT,,AVE,,,0,098 CS-1116,CS1116,N,N,NULL,NULL,NULL,N,NULL,NULL,NULL,NULL,NULL,NULL,0.058,NULL,NULL,NULL,NULL,,NULL,0,0,2,2,N,N,15,NULL,98,9801,NULL,,Y,37.48254,-82.51635,N,NULL,NULL,NULL,NULL,NULL,NULL,NULL,NULL,1,3,1,6,1,1,2,2,1,3,N,NULL,Y,N,915,918,,N,NULL,55,,,N,,N,N,098-CS-1116-0,NULL,NULL,2023,O,7.29E+11,098-CS-1116  -000,HIGH,098-CS-1116  -000,0.06,0,0,0,0,0,0,1,0,0,0,0,0,0,1
6848,72914420,KSP0900,23-228596,20230616,745,,KY194,,,KY0194,KY0194,0,098 KY-194,KY0194,N,N,NULL,NULL,NULL,N,NULL,NULL,NULL,NULL,NULL,NULL,2.53,NULL,NULL,NULL,NULL,,NULL,0,0,1,1,N,N,55,NULL,98,9801,NULL,,Y,37.6536,-82.58404,N,NULL,NULL,NULL,NULL,NULL,NULL,NULL,NULL,9,3,2,3,1,1,2,2,7,3,N,NULL,Y,N,715,830,830,N,NULL,38,8,0,N,,N,N,098-KY-0194-0,NULL,NULL,2023,O,7.29E+11,098-KY-0194  -000,HIGH,098-KY-0194  -000,2.542,0,0,0,0,0,0,0,0,0,0,0,0,0,0
6849,72885396,KSP0900,23-116560,20230327,1528,,KY194,,,KY0194,KY0194,0,098 KY-194,KY0194,N,N,NULL,NULL,NULL,N,NULL,NULL,NULL,NULL,NULL,NULL,54.795,NULL,NULL,NULL,NULL,,NULL,0,0,2,2,N,N,35,NULL,98,9804,NULL,,Y,37.51067,-82.14677,N,NULL,NULL,NULL,NULL,NULL,NULL,NULL,NULL,3,3,2,3,1,1,2,2,7,3,N,NULL,Y,N,1528,1528,1528,N,NULL,52,8,0,N,,N,N,098-KY-0194-0,NULL,NULL,2023,O,7.29E+11,098-KY-0194  -000,HIGH,098-KY-0194  -000,54.796,0,0,1,0,0,0,1,0,0,0,0,1,0,0
6850,72979408,KSP0900,23-474714,20231129,1643,,CASSIDY,,BLVD,,,,,,N,N,NULL,NULL,NULL,N,NULL,NULL,NULL,NULL,NULL,NULL,0.332,NULL,NULL,NULL,NULL,,NULL,0,0,2,2,N,N,25,NULL,98,9801,NULL,,Y,37.50531,-82.53754,N,NULL,NULL,NULL,NULL,NULL,NULL,NULL,NULL,5,3,2,4,1,1,2,2,1,3,N,NULL,N,N,1643,1700,1730,N,NULL,70,,,N,,N,N,,NULL,NULL,2023,O,7.30E+11,098-CS-1191  -000,MEDIUM,098-CS-1191  -000,0.335,0,0,0,0,0,0,0,0,0,0,0,0,0,1
6851,72874699,980100,2.02E+11,20230312,2236,,HAMBLEY,,BLVD,,,0,098 CS-1222,CS1222,Y,N,NULL,NULL,NULL,N,NULL,NULL,NULL,NULL,NULL,NULL,0.511,NULL,NULL,NULL,NULL,,NULL,0,0,1,1,Y,N,,NULL,98,9801,NULL,,Y,37.47855,-82.52026,N,NULL,NULL,NULL,NULL,NULL,NULL,NULL,NULL,9,97,,6,1,1,3,8,1,3,N,NULL,Y,N,2236,2236,2236,Y,NULL,90,,,N,,N,N,098-CS-1222-0,NULL,NULL,2023,O,7.29E+11,098-CS-1222  -000,HIGH,098-CS-1222  -000,0.511,0,0,1,0,0,0,0,0,0,0,0,1,0,1