OBJECTID,MasterFile,AgencyORINumber,LocalCode,CollisionDate,CollisionTime,CollisionDayWeekCode,RoadwayName,RoadwayName_Direction_,RoadwayName_RoadwaySuffix_,RoadwayfromReport,CurrentRoadwayNumber,RoadwayNumberCoupletID,RSEUniqueGIS,RoadwayIdentifier,ParkingLotIndicator,IntersectionWith_Indicator_,IntersectionWith_NameRoadway_,IntersectionWith_Direction_,IntersectionWith_RoadwaySuffix_,BetweenStreets_Indicator_,BetweenStreets1_NameRoadway_,BetweenStreet1_Direction_,BetweenStreets1_RoadwaySuffix_,BetweenStreets2_NameRoadway_,BetweenStreets2_Direction_,BetweenStreets2_RoadwaySuffix_,Milepoint,ReportMilepointDeriveNumber,CurrentDerivedMiepointNumber,MilestoMilepoint,FeettoMilepoint,DirectionfromMilepoint_NSEW_,ValidMilepointIndicator,NumberInjured,NumberKilled,ofUnits,ofMotorVehicleUnits,Hit&RunIndicator,OneWayIndicator,SpeedLimitNumber,KilometersIndicator,CountyCode,CityCountyCode,MilesFromCity,DirectionFromCity_NSEW_,InCityLimitsIndicator,Latitude,Longitude,RampIndicator,RampFromIdentifier,RampFromDirCode,RampFromCoupletID,RSEUniqueGISRampFrom,RampToidentifier,RampToDirCode,RampToCoupletID,RSEUniqueGisRampTo,MannerofCollisionCode,LocationFirstEventCode,TotalLanes,RoadwayCharacterCode,RoadwaySurfaceCode,RoadwayConditionCode,WeatherCode,LightConditionCode,LandUseCode,SchoolBusRelatedCode,FirstAidSceneIndicator,CollDescPresentInd,InvestigationCompleteIndicator,PhotosTakenIndicator,TimeNotified,TimeArrived,TimeRoadwayOpened,PropertyDamageIndicator,DiagramPresentIndicator,DirectionalAnalysis,FunctionClassCode,NationalHwySysCode,EnforcementsIndicator,KARSCityCode,SecondaryCollisionIndicator,MedianCrossoverIndicator,RT_UNIQUE,MapIt,TimeLastLeft,YR,KABCO,MFNY,WorkingRID,RT_CONFIDENCE,KTC_RT,KTC_MP,Motorcyclist,Commercial Vehicle,Young Driver,Mature Driver,Pedestrian,Bicyclist,Distracted,Aggressive,Impaired,Unrestrained,Intersection,Roadway Departure,Median Cross-over,City Crash
6852,72819194,KSP0900,22-394115,20221012,1700,,US119,,,US0119,US0119,0,098 US-119,US0119,N,N,NULL,NULL,NULL,N,NULL,NULL,NULL,NULL,NULL,NULL,24.803,NULL,NULL,NULL,NULL,,NULL,0,0,2,2,N,N,55,NULL,98,9834,NULL,,Y,37.66588,-82.27504,N,NULL,NULL,NULL,NULL,NULL,NULL,NULL,NULL,1,3,4,6,1,1,2,2,7,3,N,NULL,Y,N,1630,1630,1700,N,NULL,55,2,1,N,,N,N,098-US-0119-0,NULL,NULL,2022,O,7.28E+11,098-US-0119  -000,HIGH,098-US-0119  -000,24.803,0,0,0,0,0,0,1,0,0,0,0,0,0,0
6853,72909216,980100,2.02E+11,20230609,1800,,KY3496,,,KY3496,KY3496,0,098 KY-3496,KY3496,Y,N,NULL,NULL,NULL,N,NULL,NULL,NULL,NULL,NULL,NULL,0.798,NULL,NULL,NULL,NULL,,NULL,0,0,2,2,N,N,15,NULL,98,9801,NULL,,Y,37.47206,-82.52956,N,NULL,NULL,NULL,NULL,NULL,NULL,NULL,NULL,2,97,2,6,1,1,2,2,1,3,N,NULL,Y,N,1630,1632,1632,N,NULL,90,16,0,N,,N,N,098-KY-3496-0,NULL,NULL,2023,O,7.29E+11,098-KY-3496  -000,HIGH,098-KY-3496  -000,0.798,0,0,1,0,0,0,1,0,0,0,0,0,0,1
6854,72817342,KSP0900,2022-391986,20221010,1822,,KY3418,,,KY3418,KY3418,0,098 KY-3418,KY3418,N,N,NULL,NULL,NULL,N,NULL,NULL,NULL,NULL,NULL,NULL,4.807,NULL,NULL,NULL,NULL,,NULL,0,0,2,2,N,N,55,NULL,98,9817,NULL,,Y,37.45676,-82.39057,N,NULL,NULL,NULL,NULL,NULL,NULL,NULL,NULL,7,3,2,5,1,1,2,2,7,3,N,NULL,Y,N,1822,1920,1822,N,NULL,54,9,0,N,,N,N,098-KY-3418-0,NULL,NULL,2022,O,7.28E+11,098-KY-3418  -000,HIGH,098-KY-3418  -000,4.807,0,0,0,0,0,0,0,0,0,0,0,1,0,0
6855,72907254,980100,2.02E+11,20230530,1512,,US23,,,US0023,US0023,,,,N,N,NULL,NULL,NULL,N,NULL,NULL,NULL,NULL,NULL,NULL,24.285,NULL,NULL,NULL,NULL,,NULL,0,0,2,2,N,N,55,NULL,98,9801,NULL,,Y,37.47864,-82.54211,N,NULL,NULL,NULL,NULL,NULL,NULL,NULL,NULL,8,3,4,1,1,1,2,2,2,3,N,NULL,Y,N,1512,1517,1544,N,NULL,47,,1,N,,N,N,,NULL,NULL,2023,O,7.29E+11,098-US-0023  -000,MEDIUM,098-US-0023  -000,24.216,0,0,0,0,0,0,1,0,0,0,0,0,0,1
6856,72904296,KSP0900,23-191771,20230521,147,,RACCOON,,RD,KY1441,KY1441,0,098 KY-1441,KY1441,N,N,NULL,NULL,NULL,N,NULL,NULL,NULL,NULL,NULL,NULL,7.29,NULL,NULL,NULL,NULL,,NULL,1,0,1,1,N,N,45,NULL,98,9850,NULL,,Y,37.48575,-82.43111,N,NULL,NULL,NULL,NULL,NULL,NULL,NULL,NULL,9,3,2,6,1,1,2,7,7,3,Y,NULL,N,Y,148,158,210,N,NULL,40,8,0,N,,N,N,098-KY-1441-0,NULL,NULL,2023,A,7.29E+11,098-KY-1441  -000,HIGH,098-KY-1441  -000,7.36,0,0,0,0,0,0,0,0,1,1,0,1,0,0
6857,72815405,KSP0900,22-393419,20221012,700,,KY1426,,,KY1426,KY1426,0,098 KY-1426,KY1426,Y,N,NULL,NULL,NULL,N,NULL,NULL,NULL,NULL,NULL,NULL,11.979,NULL,NULL,NULL,NULL,,NULL,0,0,1,1,N,N,,NULL,98,9828,NULL,,Y,37.53894,-82.46894,N,NULL,NULL,NULL,NULL,NULL,NULL,NULL,NULL,9,97,2,6,1,1,3,2,5,3,N,NULL,Y,N,700,730,700,Y,NULL,90,7,0,N,,N,N,098-KY-1426-0,NULL,NULL,2022,O,7.28E+11,098-KY-1426  -000,HIGH,098-KY-1426  -000,11.979,0,1,0,0,0,0,1,0,0,0,0,1,0,0
6858,72837018,KSP0900,22-461642,20221202,1920,,PHILLIPS BRANCH,,RD,,,0,098 CR-1867,CR1867,Y,N,NULL,NULL,NULL,N,NULL,NULL,NULL,NULL,NULL,NULL,0.026,NULL,NULL,NULL,NULL,,NULL,0,0,1,1,Y,N,,NULL,98,9804,NULL,,Y,37.49597,-82.13692,N,NULL,NULL,NULL,NULL,NULL,NULL,NULL,NULL,9,97,,6,1,1,6,5,5,3,N,NULL,Y,N,1921,2006,2006,Y,NULL,90,,,N,,N,N,098-CR-1867-0,NULL,NULL,2022,O,7.28E+11,098-CR-1867  -000,HIGH,098-CR-1867  -000,0.026,0,0,0,0,0,0,1,0,0,0,0,0,0,0
6859,72904818,KSP0900,23-196768,20230524,1415,,BIG CREEK,,RD,KY0468,KY0468,0,098 KY-468,KY0468,N,N,NULL,NULL,NULL,N,NULL,NULL,NULL,NULL,NULL,NULL,4.52,NULL,NULL,NULL,NULL,,NULL,0,0,2,2,N,N,55,NULL,98,9843,NULL,,Y,37.67097,-82.37859,N,NULL,NULL,NULL,NULL,NULL,NULL,NULL,NULL,1,3,2,6,1,1,3,2,7,3,N,NULL,N,N,1415,1500,1505,N,NULL,55,8,0,N,,N,N,098-KY-0468-0,NULL,NULL,2023,O,7.29E+11,098-KY-0468  -000,HIGH,098-KY-0468  -000,4.521,0,0,1,0,0,0,0,1,0,0,0,0,0,0
6860,72849269,KSP0900,22-495293,20221228,547,,COWPEN,,RD,KY2061,KY2061,0,098 KY-2061,KY2061,N,N,NULL,NULL,NULL,N,NULL,NULL,NULL,NULL,NULL,NULL,3.758,NULL,NULL,NULL,NULL,,NULL,1,0,1,1,N,N,55,NULL,98,9801,NULL,,Y,37.56389,-82.55834,N,NULL,NULL,NULL,NULL,NULL,NULL,NULL,NULL,9,3,2,2,1,2,2,6,7,3,N,NULL,Y,Y,547,604,645,N,NULL,70,,0,N,,N,N,098-KY-2061-0,NULL,NULL,2022,B,7.28E+11,098-KY-2061  -000,HIGH,098-KY-2061  -000,3.758,0,0,1,0,0,0,0,1,0,0,0,1,0,0
6861,72943909,KSP0900,23-385828,20230908,1126,,WALKER MCCOY,,DR,,,0,098 PR-1055,PR1055,N,N,NULL,NULL,NULL,N,NULL,NULL,NULL,NULL,NULL,NULL,0.01,NULL,NULL,NULL,NULL,,NULL,0,0,2,2,N,N,15,NULL,98,9834,NULL,,Y,37.66309,-82.27178,N,NULL,NULL,NULL,NULL,NULL,NULL,NULL,NULL,5,3,2,6,1,1,3,2,7,3,Y,NULL,Y,N,1126,1133,1133,N,NULL,49,,,N,,N,N,098-PR-1055-0,NULL,NULL,2023,O,7.29E+11,098-PR-1055  -000,HIGH,098-PR-1055  -000,0.01,0,0,0,0,0,0,1,0,0,0,0,0,0,0
6862,72907726,980500,2023AR027,20230605,1250,,MAYO TRAIL,N,,US0023,US0023,0,098 US-23,US0023,Y,N,NULL,NULL,NULL,N,NULL,NULL,NULL,NULL,NULL,NULL,,NULL,NULL,NULL,NULL,NULL,NULL,0,0,2,2,N,N,,NULL,98,9807,NULL,,Y,37.52119,-82.56843,N,NULL,NULL,NULL,NULL,NULL,NULL,NULL,NULL,2,97,2,6,1,1,2,2,5,3,N,NULL,Y,Y,1250,1253,1253,N,NULL,90,,1,N,,N,N,098-US-0023-0,NULL,NULL,2023,O,7.29E+11,098-US-0023  -000,HIGH,098-US-0023  -000,28.713,0,0,0,1,0,0,0,0,0,0,0,0,0,0
6863,72909377,KSP0900,23-219526,20230609,1600,,US460,,,US0460,US0460,0,098 US-460,US0460,N,N,NULL,NULL,NULL,N,NULL,NULL,NULL,NULL,NULL,NULL,6.562,NULL,NULL,NULL,NULL,,NULL,2,0,2,2,N,N,55,NULL,98,9801,NULL,,Y,37.3958,-82.43316,N,NULL,NULL,NULL,NULL,NULL,NULL,NULL,NULL,5,3,2,6,1,1,2,2,7,3,N,NULL,Y,Y,1600,1615,1645,N,NULL,49,,1,N,,N,N,098-US-0460-0,NULL,NULL,2023,B,7.29E+11,098-US-0460  -000,HIGH,098-US-0460  -000,6.563,1,0,0,0,0,0,1,0,0,0,0,0,0,0
6864,72986032,980100,2.02E+11,20231213,1320,,US23,,,US0023,US0023,0,098 US-23-10,US0023,N,N,NULL,NULL,NULL,N,NULL,NULL,NULL,NULL,NULL,NULL,27.419,NULL,NULL,NULL,NULL,,NULL,0,0,2,2,N,N,55,NULL,98,9807,NULL,,Y,37.51101,-82.54954,N,NULL,NULL,NULL,NULL,NULL,NULL,NULL,NULL,5,3,4,6,1,1,2,2,7,3,N,NULL,Y,N,1320,1330,1330,N,NULL,70,,1,N,,N,N,098-US-0023-10,NULL,NULL,2023,O,7.30E+11,098-US-0023  -010,HIGH,098-US-0023  -000,27.416,0,0,0,1,0,0,0,0,0,0,0,0,0,1
6865,72984682,980100,2.02E+11,20231203,1232,,CASSIDY,,BLVD,,,0,098 CS-1191,CS1191,Y,N,NULL,NULL,NULL,N,NULL,NULL,NULL,NULL,NULL,NULL,0.218,NULL,NULL,NULL,NULL,,NULL,0,0,2,2,N,N,,NULL,98,9801,NULL,,Y,37.50422,-82.53548,N,NULL,NULL,NULL,NULL,NULL,NULL,NULL,NULL,2,97,,6,1,1,2,2,1,3,N,NULL,Y,N,1232,1240,1240,N,NULL,90,,,N,,N,N,098-CS-1191-0,NULL,NULL,2023,O,7.30E+11,098-CS-1191  -000,HIGH,098-CS-1191  -000,0.199,0,0,0,1,0,0,1,0,0,1,0,0,0,1
6866,72917941,KSP0900,23-303697,20230626,620,,US460,,,US0460,US0460,0,098 US-460,US0460,N,N,NULL,NULL,NULL,N,NULL,NULL,NULL,NULL,NULL,NULL,3.421,NULL,NULL,NULL,NULL,,NULL,1,0,1,1,N,N,55,NULL,98,9832,NULL,,Y,37.42479,-82.47031,N,NULL,NULL,NULL,NULL,NULL,NULL,NULL,NULL,9,6,2,6,1,5,6,3,6,3,Y,NULL,Y,Y,620,638,730,N,NULL,51,,1,N,,N,Y,098-US-0460-0,NULL,NULL,2023,C,7.29E+11,098-US-0460  -000,HIGH,098-US-0460  -000,3.419,0,0,0,0,0,0,1,0,0,0,0,1,0,0
6867,72746158,980000,22-03-006,20220324,1600,,KY292,,,KY0292,KY0292,0,098 KY-292,KY0292,N,N,NULL,NULL,NULL,N,NULL,NULL,NULL,NULL,NULL,NULL,0.921,NULL,NULL,NULL,NULL,,NULL,0,0,2,2,N,N,45,NULL,98,9893,3.3,W,N,37.63837,-82.21834,N,NULL,NULL,NULL,NULL,NULL,NULL,NULL,NULL,7,3,2,6,1,1,2,2,7,3,N,NULL,Y,Y,1600,1617,,N,NULL,54,8,0,N,,N,N,098-KY-0292-0,NULL,NULL,2022,O,7.27E+11,098-KY-0292  -000,HIGH,098-KY-0292  -000,0.921,0,1,0,0,0,0,0,0,0,0,0,1,0,0
6868,72885228,980100,2.02E+11,20230410,1200,,COLLEGE,N,ST,,,0,098 CS-1108,CS1108,N,N,NULL,NULL,NULL,N,NULL,NULL,NULL,NULL,NULL,NULL,0.214,NULL,NULL,NULL,NULL,,NULL,0,0,2,2,Y,N,25,NULL,98,9801,NULL,,Y,37.47792,-82.51924,N,NULL,NULL,NULL,NULL,NULL,NULL,NULL,NULL,8,7,2,6,1,1,2,2,1,3,N,NULL,N,N,1200,1209,1209,N,NULL,47,,,N,,N,N,098-CS-1108-0,NULL,NULL,2023,O,7.29E+11,098-CS-1108  -000,HIGH,098-CS-1108  -000,0.213,0,0,0,0,0,0,0,0,0,0,0,0,0,1
6869,72851724,980100,2.02E+11,20230105,1535,,KY1460,,,KY1460,KY1460,0,098 KY-1460,KY1460,N,N,NULL,NULL,NULL,N,NULL,NULL,NULL,NULL,NULL,NULL,6.935,NULL,NULL,NULL,NULL,,NULL,0,0,2,2,N,N,35,NULL,98,9801,NULL,,Y,37.48458,-82.5438,N,NULL,NULL,NULL,NULL,NULL,NULL,NULL,NULL,1,3,2,1,1,1,2,2,1,3,N,NULL,Y,N,1535,1540,,N,NULL,55,16,0,N,,N,N,098-KY-1460-0,NULL,NULL,2023,O,7.29E+11,098-KY-1460  -000,HIGH,098-KY-1460  -000,6.92,0,0,0,0,0,0,1,1,0,0,0,0,0,1
6870,72956164,980000,23-10-003,20231006,1118,,US23,,,US0023,US0023,0,098 US-23-10,US0023,N,N,NULL,NULL,NULL,N,NULL,NULL,NULL,NULL,NULL,NULL,5.759,NULL,NULL,NULL,NULL,,NULL,0,0,1,1,N,N,55,NULL,98,9809,NULL,,Y,37.28756,-82.55486,N,NULL,NULL,NULL,NULL,NULL,NULL,NULL,NULL,9,3,4,4,1,1,2,2,7,3,N,NULL,Y,Y,1108,1204,1204,N,NULL,38,,1,N,,N,N,098-US-0023-10,NULL,NULL,2023,O,7.30E+11,098-US-0023  -010,HIGH,098-US-0023  -000,5.76,0,0,0,0,0,0,0,0,0,0,0,0,0,0
6871,72807472,980100,2.02E+11,20220920,1509,,CASSIDY,,BLVD,,,0,098 CS-1191,CS1191,Y,N,NULL,NULL,NULL,N,NULL,NULL,NULL,NULL,NULL,NULL,0.053,NULL,NULL,NULL,NULL,,NULL,0,0,2,2,N,N,15,NULL,98,9801,NULL,,Y,37.50368,-82.53301,N,NULL,NULL,NULL,NULL,NULL,NULL,NULL,NULL,2,97,1,6,1,1,2,2,1,3,N,NULL,Y,N,1509,1517,,N,NULL,90,,,N,,N,N,098-CS-1191-0,NULL,NULL,2022,O,7.28E+11,098-CS-1191  -000,HIGH,098-CS-1191  -000,0.053,0,0,0,0,0,0,1,0,0,0,0,0,0,1
6872,72945747,980100,2.02E+11,20230901,1820,,CASSIDY,,BLVD,,,0,098 CS-1191,CS1191,N,N,NULL,NULL,NULL,N,NULL,NULL,NULL,NULL,NULL,NULL,0.16,NULL,NULL,NULL,NULL,,NULL,0,0,2,2,N,N,35,NULL,98,9801,NULL,,Y,37.50369,-82.53465,N,NULL,NULL,NULL,NULL,NULL,NULL,NULL,NULL,4,3,4,6,1,1,2,2,1,3,N,NULL,Y,N,1820,1826,1851,N,NULL,70,,,Y,,N,N,098-CS-1191-0,NULL,NULL,2023,O,7.29E+11,098-CS-1191  -000,HIGH,098-CS-1191  -000,0.14,0,0,0,0,0,0,1,1,0,0,0,0,0,1
6873,72887037,980100,2.02E+11,20230413,1400,,US460,,,US0460,US0460,,,,N,N,NULL,NULL,NULL,N,NULL,NULL,NULL,NULL,NULL,NULL,0.249,NULL,NULL,NULL,NULL,,NULL,0,0,2,2,N,N,55,NULL,98,9801,NULL,,Y,37.43902,-82.50976,N,NULL,NULL,NULL,NULL,NULL,NULL,NULL,NULL,1,3,2,6,1,1,2,2,7,3,N,NULL,Y,N,1401,1410,1410,N,NULL,55,,1,N,,N,N,,NULL,NULL,2023,O,7.29E+11,098-US-0460  -000,HIGH,098-US-0460  -000,0.249,0,0,0,1,0,0,0,1,0,0,0,0,0,1
6874,72933426,KSP0900,23-357085,20230812,2210,,US119,,,US0119,US0119,0,098 US-119-10,US0119,N,N,NULL,NULL,NULL,N,NULL,NULL,NULL,NULL,NULL,NULL,23.891,NULL,NULL,NULL,NULL,,NULL,0,0,2,2,N,N,55,NULL,98,9834,NULL,,Y,37.6542,-82.26938,N,NULL,NULL,NULL,NULL,NULL,NULL,NULL,NULL,8,3,4,6,1,1,2,6,7,3,N,NULL,N,N,2210,2235,2235,N,NULL,53,2,1,N,,N,N,098-US-0119-10,NULL,NULL,2023,O,7.29E+11,098-US-0119  -010,HIGH,098-US-0119  -000,23.891,0,0,0,0,0,0,0,0,0,0,0,1,0,0
6875,72855828,980100,2.02E+11,20230117,1303,,ELM,N,ST,,,0,098 CS-1169,CS1169,N,N,NULL,NULL,NULL,N,NULL,NULL,NULL,NULL,NULL,NULL,0.094,NULL,NULL,NULL,NULL,,NULL,0,0,1,1,N,N,25,NULL,98,9801,NULL,,Y,37.47822,-82.52238,N,NULL,NULL,NULL,NULL,NULL,NULL,NULL,NULL,9,97,2,6,1,5,3,2,6,3,N,NULL,Y,N,1303,1305,1306,Y,NULL,40,,,N,,N,N,098-CS-1169-0,NULL,NULL,2023,O,7.29E+11,098-CS-1169  -000,HIGH,098-CS-1169  -000,0.094,0,0,0,1,0,0,0,0,0,0,0,1,0,1
6876,72907167,980100,2.02E+11,20230602,1352,,CASSIDY,,BLVD,,,0,098 CS-1191,CS1191,N,N,NULL,NULL,NULL,N,NULL,NULL,NULL,NULL,NULL,NULL,0.044,NULL,NULL,NULL,NULL,,NULL,0,0,2,2,N,N,25,NULL,98,9801,NULL,,Y,37.5037,-82.53288,N,NULL,NULL,NULL,NULL,NULL,NULL,NULL,NULL,5,3,2,6,1,1,2,2,1,3,N,NULL,Y,N,1352,1359,1359,N,NULL,49,,,N,,N,N,098-CS-1191-0,NULL,NULL,2023,O,7.29E+11,098-CS-1191  -000,HIGH,098-CS-1191  -000,0.042,0,0,0,1,0,0,0,0,0,0,0,0,0,1
6877,72930316,KSP0900,23-346831,20230803,1545,,FERRELLS CREEK,,RD,US0460,US0460,0,098 US-460,US0460,N,N,NULL,NULL,NULL,N,NULL,NULL,NULL,NULL,NULL,NULL,14.386,NULL,NULL,NULL,NULL,,NULL,0,0,2,2,N,N,55,NULL,98,9805,NULL,,Y,37.34217,-82.37427,N,NULL,NULL,NULL,NULL,NULL,NULL,NULL,NULL,5,3,2,6,1,5,6,2,7,3,N,NULL,Y,N,1600,1659,1659,N,NULL,49,,1,N,,N,N,098-US-0460-0,NULL,NULL,2023,O,7.29E+11,098-US-0460  -000,HIGH,098-US-0460  -000,14.365,0,0,0,0,0,0,1,0,0,0,0,0,0,0
6878,72896908,980100,2.02E+11,20230501,1353,,US119,,,US0119,US0119,0,098 US-119-10,US0119,N,N,NULL,NULL,NULL,N,NULL,NULL,NULL,NULL,NULL,NULL,2.686,NULL,NULL,NULL,NULL,,NULL,2,0,3,3,N,N,55,NULL,98,9801,NULL,,Y,37.51407,-82.48731,N,NULL,NULL,NULL,NULL,NULL,NULL,NULL,NULL,1,3,4,6,1,1,2,2,7,3,Y,NULL,Y,Y,1353,1359,1515,N,NULL,55,2,1,N,,N,N,098-US-0119-10,NULL,NULL,2023,C,7.29E+11,098-US-0119  -010,HIGH,098-US-0119  -000,2.683,0,0,0,0,0,0,0,0,0,0,0,0,0,1
6879,72906735,980100,2.02E+11,20230603,1415,,CASSIDY,,BLVD,,,0,098 CS-1191,CS1191,Y,N,NULL,NULL,NULL,N,NULL,NULL,NULL,NULL,NULL,NULL,0.415,NULL,NULL,NULL,NULL,,NULL,0,0,2,2,N,N,,NULL,98,9801,NULL,,Y,37.50462,-82.53889,N,NULL,NULL,NULL,NULL,NULL,NULL,NULL,NULL,1,97,,6,1,1,2,2,1,3,N,NULL,Y,N,1415,1421,1421,N,NULL,90,,,Y,,N,N,098-CS-1191-0,NULL,NULL,2023,O,7.29E+11,098-CS-1191  -000,HIGH,098-CS-1191  -000,0.42,0,0,1,1,0,0,1,0,0,0,0,0,0,1
6880,72935592,980100,2.02E+11,20230818,1129,,BAIRD,,AVE,KY1426,KY1426,0,098 KY-1426,KY1426,N,N,NULL,NULL,NULL,N,NULL,NULL,NULL,NULL,NULL,NULL,5.416,NULL,NULL,NULL,NULL,,NULL,0,0,2,2,N,N,25,NULL,98,9801,NULL,,Y,37.47298,-82.52699,N,NULL,NULL,NULL,NULL,NULL,NULL,NULL,NULL,1,3,3,6,1,1,2,2,7,3,N,NULL,Y,N,1119,1121,1123,N,NULL,55,,0,N,,N,N,098-KY-1426-0,NULL,NULL,2023,O,7.29E+11,098-KY-1426  -000,HIGH,098-KY-1426  -000,5.417,0,0,0,0,0,0,0,0,0,0,0,0,0,1
6881,72823303,980000,22-N-001,20221014,1745,,KY632,,,KY0632,KY0632,0,098 KY-632,KY0632,N,N,NULL,NULL,NULL,N,NULL,NULL,NULL,NULL,NULL,NULL,13.978,NULL,NULL,NULL,NULL,,NULL,0,0,2,2,N,N,35,NULL,98,9804,NULL,,Y,37.5143,-82.153,N,NULL,NULL,NULL,NULL,NULL,NULL,NULL,NULL,3,3,2,6,1,1,2,2,1,3,N,NULL,Y,Y,1745,1747,1815,N,NULL,52,6,0,N,,N,N,098-KY-0632-0,NULL,NULL,2022,O,7.28E+11,098-KY-0632  -000,HIGH,098-KY-0632  -000,13.978,0,0,0,1,0,0,0,1,0,0,0,1,0,0
6882,72825640,980100,2.02E+11,20221104,1259,,US460,,,US0460,US0460,0,098 US-460,US0460,Y,N,NULL,NULL,NULL,N,NULL,NULL,NULL,NULL,NULL,NULL,0.19,NULL,NULL,NULL,NULL,,NULL,0,0,2,2,N,N,,NULL,98,9801,NULL,,Y,37.43974,-82.50906,N,NULL,NULL,NULL,NULL,NULL,NULL,NULL,NULL,2,97,1,6,1,1,2,2,1,3,N,NULL,Y,N,1259,1312,,N,NULL,90,,1,N,,N,N,098-US-0460-0,NULL,NULL,2022,O,7.28E+11,098-US-0460  -000,HIGH,098-US-0460  -000,0.19,0,0,0,1,0,0,1,0,0,0,0,0,0,1
6883,72869367,KSP0900,23-70636,20230223,1553,,ELKHORN,,CRK,KY0197,KY0197,0,098 KY-197,KY0197,N,N,NULL,NULL,NULL,N,NULL,NULL,NULL,NULL,NULL,NULL,9.356,NULL,NULL,NULL,NULL,,NULL,0,0,2,2,Y,N,55,NULL,98,9802,NULL,,Y,37.26385,-82.43897,N,NULL,NULL,NULL,NULL,NULL,NULL,NULL,NULL,8,3,2,6,1,1,2,2,7,3,N,NULL,Y,N,1553,1600,1600,N,NULL,53,7,0,N,,N,N,098-KY-0197-0,NULL,NULL,2023,O,7.29E+11,098-KY-0197  -000,HIGH,098-KY-0197  -000,9.428,0,0,0,0,0,0,0,1,0,0,0,1,0,0
6884,72747120,KSP0900,22-121605,20220404,1044,,US23,,,US0023,US0023,0,098 US-23,US0023,N,N,NULL,NULL,NULL,N,NULL,NULL,NULL,NULL,NULL,NULL,2.94,NULL,NULL,NULL,NULL,,NULL,1,0,1,1,N,N,55,NULL,98,9827,NULL,,Y,37.27221,-82.59857,N,NULL,NULL,NULL,NULL,NULL,NULL,NULL,NULL,9,3,4,3,1,1,3,2,7,3,Y,NULL,Y,Y,1044,1049,1130,N,NULL,70,,1,N,,N,Y,098-US-0023-0,NULL,NULL,2022,C,7.27E+11,098-US-0023  -000,HIGH,098-US-0023  -000,2.94,0,0,0,0,0,0,1,0,0,0,0,1,0,0
6885,72884186,980100,2.02E+11,20230406,920,,KY3496,,,KY3496,KY3496,0,098 KY-3496,KY3496,N,N,NULL,NULL,NULL,N,NULL,NULL,NULL,NULL,NULL,NULL,0.917,NULL,NULL,NULL,NULL,,NULL,0,0,2,2,N,N,35,NULL,98,9801,NULL,,Y,37.47243,-82.52689,N,NULL,NULL,NULL,NULL,NULL,NULL,NULL,NULL,1,3,2,6,1,1,3,2,7,3,N,NULL,Y,N,920,931,932,N,NULL,55,16,0,N,,N,N,098-KY-3496-0,NULL,NULL,2023,O,7.29E+11,098-KY-3496  -000,HIGH,098-KY-3496  -000,0.946,0,0,0,0,0,0,1,0,0,0,0,0,0,1
6886,72890939,KSP0900,23-111545,20230324,850,,RIGHT FORK OF BRUSHY,,RD,,,0,098 CR-1360Q4,CR1360Q4,N,N,NULL,NULL,NULL,N,NULL,NULL,NULL,NULL,NULL,NULL,0.181,NULL,NULL,NULL,NULL,,NULL,0,0,2,2,N,N,35,NULL,98,9853,NULL,,Y,37.6619,-82.48071,N,NULL,NULL,NULL,NULL,NULL,NULL,NULL,NULL,3,3,1,3,1,5,6,2,7,3,N,NULL,Y,N,857,950,1000,N,NULL,52,,,N,,N,N,098-CR-1360Q4-0,NULL,NULL,2023,O,7.29E+11,098-CR-1360Q4-000,HIGH,098-CR-1360Q4-000,0.151,0,1,0,0,0,0,0,1,0,0,0,1,0,0
6887,72944981,980100,2.02E+11,20230906,1510,,CHAMPIONSHIP,,DR,,,0,098 CS-1186-80,CS1186,Y,N,NULL,NULL,NULL,N,NULL,NULL,NULL,NULL,NULL,NULL,0.018,NULL,NULL,NULL,NULL,,NULL,0,0,2,2,N,N,,NULL,98,9801,NULL,,Y,37.48741,-82.54217,N,NULL,NULL,NULL,NULL,NULL,NULL,NULL,NULL,5,97,,4,1,1,2,2,8,3,N,NULL,Y,N,1511,1511,1511,N,NULL,90,,,N,,N,N,098-CS-1186-80,NULL,NULL,2023,O,7.29E+11,098-CS-1186  -080,MEDIUM,098-CS-1186  -080,0,0,0,1,0,0,0,1,0,0,0,0,0,0,0
6888,72928905,980100,2.02E+11,20230724,1421,,BYPASS,N,RD,KY1460,KY1460,0,098 KY-1460,KY1460,N,N,NULL,NULL,NULL,N,NULL,NULL,NULL,NULL,NULL,NULL,5.549,NULL,NULL,NULL,NULL,,NULL,0,0,2,2,N,N,45,NULL,98,9801,NULL,,Y,37.48637,-82.52029,N,NULL,NULL,NULL,NULL,NULL,NULL,NULL,NULL,2,3,2,6,1,1,2,2,7,3,N,NULL,Y,N,1421,1432,1432,N,NULL,56,16,0,N,,N,N,098-KY-1460-0,NULL,NULL,2023,O,7.29E+11,098-KY-1460  -000,HIGH,098-KY-1460  -000,5.535,0,0,0,1,0,0,1,0,0,0,0,0,0,1