OBJECTID,MasterFile,AgencyORINumber,LocalCode,CollisionDate,CollisionTime,CollisionDayWeekCode,RoadwayName,RoadwayName_Direction_,RoadwayName_RoadwaySuffix_,RoadwayfromReport,CurrentRoadwayNumber,RoadwayNumberCoupletID,RSEUniqueGIS,RoadwayIdentifier,ParkingLotIndicator,IntersectionWith_Indicator_,IntersectionWith_NameRoadway_,IntersectionWith_Direction_,IntersectionWith_RoadwaySuffix_,BetweenStreets_Indicator_,BetweenStreets1_NameRoadway_,BetweenStreet1_Direction_,BetweenStreets1_RoadwaySuffix_,BetweenStreets2_NameRoadway_,BetweenStreets2_Direction_,BetweenStreets2_RoadwaySuffix_,Milepoint,ReportMilepointDeriveNumber,CurrentDerivedMiepointNumber,MilestoMilepoint,FeettoMilepoint,DirectionfromMilepoint_NSEW_,ValidMilepointIndicator,NumberInjured,NumberKilled,ofUnits,ofMotorVehicleUnits,Hit&RunIndicator,OneWayIndicator,SpeedLimitNumber,KilometersIndicator,CountyCode,CityCountyCode,MilesFromCity,DirectionFromCity_NSEW_,InCityLimitsIndicator,Latitude,Longitude,RampIndicator,RampFromIdentifier,RampFromDirCode,RampFromCoupletID,RSEUniqueGISRampFrom,RampToidentifier,RampToDirCode,RampToCoupletID,RSEUniqueGisRampTo,MannerofCollisionCode,LocationFirstEventCode,TotalLanes,RoadwayCharacterCode,RoadwaySurfaceCode,RoadwayConditionCode,WeatherCode,LightConditionCode,LandUseCode,SchoolBusRelatedCode,FirstAidSceneIndicator,CollDescPresentInd,InvestigationCompleteIndicator,PhotosTakenIndicator,TimeNotified,TimeArrived,TimeRoadwayOpened,PropertyDamageIndicator,DiagramPresentIndicator,DirectionalAnalysis,FunctionClassCode,NationalHwySysCode,EnforcementsIndicator,KARSCityCode,SecondaryCollisionIndicator,MedianCrossoverIndicator,RT_UNIQUE,MapIt,TimeLastLeft,YR,KABCO,MFNY,WorkingRID,RT_CONFIDENCE,KTC_RT,KTC_MP,Motorcyclist,Commercial Vehicle,Young Driver,Mature Driver,Pedestrian,Bicyclist,Distracted,Aggressive,Impaired,Unrestrained,Intersection,Roadway Departure,Median Cross-over,City Crash
6889,72902343,KSP0900,23-195086,20230523,900,,RIGHT FORK OF BRUSHY,,RD,,,0,098 CR-1360Q4,CR1360Q4,N,N,NULL,NULL,NULL,N,NULL,NULL,NULL,NULL,NULL,NULL,5.491,NULL,NULL,NULL,NULL,,NULL,1,0,2,2,N,N,20,NULL,98,9820,NULL,,Y,37.60546,-82.44646,N,NULL,NULL,NULL,NULL,NULL,NULL,NULL,NULL,7,3,1,3,1,1,2,2,7,3,N,NULL,Y,Y,1152,1152,1152,N,NULL,54,,,N,,N,N,098-CR-1360Q4-0,NULL,NULL,2023,C,7.29E+11,098-PR-1443  -000,HIGH,098-PR-1443  -000,0.354,0,0,0,0,0,0,0,0,0,0,0,1,0,0
6890,72902740,980100,2.02E+11,20230523,1305,,MAYO,S,TRL,,,0,098 CS-1016,CS1016,Y,N,NULL,NULL,NULL,N,NULL,NULL,NULL,NULL,NULL,NULL,,NULL,NULL,NULL,NULL,NULL,NULL,0,0,2,2,N,N,,NULL,98,9801,NULL,,Y,37.45305,-82.52142,N,NULL,NULL,NULL,NULL,NULL,NULL,NULL,NULL,2,97,1,6,1,1,2,2,1,3,N,NULL,Y,N,1305,1313,1313,N,NULL,90,,,N,,N,N,098-CS-1016-0,NULL,NULL,2023,O,7.29E+11,098-CS-1016  -000,HIGH,098-CS-1016  -000,0.044,0,0,0,1,0,0,1,0,0,0,0,0,0,1
6891,72847109,370200,2022458387,20221130,1337,,APPALACHIAN,,PLZ,,,0,098 PR-1008,PR1008,Y,N,NULL,NULL,NULL,N,NULL,NULL,NULL,NULL,NULL,NULL,0.06,NULL,NULL,NULL,NULL,,NULL,1,0,2,1,Y,N,,NULL,98,9834,NULL,,Y,37.66633,-82.27438,N,NULL,NULL,NULL,NULL,NULL,NULL,NULL,NULL,9,97,1,6,1,1,2,2,1,3,Y,NULL,N,N,1341,1358,1358,N,NULL,90,,,N,,N,N,098-PR-1008-0,NULL,NULL,2022,C,7.28E+11,098-PR-1008  -000,HIGH,098-PR-1008  -000,0.06,0,0,0,0,1,0,1,0,0,0,0,0,0,0
6892,72954362,980100,2.02E+11,20230926,903,,US23,,,US0023,US0023,,,,N,N,NULL,NULL,NULL,N,NULL,NULL,NULL,NULL,NULL,NULL,22.043,NULL,NULL,NULL,NULL,,NULL,0,0,2,2,N,N,55,NULL,98,9801,NULL,,Y,37.45793,-82.51745,N,NULL,NULL,NULL,NULL,NULL,NULL,NULL,NULL,8,3,4,6,1,1,2,2,7,3,N,NULL,Y,N,904,912,,N,NULL,53,,1,N,,N,N,,NULL,NULL,2023,O,7.30E+11,098-US-0023  -000,MEDIUM,098-US-0023  -000,21.976,0,0,0,0,0,0,0,1,0,0,0,1,0,1
6893,72925935,KSP0900,23-336175,20230724,1635,,GRAPEVINE,,RD,KY0194,KY0194,0,098 KY-194,KY0194,N,N,NULL,NULL,NULL,N,NULL,NULL,NULL,NULL,NULL,NULL,35.996,NULL,NULL,NULL,NULL,,NULL,0,0,1,1,N,N,45,NULL,98,9849,NULL,,Y,37.45396,-82.28897,N,NULL,NULL,NULL,NULL,NULL,NULL,NULL,NULL,9,3,2,6,1,1,2,2,6,3,N,NULL,N,N,1635,1655,1730,N,NULL,70,7,0,N,,N,N,098-KY-0194-0,NULL,NULL,2023,O,7.29E+11,098-KY-0194  -000,HIGH,098-KY-0194  -000,36.07,0,0,1,0,0,0,1,0,0,0,0,1,0,0
6894,72990647,KSP0900,23-503453,20231227,540,,ISLAND CREEK,,RD,KY1426,KY1426,,,,N,N,NULL,NULL,NULL,N,NULL,NULL,NULL,NULL,NULL,NULL,2.381,NULL,NULL,NULL,NULL,,NULL,0,0,1,1,N,N,45,NULL,98,9801,5,S,N,37.45861,-82.55379,N,NULL,NULL,NULL,NULL,NULL,NULL,NULL,NULL,9,3,2,6,1,5,6,4,7,3,N,NULL,Y,N,553,630,635,N,NULL,40,8,0,N,,N,N,,NULL,NULL,2023,O,7.30E+11,098-KY-1426  -000,HIGH,098-KY-1426  -000,2.384,0,0,0,0,0,0,0,0,0,0,0,1,0,1
6895,72888832,KSP0900,23-148455,20230419,815,,US23 CONNECTOR TO KY122,,,US0023,US0023,0,098 US-23-70,US0023,N,N,NULL,NULL,NULL,N,NULL,NULL,NULL,NULL,NULL,NULL,0.008,NULL,NULL,NULL,NULL,,NULL,0,0,2,2,N,N,55,NULL,98,9824,NULL,,Y,37.38915,-82.53645,N,NULL,NULL,NULL,NULL,NULL,NULL,NULL,NULL,5,3,4,2,1,1,2,2,7,3,N,NULL,Y,N,818,848,848,N,NULL,49,,1,N,,N,N,098-US-0023-70,NULL,NULL,2023,O,7.29E+11,098-US-0023  -070,HIGH,098-US-0023  -070,0.006,0,0,0,0,0,0,1,0,0,0,0,0,0,0
6896,72884318,KSP0900,23-131510,20230407,721,,KY1426,,,KY1426,KY1426,0,098 KY-1426,KY1426,N,N,NULL,NULL,NULL,N,NULL,NULL,NULL,NULL,NULL,NULL,13.494,NULL,NULL,NULL,NULL,,NULL,0,0,1,1,N,N,55,NULL,98,9828,NULL,,Y,37.55219,-82.45718,N,NULL,NULL,NULL,NULL,NULL,NULL,NULL,NULL,9,3,2,3,1,5,6,2,7,3,N,NULL,Y,N,725,805,830,N,NULL,44,7,0,N,,N,N,098-KY-1426-0,NULL,NULL,2023,O,7.29E+11,098-KY-1426  -000,HIGH,098-KY-1426  -000,13.49,0,0,1,0,0,0,0,0,0,0,0,1,0,0
6897,72987183,980500,2023AR065,20231215,1634,,US 23 SOUTH,,,,,,,,N,N,NULL,NULL,NULL,N,NULL,NULL,NULL,NULL,NULL,NULL,,NULL,NULL,NULL,NULL,NULL,NULL,0,0,2,2,Y,N,45,NULL,98,9807,NULL,,Y,37.54019,-82.58192,N,NULL,NULL,NULL,NULL,NULL,NULL,NULL,NULL,1,3,4,6,1,1,2,2,7,3,N,NULL,Y,Y,1634,1640,1640,N,NULL,55,,,N,,N,N,,NULL,NULL,2023,O,7.30E+11,098-US-0023  -000,MEDIUM,098-US-0023  -000,30.237,0,0,0,0,0,0,1,0,0,0,0,0,0,1
6898,72887038,980100,2.02E+11,20230414,1918,,OWSLEY,,RD,KY1384,KY1384,0,098 KY-1384,KY1384,N,N,NULL,NULL,NULL,N,NULL,NULL,NULL,NULL,NULL,NULL,6.188,NULL,NULL,NULL,NULL,,NULL,0,0,2,2,N,N,35,NULL,98,9801,NULL,,Y,37.47605,-82.55287,N,NULL,NULL,NULL,NULL,NULL,NULL,NULL,NULL,5,3,2,6,1,5,6,2,6,3,N,NULL,Y,N,1918,1922,1922,N,NULL,49,17,0,N,,N,N,098-KY-1384-0,NULL,NULL,2023,O,7.29E+11,098-KY-1384  -000,HIGH,098-KY-1384  -000,6.189,0,0,0,0,0,0,0,0,0,0,0,0,0,1
6899,72808574,KSP0900,22-369455,20220923,1635,,KY1506,,,KY1506,KY1506,0,098 KY-1506,KY1506,N,N,NULL,NULL,NULL,N,NULL,NULL,NULL,NULL,NULL,NULL,0.083,NULL,NULL,NULL,NULL,,NULL,0,0,2,2,N,N,35,NULL,98,9834,NULL,,Y,37.66903,-82.27658,N,NULL,NULL,NULL,NULL,NULL,NULL,NULL,NULL,5,3,2,6,1,1,2,2,7,3,N,NULL,Y,N,1637,1642,1642,N,NULL,49,9,0,N,,N,N,098-KY-1506-0,NULL,NULL,2022,O,7.28E+11,098-KY-1506  -000,HIGH,098-KY-1506  -000,0.083,0,0,0,0,0,0,1,0,0,0,0,0,0,0
6900,72943511,980100,2.02E+11,20230829,1838,,HAMBLEY,,BLVD,,,0,098 CS-1222,CS1222,Y,N,NULL,NULL,NULL,N,NULL,NULL,NULL,NULL,NULL,NULL,0.465,NULL,NULL,NULL,NULL,,NULL,0,0,2,2,Y,N,15,NULL,98,9801,NULL,,Y,37.47802,-82.52074,N,NULL,NULL,NULL,NULL,NULL,NULL,NULL,NULL,8,7,2,4,2,1,2,2,1,3,N,NULL,N,N,1838,1847,1855,N,NULL,90,,,N,,N,N,098-CS-1222-0,NULL,NULL,2023,O,7.29E+11,098-CS-1222  -000,HIGH,098-CS-1222  -000,0.466,0,0,0,0,0,0,1,0,0,0,0,0,0,1
6901,72934900,KSP0900,23-356138,20230812,0,,KY194,E,,KY0194,KY0194,0,098 KY-194,KY0194,N,N,NULL,NULL,NULL,N,NULL,NULL,NULL,NULL,NULL,NULL,67.033,NULL,NULL,NULL,NULL,,NULL,0,0,1,1,N,N,35,NULL,98,9811,NULL,,Y,37.51896,-82.09541,N,NULL,NULL,NULL,NULL,NULL,NULL,NULL,NULL,9,3,2,3,1,1,2,6,7,3,N,NULL,N,N,158,244,308,N,NULL,44,7,0,N,,N,N,098-KY-0194-0,NULL,NULL,2023,O,7.29E+11,098-KY-0194  -000,HIGH,098-KY-0194  -000,67.045,0,0,0,0,0,0,0,0,0,0,0,1,0,0
6902,72796640,980100,2.02E+11,20220822,1633,,CASSIDY,,BLVD,,,0,098 CS-1191,CS1191,Y,N,NULL,NULL,NULL,N,NULL,NULL,NULL,NULL,NULL,NULL,0.306,NULL,NULL,NULL,NULL,,NULL,0,0,2,2,N,N,15,NULL,98,9801,NULL,,Y,37.50504,-82.53692,N,NULL,NULL,NULL,NULL,NULL,NULL,NULL,NULL,2,97,1,6,1,1,2,2,1,3,N,NULL,Y,N,1633,1647,1647,N,NULL,90,,,N,,N,N,098-CS-1191-0,NULL,NULL,2022,O,7.28E+11,098-CS-1191  -000,HIGH,098-CS-1191  -000,0.306,0,0,0,0,0,0,1,0,0,0,0,0,0,1
6903,72854067,KSP0900,23-16819,20230113,1759,,KY194,,,KY0194,KY0194,0,098 KY-194,KY0194,N,N,NULL,NULL,NULL,N,NULL,NULL,NULL,NULL,NULL,NULL,18.4,NULL,NULL,NULL,NULL,,NULL,1,0,1,1,N,N,55,NULL,98,9820,NULL,,Y,37.55871,-82.42167,N,NULL,NULL,NULL,NULL,NULL,NULL,NULL,NULL,9,4,2,1,1,5,9,6,7,3,Y,NULL,Y,Y,1812,1822,1900,N,NULL,51,6,5,N,,N,N,098-KY-0194-0,NULL,NULL,2023,C,7.29E+11,098-KY-0194  -000,HIGH,098-KY-0194  -000,18.423,0,0,0,0,0,0,0,0,0,0,0,1,0,0
6904,72811939,KSP0900,22-380532,20221001,2230,,US119,,,US0119,US0119,0,098 US-119,US0119,N,N,NULL,NULL,NULL,N,NULL,NULL,NULL,NULL,NULL,NULL,23.547,NULL,NULL,NULL,NULL,,NULL,0,0,2,2,N,N,55,NULL,98,9836,NULL,,Y,37.6494,-82.26762,N,NULL,NULL,NULL,NULL,NULL,NULL,NULL,NULL,2,7,2,6,1,5,3,5,1,3,N,NULL,N,N,2230,2230,2230,N,NULL,47,2,1,N,,N,N,098-US-0119-0,NULL,NULL,2022,O,7.28E+11,098-US-0119  -000,HIGH,098-US-0119  -000,23.547,0,0,1,0,0,0,1,0,0,0,0,0,0,0
6905,72963672,980100,2.02E+11,20231005,1527,,CASSIDY,,BLVD,,,0,098 CS-1191,CS1191,N,N,NULL,NULL,NULL,N,NULL,NULL,NULL,NULL,NULL,NULL,0.289,NULL,NULL,NULL,NULL,,NULL,0,0,2,2,N,N,15,NULL,98,9801,NULL,,Y,37.50497,-82.53661,N,NULL,NULL,NULL,NULL,NULL,NULL,NULL,NULL,7,97,2,6,1,1,2,2,1,3,N,NULL,Y,N,1517,1527,1527,N,NULL,54,,,N,,N,N,098-CS-1191-0,NULL,NULL,2023,O,7.30E+11,098-CS-1191  -000,HIGH,098-CS-1191  -000,0.28,0,0,0,1,0,0,0,0,0,0,0,1,0,1
6906,72871216,KSP0900,23-74518,20230226,1301,,JOES,,CRK,KY3227,KY3227,0,098 KY-3227,KY3227,N,N,NULL,NULL,NULL,N,NULL,NULL,NULL,NULL,NULL,NULL,8.035,NULL,NULL,NULL,NULL,,NULL,0,0,2,2,N,N,55,NULL,98,9887,NULL,,Y,37.59686,-82.50507,N,NULL,NULL,NULL,NULL,NULL,NULL,NULL,NULL,1,3,2,4,1,1,2,2,7,3,N,NULL,N,N,1233,1256,1233,N,NULL,55,8,0,N,,N,N,098-KY-3227-0,NULL,NULL,2023,O,7.29E+11,098-KY-3227  -000,HIGH,098-KY-3227  -000,8.035,0,0,0,1,0,0,1,0,0,0,0,0,0,0
6907,72978118,KSP0900,23-441665,20231031,740,,US460,,,US0460,US0460,0,098 US-460,US0460,N,N,NULL,NULL,NULL,N,NULL,NULL,NULL,NULL,NULL,NULL,3.056,NULL,NULL,NULL,NULL,,NULL,0,0,1,1,N,N,55,NULL,98,9824,NULL,,Y,37.42813,-82.47533,N,NULL,NULL,NULL,NULL,NULL,NULL,NULL,NULL,9,3,2,6,1,1,3,2,7,3,N,NULL,Y,N,830,935,935,N,NULL,38,,1,N,,N,N,098-US-0460-0,NULL,NULL,2023,O,7.30E+11,098-US-0460  -000,HIGH,098-US-0460  -000,3.056,0,0,0,0,0,0,0,0,0,0,0,0,0,0
6908,72907028,KSP0900,23-211005,20230603,1625,,KY2062,,,KY2062,KY2062,0,098 KY-2062,KY2062,N,N,NULL,NULL,NULL,N,NULL,NULL,NULL,NULL,NULL,NULL,1.623,NULL,NULL,NULL,NULL,,NULL,0,0,1,1,N,N,55,NULL,98,9825,NULL,,Y,37.51109,-82.11655,N,NULL,NULL,NULL,NULL,NULL,NULL,NULL,NULL,9,3,2,1,1,5,6,2,7,3,N,NULL,Y,N,1625,1628,1628,N,NULL,70,8,0,N,,N,N,098-KY-2062-0,NULL,NULL,2023,O,7.29E+11,098-KY-2062  -000,HIGH,098-KY-2062  -000,1.632,0,1,0,0,0,0,0,0,0,0,0,0,0,0
6909,72937024,370200,2023-366883,20230822,626,,LEFT FORK ISLAND,,CRK,,,0,098 CR-1233Q3,CR1233Q3,N,N,NULL,NULL,NULL,N,NULL,NULL,NULL,NULL,NULL,NULL,2.148,NULL,NULL,NULL,NULL,,NULL,0,0,1,1,N,Y,35,NULL,98,9801,3,E,N,37.42947,-82.58962,N,NULL,NULL,NULL,NULL,NULL,NULL,NULL,NULL,9,5,1,3,1,1,2,6,7,3,N,NULL,Y,N,629,650,830,N,NULL,44,,,N,,N,N,098-CR-1233Q3-0,NULL,NULL,2023,O,7.29E+11,098-CR-1233Q3-000,HIGH,098-CR-1233Q3-000,2.149,0,1,0,1,0,0,0,0,0,0,0,1,0,0
6910,72975917,KSP0900,23-455066,20231111,1815,,MALL,,RD,,,0,098 CR-1037,CR1037,N,N,NULL,NULL,NULL,N,NULL,NULL,NULL,NULL,NULL,NULL,0.086,NULL,NULL,NULL,NULL,,NULL,0,0,2,2,N,N,25,NULL,98,9812,NULL,,Y,37.65234,-82.26962,N,NULL,NULL,NULL,NULL,NULL,NULL,NULL,NULL,7,3,2,6,1,1,2,7,7,3,N,NULL,N,N,1815,1820,1825,N,NULL,54,,,N,,N,N,098-CR-1037-0,NULL,NULL,2023,O,7.30E+11,098-CR-1037  -000,HIGH,098-CR-1037  -000,0.087,0,0,1,1,0,0,1,0,0,0,0,1,0,0
6911,72903283,980100,2.02E+11,20230517,1716,,US23,,,US0023,US0023,0,098 US-23,US0023,N,N,NULL,NULL,NULL,N,NULL,NULL,NULL,NULL,NULL,NULL,26.175,NULL,NULL,NULL,NULL,,NULL,1,0,2,2,N,N,55,NULL,98,9801,NULL,,Y,37.50212,-82.53192,N,NULL,NULL,NULL,NULL,NULL,NULL,NULL,NULL,5,3,4,6,1,1,2,2,7,3,N,NULL,Y,Y,1716,1725,1717,N,NULL,49,,1,N,,N,N,098-US-0023-0,NULL,NULL,2023,C,7.29E+11,098-US-0023  -000,HIGH,098-US-0023  -000,26.113,0,0,0,0,0,0,1,0,0,0,0,0,0,1
6912,72807866,980100,2.02E+11,20220911,1725,,US23,,,US0023,US0023,0,098 US-23-10,US0023,N,N,NULL,NULL,NULL,N,NULL,NULL,NULL,NULL,NULL,NULL,29.636,NULL,NULL,NULL,NULL,,NULL,0,0,2,2,N,N,55,NULL,98,9801,NULL,,Y,37.53198,-82.57734,N,NULL,NULL,NULL,NULL,NULL,NULL,NULL,NULL,5,3,4,6,1,5,97,2,6,3,N,NULL,Y,N,1725,1737,1803,N,NULL,49,,1,Y,,N,N,098-US-0023-10,NULL,NULL,2022,O,7.28E+11,098-US-0023  -010,HIGH,098-US-0023  -000,29.636,0,0,1,0,0,0,1,0,0,0,0,0,0,1
6913,72766318,980100,2.02E+11,20220526,1930,,CASSIDY,,BLVD,,,0,098 CS-1191,CS1191,Y,N,NULL,NULL,NULL,N,NULL,NULL,NULL,NULL,NULL,NULL,0.357,NULL,NULL,NULL,NULL,,NULL,0,0,2,2,N,N,,NULL,98,9801,NULL,,Y,37.50512,-82.538,N,NULL,NULL,NULL,NULL,NULL,NULL,NULL,NULL,1,97,,6,1,5,6,3,1,3,N,NULL,Y,N,1930,1938,,N,NULL,90,,,N,,N,N,098-CS-1191-0,NULL,NULL,2022,O,7.28E+11,098-CS-1191  -000,HIGH,098-CS-1191  -000,0.357,0,0,0,0,0,0,0,1,0,0,0,0,0,1
6914,72936193,980100,2.02E+11,20230820,1235,,PHYLLIS,,LN,,,0,098 CS-1090,CS1090,Y,N,NULL,NULL,NULL,N,NULL,NULL,NULL,NULL,NULL,NULL,0.028,NULL,NULL,NULL,NULL,,NULL,0,0,2,2,N,N,,NULL,98,9801,NULL,,Y,37.48695,-82.52487,N,NULL,NULL,NULL,NULL,NULL,NULL,NULL,NULL,7,97,,6,1,1,2,2,6,3,N,NULL,Y,N,1235,1240,1240,N,NULL,90,,,N,,N,N,098-CS-1090-0,NULL,NULL,2023,O,7.29E+11,098-CS-1090  -000,HIGH,098-CS-1090  -000,0.025,0,0,0,0,0,0,1,0,0,0,0,0,0,1
6915,72972694,KSP0900,23-457686,20231113,2217,,FERRELLS CREEK,,RD,US0460,US0460,0,098 US-460,US0460,N,N,NULL,NULL,NULL,N,NULL,NULL,NULL,NULL,NULL,NULL,20.066,NULL,NULL,NULL,NULL,,NULL,0,0,1,1,N,N,55,NULL,98,9847,NULL,,Y,37.37521,-82.29341,N,NULL,NULL,NULL,NULL,NULL,NULL,NULL,NULL,9,3,2,5,1,1,2,6,7,3,N,NULL,N,N,2221,2233,2300,N,NULL,38,,1,N,,N,N,098-US-0460-0,NULL,NULL,2023,O,7.30E+11,098-US-0460  -000,HIGH,098-US-0460  -000,20.045,0,0,1,0,0,0,0,0,0,0,0,0,0,0
6916,72966512,KSP0900,23-430135,20231020,1215,,PERRY STANLEY,,RD,,,0,098 CR-1074,CR1074,N,N,NULL,NULL,NULL,N,NULL,NULL,NULL,NULL,NULL,NULL,0.089,NULL,NULL,NULL,NULL,,NULL,0,0,1,1,N,N,35,NULL,98,9842,NULL,,Y,37.62775,-82.25063,N,NULL,NULL,NULL,NULL,NULL,NULL,NULL,NULL,9,3,2,6,1,5,6,2,7,3,N,NULL,N,N,1215,1240,1315,N,NULL,40,,,N,,N,N,098-CR-1074-0,NULL,NULL,2023,O,7.30E+11,098-CR-1074  -000,HIGH,098-CR-1074  -000,0.039,0,0,0,1,0,0,1,1,0,0,0,1,0,0
6917,72847032,KSP0900,22-484558,20221220,1351,,US23,,,US0023,US0023,0,098 US-23,US0023,N,N,NULL,NULL,NULL,N,NULL,NULL,NULL,NULL,NULL,NULL,31.837,NULL,NULL,NULL,NULL,,NULL,0,0,2,2,N,N,55,NULL,98,9801,NULL,,Y,37.53746,-82.60585,N,NULL,NULL,NULL,NULL,NULL,NULL,NULL,NULL,5,7,4,6,1,1,2,2,7,3,N,NULL,Y,N,1311,1351,1351,N,NULL,47,,1,N,,N,N,098-US-0023-0,NULL,NULL,2022,O,7.28E+11,098-US-0023  -000,HIGH,098-US-0023  -000,31.837,0,0,0,1,0,0,1,0,0,0,0,0,0,1
6918,72903642,980100,2.02E+11,20230525,15,,KY1460 TURN LANE,,,KY1460,KY1460,0,098 KY-1460-23,KY1460,N,N,NULL,NULL,NULL,N,NULL,NULL,NULL,NULL,NULL,NULL,0.011,NULL,NULL,NULL,NULL,,NULL,0,0,1,1,N,N,45,NULL,98,9801,NULL,,Y,37.4776,-82.51612,N,NULL,NULL,NULL,NULL,NULL,NULL,NULL,NULL,9,6,2,3,1,1,2,5,7,3,N,NULL,Y,N,15,19,19,N,NULL,51,,0,N,,N,N,098-KY-1460-23,NULL,NULL,2023,O,7.29E+11,098-KY-1460  -023,HIGH,098-KY-1460  -023,0.01,0,0,0,0,0,0,1,0,0,0,0,1,0,1
6919,72825394,980100,2.02E+11,20221031,1143,,BAIRD,,AVE,KY1426,KY1426,,,,Y,N,NULL,NULL,NULL,N,NULL,NULL,NULL,NULL,NULL,NULL,5.392,NULL,NULL,NULL,NULL,,NULL,0,0,2,2,N,N,55,NULL,98,9801,NULL,,Y,37.47322,-82.52711,N,NULL,NULL,NULL,NULL,NULL,NULL,NULL,NULL,5,97,2,6,1,5,3,2,5,3,N,NULL,Y,N,1143,1150,1150,N,NULL,90,,0,N,,N,N,,NULL,NULL,2022,O,7.28E+11,098-KY-1426  -000,HIGH,098-KY-1426  -000,5.392,0,0,1,0,0,0,0,0,0,0,0,0,0,1
6920,72959306,KSP0900,23-423362,20231013,1700,,TOLLAGE,,CRK,,,0,098 CR-1492,CR1492,Y,N,NULL,NULL,NULL,N,NULL,NULL,NULL,NULL,NULL,NULL,0.108,NULL,NULL,NULL,NULL,,NULL,0,0,1,1,N,N,15,NULL,98,9807,NULL,,Y,37.51107,-82.53817,N,NULL,NULL,NULL,NULL,NULL,NULL,NULL,NULL,9,97,1,6,1,1,2,2,5,3,N,NULL,Y,N,1700,1705,1705,Y,NULL,90,,,N,,N,N,098-CR-1492-0,NULL,NULL,2023,O,7.30E+11,098-CS-3029  -000,HIGH,098-CS-3029  -000,0.107,0,1,0,0,0,0,0,0,0,0,0,1,0,0
6921,72890856,KSP0900,23-154186,20230423,2058,,COWPEN,,RD,KY2061,KY2061,0,098 KY-2061,KY2061,N,N,NULL,NULL,NULL,N,NULL,NULL,NULL,NULL,NULL,NULL,0.294,NULL,NULL,NULL,NULL,,NULL,0,0,1,1,N,N,55,NULL,98,9807,NULL,,Y,37.53267,-82.57199,N,NULL,NULL,NULL,NULL,NULL,NULL,NULL,NULL,9,3,2,6,1,1,2,6,7,3,N,NULL,Y,N,2103,2123,,N,NULL,38,,0,N,,N,N,098-KY-2061-0,NULL,NULL,2023,O,7.29E+11,098-KY-2061  -000,HIGH,098-KY-2061  -000,0.29,0,0,1,0,0,0,0,0,0,0,0,0,0,0
6922,72967852,KSP0900,23-441651,20231031,715,,KY194,,,KY0194,KY0194,0,098 KY-194,KY0194,N,N,NULL,NULL,NULL,N,NULL,NULL,NULL,NULL,NULL,NULL,24.327,NULL,NULL,NULL,NULL,,NULL,0,0,2,2,N,N,55,NULL,98,9817,NULL,,Y,37.52462,-82.36594,N,NULL,NULL,NULL,NULL,NULL,NULL,NULL,NULL,8,3,2,3,1,5,6,1,7,3,N,NULL,N,N,715,718,745,N,NULL,53,6,0,N,,N,N,098-KY-0194-0,NULL,NULL,2023,O,7.30E+11,098-KY-0194  -000,HIGH,098-KY-0194  -000,24.313,0,0,0,0,0,0,0,0,0,0,0,1,0,0
6923,72963088,KSP0900,23-434174,20231024,55,,CHLOE,,RD,KY1460,KY1460,0,098 KY-1460,KY1460,N,N,NULL,NULL,NULL,N,NULL,NULL,NULL,NULL,NULL,NULL,1.077,NULL,NULL,NULL,NULL,,NULL,1,0,1,1,N,N,45,NULL,98,9854,NULL,,Y,37.44615,-82.47957,N,NULL,NULL,NULL,NULL,NULL,NULL,NULL,NULL,9,3,2,6,1,1,2,6,7,3,N,NULL,N,N,55,116,130,Y,NULL,40,,0,N,,N,N,098-KY-1460-0,NULL,NULL,2023,C,7.30E+11,098-KY-1460  -000,HIGH,098-KY-1460  -000,1.064,0,0,0,0,0,0,0,0,0,0,0,1,0,0
6924,72976169,KSP0900,23-415777,20231006,1509,,KY194,,,KY0194,KY0194,0,098 KY-194,KY0194,N,N,NULL,NULL,NULL,N,NULL,NULL,NULL,NULL,NULL,NULL,26.069,NULL,NULL,NULL,NULL,,NULL,2,0,2,2,N,N,55,NULL,98,9817,NULL,,Y,37.50249,-82.35824,N,NULL,NULL,NULL,NULL,NULL,NULL,NULL,NULL,1,3,2,3,1,5,6,2,7,3,Y,NULL,N,Y,1509,1626,1626,N,NULL,55,6,0,N,,N,N,098-KY-0194-0,NULL,NULL,2023,B,7.30E+11,098-KY-0194  -000,HIGH,098-KY-0194  -000,26.072,0,0,0,1,0,0,0,0,0,0,0,0,0,0
6925,72926822,KSP0900,23-338392,20230726,1740,,ALLEGHENY,,RD,,,0,098 CR-1200Q3,CR1200Q3,N,N,NULL,NULL,NULL,N,NULL,NULL,NULL,NULL,NULL,NULL,0.509,NULL,NULL,NULL,NULL,,NULL,0,0,2,2,N,N,35,NULL,98,9835,NULL,,Y,37.28506,-82.4723,N,NULL,NULL,NULL,NULL,NULL,NULL,NULL,NULL,7,3,1,6,1,1,2,2,7,3,N,NULL,Y,N,1855,1916,1916,N,NULL,54,,,N,,N,N,098-CR-1200Q3-0,NULL,NULL,2023,O,7.29E+11,098-CR-1200Q3-000,HIGH,098-CR-1200Q3-000,0.508,0,0,0,0,0,0,0,0,0,0,0,1,0,0