OBJECTID,MasterFile,AgencyORINumber,LocalCode,CollisionDate,CollisionTime,CollisionDayWeekCode,RoadwayName,RoadwayName_Direction_,RoadwayName_RoadwaySuffix_,RoadwayfromReport,CurrentRoadwayNumber,RoadwayNumberCoupletID,RSEUniqueGIS,RoadwayIdentifier,ParkingLotIndicator,IntersectionWith_Indicator_,IntersectionWith_NameRoadway_,IntersectionWith_Direction_,IntersectionWith_RoadwaySuffix_,BetweenStreets_Indicator_,BetweenStreets1_NameRoadway_,BetweenStreet1_Direction_,BetweenStreets1_RoadwaySuffix_,BetweenStreets2_NameRoadway_,BetweenStreets2_Direction_,BetweenStreets2_RoadwaySuffix_,Milepoint,ReportMilepointDeriveNumber,CurrentDerivedMiepointNumber,MilestoMilepoint,FeettoMilepoint,DirectionfromMilepoint_NSEW_,ValidMilepointIndicator,NumberInjured,NumberKilled,ofUnits,ofMotorVehicleUnits,Hit&RunIndicator,OneWayIndicator,SpeedLimitNumber,KilometersIndicator,CountyCode,CityCountyCode,MilesFromCity,DirectionFromCity_NSEW_,InCityLimitsIndicator,Latitude,Longitude,RampIndicator,RampFromIdentifier,RampFromDirCode,RampFromCoupletID,RSEUniqueGISRampFrom,RampToidentifier,RampToDirCode,RampToCoupletID,RSEUniqueGisRampTo,MannerofCollisionCode,LocationFirstEventCode,TotalLanes,RoadwayCharacterCode,RoadwaySurfaceCode,RoadwayConditionCode,WeatherCode,LightConditionCode,LandUseCode,SchoolBusRelatedCode,FirstAidSceneIndicator,CollDescPresentInd,InvestigationCompleteIndicator,PhotosTakenIndicator,TimeNotified,TimeArrived,TimeRoadwayOpened,PropertyDamageIndicator,DiagramPresentIndicator,DirectionalAnalysis,FunctionClassCode,NationalHwySysCode,EnforcementsIndicator,KARSCityCode,SecondaryCollisionIndicator,MedianCrossoverIndicator,RT_UNIQUE,MapIt,TimeLastLeft,YR,KABCO,MFNY,WorkingRID,RT_CONFIDENCE,KTC_RT,KTC_MP,Motorcyclist,Commercial Vehicle,Young Driver,Mature Driver,Pedestrian,Bicyclist,Distracted,Aggressive,Impaired,Unrestrained,Intersection,Roadway Departure,Median Cross-over,City Crash
6926,72914564,KSP0900,23-237626,20230623,8,,KY122,,,KY0122,KY0122,0,098 KY-122,KY0122,N,N,NULL,NULL,NULL,N,NULL,NULL,NULL,NULL,NULL,NULL,7.285,NULL,NULL,NULL,NULL,,NULL,1,0,1,1,N,N,55,NULL,98,9823,NULL,,Y,37.37469,-82.58584,N,NULL,NULL,NULL,NULL,NULL,NULL,NULL,NULL,9,3,2,3,1,5,3,6,7,3,N,NULL,Y,Y,10,20,140,N,NULL,44,,0,N,,N,N,098-KY-0122-0,NULL,NULL,2023,C,7.29E+11,098-KY-0122  -000,HIGH,098-KY-0122  -000,7.29,0,0,0,0,0,0,0,0,0,0,0,1,0,0
6927,72959832,980100,2.02E+11,20231016,1502,,KY1426,,,KY1426,KY1426,0,098 KY-1426,KY1426,N,N,NULL,NULL,NULL,N,NULL,NULL,NULL,NULL,NULL,NULL,8.127,NULL,NULL,NULL,NULL,,NULL,0,0,1,1,N,N,35,NULL,98,9801,NULL,,Y,37.493,-82.49097,N,NULL,NULL,NULL,NULL,NULL,NULL,NULL,NULL,9,3,2,1,1,5,3,2,7,3,N,NULL,Y,N,1502,1508,1530,Y,NULL,40,,0,N,,N,N,098-KY-1426-0,NULL,NULL,2023,O,7.30E+11,098-KY-1426  -000,HIGH,098-KY-1426  -000,8.136,0,0,0,0,0,0,0,0,0,0,0,1,0,1
6928,72956202,KSP0900,23-417036,20231007,1850,,KY611,,,KY0611,KY0611,0,098 KY-611,KY0611,N,N,NULL,NULL,NULL,N,NULL,NULL,NULL,NULL,NULL,NULL,3.585,NULL,NULL,NULL,NULL,,NULL,1,0,1,1,N,N,55,NULL,98,9806,NULL,,Y,37.31805,-82.50928,N,NULL,NULL,NULL,NULL,NULL,NULL,NULL,NULL,9,3,2,1,1,1,2,2,7,3,Y,NULL,Y,Y,1854,1901,2000,N,NULL,44,8,0,N,,N,N,098-KY-0611-0,NULL,NULL,2023,B,7.30E+11,098-KY-0611  -000,HIGH,098-KY-0611  -000,3.562,0,0,0,0,0,0,0,0,0,0,0,1,0,0
6929,72961769,KSP0900,23-428317,20231018,1624,,KY194,,,KY0194,KY0194,0,098 KY-194,KY0194,N,N,NULL,NULL,NULL,N,NULL,NULL,NULL,NULL,NULL,NULL,71.444,NULL,NULL,NULL,NULL,,NULL,1,0,2,2,N,N,35,NULL,98,9825,NULL,,Y,37.48212,-82.0536,N,NULL,NULL,NULL,NULL,NULL,NULL,NULL,NULL,1,3,2,6,1,1,2,2,7,3,Y,NULL,Y,Y,1630,1701,1750,N,NULL,55,7,0,N,,N,N,098-KY-0194-0,NULL,NULL,2023,A,7.30E+11,098-KY-0194  -000,HIGH,098-KY-0194  -000,71.43,0,0,0,0,0,0,1,0,0,0,0,0,0,0
6930,72923740,KSP0900,23-321296,20230711,1530,,KY194,E,,KY0194,KY0194,0,098 KY-194,KY0194,N,N,NULL,NULL,NULL,N,NULL,NULL,NULL,NULL,NULL,NULL,26.861,NULL,NULL,NULL,NULL,,NULL,1,0,2,2,N,N,55,NULL,98,9817,NULL,,Y,37.49514,-82.35092,N,NULL,NULL,NULL,NULL,NULL,NULL,NULL,NULL,1,3,2,2,1,1,2,2,7,3,N,NULL,Y,Y,1600,1625,1640,N,NULL,55,7,0,N,,N,N,098-KY-0194-0,NULL,NULL,2023,B,7.29E+11,098-KY-0194  -000,HIGH,098-KY-0194  -000,26.862,0,0,0,0,0,0,1,0,0,0,0,0,0,0
6931,72940442,980100,2.02E+11,20230829,1809,,BAILEY,,BLVD,,,,,,N,N,NULL,NULL,NULL,N,NULL,NULL,NULL,NULL,NULL,NULL,,NULL,NULL,NULL,NULL,NULL,NULL,0,0,2,2,N,N,25,NULL,98,9801,NULL,,Y,37.47659,-82.51604,N,NULL,NULL,NULL,NULL,NULL,NULL,NULL,NULL,2,3,2,4,1,1,2,2,7,3,N,NULL,Y,N,1809,1812,1812,N,NULL,56,,,N,,N,N,,NULL,NULL,2023,O,7.29E+11,098-CS-1262  -000,HIGH,098-CS-1262  -000,0.008,0,0,0,0,0,0,1,0,0,0,0,0,0,1
6932,72783240,980100,2.02E+11,20220714,1409,,CASSIDY,,BLVD,,,0,098 CS-1191,CS1191,Y,N,NULL,NULL,NULL,N,NULL,NULL,NULL,NULL,NULL,NULL,0.041,NULL,NULL,NULL,NULL,,NULL,0,0,2,2,N,N,,NULL,98,9801,NULL,,Y,37.50369,-82.53284,N,NULL,NULL,NULL,NULL,NULL,NULL,NULL,NULL,2,97,1,6,1,1,2,2,1,3,N,NULL,Y,N,1409,1416,1417,N,NULL,90,,,N,,N,N,098-CS-1191-0,NULL,NULL,2022,O,7.28E+11,098-CS-1191  -000,HIGH,098-CS-1191  -000,0.041,0,0,1,0,0,0,1,0,0,0,0,0,0,1
6933,72861520,980100,2.02E+11,20230203,1348,,US23,,,US0023,US0023,0,098 US-23,US0023,N,Y,KY3496,,,N,NULL,NULL,NULL,NULL,NULL,NULL,23.062,NULL,NULL,NULL,NULL,,NULL,0,0,2,2,N,N,55,NULL,98,9801,NULL,,Y,37.46594,-82.52807,N,NULL,NULL,NULL,NULL,NULL,NULL,NULL,NULL,8,3,4,6,1,1,2,2,1,3,N,NULL,Y,N,1343,1345,1348,N,NULL,19,,1,N,,N,N,098-US-0023-0,NULL,NULL,2023,O,7.29E+11,098-US-0023  -000,HIGH,098-US-0023  -000,22.997,0,0,0,1,0,0,1,1,0,0,1,0,0,1
6934,72918813,980100,2.02E+11,20230627,1809,,CASSIDY,,BLVD,,,0,098 CS-1191,CS1191,Y,N,NULL,NULL,NULL,N,NULL,NULL,NULL,NULL,NULL,NULL,0.366,NULL,NULL,NULL,NULL,,NULL,0,0,2,2,N,N,,NULL,98,9801,NULL,,Y,37.50506,-82.53815,N,NULL,NULL,NULL,NULL,NULL,NULL,NULL,NULL,2,97,,6,1,1,2,2,1,3,N,NULL,Y,N,1809,1817,1817,N,NULL,90,,,N,,N,N,098-CS-1191-0,NULL,NULL,2023,O,7.29E+11,098-CS-1191  -000,HIGH,098-CS-1191  -000,0.371,0,0,0,1,0,0,1,0,0,0,0,0,0,1
6935,72869258,KSP0900,23-74088,20230225,2316,,UPPER JOHNS,,CRK,KY0632,KY0632,0,098 KY-632,KY0632,N,N,NULL,NULL,NULL,N,NULL,NULL,NULL,NULL,NULL,NULL,0.202,NULL,NULL,NULL,NULL,,NULL,0,0,1,1,N,N,55,NULL,98,9817,NULL,,Y,37.49841,-82.34612,N,NULL,NULL,NULL,NULL,NULL,NULL,NULL,NULL,9,3,2,6,1,5,6,7,7,3,N,NULL,N,N,2316,2327,2355,N,NULL,70,6,0,N,,N,N,098-KY-0632-0,NULL,NULL,2023,O,7.29E+11,098-KY-0632  -000,HIGH,098-KY-0632  -000,0.19,0,0,1,0,0,0,1,0,0,0,0,1,0,0
6936,72936332,370200,2023354098,20230810,1144,,KY632,,,KY0632,KY0632,0,098 KY-632,KY0632,N,N,NULL,NULL,NULL,N,NULL,NULL,NULL,NULL,NULL,NULL,13.971,NULL,NULL,NULL,NULL,,NULL,1,0,2,2,N,N,35,NULL,98,9804,NULL,,Y,37.51419,-82.15308,N,NULL,NULL,NULL,NULL,NULL,NULL,NULL,NULL,7,97,2,6,1,5,3,2,1,3,Y,NULL,Y,Y,1144,1245,1427,N,NULL,47,6,0,Y,,N,N,098-KY-0632-0,NULL,NULL,2023,C,7.29E+11,098-KY-0632  -000,HIGH,098-KY-0632  -000,13.971,0,1,0,0,0,0,0,0,0,1,0,0,0,0
6937,72896926,KSP0900,23-177088,20230510,734,,WILDCAT,,DR,,,0,098 CR-1703,CR1703,Y,N,NULL,NULL,NULL,N,NULL,NULL,NULL,NULL,NULL,NULL,0.169,NULL,NULL,NULL,NULL,,NULL,0,0,2,2,N,N,,NULL,98,9801,NULL,,Y,37.38111,-82.53728,N,NULL,NULL,NULL,NULL,NULL,NULL,NULL,NULL,8,97,,6,1,1,2,2,8,1,N,NULL,Y,Y,739,812,832,N,NULL,90,,,N,,N,N,098-CR-1703-0,NULL,NULL,2023,O,7.29E+11,098-CR-1703  -000,HIGH,098-CR-1703  -000,0.191,0,0,1,0,0,0,1,0,0,0,0,0,0,0
6938,72988857,KSP0900,23-498291,20231221,1637,,KY194,,,KY0194,KY0194,0,098 KY-194,KY0194,N,N,NULL,NULL,NULL,N,NULL,NULL,NULL,NULL,NULL,NULL,14.421,NULL,NULL,NULL,NULL,,NULL,0,0,1,1,N,N,55,NULL,98,9801,NULL,,Y,37.58041,-82.4808,N,NULL,NULL,NULL,NULL,NULL,NULL,NULL,NULL,9,5,2,6,1,1,2,2,7,3,Y,NULL,Y,N,1637,1700,1725,N,NULL,44,7,0,N,,N,N,098-KY-0194-0,NULL,NULL,2023,O,7.30E+11,098-KY-0194  -000,HIGH,098-KY-0194  -000,14.343,0,0,0,0,0,0,1,0,0,1,0,1,0,0
6939,72978230,980000,23-11-005,20231126,1735,,MAYO,S,TRL,US0023,US0023,0,098 US-23-10,US0023,N,N,NULL,NULL,NULL,N,NULL,NULL,NULL,NULL,NULL,NULL,19.707,NULL,NULL,NULL,NULL,,NULL,0,0,1,1,N,N,55,NULL,98,9801,NULL,,Y,37.44959,-82.50713,N,NULL,NULL,NULL,NULL,NULL,NULL,NULL,NULL,9,6,4,3,1,1,3,3,1,3,N,NULL,Y,N,1735,1735,,N,NULL,40,,1,N,,N,N,098-US-0023-10,NULL,NULL,2023,O,7.30E+11,098-US-0023  -010,HIGH,098-US-0023  -000,19.651,0,0,0,1,0,0,1,0,0,0,0,1,0,1
6940,72918562,980100,2.02E+11,20230705,1232,,BAIRD,,AVE,KY1426,KY1426,0,098 KY-1426,KY1426,Y,N,NULL,NULL,NULL,N,NULL,NULL,NULL,NULL,NULL,NULL,5.393,NULL,NULL,NULL,NULL,,NULL,1,0,2,2,N,N,,NULL,98,9801,NULL,,Y,37.47324,-82.52711,N,NULL,NULL,NULL,NULL,NULL,NULL,NULL,NULL,5,97,2,6,1,1,2,2,1,3,N,NULL,Y,N,1232,1238,1238,N,NULL,90,,0,N,,N,N,098-KY-1426-0,NULL,NULL,2023,C,7.29E+11,098-KY-1426  -000,HIGH,098-KY-1426  -000,5.398,0,0,0,0,0,0,0,0,0,0,0,0,0,1
6941,72934818,KSP0900,23-360257,20230816,658,,KY3174,,,KY3174,KY3174,0,098 KY-3174,KY3174,N,N,NULL,NULL,NULL,N,NULL,NULL,NULL,NULL,NULL,NULL,4.125,NULL,NULL,NULL,NULL,,NULL,0,0,1,1,N,N,55,NULL,98,9801,NULL,,Y,37.36889,-82.47248,N,NULL,NULL,NULL,NULL,NULL,NULL,NULL,NULL,9,3,4,4,1,1,2,2,2,3,N,NULL,Y,N,701,705,730,N,NULL,38,,0,N,,N,N,098-KY-3174-0,NULL,NULL,2023,O,7.29E+11,098-KY-3174  -000,HIGH,098-KY-3174  -000,4.152,0,0,0,0,0,0,0,0,0,0,0,0,0,0
6942,72868284,980100,2.02E+11,20230218,1311,,CASSIDY,,BLVD,,,0,098 CS-1191,CS1191,N,N,NULL,NULL,NULL,N,NULL,NULL,NULL,NULL,NULL,NULL,0.061,NULL,NULL,NULL,NULL,,NULL,0,0,2,2,N,N,25,NULL,98,9801,NULL,,Y,37.50367,-82.53313,N,NULL,NULL,NULL,NULL,NULL,NULL,NULL,NULL,1,3,2,6,1,1,2,2,1,3,N,NULL,Y,N,1311,1311,1311,N,NULL,55,,,N,,N,N,098-CS-1191-0,NULL,NULL,2023,O,7.29E+11,098-CS-1191  -000,HIGH,098-CS-1191  -000,0.056,0,0,1,0,0,0,1,1,0,0,0,0,0,1
6943,72876886,KSP0900,23-83115,20230303,1926,,WILLIAMSON,,RD,KY0292,KY0292,0,098 KY-292,KY0292,N,N,NULL,NULL,NULL,N,NULL,NULL,NULL,NULL,NULL,NULL,9.717,NULL,NULL,NULL,NULL,,NULL,0,0,1,1,N,N,45,NULL,98,9836,NULL,,Y,37.70631,-82.30633,N,NULL,NULL,NULL,NULL,NULL,NULL,NULL,NULL,9,3,2,6,1,5,2,6,7,3,N,NULL,Y,N,1926,2000,2100,N,NULL,40,7,0,N,,N,N,098-KY-0292-0,NULL,NULL,2023,O,7.29E+11,098-KY-0292  -000,HIGH,098-KY-0292  -000,9.722,0,0,0,0,0,0,0,0,0,0,0,1,0,0
6944,72919234,980100,2.02E+11,20230630,1456,,US23,,,US0023,US0023,0,098 US-23,US0023,N,N,NULL,NULL,NULL,N,NULL,NULL,NULL,NULL,NULL,NULL,26.864,NULL,NULL,NULL,NULL,,NULL,2,0,2,2,N,N,55,NULL,98,9801,NULL,,Y,37.50964,-82.53876,N,NULL,NULL,NULL,NULL,NULL,NULL,NULL,NULL,8,3,4,6,1,1,2,2,7,3,Y,NULL,Y,Y,1456,1502,1624,N,NULL,53,,1,N,,N,N,098-US-0023-0,NULL,NULL,2023,A,7.29E+11,098-US-0023  -000,HIGH,098-US-0023  -000,26.807,0,0,0,1,0,0,1,0,0,0,0,1,0,1
6945,72868315,KSP0900,23-67270,20230221,938,,KY632,,,KY0632,KY0632,0,098 KY-632,KY0632,N,N,NULL,NULL,NULL,N,NULL,NULL,NULL,NULL,NULL,NULL,0.63,NULL,NULL,NULL,NULL,,NULL,0,0,2,2,N,N,55,NULL,98,9817,NULL,,Y,37.49533,-82.34051,N,NULL,NULL,NULL,NULL,NULL,NULL,NULL,NULL,5,3,2,4,1,5,2,2,7,3,N,NULL,N,N,938,945,1000,N,NULL,70,6,0,N,,N,N,098-KY-0632-0,NULL,NULL,2023,O,7.29E+11,098-KY-0632  -000,HIGH,098-KY-0632  -000,0.635,0,0,0,0,0,0,1,0,0,0,0,0,0,0
6946,72880277,KSP0900,23-106098,20230320,923,,LICK MOUNTAIN,,RD,US0460,US0460,,,,N,N,NULL,NULL,NULL,N,NULL,NULL,NULL,NULL,NULL,NULL,18.391,NULL,NULL,NULL,NULL,,NULL,0,0,2,2,N,N,55,NULL,98,9876,NULL,,Y,37.36147,-82.31384,N,NULL,NULL,NULL,NULL,NULL,NULL,NULL,NULL,1,3,3,2,1,5,3,2,7,3,N,NULL,Y,N,923,952,952,N,NULL,55,,1,N,,N,N,,NULL,NULL,2023,O,7.29E+11,098-US-0460  -000,HIGH,098-US-0460  -000,18.365,0,0,0,0,0,0,1,0,0,0,0,0,0,0
6947,72897375,KSP0900,2023-175590,20230509,52,,US23,,,US0023,US0023,0,098 US-23,US0023,N,N,NULL,NULL,NULL,N,NULL,NULL,NULL,NULL,NULL,NULL,27.364,NULL,NULL,NULL,NULL,,NULL,0,0,2,2,N,N,55,NULL,98,9801,NULL,,Y,37.51089,-82.54852,N,NULL,NULL,NULL,NULL,NULL,NULL,NULL,NULL,1,3,4,6,1,1,2,6,7,3,N,NULL,N,N,524,524,524,N,NULL,55,,1,N,,N,N,098-US-0023-0,NULL,NULL,2023,O,7.29E+11,098-US-0023  -000,HIGH,098-US-0023  -000,27.36,0,0,0,1,0,0,1,0,0,0,0,0,0,1
6948,72946464,KSP0900,23-378059,20230901,1406,,US119,,,US0119,US0119,0,098 US-119,US0119,N,N,NULL,NULL,NULL,N,NULL,NULL,NULL,NULL,NULL,NULL,24.729,NULL,NULL,NULL,NULL,,NULL,1,0,2,2,N,N,55,NULL,98,9834,NULL,,Y,37.66513,-82.27412,N,NULL,NULL,NULL,NULL,NULL,NULL,NULL,NULL,1,3,4,6,1,1,2,2,7,3,Y,NULL,Y,N,1406,1430,1500,N,NULL,55,2,1,N,,N,N,098-US-0119-0,NULL,NULL,2023,C,7.29E+11,098-US-0119  -000,HIGH,098-US-0119  -000,24.73,0,0,0,1,0,0,1,1,0,0,0,0,0,0
6949,72898880,980100,2.02E+11,20230510,1300,,CASSIDY,,BLVD,,,0,098 CS-1191,CS1191,Y,N,NULL,NULL,NULL,N,NULL,NULL,NULL,NULL,NULL,NULL,0.048,NULL,NULL,NULL,NULL,,NULL,0,0,2,2,Y,N,,NULL,98,9801,NULL,,Y,37.50368,-82.53294,N,NULL,NULL,NULL,NULL,NULL,NULL,NULL,NULL,1,97,1,6,1,1,2,2,1,3,N,NULL,Y,N,1311,1315,1315,N,NULL,90,,,N,,N,N,098-CS-1191-0,NULL,NULL,2023,O,7.29E+11,098-CS-1191  -000,HIGH,098-CS-1191  -000,0.045,0,0,0,0,0,0,0,0,0,0,0,0,0,1
6950,72970671,980200,980200,20230925,1320,,KY80,,,KY0080,KY0080,0,098 KY-80,KY0080,N,N,NULL,NULL,NULL,N,NULL,NULL,NULL,NULL,NULL,NULL,1.54,NULL,NULL,NULL,NULL,,NULL,0,0,1,1,N,N,55,NULL,98,9802,2,W,N,37.32129,-82.366,N,NULL,NULL,NULL,NULL,NULL,NULL,NULL,NULL,9,5,2,6,1,1,2,2,1,3,N,NULL,Y,Y,1330,1350,,N,NULL,40,7,5,N,,N,N,098-KY-0080-0,NULL,NULL,2023,O,7.30E+11,098-KY-0080  -000,HIGH,098-KY-0080  -000,1.543,0,0,0,0,0,0,1,0,0,0,0,1,0,0
6951,72978119,KSP0900,23-441801,20231031,954,,KY122,,,KY0122,KY0122,0,098 KY-122,KY0122,N,N,NULL,NULL,NULL,N,NULL,NULL,NULL,NULL,NULL,NULL,7.648,NULL,NULL,NULL,NULL,,NULL,0,0,2,2,N,N,55,NULL,98,9823,NULL,,Y,37.3796,-82.58492,N,NULL,NULL,NULL,NULL,NULL,NULL,NULL,NULL,4,3,2,3,1,1,3,2,7,3,N,NULL,Y,N,954,1050,1050,N,NULL,70,,0,Y,,N,N,098-KY-0122-0,NULL,NULL,2023,O,7.30E+11,098-KY-0122  -000,HIGH,098-KY-0122  -000,7.652,0,0,0,1,0,0,0,1,0,0,0,0,0,0
6952,72801378,980100,2.02E+11,20220904,1511,,KY3496,,,KY3496,KY3496,0,098 KY-3496,KY3496,Y,N,NULL,NULL,NULL,N,NULL,NULL,NULL,NULL,NULL,NULL,0.254,NULL,NULL,NULL,NULL,,NULL,0,0,2,2,N,N,35,NULL,98,9801,NULL,,Y,37.467,-82.532,N,NULL,NULL,NULL,NULL,NULL,NULL,NULL,NULL,2,97,2,6,1,6,6,2,1,3,N,NULL,Y,N,1512,1518,1518,N,NULL,90,16,0,N,,N,N,098-KY-3496-0,NULL,NULL,2022,O,7.28E+11,098-KY-3496  -000,HIGH,098-KY-3496  -000,0.254,0,0,1,0,0,0,1,0,0,0,0,0,0,1
6953,72864977,KSP0900,23-56570,20230213,1405,,US460,,,US0460,US0460,0,098 US-460,US0460,N,N,NULL,NULL,NULL,N,NULL,NULL,NULL,NULL,NULL,NULL,8.65,NULL,NULL,NULL,NULL,,NULL,1,0,4,4,N,N,35,NULL,98,9830,NULL,,Y,37.37283,-82.42552,N,NULL,NULL,NULL,NULL,NULL,NULL,NULL,NULL,7,3,2,6,1,1,2,2,7,3,Y,NULL,Y,Y,1405,1445,1521,N,NULL,54,,1,Y,,N,N,098-US-0460-0,NULL,NULL,2023,C,7.29E+11,098-US-0460  -000,HIGH,098-US-0460  -000,8.623,0,0,0,1,0,0,0,0,0,0,0,1,0,0
6954,72957405,KSP0900,23-418838,20231009,1528,,WOLFPIT BRANCH,,RD,,,,,,N,N,NULL,NULL,NULL,N,NULL,NULL,NULL,NULL,NULL,NULL,0.062,NULL,NULL,NULL,NULL,,NULL,0,0,2,2,N,N,45,NULL,98,9857,NULL,,Y,37.35368,-82.42601,N,NULL,NULL,NULL,NULL,NULL,NULL,NULL,NULL,8,3,1,6,1,5,2,2,7,3,N,NULL,N,N,1533,1551,,Y,NULL,47,,,N,,N,N,,NULL,NULL,2023,O,7.30E+11,098-CR-1232  -000,HIGH,098-CR-1232  -000,0.046,0,0,0,1,0,0,0,0,0,0,0,0,0,0
6955,72976297,980000,23-11-001,20231108,2125,,POUNDING MILL,,RD,,,,,,N,N,NULL,NULL,NULL,N,NULL,NULL,NULL,NULL,NULL,NULL,0.007,NULL,NULL,NULL,NULL,,NULL,3,0,2,2,N,N,35,NULL,98,9804,NULL,,Y,37.56374,-82.14606,N,NULL,NULL,NULL,NULL,NULL,NULL,NULL,NULL,5,3,2,6,1,1,3,4,7,3,Y,NULL,Y,N,2125,214,,N,NULL,46,,,Y,,N,N,,NULL,NULL,2023,B,7.30E+11,098-CR-1526  -000,MEDIUM,098-CR-1526  -000,0.006,0,0,0,1,0,0,0,1,1,1,0,0,0,0
6956,72827366,KSP0900,22-430329,20221108,1800,,US23,,,US0023,US0023,0,098 US-23-10,US0023,N,N,NULL,NULL,NULL,N,NULL,NULL,NULL,NULL,NULL,NULL,11.791,NULL,NULL,NULL,NULL,,NULL,2,0,3,3,N,N,55,NULL,98,9801,NULL,,Y,37.36022,-82.55505,N,NULL,NULL,NULL,NULL,NULL,NULL,NULL,NULL,3,3,4,6,1,1,2,6,7,3,N,NULL,Y,Y,1800,1830,1930,N,NULL,52,,1,N,,N,N,098-US-0023-10,NULL,NULL,2022,C,7.28E+11,098-US-0023  -010,HIGH,098-US-0023  -000,11.791,0,0,1,0,0,0,1,0,0,0,0,1,0,0
6957,72983050,980100,2.02E+11,20231207,1450,,US23,,,US0023,US0023,0,098 US-23,US0023,N,N,NULL,NULL,NULL,N,NULL,NULL,NULL,NULL,NULL,NULL,26.288,NULL,NULL,NULL,NULL,,NULL,0,0,2,2,N,N,55,NULL,98,9801,NULL,,Y,37.50373,-82.53215,N,NULL,NULL,NULL,NULL,NULL,NULL,NULL,NULL,4,3,4,6,1,1,2,2,7,3,N,NULL,Y,N,1450,1452,1503,N,NULL,70,,1,Y,,N,N,098-US-0023-0,NULL,NULL,2023,O,7.30E+11,098-US-0023  -000,HIGH,098-US-0023  -000,26.226,0,0,0,1,0,0,1,1,0,0,0,0,0,1
6958,72903380,980100,2.02E+11,20230519,2154,,BYPASS,S,RD,KY1426,KY1426,,,,Y,N,NULL,NULL,NULL,N,NULL,NULL,NULL,NULL,NULL,NULL,5.685,NULL,NULL,NULL,NULL,,NULL,0,0,2,2,N,N,,NULL,98,9801,NULL,,Y,37.47275,-82.52293,N,NULL,NULL,NULL,NULL,NULL,NULL,NULL,NULL,2,97,,6,1,1,3,5,1,3,N,NULL,N,N,2154,2158,2158,N,NULL,90,,0,N,,N,N,,NULL,NULL,2023,O,7.29E+11,098-KY-1426  -000,MEDIUM,098-KY-1426  -000,5.686,0,0,0,0,0,0,1,0,0,0,0,0,0,1
6959,72937265,KSP0900,23-360227,20230816,325,,US119,N,,US0119,US0119,0,098 US-119,US0119,N,N,NULL,NULL,NULL,N,NULL,NULL,NULL,NULL,NULL,NULL,11.933,NULL,NULL,NULL,NULL,,NULL,0,0,1,1,N,N,55,NULL,98,9833,NULL,,Y,37.59472,-82.3746,N,NULL,NULL,NULL,NULL,NULL,NULL,NULL,NULL,9,3,2,5,1,1,2,7,7,3,N,NULL,N,N,325,340,340,N,NULL,38,2,1,N,,N,N,098-US-0119-0,NULL,NULL,2023,O,7.29E+11,098-US-0119  -000,HIGH,098-US-0119  -000,11.925,0,0,0,0,0,0,0,0,0,0,0,0,0,0
6960,72922623,KSP0900,23-311830,20230703,1035,,BRUNTY,,FRK,,,0,098 CR-1513,CR1513,N,N,NULL,NULL,NULL,N,NULL,NULL,NULL,NULL,NULL,NULL,0.04,NULL,NULL,NULL,NULL,,NULL,0,0,2,2,N,N,35,NULL,98,9801,NULL,,Y,37.61012,-82.32201,N,NULL,NULL,NULL,NULL,NULL,NULL,NULL,NULL,2,3,2,6,3,5,2,2,7,3,N,NULL,Y,N,1034,1040,1040,N,NULL,56,,,N,,N,N,098-CR-1513-0,NULL,NULL,2023,O,7.29E+11,098-CR-1513  -000,HIGH,098-CR-1513  -000,0.034,0,0,0,0,0,0,1,0,0,0,0,0,0,0
6961,72854352,980100,2.02E+11,20230113,1756,,CASSIDY,,BLVD,,,0,098 CS-1191,CS1191,Y,N,NULL,NULL,NULL,N,NULL,NULL,NULL,NULL,NULL,NULL,0.446,NULL,NULL,NULL,NULL,,NULL,0,0,2,2,Y,N,15,NULL,98,9801,NULL,,Y,37.50422,-82.53908,N,NULL,NULL,NULL,NULL,NULL,NULL,NULL,NULL,7,97,2,2,1,5,9,5,1,3,N,NULL,N,N,1756,1802,1802,N,NULL,90,,,N,,N,N,098-CS-1191-0,NULL,NULL,2023,O,7.29E+11,098-CS-1191  -000,HIGH,098-CS-1191  -000,0.448,0,0,0,0,0,0,0,0,0,0,0,0,0,1
6962,72959381,KSP0900,23-425299,20231015,1651,,FERRELLS CREEK,,RD,US0460,US0460,,,,N,N,NULL,NULL,NULL,N,NULL,NULL,NULL,NULL,NULL,NULL,18.808,NULL,NULL,NULL,NULL,,NULL,0,0,1,1,N,N,55,NULL,98,9874,NULL,,Y,37.36541,-82.30774,N,NULL,NULL,NULL,NULL,NULL,NULL,NULL,NULL,9,3,3,3,1,6,2,2,6,3,N,NULL,N,N,1651,1705,1705,N,NULL,70,,1,N,,N,N,,NULL,NULL,2023,O,7.30E+11,098-US-0460  -000,HIGH,098-US-0460  -000,18.866,0,0,0,0,0,0,1,0,0,0,0,0,0,0
6963,72883393,980100,2.02E+11,20230204,1456,,US23,,,US0023,US0023,0,098 US-23-10,US0023,N,N,NULL,NULL,NULL,N,NULL,NULL,NULL,NULL,NULL,NULL,24.796,NULL,NULL,NULL,NULL,,NULL,1,1,2,1,N,N,55,NULL,98,9801,NULL,,Y,37.48574,-82.54243,N,NULL,NULL,NULL,NULL,NULL,NULL,NULL,NULL,9,3,4,6,1,1,2,2,7,3,Y,NULL,Y,Y,1456,1459,1758,N,NULL,36,,1,N,,N,N,098-US-0023-10,NULL,NULL,2023,K,7.29E+11,098-US-0023  -010,HIGH,098-US-0023  -000,24.73,0,0,0,0,1,0,0,0,0,0,0,1,0,1