OBJECTID,MasterFile,AgencyORINumber,LocalCode,CollisionDate,CollisionTime,CollisionDayWeekCode,RoadwayName,RoadwayName_Direction_,RoadwayName_RoadwaySuffix_,RoadwayfromReport,CurrentRoadwayNumber,RoadwayNumberCoupletID,RSEUniqueGIS,RoadwayIdentifier,ParkingLotIndicator,IntersectionWith_Indicator_,IntersectionWith_NameRoadway_,IntersectionWith_Direction_,IntersectionWith_RoadwaySuffix_,BetweenStreets_Indicator_,BetweenStreets1_NameRoadway_,BetweenStreet1_Direction_,BetweenStreets1_RoadwaySuffix_,BetweenStreets2_NameRoadway_,BetweenStreets2_Direction_,BetweenStreets2_RoadwaySuffix_,Milepoint,ReportMilepointDeriveNumber,CurrentDerivedMiepointNumber,MilestoMilepoint,FeettoMilepoint,DirectionfromMilepoint_NSEW_,ValidMilepointIndicator,NumberInjured,NumberKilled,ofUnits,ofMotorVehicleUnits,Hit&RunIndicator,OneWayIndicator,SpeedLimitNumber,KilometersIndicator,CountyCode,CityCountyCode,MilesFromCity,DirectionFromCity_NSEW_,InCityLimitsIndicator,Latitude,Longitude,RampIndicator,RampFromIdentifier,RampFromDirCode,RampFromCoupletID,RSEUniqueGISRampFrom,RampToidentifier,RampToDirCode,RampToCoupletID,RSEUniqueGisRampTo,MannerofCollisionCode,LocationFirstEventCode,TotalLanes,RoadwayCharacterCode,RoadwaySurfaceCode,RoadwayConditionCode,WeatherCode,LightConditionCode,LandUseCode,SchoolBusRelatedCode,FirstAidSceneIndicator,CollDescPresentInd,InvestigationCompleteIndicator,PhotosTakenIndicator,TimeNotified,TimeArrived,TimeRoadwayOpened,PropertyDamageIndicator,DiagramPresentIndicator,DirectionalAnalysis,FunctionClassCode,NationalHwySysCode,EnforcementsIndicator,KARSCityCode,SecondaryCollisionIndicator,MedianCrossoverIndicator,RT_UNIQUE,MapIt,TimeLastLeft,YR,KABCO,MFNY,WorkingRID,RT_CONFIDENCE,KTC_RT,KTC_MP,Motorcyclist,Commercial Vehicle,Young Driver,Mature Driver,Pedestrian,Bicyclist,Distracted,Aggressive,Impaired,Unrestrained,Intersection,Roadway Departure,Median Cross-over,City Crash
6964,72992214,980100,2.02E+11,20231229,1029,,CASSIDY,,BLVD,,,0,098 CS-1191,CS1191,Y,N,NULL,NULL,NULL,N,NULL,NULL,NULL,NULL,NULL,NULL,0.367,NULL,NULL,NULL,NULL,,NULL,0,0,2,2,N,N,15,NULL,98,9801,NULL,,Y,37.50549,-82.53899,N,NULL,NULL,NULL,NULL,NULL,NULL,NULL,NULL,2,97,,6,1,5,6,2,1,3,N,NULL,Y,N,1029,1032,1032,N,NULL,90,,,N,,N,N,098-CS-1191-0,NULL,NULL,2023,O,7.30E+11,098-CS-1191  -000,HIGH,098-CS-1191  -000,0.382,0,0,0,1,0,0,0,0,0,0,0,0,0,1
6965,72815734,980100,2.02E+11,20221011,1718,,BYPASS,S,RD,KY1426,KY1426,0,098 KY-1426,KY1426,Y,N,NULL,NULL,NULL,N,NULL,NULL,NULL,NULL,NULL,NULL,5.521,NULL,NULL,NULL,NULL,,NULL,0,0,2,2,N,N,,NULL,98,9801,NULL,,Y,37.47234,-82.52589,N,NULL,NULL,NULL,NULL,NULL,NULL,NULL,NULL,8,97,2,6,1,1,2,2,1,3,N,NULL,Y,Y,1718,1724,1751,N,NULL,90,,0,N,,N,N,098-KY-1426-0,NULL,NULL,2022,O,7.28E+11,098-KY-1426  -000,HIGH,098-KY-1426  -000,5.521,0,0,0,0,0,0,1,0,0,0,0,0,0,1
6966,72887081,KSP0900,23-135689,20230410,1101,,US23,,,US0023,US0023,0,098 US-23,US0023,N,N,NULL,NULL,NULL,N,NULL,NULL,NULL,NULL,NULL,NULL,15.976,NULL,NULL,NULL,NULL,,NULL,0,0,2,2,N,N,55,NULL,98,9801,3,S,N,37.40924,-82.53226,N,NULL,NULL,NULL,NULL,NULL,NULL,NULL,NULL,8,3,4,4,1,1,2,2,7,3,N,NULL,Y,N,1101,1121,1135,N,NULL,53,,1,N,,N,N,098-US-0023-0,NULL,NULL,2023,O,7.29E+11,098-US-0023  -000,HIGH,098-US-0023  -000,15.947,0,0,0,1,0,0,0,0,0,0,0,1,0,0
6967,72979305,KSP0900,23-474138,20231129,715,,GREASY,,CRK,KY3226,KY3226,0,098 KY-3226,KY3226,N,N,NULL,NULL,NULL,N,NULL,NULL,NULL,NULL,NULL,NULL,3.099,NULL,NULL,NULL,NULL,,NULL,0,0,1,1,N,N,55,NULL,98,9824,NULL,,Y,37.41531,-82.45699,N,NULL,NULL,NULL,NULL,NULL,NULL,NULL,NULL,9,3,2,6,1,1,2,2,7,3,N,NULL,Y,N,749,830,900,N,NULL,44,8,0,N,,N,N,098-KY-3226-0,NULL,NULL,2023,O,7.30E+11,098-KY-3226  -000,HIGH,098-KY-3226  -000,3.111,0,0,0,0,0,0,0,0,0,0,0,1,0,0
6968,72956486,980100,2.02E+11,20231008,1716,,LORAINE,,ST,,,,,,Y,N,NULL,NULL,NULL,N,NULL,NULL,NULL,NULL,NULL,NULL,,NULL,NULL,NULL,NULL,NULL,NULL,0,0,1,1,N,N,45,NULL,98,9801,NULL,,Y,37.48341,-82.53477,N,NULL,NULL,NULL,NULL,NULL,NULL,NULL,NULL,9,97,2,6,1,1,2,2,6,3,N,NULL,Y,Y,1721,1735,,Y,NULL,90,,,Y,,N,N,,NULL,NULL,2023,O,7.30E+11,098-KY-1384  -010,MEDIUM,098-KY-1384  -000,7.518,0,0,0,0,0,0,0,1,1,1,0,1,0,1
6969,72900187,980500,2023AR022,20230518,1232,,MAIN ST CONN,,,,,0,098 CS-3000-71,CS3000,N,N,NULL,NULL,NULL,N,NULL,NULL,NULL,NULL,NULL,NULL,0.014,NULL,NULL,NULL,NULL,,NULL,0,0,1,1,N,N,15,NULL,98,9807,NULL,,Y,37.51897,-82.5662,N,NULL,NULL,NULL,NULL,NULL,NULL,NULL,NULL,9,3,2,6,1,1,2,2,1,3,N,NULL,Y,Y,1232,1234,1250,N,NULL,40,,,N,,N,N,098-CS-3000-71,NULL,NULL,2023,O,7.29E+11,098-CS-3000  -071,HIGH,098-CS-3000  -071,0.014,0,0,0,1,0,0,0,0,0,0,0,1,0,0
6970,72902605,KSP0900,23-130234,20230406,615,,KY194,,,KY0194,KY0194,0,098 KY-194,KY0194,N,N,NULL,NULL,NULL,N,NULL,NULL,NULL,NULL,NULL,NULL,16.319,NULL,NULL,NULL,NULL,,NULL,0,0,1,1,N,N,55,NULL,98,9887,NULL,,Y,37.56368,-82.46428,N,NULL,NULL,NULL,NULL,NULL,NULL,NULL,NULL,9,3,2,6,1,1,3,6,7,3,N,NULL,Y,N,620,655,615,N,NULL,38,7,0,N,,N,N,098-KY-0194-0,NULL,NULL,2023,O,7.29E+11,098-KY-0194  -000,HIGH,098-KY-0194  -000,16.318,0,0,1,0,0,0,0,0,0,0,0,0,0,0
6971,72923569,370200,2023324383,20230714,1024,,CURE,,HL,,,0,098 CR-1627,CR1627,N,N,NULL,NULL,NULL,N,NULL,NULL,NULL,NULL,NULL,NULL,0.123,NULL,NULL,NULL,NULL,,NULL,0,0,1,1,N,N,35,NULL,98,9802,NULL,,Y,37.27593,-82.37512,N,NULL,NULL,NULL,NULL,NULL,NULL,NULL,NULL,9,3,2,1,1,5,3,2,7,3,N,NULL,Y,N,1024,1127,1127,N,NULL,70,,,N,,N,N,098-CR-1627-0,NULL,NULL,2023,O,7.29E+11,098-CR-1627  -000,HIGH,098-CR-1627  -000,0.037,0,1,0,0,0,0,0,0,0,0,0,1,0,0
6972,72861991,KSP0900,23-37225,20230129,1850,,US119,N,,US0119,US0119,0,098 US-119-10,US0119,N,N,NULL,NULL,NULL,N,NULL,NULL,NULL,NULL,NULL,NULL,9.965,NULL,NULL,NULL,NULL,,NULL,0,0,2,2,N,N,55,NULL,98,9833,NULL,,Y,37.58226,-82.40636,N,NULL,NULL,NULL,NULL,NULL,NULL,NULL,NULL,8,5,2,5,1,1,2,7,7,3,N,NULL,N,N,1845,1905,1905,N,NULL,47,2,1,N,,N,N,098-US-0119-10,NULL,NULL,2023,O,7.29E+11,098-US-0119  -010,HIGH,098-US-0119  -000,9.959,0,0,0,0,0,0,0,0,0,0,0,0,0,0
6973,72978472,KSP0900,23-466245,20231121,1424,,ROCKHOUSE,,RD,,,0,098 CR-1113,CR1113,N,N,NULL,NULL,NULL,N,NULL,NULL,NULL,NULL,NULL,NULL,1.593,NULL,NULL,NULL,NULL,,NULL,1,0,1,1,N,N,25,NULL,98,9804,NULL,,Y,37.44482,-82.12304,N,NULL,NULL,NULL,NULL,NULL,NULL,NULL,NULL,9,3,1,1,1,5,6,2,7,3,N,NULL,Y,Y,1426,1426,1426,N,NULL,44,,,N,,N,N,098-CR-1113-0,NULL,NULL,2023,C,7.30E+11,098-CR-1113  -000,HIGH,098-CR-1113  -000,1.808,0,0,0,0,0,0,0,0,0,0,0,1,0,0
6974,72987530,KSP0900,23-495166,20231218,1823,,US23,,,US0023,US0023,0,098 US-23,US0023,N,N,NULL,NULL,NULL,N,NULL,NULL,NULL,NULL,NULL,NULL,8.871,NULL,NULL,NULL,NULL,,NULL,0,0,2,2,N,N,55,NULL,98,9809,6,N,N,37.32431,-82.55872,N,NULL,NULL,NULL,NULL,NULL,NULL,NULL,NULL,5,3,4,3,1,4,9,6,7,3,N,NULL,Y,Y,1823,1854,1918,N,NULL,49,,1,N,,N,N,098-US-0023-0,NULL,NULL,2023,O,7.30E+11,098-US-0023  -000,HIGH,098-US-0023  -000,8.863,0,0,0,0,0,0,0,0,0,0,0,0,0,0
6975,72770755,980100,2.02E+11,20220601,2004,,HAROLDS BRANCH,,RD,,,0,098 CS-1223,CS1223,Y,N,NULL,NULL,NULL,N,NULL,NULL,NULL,NULL,NULL,NULL,0.025,NULL,NULL,NULL,NULL,,NULL,0,0,2,2,Y,N,10,NULL,98,9801,NULL,,Y,37.4725,-82.5225,N,NULL,NULL,NULL,NULL,NULL,NULL,NULL,NULL,8,7,,3,1,1,2,2,5,3,N,NULL,Y,N,2004,2012,2012,N,NULL,90,,,N,,N,N,098-CS-1223-0,NULL,NULL,2022,O,7.28E+11,098-CS-1223  -000,HIGH,098-CS-1223  -000,0.025,0,0,0,0,0,0,0,0,0,0,0,0,0,1
6976,72906857,KSP0900,23-207519,20230601,1004,,BEAVER CK,,RD,KY1373,KY1373,0,098 KY-1373,KY1373,N,N,NULL,NULL,NULL,N,NULL,NULL,NULL,NULL,NULL,NULL,4.476,NULL,NULL,NULL,NULL,,NULL,2,0,1,1,N,N,45,NULL,98,9847,NULL,,Y,37.34797,-82.3065,N,NULL,NULL,NULL,NULL,NULL,NULL,NULL,NULL,9,3,1,3,1,1,2,2,7,3,N,NULL,Y,Y,1004,1045,1130,N,NULL,44,8,0,Y,,N,N,098-KY-1373-0,NULL,NULL,2023,B,7.29E+11,098-KY-1373  -000,HIGH,098-KY-1373  -000,4.492,0,0,0,0,0,0,1,0,0,0,0,1,0,0
6977,72859541,KSP0900,23-36185,20230128,1929,,KY292 CROSSOVER,,,KY0292,KY0292,0,098 KY-292-30,KY0292,N,N,NULL,NULL,NULL,N,NULL,NULL,NULL,NULL,NULL,NULL,0.002,NULL,NULL,NULL,NULL,,NULL,0,0,2,2,N,N,45,NULL,98,9834,NULL,,Y,37.66336,-82.27318,N,NULL,NULL,NULL,NULL,NULL,NULL,NULL,NULL,1,3,2,6,1,1,2,5,7,3,N,NULL,Y,N,1931,1937,1940,N,NULL,55,8,0,N,,N,N,098-KY-0292-30,NULL,NULL,2023,O,7.29E+11,098-KY-0292  -030,HIGH,098-KY-0292  -030,0.001,0,0,1,0,0,0,0,0,0,0,0,0,0,0
6978,72932992,KSP0900,23-347755,20230804,1305,,FERRELLS CREEK,,RD,US0460,US0460,0,098 US-460,US0460,N,N,NULL,NULL,NULL,N,NULL,NULL,NULL,NULL,NULL,NULL,14.697,NULL,NULL,NULL,NULL,,NULL,1,0,1,1,N,N,55,NULL,98,9874,NULL,,Y,37.34478,-82.36976,N,NULL,NULL,NULL,NULL,NULL,NULL,NULL,NULL,9,3,2,6,1,1,2,2,7,3,Y,NULL,Y,Y,1305,1334,1513,N,NULL,70,,1,N,,N,N,098-US-0460-0,NULL,NULL,2023,A,7.29E+11,098-US-0460  -000,HIGH,098-US-0460  -000,14.677,0,0,0,0,0,0,0,0,0,0,0,0,0,0
6979,72853570,KSP0900,23-10221,20230108,1804,,US23,,,US0023,US0023,0,098 US-23-10,US0023,N,N,NULL,NULL,NULL,N,NULL,NULL,NULL,NULL,NULL,NULL,17.886,NULL,NULL,NULL,NULL,,NULL,0,0,2,2,N,N,45,NULL,98,9807,NULL,,Y,37.42736,-82.51637,N,NULL,NULL,NULL,NULL,NULL,NULL,NULL,NULL,1,3,4,6,1,5,3,5,7,3,N,NULL,Y,N,1804,1825,1825,N,NULL,55,,1,N,,N,N,098-US-0023-10,NULL,NULL,2023,O,7.29E+11,098-US-0023  -010,HIGH,098-US-0023  -000,17.857,0,0,0,0,0,0,0,1,0,0,0,0,0,1
6980,72977939,KSP0900,23-457824,20231114,606,,US23,S,,US0023,US0023,,,,N,N,NULL,NULL,NULL,N,NULL,NULL,NULL,NULL,NULL,NULL,10.145,NULL,NULL,NULL,NULL,,NULL,0,0,1,1,N,N,55,NULL,98,9827,NULL,,Y,37.34131,-82.55363,N,NULL,NULL,NULL,NULL,NULL,NULL,NULL,NULL,9,3,4,6,1,1,2,2,7,3,N,NULL,Y,N,606,631,631,N,NULL,38,,1,N,,N,N,,NULL,NULL,2023,O,7.30E+11,098-US-0023  -010,MEDIUM,098-US-0023  -000,10.138,0,0,0,0,0,0,0,0,0,0,0,0,0,0
6981,72958987,KSP0900,23-423951,20231014,843,,US119,,,US0119,US0119,0,098 US-119-10,US0119,N,N,NULL,NULL,NULL,N,NULL,NULL,NULL,NULL,NULL,NULL,24.996,NULL,NULL,NULL,NULL,,NULL,1,0,2,2,N,N,40,NULL,98,9834,NULL,,Y,37.66809,-82.27737,N,NULL,NULL,NULL,NULL,NULL,NULL,NULL,NULL,8,3,4,6,1,5,3,2,7,3,Y,NULL,Y,Y,843,914,845,N,NULL,53,2,1,N,,N,N,098-US-0119-10,NULL,NULL,2023,C,7.30E+11,098-US-0119  -010,HIGH,098-US-0119  -000,24.996,0,0,0,0,0,0,0,0,0,0,0,1,0,0
6982,72963253,980100,2.02E+11,20231021,1234,,LEE,,AVE,,,,,,Y,N,NULL,NULL,NULL,N,NULL,NULL,NULL,NULL,NULL,NULL,,NULL,NULL,NULL,NULL,,NULL,0,0,2,2,N,N,,NULL,98,9801,NULL,,Y,37.50287,-82.53493,N,NULL,NULL,NULL,NULL,NULL,NULL,NULL,NULL,8,97,,6,1,1,2,2,1,3,N,NULL,Y,N,1234,1242,1242,N,NULL,90,,,N,,N,N,,NULL,NULL,2023,O,7.30E+11,098-CS-1261  -000,MEDIUM,098-CS-1261  -000,0.02,0,0,0,0,0,0,1,0,0,0,0,0,0,1
6983,72860125,980100,2.02E+11,20230125,1035,,BAIRD,,AVE,KY1426,KY1426,0,098 KY-1426,KY1426,N,N,NULL,NULL,NULL,N,NULL,NULL,NULL,NULL,NULL,NULL,5.392,NULL,NULL,NULL,NULL,,NULL,0,0,2,2,N,N,55,NULL,98,9801,NULL,,Y,37.47322,-82.52712,N,NULL,NULL,NULL,NULL,NULL,NULL,NULL,NULL,5,3,2,6,1,1,2,2,1,3,N,NULL,Y,N,1035,1039,,N,NULL,49,,0,N,,N,N,098-KY-1426-0,NULL,NULL,2023,O,7.29E+11,098-KY-1426  -000,HIGH,098-KY-1426  -000,5.399,0,0,0,1,0,0,1,0,0,0,0,0,0,1
6984,72893058,KSP0900,23-161205,20230428,1807,,BIG CREEK,,RD,KY0468,KY0468,0,098 KY-468,KY0468,N,N,NULL,NULL,NULL,N,NULL,NULL,NULL,NULL,NULL,NULL,13.318,NULL,NULL,NULL,NULL,,NULL,2,0,1,1,N,N,45,NULL,98,9843,NULL,,Y,37.7398,-82.33967,N,NULL,NULL,NULL,NULL,NULL,NULL,NULL,NULL,9,3,2,3,1,5,6,2,7,3,N,NULL,Y,Y,1806,1838,1838,N,NULL,44,8,0,Y,,N,N,098-KY-0468-0,NULL,NULL,2023,B,7.29E+11,098-KY-0468  -000,HIGH,098-KY-0468  -000,13.309,0,0,1,0,0,0,0,1,1,1,0,1,0,0
6985,72820492,KSP0900,22-405469,20221021,1219,,GRAPEVINE,,RD,KY0194,KY0194,0,098 KY-194,KY0194,N,N,NULL,NULL,NULL,N,NULL,NULL,NULL,NULL,NULL,NULL,30.618,NULL,NULL,NULL,NULL,,NULL,0,0,1,1,N,N,55,NULL,98,9849,NULL,,Y,37.44606,-82.35614,N,NULL,NULL,NULL,NULL,NULL,NULL,NULL,NULL,9,3,2,6,1,1,2,2,7,3,N,NULL,N,N,1225,1300,1330,N,NULL,44,7,0,N,,N,N,098-KY-0194-0,NULL,NULL,2022,O,7.28E+11,098-KY-0194  -000,HIGH,098-KY-0194  -000,30.618,0,0,0,0,0,0,0,0,0,0,0,1,0,0
6986,72955671,980100,2.02E+11,20230929,1201,,KY3496,,,KY3496,KY3496,0,098 KY-3496,KY3496,N,N,NULL,NULL,NULL,N,NULL,NULL,NULL,NULL,NULL,NULL,0.694,NULL,NULL,NULL,NULL,,NULL,0,0,2,2,N,N,35,NULL,98,9801,NULL,,Y,37.47186,-82.53145,N,NULL,NULL,NULL,NULL,NULL,NULL,NULL,NULL,4,3,2,6,1,1,2,2,1,3,N,NULL,Y,N,1201,1212,1212,N,NULL,70,16,0,N,,N,N,098-KY-3496-0,NULL,NULL,2023,O,7.30E+11,098-KY-3496  -000,HIGH,098-KY-3496  -000,0.698,0,0,0,1,0,0,1,0,0,0,0,0,0,1
6987,72925678,980100,2.02E+11,20230722,1316,,THOMPSON,,RD,,,0,098 CS-1215,CS1215,Y,N,NULL,NULL,NULL,N,NULL,NULL,NULL,NULL,NULL,NULL,0.642,NULL,NULL,NULL,NULL,,NULL,0,0,2,2,N,N,15,NULL,98,9801,NULL,,Y,37.50528,-82.54129,N,NULL,NULL,NULL,NULL,NULL,NULL,NULL,NULL,2,97,2,3,1,1,2,2,1,3,N,NULL,Y,N,1316,1323,1323,N,NULL,90,,,N,,N,N,098-CS-1215-0,NULL,NULL,2023,O,7.29E+11,098-CS-1215  -000,HIGH,098-CS-1215  -000,0.651,1,0,0,0,0,0,1,0,0,0,0,0,0,1
6988,72992211,980100,2.02E+11,20231220,939,,BYPASS,S,RD,KY1426,KY1426,0,098 KY-1426,KY1426,N,N,NULL,NULL,NULL,N,NULL,NULL,NULL,NULL,NULL,NULL,5.699,NULL,NULL,NULL,NULL,,NULL,2,0,2,2,N,N,45,NULL,98,9801,NULL,,Y,37.47282,-82.52271,N,NULL,NULL,NULL,NULL,NULL,NULL,NULL,NULL,1,3,2,6,1,1,2,2,1,3,Y,NULL,Y,Y,939,942,1009,N,NULL,55,,0,N,,N,N,098-KY-1426-0,NULL,NULL,2023,C,7.30E+11,098-KY-1426  -000,HIGH,098-KY-1426  -000,5.699,0,0,0,0,0,0,1,0,0,0,0,0,0,1
6989,72861694,980100,2.02E+11,20230203,1624,,US23,,,US0023,US0023,0,098 US-23,US0023,N,N,NULL,NULL,NULL,N,NULL,NULL,NULL,NULL,NULL,NULL,27.367,NULL,NULL,NULL,NULL,,NULL,0,0,2,2,N,N,55,NULL,98,9801,NULL,,Y,37.5109,-82.54855,N,NULL,NULL,NULL,NULL,NULL,NULL,NULL,NULL,5,3,6,6,1,1,3,2,7,3,N,NULL,Y,N,1624,1634,1716,N,NULL,49,,1,N,,N,N,098-US-0023-0,NULL,NULL,2023,O,7.29E+11,098-US-0023  -000,HIGH,098-US-0023  -000,27.361,0,0,1,0,0,0,1,1,0,0,0,0,0,1
6990,72868746,980100,2.02E+11,20230224,759,,US119,,,US0119,US0119,0,098 US-119,US0119,N,N,NULL,NULL,NULL,N,NULL,NULL,NULL,NULL,NULL,NULL,0.043,NULL,NULL,NULL,NULL,,NULL,0,0,2,2,N,N,55,NULL,98,9801,NULL,,Y,37.50395,-82.53126,N,NULL,NULL,NULL,NULL,NULL,NULL,NULL,NULL,5,3,4,6,1,1,2,2,7,3,N,NULL,Y,N,808,809,815,N,NULL,49,2,1,N,,N,N,098-US-0119-0,NULL,NULL,2023,O,7.29E+11,098-US-0119  -000,HIGH,098-US-0119  -000,0.05,0,0,0,0,0,0,0,0,0,0,0,0,0,1
6991,72928228,KSP0900,23-318974,20230709,1348,,US119,,,US0119,US0119,0,098 US-119,US0119,N,N,NULL,NULL,NULL,N,NULL,NULL,NULL,NULL,NULL,NULL,22.571,NULL,NULL,NULL,NULL,,NULL,1,0,3,3,N,N,55,NULL,98,9834,NULL,,Y,37.63936,-82.25858,N,NULL,NULL,NULL,NULL,NULL,NULL,NULL,NULL,5,3,2,6,1,1,2,2,7,3,N,NULL,Y,Y,1351,1422,1422,N,NULL,70,2,1,N,,N,N,098-US-0119-0,NULL,NULL,2023,C,7.29E+11,098-US-0119  -000,HIGH,098-US-0119  -000,22.571,0,0,0,1,0,0,1,0,0,0,0,0,0,0
6992,72847993,980100,2.02E+11,20221228,1901,,MAYO,,CIR,,,,,,Y,N,NULL,NULL,NULL,N,NULL,NULL,NULL,NULL,NULL,NULL,0.211,NULL,NULL,NULL,NULL,,NULL,0,0,2,2,N,N,,NULL,98,9801,NULL,,Y,37.46144,-82.5172,N,NULL,NULL,NULL,NULL,NULL,NULL,NULL,NULL,2,97,,6,1,1,2,5,1,3,N,NULL,Y,N,1901,1905,1905,N,NULL,90,,,N,,N,N,,NULL,NULL,2022,O,7.28E+11,098-CS-1019  -000,MEDIUM,098-CS-1019  -000,0.211,0,0,0,1,0,0,1,0,0,0,0,0,0,1
6993,72987513,980100,2.02E+11,20231206,,,BAIRD,,AVE,KY1426,KY1426,0,098 KY-1426,KY1426,N,Y,HIBBARD,,ST,N,NULL,NULL,NULL,NULL,NULL,NULL,5.394,NULL,NULL,NULL,NULL,,NULL,0,0,2,2,Y,N,55,NULL,98,9801,NULL,,Y,37.47327,-82.52711,N,NULL,NULL,NULL,NULL,NULL,NULL,NULL,NULL,1,3,2,3,1,1,2,6,1,3,N,NULL,Y,N,1820,1824,1824,N,NULL,10,,0,N,,N,N,098-KY-1426-0,NULL,NULL,2023,O,7.30E+11,098-KY-1426  -000,HIGH,098-KY-1426  -000,5.395,0,0,0,1,0,0,0,1,0,0,1,0,0,1
6994,72864595,980100,2.02E+11,20230210,1730,,US23,,,US0023,US0023,0,098 US-23,US0023,N,N,NULL,NULL,NULL,N,NULL,NULL,NULL,NULL,NULL,NULL,26.25,NULL,NULL,NULL,NULL,,NULL,0,0,2,2,N,N,55,NULL,98,9801,NULL,,Y,37.50319,-82.53208,N,NULL,NULL,NULL,NULL,NULL,NULL,NULL,NULL,5,3,4,3,1,1,3,2,7,3,N,NULL,Y,N,1730,1733,1733,N,NULL,49,,1,N,,N,N,098-US-0023-0,NULL,NULL,2023,O,7.29E+11,098-US-0023  -000,HIGH,098-US-0023  -000,26.188,0,0,0,0,0,0,1,0,0,0,0,0,0,1
6995,72878339,KSP0900,23-102755,20230317,1626,,KY194,,,KY0194,KY0194,0,098 KY-194,KY0194,N,N,NULL,NULL,NULL,N,NULL,NULL,NULL,NULL,NULL,NULL,59.142,NULL,NULL,NULL,NULL,,NULL,3,0,1,1,N,N,35,NULL,98,9804,NULL,,Y,37.55297,-82.15908,N,NULL,NULL,NULL,NULL,NULL,NULL,NULL,NULL,9,4,2,3,1,5,6,2,7,3,Y,NULL,Y,Y,1628,1637,1637,Y,NULL,40,7,0,N,,N,N,098-KY-0194-0,NULL,NULL,2023,C,7.29E+11,098-KY-0194  -000,HIGH,098-KY-0194  -000,59.14,0,0,0,0,0,0,0,0,0,0,0,1,0,0
6996,72809201,KSP0900,22-372734,20220926,348,,FERRELLS CREEK,,RD,US0460,US0460,0,098 US-460,US0460,N,N,NULL,NULL,NULL,N,NULL,NULL,NULL,NULL,NULL,NULL,22.574,NULL,NULL,NULL,NULL,,NULL,0,0,1,1,N,N,55,NULL,98,9847,NULL,,Y,37.38136,-82.25496,N,NULL,NULL,NULL,NULL,NULL,NULL,NULL,NULL,9,3,2,6,1,5,2,6,7,3,N,NULL,Y,N,356,420,450,N,NULL,70,,1,N,,N,N,098-US-0460-0,NULL,NULL,2022,O,7.28E+11,098-US-0460  -000,HIGH,098-US-0460  -000,22.574,0,0,0,0,0,0,0,0,0,0,0,1,0,0
6997,72906399,KSP0900,23-205121,20230530,1400,,KY194,,,KY0194,KY0194,0,098 KY-194,KY0194,Y,N,NULL,NULL,NULL,N,NULL,NULL,NULL,NULL,NULL,NULL,26.205,NULL,NULL,NULL,NULL,,NULL,0,0,2,2,N,N,55,NULL,98,9817,NULL,,Y,37.50141,-82.35636,N,NULL,NULL,NULL,NULL,NULL,NULL,NULL,NULL,2,97,2,6,1,1,2,2,1,3,N,NULL,Y,N,1400,1615,1630,N,NULL,90,6,0,N,,N,N,098-KY-0194-0,NULL,NULL,2023,O,7.29E+11,098-KY-0194  -000,HIGH,098-KY-0194  -000,26.206,0,1,0,0,0,0,1,0,0,0,0,0,0,0
6998,72801391,KSP0900,22-343504,20220904,1551,,GREASY,,CRK,KY3226,KY3226,0,098 KY-3226,KY3226,N,N,NULL,NULL,NULL,N,NULL,NULL,NULL,NULL,NULL,NULL,2.98,NULL,NULL,NULL,NULL,,NULL,0,0,1,1,N,N,55,NULL,98,9832,NULL,,Y,37.41372,-82.45754,N,NULL,NULL,NULL,NULL,NULL,NULL,NULL,NULL,9,3,2,6,1,5,6,2,7,3,N,NULL,Y,N,1551,1551,1700,N,NULL,70,8,0,N,,N,N,098-KY-3226-0,NULL,NULL,2022,O,7.28E+11,098-KY-3226  -000,HIGH,098-KY-3226  -000,2.98,0,0,0,0,0,0,1,0,0,0,0,1,0,0
6999,72984024,KSP0900,23-485353,20231209,1610,,KY122,,,KY0122,KY0122,0,098 KY-122,KY0122,N,N,NULL,NULL,NULL,N,NULL,NULL,NULL,NULL,NULL,NULL,5.01,NULL,NULL,NULL,NULL,,NULL,0,0,1,1,N,N,55,NULL,98,9827,NULL,,Y,37.35011,-82.59585,N,NULL,NULL,NULL,NULL,NULL,NULL,NULL,NULL,9,97,2,3,1,6,3,2,6,3,N,NULL,Y,N,1610,1628,1628,Y,NULL,40,,0,N,,N,N,098-KY-0122-0,NULL,NULL,2023,O,7.30E+11,098-KY-0122  -000,HIGH,098-KY-0122  -000,5.02,0,0,1,0,0,0,0,0,0,0,0,1,0,0
7000,72869205,KSP0900,23-73175,20230225,1214,,US119,,,US0119,US0119,0,098 US-119-10,US0119,N,N,NULL,NULL,NULL,N,NULL,NULL,NULL,NULL,NULL,NULL,22.547,NULL,NULL,NULL,NULL,,NULL,1,0,1,1,N,N,55,NULL,98,9836,NULL,,Y,37.63907,-82.25858,N,NULL,NULL,NULL,NULL,NULL,NULL,NULL,NULL,9,4,4,6,1,5,6,2,7,3,Y,NULL,Y,Y,1226,1252,1255,N,NULL,44,2,1,N,,N,Y,098-US-0119-10,NULL,NULL,2023,C,7.29E+11,098-US-0119  -010,HIGH,098-US-0119  -000,22.549,0,0,0,0,0,0,0,0,1,1,0,1,0,0