OBJECTID,MasterFile,AgencyORINumber,LocalCode,CollisionDate,CollisionTime,CollisionDayWeekCode,RoadwayName,RoadwayName_Direction_,RoadwayName_RoadwaySuffix_,RoadwayfromReport,CurrentRoadwayNumber,RoadwayNumberCoupletID,RSEUniqueGIS,RoadwayIdentifier,ParkingLotIndicator,IntersectionWith_Indicator_,IntersectionWith_NameRoadway_,IntersectionWith_Direction_,IntersectionWith_RoadwaySuffix_,BetweenStreets_Indicator_,BetweenStreets1_NameRoadway_,BetweenStreet1_Direction_,BetweenStreets1_RoadwaySuffix_,BetweenStreets2_NameRoadway_,BetweenStreets2_Direction_,BetweenStreets2_RoadwaySuffix_,Milepoint,ReportMilepointDeriveNumber,CurrentDerivedMiepointNumber,MilestoMilepoint,FeettoMilepoint,DirectionfromMilepoint_NSEW_,ValidMilepointIndicator,NumberInjured,NumberKilled,ofUnits,ofMotorVehicleUnits,Hit&RunIndicator,OneWayIndicator,SpeedLimitNumber,KilometersIndicator,CountyCode,CityCountyCode,MilesFromCity,DirectionFromCity_NSEW_,InCityLimitsIndicator,Latitude,Longitude,RampIndicator,RampFromIdentifier,RampFromDirCode,RampFromCoupletID,RSEUniqueGISRampFrom,RampToidentifier,RampToDirCode,RampToCoupletID,RSEUniqueGisRampTo,MannerofCollisionCode,LocationFirstEventCode,TotalLanes,RoadwayCharacterCode,RoadwaySurfaceCode,RoadwayConditionCode,WeatherCode,LightConditionCode,LandUseCode,SchoolBusRelatedCode,FirstAidSceneIndicator,CollDescPresentInd,InvestigationCompleteIndicator,PhotosTakenIndicator,TimeNotified,TimeArrived,TimeRoadwayOpened,PropertyDamageIndicator,DiagramPresentIndicator,DirectionalAnalysis,FunctionClassCode,NationalHwySysCode,EnforcementsIndicator,KARSCityCode,SecondaryCollisionIndicator,MedianCrossoverIndicator,RT_UNIQUE,MapIt,TimeLastLeft,YR,KABCO,MFNY,WorkingRID,RT_CONFIDENCE,KTC_RT,KTC_MP,Motorcyclist,Commercial Vehicle,Young Driver,Mature Driver,Pedestrian,Bicyclist,Distracted,Aggressive,Impaired,Unrestrained,Intersection,Roadway Departure,Median Cross-over,City Crash
7001,72889045,980100,2.02E+11,20230417,1413,,US119,,,US0119,US0119,0,098 US-119-10,US0119,N,N,NULL,NULL,NULL,N,NULL,NULL,NULL,NULL,NULL,NULL,2.689,NULL,NULL,NULL,NULL,,NULL,0,0,2,2,N,N,55,NULL,98,9801,NULL,,Y,37.51423,-82.48785,N,NULL,NULL,NULL,NULL,NULL,NULL,NULL,NULL,1,3,4,6,1,1,2,2,7,3,N,NULL,Y,N,1413,1425,1426,N,NULL,55,2,1,N,,N,N,098-US-0119-10,NULL,NULL,2023,O,7.29E+11,098-US-0119  -010,HIGH,098-US-0119  -000,2.653,0,0,0,1,0,0,0,0,0,0,0,0,0,1
7002,72859566,KSP0900,23-11819,20230109,2318,,BEECH,,CRK,,,0,098 CR-1106,CR1106,N,N,NULL,NULL,NULL,N,NULL,NULL,NULL,NULL,NULL,NULL,0.85,NULL,NULL,NULL,NULL,,NULL,0,1,1,1,N,N,25,NULL,98,9804,NULL,,Y,37.47943,-82.14726,N,NULL,NULL,NULL,NULL,NULL,NULL,NULL,NULL,9,3,2,6,3,5,3,6,7,3,Y,NULL,Y,Y,2318,2355,30,N,NULL,44,,,N,,N,N,098-CR-1106-0,NULL,NULL,2023,K,7.29E+11,098-CR-1106  -000,HIGH,098-CR-1106  -000,0.863,0,0,0,0,0,0,0,0,1,0,0,1,0,0
7003,72929637,980100,2.02E+11,20230803,1417,,KY3496,,,KY3496,KY3496,0,098 KY-3496,KY3496,N,N,NULL,NULL,NULL,N,NULL,NULL,NULL,NULL,NULL,NULL,0.909,NULL,NULL,NULL,NULL,,NULL,0,0,2,2,N,N,35,NULL,98,9801,NULL,,Y,37.47216,-82.52753,N,NULL,NULL,NULL,NULL,NULL,NULL,NULL,NULL,1,3,2,6,1,5,3,2,1,3,N,NULL,Y,N,1417,1418,1418,N,NULL,55,16,0,N,,N,N,098-KY-3496-0,NULL,NULL,2023,O,7.29E+11,098-KY-3496  -000,HIGH,098-KY-3496  -000,0.914,0,0,0,0,0,0,1,0,0,0,0,0,0,1
7004,72921934,980100,2.02E+11,20230713,1259,,CASSIDY,,BLVD,,,0,098 CS-1191,CS1191,Y,N,NULL,NULL,NULL,N,NULL,NULL,NULL,NULL,NULL,NULL,0.05,NULL,NULL,NULL,NULL,,NULL,0,0,2,2,N,N,,NULL,98,9801,NULL,,Y,37.50369,-82.53297,N,NULL,NULL,NULL,NULL,NULL,NULL,NULL,NULL,2,97,1,6,1,1,2,2,1,3,N,NULL,Y,N,1259,1307,1307,N,NULL,90,,,N,,N,N,098-CS-1191-0,NULL,NULL,2023,O,7.29E+11,098-CS-1191  -000,HIGH,098-CS-1191  -000,0.047,0,0,0,1,0,0,1,0,0,0,0,0,0,1
7005,72850734,KSP0900,23-4714,20230104,1618,,FERRELLS CREEK,,RD,US0460,US0460,0,098 US-460,US0460,N,N,NULL,NULL,NULL,N,NULL,NULL,NULL,NULL,NULL,NULL,25.283,NULL,NULL,NULL,NULL,,NULL,0,0,1,1,N,N,55,NULL,98,9847,NULL,,Y,37.36375,-82.21909,N,NULL,NULL,NULL,NULL,NULL,NULL,NULL,NULL,9,3,2,3,1,1,2,2,7,3,N,NULL,Y,N,1618,1645,1645,N,NULL,40,,1,N,,N,N,098-US-0460-0,NULL,NULL,2023,O,7.29E+11,098-US-0460  -000,HIGH,098-US-0460  -000,25.265,0,0,0,0,0,0,0,0,0,0,0,1,0,0
7006,72961476,KSP0900,23-417406,20231008,830,,BRUSHY,,RD,KY0881,KY0881,0,098 KY-881,KY0881,N,N,NULL,NULL,NULL,N,NULL,NULL,NULL,NULL,NULL,NULL,3.764,NULL,NULL,NULL,NULL,,NULL,0,0,1,1,N,N,55,NULL,98,9853,NULL,,Y,37.61117,-82.4108,N,NULL,NULL,NULL,NULL,NULL,NULL,NULL,NULL,9,4,2,6,1,1,10,2,7,3,N,NULL,Y,N,830,830,830,Y,NULL,40,8,0,N,,N,N,098-KY-0881-0,NULL,NULL,2023,O,7.30E+11,098-KY-0881  -000,HIGH,098-KY-0881  -000,3.768,0,0,0,0,0,0,0,0,0,0,0,1,0,0
7007,72896548,KSP0900,23-173447,20230507,1620,,KY319,,,KY0319,KY0319,0,098 KY-319,KY0319,N,N,NULL,NULL,NULL,N,NULL,NULL,NULL,NULL,NULL,NULL,6.002,NULL,NULL,NULL,NULL,,NULL,1,0,2,2,N,N,45,NULL,98,9842,NULL,,Y,37.63234,-82.25014,N,NULL,NULL,NULL,NULL,NULL,NULL,NULL,NULL,7,3,2,6,1,1,2,2,7,3,Y,NULL,N,Y,1620,1623,1720,N,NULL,54,7,0,N,,N,N,098-KY-0319-0,NULL,NULL,2023,B,7.29E+11,098-KY-0319  -000,HIGH,098-KY-0319  -000,5.983,0,0,0,0,0,0,1,0,0,0,0,1,0,0
7008,72951841,KSP0900,23-406413,20230927,1354,,FERRELLS CREEK,,RD,US0460,US0460,0,098 US-460,US0460,N,N,NULL,NULL,NULL,N,NULL,NULL,NULL,NULL,NULL,NULL,14.415,NULL,NULL,NULL,NULL,,NULL,1,0,1,1,N,N,55,NULL,98,9874,NULL,,Y,37.34238,-82.37382,N,NULL,NULL,NULL,NULL,NULL,NULL,NULL,NULL,9,3,2,3,1,5,3,2,7,3,Y,NULL,Y,Y,1404,1426,1426,N,NULL,40,,1,N,,N,N,098-US-0460-0,NULL,NULL,2023,C,7.30E+11,098-US-0460  -000,HIGH,098-US-0460  -000,14.395,0,0,0,0,0,0,0,0,0,0,0,1,0,0
7009,72845864,980100,2.02E+11,20221221,1735,,KY3496,,,KY3496,KY3496,0,098 KY-3496,KY3496,N,N,NULL,NULL,NULL,N,NULL,NULL,NULL,NULL,NULL,NULL,0.012,NULL,NULL,NULL,NULL,,NULL,1,0,2,2,N,N,35,NULL,98,9801,NULL,,Y,37.46581,-82.52815,N,NULL,NULL,NULL,NULL,NULL,NULL,NULL,NULL,5,3,2,6,1,1,3,3,7,3,N,NULL,Y,N,1735,1738,1738,N,NULL,49,16,0,N,,N,N,098-KY-3496-0,NULL,NULL,2022,C,7.28E+11,098-KY-3496  -000,HIGH,098-KY-3496  -000,0.012,0,0,0,0,0,0,1,0,0,0,0,0,0,1
7010,72879699,KSP0900,23-113070,20230325,1013,,US23,,,US0023,US0023,0,098 US-23,US0023,N,N,NULL,NULL,NULL,N,NULL,NULL,NULL,NULL,NULL,NULL,18.308,NULL,NULL,NULL,NULL,,NULL,0,0,2,2,N,N,55,NULL,98,9807,NULL,,Y,37.43335,-82.51434,N,NULL,NULL,NULL,NULL,NULL,NULL,NULL,NULL,1,3,6,6,1,1,2,2,7,3,N,NULL,Y,N,1013,1046,1046,N,NULL,55,,1,N,,N,N,098-US-0023-0,NULL,NULL,2023,O,7.29E+11,098-US-0023  -000,HIGH,098-US-0023  -000,18.291,0,0,1,0,0,0,0,0,0,0,0,0,0,1
7011,72955899,980100,2.02E+11,20231001,1919,,BOB AMOS,,DR,,,0,098 CS-1025,CS1025,Y,N,NULL,NULL,NULL,N,NULL,NULL,NULL,NULL,NULL,NULL,0.332,NULL,NULL,NULL,NULL,,NULL,0,0,2,2,N,N,15,NULL,98,9801,NULL,,Y,37.47508,-82.54059,N,NULL,NULL,NULL,NULL,NULL,NULL,NULL,NULL,2,97,,6,1,1,2,2,1,3,N,NULL,Y,N,1919,1923,,N,NULL,90,,,N,,N,N,098-CS-1025-0,NULL,NULL,2023,O,7.30E+11,098-CS-1025  -000,HIGH,098-CS-1025  -000,0.33,1,0,1,0,0,0,1,0,0,0,0,0,0,1
7012,72960067,KSP0900,23-416119,20231006,1944,,KY194,,,KY0194,KY0194,0,098 KY-194,KY0194,N,N,NULL,NULL,NULL,N,NULL,NULL,NULL,NULL,NULL,NULL,58.959,NULL,NULL,NULL,NULL,,NULL,3,0,2,2,N,N,45,NULL,98,9804,0,N,N,37.55,-82.15887,N,NULL,NULL,NULL,NULL,NULL,NULL,NULL,NULL,3,3,2,1,1,97,3,6,7,3,Y,NULL,N,Y,1950,2016,2331,N,NULL,52,7,0,N,,N,N,098-KY-0194-0,NULL,NULL,2023,A,7.30E+11,098-KY-0194  -000,HIGH,098-KY-0194  -000,58.928,0,0,0,0,0,0,0,1,0,1,0,1,0,0
7013,72808043,KSP0900,22-367659,20220922,1149,,KY3417,,,KY3417,KY3417,0,098 KY-3417,KY3417,N,N,NULL,NULL,NULL,N,NULL,NULL,NULL,NULL,NULL,NULL,0.198,NULL,NULL,NULL,NULL,,NULL,1,0,1,1,N,N,35,NULL,98,9801,NULL,,Y,37.46434,-82.55949,N,NULL,NULL,NULL,NULL,NULL,NULL,NULL,NULL,9,3,2,3,1,5,3,2,7,3,Y,NULL,Y,Y,1159,1209,1330,N,NULL,44,8,0,N,,N,N,098-KY-3417-0,NULL,NULL,2022,C,7.28E+11,098-KY-3417  -000,HIGH,098-KY-3417  -000,0.198,0,0,0,0,0,0,0,0,0,0,0,1,0,1
7014,72810316,980100,2.02E+11,20220928,1620,,CASSIDY,,BLVD,,,0,098 CS-1191,CS1191,N,N,NULL,NULL,NULL,N,NULL,NULL,NULL,NULL,NULL,NULL,0.314,NULL,NULL,NULL,NULL,,NULL,0,0,2,2,N,N,35,NULL,98,9801,NULL,,Y,37.50542,-82.53721,N,NULL,NULL,NULL,NULL,NULL,NULL,NULL,NULL,5,3,2,6,1,1,3,2,1,3,N,NULL,Y,N,1620,1628,1628,N,NULL,49,,,N,,N,N,098-CS-1191-0,NULL,NULL,2022,O,7.28E+11,098-CS-1191  -000,HIGH,098-CS-1191  -000,0.314,0,0,0,1,0,0,1,0,0,0,0,0,0,1
7015,72846189,980500,2022AR061,20221222,1835,,US23,,,US0023,US0023,0,098 US-23,US0023,N,N,NULL,NULL,NULL,N,NULL,NULL,NULL,NULL,NULL,NULL,28.188,NULL,NULL,NULL,NULL,,NULL,0,0,2,2,N,N,45,NULL,98,9807,NULL,,Y,37.51653,-82.561,N,NULL,NULL,NULL,NULL,NULL,NULL,NULL,NULL,5,3,4,6,1,1,2,5,1,3,N,NULL,Y,Y,1835,1840,,N,NULL,70,,1,N,,N,N,098-US-0023-0,NULL,NULL,2022,O,7.28E+11,098-US-0023  -000,HIGH,098-US-0023  -000,28.188,0,0,1,0,0,0,0,0,0,0,0,0,0,0
7016,72922612,KSP0900,23-325983,20230715,1640,,GREASY,,CRK,,,0,098 CR-1256,CR1256,N,N,NULL,NULL,NULL,N,NULL,NULL,NULL,NULL,NULL,NULL,0.744,NULL,NULL,NULL,NULL,,NULL,0,0,2,2,N,N,45,NULL,98,9841,NULL,,Y,37.37149,-82.48373,N,NULL,NULL,NULL,NULL,NULL,NULL,NULL,NULL,2,3,1,6,1,1,2,2,7,3,N,NULL,Y,N,1745,1810,,N,NULL,47,,,N,,N,N,098-CR-1256-0,NULL,NULL,2023,O,7.29E+11,098-CR-1256  -000,HIGH,098-CR-1256  -000,0.756,0,0,1,0,0,0,0,0,0,0,0,0,0,0
7017,72871853,KSP0900,23-83285,20230303,2027,,ISLAND CREEK,,RD,,,0,098 CR-1141,CR1141,N,N,NULL,NULL,NULL,N,NULL,NULL,NULL,NULL,NULL,NULL,0.469,NULL,NULL,NULL,NULL,,NULL,0,0,1,1,N,N,15,NULL,98,9801,NULL,,Y,37.45073,-82.31523,N,NULL,NULL,NULL,NULL,NULL,NULL,NULL,NULL,9,97,1,6,1,5,97,8,6,3,N,NULL,N,N,2033,2043,2043,N,NULL,70,,,N,,N,N,098-CR-1141-0,NULL,NULL,2023,O,7.29E+11,098-CR-1141  -000,HIGH,098-CR-1141  -000,0.399,0,0,0,0,0,0,0,0,0,0,0,0,0,0
7018,72976273,980500,2023AR061,20231120,1713,,US23,,,US0023,US0023,0,098 US-23-10,US0023,N,N,NULL,NULL,NULL,N,NULL,NULL,NULL,NULL,NULL,NULL,,NULL,NULL,NULL,NULL,NULL,NULL,0,0,2,2,N,N,45,NULL,98,9807,NULL,,Y,37.52372,-82.5721,N,NULL,NULL,NULL,NULL,NULL,NULL,NULL,NULL,5,3,6,6,1,1,2,3,7,3,N,NULL,Y,Y,1713,1715,1715,N,NULL,49,,1,N,,N,N,098-US-0023-10,NULL,NULL,2023,O,7.30E+11,098-US-0023  -010,HIGH,098-US-0023  -000,28.981,0,0,0,1,0,0,1,1,0,0,0,0,0,0
7019,72914488,980100,2.02E+11,20230622,1353,,KEYSER HEIGHTS,W,DR,,,0,098 CS-1188,CS1188,Y,N,NULL,NULL,NULL,N,NULL,NULL,NULL,NULL,NULL,NULL,0.037,NULL,NULL,NULL,NULL,,NULL,0,0,2,2,N,N,,NULL,98,9801,NULL,,Y,37.49057,-82.53046,N,NULL,NULL,NULL,NULL,NULL,NULL,NULL,NULL,1,97,1,6,2,1,2,2,6,3,N,NULL,Y,N,1353,1403,1403,N,NULL,90,,,N,,N,N,098-CS-1188-0,NULL,NULL,2023,O,7.29E+11,098-CS-1188  -000,HIGH,098-CS-1188  -000,0.037,0,0,0,0,0,0,0,0,0,0,0,0,0,1
7020,72938674,KSP0900,23-359721,20230815,1503,,KY610,W,,KY0610,KY0610,,,,N,N,NULL,NULL,NULL,N,NULL,NULL,NULL,NULL,NULL,NULL,8.207,NULL,NULL,NULL,NULL,,NULL,0,0,2,2,N,N,45,NULL,98,9827,NULL,,Y,37.34038,-82.58984,N,NULL,NULL,NULL,NULL,NULL,NULL,NULL,NULL,5,3,2,6,1,1,2,2,7,3,N,NULL,Y,N,1503,1543,1543,N,NULL,70,7,0,N,,N,N,,NULL,NULL,2023,O,7.29E+11,098-KY-0610  -000,HIGH,098-KY-0610  -000,8.206,0,0,0,0,0,0,1,0,0,0,0,0,0,0
7021,72983329,980100,2.02E+11,20231208,1537,,HAMBLEY,,BLVD,,,0,098 CS-1222,CS1222,Y,N,NULL,NULL,NULL,N,NULL,NULL,NULL,NULL,NULL,NULL,1.66,NULL,NULL,NULL,NULL,,NULL,0,0,2,2,N,N,15,NULL,98,9801,NULL,,Y,37.48209,-82.53246,N,NULL,NULL,NULL,NULL,NULL,NULL,NULL,NULL,2,97,2,6,1,1,2,2,1,3,N,NULL,Y,N,1537,1538,1538,N,NULL,90,,,N,,N,N,098-CS-1222-0,NULL,NULL,2023,O,7.30E+11,098-CS-1222  -000,HIGH,098-CS-1222  -000,1.66,0,0,0,0,0,0,1,0,0,0,0,0,0,1
7022,72982192,KSP0900,23-479062,20231203,1841,,KY194,E,,KY0194,KY0194,0,098 KY-194,KY0194,N,N,NULL,NULL,NULL,N,NULL,NULL,NULL,NULL,NULL,NULL,26.063,NULL,NULL,NULL,NULL,,NULL,0,0,2,2,Y,N,55,NULL,98,9817,NULL,,Y,37.50259,-82.35825,N,NULL,NULL,NULL,NULL,NULL,NULL,NULL,NULL,7,3,2,3,1,1,2,6,7,3,N,NULL,N,N,1841,1928,1928,N,NULL,54,6,0,N,,N,N,098-KY-0194-0,NULL,NULL,2023,O,7.30E+11,098-KY-0194  -000,HIGH,098-KY-0194  -000,26.065,0,0,0,0,0,0,0,0,0,0,0,1,0,0
7023,72854523,980100,2.02E+11,20230113,1623,,JUSTICE,,WAY,,,,,,Y,N,NULL,NULL,NULL,N,NULL,NULL,NULL,NULL,NULL,NULL,,NULL,NULL,NULL,NULL,,NULL,0,0,2,2,N,N,15,NULL,98,9801,NULL,,Y,37.50528,-82.53973,N,NULL,NULL,NULL,NULL,NULL,NULL,NULL,NULL,1,97,,6,1,1,2,2,1,3,N,NULL,Y,N,1623,1625,,N,NULL,90,,,N,,N,N,,NULL,NULL,2023,O,7.29E+11,098-CS-1215  -000,MEDIUM,098-CS-1215  -000,0.724,0,0,1,0,0,0,1,0,0,0,0,0,0,1
7024,72974506,980100,2.02E+11,20231117,1353,,US23,,,US0023,US0023,0,098 US-23-10,US0023,N,N,NULL,NULL,NULL,N,NULL,NULL,NULL,NULL,NULL,NULL,32.805,NULL,NULL,NULL,NULL,,NULL,0,0,2,2,N,N,55,NULL,98,9801,NULL,,Y,37.53175,-82.61947,N,NULL,NULL,NULL,NULL,NULL,NULL,NULL,NULL,4,3,4,6,1,1,3,2,2,3,N,NULL,Y,N,1353,1401,1429,N,NULL,70,,1,N,,N,N,098-US-0023-10,NULL,NULL,2023,O,7.30E+11,098-US-0023  -010,HIGH,098-US-0023  -000,32.786,0,0,1,1,0,0,0,1,0,0,0,0,0,1
7025,72944980,980100,2.02E+11,20230906,1723,,BANK,,ST,,,0,098 CS-1106,CS1106,Y,N,NULL,NULL,NULL,N,NULL,NULL,NULL,NULL,NULL,NULL,0.011,NULL,NULL,NULL,NULL,,NULL,0,0,2,2,N,N,,NULL,98,9801,NULL,,Y,37.47549,-82.52159,N,NULL,NULL,NULL,NULL,NULL,NULL,NULL,NULL,2,97,,5,1,1,2,2,5,3,N,NULL,Y,N,1724,1726,1726,N,NULL,90,,,N,,N,N,098-CS-1106-0,NULL,NULL,2023,O,7.29E+11,098-CS-1106  -000,HIGH,098-CS-1106  -000,0.011,0,0,1,0,0,0,0,0,0,0,0,0,0,1
7026,72899485,980100,2.02E+11,20230508,1723,,HAROLDS BRANCH,,RD,,,0,098 CS-1223,CS1223,Y,N,NULL,NULL,NULL,N,NULL,NULL,NULL,NULL,NULL,NULL,0.086,NULL,NULL,NULL,NULL,,NULL,0,0,2,2,Y,N,,NULL,98,9801,NULL,,Y,37.47176,-82.52194,N,NULL,NULL,NULL,NULL,NULL,NULL,NULL,NULL,7,97,,6,2,1,2,8,5,3,N,NULL,N,N,1724,1725,1740,N,NULL,90,,,N,,N,N,098-CS-1223-0,NULL,NULL,2023,O,7.29E+11,098-CS-1223  -000,HIGH,098-CS-1223  -000,0.085,0,0,0,0,0,0,1,0,0,0,0,0,0,1
7027,72814391,KSP0900,22-382951,20221003,1950,,KY194,,,KY0194,KY0194,0,098 KY-194,KY0194,N,N,NULL,NULL,NULL,N,NULL,NULL,NULL,NULL,NULL,NULL,68.379,NULL,NULL,NULL,NULL,,NULL,1,0,1,1,N,N,35,NULL,98,9825,NULL,,Y,37.51125,-82.07585,N,NULL,NULL,NULL,NULL,NULL,NULL,NULL,NULL,9,3,2,3,1,1,2,6,7,3,Y,NULL,Y,Y,1950,2000,2044,N,NULL,44,7,0,N,,N,N,098-KY-0194-0,NULL,NULL,2022,B,7.28E+11,098-KY-0194  -000,HIGH,098-KY-0194  -000,68.379,0,0,0,1,0,0,0,0,0,0,0,1,0,0
7028,72976296,980000,23-11-003,20231117,2215,,US23,,,US0023,US0023,0,098 US-23,US0023,N,N,NULL,NULL,NULL,N,NULL,NULL,NULL,NULL,NULL,NULL,16.653,NULL,NULL,NULL,NULL,,NULL,0,0,1,1,N,N,55,NULL,98,9801,NULL,,Y,37.41757,-82.5268,N,NULL,NULL,NULL,NULL,NULL,NULL,NULL,NULL,9,3,4,5,1,5,6,4,7,3,N,NULL,Y,N,2230,2230,,N,NULL,38,,1,N,,N,N,098-US-0023-0,NULL,NULL,2023,O,7.30E+11,098-US-0023  -000,HIGH,098-US-0023  -000,16.635,0,0,0,0,0,0,0,0,0,0,0,0,0,0
7029,72979563,980100,2.02E+11,20231128,1317,,KY1460,,,KY1460,KY1460,0,098 KY-1460,KY1460,N,N,NULL,NULL,NULL,N,NULL,NULL,NULL,NULL,NULL,NULL,6.627,NULL,NULL,NULL,NULL,,NULL,0,0,2,2,N,N,45,NULL,98,9801,NULL,,Y,37.48348,-82.53793,N,NULL,NULL,NULL,NULL,NULL,NULL,NULL,NULL,5,3,2,6,1,1,2,2,6,3,N,NULL,Y,N,1319,1319,,N,NULL,49,16,0,N,,N,N,098-KY-1460-0,NULL,NULL,2023,O,7.30E+11,098-KY-1460  -000,HIGH,098-KY-1460  -000,6.58,0,0,0,1,0,0,1,0,0,0,0,0,0,1
7030,72910778,980100,2.02E+11,20230602,1818,,US119,,,US0119,US0119,0,098 US-119,US0119,N,N,NULL,NULL,NULL,N,NULL,NULL,NULL,NULL,NULL,NULL,20.908,NULL,NULL,NULL,NULL,,NULL,1,0,2,2,N,N,55,NULL,98,9801,20,N,N,37.62027,-82.26849,N,NULL,NULL,NULL,NULL,NULL,NULL,NULL,NULL,1,3,2,6,1,1,2,2,1,3,N,NULL,Y,Y,1818,1818,1818,N,NULL,55,2,1,N,,N,N,098-US-0119-0,NULL,NULL,2023,C,7.29E+11,098-US-0119  -000,HIGH,098-US-0119  -000,20.908,0,0,0,0,0,0,1,1,0,0,0,1,0,0
7031,72950399,980100,2.02E+11,20230920,1438,,US23,,,US0023,US0023,,,,N,N,NULL,NULL,NULL,N,NULL,NULL,NULL,NULL,NULL,NULL,30.843,NULL,NULL,NULL,NULL,,NULL,0,0,2,2,N,N,55,NULL,98,9801,NULL,,Y,37.54133,-82.59115,N,NULL,NULL,NULL,NULL,NULL,NULL,NULL,NULL,8,3,4,6,1,1,2,2,7,3,N,NULL,N,N,1438,1501,,N,NULL,53,,1,N,,N,N,,NULL,NULL,2023,O,7.30E+11,098-US-0023  -010,MEDIUM,098-US-0023  -000,30.843,0,0,0,0,0,0,1,0,0,0,0,1,0,1
7032,72987482,KSP0900,23-485564,20231209,2044,,US119,N,,US0119,US0119,0,098 US-119,US0119,N,N,NULL,NULL,NULL,N,NULL,NULL,NULL,NULL,NULL,NULL,12.216,NULL,NULL,NULL,NULL,,NULL,0,0,1,1,N,N,55,NULL,98,9833,NULL,,Y,37.59855,-82.37251,N,NULL,NULL,NULL,NULL,NULL,NULL,NULL,NULL,9,3,2,3,1,1,2,7,7,3,N,NULL,N,N,2030,2045,2045,N,NULL,38,2,1,N,,N,N,098-US-0119-0,NULL,NULL,2023,O,7.30E+11,098-US-0119  -000,HIGH,098-US-0119  -000,12.222,0,0,0,0,0,0,0,0,0,0,0,0,0,0
7033,72833462,980100,2.02E+11,20221122,2300,,OWSLEY,,RD,KY1384,KY1384,0,098 KY-1384,KY1384,N,N,NULL,NULL,NULL,N,NULL,NULL,NULL,NULL,NULL,NULL,6.194,NULL,NULL,NULL,NULL,,NULL,0,0,1,1,N,N,35,NULL,98,9801,NULL,,Y,37.47606,-82.55277,N,NULL,NULL,NULL,NULL,NULL,NULL,NULL,NULL,9,3,2,6,1,1,3,6,6,3,N,NULL,Y,N,2300,2304,2346,N,NULL,38,17,0,N,,N,N,098-KY-1384-0,NULL,NULL,2022,O,7.28E+11,098-KY-1384  -000,HIGH,098-KY-1384  -000,6.194,0,0,1,0,0,0,0,0,0,0,0,0,0,1
7034,72845408,KSP0900,22-485326,20221220,2244,,COWPEN,,RD,KY2061,KY2061,0,098 KY-2061,KY2061,N,N,NULL,NULL,NULL,N,NULL,NULL,NULL,NULL,NULL,NULL,1.347,NULL,NULL,NULL,NULL,,NULL,0,0,1,1,N,N,55,NULL,98,9807,NULL,,Y,37.54506,-82.56194,N,NULL,NULL,NULL,NULL,NULL,NULL,NULL,NULL,9,3,2,3,1,1,2,6,7,3,N,NULL,Y,N,2244,2300,2300,N,NULL,44,,0,N,,N,N,098-KY-2061-0,NULL,NULL,2022,O,7.28E+11,098-KY-2061  -000,HIGH,098-KY-2061  -000,1.347,0,0,0,0,0,0,1,0,0,0,0,1,0,0
7035,72904819,KSP0900,23-199169,20230526,630,,KY194,,,KY0194,KY0194,0,098 KY-194,KY0194,N,N,NULL,NULL,NULL,N,NULL,NULL,NULL,NULL,NULL,NULL,54.298,NULL,NULL,NULL,NULL,,NULL,0,0,1,1,N,N,35,NULL,98,9804,NULL,,Y,37.5091,-82.13921,N,NULL,NULL,NULL,NULL,NULL,NULL,NULL,NULL,9,3,2,3,1,1,3,2,7,3,N,NULL,N,N,630,635,800,N,NULL,40,8,0,N,,N,N,098-KY-0194-0,NULL,NULL,2023,O,7.29E+11,098-KY-0194  -000,HIGH,098-KY-0194  -000,54.303,0,0,0,0,0,0,1,0,0,1,0,1,0,0
7036,72918441,KSP0900,23-313846,20230704,2149,,US460,,,US0460,US0460,0,098 US-460,US0460,N,N,NULL,NULL,NULL,N,NULL,NULL,NULL,NULL,NULL,NULL,8.146,NULL,NULL,NULL,NULL,,NULL,1,0,1,1,N,N,55,NULL,98,9830,7,N,N,37.37685,-82.43261,N,NULL,NULL,NULL,NULL,NULL,NULL,NULL,NULL,9,3,2,6,1,1,2,6,7,3,Y,NULL,Y,Y,2149,2206,2319,N,NULL,40,,1,N,,N,N,098-US-0460-0,NULL,NULL,2023,A,7.29E+11,098-US-0460  -000,HIGH,098-US-0460  -000,8.126,1,0,0,0,0,0,0,0,0,0,0,1,0,0
7037,72806639,980100,2.02E+11,20220907,1228,,BAIRD,,AVE,KY1426,KY1426,,,,Y,N,NULL,NULL,NULL,N,NULL,NULL,NULL,NULL,NULL,NULL,5.404,NULL,NULL,NULL,NULL,,NULL,0,0,2,2,N,Y,,NULL,98,9801,NULL,,Y,37.47315,-82.52708,N,NULL,NULL,NULL,NULL,NULL,NULL,NULL,NULL,8,97,,6,1,1,2,2,1,3,N,NULL,Y,N,1228,1233,,N,NULL,90,,0,N,,N,N,,NULL,NULL,2022,O,7.28E+11,098-KY-1426  -000,HIGH,098-KY-1426  -000,5.404,0,0,0,0,0,0,1,0,0,0,0,0,0,1
7038,72921233,980100,2.02E+11,20230711,1408,,CAROLINE,,AVE,,,0,098 CS-1127,CS1127,N,N,NULL,NULL,NULL,N,NULL,NULL,NULL,NULL,NULL,NULL,0.015,NULL,NULL,NULL,NULL,,NULL,0,0,2,2,N,N,5,NULL,98,9801,NULL,,Y,37.47915,-82.5192,N,NULL,NULL,NULL,NULL,NULL,NULL,NULL,NULL,8,5,1,6,1,1,2,2,1,3,N,NULL,Y,N,1408,1409,1411,N,NULL,47,,,N,,N,N,098-CS-1127-0,NULL,NULL,2023,O,7.29E+11,098-CS-1127  -000,HIGH,098-CS-1127  -000,0.035,0,0,0,0,0,0,0,0,0,0,0,0,0,1