OBJECTID,MasterFile,AgencyORINumber,LocalCode,CollisionDate,CollisionTime,CollisionDayWeekCode,RoadwayName,RoadwayName_Direction_,RoadwayName_RoadwaySuffix_,RoadwayfromReport,CurrentRoadwayNumber,RoadwayNumberCoupletID,RSEUniqueGIS,RoadwayIdentifier,ParkingLotIndicator,IntersectionWith_Indicator_,IntersectionWith_NameRoadway_,IntersectionWith_Direction_,IntersectionWith_RoadwaySuffix_,BetweenStreets_Indicator_,BetweenStreets1_NameRoadway_,BetweenStreet1_Direction_,BetweenStreets1_RoadwaySuffix_,BetweenStreets2_NameRoadway_,BetweenStreets2_Direction_,BetweenStreets2_RoadwaySuffix_,Milepoint,ReportMilepointDeriveNumber,CurrentDerivedMiepointNumber,MilestoMilepoint,FeettoMilepoint,DirectionfromMilepoint_NSEW_,ValidMilepointIndicator,NumberInjured,NumberKilled,ofUnits,ofMotorVehicleUnits,Hit&RunIndicator,OneWayIndicator,SpeedLimitNumber,KilometersIndicator,CountyCode,CityCountyCode,MilesFromCity,DirectionFromCity_NSEW_,InCityLimitsIndicator,Latitude,Longitude,RampIndicator,RampFromIdentifier,RampFromDirCode,RampFromCoupletID,RSEUniqueGISRampFrom,RampToidentifier,RampToDirCode,RampToCoupletID,RSEUniqueGisRampTo,MannerofCollisionCode,LocationFirstEventCode,TotalLanes,RoadwayCharacterCode,RoadwaySurfaceCode,RoadwayConditionCode,WeatherCode,LightConditionCode,LandUseCode,SchoolBusRelatedCode,FirstAidSceneIndicator,CollDescPresentInd,InvestigationCompleteIndicator,PhotosTakenIndicator,TimeNotified,TimeArrived,TimeRoadwayOpened,PropertyDamageIndicator,DiagramPresentIndicator,DirectionalAnalysis,FunctionClassCode,NationalHwySysCode,EnforcementsIndicator,KARSCityCode,SecondaryCollisionIndicator,MedianCrossoverIndicator,RT_UNIQUE,MapIt,TimeLastLeft,YR,KABCO,MFNY,WorkingRID,RT_CONFIDENCE,KTC_RT,KTC_MP,Motorcyclist,Commercial Vehicle,Young Driver,Mature Driver,Pedestrian,Bicyclist,Distracted,Aggressive,Impaired,Unrestrained,Intersection,Roadway Departure,Median Cross-over,City Crash
7039,72933775,KSP0900,23-353923,20230810,850,,KY199,,,KY0199,KY0199,0,098 KY-199,KY0199,N,N,NULL,NULL,NULL,N,NULL,NULL,NULL,NULL,NULL,NULL,11.299,NULL,NULL,NULL,NULL,,NULL,0,0,1,1,N,N,55,NULL,98,9851,NULL,,Y,37.59703,-82.27523,N,NULL,NULL,NULL,NULL,NULL,NULL,NULL,NULL,9,3,2,3,1,5,6,2,7,3,N,NULL,N,N,850,855,900,N,NULL,40,7,0,N,,N,N,098-KY-0199-0,NULL,NULL,2023,O,7.29E+11,098-KY-0199  -000,HIGH,098-KY-0199  -000,11.312,0,0,0,0,0,0,0,0,0,0,0,1,0,0
7040,72977039,980100,2.02E+11,20231119,1301,,US23,,,US0023,US0023,0,098 US-23-10,US0023,Y,N,NULL,NULL,NULL,N,NULL,NULL,NULL,NULL,NULL,NULL,19.061,NULL,NULL,NULL,NULL,,NULL,0,0,2,2,N,N,35,NULL,98,9801,NULL,,Y,37.44189,-82.50634,N,NULL,NULL,NULL,NULL,NULL,NULL,NULL,NULL,2,97,4,6,1,1,2,2,1,3,N,NULL,Y,N,1301,1311,1311,N,NULL,90,,1,N,,N,N,098-US-0023-10,NULL,NULL,2023,O,7.30E+11,098-US-0023  -010,HIGH,098-US-0023  -000,19.044,0,0,0,0,0,0,1,0,0,0,0,0,0,1
7041,72968120,980100,2.02E+11,20231103,1648,,BYPASS,S,RD,KY1426,KY1426,0,098 KY-1426,KY1426,Y,N,NULL,NULL,NULL,N,NULL,NULL,NULL,NULL,NULL,NULL,6.256,NULL,NULL,NULL,NULL,,NULL,0,0,2,2,N,N,55,NULL,98,9801,NULL,,Y,37.47841,-82.51556,N,NULL,NULL,NULL,NULL,NULL,NULL,NULL,NULL,2,97,2,6,1,1,2,2,1,3,N,NULL,Y,N,1648,1650,1650,N,NULL,90,,0,N,,N,N,098-KY-1426-0,NULL,NULL,2023,O,7.30E+11,098-KY-1426  -000,HIGH,098-KY-1426  -000,6.255,0,0,0,1,0,0,1,0,0,0,0,0,0,1
7042,72945048,KSP0900,23-379632,20230902,1751,,GRAPEVINE,,RD,KY0194,KY0194,0,098 KY-194,KY0194,N,N,NULL,NULL,NULL,N,NULL,NULL,NULL,NULL,NULL,NULL,35.158,NULL,NULL,NULL,NULL,,NULL,1,0,1,1,N,N,35,NULL,98,9849,NULL,,Y,37.45119,-82.30379,N,NULL,NULL,NULL,NULL,NULL,NULL,NULL,NULL,9,3,2,3,1,1,2,2,7,3,N,NULL,Y,Y,1751,1819,1819,N,NULL,44,7,0,N,,N,N,098-KY-0194-0,NULL,NULL,2023,C,7.29E+11,098-KY-0194  -000,HIGH,098-KY-0194  -000,35.172,1,0,0,1,0,0,0,0,0,0,0,1,0,0
7043,72834101,980100,2.02E+11,20221125,1305,,BYPASS,S,RD,KY1426,KY1426,0,098 KY-1426,KY1426,N,N,NULL,NULL,NULL,N,NULL,NULL,NULL,NULL,NULL,NULL,6.116,NULL,NULL,NULL,NULL,,NULL,0,0,2,2,N,N,45,NULL,98,9801,NULL,,Y,37.47689,-82.51707,N,NULL,NULL,NULL,NULL,NULL,NULL,NULL,NULL,5,3,2,6,1,5,3,2,7,3,N,NULL,Y,N,1305,1309,1310,N,NULL,49,,0,N,,N,N,098-KY-1426-0,NULL,NULL,2022,O,7.28E+11,098-KY-1426  -000,HIGH,098-KY-1426  -000,6.116,0,0,0,0,0,0,1,0,0,0,0,0,0,1
7044,72918739,980100,2.02E+11,20230630,1552,,BYPASS,S,RD,KY1426,KY1426,0,098 KY-1426,KY1426,Y,N,NULL,NULL,NULL,N,NULL,NULL,NULL,NULL,NULL,NULL,5.675,NULL,NULL,NULL,NULL,,NULL,0,0,2,2,Y,N,15,NULL,98,9801,NULL,,Y,37.47272,-82.52312,N,NULL,NULL,NULL,NULL,NULL,NULL,NULL,NULL,7,97,2,6,1,1,3,2,1,3,N,NULL,Y,N,1552,1552,1603,N,NULL,90,,0,N,,N,N,098-KY-1426-0,NULL,NULL,2023,O,7.29E+11,098-KY-1426  -000,HIGH,098-KY-1426  -000,5.675,0,0,0,0,0,0,0,0,0,0,0,0,0,1
7045,72937933,KSP0900,23-364470,20230819,2050,,JOES,,CRK,KY3227,KY3227,0,098 KY-3227,KY3227,N,N,NULL,NULL,NULL,N,NULL,NULL,NULL,NULL,NULL,NULL,6.872,NULL,NULL,NULL,NULL,,NULL,0,0,2,2,N,N,35,NULL,98,9887,NULL,,Y,37.58143,-82.50629,N,NULL,NULL,NULL,NULL,NULL,NULL,NULL,NULL,3,3,1,3,1,1,2,6,7,3,N,NULL,N,N,2050,2115,0,N,NULL,52,8,0,N,,N,N,098-KY-3227-0,NULL,NULL,2023,O,7.29E+11,098-KY-3227  -000,HIGH,098-KY-3227  -000,6.899,0,0,0,0,0,0,1,0,0,0,0,1,0,0
7046,72834371,KSP0900,22-446356,20221121,800,,BIG CREEK,E,RD,KY3220,KY3220,0,098 KY-3220,KY3220,N,N,NULL,NULL,NULL,N,NULL,NULL,NULL,NULL,NULL,NULL,1.035,NULL,NULL,NULL,NULL,,NULL,0,0,2,2,N,N,35,NULL,98,9833,NULL,,Y,37.618,-82.35044,N,NULL,NULL,NULL,NULL,NULL,NULL,NULL,NULL,2,7,2,6,1,1,2,2,7,3,N,NULL,Y,N,800,800,800,N,NULL,47,8,0,N,,N,N,098-KY-3220-0,NULL,NULL,2022,O,7.28E+11,098-KY-3220  -000,HIGH,098-KY-3220  -000,1.035,0,0,0,0,0,0,1,0,0,0,0,0,0,0
7047,72980937,KSP0900,23-477149,20231201,2108,,US460,,,US0460,US0460,0,098 US-460,US0460,N,N,NULL,NULL,NULL,N,NULL,NULL,NULL,NULL,NULL,NULL,4.585,NULL,NULL,NULL,NULL,,NULL,0,0,1,1,N,N,55,NULL,98,9824,NULL,,Y,37.4161,-82.45227,N,NULL,NULL,NULL,NULL,NULL,NULL,NULL,NULL,9,3,2,6,1,5,2,6,7,3,N,NULL,Y,N,2108,2120,,N,NULL,40,,1,N,,N,N,098-US-0460-0,NULL,NULL,2023,O,7.30E+11,098-US-0460  -000,HIGH,098-US-0460  -000,4.595,0,0,0,0,0,0,0,0,0,0,0,1,0,0
7048,72891071,980100,2.02E+11,20230424,1717,,HAMBLEY,,BLVD,,,0,098 CS-1222,CS1222,Y,N,NULL,NULL,NULL,N,NULL,NULL,NULL,NULL,NULL,NULL,,NULL,NULL,NULL,NULL,NULL,NULL,0,0,2,2,N,N,15,NULL,98,9801,NULL,,Y,37.48523,-82.52352,N,NULL,NULL,NULL,NULL,NULL,NULL,NULL,NULL,2,97,2,6,1,1,2,2,1,3,N,NULL,Y,N,1717,1720,,N,NULL,90,,,N,,N,N,098-CS-1222-0,NULL,NULL,2023,O,7.29E+11,098-CS-1222  -000,HIGH,098-CS-1222  -000,1.109,0,0,1,1,0,0,0,0,0,0,0,0,0,1
7049,72868314,KSP0900,23-67118,20230221,730,,KY80,,,KY0080,KY0080,0,098 KY-80,KY0080,N,N,NULL,NULL,NULL,N,NULL,NULL,NULL,NULL,NULL,NULL,0.148,NULL,NULL,NULL,NULL,,NULL,0,0,1,1,N,N,55,NULL,98,9849,NULL,,Y,37.34018,-82.37352,N,NULL,NULL,NULL,NULL,NULL,NULL,NULL,NULL,9,3,2,6,1,5,10,2,7,3,N,NULL,N,N,800,900,900,N,NULL,40,7,5,N,,N,N,098-KY-0080-0,NULL,NULL,2023,O,7.29E+11,098-KY-0080  -000,HIGH,098-KY-0080  -000,0.135,0,0,0,0,0,0,0,0,0,0,0,1,0,0
7050,72899337,980100,2.02E+11,20230516,1238,,THOMPSON,,RD,,,0,098 CS-1215,CS1215,N,N,NULL,NULL,NULL,N,NULL,NULL,NULL,NULL,NULL,NULL,0.368,NULL,NULL,NULL,NULL,,NULL,0,0,2,2,N,N,35,NULL,98,9801,NULL,,Y,37.50663,-82.54597,N,NULL,NULL,NULL,NULL,NULL,NULL,NULL,NULL,5,3,3,6,1,1,3,2,7,3,N,NULL,Y,N,1238,1247,1301,N,NULL,49,,,N,,N,N,098-CS-1215-0,NULL,NULL,2023,O,7.29E+11,098-CS-1215  -000,HIGH,098-CS-1215  -000,0.377,0,0,0,1,0,0,0,0,0,0,0,0,0,1
7051,72951023,KSP0900,23-389150,20230911,1311,,MARROWBONE CREEK,,RD,KY0195,KY0195,,,,N,N,NULL,NULL,NULL,N,NULL,NULL,NULL,NULL,NULL,NULL,8.909,NULL,NULL,NULL,NULL,,NULL,0,0,1,1,N,N,45,NULL,98,9830,NULL,,Y,37.33909,-82.42667,N,NULL,NULL,NULL,NULL,NULL,NULL,NULL,NULL,9,5,2,6,1,1,2,2,6,3,N,NULL,Y,N,1311,1335,1335,N,NULL,44,7,0,N,,N,N,,NULL,NULL,2023,O,7.30E+11,098-KY-0195  -000,HIGH,098-KY-0195  -000,8.919,0,0,0,1,0,0,1,0,0,0,0,1,0,0
7052,72854606,980100,2.02E+11,20230108,2038,,US23,,,US0023,US0023,0,098 US-23-10,US0023,N,N,NULL,NULL,NULL,N,NULL,NULL,NULL,NULL,NULL,NULL,24.829,NULL,NULL,NULL,NULL,,NULL,0,0,1,1,N,N,55,NULL,98,9801,NULL,,Y,37.48646,-82.54179,N,NULL,NULL,NULL,NULL,NULL,NULL,NULL,NULL,9,3,4,6,1,5,3,5,7,3,N,NULL,Y,N,2038,2041,,N,NULL,70,,1,N,,N,N,098-US-0023-10,NULL,NULL,2023,O,7.29E+11,098-US-0023  -010,HIGH,098-US-0023  -000,24.785,0,0,1,0,0,0,0,0,0,0,0,0,0,1
7053,72945052,KSP0900,23-389555,20230911,1900,,KY122,,,KY0122,KY0122,0,098 KY-122,KY0122,N,N,NULL,NULL,NULL,N,NULL,NULL,NULL,NULL,NULL,NULL,5.049,NULL,NULL,NULL,NULL,,NULL,0,0,2,2,N,N,55,NULL,98,9827,NULL,,Y,37.35002,-82.59513,N,NULL,NULL,NULL,NULL,NULL,NULL,NULL,NULL,2,3,2,6,1,1,2,2,7,3,N,NULL,N,N,1854,1915,1915,N,NULL,56,,0,N,,N,N,098-KY-0122-0,NULL,NULL,2023,O,7.29E+11,098-KY-0122  -000,HIGH,098-KY-0122  -000,5.061,0,0,0,0,0,0,0,0,0,0,0,0,0,0
7054,72971659,KSP0900,23-447652,20231105,1657,,KY1056,,,KY1056,KY1056,0,098 KY-1056,KY1056,N,N,NULL,NULL,NULL,N,NULL,NULL,NULL,NULL,NULL,NULL,0.29,NULL,NULL,NULL,NULL,,NULL,0,0,1,1,N,N,35,NULL,98,9851,NULL,,Y,37.55899,-82.25665,N,NULL,NULL,NULL,NULL,NULL,NULL,NULL,NULL,9,3,2,2,1,1,2,3,7,3,N,NULL,Y,N,1657,1657,1657,N,NULL,44,8,0,N,,N,N,098-KY-1056-0,NULL,NULL,2023,O,7.30E+11,098-KY-1056  -000,HIGH,098-KY-1056  -000,0.299,0,0,0,0,0,0,0,0,0,0,0,1,0,0
7055,72901170,980100,2.02E+11,20230512,1613,,CASSIDY,,BLVD,,,0,098 CS-1191,CS1191,Y,N,NULL,NULL,NULL,N,NULL,NULL,NULL,NULL,NULL,NULL,0.043,NULL,NULL,NULL,NULL,,NULL,0,0,2,2,N,N,,NULL,98,9801,NULL,,Y,37.50371,-82.53287,N,NULL,NULL,NULL,NULL,NULL,NULL,NULL,NULL,7,97,,6,1,1,3,2,1,3,N,NULL,Y,N,1613,1633,,N,NULL,90,,,N,,N,N,098-CS-1191-0,NULL,NULL,2023,O,7.29E+11,098-CS-1191  -000,HIGH,098-CS-1191  -000,0.041,0,0,0,0,0,0,1,0,0,0,0,0,0,1
7056,72895497,KSP0900,23-172639,20230506,2318,,KY1426,,,KY1426,KY1426,0,098 KY-1426,KY1426,N,N,NULL,NULL,NULL,N,NULL,NULL,NULL,NULL,NULL,NULL,13.825,NULL,NULL,NULL,NULL,,NULL,0,0,1,1,N,N,55,NULL,98,9828,NULL,,Y,37.55542,-82.45389,N,NULL,NULL,NULL,NULL,NULL,NULL,NULL,NULL,9,3,2,6,1,1,2,6,7,3,N,NULL,Y,N,2318,2318,2318,N,NULL,38,7,0,N,,N,N,098-KY-1426-0,NULL,NULL,2023,O,7.29E+11,098-KY-1426  -000,HIGH,098-KY-1426  -000,13.838,0,0,0,0,0,0,0,0,0,0,0,0,0,0
7057,73007769,KSP0900,23-471384,20231126,1313,,DORTON,,CRK,,,0,098 CR-1930,CR1930,N,N,NULL,NULL,NULL,N,NULL,NULL,NULL,NULL,NULL,NULL,0.058,NULL,NULL,NULL,NULL,,NULL,0,0,1,1,Y,N,35,NULL,98,9809,NULL,,Y,37.28144,-82.56479,N,NULL,NULL,NULL,NULL,NULL,NULL,NULL,NULL,9,97,1,5,1,1,2,2,6,3,N,NULL,Y,N,1313,1426,1426,Y,NULL,40,,,N,,N,N,098-CR-1930-0,NULL,NULL,2023,O,7.30E+11,098-CR-1930  -000,HIGH,098-CR-1930  -000,0.055,0,0,0,0,0,0,1,0,0,0,0,1,0,0
7058,72867231,980100,2.02E+11,20230220,1202,,BYPASS,,RD,,,0,098 CS-1223,CS1223,Y,N,NULL,NULL,NULL,N,NULL,NULL,NULL,NULL,NULL,NULL,,NULL,NULL,NULL,NULL,NULL,NULL,0,0,1,1,N,N,,NULL,98,9801,NULL,,Y,37.47128,-82.52117,N,NULL,NULL,NULL,NULL,NULL,NULL,NULL,NULL,9,97,1,6,2,1,3,2,1,3,N,NULL,Y,N,1202,1216,1216,Y,NULL,90,,,N,,N,N,098-CS-1223-0,NULL,NULL,2023,O,7.29E+11,098-CS-1223  -000,HIGH,098-CS-1223  -000,0.136,0,0,0,0,0,0,1,0,0,0,0,1,0,1
7059,72853578,980100,2.02E+11,20230106,1726,,CASSIDY,,BLVD,,,0,098 CS-1191,CS1191,N,N,NULL,NULL,NULL,N,NULL,NULL,NULL,NULL,NULL,NULL,0.055,NULL,NULL,NULL,NULL,,NULL,0,0,2,2,N,N,25,NULL,98,9801,NULL,,Y,37.50368,-82.53305,N,NULL,NULL,NULL,NULL,NULL,NULL,NULL,NULL,8,3,5,6,1,1,2,2,7,3,N,NULL,Y,N,1726,1735,1752,N,NULL,53,,,N,,N,N,098-CS-1191-0,NULL,NULL,2023,O,7.29E+11,098-CS-1191  -000,HIGH,098-CS-1191  -000,0.051,0,0,0,0,0,0,0,0,0,0,0,1,0,1
7060,72958079,980100,2.02E+11,20231005,1324,,HAMBLEY,,BLVD,,,0,098 CS-1222,CS1222,Y,N,NULL,NULL,NULL,N,NULL,NULL,NULL,NULL,NULL,NULL,0.662,NULL,NULL,NULL,NULL,,NULL,0,0,2,2,N,N,,NULL,98,9801,NULL,,Y,37.48056,-82.51902,N,NULL,NULL,NULL,NULL,NULL,NULL,NULL,NULL,2,97,,6,1,1,2,2,6,3,N,NULL,Y,N,1324,1327,1327,N,NULL,90,,,N,,N,N,098-CS-1222-0,NULL,NULL,2023,O,7.30E+11,098-CS-1222  -000,HIGH,098-CS-1222  -000,0.665,0,0,0,0,0,0,1,0,0,0,0,0,0,1
7061,72921894,980100,2.02E+11,20230707,1948,,BAIRD,,AVE,KY1426,KY1426,0,098 KY-1426,KY1426,N,N,NULL,NULL,NULL,N,NULL,NULL,NULL,NULL,NULL,NULL,5.388,NULL,NULL,NULL,NULL,,NULL,0,0,2,2,N,N,55,NULL,98,9801,NULL,,Y,37.47308,-82.52694,N,NULL,NULL,NULL,NULL,NULL,NULL,NULL,NULL,1,3,2,6,1,1,3,2,1,3,N,NULL,Y,N,1948,1956,,N,NULL,55,,0,N,,N,N,098-KY-1426-0,NULL,NULL,2023,O,7.29E+11,098-KY-1426  -000,HIGH,098-KY-1426  -000,5.41,0,0,1,0,0,0,0,1,0,0,0,0,0,1
7062,72962223,980100,2.02E+11,20231013,1621,,TRIVETTE,,DR,,,0,098 CS-1114,CS1114,Y,N,NULL,NULL,NULL,N,NULL,NULL,NULL,NULL,NULL,NULL,0.036,NULL,NULL,NULL,NULL,,NULL,0,0,2,2,N,N,,NULL,98,9801,NULL,,Y,37.48252,-82.5152,N,NULL,NULL,NULL,NULL,NULL,NULL,NULL,NULL,2,97,,6,1,1,2,2,1,3,N,NULL,Y,N,1621,1626,1710,N,NULL,90,,,N,,N,N,098-CS-1114-0,NULL,NULL,2023,O,7.30E+11,098-CS-1114  -000,HIGH,098-CS-1114  -000,0.036,0,0,0,0,0,0,1,0,0,0,0,0,0,1
7063,72890950,KSP0900,23-141336,20230414,800,,FORD MOUNTAIN,,RD,,,0,098 CR-1364Q4,CR1364Q4,N,N,NULL,NULL,NULL,N,NULL,NULL,NULL,NULL,NULL,NULL,0.342,NULL,NULL,NULL,NULL,,NULL,0,0,1,1,N,N,35,NULL,98,9820,NULL,,Y,37.56982,-82.45298,N,NULL,NULL,NULL,NULL,NULL,NULL,NULL,NULL,9,3,2,6,1,1,3,2,7,3,N,NULL,N,N,800,835,900,N,NULL,70,,,N,,N,N,098-CR-1364Q4-0,NULL,NULL,2023,O,7.29E+11,098-CR-1364Q4-000,HIGH,098-CR-1364Q4-000,0.325,0,0,0,0,0,0,0,0,0,0,0,0,0,0
7064,72958966,980100,2.02E+11,20231007,1309,,US23,,,US0023,US0023,0,098 US-23,US0023,N,N,NULL,NULL,NULL,N,NULL,NULL,NULL,NULL,NULL,NULL,31.769,NULL,NULL,NULL,NULL,,NULL,3,0,2,2,N,N,55,NULL,98,9801,NULL,,Y,37.53737,-82.60461,N,NULL,NULL,NULL,NULL,NULL,NULL,NULL,NULL,1,3,4,6,1,1,2,2,7,3,Y,NULL,Y,Y,1309,1324,1414,N,NULL,55,,1,N,,N,N,098-US-0023-0,NULL,NULL,2023,C,7.30E+11,098-US-0023  -000,HIGH,098-US-0023  -000,31.749,0,0,0,1,0,0,0,0,0,0,0,1,0,1
7065,72892950,980100,2.02E+11,20230420,1400,,TRIVETTE,,DR,,,0,098 CS-1114,CS1114,N,N,NULL,NULL,NULL,N,NULL,NULL,NULL,NULL,NULL,NULL,0.148,NULL,NULL,NULL,NULL,,NULL,0,0,2,2,N,Y,15,NULL,98,9801,NULL,,Y,37.48399,-82.51598,N,NULL,NULL,NULL,NULL,NULL,NULL,NULL,NULL,2,3,1,6,1,1,2,2,6,3,N,NULL,Y,N,1400,1406,1406,N,NULL,47,,,N,,N,N,098-CS-1114-0,NULL,NULL,2023,O,7.29E+11,098-CS-1114  -000,HIGH,098-CS-1114  -000,0.148,0,0,0,0,0,0,1,0,0,0,0,0,0,1
7066,72940393,980100,2.02E+11,20230823,1619,,CASSIDY,,BLVD,,,0,098 CS-1191,CS1191,Y,N,NULL,NULL,NULL,N,NULL,NULL,NULL,NULL,NULL,NULL,0.059,NULL,NULL,NULL,NULL,,NULL,0,0,2,2,Y,N,,NULL,98,9801,NULL,,Y,37.50368,-82.5331,N,NULL,NULL,NULL,NULL,NULL,NULL,NULL,NULL,2,97,,6,1,1,2,2,1,3,N,NULL,Y,N,1619,1638,,N,NULL,90,,,N,,N,N,098-CS-1191-0,NULL,NULL,2023,O,7.29E+11,098-CS-1191  -000,HIGH,098-CS-1191  -000,0.054,0,0,0,0,0,0,0,0,0,0,0,0,0,1
7067,72936005,KSP0900,23-358350,20230814,1011,,WILLIAMSON,,RD,KY0292,KY0292,0,098 KY-292,KY0292,N,N,NULL,NULL,NULL,N,NULL,NULL,NULL,NULL,NULL,NULL,9.701,NULL,NULL,NULL,NULL,,NULL,2,0,2,2,Y,N,45,NULL,98,9834,NULL,,Y,37.70617,-82.30608,N,NULL,NULL,NULL,NULL,NULL,NULL,NULL,NULL,7,3,2,6,1,5,6,2,7,3,Y,NULL,Y,Y,1011,1011,1011,N,NULL,54,7,0,N,,N,N,098-KY-0292-0,NULL,NULL,2023,C,7.29E+11,098-KY-0292  -000,HIGH,098-KY-0292  -000,9.71,0,0,0,0,0,0,0,0,0,0,0,1,0,0
7068,72975186,KSP0900,23-462159,20231117,2018,,GOODY,,LOOP,,,0,,GOODY LOOP,Y,N,NULL,NULL,NULL,N,NULL,NULL,NULL,NULL,NULL,NULL,0.074,NULL,NULL,NULL,NULL,,NULL,0,0,2,2,N,N,,NULL,98,9834,NULL,,Y,37.65825,-82.27068,N,NULL,NULL,NULL,NULL,NULL,NULL,NULL,NULL,8,97,,6,1,5,6,5,1,3,N,NULL,Y,N,2018,2030,2030,N,NULL,90,,,N,,N,N,,NULL,NULL,2023,O,7.30E+11,098-US-0119  -000,MEDIUM,098-US-0119  -000,24.167,0,0,0,1,0,0,1,0,0,0,0,0,0,0
7069,72914729,KSP0900,23-238435,20230624,1331,,KY194,,,KY0194,KY0194,0,098 KY-194,KY0194,N,N,NULL,NULL,NULL,N,NULL,NULL,NULL,NULL,NULL,NULL,20.897,NULL,NULL,NULL,NULL,,NULL,0,0,1,1,N,N,55,NULL,98,9817,NULL,,Y,37.5404,-82.39301,N,NULL,NULL,NULL,NULL,NULL,NULL,NULL,NULL,9,3,2,4,1,1,3,2,7,3,N,NULL,Y,N,1331,1408,1408,N,NULL,38,6,0,N,,N,N,098-KY-0194-0,NULL,NULL,2023,O,7.29E+11,098-KY-0194  -000,HIGH,098-KY-0194  -000,20.883,0,0,1,0,0,0,0,0,0,0,0,0,0,0
7070,72890212,KSP0900,23-145143,20230416,1912,,US460 TURN LANE,,,US0460,US0460,0,098 US-460-21,US0460,N,N,NULL,NULL,NULL,N,NULL,NULL,NULL,NULL,NULL,NULL,0.04,NULL,NULL,NULL,NULL,,NULL,1,0,2,2,N,N,55,NULL,98,9847,NULL,,Y,37.38258,-82.25511,N,NULL,NULL,NULL,NULL,NULL,NULL,NULL,NULL,5,3,2,3,1,5,6,3,7,3,Y,NULL,Y,Y,1912,1950,2022,N,NULL,49,,1,N,,N,N,098-US-0460-21,NULL,NULL,2023,A,7.29E+11,098-US-0460  -021,HIGH,098-US-0460  -021,0.04,0,0,0,0,0,0,0,0,0,0,0,0,0,0
7071,72987540,KSP0900,23-495030,20231218,1638,,COLLINS,,HWY,KY0122,KY0122,0,098 KY-122,KY0122,N,N,NULL,NULL,NULL,N,NULL,NULL,NULL,NULL,NULL,NULL,12.967,NULL,NULL,NULL,NULL,,NULL,0,0,1,1,N,N,55,NULL,98,9801,NULL,,Y,37.40485,-82.51739,N,NULL,NULL,NULL,NULL,NULL,NULL,NULL,NULL,9,3,2,2,1,4,9,2,7,3,N,NULL,Y,N,1712,1716,1638,N,NULL,40,,0,N,,N,N,098-KY-0122-0,NULL,NULL,2023,O,7.30E+11,098-KY-0122  -000,HIGH,098-KY-0122  -000,12.964,0,0,0,0,0,0,0,0,0,0,0,1,0,0
7072,72844834,980100,2.02E+11,20221219,1545,,HAROLDS BRANCH,,RD,,,0,098 CS-1223,CS1223,N,N,NULL,NULL,NULL,N,NULL,NULL,NULL,NULL,NULL,NULL,,NULL,NULL,NULL,NULL,,NULL,0,0,2,2,N,N,35,NULL,98,9801,NULL,,Y,37.47281,-82.5227,N,NULL,NULL,NULL,NULL,NULL,NULL,NULL,NULL,5,3,3,6,1,1,2,2,7,3,N,NULL,Y,N,1545,1547,1547,N,NULL,70,,,Y,,N,N,098-CS-1223-0,NULL,NULL,2022,O,7.28E+11,098-CS-1223  -000,HIGH,098-CS-1223  -000,0.001,0,0,0,0,0,0,1,1,0,0,0,0,0,1
7073,72989043,KSP0900,23-498839,20231222,751,,SCHOOLHOUSE,,RD,,,0,098 CR-1267L,CR1267L,N,N,NULL,NULL,NULL,N,NULL,NULL,NULL,NULL,NULL,NULL,0.214,NULL,NULL,NULL,NULL,,NULL,0,0,1,1,N,N,5,NULL,98,9824,NULL,,Y,37.42636,-82.49152,N,NULL,NULL,NULL,NULL,NULL,NULL,NULL,NULL,9,97,1,5,2,1,2,2,7,3,N,NULL,Y,Y,751,822,751,Y,NULL,70,,,N,,N,N,098-CR-1267L-0,NULL,NULL,2023,O,7.30E+11,098-CR-1267L -000,HIGH,098-CR-1267L -000,0.222,0,0,0,0,0,0,0,0,0,0,0,0,0,0
7074,72902447,980100,2.02E+11,20230522,1513,,CASSIDY,,BLVD,,,0,098 CS-1191,CS1191,N,N,NULL,NULL,NULL,N,NULL,NULL,NULL,NULL,NULL,NULL,0.261,NULL,NULL,NULL,NULL,,NULL,0,0,2,2,Y,N,35,NULL,98,9801,NULL,,Y,37.50464,-82.53612,N,NULL,NULL,NULL,NULL,NULL,NULL,NULL,NULL,1,3,,6,1,1,2,2,7,3,N,NULL,Y,N,1513,1524,1717,N,NULL,55,,,Y,,N,N,098-CS-1191-0,NULL,NULL,2023,O,7.29E+11,098-CS-1191  -000,HIGH,098-CS-1191  -000,0.245,0,0,0,0,0,0,0,1,1,0,0,0,0,1
7075,72802195,980100,2.02E+11,20220831,2253,,US23,,,US0023,US0023,0,098 US-23,US0023,N,N,NULL,NULL,NULL,N,NULL,NULL,NULL,NULL,NULL,NULL,24.668,NULL,NULL,NULL,NULL,,NULL,0,0,1,1,N,N,55,NULL,98,9801,NULL,,Y,37.48399,-82.54289,N,NULL,NULL,NULL,NULL,NULL,NULL,NULL,NULL,9,3,4,6,1,1,3,5,7,3,N,NULL,Y,N,2253,2358,,N,NULL,70,,1,N,,N,N,098-US-0023-0,NULL,NULL,2022,O,7.28E+11,098-US-0023  -000,HIGH,098-US-0023  -000,24.668,0,0,0,0,0,0,0,0,0,0,0,0,0,1