OBJECTID,MasterFile,AgencyORINumber,LocalCode,CollisionDate,CollisionTime,CollisionDayWeekCode,RoadwayName,RoadwayName_Direction_,RoadwayName_RoadwaySuffix_,RoadwayfromReport,CurrentRoadwayNumber,RoadwayNumberCoupletID,RSEUniqueGIS,RoadwayIdentifier,ParkingLotIndicator,IntersectionWith_Indicator_,IntersectionWith_NameRoadway_,IntersectionWith_Direction_,IntersectionWith_RoadwaySuffix_,BetweenStreets_Indicator_,BetweenStreets1_NameRoadway_,BetweenStreet1_Direction_,BetweenStreets1_RoadwaySuffix_,BetweenStreets2_NameRoadway_,BetweenStreets2_Direction_,BetweenStreets2_RoadwaySuffix_,Milepoint,ReportMilepointDeriveNumber,CurrentDerivedMiepointNumber,MilestoMilepoint,FeettoMilepoint,DirectionfromMilepoint_NSEW_,ValidMilepointIndicator,NumberInjured,NumberKilled,ofUnits,ofMotorVehicleUnits,Hit&RunIndicator,OneWayIndicator,SpeedLimitNumber,KilometersIndicator,CountyCode,CityCountyCode,MilesFromCity,DirectionFromCity_NSEW_,InCityLimitsIndicator,Latitude,Longitude,RampIndicator,RampFromIdentifier,RampFromDirCode,RampFromCoupletID,RSEUniqueGISRampFrom,RampToidentifier,RampToDirCode,RampToCoupletID,RSEUniqueGisRampTo,MannerofCollisionCode,LocationFirstEventCode,TotalLanes,RoadwayCharacterCode,RoadwaySurfaceCode,RoadwayConditionCode,WeatherCode,LightConditionCode,LandUseCode,SchoolBusRelatedCode,FirstAidSceneIndicator,CollDescPresentInd,InvestigationCompleteIndicator,PhotosTakenIndicator,TimeNotified,TimeArrived,TimeRoadwayOpened,PropertyDamageIndicator,DiagramPresentIndicator,DirectionalAnalysis,FunctionClassCode,NationalHwySysCode,EnforcementsIndicator,KARSCityCode,SecondaryCollisionIndicator,MedianCrossoverIndicator,RT_UNIQUE,MapIt,TimeLastLeft,YR,KABCO,MFNY,WorkingRID,RT_CONFIDENCE,KTC_RT,KTC_MP,Motorcyclist,Commercial Vehicle,Young Driver,Mature Driver,Pedestrian,Bicyclist,Distracted,Aggressive,Impaired,Unrestrained,Intersection,Roadway Departure,Median Cross-over,City Crash
7076,72876948,KSP0900,23-104153,20230318,1749,,KY122,,,KY0122,KY0122,0,098 KY-122,KY0122,N,N,NULL,NULL,NULL,N,NULL,NULL,NULL,NULL,NULL,NULL,10.367,NULL,NULL,NULL,NULL,,NULL,0,0,2,2,N,N,45,NULL,98,9823,NULL,,Y,37.3871,-82.54401,N,NULL,NULL,NULL,NULL,NULL,NULL,NULL,NULL,7,3,2,6,1,1,2,2,7,3,N,NULL,Y,N,1753,1800,,N,NULL,54,,0,N,,N,N,098-KY-0122-0,NULL,NULL,2023,O,7.29E+11,098-KY-0122  -000,HIGH,098-KY-0122  -000,10.368,0,0,0,1,0,0,0,0,0,0,0,1,0,0
7077,72902998,980100,2.02E+11,20230525,818,,BYPASS,S,RD,KY1426,KY1426,,,,N,N,NULL,NULL,NULL,N,NULL,NULL,NULL,NULL,NULL,NULL,5.686,NULL,NULL,NULL,NULL,,NULL,0,0,2,2,N,N,15,NULL,98,9801,NULL,,Y,37.47275,-82.52293,N,NULL,NULL,NULL,NULL,NULL,NULL,NULL,NULL,2,3,2,6,1,1,2,2,1,3,N,NULL,Y,N,818,833,,N,NULL,56,,0,N,,N,N,,NULL,NULL,2023,O,7.29E+11,098-KY-1426  -000,MEDIUM,098-KY-1426  -000,5.686,0,0,0,1,0,0,1,0,0,0,0,0,0,1
7078,72904238,KSP0900,23-202315,20230528,957,,US460,,,US0460,US0460,,,,N,N,NULL,NULL,NULL,N,NULL,NULL,NULL,NULL,NULL,NULL,1.136,NULL,NULL,NULL,NULL,,NULL,0,0,2,2,N,N,45,NULL,98,9824,NULL,,Y,37.42878,-82.50346,N,NULL,NULL,NULL,NULL,NULL,NULL,NULL,NULL,5,3,2,6,1,5,6,2,7,3,N,NULL,N,N,957,1022,1041,N,NULL,49,,1,N,,N,N,,NULL,NULL,2023,O,7.29E+11,098-US-0460  -000,HIGH,098-US-0460  -000,1.136,0,0,0,1,0,0,0,0,0,0,0,0,0,0
7079,72833890,980100,2.02E+11,20221125,1339,,CASSIDY,,BLVD,,,,,,Y,N,NULL,NULL,NULL,N,NULL,NULL,NULL,NULL,NULL,NULL,0.239,NULL,NULL,NULL,NULL,,NULL,0,0,2,2,N,N,15,NULL,98,9801,NULL,,Y,37.50423,-82.53581,N,NULL,NULL,NULL,NULL,NULL,NULL,NULL,NULL,5,97,,6,1,5,3,2,1,3,N,NULL,Y,N,1339,1346,,N,NULL,90,,,N,,N,N,,NULL,NULL,2022,O,7.28E+11,098-CS-1191  -000,LOW,098-CS-1191  -000,0.239,0,0,0,0,0,0,0,0,0,0,0,0,0,1
7080,72929122,980100,2.02E+11,20230727,1655,,CASSIDY,,BLVD,,,0,098 CS-1191,CS1191,N,N,NULL,NULL,NULL,N,NULL,NULL,NULL,NULL,NULL,NULL,0.069,NULL,NULL,NULL,NULL,,NULL,0,0,2,2,N,N,15,NULL,98,9801,NULL,,Y,37.50366,-82.53326,N,NULL,NULL,NULL,NULL,NULL,NULL,NULL,NULL,1,97,2,6,1,1,2,2,1,3,N,NULL,Y,N,1655,1701,,N,NULL,55,,,N,,N,N,098-CS-1191-0,NULL,NULL,2023,O,7.29E+11,098-CS-1191  -000,HIGH,098-CS-1191  -000,0.063,0,0,1,0,0,0,1,0,0,0,0,0,0,1
7081,72912324,KSP0900,23-229675,20230616,1949,,KY194,W,,KY0194,KY0194,0,098 KY-194,KY0194,N,N,NULL,NULL,NULL,N,NULL,NULL,NULL,NULL,NULL,NULL,12.902,NULL,NULL,NULL,NULL,,NULL,0,0,1,1,N,N,45,NULL,98,9828,NULL,,Y,37.59004,-82.48729,N,NULL,NULL,NULL,NULL,NULL,NULL,NULL,NULL,9,3,2,3,1,1,2,2,7,3,N,NULL,N,N,1949,2026,2100,N,NULL,44,7,0,N,,N,N,098-KY-0194-0,NULL,NULL,2023,O,7.29E+11,098-KY-0194  -000,HIGH,098-KY-0194  -000,12.88,0,0,0,0,0,0,0,0,0,1,0,1,0,0
7082,72929516,980100,2.02E+11,20230802,1440,,CASSIDY,,BLVD,,,0,098 CS-1191,CS1191,Y,N,NULL,NULL,NULL,N,NULL,NULL,NULL,NULL,NULL,NULL,0.043,NULL,NULL,NULL,NULL,,NULL,0,0,2,2,N,N,,NULL,98,9801,NULL,,Y,37.5037,-82.53287,N,NULL,NULL,NULL,NULL,NULL,NULL,NULL,NULL,2,97,1,6,1,1,2,2,1,3,N,NULL,Y,N,1440,1449,1450,N,NULL,90,,,N,,N,N,098-CS-1191-0,NULL,NULL,2023,O,7.29E+11,098-CS-1191  -000,HIGH,098-CS-1191  -000,0.041,0,0,0,0,0,0,1,0,0,0,0,0,0,1
7083,72880251,KSP0900,23-117080,20230327,2112,,BURNING FORK,,RD,,,0,098 CR-1481,CR1481,N,N,NULL,NULL,NULL,N,NULL,NULL,NULL,NULL,NULL,NULL,0.049,NULL,NULL,NULL,NULL,,NULL,0,0,1,1,N,N,25,NULL,98,9828,NULL,,Y,37.51226,-82.47502,N,NULL,NULL,NULL,NULL,NULL,NULL,NULL,NULL,9,3,2,1,1,1,1,6,6,3,N,NULL,Y,Y,2112,2155,2240,N,NULL,70,,,N,,N,N,098-CR-1481-0,NULL,NULL,2023,O,7.29E+11,098-CR-1481  -000,HIGH,098-CR-1481  -000,0.046,0,0,0,0,0,0,0,0,0,0,0,0,0,0
7084,72916241,KSP0900,23-233726,20230619,1751,,US119,N,,US0119,US0119,0,098 US-119,US0119,Y,N,NULL,NULL,NULL,N,NULL,NULL,NULL,NULL,NULL,NULL,24.892,NULL,NULL,NULL,NULL,,NULL,0,0,2,2,N,N,5,NULL,98,9834,NULL,,Y,37.66703,-82.27592,N,NULL,NULL,NULL,NULL,NULL,NULL,NULL,NULL,5,97,0,6,1,1,3,2,1,3,N,NULL,N,N,1751,1821,1821,N,NULL,90,2,1,N,,N,N,098-US-0119-0,NULL,NULL,2023,O,7.29E+11,098-US-0119  -000,HIGH,098-US-0119  -000,24.891,0,0,0,0,0,0,1,0,0,0,0,0,0,0
7085,72796720,KSP0900,22-317933,20220817,1330,,MILLS,,RD,,,0,098 CR-1349Q4,CR1349Q4,N,N,NULL,NULL,NULL,N,NULL,NULL,NULL,NULL,NULL,NULL,1.481,NULL,NULL,NULL,NULL,,NULL,1,0,2,2,N,N,35,NULL,98,9801,8,W,N,37.64012,-82.53994,N,NULL,NULL,NULL,NULL,NULL,NULL,NULL,NULL,5,3,1,1,1,1,2,2,7,3,Y,NULL,N,Y,1330,1402,1402,N,NULL,49,,,N,,N,N,098-CR-1349Q4-0,NULL,NULL,2022,C,7.28E+11,098-CR-1349Q4-000,HIGH,098-CR-1349Q4-000,1.481,0,0,0,1,0,0,1,0,0,0,0,0,0,0
7086,72854222,KSP0900,23-17650,20230114,1255,,KY611,,,KY0611,KY0611,0,098 KY-611,KY0611,N,N,NULL,NULL,NULL,N,NULL,NULL,NULL,NULL,NULL,NULL,3.071,NULL,NULL,NULL,NULL,,NULL,0,0,2,2,N,N,25,NULL,98,9830,NULL,,Y,37.31682,-82.50191,N,NULL,NULL,NULL,NULL,NULL,NULL,NULL,NULL,3,3,2,2,1,5,9,2,7,3,N,NULL,N,N,1338,1353,1405,N,NULL,52,8,0,N,,N,N,098-KY-0611-0,NULL,NULL,2023,O,7.29E+11,098-KY-0611  -000,HIGH,098-KY-0611  -000,3.091,0,0,0,0,0,0,0,0,0,0,0,1,0,0
7087,72865990,KSP0900,23-60426,20230216,745,,US119,,,US0119,US0119,0,098 US-119-10,US0119,N,N,NULL,NULL,NULL,N,NULL,NULL,NULL,NULL,NULL,NULL,21.017,NULL,NULL,NULL,NULL,,NULL,0,0,2,2,N,N,35,NULL,98,9836,NULL,,Y,37.62222,-82.26826,N,NULL,NULL,NULL,NULL,NULL,NULL,NULL,NULL,8,3,2,3,1,5,6,2,7,3,N,NULL,Y,N,750,830,845,N,NULL,53,2,1,N,,N,N,098-US-0119-10,NULL,NULL,2023,O,7.29E+11,098-US-0119  -010,HIGH,098-US-0119  -000,21.018,0,0,0,0,0,0,1,1,0,0,0,1,0,0
7088,72892997,980100,2.02E+11,20230426,1610,,RIVERVIEW,,DR,,,0,098 CS-1149,CS1149,N,N,NULL,NULL,NULL,N,NULL,NULL,NULL,NULL,NULL,NULL,0.206,NULL,NULL,NULL,NULL,,NULL,0,0,2,2,N,N,15,NULL,98,9801,NULL,,Y,37.48437,-82.53129,N,NULL,NULL,NULL,NULL,NULL,NULL,NULL,NULL,8,3,1,6,1,1,2,2,6,3,N,NULL,Y,N,1610,1614,,N,NULL,47,,,N,,N,N,098-CS-1149-0,NULL,NULL,2023,O,7.29E+11,098-CS-1149  -000,HIGH,098-CS-1149  -000,0.205,0,0,0,0,0,0,1,0,0,0,0,0,0,1
7089,72752975,980100,2.02E+11,20220419,1510,,THOMPSON,,RD,,,,,,Y,N,NULL,NULL,NULL,N,NULL,NULL,NULL,NULL,NULL,NULL,0.418,NULL,NULL,NULL,NULL,,NULL,0,0,2,2,N,N,15,NULL,98,9801,NULL,,Y,37.50641,-82.54508,N,NULL,NULL,NULL,NULL,NULL,NULL,NULL,NULL,1,97,,6,1,1,2,2,1,3,N,NULL,Y,N,1510,1528,1528,N,NULL,90,,,N,,N,N,,NULL,NULL,2022,O,7.28E+11,098-CS-1215  -000,MEDIUM,098-CS-1215  -000,0.418,0,0,1,0,0,0,1,0,0,0,0,0,0,1
7090,72948975,980100,2.02E+11,20230910,1443,,KY3496,,,KY3496,KY3496,0,098 KY-3496,KY3496,N,N,NULL,NULL,NULL,N,NULL,NULL,NULL,NULL,NULL,NULL,0.668,NULL,NULL,NULL,NULL,,NULL,1,0,2,2,N,N,35,NULL,98,9801,NULL,,Y,37.4718,-82.53192,N,NULL,NULL,NULL,NULL,NULL,NULL,NULL,NULL,1,3,2,6,1,1,3,2,1,3,Y,NULL,Y,Y,1443,1447,1513,N,NULL,55,16,0,N,,N,N,098-KY-3496-0,NULL,NULL,2023,C,7.29E+11,098-KY-3496  -000,HIGH,098-KY-3496  -000,0.676,0,0,0,0,0,0,1,0,0,0,0,0,0,1
7091,72942304,980100,2.02E+11,20230901,1738,,KY3496,,,KY3496,KY3496,0,098 KY-3496,KY3496,Y,N,NULL,NULL,NULL,N,NULL,NULL,NULL,NULL,NULL,NULL,0.067,NULL,NULL,NULL,NULL,,NULL,0,0,2,2,N,N,15,NULL,98,9801,NULL,,Y,37.46539,-82.52901,N,NULL,NULL,NULL,NULL,NULL,NULL,NULL,NULL,7,97,2,6,1,1,2,2,1,3,N,NULL,Y,N,1738,1739,1739,N,NULL,90,16,0,N,,N,N,098-KY-3496-0,NULL,NULL,2023,O,7.29E+11,098-KY-3496  -000,HIGH,098-KY-3496  -000,0.063,0,0,0,1,0,0,0,0,0,0,0,0,0,1
7092,72944932,980500,2023AR042,20230908,1511,,US 23 SOUTH,,,,,,,,N,N,NULL,NULL,NULL,N,NULL,NULL,NULL,NULL,NULL,NULL,,NULL,NULL,NULL,NULL,NULL,NULL,0,0,2,2,N,N,45,NULL,98,9807,NULL,,Y,37.53637,-82.57947,N,NULL,NULL,NULL,NULL,NULL,NULL,NULL,NULL,8,3,4,6,1,1,2,2,7,3,N,NULL,Y,Y,1511,1520,1600,N,NULL,53,,,N,,N,N,,NULL,NULL,2023,O,7.29E+11,098-US-0023  -010,MEDIUM,098-US-0023  -000,29.939,0,1,0,0,0,0,1,1,0,0,0,1,0,1
7093,72867993,KSP0900,23-68828,20230222,1124,,COLLINS,,HWY,KY0122,KY0122,0,098 KY-122,KY0122,Y,N,NULL,NULL,NULL,N,NULL,NULL,NULL,NULL,NULL,NULL,,NULL,NULL,NULL,NULL,,NULL,0,0,2,2,Y,N,5,NULL,98,9827,NULL,,Y,37.38697,-82.53861,N,NULL,NULL,NULL,NULL,NULL,NULL,NULL,NULL,1,7,,6,1,1,2,2,1,3,N,NULL,Y,N,1351,1410,1410,N,NULL,90,,0,N,,N,N,098-KY-0122-0,NULL,NULL,2023,O,7.29E+11,098-KY-0122  -000,HIGH,098-KY-0122  -000,10.684,0,0,0,0,0,0,1,0,0,0,0,0,0,0
7094,72934143,KSP0900,23-328130,20230717,1542,,SHELBIANA,W,RD,US0460,US0460,,,,N,N,NULL,NULL,NULL,N,NULL,NULL,NULL,NULL,NULL,NULL,1.323,NULL,NULL,NULL,NULL,,NULL,0,0,2,2,N,N,45,NULL,98,9801,NULL,,Y,37.42696,-82.50108,N,NULL,NULL,NULL,NULL,NULL,NULL,NULL,NULL,5,3,2,6,1,1,2,2,7,3,N,NULL,Y,N,1542,1547,1547,N,NULL,70,,1,N,,N,N,,NULL,NULL,2023,O,7.29E+11,098-US-0460  -000,HIGH,098-US-0460  -000,1.325,0,0,0,1,0,0,1,0,0,0,0,0,0,0
7095,72918488,980100,2.02E+11,20230622,935,,US119,,,US0119,US0119,0,098 US-119,US0119,N,N,NULL,NULL,NULL,N,NULL,NULL,NULL,NULL,NULL,NULL,2.995,NULL,NULL,NULL,NULL,,NULL,3,0,2,2,N,N,55,NULL,98,9801,NULL,,Y,37.51396,-82.48164,N,NULL,NULL,NULL,NULL,NULL,NULL,NULL,NULL,1,3,2,6,1,1,2,2,7,3,Y,NULL,Y,Y,936,939,1026,N,NULL,55,2,1,N,,N,N,098-US-0119-0,NULL,NULL,2023,C,7.29E+11,098-US-0119  -000,HIGH,098-US-0119  -000,2.996,0,0,0,0,0,0,0,0,0,0,0,1,0,0
7096,72987824,980500,2023AR067,20231219,1331,,MAIN STREET AND COMMERICAL STREET,,,,,,,,N,N,NULL,NULL,NULL,N,NULL,NULL,NULL,NULL,NULL,NULL,,NULL,NULL,NULL,NULL,NULL,NULL,0,0,2,2,N,N,25,NULL,98,9807,NULL,,Y,37.51815,-82.5649,N,NULL,NULL,NULL,NULL,NULL,NULL,NULL,NULL,4,3,2,6,1,1,2,2,1,3,N,NULL,Y,Y,1331,1335,1335,N,NULL,70,,,N,,N,N,,NULL,NULL,2023,O,7.30E+11,098-CS-3000  -000,MEDIUM,098-CS-3000  -000,0.363,0,0,1,0,0,0,1,0,0,0,0,0,0,0
7097,72868604,KSP0900,23-63287,20230218,1044,,KY2062,,,KY2062,KY2062,0,098 KY-2062,KY2062,N,N,NULL,NULL,NULL,N,NULL,NULL,NULL,NULL,NULL,NULL,2.678,NULL,NULL,NULL,NULL,,NULL,0,0,1,1,N,N,55,NULL,98,9825,NULL,,Y,37.51206,-82.10002,N,NULL,NULL,NULL,NULL,NULL,NULL,NULL,NULL,9,5,2,3,1,1,2,2,7,3,N,NULL,Y,Y,1045,1103,1105,N,NULL,44,8,0,N,,N,N,098-KY-2062-0,NULL,NULL,2023,O,7.29E+11,098-KY-2062  -000,HIGH,098-KY-2062  -000,2.678,0,0,0,0,0,0,0,0,0,0,0,1,0,0
7098,72868873,KSP0900,23-67864,20230221,1632,,KY1469,,,KY1469,KY1469,0,098 KY-1469,KY1469,N,N,NULL,NULL,NULL,N,NULL,NULL,NULL,NULL,NULL,NULL,7.068,NULL,NULL,NULL,NULL,,NULL,2,0,2,2,N,N,55,NULL,98,9827,5,W,N,37.30572,-82.64023,N,NULL,NULL,NULL,NULL,NULL,NULL,NULL,NULL,8,3,2,6,1,1,2,2,7,3,Y,NULL,Y,Y,1632,1645,1754,N,NULL,53,8,0,N,,N,N,098-KY-1469-0,NULL,NULL,2023,C,7.29E+11,098-KY-1469  -000,HIGH,098-KY-1469  -000,7.068,0,0,0,0,0,0,0,0,0,0,0,1,0,0
7099,72832599,980100,2.02E+11,20221116,2122,,CASSIDY,,BLVD,,,,,,N,N,NULL,NULL,NULL,N,NULL,NULL,NULL,NULL,NULL,NULL,0.319,NULL,NULL,NULL,NULL,,NULL,0,0,2,2,N,N,35,NULL,98,9801,NULL,,Y,37.5052,-82.53722,N,NULL,NULL,NULL,NULL,NULL,NULL,NULL,NULL,7,3,2,3,1,1,2,5,1,3,N,NULL,Y,N,2122,2124,2202,N,NULL,54,,,N,,N,N,,NULL,NULL,2022,O,7.28E+11,098-CS-1191  -000,MEDIUM,098-CS-1191  -000,0.319,0,0,0,0,0,0,1,0,0,0,0,1,0,1
7100,72955195,KSP0900,23-414329,20231005,739,,US460,,,US0460,US0460,0,098 US-460,US0460,N,N,NULL,NULL,NULL,N,NULL,NULL,NULL,NULL,NULL,NULL,4.976,NULL,NULL,NULL,NULL,,NULL,1,0,3,3,N,N,55,NULL,98,9832,NULL,,Y,37.41137,-82.44968,N,NULL,NULL,NULL,NULL,NULL,NULL,NULL,NULL,5,3,2,6,1,1,10,2,7,3,Y,NULL,N,Y,739,808,850,N,NULL,70,,1,N,,N,N,098-US-0460-0,NULL,NULL,2023,C,7.30E+11,098-US-0460  -000,HIGH,098-US-0460  -000,4.961,0,0,0,0,0,0,0,0,0,0,0,0,0,0
7101,72886660,KSP0900,23-140699,20230413,1839,,BIG CREEK,E,RD,KY3220,KY3220,0,098 KY-3220,KY3220,N,N,NULL,NULL,NULL,N,NULL,NULL,NULL,NULL,NULL,NULL,2.554,NULL,NULL,NULL,NULL,,NULL,0,0,2,2,N,N,35,NULL,98,9838,NULL,,Y,37.6081,-82.32919,N,NULL,NULL,NULL,NULL,NULL,NULL,NULL,NULL,1,3,2,6,1,1,2,2,7,3,N,NULL,N,N,1839,1936,1936,N,NULL,55,8,0,N,,N,N,098-KY-3220-0,NULL,NULL,2023,O,7.29E+11,098-KY-3220  -000,HIGH,098-KY-3220  -000,2.568,0,0,0,0,0,0,1,0,0,0,0,0,0,0
7102,72937994,370200,2023-369395,20230824,1359,,US460,,,US0460,US0460,0,098 US-460,US0460,N,N,NULL,NULL,NULL,N,NULL,NULL,NULL,NULL,NULL,NULL,2.696,NULL,NULL,NULL,NULL,,NULL,1,0,2,2,Y,N,55,NULL,98,9854,NULL,,Y,37.43124,-82.48064,N,NULL,NULL,NULL,NULL,NULL,NULL,NULL,NULL,7,3,2,6,1,1,2,2,7,3,N,NULL,Y,Y,1411,1431,1511,N,NULL,54,,1,N,,N,N,098-US-0460-0,NULL,NULL,2023,C,7.29E+11,098-US-0460  -000,HIGH,098-US-0460  -000,2.696,0,0,0,1,0,0,0,0,0,0,0,1,0,0
7103,72833463,980100,2.02E+11,20221122,1735,,US23,,,US0023,US0023,0,098 US-23,US0023,N,N,NULL,NULL,NULL,N,NULL,NULL,NULL,NULL,NULL,NULL,21.113,NULL,NULL,NULL,NULL,,NULL,0,0,2,2,N,N,55,NULL,98,9801,NULL,,Y,37.44664,-82.5258,N,NULL,NULL,NULL,NULL,NULL,NULL,NULL,NULL,8,3,4,3,1,1,2,2,7,3,N,NULL,Y,N,1736,1738,1741,N,NULL,53,,1,N,,N,N,098-US-0023-0,NULL,NULL,2022,O,7.28E+11,098-US-0023  -000,HIGH,098-US-0023  -000,21.113,0,0,1,0,0,0,1,0,0,0,0,1,0,1
7104,72909959,KSP0900,23-221668,20230610,2325,,ALLEGHENY,,RD,,,0,098 CR-1200Q3,CR1200Q3,N,N,NULL,NULL,NULL,N,NULL,NULL,NULL,NULL,NULL,NULL,0.907,NULL,NULL,NULL,NULL,,NULL,1,0,1,1,N,N,25,NULL,98,9837,NULL,,Y,37.28052,-82.47649,N,NULL,NULL,NULL,NULL,NULL,NULL,NULL,NULL,9,3,1,6,1,1,2,5,7,3,Y,NULL,N,Y,2327,2351,122,N,NULL,44,,,N,,N,N,098-CR-1200Q3-0,NULL,NULL,2023,A,7.29E+11,098-CR-1200Q3-000,HIGH,098-CR-1200Q3-000,0.916,0,0,0,0,0,0,0,0,1,1,0,1,0,0
7105,72867243,980100,2.02E+11,20230218,615,,KY1426,,,KY1426,KY1426,0,098 KY-1426,KY1426,N,Y,BLAIR,,ST,N,NULL,NULL,NULL,NULL,NULL,NULL,7.592,NULL,NULL,NULL,NULL,,NULL,1,0,2,1,Y,N,45,NULL,98,9801,NULL,,Y,37.49037,-82.49877,N,NULL,NULL,NULL,NULL,NULL,NULL,NULL,NULL,9,5,2,6,1,1,2,6,6,3,Y,NULL,N,Y,615,619,633,N,NULL,2,,0,N,,N,N,098-KY-1426-0,NULL,NULL,2023,A,7.29E+11,098-KY-1426  -000,HIGH,098-KY-1426  -000,7.593,0,0,0,0,0,1,0,0,0,0,1,0,0,1
7106,72963851,980100,2.02E+11,20231025,1718,,KY3496,,,KY3496,KY3496,0,098 KY-3496,KY3496,N,N,NULL,NULL,NULL,N,NULL,NULL,NULL,NULL,NULL,NULL,0.009,NULL,NULL,NULL,NULL,,NULL,0,0,2,2,N,N,35,NULL,98,9801,NULL,,Y,37.46584,-82.52812,N,NULL,NULL,NULL,NULL,NULL,NULL,NULL,NULL,5,3,2,6,1,1,2,3,3,3,N,NULL,Y,N,1718,1721,1734,N,NULL,49,16,0,N,,N,N,098-KY-3496-0,NULL,NULL,2023,O,7.30E+11,098-KY-3496  -000,HIGH,098-KY-3496  -000,0.01,0,0,1,0,0,0,1,1,0,0,0,0,0,1
7107,72898881,980100,2.02E+11,20230508,859,,RIVERBEND,,DR,,,0,098 CS-1008,CS1008,Y,N,NULL,NULL,NULL,N,NULL,NULL,NULL,NULL,NULL,NULL,0.025,NULL,NULL,NULL,NULL,,NULL,0,0,1,1,N,N,,NULL,98,9801,NULL,,Y,37.44255,-82.52485,N,NULL,NULL,NULL,NULL,NULL,NULL,NULL,NULL,9,97,1,6,1,1,2,2,6,3,N,NULL,Y,N,859,912,912,Y,NULL,90,,,N,,N,N,098-CS-1008-0,NULL,NULL,2023,O,7.29E+11,098-PR-1168  -000,HIGH,098-PR-1168  -000,0.023,0,0,0,0,0,0,0,0,0,0,0,1,0,1
7108,72866955,980100,2.02E+11,20230218,733,,CASSIDY,,BLVD,,,0,098 CS-1191,CS1191,Y,N,NULL,NULL,NULL,N,NULL,NULL,NULL,NULL,NULL,NULL,0.308,NULL,NULL,NULL,NULL,,NULL,0,0,1,1,N,N,,NULL,98,9801,NULL,,Y,37.50649,-82.53777,N,NULL,NULL,NULL,NULL,NULL,NULL,NULL,NULL,9,97,,6,1,1,2,2,5,3,N,NULL,Y,N,733,753,833,N,NULL,90,,,N,,N,N,098-CS-1191-0,NULL,NULL,2023,O,7.29E+11,098-CS-1191  -000,HIGH,098-CS-1191  -000,0.337,0,0,0,0,0,0,0,0,0,0,0,1,0,1
7109,72912194,KSP0900,23-228966,20230616,1241,,TOLER,,RD,KY0319,KY0319,0,098 KY-319,KY0319,N,N,NULL,NULL,NULL,N,NULL,NULL,NULL,NULL,NULL,NULL,5.279,NULL,NULL,NULL,NULL,,NULL,1,0,2,2,N,N,35,NULL,98,9842,NULL,,Y,37.62382,-82.24463,N,NULL,NULL,NULL,NULL,NULL,NULL,NULL,NULL,5,3,2,3,1,1,2,2,7,3,Y,NULL,Y,Y,1241,1254,1300,N,NULL,49,7,0,N,,N,N,098-KY-0319-0,NULL,NULL,2023,C,7.29E+11,098-KY-0319  -000,HIGH,098-KY-0319  -000,5.278,0,0,0,0,0,0,1,0,0,0,0,0,0,0
7110,72898211,KSP0900,23-181302,20230513,931,,BURNING FORK,,RD,,,0,098 CR-1481,CR1481,N,N,NULL,NULL,NULL,N,NULL,NULL,NULL,NULL,NULL,NULL,0.27,NULL,NULL,NULL,NULL,,NULL,0,0,1,1,N,N,15,NULL,98,9801,NULL,,Y,37.51057,-82.47279,N,NULL,NULL,NULL,NULL,NULL,NULL,NULL,NULL,9,4,1,6,1,5,2,2,7,3,N,NULL,Y,Y,931,1004,1004,N,NULL,51,,,N,,N,N,098-CR-1481-0,NULL,NULL,2023,O,7.29E+11,098-CR-1481  -000,HIGH,098-CR-1481  -000,0.267,0,0,1,0,0,0,1,0,0,0,0,1,0,0
7111,72908584,KSP0900,23-213958,20230605,1534,,GOODY,,LOOP,,,0,098 PR-1024,PR1024,Y,N,NULL,NULL,NULL,N,NULL,NULL,NULL,NULL,NULL,NULL,0.012,NULL,NULL,NULL,NULL,,NULL,0,0,2,2,Y,N,,NULL,98,9834,NULL,,Y,37.65866,-82.27135,N,NULL,NULL,NULL,NULL,NULL,NULL,NULL,NULL,2,97,,6,1,1,2,2,7,3,N,NULL,Y,N,1545,1545,1545,N,NULL,90,,,N,,N,N,098-PR-1024-0,NULL,NULL,2023,O,7.29E+11,098-PR-1024  -000,HIGH,098-PR-1024  -000,0.102,0,0,0,0,0,0,0,0,0,0,0,0,0,0
7112,72904200,KSP0900,23-202249,20230528,738,,US460,,,US0460,US0460,,,,N,N,NULL,NULL,NULL,N,NULL,NULL,NULL,NULL,NULL,NULL,4.962,NULL,NULL,NULL,NULL,,NULL,0,0,1,1,N,N,45,NULL,98,9832,NULL,,Y,37.41153,-82.44974,N,NULL,NULL,NULL,NULL,NULL,NULL,NULL,NULL,9,3,2,1,1,5,6,2,7,3,N,NULL,Y,N,738,743,900,N,NULL,44,,1,N,,N,N,,NULL,NULL,2023,O,7.29E+11,098-US-0460  -000,HIGH,098-US-0460  -000,4.949,0,0,0,0,0,0,0,1,0,0,0,1,0,0
7113,72884229,KSP0900,23-123622,20230401,1556,,APPALACHIAN,,PLZ,,,0,098 PR-1008,PR1008,Y,N,NULL,NULL,NULL,N,NULL,NULL,NULL,NULL,NULL,NULL,0.064,NULL,NULL,NULL,NULL,,NULL,0,0,1,1,N,N,5,NULL,98,9834,NULL,,Y,37.66631,-82.27464,N,NULL,NULL,NULL,NULL,NULL,NULL,NULL,NULL,9,97,0,6,3,1,2,2,4,3,N,NULL,N,N,1556,1623,1556,N,NULL,90,,,N,,N,N,098-PR-1008-0,NULL,NULL,2023,O,7.29E+11,098-PR-1008  -000,HIGH,098-PR-1008  -000,0.06,0,0,1,0,0,0,0,0,0,0,0,1,0,0