OBJECTID,MasterFile,AgencyORINumber,LocalCode,CollisionDate,CollisionTime,CollisionDayWeekCode,RoadwayName,RoadwayName_Direction_,RoadwayName_RoadwaySuffix_,RoadwayfromReport,CurrentRoadwayNumber,RoadwayNumberCoupletID,RSEUniqueGIS,RoadwayIdentifier,ParkingLotIndicator,IntersectionWith_Indicator_,IntersectionWith_NameRoadway_,IntersectionWith_Direction_,IntersectionWith_RoadwaySuffix_,BetweenStreets_Indicator_,BetweenStreets1_NameRoadway_,BetweenStreet1_Direction_,BetweenStreets1_RoadwaySuffix_,BetweenStreets2_NameRoadway_,BetweenStreets2_Direction_,BetweenStreets2_RoadwaySuffix_,Milepoint,ReportMilepointDeriveNumber,CurrentDerivedMiepointNumber,MilestoMilepoint,FeettoMilepoint,DirectionfromMilepoint_NSEW_,ValidMilepointIndicator,NumberInjured,NumberKilled,ofUnits,ofMotorVehicleUnits,Hit&RunIndicator,OneWayIndicator,SpeedLimitNumber,KilometersIndicator,CountyCode,CityCountyCode,MilesFromCity,DirectionFromCity_NSEW_,InCityLimitsIndicator,Latitude,Longitude,RampIndicator,RampFromIdentifier,RampFromDirCode,RampFromCoupletID,RSEUniqueGISRampFrom,RampToidentifier,RampToDirCode,RampToCoupletID,RSEUniqueGisRampTo,MannerofCollisionCode,LocationFirstEventCode,TotalLanes,RoadwayCharacterCode,RoadwaySurfaceCode,RoadwayConditionCode,WeatherCode,LightConditionCode,LandUseCode,SchoolBusRelatedCode,FirstAidSceneIndicator,CollDescPresentInd,InvestigationCompleteIndicator,PhotosTakenIndicator,TimeNotified,TimeArrived,TimeRoadwayOpened,PropertyDamageIndicator,DiagramPresentIndicator,DirectionalAnalysis,FunctionClassCode,NationalHwySysCode,EnforcementsIndicator,KARSCityCode,SecondaryCollisionIndicator,MedianCrossoverIndicator,RT_UNIQUE,MapIt,TimeLastLeft,YR,KABCO,MFNY,WorkingRID,RT_CONFIDENCE,KTC_RT,KTC_MP,Motorcyclist,Commercial Vehicle,Young Driver,Mature Driver,Pedestrian,Bicyclist,Distracted,Aggressive,Impaired,Unrestrained,Intersection,Roadway Departure,Median Cross-over,City Crash
7114,72943112,KSP0900,23-377834,20230901,1032,,BRUSHY,,RD,KY0881,KY0881,0,098 KY-881,KY0881,N,N,NULL,NULL,NULL,N,NULL,NULL,NULL,NULL,NULL,NULL,5.927,NULL,NULL,NULL,NULL,,NULL,1,0,1,1,N,N,55,NULL,98,9853,NULL,,Y,37.63889,-82.42165,N,NULL,NULL,NULL,NULL,NULL,NULL,NULL,NULL,9,3,1,1,1,1,2,2,7,3,Y,NULL,Y,Y,1032,1048,1200,N,NULL,70,8,0,N,,N,N,098-KY-0881-0,NULL,NULL,2023,C,7.29E+11,098-KY-0881  -000,HIGH,098-KY-0881  -000,5.937,0,1,0,1,0,0,0,0,0,0,0,1,0,0
7115,72936390,980100,2.02E+11,20230815,1727,,BYPASS,S,RD,KY1426,KY1426,0,098 KY-1426,KY1426,Y,N,NULL,NULL,NULL,N,NULL,NULL,NULL,NULL,NULL,NULL,6.558,NULL,NULL,NULL,NULL,,NULL,0,0,2,2,N,N,15,NULL,98,9801,NULL,,Y,37.48244,-82.51366,N,NULL,NULL,NULL,NULL,NULL,NULL,NULL,NULL,2,97,2,6,1,1,2,2,1,3,N,NULL,Y,N,1727,1729,1829,N,NULL,90,,0,Y,,N,N,098-KY-1426-0,NULL,NULL,2023,O,7.29E+11,098-KY-1426  -000,HIGH,098-KY-1426  -000,6.558,0,0,0,1,0,0,1,0,0,0,0,0,0,1
7116,72962414,KSP0900,23-429988,20231020,949,,CABLE HOLLOW,,CRK,,,0,098 CR-1957,CR1957,N,N,NULL,NULL,NULL,N,NULL,NULL,NULL,NULL,NULL,NULL,0.134,NULL,NULL,NULL,NULL,,NULL,0,0,1,1,Y,N,15,NULL,98,9809,NULL,,Y,37.24759,-82.56147,N,NULL,NULL,NULL,NULL,NULL,NULL,NULL,NULL,9,3,1,6,1,5,3,2,7,3,N,NULL,Y,N,949,1048,1048,Y,NULL,40,,,N,,N,N,098-CR-1957-0,NULL,NULL,2023,O,7.30E+11,098-CR-1957  -000,HIGH,098-CR-1957  -000,0.121,0,0,0,0,0,0,0,0,0,0,0,1,0,0
7117,72898384,980100,2.02E+11,20230513,2115,,US460,,,US0460,US0460,0,098 US-460,US0460,N,N,NULL,NULL,NULL,N,NULL,NULL,NULL,NULL,NULL,NULL,0.407,NULL,NULL,NULL,NULL,,NULL,0,0,1,1,N,N,55,NULL,98,9801,NULL,,Y,37.43695,-82.51125,N,NULL,NULL,NULL,NULL,NULL,NULL,NULL,NULL,9,3,2,3,1,5,6,6,1,3,N,NULL,Y,N,2115,2120,2120,N,NULL,40,,1,N,,N,N,098-US-0460-0,NULL,NULL,2023,O,7.29E+11,098-US-0460  -000,HIGH,098-US-0460  -000,0.407,0,0,0,0,0,0,1,0,0,0,0,1,0,1
7118,72944594,KSP0900,23-387327,20230909,1725,,BIG BRANCH,,RD,KY1469,KY1469,0,098 KY-1469,KY1469,N,N,NULL,NULL,NULL,N,NULL,NULL,NULL,NULL,NULL,NULL,1.837,NULL,NULL,NULL,NULL,,NULL,2,0,2,2,N,N,55,NULL,98,9827,NULL,,Y,37.26688,-82.69432,N,NULL,NULL,NULL,NULL,NULL,NULL,NULL,NULL,7,3,2,1,1,1,2,2,7,3,Y,NULL,Y,Y,1725,1843,,N,NULL,54,8,0,N,,N,N,098-KY-1469-0,NULL,NULL,2023,B,7.29E+11,098-KY-1469  -000,HIGH,098-KY-1469  -000,1.414,0,0,0,0,0,0,0,0,0,0,0,1,0,0
7119,72956483,KSP0900,23-414751,20231005,1448,,KY292,,,KY0292,KY0292,0,098 KY-292,KY0292,N,N,NULL,NULL,NULL,N,NULL,NULL,NULL,NULL,NULL,NULL,0.229,NULL,NULL,NULL,NULL,,NULL,0,0,1,1,N,N,45,NULL,98,9869,NULL,,Y,37.62989,-82.21999,N,NULL,NULL,NULL,NULL,NULL,NULL,NULL,NULL,9,4,2,6,1,1,2,2,7,3,N,NULL,Y,N,1448,1508,1508,N,NULL,51,8,0,N,,N,N,098-KY-0292-0,NULL,NULL,2023,O,7.30E+11,098-KY-0292  -000,HIGH,098-KY-0292  -000,0.229,0,0,0,0,0,0,1,0,0,0,0,1,0,0
7120,72936373,980000,23-08-002,20230819,252,,POWELLS,,CRK,,,0,098 CR-1208,CR1208,N,N,NULL,NULL,NULL,N,NULL,NULL,NULL,NULL,NULL,NULL,1.797,NULL,NULL,NULL,NULL,,NULL,1,0,1,1,N,N,35,NULL,98,9801,6.8,E,N,37.40482,-82.4029,N,NULL,NULL,NULL,NULL,NULL,NULL,NULL,NULL,9,5,2,6,1,1,2,6,6,3,N,NULL,Y,Y,252,325,400,Y,NULL,44,,,N,,N,N,098-CR-1208-0,NULL,NULL,2023,C,7.29E+11,098-CR-1208  -000,HIGH,098-CR-1208  -000,1.779,0,0,0,0,0,0,0,0,0,1,0,1,0,0
7121,72901206,KSP0900,23-191592,20230520,2217,,US23,,,US0023,US0023,0,098 US-23,US0023,N,N,NULL,NULL,NULL,N,NULL,NULL,NULL,NULL,NULL,NULL,9.247,NULL,NULL,NULL,NULL,,NULL,1,0,1,1,N,N,55,NULL,98,9806,NULL,,Y,37.3299,-82.55882,N,NULL,NULL,NULL,NULL,NULL,NULL,NULL,NULL,9,3,4,6,1,5,3,6,7,3,Y,NULL,N,Y,2217,2231,2231,N,NULL,44,,1,N,,N,Y,098-US-0023-0,NULL,NULL,2023,C,7.29E+11,098-US-0023  -000,HIGH,098-US-0023  -000,9.252,0,0,0,0,0,0,0,0,0,0,0,1,0,0
7122,72960694,980100,2.02E+11,20231010,1752,,BYPASS,S,RD,KY1426,KY1426,0,098 KY-1426,KY1426,N,N,NULL,NULL,NULL,N,NULL,NULL,NULL,NULL,NULL,NULL,,NULL,NULL,NULL,NULL,NULL,NULL,0,0,2,2,N,N,35,NULL,98,9801,NULL,,Y,37.47679,-82.5172,N,NULL,NULL,NULL,NULL,NULL,NULL,NULL,NULL,5,3,2,6,1,1,2,2,1,3,N,NULL,Y,N,1752,1801,,N,NULL,49,8,0,N,,N,N,098-KY-1426-0,NULL,NULL,2023,O,7.30E+11,098-KY-1426  -000,HIGH,098-KY-1426  -000,6.107,0,0,0,1,0,0,1,0,0,0,0,0,0,1
7123,72900821,KSP0900,23-183799,20230514,2347,,US119,N,,US0119,US0119,0,098 US-119,US0119,N,N,NULL,NULL,NULL,N,NULL,NULL,NULL,NULL,NULL,NULL,24.836,NULL,NULL,NULL,NULL,,NULL,0,0,2,2,Y,N,5,NULL,98,9834,NULL,,Y,37.66737,-82.27609,N,NULL,NULL,NULL,NULL,NULL,NULL,NULL,NULL,2,7,0,6,1,1,2,5,1,3,N,NULL,N,N,2347,2347,2347,N,NULL,47,2,1,N,,N,N,098-US-0119-0,NULL,NULL,2023,O,7.29E+11,098-US-0119  -000,HIGH,098-US-0119  -000,24.915,0,0,0,0,0,0,1,0,0,0,0,0,0,0
7124,72980036,370200,2023474485,20231129,1357,,US460,,,US0460,US0460,0,098 US-460,US0460,N,N,NULL,NULL,NULL,N,NULL,NULL,NULL,NULL,NULL,NULL,1.697,NULL,NULL,NULL,NULL,,NULL,0,0,2,2,N,N,45,NULL,98,9801,NULL,,Y,37.42957,-82.49614,N,NULL,NULL,NULL,NULL,NULL,NULL,NULL,NULL,5,5,2,6,1,1,2,2,7,1,N,NULL,Y,N,1357,1406,1406,N,NULL,47,,1,N,,N,N,098-US-0460-0,NULL,NULL,2023,O,7.30E+11,098-US-0460  -000,HIGH,098-US-0460  -000,1.684,0,0,0,1,0,0,1,0,0,0,0,0,0,0
7125,72731545,980500,2022AR010,20220216,1330,,RATLIFF,,RD,,,0,098 CR-1426Q,CR1426Q,Y,N,NULL,NULL,NULL,N,NULL,NULL,NULL,NULL,NULL,NULL,,NULL,NULL,NULL,NULL,NULL,NULL,0,0,2,2,N,N,,NULL,98,9807,NULL,,Y,37.53751,-82.57974,N,NULL,NULL,NULL,NULL,NULL,NULL,NULL,NULL,8,97,,6,3,1,2,2,1,3,N,NULL,Y,Y,1330,1330,1330,N,NULL,90,,,N,,N,N,098-CR-1426Q-0,NULL,NULL,2022,O,7.27E+11,098-CR-1426Q -000,MEDIUM,098-CR-1426Q -000,0,0,0,0,1,0,0,0,0,0,0,0,0,0,0
7126,72925319,980100,2.02E+11,20230721,1700,,BAIRD,,AVE,KY1426,KY1426,,,,N,N,NULL,NULL,NULL,N,NULL,NULL,NULL,NULL,NULL,NULL,5.392,NULL,NULL,NULL,NULL,,NULL,0,0,2,2,N,N,35,NULL,98,9801,NULL,,Y,37.47322,-82.52712,N,NULL,NULL,NULL,NULL,NULL,NULL,NULL,NULL,1,3,4,6,1,1,2,2,1,3,N,NULL,Y,N,1701,1710,1710,N,NULL,55,,0,N,,N,N,,NULL,NULL,2023,O,7.29E+11,098-KY-1426  -000,MEDIUM,098-KY-1426  -000,5.399,0,0,0,0,0,0,0,1,0,0,0,0,0,1
7127,72812265,980100,2.02E+12,20221003,1609,,CASSIDY,,BLVD,,,0,098 CS-1191,CS1191,N,N,NULL,NULL,NULL,N,NULL,NULL,NULL,NULL,NULL,NULL,0.209,NULL,NULL,NULL,NULL,,NULL,0,0,2,2,N,N,35,NULL,98,9801,NULL,,Y,37.50412,-82.53536,N,NULL,NULL,NULL,NULL,NULL,NULL,NULL,NULL,4,3,4,6,1,1,3,2,7,3,N,NULL,Y,N,1610,1620,1620,N,NULL,70,,,N,,N,N,098-CS-1191-0,NULL,NULL,2022,O,7.28E+11,098-CS-1191  -000,HIGH,098-CS-1191  -000,0.209,0,0,1,0,0,0,1,0,0,0,0,0,0,1
7128,72908583,KSP0900,23-212422,20230604,1522,,US119,,,US0119,US0119,0,098 US-119,US0119,N,N,NULL,NULL,NULL,N,NULL,NULL,NULL,NULL,NULL,NULL,23.626,NULL,NULL,NULL,NULL,,NULL,2,0,2,2,N,N,55,NULL,98,9836,NULL,,Y,37.65148,-82.26822,N,NULL,NULL,NULL,NULL,NULL,NULL,NULL,NULL,1,3,4,6,1,1,2,2,7,3,Y,NULL,Y,Y,1523,1523,1523,N,NULL,55,2,1,N,,N,N,098-US-0119-0,NULL,NULL,2023,C,7.29E+11,098-US-0119  -000,HIGH,098-US-0119  -000,23.696,1,0,0,0,0,0,1,0,0,0,0,0,0,0
7129,72988195,KSP0900,23-491987,20231215,1750,,GRAPEVINE,,RD,KY0194,KY0194,0,098 KY-194,KY0194,N,N,NULL,NULL,NULL,N,NULL,NULL,NULL,NULL,NULL,NULL,34.412,NULL,NULL,NULL,NULL,,NULL,0,0,1,1,N,N,35,NULL,98,9849,NULL,,Y,37.45194,-82.31605,N,NULL,NULL,NULL,NULL,NULL,NULL,NULL,NULL,9,3,2,6,1,2,2,6,7,3,N,NULL,Y,N,1800,1840,1840,Y,NULL,40,7,0,N,,N,N,098-KY-0194-0,NULL,NULL,2023,O,7.30E+11,098-KY-0194  -000,HIGH,098-KY-0194  -000,34.416,0,0,1,0,0,0,0,0,0,0,0,1,0,0
7130,72859679,980100,2.02E+11,20230125,744,,BAIRD,,AVE,KY1426,KY1426,0,098 KY-1426,KY1426,N,N,NULL,NULL,NULL,N,NULL,NULL,NULL,NULL,NULL,NULL,5.391,NULL,NULL,NULL,NULL,,NULL,0,0,2,2,N,N,25,NULL,98,9801,NULL,,Y,37.47318,-82.52715,N,NULL,NULL,NULL,NULL,NULL,NULL,NULL,NULL,5,3,2,6,1,5,6,2,7,3,N,NULL,Y,N,744,747,749,N,NULL,49,,0,N,,N,N,098-KY-1426-0,NULL,NULL,2023,O,7.29E+11,098-KY-1426  -000,HIGH,098-KY-1426  -000,5.401,0,0,0,0,0,0,0,0,0,0,0,0,0,1
7131,72803893,KSP0900,22-352788,20220911,618,,ELKHORN,,CRK,KY0197,KY0197,,,,N,N,NULL,NULL,NULL,N,NULL,NULL,NULL,NULL,NULL,NULL,8.084,NULL,NULL,NULL,NULL,,NULL,0,0,2,2,N,N,45,NULL,98,9864,NULL,,Y,37.25948,-82.45543,N,NULL,NULL,NULL,NULL,NULL,NULL,NULL,NULL,7,3,2,6,1,1,3,1,6,3,N,NULL,N,N,622,636,925,N,NULL,54,7,0,N,,N,N,,NULL,NULL,2022,O,7.28E+11,098-KY-0197  -000,MEDIUM,098-KY-0197  -000,8.084,0,0,0,0,0,0,1,0,0,0,0,1,0,0
7132,72890102,980100,2.02E+11,20230420,856,,S MAYO TRAIL,,,,,,,,Y,N,NULL,NULL,NULL,N,NULL,NULL,NULL,NULL,NULL,NULL,,NULL,NULL,NULL,NULL,NULL,NULL,0,0,2,2,N,N,,NULL,98,9801,NULL,,Y,37.46731,-82.53255,N,NULL,NULL,NULL,NULL,NULL,NULL,NULL,NULL,1,97,1,6,1,1,2,2,1,3,N,NULL,Y,N,856,907,907,N,NULL,90,,,N,,N,N,,NULL,NULL,2023,O,7.29E+11,098-PS-1005  -000,MEDIUM,098-PS-1005  -000,0.008,0,0,0,0,0,0,1,0,0,0,0,0,0,1
7133,72817819,KSP0900,22-386435,20221006,1545,,KY194,,,KY0194,KY0194,0,098 KY-194,KY0194,N,N,NULL,NULL,NULL,N,NULL,NULL,NULL,NULL,NULL,NULL,56.9,NULL,NULL,NULL,NULL,,NULL,0,0,1,1,N,N,35,NULL,98,9801,NULL,,Y,37.53133,-82.16026,N,NULL,NULL,NULL,NULL,NULL,NULL,NULL,NULL,9,3,2,1,1,1,2,2,7,3,N,NULL,N,N,1545,1630,1630,N,NULL,44,7,0,N,,N,N,098-KY-0194-0,NULL,NULL,2022,O,7.28E+11,098-KY-0194  -000,HIGH,098-KY-0194  -000,56.9,0,0,0,0,0,0,0,0,0,0,0,1,0,0
7134,72841339,KSP0900,22-466414,20221206,1751,,SMITH FORK,,RD,KY3419,KY3419,0,098 KY-3419,KY3419,N,N,NULL,NULL,NULL,N,NULL,NULL,NULL,NULL,NULL,NULL,4.889,NULL,NULL,NULL,NULL,,NULL,1,0,2,2,N,N,25,NULL,98,9804,NULL,,Y,37.48706,-82.18675,N,NULL,NULL,NULL,NULL,NULL,NULL,NULL,NULL,1,3,2,6,1,5,6,6,7,3,Y,NULL,Y,Y,1751,1858,1930,N,NULL,55,9,0,N,,N,N,098-KY-3419-0,NULL,NULL,2022,C,7.28E+11,098-KY-3419  -000,HIGH,098-KY-3419  -000,4.889,0,0,0,0,0,0,1,0,0,0,0,0,0,0
7135,72874876,KSP0900,23-95417,20230312,718,,REGINA BELCHER,,HWY,US0460,US0460,,,,N,N,NULL,NULL,NULL,N,NULL,NULL,NULL,NULL,NULL,NULL,13.595,NULL,NULL,NULL,NULL,,NULL,0,0,1,1,N,N,45,NULL,98,9822,NULL,,Y,37.33564,-82.38419,N,NULL,NULL,NULL,NULL,NULL,NULL,NULL,NULL,9,3,2,3,1,5,6,2,7,3,N,NULL,Y,N,718,742,742,N,NULL,44,,1,N,,N,N,,NULL,NULL,2023,O,7.29E+11,098-US-0460  -000,HIGH,098-US-0460  -000,13.586,0,0,0,0,0,0,0,0,0,0,0,1,0,0
7136,72850916,980000,23-01-001,20230105,745,,KY2167,,,KY2167,KY2167,0,098 KY-2167,KY2167,N,N,NULL,NULL,NULL,N,NULL,NULL,NULL,NULL,NULL,NULL,0.241,NULL,NULL,NULL,NULL,,NULL,0,0,2,2,N,N,35,NULL,98,9823,NULL,,Y,37.38455,-82.54089,N,NULL,NULL,NULL,NULL,NULL,NULL,NULL,NULL,5,3,2,4,1,1,10,1,7,3,N,NULL,Y,Y,805,810,745,N,NULL,49,7,0,N,,N,N,098-KY-2167-0,NULL,NULL,2023,O,7.29E+11,098-KY-2167  -000,HIGH,098-KY-2167  -000,0.242,0,0,1,0,0,0,1,0,0,0,0,0,0,0
7137,72946728,KSP0900,23-393401,20230915,1111,,DORTON-JENKINS,,HWY,KY0805,KY0805,,,,N,N,NULL,NULL,NULL,N,NULL,NULL,NULL,NULL,NULL,NULL,6.334,NULL,NULL,NULL,NULL,,NULL,1,0,1,1,N,N,55,NULL,98,9809,NULL,,Y,37.27364,-82.57716,N,NULL,NULL,NULL,NULL,NULL,NULL,NULL,NULL,9,5,2,6,1,1,2,2,7,3,Y,NULL,N,N,1111,1128,1230,N,NULL,51,7,0,N,,N,N,,NULL,NULL,2023,B,7.29E+11,098-KY-0805  -000,HIGH,098-KY-0805  -000,6.332,0,0,1,0,0,0,0,0,0,0,0,1,0,0
7138,72877199,980100,2.02E+11,20230314,558,,BAIRD,,AVE,KY1426,KY1426,0,098 KY-1426,KY1426,N,N,NULL,NULL,NULL,N,NULL,NULL,NULL,NULL,NULL,NULL,5.394,NULL,NULL,NULL,NULL,,NULL,0,0,2,2,N,N,55,NULL,98,9801,NULL,,Y,37.47325,-82.52711,N,NULL,NULL,NULL,NULL,NULL,NULL,NULL,NULL,1,3,2,6,1,1,2,5,1,3,N,NULL,Y,N,558,603,603,N,NULL,55,,0,N,,N,N,098-KY-1426-0,NULL,NULL,2023,O,7.29E+11,098-KY-1426  -000,HIGH,098-KY-1426  -000,5.397,0,0,0,0,0,0,1,0,0,0,0,1,0,1
7139,72972110,980100,2.02E+11,20231106,1755,,BYPASS,S,RD,KY1426,KY1426,0,098 KY-1426,KY1426,Y,N,NULL,NULL,NULL,N,NULL,NULL,NULL,NULL,NULL,NULL,5.684,NULL,NULL,NULL,NULL,,NULL,0,0,3,3,N,N,,NULL,98,9801,NULL,,Y,37.47276,-82.52296,N,NULL,NULL,NULL,NULL,NULL,NULL,NULL,NULL,1,97,2,6,1,1,2,3,5,3,N,NULL,Y,N,1755,1800,1800,N,NULL,90,,0,N,,N,N,098-KY-1426-0,NULL,NULL,2023,O,7.30E+11,098-KY-1426  -000,HIGH,098-KY-1426  -000,5.684,0,0,1,0,0,0,1,0,0,0,0,0,0,1
7140,72904069,KSP0900,23-202072,20230528,20,,HONEY FORK,,RD,,,0,098 CR-1651,CR1651,Y,N,NULL,NULL,NULL,N,NULL,NULL,NULL,NULL,NULL,NULL,0.422,NULL,NULL,NULL,NULL,,NULL,0,0,3,3,Y,N,,NULL,98,9805,5,S,N,37.35342,-82.35201,N,NULL,NULL,NULL,NULL,NULL,NULL,NULL,NULL,2,97,0,6,3,5,6,7,5,3,N,NULL,Y,Y,20,100,136,N,NULL,90,,,N,,N,N,098-CR-1651-0,NULL,NULL,2023,O,7.29E+11,098-CR-1651  -000,HIGH,098-CR-1651  -000,0.411,0,0,0,0,0,0,0,0,0,0,0,0,0,0
7141,72952014,KSP0900,23-405669,20230926,1923,,HURRICANE,,CRK,,,0,098 CR-1435,CR1435,N,N,NULL,NULL,NULL,N,NULL,NULL,NULL,NULL,NULL,NULL,0.498,NULL,NULL,NULL,NULL,,NULL,1,0,1,1,N,N,25,NULL,98,9817,NULL,,Y,37.4957,-82.3605,N,NULL,NULL,NULL,NULL,NULL,NULL,NULL,NULL,9,3,1,6,1,1,2,6,7,3,Y,NULL,Y,Y,2000,2053,2130,N,NULL,44,,,N,,N,N,098-CR-1435-0,NULL,NULL,2023,A,7.30E+11,098-CR-1435  -000,HIGH,098-CR-1435  -000,0.488,1,0,0,0,0,0,0,0,1,0,0,1,0,0
7142,72832914,KSP0900,22-440985,20221117,553,,FERRELLS CREEK,,RD,US0460,US0460,0,098 US-460,US0460,N,N,NULL,NULL,NULL,N,NULL,NULL,NULL,NULL,NULL,NULL,20.958,NULL,NULL,NULL,NULL,,NULL,0,0,2,2,N,N,55,NULL,98,9847,NULL,,Y,37.3736,-82.27803,N,NULL,NULL,NULL,NULL,NULL,NULL,NULL,NULL,6,6,2,2,1,5,9,3,2,3,N,NULL,Y,N,557,729,830,N,NULL,47,,1,N,,N,Y,098-US-0460-0,NULL,NULL,2022,O,7.28E+11,098-US-0460  -000,HIGH,098-US-0460  -000,20.958,0,1,0,0,0,0,0,0,0,0,0,1,0,0
7143,72987182,980500,2023AR064,20231215,1522,,US 23 NORTH,,,,,,,,N,N,NULL,NULL,NULL,N,NULL,NULL,NULL,NULL,NULL,NULL,,NULL,NULL,NULL,NULL,NULL,NULL,0,0,2,2,N,N,45,NULL,98,9807,NULL,,Y,37.52231,-82.57052,N,NULL,NULL,NULL,NULL,NULL,NULL,NULL,NULL,5,3,6,6,1,1,2,2,7,3,N,NULL,Y,Y,1522,1525,1525,N,NULL,49,,,N,,N,N,,NULL,NULL,2023,O,7.30E+11,098-US-0023  -000,MEDIUM,098-US-0023  -000,28.851,0,0,0,0,0,0,0,1,0,0,0,0,0,0
7144,72912980,KSP0900,23-225111,20230613,1652,,GOODY,,LOOP,,,0,098 PR-1024,PR1024,Y,N,NULL,NULL,NULL,N,NULL,NULL,NULL,NULL,NULL,NULL,0.068,NULL,NULL,NULL,NULL,,NULL,0,0,3,3,N,N,,NULL,98,9834,NULL,,Y,37.65938,-82.27236,N,NULL,NULL,NULL,NULL,NULL,NULL,NULL,NULL,2,97,2,6,1,1,2,2,1,3,N,NULL,N,N,1652,1659,1659,N,NULL,90,,,N,,N,N,098-PR-1024-0,NULL,NULL,2023,O,7.29E+11,098-PR-1024  -000,HIGH,098-PR-1024  -000,0.068,0,0,0,0,0,0,0,0,0,0,0,0,0,0
7145,72833592,980100,2.02E+11,20221122,1031,,BAIRD,,AVE,KY1426,KY1426,,,,Y,N,NULL,NULL,NULL,N,NULL,NULL,NULL,NULL,NULL,NULL,5.383,NULL,NULL,NULL,NULL,,NULL,0,0,2,2,N,N,15,NULL,98,9801,NULL,,Y,37.47342,-82.52734,N,NULL,NULL,NULL,NULL,NULL,NULL,NULL,NULL,2,97,,6,1,1,2,2,1,3,N,NULL,Y,N,1031,1032,,N,NULL,90,,0,N,,N,N,,NULL,NULL,2022,O,7.28E+11,098-KY-1426  -000,HIGH,098-KY-1426  -000,5.383,0,0,0,0,0,0,1,0,0,0,0,0,0,1
7146,72842979,KSP0900,22-475219,20221213,1233,,US119,,,US0119,US0119,0,098 US-119,US0119,N,N,NULL,NULL,NULL,N,NULL,NULL,NULL,NULL,NULL,NULL,22.07,NULL,NULL,NULL,NULL,,NULL,0,0,2,2,N,N,55,NULL,98,9836,NULL,,Y,37.63421,-82.26195,N,NULL,NULL,NULL,NULL,NULL,NULL,NULL,NULL,1,3,2,3,1,1,2,2,7,3,N,NULL,Y,N,1233,1340,1400,N,NULL,55,2,1,N,,N,N,098-US-0119-0,NULL,NULL,2022,O,7.28E+11,098-US-0119  -000,HIGH,098-US-0119  -000,22.07,0,0,0,1,0,0,1,0,0,0,0,0,0,0
7147,72864392,980100,2.02E+11,20230211,1128,,SYCAMORE,,ST,,,0,098 CS-1168,CS1168,Y,N,NULL,NULL,NULL,N,NULL,NULL,NULL,NULL,NULL,NULL,0.062,NULL,NULL,NULL,NULL,,NULL,0,0,1,1,N,N,,NULL,98,9801,NULL,,Y,37.47831,-82.52158,N,NULL,NULL,NULL,NULL,NULL,NULL,NULL,NULL,9,97,,6,1,1,2,2,8,3,N,NULL,Y,N,1128,1138,1158,Y,NULL,90,,,N,,N,N,098-CS-1168-0,NULL,NULL,2023,O,7.29E+11,098-CS-1168  -000,MEDIUM,098-CS-1168  -000,0,0,0,1,0,0,0,0,0,0,0,0,1,0,1
7148,72958051,KSP0900,23-416034,20231006,1830,,US119,N,,US0119,US0119,0,098 US-119-10,US0119,N,N,NULL,NULL,NULL,N,NULL,NULL,NULL,NULL,NULL,NULL,24.89,NULL,NULL,NULL,NULL,,NULL,0,0,2,2,N,N,55,NULL,98,9834,NULL,,Y,37.66684,-82.27615,N,NULL,NULL,NULL,NULL,NULL,NULL,NULL,NULL,5,3,4,6,1,5,6,2,7,3,N,NULL,Y,N,1830,1838,1838,N,NULL,49,2,1,N,,N,N,098-US-0119-10,NULL,NULL,2023,O,7.30E+11,098-US-0119  -010,HIGH,098-US-0119  -000,24.888,0,0,0,0,0,0,0,0,0,0,0,0,0,0
7149,72978532,KSP0900,23-466348,20231121,1530,,ROBINSON CREEK,,RD,KY0122,KY0122,,,,N,N,NULL,NULL,NULL,N,NULL,NULL,NULL,NULL,NULL,NULL,7.835,NULL,NULL,NULL,NULL,,NULL,0,0,1,1,N,N,45,NULL,98,9823,NULL,,Y,37.38144,-82.58233,N,NULL,NULL,NULL,NULL,NULL,NULL,NULL,NULL,9,97,2,3,1,5,6,2,6,3,N,NULL,N,N,1530,1557,1557,N,NULL,40,,0,N,,N,N,,NULL,NULL,2023,O,7.30E+11,098-KY-0122  -000,HIGH,098-KY-0122  -000,7.844,0,0,1,0,0,0,1,0,0,0,0,1,0,0
7150,72884740,980100,2.02E+11,20230407,1926,,RIVER,,DR,,,0,098 CS-1054,CS1054,Y,N,NULL,NULL,NULL,N,NULL,NULL,NULL,NULL,NULL,NULL,0.089,NULL,NULL,NULL,NULL,,NULL,0,0,2,2,Y,N,15,NULL,98,9801,NULL,,Y,37.47391,-82.5228,N,NULL,NULL,NULL,NULL,NULL,NULL,NULL,NULL,5,97,2,6,1,5,3,2,1,3,N,NULL,Y,N,1926,1930,1930,N,NULL,90,,,N,,N,N,098-CS-1054-0,NULL,NULL,2023,O,7.29E+11,098-CS-1054  -000,HIGH,098-CS-1054  -000,0.101,0,0,0,0,0,0,0,0,0,0,0,0,0,1
7151,72974507,980100,2.02E+11,20231117,1730,,CASSIDY,,BLVD,,,0,098 CS-1191,CS1191,N,N,NULL,NULL,NULL,N,NULL,NULL,NULL,NULL,NULL,NULL,0.198,NULL,NULL,NULL,NULL,,NULL,0,0,2,2,N,N,35,NULL,98,9801,NULL,,Y,37.50402,-82.53519,N,NULL,NULL,NULL,NULL,NULL,NULL,NULL,NULL,8,3,4,3,1,5,5,5,2,3,N,NULL,Y,N,1730,1739,1739,N,NULL,53,,,N,,N,N,098-CS-1191-0,NULL,NULL,2023,O,7.30E+11,098-CS-1191  -000,HIGH,098-CS-1191  -000,0.177,0,1,0,0,0,0,1,0,0,0,0,1,0,1