OBJECTID,MasterFile,AgencyORINumber,LocalCode,CollisionDate,CollisionTime,CollisionDayWeekCode,RoadwayName,RoadwayName_Direction_,RoadwayName_RoadwaySuffix_,RoadwayfromReport,CurrentRoadwayNumber,RoadwayNumberCoupletID,RSEUniqueGIS,RoadwayIdentifier,ParkingLotIndicator,IntersectionWith_Indicator_,IntersectionWith_NameRoadway_,IntersectionWith_Direction_,IntersectionWith_RoadwaySuffix_,BetweenStreets_Indicator_,BetweenStreets1_NameRoadway_,BetweenStreet1_Direction_,BetweenStreets1_RoadwaySuffix_,BetweenStreets2_NameRoadway_,BetweenStreets2_Direction_,BetweenStreets2_RoadwaySuffix_,Milepoint,ReportMilepointDeriveNumber,CurrentDerivedMiepointNumber,MilestoMilepoint,FeettoMilepoint,DirectionfromMilepoint_NSEW_,ValidMilepointIndicator,NumberInjured,NumberKilled,ofUnits,ofMotorVehicleUnits,Hit&RunIndicator,OneWayIndicator,SpeedLimitNumber,KilometersIndicator,CountyCode,CityCountyCode,MilesFromCity,DirectionFromCity_NSEW_,InCityLimitsIndicator,Latitude,Longitude,RampIndicator,RampFromIdentifier,RampFromDirCode,RampFromCoupletID,RSEUniqueGISRampFrom,RampToidentifier,RampToDirCode,RampToCoupletID,RSEUniqueGisRampTo,MannerofCollisionCode,LocationFirstEventCode,TotalLanes,RoadwayCharacterCode,RoadwaySurfaceCode,RoadwayConditionCode,WeatherCode,LightConditionCode,LandUseCode,SchoolBusRelatedCode,FirstAidSceneIndicator,CollDescPresentInd,InvestigationCompleteIndicator,PhotosTakenIndicator,TimeNotified,TimeArrived,TimeRoadwayOpened,PropertyDamageIndicator,DiagramPresentIndicator,DirectionalAnalysis,FunctionClassCode,NationalHwySysCode,EnforcementsIndicator,KARSCityCode,SecondaryCollisionIndicator,MedianCrossoverIndicator,RT_UNIQUE,MapIt,TimeLastLeft,YR,KABCO,MFNY,WorkingRID,RT_CONFIDENCE,KTC_RT,KTC_MP,Motorcyclist,Commercial Vehicle,Young Driver,Mature Driver,Pedestrian,Bicyclist,Distracted,Aggressive,Impaired,Unrestrained,Intersection,Roadway Departure,Median Cross-over,City Crash
7152,72916870,980100,2.02E+11,20230630,1410,,CASSIDY,,BLVD,,,0,098 CS-1191,CS1191,Y,N,NULL,NULL,NULL,N,NULL,NULL,NULL,NULL,NULL,NULL,0.207,NULL,NULL,NULL,NULL,,NULL,0,0,2,2,N,N,,NULL,98,9801,NULL,,Y,37.5041,-82.53533,N,NULL,NULL,NULL,NULL,NULL,NULL,NULL,NULL,8,97,,6,1,1,3,2,5,3,N,NULL,Y,N,1410,1415,1410,N,NULL,90,,,N,,N,N,098-CS-1191-0,NULL,NULL,2023,O,7.29E+11,098-CS-1191  -000,HIGH,098-CS-1191  -000,0.187,0,0,1,0,0,0,1,0,0,0,0,0,0,1
7153,72975918,KSP0900,23-455451,20231112,9,,POND CREEK,,RD,KY0199,KY0199,0,098 KY-199,KY0199,N,N,NULL,NULL,NULL,N,NULL,NULL,NULL,NULL,NULL,NULL,6.412,NULL,NULL,NULL,NULL,,NULL,0,0,1,1,N,N,35,NULL,98,9819,NULL,,Y,37.53947,-82.25671,N,NULL,NULL,NULL,NULL,NULL,NULL,NULL,NULL,9,3,2,3,1,1,2,7,7,3,N,NULL,N,N,10,50,100,N,NULL,70,9,0,N,,N,N,098-KY-0199-0,NULL,NULL,2023,O,7.30E+11,098-KY-0199  -000,HIGH,098-KY-0199  -000,6.41,0,0,0,0,0,0,1,0,0,0,0,1,0,0
7154,72847707,980100,2.02E+11,20221223,1500,,,,,US0119,US0119,,,,N,N,NULL,NULL,NULL,N,NULL,NULL,NULL,NULL,NULL,NULL,0.019,NULL,NULL,NULL,NULL,NULL,NULL,0,0,1,1,N,N,35,NULL,98,9801,1,N,N,37.51273,-82.48035,Y,US0119,N,NULL,098 US-119-111,KY3111,N,NULL,098 US-119-111,9,5,2,4,1,2,3,2,7,3,N,NULL,Y,N,1500,1520,1520,N,NULL,72,2,1,N,,N,N,,NULL,NULL,2022,O,7.28E+11,098-US-0119  -111,MEDIUM,098-US-0119  -111,0.019,0,0,0,1,0,0,0,0,0,0,0,1,0,0
7155,72943283,980100,2.02E+11,20230905,1124,,US119,,,US0119,US0119,0,098 US-119,US0119,Y,N,NULL,NULL,NULL,N,NULL,NULL,NULL,NULL,NULL,NULL,0.32,NULL,NULL,NULL,NULL,,NULL,0,0,2,2,N,N,15,NULL,98,9801,NULL,,Y,37.50523,-82.52664,N,NULL,NULL,NULL,NULL,NULL,NULL,NULL,NULL,7,97,2,6,3,1,2,2,5,3,N,NULL,Y,N,1124,1133,1133,Y,NULL,90,2,1,N,,N,N,098-US-0119-0,NULL,NULL,2023,O,7.29E+11,098-US-0119  -000,HIGH,098-US-0119  -000,0.32,0,0,0,1,0,0,0,0,0,0,0,1,0,1
7156,72804356,980100,2.02E+11,20220910,1057,,US119,,,US0119,US0119,,,,N,N,NULL,NULL,NULL,N,NULL,NULL,NULL,NULL,NULL,NULL,0.104,NULL,NULL,NULL,NULL,,NULL,0,0,3,3,N,N,55,NULL,98,9801,NULL,,Y,37.50415,-82.5302,N,NULL,NULL,NULL,NULL,NULL,NULL,NULL,NULL,5,3,4,6,1,1,3,2,7,3,N,NULL,Y,N,1057,1109,1136,N,NULL,49,2,1,N,,N,N,,NULL,NULL,2022,O,7.28E+11,098-US-0119  -010,MEDIUM,098-US-0119  -000,0.104,0,0,1,0,0,0,1,0,0,0,0,0,0,1
7157,72920519,KSP0900,23-319714,20230710,623,,KY80,,,KY0080,KY0080,0,098 KY-80,KY0080,N,N,NULL,NULL,NULL,N,NULL,NULL,NULL,NULL,NULL,NULL,6.447,NULL,NULL,NULL,NULL,,NULL,1,0,1,1,N,N,55,NULL,98,9847,NULL,,Y,37.29916,-82.3103,N,NULL,NULL,NULL,NULL,NULL,NULL,NULL,NULL,9,5,2,3,1,1,2,3,6,3,Y,NULL,Y,Y,623,659,730,N,NULL,44,7,0,N,,N,N,098-KY-0080-0,NULL,NULL,2023,C,7.29E+11,098-KY-0080  -000,HIGH,098-KY-0080  -000,6.481,0,0,0,0,0,0,0,0,0,0,0,1,0,0
7158,72907168,980100,2.02E+11,20230602,1201,,MAYO,S,TRL,,,0,098 CS-1035,CS1035,Y,N,NULL,NULL,NULL,N,NULL,NULL,NULL,NULL,NULL,NULL,,NULL,NULL,NULL,NULL,NULL,NULL,0,0,2,2,N,N,15,NULL,98,9801,NULL,,Y,37.47141,-82.53122,N,NULL,NULL,NULL,NULL,NULL,NULL,NULL,NULL,2,97,1,6,1,1,2,2,1,3,N,NULL,Y,N,1201,1216,1216,N,NULL,90,,,N,,N,N,098-CS-1035-0,NULL,NULL,2023,O,7.29E+11,098-CS-1035  -000,HIGH,098-CS-1035  -000,0.026,1,0,0,0,0,0,0,0,0,0,0,0,0,1
7159,72805025,KSP0900,22-356691,20220914,807,,COLLINS,,HWY,KY0122,KY0122,0,098 KY-122,KY0122,N,N,NULL,NULL,NULL,N,NULL,NULL,NULL,NULL,NULL,NULL,14.31,NULL,NULL,NULL,NULL,,NULL,1,0,1,1,N,N,45,NULL,98,9827,NULL,,Y,37.41665,-82.50637,N,NULL,NULL,NULL,NULL,NULL,NULL,NULL,NULL,9,3,2,6,1,1,2,2,6,3,Y,NULL,Y,Y,807,821,900,N,NULL,38,,0,N,,N,Y,098-KY-0122-0,NULL,NULL,2022,B,7.28E+11,098-KY-0122  -000,HIGH,098-KY-0122  -000,14.31,0,0,0,0,0,0,0,0,0,0,0,1,0,0
7160,72882505,980100,2.02E+11,20230401,1455,,KY1426,,,KY1426,KY1426,,,,Y,N,NULL,NULL,NULL,N,NULL,NULL,NULL,NULL,NULL,NULL,6.667,NULL,NULL,NULL,NULL,,NULL,0,0,1,1,N,N,15,NULL,98,9801,NULL,,Y,37.48361,-82.51242,N,NULL,NULL,NULL,NULL,NULL,NULL,NULL,NULL,9,97,,6,1,1,7,2,1,3,N,NULL,Y,N,1456,1458,,N,NULL,90,,0,N,,N,N,,NULL,NULL,2023,O,7.29E+11,098-KY-1426  -000,HIGH,098-KY-1426  -000,6.665,0,0,1,0,0,0,0,0,0,0,0,0,0,1
7161,72773915,980100,2.02E+11,20220603,908,,BYPASS,N,RD,KY1460,KY1460,0,098 KY-1460,KY1460,N,N,NULL,NULL,NULL,N,NULL,NULL,NULL,NULL,NULL,NULL,6.368,NULL,NULL,NULL,NULL,,NULL,1,0,1,1,N,N,45,NULL,98,9801,NULL,,Y,37.48427,-82.53345,N,NULL,NULL,NULL,NULL,NULL,NULL,NULL,NULL,9,6,2,3,1,1,2,2,7,3,Y,NULL,Y,Y,908,912,1118,N,NULL,40,16,0,Y,,N,N,098-KY-1460-0,NULL,NULL,2022,C,7.28E+11,098-KY-1460  -000,HIGH,098-KY-1460  -000,6.368,0,0,0,0,0,0,0,0,0,0,0,1,0,1
7162,72842914,KSP0900,22-478544,20221215,1946,,FISHTRAP,,RD,KY1441,KY1441,0,098 KY-1441,KY1441,N,N,NULL,NULL,NULL,N,NULL,NULL,NULL,NULL,NULL,NULL,11.557,NULL,NULL,NULL,NULL,,NULL,0,0,1,1,N,N,45,NULL,98,9850,NULL,,Y,37.53421,-82.46137,N,NULL,NULL,NULL,NULL,NULL,NULL,NULL,NULL,9,3,2,6,1,5,6,6,7,3,N,NULL,N,N,1946,1954,2100,Y,NULL,44,8,0,N,,N,N,098-KY-1441-0,NULL,NULL,2022,O,7.28E+11,098-KY-1441  -000,HIGH,098-KY-1441  -000,11.557,0,0,0,0,0,0,0,0,0,0,0,1,0,0
7163,72844028,980100,2.02E+11,20221213,1904,,US23,,,US0023,US0023,0,098 US-23,US0023,N,Y,US119,,,N,NULL,NULL,NULL,NULL,NULL,NULL,26.289,NULL,NULL,NULL,NULL,,NULL,0,0,2,2,N,N,55,NULL,98,9801,NULL,,Y,37.50373,-82.53216,N,NULL,NULL,NULL,NULL,NULL,NULL,NULL,NULL,5,3,4,6,1,1,3,5,7,3,N,NULL,Y,N,1904,1910,,N,NULL,35,,1,Y,,N,N,098-US-0023-0,NULL,NULL,2022,O,7.28E+11,098-US-0023  -000,HIGH,098-US-0023  -000,26.289,0,0,0,0,0,0,1,0,1,0,1,0,0,1
7164,72908485,KSP0900,23-217178,20230607,2148,,US119,,,US0119,US0119,0,098 US-119,US0119,N,N,NULL,NULL,NULL,N,NULL,NULL,NULL,NULL,NULL,NULL,14.843,NULL,NULL,NULL,NULL,,NULL,0,0,1,1,N,N,55,NULL,98,9833,NULL,,Y,37.61312,-82.33839,N,NULL,NULL,NULL,NULL,NULL,NULL,NULL,NULL,9,3,2,6,1,1,3,6,7,3,N,NULL,Y,N,2148,2211,2211,N,NULL,38,2,1,N,,N,N,098-US-0119-0,NULL,NULL,2023,O,7.29E+11,098-US-0119  -000,HIGH,098-US-0119  -000,14.906,0,0,0,0,0,0,0,0,0,0,0,0,0,0
7165,72808124,KSP0900,22-368373,20220922,2043,,LONGVIEW,,DR,,,0,098 CR-1267HH,CR1267HH,N,N,NULL,NULL,NULL,N,NULL,NULL,NULL,NULL,NULL,NULL,0.007,NULL,NULL,NULL,NULL,,NULL,0,0,2,2,N,N,55,NULL,98,9801,NULL,,Y,37.42467,-82.51704,N,NULL,NULL,NULL,NULL,NULL,NULL,NULL,NULL,1,3,4,6,1,1,2,6,7,3,N,NULL,N,N,2043,2111,2111,N,NULL,55,,,N,,N,N,098-CR-1267HH-0,NULL,NULL,2022,O,7.28E+11,098-CR-1267HH-000,HIGH,098-CR-1267HH-000,0.007,0,0,0,0,0,0,1,0,0,0,0,0,0,1
7166,72852056,KSP0900,23-8774,20230107,1610,,APPALACHIAN,,PLZ,,,0,098 PR-1008,PR1008,Y,N,NULL,NULL,NULL,N,NULL,NULL,NULL,NULL,NULL,NULL,0.024,NULL,NULL,NULL,NULL,,NULL,0,0,2,2,Y,N,,NULL,98,9834,NULL,,Y,37.66584,-82.27445,N,NULL,NULL,NULL,NULL,NULL,NULL,NULL,NULL,5,97,,6,1,1,2,2,5,3,N,NULL,Y,N,1615,1640,1640,N,NULL,90,,,N,,N,N,098-PR-1008-0,NULL,NULL,2023,O,7.29E+11,098-PR-1008  -000,HIGH,098-PR-1008  -000,0.015,0,0,0,1,0,0,1,0,0,0,0,0,0,0
7167,72776524,KSP0900,22-240303,20220625,1340,,US460,,,US0460,US0460,0,098 US-460,US0460,N,N,NULL,NULL,NULL,N,NULL,NULL,NULL,NULL,NULL,NULL,4.917,NULL,NULL,NULL,NULL,,NULL,0,0,2,2,N,N,55,NULL,98,9832,NULL,,Y,37.412,-82.4501,N,NULL,NULL,NULL,NULL,NULL,NULL,NULL,NULL,5,3,2,6,1,1,3,2,7,3,N,NULL,Y,N,1340,1400,1400,N,NULL,49,,1,N,,N,N,098-US-0460-0,NULL,NULL,2022,O,7.28E+11,098-US-0460  -000,HIGH,098-US-0460  -000,4.917,0,0,1,0,0,0,1,0,0,0,0,0,0,0
7168,72875169,KSP0900,23-77804,20230228,1609,,US119,,,US0119,US0119,0,098 US-119,US0119,N,N,NULL,NULL,NULL,N,NULL,NULL,NULL,NULL,NULL,NULL,20.243,NULL,NULL,NULL,NULL,,NULL,0,0,2,2,N,N,55,NULL,98,9836,NULL,,Y,37.61426,-82.27388,N,NULL,NULL,NULL,NULL,NULL,NULL,NULL,NULL,5,3,2,3,1,1,2,2,7,3,N,NULL,N,N,1610,1615,1645,N,NULL,49,2,1,N,,N,N,098-US-0119-0,NULL,NULL,2023,O,7.29E+11,098-US-0119  -000,HIGH,098-US-0119  -000,20.247,0,0,0,1,0,0,1,1,0,0,0,0,0,0
7169,72810603,KSP0900,22-376710,20220929,815,,KY194,,,KY0194,KY0194,0,098 KY-194,KY0194,N,N,NULL,NULL,NULL,N,NULL,NULL,NULL,NULL,NULL,NULL,20.034,NULL,NULL,NULL,NULL,,NULL,0,0,1,1,N,N,55,NULL,98,9820,NULL,,Y,37.54719,-82.40345,N,NULL,NULL,NULL,NULL,NULL,NULL,NULL,NULL,9,3,2,3,1,1,3,2,7,3,N,NULL,Y,N,815,845,930,N,NULL,40,6,0,N,,N,N,098-KY-0194-0,NULL,NULL,2022,O,7.28E+11,098-KY-0194  -000,HIGH,098-KY-0194  -000,20.034,0,0,0,0,0,0,1,0,0,0,0,1,0,0
7170,72909389,KSP0900,23-220922,20230610,1452,,US23,,,US0023,US0023,,,,Y,N,NULL,NULL,NULL,N,NULL,NULL,NULL,NULL,NULL,NULL,18.091,NULL,NULL,NULL,NULL,,NULL,0,0,2,2,N,N,15,NULL,98,9827,NULL,,Y,37.43016,-82.51484,N,NULL,NULL,NULL,NULL,NULL,NULL,NULL,NULL,8,97,1,6,3,1,2,2,7,3,N,NULL,Y,N,1452,1452,1452,N,NULL,90,,1,Y,,N,N,,NULL,NULL,2023,O,7.29E+11,098-US-0023  -000,MEDIUM,098-US-0023  -000,18.068,0,0,0,0,0,0,0,0,0,0,0,0,0,1
7171,72804586,KSP0900,22-345828,20220906,1054,,OWSLEY,,RD,KY1384,KY1384,,,,Y,N,NULL,NULL,NULL,N,NULL,NULL,NULL,NULL,NULL,NULL,7.154,NULL,NULL,NULL,NULL,,NULL,0,0,2,2,N,N,15,NULL,98,9801,NULL,,Y,37.48029,-82.53687,N,NULL,NULL,NULL,NULL,NULL,NULL,NULL,NULL,8,97,2,6,2,1,3,2,1,3,N,NULL,Y,Y,1156,1208,1208,N,NULL,90,16,0,N,,N,N,,NULL,NULL,2022,O,7.28E+11,098-KY-1384  -000,HIGH,098-KY-1384  -000,7.154,0,0,0,0,0,0,1,0,0,0,0,0,0,1
7172,72881360,KSP0900,23-118995,20230329,1116,,US23,,,US0023,US0023,0,098 US-23,US0023,N,N,NULL,NULL,NULL,N,NULL,NULL,NULL,NULL,NULL,NULL,11.827,NULL,NULL,NULL,NULL,,NULL,0,0,2,2,N,N,55,NULL,98,9827,NULL,,Y,37.36078,-82.55507,N,NULL,NULL,NULL,NULL,NULL,NULL,NULL,NULL,8,3,4,6,1,1,2,2,7,3,N,NULL,Y,N,1116,1130,1130,N,NULL,53,,1,N,,N,N,098-US-0023-0,NULL,NULL,2023,O,7.29E+11,098-US-0023  -000,HIGH,098-US-0023  -000,11.819,0,0,0,0,0,0,0,0,0,0,0,1,0,0
7173,72936218,KSP0900,23-362758,20230818,1220,,US460,,,US0460,US0460,,,,N,N,NULL,NULL,NULL,N,NULL,NULL,NULL,NULL,NULL,NULL,0.577,NULL,NULL,NULL,NULL,,NULL,1,0,1,1,N,N,55,NULL,98,9801,NULL,,Y,37.43515,-82.50887,N,NULL,NULL,NULL,NULL,NULL,NULL,NULL,NULL,9,3,2,6,1,1,2,2,7,3,N,NULL,Y,Y,1220,1238,1327,N,NULL,44,,1,N,,N,N,,NULL,NULL,2023,B,7.29E+11,098-US-0460  -000,HIGH,098-US-0460  -000,0.577,0,0,0,0,0,0,0,0,0,0,0,1,0,0
7174,72911489,980100,2.02E+11,20230615,2121,,US23,,,US0023,US0023,0,098 US-23,US0023,N,N,NULL,NULL,NULL,N,NULL,NULL,NULL,NULL,NULL,NULL,22.301,NULL,NULL,NULL,NULL,,NULL,0,0,1,1,N,N,55,NULL,98,9801,NULL,,Y,37.4615,-82.51686,N,NULL,NULL,NULL,NULL,NULL,NULL,NULL,NULL,9,3,4,3,1,1,2,6,1,3,N,NULL,Y,N,2121,2125,2143,N,NULL,38,,1,N,,N,N,098-US-0023-0,NULL,NULL,2023,O,7.29E+11,098-US-0023  -000,HIGH,098-US-0023  -000,22.234,0,0,0,0,0,0,0,0,0,0,0,0,0,1
7175,72910453,KSP0900,23-209336,20230602,1327,,US119,,,US0119,US0119,0,098 US-119,US0119,N,N,NULL,NULL,NULL,N,NULL,NULL,NULL,NULL,NULL,NULL,23.987,NULL,NULL,NULL,NULL,,NULL,0,0,2,2,N,N,55,NULL,98,9834,NULL,,Y,37.65556,-82.26997,N,NULL,NULL,NULL,NULL,NULL,NULL,NULL,NULL,1,3,4,6,1,1,2,2,7,3,N,NULL,N,N,1522,1545,1550,N,NULL,55,2,1,N,,N,N,098-US-0119-0,NULL,NULL,2023,O,7.29E+11,098-US-0119  -000,HIGH,098-US-0119  -000,23.986,0,0,0,1,0,0,1,1,0,0,0,0,0,0
7176,72940282,KSP0900,23-371702,20230826,1644,,TOLER,,RD,KY0319,KY0319,0,098 KY-319,KY0319,N,N,NULL,NULL,NULL,N,NULL,NULL,NULL,NULL,NULL,NULL,5.555,NULL,NULL,NULL,NULL,,NULL,0,0,2,2,N,N,45,NULL,98,9836,NULL,,Y,37.62672,-82.24786,N,NULL,NULL,NULL,NULL,NULL,NULL,NULL,NULL,8,3,2,6,1,1,2,2,7,3,N,NULL,N,N,1644,1702,1702,N,NULL,53,7,0,N,,N,N,098-KY-0319-0,NULL,NULL,2023,O,7.29E+11,098-KY-0319  -000,HIGH,098-KY-0319  -000,5.555,0,0,1,0,0,0,1,1,0,0,0,1,0,0
7177,72745387,980100,2.02E+11,20220328,2042,,HAROLDS BRANCH,,RD,,,,,,Y,N,NULL,NULL,NULL,N,NULL,NULL,NULL,NULL,NULL,NULL,0.152,NULL,NULL,NULL,NULL,,NULL,0,0,2,2,N,N,,NULL,98,9801,NULL,,Y,37.4709,-82.52139,N,NULL,NULL,NULL,NULL,NULL,NULL,NULL,NULL,2,97,,6,2,1,2,8,5,3,N,NULL,Y,N,2042,2049,2130,N,NULL,90,,,N,,N,N,,NULL,NULL,2022,O,7.27E+11,098-CS-1223  -000,MEDIUM,098-CS-1223  -000,0.152,0,0,0,0,0,0,1,0,0,0,0,0,0,1
7178,72972910,KSP0900,23-456179,20231112,1840,,LONG BRANCH,,RD,KY1758,KY1758,0,098 KY-1758,KY1758,N,N,NULL,NULL,NULL,N,NULL,NULL,NULL,NULL,NULL,NULL,6.061,NULL,NULL,NULL,NULL,,NULL,0,0,2,2,N,N,35,NULL,98,9817,NULL,,Y,37.47061,-82.27385,N,NULL,NULL,NULL,NULL,NULL,NULL,NULL,NULL,7,3,2,3,3,1,2,6,7,3,N,NULL,N,N,1840,1915,1930,N,NULL,54,8,0,N,,N,N,098-KY-1758-0,NULL,NULL,2023,O,7.30E+11,098-KY-1758  -000,HIGH,098-KY-1758  -000,6.035,0,0,0,1,0,0,0,0,0,0,0,1,0,0
7179,72950342,980000,23-09-003,20230919,1506,,KY3154,,,KY3154,KY3154,0,098 KY-3154,KY3154,N,N,NULL,NULL,NULL,N,NULL,NULL,NULL,NULL,NULL,NULL,2.284,NULL,NULL,NULL,NULL,,NULL,0,0,2,2,N,N,35,NULL,98,9833,NULL,,Y,37.60318,-82.33076,N,NULL,NULL,NULL,NULL,NULL,NULL,NULL,NULL,5,3,2,3,1,1,2,2,6,3,N,NULL,N,N,1430,1458,1527,N,NULL,70,9,0,N,,N,N,098-KY-3154-0,NULL,NULL,2023,O,7.30E+11,098-KY-3154  -000,HIGH,098-KY-3154  -000,2.283,0,0,0,0,0,0,0,0,0,0,0,0,0,0
7180,72912234,980100,2.02E+11,20230609,1833,,LANCELOT,,CT,,,,,,Y,N,NULL,NULL,NULL,N,NULL,NULL,NULL,NULL,NULL,NULL,0.003,NULL,NULL,NULL,NULL,,NULL,0,0,2,2,N,N,15,NULL,98,9801,NULL,,Y,37.47717,-82.49465,N,NULL,NULL,NULL,NULL,NULL,NULL,NULL,NULL,2,97,,4,2,1,2,2,6,3,N,NULL,Y,N,1834,1850,1850,N,NULL,90,,,N,,N,N,,NULL,NULL,2023,O,7.29E+11,098-CS-1073  -000,MEDIUM,098-CS-1073  -000,0.002,0,0,0,0,0,0,0,0,0,0,0,0,0,1
7181,72866830,KSP0900,23-51584,20230209,1828,,US119,,,US0119,US0119,0,098 US-119,US0119,N,N,NULL,NULL,NULL,N,NULL,NULL,NULL,NULL,NULL,NULL,24.966,NULL,NULL,NULL,NULL,,NULL,0,0,2,2,N,N,55,NULL,98,9834,NULL,,Y,37.66789,-82.27723,N,NULL,NULL,NULL,NULL,NULL,NULL,NULL,NULL,5,3,4,6,1,1,2,5,7,3,N,NULL,N,N,1828,1833,1833,N,NULL,70,2,1,N,,N,N,098-US-0119-0,NULL,NULL,2023,O,7.29E+11,098-US-0119  -000,HIGH,098-US-0119  -000,24.981,0,0,0,0,0,0,1,0,0,0,0,0,0,0
7182,72882283,KSP0900,23-123716,20230401,1614,,KY194,,,KY0194,KY0194,0,098 KY-194,KY0194,N,N,NULL,NULL,NULL,N,NULL,NULL,NULL,NULL,NULL,NULL,10.86,NULL,NULL,NULL,NULL,,NULL,0,0,1,1,N,N,55,NULL,98,9801,NULL,,Y,37.60309,-82.51743,N,NULL,NULL,NULL,NULL,NULL,NULL,NULL,NULL,9,3,2,6,1,1,7,2,7,3,N,NULL,N,N,1614,1632,1632,N,NULL,70,7,0,N,,N,N,098-KY-0194-0,NULL,NULL,2023,O,7.29E+11,098-KY-0194  -000,HIGH,098-KY-0194  -000,10.861,0,0,0,1,0,0,0,0,0,0,0,0,0,0
7183,72980347,KSP0900,23-476986,20231201,1846,,MEATHOUSE FORK,,RD,KY3154,KY3154,0,098 KY-3154,KY3154,N,N,NULL,NULL,NULL,N,NULL,NULL,NULL,NULL,NULL,NULL,2.656,NULL,NULL,NULL,NULL,,NULL,0,0,1,1,N,N,35,NULL,98,9838,NULL,,Y,37.60803,-82.32919,N,NULL,NULL,NULL,NULL,NULL,NULL,NULL,NULL,9,5,2,1,1,5,3,6,7,3,N,NULL,Y,Y,1846,1900,1900,N,NULL,40,9,0,N,,N,N,098-KY-3154-0,NULL,NULL,2023,O,7.30E+11,098-KY-3154  -000,HIGH,098-KY-3154  -000,2.655,0,0,0,0,0,0,0,0,0,0,0,1,0,0
7184,72978138,980100,2.02E+11,20231126,1756,,US23,,,US0023,US0023,0,098 US-23,US0023,N,Y,CASSIDY,,BLVD,N,NULL,NULL,NULL,NULL,NULL,NULL,26.284,NULL,NULL,NULL,NULL,,NULL,2,0,2,2,N,N,55,NULL,98,9801,NULL,,Y,37.50367,-82.53214,N,NULL,NULL,NULL,NULL,NULL,NULL,NULL,NULL,1,3,4,6,1,1,3,5,1,3,N,NULL,Y,Y,1756,1758,1822,N,NULL,8,,1,N,,N,N,098-US-0023-0,NULL,NULL,2023,C,7.30E+11,098-US-0023  -000,HIGH,098-US-0023  -000,26.222,0,0,0,0,0,0,0,1,0,0,1,0,0,1
7185,72847004,980000,22-12-003,20221216,545,,BIG CREEK,E,RD,KY3220,KY3220,0,098 KY-3220,KY3220,N,N,NULL,NULL,NULL,N,NULL,NULL,NULL,NULL,NULL,NULL,1.577,NULL,NULL,NULL,NULL,,NULL,0,0,1,1,N,N,55,NULL,98,9838,NULL,,Y,37.61519,-82.34486,N,NULL,NULL,NULL,NULL,NULL,NULL,NULL,NULL,9,3,2,6,1,1,10,6,6,3,N,NULL,Y,N,545,645,700,N,NULL,38,8,0,N,,N,N,098-KY-3220-0,NULL,NULL,2022,O,7.28E+11,098-KY-3220  -000,HIGH,098-KY-3220  -000,1.577,0,0,0,0,0,0,0,0,0,0,0,1,0,0
7186,72892858,KSP0900,23-162676,20230429,1952,,GRAPEVINE,,RD,KY0194,KY0194,0,098 KY-194,KY0194,N,N,NULL,NULL,NULL,N,NULL,NULL,NULL,NULL,NULL,NULL,36.153,NULL,NULL,NULL,NULL,,NULL,1,0,1,1,N,N,35,NULL,98,9839,NULL,,Y,37.45455,-82.28766,N,NULL,NULL,NULL,NULL,NULL,NULL,NULL,NULL,9,3,2,6,1,1,2,3,7,3,N,NULL,Y,Y,1952,1952,1952,N,NULL,44,7,0,N,,N,N,098-KY-0194-0,NULL,NULL,2023,B,7.29E+11,098-KY-0194  -000,HIGH,098-KY-0194  -000,36.153,0,0,0,0,0,0,0,0,1,1,0,1,0,0
7187,72962224,KSP0900,23-430769,20231020,2233,,FERRELLS CREEK,,RD,US0460,US0460,0,098 US-460,US0460,N,N,NULL,NULL,NULL,N,NULL,NULL,NULL,NULL,NULL,NULL,23.585,NULL,NULL,NULL,NULL,,NULL,0,0,1,1,N,N,55,NULL,98,9847,NULL,,Y,37.36892,-82.24783,N,NULL,NULL,NULL,NULL,NULL,NULL,NULL,NULL,9,3,2,6,1,5,2,6,7,3,N,NULL,N,N,2233,2257,2300,N,NULL,38,,1,N,,N,N,098-US-0460-0,NULL,NULL,2023,O,7.30E+11,098-US-0460  -000,HIGH,098-US-0460  -000,23.57,0,0,0,0,0,0,0,0,0,0,0,0,0,0
7188,72961917,KSP0900,23-427395,20231017,1800,,BIG CREEK,E,RD,KY3220,KY3220,0,098 KY-3220,KY3220,N,N,NULL,NULL,NULL,N,NULL,NULL,NULL,NULL,NULL,NULL,3.055,NULL,NULL,NULL,NULL,,NULL,4,0,2,2,N,N,35,NULL,98,9833,NULL,,Y,37.60826,-82.32097,N,NULL,NULL,NULL,NULL,NULL,NULL,NULL,NULL,7,3,2,3,1,5,2,2,6,3,Y,NULL,Y,N,1800,1820,1850,N,NULL,54,8,0,N,,N,N,098-KY-3220-0,NULL,NULL,2023,B,7.30E+11,098-KY-3220  -000,HIGH,098-KY-3220  -000,3.07,0,0,0,1,0,0,0,0,0,0,0,1,0,0
7189,72787684,980100,2.02E+11,20220719,1608,,KY3495,,,KY3495,KY3495,0,098 KY-3495,KY3495,Y,N,NULL,NULL,NULL,N,NULL,NULL,NULL,NULL,NULL,NULL,0.468,NULL,NULL,NULL,NULL,,NULL,0,0,2,2,Y,N,45,NULL,98,9801,NULL,,Y,37.49097,-82.53654,N,NULL,NULL,NULL,NULL,NULL,NULL,NULL,NULL,2,97,2,6,1,1,2,2,1,3,N,NULL,Y,N,1608,1614,1614,N,NULL,90,17,0,N,,N,N,098-KY-3495-0,NULL,NULL,2022,O,7.28E+11,098-KY-3495  -000,HIGH,098-KY-3495  -000,0.468,0,0,0,0,0,0,1,0,0,0,0,0,0,1