OBJECTID,MasterFile,AgencyORINumber,LocalCode,CollisionDate,CollisionTime,CollisionDayWeekCode,RoadwayName,RoadwayName_Direction_,RoadwayName_RoadwaySuffix_,RoadwayfromReport,CurrentRoadwayNumber,RoadwayNumberCoupletID,RSEUniqueGIS,RoadwayIdentifier,ParkingLotIndicator,IntersectionWith_Indicator_,IntersectionWith_NameRoadway_,IntersectionWith_Direction_,IntersectionWith_RoadwaySuffix_,BetweenStreets_Indicator_,BetweenStreets1_NameRoadway_,BetweenStreet1_Direction_,BetweenStreets1_RoadwaySuffix_,BetweenStreets2_NameRoadway_,BetweenStreets2_Direction_,BetweenStreets2_RoadwaySuffix_,Milepoint,ReportMilepointDeriveNumber,CurrentDerivedMiepointNumber,MilestoMilepoint,FeettoMilepoint,DirectionfromMilepoint_NSEW_,ValidMilepointIndicator,NumberInjured,NumberKilled,ofUnits,ofMotorVehicleUnits,Hit&RunIndicator,OneWayIndicator,SpeedLimitNumber,KilometersIndicator,CountyCode,CityCountyCode,MilesFromCity,DirectionFromCity_NSEW_,InCityLimitsIndicator,Latitude,Longitude,RampIndicator,RampFromIdentifier,RampFromDirCode,RampFromCoupletID,RSEUniqueGISRampFrom,RampToidentifier,RampToDirCode,RampToCoupletID,RSEUniqueGisRampTo,MannerofCollisionCode,LocationFirstEventCode,TotalLanes,RoadwayCharacterCode,RoadwaySurfaceCode,RoadwayConditionCode,WeatherCode,LightConditionCode,LandUseCode,SchoolBusRelatedCode,FirstAidSceneIndicator,CollDescPresentInd,InvestigationCompleteIndicator,PhotosTakenIndicator,TimeNotified,TimeArrived,TimeRoadwayOpened,PropertyDamageIndicator,DiagramPresentIndicator,DirectionalAnalysis,FunctionClassCode,NationalHwySysCode,EnforcementsIndicator,KARSCityCode,SecondaryCollisionIndicator,MedianCrossoverIndicator,RT_UNIQUE,MapIt,TimeLastLeft,YR,KABCO,MFNY,WorkingRID,RT_CONFIDENCE,KTC_RT,KTC_MP,Motorcyclist,Commercial Vehicle,Young Driver,Mature Driver,Pedestrian,Bicyclist,Distracted,Aggressive,Impaired,Unrestrained,Intersection,Roadway Departure,Median Cross-over,City Crash
7190,72824722,980100,2.02E+11,20221103,1555,,SMITH,,ST,,,0,098 CS-1163,CS1163,Y,N,NULL,NULL,NULL,N,NULL,NULL,NULL,NULL,NULL,NULL,0.027,NULL,NULL,NULL,NULL,,NULL,0,0,2,2,N,N,15,NULL,98,9801,NULL,,Y,37.48328,-82.52177,N,NULL,NULL,NULL,NULL,NULL,NULL,NULL,NULL,2,97,,6,1,1,2,2,6,3,N,NULL,Y,N,1556,1557,1557,N,NULL,90,,,N,,N,N,098-CS-1163-0,NULL,NULL,2022,O,7.28E+11,098-CS-1163  -000,HIGH,098-CS-1163  -000,0.027,0,0,0,0,0,0,1,0,0,0,0,0,0,1
7191,72952341,980100,2.02E+11,20230917,2159,,KY3496,,,KY3496,KY3496,0,098 KY-3496,KY3496,Y,N,NULL,NULL,NULL,N,NULL,NULL,NULL,NULL,NULL,NULL,0.166,NULL,NULL,NULL,NULL,,NULL,0,0,2,2,N,N,35,NULL,98,9801,NULL,,Y,37.46632,-82.53062,N,NULL,NULL,NULL,NULL,NULL,NULL,NULL,NULL,2,97,2,6,1,1,2,6,1,3,N,NULL,Y,N,2159,2159,2159,N,NULL,90,16,0,N,,N,N,098-KY-3496-0,NULL,NULL,2023,O,7.30E+11,098-KY-3496  -000,HIGH,098-KY-3496  -000,0.17,0,0,0,0,0,0,1,0,0,0,0,0,0,1
7192,72913375,KSP0900,23-231425,20230617,2309,,KY1426,,,KY1426,KY1426,0,098 KY-1426,KY1426,N,N,NULL,NULL,NULL,N,NULL,NULL,NULL,NULL,NULL,NULL,18.65,NULL,NULL,NULL,NULL,,NULL,3,0,1,1,N,Y,15,NULL,98,9801,NULL,,Y,37.5798,-82.40931,N,NULL,NULL,NULL,NULL,NULL,NULL,NULL,NULL,9,3,2,4,1,1,2,7,7,3,Y,NULL,N,Y,2309,2312,2339,N,NULL,40,7,0,N,,N,N,098-KY-1426-0,NULL,NULL,2023,C,7.29E+11,098-KY-1426  -000,HIGH,098-KY-1426  -000,18.65,0,0,0,0,0,0,1,1,0,0,0,1,0,0
7193,72857514,980100,2.02E+11,20230123,1437,,BAIRD,,AVE,KY1426,KY1426,0,098 KY-1426,KY1426,N,N,NULL,NULL,NULL,N,NULL,NULL,NULL,NULL,NULL,NULL,5.389,NULL,NULL,NULL,NULL,,NULL,0,0,2,2,N,N,25,NULL,98,9801,NULL,,Y,37.47311,-82.52705,N,NULL,NULL,NULL,NULL,NULL,NULL,NULL,NULL,5,3,2,6,1,5,3,2,7,3,N,NULL,Y,N,1437,1440,1440,N,NULL,49,,0,N,,N,N,098-KY-1426-0,NULL,NULL,2023,O,7.29E+11,098-KY-1426  -000,HIGH,098-KY-1426  -000,5.407,0,0,0,0,0,0,1,0,0,0,0,0,0,1
7194,72862922,KSP0900,23-46781,20230206,1217,,TOLER,,RD,KY0319,KY0319,0,098 KY-319,KY0319,N,N,NULL,NULL,NULL,N,NULL,NULL,NULL,NULL,NULL,NULL,6.557,NULL,NULL,NULL,NULL,,NULL,1,0,2,2,N,N,45,NULL,98,9842,NULL,,Y,37.63812,-82.25263,N,NULL,NULL,NULL,NULL,NULL,NULL,NULL,NULL,5,3,2,4,1,1,2,2,7,3,Y,NULL,Y,Y,1217,1221,1225,N,NULL,49,7,0,N,,N,N,098-KY-0319-0,NULL,NULL,2023,C,7.29E+11,098-KY-0319  -000,HIGH,098-KY-0319  -000,6.556,0,0,1,1,0,0,1,1,0,0,0,0,0,0
7195,72937010,KSP0900,23-354483,20230810,1720,,PETER FORK,,RD,,,0,098 CR-1527,CR1527,N,N,NULL,NULL,NULL,N,NULL,NULL,NULL,NULL,NULL,NULL,0.732,NULL,NULL,NULL,NULL,,NULL,0,0,1,1,N,N,35,NULL,98,9863,NULL,,Y,37.58348,-82.16636,N,NULL,NULL,NULL,NULL,NULL,NULL,NULL,NULL,9,4,1,6,1,1,2,2,7,3,N,NULL,N,Y,1700,1740,1800,Y,NULL,44,,,N,,N,N,098-CR-1527-0,NULL,NULL,2023,O,7.29E+11,098-CR-1527  -000,HIGH,098-CR-1527  -000,0.726,0,0,0,0,0,0,0,1,1,0,0,1,0,0
7196,72763044,KSP0900,22-183445,20220517,2327,,US119,,,US0119,US0119,0,098 US-119,US0119,N,N,NULL,NULL,NULL,N,NULL,NULL,NULL,NULL,NULL,NULL,10.235,NULL,NULL,NULL,NULL,,NULL,0,0,2,2,N,N,55,NULL,98,9833,NULL,,Y,37.58494,-82.40276,N,NULL,NULL,NULL,NULL,NULL,NULL,NULL,NULL,3,3,2,6,1,1,2,6,7,3,N,NULL,Y,N,2327,100,100,N,NULL,52,2,1,N,,N,N,098-US-0119-0,NULL,NULL,2022,O,7.28E+11,098-US-0119  -000,HIGH,098-US-0119  -000,10.235,0,0,0,0,0,0,0,0,0,0,0,1,0,0
7197,72956178,KSP0900,23-417138,20231007,2048,,KY3416,,,KY3416,KY3416,,,,N,N,NULL,NULL,NULL,N,NULL,NULL,NULL,NULL,NULL,NULL,1.645,NULL,NULL,NULL,NULL,,NULL,0,0,1,1,N,N,55,NULL,98,9801,NULL,,Y,37.45021,-82.54063,N,NULL,NULL,NULL,NULL,NULL,NULL,NULL,NULL,9,3,2,3,1,1,2,6,7,3,N,NULL,N,N,2048,2048,2200,N,NULL,70,9,0,N,,N,N,,NULL,NULL,2023,O,7.30E+11,098-KY-3416  -000,HIGH,098-KY-3416  -000,1.645,0,0,1,0,0,0,0,0,0,0,0,1,0,0
7198,72917806,KSP0900,23-309801,20230701,1426,,US119,,,US0119,US0119,0,098 US-119-10,US0119,N,N,NULL,NULL,NULL,N,NULL,NULL,NULL,NULL,NULL,NULL,9.445,NULL,NULL,NULL,NULL,,NULL,0,0,1,1,N,N,55,NULL,98,9820,NULL,,Y,37.57721,-82.41351,N,NULL,NULL,NULL,NULL,NULL,NULL,NULL,NULL,9,3,2,4,1,5,6,2,7,3,N,NULL,Y,N,1426,1455,1426,N,NULL,40,2,1,N,,N,N,098-US-0119-10,NULL,NULL,2023,O,7.29E+11,098-US-0119  -010,HIGH,098-US-0119  -000,9.448,0,0,0,0,0,0,0,0,0,0,0,1,0,0
7199,72894730,980100,2.02E+11,20230504,1805,,US460,,,US0460,US0460,0,098 US-460,US0460,Y,N,NULL,NULL,NULL,N,NULL,NULL,NULL,NULL,NULL,NULL,0.193,NULL,NULL,NULL,NULL,,NULL,0,0,2,2,N,N,15,NULL,98,9801,NULL,,Y,37.43974,-82.50915,N,NULL,NULL,NULL,NULL,NULL,NULL,NULL,NULL,5,97,1,6,1,1,2,2,1,3,N,NULL,Y,N,1805,1815,1815,N,NULL,90,,1,Y,,N,N,098-US-0460-0,NULL,NULL,2023,O,7.29E+11,098-US-0460  -000,HIGH,098-US-0460  -000,0.193,0,0,0,0,0,0,0,0,1,0,0,0,0,1
7200,72896085,980100,2.02E+11,20230508,722,,BYPASS,S,RD,KY1426,KY1426,0,098 KY-1426,KY1426,Y,N,NULL,NULL,NULL,N,NULL,NULL,NULL,NULL,NULL,NULL,6.563,NULL,NULL,NULL,NULL,,NULL,0,0,2,2,N,N,55,NULL,98,9801,NULL,,Y,37.48249,-82.51362,N,NULL,NULL,NULL,NULL,NULL,NULL,NULL,NULL,2,97,2,6,1,1,3,2,7,3,N,NULL,Y,N,722,722,722,N,NULL,90,,0,Y,,N,N,098-KY-1426-0,NULL,NULL,2023,O,7.29E+11,098-KY-1426  -000,HIGH,098-KY-1426  -000,6.562,0,0,0,0,0,0,0,0,0,0,0,0,0,1
7201,72909696,KSP0900,23-219549,20230609,1609,,WALKER MCCOY,,DR,,,0,098 PR-1055,PR1055,Y,N,NULL,NULL,NULL,N,NULL,NULL,NULL,NULL,NULL,NULL,0.144,NULL,NULL,NULL,NULL,,NULL,1,0,2,1,N,N,,NULL,98,9834,NULL,,Y,37.66129,-82.27223,N,NULL,NULL,NULL,NULL,NULL,NULL,NULL,NULL,9,97,,6,1,1,2,2,5,3,Y,NULL,Y,Y,1611,1619,1619,N,NULL,90,,,N,,N,N,098-PR-1055-0,NULL,NULL,2023,C,7.29E+11,098-PR-1055  -000,HIGH,098-PR-1055  -000,0.139,0,0,0,0,1,0,1,0,0,0,0,0,0,0
7202,72929291,KSP0900,23-339597,20230727,1750,,KY1426,,,KY1426,KY1426,0,098 KY-1426,KY1426,N,N,NULL,NULL,NULL,N,NULL,NULL,NULL,NULL,NULL,NULL,13.207,NULL,NULL,NULL,NULL,,NULL,2,0,1,1,N,N,45,NULL,98,9828,NULL,,Y,37.54866,-82.45931,N,NULL,NULL,NULL,NULL,NULL,NULL,NULL,NULL,9,3,2,3,1,1,2,2,7,3,Y,NULL,N,Y,1724,1730,1800,N,NULL,44,7,0,N,,N,N,098-KY-1426-0,NULL,NULL,2023,C,7.29E+11,098-KY-1426  -000,HIGH,098-KY-1426  -000,13.209,0,0,0,0,0,0,1,1,0,0,0,1,0,0
7203,72881871,KSP0900,23-121858,20230331,1229,,KY194,,,KY0194,KY0194,0,098 KY-194,KY0194,N,N,NULL,NULL,NULL,N,NULL,NULL,NULL,NULL,NULL,NULL,26.281,NULL,NULL,NULL,NULL,,NULL,3,0,2,2,N,N,55,NULL,98,9817,NULL,,Y,37.50098,-82.35496,N,NULL,NULL,NULL,NULL,NULL,NULL,NULL,NULL,1,3,2,6,1,5,6,2,7,3,Y,NULL,Y,Y,1230,1241,1330,N,NULL,55,6,0,N,,N,N,098-KY-0194-0,NULL,NULL,2023,B,7.29E+11,098-KY-0194  -000,HIGH,098-KY-0194  -000,26.289,0,0,0,1,0,0,1,0,0,0,0,0,0,0
7204,72948151,980100,2.02E+11,20230915,1752,,CASSIDY,,BLVD,,,0,098 CS-1191,CS1191,Y,N,NULL,NULL,NULL,N,NULL,NULL,NULL,NULL,NULL,NULL,0.297,NULL,NULL,NULL,NULL,,NULL,0,0,2,2,N,N,15,NULL,98,9801,NULL,,Y,37.50509,-82.53677,N,NULL,NULL,NULL,NULL,NULL,NULL,NULL,NULL,2,97,2,6,1,1,2,2,1,3,N,NULL,Y,N,1752,1755,1755,N,NULL,90,,,N,,N,N,098-CS-1191-0,NULL,NULL,2023,O,7.29E+11,098-CS-1191  -000,HIGH,098-CS-1191  -000,0.292,0,0,0,0,0,0,0,0,0,0,0,0,0,1
7205,72961400,KSP0900,23-428957,20231019,945,,US119,,,US0119,US0119,0,098 US-119-10,US0119,N,N,NULL,NULL,NULL,N,NULL,NULL,NULL,NULL,NULL,NULL,14.852,NULL,NULL,NULL,NULL,,NULL,0,0,1,1,N,N,55,NULL,98,9833,NULL,,Y,37.61334,-82.33816,N,NULL,NULL,NULL,NULL,NULL,NULL,NULL,NULL,9,3,2,6,1,1,2,2,7,3,N,NULL,N,N,1045,1010,1015,N,NULL,40,2,1,N,,N,N,098-US-0119-10,NULL,NULL,2023,O,7.30E+11,098-US-0119  -010,HIGH,098-US-0119  -000,14.916,0,0,0,0,0,0,1,0,0,0,0,1,0,0
7206,72957726,KSP0900,23-412375,20231003,1118,,US119,,,US0119,US0119,,,,N,N,NULL,NULL,NULL,N,NULL,NULL,NULL,NULL,NULL,NULL,2.111,NULL,NULL,NULL,NULL,,NULL,1,0,2,2,N,N,55,NULL,98,9801,0.5,N,N,37.51263,-82.49738,N,NULL,NULL,NULL,NULL,NULL,NULL,NULL,NULL,5,3,4,6,1,1,2,2,7,3,Y,NULL,Y,Y,1118,1125,1209,N,NULL,49,2,1,N,,N,N,,NULL,NULL,2023,C,7.30E+11,098-US-0119  -010,MEDIUM,098-US-0119  -000,2.111,0,1,0,1,0,0,1,0,0,0,0,0,0,1
7207,72892998,980100,2.02E+11,20230430,1508,,CASSIDY,,BLVD,,,0,098 CS-1191,CS1191,Y,N,NULL,NULL,NULL,N,NULL,NULL,NULL,NULL,NULL,NULL,0.06,NULL,NULL,NULL,NULL,,NULL,0,0,2,2,N,N,,NULL,98,9801,NULL,,Y,37.50366,-82.53312,N,NULL,NULL,NULL,NULL,NULL,NULL,NULL,NULL,2,97,,6,1,1,3,2,1,3,N,NULL,Y,N,1508,1519,,N,NULL,90,,,N,,N,N,098-CS-1191-0,NULL,NULL,2023,O,7.29E+11,098-CS-1191  -000,HIGH,098-CS-1191  -000,0.055,0,0,0,0,0,0,1,0,0,1,0,0,0,1
7208,72979333,980100,2.02E+11,20231129,1048,,US23,,,US0023,US0023,0,098 US-23-10,US0023,N,N,NULL,NULL,NULL,N,NULL,NULL,NULL,NULL,NULL,NULL,26.293,NULL,NULL,NULL,NULL,,NULL,0,0,2,2,N,N,55,NULL,98,9801,NULL,,Y,37.50376,-82.53234,N,NULL,NULL,NULL,NULL,NULL,NULL,NULL,NULL,5,3,4,6,1,1,2,2,2,3,N,NULL,Y,N,1048,1053,1053,N,NULL,49,,1,N,,N,N,098-US-0023-10,NULL,NULL,2023,O,7.30E+11,098-US-0023  -010,HIGH,098-US-0023  -000,26.229,0,0,1,0,0,0,1,0,0,0,0,0,0,1
7209,72943310,980100,2.02E+11,20230903,1825,,US119,,,US0119,US0119,0,098 US-119-10,US0119,N,N,NULL,NULL,NULL,N,NULL,NULL,NULL,NULL,NULL,NULL,3.112,NULL,NULL,NULL,NULL,,NULL,1,0,1,1,N,N,55,NULL,98,9801,0.5,N,N,37.51411,-82.47954,N,NULL,NULL,NULL,NULL,NULL,NULL,NULL,NULL,9,4,2,4,1,1,2,2,7,3,Y,NULL,Y,Y,1825,1830,1922,N,NULL,51,2,1,N,,N,N,098-US-0119-10,NULL,NULL,2023,C,7.29E+11,098-US-0119  -010,HIGH,098-US-0119  -000,3.112,0,0,1,0,0,0,0,0,0,0,0,1,0,0
7210,72893658,KSP0900,2023-00152785,20230422,303,,KY632,,,KY0632,KY0632,0,098 KY-632,KY0632,N,N,NULL,NULL,NULL,N,NULL,NULL,NULL,NULL,NULL,NULL,0.275,NULL,NULL,NULL,NULL,,NULL,3,0,2,2,N,N,55,NULL,98,9817,0,N,N,37.49886,-82.34478,N,NULL,NULL,NULL,NULL,NULL,NULL,NULL,NULL,3,3,2,3,1,5,3,6,7,3,Y,NULL,Y,Y,310,424,541,N,NULL,52,6,0,N,,N,N,098-KY-0632-0,NULL,NULL,2023,A,7.29E+11,098-KY-0632  -000,HIGH,098-KY-0632  -000,0.277,0,0,0,0,0,0,0,0,0,1,0,1,0,0
7211,72901043,KSP0900,23-190954,20230520,1350,,US23,,,US0023,US0023,0,098 US-23,US0023,N,N,NULL,NULL,NULL,N,NULL,NULL,NULL,NULL,NULL,NULL,29.22,NULL,NULL,NULL,NULL,,NULL,7,0,2,2,N,N,45,NULL,98,9807,NULL,,Y,37.52663,-82.57388,N,NULL,NULL,NULL,NULL,NULL,NULL,NULL,NULL,4,3,6,6,1,5,6,7,7,3,Y,NULL,N,Y,1353,1406,1445,N,NULL,70,,1,Y,,N,N,098-US-0023-0,NULL,NULL,2023,B,7.29E+11,098-US-0023  -000,HIGH,098-US-0023  -000,29.202,0,0,0,0,0,0,1,0,0,0,0,0,0,0
7212,72805433,KSP0900,22-350352,20220909,1414,,KY194,,,KY0194,KY0194,0,098 KY-194,KY0194,N,N,NULL,NULL,NULL,N,NULL,NULL,NULL,NULL,NULL,NULL,65.471,NULL,NULL,NULL,NULL,,NULL,0,0,1,1,N,N,35,NULL,98,9825,NULL,,Y,37.53764,-82.1008,N,NULL,NULL,NULL,NULL,NULL,NULL,NULL,NULL,9,3,2,3,1,1,2,2,7,3,N,NULL,N,N,1409,1448,1450,Y,NULL,40,7,0,N,,N,N,098-KY-0194-0,NULL,NULL,2022,O,7.28E+11,098-KY-0194  -000,HIGH,098-KY-0194  -000,65.471,0,0,0,0,0,0,1,0,0,0,0,1,0,0
7213,72979440,KSP0900,23-446868,20231104,2215,,BIG CREEK,E,RD,KY3220,KY3220,0,098 KY-3220,KY3220,N,N,NULL,NULL,NULL,N,NULL,NULL,NULL,NULL,NULL,NULL,3.894,NULL,NULL,NULL,NULL,,NULL,1,0,1,1,N,N,35,NULL,98,9833,NULL,,Y,37.60492,-82.3082,N,NULL,NULL,NULL,NULL,NULL,NULL,NULL,NULL,9,3,2,3,1,1,2,6,7,3,N,NULL,Y,Y,2222,2230,2230,N,NULL,40,8,0,N,,N,N,098-KY-3220-0,NULL,NULL,2023,B,7.30E+11,098-KY-3220  -000,HIGH,098-KY-3220  -000,3.896,0,0,0,0,0,0,1,0,0,0,0,1,0,0
7214,72983512,KSP0800,2023-484594,20231208,1924,,US119,,,US0119,US0119,0,098 US-119,US0119,N,N,NULL,NULL,NULL,N,NULL,NULL,NULL,NULL,NULL,NULL,24.99,NULL,NULL,NULL,NULL,,NULL,0,0,2,2,N,N,55,NULL,98,9836,NULL,,Y,37.66809,-82.27715,N,NULL,NULL,NULL,NULL,NULL,NULL,NULL,NULL,5,3,4,6,1,1,2,5,1,3,N,NULL,Y,N,1924,1926,1926,N,NULL,49,2,1,N,,N,N,098-US-0119-0,NULL,NULL,2023,O,7.30E+11,098-US-0119  -000,HIGH,098-US-0119  -000,24.99,0,0,1,0,0,0,1,0,0,0,0,0,0,0
7215,72876297,KSP0900,23-102145,20230317,500,,US119,,,US0119,US0119,0,098 US-119-10,US0119,N,N,NULL,NULL,NULL,N,NULL,NULL,NULL,NULL,NULL,NULL,8.52,NULL,NULL,NULL,NULL,,NULL,0,0,1,1,N,N,55,NULL,98,9820,NULL,,Y,37.56511,-82.4193,N,NULL,NULL,NULL,NULL,NULL,NULL,NULL,NULL,9,3,2,6,1,5,6,2,7,3,N,NULL,Y,N,506,550,620,N,NULL,40,2,1,N,,N,N,098-US-0119-10,NULL,NULL,2023,O,7.29E+11,098-US-0119  -010,HIGH,098-US-0119  -000,8.519,0,0,0,0,0,0,1,0,0,0,0,1,0,0
7216,72855528,KSP0900,2023-20621,20230116,1929,,BIGGS,,BR,,,0,098 CR-1204,CR1204,N,N,NULL,NULL,NULL,N,NULL,NULL,NULL,NULL,NULL,NULL,0.015,NULL,NULL,NULL,NULL,,NULL,0,0,2,2,N,N,55,NULL,98,9824,NULL,,Y,37.39445,-82.43292,N,NULL,NULL,NULL,NULL,NULL,NULL,NULL,NULL,3,3,2,6,1,1,2,6,7,3,N,NULL,N,N,1929,2046,1920,N,NULL,52,,,N,,N,N,098-CR-1204-0,NULL,NULL,2023,O,7.29E+11,098-CR-1204  -000,HIGH,098-CR-1204  -000,0.012,0,0,0,0,0,0,1,0,0,0,0,1,0,0
7217,72860474,KSP0900,2023-39736,20230131,1910,,FERRELLS CREEK,,RD,US0460,US0460,0,098 US-460,US0460,N,N,NULL,NULL,NULL,N,NULL,NULL,NULL,NULL,NULL,NULL,14.375,NULL,NULL,NULL,NULL,,NULL,0,0,2,2,N,N,55,NULL,98,9874,NULL,,Y,37.34209,-82.37449,N,NULL,NULL,NULL,NULL,NULL,NULL,NULL,NULL,4,3,2,3,1,5,6,6,7,3,N,NULL,N,N,1910,1945,2020,N,NULL,70,,1,N,,N,N,098-US-0460-0,NULL,NULL,2023,O,7.29E+11,098-US-0460  -000,HIGH,098-US-0460  -000,14.353,0,0,0,0,0,0,1,1,0,0,0,0,0,0
7218,72957514,KSP0900,23-407076,20230928,703,,US119,,,US0119,US0119,0,098 US-119,US0119,N,N,NULL,NULL,NULL,N,NULL,NULL,NULL,NULL,NULL,NULL,24.932,NULL,NULL,NULL,NULL,,NULL,0,0,1,1,N,N,55,NULL,98,9834,NULL,,Y,37.66716,-82.27705,N,NULL,NULL,NULL,NULL,NULL,NULL,NULL,NULL,9,97,4,6,1,1,3,2,1,3,N,NULL,N,N,703,815,815,N,NULL,70,2,1,N,,N,N,098-US-0119-0,NULL,NULL,2023,O,7.30E+11,098-US-0119  -000,HIGH,098-US-0119  -000,24.937,0,0,0,0,0,0,1,0,0,0,0,0,0,0
7219,72863003,980100,2.02E+11,20230205,2045,,CASSIDY,,BLVD,,,0,098 CS-1191,CS1191,Y,N,NULL,NULL,NULL,N,NULL,NULL,NULL,NULL,NULL,NULL,0.222,NULL,NULL,NULL,NULL,,NULL,0,0,2,2,N,N,,NULL,98,9801,NULL,,Y,37.50424,-82.53554,N,NULL,NULL,NULL,NULL,NULL,NULL,NULL,NULL,1,97,2,6,1,1,3,5,5,3,N,NULL,Y,N,2045,2048,2048,N,NULL,90,,,N,,N,N,098-CS-1191-0,NULL,NULL,2023,O,7.29E+11,098-CS-1191  -000,HIGH,098-CS-1191  -000,0.202,0,0,0,0,0,0,1,1,0,0,0,0,0,1
7220,72872165,KSP0900,23-85383,20230305,230,,KY1056,,,KY1056,KY1056,0,098 KY-1056,KY1056,N,N,NULL,NULL,NULL,N,NULL,NULL,NULL,NULL,NULL,NULL,3.569,NULL,NULL,NULL,NULL,,NULL,0,0,1,1,N,N,55,NULL,98,9879,NULL,,Y,37.55266,-82.21672,N,NULL,NULL,NULL,NULL,NULL,NULL,NULL,NULL,9,3,2,6,1,1,2,6,7,3,N,NULL,Y,N,230,230,230,N,NULL,44,8,0,N,,N,N,098-KY-1056-0,NULL,NULL,2023,O,7.29E+11,098-KY-1056  -000,HIGH,098-KY-1056  -000,3.608,0,0,1,0,0,0,0,0,0,0,0,1,0,0
7221,72949344,980100,2.02E+11,20230915,2354,,CASSIDY,,BLVD,,,0,098 CS-1191,CS1191,Y,N,NULL,NULL,NULL,N,NULL,NULL,NULL,NULL,NULL,NULL,0.164,NULL,NULL,NULL,NULL,,NULL,0,0,2,2,Y,N,,NULL,98,9801,NULL,,Y,37.50365,-82.53471,N,NULL,NULL,NULL,NULL,NULL,NULL,NULL,NULL,2,97,,6,1,1,2,8,1,3,N,NULL,Y,N,2354,6,15,N,NULL,90,,,N,,N,N,098-CS-1191-0,NULL,NULL,2023,O,7.29E+11,098-CS-1191  -000,HIGH,098-CS-1191  -000,0.142,0,0,0,0,0,0,0,0,0,0,0,0,0,1
7222,72873627,KSP0900,23-90251,20230308,1237,,US460,,,US0460,US0460,0,098 US-460,US0460,N,N,NULL,NULL,NULL,N,NULL,NULL,NULL,NULL,NULL,NULL,2.961,NULL,NULL,NULL,NULL,,NULL,4,0,3,3,N,N,55,NULL,98,9824,NULL,,Y,37.429,-82.47667,N,NULL,NULL,NULL,NULL,NULL,NULL,NULL,NULL,5,3,2,6,1,1,2,2,6,3,Y,NULL,Y,Y,1238,1244,1330,N,NULL,70,,1,N,,N,N,098-US-0460-0,NULL,NULL,2023,C,7.29E+11,098-US-0460  -000,HIGH,098-US-0460  -000,2.96,0,0,0,0,0,0,1,0,0,0,0,0,0,0
7223,72906767,980100,2.02E+11,20230602,1642,,US460,,,US0460,US0460,0,098 US-460,US0460,N,N,NULL,NULL,NULL,N,NULL,NULL,NULL,NULL,NULL,NULL,0.246,NULL,NULL,NULL,NULL,,NULL,0,0,2,2,N,N,55,NULL,98,9801,NULL,,Y,37.43942,-82.50946,N,NULL,NULL,NULL,NULL,NULL,NULL,NULL,NULL,5,3,2,6,1,1,2,2,1,3,N,NULL,Y,N,1642,1649,,N,NULL,49,,1,N,,N,N,098-US-0460-0,NULL,NULL,2023,O,7.29E+11,098-US-0460  -000,HIGH,098-US-0460  -000,0.218,0,0,0,1,0,0,1,0,0,0,0,0,0,1
7224,72911669,KSP0900,23-206241,20230531,1138,,POWELLS,,CRK,,,,,,N,N,NULL,NULL,NULL,N,NULL,NULL,NULL,NULL,NULL,NULL,2.511,NULL,NULL,NULL,NULL,,NULL,0,0,3,3,Y,N,15,NULL,98,9832,NULL,,Y,37.40942,-82.39156,N,NULL,NULL,NULL,NULL,NULL,NULL,NULL,NULL,5,97,1,4,1,1,2,2,6,3,Y,NULL,Y,N,1138,1147,1303,N,NULL,70,,,Y,,N,N,,NULL,NULL,2023,O,7.29E+11,098-CR-1208  -000,HIGH,098-CR-1208  -000,2.533,0,0,0,0,0,0,0,0,1,0,0,0,0,0
7225,72990281,980100,2.02E+11,20231226,1834,,BYPASS,S,RD,KY1426,KY1426,0,098 KY-1426,KY1426,N,N,NULL,NULL,NULL,N,NULL,NULL,NULL,NULL,NULL,NULL,5.83,NULL,NULL,NULL,NULL,,NULL,0,0,1,1,N,N,45,NULL,98,9801,NULL,,Y,37.47375,-82.52061,N,NULL,NULL,NULL,NULL,NULL,NULL,NULL,NULL,9,3,2,6,1,5,3,6,7,3,N,NULL,Y,N,1834,1840,1857,N,NULL,38,,0,N,,N,N,098-KY-1426-0,NULL,NULL,2023,O,7.30E+11,098-KY-1426  -000,HIGH,098-KY-1426  -000,5.824,0,0,0,0,0,0,0,0,0,0,0,0,0,1
7226,72880160,980100,2.02E+11,20230325,2243,,US23,,,US0023,US0023,0,098 US-23,US0023,N,N,NULL,NULL,NULL,N,NULL,NULL,NULL,NULL,NULL,NULL,27.001,NULL,NULL,NULL,NULL,,NULL,0,0,1,1,N,N,55,NULL,98,9801,NULL,,Y,37.51041,-82.54119,N,NULL,NULL,NULL,NULL,NULL,NULL,NULL,NULL,9,3,4,6,1,1,2,6,1,3,N,NULL,Y,N,2243,2248,18,N,NULL,70,,1,N,,N,N,098-US-0023-0,NULL,NULL,2023,O,7.29E+11,098-US-0023  -000,HIGH,098-US-0023  -000,26.952,0,0,0,0,0,0,0,0,0,0,0,0,0,1