OBJECTID,MasterFile,AgencyORINumber,LocalCode,CollisionDate,CollisionTime,CollisionDayWeekCode,RoadwayName,RoadwayName_Direction_,RoadwayName_RoadwaySuffix_,RoadwayfromReport,CurrentRoadwayNumber,RoadwayNumberCoupletID,RSEUniqueGIS,RoadwayIdentifier,ParkingLotIndicator,IntersectionWith_Indicator_,IntersectionWith_NameRoadway_,IntersectionWith_Direction_,IntersectionWith_RoadwaySuffix_,BetweenStreets_Indicator_,BetweenStreets1_NameRoadway_,BetweenStreet1_Direction_,BetweenStreets1_RoadwaySuffix_,BetweenStreets2_NameRoadway_,BetweenStreets2_Direction_,BetweenStreets2_RoadwaySuffix_,Milepoint,ReportMilepointDeriveNumber,CurrentDerivedMiepointNumber,MilestoMilepoint,FeettoMilepoint,DirectionfromMilepoint_NSEW_,ValidMilepointIndicator,NumberInjured,NumberKilled,ofUnits,ofMotorVehicleUnits,Hit&RunIndicator,OneWayIndicator,SpeedLimitNumber,KilometersIndicator,CountyCode,CityCountyCode,MilesFromCity,DirectionFromCity_NSEW_,InCityLimitsIndicator,Latitude,Longitude,RampIndicator,RampFromIdentifier,RampFromDirCode,RampFromCoupletID,RSEUniqueGISRampFrom,RampToidentifier,RampToDirCode,RampToCoupletID,RSEUniqueGisRampTo,MannerofCollisionCode,LocationFirstEventCode,TotalLanes,RoadwayCharacterCode,RoadwaySurfaceCode,RoadwayConditionCode,WeatherCode,LightConditionCode,LandUseCode,SchoolBusRelatedCode,FirstAidSceneIndicator,CollDescPresentInd,InvestigationCompleteIndicator,PhotosTakenIndicator,TimeNotified,TimeArrived,TimeRoadwayOpened,PropertyDamageIndicator,DiagramPresentIndicator,DirectionalAnalysis,FunctionClassCode,NationalHwySysCode,EnforcementsIndicator,KARSCityCode,SecondaryCollisionIndicator,MedianCrossoverIndicator,RT_UNIQUE,MapIt,TimeLastLeft,YR,KABCO,MFNY,WorkingRID,RT_CONFIDENCE,KTC_RT,KTC_MP,Motorcyclist,Commercial Vehicle,Young Driver,Mature Driver,Pedestrian,Bicyclist,Distracted,Aggressive,Impaired,Unrestrained,Intersection,Roadway Departure,Median Cross-over,City Crash
7265,72945615,980100,2.02E+11,20230911,1026,,JOHNSON,,ST,,,,,,N,N,NULL,NULL,NULL,N,NULL,NULL,NULL,NULL,NULL,NULL,,NULL,NULL,NULL,NULL,,NULL,0,0,2,2,N,N,25,NULL,98,9801,NULL,,Y,37.4439,-82.52476,N,NULL,NULL,NULL,NULL,NULL,NULL,NULL,NULL,7,3,1,4,1,1,2,2,7,3,N,NULL,Y,N,1026,1034,1034,N,NULL,54,,,N,,N,N,,NULL,NULL,2023,O,7.29E+11,098-CS-1253  -000,MEDIUM,098-CS-1253  -000,0,0,0,0,0,0,0,1,0,0,0,0,1,0,1
7266,72905200,KSP0900,23-204490,20230529,2230,,US23,,,US0023,US0023,0,098 US-23-10,US0023,N,N,NULL,NULL,NULL,N,NULL,NULL,NULL,NULL,NULL,NULL,6.157,NULL,NULL,NULL,NULL,,NULL,0,0,1,1,N,N,55,NULL,98,9809,NULL,,Y,37.29152,-82.54964,N,NULL,NULL,NULL,NULL,NULL,NULL,NULL,NULL,9,3,4,5,1,1,2,6,7,3,N,NULL,Y,Y,2230,2248,2308,N,NULL,38,,1,N,,N,N,098-US-0023-10,NULL,NULL,2023,O,7.29E+11,098-US-0023  -010,HIGH,098-US-0023  -000,6.159,0,0,0,0,0,0,0,0,0,0,0,0,0,0
7267,72884274,980100,2.02E+11,20230407,847,,MAIN,,ST,,,0,098 CS-1112,CS1112,N,N,NULL,NULL,NULL,N,NULL,NULL,NULL,NULL,NULL,NULL,0.205,NULL,NULL,NULL,NULL,,NULL,0,0,2,2,N,N,15,NULL,98,9801,NULL,,Y,37.48032,-82.5168,N,NULL,NULL,NULL,NULL,NULL,NULL,NULL,NULL,1,3,2,6,1,5,6,2,1,3,N,NULL,Y,N,847,848,901,N,NULL,55,,,N,,N,N,098-CS-1112-0,NULL,NULL,2023,O,7.29E+11,098-CS-1112  -000,HIGH,098-CS-1112  -000,0.204,0,0,0,0,0,0,0,0,0,0,0,0,0,1
7268,72955102,980100,2.02E+11,20231003,1735,,US23,,,US0023,US0023,,,,N,N,NULL,NULL,NULL,N,NULL,NULL,NULL,NULL,NULL,NULL,24.125,NULL,NULL,NULL,NULL,,NULL,0,0,2,2,N,Y,55,NULL,98,9801,NULL,,Y,37.4769,-82.54002,N,NULL,NULL,NULL,NULL,NULL,NULL,NULL,NULL,5,3,2,1,1,1,2,2,7,3,N,NULL,N,N,1736,1736,,N,NULL,49,,1,N,,N,N,,NULL,NULL,2023,O,7.30E+11,098-US-0023  -010,MEDIUM,098-US-0023  -000,24.053,0,0,0,0,0,0,1,1,0,0,0,0,0,1
7269,72862961,980100,2.02E+11,20230131,2013,,BYPASS,S,RD,KY1426,KY1426,0,098 KY-1426,KY1426,Y,N,NULL,NULL,NULL,N,NULL,NULL,NULL,NULL,NULL,NULL,5.69,NULL,NULL,NULL,NULL,,NULL,0,0,2,2,N,N,55,NULL,98,9801,NULL,,Y,37.47279,-82.52285,N,NULL,NULL,NULL,NULL,NULL,NULL,NULL,NULL,2,97,2,6,1,1,3,2,5,3,N,NULL,Y,N,2013,2017,2017,N,NULL,90,,0,N,,N,N,098-KY-1426-0,NULL,NULL,2023,O,7.29E+11,098-KY-1426  -000,HIGH,098-KY-1426  -000,5.691,0,0,0,0,0,0,1,0,0,0,0,0,0,1
7270,72991067,980100,2.02E+11,20231224,1648,,KY3496,,,KY3496,KY3496,0,098 KY-3496,KY3496,Y,N,NULL,NULL,NULL,N,NULL,NULL,NULL,NULL,NULL,NULL,0.764,NULL,NULL,NULL,NULL,,NULL,0,0,1,1,N,N,,NULL,98,9801,NULL,,Y,37.47209,-82.53019,N,NULL,NULL,NULL,NULL,NULL,NULL,NULL,NULL,9,97,,6,1,1,2,2,5,3,N,NULL,Y,N,1653,1653,1653,Y,NULL,90,16,0,Y,,N,N,098-KY-3496-0,NULL,NULL,2023,O,7.30E+11,098-KY-3496  -000,HIGH,098-KY-3496  -000,0.765,0,0,0,0,0,0,1,0,0,0,0,0,0,1
7271,72902419,980100,2.02E+11,20230519,1626,,HAMBLEY,,BLVD,,,,,,Y,N,NULL,NULL,NULL,N,NULL,NULL,NULL,NULL,NULL,NULL,0.758,NULL,NULL,NULL,NULL,,NULL,0,0,2,2,N,N,,NULL,98,9801,NULL,,Y,37.48189,-82.51893,N,NULL,NULL,NULL,NULL,NULL,NULL,NULL,NULL,2,97,,6,1,1,3,2,5,3,N,NULL,Y,N,1626,1637,1637,N,NULL,90,,,N,,N,N,,NULL,NULL,2023,O,7.29E+11,098-CS-1222  -000,HIGH,098-CS-1222  -000,0.758,0,0,0,1,0,0,1,0,0,0,0,0,0,1
7272,72989887,980100,2.02E+11,20231218,1033,,US23,,,US0023,US0023,0,098 US-23,US0023,N,N,NULL,NULL,NULL,N,NULL,NULL,NULL,NULL,NULL,NULL,31.584,NULL,NULL,NULL,NULL,,NULL,0,0,2,2,N,N,55,NULL,98,9801,NULL,,Y,37.53693,-82.60128,N,NULL,NULL,NULL,NULL,NULL,NULL,NULL,NULL,5,3,4,6,1,5,6,2,7,3,N,NULL,Y,N,1033,1043,1043,N,NULL,49,,1,N,,N,N,098-US-0023-0,NULL,NULL,2023,O,7.30E+11,098-US-0023  -000,HIGH,098-US-0023  -000,31.564,0,0,0,0,0,0,1,0,0,0,0,0,0,1
7273,72946913,KSP0900,23-394177,20230915,2144,,KY611,,,KY0611,KY0611,0,098 KY-611,KY0611,N,N,NULL,NULL,NULL,N,NULL,NULL,NULL,NULL,NULL,NULL,1.111,NULL,NULL,NULL,NULL,,NULL,1,0,1,1,N,N,35,NULL,98,9818,NULL,,Y,37.32356,-82.48157,N,NULL,NULL,NULL,NULL,NULL,NULL,NULL,NULL,9,3,1,6,1,1,2,6,7,3,Y,NULL,N,Y,2144,2201,2230,N,NULL,44,8,0,N,,N,N,098-KY-0611-0,NULL,NULL,2023,B,7.29E+11,098-KY-0611  -000,HIGH,098-KY-0611  -000,1.111,0,0,0,0,0,0,0,0,0,0,0,1,0,0
7274,72786461,980100,2.02E+11,20220629,1236,,US23,,,US0023,US0023,0,098 US-23-10,US0023,N,N,NULL,NULL,NULL,N,NULL,NULL,NULL,NULL,NULL,NULL,26.314,NULL,NULL,NULL,NULL,,NULL,0,0,2,2,N,N,55,NULL,98,9801,NULL,,Y,37.50409,-82.5324,N,NULL,NULL,NULL,NULL,NULL,NULL,NULL,NULL,5,3,4,6,1,1,2,2,1,3,N,NULL,Y,N,1236,1243,,N,NULL,49,,1,N,,N,N,098-US-0023-10,NULL,NULL,2022,O,7.28E+11,098-US-0023  -010,HIGH,098-US-0023  -000,26.314,0,0,0,0,0,0,1,0,0,0,0,0,0,1
7275,72890148,980000,23-04-004,20230418,1733,,GREASY,,CRK,KY3226,KY3226,0,098 KY-3226,KY3226,N,N,NULL,NULL,NULL,N,NULL,NULL,NULL,NULL,NULL,NULL,2.79,NULL,NULL,NULL,NULL,,NULL,0,0,2,2,N,N,35,NULL,98,9841,NULL,,Y,37.41085,-82.45734,N,NULL,NULL,NULL,NULL,NULL,NULL,NULL,NULL,7,3,1,6,1,1,3,2,7,3,N,NULL,Y,N,1705,1726,1740,N,NULL,54,8,0,N,,N,N,098-KY-3226-0,NULL,NULL,2023,O,7.29E+11,098-KY-3226  -000,HIGH,098-KY-3226  -000,2.794,0,0,1,0,0,0,1,0,0,0,0,1,0,0
7276,72851608,370200,20234174,20230104,952,,US119,,,US0119,US0119,0,098 US-119,US0119,N,N,NULL,NULL,NULL,N,NULL,NULL,NULL,NULL,NULL,NULL,1.752,NULL,NULL,NULL,NULL,,NULL,1,0,2,2,N,N,55,NULL,98,9801,NULL,,Y,37.51301,-82.50358,N,NULL,NULL,NULL,NULL,NULL,NULL,NULL,NULL,5,3,2,5,1,5,3,2,7,3,Y,NULL,N,Y,954,1002,1040,N,NULL,49,2,1,N,,N,N,098-US-0119-0,NULL,NULL,2023,C,7.29E+11,098-US-0119  -000,HIGH,098-US-0119  -000,1.755,0,1,0,0,0,0,1,0,0,0,0,0,0,1
7277,72873469,980100,2.02E+11,20230301,1013,,HAMBLEY,,BLVD,,,0,098 CS-1222,CS1222,Y,N,NULL,NULL,NULL,N,NULL,NULL,NULL,NULL,NULL,NULL,0.172,NULL,NULL,NULL,NULL,,NULL,0,0,2,2,N,N,15,NULL,98,9801,NULL,,Y,37.47499,-82.52444,N,NULL,NULL,NULL,NULL,NULL,NULL,NULL,NULL,8,97,1,6,1,1,2,2,1,3,N,NULL,Y,N,1015,1016,,N,NULL,90,,,N,,N,N,098-CS-1222-0,NULL,NULL,2023,O,7.29E+11,098-CS-1222  -000,HIGH,098-CS-1222  -000,0.172,0,0,0,0,0,0,1,0,0,0,0,0,0,1
7278,72970653,KSP0900,23-443057,20231101,1537,,ZEBULON,,HWY,KY1426,KY1426,0,098 KY-1426,KY1426,N,N,NULL,NULL,NULL,N,NULL,NULL,NULL,NULL,NULL,NULL,12.192,NULL,NULL,NULL,NULL,,NULL,3,0,2,2,N,N,35,NULL,98,9850,NULL,,Y,37.53846,-82.46839,N,NULL,NULL,NULL,NULL,NULL,NULL,NULL,NULL,3,3,2,6,1,1,2,2,7,3,Y,NULL,Y,Y,1537,1600,1630,N,NULL,52,7,0,N,,N,N,098-KY-1426-0,NULL,NULL,2023,B,7.30E+11,098-KY-1426  -000,HIGH,098-KY-1426  -000,12.192,0,0,1,0,0,0,0,0,0,0,0,1,0,0
7279,72819888,KSP0900,22-406736,20221022,1044,,US119,,,US0119,US0119,0,098 US-119-10,US0119,N,N,NULL,NULL,NULL,N,NULL,NULL,NULL,NULL,NULL,NULL,20.73,NULL,NULL,NULL,NULL,,NULL,1,0,2,2,N,N,55,NULL,98,9836,NULL,,Y,37.61855,-82.26936,N,NULL,NULL,NULL,NULL,NULL,NULL,NULL,NULL,7,3,2,1,1,1,2,2,7,3,N,NULL,Y,Y,1044,1050,1400,N,NULL,54,2,1,N,,N,Y,098-US-0119-10,NULL,NULL,2022,C,7.28E+11,098-US-0119  -010,HIGH,098-US-0119  -000,20.73,0,0,0,1,0,0,0,0,0,0,0,1,1,0
7280,72892727,KSP0900,23-162044,20230429,1143,,US23,,,US0023,US0023,0,098 US-23-10,US0023,N,N,NULL,NULL,NULL,N,NULL,NULL,NULL,NULL,NULL,NULL,29.065,NULL,NULL,NULL,NULL,,NULL,0,0,2,2,N,N,55,NULL,98,9807,NULL,,Y,37.52452,-82.57282,N,NULL,NULL,NULL,NULL,NULL,NULL,NULL,NULL,8,3,4,6,1,1,2,2,7,3,N,NULL,Y,N,1143,1150,1150,N,NULL,53,,1,N,,N,N,098-US-0023-10,NULL,NULL,2023,O,7.29E+11,098-US-0023  -010,HIGH,098-US-0023  -000,29.048,0,0,0,0,0,0,0,0,0,0,0,1,0,0
7281,72910354,980100,2.02E+11,20230608,1206,,US23,,,US0023,US0023,0,098 US-23,US0023,N,N,NULL,NULL,NULL,N,NULL,NULL,NULL,NULL,NULL,NULL,31.559,NULL,NULL,NULL,NULL,,NULL,0,0,2,2,Y,N,55,NULL,98,9801,NULL,,Y,37.53669,-82.60089,N,NULL,NULL,NULL,NULL,NULL,NULL,NULL,NULL,5,3,4,6,1,1,2,2,7,3,N,NULL,Y,N,1206,1216,1216,N,NULL,49,,1,N,,N,N,098-US-0023-0,NULL,NULL,2023,O,7.29E+11,098-US-0023  -000,HIGH,098-US-0023  -000,31.54,0,0,0,1,0,0,0,0,0,0,0,0,0,1
7282,72991950,KSP0900,23-502424,20231226,3,,WILLIAMSON,,RD,KY0292,KY0292,0,098 KY-292,KY0292,N,N,NULL,NULL,NULL,N,NULL,NULL,NULL,NULL,NULL,NULL,5.205,NULL,NULL,NULL,NULL,,NULL,3,0,2,2,N,N,45,NULL,98,9834,NULL,,Y,37.67345,-82.28313,N,NULL,NULL,NULL,NULL,NULL,NULL,NULL,NULL,7,6,2,6,1,5,6,6,7,3,Y,NULL,Y,N,3,19,50,N,NULL,47,7,0,N,,N,N,098-KY-0292-0,NULL,NULL,2023,C,7.30E+11,098-KY-0292  -000,HIGH,098-KY-0292  -000,5.206,0,0,0,0,0,0,0,0,0,0,0,0,0,0
7283,72875854,980100,2.02E+11,20230309,1621,,KY3496,,,KY3496,KY3496,,,,N,N,NULL,NULL,NULL,N,NULL,NULL,NULL,NULL,NULL,NULL,0.008,NULL,NULL,NULL,NULL,,NULL,1,0,2,2,N,N,35,NULL,98,9801,NULL,,Y,37.46581,-82.52815,N,NULL,NULL,NULL,NULL,NULL,NULL,NULL,NULL,5,3,3,6,1,1,3,2,7,3,Y,NULL,Y,Y,1622,1624,1724,N,NULL,49,16,0,N,,N,N,,NULL,NULL,2023,C,7.29E+11,098-KY-3496  -000,MEDIUM,098-KY-3496  -000,0.012,0,0,1,0,0,0,1,0,0,0,0,0,0,1
7284,72884183,980100,2.02E+11,20230403,1105,,BYPASS,,RD,,,0,098 CS-1223,CS1223,Y,N,NULL,NULL,NULL,N,NULL,NULL,NULL,NULL,NULL,NULL,,NULL,NULL,NULL,NULL,NULL,NULL,0,0,2,2,N,N,,NULL,98,9801,NULL,,Y,37.47128,-82.52117,N,NULL,NULL,NULL,NULL,NULL,NULL,NULL,NULL,2,97,2,6,2,1,2,2,1,3,N,NULL,Y,N,1105,1110,1112,N,NULL,90,,,N,,N,N,098-CS-1223-0,NULL,NULL,2023,O,7.29E+11,098-CS-1223  -000,HIGH,098-CS-1223  -000,0.136,0,0,0,1,0,0,1,0,0,0,0,0,0,1
7285,72926888,370200,2023331328,20230720,1150,,KY3416,,,KY3416,KY3416,0,098 KY-3416,KY3416,N,N,NULL,NULL,NULL,N,NULL,NULL,NULL,NULL,NULL,NULL,1.668,NULL,NULL,NULL,NULL,,NULL,0,0,2,2,N,N,55,NULL,98,9801,NULL,,Y,37.45039,-82.54027,N,NULL,NULL,NULL,NULL,NULL,NULL,NULL,NULL,1,3,2,3,1,1,3,2,7,3,N,NULL,Y,Y,1152,1207,1225,N,NULL,55,9,0,N,,N,N,098-KY-3416-0,NULL,NULL,2023,O,7.29E+11,098-KY-3416  -000,HIGH,098-KY-3416  -000,1.669,0,1,0,1,0,0,0,0,0,0,0,0,0,1
7286,72807415,980500,2022AR042,20220920,1029,,CHURCH STREET,,,,,,,,Y,N,NULL,NULL,NULL,N,NULL,NULL,NULL,NULL,NULL,NULL,,NULL,NULL,NULL,NULL,NULL,NULL,0,0,2,2,N,N,15,NULL,98,9807,NULL,,Y,37.51744,-82.56648,N,NULL,NULL,NULL,NULL,NULL,NULL,NULL,NULL,2,97,2,6,1,1,2,2,1,3,N,NULL,Y,Y,1029,1031,1055,N,NULL,90,,,N,,N,N,,NULL,NULL,2022,O,7.28E+11,098-CS-3002  -000,MEDIUM,098-CS-3002  -000,0.234,0,0,0,0,0,0,0,0,0,0,0,0,0,0
7287,72911751,980100,2.02E+11,20230510,1757,,US23,,,US0023,US0023,0,098 US-23,US0023,N,N,NULL,NULL,NULL,N,NULL,NULL,NULL,NULL,NULL,NULL,30.501,NULL,NULL,NULL,NULL,,NULL,1,1,2,2,N,N,55,NULL,98,9801,NULL,,Y,37.54251,-82.58498,N,NULL,NULL,NULL,NULL,NULL,NULL,NULL,NULL,1,3,4,6,1,1,2,2,7,3,Y,NULL,Y,Y,1816,1822,2029,N,NULL,55,,1,N,,N,Y,098-US-0023-0,NULL,NULL,2023,K,7.29E+11,098-US-0023  -000,HIGH,098-US-0023  -000,30.475,1,0,0,0,0,0,0,0,1,0,0,1,1,1
7288,72879627,980100,2.02E+11,20230315,1440,,CASSIDY,,BLVD,,,0,098 CS-1191,CS1191,N,N,NULL,NULL,NULL,N,NULL,NULL,NULL,NULL,NULL,NULL,0.022,NULL,NULL,NULL,NULL,,NULL,0,0,2,2,N,N,55,NULL,98,9801,NULL,,Y,37.50372,-82.53252,N,NULL,NULL,NULL,NULL,NULL,NULL,NULL,NULL,8,3,2,6,1,1,2,2,1,3,N,NULL,Y,N,1440,1448,,N,NULL,53,,,N,,N,N,098-CS-1191-0,NULL,NULL,2023,O,7.29E+11,098-CS-1191  -000,HIGH,098-CS-1191  -000,0.022,0,0,0,1,0,0,1,0,0,0,0,1,0,1
7289,72765916,980100,2.02E+11,20220524,724,,BYPASS,,RD,,,0,098 CS-1223,CS1223,Y,N,NULL,NULL,NULL,N,NULL,NULL,NULL,NULL,NULL,NULL,,NULL,NULL,NULL,NULL,NULL,NULL,0,0,2,2,N,N,,NULL,98,9801,NULL,,Y,37.47128,-82.52117,N,NULL,NULL,NULL,NULL,NULL,NULL,NULL,NULL,1,97,1,6,2,1,2,2,1,3,N,NULL,Y,N,725,729,729,N,NULL,90,,,N,,N,N,098-CS-1223-0,NULL,NULL,2022,O,7.28E+11,098-CS-1223  -000,HIGH,098-CS-1223  -000,0.136,0,0,0,0,0,0,0,0,0,1,0,0,0,1
7290,72939104,370200,2023361501,20230817,944,,MILLERS,,CRK,,,0,098 CR-1320Q4,CR1320Q4,N,N,NULL,NULL,NULL,N,NULL,NULL,NULL,NULL,NULL,NULL,0.002,NULL,NULL,NULL,NULL,,NULL,0,0,1,1,N,N,35,NULL,98,9831,NULL,,Y,37.59603,-82.52431,N,NULL,NULL,NULL,NULL,NULL,NULL,NULL,NULL,9,97,1,6,1,1,3,2,6,3,N,NULL,Y,Y,944,1015,1100,Y,NULL,40,,,N,,N,N,098-CR-1320Q4-0,NULL,NULL,2023,O,7.29E+11,098-CR-1320Q4-000,HIGH,098-CR-1320Q4-000,0,0,1,0,0,0,0,0,0,0,0,0,1,0,0
7291,72889409,980100,2.02E+11,20230420,1825,,SCOTT,,AVE,,,0,098 CS-1116,CS1116,Y,N,NULL,NULL,NULL,N,NULL,NULL,NULL,NULL,NULL,NULL,0.1,NULL,NULL,NULL,NULL,,NULL,0,0,2,2,N,N,15,NULL,98,9801,NULL,,Y,37.48289,-82.51691,N,NULL,NULL,NULL,NULL,NULL,NULL,NULL,NULL,2,97,1,6,1,1,2,2,6,3,N,NULL,Y,N,1825,1829,1829,N,NULL,90,,,N,,N,N,098-CS-1116-0,NULL,NULL,2023,O,7.29E+11,098-CS-1116  -000,HIGH,098-CS-1116  -000,0.099,0,0,0,1,0,0,1,0,0,0,0,0,0,1
7292,72887788,KSP0900,23-134950,20230409,1840,,CEDAR HILLS,,RD,KY1426,KY1426,0,098 KY-1426,KY1426,N,N,NULL,NULL,NULL,N,NULL,NULL,NULL,NULL,NULL,NULL,3.67,NULL,NULL,NULL,NULL,,NULL,1,0,2,2,N,N,55,NULL,98,9801,NULL,,Y,37.45234,-82.53564,N,NULL,NULL,NULL,NULL,NULL,NULL,NULL,NULL,8,3,2,3,1,1,2,2,7,3,Y,NULL,N,Y,1830,1843,1915,N,NULL,53,8,0,N,,N,N,098-KY-1426-0,NULL,NULL,2023,C,7.29E+11,098-KY-1426  -000,HIGH,098-KY-1426  -000,3.635,0,0,0,0,0,0,0,0,0,0,0,1,0,1
7293,72944095,980100,2.02E+11,20230905,942,,US23,,,US0023,US0023,0,098 US-23-10,US0023,N,N,NULL,NULL,NULL,N,NULL,NULL,NULL,NULL,NULL,NULL,18.78,NULL,NULL,NULL,NULL,,NULL,0,0,2,2,N,N,55,NULL,98,9801,NULL,,Y,37.43878,-82.5092,N,NULL,NULL,NULL,NULL,NULL,NULL,NULL,NULL,1,3,4,6,1,1,2,2,7,3,N,NULL,Y,N,942,944,,N,NULL,55,,1,N,,N,N,098-US-0023-10,NULL,NULL,2023,O,7.29E+11,098-US-0023  -010,HIGH,098-US-0023  -000,18.764,0,0,0,1,0,0,1,1,0,0,0,0,0,1
7294,72942305,980100,2.02E+11,20230831,1623,,HAMBLEY,,BLVD,,,0,098 CS-1222,CS1222,N,N,NULL,NULL,NULL,N,NULL,NULL,NULL,NULL,NULL,NULL,0.528,NULL,NULL,NULL,NULL,,NULL,0,0,2,2,N,N,35,NULL,98,9801,NULL,,Y,37.47876,-82.5201,N,NULL,NULL,NULL,NULL,NULL,NULL,NULL,NULL,4,3,3,6,1,1,2,2,3,3,N,NULL,Y,N,1623,1625,1654,N,NULL,70,,,N,,N,N,098-CS-1222-0,NULL,NULL,2023,O,7.29E+11,098-CS-1222  -000,HIGH,098-CS-1222  -000,0.528,1,0,0,0,0,0,0,1,0,0,0,0,0,1
7295,72966272,KSP0900,23-438272,20231027,1620,,ROAD,,FRK,,,0,098 CR-1286,CR1286,N,N,NULL,NULL,NULL,N,NULL,NULL,NULL,NULL,NULL,NULL,0.348,NULL,NULL,NULL,NULL,,NULL,0,0,2,2,N,N,45,NULL,98,9801,NULL,,Y,37.42792,-82.55343,N,NULL,NULL,NULL,NULL,NULL,NULL,NULL,NULL,7,3,1,3,1,1,2,2,7,1,N,NULL,Y,Y,1620,1645,1705,N,NULL,54,,,N,,N,N,098-CR-1286-0,NULL,NULL,2023,O,7.30E+11,098-CR-1286  -000,HIGH,098-CR-1286  -000,0.352,0,0,1,0,0,0,0,0,0,0,0,1,0,0
7296,72766815,980100,2.02E+11,20220526,1837,,US23,,,US0023,US0023,0,098 US-23,US0023,Y,N,NULL,NULL,NULL,N,NULL,NULL,NULL,NULL,NULL,NULL,21.964,NULL,NULL,NULL,NULL,,NULL,0,0,2,2,N,N,,NULL,98,9801,NULL,,Y,37.45702,-82.51836,N,NULL,NULL,NULL,NULL,NULL,NULL,NULL,NULL,8,97,4,6,1,1,2,2,1,3,N,NULL,Y,N,1837,1837,,N,NULL,90,,1,N,,N,N,098-US-0023-0,NULL,NULL,2022,O,7.28E+11,098-US-0023  -000,HIGH,098-US-0023  -000,21.964,0,0,0,1,0,0,0,0,0,0,0,0,0,1
7297,72900480,980100,2.02E+11,20230513,1546,,KY1426,,,KY1426,KY1426,0,098 KY-1426,KY1426,N,N,NULL,NULL,NULL,N,NULL,NULL,NULL,NULL,NULL,NULL,8.133,NULL,NULL,NULL,NULL,,NULL,1,0,1,1,N,N,55,NULL,98,9801,NULL,,Y,37.49313,-82.49103,N,NULL,NULL,NULL,NULL,NULL,NULL,NULL,NULL,9,3,2,4,1,5,3,2,7,3,N,NULL,Y,N,1547,1551,1611,N,NULL,40,,0,Y,,N,N,098-KY-1426-0,NULL,NULL,2023,C,7.29E+11,098-KY-1426  -000,HIGH,098-KY-1426  -000,8.144,0,0,0,0,0,0,0,0,0,1,0,1,0,1
7298,72853479,980100,2.02E+11,20230112,1655,,BYPASS,S,RD,KY1426,KY1426,,,,N,N,NULL,NULL,NULL,N,NULL,NULL,NULL,NULL,NULL,NULL,5.587,NULL,NULL,NULL,NULL,,NULL,0,0,2,2,N,N,45,NULL,98,9801,NULL,,Y,37.47241,-82.52469,N,NULL,NULL,NULL,NULL,NULL,NULL,NULL,NULL,1,3,3,6,1,1,3,2,1,3,N,NULL,Y,N,1655,1659,,N,NULL,55,,0,N,,N,N,,NULL,NULL,2023,O,7.29E+11,098-KY-1426  -000,MEDIUM,098-KY-1426  -000,5.587,0,0,1,0,0,0,1,1,0,0,0,0,0,1
7299,72826923,980100,2.02E+11,20221105,1847,,CASSIDY,,BLVD,,,0,098 CS-1191,CS1191,Y,N,NULL,NULL,NULL,N,NULL,NULL,NULL,NULL,NULL,NULL,0.052,NULL,NULL,NULL,NULL,,NULL,0,0,2,2,N,N,,NULL,98,9801,NULL,,Y,37.50367,-82.533,N,NULL,NULL,NULL,NULL,NULL,NULL,NULL,NULL,2,97,,6,1,1,2,2,1,3,N,NULL,Y,N,1847,1857,,N,NULL,90,,,N,,N,N,098-CS-1191-0,NULL,NULL,2022,O,7.28E+11,098-CS-1191  -000,HIGH,098-CS-1191  -000,0.052,0,0,0,0,0,0,1,0,0,0,0,0,0,1
7300,72931355,980100,2.02E+11,20230807,212,,US23,,,US0023,US0023,0,098 US-23,US0023,N,N,NULL,NULL,NULL,N,NULL,NULL,NULL,NULL,NULL,NULL,19.495,NULL,NULL,NULL,NULL,,NULL,1,0,1,1,N,N,55,NULL,98,9801,NULL,,Y,37.44747,-82.50481,N,NULL,NULL,NULL,NULL,NULL,NULL,NULL,NULL,9,6,4,6,1,1,2,6,7,3,Y,NULL,Y,Y,212,219,316,Y,NULL,51,,1,N,,N,N,098-US-0023-0,NULL,NULL,2023,B,7.29E+11,098-US-0023  -000,HIGH,098-US-0023  -000,19.445,0,0,1,0,0,0,0,0,0,0,0,1,0,1
7301,72914844,KSP0900,23-235309,20230620,1858,,FISHTRAP,,RD,KY1441,KY1441,0,098 KY-1441,KY1441,N,N,NULL,NULL,NULL,N,NULL,NULL,NULL,NULL,NULL,NULL,0.216,NULL,NULL,NULL,NULL,,NULL,1,0,1,1,N,N,55,NULL,98,9832,NULL,,Y,37.40804,-82.44641,N,NULL,NULL,NULL,NULL,NULL,NULL,NULL,NULL,9,5,2,3,1,1,3,2,7,3,Y,NULL,Y,Y,1858,1901,2003,N,NULL,40,,5,Y,,N,N,098-KY-1441-0,NULL,NULL,2023,A,7.29E+11,098-KY-1441  -000,HIGH,098-KY-1441  -000,0.194,1,0,0,0,0,0,0,0,0,0,0,1,0,0
7302,72800589,980500,2022AR040,20220901,1450,,US 23 SOUTH,,,,,,,,N,N,NULL,NULL,NULL,N,NULL,NULL,NULL,NULL,NULL,NULL,,NULL,NULL,NULL,NULL,NULL,NULL,0,0,2,2,N,N,45,NULL,98,9807,NULL,,Y,37.51561,-82.56017,N,NULL,NULL,NULL,NULL,NULL,NULL,NULL,NULL,8,3,6,6,1,1,2,2,7,3,N,NULL,Y,Y,1450,1450,1450,N,NULL,53,,,N,,N,N,,NULL,NULL,2022,O,7.28E+11,098-US-0023  -010,MEDIUM,098-US-0023  -000,28.107,0,0,0,0,0,0,1,0,0,0,0,1,0,0