OBJECTID,MasterFile,AgencyORINumber,LocalCode,CollisionDate,CollisionTime,CollisionDayWeekCode,RoadwayName,RoadwayName_Direction_,RoadwayName_RoadwaySuffix_,RoadwayfromReport,CurrentRoadwayNumber,RoadwayNumberCoupletID,RSEUniqueGIS,RoadwayIdentifier,ParkingLotIndicator,IntersectionWith_Indicator_,IntersectionWith_NameRoadway_,IntersectionWith_Direction_,IntersectionWith_RoadwaySuffix_,BetweenStreets_Indicator_,BetweenStreets1_NameRoadway_,BetweenStreet1_Direction_,BetweenStreets1_RoadwaySuffix_,BetweenStreets2_NameRoadway_,BetweenStreets2_Direction_,BetweenStreets2_RoadwaySuffix_,Milepoint,ReportMilepointDeriveNumber,CurrentDerivedMiepointNumber,MilestoMilepoint,FeettoMilepoint,DirectionfromMilepoint_NSEW_,ValidMilepointIndicator,NumberInjured,NumberKilled,ofUnits,ofMotorVehicleUnits,Hit&RunIndicator,OneWayIndicator,SpeedLimitNumber,KilometersIndicator,CountyCode,CityCountyCode,MilesFromCity,DirectionFromCity_NSEW_,InCityLimitsIndicator,Latitude,Longitude,RampIndicator,RampFromIdentifier,RampFromDirCode,RampFromCoupletID,RSEUniqueGISRampFrom,RampToidentifier,RampToDirCode,RampToCoupletID,RSEUniqueGisRampTo,MannerofCollisionCode,LocationFirstEventCode,TotalLanes,RoadwayCharacterCode,RoadwaySurfaceCode,RoadwayConditionCode,WeatherCode,LightConditionCode,LandUseCode,SchoolBusRelatedCode,FirstAidSceneIndicator,CollDescPresentInd,InvestigationCompleteIndicator,PhotosTakenIndicator,TimeNotified,TimeArrived,TimeRoadwayOpened,PropertyDamageIndicator,DiagramPresentIndicator,DirectionalAnalysis,FunctionClassCode,NationalHwySysCode,EnforcementsIndicator,KARSCityCode,SecondaryCollisionIndicator,MedianCrossoverIndicator,RT_UNIQUE,MapIt,TimeLastLeft,YR,KABCO,MFNY,WorkingRID,RT_CONFIDENCE,KTC_RT,KTC_MP,Motorcyclist,Commercial Vehicle,Young Driver,Mature Driver,Pedestrian,Bicyclist,Distracted,Aggressive,Impaired,Unrestrained,Intersection,Roadway Departure,Median Cross-over,City Crash
7303,72855830,980100,2.02E+11,20230118,1300,,BYPASS,S,RD,KY1426,KY1426,0,098 KY-1426,KY1426,N,N,NULL,NULL,NULL,N,NULL,NULL,NULL,NULL,NULL,NULL,6.472,NULL,NULL,NULL,NULL,,NULL,0,0,2,2,N,N,25,NULL,98,9801,NULL,,Y,37.48167,-82.51414,N,NULL,NULL,NULL,NULL,NULL,NULL,NULL,NULL,1,3,2,6,1,1,2,2,7,3,N,NULL,Y,N,1306,1306,1320,N,NULL,55,,0,N,,N,N,098-KY-1426-0,NULL,NULL,2023,O,7.29E+11,098-KY-1426  -000,HIGH,098-KY-1426  -000,6.499,0,0,0,0,0,0,0,0,0,0,0,0,0,1
7304,72969516,KSP0900,23-446854,20231104,2203,,KY3218,,,KY3218,KY3218,0,098 KY-3218,KY3218,N,N,NULL,NULL,NULL,N,NULL,NULL,NULL,NULL,NULL,NULL,3,NULL,NULL,NULL,NULL,,NULL,1,0,1,1,N,N,55,NULL,98,9807,NULL,,Y,37.55925,-82.55943,N,NULL,NULL,NULL,NULL,NULL,NULL,NULL,NULL,9,5,2,1,1,1,2,6,7,3,Y,NULL,Y,Y,2205,2243,2339,N,NULL,44,8,0,Y,,N,N,098-KY-3218-0,NULL,NULL,2023,B,7.30E+11,098-KY-3218  -000,HIGH,098-KY-3218  -000,2.993,0,0,0,0,0,0,0,0,1,0,0,1,0,1
7305,72963682,980100,2.02E+11,20231025,1133,,CASSIDY,,BLVD,,,0,098 CS-1191,CS1191,Y,N,NULL,NULL,NULL,N,NULL,NULL,NULL,NULL,NULL,NULL,0.317,NULL,NULL,NULL,NULL,,NULL,0,0,2,2,N,N,15,NULL,98,9801,NULL,,Y,37.5055,-82.53732,N,NULL,NULL,NULL,NULL,NULL,NULL,NULL,NULL,8,97,2,6,1,1,2,2,1,3,N,NULL,Y,Y,1133,1142,1158,N,NULL,90,,,N,,N,N,098-CS-1191-0,NULL,NULL,2023,O,7.30E+11,098-CS-1191  -000,HIGH,098-CS-1191  -000,0.325,0,0,0,1,0,0,1,1,0,0,0,0,0,1
7306,72941309,KSP0900,23-378632,20230901,2039,,KY3174,,,KY3174,KY3174,0,098 KY-3174-10,KY3174,N,N,NULL,NULL,NULL,N,NULL,NULL,NULL,NULL,NULL,NULL,2.895,NULL,NULL,NULL,NULL,,NULL,0,0,1,1,N,N,55,NULL,98,9801,NULL,,Y,37.37969,-82.48791,N,NULL,NULL,NULL,NULL,NULL,NULL,NULL,NULL,9,3,4,4,1,1,2,6,7,3,N,NULL,Y,N,2040,2100,2135,N,NULL,38,,0,N,,N,N,098-KY-3174-10,NULL,NULL,2023,O,7.29E+11,098-KY-3174  -010,HIGH,098-KY-3174  -000,2.916,0,0,0,0,0,0,0,0,0,0,0,0,0,0
7307,72990509,980000,23-12-005,20231225,1259,,APPALACHIAN PLAZZA,,,,,,,,N,N,NULL,NULL,NULL,N,NULL,NULL,NULL,NULL,NULL,NULL,,NULL,NULL,NULL,NULL,NULL,NULL,0,0,2,2,Y,N,15,NULL,98,9834,1,S,N,37.66768,-82.27616,N,NULL,NULL,NULL,NULL,NULL,NULL,NULL,NULL,2,7,,6,1,5,6,2,1,3,N,NULL,Y,N,1300,1315,1340,N,NULL,47,,,N,,N,N,,NULL,NULL,2023,O,7.30E+11,098-US-0119  -000,MEDIUM,098-US-0119  -000,24.934,0,0,0,0,0,0,0,0,0,0,0,0,0,0
7308,72912901,KSP0900,23-226232,20230614,1312,,POUNDING MILL,,RD,,,0,098 CR-1526,CR1526,N,N,NULL,NULL,NULL,N,NULL,NULL,NULL,NULL,NULL,NULL,1.487,NULL,NULL,NULL,NULL,,NULL,0,0,2,2,N,N,35,NULL,98,9811,NULL,,Y,37.57005,-82.15578,N,NULL,NULL,NULL,NULL,NULL,NULL,NULL,NULL,7,3,1,2,1,1,2,2,7,3,N,NULL,Y,Y,1312,1359,1606,N,NULL,54,,,N,,N,N,098-CR-1526-0,NULL,NULL,2023,O,7.29E+11,098-CR-1526  -000,HIGH,098-CR-1526  -000,1.515,0,0,0,0,0,0,1,0,0,0,0,1,0,0
7309,72962830,980100,2.02E+12,20231022,1115,,PIN OAK,,DR,,,0,098 CS-1207,CS1207,N,N,NULL,NULL,NULL,N,NULL,NULL,NULL,NULL,NULL,NULL,0.001,NULL,NULL,NULL,NULL,,NULL,0,0,1,1,N,N,15,NULL,98,9801,NULL,,Y,37.49387,-82.53708,N,NULL,NULL,NULL,NULL,NULL,NULL,NULL,NULL,9,97,2,6,1,1,2,2,6,3,N,NULL,Y,N,1115,1127,1206,N,NULL,70,,,N,,N,N,098-CS-1207-0,NULL,NULL,2023,O,7.30E+11,098-CS-1207  -000,HIGH,098-CS-1207  -000,0,0,0,0,0,0,0,1,0,0,0,0,1,0,1
7310,72873109,980100,2.02E+11,20230301,1315,,MAIN,,ST,,,0,098 CS-1112,CS1112,Y,N,NULL,NULL,NULL,N,NULL,NULL,NULL,NULL,NULL,NULL,0.018,NULL,NULL,NULL,NULL,,NULL,0,0,2,2,N,N,,NULL,98,9801,NULL,,Y,37.47798,-82.51846,N,NULL,NULL,NULL,NULL,NULL,NULL,NULL,NULL,1,97,1,6,1,1,2,2,1,3,N,NULL,Y,N,1315,1319,1319,N,NULL,90,,,N,,N,N,098-CS-1112-0,NULL,NULL,2023,O,7.29E+11,098-CS-1112  -000,HIGH,098-CS-1112  -000,0.018,0,0,0,0,0,0,1,0,0,0,0,0,0,1
7311,72944310,KSP0900,23-378332,20230901,1700,,US119,,,US0119,US0119,0,098 US-119,US0119,N,N,NULL,NULL,NULL,N,NULL,NULL,NULL,NULL,NULL,NULL,,NULL,NULL,NULL,NULL,,NULL,0,0,2,2,N,N,45,NULL,98,9834,NULL,,Y,37.66385,-82.27287,N,NULL,NULL,NULL,NULL,NULL,NULL,NULL,NULL,8,3,2,3,1,1,2,2,7,3,N,NULL,N,N,1700,1700,1700,N,NULL,53,2,1,N,,N,N,098-US-0119-0,NULL,NULL,2023,O,7.29E+11,098-US-0119  -000,HIGH,098-US-0119  -000,24.625,0,0,0,1,0,0,0,0,0,0,0,1,0,0
7312,72950549,980100,2.02E+11,20230922,700,,BAIRD,,AVE,KY1426,KY1426,0,098 KY-1426,KY1426,Y,N,NULL,NULL,NULL,N,NULL,NULL,NULL,NULL,NULL,NULL,5.407,NULL,NULL,NULL,NULL,,NULL,0,0,2,2,N,N,55,NULL,98,9801,NULL,,Y,37.47309,-82.52707,N,NULL,NULL,NULL,NULL,NULL,NULL,NULL,NULL,2,97,2,3,1,1,2,1,1,3,N,NULL,Y,N,700,701,701,N,NULL,90,,0,Y,,N,N,098-KY-1426-0,NULL,NULL,2023,O,7.30E+11,098-KY-1426  -000,HIGH,098-KY-1426  -000,5.408,0,0,0,0,0,0,1,0,0,0,0,0,0,1
7313,72967100,KSP0900,23-442652,20231101,748,,US460,,,US0460,US0460,0,098 US-460,US0460,N,N,NULL,NULL,NULL,N,NULL,NULL,NULL,NULL,NULL,NULL,4.282,NULL,NULL,NULL,NULL,,NULL,0,0,1,1,N,N,55,NULL,98,9832,NULL,,Y,37.41846,-82.45709,N,NULL,NULL,NULL,NULL,NULL,NULL,NULL,NULL,9,5,2,6,1,1,2,3,6,3,N,NULL,Y,N,748,753,815,N,NULL,44,,1,N,,N,N,098-US-0460-0,NULL,NULL,2023,O,7.30E+11,098-US-0460  -000,HIGH,098-US-0460  -000,4.282,0,0,1,0,0,0,1,0,0,0,0,1,0,0
7314,72955912,KSP0900,23-416293,20231006,2243,,CHLOE,,RD,KY1460,KY1460,0,098 KY-1460,KY1460,N,N,NULL,NULL,NULL,N,NULL,NULL,NULL,NULL,NULL,NULL,0.031,NULL,NULL,NULL,NULL,,NULL,0,0,1,1,N,N,45,NULL,98,9824,NULL,,Y,37.43179,-82.48103,N,NULL,NULL,NULL,NULL,NULL,NULL,NULL,NULL,9,3,2,6,1,5,3,6,7,3,N,NULL,N,N,2250,2305,2330,N,NULL,44,,0,N,,N,N,098-KY-1460-0,NULL,NULL,2023,O,7.30E+11,098-KY-1460  -000,HIGH,098-KY-1460  -000,0.029,0,0,0,1,0,0,0,0,0,0,0,1,0,0
7315,72944219,KSP0900,23-386085,20230908,1531,,TOLER,,RD,KY0319,KY0319,0,098 KY-319,KY0319,Y,N,NULL,NULL,NULL,N,NULL,NULL,NULL,NULL,NULL,NULL,6.922,NULL,NULL,NULL,NULL,,NULL,0,0,2,2,N,N,5,NULL,98,9834,NULL,,Y,37.63955,-82.2584,N,NULL,NULL,NULL,NULL,NULL,NULL,NULL,NULL,2,97,2,4,1,1,2,2,5,3,N,NULL,Y,N,1532,1535,1535,N,NULL,90,7,0,N,,N,N,098-KY-0319-0,NULL,NULL,2023,O,7.29E+11,098-KY-0319  -000,HIGH,098-KY-0319  -000,6.927,0,0,0,0,0,0,1,0,0,1,0,0,0,0
7316,72830018,KSP0900,22-439267,20221115,1715,,US119,,,US0119,US0119,0,098 US-119,US0119,N,N,NULL,NULL,NULL,N,NULL,NULL,NULL,NULL,NULL,NULL,4.284,NULL,NULL,NULL,NULL,,NULL,0,0,1,1,N,N,55,NULL,98,9828,NULL,,Y,37.51674,-82.45922,N,NULL,NULL,NULL,NULL,NULL,NULL,NULL,NULL,9,3,2,6,1,5,6,6,7,3,N,NULL,N,N,1715,1715,1715,N,NULL,38,2,1,N,,N,N,098-US-0119-0,NULL,NULL,2022,O,7.28E+11,098-US-0119  -000,HIGH,098-US-0119  -000,4.284,0,0,0,0,0,0,0,0,0,0,0,0,0,0
7317,72977753,KSP0900,23-470658,20231125,1833,,US23,,,US0023,US0023,0,098 US-23,US0023,N,N,NULL,NULL,NULL,N,NULL,NULL,NULL,NULL,NULL,NULL,11.58,NULL,NULL,NULL,NULL,,NULL,0,0,1,1,N,N,55,NULL,98,9881,NULL,,Y,37.3572,-82.55518,N,NULL,NULL,NULL,NULL,NULL,NULL,NULL,NULL,9,3,4,6,1,1,2,6,7,3,N,NULL,N,N,1838,1855,1900,N,NULL,38,,1,N,,N,N,098-US-0023-0,NULL,NULL,2023,O,7.30E+11,098-US-0023  -000,HIGH,098-US-0023  -000,11.568,0,0,0,0,0,0,0,0,0,0,0,0,0,0
7318,72878686,980100,2.02E+11,20230323,1744,,HAMBLEY,,BLVD,,,,,,Y,N,NULL,NULL,NULL,N,NULL,NULL,NULL,NULL,NULL,NULL,0.453,NULL,NULL,NULL,NULL,,NULL,0,0,2,2,Y,N,,NULL,98,9801,NULL,,Y,37.47788,-82.52091,N,NULL,NULL,NULL,NULL,NULL,NULL,NULL,NULL,8,97,,6,1,1,3,2,5,3,N,NULL,Y,N,1747,1749,1749,N,NULL,90,,,N,,N,N,,NULL,NULL,2023,O,7.29E+11,098-CS-1222  -000,HIGH,098-CS-1222  -000,0.452,0,0,0,0,0,0,0,0,0,0,0,0,0,1
7319,72875583,KSP0900,23-98659,20230314,1653,,US460,,,US0460,US0460,0,098 US-460,US0460,Y,N,NULL,NULL,NULL,N,NULL,NULL,NULL,NULL,NULL,NULL,9.409,NULL,NULL,NULL,NULL,,NULL,0,0,2,2,N,N,5,NULL,98,9802,NULL,,Y,37.36818,-82.41311,N,NULL,NULL,NULL,NULL,NULL,NULL,NULL,NULL,2,97,2,6,1,1,3,2,1,3,N,NULL,Y,Y,1653,1657,1722,N,NULL,90,,1,N,,N,N,098-US-0460-0,NULL,NULL,2023,O,7.29E+11,098-US-0460  -000,HIGH,098-US-0460  -000,9.392,0,0,0,0,0,0,1,0,0,0,0,0,0,0
7320,72842221,980500,2022AR059,20221214,1705,,US23,,,US0023,US0023,0,098 US-23,US0023,N,Y,STONE COAL CREEK,,RD,N,NULL,NULL,NULL,NULL,NULL,NULL,27.311,NULL,NULL,NULL,NULL,,NULL,0,0,2,2,N,N,45,NULL,98,9801,NULL,,Y,37.51099,-82.54876,N,NULL,NULL,NULL,NULL,NULL,NULL,NULL,NULL,5,3,4,6,1,5,6,3,1,3,N,NULL,Y,Y,1705,1705,1710,N,NULL,35,,1,N,,N,N,098-US-0023-0,NULL,NULL,2022,O,7.28E+11,098-US-0023  -000,HIGH,098-US-0023  -000,27.311,0,0,0,0,0,0,1,0,0,0,1,0,0,1
7321,72816732,980100,2.02E+11,20221011,1306,,CASSIDY,,BLVD,,,,,,Y,N,NULL,NULL,NULL,N,NULL,NULL,NULL,NULL,NULL,NULL,0.006,NULL,NULL,NULL,NULL,,NULL,0,0,2,2,Y,N,,NULL,98,9801,NULL,,Y,37.50375,-82.53226,N,NULL,NULL,NULL,NULL,NULL,NULL,NULL,NULL,3,97,,6,1,1,2,2,5,3,N,NULL,Y,N,1306,1309,1309,N,NULL,90,,,N,,N,N,,NULL,NULL,2022,O,7.28E+11,098-CS-1191  -000,MEDIUM,098-CS-1191  -000,0.006,0,0,0,0,0,0,0,0,0,0,0,0,0,1
7322,72874629,980100,2.02E+11,20230305,3,,MILDRED,,ST,,,0,098 CS-1180,CS1180,N,N,NULL,NULL,NULL,N,NULL,NULL,NULL,NULL,NULL,NULL,0.157,NULL,NULL,NULL,NULL,,NULL,0,0,2,2,Y,N,25,NULL,98,9801,NULL,,Y,37.48249,-82.53111,N,NULL,NULL,NULL,NULL,NULL,NULL,NULL,NULL,8,3,,4,1,1,2,6,6,3,N,NULL,Y,N,3,5,5,N,NULL,47,,,Y,,N,N,098-CS-1180-0,NULL,NULL,2023,O,7.29E+11,098-CS-1180  -000,HIGH,098-CS-1180  -000,0.157,0,0,0,0,0,0,0,0,1,1,0,0,0,1
7323,72976948,KSP0900,23-465457,20231120,1750,,US460,,,US0460,US0460,0,098 US-460,US0460,N,N,NULL,NULL,NULL,N,NULL,NULL,NULL,NULL,NULL,NULL,4.479,NULL,NULL,NULL,NULL,,NULL,0,0,1,1,N,N,55,NULL,98,9824,NULL,,Y,37.41688,-82.4542,N,NULL,NULL,NULL,NULL,NULL,NULL,NULL,NULL,9,3,2,6,1,1,2,6,7,3,N,NULL,N,N,1800,1831,1900,N,NULL,44,,1,N,,N,N,098-US-0460-0,NULL,NULL,2023,O,7.30E+11,098-US-0460  -000,HIGH,098-US-0460  -000,4.48,0,0,0,0,0,0,0,0,0,0,0,1,0,0
7324,72959307,KSP0900,23-423952,20231014,843,,WEDDINGTON BRANCH,,RD,,,0,098 CS-3026,CS3026,Y,N,NULL,NULL,NULL,N,NULL,NULL,NULL,NULL,NULL,NULL,0.378,NULL,NULL,NULL,NULL,,NULL,0,0,2,2,N,N,15,NULL,98,9807,NULL,,Y,37.52664,-82.56815,N,NULL,NULL,NULL,NULL,NULL,NULL,NULL,NULL,5,97,1,6,1,5,3,2,5,3,N,NULL,Y,N,843,912,912,N,NULL,90,,,N,,N,N,098-CS-3026-0,NULL,NULL,2023,O,7.30E+11,098-CS-3026  -000,HIGH,098-CS-3026  -000,0.333,0,0,0,0,0,0,0,0,0,0,0,0,0,0
7325,72918206,980100,2.02E+11,20230626,1112,,CARTER,,DR,,,0,098 CS-1224,CS1224,N,N,NULL,NULL,NULL,N,NULL,NULL,NULL,NULL,NULL,NULL,0.2,NULL,NULL,NULL,NULL,,NULL,0,0,2,2,N,N,15,NULL,98,9801,NULL,,Y,37.46331,-82.49373,N,NULL,NULL,NULL,NULL,NULL,NULL,NULL,NULL,2,97,1,6,1,8,2,2,6,3,N,NULL,Y,N,1054,1054,1054,N,NULL,47,,,N,,N,N,098-CS-1224-0,NULL,NULL,2023,O,7.29E+11,098-CS-1224  -000,HIGH,098-CS-1224  -000,0.201,0,0,0,0,0,0,0,0,0,0,0,0,0,1
7326,72902927,980100,2.02E+11,20230519,1609,,US23,,,US0023,US0023,0,098 US-23,US0023,N,Y,STONE COAL CREEK,,RD,N,NULL,NULL,NULL,NULL,NULL,NULL,27.377,NULL,NULL,NULL,NULL,,NULL,0,0,2,2,N,N,55,NULL,98,9801,NULL,,Y,37.51095,-82.54877,N,NULL,NULL,NULL,NULL,NULL,NULL,NULL,NULL,5,3,4,6,1,1,2,2,7,3,N,NULL,Y,N,1609,1615,,N,NULL,35,,1,N,,N,N,098-US-0023-0,NULL,NULL,2023,O,7.29E+11,098-US-0023  -000,HIGH,098-US-0023  -000,27.375,0,0,0,0,0,0,0,0,0,0,1,0,0,1
7327,72844382,KSP0900,22-470252,20221209,1559,,US119,,,US0119,US0119,0,098 US-119,US0119,N,N,NULL,NULL,NULL,N,NULL,NULL,NULL,NULL,NULL,NULL,17.502,NULL,NULL,NULL,NULL,,NULL,0,0,2,2,N,N,55,NULL,98,9836,NULL,,Y,37.5988,-82.29657,N,NULL,NULL,NULL,NULL,NULL,NULL,NULL,NULL,1,3,2,4,1,1,2,2,7,3,N,NULL,Y,N,1549,1611,1611,N,NULL,55,2,1,N,,N,N,098-US-0119-0,NULL,NULL,2022,O,7.28E+11,098-US-0119  -000,HIGH,098-US-0119  -000,17.502,0,0,0,0,0,0,0,0,0,0,0,0,0,0
7328,72862681,KSP0900,23-46571,20230206,848,,MARROWBONE CREEK,,RD,KY0195,KY0195,,,,N,N,NULL,NULL,NULL,N,NULL,NULL,NULL,NULL,NULL,NULL,6.621,NULL,NULL,NULL,NULL,,NULL,0,0,1,1,N,N,35,NULL,98,9830,NULL,,Y,37.326,-82.45677,N,NULL,NULL,NULL,NULL,NULL,NULL,NULL,NULL,9,5,2,6,1,5,2,2,6,3,N,NULL,Y,N,848,901,901,N,NULL,44,7,0,N,,N,N,,NULL,NULL,2023,O,7.29E+11,098-KY-0195  -000,HIGH,098-KY-0195  -000,6.631,0,0,0,0,0,0,0,0,0,0,0,1,0,0
7329,72966513,KSP0900,23-435713,20231025,1320,,US119,,,US0119,US0119,0,098 US-119-10,US0119,N,N,NULL,NULL,NULL,N,NULL,NULL,NULL,NULL,NULL,NULL,23.9,NULL,NULL,NULL,NULL,,NULL,0,0,2,2,N,N,55,NULL,98,9834,NULL,,Y,37.65434,-82.26935,N,NULL,NULL,NULL,NULL,NULL,NULL,NULL,NULL,1,3,4,6,1,1,2,2,7,3,N,NULL,Y,N,1320,1325,1340,N,NULL,55,2,1,N,,N,N,098-US-0119-10,NULL,NULL,2023,O,7.30E+11,098-US-0119  -010,HIGH,098-US-0119  -000,23.898,0,0,0,1,0,0,1,1,0,0,0,0,0,0
7330,72820586,980500,2022AR050,20221024,1334,,CHURCH,,ST,,,0,098 CS-3002,CS3002,Y,N,NULL,NULL,NULL,N,NULL,NULL,NULL,NULL,NULL,NULL,,NULL,NULL,NULL,NULL,NULL,NULL,0,0,2,2,N,N,15,NULL,98,9807,NULL,,Y,37.51752,-82.56662,N,NULL,NULL,NULL,NULL,NULL,NULL,NULL,NULL,2,97,2,6,2,1,2,2,5,3,N,NULL,Y,Y,1334,1335,1135,N,NULL,90,,,N,,N,N,098-CS-3002-0,NULL,NULL,2022,O,7.28E+11,098-CS-3002  -000,HIGH,098-CS-3002  -000,0.243,0,0,0,0,0,0,0,0,0,0,0,0,0,0
7331,72795452,KSP0900,22-317555,20220817,754,,KY2552,,,KY2552,KY2552,0,098 KY-2552,KY2552,N,N,NULL,NULL,NULL,N,NULL,NULL,NULL,NULL,NULL,NULL,0.404,NULL,NULL,NULL,NULL,,NULL,0,0,2,2,N,N,45,NULL,98,9824,NULL,,Y,37.42467,-82.49366,N,NULL,NULL,NULL,NULL,NULL,NULL,NULL,NULL,1,3,2,3,1,1,2,2,7,3,N,NULL,Y,Y,801,833,801,N,NULL,55,,0,N,,N,N,098-KY-2552-0,NULL,NULL,2022,O,7.28E+11,098-KY-2552  -000,HIGH,098-KY-2552  -000,0.404,0,0,0,0,0,0,0,1,0,0,0,1,0,0
7332,72956531,KSP0900,23-405844,20230926,2151,,US119,,,US0119,US0119,0,098 US-119-10,US0119,N,N,NULL,NULL,NULL,N,NULL,NULL,NULL,NULL,NULL,NULL,1.98,NULL,NULL,NULL,NULL,,NULL,2,0,2,2,N,N,55,NULL,98,9801,NULL,,Y,37.51247,-82.49973,N,NULL,NULL,NULL,NULL,NULL,NULL,NULL,NULL,8,1,2,6,1,1,2,6,7,3,Y,NULL,Y,Y,2154,2201,,N,NULL,53,2,1,N,,N,N,098-US-0119-10,NULL,NULL,2023,B,7.30E+11,098-US-0119  -010,HIGH,098-US-0119  -000,1.98,0,0,1,0,0,0,1,0,0,0,0,1,0,1
7333,72881689,KSP0900,2023-116127,20230327,1024,,OLD KY 319,,,,,0,098 CR-1883,CR1883,N,N,NULL,NULL,NULL,N,NULL,NULL,NULL,NULL,NULL,NULL,,NULL,NULL,NULL,NULL,,NULL,0,0,2,2,N,N,55,NULL,98,9836,NULL,,Y,37.6382,-82.25272,N,NULL,NULL,NULL,NULL,NULL,NULL,NULL,NULL,1,3,2,6,1,1,2,2,6,3,N,NULL,Y,N,1027,1045,,N,NULL,55,,,N,,N,N,098-CR-1883-0,NULL,NULL,2023,O,7.29E+11,098-CR-1883  -000,HIGH,098-CR-1883  -000,0,0,0,0,1,0,0,0,0,0,0,0,0,0,0
7334,72811132,KSP0900,22-378361,20220930,1330,,US460,,,US0460,US0460,0,098 US-460,US0460,Y,N,NULL,NULL,NULL,N,NULL,NULL,NULL,NULL,NULL,NULL,5.036,NULL,NULL,NULL,NULL,,NULL,0,0,2,2,Y,N,15,NULL,98,9832,NULL,,Y,37.41087,-82.44897,N,NULL,NULL,NULL,NULL,NULL,NULL,NULL,NULL,1,7,2,6,1,1,2,2,1,3,N,NULL,N,N,1330,1340,1330,N,NULL,90,,1,N,,N,N,098-US-0460-0,NULL,NULL,2022,O,7.28E+11,098-US-0460  -000,HIGH,098-US-0460  -000,5.036,0,0,0,0,0,0,0,0,0,0,0,0,0,0
7335,72812280,KSP0900,22-382969,20221003,2002,,KY1426,,,KY1426,KY1426,0,098 KY-1426,KY1426,N,N,NULL,NULL,NULL,N,NULL,NULL,NULL,NULL,NULL,NULL,10.892,NULL,NULL,NULL,NULL,,NULL,1,0,2,1,N,N,35,NULL,98,9828,NULL,,Y,37.52214,-82.47341,N,NULL,NULL,NULL,NULL,NULL,NULL,NULL,NULL,9,3,2,6,1,1,2,6,7,3,Y,NULL,Y,Y,2002,2027,2122,N,NULL,36,7,0,N,,N,N,098-KY-1426-0,NULL,NULL,2022,A,7.28E+11,098-KY-1426  -000,HIGH,098-KY-1426  -000,10.892,0,0,0,0,1,0,1,0,0,0,0,0,0,0
7336,72859919,980100,2.02E+11,20230119,1754,,US23,,,US0023,US0023,0,098 US-23,US0023,N,N,NULL,NULL,NULL,N,NULL,NULL,NULL,NULL,NULL,NULL,25.95,NULL,NULL,NULL,NULL,,NULL,3,0,2,2,N,N,55,NULL,98,9801,NULL,,Y,37.49894,-82.53131,N,NULL,NULL,NULL,NULL,NULL,NULL,NULL,NULL,1,3,4,6,1,1,2,3,1,3,N,NULL,Y,Y,1755,1802,1843,N,NULL,55,,1,N,,N,Y,098-US-0023-0,NULL,NULL,2023,C,7.29E+11,098-US-0023  -000,HIGH,098-US-0023  -000,25.889,0,0,1,0,0,0,1,0,0,0,0,1,1,1
7337,72853844,KSP0900,23-16087,20230113,730,,US460,,,US0460,US0460,0,098 US-460,US0460,N,N,NULL,NULL,NULL,N,NULL,NULL,NULL,NULL,NULL,NULL,13.02,NULL,NULL,NULL,NULL,,NULL,0,0,2,2,N,N,55,NULL,98,9871,NULL,,Y,37.33654,-82.3927,N,NULL,NULL,NULL,NULL,NULL,NULL,NULL,NULL,5,3,2,6,1,5,6,1,7,3,N,NULL,Y,N,730,910,910,N,NULL,49,,1,N,,N,N,098-US-0460-0,NULL,NULL,2023,O,7.29E+11,098-US-0460  -000,HIGH,098-US-0460  -000,12.978,0,0,1,0,0,0,0,0,0,0,0,0,0,0
7338,72813068,980100,2.02E+11,20221004,1736,,CASSIDY,,BLVD,,,0,098 CS-1191,CS1191,N,N,NULL,NULL,NULL,N,NULL,NULL,NULL,NULL,NULL,NULL,0.159,NULL,NULL,NULL,NULL,,NULL,0,0,2,2,N,N,35,NULL,98,9801,NULL,,Y,37.50367,-82.53465,N,NULL,NULL,NULL,NULL,NULL,NULL,NULL,NULL,1,3,4,3,1,1,2,2,1,3,N,NULL,Y,N,1736,1736,1758,N,NULL,55,,,N,,N,N,098-CS-1191-0,NULL,NULL,2022,O,7.28E+11,098-CS-1191  -000,HIGH,098-CS-1191  -000,0.159,0,0,0,1,0,0,1,0,0,0,0,0,0,1
7339,72955430,980100,2.02E+11,20231003,1726,,US23,,,US0023,US0023,0,098 US-23,US0023,N,N,NULL,NULL,NULL,N,NULL,NULL,NULL,NULL,NULL,NULL,23.962,NULL,NULL,NULL,NULL,,NULL,0,0,2,2,N,N,55,NULL,98,9801,NULL,,Y,37.47533,-82.53797,N,NULL,NULL,NULL,NULL,NULL,NULL,NULL,NULL,5,3,4,6,1,1,3,2,7,3,N,NULL,Y,N,1726,1738,1802,N,NULL,49,,1,Y,,N,N,098-US-0023-0,NULL,NULL,2023,O,7.30E+11,098-US-0023  -000,HIGH,098-US-0023  -000,23.895,0,0,0,0,0,0,0,1,0,0,0,0,0,1