OBJECTID,MasterFile,AgencyORINumber,LocalCode,CollisionDate,CollisionTime,CollisionDayWeekCode,RoadwayName,RoadwayName_Direction_,RoadwayName_RoadwaySuffix_,RoadwayfromReport,CurrentRoadwayNumber,RoadwayNumberCoupletID,RSEUniqueGIS,RoadwayIdentifier,ParkingLotIndicator,IntersectionWith_Indicator_,IntersectionWith_NameRoadway_,IntersectionWith_Direction_,IntersectionWith_RoadwaySuffix_,BetweenStreets_Indicator_,BetweenStreets1_NameRoadway_,BetweenStreet1_Direction_,BetweenStreets1_RoadwaySuffix_,BetweenStreets2_NameRoadway_,BetweenStreets2_Direction_,BetweenStreets2_RoadwaySuffix_,Milepoint,ReportMilepointDeriveNumber,CurrentDerivedMiepointNumber,MilestoMilepoint,FeettoMilepoint,DirectionfromMilepoint_NSEW_,ValidMilepointIndicator,NumberInjured,NumberKilled,ofUnits,ofMotorVehicleUnits,Hit&RunIndicator,OneWayIndicator,SpeedLimitNumber,KilometersIndicator,CountyCode,CityCountyCode,MilesFromCity,DirectionFromCity_NSEW_,InCityLimitsIndicator,Latitude,Longitude,RampIndicator,RampFromIdentifier,RampFromDirCode,RampFromCoupletID,RSEUniqueGISRampFrom,RampToidentifier,RampToDirCode,RampToCoupletID,RSEUniqueGisRampTo,MannerofCollisionCode,LocationFirstEventCode,TotalLanes,RoadwayCharacterCode,RoadwaySurfaceCode,RoadwayConditionCode,WeatherCode,LightConditionCode,LandUseCode,SchoolBusRelatedCode,FirstAidSceneIndicator,CollDescPresentInd,InvestigationCompleteIndicator,PhotosTakenIndicator,TimeNotified,TimeArrived,TimeRoadwayOpened,PropertyDamageIndicator,DiagramPresentIndicator,DirectionalAnalysis,FunctionClassCode,NationalHwySysCode,EnforcementsIndicator,KARSCityCode,SecondaryCollisionIndicator,MedianCrossoverIndicator,RT_UNIQUE,MapIt,TimeLastLeft,YR,KABCO,MFNY,WorkingRID,RT_CONFIDENCE,KTC_RT,KTC_MP,Motorcyclist,Commercial Vehicle,Young Driver,Mature Driver,Pedestrian,Bicyclist,Distracted,Aggressive,Impaired,Unrestrained,Intersection,Roadway Departure,Median Cross-over,City Crash
7340,72823984,980000,22-11-001,20221101,1245,,RT 1506,,,,,0,,,N,N,NULL,NULL,NULL,N,NULL,NULL,NULL,NULL,NULL,NULL,,NULL,NULL,NULL,NULL,NULL,NULL,1,0,2,2,N,N,25,NULL,98,9834,NULL,,Y,37.66848,-82.27659,N,NULL,NULL,NULL,NULL,NULL,NULL,NULL,NULL,1,3,2,6,1,1,3,2,1,3,Y,NULL,N,Y,1247,1255,1325,N,NULL,55,,,N,,N,N,,NULL,NULL,2022,B,7.28E+11,098-KY-1506  -000,MEDIUM,098-KY-1506  -000,0.046,0,0,0,1,0,0,1,0,0,0,0,0,0,0
7341,72957305,KSP0900,2023-419873,20231010,1516,,SMITH FORK,,RD,KY3419,KY3419,0,098 KY-3419,KY3419,N,N,NULL,NULL,NULL,N,NULL,NULL,NULL,NULL,NULL,NULL,3.479,NULL,NULL,NULL,NULL,,NULL,0,0,1,1,N,N,55,NULL,98,9804,NULL,,Y,37.47086,-82.19183,N,NULL,NULL,NULL,NULL,NULL,NULL,NULL,NULL,9,3,2,4,1,1,2,2,7,3,N,NULL,Y,N,1516,1516,1516,N,NULL,44,9,0,N,,N,N,098-KY-3419-0,NULL,NULL,2023,O,7.30E+11,098-KY-3419  -000,HIGH,098-KY-3419  -000,3.444,0,0,0,0,0,0,0,0,0,0,0,1,0,0
7342,72880983,KSP0900,23-118746,20230329,739,,US119,,,US0119,US0119,0,098 US-119,US0119,N,N,NULL,NULL,NULL,N,NULL,NULL,NULL,NULL,NULL,NULL,11.74,NULL,NULL,NULL,NULL,,NULL,0,0,2,2,N,N,55,NULL,98,9833,NULL,,Y,37.59341,-82.37825,N,NULL,NULL,NULL,NULL,NULL,NULL,NULL,NULL,5,3,2,4,1,1,2,2,7,3,N,NULL,Y,N,742,815,739,N,NULL,49,2,1,N,,N,N,098-US-0119-0,NULL,NULL,2023,O,7.29E+11,098-US-0119  -000,HIGH,098-US-0119  -000,11.704,0,0,0,0,0,0,1,0,0,0,0,0,0,0
7343,72905801,KSP0900,23-203372,20230529,730,,US119,,,US0119,US0119,0,098 US-119,US0119,N,N,NULL,NULL,NULL,N,NULL,NULL,NULL,NULL,NULL,NULL,23.192,NULL,NULL,NULL,NULL,,NULL,0,0,1,1,N,N,55,NULL,98,9836,NULL,,Y,37.64427,-82.26676,N,NULL,NULL,NULL,NULL,NULL,NULL,NULL,NULL,9,3,2,3,1,5,6,2,7,3,N,NULL,Y,N,739,750,830,N,NULL,70,2,1,N,,N,Y,098-US-0119-0,NULL,NULL,2023,O,7.29E+11,098-US-0119  -000,HIGH,098-US-0119  -000,23.191,0,0,0,0,0,0,0,0,0,0,0,1,0,0
7344,72821736,KSP0900,22-414041,20221027,1746,,KY1056,,,KY1056,KY1056,0,098 KY-1056,KY1056,N,N,NULL,NULL,NULL,N,NULL,NULL,NULL,NULL,NULL,NULL,0.614,NULL,NULL,NULL,NULL,,NULL,0,0,1,1,N,N,45,NULL,98,9851,NULL,,Y,37.56089,-82.25171,N,NULL,NULL,NULL,NULL,NULL,NULL,NULL,NULL,9,3,2,6,1,1,2,1,7,3,N,NULL,N,N,1746,1755,1835,N,NULL,40,8,0,N,,N,N,098-KY-1056-0,NULL,NULL,2022,O,7.28E+11,098-KY-1056  -000,HIGH,098-KY-1056  -000,0.614,0,0,0,0,0,0,0,0,0,0,0,1,0,0
7345,72850980,KSP0900,22-138812,20220422,2025,,BIG BRANCH,,RD,,,,,,N,N,NULL,NULL,NULL,N,NULL,NULL,NULL,NULL,NULL,NULL,0.368,NULL,NULL,NULL,NULL,,NULL,0,0,2,2,N,N,45,NULL,98,9827,NULL,,Y,37.29482,-82.36562,N,NULL,NULL,NULL,NULL,NULL,NULL,NULL,NULL,1,3,2,6,1,1,2,6,7,3,N,NULL,Y,N,2025,2104,2104,N,NULL,55,,,N,,N,N,,NULL,NULL,2022,O,7.29E+11,098-CR-1622  -000,LOW,098-CR-1622  -000,0.368,0,0,0,0,0,0,1,0,0,0,0,0,0,0
7346,72896418,980100,2.02E+11,20230425,1418,,US23,,,US0023,US0023,0,098 US-23,US0023,N,N,NULL,NULL,NULL,N,NULL,NULL,NULL,NULL,NULL,NULL,30.112,NULL,NULL,NULL,NULL,,NULL,2,0,2,2,N,N,55,NULL,98,9801,NULL,,Y,37.53863,-82.58084,N,NULL,NULL,NULL,NULL,NULL,NULL,NULL,NULL,1,3,4,6,1,1,2,2,7,3,Y,NULL,Y,Y,1419,1426,1531,N,NULL,55,,1,N,,N,N,098-US-0023-0,NULL,NULL,2023,C,7.29E+11,098-US-0023  -000,HIGH,098-US-0023  -000,30.114,0,0,0,1,0,0,1,0,0,1,0,0,0,1
7347,72987974,KSP0900,23-496371,20231219,1937,,JOES,,CRK,KY3227,KY3227,0,098 KY-3227,KY3227,N,N,NULL,NULL,NULL,N,NULL,NULL,NULL,NULL,NULL,NULL,4.042,NULL,NULL,NULL,NULL,,NULL,0,0,1,1,N,N,55,NULL,98,9887,NULL,,Y,37.54713,-82.51118,N,NULL,NULL,NULL,NULL,NULL,NULL,NULL,NULL,9,3,2,6,1,1,2,7,7,3,N,NULL,N,N,1937,2010,2010,N,NULL,38,8,0,N,,N,N,098-KY-3227-0,NULL,NULL,2023,O,7.30E+11,098-KY-3227  -000,HIGH,098-KY-3227  -000,4.036,0,0,0,0,0,0,0,0,0,0,0,0,0,0
7348,72870936,KSP0900,23-77706,20230228,1508,,TIGER,,WAY,,,,,,N,N,NULL,NULL,NULL,N,NULL,NULL,NULL,NULL,NULL,NULL,,NULL,NULL,NULL,NULL,,NULL,0,0,2,2,N,N,15,NULL,98,9801,0.3,N,N,37.51573,-82.50189,N,NULL,NULL,NULL,NULL,NULL,NULL,NULL,NULL,5,3,2,6,1,1,2,2,8,3,N,NULL,Y,N,1508,1531,1531,N,NULL,70,,,N,,N,N,,NULL,NULL,2023,O,7.29E+11,NULL,LOW,NULL,,0,0,0,0,0,0,1,0,0,0,0,0,0,0
7349,72868197,980100,2.02E+11,20230217,1909,,CASSIDY,,BLVD,,,0,098 CS-1191,CS1191,Y,N,NULL,NULL,NULL,N,NULL,NULL,NULL,NULL,NULL,NULL,0.205,NULL,NULL,NULL,NULL,,NULL,0,0,2,2,N,N,,NULL,98,9801,NULL,,Y,37.50409,-82.5353,N,NULL,NULL,NULL,NULL,NULL,NULL,NULL,NULL,2,97,,6,1,1,3,4,1,3,N,NULL,Y,N,1910,1918,1936,N,NULL,90,,,N,,N,N,098-CS-1191-0,NULL,NULL,2023,O,7.29E+11,098-CS-1191  -000,HIGH,098-CS-1191  -000,0.185,0,0,0,1,0,0,1,0,0,0,0,0,0,1
7350,72940944,980100,2.02E+11,20230831,1318,,US23,,,US0023,US0023,0,098 US-23,US0023,N,N,NULL,NULL,NULL,N,NULL,NULL,NULL,NULL,NULL,NULL,25.386,NULL,NULL,NULL,NULL,,NULL,0,0,2,2,N,N,55,NULL,98,9801,NULL,,Y,37.49286,-82.53394,N,NULL,NULL,NULL,NULL,NULL,NULL,NULL,NULL,5,3,4,6,1,1,2,2,7,3,N,NULL,Y,N,1318,1319,1320,N,NULL,49,,1,N,,N,N,098-US-0023-0,NULL,NULL,2023,O,7.29E+11,098-US-0023  -000,HIGH,098-US-0023  -000,25.412,0,0,1,0,0,0,0,0,0,0,0,0,0,1
7351,72876638,980100,2.02E+11,20230316,1759,,US119,,,US0119,US0119,0,098 US-119,US0119,N,N,NULL,NULL,NULL,N,NULL,NULL,NULL,NULL,NULL,NULL,2.657,NULL,NULL,NULL,NULL,,NULL,0,0,2,2,N,N,55,NULL,98,9801,NULL,,Y,37.51402,-82.48778,N,NULL,NULL,NULL,NULL,NULL,NULL,NULL,NULL,8,3,2,5,1,1,2,2,2,3,N,NULL,Y,N,1759,1805,1805,N,NULL,53,2,1,N,,N,N,098-US-0119-0,NULL,NULL,2023,O,7.29E+11,098-US-0119  -000,HIGH,098-US-0119  -000,2.656,0,0,0,0,0,0,1,0,0,0,0,1,0,1
7352,72803918,KSP0900,22-342732,20220903,2257,,KY612,,,KY0612,KY0612,0,098 KY-612,KY0612,N,N,NULL,NULL,NULL,N,NULL,NULL,NULL,NULL,NULL,NULL,6.354,NULL,NULL,NULL,NULL,,NULL,2,0,1,1,N,N,35,NULL,98,9826,NULL,,Y,37.64778,-82.31189,N,NULL,NULL,NULL,NULL,NULL,NULL,NULL,NULL,9,3,2,3,1,5,6,6,7,3,Y,NULL,Y,Y,2257,2315,2315,N,NULL,44,8,0,Y,,N,N,098-KY-0612-0,NULL,NULL,2022,A,7.28E+11,098-KY-0612  -000,HIGH,098-KY-0612  -000,6.354,0,0,0,0,0,0,0,1,1,1,0,1,0,0
7353,72932720,980100,2.02E+11,20230807,1159,,HAMBLEY,,BLVD,,,0,098 CS-1222,CS1222,N,N,NULL,NULL,NULL,N,NULL,NULL,NULL,NULL,NULL,NULL,0.729,NULL,NULL,NULL,NULL,,NULL,0,0,2,2,N,N,25,NULL,98,9801,NULL,,Y,37.48146,-82.51887,N,NULL,NULL,NULL,NULL,NULL,NULL,NULL,NULL,8,3,2,6,1,1,3,2,1,3,N,NULL,Y,N,1159,1202,1202,N,NULL,53,,,N,,N,N,098-CS-1222-0,NULL,NULL,2023,O,7.29E+11,098-CS-1222  -000,HIGH,098-CS-1222  -000,0.726,0,0,1,1,0,0,1,0,0,0,0,1,0,1
7354,72975187,KSP0900,23-463208,20231118,1851,,KY194,E,,KY0194,KY0194,0,098 KY-194,KY0194,N,N,NULL,NULL,NULL,N,NULL,NULL,NULL,NULL,NULL,NULL,55.464,NULL,NULL,NULL,NULL,,NULL,0,0,2,2,N,N,35,NULL,98,9804,NULL,,Y,37.51758,-82.15366,N,NULL,NULL,NULL,NULL,NULL,NULL,NULL,NULL,5,3,2,6,1,1,2,6,7,3,N,NULL,Y,N,1851,1920,2000,N,NULL,49,7,0,N,,N,N,098-KY-0194-0,NULL,NULL,2023,O,7.30E+11,098-KY-0194  -000,HIGH,098-KY-0194  -000,55.462,0,0,0,0,0,0,1,0,0,0,0,0,0,0
7355,72923075,980100,2.02E+11,20230716,1017,,US23,,,US0023,US0023,0,098 US-23,US0023,N,N,NULL,NULL,NULL,N,NULL,NULL,NULL,NULL,NULL,NULL,25.153,NULL,NULL,NULL,NULL,,NULL,0,0,2,2,N,N,55,NULL,98,9801,NULL,,Y,37.4897,-82.53819,N,NULL,NULL,NULL,NULL,NULL,NULL,NULL,NULL,8,3,4,6,1,1,3,2,7,3,N,NULL,Y,N,1017,1023,1023,N,NULL,53,,1,Y,,N,N,098-US-0023-0,NULL,NULL,2023,O,7.29E+11,098-US-0023  -000,HIGH,098-US-0023  -000,25.091,0,0,0,1,0,0,0,0,0,0,0,1,0,1
7356,72970616,980100,2.02E+11,20231109,1201,,KY3496,,,KY3496,KY3496,0,098 KY-3496,KY3496,N,N,NULL,NULL,NULL,N,NULL,NULL,NULL,NULL,NULL,NULL,0.26,NULL,NULL,NULL,NULL,,NULL,0,0,2,2,N,N,35,NULL,98,9801,NULL,,Y,37.46707,-82.53206,N,NULL,NULL,NULL,NULL,NULL,NULL,NULL,NULL,7,3,2,6,1,1,3,2,3,3,N,NULL,Y,N,1201,1205,1205,N,NULL,54,16,0,N,,N,N,098-KY-3496-0,NULL,NULL,2023,O,7.30E+11,098-KY-3496  -000,HIGH,098-KY-3496  -000,0.261,0,0,0,1,0,0,0,0,0,0,0,1,0,1
7357,72808285,980100,2.02E+11,20220920,618,,HAMBLEY,,BLVD,,,0,098 CS-1222,CS1222,N,N,NULL,NULL,NULL,N,NULL,NULL,NULL,NULL,NULL,NULL,0.38,NULL,NULL,NULL,NULL,,NULL,0,0,2,2,N,N,25,NULL,98,9801,NULL,,Y,37.47706,-82.52173,N,NULL,NULL,NULL,NULL,NULL,NULL,NULL,NULL,1,3,3,6,1,1,2,5,7,3,N,NULL,Y,N,620,620,702,N,NULL,55,,,N,,N,N,098-CS-1222-0,NULL,NULL,2022,O,7.28E+11,098-CS-1222  -000,HIGH,098-CS-1222  -000,0.38,0,0,0,0,0,0,1,0,0,0,0,0,0,1
7358,72880624,980100,2.02E+11,20230326,2130,,HAROLDS BRANCH,,RD,,,0,098 CS-1223,CS1223,Y,N,NULL,NULL,NULL,N,NULL,NULL,NULL,NULL,NULL,NULL,0.028,NULL,NULL,NULL,NULL,,NULL,0,0,2,2,N,N,10,NULL,98,9801,NULL,,Y,37.47241,-82.52271,N,NULL,NULL,NULL,NULL,NULL,NULL,NULL,NULL,2,97,,4,1,1,2,2,1,3,N,NULL,Y,N,2130,2135,2135,N,NULL,90,,,N,,N,N,098-CS-1223-0,NULL,NULL,2023,O,7.29E+11,098-CS-1223  -000,HIGH,098-CS-1223  -000,0.026,0,0,0,0,0,0,1,0,0,0,0,0,0,1
7359,72815924,980500,2022AR049,20221013,940,,US 23 SOUTH,,,,,,,,N,N,NULL,NULL,NULL,N,NULL,NULL,NULL,NULL,NULL,NULL,,NULL,NULL,NULL,NULL,NULL,NULL,0,0,2,2,N,N,45,NULL,98,9807,NULL,,Y,37.52827,-82.57539,N,NULL,NULL,NULL,NULL,NULL,NULL,NULL,NULL,5,3,6,6,1,5,6,2,7,3,N,NULL,Y,Y,940,945,945,N,NULL,49,,,N,,N,N,,NULL,NULL,2022,O,7.28E+11,098-US-0023  -010,MEDIUM,098-US-0023  -000,29.34,0,0,0,1,0,0,0,0,0,0,0,0,0,0
7360,72952404,980100,2.02E+11,20230928,1554,,THOMPSON,,RD,,,0,098 CS-1215,CS1215,N,N,NULL,NULL,NULL,N,NULL,NULL,NULL,NULL,NULL,NULL,0.023,NULL,NULL,NULL,NULL,,NULL,0,0,2,2,N,N,55,NULL,98,9801,NULL,,Y,37.51046,-82.54816,N,NULL,NULL,NULL,NULL,NULL,NULL,NULL,NULL,5,3,2,6,1,1,3,2,7,3,N,NULL,Y,N,1554,1602,1602,N,NULL,49,,,N,,N,N,098-CS-1215-0,NULL,NULL,2023,O,7.30E+11,098-CS-1215  -000,HIGH,098-CS-1215  -000,0.023,0,0,0,0,0,0,1,0,0,0,0,0,0,1
7361,72885546,KSP0900,23-134183,20230409,103,,US119,,,US0119,US0119,0,098 US-119,US0119,N,N,NULL,NULL,NULL,N,NULL,NULL,NULL,NULL,NULL,NULL,4.638,NULL,NULL,NULL,NULL,,NULL,1,0,1,1,N,N,55,NULL,98,9828,NULL,,Y,37.52191,-82.45651,N,NULL,NULL,NULL,NULL,NULL,NULL,NULL,NULL,9,6,2,2,1,1,2,6,7,3,Y,NULL,Y,Y,103,107,107,N,NULL,44,2,1,N,,N,N,098-US-0119-0,NULL,NULL,2023,B,7.29E+11,098-US-0119  -000,HIGH,098-US-0119  -000,4.696,0,0,0,0,0,0,0,1,1,0,0,1,0,0
7362,72825229,KSP0900,22-425030,20221104,2008,,US23,,,US0023,US0023,0,098 US-23-10,US0023,N,N,NULL,NULL,NULL,N,NULL,NULL,NULL,NULL,NULL,NULL,0.556,NULL,NULL,NULL,NULL,,NULL,0,0,1,1,N,N,55,NULL,98,9809,5,S,N,37.24846,-82.6207,N,NULL,NULL,NULL,NULL,NULL,NULL,NULL,NULL,9,3,4,6,1,1,2,6,7,3,N,NULL,Y,N,2008,2017,2032,N,NULL,38,,1,N,,N,N,098-US-0023-10,NULL,NULL,2022,O,7.28E+11,098-US-0023  -010,HIGH,098-US-0023  -000,0.556,0,0,0,0,0,0,0,0,0,0,0,0,0,0
7363,72860105,980100,2.02E+11,20230130,1317,,CEDAR,E,DR,,,0,098 CS-1093,CS1093,N,N,NULL,NULL,NULL,N,NULL,NULL,NULL,NULL,NULL,NULL,0.119,NULL,NULL,NULL,NULL,,NULL,0,0,2,2,N,N,15,NULL,98,9801,NULL,,Y,37.4824,-82.53907,N,NULL,NULL,NULL,NULL,NULL,NULL,NULL,NULL,2,3,1,6,1,1,2,2,6,3,N,NULL,Y,N,1317,1321,1321,N,NULL,56,,,N,,N,N,098-CS-1093-0,NULL,NULL,2023,O,7.29E+11,098-CS-1093  -000,HIGH,098-CS-1093  -000,0.152,0,0,0,1,0,0,1,0,0,0,0,0,0,1
7364,72967983,KSP0900,23-439099,20231028,1349,,SHELBY DRY,,FRK,,,0,098 CR-1257,CR1257,N,N,NULL,NULL,NULL,N,NULL,NULL,NULL,NULL,NULL,NULL,0.552,NULL,NULL,NULL,NULL,,NULL,0,0,1,1,N,N,45,NULL,98,9824,NULL,,Y,37.41598,-82.48962,N,NULL,NULL,NULL,NULL,NULL,NULL,NULL,NULL,9,3,1,6,1,1,2,2,7,3,N,NULL,Y,N,1349,1432,1500,N,NULL,40,,,N,,N,N,098-CR-1257-0,NULL,NULL,2023,O,7.30E+11,098-CR-1257  -000,HIGH,098-CR-1257  -000,0.553,0,0,0,0,0,0,0,0,0,0,0,1,0,0
7365,72886922,KSP0900,23-135886,20230410,1348,,KY194,E,,KY0194,KY0194,0,098 KY-194,KY0194,N,N,NULL,NULL,NULL,N,NULL,NULL,NULL,NULL,NULL,NULL,18.669,NULL,NULL,NULL,NULL,,NULL,1,0,2,2,N,N,55,NULL,98,9820,NULL,,Y,37.56,-82.41759,N,NULL,NULL,NULL,NULL,NULL,NULL,NULL,NULL,3,3,2,6,1,1,2,2,7,3,N,NULL,N,Y,1348,1358,1445,N,NULL,52,6,5,N,,N,N,098-KY-0194-0,NULL,NULL,2023,A,7.29E+11,098-KY-0194  -000,HIGH,098-KY-0194  -000,18.695,0,0,0,1,0,0,1,0,0,0,0,1,0,0
7366,72983049,980100,2.02E+11,20231204,1422,,KY1426,,,KY1426,KY1426,0,098 KY-1426,KY1426,Y,N,NULL,NULL,NULL,N,NULL,NULL,NULL,NULL,NULL,NULL,6.866,NULL,NULL,NULL,NULL,,NULL,0,0,2,2,N,N,15,NULL,98,9801,NULL,,Y,37.48563,-82.50986,N,NULL,NULL,NULL,NULL,NULL,NULL,NULL,NULL,1,97,2,6,1,1,3,2,5,3,N,NULL,Y,N,1422,1426,1426,N,NULL,90,,0,N,,N,N,098-KY-1426-0,NULL,NULL,2023,O,7.30E+11,098-KY-1426  -000,HIGH,098-KY-1426  -000,6.866,0,0,0,1,0,0,1,0,0,0,0,0,0,1
7367,72864644,980100,2.02E+11,20230210,1338,,CASSIDY,,BLVD,,,0,098 CS-1191,CS1191,Y,N,NULL,NULL,NULL,N,NULL,NULL,NULL,NULL,NULL,NULL,0.049,NULL,NULL,NULL,NULL,,NULL,0,0,2,2,N,N,,NULL,98,9801,NULL,,Y,37.50369,-82.53296,N,NULL,NULL,NULL,NULL,NULL,NULL,NULL,NULL,5,97,1,6,1,1,2,2,1,3,N,NULL,Y,N,1338,1345,1348,N,NULL,90,,,N,,N,N,098-CS-1191-0,NULL,NULL,2023,O,7.29E+11,098-CS-1191  -000,HIGH,098-CS-1191  -000,0.046,0,0,0,0,0,0,1,0,0,0,0,0,0,1
7368,72922454,KSP0900,23-325711,20230715,1155,,CEDAR HILLS,,RD,KY1426,KY1426,0,098 KY-1426,KY1426,N,N,NULL,NULL,NULL,N,NULL,NULL,NULL,NULL,NULL,NULL,4.489,NULL,NULL,NULL,NULL,,NULL,0,0,1,1,N,N,35,NULL,98,9801,NULL,,Y,37.46157,-82.52937,N,NULL,NULL,NULL,NULL,NULL,NULL,NULL,NULL,9,5,2,6,1,1,2,2,7,3,N,NULL,Y,N,1155,1209,1209,N,NULL,44,,0,N,,N,N,098-KY-1426-0,NULL,NULL,2023,O,7.29E+11,098-KY-1426  -000,HIGH,098-KY-1426  -000,4.483,0,0,1,0,0,0,1,0,0,0,0,1,0,1
7369,72885462,980100,2.02E+11,20230408,1359,,CASSIDY,,BLVD,,,0,098 CS-1191,CS1191,Y,N,NULL,NULL,NULL,N,NULL,NULL,NULL,NULL,NULL,NULL,0.223,NULL,NULL,NULL,NULL,,NULL,1,0,2,2,N,N,15,NULL,98,9801,NULL,,Y,37.50434,-82.53555,N,NULL,NULL,NULL,NULL,NULL,NULL,NULL,NULL,5,97,,6,1,1,3,2,1,3,N,NULL,Y,Y,1359,1410,1433,N,NULL,90,,,N,,N,N,098-CS-1191-0,NULL,NULL,2023,C,7.29E+11,098-CS-1191  -000,HIGH,098-CS-1191  -000,0.207,0,0,0,0,0,0,1,0,0,0,0,0,0,1
7370,72919678,980100,2.02E+11,20230626,1025,,CARTER,,DR,,,0,098 CS-1224,CS1224,N,N,NULL,NULL,NULL,N,NULL,NULL,NULL,NULL,NULL,NULL,0.218,NULL,NULL,NULL,NULL,,NULL,1,0,1,1,N,N,25,NULL,98,9801,NULL,,Y,37.4631,-82.49354,N,NULL,NULL,NULL,NULL,NULL,NULL,NULL,NULL,9,6,1,4,1,1,3,2,7,3,N,NULL,Y,N,1025,1034,1040,N,NULL,44,,,N,,N,N,098-CS-1224-0,NULL,NULL,2023,C,7.29E+11,098-CS-1224  -000,HIGH,098-CS-1224  -000,0.219,0,0,0,0,0,0,0,0,0,1,0,1,0,1
7371,72908588,980000,2306001,20230607,1045,,"STATE RT,319 TOLER",,,,,,,,N,N,NULL,NULL,NULL,N,NULL,NULL,NULL,NULL,NULL,NULL,,NULL,NULL,NULL,NULL,NULL,NULL,0,0,1,1,N,N,55,NULL,98,9852,1,N,N,37.6365,-82.25341,N,NULL,NULL,NULL,NULL,NULL,NULL,NULL,NULL,9,3,2,1,1,5,3,2,7,3,N,NULL,N,N,1115,1118,1145,Y,NULL,40,,,N,,N,N,,NULL,NULL,2023,O,7.29E+11,098-KY-0319  -000,MEDIUM,098-KY-0319  -000,6.387,0,0,0,0,0,0,1,0,0,0,0,1,0,0
7372,72847708,980100,2.02E+11,20221227,1028,,KY1426,,,KY1426,KY1426,0,098 KY-1426,KY1426,N,N,NULL,NULL,NULL,N,NULL,NULL,NULL,NULL,NULL,NULL,6.917,NULL,NULL,NULL,NULL,,NULL,0,0,2,2,N,N,55,NULL,98,9801,NULL,,Y,37.48624,-82.50922,N,NULL,NULL,NULL,NULL,NULL,NULL,NULL,NULL,1,3,2,6,1,1,2,2,7,3,N,NULL,Y,N,1028,1039,1111,N,NULL,55,,0,N,,N,N,098-KY-1426-0,NULL,NULL,2022,O,7.28E+11,098-KY-1426  -000,HIGH,098-KY-1426  -000,6.917,0,0,0,1,0,0,1,1,0,0,0,0,0,1
7373,72858311,980100,2.02E+11,20230116,1053,,COLBY,,DR,,,0,098 CR-1684,CR1684,N,Y,US119,,,N,NULL,NULL,NULL,NULL,NULL,NULL,0.006,NULL,NULL,NULL,NULL,,NULL,1,0,2,2,N,N,55,NULL,98,9801,NULL,,Y,37.51411,-82.48753,N,NULL,NULL,NULL,NULL,NULL,NULL,NULL,NULL,4,3,4,5,1,1,2,2,7,3,Y,NULL,Y,N,1053,1059,1236,N,NULL,16,,,N,,N,N,098-CR-1684-0,NULL,NULL,2023,C,7.29E+11,098-CR-1684  -000,HIGH,098-CR-1684  -000,0.062,0,0,0,0,0,0,1,1,0,0,1,0,0,0
7374,72893463,980100,2.02E+11,20230501,1659,,KY3495,,,KY3495,KY3495,0,098 KY-3495,KY3495,Y,N,NULL,NULL,NULL,N,NULL,NULL,NULL,NULL,NULL,NULL,0.198,NULL,NULL,NULL,NULL,,NULL,0,0,2,2,N,N,45,NULL,98,9801,NULL,,Y,37.48859,-82.54054,N,NULL,NULL,NULL,NULL,NULL,NULL,NULL,NULL,6,97,2,6,1,1,3,2,5,3,N,NULL,Y,N,1700,1704,,N,NULL,90,17,0,N,,N,N,098-KY-3495-0,NULL,NULL,2023,O,7.29E+11,098-KY-3495  -000,HIGH,098-KY-3495  -000,0.197,0,0,0,0,0,0,1,0,0,0,0,0,0,1
7375,72975572,KSP0900,23-460324,20231116,1043,,KY3154,,,KY3154,KY3154,0,098 KY-3154,KY3154,N,N,NULL,NULL,NULL,N,NULL,NULL,NULL,NULL,NULL,NULL,1.759,NULL,NULL,NULL,NULL,,NULL,0,0,2,2,N,N,35,NULL,98,9838,NULL,,Y,37.59615,-82.32761,N,NULL,NULL,NULL,NULL,NULL,NULL,NULL,NULL,7,3,2,3,1,1,2,2,7,3,N,NULL,Y,N,1044,1130,1045,N,NULL,54,9,0,N,,N,N,098-KY-3154-0,NULL,NULL,2023,O,7.30E+11,098-KY-3154  -000,HIGH,098-KY-3154  -000,1.761,0,0,1,1,0,0,1,0,0,0,0,1,0,0
7376,72900053,980100,2.02E+11,20230512,2307,,KY3495,,,KY3495,KY3495,0,098 KY-3495,KY3495,N,N,NULL,NULL,NULL,N,NULL,NULL,NULL,NULL,NULL,NULL,0.185,NULL,NULL,NULL,NULL,,NULL,0,0,1,1,N,N,45,NULL,98,9801,NULL,,Y,37.48847,-82.54072,N,NULL,NULL,NULL,NULL,NULL,NULL,NULL,NULL,9,5,2,3,1,5,2,5,7,3,N,NULL,Y,N,2307,2311,,N,NULL,44,17,0,Y,,N,N,098-KY-3495-0,NULL,NULL,2023,O,7.29E+11,098-KY-3495  -000,HIGH,098-KY-3495  -000,0.184,0,0,0,0,0,0,0,0,1,1,0,1,0,1
7377,72847845,980500,2022AR062,20221228,1245,,US 23 NORTH,,,,,,,,N,N,NULL,NULL,NULL,N,NULL,NULL,NULL,NULL,NULL,NULL,,NULL,NULL,NULL,NULL,NULL,NULL,0,0,2,2,N,N,45,NULL,98,9807,NULL,,Y,37.52195,-82.57005,N,NULL,NULL,NULL,NULL,NULL,NULL,NULL,NULL,5,3,6,6,1,1,2,2,7,3,N,NULL,Y,Y,1245,1245,1245,N,NULL,49,,,N,,N,N,,NULL,NULL,2022,O,7.28E+11,098-US-0023  -000,MEDIUM,098-US-0023  -000,28.815,0,0,0,1,0,0,0,1,0,0,0,0,0,0