OBJECTID,MasterFile,AgencyORINumber,LocalCode,CollisionDate,CollisionTime,CollisionDayWeekCode,RoadwayName,RoadwayName_Direction_,RoadwayName_RoadwaySuffix_,RoadwayfromReport,CurrentRoadwayNumber,RoadwayNumberCoupletID,RSEUniqueGIS,RoadwayIdentifier,ParkingLotIndicator,IntersectionWith_Indicator_,IntersectionWith_NameRoadway_,IntersectionWith_Direction_,IntersectionWith_RoadwaySuffix_,BetweenStreets_Indicator_,BetweenStreets1_NameRoadway_,BetweenStreet1_Direction_,BetweenStreets1_RoadwaySuffix_,BetweenStreets2_NameRoadway_,BetweenStreets2_Direction_,BetweenStreets2_RoadwaySuffix_,Milepoint,ReportMilepointDeriveNumber,CurrentDerivedMiepointNumber,MilestoMilepoint,FeettoMilepoint,DirectionfromMilepoint_NSEW_,ValidMilepointIndicator,NumberInjured,NumberKilled,ofUnits,ofMotorVehicleUnits,Hit&RunIndicator,OneWayIndicator,SpeedLimitNumber,KilometersIndicator,CountyCode,CityCountyCode,MilesFromCity,DirectionFromCity_NSEW_,InCityLimitsIndicator,Latitude,Longitude,RampIndicator,RampFromIdentifier,RampFromDirCode,RampFromCoupletID,RSEUniqueGISRampFrom,RampToidentifier,RampToDirCode,RampToCoupletID,RSEUniqueGisRampTo,MannerofCollisionCode,LocationFirstEventCode,TotalLanes,RoadwayCharacterCode,RoadwaySurfaceCode,RoadwayConditionCode,WeatherCode,LightConditionCode,LandUseCode,SchoolBusRelatedCode,FirstAidSceneIndicator,CollDescPresentInd,InvestigationCompleteIndicator,PhotosTakenIndicator,TimeNotified,TimeArrived,TimeRoadwayOpened,PropertyDamageIndicator,DiagramPresentIndicator,DirectionalAnalysis,FunctionClassCode,NationalHwySysCode,EnforcementsIndicator,KARSCityCode,SecondaryCollisionIndicator,MedianCrossoverIndicator,RT_UNIQUE,MapIt,TimeLastLeft,YR,KABCO,MFNY,WorkingRID,RT_CONFIDENCE,KTC_RT,KTC_MP,Motorcyclist,Commercial Vehicle,Young Driver,Mature Driver,Pedestrian,Bicyclist,Distracted,Aggressive,Impaired,Unrestrained,Intersection,Roadway Departure,Median Cross-over,City Crash
7378,72868450,KSP0900,23-63388,20230218,1221,,US23,,,US0023,US0023,,,,N,N,NULL,NULL,NULL,N,NULL,NULL,NULL,NULL,NULL,NULL,22.49,NULL,NULL,NULL,NULL,,NULL,1,0,1,1,N,N,55,NULL,98,9801,NULL,,Y,37.46375,-82.5185,N,NULL,NULL,NULL,NULL,NULL,NULL,NULL,NULL,9,3,2,6,1,1,2,2,7,3,N,NULL,Y,Y,1221,1239,1330,N,NULL,44,,1,N,,N,N,,NULL,NULL,2023,B,7.29E+11,098-US-0023  -000,MEDIUM,098-US-0023  -000,22.424,0,0,0,0,0,0,0,0,0,0,0,1,0,1
7379,72934289,980100,2.02E+11,20230811,1527,,US23,,,US0023,US0023,0,098 US-23,US0023,N,Y,RATLIFF CREEK,,RD,N,NULL,NULL,NULL,NULL,NULL,NULL,25.735,NULL,NULL,NULL,NULL,,NULL,2,0,2,2,N,N,55,NULL,98,9801,NULL,,Y,37.49587,-82.53107,N,NULL,NULL,NULL,NULL,NULL,NULL,NULL,NULL,1,3,4,3,1,1,2,2,1,3,N,NULL,Y,Y,1527,1530,1530,N,NULL,10,,1,N,,N,N,098-US-0023-0,NULL,NULL,2023,C,7.29E+11,098-US-0023  -000,HIGH,098-US-0023  -000,25.673,0,0,1,1,0,0,0,1,0,1,1,0,0,1
7380,72884187,980100,2.02E+11,20230406,1027,,ELM,S,ST,,,0,098 CS-1107,CS1107,Y,N,NULL,NULL,NULL,N,NULL,NULL,NULL,NULL,NULL,NULL,0.007,NULL,NULL,NULL,NULL,,NULL,0,0,2,2,N,N,,NULL,98,9801,NULL,,Y,37.47697,-82.52166,N,NULL,NULL,NULL,NULL,NULL,NULL,NULL,NULL,1,97,1,6,1,1,3,2,6,3,N,NULL,Y,N,1027,1030,1030,N,NULL,90,,,N,,N,N,098-CS-1107-0,NULL,NULL,2023,O,7.29E+11,098-CS-1107  -000,HIGH,098-CS-1107  -000,0.007,0,0,0,0,0,0,0,0,0,0,0,0,0,1
7381,72871029,980100,2.02E+11,20230302,1649,,US23,,,US0023,US0023,,,,N,N,NULL,NULL,NULL,N,NULL,NULL,NULL,NULL,NULL,NULL,25.884,NULL,NULL,NULL,NULL,,NULL,0,0,2,2,N,N,55,NULL,98,9801,NULL,,Y,37.49802,-82.53126,N,NULL,NULL,NULL,NULL,NULL,NULL,NULL,NULL,5,3,4,6,1,1,2,2,1,3,N,NULL,Y,N,1649,1654,1654,N,NULL,49,,1,N,,N,N,,NULL,NULL,2023,O,7.29E+11,098-US-0023  -010,MEDIUM,098-US-0023  -000,25.823,0,0,0,0,0,0,1,0,0,0,0,0,0,1
7382,72891848,KSP0900,23-157750,20230426,730,,LOCUST,,ST,,,0,098 CR-1833P,CR1833P,Y,N,NULL,NULL,NULL,N,NULL,NULL,NULL,NULL,NULL,NULL,0.003,NULL,NULL,NULL,NULL,,NULL,0,0,2,2,N,N,,NULL,98,9804,NULL,,Y,37.51436,-82.1528,N,NULL,NULL,NULL,NULL,NULL,NULL,NULL,NULL,2,97,2,6,1,1,2,2,1,3,N,NULL,Y,N,730,800,800,N,NULL,90,,,N,,N,N,098-CR-1833P-0,NULL,NULL,2023,O,7.29E+11,098-CR-1833P -000,HIGH,098-CR-1833P -000,0.002,0,1,1,0,0,0,1,0,0,0,0,0,0,0
7383,72972573,KSP0900,23-457200,20231113,1512,,FISHTRAP,,RD,KY1789,KY1789,0,098 KY-1789,KY1789,N,N,NULL,NULL,NULL,N,NULL,NULL,NULL,NULL,NULL,NULL,0.38,NULL,NULL,NULL,NULL,,NULL,0,0,1,1,N,N,55,NULL,98,9824,NULL,,Y,37.41014,-82.44016,N,NULL,NULL,NULL,NULL,NULL,NULL,NULL,NULL,9,3,2,6,1,1,2,2,7,3,N,NULL,Y,N,1512,1518,1518,N,NULL,40,,5,N,,N,N,098-KY-1789-0,NULL,NULL,2023,O,7.30E+11,098-KY-1789  -000,HIGH,098-KY-1789  -000,0.419,0,0,0,0,0,0,0,0,0,0,0,1,0,0
7384,72972544,980500,2023AR060,20231113,1702,,MAYO TRAIL,N,,,,,,,N,N,NULL,NULL,NULL,N,NULL,NULL,NULL,NULL,NULL,NULL,,NULL,NULL,NULL,NULL,NULL,NULL,0,0,2,2,N,N,25,NULL,98,9807,NULL,,Y,37.5383,-82.58081,N,NULL,NULL,NULL,NULL,NULL,NULL,NULL,NULL,2,97,2,6,1,1,2,2,8,3,N,NULL,Y,Y,1702,1710,1710,N,NULL,56,,,N,,N,N,,NULL,NULL,2023,O,7.30E+11,098-CR-1426K -000,MEDIUM,098-CR-1426K -000,0.21,0,0,0,1,0,0,1,0,0,0,0,0,0,1
7385,72920165,KSP0900,23-315545,20230706,1258,,US23,,,US0023,US0023,,,,N,N,NULL,NULL,NULL,N,NULL,NULL,NULL,NULL,NULL,NULL,17.779,NULL,NULL,NULL,NULL,,NULL,0,0,1,1,N,N,55,NULL,98,9801,NULL,,Y,37.42596,-82.51681,N,NULL,NULL,NULL,NULL,NULL,NULL,NULL,NULL,9,3,4,6,1,1,2,2,7,3,N,NULL,Y,N,1258,1319,1341,N,NULL,70,,1,N,,N,N,,NULL,NULL,2023,O,7.29E+11,098-US-0023  -000,MEDIUM,098-US-0023  -000,17.759,0,0,0,0,0,0,0,0,0,0,0,0,0,1
7386,72971974,KSP0900,23-448571,20231106,1234,,KY610,W,,KY0610,KY0610,0,098 KY-610,KY0610,N,N,NULL,NULL,NULL,N,NULL,NULL,NULL,NULL,NULL,NULL,8.328,NULL,NULL,NULL,NULL,,NULL,1,0,2,2,N,N,35,NULL,98,9827,NULL,,Y,37.34155,-82.59146,N,NULL,NULL,NULL,NULL,NULL,NULL,NULL,NULL,1,3,2,6,1,1,2,2,7,3,Y,NULL,Y,Y,1234,1255,1255,N,NULL,55,7,0,N,,N,N,098-KY-0610-0,NULL,NULL,2023,B,7.30E+11,098-KY-0610  -000,HIGH,098-KY-0610  -000,8.326,1,0,0,1,0,0,1,0,0,0,0,0,0,0
7387,72968191,980100,2.02E+11,20231103,1756,,BYPASS,S,RD,KY1426,KY1426,0,098 KY-1426,KY1426,N,N,NULL,NULL,NULL,N,NULL,NULL,NULL,NULL,NULL,NULL,6.542,NULL,NULL,NULL,NULL,,NULL,1,0,2,2,N,N,35,NULL,98,9801,NULL,,Y,37.48223,-82.51378,N,NULL,NULL,NULL,NULL,NULL,NULL,NULL,NULL,1,3,2,6,1,1,2,2,1,3,N,NULL,Y,Y,1756,1758,1836,N,NULL,55,,0,N,,N,N,098-KY-1426-0,NULL,NULL,2023,C,7.30E+11,098-KY-1426  -000,HIGH,098-KY-1426  -000,6.542,0,0,0,0,0,0,1,0,0,0,0,0,0,1
7388,72902739,980100,2.02E+11,20230523,858,,HAMBLEY,,BLVD,,,0,098 CS-1222,CS1222,Y,N,NULL,NULL,NULL,N,NULL,NULL,NULL,NULL,NULL,NULL,1.635,NULL,NULL,NULL,NULL,,NULL,0,0,2,2,N,N,,NULL,98,9801,NULL,,Y,37.48202,-82.53264,N,NULL,NULL,NULL,NULL,NULL,NULL,NULL,NULL,2,97,1,6,1,1,2,2,1,3,N,NULL,Y,N,858,906,906,N,NULL,90,,,N,,N,N,098-CS-1222-0,NULL,NULL,2023,O,7.29E+11,098-CS-1222  -000,HIGH,098-CS-1222  -000,1.671,0,0,0,0,0,0,0,0,0,0,0,0,0,1
7389,72841938,980100,2.02E+11,20221206,1418,,BAIRD,,AVE,KY1426,KY1426,0,098 KY-1426,KY1426,N,N,NULL,NULL,NULL,N,NULL,NULL,NULL,NULL,NULL,NULL,5.391,NULL,NULL,NULL,NULL,,NULL,0,0,2,2,N,N,35,NULL,98,9801,NULL,,Y,37.47334,-82.52711,N,NULL,NULL,NULL,NULL,NULL,NULL,NULL,NULL,1,3,2,6,1,5,6,2,1,3,N,NULL,Y,N,1418,1419,,N,NULL,55,,0,N,,N,N,098-KY-1426-0,NULL,NULL,2022,O,7.28E+11,098-KY-1426  -000,HIGH,098-KY-1426  -000,5.391,0,0,1,0,0,0,1,0,0,0,0,0,0,1
7390,72969821,KSP0900,23-432027,20231022,505,,MAYO,N,TRL,US0023,US0023,0,098 US-23,US0023,N,N,NULL,NULL,NULL,N,NULL,NULL,NULL,NULL,NULL,NULL,28.123,NULL,NULL,NULL,NULL,,NULL,0,0,1,1,N,N,25,NULL,98,9807,NULL,,Y,37.51585,-82.56022,N,NULL,NULL,NULL,NULL,NULL,NULL,NULL,NULL,9,97,1,1,1,1,2,5,1,3,N,NULL,Y,N,410,420,420,N,NULL,44,,1,Y,,N,N,098-US-0023-0,NULL,NULL,2023,O,7.30E+11,098-US-0023  -000,HIGH,098-US-0023  -000,28.12,0,0,0,0,0,0,0,0,1,0,0,1,0,0
7391,72863438,980000,23-01-005,20230208,745,,US119,,,US0119,US0119,0,098 US-119-10,US0119,N,N,NULL,NULL,NULL,N,NULL,NULL,NULL,NULL,NULL,NULL,1.984,NULL,NULL,NULL,NULL,,NULL,0,0,2,2,N,N,15,NULL,98,9801,1,N,N,37.51248,-82.49979,N,NULL,NULL,NULL,NULL,NULL,NULL,NULL,NULL,5,3,2,4,1,5,3,1,8,3,N,NULL,Y,N,748,749,750,N,NULL,70,2,1,N,,N,N,098-US-0119-10,NULL,NULL,2023,O,7.29E+11,098-US-0119  -010,HIGH,098-US-0119  -000,1.977,0,0,0,0,0,0,1,0,0,0,0,0,0,1
7392,72848429,980100,2.02E+11,20221224,1456,,CASSIDY,,BLVD,,,0,098 CS-1191,CS1191,Y,N,NULL,NULL,NULL,N,NULL,NULL,NULL,NULL,NULL,NULL,0.321,NULL,NULL,NULL,NULL,,NULL,0,0,2,2,N,N,10,NULL,98,9801,NULL,,Y,37.50673,-82.53882,N,NULL,NULL,NULL,NULL,NULL,NULL,NULL,NULL,2,97,,6,1,1,2,2,5,3,N,NULL,Y,N,1456,1506,1506,N,NULL,90,,,N,,N,N,098-CS-1191-0,NULL,NULL,2022,O,7.28E+11,098-CS-1191  -000,HIGH,098-CS-1191  -000,0.321,0,0,0,1,0,0,1,0,0,0,0,0,0,1
7393,72799214,KSP0900,22-332764,20220827,2339,,ELKHORN,,CRK,KY0197,KY0197,0,098 KY-197,KY0197,N,N,NULL,NULL,NULL,N,NULL,NULL,NULL,NULL,NULL,NULL,6.127,NULL,NULL,NULL,NULL,,NULL,0,0,2,2,Y,N,55,NULL,98,9864,NULL,,Y,37.25104,-82.48665,N,NULL,NULL,NULL,NULL,NULL,NULL,NULL,NULL,5,3,2,6,1,1,2,7,7,3,N,NULL,Y,N,2339,2357,246,N,NULL,47,7,0,N,,N,N,098-KY-0197-0,NULL,NULL,2022,O,7.28E+11,098-KY-0197  -000,HIGH,098-KY-0197  -000,6.127,0,0,0,0,0,0,0,0,0,0,0,0,0,0
7394,72984299,980500,2023AR063,20231208,1020,,MAYO TRAIL,N,,,,,,,Y,N,NULL,NULL,NULL,N,NULL,NULL,NULL,NULL,NULL,NULL,,NULL,NULL,NULL,NULL,NULL,NULL,0,0,2,2,N,N,,NULL,98,9807,NULL,,Y,37.51979,-82.56843,N,NULL,NULL,NULL,NULL,NULL,NULL,NULL,NULL,2,97,2,6,1,1,2,2,5,3,N,NULL,Y,Y,1020,1020,1020,N,NULL,90,,,N,,N,N,,NULL,NULL,2023,O,7.30E+11,098-US-0023  -010,MEDIUM,098-US-0023  -000,28.647,0,0,0,0,0,0,1,0,0,0,0,0,0,0
7395,72754834,980100,2.02E+11,20220422,1224,,KY1426,,,KY1426,KY1426,0,098 KY-1426,KY1426,N,N,NULL,NULL,NULL,N,NULL,NULL,NULL,NULL,NULL,NULL,8.654,NULL,NULL,NULL,NULL,,NULL,0,0,2,2,N,N,55,NULL,98,9801,NULL,,Y,37.50047,-82.4902,N,NULL,NULL,NULL,NULL,NULL,NULL,NULL,NULL,5,3,2,5,1,1,2,2,1,3,N,NULL,Y,N,1224,1224,1305,N,NULL,70,,0,N,,Y,N,098-KY-1426-0,NULL,NULL,2022,O,7.28E+11,098-KY-1426  -000,HIGH,098-KY-1426  -000,8.654,0,0,1,0,0,0,0,0,0,0,0,0,0,1
7396,72837123,980100,2.02E+11,20221128,810,,KY1426,,,KY1426,KY1426,0,098 KY-1426,KY1426,N,N,NULL,NULL,NULL,N,NULL,NULL,NULL,NULL,NULL,NULL,8.194,NULL,NULL,NULL,NULL,,NULL,0,0,1,1,N,N,45,NULL,98,9801,NULL,,Y,37.49413,-82.4912,N,NULL,NULL,NULL,NULL,NULL,NULL,NULL,NULL,9,4,2,2,1,5,3,2,7,3,N,NULL,Y,N,810,813,845,N,NULL,44,,0,N,,N,N,098-KY-1426-0,NULL,NULL,2022,O,7.28E+11,098-KY-1426  -000,HIGH,098-KY-1426  -000,8.194,0,0,0,1,0,0,0,0,0,0,0,1,0,1
7397,72949875,980100,2.02E+11,20230923,1024,,CASSIDY,,BLVD,,,,,,N,N,NULL,NULL,NULL,N,NULL,NULL,NULL,NULL,NULL,NULL,0.323,NULL,NULL,NULL,NULL,,NULL,0,0,2,2,N,N,35,NULL,98,9801,NULL,,Y,37.50522,-82.53731,N,NULL,NULL,NULL,NULL,NULL,NULL,NULL,NULL,1,3,2,3,1,1,2,2,1,3,N,NULL,Y,N,1025,1034,1038,N,NULL,55,,,N,,N,N,,NULL,NULL,2023,O,7.29E+11,098-CS-1191  -000,MEDIUM,098-CS-1191  -000,0.323,0,0,1,0,0,0,1,1,0,0,0,0,0,1
7398,72744857,980100,2.02E+11,20220325,1859,,THOMPSON,,RD,,,0,098 CS-1215,CS1215,Y,N,NULL,NULL,NULL,N,NULL,NULL,NULL,NULL,NULL,NULL,0.494,NULL,NULL,NULL,NULL,,NULL,0,0,2,2,Y,N,,NULL,98,9801,NULL,,Y,37.50606,-82.54377,N,NULL,NULL,NULL,NULL,NULL,NULL,NULL,NULL,1,7,,6,1,1,2,2,2,3,N,NULL,N,N,1859,1904,1904,N,NULL,90,,,N,,N,N,098-CS-1215-0,NULL,NULL,2022,O,7.27E+11,098-CS-1215  -000,HIGH,098-CS-1215  -000,0.494,0,0,0,0,0,0,0,0,0,0,0,0,0,1
7399,72972909,KSP0900,23-442347,20231031,1857,,US119,,,US0119,US0119,0,098 US-119-10,US0119,N,N,NULL,NULL,NULL,N,NULL,NULL,NULL,NULL,NULL,NULL,23.013,NULL,NULL,NULL,NULL,,NULL,0,0,1,1,N,N,55,NULL,98,9836,NULL,,Y,37.64342,-82.26384,N,NULL,NULL,NULL,NULL,NULL,NULL,NULL,NULL,9,3,2,6,1,1,2,6,3,3,N,NULL,Y,N,1857,1901,1857,N,NULL,38,2,1,N,,N,N,098-US-0119-10,NULL,NULL,2023,O,7.30E+11,098-US-0119  -010,HIGH,098-US-0119  -000,23.019,0,0,0,0,0,0,0,0,0,0,0,0,0,0
7400,72802660,370200,2022-348453,20220908,644,,US23,,,US0023,US0023,0,098 US-23,US0023,N,N,NULL,NULL,NULL,N,NULL,NULL,NULL,NULL,NULL,NULL,20.395,NULL,NULL,NULL,NULL,,NULL,0,0,2,2,N,N,55,NULL,98,9801,NULL,,Y,37.44535,-82.51691,N,NULL,NULL,NULL,NULL,NULL,NULL,NULL,NULL,5,3,4,6,1,1,2,6,1,3,N,NULL,Y,N,644,644,735,N,NULL,49,,1,N,,N,N,098-US-0023-0,NULL,NULL,2022,O,7.28E+11,098-US-0023  -000,HIGH,098-US-0023  -000,20.395,0,0,0,0,0,0,0,0,0,0,0,0,0,1
7401,72906859,KSP0900,23-210574,20230603,1145,,ANDERSON,,FRK,,,,,,N,N,NULL,NULL,NULL,N,NULL,NULL,NULL,NULL,NULL,NULL,0.485,NULL,NULL,NULL,NULL,,NULL,0,0,1,1,N,N,35,NULL,98,9827,NULL,,Y,37.34458,-82.62459,N,NULL,NULL,NULL,NULL,NULL,NULL,NULL,NULL,9,3,1,6,1,1,2,2,7,3,N,NULL,Y,N,1145,1155,1230,N,NULL,44,,,N,,N,N,,NULL,NULL,2023,O,7.29E+11,098-CR-1731  -000,HIGH,098-CR-1731  -000,0.511,0,0,1,0,0,0,0,0,0,0,0,1,0,0
7402,72958479,KSP0900,23-413750,20231004,1542,,KY1426,,,KY1426,KY1426,0,098 KY-1426,KY1426,N,N,NULL,NULL,NULL,N,NULL,NULL,NULL,NULL,NULL,NULL,11.917,NULL,NULL,NULL,NULL,,NULL,0,0,2,2,N,N,55,NULL,98,9828,NULL,,Y,37.53516,-82.46599,N,NULL,NULL,NULL,NULL,NULL,NULL,NULL,NULL,1,3,2,3,1,1,2,2,7,3,N,NULL,Y,N,1542,1603,1630,N,NULL,55,7,0,N,,N,N,098-KY-1426-0,NULL,NULL,2023,O,7.30E+11,098-KY-1426  -000,HIGH,098-KY-1426  -000,11.918,0,0,1,0,0,0,0,1,0,0,0,0,0,0
7403,72837039,KSP0900,22-461608,20221202,1850,,ROCKHOUSE,,RD,,,0,098 CR-1113,CR1113,N,N,NULL,NULL,NULL,N,NULL,NULL,NULL,NULL,NULL,NULL,0.787,NULL,NULL,NULL,NULL,,NULL,0,0,1,1,N,N,35,NULL,98,9860,NULL,,Y,37.4516,-82.13179,N,NULL,NULL,NULL,NULL,NULL,NULL,NULL,NULL,9,3,1,5,1,5,2,6,7,3,N,NULL,N,N,1850,1930,1930,N,NULL,38,,,N,,N,N,098-CR-1113-0,NULL,NULL,2022,O,7.28E+11,098-CR-1113  -000,HIGH,098-CR-1113  -000,0.787,0,0,0,0,0,0,0,0,0,0,0,0,0,0
7404,72945046,KSP0900,23-377370,20230831,1750,,FOREST TRACE,,HL,,,0,098 CR-1505BB,CR1505BB,Y,N,NULL,NULL,NULL,N,NULL,NULL,NULL,NULL,NULL,NULL,0.198,NULL,NULL,NULL,NULL,,NULL,0,0,2,2,N,N,,NULL,98,9814,NULL,,Y,37.60076,-82.2788,N,NULL,NULL,NULL,NULL,NULL,NULL,NULL,NULL,8,97,,6,1,1,2,3,6,3,N,NULL,Y,N,1954,2012,2012,N,NULL,90,,,N,,N,N,098-CR-1505BB-0,NULL,NULL,2023,O,7.29E+11,098-CR-1505BB-000,HIGH,098-CR-1505BB-000,0.21,0,0,0,0,0,0,1,0,0,0,0,0,0,0
7405,72806604,370200,2022-358417,20220915,1342,,US119,,,US0119,US0119,0,098 US-119-10,US0119,N,N,NULL,NULL,NULL,N,NULL,NULL,NULL,NULL,NULL,NULL,7.923,NULL,NULL,NULL,NULL,,NULL,1,0,2,2,N,N,55,NULL,98,9801,7,N,N,37.5575,-82.42426,N,NULL,NULL,NULL,NULL,NULL,NULL,NULL,NULL,5,3,2,6,1,1,2,2,7,3,N,NULL,Y,Y,1342,1356,1648,N,NULL,49,2,1,N,,N,N,098-US-0119-10,NULL,NULL,2022,C,7.28E+11,098-US-0119  -010,HIGH,098-US-0119  -000,7.923,0,0,0,0,0,0,0,0,0,0,0,0,0,0
7406,72887253,980100,2.02E+11,20230414,1723,,CASSIDY,,BLVD,,,0,098 CS-1191,CS1191,N,N,NULL,NULL,NULL,N,NULL,NULL,NULL,NULL,NULL,NULL,0.261,NULL,NULL,NULL,NULL,,NULL,0,0,2,2,N,N,35,NULL,98,9801,NULL,,Y,37.50463,-82.53613,N,NULL,NULL,NULL,NULL,NULL,NULL,NULL,NULL,1,3,3,6,1,5,3,2,7,3,N,NULL,Y,N,1723,1741,1741,N,NULL,55,,,N,,N,N,098-CS-1191-0,NULL,NULL,2023,O,7.29E+11,098-CS-1191  -000,HIGH,098-CS-1191  -000,0.244,0,0,0,0,0,0,0,1,0,0,0,0,0,1
7407,72978743,980500,2023AR062,20231124,1735,,US 23 N & SUDS INTERSECTION,,,,,,,,N,N,NULL,NULL,NULL,N,NULL,NULL,NULL,NULL,NULL,NULL,,NULL,NULL,NULL,NULL,NULL,NULL,0,0,2,2,N,N,45,NULL,98,9807,NULL,,Y,37.52042,-82.5679,N,NULL,NULL,NULL,NULL,NULL,NULL,NULL,NULL,4,3,6,6,1,1,2,5,7,3,Y,NULL,Y,Y,1735,1738,1900,N,NULL,70,,,N,,N,N,,NULL,NULL,2023,O,7.30E+11,098-US-0023  -000,MEDIUM,098-US-0023  -000,28.656,0,0,0,0,0,0,1,0,0,0,0,0,0,0
7408,72947372,KSP0900,23-389886,20230912,319,,KY194,,,KY0194,KY0194,0,098 KY-194,KY0194,N,N,NULL,NULL,NULL,N,NULL,NULL,NULL,NULL,NULL,NULL,43.733,NULL,NULL,NULL,NULL,,NULL,1,0,1,1,N,N,55,NULL,98,9804,NULL,,Y,37.44087,-82.206,N,NULL,NULL,NULL,NULL,NULL,NULL,NULL,NULL,9,3,2,2,1,1,2,6,7,3,Y,NULL,Y,N,319,428,500,N,NULL,44,8,0,N,,N,N,098-KY-0194-0,NULL,NULL,2023,A,7.29E+11,098-KY-0194  -000,HIGH,098-KY-0194  -000,43.76,0,0,0,0,0,0,0,0,0,0,0,1,0,0
7409,72920307,980100,2.02E+11,20230708,1957,,CASSIDY,,BLVD,,,,,,N,N,NULL,NULL,NULL,N,NULL,NULL,NULL,NULL,NULL,NULL,0.023,NULL,NULL,NULL,NULL,,NULL,0,0,2,2,N,N,35,NULL,98,9801,NULL,,Y,37.50372,-82.53254,N,NULL,NULL,NULL,NULL,NULL,NULL,NULL,NULL,5,3,5,6,1,1,2,2,1,3,N,NULL,Y,N,1957,2005,,N,NULL,70,,,Y,,N,N,,NULL,NULL,2023,O,7.29E+11,098-CS-1191  -000,HIGH,098-CS-1191  -000,0.023,0,0,0,0,0,0,1,0,1,0,0,0,0,1
7410,72860792,980100,2.02E+11,20230127,2229,,HAMBLEY,,BLVD,,,0,098 CS-1222,CS1222,N,N,NULL,NULL,NULL,N,NULL,NULL,NULL,NULL,NULL,NULL,1.274,NULL,NULL,NULL,NULL,,NULL,0,0,3,3,N,N,35,NULL,98,9801,NULL,,Y,37.48514,-82.52657,N,NULL,NULL,NULL,NULL,NULL,NULL,NULL,NULL,7,5,2,6,1,1,2,5,6,3,N,NULL,Y,N,2229,2234,2234,N,NULL,47,,,N,,N,N,098-CS-1222-0,NULL,NULL,2023,O,7.29E+11,098-CS-1222  -000,HIGH,098-CS-1222  -000,1.275,0,0,0,0,0,0,0,0,0,0,0,0,0,1
7411,72833530,KSP0900,22-450096,20221123,1817,,WILLIAMSON,,RD,KY0292,KY0292,0,098 KY-292,KY0292,N,N,NULL,NULL,NULL,N,NULL,NULL,NULL,NULL,NULL,NULL,5.06,NULL,NULL,NULL,NULL,,NULL,2,0,2,2,N,N,40,NULL,98,9834,NULL,,Y,37.6727,-82.28099,N,NULL,NULL,NULL,NULL,NULL,NULL,NULL,NULL,1,3,2,6,1,1,2,4,7,3,Y,NULL,N,Y,1817,1836,1930,N,NULL,55,7,0,N,,N,N,098-KY-0292-0,NULL,NULL,2022,B,7.28E+11,098-KY-0292  -000,HIGH,098-KY-0292  -000,5.06,0,0,0,0,0,0,1,1,0,0,0,1,0,0
7412,72960321,980100,2.02E+11,20231017,1652,,KY1426,,,KY1426,KY1426,0,098 KY-1426,KY1426,Y,N,NULL,NULL,NULL,N,NULL,NULL,NULL,NULL,NULL,NULL,6.871,NULL,NULL,NULL,NULL,,NULL,0,0,2,2,N,N,15,NULL,98,9801,NULL,,Y,37.48568,-82.5098,N,NULL,NULL,NULL,NULL,NULL,NULL,NULL,NULL,2,97,2,6,1,1,3,2,1,3,N,NULL,Y,N,1652,1656,1709,N,NULL,90,,0,N,,N,N,098-KY-1426-0,NULL,NULL,2023,O,7.30E+11,098-KY-1426  -000,HIGH,098-KY-1426  -000,6.871,0,0,0,1,0,0,1,0,0,0,0,0,0,1
7413,72952629,980100,2.02E+11,20230928,1918,,CASSIDY,,BLVD,,,0,098 CS-1191,CS1191,Y,N,NULL,NULL,NULL,N,NULL,NULL,NULL,NULL,NULL,NULL,0.182,NULL,NULL,NULL,NULL,,NULL,0,0,2,2,N,N,15,NULL,98,9801,NULL,,Y,37.50386,-82.53497,N,NULL,NULL,NULL,NULL,NULL,NULL,NULL,NULL,1,97,2,6,1,5,6,5,1,3,N,NULL,Y,N,1918,1928,1928,N,NULL,90,,,N,,N,N,098-CS-1191-0,NULL,NULL,2023,O,7.30E+11,098-CS-1191  -000,HIGH,098-CS-1191  -000,0.161,0,0,0,0,0,0,0,0,0,0,0,0,0,1
7414,72978415,KSP0900,23-467434,20231122,1459,,US23,,,US0023,US0023,0,098 US-23-10,US0023,N,N,NULL,NULL,NULL,N,NULL,NULL,NULL,NULL,NULL,NULL,5.229,NULL,NULL,NULL,NULL,,NULL,2,0,1,1,N,N,55,NULL,98,9809,NULL,,Y,37.28215,-82.56148,N,NULL,NULL,NULL,NULL,NULL,NULL,NULL,NULL,9,5,4,1,1,5,6,2,7,3,Y,NULL,Y,Y,1459,1521,1600,N,NULL,44,,1,N,,N,N,098-US-0023-10,NULL,NULL,2023,C,7.30E+11,098-US-0023  -010,HIGH,098-US-0023  -000,5.226,0,0,0,0,0,0,0,0,0,0,0,1,0,0
7415,72960478,KSP0900,23-425875,20231016,930,,SHELBIANA,E,RD,US0460,US0460,,,,N,N,NULL,NULL,NULL,N,NULL,NULL,NULL,NULL,NULL,NULL,4.461,NULL,NULL,NULL,NULL,,NULL,0,0,1,1,N,N,45,NULL,98,9832,NULL,,Y,37.41706,-82.45444,N,NULL,NULL,NULL,NULL,NULL,NULL,NULL,NULL,9,3,2,6,1,5,6,2,7,3,N,NULL,Y,Y,931,947,1037,N,NULL,70,,1,N,,N,N,,NULL,NULL,2023,O,7.30E+11,098-US-0460  -000,HIGH,098-US-0460  -000,4.461,0,0,1,0,0,0,0,0,0,0,0,1,0,0