OBJECTID,MasterFile,AgencyORINumber,LocalCode,CollisionDate,CollisionTime,CollisionDayWeekCode,RoadwayName,RoadwayName_Direction_,RoadwayName_RoadwaySuffix_,RoadwayfromReport,CurrentRoadwayNumber,RoadwayNumberCoupletID,RSEUniqueGIS,RoadwayIdentifier,ParkingLotIndicator,IntersectionWith_Indicator_,IntersectionWith_NameRoadway_,IntersectionWith_Direction_,IntersectionWith_RoadwaySuffix_,BetweenStreets_Indicator_,BetweenStreets1_NameRoadway_,BetweenStreet1_Direction_,BetweenStreets1_RoadwaySuffix_,BetweenStreets2_NameRoadway_,BetweenStreets2_Direction_,BetweenStreets2_RoadwaySuffix_,Milepoint,ReportMilepointDeriveNumber,CurrentDerivedMiepointNumber,MilestoMilepoint,FeettoMilepoint,DirectionfromMilepoint_NSEW_,ValidMilepointIndicator,NumberInjured,NumberKilled,ofUnits,ofMotorVehicleUnits,Hit&RunIndicator,OneWayIndicator,SpeedLimitNumber,KilometersIndicator,CountyCode,CityCountyCode,MilesFromCity,DirectionFromCity_NSEW_,InCityLimitsIndicator,Latitude,Longitude,RampIndicator,RampFromIdentifier,RampFromDirCode,RampFromCoupletID,RSEUniqueGISRampFrom,RampToidentifier,RampToDirCode,RampToCoupletID,RSEUniqueGisRampTo,MannerofCollisionCode,LocationFirstEventCode,TotalLanes,RoadwayCharacterCode,RoadwaySurfaceCode,RoadwayConditionCode,WeatherCode,LightConditionCode,LandUseCode,SchoolBusRelatedCode,FirstAidSceneIndicator,CollDescPresentInd,InvestigationCompleteIndicator,PhotosTakenIndicator,TimeNotified,TimeArrived,TimeRoadwayOpened,PropertyDamageIndicator,DiagramPresentIndicator,DirectionalAnalysis,FunctionClassCode,NationalHwySysCode,EnforcementsIndicator,KARSCityCode,SecondaryCollisionIndicator,MedianCrossoverIndicator,RT_UNIQUE,MapIt,TimeLastLeft,YR,KABCO,MFNY,WorkingRID,RT_CONFIDENCE,KTC_RT,KTC_MP,Motorcyclist,Commercial Vehicle,Young Driver,Mature Driver,Pedestrian,Bicyclist,Distracted,Aggressive,Impaired,Unrestrained,Intersection,Roadway Departure,Median Cross-over,City Crash
7416,72922678,KSP0900,23-321284,20230711,1513,,KY194,,,KY0194,KY0194,0,098 KY-194,KY0194,N,N,NULL,NULL,NULL,N,NULL,NULL,NULL,NULL,NULL,NULL,60.455,NULL,NULL,NULL,NULL,,NULL,0,0,2,2,N,Y,35,NULL,98,9811,NULL,,Y,37.56548,-82.14481,N,NULL,NULL,NULL,NULL,NULL,NULL,NULL,NULL,7,3,2,3,1,1,2,2,7,3,N,NULL,Y,N,1513,1513,1513,N,NULL,54,7,0,N,,N,N,098-KY-0194-0,NULL,NULL,2023,O,7.29E+11,098-KY-0194  -000,HIGH,098-KY-0194  -000,60.471,0,0,0,1,0,0,0,0,0,0,0,1,0,0
7417,72979940,370200,2023-475503,20231130,1239,,RIGHT FORK OF BRUSHY,,RD,,,0,098 CR-1360Q4,CR1360Q4,N,N,NULL,NULL,NULL,N,NULL,NULL,NULL,NULL,NULL,NULL,0.335,NULL,NULL,NULL,NULL,,NULL,0,0,2,2,N,N,35,NULL,98,9853,NULL,,Y,37.66035,-82.4792,N,NULL,NULL,NULL,NULL,NULL,NULL,NULL,NULL,7,3,1,3,1,1,2,2,7,3,N,NULL,Y,N,1242,1335,1415,N,NULL,54,,,N,,N,N,098-CR-1360Q4-0,NULL,NULL,2023,O,7.30E+11,098-CR-1360Q4-000,HIGH,098-CR-1360Q4-000,0.304,0,1,0,1,0,0,0,0,0,0,0,1,0,0
7418,72833527,KSP0900,22-450224,20221123,1958,,US460,,,US0460,US0460,0,098 US-460,US0460,Y,N,NULL,NULL,NULL,N,NULL,NULL,NULL,NULL,NULL,NULL,9.351,NULL,NULL,NULL,NULL,,NULL,0,0,2,2,N,N,35,NULL,98,9830,NULL,,Y,37.36834,-82.41418,N,NULL,NULL,NULL,NULL,NULL,NULL,NULL,NULL,2,97,2,6,1,1,2,8,7,3,N,NULL,N,N,1958,2002,2002,N,NULL,90,,1,N,,N,N,098-US-0460-0,NULL,NULL,2022,O,7.28E+11,098-US-0460  -000,HIGH,098-US-0460  -000,9.351,0,0,0,1,0,0,0,0,0,0,0,0,0,0
7419,72826437,KSP0900,22-428199,20221107,851,,US23,,,US0023,US0023,0,098 US-23,US0023,N,N,NULL,NULL,NULL,N,NULL,NULL,NULL,NULL,NULL,NULL,22.438,NULL,NULL,NULL,NULL,,NULL,0,0,2,2,N,N,55,NULL,98,9801,NULL,,Y,37.46323,-82.51788,N,NULL,NULL,NULL,NULL,NULL,NULL,NULL,NULL,4,3,4,6,1,5,2,2,7,3,N,NULL,Y,N,851,851,916,N,NULL,70,,1,N,,N,N,098-US-0023-0,NULL,NULL,2022,O,7.28E+11,098-US-0023  -000,HIGH,098-US-0023  -000,22.438,0,0,1,0,0,0,0,1,0,0,0,0,0,1
7420,72963273,KSP0900,23-431082,20231021,1048,,KY80,,,KY0080,KY0080,0,098 KY-80,KY0080,N,N,NULL,NULL,NULL,N,NULL,NULL,NULL,NULL,NULL,NULL,1.857,NULL,NULL,NULL,NULL,,NULL,5,0,2,2,N,N,55,NULL,98,9802,NULL,,Y,37.31733,-82.36315,N,NULL,NULL,NULL,NULL,NULL,NULL,NULL,NULL,1,3,2,6,1,1,2,2,7,3,Y,NULL,Y,Y,1046,1105,1200,N,NULL,55,7,5,N,,N,N,098-KY-0080-0,NULL,NULL,2023,A,7.30E+11,098-KY-0080  -000,HIGH,098-KY-0080  -000,1.862,0,0,0,1,0,0,1,0,0,0,0,0,0,0
7421,72827329,980100,2.02E+11,20221109,1424,,CASSIDY,,BLVD,,,0,098 CS-1191,CS1191,N,N,NULL,NULL,NULL,N,NULL,NULL,NULL,NULL,NULL,NULL,0.305,NULL,NULL,NULL,NULL,,NULL,0,0,2,2,N,N,35,NULL,98,9801,NULL,,Y,37.50514,-82.53692,N,NULL,NULL,NULL,NULL,NULL,NULL,NULL,NULL,8,3,3,6,1,1,2,2,7,3,N,NULL,Y,N,1426,1432,1432,N,NULL,53,,,N,,N,N,098-CS-1191-0,NULL,NULL,2022,O,7.28E+11,098-CS-1191  -000,HIGH,098-CS-1191  -000,0.305,0,0,0,0,0,0,1,0,0,0,0,1,0,1
7422,72982272,KSP0900,23-480466,20231205,149,,BEAR,,FRK,,,0,098 CR-1943,CR1943,N,N,NULL,NULL,NULL,N,NULL,NULL,NULL,NULL,NULL,NULL,0.237,NULL,NULL,NULL,NULL,,NULL,0,0,1,1,N,N,25,NULL,98,9809,5,S,N,37.25132,-82.62315,N,NULL,NULL,NULL,NULL,NULL,NULL,NULL,NULL,9,4,1,6,1,5,2,7,7,3,N,NULL,Y,Y,149,217,314,N,NULL,51,,,N,,N,N,098-CR-1943-0,NULL,NULL,2023,O,7.30E+11,098-CR-1943  -000,HIGH,098-CR-1943  -000,0.239,0,0,0,0,0,0,0,0,0,0,0,1,0,0
7423,72931316,980100,2.02E+11,20230731,2156,,KY3496,,,KY3496,KY3496,0,098 KY-3496,KY3496,Y,N,NULL,NULL,NULL,N,NULL,NULL,NULL,NULL,NULL,NULL,0.181,NULL,NULL,NULL,NULL,,NULL,0,0,2,2,N,N,15,NULL,98,9801,NULL,,Y,37.4664,-82.53088,N,NULL,NULL,NULL,NULL,NULL,NULL,NULL,NULL,8,97,1,6,1,1,2,5,1,3,N,NULL,Y,N,2156,2159,2159,N,NULL,90,16,0,N,,N,N,098-KY-3496-0,NULL,NULL,2023,O,7.29E+11,098-KY-3496  -000,HIGH,098-KY-3496  -000,0.186,0,0,0,0,0,0,1,0,0,0,0,0,0,1
7424,72894459,KSP0900,23-167434,20230503,1500,,FISHTRAP,,RD,KY1441,KY1441,0,098 KY-1441,KY1441,N,N,NULL,NULL,NULL,N,NULL,NULL,NULL,NULL,NULL,NULL,11.03,NULL,NULL,NULL,NULL,,NULL,0,0,2,2,N,N,45,NULL,98,9850,NULL,,Y,37.52841,-82.45794,N,NULL,NULL,NULL,NULL,NULL,NULL,NULL,NULL,1,3,2,3,1,1,3,2,7,3,N,NULL,N,N,1426,1520,1530,N,NULL,55,8,0,N,,N,N,098-KY-1441-0,NULL,NULL,2023,O,7.29E+11,098-KY-1441  -000,HIGH,098-KY-1441  -000,11.026,0,0,0,0,0,0,1,1,0,0,0,0,0,0
7425,72943124,KSP0900,23-377150,20230831,1637,,KY1426,,,KY1426,KY1426,0,098 KY-1426,KY1426,N,N,NULL,NULL,NULL,N,NULL,NULL,NULL,NULL,NULL,NULL,12.423,NULL,NULL,NULL,NULL,,NULL,0,0,2,2,N,N,55,NULL,98,9828,NULL,,Y,37.54177,-82.46817,N,NULL,NULL,NULL,NULL,NULL,NULL,NULL,NULL,7,3,2,6,1,1,2,2,7,3,N,NULL,N,N,1637,1645,1655,N,NULL,54,7,0,N,,N,N,098-KY-1426-0,NULL,NULL,2023,O,7.29E+11,098-KY-1426  -000,HIGH,098-KY-1426  -000,12.423,0,0,0,0,0,0,0,0,0,0,0,1,0,0
7426,72786162,980100,2.02E+11,20220704,314,,KY3496,,,KY3496,KY3496,,,,Y,N,NULL,NULL,NULL,N,NULL,NULL,NULL,NULL,NULL,NULL,0.229,NULL,NULL,NULL,NULL,,NULL,0,0,2,2,Y,N,,NULL,98,9801,NULL,,Y,37.46675,-82.53165,N,NULL,NULL,NULL,NULL,NULL,NULL,NULL,NULL,3,97,,6,1,1,2,5,1,3,N,NULL,Y,N,314,315,,N,NULL,90,16,0,N,,N,N,,NULL,NULL,2022,O,7.28E+11,098-KY-3496  -000,HIGH,098-KY-3496  -000,0.229,1,0,0,0,0,0,0,0,0,0,0,0,0,1
7427,72901842,980500,2023AR023,20230517,1500,,WEDDINGTON BRANCH,,RD,,,0,098 CS-3026,CS3026,Y,N,NULL,NULL,NULL,N,NULL,NULL,NULL,NULL,NULL,NULL,0.047,NULL,NULL,NULL,NULL,,NULL,0,0,2,2,N,N,15,NULL,98,9807,NULL,,Y,37.52325,-82.56984,N,NULL,NULL,NULL,NULL,NULL,NULL,NULL,NULL,5,97,,6,1,1,2,2,1,3,N,NULL,Y,Y,1500,1505,,N,NULL,90,,,N,,N,N,098-CS-3026-0,NULL,NULL,2023,O,7.29E+11,098-CS-3026  -000,HIGH,098-CS-3026  -000,0.072,0,0,0,0,0,0,0,0,0,0,0,0,0,0
7428,72965938,980100,2.02E+11,20231025,1019,,CASSIDY,,BLVD,,,,,,Y,N,NULL,NULL,NULL,N,NULL,NULL,NULL,NULL,NULL,NULL,0.291,NULL,NULL,NULL,NULL,,NULL,0,0,2,2,N,N,,NULL,98,9801,NULL,,Y,37.50499,-82.53665,N,NULL,NULL,NULL,NULL,NULL,NULL,NULL,NULL,8,97,,6,2,1,2,2,1,3,N,NULL,Y,N,1019,1021,,N,NULL,90,,,N,,N,N,,NULL,NULL,2023,O,7.30E+11,098-CS-1191  -000,MEDIUM,098-CS-1191  -000,0.282,0,0,0,1,0,0,1,0,0,0,0,0,0,1
7429,72937169,980100,2.02E+11,20230818,1403,,CASSIDY,,BLVD,,,0,098 CS-1191,CS1191,N,N,NULL,NULL,NULL,N,NULL,NULL,NULL,NULL,NULL,NULL,0.261,NULL,NULL,NULL,NULL,,NULL,0,0,2,2,N,N,25,NULL,98,9801,NULL,,Y,37.50463,-82.53611,N,NULL,NULL,NULL,NULL,NULL,NULL,NULL,NULL,1,3,4,6,1,1,2,2,1,3,N,NULL,Y,N,1403,1405,1407,N,NULL,55,,,N,,N,N,098-CS-1191-0,NULL,NULL,2023,O,7.29E+11,098-CS-1191  -000,HIGH,098-CS-1191  -000,0.244,0,0,0,0,0,0,1,0,0,0,0,0,0,1
7430,72954363,980100,2.02E+11,20230926,1307,,CASSIDY,,BLVD,,,,,,Y,N,NULL,NULL,NULL,N,NULL,NULL,NULL,NULL,NULL,NULL,0.29,NULL,NULL,NULL,NULL,,NULL,0,0,2,2,N,Y,,NULL,98,9801,NULL,,Y,37.50497,-82.53662,N,NULL,NULL,NULL,NULL,NULL,NULL,NULL,NULL,2,97,1,6,1,1,2,2,1,3,N,NULL,Y,N,1307,1315,,N,NULL,90,,,N,,N,N,,NULL,NULL,2023,O,7.30E+11,098-CS-1191  -000,MEDIUM,098-CS-1191  -000,0.28,0,0,0,1,0,0,1,0,0,0,0,0,0,1
7431,72934829,KSP0900,23-360586,20230816,1300,,KY194,,,KY0194,KY0194,0,098 KY-194,KY0194,N,N,NULL,NULL,NULL,N,NULL,NULL,NULL,NULL,NULL,NULL,22.382,NULL,NULL,NULL,NULL,,NULL,0,0,1,1,N,N,55,NULL,98,9817,NULL,,Y,37.53501,-82.37947,N,NULL,NULL,NULL,NULL,NULL,NULL,NULL,NULL,9,3,2,3,1,1,3,2,7,3,N,NULL,N,N,1300,1305,1345,N,NULL,40,6,0,N,,N,N,098-KY-0194-0,NULL,NULL,2023,O,7.29E+11,098-KY-0194  -000,HIGH,098-KY-0194  -000,22.173,0,0,0,0,0,0,1,0,0,0,0,1,0,0
7432,72874511,980100,2.02E+11,20230309,430,,SMITH,,ST,,,0,098 CS-1163,CS1163,N,N,NULL,NULL,NULL,N,NULL,NULL,NULL,NULL,NULL,NULL,0.018,NULL,NULL,NULL,NULL,,NULL,0,0,1,1,N,N,15,NULL,98,9801,NULL,,Y,37.48323,-82.52161,N,NULL,NULL,NULL,NULL,NULL,NULL,NULL,NULL,9,3,2,4,1,1,2,5,6,3,N,NULL,Y,N,852,858,858,Y,NULL,40,,,N,,N,N,098-CS-1163-0,NULL,NULL,2023,O,7.29E+11,098-CS-1163  -000,HIGH,098-CS-1163  -000,0.017,0,0,0,0,0,0,0,0,0,0,0,1,0,1
7433,72884834,KSP0900,23-134113,20230409,12,,KY194,,,KY0194,KY0194,0,098 KY-194,KY0194,N,N,NULL,NULL,NULL,N,NULL,NULL,NULL,NULL,NULL,NULL,26.693,NULL,NULL,NULL,NULL,,NULL,0,0,1,1,N,N,45,NULL,98,9817,NULL,,Y,37.49727,-82.34949,N,NULL,NULL,NULL,NULL,NULL,NULL,NULL,NULL,9,3,2,6,1,1,2,6,7,3,N,NULL,N,N,0,12,30,N,NULL,44,7,0,N,,N,N,098-KY-0194-0,NULL,NULL,2023,O,7.29E+11,098-KY-0194  -000,HIGH,098-KY-0194  -000,26.69,0,0,0,0,0,0,0,1,1,1,0,1,0,0
7434,72866248,KSP0900,23-61200,20230216,1829,,KY292,,,KY0292,KY0292,0,098 KY-292,KY0292,N,N,NULL,NULL,NULL,N,NULL,NULL,NULL,NULL,NULL,NULL,3.543,NULL,NULL,NULL,NULL,,NULL,0,0,1,1,N,N,45,NULL,98,9869,NULL,,Y,37.65748,-82.24961,N,NULL,NULL,NULL,NULL,NULL,NULL,NULL,NULL,9,5,2,6,1,6,6,4,7,3,N,NULL,N,Y,1829,1900,1930,Y,NULL,40,8,0,N,,N,N,098-KY-0292-0,NULL,NULL,2023,O,7.29E+11,098-KY-0292  -000,HIGH,098-KY-0292  -000,3.588,0,0,0,1,0,0,0,0,0,0,0,1,0,0
7435,72861113,980500,2023AR003,20230202,1144,,US 23 SOUTH & MAIN STREET,,,,,,,,N,N,NULL,NULL,NULL,N,NULL,NULL,NULL,NULL,NULL,NULL,,NULL,NULL,NULL,NULL,NULL,NULL,0,0,1,1,N,N,45,NULL,98,9807,NULL,,Y,37.51886,-82.56628,N,NULL,NULL,NULL,NULL,NULL,NULL,NULL,NULL,9,3,6,4,1,1,2,2,7,3,N,NULL,Y,Y,1144,1145,1253,Y,NULL,40,,,Y,,N,N,,NULL,NULL,2023,O,7.29E+11,098-CS-3000  -000,MEDIUM,098-CS-3000  -000,0.453,0,1,0,0,0,0,1,0,0,0,0,1,0,0
7436,72900820,KSP0900,23-181754,20230513,1559,,TURKEY CREEK,,RD,KY0612,KY0612,0,098 KY-612,KY0612,N,N,NULL,NULL,NULL,N,NULL,NULL,NULL,NULL,NULL,NULL,6.565,NULL,NULL,NULL,NULL,,NULL,0,0,1,1,N,N,45,NULL,98,9834,NULL,,Y,37.65011,-82.30954,N,NULL,NULL,NULL,NULL,NULL,NULL,NULL,NULL,9,3,2,6,1,5,6,2,7,3,N,NULL,N,N,1559,1627,1700,N,NULL,44,8,0,N,,N,N,098-KY-0612-0,NULL,NULL,2023,O,7.29E+11,098-KY-0612  -000,HIGH,098-KY-0612  -000,6.564,0,0,0,0,0,0,1,0,0,0,0,1,0,0
7437,72811789,KSP0900,22-381084,20221002,1346,,KY194,,,KY0194,KY0194,0,098 KY-194,KY0194,N,N,NULL,NULL,NULL,N,NULL,NULL,NULL,NULL,NULL,NULL,24.688,NULL,NULL,NULL,NULL,,NULL,1,0,1,1,N,N,55,NULL,98,9817,NULL,,Y,37.5204,-82.36386,N,NULL,NULL,NULL,NULL,NULL,NULL,NULL,NULL,9,4,2,1,1,5,6,2,7,3,N,NULL,Y,Y,1346,1415,1425,Y,NULL,51,6,0,N,,N,N,098-KY-0194-0,NULL,NULL,2022,C,7.28E+11,098-KY-0194  -000,HIGH,098-KY-0194  -000,24.688,0,0,0,0,0,0,0,0,0,0,0,1,0,0
7438,72949339,980100,2.02E+11,20230920,1653,,JOHNSON,,ST,,,0,098 CS-1007,CS1007,N,N,NULL,NULL,NULL,N,NULL,NULL,NULL,NULL,NULL,NULL,0.194,NULL,NULL,NULL,NULL,,NULL,0,0,2,2,N,N,15,NULL,98,9801,NULL,,Y,37.44342,-82.52428,N,NULL,NULL,NULL,NULL,NULL,NULL,NULL,NULL,1,3,2,6,1,1,2,2,6,3,N,NULL,Y,N,1655,1702,1710,N,NULL,55,,,N,,N,N,098-CS-1007-0,NULL,NULL,2023,O,7.29E+11,098-CS-1007  -000,HIGH,098-CS-1007  -000,0.07,0,0,0,0,0,0,1,0,0,0,0,0,0,1
7439,72969418,980100,2.02E+11,20231031,1812,,CASSIDY,,BLVD,,,,,,Y,N,NULL,NULL,NULL,N,NULL,NULL,NULL,NULL,NULL,NULL,0.438,NULL,NULL,NULL,NULL,,NULL,0,0,1,1,N,N,,NULL,98,9801,NULL,,Y,37.50429,-82.53894,N,NULL,NULL,NULL,NULL,NULL,NULL,NULL,NULL,9,97,,6,1,1,2,3,5,3,N,NULL,Y,N,1812,1819,1819,N,NULL,90,,,N,,N,N,,NULL,NULL,2023,O,7.30E+11,098-CS-1191  -000,MEDIUM,098-CS-1191  -000,0.44,0,0,0,1,0,0,1,0,0,0,0,1,0,1
7440,72979531,KSP0900,23-466141,20231121,1300,,US119,,,US0119,US0119,0,098 US-119,US0119,N,N,NULL,NULL,NULL,N,NULL,NULL,NULL,NULL,NULL,NULL,24.637,NULL,NULL,NULL,NULL,,NULL,0,0,2,2,N,N,40,NULL,98,9834,NULL,,Y,37.66398,-82.27326,N,NULL,NULL,NULL,NULL,NULL,NULL,NULL,NULL,5,3,4,6,1,5,6,2,7,3,N,NULL,N,N,1300,1313,1325,N,NULL,70,2,1,N,,N,N,098-US-0119-0,NULL,NULL,2023,O,7.30E+11,098-US-0119  -000,HIGH,098-US-0119  -000,24.636,0,0,0,1,0,0,1,0,0,0,0,0,0,0
7441,72854451,980100,2.02E+11,20230115,1042,,CASSIDY,,BLVD,,,0,098 CS-1191,CS1191,N,N,NULL,NULL,NULL,N,NULL,NULL,NULL,NULL,NULL,NULL,0.231,NULL,NULL,NULL,NULL,,NULL,0,0,2,2,N,N,25,NULL,98,9801,NULL,,Y,37.50433,-82.53567,N,NULL,NULL,NULL,NULL,NULL,NULL,NULL,NULL,1,3,4,6,1,1,3,2,1,3,N,NULL,N,N,1042,1052,1056,N,NULL,55,,,N,,N,N,098-CS-1191-0,NULL,NULL,2023,O,7.29E+11,098-CS-1191  -000,HIGH,098-CS-1191  -000,0.212,0,0,0,0,0,0,1,1,0,0,0,0,0,1
7442,72851676,980100,2.02E+11,20230102,607,,US119,,,US0119,US0119,0,098 US-119,US0119,N,N,NULL,NULL,NULL,N,NULL,NULL,NULL,NULL,NULL,NULL,3.143,NULL,NULL,NULL,NULL,,NULL,0,0,1,1,N,N,55,NULL,98,9801,NULL,,Y,37.51392,-82.47903,N,NULL,NULL,NULL,NULL,NULL,NULL,NULL,NULL,9,3,2,6,1,1,2,5,7,3,N,NULL,Y,Y,607,623,607,N,NULL,38,2,1,N,,N,N,098-US-0119-0,NULL,NULL,2023,O,7.29E+11,098-US-0119  -000,HIGH,098-US-0119  -000,3.139,0,0,0,0,0,0,0,0,0,0,0,0,0,0
7443,72927767,KSP0900,23-341533,20230729,1336,,KY611,,,KY0611,KY0611,0,098 KY-611,KY0611,N,N,NULL,NULL,NULL,N,NULL,NULL,NULL,NULL,NULL,NULL,0.329,NULL,NULL,NULL,NULL,,NULL,0,0,2,2,N,N,25,NULL,98,9830,NULL,,Y,37.31726,-82.47027,N,NULL,NULL,NULL,NULL,NULL,NULL,NULL,NULL,2,97,2,6,1,1,2,2,7,3,N,NULL,Y,N,1413,1435,1435,N,NULL,47,8,0,N,,N,N,098-KY-0611-0,NULL,NULL,2023,O,7.29E+11,098-KY-0611  -000,HIGH,098-KY-0611  -000,0.327,0,0,0,0,0,0,0,0,0,0,0,0,0,0
7444,72848919,KSP0900,22-498888,20221230,1721,,KY1056,,,KY1056,KY1056,0,098 KY-1056,KY1056,Y,N,NULL,NULL,NULL,N,NULL,NULL,NULL,NULL,NULL,NULL,11.433,NULL,NULL,NULL,NULL,,NULL,0,0,1,1,Y,N,10,NULL,98,9863,NULL,,Y,37.6189,-82.16632,N,NULL,NULL,NULL,NULL,NULL,NULL,NULL,NULL,9,7,2,6,1,1,2,3,7,3,N,NULL,N,N,1721,1741,1741,N,NULL,90,7,0,N,,N,N,098-KY-1056-0,NULL,NULL,2022,O,7.28E+11,098-KY-1056  -000,HIGH,098-KY-1056  -000,11.433,0,0,0,0,0,0,0,0,0,0,0,0,0,0
7445,72969717,KSP0900,23-449523,20231107,720,,US23,,,US0023,US0023,0,098 US-23-10,US0023,Y,N,NULL,NULL,NULL,N,NULL,NULL,NULL,NULL,NULL,NULL,,NULL,NULL,NULL,NULL,,NULL,0,0,2,2,N,N,5,NULL,98,9809,NULL,,Y,37.28224,-82.5731,N,NULL,NULL,NULL,NULL,NULL,NULL,NULL,NULL,2,97,,6,1,1,2,2,1,3,N,NULL,Y,N,720,800,820,N,NULL,90,,1,N,,N,N,098-US-0023-10,NULL,NULL,2023,O,7.30E+11,098-US-0023  -010,HIGH,098-US-0023  -000,4.578,0,0,0,0,0,0,1,0,0,0,0,0,0,0
7446,72964085,KSP0900,23-433548,20231023,1450,,KY194,,,KY0194,KY0194,0,098 KY-194,KY0194,N,N,NULL,NULL,NULL,N,NULL,NULL,NULL,NULL,NULL,NULL,61.2,NULL,NULL,NULL,NULL,,NULL,0,0,2,2,N,N,35,NULL,98,9811,NULL,,Y,37.5602,-82.13428,N,NULL,NULL,NULL,NULL,NULL,NULL,NULL,NULL,7,3,2,6,1,1,2,2,7,3,N,NULL,Y,N,1450,1450,1450,N,NULL,54,7,0,N,,N,N,098-KY-0194-0,NULL,NULL,2023,O,7.30E+11,098-KY-0194  -000,HIGH,098-KY-0194  -000,61.206,0,0,0,1,0,0,0,0,0,0,0,1,0,0
7447,72902213,980100,2.02E+11,20230521,1701,,HAMBLEY,,BLVD,,,0,098 CS-1222,CS1222,Y,N,NULL,NULL,NULL,N,NULL,NULL,NULL,NULL,NULL,NULL,0.462,NULL,NULL,NULL,NULL,,NULL,0,0,2,2,N,N,,NULL,98,9801,NULL,,Y,37.47804,-82.52087,N,NULL,NULL,NULL,NULL,NULL,NULL,NULL,NULL,8,97,,6,1,1,2,2,5,3,N,NULL,Y,N,1701,1708,1719,N,NULL,90,,,N,,N,N,098-CS-1222-0,NULL,NULL,2023,O,7.29E+11,098-CS-1222  -000,HIGH,098-CS-1222  -000,0.463,0,0,0,0,0,0,1,0,0,0,0,0,0,1
7448,72859542,KSP0900,23-36944,20230129,1405,,KY1056,,,KY1056,KY1056,0,098 KY-1056,KY1056,N,N,NULL,NULL,NULL,N,NULL,NULL,NULL,NULL,NULL,NULL,9.642,NULL,NULL,NULL,NULL,,NULL,1,0,2,2,N,N,55,NULL,98,9863,NULL,,Y,37.59945,-82.16762,N,NULL,NULL,NULL,NULL,NULL,NULL,NULL,NULL,3,3,2,3,1,5,6,2,7,3,Y,NULL,Y,Y,1409,1453,1500,N,NULL,52,7,0,N,,N,N,098-KY-1056-0,NULL,NULL,2023,B,7.29E+11,098-KY-1056  -000,HIGH,098-KY-1056  -000,9.691,0,0,0,0,0,0,0,0,0,0,0,1,0,0
7449,72847683,KSP0900,22-495058,20221227,2150,,KY194,,,KY0194,KY0194,0,098 KY-194,KY0194,N,N,NULL,NULL,NULL,N,NULL,NULL,NULL,NULL,NULL,NULL,56.209,NULL,NULL,NULL,NULL,,NULL,0,0,2,2,N,N,35,NULL,98,9804,NULL,,Y,37.52474,-82.1614,N,NULL,NULL,NULL,NULL,NULL,NULL,NULL,NULL,7,3,2,3,1,2,2,6,7,3,N,NULL,Y,N,2150,2150,2210,N,NULL,54,7,0,N,,N,N,098-KY-0194-0,NULL,NULL,2022,O,7.28E+11,098-KY-0194  -000,HIGH,098-KY-0194  -000,56.209,0,0,0,0,0,0,0,0,0,0,0,1,0,0
7450,72881745,KSP0900,23-122019,20230331,1505,,CHLOE,,RD,KY1460,KY1460,0,098 KY-1460,KY1460,N,N,NULL,NULL,NULL,N,NULL,NULL,NULL,NULL,NULL,NULL,0.411,NULL,NULL,NULL,NULL,,NULL,2,0,1,1,N,N,45,NULL,98,9801,NULL,,Y,37.43703,-82.47989,N,NULL,NULL,NULL,NULL,NULL,NULL,NULL,NULL,9,4,2,3,1,5,6,2,7,3,Y,NULL,Y,Y,1503,1519,1545,N,NULL,44,,0,N,,N,N,098-KY-1460-0,NULL,NULL,2023,C,7.29E+11,098-KY-1460  -000,HIGH,098-KY-1460  -000,0.405,0,0,1,0,0,0,0,0,0,0,0,1,0,0
7451,72890872,KSP0900,23-154736,20230423,1852,,GOODY,,LOOP,,,0,098 PR-1024,PR1024,Y,N,NULL,NULL,NULL,N,NULL,NULL,NULL,NULL,NULL,NULL,0.047,NULL,NULL,NULL,NULL,,NULL,0,0,2,2,Y,N,10,NULL,98,9834,NULL,,Y,37.65967,-82.2725,N,NULL,NULL,NULL,NULL,NULL,NULL,NULL,NULL,8,97,2,6,1,1,2,2,1,3,N,NULL,Y,N,1852,2100,1852,N,NULL,90,,,N,,N,N,098-PR-1024-0,NULL,NULL,2023,O,7.29E+11,098-PR-1024  -000,HIGH,098-PR-1024  -000,0.047,0,0,0,0,0,0,0,0,0,0,0,0,0,0
7452,72994142,KSP0900,23-508344,20231231,1800,,US119,,,US0119,US0119,0,098 US-119,US0119,N,N,NULL,NULL,NULL,N,NULL,NULL,NULL,NULL,NULL,NULL,9.913,NULL,NULL,NULL,NULL,,NULL,0,0,1,1,N,N,55,NULL,98,9833,NULL,,Y,37.5819,-82.40737,N,NULL,NULL,NULL,NULL,NULL,NULL,NULL,NULL,9,3,2,6,1,1,2,7,7,3,N,NULL,Y,N,1820,1830,1850,N,NULL,38,2,1,N,,N,N,098-US-0119-0,NULL,NULL,2023,O,7.30E+11,098-US-0119  -000,HIGH,098-US-0119  -000,9.903,0,0,0,1,0,0,0,0,0,0,0,0,0,0
7453,72959254,980100,2.02E+11,20231011,622,,,,,US0023,US0023,,,,N,N,NULL,NULL,NULL,N,NULL,NULL,NULL,NULL,NULL,NULL,0.015,NULL,NULL,NULL,NULL,NULL,NULL,0,0,1,1,N,N,55,NULL,98,9801,NULL,,Y,37.43658,-82.51073,Y,US0460,E,NULL,098 US-23-422,US0023,N,NULL,098 US-23-422,9,3,4,5,1,5,2,6,7,3,N,NULL,Y,N,622,626,,Y,NULL,72,,1,N,,N,N,,NULL,NULL,2023,O,7.30E+11,098-US-0023  -422,MEDIUM,098-US-0023  -422,0.014,0,0,0,0,0,0,1,0,0,0,0,1,0,1