OBJECTID,MasterFile,AgencyORINumber,LocalCode,CollisionDate,CollisionTime,CollisionDayWeekCode,RoadwayName,RoadwayName_Direction_,RoadwayName_RoadwaySuffix_,RoadwayfromReport,CurrentRoadwayNumber,RoadwayNumberCoupletID,RSEUniqueGIS,RoadwayIdentifier,ParkingLotIndicator,IntersectionWith_Indicator_,IntersectionWith_NameRoadway_,IntersectionWith_Direction_,IntersectionWith_RoadwaySuffix_,BetweenStreets_Indicator_,BetweenStreets1_NameRoadway_,BetweenStreet1_Direction_,BetweenStreets1_RoadwaySuffix_,BetweenStreets2_NameRoadway_,BetweenStreets2_Direction_,BetweenStreets2_RoadwaySuffix_,Milepoint,ReportMilepointDeriveNumber,CurrentDerivedMiepointNumber,MilestoMilepoint,FeettoMilepoint,DirectionfromMilepoint_NSEW_,ValidMilepointIndicator,NumberInjured,NumberKilled,ofUnits,ofMotorVehicleUnits,Hit&RunIndicator,OneWayIndicator,SpeedLimitNumber,KilometersIndicator,CountyCode,CityCountyCode,MilesFromCity,DirectionFromCity_NSEW_,InCityLimitsIndicator,Latitude,Longitude,RampIndicator,RampFromIdentifier,RampFromDirCode,RampFromCoupletID,RSEUniqueGISRampFrom,RampToidentifier,RampToDirCode,RampToCoupletID,RSEUniqueGisRampTo,MannerofCollisionCode,LocationFirstEventCode,TotalLanes,RoadwayCharacterCode,RoadwaySurfaceCode,RoadwayConditionCode,WeatherCode,LightConditionCode,LandUseCode,SchoolBusRelatedCode,FirstAidSceneIndicator,CollDescPresentInd,InvestigationCompleteIndicator,PhotosTakenIndicator,TimeNotified,TimeArrived,TimeRoadwayOpened,PropertyDamageIndicator,DiagramPresentIndicator,DirectionalAnalysis,FunctionClassCode,NationalHwySysCode,EnforcementsIndicator,KARSCityCode,SecondaryCollisionIndicator,MedianCrossoverIndicator,RT_UNIQUE,MapIt,TimeLastLeft,YR,KABCO,MFNY,WorkingRID,RT_CONFIDENCE,KTC_RT,KTC_MP,Motorcyclist,Commercial Vehicle,Young Driver,Mature Driver,Pedestrian,Bicyclist,Distracted,Aggressive,Impaired,Unrestrained,Intersection,Roadway Departure,Median Cross-over,City Crash
7454,72744230,KSP0900,22-103132,20220321,1645,,US460,,,US0460,US0460,0,098 US-460,US0460,N,N,NULL,NULL,NULL,N,NULL,NULL,NULL,NULL,NULL,NULL,1.222,NULL,NULL,NULL,NULL,,NULL,3,0,3,3,N,N,55,NULL,98,9824,2,E,N,37.42775,-82.50259,N,NULL,NULL,NULL,NULL,NULL,NULL,NULL,NULL,7,3,2,3,1,1,2,2,7,3,Y,NULL,Y,Y,1647,1653,1749,N,NULL,54,,1,N,,N,N,098-US-0460-0,NULL,NULL,2022,B,7.27E+11,098-US-0460  -000,HIGH,098-US-0460  -000,1.222,0,0,0,0,0,0,0,0,0,0,0,1,0,0
7455,72879478,KSP0900,23-112032,20230324,1525,,SMITH FORK,,RD,KY3419,KY3419,0,098 KY-3419,KY3419,N,N,NULL,NULL,NULL,N,NULL,NULL,NULL,NULL,NULL,NULL,4.068,NULL,NULL,NULL,NULL,,NULL,1,0,1,1,N,N,55,NULL,98,9804,NULL,,Y,37.47683,-82.18472,N,NULL,NULL,NULL,NULL,NULL,NULL,NULL,NULL,9,3,1,3,1,5,2,2,7,3,Y,NULL,Y,Y,1526,1610,1715,Y,NULL,40,9,0,N,,N,N,098-KY-3419-0,NULL,NULL,2023,C,7.29E+11,098-KY-3419  -000,HIGH,098-KY-3419  -000,4.065,0,0,0,0,0,0,0,0,0,0,0,1,0,0
7456,72890659,980100,2.02E+11,20230326,1230,,WELLS,,ALY,,,,,,N,N,NULL,NULL,NULL,N,NULL,NULL,NULL,NULL,NULL,NULL,0.005,NULL,NULL,NULL,NULL,,NULL,0,0,2,2,N,N,10,NULL,98,9801,NULL,,Y,37.48138,-82.51608,N,NULL,NULL,NULL,NULL,NULL,NULL,NULL,NULL,5,3,1,6,1,1,2,2,6,3,N,NULL,Y,N,1220,1224,1329,Y,NULL,47,,,Y,,N,N,,NULL,NULL,2023,O,7.29E+11,098-CS-1122  -000,HIGH,098-CS-1122  -000,0.005,0,0,0,0,0,0,0,0,1,1,0,1,0,1
7457,72810260,980100,2.02E+11,20220919,1549,,HAMBLEY,,BLVD,,,0,098 CS-1222,CS1222,N,N,NULL,NULL,NULL,N,NULL,NULL,NULL,NULL,NULL,NULL,1.711,NULL,NULL,NULL,NULL,,NULL,0,0,2,2,N,N,35,NULL,98,9801,NULL,,Y,37.48166,-82.53331,N,NULL,NULL,NULL,NULL,NULL,NULL,NULL,NULL,1,3,2,6,1,1,2,2,1,3,N,NULL,Y,N,1549,1603,1615,N,NULL,55,,,N,,N,N,098-CS-1222-0,NULL,NULL,2022,O,7.28E+11,098-CS-1222  -000,HIGH,098-CS-1222  -000,1.711,0,0,1,0,0,0,1,1,0,0,0,0,0,1
7458,72820847,KSP0900,22-403737,20221020,142,,AIRPORT,,RD,,,0,098 CR-1330Q4,CR1330Q4,N,N,NULL,NULL,NULL,N,NULL,NULL,NULL,NULL,NULL,NULL,0.929,NULL,NULL,NULL,NULL,,NULL,0,0,1,1,N,N,55,NULL,98,9801,NULL,,Y,37.56211,-82.57269,N,NULL,NULL,NULL,NULL,NULL,NULL,NULL,NULL,9,3,2,2,1,1,2,6,7,3,N,NULL,N,N,201,216,315,N,NULL,70,,,N,,N,N,098-CR-1330Q4-0,NULL,NULL,2022,O,7.28E+11,098-CR-1330Q4-000,HIGH,098-CR-1330Q4-000,0.929,0,1,0,0,0,0,0,0,0,0,0,1,0,0
7459,72945422,KSP0900,23-385361,20230907,2144,,POUNDING MILL,,RD,,,0,098 CR-1526,CR1526,N,N,NULL,NULL,NULL,N,NULL,NULL,NULL,NULL,NULL,NULL,1,NULL,NULL,NULL,NULL,,NULL,0,0,1,1,N,N,35,NULL,98,9811,NULL,,Y,37.57216,-82.15131,N,NULL,NULL,NULL,NULL,NULL,NULL,NULL,NULL,9,6,1,6,1,1,2,6,7,3,N,NULL,N,N,2144,2216,2216,N,NULL,44,,,N,,N,N,098-CR-1526-0,NULL,NULL,2023,O,7.29E+11,098-CR-1526  -000,HIGH,098-CR-1526  -000,1.002,0,0,0,0,0,0,0,0,0,0,0,1,0,0
7460,72995234,980100,2.02E+11,20231231,1711,,US23,,,US0023,US0023,0,098 US-23,US0023,N,N,NULL,NULL,NULL,N,NULL,NULL,NULL,NULL,NULL,NULL,,NULL,NULL,NULL,NULL,NULL,NULL,0,0,1,1,N,N,55,NULL,98,9801,NULL,,Y,37.44999,-82.50951,N,NULL,NULL,NULL,NULL,NULL,NULL,NULL,NULL,9,3,4,3,1,5,3,3,7,3,N,NULL,Y,N,1711,1717,1743,N,NULL,70,,1,N,,N,N,098-US-0023-0,NULL,NULL,2023,O,7.30E+11,098-US-0023  -000,HIGH,098-US-0023  -000,19.788,0,0,0,0,0,0,0,0,0,0,0,0,0,1
7461,72978307,980100,2.02E+11,20231121,1218,,HAMBLEY,,BLVD,,,,,,Y,N,NULL,NULL,NULL,N,NULL,NULL,NULL,NULL,NULL,NULL,1.144,NULL,NULL,NULL,NULL,,NULL,0,0,2,2,N,N,35,NULL,98,9801,NULL,,Y,37.48523,-82.52419,N,NULL,NULL,NULL,NULL,NULL,NULL,NULL,NULL,2,97,2,6,1,5,3,2,1,3,N,NULL,Y,N,1218,1230,,N,NULL,90,,,Y,,N,N,,NULL,NULL,2023,O,7.30E+11,098-CS-1222  -000,HIGH,098-CS-1222  -000,1.142,0,0,0,1,0,0,1,0,0,0,0,0,0,1
7462,72818099,980100,2.02E+11,20221015,1613,,THOMPSON,,RD,,,0,098 CS-1215,CS1215,Y,N,NULL,NULL,NULL,N,NULL,NULL,NULL,NULL,NULL,NULL,0.536,NULL,NULL,NULL,NULL,,NULL,0,0,2,2,N,N,15,NULL,98,9801,NULL,,Y,37.50587,-82.54305,N,NULL,NULL,NULL,NULL,NULL,NULL,NULL,NULL,2,97,,6,1,1,2,2,1,3,N,NULL,Y,N,1613,1620,1638,N,NULL,90,,,Y,,N,N,098-CS-1215-0,NULL,NULL,2022,O,7.28E+11,098-CS-1215  -000,HIGH,098-CS-1215  -000,0.536,0,0,0,1,0,0,1,0,0,0,0,0,0,1
7463,72946693,980100,2.02E+11,20230914,1820,,US23,,,US0023,US0023,0,098 US-23,US0023,N,N,NULL,NULL,NULL,N,NULL,NULL,NULL,NULL,NULL,NULL,27.225,NULL,NULL,NULL,NULL,,NULL,0,0,2,2,N,N,45,NULL,98,9801,NULL,,Y,37.5105,-82.54575,N,NULL,NULL,NULL,NULL,NULL,NULL,NULL,NULL,8,3,4,6,1,1,2,2,7,3,N,NULL,Y,N,1820,1833,1841,N,NULL,53,,1,N,,N,N,098-US-0023-0,NULL,NULL,2023,O,7.29E+11,098-US-0023  -000,HIGH,098-US-0023  -000,27.204,0,0,0,1,0,0,1,0,0,0,0,1,0,1
7464,72827239,KSP0900,22-411089,20221025,1320,,KY1426,,,KY1426,KY1426,0,098 KY-1426,KY1426,N,N,NULL,NULL,NULL,N,NULL,NULL,NULL,NULL,NULL,NULL,13.012,NULL,NULL,NULL,NULL,,NULL,1,0,2,2,N,N,45,NULL,98,9828,NULL,,Y,37.54687,-82.46167,N,NULL,NULL,NULL,NULL,NULL,NULL,NULL,NULL,5,3,2,6,1,1,3,2,7,3,Y,NULL,Y,N,1323,1343,1430,N,NULL,49,7,0,N,,N,N,098-KY-1426-0,NULL,NULL,2022,C,7.28E+11,098-KY-1426  -000,HIGH,098-KY-1426  -000,13.012,0,0,1,0,0,0,1,0,0,0,0,0,0,0
7465,72967894,980100,2.02E+11,20231031,1015,,CASSIDY,,BLVD,,,,,,Y,N,NULL,NULL,NULL,N,NULL,NULL,NULL,NULL,NULL,NULL,0.273,NULL,NULL,NULL,NULL,,NULL,0,0,2,2,N,N,,NULL,98,9801,NULL,,Y,37.50478,-82.53632,N,NULL,NULL,NULL,NULL,NULL,NULL,NULL,NULL,2,97,1,6,1,1,2,2,1,3,N,NULL,Y,N,1015,1020,,N,NULL,90,,,N,,N,N,,NULL,NULL,2023,O,7.30E+11,098-CS-1191  -000,MEDIUM,098-CS-1191  -000,0.259,0,0,0,1,0,0,1,0,0,0,0,0,0,1
7466,72880239,KSP0900,23-114187,20230325,2202,,SLEEPY,,HOLW,,,0,098 CR-1293,CR1293,N,N,NULL,NULL,NULL,N,NULL,NULL,NULL,NULL,NULL,NULL,0.009,NULL,NULL,NULL,NULL,,NULL,1,0,1,1,N,N,45,NULL,98,9801,NULL,,Y,37.43355,-82.57111,N,NULL,NULL,NULL,NULL,NULL,NULL,NULL,NULL,9,3,1,6,1,1,2,4,7,3,Y,NULL,Y,Y,2205,2213,,N,NULL,44,,,N,,N,N,098-CR-1293-0,NULL,NULL,2023,B,7.29E+11,098-CR-1293  -000,HIGH,098-CR-1293  -000,0.007,0,0,0,0,0,0,0,0,0,0,0,1,0,0
7467,72818429,KSP0900,22-399579,20221016,1849,,US460,,,US0460,US0460,0,098 US-460,US0460,N,N,NULL,NULL,NULL,N,NULL,NULL,NULL,NULL,NULL,NULL,4.99,NULL,NULL,NULL,NULL,,NULL,5,0,3,3,N,N,55,NULL,98,9824,NULL,,Y,37.41125,-82.44954,N,NULL,NULL,NULL,NULL,NULL,NULL,NULL,NULL,7,3,2,6,1,5,6,6,7,3,N,NULL,Y,Y,1849,1851,2113,N,NULL,54,,1,N,,Y,N,098-US-0460-0,NULL,NULL,2022,A,7.28E+11,098-US-0460  -000,HIGH,098-US-0460  -000,4.99,0,0,1,1,0,0,0,0,0,0,0,1,0,0
7468,72832452,KSP0900,22-438937,20221115,1230,,COLLINS,,HWY,KY0122,KY0122,0,098 KY-122,KY0122,N,N,NULL,NULL,NULL,N,NULL,NULL,NULL,NULL,NULL,NULL,12.977,NULL,NULL,NULL,NULL,,NULL,0,0,1,1,N,N,40,NULL,98,9824,NULL,,Y,37.40499,-82.51723,N,NULL,NULL,NULL,NULL,NULL,NULL,NULL,NULL,9,3,2,3,1,5,6,2,2,3,N,NULL,Y,N,1234,1300,1315,N,NULL,70,,0,N,,N,N,098-KY-0122-0,NULL,NULL,2022,O,7.28E+11,098-KY-0122  -000,HIGH,098-KY-0122  -000,12.977,0,0,0,0,0,0,0,0,0,0,0,1,0,0
7469,72801888,980100,2.02E+11,20220829,1719,,US23,,,US0023,US0023,,,,N,Y,KEYSER HEIGHTS,,DR,N,NULL,NULL,NULL,NULL,NULL,NULL,25.418,NULL,NULL,NULL,NULL,,NULL,0,0,2,2,N,Y,45,NULL,98,9801,NULL,,Y,37.49225,-82.53463,N,NULL,NULL,NULL,NULL,NULL,NULL,NULL,NULL,1,3,4,6,1,1,2,2,7,3,N,NULL,Y,N,1719,1721,,N,NULL,10,,1,N,,N,N,,NULL,NULL,2022,O,7.28E+11,098-US-0023  -000,MEDIUM,098-US-0023  -000,25.418,0,0,0,0,0,0,0,0,0,0,1,0,0,1
7470,72820359,980100,2.02E+11,20221024,1651,,TOWN MOUNTAIN,,RD,KY1426,KY1426,0,098 KY-1426,KY1426,N,N,NULL,NULL,NULL,N,NULL,NULL,NULL,NULL,NULL,NULL,8.654,NULL,NULL,NULL,NULL,,NULL,0,0,2,2,N,N,55,NULL,98,9801,NULL,,Y,37.50051,-82.4902,N,NULL,NULL,NULL,NULL,NULL,NULL,NULL,NULL,3,4,2,5,1,1,2,2,1,3,N,NULL,Y,Y,1651,1654,1707,Y,NULL,40,,0,N,,N,Y,098-KY-1426-0,NULL,NULL,2022,O,7.28E+11,098-KY-1426  -000,HIGH,098-KY-1426  -000,8.654,0,1,0,1,0,0,0,0,0,0,0,1,0,1
7471,72735532,KSP0900,22-73228,20220228,800,,KY292,,,KY0292,KY0292,0,098 KY-292,KY0292,N,N,NULL,NULL,NULL,N,NULL,NULL,NULL,NULL,NULL,NULL,4.879,NULL,NULL,NULL,NULL,,NULL,0,0,1,1,N,N,45,NULL,98,9869,NULL,,Y,37.66225,-82.2707,N,NULL,NULL,NULL,NULL,NULL,NULL,NULL,NULL,9,3,2,6,1,2,2,2,7,3,N,NULL,Y,N,800,830,800,Y,NULL,40,8,0,N,,N,N,098-KY-0292-0,NULL,NULL,2022,O,7.27E+11,098-KY-0292  -000,HIGH,098-KY-0292  -000,4.879,0,0,0,0,0,0,0,0,0,0,0,1,0,0
7472,72792763,980100,2.02E+11,20220803,623,,US119,,,US0119,US0119,0,098 US-119-10,US0119,N,N,NULL,NULL,NULL,N,NULL,NULL,NULL,NULL,NULL,NULL,3.408,NULL,NULL,NULL,NULL,,NULL,1,0,3,3,N,N,55,NULL,98,9801,NULL,,Y,37.51406,-82.47437,N,NULL,NULL,NULL,NULL,NULL,NULL,NULL,NULL,1,3,4,4,1,1,2,2,7,3,Y,NULL,Y,Y,632,634,1135,N,NULL,55,2,1,N,,N,N,098-US-0119-10,NULL,NULL,2022,A,7.28E+11,098-US-0119  -010,HIGH,098-US-0119  -000,3.408,0,1,0,0,0,0,1,0,0,0,0,0,0,0
7473,72915844,KSP0900,23-224108,20230612,2050,,US460,,,US0460,US0460,0,098 US-460,US0460,N,N,NULL,NULL,NULL,N,NULL,NULL,NULL,NULL,NULL,NULL,5.779,NULL,NULL,NULL,NULL,,NULL,1,2,2,2,N,N,55,NULL,98,9824,NULL,,Y,37.40606,-82.43743,N,NULL,NULL,NULL,NULL,NULL,NULL,NULL,NULL,3,3,2,3,1,1,2,6,7,3,N,NULL,Y,Y,2113,2224,57,N,NULL,52,,1,N,,N,N,098-US-0460-0,NULL,NULL,2023,K,7.29E+11,098-US-0460  -000,HIGH,098-US-0460  -000,5.778,0,0,0,0,0,0,0,1,1,1,0,1,0,0
7474,72875846,KSP0900,23-100213,20230315,1830,,US119,,,US0119,US0119,0,098 US-119,US0119,N,N,NULL,NULL,NULL,N,NULL,NULL,NULL,NULL,NULL,NULL,24.759,NULL,NULL,NULL,NULL,,NULL,0,0,2,2,N,N,55,NULL,98,9834,NULL,,Y,37.66549,-82.27442,N,NULL,NULL,NULL,NULL,NULL,NULL,NULL,NULL,8,3,4,6,1,1,2,2,7,3,N,NULL,N,N,1830,1833,1833,N,NULL,53,2,1,N,,N,N,098-US-0119-0,NULL,NULL,2023,O,7.29E+11,098-US-0119  -000,HIGH,098-US-0119  -000,24.759,0,0,0,0,0,0,1,0,0,0,0,1,0,0
7475,72886222,KSP0900,23-139411,20230412,2049,,GREASY,,CRK,KY3226,KY3226,0,098 KY-3226,KY3226,N,N,NULL,NULL,NULL,N,NULL,NULL,NULL,NULL,NULL,NULL,1.331,NULL,NULL,NULL,NULL,,NULL,0,0,2,2,Y,N,55,NULL,98,9824,NULL,,Y,37.39593,-82.46642,N,NULL,NULL,NULL,NULL,NULL,NULL,NULL,NULL,8,3,2,6,1,1,2,6,7,3,N,NULL,Y,N,2049,2108,2108,N,NULL,53,8,0,N,,N,N,098-KY-3226-0,NULL,NULL,2023,O,7.29E+11,098-KY-3226  -000,HIGH,098-KY-3226  -000,1.353,0,0,0,0,0,0,0,0,0,0,0,1,0,0
7476,72860108,980100,2.02E+11,20230130,809,,HAMBLEY,,BLVD,,,0,098 CS-1222,CS1222,N,N,NULL,NULL,NULL,N,NULL,NULL,NULL,NULL,NULL,NULL,1.64,NULL,NULL,NULL,NULL,,NULL,0,0,1,1,N,N,35,NULL,98,9801,NULL,,Y,37.48227,-82.53239,N,NULL,NULL,NULL,NULL,NULL,NULL,NULL,NULL,9,3,2,6,1,5,6,2,7,3,N,NULL,Y,N,809,813,849,N,NULL,38,,,N,,N,N,098-CS-1222-0,NULL,NULL,2023,O,7.29E+11,098-CS-1222  -000,HIGH,098-CS-1222  -000,1.651,0,0,0,1,0,0,0,0,0,0,0,0,0,1
7477,72974514,KSP0900,23-461357,20231117,742,,US119,N,,US0119,US0119,0,098 US-119-10,US0119,N,N,NULL,NULL,NULL,N,NULL,NULL,NULL,NULL,NULL,NULL,14.079,NULL,NULL,NULL,NULL,,NULL,0,0,1,1,N,N,55,NULL,98,9833,NULL,,Y,37.61792,-82.35169,N,NULL,NULL,NULL,NULL,NULL,NULL,NULL,NULL,9,3,4,6,1,1,3,2,7,3,N,NULL,Y,Y,743,755,755,N,NULL,38,2,1,N,,N,N,098-US-0119-10,NULL,NULL,2023,O,7.30E+11,098-US-0119  -010,HIGH,098-US-0119  -000,14.087,0,0,0,0,0,0,0,0,0,0,0,0,0,0
7478,72821125,KSP0900,22-412002,20221026,630,,KY1499,,,KY1499,KY1499,0,098 KY-1499,KY1499,N,N,NULL,NULL,NULL,N,NULL,NULL,NULL,NULL,NULL,NULL,2.13,NULL,NULL,NULL,NULL,,NULL,2,0,2,2,N,N,55,NULL,98,9839,NULL,,Y,37.40398,-82.24764,N,NULL,NULL,NULL,NULL,NULL,NULL,NULL,NULL,3,3,2,3,1,5,10,6,7,3,Y,NULL,N,Y,630,717,845,N,NULL,52,7,0,N,,N,N,098-KY-1499-0,NULL,NULL,2022,B,7.28E+11,098-KY-1499  -000,HIGH,098-KY-1499  -000,2.13,0,0,0,0,0,0,0,0,0,0,0,1,0,0
7479,72852667,KSP0900,23-11076,20230109,1305,,SOOKEYS,W,CRK,,,0,098 CR-1282,CR1282,N,N,NULL,NULL,NULL,N,NULL,NULL,NULL,NULL,NULL,NULL,0.405,NULL,NULL,NULL,NULL,,NULL,0,0,2,2,Y,N,35,NULL,98,9801,NULL,,Y,37.39762,-82.53304,N,NULL,NULL,NULL,NULL,NULL,NULL,NULL,NULL,7,3,,6,3,1,2,2,6,3,N,NULL,N,N,1305,1311,1311,N,NULL,54,,,N,,N,N,098-CR-1282-0,NULL,NULL,2023,O,7.29E+11,098-CR-1282  -000,HIGH,098-CR-1282  -000,0.438,0,0,0,1,0,0,0,1,0,0,0,1,0,0
7480,72929336,KSP0900,23-335312,20230723,2100,,US119,N,,US0119,US0119,0,098 US-119,US0119,N,N,NULL,NULL,NULL,N,NULL,NULL,NULL,NULL,NULL,NULL,23.497,NULL,NULL,NULL,NULL,,NULL,0,0,2,2,N,N,45,NULL,98,9812,NULL,,Y,37.6484,-82.26773,N,NULL,NULL,NULL,NULL,NULL,NULL,NULL,NULL,5,3,2,6,1,1,2,7,8,3,N,NULL,N,N,2109,2130,2140,N,NULL,70,2,1,N,,N,N,098-US-0119-0,NULL,NULL,2023,O,7.29E+11,098-US-0119  -000,HIGH,098-US-0119  -000,23.476,0,0,0,0,0,0,1,0,0,0,0,0,0,0
7481,72960320,980100,2.02E+11,20231017,1352,,HAMBLEY,,BLVD,,,0,098 CS-1222,CS1222,Y,N,NULL,NULL,NULL,N,NULL,NULL,NULL,NULL,NULL,NULL,0.649,NULL,NULL,NULL,NULL,,NULL,0,0,2,2,N,N,15,NULL,98,9801,NULL,,Y,37.48032,-82.51911,N,NULL,NULL,NULL,NULL,NULL,NULL,NULL,NULL,3,97,,4,1,1,3,2,6,3,N,NULL,Y,N,1352,1356,1512,N,NULL,90,,,N,,N,N,098-CS-1222-0,NULL,NULL,2023,O,7.30E+11,098-CS-1222  -000,HIGH,098-CS-1222  -000,0.648,0,0,0,0,0,0,0,0,0,0,0,0,0,1
7482,72981342,KSP0900,23-479396,20231204,137,,US460,,,US0460,US0460,0,098 US-460,US0460,N,N,NULL,NULL,NULL,N,NULL,NULL,NULL,NULL,NULL,NULL,7.7,NULL,NULL,NULL,NULL,,NULL,0,0,1,1,N,N,45,NULL,98,9832,NULL,,Y,37.38224,-82.43618,N,NULL,NULL,NULL,NULL,NULL,NULL,NULL,NULL,9,3,2,6,1,1,2,6,7,3,N,NULL,N,N,140,154,230,N,NULL,40,,1,N,,N,N,098-US-0460-0,NULL,NULL,2023,O,7.30E+11,098-US-0460  -000,HIGH,098-US-0460  -000,7.681,0,0,0,1,0,0,0,0,0,0,0,1,0,0
7483,72950869,980500,2023AR046,20230919,2300,,US23,,,US0023,US0023,0,098 US-23,US0023,N,N,NULL,NULL,NULL,N,NULL,NULL,NULL,NULL,NULL,NULL,29.487,NULL,NULL,NULL,NULL,,NULL,0,0,2,2,N,N,45,NULL,98,9807,NULL,,Y,37.52931,-82.57582,N,NULL,NULL,NULL,NULL,NULL,NULL,NULL,NULL,2,3,6,6,1,1,2,6,1,3,N,NULL,Y,Y,2300,2305,,N,NULL,56,,1,Y,,N,N,098-US-0023-0,NULL,NULL,2023,O,7.30E+11,098-US-0023  -000,HIGH,098-US-0023  -000,29.414,0,0,1,0,0,0,1,0,0,0,0,0,0,0
7484,72920383,980100,2.02E+11,20230621,1413,,US23,,,US0023,US0023,0,098 US-23,US0023,N,N,NULL,NULL,NULL,N,NULL,NULL,NULL,NULL,NULL,NULL,19.423,NULL,NULL,NULL,NULL,,NULL,0,0,2,2,N,N,55,NULL,98,9801,NULL,,Y,37.44635,-82.50477,N,NULL,NULL,NULL,NULL,NULL,NULL,NULL,NULL,2,97,4,6,1,1,2,2,1,3,N,NULL,Y,N,1417,1417,,N,NULL,47,,1,N,,N,N,098-US-0023-0,NULL,NULL,2023,O,7.29E+11,098-US-0023  -000,HIGH,098-US-0023  -000,19.367,0,0,0,0,0,0,1,0,0,0,0,0,0,1
7485,72987333,980100,2.02E+11,20231213,1539,,US23,,,US0023,US0023,0,098 US-23-10,US0023,N,N,NULL,NULL,NULL,N,NULL,NULL,NULL,NULL,NULL,NULL,22.291,NULL,NULL,NULL,NULL,,NULL,0,0,2,2,N,N,55,NULL,98,9801,NULL,,Y,37.46135,-82.51697,N,NULL,NULL,NULL,NULL,NULL,NULL,NULL,NULL,1,3,4,6,1,1,3,2,7,3,N,NULL,Y,N,1540,1542,1603,N,NULL,55,,1,N,,N,N,098-US-0023-10,NULL,NULL,2023,O,7.30E+11,098-US-0023  -010,HIGH,098-US-0023  -000,22.224,0,0,0,1,0,0,1,1,0,0,0,0,0,1
7486,72829697,370200,2022431540,20221109,1523,,US119,,,US0119,US0119,0,098 US-119-10,US0119,N,N,NULL,NULL,NULL,N,NULL,NULL,NULL,NULL,NULL,NULL,1.988,NULL,NULL,NULL,NULL,,NULL,0,0,2,2,Y,N,55,NULL,98,9801,NULL,,Y,37.51249,-82.49988,N,NULL,NULL,NULL,NULL,NULL,NULL,NULL,NULL,8,3,2,4,1,1,2,2,8,3,N,NULL,Y,N,1528,1530,1530,N,NULL,53,2,1,N,,N,N,098-US-0119-10,NULL,NULL,2022,O,7.28E+11,098-US-0119  -010,HIGH,098-US-0119  -000,1.988,0,0,0,0,0,0,0,0,0,0,0,1,0,1
7487,72864524,KSP0900,23-48068,20230207,1018,,MILLARD,,HWY,US0460,US0460,,,,N,N,NULL,NULL,NULL,N,NULL,NULL,NULL,NULL,NULL,NULL,7.847,NULL,NULL,NULL,NULL,,NULL,0,0,3,3,N,N,45,NULL,98,9832,NULL,,Y,37.38023,-82.43445,N,NULL,NULL,NULL,NULL,NULL,NULL,NULL,NULL,5,3,2,5,1,1,2,2,7,3,N,NULL,Y,N,1018,1028,1045,N,NULL,70,,1,N,,N,N,,NULL,NULL,2023,O,7.29E+11,098-US-0460  -000,HIGH,098-US-0460  -000,7.848,0,0,0,1,0,0,1,0,0,0,0,0,0,0
7488,72972165,980100,2.02E+11,20231107,1530,,COLLEGE,S,ST,,,,,,N,N,NULL,NULL,NULL,N,NULL,NULL,NULL,NULL,NULL,NULL,,NULL,NULL,NULL,NULL,NULL,NULL,0,0,2,2,Y,N,15,NULL,98,9801,NULL,,Y,37.47598,-82.52306,N,NULL,NULL,NULL,NULL,NULL,NULL,NULL,NULL,8,3,1,6,2,1,2,2,6,3,N,NULL,Y,N,1530,1530,,N,NULL,47,,,N,,N,N,,NULL,NULL,2023,O,7.30E+11,098-CS-1152  -000,MEDIUM,098-CS-1152  -000,0.031,0,0,0,0,0,0,0,0,0,0,0,0,0,1
7489,72920772,980100,2.02E+11,20230710,842,,HAMBLEY,,BLVD,,,0,098 CS-1222,CS1222,Y,N,NULL,NULL,NULL,N,NULL,NULL,NULL,NULL,NULL,NULL,0.107,NULL,NULL,NULL,NULL,,NULL,0,0,2,2,N,N,,NULL,98,9801,NULL,,Y,37.47482,-82.52488,N,NULL,NULL,NULL,NULL,NULL,NULL,NULL,NULL,2,97,1,6,2,1,2,2,1,3,N,NULL,Y,N,842,846,846,N,NULL,90,,,N,,N,N,098-CS-1222-0,NULL,NULL,2023,O,7.29E+11,098-CS-1222  -000,HIGH,098-CS-1222  -000,0.145,0,0,0,0,0,0,1,0,0,0,0,0,0,1
7490,72849681,KSP0900,23-1540,20230102,1028,,ISLAND CREEK,,RD,KY1426,KY1426,0,098 KY-1426,KY1426,N,N,NULL,NULL,NULL,N,NULL,NULL,NULL,NULL,NULL,NULL,1.778,NULL,NULL,NULL,NULL,,NULL,0,0,1,1,N,N,35,NULL,98,9801,NULL,,Y,37.46045,-82.56326,N,NULL,NULL,NULL,NULL,NULL,NULL,NULL,NULL,9,5,2,3,1,5,2,2,6,3,N,NULL,Y,N,1030,1050,1130,N,NULL,44,8,0,N,,N,N,098-KY-1426-0,NULL,NULL,2023,O,7.28E+11,098-KY-1426  -000,HIGH,098-KY-1426  -000,1.782,0,0,0,0,0,0,1,0,0,0,0,1,0,0
7491,72759520,KSP0900,22-168598,20220507,1624,,US23,,,US0023,US0023,0,098 US-23,US0023,N,N,NULL,NULL,NULL,N,NULL,NULL,NULL,NULL,NULL,NULL,26.039,NULL,NULL,NULL,NULL,,NULL,0,0,3,3,N,N,55,NULL,98,9801,NULL,,Y,37.50019,-82.53161,N,NULL,NULL,NULL,NULL,NULL,NULL,NULL,NULL,5,3,4,6,1,5,6,2,7,3,N,NULL,Y,N,1624,1624,1624,N,NULL,70,,1,N,,N,N,098-US-0023-0,NULL,NULL,2022,O,7.28E+11,098-US-0023  -000,HIGH,098-US-0023  -000,26.039,0,0,0,1,0,0,1,0,0,0,0,0,0,1