OBJECTID,MasterFile,AgencyORINumber,LocalCode,CollisionDate,CollisionTime,CollisionDayWeekCode,RoadwayName,RoadwayName_Direction_,RoadwayName_RoadwaySuffix_,RoadwayfromReport,CurrentRoadwayNumber,RoadwayNumberCoupletID,RSEUniqueGIS,RoadwayIdentifier,ParkingLotIndicator,IntersectionWith_Indicator_,IntersectionWith_NameRoadway_,IntersectionWith_Direction_,IntersectionWith_RoadwaySuffix_,BetweenStreets_Indicator_,BetweenStreets1_NameRoadway_,BetweenStreet1_Direction_,BetweenStreets1_RoadwaySuffix_,BetweenStreets2_NameRoadway_,BetweenStreets2_Direction_,BetweenStreets2_RoadwaySuffix_,Milepoint,ReportMilepointDeriveNumber,CurrentDerivedMiepointNumber,MilestoMilepoint,FeettoMilepoint,DirectionfromMilepoint_NSEW_,ValidMilepointIndicator,NumberInjured,NumberKilled,ofUnits,ofMotorVehicleUnits,Hit&RunIndicator,OneWayIndicator,SpeedLimitNumber,KilometersIndicator,CountyCode,CityCountyCode,MilesFromCity,DirectionFromCity_NSEW_,InCityLimitsIndicator,Latitude,Longitude,RampIndicator,RampFromIdentifier,RampFromDirCode,RampFromCoupletID,RSEUniqueGISRampFrom,RampToidentifier,RampToDirCode,RampToCoupletID,RSEUniqueGisRampTo,MannerofCollisionCode,LocationFirstEventCode,TotalLanes,RoadwayCharacterCode,RoadwaySurfaceCode,RoadwayConditionCode,WeatherCode,LightConditionCode,LandUseCode,SchoolBusRelatedCode,FirstAidSceneIndicator,CollDescPresentInd,InvestigationCompleteIndicator,PhotosTakenIndicator,TimeNotified,TimeArrived,TimeRoadwayOpened,PropertyDamageIndicator,DiagramPresentIndicator,DirectionalAnalysis,FunctionClassCode,NationalHwySysCode,EnforcementsIndicator,KARSCityCode,SecondaryCollisionIndicator,MedianCrossoverIndicator,RT_UNIQUE,MapIt,TimeLastLeft,YR,KABCO,MFNY,WorkingRID,RT_CONFIDENCE,KTC_RT,KTC_MP,Motorcyclist,Commercial Vehicle,Young Driver,Mature Driver,Pedestrian,Bicyclist,Distracted,Aggressive,Impaired,Unrestrained,Intersection,Roadway Departure,Median Cross-over,City Crash
7492,72837183,KSP0900,22-410452,20221024,2207,,KY194,,,KY0194,KY0194,0,098 KY-194,KY0194,N,N,NULL,NULL,NULL,N,NULL,NULL,NULL,NULL,NULL,NULL,70.73,NULL,NULL,NULL,NULL,,NULL,1,0,1,1,N,N,35,NULL,98,9825,NULL,,Y,37.48934,-82.05807,N,NULL,NULL,NULL,NULL,NULL,NULL,NULL,NULL,9,3,2,3,1,1,2,6,7,3,N,NULL,Y,Y,2207,2350,30,N,NULL,44,7,0,N,,N,N,098-KY-0194-0,NULL,NULL,2022,C,7.28E+11,098-KY-0194  -000,HIGH,098-KY-0194  -000,70.73,0,0,0,0,0,0,0,0,0,0,0,1,0,0
7493,72957733,KSP0900,23-419809,20231010,1434,,SHELBIANA,E,RD,US0460,US0460,,,,N,N,NULL,NULL,NULL,N,NULL,NULL,NULL,NULL,NULL,NULL,5.002,NULL,NULL,NULL,NULL,,NULL,1,0,2,2,N,N,45,NULL,98,9801,6,S,N,37.41105,-82.44958,N,NULL,NULL,NULL,NULL,NULL,NULL,NULL,NULL,5,3,2,6,1,1,2,2,6,3,Y,NULL,Y,Y,1434,1453,1455,N,NULL,70,,1,Y,,N,N,,NULL,NULL,2023,B,7.30E+11,098-US-0460  -000,HIGH,098-US-0460  -000,4.984,0,0,0,1,0,0,0,0,0,0,0,0,0,0
7494,72945755,980100,2.02E+11,20230912,1219,,KY3496,,,KY3496,KY3496,0,098 KY-3496,KY3496,Y,N,NULL,NULL,NULL,N,NULL,NULL,NULL,NULL,NULL,NULL,0.517,NULL,NULL,NULL,NULL,,NULL,0,0,2,2,N,N,15,NULL,98,9801,NULL,,Y,37.47041,-82.53392,N,NULL,NULL,NULL,NULL,NULL,NULL,NULL,NULL,8,97,2,6,1,1,3,2,1,3,N,NULL,Y,N,1219,1225,1230,N,NULL,90,16,0,N,,N,N,098-KY-3496-0,NULL,NULL,2023,O,7.29E+11,098-KY-3496  -000,HIGH,098-KY-3496  -000,0.517,0,0,0,0,0,0,1,0,0,0,0,0,0,1
7495,72872364,KSP0900,23-82936,20230303,1822,,KY194,E,,KY0194,KY0194,0,098 KY-194,KY0194,N,N,NULL,NULL,NULL,N,NULL,NULL,NULL,NULL,NULL,NULL,58.212,NULL,NULL,NULL,NULL,,NULL,1,0,2,2,N,N,35,NULL,98,9804,NULL,,Y,37.54615,-82.16522,N,NULL,NULL,NULL,NULL,NULL,NULL,NULL,NULL,7,3,2,2,1,5,6,6,7,3,N,NULL,Y,Y,1827,1854,0,N,NULL,54,7,0,N,,N,N,098-KY-0194-0,NULL,NULL,2023,B,7.29E+11,098-KY-0194  -000,HIGH,098-KY-0194  -000,58.21,0,0,0,0,0,0,0,0,0,0,0,1,0,0
7496,72941152,980500,2023AR040,20230901,1300,,US 23 SOUTH,,,,,,,,N,N,NULL,NULL,NULL,N,NULL,NULL,NULL,NULL,NULL,NULL,,NULL,NULL,NULL,NULL,NULL,NULL,0,0,2,2,N,N,45,NULL,98,9807,NULL,,Y,37.51177,-82.5522,N,NULL,NULL,NULL,NULL,NULL,NULL,NULL,NULL,5,3,6,6,1,1,2,2,7,3,N,NULL,Y,Y,1300,1300,1300,N,NULL,49,,,N,,N,N,,NULL,NULL,2023,O,7.29E+11,098-US-0023  -010,MEDIUM,098-US-0023  -000,27.573,0,0,0,1,0,0,0,1,0,1,0,0,0,0
7497,72842337,980100,2.02E+11,20221207,1719,,US23,,,US0023,US0023,,,,N,N,NULL,NULL,NULL,N,NULL,NULL,NULL,NULL,NULL,NULL,20.162,NULL,NULL,NULL,NULL,,NULL,0,0,1,1,N,N,55,NULL,98,9801,NULL,,Y,37.44775,-82.51426,N,NULL,NULL,NULL,NULL,NULL,NULL,NULL,NULL,9,3,4,6,1,5,3,3,2,3,N,NULL,Y,N,1720,1728,1757,N,NULL,70,,1,N,,N,N,,NULL,NULL,2022,O,7.28E+11,098-US-0023  -010,MEDIUM,098-US-0023  -000,20.162,0,0,0,0,0,0,0,0,0,0,0,0,0,1
7498,72945138,980100,2.02E+11,20230911,930,,LEE,,AVE,,,,,,Y,N,NULL,NULL,NULL,N,NULL,NULL,NULL,NULL,NULL,NULL,,NULL,NULL,NULL,NULL,NULL,NULL,0,0,2,2,N,N,15,NULL,98,9801,NULL,,Y,37.5028,-82.53495,N,NULL,NULL,NULL,NULL,NULL,NULL,NULL,NULL,2,97,,6,1,1,2,2,1,3,N,NULL,Y,N,930,940,,N,NULL,90,,,N,,N,N,,NULL,NULL,2023,O,7.29E+11,098-CS-1261  -000,MEDIUM,098-CS-1261  -000,0.024,0,0,0,0,0,0,1,0,0,0,0,0,0,1
7499,72949999,KSP0900,23-402071,20230923,1416,,ELKHORN,,CRK,KY0197,KY0197,0,098 KY-197,KY0197,N,N,NULL,NULL,NULL,N,NULL,NULL,NULL,NULL,NULL,NULL,7.819,NULL,NULL,NULL,NULL,,NULL,0,0,1,1,N,N,55,NULL,98,9864,NULL,,Y,37.2581,-82.45981,N,NULL,NULL,NULL,NULL,NULL,NULL,NULL,NULL,9,3,2,3,1,1,2,2,7,3,N,NULL,Y,N,1420,1629,1629,N,NULL,70,7,0,Y,,N,N,098-KY-0197-0,NULL,NULL,2023,O,7.30E+11,098-KY-0197  -000,HIGH,098-KY-0197  -000,7.824,0,0,0,0,0,0,0,0,0,0,0,0,0,0
7500,72768668,370200,2022-202532,20220531,859,,US23,,,US0023,US0023,0,098 US-23-10,US0023,N,N,NULL,NULL,NULL,N,NULL,NULL,NULL,NULL,NULL,NULL,10.719,NULL,NULL,NULL,NULL,,NULL,0,0,2,2,N,N,55,NULL,98,9827,NULL,,Y,37.34665,-82.54766,N,NULL,NULL,NULL,NULL,NULL,NULL,NULL,NULL,8,3,4,6,1,1,2,2,7,3,N,NULL,Y,N,859,908,908,N,NULL,53,,1,N,,N,Y,098-US-0023-10,NULL,NULL,2022,O,7.28E+11,098-US-0023  -010,HIGH,098-US-0023  -000,10.719,0,1,0,1,0,0,0,0,0,0,0,1,0,0
7501,72989383,KSP0900,23-500099,20231223,956,,ROAD CREEK,,RD,,,0,098 CR-1659,CR1659,N,N,NULL,NULL,NULL,N,NULL,NULL,NULL,NULL,NULL,NULL,0.244,NULL,NULL,NULL,NULL,,NULL,0,0,2,2,N,N,25,NULL,98,9805,NULL,,Y,37.3546,-82.38546,N,NULL,NULL,NULL,NULL,NULL,NULL,NULL,NULL,7,3,1,3,3,5,2,2,7,3,N,NULL,Y,Y,946,956,1000,N,NULL,54,,,N,,N,N,098-CR-1659-0,NULL,NULL,2023,O,7.30E+11,098-CR-1659  -000,HIGH,098-CR-1659  -000,0.242,0,0,0,0,0,0,0,0,0,0,0,1,0,0
7502,72833338,980500,2022AR056,20221123,1147,,US HWY 23,,,,,,,,N,N,NULL,NULL,NULL,N,NULL,NULL,NULL,NULL,NULL,NULL,,NULL,NULL,NULL,NULL,NULL,NULL,2,0,2,2,N,N,45,NULL,98,9807,NULL,,Y,37.52244,-82.57066,N,NULL,NULL,NULL,NULL,NULL,NULL,NULL,NULL,1,3,6,6,1,1,2,2,7,3,Y,NULL,Y,Y,1150,1150,1223,N,NULL,55,,,N,,N,N,,NULL,NULL,2022,C,7.28E+11,098-CS-3026  -030,MEDIUM,098-CS-3026  -030,0.007,0,0,0,0,0,0,0,0,0,0,0,0,0,0
7503,72966107,KSP0900,23-440888,20231030,1312,,KY195,,,KY0195,KY0195,0,098 KY-195,KY0195,N,N,NULL,NULL,NULL,N,NULL,NULL,NULL,NULL,NULL,NULL,10.792,NULL,NULL,NULL,NULL,,NULL,0,0,1,1,N,N,35,NULL,98,9830,NULL,,Y,37.35875,-82.41764,N,NULL,NULL,NULL,NULL,NULL,NULL,NULL,NULL,9,3,2,2,1,5,6,2,6,3,N,NULL,Y,N,1312,1329,1415,N,NULL,40,7,0,N,,N,Y,098-KY-0195-0,NULL,NULL,2023,O,7.30E+11,098-KY-0195  -000,HIGH,098-KY-0195  -000,10.804,0,0,0,0,0,0,0,0,0,0,0,1,0,0
7504,72978022,980100,2.02E+11,20231115,1552,,CASSIDY,,BLVD,,,,,,Y,N,NULL,NULL,NULL,N,NULL,NULL,NULL,NULL,NULL,NULL,0.277,NULL,NULL,NULL,NULL,,NULL,0,0,2,2,N,N,,NULL,98,9801,NULL,,Y,37.50481,-82.53638,N,NULL,NULL,NULL,NULL,NULL,NULL,NULL,NULL,2,97,,3,1,1,2,2,5,3,N,NULL,Y,N,1552,1629,1629,N,NULL,90,,,N,,N,N,,NULL,NULL,2023,O,7.30E+11,098-CS-1191  -000,MEDIUM,098-CS-1191  -000,0.263,0,0,0,0,0,0,1,0,0,0,0,0,0,1
7505,72966174,KSP0900,23-415868,20231006,1620,,KY194,,,KY0194,KY0194,0,098 KY-194,KY0194,N,N,NULL,NULL,NULL,N,NULL,NULL,NULL,NULL,NULL,NULL,18.375,NULL,NULL,NULL,NULL,,NULL,0,0,1,1,N,N,55,NULL,98,9801,NULL,,Y,37.55847,-82.42204,N,NULL,NULL,NULL,NULL,NULL,NULL,NULL,NULL,9,3,2,1,1,5,6,2,7,3,N,NULL,N,N,1620,1640,1730,N,NULL,40,6,5,N,,N,N,098-KY-0194-0,NULL,NULL,2023,O,7.30E+11,098-KY-0194  -000,HIGH,098-KY-0194  -000,18.393,0,0,0,0,0,0,0,0,0,0,0,1,0,0
7506,72972501,980100,2.02E+11,20231106,1017,,CASSIDY,,BLVD,,,0,098 CS-1191,CS1191,N,N,NULL,NULL,NULL,N,NULL,NULL,NULL,NULL,NULL,NULL,0.276,NULL,NULL,NULL,NULL,,NULL,0,0,2,2,N,N,15,NULL,98,9801,NULL,,Y,37.5048,-82.53637,N,NULL,NULL,NULL,NULL,NULL,NULL,NULL,NULL,5,97,2,3,1,1,2,2,1,3,N,NULL,Y,N,1018,1025,,N,NULL,49,,,N,,N,N,098-CS-1191-0,NULL,NULL,2023,O,7.30E+11,098-CS-1191  -000,HIGH,098-CS-1191  -000,0.262,0,0,1,0,0,0,1,0,0,0,0,0,0,1
7507,72955279,KSP0900,23-404532,20230925,1900,,BIG CREEK,E,RD,KY3220,KY3220,0,098 KY-3220,KY3220,N,N,NULL,NULL,NULL,N,NULL,NULL,NULL,NULL,NULL,NULL,1.172,NULL,NULL,NULL,NULL,,NULL,0,0,2,2,N,N,35,NULL,98,9833,NULL,,Y,37.61742,-82.35063,N,NULL,NULL,NULL,NULL,NULL,NULL,NULL,NULL,6,7,1,6,1,1,2,2,1,3,N,NULL,Y,N,1812,1855,1855,N,NULL,70,8,0,N,,N,N,098-KY-3220-0,NULL,NULL,2023,O,7.30E+11,098-KY-3220  -000,HIGH,098-KY-3220  -000,1.169,0,0,1,0,0,0,1,0,0,0,0,0,0,0
7508,72941141,KSP0900,23-377695,20230901,805,,US119,,,US0119,US0119,0,098 US-119-10,US0119,N,N,NULL,NULL,NULL,N,NULL,NULL,NULL,NULL,NULL,NULL,23.579,NULL,NULL,NULL,NULL,,NULL,0,0,2,2,N,N,45,NULL,98,9834,NULL,,Y,37.64984,-82.26782,N,NULL,NULL,NULL,NULL,NULL,NULL,NULL,NULL,1,3,2,6,1,1,2,2,7,3,N,NULL,N,N,805,833,833,N,NULL,55,2,1,N,,N,N,098-US-0119-10,NULL,NULL,2023,O,7.29E+11,098-US-0119  -010,HIGH,098-US-0119  -000,23.579,0,0,0,0,0,0,1,1,0,0,0,0,0,0
7509,72887350,KSP0900,2023-143498,20230415,1522,,KY195,,,KY0195,KY0195,,,,N,N,NULL,NULL,NULL,N,NULL,NULL,NULL,NULL,NULL,NULL,10.695,NULL,NULL,NULL,NULL,,NULL,0,0,1,1,N,Y,50,NULL,98,9830,NULL,,Y,37.3588,-82.42,N,NULL,NULL,NULL,NULL,NULL,NULL,NULL,NULL,9,97,1,2,1,1,2,2,7,3,N,NULL,N,N,1522,1537,1537,N,NULL,44,7,0,N,,N,N,,NULL,NULL,2023,O,7.29E+11,098-KY-0195  -000,HIGH,098-KY-0195  -000,10.671,0,0,0,0,0,0,1,0,0,0,0,1,0,0
7510,72900453,KSP0900,23-188221,20230518,1352,,BROWN,,LN,,,0,098 CR-1349,CR1349,Y,N,NULL,NULL,NULL,N,NULL,NULL,NULL,NULL,NULL,NULL,0.031,NULL,NULL,NULL,NULL,,NULL,1,0,1,1,N,N,5,NULL,98,9850,NULL,,Y,37.50263,-82.44539,N,NULL,NULL,NULL,NULL,NULL,NULL,NULL,NULL,9,97,1,5,1,8,2,2,7,3,Y,NULL,N,Y,1600,1615,1615,Y,NULL,90,,,N,,N,N,098-CR-1349-0,NULL,NULL,2023,B,7.29E+11,098-CR-1349  -000,HIGH,098-CR-1349  -000,0.031,0,0,0,1,0,0,1,0,0,1,0,1,0,0
7511,72991400,KSP0900,23-506099,20231229,1800,,KY319,,,KY0319,KY0319,0,098 KY-319,KY0319,N,N,NULL,NULL,NULL,N,NULL,NULL,NULL,NULL,NULL,NULL,5.489,NULL,NULL,NULL,NULL,,NULL,0,0,1,1,N,N,35,NULL,98,9842,NULL,,Y,37.62594,-82.2476,N,NULL,NULL,NULL,NULL,NULL,NULL,NULL,NULL,9,3,2,3,1,1,3,5,7,3,N,NULL,Y,Y,1801,1820,1820,N,NULL,38,7,0,N,,N,N,098-KY-0319-0,NULL,NULL,2023,O,7.30E+11,098-KY-0319  -000,HIGH,098-KY-0319  -000,5.499,0,0,0,0,0,0,0,0,0,0,0,0,0,0
7512,72890101,980100,2.02E+11,20230421,815,,HAMBLEY,,BLVD,,,0,098 CS-1222,CS1222,N,N,NULL,NULL,NULL,N,NULL,NULL,NULL,NULL,NULL,NULL,0.457,NULL,NULL,NULL,NULL,,NULL,0,0,2,2,N,N,25,NULL,98,9801,NULL,,Y,37.47793,-82.52084,N,NULL,NULL,NULL,NULL,NULL,NULL,NULL,NULL,8,3,3,6,1,1,2,2,1,3,N,NULL,Y,N,815,920,921,N,NULL,47,,,Y,,N,N,098-CS-1222-0,NULL,NULL,2023,O,7.29E+11,098-CS-1222  -000,HIGH,098-CS-1222  -000,0.458,0,0,0,0,0,0,0,0,0,0,0,0,0,1
7513,72819193,KSP0900,22-366594,20220921,1450,,CAMP CREEK,,RD,,,0,098 CR-1102,CR1102,N,N,NULL,NULL,NULL,N,NULL,NULL,NULL,NULL,NULL,NULL,0.396,NULL,NULL,NULL,NULL,,NULL,0,0,2,2,N,N,35,NULL,98,9825,NULL,,Y,37.47822,-82.07158,N,NULL,NULL,NULL,NULL,NULL,NULL,NULL,NULL,3,3,1,6,1,1,2,2,7,3,N,NULL,Y,N,1430,1435,1450,N,NULL,52,,,N,,N,N,098-CR-1102-0,NULL,NULL,2022,O,7.28E+11,098-CR-1102  -000,HIGH,098-CR-1102  -000,0.396,0,0,0,0,0,0,1,0,1,1,0,1,0,0
7514,72860455,KSP0900,23-39563,20230131,1648,,ELKHORN,,CRK,KY0197,KY0197,0,098 KY-197,KY0197,N,N,NULL,NULL,NULL,N,NULL,NULL,NULL,NULL,NULL,NULL,4.434,NULL,NULL,NULL,NULL,,NULL,0,0,1,1,N,N,55,NULL,98,9864,NULL,,Y,37.23978,-82.51229,N,NULL,NULL,NULL,NULL,NULL,NULL,NULL,NULL,9,3,2,6,1,5,5,2,7,3,N,NULL,Y,N,1648,1715,1800,N,NULL,44,7,0,N,,N,N,098-KY-0197-0,NULL,NULL,2023,O,7.29E+11,098-KY-0197  -000,HIGH,098-KY-0197  -000,4.436,0,0,0,0,0,0,1,0,0,0,0,1,0,0
7515,72966821,980100,2.02E+11,20231022,115,,US460,,,US0460,US0460,0,098 US-460,US0460,N,N,NULL,NULL,NULL,N,NULL,NULL,NULL,NULL,NULL,NULL,0.163,NULL,NULL,NULL,NULL,,NULL,2,0,1,1,N,N,55,NULL,98,9801,NULL,,Y,37.44005,-82.50894,N,NULL,NULL,NULL,NULL,NULL,NULL,NULL,NULL,9,3,2,3,1,1,3,5,7,3,Y,NULL,Y,N,115,127,,Y,NULL,70,,1,Y,,N,N,098-US-0460-0,NULL,NULL,2023,A,7.30E+11,098-US-0460  -000,HIGH,098-US-0460  -000,0.172,0,0,0,0,0,0,0,0,1,0,0,1,0,1
7516,72884275,980100,2.02E+11,20230407,1332,,CASSIDY,,BLVD,,,0,098 CS-1191,CS1191,Y,N,NULL,NULL,NULL,N,NULL,NULL,NULL,NULL,NULL,NULL,0.052,NULL,NULL,NULL,NULL,,NULL,0,0,2,2,N,N,,NULL,98,9801,NULL,,Y,37.5037,-82.533,N,NULL,NULL,NULL,NULL,NULL,NULL,NULL,NULL,1,97,1,6,1,5,6,2,1,3,N,NULL,Y,N,1332,1342,1343,N,NULL,90,,,N,,N,N,098-CS-1191-0,NULL,NULL,2023,O,7.29E+11,098-CS-1191  -000,HIGH,098-CS-1191  -000,0.048,0,0,0,1,0,0,1,0,0,0,0,0,0,1
7517,72808283,980100,2.02E+11,20220922,808,,BAILEY,,BLVD,,,,,,N,N,NULL,NULL,NULL,N,NULL,NULL,NULL,NULL,NULL,NULL,,NULL,NULL,NULL,NULL,,NULL,0,0,2,2,N,N,15,NULL,98,9801,NULL,,Y,37.47742,-82.5126,N,NULL,NULL,NULL,NULL,NULL,NULL,NULL,NULL,5,3,2,6,1,5,3,2,7,3,N,NULL,Y,N,808,811,811,N,NULL,49,,,N,,N,N,,NULL,NULL,2022,O,7.28E+11,098-CS-1262  -000,MEDIUM,098-CS-1262  -000,0.21,0,0,0,1,0,0,0,0,0,0,0,0,0,1
7518,72805432,KSP0900,22-349118,20220908,1625,,KY194,,,KY0194,KY0194,0,098 KY-194,KY0194,N,N,NULL,NULL,NULL,N,NULL,NULL,NULL,NULL,NULL,NULL,62.526,NULL,NULL,NULL,NULL,,NULL,1,0,2,2,N,N,35,NULL,98,9834,NULL,,Y,37.55177,-82.12099,N,NULL,NULL,NULL,NULL,NULL,NULL,NULL,NULL,5,3,2,6,1,1,2,2,7,3,Y,NULL,Y,N,1625,1630,1705,N,NULL,49,7,0,N,,N,N,098-KY-0194-0,NULL,NULL,2022,C,7.28E+11,098-KY-0194  -000,HIGH,098-KY-0194  -000,62.526,0,0,0,0,0,0,1,1,0,0,0,0,0,0
7519,72767007,KSP0900,22-198934,20220528,1941,,KY122,,,KY0122,KY0122,0,098 KY-122,KY0122,N,N,NULL,NULL,NULL,N,NULL,NULL,NULL,NULL,NULL,NULL,7.11,NULL,NULL,NULL,NULL,,NULL,0,0,1,1,N,N,45,NULL,98,9827,NULL,,Y,37.37315,-82.58347,N,NULL,NULL,NULL,NULL,NULL,NULL,NULL,NULL,9,3,2,3,1,1,2,2,7,3,N,NULL,Y,N,1942,1956,2031,N,NULL,70,,0,N,,N,N,098-KY-0122-0,NULL,NULL,2022,O,7.28E+11,098-KY-0122  -000,HIGH,098-KY-0122  -000,7.11,0,0,0,1,0,0,1,0,0,0,0,1,0,0
7520,72927604,KSP0900,23-340649,20230728,1626,,US23,,,US0023,US0023,,,,N,N,NULL,NULL,NULL,N,NULL,NULL,NULL,NULL,NULL,NULL,12.352,NULL,NULL,NULL,NULL,,NULL,3,0,2,2,N,N,55,NULL,98,9827,NULL,,Y,37.36651,-82.54944,N,NULL,NULL,NULL,NULL,NULL,NULL,NULL,NULL,7,3,4,6,1,1,2,2,7,3,Y,NULL,N,N,1626,1626,1800,N,NULL,54,,1,N,,N,Y,,NULL,NULL,2023,B,7.29E+11,098-US-0023  -000,MEDIUM,098-US-0023  -000,12.351,0,0,1,1,0,0,1,0,0,0,0,1,1,0
7521,72897797,980000,23-04-005,20230508,1820,,KY3154,,,KY3154,KY3154,0,098 KY-3154,KY3154,N,N,NULL,NULL,NULL,N,NULL,NULL,NULL,NULL,NULL,NULL,2.529,NULL,NULL,NULL,NULL,,NULL,0,0,1,1,N,N,35,NULL,98,9838,NULL,,Y,37.60633,-82.32954,N,NULL,NULL,NULL,NULL,NULL,NULL,NULL,NULL,9,6,1,3,1,1,3,2,7,3,N,NULL,Y,N,1836,1845,1845,Y,NULL,51,9,0,N,,N,N,098-KY-3154-0,NULL,NULL,2023,O,7.29E+11,098-KY-3154  -000,HIGH,098-KY-3154  -000,2.529,0,0,1,0,0,0,0,0,0,0,0,1,0,0
7522,72938026,980500,2023AR038,20230818,1900,,US23,,,US0023,US0023,0,098 US-23-10,US0023,N,Y,MAIN ST CONN,,,N,NULL,NULL,NULL,NULL,NULL,NULL,28.614,NULL,NULL,NULL,NULL,,NULL,1,0,2,2,N,N,45,NULL,98,9807,NULL,,Y,37.51979,-82.56736,N,NULL,NULL,NULL,NULL,NULL,NULL,NULL,NULL,1,3,4,6,1,1,2,2,1,3,Y,NULL,Y,Y,1900,1902,1945,N,NULL,10,,1,N,,N,N,098-US-0023-10,NULL,NULL,2023,B,7.29E+11,098-US-0023  -010,HIGH,098-US-0023  -000,28.605,0,0,1,0,0,0,0,1,0,1,1,0,0,0
7523,72957840,980100,2.02E+11,20230928,,,BYPASS,S,RD,KY1426,KY1426,,,,N,N,NULL,NULL,NULL,N,NULL,NULL,NULL,NULL,NULL,NULL,5.533,NULL,NULL,NULL,NULL,,NULL,0,0,2,2,Y,N,45,NULL,98,9801,NULL,,Y,37.47239,-82.52567,N,NULL,NULL,NULL,NULL,NULL,NULL,NULL,NULL,4,3,2,6,1,1,2,2,1,3,N,NULL,Y,N,1639,1644,1737,N,NULL,70,,0,N,,N,N,,NULL,NULL,2023,O,7.30E+11,098-KY-1426  -000,MEDIUM,098-KY-1426  -000,5.533,1,0,0,0,0,0,0,0,0,0,0,0,0,1
7524,72904048,980100,2.02E+11,20230527,2039,,THOMPSON,,RD,,,0,098 CS-1215,CS1215,N,N,NULL,NULL,NULL,N,NULL,NULL,NULL,NULL,NULL,NULL,0.739,NULL,NULL,NULL,NULL,,NULL,0,0,1,1,N,N,35,NULL,98,9801,NULL,,Y,37.50456,-82.53976,N,NULL,NULL,NULL,NULL,NULL,NULL,NULL,NULL,9,3,2,6,1,5,6,3,1,3,N,NULL,Y,N,2039,2058,,N,NULL,38,,,N,,N,N,098-CS-1215-0,NULL,NULL,2023,O,7.29E+11,098-CS-1215  -000,HIGH,098-CS-1215  -000,0.749,0,0,0,0,0,0,0,0,0,0,0,0,0,1
7525,72910352,980100,2.02E+11,20230608,1355,,TRIVETTE,,DR,,,0,098 CS-1114,CS1114,Y,N,NULL,NULL,NULL,N,NULL,NULL,NULL,NULL,NULL,NULL,0.055,NULL,NULL,NULL,NULL,,NULL,0,0,2,2,N,Y,,NULL,98,9801,NULL,,Y,37.48279,-82.51545,N,NULL,NULL,NULL,NULL,NULL,NULL,NULL,NULL,2,97,1,6,1,1,2,2,1,3,N,NULL,Y,N,1355,1359,1359,N,NULL,90,,,N,,N,N,098-CS-1114-0,NULL,NULL,2023,O,7.29E+11,098-CS-1114  -000,HIGH,098-CS-1114  -000,0.058,0,0,1,0,0,0,1,0,0,0,0,0,0,1
7526,72962207,KSP0900,23-425237,20231015,1610,,UPPER POMPEY,,RD,,,0,098 CR-1326,CR1326,N,N,NULL,NULL,NULL,N,NULL,NULL,NULL,NULL,NULL,NULL,0.215,NULL,NULL,NULL,NULL,,NULL,5,0,2,2,N,N,35,NULL,98,9850,NULL,,Y,37.46523,-82.40765,N,NULL,NULL,NULL,NULL,NULL,NULL,NULL,NULL,3,3,1,3,1,5,3,2,7,3,N,NULL,N,N,1610,1630,1720,N,NULL,52,,,N,,N,N,098-CR-1326-0,NULL,NULL,2023,B,7.30E+11,098-CR-1326  -000,HIGH,098-CR-1326  -000,0.244,0,0,0,0,0,0,1,0,0,0,0,1,0,0
7527,72902741,980100,2.02E+11,20230523,1340,,CASSIDY,,BLVD,,,0,098 CS-1191,CS1191,N,N,NULL,NULL,NULL,N,NULL,NULL,NULL,NULL,NULL,NULL,0.051,NULL,NULL,NULL,NULL,,NULL,0,0,2,2,N,N,15,NULL,98,9801,NULL,,Y,37.50368,-82.53298,N,NULL,NULL,NULL,NULL,NULL,NULL,NULL,NULL,1,3,2,6,1,1,2,2,1,3,N,NULL,Y,N,1340,1346,1347,N,NULL,55,,,N,,N,N,098-CS-1191-0,NULL,NULL,2023,O,7.29E+11,098-CS-1191  -000,HIGH,098-CS-1191  -000,0.048,0,0,0,1,0,0,0,0,0,0,0,0,0,1
7528,72807723,980100,2.02E+11,20220909,545,,US23,,,US0023,US0023,0,098 US-23-10,US0023,N,N,NULL,NULL,NULL,N,NULL,NULL,NULL,NULL,NULL,NULL,28.217,NULL,NULL,NULL,NULL,,NULL,0,0,2,2,N,N,55,NULL,98,9807,NULL,,Y,37.51649,-82.56171,N,NULL,NULL,NULL,NULL,NULL,NULL,NULL,NULL,8,3,4,6,1,1,2,7,7,3,N,NULL,Y,N,545,550,550,N,NULL,53,,1,N,,N,N,098-US-0023-10,NULL,NULL,2022,O,7.28E+11,098-US-0023  -010,HIGH,098-US-0023  -000,28.217,0,0,0,0,0,0,1,1,0,0,0,1,0,0
7529,72929990,980100,2.02E+11,20230803,2121,,HAMBLEY,,BLVD,,,,,,Y,N,NULL,NULL,NULL,N,NULL,NULL,NULL,NULL,NULL,NULL,0.647,NULL,NULL,NULL,NULL,,NULL,0,0,2,2,N,N,,NULL,98,9801,NULL,,Y,37.48029,-82.51912,N,NULL,NULL,NULL,NULL,NULL,NULL,NULL,NULL,7,97,2,5,1,1,2,3,6,3,N,NULL,N,N,2121,2123,2123,N,NULL,90,,,N,,N,N,,NULL,NULL,2023,O,7.29E+11,098-CS-1222  -000,MEDIUM,098-CS-1222  -000,0.646,0,0,0,0,0,0,1,0,0,0,0,1,0,1