OBJECTID,MasterFile,AgencyORINumber,LocalCode,CollisionDate,CollisionTime,CollisionDayWeekCode,RoadwayName,RoadwayName_Direction_,RoadwayName_RoadwaySuffix_,RoadwayfromReport,CurrentRoadwayNumber,RoadwayNumberCoupletID,RSEUniqueGIS,RoadwayIdentifier,ParkingLotIndicator,IntersectionWith_Indicator_,IntersectionWith_NameRoadway_,IntersectionWith_Direction_,IntersectionWith_RoadwaySuffix_,BetweenStreets_Indicator_,BetweenStreets1_NameRoadway_,BetweenStreet1_Direction_,BetweenStreets1_RoadwaySuffix_,BetweenStreets2_NameRoadway_,BetweenStreets2_Direction_,BetweenStreets2_RoadwaySuffix_,Milepoint,ReportMilepointDeriveNumber,CurrentDerivedMiepointNumber,MilestoMilepoint,FeettoMilepoint,DirectionfromMilepoint_NSEW_,ValidMilepointIndicator,NumberInjured,NumberKilled,ofUnits,ofMotorVehicleUnits,Hit&RunIndicator,OneWayIndicator,SpeedLimitNumber,KilometersIndicator,CountyCode,CityCountyCode,MilesFromCity,DirectionFromCity_NSEW_,InCityLimitsIndicator,Latitude,Longitude,RampIndicator,RampFromIdentifier,RampFromDirCode,RampFromCoupletID,RSEUniqueGISRampFrom,RampToidentifier,RampToDirCode,RampToCoupletID,RSEUniqueGisRampTo,MannerofCollisionCode,LocationFirstEventCode,TotalLanes,RoadwayCharacterCode,RoadwaySurfaceCode,RoadwayConditionCode,WeatherCode,LightConditionCode,LandUseCode,SchoolBusRelatedCode,FirstAidSceneIndicator,CollDescPresentInd,InvestigationCompleteIndicator,PhotosTakenIndicator,TimeNotified,TimeArrived,TimeRoadwayOpened,PropertyDamageIndicator,DiagramPresentIndicator,DirectionalAnalysis,FunctionClassCode,NationalHwySysCode,EnforcementsIndicator,KARSCityCode,SecondaryCollisionIndicator,MedianCrossoverIndicator,RT_UNIQUE,MapIt,TimeLastLeft,YR,KABCO,MFNY,WorkingRID,RT_CONFIDENCE,KTC_RT,KTC_MP,Motorcyclist,Commercial Vehicle,Young Driver,Mature Driver,Pedestrian,Bicyclist,Distracted,Aggressive,Impaired,Unrestrained,Intersection,Roadway Departure,Median Cross-over,City Crash
7530,72910917,KSP0900,23-224848,20230613,1336,,KY611,,,KY0611,KY0611,0,098 KY-611,KY0611,N,N,NULL,NULL,NULL,N,NULL,NULL,NULL,NULL,NULL,NULL,0.62,NULL,NULL,NULL,NULL,,NULL,0,0,2,2,N,N,35,NULL,98,9830,NULL,,Y,37.31942,-82.47472,N,NULL,NULL,NULL,NULL,NULL,NULL,NULL,NULL,2,3,2,3,1,1,2,2,6,3,N,NULL,N,N,1337,1400,1430,N,NULL,47,8,0,N,,N,N,098-KY-0611-0,NULL,NULL,2023,O,7.29E+11,098-KY-0611  -000,HIGH,098-KY-0611  -000,0.625,0,0,0,1,0,0,1,0,0,0,0,0,0,0
7531,72941633,980100,2.02E+11,20230902,2120,,US23,,,US0023,US0023,0,098 US-23-10,US0023,N,N,NULL,NULL,NULL,N,NULL,NULL,NULL,NULL,NULL,NULL,18.561,NULL,NULL,NULL,NULL,,NULL,1,0,3,3,Y,N,55,NULL,98,9801,NULL,,Y,37.43639,-82.5118,N,NULL,NULL,NULL,NULL,NULL,NULL,NULL,NULL,5,3,4,6,1,1,2,6,7,3,Y,NULL,N,Y,2120,2126,2218,N,NULL,47,,1,N,,N,N,098-US-0023-10,NULL,NULL,2023,C,7.29E+11,098-US-0023  -010,HIGH,098-US-0023  -000,18.549,0,0,1,0,0,0,1,0,0,0,0,1,0,1
7532,72954063,980000,23-09-005,20230930,2240,,COLLINS,,HWY,KY0122,KY0122,0,098 KY-122,KY0122,N,N,NULL,NULL,NULL,N,NULL,NULL,NULL,NULL,NULL,NULL,15.576,NULL,NULL,NULL,NULL,,NULL,0,0,1,1,N,N,45,NULL,98,9824,NULL,,Y,37.42149,-82.49934,N,NULL,NULL,NULL,NULL,NULL,NULL,NULL,NULL,9,97,2,4,1,1,2,4,6,3,N,NULL,Y,N,2240,2240,,N,NULL,70,,0,N,,N,N,098-KY-0122-0,NULL,NULL,2023,O,7.30E+11,098-KY-0122  -000,HIGH,098-KY-0122  -000,15.572,0,0,0,0,0,0,1,0,0,0,0,0,0,0
7533,72989735,KSP0900,23-499289,20231222,1520,,SHELBY DRY,,FRK,,,,,,N,N,NULL,NULL,NULL,N,NULL,NULL,NULL,NULL,NULL,NULL,0.221,NULL,NULL,NULL,NULL,,NULL,0,0,2,2,Y,N,35,NULL,98,9824,NULL,,Y,37.42054,-82.49128,N,NULL,NULL,NULL,NULL,NULL,NULL,NULL,NULL,7,3,1,6,1,1,2,2,7,3,N,NULL,Y,N,1520,1526,1558,N,NULL,54,,,N,,N,N,,NULL,NULL,2023,O,7.30E+11,098-CR-1257  -000,HIGH,098-CR-1257  -000,0.222,0,0,0,0,0,0,0,0,0,0,0,1,0,0
7534,72864525,KSP0900,23-55089,20230212,1213,,SHELBIANA,E,RD,US0460,US0460,,,,N,N,NULL,NULL,NULL,N,NULL,NULL,NULL,NULL,NULL,NULL,3.364,NULL,NULL,NULL,NULL,,NULL,0,0,1,1,N,N,45,NULL,98,9801,NULL,,Y,37.42516,-82.47124,N,NULL,NULL,NULL,NULL,NULL,NULL,NULL,NULL,9,3,2,6,1,5,6,2,7,3,N,NULL,Y,N,1213,1217,1217,N,NULL,44,,1,N,,N,N,,NULL,NULL,2023,O,7.29E+11,098-US-0460  -000,HIGH,098-US-0460  -000,3.361,0,0,0,0,0,0,0,0,0,0,0,1,0,0
7535,72873401,KSP0900,23-90772,20230308,1914,,US23,,,US0023,US0023,0,098 US-23-10,US0023,N,N,NULL,NULL,NULL,N,NULL,NULL,NULL,NULL,NULL,NULL,11.792,NULL,NULL,NULL,NULL,,NULL,2,0,2,2,N,N,55,NULL,98,9801,NULL,,Y,37.36023,-82.55505,N,NULL,NULL,NULL,NULL,NULL,NULL,NULL,NULL,4,3,4,6,1,1,2,6,7,3,N,NULL,Y,Y,1914,1916,2000,N,NULL,70,,1,N,,N,N,098-US-0023-10,NULL,NULL,2023,A,7.29E+11,098-US-0023  -010,HIGH,098-US-0023  -000,11.783,0,0,0,1,0,0,1,0,0,0,0,0,0,0
7536,72910351,980100,2.02E+11,20230609,1321,,CASSIDY,,BLVD,,,0,098 CS-1191,CS1191,Y,N,NULL,NULL,NULL,N,NULL,NULL,NULL,NULL,NULL,NULL,0.045,NULL,NULL,NULL,NULL,,NULL,0,0,2,2,N,N,,NULL,98,9801,NULL,,Y,37.5037,-82.5329,N,NULL,NULL,NULL,NULL,NULL,NULL,NULL,NULL,2,97,1,6,1,1,2,2,1,3,N,NULL,Y,N,1321,1332,1333,N,NULL,90,,,N,,N,N,098-CS-1191-0,NULL,NULL,2023,O,7.29E+11,098-CS-1191  -000,HIGH,098-CS-1191  -000,0.043,0,0,0,1,0,0,1,0,0,0,0,0,0,1
7537,72893963,KSP0900,23-166776,20230503,8,,FERRELLS CREEK,,RD,US0460,US0460,0,098 US-460,US0460,N,N,NULL,NULL,NULL,N,NULL,NULL,NULL,NULL,NULL,NULL,15.431,NULL,NULL,NULL,NULL,,NULL,0,0,1,1,N,N,55,NULL,98,9805,5,N,N,37.34767,-82.35706,N,NULL,NULL,NULL,NULL,NULL,NULL,NULL,NULL,9,3,2,6,1,1,2,6,7,3,N,NULL,Y,N,8,33,33,N,NULL,38,,1,N,,N,N,098-US-0460-0,NULL,NULL,2023,O,7.29E+11,098-US-0460  -000,HIGH,098-US-0460  -000,15.412,0,0,0,0,0,0,0,0,0,0,0,0,0,0
7538,72935079,980100,2.02E+11,20230817,817,,US23,,,US0023,US0023,,,,N,N,NULL,NULL,NULL,N,NULL,NULL,NULL,NULL,NULL,NULL,31.514,NULL,NULL,NULL,NULL,,NULL,0,0,1,1,N,N,55,NULL,98,9801,NULL,,Y,37.53662,-82.60005,N,NULL,NULL,NULL,NULL,NULL,NULL,NULL,NULL,9,3,4,6,1,1,10,2,1,3,N,NULL,Y,N,817,828,828,N,NULL,38,,1,N,,N,N,,NULL,NULL,2023,O,7.29E+11,098-US-0023  -000,MEDIUM,098-US-0023  -000,31.493,0,0,0,0,0,0,0,0,0,0,0,0,0,1
7539,72912083,KSP0900,23-227914,20230615,1716,,FERRELLS CREEK,,RD,US0460,US0460,0,098 US-460,US0460,N,N,NULL,NULL,NULL,N,NULL,NULL,NULL,NULL,NULL,NULL,22.532,NULL,NULL,NULL,NULL,,NULL,3,0,2,2,N,N,55,NULL,98,9847,NULL,,Y,37.38195,-82.25488,N,NULL,NULL,NULL,NULL,NULL,NULL,NULL,NULL,1,3,2,6,1,1,2,2,7,3,Y,NULL,Y,Y,1716,1800,1825,N,NULL,55,,1,N,,N,N,098-US-0460-0,NULL,NULL,2023,B,7.29E+11,098-US-0460  -000,HIGH,098-US-0460  -000,22.513,0,0,1,0,0,0,0,1,0,0,0,0,0,0
7540,72992212,980100,2.02E+11,20231223,1659,,CASSIDY,,BLVD,,,0,098 CS-1191,CS1191,N,N,NULL,NULL,NULL,N,NULL,NULL,NULL,NULL,NULL,NULL,0.181,NULL,NULL,NULL,NULL,,NULL,0,0,2,2,N,N,25,NULL,98,9801,NULL,,Y,37.50386,-82.53497,N,NULL,NULL,NULL,NULL,NULL,NULL,NULL,NULL,1,3,4,3,1,1,2,2,1,3,N,NULL,Y,N,1659,1707,1707,N,NULL,55,,,N,,N,N,098-CS-1191-0,NULL,NULL,2023,O,7.30E+11,098-CS-1191  -000,HIGH,098-CS-1191  -000,0.161,0,0,0,0,0,0,1,0,0,0,0,0,0,1
7541,72898069,KSP0900,23-181005,20230512,2111,,FOREST HILLS,,RD,KY0308,KY0308,0,098 KY-308,KY0308,N,N,NULL,NULL,NULL,N,NULL,NULL,NULL,NULL,NULL,NULL,2.658,NULL,NULL,NULL,NULL,,NULL,0,0,1,1,N,N,55,NULL,98,9836,NULL,,Y,37.64806,-82.26824,N,NULL,NULL,NULL,NULL,NULL,NULL,NULL,NULL,9,3,2,6,1,5,6,6,7,3,N,NULL,N,N,2311,2320,2345,N,NULL,70,8,0,N,,N,N,098-KY-0308-0,NULL,NULL,2023,O,7.29E+11,098-KY-0308  -000,HIGH,098-KY-0308  -000,2.653,0,0,0,0,0,0,0,0,0,0,0,1,0,0
7542,72970675,980200,980200,20231005,1935,,ELKHORN,,CRK,KY0197,KY0197,0,098 KY-197,KY0197,Y,N,NULL,NULL,NULL,N,NULL,NULL,NULL,NULL,NULL,NULL,15.551,NULL,NULL,NULL,NULL,,NULL,0,0,2,2,N,N,35,NULL,98,9802,NULL,,Y,37.29544,-82.3629,N,NULL,NULL,NULL,NULL,NULL,NULL,NULL,NULL,2,97,2,6,1,1,2,8,1,3,N,NULL,Y,Y,1941,1942,2000,N,NULL,90,7,0,N,,N,N,098-KY-0197-0,NULL,NULL,2023,O,7.30E+11,098-KY-0197  -000,HIGH,098-KY-0197  -000,15.622,0,0,0,0,0,0,1,0,0,0,0,0,0,0
7543,72900866,KSP0900,23-182740,20230514,919,,KY632,,,KY0632,KY0632,0,098 KY-632,KY0632,N,N,NULL,NULL,NULL,N,NULL,NULL,NULL,NULL,NULL,NULL,1.577,NULL,NULL,NULL,NULL,,NULL,0,0,1,1,N,N,55,NULL,98,9817,NULL,,Y,37.49681,-82.32626,N,NULL,NULL,NULL,NULL,NULL,NULL,NULL,NULL,9,3,2,6,1,1,2,2,7,3,N,NULL,Y,N,922,1033,922,N,NULL,38,6,0,N,,N,N,098-KY-0632-0,NULL,NULL,2023,O,7.29E+11,098-KY-0632  -000,HIGH,098-KY-0632  -000,1.59,0,0,0,0,0,0,0,0,0,0,0,0,0,0
7544,72772675,KSP0900,22-218297,20220610,2105,,KY1426,,,KY1426,KY1426,0,098 KY-1426,KY1426,N,Y,KY194,,,N,NULL,NULL,NULL,NULL,NULL,NULL,15.991,NULL,NULL,NULL,NULL,,NULL,1,0,1,1,N,N,55,NULL,98,9820,NULL,,Y,37.56451,-82.44209,N,NULL,NULL,NULL,NULL,NULL,NULL,NULL,NULL,9,3,2,6,1,5,6,6,7,3,Y,NULL,Y,Y,2105,2122,2122,N,NULL,5,7,0,N,,N,N,098-KY-1426-0,NULL,NULL,2022,A,7.28E+11,098-KY-1426  -000,HIGH,098-KY-1426  -000,15.991,0,0,0,0,0,0,0,1,1,0,1,0,0,0
7545,72894954,KSP0900,23-170056,20230505,1215,,US460,,,US0460,US0460,0,098 US-460,US0460,N,N,NULL,NULL,NULL,N,NULL,NULL,NULL,NULL,NULL,NULL,6.517,NULL,NULL,NULL,NULL,,NULL,0,0,1,1,Y,N,55,NULL,98,9832,NULL,,Y,37.39645,-82.43303,N,NULL,NULL,NULL,NULL,NULL,NULL,NULL,NULL,9,97,2,5,1,1,2,9,5,3,N,NULL,Y,N,1425,1429,1429,N,NULL,47,,1,N,,N,N,098-US-0460-0,NULL,NULL,2023,O,7.29E+11,098-US-0460  -000,HIGH,098-US-0460  -000,6.518,0,0,0,0,0,0,0,0,0,0,0,0,0,0
7546,72906858,KSP0900,23-210470,20230603,959,,US460,,,US0460,US0460,,,,N,N,NULL,NULL,NULL,N,NULL,NULL,NULL,NULL,NULL,NULL,2.773,NULL,NULL,NULL,NULL,,NULL,0,0,1,1,N,N,45,NULL,98,9824,NULL,,Y,37.43063,-82.47941,N,NULL,NULL,NULL,NULL,NULL,NULL,NULL,NULL,9,3,2,6,1,1,2,2,7,3,N,NULL,Y,N,959,1022,1040,N,NULL,40,,1,N,,N,N,,NULL,NULL,2023,O,7.29E+11,098-US-0460  -000,HIGH,098-US-0460  -000,2.773,0,0,0,0,0,0,0,0,0,0,0,1,0,0
7547,72979102,980100,2.02E+11,20231102,1311,,JULIUS,,AVE,,,0,098 CS-1156,CS1156,Y,N,NULL,NULL,NULL,N,NULL,NULL,NULL,NULL,NULL,NULL,0.117,NULL,NULL,NULL,NULL,,NULL,0,0,2,2,Y,N,,NULL,98,9801,NULL,,Y,37.47779,-82.52345,N,NULL,NULL,NULL,NULL,NULL,NULL,NULL,NULL,2,97,,4,1,1,2,7,6,3,N,NULL,Y,N,1311,1315,1315,N,NULL,90,,,N,,N,N,098-CS-1156-0,NULL,NULL,2023,O,7.30E+11,098-CS-1156  -000,HIGH,098-CS-1156  -000,0.117,0,0,0,0,0,0,1,0,0,0,0,0,0,1
7548,72945784,KSP0900,23-391241,20230913,1209,,FOREST HILLS,,RD,KY0308,KY0308,0,098 KY-308,KY0308,N,N,NULL,NULL,NULL,N,NULL,NULL,NULL,NULL,NULL,NULL,2.679,NULL,NULL,NULL,NULL,,NULL,0,0,2,2,N,N,35,NULL,98,9834,NULL,,Y,37.64824,-82.26787,N,NULL,NULL,NULL,NULL,NULL,NULL,NULL,NULL,5,3,2,1,1,1,3,2,7,1,N,NULL,Y,N,1209,1218,1218,N,NULL,49,8,0,N,,N,N,098-KY-0308-0,NULL,NULL,2023,O,7.29E+11,098-KY-0308  -000,HIGH,098-KY-0308  -000,2.68,0,0,0,0,0,0,0,1,0,0,0,0,0,0
7549,72877734,980100,2.02E+11,20230320,1330,,US23,,,US0023,US0023,,,,N,N,NULL,NULL,NULL,N,NULL,NULL,NULL,NULL,NULL,NULL,26.161,NULL,NULL,NULL,NULL,,NULL,0,0,2,2,N,N,55,NULL,98,9801,NULL,,Y,37.50192,-82.53191,N,NULL,NULL,NULL,NULL,NULL,NULL,NULL,NULL,5,3,4,6,1,1,2,2,7,3,N,NULL,Y,N,1332,1332,,N,NULL,70,,1,N,,N,N,,NULL,NULL,2023,O,7.29E+11,098-US-0023  -000,MEDIUM,098-US-0023  -000,26.099,0,0,0,0,0,0,1,0,0,0,0,0,0,1
7550,72944238,KSP0900,23-386892,20230909,1008,,COLLINS,,HWY,KY0122,KY0122,,,,N,N,NULL,NULL,NULL,N,NULL,NULL,NULL,NULL,NULL,NULL,12.942,NULL,NULL,NULL,NULL,,NULL,0,0,1,1,N,N,55,NULL,98,9824,NULL,,Y,37.4044,-82.51733,N,NULL,NULL,NULL,NULL,NULL,NULL,NULL,NULL,9,3,2,3,1,5,2,2,7,3,Y,NULL,N,N,1008,1022,1022,N,NULL,70,,0,N,,N,N,,NULL,NULL,2023,O,7.29E+11,098-KY-0122  -000,HIGH,098-KY-0122  -000,12.932,0,0,0,0,0,0,0,1,0,0,0,1,0,0
7551,72918156,980100,2.02E+11,20230703,748,,STONEHENGE,,DR,,,0,098 CR-1376,CR1376,N,N,NULL,NULL,NULL,N,NULL,NULL,NULL,NULL,NULL,NULL,0.361,NULL,NULL,NULL,NULL,,NULL,0,0,1,1,N,N,15,NULL,98,9801,NULL,,Y,37.50219,-82.54687,N,NULL,NULL,NULL,NULL,NULL,NULL,NULL,NULL,9,4,1,1,1,5,3,2,6,3,N,NULL,Y,N,748,755,840,N,NULL,44,,,N,,N,N,098-CR-1376-0,NULL,NULL,2023,O,7.29E+11,098-CR-1376  -000,MEDIUM,098-CR-1376  -000,0,0,0,0,0,0,0,0,0,0,0,0,1,0,0
7552,72966299,KSP0900,23-441533,20231031,14,,US460,,,US0460,US0460,0,098 US-460,US0460,N,N,NULL,NULL,NULL,N,NULL,NULL,NULL,NULL,NULL,NULL,13.378,NULL,NULL,NULL,NULL,,NULL,0,0,1,1,N,N,55,NULL,98,9822,NULL,,Y,37.33374,-82.38731,N,NULL,NULL,NULL,NULL,NULL,NULL,NULL,NULL,9,3,2,2,1,5,6,6,7,3,N,NULL,N,N,14,28,45,N,NULL,70,,1,N,,N,N,098-US-0460-0,NULL,NULL,2023,O,7.30E+11,098-US-0460  -000,HIGH,098-US-0460  -000,13.361,0,0,0,0,0,0,0,0,0,0,0,1,0,0
7553,72988254,KSP0900,23-491639,20231215,1350,,KY292,,,KY0292,KY0292,0,098 KY-292,KY0292,N,N,NULL,NULL,NULL,N,NULL,NULL,NULL,NULL,NULL,NULL,2.879,NULL,NULL,NULL,NULL,,NULL,0,0,1,1,N,N,45,NULL,98,9869,NULL,,Y,37.65929,-82.23811,N,NULL,NULL,NULL,NULL,NULL,NULL,NULL,NULL,9,3,2,1,1,2,2,2,7,3,N,NULL,N,N,1350,1355,1405,N,NULL,44,8,0,N,,N,N,098-KY-0292-0,NULL,NULL,2023,O,7.30E+11,098-KY-0292  -000,HIGH,098-KY-0292  -000,2.86,0,0,0,0,0,0,0,1,0,0,0,1,0,0
7554,72875407,980500,2023AR008,20230310,1605,,WEDDINGTON BRANCH,,RD,,,0,098 CS-3026,CS3026,Y,N,NULL,NULL,NULL,N,NULL,NULL,NULL,NULL,NULL,NULL,0.041,NULL,NULL,NULL,NULL,,NULL,0,0,2,2,N,N,15,NULL,98,9807,NULL,,Y,37.5228,-82.56997,N,NULL,NULL,NULL,NULL,NULL,NULL,NULL,NULL,8,97,,6,1,5,3,2,1,3,N,NULL,Y,Y,1605,1610,,N,NULL,90,,,N,,N,N,098-CS-3026-0,NULL,NULL,2023,O,7.29E+11,098-CS-3026  -000,HIGH,098-CS-3026  -000,0.042,0,0,0,0,0,0,0,0,0,0,0,0,0,0
7555,72863908,980100,2.02E+11,20230209,900,,CEDAR CREEK,,RD,,,0,098 CS-1036,CS1036,N,N,NULL,NULL,NULL,N,NULL,NULL,NULL,NULL,NULL,NULL,,NULL,NULL,NULL,NULL,NULL,NULL,0,0,1,1,Y,N,35,NULL,98,9801,NULL,,Y,37.47476,-82.55255,N,NULL,NULL,NULL,NULL,NULL,NULL,NULL,NULL,9,5,2,6,1,1,2,2,6,3,N,NULL,Y,N,900,905,905,Y,NULL,40,,,N,,N,N,098-CS-1036-0,NULL,NULL,2023,O,7.29E+11,098-CS-1036  -000,HIGH,098-CS-1036  -000,0.092,0,0,0,0,0,0,0,0,0,0,0,1,0,1
7556,72887083,KSP0900,23-136115,20230410,1613,,KY3417,,,KY3417,KY3417,0,098 KY-3417,KY3417,N,N,NULL,NULL,NULL,N,NULL,NULL,NULL,NULL,NULL,NULL,0.235,NULL,NULL,NULL,NULL,,NULL,1,0,3,3,N,N,55,NULL,98,9801,5,S,N,37.46489,-82.55933,N,NULL,NULL,NULL,NULL,NULL,NULL,NULL,NULL,1,5,2,6,1,1,2,2,7,3,Y,NULL,Y,Y,1613,1620,1913,Y,NULL,47,8,0,Y,,N,N,098-KY-3417-0,NULL,NULL,2023,A,7.29E+11,098-KY-3417  -000,HIGH,098-KY-3417  -000,0.239,0,0,0,1,0,0,0,0,1,1,0,1,0,1
7557,72743997,980100,2.02E+11,20220318,1548,,BYPASS,S,RD,KY1426,KY1426,0,098 KY-1426,KY1426,N,Y,COMBS,,AVE,N,NULL,NULL,NULL,NULL,NULL,NULL,6.472,NULL,NULL,NULL,NULL,,NULL,0,0,2,2,N,N,35,NULL,98,9801,NULL,,Y,37.48168,-82.51417,N,NULL,NULL,NULL,NULL,NULL,NULL,NULL,NULL,3,3,2,6,1,1,2,2,7,3,N,NULL,Y,N,1548,1551,1601,N,NULL,52,,0,N,,N,N,098-KY-1426-0,NULL,NULL,2022,O,7.27E+11,098-KY-1426  -000,HIGH,098-KY-1426  -000,6.472,0,0,0,0,0,0,0,0,0,0,1,0,0,1
7558,72965684,980100,2.02E+11,20231024,2011,,WILLOW,,ST,,,0,098 CS-1161,CS1161,N,N,NULL,NULL,NULL,N,NULL,NULL,NULL,NULL,NULL,NULL,0.033,NULL,NULL,NULL,NULL,,NULL,0,0,2,2,N,N,15,NULL,98,9801,NULL,,Y,37.48089,-82.52206,N,NULL,NULL,NULL,NULL,NULL,NULL,NULL,NULL,2,3,2,4,1,1,3,6,6,3,N,NULL,Y,N,2011,2014,,N,NULL,56,,,N,,N,N,098-CS-1161-0,NULL,NULL,2023,O,7.30E+11,098-CS-1161  -000,HIGH,098-CS-1161  -000,0.033,0,0,1,0,0,0,0,0,0,0,0,0,0,1
7559,72990973,KSP0900,23-504993,20231228,1614,,US23,,,US0023,US0023,0,098 US-23,US0023,Y,N,NULL,NULL,NULL,N,NULL,NULL,NULL,NULL,NULL,NULL,27.998,NULL,NULL,NULL,NULL,,NULL,0,0,2,2,N,N,,NULL,98,9807,NULL,,Y,37.51484,-82.55838,N,NULL,NULL,NULL,NULL,NULL,NULL,NULL,NULL,2,97,4,6,1,1,2,2,1,3,N,NULL,Y,Y,1614,1622,1622,N,NULL,90,,1,N,,N,N,098-US-0023-0,NULL,NULL,2023,O,7.30E+11,098-US-0023  -000,HIGH,098-US-0023  -000,27.993,0,0,0,1,0,0,0,0,0,0,0,0,0,0
7560,72939783,980100,2.02E+11,20230825,1524,,HAMBLEY,,BLVD,,,0,098 CS-1222,CS1222,Y,N,NULL,NULL,NULL,N,NULL,NULL,NULL,NULL,NULL,NULL,0.498,NULL,NULL,NULL,NULL,,NULL,0,0,2,2,N,N,,NULL,98,9801,NULL,,Y,37.47839,-82.52039,N,NULL,NULL,NULL,NULL,NULL,NULL,NULL,NULL,2,97,,6,1,1,3,2,7,3,N,NULL,Y,N,1526,1530,1530,N,NULL,90,,,N,,N,N,098-CS-1222-0,NULL,NULL,2023,O,7.29E+11,098-CS-1222  -000,HIGH,098-CS-1222  -000,0.498,0,0,1,0,0,0,1,0,0,0,0,0,0,1
7561,72937221,980100,2.02E+11,20230809,1257,,KY3496,,,KY3496,KY3496,0,098 KY-3496,KY3496,Y,N,NULL,NULL,NULL,N,NULL,NULL,NULL,NULL,NULL,NULL,0.205,NULL,NULL,NULL,NULL,,NULL,0,0,2,2,N,N,15,NULL,98,9801,NULL,,Y,37.46658,-82.53127,N,NULL,NULL,NULL,NULL,NULL,NULL,NULL,NULL,8,97,2,6,1,1,2,2,1,3,N,NULL,Y,N,1257,1306,,N,NULL,90,16,0,N,,N,N,098-KY-3496-0,NULL,NULL,2023,O,7.29E+11,098-KY-3496  -000,HIGH,098-KY-3496  -000,0.208,0,0,0,1,0,0,1,0,0,0,0,0,0,1
7562,72947901,980100,2.02E+11,20230914,1335,,US23,,,US0023,US0023,0,098 US-23,US0023,N,N,NULL,NULL,NULL,N,NULL,NULL,NULL,NULL,NULL,NULL,25.889,NULL,NULL,NULL,NULL,,NULL,0,0,2,2,Y,N,55,NULL,98,9801,NULL,,Y,37.49807,-82.53109,N,NULL,NULL,NULL,NULL,NULL,NULL,NULL,NULL,8,3,4,6,1,1,2,2,7,3,N,NULL,Y,N,1335,1340,1340,N,NULL,53,,1,N,,N,N,098-US-0023-0,NULL,NULL,2023,O,7.29E+11,098-US-0023  -000,HIGH,098-US-0023  -000,25.828,0,0,1,0,0,0,0,0,0,0,0,1,0,1
7563,72947588,KSP0900,23-396191,20230917,2351,,US23,,,US0023,US0023,0,098 US-23,US0023,N,N,NULL,NULL,NULL,N,NULL,NULL,NULL,NULL,NULL,NULL,6.917,NULL,NULL,NULL,NULL,,NULL,0,0,1,1,N,N,55,NULL,98,9809,NULL,,Y,37.30078,-82.54314,N,NULL,NULL,NULL,NULL,NULL,NULL,NULL,NULL,9,3,4,2,1,5,6,6,7,3,N,NULL,N,N,3,16,30,N,NULL,70,,1,N,,N,N,098-US-0023-0,NULL,NULL,2023,O,7.29E+11,098-US-0023  -000,HIGH,098-US-0023  -000,6.909,0,0,0,0,0,0,0,0,0,0,0,1,0,0
7564,72869368,KSP0900,23-71425,20230224,436,,US23,,,US0023,US0023,0,098 US-23,US0023,N,N,NULL,NULL,NULL,N,NULL,NULL,NULL,NULL,NULL,NULL,17.327,NULL,NULL,NULL,NULL,,NULL,0,0,2,2,N,N,55,NULL,98,9801,NULL,,Y,37.4196,-82.51666,N,NULL,NULL,NULL,NULL,NULL,NULL,NULL,NULL,1,3,4,3,1,1,2,6,7,3,N,NULL,Y,N,436,526,526,N,NULL,55,,1,N,,N,N,098-US-0023-0,NULL,NULL,2023,O,7.29E+11,098-US-0023  -000,HIGH,098-US-0023  -000,17.315,0,0,0,1,0,0,0,1,0,0,0,0,0,0
7565,72874707,KSP0900,23-74177,20230226,50,,BARRENSHEE,,CRK,,,0,098 CR-1847,CR1847,N,N,NULL,NULL,NULL,N,NULL,NULL,NULL,NULL,NULL,NULL,0.179,NULL,NULL,NULL,NULL,,NULL,0,0,1,1,N,N,35,NULL,98,9804,NULL,,Y,37.55167,-82.13688,N,NULL,NULL,NULL,NULL,NULL,NULL,NULL,NULL,9,3,2,6,1,1,2,7,7,3,N,NULL,N,N,51,51,200,N,NULL,40,,,N,,N,N,098-CR-1847-0,NULL,NULL,2023,O,7.29E+11,098-CR-1847  -000,HIGH,098-CR-1847  -000,0.179,0,0,0,1,0,0,0,0,1,0,0,1,0,0
7566,72763182,980000,25-02-002,20220513,1240,,US 119 NORTH,,,,,,,,Y,N,NULL,NULL,NULL,N,NULL,NULL,NULL,NULL,NULL,NULL,,NULL,NULL,NULL,NULL,NULL,NULL,0,0,2,2,N,N,10,NULL,98,9836,1,N,N,37.65089,-82.26768,N,NULL,NULL,NULL,NULL,NULL,NULL,NULL,NULL,5,97,1,6,1,1,2,2,1,3,N,NULL,Y,Y,1240,1243,,N,NULL,90,,,N,,N,N,,NULL,NULL,2022,O,7.28E+11,098-CR-1039  -000,MEDIUM,098-CR-1039  -000,0.006,0,0,0,0,0,0,1,0,0,0,0,0,0,0