OBJECTID,MasterFile,AgencyORINumber,LocalCode,CollisionDate,CollisionTime,CollisionDayWeekCode,RoadwayName,RoadwayName_Direction_,RoadwayName_RoadwaySuffix_,RoadwayfromReport,CurrentRoadwayNumber,RoadwayNumberCoupletID,RSEUniqueGIS,RoadwayIdentifier,ParkingLotIndicator,IntersectionWith_Indicator_,IntersectionWith_NameRoadway_,IntersectionWith_Direction_,IntersectionWith_RoadwaySuffix_,BetweenStreets_Indicator_,BetweenStreets1_NameRoadway_,BetweenStreet1_Direction_,BetweenStreets1_RoadwaySuffix_,BetweenStreets2_NameRoadway_,BetweenStreets2_Direction_,BetweenStreets2_RoadwaySuffix_,Milepoint,ReportMilepointDeriveNumber,CurrentDerivedMiepointNumber,MilestoMilepoint,FeettoMilepoint,DirectionfromMilepoint_NSEW_,ValidMilepointIndicator,NumberInjured,NumberKilled,ofUnits,ofMotorVehicleUnits,Hit&RunIndicator,OneWayIndicator,SpeedLimitNumber,KilometersIndicator,CountyCode,CityCountyCode,MilesFromCity,DirectionFromCity_NSEW_,InCityLimitsIndicator,Latitude,Longitude,RampIndicator,RampFromIdentifier,RampFromDirCode,RampFromCoupletID,RSEUniqueGISRampFrom,RampToidentifier,RampToDirCode,RampToCoupletID,RSEUniqueGisRampTo,MannerofCollisionCode,LocationFirstEventCode,TotalLanes,RoadwayCharacterCode,RoadwaySurfaceCode,RoadwayConditionCode,WeatherCode,LightConditionCode,LandUseCode,SchoolBusRelatedCode,FirstAidSceneIndicator,CollDescPresentInd,InvestigationCompleteIndicator,PhotosTakenIndicator,TimeNotified,TimeArrived,TimeRoadwayOpened,PropertyDamageIndicator,DiagramPresentIndicator,DirectionalAnalysis,FunctionClassCode,NationalHwySysCode,EnforcementsIndicator,KARSCityCode,SecondaryCollisionIndicator,MedianCrossoverIndicator,RT_UNIQUE,MapIt,TimeLastLeft,YR,KABCO,MFNY,WorkingRID,RT_CONFIDENCE,KTC_RT,KTC_MP,Motorcyclist,Commercial Vehicle,Young Driver,Mature Driver,Pedestrian,Bicyclist,Distracted,Aggressive,Impaired,Unrestrained,Intersection,Roadway Departure,Median Cross-over,City Crash
7567,72885581,KSP0900,23-118080,20230328,1538,,US119,,,US0119,US0119,0,098 US-119-10,US0119,N,N,NULL,NULL,NULL,N,NULL,NULL,NULL,NULL,NULL,NULL,24.075,NULL,NULL,NULL,NULL,,NULL,2,0,2,2,N,N,55,NULL,98,9834,NULL,,Y,37.65668,-82.27084,N,NULL,NULL,NULL,NULL,NULL,NULL,NULL,NULL,5,3,4,6,1,1,2,2,7,3,Y,NULL,Y,Y,1538,1610,1623,N,NULL,49,2,1,N,,N,N,098-US-0119-10,NULL,NULL,2023,C,7.29E+11,098-US-0119  -010,HIGH,098-US-0119  -000,24.075,0,0,0,1,0,0,0,0,0,0,0,0,0,0
7568,72822900,980100,2.02E+11,20221024,1256,,TOWN MOUNTAIN,,RD,,,,,,N,N,NULL,NULL,NULL,N,NULL,NULL,NULL,NULL,NULL,NULL,,NULL,NULL,NULL,NULL,NULL,NULL,2,0,2,2,N,N,45,NULL,98,9801,NULL,,Y,37.4862,-82.50911,N,NULL,NULL,NULL,NULL,NULL,NULL,NULL,NULL,5,3,2,6,1,1,2,2,1,3,Y,NULL,Y,Y,1256,1300,1331,N,NULL,49,,,N,,N,N,,NULL,NULL,2022,C,7.28E+11,098-KY-1426  -000,MEDIUM,098-KY-1426  -000,6.923,0,0,0,0,0,0,1,0,0,0,0,0,0,1
7569,72841338,KSP0900,22-458715,20221130,1722,,PIGEON ROOST,,RD,,,0,098 CR-1517,CR1517,N,N,NULL,NULL,NULL,N,NULL,NULL,NULL,NULL,NULL,NULL,0.871,NULL,NULL,NULL,NULL,,NULL,1,0,1,1,N,N,25,NULL,98,9838,NULL,,Y,37.59952,-82.31603,N,NULL,NULL,NULL,NULL,NULL,NULL,NULL,NULL,9,3,2,6,1,1,2,6,7,3,Y,NULL,Y,Y,1722,1730,1800,N,NULL,40,,,N,,N,N,098-CR-1517-0,NULL,NULL,2022,A,7.28E+11,098-CR-1517  -000,HIGH,098-CR-1517  -000,0.871,0,0,0,0,0,0,0,0,1,1,0,1,0,0
7570,72855827,980100,2.02E+11,20230104,1113,,CASSIDY,,BLVD,,,0,098 CS-1191,CS1191,Y,N,NULL,NULL,NULL,N,NULL,NULL,NULL,NULL,NULL,NULL,0.05,NULL,NULL,NULL,NULL,,NULL,0,0,2,2,Y,N,,NULL,98,9801,NULL,,Y,37.5037,-82.53297,N,NULL,NULL,NULL,NULL,NULL,NULL,NULL,NULL,1,97,1,6,1,1,2,2,1,3,N,NULL,Y,N,1113,1127,1127,N,NULL,90,,,Y,,N,N,098-CS-1191-0,NULL,NULL,2023,O,7.29E+11,098-CS-1191  -000,HIGH,098-CS-1191  -000,0.047,0,0,0,1,0,0,1,0,0,0,0,0,0,1
7571,72902089,980100,2.02E+11,20230516,1239,,COMBS,,AVE,,,,,,N,N,NULL,NULL,NULL,N,NULL,NULL,NULL,NULL,NULL,NULL,0.005,NULL,NULL,NULL,NULL,,NULL,0,0,2,2,N,N,15,NULL,98,9801,NULL,,Y,37.48168,-82.51421,N,NULL,NULL,NULL,NULL,NULL,NULL,NULL,NULL,5,3,2,6,2,1,2,2,7,3,N,NULL,Y,N,1239,1251,,N,NULL,49,,,N,,N,N,,NULL,NULL,2023,O,7.29E+11,098-CS-1115  -000,MEDIUM,098-CS-1115  -000,0.004,0,0,0,0,0,0,1,1,0,0,0,0,0,1
7572,72921935,980100,2.02E+11,20230713,1429,,KY3417,,,KY3417,KY3417,0,098 KY-3417,KY3417,N,N,NULL,NULL,NULL,N,NULL,NULL,NULL,NULL,NULL,NULL,0.374,NULL,NULL,NULL,NULL,,NULL,0,0,2,2,N,N,35,NULL,98,9801,NULL,,Y,37.46672,-82.5583,N,NULL,NULL,NULL,NULL,NULL,NULL,NULL,NULL,7,3,2,3,1,1,2,2,6,3,N,NULL,Y,N,1429,1436,1440,N,NULL,54,17,0,N,,N,N,098-KY-3417-0,NULL,NULL,2023,O,7.29E+11,098-KY-3417  -000,HIGH,098-KY-3417  -000,0.375,0,0,0,0,0,0,0,0,0,0,0,1,0,1
7573,72842726,KSP0900,22-422987,20221103,1415,,KY1426,,,KY1426,KY1426,0,098 KY-1426,KY1426,N,N,NULL,NULL,NULL,N,NULL,NULL,NULL,NULL,NULL,NULL,13.319,NULL,NULL,NULL,NULL,,NULL,0,0,2,2,N,N,55,NULL,98,9828,NULL,,Y,37.54964,-82.45798,N,NULL,NULL,NULL,NULL,NULL,NULL,NULL,NULL,1,3,2,3,1,1,3,2,7,3,N,NULL,Y,N,1415,1436,1415,N,NULL,55,7,0,N,,N,N,098-KY-1426-0,NULL,NULL,2022,O,7.28E+11,098-KY-1426  -000,HIGH,098-KY-1426  -000,13.319,0,0,0,0,0,0,1,1,0,0,0,1,0,0
7574,72974307,980000,23-11-002,20231113,2350,,BIG,,BR,,,0,098 CR-1348Q4,CR1348Q4,N,N,NULL,NULL,NULL,N,NULL,NULL,NULL,NULL,NULL,NULL,0.733,NULL,NULL,NULL,NULL,,NULL,0,0,1,1,N,N,35,NULL,98,9853,NULL,,Y,37.67423,-82.56159,N,NULL,NULL,NULL,NULL,NULL,NULL,NULL,NULL,9,5,2,1,1,1,2,6,7,3,N,NULL,Y,Y,2350,53,130,N,NULL,44,,,N,,N,N,098-CR-1348Q4-0,NULL,NULL,2023,O,7.30E+11,098-CR-1348Q4-000,HIGH,098-CR-1348Q4-000,0.771,0,1,0,0,0,0,0,0,0,0,0,1,0,0
7575,72964788,980100,2.02E+11,20231027,1647,,KY1426,,,KY1426,KY1426,,,,N,N,NULL,NULL,NULL,N,NULL,NULL,NULL,NULL,NULL,NULL,6.918,NULL,NULL,NULL,NULL,,NULL,0,0,2,2,N,N,45,NULL,98,9801,NULL,,Y,37.48616,-82.50919,N,NULL,NULL,NULL,NULL,NULL,NULL,NULL,NULL,5,3,2,6,1,1,2,2,7,3,N,NULL,Y,N,1647,1652,1713,N,NULL,70,,0,N,,N,N,,NULL,NULL,2023,O,7.30E+11,098-KY-1426  -000,HIGH,098-KY-1426  -000,6.918,0,0,0,0,0,0,1,0,0,0,0,0,0,1
7576,72979611,KSP0900,23-467777,20231122,2018,,KY611,,,KY0611,KY0611,0,098 KY-611,KY0611,N,N,NULL,NULL,NULL,N,NULL,NULL,NULL,NULL,NULL,NULL,4.95,NULL,NULL,NULL,NULL,,NULL,0,0,2,2,N,N,55,NULL,98,9809,NULL,,Y,37.31806,-82.53159,N,NULL,NULL,NULL,NULL,NULL,NULL,NULL,NULL,7,3,2,6,1,5,6,6,8,3,N,NULL,Y,Y,2018,2034,2100,N,NULL,54,8,0,N,,N,N,098-KY-0611-0,NULL,NULL,2023,O,7.30E+11,098-KY-0611  -000,HIGH,098-KY-0611  -000,4.951,0,0,0,0,0,0,0,0,0,0,0,1,0,0
7577,72886921,KSP0900,23-135648,20230410,1036,,POND CREEK,,RD,KY0199,KY0199,0,098 KY-199,KY0199,Y,N,NULL,NULL,NULL,N,NULL,NULL,NULL,NULL,NULL,NULL,6.242,NULL,NULL,NULL,NULL,,NULL,0,0,2,2,N,N,5,NULL,98,9851,NULL,,Y,37.53809,-82.25429,N,NULL,NULL,NULL,NULL,NULL,NULL,NULL,NULL,8,97,2,6,1,1,2,2,4,3,N,NULL,N,N,1036,1059,1036,N,NULL,90,9,0,N,,N,N,098-KY-0199-0,NULL,NULL,2023,O,7.29E+11,098-KY-0199  -000,HIGH,098-KY-0199  -000,6.243,0,0,0,0,0,0,1,0,0,0,0,0,0,0
7578,72861546,KSP0900,22-42615,20230203,707,,US23,,,US0023,US0023,0,098 US-23,US0023,N,N,NULL,NULL,NULL,N,NULL,NULL,NULL,NULL,NULL,NULL,2.963,NULL,NULL,NULL,NULL,,NULL,0,0,1,1,N,N,55,NULL,98,9809,NULL,,Y,37.27236,-82.59819,N,NULL,NULL,NULL,NULL,NULL,NULL,NULL,NULL,9,3,4,5,1,5,2,6,7,3,N,NULL,Y,N,709,740,740,N,NULL,38,,1,N,,N,N,098-US-0023-0,NULL,NULL,2023,O,7.29E+11,098-US-0023  -000,HIGH,098-US-0023  -000,2.965,0,0,0,0,0,0,0,0,0,0,0,0,0,0
7579,72964833,980100,2.02E+11,20231027,1842,,ADAMS,,LN,,,,,,Y,N,NULL,NULL,NULL,N,NULL,NULL,NULL,NULL,NULL,NULL,0.191,NULL,NULL,NULL,NULL,,NULL,0,0,1,1,N,N,,NULL,98,9801,NULL,,Y,37.48535,-82.54558,N,NULL,NULL,NULL,NULL,NULL,NULL,NULL,NULL,9,97,1,6,1,1,3,3,1,3,N,NULL,Y,N,1844,1847,,N,NULL,90,,,N,,N,N,,NULL,NULL,2023,O,7.30E+11,098-CS-1182  -000,MEDIUM,098-CS-1182  -000,0.125,0,0,0,0,0,0,1,0,0,0,0,1,0,1
7580,72968996,KSP0900,23-446853,20231104,2201,,NATS,,BR,,,0,098 PR-1216,PR1216,N,N,NULL,NULL,NULL,N,NULL,NULL,NULL,NULL,NULL,NULL,0.632,NULL,NULL,NULL,NULL,,NULL,1,0,1,1,N,N,5,NULL,98,9802,NULL,,Y,37.24409,-82.67497,N,NULL,NULL,NULL,NULL,NULL,NULL,NULL,NULL,9,97,1,6,97,1,2,7,5,3,Y,NULL,Y,Y,2208,2235,,N,NULL,70,,,N,,N,N,098-PR-1216-0,NULL,NULL,2023,B,7.30E+11,098-PR-1216  -000,HIGH,098-PR-1216  -000,0.653,0,0,0,0,0,0,0,0,0,0,0,1,0,0
7581,72808276,980100,2.02E+11,20220920,1052,,US23,,,US0023,US0023,0,098 US-23,US0023,N,N,NULL,NULL,NULL,N,NULL,NULL,NULL,NULL,NULL,NULL,21.127,NULL,NULL,NULL,NULL,,NULL,0,0,2,2,N,N,55,NULL,98,9801,NULL,,Y,37.44683,-82.52578,N,NULL,NULL,NULL,NULL,NULL,NULL,NULL,NULL,5,3,4,3,1,1,2,2,7,3,N,NULL,N,N,1056,1114,1114,N,NULL,70,,1,N,,N,N,098-US-0023-0,NULL,NULL,2022,O,7.28E+11,098-US-0023  -000,HIGH,098-US-0023  -000,21.127,0,0,0,1,0,0,0,1,0,0,0,0,0,1
7582,72935093,980100,2.02E+11,20230816,644,,BAIRD,,AVE,KY1426,KY1426,0,098 KY-1426,KY1426,N,Y,HIBBARD,,ST,N,NULL,NULL,NULL,NULL,NULL,NULL,5.395,NULL,NULL,NULL,NULL,,NULL,0,0,2,2,N,N,55,NULL,98,9801,NULL,,Y,37.47327,-82.52711,N,NULL,NULL,NULL,NULL,NULL,NULL,NULL,NULL,1,3,2,6,1,1,3,1,1,3,N,NULL,Y,N,645,646,646,N,NULL,10,,0,N,,N,N,098-KY-1426-0,NULL,NULL,2023,O,7.29E+11,098-KY-1426  -000,HIGH,098-KY-1426  -000,5.395,0,0,0,0,0,0,0,1,0,0,1,0,0,1
7583,72922929,KSP0900,23-312127,20230703,1500,,BANK,,LN,,,0,098 CR-1833C,CR1833C,Y,N,NULL,NULL,NULL,N,NULL,NULL,NULL,NULL,NULL,NULL,0.036,NULL,NULL,NULL,NULL,,NULL,0,0,2,2,N,N,10,NULL,98,9804,NULL,,Y,37.51985,-82.15498,N,NULL,NULL,NULL,NULL,NULL,NULL,NULL,NULL,2,97,1,6,1,1,2,7,1,3,N,NULL,N,N,1505,1600,1600,N,NULL,90,,,N,,N,N,098-CR-1833C-0,NULL,NULL,2023,O,7.29E+11,098-CR-1833C -000,HIGH,098-CR-1833C -000,0.035,0,0,1,0,0,0,1,0,0,1,0,0,0,0
7584,72955435,KSP0900,23-408622,20230929,409,,COMPTON,,BTM,,,0,098 CR-1039-30,CR1039,N,N,NULL,NULL,NULL,N,NULL,NULL,NULL,NULL,NULL,NULL,0.004,NULL,NULL,NULL,NULL,,NULL,0,0,2,2,N,N,40,NULL,98,9836,NULL,,Y,37.65088,-82.26791,N,NULL,NULL,NULL,NULL,NULL,NULL,NULL,NULL,5,3,2,6,1,1,2,2,7,3,N,NULL,N,N,1609,1609,1620,N,NULL,49,,,N,,N,N,098-CR-1039-30,NULL,NULL,2023,O,7.30E+11,098-CR-1039  -030,HIGH,098-CR-1039  -030,0.005,0,0,1,0,0,0,1,0,0,0,0,0,0,0
7585,72927851,KSP0900,23-333322,20230722,136,,KY1056,,,KY1056,KY1056,0,098 KY-1056,KY1056,N,N,NULL,NULL,NULL,N,NULL,NULL,NULL,NULL,NULL,NULL,11.242,NULL,NULL,NULL,NULL,,NULL,0,0,1,1,N,N,35,NULL,98,9863,NULL,,Y,37.61667,-82.16689,N,NULL,NULL,NULL,NULL,NULL,NULL,NULL,NULL,9,3,2,3,1,1,2,6,7,3,N,NULL,N,N,136,155,245,N,NULL,44,7,0,N,,N,N,098-KY-1056-0,NULL,NULL,2023,O,7.29E+11,098-KY-1056  -000,HIGH,098-KY-1056  -000,11.287,0,0,1,0,0,0,0,0,0,0,0,1,0,0
7586,72782130,980100,2.02E+11,20220705,1635,,THOMPSON,,RD,,,0,098 CS-1215,CS1215,Y,N,NULL,NULL,NULL,N,NULL,NULL,NULL,NULL,NULL,NULL,0.526,NULL,NULL,NULL,NULL,,NULL,0,0,2,2,N,N,,NULL,98,9801,NULL,,Y,37.50592,-82.54322,N,NULL,NULL,NULL,NULL,NULL,NULL,NULL,NULL,2,97,,6,1,1,3,2,1,3,N,NULL,Y,N,1823,1823,,N,NULL,90,,,N,,N,N,098-CS-1215-0,NULL,NULL,2022,O,7.28E+11,098-CS-1215  -000,HIGH,098-CS-1215  -000,0.526,0,0,0,0,0,0,1,0,0,0,0,0,0,1
7587,72929337,KSP0900,23-342975,20230730,1900,,STATE HIGHWAY 292,E,,,,0,098 CR-1061,CR1061,N,N,NULL,NULL,NULL,N,NULL,NULL,NULL,NULL,NULL,NULL,0.006,NULL,NULL,NULL,NULL,,NULL,0,0,2,2,N,N,25,NULL,98,9869,NULL,,Y,37.62703,-82.21768,N,NULL,NULL,NULL,NULL,NULL,NULL,NULL,NULL,7,3,1,6,1,1,2,2,7,3,N,NULL,Y,N,1851,1900,1920,N,NULL,54,,,N,,N,N,098-CR-1061-0,NULL,NULL,2023,O,7.29E+11,098-CR-1061  -000,HIGH,098-CR-1061  -000,0.007,0,0,0,0,0,0,0,0,0,0,0,1,0,0
7588,72829162,980100,2.02E+11,20221110,1832,,CASSIDY,,BLVD,,,0,098 CS-1191,CS1191,N,N,NULL,NULL,NULL,N,NULL,NULL,NULL,NULL,NULL,NULL,0.05,NULL,NULL,NULL,NULL,,NULL,2,0,2,2,N,N,25,NULL,98,9801,NULL,,Y,37.50368,-82.53297,N,NULL,NULL,NULL,NULL,NULL,NULL,NULL,NULL,8,3,4,6,1,1,3,6,7,3,Y,NULL,Y,Y,1832,1836,1914,N,NULL,53,,,N,,N,N,098-CS-1191-0,NULL,NULL,2022,C,7.28E+11,098-CS-1191  -000,HIGH,098-CS-1191  -000,0.05,0,0,0,0,0,0,0,0,0,0,0,1,0,1
7589,72979470,980100,2.02E+11,20231127,1116,,HIBBARD,,ST,,,0,098 CS-1053,CS1053,Y,N,NULL,NULL,NULL,N,NULL,NULL,NULL,NULL,NULL,NULL,0.199,NULL,NULL,NULL,NULL,,NULL,0,0,2,2,N,N,,NULL,98,9801,NULL,,Y,37.47481,-82.52438,N,NULL,NULL,NULL,NULL,NULL,NULL,NULL,NULL,8,97,,6,1,1,2,2,1,3,N,NULL,Y,N,1116,1120,1120,N,NULL,90,,,N,,N,N,098-CS-1053-0,NULL,NULL,2023,O,7.30E+11,098-CS-1053  -000,HIGH,098-CS-1053  -000,0.199,0,0,0,1,0,0,0,0,0,0,0,0,0,1
7590,72926775,KSP0900,23-330432,20230719,1526,,US119,,,US0119,US0119,0,098 US-119,US0119,N,N,NULL,NULL,NULL,N,NULL,NULL,NULL,NULL,NULL,NULL,24.819,NULL,NULL,NULL,NULL,,NULL,3,0,2,2,N,N,55,NULL,98,9834,NULL,,Y,37.66618,-82.2751,N,NULL,NULL,NULL,NULL,NULL,NULL,NULL,NULL,1,3,4,6,1,1,2,2,3,3,Y,NULL,Y,Y,1526,1535,1600,N,NULL,55,2,1,N,,N,N,098-US-0119-0,NULL,NULL,2023,C,7.29E+11,098-US-0119  -000,HIGH,098-US-0119  -000,24.819,0,0,0,1,0,0,0,1,0,0,0,0,0,0
7591,72943113,KSP0900,23-378944,20230902,552,,HOSPITAL,,DR,,,0,098 CR-1015C,CR1015C,Y,N,NULL,NULL,NULL,N,NULL,NULL,NULL,NULL,NULL,NULL,0.264,NULL,NULL,NULL,NULL,,NULL,0,0,2,2,Y,N,,NULL,98,9834,NULL,,Y,37.67643,-82.29646,N,NULL,NULL,NULL,NULL,NULL,NULL,NULL,NULL,7,7,,6,1,1,2,5,5,3,N,NULL,Y,N,738,812,738,N,NULL,90,,,N,,N,N,098-CR-1015C-0,NULL,NULL,2023,O,7.29E+11,098-CR-1015C -000,HIGH,098-CR-1015C -000,0.119,0,0,0,0,0,0,0,0,0,0,0,0,0,0
7592,72887485,980100,2.02E+11,20230325,1342,,CASSIDY,,BLVD,,,,,,Y,N,NULL,NULL,NULL,N,NULL,NULL,NULL,NULL,NULL,NULL,0.301,NULL,NULL,NULL,NULL,,NULL,0,0,2,2,Y,N,10,NULL,98,9801,NULL,,Y,37.50472,-82.53678,N,NULL,NULL,NULL,NULL,NULL,NULL,NULL,NULL,1,97,2,6,1,1,3,2,1,3,N,NULL,N,N,1342,1400,1400,N,NULL,90,,,N,,N,N,,NULL,NULL,2023,O,7.29E+11,098-CS-1191  -000,MEDIUM,098-CS-1191  -000,0.277,0,0,0,0,0,0,0,0,0,0,0,0,0,1
7593,72909259,KSP0900,23-219639,20230609,1802,,KY122,,,KY0122,KY0122,0,098 KY-122,KY0122,N,N,NULL,NULL,NULL,N,NULL,NULL,NULL,NULL,NULL,NULL,7.18,NULL,NULL,NULL,NULL,,NULL,0,0,2,2,Y,N,55,NULL,98,9827,NULL,,Y,37.37354,-82.58495,N,NULL,NULL,NULL,NULL,NULL,NULL,NULL,NULL,7,3,2,3,1,1,2,2,7,3,N,NULL,N,N,1802,1835,1835,N,NULL,54,,0,N,,N,N,098-KY-0122-0,NULL,NULL,2023,O,7.29E+11,098-KY-0122  -000,HIGH,098-KY-0122  -000,7.196,0,0,0,1,0,0,0,0,0,0,0,1,0,0
7594,72886756,980000,2304002,20230413,1400,,THOMPSON PLAZZA,,,,,,,,N,N,NULL,NULL,NULL,N,NULL,NULL,NULL,NULL,NULL,NULL,,NULL,NULL,NULL,NULL,NULL,NULL,0,0,2,2,N,N,15,NULL,98,9834,0.2,N,N,37.65464,-82.27021,N,NULL,NULL,NULL,NULL,NULL,NULL,NULL,NULL,2,7,2,6,1,1,2,2,1,3,N,NULL,N,N,1405,1410,1437,N,NULL,47,,,N,,N,N,,NULL,NULL,2023,O,7.29E+11,098-US-0119  -010,MEDIUM,098-US-0119  -000,23.936,0,0,1,1,0,0,1,0,0,0,0,0,0,0
7595,72910323,KSP0900,23-224175,20230612,2141,,FERRELLS CREEK,,RD,US0460,US0460,0,098 US-460,US0460,N,N,NULL,NULL,NULL,N,NULL,NULL,NULL,NULL,NULL,NULL,14.861,NULL,NULL,NULL,NULL,,NULL,0,0,2,2,N,N,55,NULL,98,9805,NULL,,Y,37.34507,-82.36674,N,NULL,NULL,NULL,NULL,NULL,NULL,NULL,NULL,5,3,2,6,1,1,2,6,7,3,N,NULL,N,N,2144,2204,2204,N,NULL,49,,1,N,,N,N,098-US-0460-0,NULL,NULL,2023,O,7.29E+11,098-US-0460  -000,HIGH,098-US-0460  -000,14.844,0,0,0,0,0,0,0,0,0,0,0,0,0,0
7596,72952860,980100,2.02E+11,20230929,1746,,US23,,,US0023,US0023,0,098 US-23,US0023,N,N,NULL,NULL,NULL,N,NULL,NULL,NULL,NULL,NULL,NULL,25.793,NULL,NULL,NULL,NULL,,NULL,0,0,2,2,N,N,55,NULL,98,9801,NULL,,Y,37.49671,-82.53106,N,NULL,NULL,NULL,NULL,NULL,NULL,NULL,NULL,5,3,4,6,1,1,2,2,2,3,N,NULL,Y,N,1746,1750,1750,N,NULL,49,,1,N,,N,N,098-US-0023-0,NULL,NULL,2023,O,7.30E+11,098-US-0023  -000,HIGH,098-US-0023  -000,25.732,0,0,1,0,0,0,1,1,0,0,0,0,0,1
7597,72965015,KSP0900,23-417576,20231008,1314,,SOOKEYS,W,CRK,,,,,,N,N,NULL,NULL,NULL,N,NULL,NULL,NULL,NULL,NULL,NULL,1.576,NULL,NULL,NULL,NULL,,NULL,0,0,1,1,N,N,25,NULL,98,9801,4,S,N,37.40654,-82.53952,N,NULL,NULL,NULL,NULL,NULL,NULL,NULL,NULL,9,3,1,6,1,1,2,2,6,3,N,NULL,Y,N,1314,1331,1329,N,NULL,40,,,Y,,N,N,,NULL,NULL,2023,O,7.30E+11,098-CR-1282  -000,HIGH,098-CR-1282  -000,1.576,0,0,0,0,0,0,0,0,0,0,0,1,0,0
7598,72844737,KSP0900,22-484739,20221220,1500,,US119,,,US0119,US0119,0,098 US-119,US0119,Y,N,NULL,NULL,NULL,N,NULL,NULL,NULL,NULL,NULL,NULL,24.387,NULL,NULL,NULL,NULL,,NULL,0,0,1,1,Y,N,55,NULL,98,9836,NULL,,Y,37.66042,-82.27359,N,NULL,NULL,NULL,NULL,NULL,NULL,NULL,NULL,9,7,4,6,1,1,2,2,1,3,N,NULL,Y,N,1500,1500,1500,Y,NULL,90,2,1,N,,N,N,098-US-0119-0,NULL,NULL,2022,O,7.28E+11,098-US-0119  -000,HIGH,098-US-0119  -000,24.387,0,0,0,0,0,0,0,0,0,0,0,0,0,0
7599,72811143,KSP0900,22-378302,20220930,1234,,KY194,,,KY0194,KY0194,0,098 KY-194,KY0194,N,N,NULL,NULL,NULL,N,NULL,NULL,NULL,NULL,NULL,NULL,55.242,NULL,NULL,NULL,NULL,,NULL,1,0,2,2,N,N,35,NULL,98,9804,NULL,,Y,37.51458,-82.15229,N,NULL,NULL,NULL,NULL,NULL,NULL,NULL,NULL,1,3,2,6,1,1,2,2,7,3,Y,NULL,Y,Y,1255,1337,1400,N,NULL,55,8,0,N,,N,N,098-KY-0194-0,NULL,NULL,2022,C,7.28E+11,098-KY-0194  -000,HIGH,098-KY-0194  -000,55.242,0,0,0,0,0,0,1,0,0,0,0,0,0,0
7600,72931007,980100,2.02E+11,20230805,1741,,CASSIDY,,BLVD,,,,,,N,N,NULL,NULL,NULL,N,NULL,NULL,NULL,NULL,NULL,NULL,0.296,NULL,NULL,NULL,NULL,,NULL,0,0,2,2,N,N,35,NULL,98,9801,NULL,,Y,37.50536,-82.53681,N,NULL,NULL,NULL,NULL,NULL,NULL,NULL,NULL,1,3,3,6,1,1,2,2,1,3,N,NULL,Y,N,1741,1750,,N,NULL,55,,,N,,N,N,,NULL,NULL,2023,O,7.29E+11,098-CS-1191  -000,MEDIUM,098-CS-1191  -000,0.301,0,0,0,0,0,0,1,1,0,0,0,0,0,1
7601,72940384,KSP0900,23-376049,20230830,1713,,DOUGLAS,,PARK,,,0,098 CR-1704,CR1704,N,N,NULL,NULL,NULL,N,NULL,NULL,NULL,NULL,NULL,NULL,0.067,NULL,NULL,NULL,NULL,,NULL,0,0,2,2,Y,N,15,NULL,98,9824,NULL,,Y,37.37915,-82.53936,N,NULL,NULL,NULL,NULL,NULL,NULL,NULL,NULL,2,97,0,6,3,1,2,2,1,3,N,NULL,N,N,1737,1741,1741,N,NULL,47,,,N,,N,N,098-CR-1704-0,NULL,NULL,2023,O,7.29E+11,098-CR-1704  -000,HIGH,098-CR-1704  -000,0.068,0,0,0,0,0,0,0,0,0,0,0,0,0,0
7602,72925557,KSP0900,23-327370,20230716,2130,,US119,,,US0119,US0119,0,098 US-119,US0119,N,N,NULL,NULL,NULL,N,NULL,NULL,NULL,NULL,NULL,NULL,9.71,NULL,NULL,NULL,NULL,,NULL,0,0,1,1,N,N,55,NULL,98,9833,NULL,,Y,37.5795,-82.41056,N,NULL,NULL,NULL,NULL,NULL,NULL,NULL,NULL,9,3,4,5,1,1,2,7,7,3,N,NULL,N,N,2130,2150,2210,N,NULL,38,2,1,N,,N,N,098-US-0119-0,NULL,NULL,2023,O,7.29E+11,098-US-0119  -000,HIGH,098-US-0119  -000,9.663,0,0,0,0,0,0,0,0,0,0,0,0,0,0
7603,72982190,KSP0900,23-471750,20231126,1922,,UPPER JOHNS,,CRK,KY0632,KY0632,0,098 KY-632,KY0632,N,N,NULL,NULL,NULL,N,NULL,NULL,NULL,NULL,NULL,NULL,5.441,NULL,NULL,NULL,NULL,,NULL,0,0,1,1,N,N,55,NULL,98,9817,NULL,,Y,37.48974,-82.26772,N,NULL,NULL,NULL,NULL,NULL,NULL,NULL,NULL,9,97,2,5,1,1,2,6,7,3,N,NULL,Y,N,1922,2006,2100,N,NULL,70,6,0,N,,N,N,098-KY-0632-0,NULL,NULL,2023,O,7.30E+11,098-KY-0632  -000,HIGH,098-KY-0632  -000,5.484,0,0,0,0,0,0,1,0,0,1,0,1,0,0
7604,72812935,980500,2022AR046,20221005,1036,,MAYO TRAIL,N,,,,,,,Y,N,NULL,NULL,NULL,N,NULL,NULL,NULL,NULL,NULL,NULL,,NULL,NULL,NULL,NULL,NULL,NULL,0,0,1,1,Y,Y,15,NULL,98,9807,NULL,,Y,37.5267,-82.57335,N,NULL,NULL,NULL,NULL,NULL,NULL,NULL,NULL,9,97,1,3,1,1,2,2,5,3,N,NULL,Y,Y,1036,1036,1036,Y,NULL,90,,,N,,N,N,,NULL,NULL,2022,O,7.28E+11,098-US-0023  -000,MEDIUM,098-US-0023  -000,29.193,0,0,0,0,0,0,1,0,0,0,0,1,0,0