OBJECTID,MasterFile,AgencyORINumber,LocalCode,CollisionDate,CollisionTime,CollisionDayWeekCode,RoadwayName,RoadwayName_Direction_,RoadwayName_RoadwaySuffix_,RoadwayfromReport,CurrentRoadwayNumber,RoadwayNumberCoupletID,RSEUniqueGIS,RoadwayIdentifier,ParkingLotIndicator,IntersectionWith_Indicator_,IntersectionWith_NameRoadway_,IntersectionWith_Direction_,IntersectionWith_RoadwaySuffix_,BetweenStreets_Indicator_,BetweenStreets1_NameRoadway_,BetweenStreet1_Direction_,BetweenStreets1_RoadwaySuffix_,BetweenStreets2_NameRoadway_,BetweenStreets2_Direction_,BetweenStreets2_RoadwaySuffix_,Milepoint,ReportMilepointDeriveNumber,CurrentDerivedMiepointNumber,MilestoMilepoint,FeettoMilepoint,DirectionfromMilepoint_NSEW_,ValidMilepointIndicator,NumberInjured,NumberKilled,ofUnits,ofMotorVehicleUnits,Hit&RunIndicator,OneWayIndicator,SpeedLimitNumber,KilometersIndicator,CountyCode,CityCountyCode,MilesFromCity,DirectionFromCity_NSEW_,InCityLimitsIndicator,Latitude,Longitude,RampIndicator,RampFromIdentifier,RampFromDirCode,RampFromCoupletID,RSEUniqueGISRampFrom,RampToidentifier,RampToDirCode,RampToCoupletID,RSEUniqueGisRampTo,MannerofCollisionCode,LocationFirstEventCode,TotalLanes,RoadwayCharacterCode,RoadwaySurfaceCode,RoadwayConditionCode,WeatherCode,LightConditionCode,LandUseCode,SchoolBusRelatedCode,FirstAidSceneIndicator,CollDescPresentInd,InvestigationCompleteIndicator,PhotosTakenIndicator,TimeNotified,TimeArrived,TimeRoadwayOpened,PropertyDamageIndicator,DiagramPresentIndicator,DirectionalAnalysis,FunctionClassCode,NationalHwySysCode,EnforcementsIndicator,KARSCityCode,SecondaryCollisionIndicator,MedianCrossoverIndicator,RT_UNIQUE,MapIt,TimeLastLeft,YR,KABCO,MFNY,WorkingRID,RT_CONFIDENCE,KTC_RT,KTC_MP,Motorcyclist,Commercial Vehicle,Young Driver,Mature Driver,Pedestrian,Bicyclist,Distracted,Aggressive,Impaired,Unrestrained,Intersection,Roadway Departure,Median Cross-over,City Crash
7605,72873738,KSP0900,23-91813,20230309,1522,,US119,,,US0119,US0119,0,098 US-119,US0119,N,N,NULL,NULL,NULL,N,NULL,NULL,NULL,NULL,NULL,NULL,20.935,NULL,NULL,NULL,NULL,,NULL,0,0,2,2,N,N,35,NULL,98,9836,NULL,,Y,37.62068,-82.26848,N,NULL,NULL,NULL,NULL,NULL,NULL,NULL,NULL,2,2,2,6,1,1,2,2,7,3,N,NULL,Y,N,1522,1525,1525,N,NULL,56,2,1,N,,N,N,098-US-0119-0,NULL,NULL,2023,O,7.29E+11,098-US-0119  -000,HIGH,098-US-0119  -000,20.94,0,0,0,0,0,0,1,0,0,0,0,0,0,0
7606,72901693,980100,2.02E+11,20230519,1042,,CASSIDY,,BLVD,,,0,098 CS-1191,CS1191,Y,N,NULL,NULL,NULL,N,NULL,NULL,NULL,NULL,NULL,NULL,0.053,NULL,NULL,NULL,NULL,,NULL,0,0,2,2,N,N,,NULL,98,9801,NULL,,Y,37.50368,-82.53302,N,NULL,NULL,NULL,NULL,NULL,NULL,NULL,NULL,2,97,1,6,1,1,2,2,1,3,N,NULL,Y,N,1042,1050,1050,N,NULL,90,,,N,,N,N,098-CS-1191-0,NULL,NULL,2023,O,7.29E+11,098-CS-1191  -000,HIGH,098-CS-1191  -000,0.05,0,0,0,0,0,0,0,0,0,0,0,0,0,1
7607,72877719,980100,2.02E+11,20230316,1311,,CASSIDY,,BLVD,,,,,,N,N,NULL,NULL,NULL,N,NULL,NULL,NULL,NULL,NULL,NULL,0.053,NULL,NULL,NULL,NULL,,NULL,0,0,3,3,N,N,25,NULL,98,9801,NULL,,Y,37.50368,-82.53301,N,NULL,NULL,NULL,NULL,NULL,NULL,NULL,NULL,5,3,4,4,2,1,2,2,7,3,N,NULL,Y,N,1312,1315,,N,NULL,70,,,N,,N,N,,NULL,NULL,2023,O,7.29E+11,098-CS-1191  -000,MEDIUM,098-CS-1191  -000,0.049,0,0,0,1,0,0,1,0,0,0,0,0,0,1
7608,72955679,370200,2023415426,20231006,1015,,COLLINS,,HWY,KY0122,KY0122,0,098 KY-122,KY0122,N,N,NULL,NULL,NULL,N,NULL,NULL,NULL,NULL,NULL,NULL,11.791,NULL,NULL,NULL,NULL,,NULL,0,0,1,1,N,N,55,NULL,98,9808,NULL,,Y,37.39063,-82.5238,N,NULL,NULL,NULL,NULL,NULL,NULL,NULL,NULL,9,3,2,6,1,1,3,2,7,3,N,NULL,Y,N,1021,1040,1040,Y,NULL,40,,0,N,,N,N,098-KY-0122-0,NULL,NULL,2023,O,7.30E+11,098-KY-0122  -000,HIGH,098-KY-0122  -000,11.798,0,1,0,0,0,0,0,0,0,0,0,1,0,0
7609,72955157,980100,2.02E+11,20230922,912,,LEE,,AVE,,,,,,Y,N,NULL,NULL,NULL,N,NULL,NULL,NULL,NULL,NULL,NULL,,NULL,NULL,NULL,NULL,NULL,NULL,0,0,2,2,Y,N,,NULL,98,9801,NULL,,Y,37.50286,-82.53493,N,NULL,NULL,NULL,NULL,NULL,NULL,NULL,NULL,2,97,,6,1,1,2,2,1,3,N,NULL,Y,N,912,927,927,N,NULL,90,,,N,,N,N,,NULL,NULL,2023,O,7.30E+11,098-CS-1261  -000,MEDIUM,098-CS-1261  -000,0.021,0,0,0,0,0,0,1,0,0,0,0,0,0,1
7610,72805571,980100,2.02E+11,20220914,1648,,US23,,,US0023,US0023,0,098 US-23,US0023,N,N,NULL,NULL,NULL,N,NULL,NULL,NULL,NULL,NULL,NULL,23.326,NULL,NULL,NULL,NULL,,NULL,0,0,2,2,N,N,55,NULL,98,9801,NULL,,Y,37.46764,-82.53228,N,NULL,NULL,NULL,NULL,NULL,NULL,NULL,NULL,5,3,4,6,1,1,2,2,7,3,N,NULL,Y,N,1648,1704,1705,N,NULL,49,,1,N,,N,N,098-US-0023-0,NULL,NULL,2022,O,7.28E+11,098-US-0023  -000,HIGH,098-US-0023  -000,23.326,0,0,0,0,0,0,0,0,0,0,0,0,0,1
7611,72930872,KSP0900,23-348728,20230805,928,,US119,,,US0119,US0119,0,098 US-119,US0119,N,N,NULL,NULL,NULL,N,NULL,NULL,NULL,NULL,NULL,NULL,24.957,NULL,NULL,NULL,NULL,,NULL,0,0,2,2,N,N,55,NULL,98,9834,NULL,,Y,37.66833,-82.2773,N,NULL,NULL,NULL,NULL,NULL,NULL,NULL,NULL,1,3,4,6,1,1,2,2,7,3,N,NULL,Y,N,928,928,928,N,NULL,55,2,1,N,,N,N,098-US-0119-0,NULL,NULL,2023,O,7.29E+11,098-US-0119  -000,HIGH,098-US-0119  -000,25.008,0,0,0,1,0,0,0,0,0,0,0,0,0,0
7612,72944237,KSP0900,23-386991,20230909,1200,,US23,,,US0023,US0023,,,,N,N,NULL,NULL,NULL,N,NULL,NULL,NULL,NULL,NULL,NULL,29.352,NULL,NULL,NULL,NULL,,NULL,0,0,2,2,N,N,45,NULL,98,9807,NULL,,Y,37.52832,-82.57483,N,NULL,NULL,NULL,NULL,NULL,NULL,NULL,NULL,5,3,6,6,1,1,2,2,7,3,N,NULL,N,N,1200,1210,1224,N,NULL,70,,1,N,,N,N,,NULL,NULL,2023,O,7.29E+11,098-US-0023  -000,MEDIUM,098-US-0023  -000,29.329,0,0,0,1,0,0,1,0,0,0,0,0,0,0
7613,72907544,980100,2.02E+11,20230605,1438,,HIBBARD,,ST,,,0,098 CS-1053,CS1053,Y,N,NULL,NULL,NULL,N,NULL,NULL,NULL,NULL,NULL,NULL,0.027,NULL,NULL,NULL,NULL,,NULL,0,0,2,2,N,N,,NULL,98,9801,NULL,,Y,37.47348,-82.52679,N,NULL,NULL,NULL,NULL,NULL,NULL,NULL,NULL,2,97,1,6,1,1,2,2,1,3,N,NULL,Y,N,1439,1444,1444,N,NULL,90,,,N,,N,N,098-CS-1053-0,NULL,NULL,2023,O,7.29E+11,098-CS-1053  -000,HIGH,098-CS-1053  -000,0.027,0,0,0,1,0,0,1,0,0,0,0,0,0,1
7614,72930882,KSP0900,23-348858,20230805,1257,,US23,,,US0023,US0023,0,098 US-23,US0023,Y,N,NULL,NULL,NULL,N,NULL,NULL,NULL,NULL,NULL,NULL,28.346,NULL,NULL,NULL,NULL,,NULL,0,0,2,2,N,N,15,NULL,98,9807,NULL,,Y,37.51766,-82.56343,N,NULL,NULL,NULL,NULL,NULL,NULL,NULL,NULL,5,97,4,6,1,1,2,2,1,3,N,NULL,Y,N,1257,1301,1301,N,NULL,90,,1,N,,N,N,098-US-0023-0,NULL,NULL,2023,O,7.29E+11,098-US-0023  -000,HIGH,098-US-0023  -000,28.342,0,0,0,1,0,0,0,0,0,0,0,0,0,0
7615,72977850,980100,2.02E+11,20231113,1412,,US23,,,US0023,US0023,0,098 US-23,US0023,N,N,NULL,NULL,NULL,N,NULL,NULL,NULL,NULL,NULL,NULL,20.275,NULL,NULL,NULL,NULL,,NULL,2,0,2,2,N,N,55,NULL,98,9801,NULL,,Y,37.44654,-82.51554,N,NULL,NULL,NULL,NULL,NULL,NULL,NULL,NULL,5,3,4,6,1,1,2,2,7,3,N,NULL,Y,Y,1412,1417,1438,N,NULL,49,,1,N,,N,N,098-US-0023-0,NULL,NULL,2023,B,7.30E+11,098-US-0023  -000,HIGH,098-US-0023  -000,20.214,0,0,0,0,0,0,1,1,0,1,0,1,0,1
7616,72912519,KSP0900,23-229904,20230616,2231,,US460,,,US0460,US0460,0,098 US-460,US0460,N,N,NULL,NULL,NULL,N,NULL,NULL,NULL,NULL,NULL,NULL,2.617,NULL,NULL,NULL,NULL,,NULL,0,0,2,2,N,Y,5,NULL,98,9824,NULL,,Y,37.43042,-82.48038,N,NULL,NULL,NULL,NULL,NULL,NULL,NULL,NULL,2,97,1,6,3,1,2,6,5,3,N,NULL,N,N,2200,2231,,N,NULL,47,,1,N,,N,N,098-US-0460-0,NULL,NULL,2023,O,7.29E+11,098-US-0460  -000,HIGH,098-US-0460  -000,2.738,0,0,0,0,0,0,0,0,0,0,0,0,0,0
7617,72946466,KSP0900,23-390439,20230912,153,,HATFIELD,,BR,,,0,098 CR-1094,CR1094,N,N,NULL,NULL,NULL,N,NULL,NULL,NULL,NULL,NULL,NULL,0.202,NULL,NULL,NULL,NULL,,NULL,1,0,1,1,N,N,35,NULL,98,9863,NULL,,Y,37.58548,-82.19944,N,NULL,NULL,NULL,NULL,NULL,NULL,NULL,NULL,9,3,2,1,1,5,6,2,7,3,N,NULL,N,N,1530,1550,1630,N,NULL,44,,,N,,N,N,098-CR-1094-0,NULL,NULL,2023,B,7.29E+11,098-CR-1094  -000,HIGH,098-CR-1094  -000,0.165,0,0,0,0,0,0,0,1,0,0,0,1,0,0
7618,72879179,980100,2.02E+11,20230324,1617,,CASSIDY,,BLVD,,,,,,Y,N,NULL,NULL,NULL,N,NULL,NULL,NULL,NULL,NULL,NULL,0.246,NULL,NULL,NULL,NULL,,NULL,0,0,2,2,N,N,,NULL,98,9801,NULL,,Y,37.50443,-82.53589,N,NULL,NULL,NULL,NULL,NULL,NULL,NULL,NULL,6,97,,6,1,5,3,2,1,3,N,NULL,Y,N,1617,1626,1626,N,NULL,90,,,N,,N,N,,NULL,NULL,2023,O,7.29E+11,098-CS-1191  -000,MEDIUM,098-CS-1191  -000,0.225,0,0,0,0,0,0,0,0,0,0,0,0,0,1
7619,72941048,980100,2.02E+11,20230901,1128,,HAMBLEY,,BLVD,,,0,098 CS-1222,CS1222,Y,N,NULL,NULL,NULL,N,NULL,NULL,NULL,NULL,NULL,NULL,0.659,NULL,NULL,NULL,NULL,,NULL,0,0,2,2,N,N,,NULL,98,9801,NULL,,Y,37.48045,-82.51904,N,NULL,NULL,NULL,NULL,NULL,NULL,NULL,NULL,8,97,,6,1,1,2,2,5,3,N,NULL,Y,N,1128,1128,1129,N,NULL,90,,,N,,N,N,098-CS-1222-0,NULL,NULL,2023,O,7.29E+11,098-CS-1222  -000,HIGH,098-CS-1222  -000,0.658,0,0,0,0,0,0,0,0,0,0,0,0,0,1
7620,72991132,KSP0900,23-461948,20231117,1704,,WARM,,HOLW,,,0,098 CR-1597E,CR1597E,N,N,NULL,NULL,NULL,N,NULL,NULL,NULL,NULL,NULL,NULL,0.022,NULL,NULL,NULL,NULL,,NULL,0,0,1,1,Y,N,55,NULL,98,9863,NULL,,Y,37.58257,-82.17726,N,NULL,NULL,NULL,NULL,NULL,NULL,NULL,NULL,9,3,2,6,1,5,6,3,7,3,N,NULL,N,N,1812,1846,,Y,NULL,40,,,N,,N,N,098-CR-1597E-0,NULL,NULL,2023,O,7.30E+11,098-CR-1597E -000,HIGH,098-CR-1597E -000,0.021,0,0,0,0,0,0,0,0,0,0,0,1,0,0
7621,72866743,KSP0900,23-63256,20230218,1011,,DORTON-JENKINS,,HWY,KY0805,KY0805,0,098 KY-805,KY0805,N,N,NULL,NULL,NULL,N,NULL,NULL,NULL,NULL,NULL,NULL,4.303,NULL,NULL,NULL,NULL,,NULL,0,0,2,2,N,N,35,NULL,98,9809,NULL,,Y,37.24935,-82.5629,N,NULL,NULL,NULL,NULL,NULL,NULL,NULL,NULL,8,3,2,5,1,5,2,2,7,3,N,NULL,Y,N,1011,1024,1024,N,NULL,53,7,0,N,,N,N,098-KY-0805-0,NULL,NULL,2023,O,7.29E+11,098-KY-0805  -000,HIGH,098-KY-0805  -000,4.301,0,0,0,0,0,0,0,1,0,0,0,1,0,0
7622,72864459,980100,2.02E+11,20230206,1703,,KY1426,,,KY1426,KY1426,0,098 KY-1426,KY1426,Y,N,NULL,NULL,NULL,N,NULL,NULL,NULL,NULL,NULL,NULL,6.745,NULL,NULL,NULL,NULL,,NULL,0,0,2,2,Y,N,15,NULL,98,9801,NULL,,Y,37.48429,-82.5113,N,NULL,NULL,NULL,NULL,NULL,NULL,NULL,NULL,1,97,2,6,1,1,3,2,1,3,N,NULL,Y,N,1703,1704,,N,NULL,90,,0,N,,N,N,098-KY-1426-0,NULL,NULL,2023,O,7.29E+11,098-KY-1426  -000,HIGH,098-KY-1426  -000,6.747,0,0,0,0,0,0,0,0,0,0,0,0,0,1
7623,72920935,KSP0900,23-237692,20230623,623,,KY632,,,KY0632,KY0632,0,098 KY-632,KY0632,N,N,NULL,NULL,NULL,N,NULL,NULL,NULL,NULL,NULL,NULL,2.474,NULL,NULL,NULL,NULL,,NULL,0,0,1,1,N,N,55,NULL,98,9817,NULL,,Y,37.48786,-82.31587,N,NULL,NULL,NULL,NULL,NULL,NULL,NULL,NULL,9,3,2,6,1,1,2,2,7,3,N,NULL,N,N,620,705,730,N,NULL,44,6,0,N,,N,N,098-KY-0632-0,NULL,NULL,2023,O,7.29E+11,098-KY-0632  -000,HIGH,098-KY-0632  -000,2.449,0,0,0,0,0,0,1,0,0,0,0,1,0,0
7624,72864643,980100,2.02E+11,20230210,834,,COLLEGE,N,ST,,,0,098 CS-1108,CS1108,N,N,NULL,NULL,NULL,N,NULL,NULL,NULL,NULL,NULL,NULL,0.19,NULL,NULL,NULL,NULL,,NULL,0,0,2,2,N,N,15,NULL,98,9801,NULL,,Y,37.47769,-82.51956,N,NULL,NULL,NULL,NULL,NULL,NULL,NULL,NULL,1,5,2,6,1,1,2,2,1,3,N,NULL,Y,N,834,837,837,N,NULL,46,,,N,,N,N,098-CS-1108-0,NULL,NULL,2023,O,7.29E+11,098-CS-1108  -000,HIGH,098-CS-1108  -000,0.19,0,0,0,0,0,0,1,0,0,0,0,0,0,1
7625,72933415,KSP0900,23-356706,20230812,1648,,ELKHORN,,CRK,KY0197,KY0197,0,098 KY-197,KY0197,N,N,NULL,NULL,NULL,N,NULL,NULL,NULL,NULL,NULL,NULL,7.508,NULL,NULL,NULL,NULL,,NULL,0,0,2,2,N,N,55,NULL,98,9864,NULL,,Y,37.25914,-82.46519,N,NULL,NULL,NULL,NULL,NULL,NULL,NULL,NULL,1,3,2,3,1,1,2,2,7,3,N,NULL,Y,N,1653,1738,,N,NULL,55,7,0,N,,N,N,098-KY-0197-0,NULL,NULL,2023,O,7.29E+11,098-KY-0197  -000,HIGH,098-KY-0197  -000,7.51,0,0,0,1,0,0,1,0,0,0,0,0,0,0
7626,72783241,980100,2.02E+11,20220715,1147,,SYCAMORE,,ST,,,0,098 CS-1168,CS1168,Y,N,NULL,NULL,NULL,N,NULL,NULL,NULL,NULL,NULL,NULL,0.288,NULL,NULL,NULL,NULL,,NULL,0,0,2,2,N,N,,NULL,98,9801,NULL,,Y,37.48069,-82.52079,N,NULL,NULL,NULL,NULL,NULL,NULL,NULL,NULL,1,97,1,6,1,1,2,2,8,3,N,NULL,Y,N,1147,1157,1157,N,NULL,90,,,N,,N,N,098-CS-1168-0,NULL,NULL,2022,O,7.28E+11,098-CS-1168  -000,HIGH,098-CS-1168  -000,0.288,0,0,1,0,0,0,1,0,0,0,0,0,0,0
7627,72811339,980100,2.02E+11,20220927,852,,BYPASS,S,RD,KY1426,KY1426,,,,Y,N,NULL,NULL,NULL,N,NULL,NULL,NULL,NULL,NULL,NULL,5.546,NULL,NULL,NULL,NULL,,NULL,0,0,1,1,N,N,,NULL,98,9801,NULL,,Y,37.47241,-82.52544,N,NULL,NULL,NULL,NULL,NULL,NULL,NULL,NULL,9,97,,6,1,1,2,2,5,3,N,NULL,Y,N,852,855,855,N,NULL,90,,0,N,,N,N,,NULL,NULL,2022,O,7.28E+11,098-KY-1426  -000,HIGH,098-KY-1426  -000,5.546,0,0,0,0,0,0,0,0,0,0,0,0,0,1
7628,72815625,980500,2022AR048,20221012,1650,,US 23 NORTH,,,,,,,,N,N,NULL,NULL,NULL,N,NULL,NULL,NULL,NULL,NULL,NULL,,NULL,NULL,NULL,NULL,NULL,NULL,0,0,2,2,N,N,45,NULL,98,9807,NULL,,Y,37.51612,-82.5611,N,NULL,NULL,NULL,NULL,NULL,NULL,NULL,NULL,8,3,6,6,1,1,2,2,7,3,N,NULL,Y,Y,1650,1655,1655,N,NULL,53,,,N,,N,N,,NULL,NULL,2022,O,7.28E+11,098-US-0023  -010,MEDIUM,098-US-0023  -000,28.17,0,0,1,0,0,0,1,0,0,0,0,1,0,0
7629,72953997,KSP0900,23-401812,20230923,800,,US119,,,US0119,US0119,0,098 US-119,US0119,N,N,NULL,NULL,NULL,N,NULL,NULL,NULL,NULL,NULL,NULL,23.414,NULL,NULL,NULL,NULL,,NULL,0,0,2,2,N,N,55,NULL,98,9836,NULL,,Y,37.64804,-82.26722,N,NULL,NULL,NULL,NULL,NULL,NULL,NULL,NULL,5,3,2,6,1,1,10,2,7,3,N,NULL,Y,N,800,800,800,N,NULL,70,2,1,N,,N,N,098-US-0119-0,NULL,NULL,2023,O,7.30E+11,098-US-0119  -000,HIGH,098-US-0119  -000,23.449,0,0,0,1,0,0,0,0,0,0,0,0,0,0
7630,72902495,KSP0900,23-188661,20230518,1853,,WILLIAMSON,,RD,KY0292,KY0292,0,098 KY-292,KY0292,N,N,NULL,NULL,NULL,N,NULL,NULL,NULL,NULL,NULL,NULL,6.235,NULL,NULL,NULL,NULL,,NULL,0,0,1,1,N,N,45,NULL,98,9834,NULL,,Y,37.67099,-82.29549,N,NULL,NULL,NULL,NULL,NULL,NULL,NULL,NULL,9,3,2,6,1,5,2,2,7,3,N,NULL,Y,N,1856,1931,1856,N,NULL,40,7,0,N,,N,N,098-KY-0292-0,NULL,NULL,2023,O,7.29E+11,098-KY-0292  -000,HIGH,098-KY-0292  -000,6.24,0,0,0,0,0,0,1,0,0,0,0,1,0,0
7631,72961764,980500,2023AR049,20231020,1051,,US23,,,US0023,US0023,0,098 US-23,US0023,N,N,NULL,NULL,NULL,N,NULL,NULL,NULL,NULL,NULL,NULL,,NULL,NULL,NULL,NULL,NULL,NULL,0,0,1,1,N,N,45,NULL,98,9807,0.2,N,N,37.53428,-82.57825,N,NULL,NULL,NULL,NULL,NULL,NULL,NULL,NULL,9,3,4,6,1,5,6,2,7,3,N,NULL,Y,Y,1051,1051,1051,N,NULL,38,,1,N,,N,N,098-US-0023-0,NULL,NULL,2023,O,7.30E+11,098-US-0023  -000,HIGH,098-US-0023  -000,29.781,0,0,0,0,0,0,0,0,0,0,0,0,0,1
7632,72850722,980000,22-12-004,20221212,105,,KY197,,,KY0197,KY0197,0,098 KY-197,KY0197,N,N,NULL,NULL,NULL,N,NULL,NULL,NULL,NULL,NULL,NULL,16.117,NULL,NULL,NULL,NULL,,NULL,0,0,1,1,N,N,35,NULL,98,9802,NULL,,Y,37.29771,-82.35481,N,NULL,NULL,NULL,NULL,NULL,NULL,NULL,NULL,9,3,2,3,1,1,2,6,7,3,N,NULL,Y,Y,1000,1800,1800,N,NULL,38,7,0,N,,N,N,098-KY-0197-0,NULL,NULL,2022,O,7.29E+11,098-KY-0197  -000,HIGH,098-KY-0197  -000,16.117,0,0,0,0,0,0,0,0,0,0,0,0,0,0
7633,72972036,KSP0900,23-448643,20231106,1329,,KY194,,,KY0194,KY0194,0,098 KY-194,KY0194,N,N,NULL,NULL,NULL,N,NULL,NULL,NULL,NULL,NULL,NULL,55.139,NULL,NULL,NULL,NULL,,NULL,0,0,2,2,Y,N,35,NULL,98,9804,NULL,,Y,37.51321,-82.15186,N,NULL,NULL,NULL,NULL,NULL,NULL,NULL,NULL,2,6,2,6,1,1,2,2,7,3,N,NULL,N,N,1329,1329,1329,N,NULL,47,8,0,N,,N,N,098-KY-0194-0,NULL,NULL,2023,O,7.30E+11,098-KY-0194  -000,HIGH,098-KY-0194  -000,55.135,0,0,0,0,0,0,0,0,0,0,0,0,0,0
7634,72893415,980500,2023AR018,20230501,1637,,MAYO TRAIL,N,,,,,,,Y,N,NULL,NULL,NULL,N,NULL,NULL,NULL,NULL,NULL,NULL,,NULL,NULL,NULL,NULL,NULL,NULL,0,0,2,2,N,N,,NULL,98,9807,NULL,,Y,37.51974,-82.56816,N,NULL,NULL,NULL,NULL,NULL,NULL,NULL,NULL,2,97,2,6,1,1,3,2,5,3,N,NULL,Y,Y,1637,1637,1637,N,NULL,90,,,N,,N,N,,NULL,NULL,2023,O,7.29E+11,098-CS-3000  -000,MEDIUM,098-CS-3000  -000,0.553,0,0,0,0,0,0,0,0,0,0,0,0,0,0
7635,72828814,980100,2.02E+11,20221112,2130,,HAMBLEY,,BLVD,,,0,098 CS-1222,CS1222,N,N,NULL,NULL,NULL,N,NULL,NULL,NULL,NULL,NULL,NULL,0.914,NULL,NULL,NULL,NULL,,NULL,0,0,2,2,N,N,35,NULL,98,9801,NULL,,Y,37.48369,-82.5205,N,NULL,NULL,NULL,NULL,NULL,NULL,NULL,NULL,2,2,2,6,1,5,3,5,7,3,N,NULL,Y,Y,2130,2130,2146,N,NULL,47,,,N,,N,N,098-CS-1222-0,NULL,NULL,2022,O,7.28E+11,098-CS-1222  -000,HIGH,098-CS-1222  -000,0.914,0,0,0,0,0,0,0,0,0,1,0,0,0,1
7636,72894731,980100,2.02E+11,20230504,1713,,BYPASS,S,RD,KY1426,KY1426,0,098 KY-1426,KY1426,N,N,NULL,NULL,NULL,N,NULL,NULL,NULL,NULL,NULL,NULL,6.476,NULL,NULL,NULL,NULL,,NULL,0,0,2,2,N,N,35,NULL,98,9801,NULL,,Y,37.48136,-82.51424,N,NULL,NULL,NULL,NULL,NULL,NULL,NULL,NULL,5,3,2,6,1,1,2,2,3,3,N,NULL,Y,N,1713,1725,1725,N,NULL,49,,0,N,,N,N,098-KY-1426-0,NULL,NULL,2023,O,7.29E+11,098-KY-1426  -000,HIGH,098-KY-1426  -000,6.476,0,0,0,0,0,0,1,0,0,0,0,0,0,1
7637,72912588,KSP0900,23-216236,20230607,833,,BRUSHY,,RD,,,0,098 CR-1429Q4,CR1429Q4,N,N,NULL,NULL,NULL,N,NULL,NULL,NULL,NULL,NULL,NULL,0.557,NULL,NULL,NULL,NULL,,NULL,1,0,2,2,Y,N,25,NULL,98,9801,0.6,N,N,37.66854,-82.48468,N,NULL,NULL,NULL,NULL,NULL,NULL,NULL,NULL,3,3,1,4,1,5,3,2,7,3,Y,NULL,Y,Y,833,852,1039,N,NULL,52,,,N,,N,N,098-CR-1429Q4-0,NULL,NULL,2023,C,7.29E+11,098-CR-1429Q4-000,HIGH,098-CR-1429Q4-000,0.388,0,0,0,0,0,0,1,0,0,0,0,1,0,0
7638,72913112,980100,2.02E+11,20230615,1717,,CEDAR HILLS,,RD,KY1426,KY1426,,,,N,N,NULL,NULL,NULL,N,NULL,NULL,NULL,NULL,NULL,NULL,4.74,NULL,NULL,NULL,NULL,,NULL,0,0,2,2,N,N,35,NULL,98,9801,NULL,,Y,37.4632,-82.52593,N,NULL,NULL,NULL,NULL,NULL,NULL,NULL,NULL,5,3,2,6,1,1,2,2,7,3,N,NULL,Y,N,1717,1720,,N,NULL,49,,0,N,,N,N,,NULL,NULL,2023,O,7.29E+11,098-KY-1426  -000,HIGH,098-KY-1426  -000,4.743,0,0,0,0,0,0,1,0,0,0,0,0,0,1
7639,72924562,KSP0900,23-329543,20230718,1927,,GRAPEVINE,,RD,KY0194,KY0194,0,098 KY-194,KY0194,N,N,NULL,NULL,NULL,N,NULL,NULL,NULL,NULL,NULL,NULL,29.7,NULL,NULL,NULL,NULL,,NULL,0,0,1,1,N,N,55,NULL,98,9849,NULL,,Y,37.45881,-82.35733,N,NULL,NULL,NULL,NULL,NULL,NULL,NULL,NULL,9,3,2,2,1,5,6,2,7,3,N,NULL,Y,N,1927,2009,2030,N,NULL,44,7,0,N,,N,N,098-KY-0194-0,NULL,NULL,2023,O,7.29E+11,098-KY-0194  -000,HIGH,098-KY-0194  -000,29.701,0,0,0,0,0,0,0,0,0,0,0,1,0,0
7640,72901090,KSP0900,23-189424,20230519,1140,,KY194,,,KY0194,KY0194,0,098 KY-194,KY0194,N,N,NULL,NULL,NULL,N,NULL,NULL,NULL,NULL,NULL,NULL,67.036,NULL,NULL,NULL,NULL,,NULL,1,0,2,2,N,N,35,NULL,98,9825,NULL,,Y,37.51904,-82.09505,N,NULL,NULL,NULL,NULL,NULL,NULL,NULL,NULL,1,3,2,2,1,1,2,2,7,3,Y,NULL,Y,Y,1143,1213,1213,N,NULL,55,7,0,N,,N,N,098-KY-0194-0,NULL,NULL,2023,C,7.29E+11,098-KY-0194  -000,HIGH,098-KY-0194  -000,67.026,0,0,0,0,0,0,0,0,0,0,0,0,0,0
7641,72782096,980100,2.02E+11,20220706,1627,,US23,,,US0023,US0023,0,098 US-23-10,US0023,N,N,NULL,NULL,NULL,N,NULL,NULL,NULL,NULL,NULL,NULL,21.527,NULL,NULL,NULL,NULL,,NULL,0,0,2,2,N,N,55,NULL,98,9801,NULL,,Y,37.45218,-82.52322,N,NULL,NULL,NULL,NULL,NULL,NULL,NULL,NULL,4,3,4,6,1,5,3,2,7,3,N,NULL,Y,N,1628,1632,,N,NULL,70,,1,N,,N,N,098-US-0023-10,NULL,NULL,2022,O,7.28E+11,098-US-0023  -010,HIGH,098-US-0023  -000,21.527,0,0,0,1,0,0,1,1,0,0,0,0,0,1
7642,72892148,980100,2.02E+11,20230426,1514,,KY1460,,,KY1460,KY1460,0,098 KY-1460,KY1460,N,Y,ADAMS,,LN,N,NULL,NULL,NULL,NULL,NULL,NULL,6.981,NULL,NULL,NULL,NULL,,NULL,0,0,2,2,N,N,45,NULL,98,9801,NULL,,Y,37.48522,-82.54393,N,NULL,NULL,NULL,NULL,NULL,NULL,NULL,NULL,4,3,2,2,1,1,2,2,7,3,N,NULL,Y,N,1514,1519,1519,N,NULL,4,16,0,N,,N,N,098-KY-1460-0,NULL,NULL,2023,O,7.29E+11,098-KY-1460  -000,HIGH,098-KY-1460  -000,6.964,0,0,0,0,0,0,1,0,0,0,1,0,0,1