OBJECTID,MasterFile,AgencyORINumber,LocalCode,CollisionDate,CollisionTime,CollisionDayWeekCode,RoadwayName,RoadwayName_Direction_,RoadwayName_RoadwaySuffix_,RoadwayfromReport,CurrentRoadwayNumber,RoadwayNumberCoupletID,RSEUniqueGIS,RoadwayIdentifier,ParkingLotIndicator,IntersectionWith_Indicator_,IntersectionWith_NameRoadway_,IntersectionWith_Direction_,IntersectionWith_RoadwaySuffix_,BetweenStreets_Indicator_,BetweenStreets1_NameRoadway_,BetweenStreet1_Direction_,BetweenStreets1_RoadwaySuffix_,BetweenStreets2_NameRoadway_,BetweenStreets2_Direction_,BetweenStreets2_RoadwaySuffix_,Milepoint,ReportMilepointDeriveNumber,CurrentDerivedMiepointNumber,MilestoMilepoint,FeettoMilepoint,DirectionfromMilepoint_NSEW_,ValidMilepointIndicator,NumberInjured,NumberKilled,ofUnits,ofMotorVehicleUnits,Hit&RunIndicator,OneWayIndicator,SpeedLimitNumber,KilometersIndicator,CountyCode,CityCountyCode,MilesFromCity,DirectionFromCity_NSEW_,InCityLimitsIndicator,Latitude,Longitude,RampIndicator,RampFromIdentifier,RampFromDirCode,RampFromCoupletID,RSEUniqueGISRampFrom,RampToidentifier,RampToDirCode,RampToCoupletID,RSEUniqueGisRampTo,MannerofCollisionCode,LocationFirstEventCode,TotalLanes,RoadwayCharacterCode,RoadwaySurfaceCode,RoadwayConditionCode,WeatherCode,LightConditionCode,LandUseCode,SchoolBusRelatedCode,FirstAidSceneIndicator,CollDescPresentInd,InvestigationCompleteIndicator,PhotosTakenIndicator,TimeNotified,TimeArrived,TimeRoadwayOpened,PropertyDamageIndicator,DiagramPresentIndicator,DirectionalAnalysis,FunctionClassCode,NationalHwySysCode,EnforcementsIndicator,KARSCityCode,SecondaryCollisionIndicator,MedianCrossoverIndicator,RT_UNIQUE,MapIt,TimeLastLeft,YR,KABCO,MFNY,WorkingRID,RT_CONFIDENCE,KTC_RT,KTC_MP,Motorcyclist,Commercial Vehicle,Young Driver,Mature Driver,Pedestrian,Bicyclist,Distracted,Aggressive,Impaired,Unrestrained,Intersection,Roadway Departure,Median Cross-over,City Crash
7643,72885582,KSP0900,23-118537,20230328,2224,,US119,,,US0119,US0119,0,098 US-119,US0119,N,N,NULL,NULL,NULL,N,NULL,NULL,NULL,NULL,NULL,NULL,21.691,NULL,NULL,NULL,NULL,,NULL,0,0,2,2,N,N,55,NULL,98,9836,NULL,,Y,37.62951,-82.26216,N,NULL,NULL,NULL,NULL,NULL,NULL,NULL,NULL,7,3,2,3,1,5,6,6,7,3,N,NULL,Y,N,2224,2233,2300,N,NULL,54,2,1,N,,N,N,098-US-0119-0,NULL,NULL,2023,O,7.29E+11,098-US-0119  -000,HIGH,098-US-0119  -000,21.69,0,0,0,0,0,0,0,0,0,0,0,1,0,0
7644,72969526,KSP0900,23-446835,20231104,2140,,VENTERS,,LN,,,0,098 CR-1415,CR1415,Y,N,NULL,NULL,NULL,N,NULL,NULL,NULL,NULL,NULL,NULL,0.268,NULL,NULL,NULL,NULL,,NULL,0,0,2,2,N,N,,NULL,98,9801,NULL,,Y,37.53972,-82.59753,N,NULL,NULL,NULL,NULL,NULL,NULL,NULL,NULL,2,97,,5,3,1,2,6,1,3,N,NULL,N,N,2142,2157,2210,N,NULL,90,,,N,,N,N,098-CR-1415-0,NULL,NULL,2023,O,7.30E+11,098-CR-1415  -000,MEDIUM,098-CR-1415  -000,0,0,0,0,1,0,0,0,0,0,0,0,0,0,0
7645,72961236,980100,2.02E+11,20231019,1555,,CEDAR HILLS,,RD,KY1426,KY1426,0,098 KY-1426,KY1426,Y,N,NULL,NULL,NULL,N,NULL,NULL,NULL,NULL,NULL,NULL,4.754,NULL,NULL,NULL,NULL,,NULL,0,0,2,2,Y,N,15,NULL,98,9801,NULL,,Y,37.46337,-82.52593,N,NULL,NULL,NULL,NULL,NULL,NULL,NULL,NULL,5,97,2,6,1,1,3,2,1,3,N,NULL,N,N,1555,1601,1614,N,NULL,90,,0,N,,N,N,098-KY-1426-0,NULL,NULL,2023,O,7.30E+11,098-KY-1426  -000,HIGH,098-KY-1426  -000,4.754,0,0,0,1,0,0,1,0,0,0,0,0,0,1
7646,72820300,KSP0900,22-409436,20221024,1043,,DAVIN ST,,,,,,,,Y,N,NULL,NULL,NULL,N,NULL,NULL,NULL,NULL,NULL,NULL,,NULL,NULL,NULL,NULL,,NULL,0,0,1,1,N,N,15,NULL,98,9801,NULL,,Y,37.51472,-82.51868,N,NULL,NULL,NULL,NULL,NULL,NULL,NULL,NULL,9,97,1,4,3,1,2,2,1,3,N,NULL,Y,N,1043,1110,1110,N,NULL,90,,,N,,N,N,,NULL,NULL,2022,O,7.28E+11,098-CR-1483  -000,MEDIUM,098-CR-1483  -000,0.499,0,0,0,0,0,0,0,0,0,0,0,1,0,0
7647,72928369,980200,KY0980200,20230717,1500,,BIG BRANCH,,RD,,,0,098 CR-1622,CR1622,N,N,NULL,NULL,NULL,N,NULL,NULL,NULL,NULL,NULL,NULL,0.538,NULL,NULL,NULL,NULL,,NULL,0,0,2,2,N,N,35,NULL,98,9802,NULL,,Y,37.29325,-82.36809,N,NULL,NULL,NULL,NULL,NULL,NULL,NULL,NULL,7,5,1,4,1,1,2,2,6,3,N,NULL,Y,Y,1500,1502,,N,NULL,51,,,N,,N,N,098-CR-1622-0,NULL,NULL,2023,O,7.29E+11,098-CR-1622  -000,HIGH,098-CR-1622  -000,0.544,0,0,0,0,0,0,0,0,0,0,0,1,0,0
7648,72834633,980100,2.02E+11,20221117,1609,,US23,,,US0023,US0023,0,098 US-23-10,US0023,N,N,NULL,NULL,NULL,N,NULL,NULL,NULL,NULL,NULL,NULL,22.291,NULL,NULL,NULL,NULL,,NULL,3,0,2,2,N,N,55,NULL,98,9801,NULL,,Y,37.46135,-82.51697,N,NULL,NULL,NULL,NULL,NULL,NULL,NULL,NULL,4,3,4,3,1,1,2,2,7,3,Y,NULL,Y,Y,1609,1613,1719,N,NULL,70,,1,N,,N,N,098-US-0023-10,NULL,NULL,2022,C,7.28E+11,098-US-0023  -010,HIGH,098-US-0023  -000,22.291,0,0,0,0,0,0,1,0,0,0,0,0,0,1
7649,72978998,980100,2.02E+11,20231127,1732,,THOMPSON,,RD,,,0,098 CS-1215,CS1215,N,N,NULL,NULL,NULL,N,NULL,NULL,NULL,NULL,NULL,NULL,0.439,NULL,NULL,NULL,NULL,,NULL,2,0,2,2,N,N,35,NULL,98,9801,NULL,,Y,37.50631,-82.54472,N,NULL,NULL,NULL,NULL,NULL,NULL,NULL,NULL,1,3,2,6,1,1,2,3,1,3,Y,NULL,Y,N,1732,1737,1821,N,NULL,55,,,N,,N,N,098-CS-1215-0,NULL,NULL,2023,C,7.30E+11,098-CS-1215  -000,HIGH,098-CS-1215  -000,0.449,0,0,0,0,0,0,1,1,0,0,0,0,0,1
7650,72906449,KSP0900,23-209714,20230602,1903,,US460,,,US0460,US0460,0,098 US-460,US0460,N,N,NULL,NULL,NULL,N,NULL,NULL,NULL,NULL,NULL,NULL,4.171,NULL,NULL,NULL,NULL,,NULL,0,0,2,2,N,N,55,NULL,98,9824,NULL,,Y,37.41904,-82.45905,N,NULL,NULL,NULL,NULL,NULL,NULL,NULL,NULL,7,3,2,6,1,1,2,2,7,3,N,NULL,N,N,1903,1949,2030,N,NULL,54,,1,N,,N,N,098-US-0460-0,NULL,NULL,2023,O,7.29E+11,098-US-0460  -000,HIGH,098-US-0460  -000,4.172,0,0,0,0,0,0,0,0,0,0,0,1,0,0
7651,72850863,KSP0900,23-3199,20230103,1400,,US119,,,US0119,US0119,0,098 US-119,US0119,Y,N,NULL,NULL,NULL,N,NULL,NULL,NULL,NULL,NULL,NULL,22.539,NULL,NULL,NULL,NULL,,NULL,0,0,2,2,N,N,55,NULL,98,9842,NULL,,Y,37.63995,-82.25861,N,NULL,NULL,NULL,NULL,NULL,NULL,NULL,NULL,2,97,2,6,1,1,3,2,1,3,N,NULL,N,N,1400,1400,1430,N,NULL,90,2,1,Y,,N,N,098-US-0119-0,NULL,NULL,2023,O,7.29E+11,098-US-0119  -000,HIGH,098-US-0119  -000,22.61,0,0,0,0,0,0,0,0,0,0,0,0,0,0
7652,72911122,KSP0900,23-226848,20230614,2025,,US23,,,US0023,US0023,0,098 US-23,US0023,N,N,NULL,NULL,NULL,N,NULL,NULL,NULL,NULL,NULL,NULL,7.289,NULL,NULL,NULL,NULL,,NULL,0,0,1,1,N,N,55,NULL,98,9809,NULL,,Y,37.30592,-82.54489,N,NULL,NULL,NULL,NULL,NULL,NULL,NULL,NULL,9,3,4,2,1,5,6,3,7,3,N,NULL,Y,N,2027,2050,2050,N,NULL,44,,1,N,,N,N,098-US-0023-0,NULL,NULL,2023,O,7.29E+11,098-US-0023  -000,HIGH,098-US-0023  -000,7.281,0,0,0,0,0,0,0,0,0,0,0,1,0,0
7653,72873108,980100,2.02E+11,20230224,719,,US23,,,US0023,US0023,0,098 US-23,US0023,N,N,NULL,NULL,NULL,N,NULL,NULL,NULL,NULL,NULL,NULL,26.285,NULL,NULL,NULL,NULL,,NULL,3,0,2,2,N,N,55,NULL,98,9801,NULL,,Y,37.50368,-82.53215,N,NULL,NULL,NULL,NULL,NULL,NULL,NULL,NULL,1,3,4,6,1,1,3,2,7,3,Y,NULL,Y,Y,719,723,808,N,NULL,55,,1,N,,N,N,098-US-0023-0,NULL,NULL,2023,C,7.29E+11,098-US-0023  -000,HIGH,098-US-0023  -000,26.222,0,0,0,0,0,0,0,1,0,0,0,0,0,1
7654,72970117,980100,2.02E+11,20231108,905,,US23,,,US0023,US0023,,,,N,Y,CASSIDY,,BLVD,N,NULL,NULL,NULL,NULL,NULL,NULL,26.311,NULL,NULL,NULL,NULL,,NULL,0,0,2,2,N,N,55,NULL,98,9801,NULL,,Y,37.504,-82.53239,N,NULL,NULL,NULL,NULL,NULL,NULL,NULL,NULL,5,3,8,6,1,1,2,2,1,3,N,NULL,Y,N,905,911,,N,NULL,35,,1,N,,N,N,,NULL,NULL,2023,O,7.30E+11,098-US-0023  -010,MEDIUM,098-US-0023  -000,26.245,0,0,0,0,0,0,1,0,0,0,1,0,0,1
7655,72923522,KSP0900,23-328904,20230718,909,,ABNER MOUNTAIN,,RD,KY0122,KY0122,0,098 KY-122,KY0122,N,N,NULL,NULL,NULL,N,NULL,NULL,NULL,NULL,NULL,NULL,0.739,NULL,NULL,NULL,NULL,,NULL,1,0,2,2,N,N,35,NULL,98,9827,NULL,,Y,37.34398,-82.64942,N,NULL,NULL,NULL,NULL,NULL,NULL,NULL,NULL,7,3,2,2,1,1,2,2,7,3,Y,NULL,Y,Y,909,1002,1030,N,NULL,54,,0,N,,N,N,098-KY-0122-0,NULL,NULL,2023,C,7.29E+11,098-KY-0122  -000,HIGH,098-KY-0122  -000,0.915,0,1,0,0,0,0,1,0,0,0,0,1,0,0
7656,72880623,KSP0900,23-108353,20230321,1926,,KY1469,,,KY1469,KY1469,0,098 KY-1469,KY1469,N,N,NULL,NULL,NULL,N,NULL,NULL,NULL,NULL,NULL,NULL,5.058,NULL,NULL,NULL,NULL,,NULL,1,0,2,2,N,N,55,NULL,98,9827,NULL,,Y,37.29383,-82.66337,N,NULL,NULL,NULL,NULL,NULL,NULL,NULL,NULL,7,3,2,3,1,1,2,2,7,3,Y,NULL,Y,Y,1927,1948,2030,N,NULL,54,8,0,N,,N,N,098-KY-1469-0,NULL,NULL,2023,C,7.29E+11,098-KY-1469  -000,HIGH,098-KY-1469  -000,5.074,0,1,0,0,0,0,1,0,0,0,0,1,0,0
7657,72885251,KSP0900,23-128794,20230405,500,,US119,,,US0119,US0119,0,098 US-119,US0119,N,N,NULL,NULL,NULL,N,NULL,NULL,NULL,NULL,NULL,NULL,15.096,NULL,NULL,NULL,NULL,,NULL,0,0,1,1,N,N,55,NULL,98,9838,NULL,,Y,37.61224,-82.33463,N,NULL,NULL,NULL,NULL,NULL,NULL,NULL,NULL,9,3,2,6,1,1,3,6,7,3,N,NULL,Y,N,515,545,500,N,NULL,38,2,1,N,,N,N,098-US-0119-0,NULL,NULL,2023,O,7.29E+11,098-US-0119  -000,HIGH,098-US-0119  -000,15.122,0,0,0,0,0,0,0,0,0,0,0,0,0,0
7658,72834363,KSP0900,22-454102,20221127,3,,KY194,E,,KY0194,KY0194,0,098 KY-194,KY0194,N,N,NULL,NULL,NULL,N,NULL,NULL,NULL,NULL,NULL,NULL,55.668,NULL,NULL,NULL,NULL,,NULL,0,0,1,1,N,N,35,NULL,98,9804,NULL,,Y,37.52087,-82.15462,N,NULL,NULL,NULL,NULL,NULL,NULL,NULL,NULL,9,3,2,6,1,1,2,7,7,3,N,NULL,Y,N,3,43,43,N,NULL,38,7,0,N,,N,N,098-KY-0194-0,NULL,NULL,2022,O,7.28E+11,098-KY-0194  -000,HIGH,098-KY-0194  -000,55.668,0,0,0,0,0,0,0,0,0,0,0,0,0,0
7659,72897571,980100,2.02E+11,20230501,1630,,US23,,,US0023,US0023,0,098 US-23-10,US0023,Y,N,NULL,NULL,NULL,N,NULL,NULL,NULL,NULL,NULL,NULL,21.54,NULL,NULL,NULL,NULL,,NULL,0,0,2,2,N,N,,NULL,98,9801,NULL,,Y,37.45234,-82.52311,N,NULL,NULL,NULL,NULL,NULL,NULL,NULL,NULL,2,97,4,6,1,1,2,2,1,3,N,NULL,Y,N,1630,1638,1638,N,NULL,90,,1,N,,N,N,098-US-0023-10,NULL,NULL,2023,O,7.29E+11,098-US-0023  -010,HIGH,098-US-0023  -000,21.474,0,0,0,1,0,0,1,0,0,0,0,0,0,1
7660,72813943,980100,2.02E+11,20221007,1657,,BYPASS,S,RD,KY1426,KY1426,,,,N,N,NULL,NULL,NULL,N,NULL,NULL,NULL,NULL,NULL,NULL,5.541,NULL,NULL,NULL,NULL,,NULL,0,0,2,2,N,N,35,NULL,98,9801,NULL,,Y,37.47233,-82.52552,N,NULL,NULL,NULL,NULL,NULL,NULL,NULL,NULL,1,3,2,6,1,1,2,2,1,3,N,NULL,Y,N,1657,1657,,N,NULL,55,,0,N,,N,N,,NULL,NULL,2022,O,7.28E+11,098-KY-1426  -000,HIGH,098-KY-1426  -000,5.541,0,0,0,0,0,0,0,0,0,1,0,0,0,1
7661,72982870,980000,23-12-001,20231207,1305,,US HWY 119 N,,,,,,,,Y,N,NULL,NULL,NULL,N,NULL,NULL,NULL,NULL,NULL,NULL,,NULL,NULL,NULL,NULL,NULL,NULL,0,0,2,2,N,N,15,NULL,98,9836,0.1,S,N,37.61932,-82.26841,N,NULL,NULL,NULL,NULL,NULL,NULL,NULL,NULL,8,97,2,4,1,1,2,2,1,3,N,NULL,Y,N,1445,1500,1525,N,NULL,90,,,N,,N,N,,NULL,NULL,2023,O,7.30E+11,098-US-0119  -000,MEDIUM,098-US-0119  -000,20.835,0,0,0,1,0,0,1,0,0,0,0,0,0,0
7662,72794105,980100,2.02E+11,20220815,1043,,US23,,,US0023,US0023,0,098 US-23,US0023,N,N,NULL,NULL,NULL,N,NULL,NULL,NULL,NULL,NULL,NULL,25.411,NULL,NULL,NULL,NULL,,NULL,0,0,2,2,N,N,55,NULL,98,9801,NULL,,Y,37.49218,-82.53471,N,NULL,NULL,NULL,NULL,NULL,NULL,NULL,NULL,5,3,4,6,1,5,3,2,7,3,N,NULL,Y,N,1044,1052,1052,N,NULL,49,,1,N,,N,N,098-US-0023-0,NULL,NULL,2022,O,7.28E+11,098-US-0023  -000,HIGH,098-US-0023  -000,25.411,0,0,0,1,0,0,1,0,0,0,0,0,0,1
7663,72941534,KSP0900,23-378956,20230902,630,,BIG CREEK,E,RD,KY3220,KY3220,0,098 KY-3220,KY3220,N,N,NULL,NULL,NULL,N,NULL,NULL,NULL,NULL,NULL,NULL,2.512,NULL,NULL,NULL,NULL,,NULL,0,0,1,1,N,N,35,NULL,98,9833,NULL,,Y,37.60868,-82.32987,N,NULL,NULL,NULL,NULL,NULL,NULL,NULL,NULL,9,3,2,6,1,1,2,2,7,3,N,NULL,Y,Y,630,630,630,N,NULL,44,8,0,N,,N,N,098-KY-3220-0,NULL,NULL,2023,O,7.29E+11,098-KY-3220  -000,HIGH,098-KY-3220  -000,2.513,0,0,0,0,0,0,0,0,1,0,0,1,0,0
7664,72962907,KSP0900,23-433540,20231023,1446,,VIRGIE,,RD,KY0610,KY0610,0,098 KY-610,KY0610,N,N,NULL,NULL,NULL,N,NULL,NULL,NULL,NULL,NULL,NULL,7.972,NULL,NULL,NULL,NULL,,NULL,0,0,2,2,N,N,35,NULL,98,9827,NULL,,Y,37.33814,-82.58666,N,NULL,NULL,NULL,NULL,NULL,NULL,NULL,NULL,1,3,2,6,1,1,2,2,7,3,N,NULL,Y,N,1526,1534,1600,N,NULL,55,7,0,N,,N,N,098-KY-0610-0,NULL,NULL,2023,O,7.30E+11,098-KY-0610  -000,HIGH,098-KY-0610  -000,7.961,0,0,0,1,0,0,1,0,0,0,0,0,0,0
7665,72854020,980100,2.02E+11,20230113,1542,,US23,,,US0023,US0023,0,098 US-23,US0023,N,N,NULL,NULL,NULL,N,NULL,NULL,NULL,NULL,NULL,NULL,26.217,NULL,NULL,NULL,NULL,,NULL,0,0,2,2,N,N,55,NULL,98,9801,NULL,,Y,37.50272,-82.53202,N,NULL,NULL,NULL,NULL,NULL,NULL,NULL,NULL,5,3,6,6,1,5,9,2,7,3,N,NULL,Y,N,1542,1542,1544,N,NULL,49,,1,Y,,N,N,098-US-0023-0,NULL,NULL,2023,O,7.29E+11,098-US-0023  -000,HIGH,098-US-0023  -000,26.155,0,0,0,0,0,0,1,0,0,1,0,0,0,1
7666,72911287,980100,2.02E+11,20230615,1025,,HAMBLEY,,BLVD,,,0,098 CS-1222,CS1222,Y,N,NULL,NULL,NULL,N,NULL,NULL,NULL,NULL,NULL,NULL,1.632,NULL,NULL,NULL,NULL,,NULL,0,0,2,2,N,N,,NULL,98,9801,NULL,,Y,37.48196,-82.53281,N,NULL,NULL,NULL,NULL,NULL,NULL,NULL,NULL,5,97,1,6,1,1,2,2,1,3,N,NULL,Y,N,1025,1041,1042,N,NULL,90,,,N,,N,N,098-CS-1222-0,NULL,NULL,2023,O,7.29E+11,098-CS-1222  -000,HIGH,098-CS-1222  -000,1.681,0,0,1,0,0,0,0,0,0,0,0,0,0,1
7667,72861120,KSP0900,23-41252,20230202,445,,LICK FORK,,RD,,,0,098 CR-1946,CR1946,N,N,NULL,NULL,NULL,N,NULL,NULL,NULL,NULL,NULL,NULL,0.894,NULL,NULL,NULL,NULL,,NULL,0,0,1,1,N,N,35,NULL,98,9809,NULL,,Y,37.25876,-82.60257,N,NULL,NULL,NULL,NULL,NULL,NULL,NULL,NULL,9,4,1,3,1,4,9,6,6,3,N,NULL,Y,N,445,459,445,N,NULL,51,,,N,,N,N,098-CR-1946-0,NULL,NULL,2023,O,7.29E+11,098-CR-1946  -000,HIGH,098-CR-1946  -000,0.889,0,0,0,0,0,0,1,0,0,0,0,1,0,0
7668,72924243,KSP0900,23-313220,20230704,1245,,KY1056,,,KY1056,KY1056,0,098 KY-1056,KY1056,Y,N,NULL,NULL,NULL,N,NULL,NULL,NULL,NULL,NULL,NULL,11.544,NULL,NULL,NULL,NULL,,NULL,0,0,2,2,N,N,35,NULL,98,9863,NULL,,Y,37.62004,-82.16768,N,NULL,NULL,NULL,NULL,NULL,NULL,NULL,NULL,3,97,2,6,1,1,2,2,7,3,N,NULL,Y,N,1240,1315,1330,N,NULL,90,7,0,N,,N,N,098-KY-1056-0,NULL,NULL,2023,O,7.29E+11,098-KY-1056  -000,HIGH,098-KY-1056  -000,11.586,0,0,0,0,0,0,1,0,0,0,0,0,0,0
7669,72991855,KSP0900,23-500021,20231223,631,,KY194,,,KY0194,KY0194,0,098 KY-194,KY0194,N,N,NULL,NULL,NULL,N,NULL,NULL,NULL,NULL,NULL,NULL,26.029,NULL,NULL,NULL,NULL,,NULL,0,0,1,1,N,N,55,NULL,98,9817,NULL,,Y,37.50317,-82.35812,N,NULL,NULL,NULL,NULL,NULL,NULL,NULL,NULL,9,3,2,3,1,1,2,6,7,3,N,NULL,Y,N,631,725,725,N,NULL,38,6,0,N,,N,N,098-KY-0194-0,NULL,NULL,2023,O,7.30E+11,098-KY-0194  -000,HIGH,098-KY-0194  -000,26.023,0,0,0,0,0,0,0,0,0,0,0,0,0,0
7670,72890373,980100,2.02E+11,20230410,1211,,POPLAR,,ST,,,0,098 CS-1160,CS1160,N,N,NULL,NULL,NULL,N,NULL,NULL,NULL,NULL,NULL,NULL,0.116,NULL,NULL,NULL,NULL,,NULL,0,0,2,2,N,N,15,NULL,98,9801,NULL,,Y,37.48021,-82.52203,N,NULL,NULL,NULL,NULL,NULL,NULL,NULL,NULL,7,3,1,6,1,1,2,2,6,3,N,NULL,Y,N,1211,1215,1257,N,NULL,54,,,N,,N,N,098-CS-1160-0,NULL,NULL,2023,O,7.29E+11,098-CS-1160  -000,HIGH,098-CS-1160  -000,0.117,0,1,0,0,0,0,0,0,0,0,0,1,0,1
7671,72905799,KSP0900,23-183972,20230515,730,,KY1426 TURN LANE,,,KY1426,KY1426,0,098 KY-1426-23,KY1426,N,N,NULL,NULL,NULL,N,NULL,NULL,NULL,NULL,NULL,NULL,0.095,NULL,NULL,NULL,NULL,,NULL,0,0,2,2,N,N,55,NULL,98,9820,NULL,,Y,37.58038,-82.4109,N,NULL,NULL,NULL,NULL,NULL,NULL,NULL,NULL,8,3,2,1,1,1,3,2,7,3,N,NULL,Y,N,737,800,730,N,NULL,53,8,0,N,,N,N,098-KY-1426-23,NULL,NULL,2023,O,7.29E+11,098-KY-1426  -023,HIGH,098-KY-1426  -023,0,0,0,0,0,0,0,1,1,0,0,0,1,0,0
7672,72931405,980500,2023AR036,20230807,1752,,US23,,,US0023,US0023,0,098 US-23-10,US0023,N,Y,POWER,,DR,N,NULL,NULL,NULL,NULL,NULL,NULL,28.059,NULL,NULL,NULL,NULL,,NULL,0,0,2,2,N,N,45,NULL,98,9807,NULL,,Y,37.51521,-82.5594,N,NULL,NULL,NULL,NULL,NULL,NULL,NULL,NULL,5,3,4,6,1,5,2,2,1,3,Y,NULL,Y,Y,1752,1754,1830,N,NULL,35,,1,Y,,N,Y,098-US-0023-10,NULL,NULL,2023,O,7.29E+11,098-US-0023  -010,HIGH,098-US-0023  -000,28.056,0,0,0,1,0,0,1,0,1,1,1,0,0,0
7673,72861601,KSP0900,23-42921,20230203,1232,,DOUGLAS,,PARK,,,0,098 CR-1704,CR1704,Y,N,NULL,NULL,NULL,N,NULL,NULL,NULL,NULL,NULL,NULL,0.397,NULL,NULL,NULL,NULL,,NULL,0,0,2,2,N,N,5,NULL,98,9801,NULL,,Y,37.38152,-82.53539,N,NULL,NULL,NULL,NULL,NULL,NULL,NULL,NULL,2,97,,6,1,1,2,2,1,3,N,NULL,Y,N,1235,1255,1255,N,NULL,90,,,N,,N,N,098-CR-1704-0,NULL,NULL,2023,O,7.29E+11,098-CR-1704  -000,HIGH,098-CR-1704  -000,0.397,0,0,0,0,0,0,1,0,0,0,0,0,0,0
7674,72919101,980100,2.02E+11,20230706,749,,JUSTICE WAY,,RD,,,0,098 CS-1215,CS1215,Y,N,NULL,NULL,NULL,N,NULL,NULL,NULL,NULL,NULL,NULL,,NULL,NULL,NULL,NULL,NULL,NULL,0,0,2,2,N,N,,NULL,98,9801,NULL,,Y,37.50715,-82.54703,N,NULL,NULL,NULL,NULL,NULL,NULL,NULL,NULL,1,97,1,6,1,1,2,2,1,3,N,NULL,Y,N,749,802,802,N,NULL,90,,,N,,N,N,098-CS-1215-0,NULL,NULL,2023,O,7.29E+11,098-CS-1215  -000,HIGH,098-CS-1215  -000,0.309,0,0,0,0,0,0,0,0,0,0,0,0,0,1
7675,72928368,980200,980200,20230606,1800,,US460,,,US0460,US0460,0,098 US-460,US0460,N,N,NULL,NULL,NULL,N,NULL,NULL,NULL,NULL,NULL,NULL,12.58,NULL,NULL,NULL,NULL,,NULL,1,0,1,1,N,N,55,NULL,98,9802,5,NW,N,37.34211,-82.39435,N,NULL,NULL,NULL,NULL,NULL,NULL,NULL,NULL,9,5,2,6,1,1,2,2,1,3,Y,NULL,Y,Y,1620,1628,1730,N,NULL,44,,1,N,,N,N,098-US-0460-0,NULL,NULL,2023,A,7.29E+11,098-US-0460  -000,HIGH,098-US-0460  -000,12.581,0,0,0,0,0,0,1,0,0,0,0,1,0,0
7676,72959310,KSP0900,23-424956,20231015,1118,,KY611,,,KY0611,KY0611,,,,N,N,NULL,NULL,NULL,N,NULL,NULL,NULL,NULL,NULL,NULL,5.825,NULL,NULL,NULL,NULL,,NULL,0,0,2,2,N,N,55,NULL,98,9801,NULL,,Y,37.31517,-82.54621,N,NULL,NULL,NULL,NULL,NULL,NULL,NULL,NULL,1,3,2,1,1,5,3,2,7,3,N,NULL,Y,N,1118,1119,1130,N,NULL,55,8,0,N,,N,N,,NULL,NULL,2023,O,7.30E+11,098-KY-0611  -000,MEDIUM,098-KY-0611  -000,5.826,0,0,0,1,0,0,0,0,0,0,0,0,0,0
7677,72922333,980100,2.02E+11,20230710,857,,PIKE,,ST,,,0,098 CS-1113,CS1113,N,N,NULL,NULL,NULL,N,NULL,NULL,NULL,NULL,NULL,NULL,0.138,NULL,NULL,NULL,NULL,,NULL,0,0,2,2,N,Y,15,NULL,98,9801,NULL,,Y,37.48085,-82.51767,N,NULL,NULL,NULL,NULL,NULL,NULL,NULL,NULL,1,3,2,6,1,1,2,2,3,3,N,NULL,Y,N,857,859,920,N,NULL,55,,,N,,N,N,098-CS-1113-0,NULL,NULL,2023,O,7.29E+11,098-CS-1113  -000,HIGH,098-CS-1113  -000,0.138,0,0,0,1,0,0,1,1,0,0,0,0,0,1
7678,72907109,KSP0900,23-209572,20230602,1745,,US119,,,US0119,US0119,0,098 US-119,US0119,N,N,NULL,NULL,NULL,N,NULL,NULL,NULL,NULL,NULL,NULL,22.648,NULL,NULL,NULL,NULL,,NULL,1,0,2,2,N,N,55,NULL,98,9836,NULL,,Y,37.64021,-82.25944,N,NULL,NULL,NULL,NULL,NULL,NULL,NULL,NULL,5,3,2,6,1,1,2,2,7,3,Y,NULL,N,Y,1720,1720,1830,N,NULL,49,2,1,N,,N,N,098-US-0119-0,NULL,NULL,2023,C,7.29E+11,098-US-0119  -000,HIGH,098-US-0119  -000,22.651,0,0,1,0,0,0,0,0,0,0,0,0,0,0
7679,72969367,980100,2.02E+11,20231101,1542,,US23,,,US0023,US0023,0,098 US-23,US0023,N,N,NULL,NULL,NULL,N,NULL,NULL,NULL,NULL,NULL,NULL,21.54,NULL,NULL,NULL,NULL,,NULL,0,0,2,2,N,N,55,NULL,98,9801,NULL,,Y,37.45229,-82.52299,N,NULL,NULL,NULL,NULL,NULL,NULL,NULL,NULL,5,3,4,6,1,1,2,2,1,3,N,NULL,Y,Y,1542,1547,1547,N,NULL,49,,1,N,,N,N,098-US-0023-0,NULL,NULL,2023,O,7.30E+11,098-US-0023  -000,HIGH,098-US-0023  -000,21.474,0,0,0,1,0,0,1,0,0,0,0,0,0,1
7680,72839148,KSP0900,22-467340,20221207,1524,,DORTON-JENKINS,,HWY,KY0805,KY0805,0,098 KY-805,KY0805,N,N,NULL,NULL,NULL,N,NULL,NULL,NULL,NULL,NULL,NULL,2.827,NULL,NULL,NULL,NULL,,NULL,1,0,1,1,N,N,35,NULL,98,9809,NULL,,Y,37.22988,-82.56699,N,NULL,NULL,NULL,NULL,NULL,NULL,NULL,NULL,9,3,2,6,1,5,6,2,7,3,Y,NULL,Y,Y,1524,1544,1620,N,NULL,44,7,0,N,,N,N,098-KY-0805-0,NULL,NULL,2022,A,7.28E+11,098-KY-0805  -000,HIGH,098-KY-0805  -000,2.827,0,0,0,0,0,0,0,0,0,0,0,1,0,0